order_id,restaurant_id,order_date,items_count,total_price_usd,payment_type,status
f8939cfa-2e0c-4ddc-9f16-3fe4c6d492a9,7a18d550-38d0-40b2-84a7-547162e7e409,2024-05-27T10:16,2,25.88,Card,Cancelled
d6dc99a6-4d9d-4f53-adc0-a946bbcd39a3,9305d562-2505-493d-8ed8-3fb721c8f491,2024-10-01T10:16,1,29.03,Card,Cancelled
59787b06-8ffa-4b7e-8905-d423da284f5e,2a109685-1399-4149-8951-fba29bb0360d,2025-09-20T10:16,1,20.99,Online,Cancelled
0239995a-080a-49e0-8bc1-e4b67f39226d,8250871a-2b35-424e-a1a1-4eb4faffabfb,2024-07-13T10:16,5,121.90,Card,Pending
b7edcd9d-86c5-47be-acc5-d5f0b237a169,25659c0e-6eb5-4c57-add8-fb6ac5f42699,2025-10-09T10:16,2,30.48,Card,Pending
14d1b10d-689e-4876-ab86-9ca464b9bcf5,d5cfb1a3-ce2f-4aff-ab4c-50e0c5426af1,2025-02-09T10:16,1,16.27,Card,Cancelled
3e092dac-f3dc-413e-9b3d-22e113c9fd52,77ca464a-fe0d-4dcc-8f08-3eb2f7b64f76,2024-06-19T10:16,8,217.28,Online,Completed
4d891a0f-cafc-45bd-883d-3760f2c035c0,59827b2a-ae17-44b1-bd6f-6f08718559cb,2025-02-26T10:16,7,144.69,Card,Pending
3e05b935-d6c4-44da-956f-f4ab50e79e33,a302a1a8-c429-406f-abff-9f273aa0a4b5,2025-09-18T10:16,8,238.88,Online,Pending
2748b5dd-0a5f-415f-9511-d505cc8aeac6,b6c26110-1b77-4777-8c79-c69ec19b66df,2024-03-11T10:16,1,21.12,Online,Pending
7b66b06e-0cbb-4160-850e-a8ce82dca306,c3ffc43c-0c11-40fa-9824-f234161741d0,2025-10-23T10:16,6,102.12,Cash,Cancelled
3f510859-03c1-4035-8471-4e3db59ad920,0df3bae1-6384-4856-aa27-aef9f6c48b75,2025-06-22T10:16,8,193.68,Online,Cancelled
69d1b745-1c1a-4bc4-8785-2e3c1de166df,7d2df59f-386d-4aec-85a8-2443262a0cb4,2024-11-18T10:16,5,135.15,Card,Completed
5ca5b7f1-97f3-4ee5-bb05-0839c5039310,6f61ca8e-51a1-48e0-abfa-88326e713e34,2025-06-23T10:16,3,53.79,Online,Cancelled
573f1082-dedc-47d2-a041-52e8a06b344c,8f7f530b-bb30-4a05-b437-744ed30af54f,2024-06-29T10:16,8,106.96,Card,Cancelled
8b45c7e3-8100-48f6-a087-9b5bde22f1fa,caad7924-4bc5-4f85-9662-11ca261e3c87,2024-05-24T10:16,9,268.20,Card,Cancelled
20c76ac5-7375-4e8c-89d1-90b93504fda1,0a5a9fc7-e126-48f0-99aa-dea85c606f66,2025-04-14T10:16,9,142.83,Cash,Cancelled
9f0360e6-ec5d-43e4-baf1-058f5b15fba8,0a15d43b-8f6b-444a-bef2-ffbddfdbd16f,2024-05-25T10:16,6,89.88,Cash,Pending
3c088179-81e7-45d5-8fd5-3bbeba71a3f2,6f61ca8e-51a1-48e0-abfa-88326e713e34,2025-04-24T10:16,3,47.91,Online,Completed
396b3e74-cf41-44b9-9047-054fc2d0408a,953417c6-cd52-45e9-9ca0-bb450653c934,2024-04-21T10:16,5,62.50,Cash,Completed
77f7080a-ded5-4517-989e-59059e584a7b,b95f7619-fab2-4df9-8683-1f2aeb93a660,2024-06-27T10:16,2,53.30,Online,Pending
f303aaaa-f2c6-453d-8656-b8023e404695,365c90d0-a590-4209-9401-2ce55af5ed98,2024-09-01T10:16,1,18.95,Card,Pending
113cacb9-de75-4e72-a1c7-b0bf22bbc1ff,73a2b03c-2dca-486e-8ebc-c4d6bb68a8c6,2024-06-21T10:16,5,74.90,Card,Cancelled
44953bc2-98b4-415c-8296-cf9370f817b6,36b880b0-e9bd-4c0b-8f1c-32018f6c758a,2025-02-08T10:16,1,24.89,Online,Pending
ee0fa6e6-18cc-45ec-930e-e2054659b57f,726d71e2-70fd-4416-8568-78619c14a73a,2024-11-05T10:16,8,227.68,Card,Cancelled
4909d93f-86bc-4b45-a230-be59739eafdb,401a6911-a31e-4892-adc1-56e3e1eb090a,2025-02-07T10:16,9,66.60,Cash,Cancelled
72c2fb0e-6936-43fe-b32b-d90977588115,25659c0e-6eb5-4c57-add8-fb6ac5f42699,2024-03-20T10:16,2,45.30,Card,Cancelled
1ce420a0-23ca-4218-ae27-3d54fb35b4f0,99c406e7-092b-4eeb-bc08-56fc041c253d,2024-07-21T10:16,1,24.28,Online,Completed
f99f6e57-7f53-4a7f-8608-864c5fa8ccbf,3ab3404a-ee80-4ed2-8d90-a6f0dad14e48,2024-05-20T10:16,4,71.20,Online,Pending
c3ab4270-8686-4ad5-b7a0-4cc0a207ccf5,fbe227d7-6d32-4407-9783-7fdac983e55f,2025-07-12T10:16,7,171.22,Online,Completed
9169a4cf-f837-4a25-8846-7e2de92edaea,941529ef-2114-4bff-907a-4596ff4593a1,2023-12-07T10:16,3,16.83,Cash,Completed
67b6641d-78c0-4e39-9e18-528806fb0aed,73a2b03c-2dca-486e-8ebc-c4d6bb68a8c6,2025-08-13T10:16,1,12.69,Cash,Pending
e5730f1a-2263-44cc-b0bb-6d477edf3f6e,0fcf4084-ea31-49f8-99f9-9bf8c8b0c16b,2025-04-09T10:16,9,217.80,Card,Pending
43cc60f1-2455-420c-a6df-cc28a5de75c1,6bd388d4-5636-450b-bacd-55bdcb769bab,2023-12-24T10:16,9,153.72,Card,Cancelled
bb206544-814a-4a98-a568-f63369bec664,8113211c-bdc3-4bb0-94d9-3fd3871f3005,2024-04-04T10:16,4,87.00,Cash,Completed
adc266db-c70c-4d34-bcf9-6fd2fdb59b38,e6cb1215-5314-4d05-bfd1-f6e5d36e89f7,2024-02-13T10:16,4,65.84,Online,Completed
39502952-46f3-4eb6-9c97-9a50b2236164,80537cf2-360f-4740-8b7e-d4cd56e22987,2025-10-20T10:16,3,33.12,Online,Cancelled
4c69ef09-cd33-42fc-ae98-2de523ab211c,0a15d43b-8f6b-444a-bef2-ffbddfdbd16f,2024-08-20T10:16,3,32.52,Cash,Cancelled
1d4f3c69-fceb-49a0-87f5-6d8a8c9e076f,a5ffc907-be77-43e6-8694-4a0bf09bd3fb,2025-05-27T10:16,3,15.48,Card,Cancelled
0d809add-6017-44a5-9fac-c635effd1764,1a48aa9a-def3-481d-922a-94300aa97309,2024-05-24T10:16,2,42.26,Cash,Pending
2fd761ce-ed9f-411c-aafd-8c6d1f18344a,1407e9cf-22c9-4137-a2fe-cc12dc038235,2024-12-08T10:16,3,72.72,Card,Cancelled
39a46efa-40ff-403a-a20b-73f0b65a317c,b6c26110-1b77-4777-8c79-c69ec19b66df,2024-12-09T10:16,7,204.89,Online,Pending
fb3d86d2-ea75-4425-8dc9-0187d1594c5d,6c6a3b10-9747-4dca-a041-4edc22d147b0,2024-11-29T10:16,5,74.20,Card,Pending
2371bb9b-b776-4188-9686-db47c45dd921,b6c26110-1b77-4777-8c79-c69ec19b66df,2024-02-11T10:16,8,181.60,Card,Pending
22f42213-b654-447d-91cd-4cd29fc7bac4,0130fcd4-a6cf-4a72-8400-7bcae1abce34,2024-07-29T10:16,2,21.24,Card,Cancelled
498cc9bf-1d9c-4679-aaf9-b784ca6ff02b,e38afcd9-9e08-47ba-bc92-5ebb4bc271eb,2025-04-05T10:16,8,164.96,Online,Completed
c06b3a1c-8b00-41b2-981d-d04cf28638f8,2ca088cd-c6c6-4e60-a1a4-d2990ee21b12,2024-08-17T10:16,9,134.37,Card,Cancelled
910dd222-22e8-4b46-a39d-d100d69f4e33,6c6a3b10-9747-4dca-a041-4edc22d147b0,2025-10-19T10:16,5,115.15,Cash,Completed
023a94c6-312b-474e-b1b0-4ae6f61b17ae,89d26a00-0fde-4c03-8430-b06f6bc3f33a,2025-03-08T10:16,9,64.98,Card,Pending
f01c2d8e-1c66-4d35-a101-7db789859c7c,795088d7-d227-422e-ad8c-f048bde0675e,2024-12-29T10:16,1,19.23,Cash,Cancelled
02443c00-d6df-4d6f-9630-9cfecc5216f8,bb6ceda0-3f7a-4dfa-9862-41a88dd468b2,2025-06-02T10:16,8,235.36,Card,Pending
31ef094d-75c4-49ee-b351-5a6088c83e84,1a48aa9a-def3-481d-922a-94300aa97309,2025-03-04T10:16,7,56.56,Online,Cancelled
7de6ecdf-1fbf-4017-b488-cdf977b6191c,885715b6-b1eb-44ca-8460-28c0343e56f3,2025-07-27T10:16,8,236.72,Card,Cancelled
be9d0aef-b768-45e4-9d21-208b94664438,8b546c63-5406-493d-bc69-cfb594b38267,2025-11-04T10:16,3,32.40,Online,Cancelled
ae60eb40-965e-423e-98fd-25c7dbbfcfc6,983d66ae-c8b0-46b8-8abc-26a1055cf729,2024-10-26T10:16,9,220.77,Cash,Cancelled
13fd454f-164f-4338-b94b-54249ad084b0,cd50913f-8c99-4253-9134-0cf5fe5f300f,2024-03-15T10:16,2,35.44,Card,Completed
a455f6e7-0e03-4f9b-8e51-8b31b7f7e3a6,ada8704c-2784-4d70-84da-10078407d2c8,2024-11-16T10:16,2,45.02,Online,Completed
1cfbc3b0-a0bc-46f2-bfb9-dd08007d80c7,52fbb114-83aa-432d-b2f1-f3e37a5c4754,2024-04-25T10:16,1,20.30,Card,Completed
9eb8f550-d61a-415f-8f6d-de8dfde07af6,2ca088cd-c6c6-4e60-a1a4-d2990ee21b12,2025-03-05T10:16,1,12.15,Online,Pending
e763db5c-8d3a-4c6e-a7cc-1dfc1151daae,56a75a3e-a944-4147-8cba-f1024726993f,2024-09-22T10:16,5,139.95,Cash,Completed
8e0ede04-d0b1-4484-af81-0824b03bb6b0,6117b6f0-c4f4-4bf1-9eeb-f33950decba8,2025-03-25T10:16,4,103.04,Online,Cancelled
697ce787-25d6-4c29-872f-5de7d934e3c1,14eace30-1ac2-411e-8eef-98e8f32a87fb,2025-04-25T10:16,2,31.84,Online,Pending
3b6e2e62-c3e1-41f9-84e3-aaac7b26f755,1eeb9c5f-5b7a-47af-b4f1-5a50d9d1089c,2025-03-19T10:16,5,76.70,Online,Pending
e4037667-ad09-4366-9ada-788f658f0b84,058b9c75-b72f-4594-80d2-e41194ff7672,2025-02-06T10:16,4,47.04,Online,Pending
db60ecbf-730b-4510-934a-3415fce182c8,e85d0261-2d97-4475-a749-363ec9040a74,2025-08-14T10:16,2,17.60,Card,Pending
5e4331fe-8880-4c51-8e12-337898f20311,aac35608-9499-49c5-811a-a059e773c968,2025-10-18T10:16,9,67.77,Card,Completed
c3e4a025-339c-4cdb-b4b9-05449f50f7f7,401a6911-a31e-4892-adc1-56e3e1eb090a,2025-03-20T10:16,9,123.39,Online,Pending
0ee3495e-fc7c-4966-a212-950e4d564369,3e97fc93-73a7-45e0-9888-f7a03ee258a7,2024-08-11T10:16,2,31.84,Cash,Completed
eb764a4d-dd29-4b96-8341-54905c940167,c5817fdc-a4dc-4879-b957-30cfda62016b,2025-08-27T10:16,6,117.72,Card,Cancelled
a6e21568-224f-49a2-9977-f27cb82fc816,36b880b0-e9bd-4c0b-8f1c-32018f6c758a,2023-12-26T10:16,2,47.02,Card,Cancelled
4a59b82a-144f-4457-846e-5de3ba918856,058b9c75-b72f-4594-80d2-e41194ff7672,2024-05-04T10:16,4,42.04,Online,Cancelled
309d0ddb-5355-4052-8397-2871ea040fe2,2a109685-1399-4149-8951-fba29bb0360d,2025-07-27T10:16,1,6.30,Online,Pending
9b5aa136-f78a-4ea6-8ca1-b809dd4eed0f,e85d0261-2d97-4475-a749-363ec9040a74,2025-08-19T10:16,6,174.30,Cash,Cancelled
444252e6-1801-4e12-9fd4-c6d24e8ad20f,e277d099-db2a-4aee-ab86-8b0e73a34383,2024-06-16T10:16,1,16.03,Card,Completed
48595548-4170-4553-8c91-20d7428e1d9e,0e0d5f13-edd5-4ab0-9ddd-3df111bedc5a,2024-05-07T10:16,3,22.77,Online,Cancelled
6080bc0a-7594-4a4d-98c4-4d78763f9d6f,25659c0e-6eb5-4c57-add8-fb6ac5f42699,2024-01-29T10:16,2,37.50,Card,Pending
8056b5dc-b464-4c3c-8623-5f7a0f096435,0fcf4084-ea31-49f8-99f9-9bf8c8b0c16b,2024-04-03T10:16,3,58.89,Cash,Completed
965cd474-774b-4a35-8259-9c4f81443782,74e76582-f1b8-4560-b049-8aebb59d4721,2025-05-20T10:16,3,78.06,Online,Pending
b202a826-316b-40d8-b2dd-73625f63375f,4e44f26d-5455-405b-8fdb-63ab8b739ecf,2024-03-05T10:16,5,113.00,Card,Pending
36364319-9442-43be-8fef-d7a2d5a83f4e,ba5d9947-b043-4aca-8ee0-6b77895cf8e8,2025-07-25T10:16,8,216.32,Card,Completed
92fa4880-6510-4967-b8d5-45e11cfa2cb3,6c6a3b10-9747-4dca-a041-4edc22d147b0,2025-02-09T10:16,2,34.50,Card,Cancelled
d94f7596-8f13-47f9-b6ce-4b9f76c21eed,000f9c8f-2fc7-4346-844d-c04f10751265,2025-06-08T10:16,8,236.56,Online,Pending
634b3dae-94f3-4a86-9350-1d5c87253c98,e38afcd9-9e08-47ba-bc92-5ebb4bc271eb,2025-03-09T10:16,3,31.02,Card,Completed
066ca6c4-766e-45b0-a20d-23c1bbdf91da,6c3bf618-a715-40f9-9faa-cfc5f5beef2f,2025-09-16T10:16,4,66.28,Cash,Completed
ab8255b5-dfcd-4803-94ba-a8dae9580372,ceafdb2a-788d-48e0-acdd-bd533a2e7ab6,2025-09-22T10:16,7,115.08,Online,Cancelled
9da654e7-7381-45c1-8cf2-d0f13124e61c,6b1178fc-1745-401d-88da-3903c243ebe9,2023-12-24T10:16,9,94.50,Online,Cancelled
2827810b-1aeb-4a38-930f-2ea5fced8419,4bb2d776-14c0-4ef6-b8ba-c580cbed72b8,2025-10-02T10:16,1,29.96,Online,Completed
8d3a8933-c210-4654-a9e7-8a29c1531279,d87f31d7-79ef-4c17-856e-142e791b04da,2025-06-12T10:16,2,44.48,Card,Pending
fac3a599-0f86-4a1c-89dd-acc0640b8548,e886c155-0dae-4b36-88f5-a86fa474d1f6,2023-11-23T10:16,8,205.52,Cash,Pending
415c2ffc-409d-40a3-a247-4c422206dc95,e6e1db85-f8ba-4264-9c9a-520ecda4bc4c,2025-07-19T10:16,5,45.55,Online,Completed
49a5a65c-dca5-4b38-8fd8-755fbd43645b,1407e9cf-22c9-4137-a2fe-cc12dc038235,2023-12-03T10:16,7,72.10,Card,Completed
30946276-69c0-44fb-b62c-6709df50e6eb,6f61ca8e-51a1-48e0-abfa-88326e713e34,2025-09-24T10:16,6,40.32,Online,Completed
d4022243-0e27-4406-8f89-7a40c63f1ae1,7509850a-5062-4da9-aad6-bc5b9e363ef1,2025-05-12T10:16,7,96.53,Cash,Pending
6cd22b97-8bd9-4fb1-a2f4-7d337685e304,f6c35464-33dd-44a7-bf84-071f2e427045,2023-12-02T10:16,9,223.92,Cash,Cancelled
2baf464b-45fe-4936-b53d-1d8b350d4386,c46351bf-193f-49af-a5d6-456188837c3d,2025-06-20T10:16,6,112.56,Card,Cancelled
ea0cda55-736d-41fd-947b-31f3c27e5b3c,4e6807ca-aed8-4ec9-b1b0-0e3aba57efb1,2024-06-08T10:16,7,43.12,Card,Cancelled
67887828-8650-42ad-9f21-5ebbdc34afcb,3e97fc93-73a7-45e0-9888-f7a03ee258a7,2025-10-30T10:16,5,64.30,Cash,Pending
d8854540-75a7-4a4b-a3c5-64ddb16bd1a4,2a109685-1399-4149-8951-fba29bb0360d,2025-07-29T10:16,1,8.03,Cash,Completed
20fce68e-d6e7-4406-bcfc-3ed955c2dbd3,21edfc22-3f73-4335-a774-3cf78ab65e86,2024-11-26T10:16,4,66.64,Cash,Completed
4f14ad0d-4ee7-48d6-a10b-20c259fd9f91,52fbb114-83aa-432d-b2f1-f3e37a5c4754,2024-06-28T10:16,9,212.13,Online,Pending
b58b9e7f-5a1f-49bd-a767-a4be50980ee9,a302a1a8-c429-406f-abff-9f273aa0a4b5,2025-10-20T10:16,1,17.19,Card,Pending
ef2af855-7880-4fe7-897e-c41b89de51d1,0a5bd884-b432-4ce5-b14e-44b4aedd4c0f,2024-10-22T10:16,4,70.48,Online,Completed
e32a9c90-300e-4aec-9fbe-6214242b361f,885715b6-b1eb-44ca-8460-28c0343e56f3,2024-09-01T10:16,5,61.15,Online,Completed
62efb01d-527e-4189-ad74-0586f5303b42,8250871a-2b35-424e-a1a1-4eb4faffabfb,2024-10-17T10:16,6,80.28,Card,Cancelled
be73dfdf-896c-42ca-a5a8-22255117ac76,3ab3404a-ee80-4ed2-8d90-a6f0dad14e48,2023-11-24T10:16,3,67.95,Online,Completed
48ab9e83-ca99-40c9-a773-cba7d4b48932,e85d0261-2d97-4475-a749-363ec9040a74,2025-08-14T10:16,7,113.19,Cash,Pending
b23dcf50-991c-438a-98f2-fafbb99b76f5,401a6911-a31e-4892-adc1-56e3e1eb090a,2024-11-15T10:16,5,50.00,Card,Cancelled
f9498d09-8b15-4228-beee-1003251beadd,06e585f0-5b60-4900-81d1-3379328e6c17,2025-04-28T10:16,8,52.08,Card,Cancelled
bd24ad26-b1b3-4ad0-bb2f-e189613528c0,4e44f26d-5455-405b-8fdb-63ab8b739ecf,2025-11-03T10:16,9,226.17,Cash,Pending
259b02fd-2d54-401f-8793-6f477e8b13bd,3dcaabe3-78c9-4d88-bed5-56ca7ceea07c,2025-05-04T10:16,7,79.03,Card,Pending
f89802c8-a35c-4b5a-90e3-7ca1a5f0b628,ceafdb2a-788d-48e0-acdd-bd533a2e7ab6,2025-02-28T10:16,8,153.76,Cash,Cancelled
e9756f1f-f217-49d0-b508-3e31679d484a,3dcaabe3-78c9-4d88-bed5-56ca7ceea07c,2024-08-19T10:16,4,118.36,Cash,Cancelled
cc268a2d-d57c-42a0-bd8a-09d8ff56204c,2a109685-1399-4149-8951-fba29bb0360d,2024-01-23T10:16,9,217.44,Card,Cancelled
f3d01026-42c3-49d6-96f4-46480cb0d3cf,401a6911-a31e-4892-adc1-56e3e1eb090a,2024-12-13T10:16,4,50.40,Card,Pending
8809a353-a65d-466c-93ce-aec28071b8fc,e7991221-0de0-4ef8-aa9c-ca3b59197059,2025-05-31T10:16,1,9.79,Cash,Completed
0bf98f4e-ae03-4be0-8451-0a5bff7c3af4,a938df5f-7764-459c-8bfd-90409d16b3c6,2025-05-24T10:16,7,132.86,Cash,Cancelled
caa84347-fe3e-4297-8a1e-4c4b30c5d65a,39cb44e2-a541-4b98-bc0b-db5f31cf8710,2024-08-01T10:16,5,63.55,Online,Pending
a08c3637-a421-45d0-a349-c6825bc6e6ac,b04ce307-2d1f-4214-b023-d8f4379041a1,2025-02-20T10:16,3,42.39,Card,Completed
c7a964c8-d174-43bb-a6be-7228a3b44953,62a2bfef-ca4a-4dec-90ea-bf15ea1880d2,2024-09-02T10:16,6,140.22,Online,Pending
8f6aad2f-c989-4fc7-9c61-1971c25b4e57,93cdeef1-3fc3-4a63-a275-0ae87ae6b335,2024-07-05T10:16,6,157.38,Cash,Pending
2218e8ca-204d-4ce7-b39a-84720f3dcfad,1eeb9c5f-5b7a-47af-b4f1-5a50d9d1089c,2024-12-29T10:16,4,36.48,Online,Completed
f82a6bb7-595c-4a85-a7a1-924bf3f2a1bc,ef7fad1f-a86f-4ee1-95b4-ce1f339f0fa5,2024-02-19T10:16,4,54.00,Card,Completed
e4c09201-e50d-4824-9420-86019ba10f5a,92da274a-bea2-490a-bb52-196c46fa8487,2023-12-25T10:16,2,47.48,Cash,Pending
5f340bdd-0ee1-4607-9507-a05fc6ab6623,5eb75bc0-d5fa-4209-9d42-7767f3f0585b,2025-05-11T10:16,3,32.16,Cash,Pending
15057872-6b48-4ecc-910e-101119d1b2c7,e277d099-db2a-4aee-ab86-8b0e73a34383,2025-11-07T10:16,4,55.12,Card,Completed
8e696937-2cde-4b82-badb-9b8acb66b31e,3ab3404a-ee80-4ed2-8d90-a6f0dad14e48,2024-03-10T10:16,1,23.55,Online,Cancelled
b9a491ab-7f06-4203-b606-08da3b644d79,60cd80b6-3967-4dae-b4df-adc7b5644971,2024-08-02T10:16,7,173.39,Cash,Completed
6cd3f151-0ae8-4419-8d86-9d3a9045429f,824998a2-7592-4051-ab0b-d5e12743c93b,2024-04-01T10:16,1,24.56,Online,Cancelled
b1e6e4fb-e874-4d8a-ba69-ee1a6a391e1a,fdb5454e-2230-489e-ade4-9218ff28cbd8,2025-02-15T10:16,2,59.50,Cash,Completed
253dfff4-3f6b-466c-8201-9fc230d5133c,7509850a-5062-4da9-aad6-bc5b9e363ef1,2024-08-26T10:16,8,201.44,Card,Pending
f5cbff3b-df41-49d9-a0a2-d2959b513651,e6cb1215-5314-4d05-bfd1-f6e5d36e89f7,2024-01-01T10:16,8,58.16,Cash,Cancelled
4c140ff9-c138-4eeb-8ee7-56b09ea6096a,c9dcc28a-ae5f-477c-ae7e-72d94129f449,2025-06-19T10:16,2,58.60,Cash,Pending
eda9daf7-1be5-4d0f-89c0-45aad9668d4c,f543de06-e341-4de2-95ab-ca0fd3ee51fe,2025-11-04T10:16,4,79.08,Online,Pending
ed2ed54d-ebf2-4825-9af1-1f1c08910c64,d5cfb1a3-ce2f-4aff-ab4c-50e0c5426af1,2024-07-26T10:16,9,47.16,Card,Completed
de3df6af-174e-4d63-bab0-c0a928ae606a,5f0f3def-9ff6-4282-ad04-001c4a769966,2024-11-26T10:16,5,72.05,Card,Cancelled
d22fd106-c0b1-45c9-8110-c081dca3de28,60cd80b6-3967-4dae-b4df-adc7b5644971,2025-06-28T10:16,2,50.68,Card,Completed
70cc04f7-e2a8-4fce-b119-659723bfc701,23650eb4-f98d-45a3-a90b-a378f03d469d,2025-07-11T10:16,6,178.26,Cash,Pending
184fc1c8-36e0-4aa6-ab73-c26366e2fdce,21edfc22-3f73-4335-a774-3cf78ab65e86,2024-10-28T10:16,4,118.48,Online,Cancelled
409df763-b743-4d1c-8629-3dc7cc8c18b5,1d32c3b3-c732-4995-aa6b-ff159deb3bdf,2025-07-01T10:16,6,96.00,Online,Completed
f4b8c00a-f98d-4110-96aa-454725e0f154,7d2df59f-386d-4aec-85a8-2443262a0cb4,2024-05-11T10:16,3,74.16,Card,Completed
a1b18a6e-6f32-4716-ae15-2a4f4477fc31,9b9edd1e-b4f7-414c-b8b5-a3dc51fa0a8c,2024-09-25T10:16,4,87.40,Online,Completed
c045d01f-3bc0-4a3b-8826-7d29bbd0e519,b047b369-02d0-4f25-9af0-f1e883228863,2025-06-13T10:16,9,151.02,Card,Pending
50e50702-cacd-4732-bb07-6d9127101192,f3826f04-0dfa-4266-8002-58fede0093f5,2024-08-17T10:16,7,51.38,Online,Cancelled
f4152ade-9738-44dc-9ae2-f1f09c2d2649,d7af10ce-45c9-4fc8-8dd8-b1c5491aad5f,2025-02-21T10:16,1,11.78,Card,Completed
848e6a55-6c8e-4023-91f1-eae068ce3f16,0a5bd884-b432-4ce5-b14e-44b4aedd4c0f,2025-06-14T10:16,4,96.08,Online,Completed
d1e4f478-64c6-4b8d-8d8b-7e2d46b98238,f90cf3ca-e2d0-4129-bc7a-e8a2b80880da,2025-04-23T10:16,5,73.45,Cash,Pending
d47947e1-f28a-4178-bbd9-5b61301a6fc7,795088d7-d227-422e-ad8c-f048bde0675e,2024-10-25T10:16,7,189.49,Cash,Completed
82f8bb45-ba13-4cbd-9c14-2ecf164f1234,39cb44e2-a541-4b98-bc0b-db5f31cf8710,2024-08-24T10:16,4,112.60,Card,Completed
90438e65-0456-4a0d-99ff-95b9e02d8ed8,69446e90-4237-4410-ab55-e011eb04cce0,2025-10-01T10:16,2,54.68,Card,Cancelled
bd805977-3610-449d-87f4-bb4bdb0d969f,c3ffc43c-0c11-40fa-9824-f234161741d0,2024-09-26T10:16,1,10.84,Online,Cancelled
61b69886-3481-4d13-8f8b-071d08dbb638,058b9c75-b72f-4594-80d2-e41194ff7672,2024-04-01T10:16,1,8.33,Card,Completed
c30df567-3654-4ce7-b24f-533ca8e2e201,fdb5454e-2230-489e-ade4-9218ff28cbd8,2024-07-20T10:16,9,156.33,Card,Completed
2969c1e1-d03f-4258-91ff-479ab87ab957,05ccd8a5-ea5f-4353-bd1e-3022152b0685,2025-10-07T10:16,9,185.04,Online,Completed
b178a9de-523b-4a08-82c9-de949ba4f277,0b2a0e9a-e050-4380-b607-57adcbbf59d4,2023-12-20T10:16,3,42.57,Cash,Cancelled
c1248125-8ace-4478-87e7-88274cb1eece,726d71e2-70fd-4416-8568-78619c14a73a,2024-10-22T10:16,7,99.40,Cash,Completed
5378a40d-9896-46eb-879f-79cd745578b5,a3f626b9-cc27-4c04-8570-be79ab8bda4a,2024-06-27T10:16,3,66.30,Cash,Completed
7024c39a-fa9c-4501-8991-6f17aed39542,8f7f530b-bb30-4a05-b437-744ed30af54f,2024-12-26T10:16,5,35.35,Cash,Pending
223c171c-71b2-4a91-bf10-e25c78f8d429,ef7fad1f-a86f-4ee1-95b4-ce1f339f0fa5,2024-07-30T10:16,8,192.48,Cash,Cancelled
889e623b-9a7c-4e53-8493-ed5e9af305e0,46032f36-69bc-465a-9b33-a5d560bfd77a,2025-09-07T10:16,4,37.76,Card,Cancelled
daa4cadc-5340-4b75-9040-564dab62e785,9b9edd1e-b4f7-414c-b8b5-a3dc51fa0a8c,2025-06-11T10:16,2,40.50,Card,Cancelled
4407e774-175d-4399-97bf-f1cd2bcb8410,a302a1a8-c429-406f-abff-9f273aa0a4b5,2025-09-07T10:16,8,170.08,Card,Cancelled
dfb00f08-1a1b-4b27-bde0-0fa5d007e529,b95f7619-fab2-4df9-8683-1f2aeb93a660,2023-12-06T10:16,8,152.00,Online,Cancelled
c4c5be8e-abbf-4638-be5c-0d5847dacafd,ff4db0d8-e809-46e8-9ae0-78ffee4902d9,2025-01-09T10:16,5,47.45,Cash,Cancelled
9eaa5105-fcea-45d0-a6c9-856b0428e25d,b03f75c1-655f-4480-a2bf-1a0af806e96e,2024-05-09T10:16,7,209.93,Card,Completed
de1b3223-34ac-46bd-92e9-e2ac3bd3157c,1eeb9c5f-5b7a-47af-b4f1-5a50d9d1089c,2025-02-06T10:16,1,26.52,Card,Pending
d039db28-a011-487b-8e78-b007b6b7839a,bc58b12c-65c4-4f21-89ef-3e492a22ef7c,2023-12-08T10:16,9,86.22,Online,Pending
2aef181a-bb0b-4905-ae2c-bd6094b4bead,bb6ceda0-3f7a-4dfa-9862-41a88dd468b2,2024-06-09T10:16,8,168.48,Cash,Pending
0f56326a-9210-4daf-967a-ded4b9d43025,9c53f3f8-5b22-4d77-bd76-cfa6c70e443c,2025-06-24T10:16,7,56.84,Cash,Cancelled
e3e8d856-021b-496f-ae17-305efeb64ad4,92da274a-bea2-490a-bb52-196c46fa8487,2024-12-22T10:16,3,60.96,Cash,Cancelled
221bf940-b149-4672-995b-67bd2772c7cf,3dcaabe3-78c9-4d88-bed5-56ca7ceea07c,2024-02-19T10:16,6,53.94,Online,Cancelled
2ba773f7-b070-4d47-bf65-482fbb151ca9,67c276b0-7be6-4f3c-bf86-c342095c8112,2024-04-05T10:16,6,138.54,Card,Completed
1000ebdb-7a48-4bbd-9124-ad9932bff7b2,2a109685-1399-4149-8951-fba29bb0360d,2023-12-03T10:16,2,25.74,Online,Cancelled
cd9bb0d8-016c-455a-853f-0595843d48d6,050d9901-1cb5-413a-9c31-282028f863c1,2025-11-09T10:16,9,61.83,Card,Completed
cd7a0ab5-682b-44c8-aae8-fc30637a54a7,bf0de251-90d7-423c-8b31-48df1a89964f,2025-08-13T10:16,8,228.64,Online,Cancelled
7f005407-d3c6-4f97-89ca-7c72df6f15d3,c5817fdc-a4dc-4879-b957-30cfda62016b,2025-11-10T10:16,5,92.75,Card,Pending
3f5177ba-168b-45a2-b3f7-9f6df85b5dc5,000f9c8f-2fc7-4346-844d-c04f10751265,2025-10-16T10:16,7,183.75,Cash,Pending
eca90bdb-d1d7-4ed7-ba7e-5403d5bdbe93,d6d4ef4b-0870-48aa-b884-013237f255f4,2024-02-13T10:16,1,28.87,Cash,Pending
1d7f377a-bab2-40ec-8271-2657d7bf53e6,6c6a3b10-9747-4dca-a041-4edc22d147b0,2023-12-30T10:16,3,38.85,Online,Completed
696ce2f6-e47b-42bd-8cdc-23bcf48b8908,5f0f3def-9ff6-4282-ad04-001c4a769966,2025-07-15T10:16,7,141.54,Card,Pending
88cf585e-3171-4c73-a338-9a19398cd6b0,050d9901-1cb5-413a-9c31-282028f863c1,2024-06-16T10:16,8,159.12,Card,Completed
4614ffb6-65b7-4608-a4cf-ca9c6df485ce,c83bba2f-5229-4998-9566-1f3179b13e8a,2025-01-28T10:16,4,101.44,Cash,Pending
083a855c-a01b-44ee-84d9-7759560855d1,0472ca7f-b133-4710-8f43-24a3c6c1afd1,2023-12-23T10:16,8,229.12,Online,Cancelled
b8d99134-a5c1-498d-bfa0-86c4afa461fe,60cd80b6-3967-4dae-b4df-adc7b5644971,2024-09-28T10:16,4,74.16,Online,Completed
6b0a1c01-e6aa-40f8-b10e-33ba1a526ef1,1a31c678-d420-495a-aff3-0f1609514e1e,2024-08-31T10:16,6,160.02,Card,Pending
9fcb7215-b7f8-4578-a092-ee22df1c13dd,1a48aa9a-def3-481d-922a-94300aa97309,2024-11-19T10:16,6,164.64,Online,Completed
bf878156-3ef2-43ba-80e9-a89c758fa548,ada8704c-2784-4d70-84da-10078407d2c8,2024-12-25T10:16,5,139.35,Card,Completed
b8232328-7ecc-45c4-a6ba-663a95bb60b9,7169ef0c-f2c8-4ae3-83f6-87691664d2d2,2024-04-07T10:16,3,68.01,Card,Cancelled
58732dd8-738a-4058-8055-596cc4767c41,401a6911-a31e-4892-adc1-56e3e1eb090a,2024-01-11T10:16,5,113.45,Cash,Completed
d95d3c6e-01d7-4c91-bb25-f904b92970ea,941529ef-2114-4bff-907a-4596ff4593a1,2024-04-08T10:16,2,49.04,Card,Completed
70f71c54-fce3-4725-85aa-25ba0a54197b,53db1213-7316-47bb-9099-c1def0e3c96b,2024-07-30T10:16,8,41.76,Card,Pending
380c7681-0121-4c92-8a97-1b5c20f25ee7,4717d2a3-4b2a-44f1-b960-a2b73e2d23fd,2024-01-07T10:16,7,61.88,Online,Pending
8c1753f1-76f7-4e43-9aa2-0afbc5f30e97,aac35608-9499-49c5-811a-a059e773c968,2024-01-12T10:16,3,87.06,Cash,Completed
4220263a-17f7-4226-8fa4-88eba6f1203e,4b14a58c-f1e4-40b6-888d-a88cd7055099,2024-09-23T10:16,9,241.02,Card,Cancelled
f532efb3-9a53-4859-9497-05d0f29a586f,4e44f26d-5455-405b-8fdb-63ab8b739ecf,2025-01-06T10:16,6,133.68,Online,Completed
4438c021-4921-4d20-80d8-87cefecc49bf,59827b2a-ae17-44b1-bd6f-6f08718559cb,2024-10-13T10:16,6,57.96,Card,Completed
0db6da9a-4672-4617-87d7-1743f7a88ceb,06e585f0-5b60-4900-81d1-3379328e6c17,2024-10-27T10:16,1,20.86,Card,Pending
97ed0914-2933-4e6b-84ee-26c03b7018b9,00d7ae70-0f46-4453-963c-4ab2a3d29314,2025-04-01T10:16,6,35.16,Cash,Completed
1bb2f2dd-d704-4ab4-8a4e-7703902989d5,e119f98a-df63-41dc-8e01-bb49ca2dc724,2023-11-19T10:16,6,95.34,Card,Pending
a13828c1-155f-4742-834c-ca144f81abaa,c3ffc43c-0c11-40fa-9824-f234161741d0,2024-07-24T10:16,9,161.01,Cash,Pending
a55c2eb8-eeab-4a5e-b987-75a24f009f3a,52c87fd9-fdf0-4256-b929-6153ad24a0ac,2025-09-27T10:16,2,14.34,Card,Pending
1599e2e5-7c6a-40eb-abde-b07dff1e0946,b03f75c1-655f-4480-a2bf-1a0af806e96e,2023-12-09T10:16,3,18.87,Cash,Pending
2a2df119-30f8-4283-a1ad-9d195dab1b29,e886c155-0dae-4b36-88f5-a86fa474d1f6,2024-06-19T10:16,9,79.38,Online,Cancelled
e185b01f-5e53-459a-8939-b042e0f061c8,10b26c2d-7d56-4175-84a8-a2775e128a9d,2025-04-26T10:16,4,62.64,Card,Completed
59b0af22-5551-46c3-99e1-8a80cef1ef90,d5eaf6a7-76cc-48ec-98d9-ba713e2df70f,2024-03-18T10:16,1,12.77,Online,Cancelled
903b82bb-c36c-477c-985d-6daf76a75359,485b65e7-fdf4-474d-afba-37986d8d3cd8,2024-10-29T10:16,2,20.74,Card,Completed
b8aaba9d-5940-498b-8cc1-6c9a290816bb,e886c155-0dae-4b36-88f5-a86fa474d1f6,2024-06-24T10:16,9,192.96,Online,Pending
d7573d77-d458-4f3f-abe0-46afdd6d79b2,46032f36-69bc-465a-9b33-a5d560bfd77a,2025-07-31T10:16,4,96.44,Card,Pending
943f8b2e-6ccc-4ed6-ac98-ed811697a12d,99c406e7-092b-4eeb-bc08-56fc041c253d,2025-06-22T10:16,5,33.20,Online,Pending
1eadb4b3-b9b6-4001-a3bc-0a99fb60d887,c9dcc28a-ae5f-477c-ae7e-72d94129f449,2023-12-28T10:16,1,21.31,Card,Completed
7d5e217d-5126-43b7-b853-524fc08c5431,8e1bbe6c-7b75-46dc-8ca1-0b1664cd6ae4,2024-10-12T10:16,6,149.76,Online,Pending
693b07ca-424b-46d1-9819-a384ff6ab4df,0df3bae1-6384-4856-aa27-aef9f6c48b75,2025-01-20T10:16,8,81.12,Cash,Pending
6e352ced-2ec1-4028-ab26-a404fad90403,2c6dafc9-06cc-4b3d-8b8d-12aae0644c58,2023-11-14T10:16,2,13.02,Online,Pending
a5dd5989-2d05-42d1-af2e-608f4386e01c,8e1bbe6c-7b75-46dc-8ca1-0b1664cd6ae4,2024-10-08T10:16,6,70.44,Card,Cancelled
713626fe-5d9b-4918-95f5-ffb5a5447292,953417c6-cd52-45e9-9ca0-bb450653c934,2024-05-24T10:16,4,48.88,Card,Cancelled
7bbc18f3-4d17-4c5c-9eb2-75173815decd,93cdeef1-3fc3-4a63-a275-0ae87ae6b335,2024-04-25T10:16,1,22.08,Cash,Completed
4232f16d-0a62-4796-948a-a3c0177dde5a,2c6dafc9-06cc-4b3d-8b8d-12aae0644c58,2024-06-29T10:16,8,200.72,Online,Completed
26baacbf-f5e0-41ef-841e-d09faea10b64,0a5bd884-b432-4ce5-b14e-44b4aedd4c0f,2024-05-04T10:16,1,26.03,Card,Pending
9b77a245-8089-4f32-9b14-57e1a7e3c3dc,f90cf3ca-e2d0-4129-bc7a-e8a2b80880da,2025-01-02T10:16,7,53.90,Cash,Cancelled
7c630f05-75ce-4dd5-9f64-a6331ebccf49,7509850a-5062-4da9-aad6-bc5b9e363ef1,2024-10-13T10:16,6,128.40,Cash,Pending
9de914f9-8f78-42ad-9c43-1a82336f1568,67c276b0-7be6-4f3c-bf86-c342095c8112,2024-10-12T10:16,3,78.66,Online,Pending
367b8f80-5705-43ce-a8dd-4459f33d5481,9b9edd1e-b4f7-414c-b8b5-a3dc51fa0a8c,2025-06-08T10:16,9,155.52,Cash,Completed
44b5b7ea-b164-4e85-984d-e068991e6233,2a109685-1399-4149-8951-fba29bb0360d,2025-07-30T10:16,2,36.74,Cash,Completed
dac8083b-0720-4d66-9ac2-479bc970e8c5,52fbb114-83aa-432d-b2f1-f3e37a5c4754,2024-08-04T10:16,4,27.20,Cash,Cancelled
94fc7aed-2e3e-466d-b119-020a8adc26d4,b04ce307-2d1f-4214-b023-d8f4379041a1,2024-05-05T10:16,3,81.48,Cash,Pending
ffdaa428-6b32-4fe8-a38a-969f154b3c72,52fbb114-83aa-432d-b2f1-f3e37a5c4754,2025-02-14T10:16,7,160.23,Cash,Cancelled
7440f485-4502-41d8-b82e-3fc89ec1a77e,0a0ac3e5-6e20-4fbc-87ec-5481c70e38bc,2025-09-19T10:16,2,24.88,Online,Cancelled
cbc484ab-8e94-4649-9a85-ff107d7f6944,5f6e51da-5f01-4c9a-85dd-7d50ef37e5d7,2025-11-01T10:16,8,70.88,Card,Pending
0df7290a-01d0-4dc0-bcee-04da8c83b5a4,ecf1ffb0-ac00-4968-87ea-8beef4ace55a,2025-01-28T10:16,5,114.65,Online,Completed
5f43941f-865b-4d0a-9a2e-a7604d67208d,c9dcc28a-ae5f-477c-ae7e-72d94129f449,2024-02-23T10:16,4,46.80,Card,Cancelled
64cd05ef-8457-4115-ae18-846d70e58cc4,6b1178fc-1745-401d-88da-3903c243ebe9,2023-12-29T10:16,8,185.36,Online,Cancelled
955b2207-3c56-4dab-a7fe-5ecb503814f7,53db1213-7316-47bb-9099-c1def0e3c96b,2023-12-07T10:16,7,59.78,Card,Completed
102b491a-001d-4457-93e8-225c3680337f,485b65e7-fdf4-474d-afba-37986d8d3cd8,2024-03-17T10:16,1,15.99,Online,Pending
1943ac66-ead7-49d3-b538-814f638dae51,c9dcc28a-ae5f-477c-ae7e-72d94129f449,2024-09-07T10:16,4,89.80,Card,Completed
2729c3b5-e5d4-47c7-b3a2-72eb1c6c2a57,b047b369-02d0-4f25-9af0-f1e883228863,2024-07-28T10:16,6,55.14,Card,Cancelled
30b4e1d9-dced-4b05-ba69-a514cddda728,2ca088cd-c6c6-4e60-a1a4-d2990ee21b12,2024-03-29T10:16,1,20.04,Online,Cancelled
37946f40-591d-4e0d-b84e-a08dd7e36c9d,6e6d2c67-f7fb-4a98-8f9a-4822259b25c4,2024-03-10T10:16,7,196.35,Online,Pending
bd1b9a36-2f3c-46b1-a924-ce6bcd349edd,795088d7-d227-422e-ad8c-f048bde0675e,2025-01-01T10:16,6,95.04,Cash,Completed
f4a1f1d1-d2e9-4b4b-9370-9271f10ae394,824998a2-7592-4051-ab0b-d5e12743c93b,2025-11-06T10:16,3,73.14,Cash,Pending
b1849ac1-0d47-4c70-882c-7ec4bc2796ef,9305d562-2505-493d-8ed8-3fb721c8f491,2024-10-20T10:16,1,9.33,Cash,Pending
3cf98837-bd72-4108-95dc-bafed4ccd0d5,9305d562-2505-493d-8ed8-3fb721c8f491,2024-09-16T10:16,7,146.86,Online,Pending
b87a1a98-ead4-4e4d-aac2-185108eaa450,65b2c0ea-6192-47fc-9286-2c1dd3ecefb1,2024-06-29T10:16,9,256.86,Card,Cancelled
07240293-ca36-4b05-accf-136adf9a3be1,6f61ca8e-51a1-48e0-abfa-88326e713e34,2025-07-11T10:16,7,102.06,Online,Pending
15a27ffd-21e0-42e4-bb57-6accf68eae5f,d3f641e5-b8b5-4f5f-9155-7768df2033e8,2024-08-03T10:16,7,108.57,Online,Pending
eee24bfb-f2c1-426e-a070-e61b857a8692,0dd437d0-74fa-43c3-8909-5c955e4d47dd,2024-02-24T10:16,8,120.40,Card,Completed
fb0878a5-427b-4547-984f-baa7bb7e3de9,e85d0261-2d97-4475-a749-363ec9040a74,2024-03-23T10:16,4,57.56,Card,Pending
65834ca7-d660-4ee6-96d7-f6eeb2a73582,4f6ae324-5b6d-47d6-a86d-26ec6fbe1e0e,2024-11-28T10:16,6,122.40,Online,Completed
0a491160-cbb0-4009-87f3-81c3c6f7f028,71f17b36-2c37-4cfa-bf8a-894fa94c0e9b,2024-05-24T10:16,5,119.45,Cash,Pending
1924a442-2636-43bd-a03e-5eecab70b85a,5f0f3def-9ff6-4282-ad04-001c4a769966,2024-07-21T10:16,9,98.10,Card,Completed
31665d14-2089-4057-87ae-8a159b19ab69,b95f7619-fab2-4df9-8683-1f2aeb93a660,2025-09-14T10:16,6,174.48,Card,Pending
91446aae-495a-4255-9c80-2541f4eda93a,ec3490d2-e8da-47ee-ae12-0ca0b1d7a2bb,2024-09-24T10:16,2,23.92,Online,Cancelled
8ff64f3b-9dc0-4ef3-9371-c9b0ed6acb6e,1d32c3b3-c732-4995-aa6b-ff159deb3bdf,2024-01-29T10:16,9,56.07,Online,Pending
883c37f4-a703-45d6-82c3-c5de552654bf,1407e9cf-22c9-4137-a2fe-cc12dc038235,2024-10-06T10:16,2,24.04,Online,Cancelled
f991ae21-be7f-48ee-b1fb-43f858382692,485b65e7-fdf4-474d-afba-37986d8d3cd8,2024-05-17T10:16,3,32.67,Card,Cancelled
bab916a0-e09d-4a3b-8fba-8896e22b5363,77ca464a-fe0d-4dcc-8f08-3eb2f7b64f76,2024-04-10T10:16,8,77.36,Card,Pending
fb0802fe-0c53-4210-8d85-988a0026421a,6117b6f0-c4f4-4bf1-9eeb-f33950decba8,2023-12-12T10:16,6,31.80,Cash,Cancelled
3d2a0aa8-ddb0-4555-bfb8-e2820c44adbe,fe624323-ba72-456d-9842-ed9e0edc75df,2025-02-24T10:16,4,108.16,Cash,Cancelled
77ab58a1-0390-4021-944e-f87f94f63f47,3e97fc93-73a7-45e0-9888-f7a03ee258a7,2025-07-12T10:16,5,105.10,Card,Cancelled
eaff33cc-1bc2-4372-a0ab-f0ec50950662,fdb5454e-2230-489e-ade4-9218ff28cbd8,2024-01-20T10:16,2,46.62,Card,Pending
fd689a14-93cb-4e89-a0b3-1f590a1a8a13,953417c6-cd52-45e9-9ca0-bb450653c934,2024-01-12T10:16,8,199.28,Card,Cancelled
c1c643bd-819f-4b84-953d-7272dd194cf8,9305d562-2505-493d-8ed8-3fb721c8f491,2025-06-06T10:16,8,71.60,Card,Completed
99e20194-0f80-4ee3-8e8d-efa91452665f,b03f75c1-655f-4480-a2bf-1a0af806e96e,2024-03-28T10:16,7,121.45,Card,Completed
446f5fa3-36a4-4e89-b4ef-43bd6ba8032f,050d9901-1cb5-413a-9c31-282028f863c1,2025-04-21T10:16,5,46.35,Card,Cancelled
0ced2f57-253d-4f74-847d-e9086901fa17,bfa3444b-2be9-46be-b944-720d86a59770,2024-04-16T10:16,3,52.65,Online,Cancelled
8c77f7d7-3c51-4f44-b902-b09f0b8e62be,d33bbfcd-a2ca-4e80-8a1c-65223f061e7e,2024-03-26T10:16,2,58.36,Cash,Cancelled
e5ec74fb-0b39-4931-b06b-d9a4cd6779e8,73a2b03c-2dca-486e-8ebc-c4d6bb68a8c6,2025-09-02T10:16,8,41.84,Cash,Pending
7c47bd30-305a-401c-9f44-702c282099eb,9305d562-2505-493d-8ed8-3fb721c8f491,2023-12-25T10:16,2,52.42,Cash,Cancelled
a781574a-e7e1-45bc-91de-ba9468a76efe,050d9901-1cb5-413a-9c31-282028f863c1,2023-11-14T10:16,7,129.92,Cash,Cancelled
be459a72-eeaa-4794-8afa-f3c34df4f291,3dcaabe3-78c9-4d88-bed5-56ca7ceea07c,2024-06-22T10:16,4,116.16,Cash,Pending
21e29e28-7b89-46ca-b0b0-58dc0c8f79b3,14eace30-1ac2-411e-8eef-98e8f32a87fb,2024-05-25T10:16,6,44.70,Online,Completed
33f260e8-31a6-4e43-acda-ee18259da245,77ca464a-fe0d-4dcc-8f08-3eb2f7b64f76,2024-02-21T10:16,8,172.24,Cash,Completed
0cc2e3ce-22fe-40dc-a822-ce5d951982fb,824998a2-7592-4051-ab0b-d5e12743c93b,2025-01-22T10:16,1,24.21,Cash,Pending
3e9fb437-63bf-4d79-829f-1a69278d08ea,e119f98a-df63-41dc-8e01-bb49ca2dc724,2025-04-04T10:16,9,56.97,Card,Cancelled
3cafd41d-68e8-406c-993b-bf638d6e586a,103fcba5-5588-45a5-9fe0-6ac948d3860e,2025-01-21T10:16,2,55.96,Online,Completed
093fad85-b51c-4bac-ab51-82c5717e3b14,2a109685-1399-4149-8951-fba29bb0360d,2024-06-03T10:16,8,52.08,Card,Pending
484fef50-c6fd-4f63-a82f-0b00e9b450fb,4e44f26d-5455-405b-8fdb-63ab8b739ecf,2024-04-11T10:16,3,18.78,Card,Pending
94395002-9524-4e1f-b3fb-ca2615b08e0a,d5cfb1a3-ce2f-4aff-ab4c-50e0c5426af1,2025-09-21T10:16,7,54.67,Online,Cancelled
665b0909-c2fb-46c3-861f-aae3a760f718,6bd388d4-5636-450b-bacd-55bdcb769bab,2024-02-17T10:16,5,142.10,Online,Cancelled
a7e5466c-3d32-424e-b629-2061c68f4e22,7a18d550-38d0-40b2-84a7-547162e7e409,2024-12-19T10:16,6,34.80,Online,Cancelled
e0a97711-669d-4917-9011-64e4b6766f21,09ba4183-1b94-4f8c-bc5f-eca421a88524,2025-06-23T10:16,6,172.86,Card,Cancelled
37184915-cc38-4d92-87e1-e2be9c953ec8,e6cb1215-5314-4d05-bfd1-f6e5d36e89f7,2025-11-02T10:16,2,50.48,Cash,Cancelled
f08a52a2-56a7-4375-9c2f-bc6923bebdca,99c406e7-092b-4eeb-bc08-56fc041c253d,2025-01-24T10:16,7,138.60,Online,Pending
54e9ed2b-a2b0-414a-aa5d-d3c17a0f30c4,25659c0e-6eb5-4c57-add8-fb6ac5f42699,2024-08-18T10:16,4,112.48,Online,Pending
2071cb3e-aa46-4ecc-bcaf-ba1b31e0323d,0dd437d0-74fa-43c3-8909-5c955e4d47dd,2025-05-22T10:16,4,67.08,Card,Cancelled
ada4d2ae-bcb0-4bea-a3a0-922ec72f1b2c,d5eaf6a7-76cc-48ec-98d9-ba713e2df70f,2024-12-02T10:16,5,114.65,Online,Completed
d80cedeb-e039-4edd-a62b-4f7d8a92a206,0a570207-0f70-467f-bbeb-44a0a60a9a25,2024-06-29T10:16,9,46.89,Online,Completed
ca8d9947-41a4-4ea1-8987-9d538b92c19e,8b546c63-5406-493d-bc69-cfb594b38267,2024-01-06T10:16,2,42.76,Cash,Pending
4b829c68-ccd1-4364-a434-ed8ce3d44340,6bd388d4-5636-450b-bacd-55bdcb769bab,2025-08-27T10:16,8,118.00,Cash,Pending
8e6b3eee-42e4-4d0e-9e7c-dc7fce596be2,11526850-7335-463f-b740-a52a90457c3b,2024-04-19T10:16,2,45.52,Cash,Completed
0d939a5c-6b61-49e8-9c6f-f78e96a6bf60,d5eaf6a7-76cc-48ec-98d9-ba713e2df70f,2025-09-03T10:16,5,77.75,Cash,Completed
89843083-4f39-4f82-ba8e-d4c021cc7080,0d463f72-c3a1-4a2b-8d0d-1721a0d1a06b,2024-08-27T10:16,3,27.96,Card,Pending
044d085e-4a45-4a22-9640-d18434ac0bef,21edfc22-3f73-4335-a774-3cf78ab65e86,2024-12-30T10:16,2,13.26,Card,Pending
a503b7f5-55aa-4f2e-8213-5cab760717f3,0a15d43b-8f6b-444a-bef2-ffbddfdbd16f,2024-02-20T10:16,4,61.76,Online,Completed
e604bc50-6946-4521-95b1-38102ab12242,23650eb4-f98d-45a3-a90b-a378f03d469d,2024-03-21T10:16,4,118.44,Card,Completed
383bcd9e-a34e-4527-9245-1b59a8523c27,e38afcd9-9e08-47ba-bc92-5ebb4bc271eb,2024-07-14T10:16,1,21.85,Cash,Cancelled
390cf6d0-fc8c-44ae-9e07-c895d7b6211b,11526850-7335-463f-b740-a52a90457c3b,2025-09-15T10:16,8,183.20,Card,Cancelled
bc2ead53-681b-4cc5-8084-ffadb19ea6f2,9305d562-2505-493d-8ed8-3fb721c8f491,2025-01-11T10:16,5,87.30,Cash,Pending
7db365bd-f463-4229-b326-9742c2639a46,8e1bbe6c-7b75-46dc-8ca1-0b1664cd6ae4,2025-11-06T10:16,7,42.98,Card,Pending
c82bf20c-3b24-4859-a9b8-3cdabbbd9009,caca465c-e9f2-4add-91b5-24c70595e321,2024-10-06T10:16,2,43.40,Online,Pending
8acb669a-6e83-4a1c-9411-6fc4ab6f4db3,a938df5f-7764-459c-8bfd-90409d16b3c6,2024-08-22T10:16,2,20.30,Cash,Completed
7c66e5b6-0b5d-4154-981c-d2e7039f823e,e886c155-0dae-4b36-88f5-a86fa474d1f6,2024-04-11T10:16,6,93.42,Card,Completed
8bcc0b6f-7a8a-42a8-87dc-82679acb0af6,ecf1ffb0-ac00-4968-87ea-8beef4ace55a,2024-10-29T10:16,6,41.58,Online,Cancelled
4d66a98d-85dc-4153-865e-0d45228604de,500fde18-ea61-4380-9ea4-f06d09985870,2023-12-25T10:16,6,154.62,Online,Pending
c242ffb7-ff94-4cd4-ab65-660dcac8a1a0,bb9edfa8-17f7-4f6f-8e3b-616693a298b1,2025-06-23T10:16,8,182.64,Online,Cancelled
ff7ba200-629e-4baa-8595-2a88ec13197d,73a2b03c-2dca-486e-8ebc-c4d6bb68a8c6,2025-03-14T10:16,4,89.44,Online,Cancelled
65e35381-9a47-4ff4-850c-4d238c9067ec,f90cf3ca-e2d0-4129-bc7a-e8a2b80880da,2025-10-30T10:16,2,44.46,Card,Cancelled
5a1e7c9f-b18d-4905-b4c3-e9c57c1d4d95,5eb75bc0-d5fa-4209-9d42-7767f3f0585b,2024-12-17T10:16,8,176.64,Cash,Completed
619ebcb2-c120-44e8-854e-aa3bf4b524ab,59827b2a-ae17-44b1-bd6f-6f08718559cb,2024-10-29T10:16,4,51.96,Cash,Completed
294a8615-4fd8-450a-808c-364ad1f8d9b7,d7af10ce-45c9-4fc8-8dd8-b1c5491aad5f,2024-05-28T10:16,3,23.10,Cash,Completed
3ba431c6-0e29-4316-917f-b9f497aae3cc,02c65c06-56ad-4670-b8e2-10ab417c7154,2024-11-03T10:16,9,84.33,Cash,Completed
bcadff06-c521-4614-bf22-79eaec0884b3,3e97fc93-73a7-45e0-9888-f7a03ee258a7,2024-09-12T10:16,7,98.14,Card,Pending
fb06d16d-b64c-4e10-9f0d-6e045ca5663d,4e44f26d-5455-405b-8fdb-63ab8b739ecf,2024-12-12T10:16,1,27.85,Cash,Completed
a55f4ebe-8718-42c5-a715-fb7d1d639417,65b2c0ea-6192-47fc-9286-2c1dd3ecefb1,2025-07-25T10:16,4,33.72,Card,Completed
c2e854e1-8891-44bc-aac9-5ef1a7d8017e,bb6ceda0-3f7a-4dfa-9862-41a88dd468b2,2025-07-22T10:16,4,36.80,Card,Completed
3717d2b5-6ac9-4853-bee3-8c6198a0ea8b,6c6a3b10-9747-4dca-a041-4edc22d147b0,2025-06-20T10:16,7,105.91,Online,Completed
c8b82d76-e7e1-490e-a874-b9be1a89ee8c,52c87fd9-fdf0-4256-b929-6153ad24a0ac,2024-12-17T10:16,2,43.76,Online,Completed
067a5fce-b876-4cbc-a576-1654d1da4044,aff4340c-d102-49ba-af8e-84d2737ce82c,2024-05-06T10:16,4,59.56,Cash,Completed
70359fcb-32d1-4481-bc99-be726b08bc3a,21edfc22-3f73-4335-a774-3cf78ab65e86,2024-08-03T10:16,8,61.12,Cash,Cancelled
6827adbc-f0d4-4f80-a04c-f8200f189800,ada8704c-2784-4d70-84da-10078407d2c8,2024-03-18T10:16,1,9.75,Cash,Pending
220a3fd9-7756-4e01-b133-b6187caea65e,726d71e2-70fd-4416-8568-78619c14a73a,2023-12-06T10:16,6,161.28,Cash,Completed
790eaef1-110b-4f2c-84a1-bb234008a45d,4b14a58c-f1e4-40b6-888d-a88cd7055099,2024-07-20T10:16,2,46.90,Card,Completed
38df6eb9-bfe8-49c6-9845-2538ffeeae8a,910b1d47-5c37-48b1-8bde-96c60660f1d7,2025-01-12T10:16,5,99.70,Online,Cancelled
8c457097-685b-49b9-a738-f40a776c9533,ebbc7df0-770d-44f8-b0ff-c62f9006e40e,2024-10-01T10:16,8,197.20,Online,Pending
fd16ecac-9133-4114-9117-b7b2fe868130,7a18d550-38d0-40b2-84a7-547162e7e409,2025-09-30T10:16,6,136.56,Card,Pending
296f657a-7158-4330-9d53-c0a4ce5665e5,4717d2a3-4b2a-44f1-b960-a2b73e2d23fd,2024-04-01T10:16,3,84.51,Online,Completed
010799c0-4a44-47e3-b129-8c3b379be24f,c1a09d60-c9e8-4489-a68e-e01b51541d33,2025-02-20T10:16,1,20.58,Card,Completed
1ef72a84-c86a-4938-8d77-333ffac0484e,25659c0e-6eb5-4c57-add8-fb6ac5f42699,2025-04-01T10:16,5,39.10,Cash,Completed
44e6f372-2b43-44dd-aa93-81e7c1786666,050d9901-1cb5-413a-9c31-282028f863c1,2025-01-27T10:16,7,37.45,Online,Pending
977bc558-eec2-49dd-b9d8-c63fe7a51aad,11526850-7335-463f-b740-a52a90457c3b,2023-12-08T10:16,3,36.27,Cash,Cancelled
b443bf3a-cefc-4a4b-b773-041ca48e2cce,3ab3404a-ee80-4ed2-8d90-a6f0dad14e48,2024-08-19T10:16,8,221.04,Card,Completed
ec0ab1f9-5441-4c79-a3a9-c7b6782c97c5,f067e21d-d1d4-4e87-9cae-9753f5f9ccb6,2024-04-19T10:16,3,74.34,Online,Cancelled
862c3add-2ed3-409e-8996-055dbdcd64c1,36b880b0-e9bd-4c0b-8f1c-32018f6c758a,2025-05-13T10:16,1,5.10,Cash,Pending
b61bcac2-0a91-4e6d-829f-3d2115eb10a3,3befa4dc-d961-4a3a-9410-d43d1bdaa335,2025-05-15T10:16,2,50.36,Card,Completed
141f69ca-1807-4524-a52d-71194c29d9da,c46351bf-193f-49af-a5d6-456188837c3d,2024-12-20T10:16,1,12.44,Cash,Cancelled
7c849339-c699-4f12-8eab-09aa4a2f975b,5f6e51da-5f01-4c9a-85dd-7d50ef37e5d7,2025-05-01T10:16,8,101.04,Cash,Cancelled
d8a6d957-5eeb-4d26-b141-7c0ba9b0a089,b95f7619-fab2-4df9-8683-1f2aeb93a660,2025-01-27T10:16,1,29.10,Card,Completed
335d44c4-68b5-4aff-bcf3-568fabeb1885,6945f6f4-b8f9-4d04-90ff-e59ed705578e,2024-01-20T10:16,7,78.47,Cash,Pending
ff7a0a8a-ba3b-44f4-833a-5e7e006cacd8,e85d0261-2d97-4475-a749-363ec9040a74,2024-01-09T10:16,8,165.68,Cash,Completed
3e8efabc-3d38-4717-8aac-85ebc59a3a27,ba5d9947-b043-4aca-8ee0-6b77895cf8e8,2024-10-27T10:16,2,47.28,Cash,Pending
554b90b9-c0dd-461a-9a35-5eeba278ca32,caca465c-e9f2-4add-91b5-24c70595e321,2024-08-03T10:16,9,268.02,Cash,Cancelled
e5225c39-6e70-4db1-a624-439afd6abf55,d7af10ce-45c9-4fc8-8dd8-b1c5491aad5f,2025-04-16T10:16,1,15.85,Cash,Pending
cb1ba7f2-f8ba-4720-84f8-797a2b3d14a9,ceafdb2a-788d-48e0-acdd-bd533a2e7ab6,2023-12-30T10:16,8,223.60,Online,Pending
1ec2554f-5295-48ff-8c07-aadcca1e787b,98b17fed-218c-4f20-8410-9f0edfc74455,2024-08-05T10:16,5,75.25,Cash,Cancelled
95af86a8-7888-4673-9eae-e1d0ff9e6110,ebbc7df0-770d-44f8-b0ff-c62f9006e40e,2024-12-04T10:16,7,139.72,Online,Completed
60f9e487-732a-41f4-91f4-876e84407e2a,46032f36-69bc-465a-9b33-a5d560bfd77a,2024-03-15T10:16,9,85.41,Cash,Pending
c5efd06b-cd8a-4567-9d9a-eab342689063,bb6bf39c-f455-4e08-a59e-1bdaaa91d4aa,2025-06-02T10:16,3,29.34,Card,Completed
f914fda1-7036-4899-a8cd-61f29df9dc52,0a5bd884-b432-4ce5-b14e-44b4aedd4c0f,2025-09-22T10:16,6,156.96,Cash,Cancelled
3ae68ca4-7284-4bf1-a826-3bce36674653,26d032f1-9fe9-487a-987a-a8be14e1db05,2024-12-04T10:16,1,8.03,Cash,Completed
399e5d1b-52a4-4cfe-bcb9-97e768638480,2a109685-1399-4149-8951-fba29bb0360d,2024-05-20T10:16,7,144.69,Cash,Pending
74e41e95-947b-49e4-a0a6-e2f6f77cead3,4e44f26d-5455-405b-8fdb-63ab8b739ecf,2024-01-21T10:16,2,24.24,Cash,Completed
095a0074-f510-4b5c-ac51-f6f3beddd798,824998a2-7592-4051-ab0b-d5e12743c93b,2024-08-15T10:16,9,150.84,Online,Cancelled
fba37b23-832b-45cc-a19a-5f97870b5c6f,f543de06-e341-4de2-95ab-ca0fd3ee51fe,2024-01-06T10:16,9,69.03,Online,Completed
29adff04-d378-41a4-b7fc-c6edf29079d1,b047b369-02d0-4f25-9af0-f1e883228863,2024-02-03T10:16,4,46.64,Card,Completed
543f1d98-84c7-4e71-acf6-954b7fa2e348,0a0ac3e5-6e20-4fbc-87ec-5481c70e38bc,2025-02-24T10:16,2,56.56,Cash,Cancelled
f30d07fd-1724-4271-89e4-c5adb13a75bf,59827b2a-ae17-44b1-bd6f-6f08718559cb,2024-12-03T10:16,2,59.76,Online,Completed
6bbf3d93-1783-413d-8039-59da207b5366,8f7f530b-bb30-4a05-b437-744ed30af54f,2024-03-15T10:16,8,105.04,Online,Cancelled
87967f29-ef50-438e-855b-e3e45cd2599d,92da274a-bea2-490a-bb52-196c46fa8487,2025-09-30T10:16,4,115.20,Online,Cancelled
b419984e-0afb-44a7-8337-86d36f0e3525,485b65e7-fdf4-474d-afba-37986d8d3cd8,2024-05-08T10:16,9,131.04,Cash,Cancelled
9b909ee8-4bc1-46d8-befa-ec23a5d15927,4bb2d776-14c0-4ef6-b8ba-c580cbed72b8,2025-06-06T10:16,4,73.96,Online,Pending
279ae081-1271-4fe8-9d21-c48b520fad08,5f6e51da-5f01-4c9a-85dd-7d50ef37e5d7,2025-07-18T10:16,4,108.60,Cash,Completed
297a21fc-cdfe-439a-8095-4b05fc7ff035,14eace30-1ac2-411e-8eef-98e8f32a87fb,2024-12-03T10:16,8,90.64,Card,Pending
1d0bd11d-caec-455b-a4a5-ab278dc12df1,bb6ceda0-3f7a-4dfa-9862-41a88dd468b2,2024-09-20T10:16,2,37.48,Cash,Completed
a9c3e4e5-569a-4bf9-ae9e-8d1a031f27a6,dcfb3d05-846d-4915-99f3-ebbc7559d972,2025-03-20T10:16,8,222.08,Cash,Cancelled
d06d8afb-2be2-4d88-ab79-acf0f2c7f649,824998a2-7592-4051-ab0b-d5e12743c93b,2024-06-17T10:16,5,81.95,Card,Cancelled
edaceba3-84d4-46ab-9aa4-3c4c68622363,d5cfb1a3-ce2f-4aff-ab4c-50e0c5426af1,2024-09-12T10:16,5,121.45,Online,Pending
95b21403-729b-4096-bcf8-053d489ecfbb,9b9edd1e-b4f7-414c-b8b5-a3dc51fa0a8c,2025-03-09T10:16,4,108.44,Card,Cancelled
9ace94a0-fdb1-41df-9401-1296b95a30f0,e7991221-0de0-4ef8-aa9c-ca3b59197059,2024-06-14T10:16,4,107.64,Online,Pending
b1810659-e558-42af-a6bd-81cb02cc316e,bc58b12c-65c4-4f21-89ef-3e492a22ef7c,2024-05-31T10:16,3,48.54,Cash,Completed
3e302c89-6972-48a0-9f54-4e3713a35895,98b17fed-218c-4f20-8410-9f0edfc74455,2024-06-21T10:16,9,236.16,Cash,Pending
5a80cb90-7886-4b7b-9e4d-aac989b13359,0e0d5f13-edd5-4ab0-9ddd-3df111bedc5a,2024-12-10T10:16,4,62.28,Online,Pending
a2acdb5c-4219-4d6b-9d03-f77d8d4ab93c,bb6ceda0-3f7a-4dfa-9862-41a88dd468b2,2024-07-03T10:16,2,10.44,Cash,Cancelled
54e26485-9b46-4732-9a61-714e6a3a84a7,77ca464a-fe0d-4dcc-8f08-3eb2f7b64f76,2024-06-09T10:16,2,46.16,Cash,Pending
2dcb3a20-4ea0-4d1d-bafb-bb44a6c31a10,ebbc7df0-770d-44f8-b0ff-c62f9006e40e,2025-06-19T10:16,5,45.05,Online,Completed
a6b45c24-d19f-4e5d-8cf6-d58e8cc8cd1e,d33bbfcd-a2ca-4e80-8a1c-65223f061e7e,2023-11-16T10:16,1,23.58,Card,Pending
1433d6e7-8a3f-48bd-827a-58ae36aa89ed,ec3490d2-e8da-47ee-ae12-0ca0b1d7a2bb,2025-05-11T10:16,1,29.21,Cash,Completed
b4d743f9-1ef4-469d-b638-c4c101d06ed0,bb6ceda0-3f7a-4dfa-9862-41a88dd468b2,2024-01-02T10:16,6,42.96,Online,Pending
f6e15301-7cc1-415c-894d-ddfdb4cd3630,f3826f04-0dfa-4266-8002-58fede0093f5,2024-03-20T10:16,5,56.90,Cash,Completed
eab7a6d3-2aa7-40a2-8c67-01232dd3ac87,b04ce307-2d1f-4214-b023-d8f4379041a1,2025-10-10T10:16,7,88.55,Card,Pending
8dfae7f9-c6ad-49d3-bc11-c22eae4db6a1,8e1bbe6c-7b75-46dc-8ca1-0b1664cd6ae4,2025-09-07T10:16,6,146.76,Cash,Completed
77b3247b-8a32-4556-a0e5-0b24d98a1b25,515fe1d2-d33a-4b9d-8c19-07e0cbe81a9a,2023-12-07T10:16,1,7.96,Card,Cancelled
750fa3a0-5ae3-4fe0-b32d-dcf1417f8462,aff4340c-d102-49ba-af8e-84d2737ce82c,2024-09-22T10:16,7,106.75,Card,Pending
db042b18-e9ef-4514-8452-1739b733111a,7a18d550-38d0-40b2-84a7-547162e7e409,2025-08-23T10:16,8,91.44,Card,Completed
d241855c-ea12-4ec7-8b35-4dbe31381487,0fcf4084-ea31-49f8-99f9-9bf8c8b0c16b,2024-03-29T10:16,1,8.49,Card,Completed
bbf3a7ff-8f5f-445d-aa7a-83d12f7558c1,fdb5454e-2230-489e-ade4-9218ff28cbd8,2024-08-26T10:16,6,136.08,Card,Completed
a03c819a-a543-4eab-93d5-3a99240a857d,1a31c678-d420-495a-aff3-0f1609514e1e,2024-02-16T10:16,9,128.43,Cash,Cancelled
7f5e73b7-7893-479a-9986-a45ea361bb22,0a0ac3e5-6e20-4fbc-87ec-5481c70e38bc,2024-06-17T10:16,4,59.68,Cash,Pending
03b55387-605c-4b54-a4a7-07901645bb3d,5f6e51da-5f01-4c9a-85dd-7d50ef37e5d7,2025-07-08T10:16,6,80.76,Cash,Completed
7f1fad5d-9266-4468-982e-cdc3b102ccf2,6e551d53-4f6d-4b84-a9de-3d7c79694805,2025-11-10T10:16,4,57.92,Online,Pending
6bf6a1a4-048c-414a-a45d-cb0649c023cb,caad7924-4bc5-4f85-9662-11ca261e3c87,2024-08-06T10:16,4,59.64,Cash,Pending
d71bfe0a-0b3b-4ffc-8ce6-2f07d9b90eb7,ec3490d2-e8da-47ee-ae12-0ca0b1d7a2bb,2024-11-23T10:16,6,106.08,Online,Completed
3bece889-acad-4005-94ca-377c99fd540e,7c991f43-c18b-4404-8826-97691b0dc00c,2024-07-04T10:16,5,141.25,Cash,Completed
73a6d491-d30d-4b72-8d09-5c965f871d4d,4717d2a3-4b2a-44f1-b960-a2b73e2d23fd,2024-03-28T10:16,3,83.19,Online,Pending
dc15fe6c-41e0-4f71-98e6-6fd0ef9ae233,c63bd277-c81c-40c5-8720-6ce916d653c4,2025-07-29T10:16,6,128.46,Online,Cancelled
1e8409d2-6f07-406f-a80d-8844eec7547a,bc58b12c-65c4-4f21-89ef-3e492a22ef7c,2024-07-23T10:16,6,109.20,Card,Pending
56c2e7df-dab5-4494-8136-9e1c331070ae,c5817fdc-a4dc-4879-b957-30cfda62016b,2025-07-24T10:16,1,18.83,Card,Cancelled
f9ef4b8a-fa58-45d5-82ba-0edc9a022f5a,e277d099-db2a-4aee-ab86-8b0e73a34383,2025-08-26T10:16,3,30.15,Cash,Completed
45cdb7ea-86bd-44c2-8d40-534d230c4ab5,3e97fc93-73a7-45e0-9888-f7a03ee258a7,2025-06-09T10:16,1,19.68,Card,Cancelled
982e7f0f-502e-42d1-b781-9ba405a8834b,4bb2d776-14c0-4ef6-b8ba-c580cbed72b8,2024-09-11T10:16,9,130.77,Card,Pending
f940ef7c-7437-4119-8d05-af36701be8a1,e38afcd9-9e08-47ba-bc92-5ebb4bc271eb,2025-02-07T10:16,1,24.56,Online,Pending
5918f512-429c-4baa-a9e9-39f67f1179ed,9c53f3f8-5b22-4d77-bd76-cfa6c70e443c,2024-02-06T10:16,8,97.52,Cash,Completed
6eaec85e-abeb-48ae-8ea0-d3e638651832,60cd80b6-3967-4dae-b4df-adc7b5644971,2023-12-05T10:16,7,119.70,Online,Pending
8a527ece-35d8-4933-af3d-19ca79a87a82,cd50913f-8c99-4253-9134-0cf5fe5f300f,2025-03-06T10:16,4,57.40,Online,Cancelled
d30a59cd-6432-49a0-b506-b304c51706f4,824998a2-7592-4051-ab0b-d5e12743c93b,2025-05-24T10:16,3,50.55,Card,Cancelled
a4f16d07-c5dd-4532-8946-7d911019398c,a190f67b-21df-46bc-8164-46bdfa00af85,2025-02-26T10:16,5,44.45,Card,Pending
5c0855b4-c759-4d02-bf3d-4300888d1af7,7a18d550-38d0-40b2-84a7-547162e7e409,2025-01-18T10:16,4,116.92,Card,Completed
5b9ee438-f9d3-42de-ac4c-7507b53f07db,69446e90-4237-4410-ab55-e011eb04cce0,2024-08-13T10:16,5,97.15,Card,Cancelled
475d341e-6bf4-4310-8d62-a6a08c93503a,8e1bbe6c-7b75-46dc-8ca1-0b1664cd6ae4,2025-02-04T10:16,6,62.04,Cash,Pending
e68e411b-9223-4ea5-bb09-1523f10c2fd7,8626238e-5813-415a-9a8c-db944b1e0269,2024-02-17T10:16,1,25.08,Card,Pending
4527ce47-8358-4b09-8cc4-2af7d76f56ee,f0a6a958-e434-41bf-a830-dffa55a34db5,2024-12-14T10:16,1,9.46,Online,Completed
9b5925be-f993-42a8-91d5-750307d6dd92,824998a2-7592-4051-ab0b-d5e12743c93b,2025-05-26T10:16,6,35.22,Cash,Pending
45a4e1d8-6baf-4aad-83a4-6e2b6bf12d67,26d032f1-9fe9-487a-987a-a8be14e1db05,2025-05-09T10:16,3,89.31,Cash,Pending
0bde18b7-be70-4ee6-be79-14b06d40aa88,3befa4dc-d961-4a3a-9410-d43d1bdaa335,2024-09-29T10:16,7,50.05,Online,Pending
53b3ce15-4655-4c63-a2c0-db53f0edbb8d,93cdeef1-3fc3-4a63-a275-0ae87ae6b335,2025-11-07T10:16,8,163.28,Online,Completed
9a4a7165-ea4b-45d1-9a80-7231bdd4ff6e,0a0ac3e5-6e20-4fbc-87ec-5481c70e38bc,2024-09-07T10:16,3,15.96,Card,Pending
467aa49b-1f1b-48e0-b2b2-0a18b9469d42,b04ce307-2d1f-4214-b023-d8f4379041a1,2024-01-20T10:16,6,104.58,Online,Completed
907636cd-d2da-4e6d-8d27-cae1abd82ff0,ef7fad1f-a86f-4ee1-95b4-ce1f339f0fa5,2025-04-24T10:16,7,52.57,Cash,Cancelled
20126425-862d-487e-87ef-8e5b591f4acb,73a2b03c-2dca-486e-8ebc-c4d6bb68a8c6,2025-10-03T10:16,7,165.48,Cash,Pending
e953c2a5-49ff-42cc-ab19-2826dd8f0b57,7c991f43-c18b-4404-8826-97691b0dc00c,2025-02-28T10:16,7,66.50,Cash,Completed
f0740556-6356-4e8a-b12c-b62c6ef77bc9,bfa3444b-2be9-46be-b944-720d86a59770,2024-10-25T10:16,5,78.65,Cash,Cancelled
dc005079-e08d-4dd1-84ff-60fc0f7ba486,92da274a-bea2-490a-bb52-196c46fa8487,2023-11-25T10:16,5,117.90,Card,Completed
d9f8a286-a7f7-4a88-a532-e1d4e7d1bb56,0d463f72-c3a1-4a2b-8d0d-1721a0d1a06b,2024-02-27T10:16,6,37.20,Online,Pending
20c7f941-ee1d-42cc-a21f-4d80fa3f0996,5eb75bc0-d5fa-4209-9d42-7767f3f0585b,2025-03-14T10:16,9,249.75,Card,Pending
830092f5-c702-4877-98a2-47e57f409c83,cd50913f-8c99-4253-9134-0cf5fe5f300f,2024-04-05T10:16,9,261.45,Online,Cancelled
688e5279-efaf-400d-bc21-68dafc529923,ada8704c-2784-4d70-84da-10078407d2c8,2024-12-21T10:16,7,165.97,Online,Cancelled
b44c5574-7461-455c-a69e-7700d890ff3a,c0d74d86-5c5b-481d-b8e3-61eeb9c77255,2024-11-28T10:16,6,116.04,Card,Pending
457b3cfa-e8b1-4cb1-a992-ac9b22e54e65,e12c3d24-86c8-474f-b86b-370df36adbfe,2024-01-30T10:16,7,51.52,Cash,Pending
3f2e9997-6f43-42f4-b39d-9620a7eb8f33,d3f641e5-b8b5-4f5f-9155-7768df2033e8,2024-07-11T10:16,1,14.06,Card,Cancelled
d03ac373-acd9-49c7-af4c-9ff67a772ddf,b03f75c1-655f-4480-a2bf-1a0af806e96e,2025-02-09T10:16,1,27.14,Online,Cancelled
dadcbe9a-4fb3-48a3-bff4-14b3b929aa3b,1eeb9c5f-5b7a-47af-b4f1-5a50d9d1089c,2025-10-09T10:16,5,139.70,Online,Cancelled
83098650-b394-404a-80dc-3c7972fe381b,80537cf2-360f-4740-8b7e-d4cd56e22987,2025-01-21T10:16,4,75.24,Online,Completed
3e06436d-955d-4334-9594-aa62cc4673a0,bb9edfa8-17f7-4f6f-8e3b-616693a298b1,2024-10-13T10:16,5,61.60,Online,Completed
b9030be3-d379-4a4c-a063-661a724c7b9b,1407e9cf-22c9-4137-a2fe-cc12dc038235,2024-05-30T10:16,2,39.50,Online,Cancelled
30235aae-d4a6-40fa-9090-38a415a00a9d,e277d099-db2a-4aee-ab86-8b0e73a34383,2025-05-30T10:16,8,69.44,Card,Completed
c8501c80-5415-4bd6-bdf1-6b169e0b0d03,c1a09d60-c9e8-4489-a68e-e01b51541d33,2025-07-01T10:16,3,50.40,Cash,Completed
fe6c49ac-8456-4ae2-baf7-73c16be40275,e38afcd9-9e08-47ba-bc92-5ebb4bc271eb,2024-01-22T10:16,6,60.30,Online,Completed
8bc7eb8e-b384-426c-aaa4-f5bfe1cb70e9,60cd80b6-3967-4dae-b4df-adc7b5644971,2025-09-06T10:16,7,77.56,Online,Completed
20500a8b-78fc-4d3b-bb49-4567d4e1ddf0,f6c35464-33dd-44a7-bf84-071f2e427045,2024-09-14T10:16,1,28.32,Online,Cancelled
6bc829b4-10c1-47c9-bae0-523c925d324c,d3f641e5-b8b5-4f5f-9155-7768df2033e8,2025-07-16T10:16,9,102.33,Card,Cancelled
3563e82f-56d9-47f7-b1a3-a4cd07aa3b3c,910b1d47-5c37-48b1-8bde-96c60660f1d7,2024-04-24T10:16,8,187.84,Card,Cancelled
65eedd7f-b40a-42b8-81b6-4b00c7902309,3910ab11-8758-4a4f-8a9b-c4f5df7413c4,2024-10-31T10:16,1,21.86,Online,Pending
88db26ad-4ae6-4808-85f8-4ea4407f0247,69446e90-4237-4410-ab55-e011eb04cce0,2024-05-23T10:16,3,17.13,Card,Completed
cec1b06f-068a-4dfc-b3da-aee7eb120d0b,0a0ac3e5-6e20-4fbc-87ec-5481c70e38bc,2024-09-08T10:16,8,170.88,Card,Completed
233e5b8c-64fc-49a2-98f3-5beb01e84529,3befa4dc-d961-4a3a-9410-d43d1bdaa335,2025-01-30T10:16,4,31.32,Cash,Pending
89ba8a91-b5e3-47fa-96ad-305120cd15a1,0472ca7f-b133-4710-8f43-24a3c6c1afd1,2025-01-16T10:16,5,78.40,Online,Pending
42f28fdf-7289-4960-aa60-45dc1bc19671,c0d74d86-5c5b-481d-b8e3-61eeb9c77255,2024-02-07T10:16,8,86.88,Card,Completed
4aefd4af-59ae-4fd2-9e96-552c4a919d76,f3826f04-0dfa-4266-8002-58fede0093f5,2025-01-30T10:16,5,84.70,Online,Completed
0f9ac750-632f-4692-ac98-fa7b8221ed2f,b04ce307-2d1f-4214-b023-d8f4379041a1,2023-11-15T10:16,1,26.33,Cash,Cancelled
c215af59-6543-4532-8fa2-6788774a68ca,c63bd277-c81c-40c5-8720-6ce916d653c4,2024-01-16T10:16,3,62.34,Card,Completed
ff28801c-6e77-425f-8d6a-14f99b3e8c53,56a75a3e-a944-4147-8cba-f1024726993f,2024-06-04T10:16,5,31.00,Cash,Cancelled
019ba671-9ac1-4f50-abed-4997fcfc8e87,5eb75bc0-d5fa-4209-9d42-7767f3f0585b,2025-08-26T10:16,1,10.04,Online,Cancelled
7fc75106-cd26-40b2-8aea-45e09d495962,56a75a3e-a944-4147-8cba-f1024726993f,2025-11-06T10:16,6,107.10,Online,Cancelled
e281de6e-9b92-4653-8aaa-d34e153d810d,46032f36-69bc-465a-9b33-a5d560bfd77a,2025-10-23T10:16,7,69.65,Cash,Completed
a77bc5dc-ef06-4846-9848-0b0c58f3461d,5d6f84a5-a4de-442e-99b9-b8ef714b4436,2024-12-23T10:16,7,168.84,Card,Completed
b0f6bad7-05ed-4427-ad06-ab63a6222b7f,ebbc7df0-770d-44f8-b0ff-c62f9006e40e,2025-04-17T10:16,5,58.30,Card,Completed
ac1b2355-73f9-4df3-aeae-b174fbed850b,3ab3404a-ee80-4ed2-8d90-a6f0dad14e48,2024-09-09T10:16,5,66.45,Online,Cancelled
b9a7f1a6-8af7-4cbe-824a-fff9565cf798,21edfc22-3f73-4335-a774-3cf78ab65e86,2024-03-10T10:16,2,51.70,Online,Pending
c90a9bc5-51b1-44c8-b0ca-67823e912e76,bfa3444b-2be9-46be-b944-720d86a59770,2025-05-23T10:16,4,101.28,Card,Completed
604d634d-1df9-4d90-a838-95621f18143f,365c90d0-a590-4209-9401-2ce55af5ed98,2024-08-12T10:16,9,94.05,Online,Cancelled
35b59f12-3dcb-435a-a80a-5d25d20c2c09,9c53f3f8-5b22-4d77-bd76-cfa6c70e443c,2025-10-11T10:16,4,104.88,Online,Completed
f1aec6a8-b24f-48ba-8846-4fe7e0ba3a76,e38afcd9-9e08-47ba-bc92-5ebb4bc271eb,2024-08-21T10:16,5,74.10,Online,Completed
5c4f616e-7113-4195-a07e-5d65d1b749b4,bfa3444b-2be9-46be-b944-720d86a59770,2024-07-31T10:16,8,122.96,Cash,Completed
44e2a71d-ef8b-4f1c-b881-1ddc2c39158a,a302a1a8-c429-406f-abff-9f273aa0a4b5,2025-06-16T10:16,3,35.31,Cash,Cancelled
8cc58c5a-5faa-4059-a415-eb2a044a7f05,ada8704c-2784-4d70-84da-10078407d2c8,2024-09-20T10:16,2,45.30,Card,Cancelled
196a8e64-e994-4ef5-b610-3a51883a1253,ada8704c-2784-4d70-84da-10078407d2c8,2024-01-22T10:16,2,23.44,Card,Cancelled
3194504d-ab53-4046-98ca-a81b9ef5c0ce,0a5bd884-b432-4ce5-b14e-44b4aedd4c0f,2024-04-11T10:16,9,102.33,Card,Cancelled
2b590d31-77e2-49cd-9a65-9a3506713a6f,e886c155-0dae-4b36-88f5-a86fa474d1f6,2025-05-04T10:16,8,188.32,Online,Completed
f2a5ac42-4537-4b4e-b8e7-fa56a8d6513e,485b65e7-fdf4-474d-afba-37986d8d3cd8,2023-11-29T10:16,3,51.18,Online,Cancelled
4c9850cb-cb52-49a9-a0e2-ca7a0b8f30bc,b014b56e-3263-4b63-8430-46e00bc5ea77,2025-09-04T10:16,6,78.00,Card,Cancelled
c6d7020b-79ad-4165-a987-5cf4af5e74fc,52f5634d-de98-4543-8a1e-cbf1e2d0242f,2024-10-23T10:16,5,148.15,Online,Pending
6688d874-c97a-41b6-9890-cf4988ad02d8,0dd437d0-74fa-43c3-8909-5c955e4d47dd,2025-05-01T10:16,3,55.02,Card,Completed
4b58a316-3d72-4f59-a9d0-d0102003b70f,6945f6f4-b8f9-4d04-90ff-e59ed705578e,2024-03-12T10:16,3,89.49,Cash,Completed
9e66b183-162d-4187-8d18-7f417b5b0d0e,dcfb3d05-846d-4915-99f3-ebbc7559d972,2024-07-28T10:16,3,67.53,Cash,Pending
274a3a54-91ed-4318-bbe4-052391cee5fa,c1a09d60-c9e8-4489-a68e-e01b51541d33,2024-12-12T10:16,2,12.18,Card,Cancelled
8115e5ba-47de-435e-b1a2-e40dbc18ee30,1eeb9c5f-5b7a-47af-b4f1-5a50d9d1089c,2025-08-30T10:16,4,91.76,Card,Cancelled
806b2ec9-098a-4516-ab50-c9c2748cce61,71f17b36-2c37-4cfa-bf8a-894fa94c0e9b,2024-07-30T10:16,6,92.40,Card,Pending
181256e3-c157-4c30-ae81-e75f22c23919,4717d2a3-4b2a-44f1-b960-a2b73e2d23fd,2024-03-06T10:16,6,107.22,Cash,Completed
0608940a-ea9c-43cb-bdf1-6538fa15b08d,058b9c75-b72f-4594-80d2-e41194ff7672,2025-11-07T10:16,9,87.48,Online,Cancelled
7547de05-96b9-4aaf-a19c-501ad34da342,92da274a-bea2-490a-bb52-196c46fa8487,2024-06-21T10:16,4,20.08,Cash,Cancelled
64b9a4c8-8de8-4e28-86b1-dfc884c8223e,caad7924-4bc5-4f85-9662-11ca261e3c87,2024-08-28T10:16,9,53.91,Card,Pending
281d36a7-1a79-49e4-b428-266687c4ff04,80537cf2-360f-4740-8b7e-d4cd56e22987,2025-08-03T10:16,7,119.21,Online,Pending
3bd243ee-6b71-453c-b934-d78a95b2fc83,10b26c2d-7d56-4175-84a8-a2775e128a9d,2024-12-18T10:16,1,11.26,Cash,Cancelled
ef237e16-e3a7-4170-80ee-a2ddab55d0a8,0fcf4084-ea31-49f8-99f9-9bf8c8b0c16b,2023-12-04T10:16,2,42.90,Online,Cancelled
b31225fd-df11-447c-af13-7bc58441f604,10b26c2d-7d56-4175-84a8-a2775e128a9d,2024-12-29T10:16,5,40.60,Cash,Pending
6567fe56-1e67-4fda-ae68-06eaed781661,6117b6f0-c4f4-4bf1-9eeb-f33950decba8,2025-03-02T10:16,9,143.01,Cash,Cancelled
e90c7a48-2a05-4170-8792-0f334ceceb2a,89d26a00-0fde-4c03-8430-b06f6bc3f33a,2024-01-05T10:16,1,7.61,Card,Pending
de5505dd-9fce-4cdd-b903-5c028affcb15,67c276b0-7be6-4f3c-bf86-c342095c8112,2024-03-05T10:16,3,39.18,Cash,Cancelled
220c5ce2-8e38-486e-b472-fba1ad25bad8,ebbc7df0-770d-44f8-b0ff-c62f9006e40e,2025-04-11T10:16,5,37.80,Card,Cancelled
0a33f7fe-8d1f-4b49-80f7-96887e1682f7,c1a09d60-c9e8-4489-a68e-e01b51541d33,2025-05-30T10:16,5,51.85,Cash,Completed
1b274a09-23b4-4ae6-9a52-746caf128c64,caca465c-e9f2-4add-91b5-24c70595e321,2024-01-03T10:16,4,88.32,Online,Pending
070b25da-3a78-4c11-9dc1-a0bee9ada16d,b047b369-02d0-4f25-9af0-f1e883228863,2025-08-05T10:16,4,119.04,Card,Pending
fcb7aeef-0108-4dd5-bada-5c957ae67670,27e45431-1333-4ffd-a0c8-be56ffdc5d4e,2025-08-06T10:16,7,55.72,Cash,Cancelled
de98c48e-1703-4ad7-87b0-0e7740e54cd4,8250871a-2b35-424e-a1a1-4eb4faffabfb,2025-03-02T10:16,7,202.93,Cash,Completed
d9d9b5a0-94da-44d9-9e13-f0e8ba845bc9,69446e90-4237-4410-ab55-e011eb04cce0,2024-10-26T10:16,1,20.70,Online,Cancelled
4697cc66-ad80-4dcd-9828-4194059501f2,d7af10ce-45c9-4fc8-8dd8-b1c5491aad5f,2023-11-28T10:16,4,118.16,Online,Pending
4360cd6d-ce23-456c-86f0-1c9f1cdbe6d8,ba5d9947-b043-4aca-8ee0-6b77895cf8e8,2024-03-23T10:16,7,79.31,Cash,Completed
46a5fd1d-732d-4a74-b536-73c4515882ef,10b26c2d-7d56-4175-84a8-a2775e128a9d,2024-11-05T10:16,3,47.25,Online,Cancelled
c8678cce-5616-4f51-a791-146b5c2a3f4e,e85d0261-2d97-4475-a749-363ec9040a74,2024-06-02T10:16,3,75.60,Cash,Cancelled
075323b5-f166-412d-a414-c6c6a9441afe,f90cf3ca-e2d0-4129-bc7a-e8a2b80880da,2023-12-30T10:16,1,13.90,Cash,Cancelled
6ac64ef8-786b-439f-87e6-0c5e28c14840,f543de06-e341-4de2-95ab-ca0fd3ee51fe,2025-09-24T10:16,2,52.46,Cash,Completed
e74f1b59-f375-454c-8d47-0e774d3e614b,0a5a9fc7-e126-48f0-99aa-dea85c606f66,2024-08-31T10:16,1,15.18,Card,Pending
a86c62b0-2e53-4765-b122-1195d0e4955a,050d9901-1cb5-413a-9c31-282028f863c1,2023-12-27T10:16,1,19.58,Cash,Completed
832c0412-b614-41c6-a32d-af3891f5158d,983d66ae-c8b0-46b8-8abc-26a1055cf729,2024-12-25T10:16,7,46.69,Online,Pending
e3040533-1dc4-4efd-aaf5-9d17893bd134,b95f7619-fab2-4df9-8683-1f2aeb93a660,2024-03-07T10:16,4,64.68,Cash,Completed
bc60d7cc-cb20-4f6c-b414-e6954b51de89,e119f98a-df63-41dc-8e01-bb49ca2dc724,2024-12-15T10:16,7,115.78,Online,Cancelled
17462e23-52e9-4a10-8787-197bf977e368,fdb5454e-2230-489e-ade4-9218ff28cbd8,2024-09-13T10:16,4,34.88,Card,Cancelled
b58bcb75-c0c5-4378-b257-82aa162150e6,6e551d53-4f6d-4b84-a9de-3d7c79694805,2025-02-14T10:16,3,68.85,Online,Pending
a58f8c5e-b8da-408c-8253-a6db2c85700f,ebe19120-496a-47fa-87eb-2440212a3363,2023-12-21T10:16,3,40.11,Card,Cancelled
41da129a-ceeb-425a-978c-d43f7f2a9a97,6c3bf618-a715-40f9-9faa-cfc5f5beef2f,2024-08-25T10:16,8,98.16,Cash,Pending
c37a69dc-4682-41de-8333-806ac516f523,67c276b0-7be6-4f3c-bf86-c342095c8112,2025-02-06T10:16,4,41.88,Cash,Cancelled
9227b828-dce9-4e22-aeb5-cbec5d359e7f,cd50913f-8c99-4253-9134-0cf5fe5f300f,2024-03-17T10:16,2,18.78,Cash,Pending
7f335c95-e799-42bc-97a2-5d6ac4a433f9,59827b2a-ae17-44b1-bd6f-6f08718559cb,2025-03-22T10:16,8,157.28,Card,Cancelled
aafcc4d6-d7c4-4df9-9fce-08c8749714af,0a5a9fc7-e126-48f0-99aa-dea85c606f66,2024-07-19T10:16,5,136.10,Online,Completed
c4b47bdd-42d8-4007-a775-aec5fc2d2611,52f5634d-de98-4543-8a1e-cbf1e2d0242f,2024-07-15T10:16,9,156.33,Online,Cancelled
ed97debc-b892-4087-901c-3978f6ef30a6,8f7f530b-bb30-4a05-b437-744ed30af54f,2024-02-08T10:16,8,56.72,Card,Completed
5e74fe37-52f4-4c59-bead-945dfc3c542e,5f0f3def-9ff6-4282-ad04-001c4a769966,2025-08-31T10:16,5,66.65,Card,Cancelled
469fc5ed-c31e-4f85-8be7-f62e3a9737e9,f90cf3ca-e2d0-4129-bc7a-e8a2b80880da,2024-03-15T10:16,8,48.72,Card,Cancelled
fc18e86d-73f4-4e46-88b5-7890d845a79d,a938df5f-7764-459c-8bfd-90409d16b3c6,2024-07-30T10:16,4,109.32,Cash,Completed
9ea73471-5adc-4b73-a07f-a733d04556e6,f3826f04-0dfa-4266-8002-58fede0093f5,2023-11-15T10:16,7,194.11,Card,Pending
77e65c7e-1c19-4208-8548-f946763c3cd6,b03f75c1-655f-4480-a2bf-1a0af806e96e,2025-04-01T10:16,3,59.40,Cash,Pending
1e84b0df-db3e-46d4-a01b-de5d1fe2e1af,000f9c8f-2fc7-4346-844d-c04f10751265,2024-11-29T10:16,7,50.33,Online,Completed
5ef49189-e584-4e9a-bc37-1c65cc215660,b03f75c1-655f-4480-a2bf-1a0af806e96e,2024-01-05T10:16,6,51.96,Cash,Completed
f6bc31f5-d470-4e97-b90a-5c91d81f49d4,ceafdb2a-788d-48e0-acdd-bd533a2e7ab6,2023-12-17T10:16,6,168.78,Online,Cancelled
e5279f2e-e658-4d83-981a-6b792a74c66c,500fde18-ea61-4380-9ea4-f06d09985870,2023-12-11T10:16,2,13.52,Cash,Cancelled
bb0137fc-7eea-4c44-9143-7ec0df3ed037,0df3bae1-6384-4856-aa27-aef9f6c48b75,2024-06-01T10:16,9,188.91,Card,Completed
3fb9ba4c-554b-4699-8c4c-67b25e3864e2,6f61ca8e-51a1-48e0-abfa-88326e713e34,2024-11-08T10:16,9,209.70,Cash,Cancelled
85d0fa87-35e3-46cd-a112-0d06bf17680a,99c406e7-092b-4eeb-bc08-56fc041c253d,2025-07-30T10:16,5,56.85,Card,Pending
000386d7-7c08-4bfb-914a-abb7e91125e4,515fe1d2-d33a-4b9d-8c19-07e0cbe81a9a,2023-12-07T10:16,6,92.28,Cash,Cancelled
b940deee-3e14-465a-b8ac-11a3d357dc33,515fe1d2-d33a-4b9d-8c19-07e0cbe81a9a,2025-07-09T10:16,7,175.42,Cash,Pending
d745f570-b41f-4ec8-a54c-3e909ded7dd3,80537cf2-360f-4740-8b7e-d4cd56e22987,2025-09-23T10:16,3,75.81,Card,Cancelled
1463cef3-2d24-4d07-b3ad-bb19ae84f26e,6b1178fc-1745-401d-88da-3903c243ebe9,2025-01-06T10:16,9,49.59,Cash,Completed
878b5077-3007-49c1-aff9-6a9c1c0d6d50,910b1d47-5c37-48b1-8bde-96c60660f1d7,2024-12-29T10:16,8,128.72,Cash,Pending
4dd230c7-00a9-44f9-aa9c-01f2f9abd0c0,050d9901-1cb5-413a-9c31-282028f863c1,2024-11-20T10:16,3,34.26,Online,Pending
4f3df959-3f91-4995-a478-f5ed92dfc996,cb8747c7-32ca-4b6b-868d-13ab01d953ec,2025-03-01T10:16,4,25.80,Cash,Completed
b7a2e3f8-b2cc-4904-8f09-4979f5082666,3dcaabe3-78c9-4d88-bed5-56ca7ceea07c,2025-06-21T10:16,1,25.77,Card,Pending
fad22443-7b61-4bb6-ac30-8a7685d8db3a,ec3490d2-e8da-47ee-ae12-0ca0b1d7a2bb,2025-11-10T10:16,8,52.64,Cash,Cancelled
ba6f2ff9-a3b7-42e5-bdb7-fbfeaaedac8b,68169a66-a8d4-4763-914e-7befc826445b,2025-08-08T10:16,5,31.05,Online,Cancelled
61a651c0-d971-4d3f-bc1a-7cd1ab0da837,515fe1d2-d33a-4b9d-8c19-07e0cbe81a9a,2024-07-24T10:16,9,181.80,Online,Completed
a74d8b7c-443f-4cc4-bee5-b93b0e3af748,9fa382f0-8393-48db-ad30-43c953282401,2025-05-04T10:16,2,30.14,Card,Completed
4ebf1397-9216-46f7-b323-09031bd1993b,6b1178fc-1745-401d-88da-3903c243ebe9,2024-12-11T10:16,1,10.49,Card,Pending
52080836-3bba-4a7e-aa0c-961a80cd5c81,4bb2d776-14c0-4ef6-b8ba-c580cbed72b8,2024-01-14T10:16,8,236.08,Cash,Pending
61aef9f3-4505-46d7-8300-e4f155db61db,d7af10ce-45c9-4fc8-8dd8-b1c5491aad5f,2023-12-20T10:16,4,52.68,Card,Pending
bd6f405b-e09b-4396-bf94-854d9f2414e3,ada8704c-2784-4d70-84da-10078407d2c8,2025-10-26T10:16,9,156.15,Online,Cancelled
9e4f2d21-6b9a-4a6c-83d8-80fdd1129533,953417c6-cd52-45e9-9ca0-bb450653c934,2024-01-26T10:16,1,6.33,Card,Completed
5e5f63da-9d3d-454a-995c-4462ad2d1fc3,05ccd8a5-ea5f-4353-bd1e-3022152b0685,2023-11-14T10:16,5,46.45,Card,Cancelled
284f3a7f-34be-4e78-935d-ed50f582ba87,4739f27f-7a96-4d52-83ae-0c6fd4c8c606,2023-11-20T10:16,1,28.76,Card,Cancelled
de591581-0e68-4796-9cbe-e6251c1bfce8,0472ca7f-b133-4710-8f43-24a3c6c1afd1,2024-01-05T10:16,1,15.81,Card,Pending
bd9f1676-f897-41b4-906f-0a9edbb56c83,c0d74d86-5c5b-481d-b8e3-61eeb9c77255,2025-05-03T10:16,2,14.94,Card,Cancelled
cbbdb8a8-703a-40e3-9472-bf2130e9448b,0b2a0e9a-e050-4380-b607-57adcbbf59d4,2024-03-06T10:16,7,207.20,Card,Pending
48796539-fe73-42ed-bee1-098a7fe02197,52fbb114-83aa-432d-b2f1-f3e37a5c4754,2024-11-16T10:16,3,32.82,Online,Completed
440120df-062e-4672-a3e4-2225b8b7f626,bb6ceda0-3f7a-4dfa-9862-41a88dd468b2,2025-02-02T10:16,3,27.03,Card,Cancelled
6bed8cc3-900d-44f8-a8be-56f95f8361c5,cd50913f-8c99-4253-9134-0cf5fe5f300f,2025-08-09T10:16,7,85.96,Online,Cancelled
49dfc826-9bb4-49d5-a401-998084317bd2,e6e1db85-f8ba-4264-9c9a-520ecda4bc4c,2025-06-01T10:16,8,140.08,Online,Cancelled
5f02414b-4d2b-4fde-9cd5-1b47aaeb8f1a,b95f7619-fab2-4df9-8683-1f2aeb93a660,2025-08-14T10:16,9,235.71,Cash,Cancelled
625503fe-bb1b-4da4-b9dd-d64c360bfdfa,941529ef-2114-4bff-907a-4596ff4593a1,2024-03-31T10:16,3,64.08,Online,Cancelled
e8810ecf-a0e0-4152-9c5c-c65ec30c8d19,0e0d5f13-edd5-4ab0-9ddd-3df111bedc5a,2024-11-10T10:16,2,38.34,Card,Pending
8ca5e91a-cd7f-4365-974f-f78aad2213b4,b3688304-b24b-416a-9bf4-c2b6aaeb59d3,2025-10-25T10:16,1,20.93,Card,Pending
4060710b-7422-4657-a284-578d1b099368,a302a1a8-c429-406f-abff-9f273aa0a4b5,2024-06-15T10:16,6,115.32,Cash,Pending
e9d99ce6-c4b6-4b2c-a431-8ee85aea93dd,9305d562-2505-493d-8ed8-3fb721c8f491,2025-09-20T10:16,9,250.38,Online,Pending
694be608-47cc-4ed1-a0c7-be072f4248e4,80537cf2-360f-4740-8b7e-d4cd56e22987,2025-06-09T10:16,4,35.00,Online,Cancelled
96727d33-ac4c-4ce1-b06d-a84d6cbe90d8,c1a09d60-c9e8-4489-a68e-e01b51541d33,2025-08-27T10:16,3,69.15,Online,Pending
2250ad36-cf13-4d0f-a2bc-307da2580e4d,bb6ceda0-3f7a-4dfa-9862-41a88dd468b2,2025-11-07T10:16,3,48.39,Card,Completed
d6643307-6b5f-40c8-9011-e802cdbc680c,bb6bf39c-f455-4e08-a59e-1bdaaa91d4aa,2025-03-05T10:16,7,56.91,Online,Cancelled
5f635d3c-cc5f-47e8-96f0-90f8d5659afa,1eeb9c5f-5b7a-47af-b4f1-5a50d9d1089c,2024-01-08T10:16,8,85.28,Card,Pending
4b805ff6-0225-41ea-8862-7fa741622c3a,6c3bf618-a715-40f9-9faa-cfc5f5beef2f,2024-09-16T10:16,8,166.40,Online,Completed
d5047998-9140-4992-98b7-1d8e86c94789,f3826f04-0dfa-4266-8002-58fede0093f5,2024-03-31T10:16,6,54.30,Online,Completed
fe39f39d-6e0f-488a-86c4-eeefd99963ae,e12c3d24-86c8-474f-b86b-370df36adbfe,2024-03-13T10:16,9,160.38,Card,Completed
46ebd676-bef8-4493-a5e7-e829871c353b,0a5a9fc7-e126-48f0-99aa-dea85c606f66,2025-02-27T10:16,4,74.64,Cash,Completed
5830eb19-82e2-4f77-9c86-3d606da8bc21,67c276b0-7be6-4f3c-bf86-c342095c8112,2025-10-25T10:16,1,27.85,Online,Cancelled
9d8a5ad4-8185-48dd-b501-90c836168b4a,bb6bf39c-f455-4e08-a59e-1bdaaa91d4aa,2024-12-26T10:16,9,114.57,Cash,Cancelled
0d57de77-4065-4b77-bb52-887950418db5,953417c6-cd52-45e9-9ca0-bb450653c934,2024-12-15T10:16,7,74.41,Online,Pending
163f9ee6-f8cd-463d-960a-80cb8ab2d00d,6e6d2c67-f7fb-4a98-8f9a-4822259b25c4,2025-04-23T10:16,1,25.06,Card,Cancelled
91cf3164-2e35-4d7c-b124-4f73dc11c8b6,4f6ae324-5b6d-47d6-a86d-26ec6fbe1e0e,2025-08-31T10:16,9,138.96,Cash,Completed
9c93c5f9-0ea0-4e3e-a51d-d17495614274,0a0ac3e5-6e20-4fbc-87ec-5481c70e38bc,2024-02-09T10:16,4,49.36,Card,Cancelled
05c8bb13-0818-4d29-a9e8-94ed41204485,a190f67b-21df-46bc-8164-46bdfa00af85,2024-05-26T10:16,1,13.22,Online,Completed
fb84901a-3bd1-4343-8caf-4f63180ea6d1,c9dcc28a-ae5f-477c-ae7e-72d94129f449,2024-07-25T10:16,1,5.63,Cash,Cancelled
7450329c-1c06-46d0-b1be-8db2f8570ca7,0130fcd4-a6cf-4a72-8400-7bcae1abce34,2024-06-10T10:16,2,12.20,Online,Completed
76a2a632-8c92-496a-b25e-5fa40fc7dbe2,62a2bfef-ca4a-4dec-90ea-bf15ea1880d2,2024-08-17T10:16,9,84.51,Cash,Pending
82f9061e-7923-4e96-8054-02cf129ea399,983d66ae-c8b0-46b8-8abc-26a1055cf729,2024-02-26T10:16,6,131.34,Online,Pending
e856168d-2110-4f1c-b2ae-74dd7a0e328e,209e786b-2a61-4e52-a3b2-1cc98bcbf18c,2024-03-07T10:16,6,62.70,Card,Completed
c9d40a07-06e9-42b3-aa37-8ece3b82b965,c63bd277-c81c-40c5-8720-6ce916d653c4,2024-01-17T10:16,5,31.90,Card,Cancelled
749c87cc-4a74-4bd4-a0c2-3fa695c93a24,77ca464a-fe0d-4dcc-8f08-3eb2f7b64f76,2025-04-12T10:16,7,118.44,Card,Cancelled
3e6eb777-e5be-4d1b-b103-d412b711b0f2,4e44f26d-5455-405b-8fdb-63ab8b739ecf,2025-06-18T10:16,8,128.08,Online,Completed
6079d133-b321-4276-b9cb-5bfb5aa29d4c,06e585f0-5b60-4900-81d1-3379328e6c17,2025-04-04T10:16,9,117.36,Card,Completed
720f28df-65da-467e-8fe3-f4b1d4207245,e886c155-0dae-4b36-88f5-a86fa474d1f6,2024-01-09T10:16,8,186.80,Cash,Pending
a0c9a45e-139c-499e-8fc8-5ead154aba45,c63bd277-c81c-40c5-8720-6ce916d653c4,2024-01-02T10:16,5,90.95,Card,Cancelled
784d71ab-e89a-457a-96c5-4e98d97d9f17,0130fcd4-a6cf-4a72-8400-7bcae1abce34,2024-06-30T10:16,2,35.84,Cash,Cancelled
827f690c-1d16-4f43-b3bf-575cab843276,7d2df59f-386d-4aec-85a8-2443262a0cb4,2023-11-25T10:16,2,13.94,Cash,Completed
d4015311-42a6-48eb-adc3-31db8a8f4743,941529ef-2114-4bff-907a-4596ff4593a1,2025-07-17T10:16,5,25.25,Card,Pending
52c92763-3e24-43be-8078-2f4abd4e0805,bf0de251-90d7-423c-8b31-48df1a89964f,2025-10-07T10:16,9,159.57,Card,Completed
c4b30656-c561-4252-8687-29187dc96779,6e551d53-4f6d-4b84-a9de-3d7c79694805,2025-08-19T10:16,1,11.18,Online,Cancelled
a0947786-8963-4deb-887a-3323129550a3,62a2bfef-ca4a-4dec-90ea-bf15ea1880d2,2025-09-28T10:16,2,36.40,Online,Completed
ea416b0f-eda1-48ad-906e-564d35ce9ad9,f90cf3ca-e2d0-4129-bc7a-e8a2b80880da,2024-06-26T10:16,5,45.55,Cash,Pending
e838d18b-cfc8-4372-a0bf-5ae19b74e027,caca465c-e9f2-4add-91b5-24c70595e321,2025-03-07T10:16,2,34.86,Cash,Completed
dcd87c5b-60d7-449c-97cf-6e23e22ef183,b0d737cd-ec4b-4a88-aa81-d012ef3fb719,2024-09-22T10:16,6,55.32,Card,Cancelled
6c45fed5-114a-4333-b9d0-7fa92e93c6ea,910b1d47-5c37-48b1-8bde-96c60660f1d7,2025-06-09T10:16,3,55.20,Card,Cancelled
336ded10-7c6a-4c73-bd5b-731aed5b89cc,06e585f0-5b60-4900-81d1-3379328e6c17,2024-04-25T10:16,4,53.08,Card,Pending
5911d264-74c8-47cc-b0db-a488194b9a6e,b03f75c1-655f-4480-a2bf-1a0af806e96e,2024-02-04T10:16,2,25.16,Card,Completed
e32f99eb-180e-4d24-aa2b-87fff9922ea2,3befa4dc-d961-4a3a-9410-d43d1bdaa335,2025-08-31T10:16,7,96.67,Cash,Completed
9f248959-3a1b-4bc5-b0c7-c723a036b026,63846b60-b7be-4087-ac6e-56c9bc130a20,2025-10-22T10:16,7,188.65,Card,Cancelled
9f17d0aa-8f80-473f-8309-60c8291dc5fc,74e76582-f1b8-4560-b049-8aebb59d4721,2024-12-09T10:16,8,71.44,Card,Pending
7dbc72ee-1778-4689-8e90-32921aabd792,6c6a3b10-9747-4dca-a041-4edc22d147b0,2024-02-20T10:16,1,9.37,Cash,Cancelled
4d3cd1c0-76d0-4b04-a0d5-561e870a37c4,3910ab11-8758-4a4f-8a9b-c4f5df7413c4,2024-05-15T10:16,7,112.77,Cash,Cancelled
86144781-fcd7-458e-b853-3447969ad81e,3910ab11-8758-4a4f-8a9b-c4f5df7413c4,2024-08-17T10:16,8,218.24,Cash,Completed
9b22209c-11e9-4f27-a1fa-e533f168a429,0d463f72-c3a1-4a2b-8d0d-1721a0d1a06b,2024-09-20T10:16,4,68.40,Card,Completed
16945920-fa85-47ea-86ce-c2e0e9662f9b,aff4340c-d102-49ba-af8e-84d2737ce82c,2025-03-14T10:16,5,119.60,Card,Pending
761fa12a-6d69-4949-9923-be110974eee8,56a75a3e-a944-4147-8cba-f1024726993f,2025-06-23T10:16,3,71.37,Online,Completed
f3b12acd-1811-4d6b-b79d-ecc5e4bb9559,c63bd277-c81c-40c5-8720-6ce916d653c4,2025-03-30T10:16,2,23.20,Cash,Cancelled
d6a984e1-d0f6-4a88-8c46-a94038b9ebb3,a302a1a8-c429-406f-abff-9f273aa0a4b5,2023-11-19T10:16,5,117.60,Card,Cancelled
852daabf-10da-4b89-9b82-dd944829ebac,0fcf4084-ea31-49f8-99f9-9bf8c8b0c16b,2025-04-26T10:16,8,137.12,Cash,Completed
8295399c-5ae1-404c-9082-d589afd80116,c46351bf-193f-49af-a5d6-456188837c3d,2024-12-05T10:16,3,46.92,Card,Completed
a96db509-b105-4265-9c58-40fd297e8bde,b047b369-02d0-4f25-9af0-f1e883228863,2023-12-15T10:16,5,71.05,Online,Completed
8428a476-5a5b-4e12-8f5b-f9c2e4835b87,f90cf3ca-e2d0-4129-bc7a-e8a2b80880da,2025-04-23T10:16,2,52.24,Online,Completed
bca652da-cd10-4993-9ecc-379dc4e9b24a,ceafdb2a-788d-48e0-acdd-bd533a2e7ab6,2023-12-06T10:16,3,58.29,Card,Cancelled
730750f1-84ec-4ed3-90be-12c8f71661fa,d6d4ef4b-0870-48aa-b884-013237f255f4,2024-07-15T10:16,7,118.86,Online,Pending
ee9d9a35-bd4d-4af8-b16b-fecfd088c82f,3befa4dc-d961-4a3a-9410-d43d1bdaa335,2025-06-03T10:16,6,168.72,Card,Pending
e9870d05-ad33-44ff-b36a-51f70334c3bb,65b2c0ea-6192-47fc-9286-2c1dd3ecefb1,2025-08-08T10:16,6,158.70,Cash,Pending
b7e7fb42-4540-4060-bdc2-fac69d9e7e0a,515fe1d2-d33a-4b9d-8c19-07e0cbe81a9a,2024-02-19T10:16,7,89.18,Online,Pending
696adb0b-55aa-4164-94b3-346f5bae1283,3befa4dc-d961-4a3a-9410-d43d1bdaa335,2025-04-29T10:16,9,167.13,Cash,Cancelled
395188b7-9bac-46bd-9b08-d1b996c3f6bd,9fa382f0-8393-48db-ad30-43c953282401,2024-03-14T10:16,8,100.08,Cash,Cancelled
32756e18-e71f-4668-8248-ccbc6b21d63c,103fcba5-5588-45a5-9fe0-6ac948d3860e,2025-05-31T10:16,5,48.55,Online,Completed
9eae41f2-335e-4644-95be-0aa1a80c7f37,0130fcd4-a6cf-4a72-8400-7bcae1abce34,2024-06-20T10:16,6,124.26,Cash,Pending
d64dad44-0f96-4da5-9e9c-ff6216673192,0df3bae1-6384-4856-aa27-aef9f6c48b75,2024-03-10T10:16,9,227.61,Cash,Cancelled
c1fc6835-3fa6-4cf1-96c0-cd23d3af5edb,5f6e51da-5f01-4c9a-85dd-7d50ef37e5d7,2024-01-06T10:16,2,23.88,Online,Completed
03e5fdc5-f0db-408c-8725-51786faed425,ba5d9947-b043-4aca-8ee0-6b77895cf8e8,2023-12-20T10:16,7,92.89,Online,Completed
a8e83ce5-aabd-471b-b599-37be8918c713,000f9c8f-2fc7-4346-844d-c04f10751265,2024-09-02T10:16,7,128.87,Online,Pending
540ff35f-afa7-4f91-bafa-1a4341ea9234,e6cb1215-5314-4d05-bfd1-f6e5d36e89f7,2024-03-17T10:16,1,28.73,Online,Pending
6fed0d8e-454a-497e-95f8-a07889e09e83,e38afcd9-9e08-47ba-bc92-5ebb4bc271eb,2024-01-19T10:16,5,86.80,Card,Completed
6c62224d-ee2b-4417-abbd-b9cfc552c0e9,3befa4dc-d961-4a3a-9410-d43d1bdaa335,2024-05-17T10:16,3,48.24,Cash,Cancelled
6b46278a-0dac-4cbe-b388-6e2c90c94e0e,3e97fc93-73a7-45e0-9888-f7a03ee258a7,2024-03-13T10:16,6,175.86,Online,Pending
9b5fddb5-0666-41cf-ae10-e1a3fa055c54,1233cc27-7567-48e0-8dd2-6b0019506c2f,2024-12-27T10:16,9,257.22,Card,Cancelled
d230f3a9-2eca-49ea-9211-11a5da703781,953417c6-cd52-45e9-9ca0-bb450653c934,2025-08-10T10:16,8,167.44,Cash,Cancelled
b6c8cded-2a84-412e-970b-413b32cec72d,1233cc27-7567-48e0-8dd2-6b0019506c2f,2025-07-22T10:16,3,69.63,Online,Completed
fa759d66-de35-4b7f-ad93-1fa42c36abe1,1eeb9c5f-5b7a-47af-b4f1-5a50d9d1089c,2024-12-06T10:16,3,30.33,Card,Pending
176bd75f-af1f-476b-a899-42f76857c810,fe624323-ba72-456d-9842-ed9e0edc75df,2024-05-03T10:16,5,71.45,Online,Pending
d1e57216-8600-4de7-81c3-7786f7bd7ac6,983d66ae-c8b0-46b8-8abc-26a1055cf729,2024-11-20T10:16,8,196.96,Online,Cancelled
95c2524f-b99b-433e-b90a-302ed4ff6ebc,25659c0e-6eb5-4c57-add8-fb6ac5f42699,2025-08-01T10:16,2,18.16,Card,Cancelled
36c4db46-c930-44f6-8ea3-458542e93119,93cdeef1-3fc3-4a63-a275-0ae87ae6b335,2025-08-31T10:16,2,28.00,Online,Cancelled
17855792-bea6-44de-9a60-20c6a5964fcd,1233cc27-7567-48e0-8dd2-6b0019506c2f,2024-04-21T10:16,5,110.20,Card,Cancelled
aa782bf3-7af6-486e-b627-3ac9055bb132,8887df7e-682b-4d48-b18c-c1ddfa0aaa26,2024-12-30T10:16,6,108.90,Online,Cancelled
b7066648-6b92-486e-a3de-010d7310cd24,bf0de251-90d7-423c-8b31-48df1a89964f,2024-12-08T10:16,9,143.73,Online,Completed
3aaebaa7-ae53-490f-b399-497402ac11c3,46032f36-69bc-465a-9b33-a5d560bfd77a,2024-07-17T10:16,1,25.55,Card,Completed
de182a23-7985-45b0-997d-662e3b1d72a3,209e786b-2a61-4e52-a3b2-1cc98bcbf18c,2025-03-23T10:16,6,40.68,Online,Completed
e094bb37-6a37-49cd-956e-1bc8bead862f,f90cf3ca-e2d0-4129-bc7a-e8a2b80880da,2024-01-15T10:16,8,190.16,Online,Pending
925cea3f-b8fa-4bf2-ac9d-96e79a9a0909,52c87fd9-fdf0-4256-b929-6153ad24a0ac,2025-03-31T10:16,4,87.04,Card,Pending
5f698956-130d-4cbf-97fd-65557e9570d0,74e76582-f1b8-4560-b049-8aebb59d4721,2023-11-27T10:16,2,33.34,Card,Completed
10f7453b-0c3e-4365-a5a4-4469c2b2c4bb,60cd80b6-3967-4dae-b4df-adc7b5644971,2024-10-10T10:16,5,51.50,Online,Cancelled
4cce42ac-ec7f-4a89-b9f2-49c4cd45052d,e12c3d24-86c8-474f-b86b-370df36adbfe,2025-02-15T10:16,9,155.16,Cash,Pending
47f35b85-cd7f-4423-bb3e-f6bc4cb91058,4e44f26d-5455-405b-8fdb-63ab8b739ecf,2025-01-01T10:16,7,203.56,Online,Pending
ff64164b-252e-4e0a-ab07-359743aa955e,b95f7619-fab2-4df9-8683-1f2aeb93a660,2025-07-02T10:16,1,14.21,Cash,Pending
b31db14c-2e51-41ad-bc67-9f517681f36b,b014b56e-3263-4b63-8430-46e00bc5ea77,2025-09-26T10:16,1,13.34,Online,Cancelled
5acf8f90-5d96-4bd4-b18c-9cdb2c9c72f2,2ca088cd-c6c6-4e60-a1a4-d2990ee21b12,2025-04-10T10:16,2,22.00,Online,Pending
e0e15279-f5c6-4f42-9a72-a5f74b626e8a,3ab3404a-ee80-4ed2-8d90-a6f0dad14e48,2024-11-12T10:16,2,58.84,Online,Completed
2a2616c1-2ec6-449a-9cfa-bfb64f85a244,c83bba2f-5229-4998-9566-1f3179b13e8a,2024-10-15T10:16,3,67.38,Card,Pending
a97aaaf9-8a92-418c-a7b0-59d5f5cde185,d5eaf6a7-76cc-48ec-98d9-ba713e2df70f,2024-06-24T10:16,8,100.00,Online,Cancelled
13f50b1b-54cf-4e4d-a8f3-967a16caaf31,fdb5454e-2230-489e-ade4-9218ff28cbd8,2024-05-22T10:16,5,118.05,Card,Cancelled
38abef6c-1785-46b8-8281-8189fa266af1,6aaabc79-3d35-410f-bb96-f86a3930d0ff,2025-09-21T10:16,2,24.10,Cash,Completed
9bcea075-5533-44aa-b8d4-99f663f1cbad,8250871a-2b35-424e-a1a1-4eb4faffabfb,2023-12-15T10:16,2,27.56,Card,Cancelled
5fe78dbb-e97c-4c34-a88b-3276a0269652,0a0ac3e5-6e20-4fbc-87ec-5481c70e38bc,2025-06-26T10:16,6,34.02,Online,Cancelled
b185ba9d-b300-4fb9-bcea-3cd37dc45adf,bfa3444b-2be9-46be-b944-720d86a59770,2024-12-11T10:16,7,168.42,Online,Pending
e9c378e9-ae66-45d8-99ff-9d0eefdc1316,0dd437d0-74fa-43c3-8909-5c955e4d47dd,2025-07-26T10:16,1,13.69,Card,Completed
4086acf9-716e-4587-b3f5-f86a7f0a013c,fbe227d7-6d32-4407-9783-7fdac983e55f,2025-03-15T10:16,1,26.55,Card,Completed
4bb8e03b-9963-4e9f-934d-499b71d18bed,e12c3d24-86c8-474f-b86b-370df36adbfe,2024-01-26T10:16,6,103.38,Card,Completed
7ea91b71-8589-49db-b1b1-e96e25487253,52c87fd9-fdf0-4256-b929-6153ad24a0ac,2025-01-21T10:16,8,161.60,Card,Pending
3d60dcb1-84ec-4d30-9fe6-60b0c0e1d46e,515fe1d2-d33a-4b9d-8c19-07e0cbe81a9a,2025-10-07T10:16,8,52.32,Card,Completed
786f8a78-1b1a-4cad-b6f9-10b58450818c,1eeb9c5f-5b7a-47af-b4f1-5a50d9d1089c,2024-03-23T10:16,4,84.20,Online,Pending
6279cc2a-85ff-4011-a94f-576ee27e0e27,3dcaabe3-78c9-4d88-bed5-56ca7ceea07c,2025-07-22T10:16,8,91.04,Online,Cancelled
72ea3de2-bd1b-457c-9c57-0734fbad0a72,e85d0261-2d97-4475-a749-363ec9040a74,2024-08-16T10:16,5,138.95,Card,Cancelled
20171d32-1c10-48a9-a0fa-802401e9841c,ecf1ffb0-ac00-4968-87ea-8beef4ace55a,2024-08-07T10:16,4,90.60,Card,Pending
9ebcf378-46e9-4c46-9fa9-6bbcf298d493,ebbc7df0-770d-44f8-b0ff-c62f9006e40e,2024-07-18T10:16,8,132.80,Cash,Cancelled
0327c523-993c-482d-92c2-84cf9c3cc752,68169a66-a8d4-4763-914e-7befc826445b,2025-02-19T10:16,2,53.32,Cash,Pending
fe4c4cb6-ff81-4c88-9d82-f7ccef3cb6d8,f3826f04-0dfa-4266-8002-58fede0093f5,2025-04-01T10:16,2,36.62,Online,Completed
088452a2-7df5-4ee1-b5da-1cf109460322,e6cb1215-5314-4d05-bfd1-f6e5d36e89f7,2024-04-16T10:16,1,17.04,Card,Pending
285d2617-7564-4a03-a6fe-73fe581800cb,9305d562-2505-493d-8ed8-3fb721c8f491,2024-05-10T10:16,6,123.78,Cash,Cancelled
82657b4b-cead-424e-9312-770bd64dfa85,80537cf2-360f-4740-8b7e-d4cd56e22987,2025-02-26T10:16,8,228.16,Card,Completed
b3bbb04d-126a-4d36-bf96-87ece4633798,6c3bf618-a715-40f9-9faa-cfc5f5beef2f,2025-04-09T10:16,1,25.78,Card,Cancelled
cb245e09-39f2-4742-bf7f-ea220c05302b,3ab3404a-ee80-4ed2-8d90-a6f0dad14e48,2025-05-10T10:16,7,36.40,Online,Completed
943680db-81ca-4de9-b548-1f736a19f39b,1a31c678-d420-495a-aff3-0f1609514e1e,2025-02-06T10:16,8,202.56,Online,Pending
2a9db524-2676-4b71-942b-3f08935d6e70,8250871a-2b35-424e-a1a1-4eb4faffabfb,2024-10-19T10:16,3,77.16,Online,Pending
e4e771df-3e4c-4209-a753-5b67d4e994bd,ebe19120-496a-47fa-87eb-2440212a3363,2024-05-19T10:16,4,81.36,Cash,Cancelled
7c70e7ed-2742-469f-a26a-04ab84b4b03a,b6c26110-1b77-4777-8c79-c69ec19b66df,2025-08-31T10:16,1,19.22,Card,Pending
7584ecd3-e86e-4624-896b-83d7475a2b17,0b2a0e9a-e050-4380-b607-57adcbbf59d4,2025-08-20T10:16,9,152.19,Card,Pending
41a156fa-13e5-4542-b4e2-74d91ad3f139,941529ef-2114-4bff-907a-4596ff4593a1,2025-09-07T10:16,2,26.72,Card,Cancelled
f41caadd-137b-4667-850c-c8ee19d6e69f,3910ab11-8758-4a4f-8a9b-c4f5df7413c4,2024-05-25T10:16,4,48.08,Card,Cancelled
49dc0804-8b6f-4844-ae47-ed11dbd33922,b95f7619-fab2-4df9-8683-1f2aeb93a660,2025-03-15T10:16,1,11.48,Card,Pending
4051cab5-e264-4cb6-ad9b-c0564a368c05,06e585f0-5b60-4900-81d1-3379328e6c17,2025-05-13T10:16,8,139.52,Card,Pending
b521c0d4-b4ff-4dde-aba7-68ad3c0648db,1a48aa9a-def3-481d-922a-94300aa97309,2023-12-17T10:16,5,25.70,Online,Pending
84eed1aa-329d-4769-9810-36216801e297,a302a1a8-c429-406f-abff-9f273aa0a4b5,2024-11-22T10:16,2,47.82,Cash,Completed
278e85d1-8069-4521-9bfa-6dcefa214b1c,e38afcd9-9e08-47ba-bc92-5ebb4bc271eb,2025-04-02T10:16,1,8.13,Cash,Cancelled
8ef1d51f-d59c-4391-88d7-c0d156492df8,c0d74d86-5c5b-481d-b8e3-61eeb9c77255,2024-02-28T10:16,5,42.20,Online,Cancelled
9d096b0a-1287-4c25-ae48-dbca2b821568,5eb75bc0-d5fa-4209-9d42-7767f3f0585b,2024-06-08T10:16,3,86.64,Card,Pending
b3408f33-658d-455b-9381-2c5ca85075d6,9305d562-2505-493d-8ed8-3fb721c8f491,2024-01-02T10:16,4,34.08,Card,Completed
adfbc247-19ac-4beb-b451-864fbebff991,3e97fc93-73a7-45e0-9888-f7a03ee258a7,2025-01-25T10:16,6,172.26,Cash,Completed
e7255db1-2eac-48c6-961f-4f60e4a7a4fa,25659c0e-6eb5-4c57-add8-fb6ac5f42699,2025-07-25T10:16,4,37.60,Card,Cancelled
14daac6a-926a-4cbb-b092-388c7ae9aa8c,ebbc7df0-770d-44f8-b0ff-c62f9006e40e,2024-02-02T10:16,9,49.32,Card,Cancelled
29ebc1a5-d449-4986-b731-e01180d1763f,4bb2d776-14c0-4ef6-b8ba-c580cbed72b8,2024-09-01T10:16,9,83.25,Card,Completed
5c0c67ef-9e90-4440-9139-8493d24768bb,fe624323-ba72-456d-9842-ed9e0edc75df,2024-12-06T10:16,1,20.84,Online,Cancelled
ddf94a3e-4462-4183-9198-c08867b8c28c,ceafdb2a-788d-48e0-acdd-bd533a2e7ab6,2025-10-16T10:16,6,146.70,Cash,Cancelled
cf096eb5-999f-43b7-b19b-3bfcd7fd6f4f,0dd437d0-74fa-43c3-8909-5c955e4d47dd,2025-07-08T10:16,3,38.76,Cash,Cancelled
87b141b5-013e-4797-8a35-4043fe7f295d,dcfb3d05-846d-4915-99f3-ebbc7559d972,2025-02-09T10:16,5,48.50,Online,Cancelled
0837bed6-402e-4cb0-9d68-3af55ecfd759,bc58b12c-65c4-4f21-89ef-3e492a22ef7c,2024-01-28T10:16,2,30.48,Online,Pending
c89f304d-8f31-44b4-b61e-38034c121a28,92da274a-bea2-490a-bb52-196c46fa8487,2025-07-31T10:16,9,253.80,Cash,Cancelled
7fa1701a-b3de-42b2-9bd4-766d50315eb4,428424b7-1f94-496a-8b7a-497ce177d32c,2024-11-12T10:16,4,39.40,Cash,Cancelled
fdd8af2f-9a10-46b2-8bc5-738f39bc9039,00d7ae70-0f46-4453-963c-4ab2a3d29314,2024-09-27T10:16,8,161.44,Card,Cancelled
bdf5beac-3407-4e52-beeb-6510b6a48cb8,7d2df59f-386d-4aec-85a8-2443262a0cb4,2024-09-19T10:16,1,27.53,Cash,Pending
491969d1-701f-4e1e-a6f0-7c502e6fff7e,983d66ae-c8b0-46b8-8abc-26a1055cf729,2024-02-06T10:16,8,82.96,Cash,Completed
6740d3ee-9ec0-45db-a7d2-1f2685fcd70c,953417c6-cd52-45e9-9ca0-bb450653c934,2024-04-06T10:16,1,29.44,Online,Cancelled
7e8e0eb9-3125-4277-908e-ea6fee30fa10,e7991221-0de0-4ef8-aa9c-ca3b59197059,2025-06-02T10:16,5,109.75,Online,Cancelled
d3b46d5a-a2b9-4069-a105-6d204fe5e229,0a5a9fc7-e126-48f0-99aa-dea85c606f66,2024-02-11T10:16,6,166.44,Card,Completed
0b24ad3f-b88c-4859-87fb-186212635bc9,1d32c3b3-c732-4995-aa6b-ff159deb3bdf,2025-07-19T10:16,5,117.40,Online,Cancelled
20f35df9-f2c6-41a8-91a2-2cc23e1a078b,5d6f84a5-a4de-442e-99b9-b8ef714b4436,2025-03-13T10:16,5,91.15,Cash,Pending
4a91b41f-374f-42f4-adec-250dfe7278ae,103fcba5-5588-45a5-9fe0-6ac948d3860e,2025-08-07T10:16,4,89.84,Card,Cancelled
6bcf0f87-47e4-4d56-a9e1-060dab97a834,4739f27f-7a96-4d52-83ae-0c6fd4c8c606,2025-07-11T10:16,8,181.12,Cash,Cancelled
0b10da89-f8bf-49c6-ad3c-0d673d8fcc17,2a109685-1399-4149-8951-fba29bb0360d,2024-01-05T10:16,3,84.81,Cash,Cancelled
74f86f49-10f9-4ff3-b32c-6a30d9ab9b2b,23650eb4-f98d-45a3-a90b-a378f03d469d,2025-10-21T10:16,6,30.06,Card,Pending
bb186597-12ae-42f6-b875-239ce3213286,e12c3d24-86c8-474f-b86b-370df36adbfe,2025-01-28T10:16,7,160.02,Cash,Completed
16cef509-e8cb-4a3c-a4e9-6366189a9fec,c63bd277-c81c-40c5-8720-6ce916d653c4,2025-07-16T10:16,3,29.10,Card,Cancelled
29c432ee-1c9c-4104-8fb9-a0b4c0573c14,6e6d2c67-f7fb-4a98-8f9a-4822259b25c4,2023-11-20T10:16,8,227.12,Cash,Completed
30db7143-2e17-4357-ba0c-366f258d5376,62a2bfef-ca4a-4dec-90ea-bf15ea1880d2,2024-10-14T10:16,3,42.15,Online,Cancelled
21b10ccc-586a-4480-b676-7a23c23f2516,8b115a34-224b-453c-be69-b53a7445b466,2023-12-12T10:16,5,137.70,Cash,Pending
22ea61ea-7dc7-4196-b1a8-29290ce559f2,1a31c678-d420-495a-aff3-0f1609514e1e,2024-05-28T10:16,1,11.28,Cash,Cancelled
ca0d2cb9-6024-450f-8a2b-2894ae2581ab,90f0db1e-2b19-43f7-ba17-233c7c214eca,2024-02-05T10:16,3,85.62,Card,Completed
d965a385-77ca-400b-a76a-40a1b59a829e,e886c155-0dae-4b36-88f5-a86fa474d1f6,2025-10-25T10:16,9,220.86,Card,Pending
6de1640f-2db4-4b6b-88aa-5f91ea2b97cc,bb9edfa8-17f7-4f6f-8e3b-616693a298b1,2024-03-08T10:16,8,144.08,Card,Cancelled
d91c44e2-ec65-4886-a55b-e8f40ed0105d,3e97fc93-73a7-45e0-9888-f7a03ee258a7,2024-04-21T10:16,6,127.20,Cash,Pending
3d4e442f-4a0b-4692-939a-d940b9e0fa32,89d26a00-0fde-4c03-8430-b06f6bc3f33a,2024-07-30T10:16,4,83.20,Online,Pending
bfbaa03c-b207-4c36-8b28-4fb099d9d3ef,fe624323-ba72-456d-9842-ed9e0edc75df,2024-10-10T10:16,6,38.64,Card,Cancelled
93bdcbb2-ba5b-4ac7-a17c-5e12fdf9b07b,6bd388d4-5636-450b-bacd-55bdcb769bab,2024-03-12T10:16,3,88.14,Online,Cancelled
289f6e98-dc10-47a8-8f17-cffc6241d925,25659c0e-6eb5-4c57-add8-fb6ac5f42699,2025-06-17T10:16,1,28.66,Online,Cancelled
72783563-ff46-47c1-992d-8d4d4572bc6d,050d9901-1cb5-413a-9c31-282028f863c1,2024-05-30T10:16,6,161.16,Cash,Pending
29ce2c98-bf66-47c6-9550-6f4950f261b6,4bb2d776-14c0-4ef6-b8ba-c580cbed72b8,2025-09-30T10:16,3,47.04,Card,Completed
4c83a984-f61e-4aae-91c9-ba16d54416ac,4b14a58c-f1e4-40b6-888d-a88cd7055099,2024-08-02T10:16,7,140.70,Cash,Cancelled
490d20ab-d918-4f74-95b6-2946ccaa97a2,c0d74d86-5c5b-481d-b8e3-61eeb9c77255,2025-10-12T10:16,4,71.04,Card,Completed
dbac3423-4b3d-455a-afa8-b1f1dcc3122b,8b115a34-224b-453c-be69-b53a7445b466,2025-01-13T10:16,8,131.20,Card,Pending
c0cbd8fe-5805-46a5-b94f-e1fdecc15f05,5f0f3def-9ff6-4282-ad04-001c4a769966,2024-09-21T10:16,3,77.97,Card,Cancelled
8da36e81-0979-4c21-8d16-3ed872e7b621,500fde18-ea61-4380-9ea4-f06d09985870,2024-02-06T10:16,4,67.00,Cash,Pending
522432e1-e5fe-42a3-9dba-2f957eef3f5a,74e76582-f1b8-4560-b049-8aebb59d4721,2025-03-25T10:16,4,94.48,Cash,Completed
4bf51136-63a9-4d53-8bed-68942ccfcc48,4e44f26d-5455-405b-8fdb-63ab8b739ecf,2025-03-24T10:16,7,64.68,Cash,Cancelled
58b4bfed-6a1f-4e51-932c-32d7e030ec83,27e45431-1333-4ffd-a0c8-be56ffdc5d4e,2024-11-11T10:16,6,95.88,Cash,Completed
a3660814-4932-4f10-a7a1-d3f9a6da8d8a,67c276b0-7be6-4f3c-bf86-c342095c8112,2024-05-06T10:16,6,89.70,Online,Pending
141c7c71-9443-4690-9aba-5b3784136012,53db1213-7316-47bb-9099-c1def0e3c96b,2024-12-01T10:16,6,166.14,Online,Completed
0cefbbe2-28a2-4d3f-b471-85658187dc9e,205ea7f7-e714-45b8-a083-11247ff702a1,2024-08-05T10:16,4,118.76,Card,Cancelled
465575cd-ff53-4f41-b692-19501a131863,9b9edd1e-b4f7-414c-b8b5-a3dc51fa0a8c,2023-12-24T10:16,6,102.54,Online,Pending
e2203dc6-6943-400a-bfbd-c8485495220a,ec3490d2-e8da-47ee-ae12-0ca0b1d7a2bb,2024-02-08T10:16,4,78.08,Card,Pending
6f5abeb5-ee5b-4485-af62-21d24fd14dcd,ada8704c-2784-4d70-84da-10078407d2c8,2025-06-22T10:16,5,47.10,Online,Pending
c06f2764-08c2-4879-a97c-f38c0f950736,6aaabc79-3d35-410f-bb96-f86a3930d0ff,2024-04-05T10:16,5,69.50,Online,Cancelled
44106d6b-0612-4127-8733-d4f795ab030a,53db1213-7316-47bb-9099-c1def0e3c96b,2024-06-26T10:16,8,112.56,Card,Pending
18274bee-a6ca-49ac-95fe-0384a9d8cd88,428424b7-1f94-496a-8b7a-497ce177d32c,2025-04-29T10:16,7,78.82,Card,Cancelled
a718511e-903e-4888-856d-4fc7241e3345,b6c26110-1b77-4777-8c79-c69ec19b66df,2024-01-12T10:16,2,19.36,Card,Cancelled
083f0fed-ad12-496b-be1f-8a0164ea64b3,73a2b03c-2dca-486e-8ebc-c4d6bb68a8c6,2024-07-08T10:16,2,34.80,Cash,Completed
783b7adf-296b-4365-bf16-7e64318d4fce,0a5bd884-b432-4ce5-b14e-44b4aedd4c0f,2025-07-23T10:16,4,26.80,Cash,Cancelled
9d0f3115-be18-4446-81a8-4c06da0cca17,52f5634d-de98-4543-8a1e-cbf1e2d0242f,2024-01-21T10:16,4,91.52,Online,Pending
ae4e52df-f82d-471b-9c62-f48b05e0d067,bf0de251-90d7-423c-8b31-48df1a89964f,2025-03-29T10:16,6,48.18,Card,Completed
8b58268b-e0a3-41b7-9df4-f1954907ea56,d87f31d7-79ef-4c17-856e-142e791b04da,2024-03-25T10:16,2,52.70,Cash,Completed
177db247-1a4b-4244-aa6b-28d729b6a3e7,69446e90-4237-4410-ab55-e011eb04cce0,2025-09-30T10:16,8,103.52,Card,Completed
1730e369-0910-4ca5-b155-faaeefc17cd8,c83bba2f-5229-4998-9566-1f3179b13e8a,2024-08-26T10:16,3,65.82,Cash,Pending
3c0670b4-9453-49aa-b4ba-2724f3e6b558,0df3bae1-6384-4856-aa27-aef9f6c48b75,2024-10-27T10:16,9,170.73,Card,Completed
e1e7a18c-ea95-4582-a50b-e3f66024825a,59827b2a-ae17-44b1-bd6f-6f08718559cb,2025-07-15T10:16,8,170.72,Cash,Pending
c3774018-7565-422a-b0b4-59323c2efa54,c1a09d60-c9e8-4489-a68e-e01b51541d33,2025-05-12T10:16,1,11.34,Online,Cancelled
86b437f1-37bb-44d6-a62f-fd23a1a8e603,6c3bf618-a715-40f9-9faa-cfc5f5beef2f,2025-07-25T10:16,5,76.10,Online,Pending
76da541d-5058-4b84-8b60-77aab74cf5e5,058b9c75-b72f-4594-80d2-e41194ff7672,2024-06-04T10:16,4,63.88,Online,Completed
f7afa76d-781c-4728-b537-11d769fb5477,bb9edfa8-17f7-4f6f-8e3b-616693a298b1,2024-04-16T10:16,8,184.64,Cash,Pending
be711895-9845-4a42-b90e-d6ecf2ab0a26,5400d214-6176-40bf-88d2-3f53ed38bf69,2025-05-02T10:16,6,169.32,Cash,Cancelled
df982169-9b78-4e5f-a916-1d44ee20e0da,6e6d2c67-f7fb-4a98-8f9a-4822259b25c4,2025-05-31T10:16,6,109.20,Card,Pending
147c3ca7-613b-4fd9-86f7-8490c5d3d457,1d32c3b3-c732-4995-aa6b-ff159deb3bdf,2025-02-14T10:16,5,111.30,Card,Completed
d029fd85-d52c-4e07-84db-f635c798bcac,bfa3444b-2be9-46be-b944-720d86a59770,2025-02-02T10:16,1,5.19,Online,Completed
35d6fb98-2e3a-484e-9028-b539c82d32e1,89d26a00-0fde-4c03-8430-b06f6bc3f33a,2025-10-24T10:16,8,188.00,Card,Completed
88b6fa45-6f25-4348-8a17-25461201a9f5,b014b56e-3263-4b63-8430-46e00bc5ea77,2025-07-31T10:16,2,44.54,Card,Completed
f0d683fd-cedd-4326-b81d-d730a73dc18d,4e6807ca-aed8-4ec9-b1b0-0e3aba57efb1,2024-09-17T10:16,4,89.96,Online,Completed
a0fe066c-7975-491f-8d0d-926f4f570f48,d87f31d7-79ef-4c17-856e-142e791b04da,2024-12-05T10:16,2,20.68,Online,Cancelled
16b5c136-4839-4396-9cb6-a5503701894f,aac35608-9499-49c5-811a-a059e773c968,2025-04-09T10:16,9,71.01,Card,Cancelled
0715cd5a-debf-4dcd-9222-b26e6bef0975,25659c0e-6eb5-4c57-add8-fb6ac5f42699,2024-06-05T10:16,1,9.25,Cash,Pending
684b4668-4fff-4443-a59a-3b0867fceb94,0df3bae1-6384-4856-aa27-aef9f6c48b75,2023-12-28T10:16,2,55.46,Online,Pending
46a52ce3-7645-4fbf-9ac5-4a3ceb39cfaa,49af098b-bf79-4643-8e49-739ea932d38b,2024-07-05T10:16,3,16.29,Card,Pending
539497ef-f8ed-460a-8332-4ba995112de4,26d032f1-9fe9-487a-987a-a8be14e1db05,2025-02-28T10:16,2,35.24,Cash,Completed
78b630fb-79c1-4e4a-a70a-6d2f04c2be71,4e44f26d-5455-405b-8fdb-63ab8b739ecf,2025-04-28T10:16,4,90.24,Card,Pending
c295ee42-aa33-41e7-884b-aa46ed4967ac,f0a6a958-e434-41bf-a830-dffa55a34db5,2025-05-22T10:16,4,69.20,Card,Cancelled
ef4a69ba-e220-451c-b069-b3f5b1ed76c2,09ba4183-1b94-4f8c-bc5f-eca421a88524,2025-10-02T10:16,6,163.38,Cash,Completed
9d0e7f0d-0bbc-4f40-b74d-e5563d6153c5,0b2a0e9a-e050-4380-b607-57adcbbf59d4,2025-01-04T10:16,6,102.24,Online,Cancelled
1acbb065-8d80-4ac2-85c5-5cd9e313bf65,d5cfb1a3-ce2f-4aff-ab4c-50e0c5426af1,2024-11-19T10:16,3,89.52,Card,Completed
adcef243-c1a2-415d-b9ea-cffe43a8964e,d33bbfcd-a2ca-4e80-8a1c-65223f061e7e,2025-08-21T10:16,6,79.20,Online,Cancelled
8b85ae77-879f-4a62-a2f5-cc288146f521,aff4340c-d102-49ba-af8e-84d2737ce82c,2025-04-06T10:16,1,17.32,Cash,Pending
c12bed59-48df-4838-9dc4-27dedfc29f46,983d66ae-c8b0-46b8-8abc-26a1055cf729,2025-04-18T10:16,4,49.08,Cash,Cancelled
bd94a2d3-3d8c-4a93-b204-5a9485263037,726d71e2-70fd-4416-8568-78619c14a73a,2024-06-30T10:16,3,35.79,Online,Cancelled
d48085c3-0a80-4682-8c6e-b035f3d3dc77,77ca464a-fe0d-4dcc-8f08-3eb2f7b64f76,2024-03-03T10:16,6,45.96,Cash,Completed
c6d248c6-c85a-4a09-8f99-fd05bb585994,ebe19120-496a-47fa-87eb-2440212a3363,2024-10-21T10:16,9,149.13,Cash,Pending
1dcad6d2-e600-400b-90e4-fb7d636806e5,4e6807ca-aed8-4ec9-b1b0-0e3aba57efb1,2024-12-18T10:16,5,109.90,Card,Pending
6a7ac521-0b6f-4af8-a834-4fdbc281b094,e886c155-0dae-4b36-88f5-a86fa474d1f6,2024-04-18T10:16,4,62.04,Online,Completed
e1092fd2-7063-4d71-b219-366be01435f3,1eeb9c5f-5b7a-47af-b4f1-5a50d9d1089c,2024-10-21T10:16,4,65.52,Online,Completed
a2745946-2d1a-42b5-8c7c-9c934aa1f692,52f5634d-de98-4543-8a1e-cbf1e2d0242f,2024-04-13T10:16,2,22.68,Cash,Pending
5e701f01-e308-4a96-a760-7db45e7d5334,cd50913f-8c99-4253-9134-0cf5fe5f300f,2025-05-21T10:16,8,133.04,Card,Pending
255493e8-305b-4615-9afd-7999e07851c7,e38afcd9-9e08-47ba-bc92-5ebb4bc271eb,2025-09-08T10:16,8,107.44,Cash,Completed
5e1c7930-a340-4f44-8369-63f769d9d23b,7a18d550-38d0-40b2-84a7-547162e7e409,2025-06-17T10:16,9,229.68,Cash,Pending
e57bad51-98dd-474b-9717-7bad652e6711,f0a6a958-e434-41bf-a830-dffa55a34db5,2024-08-24T10:16,3,39.78,Cash,Pending
1c27028a-c3b7-4a0e-b1d8-7fc04252bc04,c3ffc43c-0c11-40fa-9824-f234161741d0,2024-07-05T10:16,3,22.68,Cash,Cancelled
545bbf33-b412-49ab-9b14-b610ce4801c1,0dd437d0-74fa-43c3-8909-5c955e4d47dd,2024-11-10T10:16,9,97.83,Online,Completed
1fde5ea4-7534-4501-a095-14759985db4e,7a18d550-38d0-40b2-84a7-547162e7e409,2025-04-03T10:16,8,179.28,Online,Pending
7ec8630a-d244-4995-b484-1598fc6c144e,fe624323-ba72-456d-9842-ed9e0edc75df,2025-01-15T10:16,1,24.48,Card,Pending
1dc9a082-903d-4f7b-a069-1c5a8de12269,60cd80b6-3967-4dae-b4df-adc7b5644971,2025-09-24T10:16,3,82.83,Online,Pending
9b85d966-f13c-45b6-bf49-e4398c1f692a,14eace30-1ac2-411e-8eef-98e8f32a87fb,2024-03-18T10:16,4,50.60,Card,Cancelled
8a93a114-58f2-4eaa-9fd2-fc187decec0d,27e45431-1333-4ffd-a0c8-be56ffdc5d4e,2024-10-29T10:16,4,71.88,Online,Pending
dabc7fce-04a9-4dae-94aa-582a7c8dc3e1,52f5634d-de98-4543-8a1e-cbf1e2d0242f,2025-09-28T10:16,1,7.67,Cash,Pending
93bf4024-f1fe-4fe0-b4da-75f5188444e5,000f9c8f-2fc7-4346-844d-c04f10751265,2024-04-17T10:16,6,114.84,Cash,Pending
954dd22b-2b72-4d72-a9c6-6a5af44b5caa,3befa4dc-d961-4a3a-9410-d43d1bdaa335,2025-03-03T10:16,5,71.90,Card,Completed
c89da878-08f8-4694-a963-abb2f14a0ff4,0a570207-0f70-467f-bbeb-44a0a60a9a25,2024-10-30T10:16,4,77.88,Cash,Completed
6b91f81d-3600-4942-ac33-aaf9866c10af,0a5a9fc7-e126-48f0-99aa-dea85c606f66,2025-05-03T10:16,6,112.14,Card,Pending
468d0837-da30-45c6-8d24-66ca321c6ae7,69446e90-4237-4410-ab55-e011eb04cce0,2025-02-05T10:16,4,112.16,Card,Completed
e3e204d6-2e25-4864-9e6a-5010bcb31cc3,1a48aa9a-def3-481d-922a-94300aa97309,2025-04-12T10:16,7,88.90,Cash,Pending
e5c34491-6117-4d25-b836-beba48176cd9,4e6807ca-aed8-4ec9-b1b0-0e3aba57efb1,2024-05-18T10:16,1,29.46,Cash,Cancelled
80f8a3ba-5a3c-4dc0-b525-400ae5fc2297,b0d737cd-ec4b-4a88-aa81-d012ef3fb719,2024-02-04T10:16,5,55.35,Cash,Pending
ef1e9a19-9968-40a9-8fa5-1f76124a60c8,964d337f-acd5-4ca2-8843-9be3f2eb60fc,2024-08-22T10:16,9,112.41,Cash,Cancelled
40a7a16d-bec6-4a1d-aec9-8cb131bad5f3,bb6ceda0-3f7a-4dfa-9862-41a88dd468b2,2024-09-16T10:16,6,89.58,Online,Pending
130d1b16-ff7e-4a23-a6a4-8c237dcec84b,89d26a00-0fde-4c03-8430-b06f6bc3f33a,2024-05-16T10:16,5,95.85,Card,Pending
8edffca3-1d39-4767-9ddb-034d77734cb5,4739f27f-7a96-4d52-83ae-0c6fd4c8c606,2023-12-15T10:16,3,63.57,Card,Pending
9b737147-ace8-479f-a15d-710da95d06c4,795088d7-d227-422e-ad8c-f048bde0675e,2024-05-18T10:16,4,65.56,Online,Cancelled
e9f9cb30-0880-492a-8a8b-6d2b230805b2,73a2b03c-2dca-486e-8ebc-c4d6bb68a8c6,2024-04-06T10:16,3,68.88,Cash,Completed
2c2e242b-eec9-4ba7-9009-89ad2ca23274,36b880b0-e9bd-4c0b-8f1c-32018f6c758a,2025-11-07T10:16,5,134.45,Online,Completed
ccccd3bd-78bd-482e-85ac-c72f455def57,8113211c-bdc3-4bb0-94d9-3fd3871f3005,2024-12-14T10:16,7,44.66,Online,Pending
6fcf80b0-94a5-4ae6-91c7-64fc409e8532,ebbc7df0-770d-44f8-b0ff-c62f9006e40e,2024-02-07T10:16,8,159.28,Cash,Pending
e9824a7f-49ee-454a-af57-63a99eb00053,8626238e-5813-415a-9a8c-db944b1e0269,2023-12-20T10:16,9,175.86,Cash,Cancelled
5dfa1c69-ae64-411b-b92f-34ab9e954dd4,46032f36-69bc-465a-9b33-a5d560bfd77a,2025-09-16T10:16,7,203.00,Online,Cancelled
754553d7-59c0-413c-8577-9ab9c2b2f339,ba5d9947-b043-4aca-8ee0-6b77895cf8e8,2024-05-01T10:16,1,7.79,Cash,Completed
a8a6d0e0-7869-431b-9fe7-9e330dd32166,e277d099-db2a-4aee-ab86-8b0e73a34383,2025-03-10T10:16,4,100.24,Card,Cancelled
bf208d3d-3354-4616-83df-84bcc7b9fb51,953417c6-cd52-45e9-9ca0-bb450653c934,2025-07-06T10:16,2,41.96,Online,Completed
a3590792-7318-438d-80fc-5d66a38a1a7b,b6c26110-1b77-4777-8c79-c69ec19b66df,2025-05-07T10:16,1,13.38,Card,Pending
272935a2-c30d-4245-8a62-3fc313dc0d05,0fcf4084-ea31-49f8-99f9-9bf8c8b0c16b,2024-01-26T10:16,7,75.39,Online,Pending
7db2c27c-59b6-4d73-8f6a-f8d3572bd612,935ebde1-5945-4673-886e-1a7a12cc2d4e,2025-10-04T10:16,1,24.47,Card,Cancelled
e9f9c3f9-03b4-4082-9ab6-a49f362bbb79,d3f641e5-b8b5-4f5f-9155-7768df2033e8,2024-10-23T10:16,5,44.80,Cash,Completed
4b6fa9ba-9a0e-4db3-9f77-23ce75574f1d,c5817fdc-a4dc-4879-b957-30cfda62016b,2024-06-20T10:16,5,96.50,Cash,Pending
854b1b0a-024d-42ff-89ba-46a531ab5195,8b546c63-5406-493d-bc69-cfb594b38267,2025-02-22T10:16,6,67.14,Online,Cancelled
8228f4c8-7755-45d1-a425-99d24a63a39e,63846b60-b7be-4087-ac6e-56c9bc130a20,2025-06-01T10:16,2,12.74,Cash,Pending
ed39ace9-e385-44f6-8b6a-6b7f9fc31189,9c53f3f8-5b22-4d77-bd76-cfa6c70e443c,2023-11-29T10:16,7,51.24,Cash,Completed
61e09341-8db9-4409-a82d-20471f8ad44e,6bd388d4-5636-450b-bacd-55bdcb769bab,2024-07-07T10:16,7,166.18,Online,Pending
29071de4-c27f-4834-875a-76d27c5e17b4,885715b6-b1eb-44ca-8460-28c0343e56f3,2025-01-02T10:16,6,35.58,Cash,Pending
93264f81-de30-4cac-b9e6-702b6c8715a5,2ca088cd-c6c6-4e60-a1a4-d2990ee21b12,2023-12-30T10:16,2,53.66,Card,Cancelled
76a68d24-3084-486b-9f51-0d8c90cca273,05ccd8a5-ea5f-4353-bd1e-3022152b0685,2025-06-17T10:16,9,118.44,Online,Cancelled
a694b4a8-37b0-4deb-8c3d-f953f4859a04,1407e9cf-22c9-4137-a2fe-cc12dc038235,2025-08-13T10:16,7,158.62,Cash,Cancelled
3c261617-59b9-4d80-a4e7-cb1ad810a03b,6bd388d4-5636-450b-bacd-55bdcb769bab,2025-11-08T10:16,9,54.54,Online,Cancelled
9a9efa74-d6c3-43e7-8256-c88d4848ceb9,1233cc27-7567-48e0-8dd2-6b0019506c2f,2024-09-09T10:16,6,54.60,Online,Completed
6ad3081e-2ac8-4f78-a1cd-d3577c04e3e2,500fde18-ea61-4380-9ea4-f06d09985870,2025-07-06T10:16,7,67.27,Card,Completed
c1f6e594-340b-4055-bdcd-2804292a226f,c1a09d60-c9e8-4489-a68e-e01b51541d33,2024-01-31T10:16,3,57.54,Card,Pending
8d34fb4c-3f48-45d5-a82d-972b21f47da2,7509850a-5062-4da9-aad6-bc5b9e363ef1,2024-10-07T10:16,9,77.31,Cash,Pending
90787a93-087f-4e76-b05c-4781cd780712,1eeb9c5f-5b7a-47af-b4f1-5a50d9d1089c,2025-02-24T10:16,2,29.40,Card,Pending
3543283f-078a-4b1d-b8e6-d7d96f575bd1,a5ffc907-be77-43e6-8694-4a0bf09bd3fb,2025-02-15T10:16,8,177.68,Cash,Pending
b86d0a73-6a65-4316-976d-600f9eb43cb4,23650eb4-f98d-45a3-a90b-a378f03d469d,2024-11-29T10:16,2,27.36,Cash,Completed
76c6e2eb-8e9a-453a-bb28-4c8c497f06d0,39cb44e2-a541-4b98-bc0b-db5f31cf8710,2025-03-30T10:16,1,16.98,Cash,Cancelled
a50f2082-2bd1-48c7-b418-45be9d386c6e,3befa4dc-d961-4a3a-9410-d43d1bdaa335,2024-02-15T10:16,3,23.52,Card,Completed
e4cb9916-a653-40e3-a6db-ba8f5f975843,d87f31d7-79ef-4c17-856e-142e791b04da,2023-12-27T10:16,9,76.77,Cash,Completed
adfaf8ce-3d02-461d-91c6-6b1e2032422b,fbe227d7-6d32-4407-9783-7fdac983e55f,2024-06-28T10:16,8,207.44,Online,Pending
d7540610-4929-4bc5-aecb-59f246475c2f,ec3490d2-e8da-47ee-ae12-0ca0b1d7a2bb,2024-06-02T10:16,8,55.52,Card,Cancelled
89ecc53e-0bc5-423e-8c8c-7d9830b2fb15,d6d4ef4b-0870-48aa-b884-013237f255f4,2024-03-30T10:16,3,89.31,Online,Completed
da6f33a1-d1f6-4fd2-907f-97320dd9a475,bb6ceda0-3f7a-4dfa-9862-41a88dd468b2,2024-03-06T10:16,5,69.55,Online,Cancelled
0dc5d071-48cf-4686-ad1a-ae1afdcf4219,80537cf2-360f-4740-8b7e-d4cd56e22987,2024-08-25T10:16,5,84.05,Card,Completed
cb8c4554-e242-4349-81c4-a0b3f8ea6dae,52fbb114-83aa-432d-b2f1-f3e37a5c4754,2025-06-12T10:16,7,94.50,Online,Pending
f14d34dc-2c61-4ace-a83c-e77aac559111,52fbb114-83aa-432d-b2f1-f3e37a5c4754,2024-03-10T10:16,6,49.02,Cash,Cancelled
fdde5d0d-07c6-40bb-872e-8b16c4788383,f0a6a958-e434-41bf-a830-dffa55a34db5,2024-11-19T10:16,1,5.59,Card,Pending
4c0ebee5-426b-4240-9c7c-50988e45c927,60cd80b6-3967-4dae-b4df-adc7b5644971,2025-10-17T10:16,5,80.60,Online,Cancelled
ad4a1120-51b1-4e8c-8e13-0e38b8f883af,e38afcd9-9e08-47ba-bc92-5ebb4bc271eb,2024-12-10T10:16,2,56.66,Cash,Completed
0562dd7f-b953-416d-a2b1-5fae02c65192,6117b6f0-c4f4-4bf1-9eeb-f33950decba8,2024-08-13T10:16,3,59.49,Cash,Cancelled
7d2404ce-bcfa-4d6a-9974-7afedf812cac,52fbb114-83aa-432d-b2f1-f3e37a5c4754,2025-01-20T10:16,6,84.54,Online,Completed
4e9f9921-a5b6-44db-bc3c-406e9d50fdce,71f17b36-2c37-4cfa-bf8a-894fa94c0e9b,2024-12-19T10:16,1,5.07,Card,Pending
28f9c543-6a67-4547-830d-733db7b7da4b,0e0d5f13-edd5-4ab0-9ddd-3df111bedc5a,2025-02-12T10:16,4,98.24,Card,Pending
831d5e16-fc34-4cc6-849f-7278b6644bf7,3910ab11-8758-4a4f-8a9b-c4f5df7413c4,2024-09-20T10:16,1,7.47,Cash,Pending
c2320faa-32f5-40c4-a6ca-1c21ae54d27e,74e76582-f1b8-4560-b049-8aebb59d4721,2025-02-07T10:16,4,20.44,Card,Completed
d103a5e2-269f-4e95-bd45-afb112975e79,7509850a-5062-4da9-aad6-bc5b9e363ef1,2025-05-06T10:16,4,46.00,Cash,Pending
0bc5a965-79b4-4dfc-bc13-2756aacf1d92,0a570207-0f70-467f-bbeb-44a0a60a9a25,2025-10-22T10:16,7,38.29,Card,Pending
82c0fcbb-64ca-4663-ad59-0a0808bb831d,0a15d43b-8f6b-444a-bef2-ffbddfdbd16f,2024-03-27T10:16,7,109.34,Card,Pending
cb614e7a-0f99-46f7-bdc0-b8aee5bc2b7a,6f61ca8e-51a1-48e0-abfa-88326e713e34,2024-03-05T10:16,7,51.59,Cash,Cancelled
7d65594c-17c7-4ce7-a8d1-edebc85ec7a8,0a5bd884-b432-4ce5-b14e-44b4aedd4c0f,2024-04-20T10:16,3,20.16,Online,Cancelled
36065f0a-cc24-4ae4-8621-021748223e22,401a6911-a31e-4892-adc1-56e3e1eb090a,2024-02-20T10:16,2,41.76,Cash,Cancelled
c2eeecc7-a107-486f-b05a-e271a8db2fbd,09ba4183-1b94-4f8c-bc5f-eca421a88524,2024-01-15T10:16,8,150.64,Online,Pending
86569bd5-d390-41ad-9baa-bb7bd4b352fe,6b1178fc-1745-401d-88da-3903c243ebe9,2025-06-23T10:16,1,15.81,Online,Completed
c932f036-4578-431b-9d1e-660cd9e7dfa9,05ccd8a5-ea5f-4353-bd1e-3022152b0685,2024-02-06T10:16,1,23.94,Online,Cancelled
a7544669-8086-4b23-9bfd-12d3cc084a38,0df3bae1-6384-4856-aa27-aef9f6c48b75,2025-11-07T10:16,5,107.00,Online,Pending
0d23e486-6f28-4c75-8f7b-0d1d4064e9db,0a570207-0f70-467f-bbeb-44a0a60a9a25,2023-11-20T10:16,6,42.90,Card,Completed
0b4399e2-6620-4c29-965d-71cad4d61ce9,401a6911-a31e-4892-adc1-56e3e1eb090a,2024-12-23T10:16,1,11.64,Online,Completed
0b40749e-1ad3-4117-9dc0-7269eb7dbb10,910b1d47-5c37-48b1-8bde-96c60660f1d7,2025-04-30T10:16,1,6.63,Online,Cancelled
b57db0ee-0d47-4c63-a71e-0dc4b14441d8,500fde18-ea61-4380-9ea4-f06d09985870,2025-10-07T10:16,9,47.43,Card,Completed
9b1e23d4-87b3-4600-bcd6-027d2b95f443,500fde18-ea61-4380-9ea4-f06d09985870,2024-11-20T10:16,7,103.88,Online,Completed
a37b5a2b-3fd8-47b1-bede-59c2b10eaf8c,c5817fdc-a4dc-4879-b957-30cfda62016b,2025-01-05T10:16,9,144.90,Cash,Completed
3baef706-6222-48a8-b3c0-850594399f54,ebe19120-496a-47fa-87eb-2440212a3363,2024-04-23T10:16,2,16.44,Card,Cancelled
0c1b3349-645d-4044-8fd4-2cf35c9f08ec,205ea7f7-e714-45b8-a083-11247ff702a1,2025-02-24T10:16,2,27.26,Online,Completed
eb4706dd-94be-455a-9082-f369e624bbc6,ef7fad1f-a86f-4ee1-95b4-ce1f339f0fa5,2025-08-14T10:16,9,118.35,Online,Cancelled
ba4cfae6-c957-4f75-b36e-bd505719c18d,8626238e-5813-415a-9a8c-db944b1e0269,2023-12-16T10:16,8,138.56,Online,Completed
57cba1c0-6b9c-4cf6-88fe-c78bab93d3ba,aff4340c-d102-49ba-af8e-84d2737ce82c,2024-10-17T10:16,3,40.05,Card,Completed
3b64f045-3e6e-40cc-a420-a7d21c205375,209e786b-2a61-4e52-a3b2-1cc98bcbf18c,2024-04-25T10:16,7,112.42,Cash,Completed
b87e728a-c7d4-4269-ad99-4579b5a828eb,71f17b36-2c37-4cfa-bf8a-894fa94c0e9b,2023-12-06T10:16,2,35.38,Cash,Cancelled
a76076d4-65f8-4179-bee3-6fc59cb4e1a4,99c406e7-092b-4eeb-bc08-56fc041c253d,2024-03-28T10:16,9,186.84,Cash,Cancelled
7ef39fa2-5c89-4aeb-ae80-89408de1adde,941529ef-2114-4bff-907a-4596ff4593a1,2024-08-26T10:16,1,16.12,Online,Completed
efd8319f-f1a6-4a76-978b-3c514ae51f8e,5400d214-6176-40bf-88d2-3f53ed38bf69,2024-10-31T10:16,9,267.57,Cash,Pending
4600c913-f958-4aa7-bb37-211130878a93,d3f641e5-b8b5-4f5f-9155-7768df2033e8,2025-02-01T10:16,3,44.01,Card,Pending
efecef1d-0652-4593-9202-c13ba84605d0,05ccd8a5-ea5f-4353-bd1e-3022152b0685,2025-07-23T10:16,1,23.61,Card,Completed
cb787226-f998-49a8-83b8-2592e0d4dbc4,0fcf4084-ea31-49f8-99f9-9bf8c8b0c16b,2023-12-21T10:16,7,83.65,Cash,Cancelled
be998362-b697-4028-b8ee-cf6baf5cf7c3,ada8704c-2784-4d70-84da-10078407d2c8,2025-05-25T10:16,2,26.26,Online,Completed
8e128801-3464-4c53-a94f-38c79de370a6,500fde18-ea61-4380-9ea4-f06d09985870,2024-09-12T10:16,2,56.72,Card,Completed
d4699862-1911-43ee-8419-7bdf296455c1,ef7fad1f-a86f-4ee1-95b4-ce1f339f0fa5,2025-05-20T10:16,8,93.04,Cash,Pending
31621056-48b6-491d-8cb8-b3eab447271b,cf65c4b6-4c1c-420b-95de-23e5b56ffad5,2025-04-30T10:16,8,53.92,Online,Completed
e1961ab6-47e8-4886-b3d7-c884a611e4b7,bfa3444b-2be9-46be-b944-720d86a59770,2025-04-04T10:16,7,173.88,Card,Completed
967fc418-37d4-4a2f-a1b5-19557220189f,b3688304-b24b-416a-9bf4-c2b6aaeb59d3,2024-08-18T10:16,5,50.50,Cash,Completed
3860f2df-6691-49f1-8e73-6b16359daecf,6aaabc79-3d35-410f-bb96-f86a3930d0ff,2024-10-19T10:16,1,28.32,Online,Cancelled
6f5132a8-c39a-472d-8035-6d8253f6a3fc,ecf1ffb0-ac00-4968-87ea-8beef4ace55a,2023-12-31T10:16,8,94.64,Card,Completed
20ae29a6-daa3-4a6b-8ce4-e220057bc710,6aaabc79-3d35-410f-bb96-f86a3930d0ff,2024-09-10T10:16,3,89.58,Online,Cancelled
b5874441-b7e7-4d70-a585-3bda1799c3e0,4e6807ca-aed8-4ec9-b1b0-0e3aba57efb1,2025-06-27T10:16,3,74.85,Online,Completed
493e9695-7a3f-457e-829c-02370f5dbe2a,0130fcd4-a6cf-4a72-8400-7bcae1abce34,2025-10-18T10:16,3,73.11,Online,Pending
dd9fc7e3-e5b6-4432-a362-616fd5afa477,b95f7619-fab2-4df9-8683-1f2aeb93a660,2024-07-23T10:16,4,45.32,Online,Cancelled
19a85ff6-a6bf-4616-84db-22e7b03fdf86,52fbb114-83aa-432d-b2f1-f3e37a5c4754,2024-12-10T10:16,4,107.88,Card,Completed
939bf99f-1a3b-4776-86d4-b05b9a1c3ba1,c46351bf-193f-49af-a5d6-456188837c3d,2025-04-20T10:16,9,165.87,Card,Cancelled
42ee75b6-a2bd-41a6-bbd0-40ad08443c08,941529ef-2114-4bff-907a-4596ff4593a1,2024-02-07T10:16,1,19.22,Online,Cancelled
01cfe65d-be3c-4a93-94c9-41edadcbba96,ef7fad1f-a86f-4ee1-95b4-ce1f339f0fa5,2025-02-21T10:16,7,191.80,Card,Pending
cc3e0af1-7822-4f86-bfe1-a432cbda6360,56a75a3e-a944-4147-8cba-f1024726993f,2024-09-15T10:16,9,111.24,Online,Cancelled
8439307e-cea7-437e-bc53-54d903acef6c,d5eaf6a7-76cc-48ec-98d9-ba713e2df70f,2025-10-09T10:16,8,147.36,Online,Completed
c925299d-1ebb-49d2-9172-e9800293754a,23650eb4-f98d-45a3-a90b-a378f03d469d,2025-02-26T10:16,6,114.30,Online,Cancelled
b581fec4-2ea1-477e-8000-598dc703a763,67c276b0-7be6-4f3c-bf86-c342095c8112,2025-01-02T10:16,2,42.98,Cash,Pending
0c5a07b5-3b71-435e-95bd-33f8fad5ba68,c83bba2f-5229-4998-9566-1f3179b13e8a,2024-08-19T10:16,4,71.00,Card,Cancelled
1e1bfac7-e5a7-4842-80f8-08b360320b3b,74e76582-f1b8-4560-b049-8aebb59d4721,2024-12-06T10:16,8,84.96,Cash,Completed
7776a2be-b4a3-4b2d-a46a-ecf090c0b7a2,4bb2d776-14c0-4ef6-b8ba-c580cbed72b8,2025-10-07T10:16,2,51.20,Online,Cancelled
1af08e19-bf9a-448a-99fe-c002732bc3cc,53db1213-7316-47bb-9099-c1def0e3c96b,2025-01-14T10:16,3,69.72,Cash,Cancelled
60b1d6b6-0e74-4091-95c1-506881fe5f80,a3f626b9-cc27-4c04-8570-be79ab8bda4a,2024-01-15T10:16,2,58.18,Card,Pending
5681a147-94de-4bbb-b4a0-a7292e0c1a9b,99c406e7-092b-4eeb-bc08-56fc041c253d,2023-11-27T10:16,8,66.88,Card,Pending
c290c2c1-4a03-430b-954f-856e4280c3cf,a302a1a8-c429-406f-abff-9f273aa0a4b5,2025-01-27T10:16,3,83.97,Online,Completed
9c9efe55-0224-4d78-91a7-a6bddd627f07,aac35608-9499-49c5-811a-a059e773c968,2025-02-10T10:16,8,140.40,Online,Completed
d4e6a51b-c3e5-4040-923c-f0b4bde3210c,8b546c63-5406-493d-bc69-cfb594b38267,2023-11-28T10:16,9,89.37,Online,Completed
c292df9d-dbfc-4483-ae2f-e61ee9f36e17,6c6a3b10-9747-4dca-a041-4edc22d147b0,2024-07-18T10:16,7,78.89,Cash,Completed
623dfde6-b403-4626-876a-8bb6e6869585,e38afcd9-9e08-47ba-bc92-5ebb4bc271eb,2024-04-09T10:16,4,64.32,Online,Completed
2cc95db3-237b-46d6-b0f8-2b72d6ef887b,d33bbfcd-a2ca-4e80-8a1c-65223f061e7e,2025-02-13T10:16,8,111.92,Online,Completed
694e036d-e5eb-4b15-a183-4d90d86f1e22,4717d2a3-4b2a-44f1-b960-a2b73e2d23fd,2024-01-09T10:16,9,187.20,Card,Pending
a71b83e8-771f-41ad-b882-9f3e3d89b4ad,60cd80b6-3967-4dae-b4df-adc7b5644971,2024-06-27T10:16,1,7.20,Online,Completed
34ff0683-5e26-40b4-88a7-5ee5ea493f49,52f5634d-de98-4543-8a1e-cbf1e2d0242f,2025-07-18T10:16,2,41.38,Card,Completed
ac9b7e82-3b74-43fb-9474-9c7e09dc249c,46032f36-69bc-465a-9b33-a5d560bfd77a,2024-08-01T10:16,3,88.17,Online,Cancelled
66b9be96-0ea6-487c-9b1c-ac57065f0ea3,ec3490d2-e8da-47ee-ae12-0ca0b1d7a2bb,2025-09-19T10:16,9,210.51,Online,Pending
ea27ed17-62e5-421d-bfc2-9587dea74666,ebe19120-496a-47fa-87eb-2440212a3363,2025-07-29T10:16,2,15.42,Card,Cancelled
d2bf194a-459f-4a29-a38e-a2eec2502470,0130fcd4-a6cf-4a72-8400-7bcae1abce34,2024-11-29T10:16,3,74.82,Cash,Cancelled
fe8a1861-3f7c-486c-b80d-9af63955a0e0,0a0ac3e5-6e20-4fbc-87ec-5481c70e38bc,2025-08-13T10:16,3,22.14,Online,Pending
c787b5e9-eb90-44df-9525-b9515b5d3025,983d66ae-c8b0-46b8-8abc-26a1055cf729,2023-12-01T10:16,3,62.61,Card,Pending
4900b129-118d-4562-863f-8549f3c3c5eb,205ea7f7-e714-45b8-a083-11247ff702a1,2024-12-10T10:16,7,157.78,Card,Cancelled
8e42196d-314b-4432-b2dd-433cd922252c,d33bbfcd-a2ca-4e80-8a1c-65223f061e7e,2024-12-22T10:16,3,82.29,Cash,Pending
990f6bc0-ae8c-4937-a5e4-b6fbd0b4032b,99c406e7-092b-4eeb-bc08-56fc041c253d,2024-04-01T10:16,2,48.80,Card,Completed
b0b12e1f-4475-4ee7-a242-174dde836094,ecf1ffb0-ac00-4968-87ea-8beef4ace55a,2024-07-05T10:16,7,126.84,Online,Completed
3c154667-2b8d-4abf-bbb9-2d730fd17370,d3f641e5-b8b5-4f5f-9155-7768df2033e8,2023-12-10T10:16,3,23.76,Card,Cancelled
22fc4401-183e-4ca2-b858-7ef004927595,1a31c678-d420-495a-aff3-0f1609514e1e,2024-04-16T10:16,6,168.30,Cash,Cancelled
714fe8d6-3651-4dc8-b723-13f81e9081a5,a3f626b9-cc27-4c04-8570-be79ab8bda4a,2024-05-11T10:16,5,85.90,Cash,Completed
1622282a-17b3-43a4-9c53-a3b3dc0a2f14,ebbc7df0-770d-44f8-b0ff-c62f9006e40e,2025-08-17T10:16,5,56.50,Cash,Completed
69cc529d-b241-412e-9173-c160914633bd,515fe1d2-d33a-4b9d-8c19-07e0cbe81a9a,2023-11-18T10:16,3,15.84,Cash,Cancelled
a46ed970-abaa-4752-8c56-706530867938,fdb5454e-2230-489e-ade4-9218ff28cbd8,2023-12-24T10:16,2,40.70,Online,Cancelled
f11143d4-0c79-484c-b63c-bec5dc10aacc,000f9c8f-2fc7-4346-844d-c04f10751265,2025-04-29T10:16,6,135.12,Online,Pending
c6b9f6f1-a482-4228-b7dc-53cf6e652099,e85d0261-2d97-4475-a749-363ec9040a74,2025-07-30T10:16,5,59.80,Cash,Completed
218ff8f7-f388-4814-a5b3-16f531f4967a,77ca464a-fe0d-4dcc-8f08-3eb2f7b64f76,2024-11-17T10:16,3,79.14,Online,Pending
a977d538-26e2-4b56-b9ff-eac5f4cc499a,c83bba2f-5229-4998-9566-1f3179b13e8a,2024-01-07T10:16,2,42.74,Card,Pending
fc07aca8-eaa0-42ac-a2fd-ac3f07e97f45,4e6807ca-aed8-4ec9-b1b0-0e3aba57efb1,2024-04-08T10:16,9,232.11,Cash,Completed
700f1b85-275a-4ddf-bfb7-3e6c3b9fe86c,885715b6-b1eb-44ca-8460-28c0343e56f3,2024-11-06T10:16,3,39.87,Card,Completed
4d83d4a7-9c64-493b-9dcd-2adcc73cbab9,2c6dafc9-06cc-4b3d-8b8d-12aae0644c58,2024-07-20T10:16,1,9.73,Card,Cancelled
5c9411d3-e0f0-48e3-be8e-b42a2e5279cf,74e76582-f1b8-4560-b049-8aebb59d4721,2025-09-01T10:16,7,95.06,Card,Cancelled
fc79dcde-2c50-437d-a536-4eb8991285cf,d33bbfcd-a2ca-4e80-8a1c-65223f061e7e,2024-11-25T10:16,9,184.41,Cash,Cancelled
9938f479-f982-425a-98f1-b52bb067cd9e,e119f98a-df63-41dc-8e01-bb49ca2dc724,2025-02-11T10:16,5,78.95,Card,Completed
5f5b5af0-5f57-406c-9c58-3ece0d6677a0,6945f6f4-b8f9-4d04-90ff-e59ed705578e,2025-05-11T10:16,8,183.28,Cash,Pending
76c00bbd-ebf2-434a-804c-4e09dfa0e206,cb8747c7-32ca-4b6b-868d-13ab01d953ec,2025-06-15T10:16,6,178.62,Card,Pending
853a9350-64bd-4b46-bd92-e00c6a3ab8ed,ff4db0d8-e809-46e8-9ae0-78ffee4902d9,2025-04-07T10:16,2,38.52,Online,Completed
71b7d766-41d9-4a3e-a9d3-38ed245ac767,983d66ae-c8b0-46b8-8abc-26a1055cf729,2024-03-27T10:16,3,58.95,Cash,Pending
82275e43-ed0b-4e59-aa10-34cb7aa89428,0a15d43b-8f6b-444a-bef2-ffbddfdbd16f,2024-06-28T10:16,8,176.56,Cash,Completed
d7a1c522-b57d-4cc3-9f47-cead39a3f9af,c3ffc43c-0c11-40fa-9824-f234161741d0,2025-04-02T10:16,4,48.64,Online,Completed
052e1b83-aec3-4fcc-bc5e-6ec2aefbb00f,ada8704c-2784-4d70-84da-10078407d2c8,2024-08-12T10:16,1,17.18,Online,Pending
a9e2c361-21dc-4412-8f82-912f7550869a,058b9c75-b72f-4594-80d2-e41194ff7672,2024-05-23T10:16,9,103.59,Online,Cancelled
184b66d1-7974-4e2b-88c5-be19ca7b1350,ba5d9947-b043-4aca-8ee0-6b77895cf8e8,2025-10-31T10:16,5,122.70,Cash,Pending
2bb8ce1a-c3cd-4e97-a8c5-59e3a383e983,205ea7f7-e714-45b8-a083-11247ff702a1,2024-04-12T10:16,3,50.16,Card,Cancelled
96cc56bd-0f0d-474b-ab0d-f40e8d08dee4,6f61ca8e-51a1-48e0-abfa-88326e713e34,2023-12-01T10:16,8,200.08,Online,Completed
909056e8-b5e7-445e-ae6c-ba3d6cd3928c,0dd437d0-74fa-43c3-8909-5c955e4d47dd,2025-05-28T10:16,5,45.30,Online,Completed
ce567074-b06b-461a-8c28-f7d5472500c8,5d6f84a5-a4de-442e-99b9-b8ef714b4436,2024-03-31T10:16,4,77.00,Online,Pending
e9a85ce5-d33b-4605-99b7-861d6adf2115,4e44f26d-5455-405b-8fdb-63ab8b739ecf,2024-08-10T10:16,2,26.34,Cash,Pending
b6eaca15-0cc9-437b-8593-131a4c946f5f,6aaabc79-3d35-410f-bb96-f86a3930d0ff,2025-06-25T10:16,8,151.76,Card,Pending
ec895d65-c712-437f-bdbd-3e77474ebb80,5400d214-6176-40bf-88d2-3f53ed38bf69,2024-12-09T10:16,7,188.51,Card,Completed
9290a0ca-e691-48f8-a373-3660bd7caf4d,fbe227d7-6d32-4407-9783-7fdac983e55f,2025-05-22T10:16,8,191.68,Online,Completed
7dea87f8-45fa-4404-9720-3dfe5c2cc2f0,52c87fd9-fdf0-4256-b929-6153ad24a0ac,2024-01-01T10:16,1,26.25,Online,Completed
bdc63858-8580-46f2-b4ec-acb5b9f9d8c0,8250871a-2b35-424e-a1a1-4eb4faffabfb,2025-02-09T10:16,1,5.31,Online,Pending
ae65069b-6114-4b25-ab21-7dbc881e32a9,4717d2a3-4b2a-44f1-b960-a2b73e2d23fd,2025-08-26T10:16,9,119.43,Online,Cancelled
3003ce7e-8267-4296-b486-ce27a7d7bea1,058b9c75-b72f-4594-80d2-e41194ff7672,2024-03-08T10:16,5,113.65,Cash,Completed
5399fa2e-4716-4e7e-a0aa-d9d2ad2dc2af,4b14a58c-f1e4-40b6-888d-a88cd7055099,2024-03-02T10:16,1,16.50,Cash,Pending
80d1985c-7502-4069-8057-129e714ec848,e85d0261-2d97-4475-a749-363ec9040a74,2024-08-07T10:16,6,109.74,Cash,Completed
5b81eca5-a111-4415-9951-e378f4e04d8a,050d9901-1cb5-413a-9c31-282028f863c1,2024-04-08T10:16,7,190.26,Cash,Completed
789e8367-ce22-4d3d-b41f-1f5e39f649be,b6c26110-1b77-4777-8c79-c69ec19b66df,2024-11-07T10:16,3,59.34,Card,Completed
34ff6ec9-fff4-4ab6-9af8-6dd66149a94e,e6cb1215-5314-4d05-bfd1-f6e5d36e89f7,2024-07-24T10:16,5,86.25,Online,Cancelled
9fae262f-88ea-492c-a869-89cb78479811,f90cf3ca-e2d0-4129-bc7a-e8a2b80880da,2025-04-07T10:16,1,21.96,Online,Completed
b0674e47-829d-45a1-8d8c-bca098dd20cb,c83bba2f-5229-4998-9566-1f3179b13e8a,2024-03-01T10:16,7,102.90,Cash,Pending
2a2c0eca-cec8-4aae-a240-1d14a4a28c1e,8e1bbe6c-7b75-46dc-8ca1-0b1664cd6ae4,2024-08-26T10:16,4,37.20,Card,Cancelled
b473330e-33be-4f57-a60f-f2754e098e01,1d32c3b3-c732-4995-aa6b-ff159deb3bdf,2025-03-28T10:16,5,62.75,Online,Completed
de32b853-28e9-4316-b0ea-d8a6424d7509,885715b6-b1eb-44ca-8460-28c0343e56f3,2025-06-23T10:16,3,16.92,Card,Completed
84de5b86-d5aa-462c-b5b4-e6c2b9d6a1fd,485b65e7-fdf4-474d-afba-37986d8d3cd8,2025-02-20T10:16,1,20.02,Cash,Completed
a6673b25-150a-4d1f-af13-ce7d6ff75eab,8e1bbe6c-7b75-46dc-8ca1-0b1664cd6ae4,2024-02-02T10:16,9,177.21,Cash,Cancelled
37defdb8-5e9c-4b5e-91c8-faaa76d68b0b,ecf1ffb0-ac00-4968-87ea-8beef4ace55a,2025-06-20T10:16,5,109.05,Online,Cancelled
5658d8f2-ff39-45df-bf4c-1518807f6df6,941529ef-2114-4bff-907a-4596ff4593a1,2024-07-25T10:16,7,103.53,Cash,Cancelled
43e0aa9a-4fca-44d6-9ea6-5f14ed51a6c7,e38afcd9-9e08-47ba-bc92-5ebb4bc271eb,2025-04-24T10:16,3,20.61,Online,Completed
932d9d89-585b-4153-bc1c-19fc36101d0d,caca465c-e9f2-4add-91b5-24c70595e321,2024-09-25T10:16,5,54.95,Card,Cancelled
c3358d5b-a912-4e9b-a5ed-3768a2450701,fbe227d7-6d32-4407-9783-7fdac983e55f,2023-12-28T10:16,9,260.01,Online,Completed
36946fca-9e64-4553-bc4f-4e012705683b,80537cf2-360f-4740-8b7e-d4cd56e22987,2024-10-06T10:16,5,94.15,Cash,Completed
396159b2-60e0-4ac1-9f3f-a9807c3cf2f9,1d32c3b3-c732-4995-aa6b-ff159deb3bdf,2025-05-23T10:16,3,32.97,Card,Completed
288d1451-1e7a-4d25-9e25-7b771310c8a4,0a570207-0f70-467f-bbeb-44a0a60a9a25,2025-08-05T10:16,5,83.85,Card,Completed
1aabf738-571b-4798-b814-202335436bc5,c1a09d60-c9e8-4489-a68e-e01b51541d33,2025-03-20T10:16,5,120.70,Cash,Cancelled
1ebea8f3-4f78-4641-b97c-880ecdbcd8c5,8b546c63-5406-493d-bc69-cfb594b38267,2024-07-15T10:16,3,86.70,Online,Completed
1b5d50ad-fe00-4abf-9103-4d71d1df6b12,a3f626b9-cc27-4c04-8570-be79ab8bda4a,2024-08-25T10:16,8,234.08,Online,Pending
fc7e6981-f808-4e41-b9ac-8ee31983b9bb,f90cf3ca-e2d0-4129-bc7a-e8a2b80880da,2025-04-06T10:16,7,180.74,Online,Cancelled
e5ebc21e-3aee-401a-9c0c-aedc98570137,c1a09d60-c9e8-4489-a68e-e01b51541d33,2024-10-22T10:16,6,81.72,Cash,Pending
4378a22a-5d52-449c-8931-cb2ec6519789,f067e21d-d1d4-4e87-9cae-9753f5f9ccb6,2023-12-11T10:16,9,46.62,Card,Completed
200880b4-b9df-4853-81bb-83038ec74225,2ca088cd-c6c6-4e60-a1a4-d2990ee21b12,2025-03-02T10:16,4,82.48,Cash,Pending
