order_id,restaurant_id,order_date,items_count,total_price_usd,payment_type,status
c804b444-419e-45b5-a325-15bd5f11d445,2c6dafc9-06cc-4b3d-8b8d-12aae0644c58,2025-05-11T10:16,2,44.80,Cash,Completed
4c93db02-3aa3-490c-9388-541b25c0e9f3,52fbb114-83aa-432d-b2f1-f3e37a5c4754,2025-09-10T10:16,6,82.44,Card,Completed
37204ef8-8127-48b9-addb-84d6f34ade90,fbe227d7-6d32-4407-9783-7fdac983e55f,2024-12-18T10:16,4,37.64,Card,Pending
265ac379-b289-4f5b-a363-f18ccde17674,bb6bf39c-f455-4e08-a59e-1bdaaa91d4aa,2025-02-28T10:16,9,248.85,Cash,Completed
d788afd3-09f6-4c24-a4e8-becf0fda12fa,f067e21d-d1d4-4e87-9cae-9753f5f9ccb6,2025-06-26T10:16,5,130.05,Card,Pending
a45e652c-bb12-4eb5-aad6-cc60d3cc6b8d,63846b60-b7be-4087-ac6e-56c9bc130a20,2024-08-25T10:16,4,28.04,Card,Pending
414abb6d-7501-4630-8179-953e819dd019,5eb75bc0-d5fa-4209-9d42-7767f3f0585b,2024-07-18T10:16,6,161.40,Online,Pending
6350b398-88bb-47be-a749-d1a7c517406b,3910ab11-8758-4a4f-8a9b-c4f5df7413c4,2025-07-03T10:16,9,103.41,Cash,Cancelled
417161a9-3be3-4c8b-a21d-7fcfafc4fc71,2ca088cd-c6c6-4e60-a1a4-d2990ee21b12,2025-04-21T10:16,7,63.00,Online,Pending
294774d3-7eec-40ae-8b6e-132d378044b7,983d66ae-c8b0-46b8-8abc-26a1055cf729,2023-12-31T10:16,9,90.54,Card,Completed
f89571dd-1815-41c6-bd13-99c6ae2f1d2c,d87f31d7-79ef-4c17-856e-142e791b04da,2024-03-21T10:16,6,69.60,Card,Completed
3e908421-fece-4fef-ac79-cff50389e9af,63846b60-b7be-4087-ac6e-56c9bc130a20,2024-07-08T10:16,9,242.01,Online,Cancelled
cf013bac-bea5-4327-be50-f96976f50306,05ccd8a5-ea5f-4353-bd1e-3022152b0685,2024-09-07T10:16,1,14.09,Cash,Pending
5e236e41-5250-4392-bede-399d1a38455a,67c276b0-7be6-4f3c-bf86-c342095c8112,2024-06-29T10:16,5,121.80,Online,Completed
21ce2a1b-02df-4627-b795-f5158107ff61,bc58b12c-65c4-4f21-89ef-3e492a22ef7c,2024-01-10T10:16,7,104.58,Card,Pending
5457d3d0-18ea-4f47-9fe1-8193515a62d9,c3ffc43c-0c11-40fa-9824-f234161741d0,2025-03-21T10:16,3,81.54,Card,Cancelled
35196fa1-c3a6-4ea1-8368-ba6338aac9cf,7a18d550-38d0-40b2-84a7-547162e7e409,2025-08-09T10:16,9,163.17,Cash,Pending
439a5df0-a717-4912-8b68-ed4e2dabb927,ff4db0d8-e809-46e8-9ae0-78ffee4902d9,2025-07-24T10:16,9,203.85,Online,Cancelled
860fa530-877e-4cc3-88d0-005f722766cf,c5817fdc-a4dc-4879-b957-30cfda62016b,2025-05-09T10:16,7,143.78,Cash,Pending
b5e749b4-4cf8-4a83-942a-0059845ae556,0130fcd4-a6cf-4a72-8400-7bcae1abce34,2024-06-17T10:16,3,45.99,Card,Completed
b0e5df31-4309-4742-9500-6e033a04a303,56a75a3e-a944-4147-8cba-f1024726993f,2024-12-28T10:16,2,32.44,Online,Pending
9e109953-d096-42f8-8d61-6776c1364b06,9305d562-2505-493d-8ed8-3fb721c8f491,2025-03-23T10:16,3,27.78,Online,Pending
e366ade8-0da8-4c0b-b793-70cf52fb81f6,515fe1d2-d33a-4b9d-8c19-07e0cbe81a9a,2025-06-12T10:16,1,10.06,Cash,Pending
eb1483ff-9862-402b-b950-c1d666a9a971,14eace30-1ac2-411e-8eef-98e8f32a87fb,2025-09-15T10:16,7,58.10,Cash,Pending
579b436c-180e-48e7-931a-40a598c6e0f6,7509850a-5062-4da9-aad6-bc5b9e363ef1,2024-11-06T10:16,4,83.68,Card,Pending
6d4e8de4-9024-45cb-870f-b201b76c2503,caca465c-e9f2-4add-91b5-24c70595e321,2024-12-19T10:16,9,195.48,Card,Cancelled
5c399655-668b-4958-a4b5-9244d47c8662,59827b2a-ae17-44b1-bd6f-6f08718559cb,2025-01-28T10:16,2,51.66,Cash,Cancelled
ae5044d7-349d-4530-aac6-10b800f42ce2,3e97fc93-73a7-45e0-9888-f7a03ee258a7,2024-12-14T10:16,3,87.15,Card,Pending
092d5d6f-c9b0-423f-94d5-a05f7f21a671,e7991221-0de0-4ef8-aa9c-ca3b59197059,2024-01-08T10:16,5,90.55,Online,Pending
e7ecd154-1153-49e4-8d2a-ff83b7f85ca4,9fa382f0-8393-48db-ad30-43c953282401,2025-05-26T10:16,1,5.20,Online,Completed
c2a94652-2e7b-40c4-959d-fdb6d31516b8,2a109685-1399-4149-8951-fba29bb0360d,2025-07-09T10:16,9,118.53,Cash,Cancelled
c23bfab3-7167-4d6b-8759-aa1e461b3a03,964d337f-acd5-4ca2-8843-9be3f2eb60fc,2025-06-20T10:16,6,175.68,Card,Cancelled
a5300a84-5780-4a34-8014-e537f9f1bcfe,0472ca7f-b133-4710-8f43-24a3c6c1afd1,2024-08-03T10:16,1,8.34,Cash,Cancelled
f1603248-59b8-4ab8-bc0a-b4343b011ed7,d7af10ce-45c9-4fc8-8dd8-b1c5491aad5f,2025-02-28T10:16,3,40.50,Card,Completed
91dd3691-9711-43b0-a4d2-d5150b56dbc2,8e1bbe6c-7b75-46dc-8ca1-0b1664cd6ae4,2024-08-29T10:16,5,136.30,Cash,Pending
37af62f6-731b-4140-806b-0354d662f259,27e45431-1333-4ffd-a0c8-be56ffdc5d4e,2024-12-17T10:16,6,131.46,Cash,Completed
0defeef9-fd90-4b8c-a738-b26a2b433860,5f0f3def-9ff6-4282-ad04-001c4a769966,2025-09-24T10:16,3,42.90,Card,Completed
4b744824-550c-40b2-859d-e48e55cf44b1,ada8704c-2784-4d70-84da-10078407d2c8,2025-04-12T10:16,2,43.28,Online,Cancelled
9b0828ae-9a29-482c-866c-ab80f45f9879,bb9edfa8-17f7-4f6f-8e3b-616693a298b1,2023-11-22T10:16,6,57.96,Cash,Pending
b4fbafd9-08f6-46e5-874b-eed7ac7bfc8d,02c65c06-56ad-4670-b8e2-10ab417c7154,2024-09-05T10:16,8,205.76,Online,Cancelled
162a9223-f37f-4656-8af3-f62b1b91dba5,824998a2-7592-4051-ab0b-d5e12743c93b,2024-01-26T10:16,8,98.00,Online,Completed
4cfb02c4-dd19-4628-b786-55bfc1d6c51f,c3ffc43c-0c11-40fa-9824-f234161741d0,2023-12-20T10:16,7,97.16,Card,Completed
eb905ab2-d980-4a90-a323-1602e750ee92,0130fcd4-a6cf-4a72-8400-7bcae1abce34,2025-03-01T10:16,1,11.17,Cash,Pending
1c260fe9-06ec-4cd9-a36c-6430b459bbaf,52fbb114-83aa-432d-b2f1-f3e37a5c4754,2024-12-16T10:16,5,126.95,Online,Completed
bdf5a16a-c685-44cd-bbbf-6057da6429bc,21edfc22-3f73-4335-a774-3cf78ab65e86,2024-03-22T10:16,8,174.80,Cash,Completed
a2dae72b-8a13-49a1-9df6-fff1743386e2,5f0f3def-9ff6-4282-ad04-001c4a769966,2025-01-22T10:16,1,12.17,Cash,Cancelled
c25f9c2b-33b9-4e11-9979-865bf9d7a2fa,d5eaf6a7-76cc-48ec-98d9-ba713e2df70f,2025-05-02T10:16,7,197.33,Card,Pending
94967047-08d8-4af4-af4d-1e66e1ea0f9d,d33bbfcd-a2ca-4e80-8a1c-65223f061e7e,2024-03-10T10:16,2,22.02,Card,Completed
ff0d120d-b676-44b6-9e54-f27e3caac297,5f0f3def-9ff6-4282-ad04-001c4a769966,2023-12-17T10:16,4,89.40,Online,Completed
e5c2d1e3-59f4-4c50-bd18-b9eb45d005a6,e7991221-0de0-4ef8-aa9c-ca3b59197059,2024-08-09T10:16,8,208.16,Online,Completed
04ddcdaa-72ef-4568-aa91-32e628462d50,6b1178fc-1745-401d-88da-3903c243ebe9,2024-10-25T10:16,5,66.30,Online,Pending
0771054d-8278-430b-95e7-1c145d936b15,c5817fdc-a4dc-4879-b957-30cfda62016b,2024-03-08T10:16,7,177.87,Card,Completed
b7337ad4-493a-498f-ae0a-7a739e917cf7,7a2e5fa5-096b-4701-8ce6-7a3db39bf8eb,2025-04-05T10:16,7,72.59,Cash,Completed
db82c2fe-2392-49e6-a82e-d65e13dedef9,dcfb3d05-846d-4915-99f3-ebbc7559d972,2024-09-03T10:16,5,146.65,Card,Pending
553b6d44-e64d-48cb-bbad-6e6b0f03c9b0,050d9901-1cb5-413a-9c31-282028f863c1,2024-07-01T10:16,2,52.90,Cash,Cancelled
2a787165-5c86-4c32-9c77-0be59478bbb0,2a109685-1399-4149-8951-fba29bb0360d,2024-12-04T10:16,5,109.05,Cash,Cancelled
cba308d6-e52c-4271-9b3c-7148f8f561e3,fdb5454e-2230-489e-ade4-9218ff28cbd8,2024-11-12T10:16,4,118.12,Online,Cancelled
63b536f3-f45d-4a00-b9dc-07c8da2135d9,36b880b0-e9bd-4c0b-8f1c-32018f6c758a,2024-08-21T10:16,9,234.81,Cash,Cancelled
d4c1510a-adf8-4bcc-b2c0-b26382ec8868,bfa3444b-2be9-46be-b944-720d86a59770,2024-01-30T10:16,1,22.43,Cash,Pending
fe55140f-a847-4559-94fb-7ea4f6c00860,5eb75bc0-d5fa-4209-9d42-7767f3f0585b,2025-06-19T10:16,1,22.68,Online,Completed
c471bcaf-5c6c-4ce3-9215-68aef9872f80,bb9edfa8-17f7-4f6f-8e3b-616693a298b1,2023-11-27T10:16,3,76.80,Cash,Pending
1bc34b83-7b77-4f34-9fc9-a68c55126029,67c276b0-7be6-4f3c-bf86-c342095c8112,2024-12-27T10:16,9,136.62,Card,Completed
e54b926b-b077-4bac-8718-c385a28713a9,b95f7619-fab2-4df9-8683-1f2aeb93a660,2024-12-31T10:16,5,89.35,Cash,Pending
35792b5a-f7ba-4af5-b4a5-b57372fe8a08,0130fcd4-a6cf-4a72-8400-7bcae1abce34,2024-10-17T10:16,9,268.47,Card,Completed
c7df3ec6-f487-4ec5-b862-d8fe6b5a53d3,6945f6f4-b8f9-4d04-90ff-e59ed705578e,2025-04-16T10:16,4,48.80,Card,Cancelled
36057761-8552-44d4-8419-9f895c467fbb,bb6ceda0-3f7a-4dfa-9862-41a88dd468b2,2025-06-09T10:16,8,82.80,Cash,Cancelled
77748f67-01a2-4826-9572-907b088d9d8c,b0d737cd-ec4b-4a88-aa81-d012ef3fb719,2024-11-02T10:16,3,57.24,Cash,Pending
8016b605-233c-402c-b08b-a93e4bf28a52,e277d099-db2a-4aee-ab86-8b0e73a34383,2025-08-23T10:16,1,6.83,Cash,Pending
0383043e-fb80-4b42-930b-1b84abdb2797,8626238e-5813-415a-9a8c-db944b1e0269,2025-02-02T10:16,9,187.83,Card,Pending
06c3cd4d-ab25-47e7-bd77-37647126649b,ebbc7df0-770d-44f8-b0ff-c62f9006e40e,2024-02-08T10:16,9,153.18,Online,Cancelled
e7d174b4-b28d-4bf6-a63b-f81dab16d2d5,1407e9cf-22c9-4137-a2fe-cc12dc038235,2023-12-01T10:16,2,44.22,Cash,Completed
574c6a60-dbd9-4466-929a-3d38a329131f,6945f6f4-b8f9-4d04-90ff-e59ed705578e,2025-02-22T10:16,8,140.00,Cash,Cancelled
fd90bbe0-6667-4634-bd11-e0948219961b,90f0db1e-2b19-43f7-ba17-233c7c214eca,2024-02-20T10:16,8,214.08,Cash,Pending
153e89bc-d321-441c-812f-642b80676323,485b65e7-fdf4-474d-afba-37986d8d3cd8,2024-12-09T10:16,6,141.84,Online,Cancelled
ab6f68d4-3621-4c28-935e-edafda65353a,b047b369-02d0-4f25-9af0-f1e883228863,2024-09-10T10:16,4,81.00,Online,Cancelled
b3b8aa06-05db-488b-b9e3-6f640c2a9e04,73a2b03c-2dca-486e-8ebc-c4d6bb68a8c6,2024-03-26T10:16,5,61.50,Card,Completed
50a5786c-175c-46bd-a726-feb013559aa1,7a2e5fa5-096b-4701-8ce6-7a3db39bf8eb,2024-04-06T10:16,3,57.00,Card,Completed
ed4109c0-fe45-4b94-abfa-c2ecbc40992f,1a48aa9a-def3-481d-922a-94300aa97309,2024-10-18T10:16,9,247.41,Card,Cancelled
65e4e23f-3f30-46f3-819d-7539fd0e80f6,77ca464a-fe0d-4dcc-8f08-3eb2f7b64f76,2024-06-11T10:16,2,35.20,Online,Cancelled
e3ee7703-fd2d-4b98-b5ac-27c71441be6a,d33bbfcd-a2ca-4e80-8a1c-65223f061e7e,2024-06-26T10:16,9,110.16,Online,Completed
87e61c25-da8e-484b-b6ca-e4e2e7f88ac4,92da274a-bea2-490a-bb52-196c46fa8487,2024-04-25T10:16,9,149.94,Cash,Pending
5d3dd2c6-ba20-42f5-84ef-3232c7c2e201,4bb2d776-14c0-4ef6-b8ba-c580cbed72b8,2025-09-10T10:16,6,148.26,Cash,Completed
ed6cbefd-3819-481a-ba25-b14ab9108428,0130fcd4-a6cf-4a72-8400-7bcae1abce34,2025-08-20T10:16,6,135.00,Cash,Cancelled
6689e480-d32a-4ed7-a1f7-580a90bed99c,3910ab11-8758-4a4f-8a9b-c4f5df7413c4,2025-03-10T10:16,2,22.34,Online,Pending
3a749772-c19b-4a3f-8ec3-cb4e55bbb9de,4f6ae324-5b6d-47d6-a86d-26ec6fbe1e0e,2024-03-12T10:16,1,6.96,Online,Cancelled
a6af23ca-170c-40f0-a5de-c5dcfe4e95d6,23650eb4-f98d-45a3-a90b-a378f03d469d,2024-02-28T10:16,2,29.20,Card,Completed
8315f10b-2ee5-44b4-8590-cc1a926853f0,59827b2a-ae17-44b1-bd6f-6f08718559cb,2024-06-17T10:16,5,110.80,Card,Pending
1b01d887-53e9-4b2f-b15b-73b9d3b57897,ec3490d2-e8da-47ee-ae12-0ca0b1d7a2bb,2024-04-16T10:16,3,22.29,Card,Pending
abdcd063-0e81-442a-915b-d2d85be50bea,4e6807ca-aed8-4ec9-b1b0-0e3aba57efb1,2024-05-07T10:16,7,113.96,Card,Completed
f534d7ad-d1f2-4447-b374-93e2736536f6,0b2a0e9a-e050-4380-b607-57adcbbf59d4,2025-01-16T10:16,1,21.31,Cash,Pending
e5a25cab-d771-4826-abde-22b965b95458,e6cb1215-5314-4d05-bfd1-f6e5d36e89f7,2024-04-11T10:16,2,34.48,Card,Pending
90bec9c9-d8e0-4236-8359-71cce03be008,10b26c2d-7d56-4175-84a8-a2775e128a9d,2024-02-09T10:16,6,58.44,Card,Pending
9347a50b-f0e6-4305-a955-91f0e13d3a23,11526850-7335-463f-b740-a52a90457c3b,2024-11-28T10:16,6,94.14,Card,Cancelled
02354819-ac10-4290-b977-87563e6717d1,fbe227d7-6d32-4407-9783-7fdac983e55f,2024-10-09T10:16,3,85.05,Online,Cancelled
e3a93920-efb6-4bfb-9e1e-0888c117f973,05ccd8a5-ea5f-4353-bd1e-3022152b0685,2025-03-21T10:16,4,113.92,Card,Cancelled
fbe64e27-5ba1-4d17-9aa4-4df98185b65d,ada8704c-2784-4d70-84da-10078407d2c8,2024-04-13T10:16,2,37.10,Cash,Completed
f6714dad-6f75-4184-8ee7-2fb8b81151ea,dcfb3d05-846d-4915-99f3-ebbc7559d972,2024-08-11T10:16,1,21.45,Online,Pending
bc23a2f4-9e27-41b3-b1a1-d50b78412cf7,0472ca7f-b133-4710-8f43-24a3c6c1afd1,2025-05-11T10:16,4,117.00,Cash,Cancelled
63ed11fb-8d13-40cc-9ae0-7ba50f547336,90f0db1e-2b19-43f7-ba17-233c7c214eca,2024-07-06T10:16,5,130.90,Cash,Completed
bcc16048-3272-4755-a66d-122e0913cf4e,39cb44e2-a541-4b98-bc0b-db5f31cf8710,2024-12-09T10:16,4,102.96,Cash,Cancelled
0de24ce9-27f1-4ac9-b4bd-0739e582aa92,bb6ceda0-3f7a-4dfa-9862-41a88dd468b2,2025-01-13T10:16,7,65.80,Online,Completed
e0decc4a-c3e6-462a-8b07-92235adab6ca,4bb2d776-14c0-4ef6-b8ba-c580cbed72b8,2024-07-29T10:16,5,111.25,Online,Completed
5ddcc46a-6f1e-4851-94e6-afc3108256ec,ebe19120-496a-47fa-87eb-2440212a3363,2025-10-15T10:16,4,93.84,Online,Completed
eac5f6de-2486-4701-afbc-5c7c253f3419,7a18d550-38d0-40b2-84a7-547162e7e409,2024-03-24T10:16,7,36.54,Cash,Pending
c99d36de-1922-4b08-a0b2-e555d6a50757,00d7ae70-0f46-4453-963c-4ab2a3d29314,2025-05-08T10:16,6,163.50,Cash,Cancelled
9968e94b-bc21-4813-8bfa-35712410d4c7,7a18d550-38d0-40b2-84a7-547162e7e409,2025-10-06T10:16,2,46.64,Online,Cancelled
3fa83074-c3de-4482-88b2-812512f8d186,b6c26110-1b77-4777-8c79-c69ec19b66df,2025-09-09T10:16,8,145.52,Online,Completed
6462af10-8062-4d7a-9d33-2997f1bb80db,f067e21d-d1d4-4e87-9cae-9753f5f9ccb6,2024-03-03T10:16,6,49.56,Online,Cancelled
4ad6c5d1-749e-4cff-b6ce-6def5f8f1fa4,09ba4183-1b94-4f8c-bc5f-eca421a88524,2024-09-07T10:16,2,52.54,Card,Pending
2df4493e-5526-4895-a734-d5030c3eca00,9b9edd1e-b4f7-414c-b8b5-a3dc51fa0a8c,2025-04-06T10:16,3,32.07,Cash,Completed
1a783f26-5f3c-4c8f-a3e5-f48d6bf244f5,0a5bd884-b432-4ce5-b14e-44b4aedd4c0f,2024-05-21T10:16,9,231.75,Card,Completed
cb032df3-b4b9-4778-b09c-f5cbc75cb2aa,b047b369-02d0-4f25-9af0-f1e883228863,2024-11-30T10:16,6,50.28,Online,Cancelled
17b48b80-1683-4349-a00e-a17e600d2e71,73a2b03c-2dca-486e-8ebc-c4d6bb68a8c6,2023-12-20T10:16,6,128.76,Cash,Pending
160558e3-4dc9-4d7f-9117-4a9b90dfec41,67c276b0-7be6-4f3c-bf86-c342095c8112,2024-01-08T10:16,4,119.80,Cash,Completed
d1619c4e-11ba-4210-9707-d07fd4c78bc8,5f0f3def-9ff6-4282-ad04-001c4a769966,2025-04-10T10:16,8,173.12,Online,Completed
cb720498-9843-408b-884b-355963a92d11,74e76582-f1b8-4560-b049-8aebb59d4721,2025-04-16T10:16,9,191.79,Online,Cancelled
371dd7e6-bb5c-479b-9922-cda69baf3322,c3ffc43c-0c11-40fa-9824-f234161741d0,2024-04-01T10:16,8,209.52,Cash,Cancelled
5ce465b4-5e4e-4283-8390-abc1cd2a5816,3e97fc93-73a7-45e0-9888-f7a03ee258a7,2024-07-21T10:16,2,40.68,Cash,Cancelled
e9b78092-6a49-40cf-b67c-2cbeb2845400,1a48aa9a-def3-481d-922a-94300aa97309,2024-07-02T10:16,2,15.94,Cash,Pending
5de637a9-1c26-43cc-ab62-998f25a595f2,0a570207-0f70-467f-bbeb-44a0a60a9a25,2024-01-27T10:16,1,7.43,Cash,Completed
2ab0362e-7ed0-4f53-9dbd-890e1d889df3,65b2c0ea-6192-47fc-9286-2c1dd3ecefb1,2025-10-29T10:16,8,146.48,Online,Cancelled
58d2f949-437c-48ad-84bc-416f74f33e8b,910b1d47-5c37-48b1-8bde-96c60660f1d7,2024-02-22T10:16,2,22.38,Cash,Pending
678aac58-671e-453c-b58d-d4f1ab06829a,49af098b-bf79-4643-8e49-739ea932d38b,2024-05-25T10:16,4,56.76,Cash,Cancelled
202c9b89-7291-40f1-93c0-6bd6241e1666,8626238e-5813-415a-9a8c-db944b1e0269,2025-01-22T10:16,2,40.42,Cash,Pending
9ab382d9-83e7-49b6-8aed-b97615e9ea85,6945f6f4-b8f9-4d04-90ff-e59ed705578e,2025-04-29T10:16,1,11.17,Online,Pending
66cbf6c8-6977-4035-b332-710061f2c596,99c406e7-092b-4eeb-bc08-56fc041c253d,2025-09-20T10:16,4,49.52,Online,Completed
c9e39b83-6a49-417d-8733-476cfa33ea6c,ef7fad1f-a86f-4ee1-95b4-ce1f339f0fa5,2025-03-23T10:16,5,149.50,Card,Pending
0d070efd-afd8-4872-ad42-c3ef7cdb4e60,0130fcd4-a6cf-4a72-8400-7bcae1abce34,2025-04-08T10:16,3,58.47,Online,Cancelled
29e4bae0-9da8-4760-aad0-fcd589abe3fd,0df3bae1-6384-4856-aa27-aef9f6c48b75,2024-12-19T10:16,9,196.74,Cash,Cancelled
eac388cd-0c52-4ccf-a5da-714ef83a7af4,c3ffc43c-0c11-40fa-9824-f234161741d0,2024-07-08T10:16,3,22.77,Cash,Pending
776275c1-358c-4c6d-92da-f75bfc19cdf9,0fcf4084-ea31-49f8-99f9-9bf8c8b0c16b,2024-05-14T10:16,5,149.95,Card,Cancelled
e23e89c5-be6e-4222-b7e5-b600cc87d5d1,6945f6f4-b8f9-4d04-90ff-e59ed705578e,2024-05-30T10:16,2,14.62,Online,Completed
b929988e-f489-48af-87c0-2dbbe8427d70,9305d562-2505-493d-8ed8-3fb721c8f491,2024-05-20T10:16,1,15.09,Cash,Completed
32937311-1170-4c8a-a8f5-306391d66b80,c46351bf-193f-49af-a5d6-456188837c3d,2025-09-04T10:16,6,154.38,Card,Completed
9f60fb1e-01cb-49d0-985b-26b740cddd5a,e12c3d24-86c8-474f-b86b-370df36adbfe,2024-01-24T10:16,4,83.64,Card,Cancelled
10073f5b-4248-41eb-ac2f-650536ee3307,e7991221-0de0-4ef8-aa9c-ca3b59197059,2024-06-14T10:16,7,116.97,Online,Pending
74984269-f188-4c33-a8e8-ad0f1fa6a8de,1a48aa9a-def3-481d-922a-94300aa97309,2024-02-14T10:16,7,152.67,Card,Pending
4aa3d309-7ea8-42ec-874f-4b67faafeb1f,6b1178fc-1745-401d-88da-3903c243ebe9,2024-03-24T10:16,3,53.85,Card,Completed
56316b11-0942-49aa-a332-678d5a912791,98b17fed-218c-4f20-8410-9f0edfc74455,2025-08-19T10:16,9,193.41,Cash,Pending
ecd6205b-e2f5-42db-bbe5-73d7ee56d797,d87f31d7-79ef-4c17-856e-142e791b04da,2025-08-28T10:16,8,84.64,Online,Completed
fa5da801-fc3c-40b9-8d41-588a145c5d7c,6aaabc79-3d35-410f-bb96-f86a3930d0ff,2024-06-13T10:16,3,33.81,Cash,Pending
136ac184-eb62-4056-9653-16b9a85120e6,a5ffc907-be77-43e6-8694-4a0bf09bd3fb,2024-01-12T10:16,8,165.92,Card,Completed
00bf532a-1151-4144-97b9-a89684807ed5,a302a1a8-c429-406f-abff-9f273aa0a4b5,2025-07-13T10:16,4,57.08,Online,Pending
46439f46-1f6c-4dbd-bc0a-b5400d802583,52f5634d-de98-4543-8a1e-cbf1e2d0242f,2024-09-22T10:16,3,84.81,Online,Pending
bb4d2b00-aa52-4c28-b39d-cf006ce23894,9305d562-2505-493d-8ed8-3fb721c8f491,2024-11-21T10:16,3,64.65,Cash,Completed
773c741b-8a3e-4369-b1a3-b81e867b7831,ada8704c-2784-4d70-84da-10078407d2c8,2024-04-25T10:16,9,208.89,Card,Pending
da114a82-701a-4d10-b214-910df47853b8,e886c155-0dae-4b36-88f5-a86fa474d1f6,2024-04-15T10:16,8,206.00,Online,Completed
65ca39c2-036f-4c8b-87e6-86f8c440ce3a,8f7f530b-bb30-4a05-b437-744ed30af54f,2024-05-02T10:16,5,44.40,Card,Completed
6cc84356-9796-46ed-bad6-0ac3c1d65e87,bc58b12c-65c4-4f21-89ef-3e492a22ef7c,2024-09-13T10:16,9,88.38,Cash,Completed
62804e17-88ee-4070-8577-2361c9c4d44f,3e97fc93-73a7-45e0-9888-f7a03ee258a7,2024-06-21T10:16,4,49.16,Card,Completed
b2de80ee-9846-4d97-96bd-1c61c0d9b60d,d7af10ce-45c9-4fc8-8dd8-b1c5491aad5f,2025-04-20T10:16,8,222.24,Online,Completed
c40ade7c-fdf3-4a54-80b0-cd6b786b2f8f,6bd388d4-5636-450b-bacd-55bdcb769bab,2024-09-14T10:16,5,105.20,Cash,Cancelled
84af0a25-1791-4ff4-a318-c8538b58803e,8e1bbe6c-7b75-46dc-8ca1-0b1664cd6ae4,2025-07-30T10:16,1,28.75,Cash,Completed
58f19a9f-9ad7-4e11-9ec7-e20e191059fd,0472ca7f-b133-4710-8f43-24a3c6c1afd1,2024-10-11T10:16,1,7.87,Online,Pending
5d52c91e-3164-47f9-acb6-18219d104f85,6e6d2c67-f7fb-4a98-8f9a-4822259b25c4,2024-05-20T10:16,7,86.24,Cash,Cancelled
c699bba4-9d63-4242-b286-18a7ba108467,49af098b-bf79-4643-8e49-739ea932d38b,2025-03-27T10:16,1,8.58,Online,Cancelled
459a1570-9cdb-4789-ac0b-9d4887a1ed02,103fcba5-5588-45a5-9fe0-6ac948d3860e,2025-10-17T10:16,1,10.76,Online,Completed
fd3cd4a5-f914-4da2-bf78-a888ea2a31dd,b3688304-b24b-416a-9bf4-c2b6aaeb59d3,2024-01-07T10:16,1,21.41,Card,Cancelled
ceb83719-c93c-4ba7-bc2b-42f260a0da4a,39cb44e2-a541-4b98-bc0b-db5f31cf8710,2025-02-02T10:16,3,87.24,Card,Pending
d2ba72eb-0dbe-4520-9de9-ad40ad3b3da1,428424b7-1f94-496a-8b7a-497ce177d32c,2024-12-26T10:16,3,51.36,Online,Completed
a5d250bd-1b5f-49c8-bc77-06600c129323,c63bd277-c81c-40c5-8720-6ce916d653c4,2023-11-23T10:16,1,28.24,Cash,Pending
dac9737e-6cdd-4d24-a0f7-57a7cc08b381,69446e90-4237-4410-ab55-e011eb04cce0,2024-08-06T10:16,4,89.68,Card,Completed
4fd30886-25ed-4661-be22-7667453f278b,b6c26110-1b77-4777-8c79-c69ec19b66df,2025-07-29T10:16,2,13.50,Card,Pending
019a42d3-5f2c-43a1-aec3-8eff8585fbd6,0df3bae1-6384-4856-aa27-aef9f6c48b75,2025-07-20T10:16,2,59.52,Cash,Completed
ab4633d4-8f44-402b-be59-76aff38d7d3a,7509850a-5062-4da9-aad6-bc5b9e363ef1,2024-07-19T10:16,3,58.50,Cash,Cancelled
f8f00fe2-1721-41fd-8b82-03700f3facfa,36b880b0-e9bd-4c0b-8f1c-32018f6c758a,2024-09-30T10:16,7,139.37,Online,Pending
a48399fa-df06-4300-b24d-b97eef8cd7f5,a5ffc907-be77-43e6-8694-4a0bf09bd3fb,2024-03-08T10:16,3,61.98,Card,Cancelled
ce89be8b-4dec-42ef-8b97-3681dbea91ff,6117b6f0-c4f4-4bf1-9eeb-f33950decba8,2024-06-24T10:16,8,55.60,Online,Completed
13cdc311-f357-4ace-b15e-83dc28226d3e,000f9c8f-2fc7-4346-844d-c04f10751265,2024-07-16T10:16,9,263.70,Cash,Cancelled
b5c32393-d8b5-4a88-b163-21651741957b,4e6807ca-aed8-4ec9-b1b0-0e3aba57efb1,2024-05-19T10:16,3,38.01,Card,Pending
ef39cbec-3c22-4f08-a2ca-1424cade009f,ba5d9947-b043-4aca-8ee0-6b77895cf8e8,2025-09-22T10:16,8,128.48,Online,Pending
e763023d-fa11-446f-a274-7de8bb1d8d4d,6b1178fc-1745-401d-88da-3903c243ebe9,2025-06-24T10:16,8,115.20,Online,Cancelled
85d732a5-9d6c-446e-8689-781a1d28318a,d87f31d7-79ef-4c17-856e-142e791b04da,2024-08-15T10:16,1,17.35,Cash,Cancelled
aad8492a-f712-48a3-ac2f-5621277308b8,ef7fad1f-a86f-4ee1-95b4-ce1f339f0fa5,2025-09-27T10:16,4,75.04,Cash,Cancelled
714f6b37-67d3-448d-9e31-d37c967f7418,53db1213-7316-47bb-9099-c1def0e3c96b,2025-02-03T10:16,9,252.36,Cash,Cancelled
c7a1484e-6364-405e-8e70-0f3b94fc6065,e38afcd9-9e08-47ba-bc92-5ebb4bc271eb,2024-03-23T10:16,4,118.56,Card,Cancelled
61dd2e67-5cf1-47cd-8889-1224d0f8fdfd,7169ef0c-f2c8-4ae3-83f6-87691664d2d2,2025-05-01T10:16,5,55.85,Online,Cancelled
9a310f57-1999-4058-b646-c2ec5e0abe6a,1a31c678-d420-495a-aff3-0f1609514e1e,2024-01-02T10:16,6,105.54,Card,Cancelled
9d224c36-12c7-46b1-b147-6b831e5fd4bc,d33bbfcd-a2ca-4e80-8a1c-65223f061e7e,2025-07-15T10:16,5,144.80,Card,Completed
6c36bdfa-5f33-4b21-9676-0fb87ccf20c6,0e0d5f13-edd5-4ab0-9ddd-3df111bedc5a,2024-03-30T10:16,1,21.24,Card,Cancelled
64edeb49-e680-4ebb-91a3-a0f5294cb8ed,67c276b0-7be6-4f3c-bf86-c342095c8112,2025-11-08T10:16,9,114.21,Online,Pending
9a8f1e7a-6934-4f0d-9108-9408724879d9,a190f67b-21df-46bc-8164-46bdfa00af85,2025-08-01T10:16,7,49.98,Card,Pending
7316147f-8ccf-49da-9c04-86acc39584c5,53db1213-7316-47bb-9099-c1def0e3c96b,2025-10-15T10:16,9,232.92,Card,Completed
316daab2-bfc3-4c72-b0f9-f8faf5f50169,cd50913f-8c99-4253-9134-0cf5fe5f300f,2023-11-13T10:16,5,80.15,Cash,Cancelled
de2689ed-4baa-4432-90cd-001579b35e4a,93cdeef1-3fc3-4a63-a275-0ae87ae6b335,2024-02-22T10:16,2,11.10,Card,Completed
8b9b7a9c-944a-4653-a265-001ff022e9db,4717d2a3-4b2a-44f1-b960-a2b73e2d23fd,2024-01-31T10:16,3,17.58,Cash,Pending
4e8c0c54-2ef1-477f-bf40-89c5995054f1,dcfb3d05-846d-4915-99f3-ebbc7559d972,2024-06-09T10:16,2,50.88,Card,Cancelled
da9ce168-2301-4bbf-be1c-7b110404e8ff,8e1bbe6c-7b75-46dc-8ca1-0b1664cd6ae4,2025-02-22T10:16,7,170.66,Cash,Cancelled
105c9798-0646-42b6-881f-bd0215af63bb,39cb44e2-a541-4b98-bc0b-db5f31cf8710,2025-08-22T10:16,3,80.34,Online,Completed
02fbc75c-4284-403a-92df-3ea458624663,c9dcc28a-ae5f-477c-ae7e-72d94129f449,2025-08-07T10:16,1,11.28,Online,Cancelled
a2bc96b6-344a-4ae1-8dad-bcdd19e2bc30,4b14a58c-f1e4-40b6-888d-a88cd7055099,2025-03-04T10:16,6,91.44,Card,Cancelled
8f40a2c7-e103-4df9-9599-543d780bd65c,05ccd8a5-ea5f-4353-bd1e-3022152b0685,2025-07-06T10:16,1,26.13,Online,Pending
832e46b0-179a-4fb3-ba83-4a93f921ebd0,0e0d5f13-edd5-4ab0-9ddd-3df111bedc5a,2025-11-06T10:16,6,169.08,Cash,Completed
e2c7cf5b-eb05-4ee6-9f30-7759bd2b1b8a,0d463f72-c3a1-4a2b-8d0d-1721a0d1a06b,2025-10-21T10:16,9,69.84,Cash,Pending
ebb96812-97cb-4d22-a255-ebf941199c14,00d7ae70-0f46-4453-963c-4ab2a3d29314,2024-01-07T10:16,1,6.82,Online,Pending
a740401a-e1bd-46df-b23a-90a274f50ed0,02c65c06-56ad-4670-b8e2-10ab417c7154,2023-11-16T10:16,1,8.51,Cash,Completed
68350aa0-6d10-4779-8b55-06c57f60d68c,11526850-7335-463f-b740-a52a90457c3b,2025-05-29T10:16,3,54.18,Cash,Cancelled
a0a05e41-e276-42dd-99d9-277030b6543b,e12c3d24-86c8-474f-b86b-370df36adbfe,2025-07-02T10:16,5,46.80,Cash,Completed
b6e0452d-06c0-49ab-af68-5a1157a71dd8,26d032f1-9fe9-487a-987a-a8be14e1db05,2024-05-05T10:16,3,62.64,Online,Completed
9ec1c5d0-6936-496e-ab18-4a52db290a10,500fde18-ea61-4380-9ea4-f06d09985870,2024-11-25T10:16,1,10.35,Online,Completed
1876a31c-eddd-4625-a056-c51be4c5e15e,0fcf4084-ea31-49f8-99f9-9bf8c8b0c16b,2025-07-13T10:16,8,231.68,Card,Pending
58585ee6-2768-4e79-9629-00d435823e1a,4e44f26d-5455-405b-8fdb-63ab8b739ecf,2024-11-19T10:16,1,28.66,Cash,Pending
a90de7ac-42cc-4a07-8a94-1f67ae787b1a,d5eaf6a7-76cc-48ec-98d9-ba713e2df70f,2025-02-17T10:16,5,118.35,Online,Pending
9f190200-6f42-4b48-af2e-3b6abbf0438b,0b2a0e9a-e050-4380-b607-57adcbbf59d4,2025-02-20T10:16,4,117.36,Cash,Completed
f34284c0-6ebf-46e8-bb69-bb076e3c3d80,06e585f0-5b60-4900-81d1-3379328e6c17,2025-08-19T10:16,5,97.50,Cash,Completed
a8210012-e761-4c74-b867-ce816331623b,02c65c06-56ad-4670-b8e2-10ab417c7154,2024-08-05T10:16,2,23.74,Cash,Cancelled
58a98c48-d63e-4b34-a59e-b3895ebfff48,8b115a34-224b-453c-be69-b53a7445b466,2024-11-06T10:16,5,53.55,Online,Completed
9c0f60b3-d354-4d18-9f2a-e0138fc2e720,1eeb9c5f-5b7a-47af-b4f1-5a50d9d1089c,2025-09-30T10:16,3,24.15,Online,Cancelled
2ae1cdc5-1bcd-4d51-8831-bc7fe4e74617,bb6ceda0-3f7a-4dfa-9862-41a88dd468b2,2024-07-05T10:16,4,83.04,Cash,Completed
3010ad23-1e04-4d22-bb1a-1bc65cf5fe08,52c87fd9-fdf0-4256-b929-6153ad24a0ac,2024-04-09T10:16,1,27.81,Cash,Completed
7e7a6a3a-ac3e-4812-b5f4-985831b6d3f6,0e0d5f13-edd5-4ab0-9ddd-3df111bedc5a,2024-03-19T10:16,9,91.89,Online,Cancelled
c89eedcf-4074-4048-ace7-aaf25d66e2e9,7d2df59f-386d-4aec-85a8-2443262a0cb4,2025-01-18T10:16,2,14.68,Card,Cancelled
538d95ed-7623-46cd-80c3-62e77242b7e8,09ba4183-1b94-4f8c-bc5f-eca421a88524,2024-02-19T10:16,5,27.95,Card,Cancelled
e39f98d7-bb5c-4b8b-862f-36b31990f2ec,4e44f26d-5455-405b-8fdb-63ab8b739ecf,2024-09-23T10:16,2,40.14,Online,Pending
7da5dd78-0a8f-4ec8-84ec-f40ada495603,8113211c-bdc3-4bb0-94d9-3fd3871f3005,2024-09-02T10:16,6,149.40,Cash,Cancelled
7c0650ff-e6c4-4277-b098-5c66781a0733,ebe19120-496a-47fa-87eb-2440212a3363,2025-04-14T10:16,4,73.80,Card,Completed
dc30abfd-1731-4063-8362-16b98baf72d3,1a48aa9a-def3-481d-922a-94300aa97309,2025-04-24T10:16,8,171.28,Online,Completed
4371b530-34db-4905-abdf-df2fdd8ec11d,2a109685-1399-4149-8951-fba29bb0360d,2025-09-05T10:16,3,35.07,Card,Cancelled
dc8a40dd-3349-40c8-b2f2-36d09d55340a,68169a66-a8d4-4763-914e-7befc826445b,2024-02-04T10:16,9,267.21,Cash,Cancelled
3bc7ae5f-4c26-4d3c-b466-8adc231f552b,e12c3d24-86c8-474f-b86b-370df36adbfe,2024-01-03T10:16,6,130.56,Online,Pending
876f0c4b-14a3-4d81-91a7-fdb397db0087,56a75a3e-a944-4147-8cba-f1024726993f,2024-09-18T10:16,3,55.89,Online,Cancelled
d354efe6-9158-4619-85b3-7d9ad2eaade8,fbe227d7-6d32-4407-9783-7fdac983e55f,2025-08-05T10:16,9,79.38,Cash,Completed
0aa20c99-41db-459d-958d-c70d441caef3,00d7ae70-0f46-4453-963c-4ab2a3d29314,2024-09-16T10:16,2,30.08,Online,Completed
f110dcd7-dae3-4c84-af39-aa389e39cdc3,59827b2a-ae17-44b1-bd6f-6f08718559cb,2024-07-24T10:16,8,90.56,Card,Cancelled
ec8053a2-d19a-488c-8a9e-eec38d3baf93,6117b6f0-c4f4-4bf1-9eeb-f33950decba8,2024-02-13T10:16,4,104.88,Card,Completed
a4d91545-8dbb-4cea-a767-30596c756f54,401a6911-a31e-4892-adc1-56e3e1eb090a,2025-08-06T10:16,7,169.68,Online,Pending
941be3c2-1ae9-4398-a6d4-732d256614e2,d6d4ef4b-0870-48aa-b884-013237f255f4,2025-09-15T10:16,2,42.64,Card,Cancelled
e9bba375-e6ef-4882-90c8-ac5372257a75,2ca088cd-c6c6-4e60-a1a4-d2990ee21b12,2025-03-11T10:16,9,178.92,Online,Cancelled
b5b67f80-0a90-4cfc-8acd-051626a6ba20,4e6807ca-aed8-4ec9-b1b0-0e3aba57efb1,2025-10-22T10:16,3,53.28,Cash,Completed
f9dfee84-14df-4e4b-abec-87f2d25ddf88,73a2b03c-2dca-486e-8ebc-c4d6bb68a8c6,2025-11-09T10:16,6,118.20,Online,Cancelled
12417898-df4c-414c-868e-a850fc277a14,c5817fdc-a4dc-4879-b957-30cfda62016b,2024-03-03T10:16,1,8.93,Online,Cancelled
f19a07f0-1fa6-459f-a9ab-313358c43b36,6e6d2c67-f7fb-4a98-8f9a-4822259b25c4,2024-05-27T10:16,7,104.72,Online,Cancelled
7a92a77c-f32e-4d5e-93f3-4e7ac8770664,ceafdb2a-788d-48e0-acdd-bd533a2e7ab6,2023-12-12T10:16,1,20.06,Card,Pending
f5c6c5c9-be19-44d1-ac84-9db74d15a028,99c406e7-092b-4eeb-bc08-56fc041c253d,2024-01-27T10:16,3,54.99,Card,Pending
42cec4e8-5fde-402d-8486-0c3007bb938f,103fcba5-5588-45a5-9fe0-6ac948d3860e,2025-06-14T10:16,2,29.86,Online,Completed
357c810b-af6f-4c7a-ae28-2fda69b66448,a190f67b-21df-46bc-8164-46bdfa00af85,2024-04-13T10:16,4,115.96,Card,Pending
14307e10-8757-419d-bec4-2f186dafa44f,e12c3d24-86c8-474f-b86b-370df36adbfe,2024-06-08T10:16,5,99.20,Online,Pending
0cb8846f-7423-4734-aa7f-ddffcad9bea4,0a15d43b-8f6b-444a-bef2-ffbddfdbd16f,2025-02-20T10:16,3,59.46,Cash,Pending
883a5c9f-6f65-4f76-bbfc-1e9c88f0a457,25659c0e-6eb5-4c57-add8-fb6ac5f42699,2024-09-22T10:16,4,35.68,Cash,Completed
299a7ab2-37df-494a-86f5-e5bdd1f77f50,f6c35464-33dd-44a7-bf84-071f2e427045,2024-05-08T10:16,8,197.04,Online,Pending
9a43b15f-9df1-48a3-964d-08b2597c62bd,fe624323-ba72-456d-9842-ed9e0edc75df,2023-12-06T10:16,5,65.05,Cash,Pending
56b742a4-6249-494d-8e93-0f9397148858,205ea7f7-e714-45b8-a083-11247ff702a1,2024-12-17T10:16,3,34.38,Online,Completed
a09090c3-2054-4c79-9255-dd8f9bc9cfec,ef7fad1f-a86f-4ee1-95b4-ce1f339f0fa5,2025-04-12T10:16,6,120.12,Online,Cancelled
14c9ac9a-37b9-4b5a-b5e4-d3b993e0fa24,9305d562-2505-493d-8ed8-3fb721c8f491,2024-06-25T10:16,3,89.37,Card,Completed
61ab3cf6-5a1b-4ea1-9d4b-d83fbf0de574,0df3bae1-6384-4856-aa27-aef9f6c48b75,2024-11-06T10:16,5,135.75,Online,Pending
11f38836-7c5a-4408-9700-5d79c6153bea,e6cb1215-5314-4d05-bfd1-f6e5d36e89f7,2024-04-09T10:16,7,48.93,Online,Pending
d9981cab-0b79-4523-ba52-b4df074dfb52,0a5a9fc7-e126-48f0-99aa-dea85c606f66,2024-09-05T10:16,6,160.92,Card,Completed
f4d02155-f536-43c1-a551-e839ab28d3b6,058b9c75-b72f-4594-80d2-e41194ff7672,2024-10-06T10:16,5,91.00,Card,Pending
ff1f3aed-fffb-4027-9e5d-6cd7bee10ef5,53db1213-7316-47bb-9099-c1def0e3c96b,2024-12-12T10:16,2,34.72,Online,Cancelled
fb5fac7c-015b-43fd-abdd-7282e7c38ced,0a0ac3e5-6e20-4fbc-87ec-5481c70e38bc,2025-01-30T10:16,3,49.65,Cash,Cancelled
4608f3b3-c4d3-4e5d-a519-b1b3a454ae5d,6c6a3b10-9747-4dca-a041-4edc22d147b0,2023-11-28T10:16,1,26.33,Online,Pending
92a3bf1c-efe4-4859-959f-269e3a01f004,11526850-7335-463f-b740-a52a90457c3b,2024-07-11T10:16,4,83.24,Card,Completed
e9701748-8dd9-4ea0-b748-75d3d4dd57e8,b6c26110-1b77-4777-8c79-c69ec19b66df,2025-01-28T10:16,4,38.52,Cash,Cancelled
c95d1e69-760c-45b3-8126-db77f6cadf38,3910ab11-8758-4a4f-8a9b-c4f5df7413c4,2024-05-18T10:16,8,180.96,Cash,Pending
601876ba-a1a6-4b34-b713-95c142c5f0eb,11526850-7335-463f-b740-a52a90457c3b,2024-12-06T10:16,5,26.55,Cash,Pending
3eda9e98-cdf5-4035-bf6b-296bd644cffc,05ccd8a5-ea5f-4353-bd1e-3022152b0685,2024-01-29T10:16,9,180.99,Online,Pending
17f5a6c7-8efe-479a-8592-d50be81c048c,d6d4ef4b-0870-48aa-b884-013237f255f4,2025-08-27T10:16,6,156.48,Online,Completed
3e91f28b-8581-4c6f-b377-ddabef95abe2,c1a09d60-c9e8-4489-a68e-e01b51541d33,2023-12-27T10:16,5,93.65,Cash,Cancelled
dc70cc0a-ad38-4128-929a-5b7b9bc22e8f,a938df5f-7764-459c-8bfd-90409d16b3c6,2025-07-19T10:16,2,46.76,Card,Completed
298252d0-c687-4d4d-829b-063f9f0eaf69,a5ffc907-be77-43e6-8694-4a0bf09bd3fb,2024-01-07T10:16,1,23.38,Cash,Completed
abcce3a1-202b-4d2f-8429-713ab0c32403,6c6a3b10-9747-4dca-a041-4edc22d147b0,2025-02-13T10:16,9,247.59,Cash,Pending
6d7e72e7-3ec4-4f51-9704-3e493a7390b9,c1a09d60-c9e8-4489-a68e-e01b51541d33,2024-03-09T10:16,5,99.75,Cash,Pending
4a0dbebe-b534-4257-9c47-d970ee12a3c0,5d6f84a5-a4de-442e-99b9-b8ef714b4436,2024-05-01T10:16,8,205.12,Card,Completed
33679210-7da2-469b-ab64-1c83357b4b51,4717d2a3-4b2a-44f1-b960-a2b73e2d23fd,2024-02-29T10:16,6,126.96,Card,Pending
631daccf-1923-41c2-af86-bb857746d36e,fbe227d7-6d32-4407-9783-7fdac983e55f,2024-08-25T10:16,7,201.60,Cash,Pending
0533f6c4-d0dc-4257-9800-c589757d2bdf,6f61ca8e-51a1-48e0-abfa-88326e713e34,2025-08-14T10:16,2,34.78,Online,Pending
dc58aace-d0fd-43d6-b46d-7ce122cc2a87,dcfb3d05-846d-4915-99f3-ebbc7559d972,2025-06-12T10:16,4,25.44,Cash,Cancelled
2c94dcbe-6071-46eb-a2de-d5cce7bc5b5a,4bb2d776-14c0-4ef6-b8ba-c580cbed72b8,2025-09-05T10:16,4,83.52,Online,Cancelled
c6b25465-75c9-445d-a2c5-129ef9ae6165,23650eb4-f98d-45a3-a90b-a378f03d469d,2024-11-26T10:16,5,100.65,Cash,Completed
4163f866-ef45-46dd-ae22-08a4c4424a1a,62a2bfef-ca4a-4dec-90ea-bf15ea1880d2,2025-06-29T10:16,1,26.78,Card,Pending
fc264233-9cba-4c61-a119-3f8a17fa1a75,89d26a00-0fde-4c03-8430-b06f6bc3f33a,2024-10-03T10:16,6,167.34,Cash,Pending
6017a047-f320-4b43-98f3-faa2a6c9210f,a3f626b9-cc27-4c04-8570-be79ab8bda4a,2024-04-05T10:16,2,30.30,Online,Pending
cad68ad9-6100-4733-a822-31a15bf73393,401a6911-a31e-4892-adc1-56e3e1eb090a,2025-01-04T10:16,3,31.74,Online,Completed
83ad6442-0112-422e-88f7-c6a1a7ca0bef,09ba4183-1b94-4f8c-bc5f-eca421a88524,2024-09-25T10:16,2,37.74,Online,Cancelled
7f733406-0b2c-4ef0-a0a4-f809730a9e27,49af098b-bf79-4643-8e49-739ea932d38b,2024-03-31T10:16,2,21.34,Online,Completed
377e5f3e-ff3e-4c50-bfae-4b15531a35d1,ef7fad1f-a86f-4ee1-95b4-ce1f339f0fa5,2025-06-11T10:16,2,38.32,Cash,Pending
df4f982d-aabf-4183-84db-c542bb5c809e,98b17fed-218c-4f20-8410-9f0edfc74455,2024-09-17T10:16,4,88.20,Cash,Pending
1c40ade5-3058-4c04-b856-ddd80e240e04,c9dcc28a-ae5f-477c-ae7e-72d94129f449,2024-05-17T10:16,7,96.95,Online,Cancelled
7ba917b2-a021-4ccb-b4c3-c738456aa3ce,1407e9cf-22c9-4137-a2fe-cc12dc038235,2025-06-26T10:16,6,148.32,Online,Pending
3ca750f3-7634-45ac-9022-4cfc2d820131,cd50913f-8c99-4253-9134-0cf5fe5f300f,2025-05-30T10:16,4,111.04,Cash,Pending
f8f970fe-cea1-4136-b75e-0db042ce73cf,aac35608-9499-49c5-811a-a059e773c968,2025-02-27T10:16,9,201.69,Card,Completed
cd084f1f-58dd-45d4-bd84-ccc7aab05bdc,a5ffc907-be77-43e6-8694-4a0bf09bd3fb,2024-12-24T10:16,4,98.40,Online,Completed
fed4e42f-6be8-4aee-b57a-04ed519499eb,0a570207-0f70-467f-bbeb-44a0a60a9a25,2024-09-19T10:16,8,59.60,Card,Pending
87e0c17a-077d-42cd-b598-409af2e029ba,bb6ceda0-3f7a-4dfa-9862-41a88dd468b2,2024-12-05T10:16,1,8.01,Cash,Cancelled
c358213a-8d31-425b-ac75-35e2644676de,8250871a-2b35-424e-a1a1-4eb4faffabfb,2024-04-11T10:16,4,98.36,Card,Completed
3621bf0b-dc20-4653-bfd2-e0d6fbd200ef,dcfb3d05-846d-4915-99f3-ebbc7559d972,2024-11-16T10:16,2,15.70,Card,Pending
9ea811c3-5901-43c1-8186-46342f7119ac,7a18d550-38d0-40b2-84a7-547162e7e409,2025-07-14T10:16,4,83.00,Cash,Cancelled
5f0bde7f-b268-43dc-964d-918385db1350,60cd80b6-3967-4dae-b4df-adc7b5644971,2025-06-24T10:16,3,45.30,Online,Pending
e84f9e13-8ec8-4060-bd48-0bab15fa31ce,c83bba2f-5229-4998-9566-1f3179b13e8a,2024-03-09T10:16,1,13.35,Online,Cancelled
9f17e712-df7c-40f0-98ac-b35a5b384eb3,52c87fd9-fdf0-4256-b929-6153ad24a0ac,2024-04-05T10:16,8,91.52,Cash,Pending
c520af97-976c-4845-8a3e-3cc2a0517bf9,7a18d550-38d0-40b2-84a7-547162e7e409,2024-10-21T10:16,5,108.25,Online,Completed
8a1577fa-289b-4499-8ff7-5d8459d29b26,99c406e7-092b-4eeb-bc08-56fc041c253d,2024-08-07T10:16,3,60.00,Online,Pending
7d4adc19-1bf5-45fa-aeee-394c5872e58c,000f9c8f-2fc7-4346-844d-c04f10751265,2024-02-23T10:16,3,86.04,Cash,Pending
fa99ef32-09cb-4eab-ada5-5454ca3388c2,65b2c0ea-6192-47fc-9286-2c1dd3ecefb1,2024-12-28T10:16,8,165.92,Card,Completed
1221e040-743c-4555-bd05-1e259ae4f4fe,49af098b-bf79-4643-8e49-739ea932d38b,2024-12-16T10:16,5,44.20,Card,Pending
2a62ae4a-98a0-4a67-9680-56bcd593d6c0,10b26c2d-7d56-4175-84a8-a2775e128a9d,2024-10-03T10:16,9,200.97,Card,Pending
9eeca7f7-1b11-42de-85ab-10f91d65f15d,6e6d2c67-f7fb-4a98-8f9a-4822259b25c4,2025-01-16T10:16,8,200.48,Online,Pending
3a803aa7-d1bd-43c8-84b0-17e2dd18c41d,a302a1a8-c429-406f-abff-9f273aa0a4b5,2024-05-18T10:16,4,84.52,Online,Cancelled
d5659526-2d0a-421a-8bfc-28d19e07b1ce,b0d737cd-ec4b-4a88-aa81-d012ef3fb719,2024-12-12T10:16,7,203.14,Card,Completed
99703949-6fb3-42f9-98ac-c3c6d22a3098,7169ef0c-f2c8-4ae3-83f6-87691664d2d2,2024-04-21T10:16,8,194.16,Online,Pending
a031b9e4-9c58-43b2-aa18-3c5761e46850,67c276b0-7be6-4f3c-bf86-c342095c8112,2024-03-01T10:16,4,35.44,Card,Completed
4b5009e1-85e9-4028-b973-c540224387d3,4bb2d776-14c0-4ef6-b8ba-c580cbed72b8,2025-10-11T10:16,9,53.73,Card,Completed
e07f503b-6c05-43ec-b91a-91a7dd74174d,fe624323-ba72-456d-9842-ed9e0edc75df,2025-08-27T10:16,4,102.60,Cash,Completed
71d1c51a-17a5-442b-9c14-22feadb1d29b,5eb75bc0-d5fa-4209-9d42-7767f3f0585b,2024-03-29T10:16,1,18.06,Cash,Cancelled
1597b196-07cd-4cb4-ae2e-6f29884e1cc1,0dd437d0-74fa-43c3-8909-5c955e4d47dd,2025-03-08T10:16,2,36.20,Online,Pending
0d64e9b0-8932-41cd-bf73-054cfa64d77d,824998a2-7592-4051-ab0b-d5e12743c93b,2025-08-30T10:16,7,99.47,Cash,Completed
675e7329-03ae-4e66-a0be-2c75ccffaf24,0472ca7f-b133-4710-8f43-24a3c6c1afd1,2025-07-05T10:16,7,156.66,Card,Completed
7d73118e-54a9-4937-bedb-b50b4edb78e1,ceafdb2a-788d-48e0-acdd-bd533a2e7ab6,2024-03-19T10:16,7,56.56,Online,Pending
6ebad90f-a5ba-4a74-8547-3c3d75a7d83b,3910ab11-8758-4a4f-8a9b-c4f5df7413c4,2024-09-02T10:16,6,169.62,Online,Pending
09730c33-d0e5-4eb7-9578-1e7e30b27fcf,0a0ac3e5-6e20-4fbc-87ec-5481c70e38bc,2024-06-04T10:16,6,123.66,Online,Completed
c0493fed-01b7-4e73-a7b5-35d2919cd9cc,0a570207-0f70-467f-bbeb-44a0a60a9a25,2024-01-11T10:16,8,100.88,Online,Pending
f02ccec4-ec5a-4b5c-bc84-d07b31699bfb,d7af10ce-45c9-4fc8-8dd8-b1c5491aad5f,2024-08-02T10:16,9,59.76,Online,Cancelled
bc1902fa-293c-436f-85f8-8f2144af6e8d,bb6ceda0-3f7a-4dfa-9862-41a88dd468b2,2024-03-22T10:16,2,53.76,Cash,Completed
51dc60a7-7f7a-4b69-99b4-939ed38ba312,cf65c4b6-4c1c-420b-95de-23e5b56ffad5,2024-08-27T10:16,3,72.72,Online,Cancelled
c11f00ca-a12c-47af-ae10-06b291b52902,77ca464a-fe0d-4dcc-8f08-3eb2f7b64f76,2025-01-14T10:16,5,59.85,Online,Cancelled
4ffcc078-b1b3-49a1-b9d1-769fc1cb1e26,885715b6-b1eb-44ca-8460-28c0343e56f3,2025-08-03T10:16,4,53.28,Online,Completed
ee0ccbf6-b92e-47f8-a591-69b8c4758e56,f543de06-e341-4de2-95ab-ca0fd3ee51fe,2023-11-21T10:16,4,43.12,Cash,Cancelled
83b5759b-86ce-41c7-96ca-1039adefb8ef,8e1bbe6c-7b75-46dc-8ca1-0b1664cd6ae4,2024-09-08T10:16,5,112.60,Online,Pending
21dd53b5-4cc7-4fea-b8a2-3752db49e31f,c63bd277-c81c-40c5-8720-6ce916d653c4,2025-08-25T10:16,4,76.76,Online,Cancelled
fa752b72-513f-4aad-b41a-dfbcfbe6eb2d,1a48aa9a-def3-481d-922a-94300aa97309,2024-01-23T10:16,4,77.16,Cash,Completed
a7c1216f-f7c0-4bc4-b010-2059241be1d9,910b1d47-5c37-48b1-8bde-96c60660f1d7,2025-01-24T10:16,3,78.39,Cash,Completed
c7cf1b0f-9016-435a-83e9-e484ca2e0da6,1407e9cf-22c9-4137-a2fe-cc12dc038235,2024-02-12T10:16,5,114.30,Online,Completed
f5dbf646-c3be-4700-909b-5b0219996239,bb9edfa8-17f7-4f6f-8e3b-616693a298b1,2023-12-09T10:16,9,121.50,Card,Completed
c1387af6-549b-431a-97b1-5b5289b4f7eb,0a5a9fc7-e126-48f0-99aa-dea85c606f66,2024-01-22T10:16,2,17.96,Online,Pending
fd7372de-a955-405b-a963-a94bc197bc1b,c63bd277-c81c-40c5-8720-6ce916d653c4,2024-11-23T10:16,3,40.02,Cash,Pending
60c774d3-6037-4e47-869a-f459e0f79e6d,ff4db0d8-e809-46e8-9ae0-78ffee4902d9,2025-08-03T10:16,5,54.50,Cash,Completed
dfe2474a-9881-455c-ae3f-37ea57ae6dcd,0dd437d0-74fa-43c3-8909-5c955e4d47dd,2025-01-02T10:16,6,173.40,Cash,Completed
b4d8d5a2-4ffe-44cb-b99c-e2e15665aa50,1d32c3b3-c732-4995-aa6b-ff159deb3bdf,2024-03-26T10:16,9,179.64,Online,Pending
6106a56c-dfa9-4eac-b9e3-5fb47c991d91,f067e21d-d1d4-4e87-9cae-9753f5f9ccb6,2024-08-26T10:16,3,34.89,Card,Completed
fb6169f7-b387-46f7-95d2-f9c3f11fca42,885715b6-b1eb-44ca-8460-28c0343e56f3,2025-10-19T10:16,9,203.94,Online,Cancelled
b2b36773-829a-46af-b21b-0d42fb15245a,e886c155-0dae-4b36-88f5-a86fa474d1f6,2025-06-07T10:16,9,56.88,Card,Pending
994cf495-73bf-4a21-ae5a-9b00481048d0,953417c6-cd52-45e9-9ca0-bb450653c934,2023-11-27T10:16,9,166.23,Card,Pending
4ef3f9ed-ff84-4817-b724-5b6a381d7a62,c9dcc28a-ae5f-477c-ae7e-72d94129f449,2024-02-02T10:16,6,151.86,Cash,Completed
c0d930dc-d180-43f6-8b78-311b7e377fe1,4e44f26d-5455-405b-8fdb-63ab8b739ecf,2025-09-13T10:16,2,59.04,Cash,Pending
dead1de9-703b-4a86-a41c-b953ea22ac66,80537cf2-360f-4740-8b7e-d4cd56e22987,2023-11-30T10:16,1,8.70,Cash,Completed
35759f71-4e1e-4688-af99-89974f2a6448,795088d7-d227-422e-ad8c-f048bde0675e,2024-01-09T10:16,3,26.07,Cash,Cancelled
2fb19550-c2cb-4f53-b532-d2e60d4ee370,f6c35464-33dd-44a7-bf84-071f2e427045,2024-05-09T10:16,2,51.86,Online,Cancelled
0e07850d-3775-40f1-bd6d-e951ceecb3e4,caca465c-e9f2-4add-91b5-24c70595e321,2025-07-27T10:16,7,37.24,Online,Pending
4098a79c-af17-40b8-94e4-4dc0924becd6,b04ce307-2d1f-4214-b023-d8f4379041a1,2024-05-20T10:16,4,51.68,Online,Cancelled
9bf432a6-61d8-4315-a288-65fcc8d583b5,e277d099-db2a-4aee-ab86-8b0e73a34383,2024-04-30T10:16,2,15.44,Cash,Completed
6283bb53-5995-4e59-ba73-59d03a531c64,d87f31d7-79ef-4c17-856e-142e791b04da,2024-12-29T10:16,9,230.85,Card,Cancelled
994922dc-916e-4819-9c7c-f52bb2cbd75c,a5ffc907-be77-43e6-8694-4a0bf09bd3fb,2024-11-11T10:16,8,138.64,Online,Pending
6138093d-a31b-45c5-bab1-816787e266ac,63846b60-b7be-4087-ac6e-56c9bc130a20,2024-11-23T10:16,2,11.90,Card,Pending
ba9cc944-6cb0-42c1-bad3-48d4b19c19e4,e12c3d24-86c8-474f-b86b-370df36adbfe,2025-08-19T10:16,3,42.12,Card,Completed
a9c5624c-53c1-4c00-abb5-591fae898753,7d2df59f-386d-4aec-85a8-2443262a0cb4,2024-08-09T10:16,2,43.48,Card,Completed
6b9ca149-7494-4e50-8ddc-0945dacaf947,62a2bfef-ca4a-4dec-90ea-bf15ea1880d2,2024-10-23T10:16,6,90.06,Card,Completed
192ae7e7-6994-4170-a999-ff65aa880211,a938df5f-7764-459c-8bfd-90409d16b3c6,2024-12-21T10:16,5,47.35,Card,Cancelled
b7200075-9327-484c-96c9-6fcf48f702c8,cd50913f-8c99-4253-9134-0cf5fe5f300f,2024-12-02T10:16,1,26.48,Online,Pending
5657a91c-b25f-4853-853a-c6f66c7eb68d,8f7f530b-bb30-4a05-b437-744ed30af54f,2024-03-20T10:16,7,206.92,Card,Pending
970fe44f-a936-49c9-a754-47f28130c4d5,d5eaf6a7-76cc-48ec-98d9-ba713e2df70f,2024-05-05T10:16,1,12.80,Card,Pending
761921c5-ae81-42eb-a869-dfcdd922af44,c1a09d60-c9e8-4489-a68e-e01b51541d33,2024-03-03T10:16,8,135.04,Card,Pending
8ac88966-7d66-488e-8159-5f0bfb0c6884,e12c3d24-86c8-474f-b86b-370df36adbfe,2025-06-06T10:16,7,79.59,Card,Cancelled
8626ca5b-c300-4554-89cf-c258c438f7e6,824998a2-7592-4051-ab0b-d5e12743c93b,2024-06-07T10:16,8,209.84,Online,Cancelled
d49be99f-a933-4035-bef2-99282f22fa68,06e585f0-5b60-4900-81d1-3379328e6c17,2025-04-25T10:16,6,169.68,Card,Pending
0e0d26ab-920a-413f-9fd5-58e9afab29d2,93cdeef1-3fc3-4a63-a275-0ae87ae6b335,2025-02-01T10:16,1,25.39,Card,Pending
95002dab-8f44-4adc-8c10-954bd5635a0e,09ba4183-1b94-4f8c-bc5f-eca421a88524,2025-03-05T10:16,6,34.38,Card,Cancelled
cab75fdb-e54e-4499-b5c5-d124ff6e2b93,52c87fd9-fdf0-4256-b929-6153ad24a0ac,2024-03-20T10:16,7,193.27,Online,Completed
7822f186-2d11-4db7-98bb-14cce6a62d1a,ba5d9947-b043-4aca-8ee0-6b77895cf8e8,2025-01-27T10:16,9,179.28,Card,Cancelled
82913075-4ec9-4425-bb94-dfe5815ced5c,103fcba5-5588-45a5-9fe0-6ac948d3860e,2024-05-21T10:16,8,228.48,Online,Completed
0be93db0-a9ac-43f2-b241-674eb4a2ffbf,c5817fdc-a4dc-4879-b957-30cfda62016b,2025-09-19T10:16,5,54.00,Online,Pending
490e2b15-7b55-4477-b195-f1cde3a27d1a,a3f626b9-cc27-4c04-8570-be79ab8bda4a,2024-07-28T10:16,6,139.20,Cash,Cancelled
a3a7fe0e-7029-410a-83d8-7ea81a359614,0b2a0e9a-e050-4380-b607-57adcbbf59d4,2024-02-14T10:16,2,50.68,Card,Pending
e6d11774-7f48-46fb-9de9-51806683f35c,205ea7f7-e714-45b8-a083-11247ff702a1,2025-05-28T10:16,2,56.46,Cash,Completed
a2be6005-c8e5-40a2-8b51-bb1a9e62460d,726d71e2-70fd-4416-8568-78619c14a73a,2024-03-23T10:16,8,191.60,Cash,Completed
65bedb44-4526-467e-8e28-e81d51bdeee7,11526850-7335-463f-b740-a52a90457c3b,2024-10-13T10:16,7,92.96,Online,Cancelled
e31425da-395c-4fce-bd6d-33c79eac536a,59827b2a-ae17-44b1-bd6f-6f08718559cb,2025-02-13T10:16,2,52.20,Card,Pending
a9f816dd-b856-49d1-ac66-503cec2377d5,fbe227d7-6d32-4407-9783-7fdac983e55f,2024-01-12T10:16,6,97.62,Card,Completed
ed94c9c8-660e-4bd8-b07d-4a5d9a7de39f,98b17fed-218c-4f20-8410-9f0edfc74455,2025-10-13T10:16,5,137.40,Cash,Completed
a8563d2f-cd54-4ce7-9854-657daeba7a66,0a5a9fc7-e126-48f0-99aa-dea85c606f66,2025-05-08T10:16,7,56.70,Online,Completed
c15bf382-a2a9-494d-ad5b-e72a696933b4,65b2c0ea-6192-47fc-9286-2c1dd3ecefb1,2024-09-09T10:16,7,137.62,Card,Cancelled
e2e66c37-2c3c-451b-945a-fa0b3e997c13,fe624323-ba72-456d-9842-ed9e0edc75df,2024-09-26T10:16,9,163.62,Card,Pending
dcbfef58-dd52-4c7c-9dc0-cd049798b379,77ca464a-fe0d-4dcc-8f08-3eb2f7b64f76,2025-04-13T10:16,6,83.34,Online,Completed
c70339fd-602d-4462-9d6a-3176def5abaf,4f6ae324-5b6d-47d6-a86d-26ec6fbe1e0e,2025-01-10T10:16,9,76.23,Online,Cancelled
64912d58-00a0-40b4-a20e-03a41171bcf6,8887df7e-682b-4d48-b18c-c1ddfa0aaa26,2025-04-13T10:16,1,24.90,Card,Cancelled
41021ffc-7eeb-43eb-a1a5-39952ace5e3e,caad7924-4bc5-4f85-9662-11ca261e3c87,2024-08-08T10:16,2,20.56,Online,Pending
c0e9fcc1-69d4-4ae3-ac96-54b368e29bed,26d032f1-9fe9-487a-987a-a8be14e1db05,2025-09-23T10:16,4,109.32,Online,Pending
4aba25c7-f75e-4a18-a4e0-ad1a01c7b0a2,3ab3404a-ee80-4ed2-8d90-a6f0dad14e48,2024-07-14T10:16,1,16.69,Card,Cancelled
d3fe5a2f-3d70-4ec1-ad2e-8c40a26a1093,f067e21d-d1d4-4e87-9cae-9753f5f9ccb6,2024-01-12T10:16,2,55.10,Online,Pending
696bfb67-7968-40c0-88d1-5317b23dec55,e12c3d24-86c8-474f-b86b-370df36adbfe,2024-10-01T10:16,7,170.80,Card,Completed
4adf298b-ac1c-44eb-8edb-609fd3b2b0f9,80537cf2-360f-4740-8b7e-d4cd56e22987,2023-12-07T10:16,8,119.28,Card,Pending
bf250074-3e06-4e42-967f-2e39e346bdd9,e119f98a-df63-41dc-8e01-bb49ca2dc724,2024-10-05T10:16,5,32.20,Online,Cancelled
299f063f-7606-479b-ae12-a8b1929db6cb,2ca088cd-c6c6-4e60-a1a4-d2990ee21b12,2024-04-28T10:16,3,44.40,Online,Cancelled
15c46a76-8e50-4d14-95b5-55b3fd92a743,b6c26110-1b77-4777-8c79-c69ec19b66df,2025-08-10T10:16,8,49.84,Cash,Completed
63e4eebe-9800-45fe-a3e8-7e4fcd14ae55,caca465c-e9f2-4add-91b5-24c70595e321,2025-05-17T10:16,3,25.77,Card,Pending
5b843912-7f76-43d4-8c39-4064bb295776,8626238e-5813-415a-9a8c-db944b1e0269,2025-03-11T10:16,2,16.60,Card,Cancelled
0ca31183-e076-4823-be36-267c92b793d0,71f17b36-2c37-4cfa-bf8a-894fa94c0e9b,2024-04-10T10:16,8,217.12,Card,Completed
2d350d0d-fa36-4830-953e-a57debc4365d,aac35608-9499-49c5-811a-a059e773c968,2023-12-14T10:16,1,28.07,Online,Pending
b291a6bf-da3c-4dff-bb6d-33677a3cf195,14eace30-1ac2-411e-8eef-98e8f32a87fb,2024-10-18T10:16,9,73.62,Cash,Pending
dfb65670-5cb1-4995-a6c1-546be74d8f90,d3f641e5-b8b5-4f5f-9155-7768df2033e8,2024-05-23T10:16,7,54.32,Cash,Cancelled
c38c28e9-d612-40dd-bb79-b7ec3010918e,1d32c3b3-c732-4995-aa6b-ff159deb3bdf,2025-05-09T10:16,9,169.20,Cash,Pending
2865af40-ffb1-44ac-861f-f99bdd603b1b,c83bba2f-5229-4998-9566-1f3179b13e8a,2024-01-26T10:16,4,119.04,Online,Completed
90657e85-6fca-4c5d-8406-96fee123d30b,d87f31d7-79ef-4c17-856e-142e791b04da,2025-09-12T10:16,8,67.28,Online,Pending
d2e71416-9c81-4442-8141-ddf526b7fdf9,9fa382f0-8393-48db-ad30-43c953282401,2025-07-24T10:16,5,113.50,Cash,Cancelled
75b57eca-9cbf-4637-bd58-5e88e0e1bdbd,fdb5454e-2230-489e-ade4-9218ff28cbd8,2024-01-04T10:16,2,34.18,Card,Cancelled
28f1dc65-241e-4416-b078-249414424d1f,b03f75c1-655f-4480-a2bf-1a0af806e96e,2025-06-06T10:16,5,49.00,Online,Pending
a3332ad0-d701-4862-9f17-fd6c0417bb5b,e12c3d24-86c8-474f-b86b-370df36adbfe,2025-03-02T10:16,4,115.72,Card,Pending
6e257297-c022-4178-a7bc-8638e05939ad,8887df7e-682b-4d48-b18c-c1ddfa0aaa26,2024-04-11T10:16,3,80.43,Cash,Cancelled
dccd9df8-96d7-46ad-8682-57ffb33d7513,60cd80b6-3967-4dae-b4df-adc7b5644971,2024-11-04T10:16,1,23.73,Online,Cancelled
15703edd-f00e-4e66-a1ca-e3f6dbe262cd,59827b2a-ae17-44b1-bd6f-6f08718559cb,2025-09-18T10:16,2,11.92,Card,Pending
5b2ae700-3a74-4787-a4b3-b88b29912646,73a2b03c-2dca-486e-8ebc-c4d6bb68a8c6,2024-02-28T10:16,1,14.43,Cash,Completed
e4bfe0b4-5c86-466e-965c-77eb83616d2c,aff4340c-d102-49ba-af8e-84d2737ce82c,2025-03-04T10:16,7,189.07,Online,Completed
ac5299ef-8050-4131-97fd-74ca6e967a9f,caca465c-e9f2-4add-91b5-24c70595e321,2025-10-12T10:16,4,55.96,Online,Pending
2500a1db-dd54-4b34-bf21-23bff9f1d83d,d5eaf6a7-76cc-48ec-98d9-ba713e2df70f,2025-04-22T10:16,2,12.44,Card,Cancelled
6f783a9f-b625-47e7-bf7c-78b7de32e638,3910ab11-8758-4a4f-8a9b-c4f5df7413c4,2025-01-06T10:16,1,5.58,Card,Cancelled
f43aae71-3f2a-4887-aee3-cb1f61feb4dc,4717d2a3-4b2a-44f1-b960-a2b73e2d23fd,2024-05-08T10:16,6,116.46,Cash,Pending
3b875ff6-93c6-40fd-ab07-575ed816005c,209e786b-2a61-4e52-a3b2-1cc98bcbf18c,2025-10-31T10:16,2,45.74,Card,Cancelled
84d4a396-5c07-4288-ad62-881d2db5d5ec,5f6e51da-5f01-4c9a-85dd-7d50ef37e5d7,2025-07-19T10:16,9,229.59,Cash,Cancelled
03ea9072-90c1-47aa-8c63-b2cb04208620,6945f6f4-b8f9-4d04-90ff-e59ed705578e,2025-07-15T10:16,1,13.60,Card,Pending
f73b6248-e7bc-4454-a360-df231054b375,e85d0261-2d97-4475-a749-363ec9040a74,2025-09-11T10:16,5,121.20,Card,Completed
98a40567-5a44-436d-9512-58890af64c56,3befa4dc-d961-4a3a-9410-d43d1bdaa335,2024-08-08T10:16,5,120.55,Card,Pending
346b4644-6587-4bd9-8c06-f9cb1081ae66,428424b7-1f94-496a-8b7a-497ce177d32c,2025-05-09T10:16,3,39.03,Cash,Pending
9a770f4a-7d4c-41e9-8aa1-c95a62de0068,10b26c2d-7d56-4175-84a8-a2775e128a9d,2023-12-07T10:16,8,46.64,Cash,Completed
71ce4989-73e8-493f-bea7-eea5a23c16ef,6c3bf618-a715-40f9-9faa-cfc5f5beef2f,2024-09-25T10:16,9,241.83,Card,Pending
ed51dba7-cded-49b9-b131-e787960bcdae,b014b56e-3263-4b63-8430-46e00bc5ea77,2025-06-05T10:16,6,62.28,Card,Cancelled
3dbc054b-b99e-4919-aac0-893fc1c40272,65b2c0ea-6192-47fc-9286-2c1dd3ecefb1,2025-10-24T10:16,2,37.36,Online,Completed
fe845fe0-6c81-4ca7-a541-25f983e8ef7c,6e6d2c67-f7fb-4a98-8f9a-4822259b25c4,2024-07-23T10:16,8,197.84,Online,Completed
5437fb9d-f1b3-404c-87fd-2d561c2fa2bb,bc58b12c-65c4-4f21-89ef-3e492a22ef7c,2025-10-02T10:16,9,85.41,Cash,Completed
03edf153-97ae-4630-96cc-962edf474631,02c65c06-56ad-4670-b8e2-10ab417c7154,2025-07-23T10:16,4,59.48,Card,Cancelled
99bcb272-7df6-4a54-bb72-dc4a42927b6b,2a109685-1399-4149-8951-fba29bb0360d,2024-11-18T10:16,8,110.32,Cash,Cancelled
ac07cfe9-f09a-47c2-8ebb-46498f778433,0a570207-0f70-467f-bbeb-44a0a60a9a25,2025-05-11T10:16,1,24.24,Cash,Cancelled
757e2ad0-4355-4177-8460-577c5baf03d4,a190f67b-21df-46bc-8164-46bdfa00af85,2025-01-07T10:16,7,150.22,Online,Cancelled
85606295-7408-44a8-b1a8-cfe2237e4c5e,6aaabc79-3d35-410f-bb96-f86a3930d0ff,2023-12-14T10:16,3,65.31,Online,Completed
5790b56e-0df3-4c70-ae04-d013acf2fd12,c46351bf-193f-49af-a5d6-456188837c3d,2025-07-06T10:16,3,59.31,Card,Cancelled
42781e0f-a847-4c4c-8d48-0993b1372528,428424b7-1f94-496a-8b7a-497ce177d32c,2025-04-07T10:16,1,11.72,Card,Completed
319436aa-ba41-40f6-b638-4b7af9970176,e119f98a-df63-41dc-8e01-bb49ca2dc724,2024-11-17T10:16,4,30.48,Online,Pending
694ea3b9-0b58-49e5-a48e-3ce7e249b68d,8f7f530b-bb30-4a05-b437-744ed30af54f,2024-01-15T10:16,8,152.16,Cash,Pending
44e3d990-89e4-4666-aaf5-c3e1eb72adea,59827b2a-ae17-44b1-bd6f-6f08718559cb,2023-11-29T10:16,7,147.28,Online,Pending
9a2a9601-2827-433d-b68b-26a5332a5179,c9dcc28a-ae5f-477c-ae7e-72d94129f449,2024-03-24T10:16,9,215.01,Online,Completed
3901b42e-3256-4873-b680-ea702273fb00,3e97fc93-73a7-45e0-9888-f7a03ee258a7,2025-02-03T10:16,5,126.95,Cash,Pending
6828595e-b3e8-42c1-9c55-4abd0d950b73,6bd388d4-5636-450b-bacd-55bdcb769bab,2023-12-19T10:16,5,77.25,Cash,Cancelled
e81dc7f8-d047-429c-a1bc-7d24c9a85c95,d5cfb1a3-ce2f-4aff-ab4c-50e0c5426af1,2024-09-08T10:16,1,28.14,Online,Pending
85fd28d2-0230-4d8d-b952-c1bea019f3e4,c46351bf-193f-49af-a5d6-456188837c3d,2024-03-11T10:16,6,74.70,Card,Cancelled
9a5f308d-3d9f-4134-8fcc-5e8cd1e54a55,e886c155-0dae-4b36-88f5-a86fa474d1f6,2024-05-11T10:16,5,37.15,Card,Cancelled
4485930b-211a-4e38-bb1c-1a689cd1c6e0,209e786b-2a61-4e52-a3b2-1cc98bcbf18c,2024-11-17T10:16,5,26.20,Card,Pending
131f70c0-ddfe-4178-96af-3b92fc2da3cd,25659c0e-6eb5-4c57-add8-fb6ac5f42699,2024-03-12T10:16,4,48.84,Card,Pending
de5a1199-18cb-4b24-84cd-3a111f24d314,d6d4ef4b-0870-48aa-b884-013237f255f4,2025-01-19T10:16,5,115.80,Card,Completed
bc51f288-56f3-4dc3-824d-c2dfe5c75146,6c3bf618-a715-40f9-9faa-cfc5f5beef2f,2024-01-31T10:16,6,44.64,Cash,Completed
2ac34945-8429-4d10-9ca4-369cb4ce4c50,824998a2-7592-4051-ab0b-d5e12743c93b,2023-11-16T10:16,6,131.76,Card,Completed
afcf7ecb-333c-4abf-817f-36b70653e1e6,4e44f26d-5455-405b-8fdb-63ab8b739ecf,2024-03-05T10:16,2,46.64,Cash,Cancelled
427d3ec3-a965-499d-b99f-7e0a28e1b0eb,93cdeef1-3fc3-4a63-a275-0ae87ae6b335,2024-07-19T10:16,9,153.72,Online,Completed
400dd143-c27b-4884-a376-ccf1e1c6d699,2a109685-1399-4149-8951-fba29bb0360d,2025-01-18T10:16,6,134.70,Online,Cancelled
ac15037e-d9c2-4fc3-8454-bfe55ce99460,e886c155-0dae-4b36-88f5-a86fa474d1f6,2025-01-18T10:16,5,85.75,Cash,Completed
fcb1e3db-3c75-46b3-9891-99c5ede00cc2,0e0d5f13-edd5-4ab0-9ddd-3df111bedc5a,2025-04-08T10:16,3,17.34,Online,Cancelled
58c9e2e9-c81c-4a03-ae31-99fc4945d49f,401a6911-a31e-4892-adc1-56e3e1eb090a,2024-12-31T10:16,6,120.06,Cash,Completed
ca32d2dc-7ddc-4c39-af17-8f4ac115e33d,1a31c678-d420-495a-aff3-0f1609514e1e,2023-12-10T10:16,5,76.85,Online,Pending
0b4e3404-5b44-4ae3-9163-b2e6ff104790,ba5d9947-b043-4aca-8ee0-6b77895cf8e8,2024-03-05T10:16,5,122.35,Card,Cancelled
bf4c5bb0-db1c-47da-b34d-39c44f3d5596,8b546c63-5406-493d-bc69-cfb594b38267,2025-08-02T10:16,5,99.85,Cash,Pending
1b6dd782-f6c4-4767-bfd5-7823ba5f5be7,2a109685-1399-4149-8951-fba29bb0360d,2024-03-05T10:16,7,109.97,Online,Cancelled
13ccc81b-40a2-4db1-aa29-d09c2cbb7bc4,1eeb9c5f-5b7a-47af-b4f1-5a50d9d1089c,2024-02-07T10:16,1,7.05,Online,Completed
bf9c860a-1473-4e2c-8cd7-3d7f100a5c0f,4717d2a3-4b2a-44f1-b960-a2b73e2d23fd,2024-12-02T10:16,3,58.98,Online,Cancelled
7590b2b6-945d-4819-b607-9a8d013603f7,bb6bf39c-f455-4e08-a59e-1bdaaa91d4aa,2025-10-08T10:16,1,23.45,Card,Completed
24f39ea7-6bb1-47d1-8447-d53974c1cbe0,8887df7e-682b-4d48-b18c-c1ddfa0aaa26,2025-01-23T10:16,3,68.22,Cash,Cancelled
362ef705-763d-419d-b622-507171ea3ae0,89d26a00-0fde-4c03-8430-b06f6bc3f33a,2024-05-27T10:16,8,213.36,Cash,Cancelled
0e1c3924-fa5f-41e2-956d-9549159c9f76,b0d737cd-ec4b-4a88-aa81-d012ef3fb719,2024-11-23T10:16,6,158.58,Card,Cancelled
416201f1-4287-48d1-9a71-132e0dc3e2cd,b95f7619-fab2-4df9-8683-1f2aeb93a660,2024-06-04T10:16,7,204.89,Card,Pending
f5233339-8e81-4eb1-8338-76227cd1f418,5f6e51da-5f01-4c9a-85dd-7d50ef37e5d7,2024-08-28T10:16,9,72.54,Online,Cancelled
48416df6-786e-4d2d-8cf6-56bea1142276,3befa4dc-d961-4a3a-9410-d43d1bdaa335,2025-05-19T10:16,5,67.85,Card,Cancelled
239a215f-79eb-4013-bd46-67c5f0802ee8,caad7924-4bc5-4f85-9662-11ca261e3c87,2025-09-11T10:16,7,145.95,Card,Completed
a803fded-bfc9-4215-b7a3-a999f1874077,8887df7e-682b-4d48-b18c-c1ddfa0aaa26,2025-06-27T10:16,7,182.35,Online,Cancelled
dc835fc7-8762-4aff-9e51-e287a88a5d48,36b880b0-e9bd-4c0b-8f1c-32018f6c758a,2024-09-26T10:16,5,32.10,Online,Pending
043b24da-20dc-4b9c-b2bb-8ca7cbb525c5,bb6bf39c-f455-4e08-a59e-1bdaaa91d4aa,2025-08-05T10:16,9,192.24,Online,Completed
a240da41-86ea-43dc-b460-6b8a7f797c2d,6e6d2c67-f7fb-4a98-8f9a-4822259b25c4,2024-05-02T10:16,1,10.15,Online,Cancelled
801e2b74-902f-48d3-9bb4-610a86f911dd,953417c6-cd52-45e9-9ca0-bb450653c934,2025-07-07T10:16,6,159.36,Cash,Cancelled
a91e211f-9d6c-49eb-9fd2-f03c348c0c9e,bb9edfa8-17f7-4f6f-8e3b-616693a298b1,2025-01-13T10:16,6,162.48,Card,Cancelled
efaed2b4-2dae-4b43-a331-8496105b21e4,b0d737cd-ec4b-4a88-aa81-d012ef3fb719,2025-06-22T10:16,2,34.24,Cash,Cancelled
768fc6d9-4d86-49bd-ac60-a2c18824ab51,80537cf2-360f-4740-8b7e-d4cd56e22987,2024-02-01T10:16,4,40.20,Online,Completed
f3985f28-0487-4dd9-b748-b4fed2b45969,ff4db0d8-e809-46e8-9ae0-78ffee4902d9,2025-06-01T10:16,9,152.37,Card,Pending
7682b93c-a84a-430f-b1e6-ac64c38c20d9,941529ef-2114-4bff-907a-4596ff4593a1,2023-12-09T10:16,2,27.98,Online,Cancelled
1c519eb2-4b67-4eca-b346-6470c7883c6d,3befa4dc-d961-4a3a-9410-d43d1bdaa335,2025-06-24T10:16,5,110.70,Online,Cancelled
ee10f601-31a7-4ac6-b5fa-1b95539821b3,d6d4ef4b-0870-48aa-b884-013237f255f4,2025-07-01T10:16,7,130.41,Card,Pending
0e7c93ad-566c-4b4d-bf2a-350a54cbe4b9,0a15d43b-8f6b-444a-bef2-ffbddfdbd16f,2023-12-25T10:16,2,20.60,Card,Pending
f7c72c3e-de05-4cee-981e-ad35bbe539dd,1d32c3b3-c732-4995-aa6b-ff159deb3bdf,2024-08-19T10:16,7,172.55,Cash,Completed
eb15ef76-beba-457d-a7f3-d30dcb03b1db,09ba4183-1b94-4f8c-bc5f-eca421a88524,2025-03-26T10:16,1,8.82,Online,Completed
b59f8232-7c20-4ef5-8272-4394ffc0cfbe,c3ffc43c-0c11-40fa-9824-f234161741d0,2024-01-11T10:16,6,110.70,Online,Completed
e95a0782-a03d-4661-83b1-bc968ec5572d,365c90d0-a590-4209-9401-2ce55af5ed98,2025-09-11T10:16,3,82.50,Online,Pending
3e260218-6ce5-4e49-9a85-5a9dce470c1c,06e585f0-5b60-4900-81d1-3379328e6c17,2025-02-16T10:16,9,176.85,Cash,Completed
5bd6c65f-94e8-49c6-b2e4-7449056bc8b1,92da274a-bea2-490a-bb52-196c46fa8487,2024-10-03T10:16,1,10.39,Cash,Pending
44ef6b93-7338-49ed-9bad-30671ea267b9,5f6e51da-5f01-4c9a-85dd-7d50ef37e5d7,2024-08-06T10:16,1,26.38,Cash,Cancelled
d90ff156-d702-45cd-8fa6-4785bfd9e719,1233cc27-7567-48e0-8dd2-6b0019506c2f,2024-11-01T10:16,2,51.04,Cash,Pending
71f9f2d0-163f-480f-a6fb-3a8eecf144a7,6c6a3b10-9747-4dca-a041-4edc22d147b0,2024-01-02T10:16,8,201.92,Card,Pending
a81fe5c1-1cad-4821-98d2-0b8d177e872c,e6e1db85-f8ba-4264-9c9a-520ecda4bc4c,2025-07-15T10:16,5,82.35,Online,Completed
83e4b07d-8b87-4e4b-a146-9df96ddcf1c7,ebe19120-496a-47fa-87eb-2440212a3363,2024-09-14T10:16,4,66.72,Card,Cancelled
c1cbe17a-81bd-49b1-b110-483ad79f5a4e,4717d2a3-4b2a-44f1-b960-a2b73e2d23fd,2024-08-31T10:16,1,10.71,Card,Cancelled
4bece990-0e6d-4c44-9add-2db057e276e9,485b65e7-fdf4-474d-afba-37986d8d3cd8,2025-02-21T10:16,6,122.58,Cash,Completed
59160a58-a7a8-44c5-af69-5f7d0d282573,06e585f0-5b60-4900-81d1-3379328e6c17,2025-02-24T10:16,9,96.66,Cash,Completed
aa9398d7-5f12-4ede-abd1-e39ca14ffb09,953417c6-cd52-45e9-9ca0-bb450653c934,2025-06-04T10:16,4,118.76,Cash,Completed
dd099a85-2e05-4838-9dc7-82ede578a05f,5f6e51da-5f01-4c9a-85dd-7d50ef37e5d7,2025-06-14T10:16,3,44.52,Card,Completed
4c915c68-a274-4d31-af88-59476346c81d,6117b6f0-c4f4-4bf1-9eeb-f33950decba8,2024-08-22T10:16,1,23.16,Cash,Pending
6f578949-589c-4e91-8073-288853d03ad0,1a31c678-d420-495a-aff3-0f1609514e1e,2024-10-31T10:16,7,194.39,Card,Cancelled
2dec591c-bb61-4be5-8ced-b7c0494b0983,b3688304-b24b-416a-9bf4-c2b6aaeb59d3,2024-01-26T10:16,9,140.67,Cash,Pending
64606cd1-d0f1-4426-9159-b0e9ab45dba4,ba5d9947-b043-4aca-8ee0-6b77895cf8e8,2024-11-04T10:16,7,130.48,Cash,Pending
668761ef-cc3c-4df9-a3df-88053b30a2c5,8e1bbe6c-7b75-46dc-8ca1-0b1664cd6ae4,2024-11-22T10:16,1,19.05,Online,Pending
2e35d184-397f-49af-a8db-cf958b9650fb,caad7924-4bc5-4f85-9662-11ca261e3c87,2024-09-25T10:16,3,50.25,Card,Completed
10c75dc4-f5d3-40d9-970c-59fbf61378b2,49af098b-bf79-4643-8e49-739ea932d38b,2024-03-02T10:16,5,31.25,Online,Completed
fca166f7-938d-4911-bb46-8c7aba852132,00d7ae70-0f46-4453-963c-4ab2a3d29314,2025-07-21T10:16,4,111.28,Cash,Completed
4b4f9223-8f86-4252-8e7e-9951c921c2af,00d7ae70-0f46-4453-963c-4ab2a3d29314,2025-05-26T10:16,6,179.94,Online,Completed
89a3897e-7069-42e4-88ce-8288a24a331a,bf0de251-90d7-423c-8b31-48df1a89964f,2024-05-06T10:16,8,134.24,Online,Pending
f646a49c-e136-471b-b704-acac1aa71619,0a570207-0f70-467f-bbeb-44a0a60a9a25,2025-07-07T10:16,6,33.24,Online,Completed
7b716707-e3f2-456d-9d92-bed2f2d3cf31,0b2a0e9a-e050-4380-b607-57adcbbf59d4,2024-09-25T10:16,5,30.65,Cash,Completed
0bf1a5c4-2492-4d5d-a28d-d902234b71e2,4717d2a3-4b2a-44f1-b960-a2b73e2d23fd,2025-06-15T10:16,2,15.38,Card,Cancelled
cefac0b0-7c8f-4f27-b793-5052d69e0787,6e6d2c67-f7fb-4a98-8f9a-4822259b25c4,2024-04-27T10:16,8,55.52,Online,Cancelled
9d6266cf-479a-4a92-8da8-e90da2db5001,f543de06-e341-4de2-95ab-ca0fd3ee51fe,2024-10-24T10:16,4,77.40,Cash,Cancelled
107c8257-82a9-4d48-af73-94e1705ff604,401a6911-a31e-4892-adc1-56e3e1eb090a,2024-08-28T10:16,5,70.65,Card,Pending
17f15b90-a6c2-4200-be5a-647d4febf5c9,bb6bf39c-f455-4e08-a59e-1bdaaa91d4aa,2025-10-29T10:16,9,199.71,Online,Cancelled
50d78a98-64b1-4218-98e2-0a128fbf628e,80537cf2-360f-4740-8b7e-d4cd56e22987,2025-02-03T10:16,1,7.73,Cash,Pending
08bfbcc0-ed9b-47db-99b5-6921444ab0b8,058b9c75-b72f-4594-80d2-e41194ff7672,2024-04-10T10:16,7,44.59,Online,Cancelled
81189704-5e45-4925-b931-431f26b9b019,365c90d0-a590-4209-9401-2ce55af5ed98,2025-07-16T10:16,3,23.49,Online,Pending
872706e1-9b4a-478b-9d30-c0ec581c753a,c9dcc28a-ae5f-477c-ae7e-72d94129f449,2024-12-12T10:16,1,7.98,Online,Completed
356ba72a-7d73-421a-9cf9-3d9bb6133514,b3688304-b24b-416a-9bf4-c2b6aaeb59d3,2024-11-10T10:16,5,113.00,Cash,Completed
97a2634b-4ea5-45c4-8e84-35b4f5a96552,67c276b0-7be6-4f3c-bf86-c342095c8112,2024-03-26T10:16,7,158.06,Online,Pending
3cb76e39-1f6b-419c-9cc2-782823ad8db4,52f5634d-de98-4543-8a1e-cbf1e2d0242f,2024-02-13T10:16,1,23.28,Online,Cancelled
4ce68f88-5e15-4569-b482-7f6a638c9eb2,c5817fdc-a4dc-4879-b957-30cfda62016b,2025-10-27T10:16,7,126.98,Cash,Completed
0027d76f-6ef9-4d34-ad17-494317863b63,74e76582-f1b8-4560-b049-8aebb59d4721,2024-06-14T10:16,7,192.99,Cash,Pending
1827db08-16fb-40aa-83c3-023c9698be6b,ecf1ffb0-ac00-4968-87ea-8beef4ace55a,2024-04-21T10:16,5,36.25,Card,Completed
638e8b22-acca-4ac3-81db-473dc618fa59,103fcba5-5588-45a5-9fe0-6ac948d3860e,2024-10-14T10:16,3,18.15,Cash,Cancelled
3e7b9c69-ed91-4ab3-981c-92e5d39471da,63846b60-b7be-4087-ac6e-56c9bc130a20,2025-04-14T10:16,6,105.18,Online,Completed
18ebed3c-010c-457d-a8a1-9358f63734c5,a938df5f-7764-459c-8bfd-90409d16b3c6,2025-05-17T10:16,1,22.21,Online,Cancelled
f791d322-b49a-45fe-b042-42b26b88f86a,0df3bae1-6384-4856-aa27-aef9f6c48b75,2025-02-20T10:16,9,64.44,Online,Cancelled
7e7a3466-98c8-4c74-9149-b66a42482995,b047b369-02d0-4f25-9af0-f1e883228863,2025-09-20T10:16,8,66.00,Card,Pending
b66f0688-68ae-4af1-86a0-9460b6d4ce90,e119f98a-df63-41dc-8e01-bb49ca2dc724,2025-03-28T10:16,2,11.24,Cash,Cancelled
5b34eb8d-c1c0-4ae4-970f-be059c3f0a7b,0fcf4084-ea31-49f8-99f9-9bf8c8b0c16b,2023-11-17T10:16,5,124.30,Card,Completed
cfa81fdd-d0f6-4ad9-8197-0f66179082ef,f0a6a958-e434-41bf-a830-dffa55a34db5,2025-08-08T10:16,5,106.80,Online,Pending
4261bdaf-52c5-4132-bd0c-d996c90e6b5b,e119f98a-df63-41dc-8e01-bb49ca2dc724,2024-07-07T10:16,7,119.42,Card,Completed
97493d31-1cc3-4536-9c85-06440045c9c8,4b14a58c-f1e4-40b6-888d-a88cd7055099,2025-09-05T10:16,2,14.94,Card,Completed
69528585-d092-4f74-9221-bf06f4be82f2,500fde18-ea61-4380-9ea4-f06d09985870,2024-01-06T10:16,8,137.36,Card,Completed
f0849f82-5ffd-41a5-a77c-83af0691fa25,6c3bf618-a715-40f9-9faa-cfc5f5beef2f,2025-03-19T10:16,8,204.16,Online,Completed
8edfa80b-8a71-4b3e-b0fd-003c3073c6ea,ef7fad1f-a86f-4ee1-95b4-ce1f339f0fa5,2025-05-18T10:16,1,6.99,Online,Pending
0fac52df-ca7f-45b7-b896-28d40ba480e1,f6c35464-33dd-44a7-bf84-071f2e427045,2024-11-01T10:16,4,75.56,Online,Pending
da668707-3e1a-4c6f-889f-8ceebdcb0e85,e12c3d24-86c8-474f-b86b-370df36adbfe,2023-12-08T10:16,7,117.18,Cash,Cancelled
d06d9e5b-b0bd-4ab4-95fd-c67b83b55762,824998a2-7592-4051-ab0b-d5e12743c93b,2025-09-10T10:16,8,189.92,Card,Completed
ba271800-a8e3-4faf-9d91-4d55ae489bba,b03f75c1-655f-4480-a2bf-1a0af806e96e,2025-07-12T10:16,5,117.15,Card,Cancelled
bf6bff06-fc58-4d49-b304-f555e65ba874,964d337f-acd5-4ca2-8843-9be3f2eb60fc,2024-02-05T10:16,6,52.74,Cash,Cancelled
e846afa2-40e7-489c-9e0c-73088b3d8d04,68169a66-a8d4-4763-914e-7befc826445b,2024-01-22T10:16,7,201.67,Cash,Pending
4bd54882-cfc6-4390-9a7f-ebce662e8352,36b880b0-e9bd-4c0b-8f1c-32018f6c758a,2025-01-25T10:16,6,131.58,Cash,Pending
462fb95a-e046-4709-b6da-8c94627a54be,ecf1ffb0-ac00-4968-87ea-8beef4ace55a,2025-07-24T10:16,9,48.87,Cash,Completed
9c253367-9795-4c80-b22a-2fa39ad13b2b,6bd388d4-5636-450b-bacd-55bdcb769bab,2024-05-19T10:16,1,29.10,Cash,Cancelled
5a8fc30f-3551-41b4-b569-89f2fddbf243,000f9c8f-2fc7-4346-844d-c04f10751265,2025-09-30T10:16,6,114.12,Online,Pending
d70584fc-d305-4f97-9ee2-c2c6a85449e0,b6c26110-1b77-4777-8c79-c69ec19b66df,2025-08-18T10:16,3,70.89,Cash,Pending
2fc35343-f572-4042-9d43-e1e1995028c6,d5eaf6a7-76cc-48ec-98d9-ba713e2df70f,2025-10-11T10:16,9,176.58,Card,Pending
8f0d2024-03fa-4923-8c26-231d05c3c351,46032f36-69bc-465a-9b33-a5d560bfd77a,2025-05-05T10:16,2,36.00,Online,Cancelled
8a7aff11-fa44-4a4e-988a-69bf550c2f98,6e551d53-4f6d-4b84-a9de-3d7c79694805,2025-07-25T10:16,4,55.28,Card,Pending
fab6136f-3dbe-459e-901b-ab1cefd4813f,a302a1a8-c429-406f-abff-9f273aa0a4b5,2024-05-09T10:16,3,85.68,Card,Completed
8f8b072b-45ea-45e7-a9de-0f9c7407bc2a,8e1bbe6c-7b75-46dc-8ca1-0b1664cd6ae4,2024-06-29T10:16,9,149.76,Cash,Pending
6ba63b20-c0eb-4e76-8463-4d5dfc6bd452,ef7fad1f-a86f-4ee1-95b4-ce1f339f0fa5,2023-11-14T10:16,8,109.12,Card,Completed
55949622-aa05-4484-98cf-5f69213f3fcf,52f5634d-de98-4543-8a1e-cbf1e2d0242f,2025-01-26T10:16,4,64.44,Cash,Pending
ebb9dfb4-d503-4502-98fd-e4fdac5667cb,0e0d5f13-edd5-4ab0-9ddd-3df111bedc5a,2023-12-03T10:16,9,228.42,Cash,Cancelled
bf0aab56-609e-4144-a4d2-1adfa94c1ce7,964d337f-acd5-4ca2-8843-9be3f2eb60fc,2025-02-20T10:16,9,160.47,Online,Completed
aed77eeb-2fda-45c1-9331-9f029fc7ba7e,5d6f84a5-a4de-442e-99b9-b8ef714b4436,2025-03-09T10:16,6,115.80,Online,Cancelled
ec1284c8-e047-452e-b4fb-12dd7d987abf,ff4db0d8-e809-46e8-9ae0-78ffee4902d9,2025-01-21T10:16,3,23.19,Online,Pending
4a0ec1bb-b699-44a9-bf74-1b426b50bd82,10b26c2d-7d56-4175-84a8-a2775e128a9d,2025-07-29T10:16,8,147.04,Cash,Cancelled
72bbc6be-0657-45ad-bb3e-79a8fd289e90,bb6ceda0-3f7a-4dfa-9862-41a88dd468b2,2024-09-18T10:16,1,20.28,Cash,Cancelled
334f2528-a68e-4bdb-811c-5bd0bfa80135,4b14a58c-f1e4-40b6-888d-a88cd7055099,2024-05-22T10:16,4,33.48,Cash,Pending
f8ca5663-4d65-4d80-b1da-57a6f4d7a5ab,bc58b12c-65c4-4f21-89ef-3e492a22ef7c,2024-11-16T10:16,9,114.03,Cash,Completed
3f9ddcaa-3555-4bb3-887e-4fe4506e8c31,53db1213-7316-47bb-9099-c1def0e3c96b,2024-03-13T10:16,3,80.43,Cash,Cancelled
49d4b804-630b-42f8-9d7e-0c40e6869fe4,10b26c2d-7d56-4175-84a8-a2775e128a9d,2025-07-09T10:16,1,5.32,Cash,Cancelled
85464f67-1cfd-461b-a4ab-42c1b996a92b,80537cf2-360f-4740-8b7e-d4cd56e22987,2025-01-10T10:16,7,81.48,Online,Completed
3ec466ce-fc1e-46b4-a73f-5d4e18516663,983d66ae-c8b0-46b8-8abc-26a1055cf729,2024-05-16T10:16,7,72.52,Card,Pending
8b1c4d21-99c7-45eb-b1bd-197636e553fe,0472ca7f-b133-4710-8f43-24a3c6c1afd1,2024-08-01T10:16,4,79.04,Online,Pending
d450b9d4-e762-4e0f-aca6-ef7c3dc1c743,e277d099-db2a-4aee-ab86-8b0e73a34383,2025-10-26T10:16,2,34.28,Online,Cancelled
77a35e86-b9aa-4df0-b2ac-6d7b08a79d0c,0b2a0e9a-e050-4380-b607-57adcbbf59d4,2024-09-27T10:16,3,63.81,Online,Cancelled
9d4392cc-054b-4bfc-9379-5800b93c4db6,b014b56e-3263-4b63-8430-46e00bc5ea77,2024-04-16T10:16,7,194.60,Online,Cancelled
d153ad46-72b6-4abd-aeff-6fc4326d428a,b90a3a7f-421e-47e5-8598-fe50f365a62e,2025-08-26T10:16,2,34.40,Card,Pending
c13f5a5c-e1f1-4ff3-acb7-33604a2501eb,6e551d53-4f6d-4b84-a9de-3d7c79694805,2025-11-08T10:16,7,203.56,Online,Cancelled
8ab6f072-7e82-40ca-95cc-a00f493ac54c,8626238e-5813-415a-9a8c-db944b1e0269,2024-09-07T10:16,2,38.20,Online,Cancelled
07b26fc9-427d-4edd-ba41-45904ba0d724,f90cf3ca-e2d0-4129-bc7a-e8a2b80880da,2025-02-05T10:16,2,13.70,Cash,Pending
a8ebad40-d963-4a1b-9579-2d5a6376aac9,c0d74d86-5c5b-481d-b8e3-61eeb9c77255,2023-12-18T10:16,4,66.24,Card,Completed
cc6ea084-a34e-497f-a5cc-9288f763defc,7a2e5fa5-096b-4701-8ce6-7a3db39bf8eb,2023-12-03T10:16,1,17.81,Card,Pending
f93bca06-1b84-4cec-90f2-aa1af2f76725,71f17b36-2c37-4cfa-bf8a-894fa94c0e9b,2025-06-08T10:16,7,164.43,Cash,Pending
261d7393-53fd-459a-bdfe-ab67c2df7f13,09ba4183-1b94-4f8c-bc5f-eca421a88524,2025-11-10T10:16,1,20.19,Cash,Completed
86227fcb-1152-4e1b-a487-470f4dd322f4,b014b56e-3263-4b63-8430-46e00bc5ea77,2024-01-26T10:16,7,126.91,Online,Completed
04839705-3fb6-4f3c-99a3-ff24b51493a4,c46351bf-193f-49af-a5d6-456188837c3d,2025-02-17T10:16,3,22.68,Card,Pending
0647759c-d7c1-4299-b4bb-deffe71b8f37,0a570207-0f70-467f-bbeb-44a0a60a9a25,2024-01-13T10:16,1,27.83,Cash,Pending
9884451d-d66a-4872-860a-fbab7f4c475f,02c65c06-56ad-4670-b8e2-10ab417c7154,2024-06-29T10:16,8,75.20,Card,Pending
da38ecb5-e1c3-4edb-a67a-67ef4829d039,0fcf4084-ea31-49f8-99f9-9bf8c8b0c16b,2024-11-11T10:16,9,64.26,Online,Pending
7cf765c1-7419-4773-bf66-1e1b25ae2aa7,058b9c75-b72f-4594-80d2-e41194ff7672,2024-07-22T10:16,7,173.60,Cash,Pending
b6c2b538-64be-4b46-84dd-c78dc2f08508,11526850-7335-463f-b740-a52a90457c3b,2024-01-06T10:16,1,6.44,Cash,Completed
27da8c67-3086-4dc5-a2d8-ecb9a5ed6903,caad7924-4bc5-4f85-9662-11ca261e3c87,2024-10-26T10:16,9,165.15,Card,Cancelled
d7c6b9a7-45e0-4845-8e82-4d98b313c5f0,ada8704c-2784-4d70-84da-10078407d2c8,2025-06-28T10:16,8,75.12,Cash,Completed
54f00e97-759a-42ca-b129-61e73f5c1eab,6c6a3b10-9747-4dca-a041-4edc22d147b0,2024-01-22T10:16,7,57.40,Cash,Pending
6561a2f5-877e-468a-a3b7-ec25d90bab1c,89d26a00-0fde-4c03-8430-b06f6bc3f33a,2025-03-11T10:16,1,6.12,Online,Pending
0475c2a2-1fa0-450a-b28f-5110990ed7b2,7509850a-5062-4da9-aad6-bc5b9e363ef1,2024-07-11T10:16,1,16.69,Cash,Pending
6cbfc5c7-46ea-4691-b075-cf377a051ea5,428424b7-1f94-496a-8b7a-497ce177d32c,2024-04-15T10:16,1,25.45,Card,Cancelled
9d89748d-0f83-40ed-9944-f16ad64f61e8,d3f641e5-b8b5-4f5f-9155-7768df2033e8,2024-07-31T10:16,7,79.17,Online,Cancelled
c7c10c88-be31-40b6-aded-8a2735f15c08,46032f36-69bc-465a-9b33-a5d560bfd77a,2025-03-30T10:16,2,59.10,Online,Pending
a55b6637-6219-48ea-a2b2-d57bb4005b5e,500fde18-ea61-4380-9ea4-f06d09985870,2024-11-07T10:16,8,201.44,Card,Cancelled
2a5c65f5-e1cb-408b-b74a-4997e5050af1,77ca464a-fe0d-4dcc-8f08-3eb2f7b64f76,2024-08-20T10:16,3,72.75,Card,Cancelled
ce5e9a00-a97f-4de5-968f-93049226981d,3e97fc93-73a7-45e0-9888-f7a03ee258a7,2025-03-19T10:16,8,68.56,Cash,Cancelled
f25a31c7-c597-48be-bdca-e5164e5ce015,ebe19120-496a-47fa-87eb-2440212a3363,2024-04-25T10:16,7,191.31,Online,Pending
fb883ae7-02ac-4047-ad4c-6a4a438509d0,49af098b-bf79-4643-8e49-739ea932d38b,2024-04-27T10:16,6,129.84,Online,Completed
f2796473-519d-45ec-8645-c058bb76e34b,cb8747c7-32ca-4b6b-868d-13ab01d953ec,2025-08-23T10:16,1,12.65,Cash,Pending
3778a097-469e-42a6-9188-2d3b6e3d58f3,d33bbfcd-a2ca-4e80-8a1c-65223f061e7e,2025-07-03T10:16,3,60.03,Online,Pending
5784a7ad-14cc-49fb-af04-30fbc1db9f7b,caad7924-4bc5-4f85-9662-11ca261e3c87,2025-03-13T10:16,5,147.30,Cash,Cancelled
f0f42c9e-b9cf-4e61-a54c-9c947c518c28,b90a3a7f-421e-47e5-8598-fe50f365a62e,2024-05-12T10:16,1,18.92,Cash,Cancelled
dd256aac-d50c-43f1-99c9-f98c6ab283e8,b0d737cd-ec4b-4a88-aa81-d012ef3fb719,2024-07-23T10:16,4,33.40,Online,Cancelled
9ec6de3c-34f1-4d29-9a0c-73ea0733c417,52fbb114-83aa-432d-b2f1-f3e37a5c4754,2025-09-16T10:16,1,27.29,Cash,Completed
881e8c99-7d0d-4624-90b3-c581cbbc89cc,050d9901-1cb5-413a-9c31-282028f863c1,2023-11-28T10:16,9,246.87,Online,Completed
9bffa469-5f85-49fc-b2dd-c35e432478df,0130fcd4-a6cf-4a72-8400-7bcae1abce34,2025-08-01T10:16,5,136.45,Card,Cancelled
34f98594-31a7-47ac-a671-7567508b02ba,21edfc22-3f73-4335-a774-3cf78ab65e86,2024-05-31T10:16,5,94.40,Cash,Pending
88e89f7a-9b3e-40e7-b1db-fd9904331622,0a15d43b-8f6b-444a-bef2-ffbddfdbd16f,2025-08-30T10:16,4,113.96,Cash,Pending
3b095dc9-dd8f-4725-8f35-998afef0277a,8e1bbe6c-7b75-46dc-8ca1-0b1664cd6ae4,2023-12-21T10:16,6,124.20,Card,Pending
09480fc2-5a7e-48dd-a658-b076265cabbb,59827b2a-ae17-44b1-bd6f-6f08718559cb,2023-12-14T10:16,4,38.80,Online,Cancelled
4b157830-d52c-4db1-bca5-6dc07e902269,953417c6-cd52-45e9-9ca0-bb450653c934,2025-08-05T10:16,3,43.20,Cash,Completed
922c69a3-744b-47df-8072-b14c91d3725b,0dd437d0-74fa-43c3-8909-5c955e4d47dd,2024-02-18T10:16,5,98.30,Card,Pending
4ed10b43-0a98-489b-8191-cd1b3490220b,06e585f0-5b60-4900-81d1-3379328e6c17,2025-07-13T10:16,9,137.88,Online,Pending
3796e970-8481-4242-adca-20479f62a4ab,0dd437d0-74fa-43c3-8909-5c955e4d47dd,2025-10-17T10:16,8,50.32,Card,Cancelled
297c3bf7-78e6-4d55-bcdc-69a0e40d2216,0130fcd4-a6cf-4a72-8400-7bcae1abce34,2024-07-25T10:16,8,86.48,Card,Completed
298db4fb-3ead-457c-bd62-b49015380a81,885715b6-b1eb-44ca-8460-28c0343e56f3,2024-02-28T10:16,4,112.88,Cash,Cancelled
52e7a90f-3113-477a-8787-f91ff554fe47,73a2b03c-2dca-486e-8ebc-c4d6bb68a8c6,2025-01-10T10:16,9,114.21,Cash,Cancelled
beed280e-6da5-40b2-b483-6c03a9d32ad0,885715b6-b1eb-44ca-8460-28c0343e56f3,2024-03-04T10:16,4,24.48,Card,Completed
52b828a5-01d7-4da7-86ed-c0e8b6c736fe,25659c0e-6eb5-4c57-add8-fb6ac5f42699,2024-05-20T10:16,2,51.66,Online,Pending
a7c06c24-30b2-4c45-a0ec-0bccac81acfc,726d71e2-70fd-4416-8568-78619c14a73a,2024-12-08T10:16,4,24.52,Online,Cancelled
b3b8e917-328a-4fda-b668-cc31fb86db69,bf0de251-90d7-423c-8b31-48df1a89964f,2024-08-20T10:16,9,131.85,Card,Pending
e4a96e0d-e216-46b0-afb0-06a36ea6ea2c,80537cf2-360f-4740-8b7e-d4cd56e22987,2025-01-22T10:16,1,11.02,Cash,Completed
bd0bf22b-2fd8-4d8b-a256-b4803306d594,f067e21d-d1d4-4e87-9cae-9753f5f9ccb6,2025-08-24T10:16,3,37.59,Cash,Completed
e0636634-f9f9-45ed-a550-c5484521455b,0a5a9fc7-e126-48f0-99aa-dea85c606f66,2025-09-30T10:16,4,65.64,Card,Pending
46bdbcec-f8d2-430a-8ea6-dc38d1329977,93cdeef1-3fc3-4a63-a275-0ae87ae6b335,2025-08-09T10:16,5,127.15,Cash,Pending
07a84258-eb40-4d93-ab1d-5b05e5828138,25659c0e-6eb5-4c57-add8-fb6ac5f42699,2024-03-21T10:16,3,76.62,Cash,Cancelled
282fff4b-21b0-4676-aeb9-634ad856f07a,65b2c0ea-6192-47fc-9286-2c1dd3ecefb1,2024-06-30T10:16,1,16.47,Card,Cancelled
ce5614a6-aff7-4feb-b7f3-9762d1b158e5,2ca088cd-c6c6-4e60-a1a4-d2990ee21b12,2025-10-20T10:16,3,45.30,Cash,Pending
ea3dd068-dd9d-4583-9c0f-c869bfa05563,c63bd277-c81c-40c5-8720-6ce916d653c4,2024-03-22T10:16,1,25.58,Online,Pending
dd52f33c-c3ad-4ca0-ba16-b647fc9880b9,e7991221-0de0-4ef8-aa9c-ca3b59197059,2025-06-13T10:16,2,18.10,Online,Pending
807b1fb5-03ed-4d51-89fa-b04b1841d87a,c83bba2f-5229-4998-9566-1f3179b13e8a,2025-07-29T10:16,5,72.10,Card,Pending
6520c252-4791-4c3f-b6fa-ab453fc48fd1,14eace30-1ac2-411e-8eef-98e8f32a87fb,2024-07-27T10:16,5,27.75,Cash,Pending
4bea4c0a-8325-4598-b483-1d3973d05961,0a15d43b-8f6b-444a-bef2-ffbddfdbd16f,2025-02-13T10:16,1,29.58,Cash,Pending
26e3354b-ab16-42f1-9eac-ccd9dde78984,0a570207-0f70-467f-bbeb-44a0a60a9a25,2025-04-01T10:16,7,133.49,Online,Completed
bbb4857f-dc23-47f6-8b9f-86b149c65149,d87f31d7-79ef-4c17-856e-142e791b04da,2024-06-08T10:16,6,59.94,Cash,Completed
104910e0-47a6-4866-bb5e-3757ac457150,205ea7f7-e714-45b8-a083-11247ff702a1,2024-04-24T10:16,2,48.88,Online,Pending
90058753-58e8-4e41-a6b0-344808568a76,ba5d9947-b043-4aca-8ee0-6b77895cf8e8,2024-06-15T10:16,7,203.28,Online,Pending
573f381f-5f2f-4816-a355-8dc82851ea4f,6e551d53-4f6d-4b84-a9de-3d7c79694805,2025-09-01T10:16,4,29.88,Card,Completed
941ccdc3-4982-4a36-98fc-e07106b6aee9,46032f36-69bc-465a-9b33-a5d560bfd77a,2025-06-25T10:16,5,113.85,Cash,Cancelled
8cbc2393-8885-4ac4-8ef6-2626b64b62fc,6945f6f4-b8f9-4d04-90ff-e59ed705578e,2024-03-21T10:16,7,84.98,Cash,Pending
787a6ac4-9825-4028-89f9-f55dd1e622ed,9305d562-2505-493d-8ed8-3fb721c8f491,2025-07-10T10:16,2,34.96,Online,Completed
722b75ec-a2c4-4362-a6ac-71418a0240bc,f6c35464-33dd-44a7-bf84-071f2e427045,2025-04-16T10:16,1,28.91,Online,Cancelled
3f7df857-74ba-4e85-b658-564eccc11f87,c1a09d60-c9e8-4489-a68e-e01b51541d33,2025-06-05T10:16,7,196.42,Card,Pending
ac356a83-189a-42d9-a236-17ef8f246884,401a6911-a31e-4892-adc1-56e3e1eb090a,2023-11-26T10:16,9,262.35,Card,Pending
1b36b082-46be-4b09-a6d6-c43788ede812,e6e1db85-f8ba-4264-9c9a-520ecda4bc4c,2025-03-10T10:16,6,85.32,Online,Cancelled
1988b6fb-331e-4445-ab95-3d07935ba438,aac35608-9499-49c5-811a-a059e773c968,2024-03-25T10:16,7,101.29,Card,Pending
1c640861-3693-467d-83dd-7037bb8f7ef6,bb6bf39c-f455-4e08-a59e-1bdaaa91d4aa,2025-07-03T10:16,8,124.24,Card,Cancelled
fcd74357-7c9a-4efc-9d6d-c942a779a0b5,b014b56e-3263-4b63-8430-46e00bc5ea77,2025-03-23T10:16,8,172.32,Card,Pending
ab4be772-4219-4655-9ff0-53af2ff71f3c,7169ef0c-f2c8-4ae3-83f6-87691664d2d2,2024-08-05T10:16,7,201.11,Card,Completed
294fc136-3478-4ca8-b536-844289dd05e4,92da274a-bea2-490a-bb52-196c46fa8487,2025-07-26T10:16,9,224.19,Online,Completed
b5491a68-2772-4141-9562-f165b2223eaa,6b1178fc-1745-401d-88da-3903c243ebe9,2025-02-17T10:16,5,42.15,Online,Pending
073f3e65-0d59-40e0-aabb-60b71013d6f0,98b17fed-218c-4f20-8410-9f0edfc74455,2024-10-15T10:16,7,141.54,Cash,Completed
5c4f69e7-d4e9-434e-b3a0-37b92d6aec9b,65b2c0ea-6192-47fc-9286-2c1dd3ecefb1,2024-03-07T10:16,7,122.50,Online,Completed
df9b7181-d52f-4194-b67f-1c5663e216f1,9305d562-2505-493d-8ed8-3fb721c8f491,2024-08-22T10:16,4,70.64,Cash,Pending
c11664d0-a90c-4489-a0c1-622eca00159b,d6d4ef4b-0870-48aa-b884-013237f255f4,2024-10-24T10:16,9,168.21,Cash,Completed
961a340a-7a3e-498e-ba7f-2961c054d450,ff4db0d8-e809-46e8-9ae0-78ffee4902d9,2025-06-08T10:16,3,36.66,Card,Pending
fdb5c552-aa89-4366-a3cd-48830581002f,53db1213-7316-47bb-9099-c1def0e3c96b,2024-05-29T10:16,6,46.68,Card,Pending
d01f410d-c4c3-4d2f-8fa6-d9d5d09012d8,795088d7-d227-422e-ad8c-f048bde0675e,2024-09-17T10:16,6,37.74,Card,Pending
f9d86ac5-f00e-46dd-bb6c-d522f07418ab,1407e9cf-22c9-4137-a2fe-cc12dc038235,2025-06-03T10:16,5,52.85,Card,Completed
b8dab1c2-48ba-4155-b9e2-cb9d42d87be6,8b546c63-5406-493d-bc69-cfb594b38267,2024-07-24T10:16,8,58.88,Online,Pending
f7cabc14-ecd0-4b64-8ea9-65f73423e97c,b04ce307-2d1f-4214-b023-d8f4379041a1,2025-04-16T10:16,5,87.55,Card,Cancelled
5b11f469-b9bc-4d04-a821-ce71c6c9301a,6bd388d4-5636-450b-bacd-55bdcb769bab,2024-09-14T10:16,6,62.64,Cash,Cancelled
7b99a1f9-dd0a-4468-bc97-3082b306b8a8,0472ca7f-b133-4710-8f43-24a3c6c1afd1,2023-12-16T10:16,4,86.96,Cash,Completed
0d76a0d4-4b0f-4d0f-8c02-63b1ab076935,92da274a-bea2-490a-bb52-196c46fa8487,2025-03-27T10:16,6,75.84,Cash,Completed
5e7c61d7-2c0b-46c7-9382-d966927c545e,53db1213-7316-47bb-9099-c1def0e3c96b,2024-07-16T10:16,4,47.16,Cash,Completed
29f6c7a6-fdaa-492c-869d-72ea14a41e8b,cb8747c7-32ca-4b6b-868d-13ab01d953ec,2024-04-19T10:16,7,180.95,Card,Pending
fe83c7e7-1e12-40fb-8f12-168373507264,c63bd277-c81c-40c5-8720-6ce916d653c4,2025-05-31T10:16,5,147.50,Cash,Pending
9029904a-c2a5-4afe-80c7-b60974d967ee,21edfc22-3f73-4335-a774-3cf78ab65e86,2024-09-16T10:16,4,22.88,Cash,Cancelled
f02ff36f-c108-48a0-89c0-a34df19facaf,cf65c4b6-4c1c-420b-95de-23e5b56ffad5,2024-01-11T10:16,8,98.96,Online,Completed
ff362047-1a2f-44d4-a4b4-9c816d0b1f9a,89d26a00-0fde-4c03-8430-b06f6bc3f33a,2024-04-09T10:16,5,106.00,Online,Pending
6d7e4366-804b-4043-86e1-69b2a79cd3b6,e85d0261-2d97-4475-a749-363ec9040a74,2024-03-21T10:16,7,71.61,Online,Cancelled
e55277ce-5953-4983-85cf-8d08f1812719,5f6e51da-5f01-4c9a-85dd-7d50ef37e5d7,2025-10-23T10:16,9,47.34,Online,Cancelled
1c39b30c-6d29-449c-9ef0-8ac14ca50c97,fe624323-ba72-456d-9842-ed9e0edc75df,2024-01-06T10:16,7,100.66,Card,Completed
d7d7e5a0-3fe2-41ca-9802-adb63bd56ef8,6945f6f4-b8f9-4d04-90ff-e59ed705578e,2023-12-09T10:16,7,175.63,Online,Cancelled
2e4f83e2-5ca9-4811-bbc5-370aa5b8c895,9305d562-2505-493d-8ed8-3fb721c8f491,2025-06-23T10:16,7,76.09,Online,Cancelled
cc7ad1ca-9c1c-4c75-b514-4dba2473a284,0b2a0e9a-e050-4380-b607-57adcbbf59d4,2025-06-11T10:16,3,27.15,Online,Completed
e2535cd5-84d9-4104-b906-94558c143973,b0d737cd-ec4b-4a88-aa81-d012ef3fb719,2024-12-10T10:16,8,76.56,Cash,Cancelled
56cdf6b5-0e47-4d80-b824-446044402baf,e277d099-db2a-4aee-ab86-8b0e73a34383,2025-09-30T10:16,9,172.71,Online,Cancelled
f3cf0a24-ee33-4950-807d-58c4b679a75c,39cb44e2-a541-4b98-bc0b-db5f31cf8710,2025-04-01T10:16,7,60.06,Online,Pending
5a0d529e-afef-4827-9715-8807ec718eab,f0a6a958-e434-41bf-a830-dffa55a34db5,2025-05-10T10:16,6,69.48,Cash,Pending
3e4378c3-a895-4556-a695-a0e9b4169d2f,3befa4dc-d961-4a3a-9410-d43d1bdaa335,2025-05-13T10:16,9,133.29,Card,Cancelled
e8f28bed-2f7b-47b1-8788-eec92d776cc1,d5cfb1a3-ce2f-4aff-ab4c-50e0c5426af1,2025-05-28T10:16,1,7.38,Cash,Completed
0367622e-05f1-4991-864d-de1e26219532,dcfb3d05-846d-4915-99f3-ebbc7559d972,2025-08-04T10:16,3,73.32,Card,Cancelled
5c3e9829-4b48-40ca-96ae-49ac494671e3,bb6bf39c-f455-4e08-a59e-1bdaaa91d4aa,2024-01-07T10:16,7,95.48,Card,Cancelled
587079e6-8fda-4e23-a591-90c9bec62e12,0472ca7f-b133-4710-8f43-24a3c6c1afd1,2024-12-21T10:16,4,55.68,Cash,Completed
c7ab542d-93a7-4a21-b3ae-f17a9c09d383,e6cb1215-5314-4d05-bfd1-f6e5d36e89f7,2023-11-20T10:16,3,33.66,Cash,Cancelled
f8b55520-f8c9-4ac5-a931-6d30eed9b1c1,726d71e2-70fd-4416-8568-78619c14a73a,2025-06-20T10:16,9,195.48,Card,Cancelled
8ef36ea7-9bca-4fb9-a22a-69c1ef551d6b,93cdeef1-3fc3-4a63-a275-0ae87ae6b335,2024-07-30T10:16,2,26.62,Cash,Cancelled
aca61e8d-d196-46f6-8901-90c4a1a234d3,ebe19120-496a-47fa-87eb-2440212a3363,2025-04-12T10:16,5,65.85,Online,Pending
72dbf202-3063-4994-a030-aaf81a46cfc2,63846b60-b7be-4087-ac6e-56c9bc130a20,2025-02-08T10:16,2,49.14,Card,Pending
5508a6dd-d5cf-453c-90a7-4702519969d8,56a75a3e-a944-4147-8cba-f1024726993f,2025-04-02T10:16,8,89.04,Cash,Cancelled
ce388151-e4cd-4731-b1a0-ad850f63fea9,e277d099-db2a-4aee-ab86-8b0e73a34383,2024-05-24T10:16,3,43.89,Online,Pending
7656fe50-5782-45a4-919b-aa47654f75c9,5f6e51da-5f01-4c9a-85dd-7d50ef37e5d7,2023-12-23T10:16,1,27.15,Card,Completed
117c2d9f-7b73-49fd-a5b0-7aa79a71d9fe,77ca464a-fe0d-4dcc-8f08-3eb2f7b64f76,2024-08-04T10:16,1,5.15,Online,Pending
a45c69d5-1d7e-41ea-a69e-0ed1a44a3a39,6e551d53-4f6d-4b84-a9de-3d7c79694805,2024-08-10T10:16,8,122.88,Online,Pending
7c1fa112-ef88-47f6-a685-7a48ba25ad8d,fbe227d7-6d32-4407-9783-7fdac983e55f,2025-09-10T10:16,9,123.12,Card,Completed
bf8c394a-1fe3-4cb6-895f-39af230915f3,c83bba2f-5229-4998-9566-1f3179b13e8a,2025-05-30T10:16,6,146.82,Cash,Completed
c5b83384-3226-45ee-8edd-ca5f04c3de72,90f0db1e-2b19-43f7-ba17-233c7c214eca,2025-09-28T10:16,7,58.45,Card,Cancelled
6e98631f-4ea4-4510-a8bf-c928669221bc,b04ce307-2d1f-4214-b023-d8f4379041a1,2024-09-04T10:16,8,153.68,Card,Cancelled
a9e23d45-635b-496e-be1c-6acca116ad4c,000f9c8f-2fc7-4346-844d-c04f10751265,2025-05-16T10:16,1,17.86,Cash,Completed
2b1ce5af-1e79-48e8-8c74-dcf3d175d017,ebbc7df0-770d-44f8-b0ff-c62f9006e40e,2023-12-18T10:16,7,179.55,Card,Completed
1a7b4bc9-80dd-45bc-8814-dc915f5b3fc2,7509850a-5062-4da9-aad6-bc5b9e363ef1,2025-06-08T10:16,7,161.49,Card,Completed
3869bf18-bb20-46d9-9da6-6952c073d860,824998a2-7592-4051-ab0b-d5e12743c93b,2024-03-06T10:16,6,35.22,Card,Pending
89e5bc2e-f16a-491f-9d8e-26439e37c5e3,726d71e2-70fd-4416-8568-78619c14a73a,2024-03-20T10:16,3,56.49,Online,Completed
7003d4ae-b35c-4aa7-8448-773ad7a0e0a5,6c3bf618-a715-40f9-9faa-cfc5f5beef2f,2023-12-01T10:16,4,115.56,Card,Cancelled
c3d5a694-0675-4610-a428-e8e443042f52,9305d562-2505-493d-8ed8-3fb721c8f491,2023-12-06T10:16,4,72.32,Online,Cancelled
db32a6d5-87a5-406a-b121-8098cdafd466,ec3490d2-e8da-47ee-ae12-0ca0b1d7a2bb,2024-12-07T10:16,6,83.16,Online,Completed
f270794b-5512-42e7-9139-f025d1359003,953417c6-cd52-45e9-9ca0-bb450653c934,2025-02-06T10:16,3,66.69,Cash,Cancelled
0918b597-a2cf-49a9-b8c2-7efa7e142c3e,d6d4ef4b-0870-48aa-b884-013237f255f4,2025-09-28T10:16,9,87.48,Online,Completed
d12f0104-6b12-426b-a2e5-0967dbbd6931,8250871a-2b35-424e-a1a1-4eb4faffabfb,2024-01-03T10:16,2,52.84,Cash,Cancelled
5b880d22-cc12-44c4-9b98-b9bea5bbdbd9,a302a1a8-c429-406f-abff-9f273aa0a4b5,2024-08-26T10:16,9,161.19,Cash,Completed
638ef225-9e6a-4260-a846-0365e1925127,9b9edd1e-b4f7-414c-b8b5-a3dc51fa0a8c,2024-01-31T10:16,8,182.40,Card,Completed
82a7f2c7-77c1-41b0-821d-91837835e0d0,caad7924-4bc5-4f85-9662-11ca261e3c87,2024-11-04T10:16,7,115.15,Card,Completed
f190cd22-1136-4932-8f0c-18a39c6a7c68,98b17fed-218c-4f20-8410-9f0edfc74455,2025-06-13T10:16,5,124.55,Online,Cancelled
57e19ee5-875e-42a9-8b48-19e003a6eff4,5400d214-6176-40bf-88d2-3f53ed38bf69,2024-02-27T10:16,3,17.88,Online,Completed
df5446db-f71c-4719-be5d-62b1d7c3ca17,9b9edd1e-b4f7-414c-b8b5-a3dc51fa0a8c,2025-07-19T10:16,5,144.15,Cash,Pending
28977cd6-7a8a-415f-84fc-b8f40b23976a,c63bd277-c81c-40c5-8720-6ce916d653c4,2025-03-14T10:16,7,133.63,Card,Cancelled
af63043e-38ae-4a56-bc44-3b8fb5f598b3,11526850-7335-463f-b740-a52a90457c3b,2024-06-15T10:16,3,42.87,Online,Cancelled
9e8844be-b326-4cd7-8049-3c946787e327,53db1213-7316-47bb-9099-c1def0e3c96b,2024-01-04T10:16,5,51.10,Card,Cancelled
824c8836-63a4-4dda-83c1-5de02ba84b19,b014b56e-3263-4b63-8430-46e00bc5ea77,2024-12-26T10:16,4,41.60,Cash,Cancelled
84ca67d7-21e0-41a5-908c-2be8738fadc2,dcfb3d05-846d-4915-99f3-ebbc7559d972,2025-04-23T10:16,5,34.00,Online,Completed
5d7c65f7-0a32-42e6-aee5-96fac6c80ab0,4f6ae324-5b6d-47d6-a86d-26ec6fbe1e0e,2025-07-23T10:16,1,9.58,Card,Cancelled
0459d589-0ddd-48a6-b0ac-e5252deb0fec,52f5634d-de98-4543-8a1e-cbf1e2d0242f,2025-02-03T10:16,2,50.40,Cash,Cancelled
dd7f20d5-6c27-439b-8c07-1302b0e023f2,b6c26110-1b77-4777-8c79-c69ec19b66df,2024-05-29T10:16,1,24.73,Online,Cancelled
def87871-4ea1-48ba-9db2-f260367f09b7,ebbc7df0-770d-44f8-b0ff-c62f9006e40e,2025-04-29T10:16,4,38.20,Card,Cancelled
57413b63-297e-4db9-a84d-840e08d8f3e2,9fa382f0-8393-48db-ad30-43c953282401,2025-01-01T10:16,5,138.70,Online,Completed
d4f78f2a-c6b7-40f1-8a0d-4f44ca09efaf,c0d74d86-5c5b-481d-b8e3-61eeb9c77255,2024-11-12T10:16,5,90.10,Card,Completed
a3c9de42-db5d-4073-a12b-3c93c5ab3553,c9dcc28a-ae5f-477c-ae7e-72d94129f449,2025-04-01T10:16,2,50.72,Online,Pending
d5252b76-57fc-409c-a065-6a461fbbca73,73a2b03c-2dca-486e-8ebc-c4d6bb68a8c6,2023-12-05T10:16,2,19.24,Card,Pending
e5b4d887-482a-4b6e-8117-f0332dfe0958,7169ef0c-f2c8-4ae3-83f6-87691664d2d2,2025-02-17T10:16,5,83.55,Online,Cancelled
9a8867cf-515b-4611-806a-e7d502581df6,0130fcd4-a6cf-4a72-8400-7bcae1abce34,2025-04-30T10:16,2,21.08,Online,Completed
8d01fe19-11dd-418f-a476-a4e0d65e32b9,500fde18-ea61-4380-9ea4-f06d09985870,2024-07-21T10:16,5,100.85,Card,Cancelled
2697bc62-352c-4e25-854b-cc49a7b1f866,dcfb3d05-846d-4915-99f3-ebbc7559d972,2024-04-22T10:16,9,95.67,Online,Pending
57985587-62f5-443b-8737-b3ce752f5b00,2a109685-1399-4149-8951-fba29bb0360d,2024-01-26T10:16,6,54.96,Card,Pending
567d371b-8f15-449c-8278-27bf217c1013,6bd388d4-5636-450b-bacd-55bdcb769bab,2023-11-19T10:16,2,27.12,Online,Cancelled
950e4dc9-7807-4471-8a1b-1dca5ea7ebb7,0fcf4084-ea31-49f8-99f9-9bf8c8b0c16b,2025-02-06T10:16,8,92.00,Card,Cancelled
d020cd6e-9ca0-410b-b201-356fe7bcae30,428424b7-1f94-496a-8b7a-497ce177d32c,2025-01-15T10:16,5,59.15,Cash,Completed
971821af-8d88-4ba7-a4dc-c647e70ec3b9,365c90d0-a590-4209-9401-2ce55af5ed98,2024-06-06T10:16,1,8.03,Card,Cancelled
c11c1eda-00af-4d24-8e3c-ebbb5df63e9b,0a15d43b-8f6b-444a-bef2-ffbddfdbd16f,2025-11-05T10:16,5,30.10,Online,Completed
5b9dbbc8-d9ba-437f-8e16-21f45408dcd7,e7991221-0de0-4ef8-aa9c-ca3b59197059,2025-01-14T10:16,1,14.20,Online,Cancelled
23daab16-1162-4638-8a1f-9b100244ba0b,0a5a9fc7-e126-48f0-99aa-dea85c606f66,2025-04-12T10:16,2,15.08,Card,Pending
5e0619c1-01fe-43bb-8286-8c70745003cb,f90cf3ca-e2d0-4129-bc7a-e8a2b80880da,2024-04-17T10:16,9,263.16,Card,Completed
cce297d3-8c45-4525-b451-c94d11f86dcd,c63bd277-c81c-40c5-8720-6ce916d653c4,2025-02-11T10:16,3,61.44,Card,Completed
5c83dd4c-9e3c-4d36-8da3-52829d795524,65b2c0ea-6192-47fc-9286-2c1dd3ecefb1,2025-10-06T10:16,7,159.53,Online,Cancelled
6f700002-6d1f-402c-be2a-684332bfd0a3,f0a6a958-e434-41bf-a830-dffa55a34db5,2024-03-24T10:16,7,76.58,Online,Completed
a8c4b7bd-e559-45fc-9a57-7a699709dc9e,fbe227d7-6d32-4407-9783-7fdac983e55f,2025-06-17T10:16,6,87.72,Card,Cancelled
7f688dbc-fa5a-4f34-8f23-14d8de22f7ce,795088d7-d227-422e-ad8c-f048bde0675e,2024-03-20T10:16,1,8.65,Card,Completed
0cf44eb1-59e1-404e-a746-df49b152f457,d87f31d7-79ef-4c17-856e-142e791b04da,2024-02-17T10:16,5,121.95,Cash,Cancelled
359bef35-2b07-42f2-a548-850065eba0fe,8b546c63-5406-493d-bc69-cfb594b38267,2024-07-13T10:16,6,86.16,Cash,Cancelled
095e3b3a-09b3-41d0-82eb-5389775d348b,9c53f3f8-5b22-4d77-bd76-cfa6c70e443c,2024-11-09T10:16,6,167.76,Online,Cancelled
fb63ac4a-4670-41cb-a0b4-3da5289ea3af,b014b56e-3263-4b63-8430-46e00bc5ea77,2024-03-05T10:16,1,6.66,Card,Pending
8916322b-367f-4e2e-803b-ec290f354b05,e7991221-0de0-4ef8-aa9c-ca3b59197059,2025-07-24T10:16,8,103.76,Online,Pending
a030e058-7be3-48ce-a993-6b57f7537363,e6e1db85-f8ba-4264-9c9a-520ecda4bc4c,2024-09-26T10:16,5,41.50,Card,Completed
bca59883-099b-47cd-a430-fd6d5aa93924,cd50913f-8c99-4253-9134-0cf5fe5f300f,2025-04-19T10:16,8,40.08,Cash,Pending
cdf7a352-6a78-4585-acf2-21f2fbf6cb0d,bb6bf39c-f455-4e08-a59e-1bdaaa91d4aa,2025-03-31T10:16,6,99.00,Card,Cancelled
8d711318-0e42-4ed7-893f-24599a58cb81,14eace30-1ac2-411e-8eef-98e8f32a87fb,2025-11-09T10:16,4,69.24,Cash,Pending
7a049613-1158-49fd-b64b-818de31f56a1,73a2b03c-2dca-486e-8ebc-c4d6bb68a8c6,2024-07-24T10:16,1,26.93,Card,Pending
5029ca5b-c216-46e1-8338-031f3b8e185b,ff4db0d8-e809-46e8-9ae0-78ffee4902d9,2024-08-24T10:16,1,21.31,Cash,Completed
63a0ff7f-2ef2-4f26-8aaa-6128091923fe,dcfb3d05-846d-4915-99f3-ebbc7559d972,2024-08-08T10:16,3,75.33,Cash,Pending
6ac897bb-a35c-4246-98e7-a1f8663c0392,401a6911-a31e-4892-adc1-56e3e1eb090a,2024-10-28T10:16,3,24.69,Card,Completed
4859d411-a26d-4582-9e5b-25637df9d4b7,ebbc7df0-770d-44f8-b0ff-c62f9006e40e,2024-05-18T10:16,7,50.82,Cash,Pending
b9f6d5db-229e-46e7-aed3-4310917937a5,8e1bbe6c-7b75-46dc-8ca1-0b1664cd6ae4,2025-10-05T10:16,3,33.00,Card,Completed
1e05029a-119d-41e3-ba22-2ffac2fc2777,60cd80b6-3967-4dae-b4df-adc7b5644971,2024-01-03T10:16,5,96.25,Card,Completed
f0d7a3b8-5809-4b1a-bd28-cda2fd645730,9305d562-2505-493d-8ed8-3fb721c8f491,2024-03-22T10:16,4,66.44,Card,Pending
0d44fdff-06f4-4421-b944-39244b5277f8,b014b56e-3263-4b63-8430-46e00bc5ea77,2024-11-29T10:16,3,48.81,Card,Completed
4e2c61ff-1dfa-4dd2-9a56-bba4a1898568,b03f75c1-655f-4480-a2bf-1a0af806e96e,2025-05-02T10:16,6,160.20,Cash,Completed
28989836-a194-47df-8f62-760c51b6659c,d3f641e5-b8b5-4f5f-9155-7768df2033e8,2024-05-28T10:16,9,204.12,Card,Completed
6556c4da-8eb4-40bb-bc6b-049b0055a471,1a31c678-d420-495a-aff3-0f1609514e1e,2024-03-14T10:16,2,22.00,Online,Pending
c6137ae9-22e8-46d7-817e-fa9fbfb9a729,c5817fdc-a4dc-4879-b957-30cfda62016b,2024-02-15T10:16,3,88.14,Card,Completed
1d85c0e4-1484-4c52-99f4-17beda1f0afb,11526850-7335-463f-b740-a52a90457c3b,2024-08-18T10:16,5,59.05,Cash,Cancelled
9665c9a9-3405-4dd2-8312-4badc3697d6e,21edfc22-3f73-4335-a774-3cf78ab65e86,2025-03-27T10:16,6,66.06,Online,Cancelled
afc59a43-4af4-4c20-8d83-fd8815979ad2,8250871a-2b35-424e-a1a1-4eb4faffabfb,2024-04-26T10:16,8,170.16,Online,Cancelled
1aa59254-9d6f-4f60-9e49-e642d4ed8caa,00d7ae70-0f46-4453-963c-4ab2a3d29314,2024-03-06T10:16,4,73.08,Online,Cancelled
9b526502-6a21-4337-b08a-2cc4226866ee,0df3bae1-6384-4856-aa27-aef9f6c48b75,2025-06-09T10:16,5,37.10,Cash,Pending
d1cb59a7-f1b6-4845-ad74-c43ae32e0e46,e886c155-0dae-4b36-88f5-a86fa474d1f6,2023-11-14T10:16,5,85.45,Cash,Completed
ef5ad7d1-98ea-44a3-852f-71248cb4e89b,aac35608-9499-49c5-811a-a059e773c968,2025-09-07T10:16,5,26.65,Cash,Pending
a8e072bd-36a2-46f0-ac3e-b3440294d3c3,68169a66-a8d4-4763-914e-7befc826445b,2024-01-30T10:16,1,16.36,Cash,Cancelled
c1474203-5e92-43e7-8a6d-6e426b5d5e18,0fcf4084-ea31-49f8-99f9-9bf8c8b0c16b,2024-09-08T10:16,1,19.37,Cash,Cancelled
2cef686f-3329-4fea-a730-933ad0ccbca5,e7991221-0de0-4ef8-aa9c-ca3b59197059,2025-10-20T10:16,3,31.47,Cash,Completed
30757ce4-99da-46ef-a40e-e2e1a7a2c183,6b1178fc-1745-401d-88da-3903c243ebe9,2025-07-07T10:16,9,105.21,Cash,Cancelled
e8dace16-e1d3-4152-93db-38afff7d8839,b90a3a7f-421e-47e5-8598-fe50f365a62e,2024-11-19T10:16,3,63.24,Online,Cancelled
bd62d9f2-a850-4a4c-8b67-7741273ca181,b90a3a7f-421e-47e5-8598-fe50f365a62e,2025-02-15T10:16,3,89.91,Online,Completed
89ab2c26-4982-4014-b0fc-59577404e72d,fe624323-ba72-456d-9842-ed9e0edc75df,2024-08-21T10:16,8,229.76,Card,Completed
fa33abf8-102c-4375-aa3b-d619902df8db,e886c155-0dae-4b36-88f5-a86fa474d1f6,2024-09-21T10:16,7,61.46,Cash,Cancelled
6ea80bff-f4b9-42cf-82f2-44384214791f,1d32c3b3-c732-4995-aa6b-ff159deb3bdf,2024-11-25T10:16,1,26.93,Online,Pending
86d90343-59a5-4808-b37b-3df15bf2bdaf,02c65c06-56ad-4670-b8e2-10ab417c7154,2025-05-31T10:16,8,69.92,Online,Completed
64ca2b32-780f-4444-bcc0-c67112107d22,90f0db1e-2b19-43f7-ba17-233c7c214eca,2025-01-17T10:16,4,86.44,Card,Cancelled
2bb4f582-0655-4fdf-90ba-bb2b761bc2e6,46032f36-69bc-465a-9b33-a5d560bfd77a,2024-09-19T10:16,7,43.89,Online,Completed
ed3166df-288b-4c25-8505-1f5888e0d424,6117b6f0-c4f4-4bf1-9eeb-f33950decba8,2025-01-09T10:16,6,120.72,Cash,Completed
4a4a38a6-e799-47a3-ba06-9eacb576f431,14eace30-1ac2-411e-8eef-98e8f32a87fb,2024-01-03T10:16,1,17.75,Card,Cancelled
48f83d9e-85c2-4a53-a1db-aa0968bb8b56,6f61ca8e-51a1-48e0-abfa-88326e713e34,2024-04-19T10:16,4,82.24,Cash,Pending
75fc3f0d-1eb7-4a41-9bcc-ad1e48a86f10,6f61ca8e-51a1-48e0-abfa-88326e713e34,2025-10-18T10:16,5,87.90,Cash,Cancelled
f07d6d45-9b64-479b-b989-35e848bb3532,6117b6f0-c4f4-4bf1-9eeb-f33950decba8,2025-08-12T10:16,2,32.02,Cash,Cancelled
398bb35d-c1ab-455e-924b-aba01d80fbd7,ec3490d2-e8da-47ee-ae12-0ca0b1d7a2bb,2024-12-27T10:16,7,152.25,Cash,Cancelled
647dd2e4-3478-4f19-9eb2-a0dfd0e4ed00,3befa4dc-d961-4a3a-9410-d43d1bdaa335,2023-12-01T10:16,1,9.38,Cash,Pending
a6b2dd09-7683-4f40-ab9e-51f5b751e0cd,6bd388d4-5636-450b-bacd-55bdcb769bab,2025-09-20T10:16,1,6.30,Online,Completed
99028bc9-651e-458b-8116-4031322baad1,8f7f530b-bb30-4a05-b437-744ed30af54f,2023-12-19T10:16,1,29.60,Online,Pending
f1123ea3-95f7-4a1b-b7f0-82faf039ecb4,0dd437d0-74fa-43c3-8909-5c955e4d47dd,2023-11-22T10:16,6,120.90,Cash,Completed
812d6e09-ba5d-484b-87e5-49602ac839b0,3ab3404a-ee80-4ed2-8d90-a6f0dad14e48,2024-12-16T10:16,2,43.12,Online,Pending
c0386ed8-dcf2-44c7-86ce-9b17e71fd006,6aaabc79-3d35-410f-bb96-f86a3930d0ff,2025-03-09T10:16,9,190.17,Card,Cancelled
3648deb2-8195-4daf-8d66-f3b25dc572ce,52f5634d-de98-4543-8a1e-cbf1e2d0242f,2025-07-19T10:16,2,46.78,Card,Pending
417ebf4b-38aa-4973-90a0-0f973ed785de,058b9c75-b72f-4594-80d2-e41194ff7672,2024-09-01T10:16,4,61.80,Cash,Cancelled
4a0dec1d-ea23-4053-8fcc-19db5a41248d,c5817fdc-a4dc-4879-b957-30cfda62016b,2024-03-31T10:16,9,220.59,Card,Completed
db5c591e-bdcb-43c7-af46-c47e7fb0c20f,d7af10ce-45c9-4fc8-8dd8-b1c5491aad5f,2024-08-02T10:16,5,32.85,Card,Cancelled
60e7a7e3-d611-45f0-960a-72d6bc6a25bd,f543de06-e341-4de2-95ab-ca0fd3ee51fe,2025-02-24T10:16,4,26.04,Online,Cancelled
f96a66f8-24a8-42a7-8081-4081e769d349,0a0ac3e5-6e20-4fbc-87ec-5481c70e38bc,2025-10-01T10:16,2,45.68,Card,Completed
7e68ccda-a927-487c-aef3-7d3b014ace60,65b2c0ea-6192-47fc-9286-2c1dd3ecefb1,2025-08-30T10:16,8,90.00,Cash,Completed
2b841550-d2f7-4e43-8223-28911db4167f,ff4db0d8-e809-46e8-9ae0-78ffee4902d9,2024-05-31T10:16,7,128.80,Online,Completed
82541b33-1cef-43c3-9486-a882594eb7a3,103fcba5-5588-45a5-9fe0-6ac948d3860e,2024-07-12T10:16,9,231.57,Card,Completed
d12ceae5-dda8-498d-917c-ac2f989f6f04,5d6f84a5-a4de-442e-99b9-b8ef714b4436,2025-07-22T10:16,7,197.96,Card,Cancelled
ebaa83d3-ad0a-45fc-8d16-fd29551efeb3,953417c6-cd52-45e9-9ca0-bb450653c934,2025-01-18T10:16,8,102.32,Cash,Pending
2f39adc3-9cc7-443a-a36e-23bdae88683b,058b9c75-b72f-4594-80d2-e41194ff7672,2024-05-19T10:16,4,114.64,Cash,Completed
09f1575c-52bc-4188-9b1e-753fc4f8114e,7a18d550-38d0-40b2-84a7-547162e7e409,2025-02-26T10:16,9,93.96,Card,Cancelled
f746efef-9c71-4851-b49d-c39e650e09a4,bb6ceda0-3f7a-4dfa-9862-41a88dd468b2,2025-10-18T10:16,7,196.77,Online,Cancelled
fde6127e-30e9-41e1-b1e4-b277c4a33610,1233cc27-7567-48e0-8dd2-6b0019506c2f,2025-05-30T10:16,5,133.05,Cash,Cancelled
b6f01e5f-5056-445c-8e67-1af962b8b9da,103fcba5-5588-45a5-9fe0-6ac948d3860e,2025-10-20T10:16,9,249.84,Online,Completed
9ec24c47-3231-46b3-8291-70e118fc0614,0a570207-0f70-467f-bbeb-44a0a60a9a25,2025-03-15T10:16,8,150.80,Online,Pending
5967e18d-c3d5-4cd0-a4fc-2f1aeb3d7e4d,7a18d550-38d0-40b2-84a7-547162e7e409,2025-01-19T10:16,6,134.82,Card,Pending
7fddda4b-332d-4590-a624-3d297a73f57c,b90a3a7f-421e-47e5-8598-fe50f365a62e,2025-08-07T10:16,4,61.16,Online,Cancelled
46bb7475-7dd2-4517-b3f7-5794c3890c6d,c1a09d60-c9e8-4489-a68e-e01b51541d33,2025-01-20T10:16,6,172.08,Cash,Pending
298b7138-ba82-48fc-b4d6-e7aaa62c8f4e,910b1d47-5c37-48b1-8bde-96c60660f1d7,2024-04-24T10:16,1,13.00,Card,Completed
2a6a791a-119c-47ff-b8cf-2cdbf1265e44,67c276b0-7be6-4f3c-bf86-c342095c8112,2024-11-06T10:16,7,54.04,Card,Pending
d69e3f48-e564-4dcc-a863-4b78c759d567,ef7fad1f-a86f-4ee1-95b4-ce1f339f0fa5,2025-09-29T10:16,2,31.12,Card,Cancelled
9b21dec2-291e-4343-a58c-2757432931e0,1a31c678-d420-495a-aff3-0f1609514e1e,2024-12-21T10:16,6,108.06,Online,Completed
3f123e61-b88b-4198-8a69-36582a8c980b,23650eb4-f98d-45a3-a90b-a378f03d469d,2025-05-07T10:16,5,113.40,Online,Pending
bf34d4e7-97ec-4ef6-8b25-0fd1cdeac3ad,9b9edd1e-b4f7-414c-b8b5-a3dc51fa0a8c,2025-06-03T10:16,6,178.62,Card,Cancelled
1b0b160e-cb76-4de9-88a3-19816eff6913,0df3bae1-6384-4856-aa27-aef9f6c48b75,2024-02-11T10:16,2,56.96,Cash,Cancelled
330f07d7-96cd-447f-b82c-48e125b30d13,9b9edd1e-b4f7-414c-b8b5-a3dc51fa0a8c,2024-12-22T10:16,7,105.21,Cash,Pending
8a0a32fd-de87-4b50-98e5-5ee1d5a4752f,2c6dafc9-06cc-4b3d-8b8d-12aae0644c58,2024-03-05T10:16,8,91.20,Online,Cancelled
e4f1171c-4d8b-4df2-86f0-d521f1d9bfdc,e85d0261-2d97-4475-a749-363ec9040a74,2024-04-21T10:16,9,235.89,Online,Cancelled
306a8821-0171-47c5-a16d-ea80067a2abf,e6cb1215-5314-4d05-bfd1-f6e5d36e89f7,2025-07-28T10:16,4,21.84,Online,Completed
0e02dd0e-1e45-4cb4-b513-911e0208c004,7a2e5fa5-096b-4701-8ce6-7a3db39bf8eb,2025-11-01T10:16,3,80.85,Card,Pending
e2c6330d-0a69-4abe-9322-945c292955f0,0df3bae1-6384-4856-aa27-aef9f6c48b75,2024-11-24T10:16,1,12.46,Card,Cancelled
97d8f6cb-2ef3-4b73-aa2e-8f469f095f43,0a5bd884-b432-4ce5-b14e-44b4aedd4c0f,2025-09-08T10:16,9,47.61,Online,Completed
e2a2018c-af60-4dfe-841e-7e8d81eb0c86,935ebde1-5945-4673-886e-1a7a12cc2d4e,2025-09-30T10:16,4,98.36,Card,Pending
e1649301-b9d9-455b-9c66-592c9f926fb5,d5eaf6a7-76cc-48ec-98d9-ba713e2df70f,2025-05-11T10:16,7,79.17,Online,Pending
edf2c8af-d06e-489f-8c18-e4266c3094e1,e85d0261-2d97-4475-a749-363ec9040a74,2025-02-06T10:16,1,14.93,Card,Cancelled
69de22d1-4e6e-4fd0-8b59-37cbff68a924,8b546c63-5406-493d-bc69-cfb594b38267,2024-09-07T10:16,4,92.92,Card,Pending
bf5ec861-0248-4926-bb9a-b716abff091b,3ab3404a-ee80-4ed2-8d90-a6f0dad14e48,2024-07-11T10:16,8,236.16,Online,Completed
36fd7af5-8927-4293-b89f-ce85deaff7d0,cf65c4b6-4c1c-420b-95de-23e5b56ffad5,2025-02-26T10:16,2,49.48,Cash,Cancelled
753ee828-6926-4dff-95b3-edc39b9af1ab,ff4db0d8-e809-46e8-9ae0-78ffee4902d9,2025-09-27T10:16,4,115.20,Card,Cancelled
10a697c5-a88f-4a04-9776-f2285c8fdc81,2a109685-1399-4149-8951-fba29bb0360d,2024-10-18T10:16,3,15.66,Cash,Cancelled
2d2f5e8e-73d4-4b44-912d-c4f93756bd85,d7af10ce-45c9-4fc8-8dd8-b1c5491aad5f,2025-02-23T10:16,7,44.73,Online,Cancelled
84d1df83-9f86-455e-8d84-2732c072a1b5,ec3490d2-e8da-47ee-ae12-0ca0b1d7a2bb,2024-06-17T10:16,7,93.17,Cash,Pending
bacc1981-bf1d-4e61-b9d8-83b2f17ef8b1,caca465c-e9f2-4add-91b5-24c70595e321,2025-09-24T10:16,9,106.92,Online,Cancelled
8483dbba-2b5e-47d8-911f-9330e760cc14,9fa382f0-8393-48db-ad30-43c953282401,2025-06-06T10:16,5,30.95,Card,Cancelled
37c0d646-b9fc-460e-9ce5-c9ef33c49898,8e1bbe6c-7b75-46dc-8ca1-0b1664cd6ae4,2024-04-25T10:16,4,34.76,Card,Completed
604f3281-ccda-4492-a0e9-38eec7a7c7a0,c63bd277-c81c-40c5-8720-6ce916d653c4,2025-09-22T10:16,8,182.56,Online,Cancelled
9f2c0157-6799-417d-9532-fa4bef7836df,9c53f3f8-5b22-4d77-bd76-cfa6c70e443c,2025-03-01T10:16,5,144.15,Cash,Pending
0d40a053-a961-419b-b63a-2d4c5d9bf9da,69446e90-4237-4410-ab55-e011eb04cce0,2025-08-10T10:16,9,213.21,Cash,Cancelled
20bf43a7-c911-4735-a26d-5377a261aa98,49af098b-bf79-4643-8e49-739ea932d38b,2024-11-24T10:16,3,38.31,Online,Pending
16d43d95-1199-487d-8976-a373d8e8f378,f3826f04-0dfa-4266-8002-58fede0093f5,2024-12-19T10:16,7,125.16,Online,Completed
b59a3e21-2467-4304-86cd-eee64c0f7a51,bb6ceda0-3f7a-4dfa-9862-41a88dd468b2,2025-05-18T10:16,1,12.29,Card,Completed
d105a51e-3c10-4ba6-a692-85c735ed5565,9305d562-2505-493d-8ed8-3fb721c8f491,2024-06-02T10:16,8,99.92,Card,Cancelled
3d47b55b-dd68-40e2-aa74-9f27c73e76d4,bf0de251-90d7-423c-8b31-48df1a89964f,2025-05-10T10:16,3,67.17,Cash,Pending
876a0011-7be2-4cd8-a4d1-04991fccbbd8,cd50913f-8c99-4253-9134-0cf5fe5f300f,2024-02-27T10:16,6,146.10,Online,Pending
0c81eb91-aae1-444c-88fa-a7d82a87cda0,c63bd277-c81c-40c5-8720-6ce916d653c4,2025-10-04T10:16,7,91.77,Card,Cancelled
33e0e8f3-2f97-45ba-8c37-71ee6b57d86e,365c90d0-a590-4209-9401-2ce55af5ed98,2025-02-17T10:16,8,221.44,Card,Completed
790989ec-ca9a-4474-8cd2-a476f72d7b53,49af098b-bf79-4643-8e49-739ea932d38b,2025-09-10T10:16,5,132.00,Cash,Cancelled
57041850-4bac-4220-b349-b02ca3dc4d7b,8b546c63-5406-493d-bc69-cfb594b38267,2024-12-21T10:16,1,20.14,Online,Completed
297515f2-535b-40d6-9437-39351aea4c27,b90a3a7f-421e-47e5-8598-fe50f365a62e,2024-04-01T10:16,5,120.90,Online,Cancelled
c3643433-e119-4274-a828-a9c570f288d0,5400d214-6176-40bf-88d2-3f53ed38bf69,2025-05-04T10:16,2,10.46,Cash,Cancelled
cbc25535-57bc-484b-a793-5ed86ccdf34d,0e0d5f13-edd5-4ab0-9ddd-3df111bedc5a,2024-10-06T10:16,9,150.66,Card,Cancelled
b2584b0a-7333-41fb-b993-19b52f4795d0,485b65e7-fdf4-474d-afba-37986d8d3cd8,2023-11-19T10:16,7,73.92,Online,Completed
8fa543c2-5a16-4f15-8973-37d3ec785206,90f0db1e-2b19-43f7-ba17-233c7c214eca,2024-02-21T10:16,7,147.84,Cash,Pending
c32d0564-4a29-48c2-83c5-2134d213360c,d5cfb1a3-ce2f-4aff-ab4c-50e0c5426af1,2024-12-13T10:16,9,136.44,Online,Cancelled
0908b2e1-bfb1-4db5-ae68-a05741465ec7,0472ca7f-b133-4710-8f43-24a3c6c1afd1,2024-01-07T10:16,7,88.62,Cash,Completed
273fa797-a1ab-410b-aad9-07123ab882bf,e38afcd9-9e08-47ba-bc92-5ebb4bc271eb,2025-05-04T10:16,1,9.00,Online,Completed
5fc2ca42-cfda-4f8e-b24a-ff214406575f,b95f7619-fab2-4df9-8683-1f2aeb93a660,2025-07-28T10:16,3,21.27,Cash,Cancelled
0c8b92c7-a062-427d-9dfe-50f709dacedb,05ccd8a5-ea5f-4353-bd1e-3022152b0685,2024-09-02T10:16,7,116.55,Card,Pending
626afbc9-dca4-46ad-aaaa-c210d1778124,7509850a-5062-4da9-aad6-bc5b9e363ef1,2025-06-04T10:16,4,83.44,Cash,Pending
b0a498b3-6d17-46dc-a10f-6ee55433fbc1,a302a1a8-c429-406f-abff-9f273aa0a4b5,2024-01-11T10:16,6,44.82,Card,Pending
669d6036-97c4-407c-bdc2-f14bc9e7c603,63846b60-b7be-4087-ac6e-56c9bc130a20,2025-06-01T10:16,6,53.16,Online,Completed
28ec8518-776f-4175-a9df-4d2b5544fa6b,4e44f26d-5455-405b-8fdb-63ab8b739ecf,2024-02-22T10:16,7,124.25,Card,Cancelled
318ecebf-04a7-4e5f-b5a6-0ac5827af455,f067e21d-d1d4-4e87-9cae-9753f5f9ccb6,2025-03-20T10:16,6,90.48,Cash,Cancelled
87995aae-cc85-4173-b9a4-ba1e2d112bd6,ebbc7df0-770d-44f8-b0ff-c62f9006e40e,2024-07-13T10:16,2,28.90,Cash,Cancelled
27862d22-125b-4e42-9d8d-3dec5589f1f2,caad7924-4bc5-4f85-9662-11ca261e3c87,2025-06-17T10:16,8,59.92,Card,Pending
274f5bde-6a07-48b5-8d27-2a38ac3360d4,9305d562-2505-493d-8ed8-3fb721c8f491,2024-05-10T10:16,3,75.87,Cash,Completed
c5009908-8b8f-4192-bbcf-db02716fcec3,02c65c06-56ad-4670-b8e2-10ab417c7154,2025-09-21T10:16,9,162.27,Online,Completed
1b371ee6-d908-4574-a9e6-6d797153e5f7,103fcba5-5588-45a5-9fe0-6ac948d3860e,2024-08-30T10:16,3,15.21,Card,Pending
04c22a76-a977-4387-a94b-8c7679c9f173,6c3bf618-a715-40f9-9faa-cfc5f5beef2f,2025-01-29T10:16,9,259.74,Online,Completed
b64e8164-14c7-4d74-860a-d2fa79cd65bb,795088d7-d227-422e-ad8c-f048bde0675e,2024-05-19T10:16,3,67.53,Online,Cancelled
866babda-9616-4815-a071-2aed55e2af6d,2ca088cd-c6c6-4e60-a1a4-d2990ee21b12,2024-04-30T10:16,6,127.68,Card,Cancelled
95762188-7918-4b88-9f98-930422941327,a3f626b9-cc27-4c04-8570-be79ab8bda4a,2023-12-07T10:16,7,161.49,Online,Pending
cfc53b27-38e8-4c6d-85fe-7c78e1be4669,c5817fdc-a4dc-4879-b957-30cfda62016b,2024-04-05T10:16,2,30.64,Online,Pending
06e09902-3634-4263-8c2f-176f1b42db46,8f7f530b-bb30-4a05-b437-744ed30af54f,2024-07-24T10:16,6,122.88,Card,Completed
551839b6-cd1d-45ba-9ad9-44208174cbf6,fe624323-ba72-456d-9842-ed9e0edc75df,2024-07-26T10:16,2,52.36,Card,Pending
ade28af6-4f45-4c94-b75c-67c3ff00fbd9,7d2df59f-386d-4aec-85a8-2443262a0cb4,2025-09-13T10:16,8,50.40,Cash,Cancelled
53f86e02-c51c-42ee-ab46-426e7c4a822f,52f5634d-de98-4543-8a1e-cbf1e2d0242f,2023-11-16T10:16,3,80.58,Card,Pending
aa0571dc-6557-4b3e-80bb-9cc7b1be21d9,9c53f3f8-5b22-4d77-bd76-cfa6c70e443c,2025-03-02T10:16,1,25.71,Cash,Pending
0d2af890-7981-4e58-858e-ab24544b8c0f,a190f67b-21df-46bc-8164-46bdfa00af85,2024-03-21T10:16,9,183.24,Card,Completed
be12c629-20f2-4e8b-b313-506d039ca2a2,8b115a34-224b-453c-be69-b53a7445b466,2024-04-07T10:16,9,57.78,Cash,Pending
04c44b6c-aa5b-48bb-b25e-36c260fab02c,e277d099-db2a-4aee-ab86-8b0e73a34383,2024-08-06T10:16,2,29.84,Card,Completed
f39afe9e-ff48-4420-862a-4ba7697d0b77,d5eaf6a7-76cc-48ec-98d9-ba713e2df70f,2023-11-16T10:16,5,107.90,Online,Completed
448f0108-09fa-4bd5-9356-52cb5e67ebb0,ff4db0d8-e809-46e8-9ae0-78ffee4902d9,2025-05-01T10:16,8,237.28,Online,Cancelled
45ebbaea-e5dc-4ed6-9535-52f9c61bd0c0,1d32c3b3-c732-4995-aa6b-ff159deb3bdf,2024-08-19T10:16,1,15.11,Online,Cancelled
7a4ffc4a-1e55-42e8-905b-270492023891,058b9c75-b72f-4594-80d2-e41194ff7672,2025-01-14T10:16,2,49.64,Cash,Cancelled
cf61f02b-6461-4b5a-b5fb-69c13b837109,e7991221-0de0-4ef8-aa9c-ca3b59197059,2025-09-01T10:16,6,163.14,Online,Completed
5ac356a2-3afd-4967-bbe3-d14e1176e196,cf65c4b6-4c1c-420b-95de-23e5b56ffad5,2024-06-03T10:16,8,179.68,Card,Completed
d61772fe-783c-4a12-9346-4d9bf0f73e91,d3f641e5-b8b5-4f5f-9155-7768df2033e8,2025-05-23T10:16,1,24.88,Card,Completed
0df1ea9b-f684-4683-8769-07d01f4a1a39,8f7f530b-bb30-4a05-b437-744ed30af54f,2025-04-20T10:16,7,83.30,Card,Cancelled
db45640f-b9d6-4d12-a766-ac77f45e0911,d5eaf6a7-76cc-48ec-98d9-ba713e2df70f,2024-04-18T10:16,8,234.88,Online,Cancelled
69a9d24f-42b3-4203-ad37-af5cfe6075d7,9305d562-2505-493d-8ed8-3fb721c8f491,2024-07-13T10:16,2,45.10,Cash,Cancelled
e9cc8125-c3df-47ee-9fb4-9937232817f0,8113211c-bdc3-4bb0-94d9-3fd3871f3005,2024-04-17T10:16,4,32.52,Cash,Pending
89763356-9a7e-40e7-8bb2-9deb8262331f,8626238e-5813-415a-9a8c-db944b1e0269,2025-08-23T10:16,4,108.84,Card,Pending
fc53ee12-81a4-4100-98c4-870df004a45c,365c90d0-a590-4209-9401-2ce55af5ed98,2025-07-14T10:16,2,58.22,Online,Pending
3af7b742-07ff-4f8a-acba-37ccc9bc921a,36b880b0-e9bd-4c0b-8f1c-32018f6c758a,2024-09-28T10:16,2,58.14,Online,Cancelled
b63926e3-ad53-4eef-873b-bd2095c46cd3,2ca088cd-c6c6-4e60-a1a4-d2990ee21b12,2024-09-09T10:16,3,81.36,Online,Pending
541038df-a0d0-4640-bbc4-2a2ecd37eaaa,6bd388d4-5636-450b-bacd-55bdcb769bab,2025-06-09T10:16,7,174.65,Online,Pending
72dd7c9c-f67a-42c2-b4ba-155d8455f09a,caad7924-4bc5-4f85-9662-11ca261e3c87,2025-06-21T10:16,8,141.04,Online,Pending
c641592a-4ee3-4ba3-b877-e9db64171c59,e12c3d24-86c8-474f-b86b-370df36adbfe,2024-11-24T10:16,9,200.70,Card,Cancelled
89e027ed-c55e-4786-9e22-1a7e26850c2d,52f5634d-de98-4543-8a1e-cbf1e2d0242f,2024-11-28T10:16,9,187.74,Cash,Pending
769cabab-c2b9-4d33-9299-8e5d15c0cc23,8f7f530b-bb30-4a05-b437-744ed30af54f,2025-10-31T10:16,7,114.45,Card,Pending
1b5195c4-63ae-4cbc-9408-03020bda3a29,726d71e2-70fd-4416-8568-78619c14a73a,2025-09-29T10:16,2,31.64,Card,Completed
8b2526bb-e4ed-464a-8b25-6a830b7594f5,b95f7619-fab2-4df9-8683-1f2aeb93a660,2024-01-31T10:16,6,170.34,Card,Cancelled
95776417-514c-4b9e-bb7f-347ef4d8346e,c1a09d60-c9e8-4489-a68e-e01b51541d33,2025-02-16T10:16,9,117.27,Card,Cancelled
dffaf18d-6a24-4dcf-8ed0-d296e9cc1b2b,0df3bae1-6384-4856-aa27-aef9f6c48b75,2024-05-04T10:16,3,39.33,Online,Completed
1021127d-65c8-4154-9b1f-baa9351f635d,500fde18-ea61-4380-9ea4-f06d09985870,2025-07-06T10:16,9,231.93,Online,Pending
607b3bca-8bd3-4349-b8ce-5d616c5fbdcf,63846b60-b7be-4087-ac6e-56c9bc130a20,2024-11-22T10:16,1,16.78,Card,Completed
84145c86-cad7-4d6f-805f-36b6d8878069,428424b7-1f94-496a-8b7a-497ce177d32c,2025-08-22T10:16,8,154.64,Cash,Cancelled
657f0e92-0164-4a73-941a-b93a6f704087,8e1bbe6c-7b75-46dc-8ca1-0b1664cd6ae4,2024-03-04T10:16,2,36.58,Card,Cancelled
44972cde-5c8c-4052-a077-e1abbab604f3,c46351bf-193f-49af-a5d6-456188837c3d,2025-07-16T10:16,9,127.89,Cash,Cancelled
68fd9ae9-b9bd-42f9-a727-0e7d98ebb2cf,d87f31d7-79ef-4c17-856e-142e791b04da,2025-01-16T10:16,9,168.30,Online,Completed
ad2ffd54-21b2-4841-a8c4-54b9f8e17e85,0d463f72-c3a1-4a2b-8d0d-1721a0d1a06b,2025-10-15T10:16,2,30.94,Card,Cancelled
0049b873-77a8-4e88-9a4d-54d352052496,aff4340c-d102-49ba-af8e-84d2737ce82c,2024-05-05T10:16,5,75.45,Cash,Cancelled
11261735-a5da-4bd4-8143-c4460d515cd1,4b14a58c-f1e4-40b6-888d-a88cd7055099,2025-03-12T10:16,8,83.52,Cash,Cancelled
75fb2c2e-687f-4b90-8a4f-851a49649702,e277d099-db2a-4aee-ab86-8b0e73a34383,2025-02-06T10:16,2,34.50,Card,Pending
e64d0224-a496-4da8-8e2c-2e81751e470e,935ebde1-5945-4673-886e-1a7a12cc2d4e,2023-11-15T10:16,7,135.38,Cash,Cancelled
26572c57-5c97-4864-bdd9-c53172933d67,428424b7-1f94-496a-8b7a-497ce177d32c,2024-05-13T10:16,7,161.98,Card,Pending
ebba1ac8-fa15-4d0b-8fb0-23a81d9f18c5,795088d7-d227-422e-ad8c-f048bde0675e,2025-10-05T10:16,9,124.38,Card,Cancelled
a53601ff-db49-499d-a45f-9850701f683a,36b880b0-e9bd-4c0b-8f1c-32018f6c758a,2024-08-11T10:16,7,67.83,Online,Cancelled
714359ef-ef1d-45d4-b942-abced1c6baaf,9305d562-2505-493d-8ed8-3fb721c8f491,2024-07-13T10:16,2,16.56,Cash,Cancelled
a54d5fb0-389d-4e09-87fd-7f116c52a3b1,09ba4183-1b94-4f8c-bc5f-eca421a88524,2025-01-14T10:16,9,66.06,Cash,Pending
afd5742a-321d-4d16-963a-027eaccf9167,401a6911-a31e-4892-adc1-56e3e1eb090a,2024-12-10T10:16,4,37.56,Cash,Cancelled
7e37bac2-2177-452d-97dc-e248543d83d2,4739f27f-7a96-4d52-83ae-0c6fd4c8c606,2024-10-22T10:16,4,119.84,Cash,Pending
3c046e82-1598-4121-9d23-420cf2b7cd47,cd50913f-8c99-4253-9134-0cf5fe5f300f,2023-12-09T10:16,8,78.80,Card,Cancelled
f53d6754-be95-42f1-99ad-5163ae442c49,6c6a3b10-9747-4dca-a041-4edc22d147b0,2025-08-16T10:16,3,23.10,Online,Completed
326ae4de-2a49-4075-bdda-0c7c5dcae960,8626238e-5813-415a-9a8c-db944b1e0269,2024-07-05T10:16,3,47.04,Online,Completed
587e6911-318d-45e2-97af-70da5bb0590f,ebe19120-496a-47fa-87eb-2440212a3363,2024-04-24T10:16,1,15.93,Online,Pending
e444fedd-71bc-42c5-ad58-9835c57f246b,b3688304-b24b-416a-9bf4-c2b6aaeb59d3,2024-04-16T10:16,9,136.89,Online,Pending
ebfe496a-62cc-4742-889f-ebc43bc5a480,d5eaf6a7-76cc-48ec-98d9-ba713e2df70f,2024-09-15T10:16,5,82.90,Card,Completed
ba48fde4-97b1-4d5b-859c-4b52e65e5213,5f0f3def-9ff6-4282-ad04-001c4a769966,2025-03-19T10:16,4,42.44,Card,Cancelled
9850ee8c-4933-4749-86af-8eab91fee6bf,dcfb3d05-846d-4915-99f3-ebbc7559d972,2024-01-25T10:16,2,59.14,Card,Cancelled
c29a660a-9bbb-47ba-883e-7468865d66ae,14eace30-1ac2-411e-8eef-98e8f32a87fb,2024-05-08T10:16,6,49.80,Card,Cancelled
2c4c6ddf-c581-4865-ae19-345143a62dd2,e85d0261-2d97-4475-a749-363ec9040a74,2024-09-18T10:16,1,9.22,Cash,Pending
f34e3694-1c7c-4cf7-a472-4b96c84d634c,06e585f0-5b60-4900-81d1-3379328e6c17,2025-04-07T10:16,1,26.41,Card,Pending
9fad6909-8b9e-4221-aac5-9e02c5ce2653,c83bba2f-5229-4998-9566-1f3179b13e8a,2024-06-09T10:16,8,117.52,Card,Completed
968c4c4f-9495-4bcf-965b-b3cc621f717d,058b9c75-b72f-4594-80d2-e41194ff7672,2025-04-03T10:16,5,132.20,Cash,Cancelled
dba3a1e5-a28e-4c8f-a9ea-dfdb3a7b38fc,46032f36-69bc-465a-9b33-a5d560bfd77a,2024-03-20T10:16,5,132.25,Online,Completed
2da1f64f-76a9-421f-878f-af1283f82937,ec3490d2-e8da-47ee-ae12-0ca0b1d7a2bb,2025-03-23T10:16,1,6.21,Online,Pending
6ca1387e-c4ef-4f77-a385-9d0fa2b2f5e9,964d337f-acd5-4ca2-8843-9be3f2eb60fc,2024-07-25T10:16,6,110.94,Online,Pending
e7c6c728-dbe7-4885-b53b-f8b46dcec815,52fbb114-83aa-432d-b2f1-f3e37a5c4754,2024-12-19T10:16,9,219.87,Card,Pending
edff6518-e646-45b7-b0a4-75d8895d0704,93cdeef1-3fc3-4a63-a275-0ae87ae6b335,2024-02-02T10:16,5,57.40,Cash,Pending
18d394ac-3e55-4f5c-aa30-62f6c3efe4c0,25659c0e-6eb5-4c57-add8-fb6ac5f42699,2025-09-06T10:16,1,20.42,Online,Completed
1c6ea767-19c6-4c70-bb8a-fd6fca038137,e12c3d24-86c8-474f-b86b-370df36adbfe,2024-01-01T10:16,1,15.78,Cash,Cancelled
ba263db5-866c-4a11-8b08-4f5990eeed39,89d26a00-0fde-4c03-8430-b06f6bc3f33a,2025-08-01T10:16,2,52.00,Cash,Pending
32803618-bb8b-4def-b226-bb78fd9a99bf,52f5634d-de98-4543-8a1e-cbf1e2d0242f,2025-06-20T10:16,9,184.68,Cash,Completed
03c54a81-c645-423c-8207-7d0eb3f60986,8113211c-bdc3-4bb0-94d9-3fd3871f3005,2023-12-04T10:16,6,110.82,Cash,Completed
3e02d905-dcd7-4d90-b4e4-9c8383b751f0,b95f7619-fab2-4df9-8683-1f2aeb93a660,2024-05-07T10:16,7,90.37,Card,Pending
85715ed5-1133-44db-983c-a26af9585911,09ba4183-1b94-4f8c-bc5f-eca421a88524,2024-12-09T10:16,9,93.24,Card,Pending
15f16043-2492-4680-9e05-b86083a51b84,a302a1a8-c429-406f-abff-9f273aa0a4b5,2025-09-23T10:16,7,200.90,Online,Completed
83da679a-acaa-413b-94a7-e12976fe8c00,80537cf2-360f-4740-8b7e-d4cd56e22987,2024-11-29T10:16,1,8.25,Online,Cancelled
1a4ee8f4-5e73-4aeb-a2f8-be6c049229ff,3dcaabe3-78c9-4d88-bed5-56ca7ceea07c,2024-03-24T10:16,4,38.52,Cash,Completed
37353437-0d2f-4243-b01a-c2ebf2ee2ec2,e119f98a-df63-41dc-8e01-bb49ca2dc724,2025-08-12T10:16,7,141.68,Cash,Completed
b69651b2-dcd2-4455-aa59-0c14f5cfa936,5d6f84a5-a4de-442e-99b9-b8ef714b4436,2024-12-11T10:16,1,5.72,Cash,Pending
5c18e576-6a2f-4c19-9664-ccdb4225cd93,b3688304-b24b-416a-9bf4-c2b6aaeb59d3,2025-05-11T10:16,1,13.52,Online,Completed
f6670fa3-c9a7-4c39-a24f-2759fbaa6405,9305d562-2505-493d-8ed8-3fb721c8f491,2024-10-11T10:16,7,56.14,Cash,Completed
2584c3fd-6f4d-49e6-9b04-dc3fd2e4f343,0472ca7f-b133-4710-8f43-24a3c6c1afd1,2025-05-03T10:16,2,55.96,Online,Completed
0d24c253-513c-491b-ab11-b726f0edc7ea,09ba4183-1b94-4f8c-bc5f-eca421a88524,2024-05-19T10:16,1,8.87,Online,Pending
9332c130-94a0-45b2-ae91-c07bcc5f0d86,25659c0e-6eb5-4c57-add8-fb6ac5f42699,2025-05-18T10:16,9,201.69,Online,Pending
3de1a1a4-cb87-45e3-8807-356e9d6a9141,52fbb114-83aa-432d-b2f1-f3e37a5c4754,2024-06-22T10:16,2,42.72,Online,Completed
49381ad9-2433-4024-8b51-174ed4dfd357,b04ce307-2d1f-4214-b023-d8f4379041a1,2024-04-23T10:16,3,26.52,Cash,Cancelled
aef4760a-3c9d-4e88-985d-7734b729e6db,e277d099-db2a-4aee-ab86-8b0e73a34383,2024-11-06T10:16,4,47.16,Online,Pending
91720657-f53f-4b15-b6bf-1b337faedadb,1a31c678-d420-495a-aff3-0f1609514e1e,2024-08-19T10:16,1,18.55,Online,Cancelled
ff42bd11-d911-4a1f-8ddf-31fd38f55581,8f7f530b-bb30-4a05-b437-744ed30af54f,2024-02-03T10:16,8,139.76,Card,Cancelled
503a7830-5c59-4d31-b166-c7e5b2749e2e,c9dcc28a-ae5f-477c-ae7e-72d94129f449,2024-07-14T10:16,6,123.72,Online,Pending
f9a5a756-4329-4cfe-be16-fb8f95d1afde,7c991f43-c18b-4404-8826-97691b0dc00c,2023-11-15T10:16,9,229.59,Card,Completed
c7be9ed0-4e22-4eaa-89b4-6872949d4392,6aaabc79-3d35-410f-bb96-f86a3930d0ff,2024-11-01T10:16,1,14.35,Card,Completed
cef26be3-8b95-4ef7-ae79-c676a2054ad4,6e551d53-4f6d-4b84-a9de-3d7c79694805,2024-01-08T10:16,4,113.24,Cash,Pending
fc9c775f-6ce9-4240-8c02-b258ce2c65cc,bb6bf39c-f455-4e08-a59e-1bdaaa91d4aa,2025-04-12T10:16,5,31.20,Card,Cancelled
8104d26c-8d75-429f-b422-3f4813db08c5,c46351bf-193f-49af-a5d6-456188837c3d,2025-01-20T10:16,2,24.74,Cash,Completed
ad7fbe9c-185c-402e-a25e-342d37f3220b,d5eaf6a7-76cc-48ec-98d9-ba713e2df70f,2024-04-13T10:16,6,171.18,Card,Pending
c09b7fec-f2de-4c4c-8b5c-d08f892339f6,05ccd8a5-ea5f-4353-bd1e-3022152b0685,2024-04-02T10:16,1,29.94,Online,Cancelled
dcc97f04-2fef-4e17-9847-fc24f5bd89ac,209e786b-2a61-4e52-a3b2-1cc98bcbf18c,2025-04-09T10:16,9,81.00,Online,Pending
f3d96522-c811-49c1-bab8-1574a827f569,73a2b03c-2dca-486e-8ebc-c4d6bb68a8c6,2025-09-11T10:16,4,45.72,Online,Cancelled
32bb49e4-b2f2-474c-837a-ff2b131f8730,500fde18-ea61-4380-9ea4-f06d09985870,2024-08-20T10:16,8,175.68,Card,Pending
800ea8a3-6554-48f5-9871-5d156b5266d4,74e76582-f1b8-4560-b049-8aebb59d4721,2025-04-18T10:16,5,103.05,Online,Pending
3916bd9e-31bf-47ff-8237-c2fdaa184668,8e1bbe6c-7b75-46dc-8ca1-0b1664cd6ae4,2024-12-22T10:16,5,137.75,Card,Completed
1077c121-872e-4f25-8009-f062ac7f406e,00d7ae70-0f46-4453-963c-4ab2a3d29314,2025-05-11T10:16,9,121.05,Card,Completed
093b1b57-5b44-448f-9bab-6aeaf23946ec,ff4db0d8-e809-46e8-9ae0-78ffee4902d9,2025-05-19T10:16,1,5.98,Online,Cancelled
dd69cfcf-557c-4370-bc82-bbb420e23ffc,795088d7-d227-422e-ad8c-f048bde0675e,2024-02-07T10:16,8,232.24,Cash,Cancelled
4abb7709-f3ba-4ed8-9e26-0f29ff5bcee2,10b26c2d-7d56-4175-84a8-a2775e128a9d,2025-08-10T10:16,8,136.08,Card,Pending
98091a75-7a0e-4476-8da2-0683de9990b8,3910ab11-8758-4a4f-8a9b-c4f5df7413c4,2024-03-03T10:16,4,37.08,Card,Pending
4367ab82-f1fb-4b1a-b307-71b46a931131,6c6a3b10-9747-4dca-a041-4edc22d147b0,2024-07-20T10:16,8,129.76,Cash,Completed
9b8aca1f-eda6-433a-ac06-6d929f7d55b4,5f6e51da-5f01-4c9a-85dd-7d50ef37e5d7,2025-08-07T10:16,4,101.28,Card,Completed
b427345b-d734-4528-a8c8-c47db0a1faf3,9305d562-2505-493d-8ed8-3fb721c8f491,2023-12-12T10:16,1,23.98,Cash,Completed
b7197a94-684f-4257-9182-0a5ea6e25f4a,b047b369-02d0-4f25-9af0-f1e883228863,2024-10-27T10:16,2,56.34,Card,Pending
48823246-039d-42f5-9f60-38711d328997,c83bba2f-5229-4998-9566-1f3179b13e8a,2024-03-29T10:16,3,44.88,Cash,Cancelled
baa93101-d179-4b20-b500-30e7c8da5304,dcfb3d05-846d-4915-99f3-ebbc7559d972,2024-07-31T10:16,9,58.50,Card,Completed
ef1c2e77-6c08-4fe8-9276-34358dec9b24,3ab3404a-ee80-4ed2-8d90-a6f0dad14e48,2025-08-26T10:16,4,82.92,Cash,Completed
4669d68d-cb5e-4b5a-becc-50fcc27b16fd,caad7924-4bc5-4f85-9662-11ca261e3c87,2025-11-06T10:16,6,127.20,Cash,Cancelled
200c26e9-5ccc-4799-a2ae-281f482a8e50,11526850-7335-463f-b740-a52a90457c3b,2024-09-21T10:16,7,131.18,Online,Pending
ce880914-1279-4ec9-a7ff-aa8d675d6db0,23650eb4-f98d-45a3-a90b-a378f03d469d,2024-11-16T10:16,3,67.56,Cash,Cancelled
90da0e9c-4883-4aa2-ba01-d8b364839c0f,d33bbfcd-a2ca-4e80-8a1c-65223f061e7e,2024-10-28T10:16,4,55.36,Online,Cancelled
62f9bd94-fd28-4e5a-a479-1fdc1c893773,bfa3444b-2be9-46be-b944-720d86a59770,2024-05-07T10:16,5,28.45,Online,Completed
232b2788-4e5c-45ae-994e-07ab4606431d,89d26a00-0fde-4c03-8430-b06f6bc3f33a,2024-03-09T10:16,1,14.61,Cash,Completed
7aa7cd7e-ef84-433d-84e1-bfb836278202,b014b56e-3263-4b63-8430-46e00bc5ea77,2023-11-30T10:16,9,118.98,Cash,Pending
5ab4239a-bdca-4b05-9cf8-65100541bb37,935ebde1-5945-4673-886e-1a7a12cc2d4e,2025-04-18T10:16,9,260.82,Card,Pending
3822f1ae-6ddd-46a9-8f83-ce7b53c8e9a3,99c406e7-092b-4eeb-bc08-56fc041c253d,2023-11-17T10:16,2,19.82,Cash,Pending
