order_id,restaurant_id,order_date,items_count,total_price_usd,payment_type,status
16c259d6-2ccb-4402-814c-b41382eed994,3910ab11-8758-4a4f-8a9b-c4f5df7413c4,2025-02-15T10:16,9,172.17,Online,Pending
8854a5b5-527a-44cf-8546-3691d6ee58cd,ec3490d2-e8da-47ee-ae12-0ca0b1d7a2bb,2024-07-20T10:16,2,43.42,Card,Cancelled
61b09cf6-7623-4227-acd1-eb76d3486011,6e6d2c67-f7fb-4a98-8f9a-4822259b25c4,2025-06-09T10:16,3,46.50,Online,Completed
bc702074-c274-4687-b4e2-33c7169c43c1,1a48aa9a-def3-481d-922a-94300aa97309,2024-11-18T10:16,8,150.40,Online,Completed
28a42755-3aaf-4ecd-bae9-20cda9c1bd93,4739f27f-7a96-4d52-83ae-0c6fd4c8c606,2025-07-09T10:16,9,84.60,Card,Cancelled
8d19c0bb-06e8-4c22-8eaa-2a9f4505a71e,00d7ae70-0f46-4453-963c-4ab2a3d29314,2024-11-18T10:16,9,128.79,Card,Completed
93d641fe-83c1-4e32-859e-65294a150299,4739f27f-7a96-4d52-83ae-0c6fd4c8c606,2024-09-06T10:16,2,16.44,Cash,Completed
76537f25-d729-4efc-9585-c1aef66eba96,428424b7-1f94-496a-8b7a-497ce177d32c,2024-06-07T10:16,2,29.60,Cash,Cancelled
4a424dc4-0c51-4adb-8b1a-c04019513090,8e1bbe6c-7b75-46dc-8ca1-0b1664cd6ae4,2025-05-26T10:16,6,106.50,Card,Completed
3da3e032-44c4-43b4-a38e-cb8adaaa3e72,56a75a3e-a944-4147-8cba-f1024726993f,2025-05-06T10:16,2,57.94,Online,Pending
bf7ec106-db96-4a5b-846a-5bdc267a7a49,f6c35464-33dd-44a7-bf84-071f2e427045,2025-03-28T10:16,5,127.40,Cash,Completed
9cc73087-fbc1-4e7d-96e9-0a8836097144,964d337f-acd5-4ca2-8843-9be3f2eb60fc,2025-05-08T10:16,2,53.54,Cash,Cancelled
5ab483db-acb3-486f-8a33-7605cc5cb90b,77ca464a-fe0d-4dcc-8f08-3eb2f7b64f76,2024-03-10T10:16,3,72.66,Card,Completed
5dc88e5e-5174-4f52-8cc6-4dc3158ea825,e119f98a-df63-41dc-8e01-bb49ca2dc724,2024-01-05T10:16,4,119.04,Online,Completed
ac08bea1-77d0-4a8d-8921-3b0317b980bd,d5cfb1a3-ce2f-4aff-ab4c-50e0c5426af1,2025-09-13T10:16,2,36.52,Cash,Cancelled
18feb33d-c102-4d6a-a422-56e6641b3043,26d032f1-9fe9-487a-987a-a8be14e1db05,2025-06-18T10:16,7,151.48,Cash,Pending
4ad3ad97-1e90-4cb7-a45f-d99345cb899f,9c53f3f8-5b22-4d77-bd76-cfa6c70e443c,2025-04-19T10:16,3,70.11,Online,Pending
71114e93-54af-4f39-ac42-d3a4f85514d0,77ca464a-fe0d-4dcc-8f08-3eb2f7b64f76,2024-04-17T10:16,5,103.40,Card,Pending
ab95a7d8-6d49-4c08-a3f8-a16eac413a54,ba5d9947-b043-4aca-8ee0-6b77895cf8e8,2024-11-06T10:16,6,87.72,Cash,Pending
3a877f36-1812-43d3-8981-5523f219f9ff,0130fcd4-a6cf-4a72-8400-7bcae1abce34,2024-05-05T10:16,4,57.60,Online,Completed
e690facd-8001-4a04-b556-1f3daee48111,f90cf3ca-e2d0-4129-bc7a-e8a2b80880da,2024-10-18T10:16,7,53.13,Card,Completed
4b7507e6-3ebc-4449-9fc0-cd7336f71935,c3ffc43c-0c11-40fa-9824-f234161741d0,2024-10-02T10:16,8,159.04,Cash,Pending
059b6448-9d23-424d-8356-2735674ba2cf,b0d737cd-ec4b-4a88-aa81-d012ef3fb719,2024-10-04T10:16,7,130.34,Cash,Pending
a28052c6-7ca0-4841-ba59-17a964157a9f,000f9c8f-2fc7-4346-844d-c04f10751265,2024-09-18T10:16,1,23.88,Card,Completed
20e83276-7e98-498d-8a38-61d75683c223,e6e1db85-f8ba-4264-9c9a-520ecda4bc4c,2025-10-11T10:16,9,69.75,Cash,Completed
118efb2a-d0dc-4b69-b8f7-b955054712a6,c0d74d86-5c5b-481d-b8e3-61eeb9c77255,2025-10-20T10:16,8,148.56,Online,Cancelled
786f653a-6b08-4801-9703-f2460b9217ec,c9dcc28a-ae5f-477c-ae7e-72d94129f449,2024-09-05T10:16,6,99.90,Online,Completed
48c7da6e-4ce0-4e10-9d0f-dfc3da37dc09,62a2bfef-ca4a-4dec-90ea-bf15ea1880d2,2025-04-08T10:16,2,26.56,Card,Cancelled
eb5fa9bc-becf-4dd9-b757-0aa715586eb0,1eeb9c5f-5b7a-47af-b4f1-5a50d9d1089c,2023-12-31T10:16,1,21.07,Card,Cancelled
b66f753d-f612-4ac7-ba53-9bc73511bc6c,6f61ca8e-51a1-48e0-abfa-88326e713e34,2024-08-06T10:16,4,21.08,Online,Cancelled
39f3d5f4-dfd6-4acb-a4a8-1b3adc697a51,8113211c-bdc3-4bb0-94d9-3fd3871f3005,2024-11-11T10:16,2,33.96,Online,Completed
3f476b93-0bad-4f75-a7e9-253da87c32dd,7c991f43-c18b-4404-8826-97691b0dc00c,2025-07-18T10:16,2,10.62,Online,Cancelled
e06ac98e-1907-4818-88d9-290075a81b58,b014b56e-3263-4b63-8430-46e00bc5ea77,2024-04-28T10:16,3,46.92,Cash,Completed
74d42fce-501e-43f8-bfcc-7aad083d6ce1,6b1178fc-1745-401d-88da-3903c243ebe9,2023-11-20T10:16,2,27.86,Online,Completed
7dfc5f1d-bf0f-4eb9-8182-4fdaf667d463,b6c26110-1b77-4777-8c79-c69ec19b66df,2025-08-21T10:16,1,8.30,Cash,Completed
d7f5c8fa-f9c8-4335-8d4e-ac60eeef0ae0,1a31c678-d420-495a-aff3-0f1609514e1e,2024-01-25T10:16,6,33.54,Card,Completed
4e4bf8c8-7fe6-496c-b9dc-369e73c403a2,e38afcd9-9e08-47ba-bc92-5ebb4bc271eb,2025-10-24T10:16,7,160.44,Online,Cancelled
88b00888-4e85-4864-9e8b-89729974b9fd,d87f31d7-79ef-4c17-856e-142e791b04da,2024-06-22T10:16,9,202.23,Card,Pending
d935b062-7d7d-4032-b95f-4c8db5ae52e5,b6c26110-1b77-4777-8c79-c69ec19b66df,2024-03-08T10:16,1,20.85,Cash,Pending
49a4811d-fcd6-40fa-830b-644d8ebf8900,bb6bf39c-f455-4e08-a59e-1bdaaa91d4aa,2024-09-21T10:16,9,158.67,Online,Pending
fc900118-d77d-48f7-80c6-2edaee76083f,a190f67b-21df-46bc-8164-46bdfa00af85,2025-03-13T10:16,7,105.28,Cash,Cancelled
a2a88ffc-f7aa-47c0-80bc-aaff9ab82726,1233cc27-7567-48e0-8dd2-6b0019506c2f,2025-03-08T10:16,3,50.82,Card,Cancelled
df63f609-5d30-42c4-acb5-94cdc6b78b4e,cb8747c7-32ca-4b6b-868d-13ab01d953ec,2025-02-28T10:16,2,47.84,Card,Cancelled
18d30a63-7d81-46b2-83ff-3433326d0032,000f9c8f-2fc7-4346-844d-c04f10751265,2024-09-12T10:16,9,45.99,Online,Completed
d33915c9-839a-4072-81df-3d5355d40b5f,3befa4dc-d961-4a3a-9410-d43d1bdaa335,2024-07-10T10:16,6,62.82,Online,Completed
61a1ee24-da23-49a4-bd09-11e59270fff3,a3f626b9-cc27-4c04-8570-be79ab8bda4a,2025-11-10T10:16,7,167.30,Online,Completed
2f1debf0-d150-4ca3-a29f-727ea208df58,fe624323-ba72-456d-9842-ed9e0edc75df,2025-01-17T10:16,1,8.94,Online,Pending
474ff015-0439-42e1-b36f-d803dfb7830c,ba5d9947-b043-4aca-8ee0-6b77895cf8e8,2024-10-29T10:16,1,7.98,Cash,Completed
ce4fefa1-045d-4119-ace8-a92a227436e2,7c991f43-c18b-4404-8826-97691b0dc00c,2024-02-15T10:16,4,28.24,Card,Cancelled
52c5f8d8-ca5c-4784-8c32-1efb6828e862,3befa4dc-d961-4a3a-9410-d43d1bdaa335,2024-06-06T10:16,3,27.48,Online,Pending
abd4fc66-2413-4736-ba4a-82225c65319e,cf65c4b6-4c1c-420b-95de-23e5b56ffad5,2025-02-23T10:16,4,117.08,Cash,Cancelled
d1a2e487-a984-4bfe-8fbb-b8c68cc7f29d,ceafdb2a-788d-48e0-acdd-bd533a2e7ab6,2024-06-18T10:16,5,126.10,Cash,Cancelled
aeadfa7b-e362-466d-b12d-5eeb7221a222,e6cb1215-5314-4d05-bfd1-f6e5d36e89f7,2024-06-06T10:16,1,12.18,Cash,Cancelled
c1137a0e-068b-4a15-8059-45e187524e3c,bb6bf39c-f455-4e08-a59e-1bdaaa91d4aa,2024-08-15T10:16,5,86.75,Online,Completed
67cb5a5f-934e-428c-91eb-8a3ed37edc89,60cd80b6-3967-4dae-b4df-adc7b5644971,2023-12-04T10:16,8,190.00,Online,Pending
33120deb-17b5-48ab-93ce-c7c6f1e860fb,5f6e51da-5f01-4c9a-85dd-7d50ef37e5d7,2025-03-08T10:16,2,38.24,Cash,Cancelled
32502108-c2bb-4329-948c-6e8507c5e5a7,bf0de251-90d7-423c-8b31-48df1a89964f,2025-01-28T10:16,9,167.40,Cash,Completed
3ae0dfb6-8643-4364-b65b-e026a4db7d3e,b0d737cd-ec4b-4a88-aa81-d012ef3fb719,2025-09-20T10:16,4,89.84,Online,Completed
d4d83881-378a-44de-9f74-30864b50ce35,6aaabc79-3d35-410f-bb96-f86a3930d0ff,2024-10-23T10:16,2,20.34,Card,Pending
b5aadfa1-d6a3-4f13-b217-61a021d28625,f543de06-e341-4de2-95ab-ca0fd3ee51fe,2023-11-19T10:16,2,26.48,Cash,Pending
f859a09f-c6c7-40e4-8cf6-1c5733362cbe,aff4340c-d102-49ba-af8e-84d2737ce82c,2024-12-23T10:16,5,138.90,Cash,Cancelled
8d7efe58-dd6c-4644-8e6f-212b6762d9fe,ada8704c-2784-4d70-84da-10078407d2c8,2025-03-27T10:16,3,47.91,Card,Cancelled
5659af5a-9052-4967-8d52-b31dc4a03fb3,e7991221-0de0-4ef8-aa9c-ca3b59197059,2024-01-17T10:16,9,122.31,Cash,Cancelled
036bae5e-6e0c-4b6c-a876-495c15f0dc33,3910ab11-8758-4a4f-8a9b-c4f5df7413c4,2023-12-16T10:16,3,81.15,Card,Pending
a58c4890-a9cf-43f8-9f32-7f08da49cafb,a190f67b-21df-46bc-8164-46bdfa00af85,2025-10-26T10:16,4,50.76,Card,Pending
91d7bb31-673e-49d9-a00e-2b6d0aeee4a6,68169a66-a8d4-4763-914e-7befc826445b,2025-08-23T10:16,4,81.64,Card,Cancelled
17cfc0c7-f107-4e7e-a680-c4915908a60c,73a2b03c-2dca-486e-8ebc-c4d6bb68a8c6,2023-12-03T10:16,7,108.29,Card,Cancelled
2fe4e984-ee92-4e49-bb03-834a61454a62,8887df7e-682b-4d48-b18c-c1ddfa0aaa26,2024-05-28T10:16,8,134.32,Cash,Pending
7e6adb08-0fc5-46f5-b27a-92fb98b59848,90f0db1e-2b19-43f7-ba17-233c7c214eca,2024-02-17T10:16,8,120.56,Card,Cancelled
94fe20a1-48ae-4c89-9042-5a9667cfa73b,6aaabc79-3d35-410f-bb96-f86a3930d0ff,2024-01-12T10:16,9,141.12,Cash,Cancelled
c91fd738-00b9-4ba6-9290-818ce8457af0,ebbc7df0-770d-44f8-b0ff-c62f9006e40e,2025-01-01T10:16,3,84.78,Card,Pending
ac1c63aa-86eb-4622-99e3-0e6edf1c0685,3befa4dc-d961-4a3a-9410-d43d1bdaa335,2023-12-19T10:16,9,237.96,Card,Pending
975f8ec0-21b7-496d-a34b-d536ba4bdb7a,1233cc27-7567-48e0-8dd2-6b0019506c2f,2024-08-25T10:16,1,21.73,Online,Completed
dfae1aad-09b8-4db5-86af-3f1b085e54d4,b03f75c1-655f-4480-a2bf-1a0af806e96e,2023-11-22T10:16,3,87.69,Online,Cancelled
d3444354-1d71-4d46-b029-794024a1b7ff,428424b7-1f94-496a-8b7a-497ce177d32c,2025-09-20T10:16,2,34.12,Card,Pending
b9f733f0-1c62-44ef-9529-fa048ecbc62b,0a15d43b-8f6b-444a-bef2-ffbddfdbd16f,2025-02-18T10:16,7,61.81,Cash,Completed
35eda61b-9195-43f1-a97e-471f2271c78f,485b65e7-fdf4-474d-afba-37986d8d3cd8,2024-03-25T10:16,1,18.71,Cash,Completed
8d2406c6-bc81-4c47-a328-6b8954b26e3e,7a18d550-38d0-40b2-84a7-547162e7e409,2024-05-26T10:16,8,153.60,Cash,Pending
81db38b2-5227-4bbd-8933-c2175c314108,f543de06-e341-4de2-95ab-ca0fd3ee51fe,2024-01-05T10:16,9,222.03,Cash,Cancelled
d367e6b9-97b4-4c40-9cbb-14c60a170908,0472ca7f-b133-4710-8f43-24a3c6c1afd1,2023-12-07T10:16,2,12.34,Cash,Cancelled
0f9518c9-b548-444c-b761-2695670d8568,05ccd8a5-ea5f-4353-bd1e-3022152b0685,2025-03-17T10:16,6,78.30,Online,Pending
8c0db103-b0bc-450f-8a6a-a1a974266ca5,ec3490d2-e8da-47ee-ae12-0ca0b1d7a2bb,2025-02-03T10:16,3,87.66,Online,Cancelled
bc9b181b-3720-4e6e-ba70-40799463c237,e119f98a-df63-41dc-8e01-bb49ca2dc724,2025-10-05T10:16,5,64.25,Online,Pending
75fa263d-eec8-4bed-a5aa-6c05e90027bb,5d6f84a5-a4de-442e-99b9-b8ef714b4436,2024-06-13T10:16,3,21.69,Card,Cancelled
657796a1-9939-4d02-a018-0bb5df90468f,8626238e-5813-415a-9a8c-db944b1e0269,2024-07-03T10:16,4,116.12,Card,Cancelled
5131817c-ff44-4d98-9984-8a5099c1e675,46032f36-69bc-465a-9b33-a5d560bfd77a,2025-03-05T10:16,8,60.88,Online,Pending
ae296a61-60b6-4634-9e19-5d2050b947f6,f0a6a958-e434-41bf-a830-dffa55a34db5,2025-11-03T10:16,3,57.33,Online,Pending
81ecbdf0-d128-4818-be99-256913903d7c,b014b56e-3263-4b63-8430-46e00bc5ea77,2024-10-11T10:16,2,51.70,Cash,Pending
c8ae20f4-345f-43d2-b271-d104397e8c6a,49af098b-bf79-4643-8e49-739ea932d38b,2024-08-12T10:16,2,17.36,Online,Completed
843478bd-ace4-429b-bb97-f24f6291135d,cf65c4b6-4c1c-420b-95de-23e5b56ffad5,2025-09-13T10:16,9,219.33,Cash,Pending
d93faa87-cd1c-47d1-b769-261f135f539a,27e45431-1333-4ffd-a0c8-be56ffdc5d4e,2023-12-16T10:16,1,26.75,Online,Cancelled
9119f705-8fe1-412f-ba64-e6bc1b2460f9,e6cb1215-5314-4d05-bfd1-f6e5d36e89f7,2025-09-20T10:16,1,9.20,Cash,Completed
8d18b94f-19ad-4639-aba5-aa9192626178,14eace30-1ac2-411e-8eef-98e8f32a87fb,2025-07-30T10:16,9,203.85,Card,Pending
ea37db97-1ba9-4963-b28b-64e05ded7e23,6bd388d4-5636-450b-bacd-55bdcb769bab,2024-08-10T10:16,7,164.85,Cash,Pending
5ec2ed42-6cf3-4a7c-a38a-5f7d90006c5e,4739f27f-7a96-4d52-83ae-0c6fd4c8c606,2024-03-30T10:16,3,89.85,Card,Completed
f7031142-3dc6-4090-9e02-badccfc86801,bf0de251-90d7-423c-8b31-48df1a89964f,2025-03-25T10:16,7,71.26,Online,Completed
f1f494ca-34e1-4724-912c-96b083332321,93cdeef1-3fc3-4a63-a275-0ae87ae6b335,2025-06-03T10:16,8,220.32,Online,Pending
7d2d675b-12b5-4f0d-ad9c-c07373d014f0,5f0f3def-9ff6-4282-ad04-001c4a769966,2024-05-22T10:16,1,7.94,Cash,Cancelled
5b209186-3b4d-444e-a4ff-abb1f441dd9b,caca465c-e9f2-4add-91b5-24c70595e321,2025-08-16T10:16,1,27.43,Card,Cancelled
e47ccad2-de6e-44ae-a758-fdabedcb575a,7a18d550-38d0-40b2-84a7-547162e7e409,2024-05-18T10:16,7,132.65,Cash,Completed
6c94405f-4a0b-4a43-a38b-f0a7ac470785,a190f67b-21df-46bc-8164-46bdfa00af85,2024-05-18T10:16,7,151.41,Online,Cancelled
1d27ff42-9e4d-4422-8934-1be61e4917fc,00d7ae70-0f46-4453-963c-4ab2a3d29314,2024-04-11T10:16,4,92.00,Cash,Completed
65379e05-add3-485a-9863-216124979efb,983d66ae-c8b0-46b8-8abc-26a1055cf729,2025-10-22T10:16,7,101.64,Cash,Completed
6797f8a9-7420-485b-9a7e-f166de66f5a5,02c65c06-56ad-4670-b8e2-10ab417c7154,2024-07-22T10:16,8,157.60,Card,Cancelled
52d9dc10-c0d1-44e7-8970-e6f48111b270,ebe19120-496a-47fa-87eb-2440212a3363,2024-01-11T10:16,4,92.08,Online,Completed
59836e0e-ec04-4fdd-a327-ea0ae5258500,aac35608-9499-49c5-811a-a059e773c968,2025-07-14T10:16,2,18.60,Online,Cancelled
ab9beb1a-4f79-4707-b2c6-46c6b7f5ad36,ebe19120-496a-47fa-87eb-2440212a3363,2024-05-12T10:16,5,103.25,Card,Cancelled
d2dc95c1-1e04-44fa-942a-88f0bf841209,b95f7619-fab2-4df9-8683-1f2aeb93a660,2025-04-17T10:16,3,88.35,Cash,Completed
27b90578-6340-4c9b-a913-176cfd4a71f0,983d66ae-c8b0-46b8-8abc-26a1055cf729,2024-02-18T10:16,3,41.31,Cash,Completed
7274a389-041b-4767-8f37-63fe81195a58,824998a2-7592-4051-ab0b-d5e12743c93b,2024-06-18T10:16,9,238.23,Online,Cancelled
63a6be73-6cef-4ad9-8479-2c5c176a77b0,52fbb114-83aa-432d-b2f1-f3e37a5c4754,2024-02-15T10:16,2,31.22,Cash,Completed
e1c166e3-eea7-4322-8ff8-dfdbd8c796ec,1407e9cf-22c9-4137-a2fe-cc12dc038235,2025-07-10T10:16,3,32.22,Cash,Cancelled
dd9adca6-d83d-4635-a7cb-8c803c4f9312,cd50913f-8c99-4253-9134-0cf5fe5f300f,2025-04-22T10:16,8,218.72,Cash,Completed
70837f28-a970-42e4-8434-867c0106a919,7a2e5fa5-096b-4701-8ce6-7a3db39bf8eb,2024-12-29T10:16,1,18.20,Online,Pending
c04e7310-9224-4217-909c-f5104a50a782,bf0de251-90d7-423c-8b31-48df1a89964f,2023-12-09T10:16,1,17.27,Cash,Completed
5eb95980-abec-4162-a3c1-11ac50ee01e1,485b65e7-fdf4-474d-afba-37986d8d3cd8,2025-07-14T10:16,1,25.61,Cash,Pending
361360f3-396a-460c-8497-851e340fcc84,b047b369-02d0-4f25-9af0-f1e883228863,2024-11-06T10:16,2,57.62,Online,Completed
5da6bb90-c6d2-4ef2-9898-a808d647fb73,ceafdb2a-788d-48e0-acdd-bd533a2e7ab6,2024-07-29T10:16,4,117.84,Card,Completed
dffcbf83-f141-4f45-96b8-0e021196433a,1a48aa9a-def3-481d-922a-94300aa97309,2025-03-24T10:16,1,22.74,Cash,Cancelled
4f43aaf3-c285-4480-a016-fac8f3779c4e,d3f641e5-b8b5-4f5f-9155-7768df2033e8,2025-08-10T10:16,6,77.10,Card,Cancelled
77b98376-3c47-444c-89b3-85ecc34f96a8,d5cfb1a3-ce2f-4aff-ab4c-50e0c5426af1,2024-04-01T10:16,1,11.07,Cash,Cancelled
3283675e-2f33-4d7b-90db-ad2a1c4b4d29,b6c26110-1b77-4777-8c79-c69ec19b66df,2024-03-03T10:16,9,104.13,Card,Completed
bdcb393b-9666-47d1-b2c4-048265c7c134,ceafdb2a-788d-48e0-acdd-bd533a2e7ab6,2025-09-15T10:16,1,16.58,Online,Cancelled
64df16e5-b2c9-4505-884d-c9cb07144a87,1a48aa9a-def3-481d-922a-94300aa97309,2024-05-31T10:16,7,53.27,Cash,Pending
89f2b3f0-beb4-41a7-8121-90f64e64ca86,9305d562-2505-493d-8ed8-3fb721c8f491,2024-02-06T10:16,7,94.85,Cash,Completed
6c72d3ad-a7e4-470e-a1cf-24e47a3c712e,74e76582-f1b8-4560-b049-8aebb59d4721,2025-06-05T10:16,1,16.57,Card,Cancelled
f49b356b-8c0b-4fdc-b834-8c4ba3691a43,68169a66-a8d4-4763-914e-7befc826445b,2025-02-12T10:16,5,99.20,Cash,Pending
3e290282-afa7-4645-bf43-b6a2ebc74815,f6c35464-33dd-44a7-bf84-071f2e427045,2024-09-28T10:16,5,147.85,Card,Completed
52027443-1990-4a85-b7c5-d95e130e3619,93cdeef1-3fc3-4a63-a275-0ae87ae6b335,2025-11-07T10:16,2,43.50,Cash,Cancelled
cf5cc3ef-00b0-410e-b3a4-d24efd99549b,4e6807ca-aed8-4ec9-b1b0-0e3aba57efb1,2024-12-31T10:16,6,175.14,Online,Completed
b6c7d4b1-c6fd-4f4e-848f-8925f1214dce,bb6ceda0-3f7a-4dfa-9862-41a88dd468b2,2024-09-06T10:16,9,197.01,Card,Completed
52d2cc86-06cd-4da1-a223-386eb524c640,941529ef-2114-4bff-907a-4596ff4593a1,2024-09-16T10:16,9,112.32,Card,Cancelled
afeff71b-efdb-4378-94ad-7fb9ed678d17,c0d74d86-5c5b-481d-b8e3-61eeb9c77255,2024-09-15T10:16,4,71.48,Cash,Completed
38ab17e2-a8ad-4776-a57c-44193282e514,e119f98a-df63-41dc-8e01-bb49ca2dc724,2024-07-27T10:16,3,41.61,Card,Pending
f6517513-a8f8-4562-87b1-c0e43eb74bb2,0d463f72-c3a1-4a2b-8d0d-1721a0d1a06b,2025-01-19T10:16,4,40.92,Card,Pending
70aeb0ef-4ff7-410e-a740-b3b167d47735,d87f31d7-79ef-4c17-856e-142e791b04da,2024-11-04T10:16,8,57.52,Card,Pending
bdeefba7-ba3a-42f1-bd8b-3b7f5d305559,67c276b0-7be6-4f3c-bf86-c342095c8112,2025-04-29T10:16,3,89.64,Online,Cancelled
9327168c-aa5a-423e-99bf-e7dce0749ac6,99c406e7-092b-4eeb-bc08-56fc041c253d,2024-07-20T10:16,8,78.24,Card,Completed
74bb1e1d-fb33-4daa-a419-ebe52381a0fb,63846b60-b7be-4087-ac6e-56c9bc130a20,2025-09-23T10:16,9,201.33,Card,Cancelled
055917e3-1a98-4f51-84aa-68b26bda460f,5eb75bc0-d5fa-4209-9d42-7767f3f0585b,2024-08-28T10:16,1,17.08,Online,Pending
2b9d349a-a55b-43f1-9838-197c900cc574,fdb5454e-2230-489e-ade4-9218ff28cbd8,2025-08-20T10:16,8,155.44,Card,Pending
a6c7ad52-b62e-408a-bafa-4eff6e6b9def,8f7f530b-bb30-4a05-b437-744ed30af54f,2025-02-01T10:16,9,86.67,Online,Completed
96a9f33f-0cdf-4feb-a1d8-5359276609ef,bb6bf39c-f455-4e08-a59e-1bdaaa91d4aa,2024-05-04T10:16,4,24.00,Cash,Cancelled
30bfe7b0-ec42-4fbe-8eb1-c6385fa5dbfd,bf0de251-90d7-423c-8b31-48df1a89964f,2024-01-19T10:16,3,51.78,Card,Completed
72a0665e-902e-48b5-b597-6c07aa2ca9c3,365c90d0-a590-4209-9401-2ce55af5ed98,2023-12-05T10:16,4,32.08,Online,Completed
950421cb-5859-4ef6-ae15-2cbb47664372,0b2a0e9a-e050-4380-b607-57adcbbf59d4,2025-04-10T10:16,9,56.79,Online,Cancelled
4b1ae01c-c98f-45d0-bed8-09fe3b702a84,bf0de251-90d7-423c-8b31-48df1a89964f,2024-04-29T10:16,3,21.60,Online,Cancelled
2d8b93eb-9ba5-4848-ae11-84c9229d0301,000f9c8f-2fc7-4346-844d-c04f10751265,2024-11-17T10:16,9,77.13,Online,Pending
67337e53-08a1-482d-9296-2429d46084b1,09ba4183-1b94-4f8c-bc5f-eca421a88524,2025-09-28T10:16,6,154.98,Card,Completed
a84a2125-717d-4400-857d-d9f4044bde4f,964d337f-acd5-4ca2-8843-9be3f2eb60fc,2025-10-16T10:16,9,218.88,Cash,Cancelled
88b642f2-abf3-4326-8427-813ef669ab56,7a2e5fa5-096b-4701-8ce6-7a3db39bf8eb,2024-11-14T10:16,8,142.96,Online,Cancelled
99900f42-aa63-4571-a38a-7ca4efb045ae,9b9edd1e-b4f7-414c-b8b5-a3dc51fa0a8c,2025-06-09T10:16,2,21.68,Online,Completed
81c7dfe6-494a-4391-89de-d6b71a33d809,0e0d5f13-edd5-4ab0-9ddd-3df111bedc5a,2025-03-11T10:16,6,153.24,Cash,Cancelled
93e5e6fc-ffc9-453d-88e9-5d9e3dfd91a3,99c406e7-092b-4eeb-bc08-56fc041c253d,2023-11-19T10:16,6,150.90,Card,Pending
6cb98892-06f4-4703-a64b-aa19f788c794,0a15d43b-8f6b-444a-bef2-ffbddfdbd16f,2025-10-22T10:16,5,123.35,Card,Pending
75cc19a5-09af-4452-a87d-6bef1694da7c,2ca088cd-c6c6-4e60-a1a4-d2990ee21b12,2025-10-31T10:16,5,58.50,Cash,Pending
76c8d7db-0928-480f-8700-3575fbcab52d,09ba4183-1b94-4f8c-bc5f-eca421a88524,2024-01-21T10:16,4,103.28,Online,Completed
017b619c-fc69-497a-ba03-9e2a2bad7c05,0a5a9fc7-e126-48f0-99aa-dea85c606f66,2025-10-07T10:16,6,105.42,Cash,Completed
6bab0541-b574-4a5d-b813-3b6c6a96ef7a,0a570207-0f70-467f-bbeb-44a0a60a9a25,2025-11-07T10:16,9,67.05,Card,Cancelled
88656d20-1b01-464b-b8c9-f419d82f155e,b95f7619-fab2-4df9-8683-1f2aeb93a660,2025-06-22T10:16,1,27.03,Cash,Pending
05d451a6-1225-4797-8ae0-4665d4c0f10e,dcfb3d05-846d-4915-99f3-ebbc7559d972,2025-01-19T10:16,9,54.90,Online,Pending
21f746ef-9036-4276-9653-03a40c0db84c,bb9edfa8-17f7-4f6f-8e3b-616693a298b1,2023-11-29T10:16,1,27.14,Online,Cancelled
97c44028-23c8-4394-ac72-39a6996d1609,62a2bfef-ca4a-4dec-90ea-bf15ea1880d2,2025-10-27T10:16,8,86.80,Card,Cancelled
230bb1e0-9e82-4130-9863-260e40ba0256,7a18d550-38d0-40b2-84a7-547162e7e409,2025-03-10T10:16,6,82.68,Online,Pending
c36fdddf-73c2-4c89-ae5a-6c8a912bf3b0,4bb2d776-14c0-4ef6-b8ba-c580cbed72b8,2024-03-16T10:16,6,89.04,Online,Pending
d0c65322-5661-4d61-8e9b-c290197264c0,7a2e5fa5-096b-4701-8ce6-7a3db39bf8eb,2025-02-16T10:16,7,44.73,Card,Completed
d1ccb71e-79d6-4746-8c0d-53b2c5ff7611,ba5d9947-b043-4aca-8ee0-6b77895cf8e8,2024-05-06T10:16,5,88.00,Online,Completed
cfbcb1fa-3aae-47a8-abbd-df592d0cecca,1233cc27-7567-48e0-8dd2-6b0019506c2f,2024-02-29T10:16,3,72.09,Card,Cancelled
fda4040c-7f82-47d4-b93c-0fc3e5f66590,885715b6-b1eb-44ca-8460-28c0343e56f3,2024-09-25T10:16,2,37.66,Cash,Cancelled
028cc0c5-ebb5-4781-b22b-db2f27b4f454,4bb2d776-14c0-4ef6-b8ba-c580cbed72b8,2024-06-13T10:16,9,136.98,Online,Completed
f4143a21-e8b9-45bf-8509-dc5e90744e46,9b9edd1e-b4f7-414c-b8b5-a3dc51fa0a8c,2024-08-24T10:16,5,67.60,Cash,Completed
01293c5d-4daa-41cb-a342-40e3d2b811a9,8e1bbe6c-7b75-46dc-8ca1-0b1664cd6ae4,2025-08-20T10:16,8,238.88,Cash,Pending
2a9f0a58-e333-4200-b326-f56a20f5c149,e38afcd9-9e08-47ba-bc92-5ebb4bc271eb,2025-07-14T10:16,2,39.18,Card,Completed
4cff17c3-5b4a-4d56-9ef0-8b65779f22a6,e12c3d24-86c8-474f-b86b-370df36adbfe,2024-01-30T10:16,8,93.92,Online,Cancelled
177032c5-9077-42bc-80b8-9cbe87f8aded,8f7f530b-bb30-4a05-b437-744ed30af54f,2025-05-09T10:16,7,188.72,Cash,Cancelled
dc64b117-5c26-42bd-b33e-cdbd93ed4265,b014b56e-3263-4b63-8430-46e00bc5ea77,2024-12-16T10:16,4,95.08,Online,Completed
633d4211-0609-4221-aebf-3372974889e0,209e786b-2a61-4e52-a3b2-1cc98bcbf18c,2024-03-05T10:16,5,30.15,Cash,Completed
f7c553e8-0179-4597-9c84-147a86ff157a,b03f75c1-655f-4480-a2bf-1a0af806e96e,2024-08-21T10:16,4,51.88,Online,Pending
ebb3edf5-25ba-412b-98c6-c5cc531a610e,515fe1d2-d33a-4b9d-8c19-07e0cbe81a9a,2024-07-27T10:16,4,115.36,Online,Completed
4a4f98f9-504e-4998-946d-d3cd0398d66c,89d26a00-0fde-4c03-8430-b06f6bc3f33a,2025-10-25T10:16,5,128.15,Card,Cancelled
933e7b03-d08b-4686-853a-72eba42bd165,e886c155-0dae-4b36-88f5-a86fa474d1f6,2024-01-18T10:16,6,105.18,Online,Cancelled
c17c2a6b-782f-47c5-b7ac-d041095672a9,3befa4dc-d961-4a3a-9410-d43d1bdaa335,2025-09-20T10:16,6,138.18,Cash,Pending
90871f92-0b62-4fdc-bc03-1f482e8fadec,6945f6f4-b8f9-4d04-90ff-e59ed705578e,2025-07-28T10:16,5,41.20,Card,Cancelled
5c5641ee-1700-47a0-9ca9-6b0598799546,9305d562-2505-493d-8ed8-3fb721c8f491,2024-05-12T10:16,7,144.06,Card,Pending
d2df2e56-20a0-451f-bcf1-484e2645e381,4717d2a3-4b2a-44f1-b960-a2b73e2d23fd,2025-07-19T10:16,5,82.10,Online,Pending
8f6a42f0-37ee-4ea7-8468-729a5473bbe4,e38afcd9-9e08-47ba-bc92-5ebb4bc271eb,2023-11-26T10:16,5,52.65,Cash,Cancelled
b4483cb5-b81d-4563-a604-df60cc84d729,aff4340c-d102-49ba-af8e-84d2737ce82c,2023-12-01T10:16,2,48.02,Online,Pending
5ed30db4-0a19-4846-873b-77a94c0dcedc,1233cc27-7567-48e0-8dd2-6b0019506c2f,2024-02-13T10:16,1,15.43,Online,Cancelled
92f1a64e-2593-46e8-af76-80ca3c20f462,02c65c06-56ad-4670-b8e2-10ab417c7154,2024-04-11T10:16,5,69.15,Card,Pending
81ce3061-7177-4ff1-a595-efc7b11d0526,058b9c75-b72f-4594-80d2-e41194ff7672,2024-11-09T10:16,6,141.84,Cash,Pending
9df52794-c37f-4764-9393-c5da66076f3d,5eb75bc0-d5fa-4209-9d42-7767f3f0585b,2025-03-21T10:16,8,41.12,Card,Cancelled
7345cdf7-2c3d-408a-9958-9102fc6a3794,9fa382f0-8393-48db-ad30-43c953282401,2024-12-26T10:16,5,126.85,Card,Pending
a4cc6410-0be7-413e-a76e-f8da395fc8d8,b3688304-b24b-416a-9bf4-c2b6aaeb59d3,2025-04-30T10:16,4,46.56,Cash,Pending
08df1888-cf07-4bd9-a78a-3f309807039b,0130fcd4-a6cf-4a72-8400-7bcae1abce34,2025-03-26T10:16,3,60.63,Card,Cancelled
504e5636-4edd-4d2e-b83e-e133f5f7cd5a,bb6bf39c-f455-4e08-a59e-1bdaaa91d4aa,2025-01-15T10:16,8,123.84,Cash,Completed
daf4cb46-c619-42a7-83f7-ec841cbbe397,3910ab11-8758-4a4f-8a9b-c4f5df7413c4,2024-10-19T10:16,3,79.80,Online,Cancelled
514e3461-b778-4fd2-be92-ecc8f3fc5815,caca465c-e9f2-4add-91b5-24c70595e321,2025-02-21T10:16,6,159.06,Cash,Completed
42140fce-ccfe-4e1a-a92c-fd0edea3d594,7a2e5fa5-096b-4701-8ce6-7a3db39bf8eb,2023-12-22T10:16,6,177.24,Online,Pending
e0c705de-1d95-487c-aa71-16514925b688,485b65e7-fdf4-474d-afba-37986d8d3cd8,2025-01-22T10:16,7,38.36,Card,Cancelled
c93a5ef0-ee03-4596-a77f-5cc0c66c7237,b90a3a7f-421e-47e5-8598-fe50f365a62e,2023-11-21T10:16,1,24.79,Online,Pending
4978293c-1d8c-4bb0-908f-e1c66f1f12a5,89d26a00-0fde-4c03-8430-b06f6bc3f33a,2025-09-09T10:16,5,111.35,Online,Pending
79324c9c-28ac-4c10-840b-63fcea8c3b41,4717d2a3-4b2a-44f1-b960-a2b73e2d23fd,2024-05-28T10:16,5,86.10,Card,Cancelled
c354d3e8-3aa5-4970-9f5d-ba4f76570586,69446e90-4237-4410-ab55-e011eb04cce0,2025-05-13T10:16,9,71.64,Card,Completed
a9891db3-8c2b-48d6-b7ea-491ebadae700,cb8747c7-32ca-4b6b-868d-13ab01d953ec,2024-11-11T10:16,8,154.96,Card,Cancelled
a1c0da9e-1271-43c7-8c7a-a729bda2a0a0,c0d74d86-5c5b-481d-b8e3-61eeb9c77255,2024-12-22T10:16,8,116.16,Online,Pending
8f4b4633-f087-449e-b32e-af43c8d60b4d,98b17fed-218c-4f20-8410-9f0edfc74455,2024-11-16T10:16,8,55.84,Online,Pending
76e2dfd4-0f23-4854-9f13-87074591621c,401a6911-a31e-4892-adc1-56e3e1eb090a,2024-12-01T10:16,9,257.22,Online,Completed
ff545175-c3c3-4e82-95f7-d6f3353a69c7,65b2c0ea-6192-47fc-9286-2c1dd3ecefb1,2025-04-09T10:16,6,175.26,Cash,Completed
29304811-a0c1-4d84-855b-1071261b6bc5,3befa4dc-d961-4a3a-9410-d43d1bdaa335,2024-06-25T10:16,5,104.50,Cash,Cancelled
8fded011-3e50-4486-9e6b-56bd9e21fe70,52c87fd9-fdf0-4256-b929-6153ad24a0ac,2024-04-22T10:16,3,52.56,Online,Cancelled
d0223d57-e955-4faf-9d3d-c379d0111204,bb6ceda0-3f7a-4dfa-9862-41a88dd468b2,2025-07-14T10:16,9,227.43,Card,Completed
de0f4896-3c5f-4e28-901f-754faca1e0f5,1a31c678-d420-495a-aff3-0f1609514e1e,2025-10-15T10:16,8,190.96,Card,Pending
9d49a5dd-71d5-41b8-90c1-18a4fada515c,89d26a00-0fde-4c03-8430-b06f6bc3f33a,2024-04-09T10:16,9,122.22,Online,Pending
100b2a64-a0dc-4db5-8856-8b8aed2f4e8f,6f61ca8e-51a1-48e0-abfa-88326e713e34,2024-01-14T10:16,5,27.05,Card,Cancelled
16081e47-d8ee-4b1f-86fe-84c69c7cd052,9c53f3f8-5b22-4d77-bd76-cfa6c70e443c,2025-09-04T10:16,7,85.54,Online,Pending
5cef67a3-3411-4047-aafd-8766853e1237,e119f98a-df63-41dc-8e01-bb49ca2dc724,2024-09-17T10:16,9,133.56,Card,Cancelled
ccf939f8-7e54-41d7-832a-f0577cb8a49c,7509850a-5062-4da9-aad6-bc5b9e363ef1,2024-03-26T10:16,1,29.74,Card,Cancelled
b5c8b303-845a-46ef-a897-41adc18ff52a,53db1213-7316-47bb-9099-c1def0e3c96b,2025-04-02T10:16,1,14.13,Card,Completed
26a4edab-0193-41d5-95a8-91f44b8a8712,e7991221-0de0-4ef8-aa9c-ca3b59197059,2024-12-01T10:16,5,148.15,Cash,Pending
1cb04c67-e558-4bdc-b785-a0a7702003c4,bfa3444b-2be9-46be-b944-720d86a59770,2025-03-28T10:16,8,218.48,Online,Cancelled
726ce116-9fdc-4010-aadc-352dfbe439e1,941529ef-2114-4bff-907a-4596ff4593a1,2024-06-22T10:16,1,21.34,Card,Completed
b1db08f4-008a-40fc-a0db-951183bac9ef,65b2c0ea-6192-47fc-9286-2c1dd3ecefb1,2024-06-19T10:16,5,83.00,Online,Pending
f39c08fa-fe91-4a5d-bb6e-9de53d7de5aa,0a15d43b-8f6b-444a-bef2-ffbddfdbd16f,2024-11-05T10:16,4,117.24,Cash,Completed
692e5845-f466-43b6-883f-c7e73afccc33,b6c26110-1b77-4777-8c79-c69ec19b66df,2025-03-15T10:16,6,48.66,Cash,Pending
929a4b25-3a37-4fa2-a582-7f71e303a44a,73a2b03c-2dca-486e-8ebc-c4d6bb68a8c6,2024-10-05T10:16,9,128.70,Cash,Pending
bda8bf04-39c2-4959-b6cc-b52f5db97624,d87f31d7-79ef-4c17-856e-142e791b04da,2024-01-04T10:16,9,48.87,Cash,Completed
ffb2ecac-d97c-45bc-8227-7fec19113939,52fbb114-83aa-432d-b2f1-f3e37a5c4754,2025-01-15T10:16,3,18.81,Cash,Completed
69308ff1-e85a-4204-8dd6-f11c492f8d62,9305d562-2505-493d-8ed8-3fb721c8f491,2024-06-19T10:16,2,30.20,Card,Cancelled
943b70e8-9957-46d1-9153-9178f7c30d7d,99c406e7-092b-4eeb-bc08-56fc041c253d,2024-08-24T10:16,9,181.26,Cash,Cancelled
807b9de5-4584-464b-a3cd-b50bda05a36a,9305d562-2505-493d-8ed8-3fb721c8f491,2024-08-13T10:16,2,53.86,Card,Cancelled
2227fd28-d04a-41a2-97aa-5ffc811855d7,05ccd8a5-ea5f-4353-bd1e-3022152b0685,2025-06-24T10:16,3,35.58,Online,Pending
d0020231-860a-49d4-b2ef-167c95fbb7e7,bf0de251-90d7-423c-8b31-48df1a89964f,2025-10-20T10:16,3,45.69,Cash,Pending
d6f23df6-53e0-4bc1-bebd-dd213d2dd175,4b14a58c-f1e4-40b6-888d-a88cd7055099,2025-06-24T10:16,2,13.54,Online,Pending
609037dd-7298-4415-bfef-ee64b0dbd7e8,d7af10ce-45c9-4fc8-8dd8-b1c5491aad5f,2025-01-01T10:16,9,265.68,Card,Completed
6544e5ba-7be8-4098-9e49-7aa7ffb92a22,6c3bf618-a715-40f9-9faa-cfc5f5beef2f,2024-08-21T10:16,7,74.97,Card,Pending
27928e25-930d-447c-8a85-de6bfcb0a6a7,e12c3d24-86c8-474f-b86b-370df36adbfe,2024-01-20T10:16,9,131.49,Cash,Cancelled
a3efb74f-6fc4-4ae2-93d0-f560ee994cb5,74e76582-f1b8-4560-b049-8aebb59d4721,2025-06-04T10:16,8,158.40,Cash,Cancelled
3d48ead6-058f-48ec-b29c-dae9d0e99b4f,0df3bae1-6384-4856-aa27-aef9f6c48b75,2024-07-26T10:16,1,15.86,Online,Pending
d9597cee-89b3-4e5d-8de4-831885e68347,67c276b0-7be6-4f3c-bf86-c342095c8112,2025-06-08T10:16,3,27.03,Online,Cancelled
4f25c023-0c26-4784-a1e8-cef33aca4fc0,6aaabc79-3d35-410f-bb96-f86a3930d0ff,2024-08-24T10:16,2,32.70,Cash,Cancelled
eb5f23c3-682f-46f9-9a67-0c9f580c23b8,63846b60-b7be-4087-ac6e-56c9bc130a20,2023-11-29T10:16,8,229.52,Online,Pending
b25c4e07-a5ca-4442-9321-5f595d76c7fe,9fa382f0-8393-48db-ad30-43c953282401,2025-01-17T10:16,5,83.65,Online,Pending
05112f55-fbea-433f-9fb1-4deae93cffa6,6b1178fc-1745-401d-88da-3903c243ebe9,2025-11-05T10:16,9,97.65,Cash,Pending
57293b9d-af80-4adc-beab-c0a2283af5c0,941529ef-2114-4bff-907a-4596ff4593a1,2025-10-29T10:16,2,19.20,Online,Completed
dee5add9-5797-4bff-8496-200634e258d5,d5eaf6a7-76cc-48ec-98d9-ba713e2df70f,2023-12-07T10:16,6,101.82,Cash,Pending
c6b705d3-ccd6-4e14-b56d-dd3aa1f0ff0e,7169ef0c-f2c8-4ae3-83f6-87691664d2d2,2024-01-30T10:16,5,100.30,Online,Pending
1ddf6419-b96d-4a2d-8ed7-bfcc64fc19d5,4e6807ca-aed8-4ec9-b1b0-0e3aba57efb1,2025-07-19T10:16,5,40.70,Online,Completed
3752cfd3-f069-42a2-94b8-18b389123037,4e44f26d-5455-405b-8fdb-63ab8b739ecf,2024-10-08T10:16,8,174.00,Card,Completed
7b2188c7-efd0-411a-a8d3-79c9370445ef,1a48aa9a-def3-481d-922a-94300aa97309,2024-10-04T10:16,8,136.24,Online,Completed
0d9cf421-db5c-4e53-b859-5d885b5628e1,b04ce307-2d1f-4214-b023-d8f4379041a1,2025-07-31T10:16,5,68.80,Cash,Cancelled
4062f905-d833-47d9-90a1-b147c70e67c1,2a109685-1399-4149-8951-fba29bb0360d,2024-01-10T10:16,4,24.72,Card,Completed
511e93e2-44d5-453c-9856-1611aafcf159,89d26a00-0fde-4c03-8430-b06f6bc3f33a,2025-01-07T10:16,8,91.36,Card,Pending
432e39ea-6084-410d-85a2-4bea9af776d5,fdb5454e-2230-489e-ade4-9218ff28cbd8,2024-04-23T10:16,7,198.87,Card,Pending
db7d0a0c-afbd-4019-98f2-c663a8daa39a,4f6ae324-5b6d-47d6-a86d-26ec6fbe1e0e,2025-05-10T10:16,3,15.75,Cash,Completed
6c84a503-58b8-49a9-96fe-55aabffb06bc,93cdeef1-3fc3-4a63-a275-0ae87ae6b335,2025-10-08T10:16,3,81.00,Card,Pending
bcfb690e-85ae-4787-ab90-f832e32ab0a0,6aaabc79-3d35-410f-bb96-f86a3930d0ff,2024-05-04T10:16,6,164.52,Card,Cancelled
dfca9d80-1a9b-4041-9c23-886200f85f6b,0e0d5f13-edd5-4ab0-9ddd-3df111bedc5a,2024-02-16T10:16,2,51.48,Card,Cancelled
6076df0c-a7bf-4a76-9b22-b0a1414e4747,1eeb9c5f-5b7a-47af-b4f1-5a50d9d1089c,2024-10-14T10:16,7,119.70,Online,Pending
ed62f1e6-6c16-442c-a385-d955fa450703,5f6e51da-5f01-4c9a-85dd-7d50ef37e5d7,2025-04-25T10:16,3,63.30,Cash,Cancelled
2d202e6a-3d1a-4dbb-af87-35ff40c92173,5d6f84a5-a4de-442e-99b9-b8ef714b4436,2024-07-21T10:16,4,63.76,Card,Cancelled
f63c8832-a82e-4ba7-9aa1-d8a9a0b2967c,401a6911-a31e-4892-adc1-56e3e1eb090a,2024-05-05T10:16,7,87.15,Card,Pending
acdbc9da-36a0-4724-971a-a0adf615bcf4,25659c0e-6eb5-4c57-add8-fb6ac5f42699,2025-08-01T10:16,5,73.00,Online,Completed
6e6bb5fe-ab97-4fc8-80dc-e8a49399034d,6f61ca8e-51a1-48e0-abfa-88326e713e34,2024-05-13T10:16,2,33.06,Card,Completed
1fc9cfe3-f1b6-4484-8135-d2e63ec6f8a3,90f0db1e-2b19-43f7-ba17-233c7c214eca,2025-07-22T10:16,3,27.21,Card,Pending
141f3a29-8d6e-4ab9-b1d9-a431267559c0,56a75a3e-a944-4147-8cba-f1024726993f,2024-11-12T10:16,1,26.83,Online,Pending
a5ad5304-5040-4d7c-a87b-06f03d519679,26d032f1-9fe9-487a-987a-a8be14e1db05,2024-03-14T10:16,3,16.53,Card,Completed
713ff81b-45ff-4c41-9683-eda0324f4f49,e277d099-db2a-4aee-ab86-8b0e73a34383,2024-11-29T10:16,1,23.83,Online,Completed
bbb498bf-b12d-4a0a-8bc3-dc627be39123,b95f7619-fab2-4df9-8683-1f2aeb93a660,2024-07-06T10:16,6,101.94,Cash,Cancelled
8f235499-957a-4e10-bc3f-bec51c7c612f,aac35608-9499-49c5-811a-a059e773c968,2024-05-30T10:16,7,143.64,Card,Pending
c98e1a2b-6faa-47c9-a695-b18a085eee8c,7a2e5fa5-096b-4701-8ce6-7a3db39bf8eb,2025-01-18T10:16,3,64.44,Cash,Completed
720cb34b-5ae8-43bf-b8c5-c54637c5dc41,71f17b36-2c37-4cfa-bf8a-894fa94c0e9b,2023-12-24T10:16,2,45.78,Online,Pending
f92e4f9b-ae15-4548-a533-4bfedcbeb0a0,90f0db1e-2b19-43f7-ba17-233c7c214eca,2024-12-29T10:16,8,53.20,Online,Pending
ae9b2009-93cb-4fe3-a5b6-1c829936b652,058b9c75-b72f-4594-80d2-e41194ff7672,2025-04-22T10:16,9,179.37,Online,Completed
3cb5cf6c-00ea-4f06-a95a-e408ff976364,c5817fdc-a4dc-4879-b957-30cfda62016b,2024-05-14T10:16,6,39.30,Cash,Pending
0c81b3ea-0e06-406f-a7ac-0d91883c2ad4,7a18d550-38d0-40b2-84a7-547162e7e409,2025-01-31T10:16,9,154.89,Cash,Pending
b9bb533f-7149-4bb5-b389-cad107e64429,e886c155-0dae-4b36-88f5-a86fa474d1f6,2025-07-26T10:16,9,116.10,Cash,Completed
593dbf07-6a75-408a-affb-ab46f8b03d11,68169a66-a8d4-4763-914e-7befc826445b,2025-04-15T10:16,2,39.34,Online,Pending
2d3347f3-e3fc-4369-8ff1-41ab790eb37a,74e76582-f1b8-4560-b049-8aebb59d4721,2025-06-01T10:16,8,216.00,Cash,Cancelled
4f3e2305-ea08-4f18-876a-646b2a51db6b,65b2c0ea-6192-47fc-9286-2c1dd3ecefb1,2025-10-20T10:16,5,92.60,Cash,Cancelled
c6ba478d-01ca-45a1-a767-f762284c6e9b,401a6911-a31e-4892-adc1-56e3e1eb090a,2024-05-18T10:16,7,188.51,Online,Cancelled
984568e3-d128-4706-8c61-32ad99cbee19,953417c6-cd52-45e9-9ca0-bb450653c934,2025-07-07T10:16,7,198.94,Cash,Completed
d1779cf8-6190-4dc3-923b-b0c472783d7f,c3ffc43c-0c11-40fa-9824-f234161741d0,2023-12-25T10:16,6,121.14,Cash,Cancelled
0ca66ece-da34-439c-92d3-51e47ec2785d,52fbb114-83aa-432d-b2f1-f3e37a5c4754,2024-10-20T10:16,2,12.88,Cash,Pending
beba9d83-d834-4210-a072-1b69fefbe692,65b2c0ea-6192-47fc-9286-2c1dd3ecefb1,2024-03-12T10:16,7,57.54,Card,Cancelled
537ba59a-4c7c-4262-b8e8-b61ac89fbc3c,39cb44e2-a541-4b98-bc0b-db5f31cf8710,2025-01-28T10:16,8,177.36,Card,Cancelled
d7ed4d65-ff3f-4268-a7ad-8e36f35e0636,fdb5454e-2230-489e-ade4-9218ff28cbd8,2025-10-03T10:16,9,111.24,Online,Pending
f81843a9-6880-4c39-a630-ff313b3049c6,60cd80b6-3967-4dae-b4df-adc7b5644971,2025-09-13T10:16,1,25.56,Online,Completed
9fbad316-2cd8-424f-9495-723994385dbe,0b2a0e9a-e050-4380-b607-57adcbbf59d4,2024-03-03T10:16,9,250.65,Card,Pending
a5a86c45-8d1a-4e71-9e00-2186c967c40e,b95f7619-fab2-4df9-8683-1f2aeb93a660,2025-07-05T10:16,4,50.56,Cash,Completed
02effee4-6d3b-43d3-9c25-815ef422564f,910b1d47-5c37-48b1-8bde-96c60660f1d7,2024-07-05T10:16,2,57.32,Card,Cancelled
d801a3b8-c04b-4248-a03f-f65dfeb3b09c,68169a66-a8d4-4763-914e-7befc826445b,2025-10-19T10:16,2,47.10,Online,Cancelled
4d6444ff-c1d8-4bf0-8819-62c64c0f592e,7c991f43-c18b-4404-8826-97691b0dc00c,2024-07-03T10:16,2,54.38,Online,Pending
98d6f2d6-15db-4b0a-a655-627969ac8a11,27e45431-1333-4ffd-a0c8-be56ffdc5d4e,2023-11-15T10:16,2,48.38,Online,Pending
51a71fc2-6ac3-498d-b51f-5051f84250c0,4739f27f-7a96-4d52-83ae-0c6fd4c8c606,2024-06-21T10:16,5,26.05,Card,Pending
e47120a1-2c5e-40ec-8f81-7afb5093ad28,b014b56e-3263-4b63-8430-46e00bc5ea77,2024-12-05T10:16,2,42.20,Card,Pending
b6d602fd-589c-4c07-b44f-130b0a605003,910b1d47-5c37-48b1-8bde-96c60660f1d7,2024-10-02T10:16,7,157.01,Online,Pending
b7ce2d0e-5663-404e-bd8a-03e3a1861b21,71f17b36-2c37-4cfa-bf8a-894fa94c0e9b,2024-04-10T10:16,9,150.03,Cash,Pending
41565a2a-bc0a-4a92-bb09-65deceea6283,e6cb1215-5314-4d05-bfd1-f6e5d36e89f7,2025-05-30T10:16,7,145.46,Cash,Completed
98f1b2a7-f12a-4f95-a515-0b97068c4650,00d7ae70-0f46-4453-963c-4ab2a3d29314,2025-07-10T10:16,3,80.85,Online,Cancelled
7d0d2e97-e391-4503-b676-bb36185014a4,d3f641e5-b8b5-4f5f-9155-7768df2033e8,2024-04-20T10:16,7,132.51,Card,Cancelled
8d8c5dcd-5fd1-4319-9fdb-1696f859dede,3befa4dc-d961-4a3a-9410-d43d1bdaa335,2025-05-13T10:16,8,144.00,Card,Pending
0a41b232-a0a4-4a22-bee6-856996f7c15e,a5ffc907-be77-43e6-8694-4a0bf09bd3fb,2024-05-07T10:16,6,144.36,Cash,Pending
a1516a22-0f96-4c7a-b206-fc3041ef5aa4,6b1178fc-1745-401d-88da-3903c243ebe9,2024-08-25T10:16,8,53.28,Card,Cancelled
f0a850ec-18cc-45f0-b771-a02b9fbd3c71,0a570207-0f70-467f-bbeb-44a0a60a9a25,2024-05-07T10:16,1,24.65,Cash,Cancelled
ccba5f0f-7173-482a-9696-d8d6e1ce90ae,ebbc7df0-770d-44f8-b0ff-c62f9006e40e,2024-02-08T10:16,9,88.56,Online,Cancelled
0c6a01ac-f50e-4e56-a97c-808c240a0d59,4739f27f-7a96-4d52-83ae-0c6fd4c8c606,2025-04-13T10:16,2,51.68,Online,Cancelled
aa0e1c9e-1ee8-4f8f-9b0c-16f1f636700b,0a5bd884-b432-4ce5-b14e-44b4aedd4c0f,2025-08-23T10:16,3,70.05,Cash,Cancelled
be25e673-ca65-447b-b92c-242aa145ef87,5f6e51da-5f01-4c9a-85dd-7d50ef37e5d7,2024-11-06T10:16,2,45.20,Online,Completed
2001914e-7379-44bd-9e71-c82911c4d8c8,cd50913f-8c99-4253-9134-0cf5fe5f300f,2024-10-10T10:16,3,76.05,Cash,Completed
8f8a1370-9298-4265-bc82-85889669314b,0472ca7f-b133-4710-8f43-24a3c6c1afd1,2024-05-28T10:16,7,177.73,Online,Pending
3c01964f-93b5-446d-a79f-24f027d297b8,89d26a00-0fde-4c03-8430-b06f6bc3f33a,2025-05-07T10:16,5,101.95,Cash,Pending
5ae44c15-7e78-4870-b802-059c80890df1,401a6911-a31e-4892-adc1-56e3e1eb090a,2024-08-03T10:16,2,14.12,Cash,Cancelled
543df8ee-5f3a-4b22-aee1-c37857b18ee2,bc58b12c-65c4-4f21-89ef-3e492a22ef7c,2024-06-07T10:16,7,87.50,Cash,Completed
fc3803bc-09f9-4c9c-bd49-ca4c974adc2f,058b9c75-b72f-4594-80d2-e41194ff7672,2025-09-29T10:16,5,61.95,Cash,Completed
18a69fd1-501d-44d9-8533-d16b9a0892b7,7d2df59f-386d-4aec-85a8-2443262a0cb4,2025-02-08T10:16,7,197.54,Card,Pending
cb6f5b66-0e91-412e-8657-fe585078e262,9305d562-2505-493d-8ed8-3fb721c8f491,2023-12-07T10:16,4,90.96,Cash,Pending
0b5ed79f-5c76-4d70-8462-5156e10a904d,6e6d2c67-f7fb-4a98-8f9a-4822259b25c4,2025-03-12T10:16,1,29.03,Card,Cancelled
9dcff0e7-124c-4b38-8ab6-33d4e559ea35,401a6911-a31e-4892-adc1-56e3e1eb090a,2024-11-12T10:16,6,112.26,Card,Pending
4eed31d7-b090-4cff-a071-29dc7b91ef35,3910ab11-8758-4a4f-8a9b-c4f5df7413c4,2025-01-06T10:16,4,71.96,Card,Pending
9466a12c-6893-46d2-ad0b-ea43471de707,2c6dafc9-06cc-4b3d-8b8d-12aae0644c58,2025-05-21T10:16,3,69.57,Card,Pending
849b68a0-566e-4e8b-b864-6fe7dc234d54,26d032f1-9fe9-487a-987a-a8be14e1db05,2023-12-06T10:16,2,14.56,Cash,Pending
cb631fc3-12a9-404b-a441-cb617b0f55ae,8250871a-2b35-424e-a1a1-4eb4faffabfb,2024-02-05T10:16,8,79.84,Online,Cancelled
2ee2e83a-5c7e-4940-b4e5-d16619f09cc3,6e551d53-4f6d-4b84-a9de-3d7c79694805,2025-08-17T10:16,1,14.13,Cash,Pending
09a38ec9-705a-44dd-965c-0fb41bb0bbd6,ecf1ffb0-ac00-4968-87ea-8beef4ace55a,2025-09-25T10:16,9,101.25,Online,Completed
2025de32-57be-43e4-b720-1a4ebde861ab,3e97fc93-73a7-45e0-9888-f7a03ee258a7,2023-12-04T10:16,6,32.28,Cash,Pending
3c71cd71-6a4b-4bcc-8eb6-3271fecff90f,ec3490d2-e8da-47ee-ae12-0ca0b1d7a2bb,2024-12-20T10:16,8,90.88,Card,Completed
f6551214-c6a7-4d9b-9905-ba0aaed901db,964d337f-acd5-4ca2-8843-9be3f2eb60fc,2024-03-21T10:16,1,24.13,Cash,Pending
d39a2962-1796-4446-aeee-ca99b2d79998,0d463f72-c3a1-4a2b-8d0d-1721a0d1a06b,2025-03-29T10:16,7,128.31,Online,Cancelled
e1b335d8-73b8-4df9-976f-9bc3ef0bed86,0472ca7f-b133-4710-8f43-24a3c6c1afd1,2024-06-25T10:16,5,37.40,Card,Cancelled
7e82a3c8-ea58-4b44-b153-5f6fbceb3711,7169ef0c-f2c8-4ae3-83f6-87691664d2d2,2024-12-27T10:16,7,55.65,Online,Pending
9e440e3d-7846-4120-a87b-7cae1460613b,9c53f3f8-5b22-4d77-bd76-cfa6c70e443c,2025-06-22T10:16,9,180.00,Card,Completed
bb83711b-d28b-4e87-af61-c78b7741f78f,c83bba2f-5229-4998-9566-1f3179b13e8a,2025-06-14T10:16,7,58.38,Card,Cancelled
1e4af55a-8031-4824-86cb-984ee102830a,7c991f43-c18b-4404-8826-97691b0dc00c,2025-07-23T10:16,4,27.48,Card,Cancelled
cd88e847-163a-4930-aec1-659bbdd2b3e6,e38afcd9-9e08-47ba-bc92-5ebb4bc271eb,2024-03-26T10:16,7,149.59,Cash,Completed
b1b9ab2d-7e13-47e5-a58f-410410098535,39cb44e2-a541-4b98-bc0b-db5f31cf8710,2025-04-24T10:16,6,49.80,Card,Completed
7f582120-ee47-4c7b-b6fb-a45d9b6040b7,5400d214-6176-40bf-88d2-3f53ed38bf69,2024-08-28T10:16,5,46.25,Online,Cancelled
f9f07fbd-e042-4f39-882e-3fa7f3ec6f56,1d32c3b3-c732-4995-aa6b-ff159deb3bdf,2025-05-27T10:16,4,33.84,Card,Completed
83fdcdbc-709e-4976-a5e4-a0a5571cf047,e38afcd9-9e08-47ba-bc92-5ebb4bc271eb,2023-11-21T10:16,9,218.07,Cash,Pending
07b79783-48ae-4b70-a963-13d8d36ec536,a938df5f-7764-459c-8bfd-90409d16b3c6,2024-12-30T10:16,8,58.40,Online,Cancelled
cc043e4d-04c4-4975-999c-0a9a43d2b3a1,3dcaabe3-78c9-4d88-bed5-56ca7ceea07c,2023-11-26T10:16,9,262.62,Card,Completed
3c278f55-0a2d-465f-a861-26feac786154,9305d562-2505-493d-8ed8-3fb721c8f491,2024-05-19T10:16,2,23.32,Online,Completed
f4afa480-a9cc-4c81-9599-4b2e684b8715,e6e1db85-f8ba-4264-9c9a-520ecda4bc4c,2024-01-07T10:16,7,204.47,Online,Cancelled
3a4e2092-1d38-4ed0-8e9f-6535d95005fe,ba5d9947-b043-4aca-8ee0-6b77895cf8e8,2025-03-26T10:16,4,78.16,Card,Cancelled
95c4f63e-be23-49b9-9095-5b682e8614af,050d9901-1cb5-413a-9c31-282028f863c1,2024-10-31T10:16,4,28.88,Card,Cancelled
95b7beed-d04a-480f-9254-a188303b068d,1a31c678-d420-495a-aff3-0f1609514e1e,2025-01-31T10:16,2,20.72,Cash,Pending
b20ad6c2-9cb0-4e2c-91fe-ba4e646eb5ac,2c6dafc9-06cc-4b3d-8b8d-12aae0644c58,2023-11-30T10:16,5,95.00,Cash,Completed
7ec075d8-c549-4db7-8f8b-34b0219cf022,f543de06-e341-4de2-95ab-ca0fd3ee51fe,2023-11-29T10:16,9,246.15,Cash,Pending
7b76018d-df69-4fbe-9f93-e0f4d65d3d8c,c1a09d60-c9e8-4489-a68e-e01b51541d33,2023-11-26T10:16,7,122.01,Online,Completed
cccf2010-f0ef-4a8f-bdc8-7cd985d12a68,953417c6-cd52-45e9-9ca0-bb450653c934,2024-06-10T10:16,3,62.43,Cash,Completed
1adc4cc0-fb31-4d05-8c3f-ff14868406b5,98b17fed-218c-4f20-8410-9f0edfc74455,2024-07-03T10:16,1,26.78,Card,Pending
810f6e11-0694-4f26-87c6-5de04be217e9,23650eb4-f98d-45a3-a90b-a378f03d469d,2025-02-08T10:16,2,42.90,Online,Cancelled
12539aa4-6fdd-4a0a-8915-2b13b123c2ca,6f61ca8e-51a1-48e0-abfa-88326e713e34,2025-10-10T10:16,5,70.55,Cash,Pending
fb199a60-9d9a-47ed-976a-199e4476196a,aac35608-9499-49c5-811a-a059e773c968,2025-02-05T10:16,5,107.85,Online,Pending
a97c4c34-acd7-49cb-af8a-798e5e042ed5,21edfc22-3f73-4335-a774-3cf78ab65e86,2024-04-19T10:16,6,166.80,Cash,Cancelled
8ea9a474-8d11-4d87-ab0f-5ebe3ea3d98f,73a2b03c-2dca-486e-8ebc-c4d6bb68a8c6,2023-12-08T10:16,1,6.72,Online,Pending
5b640c74-0c6a-4d94-b8e2-4496e6298450,60cd80b6-3967-4dae-b4df-adc7b5644971,2025-01-26T10:16,1,24.55,Online,Cancelled
868994af-ad84-46bd-97c6-cb79beaee742,8113211c-bdc3-4bb0-94d9-3fd3871f3005,2024-03-23T10:16,7,132.65,Online,Cancelled
f16b3766-3b90-47a9-b657-67d72eab2936,b6c26110-1b77-4777-8c79-c69ec19b66df,2024-05-21T10:16,6,92.10,Card,Cancelled
b81d475a-f048-45bf-9aab-0dbe01290f62,1eeb9c5f-5b7a-47af-b4f1-5a50d9d1089c,2025-01-23T10:16,1,28.79,Card,Pending
6bf55894-8d2f-4331-b800-8bb7514dd26e,06e585f0-5b60-4900-81d1-3379328e6c17,2024-08-01T10:16,4,55.12,Card,Cancelled
4e463822-58f2-4c29-8f43-68051113f0be,050d9901-1cb5-413a-9c31-282028f863c1,2025-05-21T10:16,1,7.64,Online,Completed
a90f3412-2afa-4a9a-89ad-567d335af483,e6cb1215-5314-4d05-bfd1-f6e5d36e89f7,2025-09-07T10:16,6,39.48,Cash,Cancelled
7da320a2-1d5d-4426-9480-e84c1f2a785c,68169a66-a8d4-4763-914e-7befc826445b,2024-02-10T10:16,8,125.44,Card,Pending
60e90032-d60a-4cab-8484-c4ef93f10afb,46032f36-69bc-465a-9b33-a5d560bfd77a,2024-05-27T10:16,3,65.46,Card,Completed
3d9f8e41-3276-4876-8cf8-b2fe8aa55ef4,e277d099-db2a-4aee-ab86-8b0e73a34383,2025-03-08T10:16,8,157.28,Card,Cancelled
7f705ca9-9836-4c03-9334-2a86b8367dea,8e1bbe6c-7b75-46dc-8ca1-0b1664cd6ae4,2024-04-15T10:16,3,82.65,Online,Pending
e67b1c53-0c66-4eef-9ca6-25001b3a00ee,c3ffc43c-0c11-40fa-9824-f234161741d0,2025-03-09T10:16,9,80.64,Online,Completed
1ddd32f2-d456-4227-b63a-43c56a4a8ff6,68169a66-a8d4-4763-914e-7befc826445b,2024-10-30T10:16,6,57.30,Online,Pending
ceda8ea2-1a2e-4315-bdce-081340fcea40,c1a09d60-c9e8-4489-a68e-e01b51541d33,2024-04-04T10:16,4,52.56,Online,Completed
5af050b0-593e-4434-b2bc-fc17529a13b2,e886c155-0dae-4b36-88f5-a86fa474d1f6,2025-10-25T10:16,6,101.70,Card,Completed
a659c40c-127e-454f-8502-eadc8d385513,7a2e5fa5-096b-4701-8ce6-7a3db39bf8eb,2024-11-22T10:16,6,41.10,Cash,Completed
81b09a20-50d0-47f1-a479-c711975c560d,c83bba2f-5229-4998-9566-1f3179b13e8a,2025-07-07T10:16,7,91.35,Card,Completed
24a9d81b-9e8b-4b20-8819-6ffe48427b98,0d463f72-c3a1-4a2b-8d0d-1721a0d1a06b,2025-04-04T10:16,8,156.00,Card,Cancelled
0e6dde92-cd93-42ed-bdbf-f0c612b9c309,f543de06-e341-4de2-95ab-ca0fd3ee51fe,2024-09-04T10:16,5,140.10,Card,Pending
2c1fe104-053a-4b7a-9dc9-051e23043d09,9c53f3f8-5b22-4d77-bd76-cfa6c70e443c,2024-04-26T10:16,2,51.94,Card,Cancelled
3cf989d1-4694-4559-bba6-03727f36cf1e,8887df7e-682b-4d48-b18c-c1ddfa0aaa26,2025-03-21T10:16,9,221.31,Cash,Pending
36396206-4d7c-46df-90ac-61850036f654,6c3bf618-a715-40f9-9faa-cfc5f5beef2f,2024-08-09T10:16,2,12.72,Cash,Pending
4f6dfe94-1022-448e-82db-a716d6b9609c,d5cfb1a3-ce2f-4aff-ab4c-50e0c5426af1,2024-03-08T10:16,6,50.82,Card,Cancelled
e6bf73c0-e1d8-4d98-9e5f-0c928bc5bf8e,00d7ae70-0f46-4453-963c-4ab2a3d29314,2024-01-20T10:16,7,168.00,Cash,Cancelled
b820b01d-656c-41ec-b69b-be26fc0fd419,4739f27f-7a96-4d52-83ae-0c6fd4c8c606,2024-04-14T10:16,5,111.90,Card,Pending
349d2260-fbd6-4b78-b153-0a98afd47185,23650eb4-f98d-45a3-a90b-a378f03d469d,2024-07-07T10:16,2,14.66,Cash,Pending
a8665220-2010-4e8a-96f4-d06cf16c44f7,53db1213-7316-47bb-9099-c1def0e3c96b,2025-02-21T10:16,5,32.80,Online,Cancelled
09fb58f2-25d0-49b4-975f-63dabd40627d,09ba4183-1b94-4f8c-bc5f-eca421a88524,2024-04-08T10:16,7,149.52,Online,Cancelled
aee89fc3-a052-4198-a48c-db1f1db74dd5,953417c6-cd52-45e9-9ca0-bb450653c934,2024-07-13T10:16,6,54.06,Cash,Completed
46d70e39-7ec2-49ba-83a1-131b6887d17a,36b880b0-e9bd-4c0b-8f1c-32018f6c758a,2024-05-06T10:16,4,109.28,Online,Pending
b3c2485f-5cc4-4bb2-b8ee-b4f02b828b77,39cb44e2-a541-4b98-bc0b-db5f31cf8710,2023-12-04T10:16,1,26.72,Card,Cancelled
cf2b3342-d811-45f1-bbc5-d05a430bb4b1,4717d2a3-4b2a-44f1-b960-a2b73e2d23fd,2025-04-17T10:16,2,16.00,Cash,Pending
944b84cf-255f-4f85-8b52-151fd1cc020d,3ab3404a-ee80-4ed2-8d90-a6f0dad14e48,2024-08-19T10:16,9,102.06,Card,Pending
46b4d3d7-2886-420f-8727-2791045c2222,65b2c0ea-6192-47fc-9286-2c1dd3ecefb1,2025-05-23T10:16,3,60.39,Card,Completed
e564b985-dbb0-4b27-839b-9e9098581bac,ada8704c-2784-4d70-84da-10078407d2c8,2024-09-08T10:16,8,143.36,Cash,Cancelled
2266c97c-2856-41c5-a430-f60029bfff05,0a0ac3e5-6e20-4fbc-87ec-5481c70e38bc,2025-03-20T10:16,2,40.96,Cash,Cancelled
884e27d9-331b-41a9-b71f-8d5fbc1b2c2a,3dcaabe3-78c9-4d88-bed5-56ca7ceea07c,2024-07-30T10:16,6,71.88,Online,Pending
8e7ca53a-9f00-4e06-9fdd-da1e51f00106,ceafdb2a-788d-48e0-acdd-bd533a2e7ab6,2025-05-07T10:16,3,25.56,Card,Completed
ce8d37d5-bac7-47fc-91fd-9b2f7638fba6,8626238e-5813-415a-9a8c-db944b1e0269,2024-12-20T10:16,5,77.35,Online,Cancelled
6102e36b-f4a3-4960-b813-54efdcdfee92,aff4340c-d102-49ba-af8e-84d2737ce82c,2024-12-13T10:16,1,19.14,Card,Cancelled
2f0550cc-4a1b-4ed5-9c86-2f11ffa0eba2,53db1213-7316-47bb-9099-c1def0e3c96b,2024-01-01T10:16,2,17.54,Cash,Completed
dde9bd5a-55d4-4034-8f80-fd5d932be5f6,4739f27f-7a96-4d52-83ae-0c6fd4c8c606,2024-02-07T10:16,9,239.94,Cash,Completed
0ed2f3f7-6404-4971-b977-6d88a5f57998,885715b6-b1eb-44ca-8460-28c0343e56f3,2024-12-02T10:16,7,124.60,Online,Pending
44ad69fe-6e34-4110-b2bb-c0df301303fd,dcfb3d05-846d-4915-99f3-ebbc7559d972,2024-11-15T10:16,5,119.75,Card,Completed
bbca839f-b49a-4758-b2ca-49f20aa74a79,b03f75c1-655f-4480-a2bf-1a0af806e96e,2025-03-14T10:16,3,82.83,Online,Cancelled
9106eb21-97da-41ba-9688-69d40e0aeb53,6c3bf618-a715-40f9-9faa-cfc5f5beef2f,2024-09-09T10:16,5,54.15,Cash,Cancelled
7d0e3672-a47b-4e0e-95b2-4ad75317514c,500fde18-ea61-4380-9ea4-f06d09985870,2024-03-03T10:16,4,55.52,Card,Cancelled
5a90892b-f662-4aff-84f9-b8fbc39276c9,8626238e-5813-415a-9a8c-db944b1e0269,2024-01-10T10:16,9,241.83,Cash,Completed
02528060-a08f-4653-afb3-e9e13356564c,8b115a34-224b-453c-be69-b53a7445b466,2024-05-27T10:16,6,94.32,Card,Cancelled
93ba5bf0-f63c-46ac-9162-f82460074118,0a5bd884-b432-4ce5-b14e-44b4aedd4c0f,2024-04-12T10:16,8,55.44,Online,Pending
4473fe20-7c30-4e78-8f09-b2579134368c,26d032f1-9fe9-487a-987a-a8be14e1db05,2024-03-11T10:16,1,20.58,Cash,Pending
f1ff788b-7a31-48d9-8866-fcb095005d46,65b2c0ea-6192-47fc-9286-2c1dd3ecefb1,2025-03-19T10:16,9,162.54,Cash,Pending
d42aa09a-e4f5-4531-be21-4af5b90b85d0,25659c0e-6eb5-4c57-add8-fb6ac5f42699,2025-10-11T10:16,8,88.56,Cash,Cancelled
588a7c8e-91f3-4203-8970-750c5fac6ebb,90f0db1e-2b19-43f7-ba17-233c7c214eca,2024-03-08T10:16,5,116.15,Online,Cancelled
ca94e6db-330f-44b8-8b06-001f6a910727,7a2e5fa5-096b-4701-8ce6-7a3db39bf8eb,2025-01-24T10:16,3,76.14,Cash,Completed
36f3d5ba-9a28-41cc-b495-e923031d717a,b04ce307-2d1f-4214-b023-d8f4379041a1,2024-11-13T10:16,9,135.36,Cash,Completed
e2e88b3a-21d7-4d9e-87e6-8c6def20ec77,8e1bbe6c-7b75-46dc-8ca1-0b1664cd6ae4,2025-05-18T10:16,8,202.16,Cash,Completed
7b59ff8a-214e-4844-b644-4a358b4b3f73,0a0ac3e5-6e20-4fbc-87ec-5481c70e38bc,2025-03-17T10:16,3,83.52,Card,Cancelled
1d97a139-f981-43b3-8339-3e69893d4aae,c63bd277-c81c-40c5-8720-6ce916d653c4,2024-09-11T10:16,2,21.98,Cash,Cancelled
c10d6c30-f252-4192-8489-7e90050d48bf,3dcaabe3-78c9-4d88-bed5-56ca7ceea07c,2024-01-23T10:16,3,41.10,Card,Pending
d380d3eb-a618-4a9a-a178-8792963a8a77,5f0f3def-9ff6-4282-ad04-001c4a769966,2025-05-22T10:16,3,31.83,Card,Pending
37294689-914f-4f81-8198-1e7452f8cbe4,09ba4183-1b94-4f8c-bc5f-eca421a88524,2024-07-18T10:16,9,135.54,Cash,Pending
6b207ad4-ed3a-44af-b4be-b3803f4abcb1,ebe19120-496a-47fa-87eb-2440212a3363,2025-09-11T10:16,2,56.52,Online,Cancelled
0a2ab82d-e90b-474f-b8ee-343597a51221,0a5bd884-b432-4ce5-b14e-44b4aedd4c0f,2024-03-30T10:16,4,48.36,Cash,Cancelled
06148d6c-5668-444a-a229-7105a86932a9,4e44f26d-5455-405b-8fdb-63ab8b739ecf,2025-01-17T10:16,7,169.05,Cash,Cancelled
eb2cc44b-c895-4f0e-a07c-1a7a0fe90075,c5817fdc-a4dc-4879-b957-30cfda62016b,2024-11-09T10:16,2,38.26,Card,Cancelled
c45d1ee7-75d0-4153-a8ee-bd1a58aefd44,bfa3444b-2be9-46be-b944-720d86a59770,2025-06-10T10:16,5,142.90,Card,Pending
02554a45-b4ef-4c38-98d2-a996c6e109b2,8887df7e-682b-4d48-b18c-c1ddfa0aaa26,2024-09-13T10:16,2,54.00,Cash,Cancelled
ceb3b3f8-2c2f-4fc9-802c-2996c36209ae,c1a09d60-c9e8-4489-a68e-e01b51541d33,2024-07-30T10:16,9,199.44,Cash,Completed
2f0494dd-6c56-4041-8dde-4efb74c8c7d7,3befa4dc-d961-4a3a-9410-d43d1bdaa335,2024-12-02T10:16,9,253.17,Online,Pending
41659574-11a0-4232-8d47-e977e0f4ffe5,6b1178fc-1745-401d-88da-3903c243ebe9,2023-12-29T10:16,4,39.48,Online,Cancelled
9170e496-3ef2-4ca9-b663-5244bbe0eb00,49af098b-bf79-4643-8e49-739ea932d38b,2024-06-19T10:16,7,51.38,Card,Completed
7f4a9222-4641-45a2-95de-1701c0c7048d,e886c155-0dae-4b36-88f5-a86fa474d1f6,2024-08-09T10:16,3,57.18,Online,Pending
f68463b3-9f20-4008-8885-856668e64736,ebe19120-496a-47fa-87eb-2440212a3363,2024-09-19T10:16,9,256.05,Card,Cancelled
6d46c98b-53d7-4440-9f7e-9cd456aff641,52c87fd9-fdf0-4256-b929-6153ad24a0ac,2025-04-20T10:16,2,22.98,Online,Cancelled
48984d3d-d5a1-45de-b8cf-8b0c942b2ffd,14eace30-1ac2-411e-8eef-98e8f32a87fb,2024-08-17T10:16,8,165.36,Card,Completed
43ecbf39-02d5-4590-aea5-3a1e59b35348,06e585f0-5b60-4900-81d1-3379328e6c17,2024-04-13T10:16,3,62.01,Online,Completed
2fccead2-25b9-48a9-9dc4-cdb1ce6ea121,3910ab11-8758-4a4f-8a9b-c4f5df7413c4,2024-11-30T10:16,2,55.70,Online,Cancelled
48f5810c-f41f-4d1e-9c7f-dffec7db678b,8e1bbe6c-7b75-46dc-8ca1-0b1664cd6ae4,2025-09-21T10:16,9,94.14,Cash,Pending
e0c3e866-30cb-44df-9858-7fb30de8afe2,8e1bbe6c-7b75-46dc-8ca1-0b1664cd6ae4,2025-03-20T10:16,3,17.28,Online,Completed
56a11979-754e-41b8-9751-0c68ef33c520,058b9c75-b72f-4594-80d2-e41194ff7672,2023-12-28T10:16,1,6.47,Cash,Cancelled
f4be03f0-a963-48c9-8ffd-6d9f6a1228a9,4bb2d776-14c0-4ef6-b8ba-c580cbed72b8,2024-09-20T10:16,7,35.63,Cash,Cancelled
dd04a5a7-b983-4864-bee5-9e6336b090ba,428424b7-1f94-496a-8b7a-497ce177d32c,2025-05-21T10:16,1,8.71,Online,Pending
e9179a97-057b-42a1-b0f5-48e8ea2f24de,21edfc22-3f73-4335-a774-3cf78ab65e86,2024-08-10T10:16,9,73.17,Card,Cancelled
1b30d194-791b-43ef-81a0-62c713d0dfcd,bfa3444b-2be9-46be-b944-720d86a59770,2024-03-24T10:16,9,63.90,Card,Cancelled
b200e9ea-4a0b-48f0-a8ad-38bb3c67367a,401a6911-a31e-4892-adc1-56e3e1eb090a,2024-11-04T10:16,7,166.60,Card,Cancelled
cd03f355-606c-4293-8cd5-3fd2f17c97ae,103fcba5-5588-45a5-9fe0-6ac948d3860e,2024-01-21T10:16,7,73.29,Online,Cancelled
b6c02091-6077-4e99-b08d-fe557232ee0d,e7991221-0de0-4ef8-aa9c-ca3b59197059,2025-09-16T10:16,8,238.64,Card,Pending
32e85b8c-130a-4187-b3cf-e220ba74de66,25659c0e-6eb5-4c57-add8-fb6ac5f42699,2025-01-31T10:16,9,258.21,Online,Pending
d6aebea4-ec12-428d-9f4d-e02dca528daf,726d71e2-70fd-4416-8568-78619c14a73a,2024-01-11T10:16,7,203.00,Online,Completed
d0aeee8f-bf69-42c4-b0ec-16d5c6c54f8d,bfa3444b-2be9-46be-b944-720d86a59770,2024-08-12T10:16,9,212.13,Card,Cancelled
0af1f017-1c0b-4aac-8417-7405aedf0a28,4bb2d776-14c0-4ef6-b8ba-c580cbed72b8,2024-03-30T10:16,5,39.60,Card,Pending
c9514b9e-2cd3-4fb8-b881-2e577e77fdc7,09ba4183-1b94-4f8c-bc5f-eca421a88524,2024-05-18T10:16,1,5.71,Online,Completed
3c2f2e7d-846a-48bb-ad35-ae525efbffe9,c83bba2f-5229-4998-9566-1f3179b13e8a,2024-09-16T10:16,5,94.95,Cash,Completed
76c15f93-6d98-4298-a398-1c5cd0c555fc,3ab3404a-ee80-4ed2-8d90-a6f0dad14e48,2025-06-06T10:16,6,62.82,Card,Cancelled
68ae3de5-5666-4b67-a826-6b8bb5de541c,56a75a3e-a944-4147-8cba-f1024726993f,2024-11-01T10:16,2,46.12,Online,Pending
dad627e5-3dac-46d3-8ffd-4b901c52eba4,910b1d47-5c37-48b1-8bde-96c60660f1d7,2024-04-14T10:16,4,33.76,Cash,Completed
d725e5c3-f803-4b8d-9f5f-8ccaf3031afb,795088d7-d227-422e-ad8c-f048bde0675e,2025-08-01T10:16,2,29.40,Cash,Completed
e4dd2d53-1f99-4061-9181-371883306a0e,49af098b-bf79-4643-8e49-739ea932d38b,2024-11-04T10:16,2,19.66,Online,Completed
2342f015-6478-4667-a0ec-52150fcf69c9,d87f31d7-79ef-4c17-856e-142e791b04da,2024-05-10T10:16,7,166.39,Cash,Completed
c6f8308d-2d4c-4edc-9d9b-08230a4cf242,aff4340c-d102-49ba-af8e-84d2737ce82c,2024-10-31T10:16,3,88.26,Online,Pending
4f919083-1e78-4bb1-a513-78959a86a199,ceafdb2a-788d-48e0-acdd-bd533a2e7ab6,2025-05-08T10:16,7,37.45,Card,Completed
07d95be7-ef73-418b-b078-43a5a267bed8,e12c3d24-86c8-474f-b86b-370df36adbfe,2025-10-04T10:16,1,11.21,Card,Completed
63c280cb-7f41-4fef-b1e8-81c64cdb880a,2c6dafc9-06cc-4b3d-8b8d-12aae0644c58,2024-06-03T10:16,8,164.96,Cash,Completed
77ad8ff6-30b9-4b28-8976-99e7555f2b5b,6f61ca8e-51a1-48e0-abfa-88326e713e34,2024-06-10T10:16,8,214.24,Online,Pending
138390e3-2eb1-486e-8ee5-84f05f3439d6,2c6dafc9-06cc-4b3d-8b8d-12aae0644c58,2024-06-28T10:16,4,114.28,Cash,Completed
8d2c2f94-ec90-4e98-ac57-3deb3c98c4b0,e85d0261-2d97-4475-a749-363ec9040a74,2025-08-14T10:16,3,18.12,Online,Cancelled
5d495bd7-9af0-4040-be1e-7b89027fceba,7a2e5fa5-096b-4701-8ce6-7a3db39bf8eb,2025-02-09T10:16,7,111.44,Online,Completed
1e282fd7-a470-4ba5-b50c-dad434993bf9,ebe19120-496a-47fa-87eb-2440212a3363,2024-12-08T10:16,5,127.10,Online,Cancelled
f6483464-b46f-4fcf-8e57-86eda263297f,fbe227d7-6d32-4407-9783-7fdac983e55f,2024-11-12T10:16,3,43.20,Online,Cancelled
0aa85cb7-45e9-4fbb-a8b0-1ff0ddcf6c27,3ab3404a-ee80-4ed2-8d90-a6f0dad14e48,2024-08-23T10:16,4,111.56,Cash,Pending
503001c0-3828-4cf1-b46a-e6666fe7b297,68169a66-a8d4-4763-914e-7befc826445b,2023-12-23T10:16,5,142.00,Online,Pending
714fc2a6-8185-4242-bde3-76447e1b00d4,058b9c75-b72f-4594-80d2-e41194ff7672,2024-11-27T10:16,3,20.52,Card,Completed
426be50b-60ab-4c20-a52f-e4e6c4694990,b047b369-02d0-4f25-9af0-f1e883228863,2023-12-28T10:16,9,122.49,Online,Cancelled
122d5d8d-f29b-47de-9f57-65913bf8714e,a938df5f-7764-459c-8bfd-90409d16b3c6,2024-04-13T10:16,2,27.64,Cash,Completed
3e0d6418-4064-4323-8539-103efa9f732d,bc58b12c-65c4-4f21-89ef-3e492a22ef7c,2025-10-02T10:16,2,43.32,Cash,Completed
85e79515-e8a9-4bce-80d0-3048ee288b06,23650eb4-f98d-45a3-a90b-a378f03d469d,2024-10-27T10:16,2,39.04,Cash,Cancelled
28372aad-743d-4929-bce6-a54e5ecdcd98,67c276b0-7be6-4f3c-bf86-c342095c8112,2024-09-23T10:16,5,35.30,Cash,Cancelled
796fb9f3-0e29-4c2b-95ea-99e4c35e9c95,9c53f3f8-5b22-4d77-bd76-cfa6c70e443c,2025-04-29T10:16,6,101.22,Card,Cancelled
4f398cb9-8f4a-4a38-bd64-3c5bc5c00792,09ba4183-1b94-4f8c-bc5f-eca421a88524,2024-12-01T10:16,9,152.55,Cash,Cancelled
0cd878e0-a0be-4767-9c4e-b4f4932e9776,1407e9cf-22c9-4137-a2fe-cc12dc038235,2025-01-14T10:16,2,24.22,Cash,Completed
d0446aa5-01f6-456a-b855-d070137f3ab5,fe624323-ba72-456d-9842-ed9e0edc75df,2025-05-28T10:16,2,33.38,Cash,Cancelled
5811e685-cea5-4387-a7f1-cd25e245025f,e38afcd9-9e08-47ba-bc92-5ebb4bc271eb,2024-10-17T10:16,2,51.10,Card,Cancelled
595c17cf-6698-40bb-b775-57c72a75d9a9,c83bba2f-5229-4998-9566-1f3179b13e8a,2025-07-14T10:16,6,168.00,Cash,Completed
b712cb5d-e98c-4d81-9582-f7e1330c24ac,d5eaf6a7-76cc-48ec-98d9-ba713e2df70f,2023-11-15T10:16,2,41.44,Cash,Pending
55c3bc94-fda0-4e13-bf3b-0ec6068df8d0,726d71e2-70fd-4416-8568-78619c14a73a,2025-03-17T10:16,4,82.12,Online,Completed
f590c938-9ed5-4741-9ec0-299cc1732121,52fbb114-83aa-432d-b2f1-f3e37a5c4754,2025-01-13T10:16,7,39.27,Card,Completed
b9c0798e-9679-44fd-b09b-c5b2c7d82159,60cd80b6-3967-4dae-b4df-adc7b5644971,2023-11-18T10:16,3,53.34,Cash,Cancelled
e98304bf-a251-4906-b687-ca97e1347ab4,e7991221-0de0-4ef8-aa9c-ca3b59197059,2025-03-30T10:16,2,27.78,Online,Completed
cf0cc62a-505d-46d5-b22a-abbda36046c2,36b880b0-e9bd-4c0b-8f1c-32018f6c758a,2025-05-20T10:16,4,43.52,Cash,Pending
d7239c67-fea9-470b-8905-362a48f22d75,8887df7e-682b-4d48-b18c-c1ddfa0aaa26,2025-03-02T10:16,1,13.00,Online,Cancelled
d647a342-c69f-4f10-bac9-2212f65fa87e,b0d737cd-ec4b-4a88-aa81-d012ef3fb719,2024-12-18T10:16,1,21.52,Card,Completed
4a1e202b-7514-4f74-88b3-266866cc994b,885715b6-b1eb-44ca-8460-28c0343e56f3,2024-02-29T10:16,4,109.04,Online,Cancelled
428005bc-cd78-4a87-9535-c0e6f7cab339,428424b7-1f94-496a-8b7a-497ce177d32c,2023-11-30T10:16,8,57.36,Card,Completed
e16196d1-15bb-4d15-8d71-3df5e0d446ab,92da274a-bea2-490a-bb52-196c46fa8487,2025-01-08T10:16,5,108.40,Cash,Cancelled
aaf23ef3-6f8e-427c-b4de-3b83e92d022e,4b14a58c-f1e4-40b6-888d-a88cd7055099,2024-09-15T10:16,4,116.08,Card,Cancelled
5a0ac980-0f3b-4a8f-846d-253f59901cbf,2c6dafc9-06cc-4b3d-8b8d-12aae0644c58,2024-12-07T10:16,2,54.94,Card,Completed
da1baf9a-b0ed-403d-92fe-49ee37f999cc,69446e90-4237-4410-ab55-e011eb04cce0,2023-12-27T10:16,6,143.28,Online,Cancelled
abe1e2fc-1eef-4ff2-a158-af5cfc7dd9bc,a938df5f-7764-459c-8bfd-90409d16b3c6,2024-01-05T10:16,4,97.40,Cash,Pending
9c3d825e-323c-417c-bf86-3e57e4966a55,7d2df59f-386d-4aec-85a8-2443262a0cb4,2025-06-19T10:16,2,30.18,Card,Pending
80d77ebf-b682-4ccc-8806-36657b165569,c63bd277-c81c-40c5-8720-6ce916d653c4,2025-04-26T10:16,2,33.28,Card,Pending
146667c6-95cd-4f55-942e-c09faf592418,77ca464a-fe0d-4dcc-8f08-3eb2f7b64f76,2025-05-12T10:16,9,238.68,Cash,Completed
beed83d0-7154-43a5-a7c7-772d1faf9f52,68169a66-a8d4-4763-914e-7befc826445b,2024-07-11T10:16,9,136.71,Cash,Completed
f5d676c5-eeb4-422c-81bb-1f158336704b,910b1d47-5c37-48b1-8bde-96c60660f1d7,2025-02-21T10:16,6,139.38,Online,Completed
85689373-12c0-400b-8e2c-63564b295c9c,90f0db1e-2b19-43f7-ba17-233c7c214eca,2025-05-21T10:16,3,31.74,Cash,Completed
5671364b-e836-4599-8ee3-bee796baf5df,8b115a34-224b-453c-be69-b53a7445b466,2025-06-22T10:16,3,69.57,Card,Pending
b673ade5-d49e-445a-9a80-8cb452a4770e,0a5a9fc7-e126-48f0-99aa-dea85c606f66,2025-11-06T10:16,9,259.56,Online,Pending
7e895ff8-1de5-42d0-bab5-df4627237352,7c991f43-c18b-4404-8826-97691b0dc00c,2024-06-12T10:16,5,139.20,Online,Completed
8d082d5a-612c-4233-b6a4-2c3556e99d2a,90f0db1e-2b19-43f7-ba17-233c7c214eca,2025-10-11T10:16,7,39.13,Online,Pending
98ea1f47-a3a8-4989-a7f9-68ce803bf513,941529ef-2114-4bff-907a-4596ff4593a1,2025-09-06T10:16,2,21.74,Cash,Completed
55ad1dc0-aee3-4f46-8df3-2348929219a3,795088d7-d227-422e-ad8c-f048bde0675e,2025-08-15T10:16,4,39.96,Online,Completed
0919f41e-7d87-4224-a613-ebaa021999d7,cd50913f-8c99-4253-9134-0cf5fe5f300f,2024-02-02T10:16,8,195.28,Online,Pending
5ef6de3f-17bd-4433-88d7-742d6ddf8117,d6d4ef4b-0870-48aa-b884-013237f255f4,2024-07-29T10:16,6,67.56,Cash,Cancelled
ac4742c2-efbf-4e03-be90-60c46ada2f95,cb8747c7-32ca-4b6b-868d-13ab01d953ec,2025-04-23T10:16,2,38.50,Online,Cancelled
672badc1-d813-4f19-96f0-5fda9aecbe3d,8113211c-bdc3-4bb0-94d9-3fd3871f3005,2025-04-24T10:16,6,121.44,Cash,Completed
bc6253dc-95de-45d4-b3b6-cc91abe2272f,ebe19120-496a-47fa-87eb-2440212a3363,2024-08-04T10:16,1,24.15,Online,Cancelled
954237eb-9ac4-4a8a-80f3-3ec5c82bfcf6,a302a1a8-c429-406f-abff-9f273aa0a4b5,2024-10-23T10:16,9,48.78,Cash,Pending
947aa6ff-a813-49af-a671-49abbd6b04da,65b2c0ea-6192-47fc-9286-2c1dd3ecefb1,2024-06-19T10:16,9,162.09,Online,Cancelled
eb5da06e-01bf-4b6c-9da9-e7fce5e2b801,e6e1db85-f8ba-4264-9c9a-520ecda4bc4c,2025-09-12T10:16,1,28.41,Cash,Pending
30ae5980-fe38-44ed-a5e8-6adb211edfe7,90f0db1e-2b19-43f7-ba17-233c7c214eca,2025-02-24T10:16,1,11.60,Online,Completed
7ddce5f1-8d45-4f3b-bb8a-eefd2229baef,0d463f72-c3a1-4a2b-8d0d-1721a0d1a06b,2024-05-22T10:16,1,19.83,Card,Cancelled
5b8cce60-fd21-454f-b4fb-280fefd226d9,e6cb1215-5314-4d05-bfd1-f6e5d36e89f7,2024-02-09T10:16,8,237.04,Card,Completed
475b1335-f7bb-494e-b385-6262ac1d44c2,0a0ac3e5-6e20-4fbc-87ec-5481c70e38bc,2024-09-08T10:16,6,107.94,Cash,Pending
a8af4cfa-3889-425d-b8bf-1e3a21c73db1,0b2a0e9a-e050-4380-b607-57adcbbf59d4,2024-09-21T10:16,4,96.00,Online,Completed
1c8a3990-e802-41d0-b27e-6734ab7ce30b,b95f7619-fab2-4df9-8683-1f2aeb93a660,2024-01-19T10:16,9,226.44,Online,Completed
4fe00b68-9e16-45bd-b3ca-61b599f8fc3a,f3826f04-0dfa-4266-8002-58fede0093f5,2024-11-26T10:16,6,67.86,Card,Pending
6bbb7c7b-b70f-4601-ae67-cec9d368060c,953417c6-cd52-45e9-9ca0-bb450653c934,2024-11-21T10:16,5,56.60,Cash,Cancelled
ac3c8a23-4b2b-4355-b95c-de62fcc1f0fe,515fe1d2-d33a-4b9d-8c19-07e0cbe81a9a,2025-10-09T10:16,9,96.57,Online,Completed
5dc310d3-2585-49b4-9aad-ded8f2fa13b7,05ccd8a5-ea5f-4353-bd1e-3022152b0685,2025-09-29T10:16,4,85.64,Card,Completed
36add0d8-438f-4653-9c6f-b8bb85476b6a,d6d4ef4b-0870-48aa-b884-013237f255f4,2025-10-03T10:16,3,75.39,Online,Cancelled
ff22d9e6-4d7b-4f0f-9c9b-49f2d2b0f19b,c1a09d60-c9e8-4489-a68e-e01b51541d33,2024-01-22T10:16,2,25.82,Online,Completed
9dfdef35-1074-444d-9dad-740911da884e,5f6e51da-5f01-4c9a-85dd-7d50ef37e5d7,2024-10-14T10:16,4,22.96,Online,Completed
786ba0d4-9f78-45a3-ad04-35fc173f4248,27e45431-1333-4ffd-a0c8-be56ffdc5d4e,2025-03-09T10:16,8,103.20,Online,Pending
cb786f03-cacb-4827-85c9-be78325b61f3,e7991221-0de0-4ef8-aa9c-ca3b59197059,2025-07-18T10:16,1,17.86,Online,Cancelled
1765033d-e1c9-4eb8-8430-eb8cd33665fe,935ebde1-5945-4673-886e-1a7a12cc2d4e,2024-10-18T10:16,2,51.06,Online,Completed
a059f7fe-8d23-4ae9-96a1-a13a6c9f2eb9,d7af10ce-45c9-4fc8-8dd8-b1c5491aad5f,2025-11-01T10:16,7,41.51,Cash,Completed
7dabe901-b61b-453e-9fb9-0e4121f18b34,1a31c678-d420-495a-aff3-0f1609514e1e,2023-11-23T10:16,7,80.22,Cash,Cancelled
6c00e331-3205-4ba1-bd70-a212b0016cc1,ada8704c-2784-4d70-84da-10078407d2c8,2023-11-27T10:16,4,110.60,Online,Pending
da05ac36-ede5-43c5-bc8a-19001d5afd48,0130fcd4-a6cf-4a72-8400-7bcae1abce34,2025-01-10T10:16,9,159.75,Card,Pending
f6a05df9-c4ee-4ff6-91c8-cf206968016f,e886c155-0dae-4b36-88f5-a86fa474d1f6,2024-08-26T10:16,8,70.88,Card,Pending
5a6791f3-fc71-4c12-8e88-6539d71f41c6,7a2e5fa5-096b-4701-8ce6-7a3db39bf8eb,2025-01-18T10:16,5,130.00,Cash,Completed
96d9e76f-9cba-402a-8b4c-a36e581b4032,b6c26110-1b77-4777-8c79-c69ec19b66df,2025-06-08T10:16,3,26.97,Online,Completed
f28499b5-035f-4204-a792-741a398f1500,ff4db0d8-e809-46e8-9ae0-78ffee4902d9,2024-03-01T10:16,4,54.56,Cash,Completed
b58589c1-d5f8-4b51-9e34-5c4bf81450c4,8f7f530b-bb30-4a05-b437-744ed30af54f,2024-05-18T10:16,2,21.60,Card,Pending
47a29bf6-3e8e-461a-8e6f-21757f5346a3,6e551d53-4f6d-4b84-a9de-3d7c79694805,2025-05-12T10:16,7,190.75,Online,Pending
823351bb-0317-476e-b241-6fc2caf67e08,bc58b12c-65c4-4f21-89ef-3e492a22ef7c,2023-12-25T10:16,4,98.88,Online,Pending
43876cda-576f-4302-8ed1-e231583f5d83,74e76582-f1b8-4560-b049-8aebb59d4721,2025-11-01T10:16,1,26.99,Cash,Completed
55994b5b-413c-47bd-878c-1abbb116d7d5,e85d0261-2d97-4475-a749-363ec9040a74,2025-10-02T10:16,1,7.71,Online,Completed
7989df93-ac9c-476f-8028-744f5cf25c09,1a31c678-d420-495a-aff3-0f1609514e1e,2024-03-08T10:16,4,29.56,Cash,Pending
86feefe4-524f-466f-9ad4-e4b5624cad92,fdb5454e-2230-489e-ade4-9218ff28cbd8,2025-06-26T10:16,2,49.90,Cash,Pending
a57438af-c445-450d-8747-a38b38450e6e,b047b369-02d0-4f25-9af0-f1e883228863,2024-11-03T10:16,8,179.20,Online,Pending
ef68da0c-4d35-4de7-8de9-b3112e06f37e,983d66ae-c8b0-46b8-8abc-26a1055cf729,2024-04-25T10:16,1,14.35,Card,Completed
db64b38e-0c04-4225-bfe8-03f8a8cafcce,401a6911-a31e-4892-adc1-56e3e1eb090a,2025-05-03T10:16,9,111.51,Card,Pending
2e59cdbe-6943-45ad-bf3d-ad09e4242c9b,0a5bd884-b432-4ce5-b14e-44b4aedd4c0f,2024-03-21T10:16,6,40.50,Online,Completed
ce1d820f-f275-431b-9cf2-efbd0b5c9046,4b14a58c-f1e4-40b6-888d-a88cd7055099,2024-03-09T10:16,5,73.05,Cash,Pending
d3553958-4b92-4ed6-805f-d52e744e603b,d87f31d7-79ef-4c17-856e-142e791b04da,2025-04-04T10:16,4,73.12,Online,Pending
c89a45cf-515b-40c4-9bc0-f9a40691a9cc,7a2e5fa5-096b-4701-8ce6-7a3db39bf8eb,2024-08-19T10:16,4,75.08,Online,Completed
52b2aa90-451c-4111-b77b-7d454431fa4a,a3f626b9-cc27-4c04-8570-be79ab8bda4a,2024-08-27T10:16,7,188.65,Cash,Completed
4ab77cf3-d47a-4c94-8694-795da47cb2f9,e38afcd9-9e08-47ba-bc92-5ebb4bc271eb,2024-02-09T10:16,5,100.05,Cash,Cancelled
7822f8c1-b7f0-44fb-94fc-75d88699ba61,4e44f26d-5455-405b-8fdb-63ab8b739ecf,2023-12-09T10:16,3,15.96,Card,Pending
cf4a8d6e-c8ed-4b9a-9b6a-50bff97281fc,74e76582-f1b8-4560-b049-8aebb59d4721,2024-12-08T10:16,4,81.80,Online,Completed
8861d92a-ff2a-429c-b02d-7b12398cebc3,bb6ceda0-3f7a-4dfa-9862-41a88dd468b2,2024-02-29T10:16,8,161.12,Cash,Completed
83fd7f44-c475-42aa-85d8-130d000f1819,14eace30-1ac2-411e-8eef-98e8f32a87fb,2025-08-04T10:16,9,256.23,Online,Completed
798a2a99-5ed9-43f6-ad58-e70b7e4d3ef1,a938df5f-7764-459c-8bfd-90409d16b3c6,2023-11-21T10:16,2,36.22,Cash,Cancelled
8ccd5c07-9409-45d1-bcc6-31570bb7e0a9,dcfb3d05-846d-4915-99f3-ebbc7559d972,2024-02-13T10:16,8,133.28,Cash,Pending
2c9bc191-2cde-473c-bba2-f7eee5318cc6,67c276b0-7be6-4f3c-bf86-c342095c8112,2024-01-12T10:16,1,28.89,Cash,Completed
a3fb324b-75f0-46b9-90df-d9826a8f08fa,0a570207-0f70-467f-bbeb-44a0a60a9a25,2025-08-20T10:16,9,264.51,Online,Pending
ba7553da-ed0c-4461-87c2-75a1a088a3b5,6945f6f4-b8f9-4d04-90ff-e59ed705578e,2024-01-14T10:16,9,64.08,Online,Cancelled
553d51ae-5197-47b1-bee5-5d65ce749391,8887df7e-682b-4d48-b18c-c1ddfa0aaa26,2025-08-27T10:16,5,132.90,Cash,Pending
0bec1478-a99b-4d1e-999c-daa0ca455c03,8626238e-5813-415a-9a8c-db944b1e0269,2025-10-21T10:16,7,91.14,Cash,Completed
08b99fdf-6024-4ad5-befb-0bd40de23f8b,103fcba5-5588-45a5-9fe0-6ac948d3860e,2024-08-23T10:16,7,178.43,Cash,Completed
49a8c49b-e524-423b-908c-dfc3f9def820,500fde18-ea61-4380-9ea4-f06d09985870,2025-07-28T10:16,9,49.32,Online,Cancelled
1eb76b80-6e94-4529-b690-a337363a3ee3,5d6f84a5-a4de-442e-99b9-b8ef714b4436,2024-05-16T10:16,9,262.26,Cash,Completed
5f1f5303-64cc-4809-b923-219a25cf0f45,0b2a0e9a-e050-4380-b607-57adcbbf59d4,2024-06-27T10:16,6,88.56,Online,Pending
2149bd46-be36-482a-b796-560aed07d556,2c6dafc9-06cc-4b3d-8b8d-12aae0644c58,2024-02-04T10:16,6,88.68,Card,Completed
8ae47739-cb22-4d92-b969-1763164a8425,68169a66-a8d4-4763-914e-7befc826445b,2024-02-07T10:16,9,224.28,Online,Cancelled
57779af2-e2af-476b-b4cd-aa256ebfe577,3dcaabe3-78c9-4d88-bed5-56ca7ceea07c,2024-11-30T10:16,5,139.85,Cash,Pending
bcd4e382-5cbc-4fb2-bd4f-4414a270bd45,74e76582-f1b8-4560-b049-8aebb59d4721,2025-07-18T10:16,5,147.10,Online,Pending
5c78b7eb-4073-4bb9-8ef2-2db5c91e9946,99c406e7-092b-4eeb-bc08-56fc041c253d,2025-01-16T10:16,4,29.24,Online,Cancelled
e65500f8-8cfd-4841-89b3-3cd72b6e9602,a5ffc907-be77-43e6-8694-4a0bf09bd3fb,2024-12-22T10:16,3,64.77,Online,Completed
570a02ec-b106-48e0-b73f-d1b3709acc98,935ebde1-5945-4673-886e-1a7a12cc2d4e,2024-03-02T10:16,8,197.68,Card,Cancelled
a7811725-bf17-422d-8727-54d588d91c73,9305d562-2505-493d-8ed8-3fb721c8f491,2024-03-14T10:16,7,66.15,Cash,Cancelled
d7a90906-7116-41b2-aa7b-51fee8b8b4be,bb6bf39c-f455-4e08-a59e-1bdaaa91d4aa,2024-06-19T10:16,7,82.39,Online,Pending
325ce5c4-55b3-42c1-ad6b-5c755e4a9125,f067e21d-d1d4-4e87-9cae-9753f5f9ccb6,2024-04-17T10:16,1,14.21,Cash,Completed
8d152461-b0e9-47ab-99ac-f19a2a7c7498,c0d74d86-5c5b-481d-b8e3-61eeb9c77255,2025-10-11T10:16,8,205.68,Online,Cancelled
d0926c92-7a5a-41da-a03e-85d68e46907f,a3f626b9-cc27-4c04-8570-be79ab8bda4a,2024-12-31T10:16,8,68.48,Card,Pending
acc0cc68-b997-4e52-9b30-19c4764a59b7,7a2e5fa5-096b-4701-8ce6-7a3db39bf8eb,2025-04-26T10:16,8,102.56,Card,Completed
62768925-dc00-482c-81c1-66a5cebad493,6e6d2c67-f7fb-4a98-8f9a-4822259b25c4,2025-05-11T10:16,5,49.80,Card,Pending
d789dc9f-362d-4c05-a2dc-02cb18ec46be,e119f98a-df63-41dc-8e01-bb49ca2dc724,2025-03-06T10:16,9,91.89,Online,Cancelled
4a9e3472-f7e1-4b38-98bb-a3a39d87c1f3,4e6807ca-aed8-4ec9-b1b0-0e3aba57efb1,2024-07-17T10:16,8,126.96,Card,Cancelled
312959d2-1981-4903-afb4-41aaa0491eaf,428424b7-1f94-496a-8b7a-497ce177d32c,2025-01-06T10:16,9,107.55,Online,Cancelled
bebb942d-a598-4d99-9303-9774d1820519,7a2e5fa5-096b-4701-8ce6-7a3db39bf8eb,2024-12-08T10:16,8,233.04,Card,Completed
9e6b5a8f-c104-4fdb-b37d-69ac452383ef,e119f98a-df63-41dc-8e01-bb49ca2dc724,2024-03-27T10:16,8,126.88,Online,Pending
4aef5c65-2fa1-4c56-bc13-0a1ec2d9e96b,bc58b12c-65c4-4f21-89ef-3e492a22ef7c,2025-06-23T10:16,2,34.46,Cash,Completed
9b60b1e0-432a-47e9-a863-47465d0c6488,cf65c4b6-4c1c-420b-95de-23e5b56ffad5,2024-02-03T10:16,8,203.68,Cash,Pending
fa805069-69d9-4173-83b5-92e597beec34,92da274a-bea2-490a-bb52-196c46fa8487,2024-07-16T10:16,7,104.93,Cash,Pending
a8f3e347-579c-46a3-86fa-a13d7251f4ce,5f0f3def-9ff6-4282-ad04-001c4a769966,2025-06-21T10:16,2,52.86,Online,Pending
4b9b4c9c-4112-4ad3-82ad-0e7c12cfcfa8,910b1d47-5c37-48b1-8bde-96c60660f1d7,2025-05-03T10:16,8,86.64,Online,Completed
11f901e0-da64-479d-a734-43709f5ce916,910b1d47-5c37-48b1-8bde-96c60660f1d7,2024-08-11T10:16,3,81.18,Card,Cancelled
96d2229f-a9a8-4d7b-bb7b-e6e552cee6c6,000f9c8f-2fc7-4346-844d-c04f10751265,2023-12-10T10:16,4,86.84,Cash,Pending
2b84e4fc-4d8c-4e13-aa06-7a8663960c5a,7a18d550-38d0-40b2-84a7-547162e7e409,2025-06-18T10:16,9,247.14,Card,Completed
c80129a2-3c22-4654-928d-8e5a40232c6b,6117b6f0-c4f4-4bf1-9eeb-f33950decba8,2025-01-24T10:16,8,90.24,Cash,Completed
b7830e13-87d3-45d5-8eba-0262bc49f9fe,26d032f1-9fe9-487a-987a-a8be14e1db05,2024-08-09T10:16,3,31.59,Cash,Completed
16f54908-fc9e-4d06-b9b1-c1c13b689a38,d6d4ef4b-0870-48aa-b884-013237f255f4,2025-05-01T10:16,1,26.41,Cash,Pending
7e48baa3-17e1-4b8a-bedf-0cc35ba17182,02c65c06-56ad-4670-b8e2-10ab417c7154,2025-03-11T10:16,2,58.50,Online,Completed
53cdc70c-3b05-4646-aa6c-ff53de76c97f,6117b6f0-c4f4-4bf1-9eeb-f33950decba8,2024-08-07T10:16,4,116.64,Card,Completed
aaffb446-94dd-48e1-8e45-f15af363bc0f,b0d737cd-ec4b-4a88-aa81-d012ef3fb719,2025-08-03T10:16,1,14.56,Online,Cancelled
aebb7287-f23a-4901-a59e-b2df837c0437,964d337f-acd5-4ca2-8843-9be3f2eb60fc,2024-10-13T10:16,8,130.96,Cash,Completed
3a8bd611-0170-49d6-ae73-2d792178cf01,0b2a0e9a-e050-4380-b607-57adcbbf59d4,2024-03-12T10:16,5,146.20,Card,Pending
439ff8ce-f7ec-4f75-a8a6-dbe8cb4bfcd4,a190f67b-21df-46bc-8164-46bdfa00af85,2025-11-05T10:16,8,84.16,Card,Cancelled
c41f61e4-1a87-488e-ba22-682dfa217704,74e76582-f1b8-4560-b049-8aebb59d4721,2025-01-27T10:16,7,73.71,Cash,Pending
7225cc31-7083-4e5c-9410-0e6e9189d14d,52c87fd9-fdf0-4256-b929-6153ad24a0ac,2025-08-11T10:16,3,26.82,Card,Cancelled
42a099e7-cc74-4c17-8206-56e21945de6a,5eb75bc0-d5fa-4209-9d42-7767f3f0585b,2025-02-04T10:16,9,219.42,Online,Cancelled
1cb8428d-0d48-49dd-b2be-3b048dafec2c,3dcaabe3-78c9-4d88-bed5-56ca7ceea07c,2024-08-29T10:16,8,97.68,Cash,Pending
65ca1552-a7c0-4d98-88aa-dbb8953497b0,b047b369-02d0-4f25-9af0-f1e883228863,2024-08-01T10:16,1,21.36,Online,Completed
58f40e28-b320-4d2a-b589-e997b0393d42,795088d7-d227-422e-ad8c-f048bde0675e,2024-05-24T10:16,3,80.46,Online,Cancelled
cbe43e8f-bc0a-461b-9707-70a81f677e30,3910ab11-8758-4a4f-8a9b-c4f5df7413c4,2025-06-17T10:16,4,39.76,Online,Pending
8a600664-ddf5-451a-a67c-c33040d8cd5d,964d337f-acd5-4ca2-8843-9be3f2eb60fc,2024-12-14T10:16,3,20.73,Card,Completed
ae8fdb52-2910-4ef7-9b7f-4108387bfb7a,aff4340c-d102-49ba-af8e-84d2737ce82c,2024-07-24T10:16,5,97.95,Cash,Cancelled
39236af1-8034-478b-aa4b-066473fa2d4d,0a5bd884-b432-4ce5-b14e-44b4aedd4c0f,2025-06-06T10:16,6,96.06,Cash,Completed
cb4f146a-d497-4086-a6fd-cd8a6d9d80b3,dcfb3d05-846d-4915-99f3-ebbc7559d972,2024-10-31T10:16,9,143.37,Online,Completed
861674ea-6f6e-4d34-872c-581de08f919f,89d26a00-0fde-4c03-8430-b06f6bc3f33a,2024-08-10T10:16,3,79.80,Cash,Completed
12d7ceb1-2501-4d06-abdd-51a2afbeb215,7a18d550-38d0-40b2-84a7-547162e7e409,2024-11-07T10:16,6,120.18,Online,Pending
bc791498-f23e-4d4a-a3f0-251de2d20b3a,92da274a-bea2-490a-bb52-196c46fa8487,2024-10-12T10:16,3,46.20,Cash,Pending
4361a908-eba9-473e-abb3-3d4ac575b8ef,09ba4183-1b94-4f8c-bc5f-eca421a88524,2025-06-14T10:16,8,157.92,Cash,Pending
137f61df-327c-43d3-a6a5-644d12af7c5b,8f7f530b-bb30-4a05-b437-744ed30af54f,2025-06-23T10:16,4,25.00,Online,Cancelled
c9d2581d-0fb4-4f94-ba91-47acef2e7187,8e1bbe6c-7b75-46dc-8ca1-0b1664cd6ae4,2024-09-23T10:16,4,27.44,Card,Pending
7611fd67-8ee3-4501-a87f-de6db606f122,a190f67b-21df-46bc-8164-46bdfa00af85,2025-07-08T10:16,7,164.57,Cash,Pending
704aedbc-5707-48d6-b657-20690183e8ec,1a48aa9a-def3-481d-922a-94300aa97309,2024-09-29T10:16,2,16.56,Online,Completed
dd8806db-e4c1-4a18-9681-b75d4a1fae6e,0df3bae1-6384-4856-aa27-aef9f6c48b75,2024-12-15T10:16,9,199.17,Card,Cancelled
cfbaa0b4-1eec-4138-9e39-67e7b15dbd88,365c90d0-a590-4209-9401-2ce55af5ed98,2023-12-04T10:16,6,137.40,Card,Completed
2cd0d8ab-0daa-4f96-b805-1fd60de6aaa7,d5eaf6a7-76cc-48ec-98d9-ba713e2df70f,2024-01-05T10:16,4,69.08,Cash,Pending
c7d5c8c5-630e-490c-9b03-b1df235ca29d,f0a6a958-e434-41bf-a830-dffa55a34db5,2024-10-06T10:16,5,83.50,Card,Completed
7bcfc1fb-6b12-4382-bc4e-3c0eaa10e6c0,4bb2d776-14c0-4ef6-b8ba-c580cbed72b8,2024-07-14T10:16,1,5.98,Card,Cancelled
de6e9017-eedc-47b5-8f11-78cbeb049efd,21edfc22-3f73-4335-a774-3cf78ab65e86,2025-03-03T10:16,3,38.31,Card,Completed
5e8de2d8-0815-4ee5-999e-f3c60f2287ab,9b9edd1e-b4f7-414c-b8b5-a3dc51fa0a8c,2024-03-26T10:16,1,8.85,Cash,Completed
b04c04d4-fe0d-4137-bb7a-555cef25fac1,e12c3d24-86c8-474f-b86b-370df36adbfe,2025-08-16T10:16,5,79.75,Card,Cancelled
650fd1bb-0daf-4e2a-8e76-cb89be62801d,6c6a3b10-9747-4dca-a041-4edc22d147b0,2024-07-18T10:16,2,40.82,Cash,Completed
cd72ac0b-c633-41ab-94e2-8972e501e31c,6aaabc79-3d35-410f-bb96-f86a3930d0ff,2024-07-13T10:16,4,51.72,Card,Cancelled
20cd8f5f-e31e-4a66-a70b-e2966830a21f,27e45431-1333-4ffd-a0c8-be56ffdc5d4e,2025-08-08T10:16,3,43.59,Cash,Cancelled
23b4d267-85c9-4880-aae8-9e323decb7e7,e38afcd9-9e08-47ba-bc92-5ebb4bc271eb,2024-02-06T10:16,1,18.34,Card,Cancelled
91e0adf0-e58c-498f-8edb-c4936e9fdfc4,2ca088cd-c6c6-4e60-a1a4-d2990ee21b12,2024-12-24T10:16,5,49.85,Card,Pending
60d929cc-3c8d-448f-8c77-7bb9301c397d,4f6ae324-5b6d-47d6-a86d-26ec6fbe1e0e,2025-07-20T10:16,5,133.55,Online,Completed
967d07a0-eaa1-4fed-8dfe-94a5337d899d,f0a6a958-e434-41bf-a830-dffa55a34db5,2025-04-18T10:16,7,122.01,Online,Cancelled
021e13e1-c287-4c1e-92cc-6e7d7cc091a8,000f9c8f-2fc7-4346-844d-c04f10751265,2025-07-08T10:16,9,125.28,Card,Completed
d9c67250-e2cd-4bf7-99b3-28efde7564e1,935ebde1-5945-4673-886e-1a7a12cc2d4e,2024-03-26T10:16,2,11.38,Online,Cancelled
e27cf48f-0a5e-477b-a9d1-90c353bedfc8,5d6f84a5-a4de-442e-99b9-b8ef714b4436,2025-07-17T10:16,5,135.55,Online,Pending
05ebaa6d-6de2-4626-925a-ceeaf2fa8317,795088d7-d227-422e-ad8c-f048bde0675e,2024-05-03T10:16,3,67.05,Cash,Cancelled
d591b965-ca12-4da5-8ab8-18db473baaf8,8f7f530b-bb30-4a05-b437-744ed30af54f,2024-07-06T10:16,5,66.45,Online,Pending
0d017049-c0b5-4556-b24c-aac49479fa7c,53db1213-7316-47bb-9099-c1def0e3c96b,2025-06-15T10:16,4,100.16,Cash,Pending
85f50cb1-0d07-467d-9094-b2f99720cf17,d7af10ce-45c9-4fc8-8dd8-b1c5491aad5f,2025-01-30T10:16,5,98.30,Cash,Completed
d4641b46-d46b-435d-8ecb-b0e345ad8d18,3befa4dc-d961-4a3a-9410-d43d1bdaa335,2024-02-12T10:16,8,220.16,Online,Pending
1156c8eb-3e6e-42c8-99c9-e923a5e3fbe9,92da274a-bea2-490a-bb52-196c46fa8487,2024-06-03T10:16,1,24.72,Cash,Pending
565a5603-433f-45c7-b168-484c26a5dba5,0b2a0e9a-e050-4380-b607-57adcbbf59d4,2025-03-01T10:16,8,232.48,Online,Completed
c01bb390-3a37-4dca-8a9a-7e894e7f1946,b014b56e-3263-4b63-8430-46e00bc5ea77,2024-01-26T10:16,9,158.67,Online,Cancelled
14f86c4e-90fc-451a-b6a0-e696f0f4a640,1407e9cf-22c9-4137-a2fe-cc12dc038235,2024-10-08T10:16,8,132.72,Online,Completed
8b18894d-6bf1-4b64-852c-04ec6c97cdf9,a3f626b9-cc27-4c04-8570-be79ab8bda4a,2024-07-12T10:16,6,104.46,Online,Completed
fcf07131-3370-4714-85d0-b302a69188d9,c63bd277-c81c-40c5-8720-6ce916d653c4,2024-05-07T10:16,8,198.72,Cash,Completed
9106b59b-cd7c-48b3-b34f-5e9f7be8bf52,67c276b0-7be6-4f3c-bf86-c342095c8112,2024-09-10T10:16,6,155.46,Online,Completed
6caa4bb5-1c9e-41ad-8658-938867ab8977,fbe227d7-6d32-4407-9783-7fdac983e55f,2024-01-07T10:16,2,42.56,Cash,Pending
e81b54d3-eca4-4303-9c33-d54653935b20,ff4db0d8-e809-46e8-9ae0-78ffee4902d9,2025-11-01T10:16,2,28.96,Card,Cancelled
82fa2a26-95bf-4066-8bb1-c03bcd2bbb27,4739f27f-7a96-4d52-83ae-0c6fd4c8c606,2025-09-28T10:16,9,86.85,Online,Completed
4aae4a89-43a9-466f-81c5-0e6d14950bd3,1233cc27-7567-48e0-8dd2-6b0019506c2f,2024-10-11T10:16,6,144.00,Cash,Cancelled
93757d37-c151-4d23-a32f-c1e0a4bfc090,0130fcd4-a6cf-4a72-8400-7bcae1abce34,2024-10-04T10:16,6,84.30,Cash,Cancelled
27718c3d-0e42-40e6-ab3b-389bc0aea43c,ff4db0d8-e809-46e8-9ae0-78ffee4902d9,2025-07-28T10:16,2,24.74,Online,Completed
90262826-9cf9-44fd-aff0-197febaaf0a8,953417c6-cd52-45e9-9ca0-bb450653c934,2024-08-19T10:16,1,27.62,Online,Pending
a85759ad-fa05-4781-944d-c6453b7e7d24,6aaabc79-3d35-410f-bb96-f86a3930d0ff,2025-09-29T10:16,3,57.39,Card,Completed
a197fc59-e07b-4566-bd15-c54e5545f743,10b26c2d-7d56-4175-84a8-a2775e128a9d,2024-01-25T10:16,4,71.76,Online,Completed
258224a6-98ea-451b-a5c8-0bd89eff9f8c,058b9c75-b72f-4594-80d2-e41194ff7672,2024-07-19T10:16,1,7.53,Cash,Completed
9eb4d435-537a-463c-989d-d9c256e389e8,d3f641e5-b8b5-4f5f-9155-7768df2033e8,2024-12-07T10:16,5,115.05,Online,Completed
e54170f2-e610-4c0f-86b0-7e3ede956564,050d9901-1cb5-413a-9c31-282028f863c1,2025-09-09T10:16,4,58.28,Card,Completed
370fdb6d-1b6b-4367-8d82-c020b1ec5562,99c406e7-092b-4eeb-bc08-56fc041c253d,2024-03-13T10:16,9,122.31,Online,Completed
6ba79c3e-3ae6-44a0-804a-dce854ef7ad1,885715b6-b1eb-44ca-8460-28c0343e56f3,2024-08-17T10:16,1,7.23,Card,Pending
b1150958-b4d4-4b59-8b25-c87ca368439c,dcfb3d05-846d-4915-99f3-ebbc7559d972,2024-03-09T10:16,7,122.01,Cash,Cancelled
77e6360a-c533-4121-ac2a-f39a22738821,74e76582-f1b8-4560-b049-8aebb59d4721,2024-09-13T10:16,4,36.32,Cash,Cancelled
889597fb-9041-4231-984d-0522ad8a5430,bb9edfa8-17f7-4f6f-8e3b-616693a298b1,2025-04-01T10:16,2,53.38,Cash,Completed
c947bb97-1c45-4b25-bcb6-bf5eb9f51238,b90a3a7f-421e-47e5-8598-fe50f365a62e,2024-02-10T10:16,4,114.96,Cash,Cancelled
786d4863-3486-4c1f-a8dd-09850ac1e207,a938df5f-7764-459c-8bfd-90409d16b3c6,2024-11-06T10:16,2,13.58,Card,Cancelled
ddeb3c59-d276-4ebc-8a30-2ec3b9f352fc,e12c3d24-86c8-474f-b86b-370df36adbfe,2024-08-02T10:16,9,222.57,Online,Pending
ffa04128-a930-409c-ab5a-0167097a691a,050d9901-1cb5-413a-9c31-282028f863c1,2024-07-22T10:16,3,53.40,Card,Completed
209cf2e7-8d11-4081-979b-638125db7e3f,6e6d2c67-f7fb-4a98-8f9a-4822259b25c4,2025-04-29T10:16,5,78.90,Online,Pending
789fe39e-d34d-4ed5-aad1-e3ed1e5ccf26,7c991f43-c18b-4404-8826-97691b0dc00c,2025-06-28T10:16,6,99.66,Card,Cancelled
59f51420-7a7b-4791-899d-1a7756f1c901,4b14a58c-f1e4-40b6-888d-a88cd7055099,2025-03-02T10:16,9,205.65,Online,Completed
0dcbea84-7b6a-4e87-a2e7-7e9d308955ef,c5817fdc-a4dc-4879-b957-30cfda62016b,2024-01-12T10:16,1,5.10,Online,Pending
cdc2bb61-ca18-497a-a93b-22d8124f0c6b,0a570207-0f70-467f-bbeb-44a0a60a9a25,2024-07-27T10:16,5,91.35,Cash,Cancelled
088bbf3f-5ad7-4379-a304-28128255c647,1a48aa9a-def3-481d-922a-94300aa97309,2025-06-13T10:16,9,109.71,Card,Pending
309d78fa-cf1f-4c77-be51-c8ecdf60e987,c9dcc28a-ae5f-477c-ae7e-72d94129f449,2023-12-26T10:16,1,5.46,Cash,Completed
3a0d142b-1df9-4c20-a42a-dc03fd2513fc,68169a66-a8d4-4763-914e-7befc826445b,2024-01-04T10:16,3,19.20,Card,Pending
e8e515d0-46d9-4525-8014-0258512a4b39,00d7ae70-0f46-4453-963c-4ab2a3d29314,2025-08-20T10:16,1,18.44,Cash,Pending
1ee8a855-d53d-4965-b25b-ed9b4b53c0c6,53db1213-7316-47bb-9099-c1def0e3c96b,2024-07-11T10:16,9,156.24,Online,Completed
24de9aef-07a2-4d67-abd2-c21ebe91bcac,500fde18-ea61-4380-9ea4-f06d09985870,2024-02-07T10:16,9,236.34,Card,Cancelled
cd7dadaa-5f87-4921-8dcb-a93f2cb050bf,5f6e51da-5f01-4c9a-85dd-7d50ef37e5d7,2023-12-12T10:16,8,116.08,Card,Completed
2cffdde9-daa7-4e52-9d7b-62f7de0c69a0,6945f6f4-b8f9-4d04-90ff-e59ed705578e,2024-01-05T10:16,1,11.44,Online,Cancelled
bd78aa8c-1edb-41a6-9c95-bb8287ed7caa,62a2bfef-ca4a-4dec-90ea-bf15ea1880d2,2024-06-04T10:16,7,85.89,Card,Pending
2897b71f-45f9-4492-a2b8-eac632843631,ff4db0d8-e809-46e8-9ae0-78ffee4902d9,2025-06-04T10:16,2,51.16,Card,Completed
da719f91-1322-41ca-9a9d-9fddd8a4f9e2,74e76582-f1b8-4560-b049-8aebb59d4721,2025-08-17T10:16,9,216.00,Card,Cancelled
e952e0c6-02ab-4c3d-9980-7a9b3766556f,a302a1a8-c429-406f-abff-9f273aa0a4b5,2025-04-18T10:16,4,112.04,Card,Completed
a6c6a39f-cde3-48cb-b53a-75293ee103ac,0b2a0e9a-e050-4380-b607-57adcbbf59d4,2024-09-21T10:16,3,77.70,Online,Cancelled
f42b715a-a9f9-4689-bc82-3745a3948069,c0d74d86-5c5b-481d-b8e3-61eeb9c77255,2024-12-05T10:16,4,57.76,Cash,Completed
2856fb81-ea64-4263-8fe2-7857b7f83942,d87f31d7-79ef-4c17-856e-142e791b04da,2025-05-19T10:16,5,111.70,Cash,Pending
f88a17d2-71e0-48b0-90e2-2cf8bc4fa181,cd50913f-8c99-4253-9134-0cf5fe5f300f,2024-08-17T10:16,7,74.83,Online,Cancelled
54cb1369-9013-4b70-b37a-0fe672181cdd,68169a66-a8d4-4763-914e-7befc826445b,2024-10-12T10:16,4,73.52,Online,Completed
69c33c33-416d-4833-ac26-c194c6f1b1a8,824998a2-7592-4051-ab0b-d5e12743c93b,2025-01-14T10:16,1,18.39,Card,Pending
165b80ea-77de-4341-a0d5-a854dc06e7e7,b0d737cd-ec4b-4a88-aa81-d012ef3fb719,2023-12-03T10:16,1,25.98,Card,Pending
99a308ac-2b87-49a1-8a16-f533a8f605f8,205ea7f7-e714-45b8-a083-11247ff702a1,2025-05-14T10:16,8,224.96,Cash,Cancelled
47f03c7f-a71c-42cd-b703-83f7d748c4c5,f067e21d-d1d4-4e87-9cae-9753f5f9ccb6,2025-06-02T10:16,6,87.54,Cash,Cancelled
e1b78d83-686f-44c6-a053-ef379a7fd6eb,bf0de251-90d7-423c-8b31-48df1a89964f,2025-05-24T10:16,6,172.02,Online,Completed
a40d0285-b58d-432c-a60c-750a911a53de,bf0de251-90d7-423c-8b31-48df1a89964f,2025-02-07T10:16,2,22.78,Online,Pending
244b537b-b671-4bcd-bab4-9dfd82e77015,73a2b03c-2dca-486e-8ebc-c4d6bb68a8c6,2024-08-23T10:16,2,45.48,Online,Cancelled
fd547372-da6a-4ad2-a018-3fcb66fbca03,f90cf3ca-e2d0-4129-bc7a-e8a2b80880da,2023-12-23T10:16,9,51.66,Cash,Pending
d7647c9d-5ec8-4422-90bf-74644eafb5d0,4739f27f-7a96-4d52-83ae-0c6fd4c8c606,2024-03-17T10:16,7,201.46,Card,Completed
28ed9d4f-90ed-4c5d-bacc-8b3769abee18,515fe1d2-d33a-4b9d-8c19-07e0cbe81a9a,2023-12-07T10:16,7,155.19,Cash,Cancelled
828ce69b-1f8b-4855-8da2-550509b65941,4717d2a3-4b2a-44f1-b960-a2b73e2d23fd,2024-09-12T10:16,5,135.85,Online,Completed
86bb67fb-33a6-4b6e-a445-493b1d493b26,1a31c678-d420-495a-aff3-0f1609514e1e,2024-09-15T10:16,8,125.36,Online,Completed
1d1b597a-c48d-46f8-a024-31b2b8f49d55,b6c26110-1b77-4777-8c79-c69ec19b66df,2024-01-14T10:16,8,123.28,Card,Pending
a51f4f0e-f3b7-4e25-a042-d91b16651622,b0d737cd-ec4b-4a88-aa81-d012ef3fb719,2024-10-12T10:16,8,153.28,Card,Completed
6270f93d-c0e2-4c5c-a223-78558eb1b3c7,ebe19120-496a-47fa-87eb-2440212a3363,2024-09-18T10:16,5,84.30,Online,Pending
e54887d7-e2a6-4b19-b495-1f885f392352,8113211c-bdc3-4bb0-94d9-3fd3871f3005,2025-05-19T10:16,5,35.45,Online,Completed
90777403-79b9-4d48-85c3-eceeb8138e44,4739f27f-7a96-4d52-83ae-0c6fd4c8c606,2024-08-27T10:16,9,231.48,Online,Pending
154c4e69-2268-4b47-8275-7a38893b1c4d,ceafdb2a-788d-48e0-acdd-bd533a2e7ab6,2023-12-11T10:16,7,133.00,Cash,Pending
47f10525-e1fd-4767-a75f-a1a7b767b2b2,23650eb4-f98d-45a3-a90b-a378f03d469d,2024-07-23T10:16,3,55.68,Online,Cancelled
03a24b18-d74f-4b01-b2b5-4d63a4dac377,25659c0e-6eb5-4c57-add8-fb6ac5f42699,2023-11-18T10:16,7,167.86,Card,Completed
8a494ac2-affc-42cb-a4d3-b45cebb9af4c,e119f98a-df63-41dc-8e01-bb49ca2dc724,2024-02-14T10:16,7,55.09,Online,Cancelled
f929a3b7-41bd-4846-b4c5-7f985faa35b3,cf65c4b6-4c1c-420b-95de-23e5b56ffad5,2025-08-14T10:16,5,102.05,Cash,Cancelled
88ed6b37-ea7c-4e11-a097-418c36c97acc,5f6e51da-5f01-4c9a-85dd-7d50ef37e5d7,2025-11-03T10:16,4,119.12,Online,Pending
6a51ec35-0606-4d71-8d42-abcae998446a,050d9901-1cb5-413a-9c31-282028f863c1,2024-01-02T10:16,7,171.01,Online,Cancelled
d209280b-4edd-4412-8db3-2ba99267b55d,6c6a3b10-9747-4dca-a041-4edc22d147b0,2024-11-18T10:16,6,124.62,Card,Completed
69b4e54a-bbe6-4712-81cc-197a933cfbc2,11526850-7335-463f-b740-a52a90457c3b,2025-05-02T10:16,5,57.30,Cash,Cancelled
e7f6cc3a-4490-4fe7-a371-65a34695ea84,a190f67b-21df-46bc-8164-46bdfa00af85,2024-03-25T10:16,9,92.88,Card,Completed
2dc5e9c1-adb2-45df-8765-b7cd6822e24e,25659c0e-6eb5-4c57-add8-fb6ac5f42699,2025-05-01T10:16,9,59.40,Cash,Completed
cc80ec31-e037-4f3f-9a54-b79f83076cb2,6aaabc79-3d35-410f-bb96-f86a3930d0ff,2025-01-09T10:16,7,35.35,Card,Completed
d2324aa7-9b18-4b45-ae32-72cbcee0984d,92da274a-bea2-490a-bb52-196c46fa8487,2025-01-07T10:16,5,43.65,Cash,Pending
6a918ab2-dbdd-429b-82b4-41809d85d6f2,983d66ae-c8b0-46b8-8abc-26a1055cf729,2023-12-10T10:16,8,192.48,Online,Cancelled
aece69a8-7e58-4ae0-a19c-a54eb59ecb86,824998a2-7592-4051-ab0b-d5e12743c93b,2024-02-23T10:16,7,68.25,Cash,Cancelled
3d2575e7-bf6b-452e-8475-c71ab6e5bb8d,5d6f84a5-a4de-442e-99b9-b8ef714b4436,2024-03-15T10:16,4,113.20,Online,Completed
4ffe739f-bf12-468e-a694-cff65e840d04,21edfc22-3f73-4335-a774-3cf78ab65e86,2025-07-05T10:16,6,100.68,Online,Pending
7da531ba-a744-4db3-9d73-196e00f4d134,7169ef0c-f2c8-4ae3-83f6-87691664d2d2,2025-08-14T10:16,2,17.54,Online,Pending
0aa672b2-997b-443e-8f25-3dfedf1db0f6,4f6ae324-5b6d-47d6-a86d-26ec6fbe1e0e,2025-03-27T10:16,9,165.42,Cash,Completed
e829635c-e34e-4651-a3ff-4e541bb3fc33,0472ca7f-b133-4710-8f43-24a3c6c1afd1,2024-11-12T10:16,3,70.53,Cash,Pending
9975d281-4a91-4b7a-ab55-f12c073ffff4,9b9edd1e-b4f7-414c-b8b5-a3dc51fa0a8c,2025-03-18T10:16,3,82.35,Cash,Cancelled
fc53639b-1906-4939-bbfe-7b5522dcb14e,209e786b-2a61-4e52-a3b2-1cc98bcbf18c,2025-05-26T10:16,4,98.24,Online,Cancelled
94e0d168-16ab-4692-9830-020f202308fa,3ab3404a-ee80-4ed2-8d90-a6f0dad14e48,2024-07-30T10:16,8,188.64,Cash,Cancelled
67f1e643-c032-42ee-9d39-9989932b093d,5f6e51da-5f01-4c9a-85dd-7d50ef37e5d7,2025-03-01T10:16,5,74.75,Cash,Pending
d38d03b7-6ecb-4efc-9cb2-3eee5ba7f803,23650eb4-f98d-45a3-a90b-a378f03d469d,2024-03-17T10:16,7,153.79,Card,Completed
aa8c93ca-5751-4bf9-9645-dba6b1074d7b,49af098b-bf79-4643-8e49-739ea932d38b,2024-02-17T10:16,5,57.70,Online,Pending
b45a3803-220f-44be-b1e9-6214e1aa8486,f6c35464-33dd-44a7-bf84-071f2e427045,2025-02-23T10:16,5,99.25,Online,Pending
96954916-9d35-4733-bd6f-ed53fcc2f8bf,205ea7f7-e714-45b8-a083-11247ff702a1,2025-10-13T10:16,3,83.34,Cash,Pending
44b46f41-ebb8-4df5-ae88-f59c5eb327b5,f6c35464-33dd-44a7-bf84-071f2e427045,2024-08-13T10:16,2,45.62,Online,Pending
e0c4de91-205b-4a2a-a2aa-085713d3dd78,8250871a-2b35-424e-a1a1-4eb4faffabfb,2024-08-17T10:16,6,75.66,Card,Cancelled
77018a09-3089-464e-abdc-164370ad26a7,ff4db0d8-e809-46e8-9ae0-78ffee4902d9,2025-03-18T10:16,6,138.36,Card,Completed
6e7dfea8-a63d-4868-bc6d-2f32d928431e,0130fcd4-a6cf-4a72-8400-7bcae1abce34,2025-04-10T10:16,5,81.40,Online,Cancelled
3e5b65a2-d20b-4c7b-9432-230ca16c9445,b047b369-02d0-4f25-9af0-f1e883228863,2024-11-24T10:16,2,25.98,Online,Cancelled
cf807a56-86e5-49e5-999c-3848ce40e00e,c83bba2f-5229-4998-9566-1f3179b13e8a,2024-12-24T10:16,8,82.40,Online,Pending
9bb3373e-4bbe-4077-895f-6a91cf94c198,1d32c3b3-c732-4995-aa6b-ff159deb3bdf,2025-04-24T10:16,2,24.86,Online,Cancelled
b6b08de3-fe47-41ff-aa51-70e1bb4d5310,b95f7619-fab2-4df9-8683-1f2aeb93a660,2025-03-09T10:16,6,38.76,Cash,Completed
aa5159b3-89ca-4cbc-8ccd-1cecfde0ca76,d3f641e5-b8b5-4f5f-9155-7768df2033e8,2025-10-07T10:16,7,116.20,Cash,Cancelled
8b61579f-8f5f-4687-92c3-0f93a034de6e,36b880b0-e9bd-4c0b-8f1c-32018f6c758a,2024-06-18T10:16,4,95.00,Cash,Cancelled
3b619def-a3ba-4de6-ab08-efe0f71367a2,b047b369-02d0-4f25-9af0-f1e883228863,2024-03-07T10:16,7,48.09,Online,Cancelled
c289a732-c3e4-4641-bb7f-4abfb3b2a5a0,d5eaf6a7-76cc-48ec-98d9-ba713e2df70f,2025-03-02T10:16,8,176.80,Cash,Cancelled
c9c967ea-27a8-4542-a51a-1c3586eff06b,0dd437d0-74fa-43c3-8909-5c955e4d47dd,2025-01-31T10:16,9,115.92,Card,Pending
debb08ee-dee5-48bb-a118-035d58017f4c,485b65e7-fdf4-474d-afba-37986d8d3cd8,2023-12-13T10:16,1,22.48,Card,Pending
144592b2-0d4d-4e04-a944-50b7228552ab,209e786b-2a61-4e52-a3b2-1cc98bcbf18c,2025-07-29T10:16,8,164.48,Cash,Cancelled
6c21a9f9-d696-4701-a2cf-93225a70a4a3,cd50913f-8c99-4253-9134-0cf5fe5f300f,2025-04-14T10:16,3,83.16,Card,Completed
4ee863ce-37c8-44eb-879e-00e2f3b1289f,1407e9cf-22c9-4137-a2fe-cc12dc038235,2023-12-10T10:16,9,201.87,Online,Completed
5dd555e8-cd50-40fb-8d15-c724b1d46f83,f6c35464-33dd-44a7-bf84-071f2e427045,2024-01-22T10:16,5,115.35,Card,Completed
d0c749cc-016d-4b01-a93b-4f8ff827c2cd,f543de06-e341-4de2-95ab-ca0fd3ee51fe,2025-01-17T10:16,7,202.30,Online,Completed
914cc287-84d7-46e8-98ce-833b17191111,428424b7-1f94-496a-8b7a-497ce177d32c,2024-05-14T10:16,4,90.68,Online,Completed
063843d7-1c45-4b11-b52d-0123793bf700,05ccd8a5-ea5f-4353-bd1e-3022152b0685,2024-01-22T10:16,3,19.68,Cash,Cancelled
731ae8d9-bf01-41ea-a3bd-69e4e9a0da71,8250871a-2b35-424e-a1a1-4eb4faffabfb,2024-05-26T10:16,2,30.24,Card,Completed
aff302a4-dd91-4108-a4c2-763fde9595da,cb8747c7-32ca-4b6b-868d-13ab01d953ec,2024-12-04T10:16,2,21.38,Card,Pending
5a386dc8-a692-4d4c-9eaf-9f6b9d66ef7f,941529ef-2114-4bff-907a-4596ff4593a1,2025-05-26T10:16,7,35.35,Card,Cancelled
2851269b-306b-4eaf-bc98-79fe1c799d3c,00d7ae70-0f46-4453-963c-4ab2a3d29314,2025-07-07T10:16,1,8.88,Cash,Completed
c2e5408e-9bfe-4fd2-b27a-130724633f9a,bb6bf39c-f455-4e08-a59e-1bdaaa91d4aa,2024-07-19T10:16,4,88.52,Cash,Pending
667fb145-2e33-4258-b588-52e1c95e46ae,05ccd8a5-ea5f-4353-bd1e-3022152b0685,2025-04-04T10:16,6,64.14,Cash,Completed
56c41eb5-32f2-4c31-8c18-4eb1c55248d2,92da274a-bea2-490a-bb52-196c46fa8487,2025-05-25T10:16,9,159.93,Card,Cancelled
1ac50c7c-257e-4206-a43b-11122f4f6955,7169ef0c-f2c8-4ae3-83f6-87691664d2d2,2025-06-13T10:16,7,136.92,Card,Completed
05832720-8db3-4e82-8e7e-63420f150909,d87f31d7-79ef-4c17-856e-142e791b04da,2025-04-27T10:16,9,233.91,Online,Pending
58b78e81-3a63-4e9d-9ef0-e8e88122b05e,d5cfb1a3-ce2f-4aff-ab4c-50e0c5426af1,2024-01-21T10:16,8,154.96,Card,Cancelled
237321ad-3cab-488a-a889-04898b7bdd15,9305d562-2505-493d-8ed8-3fb721c8f491,2024-08-11T10:16,8,51.68,Online,Cancelled
57dcb75f-f490-45eb-8cb9-b4891dab3145,050d9901-1cb5-413a-9c31-282028f863c1,2025-09-28T10:16,6,118.38,Online,Completed
ac1c28d7-9b4f-4497-9d7c-dc0cddb2c229,f6c35464-33dd-44a7-bf84-071f2e427045,2025-09-22T10:16,2,55.82,Cash,Pending
27e0738b-9d0b-4d2b-92e0-bd5582b834fb,8f7f530b-bb30-4a05-b437-744ed30af54f,2024-06-09T10:16,6,55.68,Online,Completed
a47391ff-f034-485d-905b-17c4d8568303,9305d562-2505-493d-8ed8-3fb721c8f491,2024-01-26T10:16,8,138.32,Cash,Completed
288aa410-6c19-4b90-a939-a5db06b05951,050d9901-1cb5-413a-9c31-282028f863c1,2024-09-01T10:16,2,45.10,Cash,Completed
db3e7ba0-651a-43a0-88b9-7c2b40bddd13,63846b60-b7be-4087-ac6e-56c9bc130a20,2025-03-03T10:16,2,58.88,Cash,Cancelled
1c321b88-0180-4c65-9b1e-ac5ecd25425c,6c3bf618-a715-40f9-9faa-cfc5f5beef2f,2024-09-17T10:16,6,89.88,Cash,Cancelled
e731e4ae-5b4e-4b68-b224-a6f52f3cc966,bf0de251-90d7-423c-8b31-48df1a89964f,2024-08-06T10:16,8,189.60,Card,Cancelled
4851ce90-2ee4-44b7-a7ae-b4832a40263c,92da274a-bea2-490a-bb52-196c46fa8487,2025-06-16T10:16,1,19.82,Cash,Pending
a0988c32-d26f-4df6-8399-ab7db2560008,d33bbfcd-a2ca-4e80-8a1c-65223f061e7e,2025-08-17T10:16,4,110.88,Cash,Pending
c6f12251-739c-4918-ab44-1964059af7bd,6c6a3b10-9747-4dca-a041-4edc22d147b0,2025-09-14T10:16,8,59.28,Cash,Pending
8b019beb-0e4a-44cf-8696-20fbac29b471,fe624323-ba72-456d-9842-ed9e0edc75df,2024-11-09T10:16,1,7.47,Cash,Completed
497ef34a-19ab-4405-a68e-3592c41faa86,c83bba2f-5229-4998-9566-1f3179b13e8a,2024-11-07T10:16,3,84.27,Online,Cancelled
d588d427-6163-4977-8a62-4d87b49a6ecf,ef7fad1f-a86f-4ee1-95b4-ce1f339f0fa5,2025-06-22T10:16,7,71.33,Cash,Completed
d77455ad-c770-4832-90bd-0502498dd830,92da274a-bea2-490a-bb52-196c46fa8487,2025-08-25T10:16,8,136.56,Online,Cancelled
6619804e-a4ad-4260-9228-5e11b01b43d3,c0d74d86-5c5b-481d-b8e3-61eeb9c77255,2025-09-18T10:16,2,12.54,Cash,Cancelled
af052466-8328-40de-8e3f-d1f9a9923e71,8e1bbe6c-7b75-46dc-8ca1-0b1664cd6ae4,2025-11-02T10:16,2,43.74,Card,Pending
95f8e1d6-7947-4fb0-a9a9-e16f805f951e,3befa4dc-d961-4a3a-9410-d43d1bdaa335,2025-04-10T10:16,3,41.16,Card,Completed
48d9527a-f6e1-4d9c-a083-35855123d2fb,68169a66-a8d4-4763-914e-7befc826445b,2024-06-25T10:16,3,36.03,Card,Pending
cc59ddaf-5ade-48cc-95a5-ce4e895d609c,9305d562-2505-493d-8ed8-3fb721c8f491,2024-11-17T10:16,6,119.52,Cash,Pending
7741e207-d08d-4081-9141-f1f6b43e990b,e12c3d24-86c8-474f-b86b-370df36adbfe,2024-07-08T10:16,3,15.63,Card,Completed
ea8b6bd4-2d89-4fa7-8ebd-be1b99929dd3,964d337f-acd5-4ca2-8843-9be3f2eb60fc,2025-08-03T10:16,8,189.60,Card,Cancelled
770927d6-bbe5-49f2-a3c2-2936ab896b5a,b047b369-02d0-4f25-9af0-f1e883228863,2024-05-03T10:16,6,101.52,Online,Cancelled
eed7c0e9-f0f8-4531-8523-0be6edfa9d51,60cd80b6-3967-4dae-b4df-adc7b5644971,2025-08-13T10:16,9,81.99,Online,Completed
2ec69180-bdfa-40e3-a43e-5b6f19296a0d,0a15d43b-8f6b-444a-bef2-ffbddfdbd16f,2024-10-02T10:16,6,77.16,Card,Pending
1b7546d8-ecd4-4dec-af37-b4c835227171,0a15d43b-8f6b-444a-bef2-ffbddfdbd16f,2024-06-21T10:16,6,77.46,Cash,Completed
b54e2370-4551-4cf7-9bc9-faaacee1361a,98b17fed-218c-4f20-8410-9f0edfc74455,2024-06-26T10:16,5,120.25,Cash,Cancelled
38cad35d-833e-445b-a0ce-18931416cc28,ef7fad1f-a86f-4ee1-95b4-ce1f339f0fa5,2025-08-24T10:16,1,21.53,Cash,Pending
ef32c62e-913d-4d0e-93af-88890eb35571,59827b2a-ae17-44b1-bd6f-6f08718559cb,2025-02-20T10:16,8,94.24,Card,Pending
9f37441a-5f45-45e6-9045-ce39520dc7ef,60cd80b6-3967-4dae-b4df-adc7b5644971,2025-05-24T10:16,9,99.45,Online,Completed
8167bd26-af1c-47e3-9955-8141e8d0efcb,9c53f3f8-5b22-4d77-bd76-cfa6c70e443c,2025-01-18T10:16,3,28.08,Cash,Pending
91624875-4e92-47cb-a644-de9322e40ca3,bfa3444b-2be9-46be-b944-720d86a59770,2024-10-06T10:16,6,163.80,Online,Pending
c9cb255e-a562-444e-bc36-8095959afd71,7c991f43-c18b-4404-8826-97691b0dc00c,2025-05-07T10:16,2,29.22,Online,Completed
811e6751-0ef3-4650-ba10-0ff463afbca3,983d66ae-c8b0-46b8-8abc-26a1055cf729,2025-05-18T10:16,3,34.02,Card,Pending
cf0bedf5-e0dc-4dee-84c2-27e457b65fb9,7a18d550-38d0-40b2-84a7-547162e7e409,2025-07-16T10:16,4,117.24,Online,Cancelled
5a0b0c9e-55b4-4ce4-8cca-092a1a94f629,365c90d0-a590-4209-9401-2ce55af5ed98,2025-01-31T10:16,8,141.28,Online,Completed
f9942b0b-8f14-4217-9790-bffd91ca29d4,49af098b-bf79-4643-8e49-739ea932d38b,2024-08-11T10:16,5,41.40,Online,Completed
87d70283-0e27-4e1a-bade-4d727cc7e882,c9dcc28a-ae5f-477c-ae7e-72d94129f449,2024-01-13T10:16,9,227.07,Online,Completed
01055a9b-a0f8-4bf2-93d4-72a58e725a40,1a48aa9a-def3-481d-922a-94300aa97309,2023-11-13T10:16,5,40.20,Cash,Completed
1c4a3a21-7ea7-453d-973f-9daa2ec59a9a,dcfb3d05-846d-4915-99f3-ebbc7559d972,2024-06-24T10:16,8,166.80,Online,Cancelled
0b1a1dc0-aa5d-4eca-80ba-6d753dbd2d19,bb6bf39c-f455-4e08-a59e-1bdaaa91d4aa,2024-10-25T10:16,4,26.40,Cash,Completed
fbaf2c21-f2c1-431c-a1cd-f7d5b7eb2aeb,935ebde1-5945-4673-886e-1a7a12cc2d4e,2024-02-12T10:16,9,198.45,Online,Completed
a135872c-c2d9-44a9-ae95-696464a2b3a5,aff4340c-d102-49ba-af8e-84d2737ce82c,2025-10-22T10:16,5,144.85,Online,Pending
f23fabdd-6177-44f8-b5d6-19d337984f46,7a18d550-38d0-40b2-84a7-547162e7e409,2025-08-08T10:16,2,55.58,Online,Pending
d6101513-00cc-4c9d-91fb-275cb76a4460,52fbb114-83aa-432d-b2f1-f3e37a5c4754,2024-02-03T10:16,6,124.44,Online,Completed
b13327a1-4070-41aa-b257-6ea4874a5e27,62a2bfef-ca4a-4dec-90ea-bf15ea1880d2,2025-05-03T10:16,6,79.68,Cash,Pending
f4a58b2d-0c76-43e2-9dee-f12ac7a2c0d6,4e6807ca-aed8-4ec9-b1b0-0e3aba57efb1,2024-05-04T10:16,3,73.44,Cash,Completed
0b2f8c4f-3c0e-4540-8e01-7efa3319e6ae,bc58b12c-65c4-4f21-89ef-3e492a22ef7c,2024-12-19T10:16,9,165.78,Card,Completed
73918c16-1f8b-4e8f-98f1-40552b6d271f,bc58b12c-65c4-4f21-89ef-3e492a22ef7c,2025-03-05T10:16,1,9.36,Online,Cancelled
9dfed974-c0e5-4c9d-9dc3-5617e9e9fb16,401a6911-a31e-4892-adc1-56e3e1eb090a,2025-10-15T10:16,2,35.26,Cash,Completed
2b3c06dd-4ce7-4c54-b27b-e05383639e62,26d032f1-9fe9-487a-987a-a8be14e1db05,2024-02-02T10:16,6,43.80,Cash,Completed
fa6ef964-661b-4988-81c8-c0427c9ae5d4,bc58b12c-65c4-4f21-89ef-3e492a22ef7c,2024-05-01T10:16,4,111.44,Cash,Completed
cb1fa44a-5621-465b-bd9e-07ffd0cd0365,8887df7e-682b-4d48-b18c-c1ddfa0aaa26,2025-06-29T10:16,8,113.84,Cash,Pending
b5180c57-8f37-49d8-b9af-63cc2bcce0b8,e38afcd9-9e08-47ba-bc92-5ebb4bc271eb,2025-06-12T10:16,6,67.74,Card,Cancelled
ee8ea7ce-c43e-4f2e-9173-4a34f1b4ec13,0a5bd884-b432-4ce5-b14e-44b4aedd4c0f,2024-02-11T10:16,5,105.15,Online,Cancelled
056c48f2-cf5b-4c5c-aa7f-2e4c7dacc97c,3910ab11-8758-4a4f-8a9b-c4f5df7413c4,2024-10-05T10:16,2,58.06,Card,Completed
e8fb862d-e90c-4ee7-9be4-b4ecd6c7c4aa,bb6ceda0-3f7a-4dfa-9862-41a88dd468b2,2025-05-22T10:16,9,227.79,Card,Cancelled
dac5b0c9-df89-4290-8eda-8bc83928bda1,e6e1db85-f8ba-4264-9c9a-520ecda4bc4c,2025-08-27T10:16,8,58.72,Online,Completed
161c05a2-a9ab-4809-8d32-02592fea57c3,b03f75c1-655f-4480-a2bf-1a0af806e96e,2024-05-18T10:16,1,20.48,Online,Completed
155966ee-37bf-40f8-bbc8-93f3e77540cb,b0d737cd-ec4b-4a88-aa81-d012ef3fb719,2023-11-13T10:16,1,6.64,Cash,Completed
c4384515-db3e-4913-a557-2d23322ebc03,3befa4dc-d961-4a3a-9410-d43d1bdaa335,2025-04-02T10:16,4,86.00,Online,Pending
22337953-d58d-4e4f-b9c4-27efd8a3c98e,103fcba5-5588-45a5-9fe0-6ac948d3860e,2024-03-29T10:16,7,141.68,Cash,Completed
b1d62cd3-0a76-4481-aef5-9dd384b8341e,4739f27f-7a96-4d52-83ae-0c6fd4c8c606,2024-05-23T10:16,8,183.92,Online,Pending
d1d18cf4-b604-499d-a2a2-cc1fb59e92f8,b6c26110-1b77-4777-8c79-c69ec19b66df,2024-10-05T10:16,9,115.47,Online,Cancelled
f939041e-2775-4b97-9b36-801d9283e990,36b880b0-e9bd-4c0b-8f1c-32018f6c758a,2025-10-22T10:16,7,59.71,Card,Completed
2b9ada98-40a6-4f3b-b456-1c1dd4bb778b,b3688304-b24b-416a-9bf4-c2b6aaeb59d3,2025-08-10T10:16,9,78.57,Online,Pending
ee3c2d2d-bbff-4ae5-bc9b-9706fbe8d119,e6cb1215-5314-4d05-bfd1-f6e5d36e89f7,2023-11-29T10:16,7,78.54,Online,Completed
1863ca28-d502-46ab-b884-9ee98338ae99,c46351bf-193f-49af-a5d6-456188837c3d,2024-06-05T10:16,5,145.60,Online,Completed
bed577e3-3d16-448f-9d3c-249e39e5be4f,d5cfb1a3-ce2f-4aff-ab4c-50e0c5426af1,2025-10-27T10:16,4,81.04,Cash,Pending
88999c91-80c3-4eee-b96c-1e8ba159e5d3,23650eb4-f98d-45a3-a90b-a378f03d469d,2024-12-16T10:16,7,115.01,Online,Cancelled
93ec77e2-d921-4a83-9497-5b4904e76087,0df3bae1-6384-4856-aa27-aef9f6c48b75,2025-08-04T10:16,2,43.92,Online,Completed
2c449788-bcc1-4fd4-ab59-80ee7a277773,99c406e7-092b-4eeb-bc08-56fc041c253d,2024-04-04T10:16,5,66.35,Card,Completed
ad331ac6-d84c-4e6b-987f-b18652ec7c01,e119f98a-df63-41dc-8e01-bb49ca2dc724,2024-04-08T10:16,8,106.08,Online,Completed
cc582dfa-887f-4e08-a0d6-96d8d31566d2,a3f626b9-cc27-4c04-8570-be79ab8bda4a,2024-08-08T10:16,2,42.02,Online,Cancelled
f2ff58a1-4fbf-4291-9797-9fb55b85fa12,2ca088cd-c6c6-4e60-a1a4-d2990ee21b12,2023-12-12T10:16,7,52.50,Online,Pending
7bfe1fc7-3099-43af-b96c-23b7930e5c81,a5ffc907-be77-43e6-8694-4a0bf09bd3fb,2025-06-14T10:16,5,70.00,Card,Completed
982c86ae-982d-48df-b5cd-f9118a6cd486,8e1bbe6c-7b75-46dc-8ca1-0b1664cd6ae4,2025-11-01T10:16,4,61.12,Online,Completed
afd9e588-6ebe-4478-a014-a51b64386c51,a302a1a8-c429-406f-abff-9f273aa0a4b5,2025-05-05T10:16,5,50.35,Cash,Cancelled
8f0edfbd-a2d5-44a1-8afb-11cc75316b49,0d463f72-c3a1-4a2b-8d0d-1721a0d1a06b,2024-02-17T10:16,8,161.68,Cash,Cancelled
928c60f2-41d4-4585-abc2-286aed044d90,e12c3d24-86c8-474f-b86b-370df36adbfe,2025-05-20T10:16,2,20.98,Online,Cancelled
256823d9-b515-4ffb-a6b6-20c9b006dd1d,c46351bf-193f-49af-a5d6-456188837c3d,2024-11-02T10:16,9,229.77,Online,Cancelled
63bf83e2-093c-41f9-8af3-1a8cd412662d,a3f626b9-cc27-4c04-8570-be79ab8bda4a,2023-11-14T10:16,2,51.96,Card,Pending
ce7d56bc-fa8b-4aca-9992-0a4b39f3418d,058b9c75-b72f-4594-80d2-e41194ff7672,2025-07-16T10:16,2,53.80,Online,Pending
c58ed8f9-73b3-4276-abb3-955cf3f6c8a9,59827b2a-ae17-44b1-bd6f-6f08718559cb,2025-04-29T10:16,7,99.54,Cash,Pending
58f06c7a-775b-49a9-bb34-b133ce8727a6,5f6e51da-5f01-4c9a-85dd-7d50ef37e5d7,2024-01-07T10:16,8,79.36,Online,Completed
b8bd4359-e9e2-40bc-9879-bad9ecd5028b,b04ce307-2d1f-4214-b023-d8f4379041a1,2025-04-07T10:16,5,122.05,Card,Cancelled
f1bd5a26-42d3-47a1-8905-356f3421db33,8b546c63-5406-493d-bc69-cfb594b38267,2024-06-30T10:16,9,265.50,Cash,Pending
1765cf49-904b-4f73-99b9-eba357389e4f,59827b2a-ae17-44b1-bd6f-6f08718559cb,2024-02-11T10:16,5,91.95,Online,Pending
f7ae73e1-00a8-48ce-bf16-b400f90aff27,e886c155-0dae-4b36-88f5-a86fa474d1f6,2025-04-02T10:16,5,73.75,Online,Cancelled
ab8ca278-3b15-4c39-ad09-72cffaca60ce,8626238e-5813-415a-9a8c-db944b1e0269,2024-05-17T10:16,1,23.06,Online,Completed
8b64075e-2637-4dc7-8e9d-22bdfb7c62f5,4f6ae324-5b6d-47d6-a86d-26ec6fbe1e0e,2024-09-06T10:16,5,143.10,Online,Completed
482574f7-3f67-437b-a049-d189a3e3802c,f543de06-e341-4de2-95ab-ca0fd3ee51fe,2025-10-24T10:16,7,99.19,Card,Cancelled
a03a4972-471e-4ea2-abd0-16bdfa7e9f1b,92da274a-bea2-490a-bb52-196c46fa8487,2025-02-16T10:16,6,116.40,Cash,Pending
e85556d5-0ef8-4749-a50c-9bc67a4f4f32,0b2a0e9a-e050-4380-b607-57adcbbf59d4,2025-02-08T10:16,3,78.78,Cash,Completed
7fa26bf2-9e8e-4264-a5f3-80550e507fde,5eb75bc0-d5fa-4209-9d42-7767f3f0585b,2025-01-01T10:16,6,137.04,Cash,Pending
eeadc0ad-b811-4836-a3c8-f4d138d06a3c,b95f7619-fab2-4df9-8683-1f2aeb93a660,2024-04-20T10:16,3,48.36,Cash,Cancelled
61599277-989c-42ab-bed2-2188a3b4fedf,b0d737cd-ec4b-4a88-aa81-d012ef3fb719,2024-07-19T10:16,8,215.20,Card,Completed
b0baa23d-f6a0-4f11-ac4c-a06c8c6937f2,14eace30-1ac2-411e-8eef-98e8f32a87fb,2024-02-04T10:16,9,197.01,Online,Cancelled
3312d5ac-61ef-4ebe-9a51-eab9595eaec1,b3688304-b24b-416a-9bf4-c2b6aaeb59d3,2025-09-09T10:16,1,10.61,Online,Pending
834ad2d3-ebcf-433c-aed0-358a009e586a,74e76582-f1b8-4560-b049-8aebb59d4721,2025-01-21T10:16,5,125.35,Online,Cancelled
a4addd8a-d316-499c-96bc-e121cdde0bcc,0dd437d0-74fa-43c3-8909-5c955e4d47dd,2025-09-19T10:16,7,76.02,Online,Pending
324bf69f-ea20-4491-bc08-c841a0f3f422,ada8704c-2784-4d70-84da-10078407d2c8,2024-03-23T10:16,2,42.14,Online,Completed
e76686bc-e8cb-45cf-9009-bca7fcac5673,b014b56e-3263-4b63-8430-46e00bc5ea77,2025-01-05T10:16,1,18.53,Card,Cancelled
5990ec3a-c4d1-449a-a00f-8d3eaaa1bdba,ebe19120-496a-47fa-87eb-2440212a3363,2025-06-27T10:16,4,113.08,Cash,Pending
3e8e2c83-cbda-4fdd-bea4-82428d32a51a,5400d214-6176-40bf-88d2-3f53ed38bf69,2023-12-14T10:16,4,111.68,Online,Completed
200f2c74-a8c4-4a7b-866b-ee9f7d797d4a,d5eaf6a7-76cc-48ec-98d9-ba713e2df70f,2025-08-29T10:16,5,100.75,Online,Pending
2b89adca-b0f3-4b75-be06-cfb23d42305b,c63bd277-c81c-40c5-8720-6ce916d653c4,2024-09-20T10:16,7,85.96,Cash,Cancelled
496c29b0-69f8-4bd6-b624-2988d8aeebef,f067e21d-d1d4-4e87-9cae-9753f5f9ccb6,2024-09-08T10:16,5,104.55,Cash,Pending
74c60418-47bd-4384-b5e3-515e1e6305f2,b3688304-b24b-416a-9bf4-c2b6aaeb59d3,2025-05-23T10:16,4,111.80,Online,Completed
08afcd6d-c011-4abf-82bf-3cd4bb2200d9,b3688304-b24b-416a-9bf4-c2b6aaeb59d3,2025-09-28T10:16,1,7.32,Online,Cancelled
5e2bfc69-f0ca-434d-b3ea-f29017066f2c,bb6ceda0-3f7a-4dfa-9862-41a88dd468b2,2025-06-01T10:16,8,223.36,Card,Completed
e97a3464-3728-4cf5-beb8-f0162e502a20,103fcba5-5588-45a5-9fe0-6ac948d3860e,2025-02-11T10:16,1,22.25,Cash,Pending
a6959fd3-0f3a-4d09-a319-2df38adf96ac,401a6911-a31e-4892-adc1-56e3e1eb090a,2024-10-17T10:16,1,20.15,Card,Completed
e5b5b77b-e216-4b4a-af1c-8af5951a3be1,e12c3d24-86c8-474f-b86b-370df36adbfe,2024-03-15T10:16,2,19.64,Online,Completed
fff3a6f0-d6b8-43e1-b112-52958c71e49a,f543de06-e341-4de2-95ab-ca0fd3ee51fe,2024-01-30T10:16,9,49.50,Online,Pending
a2cf2287-ae84-46f4-83d2-7debbaf685dc,1a48aa9a-def3-481d-922a-94300aa97309,2025-09-26T10:16,7,75.88,Cash,Cancelled
63c1bf50-72e3-43b6-8109-6b92decd8083,a302a1a8-c429-406f-abff-9f273aa0a4b5,2024-02-25T10:16,9,180.81,Online,Cancelled
23d745b0-e101-4172-bc43-9985b1c4d7d9,02c65c06-56ad-4670-b8e2-10ab417c7154,2025-04-24T10:16,9,144.45,Online,Cancelled
b9d08e14-b7a1-4571-9696-3a37a70a38ed,050d9901-1cb5-413a-9c31-282028f863c1,2024-01-21T10:16,7,151.69,Online,Cancelled
f8c67f76-e774-4b91-8593-1be2af0d3376,0a5bd884-b432-4ce5-b14e-44b4aedd4c0f,2025-04-19T10:16,8,207.44,Card,Cancelled
ca0ac053-825a-453e-8423-3f2e0ecf1999,d33bbfcd-a2ca-4e80-8a1c-65223f061e7e,2024-01-01T10:16,3,65.19,Cash,Pending
caa8e63c-6094-460f-a2f0-ed6d5a549111,0130fcd4-a6cf-4a72-8400-7bcae1abce34,2025-02-05T10:16,5,36.55,Cash,Completed
db70a27c-b6f1-4618-b794-86429b82967f,59827b2a-ae17-44b1-bd6f-6f08718559cb,2025-10-02T10:16,9,107.19,Online,Cancelled
780f6c35-867f-4c51-abed-c20e77c57404,8b115a34-224b-453c-be69-b53a7445b466,2024-08-01T10:16,3,47.55,Online,Cancelled
072a9137-2f21-4205-85f1-7804981ad898,7d2df59f-386d-4aec-85a8-2443262a0cb4,2024-02-11T10:16,2,47.30,Online,Cancelled
a977365e-407c-46dc-9100-06082b6f49c9,bf0de251-90d7-423c-8b31-48df1a89964f,2025-05-04T10:16,2,32.78,Online,Completed
ef72ed21-9b15-4b2a-ae85-65d55765fbbf,10b26c2d-7d56-4175-84a8-a2775e128a9d,2024-02-01T10:16,9,118.44,Cash,Pending
0543b7e7-52e5-4a31-a518-cc0aab5f2070,726d71e2-70fd-4416-8568-78619c14a73a,2024-12-03T10:16,6,51.48,Cash,Cancelled
c3610e1c-69b5-4a47-ade8-b826b7fb514c,14eace30-1ac2-411e-8eef-98e8f32a87fb,2024-08-26T10:16,3,52.47,Card,Completed
9fa79bdf-6d81-4a61-aad0-f92e4c61ccaf,06e585f0-5b60-4900-81d1-3379328e6c17,2024-10-08T10:16,9,155.70,Card,Completed
8ce43a8f-d41a-4845-8940-6d8175c2d7e3,ebbc7df0-770d-44f8-b0ff-c62f9006e40e,2025-10-29T10:16,1,24.17,Cash,Cancelled
00b9846f-caf6-490f-9ca6-3574611e0a08,bb6ceda0-3f7a-4dfa-9862-41a88dd468b2,2024-11-10T10:16,2,14.02,Online,Cancelled
f0c0c937-3319-42b0-b6b0-3baad2007172,53db1213-7316-47bb-9099-c1def0e3c96b,2025-11-03T10:16,8,77.36,Card,Completed
3aa9960f-8822-4581-aeb8-c6dfb1f67cde,6aaabc79-3d35-410f-bb96-f86a3930d0ff,2024-07-27T10:16,6,132.54,Online,Completed
497ff983-6a92-4799-9181-c9863dd572c4,25659c0e-6eb5-4c57-add8-fb6ac5f42699,2025-06-06T10:16,2,47.16,Card,Completed
b66b95be-d6c3-4691-ac71-9c805b765e1d,b04ce307-2d1f-4214-b023-d8f4379041a1,2025-02-16T10:16,2,27.76,Online,Cancelled
39af43fd-79b2-4b9d-a8e4-b027d722380d,bfa3444b-2be9-46be-b944-720d86a59770,2025-08-27T10:16,4,46.92,Online,Completed
e545ca16-b1a9-4138-ada3-25ac6633592b,500fde18-ea61-4380-9ea4-f06d09985870,2024-11-05T10:16,9,140.49,Cash,Completed
89959fd4-071f-46c9-ba6e-ab28ac983748,98b17fed-218c-4f20-8410-9f0edfc74455,2024-08-09T10:16,3,18.24,Online,Cancelled
3cc818ef-603a-4fe7-a70e-9bdfde3fbff1,60cd80b6-3967-4dae-b4df-adc7b5644971,2025-05-21T10:16,1,20.33,Card,Completed
9ca1d4f6-d194-4c21-9056-7d394d582b86,485b65e7-fdf4-474d-afba-37986d8d3cd8,2023-11-20T10:16,5,97.55,Online,Pending
f4819bf0-23cd-4c20-84d3-8261216f32f3,52fbb114-83aa-432d-b2f1-f3e37a5c4754,2025-08-07T10:16,9,116.19,Card,Cancelled
b6f519eb-288e-4d98-acc1-643e6481b221,5eb75bc0-d5fa-4209-9d42-7767f3f0585b,2025-09-25T10:16,7,204.26,Online,Pending
a11121f0-e834-4a6a-929d-9071200b256a,d3f641e5-b8b5-4f5f-9155-7768df2033e8,2024-12-08T10:16,7,67.20,Online,Pending
b960b63a-e17e-486b-af28-6c8a4aeedd06,e277d099-db2a-4aee-ab86-8b0e73a34383,2025-05-18T10:16,6,69.66,Online,Completed
b780cd04-ee6c-49b8-9e2d-c62e9a18d0eb,885715b6-b1eb-44ca-8460-28c0343e56f3,2025-08-25T10:16,2,48.24,Cash,Cancelled
c54f0195-08e7-4e0b-85dd-0c72628a1a6e,0a0ac3e5-6e20-4fbc-87ec-5481c70e38bc,2025-08-27T10:16,5,140.80,Card,Cancelled
8c943671-eadd-4fef-a7bd-48f509721077,0dd437d0-74fa-43c3-8909-5c955e4d47dd,2024-01-31T10:16,9,126.36,Online,Cancelled
272f1d16-3a8f-4d05-8be6-e8448cd9ea9e,935ebde1-5945-4673-886e-1a7a12cc2d4e,2025-01-29T10:16,7,46.97,Online,Completed
cfb6f08d-f46f-4469-ae11-3585f997049c,5f6e51da-5f01-4c9a-85dd-7d50ef37e5d7,2024-01-30T10:16,5,61.30,Cash,Pending
02e4e696-f040-4009-a96a-5bc4c2aed877,ceafdb2a-788d-48e0-acdd-bd533a2e7ab6,2025-08-03T10:16,6,144.36,Cash,Completed
4cfe5f58-9651-44e4-ab72-1d47ba8f3acc,2a109685-1399-4149-8951-fba29bb0360d,2024-05-15T10:16,5,125.20,Cash,Completed
5553e386-34a1-4b23-b64b-d5d738eab2ca,7509850a-5062-4da9-aad6-bc5b9e363ef1,2024-10-05T10:16,8,171.12,Cash,Pending
966c6d74-b3cb-42ea-a094-75ea1ad6525c,7d2df59f-386d-4aec-85a8-2443262a0cb4,2024-01-31T10:16,3,75.06,Cash,Cancelled
cff46f8b-820c-488e-8d43-8d86ce3b00b5,9c53f3f8-5b22-4d77-bd76-cfa6c70e443c,2024-09-19T10:16,2,20.54,Cash,Completed
c372a874-afdb-47c1-90ec-68fe33485c9c,8b546c63-5406-493d-bc69-cfb594b38267,2025-03-17T10:16,9,244.80,Card,Cancelled
0da63a95-a132-4ad4-9ee5-a0c865e44c41,b3688304-b24b-416a-9bf4-c2b6aaeb59d3,2025-02-27T10:16,9,134.10,Cash,Completed
a0344867-7593-436d-9d20-169403d64864,b3688304-b24b-416a-9bf4-c2b6aaeb59d3,2024-11-04T10:16,1,14.52,Cash,Completed
267f4db6-7192-4cf6-a69a-cc2febcc1314,515fe1d2-d33a-4b9d-8c19-07e0cbe81a9a,2025-08-01T10:16,4,41.40,Cash,Cancelled
55e1c1cd-4a34-41a3-b6ae-1f1ab54bea78,e6cb1215-5314-4d05-bfd1-f6e5d36e89f7,2023-11-25T10:16,1,9.31,Card,Cancelled
836def10-ab18-4a45-a3a2-6c46d94f1366,69446e90-4237-4410-ab55-e011eb04cce0,2025-07-03T10:16,2,11.70,Cash,Pending
5c9dc215-16d7-435c-b7cd-1e84c7f0136e,0dd437d0-74fa-43c3-8909-5c955e4d47dd,2025-03-19T10:16,3,67.59,Online,Cancelled
fa6bae5b-c1bf-46f4-adeb-6fb200bdf1eb,b014b56e-3263-4b63-8430-46e00bc5ea77,2025-06-25T10:16,5,81.15,Card,Completed
89444eac-3645-412d-911d-39ab8a901cf9,c9dcc28a-ae5f-477c-ae7e-72d94129f449,2025-05-29T10:16,2,21.52,Cash,Cancelled
f55fa9c9-40e0-4ef3-ba64-5fc6310b20b5,7509850a-5062-4da9-aad6-bc5b9e363ef1,2023-11-29T10:16,7,162.47,Card,Cancelled
98a25b47-7222-4bf1-b061-9d1a73fc1d72,b047b369-02d0-4f25-9af0-f1e883228863,2025-04-28T10:16,7,46.41,Cash,Completed
7eb1e1c5-9147-4b99-91c6-87c116af13ba,103fcba5-5588-45a5-9fe0-6ac948d3860e,2024-04-24T10:16,9,246.15,Card,Cancelled
734e6326-be58-4d71-b3ce-af7e279aeb3d,5d6f84a5-a4de-442e-99b9-b8ef714b4436,2024-10-11T10:16,5,55.00,Cash,Cancelled
91eb1227-0d71-4bc0-9f6e-10589fda27cd,8887df7e-682b-4d48-b18c-c1ddfa0aaa26,2024-01-18T10:16,2,24.34,Online,Completed
ba3561d5-84f9-4f5d-88af-3842c0b8d36e,058b9c75-b72f-4594-80d2-e41194ff7672,2024-05-21T10:16,8,63.52,Online,Completed
c424c3f0-9223-450b-9cef-8a6affbe8052,8b115a34-224b-453c-be69-b53a7445b466,2025-10-09T10:16,5,138.20,Cash,Pending
b04b97b0-5c37-4d00-ba16-bc85004fbfa0,21edfc22-3f73-4335-a774-3cf78ab65e86,2025-02-03T10:16,5,30.35,Cash,Cancelled
204d7b41-03f2-4c4b-8ca2-1a9a834050e1,21edfc22-3f73-4335-a774-3cf78ab65e86,2025-11-02T10:16,8,55.12,Card,Completed
3fd93e9d-72ec-45d6-945d-1333c206f725,5400d214-6176-40bf-88d2-3f53ed38bf69,2025-09-12T10:16,2,58.14,Online,Cancelled
f9c69f96-8538-465a-aea0-317c9a223a90,ebbc7df0-770d-44f8-b0ff-c62f9006e40e,2024-08-10T10:16,6,162.96,Online,Pending
6baf88da-f148-447e-be0f-6f04b4d4c5a0,2c6dafc9-06cc-4b3d-8b8d-12aae0644c58,2024-07-12T10:16,3,82.32,Cash,Completed
b366e52f-a9a9-4098-90e6-dcf92b9c7483,cd50913f-8c99-4253-9134-0cf5fe5f300f,2024-01-26T10:16,1,22.76,Online,Pending
876e118b-57be-45ad-880d-c63eb0e53a01,0a5a9fc7-e126-48f0-99aa-dea85c606f66,2024-08-07T10:16,6,109.98,Cash,Cancelled
4766f59e-93b4-49e4-ba96-6cc4e49ab06c,c83bba2f-5229-4998-9566-1f3179b13e8a,2025-05-04T10:16,9,134.37,Online,Completed
93a2a6a0-9a7a-4250-bce7-92ad1259b1e4,23650eb4-f98d-45a3-a90b-a378f03d469d,2025-06-23T10:16,6,112.56,Card,Pending
8306ad79-c4b1-420f-a615-faadb818d7d3,e119f98a-df63-41dc-8e01-bb49ca2dc724,2024-06-27T10:16,5,85.00,Cash,Pending
31d54f65-8604-417d-9e98-ad82cc0ae89c,000f9c8f-2fc7-4346-844d-c04f10751265,2025-09-21T10:16,4,83.64,Card,Pending
bf526f4d-9011-41d8-9bf2-6e64e87aca0f,4f6ae324-5b6d-47d6-a86d-26ec6fbe1e0e,2024-11-04T10:16,7,147.77,Online,Cancelled
08619dd4-c275-4d65-bac8-2e9ac35d6676,0e0d5f13-edd5-4ab0-9ddd-3df111bedc5a,2025-09-22T10:16,6,152.22,Cash,Completed
fa364da9-14ce-438a-9430-5e4b87cc4c24,6f61ca8e-51a1-48e0-abfa-88326e713e34,2023-12-26T10:16,6,130.32,Cash,Pending
5fd27392-a4e0-4654-8e12-c45bb39d2a8b,b3688304-b24b-416a-9bf4-c2b6aaeb59d3,2025-03-09T10:16,9,227.25,Online,Completed
03c5e951-4c4b-46ed-a4d9-5cc1f8ca5a8e,9305d562-2505-493d-8ed8-3fb721c8f491,2024-09-04T10:16,1,22.86,Online,Cancelled
bc7d1067-5073-4854-bf31-68e30ba77fba,a190f67b-21df-46bc-8164-46bdfa00af85,2024-09-12T10:16,1,26.23,Online,Completed
c2752211-b0b4-4e07-a743-7584238e729e,910b1d47-5c37-48b1-8bde-96c60660f1d7,2024-03-09T10:16,5,145.55,Card,Completed
0f9df8d5-e639-48df-a055-f4f0d2b173a7,cf65c4b6-4c1c-420b-95de-23e5b56ffad5,2024-03-30T10:16,8,138.48,Online,Pending
c0b57bee-c55e-4581-b8dd-b1b90988ac43,0a5a9fc7-e126-48f0-99aa-dea85c606f66,2025-03-27T10:16,6,55.86,Cash,Pending
d0daf8eb-d4f1-4c8f-b736-1b39d36867ad,4e6807ca-aed8-4ec9-b1b0-0e3aba57efb1,2024-11-30T10:16,6,110.70,Cash,Cancelled
f032a71e-abe0-4ec9-9607-325805b39e66,74e76582-f1b8-4560-b049-8aebb59d4721,2024-05-08T10:16,1,20.81,Online,Pending
fd1ddeef-d0ba-4a9a-b488-9f57be8e1ddc,a302a1a8-c429-406f-abff-9f273aa0a4b5,2025-05-23T10:16,4,90.64,Cash,Cancelled
c02ea9b2-cdac-4ccc-a309-0d5ba4280f76,0a0ac3e5-6e20-4fbc-87ec-5481c70e38bc,2025-08-13T10:16,4,82.96,Online,Completed
18b75fba-a01e-4fa7-a789-ada3bd35becd,02c65c06-56ad-4670-b8e2-10ab417c7154,2025-06-02T10:16,5,76.55,Online,Cancelled
ab9bbb34-8be6-4312-9dd0-cce7f4edfb91,02c65c06-56ad-4670-b8e2-10ab417c7154,2025-09-14T10:16,5,109.10,Online,Cancelled
b196f5e8-e19d-428e-a288-dd48bd1eae7e,058b9c75-b72f-4594-80d2-e41194ff7672,2025-10-13T10:16,1,16.28,Cash,Completed
f1c37654-60a5-4277-9ad0-115f76e31e25,98b17fed-218c-4f20-8410-9f0edfc74455,2023-12-31T10:16,5,74.90,Online,Completed
573dfb70-ce5a-49f8-9df0-5c56beb48642,0df3bae1-6384-4856-aa27-aef9f6c48b75,2024-09-29T10:16,9,237.60,Online,Pending
30718907-8980-4ced-a5e5-8c4b67d3ba97,6aaabc79-3d35-410f-bb96-f86a3930d0ff,2025-04-15T10:16,6,33.90,Cash,Cancelled
2857cfac-806e-4008-92fc-9917b169f782,6c3bf618-a715-40f9-9faa-cfc5f5beef2f,2024-12-27T10:16,1,27.88,Card,Completed
d43f9fd9-76b3-4a9f-a820-dc10177fec44,953417c6-cd52-45e9-9ca0-bb450653c934,2025-10-24T10:16,4,36.36,Online,Cancelled
eb3d485d-4052-4fa3-bc9c-a85b6fd07e11,6f61ca8e-51a1-48e0-abfa-88326e713e34,2024-08-12T10:16,8,185.20,Card,Cancelled
ae5f15bd-58e2-40dc-b131-69e6f44c0e03,a5ffc907-be77-43e6-8694-4a0bf09bd3fb,2024-03-04T10:16,5,107.60,Cash,Completed
ee34770a-e0d4-4b84-aa61-2a0329a54b57,0b2a0e9a-e050-4380-b607-57adcbbf59d4,2023-12-12T10:16,3,85.38,Online,Cancelled
ac7f63de-fc8a-4c8a-b495-052f3a98cacd,9b9edd1e-b4f7-414c-b8b5-a3dc51fa0a8c,2024-06-01T10:16,6,149.94,Card,Pending
24919d27-fee8-434a-a95a-e004e5d7f4b5,ba5d9947-b043-4aca-8ee0-6b77895cf8e8,2024-12-27T10:16,1,10.36,Cash,Completed
5dd8d9d9-1ac9-4199-be2d-1f92a584f63f,89d26a00-0fde-4c03-8430-b06f6bc3f33a,2025-11-01T10:16,1,5.51,Cash,Cancelled
e39a4f61-2591-48b9-a708-b7d544387679,b047b369-02d0-4f25-9af0-f1e883228863,2025-10-12T10:16,7,109.48,Card,Pending
d4424bd5-a73e-4062-ab5e-5765fbcb5a2e,485b65e7-fdf4-474d-afba-37986d8d3cd8,2025-11-02T10:16,9,222.12,Online,Pending
3d986aab-ef54-4d58-982d-d7f8bad7b671,1a31c678-d420-495a-aff3-0f1609514e1e,2024-03-19T10:16,4,95.16,Online,Pending
05e9b87d-cd79-41ac-a32c-340b67fac1f2,69446e90-4237-4410-ab55-e011eb04cce0,2024-06-13T10:16,2,30.96,Card,Completed
3bc5cd41-d26f-44dc-96f6-e07cc2372a23,365c90d0-a590-4209-9401-2ce55af5ed98,2025-03-27T10:16,2,40.68,Card,Cancelled
6a6c4ea6-89f8-4230-bca7-00372664d658,365c90d0-a590-4209-9401-2ce55af5ed98,2024-11-02T10:16,6,88.80,Card,Completed
7053ee00-4c70-4636-aa2b-d2b37cc269f3,05ccd8a5-ea5f-4353-bd1e-3022152b0685,2024-03-22T10:16,1,29.18,Cash,Pending
d44171ef-3608-42d1-9bb3-a4718045e271,27e45431-1333-4ffd-a0c8-be56ffdc5d4e,2024-09-05T10:16,6,59.64,Cash,Cancelled
9f3f4049-dfdf-41de-b4f4-d0cc20f37d2e,0a0ac3e5-6e20-4fbc-87ec-5481c70e38bc,2025-06-22T10:16,3,69.57,Cash,Cancelled
38ddd3ff-cc3e-4ad0-81f5-47411f83bef5,0d463f72-c3a1-4a2b-8d0d-1721a0d1a06b,2024-08-08T10:16,2,38.90,Cash,Pending
874d5422-2853-46b6-a70b-04b431183663,0df3bae1-6384-4856-aa27-aef9f6c48b75,2024-09-20T10:16,8,121.36,Cash,Cancelled
bd3cef1e-50fc-4719-b9d3-7c15fef43313,2a109685-1399-4149-8951-fba29bb0360d,2024-04-03T10:16,3,47.13,Cash,Pending
79f8355c-c2e4-428f-ae5e-ab5b8c92f5d1,ec3490d2-e8da-47ee-ae12-0ca0b1d7a2bb,2025-02-23T10:16,1,7.08,Card,Pending
b1a30159-6f10-4b49-af91-3fd9c0bfa5b1,00d7ae70-0f46-4453-963c-4ab2a3d29314,2024-10-28T10:16,9,72.45,Card,Cancelled
28b939d4-9eae-4dea-9439-6fe6d89aaa1a,6e551d53-4f6d-4b84-a9de-3d7c79694805,2025-05-23T10:16,3,51.09,Online,Pending
d5f11ee1-955f-44c2-aadf-15996465e65c,1d32c3b3-c732-4995-aa6b-ff159deb3bdf,2024-10-14T10:16,3,82.68,Card,Pending
815d0683-2eda-48fc-b43e-be1271e694df,365c90d0-a590-4209-9401-2ce55af5ed98,2025-06-22T10:16,6,116.10,Cash,Completed
