order_id,restaurant_id,order_date,items_count,total_price_usd,payment_type,status
08672341-d699-4b5e-89cc-f0d691a8c768,ebbc7df0-770d-44f8-b0ff-c62f9006e40e,2025-11-09T10:16,6,60.18,Card,Pending
d1cd9b8d-d5e8-480a-867f-a083b218f902,90f0db1e-2b19-43f7-ba17-233c7c214eca,2025-01-30T10:16,7,191.66,Card,Completed
49ac351e-cfc2-4638-b398-3d1e7b2edcbf,7d2df59f-386d-4aec-85a8-2443262a0cb4,2024-06-18T10:16,2,48.52,Cash,Completed
d8f4d084-92d8-470c-a58d-c05096a7bb5a,bfa3444b-2be9-46be-b944-720d86a59770,2025-04-09T10:16,6,165.30,Cash,Cancelled
a51328eb-53d0-42b7-818f-2d8469e81e7e,d5cfb1a3-ce2f-4aff-ab4c-50e0c5426af1,2025-02-20T10:16,5,80.50,Card,Pending
fcdbb055-6aae-4f3a-abad-7aa7d28455bf,21edfc22-3f73-4335-a774-3cf78ab65e86,2024-07-26T10:16,3,16.41,Card,Completed
f92e6ffc-779e-4c1b-8c14-5e2baec2068b,2c6dafc9-06cc-4b3d-8b8d-12aae0644c58,2025-08-10T10:16,1,21.33,Online,Pending
b71dc30b-e48c-41c7-a2c8-8b34a91f1843,6aaabc79-3d35-410f-bb96-f86a3930d0ff,2025-04-10T10:16,3,65.79,Cash,Cancelled
d9c8bf0c-fb0b-4fff-bb4c-b37c0352aece,ec3490d2-e8da-47ee-ae12-0ca0b1d7a2bb,2025-07-03T10:16,9,192.33,Card,Completed
12d3cc12-ea0c-4ae3-8119-9b377a953f13,05ccd8a5-ea5f-4353-bd1e-3022152b0685,2024-02-15T10:16,2,43.28,Cash,Pending
f0e52cd6-e0bd-4a3e-ae2e-53543a3d1982,5f6e51da-5f01-4c9a-85dd-7d50ef37e5d7,2024-09-29T10:16,2,25.70,Card,Pending
d873e572-c288-4206-82a7-85ee82c3af96,0a5a9fc7-e126-48f0-99aa-dea85c606f66,2025-01-12T10:16,5,87.15,Online,Pending
7062a8e0-f176-4dfe-b9b1-a5dd3ad11f8f,00d7ae70-0f46-4453-963c-4ab2a3d29314,2024-04-02T10:16,1,18.89,Online,Cancelled
a61b458c-5628-4d72-8365-3fd19f8341e7,0130fcd4-a6cf-4a72-8400-7bcae1abce34,2024-02-29T10:16,2,41.16,Card,Pending
9552ca2b-9886-4d3d-8b25-006d65596561,f3826f04-0dfa-4266-8002-58fede0093f5,2024-02-05T10:16,5,56.00,Card,Pending
6f85726c-38c0-4a5f-804f-95ae07862107,5f0f3def-9ff6-4282-ad04-001c4a769966,2024-12-16T10:16,7,190.54,Card,Completed
1de4a83e-712e-46e0-a9d1-7c3dd53cf9d0,2a109685-1399-4149-8951-fba29bb0360d,2025-04-30T10:16,1,13.23,Cash,Completed
96153a65-2037-4766-aa6f-f8f20beb7abe,02c65c06-56ad-4670-b8e2-10ab417c7154,2024-08-26T10:16,1,5.44,Online,Completed
8d76cdbf-83db-4912-94ee-1f0b981bc00c,9b9edd1e-b4f7-414c-b8b5-a3dc51fa0a8c,2025-07-11T10:16,4,43.40,Card,Cancelled
98398f45-51ee-4185-97b5-df3b475b5cd5,1d32c3b3-c732-4995-aa6b-ff159deb3bdf,2025-10-11T10:16,4,32.92,Online,Cancelled
8c9ea98e-1689-4828-87a7-44cc15c30800,9c53f3f8-5b22-4d77-bd76-cfa6c70e443c,2025-03-11T10:16,9,48.06,Online,Completed
c5900546-ddf6-434a-bc66-2c691272b4e9,ebbc7df0-770d-44f8-b0ff-c62f9006e40e,2025-05-17T10:16,1,13.13,Cash,Pending
bb21944d-ad07-46d7-9af7-6cb005ec16fc,80537cf2-360f-4740-8b7e-d4cd56e22987,2024-06-23T10:16,9,254.34,Card,Completed
89200017-8317-4dd5-b99d-a1d17cff5e52,a5ffc907-be77-43e6-8694-4a0bf09bd3fb,2023-12-21T10:16,7,40.67,Cash,Pending
3bbaf7c6-ac83-4b67-b2f6-72b2caf0f08e,09ba4183-1b94-4f8c-bc5f-eca421a88524,2025-03-30T10:16,5,35.10,Card,Cancelled
9c097062-f495-4335-81c8-537994eb6b4a,0e0d5f13-edd5-4ab0-9ddd-3df111bedc5a,2024-05-18T10:16,8,143.84,Online,Pending
577c82dc-ea71-4232-921d-ec11d2bf0a4c,06e585f0-5b60-4900-81d1-3379328e6c17,2024-02-14T10:16,8,237.44,Cash,Completed
86a6bc2d-ebef-4e83-b00a-93fd7c20f757,000f9c8f-2fc7-4346-844d-c04f10751265,2024-09-16T10:16,1,21.44,Online,Pending
57621514-5b36-44c5-9655-77f32f81ace7,f0a6a958-e434-41bf-a830-dffa55a34db5,2024-05-05T10:16,9,266.76,Online,Cancelled
450b9572-f6fc-4ae3-b823-ea8f06efe600,bb9edfa8-17f7-4f6f-8e3b-616693a298b1,2024-09-20T10:16,7,51.66,Cash,Cancelled
bd6a77d3-7609-4580-a567-5e870e082b04,bf0de251-90d7-423c-8b31-48df1a89964f,2024-11-20T10:16,5,99.40,Card,Completed
7b14ef0f-0404-46de-a5f1-22308af1af02,935ebde1-5945-4673-886e-1a7a12cc2d4e,2023-12-01T10:16,1,10.90,Online,Pending
77b8932d-f118-481f-8ff6-c531138d5fb5,c5817fdc-a4dc-4879-b957-30cfda62016b,2025-02-05T10:16,3,71.46,Cash,Pending
5da196c4-aaf1-41e8-b76a-6f97a0c99009,90f0db1e-2b19-43f7-ba17-233c7c214eca,2024-12-07T10:16,6,94.50,Online,Pending
e2cffad3-1f2a-4f1c-b7ce-f73708da06b4,401a6911-a31e-4892-adc1-56e3e1eb090a,2024-10-22T10:16,4,55.00,Card,Cancelled
78eb4d66-dd38-4dfc-9434-b9427126846e,c63bd277-c81c-40c5-8720-6ce916d653c4,2024-03-02T10:16,6,113.04,Cash,Cancelled
68402c72-9476-4ea2-b19e-df33a05e05e9,935ebde1-5945-4673-886e-1a7a12cc2d4e,2025-04-12T10:16,6,74.22,Online,Pending
f878c144-9344-4dad-9176-37b597280539,21edfc22-3f73-4335-a774-3cf78ab65e86,2025-06-14T10:16,7,209.16,Card,Pending
59a92183-e1fe-48d0-ae61-2d799767fc53,ebe19120-496a-47fa-87eb-2440212a3363,2025-03-05T10:16,2,51.76,Card,Pending
1b698a11-253c-40a2-bdb0-32d0a0281c0b,c1a09d60-c9e8-4489-a68e-e01b51541d33,2024-04-17T10:16,1,28.79,Card,Pending
c17990aa-ed03-4029-9713-46dd47f1a21f,c5817fdc-a4dc-4879-b957-30cfda62016b,2024-08-01T10:16,6,96.18,Online,Cancelled
df1b2a10-1f5d-4a7c-bb85-e13fe13ce9b9,e886c155-0dae-4b36-88f5-a86fa474d1f6,2025-07-01T10:16,6,169.50,Online,Completed
51f04eca-2e69-40c8-9796-1da55f3dbaac,b04ce307-2d1f-4214-b023-d8f4379041a1,2024-08-08T10:16,9,55.44,Card,Cancelled
567ac8bc-26e4-4862-a6d9-13e4e4c5dfd8,9fa382f0-8393-48db-ad30-43c953282401,2024-05-03T10:16,2,50.68,Card,Pending
9e1534ec-7075-430a-8074-f8cf28d16ccc,000f9c8f-2fc7-4346-844d-c04f10751265,2024-06-14T10:16,2,25.28,Online,Pending
5dbd3c53-fb63-4081-ade3-37519cc1e55d,52fbb114-83aa-432d-b2f1-f3e37a5c4754,2025-03-28T10:16,8,128.48,Card,Completed
ddbb4795-8def-4d40-91d1-ab12eb66c454,52fbb114-83aa-432d-b2f1-f3e37a5c4754,2024-04-16T10:16,4,87.40,Cash,Completed
0f7e261e-ae67-46f4-bbbd-a0452cd0429b,59827b2a-ae17-44b1-bd6f-6f08718559cb,2025-02-05T10:16,6,147.90,Online,Pending
fd7f2ab7-8e80-4233-8bd7-691f21b82c25,00d7ae70-0f46-4453-963c-4ab2a3d29314,2024-04-20T10:16,9,224.01,Online,Cancelled
21b29980-b1bf-4287-bae8-051b229e36f4,e12c3d24-86c8-474f-b86b-370df36adbfe,2025-05-05T10:16,7,74.41,Card,Pending
fa27d455-9d59-4632-8d69-eeab1bb3e42b,6f61ca8e-51a1-48e0-abfa-88326e713e34,2025-10-20T10:16,4,30.28,Card,Completed
93645860-5148-436b-8b1b-af4d282b0339,5400d214-6176-40bf-88d2-3f53ed38bf69,2024-10-08T10:16,6,70.74,Online,Pending
ce0e0f87-c221-4431-86f4-7fa19c907780,d87f31d7-79ef-4c17-856e-142e791b04da,2024-04-20T10:16,9,230.04,Cash,Cancelled
e1292b6c-4953-44d1-816d-983368a122db,e12c3d24-86c8-474f-b86b-370df36adbfe,2025-04-05T10:16,2,27.32,Online,Cancelled
b5841b20-d1d9-4094-a87b-476dd2034ad6,a302a1a8-c429-406f-abff-9f273aa0a4b5,2024-04-27T10:16,3,38.37,Cash,Pending
84eeb76e-cf83-407c-9cd8-f1d6ea6e550a,8113211c-bdc3-4bb0-94d9-3fd3871f3005,2024-08-14T10:16,2,50.96,Card,Completed
e93e1dcf-d807-4e61-b035-04fa1cdecb5b,d6d4ef4b-0870-48aa-b884-013237f255f4,2024-08-26T10:16,3,23.10,Online,Pending
e11601f7-f68d-46c1-8707-31616992876c,9c53f3f8-5b22-4d77-bd76-cfa6c70e443c,2024-05-25T10:16,6,163.02,Cash,Cancelled
62fa3d3b-ca4a-470a-b766-a0c106503ffb,1eeb9c5f-5b7a-47af-b4f1-5a50d9d1089c,2024-03-31T10:16,6,111.12,Card,Cancelled
ded310e2-76e1-4101-9b13-8f1ccbfa9c09,77ca464a-fe0d-4dcc-8f08-3eb2f7b64f76,2024-02-27T10:16,7,140.28,Online,Pending
9b72fd41-cc01-477e-a71b-d576ad580e24,1233cc27-7567-48e0-8dd2-6b0019506c2f,2025-09-30T10:16,3,74.43,Online,Pending
e0fed1c2-6104-47b1-bbf4-e72b8ee69287,fdb5454e-2230-489e-ade4-9218ff28cbd8,2024-03-03T10:16,4,64.84,Online,Cancelled
9ce3d760-f0d2-4a31-b284-525cdb6adccc,485b65e7-fdf4-474d-afba-37986d8d3cd8,2024-05-02T10:16,7,174.51,Card,Completed
9988b557-9cb8-4a9d-80d4-0634f0518f4c,8626238e-5813-415a-9a8c-db944b1e0269,2025-01-13T10:16,4,28.56,Online,Cancelled
198dc094-e4b2-4f00-94f8-d66eb54a8975,52fbb114-83aa-432d-b2f1-f3e37a5c4754,2024-08-05T10:16,2,20.46,Card,Pending
c85271f7-42fc-485f-9af3-55147a637d9f,0a0ac3e5-6e20-4fbc-87ec-5481c70e38bc,2024-06-18T10:16,8,198.48,Online,Completed
b03043ba-b5b3-4017-86f6-b121f8dbc153,00d7ae70-0f46-4453-963c-4ab2a3d29314,2025-08-04T10:16,7,190.68,Online,Pending
b6c9196c-656c-4ff5-b8ca-f0c56f1a1542,59827b2a-ae17-44b1-bd6f-6f08718559cb,2025-02-08T10:16,6,93.90,Card,Cancelled
dfc985ed-dcbe-4856-a8c5-33cbb9da6cbf,b95f7619-fab2-4df9-8683-1f2aeb93a660,2024-08-28T10:16,3,80.97,Online,Completed
329b9413-0258-45de-8a60-466389e71b00,ecf1ffb0-ac00-4968-87ea-8beef4ace55a,2025-07-03T10:16,6,99.36,Online,Completed
89f0bfdf-81ea-4d3c-bcec-69df01ac17ec,aff4340c-d102-49ba-af8e-84d2737ce82c,2024-07-11T10:16,1,19.40,Online,Cancelled
85ae7d5c-4cc9-4ed2-9327-36926202537a,52fbb114-83aa-432d-b2f1-f3e37a5c4754,2025-04-24T10:16,5,131.10,Online,Cancelled
9bcdfdff-3e7a-4f0e-8539-8088b46387f0,0e0d5f13-edd5-4ab0-9ddd-3df111bedc5a,2024-04-21T10:16,8,194.08,Card,Pending
f1238beb-391b-4c78-b852-43dbb626c627,b04ce307-2d1f-4214-b023-d8f4379041a1,2024-12-31T10:16,9,223.47,Cash,Pending
895bafd4-a689-45a5-94a1-d902666e4521,209e786b-2a61-4e52-a3b2-1cc98bcbf18c,2025-08-30T10:16,1,16.50,Cash,Cancelled
e0b032de-2628-4153-a5c8-1c826828d1e7,93cdeef1-3fc3-4a63-a275-0ae87ae6b335,2024-12-03T10:16,6,31.32,Cash,Completed
6797bc5f-68a6-4709-8ff2-7c3475c1b0d5,2ca088cd-c6c6-4e60-a1a4-d2990ee21b12,2024-08-25T10:16,4,34.80,Cash,Cancelled
fc88d331-1ad1-44e9-be49-4d39858c1872,0472ca7f-b133-4710-8f43-24a3c6c1afd1,2025-02-23T10:16,7,50.89,Online,Cancelled
de3e3002-20bc-48ed-8bcd-a2e7b8e3f6da,caad7924-4bc5-4f85-9662-11ca261e3c87,2024-08-22T10:16,4,20.08,Cash,Completed
6f15b5fa-e9b2-4a96-b5bc-65f194cbfeac,b90a3a7f-421e-47e5-8598-fe50f365a62e,2024-08-27T10:16,3,71.70,Card,Cancelled
497b7a2b-8304-45c6-8e21-1d9db2db5ff2,6945f6f4-b8f9-4d04-90ff-e59ed705578e,2025-08-29T10:16,7,135.45,Online,Cancelled
6046a188-684b-4e04-8e6d-25f7d023ccd2,e6cb1215-5314-4d05-bfd1-f6e5d36e89f7,2025-02-16T10:16,3,66.66,Cash,Completed
cbb2d694-a4d5-424b-9ded-744f87d96e42,e38afcd9-9e08-47ba-bc92-5ebb4bc271eb,2024-01-20T10:16,5,73.65,Online,Completed
c9291ffd-2b89-45f0-ad14-e919909c7813,6e551d53-4f6d-4b84-a9de-3d7c79694805,2025-02-12T10:16,3,20.49,Cash,Cancelled
4da04c42-5438-4567-98d4-97b190b28771,2a109685-1399-4149-8951-fba29bb0360d,2024-05-09T10:16,8,51.68,Card,Cancelled
7959eb09-8f26-4b2d-9ace-a904d7729471,3ab3404a-ee80-4ed2-8d90-a6f0dad14e48,2023-12-31T10:16,1,22.01,Cash,Cancelled
8aeede5c-a79c-4ec5-9889-90b24c5be2f0,4f6ae324-5b6d-47d6-a86d-26ec6fbe1e0e,2024-02-02T10:16,5,40.90,Card,Cancelled
6f7ee00d-2c62-4b0b-a90d-3ec846559251,c46351bf-193f-49af-a5d6-456188837c3d,2024-03-12T10:16,4,105.04,Online,Pending
35c9a334-cb37-419e-9145-8974dd3f2373,09ba4183-1b94-4f8c-bc5f-eca421a88524,2025-09-05T10:16,8,156.72,Cash,Cancelled
a7bd7cae-e734-4fff-8ba8-7540ec4f232c,964d337f-acd5-4ca2-8843-9be3f2eb60fc,2025-06-21T10:16,3,34.68,Card,Pending
cb432635-3b14-460c-9147-ac5bfab8b150,89d26a00-0fde-4c03-8430-b06f6bc3f33a,2024-06-23T10:16,8,63.12,Card,Completed
9c2e18c9-6d73-4210-b312-e18291a67560,4f6ae324-5b6d-47d6-a86d-26ec6fbe1e0e,2025-02-10T10:16,5,62.35,Card,Pending
39f830b9-c6ac-4fb8-be49-4d10ca63afe1,c5817fdc-a4dc-4879-b957-30cfda62016b,2024-03-12T10:16,8,206.80,Card,Completed
2e6be98e-62b1-4a25-b235-403273179dec,68169a66-a8d4-4763-914e-7befc826445b,2025-10-12T10:16,2,20.22,Card,Cancelled
e7a167b6-4ce3-491c-a6eb-f42d89569a5d,5f0f3def-9ff6-4282-ad04-001c4a769966,2024-02-26T10:16,2,32.02,Cash,Cancelled
15cc8adf-3ddd-4081-a47c-795964a5ada7,3befa4dc-d961-4a3a-9410-d43d1bdaa335,2024-11-03T10:16,1,25.17,Cash,Completed
71ac7781-3f52-4d0e-8d94-43c11c6cfa8e,205ea7f7-e714-45b8-a083-11247ff702a1,2025-08-26T10:16,7,84.98,Card,Pending
ab57a73e-0bde-4a29-a080-7a9eff6d52c5,941529ef-2114-4bff-907a-4596ff4593a1,2024-05-01T10:16,4,25.20,Online,Cancelled
f0526871-49be-411d-a76a-c456b3bc1599,caad7924-4bc5-4f85-9662-11ca261e3c87,2025-10-31T10:16,2,19.10,Cash,Pending
a52c1c84-431d-4f45-9e2d-6cf3792c1a8b,1eeb9c5f-5b7a-47af-b4f1-5a50d9d1089c,2025-04-20T10:16,7,39.62,Card,Pending
19e3501b-007b-41c3-ae6c-f3364507adfe,b3688304-b24b-416a-9bf4-c2b6aaeb59d3,2023-11-22T10:16,7,194.81,Cash,Completed
e1dcd22b-40b6-4af3-8e1f-06a7069e33cf,ec3490d2-e8da-47ee-ae12-0ca0b1d7a2bb,2025-09-28T10:16,5,73.60,Card,Pending
2f7df1a3-3441-4d76-8e08-5123760b9e4d,3910ab11-8758-4a4f-8a9b-c4f5df7413c4,2025-05-15T10:16,6,116.28,Online,Cancelled
c202de9f-dff0-47c9-8c6c-467a51ba693f,c63bd277-c81c-40c5-8720-6ce916d653c4,2025-01-18T10:16,3,59.52,Card,Pending
e156a93d-9e29-4518-b43a-2dd340fa178b,14eace30-1ac2-411e-8eef-98e8f32a87fb,2025-01-01T10:16,8,188.16,Cash,Completed
da45b3a3-3c28-4edf-9aa9-582763491384,4bb2d776-14c0-4ef6-b8ba-c580cbed72b8,2025-02-17T10:16,9,72.18,Online,Pending
4551c319-1cc3-4d21-bc83-0fa8747fc6ea,6945f6f4-b8f9-4d04-90ff-e59ed705578e,2023-11-14T10:16,3,24.54,Card,Pending
52aac10e-9b35-4b6a-abe8-30f311c35733,1a48aa9a-def3-481d-922a-94300aa97309,2024-11-19T10:16,6,130.50,Cash,Cancelled
45f63c65-1597-4ed0-b434-889d3fd668e7,8b546c63-5406-493d-bc69-cfb594b38267,2024-02-02T10:16,4,94.00,Card,Completed
893e644e-b9a4-487c-ad79-ae4ee3b8481a,a3f626b9-cc27-4c04-8570-be79ab8bda4a,2024-02-09T10:16,1,8.74,Card,Cancelled
269aa374-380d-46ad-a8e0-e61773b5acb6,941529ef-2114-4bff-907a-4596ff4593a1,2025-01-11T10:16,3,60.84,Online,Completed
11b3f647-07a1-492d-903c-76fec6c996df,6e551d53-4f6d-4b84-a9de-3d7c79694805,2024-02-28T10:16,4,28.16,Cash,Pending
df9c7345-d5a5-41f1-993e-3d5ae7611191,050d9901-1cb5-413a-9c31-282028f863c1,2025-06-03T10:16,8,61.92,Online,Cancelled
d7a1e851-b018-4a14-94c6-19e2c4b4aae8,0df3bae1-6384-4856-aa27-aef9f6c48b75,2025-05-22T10:16,4,65.44,Online,Cancelled
63896a09-1fc6-4a37-ba89-51d92476b2e6,b6c26110-1b77-4777-8c79-c69ec19b66df,2024-09-24T10:16,9,187.20,Online,Cancelled
4e5c6f62-f9fa-4fe4-bf03-bd651431213d,a302a1a8-c429-406f-abff-9f273aa0a4b5,2025-10-22T10:16,7,78.12,Card,Pending
10dcd847-921d-4234-b1cf-a0f17b2464c4,6b1178fc-1745-401d-88da-3903c243ebe9,2025-03-31T10:16,9,156.60,Cash,Completed
68d37d19-8a8f-4b6c-b5d1-9617cfe87e83,b04ce307-2d1f-4214-b023-d8f4379041a1,2025-03-04T10:16,3,21.78,Online,Pending
7a035d3a-5f65-4e5c-8665-b1c5f5d07407,058b9c75-b72f-4594-80d2-e41194ff7672,2025-09-07T10:16,1,7.99,Cash,Pending
dc28daf2-a0b7-44e4-9d35-9f4dce73d49d,7c991f43-c18b-4404-8826-97691b0dc00c,2024-12-25T10:16,1,27.42,Card,Pending
54edc13a-5914-4ed5-8935-9b0e20ce3309,4e6807ca-aed8-4ec9-b1b0-0e3aba57efb1,2024-10-03T10:16,1,6.67,Cash,Pending
7f900738-0360-4ff8-80f3-7ddc6af8384c,d5eaf6a7-76cc-48ec-98d9-ba713e2df70f,2024-09-17T10:16,6,127.62,Card,Cancelled
f7b24eda-4c34-4b27-be55-049b61a0712a,b3688304-b24b-416a-9bf4-c2b6aaeb59d3,2024-06-04T10:16,4,34.20,Online,Completed
195e5f01-b550-470f-8d62-fa504f1bd763,aac35608-9499-49c5-811a-a059e773c968,2024-12-04T10:16,1,13.17,Online,Completed
4f7d0e5f-2254-454d-9b6e-0e1b4ccd6e6a,1eeb9c5f-5b7a-47af-b4f1-5a50d9d1089c,2024-04-01T10:16,4,79.64,Card,Cancelled
00e7692b-7b9c-4352-8986-5ddd637b35e8,67c276b0-7be6-4f3c-bf86-c342095c8112,2025-10-02T10:16,7,136.22,Online,Completed
7efa4c77-446f-4328-8f17-045e39ecc3de,bf0de251-90d7-423c-8b31-48df1a89964f,2025-01-29T10:16,1,26.32,Card,Pending
d3b13431-8c35-4cda-9e1c-17567a694336,e6cb1215-5314-4d05-bfd1-f6e5d36e89f7,2024-05-15T10:16,7,48.65,Card,Pending
2490ad5d-57b9-4a6a-a570-20abe344ec64,d5eaf6a7-76cc-48ec-98d9-ba713e2df70f,2024-10-30T10:16,7,128.24,Online,Pending
b0a85672-5d3c-4cfc-bdd9-e47a33a5d353,e7991221-0de0-4ef8-aa9c-ca3b59197059,2024-06-11T10:16,4,55.16,Card,Pending
6fef446a-6946-4c0e-b8da-caca263e38e4,21edfc22-3f73-4335-a774-3cf78ab65e86,2024-06-04T10:16,4,99.16,Online,Cancelled
1a1abbc3-f721-43dd-95eb-e28497191c93,058b9c75-b72f-4594-80d2-e41194ff7672,2024-03-09T10:16,9,175.50,Card,Pending
132c7384-8dcc-4f52-93ac-234aebc24e67,e119f98a-df63-41dc-8e01-bb49ca2dc724,2025-09-17T10:16,2,50.72,Online,Completed
8cd1defc-9b9e-40a3-b38b-9b3bc29b029a,a3f626b9-cc27-4c04-8570-be79ab8bda4a,2024-04-05T10:16,6,173.16,Card,Cancelled
dd8d51e4-a2ac-45b6-8604-5a2dfb4d1bd1,935ebde1-5945-4673-886e-1a7a12cc2d4e,2024-02-17T10:16,7,166.25,Cash,Cancelled
b920d950-2a2d-4387-9633-82bfd3201dd4,8f7f530b-bb30-4a05-b437-744ed30af54f,2023-12-31T10:16,7,175.28,Card,Cancelled
d668a1a3-a006-4abf-b6e4-41da117faf73,209e786b-2a61-4e52-a3b2-1cc98bcbf18c,2024-07-25T10:16,8,139.20,Card,Completed
906748ac-41d4-4cc0-9c3e-95b39560d828,3910ab11-8758-4a4f-8a9b-c4f5df7413c4,2025-06-17T10:16,5,68.70,Card,Cancelled
e327891f-47e4-483d-9793-0844c51760d2,0472ca7f-b133-4710-8f43-24a3c6c1afd1,2024-12-05T10:16,9,197.28,Card,Cancelled
2e770130-2bae-43a7-b023-56efbdbe73f3,0df3bae1-6384-4856-aa27-aef9f6c48b75,2024-04-18T10:16,7,192.50,Cash,Pending
33283018-5474-4d65-a620-b2e0e5f9f0dd,e119f98a-df63-41dc-8e01-bb49ca2dc724,2023-11-21T10:16,8,200.48,Online,Cancelled
3489270a-cd21-406d-a5ce-1a7e8e0b0f4c,cd50913f-8c99-4253-9134-0cf5fe5f300f,2024-12-28T10:16,8,166.72,Cash,Cancelled
664cefec-2ecc-4458-a9d5-f658a5bd89b4,59827b2a-ae17-44b1-bd6f-6f08718559cb,2024-08-04T10:16,5,128.25,Cash,Completed
8e031346-3333-44fc-944a-b07e9d9f7193,1eeb9c5f-5b7a-47af-b4f1-5a50d9d1089c,2024-12-10T10:16,1,20.98,Card,Pending
1346e612-a60a-4a00-899f-1e82aacd9740,103fcba5-5588-45a5-9fe0-6ac948d3860e,2025-01-04T10:16,7,103.53,Card,Pending
79c75e93-3ae9-4684-aa02-866b2c43f6cb,205ea7f7-e714-45b8-a083-11247ff702a1,2024-01-06T10:16,5,91.45,Card,Cancelled
24926acd-691f-4bca-ae08-dd41bf95243a,bf0de251-90d7-423c-8b31-48df1a89964f,2024-06-06T10:16,7,94.64,Cash,Pending
d6c97d0d-cfd2-412a-a9de-a8d4fd7469c8,7509850a-5062-4da9-aad6-bc5b9e363ef1,2024-03-27T10:16,7,194.18,Cash,Pending
396472a1-8a8c-47ff-a9b6-a1c82f39868a,52f5634d-de98-4543-8a1e-cbf1e2d0242f,2025-03-19T10:16,4,71.04,Online,Cancelled
6e726cab-4258-4b5c-9977-338cd4dd8072,caad7924-4bc5-4f85-9662-11ca261e3c87,2024-06-15T10:16,7,90.23,Online,Completed
6cc49236-110f-4f88-8cdc-52d302489419,46032f36-69bc-465a-9b33-a5d560bfd77a,2024-08-11T10:16,1,17.26,Online,Cancelled
c6c3d14d-5b15-4323-b7fc-d680805acd4b,d33bbfcd-a2ca-4e80-8a1c-65223f061e7e,2025-05-24T10:16,2,33.32,Cash,Cancelled
a58ee9bc-7709-4c7a-8d44-705964a5e166,e6e1db85-f8ba-4264-9c9a-520ecda4bc4c,2024-07-31T10:16,2,36.82,Cash,Pending
64101022-49a4-4a34-a8fd-b5bd98a4d4f9,65b2c0ea-6192-47fc-9286-2c1dd3ecefb1,2024-12-26T10:16,9,208.89,Online,Cancelled
3b3b1982-712b-424d-85c0-ba229a32f0a1,99c406e7-092b-4eeb-bc08-56fc041c253d,2025-03-19T10:16,1,23.01,Card,Cancelled
b819a3fa-7730-487d-ac59-98f13ee75109,e38afcd9-9e08-47ba-bc92-5ebb4bc271eb,2025-10-05T10:16,1,15.06,Cash,Cancelled
e44f08d0-5a1e-43fc-b6e0-97a3da3dad38,7c991f43-c18b-4404-8826-97691b0dc00c,2024-01-12T10:16,1,19.76,Cash,Cancelled
6c6b4960-586a-4fd3-ae38-2380d5d8035e,ada8704c-2784-4d70-84da-10078407d2c8,2025-05-16T10:16,7,66.50,Online,Completed
5881d6f4-783e-4414-b1a1-4f0bafc17b00,69446e90-4237-4410-ab55-e011eb04cce0,2025-08-02T10:16,8,223.76,Cash,Completed
fa3260f4-35d6-40cf-bfa9-2c2b66611f58,c9dcc28a-ae5f-477c-ae7e-72d94129f449,2023-11-13T10:16,7,80.85,Card,Pending
525036df-4275-4796-a33a-537665635975,74e76582-f1b8-4560-b049-8aebb59d4721,2025-01-14T10:16,5,88.70,Cash,Pending
b34852f4-fc4a-42de-97f3-30a5f0dc480d,0a570207-0f70-467f-bbeb-44a0a60a9a25,2024-04-12T10:16,9,92.61,Cash,Completed
371d5a60-adc6-4570-82b3-80d624f34a4e,52c87fd9-fdf0-4256-b929-6153ad24a0ac,2025-08-18T10:16,9,230.67,Cash,Completed
d0c162a3-57fa-4fd4-8628-c72b74ccdb5a,b047b369-02d0-4f25-9af0-f1e883228863,2025-10-28T10:16,3,16.32,Card,Pending
2e1c329c-a3ce-4cbf-9738-589ddc52565f,93cdeef1-3fc3-4a63-a275-0ae87ae6b335,2024-08-01T10:16,6,74.88,Online,Cancelled
16c0e350-7950-4f78-9835-67fd52731e5f,68169a66-a8d4-4763-914e-7befc826445b,2024-02-08T10:16,3,77.85,Online,Pending
df7b0c83-9a4d-4f49-ae95-6a9355e3af37,c46351bf-193f-49af-a5d6-456188837c3d,2024-02-28T10:16,5,58.25,Card,Completed
2480f9b5-2196-4fc6-a258-10365405b37e,a190f67b-21df-46bc-8164-46bdfa00af85,2025-01-11T10:16,9,189.18,Card,Completed
bef963d8-c725-4c27-86cd-791731e05086,b04ce307-2d1f-4214-b023-d8f4379041a1,2025-01-26T10:16,3,20.58,Card,Completed
06cffcfa-544d-4c20-a97d-241ba951b688,26d032f1-9fe9-487a-987a-a8be14e1db05,2023-12-24T10:16,7,198.17,Cash,Pending
8a6b52e0-5ff3-4efc-a19a-b14f2711a5bb,bfa3444b-2be9-46be-b944-720d86a59770,2024-05-17T10:16,9,266.22,Online,Pending
746bf561-3831-4c87-955d-1a55159d0e7f,ebbc7df0-770d-44f8-b0ff-c62f9006e40e,2025-03-18T10:16,5,43.10,Cash,Cancelled
610d9394-0e9f-440c-a0fd-a0923718e6b9,26d032f1-9fe9-487a-987a-a8be14e1db05,2024-10-06T10:16,2,44.32,Online,Completed
022d24e2-625b-4490-98c4-5f5a3af8e156,1a48aa9a-def3-481d-922a-94300aa97309,2025-05-21T10:16,6,164.04,Cash,Completed
9939fbab-46cd-4edd-8f65-26407e3dde1b,2a109685-1399-4149-8951-fba29bb0360d,2024-06-04T10:16,2,48.88,Cash,Pending
d785282c-ae21-466b-a1df-41501d948402,26d032f1-9fe9-487a-987a-a8be14e1db05,2024-09-30T10:16,8,43.60,Card,Cancelled
173a6e48-808c-45b1-9a6b-86d50c4d89ed,62a2bfef-ca4a-4dec-90ea-bf15ea1880d2,2024-05-16T10:16,1,13.08,Card,Cancelled
7abe3a6e-1d3f-46ae-9426-303faf7c1679,8113211c-bdc3-4bb0-94d9-3fd3871f3005,2024-03-06T10:16,2,44.40,Online,Cancelled
33d5d1b0-cb32-444b-8c37-74047f02fdb6,103fcba5-5588-45a5-9fe0-6ac948d3860e,2025-07-22T10:16,2,44.96,Card,Cancelled
886b9bd2-365f-463c-b900-8aab0bacf7be,9c53f3f8-5b22-4d77-bd76-cfa6c70e443c,2024-03-02T10:16,9,209.70,Online,Pending
c06c811f-8bda-4b7d-9dea-60077c396205,cb8747c7-32ca-4b6b-868d-13ab01d953ec,2024-08-26T10:16,9,261.18,Online,Completed
e8388140-e2ee-4102-8c28-c3ea66b0d928,cd50913f-8c99-4253-9134-0cf5fe5f300f,2024-05-28T10:16,7,89.46,Card,Cancelled
971812a6-9bf1-45a4-9f64-5d00d14bedce,1d32c3b3-c732-4995-aa6b-ff159deb3bdf,2025-03-11T10:16,2,20.50,Cash,Pending
03845e1b-4bbf-471d-a075-909082c8c001,4e44f26d-5455-405b-8fdb-63ab8b739ecf,2024-10-26T10:16,2,52.18,Cash,Cancelled
72bdbec2-9bd9-4628-a9ed-a052a86aa491,02c65c06-56ad-4670-b8e2-10ab417c7154,2024-08-15T10:16,3,24.54,Online,Completed
f94249b8-bfdd-47ab-8200-87f2cc84763d,5400d214-6176-40bf-88d2-3f53ed38bf69,2024-07-01T10:16,7,71.75,Cash,Cancelled
4dc6d978-ca06-42cd-8c2f-86aebf7b2084,27e45431-1333-4ffd-a0c8-be56ffdc5d4e,2025-03-24T10:16,9,253.62,Card,Completed
ee855acb-5950-49c8-b878-95dc1fb30f7d,52fbb114-83aa-432d-b2f1-f3e37a5c4754,2025-08-24T10:16,1,12.71,Cash,Cancelled
0d5b3b57-7888-41a6-8c39-6fc74e167a75,500fde18-ea61-4380-9ea4-f06d09985870,2025-07-15T10:16,7,191.80,Online,Pending
a220d951-0084-4dd7-96fb-2134ac0f4c27,8b546c63-5406-493d-bc69-cfb594b38267,2025-08-26T10:16,7,89.67,Online,Completed
5ff1f9b8-a975-479d-ba29-cec2a5f89bc5,8113211c-bdc3-4bb0-94d9-3fd3871f3005,2024-09-21T10:16,1,15.34,Card,Cancelled
a5a871fb-2955-4e24-85c4-98c50ae09255,b04ce307-2d1f-4214-b023-d8f4379041a1,2025-06-03T10:16,5,67.00,Card,Completed
27ce0e59-61b1-44fa-9cee-80b29a481a59,ceafdb2a-788d-48e0-acdd-bd533a2e7ab6,2025-10-03T10:16,9,208.35,Card,Completed
19c65cde-2abe-46a6-bd23-1818bde218df,5eb75bc0-d5fa-4209-9d42-7767f3f0585b,2025-08-14T10:16,4,89.04,Card,Pending
681e5f12-62f7-40fe-a0b3-8bb6a8379f72,050d9901-1cb5-413a-9c31-282028f863c1,2025-09-02T10:16,6,171.36,Online,Cancelled
7118c1e5-f53c-4bde-a1b6-70b527762220,a3f626b9-cc27-4c04-8570-be79ab8bda4a,2025-07-03T10:16,2,17.58,Online,Cancelled
b82b444d-033b-4064-8a3b-e906d79c487d,21edfc22-3f73-4335-a774-3cf78ab65e86,2024-12-14T10:16,8,226.24,Cash,Completed
503b0dc1-b3dd-427a-bddd-9a6783d78376,885715b6-b1eb-44ca-8460-28c0343e56f3,2023-11-23T10:16,4,48.68,Cash,Cancelled
e8beaabb-6344-4fe6-8e1d-7dde7620dd34,a3f626b9-cc27-4c04-8570-be79ab8bda4a,2024-04-02T10:16,9,156.15,Cash,Cancelled
9663780e-b044-45d4-8732-bedcea01c78c,6e6d2c67-f7fb-4a98-8f9a-4822259b25c4,2024-04-25T10:16,6,123.42,Online,Completed
1841133a-a1fd-450b-95c6-d879a21de5c7,a3f626b9-cc27-4c04-8570-be79ab8bda4a,2023-11-18T10:16,4,60.16,Cash,Completed
f6c79935-d94c-497c-87ba-8a0d9894d403,726d71e2-70fd-4416-8568-78619c14a73a,2025-04-06T10:16,1,17.56,Cash,Completed
14efaa6c-5403-4404-bd8c-4623a4303821,6bd388d4-5636-450b-bacd-55bdcb769bab,2024-09-08T10:16,2,58.44,Cash,Cancelled
e93f76c0-0404-4504-a6c9-e17aad3467c3,ecf1ffb0-ac00-4968-87ea-8beef4ace55a,2025-02-06T10:16,9,65.79,Cash,Cancelled
ff927a24-58ed-4059-94cc-c8599f735390,4bb2d776-14c0-4ef6-b8ba-c580cbed72b8,2025-09-16T10:16,5,59.00,Cash,Completed
d2ede7c6-d730-4d41-8639-b428b45e86a9,1a31c678-d420-495a-aff3-0f1609514e1e,2025-03-25T10:16,5,47.60,Card,Completed
d8184d49-61c3-4bfd-b024-7599f89e0769,1407e9cf-22c9-4137-a2fe-cc12dc038235,2025-05-23T10:16,3,58.68,Online,Completed
cf42d0f2-3e09-47dc-af3b-caf8f808f07f,3befa4dc-d961-4a3a-9410-d43d1bdaa335,2024-01-02T10:16,9,75.87,Card,Cancelled
62e021a8-1ebd-4fce-822a-e4e54c07ffac,7169ef0c-f2c8-4ae3-83f6-87691664d2d2,2024-11-06T10:16,5,101.60,Cash,Pending
4d31c9c0-1cc6-4a26-9965-4e66e0aef8d1,e85d0261-2d97-4475-a749-363ec9040a74,2025-10-21T10:16,6,156.36,Cash,Pending
01a71978-ef33-4d9b-9e01-9a71e4d62b35,3befa4dc-d961-4a3a-9410-d43d1bdaa335,2024-06-04T10:16,6,68.40,Online,Pending
4fa14f83-5a31-4bbb-97ac-ba629663c5b6,9fa382f0-8393-48db-ad30-43c953282401,2025-10-23T10:16,5,27.35,Cash,Cancelled
83664480-dbd1-4a87-b421-e2d7f841cc0e,c46351bf-193f-49af-a5d6-456188837c3d,2025-01-09T10:16,2,49.08,Cash,Cancelled
c22d47fb-5dbc-4115-8a19-dd33c69bafaa,5f6e51da-5f01-4c9a-85dd-7d50ef37e5d7,2024-04-16T10:16,7,39.55,Cash,Cancelled
a9fe0723-9133-4b6a-9e6a-6e6d3c93a103,6117b6f0-c4f4-4bf1-9eeb-f33950decba8,2024-08-20T10:16,7,209.44,Cash,Pending
6b8c4546-8348-4265-9869-6c77ab842094,1407e9cf-22c9-4137-a2fe-cc12dc038235,2024-01-06T10:16,2,35.30,Online,Pending
e0c145f2-1a20-4463-9b26-dc0407d0df54,6e6d2c67-f7fb-4a98-8f9a-4822259b25c4,2024-10-08T10:16,4,95.64,Card,Completed
28b4b388-3a1d-46fd-abc0-607f5458750b,b0d737cd-ec4b-4a88-aa81-d012ef3fb719,2024-04-29T10:16,9,199.98,Online,Completed
4ef36314-9513-47b2-ac91-3124bd35da59,8626238e-5813-415a-9a8c-db944b1e0269,2023-12-05T10:16,7,120.05,Online,Completed
11e07f82-6c8a-4ccc-adce-88d9624ea65e,67c276b0-7be6-4f3c-bf86-c342095c8112,2025-05-21T10:16,5,104.50,Cash,Cancelled
1e003229-ee8e-4bad-8a1c-3ad6f93057cd,bb6ceda0-3f7a-4dfa-9862-41a88dd468b2,2024-04-20T10:16,2,49.54,Card,Completed
2157f2a2-1c96-4038-b94f-2312c4d318df,d5eaf6a7-76cc-48ec-98d9-ba713e2df70f,2023-12-08T10:16,3,65.82,Online,Pending
2f6b6dbe-4a59-4534-9062-4bec53b00314,d5eaf6a7-76cc-48ec-98d9-ba713e2df70f,2025-07-21T10:16,4,58.88,Cash,Pending
d9b03a28-73f9-4cd7-9dfc-53954737a707,bc58b12c-65c4-4f21-89ef-3e492a22ef7c,2025-06-27T10:16,4,27.48,Online,Completed
720fa6e4-3e09-45f3-93a5-3ccefc4d28b9,1407e9cf-22c9-4137-a2fe-cc12dc038235,2023-12-27T10:16,9,237.15,Card,Completed
a55aeb89-6c3b-42c5-80f7-c3ca3a1d498a,56a75a3e-a944-4147-8cba-f1024726993f,2025-08-03T10:16,3,81.36,Card,Pending
dacd0075-ecc1-4a8f-90c3-cf4660faf3e7,74e76582-f1b8-4560-b049-8aebb59d4721,2024-08-14T10:16,5,37.80,Card,Cancelled
056da751-3544-44ef-beeb-0b03e4a28c55,bfa3444b-2be9-46be-b944-720d86a59770,2024-07-05T10:16,5,93.00,Cash,Pending
1ec50f53-93cd-4c19-9296-390fc3ad3264,050d9901-1cb5-413a-9c31-282028f863c1,2025-06-12T10:16,9,74.07,Online,Pending
37833e74-00d4-4b07-b846-93b4adfd22ec,6c3bf618-a715-40f9-9faa-cfc5f5beef2f,2025-04-22T10:16,1,16.82,Cash,Pending
52392e89-d7f1-49b1-adc4-0d58f9360f54,8887df7e-682b-4d48-b18c-c1ddfa0aaa26,2024-06-10T10:16,2,29.64,Online,Pending
6ae2d0e5-44fc-4107-a800-16c295a0c246,726d71e2-70fd-4416-8568-78619c14a73a,2024-10-24T10:16,4,72.40,Online,Pending
7c9f6a41-3311-41ae-854a-3e840a48d053,a3f626b9-cc27-4c04-8570-be79ab8bda4a,2024-07-12T10:16,5,141.45,Card,Cancelled
215e7c50-1e72-4a01-9c35-1a1d89a48078,3910ab11-8758-4a4f-8a9b-c4f5df7413c4,2024-05-17T10:16,6,69.06,Cash,Cancelled
125576ea-6d47-4c8e-a39f-70803e87784d,14eace30-1ac2-411e-8eef-98e8f32a87fb,2024-01-05T10:16,7,126.07,Cash,Cancelled
b709e6ea-d987-4bb6-9bcc-4a2f4c837523,60cd80b6-3967-4dae-b4df-adc7b5644971,2025-04-01T10:16,4,33.48,Online,Pending
5afdefac-c26d-4039-8392-b3de55effe2e,74e76582-f1b8-4560-b049-8aebb59d4721,2025-08-22T10:16,4,89.96,Card,Completed
820d1ce2-55a1-488a-ae1d-424f14e500c2,bb9edfa8-17f7-4f6f-8e3b-616693a298b1,2024-05-05T10:16,9,128.70,Card,Completed
2f3e4ff6-2566-4209-8921-a7bdde1fa02d,f0a6a958-e434-41bf-a830-dffa55a34db5,2025-09-20T10:16,8,102.48,Card,Pending
867c6eee-b26a-4094-bbfa-8795bc70227c,80537cf2-360f-4740-8b7e-d4cd56e22987,2025-04-03T10:16,2,53.54,Card,Pending
a42c34bd-14bd-4cc1-8b0a-cfd8e4dc98ab,21edfc22-3f73-4335-a774-3cf78ab65e86,2025-05-26T10:16,8,176.08,Card,Cancelled
8de3432e-e2dc-4ddb-90c5-8ad0952536eb,365c90d0-a590-4209-9401-2ce55af5ed98,2025-09-10T10:16,4,75.48,Online,Completed
8466e9ce-045b-4de0-8372-d428d4364f8b,1a48aa9a-def3-481d-922a-94300aa97309,2024-08-06T10:16,8,60.56,Card,Cancelled
477aa263-ec59-418c-bdf1-4fdff296d446,ff4db0d8-e809-46e8-9ae0-78ffee4902d9,2023-12-26T10:16,7,76.72,Card,Cancelled
b9ee2b50-ff2f-4a64-8cc3-bd9842128f96,9fa382f0-8393-48db-ad30-43c953282401,2024-06-11T10:16,8,195.92,Cash,Completed
bcad5d82-8068-442b-b522-1a770293d506,7a18d550-38d0-40b2-84a7-547162e7e409,2024-09-16T10:16,4,41.20,Cash,Pending
e8fd674f-a60d-4ddf-9c5a-250a159004a6,8113211c-bdc3-4bb0-94d9-3fd3871f3005,2025-08-08T10:16,7,118.58,Online,Completed
fd895983-36d5-4b32-bb7e-0a712195c972,2a109685-1399-4149-8951-fba29bb0360d,2025-03-09T10:16,9,139.95,Cash,Pending
1985eab1-14e5-4c2a-8cf9-c4a7d72ac03a,103fcba5-5588-45a5-9fe0-6ac948d3860e,2025-11-04T10:16,2,17.36,Card,Completed
69149e74-798d-4570-85ad-eff4f5a8d04d,59827b2a-ae17-44b1-bd6f-6f08718559cb,2025-09-21T10:16,7,113.33,Online,Completed
5d3af121-5828-43c5-b37f-2df9dfcacdbf,36b880b0-e9bd-4c0b-8f1c-32018f6c758a,2024-01-12T10:16,8,101.36,Cash,Completed
7c6a59d6-7f7b-4bcf-8110-39c34bd86f1e,52f5634d-de98-4543-8a1e-cbf1e2d0242f,2024-09-19T10:16,2,52.20,Card,Pending
ef340269-88ed-40c8-a829-a46937ac5fab,bb6ceda0-3f7a-4dfa-9862-41a88dd468b2,2025-04-01T10:16,7,202.44,Card,Pending
fe0e3e7f-2603-4e3e-8845-0fbccf86e669,8113211c-bdc3-4bb0-94d9-3fd3871f3005,2024-10-09T10:16,1,29.83,Card,Completed
2f61df42-73b9-4f0a-b56f-037070ce1e81,52f5634d-de98-4543-8a1e-cbf1e2d0242f,2024-02-02T10:16,4,30.76,Online,Completed
f8cb2960-0151-4215-95be-165cf6fb2dc1,f3826f04-0dfa-4266-8002-58fede0093f5,2024-01-29T10:16,3,89.46,Card,Pending
4c13a6f4-79d4-4c37-a824-dd48e7114a44,bb6ceda0-3f7a-4dfa-9862-41a88dd468b2,2025-09-22T10:16,4,90.84,Cash,Completed
43435eec-44c6-4af9-8387-2101f6a417cf,365c90d0-a590-4209-9401-2ce55af5ed98,2023-12-07T10:16,8,96.96,Cash,Completed
563124eb-1c97-4eeb-b86e-874ba62a714c,b6c26110-1b77-4777-8c79-c69ec19b66df,2024-03-17T10:16,2,37.40,Card,Cancelled
9e63af4b-225f-495f-a0c4-1b0ea97b9ceb,428424b7-1f94-496a-8b7a-497ce177d32c,2025-04-08T10:16,9,172.98,Online,Pending
33ab2728-9ca6-486a-b485-8e5a75d7dbaa,dcfb3d05-846d-4915-99f3-ebbc7559d972,2025-02-21T10:16,8,66.08,Online,Cancelled
5b6543d9-040e-42c1-9c28-4b974fd038b1,9b9edd1e-b4f7-414c-b8b5-a3dc51fa0a8c,2024-10-18T10:16,2,41.74,Online,Completed
528bf9f9-9459-4f19-ad9e-c345b765ce38,26d032f1-9fe9-487a-987a-a8be14e1db05,2025-06-07T10:16,5,126.95,Card,Pending
37985f06-b6de-415e-99a0-3ba43c6ffe7e,10b26c2d-7d56-4175-84a8-a2775e128a9d,2024-09-16T10:16,2,56.58,Card,Cancelled
54cc8b70-80c9-467d-a0a0-50b8d580f076,0a5a9fc7-e126-48f0-99aa-dea85c606f66,2025-05-31T10:16,9,140.94,Online,Completed
1fde38f1-7838-4ffb-8c4b-e2cc2ea5a2d8,0df3bae1-6384-4856-aa27-aef9f6c48b75,2024-07-16T10:16,9,64.35,Card,Completed
ad33ed55-ca18-4cbb-afb0-3688c88113bd,050d9901-1cb5-413a-9c31-282028f863c1,2024-01-16T10:16,4,22.04,Card,Cancelled
17b18c00-ba78-46f2-a9f3-b5db13aed345,3dcaabe3-78c9-4d88-bed5-56ca7ceea07c,2024-08-15T10:16,7,192.15,Online,Completed
6d29e1dd-934d-469d-b2e1-bedceb0c7de3,8e1bbe6c-7b75-46dc-8ca1-0b1664cd6ae4,2024-05-14T10:16,2,31.56,Cash,Cancelled
fa56df3f-4bdf-4443-b0d4-cd06c68ea7c7,6f61ca8e-51a1-48e0-abfa-88326e713e34,2025-07-19T10:16,2,27.68,Cash,Pending
9b941d4b-bf31-4213-829c-7d70b4b6f189,e277d099-db2a-4aee-ab86-8b0e73a34383,2024-08-14T10:16,7,82.46,Cash,Pending
54fb7d55-fbdf-4a70-bf8b-d425221da228,92da274a-bea2-490a-bb52-196c46fa8487,2025-05-02T10:16,2,18.84,Cash,Completed
0f2c3852-3666-470c-82d4-4f20042fad0d,9b9edd1e-b4f7-414c-b8b5-a3dc51fa0a8c,2024-02-06T10:16,7,50.33,Online,Pending
53d3e4c9-759e-440f-a66a-21311223dff8,90f0db1e-2b19-43f7-ba17-233c7c214eca,2024-05-22T10:16,2,15.74,Cash,Pending
d6e19fd0-9bcf-4d22-8d41-aa75b7150a08,98b17fed-218c-4f20-8410-9f0edfc74455,2024-12-30T10:16,2,12.06,Card,Completed
65c33639-db80-4b28-8bc1-f652f2ce2de6,23650eb4-f98d-45a3-a90b-a378f03d469d,2023-12-08T10:16,5,86.25,Online,Completed
dab600b7-2e61-4de4-a9fe-55ce02a7b9f2,bf0de251-90d7-423c-8b31-48df1a89964f,2025-05-17T10:16,8,68.32,Online,Completed
4c16d855-daf0-4ffe-8ef1-cb6f65111f20,1407e9cf-22c9-4137-a2fe-cc12dc038235,2024-05-04T10:16,3,72.84,Online,Cancelled
d22d497d-221e-47a5-a83f-3fb0faa57c21,52fbb114-83aa-432d-b2f1-f3e37a5c4754,2024-12-15T10:16,2,10.96,Online,Pending
3222705d-6e2f-4e2a-bd0b-81991e996c4f,515fe1d2-d33a-4b9d-8c19-07e0cbe81a9a,2025-09-01T10:16,5,115.75,Card,Cancelled
fc22977e-6f20-41f9-8080-d8ab39915921,c83bba2f-5229-4998-9566-1f3179b13e8a,2025-02-15T10:16,6,142.26,Card,Completed
989a7cfb-9acb-4386-a1bb-435f684e46b1,885715b6-b1eb-44ca-8460-28c0343e56f3,2025-07-13T10:16,7,164.78,Online,Pending
592a6fa5-6c38-4db5-bb19-88666e5b6a9d,8113211c-bdc3-4bb0-94d9-3fd3871f3005,2025-04-27T10:16,2,28.98,Online,Cancelled
08ea51d1-ae02-46ac-bcde-fa078fb2bd5e,06e585f0-5b60-4900-81d1-3379328e6c17,2023-11-27T10:16,8,66.64,Online,Completed
b8e3fa13-5b28-4cef-a8bd-d765f9cd4dfb,5d6f84a5-a4de-442e-99b9-b8ef714b4436,2024-07-17T10:16,9,219.42,Online,Cancelled
37a4da94-6d32-4ff5-b09e-2fdf742ca1f3,3ab3404a-ee80-4ed2-8d90-a6f0dad14e48,2024-09-28T10:16,3,16.50,Cash,Pending
103ca6a4-1ddb-41e9-a874-86ebe1482f3d,0a0ac3e5-6e20-4fbc-87ec-5481c70e38bc,2024-10-27T10:16,8,46.72,Cash,Completed
5b877754-5096-4b81-8670-7ed90efd24ce,428424b7-1f94-496a-8b7a-497ce177d32c,2025-10-24T10:16,3,54.90,Cash,Cancelled
bf0621bf-079b-441c-96b2-92c55d15ad32,3befa4dc-d961-4a3a-9410-d43d1bdaa335,2024-04-09T10:16,2,34.96,Card,Completed
1f276277-9420-4a1b-b8d9-2ed9392c5e69,d87f31d7-79ef-4c17-856e-142e791b04da,2025-10-04T10:16,5,84.00,Cash,Completed
e07e1b4b-67cc-4f35-ba7e-3c52a1b3a614,e38afcd9-9e08-47ba-bc92-5ebb4bc271eb,2024-01-30T10:16,1,18.25,Cash,Pending
82b7670a-cf28-4990-a29f-17fc74b80e9d,1a48aa9a-def3-481d-922a-94300aa97309,2024-09-19T10:16,4,36.12,Cash,Pending
fa2dc292-439e-4fbc-984a-a317c3737f66,cd50913f-8c99-4253-9134-0cf5fe5f300f,2024-04-01T10:16,8,122.32,Card,Pending
5f3bdfcf-4a5b-4f73-8ac5-ad53e3e0636f,f6c35464-33dd-44a7-bf84-071f2e427045,2024-09-04T10:16,6,105.66,Cash,Cancelled
a428c729-83ff-4c02-b452-0f6a78150da5,3dcaabe3-78c9-4d88-bed5-56ca7ceea07c,2024-11-27T10:16,4,44.72,Online,Cancelled
17bf99a7-208c-4033-9f8a-29359ded8095,401a6911-a31e-4892-adc1-56e3e1eb090a,2024-10-29T10:16,4,112.44,Cash,Pending
75d0f04b-4189-48ab-b12e-c9526f5b6d5d,05ccd8a5-ea5f-4353-bd1e-3022152b0685,2025-01-14T10:16,3,44.04,Online,Cancelled
7dca0214-35b7-4b28-8f82-ad51c9eadf44,00d7ae70-0f46-4453-963c-4ab2a3d29314,2025-02-07T10:16,4,107.24,Card,Pending
8f103eea-56b9-450b-b834-775b2a74a940,0a570207-0f70-467f-bbeb-44a0a60a9a25,2025-10-29T10:16,4,118.56,Online,Cancelled
6bb7d23b-11cf-482e-af34-7cd984db2bc1,7509850a-5062-4da9-aad6-bc5b9e363ef1,2025-08-12T10:16,8,107.92,Online,Pending
e3d1a19c-e4c5-4fd3-ac09-d3e92637f450,8887df7e-682b-4d48-b18c-c1ddfa0aaa26,2024-04-02T10:16,7,60.90,Card,Pending
1b817d9f-6985-4ee4-9f71-25b2ad9e5209,89d26a00-0fde-4c03-8430-b06f6bc3f33a,2024-03-12T10:16,9,172.35,Online,Cancelled
878d4886-662e-4368-b67d-160da5e42189,1407e9cf-22c9-4137-a2fe-cc12dc038235,2025-09-23T10:16,8,53.44,Online,Completed
9736e187-ca37-465e-a922-bc2e082e9d13,e886c155-0dae-4b36-88f5-a86fa474d1f6,2025-07-18T10:16,9,96.30,Card,Cancelled
c7de1a98-0105-485c-a350-a2bdfeb79d17,4b14a58c-f1e4-40b6-888d-a88cd7055099,2024-05-18T10:16,8,237.36,Card,Completed
79aaaedc-4fb3-4d6c-87a0-cd84c5ef40d4,000f9c8f-2fc7-4346-844d-c04f10751265,2025-04-06T10:16,4,92.68,Online,Pending
044a4235-883c-4928-a13c-5a48f4fbdbf3,36b880b0-e9bd-4c0b-8f1c-32018f6c758a,2025-04-13T10:16,7,76.93,Online,Completed
9bbcb019-df12-4db3-80c0-5cdf1efb1ab0,e6e1db85-f8ba-4264-9c9a-520ecda4bc4c,2024-10-08T10:16,2,30.64,Card,Cancelled
307c0cf9-cc3f-4b89-8df3-0e1d8edb2ef1,5eb75bc0-d5fa-4209-9d42-7767f3f0585b,2024-01-04T10:16,3,25.86,Online,Completed
3d358522-2c64-4d8a-88ad-4f95be68fb2e,90f0db1e-2b19-43f7-ba17-233c7c214eca,2024-05-02T10:16,5,42.20,Card,Completed
b256572b-5664-48f7-97c8-608b87852fd4,10b26c2d-7d56-4175-84a8-a2775e128a9d,2025-01-03T10:16,3,70.38,Cash,Cancelled
1f10786b-9722-4d13-b2e6-2e117430b51f,983d66ae-c8b0-46b8-8abc-26a1055cf729,2025-07-27T10:16,4,47.44,Online,Completed
48bc3cb3-e90f-435d-bd03-3d34454d0940,6f61ca8e-51a1-48e0-abfa-88326e713e34,2024-04-30T10:16,6,36.66,Cash,Cancelled
28b4534b-3bfb-4288-8778-52deb153da76,5f6e51da-5f01-4c9a-85dd-7d50ef37e5d7,2024-09-16T10:16,6,38.82,Card,Cancelled
3aaba984-e8cb-4d86-b9a3-5c6964416efa,f0a6a958-e434-41bf-a830-dffa55a34db5,2024-03-09T10:16,3,55.50,Card,Cancelled
ff115b8d-12ba-4375-94c9-2f523b29e9bf,8626238e-5813-415a-9a8c-db944b1e0269,2025-06-29T10:16,2,41.98,Card,Pending
b74418b4-3038-498d-95bb-6b6aa3820f5a,f067e21d-d1d4-4e87-9cae-9753f5f9ccb6,2024-08-07T10:16,8,79.36,Online,Pending
8043249c-2c69-47dd-ad35-a66a29329f8b,c5817fdc-a4dc-4879-b957-30cfda62016b,2024-01-18T10:16,3,52.50,Cash,Pending
be297e83-2b19-4be6-9a96-a3e36d892bf7,46032f36-69bc-465a-9b33-a5d560bfd77a,2024-10-29T10:16,2,28.30,Cash,Completed
d14085f1-756e-4609-b9ed-1ed0b64adb64,80537cf2-360f-4740-8b7e-d4cd56e22987,2025-09-30T10:16,7,37.03,Card,Pending
85fbf220-75a0-4b62-af6f-b00af33c8fb9,6945f6f4-b8f9-4d04-90ff-e59ed705578e,2025-01-24T10:16,6,157.68,Cash,Completed
b45853aa-7fef-4977-ab0e-9ef65f55f542,1a31c678-d420-495a-aff3-0f1609514e1e,2025-08-01T10:16,1,21.65,Card,Pending
022d54a3-af91-4b7a-8ab2-3a8c020cd406,8b115a34-224b-453c-be69-b53a7445b466,2025-05-12T10:16,5,58.90,Card,Completed
d85f5089-506f-4a9c-ab6a-b350aa60af7d,5eb75bc0-d5fa-4209-9d42-7767f3f0585b,2025-10-18T10:16,1,24.02,Cash,Completed
2a613004-2f08-47a3-b9c5-4397482c0136,56a75a3e-a944-4147-8cba-f1024726993f,2025-05-27T10:16,7,46.97,Cash,Completed
9ec5ce49-f0da-4591-ad27-b3bd8f8bd786,a938df5f-7764-459c-8bfd-90409d16b3c6,2024-12-04T10:16,4,71.80,Online,Cancelled
21c460ad-6fb9-431e-a0eb-c25d3c93996d,8e1bbe6c-7b75-46dc-8ca1-0b1664cd6ae4,2023-12-24T10:16,4,66.00,Online,Pending
2bd90ee1-879f-43f1-87c1-9eca9fa90d64,52c87fd9-fdf0-4256-b929-6153ad24a0ac,2025-06-19T10:16,6,86.52,Cash,Completed
1f63f021-53dc-48b5-8af6-a40f6dee0be4,89d26a00-0fde-4c03-8430-b06f6bc3f33a,2025-04-29T10:16,3,61.80,Cash,Pending
8fb11d6b-3116-43b6-9898-e2790247539e,6e6d2c67-f7fb-4a98-8f9a-4822259b25c4,2025-03-20T10:16,1,19.46,Card,Cancelled
0e550420-9e0f-4c9e-9312-adc853dee1d5,11526850-7335-463f-b740-a52a90457c3b,2024-11-02T10:16,5,65.85,Card,Pending
df91ceda-070c-4e20-b9b8-44c1d73bf168,0a5bd884-b432-4ce5-b14e-44b4aedd4c0f,2024-10-09T10:16,8,221.92,Cash,Pending
e16b12ab-9852-46c2-b8f9-42909a05365e,d5cfb1a3-ce2f-4aff-ab4c-50e0c5426af1,2024-01-27T10:16,6,176.16,Cash,Completed
256ca10a-804a-42ad-88cb-382ecea5725f,ecf1ffb0-ac00-4968-87ea-8beef4ace55a,2024-03-18T10:16,7,71.54,Cash,Completed
67957dd4-5ef8-4aa1-b35e-28e8dbaabb97,9b9edd1e-b4f7-414c-b8b5-a3dc51fa0a8c,2025-08-23T10:16,9,267.84,Online,Pending
cb788036-6e12-4ce3-8d4e-70784d99eb52,941529ef-2114-4bff-907a-4596ff4593a1,2024-02-27T10:16,6,37.08,Card,Pending
a62820d4-9cc3-48fd-b09a-4aa12220aa95,ec3490d2-e8da-47ee-ae12-0ca0b1d7a2bb,2024-09-05T10:16,2,14.34,Cash,Completed
566e061a-6e73-4531-9689-e09fadc5f36b,1a31c678-d420-495a-aff3-0f1609514e1e,2025-10-12T10:16,2,24.76,Online,Completed
3551b78c-ba2a-4860-894a-59862ee8fa06,050d9901-1cb5-413a-9c31-282028f863c1,2025-07-09T10:16,9,241.92,Online,Pending
adcef5d9-7732-4f5d-9e12-18b7f67c1169,e6cb1215-5314-4d05-bfd1-f6e5d36e89f7,2024-07-16T10:16,4,23.88,Card,Completed
55179763-d046-4434-94ee-b070f098eb93,d6d4ef4b-0870-48aa-b884-013237f255f4,2024-08-21T10:16,2,38.80,Online,Pending
50bec027-4bf3-44fc-a9ca-e67f566e4235,73a2b03c-2dca-486e-8ebc-c4d6bb68a8c6,2024-05-28T10:16,6,59.16,Online,Cancelled
03ced1b7-0ea3-423e-a8aa-87e71f6cbef6,3befa4dc-d961-4a3a-9410-d43d1bdaa335,2024-02-07T10:16,4,38.76,Online,Completed
d26ca6e1-3142-4cc8-a800-8e0e3bbb16c2,bb6bf39c-f455-4e08-a59e-1bdaaa91d4aa,2024-09-05T10:16,2,38.88,Online,Cancelled
cc564664-6a2d-4f00-b9b4-186044c061bf,0e0d5f13-edd5-4ab0-9ddd-3df111bedc5a,2025-02-28T10:16,9,216.81,Cash,Cancelled
79c1dfc9-77e8-498d-a02b-056d539034b4,8b115a34-224b-453c-be69-b53a7445b466,2025-06-30T10:16,5,130.85,Card,Completed
49972a6d-bc11-45af-ac99-ceb27909b9a3,953417c6-cd52-45e9-9ca0-bb450653c934,2025-11-08T10:16,1,19.81,Online,Completed
2581a106-2661-43bd-85a4-3e6edfc0eb8b,f3826f04-0dfa-4266-8002-58fede0093f5,2024-01-29T10:16,4,64.28,Card,Completed
d75c30c6-6e0d-4897-8fa7-f69b4653231a,e7991221-0de0-4ef8-aa9c-ca3b59197059,2025-01-09T10:16,6,134.88,Card,Pending
ee746d5f-8aac-4f12-8881-622b8126a301,3ab3404a-ee80-4ed2-8d90-a6f0dad14e48,2025-02-04T10:16,7,122.92,Card,Completed
650c54d1-7f46-47cf-8d11-d16ab5bd0f58,8e1bbe6c-7b75-46dc-8ca1-0b1664cd6ae4,2024-04-17T10:16,6,124.62,Card,Cancelled
4fff6573-ff88-4605-925f-fba6d29f2230,f067e21d-d1d4-4e87-9cae-9753f5f9ccb6,2024-12-15T10:16,2,51.34,Card,Pending
23479b9a-6af3-4fbe-8af8-b1b4d084308d,cf65c4b6-4c1c-420b-95de-23e5b56ffad5,2025-10-18T10:16,9,65.97,Online,Pending
c0c223f4-f0f5-4419-af93-85d6f518e194,d5eaf6a7-76cc-48ec-98d9-ba713e2df70f,2024-02-07T10:16,9,184.41,Cash,Completed
32fd4f05-031e-434e-9dfd-feb008352213,e6e1db85-f8ba-4264-9c9a-520ecda4bc4c,2024-09-27T10:16,8,172.64,Cash,Pending
de0a0532-f19f-4c26-877a-fc7187a0d502,910b1d47-5c37-48b1-8bde-96c60660f1d7,2024-06-07T10:16,2,57.34,Card,Completed
f819db29-96be-4f81-8d8d-524098c11412,c5817fdc-a4dc-4879-b957-30cfda62016b,2024-12-03T10:16,5,106.35,Online,Pending
47e43b5e-5c03-4005-a1bb-af91060fe7da,06e585f0-5b60-4900-81d1-3379328e6c17,2025-06-07T10:16,2,25.64,Cash,Cancelled
48224af9-9f11-4e4a-bbf7-7e48129d1be1,60cd80b6-3967-4dae-b4df-adc7b5644971,2024-05-24T10:16,6,120.30,Card,Completed
8388a154-d9a2-41cb-a0a6-c446acc3b83f,1eeb9c5f-5b7a-47af-b4f1-5a50d9d1089c,2024-05-01T10:16,2,29.82,Online,Pending
25866e93-11eb-4076-9f49-462fc59134a9,bfa3444b-2be9-46be-b944-720d86a59770,2024-01-20T10:16,8,134.56,Card,Cancelled
d81f2849-a292-4751-a140-a881640ab5f6,52fbb114-83aa-432d-b2f1-f3e37a5c4754,2023-11-18T10:16,3,53.31,Cash,Completed
ba2f218b-fc1f-48c5-adce-e1ff5c355c06,dcfb3d05-846d-4915-99f3-ebbc7559d972,2025-06-27T10:16,4,91.60,Cash,Cancelled
160e8e60-6e19-43f0-89be-2c11b6c8b6c7,5f0f3def-9ff6-4282-ad04-001c4a769966,2024-11-29T10:16,7,83.93,Card,Pending
1c77615b-0cdd-474f-a8e7-0224d5c793f0,b014b56e-3263-4b63-8430-46e00bc5ea77,2024-06-16T10:16,8,147.68,Cash,Completed
500aa45e-4dff-42b6-b707-6a308b56a8c3,ba5d9947-b043-4aca-8ee0-6b77895cf8e8,2024-08-12T10:16,9,181.17,Cash,Completed
77cd2a4f-a92a-4fde-aa9a-25d383444189,b0d737cd-ec4b-4a88-aa81-d012ef3fb719,2024-04-01T10:16,8,77.52,Online,Completed
beeed898-0c6a-4ef4-91c5-17508fb5784b,0a5bd884-b432-4ce5-b14e-44b4aedd4c0f,2024-12-13T10:16,6,52.14,Online,Pending
0a4bc24b-dd20-40a0-b8f1-a6f579bb751c,98b17fed-218c-4f20-8410-9f0edfc74455,2024-03-21T10:16,8,168.16,Card,Cancelled
78485c76-10a8-4b9d-8d83-5c54a5aafbb2,8626238e-5813-415a-9a8c-db944b1e0269,2024-06-22T10:16,9,113.22,Cash,Cancelled
238f8866-932d-4483-b8a8-962b831a5f32,a190f67b-21df-46bc-8164-46bdfa00af85,2025-08-11T10:16,2,23.34,Online,Completed
a93ef032-7c42-48eb-91ab-78f1dbc180ea,d6d4ef4b-0870-48aa-b884-013237f255f4,2024-05-31T10:16,3,21.27,Cash,Completed
514b8ec2-4260-46ae-b15a-e9dfe8e74bf2,6e6d2c67-f7fb-4a98-8f9a-4822259b25c4,2024-06-06T10:16,4,55.88,Online,Cancelled
a06f80a8-b2c1-4b39-b51c-f624532e6e5f,0472ca7f-b133-4710-8f43-24a3c6c1afd1,2024-08-16T10:16,8,84.80,Online,Cancelled
08a0886a-e810-4473-a769-4308f2f4e0b8,bb6ceda0-3f7a-4dfa-9862-41a88dd468b2,2024-07-14T10:16,4,41.52,Card,Cancelled
e26dd207-99fc-494d-b74d-3c4a31675204,7169ef0c-f2c8-4ae3-83f6-87691664d2d2,2024-04-29T10:16,2,40.68,Online,Pending
59140cfb-0686-417f-aa0c-aecb35ed0649,65b2c0ea-6192-47fc-9286-2c1dd3ecefb1,2024-03-13T10:16,4,68.04,Online,Completed
897f610d-3c66-459e-a0e4-0be7fc426826,0e0d5f13-edd5-4ab0-9ddd-3df111bedc5a,2024-10-29T10:16,7,72.80,Card,Completed
9024d54d-928c-47e6-bf81-ab8a13702216,5d6f84a5-a4de-442e-99b9-b8ef714b4436,2025-06-11T10:16,7,87.36,Card,Completed
bffaf704-748c-4761-a485-bcab92242579,824998a2-7592-4051-ab0b-d5e12743c93b,2025-02-20T10:16,9,245.16,Card,Cancelled
eddfbd82-b7e0-48f9-a03e-d11cdd24f9e5,2a109685-1399-4149-8951-fba29bb0360d,2024-05-15T10:16,1,25.57,Card,Pending
d86680f3-cf93-444b-8183-9ac8ce84e759,3befa4dc-d961-4a3a-9410-d43d1bdaa335,2024-10-02T10:16,6,132.12,Card,Completed
2eb4e288-2c84-4792-9293-c51b722da09c,0b2a0e9a-e050-4380-b607-57adcbbf59d4,2025-11-02T10:16,4,101.72,Cash,Pending
9615970f-b245-4279-a647-bb461e19db8d,aac35608-9499-49c5-811a-a059e773c968,2023-11-29T10:16,4,60.24,Card,Completed
e866d92d-b063-44ce-94f4-7b3f82cf6eac,99c406e7-092b-4eeb-bc08-56fc041c253d,2024-08-10T10:16,2,25.94,Card,Pending
26b51eaa-dc31-4672-a2da-5cd2db60b4e9,a3f626b9-cc27-4c04-8570-be79ab8bda4a,2024-05-16T10:16,2,28.10,Cash,Pending
7f5dc212-838c-4235-aff1-220a2035c1c2,dcfb3d05-846d-4915-99f3-ebbc7559d972,2024-04-24T10:16,2,20.40,Online,Completed
01bffbbe-80d2-45ca-aa73-1b3d8c9a6b9e,964d337f-acd5-4ca2-8843-9be3f2eb60fc,2025-01-09T10:16,3,34.71,Online,Completed
5f1b0a36-a127-4f1a-9e24-e52b0f3ee047,4bb2d776-14c0-4ef6-b8ba-c580cbed72b8,2024-07-25T10:16,3,86.49,Card,Completed
abe94ab7-7742-4325-b101-1f222ad7bbaf,39cb44e2-a541-4b98-bc0b-db5f31cf8710,2024-04-16T10:16,3,15.72,Cash,Cancelled
21d818a2-cb04-4c11-9410-bbd6f4601f58,09ba4183-1b94-4f8c-bc5f-eca421a88524,2025-08-02T10:16,3,30.63,Online,Cancelled
783aca5c-a8d7-4f59-9a94-3eb7623e5595,7d2df59f-386d-4aec-85a8-2443262a0cb4,2024-09-18T10:16,9,132.03,Card,Cancelled
4416d185-8c42-482b-963e-6848b6dd133d,fbe227d7-6d32-4407-9783-7fdac983e55f,2023-11-20T10:16,4,35.76,Card,Pending
719cb508-c4e9-4c73-bf51-3c250ad3f355,f0a6a958-e434-41bf-a830-dffa55a34db5,2025-01-28T10:16,1,13.11,Online,Pending
819accab-43ed-4f0f-accb-902086b4d3ef,fdb5454e-2230-489e-ade4-9218ff28cbd8,2025-05-23T10:16,6,115.50,Cash,Pending
9fb101a6-faa9-440d-adfb-b024de0882ff,1407e9cf-22c9-4137-a2fe-cc12dc038235,2024-10-20T10:16,6,50.94,Cash,Pending
51ad31ab-5316-4bc2-96dd-06777bc92d13,b6c26110-1b77-4777-8c79-c69ec19b66df,2024-04-05T10:16,1,14.09,Cash,Pending
3f0eaadf-cfbb-40ff-9428-2f5a28a443fc,935ebde1-5945-4673-886e-1a7a12cc2d4e,2025-07-25T10:16,1,10.70,Card,Completed
d1cfd51c-896a-4605-a2b9-280649f0d07c,bb9edfa8-17f7-4f6f-8e3b-616693a298b1,2024-01-23T10:16,1,8.53,Card,Pending
c92a7779-a457-4a60-ab88-460bdf0d54da,5400d214-6176-40bf-88d2-3f53ed38bf69,2023-12-13T10:16,7,153.37,Online,Cancelled
16e6a8cd-d7a6-4424-9d94-0216d205262d,7169ef0c-f2c8-4ae3-83f6-87691664d2d2,2024-09-24T10:16,2,57.64,Cash,Completed
b2853fb7-09fa-40f9-9185-878cede93549,b6c26110-1b77-4777-8c79-c69ec19b66df,2025-02-04T10:16,7,86.17,Online,Cancelled
2a5ef030-6804-4475-a31a-22410fa7432a,d3f641e5-b8b5-4f5f-9155-7768df2033e8,2025-01-14T10:16,7,208.95,Online,Cancelled
30f952d6-b7e1-429c-9516-cd22f9750bf4,7a18d550-38d0-40b2-84a7-547162e7e409,2025-07-03T10:16,4,38.08,Cash,Cancelled
139f1a1c-97d4-40a5-8f15-9ab57fba4710,7509850a-5062-4da9-aad6-bc5b9e363ef1,2024-12-15T10:16,6,162.96,Online,Completed
a30364cd-62ad-436e-a7ff-0470d254a961,6e551d53-4f6d-4b84-a9de-3d7c79694805,2025-04-29T10:16,2,29.88,Cash,Pending
8d2cd0d7-9f1c-4c60-8346-8205dd5d0851,726d71e2-70fd-4416-8568-78619c14a73a,2025-05-26T10:16,6,105.36,Cash,Pending
6d7d1d8b-dd40-49eb-a9b1-7d9dd531f42a,885715b6-b1eb-44ca-8460-28c0343e56f3,2025-06-22T10:16,1,5.45,Cash,Pending
0850e8aa-8b3a-450d-97af-748f1601f160,6e551d53-4f6d-4b84-a9de-3d7c79694805,2024-05-06T10:16,6,46.26,Online,Cancelled
20fd9314-4395-4bc0-941d-a050d6e7a7a3,8887df7e-682b-4d48-b18c-c1ddfa0aaa26,2025-03-24T10:16,9,71.01,Cash,Completed
6b779fd5-e495-4eac-a3e1-23e8dc7eefff,e12c3d24-86c8-474f-b86b-370df36adbfe,2025-07-01T10:16,5,116.40,Cash,Pending
38d5ca08-731b-4c34-9384-96fb0144fb1b,67c276b0-7be6-4f3c-bf86-c342095c8112,2023-12-12T10:16,2,46.74,Card,Completed
70101059-91f3-449a-afe8-5d202f10763f,0b2a0e9a-e050-4380-b607-57adcbbf59d4,2025-08-15T10:16,1,24.81,Cash,Cancelled
9b1f24be-b4c8-423c-b989-a53e62212667,c0d74d86-5c5b-481d-b8e3-61eeb9c77255,2025-09-06T10:16,4,114.36,Online,Pending
98e134a2-f986-4ef0-9bcd-ba1db09a59cb,5f0f3def-9ff6-4282-ad04-001c4a769966,2025-03-04T10:16,9,173.34,Card,Pending
b02b3c6b-d59e-4dca-abf1-a9da441fc18c,4739f27f-7a96-4d52-83ae-0c6fd4c8c606,2025-02-14T10:16,1,15.05,Cash,Pending
6e175420-81ff-4a6f-a91e-62325524fb5d,6e6d2c67-f7fb-4a98-8f9a-4822259b25c4,2025-07-05T10:16,4,91.40,Online,Cancelled
32f460c0-9f90-4036-af78-ccb2dbde94d7,fbe227d7-6d32-4407-9783-7fdac983e55f,2025-05-13T10:16,5,60.90,Cash,Completed
52e4b561-5e64-4d7f-8993-210e2f93140f,27e45431-1333-4ffd-a0c8-be56ffdc5d4e,2024-06-18T10:16,8,178.56,Cash,Completed
27cfe337-0bb3-46b8-914a-ecd8da99b82f,500fde18-ea61-4380-9ea4-f06d09985870,2025-05-17T10:16,9,210.24,Online,Pending
5e2d4deb-789e-4abd-922e-1047d1a142a9,0a5bd884-b432-4ce5-b14e-44b4aedd4c0f,2025-10-16T10:16,2,23.36,Card,Completed
a49b1be7-dafd-46dd-8967-59d86f50041e,bfa3444b-2be9-46be-b944-720d86a59770,2024-09-10T10:16,1,24.49,Online,Completed
b1317009-c4e6-4ee8-a74b-68124e7f26e5,f0a6a958-e434-41bf-a830-dffa55a34db5,2025-05-04T10:16,3,62.70,Online,Pending
2eafc7d5-cd1b-415d-96bb-0bfb6532e7e3,8b546c63-5406-493d-bc69-cfb594b38267,2023-12-17T10:16,1,11.04,Cash,Completed
f5ed56c5-e7cd-4ece-9bb8-e88c66eba49b,4b14a58c-f1e4-40b6-888d-a88cd7055099,2025-07-31T10:16,9,223.92,Card,Cancelled
024e0449-7e3d-41ee-a2c4-6ad0993de125,fdb5454e-2230-489e-ade4-9218ff28cbd8,2023-12-13T10:16,4,44.36,Cash,Pending
0c01b08a-ca47-4766-b44d-85611a122ebd,bfa3444b-2be9-46be-b944-720d86a59770,2024-01-05T10:16,3,25.86,Online,Pending
cb300e99-ab60-4186-8570-03f0252d29c4,d5eaf6a7-76cc-48ec-98d9-ba713e2df70f,2024-07-26T10:16,4,75.80,Online,Pending
8f55828a-d65b-46d9-9e9a-82642a1d2e1e,7a2e5fa5-096b-4701-8ce6-7a3db39bf8eb,2025-05-11T10:16,5,36.15,Online,Pending
2de7b2ed-c142-4d07-8317-61ec5b6ab387,cb8747c7-32ca-4b6b-868d-13ab01d953ec,2024-10-31T10:16,6,162.66,Online,Cancelled
2947351d-696b-4e84-8615-ae90e7f977ff,b04ce307-2d1f-4214-b023-d8f4379041a1,2025-06-01T10:16,7,200.27,Cash,Pending
284b0483-41a3-44bb-bc18-975d5f6c88b1,f6c35464-33dd-44a7-bf84-071f2e427045,2024-11-01T10:16,6,114.18,Card,Pending
25615947-e98b-4d51-9124-d03a7199347c,49af098b-bf79-4643-8e49-739ea932d38b,2024-04-28T10:16,8,221.04,Online,Completed
882e0730-2082-41dc-ae78-4597c2a0791c,6b1178fc-1745-401d-88da-3903c243ebe9,2024-07-29T10:16,4,64.00,Online,Cancelled
03f6d9de-b88e-4726-9a19-41f156dcd5a4,5f0f3def-9ff6-4282-ad04-001c4a769966,2025-10-16T10:16,9,159.21,Cash,Cancelled
dd1300ce-a622-411c-bb16-844ad4ba6493,e12c3d24-86c8-474f-b86b-370df36adbfe,2024-05-02T10:16,4,75.80,Card,Completed
d7f6aab1-83a9-441c-ac92-c4bf5f000cd9,62a2bfef-ca4a-4dec-90ea-bf15ea1880d2,2024-10-18T10:16,4,76.28,Cash,Completed
cb165559-72da-4c18-b5a2-ae01f9ee59a4,6945f6f4-b8f9-4d04-90ff-e59ed705578e,2024-10-09T10:16,9,111.33,Card,Cancelled
595468e5-4bec-4601-9781-ac68517647bf,6f61ca8e-51a1-48e0-abfa-88326e713e34,2024-04-01T10:16,1,11.90,Card,Cancelled
a2ebf705-23a3-4b8f-98e9-2034745c6128,ff4db0d8-e809-46e8-9ae0-78ffee4902d9,2025-10-11T10:16,7,62.30,Card,Pending
e2b6e44a-bc20-4f15-b1b0-16a523377dd3,0e0d5f13-edd5-4ab0-9ddd-3df111bedc5a,2025-10-16T10:16,7,173.95,Online,Pending
544f2112-38c7-4801-a901-9aa605a477ac,d3f641e5-b8b5-4f5f-9155-7768df2033e8,2024-06-29T10:16,4,67.96,Cash,Completed
7674f943-beb7-4d5c-becc-5982633484b0,9c53f3f8-5b22-4d77-bd76-cfa6c70e443c,2025-01-17T10:16,8,136.96,Online,Completed
081194aa-428a-4792-b8da-cd1c540c523a,0a15d43b-8f6b-444a-bef2-ffbddfdbd16f,2025-07-08T10:16,9,180.18,Cash,Pending
3600c469-aedc-4bdc-9f61-6cf4c32169ef,e6cb1215-5314-4d05-bfd1-f6e5d36e89f7,2024-08-18T10:16,1,22.92,Cash,Pending
58bf2ec2-6a49-4cc5-ac7e-490a30549811,824998a2-7592-4051-ab0b-d5e12743c93b,2024-05-07T10:16,3,17.10,Card,Cancelled
3507e653-f6b6-4157-bda9-a1360073d3d3,ec3490d2-e8da-47ee-ae12-0ca0b1d7a2bb,2024-12-07T10:16,5,141.30,Card,Completed
25dc2094-d01d-4e06-b316-297686d17cae,52f5634d-de98-4543-8a1e-cbf1e2d0242f,2025-08-20T10:16,4,88.88,Card,Cancelled
5c44be09-79be-47be-9034-14bcbc2718e8,0a15d43b-8f6b-444a-bef2-ffbddfdbd16f,2024-05-15T10:16,4,85.60,Cash,Pending
c6f18799-18fd-4af5-85cc-80c0e4aabf28,e886c155-0dae-4b36-88f5-a86fa474d1f6,2025-10-09T10:16,9,66.06,Card,Cancelled
654affb0-fdf7-464d-9e40-b328f074e026,6e6d2c67-f7fb-4a98-8f9a-4822259b25c4,2024-01-29T10:16,1,7.67,Card,Pending
ea7b459c-f451-4944-afea-44d323484f2e,1233cc27-7567-48e0-8dd2-6b0019506c2f,2024-09-23T10:16,1,19.44,Cash,Cancelled
7bd83c90-dde8-4c9b-8af0-82286f1e67ba,000f9c8f-2fc7-4346-844d-c04f10751265,2025-02-19T10:16,6,117.66,Online,Pending
1e055424-fa39-4381-b9f9-7eb1a742a2ba,90f0db1e-2b19-43f7-ba17-233c7c214eca,2024-05-22T10:16,3,29.73,Card,Completed
772071bf-9261-4fa8-91ce-baee69823905,5d6f84a5-a4de-442e-99b9-b8ef714b4436,2025-03-31T10:16,9,141.75,Card,Pending
7662aab1-07d4-4626-a117-e90a82785ccd,c9dcc28a-ae5f-477c-ae7e-72d94129f449,2024-07-11T10:16,4,36.72,Cash,Cancelled
ad21bc98-a3ac-4ef2-b7dc-bd700de30851,f90cf3ca-e2d0-4129-bc7a-e8a2b80880da,2025-08-31T10:16,5,93.20,Card,Pending
a1cbef67-1a1d-49c1-92f4-24fcd469462d,6c3bf618-a715-40f9-9faa-cfc5f5beef2f,2024-05-29T10:16,9,47.97,Cash,Pending
06d443bf-d499-4512-98f6-7fad3c8b19a0,050d9901-1cb5-413a-9c31-282028f863c1,2024-07-23T10:16,1,11.18,Online,Pending
d2d48f06-fe3b-443d-be91-b5901fbe0190,0a15d43b-8f6b-444a-bef2-ffbddfdbd16f,2024-04-15T10:16,6,91.68,Card,Cancelled
e769456d-ebbb-4aeb-9003-22a86c8ad288,8250871a-2b35-424e-a1a1-4eb4faffabfb,2024-05-19T10:16,9,51.39,Online,Cancelled
f0dcc966-6cf3-4b94-b5e8-63c4633f5daa,824998a2-7592-4051-ab0b-d5e12743c93b,2024-04-24T10:16,6,114.12,Cash,Pending
5adfa628-cc3c-4ba0-9a62-207f7f3ac84f,4e44f26d-5455-405b-8fdb-63ab8b739ecf,2025-03-11T10:16,9,243.90,Card,Cancelled
477afbcc-29c6-43db-82b4-98319f21ae1b,ada8704c-2784-4d70-84da-10078407d2c8,2024-01-09T10:16,8,72.72,Cash,Pending
a31d26cd-6cec-4e0b-ad5f-1d9a131951cd,36b880b0-e9bd-4c0b-8f1c-32018f6c758a,2024-10-16T10:16,5,25.25,Card,Cancelled
af86fdef-2628-4c59-87c2-54df5986333d,f90cf3ca-e2d0-4129-bc7a-e8a2b80880da,2024-07-20T10:16,4,93.16,Cash,Completed
41834063-d591-4f2b-a9bf-1afa0f37b507,7a2e5fa5-096b-4701-8ce6-7a3db39bf8eb,2025-09-16T10:16,3,69.33,Online,Completed
6ad99a8e-8bf5-4910-88a1-6de58d7fcbdb,0a570207-0f70-467f-bbeb-44a0a60a9a25,2024-05-05T10:16,5,106.45,Cash,Pending
af95f1b6-1797-46fa-ac45-d63648381aaf,e7991221-0de0-4ef8-aa9c-ca3b59197059,2025-05-15T10:16,3,18.69,Cash,Cancelled
8b647580-768f-4370-8555-354b34921a35,23650eb4-f98d-45a3-a90b-a378f03d469d,2024-11-21T10:16,4,116.32,Card,Cancelled
276c46d5-8f44-4f41-8f3d-0edc70f35a87,b90a3a7f-421e-47e5-8598-fe50f365a62e,2024-08-31T10:16,5,112.00,Cash,Cancelled
3ef195b1-5028-456e-99e2-a2a3e3da7352,e6e1db85-f8ba-4264-9c9a-520ecda4bc4c,2024-10-30T10:16,9,173.34,Card,Completed
a71ed7da-620d-43d9-a7c2-dc8bfa4d8ab0,52c87fd9-fdf0-4256-b929-6153ad24a0ac,2024-05-17T10:16,8,179.84,Cash,Cancelled
2642c702-a666-4152-bfef-329f83a1d383,aac35608-9499-49c5-811a-a059e773c968,2023-11-17T10:16,9,235.89,Card,Completed
c56fddef-ab9b-4589-84e8-b0e73e6c22ce,f543de06-e341-4de2-95ab-ca0fd3ee51fe,2025-07-23T10:16,2,22.86,Card,Pending
e42d46d7-a785-488f-8dc3-81da906a60a2,09ba4183-1b94-4f8c-bc5f-eca421a88524,2025-09-15T10:16,1,11.23,Card,Pending
17d8d4ca-de31-47a4-bd02-63f20e07ece6,6c6a3b10-9747-4dca-a041-4edc22d147b0,2025-10-07T10:16,4,107.24,Card,Completed
65a1600b-7469-443f-a657-db5e19fd5108,7d2df59f-386d-4aec-85a8-2443262a0cb4,2024-07-09T10:16,1,17.30,Cash,Cancelled
1117058d-04a8-49f4-994c-6dbfb8c89bbf,23650eb4-f98d-45a3-a90b-a378f03d469d,2024-01-02T10:16,7,56.70,Card,Cancelled
c40c1230-e5a2-4f6c-ab86-834a5c1e1b0b,485b65e7-fdf4-474d-afba-37986d8d3cd8,2024-03-23T10:16,5,92.85,Online,Pending
689b01c9-dda1-4769-993b-978997a0054c,9fa382f0-8393-48db-ad30-43c953282401,2024-04-01T10:16,4,28.24,Cash,Cancelled
49010f4f-2d69-4137-9f60-fa84827672bc,05ccd8a5-ea5f-4353-bd1e-3022152b0685,2024-03-06T10:16,7,46.90,Online,Pending
8bfd27d2-cf5c-4fe2-b9cc-a626a94293eb,bb9edfa8-17f7-4f6f-8e3b-616693a298b1,2024-02-03T10:16,6,73.80,Online,Cancelled
45c31c9b-6637-4b50-ac46-b68609444cd1,b6c26110-1b77-4777-8c79-c69ec19b66df,2025-03-15T10:16,9,179.37,Online,Pending
34b6cddf-d9d4-41fa-a939-15ac93145153,b95f7619-fab2-4df9-8683-1f2aeb93a660,2024-11-15T10:16,9,104.13,Online,Completed
be9b2a2a-ed9a-47ba-ad07-e7b278a2bdaa,1d32c3b3-c732-4995-aa6b-ff159deb3bdf,2024-01-20T10:16,8,214.80,Online,Pending
5d5b44c7-3dbb-4218-9104-92c16f05bc13,ceafdb2a-788d-48e0-acdd-bd533a2e7ab6,2024-06-13T10:16,1,7.72,Cash,Cancelled
49109847-831d-4a05-a095-d605042eca54,f6c35464-33dd-44a7-bf84-071f2e427045,2023-11-27T10:16,1,20.83,Cash,Pending
adfe997a-4601-4ec6-b5c7-4e9392521008,6b1178fc-1745-401d-88da-3903c243ebe9,2025-05-03T10:16,3,45.57,Cash,Pending
b9e474d3-7783-4df2-a017-ff789b5f2906,56a75a3e-a944-4147-8cba-f1024726993f,2024-05-02T10:16,2,13.14,Card,Completed
1a7fc90e-2051-44ee-bee9-4fdd748486e1,11526850-7335-463f-b740-a52a90457c3b,2025-06-12T10:16,5,31.70,Cash,Cancelled
c1301335-c748-49fe-8d9c-47d73eef9eec,e277d099-db2a-4aee-ab86-8b0e73a34383,2024-04-29T10:16,4,57.68,Card,Cancelled
8c0a951d-bc26-43c0-8f7d-7d5f1de22689,cf65c4b6-4c1c-420b-95de-23e5b56ffad5,2025-06-22T10:16,3,56.43,Card,Pending
cf406351-8f14-42fa-a700-29b9a7df884b,1a48aa9a-def3-481d-922a-94300aa97309,2023-12-03T10:16,7,110.18,Cash,Cancelled
e12d2f22-1b10-40bc-a4bc-d7db9096fa4c,1407e9cf-22c9-4137-a2fe-cc12dc038235,2025-05-14T10:16,9,228.33,Cash,Cancelled
69da3b49-1607-48f3-a716-d9db21ba97ac,fdb5454e-2230-489e-ade4-9218ff28cbd8,2025-10-26T10:16,2,56.54,Cash,Cancelled
a2c23f57-fde3-4272-9836-8a09557ff224,23650eb4-f98d-45a3-a90b-a378f03d469d,2025-08-20T10:16,5,79.55,Cash,Cancelled
c337523a-affb-4587-abc1-f882b3e651f6,6f61ca8e-51a1-48e0-abfa-88326e713e34,2025-09-18T10:16,6,65.10,Cash,Completed
6671a659-34c9-4024-8f43-0659fb50c8f7,caad7924-4bc5-4f85-9662-11ca261e3c87,2025-06-11T10:16,7,54.74,Online,Cancelled
2e831aa7-4e59-4653-a50d-4b17cbcb4b58,bb6ceda0-3f7a-4dfa-9862-41a88dd468b2,2025-09-11T10:16,3,27.54,Cash,Pending
7b856862-d433-46f6-a969-b14b8891e043,515fe1d2-d33a-4b9d-8c19-07e0cbe81a9a,2025-09-06T10:16,9,206.55,Card,Cancelled
7cc45aeb-5138-41c0-88b9-e6dd7516c108,ebe19120-496a-47fa-87eb-2440212a3363,2025-04-02T10:16,4,20.88,Online,Pending
8b0f93fc-6873-4366-9511-781527b20775,e277d099-db2a-4aee-ab86-8b0e73a34383,2024-09-04T10:16,8,124.16,Card,Completed
f7ac34dc-da8d-442d-be45-ebd468339739,b6c26110-1b77-4777-8c79-c69ec19b66df,2025-06-09T10:16,6,76.50,Online,Completed
355fe21f-4963-4238-b790-a6fcba8c28be,bfa3444b-2be9-46be-b944-720d86a59770,2023-12-08T10:16,1,9.56,Online,Completed
77be3ddd-8c29-461c-a44d-514c6290fc8e,b95f7619-fab2-4df9-8683-1f2aeb93a660,2025-08-02T10:16,9,261.36,Cash,Pending
042694e3-05ba-4269-9528-fbdd2e02e927,98b17fed-218c-4f20-8410-9f0edfc74455,2023-11-24T10:16,4,49.12,Online,Cancelled
2a632130-6d52-4b55-b2cf-5d87660da2fd,8250871a-2b35-424e-a1a1-4eb4faffabfb,2024-03-31T10:16,7,65.17,Cash,Cancelled
1b8ec83f-f33e-4035-8198-6211090fa369,6945f6f4-b8f9-4d04-90ff-e59ed705578e,2023-12-24T10:16,7,134.75,Cash,Completed
d6a44e03-6dda-48ca-aac1-a32f663c645b,fbe227d7-6d32-4407-9783-7fdac983e55f,2025-01-14T10:16,6,121.38,Cash,Cancelled
768a997d-51de-41a9-aa53-5b064db9b7a8,e6cb1215-5314-4d05-bfd1-f6e5d36e89f7,2024-06-22T10:16,5,138.55,Cash,Cancelled
88cfa121-0bb6-493c-8ebc-f9c43069cf1a,2c6dafc9-06cc-4b3d-8b8d-12aae0644c58,2023-11-23T10:16,7,144.97,Online,Cancelled
b8a9f3c1-f133-4d90-9e3a-d43bf5f8b0fa,b04ce307-2d1f-4214-b023-d8f4379041a1,2024-09-10T10:16,9,186.12,Card,Completed
7b070823-fbdf-4091-baa4-e0fcf55f4728,23650eb4-f98d-45a3-a90b-a378f03d469d,2024-01-04T10:16,3,31.41,Cash,Pending
ef1cf2ab-b04a-4860-9a83-b759d85fbd6b,b90a3a7f-421e-47e5-8598-fe50f365a62e,2025-02-20T10:16,5,129.90,Cash,Completed
1e7193fc-7ec5-45a1-ab82-d19739454f73,74e76582-f1b8-4560-b049-8aebb59d4721,2025-10-21T10:16,2,49.06,Cash,Cancelled
21121d2f-5801-4f4a-a51c-df41544b2f35,80537cf2-360f-4740-8b7e-d4cd56e22987,2025-06-12T10:16,3,63.39,Cash,Pending
4160b563-428c-4f00-88ac-4e2e833c277a,ceafdb2a-788d-48e0-acdd-bd533a2e7ab6,2025-06-08T10:16,5,136.15,Online,Cancelled
4b2ffa16-8bf5-466a-bef4-c6f5f72f69b3,5d6f84a5-a4de-442e-99b9-b8ef714b4436,2024-07-29T10:16,9,243.27,Card,Cancelled
4262798c-5bf4-420d-b71c-f210a6fb0263,71f17b36-2c37-4cfa-bf8a-894fa94c0e9b,2024-08-31T10:16,3,86.40,Online,Cancelled
270ae8d8-f138-4ec2-a279-901089d16412,1a48aa9a-def3-481d-922a-94300aa97309,2024-05-24T10:16,5,44.60,Online,Completed
f7d45913-bcd2-4806-9b0e-5fc622d3d158,8626238e-5813-415a-9a8c-db944b1e0269,2024-04-15T10:16,9,135.72,Card,Cancelled
92c73177-dcc2-46ac-b9f7-8c2373c2c8a9,98b17fed-218c-4f20-8410-9f0edfc74455,2025-10-03T10:16,8,149.84,Online,Cancelled
30784521-355b-40f6-87c7-0464073622d7,a3f626b9-cc27-4c04-8570-be79ab8bda4a,2025-09-21T10:16,6,179.46,Online,Pending
2d422008-8f6f-41e3-912e-8c1a43a25029,56a75a3e-a944-4147-8cba-f1024726993f,2024-05-14T10:16,8,202.40,Online,Completed
24253c1b-41c8-4cf5-afa6-53477ce0f7ee,6e6d2c67-f7fb-4a98-8f9a-4822259b25c4,2024-03-08T10:16,6,107.10,Online,Pending
28a29ea3-159b-416e-83d2-031bbfec2b5e,964d337f-acd5-4ca2-8843-9be3f2eb60fc,2025-02-25T10:16,5,130.60,Cash,Cancelled
4ebfb751-6cf2-4e1f-92bd-6c065ab2b94b,6c3bf618-a715-40f9-9faa-cfc5f5beef2f,2024-05-01T10:16,8,151.76,Cash,Completed
3b3d8eac-ef47-4b23-a6a2-983b51f9fce5,8626238e-5813-415a-9a8c-db944b1e0269,2024-04-28T10:16,3,65.58,Card,Pending
7e7632b2-c8d3-4644-b4d3-81bcd76142e7,058b9c75-b72f-4594-80d2-e41194ff7672,2025-03-31T10:16,6,174.48,Cash,Pending
5cc225ab-2188-4ba4-9d11-d3a1b509b381,8250871a-2b35-424e-a1a1-4eb4faffabfb,2025-05-02T10:16,7,169.40,Card,Pending
c8a5abb9-6169-4059-a184-8e92cbb439f3,b0d737cd-ec4b-4a88-aa81-d012ef3fb719,2024-12-30T10:16,5,34.65,Online,Completed
19832d37-e2c1-4ec4-b609-f7999638cf55,0e0d5f13-edd5-4ab0-9ddd-3df111bedc5a,2024-01-29T10:16,1,25.41,Card,Pending
d84fb429-eb13-42d2-bc34-869374c89358,6e551d53-4f6d-4b84-a9de-3d7c79694805,2025-03-23T10:16,3,31.92,Card,Cancelled
a18ff7c1-5165-4ace-8779-c722acb0e2d5,5f6e51da-5f01-4c9a-85dd-7d50ef37e5d7,2025-07-16T10:16,2,52.30,Online,Cancelled
af043490-d9b2-4fc2-8dc2-91754c2e94d3,b0d737cd-ec4b-4a88-aa81-d012ef3fb719,2024-01-31T10:16,4,83.72,Card,Cancelled
586058f0-48ed-4f0b-a5a6-bf60f7fe393b,b0d737cd-ec4b-4a88-aa81-d012ef3fb719,2024-09-23T10:16,7,187.53,Online,Cancelled
62bfbf1e-921c-4d52-99e7-58add96ab856,c46351bf-193f-49af-a5d6-456188837c3d,2025-09-27T10:16,9,230.22,Cash,Pending
d89c261f-d235-473f-90a0-0da9b06e9980,e12c3d24-86c8-474f-b86b-370df36adbfe,2024-09-18T10:16,6,56.64,Cash,Pending
0bab2258-0b10-4a4e-9671-aebdc837ba72,4e44f26d-5455-405b-8fdb-63ab8b739ecf,2023-11-24T10:16,7,210.00,Cash,Pending
3a01a2a1-1b90-4889-933b-1ccfd7c81828,e6e1db85-f8ba-4264-9c9a-520ecda4bc4c,2025-07-26T10:16,8,60.40,Online,Cancelled
9ca592b0-ec97-456f-9d58-1d5004edf696,000f9c8f-2fc7-4346-844d-c04f10751265,2024-07-16T10:16,9,197.73,Card,Cancelled
10245839-995d-4886-9aec-8065a6cf1f55,cb8747c7-32ca-4b6b-868d-13ab01d953ec,2024-02-05T10:16,1,29.06,Online,Pending
1199885a-0a7c-4485-9684-ff8495592b3a,3befa4dc-d961-4a3a-9410-d43d1bdaa335,2024-09-08T10:16,2,21.00,Card,Pending
7bc962c0-9b76-49cc-b080-a7e920b10343,1407e9cf-22c9-4137-a2fe-cc12dc038235,2025-05-20T10:16,9,51.39,Card,Cancelled
51db8774-88e3-4d31-b975-6c0980ee93c9,0a5bd884-b432-4ce5-b14e-44b4aedd4c0f,2023-12-02T10:16,6,143.70,Card,Pending
1fec0ffb-db18-4105-a326-1e79fa18fc87,1407e9cf-22c9-4137-a2fe-cc12dc038235,2024-05-06T10:16,1,22.83,Card,Cancelled
8e5f2979-a4cb-413d-bd36-c6f778e379ca,25659c0e-6eb5-4c57-add8-fb6ac5f42699,2024-11-17T10:16,9,175.59,Card,Completed
8c2a0a17-6773-4d41-87ae-f4cdf6cdf074,1eeb9c5f-5b7a-47af-b4f1-5a50d9d1089c,2025-03-20T10:16,3,25.38,Card,Pending
aa02e21b-1e93-438c-9f5f-1e7abf2c44ab,0fcf4084-ea31-49f8-99f9-9bf8c8b0c16b,2025-04-20T10:16,2,34.40,Card,Pending
210aadc4-c4d7-4f65-9211-11922826813c,06e585f0-5b60-4900-81d1-3379328e6c17,2024-11-25T10:16,4,98.52,Card,Completed
19c5e4b8-deb5-4ff8-8e9b-e4ec3057ff9e,bf0de251-90d7-423c-8b31-48df1a89964f,2024-03-21T10:16,4,118.96,Online,Cancelled
87906f10-96b5-4940-904b-8c74a97f97b4,6b1178fc-1745-401d-88da-3903c243ebe9,2025-04-18T10:16,6,169.56,Cash,Cancelled
08095d8b-933b-452a-a597-be8baefb8d56,5d6f84a5-a4de-442e-99b9-b8ef714b4436,2024-02-29T10:16,6,140.52,Cash,Pending
a63bbe29-a20a-448c-b9c0-66fe1d830683,0472ca7f-b133-4710-8f43-24a3c6c1afd1,2025-05-16T10:16,9,61.65,Online,Pending
b30480ff-9bbe-476e-b4c2-0c86bf3ae4bc,0472ca7f-b133-4710-8f43-24a3c6c1afd1,2024-12-06T10:16,5,62.65,Cash,Cancelled
f604edaf-ea15-4905-bee4-c8e20bb66003,0dd437d0-74fa-43c3-8909-5c955e4d47dd,2024-01-03T10:16,9,109.53,Online,Pending
5de3bd66-7f38-41c3-9dd4-2898d55e8ac4,e85d0261-2d97-4475-a749-363ec9040a74,2024-01-27T10:16,9,160.74,Online,Cancelled
a24390ee-2455-413d-8cd8-44631d31c29e,98b17fed-218c-4f20-8410-9f0edfc74455,2024-04-25T10:16,9,227.79,Cash,Completed
b2d41523-8282-45ea-82e9-0093f2ce0c5c,b95f7619-fab2-4df9-8683-1f2aeb93a660,2025-07-04T10:16,7,61.67,Online,Pending
675a3d1c-590d-4dbe-affe-6f2d0c956f1a,0130fcd4-a6cf-4a72-8400-7bcae1abce34,2024-12-13T10:16,1,6.50,Cash,Pending
5c318350-e8e1-4a31-b6fe-839a6c133ac0,c5817fdc-a4dc-4879-b957-30cfda62016b,2024-02-04T10:16,9,236.88,Cash,Completed
6dc6d94d-02a8-4a17-a161-adee180891f0,7509850a-5062-4da9-aad6-bc5b9e363ef1,2025-06-12T10:16,9,263.16,Card,Pending
f6532ccd-b6b3-40de-9adb-cbb196d7f508,b03f75c1-655f-4480-a2bf-1a0af806e96e,2025-11-07T10:16,4,26.24,Online,Pending
94bbad8f-2533-4b0d-9fb2-2f2218dbd65c,d87f31d7-79ef-4c17-856e-142e791b04da,2025-09-04T10:16,7,180.74,Card,Cancelled
adec347a-3a51-4283-98fb-09906ccfe8b5,c0d74d86-5c5b-481d-b8e3-61eeb9c77255,2024-04-05T10:16,4,45.72,Online,Completed
5e8212a4-d28e-4f68-bca0-f77ced2b416a,b90a3a7f-421e-47e5-8598-fe50f365a62e,2023-12-11T10:16,7,126.00,Online,Pending
82f5b281-9a3c-4745-9e44-b2a46514aeff,c9dcc28a-ae5f-477c-ae7e-72d94129f449,2024-05-07T10:16,5,101.55,Online,Cancelled
b89db100-fc3d-4b28-bbd8-cd5a4d1c783d,e277d099-db2a-4aee-ab86-8b0e73a34383,2024-09-02T10:16,1,8.36,Cash,Pending
1a10a265-9f96-4abd-95bc-2c622c41cd80,c9dcc28a-ae5f-477c-ae7e-72d94129f449,2024-02-17T10:16,3,70.53,Online,Completed
c3b9a93d-b738-4928-8519-72fbbd5ff0b3,8b115a34-224b-453c-be69-b53a7445b466,2025-11-01T10:16,2,36.18,Card,Pending
cdb7b2ce-777d-4de8-89dd-1d68cd09284c,9fa382f0-8393-48db-ad30-43c953282401,2025-10-06T10:16,2,21.06,Online,Pending
214065cb-5e4a-45fa-859f-a9e08452ec9f,92da274a-bea2-490a-bb52-196c46fa8487,2024-06-08T10:16,1,11.78,Online,Pending
7ee74aa6-fb14-4b63-bda1-8705b6160aaf,6b1178fc-1745-401d-88da-3903c243ebe9,2023-11-25T10:16,5,55.55,Online,Pending
d446d544-e2cf-484e-8a29-02b2ffef7525,e277d099-db2a-4aee-ab86-8b0e73a34383,2025-10-18T10:16,9,232.20,Cash,Pending
582509c6-8d29-4f35-84d8-9c7b16b9e4c9,6c3bf618-a715-40f9-9faa-cfc5f5beef2f,2024-04-19T10:16,6,56.64,Online,Pending
6251444f-e2da-42d3-b550-014f8c8ad15d,92da274a-bea2-490a-bb52-196c46fa8487,2024-04-06T10:16,3,37.92,Online,Pending
6dbc01e5-a10e-4357-af8c-037863d19eee,aac35608-9499-49c5-811a-a059e773c968,2024-12-04T10:16,9,141.03,Card,Completed
83053211-ea7e-4d3b-8b67-2811896256a2,c0d74d86-5c5b-481d-b8e3-61eeb9c77255,2025-03-28T10:16,3,24.36,Card,Completed
10fae12f-53c3-4ce0-9262-2ac1e351053d,b04ce307-2d1f-4214-b023-d8f4379041a1,2025-03-05T10:16,9,131.49,Cash,Completed
c0d41e8d-b51a-43cb-b098-014b36db82ef,c1a09d60-c9e8-4489-a68e-e01b51541d33,2025-05-03T10:16,8,89.04,Card,Cancelled
cb6599c0-bcdf-4f1f-9f69-ec46affb32d1,485b65e7-fdf4-474d-afba-37986d8d3cd8,2024-02-24T10:16,8,156.24,Online,Pending
f4680274-00d8-4626-b25d-dbd25331a9dc,c9dcc28a-ae5f-477c-ae7e-72d94129f449,2024-05-19T10:16,3,71.58,Online,Cancelled
3a89786b-f103-4d2b-a115-dc9238d239d9,99c406e7-092b-4eeb-bc08-56fc041c253d,2023-12-06T10:16,5,87.65,Card,Completed
3d498298-b3d9-451d-bcb6-e72bd111930e,25659c0e-6eb5-4c57-add8-fb6ac5f42699,2024-11-17T10:16,2,57.72,Card,Pending
c7a263cb-e050-494b-b6cc-c1a409d27ca4,6b1178fc-1745-401d-88da-3903c243ebe9,2024-07-07T10:16,6,74.70,Cash,Cancelled
28418ed1-e6eb-431b-bd80-a3cc9faaddfd,89d26a00-0fde-4c03-8430-b06f6bc3f33a,2025-09-08T10:16,8,137.52,Card,Cancelled
99f8f1d4-df06-43be-86fa-cd581313b177,4bb2d776-14c0-4ef6-b8ba-c580cbed72b8,2024-08-16T10:16,6,106.02,Online,Completed
e3839d98-6dd8-4ce7-82a7-1814c1a9ed5d,103fcba5-5588-45a5-9fe0-6ac948d3860e,2024-02-06T10:16,1,21.77,Online,Completed
d14fbaf9-e18d-49b4-aabb-f4cc73758f24,401a6911-a31e-4892-adc1-56e3e1eb090a,2025-06-29T10:16,4,49.40,Online,Cancelled
0e191a7c-a6e6-4dd1-ba0a-928f6a8e2f47,7d2df59f-386d-4aec-85a8-2443262a0cb4,2024-09-16T10:16,9,61.02,Online,Completed
e07fb085-1b01-4bad-ba0d-6964269a2ad2,0a0ac3e5-6e20-4fbc-87ec-5481c70e38bc,2025-10-20T10:16,8,218.72,Card,Cancelled
2dd7ad59-b0f2-4cc6-8358-dcdf195573da,0472ca7f-b133-4710-8f43-24a3c6c1afd1,2025-08-24T10:16,7,199.15,Online,Completed
e0552a83-0956-433f-beda-99b47f96b3b6,e12c3d24-86c8-474f-b86b-370df36adbfe,2025-05-07T10:16,6,77.76,Cash,Completed
5351010d-9b75-4e3c-98cc-2b6925b85fd8,e119f98a-df63-41dc-8e01-bb49ca2dc724,2024-07-05T10:16,9,210.69,Cash,Pending
944a9dfa-e66f-4fcd-8089-63d2f2a7f162,4bb2d776-14c0-4ef6-b8ba-c580cbed72b8,2025-05-12T10:16,1,27.38,Cash,Completed
64a76e3e-7fd4-4bae-9ba1-c87ce1c6fb45,bf0de251-90d7-423c-8b31-48df1a89964f,2023-11-21T10:16,4,77.32,Cash,Cancelled
bfc67356-f5d4-460b-8e1b-767b39d0895f,8250871a-2b35-424e-a1a1-4eb4faffabfb,2025-05-19T10:16,5,124.40,Cash,Cancelled
26505ccf-e314-4044-ad08-26410bb86140,c3ffc43c-0c11-40fa-9824-f234161741d0,2025-06-19T10:16,3,32.73,Cash,Pending
f331554e-8afe-4a70-8ade-021b77e2ee17,000f9c8f-2fc7-4346-844d-c04f10751265,2024-07-25T10:16,2,13.04,Card,Cancelled
779c56f3-3f92-4397-88cc-e11a4737697b,3befa4dc-d961-4a3a-9410-d43d1bdaa335,2024-03-30T10:16,1,15.97,Cash,Cancelled
6c9adef1-d5d3-4940-9bc8-51b48cd7a657,6e6d2c67-f7fb-4a98-8f9a-4822259b25c4,2025-06-29T10:16,8,206.72,Cash,Cancelled
3f2bdd37-9508-46ff-a9b9-f132a2279836,c0d74d86-5c5b-481d-b8e3-61eeb9c77255,2024-08-06T10:16,3,88.86,Card,Completed
4a04c91d-7a95-45a8-8c9f-73431688cefd,a5ffc907-be77-43e6-8694-4a0bf09bd3fb,2024-01-06T10:16,1,23.16,Card,Completed
7738047d-e3c0-42fd-8ab7-41fbf2af9ada,1d32c3b3-c732-4995-aa6b-ff159deb3bdf,2023-12-28T10:16,3,15.24,Online,Cancelled
56b86541-9c9b-4334-a8e7-ca75c7be2c15,bf0de251-90d7-423c-8b31-48df1a89964f,2024-04-02T10:16,5,115.10,Card,Pending
f49211f0-364c-4657-b782-2abe31e49d7d,4f6ae324-5b6d-47d6-a86d-26ec6fbe1e0e,2024-10-08T10:16,2,56.24,Online,Completed
ff936f2e-639e-4fbd-a16f-68aabf6edadd,69446e90-4237-4410-ab55-e011eb04cce0,2023-11-17T10:16,4,38.12,Cash,Pending
93b54b59-fcee-4364-8bd6-f51d696f4979,60cd80b6-3967-4dae-b4df-adc7b5644971,2025-01-03T10:16,3,30.27,Card,Pending
ed02b6fe-e912-46cf-92fb-06c85cb18de9,ceafdb2a-788d-48e0-acdd-bd533a2e7ab6,2024-11-24T10:16,7,65.59,Online,Completed
3d816b2b-ec2d-46e2-883b-52253592b698,bc58b12c-65c4-4f21-89ef-3e492a22ef7c,2024-06-06T10:16,9,75.24,Online,Completed
2adda504-a818-4e30-8d25-5f190d3c79c1,0a5a9fc7-e126-48f0-99aa-dea85c606f66,2024-09-11T10:16,7,154.98,Card,Completed
6a22579c-0cfd-4a06-b52e-144b5cd57104,5d6f84a5-a4de-442e-99b9-b8ef714b4436,2025-01-20T10:16,9,58.41,Online,Completed
67b410ad-e609-461c-9b9e-b802e27c9dc9,e6e1db85-f8ba-4264-9c9a-520ecda4bc4c,2025-10-13T10:16,7,126.07,Card,Pending
d940e6fc-8401-4172-aa29-9d514c38e102,89d26a00-0fde-4c03-8430-b06f6bc3f33a,2024-03-17T10:16,9,69.84,Card,Pending
3b1dcb88-47d4-4046-8cfe-2f6eea840a9a,cd50913f-8c99-4253-9134-0cf5fe5f300f,2024-03-25T10:16,8,159.84,Online,Pending
3bfed5dc-f602-4cf7-82f9-36760896ee4d,6e6d2c67-f7fb-4a98-8f9a-4822259b25c4,2025-07-10T10:16,8,223.76,Online,Pending
908019f3-eac1-4f13-8cb2-de9dac41a579,3dcaabe3-78c9-4d88-bed5-56ca7ceea07c,2025-03-03T10:16,5,138.80,Cash,Completed
576f92ae-8df8-4a70-a1b9-d46256d096b2,6b1178fc-1745-401d-88da-3903c243ebe9,2025-11-04T10:16,9,144.54,Online,Cancelled
5368e5b1-7eaf-484a-afe2-dd44a2815c7e,63846b60-b7be-4087-ac6e-56c9bc130a20,2025-10-16T10:16,6,71.04,Cash,Cancelled
98770f78-99f7-4913-b9eb-52349d85691f,f543de06-e341-4de2-95ab-ca0fd3ee51fe,2024-08-13T10:16,5,97.95,Online,Completed
d72c9f9e-bfa2-447e-9785-8c5dda1c1a71,935ebde1-5945-4673-886e-1a7a12cc2d4e,2025-03-01T10:16,8,145.12,Cash,Cancelled
3d0ff7cd-0f57-4931-9c9d-c61dd490f422,428424b7-1f94-496a-8b7a-497ce177d32c,2024-07-03T10:16,5,33.70,Card,Pending
3a8e8504-a309-4896-ae08-9da1de600224,7c991f43-c18b-4404-8826-97691b0dc00c,2024-01-18T10:16,4,91.24,Online,Pending
ec098dbe-3ac0-4435-8a44-c40922e096eb,7a2e5fa5-096b-4701-8ce6-7a3db39bf8eb,2025-03-19T10:16,6,149.64,Card,Cancelled
a1972b64-0e1d-4d3b-8ced-6eb7ddd95724,99c406e7-092b-4eeb-bc08-56fc041c253d,2024-11-19T10:16,6,167.76,Online,Cancelled
33f4e4ca-14bd-43bf-8741-a1026d0c7791,103fcba5-5588-45a5-9fe0-6ac948d3860e,2024-12-10T10:16,1,26.50,Cash,Completed
5058f7ce-7a70-4c48-a61f-7028fa112c02,c1a09d60-c9e8-4489-a68e-e01b51541d33,2023-11-14T10:16,4,46.12,Card,Pending
90700b06-fe60-4128-bebc-129fac628405,964d337f-acd5-4ca2-8843-9be3f2eb60fc,2024-02-17T10:16,9,144.90,Online,Completed
945e090d-ba56-4cbb-a427-6574bbede159,1407e9cf-22c9-4137-a2fe-cc12dc038235,2025-05-10T10:16,5,126.45,Card,Pending
038142d1-9980-4769-84cf-dd621c21216c,bfa3444b-2be9-46be-b944-720d86a59770,2025-07-22T10:16,3,37.50,Cash,Cancelled
a3b982ce-2934-450a-9888-89b02468e5b9,aff4340c-d102-49ba-af8e-84d2737ce82c,2025-06-28T10:16,8,122.88,Card,Cancelled
3253744f-3357-462e-92f3-016b30814450,c1a09d60-c9e8-4489-a68e-e01b51541d33,2024-03-17T10:16,9,70.56,Card,Cancelled
98c5406f-9676-46c3-98ab-d2bbf6242fd9,98b17fed-218c-4f20-8410-9f0edfc74455,2024-07-17T10:16,8,144.24,Card,Pending
75e67af4-44e2-4e05-b194-3bef38c672ba,4bb2d776-14c0-4ef6-b8ba-c580cbed72b8,2025-02-11T10:16,6,54.06,Card,Cancelled
45cfdc19-cd52-4464-aa32-52ef3767acdd,c3ffc43c-0c11-40fa-9824-f234161741d0,2025-03-28T10:16,6,129.06,Cash,Cancelled
b7420981-13ff-4f3e-bc65-6fb737bf0601,bfa3444b-2be9-46be-b944-720d86a59770,2024-07-03T10:16,9,166.59,Online,Cancelled
c1625a30-823d-4426-9a75-b0a5c0f953ef,7a2e5fa5-096b-4701-8ce6-7a3db39bf8eb,2025-08-15T10:16,5,141.95,Card,Cancelled
baf4e262-db9d-47ec-9b8e-93ca8e564602,6c6a3b10-9747-4dca-a041-4edc22d147b0,2024-02-16T10:16,8,50.80,Card,Pending
be0c925c-5d77-4729-b8fa-bccec7b38cd7,52f5634d-de98-4543-8a1e-cbf1e2d0242f,2025-03-19T10:16,5,114.00,Online,Completed
547f16d5-1e4e-41d2-aea1-16c5aae3e22f,0fcf4084-ea31-49f8-99f9-9bf8c8b0c16b,2024-07-04T10:16,7,107.03,Online,Pending
e96b9e31-d1ea-449e-95a4-cb86a8bbf6df,fbe227d7-6d32-4407-9783-7fdac983e55f,2025-10-21T10:16,6,132.24,Cash,Cancelled
1cf87e33-401d-4a4b-a8d6-d058ee374de5,1a48aa9a-def3-481d-922a-94300aa97309,2025-09-26T10:16,3,52.47,Online,Pending
104275bb-6d2b-448a-8099-12b2044a37d6,46032f36-69bc-465a-9b33-a5d560bfd77a,2024-11-01T10:16,7,111.65,Cash,Pending
d456ed82-daff-46e8-b537-01c8dc6a1d32,21edfc22-3f73-4335-a774-3cf78ab65e86,2025-01-23T10:16,5,114.00,Online,Completed
fc993aa4-4d5d-48ea-b82b-50fa119951ba,cd50913f-8c99-4253-9134-0cf5fe5f300f,2024-08-17T10:16,7,150.71,Card,Pending
7d2ecb67-732d-4d0d-8bc7-ce9cce0c10cc,a5ffc907-be77-43e6-8694-4a0bf09bd3fb,2023-11-15T10:16,3,88.44,Cash,Pending
4657f035-5001-4c54-872d-31f858c5f0dc,23650eb4-f98d-45a3-a90b-a378f03d469d,2024-09-10T10:16,4,104.92,Cash,Cancelled
07cea0e3-0ae4-4376-837c-127cd40919ee,14eace30-1ac2-411e-8eef-98e8f32a87fb,2025-02-18T10:16,9,155.79,Online,Pending
f8cdee50-8bde-4484-b32d-d9559ba06346,60cd80b6-3967-4dae-b4df-adc7b5644971,2024-02-25T10:16,8,194.24,Cash,Pending
ccf4e3e9-d37f-4447-8b44-783e7fd4d0ef,a302a1a8-c429-406f-abff-9f273aa0a4b5,2024-03-09T10:16,5,59.20,Card,Cancelled
2d00ea34-be08-48e0-af30-140feef863ab,e277d099-db2a-4aee-ab86-8b0e73a34383,2024-11-29T10:16,2,11.64,Cash,Cancelled
b384e744-ae06-46c4-a548-ac1584256064,8f7f530b-bb30-4a05-b437-744ed30af54f,2025-03-14T10:16,7,143.92,Cash,Pending
716629c6-13bc-4eb3-b14e-41936e352a95,2a109685-1399-4149-8951-fba29bb0360d,2024-07-29T10:16,3,89.85,Online,Cancelled
49edbb09-c71c-4dc6-8ab8-59e7b3413c1b,7a18d550-38d0-40b2-84a7-547162e7e409,2025-07-14T10:16,2,21.88,Online,Completed
78f9f259-a228-4023-8d06-fb5c35125e71,b90a3a7f-421e-47e5-8598-fe50f365a62e,2024-11-29T10:16,3,49.56,Cash,Completed
14cc4764-c76b-4b3d-b26e-6f5c9d286eda,ecf1ffb0-ac00-4968-87ea-8beef4ace55a,2024-09-06T10:16,9,255.69,Online,Cancelled
a35a007e-e85e-4ac1-b6a3-ba24f97830fd,d87f31d7-79ef-4c17-856e-142e791b04da,2025-08-24T10:16,1,20.42,Online,Completed
7f091e95-60e4-4b78-86f8-ed70e6c400a4,5f0f3def-9ff6-4282-ad04-001c4a769966,2024-06-04T10:16,4,113.44,Cash,Cancelled
574d003d-6b6c-4f6d-a718-e34c52d3f9e5,8b546c63-5406-493d-bc69-cfb594b38267,2025-04-13T10:16,2,36.32,Card,Cancelled
8f582983-3150-406d-9e74-a1ba24b4038b,e277d099-db2a-4aee-ab86-8b0e73a34383,2025-02-17T10:16,2,32.02,Cash,Cancelled
8c3ef74f-c364-4b72-88ec-e527baffaf11,46032f36-69bc-465a-9b33-a5d560bfd77a,2024-01-04T10:16,7,92.61,Online,Completed
084eb965-98a5-4708-a512-0118c27ccad8,39cb44e2-a541-4b98-bc0b-db5f31cf8710,2024-03-24T10:16,1,16.77,Cash,Pending
4fbde202-f23b-4b20-841c-6f51a1e78628,6945f6f4-b8f9-4d04-90ff-e59ed705578e,2025-02-06T10:16,5,141.90,Card,Completed
59bd3fab-ca6b-4527-8d8a-e9bc32c0aad5,795088d7-d227-422e-ad8c-f048bde0675e,2024-11-24T10:16,7,209.58,Online,Cancelled
c2774d67-21a8-4416-b41b-499a6d8aae8d,23650eb4-f98d-45a3-a90b-a378f03d469d,2025-01-06T10:16,7,118.23,Online,Completed
2f8cf4e9-f884-4adf-a9a1-58103edc337c,00d7ae70-0f46-4453-963c-4ab2a3d29314,2024-08-02T10:16,1,26.22,Online,Pending
04210db6-65b2-4062-b78c-f97c46410fb3,2c6dafc9-06cc-4b3d-8b8d-12aae0644c58,2024-06-03T10:16,1,7.40,Card,Pending
f1b1d08e-b3a5-4c82-a981-6d27ca351b64,fbe227d7-6d32-4407-9783-7fdac983e55f,2024-09-16T10:16,2,45.80,Card,Completed
3c22e03e-3f2d-476b-b563-b1f6b3d08324,1233cc27-7567-48e0-8dd2-6b0019506c2f,2024-08-28T10:16,7,48.16,Card,Completed
9cb7c73c-ea0b-47dd-8871-95f79c98de83,b047b369-02d0-4f25-9af0-f1e883228863,2024-01-22T10:16,6,35.58,Card,Completed
de03c9a6-e4ac-4e93-8dbd-1d27349955f5,b014b56e-3263-4b63-8430-46e00bc5ea77,2024-02-21T10:16,9,111.42,Online,Completed
c7ba0b0c-15b3-481d-bdde-295f58839211,71f17b36-2c37-4cfa-bf8a-894fa94c0e9b,2025-03-02T10:16,6,36.84,Online,Completed
c71fb38f-2c91-4ca9-beef-0fa7daadcd50,e6cb1215-5314-4d05-bfd1-f6e5d36e89f7,2024-06-25T10:16,7,75.04,Cash,Cancelled
5bf39571-c070-43d3-aed6-815bd10e62a5,c46351bf-193f-49af-a5d6-456188837c3d,2025-09-24T10:16,9,102.69,Cash,Pending
019a1a64-8f3a-4cdd-a6a6-59d220515af5,2ca088cd-c6c6-4e60-a1a4-d2990ee21b12,2024-10-17T10:16,7,53.13,Online,Pending
f350d00e-35a6-49bc-a5b0-8a8795fe1fad,fdb5454e-2230-489e-ade4-9218ff28cbd8,2025-05-15T10:16,9,107.10,Online,Cancelled
f1d42e9b-638c-4d64-8815-b108e085f460,69446e90-4237-4410-ab55-e011eb04cce0,2025-05-16T10:16,1,10.32,Cash,Pending
5d5bf509-5c61-454e-bf3e-37d42d8cec04,0a15d43b-8f6b-444a-bef2-ffbddfdbd16f,2025-03-12T10:16,9,75.42,Online,Completed
2111ecdf-ef5d-4b6b-996b-067fc57ad6b1,6b1178fc-1745-401d-88da-3903c243ebe9,2025-02-12T10:16,5,86.70,Card,Completed
6320f9f1-df74-4021-b80a-c47473a6e464,3ab3404a-ee80-4ed2-8d90-a6f0dad14e48,2024-01-09T10:16,2,34.30,Cash,Pending
0ed59cab-f239-4ab0-9f43-a87ad9728667,d33bbfcd-a2ca-4e80-8a1c-65223f061e7e,2025-10-20T10:16,5,81.90,Card,Cancelled
0a13e4c9-68ef-44fc-9d99-636eac6d965a,93cdeef1-3fc3-4a63-a275-0ae87ae6b335,2024-02-06T10:16,1,5.03,Card,Completed
2fea5c4d-5bf8-478d-8c91-f57b4aafa792,6c3bf618-a715-40f9-9faa-cfc5f5beef2f,2023-12-06T10:16,4,107.96,Online,Cancelled
56419e66-610f-48b1-a0c2-8960812a48da,4b14a58c-f1e4-40b6-888d-a88cd7055099,2024-01-24T10:16,8,87.36,Cash,Pending
513944f2-ff6a-4764-ab0e-296c18d3f0e4,cb8747c7-32ca-4b6b-868d-13ab01d953ec,2024-04-29T10:16,1,7.02,Cash,Cancelled
27dcc513-8d23-4510-b117-584779c9cf75,935ebde1-5945-4673-886e-1a7a12cc2d4e,2024-06-10T10:16,1,21.70,Online,Cancelled
51bb2c3b-a38c-4a5f-b61a-4f4e052c826e,8250871a-2b35-424e-a1a1-4eb4faffabfb,2024-02-10T10:16,3,21.93,Card,Completed
dc956440-32e8-4904-9f6f-3b8735490593,1d32c3b3-c732-4995-aa6b-ff159deb3bdf,2024-07-03T10:16,4,34.20,Online,Pending
4916222d-8191-432a-b635-e249fd4b2740,7509850a-5062-4da9-aad6-bc5b9e363ef1,2025-09-18T10:16,5,42.20,Cash,Completed
2a55a055-13da-48eb-b96d-a547673aa100,c1a09d60-c9e8-4489-a68e-e01b51541d33,2024-12-09T10:16,4,107.00,Card,Pending
0078e231-e2e8-41b7-b6ac-66b748688ce1,3ab3404a-ee80-4ed2-8d90-a6f0dad14e48,2025-02-02T10:16,5,142.75,Cash,Pending
fbb13226-41c3-4aaf-a39c-b4ef62514df0,ceafdb2a-788d-48e0-acdd-bd533a2e7ab6,2023-12-08T10:16,4,54.48,Cash,Completed
f0e30c24-4dbc-4aa3-b9f2-52811ffd1750,0d463f72-c3a1-4a2b-8d0d-1721a0d1a06b,2024-04-01T10:16,1,10.54,Card,Pending
63171173-1bf3-4bbd-b69b-991c83a9e585,cb8747c7-32ca-4b6b-868d-13ab01d953ec,2025-04-08T10:16,1,7.04,Online,Cancelled
62993987-3655-48a8-812c-2c53b834508a,8113211c-bdc3-4bb0-94d9-3fd3871f3005,2023-12-11T10:16,2,50.90,Card,Cancelled
d0a673c8-4580-4b29-b350-16f34c682fc7,1d32c3b3-c732-4995-aa6b-ff159deb3bdf,2023-12-24T10:16,2,34.48,Online,Pending
2b809096-19eb-42e1-b4da-8eef504e3382,52f5634d-de98-4543-8a1e-cbf1e2d0242f,2025-01-07T10:16,1,18.78,Online,Cancelled
dc9c2fa7-8cf0-4220-8ee5-4a3941ac2232,885715b6-b1eb-44ca-8460-28c0343e56f3,2024-06-08T10:16,5,46.40,Cash,Cancelled
1ad6476d-4aa7-4ad2-82f2-81375498f95e,f6c35464-33dd-44a7-bf84-071f2e427045,2025-05-19T10:16,3,16.83,Card,Pending
89b35dff-8403-443b-9bba-7e002cafee00,11526850-7335-463f-b740-a52a90457c3b,2024-10-11T10:16,6,152.22,Card,Completed
4ffde2cd-f81e-4266-a916-ea9bdce17b8c,25659c0e-6eb5-4c57-add8-fb6ac5f42699,2024-12-20T10:16,2,37.28,Card,Cancelled
5a6586a1-66b7-47eb-bd09-00b558915c15,8113211c-bdc3-4bb0-94d9-3fd3871f3005,2025-09-02T10:16,5,130.15,Cash,Completed
6bbe452d-b2b8-4505-847b-4e8a1d64de25,caad7924-4bc5-4f85-9662-11ca261e3c87,2024-10-03T10:16,8,138.32,Card,Pending
a8c2f410-1276-4c1b-bc7c-60f80885ac5c,cb8747c7-32ca-4b6b-868d-13ab01d953ec,2024-04-02T10:16,1,27.58,Online,Pending
597ca973-8722-48bb-9188-9e52daac5de4,80537cf2-360f-4740-8b7e-d4cd56e22987,2023-12-29T10:16,2,30.90,Cash,Pending
cc4a633d-59c9-411a-b849-c8a2f26698f0,0a570207-0f70-467f-bbeb-44a0a60a9a25,2024-08-16T10:16,7,129.57,Online,Cancelled
4ab2bba4-59fa-4934-9631-8dcaba1eaf09,10b26c2d-7d56-4175-84a8-a2775e128a9d,2024-02-01T10:16,6,164.04,Card,Pending
ba58cd4e-7a96-43d0-ae2d-46df83194dc3,0dd437d0-74fa-43c3-8909-5c955e4d47dd,2024-03-16T10:16,3,62.43,Cash,Cancelled
606d391a-831f-4792-8652-4c5dd6d5d308,c46351bf-193f-49af-a5d6-456188837c3d,2023-11-23T10:16,4,107.00,Online,Cancelled
b1a37dcd-742e-4be4-b65e-387e983b8bc1,8b546c63-5406-493d-bc69-cfb594b38267,2023-11-26T10:16,7,169.82,Online,Cancelled
51c512bf-9515-4c86-8621-72696db8a42a,0472ca7f-b133-4710-8f43-24a3c6c1afd1,2025-06-28T10:16,1,12.65,Card,Pending
964484e4-0533-4e24-a47a-d7ea09e20ece,fe624323-ba72-456d-9842-ed9e0edc75df,2024-07-22T10:16,6,53.88,Card,Pending
8323b5f6-bb37-4492-8c3d-35628111d983,485b65e7-fdf4-474d-afba-37986d8d3cd8,2025-09-13T10:16,4,84.28,Card,Pending
ccc32088-a165-479d-9662-3cb34a6af5cf,8113211c-bdc3-4bb0-94d9-3fd3871f3005,2025-09-05T10:16,4,114.48,Online,Cancelled
454860d8-70c3-4695-8f17-13b8d7bd2de2,500fde18-ea61-4380-9ea4-f06d09985870,2025-10-21T10:16,1,18.32,Online,Cancelled
06b6eb41-3a22-4e43-a2b5-866482568cd3,5eb75bc0-d5fa-4209-9d42-7767f3f0585b,2025-10-12T10:16,8,228.72,Card,Cancelled
c361aa91-61b3-46b4-b453-674301455fa1,0a5bd884-b432-4ce5-b14e-44b4aedd4c0f,2025-01-16T10:16,3,79.05,Cash,Cancelled
be79873c-6e9d-40ce-b4f0-ff1c1f81604f,b6c26110-1b77-4777-8c79-c69ec19b66df,2025-04-24T10:16,9,68.22,Card,Pending
d158b099-1b5f-4ca0-9276-d6534dc0b458,0d463f72-c3a1-4a2b-8d0d-1721a0d1a06b,2024-09-25T10:16,5,68.10,Cash,Cancelled
e014b802-32f1-4463-8777-b6d7fa62aa18,cf65c4b6-4c1c-420b-95de-23e5b56ffad5,2024-03-07T10:16,6,164.04,Cash,Completed
f1be0aaf-9f92-45ec-be38-4c36be548cda,ebbc7df0-770d-44f8-b0ff-c62f9006e40e,2025-07-05T10:16,4,112.24,Online,Completed
16ee5edc-f2fd-496b-bedd-ec5eadcdd809,ceafdb2a-788d-48e0-acdd-bd533a2e7ab6,2025-04-29T10:16,4,59.56,Cash,Cancelled
e89788d8-284c-4cc0-acd8-2580840fac2d,ada8704c-2784-4d70-84da-10078407d2c8,2025-05-05T10:16,3,74.58,Online,Completed
ff0f7f78-b78d-4fef-8558-c8e0fa4b8b01,5eb75bc0-d5fa-4209-9d42-7767f3f0585b,2024-05-21T10:16,8,165.84,Card,Completed
c4553227-38e9-489f-9ba4-bfb6f5796eda,60cd80b6-3967-4dae-b4df-adc7b5644971,2024-09-12T10:16,7,132.16,Card,Cancelled
391b88c9-6d0c-43e8-96e1-97435510b6f2,3ab3404a-ee80-4ed2-8d90-a6f0dad14e48,2024-09-05T10:16,9,232.65,Cash,Cancelled
1c3716b8-5729-4ed6-9739-36c54b3bb2d4,c0d74d86-5c5b-481d-b8e3-61eeb9c77255,2025-02-27T10:16,9,195.21,Cash,Completed
22a3b381-5331-459e-89c1-9ff7a21d5307,2c6dafc9-06cc-4b3d-8b8d-12aae0644c58,2025-08-24T10:16,9,154.62,Card,Completed
1e22bd32-8cb9-434f-b02e-da78e10ab988,25659c0e-6eb5-4c57-add8-fb6ac5f42699,2025-11-01T10:16,4,38.76,Cash,Cancelled
5f2ddf5f-157d-43e4-802b-0a47091ed78b,6e551d53-4f6d-4b84-a9de-3d7c79694805,2025-02-11T10:16,7,44.59,Online,Pending
fc6c4c1b-7f7f-4fd6-8931-eadf71271a95,f6c35464-33dd-44a7-bf84-071f2e427045,2025-05-02T10:16,4,35.64,Online,Pending
11889fb0-8d3f-439f-b68a-8f9207ca9010,d5cfb1a3-ce2f-4aff-ab4c-50e0c5426af1,2024-01-30T10:16,4,70.96,Online,Pending
7678c045-311c-4178-93a9-040ba8182fd3,428424b7-1f94-496a-8b7a-497ce177d32c,2024-08-17T10:16,9,99.36,Cash,Cancelled
2c3d28a5-acdf-49f4-a992-7e8a98276cb5,2a109685-1399-4149-8951-fba29bb0360d,2025-09-07T10:16,6,147.18,Online,Cancelled
df15f59c-5a9a-4e75-a58b-4aee57c88f33,80537cf2-360f-4740-8b7e-d4cd56e22987,2025-06-02T10:16,5,43.05,Cash,Pending
60881b2c-2060-4240-a139-57fef5b7363d,0fcf4084-ea31-49f8-99f9-9bf8c8b0c16b,2023-12-10T10:16,8,238.00,Card,Pending
8f035d0c-1193-48d7-b32c-16a87bf847f7,02c65c06-56ad-4670-b8e2-10ab417c7154,2024-12-29T10:16,9,98.82,Card,Completed
cccb306d-048d-4ddf-b0f7-eff887754ddc,f067e21d-d1d4-4e87-9cae-9753f5f9ccb6,2024-08-18T10:16,1,8.71,Card,Pending
7ec489e8-1285-4ecd-a0a4-be86c9374632,14eace30-1ac2-411e-8eef-98e8f32a87fb,2024-07-05T10:16,4,89.80,Card,Pending
ab2af063-26ff-4b39-bf3d-af686570e774,0130fcd4-a6cf-4a72-8400-7bcae1abce34,2025-10-21T10:16,7,172.62,Online,Completed
37875218-7342-4290-99b9-1dc70d61ef3f,209e786b-2a61-4e52-a3b2-1cc98bcbf18c,2024-07-12T10:16,7,163.38,Online,Cancelled
1f5b0a05-59c5-42e4-8ee0-937244e17d3d,5eb75bc0-d5fa-4209-9d42-7767f3f0585b,2024-08-20T10:16,7,155.68,Card,Pending
eafc3555-2cc6-4f8b-97a8-6422586d4181,1d32c3b3-c732-4995-aa6b-ff159deb3bdf,2024-01-27T10:16,4,77.24,Card,Completed
ae502930-e0fa-480d-b089-ea5d398ee1cc,65b2c0ea-6192-47fc-9286-2c1dd3ecefb1,2024-10-12T10:16,6,55.62,Cash,Pending
6136740a-73a8-41a3-a26e-e497d60d5be4,69446e90-4237-4410-ab55-e011eb04cce0,2024-06-03T10:16,8,54.08,Online,Pending
bbe57de1-96ae-4b0a-a63b-5e1f33c1ee18,6f61ca8e-51a1-48e0-abfa-88326e713e34,2024-04-14T10:16,8,130.56,Card,Pending
9a52f1a1-059c-4ae3-9a37-d1d5ed3542f5,7509850a-5062-4da9-aad6-bc5b9e363ef1,2024-06-03T10:16,6,159.12,Online,Completed
37c67735-db1d-451d-9800-1d4be0f93fd1,80537cf2-360f-4740-8b7e-d4cd56e22987,2024-03-09T10:16,6,85.14,Cash,Completed
d5720098-254d-498a-8a6f-4a80347d3a1d,bb6bf39c-f455-4e08-a59e-1bdaaa91d4aa,2024-09-15T10:16,2,29.64,Cash,Cancelled
7bf70865-3f97-4bcf-9b24-67d5bc27d595,65b2c0ea-6192-47fc-9286-2c1dd3ecefb1,2024-09-29T10:16,8,183.92,Card,Cancelled
d55208d3-2a1e-4d76-9e33-7543faf9a559,14eace30-1ac2-411e-8eef-98e8f32a87fb,2024-02-27T10:16,8,125.04,Card,Completed
158f11ff-fee0-460f-93b5-64c875876912,1a48aa9a-def3-481d-922a-94300aa97309,2025-02-03T10:16,9,176.58,Cash,Completed
ad1c985f-9c28-490f-8a98-d5ee45bd1120,8b115a34-224b-453c-be69-b53a7445b466,2025-10-07T10:16,7,67.13,Card,Completed
e938b674-f741-4111-aee9-7e8fee812787,99c406e7-092b-4eeb-bc08-56fc041c253d,2024-06-27T10:16,5,31.30,Online,Completed
6d2ea249-7974-48bf-b066-0dd273b3a8af,953417c6-cd52-45e9-9ca0-bb450653c934,2025-06-26T10:16,9,268.20,Cash,Completed
6f904010-c2a0-4d63-962c-7c63cd6b680b,d87f31d7-79ef-4c17-856e-142e791b04da,2025-07-02T10:16,3,57.48,Cash,Cancelled
48f22e79-8bbd-4e3a-9737-c22c1bea5265,9305d562-2505-493d-8ed8-3fb721c8f491,2024-02-19T10:16,2,58.04,Online,Pending
ea3a6683-57cf-4ef4-9436-bc97aa3fe602,6945f6f4-b8f9-4d04-90ff-e59ed705578e,2024-08-15T10:16,3,72.57,Online,Pending
da86e02a-7364-4429-bb3f-b52513988d2c,56a75a3e-a944-4147-8cba-f1024726993f,2024-01-13T10:16,9,239.13,Online,Pending
a21c19ff-922b-4a82-af45-dd4cebe0b2de,ef7fad1f-a86f-4ee1-95b4-ce1f339f0fa5,2025-04-27T10:16,9,207.63,Cash,Cancelled
098b2c3c-55bd-4f80-8273-100c65db51e9,c9dcc28a-ae5f-477c-ae7e-72d94129f449,2025-01-24T10:16,1,24.54,Online,Completed
bc740bf5-7a01-4f5e-afef-bc51e67e48ed,824998a2-7592-4051-ab0b-d5e12743c93b,2025-02-15T10:16,5,97.65,Cash,Pending
ffa84a33-cffd-4b24-bf62-539c5f619661,ebbc7df0-770d-44f8-b0ff-c62f9006e40e,2025-07-05T10:16,9,55.89,Card,Completed
d737123b-67f0-44bf-aaae-de42aa672faf,1407e9cf-22c9-4137-a2fe-cc12dc038235,2025-10-13T10:16,2,29.26,Cash,Cancelled
f1da33c1-6593-4d5d-8e27-9530ba3483e9,e7991221-0de0-4ef8-aa9c-ca3b59197059,2025-09-24T10:16,6,138.90,Cash,Pending
aba6dc75-61e9-4f46-b659-113ee955ba6e,63846b60-b7be-4087-ac6e-56c9bc130a20,2025-05-24T10:16,9,105.48,Card,Pending
bd225419-e19a-4648-9c31-171091e414ed,103fcba5-5588-45a5-9fe0-6ac948d3860e,2024-07-14T10:16,8,116.24,Cash,Cancelled
1d9c98f7-6f36-444c-aa96-87b72adf2b34,4f6ae324-5b6d-47d6-a86d-26ec6fbe1e0e,2025-01-15T10:16,4,101.16,Card,Completed
e3b3999c-2153-4622-b29c-fc28e45e3fc8,485b65e7-fdf4-474d-afba-37986d8d3cd8,2024-05-17T10:16,5,147.95,Online,Completed
423e581b-4fc4-48f0-b0e6-ec5102569716,401a6911-a31e-4892-adc1-56e3e1eb090a,2025-03-02T10:16,4,53.44,Cash,Cancelled
a5f75499-21ef-4726-a2e4-3b3f66c5ea24,7169ef0c-f2c8-4ae3-83f6-87691664d2d2,2025-03-20T10:16,2,20.50,Card,Cancelled
89952d5b-8ddb-462f-bdac-6d5c165efec0,d6d4ef4b-0870-48aa-b884-013237f255f4,2025-05-16T10:16,2,17.30,Online,Pending
fd4ab526-ffe1-492f-83b7-2b65bd34d0b1,3e97fc93-73a7-45e0-9888-f7a03ee258a7,2025-01-21T10:16,8,42.48,Cash,Cancelled
e26b1507-16ce-431e-9bf1-c3c3caada48d,5d6f84a5-a4de-442e-99b9-b8ef714b4436,2023-12-21T10:16,9,141.75,Cash,Pending
61447835-f2fa-4d5b-83af-37655a057ef3,6aaabc79-3d35-410f-bb96-f86a3930d0ff,2024-04-04T10:16,5,113.00,Cash,Cancelled
71efb1b9-298a-4094-af47-53ffc3906d10,9b9edd1e-b4f7-414c-b8b5-a3dc51fa0a8c,2025-04-03T10:16,6,131.22,Online,Pending
ad311019-5cdd-4cca-a44b-81bd43362e00,ebe19120-496a-47fa-87eb-2440212a3363,2025-05-15T10:16,2,20.20,Cash,Completed
66909531-a4c7-4f92-ba54-506fdb43afa3,a938df5f-7764-459c-8bfd-90409d16b3c6,2025-10-15T10:16,8,88.72,Online,Completed
9cc20a27-16e9-4b58-9b04-84369a6a5b2a,67c276b0-7be6-4f3c-bf86-c342095c8112,2024-06-11T10:16,7,117.95,Card,Pending
5cd8c028-3f07-4b8d-9bc2-f5e8ef430299,000f9c8f-2fc7-4346-844d-c04f10751265,2024-11-25T10:16,7,143.29,Cash,Completed
72f15a83-152b-48da-9964-849197f073d2,6c3bf618-a715-40f9-9faa-cfc5f5beef2f,2025-07-20T10:16,8,182.88,Card,Completed
0deb3185-495b-4d81-ad37-4b9eca5deb6c,209e786b-2a61-4e52-a3b2-1cc98bcbf18c,2025-04-23T10:16,9,93.51,Card,Cancelled
46d83756-7333-4bc6-9b94-caef26ef4677,c63bd277-c81c-40c5-8720-6ce916d653c4,2024-04-08T10:16,8,80.40,Card,Completed
05375e84-322e-4268-a9af-455f6b7cda37,06e585f0-5b60-4900-81d1-3379328e6c17,2024-03-05T10:16,7,81.06,Online,Pending
13d29272-1e5f-48ee-ad8f-3046405bc84f,a5ffc907-be77-43e6-8694-4a0bf09bd3fb,2024-02-22T10:16,1,18.81,Card,Cancelled
2cb0f101-7589-4d07-8814-dcfc31affd1b,bb6ceda0-3f7a-4dfa-9862-41a88dd468b2,2025-06-12T10:16,8,72.80,Cash,Completed
07c42c9b-76b0-4550-9fde-1d42a178ca43,953417c6-cd52-45e9-9ca0-bb450653c934,2025-08-10T10:16,4,79.80,Cash,Completed
f70a1e27-4086-4b0e-b9f4-db6d4424d882,77ca464a-fe0d-4dcc-8f08-3eb2f7b64f76,2025-09-09T10:16,1,6.18,Card,Cancelled
7c00cc80-4640-4bb1-aeeb-6ef57199de92,b95f7619-fab2-4df9-8683-1f2aeb93a660,2023-11-29T10:16,6,111.60,Cash,Cancelled
8a382ba3-d55c-4f33-bda8-e203fcccc7ef,0a5bd884-b432-4ce5-b14e-44b4aedd4c0f,2024-02-01T10:16,4,110.56,Card,Pending
a1063f54-9051-4d75-a433-9b0c5dae5c1a,b6c26110-1b77-4777-8c79-c69ec19b66df,2024-08-31T10:16,9,110.16,Cash,Completed
dc1cb0bb-284f-4b31-af8e-a7e6b1f07550,59827b2a-ae17-44b1-bd6f-6f08718559cb,2024-11-16T10:16,4,119.52,Online,Cancelled
670cb09b-578b-436d-9c2c-b1bed5d70617,e277d099-db2a-4aee-ab86-8b0e73a34383,2025-09-14T10:16,7,128.94,Online,Completed
01949d20-f6e8-4aa7-bca4-c4a7cbdde1c1,90f0db1e-2b19-43f7-ba17-233c7c214eca,2025-09-22T10:16,2,44.84,Online,Pending
72655977-4c73-4c5a-8a01-3d9a17ca6bfc,93cdeef1-3fc3-4a63-a275-0ae87ae6b335,2024-05-03T10:16,3,17.76,Online,Cancelled
13db24f2-f61f-4dc7-892c-8be5015b9f9e,e6cb1215-5314-4d05-bfd1-f6e5d36e89f7,2024-10-01T10:16,9,167.13,Online,Completed
fa994304-2a9c-400f-9bc2-73157d29046a,6aaabc79-3d35-410f-bb96-f86a3930d0ff,2024-07-21T10:16,1,25.47,Card,Cancelled
568e014d-876f-4389-a30d-e930d1b0712a,1eeb9c5f-5b7a-47af-b4f1-5a50d9d1089c,2024-01-13T10:16,7,142.10,Card,Completed
3faa7a73-76e1-43da-9f05-05e0ba7934fb,5f0f3def-9ff6-4282-ad04-001c4a769966,2025-08-08T10:16,2,53.36,Cash,Cancelled
0ecd7ac1-9ca1-4bd0-a35a-9e17be16483c,52f5634d-de98-4543-8a1e-cbf1e2d0242f,2024-11-22T10:16,2,56.88,Card,Completed
56d5c905-cbb9-459c-9b77-f9c32d9051a8,2a109685-1399-4149-8951-fba29bb0360d,2025-03-07T10:16,4,70.64,Online,Cancelled
d3ab231b-3571-40ce-85b7-2d556bca8187,5f6e51da-5f01-4c9a-85dd-7d50ef37e5d7,2023-12-17T10:16,6,81.96,Online,Pending
0130ace7-8a1b-4601-9028-4f8bae87fa5b,92da274a-bea2-490a-bb52-196c46fa8487,2025-08-18T10:16,9,211.23,Cash,Pending
d1c2d3f4-a7ca-40a3-bb42-77a7a5c414ed,bfa3444b-2be9-46be-b944-720d86a59770,2024-06-10T10:16,4,45.56,Cash,Completed
1d40bce1-0c8d-4432-b173-1b3f8ad1f886,7169ef0c-f2c8-4ae3-83f6-87691664d2d2,2025-08-02T10:16,7,37.38,Card,Completed
7da0e1eb-aeaf-454d-959e-dbb9d5409592,ba5d9947-b043-4aca-8ee0-6b77895cf8e8,2025-06-19T10:16,2,50.46,Online,Pending
e9e21789-1242-4ff4-ad89-de9ae6b9b65a,e277d099-db2a-4aee-ab86-8b0e73a34383,2025-02-10T10:16,3,88.20,Card,Cancelled
3026c418-dda4-4e5a-9ea5-8c0c0fa685e5,8f7f530b-bb30-4a05-b437-744ed30af54f,2024-06-01T10:16,4,26.00,Online,Pending
c662d8f3-0955-4f6c-8e29-6241d6f0a911,3dcaabe3-78c9-4d88-bed5-56ca7ceea07c,2024-03-09T10:16,4,33.40,Online,Cancelled
d9c99382-877c-4d0e-9d07-a8963272fef8,d5eaf6a7-76cc-48ec-98d9-ba713e2df70f,2023-11-22T10:16,9,238.95,Card,Pending
3c8abbe8-33ad-4f88-af8d-7a8c4a34214a,0a0ac3e5-6e20-4fbc-87ec-5481c70e38bc,2024-08-05T10:16,2,54.10,Cash,Pending
2950d46a-a2d7-4087-837f-032f97edbf59,000f9c8f-2fc7-4346-844d-c04f10751265,2024-03-27T10:16,9,157.14,Online,Completed
f28525bc-8eff-4c11-bbc0-03498245639f,2c6dafc9-06cc-4b3d-8b8d-12aae0644c58,2024-04-29T10:16,8,217.36,Card,Cancelled
82216bcf-5301-4a09-b1d7-50d4c959ddf5,f0a6a958-e434-41bf-a830-dffa55a34db5,2025-01-04T10:16,4,89.76,Online,Cancelled
d2bfdf04-8c2f-4d83-955b-0b936e7fa760,caad7924-4bc5-4f85-9662-11ca261e3c87,2025-09-07T10:16,2,29.94,Card,Pending
8faf790a-b01e-460b-a203-c6f9c922318c,e119f98a-df63-41dc-8e01-bb49ca2dc724,2024-04-08T10:16,2,29.60,Card,Cancelled
3187a45f-2455-4136-a200-7a15140bf000,910b1d47-5c37-48b1-8bde-96c60660f1d7,2024-01-28T10:16,1,25.75,Online,Completed
f5df199d-5548-4f2d-b4f3-5b43bf7d0141,73a2b03c-2dca-486e-8ebc-c4d6bb68a8c6,2025-08-08T10:16,8,104.72,Online,Cancelled
f9f16fd1-2163-419c-80aa-d66311ea3a08,4e44f26d-5455-405b-8fdb-63ab8b739ecf,2023-12-31T10:16,8,200.24,Cash,Cancelled
fb6c37e7-827b-42ba-b724-e11a33379741,e119f98a-df63-41dc-8e01-bb49ca2dc724,2024-11-10T10:16,3,60.45,Card,Cancelled
0f226ab3-ad84-43c3-8419-38aea4f5f637,1eeb9c5f-5b7a-47af-b4f1-5a50d9d1089c,2024-09-24T10:16,2,51.34,Card,Cancelled
2f003662-f33c-4196-a05b-c9b3434176cb,a190f67b-21df-46bc-8164-46bdfa00af85,2024-07-28T10:16,7,48.72,Online,Completed
dd08186e-2557-4b4a-bed8-15381523fa2f,5400d214-6176-40bf-88d2-3f53ed38bf69,2024-09-19T10:16,9,261.63,Cash,Pending
d8df1e82-0c14-412d-ba0f-b1dddaa56bf7,1407e9cf-22c9-4137-a2fe-cc12dc038235,2025-04-05T10:16,2,49.70,Online,Pending
df911ffa-08f6-4b46-925a-df4f769f0616,6e6d2c67-f7fb-4a98-8f9a-4822259b25c4,2024-08-05T10:16,4,48.12,Cash,Cancelled
0ba4fcb3-b0b3-4865-9d42-f2d8d5e31b82,1d32c3b3-c732-4995-aa6b-ff159deb3bdf,2024-12-08T10:16,5,123.40,Online,Cancelled
d85845e0-b618-4b65-8e2d-ac5b2356e2ab,6aaabc79-3d35-410f-bb96-f86a3930d0ff,2024-03-13T10:16,9,156.24,Online,Completed
e5572201-94e8-4925-875e-4eeac1c08b55,b6c26110-1b77-4777-8c79-c69ec19b66df,2024-10-27T10:16,6,147.36,Online,Completed
f22f6d8d-ee48-4875-b103-001e0fa60801,e6cb1215-5314-4d05-bfd1-f6e5d36e89f7,2024-05-27T10:16,2,14.86,Card,Cancelled
06e4284c-fd70-4114-a1ea-6b1167f9a418,56a75a3e-a944-4147-8cba-f1024726993f,2024-10-22T10:16,7,98.77,Online,Completed
816acdbb-bc77-4d2b-9425-ce2554330daa,10b26c2d-7d56-4175-84a8-a2775e128a9d,2025-07-21T10:16,1,25.40,Cash,Cancelled
0253b16c-0602-4638-8557-850f79f4796a,b014b56e-3263-4b63-8430-46e00bc5ea77,2025-05-26T10:16,1,13.34,Card,Completed
a9827287-f359-4ba2-83d9-6781d8c77620,b047b369-02d0-4f25-9af0-f1e883228863,2024-06-01T10:16,8,107.20,Online,Pending
ac4a68a8-b9ae-4b5b-b01f-c71a8ebbd2fa,b6c26110-1b77-4777-8c79-c69ec19b66df,2024-08-20T10:16,3,30.12,Card,Completed
1834094d-0bd9-4431-a038-fc29a2574a59,ba5d9947-b043-4aca-8ee0-6b77895cf8e8,2024-01-12T10:16,8,82.80,Card,Pending
7d6cece0-8404-4a6f-8427-9430e50d3eed,65b2c0ea-6192-47fc-9286-2c1dd3ecefb1,2025-10-29T10:16,3,51.48,Card,Cancelled
0bf8f837-50ea-46ff-b537-64c5527624fd,209e786b-2a61-4e52-a3b2-1cc98bcbf18c,2025-08-11T10:16,1,27.92,Online,Completed
477dfad6-874e-4a4b-9429-31bf7fe48320,ada8704c-2784-4d70-84da-10078407d2c8,2025-09-02T10:16,5,74.45,Cash,Pending
47aba3da-6790-40f1-b33f-410c0ff11a6d,6f61ca8e-51a1-48e0-abfa-88326e713e34,2025-09-11T10:16,9,247.05,Online,Pending
dd1fce70-eb14-4e07-a645-f7af78eb1742,05ccd8a5-ea5f-4353-bd1e-3022152b0685,2025-07-24T10:16,8,206.88,Online,Pending
f532625e-f4a0-48e5-a8f6-7d186780fcae,b047b369-02d0-4f25-9af0-f1e883228863,2024-07-12T10:16,1,9.85,Online,Cancelled
5a943479-767e-49bf-9f33-6a8ccea595e6,c63bd277-c81c-40c5-8720-6ce916d653c4,2025-07-05T10:16,3,70.98,Cash,Cancelled
b8be58e9-e613-41e0-a2e5-bec5b962965b,06e585f0-5b60-4900-81d1-3379328e6c17,2023-12-21T10:16,6,138.12,Card,Pending
9988e86f-995e-49db-b05e-ad3a686faa78,14eace30-1ac2-411e-8eef-98e8f32a87fb,2025-02-11T10:16,7,41.79,Online,Pending
0bac4623-4f0d-40eb-ab27-05c67921c9e8,9b9edd1e-b4f7-414c-b8b5-a3dc51fa0a8c,2025-09-14T10:16,2,49.74,Online,Pending
79611858-c038-493e-9103-ad400e7ad5a6,93cdeef1-3fc3-4a63-a275-0ae87ae6b335,2025-02-13T10:16,6,160.26,Card,Completed
a84ac3d9-4ba6-4535-955c-14c79612ac5e,5400d214-6176-40bf-88d2-3f53ed38bf69,2024-10-16T10:16,5,61.45,Card,Pending
f9ade976-b5b1-41d1-ab04-11f82b537a9f,9305d562-2505-493d-8ed8-3fb721c8f491,2024-06-28T10:16,7,57.68,Online,Completed
c1dfe77f-23a0-448c-bcbf-6fa900009efd,b95f7619-fab2-4df9-8683-1f2aeb93a660,2024-10-29T10:16,2,26.56,Card,Completed
df4e3555-7fb7-4dfa-b4bb-6b46e193b546,05ccd8a5-ea5f-4353-bd1e-3022152b0685,2025-10-22T10:16,3,77.28,Online,Cancelled
7fc1a97c-c2e4-4e2a-81ce-35134c04924b,6e6d2c67-f7fb-4a98-8f9a-4822259b25c4,2025-08-17T10:16,5,128.80,Online,Pending
70c1e1d5-69ea-4e0f-81cf-2165bb89f8d1,0d463f72-c3a1-4a2b-8d0d-1721a0d1a06b,2023-12-17T10:16,9,78.93,Cash,Completed
49bf2d19-3b2a-480b-bc31-972689d54090,6e551d53-4f6d-4b84-a9de-3d7c79694805,2025-07-02T10:16,4,43.04,Online,Cancelled
5b20651b-9a2f-4490-9873-37eba45f7d7e,7509850a-5062-4da9-aad6-bc5b9e363ef1,2024-07-15T10:16,3,46.50,Card,Completed
baed108d-d10d-4303-af05-495b4cec2d56,b04ce307-2d1f-4214-b023-d8f4379041a1,2024-04-29T10:16,3,16.44,Card,Completed
54333e28-54e3-4b71-b782-126171c5891c,bb9edfa8-17f7-4f6f-8e3b-616693a298b1,2025-08-13T10:16,5,127.30,Online,Cancelled
b174177c-50d3-4c98-9573-42cf64a9b5ea,a5ffc907-be77-43e6-8694-4a0bf09bd3fb,2024-04-13T10:16,3,71.97,Online,Cancelled
331fec07-2824-4725-848a-c4028a94d63b,6c3bf618-a715-40f9-9faa-cfc5f5beef2f,2024-02-23T10:16,3,61.17,Cash,Pending
ceb1a43b-84cb-4f55-924f-85b50c6b2d15,6945f6f4-b8f9-4d04-90ff-e59ed705578e,2025-09-06T10:16,9,247.59,Card,Completed
a76ed7af-81d9-4a8f-86f5-4cd5b0714cc7,10b26c2d-7d56-4175-84a8-a2775e128a9d,2024-04-28T10:16,6,161.34,Cash,Cancelled
4510f5e8-57b9-49ab-8441-b0a087ab7964,2a109685-1399-4149-8951-fba29bb0360d,2023-12-25T10:16,9,226.17,Online,Pending
30f12de6-b40e-4a56-a8d2-7c66b341aad3,bc58b12c-65c4-4f21-89ef-3e492a22ef7c,2024-05-16T10:16,2,46.38,Card,Pending
8ee6851e-3522-412f-bd72-51cd7177f602,0dd437d0-74fa-43c3-8909-5c955e4d47dd,2025-05-28T10:16,9,101.34,Cash,Completed
a7ffdf3a-9593-4bed-814a-33eadde155e5,f543de06-e341-4de2-95ab-ca0fd3ee51fe,2025-04-23T10:16,5,145.65,Card,Cancelled
9635bf21-8499-4e6c-8af0-ef9bd71c8260,c0d74d86-5c5b-481d-b8e3-61eeb9c77255,2025-03-28T10:16,7,57.89,Card,Completed
5110a7ce-bc55-4862-9178-977153a6e4a8,f3826f04-0dfa-4266-8002-58fede0093f5,2024-01-17T10:16,3,29.85,Cash,Pending
7dc0e5cf-9433-4d59-b110-795c4a108197,ff4db0d8-e809-46e8-9ae0-78ffee4902d9,2024-06-19T10:16,9,244.17,Card,Pending
048fca00-57fa-438e-a69d-c50949e4aee8,0a15d43b-8f6b-444a-bef2-ffbddfdbd16f,2025-06-24T10:16,4,38.36,Card,Cancelled
46909e34-017f-4e03-ac51-27ffb069945d,3910ab11-8758-4a4f-8a9b-c4f5df7413c4,2024-07-19T10:16,1,25.79,Card,Cancelled
cd090ba8-ed8a-4bc7-bd21-4a4ece98e8fe,f0a6a958-e434-41bf-a830-dffa55a34db5,2025-02-26T10:16,7,106.47,Cash,Cancelled
2dcdd484-464f-4778-9cda-95ca9b7fc5dc,02c65c06-56ad-4670-b8e2-10ab417c7154,2024-07-06T10:16,6,136.68,Card,Completed
300fc5b0-cf5d-4079-b3d3-1ac6824c5bc8,a3f626b9-cc27-4c04-8570-be79ab8bda4a,2024-12-15T10:16,2,17.78,Card,Pending
55b19c1a-616e-4663-9897-76927fc9fd87,c83bba2f-5229-4998-9566-1f3179b13e8a,2025-01-13T10:16,3,75.18,Cash,Pending
2c183c31-27e2-48a2-af45-780d53e33bcd,6e6d2c67-f7fb-4a98-8f9a-4822259b25c4,2025-04-03T10:16,1,15.26,Card,Pending
c8b183df-ac36-41b5-b546-c53802121984,4e6807ca-aed8-4ec9-b1b0-0e3aba57efb1,2025-09-03T10:16,5,92.85,Online,Completed
a76f8a5b-9a47-4e86-b749-7ffbe48cf785,8f7f530b-bb30-4a05-b437-744ed30af54f,2024-04-03T10:16,6,161.22,Card,Pending
107e5279-ad03-4aa8-8dd2-cf28c6bea163,485b65e7-fdf4-474d-afba-37986d8d3cd8,2025-01-11T10:16,4,26.72,Online,Pending
8c88ebd5-e0cc-45ff-90cc-baab1a150176,46032f36-69bc-465a-9b33-a5d560bfd77a,2024-12-10T10:16,6,32.58,Cash,Pending
09ef8ead-66fe-4c40-bb81-77412b48d447,7a2e5fa5-096b-4701-8ce6-7a3db39bf8eb,2024-04-03T10:16,6,91.86,Card,Pending
4eafac79-d3af-4e17-9060-174c62a468e0,2a109685-1399-4149-8951-fba29bb0360d,2025-08-01T10:16,7,145.32,Cash,Pending
319533f0-306a-4d7a-9819-dff5ff9bce6c,53db1213-7316-47bb-9099-c1def0e3c96b,2025-04-25T10:16,9,119.25,Online,Cancelled
dcd454e7-acb7-47e2-82be-3f238b0bc26e,aff4340c-d102-49ba-af8e-84d2737ce82c,2024-03-19T10:16,9,190.08,Card,Cancelled
8cc6e4cb-88bd-4529-8930-2de597de67a2,d87f31d7-79ef-4c17-856e-142e791b04da,2024-01-16T10:16,4,50.92,Online,Pending
cb2b6590-2452-4563-a1b4-27b4cc72ded8,b0d737cd-ec4b-4a88-aa81-d012ef3fb719,2025-04-22T10:16,3,82.89,Cash,Pending
26000b81-7464-4a86-900f-4a461c97642b,caad7924-4bc5-4f85-9662-11ca261e3c87,2024-11-21T10:16,7,137.55,Online,Cancelled
01e24cf3-f990-41fb-b597-90626752080d,d5eaf6a7-76cc-48ec-98d9-ba713e2df70f,2025-04-03T10:16,1,6.05,Online,Cancelled
e741f3f1-6ad2-4bc9-92e9-fb8479295562,14eace30-1ac2-411e-8eef-98e8f32a87fb,2024-12-30T10:16,6,118.98,Online,Cancelled
e465fe6c-b273-40cb-8e8a-5fc8ddb624e6,27e45431-1333-4ffd-a0c8-be56ffdc5d4e,2023-12-12T10:16,6,163.62,Card,Completed
c0a937c9-d062-4399-b744-524095557d75,26d032f1-9fe9-487a-987a-a8be14e1db05,2024-03-21T10:16,5,137.40,Online,Cancelled
284a7b75-07fa-4b1b-af23-9ca96816d86a,2ca088cd-c6c6-4e60-a1a4-d2990ee21b12,2025-07-03T10:16,6,48.36,Cash,Completed
7a7843d9-7ea0-4ff0-a607-11220f26c65b,92da274a-bea2-490a-bb52-196c46fa8487,2025-01-14T10:16,3,32.13,Online,Cancelled
034a8fd8-6ba7-4970-9f76-0140fc75a5e3,0d463f72-c3a1-4a2b-8d0d-1721a0d1a06b,2024-07-11T10:16,8,122.24,Card,Pending
63cd3a06-1ed5-461b-af80-0d62aa55750c,5f0f3def-9ff6-4282-ad04-001c4a769966,2023-12-10T10:16,3,65.61,Card,Pending
2c4045a3-d6d9-4ba7-904b-38cf27aaa1ff,d5eaf6a7-76cc-48ec-98d9-ba713e2df70f,2023-12-29T10:16,2,35.06,Cash,Pending
23ad23fb-5f5b-4042-88af-b5ab5168900d,b90a3a7f-421e-47e5-8598-fe50f365a62e,2025-08-26T10:16,8,44.08,Online,Cancelled
fcc2a0fd-6ce1-42c9-8f9e-bcefb91ab01e,485b65e7-fdf4-474d-afba-37986d8d3cd8,2024-06-20T10:16,8,73.68,Online,Pending
4c7f9642-a4d7-4ea4-819d-cc76f27ca083,6c3bf618-a715-40f9-9faa-cfc5f5beef2f,2024-10-11T10:16,3,88.86,Cash,Cancelled
2ccb18b3-e75c-41a1-aa42-3dde48115418,0e0d5f13-edd5-4ab0-9ddd-3df111bedc5a,2025-03-18T10:16,5,108.35,Online,Pending
6363fd4a-1a6c-4020-b5d8-6075a9b6f7af,e886c155-0dae-4b36-88f5-a86fa474d1f6,2025-05-03T10:16,5,50.80,Online,Completed
684c8abf-df57-4e26-97ca-f53f7bc3ac22,0a15d43b-8f6b-444a-bef2-ffbddfdbd16f,2024-12-13T10:16,2,48.62,Card,Cancelled
81631511-524a-4865-9c1e-17535347e76a,4739f27f-7a96-4d52-83ae-0c6fd4c8c606,2024-05-02T10:16,6,126.66,Card,Cancelled
de6b7680-8edd-4686-87d6-e5f3f3c3faab,cf65c4b6-4c1c-420b-95de-23e5b56ffad5,2025-06-18T10:16,8,148.00,Cash,Completed
e27813ec-1d58-4b9d-8ef4-1196198e29ac,6c6a3b10-9747-4dca-a041-4edc22d147b0,2025-04-17T10:16,4,71.48,Cash,Completed
94da9806-9770-46b0-8366-d3d0fd5b98d4,c1a09d60-c9e8-4489-a68e-e01b51541d33,2024-01-15T10:16,8,140.72,Card,Cancelled
5aad6387-0849-4270-9b44-e5126c025c73,6e6d2c67-f7fb-4a98-8f9a-4822259b25c4,2024-03-12T10:16,1,5.61,Online,Completed
e4deb1af-f327-41a3-97dc-49d4fb6d52cb,0a570207-0f70-467f-bbeb-44a0a60a9a25,2025-01-23T10:16,2,21.96,Cash,Completed
e63d9d07-4a4b-41f6-91ae-8869e276452a,4b14a58c-f1e4-40b6-888d-a88cd7055099,2024-06-20T10:16,1,21.88,Card,Cancelled
abb8c7af-f3bc-4de4-9728-7a4e5717d784,59827b2a-ae17-44b1-bd6f-6f08718559cb,2025-02-21T10:16,2,57.38,Online,Pending
8d56ddc9-7aac-4136-8dfb-ec7bc184926c,6e551d53-4f6d-4b84-a9de-3d7c79694805,2024-02-28T10:16,2,43.32,Cash,Pending
2c7bceaa-45e0-4728-9dba-f2954b7016e4,4f6ae324-5b6d-47d6-a86d-26ec6fbe1e0e,2025-01-29T10:16,3,38.04,Card,Completed
594bc122-8321-4ab5-a1c5-a7f6403a3e18,7169ef0c-f2c8-4ae3-83f6-87691664d2d2,2023-11-16T10:16,2,47.72,Online,Completed
7d79696b-5f8d-4455-b90c-6f9df0f0b8ea,d3f641e5-b8b5-4f5f-9155-7768df2033e8,2024-05-30T10:16,3,79.65,Online,Completed
a2d1cd84-e354-4e27-8d3f-08ac3c9d886d,209e786b-2a61-4e52-a3b2-1cc98bcbf18c,2024-06-10T10:16,1,7.48,Card,Cancelled
19d66cb1-f050-4461-8cc2-a78c198e8645,e119f98a-df63-41dc-8e01-bb49ca2dc724,2024-11-23T10:16,6,77.52,Online,Pending
558e8fb2-8102-472b-989f-6a0dd51ca81b,953417c6-cd52-45e9-9ca0-bb450653c934,2025-07-09T10:16,5,93.95,Online,Completed
bed77da0-2423-468a-a7cd-9d079ac52df9,d5eaf6a7-76cc-48ec-98d9-ba713e2df70f,2023-12-17T10:16,5,31.40,Card,Cancelled
901313fb-1554-491a-86da-52e160f1426b,6117b6f0-c4f4-4bf1-9eeb-f33950decba8,2025-07-02T10:16,2,19.36,Online,Completed
227d0ea3-d770-4bab-9c28-acb13076dbdd,4bb2d776-14c0-4ef6-b8ba-c580cbed72b8,2024-01-23T10:16,7,101.78,Card,Cancelled
29b656b7-43f3-481d-9f6d-e31882090fc1,bb6bf39c-f455-4e08-a59e-1bdaaa91d4aa,2025-09-15T10:16,1,6.79,Card,Cancelled
a5133357-9de9-4406-82ed-510fe78da4cb,a302a1a8-c429-406f-abff-9f273aa0a4b5,2024-09-06T10:16,9,217.44,Cash,Pending
3bc211fa-a1e2-4d04-83ee-4db569f63833,a938df5f-7764-459c-8bfd-90409d16b3c6,2024-12-18T10:16,3,56.01,Cash,Completed
df19c742-cf95-4b9a-8645-bc3c95410af0,e277d099-db2a-4aee-ab86-8b0e73a34383,2025-07-12T10:16,3,59.28,Online,Pending
6a1b899a-cb40-4db7-89df-b69bf9052165,cb8747c7-32ca-4b6b-868d-13ab01d953ec,2024-01-25T10:16,1,8.70,Card,Pending
bda23944-9a8d-4754-a721-11fc660a8095,b047b369-02d0-4f25-9af0-f1e883228863,2024-10-03T10:16,8,185.92,Online,Cancelled
0ef32de6-3446-46dd-ac62-0a7e22e56be7,b95f7619-fab2-4df9-8683-1f2aeb93a660,2024-12-30T10:16,5,44.30,Card,Cancelled
5f871ce0-e5cb-45e1-a74a-377659cff205,3ab3404a-ee80-4ed2-8d90-a6f0dad14e48,2024-02-01T10:16,1,7.17,Card,Pending
75d57a6c-77e8-4af6-9442-7d7b5c5afa99,36b880b0-e9bd-4c0b-8f1c-32018f6c758a,2024-12-06T10:16,2,13.66,Card,Completed
d138d5fd-d878-44f4-92ed-02faf81bc392,7d2df59f-386d-4aec-85a8-2443262a0cb4,2024-07-14T10:16,7,86.03,Cash,Completed
2fd79c27-1b24-4f70-a381-4cb6f9269dc0,ceafdb2a-788d-48e0-acdd-bd533a2e7ab6,2025-02-01T10:16,2,14.00,Online,Cancelled
5126e8fe-ed6b-4fce-9167-a3dc6cd31d10,b03f75c1-655f-4480-a2bf-1a0af806e96e,2023-12-11T10:16,1,16.52,Card,Cancelled
0d5c3cbf-ef66-4ac8-aaf7-9dc09778c666,d5cfb1a3-ce2f-4aff-ab4c-50e0c5426af1,2024-05-17T10:16,6,92.94,Cash,Completed
62cc06d9-d2e1-456b-9b5a-03fbfe6d97d6,56a75a3e-a944-4147-8cba-f1024726993f,2024-04-26T10:16,6,77.88,Online,Pending
fa17f4bb-da48-40dc-925c-ac82e673aff2,62a2bfef-ca4a-4dec-90ea-bf15ea1880d2,2024-07-28T10:16,5,43.40,Cash,Completed
52d6cb43-9528-4461-bfa0-bb757bb8b189,ec3490d2-e8da-47ee-ae12-0ca0b1d7a2bb,2025-09-10T10:16,2,20.34,Online,Pending
34caefb5-8b20-482c-8e75-c2ea46866172,aff4340c-d102-49ba-af8e-84d2737ce82c,2023-11-14T10:16,1,18.09,Card,Pending
6667a410-4376-416a-81e9-bd5dd1c927c2,c9dcc28a-ae5f-477c-ae7e-72d94129f449,2024-09-18T10:16,6,179.76,Online,Pending
61eb0918-fbe3-42e0-b476-d65fc94fde9c,bfa3444b-2be9-46be-b944-720d86a59770,2025-10-11T10:16,1,14.02,Card,Completed
2a95b927-1e09-4771-9040-33000f4185ee,3befa4dc-d961-4a3a-9410-d43d1bdaa335,2024-04-01T10:16,4,59.68,Card,Pending
6c4be948-3248-4e8c-9d6c-365d299dc3df,caca465c-e9f2-4add-91b5-24c70595e321,2024-10-11T10:16,2,42.24,Cash,Cancelled
1a0a9583-f7fe-4278-90be-9e355322ddda,90f0db1e-2b19-43f7-ba17-233c7c214eca,2024-07-09T10:16,1,5.99,Card,Pending
bbe6453b-1107-412d-8ba5-823a043c403d,f90cf3ca-e2d0-4129-bc7a-e8a2b80880da,2024-03-07T10:16,2,41.64,Cash,Pending
c8103e3b-f624-4f44-b039-2e6e7afb8856,06e585f0-5b60-4900-81d1-3379328e6c17,2024-07-05T10:16,5,133.50,Cash,Cancelled
59c468c8-1d86-4751-86c9-bb06b16a63b2,983d66ae-c8b0-46b8-8abc-26a1055cf729,2024-12-19T10:16,5,147.80,Online,Pending
d299847d-abf9-4d0f-b033-027e8c5435b8,6945f6f4-b8f9-4d04-90ff-e59ed705578e,2023-11-20T10:16,3,48.39,Online,Cancelled
f2ca727a-34c4-4d20-a692-9a2df2acd20e,1eeb9c5f-5b7a-47af-b4f1-5a50d9d1089c,2024-11-25T10:16,9,56.34,Cash,Pending
a1200fd3-f42b-4d68-aeaf-af0e3314d6c9,7d2df59f-386d-4aec-85a8-2443262a0cb4,2024-09-29T10:16,2,30.48,Online,Completed
a9857324-5231-42cc-bbdd-534f3fc274f2,6bd388d4-5636-450b-bacd-55bdcb769bab,2024-09-20T10:16,7,87.71,Online,Completed
cb7a4fdd-c5a8-4ed8-a6da-7c7bc4a60da2,b03f75c1-655f-4480-a2bf-1a0af806e96e,2024-10-03T10:16,6,117.42,Online,Cancelled
9a82376c-7976-42ae-8169-475bc540dd43,52fbb114-83aa-432d-b2f1-f3e37a5c4754,2024-11-03T10:16,7,187.81,Cash,Pending
769bda68-936b-4191-9430-fb8907eea383,bb6ceda0-3f7a-4dfa-9862-41a88dd468b2,2024-06-02T10:16,1,23.21,Cash,Cancelled
ec7d7031-a47e-4743-8508-48b2e0cea8c8,f543de06-e341-4de2-95ab-ca0fd3ee51fe,2024-07-13T10:16,1,10.64,Card,Cancelled
1d73ecc0-b9c0-42c8-9624-4345bcae8e5a,b04ce307-2d1f-4214-b023-d8f4379041a1,2024-09-20T10:16,5,67.00,Cash,Cancelled
80b581b9-3154-4204-9867-a13c710bdfbc,5d6f84a5-a4de-442e-99b9-b8ef714b4436,2025-08-14T10:16,6,56.76,Card,Pending
32bbf613-991b-4864-819b-c717e632b18a,0a15d43b-8f6b-444a-bef2-ffbddfdbd16f,2024-05-23T10:16,3,65.37,Online,Pending
4ea8470b-c305-4416-aa24-173b8ef1a172,6e6d2c67-f7fb-4a98-8f9a-4822259b25c4,2025-02-12T10:16,4,74.72,Card,Completed
40b0057b-5c36-45e7-87f1-d837b532d853,62a2bfef-ca4a-4dec-90ea-bf15ea1880d2,2024-07-14T10:16,7,111.37,Online,Completed
b699cb92-c639-4c55-a369-290bb933382a,6c6a3b10-9747-4dca-a041-4edc22d147b0,2024-09-05T10:16,6,112.62,Cash,Pending
04004115-55ff-4db1-ba6c-0cae71f72b4e,983d66ae-c8b0-46b8-8abc-26a1055cf729,2024-08-06T10:16,3,18.06,Card,Pending
c5ca8c52-977b-4b84-a9aa-f5941488591f,2a109685-1399-4149-8951-fba29bb0360d,2025-01-25T10:16,7,118.37,Cash,Cancelled
a28e561e-f522-427e-b0cf-8f3bdc99face,0dd437d0-74fa-43c3-8909-5c955e4d47dd,2024-07-14T10:16,8,61.44,Card,Cancelled
826cc5d2-ecb2-4eb1-a193-7b16749fb189,1d32c3b3-c732-4995-aa6b-ff159deb3bdf,2025-02-10T10:16,2,19.32,Card,Completed
5ac52de8-171f-42d0-80ec-921da6959996,6e6d2c67-f7fb-4a98-8f9a-4822259b25c4,2024-01-13T10:16,1,22.04,Online,Pending
3e6a5dae-8e11-434e-86d3-890b03f84376,6bd388d4-5636-450b-bacd-55bdcb769bab,2024-02-27T10:16,8,104.40,Card,Pending
823818ab-878a-4450-82e2-98a4322bd97c,8887df7e-682b-4d48-b18c-c1ddfa0aaa26,2024-08-23T10:16,9,56.52,Cash,Cancelled
592a4084-e5b6-4113-a19b-07fa10eb11a8,5eb75bc0-d5fa-4209-9d42-7767f3f0585b,2024-10-17T10:16,8,230.24,Card,Completed
b1fd3acf-fc11-4619-ac1f-57fd0319587b,795088d7-d227-422e-ad8c-f048bde0675e,2023-11-24T10:16,2,46.12,Card,Completed
f5bdb597-bb50-4a8c-bfca-1607c4b403de,0e0d5f13-edd5-4ab0-9ddd-3df111bedc5a,2025-05-25T10:16,7,201.39,Online,Completed
0d8a2a62-fedc-422e-89a4-dc453b806d6d,bb9edfa8-17f7-4f6f-8e3b-616693a298b1,2024-04-01T10:16,1,26.60,Cash,Pending
3f1735d4-5fb2-4065-984d-f1c4e57c837b,d3f641e5-b8b5-4f5f-9155-7768df2033e8,2025-10-04T10:16,6,68.22,Online,Completed
0fc82064-8e31-4a8a-8ef2-7f4f9707afb1,d33bbfcd-a2ca-4e80-8a1c-65223f061e7e,2024-11-13T10:16,4,54.76,Cash,Pending
8d521800-2c47-4a3b-9c59-f4565bc8b157,f6c35464-33dd-44a7-bf84-071f2e427045,2025-04-14T10:16,8,173.36,Card,Completed
989d7684-d4a7-496a-976c-6a8ffcca54a6,ecf1ffb0-ac00-4968-87ea-8beef4ace55a,2025-09-25T10:16,5,105.25,Cash,Pending
d83c31e0-c227-4c01-ba07-8f7e7d34c6e9,c83bba2f-5229-4998-9566-1f3179b13e8a,2025-04-01T10:16,7,121.94,Card,Pending
98e8e6bf-6e30-4f4e-9044-7c5baa098a74,6aaabc79-3d35-410f-bb96-f86a3930d0ff,2024-03-26T10:16,1,9.63,Cash,Pending
e80d439a-9dd3-4e73-bf79-de66c1817211,8887df7e-682b-4d48-b18c-c1ddfa0aaa26,2025-06-27T10:16,9,77.76,Online,Cancelled
3c9c8924-de2a-42fe-a1b2-20de6c34906b,d6d4ef4b-0870-48aa-b884-013237f255f4,2024-12-28T10:16,7,37.17,Cash,Pending
c59ea5ee-4144-4273-b92a-0737222131d9,11526850-7335-463f-b740-a52a90457c3b,2023-12-10T10:16,2,33.48,Online,Completed
a69f5d37-3a4d-4a54-a0b3-a25013a52802,b0d737cd-ec4b-4a88-aa81-d012ef3fb719,2025-02-17T10:16,6,166.20,Online,Pending
afca18ac-066b-4bc6-9a04-097abef57f04,058b9c75-b72f-4594-80d2-e41194ff7672,2025-02-20T10:16,2,30.46,Card,Cancelled
0c87c32f-80f8-4f72-b9e6-c085c02a26ce,7d2df59f-386d-4aec-85a8-2443262a0cb4,2025-06-28T10:16,3,80.07,Online,Pending
f92a353b-537b-4e58-bf37-9735bf1fd01f,941529ef-2114-4bff-907a-4596ff4593a1,2024-11-02T10:16,5,105.95,Online,Cancelled
23898deb-6174-4581-aad2-478353a7f8e1,2c6dafc9-06cc-4b3d-8b8d-12aae0644c58,2024-05-07T10:16,8,124.80,Online,Completed
bfa45d9c-3f0c-4896-8a03-f460c728ad69,500fde18-ea61-4380-9ea4-f06d09985870,2023-11-24T10:16,8,184.40,Cash,Cancelled
68aef2fd-1f98-4f1e-b47f-656c1b103d68,3dcaabe3-78c9-4d88-bed5-56ca7ceea07c,2025-07-26T10:16,4,92.24,Online,Pending
2e4a0db0-7daf-498b-a40f-73a518e14ca9,7c991f43-c18b-4404-8826-97691b0dc00c,2024-05-11T10:16,1,7.08,Online,Completed
115feac5-51c1-403c-a420-baa5c37cd78f,428424b7-1f94-496a-8b7a-497ce177d32c,2024-11-18T10:16,7,171.22,Cash,Cancelled
c606f274-e213-4ab3-b95d-6f9c600a9e14,2ca088cd-c6c6-4e60-a1a4-d2990ee21b12,2025-08-28T10:16,8,213.52,Online,Completed
b61bbf16-7d8d-4ffe-a2e3-8870ea67c607,7509850a-5062-4da9-aad6-bc5b9e363ef1,2024-10-18T10:16,1,29.95,Cash,Completed
9f743e39-9ef4-402b-9e27-9c0a79aacf23,000f9c8f-2fc7-4346-844d-c04f10751265,2024-08-30T10:16,8,155.76,Online,Pending
eb923123-5260-402b-b97b-1ddea49f9660,401a6911-a31e-4892-adc1-56e3e1eb090a,2025-02-01T10:16,4,87.84,Card,Pending
d3390d7b-6b20-48cf-b95f-ba01dc79e4f6,65b2c0ea-6192-47fc-9286-2c1dd3ecefb1,2025-10-11T10:16,5,112.35,Cash,Pending
b82ef21f-4dd1-4e0f-bac3-002c46efa710,bb9edfa8-17f7-4f6f-8e3b-616693a298b1,2024-11-13T10:16,2,34.52,Card,Completed
373e11eb-3e61-426a-898b-f5ea99ce6922,428424b7-1f94-496a-8b7a-497ce177d32c,2024-09-20T10:16,6,106.62,Online,Completed
dbdb0480-600a-47a7-82d1-0274cea4156b,b6c26110-1b77-4777-8c79-c69ec19b66df,2025-03-30T10:16,6,52.08,Card,Pending
7fdde695-019b-4e65-9de3-4e2f79cc8ac1,bf0de251-90d7-423c-8b31-48df1a89964f,2024-07-25T10:16,7,162.89,Online,Pending
59133b6b-c735-4881-81df-89982f12184c,e38afcd9-9e08-47ba-bc92-5ebb4bc271eb,2024-11-18T10:16,1,13.28,Online,Completed
32f7cabc-6280-4f57-9a90-3588fc5ecd0a,0a15d43b-8f6b-444a-bef2-ffbddfdbd16f,2025-02-05T10:16,8,177.60,Cash,Completed
daae3fd5-7438-47b6-8328-4355638a6e03,941529ef-2114-4bff-907a-4596ff4593a1,2024-09-05T10:16,3,82.65,Online,Pending
18ecc20c-80c7-4c7c-9452-96191f4f0036,4bb2d776-14c0-4ef6-b8ba-c580cbed72b8,2025-03-19T10:16,7,39.06,Cash,Pending
