order_id,restaurant_id,order_date,items_count,total_price_usd,payment_type,status
18c59f2a-1b0c-4579-803e-100ef5f948fe,c46351bf-193f-49af-a5d6-456188837c3d,2024-03-25T10:16,6,91.14,Online,Pending
9dd3ec58-d5de-49f8-8f06-a1e1c6aec9c9,209e786b-2a61-4e52-a3b2-1cc98bcbf18c,2025-07-21T10:16,4,102.08,Online,Cancelled
1a43170a-74c2-40fb-82e0-e01f7726c03f,93cdeef1-3fc3-4a63-a275-0ae87ae6b335,2024-01-23T10:16,4,71.52,Online,Completed
0cfabeeb-f019-4b67-b56f-b400546387c4,aff4340c-d102-49ba-af8e-84d2737ce82c,2024-07-12T10:16,8,57.84,Card,Cancelled
3629a4e8-ca9d-477c-986c-0a257a6cf2c5,a938df5f-7764-459c-8bfd-90409d16b3c6,2024-08-28T10:16,1,13.73,Card,Pending
ecc8c699-fff7-434f-9942-218391e05763,0d463f72-c3a1-4a2b-8d0d-1721a0d1a06b,2024-06-15T10:16,7,166.46,Cash,Pending
06bc8b62-7a1f-4e61-828c-dd2bf02f0c9e,9fa382f0-8393-48db-ad30-43c953282401,2025-08-03T10:16,8,145.60,Card,Pending
9f7ca292-a08a-40a0-96ab-c4237088644c,2c6dafc9-06cc-4b3d-8b8d-12aae0644c58,2024-08-30T10:16,5,149.00,Online,Cancelled
57a35952-b9bb-43e0-a075-12948a5dc3c7,63846b60-b7be-4087-ac6e-56c9bc130a20,2025-08-26T10:16,1,11.63,Online,Pending
87053a68-f2d0-4d49-9544-247906692bdf,62a2bfef-ca4a-4dec-90ea-bf15ea1880d2,2024-08-14T10:16,5,139.75,Online,Pending
d27a050f-a492-4ad3-9775-894eac9f49f0,ba5d9947-b043-4aca-8ee0-6b77895cf8e8,2025-05-03T10:16,8,183.60,Online,Pending
82d3f4fc-cc0d-47e4-b84f-c1b9a1a62ea9,d87f31d7-79ef-4c17-856e-142e791b04da,2024-06-01T10:16,1,22.88,Card,Cancelled
ab5d297c-6f7f-474f-bb47-b1c3bc02e7ef,c1a09d60-c9e8-4489-a68e-e01b51541d33,2025-03-08T10:16,8,132.40,Card,Cancelled
564576f6-88c2-40e4-86e5-4ddb912b96b9,caca465c-e9f2-4add-91b5-24c70595e321,2024-12-07T10:16,2,48.66,Online,Completed
75268c72-67b3-4a87-aaca-ade642c07993,3befa4dc-d961-4a3a-9410-d43d1bdaa335,2023-11-28T10:16,5,29.80,Cash,Completed
4a06b644-344a-49af-a13b-5aee665deabd,aac35608-9499-49c5-811a-a059e773c968,2024-04-14T10:16,5,52.35,Cash,Pending
ab20f434-fdc3-4aff-a2ee-0f710da1fd33,5d6f84a5-a4de-442e-99b9-b8ef714b4436,2024-01-12T10:16,7,115.36,Online,Cancelled
2bc9a557-fbf3-4ca7-bba1-af2355f0877a,c5817fdc-a4dc-4879-b957-30cfda62016b,2023-12-28T10:16,4,81.56,Card,Completed
babf2a65-ceed-4a4a-bace-ef383757fad8,ceafdb2a-788d-48e0-acdd-bd533a2e7ab6,2025-07-21T10:16,8,64.48,Card,Cancelled
816f218f-16ab-43cd-a827-22a8480975be,6117b6f0-c4f4-4bf1-9eeb-f33950decba8,2025-02-06T10:16,7,205.38,Card,Pending
a85081e2-2265-46c2-b243-10e7d8b96b1c,f0a6a958-e434-41bf-a830-dffa55a34db5,2024-12-22T10:16,8,188.72,Card,Pending
3aed8fe3-69ee-4e67-8d9b-e4425a28d057,b014b56e-3263-4b63-8430-46e00bc5ea77,2023-12-27T10:16,5,35.40,Online,Cancelled
596bf958-d9e8-4fd4-8db3-e2c95b61bc49,0fcf4084-ea31-49f8-99f9-9bf8c8b0c16b,2024-01-13T10:16,1,26.97,Card,Pending
e872acaf-e5b2-4fb8-8f89-2e542e5b5dbf,bb6bf39c-f455-4e08-a59e-1bdaaa91d4aa,2024-03-25T10:16,8,131.92,Card,Completed
7cade814-7c5b-4884-aab4-252a4e93d963,6f61ca8e-51a1-48e0-abfa-88326e713e34,2024-02-21T10:16,4,115.12,Online,Cancelled
faab9f44-fcaf-42a0-9958-31e081443a82,aac35608-9499-49c5-811a-a059e773c968,2025-02-19T10:16,6,109.20,Cash,Pending
8637acff-f82f-49c6-9fa4-8a5efa759d01,92da274a-bea2-490a-bb52-196c46fa8487,2024-09-18T10:16,7,71.26,Cash,Cancelled
937b0798-e4a2-4f5c-a64a-6a79acacf25e,c83bba2f-5229-4998-9566-1f3179b13e8a,2025-02-19T10:16,2,33.36,Online,Pending
12493199-6599-40f3-afca-bc4c012b9534,0df3bae1-6384-4856-aa27-aef9f6c48b75,2023-11-27T10:16,2,19.36,Cash,Completed
84926724-74e7-420f-85b0-4bae0e460b4c,5f0f3def-9ff6-4282-ad04-001c4a769966,2024-06-02T10:16,1,19.50,Cash,Pending
995262fe-10b5-4462-b95f-8932e9108584,59827b2a-ae17-44b1-bd6f-6f08718559cb,2024-03-17T10:16,5,100.25,Card,Pending
72b35d48-2e80-4405-b596-478cd30fdd46,205ea7f7-e714-45b8-a083-11247ff702a1,2023-11-19T10:16,5,75.05,Online,Completed
f5827915-b4f0-4cf8-a039-ffb712254de6,74e76582-f1b8-4560-b049-8aebb59d4721,2024-06-05T10:16,5,96.45,Cash,Cancelled
468160e5-ff0f-4a33-b0d3-88d128d224aa,00d7ae70-0f46-4453-963c-4ab2a3d29314,2025-04-08T10:16,1,20.95,Cash,Completed
42670121-c6b4-4062-9533-2beed356b819,ec3490d2-e8da-47ee-ae12-0ca0b1d7a2bb,2025-01-23T10:16,5,73.55,Card,Pending
62384614-ccde-4a7a-adc0-b22773b68006,0b2a0e9a-e050-4380-b607-57adcbbf59d4,2024-08-07T10:16,4,91.52,Cash,Cancelled
704ae668-480d-4a06-a586-63ac381b05ca,b6c26110-1b77-4777-8c79-c69ec19b66df,2025-07-21T10:16,4,110.44,Cash,Pending
4f409d13-2c82-4bed-9831-5d1bfed79a68,a3f626b9-cc27-4c04-8570-be79ab8bda4a,2024-10-19T10:16,2,47.84,Card,Completed
5a867f02-f15e-4d32-9421-d52b7d974a05,bc58b12c-65c4-4f21-89ef-3e492a22ef7c,2023-12-28T10:16,9,52.11,Cash,Completed
9b8ebbf5-40c4-4f30-9995-727e63773bc5,68169a66-a8d4-4763-914e-7befc826445b,2025-06-15T10:16,7,43.40,Cash,Completed
f50b7d23-b526-4715-aa00-10333dc223bc,6e551d53-4f6d-4b84-a9de-3d7c79694805,2024-03-15T10:16,4,92.36,Card,Cancelled
972b891f-e552-49ab-9b0f-34448eb14945,935ebde1-5945-4673-886e-1a7a12cc2d4e,2024-06-25T10:16,3,29.01,Cash,Completed
8035b63c-e981-4647-a7f8-a0fce127c5cd,92da274a-bea2-490a-bb52-196c46fa8487,2024-05-22T10:16,3,27.21,Card,Completed
04a32681-a1f8-4bfc-8668-7e55253bdc94,8b546c63-5406-493d-bc69-cfb594b38267,2023-11-13T10:16,2,46.86,Online,Pending
07c2af02-4ee6-427f-b55e-422e22c67cc4,1d32c3b3-c732-4995-aa6b-ff159deb3bdf,2024-11-21T10:16,5,34.70,Online,Cancelled
62191518-14ed-4038-b329-a382f0cf4497,06e585f0-5b60-4900-81d1-3379328e6c17,2025-02-25T10:16,9,154.08,Online,Cancelled
c415df48-db53-4ed3-a72f-bbc752b28b6b,bb6bf39c-f455-4e08-a59e-1bdaaa91d4aa,2024-02-03T10:16,3,33.75,Cash,Cancelled
13910536-bddc-47c3-b1fc-4a9859a3c945,0fcf4084-ea31-49f8-99f9-9bf8c8b0c16b,2024-12-28T10:16,5,48.95,Card,Completed
515c7c36-92c4-4064-892a-2f8dd2309188,cd50913f-8c99-4253-9134-0cf5fe5f300f,2024-03-26T10:16,6,178.74,Card,Pending
a046a83b-0e02-434c-9358-cda2310e2b88,7509850a-5062-4da9-aad6-bc5b9e363ef1,2025-03-26T10:16,1,20.66,Online,Pending
1fe6a37a-b820-455d-a906-f47465069646,00d7ae70-0f46-4453-963c-4ab2a3d29314,2024-12-04T10:16,5,149.10,Cash,Completed
2045b55e-d329-4903-ba99-fd757553d435,1d32c3b3-c732-4995-aa6b-ff159deb3bdf,2025-01-31T10:16,1,20.20,Cash,Cancelled
06690678-3b2a-4596-9b36-6f0128ec6e86,0a0ac3e5-6e20-4fbc-87ec-5481c70e38bc,2024-08-04T10:16,2,27.08,Cash,Pending
25e3a69c-7ef2-44cd-81b5-9aee39b83850,bf0de251-90d7-423c-8b31-48df1a89964f,2024-08-12T10:16,2,30.58,Card,Pending
9b98b9ab-ade9-4342-9507-8f0b1f8602b0,9fa382f0-8393-48db-ad30-43c953282401,2024-02-25T10:16,3,74.94,Online,Pending
1545e5b3-65fb-45be-b2d8-a0e6a1a5ad99,8887df7e-682b-4d48-b18c-c1ddfa0aaa26,2025-06-14T10:16,4,95.40,Cash,Completed
474cb060-21ab-402a-a441-589f0e830e70,e7991221-0de0-4ef8-aa9c-ca3b59197059,2024-01-04T10:16,6,97.50,Online,Pending
9d2567d5-1a0c-4d0e-8834-0c056efe73ef,e277d099-db2a-4aee-ab86-8b0e73a34383,2024-10-07T10:16,7,195.37,Card,Cancelled
fcac47b4-f4c6-41da-b60f-a8d2995a611f,7c991f43-c18b-4404-8826-97691b0dc00c,2025-02-07T10:16,9,258.21,Card,Completed
0ff681f8-7ace-4c57-9d0d-214d664a2b66,365c90d0-a590-4209-9401-2ce55af5ed98,2024-09-05T10:16,9,55.44,Online,Completed
529cff12-015a-431e-8977-39a3b4be23ac,f90cf3ca-e2d0-4129-bc7a-e8a2b80880da,2025-05-15T10:16,4,115.48,Card,Pending
74b6f45e-c376-4ae0-bc7b-1e6fdf1d3f64,0dd437d0-74fa-43c3-8909-5c955e4d47dd,2025-01-02T10:16,6,176.64,Card,Cancelled
5c78f7c6-2c76-40b2-8e65-098e1beb3832,7169ef0c-f2c8-4ae3-83f6-87691664d2d2,2025-03-25T10:16,7,50.47,Cash,Cancelled
b66c1312-5bb2-417a-a5b2-804468e46fdf,d33bbfcd-a2ca-4e80-8a1c-65223f061e7e,2024-04-03T10:16,5,128.50,Online,Cancelled
fcad5578-c6e1-4eb6-8e00-4c2d91bc24bd,aac35608-9499-49c5-811a-a059e773c968,2025-09-26T10:16,8,52.72,Online,Cancelled
6b189424-dee0-46e2-9f2c-6217f27a07ce,d5cfb1a3-ce2f-4aff-ab4c-50e0c5426af1,2025-04-02T10:16,3,28.98,Card,Completed
f630a4da-3843-4dea-903b-5a867813891e,c3ffc43c-0c11-40fa-9824-f234161741d0,2024-09-13T10:16,9,174.60,Cash,Pending
f6cfec18-664d-448e-9315-4369b8181b74,aff4340c-d102-49ba-af8e-84d2737ce82c,2025-01-20T10:16,9,86.04,Card,Cancelled
a7cd4ea1-d726-4120-8917-301dbdb661d9,4717d2a3-4b2a-44f1-b960-a2b73e2d23fd,2025-05-17T10:16,3,35.25,Cash,Completed
85c60f22-e2c3-4292-b3fc-1baa19caffd7,b95f7619-fab2-4df9-8683-1f2aeb93a660,2024-08-19T10:16,7,126.63,Online,Pending
db456103-1d17-4055-939d-60486996d9ad,02c65c06-56ad-4670-b8e2-10ab417c7154,2024-10-05T10:16,7,56.56,Card,Pending
619203ab-9ee1-4eb9-9b35-000e7915692f,11526850-7335-463f-b740-a52a90457c3b,2024-05-29T10:16,8,165.36,Cash,Completed
9b606982-754d-4b8f-94b6-03fcaea54002,65b2c0ea-6192-47fc-9286-2c1dd3ecefb1,2024-10-29T10:16,7,124.11,Card,Cancelled
6f0b00f1-d082-44d7-a221-eef218f522bb,52fbb114-83aa-432d-b2f1-f3e37a5c4754,2024-11-22T10:16,7,79.24,Online,Pending
d78b9c6e-522e-43a4-8745-5550b5caa361,00d7ae70-0f46-4453-963c-4ab2a3d29314,2024-07-23T10:16,9,168.39,Online,Cancelled
4e621d47-0ecd-4b01-8677-38f55a1528b0,9c53f3f8-5b22-4d77-bd76-cfa6c70e443c,2025-09-17T10:16,4,89.28,Cash,Cancelled
0faa25a4-b8ed-4c41-810c-6b8b10147213,60cd80b6-3967-4dae-b4df-adc7b5644971,2025-09-22T10:16,8,239.84,Online,Completed
09cf01c7-4e7b-4b93-b9c1-7e8499f077ed,1eeb9c5f-5b7a-47af-b4f1-5a50d9d1089c,2025-07-24T10:16,4,87.16,Card,Cancelled
99051903-20b8-4d16-9f74-e13d49785e9c,e886c155-0dae-4b36-88f5-a86fa474d1f6,2024-02-16T10:16,4,110.84,Card,Cancelled
1db07215-4e57-4b25-b649-ff6e60290a04,964d337f-acd5-4ca2-8843-9be3f2eb60fc,2024-02-01T10:16,2,34.92,Online,Cancelled
0f023930-027c-4bc4-b618-e84b65c25eaa,27e45431-1333-4ffd-a0c8-be56ffdc5d4e,2025-10-20T10:16,8,48.88,Cash,Completed
ac24b242-8a5c-43d1-81f2-bb1f6b64796c,02c65c06-56ad-4670-b8e2-10ab417c7154,2025-05-23T10:16,5,107.75,Online,Cancelled
2d89a323-9b56-4c3c-83e1-1ba0dd1a86b3,a190f67b-21df-46bc-8164-46bdfa00af85,2024-02-09T10:16,7,79.24,Card,Completed
fe2af53d-29f0-4e22-b6ba-c3032b38d7d9,21edfc22-3f73-4335-a774-3cf78ab65e86,2024-04-14T10:16,8,142.56,Cash,Completed
1c12753f-a13f-47ae-b293-b6ad6aa31767,bb6bf39c-f455-4e08-a59e-1bdaaa91d4aa,2024-02-07T10:16,8,159.28,Card,Pending
93c241bc-6d43-46b7-b7f3-a95f34e7a664,c0d74d86-5c5b-481d-b8e3-61eeb9c77255,2025-02-28T10:16,7,46.27,Online,Pending
23dd54b4-9be7-4442-8007-7461cd2b583e,21edfc22-3f73-4335-a774-3cf78ab65e86,2024-01-09T10:16,4,40.32,Card,Pending
40f9c010-f247-4858-ad12-5237e65a6fe0,caca465c-e9f2-4add-91b5-24c70595e321,2024-08-22T10:16,7,124.46,Online,Completed
c5f384f6-e4bb-43cd-89d6-41ab9b72e458,6e551d53-4f6d-4b84-a9de-3d7c79694805,2024-12-07T10:16,8,172.72,Online,Pending
8dae1961-63dd-457a-9863-a16078c0a84b,9b9edd1e-b4f7-414c-b8b5-a3dc51fa0a8c,2024-07-22T10:16,4,102.16,Online,Cancelled
7d544f83-2050-4ffc-8517-857452f3508c,a5ffc907-be77-43e6-8694-4a0bf09bd3fb,2025-09-22T10:16,7,173.95,Online,Completed
c8169f8f-808c-4e42-8234-a224e1f4c338,d5eaf6a7-76cc-48ec-98d9-ba713e2df70f,2023-12-02T10:16,2,26.08,Card,Pending
f746f4a7-4fc6-4ba5-a2a8-d0ac9b055a52,428424b7-1f94-496a-8b7a-497ce177d32c,2024-06-20T10:16,3,73.05,Cash,Completed
9f541ad6-2846-46e7-8166-4bf0f736b0e5,1233cc27-7567-48e0-8dd2-6b0019506c2f,2024-02-21T10:16,5,111.10,Cash,Pending
7e8f77ce-c097-4cc9-bf3c-7f20a2b11a11,983d66ae-c8b0-46b8-8abc-26a1055cf729,2023-12-10T10:16,7,161.35,Card,Completed
1d3714e5-2981-42b3-aebb-cbab5e84b2a3,ebbc7df0-770d-44f8-b0ff-c62f9006e40e,2024-05-17T10:16,3,88.56,Card,Pending
d5e41777-922b-4cdc-a820-87aec33e4329,0b2a0e9a-e050-4380-b607-57adcbbf59d4,2023-11-27T10:16,9,219.51,Cash,Completed
45c5f7d4-c27f-4943-a1c0-9761c0f3bbd4,aac35608-9499-49c5-811a-a059e773c968,2025-05-28T10:16,7,105.70,Online,Cancelled
dce0d153-e582-4944-a1bf-99549f86d26d,6bd388d4-5636-450b-bacd-55bdcb769bab,2024-06-07T10:16,7,150.08,Online,Cancelled
5ba8c8bd-80cb-46d0-974b-631aa2004e3b,89d26a00-0fde-4c03-8430-b06f6bc3f33a,2024-03-17T10:16,6,171.24,Online,Completed
9fbea668-c4dc-4f2f-8648-1797bd748e90,5f0f3def-9ff6-4282-ad04-001c4a769966,2023-11-29T10:16,7,152.39,Cash,Cancelled
2c4ad236-ec03-480d-a227-48e3a256fe0a,a302a1a8-c429-406f-abff-9f273aa0a4b5,2025-06-24T10:16,8,111.52,Card,Completed
003c61cb-829b-4a4e-99b5-c3e6ee85ce42,02c65c06-56ad-4670-b8e2-10ab417c7154,2024-01-31T10:16,7,103.81,Card,Pending
4105b0c1-b7a7-4fae-aa94-e36c9a902a8c,4bb2d776-14c0-4ef6-b8ba-c580cbed72b8,2025-09-25T10:16,2,40.34,Cash,Completed
2b159c41-0a73-4d3f-98dc-2872694427fe,500fde18-ea61-4380-9ea4-f06d09985870,2024-11-21T10:16,5,141.65,Cash,Cancelled
9acbc97c-548d-41db-bffe-f18fa267605a,21edfc22-3f73-4335-a774-3cf78ab65e86,2025-01-14T10:16,8,150.48,Card,Pending
bf8eba12-ea52-47ad-94fa-18c3e447c4e1,bb6ceda0-3f7a-4dfa-9862-41a88dd468b2,2025-08-12T10:16,4,96.76,Cash,Pending
4db0fa9e-2477-4968-8681-4cc427043977,5d6f84a5-a4de-442e-99b9-b8ef714b4436,2023-12-18T10:16,8,185.36,Card,Completed
cc1495b8-c935-445f-903a-98859db41505,00d7ae70-0f46-4453-963c-4ab2a3d29314,2025-04-28T10:16,2,38.18,Card,Completed
1379d7c1-c088-435b-9cac-ec28a52267e2,e277d099-db2a-4aee-ab86-8b0e73a34383,2025-06-25T10:16,3,52.71,Online,Pending
fc20b578-7c7e-4ddc-a5b7-d6b0817788ed,9fa382f0-8393-48db-ad30-43c953282401,2025-03-09T10:16,1,27.08,Online,Completed
8e26c173-6bdd-4be8-8931-58fb693e8dae,00d7ae70-0f46-4453-963c-4ab2a3d29314,2024-05-20T10:16,7,154.77,Online,Cancelled
b19013f0-9f6f-442a-9efa-9898bba5e83b,935ebde1-5945-4673-886e-1a7a12cc2d4e,2025-03-28T10:16,8,204.16,Online,Cancelled
62aadd0f-37fb-479a-86a9-0836bc45b384,b03f75c1-655f-4480-a2bf-1a0af806e96e,2025-04-15T10:16,4,65.92,Card,Pending
0710828f-12ed-4089-8559-b17c9b3d18b4,11526850-7335-463f-b740-a52a90457c3b,2025-04-22T10:16,8,173.20,Card,Completed
6d7239ac-10ac-4b1c-9ef8-ce4928fca79f,e6e1db85-f8ba-4264-9c9a-520ecda4bc4c,2024-01-16T10:16,8,221.04,Card,Pending
36ad5d65-23c3-4410-b1d5-9358481d22c3,b03f75c1-655f-4480-a2bf-1a0af806e96e,2024-06-12T10:16,7,74.55,Cash,Pending
ae9c87b7-a21b-41c9-8c9d-159bef859339,050d9901-1cb5-413a-9c31-282028f863c1,2024-02-08T10:16,4,41.20,Cash,Completed
b9cc2fb0-e321-4b1d-983d-ec02292d0186,964d337f-acd5-4ca2-8843-9be3f2eb60fc,2025-07-23T10:16,8,102.56,Cash,Pending
e53d7600-19cb-498c-aadc-581550bc008e,73a2b03c-2dca-486e-8ebc-c4d6bb68a8c6,2025-02-27T10:16,3,21.72,Online,Completed
7a66c10e-a321-45c8-9564-c87a0009524b,bb9edfa8-17f7-4f6f-8e3b-616693a298b1,2025-03-17T10:16,3,68.04,Online,Completed
3cac9761-7678-4249-af2f-e3337c6f1d0c,62a2bfef-ca4a-4dec-90ea-bf15ea1880d2,2025-01-25T10:16,6,130.74,Online,Cancelled
2ba478a9-ba68-4339-8f38-f0c981ec8626,9c53f3f8-5b22-4d77-bd76-cfa6c70e443c,2025-06-15T10:16,8,76.48,Cash,Pending
d80067b5-b0a6-4695-b6be-b1e9db40e80b,1233cc27-7567-48e0-8dd2-6b0019506c2f,2025-09-03T10:16,8,177.28,Online,Completed
d0f520e2-17d3-464b-ad9d-421aca662b4c,ebe19120-496a-47fa-87eb-2440212a3363,2024-03-01T10:16,7,48.37,Card,Pending
c984b282-ccac-4598-a405-986b6aed8e58,365c90d0-a590-4209-9401-2ce55af5ed98,2024-06-26T10:16,1,16.40,Online,Pending
2dc7bbe7-fdc7-4da4-bd4b-b10d327fd4f9,103fcba5-5588-45a5-9fe0-6ac948d3860e,2025-04-13T10:16,9,239.22,Card,Pending
02ce455f-d93e-456d-b218-e3120b379070,7a2e5fa5-096b-4701-8ce6-7a3db39bf8eb,2024-02-08T10:16,5,84.50,Online,Completed
680019a1-e5e2-41dc-a4de-b9b0dac67a3e,14eace30-1ac2-411e-8eef-98e8f32a87fb,2024-05-11T10:16,2,55.86,Cash,Completed
50aa25f5-5833-4bc9-9813-3186e4e7c026,c63bd277-c81c-40c5-8720-6ce916d653c4,2025-08-02T10:16,4,117.04,Cash,Pending
ddaa75d2-9469-4c4f-9e90-0fd06f459114,0fcf4084-ea31-49f8-99f9-9bf8c8b0c16b,2025-11-06T10:16,5,46.90,Card,Cancelled
8082fee4-e7f6-4296-aa17-afcae80b4679,103fcba5-5588-45a5-9fe0-6ac948d3860e,2025-10-18T10:16,1,24.99,Card,Pending
d6195d47-7041-414b-9d00-0541070c3d3b,dcfb3d05-846d-4915-99f3-ebbc7559d972,2024-10-16T10:16,8,73.68,Cash,Cancelled
9a25b3a7-4461-4005-b1a0-4def5643b0dc,ff4db0d8-e809-46e8-9ae0-78ffee4902d9,2024-11-24T10:16,5,110.75,Online,Pending
69663cdb-8648-4dcd-a5c4-aa07854c95a4,63846b60-b7be-4087-ac6e-56c9bc130a20,2024-04-25T10:16,4,107.52,Card,Cancelled
dc6a3814-a161-46af-b4f6-546d81da66bf,69446e90-4237-4410-ab55-e011eb04cce0,2024-05-08T10:16,8,98.48,Cash,Cancelled
f69a9a55-4893-45f5-8678-b40585ab16bc,aac35608-9499-49c5-811a-a059e773c968,2025-09-05T10:16,8,153.60,Card,Pending
bc06793f-0574-4aa2-b7b8-ada086ea5809,1a48aa9a-def3-481d-922a-94300aa97309,2025-01-06T10:16,6,162.12,Card,Pending
45d83e12-68cb-4450-8794-112d9f05e9a1,0b2a0e9a-e050-4380-b607-57adcbbf59d4,2023-11-25T10:16,1,23.15,Cash,Completed
a7267db6-a6c1-4656-96e8-0f81a140589e,99c406e7-092b-4eeb-bc08-56fc041c253d,2025-01-28T10:16,5,137.35,Cash,Pending
485868ae-0508-44fd-9cb0-d260f4d49793,0e0d5f13-edd5-4ab0-9ddd-3df111bedc5a,2025-11-01T10:16,2,50.18,Card,Pending
78e8ffc4-6cc7-4c8e-8c3b-59b56cb9e497,e277d099-db2a-4aee-ab86-8b0e73a34383,2024-10-17T10:16,6,91.92,Cash,Completed
cf9c3c1c-e836-4662-9d2d-e0e49631d69c,6c6a3b10-9747-4dca-a041-4edc22d147b0,2025-01-07T10:16,7,37.94,Cash,Cancelled
6301e204-87e3-4209-836e-d2fa1ccec16b,4bb2d776-14c0-4ef6-b8ba-c580cbed72b8,2025-06-28T10:16,6,165.18,Online,Pending
5ac8c101-43c6-4090-9402-8b08f02e3f98,a5ffc907-be77-43e6-8694-4a0bf09bd3fb,2025-06-08T10:16,2,52.84,Online,Pending
6fa52eb2-9a01-453b-ac2e-8ed2a8457bcb,caca465c-e9f2-4add-91b5-24c70595e321,2024-03-18T10:16,5,124.80,Card,Pending
ecd0563b-ebdd-4d47-9277-c83ba2884da9,ef7fad1f-a86f-4ee1-95b4-ce1f339f0fa5,2025-10-10T10:16,8,156.80,Card,Pending
ad8add64-5b2f-458a-b747-aa7e7b938647,9b9edd1e-b4f7-414c-b8b5-a3dc51fa0a8c,2025-01-22T10:16,3,19.62,Online,Pending
86f2e188-95a1-4705-a0a9-05a811f8e10d,8887df7e-682b-4d48-b18c-c1ddfa0aaa26,2025-06-12T10:16,3,25.38,Cash,Completed
3cab4f9d-5e02-4388-9ac1-575eeb73478f,74e76582-f1b8-4560-b049-8aebb59d4721,2024-01-04T10:16,9,58.68,Cash,Completed
48cd6514-f786-45d2-8b90-5768ea1c3f87,ebbc7df0-770d-44f8-b0ff-c62f9006e40e,2025-05-07T10:16,7,65.87,Card,Cancelled
beb8efed-d282-451c-9383-6427736fb70f,5eb75bc0-d5fa-4209-9d42-7767f3f0585b,2024-11-25T10:16,3,29.25,Cash,Cancelled
0d191eb0-4a60-4c3c-b096-568aaa335b86,d5eaf6a7-76cc-48ec-98d9-ba713e2df70f,2024-09-10T10:16,5,95.30,Card,Completed
fca25e5c-0790-44bb-8d8c-b0f14078cf83,cb8747c7-32ca-4b6b-868d-13ab01d953ec,2025-05-13T10:16,7,100.38,Cash,Cancelled
1787c21e-5641-432c-ac05-80303452b0e8,53db1213-7316-47bb-9099-c1def0e3c96b,2024-11-29T10:16,4,84.60,Card,Pending
31511ca9-d23f-498b-b332-e38aba71fc08,4b14a58c-f1e4-40b6-888d-a88cd7055099,2024-06-11T10:16,1,13.07,Card,Cancelled
655dd664-307a-4ee4-9754-eb3efdd1b341,06e585f0-5b60-4900-81d1-3379328e6c17,2023-12-15T10:16,6,116.34,Card,Completed
ddac650e-d889-4970-a253-89d76dda3dec,56a75a3e-a944-4147-8cba-f1024726993f,2025-07-01T10:16,3,34.74,Online,Completed
6dad680b-4137-42d1-8a77-74da9b3bfc93,205ea7f7-e714-45b8-a083-11247ff702a1,2024-05-24T10:16,3,82.32,Card,Cancelled
8f5bc443-94bc-4d9b-bdad-06aea1aba226,0d463f72-c3a1-4a2b-8d0d-1721a0d1a06b,2025-08-16T10:16,2,44.06,Online,Cancelled
51a97a46-4f61-4a6c-a811-1fb6c1d9a9e0,4bb2d776-14c0-4ef6-b8ba-c580cbed72b8,2024-06-03T10:16,7,60.13,Cash,Cancelled
086bbe17-6e64-4830-8fa9-a3451ff17242,69446e90-4237-4410-ab55-e011eb04cce0,2024-07-19T10:16,8,71.12,Cash,Cancelled
942a3194-d1f1-4da5-9dab-02ef04f08821,6b1178fc-1745-401d-88da-3903c243ebe9,2024-12-28T10:16,9,237.06,Online,Completed
6e824e2c-ca34-48bf-9550-5aa0b817c5fa,53db1213-7316-47bb-9099-c1def0e3c96b,2025-04-12T10:16,3,83.01,Card,Pending
1c249d98-e587-4f14-b3cc-b89a2f8ccbdd,a302a1a8-c429-406f-abff-9f273aa0a4b5,2024-06-04T10:16,8,42.40,Cash,Cancelled
c7aca659-df16-4846-823b-42820da74748,1a48aa9a-def3-481d-922a-94300aa97309,2024-09-30T10:16,4,106.76,Card,Completed
cfabd7e7-0fa4-4035-aa2e-073e070c1a17,d6d4ef4b-0870-48aa-b884-013237f255f4,2024-03-29T10:16,2,32.48,Cash,Cancelled
f2ca6e9b-1c7c-4676-8246-cdae8a0aa5ed,fdb5454e-2230-489e-ade4-9218ff28cbd8,2024-11-30T10:16,1,9.64,Card,Cancelled
19910818-21a1-4fbe-929f-28c846d3698c,80537cf2-360f-4740-8b7e-d4cd56e22987,2024-11-03T10:16,1,27.46,Cash,Pending
33f4618d-c310-4ae8-9cd4-3b346af8f38a,80537cf2-360f-4740-8b7e-d4cd56e22987,2025-01-18T10:16,9,178.20,Cash,Completed
cabf135c-d64f-427e-a249-205b02f7e996,8626238e-5813-415a-9a8c-db944b1e0269,2025-10-23T10:16,7,47.60,Cash,Completed
843fe5b8-48e4-46f2-bddf-1abfad440e1c,9b9edd1e-b4f7-414c-b8b5-a3dc51fa0a8c,2023-11-20T10:16,7,119.21,Cash,Completed
13703baf-b98c-489c-8b21-ba08a29238fd,0d463f72-c3a1-4a2b-8d0d-1721a0d1a06b,2024-12-20T10:16,1,7.80,Cash,Cancelled
36135abf-344f-49e9-ab6e-fc3ac765ad64,fe624323-ba72-456d-9842-ed9e0edc75df,2024-12-16T10:16,4,44.80,Online,Pending
9311da09-093c-4213-9e6a-7dabdb2231e4,0a5a9fc7-e126-48f0-99aa-dea85c606f66,2024-04-06T10:16,3,87.18,Card,Completed
74eb06e2-befb-42b9-9cc1-aa6e3fb2e91e,1233cc27-7567-48e0-8dd2-6b0019506c2f,2024-09-27T10:16,7,140.28,Online,Cancelled
a05eb6fc-ff81-475a-a0ee-f4f75c21ef02,fdb5454e-2230-489e-ade4-9218ff28cbd8,2024-02-22T10:16,3,17.73,Cash,Completed
4883c69f-d792-40ab-b85e-0d13781f179c,2ca088cd-c6c6-4e60-a1a4-d2990ee21b12,2024-05-31T10:16,5,59.50,Cash,Cancelled
81d17694-e70c-470a-a93d-5a157ab6bc1f,90f0db1e-2b19-43f7-ba17-233c7c214eca,2025-03-24T10:16,9,110.25,Card,Pending
e366286c-e624-4c1e-af94-0bb26039da92,b3688304-b24b-416a-9bf4-c2b6aaeb59d3,2025-05-18T10:16,3,45.18,Cash,Pending
8dee1ca1-1784-4e84-8832-137cbbda1bc1,bfa3444b-2be9-46be-b944-720d86a59770,2025-04-14T10:16,4,95.76,Online,Completed
87403f65-9d08-47c4-b103-5c03a7024f64,205ea7f7-e714-45b8-a083-11247ff702a1,2024-10-26T10:16,2,12.92,Cash,Pending
8ba6ff94-576b-4098-af9f-6110ed14886f,fe624323-ba72-456d-9842-ed9e0edc75df,2025-07-30T10:16,5,91.55,Online,Pending
d1f35012-3249-4d84-bcac-52973e8883d6,e38afcd9-9e08-47ba-bc92-5ebb4bc271eb,2025-02-14T10:16,7,112.49,Cash,Completed
d90559db-8ad3-4533-9b4f-8b00044685f2,93cdeef1-3fc3-4a63-a275-0ae87ae6b335,2023-11-14T10:16,7,87.29,Cash,Pending
9900d135-d0fc-4176-8b68-5de260cdd664,d7af10ce-45c9-4fc8-8dd8-b1c5491aad5f,2025-08-08T10:16,8,214.88,Cash,Pending
770bdd9a-fe4d-4897-befe-eb6c44094a27,60cd80b6-3967-4dae-b4df-adc7b5644971,2025-04-24T10:16,3,79.17,Cash,Completed
72103a55-bb6f-47c7-b00b-40e9aead2e14,ebe19120-496a-47fa-87eb-2440212a3363,2024-09-01T10:16,1,18.41,Cash,Completed
89db41fb-d5da-4c1f-bece-d56345691964,9b9edd1e-b4f7-414c-b8b5-a3dc51fa0a8c,2024-10-06T10:16,3,60.12,Cash,Completed
f8ee5bd3-5772-40c9-a921-bac72e6d8b29,39cb44e2-a541-4b98-bc0b-db5f31cf8710,2025-04-03T10:16,6,76.68,Card,Completed
917c9821-2803-4b98-b0ae-69b07752b6b9,1233cc27-7567-48e0-8dd2-6b0019506c2f,2024-08-15T10:16,9,208.08,Card,Cancelled
f8d97819-dd46-490d-aba5-b2284bf672ef,ebbc7df0-770d-44f8-b0ff-c62f9006e40e,2024-12-21T10:16,1,9.05,Cash,Cancelled
994b4d0a-c56c-4a71-99ea-a126f46d872e,7d2df59f-386d-4aec-85a8-2443262a0cb4,2024-02-14T10:16,6,154.98,Card,Completed
0ae0f079-9b3d-47ae-a257-d75b4b77e4b2,6c6a3b10-9747-4dca-a041-4edc22d147b0,2024-06-14T10:16,6,88.62,Card,Completed
2feb0696-8d4c-4f76-9353-c3b6b30bd19e,0df3bae1-6384-4856-aa27-aef9f6c48b75,2025-03-23T10:16,1,15.87,Card,Cancelled
98612c92-a588-4455-93fd-97c44ebec9bc,71f17b36-2c37-4cfa-bf8a-894fa94c0e9b,2024-08-30T10:16,4,101.04,Online,Pending
fa8ed258-6b44-4be5-9de7-2c59c2f974b2,964d337f-acd5-4ca2-8843-9be3f2eb60fc,2024-09-10T10:16,4,51.76,Online,Cancelled
d44a6083-4b10-4e14-b0b7-abb8642898de,8f7f530b-bb30-4a05-b437-744ed30af54f,2025-01-07T10:16,5,107.65,Card,Pending
598f5f2d-bea8-4017-93c9-81fa215695af,5d6f84a5-a4de-442e-99b9-b8ef714b4436,2025-05-18T10:16,5,93.15,Cash,Pending
7db41ec3-0f1c-434c-890d-29cbbb0f0b5f,e85d0261-2d97-4475-a749-363ec9040a74,2024-11-08T10:16,2,23.16,Online,Cancelled
cc1a7d71-53b1-4f9d-b9c0-06d8ecb33b92,8b115a34-224b-453c-be69-b53a7445b466,2025-04-11T10:16,7,121.10,Card,Cancelled
e439b922-476d-4ce8-9cb9-cdb0582f3562,52c87fd9-fdf0-4256-b929-6153ad24a0ac,2025-05-16T10:16,6,89.88,Online,Pending
00b2c4d3-5403-43c4-a10a-25c692d04066,ceafdb2a-788d-48e0-acdd-bd533a2e7ab6,2024-09-23T10:16,1,28.01,Card,Pending
55bcddea-c8c7-4d6f-995f-f1aee71a3f3f,0fcf4084-ea31-49f8-99f9-9bf8c8b0c16b,2024-04-24T10:16,1,10.02,Card,Cancelled
43bbc58c-8bb6-44f1-87b2-e0e64b4c6f67,885715b6-b1eb-44ca-8460-28c0343e56f3,2025-06-17T10:16,7,142.73,Cash,Completed
99b499c7-4484-4208-b6bd-c5dd888a95a5,ebbc7df0-770d-44f8-b0ff-c62f9006e40e,2025-01-21T10:16,8,230.24,Online,Completed
15de155e-ece1-4bbd-9dd2-17de0eeec16d,fdb5454e-2230-489e-ade4-9218ff28cbd8,2025-06-15T10:16,5,111.90,Card,Cancelled
2d9fd92c-58f2-49a8-8bfd-e926625fcb7c,ecf1ffb0-ac00-4968-87ea-8beef4ace55a,2025-09-16T10:16,4,81.56,Online,Cancelled
bf98b859-566e-4e17-a003-f759b57ca917,9fa382f0-8393-48db-ad30-43c953282401,2024-12-24T10:16,1,17.51,Card,Completed
f7226a7b-b80c-462a-a87c-1b09de5d79f3,209e786b-2a61-4e52-a3b2-1cc98bcbf18c,2025-02-12T10:16,6,112.74,Online,Pending
0bfbfff7-f350-49a6-b42d-7f05d055302d,935ebde1-5945-4673-886e-1a7a12cc2d4e,2025-07-07T10:16,7,157.22,Card,Cancelled
c47a4571-ac78-401c-baaf-c297688d9584,8b546c63-5406-493d-bc69-cfb594b38267,2025-01-15T10:16,4,58.80,Cash,Pending
422fbf44-b340-4c4d-b464-8ed5c463aca8,11526850-7335-463f-b740-a52a90457c3b,2025-03-18T10:16,6,94.98,Cash,Pending
4e40b24f-a765-4c50-8c69-2b05a50795df,7a18d550-38d0-40b2-84a7-547162e7e409,2025-03-18T10:16,3,52.89,Cash,Cancelled
02ee8389-09ec-4c45-a5bc-d04b39fd4c5a,39cb44e2-a541-4b98-bc0b-db5f31cf8710,2024-05-13T10:16,5,116.10,Card,Cancelled
0b2b8f78-31b9-4330-b972-07915ec1d4a1,53db1213-7316-47bb-9099-c1def0e3c96b,2024-06-10T10:16,7,78.61,Online,Pending
e52b65f2-86bb-4ca4-a8e8-1f1894552622,103fcba5-5588-45a5-9fe0-6ac948d3860e,2025-09-20T10:16,9,172.98,Cash,Cancelled
8b2da489-ea47-4f1d-a1e9-b5e9801df848,74e76582-f1b8-4560-b049-8aebb59d4721,2025-07-16T10:16,3,20.46,Online,Completed
8f7ea5d1-4b7f-40a7-9b9e-885998c5d087,b047b369-02d0-4f25-9af0-f1e883228863,2025-02-09T10:16,9,134.73,Online,Completed
029d8e7e-82e8-4dd5-bc08-470063c279b2,cb8747c7-32ca-4b6b-868d-13ab01d953ec,2025-07-21T10:16,7,171.57,Cash,Pending
29655fe3-93e7-4022-a6c8-437bfa939fcc,3e97fc93-73a7-45e0-9888-f7a03ee258a7,2024-03-29T10:16,3,81.48,Card,Cancelled
cca68d2a-b2af-45e0-b857-5c8b5ae407c2,b90a3a7f-421e-47e5-8598-fe50f365a62e,2024-02-25T10:16,7,84.42,Card,Cancelled
cc2c9d05-0e2a-4fe1-9ba5-8fe16cf1578b,59827b2a-ae17-44b1-bd6f-6f08718559cb,2025-11-08T10:16,3,65.28,Card,Cancelled
c145716a-dda4-4a8d-a7e0-402a2a76e87a,058b9c75-b72f-4594-80d2-e41194ff7672,2024-02-03T10:16,9,103.14,Card,Completed
81cfb611-f81f-4f27-a756-12384bae923d,52fbb114-83aa-432d-b2f1-f3e37a5c4754,2025-07-25T10:16,6,30.72,Online,Cancelled
8e191e95-2c2f-4841-a2d6-cf9061979309,6c3bf618-a715-40f9-9faa-cfc5f5beef2f,2025-04-24T10:16,8,52.56,Online,Pending
ac937f12-8028-4ad6-94af-6657599e9ae9,2c6dafc9-06cc-4b3d-8b8d-12aae0644c58,2025-04-08T10:16,4,82.44,Card,Completed
6efb3fd1-8925-4161-a5a8-0eabb439b522,2a109685-1399-4149-8951-fba29bb0360d,2024-03-15T10:16,7,47.60,Cash,Cancelled
4ee43b64-e5b2-4ff5-8777-65329e8e097b,953417c6-cd52-45e9-9ca0-bb450653c934,2025-05-21T10:16,3,58.50,Online,Completed
e66ead14-31a4-471a-bbb1-de115b4d8dc1,c46351bf-193f-49af-a5d6-456188837c3d,2025-07-19T10:16,4,105.96,Card,Cancelled
c079f885-d1f5-4c9e-94f6-0b509f09b3ff,c1a09d60-c9e8-4489-a68e-e01b51541d33,2024-01-24T10:16,3,63.45,Online,Cancelled
5bb01f3f-3051-4a5e-b184-719b062dd8f2,6e6d2c67-f7fb-4a98-8f9a-4822259b25c4,2024-04-02T10:16,5,57.05,Cash,Completed
5393a00f-cfb7-4ccb-9e66-22d4bdb51cb9,ec3490d2-e8da-47ee-ae12-0ca0b1d7a2bb,2024-02-05T10:16,9,87.75,Cash,Completed
e084804d-b44b-470b-8260-bf55bf00cc3b,d6d4ef4b-0870-48aa-b884-013237f255f4,2023-11-22T10:16,1,11.77,Online,Cancelled
4931a62e-4082-489f-a865-bd19cac718ae,6c3bf618-a715-40f9-9faa-cfc5f5beef2f,2025-07-11T10:16,9,58.77,Cash,Completed
ac446e95-e1bb-4f5a-8396-eb5908dff85f,6aaabc79-3d35-410f-bb96-f86a3930d0ff,2024-07-15T10:16,3,84.24,Cash,Cancelled
afba253d-bfab-4913-9d81-ff65f719a405,6e6d2c67-f7fb-4a98-8f9a-4822259b25c4,2025-05-16T10:16,2,47.66,Card,Cancelled
082aa37b-37a9-4533-907d-4bc9c9ae90f0,e119f98a-df63-41dc-8e01-bb49ca2dc724,2024-08-22T10:16,4,47.56,Cash,Pending
d7285d22-bee1-488b-a5d8-9d1ee6335302,e6cb1215-5314-4d05-bfd1-f6e5d36e89f7,2025-08-24T10:16,5,50.50,Card,Completed
ca63c675-1cac-4e45-b870-950e0d2283b2,6c6a3b10-9747-4dca-a041-4edc22d147b0,2024-04-21T10:16,1,7.55,Cash,Pending
130d205c-5d4c-4b32-9bd6-948414aafd48,4b14a58c-f1e4-40b6-888d-a88cd7055099,2024-04-14T10:16,3,86.40,Cash,Completed
a95079a7-6755-41f6-adcf-baeb6fa7e755,9fa382f0-8393-48db-ad30-43c953282401,2025-10-23T10:16,2,38.20,Card,Completed
45ed1c83-4478-4417-8a06-953454c8632d,6aaabc79-3d35-410f-bb96-f86a3930d0ff,2024-01-07T10:16,6,168.48,Online,Pending
2fdb94f9-f631-43eb-9b20-0fba04462f1b,000f9c8f-2fc7-4346-844d-c04f10751265,2025-02-27T10:16,2,46.84,Card,Cancelled
edc383fc-3d46-4d48-bb91-b1e0c53bc37b,aac35608-9499-49c5-811a-a059e773c968,2025-03-06T10:16,2,31.54,Online,Pending
f1d43f3a-1bca-40e5-a756-6213bc547973,a3f626b9-cc27-4c04-8570-be79ab8bda4a,2025-09-05T10:16,2,13.84,Cash,Pending
04c16b04-7815-4f2d-ae15-1c786a51a8be,e6e1db85-f8ba-4264-9c9a-520ecda4bc4c,2024-04-18T10:16,4,38.80,Online,Cancelled
06314e0c-1d2e-4763-9a4c-4d19c26817e9,caad7924-4bc5-4f85-9662-11ca261e3c87,2024-09-04T10:16,7,100.52,Cash,Completed
723a6c84-f2a3-4d52-89c1-b1f87e477c85,7a18d550-38d0-40b2-84a7-547162e7e409,2024-02-10T10:16,1,26.72,Card,Pending
b4ef4bda-3c45-49b9-addc-788d4300d231,3e97fc93-73a7-45e0-9888-f7a03ee258a7,2024-04-29T10:16,7,135.94,Card,Cancelled
251d7fca-ca04-43bd-a035-a81ed8a68444,27e45431-1333-4ffd-a0c8-be56ffdc5d4e,2025-02-12T10:16,2,49.78,Cash,Completed
79219905-0824-40dd-afec-6b1443676366,60cd80b6-3967-4dae-b4df-adc7b5644971,2024-05-22T10:16,6,160.68,Online,Pending
239218fa-4d3d-467a-8054-7cf45dda7f3c,910b1d47-5c37-48b1-8bde-96c60660f1d7,2024-03-22T10:16,5,63.90,Card,Pending
5e51b938-9a24-45ee-a88d-6b46d9f835f3,e6e1db85-f8ba-4264-9c9a-520ecda4bc4c,2024-04-24T10:16,5,73.35,Cash,Pending
b68487c6-5565-47e9-884a-693416a9c532,365c90d0-a590-4209-9401-2ce55af5ed98,2025-06-21T10:16,7,92.40,Cash,Cancelled
d47e636b-fec4-4d7a-b59b-10c6afaecca4,53db1213-7316-47bb-9099-c1def0e3c96b,2025-11-02T10:16,7,85.54,Online,Pending
8017b3c0-0873-4b2d-87b5-2c906874a1f5,25659c0e-6eb5-4c57-add8-fb6ac5f42699,2025-07-12T10:16,4,58.52,Online,Completed
11cab56b-7e7b-4545-9bcd-023302953e43,27e45431-1333-4ffd-a0c8-be56ffdc5d4e,2024-07-23T10:16,4,23.08,Online,Cancelled
a739745b-125f-4ab5-9336-e892361b22bd,7c991f43-c18b-4404-8826-97691b0dc00c,2025-04-04T10:16,8,170.88,Cash,Completed
d0650947-f128-4a27-9668-62f4aba51d97,0d463f72-c3a1-4a2b-8d0d-1721a0d1a06b,2024-07-22T10:16,7,202.30,Cash,Pending
6e49b22a-289d-4a24-9082-77cb5dfba493,1d32c3b3-c732-4995-aa6b-ff159deb3bdf,2025-03-31T10:16,5,89.60,Online,Cancelled
fecb75fc-0d52-475d-9f42-d9de2219f79a,ceafdb2a-788d-48e0-acdd-bd533a2e7ab6,2025-06-06T10:16,8,155.28,Cash,Cancelled
1eab74ed-e1c6-47fd-9d14-985f64bd84a0,500fde18-ea61-4380-9ea4-f06d09985870,2024-08-24T10:16,9,66.24,Cash,Pending
977c86e6-10db-493b-9141-a63369a68c6d,d33bbfcd-a2ca-4e80-8a1c-65223f061e7e,2024-08-16T10:16,4,63.56,Online,Cancelled
8ea072de-a051-4d96-996d-ae982cb258a2,aff4340c-d102-49ba-af8e-84d2737ce82c,2024-02-22T10:16,1,25.41,Card,Pending
96b37fa2-c630-4f6d-bcfc-3a6dd919694a,aff4340c-d102-49ba-af8e-84d2737ce82c,2024-06-06T10:16,6,168.90,Online,Pending
ee157a8e-eb04-4348-a7fa-47da5795204e,09ba4183-1b94-4f8c-bc5f-eca421a88524,2023-12-24T10:16,5,44.90,Online,Cancelled
3a34398c-8bf7-4d0a-94b6-541178e260df,bb6ceda0-3f7a-4dfa-9862-41a88dd468b2,2025-01-04T10:16,2,23.84,Cash,Pending
852122c4-5304-4d40-a80c-a361b387637f,c1a09d60-c9e8-4489-a68e-e01b51541d33,2024-05-20T10:16,3,57.21,Cash,Pending
bb997d5e-e0ff-468e-99d0-3e469164819b,bc58b12c-65c4-4f21-89ef-3e492a22ef7c,2025-01-20T10:16,2,12.08,Cash,Cancelled
0632bed9-0a9b-478d-ad89-48ac35fe047c,8e1bbe6c-7b75-46dc-8ca1-0b1664cd6ae4,2025-02-15T10:16,8,210.72,Card,Pending
4960bbb1-4c34-491b-ab6a-8268d7614158,d33bbfcd-a2ca-4e80-8a1c-65223f061e7e,2025-01-09T10:16,5,135.15,Card,Cancelled
fb6125fb-c25e-48d0-a798-cbefe733debb,6945f6f4-b8f9-4d04-90ff-e59ed705578e,2025-02-03T10:16,4,105.56,Cash,Cancelled
348433d7-3cea-4d9f-bebd-92762f5a4306,74e76582-f1b8-4560-b049-8aebb59d4721,2024-07-07T10:16,6,63.60,Online,Pending
e4b89fc1-7f69-436b-8465-b53df60849f8,ebe19120-496a-47fa-87eb-2440212a3363,2024-09-22T10:16,1,10.19,Card,Completed
38de0412-299c-44a6-87e5-9740ea5ddcc8,98b17fed-218c-4f20-8410-9f0edfc74455,2024-03-30T10:16,9,147.42,Card,Completed
861f9be0-c9ff-456f-b7dd-7b1cc57f2463,e6cb1215-5314-4d05-bfd1-f6e5d36e89f7,2024-03-04T10:16,9,45.54,Card,Completed
b4cbd040-81cd-4410-a531-c904889063c3,485b65e7-fdf4-474d-afba-37986d8d3cd8,2024-07-05T10:16,8,192.00,Card,Pending
8f63922a-8c0b-403c-a469-57783116511e,c5817fdc-a4dc-4879-b957-30cfda62016b,2025-06-09T10:16,5,140.75,Online,Completed
d1c82a66-3310-4171-a287-20cd9aacfcbd,98b17fed-218c-4f20-8410-9f0edfc74455,2025-06-12T10:16,8,199.68,Card,Cancelled
15a923d6-2d89-4001-ae3e-a1135966b166,103fcba5-5588-45a5-9fe0-6ac948d3860e,2023-12-09T10:16,2,13.60,Cash,Completed
6b441fe6-1e7d-462b-8d4e-4f57b0a207c4,7169ef0c-f2c8-4ae3-83f6-87691664d2d2,2025-08-25T10:16,4,100.84,Cash,Cancelled
b33883c0-ee79-4797-beb2-9e445d12eef6,c1a09d60-c9e8-4489-a68e-e01b51541d33,2024-06-17T10:16,4,45.32,Online,Pending
32c24141-fcaf-4680-b9b2-7f6e68f0a4c5,b03f75c1-655f-4480-a2bf-1a0af806e96e,2025-10-07T10:16,9,246.96,Online,Cancelled
3cdefb1c-7868-41d7-a822-e350a5b13926,8e1bbe6c-7b75-46dc-8ca1-0b1664cd6ae4,2025-06-22T10:16,1,7.71,Cash,Pending
73e661a6-e1aa-48f2-bb8f-ce43a5cbd318,4e44f26d-5455-405b-8fdb-63ab8b739ecf,2023-11-16T10:16,4,89.48,Cash,Pending
fcccf025-f55c-4cea-a445-fcbeba58a281,c63bd277-c81c-40c5-8720-6ce916d653c4,2024-08-10T10:16,9,229.86,Online,Completed
b679773c-405b-4463-9a1d-2f4f29c37f32,36b880b0-e9bd-4c0b-8f1c-32018f6c758a,2024-01-09T10:16,3,81.45,Online,Cancelled
88d657d0-3cd6-414a-a8b9-0051b1d1ec37,52f5634d-de98-4543-8a1e-cbf1e2d0242f,2024-12-30T10:16,8,62.88,Online,Completed
b35f09ae-f5c9-4f25-add6-5659e6be8a83,a938df5f-7764-459c-8bfd-90409d16b3c6,2025-06-21T10:16,8,113.36,Cash,Pending
293eaff5-7907-413c-9dc9-746fbd445088,ada8704c-2784-4d70-84da-10078407d2c8,2025-05-30T10:16,9,259.74,Cash,Pending
80aa9414-cb18-4f61-9e36-1ceb816864b2,1d32c3b3-c732-4995-aa6b-ff159deb3bdf,2023-11-25T10:16,9,198.36,Online,Cancelled
77c2d550-9dd1-4f8c-bb80-925a8b586d32,36b880b0-e9bd-4c0b-8f1c-32018f6c758a,2025-09-24T10:16,3,70.80,Online,Pending
2259b526-8861-4809-bcd9-1ad6ddaf6044,0a5a9fc7-e126-48f0-99aa-dea85c606f66,2025-02-17T10:16,2,45.02,Cash,Pending
f36e344c-2d42-47a7-9d2a-a507ffe55093,5f0f3def-9ff6-4282-ad04-001c4a769966,2024-12-03T10:16,9,202.14,Online,Pending
f6b8dd0e-96b0-4b1c-92b0-4fdefd308307,c5817fdc-a4dc-4879-b957-30cfda62016b,2025-09-19T10:16,5,74.80,Card,Completed
69196dc4-7307-4766-9aae-a304b1e2b07a,c3ffc43c-0c11-40fa-9824-f234161741d0,2024-07-12T10:16,4,110.76,Online,Completed
f153ebbf-ca09-4008-9bb3-6feac2e7eefe,0fcf4084-ea31-49f8-99f9-9bf8c8b0c16b,2024-10-27T10:16,5,78.10,Cash,Completed
cfbbd626-ba49-437a-b472-ba709d51cadf,0d463f72-c3a1-4a2b-8d0d-1721a0d1a06b,2023-12-09T10:16,7,111.93,Online,Cancelled
d4f28f7c-044e-4184-ba04-bcaeae6fd8c8,a302a1a8-c429-406f-abff-9f273aa0a4b5,2024-10-27T10:16,7,160.72,Online,Cancelled
b147679c-98c2-4f81-b740-6d97288bf5ad,8e1bbe6c-7b75-46dc-8ca1-0b1664cd6ae4,2024-04-21T10:16,7,65.66,Online,Cancelled
609aaaaa-706b-489a-a0ce-c52ba27e8980,ba5d9947-b043-4aca-8ee0-6b77895cf8e8,2025-09-22T10:16,6,93.06,Card,Completed
c85a8281-17f0-4d93-8272-737093041049,0d463f72-c3a1-4a2b-8d0d-1721a0d1a06b,2025-04-06T10:16,4,112.80,Online,Pending
02302f57-6571-49b5-b14e-47ee4dd276e3,0fcf4084-ea31-49f8-99f9-9bf8c8b0c16b,2025-03-23T10:16,9,190.26,Online,Pending
34d1ef4f-0982-48cb-afe5-ea6e2ecc1faa,6f61ca8e-51a1-48e0-abfa-88326e713e34,2024-06-30T10:16,1,5.78,Online,Pending
eccf8e08-928d-45f6-990f-4d5741d6bf91,71f17b36-2c37-4cfa-bf8a-894fa94c0e9b,2024-11-07T10:16,3,20.58,Card,Completed
4d8a72a0-4e32-4aea-a07b-c1b93b516c99,a5ffc907-be77-43e6-8694-4a0bf09bd3fb,2025-07-23T10:16,3,68.82,Card,Cancelled
2d48fbfd-bade-415f-bbc0-ea491c4f8e30,6945f6f4-b8f9-4d04-90ff-e59ed705578e,2024-11-24T10:16,1,9.65,Online,Cancelled
564d9fe2-2c38-410b-9bcc-071cbd051874,8887df7e-682b-4d48-b18c-c1ddfa0aaa26,2025-07-13T10:16,9,55.17,Card,Pending
ae0444d2-2cbc-44ea-a136-067142d5cc44,71f17b36-2c37-4cfa-bf8a-894fa94c0e9b,2024-08-26T10:16,4,89.28,Online,Completed
b2961fb0-b3bd-4a81-afa5-4a77bc16ac27,6945f6f4-b8f9-4d04-90ff-e59ed705578e,2024-06-14T10:16,4,82.08,Card,Completed
8041379c-558b-4800-99c1-6572b23972bd,8113211c-bdc3-4bb0-94d9-3fd3871f3005,2025-01-27T10:16,2,25.84,Cash,Cancelled
f9c13eac-be8f-43a5-85f8-b7e5c39a272d,d5eaf6a7-76cc-48ec-98d9-ba713e2df70f,2025-05-20T10:16,3,69.72,Card,Completed
6be6915d-4ba5-4dca-bc76-4d701dc7fd01,dcfb3d05-846d-4915-99f3-ebbc7559d972,2025-09-06T10:16,4,115.84,Card,Cancelled
44757410-8f61-40ad-8af8-820141d729ef,3befa4dc-d961-4a3a-9410-d43d1bdaa335,2024-12-12T10:16,3,64.50,Cash,Cancelled
ee3d3e5b-0cd2-413e-bb52-b39c5d6736d8,56a75a3e-a944-4147-8cba-f1024726993f,2024-12-23T10:16,2,25.96,Cash,Cancelled
869d3db8-8b7c-4abf-90e1-30a8385a1200,885715b6-b1eb-44ca-8460-28c0343e56f3,2024-04-12T10:16,2,11.06,Card,Completed
ab4bfabc-bc38-4aac-be6b-2ccf5c3c022c,7d2df59f-386d-4aec-85a8-2443262a0cb4,2025-01-09T10:16,5,57.00,Cash,Pending
f32b7150-f47e-4431-97d1-604b31c2c2b2,74e76582-f1b8-4560-b049-8aebb59d4721,2024-03-26T10:16,2,59.96,Online,Pending
06da3e00-4960-48a0-84aa-f52148a804ec,2c6dafc9-06cc-4b3d-8b8d-12aae0644c58,2025-09-30T10:16,4,115.76,Online,Completed
c7c30d84-fc9e-4c9a-b533-38de02f216eb,8b546c63-5406-493d-bc69-cfb594b38267,2024-06-22T10:16,6,120.30,Card,Cancelled
e4dabc0b-106b-442a-a2ce-a1c53f384805,1eeb9c5f-5b7a-47af-b4f1-5a50d9d1089c,2025-11-10T10:16,7,177.73,Cash,Cancelled
c2b5bc8b-3ab5-4e13-afdc-a3c4a64b1244,ada8704c-2784-4d70-84da-10078407d2c8,2024-04-20T10:16,6,96.06,Card,Cancelled
899900bd-4343-4b39-9af1-a47f594bd7d5,02c65c06-56ad-4670-b8e2-10ab417c7154,2024-07-01T10:16,8,187.92,Card,Completed
f5f46d46-cca6-4759-bbad-9c02fe24e7ff,e119f98a-df63-41dc-8e01-bb49ca2dc724,2024-01-22T10:16,8,197.12,Online,Pending
6930da1c-d010-4506-9a16-ffc015ae52f4,3ab3404a-ee80-4ed2-8d90-a6f0dad14e48,2024-04-27T10:16,7,35.84,Online,Completed
506cec1a-c887-4963-9cb9-5428e333c0b5,d5cfb1a3-ce2f-4aff-ab4c-50e0c5426af1,2025-08-31T10:16,1,20.97,Card,Completed
103f83a7-a0ff-4fb4-8d61-3fb08c6a4add,7a18d550-38d0-40b2-84a7-547162e7e409,2025-07-25T10:16,6,84.06,Cash,Cancelled
743d72f5-3747-43cf-9dc8-69fd5d762c3d,06e585f0-5b60-4900-81d1-3379328e6c17,2025-03-26T10:16,8,232.40,Online,Completed
67748df3-4497-4cfa-b4e9-8dbd0056e32a,b014b56e-3263-4b63-8430-46e00bc5ea77,2025-07-21T10:16,4,55.84,Online,Cancelled
cacda15e-60df-4c53-a575-59e9b5284b3e,e85d0261-2d97-4475-a749-363ec9040a74,2025-03-22T10:16,7,98.77,Cash,Pending
f2daccbe-49a8-4971-9707-c78e551d9a14,98b17fed-218c-4f20-8410-9f0edfc74455,2024-01-02T10:16,3,55.53,Card,Cancelled
b0bc3adf-c748-4ecd-918d-080c2aa75b40,68169a66-a8d4-4763-914e-7befc826445b,2025-08-26T10:16,9,48.15,Card,Completed
64285fb8-4bb9-40e3-b5c5-f4a28c47c343,68169a66-a8d4-4763-914e-7befc826445b,2024-04-18T10:16,8,192.08,Card,Pending
1db247f3-3b7a-4fd9-9544-344c9d159760,6e6d2c67-f7fb-4a98-8f9a-4822259b25c4,2024-12-29T10:16,7,182.70,Card,Cancelled
ff859d4b-74be-4e8e-b85a-ae2209bef7f4,36b880b0-e9bd-4c0b-8f1c-32018f6c758a,2024-08-16T10:16,2,37.48,Online,Cancelled
e8077a6a-86fb-4d93-b6f8-58d9cea31beb,98b17fed-218c-4f20-8410-9f0edfc74455,2025-01-26T10:16,7,59.64,Online,Pending
e3c61282-a54e-4912-8266-c8152950956c,4739f27f-7a96-4d52-83ae-0c6fd4c8c606,2024-02-29T10:16,4,63.00,Card,Pending
447a728b-e24b-4cf1-a813-1eb506e5d465,bb6bf39c-f455-4e08-a59e-1bdaaa91d4aa,2024-05-23T10:16,6,134.34,Cash,Pending
02c037ab-d272-4c10-a77a-8fdbb9ec0b6b,98b17fed-218c-4f20-8410-9f0edfc74455,2024-04-12T10:16,3,43.05,Online,Pending
bda1bb45-cefd-448c-8d9c-566f690547e9,99c406e7-092b-4eeb-bc08-56fc041c253d,2024-05-30T10:16,3,77.52,Online,Cancelled
8d10026f-4ff1-434e-88b2-b736d2bc52f5,ceafdb2a-788d-48e0-acdd-bd533a2e7ab6,2025-05-25T10:16,8,124.24,Card,Completed
c2725610-cc92-46de-8d4b-8580dde60f16,8250871a-2b35-424e-a1a1-4eb4faffabfb,2025-09-03T10:16,6,140.10,Online,Pending
afdc32f6-73c6-44fc-9133-2bc4d3d10b22,f543de06-e341-4de2-95ab-ca0fd3ee51fe,2024-09-23T10:16,1,14.96,Card,Cancelled
d67f42eb-9e0e-4140-9458-f7de1aadac99,c46351bf-193f-49af-a5d6-456188837c3d,2024-06-19T10:16,2,42.10,Cash,Pending
1bc69d7d-9e37-402e-84bd-89d38b1f73a5,ba5d9947-b043-4aca-8ee0-6b77895cf8e8,2023-12-01T10:16,5,60.90,Card,Pending
bfa44ac8-614b-4e0a-bd69-5a70ce96ef65,b0d737cd-ec4b-4a88-aa81-d012ef3fb719,2024-11-26T10:16,3,38.82,Online,Pending
e3188143-b171-4488-9f9b-21ff55fdaafd,5400d214-6176-40bf-88d2-3f53ed38bf69,2025-03-16T10:16,6,143.52,Card,Completed
e0a431bf-4b3c-4309-bea7-653463150ac2,99c406e7-092b-4eeb-bc08-56fc041c253d,2025-08-15T10:16,8,223.92,Cash,Completed
206f474f-70a3-497c-a190-03fd3019b84a,39cb44e2-a541-4b98-bc0b-db5f31cf8710,2023-11-17T10:16,6,105.30,Card,Pending
a19b1385-ffd6-4d49-ae3a-6f03bf5b3cf2,fe624323-ba72-456d-9842-ed9e0edc75df,2024-10-06T10:16,8,49.60,Online,Completed
36fce0a5-23cb-4ffb-ba7c-9b620bc82a50,4f6ae324-5b6d-47d6-a86d-26ec6fbe1e0e,2023-12-13T10:16,1,24.49,Cash,Completed
96aa284d-2045-4ca8-8f26-56a3f816fe37,0130fcd4-a6cf-4a72-8400-7bcae1abce34,2024-03-26T10:16,1,5.57,Online,Completed
fddd1205-e623-43f4-b8f7-d87bd7aa0edc,e7991221-0de0-4ef8-aa9c-ca3b59197059,2023-12-12T10:16,9,153.54,Online,Completed
a5ff3527-cd68-4cb9-91e5-c8bf5b832f1d,983d66ae-c8b0-46b8-8abc-26a1055cf729,2025-03-07T10:16,9,250.92,Cash,Pending
9ead7191-b632-428e-8ae7-cedad5c4c2e4,e6e1db85-f8ba-4264-9c9a-520ecda4bc4c,2025-02-07T10:16,9,220.59,Cash,Completed
2d4f0481-618d-4f72-a92a-b368e8ae2c95,401a6911-a31e-4892-adc1-56e3e1eb090a,2025-10-20T10:16,1,27.82,Cash,Cancelled
07542c6b-56b5-40a5-8984-b14d141316d9,3dcaabe3-78c9-4d88-bed5-56ca7ceea07c,2024-07-18T10:16,1,15.46,Card,Cancelled
473ec35a-09fb-4387-8877-be62f3bdefa9,f067e21d-d1d4-4e87-9cae-9753f5f9ccb6,2024-12-25T10:16,5,47.00,Card,Completed
c6e0ad08-96ee-4148-81fc-b18f8850b8d3,b04ce307-2d1f-4214-b023-d8f4379041a1,2025-01-15T10:16,5,81.65,Card,Cancelled
967cb1a4-0bc8-4119-ab64-a1d32d3f4df9,4f6ae324-5b6d-47d6-a86d-26ec6fbe1e0e,2024-03-29T10:16,4,90.64,Cash,Cancelled
881aaf06-35bb-467a-a14a-4fd5bf8b83e9,1d32c3b3-c732-4995-aa6b-ff159deb3bdf,2024-10-19T10:16,9,76.05,Cash,Cancelled
50cb9289-3686-484e-be13-733ef4a3c4c2,7a18d550-38d0-40b2-84a7-547162e7e409,2025-11-05T10:16,1,24.82,Cash,Pending
6086b43d-634a-464b-ab7d-f95f97fd3eb4,11526850-7335-463f-b740-a52a90457c3b,2025-02-26T10:16,7,91.00,Online,Cancelled
40f48f27-04a2-424a-9416-14118f8b0b10,90f0db1e-2b19-43f7-ba17-233c7c214eca,2023-12-17T10:16,8,80.64,Online,Cancelled
d95b02a8-7c66-49f4-bbe3-65c925bccfab,bb6ceda0-3f7a-4dfa-9862-41a88dd468b2,2025-03-16T10:16,2,32.18,Card,Cancelled
d76a12d1-a2e6-4e66-a046-531aa69776d1,67c276b0-7be6-4f3c-bf86-c342095c8112,2024-05-22T10:16,4,74.56,Card,Cancelled
9dd8c5c0-15d8-4490-8fe8-8a1d95f9a605,9305d562-2505-493d-8ed8-3fb721c8f491,2025-02-24T10:16,3,65.91,Cash,Cancelled
d7b670ad-b550-4dbf-af47-1c4c6347f9a5,68169a66-a8d4-4763-914e-7befc826445b,2024-08-15T10:16,4,77.24,Card,Cancelled
8b1b24c7-e35a-4217-b458-dae706c45297,c83bba2f-5229-4998-9566-1f3179b13e8a,2025-04-20T10:16,1,17.06,Cash,Cancelled
d43ec83c-a3a6-4f29-a2a6-59787a4c605e,8f7f530b-bb30-4a05-b437-744ed30af54f,2025-04-10T10:16,2,34.20,Cash,Pending
feefe1fc-9440-457b-8f7a-769cbece1d83,6c6a3b10-9747-4dca-a041-4edc22d147b0,2023-11-18T10:16,1,23.63,Cash,Pending
19646e02-f629-4dfb-943e-797f8d314709,7a18d550-38d0-40b2-84a7-547162e7e409,2024-03-10T10:16,6,81.24,Cash,Cancelled
7109c1c0-0bf3-4e09-828a-72b4451912c4,964d337f-acd5-4ca2-8843-9be3f2eb60fc,2024-06-23T10:16,8,52.08,Cash,Cancelled
c27b7e03-5979-437f-8ad4-747466427f01,93cdeef1-3fc3-4a63-a275-0ae87ae6b335,2025-06-06T10:16,2,18.94,Cash,Pending
5caf0d9a-ad06-4055-af50-483bb692aabc,bb9edfa8-17f7-4f6f-8e3b-616693a298b1,2024-12-15T10:16,3,74.52,Online,Pending
6812b5e1-abd7-4609-b382-20f3e060c150,f3826f04-0dfa-4266-8002-58fede0093f5,2023-12-30T10:16,5,49.95,Card,Completed
5365e223-aea4-4bfd-871d-dbf9b849e3f4,d3f641e5-b8b5-4f5f-9155-7768df2033e8,2025-09-19T10:16,3,35.43,Online,Cancelled
e8d95d65-1991-4853-9f58-a129b9af449d,ceafdb2a-788d-48e0-acdd-bd533a2e7ab6,2024-04-30T10:16,7,194.18,Online,Cancelled
d1521c7f-c235-4629-9bc2-4585cedd7e26,c63bd277-c81c-40c5-8720-6ce916d653c4,2024-12-18T10:16,6,176.16,Online,Cancelled
e016bd32-cd00-49b2-b64a-4c7cfbb7d1df,a302a1a8-c429-406f-abff-9f273aa0a4b5,2024-04-09T10:16,5,71.90,Online,Pending
61f8b3bd-704a-4e00-ac80-3ca7dd253eb7,b03f75c1-655f-4480-a2bf-1a0af806e96e,2024-07-29T10:16,8,126.80,Cash,Completed
e29d507a-17b0-4263-9a8e-43097287cf58,0b2a0e9a-e050-4380-b607-57adcbbf59d4,2025-09-13T10:16,1,5.92,Card,Pending
7e96fecf-ddc0-47ba-899a-008b6f203f92,6c6a3b10-9747-4dca-a041-4edc22d147b0,2024-03-20T10:16,1,22.90,Online,Cancelled
8de3679c-4f43-4f57-85db-896178a72206,0472ca7f-b133-4710-8f43-24a3c6c1afd1,2024-10-30T10:16,7,203.28,Online,Cancelled
14732234-2e93-4057-a099-2f1ce5d92ba5,5f0f3def-9ff6-4282-ad04-001c4a769966,2025-08-07T10:16,3,32.85,Online,Completed
9a4baf43-80d1-484d-9e26-751afe475c03,0130fcd4-a6cf-4a72-8400-7bcae1abce34,2023-12-11T10:16,4,28.12,Cash,Completed
70631911-2b4b-4058-9472-55b98238ad51,e85d0261-2d97-4475-a749-363ec9040a74,2024-06-30T10:16,1,19.09,Cash,Pending
e2d2a9f7-8f00-46fb-b18f-7235048fbfa2,7a2e5fa5-096b-4701-8ce6-7a3db39bf8eb,2024-11-06T10:16,1,12.89,Card,Completed
de44007f-2f97-4383-b65f-4c2dfbae9ff9,65b2c0ea-6192-47fc-9286-2c1dd3ecefb1,2025-01-11T10:16,6,173.58,Cash,Completed
d54e2686-0b49-43d9-9ea4-32dd9de963a8,b3688304-b24b-416a-9bf4-c2b6aaeb59d3,2024-03-05T10:16,2,42.90,Online,Completed
f832388c-603f-4d90-9cc1-f4cc9cb47885,2c6dafc9-06cc-4b3d-8b8d-12aae0644c58,2024-10-23T10:16,3,54.09,Online,Pending
64c31ef7-6d4f-4a3f-8bfb-e14622db35bb,6aaabc79-3d35-410f-bb96-f86a3930d0ff,2025-02-26T10:16,2,54.30,Online,Completed
cb1c73a7-3e49-4882-9134-3dadb722a514,71f17b36-2c37-4cfa-bf8a-894fa94c0e9b,2025-06-12T10:16,4,107.80,Online,Cancelled
2d770494-a5c8-411f-9182-18a586fbf0da,93cdeef1-3fc3-4a63-a275-0ae87ae6b335,2024-06-28T10:16,3,25.20,Cash,Pending
2b4377d1-bc35-4398-897a-7e55a4f838fb,74e76582-f1b8-4560-b049-8aebb59d4721,2025-06-23T10:16,7,89.04,Online,Completed
9f398508-f50e-41a7-9780-42e227138cd9,0a5a9fc7-e126-48f0-99aa-dea85c606f66,2024-01-29T10:16,2,44.14,Card,Cancelled
b4b184b6-e3e5-40f5-8867-8c59733a13e0,98b17fed-218c-4f20-8410-9f0edfc74455,2025-10-07T10:16,1,11.97,Cash,Cancelled
a8933a86-a2ef-4010-9bf4-d89a4119e13f,f3826f04-0dfa-4266-8002-58fede0093f5,2023-11-17T10:16,4,77.16,Cash,Completed
51dd65b7-3916-4cfa-8e60-2095fcb5de12,5d6f84a5-a4de-442e-99b9-b8ef714b4436,2025-03-06T10:16,6,164.40,Cash,Completed
5d8bbc17-9037-4699-b3a8-ffa958c184ec,9c53f3f8-5b22-4d77-bd76-cfa6c70e443c,2025-08-23T10:16,1,10.42,Cash,Cancelled
a0cc796d-764e-4b40-a568-a79cbcbbb755,e6e1db85-f8ba-4264-9c9a-520ecda4bc4c,2024-01-21T10:16,9,243.90,Online,Completed
5cdf4c4e-b0c6-42c4-9e50-84c1f62485ba,5400d214-6176-40bf-88d2-3f53ed38bf69,2025-05-13T10:16,5,138.15,Online,Pending
5a613d8f-e697-4799-a3f0-55ae2d210e31,d5cfb1a3-ce2f-4aff-ab4c-50e0c5426af1,2024-03-08T10:16,5,100.70,Cash,Pending
17d19c53-4ee8-4935-9443-7827d254e040,6f61ca8e-51a1-48e0-abfa-88326e713e34,2024-02-25T10:16,6,126.30,Cash,Pending
b6132b95-24b7-4aad-85d3-eb0628dc00af,39cb44e2-a541-4b98-bc0b-db5f31cf8710,2024-06-19T10:16,3,80.34,Cash,Pending
728354ed-5e33-4494-9525-9739d51fc77f,3910ab11-8758-4a4f-8a9b-c4f5df7413c4,2024-03-01T10:16,7,42.42,Online,Cancelled
c8aac198-4da6-4e79-b6c2-4735a58d706f,000f9c8f-2fc7-4346-844d-c04f10751265,2024-04-22T10:16,8,120.16,Card,Cancelled
6f2477b7-0338-4939-94d6-09d1041fa837,10b26c2d-7d56-4175-84a8-a2775e128a9d,2025-01-12T10:16,1,29.84,Online,Completed
c8f44079-8894-49d0-a7af-3253aebd1270,bb6bf39c-f455-4e08-a59e-1bdaaa91d4aa,2024-05-27T10:16,5,38.20,Card,Pending
d1b8c583-08e5-448e-a169-ae702d81ef6a,10b26c2d-7d56-4175-84a8-a2775e128a9d,2024-12-19T10:16,1,10.25,Cash,Pending
34848720-c16e-490d-b6a8-86dc1fbcefd6,1eeb9c5f-5b7a-47af-b4f1-5a50d9d1089c,2024-09-29T10:16,7,131.53,Online,Completed
ac6534a5-9f60-4ac8-8a88-85345d93561c,ada8704c-2784-4d70-84da-10078407d2c8,2024-02-03T10:16,3,66.72,Cash,Cancelled
bf95e6a9-0707-46a4-a83a-b0f11202dfcf,0a0ac3e5-6e20-4fbc-87ec-5481c70e38bc,2025-04-16T10:16,4,29.64,Online,Pending
15d5c55b-d0ff-4f29-ad27-83e6120b9cf8,7d2df59f-386d-4aec-85a8-2443262a0cb4,2025-03-31T10:16,5,135.65,Cash,Cancelled
f6504bf9-ee86-4b39-98f6-d6cb9b2c8e99,401a6911-a31e-4892-adc1-56e3e1eb090a,2024-03-12T10:16,3,20.19,Card,Pending
fd6779f8-c242-42df-b92d-693fd3c89725,25659c0e-6eb5-4c57-add8-fb6ac5f42699,2024-07-29T10:16,7,157.01,Card,Cancelled
6e17c49a-d65a-4988-95af-20716d8c74a4,0e0d5f13-edd5-4ab0-9ddd-3df111bedc5a,2025-05-03T10:16,3,41.19,Card,Cancelled
7cef69cb-35a7-45a5-b478-8f9a2988aad5,9b9edd1e-b4f7-414c-b8b5-a3dc51fa0a8c,2024-08-06T10:16,2,43.48,Cash,Completed
8427ca94-4a80-46fb-a963-52e44afb8399,53db1213-7316-47bb-9099-c1def0e3c96b,2024-03-16T10:16,9,152.37,Cash,Cancelled
92bfed6f-9c5f-4f5d-8cb8-c095ac083e86,d33bbfcd-a2ca-4e80-8a1c-65223f061e7e,2025-05-29T10:16,5,38.55,Online,Completed
449a4006-f61f-42f1-9198-09d48b758894,401a6911-a31e-4892-adc1-56e3e1eb090a,2025-10-07T10:16,3,76.29,Online,Completed
31bc7418-fa3d-4875-b80d-3a589f26886c,7c991f43-c18b-4404-8826-97691b0dc00c,2023-12-07T10:16,4,53.12,Cash,Pending
0eab0cdb-4625-4378-80f9-7c7b9f632030,a302a1a8-c429-406f-abff-9f273aa0a4b5,2025-09-02T10:16,3,84.66,Card,Cancelled
d77f6914-5b4a-4fcf-bd07-989436774f4d,c83bba2f-5229-4998-9566-1f3179b13e8a,2025-01-02T10:16,7,47.53,Card,Cancelled
d869da5a-a93d-4ebe-823f-3c8b72691ca7,89d26a00-0fde-4c03-8430-b06f6bc3f33a,2025-07-18T10:16,8,115.76,Card,Pending
212f115d-1a9b-4bb3-8352-406a4536ec0d,ba5d9947-b043-4aca-8ee0-6b77895cf8e8,2025-04-06T10:16,4,119.44,Card,Completed
aaf84a84-ec40-4d59-94b3-bf10d2fca5b3,0dd437d0-74fa-43c3-8909-5c955e4d47dd,2025-02-23T10:16,6,69.66,Card,Pending
88e2255a-0809-48c9-93a4-14917c37b462,f3826f04-0dfa-4266-8002-58fede0093f5,2024-10-07T10:16,4,72.92,Cash,Pending
d83524c4-f556-445c-b6c4-15da0a04c323,a302a1a8-c429-406f-abff-9f273aa0a4b5,2024-07-30T10:16,2,56.56,Online,Completed
01e32670-e9ab-4a5e-892f-5ed4db397205,ebe19120-496a-47fa-87eb-2440212a3363,2024-07-17T10:16,1,12.43,Cash,Pending
cc223a48-8643-49bf-9b3e-c94995d3bd9d,fdb5454e-2230-489e-ade4-9218ff28cbd8,2025-09-05T10:16,5,96.30,Cash,Cancelled
36c88b29-6484-4df9-ad6a-fc036ddd1bae,d87f31d7-79ef-4c17-856e-142e791b04da,2025-07-11T10:16,6,125.94,Online,Cancelled
578353bf-e65e-44c7-8ab2-b704acd77ed8,983d66ae-c8b0-46b8-8abc-26a1055cf729,2025-09-26T10:16,5,62.60,Cash,Cancelled
5ad3b656-43b4-4f52-94d7-249d6448aaa7,0fcf4084-ea31-49f8-99f9-9bf8c8b0c16b,2025-08-14T10:16,8,141.76,Online,Pending
21608a93-9ded-411e-90f2-0ff2d3a5a869,050d9901-1cb5-413a-9c31-282028f863c1,2024-07-09T10:16,2,32.68,Online,Completed
ac6d6e7e-664a-4e3c-8ff2-a9d9fca5109d,b90a3a7f-421e-47e5-8598-fe50f365a62e,2024-01-03T10:16,4,108.88,Online,Completed
2f80e0cf-3f3c-473b-8282-2a83744219d3,8250871a-2b35-424e-a1a1-4eb4faffabfb,2024-01-31T10:16,4,94.16,Cash,Pending
4aa615c1-d6cd-41d3-b786-1c4b3296ec40,cd50913f-8c99-4253-9134-0cf5fe5f300f,2024-05-18T10:16,6,158.70,Online,Pending
3748e141-670c-4006-8e02-2464bbc639b0,209e786b-2a61-4e52-a3b2-1cc98bcbf18c,2024-06-23T10:16,4,108.44,Card,Completed
357cde25-09fa-4650-b5cb-26c6c5e9ac48,cb8747c7-32ca-4b6b-868d-13ab01d953ec,2025-03-13T10:16,1,9.85,Online,Cancelled
b3a4be79-a495-4f7d-ab48-f2a3c28b8637,e12c3d24-86c8-474f-b86b-370df36adbfe,2024-11-16T10:16,5,29.60,Cash,Pending
169a53c0-2bc1-45ff-97e3-ef9560e370fc,bb6bf39c-f455-4e08-a59e-1bdaaa91d4aa,2024-10-28T10:16,9,51.57,Cash,Pending
51c62595-e61d-4c29-aebd-00bcce2ad8e3,5f6e51da-5f01-4c9a-85dd-7d50ef37e5d7,2024-12-25T10:16,2,47.50,Online,Completed
6033e78c-a868-4cb0-ac66-1cc08aae44a4,90f0db1e-2b19-43f7-ba17-233c7c214eca,2025-01-20T10:16,3,81.39,Card,Completed
78ff81a9-a061-418a-86a7-868bd0e0c5c5,00d7ae70-0f46-4453-963c-4ab2a3d29314,2024-12-09T10:16,3,77.67,Cash,Pending
7f135342-3a5f-44d6-8d0e-6f258df71a16,9c53f3f8-5b22-4d77-bd76-cfa6c70e443c,2025-11-06T10:16,9,102.96,Card,Pending
ba0cd1bd-116a-408a-b358-c55cf980cbcb,cd50913f-8c99-4253-9134-0cf5fe5f300f,2023-11-24T10:16,2,37.92,Cash,Completed
b54c4edb-5fc5-4cc7-a30e-754d0dc8263d,4b14a58c-f1e4-40b6-888d-a88cd7055099,2024-09-11T10:16,8,167.36,Cash,Pending
8d3ab9a9-6220-460e-b63b-1eef50f798d6,09ba4183-1b94-4f8c-bc5f-eca421a88524,2025-06-26T10:16,4,103.32,Card,Completed
a390ad37-84db-4bf1-9902-a2cf77cf303e,f90cf3ca-e2d0-4129-bc7a-e8a2b80880da,2024-12-17T10:16,6,56.64,Card,Pending
6bc6ce56-f586-43d7-8873-39e2fe574657,d87f31d7-79ef-4c17-856e-142e791b04da,2024-06-17T10:16,5,40.20,Cash,Completed
710db88a-3ba6-49ad-9129-66e96ceaf21d,05ccd8a5-ea5f-4353-bd1e-3022152b0685,2025-10-19T10:16,8,173.20,Card,Completed
98d6ba54-aa84-49a9-aa37-26a423d6bfb9,935ebde1-5945-4673-886e-1a7a12cc2d4e,2025-10-29T10:16,1,8.09,Cash,Cancelled
c184965b-79b4-48c8-ad12-a771fbd793eb,e6e1db85-f8ba-4264-9c9a-520ecda4bc4c,2024-02-11T10:16,6,97.26,Online,Cancelled
bae3b6e1-98e7-496d-8604-e7be76768baf,3ab3404a-ee80-4ed2-8d90-a6f0dad14e48,2024-04-30T10:16,6,159.72,Cash,Cancelled
282c71b2-a4c3-410f-b436-df19f0218244,1407e9cf-22c9-4137-a2fe-cc12dc038235,2025-05-29T10:16,6,177.72,Online,Pending
2f1e31c8-1ec3-4d78-aa03-876223b06724,7a2e5fa5-096b-4701-8ce6-7a3db39bf8eb,2025-03-23T10:16,4,90.80,Cash,Cancelled
03699bd6-3638-4ace-840b-ebb59217a173,0a5a9fc7-e126-48f0-99aa-dea85c606f66,2025-03-24T10:16,6,148.02,Online,Pending
e2acf2bd-6343-4174-b47d-f50fba8ff62c,0a0ac3e5-6e20-4fbc-87ec-5481c70e38bc,2024-08-17T10:16,1,10.60,Card,Pending
29df3e7d-25eb-4e93-8e1d-f66861df41f7,0d463f72-c3a1-4a2b-8d0d-1721a0d1a06b,2024-04-28T10:16,8,236.88,Online,Completed
3d5b26d8-30ac-4450-9a91-36cce548bd07,21edfc22-3f73-4335-a774-3cf78ab65e86,2025-05-06T10:16,1,27.12,Cash,Cancelled
6c738771-85e0-46ea-9ae1-ab49e9d8e898,0a5bd884-b432-4ce5-b14e-44b4aedd4c0f,2024-08-24T10:16,9,237.96,Online,Cancelled
5b745144-ecf9-4836-ad14-7d9156495df6,726d71e2-70fd-4416-8568-78619c14a73a,2024-12-26T10:16,9,198.00,Cash,Pending
c6c1cc66-9983-48e6-ba42-db2b30e9efd3,885715b6-b1eb-44ca-8460-28c0343e56f3,2025-05-13T10:16,5,43.30,Online,Cancelled
a12a0bf1-4899-4110-9318-b6f8582ce9a9,fe624323-ba72-456d-9842-ed9e0edc75df,2025-05-14T10:16,9,143.73,Card,Pending
5a5a5489-e2a7-478d-9b9a-9480bba932d5,b3688304-b24b-416a-9bf4-c2b6aaeb59d3,2025-02-27T10:16,4,38.16,Online,Completed
19ce9e71-e935-405c-8829-4d1a55d5bd30,8250871a-2b35-424e-a1a1-4eb4faffabfb,2023-11-22T10:16,1,15.30,Cash,Cancelled
7321f658-94f6-4b8b-9874-e4ac4627c287,c63bd277-c81c-40c5-8720-6ce916d653c4,2024-09-17T10:16,9,131.13,Cash,Cancelled
bc5d56c6-bcef-44e8-ba03-51bc8fb9e88d,e12c3d24-86c8-474f-b86b-370df36adbfe,2024-11-07T10:16,7,49.56,Cash,Completed
13d9ee66-2f15-4759-b05b-001bb89e7121,953417c6-cd52-45e9-9ca0-bb450653c934,2025-05-26T10:16,2,56.42,Card,Pending
bd262c5d-e3d2-4f0a-9bfc-33ea44c49b1c,b90a3a7f-421e-47e5-8598-fe50f365a62e,2024-07-04T10:16,2,37.22,Card,Cancelled
fb3d3139-a732-471a-8d12-128560609601,795088d7-d227-422e-ad8c-f048bde0675e,2024-05-18T10:16,3,30.06,Online,Completed
3099ba74-d3d8-4c15-a785-41a5fc97cca8,4b14a58c-f1e4-40b6-888d-a88cd7055099,2025-05-29T10:16,4,26.64,Online,Pending
6d646fb9-8b9a-4550-8bcf-bfd8494cdb15,59827b2a-ae17-44b1-bd6f-6f08718559cb,2024-07-06T10:16,4,109.96,Card,Cancelled
5b20361f-2e60-47f7-8038-7871d0d2c56c,f0a6a958-e434-41bf-a830-dffa55a34db5,2025-03-21T10:16,2,13.44,Online,Cancelled
09fb6765-8a5f-4780-a482-9133b616df02,11526850-7335-463f-b740-a52a90457c3b,2024-08-09T10:16,6,52.08,Card,Cancelled
ed664797-1811-48c4-90f6-cf9318bf8f3c,0dd437d0-74fa-43c3-8909-5c955e4d47dd,2024-04-07T10:16,9,234.72,Card,Pending
7d3f520f-e5e3-43e1-9f7a-9ba7648d469c,10b26c2d-7d56-4175-84a8-a2775e128a9d,2023-11-23T10:16,9,243.81,Card,Completed
f43b9e87-2f8d-4009-bf59-89ec10055e47,93cdeef1-3fc3-4a63-a275-0ae87ae6b335,2025-07-21T10:16,6,168.84,Card,Pending
583def42-790d-4af6-9a6a-82da0a62309c,cb8747c7-32ca-4b6b-868d-13ab01d953ec,2024-08-07T10:16,8,118.00,Card,Pending
20c8c835-8586-4834-93ad-2fed436345e8,d87f31d7-79ef-4c17-856e-142e791b04da,2025-03-29T10:16,2,11.52,Cash,Cancelled
2fb94435-f445-40a0-978e-eca6aaeba50f,2a109685-1399-4149-8951-fba29bb0360d,2024-09-30T10:16,5,115.65,Online,Completed
09fb952b-0535-4804-9b1d-0d7442428ce3,3befa4dc-d961-4a3a-9410-d43d1bdaa335,2025-10-08T10:16,7,115.50,Card,Cancelled
b41a0c2b-3a85-45be-a656-c6b9c3a3b1a7,d3f641e5-b8b5-4f5f-9155-7768df2033e8,2024-12-03T10:16,7,173.39,Card,Cancelled
0f92a2fc-f8ab-4818-bfc4-0654356d0b7f,7169ef0c-f2c8-4ae3-83f6-87691664d2d2,2023-12-05T10:16,2,52.22,Card,Pending
ed6dcaba-49d7-4819-b6ed-80720aaf278e,103fcba5-5588-45a5-9fe0-6ac948d3860e,2025-04-12T10:16,3,28.56,Card,Cancelled
ca8176f5-2fb9-4960-b588-e865863bc8eb,824998a2-7592-4051-ab0b-d5e12743c93b,2025-07-21T10:16,3,64.23,Online,Completed
d8a64f8f-481d-41a2-ae70-883c7338f0ae,25659c0e-6eb5-4c57-add8-fb6ac5f42699,2023-12-01T10:16,4,104.68,Cash,Cancelled
900e4df8-4c08-4bc4-952d-843520086093,8e1bbe6c-7b75-46dc-8ca1-0b1664cd6ae4,2025-08-04T10:16,7,188.65,Card,Completed
1e3293af-b23d-4109-9cbe-0b424e6dea75,ebbc7df0-770d-44f8-b0ff-c62f9006e40e,2024-09-03T10:16,1,26.65,Cash,Completed
529ccf32-fa56-4687-aebf-bff5c5da2c7b,21edfc22-3f73-4335-a774-3cf78ab65e86,2024-10-20T10:16,2,45.90,Online,Completed
7ee7d932-5c60-4054-9cef-0d20826b85af,89d26a00-0fde-4c03-8430-b06f6bc3f33a,2025-05-13T10:16,5,111.40,Online,Completed
caa2dc30-9d87-451e-aa60-6be3108fc671,60cd80b6-3967-4dae-b4df-adc7b5644971,2025-09-29T10:16,4,64.20,Cash,Completed
d5ada2f2-55aa-417b-ae0d-d0a16498fc05,c9dcc28a-ae5f-477c-ae7e-72d94129f449,2024-07-21T10:16,2,21.92,Cash,Pending
d00d7de2-f72e-4251-83a9-7df955704f05,8b115a34-224b-453c-be69-b53a7445b466,2024-03-16T10:16,8,199.76,Online,Pending
b9f12d86-b17e-4869-a337-0968df9fc597,6bd388d4-5636-450b-bacd-55bdcb769bab,2025-03-27T10:16,6,66.78,Card,Completed
6764a251-6135-4c1b-bc1b-fec51f7f48f8,0e0d5f13-edd5-4ab0-9ddd-3df111bedc5a,2025-01-23T10:16,2,12.22,Online,Cancelled
5b357b94-a12a-4fc1-a769-eed0a3281fb9,f543de06-e341-4de2-95ab-ca0fd3ee51fe,2024-05-01T10:16,6,122.76,Cash,Cancelled
38306e57-9757-46ca-b15b-0c66dc01c3d0,0a5bd884-b432-4ce5-b14e-44b4aedd4c0f,2023-12-09T10:16,9,263.79,Online,Completed
f41efabb-064f-4bf9-9f00-f5afa9db05d6,983d66ae-c8b0-46b8-8abc-26a1055cf729,2024-09-03T10:16,7,73.01,Online,Pending
cf667469-e90a-409d-861b-3ca2c4263ab0,0a0ac3e5-6e20-4fbc-87ec-5481c70e38bc,2024-02-06T10:16,9,187.65,Online,Cancelled
70ffd159-f1fa-4607-82a0-685727f2fd47,39cb44e2-a541-4b98-bc0b-db5f31cf8710,2023-11-25T10:16,1,9.95,Card,Pending
1501a77c-9767-46f9-af89-7151bff493a6,23650eb4-f98d-45a3-a90b-a378f03d469d,2023-12-24T10:16,1,28.63,Cash,Cancelled
490f742c-6dc8-40f9-9540-9266094c4634,a3f626b9-cc27-4c04-8570-be79ab8bda4a,2023-12-19T10:16,1,6.53,Online,Cancelled
0efb04d2-0edc-41aa-83c8-13cb6e41b2cb,f0a6a958-e434-41bf-a830-dffa55a34db5,2024-12-06T10:16,4,68.28,Cash,Pending
a11a7c10-c059-450f-8acb-c8c27b311769,d7af10ce-45c9-4fc8-8dd8-b1c5491aad5f,2024-08-08T10:16,5,149.75,Online,Completed
77645626-fb14-4345-92b4-b4389f066bfe,0df3bae1-6384-4856-aa27-aef9f6c48b75,2024-07-21T10:16,9,268.02,Cash,Completed
9195d332-4e32-482d-b0ac-85fe1c9c9805,cd50913f-8c99-4253-9134-0cf5fe5f300f,2024-09-03T10:16,3,31.95,Cash,Completed
4f4f124c-ed8d-49bb-96f0-f8e97c1c2bd6,b04ce307-2d1f-4214-b023-d8f4379041a1,2024-08-17T10:16,1,17.15,Card,Pending
f2106422-45e6-484f-977b-10b2a8190602,02c65c06-56ad-4670-b8e2-10ab417c7154,2024-09-16T10:16,5,125.15,Card,Pending
c4f7dcce-a8f0-45be-ac76-8374e9338c25,a3f626b9-cc27-4c04-8570-be79ab8bda4a,2025-04-26T10:16,7,65.45,Cash,Cancelled
3c88a8ad-589e-46dd-97a0-d98686b5fd5c,d3f641e5-b8b5-4f5f-9155-7768df2033e8,2025-03-07T10:16,5,148.75,Cash,Pending
3736bd4f-0e0a-4bce-918f-3f2ebc0cbf00,0a570207-0f70-467f-bbeb-44a0a60a9a25,2024-06-09T10:16,9,248.67,Cash,Completed
d2b10881-3bc3-464d-a61f-e3bba3935248,1eeb9c5f-5b7a-47af-b4f1-5a50d9d1089c,2023-12-20T10:16,8,143.84,Cash,Cancelled
015cbc36-f40f-4a7d-9443-a96e8467f6ef,bb9edfa8-17f7-4f6f-8e3b-616693a298b1,2024-04-02T10:16,5,29.60,Cash,Pending
d899a059-8f3b-4de0-8002-74b2ba573b61,39cb44e2-a541-4b98-bc0b-db5f31cf8710,2024-06-08T10:16,5,51.70,Cash,Pending
50ae9310-029f-45b3-b286-b059a634d9f6,0fcf4084-ea31-49f8-99f9-9bf8c8b0c16b,2025-09-01T10:16,3,42.18,Card,Completed
e53ca238-3887-4b4a-82ea-f606516b2620,e7991221-0de0-4ef8-aa9c-ca3b59197059,2025-10-15T10:16,2,51.50,Cash,Completed
37002a67-f7c3-4ce6-a6f8-00222f4e0383,73a2b03c-2dca-486e-8ebc-c4d6bb68a8c6,2024-03-25T10:16,9,176.04,Cash,Completed
2b50aa22-74d9-411c-8493-cace94b2363c,c83bba2f-5229-4998-9566-1f3179b13e8a,2025-10-17T10:16,8,88.64,Online,Cancelled
26edf90b-6f1a-4775-98ea-5a8056ee64bb,b014b56e-3263-4b63-8430-46e00bc5ea77,2024-01-25T10:16,9,72.18,Card,Completed
f883bf62-04b4-4c03-873f-084c7dd3b7be,0a15d43b-8f6b-444a-bef2-ffbddfdbd16f,2024-04-08T10:16,8,164.88,Cash,Pending
e5a4d21c-6d3f-4b62-88c4-ac52748f4b9d,ef7fad1f-a86f-4ee1-95b4-ce1f339f0fa5,2024-07-06T10:16,9,253.26,Online,Completed
ca310d27-de66-444b-b5ae-ef9b29ffe27e,ebbc7df0-770d-44f8-b0ff-c62f9006e40e,2024-09-29T10:16,3,62.76,Online,Cancelled
629c120d-0630-4870-a346-010c59a6c280,e7991221-0de0-4ef8-aa9c-ca3b59197059,2025-02-07T10:16,7,79.87,Card,Completed
9b743f37-2dbf-4b64-8816-3f14346b7ea8,aff4340c-d102-49ba-af8e-84d2737ce82c,2025-07-23T10:16,7,43.96,Card,Cancelled
46a7c426-d5bf-4f01-8403-ef9e22c0c5e8,fbe227d7-6d32-4407-9783-7fdac983e55f,2024-09-16T10:16,3,49.35,Online,Completed
b80fe506-3747-4b18-94d0-ae8c9f5f1fc1,d6d4ef4b-0870-48aa-b884-013237f255f4,2025-06-25T10:16,5,25.05,Online,Completed
8f5bbd13-738d-478e-92a6-bf7e459d61f7,a3f626b9-cc27-4c04-8570-be79ab8bda4a,2024-07-06T10:16,8,114.88,Online,Cancelled
78dbd3ae-ba44-4692-adcd-a0a1bfd6aad5,b0d737cd-ec4b-4a88-aa81-d012ef3fb719,2024-01-07T10:16,7,63.07,Card,Cancelled
bcffd62a-721b-4987-a92e-8a0a7a5fb143,26d032f1-9fe9-487a-987a-a8be14e1db05,2023-11-15T10:16,1,18.99,Card,Completed
559a467a-5a5e-4ae7-bb97-b1116c6a159e,6c6a3b10-9747-4dca-a041-4edc22d147b0,2025-08-23T10:16,1,5.21,Cash,Cancelled
ecabf37b-4392-4ddb-b552-ca5053af7d04,7a2e5fa5-096b-4701-8ce6-7a3db39bf8eb,2024-11-04T10:16,4,87.40,Card,Pending
a5184f0d-402b-49d3-b7b4-996d6ad077ef,e85d0261-2d97-4475-a749-363ec9040a74,2024-04-21T10:16,2,18.94,Online,Completed
7730372d-7959-4a3f-bbad-98d6f3f5315a,6117b6f0-c4f4-4bf1-9eeb-f33950decba8,2025-04-14T10:16,9,223.65,Online,Completed
16b4baa7-bbc9-4487-b5b7-a8bfdf350c1f,caad7924-4bc5-4f85-9662-11ca261e3c87,2025-04-27T10:16,1,9.00,Cash,Cancelled
a3d18c01-5eee-468b-b961-042de7cc8861,824998a2-7592-4051-ab0b-d5e12743c93b,2025-06-05T10:16,2,47.52,Cash,Completed
cf78ff6f-1a88-4b06-8780-803e475e1956,0fcf4084-ea31-49f8-99f9-9bf8c8b0c16b,2025-09-16T10:16,7,176.19,Card,Pending
7a5a600f-83ff-4081-b553-9b13677a9e70,b90a3a7f-421e-47e5-8598-fe50f365a62e,2025-04-25T10:16,7,109.34,Online,Pending
6bd81314-b6b3-4ff9-8a72-fbb1fc45ef93,f6c35464-33dd-44a7-bf84-071f2e427045,2024-01-27T10:16,3,37.26,Online,Completed
9d1ab073-6598-403c-8f45-c9f3d6f71b1d,59827b2a-ae17-44b1-bd6f-6f08718559cb,2025-09-08T10:16,8,223.60,Cash,Cancelled
e02ba81b-42bf-4b38-a42b-524f1250c94e,bb6bf39c-f455-4e08-a59e-1bdaaa91d4aa,2024-09-16T10:16,9,52.20,Online,Pending
e76138b4-3fd1-4d56-be03-d759162c3dfb,6e6d2c67-f7fb-4a98-8f9a-4822259b25c4,2024-08-12T10:16,4,113.20,Cash,Completed
3bf67907-0d66-4158-92de-9745ded72c42,10b26c2d-7d56-4175-84a8-a2775e128a9d,2025-04-26T10:16,1,23.99,Online,Pending
9ca12188-2e3d-416b-9699-1ed78e9c36a2,3dcaabe3-78c9-4d88-bed5-56ca7ceea07c,2025-07-20T10:16,3,57.33,Online,Completed
140348d5-dcfc-4212-8160-42d7b462ddd5,5eb75bc0-d5fa-4209-9d42-7767f3f0585b,2025-09-01T10:16,2,31.80,Cash,Cancelled
91291dcd-e4a0-4f23-aa9e-e8e6f782fe7e,c3ffc43c-0c11-40fa-9824-f234161741d0,2025-02-20T10:16,1,24.00,Cash,Pending
14f6e20f-a340-49e2-8d54-7c87508de051,21edfc22-3f73-4335-a774-3cf78ab65e86,2025-07-21T10:16,4,112.80,Cash,Pending
c725dc0c-11f8-4acd-8a9f-579101d2c9ec,c0d74d86-5c5b-481d-b8e3-61eeb9c77255,2025-08-25T10:16,8,81.28,Cash,Completed
90ef8135-ef24-4333-bcf6-92c6f353fe83,6e6d2c67-f7fb-4a98-8f9a-4822259b25c4,2025-04-14T10:16,5,129.80,Online,Pending
8e173e0c-34cc-4648-bc00-d4bee4fe97f6,53db1213-7316-47bb-9099-c1def0e3c96b,2023-11-27T10:16,1,22.36,Online,Cancelled
086f3974-a3e3-4c2a-83d8-bb761be6edab,52c87fd9-fdf0-4256-b929-6153ad24a0ac,2025-07-08T10:16,2,10.50,Card,Pending
db2b4d3d-82a0-4c62-8a0b-3338a01c35d9,103fcba5-5588-45a5-9fe0-6ac948d3860e,2025-02-07T10:16,6,69.42,Online,Completed
f142aa93-7d5f-4023-83d7-942ec4b60380,3dcaabe3-78c9-4d88-bed5-56ca7ceea07c,2025-05-02T10:16,6,42.90,Card,Cancelled
242a4806-d41c-4071-a4f2-6a00f519906a,0a5a9fc7-e126-48f0-99aa-dea85c606f66,2024-12-09T10:16,2,23.64,Cash,Cancelled
a16688ed-4a92-40cc-b831-89ae1e3732f4,0b2a0e9a-e050-4380-b607-57adcbbf59d4,2025-08-28T10:16,8,100.48,Card,Pending
4a3fc11b-011d-41e3-9052-739bf51d4797,cf65c4b6-4c1c-420b-95de-23e5b56ffad5,2024-07-14T10:16,3,82.71,Online,Cancelled
74438402-e778-49a7-a03d-a6ecfd299a83,b95f7619-fab2-4df9-8683-1f2aeb93a660,2025-08-08T10:16,4,67.80,Card,Completed
0b8fde43-59a5-4e91-b3ea-8f43d40b9908,8f7f530b-bb30-4a05-b437-744ed30af54f,2024-08-31T10:16,6,88.38,Cash,Pending
fa6b72a0-fdba-4657-ad9e-e6a2b393166c,fbe227d7-6d32-4407-9783-7fdac983e55f,2024-11-03T10:16,2,49.20,Cash,Completed
4e97c81d-683e-4f01-aea0-6885506ad8c3,1d32c3b3-c732-4995-aa6b-ff159deb3bdf,2025-08-21T10:16,6,126.36,Cash,Completed
f2ee43d5-69eb-4446-a5b5-dcda8f007ddd,e886c155-0dae-4b36-88f5-a86fa474d1f6,2025-08-27T10:16,2,34.68,Card,Cancelled
da4d35c4-9ebb-4d03-9ba6-5bfe1fb6df66,e277d099-db2a-4aee-ab86-8b0e73a34383,2025-02-05T10:16,2,30.54,Online,Completed
1aecf604-81d6-45c6-8e49-3764cd244858,09ba4183-1b94-4f8c-bc5f-eca421a88524,2025-08-17T10:16,2,20.30,Card,Completed
c5f7c0e8-8367-4ca1-8e57-079db9ca9338,b6c26110-1b77-4777-8c79-c69ec19b66df,2025-06-29T10:16,7,61.25,Card,Pending
8ac4ef99-41c1-479e-973c-7c658bd2e523,06e585f0-5b60-4900-81d1-3379328e6c17,2025-05-29T10:16,4,62.48,Online,Pending
13dffe8b-1928-4411-8803-8163d54abe54,ba5d9947-b043-4aca-8ee0-6b77895cf8e8,2024-11-24T10:16,4,77.48,Online,Completed
cc0cce18-fa73-459c-b70f-5195d954b932,52c87fd9-fdf0-4256-b929-6153ad24a0ac,2024-05-20T10:16,9,196.83,Online,Completed
f33e5d1c-9db4-4514-aff4-65a9813421c4,23650eb4-f98d-45a3-a90b-a378f03d469d,2023-12-18T10:16,7,77.84,Card,Pending
27517a93-ad3a-4059-88f3-fbdc14b662b7,26d032f1-9fe9-487a-987a-a8be14e1db05,2024-03-27T10:16,1,5.35,Card,Cancelled
054112db-7c6a-40b1-bb73-7c5774eb3db9,69446e90-4237-4410-ab55-e011eb04cce0,2025-01-04T10:16,7,92.89,Card,Pending
8e20af3a-8372-46d3-b6cd-70b52a6e280f,7c991f43-c18b-4404-8826-97691b0dc00c,2024-01-11T10:16,8,194.96,Cash,Cancelled
f625cb73-3491-4774-8647-2a4715bdf18c,5f6e51da-5f01-4c9a-85dd-7d50ef37e5d7,2025-05-10T10:16,1,17.02,Cash,Pending
55545379-744b-451d-86ee-3ec3f38d4406,67c276b0-7be6-4f3c-bf86-c342095c8112,2024-06-18T10:16,2,18.80,Card,Completed
5d58d3a3-2318-4617-b0a6-65d018eeb8b1,726d71e2-70fd-4416-8568-78619c14a73a,2024-10-01T10:16,8,129.36,Card,Cancelled
1664e40f-e2d2-4b71-ae7f-2aeb15993a98,77ca464a-fe0d-4dcc-8f08-3eb2f7b64f76,2024-11-21T10:16,6,77.94,Cash,Cancelled
1958e1ab-619e-4cdb-910e-5e5751b5cebb,26d032f1-9fe9-487a-987a-a8be14e1db05,2024-01-24T10:16,5,87.80,Card,Cancelled
6d087f7e-f5be-4be2-9cf3-6bad1ea3e52b,d5cfb1a3-ce2f-4aff-ab4c-50e0c5426af1,2024-07-21T10:16,5,51.65,Cash,Pending
12d583a5-d2ad-481d-ad9b-6af122c74daf,93cdeef1-3fc3-4a63-a275-0ae87ae6b335,2024-11-25T10:16,7,166.74,Card,Pending
7fba8bba-004b-446b-8198-c8b46cdb6e5e,7a2e5fa5-096b-4701-8ce6-7a3db39bf8eb,2024-03-20T10:16,7,183.89,Cash,Cancelled
a117142a-2887-45e6-b767-e410a74388a3,c46351bf-193f-49af-a5d6-456188837c3d,2024-08-18T10:16,3,48.33,Cash,Cancelled
6c08da2e-ac60-4565-9e20-4cc90275b762,89d26a00-0fde-4c03-8430-b06f6bc3f33a,2025-01-28T10:16,4,30.36,Cash,Pending
1775993e-458d-4fff-a3db-e39e0cbc684a,74e76582-f1b8-4560-b049-8aebb59d4721,2025-01-31T10:16,5,42.35,Card,Completed
aa2a9775-2337-4fd4-b28c-a98b0c3bcd35,aac35608-9499-49c5-811a-a059e773c968,2024-07-07T10:16,9,188.55,Cash,Pending
6daff13d-832a-470e-8c4c-0eacff91cd89,205ea7f7-e714-45b8-a083-11247ff702a1,2024-07-13T10:16,4,89.40,Card,Pending
ae648403-1cc3-4d81-8386-b933ba327e63,0a5bd884-b432-4ce5-b14e-44b4aedd4c0f,2025-01-21T10:16,7,120.47,Online,Completed
b980c0aa-9f25-400d-9c7a-5b2cba3f6e4a,ba5d9947-b043-4aca-8ee0-6b77895cf8e8,2024-06-20T10:16,5,146.15,Card,Cancelled
d62ca1df-e1ab-4551-9c48-37a014b818ae,c5817fdc-a4dc-4879-b957-30cfda62016b,2025-03-24T10:16,5,89.90,Online,Cancelled
0f1b9525-acfa-440c-925a-0ab2cfa32329,c5817fdc-a4dc-4879-b957-30cfda62016b,2024-12-31T10:16,2,59.10,Card,Completed
4fd761e9-5757-4d05-b142-a7dfa7ca3f26,05ccd8a5-ea5f-4353-bd1e-3022152b0685,2024-09-28T10:16,3,81.99,Card,Cancelled
3e2cab78-f734-4eb7-afde-35e3707368b5,7d2df59f-386d-4aec-85a8-2443262a0cb4,2024-10-14T10:16,3,25.86,Online,Cancelled
1fdf6576-f689-43f2-abba-4d21ddfa5bf6,b90a3a7f-421e-47e5-8598-fe50f365a62e,2025-03-22T10:16,2,55.88,Cash,Completed
da376bbf-24a6-48a3-b4d0-28c10db5eecf,73a2b03c-2dca-486e-8ebc-c4d6bb68a8c6,2024-11-05T10:16,3,85.11,Cash,Pending
701f82f0-69bc-4966-87e8-f453a8152c52,7a18d550-38d0-40b2-84a7-547162e7e409,2025-06-21T10:16,8,182.16,Cash,Cancelled
bb4f566a-aeda-4b57-88aa-36663eea703a,a302a1a8-c429-406f-abff-9f273aa0a4b5,2024-10-17T10:16,5,58.90,Cash,Cancelled
eeb03d9f-0831-4f6d-b464-9c76935ecfc0,d3f641e5-b8b5-4f5f-9155-7768df2033e8,2025-05-25T10:16,1,17.10,Cash,Pending
83fdb4a7-3852-4de6-885d-da2d92760ae5,14eace30-1ac2-411e-8eef-98e8f32a87fb,2025-01-15T10:16,5,51.15,Card,Cancelled
458f9c37-55a4-487a-98ba-1ece7c6e3ac6,3dcaabe3-78c9-4d88-bed5-56ca7ceea07c,2023-11-29T10:16,2,12.86,Cash,Cancelled
f34731f6-6dbc-4e11-9c1b-4a572abcbc5e,53db1213-7316-47bb-9099-c1def0e3c96b,2025-03-06T10:16,3,47.73,Card,Cancelled
5a41f1f4-865a-4ea6-9160-f5cba9e2bcde,ebe19120-496a-47fa-87eb-2440212a3363,2023-12-18T10:16,2,25.24,Online,Cancelled
f70eeba8-ca1e-4d43-8742-b9efe744adda,103fcba5-5588-45a5-9fe0-6ac948d3860e,2024-09-07T10:16,5,66.75,Cash,Pending
53a21646-1009-4e96-8184-a0925ab52b42,99c406e7-092b-4eeb-bc08-56fc041c253d,2024-02-26T10:16,2,17.46,Card,Pending
46cfc9a0-02a1-4011-8601-b227938e7d87,b6c26110-1b77-4777-8c79-c69ec19b66df,2025-07-13T10:16,1,6.17,Online,Completed
5d9c348f-bf13-4b61-9a98-db419612590b,0472ca7f-b133-4710-8f43-24a3c6c1afd1,2024-02-11T10:16,1,19.68,Online,Completed
43ee8527-3e2c-4e28-ba18-7a27e997726d,6f61ca8e-51a1-48e0-abfa-88326e713e34,2024-01-11T10:16,1,14.72,Online,Pending
06f83739-5d06-4a79-9342-4c5859c97a17,c46351bf-193f-49af-a5d6-456188837c3d,2024-03-31T10:16,9,142.83,Cash,Pending
c310417c-f497-468f-806a-3f46fa896b11,caca465c-e9f2-4add-91b5-24c70595e321,2024-09-06T10:16,1,22.73,Online,Pending
928df579-9b99-43d5-b3c0-183a64343002,0472ca7f-b133-4710-8f43-24a3c6c1afd1,2025-06-11T10:16,3,33.15,Cash,Cancelled
df330020-bbd6-47ee-8219-1ea27bf4b56a,8e1bbe6c-7b75-46dc-8ca1-0b1664cd6ae4,2024-06-19T10:16,1,6.64,Online,Completed
2ac06c94-cbc8-46bd-b9fc-9e193ca7fafc,f0a6a958-e434-41bf-a830-dffa55a34db5,2023-11-16T10:16,9,215.28,Card,Cancelled
3a72ece8-480d-4882-aaeb-db5e0c20f73d,8113211c-bdc3-4bb0-94d9-3fd3871f3005,2024-03-18T10:16,5,120.95,Card,Pending
239bb800-09af-41bb-9e41-a712e266990c,ebe19120-496a-47fa-87eb-2440212a3363,2025-03-17T10:16,1,13.05,Card,Completed
08403450-18fd-4809-8f7d-701552ab7a7b,c63bd277-c81c-40c5-8720-6ce916d653c4,2024-02-05T10:16,3,32.67,Cash,Pending
edbcd00d-245f-4ce9-b33d-26f90209d7fa,f067e21d-d1d4-4e87-9cae-9753f5f9ccb6,2025-07-14T10:16,6,43.98,Cash,Completed
430b249d-8200-4af3-bf82-3a9f8a26edf9,1d32c3b3-c732-4995-aa6b-ff159deb3bdf,2024-08-28T10:16,2,34.24,Online,Pending
b95acf91-e37b-4d8d-a042-dbe4557c74ca,23650eb4-f98d-45a3-a90b-a378f03d469d,2025-04-11T10:16,2,44.94,Cash,Cancelled
066da923-a1a1-4b9f-98b4-2d03e7531b67,f543de06-e341-4de2-95ab-ca0fd3ee51fe,2024-09-02T10:16,5,79.75,Online,Pending
700e8437-b23f-45de-94a2-8dfd89ae1bea,8887df7e-682b-4d48-b18c-c1ddfa0aaa26,2025-10-19T10:16,9,123.84,Cash,Pending
cfa408f5-1ef5-4848-95bb-62d4b9956a3b,795088d7-d227-422e-ad8c-f048bde0675e,2025-03-27T10:16,7,208.46,Card,Cancelled
e023ded8-1549-4a6f-8f04-80b61f97cc10,401a6911-a31e-4892-adc1-56e3e1eb090a,2024-07-03T10:16,5,91.55,Cash,Completed
8d8d153b-c06b-4505-89f0-40b787898846,fdb5454e-2230-489e-ade4-9218ff28cbd8,2024-10-18T10:16,4,45.88,Cash,Pending
84d1d12b-cd14-4202-9be9-a55ed5c899c8,b0d737cd-ec4b-4a88-aa81-d012ef3fb719,2025-02-13T10:16,4,86.48,Online,Cancelled
ae706150-7c1b-4c9c-bfaa-cfe55aae4cce,d87f31d7-79ef-4c17-856e-142e791b04da,2025-01-11T10:16,6,119.76,Card,Pending
33080841-f8ae-4549-86bc-c71706b73b25,e277d099-db2a-4aee-ab86-8b0e73a34383,2024-04-25T10:16,9,205.74,Card,Pending
cfbf669f-f7d7-49f6-8312-46edad6fd6df,ceafdb2a-788d-48e0-acdd-bd533a2e7ab6,2024-07-07T10:16,2,15.04,Online,Pending
8e1fa0c5-830b-42ad-87bb-f2ca2dc5d8d4,500fde18-ea61-4380-9ea4-f06d09985870,2024-11-14T10:16,2,21.90,Online,Completed
ae8b1d0c-d78d-4d38-b962-9ed6015aa68d,3ab3404a-ee80-4ed2-8d90-a6f0dad14e48,2024-02-07T10:16,5,75.70,Card,Cancelled
156d7af3-2c1c-47c6-9bbb-4c64c6561ea8,b047b369-02d0-4f25-9af0-f1e883228863,2025-07-20T10:16,2,45.92,Card,Cancelled
00158f12-d6e1-4c4a-a343-2b0e27284b94,1407e9cf-22c9-4137-a2fe-cc12dc038235,2023-11-20T10:16,5,105.70,Cash,Pending
f98394db-ddc9-4e5d-9de0-8bb73ddabb49,0dd437d0-74fa-43c3-8909-5c955e4d47dd,2025-02-05T10:16,1,26.09,Online,Cancelled
082d85c7-f24b-4b34-8655-7ba9842e53cc,d7af10ce-45c9-4fc8-8dd8-b1c5491aad5f,2025-09-24T10:16,4,103.32,Card,Completed
e7540636-a366-494a-8067-46bf96ab5357,d87f31d7-79ef-4c17-856e-142e791b04da,2024-02-25T10:16,9,217.98,Online,Completed
1319f970-9a64-499a-b0f0-3f208c0353fd,1d32c3b3-c732-4995-aa6b-ff159deb3bdf,2025-07-09T10:16,9,114.39,Card,Cancelled
24efdad4-7510-4549-895b-f2858cbae7f6,d5cfb1a3-ce2f-4aff-ab4c-50e0c5426af1,2024-07-28T10:16,3,49.71,Online,Pending
7bfdc94f-a959-41be-a83c-ee1dd6275a7c,5d6f84a5-a4de-442e-99b9-b8ef714b4436,2025-01-16T10:16,9,224.73,Card,Cancelled
7b504999-f57d-48a6-9591-8045ea0dd9c5,0dd437d0-74fa-43c3-8909-5c955e4d47dd,2025-10-12T10:16,6,90.66,Card,Cancelled
b293ebbd-ef31-40a6-8e5e-7c6b29a9ddf0,8f7f530b-bb30-4a05-b437-744ed30af54f,2024-08-01T10:16,1,9.91,Online,Completed
f7ea8161-14a4-4f13-b474-9e6efeb1b378,d5cfb1a3-ce2f-4aff-ab4c-50e0c5426af1,2024-02-10T10:16,7,133.21,Online,Pending
f8eadb3a-9b93-443a-b129-1f322b2a5a49,5d6f84a5-a4de-442e-99b9-b8ef714b4436,2025-02-28T10:16,9,90.81,Card,Completed
7eabf01a-fd20-41e5-8cc6-1673df54057e,ebbc7df0-770d-44f8-b0ff-c62f9006e40e,2025-06-28T10:16,8,210.48,Cash,Completed
05e4889f-4dd6-4ab9-b56a-4c115eb096d7,cb8747c7-32ca-4b6b-868d-13ab01d953ec,2024-03-02T10:16,1,21.07,Online,Pending
0b4d6623-972a-492b-993f-d613c9b79610,6117b6f0-c4f4-4bf1-9eeb-f33950decba8,2024-09-04T10:16,8,52.24,Card,Pending
6bd586b9-1e22-418c-9567-7807c089912a,7169ef0c-f2c8-4ae3-83f6-87691664d2d2,2024-05-24T10:16,5,108.95,Cash,Completed
ecb2a2f3-41df-44a8-9685-d2bfa4de9618,00d7ae70-0f46-4453-963c-4ab2a3d29314,2024-03-28T10:16,3,84.90,Card,Completed
8adf3d9a-1ec7-4013-aaad-fbde2f58984f,4e6807ca-aed8-4ec9-b1b0-0e3aba57efb1,2024-06-14T10:16,4,24.24,Cash,Completed
cce78e87-5d8d-473c-b1f9-97c5c0d0552a,6b1178fc-1745-401d-88da-3903c243ebe9,2025-04-25T10:16,8,91.28,Online,Pending
f5e7c533-3eaf-424c-b023-1f0552a8a020,ceafdb2a-788d-48e0-acdd-bd533a2e7ab6,2023-12-25T10:16,6,113.16,Cash,Completed
1709652b-b1cf-495f-9da1-ddfe18524750,1407e9cf-22c9-4137-a2fe-cc12dc038235,2025-09-30T10:16,9,222.21,Card,Cancelled
4c0a844b-9cbb-4ac8-8e0d-2e7242368c14,7509850a-5062-4da9-aad6-bc5b9e363ef1,2025-07-13T10:16,4,101.76,Card,Cancelled
1d488dd1-cca3-4098-90c0-8f4bf85ef049,00d7ae70-0f46-4453-963c-4ab2a3d29314,2025-05-21T10:16,6,109.80,Card,Cancelled
0ff2f964-5e0a-4d5a-9a58-8bfb299f1356,2a109685-1399-4149-8951-fba29bb0360d,2025-04-10T10:16,7,209.93,Cash,Pending
610a9024-7cea-4495-92b0-24627919f2aa,f067e21d-d1d4-4e87-9cae-9753f5f9ccb6,2024-09-19T10:16,5,121.60,Online,Pending
de8726e7-42f5-4dec-b620-d20522369ff3,bb6bf39c-f455-4e08-a59e-1bdaaa91d4aa,2025-06-20T10:16,1,13.41,Online,Cancelled
28e74a93-b713-41ee-8cf3-3db6e7e5a3d1,f0a6a958-e434-41bf-a830-dffa55a34db5,2025-09-17T10:16,3,61.95,Cash,Completed
e87138f6-e650-4134-879c-5fa5e565e319,bc58b12c-65c4-4f21-89ef-3e492a22ef7c,2024-12-27T10:16,8,204.80,Online,Cancelled
8e8f1f7a-3d3f-41bf-a023-7dff25bcb808,46032f36-69bc-465a-9b33-a5d560bfd77a,2024-05-13T10:16,5,76.20,Cash,Completed
81ea1595-c441-45dc-9272-f727a3117c79,f90cf3ca-e2d0-4129-bc7a-e8a2b80880da,2024-12-25T10:16,7,55.30,Card,Cancelled
688aa817-6adc-42d0-a507-c0bb9dabd15b,0fcf4084-ea31-49f8-99f9-9bf8c8b0c16b,2024-02-23T10:16,6,48.54,Card,Cancelled
9b121164-e992-444b-8658-f001d1564231,941529ef-2114-4bff-907a-4596ff4593a1,2025-05-16T10:16,2,31.38,Card,Pending
ef3af2b8-5dad-4559-90ff-30a9f8055a6d,90f0db1e-2b19-43f7-ba17-233c7c214eca,2025-03-05T10:16,2,12.14,Online,Cancelled
8709f9bf-f54d-4255-b8fd-a798176e8554,983d66ae-c8b0-46b8-8abc-26a1055cf729,2025-04-02T10:16,2,47.74,Card,Cancelled
1a1d039e-8bbb-446f-aed3-ffb91bdd42a3,7a2e5fa5-096b-4701-8ce6-7a3db39bf8eb,2024-02-05T10:16,8,104.48,Cash,Pending
dd596a8f-c45c-4ca1-988d-e5e5b3d54da8,65b2c0ea-6192-47fc-9286-2c1dd3ecefb1,2025-10-12T10:16,9,139.86,Card,Pending
273a189c-4332-49f6-b70d-6a11c56f5983,aac35608-9499-49c5-811a-a059e773c968,2023-12-24T10:16,7,134.61,Cash,Completed
be39765c-b0d8-4e94-a9ff-2c3ba2680e83,0a570207-0f70-467f-bbeb-44a0a60a9a25,2025-05-22T10:16,2,42.96,Cash,Cancelled
8f599434-f22f-4c9d-81f8-ac2a35b1119e,ceafdb2a-788d-48e0-acdd-bd533a2e7ab6,2023-12-13T10:16,2,36.88,Card,Completed
ea310013-6a6e-4468-9e17-09a3bc644496,bfa3444b-2be9-46be-b944-720d86a59770,2024-10-10T10:16,5,138.35,Online,Cancelled
389eefba-52b3-4d32-bbd7-2b4dd2b0dd17,1d32c3b3-c732-4995-aa6b-ff159deb3bdf,2025-10-13T10:16,8,105.12,Online,Cancelled
8925770f-327f-4ccf-b61c-55bcce94a38e,500fde18-ea61-4380-9ea4-f06d09985870,2025-04-19T10:16,5,94.25,Online,Pending
eabc97c2-6ef3-4a95-9889-b1ddef0df6c6,941529ef-2114-4bff-907a-4596ff4593a1,2024-01-07T10:16,9,97.47,Cash,Completed
aa79fe0d-94a7-482d-94d3-baf51ae92301,b6c26110-1b77-4777-8c79-c69ec19b66df,2025-10-29T10:16,4,99.00,Online,Pending
e32570ec-7c8a-46e0-8df1-958e27c93cc4,fe624323-ba72-456d-9842-ed9e0edc75df,2025-04-22T10:16,4,86.84,Card,Cancelled
67e17929-47e7-4eda-bf95-a2aaf096fd3e,401a6911-a31e-4892-adc1-56e3e1eb090a,2024-01-24T10:16,3,20.58,Card,Cancelled
70c456c8-7feb-433c-aee5-a80858dee39a,8626238e-5813-415a-9a8c-db944b1e0269,2024-06-21T10:16,2,22.18,Cash,Pending
805d8eed-6716-488e-b91c-646f2677a9d7,ceafdb2a-788d-48e0-acdd-bd533a2e7ab6,2024-10-20T10:16,3,52.08,Online,Cancelled
8df5f45d-22dc-438d-af0a-3a0f0b0957e5,90f0db1e-2b19-43f7-ba17-233c7c214eca,2024-06-18T10:16,3,28.59,Cash,Cancelled
d4f2d949-6fe2-482b-a60d-88c957699fdf,10b26c2d-7d56-4175-84a8-a2775e128a9d,2024-01-14T10:16,9,46.17,Cash,Cancelled
0e711e81-5a44-4983-9088-c07b9d303e05,52c87fd9-fdf0-4256-b929-6153ad24a0ac,2025-02-09T10:16,8,88.56,Online,Cancelled
071574dc-8e46-4b06-8626-f4bd9cc4445a,5f6e51da-5f01-4c9a-85dd-7d50ef37e5d7,2025-02-01T10:16,3,34.35,Card,Completed
dec68657-ac32-4ac0-a96e-7604c39584b3,b0d737cd-ec4b-4a88-aa81-d012ef3fb719,2025-06-14T10:16,2,34.42,Card,Pending
d55c24c7-0de6-42d5-b06e-b7fa5c912cbc,5400d214-6176-40bf-88d2-3f53ed38bf69,2023-11-15T10:16,7,73.22,Online,Pending
dbae8a47-ea68-43b2-a00b-d72980e87c74,71f17b36-2c37-4cfa-bf8a-894fa94c0e9b,2024-06-27T10:16,4,97.92,Cash,Completed
81137d4e-707d-4372-8055-73bc728e84d4,d7af10ce-45c9-4fc8-8dd8-b1c5491aad5f,2024-05-02T10:16,2,45.22,Cash,Cancelled
4b8f41b6-fd9b-41f7-99e4-c9029e526e86,ecf1ffb0-ac00-4968-87ea-8beef4ace55a,2025-01-28T10:16,5,129.25,Cash,Cancelled
5762a404-68de-4e26-bc7e-52e8db22a324,9fa382f0-8393-48db-ad30-43c953282401,2025-08-29T10:16,5,71.00,Cash,Completed
aba3ec45-7cb0-4fe8-a889-7e9a51f1ce87,209e786b-2a61-4e52-a3b2-1cc98bcbf18c,2025-01-14T10:16,7,162.19,Card,Cancelled
08e54feb-ad17-463d-80f6-fc4036fbbf38,b047b369-02d0-4f25-9af0-f1e883228863,2025-11-10T10:16,8,210.56,Cash,Cancelled
b49f2dd1-24db-4b90-83cd-1c97ced477b2,53db1213-7316-47bb-9099-c1def0e3c96b,2024-08-23T10:16,5,86.40,Online,Cancelled
18f5b311-1672-49ba-8456-7cbd2378ee49,5d6f84a5-a4de-442e-99b9-b8ef714b4436,2024-11-09T10:16,6,92.46,Cash,Pending
6cd92c18-811a-4dba-8ed2-49e83f0fbb7c,485b65e7-fdf4-474d-afba-37986d8d3cd8,2025-04-10T10:16,3,29.28,Cash,Cancelled
08a86ba9-65fe-4d00-bcf3-1ad2829d5a31,1a31c678-d420-495a-aff3-0f1609514e1e,2024-07-16T10:16,4,64.48,Online,Cancelled
57e78789-867d-435a-a26f-a1ddf9e383a8,fdb5454e-2230-489e-ade4-9218ff28cbd8,2024-01-15T10:16,8,137.60,Cash,Cancelled
6bed2da6-8fcb-4bb2-928e-0bfbdff7b26b,b014b56e-3263-4b63-8430-46e00bc5ea77,2025-11-06T10:16,1,7.48,Card,Cancelled
43d208b5-999a-49cb-9335-2a6010ce7e32,050d9901-1cb5-413a-9c31-282028f863c1,2024-01-19T10:16,5,85.45,Cash,Pending
5fb2c795-5e47-4856-9c29-86147108d5b1,d7af10ce-45c9-4fc8-8dd8-b1c5491aad5f,2025-08-06T10:16,3,68.19,Online,Pending
7daddec8-a373-4ab2-ac2b-07b6f578cbc2,ceafdb2a-788d-48e0-acdd-bd533a2e7ab6,2025-09-03T10:16,5,91.25,Online,Pending
21964950-89c0-4938-a0a4-1bc550bdb547,f067e21d-d1d4-4e87-9cae-9753f5f9ccb6,2024-12-20T10:16,8,80.56,Online,Cancelled
1cd44f6f-e6db-48b3-a1b8-f7f22ed2af6a,d5cfb1a3-ce2f-4aff-ab4c-50e0c5426af1,2025-10-07T10:16,5,42.75,Cash,Cancelled
eaa3eac9-5a47-4596-84e5-fff3d90b0c51,485b65e7-fdf4-474d-afba-37986d8d3cd8,2025-11-08T10:16,6,57.06,Cash,Pending
e4cdd8f2-aa99-41a1-bc9d-da16f6aff8dc,b6c26110-1b77-4777-8c79-c69ec19b66df,2024-10-23T10:16,7,126.77,Card,Cancelled
148effad-1da9-492a-af67-ad1223e795b4,ff4db0d8-e809-46e8-9ae0-78ffee4902d9,2025-06-10T10:16,9,213.39,Online,Cancelled
369e6d51-f9ec-44d7-a64c-2e32bea3f929,bb6ceda0-3f7a-4dfa-9862-41a88dd468b2,2025-10-09T10:16,7,97.16,Card,Pending
cbeb1f56-1e6b-4090-9ef4-08a330307bed,a190f67b-21df-46bc-8164-46bdfa00af85,2024-05-18T10:16,9,92.97,Card,Cancelled
6538d575-572f-4c7d-a742-a4038e93ccde,23650eb4-f98d-45a3-a90b-a378f03d469d,2024-06-13T10:16,2,59.58,Cash,Completed
9004744f-93fd-42ce-bfef-885f74f15f2e,f543de06-e341-4de2-95ab-ca0fd3ee51fe,2024-12-05T10:16,1,24.73,Cash,Completed
5dd2a601-69d7-4a6b-a7c1-72f85cd29333,c83bba2f-5229-4998-9566-1f3179b13e8a,2024-08-04T10:16,1,9.73,Cash,Cancelled
957ebd90-b3fb-4e14-b051-f86a332ca349,cd50913f-8c99-4253-9134-0cf5fe5f300f,2025-08-18T10:16,4,74.44,Online,Cancelled
8e0241b0-4d24-4598-93f9-9f8c64d4587d,0130fcd4-a6cf-4a72-8400-7bcae1abce34,2023-12-25T10:16,3,50.58,Card,Pending
8b28772f-54ec-4518-88b3-a34cb4606c02,caca465c-e9f2-4add-91b5-24c70595e321,2024-09-27T10:16,2,58.62,Card,Completed
fb6ba820-1348-42c7-9c92-cb851f34ead8,f3826f04-0dfa-4266-8002-58fede0093f5,2025-04-19T10:16,2,30.84,Online,Completed
0be565ec-81d4-47ff-9eb8-50628d434464,500fde18-ea61-4380-9ea4-f06d09985870,2024-02-23T10:16,6,169.98,Cash,Pending
f3de9fcb-33cd-4f9b-8358-3e6145782109,885715b6-b1eb-44ca-8460-28c0343e56f3,2024-06-30T10:16,6,158.22,Card,Pending
11fe2bed-ddbf-4314-9a55-2e35f1b2f766,f543de06-e341-4de2-95ab-ca0fd3ee51fe,2024-10-25T10:16,3,48.81,Online,Completed
80e9e36f-ed17-4f1d-a787-214e34490cc6,f0a6a958-e434-41bf-a830-dffa55a34db5,2024-11-22T10:16,3,34.35,Online,Completed
125a5a94-348a-4db6-b810-234fa8732f3a,dcfb3d05-846d-4915-99f3-ebbc7559d972,2025-10-05T10:16,7,64.61,Online,Pending
19d92bc6-1851-45df-9ef0-42eb655c5a93,36b880b0-e9bd-4c0b-8f1c-32018f6c758a,2024-05-09T10:16,5,44.70,Cash,Pending
b69dcad8-c4a5-4ab9-88de-ce0a9bf259c1,93cdeef1-3fc3-4a63-a275-0ae87ae6b335,2024-10-27T10:16,6,74.94,Cash,Completed
57a63077-2532-469a-9403-aa7f1176d782,ef7fad1f-a86f-4ee1-95b4-ce1f339f0fa5,2024-02-12T10:16,9,125.55,Cash,Completed
6fcd61bf-5f28-40fb-b0e0-6e867c481d0b,7169ef0c-f2c8-4ae3-83f6-87691664d2d2,2025-01-09T10:16,2,50.54,Card,Completed
75c05e63-be6c-42b8-9f79-5cc682dc814d,c83bba2f-5229-4998-9566-1f3179b13e8a,2024-03-23T10:16,5,140.10,Cash,Completed
9cf9ec86-9ee1-496a-900d-251a860cfa32,62a2bfef-ca4a-4dec-90ea-bf15ea1880d2,2024-10-04T10:16,1,22.66,Card,Completed
71e7adf5-52e7-451e-baaf-6fb1b5c79357,f0a6a958-e434-41bf-a830-dffa55a34db5,2025-01-20T10:16,6,112.80,Card,Completed
eb3780df-b5f8-4f33-a41d-68b5b3c9e10e,67c276b0-7be6-4f3c-bf86-c342095c8112,2023-11-17T10:16,3,16.47,Card,Cancelled
ccf810ae-1c1e-4a05-a1c6-9fe171f4e683,0a5a9fc7-e126-48f0-99aa-dea85c606f66,2025-05-31T10:16,5,112.75,Cash,Cancelled
190a30d8-d08b-4744-9099-baccdb058800,8626238e-5813-415a-9a8c-db944b1e0269,2023-11-23T10:16,3,66.27,Cash,Completed
c078dcec-06b2-4d12-a3be-95cae1814b2a,8626238e-5813-415a-9a8c-db944b1e0269,2025-01-13T10:16,6,104.52,Cash,Pending
e4a749fa-d357-473c-b139-9c3cfdd3c274,b3688304-b24b-416a-9bf4-c2b6aaeb59d3,2023-12-08T10:16,3,86.76,Online,Cancelled
466f4195-caef-4d52-bfb8-f1dedec78805,93cdeef1-3fc3-4a63-a275-0ae87ae6b335,2024-08-08T10:16,4,80.12,Card,Completed
36a73e1b-7cda-45cf-bd9e-3fe472c80550,0a570207-0f70-467f-bbeb-44a0a60a9a25,2025-02-03T10:16,4,75.36,Card,Pending
2df6860c-d010-4a52-8046-4caf1b8e5682,a190f67b-21df-46bc-8164-46bdfa00af85,2025-08-30T10:16,9,230.04,Cash,Completed
97cb7d2b-0b37-4db3-87d3-7b0dc0c3d778,4717d2a3-4b2a-44f1-b960-a2b73e2d23fd,2025-02-19T10:16,2,10.28,Card,Completed
3bda9752-d34b-490e-be03-6f92e7d5b4cc,2a109685-1399-4149-8951-fba29bb0360d,2024-05-09T10:16,6,82.14,Online,Pending
f30dc53c-d1cc-4016-a72d-55cbebdfbbf9,fbe227d7-6d32-4407-9783-7fdac983e55f,2024-03-19T10:16,6,108.90,Online,Pending
2b716fc2-b82f-4195-a430-d1603475e1a0,05ccd8a5-ea5f-4353-bd1e-3022152b0685,2025-03-13T10:16,4,98.32,Cash,Pending
096e07e4-7bcc-4bab-9b78-ce0108d1c712,795088d7-d227-422e-ad8c-f048bde0675e,2024-01-27T10:16,3,70.65,Online,Pending
e38b6e99-ae40-457e-8c3c-04032d563449,7a2e5fa5-096b-4701-8ce6-7a3db39bf8eb,2025-10-26T10:16,2,16.82,Cash,Completed
118264d0-afdb-43d2-922f-ba61dbcea6e8,8250871a-2b35-424e-a1a1-4eb4faffabfb,2024-07-25T10:16,1,8.95,Cash,Completed
a894d905-2e2a-4f80-83b5-955e2283da95,2a109685-1399-4149-8951-fba29bb0360d,2025-01-04T10:16,6,76.56,Card,Pending
f9ec48e1-217c-42b0-a3bf-86cf7a089045,a190f67b-21df-46bc-8164-46bdfa00af85,2025-02-22T10:16,6,43.62,Card,Pending
cadfeed0-afb2-4b95-a797-80db2b1c0160,4bb2d776-14c0-4ef6-b8ba-c580cbed72b8,2025-03-25T10:16,5,142.95,Online,Pending
011463a2-9e21-4685-9df4-c0cfe20075ff,d5cfb1a3-ce2f-4aff-ab4c-50e0c5426af1,2024-01-29T10:16,3,67.23,Card,Pending
aae9cbe8-9fb9-4e03-b46b-eb52cbdd18ec,3e97fc93-73a7-45e0-9888-f7a03ee258a7,2024-06-18T10:16,6,56.10,Card,Pending
d69b4718-c6c5-4a85-aeb5-912b00539b19,0a570207-0f70-467f-bbeb-44a0a60a9a25,2024-06-06T10:16,7,155.33,Cash,Completed
0f254ba6-741d-4bb4-9486-8e4157633eca,d3f641e5-b8b5-4f5f-9155-7768df2033e8,2025-04-01T10:16,5,139.50,Online,Pending
71d16745-2ac1-4d8c-8427-6cf9ea4227f8,e6e1db85-f8ba-4264-9c9a-520ecda4bc4c,2024-11-01T10:16,6,61.38,Online,Pending
8b0f4639-df7f-4773-aa68-7a45c01572ff,103fcba5-5588-45a5-9fe0-6ac948d3860e,2023-12-15T10:16,9,175.05,Cash,Pending
79bff709-fa66-4002-b205-84c783eed98c,a5ffc907-be77-43e6-8694-4a0bf09bd3fb,2025-08-07T10:16,8,151.12,Card,Pending
d668cc5a-d9ac-4ff3-be2f-d4abd9b9cefa,c9dcc28a-ae5f-477c-ae7e-72d94129f449,2025-04-25T10:16,2,56.24,Card,Completed
cb2c83c8-76c1-4515-99f4-e2ef7d7fbbce,46032f36-69bc-465a-9b33-a5d560bfd77a,2023-12-09T10:16,7,61.46,Card,Completed
90ab5b68-91aa-4a57-ae5a-bf137fda45fb,935ebde1-5945-4673-886e-1a7a12cc2d4e,2024-12-02T10:16,8,211.12,Online,Cancelled
c25f4127-1622-4dc0-87a6-9863a7ac238d,fbe227d7-6d32-4407-9783-7fdac983e55f,2024-02-07T10:16,7,198.45,Cash,Completed
16ad65f9-fd2e-4928-810a-049885d9c083,77ca464a-fe0d-4dcc-8f08-3eb2f7b64f76,2025-06-16T10:16,9,213.75,Online,Completed
9e38238e-367b-4b8d-b366-7d0410859bcf,935ebde1-5945-4673-886e-1a7a12cc2d4e,2023-12-13T10:16,8,187.84,Cash,Cancelled
8f514dc7-61a6-4287-821c-08600946245b,e7991221-0de0-4ef8-aa9c-ca3b59197059,2025-05-17T10:16,9,268.11,Cash,Completed
f5ed724f-85af-4b68-adf1-a764968dfdc8,6117b6f0-c4f4-4bf1-9eeb-f33950decba8,2024-02-02T10:16,1,16.20,Card,Pending
96a9b686-61ed-4a60-9079-ea244b1f9903,885715b6-b1eb-44ca-8460-28c0343e56f3,2025-05-21T10:16,1,11.35,Cash,Pending
5a26e62c-7ab0-4ed3-a053-1e9e5db7adfe,d5cfb1a3-ce2f-4aff-ab4c-50e0c5426af1,2025-07-06T10:16,3,18.00,Cash,Cancelled
d4d7c219-306b-48ca-810c-928e8243242f,953417c6-cd52-45e9-9ca0-bb450653c934,2025-05-28T10:16,5,148.85,Online,Pending
ab68a254-54fe-4048-8a1f-8bb82e63e883,e7991221-0de0-4ef8-aa9c-ca3b59197059,2024-01-04T10:16,5,129.65,Online,Pending
38f8ca16-59da-41b9-9335-b12397abd93a,3ab3404a-ee80-4ed2-8d90-a6f0dad14e48,2025-05-16T10:16,1,15.86,Cash,Completed
f9a30831-6772-430e-8aaa-ce72894e98cc,52c87fd9-fdf0-4256-b929-6153ad24a0ac,2024-04-07T10:16,4,64.56,Online,Cancelled
ad5fed72-ab1a-4cd1-b9d5-285dda4d63a4,25659c0e-6eb5-4c57-add8-fb6ac5f42699,2024-05-18T10:16,2,46.52,Card,Completed
a7c6a6f3-1511-4e3f-9c2d-9703379d8d92,80537cf2-360f-4740-8b7e-d4cd56e22987,2025-07-04T10:16,7,144.34,Cash,Pending
771f975f-a2fa-4d70-8794-34bd6e1438d3,0a0ac3e5-6e20-4fbc-87ec-5481c70e38bc,2024-05-11T10:16,4,57.48,Online,Cancelled
0c23dfba-1467-4092-a2ef-133bfb11b429,06e585f0-5b60-4900-81d1-3379328e6c17,2024-12-23T10:16,5,112.95,Cash,Cancelled
02877ee7-f66f-4e03-9d35-d15b6d5c7f7f,52c87fd9-fdf0-4256-b929-6153ad24a0ac,2025-08-01T10:16,8,235.36,Cash,Cancelled
fa16988e-0b0c-46df-82a0-6fd65bc4cb0b,f6c35464-33dd-44a7-bf84-071f2e427045,2025-04-25T10:16,9,143.19,Online,Completed
2e22af7f-3d8a-4108-b224-1efc0da89e19,b03f75c1-655f-4480-a2bf-1a0af806e96e,2025-11-05T10:16,6,151.56,Cash,Cancelled
e226f13b-2661-4e09-9462-9d5385f19055,365c90d0-a590-4209-9401-2ce55af5ed98,2024-09-10T10:16,6,116.34,Cash,Cancelled
a89e308d-010c-4733-a83f-9dc99c8d1075,7169ef0c-f2c8-4ae3-83f6-87691664d2d2,2023-12-12T10:16,1,28.07,Card,Completed
f68ac93e-b9df-4078-a135-a190a6953b16,b90a3a7f-421e-47e5-8598-fe50f365a62e,2024-12-11T10:16,5,38.95,Card,Cancelled
c15482df-33d7-4bb6-aee0-bd1e04aa20ab,7d2df59f-386d-4aec-85a8-2443262a0cb4,2024-05-03T10:16,2,40.28,Card,Completed
89ff8a5b-196f-44e1-aa49-e20044da1f66,56a75a3e-a944-4147-8cba-f1024726993f,2024-09-21T10:16,1,22.12,Card,Completed
ddd54e70-4ff6-4728-a00d-811a890460c8,3dcaabe3-78c9-4d88-bed5-56ca7ceea07c,2024-06-12T10:16,8,152.32,Card,Cancelled
0243900f-15bf-4839-be92-a4ab82db9dca,52c87fd9-fdf0-4256-b929-6153ad24a0ac,2024-08-29T10:16,6,66.66,Cash,Completed
c91b49a2-4722-45c8-a7c5-ca356fd5760c,98b17fed-218c-4f20-8410-9f0edfc74455,2025-06-23T10:16,9,201.78,Card,Completed
2eca2216-eca2-4be5-af54-c1f47c3b485f,3910ab11-8758-4a4f-8a9b-c4f5df7413c4,2024-03-28T10:16,9,73.98,Cash,Pending
a9b0d09e-7666-4145-b4bd-73b087cdfd3d,c3ffc43c-0c11-40fa-9824-f234161741d0,2025-06-25T10:16,5,125.30,Online,Completed
8f97f1b8-5f1b-4f2e-a061-758870a385eb,941529ef-2114-4bff-907a-4596ff4593a1,2025-09-03T10:16,9,227.52,Cash,Cancelled
af49ea25-1d90-42f2-b7ae-0f8396f3522d,4717d2a3-4b2a-44f1-b960-a2b73e2d23fd,2025-03-21T10:16,3,64.20,Cash,Pending
1dd7b0e9-4cb4-455f-ae41-d61e41eaa333,0130fcd4-a6cf-4a72-8400-7bcae1abce34,2025-02-16T10:16,1,25.79,Card,Completed
1630e68e-ce29-4c0a-86c4-f5197f0991bf,7a2e5fa5-096b-4701-8ce6-7a3db39bf8eb,2025-01-30T10:16,9,196.83,Cash,Completed
208b4876-9ed2-488f-9350-0d9726ee66c2,4739f27f-7a96-4d52-83ae-0c6fd4c8c606,2025-10-28T10:16,6,174.42,Online,Completed
1d360dc8-a676-464b-815d-5207bde92fa7,c9dcc28a-ae5f-477c-ae7e-72d94129f449,2024-02-07T10:16,9,187.65,Online,Cancelled
ca0c67b3-fe56-4c22-997a-652410f6f2b5,11526850-7335-463f-b740-a52a90457c3b,2025-10-20T10:16,9,173.52,Online,Pending
97884ac8-20f5-4b60-8d11-806a8e52f9f8,52f5634d-de98-4543-8a1e-cbf1e2d0242f,2025-08-31T10:16,8,180.72,Card,Pending
a3461093-e4f2-460e-83c5-e2e1e28ade38,0d463f72-c3a1-4a2b-8d0d-1721a0d1a06b,2024-09-08T10:16,7,184.03,Card,Completed
413a78c2-6814-4b89-a0db-7fbbe62540ad,428424b7-1f94-496a-8b7a-497ce177d32c,2024-05-13T10:16,2,10.98,Online,Pending
386b9f73-b218-4ba9-943a-f9d7982fde66,9c53f3f8-5b22-4d77-bd76-cfa6c70e443c,2025-01-29T10:16,5,115.75,Cash,Cancelled
d9b09022-9965-466e-bbf1-87239ea1818b,0df3bae1-6384-4856-aa27-aef9f6c48b75,2024-03-26T10:16,1,14.64,Online,Cancelled
2e6e2ab9-460f-4bc5-812c-bea0737a7fb0,0472ca7f-b133-4710-8f43-24a3c6c1afd1,2025-01-09T10:16,3,40.98,Online,Pending
a60d31d0-16ee-4302-a059-d28ed323e643,5d6f84a5-a4de-442e-99b9-b8ef714b4436,2025-02-28T10:16,4,42.76,Card,Cancelled
613d6907-34be-4bd2-af95-80381168fb65,c1a09d60-c9e8-4489-a68e-e01b51541d33,2024-02-15T10:16,4,59.88,Online,Pending
3da190ed-c11a-485b-801f-439d9dffbb0b,500fde18-ea61-4380-9ea4-f06d09985870,2024-09-02T10:16,8,78.40,Online,Pending
95ba29ab-5a7f-40dc-842e-488fd1dd5f34,25659c0e-6eb5-4c57-add8-fb6ac5f42699,2024-03-19T10:16,6,45.78,Cash,Pending
9d32b660-e33a-4ce4-bcd2-d08aa3a26572,401a6911-a31e-4892-adc1-56e3e1eb090a,2024-09-01T10:16,3,84.90,Cash,Pending
57fccf10-d61f-4420-9284-cd58536651b9,23650eb4-f98d-45a3-a90b-a378f03d469d,2024-10-23T10:16,3,19.86,Cash,Completed
145a7d39-0283-405a-9707-20d002d6cbf1,8b546c63-5406-493d-bc69-cfb594b38267,2025-04-24T10:16,1,6.96,Cash,Cancelled
1d58b64d-8f1b-4b59-8e0e-5d82dc967e5b,00d7ae70-0f46-4453-963c-4ab2a3d29314,2024-09-04T10:16,9,167.31,Online,Completed
519b1f16-bd77-498c-850d-3cc3e9ca782b,3e97fc93-73a7-45e0-9888-f7a03ee258a7,2025-09-15T10:16,2,16.56,Card,Cancelled
69bf97f9-c30b-44bd-9e0b-6879f63f8788,05ccd8a5-ea5f-4353-bd1e-3022152b0685,2024-09-01T10:16,5,120.10,Card,Completed
27996765-1fca-4cfc-b036-82d0a4d8cee3,e12c3d24-86c8-474f-b86b-370df36adbfe,2025-10-25T10:16,2,46.42,Cash,Completed
9bcc93fa-2e0c-4e7f-b094-1800bb79ade9,99c406e7-092b-4eeb-bc08-56fc041c253d,2024-01-06T10:16,5,101.10,Online,Completed
e40a5dc7-9fd7-490d-b8f8-34755a1ee7a7,74e76582-f1b8-4560-b049-8aebb59d4721,2024-12-19T10:16,3,41.25,Cash,Pending
a882096f-1d20-4d8f-a12f-9ce3581f639b,8626238e-5813-415a-9a8c-db944b1e0269,2024-07-22T10:16,3,31.11,Cash,Completed
2ef575bd-22e1-43aa-b3d4-28dd65e09603,a302a1a8-c429-406f-abff-9f273aa0a4b5,2024-04-04T10:16,2,44.68,Online,Cancelled
17c30cae-fe8d-4c6a-a229-0999a90f5a66,02c65c06-56ad-4670-b8e2-10ab417c7154,2025-03-28T10:16,4,99.56,Online,Pending
ee5a6361-d72b-4095-bb20-b2b15993fbbc,0fcf4084-ea31-49f8-99f9-9bf8c8b0c16b,2025-01-14T10:16,1,11.50,Cash,Completed
e92f50f9-f362-4728-a3fc-42a2d3e2904b,98b17fed-218c-4f20-8410-9f0edfc74455,2025-01-15T10:16,2,57.00,Cash,Cancelled
81d45f78-eb3d-47c8-bf25-273d6ad9355e,52fbb114-83aa-432d-b2f1-f3e37a5c4754,2024-09-11T10:16,6,171.96,Online,Cancelled
f0ead443-af2e-481e-8d56-bd47edaa5dbb,3910ab11-8758-4a4f-8a9b-c4f5df7413c4,2025-07-13T10:16,4,99.72,Cash,Completed
50c4102d-c76a-48f6-84b8-43fd33e2055b,8250871a-2b35-424e-a1a1-4eb4faffabfb,2025-06-12T10:16,5,27.00,Card,Completed
01dbe0a4-45d8-4e4d-b50e-d52e4e52abf2,52fbb114-83aa-432d-b2f1-f3e37a5c4754,2024-02-10T10:16,4,118.84,Cash,Completed
74e40ad9-1135-46fb-816a-911f5a24a617,bf0de251-90d7-423c-8b31-48df1a89964f,2024-01-22T10:16,3,70.92,Online,Pending
e4e11a41-fda9-44dd-bbbc-f9f762bac0b9,910b1d47-5c37-48b1-8bde-96c60660f1d7,2025-04-14T10:16,2,30.80,Online,Cancelled
376b8075-29f4-48fb-ac2f-354a44cc2d4b,a302a1a8-c429-406f-abff-9f273aa0a4b5,2025-11-04T10:16,1,23.41,Online,Completed
7ae5d945-4996-4ba5-9197-9412a82270c7,8626238e-5813-415a-9a8c-db944b1e0269,2025-04-20T10:16,1,24.66,Online,Completed
efcbf97e-9b40-40df-9629-009adf0a14f6,80537cf2-360f-4740-8b7e-d4cd56e22987,2025-09-19T10:16,7,192.50,Card,Pending
5de044ab-38f6-437e-9750-61d8af9dd3ab,1a31c678-d420-495a-aff3-0f1609514e1e,2024-08-27T10:16,9,178.11,Online,Cancelled
836c0571-d231-4a6e-8616-3f5b15964c96,0d463f72-c3a1-4a2b-8d0d-1721a0d1a06b,2025-06-27T10:16,3,26.01,Cash,Completed
1a4cd63b-8938-4ccb-8db5-9f364fd3df3b,fe624323-ba72-456d-9842-ed9e0edc75df,2024-09-10T10:16,3,69.54,Cash,Cancelled
24f90636-bbeb-4f28-b90a-3cdd93ff28da,c5817fdc-a4dc-4879-b957-30cfda62016b,2025-10-17T10:16,8,194.40,Online,Completed
c83c1cd6-48a1-4d13-8735-ed495b35ed66,52c87fd9-fdf0-4256-b929-6153ad24a0ac,2024-09-10T10:16,2,33.36,Cash,Completed
6425552f-77a5-406d-8d04-ad2518683708,cf65c4b6-4c1c-420b-95de-23e5b56ffad5,2025-01-17T10:16,1,13.44,Card,Pending
0fe3eed4-bdb8-467a-a750-775eeb4b5161,5f0f3def-9ff6-4282-ad04-001c4a769966,2025-02-08T10:16,7,76.44,Online,Completed
14b745e5-71f8-4228-8953-b0bb52a22916,99c406e7-092b-4eeb-bc08-56fc041c253d,2024-02-19T10:16,4,71.12,Online,Cancelled
20f977ff-a1a7-428b-b398-f364430616bf,0df3bae1-6384-4856-aa27-aef9f6c48b75,2024-09-30T10:16,9,158.04,Online,Completed
176be3d0-927e-4798-9d07-896fa69be455,a3f626b9-cc27-4c04-8570-be79ab8bda4a,2025-09-06T10:16,3,57.42,Cash,Cancelled
4786e8b8-ef46-455d-ae65-5c8aaf81270e,3e97fc93-73a7-45e0-9888-f7a03ee258a7,2024-05-08T10:16,2,11.94,Online,Completed
e111736c-642b-433f-9a76-c22232b00af6,6c3bf618-a715-40f9-9faa-cfc5f5beef2f,2025-10-11T10:16,7,195.02,Cash,Pending
09d4c960-af72-43dd-bca1-bda05db6ec90,3befa4dc-d961-4a3a-9410-d43d1bdaa335,2024-05-06T10:16,3,54.30,Online,Pending
e943c883-c2f7-474c-b2a5-3d3528a87c7c,0d463f72-c3a1-4a2b-8d0d-1721a0d1a06b,2024-04-23T10:16,1,24.93,Card,Pending
1342ca0a-05ce-4941-a74c-0e01abc724bc,9c53f3f8-5b22-4d77-bd76-cfa6c70e443c,2024-05-21T10:16,9,221.13,Online,Completed
270f9f89-9368-45dd-8a78-0bab3e157413,6c6a3b10-9747-4dca-a041-4edc22d147b0,2023-12-31T10:16,9,251.46,Online,Completed
23c319cc-21a2-4b23-b6b2-4019937c5d83,7509850a-5062-4da9-aad6-bc5b9e363ef1,2024-05-09T10:16,7,208.39,Cash,Completed
04e175ff-4b4e-4b58-bb37-78eaea899034,b95f7619-fab2-4df9-8683-1f2aeb93a660,2025-07-22T10:16,7,80.50,Online,Cancelled
6ff9e163-d359-4c47-a900-23bc1a1bce58,885715b6-b1eb-44ca-8460-28c0343e56f3,2025-03-17T10:16,2,10.32,Card,Cancelled
1ccc461f-f56f-4d06-a525-4f31cabe425b,a5ffc907-be77-43e6-8694-4a0bf09bd3fb,2024-12-23T10:16,4,67.24,Online,Completed
3a28aee7-195c-4e49-a297-9512c9681dac,0dd437d0-74fa-43c3-8909-5c955e4d47dd,2023-11-28T10:16,4,55.32,Online,Completed
21944dc4-5428-4b5f-82da-9a7dc019cd6b,5eb75bc0-d5fa-4209-9d42-7767f3f0585b,2024-02-28T10:16,6,70.20,Card,Pending
346bc42b-13b9-41e3-bb89-946392da7075,aff4340c-d102-49ba-af8e-84d2737ce82c,2024-06-26T10:16,7,73.50,Online,Cancelled
22adf598-7746-4d25-bf05-59ddec61d3fe,365c90d0-a590-4209-9401-2ce55af5ed98,2025-08-12T10:16,4,66.72,Online,Completed
223586c9-acfa-44cb-9690-ba7f757f31a3,d5cfb1a3-ce2f-4aff-ab4c-50e0c5426af1,2025-03-02T10:16,7,97.93,Card,Completed
62adb914-9add-4a6d-af9e-6002cab8106b,e6e1db85-f8ba-4264-9c9a-520ecda4bc4c,2024-04-10T10:16,1,13.19,Cash,Completed
1a5f3e5e-3e54-430a-bb65-c07b7e840072,89d26a00-0fde-4c03-8430-b06f6bc3f33a,2025-10-15T10:16,7,103.95,Cash,Pending
0be8b25e-da5c-4ccd-a19d-3d8331615a3a,b95f7619-fab2-4df9-8683-1f2aeb93a660,2025-02-12T10:16,9,157.77,Cash,Completed
125248cc-a523-4612-873b-41090ffbcacb,52f5634d-de98-4543-8a1e-cbf1e2d0242f,2024-12-14T10:16,4,44.24,Card,Completed
f0f9fac2-fdaf-4950-a20a-1612e87ff8a7,d5eaf6a7-76cc-48ec-98d9-ba713e2df70f,2024-11-15T10:16,9,164.25,Cash,Cancelled
df7fd74b-a027-46d9-a2ff-408dac50fb2e,67c276b0-7be6-4f3c-bf86-c342095c8112,2025-09-22T10:16,5,49.35,Cash,Completed
d9e4b04f-cacf-4471-b240-8acbc1e0ac2f,d6d4ef4b-0870-48aa-b884-013237f255f4,2024-06-28T10:16,9,220.23,Online,Pending
4d9f41b5-59e1-4cfd-8204-e54c761e1ea7,c3ffc43c-0c11-40fa-9824-f234161741d0,2024-07-12T10:16,9,155.70,Cash,Completed
66248d1f-192b-4544-bfac-edc4291a4eca,cf65c4b6-4c1c-420b-95de-23e5b56ffad5,2025-04-22T10:16,4,30.68,Card,Cancelled
0bb2da28-0ed4-4bf4-9137-82e2b3e9af9a,b047b369-02d0-4f25-9af0-f1e883228863,2025-05-08T10:16,3,35.70,Card,Completed
30bdd4df-2ee1-4245-be9e-1eac381b29f5,4f6ae324-5b6d-47d6-a86d-26ec6fbe1e0e,2024-02-24T10:16,3,78.39,Online,Pending
26cd2318-07a1-439e-8a6b-8a40c7157778,103fcba5-5588-45a5-9fe0-6ac948d3860e,2025-05-14T10:16,2,14.44,Cash,Cancelled
7d09d4c6-aad7-4ee1-b60d-945ecc33ea6f,0a5bd884-b432-4ce5-b14e-44b4aedd4c0f,2024-04-08T10:16,6,54.90,Online,Completed
48eda16d-4e55-4081-a0ab-b015fbed59d3,6945f6f4-b8f9-4d04-90ff-e59ed705578e,2025-02-23T10:16,4,114.96,Cash,Cancelled
776747ec-4441-434f-9bb8-e2cc10689ff9,bc58b12c-65c4-4f21-89ef-3e492a22ef7c,2025-04-18T10:16,9,161.37,Online,Cancelled
acf4c99a-2208-4ea4-84fa-f7475c805a77,b90a3a7f-421e-47e5-8598-fe50f365a62e,2024-02-09T10:16,3,68.46,Card,Completed
9d0af9d7-7e98-4f42-b494-2998a0d8d8fc,69446e90-4237-4410-ab55-e011eb04cce0,2024-10-15T10:16,2,58.46,Online,Completed
23d44c0b-72aa-4b0f-bc1e-f9528b773040,a190f67b-21df-46bc-8164-46bdfa00af85,2024-05-23T10:16,9,194.85,Card,Completed
2d16ae17-4f38-4fff-acd5-12ef1855fc0f,1a31c678-d420-495a-aff3-0f1609514e1e,2025-07-25T10:16,2,31.30,Online,Pending
4e9c0601-01a7-46e1-ad96-1032c9ba8f12,8b115a34-224b-453c-be69-b53a7445b466,2025-02-06T10:16,2,20.26,Online,Completed
0ce88558-bf84-4f07-a0cf-12c88a79cc57,ff4db0d8-e809-46e8-9ae0-78ffee4902d9,2024-03-12T10:16,4,109.40,Card,Pending
65ddc40f-8f90-4623-9ec2-102be28ab55f,d87f31d7-79ef-4c17-856e-142e791b04da,2025-01-14T10:16,7,88.55,Card,Pending
7de25502-edbe-400b-96d4-b613bb820917,f067e21d-d1d4-4e87-9cae-9753f5f9ccb6,2025-01-12T10:16,5,72.60,Card,Pending
ff013ef4-39c5-4b5c-9d20-2f1f2064cc7b,4b14a58c-f1e4-40b6-888d-a88cd7055099,2024-12-16T10:16,2,10.88,Online,Pending
bda6a24d-f4e1-4a0a-9100-51fe64c36840,3910ab11-8758-4a4f-8a9b-c4f5df7413c4,2025-07-24T10:16,4,96.64,Card,Pending
fd783db4-20d8-4db2-bd9b-a0118001068d,49af098b-bf79-4643-8e49-739ea932d38b,2024-07-14T10:16,9,57.69,Cash,Pending
a97b30df-2942-47e2-acd2-9bc00041df74,6c6a3b10-9747-4dca-a041-4edc22d147b0,2024-01-10T10:16,7,53.97,Card,Cancelled
580ad69c-7e17-46bb-ab17-2203418efa17,bf0de251-90d7-423c-8b31-48df1a89964f,2025-04-30T10:16,3,23.22,Online,Cancelled
56cde26b-bc74-4a33-9be7-d1f510da2e53,c3ffc43c-0c11-40fa-9824-f234161741d0,2025-09-02T10:16,2,38.16,Online,Cancelled
10302c57-9ab5-4152-886c-e13b97d332b8,14eace30-1ac2-411e-8eef-98e8f32a87fb,2024-03-02T10:16,9,99.90,Cash,Pending
35b8b472-19fc-4197-a4f9-2fd0a57911ca,a3f626b9-cc27-4c04-8570-be79ab8bda4a,2024-08-24T10:16,3,32.76,Card,Pending
2f17bd4e-3c2d-473a-b263-abc61bacc9a5,ebbc7df0-770d-44f8-b0ff-c62f9006e40e,2024-10-09T10:16,7,181.58,Cash,Pending
d415046d-e692-4b44-8d24-9d9254d68876,935ebde1-5945-4673-886e-1a7a12cc2d4e,2025-10-01T10:16,4,49.20,Card,Pending
b657bf85-32fc-4986-b1b3-8097ec45d5f8,9b9edd1e-b4f7-414c-b8b5-a3dc51fa0a8c,2025-06-17T10:16,4,56.60,Cash,Cancelled
f578d285-1735-40de-ab2e-a54c7cd2dad3,e119f98a-df63-41dc-8e01-bb49ca2dc724,2025-03-25T10:16,4,28.16,Card,Completed
8129647d-ddd6-44c2-bec8-1d75c899c599,d3f641e5-b8b5-4f5f-9155-7768df2033e8,2025-02-15T10:16,2,27.60,Card,Completed
5dfde0d5-a994-4550-baa9-106a5854cee7,73a2b03c-2dca-486e-8ebc-c4d6bb68a8c6,2024-10-23T10:16,9,268.11,Card,Completed
e01b5637-d5b0-4020-ac20-ec7cd1166228,b90a3a7f-421e-47e5-8598-fe50f365a62e,2025-06-12T10:16,8,140.88,Online,Cancelled
9d576401-b475-4f03-ba62-3cc17f60d4f6,f0a6a958-e434-41bf-a830-dffa55a34db5,2025-04-28T10:16,9,125.28,Online,Cancelled
ae4cfbed-02da-42de-b3db-b3dbea974a25,f90cf3ca-e2d0-4129-bc7a-e8a2b80880da,2025-08-18T10:16,7,102.62,Card,Cancelled
a9c803e4-d666-4be7-994a-87b2754babdb,36b880b0-e9bd-4c0b-8f1c-32018f6c758a,2025-11-07T10:16,9,117.90,Card,Completed
9278f8e3-a4b9-473d-9c5a-646ba35d0a8f,98b17fed-218c-4f20-8410-9f0edfc74455,2024-02-17T10:16,6,116.64,Cash,Cancelled
bb220745-c698-482d-8c70-5337ab66862c,7d2df59f-386d-4aec-85a8-2443262a0cb4,2024-03-24T10:16,9,132.21,Cash,Cancelled
32227ad9-430f-40b3-9a76-6ac52d8ea4af,52f5634d-de98-4543-8a1e-cbf1e2d0242f,2024-02-04T10:16,4,88.04,Online,Cancelled
96035582-09cf-4148-bab4-6b0a86d03844,46032f36-69bc-465a-9b33-a5d560bfd77a,2025-05-12T10:16,3,75.87,Card,Cancelled
43eac8b8-0518-4da3-ad75-a760faa27c37,8626238e-5813-415a-9a8c-db944b1e0269,2023-12-28T10:16,5,75.50,Card,Pending
90ce1865-b593-4425-90aa-5264be7a66a4,3befa4dc-d961-4a3a-9410-d43d1bdaa335,2025-05-02T10:16,4,54.36,Cash,Cancelled
0660b8c3-c572-4b66-ab87-b47c6772a8ae,941529ef-2114-4bff-907a-4596ff4593a1,2024-03-04T10:16,8,143.20,Cash,Pending
6556d9c3-e906-4146-9394-f0f07d16ace3,0a5bd884-b432-4ce5-b14e-44b4aedd4c0f,2025-07-05T10:16,2,53.56,Online,Cancelled
cfe51f00-0896-46dd-be73-485319cb2124,ada8704c-2784-4d70-84da-10078407d2c8,2025-04-29T10:16,1,13.76,Online,Pending
068f2f7d-4962-4ad3-b888-65b21b17c299,9fa382f0-8393-48db-ad30-43c953282401,2025-05-02T10:16,7,39.34,Card,Pending
daec387f-a7c4-4412-b2fd-4daf8b7c994c,365c90d0-a590-4209-9401-2ce55af5ed98,2025-09-30T10:16,2,38.28,Online,Pending
9998bd4b-dfb8-4244-bc3f-67f977af3543,0a0ac3e5-6e20-4fbc-87ec-5481c70e38bc,2024-02-27T10:16,3,78.84,Online,Cancelled
842afd06-67ee-45de-a158-2ebb16f04eee,058b9c75-b72f-4594-80d2-e41194ff7672,2024-01-22T10:16,7,133.49,Card,Completed
afe5e0df-acbb-43a2-acf8-d71971e70aec,7509850a-5062-4da9-aad6-bc5b9e363ef1,2023-12-21T10:16,2,36.80,Cash,Cancelled
e4e4fc34-36d0-4c93-a619-dd36d2fe18a9,a5ffc907-be77-43e6-8694-4a0bf09bd3fb,2024-10-22T10:16,9,229.05,Card,Pending
e78b3248-a5da-4ecb-b31d-03d81b9b95a8,23650eb4-f98d-45a3-a90b-a378f03d469d,2025-01-20T10:16,2,16.50,Cash,Cancelled
689843f8-ca6e-447e-9f6a-c1adaadde22e,e7991221-0de0-4ef8-aa9c-ca3b59197059,2024-02-22T10:16,3,24.84,Card,Pending
28e7f9c1-498d-4e59-ae47-24cda325b731,fe624323-ba72-456d-9842-ed9e0edc75df,2023-11-17T10:16,8,228.08,Cash,Completed
355b23c3-97d3-4c7d-b8e6-6861e27860a0,964d337f-acd5-4ca2-8843-9be3f2eb60fc,2025-07-18T10:16,4,49.92,Online,Completed
a666d2c3-9ddb-48c7-89c0-04335720cb28,67c276b0-7be6-4f3c-bf86-c342095c8112,2024-12-01T10:16,6,70.44,Card,Pending
df7a5fc1-dead-4b02-afae-ed06651cf227,d87f31d7-79ef-4c17-856e-142e791b04da,2025-07-21T10:16,2,31.60,Cash,Pending
47bd394e-c23b-4f12-b3af-647405dc4983,000f9c8f-2fc7-4346-844d-c04f10751265,2023-12-31T10:16,1,17.68,Card,Pending
19d234ab-9fd6-4fc2-8273-b0a7350a1ccc,0e0d5f13-edd5-4ab0-9ddd-3df111bedc5a,2024-04-17T10:16,8,143.92,Online,Cancelled
cd8a5fe3-deaf-40df-8346-e49603e49096,8250871a-2b35-424e-a1a1-4eb4faffabfb,2025-10-18T10:16,5,76.75,Card,Pending
13243377-0cf3-403e-b84b-bb72c0e086ca,6c6a3b10-9747-4dca-a041-4edc22d147b0,2025-10-06T10:16,7,161.49,Card,Completed
2756f907-f357-4e3b-a7aa-0335a667cea1,4e44f26d-5455-405b-8fdb-63ab8b739ecf,2025-03-30T10:16,6,62.22,Online,Pending
9779d48c-f1fe-471a-83e9-8b04c40ae5b5,52f5634d-de98-4543-8a1e-cbf1e2d0242f,2025-08-17T10:16,9,163.44,Cash,Completed
c1d21faa-6f05-4862-bee8-b99a0b1cfd47,59827b2a-ae17-44b1-bd6f-6f08718559cb,2024-10-10T10:16,4,89.36,Cash,Cancelled
ee7041cb-7439-45eb-a951-68090e0e9f23,824998a2-7592-4051-ab0b-d5e12743c93b,2023-12-18T10:16,9,149.49,Online,Completed
d17725ed-cad6-40c7-b063-947adce24571,103fcba5-5588-45a5-9fe0-6ac948d3860e,2024-04-09T10:16,1,21.58,Cash,Cancelled
bbadd6b4-aacb-49fc-94c5-ea2e2faca78a,ef7fad1f-a86f-4ee1-95b4-ce1f339f0fa5,2024-10-21T10:16,4,67.56,Cash,Pending
a46d7f52-cc34-4bae-8520-9b18a88757a7,f3826f04-0dfa-4266-8002-58fede0093f5,2024-05-30T10:16,5,136.20,Online,Pending
8152dd3f-c6d5-442f-bd35-e8a0ded5919b,935ebde1-5945-4673-886e-1a7a12cc2d4e,2025-01-04T10:16,1,28.61,Card,Pending
82698b3d-65b3-4cd8-8e68-acc84905b862,9305d562-2505-493d-8ed8-3fb721c8f491,2024-06-30T10:16,9,225.36,Card,Cancelled
f4f1ddc9-63b6-48e4-a476-c04cdc22c345,06e585f0-5b60-4900-81d1-3379328e6c17,2025-10-21T10:16,5,52.00,Card,Completed
bbf246fa-055e-48d2-b015-604ddd08a711,050d9901-1cb5-413a-9c31-282028f863c1,2025-09-06T10:16,1,29.80,Card,Pending
39882747-98d8-4ef8-bbea-e63fb9f3cff3,1233cc27-7567-48e0-8dd2-6b0019506c2f,2025-06-17T10:16,8,120.80,Card,Pending
4fa18305-7d10-4232-ac1f-1257810a7441,e6cb1215-5314-4d05-bfd1-f6e5d36e89f7,2024-06-12T10:16,2,57.52,Card,Cancelled
11572063-7579-4277-96ff-e182d20b5856,d7af10ce-45c9-4fc8-8dd8-b1c5491aad5f,2025-01-07T10:16,1,12.84,Online,Cancelled
8268d700-eae5-42ba-b413-18588b41600f,caad7924-4bc5-4f85-9662-11ca261e3c87,2024-07-26T10:16,5,72.15,Cash,Cancelled
c688c64f-4213-4565-b412-deb0db2035d0,ada8704c-2784-4d70-84da-10078407d2c8,2025-06-04T10:16,9,245.97,Online,Completed
a90420df-5809-4d13-9707-5818e1b5b827,c46351bf-193f-49af-a5d6-456188837c3d,2025-05-29T10:16,2,28.56,Cash,Completed
91e86c77-ac6b-45ef-8002-cec09d135010,b0d737cd-ec4b-4a88-aa81-d012ef3fb719,2025-07-09T10:16,9,190.35,Online,Completed
5c6a5e18-ab25-4710-9cf1-87ac84f24f58,52fbb114-83aa-432d-b2f1-f3e37a5c4754,2024-06-15T10:16,8,48.48,Card,Pending
cbd56188-5ea8-4a08-934a-a28b93659a98,c83bba2f-5229-4998-9566-1f3179b13e8a,2024-05-27T10:16,3,55.83,Card,Pending
272dc693-32d8-40a3-a946-67110506dcc4,ba5d9947-b043-4aca-8ee0-6b77895cf8e8,2024-10-12T10:16,9,104.85,Cash,Cancelled
2e616ff3-47dd-4c13-b4c8-a554029e0062,65b2c0ea-6192-47fc-9286-2c1dd3ecefb1,2025-03-15T10:16,4,66.80,Online,Pending
256537d3-8ca5-4a10-becd-cc5cb0394343,52f5634d-de98-4543-8a1e-cbf1e2d0242f,2023-11-14T10:16,8,191.84,Online,Completed
c8e6a088-5ff4-4ff1-9a1f-6b1eb648a27c,49af098b-bf79-4643-8e49-739ea932d38b,2024-05-12T10:16,8,124.48,Cash,Completed
155a976f-6a7e-4e6a-a8b3-34361b47f703,0e0d5f13-edd5-4ab0-9ddd-3df111bedc5a,2024-04-11T10:16,3,19.38,Cash,Completed
bcda769f-53d7-47d8-97e0-e32293c223db,ef7fad1f-a86f-4ee1-95b4-ce1f339f0fa5,2024-11-14T10:16,8,53.04,Card,Pending
04656709-28bd-4dee-8c25-0bae2a63b4cb,9c53f3f8-5b22-4d77-bd76-cfa6c70e443c,2025-01-04T10:16,6,166.68,Online,Cancelled
2ce72ca6-2c2c-493a-ba34-60543987ef01,6c6a3b10-9747-4dca-a041-4edc22d147b0,2025-07-23T10:16,4,109.28,Online,Completed
66a0fb3d-21d3-4446-a08a-2f2a75df51b1,bb9edfa8-17f7-4f6f-8e3b-616693a298b1,2025-04-20T10:16,8,112.64,Cash,Cancelled
7550e41c-928b-4458-b79d-cd2e5010fd35,726d71e2-70fd-4416-8568-78619c14a73a,2024-10-08T10:16,6,110.22,Card,Cancelled
da067be2-6544-463f-b00a-1342a3ad2f6a,b04ce307-2d1f-4214-b023-d8f4379041a1,2025-05-05T10:16,6,125.88,Online,Cancelled
10460aaf-ecb4-40ef-b98c-55d18dd2799b,205ea7f7-e714-45b8-a083-11247ff702a1,2024-04-21T10:16,2,48.72,Card,Cancelled
ff32ed47-ca9c-4a43-9fed-371c7593474d,f543de06-e341-4de2-95ab-ca0fd3ee51fe,2024-02-05T10:16,5,59.25,Online,Cancelled
09a02a0e-04d8-4c75-841c-bc4ef30a1fd9,77ca464a-fe0d-4dcc-8f08-3eb2f7b64f76,2025-07-01T10:16,8,81.76,Online,Completed
12d33b26-983f-46d4-9f51-b1b7da62ee51,5400d214-6176-40bf-88d2-3f53ed38bf69,2024-04-12T10:16,1,12.11,Online,Cancelled
099a77fe-daef-4fa7-81b5-d54028797a77,b047b369-02d0-4f25-9af0-f1e883228863,2024-10-31T10:16,3,88.68,Cash,Completed
a4cb5a1f-300b-49e9-842a-ae1db7658c90,8b115a34-224b-453c-be69-b53a7445b466,2024-09-10T10:16,8,200.24,Cash,Completed
e5f173ac-8e6e-4bbd-9e33-dcedb217fc20,f3826f04-0dfa-4266-8002-58fede0093f5,2025-10-16T10:16,9,46.17,Online,Completed
56d34136-c8d8-437a-b481-f9c2b94683b6,935ebde1-5945-4673-886e-1a7a12cc2d4e,2025-04-08T10:16,1,26.42,Online,Pending
290789fe-f1f4-40c6-b929-ec1c21d13ae6,0a15d43b-8f6b-444a-bef2-ffbddfdbd16f,2025-05-19T10:16,6,156.84,Card,Completed
43be98cd-e6c3-40e9-9512-539cd99e99c1,fdb5454e-2230-489e-ade4-9218ff28cbd8,2025-09-15T10:16,1,9.90,Cash,Pending
c240e891-a022-4a9d-aeff-3aaf246e3dd0,401a6911-a31e-4892-adc1-56e3e1eb090a,2024-06-14T10:16,3,79.32,Cash,Cancelled
01d6a9f7-a256-4f4e-8e72-9f4ec5e4f351,c0d74d86-5c5b-481d-b8e3-61eeb9c77255,2024-12-27T10:16,5,117.10,Card,Completed
78674bf6-720e-4f9c-a230-e4e14afd44b4,56a75a3e-a944-4147-8cba-f1024726993f,2025-01-17T10:16,5,99.45,Card,Pending
f37c42fe-ca12-4309-92c5-53304b9ce069,52fbb114-83aa-432d-b2f1-f3e37a5c4754,2024-05-15T10:16,3,81.24,Cash,Cancelled
42c22555-7a6b-4fc9-84c7-629b5f9bfd60,515fe1d2-d33a-4b9d-8c19-07e0cbe81a9a,2025-10-21T10:16,3,19.11,Online,Cancelled
c350316d-60ed-475e-8f1d-24d93e5d2f7e,6c3bf618-a715-40f9-9faa-cfc5f5beef2f,2024-06-15T10:16,9,105.84,Cash,Cancelled
e34edcf7-9388-4d0d-bf48-a6629bc725e6,fbe227d7-6d32-4407-9783-7fdac983e55f,2024-04-09T10:16,5,64.45,Online,Completed
c5f8c7b7-59bb-48da-b0d5-d89de3dfed44,6117b6f0-c4f4-4bf1-9eeb-f33950decba8,2024-10-10T10:16,3,21.33,Online,Pending
684e90ca-6cd3-4f3f-8870-8264bf348e9a,795088d7-d227-422e-ad8c-f048bde0675e,2025-05-29T10:16,2,14.52,Card,Cancelled
a8044ca7-0998-4ba4-bc3c-280079a4f1cd,3910ab11-8758-4a4f-8a9b-c4f5df7413c4,2025-07-22T10:16,7,127.33,Cash,Completed
933db8ae-80ff-49d4-844c-a4b960e7b142,6117b6f0-c4f4-4bf1-9eeb-f33950decba8,2024-01-18T10:16,3,83.73,Cash,Completed
0a5f92da-4871-4fa4-938d-cf55cde61f42,62a2bfef-ca4a-4dec-90ea-bf15ea1880d2,2024-12-13T10:16,8,134.88,Cash,Completed
d633a150-c1f2-49e9-84b7-da7509f5fe7b,ef7fad1f-a86f-4ee1-95b4-ce1f339f0fa5,2025-03-05T10:16,7,146.58,Online,Completed
d403495f-4dba-416b-88b7-80e88e982da2,8b115a34-224b-453c-be69-b53a7445b466,2024-02-15T10:16,6,159.12,Cash,Pending
83645613-8df1-4af4-a026-739c73331294,d3f641e5-b8b5-4f5f-9155-7768df2033e8,2025-04-03T10:16,3,79.56,Online,Completed
d333ddca-c925-45cf-ac94-3ffef758d18e,60cd80b6-3967-4dae-b4df-adc7b5644971,2024-10-21T10:16,4,42.40,Cash,Cancelled
cc9bbc6d-9bd3-4f58-b4a6-c290337cfcf6,964d337f-acd5-4ca2-8843-9be3f2eb60fc,2025-08-22T10:16,1,25.72,Cash,Cancelled
144a3437-6d3e-43de-9e94-c5d93d4f9a7f,050d9901-1cb5-413a-9c31-282028f863c1,2025-11-04T10:16,4,25.32,Card,Pending
f835b7b7-baaf-4cb0-b771-344072a8bbf8,b047b369-02d0-4f25-9af0-f1e883228863,2025-11-02T10:16,3,57.69,Cash,Cancelled
b96c35ac-e46e-4003-ace3-7476ae9cd695,7d2df59f-386d-4aec-85a8-2443262a0cb4,2024-08-01T10:16,9,81.36,Card,Cancelled
0e1e213f-8885-4256-965e-fecd9b3cc828,8887df7e-682b-4d48-b18c-c1ddfa0aaa26,2025-04-11T10:16,5,111.15,Cash,Cancelled
ddb2ec56-efb0-4091-9969-b471cd05e111,cf65c4b6-4c1c-420b-95de-23e5b56ffad5,2024-02-10T10:16,9,200.79,Online,Pending
f339f130-87c3-4e5a-bece-6e500ccb22b5,795088d7-d227-422e-ad8c-f048bde0675e,2025-05-11T10:16,4,105.00,Online,Completed
860a55af-6bdc-4a80-a662-fb7dd14167ed,62a2bfef-ca4a-4dec-90ea-bf15ea1880d2,2024-09-06T10:16,4,20.80,Online,Cancelled
48f6bce1-e9a8-49b1-8be2-4d89a5e1dd84,aac35608-9499-49c5-811a-a059e773c968,2025-05-08T10:16,8,174.00,Cash,Pending
b01f6a5e-655e-415a-bcde-d0bcb18c83e7,bc58b12c-65c4-4f21-89ef-3e492a22ef7c,2025-03-28T10:16,7,187.60,Card,Completed
e955ea9e-b19b-4ed1-84a9-5e9bf76943e5,0fcf4084-ea31-49f8-99f9-9bf8c8b0c16b,2024-03-02T10:16,9,205.11,Cash,Cancelled
e0d5ffa3-73a9-4da2-8b88-2a08d61d3878,0d463f72-c3a1-4a2b-8d0d-1721a0d1a06b,2023-12-22T10:16,2,28.32,Cash,Pending
25a49b3c-c6d3-44f7-aeed-3ad7267e86cb,0dd437d0-74fa-43c3-8909-5c955e4d47dd,2024-02-01T10:16,3,71.82,Card,Pending
22374726-eedf-4129-92e6-8aa9e2898a66,b90a3a7f-421e-47e5-8598-fe50f365a62e,2024-09-01T10:16,9,183.96,Online,Completed
9c330067-6d37-4add-8eba-eac4d6483796,0d463f72-c3a1-4a2b-8d0d-1721a0d1a06b,2024-01-18T10:16,8,112.24,Card,Pending
1c9ea584-d9d5-4aa8-947c-edf854b1c796,f0a6a958-e434-41bf-a830-dffa55a34db5,2025-08-27T10:16,8,143.84,Online,Pending
c619e976-fbec-4943-ba0c-968860a04609,bb9edfa8-17f7-4f6f-8e3b-616693a298b1,2025-10-14T10:16,9,244.71,Card,Pending
fa8c5bd4-a34e-4574-b9a2-dc0385d3f93f,b047b369-02d0-4f25-9af0-f1e883228863,2025-09-12T10:16,5,68.70,Card,Cancelled
41017dc1-2abc-4e10-bfd7-c5e4e790900e,49af098b-bf79-4643-8e49-739ea932d38b,2024-04-08T10:16,6,138.42,Card,Completed
86c6e957-03b4-48f9-bc88-40cff73d359f,8e1bbe6c-7b75-46dc-8ca1-0b1664cd6ae4,2024-01-05T10:16,3,72.75,Online,Cancelled
d217813c-aff3-49a0-99e3-c8efb2d5ae18,fbe227d7-6d32-4407-9783-7fdac983e55f,2024-01-12T10:16,7,184.73,Cash,Pending
277c0b9d-cbc1-4a2b-a1e5-033e6a8d17a4,e12c3d24-86c8-474f-b86b-370df36adbfe,2025-01-09T10:16,3,72.69,Online,Pending
24682f94-aacd-4a6d-8491-4c5df5e99382,6e551d53-4f6d-4b84-a9de-3d7c79694805,2024-09-10T10:16,2,58.20,Card,Pending
27be43c5-645f-48eb-837e-f4667446e3d0,485b65e7-fdf4-474d-afba-37986d8d3cd8,2024-02-02T10:16,3,80.40,Cash,Cancelled
9af9f3da-897f-4e10-b1d2-cbab27fa94df,c63bd277-c81c-40c5-8720-6ce916d653c4,2025-07-23T10:16,4,101.60,Online,Pending
9617ccdf-cd70-4fa1-bdfd-5869329af6d7,ecf1ffb0-ac00-4968-87ea-8beef4ace55a,2024-08-10T10:16,1,16.06,Online,Cancelled
e69cab5b-90d7-4412-a4d9-1c2ea0bf9f55,8b115a34-224b-453c-be69-b53a7445b466,2024-04-17T10:16,8,71.36,Online,Pending
a8a08131-f042-4616-8df4-54f4623393b6,b3688304-b24b-416a-9bf4-c2b6aaeb59d3,2024-12-13T10:16,2,47.46,Card,Pending
a21d5143-0475-47af-81ed-7c3c033f3261,7d2df59f-386d-4aec-85a8-2443262a0cb4,2024-02-25T10:16,2,50.30,Online,Pending
d8affd9e-79a7-4610-87c2-968f02eeabc4,98b17fed-218c-4f20-8410-9f0edfc74455,2025-04-04T10:16,6,167.58,Cash,Completed
6212ef74-70ed-4693-bd82-6e492350a049,000f9c8f-2fc7-4346-844d-c04f10751265,2024-12-21T10:16,8,157.76,Card,Pending
d5d6ca50-cf3d-4206-88d3-68aaa368b302,e6e1db85-f8ba-4264-9c9a-520ecda4bc4c,2023-11-23T10:16,7,139.30,Cash,Completed
073c6a0a-782d-48ad-98b9-d45043dbe088,c83bba2f-5229-4998-9566-1f3179b13e8a,2024-01-05T10:16,1,21.59,Online,Completed
