order_id,restaurant_id,order_date,items_count,total_price_usd,payment_type,status
3d5c9749-69a9-4c9b-bd05-b24e4d34ab3c,6f61ca8e-51a1-48e0-abfa-88326e713e34,2024-12-11T10:16,1,7.03,Online,Cancelled
535493ec-9485-4f0f-a5db-b3d7aee1d64e,0130fcd4-a6cf-4a72-8400-7bcae1abce34,2024-07-31T10:16,9,259.11,Cash,Completed
56283061-cfea-486e-9538-927fc9966c1b,11526850-7335-463f-b740-a52a90457c3b,2024-08-11T10:16,3,17.10,Card,Completed
9b6a00b7-7d85-4bf7-836c-6b2261c3a581,4b14a58c-f1e4-40b6-888d-a88cd7055099,2024-05-02T10:16,8,126.72,Cash,Cancelled
872e0690-2e1d-446d-acac-e3715f0f1b24,67c276b0-7be6-4f3c-bf86-c342095c8112,2024-05-31T10:16,1,7.03,Online,Pending
a2301146-dc14-46b1-b560-b4bcd3ab4a06,bb6bf39c-f455-4e08-a59e-1bdaaa91d4aa,2025-08-21T10:16,4,107.12,Card,Cancelled
61a46eb8-4f38-47e8-9841-fcb42e996fc1,68169a66-a8d4-4763-914e-7befc826445b,2025-02-12T10:16,2,24.12,Card,Completed
0fdd3cbd-7cb4-43d8-808f-307fe75398cb,bb9edfa8-17f7-4f6f-8e3b-616693a298b1,2024-05-30T10:16,5,63.10,Cash,Completed
2ce6d0a3-dc54-4bda-af76-1bc857e7d515,8e1bbe6c-7b75-46dc-8ca1-0b1664cd6ae4,2023-11-30T10:16,6,111.84,Card,Pending
bfb05bbc-6665-4a63-9c73-d37c8283fdfd,63846b60-b7be-4087-ac6e-56c9bc130a20,2025-03-01T10:16,9,167.67,Cash,Pending
06d7a1fd-c587-4405-8c6c-764d2bc4d915,0a5a9fc7-e126-48f0-99aa-dea85c606f66,2024-01-27T10:16,5,66.70,Cash,Cancelled
8bf799fd-4ba6-45ad-a348-2703a16bfe3b,a5ffc907-be77-43e6-8694-4a0bf09bd3fb,2025-08-30T10:16,1,22.48,Online,Pending
dcdf276c-87ef-4eb1-a93f-cb7a0bcffb46,0a15d43b-8f6b-444a-bef2-ffbddfdbd16f,2024-10-23T10:16,1,9.83,Card,Completed
3c8ca0e8-742b-4355-8f06-6a41e0054380,964d337f-acd5-4ca2-8843-9be3f2eb60fc,2024-07-12T10:16,1,13.15,Card,Completed
92fea34e-109c-41d3-9fd8-4ad49b2bb8e0,11526850-7335-463f-b740-a52a90457c3b,2025-01-13T10:16,5,136.80,Card,Completed
370a5e5d-2b71-44a0-92c2-d1bc249fe841,6945f6f4-b8f9-4d04-90ff-e59ed705578e,2025-02-12T10:16,3,77.13,Cash,Completed
d8e6f5d5-720c-484e-baef-bd993623eb4d,ba5d9947-b043-4aca-8ee0-6b77895cf8e8,2024-08-16T10:16,8,147.44,Online,Completed
e2f3c579-1133-4fa6-8309-c90b38b35e72,4739f27f-7a96-4d52-83ae-0c6fd4c8c606,2024-10-11T10:16,4,83.44,Cash,Completed
763a4ad7-7f14-408f-8d7d-9d3929056810,f543de06-e341-4de2-95ab-ca0fd3ee51fe,2024-03-08T10:16,5,124.40,Cash,Cancelled
d124fab0-84d9-4964-ae3c-7f07544bda6b,7c991f43-c18b-4404-8826-97691b0dc00c,2024-02-02T10:16,3,51.00,Card,Completed
a1ad4d40-c6f0-4057-a5b5-6f364c81b972,11526850-7335-463f-b740-a52a90457c3b,2024-12-08T10:16,2,13.76,Cash,Completed
e7e52027-162e-4f27-90b0-a4044da63426,98b17fed-218c-4f20-8410-9f0edfc74455,2025-04-20T10:16,3,61.02,Card,Completed
a8a6369c-d7b9-4e0d-a7b2-9779c116b666,bf0de251-90d7-423c-8b31-48df1a89964f,2024-02-14T10:16,1,18.25,Online,Completed
7cda91e2-95d1-4969-ac94-6a89c002c7e7,23650eb4-f98d-45a3-a90b-a378f03d469d,2025-08-28T10:16,3,62.49,Online,Cancelled
0ba29e44-f600-421c-9c1b-4bf6ce9d7a9a,d7af10ce-45c9-4fc8-8dd8-b1c5491aad5f,2025-10-08T10:16,9,228.42,Cash,Completed
786898cb-1a85-4233-a43a-1ba0a4e26632,f0a6a958-e434-41bf-a830-dffa55a34db5,2024-10-25T10:16,2,23.34,Online,Pending
9762103a-49aa-4ec3-9c2c-7786d738b722,365c90d0-a590-4209-9401-2ce55af5ed98,2025-09-04T10:16,7,141.89,Online,Completed
5da09def-3950-4ab3-acf7-5df56861dd1a,02c65c06-56ad-4670-b8e2-10ab417c7154,2024-11-12T10:16,9,154.62,Online,Pending
67342fb7-9bb6-4724-8c28-2b6f81c06abb,726d71e2-70fd-4416-8568-78619c14a73a,2024-09-01T10:16,4,119.52,Online,Completed
420bed13-06e5-4bbb-bbc0-44f5fe4e850e,935ebde1-5945-4673-886e-1a7a12cc2d4e,2024-01-04T10:16,5,46.90,Online,Pending
c8d46e56-9f2f-42e4-82ea-e7654e5d7f28,b04ce307-2d1f-4214-b023-d8f4379041a1,2025-01-25T10:16,2,10.38,Cash,Completed
98bf5e0a-e892-4cca-a601-75329da0f683,0a5bd884-b432-4ce5-b14e-44b4aedd4c0f,2024-02-27T10:16,1,16.76,Card,Cancelled
b0c46bd7-3bbf-4af5-9b02-b902eaf57011,fdb5454e-2230-489e-ade4-9218ff28cbd8,2023-11-13T10:16,4,21.32,Cash,Completed
c2451959-d346-4d5e-88ba-449a0d51a284,60cd80b6-3967-4dae-b4df-adc7b5644971,2025-07-15T10:16,3,16.05,Online,Cancelled
3a7ec56f-7f8d-4333-b945-2bed89086c2f,4b14a58c-f1e4-40b6-888d-a88cd7055099,2025-05-02T10:16,2,50.48,Cash,Pending
7f2fb90d-10ed-4bdb-ae73-c7b1dd5e7676,89d26a00-0fde-4c03-8430-b06f6bc3f33a,2024-01-10T10:16,7,105.14,Card,Pending
b2a7d32c-2f8f-4717-a0f9-78222a083e09,205ea7f7-e714-45b8-a083-11247ff702a1,2024-08-20T10:16,2,49.50,Card,Pending
a2b1253a-a4b5-4ebf-95b4-0841648fc9db,52f5634d-de98-4543-8a1e-cbf1e2d0242f,2024-07-01T10:16,9,147.69,Online,Pending
448d29e1-f81b-46ca-991b-a68ba1b3c018,a190f67b-21df-46bc-8164-46bdfa00af85,2024-05-06T10:16,5,101.75,Cash,Completed
a6d298e5-4ec4-4e9e-b131-fdc1be63997c,ef7fad1f-a86f-4ee1-95b4-ce1f339f0fa5,2025-06-14T10:16,8,203.92,Card,Completed
3f158599-403d-4160-89b7-016b71ee2f49,e277d099-db2a-4aee-ab86-8b0e73a34383,2024-08-13T10:16,7,72.31,Cash,Completed
7005af32-db33-4564-bfbb-9ba2608ac4c9,b95f7619-fab2-4df9-8683-1f2aeb93a660,2025-02-18T10:16,4,95.00,Online,Pending
dcdfa230-dba2-46ac-82d4-00bff48c0f5c,e38afcd9-9e08-47ba-bc92-5ebb4bc271eb,2024-03-14T10:16,9,110.07,Cash,Cancelled
ca34b907-9ea1-49c4-b95d-318bce4ef838,0a0ac3e5-6e20-4fbc-87ec-5481c70e38bc,2025-10-08T10:16,2,41.88,Card,Completed
ebbaf733-adf7-4246-9339-3028783c19ef,c9dcc28a-ae5f-477c-ae7e-72d94129f449,2024-11-14T10:16,8,59.60,Online,Cancelled
1b4fb9b3-4126-4ee5-8de7-ca2efcef9d98,0a15d43b-8f6b-444a-bef2-ffbddfdbd16f,2025-11-09T10:16,5,73.00,Card,Completed
3135552a-8ce1-4b2a-a535-835ee060c964,1233cc27-7567-48e0-8dd2-6b0019506c2f,2024-12-02T10:16,6,160.26,Card,Cancelled
fadb9c89-9eb3-4981-975f-e7c18b990af1,515fe1d2-d33a-4b9d-8c19-07e0cbe81a9a,2025-02-09T10:16,2,24.60,Card,Completed
574e5378-2786-4fbe-94a2-3eab3a0e4292,06e585f0-5b60-4900-81d1-3379328e6c17,2024-12-22T10:16,2,26.40,Card,Cancelled
dc4ded14-1f8b-40b8-9e52-6b1217317ae2,3e97fc93-73a7-45e0-9888-f7a03ee258a7,2024-01-02T10:16,3,26.25,Online,Completed
11326453-83da-4d37-99f2-6a578daffb3c,6f61ca8e-51a1-48e0-abfa-88326e713e34,2024-01-21T10:16,6,143.46,Cash,Completed
0ecc41f2-0bb4-42df-94e5-b48e3ae27cce,e85d0261-2d97-4475-a749-363ec9040a74,2025-02-10T10:16,4,36.16,Card,Completed
c7b3c19c-f19f-4984-b08e-c9d0128131f0,3e97fc93-73a7-45e0-9888-f7a03ee258a7,2024-08-16T10:16,6,166.14,Cash,Completed
9ede6d5d-2699-46e3-846e-67b240793a2c,f0a6a958-e434-41bf-a830-dffa55a34db5,2024-07-15T10:16,1,12.92,Online,Cancelled
1d1d6934-ea72-4bd0-9092-4d4c90b66e61,910b1d47-5c37-48b1-8bde-96c60660f1d7,2025-09-07T10:16,7,200.62,Online,Completed
eae45214-8228-4ace-9040-7782735400e2,1233cc27-7567-48e0-8dd2-6b0019506c2f,2024-03-29T10:16,9,192.33,Online,Pending
de4c588b-d372-406e-8b71-dfa06906fea5,401a6911-a31e-4892-adc1-56e3e1eb090a,2024-04-04T10:16,4,77.44,Online,Completed
99cb02ba-841f-4654-bd60-584834c92d8a,ef7fad1f-a86f-4ee1-95b4-ce1f339f0fa5,2025-06-11T10:16,5,47.45,Online,Cancelled
00b2c108-6939-41e9-8bb2-39888b540c4c,fbe227d7-6d32-4407-9783-7fdac983e55f,2025-05-16T10:16,1,5.66,Cash,Completed
bf250b3a-7d10-418e-9666-cf0c20b56c02,5400d214-6176-40bf-88d2-3f53ed38bf69,2025-04-19T10:16,9,83.97,Cash,Cancelled
c33916d0-a302-4866-8ccb-3f4643cc1a9d,cb8747c7-32ca-4b6b-868d-13ab01d953ec,2024-02-13T10:16,5,33.30,Cash,Pending
e06e196a-5138-4249-bd82-838f43ad6b73,dcfb3d05-846d-4915-99f3-ebbc7559d972,2025-01-19T10:16,1,14.47,Cash,Completed
6c84ea7a-135f-44fb-931b-b05bb1e7180f,8b115a34-224b-453c-be69-b53a7445b466,2024-02-23T10:16,3,69.06,Card,Pending
7580c8bd-8886-40e9-8e54-4166001b1bf9,e6e1db85-f8ba-4264-9c9a-520ecda4bc4c,2024-09-13T10:16,1,22.16,Card,Pending
59cd6ab9-fd24-4fc8-8158-8a8c1f38eb3c,983d66ae-c8b0-46b8-8abc-26a1055cf729,2025-09-05T10:16,2,59.92,Cash,Cancelled
06eca4a1-5f29-4c6f-89cd-90e2c0a3304a,0130fcd4-a6cf-4a72-8400-7bcae1abce34,2024-09-28T10:16,2,55.30,Card,Cancelled
b6659455-347d-40c1-a871-36220f8cb3bc,0a5a9fc7-e126-48f0-99aa-dea85c606f66,2024-10-30T10:16,2,18.96,Card,Pending
76fca06a-b3f7-4dce-be85-8b0daf14d5d6,02c65c06-56ad-4670-b8e2-10ab417c7154,2024-09-23T10:16,7,100.73,Cash,Completed
aa488c91-8056-44dc-97f2-e0e8721d97ee,bc58b12c-65c4-4f21-89ef-3e492a22ef7c,2025-07-09T10:16,3,59.91,Cash,Pending
aa7d11c4-aa5d-4c7a-bcb4-440a46be5344,726d71e2-70fd-4416-8568-78619c14a73a,2025-09-07T10:16,4,105.80,Card,Pending
c4419af8-27a5-450b-a7e0-6075973973f9,d33bbfcd-a2ca-4e80-8a1c-65223f061e7e,2024-04-09T10:16,9,66.33,Cash,Completed
0311dc07-1e51-4bbe-896b-c8273e6f7add,bfa3444b-2be9-46be-b944-720d86a59770,2025-01-25T10:16,9,115.83,Online,Pending
6a67a7e6-7a47-4d07-bd8e-f2e81a2c2580,6aaabc79-3d35-410f-bb96-f86a3930d0ff,2024-06-20T10:16,9,269.37,Online,Completed
dd4bd13f-45da-406b-b58d-df562eac13e3,e38afcd9-9e08-47ba-bc92-5ebb4bc271eb,2024-09-26T10:16,7,163.17,Cash,Pending
1ef33cd5-063c-4c2c-8606-eec09c53ee60,d3f641e5-b8b5-4f5f-9155-7768df2033e8,2024-06-07T10:16,4,87.72,Cash,Cancelled
f00a82cf-25a3-4bd4-81b9-0d757d679e6c,fe624323-ba72-456d-9842-ed9e0edc75df,2025-01-18T10:16,9,135.00,Card,Completed
96958212-17cc-4420-acf8-33bbe1b77e7c,2c6dafc9-06cc-4b3d-8b8d-12aae0644c58,2023-12-18T10:16,1,23.19,Online,Cancelled
fa325cab-62c1-48a4-990c-11473fc6ad42,365c90d0-a590-4209-9401-2ce55af5ed98,2024-06-13T10:16,1,14.12,Online,Completed
6f903f89-c7e4-41a7-966e-92a4a45b877c,11526850-7335-463f-b740-a52a90457c3b,2024-03-20T10:16,9,62.46,Cash,Pending
8db54c09-9897-4de4-8bc0-1d0a800b3528,f6c35464-33dd-44a7-bf84-071f2e427045,2025-09-07T10:16,2,21.16,Cash,Cancelled
1929873d-c8dd-4a97-9d5d-9236f37a920c,1a31c678-d420-495a-aff3-0f1609514e1e,2024-02-09T10:16,5,44.40,Card,Cancelled
696348d8-517c-4c58-9392-ec6fd34a6733,05ccd8a5-ea5f-4353-bd1e-3022152b0685,2025-08-31T10:16,2,42.42,Card,Cancelled
033f0236-16fc-47cf-86ac-e211729a2775,0e0d5f13-edd5-4ab0-9ddd-3df111bedc5a,2025-04-21T10:16,9,221.40,Card,Completed
f1d2db5d-65d5-4cc3-8361-be364e6d9a9d,941529ef-2114-4bff-907a-4596ff4593a1,2025-06-05T10:16,4,98.44,Online,Cancelled
abe86b95-ca4e-4303-acd2-82eafb097a59,52f5634d-de98-4543-8a1e-cbf1e2d0242f,2024-03-06T10:16,5,75.30,Cash,Completed
fe793941-e9e4-4e58-b42d-c249c4444592,65b2c0ea-6192-47fc-9286-2c1dd3ecefb1,2023-12-26T10:16,7,154.07,Cash,Completed
1b838c36-072b-46ce-b33b-2f6d37390ffb,1eeb9c5f-5b7a-47af-b4f1-5a50d9d1089c,2024-07-16T10:16,5,144.35,Online,Cancelled
01e9cc8e-bd21-450e-9208-8421a04460ab,485b65e7-fdf4-474d-afba-37986d8d3cd8,2023-11-22T10:16,7,85.05,Cash,Cancelled
4f0e0bf1-f5f9-4426-a169-a9ab82547e6f,c63bd277-c81c-40c5-8720-6ce916d653c4,2025-09-21T10:16,8,116.00,Cash,Pending
0ecccb29-2f8b-45d2-96b5-0339db554ee7,aac35608-9499-49c5-811a-a059e773c968,2025-07-20T10:16,7,89.11,Card,Pending
9d711a7d-25a1-4e62-b600-7a1060dce069,d33bbfcd-a2ca-4e80-8a1c-65223f061e7e,2024-12-05T10:16,1,15.27,Cash,Cancelled
4440a454-a12b-48aa-aa57-1e2a03b0db20,62a2bfef-ca4a-4dec-90ea-bf15ea1880d2,2024-08-03T10:16,2,45.52,Card,Pending
194f858b-b594-4aeb-b03d-9d777376e9f6,6aaabc79-3d35-410f-bb96-f86a3930d0ff,2024-08-02T10:16,3,79.89,Online,Cancelled
dcfc8d6f-e19a-464c-8d71-93298fe99420,ec3490d2-e8da-47ee-ae12-0ca0b1d7a2bb,2024-10-08T10:16,1,21.49,Online,Pending
aabe0ca9-c583-4449-a4e7-15e768572048,d33bbfcd-a2ca-4e80-8a1c-65223f061e7e,2023-11-21T10:16,3,81.06,Cash,Pending
cb7cbc7d-b407-4191-8c28-9a784b755943,6e6d2c67-f7fb-4a98-8f9a-4822259b25c4,2024-12-10T10:16,5,132.80,Cash,Cancelled
67b64aac-348c-4bfe-a349-7df7a98afefe,c63bd277-c81c-40c5-8720-6ce916d653c4,2025-10-06T10:16,4,58.16,Card,Pending
51575ace-fc7a-4ef1-8031-1101dcc3c27a,6bd388d4-5636-450b-bacd-55bdcb769bab,2024-03-01T10:16,2,43.82,Card,Cancelled
fd8e9d26-57cf-4cb0-8012-7570c1234268,bb9edfa8-17f7-4f6f-8e3b-616693a298b1,2024-02-25T10:16,9,256.86,Online,Pending
e87618c4-b106-4916-9547-d93772aaa25d,0a5bd884-b432-4ce5-b14e-44b4aedd4c0f,2025-09-05T10:16,1,16.48,Online,Completed
dc714e7f-273c-4ebb-8df8-6444d856f5ad,09ba4183-1b94-4f8c-bc5f-eca421a88524,2025-07-26T10:16,1,14.29,Online,Completed
ada6bf86-5078-4a42-bb54-ab35909acb49,99c406e7-092b-4eeb-bc08-56fc041c253d,2024-01-05T10:16,5,53.25,Card,Completed
f0519917-0970-4eb5-8e7a-404801ff36f0,f0a6a958-e434-41bf-a830-dffa55a34db5,2025-08-15T10:16,5,61.55,Card,Cancelled
169ed735-1242-4332-966e-a08205843202,c63bd277-c81c-40c5-8720-6ce916d653c4,2025-05-07T10:16,6,43.74,Card,Pending
ce2963f0-3b70-4f91-9333-2378cce84443,a5ffc907-be77-43e6-8694-4a0bf09bd3fb,2024-01-06T10:16,4,110.16,Cash,Pending
c5451611-9210-450f-892c-4aff45299d1c,7509850a-5062-4da9-aad6-bc5b9e363ef1,2024-05-28T10:16,1,20.20,Cash,Pending
ef768590-18a3-4957-8b21-ecc313fab977,6e551d53-4f6d-4b84-a9de-3d7c79694805,2023-11-26T10:16,5,95.95,Online,Cancelled
db253d62-aae6-4b83-8e59-9698f2ca095b,b047b369-02d0-4f25-9af0-f1e883228863,2025-03-24T10:16,6,73.62,Card,Cancelled
5d882754-1867-4920-aafb-8f86f2bf91b7,726d71e2-70fd-4416-8568-78619c14a73a,2025-01-16T10:16,5,101.75,Card,Completed
46efb3f3-34d6-4ffd-8ff3-37d779e3b008,bc58b12c-65c4-4f21-89ef-3e492a22ef7c,2024-10-05T10:16,8,115.76,Cash,Pending
05c01ed1-3659-4032-90fc-aa99a57b50d1,964d337f-acd5-4ca2-8843-9be3f2eb60fc,2025-08-19T10:16,3,69.12,Cash,Pending
8872c3b3-f124-4cdb-8e27-03a627ff3393,6945f6f4-b8f9-4d04-90ff-e59ed705578e,2023-12-04T10:16,8,228.56,Cash,Completed
b7dc643d-a659-4556-84e1-3b79f24c1724,fbe227d7-6d32-4407-9783-7fdac983e55f,2025-02-18T10:16,5,129.05,Cash,Completed
d1119643-0a91-462d-914b-fbba74824f0d,0fcf4084-ea31-49f8-99f9-9bf8c8b0c16b,2024-04-13T10:16,3,27.03,Online,Completed
bdaa121a-8741-4ada-bc50-8a7549335279,90f0db1e-2b19-43f7-ba17-233c7c214eca,2024-12-31T10:16,2,23.56,Cash,Completed
be4c3647-6447-4dd1-8749-ed5ddfb04e42,c83bba2f-5229-4998-9566-1f3179b13e8a,2024-06-13T10:16,5,44.10,Card,Completed
f6e98d17-aef0-4424-98d3-d7269a63d791,8e1bbe6c-7b75-46dc-8ca1-0b1664cd6ae4,2024-09-02T10:16,3,64.56,Online,Completed
47852e34-de3b-439c-9a6d-c4aed9e331c8,a3f626b9-cc27-4c04-8570-be79ab8bda4a,2024-01-19T10:16,3,32.55,Cash,Pending
7b2e751c-bb61-4e55-b3f5-7ae8fced5953,0130fcd4-a6cf-4a72-8400-7bcae1abce34,2024-07-12T10:16,8,208.56,Online,Completed
59e93f84-0d14-4a00-b239-18a0375c7bd6,d5eaf6a7-76cc-48ec-98d9-ba713e2df70f,2024-06-19T10:16,4,101.88,Online,Completed
2e7c69e1-212d-478a-95af-ae4d105d955e,49af098b-bf79-4643-8e49-739ea932d38b,2025-04-18T10:16,5,78.85,Cash,Cancelled
4527c138-13c1-4ff9-85c6-94a1eccfb99f,3ab3404a-ee80-4ed2-8d90-a6f0dad14e48,2025-05-24T10:16,4,63.24,Card,Pending
5bb88c8e-209a-4446-869f-ef1db9ff7902,23650eb4-f98d-45a3-a90b-a378f03d469d,2024-07-03T10:16,2,47.94,Cash,Cancelled
4fe0b1d9-b689-4c30-b612-a92b11bd24d9,a938df5f-7764-459c-8bfd-90409d16b3c6,2024-12-03T10:16,1,12.30,Card,Pending
35b8746e-d01f-432b-b2af-a93982be7fe8,52fbb114-83aa-432d-b2f1-f3e37a5c4754,2024-11-13T10:16,1,13.56,Card,Cancelled
ebd4285b-37fb-463f-9a34-f2dbebdb1d59,7a18d550-38d0-40b2-84a7-547162e7e409,2024-10-25T10:16,2,31.90,Online,Pending
29a09cea-cce6-470d-9621-9c8b7455fee0,1a31c678-d420-495a-aff3-0f1609514e1e,2024-03-26T10:16,6,170.52,Cash,Cancelled
c0f4338a-ac24-4866-96c1-64a5560a44fa,6945f6f4-b8f9-4d04-90ff-e59ed705578e,2025-01-11T10:16,3,19.62,Card,Pending
ed9b067c-8b3c-408c-979f-8fb8b4689a55,f3826f04-0dfa-4266-8002-58fede0093f5,2025-05-11T10:16,4,43.96,Card,Cancelled
2aae110e-a471-4652-adfa-63200cb31517,7169ef0c-f2c8-4ae3-83f6-87691664d2d2,2024-02-01T10:16,6,121.98,Cash,Pending
eb9faf5b-a685-4067-9db3-8a18eb8f187f,3e97fc93-73a7-45e0-9888-f7a03ee258a7,2023-11-19T10:16,2,32.46,Online,Pending
839af4a6-b576-4e74-826c-28946edc20f6,56a75a3e-a944-4147-8cba-f1024726993f,2025-04-01T10:16,7,121.17,Card,Completed
7d12f153-76b3-46b4-a768-12a79706b51d,4f6ae324-5b6d-47d6-a86d-26ec6fbe1e0e,2025-06-18T10:16,5,146.05,Online,Cancelled
7e47318f-4dfe-4f19-8aad-858b9133dc72,b047b369-02d0-4f25-9af0-f1e883228863,2024-07-17T10:16,1,26.10,Cash,Cancelled
9fc2e885-910b-42ae-b219-2828b5675d3f,d6d4ef4b-0870-48aa-b884-013237f255f4,2024-08-24T10:16,4,62.80,Online,Pending
ae97474c-3224-42ad-9923-8cb11ad2c4e6,0fcf4084-ea31-49f8-99f9-9bf8c8b0c16b,2024-03-17T10:16,5,111.95,Card,Completed
3d9ee196-2cde-4ad9-835d-64e231751212,bc58b12c-65c4-4f21-89ef-3e492a22ef7c,2024-10-30T10:16,3,21.78,Cash,Pending
3e76453b-f9ed-4658-9dda-3f9a0b24d9bd,3e97fc93-73a7-45e0-9888-f7a03ee258a7,2024-03-28T10:16,7,104.23,Online,Completed
9e8a52dc-d27f-4988-8fda-6d4cbb0b82f0,515fe1d2-d33a-4b9d-8c19-07e0cbe81a9a,2025-05-27T10:16,6,176.16,Card,Completed
b10a075b-bf36-4b19-b328-8bfcf9d754cc,3910ab11-8758-4a4f-8a9b-c4f5df7413c4,2024-04-08T10:16,7,82.60,Cash,Pending
c357fffe-dc7b-4523-a7f2-2fc5545871eb,69446e90-4237-4410-ab55-e011eb04cce0,2025-08-17T10:16,5,33.95,Card,Cancelled
2c5fb986-c328-401b-988f-c39d5e0e183b,d5eaf6a7-76cc-48ec-98d9-ba713e2df70f,2024-12-17T10:16,1,7.15,Online,Pending
07b1c75a-862f-44db-9d89-7f915ec6398f,93cdeef1-3fc3-4a63-a275-0ae87ae6b335,2024-02-24T10:16,8,173.20,Cash,Pending
b81ce895-3d77-4587-821c-edfb0f942a76,3befa4dc-d961-4a3a-9410-d43d1bdaa335,2024-02-11T10:16,1,10.51,Cash,Completed
e585aadc-7e68-41f2-9373-662b838be1f3,1407e9cf-22c9-4137-a2fe-cc12dc038235,2024-07-28T10:16,4,85.52,Card,Cancelled
430ede29-be86-4802-a695-592ee35005f3,f0a6a958-e434-41bf-a830-dffa55a34db5,2025-07-20T10:16,2,18.82,Card,Cancelled
aad08f0f-a816-4bd0-8507-eeccc6f92b18,8626238e-5813-415a-9a8c-db944b1e0269,2024-10-06T10:16,6,123.18,Card,Pending
ea280184-d122-403c-af61-b286882eae7a,6b1178fc-1745-401d-88da-3903c243ebe9,2025-05-13T10:16,3,85.38,Online,Pending
09f1de01-b455-420e-bb1a-230ec6ea0516,a190f67b-21df-46bc-8164-46bdfa00af85,2024-09-05T10:16,8,140.96,Card,Pending
6857cf1f-2269-47dd-9522-7a91e27c2320,71f17b36-2c37-4cfa-bf8a-894fa94c0e9b,2024-08-01T10:16,8,175.28,Card,Cancelled
1a552dd1-1dcf-491f-aa5e-eefe78e48a4c,02c65c06-56ad-4670-b8e2-10ab417c7154,2025-11-04T10:16,2,49.18,Card,Cancelled
10446b06-18ea-497f-835c-93b18d453a28,885715b6-b1eb-44ca-8460-28c0343e56f3,2023-12-04T10:16,2,20.38,Cash,Completed
9d3407ca-5feb-4b41-8c39-05b427a3f4f4,b3688304-b24b-416a-9bf4-c2b6aaeb59d3,2024-11-07T10:16,8,131.52,Online,Pending
2bea7528-bab0-4c02-969c-e5c2b9ae3da9,92da274a-bea2-490a-bb52-196c46fa8487,2024-04-09T10:16,1,15.49,Cash,Completed
598f60de-28f5-4e4d-9cc1-55a8747b21d1,0a5bd884-b432-4ce5-b14e-44b4aedd4c0f,2025-07-08T10:16,3,68.37,Card,Cancelled
86c31590-f9e0-443a-8998-5cab3badef22,f3826f04-0dfa-4266-8002-58fede0093f5,2025-05-19T10:16,7,205.24,Online,Completed
4d5414b5-ba89-4a16-be6f-65442805eaf3,2a109685-1399-4149-8951-fba29bb0360d,2024-09-03T10:16,9,207.63,Online,Pending
72c167ff-6e77-4eb4-b67a-68037e3ec255,8e1bbe6c-7b75-46dc-8ca1-0b1664cd6ae4,2025-06-17T10:16,6,95.40,Online,Completed
a2a2ff66-35b8-439b-94d6-0d00100fad36,39cb44e2-a541-4b98-bc0b-db5f31cf8710,2025-09-27T10:16,4,38.60,Online,Cancelled
1f96c3aa-2fcb-48ce-bebd-64ee35da440d,99c406e7-092b-4eeb-bc08-56fc041c253d,2025-03-25T10:16,8,210.16,Online,Completed
04b70c14-2665-481b-8d59-0c14aa63076f,9c53f3f8-5b22-4d77-bd76-cfa6c70e443c,2023-12-05T10:16,4,24.28,Online,Pending
a4c12de1-793f-44a0-85d3-c004cee276d5,63846b60-b7be-4087-ac6e-56c9bc130a20,2023-12-24T10:16,5,55.20,Online,Completed
52ba4570-8cb0-49c2-91cc-92f8901a1ffc,09ba4183-1b94-4f8c-bc5f-eca421a88524,2024-02-11T10:16,3,19.35,Card,Cancelled
b3be0150-52f1-4895-a187-3858a4d0795d,ebe19120-496a-47fa-87eb-2440212a3363,2025-07-02T10:16,5,112.80,Online,Completed
d9d52850-5316-453c-bff8-4818634e7015,7a2e5fa5-096b-4701-8ce6-7a3db39bf8eb,2024-02-20T10:16,5,75.30,Cash,Completed
6db08131-4907-4c03-8414-2fc52e9ee44e,c9dcc28a-ae5f-477c-ae7e-72d94129f449,2025-04-01T10:16,3,51.87,Card,Cancelled
b816d554-487c-4e3f-9720-ace9a4c43243,21edfc22-3f73-4335-a774-3cf78ab65e86,2024-11-03T10:16,7,42.77,Card,Pending
7cf3f77c-bd2b-45df-87b2-cd6612bb27c6,4717d2a3-4b2a-44f1-b960-a2b73e2d23fd,2024-03-01T10:16,8,141.36,Cash,Completed
101f83fc-7dc1-4978-ada8-ca719f7d52ee,0df3bae1-6384-4856-aa27-aef9f6c48b75,2025-09-16T10:16,9,74.97,Online,Cancelled
b381bf78-915d-4a6a-a712-514fc878387a,7a2e5fa5-096b-4701-8ce6-7a3db39bf8eb,2025-05-17T10:16,8,175.20,Cash,Completed
57e25e26-11d5-4a1e-94f6-2a68569613e1,caca465c-e9f2-4add-91b5-24c70595e321,2024-06-29T10:16,2,29.18,Cash,Completed
20519105-fb72-4ded-87b6-e304e91404d7,71f17b36-2c37-4cfa-bf8a-894fa94c0e9b,2025-07-25T10:16,6,140.10,Card,Cancelled
24a33392-9604-48d9-8a0d-1f12b5c6ef55,d33bbfcd-a2ca-4e80-8a1c-65223f061e7e,2024-01-08T10:16,9,209.97,Cash,Pending
8008557b-e8da-4941-95d8-8b4d9e11fbe2,ba5d9947-b043-4aca-8ee0-6b77895cf8e8,2024-06-09T10:16,1,22.66,Cash,Pending
ee14fdf2-0026-450f-a06a-bfea0874b326,1a48aa9a-def3-481d-922a-94300aa97309,2024-08-16T10:16,8,60.32,Cash,Cancelled
fc80bf81-b75a-4548-911e-1e5c687a15ca,89d26a00-0fde-4c03-8430-b06f6bc3f33a,2025-04-08T10:16,4,80.24,Cash,Pending
cd836673-2848-43b3-8e62-e8cd5a9766dc,fbe227d7-6d32-4407-9783-7fdac983e55f,2024-02-18T10:16,1,6.75,Cash,Pending
115245b1-82ea-49bb-8c1c-d7ffc1bb36f8,63846b60-b7be-4087-ac6e-56c9bc130a20,2025-02-28T10:16,4,39.24,Online,Pending
39609afb-0f17-48d5-b6ed-0564e5ce3a5e,4739f27f-7a96-4d52-83ae-0c6fd4c8c606,2024-08-20T10:16,1,28.64,Cash,Pending
d1392854-4417-4938-9c2e-0d145561f0f7,67c276b0-7be6-4f3c-bf86-c342095c8112,2025-03-29T10:16,3,18.66,Cash,Cancelled
9163942f-e15d-47fa-af93-5cc4537ddb80,401a6911-a31e-4892-adc1-56e3e1eb090a,2025-01-10T10:16,1,23.44,Cash,Completed
4d3cc21e-2497-4f26-b1b1-b8d37d8aa918,05ccd8a5-ea5f-4353-bd1e-3022152b0685,2024-06-12T10:16,7,79.80,Card,Pending
e08f6dc8-ae5d-4494-b42d-cb6f503243c6,f543de06-e341-4de2-95ab-ca0fd3ee51fe,2024-07-03T10:16,3,22.05,Online,Pending
2b77d385-bc13-404a-8c0d-24b3e926d145,02c65c06-56ad-4670-b8e2-10ab417c7154,2024-02-18T10:16,9,67.95,Online,Cancelled
e4221d1a-7a78-49d3-aabe-ba2cdbdb116c,d7af10ce-45c9-4fc8-8dd8-b1c5491aad5f,2024-06-29T10:16,7,150.50,Cash,Cancelled
c4ee9a67-c323-42b5-be82-e09494c7d5e3,726d71e2-70fd-4416-8568-78619c14a73a,2025-01-02T10:16,7,189.63,Online,Cancelled
2fa88aed-2813-489d-aaf3-53e1f2fb4dcd,46032f36-69bc-465a-9b33-a5d560bfd77a,2024-07-22T10:16,3,53.94,Online,Completed
c0513b06-5c7f-43a9-aa63-f353f1b76dcc,6e6d2c67-f7fb-4a98-8f9a-4822259b25c4,2024-04-26T10:16,4,30.52,Card,Completed
c1946e05-ab67-414b-97df-f60b046c39b2,1d32c3b3-c732-4995-aa6b-ff159deb3bdf,2024-03-29T10:16,4,103.56,Online,Completed
f464dc12-0c6e-4733-8300-a6b60a24f2f6,0b2a0e9a-e050-4380-b607-57adcbbf59d4,2024-10-11T10:16,5,42.65,Card,Cancelled
06d3c1bd-c00d-4be1-a16d-6cddbe265b2b,4739f27f-7a96-4d52-83ae-0c6fd4c8c606,2025-01-29T10:16,8,82.64,Cash,Completed
b4902b29-4c47-47a0-8eb7-92394bfe261a,0d463f72-c3a1-4a2b-8d0d-1721a0d1a06b,2024-04-26T10:16,8,40.48,Online,Pending
24ae6fd3-cec3-4f90-b22e-89ea0b86159d,f90cf3ca-e2d0-4129-bc7a-e8a2b80880da,2024-06-13T10:16,5,113.40,Card,Pending
4c418e50-4395-4dbf-8178-d01b686749b4,60cd80b6-3967-4dae-b4df-adc7b5644971,2024-03-13T10:16,3,36.69,Card,Completed
b03f46ad-06cd-449d-8276-831733e21933,0a570207-0f70-467f-bbeb-44a0a60a9a25,2025-09-25T10:16,2,32.00,Card,Pending
e6561f29-c80b-4cf9-9319-dcee6266bacd,ceafdb2a-788d-48e0-acdd-bd533a2e7ab6,2025-02-14T10:16,6,130.44,Online,Completed
840c11e7-0be0-441b-ad18-044d296cb621,0b2a0e9a-e050-4380-b607-57adcbbf59d4,2024-04-20T10:16,1,19.51,Online,Completed
e76251bd-abd3-4e7f-9611-69efe38f5a27,fdb5454e-2230-489e-ade4-9218ff28cbd8,2024-01-14T10:16,1,22.90,Cash,Cancelled
099af7ae-c475-4c0b-a049-9b9eb4c7c10c,6e551d53-4f6d-4b84-a9de-3d7c79694805,2025-05-12T10:16,3,31.62,Card,Pending
1838ebcd-edea-4bdd-bb7c-4da5d3e56190,62a2bfef-ca4a-4dec-90ea-bf15ea1880d2,2025-08-25T10:16,9,64.17,Online,Pending
74942a3c-4283-4b4f-97ed-03fde04cbbb0,d87f31d7-79ef-4c17-856e-142e791b04da,2023-12-06T10:16,1,5.39,Online,Pending
5c328e6b-2f88-47db-8d1b-9353100e4b45,caca465c-e9f2-4add-91b5-24c70595e321,2025-03-01T10:16,9,67.50,Online,Pending
1067cad6-d82e-4701-a057-befc2bd5ecec,205ea7f7-e714-45b8-a083-11247ff702a1,2023-12-02T10:16,8,144.24,Cash,Cancelled
2ada42ff-5f69-4338-9eb0-e3ed393ec48e,36b880b0-e9bd-4c0b-8f1c-32018f6c758a,2025-08-08T10:16,4,66.64,Online,Pending
6493ccb6-7d41-4a77-a3bd-78afee7212a4,953417c6-cd52-45e9-9ca0-bb450653c934,2025-02-01T10:16,5,30.80,Cash,Pending
5d456b68-d920-47f4-a74c-5bd118ac8c9d,67c276b0-7be6-4f3c-bf86-c342095c8112,2024-08-14T10:16,6,152.64,Cash,Cancelled
ce084aba-920f-4633-a062-532078ba56b6,bfa3444b-2be9-46be-b944-720d86a59770,2024-04-14T10:16,6,50.70,Online,Completed
3c1f865c-d306-415e-bee9-f6ffca240e2f,2c6dafc9-06cc-4b3d-8b8d-12aae0644c58,2023-12-09T10:16,9,127.53,Online,Cancelled
3c02860e-bc72-490e-b3fa-90b62c723546,1407e9cf-22c9-4137-a2fe-cc12dc038235,2024-08-13T10:16,7,120.68,Card,Cancelled
6d93495f-98fc-4fde-91da-92b46d686751,09ba4183-1b94-4f8c-bc5f-eca421a88524,2025-10-18T10:16,7,205.59,Cash,Completed
7f961757-a2f8-4219-89a0-9954def4d49a,1d32c3b3-c732-4995-aa6b-ff159deb3bdf,2024-01-16T10:16,9,129.60,Online,Cancelled
fe006c72-85b7-497c-94ca-e20c43ece053,ceafdb2a-788d-48e0-acdd-bd533a2e7ab6,2024-08-03T10:16,2,13.22,Cash,Completed
79ef2488-0c20-4672-b430-8e5a9f24f30b,25659c0e-6eb5-4c57-add8-fb6ac5f42699,2025-04-04T10:16,3,70.53,Card,Pending
2a978f9c-43b3-40ce-84a7-73229565c1b6,b3688304-b24b-416a-9bf4-c2b6aaeb59d3,2024-03-25T10:16,7,176.89,Online,Completed
980d88fb-dda3-4add-9d58-7cac3fa1933a,69446e90-4237-4410-ab55-e011eb04cce0,2024-11-20T10:16,3,74.07,Online,Pending
43d2ea83-2c2f-4066-afc8-ed8a7bbdcc5c,c5817fdc-a4dc-4879-b957-30cfda62016b,2024-07-06T10:16,2,29.00,Cash,Cancelled
8185cbc2-3b42-4c4d-8ca2-ac4bc4db9d63,6e6d2c67-f7fb-4a98-8f9a-4822259b25c4,2024-04-10T10:16,7,64.54,Card,Cancelled
57667c32-4d72-490a-ba2f-65d9065c360d,e12c3d24-86c8-474f-b86b-370df36adbfe,2025-02-21T10:16,9,140.31,Cash,Pending
6bccf6ee-ac8e-41e5-b0d7-40b4f32125be,8887df7e-682b-4d48-b18c-c1ddfa0aaa26,2024-09-01T10:16,7,207.69,Cash,Completed
fcb5fbdb-7a2c-477a-a6dd-390a5451d5e9,058b9c75-b72f-4594-80d2-e41194ff7672,2024-05-20T10:16,3,68.43,Online,Completed
44e28e91-7268-4430-8932-d2cab0912033,aff4340c-d102-49ba-af8e-84d2737ce82c,2025-07-02T10:16,7,61.18,Cash,Cancelled
2ca2d7e1-c15c-4401-ba61-31997fbcd698,3befa4dc-d961-4a3a-9410-d43d1bdaa335,2025-06-07T10:16,9,227.79,Cash,Completed
8fcbae55-4f1a-4dc5-b49f-b717b4ef0ad2,e119f98a-df63-41dc-8e01-bb49ca2dc724,2024-02-06T10:16,2,10.34,Online,Completed
9d14e298-4e27-444b-97bf-afb140b45192,92da274a-bea2-490a-bb52-196c46fa8487,2025-10-06T10:16,1,19.44,Card,Cancelled
2800d025-259e-4595-affa-9bad8e87143a,e7991221-0de0-4ef8-aa9c-ca3b59197059,2024-10-10T10:16,7,130.55,Card,Completed
266122ec-def2-44c9-a9a0-eb0337cee3a0,e12c3d24-86c8-474f-b86b-370df36adbfe,2024-08-02T10:16,5,41.20,Card,Pending
cdfeabf8-a6f3-49f0-a9a8-6311bd3ed71b,964d337f-acd5-4ca2-8843-9be3f2eb60fc,2023-11-17T10:16,3,35.07,Online,Pending
c0f30030-98be-4b33-a2a9-c75c67be7f48,c9dcc28a-ae5f-477c-ae7e-72d94129f449,2024-03-04T10:16,6,46.20,Cash,Pending
a125061a-b19e-4008-8a2f-6f4b858bb6b1,9305d562-2505-493d-8ed8-3fb721c8f491,2025-08-26T10:16,7,57.19,Cash,Completed
77128989-24e3-4e9c-bdb2-d591cd00a53b,d3f641e5-b8b5-4f5f-9155-7768df2033e8,2024-07-26T10:16,5,89.65,Online,Cancelled
8b8601a8-14cf-483a-90f5-9d2b07caf07e,1a31c678-d420-495a-aff3-0f1609514e1e,2025-05-29T10:16,9,235.62,Cash,Pending
7e294d37-75e2-4646-893a-eb90949871f9,4b14a58c-f1e4-40b6-888d-a88cd7055099,2024-06-06T10:16,4,96.88,Card,Pending
553df35f-0e9d-4f04-90b3-3472a1655c86,f6c35464-33dd-44a7-bf84-071f2e427045,2025-10-19T10:16,3,46.65,Card,Pending
1ec127df-7e33-4e9b-96ad-1b7ee892e83f,c5817fdc-a4dc-4879-b957-30cfda62016b,2025-09-19T10:16,4,44.56,Card,Completed
2b6c49ff-9e05-4209-8d20-3af39918a342,80537cf2-360f-4740-8b7e-d4cd56e22987,2024-12-18T10:16,4,105.84,Cash,Cancelled
746b9dc4-3e67-4b5b-aac8-46a606d04926,63846b60-b7be-4087-ac6e-56c9bc130a20,2025-02-04T10:16,6,76.92,Online,Pending
deefe183-79b1-44d2-aa2f-cb1d3e1644a4,aac35608-9499-49c5-811a-a059e773c968,2024-12-16T10:16,9,95.94,Online,Cancelled
c341ffea-836c-48e1-8ea8-7d13ad7d8c29,824998a2-7592-4051-ab0b-d5e12743c93b,2025-02-23T10:16,9,143.64,Cash,Pending
602c9c2d-0ea0-4a3b-aafe-a8232436e54e,e85d0261-2d97-4475-a749-363ec9040a74,2024-09-07T10:16,7,177.73,Card,Completed
5ea5c00e-8800-4d9e-809e-472e4b6995b2,bb9edfa8-17f7-4f6f-8e3b-616693a298b1,2025-08-14T10:16,1,20.13,Cash,Completed
abae66a7-946d-407b-9e8f-cdd215dafed0,6e6d2c67-f7fb-4a98-8f9a-4822259b25c4,2025-05-21T10:16,8,190.40,Cash,Pending
d19fbdd6-2cf1-4680-982f-112ba2f37798,0d463f72-c3a1-4a2b-8d0d-1721a0d1a06b,2025-05-27T10:16,4,25.16,Online,Pending
25625255-c49d-4ebc-b8ca-f508230ba03f,23650eb4-f98d-45a3-a90b-a378f03d469d,2024-04-11T10:16,6,102.96,Cash,Completed
0a68431e-a6dd-474b-a93b-cb797ee83f86,ec3490d2-e8da-47ee-ae12-0ca0b1d7a2bb,2025-10-07T10:16,1,11.01,Cash,Completed
0af88a1f-6f55-40ad-86d3-edd4a8a03d7e,6b1178fc-1745-401d-88da-3903c243ebe9,2025-10-13T10:16,3,82.11,Card,Cancelled
04617c1b-5415-4354-b4bf-2e83238e34ce,6e6d2c67-f7fb-4a98-8f9a-4822259b25c4,2024-10-28T10:16,2,58.52,Online,Cancelled
59e3539d-17d1-4861-9c90-a230b1cc658c,25659c0e-6eb5-4c57-add8-fb6ac5f42699,2024-08-03T10:16,5,141.40,Card,Cancelled
9858e412-7002-4d1a-bba8-9468025e8c46,f6c35464-33dd-44a7-bf84-071f2e427045,2024-09-05T10:16,3,66.42,Online,Cancelled
fd5e69d3-c4ce-4e8d-96ab-bb8dd5fde084,98b17fed-218c-4f20-8410-9f0edfc74455,2025-04-06T10:16,6,108.66,Card,Cancelled
68bf1cb9-ed85-47f2-8d1e-08dde49a9946,0dd437d0-74fa-43c3-8909-5c955e4d47dd,2025-05-05T10:16,9,262.44,Card,Cancelled
a5d42a54-1c6d-496f-952a-b8c4a0695de0,6e6d2c67-f7fb-4a98-8f9a-4822259b25c4,2025-05-14T10:16,3,83.43,Cash,Pending
35681558-1dc5-4bc7-8f5d-b74499d1e134,8887df7e-682b-4d48-b18c-c1ddfa0aaa26,2024-03-05T10:16,2,25.20,Online,Cancelled
0a401055-9eac-428d-9824-605ff4fae8a0,1d32c3b3-c732-4995-aa6b-ff159deb3bdf,2024-01-11T10:16,9,48.96,Card,Cancelled
3765b824-1e2e-4d96-bbcc-1686abf6bf2c,74e76582-f1b8-4560-b049-8aebb59d4721,2024-09-24T10:16,8,143.20,Online,Cancelled
b973c3a9-1b66-4ef7-b6cc-161bea942663,1233cc27-7567-48e0-8dd2-6b0019506c2f,2025-01-30T10:16,5,55.95,Online,Completed
ed8a9f74-cec8-42d7-af84-d39bc5ec5ae4,c9dcc28a-ae5f-477c-ae7e-72d94129f449,2025-11-08T10:16,1,27.16,Online,Pending
bd4ef3f3-74c3-4e3b-837a-418f56a82a17,f543de06-e341-4de2-95ab-ca0fd3ee51fe,2024-04-20T10:16,2,40.56,Online,Cancelled
7fbcc9dc-bc46-4052-b197-1a84f9a1c044,e85d0261-2d97-4475-a749-363ec9040a74,2024-12-20T10:16,6,58.92,Card,Cancelled
a5af05e0-c476-4a7e-bcb8-5e264443105d,f0a6a958-e434-41bf-a830-dffa55a34db5,2025-02-16T10:16,1,23.83,Card,Pending
94d6058a-ad0d-4e35-bbb2-c79cdfec62ce,3dcaabe3-78c9-4d88-bed5-56ca7ceea07c,2024-01-30T10:16,1,29.10,Card,Completed
65e8929f-c548-469e-8cc6-feda8224c65a,aff4340c-d102-49ba-af8e-84d2737ce82c,2025-01-20T10:16,3,74.01,Card,Cancelled
6fc2a7d8-6b86-40e6-9d8c-6e108a9fbc40,058b9c75-b72f-4594-80d2-e41194ff7672,2023-12-17T10:16,7,199.71,Card,Pending
6f1bc120-9c1c-49d1-b91f-f47c1934a185,e277d099-db2a-4aee-ab86-8b0e73a34383,2024-08-31T10:16,4,63.28,Cash,Cancelled
b088ad5c-8458-4f4a-9656-683011e86aac,d5cfb1a3-ce2f-4aff-ab4c-50e0c5426af1,2024-05-28T10:16,4,22.64,Cash,Pending
51bc22af-a30c-47bc-b39d-916dd5318ba9,058b9c75-b72f-4594-80d2-e41194ff7672,2025-10-19T10:16,2,49.36,Cash,Completed
fdeea70f-edd4-4b7f-947f-ea958c6b0d88,aff4340c-d102-49ba-af8e-84d2737ce82c,2024-09-01T10:16,3,38.91,Cash,Completed
2f4132c3-9647-42bd-98b7-95b42e6e089e,7a18d550-38d0-40b2-84a7-547162e7e409,2025-04-01T10:16,9,124.20,Card,Cancelled
2ab3b6b7-630f-4e99-8d92-1ee08bc81ec2,6e6d2c67-f7fb-4a98-8f9a-4822259b25c4,2025-09-16T10:16,1,5.53,Cash,Pending
e7b13f2f-a48f-4bf4-a25d-7d61710cd808,fe624323-ba72-456d-9842-ed9e0edc75df,2023-11-22T10:16,2,18.24,Cash,Cancelled
d453cec2-fd20-4325-a345-0410808be98e,39cb44e2-a541-4b98-bc0b-db5f31cf8710,2025-09-30T10:16,4,109.68,Card,Pending
3606141e-d326-4ed7-86d8-1336d9043bb0,4e6807ca-aed8-4ec9-b1b0-0e3aba57efb1,2025-04-06T10:16,2,12.44,Cash,Pending
ebdf7eb6-e668-40c0-9fc9-173441a85fd0,1d32c3b3-c732-4995-aa6b-ff159deb3bdf,2025-01-04T10:16,8,227.76,Online,Cancelled
6c28cdf5-1720-43af-94fe-a557c8d7f99e,0fcf4084-ea31-49f8-99f9-9bf8c8b0c16b,2025-07-23T10:16,1,23.05,Online,Pending
873b251c-abf9-49ca-b6de-6e5e02d45772,5f6e51da-5f01-4c9a-85dd-7d50ef37e5d7,2025-03-12T10:16,9,252.72,Online,Pending
bf1ee6e4-42ff-4e03-974e-ced504b77488,ff4db0d8-e809-46e8-9ae0-78ffee4902d9,2025-09-28T10:16,3,39.81,Online,Cancelled
c574bfcd-9157-44db-a2da-2580a6c4934e,cf65c4b6-4c1c-420b-95de-23e5b56ffad5,2024-06-26T10:16,3,58.23,Cash,Cancelled
f998c17b-d50e-458a-8f0c-479d47cd71c0,bb6ceda0-3f7a-4dfa-9862-41a88dd468b2,2025-10-04T10:16,4,54.56,Online,Cancelled
df23429a-ade3-4b44-b0e2-70315a5ad1d6,f543de06-e341-4de2-95ab-ca0fd3ee51fe,2025-02-03T10:16,6,32.70,Card,Completed
dcd188e8-5cdf-4624-a9b5-47d69a026556,a190f67b-21df-46bc-8164-46bdfa00af85,2025-04-25T10:16,8,100.24,Cash,Completed
4619edc6-b14e-4922-99ee-2fa9726f8925,5eb75bc0-d5fa-4209-9d42-7767f3f0585b,2025-05-26T10:16,1,16.78,Online,Cancelled
9ec874e2-7fef-4237-ba56-517e63952849,f0a6a958-e434-41bf-a830-dffa55a34db5,2024-05-27T10:16,7,153.30,Cash,Completed
7f3ff47a-cbd8-4fce-8546-d7c8a586c67b,0e0d5f13-edd5-4ab0-9ddd-3df111bedc5a,2023-12-03T10:16,9,204.12,Cash,Completed
f1886847-46e2-4641-ae34-df28de07dcf2,ebe19120-496a-47fa-87eb-2440212a3363,2023-12-16T10:16,9,159.93,Card,Completed
7f2948df-18c4-4cb1-84d6-ec5e0a675a83,e119f98a-df63-41dc-8e01-bb49ca2dc724,2024-06-28T10:16,6,125.04,Online,Cancelled
61d43194-2639-416d-a926-c37e0d9b5323,5f6e51da-5f01-4c9a-85dd-7d50ef37e5d7,2025-06-07T10:16,1,20.63,Cash,Pending
8412c0e0-390a-49b9-b5d2-f24a25185a39,6aaabc79-3d35-410f-bb96-f86a3930d0ff,2024-09-26T10:16,7,157.50,Cash,Pending
96f42168-81ea-408c-bf60-9f3f7cca9531,1eeb9c5f-5b7a-47af-b4f1-5a50d9d1089c,2025-02-04T10:16,8,95.20,Card,Cancelled
622ff089-f465-4ca7-9cd3-7d4fbb056409,726d71e2-70fd-4416-8568-78619c14a73a,2025-01-10T10:16,5,128.50,Card,Pending
0dce6638-bc20-4468-9b2a-2414ae410ec1,4e6807ca-aed8-4ec9-b1b0-0e3aba57efb1,2025-04-12T10:16,3,84.93,Cash,Cancelled
342b5fd3-ccc7-4a29-bc9b-04d200edeb37,52f5634d-de98-4543-8a1e-cbf1e2d0242f,2025-02-05T10:16,2,52.70,Cash,Cancelled
7127aea8-eb23-4266-922e-41138dc85596,910b1d47-5c37-48b1-8bde-96c60660f1d7,2023-11-14T10:16,5,94.55,Cash,Completed
3ce94cd1-175f-4971-81a6-5254412e475b,d5eaf6a7-76cc-48ec-98d9-ba713e2df70f,2025-01-10T10:16,3,39.84,Cash,Completed
8d76deff-5074-49e4-93ca-841df1e1b7a5,401a6911-a31e-4892-adc1-56e3e1eb090a,2024-05-02T10:16,1,27.84,Card,Cancelled
2c7840c2-b0a4-4e04-ac5b-c5c626a4a02b,8f7f530b-bb30-4a05-b437-744ed30af54f,2023-12-15T10:16,5,35.20,Cash,Cancelled
c5c4e4ff-1ecd-41b8-883d-d1fe96287746,ff4db0d8-e809-46e8-9ae0-78ffee4902d9,2024-05-22T10:16,4,118.64,Cash,Cancelled
bbda1769-6388-4f05-b030-963b5e3c5417,6f61ca8e-51a1-48e0-abfa-88326e713e34,2025-08-15T10:16,8,52.64,Online,Pending
cb19bc57-3b23-4e79-a73c-8f9f41428909,3dcaabe3-78c9-4d88-bed5-56ca7ceea07c,2024-12-13T10:16,4,81.80,Card,Pending
80e07460-c41e-4586-be3d-a726b84eba26,9b9edd1e-b4f7-414c-b8b5-a3dc51fa0a8c,2024-06-10T10:16,9,91.89,Cash,Cancelled
ac6e593b-f8f1-4201-a3f9-9a0bd904312a,000f9c8f-2fc7-4346-844d-c04f10751265,2025-11-05T10:16,1,28.26,Cash,Pending
237cd3fb-873e-424f-bfd7-723661c7940a,89d26a00-0fde-4c03-8430-b06f6bc3f33a,2024-09-23T10:16,5,122.95,Cash,Cancelled
1a37554f-2dd3-46a3-b502-bcd2958dbeb5,a302a1a8-c429-406f-abff-9f273aa0a4b5,2024-12-03T10:16,2,49.82,Online,Cancelled
d4e6e83b-93eb-49b1-9508-a344e8434e97,c3ffc43c-0c11-40fa-9824-f234161741d0,2024-07-07T10:16,5,147.80,Card,Cancelled
0467f078-8c88-488c-9ff0-eb96cd7dc1f1,c3ffc43c-0c11-40fa-9824-f234161741d0,2024-05-06T10:16,6,178.74,Online,Completed
311726f7-a8e3-45b9-b5e5-9f8c1f061764,fe624323-ba72-456d-9842-ed9e0edc75df,2024-12-06T10:16,3,41.82,Online,Cancelled
dbe1ffe5-2d80-454a-8af2-16baa573f63b,0dd437d0-74fa-43c3-8909-5c955e4d47dd,2024-07-22T10:16,9,166.77,Card,Completed
9fce5a7c-f92a-4fe2-b9f0-cc3926432033,0a5bd884-b432-4ce5-b14e-44b4aedd4c0f,2025-07-11T10:16,3,52.32,Card,Cancelled
5f24dd9b-0d36-40f8-879e-00fa1560f18e,93cdeef1-3fc3-4a63-a275-0ae87ae6b335,2024-07-19T10:16,8,158.88,Cash,Pending
3ac39778-e546-4b18-9cb2-7d433c241fb4,6c6a3b10-9747-4dca-a041-4edc22d147b0,2024-07-31T10:16,6,97.56,Online,Pending
f39eb29f-1229-4131-9ac7-a40222085973,bfa3444b-2be9-46be-b944-720d86a59770,2024-07-28T10:16,5,98.25,Cash,Pending
843849a9-a79d-4869-9205-d8c184f9151c,6aaabc79-3d35-410f-bb96-f86a3930d0ff,2024-12-13T10:16,6,166.32,Card,Completed
11b97758-2690-4a04-af61-03bd4d7351d4,dcfb3d05-846d-4915-99f3-ebbc7559d972,2024-01-31T10:16,9,234.63,Cash,Completed
3e112a84-38ab-4b82-a387-df0fd3f407cc,4717d2a3-4b2a-44f1-b960-a2b73e2d23fd,2025-07-11T10:16,4,24.32,Online,Completed
742c261b-bb53-461f-a48d-ad9c85b50a28,39cb44e2-a541-4b98-bc0b-db5f31cf8710,2025-07-27T10:16,3,89.91,Card,Pending
b1baf899-67dd-4162-9581-825096831eb7,77ca464a-fe0d-4dcc-8f08-3eb2f7b64f76,2025-10-16T10:16,1,8.64,Online,Completed
ba1fce10-0947-4269-9aac-66d4c2f224b7,02c65c06-56ad-4670-b8e2-10ab417c7154,2024-08-05T10:16,1,13.20,Card,Cancelled
1d21e960-679f-47ba-a7cc-d51e7719c0bc,205ea7f7-e714-45b8-a083-11247ff702a1,2024-09-23T10:16,4,109.72,Card,Pending
46f02da1-864c-4798-b935-4606c8d65c01,fdb5454e-2230-489e-ade4-9218ff28cbd8,2025-07-22T10:16,5,43.90,Card,Pending
a0f962f7-7c9c-4c8c-95b4-ccbecf8c3e38,824998a2-7592-4051-ab0b-d5e12743c93b,2024-02-25T10:16,5,125.10,Cash,Cancelled
7599903d-f4d3-4116-90ee-47e6cc5a3b8c,dcfb3d05-846d-4915-99f3-ebbc7559d972,2023-12-08T10:16,6,65.16,Online,Pending
4b184f32-67c8-4185-954b-a90da2908d47,60cd80b6-3967-4dae-b4df-adc7b5644971,2024-08-31T10:16,1,7.72,Card,Pending
5ddd1421-1df0-433d-9c19-d10b132b95a9,953417c6-cd52-45e9-9ca0-bb450653c934,2025-07-10T10:16,2,17.52,Card,Completed
66d3c069-bb40-46c7-926e-35ac25f1bcb6,0472ca7f-b133-4710-8f43-24a3c6c1afd1,2025-11-04T10:16,9,110.07,Cash,Cancelled
bef7297e-e955-40df-9d64-bc903f91970d,e85d0261-2d97-4475-a749-363ec9040a74,2024-06-29T10:16,5,94.40,Cash,Completed
7d831372-a25c-44c2-bbd2-776aec634620,5eb75bc0-d5fa-4209-9d42-7767f3f0585b,2025-08-08T10:16,1,22.02,Online,Pending
9ca5f1e8-3294-4fbc-b5f0-d86114f376a0,ceafdb2a-788d-48e0-acdd-bd533a2e7ab6,2024-09-11T10:16,4,73.68,Cash,Pending
38539f13-5c96-45f3-8995-d75c8583b174,5f0f3def-9ff6-4282-ad04-001c4a769966,2025-09-29T10:16,4,119.68,Cash,Pending
788afa60-c704-4b35-81ad-247a20e2174e,6f61ca8e-51a1-48e0-abfa-88326e713e34,2024-05-28T10:16,3,47.31,Cash,Completed
a1a70eae-b6d0-4d7c-93be-727629931867,1407e9cf-22c9-4137-a2fe-cc12dc038235,2025-02-20T10:16,1,9.55,Cash,Cancelled
2d16ffc7-9695-425d-afb9-3d7d2b49e973,21edfc22-3f73-4335-a774-3cf78ab65e86,2024-03-18T10:16,3,58.71,Card,Completed
9fd84c6b-b2bf-4dac-990e-fa29a45a20f4,824998a2-7592-4051-ab0b-d5e12743c93b,2025-02-22T10:16,9,130.50,Online,Completed
0df400bb-d8a3-4c0d-9332-43ab1c980dfb,9fa382f0-8393-48db-ad30-43c953282401,2024-11-09T10:16,2,20.44,Card,Completed
9c9d80f1-08ba-4a67-9414-b6770ed90fe9,bf0de251-90d7-423c-8b31-48df1a89964f,2025-09-17T10:16,4,116.80,Cash,Cancelled
ad6a0051-c8a8-45d7-a8fa-7aba16e6f359,fe624323-ba72-456d-9842-ed9e0edc75df,2025-04-06T10:16,2,31.14,Online,Completed
8eeb21a5-dcaf-414f-9e46-be237b1294d2,485b65e7-fdf4-474d-afba-37986d8d3cd8,2024-11-13T10:16,5,135.60,Card,Completed
4cfa480d-35b6-41b3-9192-9fce56de1694,09ba4183-1b94-4f8c-bc5f-eca421a88524,2024-07-21T10:16,5,66.40,Card,Completed
b2fae574-d02d-44c3-a26b-86c8b814af4a,6f61ca8e-51a1-48e0-abfa-88326e713e34,2024-06-16T10:16,8,178.40,Online,Cancelled
440007b9-5974-4828-9de2-df706c727285,ada8704c-2784-4d70-84da-10078407d2c8,2025-01-18T10:16,2,11.02,Online,Cancelled
2af9061e-fe26-4321-bed2-b7a30d87a877,8626238e-5813-415a-9a8c-db944b1e0269,2024-12-05T10:16,1,11.22,Card,Completed
a3a30944-cefd-44f6-82e2-5e29cb823501,4717d2a3-4b2a-44f1-b960-a2b73e2d23fd,2025-06-04T10:16,5,69.60,Card,Pending
2f6250f1-1b40-438f-90c7-8e4d2ee351c8,983d66ae-c8b0-46b8-8abc-26a1055cf729,2024-05-21T10:16,5,65.15,Card,Completed
e960fbdd-91d8-44ea-a71e-23f9db3de7f2,f543de06-e341-4de2-95ab-ca0fd3ee51fe,2024-03-13T10:16,1,14.59,Online,Cancelled
8b83664b-edcc-4ff9-88b8-388b816e83d1,63846b60-b7be-4087-ac6e-56c9bc130a20,2025-06-25T10:16,6,172.98,Card,Cancelled
edba9fa6-afe2-4e17-aa91-7bcd1018f3a8,77ca464a-fe0d-4dcc-8f08-3eb2f7b64f76,2024-12-12T10:16,1,15.66,Cash,Cancelled
e170ba7a-ffba-4c82-89fd-f8209fdfc5df,d3f641e5-b8b5-4f5f-9155-7768df2033e8,2024-04-18T10:16,7,54.67,Online,Completed
096f1aee-a3a0-47c4-bb30-29c8cb0ef2e3,09ba4183-1b94-4f8c-bc5f-eca421a88524,2024-08-05T10:16,1,25.85,Cash,Completed
e7654771-669f-4fa4-b0b5-e4a87ed5a07b,ec3490d2-e8da-47ee-ae12-0ca0b1d7a2bb,2024-04-23T10:16,7,161.42,Cash,Completed
2dc3ca1b-31b4-42c9-9946-efde6f244243,953417c6-cd52-45e9-9ca0-bb450653c934,2025-02-24T10:16,4,34.12,Card,Cancelled
15f763d0-b18f-448c-8117-31e96cee6de9,0e0d5f13-edd5-4ab0-9ddd-3df111bedc5a,2024-12-03T10:16,2,53.74,Cash,Completed
915d46ac-e927-4089-8cd0-881122457e1b,7a2e5fa5-096b-4701-8ce6-7a3db39bf8eb,2024-03-07T10:16,4,83.04,Online,Pending
3d1abf23-f9a3-4747-84f5-2c9f95e1b6fb,06e585f0-5b60-4900-81d1-3379328e6c17,2025-10-24T10:16,2,29.34,Card,Completed
5ad551d8-43e7-40bd-a46a-42100b901de6,ada8704c-2784-4d70-84da-10078407d2c8,2024-09-18T10:16,1,27.13,Cash,Completed
4f060f2b-cd90-4564-90dd-bfd41a1ada4b,bb9edfa8-17f7-4f6f-8e3b-616693a298b1,2024-09-14T10:16,5,130.15,Cash,Cancelled
0182ae7f-a5f4-4c5c-80b8-4c7acbb9aaa7,d6d4ef4b-0870-48aa-b884-013237f255f4,2025-02-21T10:16,1,6.07,Card,Cancelled
3c7a4755-f5de-4099-877a-cb7c60cfaed1,6945f6f4-b8f9-4d04-90ff-e59ed705578e,2024-06-30T10:16,1,25.24,Online,Cancelled
1d544d3c-f49c-42f7-a94a-e71735341c4a,21edfc22-3f73-4335-a774-3cf78ab65e86,2024-01-30T10:16,9,264.69,Card,Completed
425e6ccd-e99e-4ece-96e4-e9924b49cedd,515fe1d2-d33a-4b9d-8c19-07e0cbe81a9a,2024-10-26T10:16,1,27.73,Card,Completed
26568cd1-63fe-491d-a0fe-de02f42bdf00,3befa4dc-d961-4a3a-9410-d43d1bdaa335,2025-02-07T10:16,1,17.85,Card,Cancelled
cc88e2f1-f7f5-4cc2-b76f-bf343cfbdcb0,209e786b-2a61-4e52-a3b2-1cc98bcbf18c,2023-11-29T10:16,7,40.39,Cash,Cancelled
e9eb6c56-42e8-4a31-bf67-39e564aabddc,8e1bbe6c-7b75-46dc-8ca1-0b1664cd6ae4,2025-10-19T10:16,3,20.70,Cash,Completed
f5b3bcb5-fcda-4710-a8a9-801b93a69ac1,365c90d0-a590-4209-9401-2ce55af5ed98,2024-02-19T10:16,2,29.90,Cash,Completed
23de82ac-0f86-4615-91d2-bb060bf774bd,c1a09d60-c9e8-4489-a68e-e01b51541d33,2025-03-30T10:16,6,160.98,Card,Completed
9a874363-3a2d-4a9d-90cf-29af801c7bd0,885715b6-b1eb-44ca-8460-28c0343e56f3,2025-07-07T10:16,6,48.90,Cash,Pending
5a835072-1305-443c-8066-3f79025c595b,aff4340c-d102-49ba-af8e-84d2737ce82c,2024-11-18T10:16,5,143.90,Online,Pending
673ef867-77e8-40a0-bfc7-d3f018469ba2,4e44f26d-5455-405b-8fdb-63ab8b739ecf,2024-09-02T10:16,4,74.36,Card,Cancelled
b6087440-6e7b-4a8c-a59c-457b90d4a702,3ab3404a-ee80-4ed2-8d90-a6f0dad14e48,2024-07-06T10:16,9,156.06,Cash,Pending
263b44f2-c094-4605-b64f-463d33595382,e6e1db85-f8ba-4264-9c9a-520ecda4bc4c,2024-12-12T10:16,8,123.36,Card,Cancelled
b1da39a4-ddae-469c-8dc7-3c6e71153343,f543de06-e341-4de2-95ab-ca0fd3ee51fe,2024-11-28T10:16,5,25.60,Card,Pending
b1298aaf-328e-4fa3-bf16-a6d2eed5eefa,b90a3a7f-421e-47e5-8598-fe50f365a62e,2024-04-03T10:16,9,92.88,Card,Completed
78769ff9-2775-43bb-8e3c-3a36e7773cee,0472ca7f-b133-4710-8f43-24a3c6c1afd1,2024-10-29T10:16,8,174.88,Card,Cancelled
a21f89c1-4382-422c-b989-268336178313,365c90d0-a590-4209-9401-2ce55af5ed98,2025-06-14T10:16,6,119.28,Cash,Cancelled
145398e7-d7a6-4921-91b0-b7e75115cb2a,98b17fed-218c-4f20-8410-9f0edfc74455,2025-07-16T10:16,4,116.88,Card,Pending
e5897f19-67b7-4688-8a63-03883f8d7798,941529ef-2114-4bff-907a-4596ff4593a1,2023-12-03T10:16,5,149.55,Cash,Pending
957f2cbf-ee16-4464-86a2-568be6850f92,e6cb1215-5314-4d05-bfd1-f6e5d36e89f7,2025-07-18T10:16,8,146.72,Online,Pending
3b8ab67d-1991-45c2-8a13-0766b4536439,7c991f43-c18b-4404-8826-97691b0dc00c,2024-06-12T10:16,4,85.84,Card,Cancelled
839a86b5-4290-43ef-857c-314ed27862f0,bfa3444b-2be9-46be-b944-720d86a59770,2024-09-01T10:16,7,106.40,Online,Pending
cffd259d-9f82-4c31-8c3f-48ea346f7e9a,62a2bfef-ca4a-4dec-90ea-bf15ea1880d2,2024-02-04T10:16,6,82.02,Online,Cancelled
387604f9-f201-4e3f-9723-4fce9b2d95e4,aff4340c-d102-49ba-af8e-84d2737ce82c,2025-05-17T10:16,9,55.08,Cash,Pending
32ed6f1a-97d8-4273-8fd4-5924049b5074,8b546c63-5406-493d-bc69-cfb594b38267,2024-08-18T10:16,8,150.00,Card,Completed
bd16cf17-a0e3-4f16-93ed-900997165997,c63bd277-c81c-40c5-8720-6ce916d653c4,2025-04-23T10:16,1,13.77,Cash,Cancelled
6216f208-8d2f-4eaf-9692-a36a9466e212,4bb2d776-14c0-4ef6-b8ba-c580cbed72b8,2025-05-24T10:16,5,88.75,Cash,Completed
2bcdb07f-06ea-488f-a105-11542a075ed9,77ca464a-fe0d-4dcc-8f08-3eb2f7b64f76,2025-06-16T10:16,4,22.44,Cash,Cancelled
75f98957-a4a5-4671-b65b-1db039ea1296,b014b56e-3263-4b63-8430-46e00bc5ea77,2023-12-08T10:16,4,53.76,Cash,Cancelled
0fb736b9-fc00-4623-aded-e5e387b2f5aa,5d6f84a5-a4de-442e-99b9-b8ef714b4436,2025-01-23T10:16,7,140.63,Cash,Cancelled
6d850b73-2fc5-4b21-b123-b73d51d97c04,0dd437d0-74fa-43c3-8909-5c955e4d47dd,2024-01-20T10:16,1,5.47,Card,Completed
27bfeba1-e2bf-429d-96fb-d4fc11553acd,8b546c63-5406-493d-bc69-cfb594b38267,2025-08-15T10:16,7,113.19,Cash,Completed
369d39bf-e15c-424b-868d-91ba1f81a686,90f0db1e-2b19-43f7-ba17-233c7c214eca,2025-03-22T10:16,9,81.72,Cash,Pending
1dc38af5-3973-4f00-85cb-d6436c536240,4f6ae324-5b6d-47d6-a86d-26ec6fbe1e0e,2025-01-18T10:16,7,104.02,Online,Cancelled
314ed506-4587-4afc-a43a-b6e096c89408,d6d4ef4b-0870-48aa-b884-013237f255f4,2024-11-10T10:16,2,45.06,Card,Cancelled
30dd7c6e-e834-475f-89a2-fdbc4061b0ba,b03f75c1-655f-4480-a2bf-1a0af806e96e,2025-11-01T10:16,3,34.71,Cash,Pending
601612f1-dd50-4f74-b1ff-32dbdfaebbac,14eace30-1ac2-411e-8eef-98e8f32a87fb,2023-12-05T10:16,8,49.84,Card,Completed
75d67520-1430-4b34-b633-83f5becdccc6,aff4340c-d102-49ba-af8e-84d2737ce82c,2024-08-15T10:16,1,21.01,Card,Cancelled
0c36bd03-15f0-44c6-a5a8-0bc6d2614023,fe624323-ba72-456d-9842-ed9e0edc75df,2025-10-13T10:16,2,50.24,Card,Pending
57ab4de3-057f-479e-a6a3-b35bc48549db,dcfb3d05-846d-4915-99f3-ebbc7559d972,2025-03-04T10:16,8,106.40,Online,Pending
a956f0d5-6187-4601-b76d-3c84f4652409,21edfc22-3f73-4335-a774-3cf78ab65e86,2024-01-02T10:16,6,128.70,Card,Cancelled
0771be66-fa90-4e6e-8e1e-7cb3c0ca8f2b,89d26a00-0fde-4c03-8430-b06f6bc3f33a,2025-05-22T10:16,8,192.72,Card,Completed
d2b25192-dbd6-45b6-a0dc-850bde15bfff,62a2bfef-ca4a-4dec-90ea-bf15ea1880d2,2025-10-19T10:16,3,66.93,Online,Completed
417bad07-6d2a-4b05-acc8-f8cf9663dea4,209e786b-2a61-4e52-a3b2-1cc98bcbf18c,2025-01-14T10:16,1,13.56,Cash,Completed
3b43bba1-896a-4610-a5c3-58f0fc610552,bc58b12c-65c4-4f21-89ef-3e492a22ef7c,2024-09-10T10:16,9,50.22,Cash,Completed
03492b94-08c6-4c3f-9a75-bddfa77747b6,e85d0261-2d97-4475-a749-363ec9040a74,2025-03-19T10:16,5,130.60,Online,Cancelled
3eae46c4-5e46-4af5-a84d-46b13bf3a0f1,0472ca7f-b133-4710-8f43-24a3c6c1afd1,2025-04-07T10:16,1,26.46,Card,Pending
d2b7e3b3-9c96-4e3c-a648-7cb766834b43,824998a2-7592-4051-ab0b-d5e12743c93b,2025-04-11T10:16,6,165.78,Cash,Pending
c556ee12-48e1-4421-945d-d5708ad76c64,f6c35464-33dd-44a7-bf84-071f2e427045,2024-10-13T10:16,9,45.81,Cash,Completed
a82d5b77-8e20-4920-bbe1-2eaef5c525e1,428424b7-1f94-496a-8b7a-497ce177d32c,2024-07-16T10:16,2,37.16,Cash,Completed
b21edbcf-788f-4e29-80ab-fb77aa745041,bc58b12c-65c4-4f21-89ef-3e492a22ef7c,2025-07-26T10:16,6,174.96,Card,Pending
4ff8fc39-14b1-4e08-b088-0833cdfd22de,d7af10ce-45c9-4fc8-8dd8-b1c5491aad5f,2025-08-23T10:16,5,142.95,Card,Completed
1bae83bf-f5db-4b3a-98dc-1607e6643b42,a302a1a8-c429-406f-abff-9f273aa0a4b5,2024-12-12T10:16,2,21.50,Card,Completed
d1c27298-fa0d-408e-824a-8985baefcbc0,1eeb9c5f-5b7a-47af-b4f1-5a50d9d1089c,2024-03-29T10:16,6,103.38,Card,Pending
c8575247-7ddb-4921-805a-5b3855787150,36b880b0-e9bd-4c0b-8f1c-32018f6c758a,2024-07-17T10:16,4,63.04,Online,Pending
c4975de4-0dd4-4ccf-8bfb-88c4f7fe8f2f,90f0db1e-2b19-43f7-ba17-233c7c214eca,2024-12-15T10:16,4,29.36,Card,Completed
b3188195-7e58-4dd6-80ac-36cb2c204ce3,d6d4ef4b-0870-48aa-b884-013237f255f4,2025-07-16T10:16,3,70.86,Cash,Completed
61279657-ab9d-46ea-8c81-97e5ca18b9d4,9305d562-2505-493d-8ed8-3fb721c8f491,2025-07-27T10:16,8,111.04,Online,Cancelled
5ec643fd-be9b-427c-af6e-257b51ac4eb0,aff4340c-d102-49ba-af8e-84d2737ce82c,2024-12-22T10:16,1,15.83,Online,Cancelled
ee2174f4-d215-4034-9d95-59fda019eefa,0e0d5f13-edd5-4ab0-9ddd-3df111bedc5a,2024-12-01T10:16,3,15.21,Online,Pending
58c8cfee-11d5-4cb2-af6a-fd7dbb2743ed,ec3490d2-e8da-47ee-ae12-0ca0b1d7a2bb,2024-11-10T10:16,2,37.86,Card,Pending
791723bb-a1e2-415f-aa38-9b2c100efd53,485b65e7-fdf4-474d-afba-37986d8d3cd8,2024-06-12T10:16,4,24.88,Card,Completed
d1500653-cc8d-4c68-8f82-394ee0d3351f,5d6f84a5-a4de-442e-99b9-b8ef714b4436,2025-05-18T10:16,4,57.32,Online,Cancelled
d33fb208-ee40-4521-8128-3a34c64441b5,d7af10ce-45c9-4fc8-8dd8-b1c5491aad5f,2024-02-29T10:16,9,62.10,Cash,Cancelled
d6992e46-4fe9-4cc0-8a88-7a399bf58c4c,0b2a0e9a-e050-4380-b607-57adcbbf59d4,2024-08-06T10:16,5,63.95,Cash,Completed
1c737f86-4ea0-4238-abc5-0787f68c4c53,3e97fc93-73a7-45e0-9888-f7a03ee258a7,2024-05-10T10:16,6,43.20,Online,Cancelled
6f434135-9d77-4f65-82f8-4f9aea6f2ef3,aac35608-9499-49c5-811a-a059e773c968,2024-09-28T10:16,8,182.24,Online,Completed
b0c80654-c949-4fac-abe1-067eb4597139,824998a2-7592-4051-ab0b-d5e12743c93b,2024-07-26T10:16,6,116.34,Card,Completed
72f10fc2-862c-4b3c-8055-026aa73a7930,ebe19120-496a-47fa-87eb-2440212a3363,2025-11-05T10:16,6,42.36,Cash,Pending
80954fb4-5271-48fb-b582-6eeeb97b6054,000f9c8f-2fc7-4346-844d-c04f10751265,2025-07-16T10:16,2,26.24,Cash,Completed
c1461da6-e301-4c7a-b29c-491e5fed9149,6b1178fc-1745-401d-88da-3903c243ebe9,2024-12-24T10:16,9,89.64,Cash,Completed
c80478cd-804b-41eb-b46c-a04ca6a9f174,0d463f72-c3a1-4a2b-8d0d-1721a0d1a06b,2025-08-09T10:16,2,52.74,Cash,Completed
9e6e00c3-0440-49ea-96ac-bff484e2777a,ef7fad1f-a86f-4ee1-95b4-ce1f339f0fa5,2024-04-23T10:16,9,168.48,Cash,Cancelled
3a0dfc7f-fea1-4009-8b76-b5d313ef2ab7,824998a2-7592-4051-ab0b-d5e12743c93b,2025-06-02T10:16,3,54.87,Cash,Pending
a9f60aa7-bb77-4ba4-a7e8-98622429ddfc,209e786b-2a61-4e52-a3b2-1cc98bcbf18c,2025-08-07T10:16,7,55.51,Card,Cancelled
0e92969b-c619-4bbd-adb5-6b6ce243abe7,73a2b03c-2dca-486e-8ebc-c4d6bb68a8c6,2025-03-16T10:16,9,131.40,Online,Completed
f3515d26-2bc8-4f1b-8fd6-10a2cd027e29,f543de06-e341-4de2-95ab-ca0fd3ee51fe,2025-10-09T10:16,9,61.83,Cash,Completed
f7de9d24-c264-44fb-bd25-996c1c6ca2c8,bb6bf39c-f455-4e08-a59e-1bdaaa91d4aa,2025-07-28T10:16,7,148.54,Card,Cancelled
34780831-0145-4aca-a579-62d72d64987b,89d26a00-0fde-4c03-8430-b06f6bc3f33a,2023-11-18T10:16,6,119.16,Online,Completed
35ca8760-ef90-448a-ad9e-ea908729dd1d,bb6ceda0-3f7a-4dfa-9862-41a88dd468b2,2024-07-19T10:16,9,231.39,Card,Cancelled
d2e3cc34-8fc7-4ec2-bc53-ddd8f4c977ad,a3f626b9-cc27-4c04-8570-be79ab8bda4a,2024-02-29T10:16,2,25.74,Card,Cancelled
28d53628-6367-41ff-831a-ca3ba458972a,56a75a3e-a944-4147-8cba-f1024726993f,2024-08-08T10:16,7,132.65,Cash,Pending
52a5a00b-8f81-4923-bd18-199684e8d6c7,7a18d550-38d0-40b2-84a7-547162e7e409,2024-03-16T10:16,5,63.25,Card,Cancelled
f4b7630e-2cd9-4dce-b1e7-c4f7dbbdabc7,b0d737cd-ec4b-4a88-aa81-d012ef3fb719,2024-06-30T10:16,5,94.20,Online,Cancelled
7426c082-21f4-4f87-affb-a66858e219fc,205ea7f7-e714-45b8-a083-11247ff702a1,2025-05-29T10:16,1,10.82,Cash,Pending
b642f5ce-f514-4f62-8d85-cc97bcf17a57,8e1bbe6c-7b75-46dc-8ca1-0b1664cd6ae4,2023-11-15T10:16,3,43.29,Card,Cancelled
0c9bc987-41dc-4e92-a775-51956d9172af,00d7ae70-0f46-4453-963c-4ab2a3d29314,2025-01-24T10:16,7,56.56,Online,Cancelled
be7faad5-5ec1-49ab-a46e-00f471cbe85e,6aaabc79-3d35-410f-bb96-f86a3930d0ff,2025-04-08T10:16,6,50.70,Online,Cancelled
da554934-0dbb-49f1-8090-f6211e55dbfe,a302a1a8-c429-406f-abff-9f273aa0a4b5,2025-02-15T10:16,3,78.99,Online,Pending
c849d754-7d71-4fe8-87d4-92c23211a81d,7169ef0c-f2c8-4ae3-83f6-87691664d2d2,2025-04-07T10:16,5,77.50,Card,Cancelled
d89e129c-60bc-4b6c-9fef-1dedc49a8561,8b546c63-5406-493d-bc69-cfb594b38267,2024-07-06T10:16,5,140.85,Card,Cancelled
4708d188-f18c-4c4e-a4e1-01125db23844,06e585f0-5b60-4900-81d1-3379328e6c17,2025-02-16T10:16,9,253.44,Online,Completed
0e0e9476-5c95-432c-86f6-5c951672eb90,c9dcc28a-ae5f-477c-ae7e-72d94129f449,2024-04-02T10:16,6,138.42,Card,Pending
d9b8f830-9329-4f65-a780-4121582246c8,d87f31d7-79ef-4c17-856e-142e791b04da,2024-02-01T10:16,6,31.08,Cash,Completed
9af3eab5-9769-4ba9-a997-904f40191171,e38afcd9-9e08-47ba-bc92-5ebb4bc271eb,2024-10-20T10:16,3,23.01,Cash,Pending
c5bc6b33-fc43-40cf-8b91-4bb560918d84,1a48aa9a-def3-481d-922a-94300aa97309,2025-02-12T10:16,4,92.84,Online,Completed
4477e6e5-0290-4e37-a2b4-5fa2e3247e43,485b65e7-fdf4-474d-afba-37986d8d3cd8,2024-06-06T10:16,8,76.24,Cash,Completed
08361cd6-10b7-4d7f-a951-bd26a29713ab,e119f98a-df63-41dc-8e01-bb49ca2dc724,2023-12-21T10:16,8,93.04,Card,Completed
ec95775b-fb2c-4bce-9629-430a8f75ed59,aac35608-9499-49c5-811a-a059e773c968,2024-03-19T10:16,6,38.82,Cash,Pending
d8d18c2a-323a-40e6-abf1-fe083c3c18ac,4717d2a3-4b2a-44f1-b960-a2b73e2d23fd,2024-06-26T10:16,4,21.72,Card,Cancelled
64609722-9ab0-45e9-a5a2-eeb1413fbe49,0b2a0e9a-e050-4380-b607-57adcbbf59d4,2024-07-31T10:16,3,81.09,Online,Completed
66d4ac50-45ca-4fd6-ae64-e4c61eb1c23c,fbe227d7-6d32-4407-9783-7fdac983e55f,2025-10-09T10:16,8,127.04,Card,Cancelled
b2d7e61d-793e-4893-aea6-feeec77f6c74,6117b6f0-c4f4-4bf1-9eeb-f33950decba8,2025-10-04T10:16,7,114.24,Online,Completed
219d61b3-ca35-4e31-a55c-6d778a80408e,d6d4ef4b-0870-48aa-b884-013237f255f4,2024-04-05T10:16,5,94.45,Online,Completed
5a028450-4f42-4b82-b4c9-57334e40fc44,1eeb9c5f-5b7a-47af-b4f1-5a50d9d1089c,2025-02-24T10:16,1,5.53,Online,Pending
86251149-8607-4f5b-9ba9-88096299912d,4e44f26d-5455-405b-8fdb-63ab8b739ecf,2025-11-04T10:16,3,21.81,Online,Pending
805633ca-e407-4211-96d8-7eaaad9e9340,cf65c4b6-4c1c-420b-95de-23e5b56ffad5,2024-08-10T10:16,5,92.45,Card,Completed
56b32b36-75a0-4cba-8007-67e1abfe7b0a,d87f31d7-79ef-4c17-856e-142e791b04da,2024-04-17T10:16,2,23.16,Online,Pending
7b084e0d-3d78-4c9a-992a-0b5457fb3706,6e551d53-4f6d-4b84-a9de-3d7c79694805,2025-05-02T10:16,6,171.90,Card,Pending
fcc7b0c4-dafb-405a-96ed-e47999252e9e,c63bd277-c81c-40c5-8720-6ce916d653c4,2024-05-12T10:16,1,9.38,Card,Pending
f628507e-d622-4874-883a-aad00802af88,103fcba5-5588-45a5-9fe0-6ac948d3860e,2024-02-06T10:16,6,89.52,Online,Completed
9e6cc8fa-f6f1-45be-aa6a-fa9ec36efe65,e85d0261-2d97-4475-a749-363ec9040a74,2024-10-03T10:16,5,55.25,Cash,Pending
eb76df19-ca93-4459-91f0-d2a5204f1342,2a109685-1399-4149-8951-fba29bb0360d,2024-06-06T10:16,8,198.00,Card,Completed
cb04d7f8-dc0c-4fcb-b5e9-1cecc6d4f72b,8887df7e-682b-4d48-b18c-c1ddfa0aaa26,2025-01-31T10:16,1,6.86,Online,Pending
ff6b0849-3d98-42ed-bc1f-83e2d0c0b6ec,10b26c2d-7d56-4175-84a8-a2775e128a9d,2024-04-08T10:16,4,84.12,Cash,Pending
50b8656b-950d-4c1c-8108-9b99f4dd66a4,5f6e51da-5f01-4c9a-85dd-7d50ef37e5d7,2025-08-04T10:16,1,19.66,Card,Pending
54da52b2-1f2f-43f1-a5f8-c25c7720aedf,824998a2-7592-4051-ab0b-d5e12743c93b,2024-02-28T10:16,9,250.56,Card,Pending
a6c98dd4-1110-472b-b350-401b96b7b464,f0a6a958-e434-41bf-a830-dffa55a34db5,2025-06-20T10:16,6,141.96,Online,Pending
de8ed13e-e69c-4b14-931d-f2b01fd7d8bf,67c276b0-7be6-4f3c-bf86-c342095c8112,2024-05-07T10:16,7,179.76,Card,Pending
ed46b41b-9c85-4d03-b857-23a90cb6667c,824998a2-7592-4051-ab0b-d5e12743c93b,2025-03-31T10:16,8,169.92,Online,Pending
43c48546-25d1-4e9b-8889-5360a3a1b149,caad7924-4bc5-4f85-9662-11ca261e3c87,2025-02-02T10:16,3,80.91,Card,Pending
fbcc2fa3-4ebc-4ebb-b350-3ae756ad6a80,7c991f43-c18b-4404-8826-97691b0dc00c,2025-03-09T10:16,1,18.29,Cash,Completed
a43a9a95-0c19-41a2-9838-906be29fe736,0130fcd4-a6cf-4a72-8400-7bcae1abce34,2024-10-20T10:16,6,154.68,Card,Pending
cfc4bdee-a0d2-4638-ac23-557f88212e2c,c9dcc28a-ae5f-477c-ae7e-72d94129f449,2024-07-17T10:16,2,37.04,Card,Pending
6adeab28-318a-4819-bf9b-cdee444e2609,6e6d2c67-f7fb-4a98-8f9a-4822259b25c4,2025-09-02T10:16,1,19.20,Card,Pending
c4954864-faed-4a06-9db3-8d06e5f2612f,1407e9cf-22c9-4137-a2fe-cc12dc038235,2025-08-01T10:16,6,167.34,Cash,Cancelled
35b7444e-e8b3-4e9d-872f-a0596f5bf034,8f7f530b-bb30-4a05-b437-744ed30af54f,2025-10-13T10:16,4,20.76,Online,Cancelled
14504373-25d8-4bbf-bd52-7ae1b472b1c8,1407e9cf-22c9-4137-a2fe-cc12dc038235,2024-10-13T10:16,5,74.45,Card,Cancelled
2386c4df-7724-49ff-b436-563196623de6,f543de06-e341-4de2-95ab-ca0fd3ee51fe,2025-01-22T10:16,2,54.14,Card,Cancelled
7446dc7b-123f-4a96-8c5f-450a7f18f4d9,6e6d2c67-f7fb-4a98-8f9a-4822259b25c4,2024-07-01T10:16,8,169.76,Cash,Cancelled
98505ef0-6674-4997-b291-14981afcf2a0,c83bba2f-5229-4998-9566-1f3179b13e8a,2025-01-02T10:16,5,105.30,Online,Cancelled
df8a0c29-219e-4844-9432-eb622e5aa871,c63bd277-c81c-40c5-8720-6ce916d653c4,2024-08-10T10:16,8,120.32,Online,Cancelled
1902885d-f92e-4210-a035-19978a0ac5cb,824998a2-7592-4051-ab0b-d5e12743c93b,2024-09-22T10:16,6,162.00,Card,Pending
ec57e6bd-32ed-4bb4-b8eb-1a77e077d39c,f067e21d-d1d4-4e87-9cae-9753f5f9ccb6,2024-11-03T10:16,1,6.43,Cash,Cancelled
8e806444-a6e3-49bd-bf11-476ff670bec2,f6c35464-33dd-44a7-bf84-071f2e427045,2024-07-24T10:16,6,52.32,Online,Cancelled
07def47b-9faa-4c4d-9ef2-7a527cdded88,1233cc27-7567-48e0-8dd2-6b0019506c2f,2024-11-06T10:16,8,81.76,Online,Completed
c43b97ed-fc34-46c7-84ee-7dee88e9a98b,0fcf4084-ea31-49f8-99f9-9bf8c8b0c16b,2024-12-27T10:16,7,137.48,Cash,Cancelled
6818a203-ea8b-480d-9078-6a27dd5f5152,a302a1a8-c429-406f-abff-9f273aa0a4b5,2025-10-21T10:16,2,41.98,Online,Cancelled
80371932-f24e-4905-8638-e146124edae1,80537cf2-360f-4740-8b7e-d4cd56e22987,2024-01-16T10:16,5,136.00,Online,Cancelled
03e46a77-a2b9-413d-b85a-93b8152372d2,e6e1db85-f8ba-4264-9c9a-520ecda4bc4c,2024-09-23T10:16,3,49.95,Card,Cancelled
61d86c92-ee60-4993-8eaa-f1caedb3e15f,0a5a9fc7-e126-48f0-99aa-dea85c606f66,2023-12-18T10:16,4,58.00,Online,Completed
e10bd402-4afa-4d53-abfc-43e14cebbfa2,56a75a3e-a944-4147-8cba-f1024726993f,2025-02-25T10:16,2,38.22,Online,Completed
a59b4b1c-439c-4d52-bfde-b33ff61b268d,ef7fad1f-a86f-4ee1-95b4-ce1f339f0fa5,2025-08-21T10:16,6,85.62,Cash,Completed
6d533a20-0df6-4561-be25-c9e394dd38c4,3e97fc93-73a7-45e0-9888-f7a03ee258a7,2025-10-21T10:16,9,99.90,Card,Pending
c3e2a9b0-1cdb-45a5-8e31-21026edd0eb6,02c65c06-56ad-4670-b8e2-10ab417c7154,2025-08-06T10:16,1,14.58,Card,Pending
80a76d5f-d34c-4264-beca-1e918162d940,c9dcc28a-ae5f-477c-ae7e-72d94129f449,2025-10-03T10:16,5,33.10,Online,Pending
2d6af32f-f796-4a91-84b9-bee68eceaf25,0df3bae1-6384-4856-aa27-aef9f6c48b75,2024-09-13T10:16,9,198.54,Cash,Completed
228a065f-6af6-41a3-8b31-488b5e772167,93cdeef1-3fc3-4a63-a275-0ae87ae6b335,2025-02-20T10:16,4,82.84,Cash,Completed
102750f0-e6b1-4c86-b129-fd5f48549ed5,8e1bbe6c-7b75-46dc-8ca1-0b1664cd6ae4,2023-11-25T10:16,8,176.88,Card,Pending
d583e935-f2e2-4311-948b-62a4aec40312,bfa3444b-2be9-46be-b944-720d86a59770,2024-05-29T10:16,5,25.20,Card,Pending
8dcd98ff-9570-438f-993c-81e55e8fb572,6117b6f0-c4f4-4bf1-9eeb-f33950decba8,2025-03-03T10:16,3,26.76,Online,Pending
88bdfb69-fe39-4624-b2d4-8d183ada7880,fdb5454e-2230-489e-ade4-9218ff28cbd8,2025-09-03T10:16,9,55.08,Cash,Completed
ac0bb15f-8ce0-42b6-9101-8189709bdba4,caca465c-e9f2-4add-91b5-24c70595e321,2024-04-14T10:16,5,75.65,Online,Completed
9f98583e-64fd-4bd9-80c4-f94c1439a2b5,983d66ae-c8b0-46b8-8abc-26a1055cf729,2024-03-09T10:16,8,187.76,Card,Cancelled
831e75e0-1b6e-4b3f-8d50-f13426148715,67c276b0-7be6-4f3c-bf86-c342095c8112,2024-04-17T10:16,8,218.08,Cash,Pending
58d20e2a-191f-4efb-bbd5-d445e517cedc,0a570207-0f70-467f-bbeb-44a0a60a9a25,2024-11-05T10:16,3,80.82,Online,Pending
8351c34f-457d-44fd-a0a4-241bba105db1,65b2c0ea-6192-47fc-9286-2c1dd3ecefb1,2024-08-05T10:16,6,60.42,Card,Completed
aced3dc9-f3d2-400c-ab74-ff5dbb7e2e61,7509850a-5062-4da9-aad6-bc5b9e363ef1,2024-01-07T10:16,5,94.50,Cash,Cancelled
12535723-b9e3-499a-9593-226cb27173d5,5400d214-6176-40bf-88d2-3f53ed38bf69,2024-01-19T10:16,6,96.00,Card,Completed
cc008256-47ac-4e81-a7cf-ef137dc40e48,941529ef-2114-4bff-907a-4596ff4593a1,2024-11-05T10:16,7,167.86,Cash,Cancelled
333dd4e5-0f68-4770-a578-bdcd535f16b8,983d66ae-c8b0-46b8-8abc-26a1055cf729,2023-12-03T10:16,3,82.98,Online,Cancelled
c8ce3b8d-f84c-478d-8c31-cffbe76880b8,caad7924-4bc5-4f85-9662-11ca261e3c87,2025-03-02T10:16,6,168.66,Online,Completed
826e6500-f96b-4465-8348-831291cb7e41,c63bd277-c81c-40c5-8720-6ce916d653c4,2023-11-20T10:16,1,24.20,Cash,Cancelled
df0f4052-40a5-4a50-bceb-c7597ff71188,25659c0e-6eb5-4c57-add8-fb6ac5f42699,2024-06-23T10:16,5,131.95,Online,Cancelled
fa07f3d4-3e10-4fd1-a441-d7cfa335bd58,b04ce307-2d1f-4214-b023-d8f4379041a1,2025-02-02T10:16,1,6.82,Card,Completed
721ec307-9996-4386-ad0a-509aa76b55a6,0a0ac3e5-6e20-4fbc-87ec-5481c70e38bc,2024-08-04T10:16,7,84.28,Online,Pending
37f2f15d-7025-47bf-8e71-df4e1967742f,27e45431-1333-4ffd-a0c8-be56ffdc5d4e,2024-10-17T10:16,7,202.86,Card,Cancelled
0b3d0b9a-8ce9-407c-8c63-29a31a7958d1,ada8704c-2784-4d70-84da-10078407d2c8,2024-12-28T10:16,7,114.38,Online,Pending
912f4ca6-f2f1-45f5-8dab-636722ed1da9,53db1213-7316-47bb-9099-c1def0e3c96b,2024-12-04T10:16,5,90.45,Card,Pending
54d2a2a9-3183-4c4a-b097-4b900be05c92,36b880b0-e9bd-4c0b-8f1c-32018f6c758a,2025-04-27T10:16,7,102.90,Online,Completed
dc5fc572-184d-4774-9fa0-de8c3ac783dc,8887df7e-682b-4d48-b18c-c1ddfa0aaa26,2025-01-20T10:16,5,109.60,Card,Completed
d3a9797a-bf43-495e-ab6b-2105ee17c1a2,10b26c2d-7d56-4175-84a8-a2775e128a9d,2025-01-21T10:16,1,27.10,Card,Pending
25672195-2718-4a59-bd19-b6b89a1580db,ebbc7df0-770d-44f8-b0ff-c62f9006e40e,2024-01-22T10:16,9,188.46,Card,Completed
1d7e5cec-7e4a-4af1-b839-6a9f8e3d1778,e277d099-db2a-4aee-ab86-8b0e73a34383,2024-09-16T10:16,8,177.12,Online,Pending
624ae69f-ed54-45cc-a6c3-8d142c8ed66c,7a18d550-38d0-40b2-84a7-547162e7e409,2025-07-28T10:16,2,34.58,Card,Cancelled
1fd2648c-1d40-40c3-b088-db4c4945cba0,5f0f3def-9ff6-4282-ad04-001c4a769966,2024-11-04T10:16,9,267.39,Card,Completed
d16ecd97-db58-491f-ad00-289f693389f4,0a15d43b-8f6b-444a-bef2-ffbddfdbd16f,2024-05-12T10:16,2,46.72,Cash,Pending
17eb6609-d4cb-4306-b6b5-0776b19f0ded,0472ca7f-b133-4710-8f43-24a3c6c1afd1,2025-09-11T10:16,4,55.84,Cash,Completed
5f176e1f-ad74-43eb-8134-dc9dfa0e00e6,5f6e51da-5f01-4c9a-85dd-7d50ef37e5d7,2024-06-01T10:16,9,230.76,Card,Pending
852ca99a-fc6b-4f65-9a73-4ebf33123839,52fbb114-83aa-432d-b2f1-f3e37a5c4754,2024-01-17T10:16,7,42.91,Card,Completed
02e9a907-4d3c-4a6c-aeb4-e10447b9fe4c,8e1bbe6c-7b75-46dc-8ca1-0b1664cd6ae4,2024-10-14T10:16,4,46.20,Card,Pending
350e5f7f-0e12-4036-b482-d5b13af6adb7,b95f7619-fab2-4df9-8683-1f2aeb93a660,2023-12-02T10:16,8,108.08,Card,Completed
97fd3720-05d8-4f85-b709-bd438d1cfb90,9b9edd1e-b4f7-414c-b8b5-a3dc51fa0a8c,2024-03-08T10:16,6,31.56,Card,Pending
a0e730e0-0e83-48f0-b623-c2020d5322f3,ebbc7df0-770d-44f8-b0ff-c62f9006e40e,2023-11-23T10:16,3,78.39,Card,Completed
f93538bc-29aa-4c8e-83b2-71ca73e98229,63846b60-b7be-4087-ac6e-56c9bc130a20,2023-12-14T10:16,5,64.60,Cash,Cancelled
e61fce86-2285-4706-a83e-62f81b9cc344,6b1178fc-1745-401d-88da-3903c243ebe9,2024-10-02T10:16,7,120.12,Online,Cancelled
47d7dfaf-95c0-4195-bf93-be7712ae58c4,0a5a9fc7-e126-48f0-99aa-dea85c606f66,2023-11-14T10:16,3,18.12,Online,Pending
f7efe923-480b-4ff1-9b70-dfcdc53edee3,aff4340c-d102-49ba-af8e-84d2737ce82c,2024-02-07T10:16,6,158.82,Online,Pending
c10742c0-dee6-48d1-8fe1-363f2dfb65ab,5eb75bc0-d5fa-4209-9d42-7767f3f0585b,2025-10-26T10:16,4,116.80,Cash,Cancelled
a3a6f469-1f0b-4ddc-a85e-519e04234d96,8250871a-2b35-424e-a1a1-4eb4faffabfb,2025-10-09T10:16,8,126.16,Card,Cancelled
a8b07922-2eb4-40e8-8e40-a32da4be55f7,11526850-7335-463f-b740-a52a90457c3b,2024-03-09T10:16,7,160.58,Card,Completed
a837184e-28b8-4518-b65f-6a6f98bb3760,5400d214-6176-40bf-88d2-3f53ed38bf69,2024-08-16T10:16,6,118.20,Cash,Cancelled
4d87ed3f-a54a-47a0-9eb8-1d750beb4f65,71f17b36-2c37-4cfa-bf8a-894fa94c0e9b,2024-08-25T10:16,5,123.85,Card,Pending
045006ae-cd3b-4a4b-8d11-259d0acfd127,0fcf4084-ea31-49f8-99f9-9bf8c8b0c16b,2024-10-19T10:16,1,18.87,Cash,Cancelled
e9380ff9-ee58-4497-a4a0-d2b068d69940,a302a1a8-c429-406f-abff-9f273aa0a4b5,2025-01-14T10:16,3,59.64,Cash,Pending
7e75ec6a-a7c6-49e2-9a01-64d9697bca36,c9dcc28a-ae5f-477c-ae7e-72d94129f449,2025-02-16T10:16,3,87.00,Online,Completed
74caa82c-6e27-496b-8002-63e8b08c626a,90f0db1e-2b19-43f7-ba17-233c7c214eca,2025-04-02T10:16,2,24.82,Online,Cancelled
8fdf544f-010f-4f40-8f12-ca4cba683122,f067e21d-d1d4-4e87-9cae-9753f5f9ccb6,2025-01-13T10:16,3,51.00,Online,Cancelled
d4b354fe-9867-4527-87fe-0dbb2c83cd2d,4717d2a3-4b2a-44f1-b960-a2b73e2d23fd,2025-02-07T10:16,3,36.42,Online,Pending
db82d05a-c47a-494d-9870-b6f6789a74aa,726d71e2-70fd-4416-8568-78619c14a73a,2023-12-06T10:16,7,82.95,Card,Cancelled
3dd9dee0-f043-4633-b919-0d1020727c67,cf65c4b6-4c1c-420b-95de-23e5b56ffad5,2025-02-10T10:16,8,184.40,Online,Cancelled
7a37d77d-d6c1-48c5-bc0c-5affb77b8098,7c991f43-c18b-4404-8826-97691b0dc00c,2025-06-24T10:16,1,28.64,Cash,Pending
3db95c1d-68db-4446-aa5d-ae75df4b14a8,8f7f530b-bb30-4a05-b437-744ed30af54f,2024-05-11T10:16,8,56.24,Card,Completed
4f5d4f50-7f5c-478b-97d1-cd61b77839e9,f6c35464-33dd-44a7-bf84-071f2e427045,2024-02-24T10:16,7,181.58,Online,Completed
5ec99ab3-b6d4-4583-a4ef-84ff50bb839e,fe624323-ba72-456d-9842-ed9e0edc75df,2024-12-04T10:16,2,56.58,Online,Completed
9527aea3-71f2-44ca-b2da-74ddad3c51c8,dcfb3d05-846d-4915-99f3-ebbc7559d972,2023-12-03T10:16,5,138.95,Card,Completed
195becd1-9941-4095-9908-a32043f804f8,ebbc7df0-770d-44f8-b0ff-c62f9006e40e,2024-05-12T10:16,1,16.99,Online,Pending
0fbeee70-0abf-42ca-a71c-f485dbfffa81,e85d0261-2d97-4475-a749-363ec9040a74,2025-09-30T10:16,7,51.38,Card,Cancelled
c7883bdd-5bfb-4ff2-9bbe-f844644a1e69,5f6e51da-5f01-4c9a-85dd-7d50ef37e5d7,2024-03-02T10:16,4,58.48,Online,Pending
fc4d62ca-aa52-4ff7-89de-31044f927d39,93cdeef1-3fc3-4a63-a275-0ae87ae6b335,2025-03-03T10:16,5,112.15,Cash,Pending
f5dc6481-b412-4788-a952-1b2669ca5218,d5eaf6a7-76cc-48ec-98d9-ba713e2df70f,2025-03-06T10:16,8,103.52,Online,Cancelled
20e98712-4044-4c79-876e-8b0def0e95f1,0a5a9fc7-e126-48f0-99aa-dea85c606f66,2025-06-15T10:16,9,96.39,Cash,Pending
6cc8a43a-81f4-414a-bef9-fbf4dd9a8a1d,c1a09d60-c9e8-4489-a68e-e01b51541d33,2024-11-06T10:16,6,175.98,Online,Pending
a94000a2-44ed-4f80-b551-e322c0ae8d01,428424b7-1f94-496a-8b7a-497ce177d32c,2025-09-25T10:16,8,163.44,Card,Pending
1674af54-1959-4ca4-bf94-2919049581b7,7169ef0c-f2c8-4ae3-83f6-87691664d2d2,2025-02-09T10:16,8,169.52,Card,Cancelled
e277a046-0121-4503-892f-013726c1ac62,69446e90-4237-4410-ab55-e011eb04cce0,2025-03-10T10:16,3,78.60,Card,Cancelled
35842d5d-dadd-4ffb-84b3-8b8bdc85d09b,4e44f26d-5455-405b-8fdb-63ab8b739ecf,2025-09-10T10:16,3,61.23,Cash,Cancelled
ea817b1c-4d97-4335-9849-40bd78818f44,aac35608-9499-49c5-811a-a059e773c968,2024-10-12T10:16,4,63.20,Cash,Cancelled
cf7b6be4-0f88-481f-bfa2-ec9eaebd926f,e119f98a-df63-41dc-8e01-bb49ca2dc724,2025-04-01T10:16,6,51.78,Cash,Pending
c7d6ee6b-17c6-4c9f-b5dc-6c0e0b91cfa8,0fcf4084-ea31-49f8-99f9-9bf8c8b0c16b,2024-05-28T10:16,4,31.16,Card,Pending
fe48b453-a98d-4fb8-87d9-524152fd6a9c,53db1213-7316-47bb-9099-c1def0e3c96b,2024-11-12T10:16,3,39.24,Card,Cancelled
8a70b557-8221-40b2-9806-1e401280f795,6f61ca8e-51a1-48e0-abfa-88326e713e34,2023-12-21T10:16,3,38.13,Card,Pending
d7078861-8015-4741-b7ae-1a32324ac378,0a15d43b-8f6b-444a-bef2-ffbddfdbd16f,2025-03-23T10:16,2,27.52,Online,Pending
c3ba6a89-2fc6-48d8-8de2-6f094f317673,71f17b36-2c37-4cfa-bf8a-894fa94c0e9b,2023-12-06T10:16,1,18.13,Online,Completed
070c1ba1-6471-49be-a24d-18651ba73303,6c3bf618-a715-40f9-9faa-cfc5f5beef2f,2023-12-24T10:16,5,119.95,Cash,Pending
a4639788-1550-4455-a0a7-8e9ec0726beb,53db1213-7316-47bb-9099-c1def0e3c96b,2024-04-02T10:16,7,114.59,Card,Completed
9b6e8547-e284-448e-9973-18cca5d6f633,6c3bf618-a715-40f9-9faa-cfc5f5beef2f,2025-03-28T10:16,2,55.00,Card,Completed
952138e8-c39f-4647-bb7a-e0ac6d170b55,e277d099-db2a-4aee-ab86-8b0e73a34383,2023-12-21T10:16,6,101.22,Cash,Cancelled
08898f0f-1536-4c73-a5d7-72fe3e9d8994,ceafdb2a-788d-48e0-acdd-bd533a2e7ab6,2025-10-20T10:16,1,15.70,Card,Cancelled
15fa886f-3f32-4007-b65a-3d796a67d6fa,65b2c0ea-6192-47fc-9286-2c1dd3ecefb1,2024-01-08T10:16,5,41.50,Online,Pending
f61c4b5d-dc04-4778-91c1-4592ef40b778,27e45431-1333-4ffd-a0c8-be56ffdc5d4e,2024-06-25T10:16,3,63.75,Online,Completed
035c4726-efc5-4502-94e1-2e24ebd0e455,e7991221-0de0-4ef8-aa9c-ca3b59197059,2025-04-17T10:16,7,77.84,Card,Pending
3313aa93-221c-495f-9bbc-321babbca2f5,0fcf4084-ea31-49f8-99f9-9bf8c8b0c16b,2024-10-18T10:16,3,41.31,Cash,Completed
fd29418d-b729-4253-bea4-0d6f50db37d3,8b546c63-5406-493d-bc69-cfb594b38267,2024-11-18T10:16,3,86.07,Cash,Pending
f20a99f8-26ef-4146-9bbb-bf321b33c476,a938df5f-7764-459c-8bfd-90409d16b3c6,2024-06-23T10:16,8,79.60,Online,Pending
71d4d336-7378-44db-8f2e-63dd26de2755,726d71e2-70fd-4416-8568-78619c14a73a,2024-03-13T10:16,9,57.60,Online,Pending
872502d0-2023-4858-94ef-8e5b84ee3b1a,d3f641e5-b8b5-4f5f-9155-7768df2033e8,2025-09-11T10:16,4,84.56,Online,Pending
cf05e8f6-8179-4d8f-9e1f-80268bd02299,6c6a3b10-9747-4dca-a041-4edc22d147b0,2025-09-23T10:16,6,152.28,Online,Pending
22cbb755-a09c-4592-b45a-d8335c7f5d53,b90a3a7f-421e-47e5-8598-fe50f365a62e,2025-05-08T10:16,3,37.62,Cash,Cancelled
913e2f3c-fbf3-472b-89aa-ec42e61a89b7,c0d74d86-5c5b-481d-b8e3-61eeb9c77255,2024-04-17T10:16,9,87.21,Card,Cancelled
ae897bba-8e67-46db-b3aa-324257dc4a05,52c87fd9-fdf0-4256-b929-6153ad24a0ac,2024-05-19T10:16,8,183.12,Cash,Pending
7a2aed49-c5cf-49ee-a01f-528a39bc0ba8,73a2b03c-2dca-486e-8ebc-c4d6bb68a8c6,2024-02-23T10:16,1,15.13,Card,Pending
deaacd35-9e70-40ad-874d-eceb9646e585,4bb2d776-14c0-4ef6-b8ba-c580cbed72b8,2023-11-29T10:16,8,138.08,Cash,Cancelled
f06fd5b0-f69b-4526-94b7-1e397eae379e,7a18d550-38d0-40b2-84a7-547162e7e409,2025-09-08T10:16,1,9.32,Online,Pending
26802f01-1aa2-4be4-b9f4-89d6ba521e9c,b04ce307-2d1f-4214-b023-d8f4379041a1,2024-07-23T10:16,9,206.10,Online,Pending
44012055-d110-4e50-949d-7783ea991389,46032f36-69bc-465a-9b33-a5d560bfd77a,2024-10-26T10:16,9,159.03,Online,Completed
1f84c984-55d5-48f6-a020-c7aa8d075064,caca465c-e9f2-4add-91b5-24c70595e321,2024-04-12T10:16,7,82.67,Cash,Cancelled
c4604b70-b194-407c-bb32-781d7c3e44e1,4739f27f-7a96-4d52-83ae-0c6fd4c8c606,2025-02-27T10:16,5,127.80,Cash,Completed
dc071992-6dfd-4eee-8c58-747fcfef6c7d,68169a66-a8d4-4763-914e-7befc826445b,2024-01-30T10:16,5,130.45,Card,Completed
54286af8-94d6-4548-87fd-26a978c3860f,a5ffc907-be77-43e6-8694-4a0bf09bd3fb,2025-02-12T10:16,3,34.23,Cash,Completed
d4997240-0c5e-41ff-a5cd-f680aa8cc3a2,2ca088cd-c6c6-4e60-a1a4-d2990ee21b12,2025-01-19T10:16,1,21.38,Cash,Completed
8cfee41e-734a-4e62-af0d-6d539c222e55,c0d74d86-5c5b-481d-b8e3-61eeb9c77255,2025-09-27T10:16,3,51.75,Card,Completed
685eae6b-ea92-4d25-a76c-6ba17a555cb2,e7991221-0de0-4ef8-aa9c-ca3b59197059,2025-03-30T10:16,7,82.67,Cash,Completed
8d17080e-c001-4eed-b7c0-3cd924b539da,b047b369-02d0-4f25-9af0-f1e883228863,2025-07-01T10:16,7,113.68,Card,Completed
a0d7095e-2818-4242-873a-30f15994df85,caca465c-e9f2-4add-91b5-24c70595e321,2024-12-08T10:16,2,43.82,Card,Cancelled
ab0654b9-947c-4efc-ab74-a1718c39f4b4,25659c0e-6eb5-4c57-add8-fb6ac5f42699,2024-10-13T10:16,3,72.84,Online,Cancelled
2b5b58ed-5a12-4ef3-a3c3-ef4f7d46caa9,00d7ae70-0f46-4453-963c-4ab2a3d29314,2025-01-21T10:16,6,155.70,Online,Completed
1ecc551a-720a-4bcc-8acf-aff5962a94d6,d3f641e5-b8b5-4f5f-9155-7768df2033e8,2024-04-30T10:16,8,46.16,Online,Cancelled
4037466a-dec8-4bf6-83ef-bc704470647f,39cb44e2-a541-4b98-bc0b-db5f31cf8710,2024-05-18T10:16,7,149.03,Online,Completed
bd555824-32df-4e9a-8707-58170e3225b8,8f7f530b-bb30-4a05-b437-744ed30af54f,2025-11-02T10:16,3,26.04,Online,Completed
748b5037-40f7-402a-bd49-c9bd1efc64ff,6945f6f4-b8f9-4d04-90ff-e59ed705578e,2025-02-19T10:16,9,267.12,Card,Completed
6a88c60f-aefe-41d8-89ff-e31f0b534be8,910b1d47-5c37-48b1-8bde-96c60660f1d7,2024-09-25T10:16,1,22.55,Cash,Pending
3c489f0e-20fc-4cc0-82f6-008a9a62e92c,5d6f84a5-a4de-442e-99b9-b8ef714b4436,2025-02-27T10:16,2,27.00,Online,Completed
b4b40922-9532-4135-b7ad-7e6fd28a23bc,983d66ae-c8b0-46b8-8abc-26a1055cf729,2025-03-03T10:16,2,12.34,Cash,Pending
b37ffb44-615c-48b4-93fd-5ecd9258590e,c63bd277-c81c-40c5-8720-6ce916d653c4,2025-05-20T10:16,1,27.28,Online,Completed
18bd9aa7-56fd-4217-a439-4a58062161df,c1a09d60-c9e8-4489-a68e-e01b51541d33,2024-08-26T10:16,6,93.00,Cash,Cancelled
fc9f478f-f8cc-4c20-974d-20f777945b6d,26d032f1-9fe9-487a-987a-a8be14e1db05,2025-11-08T10:16,5,150.00,Online,Pending
23d810c5-fcf4-40e9-a4c5-46eacd7a489d,5d6f84a5-a4de-442e-99b9-b8ef714b4436,2023-12-31T10:16,3,23.46,Card,Pending
3c1efc3c-8d30-428b-b4e3-2307ce4906be,52f5634d-de98-4543-8a1e-cbf1e2d0242f,2025-01-17T10:16,8,207.76,Cash,Cancelled
7e77f23e-04b1-4e29-a035-b28a5aee92a7,d33bbfcd-a2ca-4e80-8a1c-65223f061e7e,2024-02-13T10:16,3,37.20,Cash,Pending
03901c1a-1251-48f0-9278-ed904595dc12,515fe1d2-d33a-4b9d-8c19-07e0cbe81a9a,2023-11-17T10:16,9,225.27,Card,Cancelled
598148af-59f9-40a6-9c6e-e36e5b1ff069,885715b6-b1eb-44ca-8460-28c0343e56f3,2023-11-28T10:16,5,37.90,Cash,Completed
546a4de5-df2a-4ea2-98d7-a52e9ac585c7,8250871a-2b35-424e-a1a1-4eb4faffabfb,2025-04-18T10:16,5,38.75,Cash,Completed
3a40bc76-343f-47ff-9954-e9729a7c8a30,f067e21d-d1d4-4e87-9cae-9753f5f9ccb6,2024-05-13T10:16,1,9.32,Online,Cancelled
3a4bcbb8-ebf3-4f9e-9e5d-bec97fc22787,23650eb4-f98d-45a3-a90b-a378f03d469d,2024-05-22T10:16,9,170.64,Card,Cancelled
5c3027c4-dabc-4f01-ad99-be4654706c46,c0d74d86-5c5b-481d-b8e3-61eeb9c77255,2024-03-07T10:16,6,163.20,Online,Cancelled
3a9fca9f-31f7-4184-a65f-744e3c9ba5fb,89d26a00-0fde-4c03-8430-b06f6bc3f33a,2025-09-12T10:16,7,49.42,Online,Pending
6e841a94-20ce-487a-b9a1-606fe40489ba,7509850a-5062-4da9-aad6-bc5b9e363ef1,2025-10-29T10:16,9,151.20,Cash,Pending
9b24a637-b04e-4f6a-ae24-5825ce72ede5,5f0f3def-9ff6-4282-ad04-001c4a769966,2024-03-06T10:16,6,122.22,Online,Cancelled
46c31bc0-d464-4b66-bcfd-cd8d110c8b0c,0130fcd4-a6cf-4a72-8400-7bcae1abce34,2024-08-10T10:16,3,31.71,Cash,Completed
e3d44d71-6a07-492b-b4d7-ba690f554eb4,401a6911-a31e-4892-adc1-56e3e1eb090a,2025-01-20T10:16,4,78.72,Card,Pending
dc5c4109-1e09-40a7-b273-1651e5c219f2,d7af10ce-45c9-4fc8-8dd8-b1c5491aad5f,2023-11-13T10:16,7,202.44,Card,Completed
4be4ead7-a9e2-4ac3-a067-93238c2a68fe,3e97fc93-73a7-45e0-9888-f7a03ee258a7,2024-06-06T10:16,5,116.75,Online,Pending
2537e86f-8f51-4f0e-8932-ae292cca3d4c,49af098b-bf79-4643-8e49-739ea932d38b,2024-06-26T10:16,7,175.28,Cash,Pending
c7c02dd1-dc9e-450d-88f0-5c6df1e62dc0,7a2e5fa5-096b-4701-8ce6-7a3db39bf8eb,2024-08-30T10:16,4,102.36,Cash,Pending
619b77b2-2ae1-42c1-bb7f-f05fbbaeb635,21edfc22-3f73-4335-a774-3cf78ab65e86,2024-08-14T10:16,3,15.45,Online,Pending
16797742-095d-47b0-8e66-a90a282ec731,5d6f84a5-a4de-442e-99b9-b8ef714b4436,2025-08-18T10:16,5,71.10,Online,Pending
87225a73-7336-4e39-9393-6e4464406f1e,e7991221-0de0-4ef8-aa9c-ca3b59197059,2024-04-16T10:16,8,72.72,Card,Cancelled
1f99e681-a54f-4835-a156-a0b33fe6d1cb,500fde18-ea61-4380-9ea4-f06d09985870,2025-02-22T10:16,6,170.10,Online,Cancelled
8c918f65-ed83-4b77-8fed-bba2a91b8f78,c3ffc43c-0c11-40fa-9824-f234161741d0,2025-07-31T10:16,6,42.42,Online,Pending
46132bf3-91d9-40be-8acd-a26e27e652b5,885715b6-b1eb-44ca-8460-28c0343e56f3,2025-03-12T10:16,8,222.00,Cash,Cancelled
b71a3f27-8e72-472b-8f42-f7596f8d95d4,dcfb3d05-846d-4915-99f3-ebbc7559d972,2024-08-05T10:16,5,37.35,Online,Cancelled
aebadf02-876d-4bb7-8420-49ad324ecf3a,06e585f0-5b60-4900-81d1-3379328e6c17,2025-06-12T10:16,8,170.80,Card,Cancelled
1949812d-5539-4d84-8586-8cfc4d9183f5,46032f36-69bc-465a-9b33-a5d560bfd77a,2024-11-11T10:16,9,60.39,Cash,Pending
27bd085e-41d7-421f-8813-ebd9664c5529,0e0d5f13-edd5-4ab0-9ddd-3df111bedc5a,2024-10-15T10:16,9,227.16,Online,Cancelled
68e7eb05-c6c5-4902-89a0-81949aa0529f,b0d737cd-ec4b-4a88-aa81-d012ef3fb719,2025-03-02T10:16,8,190.96,Online,Completed
251ce320-602b-4eb9-bae1-c5cbad98ce0c,f067e21d-d1d4-4e87-9cae-9753f5f9ccb6,2024-08-26T10:16,5,26.55,Cash,Completed
7e9cbf3b-ab45-40d0-a7e7-b77cd2321bac,dcfb3d05-846d-4915-99f3-ebbc7559d972,2024-08-07T10:16,6,87.00,Cash,Completed
af2badc7-6f96-42fc-8ebd-427e962749ab,401a6911-a31e-4892-adc1-56e3e1eb090a,2024-09-13T10:16,4,68.36,Card,Cancelled
24e8749e-e147-4f5f-bb90-bf227a8fcf91,a190f67b-21df-46bc-8164-46bdfa00af85,2025-05-22T10:16,5,127.85,Online,Pending
a6bbe611-cae7-433c-9672-8bcfcdd02b25,8b546c63-5406-493d-bc69-cfb594b38267,2025-03-15T10:16,7,129.08,Card,Cancelled
5db78713-0f1a-4ec2-ba4a-c00f99d1113b,050d9901-1cb5-413a-9c31-282028f863c1,2025-06-21T10:16,1,20.72,Card,Cancelled
8b3ac698-0bdc-4393-8f9d-3caf2e77ca12,a3f626b9-cc27-4c04-8570-be79ab8bda4a,2025-02-23T10:16,5,144.90,Cash,Completed
3deb19bf-e5d2-4b54-905f-49bc23568ef6,5d6f84a5-a4de-442e-99b9-b8ef714b4436,2024-06-20T10:16,5,51.80,Card,Cancelled
8d231800-0dd1-4c51-a246-8efb46dfa573,050d9901-1cb5-413a-9c31-282028f863c1,2024-10-31T10:16,8,207.52,Cash,Pending
18e45759-f5e5-4e85-9a02-979b50ba2d41,5400d214-6176-40bf-88d2-3f53ed38bf69,2024-08-16T10:16,9,147.06,Cash,Cancelled
949425df-6cda-4c25-9c15-30336ffcb1d6,1eeb9c5f-5b7a-47af-b4f1-5a50d9d1089c,2024-01-15T10:16,7,120.12,Cash,Cancelled
ce384958-0666-4f5a-819e-b0a80387dea2,795088d7-d227-422e-ad8c-f048bde0675e,2025-09-27T10:16,2,17.02,Card,Cancelled
450d06a2-06b0-45f9-bf06-ffac6009a084,cf65c4b6-4c1c-420b-95de-23e5b56ffad5,2025-06-09T10:16,7,59.71,Cash,Completed
51a66251-3926-4f81-9ed4-2d413fbaebf8,71f17b36-2c37-4cfa-bf8a-894fa94c0e9b,2024-10-16T10:16,2,11.42,Card,Pending
a2f59f52-ed10-45d2-86eb-c1f2c04db37c,21edfc22-3f73-4335-a774-3cf78ab65e86,2024-04-10T10:16,5,27.80,Cash,Pending
6621b08e-b760-49b2-bfdc-47cf1fa2e1ae,c63bd277-c81c-40c5-8720-6ce916d653c4,2025-06-22T10:16,5,77.75,Online,Completed
cfd5841a-e8d3-4890-b1a4-3d845a54e853,ecf1ffb0-ac00-4968-87ea-8beef4ace55a,2024-12-15T10:16,9,179.10,Card,Completed
3bbfce48-90b2-4ebf-a7aa-1b51b66ee46b,5f6e51da-5f01-4c9a-85dd-7d50ef37e5d7,2024-02-02T10:16,7,58.38,Online,Pending
060154a0-af10-457f-9390-add7a1c751ae,d5eaf6a7-76cc-48ec-98d9-ba713e2df70f,2024-11-04T10:16,1,12.60,Cash,Completed
f0bb4dbc-549d-44a2-8649-5ef9a2b87b73,f3826f04-0dfa-4266-8002-58fede0093f5,2024-06-04T10:16,2,22.14,Cash,Cancelled
de893325-3c54-4412-97e9-c2e45af087ef,46032f36-69bc-465a-9b33-a5d560bfd77a,2025-08-24T10:16,1,29.60,Card,Cancelled
565fe644-5844-4cf9-8a16-65949944cb35,d33bbfcd-a2ca-4e80-8a1c-65223f061e7e,2024-10-29T10:16,4,29.72,Card,Cancelled
4e90e92a-bd33-45d9-b759-7dcf9bac4673,1407e9cf-22c9-4137-a2fe-cc12dc038235,2025-02-06T10:16,5,65.10,Online,Cancelled
34db777c-96cc-4670-a1c7-33dbe15e9565,3e97fc93-73a7-45e0-9888-f7a03ee258a7,2025-03-11T10:16,9,78.57,Online,Cancelled
166365ee-ead6-46e5-8b77-df320e02e2fd,89d26a00-0fde-4c03-8430-b06f6bc3f33a,2025-10-13T10:16,4,59.88,Online,Completed
097e27cf-41a1-46aa-a287-63db361b2b9a,dcfb3d05-846d-4915-99f3-ebbc7559d972,2024-04-03T10:16,7,47.39,Card,Cancelled
f17d8cc9-ca7f-48d1-989e-1bf801f6c348,f6c35464-33dd-44a7-bf84-071f2e427045,2024-07-23T10:16,6,110.22,Card,Completed
50208f4a-0edb-479c-82e2-c29a0d2e6100,7c991f43-c18b-4404-8826-97691b0dc00c,2025-10-08T10:16,2,24.86,Online,Pending
ab89ad7f-ee51-43c8-ad3b-60ffad5742fa,73a2b03c-2dca-486e-8ebc-c4d6bb68a8c6,2025-03-04T10:16,6,59.04,Cash,Cancelled
a5821266-5a1d-461d-82ce-1e64e927bd3a,9fa382f0-8393-48db-ad30-43c953282401,2025-10-22T10:16,2,10.10,Online,Pending
7b5f33b3-9444-4a75-9695-1553d95f1715,1407e9cf-22c9-4137-a2fe-cc12dc038235,2025-04-30T10:16,8,106.24,Online,Pending
1b26880c-c850-4699-83ce-054d7bd8f5f3,d3f641e5-b8b5-4f5f-9155-7768df2033e8,2025-04-24T10:16,8,118.56,Cash,Completed
bf9b00a9-dfa7-4fd8-bbc9-18bade23ac1e,515fe1d2-d33a-4b9d-8c19-07e0cbe81a9a,2024-12-14T10:16,9,223.29,Cash,Pending
02f87924-e419-4ec6-9647-f7ed43b64f62,d5cfb1a3-ce2f-4aff-ab4c-50e0c5426af1,2025-02-18T10:16,6,57.00,Online,Pending
899222c4-a63f-44af-8903-85bd0efa9d39,73a2b03c-2dca-486e-8ebc-c4d6bb68a8c6,2024-07-11T10:16,8,141.04,Card,Pending
5c17f2ac-7787-49f8-81a8-d2e8ba2b217f,8887df7e-682b-4d48-b18c-c1ddfa0aaa26,2025-02-05T10:16,3,21.66,Card,Completed
1ea6530f-3dcf-4bd5-a9ed-de73bf2c77ca,1d32c3b3-c732-4995-aa6b-ff159deb3bdf,2025-10-04T10:16,8,101.36,Cash,Cancelled
e0563a23-55ea-4a57-ac32-8b7aa2b10de5,ada8704c-2784-4d70-84da-10078407d2c8,2024-07-28T10:16,3,85.65,Online,Cancelled
e1063987-d083-4f24-83e5-7b95a2a8c106,ceafdb2a-788d-48e0-acdd-bd533a2e7ab6,2024-10-08T10:16,3,36.12,Online,Cancelled
3cd8c407-de55-40eb-8bbc-838f57b9d094,8b115a34-224b-453c-be69-b53a7445b466,2025-10-15T10:16,9,139.59,Card,Cancelled
e60f5cd2-24a8-43ba-bd46-05a280677a88,6945f6f4-b8f9-4d04-90ff-e59ed705578e,2024-08-23T10:16,9,80.82,Cash,Cancelled
229a9eac-3b60-45e0-b691-d54bad4983fc,ceafdb2a-788d-48e0-acdd-bd533a2e7ab6,2024-12-11T10:16,6,175.80,Cash,Completed
cd778b49-eadf-4a57-b7ab-72808324e593,53db1213-7316-47bb-9099-c1def0e3c96b,2025-06-23T10:16,6,92.94,Cash,Cancelled
617a74d9-9819-4613-ab7e-22ce30b015dc,a3f626b9-cc27-4c04-8570-be79ab8bda4a,2025-06-16T10:16,3,17.01,Card,Pending
58402c32-7248-4c8a-accd-496896f24d6c,bb6ceda0-3f7a-4dfa-9862-41a88dd468b2,2025-08-25T10:16,8,116.56,Cash,Cancelled
f9da4b09-807b-4775-9b9e-613370b83fa6,4739f27f-7a96-4d52-83ae-0c6fd4c8c606,2023-11-28T10:16,6,151.74,Online,Cancelled
a8c3e7d1-e5fb-43b5-91a5-098944951180,d7af10ce-45c9-4fc8-8dd8-b1c5491aad5f,2023-11-29T10:16,4,75.20,Card,Pending
621a7efe-9975-4a56-8d11-e61a69c1a4c3,1a31c678-d420-495a-aff3-0f1609514e1e,2024-06-06T10:16,4,116.44,Online,Cancelled
82783f19-62e7-40da-9daa-937b0ae73672,0dd437d0-74fa-43c3-8909-5c955e4d47dd,2025-04-19T10:16,5,148.75,Card,Completed
1b941bcb-37ba-4c18-93e4-cd510d9d522a,103fcba5-5588-45a5-9fe0-6ac948d3860e,2025-01-22T10:16,3,72.06,Card,Completed
721f16ea-4023-43a7-ac5a-3d0156b1bcde,d3f641e5-b8b5-4f5f-9155-7768df2033e8,2025-01-30T10:16,5,93.15,Online,Completed
8d729dde-be43-4df3-9fa5-56680ec21742,9b9edd1e-b4f7-414c-b8b5-a3dc51fa0a8c,2025-08-08T10:16,6,36.24,Card,Pending
541d5830-47fe-439c-8446-ee1f3193a90c,c0d74d86-5c5b-481d-b8e3-61eeb9c77255,2025-02-09T10:16,5,123.55,Card,Completed
7bfecc7d-8b50-4020-9114-d6ef46fc6f60,c83bba2f-5229-4998-9566-1f3179b13e8a,2024-08-26T10:16,3,19.65,Online,Completed
d84d9df3-3629-4787-adb4-64a6b9bf66b9,56a75a3e-a944-4147-8cba-f1024726993f,2025-02-27T10:16,7,107.38,Cash,Cancelled
c633f726-7c6a-40db-9ab0-8a20b43d4cb8,964d337f-acd5-4ca2-8843-9be3f2eb60fc,2025-04-27T10:16,2,17.46,Cash,Cancelled
596dab79-0770-4803-ae9a-7dccd2d6c553,6b1178fc-1745-401d-88da-3903c243ebe9,2024-03-19T10:16,4,75.68,Card,Pending
772853e3-252e-43ed-bdac-517e14336d06,5f6e51da-5f01-4c9a-85dd-7d50ef37e5d7,2023-12-08T10:16,3,33.24,Cash,Completed
1e5a7472-8cfd-4f60-9380-095ddcc4683f,d6d4ef4b-0870-48aa-b884-013237f255f4,2024-09-26T10:16,8,83.04,Card,Pending
abf15b51-3651-47c6-9f35-754c0d3ad02f,ba5d9947-b043-4aca-8ee0-6b77895cf8e8,2025-10-21T10:16,9,182.52,Cash,Pending
841a1582-7387-4772-b7ce-7a274dea90d1,3910ab11-8758-4a4f-8a9b-c4f5df7413c4,2024-03-23T10:16,3,36.84,Card,Cancelled
0177050a-e147-411f-a47c-f368f4b5e1d0,8887df7e-682b-4d48-b18c-c1ddfa0aaa26,2025-06-13T10:16,6,59.46,Cash,Pending
aa3fd1cf-8e8e-44e1-ab6b-e001dfce5d7d,103fcba5-5588-45a5-9fe0-6ac948d3860e,2024-05-10T10:16,3,45.15,Card,Pending
f0fc1378-2d56-4f7a-a9e1-d0366c2f01fb,69446e90-4237-4410-ab55-e011eb04cce0,2024-12-14T10:16,5,57.10,Online,Completed
446eacf7-69a4-4012-a75b-f1a90945d91b,6e551d53-4f6d-4b84-a9de-3d7c79694805,2024-02-21T10:16,1,24.73,Card,Completed
d56c9430-5d36-4bb5-bb10-13e9f4bf62ca,5f0f3def-9ff6-4282-ad04-001c4a769966,2025-03-04T10:16,3,21.27,Online,Completed
02bb8cd5-9bda-4b5b-adc5-ded334f7c910,d6d4ef4b-0870-48aa-b884-013237f255f4,2025-06-11T10:16,2,50.48,Online,Pending
2998a34b-b895-4b83-a944-6570be626bb5,6e6d2c67-f7fb-4a98-8f9a-4822259b25c4,2024-03-13T10:16,3,68.55,Cash,Pending
1d3b4e46-c0f9-4037-a36a-0c94d3b63248,a5ffc907-be77-43e6-8694-4a0bf09bd3fb,2024-10-14T10:16,7,142.38,Online,Cancelled
634a2438-663f-4e90-8fe8-f4411c4c0c53,52fbb114-83aa-432d-b2f1-f3e37a5c4754,2024-12-12T10:16,5,102.25,Card,Completed
7e63de59-42ef-43ae-bc34-a03841dc4eb2,ecf1ffb0-ac00-4968-87ea-8beef4ace55a,2025-07-30T10:16,9,229.23,Online,Cancelled
cad48c85-473d-4461-a34a-f583b3b9c467,56a75a3e-a944-4147-8cba-f1024726993f,2024-03-05T10:16,7,82.39,Online,Cancelled
8c60db5f-4279-4227-82ff-b47f60c7dbe9,6aaabc79-3d35-410f-bb96-f86a3930d0ff,2025-11-04T10:16,1,8.94,Card,Pending
d4ebac4e-a02f-45ec-9ec2-c968d453ff9d,d6d4ef4b-0870-48aa-b884-013237f255f4,2025-01-03T10:16,4,104.96,Cash,Completed
4efd1dcb-a9a3-4415-91fe-78dce5c2bca2,c46351bf-193f-49af-a5d6-456188837c3d,2025-02-12T10:16,4,38.40,Online,Cancelled
63b6856a-d8b0-4ca7-a815-d37e0cb30f42,14eace30-1ac2-411e-8eef-98e8f32a87fb,2024-04-30T10:16,2,54.20,Online,Pending
6c9916d6-375d-407f-818c-3cf94491862a,05ccd8a5-ea5f-4353-bd1e-3022152b0685,2024-12-13T10:16,1,12.99,Cash,Completed
a843f578-d57b-41eb-be3e-3f4e73905369,515fe1d2-d33a-4b9d-8c19-07e0cbe81a9a,2025-01-12T10:16,2,57.20,Cash,Pending
343dfc0a-3f59-467e-99b0-adb00e23db21,dcfb3d05-846d-4915-99f3-ebbc7559d972,2025-06-11T10:16,4,76.56,Card,Pending
57700287-5d46-4b75-9756-eeff1260cf15,0130fcd4-a6cf-4a72-8400-7bcae1abce34,2024-04-17T10:16,9,120.96,Card,Completed
863bdc7f-9450-49c4-9a11-d5f3b54972c2,2ca088cd-c6c6-4e60-a1a4-d2990ee21b12,2024-03-29T10:16,2,13.30,Card,Completed
f1096430-c160-462d-81de-ba5e7023faae,b014b56e-3263-4b63-8430-46e00bc5ea77,2025-01-15T10:16,5,143.65,Card,Pending
c2617a96-0fb5-44c2-9c92-4a92d7ada52c,fdb5454e-2230-489e-ade4-9218ff28cbd8,2025-03-01T10:16,7,92.82,Card,Cancelled
bdf10ec6-7dfe-4eec-b178-b5d4659d5157,71f17b36-2c37-4cfa-bf8a-894fa94c0e9b,2024-08-10T10:16,3,75.33,Online,Pending
da2c1bc5-9457-4ee6-ab95-bc74f5ddfc11,b3688304-b24b-416a-9bf4-c2b6aaeb59d3,2024-11-15T10:16,5,133.25,Online,Completed
126330a0-99e2-44de-a579-6ddf3e1e1980,b3688304-b24b-416a-9bf4-c2b6aaeb59d3,2025-04-03T10:16,2,29.20,Online,Completed
86cd877e-4470-4946-8ec8-72930b6b83cc,b014b56e-3263-4b63-8430-46e00bc5ea77,2025-04-01T10:16,2,43.00,Card,Cancelled
23ad440b-1097-4121-9774-6c17422e300d,68169a66-a8d4-4763-914e-7befc826445b,2025-07-23T10:16,6,153.48,Card,Completed
b1a5ecd4-f66f-4427-841b-1672f73bbdce,3910ab11-8758-4a4f-8a9b-c4f5df7413c4,2024-04-22T10:16,8,181.52,Card,Pending
f558aacf-1d6d-43f4-b8fd-a456ad49c3ca,80537cf2-360f-4740-8b7e-d4cd56e22987,2024-11-27T10:16,8,65.76,Card,Completed
76f07fb4-6d6a-4f86-a0cf-35e942bfb20b,0df3bae1-6384-4856-aa27-aef9f6c48b75,2024-04-17T10:16,5,64.05,Card,Cancelled
34de3cb5-cbaa-4f21-a46b-8522a0db7e7d,e6e1db85-f8ba-4264-9c9a-520ecda4bc4c,2025-11-09T10:16,1,28.57,Card,Cancelled
3a59ef08-f5a5-4d8c-8ce3-0e72ae63bfab,23650eb4-f98d-45a3-a90b-a378f03d469d,2025-09-15T10:16,5,124.85,Card,Cancelled
e4cabd5d-2969-414f-a12f-65b441dd095f,c0d74d86-5c5b-481d-b8e3-61eeb9c77255,2024-05-30T10:16,2,27.40,Online,Pending
c57d7a6c-7fa2-4ba1-ba07-2bd43d72c296,52fbb114-83aa-432d-b2f1-f3e37a5c4754,2023-12-28T10:16,7,106.40,Online,Cancelled
e1c4db02-d8ac-4de1-be03-0e14205f37aa,3befa4dc-d961-4a3a-9410-d43d1bdaa335,2024-07-04T10:16,1,17.82,Card,Pending
4569ccbc-7b44-4469-b40e-dfbbada21e1b,a938df5f-7764-459c-8bfd-90409d16b3c6,2025-05-21T10:16,6,99.00,Card,Completed
2dc1f114-a223-43fa-b04c-9193ad775a5e,dcfb3d05-846d-4915-99f3-ebbc7559d972,2024-04-25T10:16,3,58.92,Online,Pending
6778cc42-72aa-4640-9a40-eef4acbca021,d5eaf6a7-76cc-48ec-98d9-ba713e2df70f,2024-11-10T10:16,6,142.74,Card,Completed
da5a491d-a286-403e-bdda-e810b24986c7,caca465c-e9f2-4add-91b5-24c70595e321,2023-12-20T10:16,1,21.58,Online,Cancelled
3b0d1010-14a0-4eb2-a48c-6e871bf267df,2ca088cd-c6c6-4e60-a1a4-d2990ee21b12,2024-10-03T10:16,7,117.25,Card,Pending
f1889a66-eee1-452c-8806-4ee8d52a953b,0a0ac3e5-6e20-4fbc-87ec-5481c70e38bc,2024-11-21T10:16,1,8.01,Card,Cancelled
2dc94a9b-2b7e-4876-8659-d45187fd8293,7509850a-5062-4da9-aad6-bc5b9e363ef1,2024-08-16T10:16,2,25.46,Cash,Pending
6fd2de90-33d9-4727-9451-37878372fb25,f90cf3ca-e2d0-4129-bc7a-e8a2b80880da,2025-07-01T10:16,2,46.84,Online,Cancelled
65d69b5b-9103-43d4-bac5-852eb5038efc,1eeb9c5f-5b7a-47af-b4f1-5a50d9d1089c,2025-01-25T10:16,7,173.11,Online,Cancelled
1cd04663-c5c2-430e-91c8-b22ba2247bc7,23650eb4-f98d-45a3-a90b-a378f03d469d,2025-07-13T10:16,2,51.94,Online,Cancelled
998e89e5-117c-4450-a2f6-2c325dc8d907,0a5bd884-b432-4ce5-b14e-44b4aedd4c0f,2024-08-29T10:16,4,54.96,Cash,Pending
99727a3e-cce9-4014-b061-c433c4251508,3befa4dc-d961-4a3a-9410-d43d1bdaa335,2025-07-22T10:16,3,16.77,Card,Pending
b44e2578-57be-4232-948e-5f564af1d6fb,6aaabc79-3d35-410f-bb96-f86a3930d0ff,2024-07-03T10:16,9,101.61,Cash,Cancelled
6ec0f99c-4135-49ce-91dd-c1abebde1c74,824998a2-7592-4051-ab0b-d5e12743c93b,2024-06-04T10:16,8,81.12,Online,Completed
a0ba9117-fb1c-489f-85de-ae5755e6a84d,4e44f26d-5455-405b-8fdb-63ab8b739ecf,2025-06-11T10:16,5,66.65,Cash,Completed
cc79b1fa-c790-4f20-9c60-db4f8de42dea,60cd80b6-3967-4dae-b4df-adc7b5644971,2025-03-14T10:16,2,48.22,Cash,Pending
07ae8163-b8a0-4721-9224-600725114e9e,00d7ae70-0f46-4453-963c-4ab2a3d29314,2025-10-16T10:16,9,90.54,Online,Pending
b8723b39-bff4-468d-8936-38b8b444019d,0a570207-0f70-467f-bbeb-44a0a60a9a25,2024-08-23T10:16,8,78.56,Cash,Completed
f17c04dc-a1e8-4d3d-8c10-b43a658d0eca,ebbc7df0-770d-44f8-b0ff-c62f9006e40e,2025-02-24T10:16,9,68.85,Card,Cancelled
dd27493d-ccc3-4705-ac56-65d604280f75,b047b369-02d0-4f25-9af0-f1e883228863,2024-02-29T10:16,3,20.61,Card,Pending
51422303-7e70-4b89-9100-a09f84ef7d1d,7509850a-5062-4da9-aad6-bc5b9e363ef1,2024-12-12T10:16,6,36.12,Cash,Cancelled
23d15d12-59d2-4383-9e4d-15acd243c5dc,0a0ac3e5-6e20-4fbc-87ec-5481c70e38bc,2024-12-14T10:16,4,99.80,Online,Completed
80f559c2-dfcf-411a-88ce-a3e89e011673,0dd437d0-74fa-43c3-8909-5c955e4d47dd,2024-02-24T10:16,9,96.21,Card,Cancelled
6214ea3e-e325-4109-81e0-5d6b6d2a4398,0a5bd884-b432-4ce5-b14e-44b4aedd4c0f,2024-09-24T10:16,6,138.54,Card,Pending
a6536931-1243-49bd-9141-c893ffeb9311,485b65e7-fdf4-474d-afba-37986d8d3cd8,2024-05-05T10:16,5,37.95,Cash,Pending
de581cf7-960a-4d9e-9fd5-064490629113,6e551d53-4f6d-4b84-a9de-3d7c79694805,2025-04-24T10:16,6,163.98,Card,Cancelled
2a3ab04e-5bf3-4404-871f-98b786696857,365c90d0-a590-4209-9401-2ce55af5ed98,2024-07-29T10:16,2,11.08,Card,Completed
a79e915b-b383-45f8-90a1-1d496aaf3619,6aaabc79-3d35-410f-bb96-f86a3930d0ff,2024-09-04T10:16,5,143.25,Card,Completed
ee71fc6c-1d5a-4914-b721-840e5adb9f5f,8626238e-5813-415a-9a8c-db944b1e0269,2024-11-08T10:16,7,190.82,Card,Pending
2924cd0f-48be-4e70-8886-9324876e3bb0,401a6911-a31e-4892-adc1-56e3e1eb090a,2025-07-05T10:16,9,222.39,Cash,Cancelled
62065cce-242d-4313-b4d3-28250e888b51,ada8704c-2784-4d70-84da-10078407d2c8,2024-04-11T10:16,6,35.28,Cash,Cancelled
7c785969-80b3-4c93-a0f6-2f31559136d0,f543de06-e341-4de2-95ab-ca0fd3ee51fe,2024-03-02T10:16,2,37.92,Card,Pending
de5da760-6d1e-4137-9f1e-28bb746c19c6,67c276b0-7be6-4f3c-bf86-c342095c8112,2024-10-13T10:16,4,62.56,Card,Cancelled
f8f6b458-d41d-480c-9e37-c99f9b62c7f5,6aaabc79-3d35-410f-bb96-f86a3930d0ff,2025-08-22T10:16,4,116.64,Online,Completed
b69fa275-70f1-4e2c-8f1f-82905a20273f,ada8704c-2784-4d70-84da-10078407d2c8,2024-08-24T10:16,5,50.70,Card,Pending
f12f029b-d139-407d-a6d0-51a4a1538dbb,5f6e51da-5f01-4c9a-85dd-7d50ef37e5d7,2025-05-08T10:16,9,109.71,Online,Cancelled
0305d311-ab27-43dc-ad32-4242c96352ee,59827b2a-ae17-44b1-bd6f-6f08718559cb,2024-09-15T10:16,9,239.58,Online,Cancelled
2ea8c102-afb2-4b79-ba08-b9da32feb64e,f0a6a958-e434-41bf-a830-dffa55a34db5,2024-09-25T10:16,5,118.65,Cash,Cancelled
32caf5d1-8441-4636-8d91-f412d92017ec,b95f7619-fab2-4df9-8683-1f2aeb93a660,2024-06-07T10:16,3,86.79,Card,Pending
11357233-a705-4033-9135-69292407cd81,73a2b03c-2dca-486e-8ebc-c4d6bb68a8c6,2024-02-08T10:16,7,57.61,Card,Pending
396cf329-788c-43ef-8332-aa6ac7a76e06,fe624323-ba72-456d-9842-ed9e0edc75df,2024-10-15T10:16,6,128.94,Card,Pending
5496df6f-9f05-4344-afb0-2516930492c8,0a5bd884-b432-4ce5-b14e-44b4aedd4c0f,2024-06-03T10:16,5,46.80,Card,Cancelled
61125656-ca42-4c76-ab99-a7c44863ff75,7a18d550-38d0-40b2-84a7-547162e7e409,2025-02-03T10:16,8,112.64,Online,Cancelled
5ef870ee-0ec1-4bfa-986e-70e5e18bf606,3befa4dc-d961-4a3a-9410-d43d1bdaa335,2024-02-03T10:16,1,25.13,Card,Completed
9d6db491-5cc0-4e9a-883c-b3d9f0e24907,a938df5f-7764-459c-8bfd-90409d16b3c6,2024-01-18T10:16,4,88.96,Card,Completed
263e8fbb-a0a6-4b8d-8196-55e094fdecb1,aff4340c-d102-49ba-af8e-84d2737ce82c,2025-01-08T10:16,3,52.59,Card,Completed
ac55930a-0d94-4375-b0c1-9ea9b0c8d535,5400d214-6176-40bf-88d2-3f53ed38bf69,2025-08-16T10:16,1,8.35,Card,Pending
09d34a98-fc31-4a33-9f3b-d059bda0e8f3,f3826f04-0dfa-4266-8002-58fede0093f5,2025-08-25T10:16,5,89.30,Card,Cancelled
9969be5b-994b-4e94-8340-8e7f761335a1,63846b60-b7be-4087-ac6e-56c9bc130a20,2025-08-19T10:16,1,14.04,Online,Pending
cb6722a2-3e0c-44a8-8509-95886d657a34,050d9901-1cb5-413a-9c31-282028f863c1,2025-07-23T10:16,4,80.80,Cash,Cancelled
71d92feb-93fd-4292-8c4f-17157692c266,a190f67b-21df-46bc-8164-46bdfa00af85,2024-10-26T10:16,2,45.44,Card,Completed
cf1234b3-439a-4da3-aa5a-b4ebdaa84239,b6c26110-1b77-4777-8c79-c69ec19b66df,2024-09-14T10:16,2,39.72,Card,Pending
bad2d089-eb0d-4280-a2eb-64184b2eeb03,89d26a00-0fde-4c03-8430-b06f6bc3f33a,2025-01-03T10:16,3,49.89,Online,Pending
f0d990cd-43bf-431c-a4b8-20d45c319577,68169a66-a8d4-4763-914e-7befc826445b,2024-02-11T10:16,8,53.20,Cash,Cancelled
c9267987-6ed2-42ee-8603-bd74633ee2c9,058b9c75-b72f-4594-80d2-e41194ff7672,2024-04-26T10:16,2,52.00,Online,Completed
2325d58f-4104-4857-aba1-2bfb375dc6c9,4717d2a3-4b2a-44f1-b960-a2b73e2d23fd,2025-07-21T10:16,7,183.26,Card,Cancelled
726be966-5cd0-497c-a9c4-67f276e37f93,a938df5f-7764-459c-8bfd-90409d16b3c6,2024-09-12T10:16,3,44.76,Card,Completed
4aecb916-f4fb-4d27-b5f3-6931ee70a8e4,67c276b0-7be6-4f3c-bf86-c342095c8112,2025-05-11T10:16,2,12.90,Card,Completed
9aafb413-c817-401a-926f-76edad5582a9,5400d214-6176-40bf-88d2-3f53ed38bf69,2025-02-21T10:16,5,68.45,Cash,Completed
7cd53201-21a8-41e4-bfe6-96819ea60c24,ef7fad1f-a86f-4ee1-95b4-ce1f339f0fa5,2024-02-08T10:16,9,230.67,Card,Pending
bd201dc5-2224-41bc-8741-95c73633ac30,69446e90-4237-4410-ab55-e011eb04cce0,2023-12-05T10:16,5,103.55,Online,Completed
1fa9dd9f-6b66-4729-9254-381f9e859ac3,ceafdb2a-788d-48e0-acdd-bd533a2e7ab6,2025-08-05T10:16,8,73.04,Online,Pending
d9ff728a-7c20-4a90-beb4-20490d7f14a1,1a31c678-d420-495a-aff3-0f1609514e1e,2024-03-17T10:16,9,257.13,Card,Pending
67e1f45f-1850-44d0-80a5-a7d0596af311,6f61ca8e-51a1-48e0-abfa-88326e713e34,2024-01-09T10:16,2,42.84,Card,Completed
1b0d1dfe-8ccd-4128-9603-493ac65b5f15,ebbc7df0-770d-44f8-b0ff-c62f9006e40e,2024-10-14T10:16,6,42.60,Card,Cancelled
304d4843-eb51-45d7-a273-e5f16308670e,ceafdb2a-788d-48e0-acdd-bd533a2e7ab6,2025-02-28T10:16,3,58.98,Online,Cancelled
f2c252ca-8c7b-4c3a-8d5d-69feaabc7c63,f6c35464-33dd-44a7-bf84-071f2e427045,2024-11-22T10:16,1,9.25,Card,Cancelled
63712025-c020-4eeb-b89f-cca7f8050d77,06e585f0-5b60-4900-81d1-3379328e6c17,2024-05-18T10:16,3,15.09,Cash,Completed
f4e3ba66-fc31-48f3-87f3-b9bf0c4bcd02,4717d2a3-4b2a-44f1-b960-a2b73e2d23fd,2024-05-02T10:16,6,101.70,Card,Completed
e670fb00-49f9-4e4b-98a5-39978d3393e5,69446e90-4237-4410-ab55-e011eb04cce0,2024-05-18T10:16,7,178.43,Card,Completed
48137735-9beb-4d17-909b-337e443f284a,71f17b36-2c37-4cfa-bf8a-894fa94c0e9b,2024-12-14T10:16,2,26.80,Online,Cancelled
45f65fa7-b2b8-4a92-8df7-083ff42b9e8b,b90a3a7f-421e-47e5-8598-fe50f365a62e,2024-06-29T10:16,6,128.40,Online,Cancelled
81588aa4-8f45-424e-90c5-891287567318,b90a3a7f-421e-47e5-8598-fe50f365a62e,2024-06-15T10:16,3,16.38,Online,Completed
d370cd06-8cfb-4a1d-838b-d1bd2f942ee8,bc58b12c-65c4-4f21-89ef-3e492a22ef7c,2025-04-08T10:16,3,55.20,Card,Pending
434f2691-d632-43bf-8e1b-03dac0eed1b0,c0d74d86-5c5b-481d-b8e3-61eeb9c77255,2024-12-23T10:16,4,44.52,Online,Pending
c39781e4-f63a-405c-997b-34de3b74a8c9,0fcf4084-ea31-49f8-99f9-9bf8c8b0c16b,2024-10-13T10:16,4,73.88,Card,Completed
cbd897c9-c85a-403c-8e91-dbe67c40ad0f,428424b7-1f94-496a-8b7a-497ce177d32c,2025-02-24T10:16,8,227.52,Online,Pending
622f7966-ad64-4aa2-9baf-84a965d91cba,aac35608-9499-49c5-811a-a059e773c968,2024-02-08T10:16,6,49.80,Cash,Completed
adf0010d-5177-4082-918a-3f17dc623ed2,68169a66-a8d4-4763-914e-7befc826445b,2024-12-01T10:16,5,71.00,Cash,Completed
2aa646eb-794c-4907-9942-bdaadc915b06,b014b56e-3263-4b63-8430-46e00bc5ea77,2025-03-31T10:16,4,43.52,Card,Pending
a3c4bc29-232e-477f-b3cc-1b6e24e7e22a,59827b2a-ae17-44b1-bd6f-6f08718559cb,2025-04-11T10:16,9,199.98,Cash,Pending
a978479a-17db-47a2-be7e-6e43a5bfb7f3,7d2df59f-386d-4aec-85a8-2443262a0cb4,2025-07-16T10:16,4,85.92,Online,Cancelled
bded79de-7585-458d-9bc2-1d4ffa1d1c2b,6b1178fc-1745-401d-88da-3903c243ebe9,2025-03-12T10:16,7,145.39,Cash,Cancelled
17765d2a-8396-4b23-a82b-f95ee2146459,d33bbfcd-a2ca-4e80-8a1c-65223f061e7e,2024-03-13T10:16,3,73.11,Card,Completed
35d4fa30-6929-4a09-bcea-2b130391a32b,c63bd277-c81c-40c5-8720-6ce916d653c4,2024-01-17T10:16,3,74.49,Card,Cancelled
202acea6-0004-4f7e-a978-3cfb7ab1eb6f,1eeb9c5f-5b7a-47af-b4f1-5a50d9d1089c,2024-11-13T10:16,2,56.62,Card,Cancelled
cef6914d-49ba-492c-992c-9ab63ddff98b,205ea7f7-e714-45b8-a083-11247ff702a1,2025-04-17T10:16,8,52.24,Card,Completed
939ea10f-7afd-49a4-a046-9a6b4436e07e,c63bd277-c81c-40c5-8720-6ce916d653c4,2023-12-12T10:16,1,19.49,Card,Cancelled
b224a094-4298-4a22-a590-9bc3df189853,3e97fc93-73a7-45e0-9888-f7a03ee258a7,2024-05-16T10:16,9,58.77,Cash,Cancelled
a75ed4b0-2bfa-4544-81c9-926c19adf7ca,bfa3444b-2be9-46be-b944-720d86a59770,2024-05-25T10:16,7,49.07,Card,Cancelled
2d25a48a-6d1b-401f-9c7f-cbdd0c4ce13d,a3f626b9-cc27-4c04-8570-be79ab8bda4a,2024-06-14T10:16,9,135.09,Cash,Cancelled
d422c368-7e09-462b-b9ab-52b55a4837a9,1d32c3b3-c732-4995-aa6b-ff159deb3bdf,2024-07-10T10:16,5,114.75,Online,Cancelled
0e05203d-7655-403c-890b-f31afb2d5848,c5817fdc-a4dc-4879-b957-30cfda62016b,2025-05-25T10:16,2,32.06,Online,Pending
486a3eba-36e4-44fe-b5f5-42dcae54d2a4,8250871a-2b35-424e-a1a1-4eb4faffabfb,2024-02-19T10:16,6,131.46,Cash,Cancelled
bba5fc0b-1d66-4725-87a3-63a8da3be350,93cdeef1-3fc3-4a63-a275-0ae87ae6b335,2024-02-21T10:16,2,19.08,Card,Cancelled
15ced6a1-44e1-4349-900d-0a4f9720ffe4,500fde18-ea61-4380-9ea4-f06d09985870,2024-01-21T10:16,5,67.60,Card,Completed
1abb0fee-0eab-4e9c-9e94-2b1bd68cd2ec,b3688304-b24b-416a-9bf4-c2b6aaeb59d3,2025-01-13T10:16,1,6.83,Online,Pending
ac336512-5f88-45f9-ad15-fb4b4079c81c,a5ffc907-be77-43e6-8694-4a0bf09bd3fb,2024-11-12T10:16,6,92.82,Cash,Cancelled
228fe63f-ee50-4187-843c-a152dea42637,fbe227d7-6d32-4407-9783-7fdac983e55f,2024-02-02T10:16,6,114.30,Online,Pending
26df1510-bebb-4773-9852-b68e91d4ef0b,7c991f43-c18b-4404-8826-97691b0dc00c,2025-02-01T10:16,4,111.96,Cash,Pending
a7cfb5ce-8ef1-4d62-ae68-6864ce869029,8e1bbe6c-7b75-46dc-8ca1-0b1664cd6ae4,2025-09-05T10:16,6,57.54,Online,Completed
b5688b75-96e8-45a4-a4cf-bfada30990ec,9b9edd1e-b4f7-414c-b8b5-a3dc51fa0a8c,2025-08-05T10:16,6,144.84,Online,Pending
dbb968f4-359b-4b43-80d7-f5c3cde739a0,0df3bae1-6384-4856-aa27-aef9f6c48b75,2024-09-27T10:16,1,28.03,Online,Cancelled
bb044ea9-6b75-49f2-8661-244340d4347f,bf0de251-90d7-423c-8b31-48df1a89964f,2023-12-16T10:16,9,74.25,Card,Completed
e52dfeae-5b8e-4426-b86a-a21725bc4c32,23650eb4-f98d-45a3-a90b-a378f03d469d,2024-04-14T10:16,1,17.04,Online,Pending
e6708e33-baf6-4b4c-ba93-51678361eb6b,3befa4dc-d961-4a3a-9410-d43d1bdaa335,2025-03-03T10:16,6,123.54,Card,Cancelled
bee6cb2d-1224-4dbf-bcc2-da528b86e766,9305d562-2505-493d-8ed8-3fb721c8f491,2024-05-23T10:16,2,27.70,Cash,Completed
1776fdbb-af31-4912-8ba6-ca263e4d8cd8,6f61ca8e-51a1-48e0-abfa-88326e713e34,2025-05-09T10:16,2,45.92,Card,Cancelled
b92e1aca-5ae3-447f-9833-ab8ea9363903,7d2df59f-386d-4aec-85a8-2443262a0cb4,2024-03-18T10:16,9,121.14,Cash,Completed
bd784ada-c4e4-4166-b97e-a19d7e7fbcb5,05ccd8a5-ea5f-4353-bd1e-3022152b0685,2024-11-27T10:16,9,127.17,Online,Completed
bed3d196-32ff-419b-8c30-560cdc7c7df2,935ebde1-5945-4673-886e-1a7a12cc2d4e,2025-09-05T10:16,6,54.84,Cash,Pending
59835d97-9f86-4dc9-bbd6-97b52c666598,0fcf4084-ea31-49f8-99f9-9bf8c8b0c16b,2025-05-01T10:16,7,175.35,Cash,Completed
6bd7dec0-0039-418d-ba1b-93b9d9fe40f3,c5817fdc-a4dc-4879-b957-30cfda62016b,2025-04-07T10:16,5,113.85,Online,Pending
b57fbce2-36df-4c4a-8332-9955f20fd96c,8e1bbe6c-7b75-46dc-8ca1-0b1664cd6ae4,2024-03-07T10:16,7,187.67,Online,Completed
fb819775-e823-41de-8624-818de58d7e1b,0a0ac3e5-6e20-4fbc-87ec-5481c70e38bc,2024-07-23T10:16,6,62.64,Cash,Completed
11921613-ef78-4ef6-809f-586f8ead1e32,74e76582-f1b8-4560-b049-8aebb59d4721,2025-01-10T10:16,8,214.40,Cash,Completed
31808bed-19b3-404a-a2a6-be4edf7023b1,e6e1db85-f8ba-4264-9c9a-520ecda4bc4c,2024-01-29T10:16,9,243.81,Card,Pending
3e3d6b7a-2cf0-4b01-a899-b428afbae492,b0d737cd-ec4b-4a88-aa81-d012ef3fb719,2024-09-15T10:16,9,215.19,Cash,Cancelled
98f1c939-ce67-46f4-8cde-1c942fb2b703,3befa4dc-d961-4a3a-9410-d43d1bdaa335,2025-03-08T10:16,3,86.46,Online,Pending
ad3d532f-99c8-45a2-ba54-2d5739d56247,bb6bf39c-f455-4e08-a59e-1bdaaa91d4aa,2023-12-29T10:16,7,128.80,Online,Pending
f756f7e3-9cf5-433a-b162-c3ced03eb1cd,0a15d43b-8f6b-444a-bef2-ffbddfdbd16f,2024-07-01T10:16,6,72.78,Online,Pending
e0d35dcb-4a05-4c54-a271-b91e95ac86c5,935ebde1-5945-4673-886e-1a7a12cc2d4e,2024-02-17T10:16,3,37.65,Card,Cancelled
be2acf11-7dab-4e8e-95f4-eab07b18ee55,ebe19120-496a-47fa-87eb-2440212a3363,2024-11-15T10:16,1,17.55,Card,Completed
80343e4a-fa83-4619-b749-ccb7bcf1ab47,0a5bd884-b432-4ce5-b14e-44b4aedd4c0f,2024-01-05T10:16,3,26.73,Card,Completed
2279e5d1-d54a-4f50-8471-ec23b6f7cedc,6aaabc79-3d35-410f-bb96-f86a3930d0ff,2024-02-15T10:16,7,36.26,Cash,Pending
68e99158-c057-4c0c-865a-4a8bdd7609ee,bf0de251-90d7-423c-8b31-48df1a89964f,2025-02-17T10:16,7,96.88,Card,Cancelled
c9f91dad-cd2f-4fb9-8a3a-d62c9f19aaaf,b6c26110-1b77-4777-8c79-c69ec19b66df,2024-11-09T10:16,7,187.95,Card,Cancelled
39b52eab-acf9-41ab-a260-b9c001b5052f,10b26c2d-7d56-4175-84a8-a2775e128a9d,2025-02-01T10:16,5,35.70,Online,Pending
1468bf05-7a13-4be9-b74f-7ea22c902c2a,1eeb9c5f-5b7a-47af-b4f1-5a50d9d1089c,2025-06-19T10:16,4,27.80,Cash,Pending
cbc958f1-e6c1-4faa-ba43-1caead59ea54,46032f36-69bc-465a-9b33-a5d560bfd77a,2025-07-02T10:16,1,12.99,Cash,Pending
c2fffa60-d296-4299-b51e-f40002e85c46,8626238e-5813-415a-9a8c-db944b1e0269,2024-04-18T10:16,4,90.16,Online,Completed
95f52861-07c6-4a98-8a07-7e68b2afeb5a,e886c155-0dae-4b36-88f5-a86fa474d1f6,2024-12-28T10:16,4,115.16,Online,Cancelled
e2bdd947-ba52-4ffe-85fe-8f37400026cf,1eeb9c5f-5b7a-47af-b4f1-5a50d9d1089c,2024-11-17T10:16,3,77.40,Online,Completed
0dd93cce-a05d-4477-94f0-154be32f5a13,6e6d2c67-f7fb-4a98-8f9a-4822259b25c4,2024-12-24T10:16,8,174.64,Card,Cancelled
d0f430a6-d7e4-45d0-8bbd-f007dd8dd7a2,058b9c75-b72f-4594-80d2-e41194ff7672,2025-04-20T10:16,1,23.83,Online,Cancelled
70385c55-ab50-4227-ac7c-83ccbe290613,4bb2d776-14c0-4ef6-b8ba-c580cbed72b8,2024-12-31T10:16,8,103.04,Card,Cancelled
91430a73-dfa9-494a-acda-40d45bd5d2a1,7a18d550-38d0-40b2-84a7-547162e7e409,2023-12-15T10:16,9,263.97,Online,Cancelled
459c7ca2-12f1-4ee6-924d-14e90deaaaef,ba5d9947-b043-4aca-8ee0-6b77895cf8e8,2024-06-16T10:16,5,130.90,Card,Cancelled
a34bde02-b314-4329-bea5-0e370e2093c5,1a31c678-d420-495a-aff3-0f1609514e1e,2024-08-15T10:16,2,45.80,Online,Cancelled
9bc0bc16-28c6-4f7a-a505-a238a88da2c7,4bb2d776-14c0-4ef6-b8ba-c580cbed72b8,2023-12-10T10:16,5,36.20,Cash,Completed
5fb1390f-5765-40d1-9815-257b960910e6,4b14a58c-f1e4-40b6-888d-a88cd7055099,2025-03-13T10:16,6,131.52,Card,Cancelled
343b0677-6f80-4b8e-b3ed-3c73312bc34a,2ca088cd-c6c6-4e60-a1a4-d2990ee21b12,2024-08-20T10:16,9,226.53,Online,Completed
e2ad63f3-e2d8-434e-ba3a-fff95f7301a8,4e6807ca-aed8-4ec9-b1b0-0e3aba57efb1,2024-07-30T10:16,7,36.12,Cash,Pending
d4f202a9-fb6a-4935-86ab-e2e71b3638ff,cd50913f-8c99-4253-9134-0cf5fe5f300f,2025-04-01T10:16,8,77.68,Online,Cancelled
679e2fbb-df7f-47d7-aeff-e255c293af55,56a75a3e-a944-4147-8cba-f1024726993f,2024-04-18T10:16,3,62.28,Online,Cancelled
27e69fde-eaf8-482c-8b6d-bb35b76d4cfd,365c90d0-a590-4209-9401-2ce55af5ed98,2024-06-04T10:16,9,53.28,Cash,Pending
38168d4e-c733-4907-9492-1577717fe466,0a570207-0f70-467f-bbeb-44a0a60a9a25,2024-08-13T10:16,9,116.01,Card,Cancelled
3bf6fa2b-154b-44d0-ac17-c7be26c2c743,a190f67b-21df-46bc-8164-46bdfa00af85,2025-02-13T10:16,6,85.98,Online,Cancelled
a8b782b3-7445-41db-85c0-ee0ad3aeb17d,06e585f0-5b60-4900-81d1-3379328e6c17,2024-04-01T10:16,5,92.90,Online,Completed
63ac09f6-5bd2-4613-9c3c-e1e1da1a39b4,9b9edd1e-b4f7-414c-b8b5-a3dc51fa0a8c,2024-07-19T10:16,4,51.60,Online,Pending
f96deb45-ad56-4bd4-ab78-075c6c842a06,aac35608-9499-49c5-811a-a059e773c968,2024-04-10T10:16,6,122.04,Card,Completed
fafb830d-1beb-4f77-b298-783708b0fca5,b90a3a7f-421e-47e5-8598-fe50f365a62e,2024-08-26T10:16,6,149.04,Online,Cancelled
a38974e8-d7ad-466b-93a7-41e1ab98ba45,cf65c4b6-4c1c-420b-95de-23e5b56ffad5,2025-02-22T10:16,7,181.93,Cash,Pending
412a80e2-57f8-4661-83ff-978ed19a4108,bc58b12c-65c4-4f21-89ef-3e492a22ef7c,2025-07-29T10:16,7,167.23,Cash,Completed
40840ad8-f704-4d03-8649-9907ee5b2843,1a31c678-d420-495a-aff3-0f1609514e1e,2025-01-01T10:16,5,102.00,Cash,Pending
f6435cd7-e7f6-447c-b712-44eb58f02a93,7c991f43-c18b-4404-8826-97691b0dc00c,2023-12-28T10:16,5,39.20,Online,Completed
3aead8ea-55d0-469a-99c3-58a08d954b0c,2c6dafc9-06cc-4b3d-8b8d-12aae0644c58,2025-03-03T10:16,9,56.97,Cash,Completed
3e2d75a3-c879-4070-940e-4b9cc9b5171f,71f17b36-2c37-4cfa-bf8a-894fa94c0e9b,2025-05-13T10:16,2,54.84,Cash,Completed
ed42214e-e327-4344-8a34-adb84d516f28,52f5634d-de98-4543-8a1e-cbf1e2d0242f,2024-02-11T10:16,7,147.56,Cash,Pending
a238509e-1d0b-45ae-b647-0f61a7360719,90f0db1e-2b19-43f7-ba17-233c7c214eca,2024-09-04T10:16,2,47.46,Cash,Completed
d58de232-25d1-4630-8c0a-726f52cf554f,0dd437d0-74fa-43c3-8909-5c955e4d47dd,2025-08-30T10:16,6,103.08,Online,Pending
33b3d72b-65b2-42e4-a1fe-029ab497295e,63846b60-b7be-4087-ac6e-56c9bc130a20,2024-12-13T10:16,1,18.39,Cash,Completed
8a3bd44c-9e52-4c21-aeef-633364931095,485b65e7-fdf4-474d-afba-37986d8d3cd8,2024-06-20T10:16,1,29.75,Online,Cancelled
acee7fb5-84e8-41fd-b47f-821b28819e4d,0e0d5f13-edd5-4ab0-9ddd-3df111bedc5a,2024-08-02T10:16,3,78.69,Cash,Cancelled
879e5782-ca9e-435d-b7a2-438c7302f056,ceafdb2a-788d-48e0-acdd-bd533a2e7ab6,2023-12-07T10:16,5,128.00,Cash,Cancelled
709d0890-6ebc-44d6-811d-fc70f3eb0aed,14eace30-1ac2-411e-8eef-98e8f32a87fb,2024-10-22T10:16,6,140.22,Online,Cancelled
0bd75c55-f39a-4b12-8c3c-245745978083,0130fcd4-a6cf-4a72-8400-7bcae1abce34,2025-10-29T10:16,9,208.71,Cash,Completed
3668fa61-4f68-48fe-8ef9-5d06a6b87dbc,e7991221-0de0-4ef8-aa9c-ca3b59197059,2025-02-12T10:16,3,46.86,Cash,Pending
4fbc9b8f-6c04-4872-b8d4-4aa56aec45a7,0a5bd884-b432-4ce5-b14e-44b4aedd4c0f,2024-11-27T10:16,4,59.04,Card,Cancelled
317a04fd-f8f5-44f6-8e77-2bae14e07fd6,485b65e7-fdf4-474d-afba-37986d8d3cd8,2025-02-28T10:16,4,83.16,Cash,Cancelled
c4204b1f-5371-4bcc-a854-f7b047eba31c,d5cfb1a3-ce2f-4aff-ab4c-50e0c5426af1,2025-05-19T10:16,9,140.40,Online,Pending
a7db1d7c-4541-4191-9827-829bf056a004,1eeb9c5f-5b7a-47af-b4f1-5a50d9d1089c,2023-12-06T10:16,4,24.84,Cash,Completed
dd1a09bf-6f61-4ac9-8ab0-a75680abeb5a,9fa382f0-8393-48db-ad30-43c953282401,2024-02-12T10:16,5,55.40,Online,Completed
6e31e476-4621-46df-8984-a3b553b30b3d,6bd388d4-5636-450b-bacd-55bdcb769bab,2025-07-01T10:16,7,47.88,Card,Completed
bcb10e8b-ae84-4d37-8903-b3ed2ea9e96a,c5817fdc-a4dc-4879-b957-30cfda62016b,2025-02-23T10:16,8,207.28,Card,Cancelled
348e8981-e7a8-4cc8-b625-e021a98b2c6a,cb8747c7-32ca-4b6b-868d-13ab01d953ec,2025-08-17T10:16,8,211.12,Online,Cancelled
3da96169-3f28-4024-8ce9-1c52b7015e12,09ba4183-1b94-4f8c-bc5f-eca421a88524,2024-04-11T10:16,6,62.94,Cash,Cancelled
3b2ab50d-a9ad-4f10-b1c3-ab92bb5cc355,b047b369-02d0-4f25-9af0-f1e883228863,2024-05-27T10:16,3,44.76,Online,Pending
9e6ac539-ff95-44bc-ae19-c97dabeceb21,52c87fd9-fdf0-4256-b929-6153ad24a0ac,2025-10-27T10:16,6,158.58,Card,Pending
d4b4c818-8e2f-4631-82ea-a1296892f3c9,ebbc7df0-770d-44f8-b0ff-c62f9006e40e,2025-07-08T10:16,6,43.02,Card,Pending
d835f2ba-d448-48c7-824e-cb00c288b1c6,7169ef0c-f2c8-4ae3-83f6-87691664d2d2,2024-11-05T10:16,6,150.12,Online,Pending
e4abf1cf-ce43-44db-91b7-cc669038c771,515fe1d2-d33a-4b9d-8c19-07e0cbe81a9a,2025-06-18T10:16,2,24.52,Cash,Completed
cc956af2-46d6-43d5-b97a-15e2f2145162,6c3bf618-a715-40f9-9faa-cfc5f5beef2f,2025-04-02T10:16,4,29.88,Cash,Pending
0b6d508e-2344-4fc2-bdd7-975d9a019641,bc58b12c-65c4-4f21-89ef-3e492a22ef7c,2024-09-19T10:16,7,38.92,Online,Pending
3cc87cc2-81b9-4f33-9a0b-040caa368079,6e551d53-4f6d-4b84-a9de-3d7c79694805,2025-02-19T10:16,9,138.51,Cash,Cancelled
ec61d53f-77fd-474c-80d9-58b2535bfb00,c0d74d86-5c5b-481d-b8e3-61eeb9c77255,2025-08-21T10:16,5,67.10,Cash,Cancelled
1b1ac767-d74a-4d22-a096-8d6baa644a0f,0dd437d0-74fa-43c3-8909-5c955e4d47dd,2023-11-23T10:16,4,78.68,Online,Cancelled
7af5939d-0e92-4ede-8ac3-574de7b1ab3c,726d71e2-70fd-4416-8568-78619c14a73a,2024-06-24T10:16,4,32.92,Card,Cancelled
a5c28176-21fd-422f-99c0-a9d900e7aa74,953417c6-cd52-45e9-9ca0-bb450653c934,2025-03-19T10:16,9,171.09,Card,Cancelled
fdfbd061-d10b-47de-8606-7c2235dbb20a,cb8747c7-32ca-4b6b-868d-13ab01d953ec,2023-12-02T10:16,9,170.91,Card,Cancelled
17f96d22-c721-4066-b071-9ee43348f324,77ca464a-fe0d-4dcc-8f08-3eb2f7b64f76,2025-03-16T10:16,1,12.46,Online,Completed
b670e8f4-fcd3-44fb-b94b-039f3973087d,e119f98a-df63-41dc-8e01-bb49ca2dc724,2024-04-20T10:16,8,97.36,Online,Pending
9e63b02d-16a0-43f3-80da-9f208be442a3,11526850-7335-463f-b740-a52a90457c3b,2025-10-17T10:16,3,44.94,Cash,Pending
5e95183b-5a76-4767-91cc-b81768325653,6f61ca8e-51a1-48e0-abfa-88326e713e34,2025-10-15T10:16,7,201.95,Online,Completed
e2d1bc7b-7b43-455d-a4bb-d6c4aed84228,05ccd8a5-ea5f-4353-bd1e-3022152b0685,2024-07-27T10:16,7,83.86,Card,Cancelled
d92f440f-804f-4e97-8a6e-23964a06aebb,3befa4dc-d961-4a3a-9410-d43d1bdaa335,2025-09-14T10:16,8,183.04,Card,Completed
fedf35a3-de32-4b47-b7f7-26fb5413ae93,6c3bf618-a715-40f9-9faa-cfc5f5beef2f,2024-06-28T10:16,1,29.16,Card,Pending
9e241620-00ee-4563-a230-36966266f898,365c90d0-a590-4209-9401-2ce55af5ed98,2024-06-03T10:16,5,41.65,Cash,Cancelled
9938ebb0-1198-4851-998f-8b2407306598,6117b6f0-c4f4-4bf1-9eeb-f33950decba8,2024-11-21T10:16,8,43.04,Card,Completed
f7928c9a-31a1-4686-8f93-d852b7cf20aa,a190f67b-21df-46bc-8164-46bdfa00af85,2025-01-04T10:16,6,68.28,Card,Cancelled
8aa43a1c-79b0-4583-a658-57b1726c7cde,6e6d2c67-f7fb-4a98-8f9a-4822259b25c4,2025-08-10T10:16,1,17.29,Cash,Pending
839bf6c0-a240-4e46-bb79-048badea510e,f543de06-e341-4de2-95ab-ca0fd3ee51fe,2024-11-23T10:16,3,77.25,Online,Completed
808cf260-6461-432a-9215-56a587cd3927,5f0f3def-9ff6-4282-ad04-001c4a769966,2025-06-22T10:16,6,119.76,Cash,Cancelled
84aee896-cdb6-4bd3-93cd-e0f9cd8e3b3d,d87f31d7-79ef-4c17-856e-142e791b04da,2024-06-11T10:16,3,80.34,Cash,Cancelled
58148600-eb34-4629-b904-ebce8cb9dfbd,0a5bd884-b432-4ce5-b14e-44b4aedd4c0f,2024-09-13T10:16,1,6.47,Online,Pending
46751f53-fc09-4f12-b756-e46b4ab03a95,1a31c678-d420-495a-aff3-0f1609514e1e,2025-07-09T10:16,5,58.25,Cash,Pending
35554ec3-e618-48c7-9deb-692f73497eeb,e6e1db85-f8ba-4264-9c9a-520ecda4bc4c,2024-12-18T10:16,1,9.86,Online,Completed
bbf8b26a-f3cc-42a8-8dd7-40a49c83e3c7,a5ffc907-be77-43e6-8694-4a0bf09bd3fb,2024-03-30T10:16,7,63.21,Online,Cancelled
ec526f49-4230-4014-afc0-3a1d94a71461,10b26c2d-7d56-4175-84a8-a2775e128a9d,2024-05-12T10:16,9,227.07,Online,Pending
f83db683-2218-411e-bacb-50e2a6065d3e,726d71e2-70fd-4416-8568-78619c14a73a,2025-06-15T10:16,4,52.92,Cash,Cancelled
7949b74a-d0f2-4045-99df-0d4cf48a24f9,209e786b-2a61-4e52-a3b2-1cc98bcbf18c,2025-11-02T10:16,3,81.42,Cash,Pending
aecfce17-6ac1-423b-9d94-87b6d3c0a336,90f0db1e-2b19-43f7-ba17-233c7c214eca,2025-04-10T10:16,9,144.09,Online,Completed
88c6a1fb-6bc4-4293-be48-44fa515d2b15,5d6f84a5-a4de-442e-99b9-b8ef714b4436,2024-09-19T10:16,7,73.57,Online,Pending
32a716da-ee94-4dd8-9709-93542759dcd4,c9dcc28a-ae5f-477c-ae7e-72d94129f449,2025-01-14T10:16,6,168.00,Cash,Completed
db4b2b9a-5861-4357-b67c-4d007672f041,1d32c3b3-c732-4995-aa6b-ff159deb3bdf,2023-12-15T10:16,1,10.38,Online,Completed
b661537c-d3d2-4969-b721-89e98cb3150e,69446e90-4237-4410-ab55-e011eb04cce0,2023-12-24T10:16,5,25.95,Online,Pending
77ce36fa-19cd-4bad-a584-6cb8ca6520cf,6aaabc79-3d35-410f-bb96-f86a3930d0ff,2024-02-02T10:16,5,142.10,Card,Completed
a99a834c-e33b-4246-b2af-145d1edac6d4,209e786b-2a61-4e52-a3b2-1cc98bcbf18c,2025-02-14T10:16,7,182.00,Card,Pending
18d13553-7d86-48cc-b07c-9195ffbe52d2,050d9901-1cb5-413a-9c31-282028f863c1,2024-11-07T10:16,3,67.71,Cash,Cancelled
4e7f1044-63b6-48c0-af48-7d384864ba13,46032f36-69bc-465a-9b33-a5d560bfd77a,2024-11-15T10:16,4,22.20,Cash,Completed
48be770d-e3d4-4fe5-8e39-791b65de76a0,0a15d43b-8f6b-444a-bef2-ffbddfdbd16f,2025-03-06T10:16,5,135.20,Cash,Pending
dff6e44f-e5ec-480d-9f37-0dbc18e22d6e,941529ef-2114-4bff-907a-4596ff4593a1,2023-12-18T10:16,3,58.83,Card,Pending
6bafec81-80a7-49f8-af24-2baabcf21a0d,ada8704c-2784-4d70-84da-10078407d2c8,2025-02-15T10:16,9,106.29,Cash,Cancelled
1e1b8815-d670-4728-a0e3-653d93c32e1a,06e585f0-5b60-4900-81d1-3379328e6c17,2024-09-07T10:16,8,85.92,Cash,Cancelled
207e83d0-4fdd-449a-9051-c73df1378e7b,103fcba5-5588-45a5-9fe0-6ac948d3860e,2024-01-21T10:16,5,83.75,Online,Cancelled
a06402d3-ff42-4a9f-befd-c5fd6894c982,23650eb4-f98d-45a3-a90b-a378f03d469d,2023-12-09T10:16,4,78.56,Online,Pending
e80133e1-a7d1-4237-9c76-fca0b48c7ab5,964d337f-acd5-4ca2-8843-9be3f2eb60fc,2024-11-03T10:16,6,94.44,Card,Cancelled
49416b69-ace6-4dd0-a0d6-3a19669d6bf9,b3688304-b24b-416a-9bf4-c2b6aaeb59d3,2024-02-26T10:16,8,133.52,Cash,Completed
f0827bd3-6bbb-4b15-a138-525722cbc389,f0a6a958-e434-41bf-a830-dffa55a34db5,2025-04-30T10:16,1,7.79,Cash,Pending
c5e6bb4b-f725-4960-888e-6ab637094d4c,0a5bd884-b432-4ce5-b14e-44b4aedd4c0f,2024-01-31T10:16,3,78.72,Cash,Completed
d19bfbf3-1853-4645-8f67-2454c142a88d,fdb5454e-2230-489e-ade4-9218ff28cbd8,2024-02-15T10:16,3,23.34,Cash,Cancelled
edf00d0e-70b8-429a-b6dc-5461151e8570,cd50913f-8c99-4253-9134-0cf5fe5f300f,2025-07-05T10:16,4,67.24,Card,Pending
a0c8c1e9-fac9-4d83-9c3c-73e94236efb2,2a109685-1399-4149-8951-fba29bb0360d,2023-12-04T10:16,6,106.02,Online,Pending
4f25dc1a-c0fa-4db7-9fdf-e142c260a771,dcfb3d05-846d-4915-99f3-ebbc7559d972,2024-01-06T10:16,4,95.40,Card,Completed
8dbcc18e-cf99-4ccd-b763-be34b9916266,36b880b0-e9bd-4c0b-8f1c-32018f6c758a,2024-11-15T10:16,5,77.40,Card,Cancelled
526aefb9-fa70-48e8-8ff1-5def246949f8,8f7f530b-bb30-4a05-b437-744ed30af54f,2025-07-19T10:16,7,83.79,Online,Cancelled
11f84d9f-a6d9-40d3-a5c2-513d4cbf1a11,6aaabc79-3d35-410f-bb96-f86a3930d0ff,2024-05-26T10:16,6,144.12,Online,Completed
f716ace7-a043-4a02-8f05-379892a6606e,205ea7f7-e714-45b8-a083-11247ff702a1,2024-12-09T10:16,5,117.85,Cash,Completed
c62a7aee-bcab-4dce-a82d-5f0956c130aa,4739f27f-7a96-4d52-83ae-0c6fd4c8c606,2025-01-08T10:16,9,233.73,Cash,Pending
fbcc9158-d641-4d30-b791-bcc78d52232f,b95f7619-fab2-4df9-8683-1f2aeb93a660,2024-04-23T10:16,3,36.54,Online,Completed
feb4f9c2-6d8b-4a4b-9ef3-c73c44fec8cf,4e6807ca-aed8-4ec9-b1b0-0e3aba57efb1,2024-06-20T10:16,4,107.84,Card,Completed
c8991012-788d-4bfd-b4eb-163a6a9c5206,b04ce307-2d1f-4214-b023-d8f4379041a1,2024-02-12T10:16,7,36.96,Card,Completed
770d56d1-ea65-4d75-b138-8283bc192099,f90cf3ca-e2d0-4129-bc7a-e8a2b80880da,2025-01-15T10:16,5,90.55,Cash,Completed
37b8a398-c920-4640-b336-19a56de41197,e119f98a-df63-41dc-8e01-bb49ca2dc724,2025-05-30T10:16,1,17.17,Online,Completed
53e1cdab-6118-4e4a-ae29-21214379774b,f543de06-e341-4de2-95ab-ca0fd3ee51fe,2025-03-25T10:16,7,165.69,Cash,Pending
e2744218-6471-4051-91c4-8b567b13e47a,06e585f0-5b60-4900-81d1-3379328e6c17,2025-10-27T10:16,6,80.40,Card,Completed
8d64f392-58ee-41a3-984b-c33d684ecd83,6f61ca8e-51a1-48e0-abfa-88326e713e34,2024-04-20T10:16,3,67.38,Cash,Completed
58dabb5c-7ec0-4e8c-bec7-1a30748e69a2,0a0ac3e5-6e20-4fbc-87ec-5481c70e38bc,2024-02-10T10:16,2,13.34,Cash,Cancelled
9e8204d7-5f72-43e3-83c6-99b1940d1bb4,3910ab11-8758-4a4f-8a9b-c4f5df7413c4,2025-01-11T10:16,5,68.00,Cash,Cancelled
63028657-4a18-4c35-bd49-f6a3c6079ca4,103fcba5-5588-45a5-9fe0-6ac948d3860e,2024-08-22T10:16,4,55.76,Cash,Pending
edd78248-4a7c-44cd-88db-045ce64024e4,209e786b-2a61-4e52-a3b2-1cc98bcbf18c,2024-05-23T10:16,9,60.03,Online,Cancelled
58c89a3f-291e-4beb-ab40-c8b73a2a531e,d3f641e5-b8b5-4f5f-9155-7768df2033e8,2024-05-29T10:16,6,131.70,Card,Completed
3378affc-b5a6-4dda-81d6-295c5e740176,9fa382f0-8393-48db-ad30-43c953282401,2024-10-14T10:16,6,70.20,Cash,Pending
3d9ffed3-b384-41d7-8b17-1dd4da341c69,0a0ac3e5-6e20-4fbc-87ec-5481c70e38bc,2023-12-26T10:16,6,133.62,Card,Completed
5094fcc7-8027-4347-aeb7-9228913474d7,cd50913f-8c99-4253-9134-0cf5fe5f300f,2025-03-17T10:16,1,12.87,Card,Pending
