order_id,restaurant_id,order_date,items_count,total_price_usd,payment_type,status
e3a85d4a-972b-4ec6-8fe0-ce7387691ff9,bf0de251-90d7-423c-8b31-48df1a89964f,2025-06-27T10:16,2,59.54,Card,Pending
a677a518-6f86-4e3f-abe6-3ff800e9d44f,bb6bf39c-f455-4e08-a59e-1bdaaa91d4aa,2025-03-16T10:16,8,84.64,Card,Cancelled
a2416cca-6e27-4235-8485-63c4850ffe2d,73a2b03c-2dca-486e-8ebc-c4d6bb68a8c6,2025-01-02T10:16,5,143.50,Cash,Pending
b993eb67-6cbf-4928-bed3-42aaff2ea990,c5817fdc-a4dc-4879-b957-30cfda62016b,2024-03-09T10:16,6,56.34,Cash,Cancelled
c829ac4f-53ea-4ea8-81ef-4d4ea0129c40,9b9edd1e-b4f7-414c-b8b5-a3dc51fa0a8c,2025-10-01T10:16,5,139.95,Cash,Completed
84ae9e80-8e78-4b19-ac20-afd5fe09a955,23650eb4-f98d-45a3-a90b-a378f03d469d,2024-10-07T10:16,2,22.92,Cash,Completed
99a7ecce-b99d-4ae9-ab2e-e094df207613,4bb2d776-14c0-4ef6-b8ba-c580cbed72b8,2024-11-01T10:16,5,36.40,Cash,Cancelled
b9c2bb2e-9a9e-4e86-9811-10db3e09dd94,fe624323-ba72-456d-9842-ed9e0edc75df,2025-05-07T10:16,2,35.00,Card,Cancelled
c06bd3b0-90d9-43cd-99fa-c734c1eb5b5f,4e44f26d-5455-405b-8fdb-63ab8b739ecf,2025-04-13T10:16,5,44.65,Cash,Completed
fd933784-d183-4dc6-aa2a-fecdfe297922,e6cb1215-5314-4d05-bfd1-f6e5d36e89f7,2025-04-18T10:16,6,152.64,Card,Pending
50591441-9700-43bc-81a2-9bb072bbe82d,1407e9cf-22c9-4137-a2fe-cc12dc038235,2023-12-28T10:16,4,28.16,Cash,Completed
dfd3090d-65a3-4126-93bc-b512943a9a3c,209e786b-2a61-4e52-a3b2-1cc98bcbf18c,2025-03-08T10:16,5,123.45,Card,Pending
a62d62c1-a8e0-42a0-b5be-0dc426ea545d,49af098b-bf79-4643-8e49-739ea932d38b,2024-01-06T10:16,5,64.25,Online,Cancelled
cbc3eee2-1e78-4054-b0cb-3a5e99b1d136,5eb75bc0-d5fa-4209-9d42-7767f3f0585b,2024-04-29T10:16,1,26.53,Online,Completed
21d301bc-6589-4354-ad92-83960522da5f,8f7f530b-bb30-4a05-b437-744ed30af54f,2025-08-15T10:16,6,148.38,Cash,Cancelled
eb86e3b6-8fad-4245-9fee-65ae278918a8,53db1213-7316-47bb-9099-c1def0e3c96b,2024-06-01T10:16,7,146.72,Online,Cancelled
799a2a78-c3b8-4a79-a82f-6eb08d7ae6cf,caca465c-e9f2-4add-91b5-24c70595e321,2025-03-03T10:16,9,63.36,Card,Completed
99722ebf-fb1c-4a14-af86-4c366b5f1f30,90f0db1e-2b19-43f7-ba17-233c7c214eca,2024-05-18T10:16,9,87.03,Card,Pending
b601d6f1-8ee2-4835-90f8-1d1222bcd868,39cb44e2-a541-4b98-bc0b-db5f31cf8710,2024-05-02T10:16,9,84.60,Card,Cancelled
5b89bf2a-46cd-4893-9ea3-9f53a8fadd2e,5f0f3def-9ff6-4282-ad04-001c4a769966,2024-07-24T10:16,4,62.80,Cash,Completed
f89b0c7b-644e-4e79-9dae-93755ad75502,a302a1a8-c429-406f-abff-9f273aa0a4b5,2025-09-25T10:16,2,45.44,Online,Completed
348b0a00-02ae-47c4-9126-b6dafb621d5a,0a5a9fc7-e126-48f0-99aa-dea85c606f66,2025-02-11T10:16,1,27.51,Online,Cancelled
8638cd32-92b7-4dde-ae89-b92b02142508,05ccd8a5-ea5f-4353-bd1e-3022152b0685,2024-09-08T10:16,4,96.96,Card,Pending
31651f32-2d02-4d84-99be-e7df587f225f,bf0de251-90d7-423c-8b31-48df1a89964f,2025-03-09T10:16,6,170.88,Card,Cancelled
e38fa7bc-6ac5-466e-9491-3a3c62d16687,9b9edd1e-b4f7-414c-b8b5-a3dc51fa0a8c,2025-06-06T10:16,2,49.22,Online,Pending
192cf083-11fd-4ab1-8a58-a328e69b757b,5d6f84a5-a4de-442e-99b9-b8ef714b4436,2025-09-07T10:16,4,57.36,Cash,Completed
9538c61c-ec09-4cbe-9199-e876753b4a9b,68169a66-a8d4-4763-914e-7befc826445b,2024-11-11T10:16,2,20.02,Card,Completed
859ac694-909a-4e48-bbc6-819c83f7be9b,9fa382f0-8393-48db-ad30-43c953282401,2024-07-01T10:16,2,23.12,Card,Pending
b8d9016f-c94b-400a-a26c-8f06fcedc46f,caca465c-e9f2-4add-91b5-24c70595e321,2025-07-08T10:16,1,16.06,Card,Pending
90bc9748-a94c-4b0e-8f88-37ba807c0ce7,09ba4183-1b94-4f8c-bc5f-eca421a88524,2024-04-11T10:16,6,76.56,Online,Pending
4469fba0-f77c-4781-9e70-8af6782b4613,7d2df59f-386d-4aec-85a8-2443262a0cb4,2023-11-23T10:16,8,127.84,Online,Completed
7a0f2d1a-d344-4920-9461-4933d8f793db,c63bd277-c81c-40c5-8720-6ce916d653c4,2023-12-26T10:16,4,100.92,Online,Pending
eedc7ae1-b3c6-4e22-881d-6f67acd5de27,fdb5454e-2230-489e-ade4-9218ff28cbd8,2025-07-20T10:16,1,7.35,Online,Completed
d180b367-0a60-4010-b1cd-2af6a59e8f38,b6c26110-1b77-4777-8c79-c69ec19b66df,2025-11-03T10:16,2,29.58,Online,Pending
dc36e9b8-a859-4bbf-b744-7956877f6b21,c63bd277-c81c-40c5-8720-6ce916d653c4,2025-06-15T10:16,7,136.29,Cash,Cancelled
05ab982b-6fbd-4aa7-94d8-bb8ac45196ab,e85d0261-2d97-4475-a749-363ec9040a74,2023-11-25T10:16,9,138.87,Cash,Cancelled
5b3993f0-7bcd-492d-a767-5ef954008851,36b880b0-e9bd-4c0b-8f1c-32018f6c758a,2024-12-03T10:16,1,9.61,Online,Cancelled
b5344497-5d6a-4656-a250-d5ee2617f548,4739f27f-7a96-4d52-83ae-0c6fd4c8c606,2025-04-19T10:16,8,73.20,Cash,Cancelled
9995b714-c496-4ed7-8c66-ab37c2a149c8,e12c3d24-86c8-474f-b86b-370df36adbfe,2025-01-09T10:16,5,57.50,Card,Pending
97756c4e-2ca6-40f4-8a97-bb6922ee48a3,39cb44e2-a541-4b98-bc0b-db5f31cf8710,2025-06-19T10:16,1,19.54,Card,Pending
0d320fa7-326a-4a9a-888f-550bb039d3d5,d7af10ce-45c9-4fc8-8dd8-b1c5491aad5f,2025-01-18T10:16,6,150.78,Cash,Pending
fcf791a5-40b9-4851-b10f-48954cc3d0a7,000f9c8f-2fc7-4346-844d-c04f10751265,2025-07-24T10:16,2,47.36,Online,Completed
ab16ce7a-3757-4119-88da-369c536fd724,c5817fdc-a4dc-4879-b957-30cfda62016b,2025-05-30T10:16,9,199.80,Card,Pending
c2faf2d8-587a-452d-ae87-a955fa6886e9,3dcaabe3-78c9-4d88-bed5-56ca7ceea07c,2024-04-16T10:16,4,38.36,Card,Cancelled
3e04e76c-c09c-4d18-a85d-52b85a8fb0e3,e6cb1215-5314-4d05-bfd1-f6e5d36e89f7,2025-03-14T10:16,6,117.54,Online,Pending
80012e55-0c8e-4eaa-9dbc-2e870148f15b,0a5a9fc7-e126-48f0-99aa-dea85c606f66,2025-04-13T10:16,4,99.04,Card,Cancelled
cd67d825-ff45-4dc3-bf7d-5cfb282bda3d,dcfb3d05-846d-4915-99f3-ebbc7559d972,2023-12-25T10:16,9,50.76,Cash,Completed
2f396a39-c86e-4904-abda-bdf7fa23baaa,d5cfb1a3-ce2f-4aff-ab4c-50e0c5426af1,2025-10-05T10:16,3,59.43,Online,Pending
91bd2d80-5d9d-4c7c-8c0b-f504f1ed3d68,d87f31d7-79ef-4c17-856e-142e791b04da,2025-06-18T10:16,2,33.56,Online,Cancelled
02c4b369-f91a-4fd1-a86a-f216ea9e4f52,910b1d47-5c37-48b1-8bde-96c60660f1d7,2025-05-28T10:16,3,73.59,Online,Cancelled
7145c556-36a9-4de8-9d34-2cc230186599,4f6ae324-5b6d-47d6-a86d-26ec6fbe1e0e,2024-04-18T10:16,4,61.28,Online,Pending
ec08d37c-8ed1-4c62-8a6a-5686644c62f3,b95f7619-fab2-4df9-8683-1f2aeb93a660,2025-01-23T10:16,2,34.90,Cash,Completed
934eb7e7-3863-49b9-a4c5-2fcb97b5864e,3befa4dc-d961-4a3a-9410-d43d1bdaa335,2025-06-05T10:16,5,92.90,Card,Pending
23d1c3b8-bdd3-4055-ab45-56b91510152e,39cb44e2-a541-4b98-bc0b-db5f31cf8710,2025-07-19T10:16,9,235.26,Card,Pending
3a3ca3d9-4cdb-45bd-91e8-968126117f13,9fa382f0-8393-48db-ad30-43c953282401,2025-08-30T10:16,9,262.35,Cash,Pending
56c78816-3d98-469e-acf1-85449086565e,953417c6-cd52-45e9-9ca0-bb450653c934,2024-12-12T10:16,2,17.96,Card,Pending
4356e80a-e820-46a3-b05e-5ae545abfda9,103fcba5-5588-45a5-9fe0-6ac948d3860e,2024-09-09T10:16,5,136.65,Cash,Cancelled
3fdccf9d-5394-4615-9d9e-40887b932fa5,4b14a58c-f1e4-40b6-888d-a88cd7055099,2025-05-06T10:16,8,231.36,Cash,Completed
fc41d3fe-c4db-4750-952f-8b72b4ea7f7b,726d71e2-70fd-4416-8568-78619c14a73a,2023-12-22T10:16,6,113.82,Card,Completed
dfbee29e-7403-4a15-894b-bd197dcb3f11,e7991221-0de0-4ef8-aa9c-ca3b59197059,2024-02-07T10:16,6,59.70,Online,Cancelled
ceb408ca-9258-4ebe-999a-a4ddac8ca6a2,a302a1a8-c429-406f-abff-9f273aa0a4b5,2025-01-29T10:16,3,27.42,Card,Completed
f60f9b05-0ad7-4268-a049-f4fac3fde8af,6c3bf618-a715-40f9-9faa-cfc5f5beef2f,2025-10-13T10:16,2,24.26,Cash,Cancelled
75f09b8a-4772-45bf-a054-35fe26071da1,52c87fd9-fdf0-4256-b929-6153ad24a0ac,2024-08-07T10:16,3,60.03,Card,Completed
9b191dcd-5915-4b4d-9cc2-4c8aa4c3edd9,428424b7-1f94-496a-8b7a-497ce177d32c,2025-10-10T10:16,3,50.76,Online,Cancelled
0ed46dd2-4b69-4bad-989c-02dc27ca8a17,e12c3d24-86c8-474f-b86b-370df36adbfe,2024-04-24T10:16,8,97.92,Card,Pending
49db0193-cff1-40ea-ab7e-f01a513b089f,23650eb4-f98d-45a3-a90b-a378f03d469d,2025-10-07T10:16,8,150.64,Online,Completed
6d00ead5-283b-42a5-b19f-839ecaaca79a,e886c155-0dae-4b36-88f5-a86fa474d1f6,2025-04-02T10:16,2,19.74,Cash,Cancelled
7dd7fbe8-474e-487f-8d9c-46ba9b9ef1b0,5f6e51da-5f01-4c9a-85dd-7d50ef37e5d7,2025-04-05T10:16,8,178.80,Card,Pending
bd184100-3616-44e4-85d6-19f04f6383cb,06e585f0-5b60-4900-81d1-3379328e6c17,2025-09-27T10:16,7,186.48,Cash,Pending
562e68af-7499-4044-86c4-6ef9d1061b1e,941529ef-2114-4bff-907a-4596ff4593a1,2025-03-28T10:16,7,54.04,Online,Cancelled
0f7bebfc-cb1f-4a97-b2fd-58deac9234ef,0df3bae1-6384-4856-aa27-aef9f6c48b75,2024-04-14T10:16,8,84.32,Online,Pending
f8405769-e5f4-4c0b-967a-ef2143a821aa,0a15d43b-8f6b-444a-bef2-ffbddfdbd16f,2024-12-09T10:16,8,228.72,Online,Cancelled
195f4cdb-70a9-4740-af29-1253819dee92,23650eb4-f98d-45a3-a90b-a378f03d469d,2024-05-02T10:16,6,84.66,Cash,Completed
c210e223-cc41-4094-a51c-d0e6f02197b6,8887df7e-682b-4d48-b18c-c1ddfa0aaa26,2025-03-01T10:16,3,31.71,Card,Pending
8100a028-f11f-4114-a8df-ba02a3e7fe5f,fbe227d7-6d32-4407-9783-7fdac983e55f,2024-01-27T10:16,3,81.00,Cash,Completed
b49a7ed0-d6bf-4d9e-a2b6-56471b4e3f49,49af098b-bf79-4643-8e49-739ea932d38b,2025-08-21T10:16,6,151.80,Cash,Completed
31d450b5-58ec-420c-9b22-967ec566a99e,0fcf4084-ea31-49f8-99f9-9bf8c8b0c16b,2025-02-24T10:16,5,80.65,Online,Completed
b6959504-deee-4129-872e-b33c37fccabb,4f6ae324-5b6d-47d6-a86d-26ec6fbe1e0e,2025-05-05T10:16,7,51.66,Cash,Cancelled
fa795cb7-fce7-4816-91a3-260ecb75d9b2,1a48aa9a-def3-481d-922a-94300aa97309,2024-11-09T10:16,4,112.80,Card,Pending
18fdecbd-418e-4201-b808-d9eac3ca2d52,941529ef-2114-4bff-907a-4596ff4593a1,2024-10-31T10:16,7,104.65,Online,Cancelled
7cdd2606-2c92-4f27-ab15-3ddcdd68d756,49af098b-bf79-4643-8e49-739ea932d38b,2025-07-26T10:16,5,39.30,Cash,Pending
87055966-9cdc-44aa-902c-b1217313a865,8f7f530b-bb30-4a05-b437-744ed30af54f,2025-04-06T10:16,5,103.95,Card,Pending
a8709014-672a-4a3b-abc4-bc6fa709819e,09ba4183-1b94-4f8c-bc5f-eca421a88524,2024-08-03T10:16,5,48.15,Cash,Pending
66d32c35-b6f3-449e-8240-15d1ff109a64,0a5a9fc7-e126-48f0-99aa-dea85c606f66,2023-12-14T10:16,2,41.70,Online,Cancelled
9359ea07-5a1f-463f-ad49-081ccb42283d,4739f27f-7a96-4d52-83ae-0c6fd4c8c606,2025-03-10T10:16,7,48.72,Online,Pending
6825600c-1384-48d0-8471-13c0aac1a595,36b880b0-e9bd-4c0b-8f1c-32018f6c758a,2025-07-13T10:16,1,9.83,Cash,Cancelled
b48efe35-1083-4928-aff1-8b93bd934f37,dcfb3d05-846d-4915-99f3-ebbc7559d972,2024-12-30T10:16,5,57.40,Online,Pending
81fca80c-f8fa-47be-999a-c4a6b38d4b4b,795088d7-d227-422e-ad8c-f048bde0675e,2024-07-27T10:16,5,48.90,Card,Pending
4b8d4f31-6dab-48ce-92a0-88c65b5d35f7,6e551d53-4f6d-4b84-a9de-3d7c79694805,2024-09-25T10:16,7,58.38,Online,Pending
699f6186-0251-41fd-9361-acf74a1d9ed3,ec3490d2-e8da-47ee-ae12-0ca0b1d7a2bb,2025-03-24T10:16,5,131.90,Card,Cancelled
ed0a85bb-69bb-4a33-a555-4ca85152985a,d5cfb1a3-ce2f-4aff-ab4c-50e0c5426af1,2025-10-19T10:16,6,177.72,Online,Cancelled
75fe3edf-07f1-4801-999b-0b396b0b6ca8,d87f31d7-79ef-4c17-856e-142e791b04da,2024-09-26T10:16,3,31.44,Online,Cancelled
86281641-4269-406e-84ea-4d7b5c3d2605,0472ca7f-b133-4710-8f43-24a3c6c1afd1,2024-08-23T10:16,5,42.55,Online,Cancelled
649e5f93-8df5-451a-aa1b-5a82450c780e,b3688304-b24b-416a-9bf4-c2b6aaeb59d3,2024-01-25T10:16,8,224.56,Cash,Pending
6cdabfd4-662b-47c1-8906-f727a67b5521,9fa382f0-8393-48db-ad30-43c953282401,2024-06-09T10:16,6,139.26,Card,Cancelled
d8626f86-781e-4884-b3fc-8d33eb393632,59827b2a-ae17-44b1-bd6f-6f08718559cb,2025-03-27T10:16,9,252.18,Cash,Completed
84e330ca-6885-4df1-9d6a-6588a5beb621,2c6dafc9-06cc-4b3d-8b8d-12aae0644c58,2025-04-27T10:16,9,154.17,Card,Cancelled
eabc3715-4abc-4551-9bf6-54168b940c8e,5d6f84a5-a4de-442e-99b9-b8ef714b4436,2024-06-18T10:16,3,43.89,Cash,Completed
2de20d74-e3dc-4598-8c9e-25a64ad9b6d5,cf65c4b6-4c1c-420b-95de-23e5b56ffad5,2024-07-10T10:16,6,127.14,Card,Completed
32d2ebcb-7a80-4eeb-8a3b-8129255f5513,74e76582-f1b8-4560-b049-8aebb59d4721,2025-01-11T10:16,6,44.70,Card,Cancelled
db29e7ef-e579-4ce9-a982-4c24d66f33d7,1a48aa9a-def3-481d-922a-94300aa97309,2024-06-27T10:16,8,168.40,Card,Cancelled
bde5980e-a146-44ff-a5d0-d79c8f507506,824998a2-7592-4051-ab0b-d5e12743c93b,2025-10-29T10:16,3,20.16,Online,Completed
b9a66efc-bfeb-4e1b-b4ff-6e1c221247dd,485b65e7-fdf4-474d-afba-37986d8d3cd8,2024-01-10T10:16,6,159.90,Cash,Pending
0dcff98c-864b-424d-b120-77219afeaea6,3dcaabe3-78c9-4d88-bed5-56ca7ceea07c,2024-10-20T10:16,4,23.16,Cash,Cancelled
1abaaac7-ace5-4ae4-9c89-bd34e1d6ac25,515fe1d2-d33a-4b9d-8c19-07e0cbe81a9a,2024-12-07T10:16,5,127.10,Online,Completed
faeaeb08-9424-42c8-b96a-70c8dc38a88b,e7991221-0de0-4ef8-aa9c-ca3b59197059,2025-05-12T10:16,6,104.88,Cash,Cancelled
36c9f579-896a-44d8-b492-b75668833614,b04ce307-2d1f-4214-b023-d8f4379041a1,2024-03-28T10:16,5,87.20,Cash,Cancelled
ac86293d-a3e0-4ea7-a15d-4ae1f2b7af45,ff4db0d8-e809-46e8-9ae0-78ffee4902d9,2024-07-27T10:16,9,140.13,Card,Cancelled
f1aecdb3-46d3-4dd1-82bd-f9f5ab40fdc9,dcfb3d05-846d-4915-99f3-ebbc7559d972,2025-05-28T10:16,3,68.82,Cash,Pending
1d8be47a-5106-41f4-a6ab-05d5fa2fcb65,e38afcd9-9e08-47ba-bc92-5ebb4bc271eb,2023-11-24T10:16,3,20.88,Online,Cancelled
5fcfe73b-9da3-4f23-8517-001216b320d9,8f7f530b-bb30-4a05-b437-744ed30af54f,2024-04-05T10:16,7,175.28,Cash,Cancelled
5652f8a7-2c41-4223-8df7-c4b410552c1c,bb6bf39c-f455-4e08-a59e-1bdaaa91d4aa,2024-06-29T10:16,6,80.10,Card,Pending
b13c7bf5-1909-4cae-a317-02dbe6a14c30,935ebde1-5945-4673-886e-1a7a12cc2d4e,2024-04-16T10:16,4,58.40,Online,Pending
89c857cf-de01-4a94-939e-828c10bea50e,3dcaabe3-78c9-4d88-bed5-56ca7ceea07c,2024-01-16T10:16,8,114.24,Cash,Cancelled
6eb77e33-c75e-4287-af85-e6d62947429d,36b880b0-e9bd-4c0b-8f1c-32018f6c758a,2024-11-09T10:16,7,169.26,Online,Completed
6b30ba6a-4784-4cb5-b031-37974ab4180c,3dcaabe3-78c9-4d88-bed5-56ca7ceea07c,2024-04-01T10:16,7,141.19,Card,Completed
3decc6d1-4b99-4cec-8e7f-863c67bbe404,06e585f0-5b60-4900-81d1-3379328e6c17,2025-08-14T10:16,5,41.25,Card,Cancelled
6a07b27a-88e1-4d39-8aee-025f42321a6d,6bd388d4-5636-450b-bacd-55bdcb769bab,2024-04-05T10:16,2,56.16,Online,Completed
b466efa6-278a-4035-847d-6068498a1537,ba5d9947-b043-4aca-8ee0-6b77895cf8e8,2024-01-01T10:16,5,142.20,Online,Completed
8185cdd3-7dab-45e0-ba23-d568a0b62229,b3688304-b24b-416a-9bf4-c2b6aaeb59d3,2025-04-23T10:16,6,149.76,Cash,Completed
66fc1734-8ad4-4242-afeb-74a0158f4679,9c53f3f8-5b22-4d77-bd76-cfa6c70e443c,2025-06-14T10:16,6,174.66,Card,Completed
2676e323-1aff-4071-9e53-f9ff7251932f,f543de06-e341-4de2-95ab-ca0fd3ee51fe,2024-11-03T10:16,5,103.70,Online,Completed
2f5025f2-ad5a-47e8-bfcc-e0667bd115c9,6c3bf618-a715-40f9-9faa-cfc5f5beef2f,2024-12-19T10:16,8,176.56,Online,Cancelled
d6de159d-b39b-444a-ae62-50fb67c31068,b04ce307-2d1f-4214-b023-d8f4379041a1,2024-04-18T10:16,5,51.60,Card,Pending
dc69a32b-253b-47e4-844a-53331fe336e7,23650eb4-f98d-45a3-a90b-a378f03d469d,2025-09-17T10:16,4,31.68,Card,Cancelled
0544ec59-2ffc-4566-b20b-36ca7d08f0ba,05ccd8a5-ea5f-4353-bd1e-3022152b0685,2025-10-19T10:16,3,72.45,Cash,Cancelled
bf4536df-4210-46e0-8561-0d4f0937936b,ef7fad1f-a86f-4ee1-95b4-ce1f339f0fa5,2024-06-06T10:16,8,212.88,Online,Completed
4c7f6f62-be60-4576-bd9d-9d8ae4eabfdd,2ca088cd-c6c6-4e60-a1a4-d2990ee21b12,2025-10-22T10:16,1,24.44,Card,Completed
d5cee4c7-ab7a-4a25-abf4-7a2b4a8f6478,53db1213-7316-47bb-9099-c1def0e3c96b,2025-02-01T10:16,7,85.68,Online,Cancelled
c35bccd4-c1b0-4e20-8cb4-f081f2b32b7b,e38afcd9-9e08-47ba-bc92-5ebb4bc271eb,2025-04-15T10:16,1,8.16,Cash,Pending
19d43380-f495-44e2-8133-fd9f6369a2b0,953417c6-cd52-45e9-9ca0-bb450653c934,2023-11-23T10:16,3,42.84,Card,Completed
5a17cc8d-5669-47e4-b6ed-4e5ae9708e19,6c6a3b10-9747-4dca-a041-4edc22d147b0,2024-10-30T10:16,1,23.46,Online,Pending
cd215e66-27cc-47be-a226-dd29ca17a813,caca465c-e9f2-4add-91b5-24c70595e321,2024-08-02T10:16,9,71.55,Card,Pending
bb996cdf-f53e-4c09-8580-3f93af95d6a3,cd50913f-8c99-4253-9134-0cf5fe5f300f,2025-11-09T10:16,1,18.84,Online,Completed
3e32ae0b-2bdb-4ce0-b7a9-a179a6b00d0f,c1a09d60-c9e8-4489-a68e-e01b51541d33,2025-04-28T10:16,7,99.19,Cash,Completed
31a49af1-260a-4d9e-878f-a799935bf909,c63bd277-c81c-40c5-8720-6ce916d653c4,2025-04-21T10:16,5,30.85,Online,Pending
066097c5-7d4d-43a2-ad4f-0f88706db186,6117b6f0-c4f4-4bf1-9eeb-f33950decba8,2025-09-18T10:16,4,85.36,Card,Pending
a0218357-f838-4c02-8c00-a02abdbd613c,5f6e51da-5f01-4c9a-85dd-7d50ef37e5d7,2025-05-01T10:16,8,132.08,Cash,Pending
8b0da8cc-4a4a-4ae7-83cb-a322c23f4051,f3826f04-0dfa-4266-8002-58fede0093f5,2025-01-09T10:16,3,81.03,Online,Completed
322b2cd2-19f7-4e0f-8a81-195bd647ae83,6e551d53-4f6d-4b84-a9de-3d7c79694805,2024-02-05T10:16,2,50.36,Card,Cancelled
e1147095-a39f-4f8c-946f-f0682cf656d7,824998a2-7592-4051-ab0b-d5e12743c93b,2025-02-02T10:16,2,58.50,Card,Completed
edd1baf6-6684-499d-b673-0294e2194b5f,6c3bf618-a715-40f9-9faa-cfc5f5beef2f,2025-11-01T10:16,1,21.72,Cash,Completed
0fc47209-e1d6-4c4c-8590-2f0399dc631f,8887df7e-682b-4d48-b18c-c1ddfa0aaa26,2024-04-16T10:16,4,37.28,Card,Cancelled
0e1b3dfe-685c-49e5-b2b8-b11231f24c1a,6945f6f4-b8f9-4d04-90ff-e59ed705578e,2025-02-20T10:16,2,48.88,Cash,Pending
42941c1e-44aa-49e4-baf4-d9a945c676bc,67c276b0-7be6-4f3c-bf86-c342095c8112,2024-11-07T10:16,2,43.86,Cash,Cancelled
a593a999-b367-4e34-b6fc-0cf54dd34ad8,69446e90-4237-4410-ab55-e011eb04cce0,2025-06-22T10:16,6,73.08,Cash,Cancelled
2d645ddc-bee5-46f4-b454-5c83c51a341e,103fcba5-5588-45a5-9fe0-6ac948d3860e,2024-05-20T10:16,9,232.38,Cash,Pending
e01ae5b6-6b3f-4523-8e94-08045cd3b8b6,5f6e51da-5f01-4c9a-85dd-7d50ef37e5d7,2024-08-23T10:16,1,7.70,Cash,Cancelled
fcac7b75-42f1-42bb-b78e-d8b665163c6d,60cd80b6-3967-4dae-b4df-adc7b5644971,2024-11-11T10:16,9,56.52,Online,Completed
b00c05d2-a6c9-4b14-adaf-0bbbba6400be,49af098b-bf79-4643-8e49-739ea932d38b,2024-05-17T10:16,6,31.50,Online,Cancelled
368a62d3-d372-47e3-929c-9354ec7ac6a9,3910ab11-8758-4a4f-8a9b-c4f5df7413c4,2024-06-05T10:16,1,29.40,Cash,Completed
3a9b37e4-e7fc-4afc-a479-3ace6db76d0b,06e585f0-5b60-4900-81d1-3379328e6c17,2024-12-29T10:16,1,23.92,Cash,Completed
0124031b-f5fc-42e3-b44c-e82c68da0adb,09ba4183-1b94-4f8c-bc5f-eca421a88524,2024-04-23T10:16,7,196.35,Cash,Pending
ea824dbe-612f-4f2b-a8b1-da6f8b1dc3e4,205ea7f7-e714-45b8-a083-11247ff702a1,2024-06-09T10:16,1,21.45,Online,Completed
e8eca107-f01d-405b-bf9b-acfdc3a001df,6c3bf618-a715-40f9-9faa-cfc5f5beef2f,2024-11-13T10:16,4,23.88,Online,Pending
8e7567f6-9bd1-4493-b17e-312b3163f9ec,058b9c75-b72f-4594-80d2-e41194ff7672,2025-07-27T10:16,3,31.08,Card,Pending
41298fbd-8ef4-4eb8-a9bb-12bd095e98c6,dcfb3d05-846d-4915-99f3-ebbc7559d972,2025-07-10T10:16,8,159.76,Cash,Pending
9370696d-f8ff-4ed3-a40c-ada1b41fa31f,cf65c4b6-4c1c-420b-95de-23e5b56ffad5,2024-11-23T10:16,3,37.11,Cash,Completed
ade0a637-29a5-4698-8b33-44dc3a4e4d18,a190f67b-21df-46bc-8164-46bdfa00af85,2024-10-08T10:16,7,78.47,Card,Completed
e781373c-4bc8-430e-83c2-c94740253621,103fcba5-5588-45a5-9fe0-6ac948d3860e,2024-07-06T10:16,6,150.12,Cash,Completed
e4590c37-d1ce-4d7a-af5f-120d074fec79,59827b2a-ae17-44b1-bd6f-6f08718559cb,2024-11-01T10:16,1,6.71,Online,Pending
77696ec9-3f17-49f5-893f-ea2ed425d290,92da274a-bea2-490a-bb52-196c46fa8487,2025-10-09T10:16,8,153.20,Online,Completed
8744cbcc-00d2-4620-b3de-aa200ca7c143,d6d4ef4b-0870-48aa-b884-013237f255f4,2024-07-30T10:16,3,74.76,Card,Cancelled
c06bc653-f329-4265-9d76-409464a8154e,caad7924-4bc5-4f85-9662-11ca261e3c87,2024-01-25T10:16,4,39.12,Online,Completed
1f0add84-e99b-4b4d-9bd4-6a8be4932a40,d6d4ef4b-0870-48aa-b884-013237f255f4,2024-04-10T10:16,1,5.16,Card,Completed
c6c22632-cc44-4575-ad9d-af3d008bacd0,b3688304-b24b-416a-9bf4-c2b6aaeb59d3,2025-10-30T10:16,5,34.30,Cash,Cancelled
019fe2fd-2bf8-4f0e-8967-01a260916aec,39cb44e2-a541-4b98-bc0b-db5f31cf8710,2024-02-25T10:16,9,143.01,Online,Pending
d00752d2-7b95-47b4-b36f-62d8e338589a,8f7f530b-bb30-4a05-b437-744ed30af54f,2025-07-19T10:16,9,149.31,Card,Pending
56dd0faf-0115-410c-a748-184a520e599f,8b115a34-224b-453c-be69-b53a7445b466,2025-05-01T10:16,5,121.05,Card,Cancelled
4e614a9b-60a5-4848-aaa7-01a8fd3db77e,0d463f72-c3a1-4a2b-8d0d-1721a0d1a06b,2024-09-03T10:16,2,36.08,Cash,Completed
50364e10-0525-4104-889a-1387fad82d68,c9dcc28a-ae5f-477c-ae7e-72d94129f449,2025-09-25T10:16,6,120.96,Cash,Pending
33dd5515-a43e-4a5b-89ee-74fcdd08eb10,3ab3404a-ee80-4ed2-8d90-a6f0dad14e48,2024-01-12T10:16,2,41.28,Cash,Completed
4b3eb847-1c99-40bd-bf94-2256e00f3911,53db1213-7316-47bb-9099-c1def0e3c96b,2025-05-08T10:16,1,13.32,Online,Pending
efe6cf49-397f-42c9-992a-cbc615c4e5dd,49af098b-bf79-4643-8e49-739ea932d38b,2024-04-30T10:16,1,25.03,Cash,Completed
7676524f-5f2e-448f-aef2-56488be301d8,d3f641e5-b8b5-4f5f-9155-7768df2033e8,2025-10-31T10:16,7,85.89,Card,Cancelled
054e5e30-1105-4915-a1a6-41fd9db60693,c5817fdc-a4dc-4879-b957-30cfda62016b,2025-08-26T10:16,9,205.11,Online,Cancelled
dfa5fad9-cb43-40c7-a1f6-9e10a60cc7a7,aff4340c-d102-49ba-af8e-84d2737ce82c,2025-09-30T10:16,4,118.24,Card,Completed
0f533a20-56a0-4ec1-bece-a0c409051d4d,b047b369-02d0-4f25-9af0-f1e883228863,2024-12-30T10:16,7,97.44,Online,Completed
867de8a3-1b1b-45d3-8006-6209ddc26b11,e6e1db85-f8ba-4264-9c9a-520ecda4bc4c,2024-09-04T10:16,7,142.66,Online,Completed
abcdfcab-189b-444c-9ea5-38d122f98012,6bd388d4-5636-450b-bacd-55bdcb769bab,2024-02-11T10:16,6,93.78,Cash,Cancelled
d0b9f811-f72e-4853-bd9c-ab98617d68d4,0fcf4084-ea31-49f8-99f9-9bf8c8b0c16b,2024-02-23T10:16,4,72.00,Card,Completed
3f4b324d-1735-41d3-896b-ab55297787c7,b04ce307-2d1f-4214-b023-d8f4379041a1,2025-03-26T10:16,6,93.00,Card,Completed
3ff8a7ec-4e71-4026-b7a9-9ba3e5ea14aa,5d6f84a5-a4de-442e-99b9-b8ef714b4436,2025-09-14T10:16,6,86.16,Card,Completed
ddb3c881-f189-4f51-bdcb-9173c6c0bb4a,90f0db1e-2b19-43f7-ba17-233c7c214eca,2024-01-06T10:16,5,64.60,Card,Completed
d09056fa-8610-4e03-95a2-a3a741982251,d87f31d7-79ef-4c17-856e-142e791b04da,2024-12-16T10:16,7,159.18,Card,Pending
3de98ddc-c6b3-42a9-befd-067713c90b6b,365c90d0-a590-4209-9401-2ce55af5ed98,2024-11-14T10:16,6,108.90,Cash,Pending
c23d835b-0fe2-4f1e-993a-055f8c3327f8,caca465c-e9f2-4add-91b5-24c70595e321,2024-07-20T10:16,1,12.34,Card,Cancelled
03ec2094-38cd-4b08-ac04-112fc662bed2,a302a1a8-c429-406f-abff-9f273aa0a4b5,2024-07-12T10:16,6,89.64,Card,Completed
54bea713-8e44-4258-bf9e-6077d1624d6f,6c3bf618-a715-40f9-9faa-cfc5f5beef2f,2024-10-01T10:16,6,172.26,Cash,Cancelled
b32ce117-6af3-4530-9cb5-735e7df8a590,e12c3d24-86c8-474f-b86b-370df36adbfe,2025-07-27T10:16,8,91.84,Cash,Cancelled
f98fb523-de77-4e90-8f99-a8ad8d6fe65d,6f61ca8e-51a1-48e0-abfa-88326e713e34,2025-08-26T10:16,1,7.38,Card,Pending
d6a05861-0f17-49d1-8e6d-846108e21906,a3f626b9-cc27-4c04-8570-be79ab8bda4a,2025-03-03T10:16,1,11.08,Online,Cancelled
7fe4d37a-d1f7-4428-bdfc-5e1687861baa,36b880b0-e9bd-4c0b-8f1c-32018f6c758a,2025-03-08T10:16,8,120.00,Online,Pending
ff407199-1cf3-48b5-8e55-7218ed84a20c,0df3bae1-6384-4856-aa27-aef9f6c48b75,2025-04-23T10:16,4,20.40,Cash,Completed
dc232139-1a33-4d8f-a9e7-91f54c8224eb,515fe1d2-d33a-4b9d-8c19-07e0cbe81a9a,2024-12-16T10:16,3,62.07,Card,Pending
76e70662-5902-4eaa-997b-5557d4ef971a,7509850a-5062-4da9-aad6-bc5b9e363ef1,2024-03-20T10:16,2,23.64,Cash,Pending
8dd9cd87-c111-4144-8c4e-10e155f1f5ab,4e44f26d-5455-405b-8fdb-63ab8b739ecf,2024-05-27T10:16,9,246.06,Cash,Completed
92d169b6-864a-46c1-aa4c-10571ff0e7c9,401a6911-a31e-4892-adc1-56e3e1eb090a,2025-06-04T10:16,8,147.52,Cash,Cancelled
3e28bf60-3fc1-4fc4-9226-c135a1420343,a3f626b9-cc27-4c04-8570-be79ab8bda4a,2024-10-18T10:16,1,8.09,Cash,Pending
cbd2f890-54f7-420d-8832-3e4f54ed80ba,6c3bf618-a715-40f9-9faa-cfc5f5beef2f,2024-09-24T10:16,1,12.68,Card,Completed
fb0cc377-87a5-4fc2-b564-3d50be218685,fbe227d7-6d32-4407-9783-7fdac983e55f,2024-01-22T10:16,2,15.78,Online,Completed
321332a3-f7a3-4c5f-971b-7a870474729e,59827b2a-ae17-44b1-bd6f-6f08718559cb,2024-06-29T10:16,3,43.53,Cash,Cancelled
93f688db-5803-456e-a45d-f1ae4a5e0d37,6e551d53-4f6d-4b84-a9de-3d7c79694805,2024-01-30T10:16,9,150.66,Online,Pending
77220981-556d-4eba-a805-1fbb9c6dabcb,bb9edfa8-17f7-4f6f-8e3b-616693a298b1,2025-08-09T10:16,2,31.50,Cash,Cancelled
5691777e-b676-4c25-8dae-ff1d635cc5f3,59827b2a-ae17-44b1-bd6f-6f08718559cb,2025-01-30T10:16,9,104.76,Online,Pending
f609b0da-10e0-4001-b60b-65dd762222a7,000f9c8f-2fc7-4346-844d-c04f10751265,2025-02-23T10:16,3,58.35,Cash,Cancelled
c6fe6d87-305e-4e61-a36d-46fefebd2ba3,c9dcc28a-ae5f-477c-ae7e-72d94129f449,2024-02-02T10:16,4,75.04,Online,Cancelled
9924bc46-9f67-4ffe-b5ce-de11f7c7240e,f3826f04-0dfa-4266-8002-58fede0093f5,2025-05-03T10:16,1,26.45,Online,Completed
483c3c6f-9ed7-411d-bc70-8feba461de4e,ba5d9947-b043-4aca-8ee0-6b77895cf8e8,2025-10-25T10:16,9,178.38,Cash,Pending
c07db0b6-8bd1-48a2-8a7b-bb27d51e845d,983d66ae-c8b0-46b8-8abc-26a1055cf729,2024-11-06T10:16,5,25.75,Cash,Cancelled
fe86e937-8440-4b84-ae6a-0df09875b5eb,caca465c-e9f2-4add-91b5-24c70595e321,2023-12-28T10:16,9,197.10,Cash,Pending
089defc8-cd03-43e8-b038-8ef6743454e3,02c65c06-56ad-4670-b8e2-10ab417c7154,2025-08-14T10:16,4,38.16,Cash,Completed
ec5ab393-256f-46ff-aae7-9abe84fe2843,05ccd8a5-ea5f-4353-bd1e-3022152b0685,2025-10-08T10:16,1,21.38,Online,Cancelled
e59d5e3a-37cd-4c84-9b14-f6843a7a7cb6,b014b56e-3263-4b63-8430-46e00bc5ea77,2024-05-20T10:16,3,72.75,Cash,Pending
91b1eb98-fbca-40cc-9bc2-996f88551a7b,93cdeef1-3fc3-4a63-a275-0ae87ae6b335,2025-08-25T10:16,2,50.02,Card,Cancelled
a7538c4d-a6d4-4932-a707-dc1d13ddd297,b95f7619-fab2-4df9-8683-1f2aeb93a660,2024-02-12T10:16,2,18.34,Card,Pending
0ce72cbf-be0b-4105-8f98-b28d2ec69c12,0fcf4084-ea31-49f8-99f9-9bf8c8b0c16b,2025-05-18T10:16,5,125.80,Online,Cancelled
68541ed4-9f96-42e9-8190-2e774ee7a84f,c0d74d86-5c5b-481d-b8e3-61eeb9c77255,2025-07-04T10:16,5,26.40,Card,Completed
32fa9fbf-6ee1-40e3-99a3-10500b2b4cc5,ada8704c-2784-4d70-84da-10078407d2c8,2024-02-21T10:16,2,20.04,Cash,Pending
393f510f-3f36-49f0-bdb1-47f8e6b1b066,7d2df59f-386d-4aec-85a8-2443262a0cb4,2024-05-20T10:16,8,40.56,Card,Completed
7cd9fa30-1b93-4a94-80a9-64a24d7a60b5,f067e21d-d1d4-4e87-9cae-9753f5f9ccb6,2025-03-27T10:16,9,88.92,Card,Completed
3ee4eb53-8782-4a0d-b13c-96ac723e917e,67c276b0-7be6-4f3c-bf86-c342095c8112,2024-12-22T10:16,8,149.68,Cash,Pending
d085a9c8-d3c9-42c5-96df-e1a94211d86a,8b546c63-5406-493d-bc69-cfb594b38267,2025-09-17T10:16,9,54.99,Cash,Completed
2364bb84-820b-4dcb-9fe7-504285e7c6e6,9fa382f0-8393-48db-ad30-43c953282401,2024-11-05T10:16,2,40.96,Cash,Cancelled
7855c428-fe26-45ea-8c09-7145d0a61402,d33bbfcd-a2ca-4e80-8a1c-65223f061e7e,2024-04-25T10:16,9,139.77,Card,Cancelled
adfdc646-f2eb-4539-8a7d-688291fc2490,3befa4dc-d961-4a3a-9410-d43d1bdaa335,2024-02-29T10:16,7,154.77,Online,Completed
bfa9c13d-fbb9-44f5-93a8-d201befe4996,0a5bd884-b432-4ce5-b14e-44b4aedd4c0f,2024-07-25T10:16,8,136.64,Card,Pending
05c8e31d-cf3a-44a5-971a-947819a06a02,c83bba2f-5229-4998-9566-1f3179b13e8a,2023-11-21T10:16,7,144.13,Cash,Completed
62e3ef90-f079-4849-a37f-2616c8a2cb6e,73a2b03c-2dca-486e-8ebc-c4d6bb68a8c6,2025-10-21T10:16,3,21.21,Online,Cancelled
72e8f2b6-ed2e-4374-836c-177d42cd2585,77ca464a-fe0d-4dcc-8f08-3eb2f7b64f76,2023-11-18T10:16,9,55.17,Online,Cancelled
45be11ea-428f-468c-8910-5862b204b832,ecf1ffb0-ac00-4968-87ea-8beef4ace55a,2024-02-17T10:16,8,175.28,Online,Completed
fc5f8758-64a2-4a2e-a2b8-a9b7a4be5f4e,f3826f04-0dfa-4266-8002-58fede0093f5,2023-12-05T10:16,2,43.96,Online,Cancelled
7894f6f1-91bb-4998-85ea-76a8d6ca3651,52c87fd9-fdf0-4256-b929-6153ad24a0ac,2024-04-21T10:16,9,189.72,Online,Cancelled
2e7e850b-5863-4a10-931d-d80a4266771b,caad7924-4bc5-4f85-9662-11ca261e3c87,2025-08-25T10:16,4,31.24,Card,Cancelled
412b0d8f-d6f6-4604-807d-5f9e8bc73851,ada8704c-2784-4d70-84da-10078407d2c8,2024-11-08T10:16,3,29.79,Card,Completed
50628f31-fc6e-498f-b35e-891755a28815,4f6ae324-5b6d-47d6-a86d-26ec6fbe1e0e,2025-02-15T10:16,9,129.33,Cash,Pending
5dbd6c82-a005-4639-9391-3b4155b6a25f,7c991f43-c18b-4404-8826-97691b0dc00c,2024-05-14T10:16,5,123.15,Online,Completed
e00b2d43-5b8d-46a6-af08-2dc16ad9e911,4739f27f-7a96-4d52-83ae-0c6fd4c8c606,2025-01-16T10:16,2,46.16,Cash,Cancelled
68c24b85-0b15-409b-b600-7842eada0aab,39cb44e2-a541-4b98-bc0b-db5f31cf8710,2024-04-08T10:16,5,68.10,Card,Pending
9d7578c3-149c-432d-8510-e34e0ebc4024,0a5a9fc7-e126-48f0-99aa-dea85c606f66,2025-04-22T10:16,2,57.08,Card,Pending
5a01e19e-9be1-41e9-9c27-cb070d8654ce,e7991221-0de0-4ef8-aa9c-ca3b59197059,2023-11-15T10:16,4,66.24,Online,Completed
b7245f76-a80f-46cd-a0ed-4d23a5e03af7,c5817fdc-a4dc-4879-b957-30cfda62016b,2025-01-28T10:16,4,29.28,Cash,Pending
4fbf2040-9494-4822-b280-b19b3d628a80,b04ce307-2d1f-4214-b023-d8f4379041a1,2025-09-13T10:16,2,49.66,Cash,Completed
0cbbc9a8-1d77-43df-96d5-9758a1db3aeb,c5817fdc-a4dc-4879-b957-30cfda62016b,2025-08-25T10:16,4,84.44,Online,Pending
79fef4b5-6e7b-4376-8b98-82944626f765,4e44f26d-5455-405b-8fdb-63ab8b739ecf,2024-09-19T10:16,7,204.26,Online,Pending
ea3cbede-734b-428d-a04a-6479710d83c3,bc58b12c-65c4-4f21-89ef-3e492a22ef7c,2024-11-20T10:16,1,8.62,Cash,Completed
587e4087-b9c6-4125-8a6b-367b2719ecf7,68169a66-a8d4-4763-914e-7befc826445b,2025-07-24T10:16,7,40.46,Card,Pending
1023217b-2adf-4711-9d62-c81eb78d9bc6,9b9edd1e-b4f7-414c-b8b5-a3dc51fa0a8c,2024-03-11T10:16,5,75.15,Online,Completed
13170dc3-e688-4d84-a6c4-6aa1c05b5322,a302a1a8-c429-406f-abff-9f273aa0a4b5,2024-07-27T10:16,2,14.60,Card,Pending
7a384675-de92-4fa1-84b0-ca4f188fd84c,11526850-7335-463f-b740-a52a90457c3b,2025-07-08T10:16,6,55.56,Online,Completed
d4ee2c19-8031-4e94-8722-5efdd33bcbe2,9fa382f0-8393-48db-ad30-43c953282401,2025-10-07T10:16,5,46.90,Online,Pending
e72b8ea4-ecdc-4a0d-a3f3-abb28ad38994,73a2b03c-2dca-486e-8ebc-c4d6bb68a8c6,2024-01-19T10:16,1,22.71,Online,Cancelled
2e531f4b-4d3e-4abd-9533-19b541c15c75,8f7f530b-bb30-4a05-b437-744ed30af54f,2024-06-25T10:16,7,44.17,Cash,Pending
cb06abd8-f621-4d74-a0e2-d9782def5435,aff4340c-d102-49ba-af8e-84d2737ce82c,2025-02-28T10:16,5,37.35,Card,Cancelled
6e7f2849-c9e7-453a-b384-8e5dfe90d118,b3688304-b24b-416a-9bf4-c2b6aaeb59d3,2025-02-10T10:16,3,74.10,Online,Cancelled
1c22ac6f-3725-4296-94a9-52584156b0ab,5400d214-6176-40bf-88d2-3f53ed38bf69,2025-09-15T10:16,5,68.20,Cash,Completed
0e125843-df8f-4dd3-9eb4-010eb32e88f4,e85d0261-2d97-4475-a749-363ec9040a74,2025-08-28T10:16,8,153.76,Card,Completed
6072f4c7-4643-49a7-8b5d-85ba9765b419,6e6d2c67-f7fb-4a98-8f9a-4822259b25c4,2024-05-05T10:16,9,89.82,Online,Cancelled
72c46705-7c5a-49f1-a914-620cc09c3816,7a18d550-38d0-40b2-84a7-547162e7e409,2024-01-23T10:16,2,30.00,Cash,Cancelled
62663ad6-efd8-4efa-9e26-eb89ba6afe9d,99c406e7-092b-4eeb-bc08-56fc041c253d,2024-08-27T10:16,9,182.88,Card,Completed
80ec6e62-0a7b-4829-a788-42601e9c7f76,3befa4dc-d961-4a3a-9410-d43d1bdaa335,2024-03-04T10:16,6,33.78,Card,Cancelled
d476ac48-ab35-4a9b-9121-9e3ac698a6c5,65b2c0ea-6192-47fc-9286-2c1dd3ecefb1,2025-03-06T10:16,5,100.50,Online,Completed
646b220a-d486-42f0-bdd8-4b5a87bdb18d,8f7f530b-bb30-4a05-b437-744ed30af54f,2024-02-27T10:16,1,28.49,Cash,Completed
00d1a78f-e914-4540-95a0-998678c9fb7e,1a31c678-d420-495a-aff3-0f1609514e1e,2025-04-23T10:16,5,30.15,Card,Cancelled
3ff9898a-edc7-4795-9585-ee517f16dffd,68169a66-a8d4-4763-914e-7befc826445b,2024-04-15T10:16,1,29.77,Card,Cancelled
ed9726e9-49b1-4c22-be5e-aea8d4053159,ada8704c-2784-4d70-84da-10078407d2c8,2025-01-01T10:16,7,55.72,Online,Completed
f404d494-931f-41eb-9186-95d58cdccbb5,74e76582-f1b8-4560-b049-8aebb59d4721,2024-07-07T10:16,2,30.06,Cash,Cancelled
5707cd24-0ec1-4145-ac6c-597b507b96b9,209e786b-2a61-4e52-a3b2-1cc98bcbf18c,2024-08-16T10:16,3,24.18,Online,Completed
31fd4330-dfe7-4454-b2ac-2ccea5542ac0,058b9c75-b72f-4594-80d2-e41194ff7672,2025-08-22T10:16,2,42.34,Card,Cancelled
7e2c4c19-f58a-4042-b491-19c05c22be2f,71f17b36-2c37-4cfa-bf8a-894fa94c0e9b,2025-09-02T10:16,6,152.16,Cash,Pending
6e985b50-cca5-4df3-aaa7-a993b19d18d6,0d463f72-c3a1-4a2b-8d0d-1721a0d1a06b,2025-08-31T10:16,6,156.24,Cash,Pending
b29a1faa-07ee-46e8-9443-f95ebd05fdb2,3910ab11-8758-4a4f-8a9b-c4f5df7413c4,2025-04-16T10:16,3,58.77,Cash,Completed
a7646ac4-99ba-4488-9cd1-55b6e8ddab3e,a938df5f-7764-459c-8bfd-90409d16b3c6,2024-06-04T10:16,8,182.16,Online,Pending
fcc2bf72-51b9-40ef-b022-1c2ecfdef24d,52c87fd9-fdf0-4256-b929-6153ad24a0ac,2024-03-14T10:16,4,80.92,Cash,Cancelled
627819bb-d387-4c14-af44-4306360c3f96,3e97fc93-73a7-45e0-9888-f7a03ee258a7,2024-06-03T10:16,6,98.52,Card,Completed
22abf616-552a-4df2-bb7c-534098046c25,bf0de251-90d7-423c-8b31-48df1a89964f,2025-03-19T10:16,6,44.52,Online,Cancelled
8fb3d83b-8e6e-4e7f-b8e6-2c84ecb217b5,5400d214-6176-40bf-88d2-3f53ed38bf69,2024-06-14T10:16,2,41.92,Online,Pending
adbb8c2c-4a02-4253-ab2c-58d6a8bd9bc0,2c6dafc9-06cc-4b3d-8b8d-12aae0644c58,2024-10-12T10:16,9,174.33,Card,Completed
0238f6c8-1c36-4a0b-8fe1-6cdfa15defaa,6b1178fc-1745-401d-88da-3903c243ebe9,2023-11-19T10:16,5,111.85,Card,Pending
4a01f6f1-3394-4420-94b4-c280452aa3b5,485b65e7-fdf4-474d-afba-37986d8d3cd8,2025-06-01T10:16,5,148.80,Card,Cancelled
10fa7768-4d71-4cd2-a81b-1c6c58ab6111,62a2bfef-ca4a-4dec-90ea-bf15ea1880d2,2024-03-21T10:16,5,149.80,Online,Completed
1c475502-174b-48c7-9bf9-fad79ad2cbab,5400d214-6176-40bf-88d2-3f53ed38bf69,2024-09-14T10:16,2,10.88,Cash,Pending
f1a89a97-cc43-449b-ad25-de402803d658,5400d214-6176-40bf-88d2-3f53ed38bf69,2025-01-30T10:16,9,141.03,Card,Cancelled
011a4f46-8826-4ca5-8cd8-9cac78f549c3,c1a09d60-c9e8-4489-a68e-e01b51541d33,2024-07-28T10:16,4,114.12,Card,Cancelled
05fdd5c4-39b4-4433-a0e3-ead339b009d1,3dcaabe3-78c9-4d88-bed5-56ca7ceea07c,2025-09-07T10:16,3,63.06,Card,Completed
8e4e6201-5d8e-4b6c-a0e9-e19a4450a46a,c63bd277-c81c-40c5-8720-6ce916d653c4,2025-06-26T10:16,4,53.04,Cash,Pending
a09bdf65-a2a0-4b02-85e0-3b3a758ad2f0,53db1213-7316-47bb-9099-c1def0e3c96b,2024-04-11T10:16,8,114.48,Card,Cancelled
a9ecb8f3-b0f0-4265-975d-e58e0bdeeb84,27e45431-1333-4ffd-a0c8-be56ffdc5d4e,2025-03-20T10:16,8,192.16,Card,Completed
6ec6c5f5-85c5-4d78-8407-e8302a2ab435,7a2e5fa5-096b-4701-8ce6-7a3db39bf8eb,2024-07-03T10:16,5,52.35,Online,Pending
8a8ae875-0191-4935-bb2a-81c801d76b25,92da274a-bea2-490a-bb52-196c46fa8487,2025-01-26T10:16,7,99.33,Cash,Pending
b326c176-a4a5-40f2-b705-688853f5c38e,3e97fc93-73a7-45e0-9888-f7a03ee258a7,2025-09-15T10:16,5,112.60,Card,Completed
5899d3b8-553b-46a6-9799-a9f553cfcba1,5d6f84a5-a4de-442e-99b9-b8ef714b4436,2024-11-05T10:16,7,44.87,Cash,Cancelled
14e687e4-cf34-46e1-a671-76a2e105ce83,401a6911-a31e-4892-adc1-56e3e1eb090a,2025-02-13T10:16,3,77.07,Card,Completed
19adcd70-b4c1-44d8-83a7-3d1b34154c18,e6e1db85-f8ba-4264-9c9a-520ecda4bc4c,2024-08-31T10:16,3,33.66,Cash,Pending
c1226329-086f-4348-af1a-d06d7400ed95,8887df7e-682b-4d48-b18c-c1ddfa0aaa26,2025-06-18T10:16,6,151.92,Card,Cancelled
7ad8938f-9932-48a3-b3c1-fa088e70e71f,8250871a-2b35-424e-a1a1-4eb4faffabfb,2024-02-09T10:16,7,166.39,Online,Cancelled
42244dc2-5cf0-46f7-a6c5-750b27354b85,d6d4ef4b-0870-48aa-b884-013237f255f4,2025-05-15T10:16,1,16.53,Card,Completed
c13adeb2-8bb7-4c71-a6e2-65c8a6fc7a78,c46351bf-193f-49af-a5d6-456188837c3d,2025-03-31T10:16,9,139.14,Online,Pending
2873227b-30fd-41f9-80fa-c751fd6d2d64,7509850a-5062-4da9-aad6-bc5b9e363ef1,2024-07-15T10:16,7,82.95,Online,Pending
40139ba8-f41c-425a-88e6-05b30cf2193b,4b14a58c-f1e4-40b6-888d-a88cd7055099,2024-06-08T10:16,3,47.76,Card,Pending
0fc63171-22c2-4b95-9f26-5320aa7c08a4,000f9c8f-2fc7-4346-844d-c04f10751265,2024-10-19T10:16,3,88.86,Online,Completed
f642485b-704c-42d7-874f-486b5007ffb5,058b9c75-b72f-4594-80d2-e41194ff7672,2025-01-14T10:16,7,175.77,Online,Pending
2e08d195-43cf-49e7-a5fb-e25e6da53424,8887df7e-682b-4d48-b18c-c1ddfa0aaa26,2025-04-05T10:16,4,38.68,Online,Cancelled
6877e09f-ac8d-46a7-bf1a-64c6cf21b41b,49af098b-bf79-4643-8e49-739ea932d38b,2024-01-07T10:16,4,52.12,Card,Cancelled
e52afd50-46b2-4fd6-8638-ab0b3226cf46,c3ffc43c-0c11-40fa-9824-f234161741d0,2025-07-09T10:16,7,169.12,Card,Completed
9aa23ab2-7a6a-47cc-ba8e-4dc77f65cef3,f0a6a958-e434-41bf-a830-dffa55a34db5,2024-10-20T10:16,6,121.38,Cash,Completed
b336cea9-0f9e-4e20-8780-5c52265852ec,fdb5454e-2230-489e-ade4-9218ff28cbd8,2024-07-28T10:16,7,119.28,Card,Cancelled
875df321-a21f-4590-b340-482bb0489e21,4f6ae324-5b6d-47d6-a86d-26ec6fbe1e0e,2025-04-07T10:16,4,98.00,Online,Cancelled
20b0a4da-7c92-41ca-8122-1e6fde35e961,d5eaf6a7-76cc-48ec-98d9-ba713e2df70f,2024-11-07T10:16,5,104.70,Cash,Completed
5c79ae04-d210-45f3-8a0c-90d83afad988,dcfb3d05-846d-4915-99f3-ebbc7559d972,2025-04-21T10:16,5,109.50,Card,Pending
de3580e1-f014-4c4e-9409-3f1473b47a88,5400d214-6176-40bf-88d2-3f53ed38bf69,2025-08-03T10:16,7,177.94,Card,Completed
d535702f-0450-44e2-ab9e-fc5f792dd711,1233cc27-7567-48e0-8dd2-6b0019506c2f,2025-10-19T10:16,2,22.96,Online,Cancelled
c7bc917b-0e78-4f9e-a8b3-dc20b4263d40,d33bbfcd-a2ca-4e80-8a1c-65223f061e7e,2025-01-23T10:16,7,152.74,Online,Cancelled
40e58340-29f7-458e-bbe7-fb758768da58,6e6d2c67-f7fb-4a98-8f9a-4822259b25c4,2025-03-12T10:16,9,114.21,Card,Cancelled
e232b1b0-bc4a-4ef6-bf77-ac25d063698b,500fde18-ea61-4380-9ea4-f06d09985870,2025-03-23T10:16,7,137.97,Online,Completed
c736d28b-2adf-4a78-9a0c-ef38850530f9,3ab3404a-ee80-4ed2-8d90-a6f0dad14e48,2024-10-13T10:16,2,41.62,Card,Pending
59a5db12-d087-43c9-8c4b-b3746870c22e,7a18d550-38d0-40b2-84a7-547162e7e409,2024-12-16T10:16,5,77.70,Cash,Cancelled
7603eccf-e7c0-4f19-b4e6-5057a7d84a57,bb9edfa8-17f7-4f6f-8e3b-616693a298b1,2023-12-19T10:16,5,103.20,Cash,Pending
c0630862-122a-4a8a-9c9e-9cdc647a6d29,0d463f72-c3a1-4a2b-8d0d-1721a0d1a06b,2024-08-25T10:16,2,43.80,Card,Pending
a231b3d1-d880-49de-bf4b-fa4d63fb583c,63846b60-b7be-4087-ac6e-56c9bc130a20,2024-08-18T10:16,4,22.20,Card,Completed
afcf6068-42e8-4d53-9245-174dfa339be4,b04ce307-2d1f-4214-b023-d8f4379041a1,2025-02-13T10:16,4,91.44,Card,Completed
4dda7983-748d-4f52-907f-8bd330568f12,d87f31d7-79ef-4c17-856e-142e791b04da,2025-05-10T10:16,2,14.36,Card,Completed
fff5f9dc-a38e-46c8-9a71-b0279241313b,5f6e51da-5f01-4c9a-85dd-7d50ef37e5d7,2025-03-17T10:16,2,46.28,Card,Cancelled
b0e20730-77c2-4004-b13d-1f1442ba7df7,c3ffc43c-0c11-40fa-9824-f234161741d0,2023-12-08T10:16,3,34.02,Cash,Cancelled
a92b0acf-7c26-465d-b157-4e2832ef442a,c83bba2f-5229-4998-9566-1f3179b13e8a,2024-08-27T10:16,5,68.25,Cash,Completed
a74600da-6154-408e-b142-20cbabe34670,d3f641e5-b8b5-4f5f-9155-7768df2033e8,2024-06-08T10:16,2,13.58,Cash,Completed
a0478b5e-0b1e-4e58-9229-80f9366255ea,8b546c63-5406-493d-bc69-cfb594b38267,2024-04-13T10:16,8,91.44,Card,Completed
dcd10f13-0ac2-4452-a693-77b9a2951a0a,2c6dafc9-06cc-4b3d-8b8d-12aae0644c58,2024-10-30T10:16,6,82.68,Online,Pending
3e5ac585-4d65-4004-bc8e-8e12dcf9ada0,4bb2d776-14c0-4ef6-b8ba-c580cbed72b8,2024-01-17T10:16,3,71.85,Cash,Cancelled
f7901e85-74ad-47f4-af5a-7ff2bede4bc7,910b1d47-5c37-48b1-8bde-96c60660f1d7,2024-06-01T10:16,2,49.50,Card,Completed
ba01ca22-1a5e-41d1-8ee4-e1371c8539cd,9b9edd1e-b4f7-414c-b8b5-a3dc51fa0a8c,2025-05-25T10:16,8,143.44,Card,Cancelled
5f202000-624e-44e0-8f66-503cd8c5c6bd,bb6ceda0-3f7a-4dfa-9862-41a88dd468b2,2024-06-13T10:16,8,234.24,Online,Pending
3cafb1a5-72be-43df-8553-990533a326b4,02c65c06-56ad-4670-b8e2-10ab417c7154,2024-04-12T10:16,2,55.46,Card,Pending
eac9b0ea-5092-4a66-9867-519718164af6,6bd388d4-5636-450b-bacd-55bdcb769bab,2024-02-05T10:16,9,118.53,Cash,Cancelled
259b0094-8934-4210-86df-2c5093def154,9fa382f0-8393-48db-ad30-43c953282401,2024-04-18T10:16,1,20.79,Online,Completed
78c0bd7d-0aad-4f5b-8781-1b095b858cbc,6b1178fc-1745-401d-88da-3903c243ebe9,2025-06-13T10:16,9,103.59,Card,Cancelled
536456bb-f598-42f9-8584-7a49b6c8b7fe,7c991f43-c18b-4404-8826-97691b0dc00c,2024-03-30T10:16,7,150.22,Online,Cancelled
3162f7bf-99eb-43d9-8335-0a76a6988b3c,63846b60-b7be-4087-ac6e-56c9bc130a20,2024-03-04T10:16,6,158.94,Online,Pending
070e64a1-446a-4f64-b594-f3659bed02d7,209e786b-2a61-4e52-a3b2-1cc98bcbf18c,2024-09-03T10:16,3,32.31,Card,Pending
2f995658-bbc8-4639-9b3b-7296aa1585cb,a5ffc907-be77-43e6-8694-4a0bf09bd3fb,2025-03-09T10:16,5,137.05,Online,Completed
b859174c-3c3b-49b1-a061-6e35b21baab4,c1a09d60-c9e8-4489-a68e-e01b51541d33,2025-07-13T10:16,2,18.28,Online,Completed
19443efa-8887-40c5-af3f-c3feeeb62ccc,6e6d2c67-f7fb-4a98-8f9a-4822259b25c4,2025-05-01T10:16,7,200.83,Card,Cancelled
c2849394-1ea6-48a5-ab1e-118b3de0581c,0a5bd884-b432-4ce5-b14e-44b4aedd4c0f,2024-03-18T10:16,8,172.08,Online,Completed
b269187d-d964-4d0a-8118-dddfd3d195d6,f90cf3ca-e2d0-4129-bc7a-e8a2b80880da,2024-08-23T10:16,8,212.56,Card,Pending
e61f6499-34b6-4f13-83d5-809a03f56bc8,b6c26110-1b77-4777-8c79-c69ec19b66df,2025-08-07T10:16,9,194.76,Online,Completed
5a2e947f-195a-442b-bd11-ebdc85753665,89d26a00-0fde-4c03-8430-b06f6bc3f33a,2024-03-10T10:16,3,83.19,Online,Cancelled
02349e23-bc19-4882-9738-5136251cd71a,ec3490d2-e8da-47ee-ae12-0ca0b1d7a2bb,2025-05-03T10:16,2,26.22,Online,Completed
04af3b80-9f21-4280-b514-f004a7697a92,98b17fed-218c-4f20-8410-9f0edfc74455,2023-12-24T10:16,8,221.92,Online,Pending
572edde6-bff9-464c-b469-b5a074e6f214,e886c155-0dae-4b36-88f5-a86fa474d1f6,2024-02-13T10:16,5,129.10,Online,Pending
bb6d4f60-d9b4-44f8-8d61-9e076df1ed5a,8113211c-bdc3-4bb0-94d9-3fd3871f3005,2025-01-21T10:16,3,40.26,Card,Completed
88e87bb5-9994-4c90-9052-f5274ae75e37,6117b6f0-c4f4-4bf1-9eeb-f33950decba8,2025-02-27T10:16,2,38.16,Cash,Pending
f04600df-0946-45da-9190-dfa873eb6f98,103fcba5-5588-45a5-9fe0-6ac948d3860e,2024-12-01T10:16,8,117.04,Online,Cancelled
9330527a-ed3c-47dc-85a5-1bdcdb5fb5fe,0a15d43b-8f6b-444a-bef2-ffbddfdbd16f,2024-04-28T10:16,3,37.05,Card,Cancelled
79fca515-70ba-4dbd-968a-ea7ff53b105a,23650eb4-f98d-45a3-a90b-a378f03d469d,2024-09-24T10:16,9,192.69,Cash,Completed
16333938-989d-4593-a46b-576bddf9dbce,aff4340c-d102-49ba-af8e-84d2737ce82c,2024-02-27T10:16,5,140.35,Online,Pending
1bf76bf3-cb72-46e7-8652-c5758ab472ac,6aaabc79-3d35-410f-bb96-f86a3930d0ff,2024-12-22T10:16,7,181.72,Online,Completed
7bd2754d-c700-400d-bf08-0804b399a704,02c65c06-56ad-4670-b8e2-10ab417c7154,2024-06-14T10:16,7,97.93,Card,Completed
7a180129-9ee7-498e-aa5a-718b95ac6372,726d71e2-70fd-4416-8568-78619c14a73a,2025-03-10T10:16,2,43.16,Card,Completed
30286f48-7d88-4696-9607-047f76ae5e4e,92da274a-bea2-490a-bb52-196c46fa8487,2025-08-13T10:16,5,69.25,Card,Pending
fe43504b-f802-4926-9494-3ac2adc482a0,b04ce307-2d1f-4214-b023-d8f4379041a1,2024-03-27T10:16,5,39.35,Online,Cancelled
ac0e1750-7285-4d2a-82af-a047efd7d3b3,a938df5f-7764-459c-8bfd-90409d16b3c6,2024-02-18T10:16,5,149.35,Online,Pending
e56ad5a3-a875-4633-8c33-1e871ca86794,2c6dafc9-06cc-4b3d-8b8d-12aae0644c58,2024-04-24T10:16,3,34.41,Cash,Pending
31e280d2-5f76-4c75-a6d3-91114790859e,3910ab11-8758-4a4f-8a9b-c4f5df7413c4,2024-09-21T10:16,8,42.00,Cash,Pending
aafc0a26-0684-4962-a01d-62b75cab1f69,795088d7-d227-422e-ad8c-f048bde0675e,2025-02-12T10:16,6,141.72,Card,Cancelled
1963086e-5725-4ba4-b3d1-a9ab61be8fe1,25659c0e-6eb5-4c57-add8-fb6ac5f42699,2025-08-29T10:16,3,57.06,Card,Cancelled
aa21ca29-9f1b-4e98-9210-bde06add253b,0df3bae1-6384-4856-aa27-aef9f6c48b75,2024-09-09T10:16,4,48.60,Online,Pending
eaa1bfae-5c55-41cb-9546-3a8d83214360,e277d099-db2a-4aee-ab86-8b0e73a34383,2025-06-06T10:16,9,64.80,Card,Pending
a98d83c0-deee-45bf-af8e-6c10c4a68b90,63846b60-b7be-4087-ac6e-56c9bc130a20,2025-09-05T10:16,3,78.99,Cash,Completed
bade2047-cc5c-49f0-bcc5-d8365ce6e698,8e1bbe6c-7b75-46dc-8ca1-0b1664cd6ae4,2024-03-05T10:16,1,28.81,Card,Pending
61ca3b9a-e157-4aaa-8848-8d23a6b3b1ed,a938df5f-7764-459c-8bfd-90409d16b3c6,2024-12-09T10:16,7,159.25,Cash,Cancelled
287778ea-af39-400e-8cda-d40311cd9df8,6aaabc79-3d35-410f-bb96-f86a3930d0ff,2024-08-12T10:16,5,144.50,Cash,Cancelled
58354db4-b8b0-40ba-a3eb-dc1ceb70ebef,4e44f26d-5455-405b-8fdb-63ab8b739ecf,2024-06-23T10:16,8,77.12,Card,Completed
88b9e775-df5c-43d1-8280-56fc07714f63,c83bba2f-5229-4998-9566-1f3179b13e8a,2024-02-15T10:16,6,169.92,Card,Completed
8b5b7a2f-467b-4697-9b73-a316b8e6ef3e,365c90d0-a590-4209-9401-2ce55af5ed98,2024-02-21T10:16,7,75.32,Online,Pending
9d194b99-43db-4d0b-b91c-8f36b21edb9d,52f5634d-de98-4543-8a1e-cbf1e2d0242f,2025-08-10T10:16,3,43.17,Cash,Completed
36dfbea9-9f23-47d2-a53d-7ffb7b642489,b6c26110-1b77-4777-8c79-c69ec19b66df,2023-12-25T10:16,8,194.80,Cash,Cancelled
5fd5ef1b-a44e-4dde-ac88-efc924bf38f4,0fcf4084-ea31-49f8-99f9-9bf8c8b0c16b,2024-01-19T10:16,2,41.88,Cash,Pending
626f891f-7285-44a0-b601-bccbc6c88104,05ccd8a5-ea5f-4353-bd1e-3022152b0685,2024-07-23T10:16,8,96.80,Online,Pending
9c57b036-f5c7-44b4-9c3a-a4b21c8bab7c,5f6e51da-5f01-4c9a-85dd-7d50ef37e5d7,2024-08-13T10:16,7,110.88,Cash,Cancelled
44624722-021a-4e48-8518-514f0345e7f7,cf65c4b6-4c1c-420b-95de-23e5b56ffad5,2025-05-13T10:16,3,32.58,Card,Cancelled
66edd43b-6729-4da8-b162-6f5617795443,bb6ceda0-3f7a-4dfa-9862-41a88dd468b2,2024-03-09T10:16,2,16.68,Card,Completed
1d6b4b4a-68ad-484b-bf2f-d6090312c95b,bf0de251-90d7-423c-8b31-48df1a89964f,2025-04-22T10:16,4,103.40,Cash,Completed
4a1b6a4a-399e-4baf-994e-af3d803b7741,6e6d2c67-f7fb-4a98-8f9a-4822259b25c4,2025-10-19T10:16,4,41.56,Cash,Cancelled
78f3762d-b281-4914-a57c-1c759d5b9e2b,e6cb1215-5314-4d05-bfd1-f6e5d36e89f7,2024-12-15T10:16,9,125.82,Card,Pending
4be24bed-6f9d-4520-9735-b77f6f3fc8d7,103fcba5-5588-45a5-9fe0-6ac948d3860e,2025-01-28T10:16,3,45.75,Cash,Cancelled
2d91ef15-0e8d-4507-ae0a-85d2932985da,e7991221-0de0-4ef8-aa9c-ca3b59197059,2024-02-18T10:16,8,54.16,Card,Pending
40d5ae67-635a-457f-b043-c6aa2eb05d09,09ba4183-1b94-4f8c-bc5f-eca421a88524,2025-09-30T10:16,2,50.46,Online,Completed
b50f33f2-7bce-4f63-b7ba-a48459e9f34a,cf65c4b6-4c1c-420b-95de-23e5b56ffad5,2024-09-01T10:16,4,114.72,Online,Cancelled
346b6edf-90c9-4b3e-9068-e510815a68c9,5400d214-6176-40bf-88d2-3f53ed38bf69,2024-12-05T10:16,7,91.98,Cash,Cancelled
798be4de-c9d9-4d7a-ab0e-96d49c5b0a30,f543de06-e341-4de2-95ab-ca0fd3ee51fe,2024-10-28T10:16,2,33.24,Cash,Pending
6ea2f588-b78d-4586-ae27-f2b429ddb553,39cb44e2-a541-4b98-bc0b-db5f31cf8710,2024-12-09T10:16,1,27.71,Card,Pending
4272ab87-b34e-4208-a59c-8a90253df2f5,4b14a58c-f1e4-40b6-888d-a88cd7055099,2025-03-28T10:16,1,13.56,Card,Cancelled
ff3af276-cd58-4ffa-8b6c-ded65da13757,0a0ac3e5-6e20-4fbc-87ec-5481c70e38bc,2025-02-07T10:16,9,151.47,Online,Pending
19e4fb5e-36d9-444f-b25f-94612fee99ce,05ccd8a5-ea5f-4353-bd1e-3022152b0685,2024-03-03T10:16,1,15.84,Online,Pending
89760393-f653-46a7-a114-4802be9a563f,f90cf3ca-e2d0-4129-bc7a-e8a2b80880da,2024-12-28T10:16,6,137.82,Cash,Cancelled
a5783822-65bf-4f17-a408-fffa10514d6c,401a6911-a31e-4892-adc1-56e3e1eb090a,2025-03-29T10:16,7,177.52,Online,Cancelled
95921c27-2873-47e0-a42b-94d9d41af08d,6e6d2c67-f7fb-4a98-8f9a-4822259b25c4,2025-05-04T10:16,3,24.12,Online,Cancelled
7b9513d6-2914-4d33-a4e8-203292f21173,c5817fdc-a4dc-4879-b957-30cfda62016b,2024-10-27T10:16,8,86.40,Card,Pending
fcd7c456-e96b-4ebe-8738-5a658a27bacc,0fcf4084-ea31-49f8-99f9-9bf8c8b0c16b,2025-03-27T10:16,5,101.05,Card,Completed
fb5b1b59-717b-4037-ad2d-8ae829a2571d,4bb2d776-14c0-4ef6-b8ba-c580cbed72b8,2025-07-01T10:16,7,88.62,Card,Pending
32108e5f-0a34-429a-83ef-723e8dab2601,52c87fd9-fdf0-4256-b929-6153ad24a0ac,2025-02-03T10:16,3,77.28,Online,Completed
5d49a452-b061-4b7f-8079-834d111926a6,c63bd277-c81c-40c5-8720-6ce916d653c4,2024-10-23T10:16,3,66.75,Cash,Pending
47bb6031-8184-4663-8f03-bd1f5b0d4839,7509850a-5062-4da9-aad6-bc5b9e363ef1,2025-01-26T10:16,2,47.28,Card,Completed
534ce686-dc39-4255-8b4f-825dc73f7efd,b95f7619-fab2-4df9-8683-1f2aeb93a660,2025-08-18T10:16,1,19.05,Cash,Completed
67598027-2c2c-4999-9be0-75b27f8f8e07,b014b56e-3263-4b63-8430-46e00bc5ea77,2023-12-08T10:16,6,145.26,Online,Pending
7c679466-341b-443a-ab80-cd94e9bbe529,0d463f72-c3a1-4a2b-8d0d-1721a0d1a06b,2024-10-09T10:16,9,230.85,Online,Cancelled
ba14ce66-fe88-4ff2-afdc-1f918cfb07f7,2ca088cd-c6c6-4e60-a1a4-d2990ee21b12,2024-05-26T10:16,9,257.04,Cash,Completed
9f0bb94b-e2b2-45e8-b14e-979f29dce539,2ca088cd-c6c6-4e60-a1a4-d2990ee21b12,2024-10-05T10:16,1,24.17,Online,Cancelled
ae569dea-da3b-446d-932a-9f45ced982fa,1233cc27-7567-48e0-8dd2-6b0019506c2f,2025-02-01T10:16,2,39.14,Card,Completed
07a6abbf-3a76-46e8-a7ff-297721c692e8,9305d562-2505-493d-8ed8-3fb721c8f491,2025-06-19T10:16,6,113.28,Card,Pending
87c4cae5-368d-48f9-9e3c-0084e7520ea5,46032f36-69bc-465a-9b33-a5d560bfd77a,2024-05-29T10:16,5,142.10,Online,Cancelled
29366ad4-016e-4886-b611-f267afc3f0af,c5817fdc-a4dc-4879-b957-30cfda62016b,2024-06-18T10:16,9,153.00,Cash,Pending
01d1f451-e872-472c-96f8-39db4d4c1fd8,36b880b0-e9bd-4c0b-8f1c-32018f6c758a,2025-07-01T10:16,6,173.76,Cash,Cancelled
a2d3dc58-7cb5-4ab1-b058-eb257c9843bf,f0a6a958-e434-41bf-a830-dffa55a34db5,2025-07-07T10:16,5,35.55,Online,Completed
c8bab513-7780-48ab-ab53-bb2fe8688b7e,b3688304-b24b-416a-9bf4-c2b6aaeb59d3,2025-10-06T10:16,7,58.52,Online,Cancelled
de5379df-ca69-4650-ad1f-b3d30298741f,935ebde1-5945-4673-886e-1a7a12cc2d4e,2025-08-13T10:16,8,88.16,Card,Pending
87947377-3e03-4c4e-a9e9-3602af73218d,1a48aa9a-def3-481d-922a-94300aa97309,2024-01-20T10:16,1,28.59,Card,Cancelled
58857248-d413-4f9f-b41e-51a165e98d18,c3ffc43c-0c11-40fa-9824-f234161741d0,2024-06-07T10:16,5,124.15,Online,Completed
3f40cd97-a21c-4963-8a60-dd6a32adc4b7,e277d099-db2a-4aee-ab86-8b0e73a34383,2024-03-11T10:16,1,12.23,Card,Cancelled
b113d95e-cd42-4176-a438-6e22e4184f52,4f6ae324-5b6d-47d6-a86d-26ec6fbe1e0e,2024-10-30T10:16,2,20.30,Online,Completed
d1185c5c-7c2e-4833-b776-a9dfdda343fb,c46351bf-193f-49af-a5d6-456188837c3d,2025-02-13T10:16,4,42.04,Card,Cancelled
29783503-c1e5-49ca-bb76-d81847f2899d,e6cb1215-5314-4d05-bfd1-f6e5d36e89f7,2025-01-28T10:16,3,54.69,Card,Cancelled
a8c7f921-f273-44a4-ab78-c58fe020e9f1,65b2c0ea-6192-47fc-9286-2c1dd3ecefb1,2024-05-02T10:16,8,62.72,Card,Cancelled
a06e4cbd-5cf1-4533-9239-3e40a7854a26,09ba4183-1b94-4f8c-bc5f-eca421a88524,2024-11-16T10:16,2,55.68,Card,Cancelled
5772b6cc-495c-4c59-89f4-7f1a964ca5d8,46032f36-69bc-465a-9b33-a5d560bfd77a,2024-08-10T10:16,3,69.78,Online,Pending
96c68c3b-9a2b-4a33-b87d-c688efba7be5,59827b2a-ae17-44b1-bd6f-6f08718559cb,2024-10-15T10:16,4,39.12,Online,Completed
f17bf1ac-def9-418f-beec-056786fa5872,fe624323-ba72-456d-9842-ed9e0edc75df,2024-08-01T10:16,9,121.77,Online,Cancelled
5e8a392d-7d5d-42b6-99ee-56875708deda,8e1bbe6c-7b75-46dc-8ca1-0b1664cd6ae4,2025-01-03T10:16,9,187.29,Card,Pending
f33f111c-f76f-4042-bfac-5f5022e5dde5,a302a1a8-c429-406f-abff-9f273aa0a4b5,2024-08-28T10:16,1,12.04,Cash,Completed
276fc0e5-e156-4dad-ade4-efb12e5cef20,e85d0261-2d97-4475-a749-363ec9040a74,2024-09-13T10:16,1,5.59,Card,Cancelled
2309af6d-d9ce-4992-951c-3681ec30cb97,dcfb3d05-846d-4915-99f3-ebbc7559d972,2024-05-17T10:16,3,36.84,Cash,Cancelled
13226410-150f-4333-841f-20ab884d5173,67c276b0-7be6-4f3c-bf86-c342095c8112,2024-09-19T10:16,6,47.88,Card,Cancelled
a7cab4ae-a445-4dbf-a599-167c75a52d91,4e44f26d-5455-405b-8fdb-63ab8b739ecf,2025-09-30T10:16,8,203.04,Online,Pending
c9064ee3-968c-48d0-aea8-2a03f087ea00,69446e90-4237-4410-ab55-e011eb04cce0,2025-02-15T10:16,9,118.17,Card,Pending
e1e70a72-fe22-456e-825c-f6a0b92cc7ce,7a18d550-38d0-40b2-84a7-547162e7e409,2025-07-01T10:16,5,99.00,Online,Cancelled
aca33f20-c55c-4a32-b7ef-b608d512bfac,7509850a-5062-4da9-aad6-bc5b9e363ef1,2024-04-12T10:16,7,90.86,Card,Pending
0fdd2d07-abde-4fa9-8816-b29e14d791f9,cd50913f-8c99-4253-9134-0cf5fe5f300f,2024-03-23T10:16,9,59.13,Online,Pending
369500b5-668f-4283-8e06-c2ef65f7b76d,058b9c75-b72f-4594-80d2-e41194ff7672,2025-04-06T10:16,7,170.94,Online,Pending
28e5c6db-1c64-4c05-8fc2-428ab069c6a5,7a18d550-38d0-40b2-84a7-547162e7e409,2025-07-01T10:16,1,27.98,Online,Completed
c250fb36-a756-49a6-b465-f354adf45ae0,3ab3404a-ee80-4ed2-8d90-a6f0dad14e48,2025-09-05T10:16,8,222.08,Cash,Pending
f6c3490d-f3a6-43b7-8358-b8d64bbb7481,ba5d9947-b043-4aca-8ee0-6b77895cf8e8,2024-12-04T10:16,5,34.45,Cash,Completed
0cb771b3-718e-4274-8686-e59fd03b5522,d7af10ce-45c9-4fc8-8dd8-b1c5491aad5f,2024-12-10T10:16,2,44.00,Online,Completed
cb81ac41-3bd5-476d-9518-8350e1a01c61,bb9edfa8-17f7-4f6f-8e3b-616693a298b1,2024-10-10T10:16,5,107.00,Card,Pending
b7b1999c-96b7-4d47-b39c-cfb99dc8104e,46032f36-69bc-465a-9b33-a5d560bfd77a,2025-04-26T10:16,8,130.16,Online,Completed
28780166-a880-4e75-8ca8-ce76ebf961d0,5400d214-6176-40bf-88d2-3f53ed38bf69,2024-12-04T10:16,7,48.23,Card,Cancelled
2f7e5962-0d6a-46ed-820b-b04d15c834cc,8b115a34-224b-453c-be69-b53a7445b466,2025-09-24T10:16,8,93.76,Online,Cancelled
fb27278f-8878-46a2-92d1-245ec1869968,c5817fdc-a4dc-4879-b957-30cfda62016b,2025-04-09T10:16,1,13.12,Online,Completed
d824e77b-4314-49fd-854e-9807fb1ed682,52fbb114-83aa-432d-b2f1-f3e37a5c4754,2025-08-28T10:16,7,127.89,Card,Completed
9e90a05a-4e17-4eb5-abb1-7fc87714cb0c,726d71e2-70fd-4416-8568-78619c14a73a,2024-01-27T10:16,7,177.59,Online,Cancelled
d57e999c-a412-4699-abb6-f65237c97f9d,0472ca7f-b133-4710-8f43-24a3c6c1afd1,2025-02-08T10:16,5,86.55,Online,Cancelled
0915e486-531b-463e-82e4-beaa1cb9472c,1233cc27-7567-48e0-8dd2-6b0019506c2f,2024-05-11T10:16,3,77.88,Card,Completed
1045e277-72b8-4a41-b308-96a6abf7611a,05ccd8a5-ea5f-4353-bd1e-3022152b0685,2025-03-12T10:16,3,17.13,Card,Pending
e4aaf2da-abd8-4f24-a69d-adfd4feb856e,7169ef0c-f2c8-4ae3-83f6-87691664d2d2,2024-06-27T10:16,2,57.82,Card,Completed
46dd7ee3-644e-4ffe-afe1-6b7d09f06733,5400d214-6176-40bf-88d2-3f53ed38bf69,2024-03-31T10:16,5,49.05,Cash,Pending
afcfdcaf-6c25-49a0-a4a6-4ce02c88cee4,b3688304-b24b-416a-9bf4-c2b6aaeb59d3,2025-05-29T10:16,1,23.91,Card,Cancelled
6fa317ff-008e-4f68-86dd-83fb12a6c6a4,c9dcc28a-ae5f-477c-ae7e-72d94129f449,2024-10-04T10:16,3,59.49,Online,Completed
257cb658-40cd-475b-876c-6ded73150880,ceafdb2a-788d-48e0-acdd-bd533a2e7ab6,2025-08-03T10:16,7,97.65,Card,Completed
ffeb6813-1a63-4ec1-beed-225cf544ddcc,6aaabc79-3d35-410f-bb96-f86a3930d0ff,2024-11-01T10:16,8,81.36,Card,Completed
b8d1eb1b-59fa-4402-bfdd-d02f156b5b1c,0e0d5f13-edd5-4ab0-9ddd-3df111bedc5a,2025-09-29T10:16,9,87.75,Cash,Completed
34c1f2b7-6fbd-4300-9843-d8966d0591cb,02c65c06-56ad-4670-b8e2-10ab417c7154,2024-09-17T10:16,5,100.20,Cash,Pending
a0b95887-3d3d-4611-87bf-86ac669a79a0,209e786b-2a61-4e52-a3b2-1cc98bcbf18c,2024-01-18T10:16,5,108.30,Cash,Completed
063f6fbc-8ff2-4e8b-8d4c-86bab7c7c22d,401a6911-a31e-4892-adc1-56e3e1eb090a,2024-07-13T10:16,4,47.28,Cash,Cancelled
be59f899-18c5-455a-a7e2-fa316270dde1,26d032f1-9fe9-487a-987a-a8be14e1db05,2024-01-17T10:16,9,70.65,Card,Completed
580eea4b-3a9f-4837-aaf7-b642648cd250,52fbb114-83aa-432d-b2f1-f3e37a5c4754,2025-04-26T10:16,2,22.44,Cash,Pending
19a53bd7-dfc5-43c5-80f2-9bffaf731c27,7509850a-5062-4da9-aad6-bc5b9e363ef1,2025-03-08T10:16,9,188.64,Cash,Completed
764d8e30-df79-49b8-9e2e-1546ec6b6840,36b880b0-e9bd-4c0b-8f1c-32018f6c758a,2024-09-23T10:16,3,65.85,Cash,Completed
18468b20-e93b-403c-bf49-55a1c9211123,8887df7e-682b-4d48-b18c-c1ddfa0aaa26,2025-09-15T10:16,3,20.04,Card,Pending
9980e56b-09da-418a-80b8-80a46548f843,fbe227d7-6d32-4407-9783-7fdac983e55f,2025-05-12T10:16,3,45.36,Card,Pending
f8161627-044a-4cb7-b096-d5fcdb29a5b9,953417c6-cd52-45e9-9ca0-bb450653c934,2025-09-07T10:16,3,55.59,Online,Completed
af436928-b53b-4a11-8b19-184abf40e86c,8b115a34-224b-453c-be69-b53a7445b466,2024-07-11T10:16,4,100.32,Card,Cancelled
204ed50f-8601-426e-8466-e2e03505bd7b,3befa4dc-d961-4a3a-9410-d43d1bdaa335,2024-12-13T10:16,5,86.00,Online,Completed
adbbbec4-2be1-4776-b098-37f86758984e,0dd437d0-74fa-43c3-8909-5c955e4d47dd,2024-08-15T10:16,7,133.49,Cash,Pending
653e4ebc-e531-4124-87c2-c00c1343b1be,8f7f530b-bb30-4a05-b437-744ed30af54f,2024-03-08T10:16,6,34.98,Cash,Pending
8a1c9d72-8af6-4fbc-a57c-a1ff65740ca0,27e45431-1333-4ffd-a0c8-be56ffdc5d4e,2025-05-23T10:16,8,83.36,Online,Completed
102ee8ba-efd7-403e-b4fc-e237c9d5555c,209e786b-2a61-4e52-a3b2-1cc98bcbf18c,2025-08-20T10:16,7,171.08,Card,Cancelled
945de473-19d0-4b26-865c-4bd65b4a509e,21edfc22-3f73-4335-a774-3cf78ab65e86,2024-02-28T10:16,1,13.51,Card,Cancelled
40c42405-19cf-48ba-ac93-7803e2b64685,77ca464a-fe0d-4dcc-8f08-3eb2f7b64f76,2025-10-06T10:16,7,184.17,Cash,Cancelled
b2d0f17f-e9e8-4ed0-b25e-0e4f4994ced1,e886c155-0dae-4b36-88f5-a86fa474d1f6,2024-03-22T10:16,3,84.99,Cash,Cancelled
0959b677-7d2f-485b-be4c-bd96d2ddd2bc,983d66ae-c8b0-46b8-8abc-26a1055cf729,2024-12-12T10:16,4,35.12,Cash,Pending
504a3930-1f4b-412c-907c-832623be4093,5d6f84a5-a4de-442e-99b9-b8ef714b4436,2025-06-27T10:16,8,184.96,Cash,Cancelled
c6f7f4ca-47c6-4f63-8187-3f226c361a01,ebe19120-496a-47fa-87eb-2440212a3363,2024-03-29T10:16,9,154.26,Cash,Completed
1f625596-b1b5-4949-9811-94738713a9bd,bc58b12c-65c4-4f21-89ef-3e492a22ef7c,2024-07-11T10:16,5,57.50,Cash,Completed
e14d68df-d3e4-46fe-8c6b-aeba1a3a2fdc,ef7fad1f-a86f-4ee1-95b4-ce1f339f0fa5,2024-08-13T10:16,5,31.30,Online,Cancelled
54f73eb5-a97e-4202-80de-87dd604616fd,21edfc22-3f73-4335-a774-3cf78ab65e86,2023-12-14T10:16,9,210.78,Online,Pending
148dc58e-12b5-4774-9981-f6445b8133a0,bb6ceda0-3f7a-4dfa-9862-41a88dd468b2,2023-12-02T10:16,9,244.53,Online,Pending
205fabef-867c-4731-bebf-35475c28ad82,62a2bfef-ca4a-4dec-90ea-bf15ea1880d2,2025-01-29T10:16,7,62.16,Cash,Completed
e113dd12-ae1f-41ba-9891-559c793b2f74,b03f75c1-655f-4480-a2bf-1a0af806e96e,2024-12-29T10:16,9,152.64,Online,Pending
7d03a61a-1bed-490b-a776-f3729059eeee,485b65e7-fdf4-474d-afba-37986d8d3cd8,2025-03-06T10:16,9,177.75,Online,Pending
111d548a-4e02-4420-8890-422198f1391a,8250871a-2b35-424e-a1a1-4eb4faffabfb,2024-09-04T10:16,5,35.65,Online,Completed
1c6f6d32-ec92-4ee2-804b-9beb4c3ec0ed,c0d74d86-5c5b-481d-b8e3-61eeb9c77255,2024-02-11T10:16,4,103.36,Online,Pending
149e0ca2-ede4-4401-801c-d8f6b20cf04b,6bd388d4-5636-450b-bacd-55bdcb769bab,2023-11-19T10:16,3,76.20,Card,Completed
ecfc34dd-5b89-4143-bac8-e5fbc0b4663e,e277d099-db2a-4aee-ab86-8b0e73a34383,2024-11-18T10:16,2,25.84,Online,Cancelled
62d861c8-175f-4e08-a980-4b3ca15be502,c46351bf-193f-49af-a5d6-456188837c3d,2024-02-15T10:16,7,160.72,Card,Completed
2b6f11a6-cb00-4b20-a2a9-824b81d6960a,8250871a-2b35-424e-a1a1-4eb4faffabfb,2025-09-24T10:16,1,6.89,Online,Pending
5874d866-0fd0-4595-8181-7853b8b382c8,1d32c3b3-c732-4995-aa6b-ff159deb3bdf,2025-03-13T10:16,3,29.07,Cash,Pending
c6526715-74c4-4727-8536-5dbfbcca7535,0b2a0e9a-e050-4380-b607-57adcbbf59d4,2025-02-11T10:16,3,45.39,Card,Completed
31e4fd1f-9f3a-4401-aea4-bf0977d21086,a190f67b-21df-46bc-8164-46bdfa00af85,2025-03-17T10:16,9,214.92,Card,Completed
04ab5d10-d4ae-4beb-87de-ae3cabc2fc52,cd50913f-8c99-4253-9134-0cf5fe5f300f,2024-01-14T10:16,1,7.76,Card,Cancelled
62d17abe-9731-4807-a077-dedf4f264c24,1eeb9c5f-5b7a-47af-b4f1-5a50d9d1089c,2025-01-03T10:16,5,39.50,Card,Cancelled
f6c45533-1e66-4adf-954a-aa30aae4e389,3e97fc93-73a7-45e0-9888-f7a03ee258a7,2024-03-12T10:16,5,57.00,Cash,Pending
4f8acc04-3cdf-43dd-a56a-90054ff18e5a,7a2e5fa5-096b-4701-8ce6-7a3db39bf8eb,2024-08-12T10:16,8,213.92,Online,Pending
19d7edec-fffc-4961-8cd9-5da6132107c4,964d337f-acd5-4ca2-8843-9be3f2eb60fc,2024-07-06T10:16,1,15.12,Cash,Completed
4cda1c9a-1667-474b-a93b-875196a8e834,25659c0e-6eb5-4c57-add8-fb6ac5f42699,2023-11-29T10:16,5,63.15,Cash,Cancelled
05afb5a6-59aa-47c3-88e8-1aa0064e359f,ebbc7df0-770d-44f8-b0ff-c62f9006e40e,2024-10-29T10:16,5,71.30,Card,Pending
a2646cd0-d62e-4306-b920-829a7d454443,0a5a9fc7-e126-48f0-99aa-dea85c606f66,2023-12-14T10:16,9,157.95,Online,Completed
219f1e05-97e1-4001-9126-b764a169c4d5,d3f641e5-b8b5-4f5f-9155-7768df2033e8,2024-07-19T10:16,9,88.02,Card,Completed
dee3222c-e403-4931-903f-d8a2eddf97d6,02c65c06-56ad-4670-b8e2-10ab417c7154,2024-12-05T10:16,7,193.83,Online,Completed
fdd75e5b-0b45-4461-bbc6-090cd3ca1ff4,bf0de251-90d7-423c-8b31-48df1a89964f,2025-04-28T10:16,9,188.37,Online,Completed
57b23e41-74c9-494f-919d-5c3548fa005f,485b65e7-fdf4-474d-afba-37986d8d3cd8,2025-09-15T10:16,3,84.63,Card,Pending
f299e932-06c8-4df2-9281-863577f97212,1233cc27-7567-48e0-8dd2-6b0019506c2f,2025-11-05T10:16,7,65.45,Card,Pending
a40a481e-92e1-462d-857a-a2f4396e58aa,b04ce307-2d1f-4214-b023-d8f4379041a1,2024-05-22T10:16,1,14.26,Online,Completed
12b3d950-b4f5-41ad-9ced-166046c3886f,6bd388d4-5636-450b-bacd-55bdcb769bab,2024-10-18T10:16,9,266.76,Card,Completed
8c4ca4cd-70b8-453a-8954-cf120aab2652,0a5a9fc7-e126-48f0-99aa-dea85c606f66,2024-04-24T10:16,5,132.20,Cash,Cancelled
c63b975b-a2f8-4253-a952-e9a7f77ce44d,c83bba2f-5229-4998-9566-1f3179b13e8a,2025-05-29T10:16,8,199.20,Cash,Completed
1da45b23-7e8a-44f6-b3e7-7b4bcdc8a530,3e97fc93-73a7-45e0-9888-f7a03ee258a7,2024-05-11T10:16,4,24.84,Online,Cancelled
58b0d6d9-35f0-4dce-af75-d23eb1cf8a8a,14eace30-1ac2-411e-8eef-98e8f32a87fb,2024-08-28T10:16,6,178.98,Card,Pending
10d148d4-f8f4-4028-ab72-adf0fdbadc61,73a2b03c-2dca-486e-8ebc-c4d6bb68a8c6,2025-02-13T10:16,3,81.63,Card,Completed
dea8658f-ca07-4803-b2c8-d2b4330085f7,e38afcd9-9e08-47ba-bc92-5ebb4bc271eb,2025-04-23T10:16,8,135.04,Online,Cancelled
a8bd9512-af04-4630-beba-3b4a386639a0,0a5bd884-b432-4ce5-b14e-44b4aedd4c0f,2024-03-08T10:16,1,19.73,Online,Cancelled
740db4f5-e0c6-435d-9140-56adeedd1f11,05ccd8a5-ea5f-4353-bd1e-3022152b0685,2024-02-03T10:16,4,107.08,Card,Pending
c06863b7-6389-4c17-8749-cacf15c64a05,10b26c2d-7d56-4175-84a8-a2775e128a9d,2025-03-01T10:16,4,83.92,Cash,Pending
00d77ef6-14e6-495c-b4b1-0ef8007b2460,205ea7f7-e714-45b8-a083-11247ff702a1,2025-01-12T10:16,6,154.44,Cash,Pending
59a1fb88-8a85-4aa0-b054-f22c9e69acaa,e85d0261-2d97-4475-a749-363ec9040a74,2024-05-31T10:16,8,213.60,Online,Completed
c04d873a-838c-4cd1-8e2d-d1623872ab85,bb6ceda0-3f7a-4dfa-9862-41a88dd468b2,2023-12-10T10:16,7,35.21,Online,Cancelled
69e3bf98-fdbd-48a0-8769-0130675e68da,26d032f1-9fe9-487a-987a-a8be14e1db05,2024-12-30T10:16,3,55.08,Online,Pending
96b5a1b6-f015-4297-81ba-4dedcb7e1cd1,e6e1db85-f8ba-4264-9c9a-520ecda4bc4c,2025-10-17T10:16,3,54.69,Card,Completed
7e83a1b4-af34-45db-8c3a-84d4b2d1f402,4e44f26d-5455-405b-8fdb-63ab8b739ecf,2023-12-28T10:16,4,114.36,Online,Cancelled
9613f7a1-e086-4dde-a229-641befdb378e,f543de06-e341-4de2-95ab-ca0fd3ee51fe,2025-05-03T10:16,3,88.11,Card,Completed
b0faef5c-ae73-4840-8c34-0f4f1e9bbf13,14eace30-1ac2-411e-8eef-98e8f32a87fb,2024-06-28T10:16,1,5.06,Online,Completed
ad421626-ba7c-4600-a9ca-44ddddfe5024,b03f75c1-655f-4480-a2bf-1a0af806e96e,2024-05-25T10:16,3,72.75,Card,Cancelled
b17e9b3c-a215-4a66-bed2-47e42f366279,824998a2-7592-4051-ab0b-d5e12743c93b,2024-01-07T10:16,5,82.35,Online,Cancelled
04ac5de2-3efd-4725-b714-1e429fee9094,f543de06-e341-4de2-95ab-ca0fd3ee51fe,2024-01-03T10:16,4,90.56,Card,Completed
3bbaace4-7778-4fe1-811d-8547aafe910c,b0d737cd-ec4b-4a88-aa81-d012ef3fb719,2024-04-27T10:16,7,138.53,Cash,Cancelled
05b818c4-e26e-4d42-9bc3-c4e1338ea519,fbe227d7-6d32-4407-9783-7fdac983e55f,2025-01-19T10:16,9,184.14,Card,Cancelled
15e2e448-3c97-4c26-a094-d203fb5831eb,8f7f530b-bb30-4a05-b437-744ed30af54f,2025-09-16T10:16,1,21.24,Online,Cancelled
0e6fec19-1c74-4f50-a76a-835e5878ae98,21edfc22-3f73-4335-a774-3cf78ab65e86,2025-09-07T10:16,3,72.72,Online,Completed
67262ce5-a020-4ba0-a742-183735eaee73,6f61ca8e-51a1-48e0-abfa-88326e713e34,2025-11-01T10:16,6,173.94,Online,Cancelled
0250fdad-baaf-49bb-96ff-ed6f0a41eba8,0b2a0e9a-e050-4380-b607-57adcbbf59d4,2025-06-05T10:16,1,18.93,Cash,Completed
f33043db-e4e2-4aaa-94a0-9bfe964f62dd,6bd388d4-5636-450b-bacd-55bdcb769bab,2024-09-28T10:16,8,62.72,Card,Pending
4d18bbf0-0704-42e6-a48d-a18e826b1f5f,36b880b0-e9bd-4c0b-8f1c-32018f6c758a,2024-09-26T10:16,2,58.18,Cash,Pending
9fdbd813-e2c0-4c44-962e-14e00b2c6728,7c991f43-c18b-4404-8826-97691b0dc00c,2025-01-13T10:16,8,159.44,Card,Cancelled
d7cff645-c6d6-4e9b-b14d-03c61200fb55,b0d737cd-ec4b-4a88-aa81-d012ef3fb719,2024-12-04T10:16,9,126.09,Cash,Pending
e98f2944-f662-462c-9e8c-287a733ae8fd,bb9edfa8-17f7-4f6f-8e3b-616693a298b1,2024-04-26T10:16,2,52.04,Card,Pending
12b8ea4c-f5de-4ec9-b4d9-ccf3e5c227b0,0dd437d0-74fa-43c3-8909-5c955e4d47dd,2023-12-22T10:16,6,59.16,Cash,Completed
d51a5797-9dce-47e6-9c33-14d2ee762fb0,4e44f26d-5455-405b-8fdb-63ab8b739ecf,2024-09-18T10:16,2,13.34,Card,Cancelled
a8e221a4-4b02-4740-8cc7-69c6ddec0dca,c5817fdc-a4dc-4879-b957-30cfda62016b,2024-06-09T10:16,2,13.40,Online,Pending
fd8fc9f1-70ef-4dc3-b69a-e290120e6281,21edfc22-3f73-4335-a774-3cf78ab65e86,2024-10-08T10:16,3,34.20,Online,Cancelled
94a2deb2-685c-4304-b3cb-5f8fa3cee7b5,9b9edd1e-b4f7-414c-b8b5-a3dc51fa0a8c,2023-12-17T10:16,8,50.40,Cash,Pending
fc3a1bfb-fc25-4a3c-918b-8e4d4e97fb16,6aaabc79-3d35-410f-bb96-f86a3930d0ff,2024-10-18T10:16,6,109.32,Online,Pending
5c787e93-7fbe-4d58-a79b-5838d09c138d,2ca088cd-c6c6-4e60-a1a4-d2990ee21b12,2024-08-20T10:16,4,116.96,Online,Pending
2bac2576-82c1-4e6d-a7da-31319b336029,fbe227d7-6d32-4407-9783-7fdac983e55f,2025-02-28T10:16,9,253.26,Online,Pending
1994a4ea-f46c-4ad9-b92c-a9b833e39d13,8626238e-5813-415a-9a8c-db944b1e0269,2024-03-30T10:16,7,162.40,Online,Pending
6fa4df00-4816-4366-9949-a1933f2f1c07,1a31c678-d420-495a-aff3-0f1609514e1e,2024-09-01T10:16,2,53.42,Cash,Completed
3f8dccb1-f59f-4fbc-975c-dd93652b127e,bb6ceda0-3f7a-4dfa-9862-41a88dd468b2,2025-08-01T10:16,9,142.11,Online,Cancelled
35fd470b-e632-4f89-b416-de2e7f74d76d,e38afcd9-9e08-47ba-bc92-5ebb4bc271eb,2024-11-05T10:16,5,111.40,Card,Completed
4eb45ff5-2ada-4173-9f4e-c88e0a572e9e,d5eaf6a7-76cc-48ec-98d9-ba713e2df70f,2024-10-29T10:16,7,145.67,Cash,Pending
ef0ba89a-c00a-4f91-a504-192becdf74cf,1eeb9c5f-5b7a-47af-b4f1-5a50d9d1089c,2024-10-22T10:16,7,63.70,Cash,Pending
12a771f6-0a86-410b-aba2-9c784f762fa1,71f17b36-2c37-4cfa-bf8a-894fa94c0e9b,2024-08-06T10:16,9,165.15,Card,Pending
99684936-3f5d-4fc5-8f20-5f6d896bdcc5,c9dcc28a-ae5f-477c-ae7e-72d94129f449,2025-11-08T10:16,4,93.96,Card,Pending
0cdf3667-fbf1-4f69-a5b5-4ffc0ecf89e1,8b115a34-224b-453c-be69-b53a7445b466,2024-04-19T10:16,9,61.74,Online,Pending
7446a2f4-ff89-4f8e-8bd5-36b7a422e1ab,e6cb1215-5314-4d05-bfd1-f6e5d36e89f7,2024-08-29T10:16,5,137.55,Online,Completed
1c8aa277-0727-4a88-9a1a-ae8391efb9f9,6e551d53-4f6d-4b84-a9de-3d7c79694805,2025-10-07T10:16,2,24.90,Card,Pending
849d7fe0-25d1-4920-b8eb-ebb590b82458,a938df5f-7764-459c-8bfd-90409d16b3c6,2024-06-05T10:16,2,15.48,Online,Cancelled
ec88a48c-557e-4342-95bb-4456a44c8c67,d7af10ce-45c9-4fc8-8dd8-b1c5491aad5f,2024-11-13T10:16,9,147.15,Online,Completed
e2d17e5d-97cc-4293-b2fe-9de2a8beec3a,fbe227d7-6d32-4407-9783-7fdac983e55f,2025-09-09T10:16,7,192.50,Online,Pending
8e4569d8-d71f-43ea-85fe-65bef6a23c20,8250871a-2b35-424e-a1a1-4eb4faffabfb,2024-01-16T10:16,5,142.35,Online,Cancelled
3d1ffe3f-7668-4036-9bd4-23c8684db0f6,0b2a0e9a-e050-4380-b607-57adcbbf59d4,2024-04-17T10:16,4,57.16,Cash,Pending
2194d82e-1134-457c-b132-0a9e80ec96d8,c3ffc43c-0c11-40fa-9824-f234161741d0,2025-08-31T10:16,2,34.82,Online,Cancelled
97d58258-dcdb-42fa-bb80-b374fa50fbcb,205ea7f7-e714-45b8-a083-11247ff702a1,2025-07-14T10:16,6,125.70,Cash,Completed
df42a879-f6ba-4f95-9ecc-a8d3c3a8ddc0,3ab3404a-ee80-4ed2-8d90-a6f0dad14e48,2024-02-24T10:16,6,144.12,Cash,Completed
99e780ff-a2b8-474d-80eb-9281d63dfd44,60cd80b6-3967-4dae-b4df-adc7b5644971,2025-01-23T10:16,7,114.66,Card,Cancelled
e3861676-8673-4cc0-a9ea-e52fb51f9081,0df3bae1-6384-4856-aa27-aef9f6c48b75,2025-07-22T10:16,9,126.81,Card,Completed
a613d803-9d66-40ed-9362-125d83859b28,6117b6f0-c4f4-4bf1-9eeb-f33950decba8,2025-05-07T10:16,3,44.40,Card,Completed
0e692ca1-e799-4152-8c9d-eb90a50d1ed2,f90cf3ca-e2d0-4129-bc7a-e8a2b80880da,2024-11-14T10:16,6,163.44,Cash,Pending
89f99767-07c3-4604-aad3-5fc2ed1d8fbb,515fe1d2-d33a-4b9d-8c19-07e0cbe81a9a,2025-10-19T10:16,5,75.70,Cash,Cancelled
4f8c0e9e-aa15-4d14-bb96-fa5f05891a76,caad7924-4bc5-4f85-9662-11ca261e3c87,2023-12-08T10:16,7,189.07,Cash,Pending
24ff25f5-8ad3-4e30-81dc-09be3ed49cd4,9305d562-2505-493d-8ed8-3fb721c8f491,2024-12-16T10:16,9,195.57,Online,Cancelled
c3758a4e-a47a-4dd8-ad93-e1098cc487f5,46032f36-69bc-465a-9b33-a5d560bfd77a,2023-12-21T10:16,3,85.74,Card,Cancelled
ec5f80cc-de92-4447-98a0-4e6395c3c22c,ef7fad1f-a86f-4ee1-95b4-ce1f339f0fa5,2025-05-16T10:16,2,11.88,Cash,Completed
2bc11e96-5d2a-4e7b-9477-2d8fd2df5fa2,058b9c75-b72f-4594-80d2-e41194ff7672,2024-08-04T10:16,3,39.39,Card,Completed
4d5bea89-b6ae-4cee-9211-6b3d9bb1f8ff,11526850-7335-463f-b740-a52a90457c3b,2025-03-22T10:16,2,50.76,Cash,Completed
7f81cfeb-be89-46aa-8d0c-bfa71f9477d8,68169a66-a8d4-4763-914e-7befc826445b,2025-01-19T10:16,8,145.12,Card,Pending
e5949c2a-0127-4208-8d13-c1a100466df1,21edfc22-3f73-4335-a774-3cf78ab65e86,2024-04-27T10:16,8,93.20,Online,Completed
dd6a6e3b-a21e-42b8-887e-b9105f9131d7,935ebde1-5945-4673-886e-1a7a12cc2d4e,2025-04-15T10:16,4,29.96,Card,Pending
563aa48b-f1e8-49fb-967a-4942b3c3f7d8,6c3bf618-a715-40f9-9faa-cfc5f5beef2f,2024-12-21T10:16,5,104.75,Cash,Pending
b637718d-b57f-430f-9ec2-44a1baf9eb22,bf0de251-90d7-423c-8b31-48df1a89964f,2024-12-08T10:16,9,107.64,Cash,Cancelled
f8996fc2-8daa-47b2-a6f1-a5410456801d,209e786b-2a61-4e52-a3b2-1cc98bcbf18c,2024-11-17T10:16,5,45.55,Online,Completed
2429d307-77d7-4858-a2dc-03b6378d3203,b03f75c1-655f-4480-a2bf-1a0af806e96e,2024-03-27T10:16,8,91.92,Online,Cancelled
6f282dd6-700b-46e4-8ce0-88956390fa9a,0a0ac3e5-6e20-4fbc-87ec-5481c70e38bc,2024-07-08T10:16,5,132.85,Card,Pending
f55dac2e-a62e-43c8-82f0-9222f20c5a6f,b3688304-b24b-416a-9bf4-c2b6aaeb59d3,2024-05-19T10:16,6,86.76,Cash,Completed
dccb6fdc-04c2-4ca7-b58e-45c3137bec6c,ba5d9947-b043-4aca-8ee0-6b77895cf8e8,2024-02-08T10:16,1,14.90,Card,Cancelled
82ad687a-9634-4fd6-80de-0d942b0b6785,52fbb114-83aa-432d-b2f1-f3e37a5c4754,2024-05-20T10:16,5,53.75,Card,Pending
47aef733-ce35-427e-bee3-ab745159d3e3,941529ef-2114-4bff-907a-4596ff4593a1,2025-03-08T10:16,3,22.47,Online,Pending
4066d158-35f3-4ed4-94aa-145d0d81cf2c,824998a2-7592-4051-ab0b-d5e12743c93b,2024-01-23T10:16,7,80.43,Online,Completed
089118b6-995e-4997-933c-35743d1f3f97,0b2a0e9a-e050-4380-b607-57adcbbf59d4,2025-07-11T10:16,6,106.26,Card,Completed
d00c9b5e-5e85-40e7-9825-4b3a6d905062,05ccd8a5-ea5f-4353-bd1e-3022152b0685,2025-08-27T10:16,9,180.90,Online,Cancelled
836e58a7-cb9c-47d0-bbef-5f5e9b7bc9ad,11526850-7335-463f-b740-a52a90457c3b,2023-12-25T10:16,6,140.64,Card,Pending
f51dd278-cfaf-4cc2-ba27-20441a14c549,02c65c06-56ad-4670-b8e2-10ab417c7154,2025-03-19T10:16,1,27.45,Online,Cancelled
34e7251e-7385-43be-ae86-41ea7b73b87c,e7991221-0de0-4ef8-aa9c-ca3b59197059,2025-02-05T10:16,2,17.20,Cash,Pending
3584f44f-7160-42e4-b6f0-6eed503969be,52c87fd9-fdf0-4256-b929-6153ad24a0ac,2024-12-12T10:16,3,59.55,Card,Cancelled
6a59bb14-d478-4256-a0e2-5a4876e2ef8f,aff4340c-d102-49ba-af8e-84d2737ce82c,2025-06-19T10:16,5,70.80,Cash,Cancelled
a566e722-2aaa-4dad-acf8-7dfb70d4f2ac,14eace30-1ac2-411e-8eef-98e8f32a87fb,2024-11-12T10:16,9,246.51,Online,Completed
c7f11bf4-5974-4155-b573-d85cd78e86e2,5f6e51da-5f01-4c9a-85dd-7d50ef37e5d7,2023-12-14T10:16,5,87.65,Card,Completed
faf37a64-448b-4bc8-b612-8d96772405d2,c63bd277-c81c-40c5-8720-6ce916d653c4,2024-05-24T10:16,6,109.20,Online,Cancelled
274e3f40-fef0-476e-8590-748d8f16e46c,aac35608-9499-49c5-811a-a059e773c968,2024-07-01T10:16,8,116.24,Online,Completed
461b0e27-2ddb-4b37-a645-391e04e708db,209e786b-2a61-4e52-a3b2-1cc98bcbf18c,2023-12-03T10:16,2,34.02,Online,Completed
327df4ed-6901-48e2-bae5-5314dfc023d7,7c991f43-c18b-4404-8826-97691b0dc00c,2024-09-16T10:16,2,32.68,Card,Pending
81f03940-0ebd-42e1-8c5b-18a82f568ed4,824998a2-7592-4051-ab0b-d5e12743c93b,2025-03-15T10:16,9,164.07,Cash,Cancelled
44302f6c-10df-4eee-bb3a-84680ee25f07,e886c155-0dae-4b36-88f5-a86fa474d1f6,2025-08-13T10:16,4,92.24,Card,Completed
14683552-7229-43a0-aa39-be528932c928,f3826f04-0dfa-4266-8002-58fede0093f5,2024-06-06T10:16,4,49.36,Online,Completed
d10f93aa-cfc1-4386-9067-b409c4f9b580,d3f641e5-b8b5-4f5f-9155-7768df2033e8,2024-02-10T10:16,7,156.66,Card,Pending
47b5cf9f-5c78-4310-b89f-d21b00624f9d,b03f75c1-655f-4480-a2bf-1a0af806e96e,2024-10-04T10:16,3,72.54,Cash,Cancelled
bf31015a-65d9-4017-b4fd-7440d1de7405,bb6bf39c-f455-4e08-a59e-1bdaaa91d4aa,2024-07-03T10:16,2,11.16,Cash,Cancelled
a724c664-1858-4edf-b547-1b3eccc828c0,3e97fc93-73a7-45e0-9888-f7a03ee258a7,2024-07-26T10:16,8,205.12,Online,Pending
de879f59-0645-4f19-b5ff-a778452453f3,0b2a0e9a-e050-4380-b607-57adcbbf59d4,2024-10-01T10:16,8,198.48,Card,Completed
334398b1-c388-48bf-8eb5-9b6add8d0d16,69446e90-4237-4410-ab55-e011eb04cce0,2024-12-12T10:16,8,69.28,Card,Cancelled
cc1ea611-0239-4a72-8ffa-879d454d64e3,fdb5454e-2230-489e-ade4-9218ff28cbd8,2024-01-05T10:16,9,269.19,Cash,Cancelled
27f2c79b-a436-4a6c-84b6-488177bbfd8e,0a15d43b-8f6b-444a-bef2-ffbddfdbd16f,2024-07-18T10:16,3,65.94,Card,Completed
f64a9b62-e4a3-4553-a91f-5d48ac007ae9,d3f641e5-b8b5-4f5f-9155-7768df2033e8,2025-04-19T10:16,8,95.36,Cash,Cancelled
395cf5f4-892f-4fc2-95f9-8445be82613c,a190f67b-21df-46bc-8164-46bdfa00af85,2024-03-10T10:16,9,48.24,Card,Completed
302a7cb1-1a3a-4401-b9e6-43caa4ecb67b,69446e90-4237-4410-ab55-e011eb04cce0,2025-01-11T10:16,7,175.14,Card,Pending
c5bb7644-c4c7-4f99-83b8-2f3b1572d280,f6c35464-33dd-44a7-bf84-071f2e427045,2025-02-14T10:16,8,162.56,Online,Cancelled
74df2517-5375-41e5-a87b-f23b4f60fad3,8887df7e-682b-4d48-b18c-c1ddfa0aaa26,2023-12-01T10:16,8,71.28,Online,Cancelled
36b6a4cd-d9fc-43d5-a8c8-0b065d68559e,6e551d53-4f6d-4b84-a9de-3d7c79694805,2024-08-05T10:16,7,68.46,Card,Completed
1f487487-3db3-44a0-aa14-5b5b70e98372,0a15d43b-8f6b-444a-bef2-ffbddfdbd16f,2025-08-21T10:16,5,84.25,Online,Cancelled
0e1e9bc1-9702-4cfa-8e26-d210107dcdc2,7c991f43-c18b-4404-8826-97691b0dc00c,2024-05-12T10:16,1,24.95,Online,Completed
97301261-cefb-4a16-a153-63a997cc74ab,25659c0e-6eb5-4c57-add8-fb6ac5f42699,2024-02-14T10:16,3,72.24,Online,Completed
a61f1b61-a1de-4f6b-96fc-eefad2c71564,11526850-7335-463f-b740-a52a90457c3b,2025-04-24T10:16,3,72.63,Cash,Pending
7e9bca35-60e9-4591-958f-27d770a1ee45,0fcf4084-ea31-49f8-99f9-9bf8c8b0c16b,2025-10-02T10:16,3,69.78,Online,Cancelled
8925720f-0ef1-4910-acd1-4e2ec72fabea,3ab3404a-ee80-4ed2-8d90-a6f0dad14e48,2024-10-22T10:16,2,50.30,Online,Cancelled
0f7ad870-0954-4b21-a210-a69ffc4c180d,365c90d0-a590-4209-9401-2ce55af5ed98,2023-11-24T10:16,2,35.70,Online,Cancelled
d2e26037-e88c-4361-8890-decfd867bf4b,953417c6-cd52-45e9-9ca0-bb450653c934,2025-09-07T10:16,6,94.38,Cash,Pending
5637f9f6-5327-436f-8c83-b3b49c1d162a,6945f6f4-b8f9-4d04-90ff-e59ed705578e,2024-06-29T10:16,9,142.65,Online,Pending
428cef9f-ec1f-483c-a592-870cf086ee72,49af098b-bf79-4643-8e49-739ea932d38b,2023-12-18T10:16,3,87.12,Online,Completed
64b0526c-5029-4319-b0ba-44e3f036fdc7,0a570207-0f70-467f-bbeb-44a0a60a9a25,2024-11-07T10:16,3,40.44,Cash,Pending
6d651552-230e-46c3-93a2-a046cf4665a2,90f0db1e-2b19-43f7-ba17-233c7c214eca,2024-03-28T10:16,4,66.12,Cash,Cancelled
ee0a7200-199c-4331-aa17-8c66ddd05a0d,953417c6-cd52-45e9-9ca0-bb450653c934,2024-02-29T10:16,4,86.84,Online,Pending
3e5b886c-192c-4898-8ace-d79c3271ea83,69446e90-4237-4410-ab55-e011eb04cce0,2025-09-04T10:16,3,52.38,Online,Completed
a54b317a-c755-4425-817c-164b95e2197e,f3826f04-0dfa-4266-8002-58fede0093f5,2025-03-09T10:16,8,171.12,Online,Pending
e213bddd-82cd-4228-ad3a-1f4ea5ee9608,ecf1ffb0-ac00-4968-87ea-8beef4ace55a,2024-01-09T10:16,7,169.75,Card,Completed
3902ea11-8357-4287-a81e-b6455106886c,6c6a3b10-9747-4dca-a041-4edc22d147b0,2024-02-13T10:16,7,81.13,Cash,Cancelled
5c928c2d-a77e-413e-a1ee-9ab41d924c88,52fbb114-83aa-432d-b2f1-f3e37a5c4754,2024-04-25T10:16,2,13.66,Online,Pending
2db661a4-00ae-4bf8-ab4a-ccd834041d48,2a109685-1399-4149-8951-fba29bb0360d,2024-05-10T10:16,4,53.36,Card,Completed
2a301e74-35f0-4bc5-ba95-0e51841ba335,6945f6f4-b8f9-4d04-90ff-e59ed705578e,2024-09-30T10:16,8,154.64,Online,Pending
c4e03a70-2668-4827-83f6-5e63c238a82a,1233cc27-7567-48e0-8dd2-6b0019506c2f,2024-11-07T10:16,8,62.08,Online,Cancelled
371ae53b-193d-4978-adf8-db99a8038d00,b3688304-b24b-416a-9bf4-c2b6aaeb59d3,2024-09-07T10:16,7,205.87,Online,Cancelled
ed9a98fd-6041-468c-b751-cd15f9be3e6f,0a0ac3e5-6e20-4fbc-87ec-5481c70e38bc,2024-06-04T10:16,9,68.94,Card,Pending
4ffb9ffa-6402-4900-a078-db450d0351b7,bb9edfa8-17f7-4f6f-8e3b-616693a298b1,2025-03-20T10:16,8,155.84,Card,Cancelled
9214b51d-8bce-4883-979f-67836f6014aa,8f7f530b-bb30-4a05-b437-744ed30af54f,2024-01-29T10:16,2,15.38,Online,Pending
fe9c30d4-114f-48c7-b1af-291e98b0cc78,6bd388d4-5636-450b-bacd-55bdcb769bab,2025-06-11T10:16,5,116.50,Card,Cancelled
4a140465-6f27-4dcd-a5ce-f5b3f6348a43,b047b369-02d0-4f25-9af0-f1e883228863,2023-12-12T10:16,7,199.29,Card,Pending
67aec2a9-574e-4f27-9d12-e128a97360ae,23650eb4-f98d-45a3-a90b-a378f03d469d,2024-04-01T10:16,9,114.57,Card,Completed
61115601-a4cd-4c83-b6fc-a210dc135998,e6e1db85-f8ba-4264-9c9a-520ecda4bc4c,2024-12-15T10:16,9,209.52,Card,Cancelled
5bf18bcf-4d1b-4d40-80cd-e0f7006f3683,6c3bf618-a715-40f9-9faa-cfc5f5beef2f,2024-02-29T10:16,1,22.60,Card,Pending
849af5c6-4db9-4f39-9ca4-c8e396c5b10a,8e1bbe6c-7b75-46dc-8ca1-0b1664cd6ae4,2024-05-18T10:16,8,154.48,Online,Cancelled
f3294aee-ecb4-4c5a-8897-098c38e549f2,1a48aa9a-def3-481d-922a-94300aa97309,2024-08-10T10:16,3,42.51,Card,Pending
6d10c053-0ea9-418a-a2b4-d4c6ca280682,77ca464a-fe0d-4dcc-8f08-3eb2f7b64f76,2024-10-07T10:16,6,83.40,Online,Cancelled
c7e04c8d-00d4-48c2-9843-c5a97801bc05,0a15d43b-8f6b-444a-bef2-ffbddfdbd16f,2024-10-19T10:16,6,31.56,Cash,Pending
f4ae01da-143d-4abe-9bf5-f5a16df33434,428424b7-1f94-496a-8b7a-497ce177d32c,2024-03-12T10:16,6,106.26,Cash,Cancelled
8f168cec-c730-497c-95a7-f60cd5811656,f90cf3ca-e2d0-4129-bc7a-e8a2b80880da,2024-09-19T10:16,5,54.65,Cash,Cancelled
55ac1854-613e-4942-b704-0a564c616f64,b0d737cd-ec4b-4a88-aa81-d012ef3fb719,2025-07-29T10:16,8,131.04,Online,Completed
4ca509e2-60e8-47ae-ae1a-4f068d5892db,4e44f26d-5455-405b-8fdb-63ab8b739ecf,2025-11-02T10:16,9,78.39,Card,Cancelled
377d6bed-13be-4acd-ab13-e4c8c1f0d102,795088d7-d227-422e-ad8c-f048bde0675e,2025-01-04T10:16,3,34.17,Card,Completed
befe377f-1d30-401e-b9e6-1ecd43be1997,60cd80b6-3967-4dae-b4df-adc7b5644971,2024-11-29T10:16,4,41.12,Online,Cancelled
cb308c13-acd2-4799-af90-32de302cfc08,bc58b12c-65c4-4f21-89ef-3e492a22ef7c,2025-01-29T10:16,5,146.40,Card,Cancelled
770f17d4-fa48-4acb-a53f-1b0ed0721e7c,058b9c75-b72f-4594-80d2-e41194ff7672,2025-05-09T10:16,3,68.67,Cash,Pending
647eb90b-af01-45c7-9ecf-31fb525c363d,e7991221-0de0-4ef8-aa9c-ca3b59197059,2024-04-23T10:16,8,153.68,Online,Pending
52be2489-08f0-4c4c-84d6-1a0bf4648524,b3688304-b24b-416a-9bf4-c2b6aaeb59d3,2023-12-01T10:16,9,65.34,Card,Completed
86d0bf21-2c7a-4f65-ae0e-7d4a8c33ac96,36b880b0-e9bd-4c0b-8f1c-32018f6c758a,2024-12-16T10:16,8,160.24,Cash,Pending
3c358f31-3e1a-480b-a5fe-76b846df900c,ebe19120-496a-47fa-87eb-2440212a3363,2024-03-03T10:16,2,50.94,Cash,Pending
dd0c3ad7-82d3-4d36-b3b0-3173a031b7ce,983d66ae-c8b0-46b8-8abc-26a1055cf729,2025-04-12T10:16,9,129.42,Cash,Cancelled
36f61586-dafb-453a-a3d5-8f7c12a008a5,f3826f04-0dfa-4266-8002-58fede0093f5,2025-07-05T10:16,1,28.56,Cash,Cancelled
30841a72-8a9f-4345-8bae-499c1d81dbc6,885715b6-b1eb-44ca-8460-28c0343e56f3,2024-03-22T10:16,6,132.06,Cash,Completed
a8fa1519-b32d-4737-8f71-7dc13f271049,401a6911-a31e-4892-adc1-56e3e1eb090a,2023-11-13T10:16,6,160.14,Card,Cancelled
bb50de8a-0508-4c68-a49d-ad18297c61d3,8f7f530b-bb30-4a05-b437-744ed30af54f,2024-12-16T10:16,9,64.62,Cash,Pending
d06ad2a4-6815-412d-8bb5-d28caaa90bd5,795088d7-d227-422e-ad8c-f048bde0675e,2023-12-10T10:16,6,134.40,Online,Completed
7399bd17-4b00-4833-8892-9929f28ecc63,7d2df59f-386d-4aec-85a8-2443262a0cb4,2025-06-20T10:16,1,10.29,Card,Completed
8ff10901-f9b4-430d-ad46-2e360e6c58ab,b3688304-b24b-416a-9bf4-c2b6aaeb59d3,2025-05-28T10:16,2,37.74,Cash,Pending
f6a1adae-3dd6-4652-949a-0740619745ce,824998a2-7592-4051-ab0b-d5e12743c93b,2024-10-23T10:16,2,24.68,Card,Pending
3cf7dd54-efcd-4110-b7e3-d40c44c50dfb,4b14a58c-f1e4-40b6-888d-a88cd7055099,2025-01-14T10:16,2,22.12,Cash,Cancelled
c50e2801-8ba4-4b41-81a1-dfe0ca80bb14,ebbc7df0-770d-44f8-b0ff-c62f9006e40e,2025-08-06T10:16,5,82.05,Cash,Pending
07a03178-c8df-4336-a2da-e82f4ec631fc,726d71e2-70fd-4416-8568-78619c14a73a,2024-07-09T10:16,6,148.14,Card,Pending
0bdac175-71d8-492d-9d04-4c24447fde77,49af098b-bf79-4643-8e49-739ea932d38b,2024-04-30T10:16,8,147.20,Card,Pending
0e7a07fd-ff14-4d83-80e0-50696226fa99,0a570207-0f70-467f-bbeb-44a0a60a9a25,2025-09-06T10:16,8,186.32,Online,Completed
9de7361c-4895-4864-b2b4-251ab974a9ff,4e44f26d-5455-405b-8fdb-63ab8b739ecf,2024-04-13T10:16,3,23.61,Card,Cancelled
76d30ef2-c0db-49e9-ac73-cc1ccb0beb1f,7169ef0c-f2c8-4ae3-83f6-87691664d2d2,2024-08-22T10:16,8,236.16,Cash,Pending
9ac9cc25-2d20-4d7e-b57b-aa082a6498c8,000f9c8f-2fc7-4346-844d-c04f10751265,2024-07-30T10:16,4,101.84,Card,Completed
897c7d35-d058-409f-a876-47fb488f3a9f,ff4db0d8-e809-46e8-9ae0-78ffee4902d9,2024-09-08T10:16,9,134.10,Card,Completed
711c2d3f-191d-4132-a98d-f59c7acf0a20,ba5d9947-b043-4aca-8ee0-6b77895cf8e8,2024-01-03T10:16,3,46.29,Online,Completed
ef5ae445-14a4-43fd-94ab-9b1aadfb3ffa,6e551d53-4f6d-4b84-a9de-3d7c79694805,2025-10-30T10:16,8,149.52,Card,Cancelled
aaa9ecea-919f-43e7-8497-62656537cf3a,935ebde1-5945-4673-886e-1a7a12cc2d4e,2024-08-05T10:16,9,242.10,Cash,Cancelled
2e115e2e-3ee4-4366-9529-65c8d9639d19,b047b369-02d0-4f25-9af0-f1e883228863,2024-04-17T10:16,4,91.64,Online,Cancelled
f42caeaa-f334-4f52-b9a1-754634d4967d,8b115a34-224b-453c-be69-b53a7445b466,2025-05-29T10:16,9,165.87,Cash,Cancelled
82f6a59e-a74c-40db-9be2-1c4a30bd5534,bf0de251-90d7-423c-8b31-48df1a89964f,2024-03-13T10:16,6,52.62,Cash,Pending
aa4a1036-8ae0-4cef-a00d-0a2638900a6c,49af098b-bf79-4643-8e49-739ea932d38b,2024-07-07T10:16,4,72.08,Card,Completed
4f693b1b-54fb-4303-b9bf-a7a6678dd2e3,14eace30-1ac2-411e-8eef-98e8f32a87fb,2024-09-02T10:16,6,106.80,Online,Completed
f902c3a6-fa37-4c53-8e1d-8c39f12beb9b,515fe1d2-d33a-4b9d-8c19-07e0cbe81a9a,2024-08-08T10:16,7,96.11,Cash,Pending
e2df7e74-a737-428b-860a-0c06b70f4fb4,ff4db0d8-e809-46e8-9ae0-78ffee4902d9,2025-08-29T10:16,2,41.32,Online,Completed
fa233819-ed89-45b7-90c2-92552f92899a,1eeb9c5f-5b7a-47af-b4f1-5a50d9d1089c,2025-10-26T10:16,1,24.61,Card,Completed
a3b3c785-e546-450e-a060-1092fceed8f1,c46351bf-193f-49af-a5d6-456188837c3d,2025-10-06T10:16,5,64.55,Card,Pending
cb6e9fdc-cfbd-4190-8e7c-b7d513fb2cf1,bb6ceda0-3f7a-4dfa-9862-41a88dd468b2,2025-10-28T10:16,2,19.40,Card,Completed
519a930d-d5da-4148-a31f-08c5dd468ec5,d87f31d7-79ef-4c17-856e-142e791b04da,2024-03-04T10:16,2,46.22,Cash,Cancelled
5877e8f6-3423-4491-9ead-4051213408d5,d5cfb1a3-ce2f-4aff-ab4c-50e0c5426af1,2024-03-09T10:16,7,80.08,Card,Cancelled
67e0e6ed-e326-4a8c-ab2b-4f506e1a4fd1,f0a6a958-e434-41bf-a830-dffa55a34db5,2024-07-14T10:16,5,92.70,Online,Cancelled
dbf2cbf4-2375-4776-8316-24e6741d4d21,c9dcc28a-ae5f-477c-ae7e-72d94129f449,2025-04-26T10:16,4,67.36,Online,Completed
5d8cf787-707e-44c3-ae65-faa8bf76b40f,485b65e7-fdf4-474d-afba-37986d8d3cd8,2024-05-26T10:16,6,92.64,Cash,Pending
977ed2b0-0597-43a3-bfec-b1fb634d8625,56a75a3e-a944-4147-8cba-f1024726993f,2024-02-16T10:16,5,51.05,Card,Cancelled
ada93077-0982-459f-b849-835a2eec2587,2c6dafc9-06cc-4b3d-8b8d-12aae0644c58,2025-01-03T10:16,2,43.90,Card,Completed
e2c11b29-14e8-4dfa-906e-843e02a06629,bc58b12c-65c4-4f21-89ef-3e492a22ef7c,2023-12-03T10:16,8,182.56,Cash,Pending
5a7dad6d-4306-4a3b-b6a3-f2e9ec7aae4f,10b26c2d-7d56-4175-84a8-a2775e128a9d,2024-12-07T10:16,3,56.91,Cash,Pending
65b15054-0124-46e2-98a0-94ccd5e03e3b,c5817fdc-a4dc-4879-b957-30cfda62016b,2025-09-12T10:16,8,147.68,Online,Pending
a451e52e-0d66-494a-8bda-4760565381f6,cd50913f-8c99-4253-9134-0cf5fe5f300f,2025-02-23T10:16,1,16.28,Card,Cancelled
b11f553b-1d9c-45ba-8fa5-8125a5ebd3d7,cb8747c7-32ca-4b6b-868d-13ab01d953ec,2025-02-24T10:16,3,76.65,Online,Completed
6c79b155-325d-4fe2-93d3-2861d4811854,9c53f3f8-5b22-4d77-bd76-cfa6c70e443c,2025-06-14T10:16,6,144.54,Card,Cancelled
a99652e9-010b-4fe7-8f34-91fc8a7d01dc,74e76582-f1b8-4560-b049-8aebb59d4721,2024-12-03T10:16,9,206.55,Online,Cancelled
88739eb7-ebe8-4612-94eb-456becff101b,0fcf4084-ea31-49f8-99f9-9bf8c8b0c16b,2024-02-09T10:16,7,57.05,Cash,Completed
e9c6d646-2bd6-4df0-bc72-32202581b7ee,9b9edd1e-b4f7-414c-b8b5-a3dc51fa0a8c,2025-02-21T10:16,4,40.12,Online,Cancelled
d817adf5-2e4d-40ca-90d2-6b26a95bb40d,050d9901-1cb5-413a-9c31-282028f863c1,2024-09-03T10:16,5,69.65,Cash,Pending
ad85e7d9-1a4d-4359-b3f3-acaf2659b706,1233cc27-7567-48e0-8dd2-6b0019506c2f,2025-07-14T10:16,8,225.28,Card,Completed
4529ff06-7c67-4871-8971-158658760cce,8f7f530b-bb30-4a05-b437-744ed30af54f,2025-09-06T10:16,6,81.60,Online,Cancelled
a059c96d-f82b-4f7c-95b2-3afa7d6042c8,000f9c8f-2fc7-4346-844d-c04f10751265,2024-03-21T10:16,2,44.70,Cash,Completed
1e9d6599-f029-4b3a-8551-5bfcfaed687a,4bb2d776-14c0-4ef6-b8ba-c580cbed72b8,2025-02-23T10:16,4,113.40,Cash,Cancelled
a365cdc9-39bc-4280-88e4-25538838dcf2,d6d4ef4b-0870-48aa-b884-013237f255f4,2025-10-24T10:16,3,21.00,Card,Pending
3136cb53-debb-4ccb-b3ce-00207c091b18,2ca088cd-c6c6-4e60-a1a4-d2990ee21b12,2025-10-22T10:16,9,74.34,Card,Cancelled
94ed7339-14d6-4036-ae9b-36cce76af90f,6e551d53-4f6d-4b84-a9de-3d7c79694805,2024-08-12T10:16,2,13.94,Card,Cancelled
ee1d2fc8-3f39-4f2f-86d4-f165eafd44c3,21edfc22-3f73-4335-a774-3cf78ab65e86,2024-11-24T10:16,2,59.76,Cash,Pending
2b54b101-a1a8-48c4-9dd8-098856c79895,795088d7-d227-422e-ad8c-f048bde0675e,2025-04-28T10:16,9,111.33,Online,Pending
dc1526c5-66e9-4e8f-b40d-f511871fd81f,8f7f530b-bb30-4a05-b437-744ed30af54f,2025-09-24T10:16,4,49.48,Card,Completed
7ef67a07-b156-4ed2-a1ec-fde460400cb9,25659c0e-6eb5-4c57-add8-fb6ac5f42699,2024-08-05T10:16,3,22.83,Cash,Completed
8f0a05c0-136a-4cd0-b9a3-a585701679f0,8250871a-2b35-424e-a1a1-4eb4faffabfb,2024-05-17T10:16,5,77.65,Online,Cancelled
17738d73-9423-43c1-96ba-78c5700edc0d,3ab3404a-ee80-4ed2-8d90-a6f0dad14e48,2025-02-09T10:16,6,37.50,Card,Pending
b35139c7-bc56-4582-8cf3-73f8ff5b282c,a5ffc907-be77-43e6-8694-4a0bf09bd3fb,2023-11-17T10:16,9,46.08,Online,Cancelled
a37113e7-4375-48cd-925c-6e0a6257f993,5f0f3def-9ff6-4282-ad04-001c4a769966,2024-06-01T10:16,6,62.64,Cash,Completed
7e4e075c-e170-4584-91c9-ed5b5e4874ab,60cd80b6-3967-4dae-b4df-adc7b5644971,2024-09-02T10:16,7,93.73,Card,Cancelled
c619d5e2-589e-4784-9920-5997358a494a,8113211c-bdc3-4bb0-94d9-3fd3871f3005,2025-08-23T10:16,9,155.34,Online,Completed
280f80b3-c7b9-4288-90b5-7d5818960d13,06e585f0-5b60-4900-81d1-3379328e6c17,2024-01-26T10:16,1,6.07,Online,Cancelled
cb031620-8522-4105-adff-7d04bdaf5f2e,e7991221-0de0-4ef8-aa9c-ca3b59197059,2024-04-10T10:16,7,196.28,Card,Pending
bdea7c64-7edf-483a-b270-f0dc19235288,62a2bfef-ca4a-4dec-90ea-bf15ea1880d2,2024-09-15T10:16,2,40.66,Online,Cancelled
4cf12b37-a3b8-4506-b278-6b9848cd8087,3910ab11-8758-4a4f-8a9b-c4f5df7413c4,2024-11-24T10:16,4,72.28,Card,Pending
a1c7b4db-6fc9-49b8-bd3e-c68a37049737,e6cb1215-5314-4d05-bfd1-f6e5d36e89f7,2025-03-01T10:16,6,75.12,Card,Completed
1e6a94af-9824-43df-bda3-440a7228678f,4f6ae324-5b6d-47d6-a86d-26ec6fbe1e0e,2025-03-29T10:16,1,15.33,Cash,Pending
6bd0f65f-aaf4-4293-8c8e-1755757f74c4,1407e9cf-22c9-4137-a2fe-cc12dc038235,2025-05-16T10:16,6,145.56,Cash,Pending
01f4862f-7567-46aa-b9f3-0876544a9944,62a2bfef-ca4a-4dec-90ea-bf15ea1880d2,2023-12-01T10:16,1,24.79,Card,Cancelled
84935bea-9249-430c-a2df-d08063b9e9e6,d33bbfcd-a2ca-4e80-8a1c-65223f061e7e,2025-04-12T10:16,6,117.36,Card,Completed
f28ec679-aae5-4ca4-baaf-b1abf81c80a2,8626238e-5813-415a-9a8c-db944b1e0269,2024-03-06T10:16,9,162.09,Card,Completed
60a77bc6-fcaa-47fd-bc3d-39eb26d4592a,0a5bd884-b432-4ce5-b14e-44b4aedd4c0f,2025-02-13T10:16,5,125.45,Card,Cancelled
dced0a41-d680-4873-a51f-8b880cb1b235,000f9c8f-2fc7-4346-844d-c04f10751265,2025-02-13T10:16,5,141.05,Cash,Completed
8a920ce7-11d0-4593-bb82-78eb3360becd,1233cc27-7567-48e0-8dd2-6b0019506c2f,2024-08-30T10:16,8,114.00,Online,Pending
0913f496-2c48-41e5-a75f-317068024144,99c406e7-092b-4eeb-bc08-56fc041c253d,2025-07-15T10:16,8,153.28,Cash,Cancelled
04b8fcbc-870f-431e-ae2e-5449f9dc900e,f3826f04-0dfa-4266-8002-58fede0093f5,2024-01-06T10:16,7,95.90,Card,Pending
48d05d7f-b41b-4791-9bee-88c376de203d,aff4340c-d102-49ba-af8e-84d2737ce82c,2025-04-24T10:16,3,48.96,Cash,Cancelled
3055a63b-129d-4de4-aa73-d4d96137b650,f0a6a958-e434-41bf-a830-dffa55a34db5,2024-11-24T10:16,6,34.38,Online,Cancelled
30863757-be35-40c8-bd27-d338da44eb10,e6cb1215-5314-4d05-bfd1-f6e5d36e89f7,2024-12-11T10:16,8,91.44,Online,Cancelled
26d05b6d-0135-4802-a6eb-325ae7042d3f,10b26c2d-7d56-4175-84a8-a2775e128a9d,2023-12-18T10:16,3,23.46,Online,Pending
ea5df316-e8b3-4609-abc1-194263a2cc1f,3befa4dc-d961-4a3a-9410-d43d1bdaa335,2024-11-05T10:16,9,70.29,Online,Pending
62603944-53ad-4bef-8f74-e200a6413468,aac35608-9499-49c5-811a-a059e773c968,2024-10-28T10:16,7,208.60,Card,Completed
ea0460d0-914d-458d-8d25-2d52bc250402,b047b369-02d0-4f25-9af0-f1e883228863,2024-04-06T10:16,6,168.48,Online,Cancelled
eae137c1-ebe1-46c9-a767-0b4be2c645fd,7d2df59f-386d-4aec-85a8-2443262a0cb4,2025-09-18T10:16,1,10.07,Card,Completed
af30af78-e22f-42be-8184-709e6da2d082,1407e9cf-22c9-4137-a2fe-cc12dc038235,2024-04-01T10:16,8,170.00,Online,Cancelled
a0e0fe36-cdab-4107-8e92-197670306b30,0e0d5f13-edd5-4ab0-9ddd-3df111bedc5a,2024-06-17T10:16,5,143.05,Online,Pending
9495575f-500c-4d73-b6aa-c52fd328ddc5,a938df5f-7764-459c-8bfd-90409d16b3c6,2024-08-28T10:16,5,134.40,Cash,Cancelled
301bfaf7-d5ac-4a1b-b71b-fa5d029bf7bd,1a48aa9a-def3-481d-922a-94300aa97309,2025-06-23T10:16,5,116.60,Cash,Pending
614216b7-0446-4563-a43a-5173c8f08728,c83bba2f-5229-4998-9566-1f3179b13e8a,2024-07-12T10:16,1,26.43,Cash,Completed
4bce6353-ce68-4bf5-b422-b620a6fa66c3,b014b56e-3263-4b63-8430-46e00bc5ea77,2025-06-29T10:16,2,30.92,Online,Pending
ce9e2d5e-1dad-4cc0-ac4e-c8ecdec6ca23,4717d2a3-4b2a-44f1-b960-a2b73e2d23fd,2024-10-05T10:16,9,178.11,Online,Pending
28e9db66-aa9e-4878-8722-72f8a9eecdf2,401a6911-a31e-4892-adc1-56e3e1eb090a,2025-07-24T10:16,3,21.00,Cash,Cancelled
f6da18f5-03db-4091-97bd-367c761d8a30,0130fcd4-a6cf-4a72-8400-7bcae1abce34,2024-05-29T10:16,8,89.04,Online,Completed
81494da4-dda6-41e6-9a97-69565b06d39e,ecf1ffb0-ac00-4968-87ea-8beef4ace55a,2024-03-12T10:16,3,60.21,Card,Pending
2aa15e99-f47b-4371-8720-777d72e0dae3,23650eb4-f98d-45a3-a90b-a378f03d469d,2024-03-23T10:16,9,74.34,Cash,Cancelled
d47023b8-315c-4de9-91e1-c097ec6be9ec,910b1d47-5c37-48b1-8bde-96c60660f1d7,2024-03-13T10:16,5,82.85,Cash,Cancelled
afd852b6-4658-4849-b7d5-643c5ba23ca5,68169a66-a8d4-4763-914e-7befc826445b,2025-01-02T10:16,8,188.72,Cash,Completed
4e616d88-948d-4f06-812b-3f1e690256d8,d3f641e5-b8b5-4f5f-9155-7768df2033e8,2024-05-24T10:16,9,168.75,Cash,Pending
464fc85d-13dd-4e58-a4a8-dc516ae23a99,5d6f84a5-a4de-442e-99b9-b8ef714b4436,2025-05-30T10:16,8,92.48,Online,Cancelled
25e8c330-f89c-43cf-af5d-b7a6f4bca5b2,0df3bae1-6384-4856-aa27-aef9f6c48b75,2024-08-27T10:16,6,34.68,Card,Cancelled
bffcf9f7-fc67-4f68-b331-b6a875bbcc5d,0130fcd4-a6cf-4a72-8400-7bcae1abce34,2024-09-24T10:16,1,29.70,Online,Cancelled
5ef6648e-480b-4df4-90f2-c517708140b8,209e786b-2a61-4e52-a3b2-1cc98bcbf18c,2025-01-13T10:16,9,139.23,Cash,Cancelled
2d83ec7d-837b-418d-ad30-e972b8234b8a,0a0ac3e5-6e20-4fbc-87ec-5481c70e38bc,2024-03-21T10:16,8,123.44,Cash,Pending
fbb93b64-65a6-42f5-a465-208993e3f344,0130fcd4-a6cf-4a72-8400-7bcae1abce34,2025-04-01T10:16,9,222.03,Card,Completed
942543a0-99e4-4268-a87c-e1e60d338801,d87f31d7-79ef-4c17-856e-142e791b04da,2025-03-28T10:16,6,55.50,Card,Cancelled
3e18781b-dbb2-4923-b7b2-22aad463388a,8887df7e-682b-4d48-b18c-c1ddfa0aaa26,2025-09-13T10:16,7,94.43,Cash,Cancelled
b457bc88-dedb-4d11-a458-1af57b2a1523,49af098b-bf79-4643-8e49-739ea932d38b,2025-01-23T10:16,5,101.10,Online,Pending
b4072e1e-71c2-4153-b3c8-e7d9e9530d92,27e45431-1333-4ffd-a0c8-be56ffdc5d4e,2024-09-24T10:16,5,133.15,Card,Cancelled
cd64063b-807e-44c1-879c-f527f32332e2,e6cb1215-5314-4d05-bfd1-f6e5d36e89f7,2025-06-19T10:16,1,6.63,Cash,Completed
5a4a00c3-adde-4953-a100-1a5123ce81db,f6c35464-33dd-44a7-bf84-071f2e427045,2025-06-29T10:16,8,235.28,Online,Pending
b8d541c3-c544-4eb2-8cdd-43b53957bb18,000f9c8f-2fc7-4346-844d-c04f10751265,2025-05-09T10:16,9,50.94,Cash,Completed
c5a19cbf-1cf9-496d-b840-52cc8cc108e1,500fde18-ea61-4380-9ea4-f06d09985870,2024-12-11T10:16,8,182.64,Online,Pending
4cfe16de-eef6-48b0-be0d-dc59d6932ab1,23650eb4-f98d-45a3-a90b-a378f03d469d,2024-03-03T10:16,4,25.52,Cash,Completed
0b8e77dd-817e-4f93-9437-21aec0e68c5c,63846b60-b7be-4087-ac6e-56c9bc130a20,2025-05-13T10:16,6,155.64,Card,Cancelled
a23730a0-83c9-41c3-87eb-ea8d783bee91,f0a6a958-e434-41bf-a830-dffa55a34db5,2024-07-31T10:16,9,100.53,Cash,Cancelled
6ce123e5-c3c1-4971-b850-a5f2257b7921,b90a3a7f-421e-47e5-8598-fe50f365a62e,2024-05-02T10:16,9,196.83,Online,Pending
3da30cf3-1f55-482b-a166-d8be1e7d22fc,aac35608-9499-49c5-811a-a059e773c968,2024-12-23T10:16,9,112.95,Card,Cancelled
112a43ce-60d0-4df1-a8cf-925fb6fe462b,000f9c8f-2fc7-4346-844d-c04f10751265,2024-06-20T10:16,6,149.82,Card,Cancelled
6084a40f-7d41-439e-be4d-dfc61df731b9,c83bba2f-5229-4998-9566-1f3179b13e8a,2025-10-06T10:16,7,186.06,Card,Cancelled
4dd96060-ab98-4c8a-a7e1-740dfe0d7152,bfa3444b-2be9-46be-b944-720d86a59770,2024-06-26T10:16,9,122.40,Online,Pending
172b0546-e35e-42f1-a094-722f42fa1a72,2ca088cd-c6c6-4e60-a1a4-d2990ee21b12,2025-06-01T10:16,8,54.48,Cash,Completed
b1704d0e-67b6-432f-bf80-2e4be6769a1c,d5eaf6a7-76cc-48ec-98d9-ba713e2df70f,2024-01-01T10:16,1,19.84,Online,Completed
aede4932-1b25-4516-afdb-8db95fe81baf,02c65c06-56ad-4670-b8e2-10ab417c7154,2024-11-18T10:16,9,125.73,Cash,Pending
0a7a5186-ce49-4e74-b95c-7360dd38e458,1d32c3b3-c732-4995-aa6b-ff159deb3bdf,2025-05-15T10:16,4,89.48,Card,Cancelled
936a18ef-449f-4d65-a429-a602cac41d35,dcfb3d05-846d-4915-99f3-ebbc7559d972,2024-10-25T10:16,5,124.05,Card,Cancelled
87f0dbe2-4f58-4a5f-82ef-fd178f63717c,4739f27f-7a96-4d52-83ae-0c6fd4c8c606,2024-09-04T10:16,1,8.63,Online,Completed
56cdd9ac-c476-41e1-bbc2-a19d238cc99d,67c276b0-7be6-4f3c-bf86-c342095c8112,2024-12-10T10:16,5,148.30,Cash,Pending
1e152ce2-7206-4037-9676-1c0a1304d2c3,f067e21d-d1d4-4e87-9cae-9753f5f9ccb6,2025-01-25T10:16,4,73.40,Cash,Pending
afd8b49a-fc63-4078-8653-e4ea70dff667,52f5634d-de98-4543-8a1e-cbf1e2d0242f,2025-09-26T10:16,2,17.64,Card,Cancelled
cb692913-0421-46d7-9c60-848095103e22,59827b2a-ae17-44b1-bd6f-6f08718559cb,2025-10-25T10:16,6,89.46,Online,Pending
586434c7-fbab-4b2e-aa83-0d8a9472b542,9c53f3f8-5b22-4d77-bd76-cfa6c70e443c,2025-02-09T10:16,7,67.34,Card,Pending
897dee5d-5327-4493-abe9-ee158f636fe0,8250871a-2b35-424e-a1a1-4eb4faffabfb,2023-12-19T10:16,8,224.40,Card,Pending
a63923be-7140-4490-a5ca-3c883f129c95,9305d562-2505-493d-8ed8-3fb721c8f491,2024-09-19T10:16,6,77.04,Card,Cancelled
461f256f-d3e4-4f35-946d-989a82864d50,0a15d43b-8f6b-444a-bef2-ffbddfdbd16f,2024-09-24T10:16,4,94.76,Cash,Pending
fe76e2a9-1ca2-4e01-941c-ee19c9dfa8ba,cb8747c7-32ca-4b6b-868d-13ab01d953ec,2024-06-23T10:16,8,81.84,Cash,Cancelled
b840fe03-866e-484c-80f2-f78783b8de06,5f6e51da-5f01-4c9a-85dd-7d50ef37e5d7,2024-12-22T10:16,2,19.06,Cash,Pending
a78f63b9-4ebd-4577-accc-56f86cdf4d4b,8f7f530b-bb30-4a05-b437-744ed30af54f,2023-11-13T10:16,3,53.22,Cash,Completed
3faf8497-62e5-4928-a825-bb47f83e45ea,d3f641e5-b8b5-4f5f-9155-7768df2033e8,2024-06-10T10:16,2,38.34,Cash,Pending
d386ece9-ed3b-4986-a71e-9220dcd6aae2,0130fcd4-a6cf-4a72-8400-7bcae1abce34,2025-09-07T10:16,5,87.90,Cash,Pending
618bf54d-174a-4906-8a44-1de74fd8752f,74e76582-f1b8-4560-b049-8aebb59d4721,2024-12-15T10:16,8,100.00,Cash,Completed
447859da-e952-447f-84b3-a8b9f4a34c22,05ccd8a5-ea5f-4353-bd1e-3022152b0685,2025-07-27T10:16,4,75.84,Cash,Pending
1ea34690-7c5f-4c59-8b10-d8b31b164b31,6117b6f0-c4f4-4bf1-9eeb-f33950decba8,2024-05-26T10:16,6,105.48,Cash,Pending
d55117df-7d36-41db-9e0e-65c1cce2fd8f,ebbc7df0-770d-44f8-b0ff-c62f9006e40e,2024-09-01T10:16,7,74.97,Cash,Pending
a7f33033-847d-499c-a00e-91e6df6e81c9,ef7fad1f-a86f-4ee1-95b4-ce1f339f0fa5,2025-02-09T10:16,3,55.41,Online,Pending
43ea302b-93ae-4309-888f-0ae3d09bd311,3910ab11-8758-4a4f-8a9b-c4f5df7413c4,2024-10-01T10:16,9,158.22,Card,Pending
32666e17-8e6a-43ec-b4dd-7dd3e357218e,71f17b36-2c37-4cfa-bf8a-894fa94c0e9b,2025-04-12T10:16,4,43.04,Online,Pending
8a3272e1-5b98-481a-a639-31011e5a4c4b,953417c6-cd52-45e9-9ca0-bb450653c934,2024-02-16T10:16,7,207.90,Online,Completed
f152f249-01be-4d97-afcd-ad71746444f1,c9dcc28a-ae5f-477c-ae7e-72d94129f449,2023-12-10T10:16,5,136.50,Card,Completed
7a901882-6e62-41ec-b840-50d0dfcbf08d,d5cfb1a3-ce2f-4aff-ab4c-50e0c5426af1,2024-06-24T10:16,4,116.44,Card,Cancelled
e011690b-2c4a-4b39-a3d6-2983e2065f31,67c276b0-7be6-4f3c-bf86-c342095c8112,2025-03-16T10:16,4,89.00,Cash,Cancelled
6316f670-bd42-4ec5-ab5b-d653bde0a38b,77ca464a-fe0d-4dcc-8f08-3eb2f7b64f76,2024-09-25T10:16,8,102.64,Cash,Pending
18b53ba1-9a67-4f55-846a-036d81697be5,89d26a00-0fde-4c03-8430-b06f6bc3f33a,2023-12-20T10:16,4,73.08,Card,Cancelled
a3854cf1-dba4-4954-af03-55740084c2c5,b0d737cd-ec4b-4a88-aa81-d012ef3fb719,2024-06-22T10:16,2,28.78,Online,Cancelled
9ed211c6-2245-4d7e-81d4-2a0a355c1395,3ab3404a-ee80-4ed2-8d90-a6f0dad14e48,2025-08-04T10:16,6,53.22,Online,Cancelled
2bd3f5cd-228e-43ce-a862-bcd9dc4a8abe,b90a3a7f-421e-47e5-8598-fe50f365a62e,2024-10-07T10:16,5,144.90,Online,Completed
4d9f7aff-21d6-42c1-8550-2c3892656907,aff4340c-d102-49ba-af8e-84d2737ce82c,2024-11-23T10:16,9,104.40,Cash,Pending
e9e391c1-fc7a-413d-bf68-be2a3639d48d,65b2c0ea-6192-47fc-9286-2c1dd3ecefb1,2024-01-25T10:16,3,74.16,Cash,Cancelled
5890a8bc-050b-4708-8d7e-6f44d0149f8d,d33bbfcd-a2ca-4e80-8a1c-65223f061e7e,2025-03-21T10:16,1,12.93,Online,Completed
2a216643-adbc-4c40-9ecd-877625e76ebb,bb6bf39c-f455-4e08-a59e-1bdaaa91d4aa,2023-12-21T10:16,5,87.20,Card,Pending
7cb0cde0-bf83-45a3-9ad5-869399253c37,0e0d5f13-edd5-4ab0-9ddd-3df111bedc5a,2024-04-09T10:16,3,42.36,Online,Pending
f343df45-338d-46bd-a0f4-691b030dcaab,2c6dafc9-06cc-4b3d-8b8d-12aae0644c58,2025-09-09T10:16,1,8.62,Cash,Cancelled
3c65bba7-bf8b-4dcb-9792-6d004becb27b,ebe19120-496a-47fa-87eb-2440212a3363,2024-03-09T10:16,6,164.28,Online,Completed
9699ee09-5e09-4a1a-a79a-322ee250ce2d,8113211c-bdc3-4bb0-94d9-3fd3871f3005,2024-11-03T10:16,6,102.72,Online,Pending
45310e78-5214-4fd3-984a-c0aa0b0b3a40,26d032f1-9fe9-487a-987a-a8be14e1db05,2024-11-25T10:16,7,97.79,Cash,Pending
72ac57b3-bfc7-43f6-bed8-dd406305a095,e277d099-db2a-4aee-ab86-8b0e73a34383,2025-10-08T10:16,6,33.78,Card,Cancelled
9d066ad2-cf11-4a3e-9f92-061fc8bb4609,8887df7e-682b-4d48-b18c-c1ddfa0aaa26,2024-10-12T10:16,1,22.83,Card,Cancelled
5a6664a2-d248-42db-9d2e-c7a88019edf0,1407e9cf-22c9-4137-a2fe-cc12dc038235,2023-12-24T10:16,5,84.65,Online,Completed
5a14f65e-9c11-430a-bd62-8618a7dcc4ad,27e45431-1333-4ffd-a0c8-be56ffdc5d4e,2024-07-31T10:16,2,47.48,Cash,Pending
9fbfa465-1926-4c3f-9484-b02bcb6ef94c,8b115a34-224b-453c-be69-b53a7445b466,2024-08-29T10:16,6,153.48,Cash,Completed
6d2ddf74-31e1-4edb-a119-b1d3ac4289c7,23650eb4-f98d-45a3-a90b-a378f03d469d,2025-08-26T10:16,2,14.50,Card,Completed
48ca9ff1-d4f2-4d3a-86ca-68d2b02503ce,02c65c06-56ad-4670-b8e2-10ab417c7154,2024-01-11T10:16,6,46.08,Cash,Pending
b3b67fba-9239-4809-8fe7-e231052995d8,6e551d53-4f6d-4b84-a9de-3d7c79694805,2024-03-30T10:16,8,118.40,Online,Cancelled
b0318a2b-ad36-4bf8-8fc0-3c968de19360,8113211c-bdc3-4bb0-94d9-3fd3871f3005,2024-10-04T10:16,1,24.92,Online,Cancelled
44880623-2f7b-43f7-b518-0f684ab83cae,09ba4183-1b94-4f8c-bc5f-eca421a88524,2025-01-16T10:16,9,142.20,Card,Pending
633d45d3-f93d-4c8b-a745-4f0b3795ba02,3ab3404a-ee80-4ed2-8d90-a6f0dad14e48,2024-04-20T10:16,5,25.20,Card,Cancelled
686f9579-c39b-47f0-8a38-f7025ced3676,fe624323-ba72-456d-9842-ed9e0edc75df,2024-09-18T10:16,2,49.00,Online,Completed
88ccfc3c-7497-4152-a2f6-0b8cb651198f,d5eaf6a7-76cc-48ec-98d9-ba713e2df70f,2025-09-15T10:16,4,80.16,Online,Pending
3e7a616b-e37b-4934-a315-7764935d02e3,6bd388d4-5636-450b-bacd-55bdcb769bab,2025-04-11T10:16,2,51.44,Card,Cancelled
fc144246-9ad3-4b05-859a-088347b6219c,b04ce307-2d1f-4214-b023-d8f4379041a1,2025-08-07T10:16,5,100.25,Online,Pending
5f7a519c-5e45-418d-bfad-45d9f07fff83,824998a2-7592-4051-ab0b-d5e12743c93b,2025-06-06T10:16,6,146.52,Card,Pending
9851ba99-5fb5-4878-930a-ccf458210000,c46351bf-193f-49af-a5d6-456188837c3d,2025-10-22T10:16,3,15.45,Cash,Pending
b0808ded-4554-4eb3-9f51-417f7d932e11,63846b60-b7be-4087-ac6e-56c9bc130a20,2025-06-17T10:16,4,118.48,Card,Cancelled
15c80da6-857a-440d-916f-c3f4aa9efed4,65b2c0ea-6192-47fc-9286-2c1dd3ecefb1,2025-08-26T10:16,5,88.85,Cash,Pending
858f9f10-2112-41ac-8e6f-0360d78fe64a,fe624323-ba72-456d-9842-ed9e0edc75df,2024-01-26T10:16,8,40.08,Cash,Cancelled
4170ff44-a3b0-4b9a-bffb-107795313327,0a570207-0f70-467f-bbeb-44a0a60a9a25,2025-09-21T10:16,8,177.12,Online,Completed
d5948423-9728-42bd-9645-d7d64591a961,6bd388d4-5636-450b-bacd-55bdcb769bab,2024-01-21T10:16,6,40.62,Card,Completed
5a55cb1e-4228-40d0-b329-264f2e6390b7,910b1d47-5c37-48b1-8bde-96c60660f1d7,2024-04-06T10:16,3,28.11,Cash,Completed
6c1ba839-d5d3-4b91-80c8-caa07a1a3c37,8113211c-bdc3-4bb0-94d9-3fd3871f3005,2025-09-26T10:16,8,198.16,Cash,Pending
35393905-252d-4431-a013-24e768ca75a6,2ca088cd-c6c6-4e60-a1a4-d2990ee21b12,2024-01-17T10:16,5,56.05,Cash,Completed
47c213c0-c5ec-4098-a3b7-163a6a81eb11,8e1bbe6c-7b75-46dc-8ca1-0b1664cd6ae4,2025-02-27T10:16,2,51.64,Online,Cancelled
b9074dd6-d5d2-4765-bc2e-e84949162eab,6c3bf618-a715-40f9-9faa-cfc5f5beef2f,2024-12-31T10:16,6,34.98,Card,Pending
e73c11e7-acd5-45a5-8e67-59a09df972f5,c1a09d60-c9e8-4489-a68e-e01b51541d33,2024-11-26T10:16,3,41.40,Cash,Cancelled
c93061bd-159b-4853-8045-0f4784ff6b3a,02c65c06-56ad-4670-b8e2-10ab417c7154,2025-08-22T10:16,2,16.54,Cash,Cancelled
282b2dc1-b1bb-4695-ac61-b67b853e1508,d7af10ce-45c9-4fc8-8dd8-b1c5491aad5f,2024-09-18T10:16,6,45.06,Cash,Pending
e2235513-2c56-4143-966e-97a89b1b83a3,c3ffc43c-0c11-40fa-9824-f234161741d0,2024-10-28T10:16,5,66.45,Cash,Pending
a671e82e-6268-4d4b-bbc3-6a0f5d1d9d2b,caca465c-e9f2-4add-91b5-24c70595e321,2024-02-15T10:16,1,19.92,Online,Cancelled
738ba3f2-f1a5-490e-9378-77ce1e67944f,4e6807ca-aed8-4ec9-b1b0-0e3aba57efb1,2025-07-31T10:16,1,13.02,Card,Pending
5ea1e30e-1485-40ca-8c8d-bd57f389e251,93cdeef1-3fc3-4a63-a275-0ae87ae6b335,2025-03-01T10:16,6,93.60,Card,Cancelled
afd16c2b-16ab-4c89-9487-fc351549b8c4,b6c26110-1b77-4777-8c79-c69ec19b66df,2025-05-09T10:16,1,5.14,Card,Cancelled
42698c37-213e-4359-8ba7-2946630c7493,ba5d9947-b043-4aca-8ee0-6b77895cf8e8,2024-04-21T10:16,4,79.88,Online,Cancelled
8b659df9-f7a1-4808-a212-cb45dcd33257,941529ef-2114-4bff-907a-4596ff4593a1,2024-12-02T10:16,4,47.56,Card,Completed
60cc7592-4e52-4b45-8987-1d7fe8c76da0,4b14a58c-f1e4-40b6-888d-a88cd7055099,2024-04-23T10:16,2,59.66,Cash,Pending
74332b8a-dfbd-4ecd-b2d3-31883103a3eb,8626238e-5813-415a-9a8c-db944b1e0269,2024-08-01T10:16,4,53.08,Online,Cancelled
1d9ed467-9e8a-4229-9503-66448b41017d,4e6807ca-aed8-4ec9-b1b0-0e3aba57efb1,2025-10-26T10:16,6,87.24,Online,Completed
c748993b-1c80-4469-afda-ec74819b644c,e6cb1215-5314-4d05-bfd1-f6e5d36e89f7,2024-02-24T10:16,7,48.86,Online,Cancelled
de6ecf25-67c7-442f-87a8-fa5609676841,62a2bfef-ca4a-4dec-90ea-bf15ea1880d2,2024-03-27T10:16,1,28.25,Online,Cancelled
02e726b9-1cf5-4ff0-8eec-707d597d2096,60cd80b6-3967-4dae-b4df-adc7b5644971,2025-08-02T10:16,3,63.15,Online,Cancelled
92089d17-a425-4dcd-930f-4bf2f71393fb,92da274a-bea2-490a-bb52-196c46fa8487,2025-09-18T10:16,8,129.92,Cash,Completed
c30c96fb-8ea9-4a73-a2b7-1d5963d0510e,3910ab11-8758-4a4f-8a9b-c4f5df7413c4,2025-07-15T10:16,3,29.82,Online,Cancelled
251fe74d-674f-4982-9892-0ac0354c06d3,bb6ceda0-3f7a-4dfa-9862-41a88dd468b2,2025-09-03T10:16,3,16.65,Online,Pending
9d60848f-5d9b-4b7b-8126-3d31f0954dec,bfa3444b-2be9-46be-b944-720d86a59770,2024-12-06T10:16,9,192.06,Online,Pending
626fa635-d97c-40f5-8581-ec877f793f36,60cd80b6-3967-4dae-b4df-adc7b5644971,2023-11-30T10:16,4,91.48,Cash,Completed
a79f2759-618a-45d2-aa40-431586a5cb17,0130fcd4-a6cf-4a72-8400-7bcae1abce34,2024-11-28T10:16,6,166.38,Online,Pending
c567a757-edb8-4b5a-8fa2-4a49cf90518a,4e6807ca-aed8-4ec9-b1b0-0e3aba57efb1,2025-10-28T10:16,6,124.62,Online,Completed
f65858e6-d929-44a8-9722-2eb5e83e7401,36b880b0-e9bd-4c0b-8f1c-32018f6c758a,2025-06-18T10:16,9,225.27,Card,Cancelled
c10a1501-f7a5-40fe-a82d-0ed6cd640df8,98b17fed-218c-4f20-8410-9f0edfc74455,2024-11-12T10:16,5,141.10,Cash,Cancelled
ec05eaba-a881-4616-96cf-139589dd866b,0df3bae1-6384-4856-aa27-aef9f6c48b75,2025-06-24T10:16,4,27.00,Cash,Completed
ab3f1e02-1c0b-4aae-99fa-8f011b6fc474,71f17b36-2c37-4cfa-bf8a-894fa94c0e9b,2024-08-11T10:16,5,132.00,Online,Cancelled
d0cdf23a-276c-4d49-8c0c-207363c675a2,e12c3d24-86c8-474f-b86b-370df36adbfe,2025-03-24T10:16,1,12.20,Online,Completed
87bf9442-9ee4-4a79-9578-48d36516ffa7,8b115a34-224b-453c-be69-b53a7445b466,2025-03-27T10:16,2,50.38,Online,Pending
e93b1127-5fd4-4cb1-b9c7-75cbf56da6a5,25659c0e-6eb5-4c57-add8-fb6ac5f42699,2025-04-01T10:16,5,110.05,Card,Pending
291406b6-5214-46a9-8e65-a7f1ef31fa99,103fcba5-5588-45a5-9fe0-6ac948d3860e,2024-05-24T10:16,5,111.25,Cash,Cancelled
17c02bcb-c1f6-4473-8c42-8711787219f7,c63bd277-c81c-40c5-8720-6ce916d653c4,2024-12-31T10:16,5,144.30,Cash,Pending
644e0ebe-2f9a-4e68-8afe-97fd7ad8a059,aff4340c-d102-49ba-af8e-84d2737ce82c,2025-01-11T10:16,7,141.54,Online,Cancelled
4ebc09db-f6d4-4bf8-a42f-3b42d3a16612,964d337f-acd5-4ca2-8843-9be3f2eb60fc,2025-02-26T10:16,1,12.75,Cash,Pending
80120dd1-40bc-404c-a02e-a3899b1e0e0c,62a2bfef-ca4a-4dec-90ea-bf15ea1880d2,2025-04-11T10:16,4,49.48,Card,Cancelled
449e48ad-5167-47b5-8c61-eafd9e28cb88,5f6e51da-5f01-4c9a-85dd-7d50ef37e5d7,2024-04-01T10:16,5,128.70,Online,Pending
9b5c701f-ce1a-41ba-b45d-cd533d2eca74,6945f6f4-b8f9-4d04-90ff-e59ed705578e,2025-03-20T10:16,8,68.40,Online,Completed
8cccdb05-6921-4c24-9551-817363356657,5f0f3def-9ff6-4282-ad04-001c4a769966,2025-04-04T10:16,6,143.70,Online,Cancelled
c0556e9d-ceaa-4cc7-970b-cf9f431298d2,f067e21d-d1d4-4e87-9cae-9753f5f9ccb6,2025-10-22T10:16,4,51.16,Cash,Pending
47fb9a3c-9ae0-4ac6-9521-fa5b2a147545,c3ffc43c-0c11-40fa-9824-f234161741d0,2024-11-20T10:16,3,80.55,Cash,Completed
f0fd69cc-fae8-4db8-abe7-0d69a4954865,0df3bae1-6384-4856-aa27-aef9f6c48b75,2024-09-24T10:16,1,6.97,Cash,Completed
32d648a5-54fd-4860-b89f-8ef3aa171917,e886c155-0dae-4b36-88f5-a86fa474d1f6,2024-04-01T10:16,7,42.14,Cash,Cancelled
d1c3fa71-7a22-4fc4-bdf4-26896be74c96,0dd437d0-74fa-43c3-8909-5c955e4d47dd,2024-04-23T10:16,9,76.05,Card,Pending
057c3853-b9de-43bb-8c11-d680c47f983f,02c65c06-56ad-4670-b8e2-10ab417c7154,2024-07-29T10:16,4,65.76,Cash,Cancelled
28af5462-52de-4f1a-8573-9af65ccbbf1f,4e6807ca-aed8-4ec9-b1b0-0e3aba57efb1,2025-02-09T10:16,5,143.60,Cash,Pending
f1ba975e-f579-4c78-93d6-be12bc11eab7,e7991221-0de0-4ef8-aa9c-ca3b59197059,2024-05-23T10:16,4,63.24,Card,Completed
6d38dbdc-5698-4694-abfd-0aa21b984cb1,b6c26110-1b77-4777-8c79-c69ec19b66df,2024-05-21T10:16,8,236.56,Online,Pending
cce2624b-c76a-4269-bfa9-7a3546822651,fbe227d7-6d32-4407-9783-7fdac983e55f,2025-01-21T10:16,2,59.92,Cash,Completed
b6960461-7e4a-4d40-956a-da1c878f6320,d87f31d7-79ef-4c17-856e-142e791b04da,2025-03-23T10:16,7,129.29,Cash,Completed
7d7005db-bb93-466b-8d76-bbb74dadd4d4,c83bba2f-5229-4998-9566-1f3179b13e8a,2025-05-24T10:16,6,120.30,Cash,Pending
6432b2fa-c960-4bb4-8913-49b860ac5ff3,953417c6-cd52-45e9-9ca0-bb450653c934,2024-04-10T10:16,6,124.74,Online,Pending
b5f73cab-52fa-47f2-95dd-39ee4bb9c69e,9305d562-2505-493d-8ed8-3fb721c8f491,2024-01-09T10:16,9,211.05,Cash,Cancelled
108f210b-771f-4bb3-8b7b-a3b5878aa17b,4b14a58c-f1e4-40b6-888d-a88cd7055099,2025-05-28T10:16,9,97.83,Cash,Completed
61374c3d-2f65-4471-b7b0-166f26b947d0,d5cfb1a3-ce2f-4aff-ab4c-50e0c5426af1,2025-10-28T10:16,4,22.72,Cash,Completed
6612f185-31bb-4de8-a07b-9f73ca317fbb,53db1213-7316-47bb-9099-c1def0e3c96b,2025-05-25T10:16,2,45.26,Card,Cancelled
df8bd5e9-9bc2-43a3-8d13-02fbc2327a4d,c63bd277-c81c-40c5-8720-6ce916d653c4,2025-05-20T10:16,1,8.20,Card,Cancelled
3705804e-54c4-4e6d-acc1-743b37fd5212,953417c6-cd52-45e9-9ca0-bb450653c934,2025-04-26T10:16,4,79.76,Online,Pending
b5f2231c-007b-4092-8520-11301722e756,09ba4183-1b94-4f8c-bc5f-eca421a88524,2024-10-08T10:16,5,106.25,Online,Completed
12ed9869-36c7-41d7-8e83-918a7e5a3b29,d7af10ce-45c9-4fc8-8dd8-b1c5491aad5f,2024-06-26T10:16,9,204.57,Card,Completed
f64bd06c-688f-4652-a547-d4c832aee8ce,9b9edd1e-b4f7-414c-b8b5-a3dc51fa0a8c,2025-04-28T10:16,8,228.80,Online,Pending
33ff52f2-f923-464b-88ab-9fde3d61fe12,6aaabc79-3d35-410f-bb96-f86a3930d0ff,2025-06-11T10:16,5,89.65,Online,Completed
2ffb0045-da95-4662-a0e1-9a33ce7d1c0b,8250871a-2b35-424e-a1a1-4eb4faffabfb,2024-06-17T10:16,8,222.00,Cash,Completed
cf368557-3065-4271-adce-b586b215b4d7,5d6f84a5-a4de-442e-99b9-b8ef714b4436,2024-05-10T10:16,9,217.98,Cash,Cancelled
605e467c-a14b-4503-a879-e1cd3394f217,c9dcc28a-ae5f-477c-ae7e-72d94129f449,2024-01-04T10:16,7,60.20,Online,Completed
400cac46-13da-4c8e-932a-c6b20fec88ea,aff4340c-d102-49ba-af8e-84d2737ce82c,2025-11-03T10:16,5,62.00,Online,Cancelled
fd9c5b91-6cee-4885-aa92-cdbe1558566f,e38afcd9-9e08-47ba-bc92-5ebb4bc271eb,2024-05-23T10:16,2,50.06,Card,Pending
e32f061b-37ff-4b7f-aadc-0a33342dbcec,9c53f3f8-5b22-4d77-bd76-cfa6c70e443c,2024-11-28T10:16,8,47.44,Online,Pending
b84cf9d9-40c5-4026-831a-cf2c78d2bd80,93cdeef1-3fc3-4a63-a275-0ae87ae6b335,2023-11-16T10:16,9,82.71,Online,Cancelled
23dfeb1f-476f-4707-b0b7-c2837d0f4cff,d3f641e5-b8b5-4f5f-9155-7768df2033e8,2025-08-03T10:16,2,13.84,Online,Cancelled
a91c237f-cb61-4c45-9468-940ea7420929,aac35608-9499-49c5-811a-a059e773c968,2024-11-24T10:16,1,23.18,Cash,Cancelled
46bccd1b-7daa-4c36-b4bc-6e20a3e7daf6,824998a2-7592-4051-ab0b-d5e12743c93b,2024-02-21T10:16,6,141.96,Card,Completed
b7585ecc-ec5b-4da3-9b64-49f8a1a00bc9,bb6ceda0-3f7a-4dfa-9862-41a88dd468b2,2024-08-22T10:16,3,76.38,Online,Completed
ce3af134-7ccd-4a6f-bdb7-38d585c1f7c9,8b115a34-224b-453c-be69-b53a7445b466,2024-09-03T10:16,4,22.92,Cash,Pending
e535ddd7-7ce1-43aa-aa4f-57e6f528e16c,6f61ca8e-51a1-48e0-abfa-88326e713e34,2025-06-02T10:16,3,72.06,Online,Pending
f0d91fae-19ab-46b0-8326-d3edff0dc48c,52c87fd9-fdf0-4256-b929-6153ad24a0ac,2024-08-07T10:16,8,157.52,Cash,Cancelled
6ff8e039-fc83-42bf-87f8-f52c07e6febd,e6cb1215-5314-4d05-bfd1-f6e5d36e89f7,2025-09-03T10:16,3,84.54,Cash,Completed
f246afcf-7bf8-4530-9d20-5cfe8845b5ea,5f0f3def-9ff6-4282-ad04-001c4a769966,2024-07-29T10:16,3,47.64,Cash,Completed
9a0c153d-92a6-48be-95b6-c525b5bc4f22,73a2b03c-2dca-486e-8ebc-c4d6bb68a8c6,2025-02-24T10:16,6,79.50,Cash,Cancelled
1173b6b2-a98e-4471-b9c2-0238be9fe016,dcfb3d05-846d-4915-99f3-ebbc7559d972,2024-04-20T10:16,2,59.60,Online,Completed
377f642c-af7f-48ca-bb5c-da8147e56c38,7169ef0c-f2c8-4ae3-83f6-87691664d2d2,2025-04-30T10:16,4,70.68,Online,Completed
d3538356-9abc-4c0e-b5a3-c6357a0b45e9,4e6807ca-aed8-4ec9-b1b0-0e3aba57efb1,2024-12-02T10:16,1,14.99,Card,Completed
2611d015-4727-4a32-8aed-7b604778b651,23650eb4-f98d-45a3-a90b-a378f03d469d,2024-01-02T10:16,8,133.60,Card,Completed
03c907d1-705f-41f8-a75e-b965c3e059a4,23650eb4-f98d-45a3-a90b-a378f03d469d,2024-01-08T10:16,2,18.94,Cash,Completed
3ea9a451-7256-494a-b7e0-2333b9f9d90c,8250871a-2b35-424e-a1a1-4eb4faffabfb,2025-09-05T10:16,8,87.20,Card,Pending
16bda625-47c3-4fa5-af3f-7d1ea019eb4e,6e551d53-4f6d-4b84-a9de-3d7c79694805,2025-04-26T10:16,9,236.61,Card,Completed
00164f51-f592-418f-a3a7-5b9d59231617,e6e1db85-f8ba-4264-9c9a-520ecda4bc4c,2024-04-11T10:16,7,60.34,Card,Completed
93ea8f08-fe82-4e8f-835d-471c6a06789a,3910ab11-8758-4a4f-8a9b-c4f5df7413c4,2024-08-10T10:16,3,87.84,Card,Completed
1fc50dbe-e5f3-4068-b1e1-d56dec53c6a5,500fde18-ea61-4380-9ea4-f06d09985870,2025-02-02T10:16,4,78.96,Online,Pending
db3977df-ac44-4759-9943-39fef70d6c26,a5ffc907-be77-43e6-8694-4a0bf09bd3fb,2024-07-31T10:16,2,16.16,Card,Cancelled
c145b2c0-eb6f-40af-910a-f773c2d48558,500fde18-ea61-4380-9ea4-f06d09985870,2023-11-28T10:16,6,178.26,Online,Completed
0b6428de-2501-47ea-a664-5b633f1aa8f7,401a6911-a31e-4892-adc1-56e3e1eb090a,2025-01-21T10:16,5,36.80,Card,Pending
59256c8b-ac14-4560-9960-b4a3181b4a4b,428424b7-1f94-496a-8b7a-497ce177d32c,2024-05-21T10:16,7,74.27,Card,Completed
87089191-dade-494c-a2c3-3ddfbc9be618,a938df5f-7764-459c-8bfd-90409d16b3c6,2024-05-06T10:16,2,58.64,Online,Pending
56877f39-7147-4f16-adc4-f8a32c7448c8,5f0f3def-9ff6-4282-ad04-001c4a769966,2024-05-02T10:16,4,27.16,Card,Completed
e25e9140-a2c0-4aaf-aca6-a9a060d5fada,98b17fed-218c-4f20-8410-9f0edfc74455,2025-01-28T10:16,4,50.72,Online,Cancelled
d3c89891-254c-415c-bbee-63d9f885a476,6b1178fc-1745-401d-88da-3903c243ebe9,2024-03-19T10:16,6,169.02,Cash,Cancelled
eee4096b-78db-411f-b46f-d2ebf67650dd,8887df7e-682b-4d48-b18c-c1ddfa0aaa26,2025-03-17T10:16,5,140.70,Cash,Completed
f010808e-5a2c-4529-b51d-3d52cd6e7a4a,ef7fad1f-a86f-4ee1-95b4-ce1f339f0fa5,2024-03-12T10:16,7,147.28,Card,Pending
e1648154-b658-4445-810d-1164a27077db,0d463f72-c3a1-4a2b-8d0d-1721a0d1a06b,2025-07-20T10:16,8,145.76,Cash,Pending
0713e64a-493a-4f42-81b3-e385e5370bbd,401a6911-a31e-4892-adc1-56e3e1eb090a,2025-05-15T10:16,2,27.68,Online,Cancelled
01f8fcc0-c6a1-4c7b-a7ea-10d5dd4db362,d6d4ef4b-0870-48aa-b884-013237f255f4,2025-07-15T10:16,4,49.40,Card,Cancelled
b0852a3e-13b1-4e9f-9001-087e83f263e4,9c53f3f8-5b22-4d77-bd76-cfa6c70e443c,2025-05-20T10:16,7,117.74,Cash,Pending
572ce521-7733-468f-a4dc-9a37085553ed,ada8704c-2784-4d70-84da-10078407d2c8,2024-01-28T10:16,1,15.13,Cash,Pending
3132fd84-a0b8-4db0-9f6d-f7146c45b7ce,8f7f530b-bb30-4a05-b437-744ed30af54f,2024-04-07T10:16,4,55.80,Online,Cancelled
897de227-5572-4e63-9181-d2ce1c8a4f87,401a6911-a31e-4892-adc1-56e3e1eb090a,2025-11-06T10:16,4,107.36,Online,Pending
2795c66d-25bc-413d-962a-1a32fd0f910a,f3826f04-0dfa-4266-8002-58fede0093f5,2024-10-23T10:16,9,99.18,Card,Cancelled
adbf81b2-2bb5-4df3-b46c-8cf0a4af5a12,cf65c4b6-4c1c-420b-95de-23e5b56ffad5,2025-06-08T10:16,8,84.24,Cash,Pending
db0eadbc-7c44-450d-aa65-b4118cf0dcee,b95f7619-fab2-4df9-8683-1f2aeb93a660,2025-05-27T10:16,1,6.80,Online,Completed
991abee8-7916-4f6b-aaee-aea956c8685e,e886c155-0dae-4b36-88f5-a86fa474d1f6,2025-10-09T10:16,9,236.97,Cash,Completed
5e7a98c0-bfd1-427d-b8bb-fe7b168e76cf,3910ab11-8758-4a4f-8a9b-c4f5df7413c4,2024-07-18T10:16,2,26.78,Online,Pending
e5dfdbd5-2507-4b25-abbd-fbe09497ea3b,c1a09d60-c9e8-4489-a68e-e01b51541d33,2025-04-28T10:16,5,25.50,Online,Cancelled
651d25e8-0f9f-4ad1-ae85-705c942f2c33,62a2bfef-ca4a-4dec-90ea-bf15ea1880d2,2025-03-15T10:16,5,71.65,Card,Cancelled
cfde739f-8bef-4ff0-a25e-5675eb752981,ef7fad1f-a86f-4ee1-95b4-ce1f339f0fa5,2025-02-15T10:16,7,182.77,Card,Cancelled
8d129828-c408-4fa3-ba55-b09962763196,68169a66-a8d4-4763-914e-7befc826445b,2025-03-02T10:16,8,96.32,Card,Pending
dd786bd1-7042-4e89-b134-1da141895923,52f5634d-de98-4543-8a1e-cbf1e2d0242f,2025-04-06T10:16,3,31.50,Cash,Cancelled
d00ebd2c-b6d0-4636-97c3-51ecbe58bab7,7c991f43-c18b-4404-8826-97691b0dc00c,2025-10-13T10:16,2,29.98,Card,Completed
8fb9170d-ee4e-426b-9738-15c282db5eb9,14eace30-1ac2-411e-8eef-98e8f32a87fb,2024-08-03T10:16,6,114.96,Online,Pending
e48b40bb-a3c3-4df8-8211-0ffee830dc33,ceafdb2a-788d-48e0-acdd-bd533a2e7ab6,2024-10-16T10:16,6,80.46,Online,Cancelled
99c2b679-b4b2-44d9-a6f4-0b38e61352df,7a18d550-38d0-40b2-84a7-547162e7e409,2024-04-28T10:16,9,254.79,Online,Cancelled
0e337883-153c-44af-9108-bd235d2f648b,8b115a34-224b-453c-be69-b53a7445b466,2024-10-28T10:16,6,107.46,Cash,Pending
2ba8f29e-4018-481d-9902-132d438e9e1a,7a2e5fa5-096b-4701-8ce6-7a3db39bf8eb,2024-04-17T10:16,5,123.90,Online,Cancelled
233b5e8c-f73f-4249-b52a-813be86b4cd0,56a75a3e-a944-4147-8cba-f1024726993f,2023-12-15T10:16,8,133.76,Online,Cancelled
62c58155-f66a-4ba9-867e-32c67380941c,53db1213-7316-47bb-9099-c1def0e3c96b,2025-08-04T10:16,3,34.86,Card,Cancelled
009b2a81-f64d-44e2-9dd3-0617b533fda3,8113211c-bdc3-4bb0-94d9-3fd3871f3005,2023-11-29T10:16,3,46.86,Online,Pending
2ec3b8d7-f232-4361-a87e-8406a766933b,8113211c-bdc3-4bb0-94d9-3fd3871f3005,2025-03-07T10:16,9,223.02,Online,Cancelled
11b3234d-ef4c-4787-aafe-eaef4768b53d,ecf1ffb0-ac00-4968-87ea-8beef4ace55a,2025-04-20T10:16,5,59.55,Card,Pending
165f6177-bff1-4e86-8629-7a5b836901ed,98b17fed-218c-4f20-8410-9f0edfc74455,2024-11-02T10:16,8,191.44,Online,Cancelled
7a59b86b-5f24-4e60-91ed-b2ae59d90798,e119f98a-df63-41dc-8e01-bb49ca2dc724,2025-09-17T10:16,9,244.08,Card,Cancelled
d44ed21f-aa18-4439-a504-25ea957ae109,dcfb3d05-846d-4915-99f3-ebbc7559d972,2024-08-25T10:16,2,16.94,Cash,Cancelled
1e649747-c092-4528-aab7-ba2bf9874354,8e1bbe6c-7b75-46dc-8ca1-0b1664cd6ae4,2025-03-24T10:16,2,17.10,Card,Completed
33e14d05-5be1-46d8-8c34-e01af94e1356,98b17fed-218c-4f20-8410-9f0edfc74455,2025-03-25T10:16,6,148.38,Card,Completed
bb0750af-6770-44d7-bd2a-46c24e898f0a,1407e9cf-22c9-4137-a2fe-cc12dc038235,2025-01-11T10:16,4,22.72,Card,Completed
1281c237-d1a5-47a4-921a-c19daa9b7d10,c46351bf-193f-49af-a5d6-456188837c3d,2025-05-16T10:16,9,76.50,Online,Completed
6236613e-daac-41d3-a17e-5c50d30781f7,e6cb1215-5314-4d05-bfd1-f6e5d36e89f7,2024-12-24T10:16,7,64.26,Card,Completed
17f6d1f0-4814-4e48-939e-270585cef04e,824998a2-7592-4051-ab0b-d5e12743c93b,2025-08-06T10:16,2,54.60,Cash,Cancelled
