order_id,restaurant_id,order_date,items_count,total_price_usd,payment_type,status
f6639870-3606-4d87-a7de-4d2ff60cac87,cb8747c7-32ca-4b6b-868d-13ab01d953ec,2025-10-20T10:16,2,36.74,Online,Cancelled
48e2327c-78f6-49e3-8a50-a9cda4fb4c26,e886c155-0dae-4b36-88f5-a86fa474d1f6,2025-10-24T10:16,3,76.89,Card,Cancelled
b1a4a78d-3a0e-4efa-bf08-b2968631919f,92da274a-bea2-490a-bb52-196c46fa8487,2023-12-30T10:16,4,69.16,Cash,Cancelled
93d41474-a279-4bed-a7e6-514b59bd0d37,f0a6a958-e434-41bf-a830-dffa55a34db5,2025-04-21T10:16,3,67.86,Online,Pending
4d4301b8-bdee-4232-9e80-1b4cdfe61e06,ada8704c-2784-4d70-84da-10078407d2c8,2024-03-10T10:16,5,106.90,Online,Cancelled
33a072d7-45b8-4e95-b70c-828d8e5f8d7f,67c276b0-7be6-4f3c-bf86-c342095c8112,2024-04-17T10:16,5,130.40,Card,Cancelled
a688723e-945c-472e-8069-612be8cbc039,bb6ceda0-3f7a-4dfa-9862-41a88dd468b2,2025-03-30T10:16,5,61.70,Cash,Completed
860065a3-a581-4e88-9bfa-23eb46bb30f5,0d463f72-c3a1-4a2b-8d0d-1721a0d1a06b,2025-09-27T10:16,4,59.64,Card,Completed
2636be85-6c32-4e5b-8161-9e34a31dafba,8f7f530b-bb30-4a05-b437-744ed30af54f,2024-11-18T10:16,9,176.49,Cash,Cancelled
57cf9113-9b66-43b4-9224-4579bc520a32,e7991221-0de0-4ef8-aa9c-ca3b59197059,2025-01-04T10:16,2,27.58,Online,Cancelled
2ca4a0e7-84a8-47f2-bfde-4a21bae085af,9fa382f0-8393-48db-ad30-43c953282401,2025-05-15T10:16,7,55.16,Online,Pending
71765fad-d5dc-42f1-9bf3-d4af0bbc107a,14eace30-1ac2-411e-8eef-98e8f32a87fb,2024-12-26T10:16,1,28.86,Card,Cancelled
e55e9e20-73d1-47cf-8d13-6aed17871f7b,ef7fad1f-a86f-4ee1-95b4-ce1f339f0fa5,2024-03-19T10:16,3,45.84,Cash,Pending
83eafcda-6e39-416f-a229-7330d2ebfa96,a190f67b-21df-46bc-8164-46bdfa00af85,2025-02-06T10:16,6,80.52,Card,Pending
2d304869-62de-41cd-8c00-27f83c798e4a,05ccd8a5-ea5f-4353-bd1e-3022152b0685,2024-05-10T10:16,3,32.94,Cash,Pending
e5776244-365e-407f-ab76-9bd115cbbce6,1407e9cf-22c9-4137-a2fe-cc12dc038235,2023-11-14T10:16,8,143.04,Cash,Completed
2f49897b-dba6-4e2b-b689-d8700b890da8,8113211c-bdc3-4bb0-94d9-3fd3871f3005,2025-10-08T10:16,8,194.72,Cash,Pending
07ec336b-d105-4d39-b28b-b98e3ef2dbc6,6c6a3b10-9747-4dca-a041-4edc22d147b0,2025-02-04T10:16,7,125.65,Cash,Cancelled
1821e5a9-4d5a-4683-9a6a-94a9a85c43c1,73a2b03c-2dca-486e-8ebc-c4d6bb68a8c6,2024-03-24T10:16,9,120.96,Cash,Completed
f7ad9818-7ba8-4ab4-b94e-aff47b25931d,e38afcd9-9e08-47ba-bc92-5ebb4bc271eb,2024-06-12T10:16,2,47.84,Cash,Cancelled
561aa70b-650c-498c-910a-72fa8a96b8b8,4739f27f-7a96-4d52-83ae-0c6fd4c8c606,2025-09-21T10:16,8,224.00,Card,Completed
6bfda854-5e47-48c6-86f8-c7828df6d7b3,4e44f26d-5455-405b-8fdb-63ab8b739ecf,2024-10-22T10:16,8,204.24,Card,Pending
5c2926ea-53a0-479e-a768-66f403c638c6,89d26a00-0fde-4c03-8430-b06f6bc3f33a,2024-09-06T10:16,6,64.20,Online,Cancelled
045be417-cf02-4232-b7ec-85d602c6d563,bb6ceda0-3f7a-4dfa-9862-41a88dd468b2,2024-04-04T10:16,8,168.00,Cash,Cancelled
a783f517-a2a9-4dd4-9e3c-37e52b59f401,935ebde1-5945-4673-886e-1a7a12cc2d4e,2024-10-24T10:16,9,241.11,Online,Completed
689ce967-bb30-4058-8ac1-459f279a90b6,e38afcd9-9e08-47ba-bc92-5ebb4bc271eb,2023-12-09T10:16,4,59.00,Cash,Completed
75139ea8-bf7e-4b40-a42b-067243708ae7,0a15d43b-8f6b-444a-bef2-ffbddfdbd16f,2025-04-05T10:16,4,29.48,Card,Pending
a76472a8-2e07-480c-adb0-08d9b0f52778,205ea7f7-e714-45b8-a083-11247ff702a1,2025-06-11T10:16,4,33.68,Card,Cancelled
bb7209c1-c4eb-447a-9a40-59b76ac86bce,0fcf4084-ea31-49f8-99f9-9bf8c8b0c16b,2024-12-10T10:16,4,79.04,Card,Cancelled
43b9cc55-2f4c-443f-8f0f-53d898cef62a,d87f31d7-79ef-4c17-856e-142e791b04da,2025-01-25T10:16,7,209.09,Online,Completed
5d9de953-6f88-4018-8bc1-d081d2adb489,6f61ca8e-51a1-48e0-abfa-88326e713e34,2025-01-25T10:16,9,177.03,Card,Completed
4e55e883-bec3-4274-8dbe-d4b3fc06da81,8b115a34-224b-453c-be69-b53a7445b466,2025-06-26T10:16,3,61.68,Cash,Pending
0266c681-f7d2-4e44-9474-dacad7b6d5ff,bfa3444b-2be9-46be-b944-720d86a59770,2025-07-20T10:16,5,138.50,Card,Cancelled
f0e1b185-9cb7-4408-9de2-a8af37487c0c,c83bba2f-5229-4998-9566-1f3179b13e8a,2025-09-30T10:16,9,116.91,Online,Pending
a8c43784-ca81-47c3-9096-3f5ab5dcf21f,824998a2-7592-4051-ab0b-d5e12743c93b,2024-02-23T10:16,5,76.65,Online,Pending
e2b8e67c-b043-4305-87c0-fabd11e88218,0130fcd4-a6cf-4a72-8400-7bcae1abce34,2024-09-10T10:16,6,118.68,Online,Cancelled
96242917-76c9-4fa9-8095-fcc6356f9688,89d26a00-0fde-4c03-8430-b06f6bc3f33a,2024-01-14T10:16,2,30.96,Card,Cancelled
4ed9e4e2-4444-4592-98d4-eb285278b601,ebe19120-496a-47fa-87eb-2440212a3363,2024-10-25T10:16,4,74.20,Cash,Cancelled
2e6f2d89-54c9-4dc8-b7d4-d32f6903f26d,7509850a-5062-4da9-aad6-bc5b9e363ef1,2024-06-27T10:16,1,11.73,Card,Pending
48d32bce-68e5-41d3-b9b9-e57956cc5225,69446e90-4237-4410-ab55-e011eb04cce0,2024-04-24T10:16,5,51.50,Online,Pending
194284a8-96d8-47a8-8464-b095fe298260,1a48aa9a-def3-481d-922a-94300aa97309,2023-12-09T10:16,2,33.44,Online,Pending
3dff86c0-ad2e-4437-a806-77ed5f30eace,21edfc22-3f73-4335-a774-3cf78ab65e86,2024-01-19T10:16,1,25.84,Card,Cancelled
fa267d89-8ee4-46f7-9357-597cd8698d96,fe624323-ba72-456d-9842-ed9e0edc75df,2024-06-03T10:16,2,36.94,Card,Completed
99f4acf8-d8c4-4a43-bb96-4879fcd8f612,63846b60-b7be-4087-ac6e-56c9bc130a20,2025-05-31T10:16,8,101.44,Cash,Pending
a2039314-f85a-472e-a2cc-a163373d9384,49af098b-bf79-4643-8e49-739ea932d38b,2024-08-21T10:16,7,93.31,Online,Pending
927395fc-d45f-46de-8643-d2f17e904af1,9b9edd1e-b4f7-414c-b8b5-a3dc51fa0a8c,2025-11-04T10:16,6,146.46,Card,Completed
ccfbd285-f56e-4cdc-b775-14d9fa54dfa9,69446e90-4237-4410-ab55-e011eb04cce0,2024-01-04T10:16,4,62.52,Cash,Completed
14b5508d-c614-4ebf-ab9d-a6eeab2ee0bc,caad7924-4bc5-4f85-9662-11ca261e3c87,2025-09-13T10:16,1,20.39,Cash,Pending
ba95942c-32f9-4ba0-b2d9-3e92b21d340d,5eb75bc0-d5fa-4209-9d42-7767f3f0585b,2024-06-28T10:16,7,113.61,Cash,Completed
3de3a903-c721-430b-9a28-d645fcb27092,ef7fad1f-a86f-4ee1-95b4-ce1f339f0fa5,2025-04-25T10:16,8,107.20,Online,Completed
37f694e1-6656-4b63-98dd-f478fb7b4ed8,d7af10ce-45c9-4fc8-8dd8-b1c5491aad5f,2024-06-16T10:16,5,75.80,Card,Completed
fd3c9a7e-d722-4e87-8a51-f1ef9ac55446,c0d74d86-5c5b-481d-b8e3-61eeb9c77255,2025-08-27T10:16,7,129.29,Card,Completed
f704039d-6542-46af-970e-f7d7c658f783,4e6807ca-aed8-4ec9-b1b0-0e3aba57efb1,2024-01-28T10:16,3,15.54,Card,Completed
4960a703-cc95-49d2-a9ab-c09da05c6af9,c63bd277-c81c-40c5-8720-6ce916d653c4,2025-02-13T10:16,1,20.05,Online,Completed
6d968c77-60f1-4c30-aa56-b44080dd3c39,8b115a34-224b-453c-be69-b53a7445b466,2023-11-18T10:16,1,5.96,Cash,Cancelled
159d84b2-83af-4bad-a830-98371f844cdb,bc58b12c-65c4-4f21-89ef-3e492a22ef7c,2023-12-04T10:16,4,111.80,Cash,Cancelled
17f73362-7e5c-4794-9b56-56ab815e645a,8e1bbe6c-7b75-46dc-8ca1-0b1664cd6ae4,2024-09-14T10:16,2,57.68,Card,Pending
bc02c941-8cb9-4798-83a5-d6b381afcc76,3910ab11-8758-4a4f-8a9b-c4f5df7413c4,2025-01-30T10:16,7,93.94,Cash,Pending
17665c93-8feb-4f5c-8181-7528ac2dfe99,9305d562-2505-493d-8ed8-3fb721c8f491,2024-01-02T10:16,8,164.64,Card,Cancelled
4617d950-a618-4e1d-9b78-8a3bbcb0c0f4,d3f641e5-b8b5-4f5f-9155-7768df2033e8,2024-12-04T10:16,5,31.00,Card,Pending
940396a1-73aa-478c-8253-9308982eb208,a3f626b9-cc27-4c04-8570-be79ab8bda4a,2024-07-19T10:16,1,23.02,Cash,Completed
24a12218-bfc2-4e2e-a47c-665ddac9413d,0a5a9fc7-e126-48f0-99aa-dea85c606f66,2025-01-06T10:16,1,24.59,Online,Completed
f27fcd99-4364-4a4b-b3e3-f38e302c9877,205ea7f7-e714-45b8-a083-11247ff702a1,2024-08-04T10:16,2,39.86,Online,Completed
f6f5d990-beb9-43d2-9fb6-67bb63cf6142,5f6e51da-5f01-4c9a-85dd-7d50ef37e5d7,2024-12-10T10:16,7,45.08,Cash,Cancelled
ea27f235-0f35-4258-bcee-40b90df6942e,caca465c-e9f2-4add-91b5-24c70595e321,2024-05-03T10:16,5,54.95,Online,Completed
cdf77b77-48cc-4e32-b3c7-ce89c532985d,ecf1ffb0-ac00-4968-87ea-8beef4ace55a,2024-01-11T10:16,6,148.80,Card,Completed
f584fa7c-6f97-4ffd-99de-bc32e780bd4b,1233cc27-7567-48e0-8dd2-6b0019506c2f,2025-10-18T10:16,3,33.03,Cash,Cancelled
4078a289-c591-4913-a584-16a5eb0799f2,aff4340c-d102-49ba-af8e-84d2737ce82c,2024-02-21T10:16,2,45.98,Online,Cancelled
9b8b229a-4729-4f69-ab50-f5272f3d4d0e,e12c3d24-86c8-474f-b86b-370df36adbfe,2025-07-24T10:16,9,175.14,Cash,Pending
e4ee0d4c-3dfe-48c8-b195-7ba40789bf92,d7af10ce-45c9-4fc8-8dd8-b1c5491aad5f,2025-01-04T10:16,1,8.38,Card,Pending
846e1dc8-08c7-4e14-8adf-b276226b4ae0,46032f36-69bc-465a-9b33-a5d560bfd77a,2025-03-23T10:16,9,162.72,Card,Pending
71237d17-69a1-4e72-8aa9-08d6a0422f31,6f61ca8e-51a1-48e0-abfa-88326e713e34,2025-08-02T10:16,1,20.48,Cash,Pending
f040cc9c-f605-4637-870b-9bfd3a351aa9,d6d4ef4b-0870-48aa-b884-013237f255f4,2024-05-27T10:16,5,47.05,Card,Cancelled
a6062fc4-3857-46c7-b1c2-a1756f1b38a0,99c406e7-092b-4eeb-bc08-56fc041c253d,2025-06-02T10:16,2,46.06,Card,Completed
5170a491-a289-4649-a4a8-549166efbf6a,e6e1db85-f8ba-4264-9c9a-520ecda4bc4c,2024-11-16T10:16,8,93.28,Cash,Cancelled
d2533097-2b0b-4352-bb18-ff7545d0deb9,90f0db1e-2b19-43f7-ba17-233c7c214eca,2024-02-14T10:16,1,20.79,Card,Pending
ec335674-9b69-4ea7-8e93-0576d2f21dc4,63846b60-b7be-4087-ac6e-56c9bc130a20,2025-10-19T10:16,8,49.44,Card,Pending
c986df1f-ce6e-4a99-a501-f59a767df7f4,4bb2d776-14c0-4ef6-b8ba-c580cbed72b8,2025-06-13T10:16,4,23.92,Cash,Completed
e5ba1ba7-9a44-426d-9394-dcad8df798ea,d87f31d7-79ef-4c17-856e-142e791b04da,2025-08-18T10:16,4,114.36,Cash,Cancelled
4359f566-0e45-4b65-94ec-fd3bae7e64ec,205ea7f7-e714-45b8-a083-11247ff702a1,2025-03-25T10:16,6,140.70,Card,Completed
ba515083-85fc-4404-b32b-3152dac293b1,27e45431-1333-4ffd-a0c8-be56ffdc5d4e,2023-12-13T10:16,4,80.04,Card,Pending
b6edcc75-f974-4330-9146-0f0cf7d5241b,885715b6-b1eb-44ca-8460-28c0343e56f3,2024-08-14T10:16,6,118.08,Online,Pending
100b7966-6862-4e15-a15f-7a74c63f9234,f3826f04-0dfa-4266-8002-58fede0093f5,2025-08-07T10:16,1,8.89,Card,Cancelled
0696e370-b0c7-4658-bcd8-dea043d84632,0a5a9fc7-e126-48f0-99aa-dea85c606f66,2024-09-09T10:16,9,269.55,Cash,Completed
8b8ef884-b07c-429a-a196-2eacbf6ab5ca,0a0ac3e5-6e20-4fbc-87ec-5481c70e38bc,2024-08-26T10:16,8,81.20,Card,Cancelled
80b12f3d-25c5-49b8-b1fb-919900f5a236,205ea7f7-e714-45b8-a083-11247ff702a1,2025-01-23T10:16,2,48.24,Cash,Cancelled
2acf8216-29ef-4e91-97a2-1a5c5728835b,8250871a-2b35-424e-a1a1-4eb4faffabfb,2024-07-02T10:16,1,13.34,Cash,Pending
72c5d686-0544-4c18-8abc-812a3ffde78e,f3826f04-0dfa-4266-8002-58fede0093f5,2024-02-24T10:16,3,83.16,Online,Cancelled
4c505b83-202e-425c-bd99-53a8d8be4705,49af098b-bf79-4643-8e49-739ea932d38b,2025-11-08T10:16,8,80.56,Cash,Cancelled
ebc3a10d-d62f-49d0-8316-ccee84a13f88,5f0f3def-9ff6-4282-ad04-001c4a769966,2024-09-11T10:16,4,112.92,Cash,Cancelled
6e0a8053-221f-435a-b742-f431a65fd1ea,6aaabc79-3d35-410f-bb96-f86a3930d0ff,2024-11-14T10:16,9,129.33,Cash,Completed
4de15b94-e59e-40e9-a89e-00fab3a88334,93cdeef1-3fc3-4a63-a275-0ae87ae6b335,2024-08-17T10:16,9,163.71,Card,Completed
f6a66d4b-cbff-4316-81e6-e94e0f345fb6,885715b6-b1eb-44ca-8460-28c0343e56f3,2024-10-24T10:16,8,123.76,Card,Cancelled
b2e800b2-59c1-40eb-9b4a-1736042d10a3,0472ca7f-b133-4710-8f43-24a3c6c1afd1,2024-12-21T10:16,8,99.52,Card,Cancelled
038b9e44-31e6-4d4f-b498-ba1a4534a175,52fbb114-83aa-432d-b2f1-f3e37a5c4754,2024-08-30T10:16,5,101.50,Online,Cancelled
9b1e7060-fcdb-4f38-bba3-ad0f808b4b67,e85d0261-2d97-4475-a749-363ec9040a74,2024-01-16T10:16,6,99.66,Online,Completed
9edf0367-f127-48f0-8279-906f09198982,7d2df59f-386d-4aec-85a8-2443262a0cb4,2025-08-01T10:16,4,38.48,Card,Pending
a5c33883-cf83-44a4-be5b-534a54e955a7,49af098b-bf79-4643-8e49-739ea932d38b,2024-04-02T10:16,4,70.24,Card,Pending
bb734b51-5969-46ee-9840-b33acaf43637,8113211c-bdc3-4bb0-94d9-3fd3871f3005,2024-01-24T10:16,4,82.24,Online,Completed
bef54b95-c12c-437b-9591-f5c3a60deb23,0b2a0e9a-e050-4380-b607-57adcbbf59d4,2023-12-23T10:16,1,25.01,Online,Pending
bf92d4c9-e3e8-46f9-94f7-b7faf261f4b6,0fcf4084-ea31-49f8-99f9-9bf8c8b0c16b,2024-09-20T10:16,2,23.78,Card,Cancelled
038a688c-a987-48b9-9961-62dd5ef95127,e12c3d24-86c8-474f-b86b-370df36adbfe,2025-02-11T10:16,1,27.15,Card,Cancelled
c9e1f9cf-5c24-47ac-b2f0-50306b814b77,983d66ae-c8b0-46b8-8abc-26a1055cf729,2024-05-10T10:16,5,74.50,Card,Cancelled
b88c90b6-cbcd-4271-8a94-af26680a54b6,8b546c63-5406-493d-bc69-cfb594b38267,2025-07-20T10:16,1,28.11,Cash,Completed
8c146d44-1422-4c4e-882d-25be9eff8b8a,4f6ae324-5b6d-47d6-a86d-26ec6fbe1e0e,2025-08-18T10:16,6,158.58,Online,Pending
ab563070-d979-4979-8abc-ce3db8a3aa48,b95f7619-fab2-4df9-8683-1f2aeb93a660,2025-08-15T10:16,2,40.96,Cash,Completed
0c457ebc-d9ff-4ff3-90af-be117841de06,910b1d47-5c37-48b1-8bde-96c60660f1d7,2025-04-07T10:16,5,65.80,Cash,Completed
c91d71b7-263a-4181-b80c-e51cad91d4bd,23650eb4-f98d-45a3-a90b-a378f03d469d,2024-05-02T10:16,2,26.50,Online,Completed
80a1a95e-e3dc-436d-9074-8560cc820c0e,953417c6-cd52-45e9-9ca0-bb450653c934,2025-02-22T10:16,2,42.44,Online,Completed
337dd4e1-897f-441c-900e-3b631a08b192,0dd437d0-74fa-43c3-8909-5c955e4d47dd,2024-10-12T10:16,5,49.20,Cash,Completed
99aaa15c-1dff-4a3d-ac3f-7765426cb5c8,d5eaf6a7-76cc-48ec-98d9-ba713e2df70f,2024-08-09T10:16,3,42.60,Online,Cancelled
7ea57771-0653-4e27-946d-26e9a1be1425,bc58b12c-65c4-4f21-89ef-3e492a22ef7c,2025-02-13T10:16,9,119.25,Online,Cancelled
85dbf6a3-3fc5-4039-8930-30ede7057d75,cf65c4b6-4c1c-420b-95de-23e5b56ffad5,2025-06-05T10:16,5,105.90,Online,Pending
9834d204-1f0c-430a-9633-dceeae957ede,c5817fdc-a4dc-4879-b957-30cfda62016b,2024-09-10T10:16,4,79.24,Online,Completed
d5b67fe3-938c-432d-b983-78cc36ce43c2,2a109685-1399-4149-8951-fba29bb0360d,2025-06-29T10:16,7,159.39,Cash,Completed
d7e53a91-d13b-4b88-827c-271e124e8e3d,aff4340c-d102-49ba-af8e-84d2737ce82c,2023-12-27T10:16,1,29.58,Online,Pending
45f5a06a-e979-4995-94ed-465788cd41dc,ff4db0d8-e809-46e8-9ae0-78ffee4902d9,2024-04-24T10:16,6,109.20,Card,Completed
73fd8fe0-0d7b-48bb-b359-b144775fb11b,6945f6f4-b8f9-4d04-90ff-e59ed705578e,2025-03-31T10:16,7,186.34,Online,Completed
6fbf82bc-67c6-45b7-946d-4ec4eb8df30f,4e6807ca-aed8-4ec9-b1b0-0e3aba57efb1,2025-03-07T10:16,3,16.56,Cash,Cancelled
2aeee55c-ec7a-4e42-9439-b889b0e7f6c5,9c53f3f8-5b22-4d77-bd76-cfa6c70e443c,2025-07-17T10:16,9,54.27,Online,Completed
8a65c44a-4581-4f33-95e0-48ba624b3d8c,6f61ca8e-51a1-48e0-abfa-88326e713e34,2025-02-15T10:16,7,141.05,Card,Pending
02f87640-0dd0-4513-b6a5-6eb35f634d09,6e551d53-4f6d-4b84-a9de-3d7c79694805,2025-04-13T10:16,8,49.84,Online,Pending
d0b997e8-1f74-471c-9fe7-2483ad8f038f,a3f626b9-cc27-4c04-8570-be79ab8bda4a,2024-05-04T10:16,9,259.56,Card,Completed
03fca108-85a9-47c6-9611-daad2bf9ae5c,3ab3404a-ee80-4ed2-8d90-a6f0dad14e48,2025-01-02T10:16,5,77.75,Card,Completed
d0b8858a-2e64-4bbe-add7-c01a95bd3caa,0a5a9fc7-e126-48f0-99aa-dea85c606f66,2024-03-02T10:16,5,149.00,Card,Pending
703f7a10-22d9-4ae1-baeb-bdfcbf92b179,5f0f3def-9ff6-4282-ad04-001c4a769966,2025-07-23T10:16,8,130.08,Cash,Pending
ceef745b-aa11-49ea-b468-0b575f2e3286,e12c3d24-86c8-474f-b86b-370df36adbfe,2025-02-17T10:16,5,84.10,Cash,Pending
7fef6253-eed0-4481-8f33-eb7f230be614,c63bd277-c81c-40c5-8720-6ce916d653c4,2024-08-13T10:16,9,120.42,Card,Pending
a24825de-1ad9-46b4-96cd-1fd2c46be01d,401a6911-a31e-4892-adc1-56e3e1eb090a,2024-08-16T10:16,2,34.20,Cash,Cancelled
d995c857-7ddd-4bf0-a11d-f1339cf65085,795088d7-d227-422e-ad8c-f048bde0675e,2025-09-16T10:16,4,73.84,Online,Pending
7964fb00-f7a3-424c-b27b-00afe0ff78fb,d3f641e5-b8b5-4f5f-9155-7768df2033e8,2025-09-16T10:16,2,50.76,Online,Pending
8778131b-f7bd-4c65-b45a-091dd36a0b28,2a109685-1399-4149-8951-fba29bb0360d,2025-11-04T10:16,4,38.24,Cash,Pending
5d77477c-4cce-4e76-9909-cd2701934cc7,e85d0261-2d97-4475-a749-363ec9040a74,2024-12-12T10:16,5,47.75,Card,Pending
2e2a852e-093c-4fe0-bdc6-9621269380c8,e119f98a-df63-41dc-8e01-bb49ca2dc724,2024-12-30T10:16,8,237.76,Cash,Cancelled
9bd14a60-c39c-4eef-9fa0-c6d1ad16b222,1d32c3b3-c732-4995-aa6b-ff159deb3bdf,2024-08-11T10:16,3,56.46,Cash,Cancelled
03faafda-a075-4364-88f5-ed39a2288f56,428424b7-1f94-496a-8b7a-497ce177d32c,2024-01-24T10:16,4,64.72,Online,Pending
6486c50c-e87e-4fed-a556-273580b70a51,cd50913f-8c99-4253-9134-0cf5fe5f300f,2025-03-21T10:16,6,143.46,Cash,Pending
8ecabc7d-249b-4469-8c4e-7253280b3b8a,6c6a3b10-9747-4dca-a041-4edc22d147b0,2024-04-09T10:16,4,35.44,Online,Completed
3a264ee3-a7bb-4595-a218-9a245d00987e,b03f75c1-655f-4480-a2bf-1a0af806e96e,2024-08-06T10:16,6,110.82,Online,Pending
8f1a17b4-9832-445f-b5d6-f66ee8f8076c,f067e21d-d1d4-4e87-9cae-9753f5f9ccb6,2024-09-06T10:16,6,169.50,Online,Completed
735d460a-4f59-4210-aeab-cedd66d962e1,9b9edd1e-b4f7-414c-b8b5-a3dc51fa0a8c,2024-12-30T10:16,5,88.90,Cash,Cancelled
21889887-c5ec-419e-8a16-11174435979f,3ab3404a-ee80-4ed2-8d90-a6f0dad14e48,2024-07-28T10:16,9,67.86,Card,Pending
b1d473bc-2511-440c-851a-7163a5812c86,983d66ae-c8b0-46b8-8abc-26a1055cf729,2025-04-25T10:16,4,116.60,Card,Completed
e5de4c29-9eed-4583-9825-786d5e131f99,983d66ae-c8b0-46b8-8abc-26a1055cf729,2025-06-29T10:16,3,50.76,Online,Pending
172a5d19-2573-4cd8-9d8b-60c4af577ac0,ec3490d2-e8da-47ee-ae12-0ca0b1d7a2bb,2025-03-08T10:16,4,84.76,Card,Cancelled
d2b259c8-31a6-4b44-a2af-2a8cb4bf6b32,0d463f72-c3a1-4a2b-8d0d-1721a0d1a06b,2024-09-10T10:16,7,207.97,Cash,Pending
20cc2f40-a994-4ff0-bf94-565d5e7be126,7d2df59f-386d-4aec-85a8-2443262a0cb4,2024-06-01T10:16,9,238.59,Online,Pending
cc28c613-cdf4-445b-9009-b7201f858db7,e85d0261-2d97-4475-a749-363ec9040a74,2024-12-03T10:16,7,91.84,Card,Completed
525ada67-7ff1-4f69-bc18-9cdb98977116,ebe19120-496a-47fa-87eb-2440212a3363,2024-07-24T10:16,7,132.37,Online,Completed
80993cf6-affb-42a2-abc6-dc24d44621eb,a5ffc907-be77-43e6-8694-4a0bf09bd3fb,2025-06-12T10:16,8,94.16,Online,Cancelled
02aefb7e-28bf-4742-ace3-d19424c33798,e277d099-db2a-4aee-ab86-8b0e73a34383,2024-06-12T10:16,9,55.80,Cash,Completed
422caa42-9487-4461-bde6-f3667628264a,726d71e2-70fd-4416-8568-78619c14a73a,2024-09-13T10:16,5,130.30,Cash,Cancelled
eff77cd2-7f21-4a20-99eb-984d5b778fff,a938df5f-7764-459c-8bfd-90409d16b3c6,2024-01-17T10:16,1,10.02,Online,Completed
b0dbe5f5-989f-40a3-841a-3e0315c7028e,e85d0261-2d97-4475-a749-363ec9040a74,2024-11-30T10:16,5,146.10,Cash,Pending
116341c7-e5bb-40ae-8379-f022bb624169,1233cc27-7567-48e0-8dd2-6b0019506c2f,2024-01-12T10:16,8,156.48,Cash,Cancelled
1aabc8dd-a5d3-498c-8149-5ce5892d9952,e12c3d24-86c8-474f-b86b-370df36adbfe,2025-01-15T10:16,1,24.49,Card,Completed
bbbc828d-aa3b-4415-b63c-c363822545f3,cd50913f-8c99-4253-9134-0cf5fe5f300f,2024-12-05T10:16,5,39.90,Card,Cancelled
58569326-8df4-49a0-8d86-9d533f3a3609,5400d214-6176-40bf-88d2-3f53ed38bf69,2024-07-08T10:16,5,144.25,Cash,Pending
8c973739-1bbe-4655-8a8e-b73a87ccb1d5,935ebde1-5945-4673-886e-1a7a12cc2d4e,2024-02-27T10:16,5,76.60,Cash,Cancelled
290dd62e-6908-4745-9700-c5f235a3219b,0a570207-0f70-467f-bbeb-44a0a60a9a25,2025-07-02T10:16,7,153.72,Cash,Pending
a6aed600-a6cb-4386-b8d1-2ae809f75aaa,953417c6-cd52-45e9-9ca0-bb450653c934,2025-10-30T10:16,9,223.47,Card,Completed
2d33ee70-7c14-4e88-87d5-981e178781b4,a190f67b-21df-46bc-8164-46bdfa00af85,2024-06-10T10:16,3,27.12,Online,Cancelled
c647d59c-4c6f-492e-a0a3-e1a65f1db456,1eeb9c5f-5b7a-47af-b4f1-5a50d9d1089c,2024-02-20T10:16,8,116.88,Online,Completed
4850d8f9-20f4-4f02-87d5-18a570855d0c,726d71e2-70fd-4416-8568-78619c14a73a,2024-05-06T10:16,2,22.14,Online,Pending
834cca8f-afab-4b05-9719-764fe313eb89,6bd388d4-5636-450b-bacd-55bdcb769bab,2024-08-11T10:16,4,105.44,Cash,Cancelled
01112642-c365-46e7-aad4-79cbeb654450,4717d2a3-4b2a-44f1-b960-a2b73e2d23fd,2024-11-21T10:16,4,63.44,Cash,Completed
5441d887-158b-4956-b48c-adfdb5c079a3,09ba4183-1b94-4f8c-bc5f-eca421a88524,2024-10-22T10:16,6,131.82,Card,Completed
23db4bc8-2712-40dd-85b1-6054bc29ae7b,c83bba2f-5229-4998-9566-1f3179b13e8a,2024-07-03T10:16,5,119.65,Card,Completed
11b4edc9-4a69-4f51-8257-c49ca7e8bbf3,0a15d43b-8f6b-444a-bef2-ffbddfdbd16f,2025-05-04T10:16,1,9.77,Cash,Pending
a02a44e8-261b-4080-8b04-0bde96c9db49,d7af10ce-45c9-4fc8-8dd8-b1c5491aad5f,2025-01-16T10:16,9,224.46,Cash,Cancelled
cde57fdb-1b1d-4c73-84f7-17cbb463e26a,6bd388d4-5636-450b-bacd-55bdcb769bab,2025-02-20T10:16,7,97.09,Card,Pending
844ee1ca-67ea-4efc-97d0-92cc36c66ae5,050d9901-1cb5-413a-9c31-282028f863c1,2025-06-18T10:16,4,111.12,Online,Completed
0a3cfcdd-cbda-4bc3-857e-c1ee9fb80050,bb6ceda0-3f7a-4dfa-9862-41a88dd468b2,2024-06-05T10:16,9,177.12,Cash,Pending
fa32676d-fba4-4312-accc-12284d657356,bb6bf39c-f455-4e08-a59e-1bdaaa91d4aa,2024-01-23T10:16,3,71.01,Cash,Completed
59ebbe9b-2c0e-4c53-86c0-697e49fbad17,0fcf4084-ea31-49f8-99f9-9bf8c8b0c16b,2025-09-09T10:16,2,32.64,Card,Pending
d5e08cd8-3e5f-412e-b138-48d30593f9d2,365c90d0-a590-4209-9401-2ce55af5ed98,2025-10-31T10:16,1,9.67,Card,Cancelled
49fa1542-a429-4f15-8db5-4c61aafe2051,983d66ae-c8b0-46b8-8abc-26a1055cf729,2024-05-27T10:16,9,104.04,Cash,Completed
0f3009c8-83bc-496d-98db-a06e3ae60360,f067e21d-d1d4-4e87-9cae-9753f5f9ccb6,2025-01-28T10:16,7,78.33,Card,Pending
ef25c0f3-f218-4413-977f-04fafd2da26f,8b546c63-5406-493d-bc69-cfb594b38267,2024-05-08T10:16,7,57.19,Card,Cancelled
001be567-442b-4179-b147-acc81d4f1a3b,77ca464a-fe0d-4dcc-8f08-3eb2f7b64f76,2025-09-23T10:16,6,115.32,Cash,Cancelled
548b0a68-9256-40e7-9e59-f2978230042e,103fcba5-5588-45a5-9fe0-6ac948d3860e,2024-09-13T10:16,7,41.02,Cash,Completed
5b98a232-7fe3-4d8f-9aac-009001798117,bc58b12c-65c4-4f21-89ef-3e492a22ef7c,2025-07-18T10:16,1,21.91,Cash,Cancelled
1b6b57a1-023e-4f9f-a0e2-465e85f31a24,6e6d2c67-f7fb-4a98-8f9a-4822259b25c4,2024-03-30T10:16,5,126.70,Online,Cancelled
54566eb4-1656-4ee6-b46f-8c41f7b87d57,b0d737cd-ec4b-4a88-aa81-d012ef3fb719,2024-08-07T10:16,8,88.40,Card,Pending
10011cd1-533a-4326-b02a-b68232af3e9b,485b65e7-fdf4-474d-afba-37986d8d3cd8,2024-10-22T10:16,2,53.50,Cash,Pending
d15b03d4-0962-4313-bdd2-7698e6c2fc74,26d032f1-9fe9-487a-987a-a8be14e1db05,2025-09-13T10:16,3,73.83,Card,Cancelled
52e0f745-79cf-4a7e-b3f9-8781bc5bb1b7,65b2c0ea-6192-47fc-9286-2c1dd3ecefb1,2024-08-11T10:16,3,52.41,Cash,Completed
96d3620e-f3fc-4b8e-984b-5397b65465b8,ecf1ffb0-ac00-4968-87ea-8beef4ace55a,2025-08-19T10:16,3,87.15,Online,Cancelled
c31103c0-fd47-4e71-aaea-985b10079b37,10b26c2d-7d56-4175-84a8-a2775e128a9d,2024-04-01T10:16,3,20.07,Online,Pending
21072594-9006-4b4f-9e48-6c9f2250d79b,983d66ae-c8b0-46b8-8abc-26a1055cf729,2025-09-26T10:16,9,208.53,Cash,Pending
39284cd2-a341-4c89-95e7-47a21c48dfa9,bc58b12c-65c4-4f21-89ef-3e492a22ef7c,2024-03-18T10:16,6,137.04,Online,Completed
69724b3a-6d66-4bc2-b79a-80e96ad1b008,ecf1ffb0-ac00-4968-87ea-8beef4ace55a,2024-08-05T10:16,9,112.95,Card,Cancelled
2cfb3e01-2263-4aef-90ac-683c9031b517,21edfc22-3f73-4335-a774-3cf78ab65e86,2025-02-14T10:16,9,80.46,Cash,Pending
4442ccf3-0184-4099-8c2a-85e09f374e61,bb9edfa8-17f7-4f6f-8e3b-616693a298b1,2024-09-26T10:16,5,71.65,Card,Cancelled
0906c020-8b1f-4fa0-bbfa-678b2f557efa,795088d7-d227-422e-ad8c-f048bde0675e,2024-08-01T10:16,7,38.22,Cash,Completed
8c2b9167-69a4-4ddd-8cba-c347a3753002,bfa3444b-2be9-46be-b944-720d86a59770,2025-08-06T10:16,9,122.31,Card,Pending
25301799-f627-4bbf-a96d-7424431d066e,06e585f0-5b60-4900-81d1-3379328e6c17,2025-02-23T10:16,8,225.76,Cash,Pending
e9a7fd0a-7835-4eed-a8f2-2189a8d79e71,bb6bf39c-f455-4e08-a59e-1bdaaa91d4aa,2024-07-29T10:16,2,12.20,Cash,Pending
8ff13630-5fae-4f94-aed2-ff97a0932d24,5d6f84a5-a4de-442e-99b9-b8ef714b4436,2024-10-30T10:16,4,117.60,Cash,Pending
3a096cb5-9518-4cea-8024-b5d5126934ba,428424b7-1f94-496a-8b7a-497ce177d32c,2024-11-07T10:16,5,139.45,Cash,Cancelled
daed4347-9123-402a-af0d-dc6cd46fca93,4739f27f-7a96-4d52-83ae-0c6fd4c8c606,2024-01-14T10:16,4,74.24,Online,Cancelled
28396d90-60a2-4861-934f-152c13a8b02e,bb6ceda0-3f7a-4dfa-9862-41a88dd468b2,2025-02-26T10:16,8,197.20,Online,Completed
ff24a75e-353f-4cca-b290-47e97b3bdc3c,cb8747c7-32ca-4b6b-868d-13ab01d953ec,2024-07-20T10:16,5,48.05,Online,Cancelled
770ab8fa-3e7a-4256-8ffe-56f1e1549d8c,9305d562-2505-493d-8ed8-3fb721c8f491,2024-09-11T10:16,1,29.38,Cash,Pending
09e6cdeb-b1cd-40de-8584-633b13001e23,000f9c8f-2fc7-4346-844d-c04f10751265,2024-06-19T10:16,7,195.58,Online,Completed
3c2b49ff-511e-4603-95c6-743220db6b04,e6e1db85-f8ba-4264-9c9a-520ecda4bc4c,2024-04-19T10:16,4,80.28,Card,Pending
ca538142-6758-4ac7-a4ad-303a37c73582,a3f626b9-cc27-4c04-8570-be79ab8bda4a,2023-11-15T10:16,8,224.72,Card,Pending
1b91100a-5aed-4208-a19c-5e61fc7fef5d,6c6a3b10-9747-4dca-a041-4edc22d147b0,2025-04-23T10:16,5,94.65,Online,Pending
d73ac6f0-51f2-4056-924d-8397c8f75947,a5ffc907-be77-43e6-8694-4a0bf09bd3fb,2025-07-19T10:16,8,62.96,Cash,Pending
9f9853da-888c-4c74-95a1-b23e09c2f529,05ccd8a5-ea5f-4353-bd1e-3022152b0685,2025-03-08T10:16,5,46.10,Cash,Cancelled
ad0f2502-ccf9-4672-b7ec-e01f7784d899,b0d737cd-ec4b-4a88-aa81-d012ef3fb719,2024-06-28T10:16,2,44.96,Online,Cancelled
aeebcf56-4dbf-4c4c-964c-14d54c309253,e886c155-0dae-4b36-88f5-a86fa474d1f6,2025-01-16T10:16,1,5.75,Cash,Completed
934ed7f8-fc89-4fae-a51d-2a2f85aac433,0fcf4084-ea31-49f8-99f9-9bf8c8b0c16b,2024-07-21T10:16,3,17.67,Online,Cancelled
53af8256-aeaa-4b4e-bf6f-c0ae44ddecce,aff4340c-d102-49ba-af8e-84d2737ce82c,2024-03-11T10:16,8,144.08,Card,Completed
1b74dd68-e8c8-41b7-bf27-472d578253a3,6c6a3b10-9747-4dca-a041-4edc22d147b0,2025-03-11T10:16,7,56.91,Online,Cancelled
73f9dbdb-c63c-4aae-afde-edd62bc3749e,21edfc22-3f73-4335-a774-3cf78ab65e86,2024-06-03T10:16,9,186.03,Cash,Completed
94d79bae-049b-4d94-810e-7eab18572951,5400d214-6176-40bf-88d2-3f53ed38bf69,2025-09-13T10:16,5,139.05,Cash,Completed
12c259f9-bd59-4a8d-944e-992cb4992702,8f7f530b-bb30-4a05-b437-744ed30af54f,2024-12-15T10:16,3,67.32,Card,Cancelled
2c3e02e6-25e7-4adf-a107-300e4fc2214f,7a18d550-38d0-40b2-84a7-547162e7e409,2025-08-21T10:16,9,177.66,Card,Pending
f2864101-85fe-4a0f-9964-e36e82ca4158,dcfb3d05-846d-4915-99f3-ebbc7559d972,2024-09-10T10:16,7,200.48,Cash,Pending
f1200d23-14e3-4405-b415-c2c9f8b765bb,209e786b-2a61-4e52-a3b2-1cc98bcbf18c,2025-09-11T10:16,8,214.08,Cash,Completed
41ebb65d-cdaf-472c-9e9b-5358c616aaa9,f6c35464-33dd-44a7-bf84-071f2e427045,2024-11-25T10:16,3,21.96,Card,Pending
bcc7bde4-0994-475f-b65b-a4c051c03cd4,401a6911-a31e-4892-adc1-56e3e1eb090a,2024-01-13T10:16,9,109.71,Cash,Pending
f4f45eaa-b390-465f-a48c-2e7ccf62c381,983d66ae-c8b0-46b8-8abc-26a1055cf729,2025-06-02T10:16,7,163.24,Online,Pending
c002d834-681a-4d5d-9acb-fe2f313a193e,c5817fdc-a4dc-4879-b957-30cfda62016b,2025-04-29T10:16,6,124.50,Online,Completed
2a687de2-cf84-4555-b13f-d183494d1705,bc58b12c-65c4-4f21-89ef-3e492a22ef7c,2025-04-13T10:16,1,10.17,Online,Pending
57951ea1-e75e-4605-9cba-a879524bcbfa,c5817fdc-a4dc-4879-b957-30cfda62016b,2025-09-09T10:16,5,144.80,Card,Pending
fb054be9-96cd-4aed-8380-ca937d80cdf9,6c3bf618-a715-40f9-9faa-cfc5f5beef2f,2025-04-16T10:16,7,184.17,Card,Pending
767b1df5-306f-4c93-ac34-4da984cd109b,e38afcd9-9e08-47ba-bc92-5ebb4bc271eb,2025-07-07T10:16,6,126.54,Card,Cancelled
ffb8b040-92be-4fa6-97da-6f212513c299,d33bbfcd-a2ca-4e80-8a1c-65223f061e7e,2024-07-11T10:16,5,44.15,Cash,Pending
27af78db-8e5e-475a-bb2e-da079c42af65,3befa4dc-d961-4a3a-9410-d43d1bdaa335,2025-04-20T10:16,2,58.08,Card,Pending
770a9a83-c380-4c56-8daf-4b500ce8fcfc,b03f75c1-655f-4480-a2bf-1a0af806e96e,2025-08-27T10:16,2,20.96,Online,Cancelled
5c307af7-196d-4941-95b2-e7ba7a3962ee,b03f75c1-655f-4480-a2bf-1a0af806e96e,2024-12-25T10:16,6,146.04,Cash,Pending
1588bdcb-8104-4eda-a917-c4ad3f52a661,f6c35464-33dd-44a7-bf84-071f2e427045,2024-10-04T10:16,2,41.94,Online,Completed
4ef6be35-f262-45d1-b575-8a66aace538c,941529ef-2114-4bff-907a-4596ff4593a1,2025-04-19T10:16,1,22.75,Online,Pending
16913f4c-0fa2-40eb-80b4-7202456a7231,050d9901-1cb5-413a-9c31-282028f863c1,2024-09-19T10:16,2,22.76,Card,Cancelled
60d730ff-6c08-4203-9abd-82460293b11a,b6c26110-1b77-4777-8c79-c69ec19b66df,2025-03-26T10:16,6,157.20,Cash,Cancelled
75bcf9e1-145e-47b5-9199-02665137fa9e,0a5a9fc7-e126-48f0-99aa-dea85c606f66,2024-01-23T10:16,6,109.92,Cash,Completed
2c6c42b3-ff8b-4fd8-951e-218b8918b152,11526850-7335-463f-b740-a52a90457c3b,2025-01-04T10:16,6,99.00,Card,Pending
5b15c4aa-5067-46c1-b631-74b7321915bb,000f9c8f-2fc7-4346-844d-c04f10751265,2025-11-10T10:16,2,25.66,Online,Pending
92140b87-1b6e-4782-95c5-33adaa903f71,3910ab11-8758-4a4f-8a9b-c4f5df7413c4,2024-04-27T10:16,8,48.64,Card,Cancelled
e0d2f9a1-39a2-4c89-a390-79a7b34004f9,910b1d47-5c37-48b1-8bde-96c60660f1d7,2024-05-03T10:16,8,208.56,Card,Pending
2d439e85-c734-428f-91fe-510de2a6e04e,90f0db1e-2b19-43f7-ba17-233c7c214eca,2023-12-07T10:16,4,93.08,Online,Pending
74478cf7-5ddc-4306-95d6-2af5c537b132,73a2b03c-2dca-486e-8ebc-c4d6bb68a8c6,2025-06-23T10:16,5,107.35,Cash,Cancelled
71669ae2-e154-4cd4-b9e7-d597cf01a659,0e0d5f13-edd5-4ab0-9ddd-3df111bedc5a,2024-10-25T10:16,8,83.28,Online,Pending
66f99a9a-54e8-4524-bc16-5652eca17a32,dcfb3d05-846d-4915-99f3-ebbc7559d972,2025-07-22T10:16,4,102.00,Cash,Pending
071e5971-9d55-47a5-89e1-e92da721be5d,e6e1db85-f8ba-4264-9c9a-520ecda4bc4c,2024-09-18T10:16,1,10.24,Online,Pending
8fd1342c-735e-489e-b528-d667dc4b1e13,8b115a34-224b-453c-be69-b53a7445b466,2024-06-28T10:16,4,34.96,Online,Completed
10891796-b641-4a0d-80c6-9828ee7d7737,06e585f0-5b60-4900-81d1-3379328e6c17,2023-12-02T10:16,3,80.76,Online,Completed
9f86f801-6eaf-4e7e-b452-867d640b1ec6,d33bbfcd-a2ca-4e80-8a1c-65223f061e7e,2023-11-18T10:16,7,147.84,Online,Pending
9e048a2d-35e5-4c36-998a-0a9ccb05908c,d33bbfcd-a2ca-4e80-8a1c-65223f061e7e,2025-04-08T10:16,1,24.05,Online,Completed
a3fbee8d-1c19-42f7-ab69-e6b63124c5c3,ebe19120-496a-47fa-87eb-2440212a3363,2024-08-19T10:16,3,38.70,Cash,Cancelled
a86bcfa6-a228-4483-bc91-9b4014cafc7c,4717d2a3-4b2a-44f1-b960-a2b73e2d23fd,2024-10-02T10:16,1,28.90,Card,Pending
c9642167-d105-4e87-b160-8cbff540fe99,1eeb9c5f-5b7a-47af-b4f1-5a50d9d1089c,2024-12-29T10:16,4,45.88,Online,Completed
c0bf4e12-ae7c-46f6-94d3-cacc7619f9e7,4f6ae324-5b6d-47d6-a86d-26ec6fbe1e0e,2024-01-20T10:16,3,66.24,Card,Pending
abc1910b-8082-40c5-b49a-79f1920602ee,c83bba2f-5229-4998-9566-1f3179b13e8a,2025-03-09T10:16,1,11.53,Online,Completed
8d5ae734-57d4-4f58-af42-456c741ef145,74e76582-f1b8-4560-b049-8aebb59d4721,2025-06-02T10:16,3,55.23,Card,Pending
664e1c0e-7f2f-48e3-832c-61cf2cb14de8,d33bbfcd-a2ca-4e80-8a1c-65223f061e7e,2024-09-22T10:16,1,10.96,Cash,Completed
927a0c67-7564-484a-9bb7-6bf35bbab3cf,d7af10ce-45c9-4fc8-8dd8-b1c5491aad5f,2024-06-11T10:16,5,92.05,Cash,Pending
82b29ab1-4229-4ff4-a267-fbc0b4c8cb29,bf0de251-90d7-423c-8b31-48df1a89964f,2025-02-09T10:16,6,139.56,Card,Pending
6b8da2d9-5076-4e11-9a6d-a848b7921f6d,90f0db1e-2b19-43f7-ba17-233c7c214eca,2025-02-07T10:16,9,88.92,Card,Completed
6a681e57-a904-46c6-b59f-372c8f0bf8e6,7a18d550-38d0-40b2-84a7-547162e7e409,2024-07-09T10:16,9,149.85,Card,Pending
d2e98999-2e34-4c03-ad63-b2016009e7ed,0a5a9fc7-e126-48f0-99aa-dea85c606f66,2023-11-29T10:16,5,33.20,Online,Cancelled
dca59c77-2d79-4ef6-98e6-ad3f9cd7b5ae,09ba4183-1b94-4f8c-bc5f-eca421a88524,2024-12-14T10:16,6,172.68,Card,Cancelled
0d3b9c1d-6a92-42a8-bc8a-bcc9d99924d5,36b880b0-e9bd-4c0b-8f1c-32018f6c758a,2024-01-20T10:16,9,261.27,Online,Cancelled
65503aeb-a8fc-468d-bbbb-f001f17d908a,910b1d47-5c37-48b1-8bde-96c60660f1d7,2024-09-20T10:16,9,219.06,Cash,Cancelled
55f6172f-9097-4e13-a4d6-872238afc367,e119f98a-df63-41dc-8e01-bb49ca2dc724,2024-09-11T10:16,6,133.86,Cash,Pending
64c0806b-a63f-4067-8ffb-85a994de54fe,0df3bae1-6384-4856-aa27-aef9f6c48b75,2023-12-02T10:16,2,58.42,Card,Cancelled
11e684d9-2bef-4b2e-9d51-ce282cf45790,62a2bfef-ca4a-4dec-90ea-bf15ea1880d2,2024-12-17T10:16,3,48.93,Online,Pending
ff8ebb73-21ea-434c-8c71-c94912a1fce1,b047b369-02d0-4f25-9af0-f1e883228863,2025-01-01T10:16,7,162.12,Online,Pending
a2414d73-9563-4c3a-8f0a-44194cc4e147,b04ce307-2d1f-4214-b023-d8f4379041a1,2024-09-01T10:16,6,167.04,Online,Pending
35d96316-18c0-4db7-ab28-2ee655b2ca15,4e6807ca-aed8-4ec9-b1b0-0e3aba57efb1,2024-10-02T10:16,8,86.96,Online,Pending
2b575b1e-f70d-4081-892b-dda776ab697c,b0d737cd-ec4b-4a88-aa81-d012ef3fb719,2024-12-05T10:16,7,166.53,Card,Completed
5e8ee795-5dcc-4d0f-a209-09454da6bb3c,941529ef-2114-4bff-907a-4596ff4593a1,2024-04-23T10:16,5,98.30,Online,Pending
745a452e-b1b0-40db-8ab4-8acc63d5e0f8,1d32c3b3-c732-4995-aa6b-ff159deb3bdf,2025-03-10T10:16,1,17.47,Card,Pending
26f70268-8551-4d45-b554-93858771979e,98b17fed-218c-4f20-8410-9f0edfc74455,2024-04-15T10:16,1,10.62,Cash,Completed
724d0d6c-2fce-49f3-a3ec-af4c834550eb,68169a66-a8d4-4763-914e-7befc826445b,2024-11-11T10:16,2,42.44,Cash,Completed
9a4fe399-39f4-4eb6-939a-a22163af2342,0a5bd884-b432-4ce5-b14e-44b4aedd4c0f,2024-09-09T10:16,8,222.40,Card,Completed
48496903-b771-4a34-9145-281e479bb8fb,1a31c678-d420-495a-aff3-0f1609514e1e,2025-05-25T10:16,5,59.40,Online,Cancelled
34406399-94fb-482b-ab0c-7d7d36851690,53db1213-7316-47bb-9099-c1def0e3c96b,2024-09-02T10:16,9,223.65,Card,Pending
0f1636de-b14f-46fc-9334-96e070f63fce,cf65c4b6-4c1c-420b-95de-23e5b56ffad5,2025-11-06T10:16,9,83.43,Online,Completed
5a1b423e-6c64-4a91-8429-e1c9f53ab8f4,80537cf2-360f-4740-8b7e-d4cd56e22987,2025-05-22T10:16,6,146.04,Cash,Pending
4dc2bbc2-548f-4ec9-aa30-10d4d9b33ad4,c1a09d60-c9e8-4489-a68e-e01b51541d33,2023-12-01T10:16,9,169.74,Cash,Pending
987fdf5a-cbd3-4090-bf07-3372f31a5dfa,f067e21d-d1d4-4e87-9cae-9753f5f9ccb6,2025-06-19T10:16,7,114.24,Cash,Completed
bde72704-2bbf-442f-846e-aa24fc0add4c,02c65c06-56ad-4670-b8e2-10ab417c7154,2023-11-16T10:16,1,23.48,Card,Pending
39ac36ce-63bf-413b-b121-72663b11bb45,e85d0261-2d97-4475-a749-363ec9040a74,2024-03-08T10:16,8,156.96,Card,Completed
305cec39-303f-4e98-b67f-03447633e5a1,98b17fed-218c-4f20-8410-9f0edfc74455,2025-04-24T10:16,4,21.96,Online,Pending
9d65f668-a1df-40de-9115-02a215f1a770,500fde18-ea61-4380-9ea4-f06d09985870,2025-03-13T10:16,7,142.24,Card,Cancelled
f9bb1650-fa27-4309-8626-6d9e1adc720b,935ebde1-5945-4673-886e-1a7a12cc2d4e,2025-07-12T10:16,7,189.42,Cash,Cancelled
8ba733e9-c76e-4e05-a811-3913a38f75c7,09ba4183-1b94-4f8c-bc5f-eca421a88524,2025-04-16T10:16,6,153.60,Card,Cancelled
97153ced-31e2-45ee-b302-9e052b52b914,e12c3d24-86c8-474f-b86b-370df36adbfe,2024-05-26T10:16,7,93.17,Online,Cancelled
e5b16e8f-1371-4fdc-b0d6-d3dd69e3f502,401a6911-a31e-4892-adc1-56e3e1eb090a,2025-09-07T10:16,3,29.13,Card,Completed
1a0e9cf5-84e9-4bd1-ab5d-529639c0f38e,6945f6f4-b8f9-4d04-90ff-e59ed705578e,2024-03-01T10:16,8,125.12,Card,Completed
200e8a94-aa0d-4079-ac68-7c24a8bf88c8,63846b60-b7be-4087-ac6e-56c9bc130a20,2025-05-04T10:16,1,19.03,Cash,Cancelled
ad218379-5b7f-4da1-9007-a914991f8b18,4b14a58c-f1e4-40b6-888d-a88cd7055099,2025-05-28T10:16,1,18.21,Cash,Cancelled
5d2e22e5-442c-4ca6-8667-3ef562ef3691,05ccd8a5-ea5f-4353-bd1e-3022152b0685,2025-06-19T10:16,4,83.28,Card,Completed
f088e99d-525d-449d-a878-4185ef861eae,485b65e7-fdf4-474d-afba-37986d8d3cd8,2025-07-12T10:16,9,123.75,Cash,Pending
7eb50b2b-1119-47fd-9c72-2d0784490c65,d3f641e5-b8b5-4f5f-9155-7768df2033e8,2024-01-04T10:16,4,91.96,Card,Completed
83000f2a-176e-4285-b08d-c93557847e56,ebe19120-496a-47fa-87eb-2440212a3363,2024-12-03T10:16,1,24.05,Cash,Pending
88372555-06cd-4e42-b9d8-c1d4e0e77fc4,63846b60-b7be-4087-ac6e-56c9bc130a20,2024-08-16T10:16,7,36.40,Card,Cancelled
327e4fec-a28e-46a2-96d0-69dca5e2d73f,b6c26110-1b77-4777-8c79-c69ec19b66df,2024-11-19T10:16,4,86.20,Card,Cancelled
d61365a2-7d16-477c-bba1-488bee696de2,6945f6f4-b8f9-4d04-90ff-e59ed705578e,2024-12-31T10:16,7,64.89,Card,Cancelled
d45ec7ef-7ae0-42a9-bdbd-ad64211c06c0,f6c35464-33dd-44a7-bf84-071f2e427045,2024-05-08T10:16,5,70.40,Online,Pending
b5709041-022f-4e01-b2d7-10fbc13a473a,9fa382f0-8393-48db-ad30-43c953282401,2024-10-27T10:16,6,172.92,Card,Cancelled
338330b3-a9d6-4108-aa6d-68b376846bc3,0b2a0e9a-e050-4380-b607-57adcbbf59d4,2024-12-31T10:16,8,109.84,Online,Cancelled
83e971c2-5621-4bfe-afaf-2d2005ef6296,52c87fd9-fdf0-4256-b929-6153ad24a0ac,2025-02-15T10:16,8,110.80,Card,Cancelled
9a94f135-d847-4ef8-8d6d-175bf7575340,428424b7-1f94-496a-8b7a-497ce177d32c,2024-09-09T10:16,2,56.46,Cash,Completed
92315ed5-d146-4e51-ad85-7cd1f612250f,80537cf2-360f-4740-8b7e-d4cd56e22987,2024-07-06T10:16,7,90.58,Online,Cancelled
b73515f0-ce6f-448b-8045-387e1efc2967,8113211c-bdc3-4bb0-94d9-3fd3871f3005,2024-04-06T10:16,6,140.88,Online,Pending
9bc44f22-c823-47eb-b12f-3a11307dc924,3e97fc93-73a7-45e0-9888-f7a03ee258a7,2023-12-22T10:16,6,120.84,Card,Completed
41d81454-59da-40be-941c-b6f97e86b71b,80537cf2-360f-4740-8b7e-d4cd56e22987,2025-09-23T10:16,3,24.24,Online,Pending
8335acee-7707-470d-b491-ad11f38ca303,caad7924-4bc5-4f85-9662-11ca261e3c87,2024-11-10T10:16,7,155.96,Cash,Cancelled
0b7f7d9c-b7d9-459f-9ab9-c37f26c1f55e,4b14a58c-f1e4-40b6-888d-a88cd7055099,2025-03-17T10:16,1,28.34,Cash,Cancelled
188d9342-c1b8-4806-b5ed-ad438ffa37d1,2c6dafc9-06cc-4b3d-8b8d-12aae0644c58,2023-12-20T10:16,7,81.76,Online,Completed
e85aec84-f39a-4ae0-8d04-137dc47bc591,4f6ae324-5b6d-47d6-a86d-26ec6fbe1e0e,2025-10-03T10:16,8,137.12,Card,Pending
552142e6-324a-4668-bc17-a27998ac52e7,2a109685-1399-4149-8951-fba29bb0360d,2024-09-21T10:16,5,75.70,Cash,Completed
871a6d77-9649-4118-a8fd-9ae5e73ffb94,aac35608-9499-49c5-811a-a059e773c968,2024-07-12T10:16,9,195.12,Online,Cancelled
44e5e1ea-e788-4a27-8af4-dd9dc085ec17,0a0ac3e5-6e20-4fbc-87ec-5481c70e38bc,2025-05-08T10:16,2,16.66,Card,Cancelled
1fed2147-062b-45ea-a298-8422721ebcac,6c6a3b10-9747-4dca-a041-4edc22d147b0,2024-06-11T10:16,7,95.69,Card,Cancelled
cc9ad116-5b34-4324-a9c7-590aeb18e4a5,02c65c06-56ad-4670-b8e2-10ab417c7154,2025-06-11T10:16,1,23.80,Card,Cancelled
fc840174-fbe5-4921-aef1-04b00c0abdde,4e6807ca-aed8-4ec9-b1b0-0e3aba57efb1,2024-06-04T10:16,5,75.75,Card,Completed
9704b745-140f-43b8-aa81-7cb9546fc5e7,0a5a9fc7-e126-48f0-99aa-dea85c606f66,2024-06-05T10:16,7,132.51,Cash,Completed
5f9e2317-f6d5-4115-8b30-124096d41c75,63846b60-b7be-4087-ac6e-56c9bc130a20,2024-04-29T10:16,9,144.09,Card,Pending
d6520c0a-0b3e-4cb1-a020-81081aace094,ba5d9947-b043-4aca-8ee0-6b77895cf8e8,2024-05-07T10:16,7,193.69,Cash,Completed
e03190a2-7994-4a2f-9b70-dafce609c4df,d5cfb1a3-ce2f-4aff-ab4c-50e0c5426af1,2024-02-11T10:16,7,95.13,Online,Pending
ffbf7a3f-056c-4a56-bf13-a399591809bc,d5cfb1a3-ce2f-4aff-ab4c-50e0c5426af1,2024-05-05T10:16,4,76.32,Cash,Cancelled
c68d2798-1cd6-4580-bebd-591e0e36f215,0e0d5f13-edd5-4ab0-9ddd-3df111bedc5a,2024-11-18T10:16,2,15.16,Online,Pending
11b9ef96-b54c-4853-baf9-6a29bce774e9,e38afcd9-9e08-47ba-bc92-5ebb4bc271eb,2023-12-19T10:16,4,48.00,Online,Completed
5b07a41d-2902-449e-b7d3-6d39d5073d26,0dd437d0-74fa-43c3-8909-5c955e4d47dd,2025-09-28T10:16,8,125.12,Online,Completed
5a6a2391-0525-46d8-adaf-542f07336412,7509850a-5062-4da9-aad6-bc5b9e363ef1,2024-05-11T10:16,9,141.21,Cash,Completed
ba5874e8-78b7-4c91-861e-9637c44cd307,09ba4183-1b94-4f8c-bc5f-eca421a88524,2025-09-10T10:16,1,22.47,Card,Completed
0603c7b8-1c5a-4221-94da-4edcefb23785,21edfc22-3f73-4335-a774-3cf78ab65e86,2024-08-25T10:16,2,59.00,Card,Cancelled
49d90ae6-807d-45a7-89bf-019b76a4dfa4,92da274a-bea2-490a-bb52-196c46fa8487,2023-12-18T10:16,7,140.77,Card,Completed
7cc1a06d-cc2f-492f-a976-541713732364,23650eb4-f98d-45a3-a90b-a378f03d469d,2024-08-03T10:16,4,35.80,Cash,Pending
d89d5d7b-58b6-4950-b9ad-55ab4c9d893b,c3ffc43c-0c11-40fa-9824-f234161741d0,2024-08-20T10:16,4,95.04,Card,Completed
082ca1a9-88aa-47c9-9889-51de456a31f5,0a15d43b-8f6b-444a-bef2-ffbddfdbd16f,2024-09-14T10:16,5,103.95,Online,Completed
e2474483-1f0b-4333-adf8-2a39e99b01c6,795088d7-d227-422e-ad8c-f048bde0675e,2024-04-30T10:16,5,61.35,Cash,Pending
3badb699-a237-4921-a3a5-01550c608e32,f543de06-e341-4de2-95ab-ca0fd3ee51fe,2024-10-31T10:16,3,23.94,Cash,Pending
3c8fc5ef-44b8-4ab9-bebc-87fa8318f9d5,b90a3a7f-421e-47e5-8598-fe50f365a62e,2025-04-19T10:16,2,59.06,Card,Pending
da49e2a6-0055-49e7-85ea-0b69a515f118,a5ffc907-be77-43e6-8694-4a0bf09bd3fb,2025-05-21T10:16,4,86.32,Online,Completed
0db2a5d6-9a68-474a-abb4-570f093a72ba,428424b7-1f94-496a-8b7a-497ce177d32c,2024-09-29T10:16,7,161.91,Online,Completed
3d5d6af0-ca2a-4086-aa9f-e0f7b5b7feb2,caad7924-4bc5-4f85-9662-11ca261e3c87,2025-03-18T10:16,4,44.32,Online,Completed
6960c386-03da-425e-b5c3-5e9a4f07cd06,c9dcc28a-ae5f-477c-ae7e-72d94129f449,2025-01-21T10:16,7,89.18,Cash,Pending
22414536-cfe4-489c-b553-2010c854b9de,c9dcc28a-ae5f-477c-ae7e-72d94129f449,2023-12-22T10:16,1,9.76,Cash,Cancelled
4c16e1af-ab58-45e9-9863-d3f818f4227d,74e76582-f1b8-4560-b049-8aebb59d4721,2025-02-19T10:16,3,66.33,Online,Completed
f39477d1-1fc9-4526-b9c5-6fdc4fb314d2,6c6a3b10-9747-4dca-a041-4edc22d147b0,2025-08-13T10:16,4,21.72,Online,Pending
cb9098cc-0a90-4fe6-8574-21a870855f64,06e585f0-5b60-4900-81d1-3379328e6c17,2024-03-12T10:16,5,105.10,Card,Completed
b602619f-8e85-46f4-8cb1-8a91bf4cb1a6,050d9901-1cb5-413a-9c31-282028f863c1,2024-02-12T10:16,1,29.07,Cash,Cancelled
7a71bd69-82b3-4900-bfed-360846815c44,205ea7f7-e714-45b8-a083-11247ff702a1,2025-10-08T10:16,8,84.48,Card,Completed
541a65bc-4170-4e3f-b06d-82dee37efbdc,7d2df59f-386d-4aec-85a8-2443262a0cb4,2024-02-01T10:16,6,30.84,Cash,Pending
5a8cac37-5716-4e30-9d7b-623506664c50,52fbb114-83aa-432d-b2f1-f3e37a5c4754,2024-01-14T10:16,1,28.19,Card,Cancelled
29de42f3-66fa-4327-a99a-6f21ad35913d,8626238e-5813-415a-9a8c-db944b1e0269,2024-06-06T10:16,9,116.01,Online,Pending
c42a1fe1-ffb5-4072-91ae-89dbad813ccc,93cdeef1-3fc3-4a63-a275-0ae87ae6b335,2024-09-26T10:16,4,97.44,Online,Cancelled
a7d83035-7f18-43fc-88ab-0a2ee2d591ac,103fcba5-5588-45a5-9fe0-6ac948d3860e,2025-06-17T10:16,1,16.27,Card,Cancelled
a6a35bef-e6dd-4f9f-9032-6853983beaa3,953417c6-cd52-45e9-9ca0-bb450653c934,2025-01-20T10:16,8,110.08,Card,Cancelled
9a9b7f63-ab8b-4a74-a19e-993e896c869a,77ca464a-fe0d-4dcc-8f08-3eb2f7b64f76,2023-12-23T10:16,5,65.55,Online,Pending
d8edca7d-9bf6-43c5-b0be-55726a16a58d,824998a2-7592-4051-ab0b-d5e12743c93b,2025-04-12T10:16,9,264.24,Online,Pending
571a8d6d-d71e-4dcb-9466-e9632125f7d7,205ea7f7-e714-45b8-a083-11247ff702a1,2024-01-22T10:16,1,16.79,Online,Cancelled
6864f3ef-a228-42bb-83e7-046663c4af4a,3910ab11-8758-4a4f-8a9b-c4f5df7413c4,2025-07-17T10:16,5,31.85,Card,Cancelled
99c93bb2-2855-4e4e-9266-19303d62ae3b,b04ce307-2d1f-4214-b023-d8f4379041a1,2025-03-23T10:16,7,63.84,Cash,Completed
7192a4af-2736-4966-a57e-f05f7abaa0e8,68169a66-a8d4-4763-914e-7befc826445b,2025-07-09T10:16,8,141.44,Online,Cancelled
ad75d385-4231-43bf-82a0-31f83d48ad06,4717d2a3-4b2a-44f1-b960-a2b73e2d23fd,2024-07-30T10:16,5,47.50,Online,Cancelled
d2fa2e12-5904-46cb-bf5e-c2b7de363c0c,428424b7-1f94-496a-8b7a-497ce177d32c,2024-03-19T10:16,7,157.78,Online,Pending
21e33dc7-0e59-4c60-b039-c603894b62fe,6c3bf618-a715-40f9-9faa-cfc5f5beef2f,2025-04-29T10:16,7,66.15,Card,Completed
c2147599-da19-4f9f-9175-e29bd679b388,c3ffc43c-0c11-40fa-9824-f234161741d0,2025-08-28T10:16,9,190.35,Online,Pending
34c8dec5-8e3b-422b-8efd-a9cd76e8be22,caca465c-e9f2-4add-91b5-24c70595e321,2024-02-15T10:16,7,91.98,Cash,Completed
dabc14fa-210c-43be-8409-50bbd5f0493a,cb8747c7-32ca-4b6b-868d-13ab01d953ec,2023-12-28T10:16,1,9.73,Card,Cancelled
c4ca5b5b-e26e-4ce7-ad27-f0ccf4103e78,65b2c0ea-6192-47fc-9286-2c1dd3ecefb1,2024-05-03T10:16,6,34.08,Cash,Cancelled
1734a8e4-9342-4f5e-a21f-e54bd791cbd7,1eeb9c5f-5b7a-47af-b4f1-5a50d9d1089c,2024-03-30T10:16,9,91.62,Online,Cancelled
0ec7ef85-d84f-4977-99ea-8ea98a0ab745,0fcf4084-ea31-49f8-99f9-9bf8c8b0c16b,2024-08-16T10:16,3,69.69,Online,Cancelled
2b4dff8a-2dae-4120-be4a-7bb582263771,e886c155-0dae-4b36-88f5-a86fa474d1f6,2024-03-19T10:16,9,135.00,Card,Pending
6e6990dc-75e2-465d-98bd-1bf0caaa54c2,c1a09d60-c9e8-4489-a68e-e01b51541d33,2024-07-01T10:16,5,57.40,Cash,Pending
ea3e5070-d8ec-4572-bb86-1cbb420c6a45,90f0db1e-2b19-43f7-ba17-233c7c214eca,2024-05-05T10:16,8,91.12,Cash,Cancelled
f2291867-1f2c-4ce6-a755-452bab78cfed,8f7f530b-bb30-4a05-b437-744ed30af54f,2025-10-27T10:16,4,37.40,Cash,Completed
a07cff58-d0f8-48e5-ac60-081071c63b4e,c46351bf-193f-49af-a5d6-456188837c3d,2025-06-30T10:16,6,84.00,Card,Pending
8e2ce4b6-8783-4614-a01e-5505516542c6,6aaabc79-3d35-410f-bb96-f86a3930d0ff,2024-06-24T10:16,1,9.64,Cash,Completed
b60d41c3-3979-4332-b6bb-1ab0b0bc530f,74e76582-f1b8-4560-b049-8aebb59d4721,2024-03-12T10:16,7,76.09,Online,Completed
2a63fb00-a9c0-4eee-bdd3-80ab01236ca0,99c406e7-092b-4eeb-bc08-56fc041c253d,2025-11-08T10:16,1,21.06,Online,Pending
37fc20b6-8f85-4d2c-b0ee-6fad8ebc9a4b,d6d4ef4b-0870-48aa-b884-013237f255f4,2024-02-14T10:16,9,269.55,Card,Cancelled
7e42df31-8595-4eeb-a814-1f60d57d40d2,5400d214-6176-40bf-88d2-3f53ed38bf69,2024-12-13T10:16,9,137.16,Online,Cancelled
5f060e02-6f3f-4cf2-a287-ee2029c827f3,99c406e7-092b-4eeb-bc08-56fc041c253d,2024-10-21T10:16,7,101.92,Online,Cancelled
b35fde7e-efda-4cec-84b6-83a90319f17c,c0d74d86-5c5b-481d-b8e3-61eeb9c77255,2024-04-28T10:16,8,232.96,Cash,Cancelled
6ddfe67f-cdb7-44a6-a8e5-6354fe75cd26,2c6dafc9-06cc-4b3d-8b8d-12aae0644c58,2024-08-04T10:16,9,258.66,Cash,Pending
7b38a49f-0ac6-4288-aec1-bb0d62501bf6,49af098b-bf79-4643-8e49-739ea932d38b,2024-02-22T10:16,2,18.52,Card,Pending
836a5d99-583c-47cf-b1e5-fbea3cfcc788,d3f641e5-b8b5-4f5f-9155-7768df2033e8,2025-02-05T10:16,3,47.07,Cash,Completed
4c63e3e6-b9d3-4486-8d00-d8d5791e4a88,c3ffc43c-0c11-40fa-9824-f234161741d0,2025-09-21T10:16,6,80.76,Cash,Completed
df7a8b3a-50bb-4b4c-bee0-0d745ec2c6e4,8e1bbe6c-7b75-46dc-8ca1-0b1664cd6ae4,2024-05-01T10:16,9,256.95,Online,Cancelled
dcd7e6cf-b080-4129-8a26-9821f1143c5b,2a109685-1399-4149-8951-fba29bb0360d,2025-03-06T10:16,1,17.28,Cash,Cancelled
3c91b5c6-27db-4b44-bdf4-00de62522099,205ea7f7-e714-45b8-a083-11247ff702a1,2024-09-15T10:16,3,18.42,Card,Pending
ebd613b8-abb7-4cf0-896d-e917f85486ff,59827b2a-ae17-44b1-bd6f-6f08718559cb,2025-10-24T10:16,6,127.62,Online,Cancelled
3d426872-04dd-4c5e-8b30-68de626d7ed2,00d7ae70-0f46-4453-963c-4ab2a3d29314,2024-05-27T10:16,5,145.25,Online,Pending
70cfc474-f3bb-466f-a3ba-6d22b5dba5ec,4e6807ca-aed8-4ec9-b1b0-0e3aba57efb1,2024-02-16T10:16,5,97.55,Online,Pending
ac683522-13f2-4979-9c7a-4891527a5a7c,23650eb4-f98d-45a3-a90b-a378f03d469d,2024-09-14T10:16,1,14.01,Cash,Cancelled
f2cefd2b-057a-47c0-a4d8-4834ddffa07a,bb9edfa8-17f7-4f6f-8e3b-616693a298b1,2024-02-18T10:16,3,59.61,Card,Pending
199b79aa-1093-4888-aaf1-e9144f66fe6d,6e551d53-4f6d-4b84-a9de-3d7c79694805,2024-06-19T10:16,1,8.62,Card,Pending
cce3da8f-e644-4e05-b4c5-9de7a4077242,ebe19120-496a-47fa-87eb-2440212a3363,2024-05-11T10:16,7,209.86,Card,Cancelled
e8d2aa95-ef0f-4f21-9290-b6933e5e5c2e,9c53f3f8-5b22-4d77-bd76-cfa6c70e443c,2025-05-05T10:16,4,84.44,Card,Cancelled
2b832361-b533-47e7-80d1-2f4e1ba61420,7169ef0c-f2c8-4ae3-83f6-87691664d2d2,2025-02-18T10:16,8,186.72,Card,Pending
084c49db-00e0-47b5-9d56-ef46761f7c35,0a0ac3e5-6e20-4fbc-87ec-5481c70e38bc,2024-07-18T10:16,6,97.92,Online,Cancelled
3214fc89-1dcb-42bb-a395-fcd739312dfe,cb8747c7-32ca-4b6b-868d-13ab01d953ec,2025-10-23T10:16,6,93.48,Card,Completed
0f850975-e206-4aa5-97e8-7868d2dacbc6,4e6807ca-aed8-4ec9-b1b0-0e3aba57efb1,2025-04-19T10:16,1,8.28,Cash,Pending
6288c23b-1737-4128-b90f-07f0083daa60,9b9edd1e-b4f7-414c-b8b5-a3dc51fa0a8c,2025-10-19T10:16,5,116.55,Online,Pending
782880e5-14f9-46a5-adb7-ac1a17e8fdac,3dcaabe3-78c9-4d88-bed5-56ca7ceea07c,2023-11-24T10:16,7,92.40,Cash,Cancelled
28df3c06-ebc0-4cf4-ad2a-94a067e513c8,10b26c2d-7d56-4175-84a8-a2775e128a9d,2023-11-14T10:16,6,153.24,Cash,Completed
287ff58f-747d-425b-86b4-f4163a1640cf,b014b56e-3263-4b63-8430-46e00bc5ea77,2025-01-02T10:16,3,56.61,Cash,Pending
b3d932bf-94d7-4f20-b32e-ce4da1857ead,c1a09d60-c9e8-4489-a68e-e01b51541d33,2024-02-17T10:16,4,33.64,Card,Completed
a6b78551-3fb3-413e-a7aa-4ee045aa6d60,27e45431-1333-4ffd-a0c8-be56ffdc5d4e,2024-12-15T10:16,2,36.66,Cash,Pending
a14b9689-3ac8-45eb-856f-5805f1370fca,caad7924-4bc5-4f85-9662-11ca261e3c87,2025-06-24T10:16,5,49.10,Cash,Completed
2bdfdbae-2b70-47f0-9c2f-6b3eb5ef6f79,1eeb9c5f-5b7a-47af-b4f1-5a50d9d1089c,2025-04-08T10:16,2,28.76,Cash,Cancelled
acd487e0-3414-465e-81f1-b71ff0abc3e6,ef7fad1f-a86f-4ee1-95b4-ce1f339f0fa5,2024-11-30T10:16,5,69.65,Online,Completed
41a8e8ff-fb03-4592-b96d-79d2e0a4f50a,8b546c63-5406-493d-bc69-cfb594b38267,2024-04-09T10:16,2,59.54,Online,Completed
106d5a0c-b58e-4695-9cce-41969508dfdd,d3f641e5-b8b5-4f5f-9155-7768df2033e8,2025-10-11T10:16,5,84.95,Card,Cancelled
0bbe4484-b7cf-43c4-8a25-7e04e3e35f8c,a190f67b-21df-46bc-8164-46bdfa00af85,2025-02-03T10:16,2,11.92,Card,Pending
94b00ac4-0651-41ce-b1cb-c746370eff26,e6cb1215-5314-4d05-bfd1-f6e5d36e89f7,2023-11-23T10:16,8,208.48,Cash,Pending
d2b6e1c0-df0d-4c5b-8dbf-6b3bf0bc6c80,10b26c2d-7d56-4175-84a8-a2775e128a9d,2025-06-03T10:16,7,63.42,Cash,Pending
eb894431-f278-4d84-97c9-713596134224,983d66ae-c8b0-46b8-8abc-26a1055cf729,2024-11-25T10:16,7,140.77,Card,Pending
81ff5d48-d383-49df-ba9d-5451fb594bc9,428424b7-1f94-496a-8b7a-497ce177d32c,2024-02-29T10:16,8,152.32,Online,Cancelled
148ea664-2c5f-4cec-be45-3f564b0caa25,953417c6-cd52-45e9-9ca0-bb450653c934,2024-10-21T10:16,6,30.42,Online,Cancelled
f6cf8868-8a1d-4b64-a53b-83257a5f3ac6,8b546c63-5406-493d-bc69-cfb594b38267,2024-11-04T10:16,4,29.12,Cash,Completed
258020a3-8e90-4195-9d80-3ecd1b6f1550,3dcaabe3-78c9-4d88-bed5-56ca7ceea07c,2024-06-20T10:16,3,89.25,Card,Cancelled
0340afe7-7f61-4980-8dd5-14ad5cfdc0fb,99c406e7-092b-4eeb-bc08-56fc041c253d,2024-09-29T10:16,2,10.16,Online,Pending
c3526d32-03e6-4fa4-90c9-5ce15463ff0f,63846b60-b7be-4087-ac6e-56c9bc130a20,2025-10-18T10:16,3,88.62,Card,Pending
00e6aea4-551e-44dd-a005-cbf5305fed5b,7c991f43-c18b-4404-8826-97691b0dc00c,2024-05-19T10:16,5,127.35,Online,Pending
d09f532f-c4b0-450e-9561-ef159069548c,485b65e7-fdf4-474d-afba-37986d8d3cd8,2024-07-18T10:16,8,61.52,Online,Pending
94c2cc60-6d65-4c13-88f1-33a49ffa0237,500fde18-ea61-4380-9ea4-f06d09985870,2024-04-11T10:16,5,65.90,Online,Pending
203952d6-af02-40bb-8c05-b05d2cae0bed,77ca464a-fe0d-4dcc-8f08-3eb2f7b64f76,2025-10-27T10:16,4,43.04,Card,Cancelled
f0147613-3a0a-4731-97ce-82bf58c456b0,0a15d43b-8f6b-444a-bef2-ffbddfdbd16f,2025-09-17T10:16,8,104.64,Cash,Pending
083d1872-6b72-4493-a2b8-6b53df72852f,6e551d53-4f6d-4b84-a9de-3d7c79694805,2025-02-12T10:16,7,88.69,Cash,Cancelled
94994548-ef27-4750-97bb-d9ce81140ffc,6bd388d4-5636-450b-bacd-55bdcb769bab,2025-05-04T10:16,8,221.28,Cash,Pending
26968af2-6873-4d04-8724-6a587e6c90a6,7a18d550-38d0-40b2-84a7-547162e7e409,2024-10-12T10:16,7,118.58,Cash,Cancelled
67906ab4-da46-47a4-b9bb-ecea48f85e03,e7991221-0de0-4ef8-aa9c-ca3b59197059,2024-10-01T10:16,2,16.66,Card,Pending
e337e071-f25f-411f-b5d3-63fb090e5cea,910b1d47-5c37-48b1-8bde-96c60660f1d7,2025-01-29T10:16,4,114.84,Card,Completed
e5452acd-792d-4232-9190-d2d746fb50e2,1407e9cf-22c9-4137-a2fe-cc12dc038235,2024-08-13T10:16,7,143.57,Cash,Pending
d9051708-1811-4206-9a76-6a87544c97ac,2ca088cd-c6c6-4e60-a1a4-d2990ee21b12,2025-10-27T10:16,3,65.79,Online,Completed
c5720155-6753-401e-9bf1-1498e87fece4,2c6dafc9-06cc-4b3d-8b8d-12aae0644c58,2024-06-18T10:16,4,48.24,Cash,Completed
2e51a5e7-318a-48eb-b0f2-a2114712dc04,1407e9cf-22c9-4137-a2fe-cc12dc038235,2025-04-19T10:16,8,50.64,Cash,Pending
0458f21c-3895-4d68-aca8-9ab5eac3b70b,0a5bd884-b432-4ce5-b14e-44b4aedd4c0f,2025-05-28T10:16,9,194.67,Card,Cancelled
8b6042ba-4e2e-42ca-9e24-2a2abd7656a7,c63bd277-c81c-40c5-8720-6ce916d653c4,2025-10-20T10:16,9,56.25,Card,Cancelled
2f86c7da-09d0-4b18-ae43-66c3ab9b9d28,56a75a3e-a944-4147-8cba-f1024726993f,2025-02-24T10:16,6,125.34,Online,Pending
b0f1c347-d819-47a5-acac-2faa359e0d0b,8b115a34-224b-453c-be69-b53a7445b466,2025-04-21T10:16,1,22.11,Card,Completed
19d9fb06-efa0-425f-a304-9e258406cd1c,46032f36-69bc-465a-9b33-a5d560bfd77a,2024-12-10T10:16,1,25.67,Card,Pending
3e1e550f-dce9-4c16-8371-790e41108cb9,6945f6f4-b8f9-4d04-90ff-e59ed705578e,2025-10-26T10:16,4,38.52,Cash,Cancelled
f1e5f97d-2f15-4df2-bb3b-c70388e32666,f90cf3ca-e2d0-4129-bc7a-e8a2b80880da,2024-03-12T10:16,2,50.52,Online,Pending
0c973f2e-1c88-4993-b021-e61316777e7e,52c87fd9-fdf0-4256-b929-6153ad24a0ac,2024-11-01T10:16,8,239.28,Card,Pending
eb853c6a-22ef-45da-8283-6a98758eeff0,93cdeef1-3fc3-4a63-a275-0ae87ae6b335,2024-11-27T10:16,1,26.71,Online,Cancelled
1a11a717-c48c-4b53-8139-67db20136696,4739f27f-7a96-4d52-83ae-0c6fd4c8c606,2024-04-29T10:16,8,85.92,Online,Cancelled
75208d0b-b073-432b-84e8-007d90499000,09ba4183-1b94-4f8c-bc5f-eca421a88524,2024-08-04T10:16,3,85.38,Card,Cancelled
964522b9-8783-491a-8527-c0d54f8e2cd8,fbe227d7-6d32-4407-9783-7fdac983e55f,2025-04-08T10:16,8,168.88,Card,Pending
48297929-bcab-4d65-adf6-28c7f0f88f2c,b95f7619-fab2-4df9-8683-1f2aeb93a660,2024-11-11T10:16,8,192.32,Cash,Cancelled
8fac95e5-86b8-4e26-b54a-779339a6b9df,ba5d9947-b043-4aca-8ee0-6b77895cf8e8,2024-03-09T10:16,4,72.32,Cash,Completed
1bf186c4-d162-4857-995e-dcd07b7dcd0e,cd50913f-8c99-4253-9134-0cf5fe5f300f,2025-10-05T10:16,7,103.81,Online,Cancelled
de0ed7c6-3840-475a-890c-848865646662,1233cc27-7567-48e0-8dd2-6b0019506c2f,2024-05-05T10:16,4,62.08,Card,Completed
2788a50b-e912-4aa5-8e16-eee189746a48,8250871a-2b35-424e-a1a1-4eb4faffabfb,2024-09-13T10:16,3,79.29,Cash,Completed
5e0aaa97-8c29-448d-a8c6-6847bf12c01c,56a75a3e-a944-4147-8cba-f1024726993f,2024-02-05T10:16,1,9.23,Cash,Pending
97b53972-1a14-45e9-b191-578d69327f42,9fa382f0-8393-48db-ad30-43c953282401,2024-11-20T10:16,5,142.15,Card,Cancelled
9a22c685-761e-49c1-83f1-636a82173700,c3ffc43c-0c11-40fa-9824-f234161741d0,2024-04-05T10:16,1,27.25,Online,Completed
86803e51-2e5f-48e4-a01f-642fa9619c59,d33bbfcd-a2ca-4e80-8a1c-65223f061e7e,2025-01-15T10:16,6,101.82,Online,Completed
dc21dae3-5d53-472b-bcff-6ec8d652eff8,9c53f3f8-5b22-4d77-bd76-cfa6c70e443c,2025-04-11T10:16,4,48.80,Card,Pending
ce8cae79-4409-4308-97ab-361619c328cf,e277d099-db2a-4aee-ab86-8b0e73a34383,2024-10-17T10:16,1,22.15,Cash,Cancelled
93671484-dc26-4ee0-a783-fb4d0bbdd94e,d6d4ef4b-0870-48aa-b884-013237f255f4,2025-09-30T10:16,8,85.28,Online,Pending
d729fdfb-81dc-4492-aa1a-51a1400ee881,0130fcd4-a6cf-4a72-8400-7bcae1abce34,2025-03-07T10:16,3,41.52,Card,Cancelled
3462b69d-8c72-45dd-93fb-cfe8d187c62c,0a570207-0f70-467f-bbeb-44a0a60a9a25,2025-02-08T10:16,3,40.17,Card,Pending
5b11f71a-ee91-4894-b003-75c247b6db1a,5d6f84a5-a4de-442e-99b9-b8ef714b4436,2025-11-06T10:16,6,177.18,Online,Completed
eec419aa-e4ec-40c2-8730-1680e9a61b7c,f90cf3ca-e2d0-4129-bc7a-e8a2b80880da,2025-07-12T10:16,5,121.60,Card,Cancelled
f7a32ea5-d572-474f-9f13-2d53f8fa6a3f,b0d737cd-ec4b-4a88-aa81-d012ef3fb719,2025-06-29T10:16,7,82.18,Online,Completed
8c40fd5d-d5bf-4e1b-a796-dc2c46f04dc1,401a6911-a31e-4892-adc1-56e3e1eb090a,2024-12-01T10:16,6,88.14,Card,Completed
ed0b6400-f278-470d-800a-d9d9cbdea223,89d26a00-0fde-4c03-8430-b06f6bc3f33a,2023-12-15T10:16,2,59.80,Card,Completed
072bd1fc-437c-4994-8bb5-558b862a4a7e,59827b2a-ae17-44b1-bd6f-6f08718559cb,2023-12-16T10:16,5,53.00,Online,Completed
f693ca99-22c3-40c7-8232-ed0dc2afcf4e,d87f31d7-79ef-4c17-856e-142e791b04da,2024-09-08T10:16,2,23.76,Cash,Pending
fa75940e-466e-416f-8a5d-be8f872e5273,4717d2a3-4b2a-44f1-b960-a2b73e2d23fd,2025-11-06T10:16,6,138.00,Cash,Completed
42dcca4e-4243-44e3-925a-3ee31a55ba1f,98b17fed-218c-4f20-8410-9f0edfc74455,2025-04-06T10:16,4,58.84,Cash,Cancelled
ef3bbcac-0544-4c36-9215-39752183b571,c0d74d86-5c5b-481d-b8e3-61eeb9c77255,2024-02-16T10:16,7,65.87,Card,Completed
cbbebf5a-0a9d-4824-8860-0c12f71018d2,4bb2d776-14c0-4ef6-b8ba-c580cbed72b8,2024-09-09T10:16,9,262.71,Cash,Cancelled
01594163-ba8a-4e70-b15a-8145502c15b1,941529ef-2114-4bff-907a-4596ff4593a1,2025-04-09T10:16,6,33.54,Card,Cancelled
25b61938-4056-4f8f-aad0-45fca70ed9c6,e38afcd9-9e08-47ba-bc92-5ebb4bc271eb,2024-06-14T10:16,8,229.12,Card,Cancelled
665ac36e-f600-4440-8560-98b8096add35,1407e9cf-22c9-4137-a2fe-cc12dc038235,2025-03-02T10:16,7,158.83,Cash,Cancelled
1b8c1203-1ff3-4b43-9462-f14e9b4bbbdd,9fa382f0-8393-48db-ad30-43c953282401,2024-06-28T10:16,4,36.96,Cash,Cancelled
956d6349-2c95-4ad5-8355-0e3358968284,68169a66-a8d4-4763-914e-7befc826445b,2025-06-20T10:16,4,115.60,Online,Cancelled
922c14f2-1fb3-41a1-9fa0-9ee3e0bf8222,a5ffc907-be77-43e6-8694-4a0bf09bd3fb,2024-09-28T10:16,2,23.02,Online,Completed
9ded820d-8f63-4d0c-8ccd-19d67938246c,26d032f1-9fe9-487a-987a-a8be14e1db05,2024-03-31T10:16,6,30.54,Online,Cancelled
acfdf119-9d5f-4f51-b85c-0b8bdbb08d88,80537cf2-360f-4740-8b7e-d4cd56e22987,2024-03-10T10:16,8,195.28,Card,Cancelled
096f6ffb-105b-4da3-b730-e50a4f2410ab,0472ca7f-b133-4710-8f43-24a3c6c1afd1,2024-07-15T10:16,1,13.70,Cash,Completed
dca8a334-1d98-4775-8a19-1732fd2da7ca,2a109685-1399-4149-8951-fba29bb0360d,2025-05-19T10:16,5,86.85,Cash,Completed
572aa3d3-cc69-4352-8898-27e8f4edee06,401a6911-a31e-4892-adc1-56e3e1eb090a,2024-10-19T10:16,9,260.46,Card,Pending
2a00d099-3874-4100-bbf7-3cdf52e66bab,b0d737cd-ec4b-4a88-aa81-d012ef3fb719,2023-11-27T10:16,8,112.80,Card,Pending
c428b194-ca64-4fc4-99ab-e6fd9cc40223,8887df7e-682b-4d48-b18c-c1ddfa0aaa26,2025-10-16T10:16,2,45.78,Card,Completed
7a55e6d5-9a09-4ff8-9670-2a2aee571d67,ba5d9947-b043-4aca-8ee0-6b77895cf8e8,2024-10-18T10:16,6,52.92,Card,Pending
8419c990-501c-47f0-be83-9c7f00c13684,e886c155-0dae-4b36-88f5-a86fa474d1f6,2025-01-26T10:16,8,121.52,Cash,Cancelled
b5d45f13-6272-4e6d-8acb-c2694fe2eab6,59827b2a-ae17-44b1-bd6f-6f08718559cb,2024-03-06T10:16,8,97.12,Cash,Cancelled
bcaa31d9-605f-405c-87ae-5df725a40be7,2ca088cd-c6c6-4e60-a1a4-d2990ee21b12,2025-08-07T10:16,2,55.44,Online,Completed
2a133ca0-942d-4bb0-b400-b470ebfa8fe9,1a31c678-d420-495a-aff3-0f1609514e1e,2024-09-17T10:16,1,6.46,Online,Pending
2d83f6c0-942d-4d56-9418-53d5fdd3c732,000f9c8f-2fc7-4346-844d-c04f10751265,2024-09-14T10:16,6,163.56,Online,Pending
3e8199a7-cea5-4089-a0ba-e9f2507c3dfc,c3ffc43c-0c11-40fa-9824-f234161741d0,2025-05-01T10:16,9,133.83,Card,Pending
c7f167ec-5380-4d8d-8f6b-674f4b65eee4,0472ca7f-b133-4710-8f43-24a3c6c1afd1,2024-10-18T10:16,7,200.97,Card,Cancelled
d96a7b86-a283-4109-9696-bb1a6c68811d,d7af10ce-45c9-4fc8-8dd8-b1c5491aad5f,2024-04-05T10:16,9,251.55,Cash,Pending
665358ff-078e-4a7b-bbd9-cd4780be6e01,4e6807ca-aed8-4ec9-b1b0-0e3aba57efb1,2024-05-15T10:16,8,176.00,Card,Pending
f31cd640-176b-4fcb-ad59-8515d6e19064,1a31c678-d420-495a-aff3-0f1609514e1e,2025-03-30T10:16,2,16.24,Online,Cancelled
c22a9e00-6e97-4e1f-8112-6e2f2f14c4c4,205ea7f7-e714-45b8-a083-11247ff702a1,2024-07-05T10:16,3,67.86,Card,Cancelled
18a85296-fff7-4cb1-8676-c1dd1d25bd09,8b546c63-5406-493d-bc69-cfb594b38267,2024-03-09T10:16,4,81.80,Cash,Completed
0161577c-fdec-45b4-b03c-c499dc1ee33f,000f9c8f-2fc7-4346-844d-c04f10751265,2023-12-22T10:16,8,154.64,Online,Pending
10331335-b5d3-4704-b46c-ae158c2eaf11,bf0de251-90d7-423c-8b31-48df1a89964f,2024-05-15T10:16,8,165.20,Card,Cancelled
bda84314-f538-42ab-a2ca-3495ca205c97,46032f36-69bc-465a-9b33-a5d560bfd77a,2024-10-06T10:16,5,143.45,Online,Pending
bec3f0b0-3621-4f43-8dce-d65540fbe9da,39cb44e2-a541-4b98-bc0b-db5f31cf8710,2025-02-03T10:16,3,78.21,Cash,Pending
adc34a85-070e-4670-adc4-fd61054e2e29,5400d214-6176-40bf-88d2-3f53ed38bf69,2025-02-20T10:16,1,19.19,Online,Completed
6fad88b3-5831-4caf-bbed-c00334994f42,c0d74d86-5c5b-481d-b8e3-61eeb9c77255,2025-07-29T10:16,9,230.13,Cash,Completed
5c5205ce-d85f-4173-b36f-ad484aca499e,3910ab11-8758-4a4f-8a9b-c4f5df7413c4,2025-05-30T10:16,4,25.28,Cash,Completed
92e51cdb-986e-4715-865e-1def0cd9f65c,8887df7e-682b-4d48-b18c-c1ddfa0aaa26,2023-11-28T10:16,8,132.48,Card,Pending
3203a33d-873b-4e22-ac19-9b36a60be0b6,d5cfb1a3-ce2f-4aff-ab4c-50e0c5426af1,2024-02-02T10:16,7,176.47,Card,Pending
498ed305-5aa3-4d8e-81ef-fc8e8c5a310d,5eb75bc0-d5fa-4209-9d42-7767f3f0585b,2024-01-25T10:16,1,8.65,Online,Cancelled
61900ba1-bd5a-494a-8330-8455f378af4e,058b9c75-b72f-4594-80d2-e41194ff7672,2024-11-09T10:16,8,210.16,Cash,Cancelled
60d289b5-7377-4c13-9e75-7322fff46c70,ebe19120-496a-47fa-87eb-2440212a3363,2025-01-26T10:16,2,16.88,Online,Pending
50fc50dc-7020-49ec-b827-2c0d98f274e6,8113211c-bdc3-4bb0-94d9-3fd3871f3005,2025-03-24T10:16,1,8.94,Card,Pending
9e10daf0-ee49-4a2e-889d-1af4a39290a7,ebbc7df0-770d-44f8-b0ff-c62f9006e40e,2025-02-20T10:16,7,198.94,Online,Pending
9b9c8458-fdde-46e3-8eb8-148cf5d1dc7a,3befa4dc-d961-4a3a-9410-d43d1bdaa335,2025-11-08T10:16,9,177.30,Cash,Pending
c2e859af-c66b-4552-a30a-0d2bad1d35e6,06e585f0-5b60-4900-81d1-3379328e6c17,2024-05-27T10:16,2,37.12,Cash,Pending
f8048202-b977-4319-a6b0-c2c7d30496d2,5f0f3def-9ff6-4282-ad04-001c4a769966,2024-11-08T10:16,9,149.49,Cash,Pending
9328cd48-abd2-46fc-aaf3-a0c84dbd619b,d7af10ce-45c9-4fc8-8dd8-b1c5491aad5f,2025-03-28T10:16,5,29.80,Cash,Cancelled
7b337fa9-2555-4e59-858c-c895d71f7610,365c90d0-a590-4209-9401-2ce55af5ed98,2024-06-15T10:16,5,31.10,Cash,Completed
84052cb5-757c-4891-b6af-993d6003b7e9,00d7ae70-0f46-4453-963c-4ab2a3d29314,2024-05-11T10:16,7,179.76,Online,Cancelled
4d23a3d7-2f6d-4d6c-be1e-a9136bdc47f0,f6c35464-33dd-44a7-bf84-071f2e427045,2025-01-26T10:16,9,103.50,Card,Pending
489b2c46-58cf-46fa-98e2-0d7892dbe981,bfa3444b-2be9-46be-b944-720d86a59770,2025-01-27T10:16,9,114.39,Cash,Completed
65bd7d21-3d14-419c-a4bf-16d4908729e2,365c90d0-a590-4209-9401-2ce55af5ed98,2024-10-06T10:16,2,38.54,Card,Pending
29df422f-8cab-43df-9508-fdd42107ac50,1407e9cf-22c9-4137-a2fe-cc12dc038235,2024-12-28T10:16,7,96.60,Cash,Pending
00181de3-1487-47be-8bad-2b2c2498455e,cf65c4b6-4c1c-420b-95de-23e5b56ffad5,2024-01-28T10:16,6,123.06,Card,Completed
66b2f913-2a17-4c73-a0e6-16e253f0c8e1,428424b7-1f94-496a-8b7a-497ce177d32c,2025-03-29T10:16,8,40.96,Cash,Completed
9dbd729d-9791-48b4-8764-08286db99ac4,103fcba5-5588-45a5-9fe0-6ac948d3860e,2024-10-19T10:16,4,24.08,Online,Pending
1a927db7-1ca7-4eab-a5c9-d70f03e68b5e,74e76582-f1b8-4560-b049-8aebb59d4721,2025-04-09T10:16,4,42.52,Cash,Cancelled
37a617b7-9cb9-4697-8074-42f5d1ed84d3,93cdeef1-3fc3-4a63-a275-0ae87ae6b335,2025-05-16T10:16,8,144.24,Cash,Completed
80d5bb1a-2c41-476e-a1df-d8cbf3a43f9a,e277d099-db2a-4aee-ab86-8b0e73a34383,2025-10-19T10:16,8,136.80,Cash,Completed
c516d197-3ebe-4eed-b23d-cc3afbbe7c23,4739f27f-7a96-4d52-83ae-0c6fd4c8c606,2024-07-30T10:16,1,10.22,Online,Pending
f8137e46-c6d0-4c05-afa4-98e64b243dc3,3ab3404a-ee80-4ed2-8d90-a6f0dad14e48,2024-12-22T10:16,2,49.18,Cash,Cancelled
bb852bdf-bb32-435c-998a-c7b8fb08ed31,b95f7619-fab2-4df9-8683-1f2aeb93a660,2025-02-06T10:16,4,22.04,Cash,Pending
7da2b63b-3bb1-467b-9c6b-bec657cdb178,05ccd8a5-ea5f-4353-bd1e-3022152b0685,2025-04-22T10:16,8,40.88,Card,Cancelled
6d7d4f85-0cfd-4787-adb2-8fbf56ccb022,b014b56e-3263-4b63-8430-46e00bc5ea77,2025-10-14T10:16,6,113.40,Cash,Completed
da99878e-ff5f-4ffb-86ce-4b0b8f35cbe8,11526850-7335-463f-b740-a52a90457c3b,2024-04-15T10:16,5,68.60,Online,Completed
f29cc30e-ebbc-4569-988f-a97ddfe64f98,1a31c678-d420-495a-aff3-0f1609514e1e,2024-04-11T10:16,4,43.52,Cash,Completed
a8ffdb65-3915-4072-bb03-cfcdf6ecd215,aac35608-9499-49c5-811a-a059e773c968,2024-10-29T10:16,5,128.60,Cash,Completed
e66dc904-8796-47af-ba84-e5461b0ecc65,935ebde1-5945-4673-886e-1a7a12cc2d4e,2024-04-21T10:16,9,268.56,Cash,Pending
21aac328-5e07-4463-a37f-4d12cb41d285,058b9c75-b72f-4594-80d2-e41194ff7672,2025-03-06T10:16,2,35.94,Card,Cancelled
bfe07e86-63f2-4edc-a282-1e48ff2348b1,05ccd8a5-ea5f-4353-bd1e-3022152b0685,2025-10-28T10:16,2,43.00,Cash,Completed
2493a79c-97cb-4c6f-a08e-367acefb00ca,3befa4dc-d961-4a3a-9410-d43d1bdaa335,2025-01-28T10:16,3,26.55,Online,Cancelled
3fc08bb4-c7ba-4842-84bd-87b1433fc774,5f6e51da-5f01-4c9a-85dd-7d50ef37e5d7,2023-12-11T10:16,9,110.34,Online,Pending
9d431aa0-0ed2-440c-b8df-209e6e8208e9,b03f75c1-655f-4480-a2bf-1a0af806e96e,2024-08-27T10:16,6,171.24,Cash,Pending
31aba705-de1e-4922-bc0f-8d22e68f42f2,8887df7e-682b-4d48-b18c-c1ddfa0aaa26,2025-08-12T10:16,1,6.23,Cash,Completed
bd02e6b6-5038-411b-a12e-ded4cb86db38,dcfb3d05-846d-4915-99f3-ebbc7559d972,2024-08-31T10:16,1,23.07,Online,Cancelled
f153860a-d103-4eb1-ab5b-af0b4bec7b8a,5eb75bc0-d5fa-4209-9d42-7767f3f0585b,2024-10-31T10:16,1,5.84,Online,Completed
945ae406-d846-4690-8afc-094d5494dcf1,ecf1ffb0-ac00-4968-87ea-8beef4ace55a,2024-09-25T10:16,2,22.12,Online,Pending
97b24328-d6a9-4b0c-a3cb-8a46b64d6b07,8e1bbe6c-7b75-46dc-8ca1-0b1664cd6ae4,2024-06-12T10:16,9,198.90,Cash,Pending
1edc5d89-3670-4cb4-a413-aa8a10531d9a,a190f67b-21df-46bc-8164-46bdfa00af85,2025-01-13T10:16,9,156.60,Cash,Completed
1626c2ee-7cc1-4d53-bf51-76a42fee7546,0472ca7f-b133-4710-8f43-24a3c6c1afd1,2024-09-08T10:16,1,12.88,Online,Cancelled
6adf6e14-0a14-4d96-9df0-b02aa51012f0,953417c6-cd52-45e9-9ca0-bb450653c934,2025-07-21T10:16,9,79.47,Online,Completed
1ab05c05-0b51-452d-b85d-1cc346ff3e70,f543de06-e341-4de2-95ab-ca0fd3ee51fe,2024-02-16T10:16,5,80.90,Online,Completed
e7574710-6b51-4a35-aebe-6ca763a93e3d,7169ef0c-f2c8-4ae3-83f6-87691664d2d2,2024-01-09T10:16,3,45.48,Cash,Cancelled
19970e7f-f74a-4d57-adcf-a757bec95164,53db1213-7316-47bb-9099-c1def0e3c96b,2024-08-02T10:16,5,35.65,Cash,Pending
3924d294-84c0-4ae0-a83f-48283d49c4eb,e119f98a-df63-41dc-8e01-bb49ca2dc724,2025-10-15T10:16,4,46.20,Online,Pending
dc673c06-8f8e-4cf8-a366-dde3940b1eca,bb6bf39c-f455-4e08-a59e-1bdaaa91d4aa,2024-12-11T10:16,9,56.43,Online,Completed
1f71a1fc-2823-49d5-8f5a-7fe1e90f0f15,953417c6-cd52-45e9-9ca0-bb450653c934,2024-11-23T10:16,1,17.79,Cash,Cancelled
42b2ee71-26c0-47da-9c74-4e0534acea49,25659c0e-6eb5-4c57-add8-fb6ac5f42699,2024-12-04T10:16,9,83.43,Cash,Completed
b1ba0b0f-a33d-47d4-89e0-373f646e03cf,5400d214-6176-40bf-88d2-3f53ed38bf69,2025-03-23T10:16,1,15.23,Cash,Pending
57e476c9-f6f2-4791-aea6-dbd1d8f07267,8e1bbe6c-7b75-46dc-8ca1-0b1664cd6ae4,2023-12-29T10:16,1,6.19,Cash,Cancelled
f3f819fc-8f38-47b8-8786-489869c15493,8e1bbe6c-7b75-46dc-8ca1-0b1664cd6ae4,2024-06-03T10:16,8,159.60,Card,Pending
2c9741f1-e05d-44f2-b870-25d43942447e,3ab3404a-ee80-4ed2-8d90-a6f0dad14e48,2025-04-30T10:16,7,106.05,Card,Completed
adf6b5c6-1b77-45fd-9041-a4f69b112753,d6d4ef4b-0870-48aa-b884-013237f255f4,2025-05-19T10:16,9,54.09,Card,Completed
18077cfd-a60e-4c93-b51b-4dcbc97b96c5,4717d2a3-4b2a-44f1-b960-a2b73e2d23fd,2024-05-23T10:16,2,45.06,Card,Completed
b6aa79d2-b14c-46e3-bc96-9cba64adc3b9,80537cf2-360f-4740-8b7e-d4cd56e22987,2025-03-29T10:16,3,38.58,Card,Pending
59fec4de-c68a-410b-9ddc-298d1beebc3f,52fbb114-83aa-432d-b2f1-f3e37a5c4754,2025-09-28T10:16,3,76.62,Card,Pending
7fbcbb50-ebf4-4830-af50-e504efb3b3b8,b0d737cd-ec4b-4a88-aa81-d012ef3fb719,2025-08-08T10:16,8,154.32,Cash,Completed
c7b42ab6-00cf-44e8-a0ee-a9e209db7e32,4e6807ca-aed8-4ec9-b1b0-0e3aba57efb1,2024-06-01T10:16,6,87.48,Cash,Cancelled
9f565c73-7e9b-44b9-b91a-6f468cd3f33e,0472ca7f-b133-4710-8f43-24a3c6c1afd1,2024-10-21T10:16,6,159.72,Card,Pending
609a51c7-9be3-4c08-a110-3d219e3f00eb,885715b6-b1eb-44ca-8460-28c0343e56f3,2024-05-31T10:16,8,182.88,Card,Cancelled
a58db0b2-109d-4a05-b854-752ba80c825e,9fa382f0-8393-48db-ad30-43c953282401,2024-10-01T10:16,3,61.59,Card,Cancelled
29a2b351-81ff-4e47-9861-11a6d7084bda,0a570207-0f70-467f-bbeb-44a0a60a9a25,2023-12-22T10:16,1,9.88,Card,Pending
cdda8be2-2796-4c47-98fa-684edd6c2156,935ebde1-5945-4673-886e-1a7a12cc2d4e,2025-04-06T10:16,6,90.90,Cash,Completed
27ffa857-c71b-4c73-90fc-a9883f2b9866,0472ca7f-b133-4710-8f43-24a3c6c1afd1,2025-08-17T10:16,2,11.62,Cash,Completed
7f604db4-d18e-40be-bcc6-467ddd5c6271,52c87fd9-fdf0-4256-b929-6153ad24a0ac,2024-05-26T10:16,8,74.88,Online,Pending
82f15f39-6d8f-48fe-b879-093aa65f39c6,0130fcd4-a6cf-4a72-8400-7bcae1abce34,2024-09-01T10:16,8,224.64,Card,Cancelled
23bd9247-b9ed-42c4-bbe6-886a60118567,6945f6f4-b8f9-4d04-90ff-e59ed705578e,2024-12-07T10:16,9,263.07,Online,Pending
1d86c6c1-f977-4c9e-9f03-80e43b87ac6b,8113211c-bdc3-4bb0-94d9-3fd3871f3005,2024-01-15T10:16,8,118.96,Cash,Completed
3a9e9224-73ee-4174-83de-adade70040f1,6e551d53-4f6d-4b84-a9de-3d7c79694805,2023-12-03T10:16,7,41.09,Cash,Pending
865cd65b-c725-4ae3-99e3-0d139226ca07,1a31c678-d420-495a-aff3-0f1609514e1e,2025-03-27T10:16,7,208.04,Card,Pending
b553ef4e-3d6e-4695-ac1c-3384c2da60ab,6b1178fc-1745-401d-88da-3903c243ebe9,2024-07-31T10:16,6,124.62,Card,Cancelled
681c8ca9-9c4f-4083-aece-dca1b413442d,3910ab11-8758-4a4f-8a9b-c4f5df7413c4,2025-08-08T10:16,5,66.00,Card,Completed
41bfaa98-5212-4178-9c82-0cf049ce62d8,6aaabc79-3d35-410f-bb96-f86a3930d0ff,2023-11-13T10:16,6,69.48,Card,Completed
64e1ac7f-3f72-42e9-b64b-b7ae1b939bb1,4717d2a3-4b2a-44f1-b960-a2b73e2d23fd,2024-11-27T10:16,5,107.60,Cash,Completed
491776d2-eea6-4417-8ded-59c2292522fd,d33bbfcd-a2ca-4e80-8a1c-65223f061e7e,2024-01-10T10:16,6,175.20,Card,Completed
372da412-702d-4181-a275-3f23af3a51b7,ff4db0d8-e809-46e8-9ae0-78ffee4902d9,2024-08-07T10:16,8,177.28,Cash,Pending
1d5b41e3-8362-4c3a-a610-be7b86d815b5,6aaabc79-3d35-410f-bb96-f86a3930d0ff,2024-04-25T10:16,5,81.85,Card,Cancelled
1a4349b7-a36f-45eb-b67e-e8e60467a4ff,8b546c63-5406-493d-bc69-cfb594b38267,2024-12-16T10:16,9,201.51,Cash,Pending
bc29378e-2883-4d39-9c0b-1bc138edc6e9,2a109685-1399-4149-8951-fba29bb0360d,2025-01-19T10:16,9,177.75,Card,Completed
9c512a91-af40-4b82-8789-4bc6d55f0b6c,f6c35464-33dd-44a7-bf84-071f2e427045,2025-04-21T10:16,5,89.90,Card,Cancelled
f99f63bd-1a25-4b1a-af76-5b781204c2ed,9fa382f0-8393-48db-ad30-43c953282401,2023-11-22T10:16,6,66.24,Online,Pending
048b6507-ca2d-4261-b21b-c1a67053e986,6c3bf618-a715-40f9-9faa-cfc5f5beef2f,2025-10-03T10:16,2,41.04,Card,Cancelled
dec77b6d-9c58-4681-9b01-82dba61fcb3c,06e585f0-5b60-4900-81d1-3379328e6c17,2025-04-03T10:16,2,48.24,Card,Completed
02696610-db6f-43e3-bd48-acda8e1735c4,06e585f0-5b60-4900-81d1-3379328e6c17,2023-12-15T10:16,7,191.59,Online,Pending
57d1744f-fd7a-4496-9612-0379bc109961,4e44f26d-5455-405b-8fdb-63ab8b739ecf,2025-05-06T10:16,5,43.10,Cash,Pending
f3aa17ba-f445-4619-bd0b-81b721a7a82f,68169a66-a8d4-4763-914e-7befc826445b,2025-08-04T10:16,3,75.96,Card,Cancelled
2fa185d2-f6b4-43c2-93b1-85386c566c7d,ff4db0d8-e809-46e8-9ae0-78ffee4902d9,2024-10-21T10:16,3,32.28,Cash,Pending
650936ef-7832-4165-8311-a819ece82c35,5400d214-6176-40bf-88d2-3f53ed38bf69,2025-01-18T10:16,5,127.35,Online,Pending
808d342d-82fc-4ad7-b51c-684c78825aaf,a938df5f-7764-459c-8bfd-90409d16b3c6,2024-04-14T10:16,9,59.04,Online,Completed
d9c8e2ce-1494-43e6-b336-24a11e3f2652,1407e9cf-22c9-4137-a2fe-cc12dc038235,2025-08-27T10:16,2,17.28,Online,Cancelled
0b7e8174-93de-41fc-9db6-7b941ee09f25,6f61ca8e-51a1-48e0-abfa-88326e713e34,2024-06-20T10:16,6,38.28,Online,Cancelled
19ab0287-78b8-4884-82ba-aee584870c78,5eb75bc0-d5fa-4209-9d42-7767f3f0585b,2025-03-24T10:16,1,22.09,Card,Pending
7f532749-7ec3-4096-9bb6-c62a567de441,71f17b36-2c37-4cfa-bf8a-894fa94c0e9b,2024-04-06T10:16,6,47.46,Online,Completed
3b8ac149-ed11-4250-93d7-2e8c5f12f506,e277d099-db2a-4aee-ab86-8b0e73a34383,2025-02-09T10:16,1,17.95,Online,Pending
a8581d06-f32f-4bf3-b9d5-f3fd7be9f5d8,935ebde1-5945-4673-886e-1a7a12cc2d4e,2025-10-06T10:16,4,82.84,Cash,Completed
51c9c2fa-85e1-4b85-8089-804f50f2ef1a,1a48aa9a-def3-481d-922a-94300aa97309,2024-12-24T10:16,5,129.05,Online,Cancelled
2b9482b7-8240-472c-a872-a2bb7a533e1f,4739f27f-7a96-4d52-83ae-0c6fd4c8c606,2025-10-29T10:16,6,53.76,Card,Pending
8b906d06-077a-4841-b3da-de76cb97a93a,9b9edd1e-b4f7-414c-b8b5-a3dc51fa0a8c,2025-08-10T10:16,4,98.84,Online,Pending
b2b0507a-55eb-4f42-9a63-7ec29dacdd6d,e85d0261-2d97-4475-a749-363ec9040a74,2023-11-21T10:16,4,42.20,Card,Completed
54ee4687-5084-46d5-9ab5-583d9803fbff,e119f98a-df63-41dc-8e01-bb49ca2dc724,2024-10-10T10:16,3,34.59,Card,Cancelled
757ea0bd-8160-4201-90e8-6872944e4652,23650eb4-f98d-45a3-a90b-a378f03d469d,2024-08-31T10:16,8,216.40,Card,Pending
78193532-7dca-462e-9d69-26fbcd7462c2,68169a66-a8d4-4763-914e-7befc826445b,2024-12-23T10:16,2,20.02,Online,Cancelled
ecd798b0-cec3-457a-ac42-4507a2632d29,39cb44e2-a541-4b98-bc0b-db5f31cf8710,2024-05-17T10:16,9,72.54,Card,Completed
61fa65b2-3399-448b-8cec-1ae381ab3524,6c6a3b10-9747-4dca-a041-4edc22d147b0,2024-11-28T10:16,3,28.56,Card,Cancelled
ebe9434d-0066-48e3-89f4-4b2d71c69d15,cb8747c7-32ca-4b6b-868d-13ab01d953ec,2024-01-03T10:16,9,187.56,Card,Pending
a87acc52-7234-4310-8ccd-d64fb74ae16b,c46351bf-193f-49af-a5d6-456188837c3d,2024-03-13T10:16,6,41.16,Cash,Completed
9fc35258-8df5-4cef-b705-ff1506d471eb,0fcf4084-ea31-49f8-99f9-9bf8c8b0c16b,2025-08-10T10:16,3,64.50,Card,Completed
561c243b-838c-4e28-a859-f3b9e84735ec,caad7924-4bc5-4f85-9662-11ca261e3c87,2023-12-15T10:16,2,46.12,Card,Pending
0518ca5b-5dd1-49b4-8f38-17d9099192ad,36b880b0-e9bd-4c0b-8f1c-32018f6c758a,2024-07-01T10:16,9,212.31,Online,Completed
fc6cc573-0ee4-4b34-a7b3-dc7d4e90e50e,68169a66-a8d4-4763-914e-7befc826445b,2024-11-19T10:16,8,130.96,Cash,Pending
57974eca-60fb-49dc-8ee7-e9a68fe230e2,8f7f530b-bb30-4a05-b437-744ed30af54f,2024-02-06T10:16,6,174.18,Card,Cancelled
24285a02-b43e-4b5c-b260-63359908b0c7,1a48aa9a-def3-481d-922a-94300aa97309,2024-05-13T10:16,1,10.30,Card,Completed
96898194-15a6-4add-a86c-64be1abff2c5,e6e1db85-f8ba-4264-9c9a-520ecda4bc4c,2025-05-27T10:16,6,101.40,Online,Pending
788b5020-3bc1-4e99-81b3-a5efd12c5c71,00d7ae70-0f46-4453-963c-4ab2a3d29314,2024-01-30T10:16,2,25.12,Cash,Pending
4c0a4406-b282-4fb3-9999-8afd8c192f18,983d66ae-c8b0-46b8-8abc-26a1055cf729,2024-01-30T10:16,5,64.50,Online,Cancelled
568c601f-c5ae-4c8f-ad24-08a290de2817,52c87fd9-fdf0-4256-b929-6153ad24a0ac,2024-06-23T10:16,2,59.98,Card,Completed
9a30b262-db98-4d2f-9fca-2cf5fabf134d,824998a2-7592-4051-ab0b-d5e12743c93b,2024-05-27T10:16,9,206.10,Online,Cancelled
e5e9f651-b183-4d9a-8311-fa9a2bd17e34,2c6dafc9-06cc-4b3d-8b8d-12aae0644c58,2024-11-20T10:16,5,59.95,Cash,Cancelled
eb6d8a28-65e9-428f-8d61-3d1201d1ed8b,4717d2a3-4b2a-44f1-b960-a2b73e2d23fd,2025-11-06T10:16,7,111.44,Cash,Pending
aca53f6f-ba18-450e-9b07-a0957a515047,983d66ae-c8b0-46b8-8abc-26a1055cf729,2025-03-24T10:16,4,37.24,Cash,Cancelled
a8c3c806-fc00-4472-b478-46013169ad68,fdb5454e-2230-489e-ade4-9218ff28cbd8,2023-12-03T10:16,2,53.84,Online,Completed
62ba6b10-02cf-4c91-8450-aea16a6361a9,7a2e5fa5-096b-4701-8ce6-7a3db39bf8eb,2025-08-14T10:16,6,171.24,Card,Cancelled
aeaa86f9-579f-43f9-834f-ad2157c578b2,0e0d5f13-edd5-4ab0-9ddd-3df111bedc5a,2025-02-14T10:16,6,155.94,Online,Cancelled
77aeefa9-6a2d-4071-83dc-e266f09b2bdb,4e6807ca-aed8-4ec9-b1b0-0e3aba57efb1,2025-05-25T10:16,7,169.96,Online,Cancelled
dfb72eb6-a75c-42fe-b7a9-32d994a017e8,10b26c2d-7d56-4175-84a8-a2775e128a9d,2025-11-07T10:16,3,46.86,Card,Cancelled
00aef4a6-d712-44ee-9f89-9f64b0a94602,92da274a-bea2-490a-bb52-196c46fa8487,2024-10-17T10:16,7,69.23,Cash,Cancelled
bc0f2d40-0327-45b1-8ca7-c7d096573bc5,59827b2a-ae17-44b1-bd6f-6f08718559cb,2024-05-08T10:16,3,28.35,Cash,Cancelled
cefb388e-c4bf-434f-b55b-bc1016d198e3,b014b56e-3263-4b63-8430-46e00bc5ea77,2024-12-18T10:16,7,95.69,Cash,Pending
6ce86701-9fac-4c57-9350-5ea48a9a81d3,058b9c75-b72f-4594-80d2-e41194ff7672,2025-01-19T10:16,3,26.52,Cash,Cancelled
a1981b2d-07eb-412e-b552-949c2506dd5f,7a2e5fa5-096b-4701-8ce6-7a3db39bf8eb,2024-11-19T10:16,3,15.72,Online,Pending
2fb01c45-814c-4601-a668-37604def61a1,6bd388d4-5636-450b-bacd-55bdcb769bab,2024-09-23T10:16,2,46.68,Cash,Completed
3fbb6025-b2a5-4dfe-ba12-c05ea8a246c4,11526850-7335-463f-b740-a52a90457c3b,2025-11-04T10:16,3,36.78,Cash,Completed
5d49bc64-e13a-4668-97db-1058ca7ba563,428424b7-1f94-496a-8b7a-497ce177d32c,2024-11-21T10:16,5,45.85,Card,Cancelled
8bd6fd06-4681-42bc-b8ce-98f8470883c9,485b65e7-fdf4-474d-afba-37986d8d3cd8,2025-09-05T10:16,4,117.36,Cash,Cancelled
beedd1aa-2f4a-42cb-91ac-c99a0410004e,401a6911-a31e-4892-adc1-56e3e1eb090a,2025-06-27T10:16,9,219.87,Card,Pending
0b752519-3e1e-4139-aefd-04198ae4f4f9,d3f641e5-b8b5-4f5f-9155-7768df2033e8,2025-04-06T10:16,7,38.01,Online,Pending
a33de2bf-e56d-4133-9173-6d1ac7659278,fdb5454e-2230-489e-ade4-9218ff28cbd8,2025-07-19T10:16,2,24.64,Cash,Pending
a9ea1f19-75c4-4710-8eba-1ca9a3e038e8,e6e1db85-f8ba-4264-9c9a-520ecda4bc4c,2024-09-28T10:16,7,59.22,Online,Pending
b31bc93a-6661-46e4-94af-402cb1c11e4f,25659c0e-6eb5-4c57-add8-fb6ac5f42699,2024-10-20T10:16,8,78.88,Cash,Completed
7b862e8c-b479-451a-bb21-0c569cbd996e,d87f31d7-79ef-4c17-856e-142e791b04da,2024-03-02T10:16,4,64.16,Cash,Pending
950d023f-353b-46d5-9f6f-5b8f00da258b,bf0de251-90d7-423c-8b31-48df1a89964f,2023-12-03T10:16,7,166.18,Cash,Pending
2596f980-6e26-4a1c-898d-9d16d5c75696,f90cf3ca-e2d0-4129-bc7a-e8a2b80880da,2024-06-26T10:16,9,172.17,Cash,Completed
9fcf0784-52c4-4381-ac57-813679f8e48d,f90cf3ca-e2d0-4129-bc7a-e8a2b80880da,2025-07-27T10:16,8,100.24,Online,Pending
117f3ef6-1613-42d2-b992-d5a6bad21aaf,d6d4ef4b-0870-48aa-b884-013237f255f4,2025-08-16T10:16,1,21.98,Card,Pending
96d4b605-7ae3-4c87-b2b8-8776e83160a6,7169ef0c-f2c8-4ae3-83f6-87691664d2d2,2025-06-04T10:16,3,70.50,Cash,Pending
7e82c8ce-b53a-4df1-9d06-d4549082dfab,7a18d550-38d0-40b2-84a7-547162e7e409,2025-05-28T10:16,3,76.74,Cash,Completed
b3bf62aa-f80c-40c4-832b-bc658d33a582,f90cf3ca-e2d0-4129-bc7a-e8a2b80880da,2024-10-28T10:16,4,120.00,Online,Completed
48f5bf3a-e55b-452e-a4c4-c8741b747591,5d6f84a5-a4de-442e-99b9-b8ef714b4436,2024-05-03T10:16,6,87.12,Cash,Completed
1fb291ab-97d9-4adf-a19f-3bf5f81909b8,59827b2a-ae17-44b1-bd6f-6f08718559cb,2025-09-21T10:16,7,167.37,Card,Completed
343a9a3c-fd1d-4590-a512-357a95df28e1,964d337f-acd5-4ca2-8843-9be3f2eb60fc,2025-05-30T10:16,6,140.10,Cash,Completed
b31e1bd1-20f9-49e4-b131-1baf74d4a0e0,1a31c678-d420-495a-aff3-0f1609514e1e,2024-01-10T10:16,9,144.90,Cash,Completed
e8b1ab53-bd91-4709-98f9-f71666cf52a6,11526850-7335-463f-b740-a52a90457c3b,2024-03-09T10:16,9,207.81,Card,Pending
9f624cdb-9c6b-4674-9315-265aa677cb91,b0d737cd-ec4b-4a88-aa81-d012ef3fb719,2023-12-08T10:16,4,94.60,Online,Pending
f1eac904-4d87-417b-8740-774397df0474,0b2a0e9a-e050-4380-b607-57adcbbf59d4,2025-04-08T10:16,4,78.76,Card,Completed
207b62d6-0eb5-473b-8881-9e42083c3276,103fcba5-5588-45a5-9fe0-6ac948d3860e,2025-04-03T10:16,1,25.34,Online,Pending
4ae80901-f02c-4212-929d-296a3fec2678,46032f36-69bc-465a-9b33-a5d560bfd77a,2024-07-13T10:16,5,137.00,Cash,Pending
beb91db0-e3b9-455e-a14c-98bd253acc50,365c90d0-a590-4209-9401-2ce55af5ed98,2024-10-15T10:16,2,35.46,Cash,Pending
b63d8635-d10d-4e88-bf61-ace9e42aef40,6aaabc79-3d35-410f-bb96-f86a3930d0ff,2025-09-06T10:16,5,117.30,Cash,Pending
f5c10969-9c87-4816-a497-d94b01738c49,6f61ca8e-51a1-48e0-abfa-88326e713e34,2025-07-09T10:16,2,15.90,Card,Pending
3af69ff4-64ac-4977-9dae-1347d4b46cec,5f0f3def-9ff6-4282-ad04-001c4a769966,2025-09-14T10:16,4,102.20,Cash,Cancelled
668f97e8-db99-4db6-beae-d1e6088eefbf,e6cb1215-5314-4d05-bfd1-f6e5d36e89f7,2025-07-21T10:16,9,134.64,Cash,Completed
4b5f65f1-0ccc-4c28-92ba-0c01442fc5b2,103fcba5-5588-45a5-9fe0-6ac948d3860e,2024-09-28T10:16,7,127.40,Cash,Cancelled
eca4aaa5-a1a8-4f08-8338-e90e19d58dfc,caad7924-4bc5-4f85-9662-11ca261e3c87,2025-03-02T10:16,5,100.95,Cash,Pending
81727c9e-959a-4ada-b2e3-20c0eafcd5f9,7169ef0c-f2c8-4ae3-83f6-87691664d2d2,2025-05-26T10:16,2,15.60,Card,Cancelled
766ca4c7-588b-4fa6-af43-8c4e11dc9bea,6945f6f4-b8f9-4d04-90ff-e59ed705578e,2025-06-20T10:16,7,71.54,Cash,Completed
fa9ebbab-d3bf-42d0-af29-f563f4379910,0a570207-0f70-467f-bbeb-44a0a60a9a25,2024-10-30T10:16,8,90.00,Online,Completed
e696de77-5a09-4931-b404-334025a473d9,953417c6-cd52-45e9-9ca0-bb450653c934,2024-04-20T10:16,9,89.82,Cash,Pending
cd309df7-f829-46a2-9090-724c4c5debed,77ca464a-fe0d-4dcc-8f08-3eb2f7b64f76,2025-10-26T10:16,7,115.99,Online,Pending
84ee81e5-a3b1-4421-a849-88f4b7b76517,caca465c-e9f2-4add-91b5-24c70595e321,2025-01-08T10:16,8,106.32,Cash,Pending
04e50bd8-d32d-4e25-880b-47baebaf70f7,3dcaabe3-78c9-4d88-bed5-56ca7ceea07c,2025-05-17T10:16,9,243.45,Cash,Cancelled
5ef6367f-92c8-4a13-b4d3-ed3395e1cfb6,f6c35464-33dd-44a7-bf84-071f2e427045,2025-06-01T10:16,4,81.76,Online,Completed
ee2c5a57-2564-4689-98e1-544a2cf7101b,cb8747c7-32ca-4b6b-868d-13ab01d953ec,2024-06-05T10:16,9,130.23,Card,Cancelled
5cca8252-9ad8-4a7b-865c-e6b3cc086023,25659c0e-6eb5-4c57-add8-fb6ac5f42699,2025-08-02T10:16,5,94.35,Card,Pending
e48a468f-4e18-4ead-a0cf-0b34f948c69d,92da274a-bea2-490a-bb52-196c46fa8487,2025-04-20T10:16,1,17.18,Online,Completed
1bf22988-c9b1-443e-af21-4bc1103da25d,53db1213-7316-47bb-9099-c1def0e3c96b,2025-10-03T10:16,9,237.51,Card,Pending
9bfde121-e3a9-4cab-a41e-50bb983c84be,8e1bbe6c-7b75-46dc-8ca1-0b1664cd6ae4,2024-01-03T10:16,4,74.68,Cash,Cancelled
902d3eac-b0a7-433f-a02a-1d8f74858259,9c53f3f8-5b22-4d77-bd76-cfa6c70e443c,2025-03-19T10:16,6,45.48,Online,Completed
55d5e143-cad7-40f4-a500-07418db4cf18,2ca088cd-c6c6-4e60-a1a4-d2990ee21b12,2025-08-16T10:16,3,84.78,Card,Pending
9fd4c7ec-e002-4792-ad5d-9d8326b0eb04,8b546c63-5406-493d-bc69-cfb594b38267,2025-08-29T10:16,1,11.51,Online,Completed
a308d12a-68e0-4bb1-ae76-1b6071b068ac,365c90d0-a590-4209-9401-2ce55af5ed98,2025-01-07T10:16,8,63.20,Cash,Pending
93e0a754-ee3c-45a5-bc3c-2b3d74fbad46,10b26c2d-7d56-4175-84a8-a2775e128a9d,2025-03-25T10:16,8,146.96,Card,Completed
6bbe5f43-c9fe-41eb-bfef-bd3938ce1ed3,6945f6f4-b8f9-4d04-90ff-e59ed705578e,2024-02-29T10:16,8,102.56,Online,Cancelled
7c28e2d2-de03-423e-a6c9-b0aa8002a68e,0472ca7f-b133-4710-8f43-24a3c6c1afd1,2024-09-21T10:16,6,103.50,Card,Pending
64c189a1-0fb4-4c91-b06d-a80f357fb2f6,983d66ae-c8b0-46b8-8abc-26a1055cf729,2024-06-05T10:16,8,160.16,Online,Cancelled
994f0598-46b4-4b47-8d8c-fb25c388e54a,98b17fed-218c-4f20-8410-9f0edfc74455,2024-07-26T10:16,3,37.26,Cash,Pending
59e89c0d-cbd6-4bc1-9273-07084fa6af1f,401a6911-a31e-4892-adc1-56e3e1eb090a,2025-04-24T10:16,3,64.44,Online,Completed
89ab17af-299f-4ace-8846-fdddd98fdae0,bb9edfa8-17f7-4f6f-8e3b-616693a298b1,2024-08-17T10:16,8,208.00,Online,Pending
bd1ce238-60e3-4ff9-834a-4b827c5fb56c,8887df7e-682b-4d48-b18c-c1ddfa0aaa26,2023-12-29T10:16,4,22.40,Cash,Pending
71da28d4-4f4c-4991-8b4a-227e6993fc8c,6c6a3b10-9747-4dca-a041-4edc22d147b0,2025-02-21T10:16,6,42.30,Online,Completed
3239bb1c-ccae-434b-a43b-7c89eee6adfa,bb6bf39c-f455-4e08-a59e-1bdaaa91d4aa,2025-07-04T10:16,4,97.36,Cash,Pending
640fc8fd-6dd2-4be9-9466-30aca3e20044,65b2c0ea-6192-47fc-9286-2c1dd3ecefb1,2024-09-11T10:16,2,47.26,Cash,Completed
ac5b6b81-c75e-4ff3-88ad-8b2b0e335254,1a48aa9a-def3-481d-922a-94300aa97309,2024-10-19T10:16,3,20.01,Online,Completed
b8ac9f46-1854-442f-a08e-24544ceb6f98,ebbc7df0-770d-44f8-b0ff-c62f9006e40e,2025-02-06T10:16,2,39.04,Online,Cancelled
a0296008-de3b-44c4-9554-ccdb2f108945,53db1213-7316-47bb-9099-c1def0e3c96b,2024-11-21T10:16,4,41.16,Card,Cancelled
d66b0663-9ed8-43ee-8ad2-4790439a95a5,8b546c63-5406-493d-bc69-cfb594b38267,2025-03-20T10:16,9,176.31,Cash,Pending
87bf6a5d-a3a9-4966-b1d1-b460ebde40da,f0a6a958-e434-41bf-a830-dffa55a34db5,2024-04-06T10:16,7,115.36,Card,Completed
dfd2da78-5353-4750-a45d-05ca8410324d,c9dcc28a-ae5f-477c-ae7e-72d94129f449,2023-12-07T10:16,5,136.10,Card,Completed
8486efca-9aff-4c0b-a095-67571fa17fbc,8b546c63-5406-493d-bc69-cfb594b38267,2024-06-14T10:16,9,106.65,Online,Pending
4afcb40d-a519-4586-bb6a-be904f79eb90,06e585f0-5b60-4900-81d1-3379328e6c17,2025-03-11T10:16,2,24.82,Card,Cancelled
be25f1dd-d9a6-4709-8866-9314673f59ac,aac35608-9499-49c5-811a-a059e773c968,2025-03-05T10:16,1,10.42,Cash,Pending
b9916c1a-4893-4a35-822e-105a153bc4d6,6f61ca8e-51a1-48e0-abfa-88326e713e34,2024-11-08T10:16,6,61.38,Cash,Cancelled
5776bc7d-0ebe-4d75-a463-2209f00acbdd,49af098b-bf79-4643-8e49-739ea932d38b,2024-03-13T10:16,4,41.64,Cash,Completed
0031d69e-5642-49ef-8a7e-d99671d76879,d6d4ef4b-0870-48aa-b884-013237f255f4,2025-02-08T10:16,3,61.29,Cash,Completed
5298783e-a2a8-4511-b17b-b5905d10b643,4b14a58c-f1e4-40b6-888d-a88cd7055099,2024-10-03T10:16,1,25.94,Online,Completed
33a6e8ae-8ed0-4099-8172-95ae3362395d,71f17b36-2c37-4cfa-bf8a-894fa94c0e9b,2023-12-09T10:16,3,78.15,Cash,Cancelled
b53eea06-4b41-4b6e-8f02-b24243882b2d,fbe227d7-6d32-4407-9783-7fdac983e55f,2024-04-18T10:16,3,32.97,Cash,Completed
e248dd27-6053-4c8c-bde4-74c56d9849db,6b1178fc-1745-401d-88da-3903c243ebe9,2025-07-10T10:16,2,23.02,Online,Completed
667bac47-00bf-4de0-b21c-2467174824e4,67c276b0-7be6-4f3c-bf86-c342095c8112,2024-12-17T10:16,7,134.19,Card,Cancelled
eab8a9c4-8858-46c8-aa5c-ea23bb19e4e4,d7af10ce-45c9-4fc8-8dd8-b1c5491aad5f,2025-02-17T10:16,2,51.06,Online,Cancelled
8f4f07a7-2d28-4576-a505-287186187817,7c991f43-c18b-4404-8826-97691b0dc00c,2024-01-01T10:16,4,81.52,Card,Cancelled
6fc1f6c5-cea2-45f6-9aa2-d640515e7f90,9305d562-2505-493d-8ed8-3fb721c8f491,2025-07-27T10:16,6,165.84,Card,Completed
fd9a412d-fbc7-407e-beb1-521f3d3c95ae,d5cfb1a3-ce2f-4aff-ab4c-50e0c5426af1,2024-12-09T10:16,4,95.36,Card,Completed
4ada02ea-b539-49cd-a9f4-da10c524d1e5,885715b6-b1eb-44ca-8460-28c0343e56f3,2025-02-10T10:16,9,119.61,Online,Cancelled
c1fb2bcc-5271-48b5-9e55-63bbbfb53b11,92da274a-bea2-490a-bb52-196c46fa8487,2024-02-08T10:16,7,170.31,Online,Completed
8ec30609-c8da-4c9a-9b4d-127590b08bbb,11526850-7335-463f-b740-a52a90457c3b,2025-05-20T10:16,6,33.72,Card,Pending
27e155a2-1744-495a-bee6-513b41cafd14,4717d2a3-4b2a-44f1-b960-a2b73e2d23fd,2025-01-27T10:16,4,40.64,Online,Cancelled
6d8a1fa7-2f44-4f2e-8cf3-aed95d783d88,0fcf4084-ea31-49f8-99f9-9bf8c8b0c16b,2025-06-15T10:16,4,102.68,Online,Completed
8ef73061-f771-41bb-bece-77280df36bd4,6b1178fc-1745-401d-88da-3903c243ebe9,2024-01-11T10:16,9,182.52,Online,Pending
3915102e-2f39-40d1-80d4-655ee97b19e9,06e585f0-5b60-4900-81d1-3379328e6c17,2024-11-08T10:16,6,169.14,Cash,Completed
6093c127-8280-4738-b124-4ba6debe9e6c,9fa382f0-8393-48db-ad30-43c953282401,2025-04-23T10:16,5,26.45,Cash,Cancelled
c752f784-7e5c-4dd3-81e4-fe89cc87777a,a302a1a8-c429-406f-abff-9f273aa0a4b5,2024-08-23T10:16,2,12.70,Cash,Completed
fa9cdcdd-eb18-4b28-8f33-64f8318d3a00,885715b6-b1eb-44ca-8460-28c0343e56f3,2024-09-18T10:16,1,15.29,Online,Completed
d521a6a1-0795-4c79-8b79-67a0520fe983,49af098b-bf79-4643-8e49-739ea932d38b,2025-05-25T10:16,5,35.10,Card,Cancelled
ace21021-b971-4bf6-b5b5-e368a219de96,71f17b36-2c37-4cfa-bf8a-894fa94c0e9b,2025-09-16T10:16,3,30.87,Online,Completed
8a6204d5-616c-42d6-a427-6df137f47df4,935ebde1-5945-4673-886e-1a7a12cc2d4e,2025-07-27T10:16,5,53.85,Cash,Completed
46faaffd-9d0c-40cf-98d8-5cdf1493edec,f543de06-e341-4de2-95ab-ca0fd3ee51fe,2024-07-16T10:16,9,232.47,Online,Completed
c7801299-e189-46d6-9dfc-0526a641be77,e6e1db85-f8ba-4264-9c9a-520ecda4bc4c,2025-01-20T10:16,4,117.00,Online,Completed
df1d6a27-b8fe-44cd-8d94-5c4f88bbc27a,000f9c8f-2fc7-4346-844d-c04f10751265,2024-05-03T10:16,5,27.75,Online,Completed
1a13d265-a338-4f96-b046-427a28cc5462,aff4340c-d102-49ba-af8e-84d2737ce82c,2024-05-31T10:16,4,109.12,Card,Cancelled
da153537-c28e-4f2d-85b9-9b8190b57220,6e6d2c67-f7fb-4a98-8f9a-4822259b25c4,2024-03-22T10:16,5,109.90,Online,Pending
1316a064-68f5-409b-9fd1-2587f9e37097,d6d4ef4b-0870-48aa-b884-013237f255f4,2024-09-09T10:16,5,39.25,Cash,Cancelled
2deef025-3553-4980-8946-f8c8410f53ef,6f61ca8e-51a1-48e0-abfa-88326e713e34,2025-04-16T10:16,8,100.48,Online,Completed
9ccff625-9588-4aaa-9aa5-1c282559a471,401a6911-a31e-4892-adc1-56e3e1eb090a,2024-12-08T10:16,2,28.32,Card,Cancelled
d04afeb7-77d9-457f-b422-63fb7a736de4,4bb2d776-14c0-4ef6-b8ba-c580cbed72b8,2024-07-10T10:16,3,70.56,Card,Cancelled
f6f088df-c419-4617-ab13-1564999c2f07,428424b7-1f94-496a-8b7a-497ce177d32c,2025-10-31T10:16,5,68.75,Card,Cancelled
4ffd2951-ca30-4b56-b8d4-b62f538c5cfb,dcfb3d05-846d-4915-99f3-ebbc7559d972,2024-03-31T10:16,1,29.23,Online,Cancelled
8756bf3d-38e6-49ac-9dd1-69dcff51e514,8b546c63-5406-493d-bc69-cfb594b38267,2025-07-18T10:16,1,5.53,Online,Pending
e0447e57-d70a-482d-9563-9ca2f66a1a4e,5f0f3def-9ff6-4282-ad04-001c4a769966,2023-11-24T10:16,9,195.75,Online,Completed
4d0e9afc-9798-45d6-a57a-705b3b0cfcf2,0a15d43b-8f6b-444a-bef2-ffbddfdbd16f,2024-02-24T10:16,2,13.54,Cash,Completed
27c722ab-855e-4499-a2ad-2d6042ecd652,e6cb1215-5314-4d05-bfd1-f6e5d36e89f7,2024-09-04T10:16,5,34.95,Card,Pending
5f38cb0c-5cf4-4f34-acce-36757f15d6bf,050d9901-1cb5-413a-9c31-282028f863c1,2024-05-19T10:16,9,214.74,Online,Cancelled
5b82e74e-cf02-42a8-9a46-9d243eec9b98,4bb2d776-14c0-4ef6-b8ba-c580cbed72b8,2024-08-31T10:16,8,183.28,Online,Completed
fabc97e5-0b16-459b-bd39-95d22bbb2acd,39cb44e2-a541-4b98-bc0b-db5f31cf8710,2024-11-20T10:16,7,153.51,Card,Pending
7aff6867-9975-4845-ba86-64896147b9bb,4b14a58c-f1e4-40b6-888d-a88cd7055099,2024-11-07T10:16,3,77.88,Cash,Completed
7924258f-eabb-4c8c-84a4-4633b8581e6f,6b1178fc-1745-401d-88da-3903c243ebe9,2024-11-01T10:16,7,131.25,Online,Cancelled
16be0d9f-0eec-413f-a611-0bf09a00163b,8b115a34-224b-453c-be69-b53a7445b466,2024-03-23T10:16,4,61.96,Cash,Cancelled
9df8fb38-411a-42db-baa0-6c544b870973,98b17fed-218c-4f20-8410-9f0edfc74455,2025-07-05T10:16,1,11.80,Cash,Cancelled
ddb01a51-aba5-4d1b-8b9d-ab9da9214215,515fe1d2-d33a-4b9d-8c19-07e0cbe81a9a,2024-10-14T10:16,5,101.15,Cash,Pending
c4230626-2ce4-41f5-a276-e346dda65e2e,485b65e7-fdf4-474d-afba-37986d8d3cd8,2025-04-01T10:16,8,64.56,Online,Cancelled
2b36cf92-7b15-47af-bcea-5071d04dc25a,80537cf2-360f-4740-8b7e-d4cd56e22987,2025-10-17T10:16,1,8.72,Card,Pending
db4c25cb-9874-4103-a3f2-c35fdcd11762,77ca464a-fe0d-4dcc-8f08-3eb2f7b64f76,2023-12-13T10:16,7,101.71,Online,Completed
effc9a80-c420-42c1-a437-cd1e8918355c,05ccd8a5-ea5f-4353-bd1e-3022152b0685,2025-09-05T10:16,2,49.78,Card,Cancelled
6e794733-794b-4262-b385-958e05157be6,27e45431-1333-4ffd-a0c8-be56ffdc5d4e,2025-03-22T10:16,2,45.82,Cash,Completed
7010649b-c7ec-4e00-a609-39bca7278cd7,98b17fed-218c-4f20-8410-9f0edfc74455,2024-12-05T10:16,9,112.41,Online,Pending
26354f50-9809-4733-9d4e-b82b4246efc9,a302a1a8-c429-406f-abff-9f273aa0a4b5,2024-12-10T10:16,1,25.32,Card,Pending
4a58212d-6c94-4b17-a310-12425b7ea94d,77ca464a-fe0d-4dcc-8f08-3eb2f7b64f76,2025-03-07T10:16,5,119.00,Card,Completed
ce6adf19-bb69-4e42-bf48-47927d3c5360,e119f98a-df63-41dc-8e01-bb49ca2dc724,2024-11-01T10:16,9,166.50,Card,Cancelled
162b9163-8f20-4e6e-b758-4d03aed162f1,a190f67b-21df-46bc-8164-46bdfa00af85,2024-01-19T10:16,2,18.84,Card,Pending
32e19589-8592-4e21-a813-d2d46658ba77,f3826f04-0dfa-4266-8002-58fede0093f5,2024-06-24T10:16,7,73.50,Card,Completed
3ed49f4b-4320-4940-bfa5-0594e0ef69da,6aaabc79-3d35-410f-bb96-f86a3930d0ff,2023-11-27T10:16,6,108.24,Online,Pending
6aa368d4-5907-40a0-b9cd-36af485adeed,9fa382f0-8393-48db-ad30-43c953282401,2024-01-07T10:16,1,6.41,Online,Pending
c84078b8-ad5f-4892-afe8-f37f4e40b9f2,050d9901-1cb5-413a-9c31-282028f863c1,2025-05-23T10:16,4,33.72,Cash,Cancelled
e5b930d9-ad78-48c1-b040-cb0633fc6748,1407e9cf-22c9-4137-a2fe-cc12dc038235,2024-07-16T10:16,2,35.32,Card,Completed
7e5b4fd2-b76d-4d1d-8216-77ac874c4b86,3910ab11-8758-4a4f-8a9b-c4f5df7413c4,2024-12-06T10:16,4,68.16,Online,Completed
b6ea88c1-1872-4de2-9a3a-7c98ece4a742,caad7924-4bc5-4f85-9662-11ca261e3c87,2025-10-29T10:16,3,62.49,Card,Cancelled
a7d4098d-7a89-4292-8722-00e6f7464a85,e12c3d24-86c8-474f-b86b-370df36adbfe,2025-04-22T10:16,6,113.34,Cash,Completed
7b9ee895-f88d-4861-8049-5ada1374d614,d5eaf6a7-76cc-48ec-98d9-ba713e2df70f,2023-12-04T10:16,8,97.44,Card,Pending
982ab78c-d301-4a61-b345-ab1d8e6f6a6c,4e44f26d-5455-405b-8fdb-63ab8b739ecf,2025-02-17T10:16,4,115.24,Online,Cancelled
b0b59bcd-4f94-404a-9623-be184832ed94,aff4340c-d102-49ba-af8e-84d2737ce82c,2025-04-02T10:16,2,52.40,Card,Pending
1a453b29-6403-4f0d-bc6c-72ed95b6af5a,e38afcd9-9e08-47ba-bc92-5ebb4bc271eb,2023-11-14T10:16,3,27.81,Cash,Pending
41ad086e-052e-46ec-ba21-c1de03bd5543,e85d0261-2d97-4475-a749-363ec9040a74,2023-12-01T10:16,4,69.72,Card,Completed
2d8a6012-c6d4-4616-b259-171d4b7536d8,1233cc27-7567-48e0-8dd2-6b0019506c2f,2024-07-20T10:16,6,106.92,Cash,Completed
d5b95af6-46c2-421c-aebf-6dad05b5e0f9,fe624323-ba72-456d-9842-ed9e0edc75df,2025-04-23T10:16,8,232.96,Card,Pending
0553a770-7b68-4097-8202-eba8e282293c,209e786b-2a61-4e52-a3b2-1cc98bcbf18c,2024-05-06T10:16,5,75.75,Cash,Cancelled
881b92b6-f518-48a3-a43a-5dda657670ab,b03f75c1-655f-4480-a2bf-1a0af806e96e,2024-10-14T10:16,5,51.15,Online,Pending
5287b720-93b9-46bf-a98c-d5f668e70955,bc58b12c-65c4-4f21-89ef-3e492a22ef7c,2024-06-27T10:16,8,122.56,Online,Cancelled
1640ea2b-58aa-4e0a-8376-aac6475e87ff,d5cfb1a3-ce2f-4aff-ab4c-50e0c5426af1,2025-01-28T10:16,4,88.68,Online,Pending
bbf8a238-bbce-4f6c-aabd-65abd66123a9,885715b6-b1eb-44ca-8460-28c0343e56f3,2025-04-13T10:16,1,13.84,Online,Pending
e1ce9e3f-4910-4ad5-9fb7-4bfa7c6d91e1,515fe1d2-d33a-4b9d-8c19-07e0cbe81a9a,2025-09-02T10:16,9,130.14,Cash,Completed
87c00bdf-1cdc-4339-9c39-37c1cc92bf07,7d2df59f-386d-4aec-85a8-2443262a0cb4,2025-06-20T10:16,3,78.78,Card,Pending
c4353cf3-72da-41f0-a219-f254d7038156,b03f75c1-655f-4480-a2bf-1a0af806e96e,2024-04-23T10:16,6,155.76,Card,Completed
8ce2ed13-7792-411a-9f5f-248c8e876d6b,4b14a58c-f1e4-40b6-888d-a88cd7055099,2024-12-21T10:16,5,69.25,Cash,Pending
eb5b0421-ff1a-49a1-ba3a-cfb79d3cfdf5,39cb44e2-a541-4b98-bc0b-db5f31cf8710,2024-08-27T10:16,5,114.95,Online,Cancelled
a14d633a-e23f-4869-b580-b477492f58f2,92da274a-bea2-490a-bb52-196c46fa8487,2025-07-21T10:16,9,142.83,Card,Cancelled
735fd7d6-deda-4549-a26e-271cab230eb4,824998a2-7592-4051-ab0b-d5e12743c93b,2025-02-10T10:16,8,73.28,Cash,Cancelled
737b93a3-4632-4314-ad8d-c47219c3abe8,02c65c06-56ad-4670-b8e2-10ab417c7154,2024-02-22T10:16,6,160.68,Cash,Completed
c5dcfa89-b760-48d0-9cf4-d1f4a4f8419d,26d032f1-9fe9-487a-987a-a8be14e1db05,2025-08-24T10:16,2,19.94,Online,Pending
29df1b16-af4a-4398-9f18-8f75a6dbe349,52c87fd9-fdf0-4256-b929-6153ad24a0ac,2025-09-25T10:16,9,129.87,Cash,Pending
8ab6bf20-830b-412a-916c-3785fbe69a16,c3ffc43c-0c11-40fa-9824-f234161741d0,2025-01-14T10:16,3,23.13,Card,Pending
2b535a0f-b0f8-472e-9954-e5795db9fb26,5d6f84a5-a4de-442e-99b9-b8ef714b4436,2024-05-03T10:16,8,195.28,Cash,Completed
cfda27f0-d26b-4fd7-b1b8-a28e36cc10a4,fbe227d7-6d32-4407-9783-7fdac983e55f,2025-02-16T10:16,1,21.30,Online,Cancelled
dd432ed8-bdaa-4706-8325-b2c616063e03,500fde18-ea61-4380-9ea4-f06d09985870,2025-02-15T10:16,7,124.18,Cash,Completed
ac708a77-fe92-4dea-87de-a87a244614a7,4717d2a3-4b2a-44f1-b960-a2b73e2d23fd,2025-05-22T10:16,6,82.38,Cash,Cancelled
e6ea7f09-e082-4376-86db-cf321106e606,63846b60-b7be-4087-ac6e-56c9bc130a20,2025-10-11T10:16,7,48.44,Cash,Pending
888a8a43-e2ac-465b-9806-d359bd38282f,964d337f-acd5-4ca2-8843-9be3f2eb60fc,2025-04-12T10:16,3,25.05,Online,Pending
f7259f14-8b1f-4620-8ddb-f5494f871d81,5d6f84a5-a4de-442e-99b9-b8ef714b4436,2025-07-24T10:16,2,26.18,Online,Pending
f1864e10-5e39-48fd-836b-130f9bfe8ced,795088d7-d227-422e-ad8c-f048bde0675e,2024-09-19T10:16,7,199.99,Online,Cancelled
f31db74b-2f65-4573-ae4b-4658423113ff,cd50913f-8c99-4253-9134-0cf5fe5f300f,2024-12-27T10:16,9,174.69,Cash,Pending
c31b7e07-a903-4b16-908b-8c1a2215a100,73a2b03c-2dca-486e-8ebc-c4d6bb68a8c6,2024-02-10T10:16,2,39.06,Cash,Completed
f3640264-2d55-4343-87e5-2643a68d5aad,5eb75bc0-d5fa-4209-9d42-7767f3f0585b,2024-06-01T10:16,3,72.57,Cash,Pending
8bf455cb-b18b-4023-a488-56b235b1091c,bb9edfa8-17f7-4f6f-8e3b-616693a298b1,2023-12-29T10:16,3,17.01,Card,Pending
9f6974e5-ade4-4303-a898-f0a765b42e14,8b115a34-224b-453c-be69-b53a7445b466,2025-02-18T10:16,9,120.24,Card,Completed
dc9e38ee-f56f-4e88-bf98-a38f01476434,3910ab11-8758-4a4f-8a9b-c4f5df7413c4,2024-03-21T10:16,1,26.20,Cash,Cancelled
823c1a90-24f3-4843-a24d-40b755abd231,09ba4183-1b94-4f8c-bc5f-eca421a88524,2025-09-04T10:16,6,92.34,Online,Pending
96c663f5-1e17-419d-b531-8ce7ad4c9c7a,6e6d2c67-f7fb-4a98-8f9a-4822259b25c4,2025-10-31T10:16,3,88.83,Online,Cancelled
60050e77-834a-4067-9a04-a5f439fb8929,6e6d2c67-f7fb-4a98-8f9a-4822259b25c4,2025-01-03T10:16,6,37.92,Online,Pending
13ea64dc-de84-4305-a094-21c18e2822b2,0a15d43b-8f6b-444a-bef2-ffbddfdbd16f,2024-04-21T10:16,8,216.80,Cash,Completed
423e935c-f467-4cb5-b237-6b4ad8a05f9a,953417c6-cd52-45e9-9ca0-bb450653c934,2024-10-11T10:16,8,237.52,Card,Completed
3a60aed9-0950-40c4-b42e-981cf491439e,8b115a34-224b-453c-be69-b53a7445b466,2024-02-28T10:16,4,86.96,Online,Completed
78a3adc1-9f48-4af5-af6a-18114bafbf6a,8e1bbe6c-7b75-46dc-8ca1-0b1664cd6ae4,2024-06-25T10:16,1,18.37,Cash,Cancelled
fc35cd1f-4108-49cc-a943-1db1fad70dbd,c3ffc43c-0c11-40fa-9824-f234161741d0,2025-08-16T10:16,6,126.30,Card,Cancelled
a676eaf0-5591-48cc-993b-2a72186c7220,cf65c4b6-4c1c-420b-95de-23e5b56ffad5,2023-12-31T10:16,8,171.44,Online,Cancelled
5ce3926c-df52-407b-8ae9-ace00c9ba003,e6cb1215-5314-4d05-bfd1-f6e5d36e89f7,2025-05-22T10:16,4,111.60,Online,Completed
8f5daeb6-c242-4a13-b583-570ccf21b89c,cf65c4b6-4c1c-420b-95de-23e5b56ffad5,2024-06-10T10:16,1,6.62,Card,Completed
7b775528-05e4-490f-a8b2-50f86dd4b6a6,0dd437d0-74fa-43c3-8909-5c955e4d47dd,2025-05-06T10:16,9,239.49,Online,Cancelled
eb27f57a-25bc-42c8-a44f-9c805554f287,c46351bf-193f-49af-a5d6-456188837c3d,2024-04-07T10:16,5,87.00,Online,Completed
205eb272-1c25-4081-b75c-1d2da093fa51,69446e90-4237-4410-ab55-e011eb04cce0,2025-03-28T10:16,1,16.64,Card,Pending
027f6770-fe3f-48ce-8630-546d7f6c0009,4f6ae324-5b6d-47d6-a86d-26ec6fbe1e0e,2024-08-22T10:16,6,72.66,Cash,Completed
408c0a23-2672-44c7-a037-db1873ea4971,c0d74d86-5c5b-481d-b8e3-61eeb9c77255,2024-01-02T10:16,4,62.44,Online,Pending
2bbaf37d-1761-49fb-a60b-c3d5a97184c8,4bb2d776-14c0-4ef6-b8ba-c580cbed72b8,2025-08-09T10:16,8,56.88,Online,Cancelled
af9e6273-e6b0-4d23-be50-e390ffaeb9fc,49af098b-bf79-4643-8e49-739ea932d38b,2024-06-30T10:16,6,47.28,Cash,Pending
caf6f31b-3984-4885-a38a-0bf7b1b1d6ff,a302a1a8-c429-406f-abff-9f273aa0a4b5,2024-12-16T10:16,6,146.82,Cash,Completed
8d4e6151-192e-4d5b-8712-096f3869be21,65b2c0ea-6192-47fc-9286-2c1dd3ecefb1,2024-07-10T10:16,6,152.10,Online,Pending
908f01e8-3e5e-4bb7-abcd-adc77b73ce0c,b014b56e-3263-4b63-8430-46e00bc5ea77,2024-05-05T10:16,4,58.68,Card,Pending
43c55270-1276-4b9e-80b7-c686d0fb0642,52fbb114-83aa-432d-b2f1-f3e37a5c4754,2025-10-28T10:16,3,85.26,Cash,Completed
a04f7926-10eb-47c5-b50a-c22bd1fe3704,795088d7-d227-422e-ad8c-f048bde0675e,2024-01-23T10:16,8,233.36,Cash,Pending
c686ec48-77b3-47b4-a8ce-2b7c192d66d2,0a15d43b-8f6b-444a-bef2-ffbddfdbd16f,2025-03-23T10:16,5,62.30,Online,Cancelled
cc8466c2-0bcc-47cb-9884-50aa9d43ed55,0df3bae1-6384-4856-aa27-aef9f6c48b75,2025-10-04T10:16,5,79.90,Online,Cancelled
974f920d-4c06-42f8-bb8c-7d205f2efb9f,910b1d47-5c37-48b1-8bde-96c60660f1d7,2024-07-15T10:16,3,78.21,Online,Pending
b8815ffd-43d8-49f9-97cc-144a17862dba,9305d562-2505-493d-8ed8-3fb721c8f491,2025-04-05T10:16,8,211.04,Card,Completed
73a0d097-3ffd-414d-885e-120bfb91086c,5400d214-6176-40bf-88d2-3f53ed38bf69,2024-09-29T10:16,3,48.81,Cash,Pending
6aa00cd5-cd7e-4791-906d-26fb28c2c6d5,a938df5f-7764-459c-8bfd-90409d16b3c6,2025-04-29T10:16,3,20.37,Card,Cancelled
490c77ea-f6ff-45d9-95ed-51a59d4009cc,ecf1ffb0-ac00-4968-87ea-8beef4ace55a,2024-04-30T10:16,5,63.00,Cash,Cancelled
eeb9fdcf-d831-4244-9431-46aa55ac108a,0a5bd884-b432-4ce5-b14e-44b4aedd4c0f,2024-11-22T10:16,6,37.44,Card,Pending
df71eb00-de7c-4a10-8bbb-60b063cf1054,53db1213-7316-47bb-9099-c1def0e3c96b,2025-06-24T10:16,1,9.48,Online,Completed
75eef1d0-f791-4848-b8d2-d73fcee7d5c9,d33bbfcd-a2ca-4e80-8a1c-65223f061e7e,2025-03-24T10:16,2,36.44,Online,Completed
94bd3d4e-4b06-4bf6-98f5-a344583b0e1b,941529ef-2114-4bff-907a-4596ff4593a1,2024-12-21T10:16,7,81.48,Card,Cancelled
3eb04b28-f69a-4f71-894d-2b1499d9fdb0,ebbc7df0-770d-44f8-b0ff-c62f9006e40e,2025-09-20T10:16,1,29.09,Cash,Cancelled
4073b98a-ea0f-4584-9069-08c5174f8298,b03f75c1-655f-4480-a2bf-1a0af806e96e,2024-10-15T10:16,1,7.06,Card,Pending
19b32ef5-9eb3-4e16-9c3b-38a079100d24,27e45431-1333-4ffd-a0c8-be56ffdc5d4e,2025-04-18T10:16,3,51.45,Cash,Cancelled
3665ca13-4641-4a78-a773-8f60774893d3,0b2a0e9a-e050-4380-b607-57adcbbf59d4,2024-06-16T10:16,1,6.39,Cash,Cancelled
41a54cce-3af9-4d49-8855-42d4c23005e1,8f7f530b-bb30-4a05-b437-744ed30af54f,2025-05-03T10:16,2,18.02,Online,Cancelled
82561c38-37c4-4f1f-96b9-9bc939390111,cd50913f-8c99-4253-9134-0cf5fe5f300f,2025-06-10T10:16,4,52.20,Online,Pending
ef142685-33ab-4142-975f-50e7b348a637,bb9edfa8-17f7-4f6f-8e3b-616693a298b1,2024-08-10T10:16,9,60.21,Cash,Pending
83529ef7-0a21-43b1-ad3b-fe57a81e9c73,4717d2a3-4b2a-44f1-b960-a2b73e2d23fd,2025-01-14T10:16,4,76.32,Online,Pending
764f4ed7-612e-45e1-b78c-b5fc184bc25a,209e786b-2a61-4e52-a3b2-1cc98bcbf18c,2024-02-14T10:16,2,10.48,Cash,Pending
25b76a42-ffab-4ab8-b493-3e71ca05f2cd,74e76582-f1b8-4560-b049-8aebb59d4721,2025-09-10T10:16,1,7.43,Online,Completed
4eda43d4-dcea-4a71-9540-88ba1abc901a,205ea7f7-e714-45b8-a083-11247ff702a1,2024-04-15T10:16,3,36.63,Cash,Cancelled
17097828-8a35-4a94-9ace-87b8921aa06a,9c53f3f8-5b22-4d77-bd76-cfa6c70e443c,2025-02-19T10:16,1,6.04,Card,Pending
a99ae546-b71f-4cad-8d89-83dcfcb711b4,b3688304-b24b-416a-9bf4-c2b6aaeb59d3,2025-03-02T10:16,5,94.05,Card,Completed
a718f5ed-51c2-4185-9f0e-e4c59b14721d,8f7f530b-bb30-4a05-b437-744ed30af54f,2023-12-13T10:16,9,251.82,Online,Pending
ba867d0c-e4d2-418c-a5c8-6e86b29aca14,401a6911-a31e-4892-adc1-56e3e1eb090a,2024-06-08T10:16,4,27.72,Online,Pending
9007cea9-4086-45f4-a210-94f85e2697f8,e12c3d24-86c8-474f-b86b-370df36adbfe,2023-12-22T10:16,2,30.84,Online,Pending
6bc16237-82cc-4a9e-ab5c-7074f4260bc7,b95f7619-fab2-4df9-8683-1f2aeb93a660,2025-07-25T10:16,5,79.75,Cash,Pending
c40fc309-f0f6-4d81-a908-ef81341e6538,6c3bf618-a715-40f9-9faa-cfc5f5beef2f,2025-07-08T10:16,3,89.55,Cash,Completed
e3cbbc5a-20ca-4c3b-9723-e641afa10bb6,d33bbfcd-a2ca-4e80-8a1c-65223f061e7e,2024-08-10T10:16,1,8.71,Online,Completed
05867091-fabb-4f0b-9287-0b0db61ae034,6117b6f0-c4f4-4bf1-9eeb-f33950decba8,2025-01-08T10:16,9,243.81,Cash,Pending
1911c49b-45d4-4b6d-8953-39a4bc409936,21edfc22-3f73-4335-a774-3cf78ab65e86,2024-02-29T10:16,8,172.96,Online,Completed
86243a53-4219-47bd-89d8-ab33670ca66c,b6c26110-1b77-4777-8c79-c69ec19b66df,2025-10-26T10:16,4,30.40,Cash,Completed
1586002c-8816-4d0b-ac34-ad80be4c28be,b0d737cd-ec4b-4a88-aa81-d012ef3fb719,2025-08-19T10:16,8,114.56,Card,Completed
9f04d45c-79a0-4e0f-a4d7-8a44fd29a807,67c276b0-7be6-4f3c-bf86-c342095c8112,2024-09-17T10:16,9,114.39,Card,Pending
49d5e7f3-c92d-4cb5-95c5-1b6daf61e546,09ba4183-1b94-4f8c-bc5f-eca421a88524,2024-07-30T10:16,6,90.24,Cash,Pending
4c6aca50-3b63-43e1-acc4-c2fdb2cb33a7,000f9c8f-2fc7-4346-844d-c04f10751265,2024-11-15T10:16,5,35.95,Online,Completed
dd5bd2b1-9648-4564-9275-14655ff5cb20,0d463f72-c3a1-4a2b-8d0d-1721a0d1a06b,2023-12-09T10:16,1,21.68,Card,Completed
ae9ff3ff-36bc-4f93-99b3-3c3d08fba99b,8f7f530b-bb30-4a05-b437-744ed30af54f,2025-06-14T10:16,7,131.11,Card,Completed
42e0e5f4-08fe-488b-8c95-155b1fd6919f,401a6911-a31e-4892-adc1-56e3e1eb090a,2025-09-14T10:16,1,18.52,Online,Cancelled
4ad4dbd5-8eae-41a5-a09e-9c972f2f4a36,8887df7e-682b-4d48-b18c-c1ddfa0aaa26,2024-12-20T10:16,8,170.32,Cash,Cancelled
9d593a96-dbd9-4dd6-a1c0-50d2fea9a0cc,c63bd277-c81c-40c5-8720-6ce916d653c4,2025-10-09T10:16,4,58.60,Online,Pending
01949175-f1f5-4d43-bd06-4efe772614c1,bb6bf39c-f455-4e08-a59e-1bdaaa91d4aa,2024-08-06T10:16,8,100.08,Online,Completed
6e016a3f-e3d5-4c17-b11c-021447548a9c,1eeb9c5f-5b7a-47af-b4f1-5a50d9d1089c,2024-08-18T10:16,1,17.60,Card,Completed
99a56bd0-c0fc-4e22-a30d-d963e70c526a,4739f27f-7a96-4d52-83ae-0c6fd4c8c606,2023-11-13T10:16,2,26.34,Online,Completed
c99fdab6-558e-4b0c-bb6b-dd2ae634ce93,935ebde1-5945-4673-886e-1a7a12cc2d4e,2024-03-14T10:16,3,64.65,Cash,Cancelled
84393d1e-da86-4487-b896-aa55f171792f,485b65e7-fdf4-474d-afba-37986d8d3cd8,2024-03-29T10:16,4,79.52,Card,Pending
31636007-2ed8-4bbe-a574-f217de003e34,67c276b0-7be6-4f3c-bf86-c342095c8112,2023-12-27T10:16,4,106.20,Card,Cancelled
125ea808-e50f-4a3b-8b98-671665f1852a,14eace30-1ac2-411e-8eef-98e8f32a87fb,2024-11-16T10:16,2,36.62,Online,Completed
f6d5174e-e6aa-44a8-9366-26aeee3c223f,ebbc7df0-770d-44f8-b0ff-c62f9006e40e,2025-04-20T10:16,6,99.84,Card,Cancelled
32dbdeb6-9e39-466a-808d-efd07d32c544,b6c26110-1b77-4777-8c79-c69ec19b66df,2024-10-15T10:16,9,107.46,Card,Completed
0abc4051-25b7-4a8c-a653-8b7c0eb1b0fe,935ebde1-5945-4673-886e-1a7a12cc2d4e,2025-07-21T10:16,6,59.16,Cash,Pending
0b4d7f5e-6306-4134-ac4f-fe3c10af0471,0b2a0e9a-e050-4380-b607-57adcbbf59d4,2024-05-19T10:16,5,61.00,Card,Pending
5890876f-2bb4-497a-9d28-905972454a14,824998a2-7592-4051-ab0b-d5e12743c93b,2025-01-03T10:16,5,80.75,Online,Pending
d24c1dc3-8f0b-4dbc-a76e-0fd71e7a86d0,103fcba5-5588-45a5-9fe0-6ac948d3860e,2025-07-24T10:16,4,102.52,Cash,Pending
0ac55609-bd84-4558-9bae-c365079f593a,27e45431-1333-4ffd-a0c8-be56ffdc5d4e,2025-06-05T10:16,4,56.36,Card,Cancelled
3aca2576-a3fb-466e-8a01-73f1cae15c27,ceafdb2a-788d-48e0-acdd-bd533a2e7ab6,2025-07-10T10:16,2,16.48,Cash,Completed
3545c736-f864-4978-8471-2c76a16ee0b1,52f5634d-de98-4543-8a1e-cbf1e2d0242f,2024-10-12T10:16,8,230.32,Card,Cancelled
199198a5-507c-4575-b3f9-4cc6bcf99378,5eb75bc0-d5fa-4209-9d42-7767f3f0585b,2024-08-04T10:16,7,46.90,Card,Cancelled
c992cd5e-ad60-455f-8e74-dec93d6e19db,885715b6-b1eb-44ca-8460-28c0343e56f3,2024-04-28T10:16,2,47.02,Cash,Pending
80a2c83f-c831-4a97-a8dc-cdb5f7621f82,1407e9cf-22c9-4137-a2fe-cc12dc038235,2024-02-09T10:16,6,86.10,Online,Pending
cfe1fcf2-d9cd-44f3-b89c-2d063008c966,65b2c0ea-6192-47fc-9286-2c1dd3ecefb1,2025-08-01T10:16,2,27.52,Cash,Cancelled
1243bee3-9991-46d9-b09a-473a8c48aee4,c83bba2f-5229-4998-9566-1f3179b13e8a,2024-04-19T10:16,8,231.60,Cash,Pending
aef01895-54c6-4255-95d9-e6cbf93ba344,7169ef0c-f2c8-4ae3-83f6-87691664d2d2,2024-12-08T10:16,6,80.46,Cash,Completed
98a33cac-dda7-4313-b07e-6b99330522fe,6945f6f4-b8f9-4d04-90ff-e59ed705578e,2024-08-26T10:16,4,65.76,Card,Pending
4146d8ad-6143-44e0-a976-4e5d9bac1ce6,b03f75c1-655f-4480-a2bf-1a0af806e96e,2024-08-06T10:16,9,192.33,Online,Completed
e0307f4a-d010-4fff-bce2-bd737b0d9dd2,9fa382f0-8393-48db-ad30-43c953282401,2025-08-30T10:16,7,97.37,Card,Completed
00ff3cbd-9fcf-450a-a93f-c7f73beb3a7e,6c6a3b10-9747-4dca-a041-4edc22d147b0,2023-11-20T10:16,8,42.24,Online,Cancelled
8cf3fbbc-6665-47d1-9987-45b5d8556d03,fbe227d7-6d32-4407-9783-7fdac983e55f,2025-07-06T10:16,4,77.80,Online,Completed
ecfae21e-9e62-44ca-b259-b70b6faae005,49af098b-bf79-4643-8e49-739ea932d38b,2024-12-25T10:16,9,61.20,Cash,Cancelled
6d3d0a6e-759d-4e53-b462-5ebe5573db77,14eace30-1ac2-411e-8eef-98e8f32a87fb,2025-03-09T10:16,4,52.48,Online,Pending
68aa27df-90b7-4548-9a86-84a267a58699,7c991f43-c18b-4404-8826-97691b0dc00c,2025-10-30T10:16,2,52.44,Card,Cancelled
cfa62450-f0fa-4133-9264-0e8db7536c1e,4f6ae324-5b6d-47d6-a86d-26ec6fbe1e0e,2025-01-03T10:16,4,29.32,Online,Pending
1cedbf9b-03d1-4a86-afac-2c34dbdf0481,9fa382f0-8393-48db-ad30-43c953282401,2023-12-29T10:16,5,144.55,Online,Cancelled
acf1a967-d141-4022-90b6-24ce484f49a3,0a570207-0f70-467f-bbeb-44a0a60a9a25,2024-08-01T10:16,9,252.27,Online,Completed
40409f80-28a6-4c88-ab26-51089455f6d5,4717d2a3-4b2a-44f1-b960-a2b73e2d23fd,2025-05-17T10:16,8,59.92,Online,Pending
f935b92e-eff2-49dc-a274-f77a53a5e335,b014b56e-3263-4b63-8430-46e00bc5ea77,2024-11-10T10:16,9,230.13,Cash,Completed
68165700-ac6c-4981-a644-cc872fe57198,c9dcc28a-ae5f-477c-ae7e-72d94129f449,2024-01-15T10:16,1,17.23,Card,Pending
a3762f7e-3f5f-49af-9485-7eac2b0dfa2f,d5cfb1a3-ce2f-4aff-ab4c-50e0c5426af1,2023-12-04T10:16,7,149.80,Card,Completed
d5774bba-77cc-4e3b-a0e6-87324433c65d,8113211c-bdc3-4bb0-94d9-3fd3871f3005,2024-03-06T10:16,3,31.26,Card,Cancelled
c5846072-e194-4ea4-95c8-2500cd50f60c,7a18d550-38d0-40b2-84a7-547162e7e409,2024-01-16T10:16,2,45.90,Online,Cancelled
8fb59636-06a9-4c1f-95cf-b01c26cae2b9,92da274a-bea2-490a-bb52-196c46fa8487,2025-07-08T10:16,4,72.52,Card,Pending
afb44383-b3f3-464f-9022-91b976991da8,7c991f43-c18b-4404-8826-97691b0dc00c,2024-04-01T10:16,4,62.52,Card,Cancelled
30fcc9cf-86fa-4a30-852d-02da1552f230,058b9c75-b72f-4594-80d2-e41194ff7672,2024-12-11T10:16,8,48.96,Online,Cancelled
e8505d53-1163-43d8-9839-f74dc885f757,05ccd8a5-ea5f-4353-bd1e-3022152b0685,2025-02-26T10:16,6,163.80,Online,Completed
35b2425a-4432-4b1b-8e4c-471c83619e6d,caca465c-e9f2-4add-91b5-24c70595e321,2025-08-28T10:16,6,83.58,Online,Pending
696108b2-4670-4017-a612-146d2fdb0a90,5eb75bc0-d5fa-4209-9d42-7767f3f0585b,2025-10-05T10:16,9,185.85,Online,Cancelled
c4925828-8db5-4784-89fb-a69f0a3ab60f,6f61ca8e-51a1-48e0-abfa-88326e713e34,2025-09-19T10:16,7,52.22,Cash,Pending
7eef54dc-c21b-43ac-8266-23c91f8b14e6,1a48aa9a-def3-481d-922a-94300aa97309,2024-03-19T10:16,4,44.76,Online,Completed
0220e893-a8df-405a-a6f1-1a79467b21bb,d33bbfcd-a2ca-4e80-8a1c-65223f061e7e,2025-10-31T10:16,7,150.99,Online,Pending
8768e80f-7f9d-4a50-a5a3-64ab60cd6126,00d7ae70-0f46-4453-963c-4ab2a3d29314,2025-01-07T10:16,5,121.75,Card,Cancelled
39e8877e-12d8-4fab-a0f1-81c9ee071a5d,77ca464a-fe0d-4dcc-8f08-3eb2f7b64f76,2024-05-03T10:16,9,191.97,Card,Cancelled
37e79fa3-a152-4789-99df-e3dec6d8361f,3910ab11-8758-4a4f-8a9b-c4f5df7413c4,2023-12-22T10:16,3,39.66,Online,Cancelled
9aeb7746-a157-4634-ab32-04ad3a7fd95e,b3688304-b24b-416a-9bf4-c2b6aaeb59d3,2025-01-09T10:16,4,99.56,Card,Completed
60810d20-629f-4034-8597-b575bd4d4b85,b6c26110-1b77-4777-8c79-c69ec19b66df,2025-02-02T10:16,9,56.61,Cash,Cancelled
3e7abbb7-b322-44e3-9522-53d614518b5b,39cb44e2-a541-4b98-bc0b-db5f31cf8710,2023-12-04T10:16,2,31.78,Online,Cancelled
4f971273-e96d-4c5a-a0c4-fe5080aa9c09,67c276b0-7be6-4f3c-bf86-c342095c8112,2024-08-24T10:16,1,14.86,Online,Pending
97857f5d-0040-42c9-a3f7-347ba15767f2,8250871a-2b35-424e-a1a1-4eb4faffabfb,2025-11-06T10:16,8,142.56,Card,Completed
41d7ae4a-6c44-41d1-ad7c-70776125f9e4,4e6807ca-aed8-4ec9-b1b0-0e3aba57efb1,2024-12-21T10:16,1,28.99,Card,Completed
62d167fa-1f24-4799-87ec-d800c032e27d,3ab3404a-ee80-4ed2-8d90-a6f0dad14e48,2024-12-09T10:16,8,159.28,Cash,Completed
c22d1252-2711-46e6-86d2-6f2982637627,a938df5f-7764-459c-8bfd-90409d16b3c6,2025-04-30T10:16,4,55.12,Cash,Cancelled
8770bfea-286b-4246-bed5-adfa643f0201,52c87fd9-fdf0-4256-b929-6153ad24a0ac,2025-05-06T10:16,7,154.98,Cash,Pending
a2b9fc58-39e2-467c-9c6c-c7cf1fd2e9f9,d5eaf6a7-76cc-48ec-98d9-ba713e2df70f,2024-08-06T10:16,1,16.08,Online,Pending
c4044df9-0f6b-42d9-a9e9-018c2d3151df,6c6a3b10-9747-4dca-a041-4edc22d147b0,2024-02-01T10:16,7,78.89,Online,Pending
393bce5c-0d80-456a-be16-cd0cfe4d58e6,25659c0e-6eb5-4c57-add8-fb6ac5f42699,2024-07-15T10:16,6,70.68,Online,Pending
b62dd420-12c3-4060-ac13-803606a5d443,d5eaf6a7-76cc-48ec-98d9-ba713e2df70f,2024-05-20T10:16,7,178.08,Card,Cancelled
7b9a94af-3227-41ff-8261-8e5f18bac2af,0a15d43b-8f6b-444a-bef2-ffbddfdbd16f,2025-05-26T10:16,2,23.74,Online,Cancelled
08d1dd68-c679-446e-bc7d-f8d92a8b73cf,c46351bf-193f-49af-a5d6-456188837c3d,2025-10-10T10:16,1,20.37,Online,Cancelled
a5e4a9f1-ba1a-4d68-baef-a38deb6958d4,0130fcd4-a6cf-4a72-8400-7bcae1abce34,2024-09-13T10:16,9,245.07,Cash,Cancelled
4ab41264-a3c0-49a1-b620-98b6b4b6d627,49af098b-bf79-4643-8e49-739ea932d38b,2025-06-07T10:16,7,39.34,Online,Completed
a18fe020-4466-495b-9357-b3173a6361bb,b0d737cd-ec4b-4a88-aa81-d012ef3fb719,2023-12-17T10:16,7,37.52,Cash,Completed
5ec7a038-c22e-48c4-90e7-d8eee426a370,4f6ae324-5b6d-47d6-a86d-26ec6fbe1e0e,2025-09-25T10:16,5,34.55,Online,Pending
0cf49e35-7a4e-47cb-9bea-9663798778a4,98b17fed-218c-4f20-8410-9f0edfc74455,2024-06-04T10:16,3,30.69,Online,Cancelled
0890053d-8516-4a55-8619-859d718a7c0a,0df3bae1-6384-4856-aa27-aef9f6c48b75,2025-03-26T10:16,5,96.00,Card,Pending
cab80a63-6f18-420a-8a4e-45dfd320cad8,ada8704c-2784-4d70-84da-10078407d2c8,2024-11-25T10:16,6,159.96,Cash,Pending
a0f061ee-b1a1-4f42-a344-af7a978871d6,6e551d53-4f6d-4b84-a9de-3d7c79694805,2024-05-27T10:16,5,125.10,Card,Pending
0dce4635-320f-4206-8aa2-d97b4f7ee502,050d9901-1cb5-413a-9c31-282028f863c1,2024-10-05T10:16,9,93.42,Online,Cancelled
a70a9fac-fb72-443c-9f1a-96c51375bb71,14eace30-1ac2-411e-8eef-98e8f32a87fb,2024-04-08T10:16,4,114.28,Card,Completed
2c2358fa-2531-438f-89ca-858e0174947f,e85d0261-2d97-4475-a749-363ec9040a74,2024-11-20T10:16,3,33.57,Online,Cancelled
2b1aff73-2805-42b3-9a77-3105df3832bb,52f5634d-de98-4543-8a1e-cbf1e2d0242f,2023-12-02T10:16,2,36.48,Card,Pending
a468bd89-4dc2-42e2-83c9-1065ce69b088,6b1178fc-1745-401d-88da-3903c243ebe9,2024-02-06T10:16,2,29.98,Card,Completed
b156b243-7b4e-4420-b811-4e3989684fe4,2a109685-1399-4149-8951-fba29bb0360d,2025-08-16T10:16,9,221.22,Online,Completed
91ff9e03-1b22-4a41-b4d8-82c492e55812,0d463f72-c3a1-4a2b-8d0d-1721a0d1a06b,2023-12-10T10:16,3,72.09,Cash,Cancelled
9b5d7ff5-17e3-417c-8f65-c8ffbe21b503,f0a6a958-e434-41bf-a830-dffa55a34db5,2024-07-08T10:16,1,17.72,Cash,Pending
9cc8b41e-baa2-45db-a0e8-b895d15dff09,7a18d550-38d0-40b2-84a7-547162e7e409,2025-02-01T10:16,2,28.42,Card,Pending
99261807-131f-4c7e-874f-fe307fa0b6c7,c0d74d86-5c5b-481d-b8e3-61eeb9c77255,2024-09-20T10:16,8,129.60,Card,Pending
429bd632-dfb4-43d0-87dc-6b5dcdf8aca7,428424b7-1f94-496a-8b7a-497ce177d32c,2024-10-18T10:16,9,205.56,Cash,Cancelled
f72c3ae0-1291-40ff-a17c-e1bc6f842d53,c83bba2f-5229-4998-9566-1f3179b13e8a,2024-05-12T10:16,9,102.42,Online,Cancelled
0b8b945d-49b7-4d11-bb29-b38cc1ca4321,103fcba5-5588-45a5-9fe0-6ac948d3860e,2024-12-19T10:16,5,54.95,Online,Pending
f49fcf33-cbe5-429c-983b-b2d52f1ce63f,c5817fdc-a4dc-4879-b957-30cfda62016b,2024-08-13T10:16,5,118.40,Online,Pending
ced8faa7-8fa4-490c-9a28-a705adaa5fd4,7d2df59f-386d-4aec-85a8-2443262a0cb4,2025-03-10T10:16,4,96.24,Online,Cancelled
79ed54df-62b2-4ee8-948f-2db992fe343a,1d32c3b3-c732-4995-aa6b-ff159deb3bdf,2025-04-02T10:16,3,54.03,Online,Pending
c6cbac7c-34ac-4f70-91cd-7aa44092d211,b3688304-b24b-416a-9bf4-c2b6aaeb59d3,2024-07-04T10:16,2,41.92,Online,Cancelled
e010a01b-8b7c-43d1-8f0f-5016efdb857a,f90cf3ca-e2d0-4129-bc7a-e8a2b80880da,2024-11-11T10:16,8,50.40,Card,Pending
d38ef74a-cd99-4196-b5f2-1a4e3e637374,dcfb3d05-846d-4915-99f3-ebbc7559d972,2024-07-08T10:16,5,26.65,Card,Cancelled
ce18e6a8-4606-4077-b2eb-5c48ffabed8e,73a2b03c-2dca-486e-8ebc-c4d6bb68a8c6,2024-12-21T10:16,7,56.63,Card,Cancelled
2b64a235-9813-4242-965b-01c8806edcdc,8887df7e-682b-4d48-b18c-c1ddfa0aaa26,2024-08-09T10:16,7,99.89,Online,Completed
409d4e13-8b3f-4eed-8629-66467dfa0893,2c6dafc9-06cc-4b3d-8b8d-12aae0644c58,2024-04-18T10:16,1,14.11,Online,Cancelled
929d00a6-f4ab-4647-bf47-c3bfdf0c01d7,92da274a-bea2-490a-bb52-196c46fa8487,2023-12-17T10:16,4,117.08,Card,Cancelled
46b48ad8-bd73-4e51-88ad-612f5ad29f5d,99c406e7-092b-4eeb-bc08-56fc041c253d,2025-01-06T10:16,3,60.69,Cash,Cancelled
b5692cfb-7862-4547-8267-1c7491e284cc,68169a66-a8d4-4763-914e-7befc826445b,2025-10-21T10:16,6,148.20,Online,Cancelled
bd6d5c04-7538-44a6-bb77-2665d430eb8e,d87f31d7-79ef-4c17-856e-142e791b04da,2024-08-28T10:16,2,22.12,Card,Pending
af76efbb-aa2b-4284-9c4b-54b5bdf4f70f,cb8747c7-32ca-4b6b-868d-13ab01d953ec,2024-12-02T10:16,8,140.96,Online,Pending
20e17c0d-c3a8-482b-876c-eb6a30279fb5,62a2bfef-ca4a-4dec-90ea-bf15ea1880d2,2025-02-24T10:16,1,10.29,Card,Completed
57ab7c3a-0800-4e73-83f1-cf9b9f847a44,68169a66-a8d4-4763-914e-7befc826445b,2025-04-02T10:16,4,56.24,Cash,Completed
820de6bb-e603-4de1-a454-7f59055c096b,8887df7e-682b-4d48-b18c-c1ddfa0aaa26,2024-05-16T10:16,9,230.67,Cash,Completed
fd402eac-5d7c-425c-a64c-0d169c898d5c,d6d4ef4b-0870-48aa-b884-013237f255f4,2024-09-23T10:16,8,67.12,Card,Cancelled
d9d577b9-c469-4359-9c29-18c86f5ed971,cb8747c7-32ca-4b6b-868d-13ab01d953ec,2023-12-22T10:16,2,43.36,Online,Pending
4827a4e0-16d1-49bf-83cf-882012fe5e5d,8b546c63-5406-493d-bc69-cfb594b38267,2023-12-15T10:16,6,97.62,Card,Pending
2d4d1614-7fe0-4322-86d8-97e87c1d6a32,bb6bf39c-f455-4e08-a59e-1bdaaa91d4aa,2024-03-24T10:16,6,72.30,Cash,Cancelled
e428ecc9-aeb9-4a03-91f8-569934a11218,e85d0261-2d97-4475-a749-363ec9040a74,2025-07-23T10:16,6,155.94,Online,Pending
f22624d2-eff7-4005-b871-55cf174afb27,e12c3d24-86c8-474f-b86b-370df36adbfe,2024-08-30T10:16,2,46.06,Cash,Pending
1aae03f6-7004-49e6-ac0a-b0e91712bf98,60cd80b6-3967-4dae-b4df-adc7b5644971,2024-09-03T10:16,5,123.55,Cash,Pending
d11438ec-ce67-475e-b7bb-0e35c75e09f9,1233cc27-7567-48e0-8dd2-6b0019506c2f,2024-04-19T10:16,7,129.22,Card,Completed
4b8953dd-97b3-4cef-9b90-a929817ff858,99c406e7-092b-4eeb-bc08-56fc041c253d,2025-03-19T10:16,8,156.16,Card,Pending
955cbb4e-222b-43a2-8d87-93136ec97e18,c3ffc43c-0c11-40fa-9824-f234161741d0,2024-12-18T10:16,8,42.48,Online,Cancelled
bc886f7b-7fbd-4717-9048-30c433c9b42b,1eeb9c5f-5b7a-47af-b4f1-5a50d9d1089c,2024-01-02T10:16,9,96.12,Card,Cancelled
10ff9943-4eca-4c97-ac5b-a30c2ee6b356,983d66ae-c8b0-46b8-8abc-26a1055cf729,2025-08-01T10:16,2,13.26,Card,Cancelled
0655b778-f6be-4391-a3ce-2fc93088f30f,68169a66-a8d4-4763-914e-7befc826445b,2024-12-20T10:16,3,37.26,Card,Completed
bd7d831d-0368-4f4c-b735-d519858a6be2,7a2e5fa5-096b-4701-8ce6-7a3db39bf8eb,2023-11-20T10:16,7,130.06,Online,Cancelled
1a6af2c5-ade0-4e7e-a402-6924d2a3f0f5,ff4db0d8-e809-46e8-9ae0-78ffee4902d9,2024-02-09T10:16,1,7.51,Cash,Cancelled
1ea9b331-39fe-4b26-9b40-3ad271c1bf57,bf0de251-90d7-423c-8b31-48df1a89964f,2024-07-18T10:16,2,23.08,Card,Pending
ff0520a5-3b12-4ffc-97a2-58223a78cf05,8113211c-bdc3-4bb0-94d9-3fd3871f3005,2025-11-02T10:16,5,37.15,Online,Completed
feec73c2-9dcb-440f-9d13-ce2df9cc0572,9305d562-2505-493d-8ed8-3fb721c8f491,2025-10-17T10:16,5,79.70,Cash,Cancelled
