order_id,restaurant_id,order_date,items_count,total_price_usd,payment_type,status
e36c6e6f-0332-4641-8891-4408be7bd657,b047b369-02d0-4f25-9af0-f1e883228863,2024-04-30T10:16,6,35.94,Online,Pending
b6792a58-1e0f-4f58-b620-616bdd7c8aa3,aff4340c-d102-49ba-af8e-84d2737ce82c,2025-06-20T10:16,4,63.64,Cash,Pending
0dea7c55-11be-40c2-a288-1f7b57fd070c,e119f98a-df63-41dc-8e01-bb49ca2dc724,2024-07-21T10:16,4,108.08,Cash,Completed
89c47159-2751-4852-932f-11909abce728,6117b6f0-c4f4-4bf1-9eeb-f33950decba8,2024-01-05T10:16,9,90.27,Cash,Cancelled
d3cae26d-94ab-4cd0-87ce-46eae2516d04,56a75a3e-a944-4147-8cba-f1024726993f,2024-09-27T10:16,8,45.04,Cash,Cancelled
95257b49-8712-4f13-8892-d5e280da414b,52f5634d-de98-4543-8a1e-cbf1e2d0242f,2025-07-02T10:16,7,79.52,Card,Cancelled
9d9c6806-9829-4d98-8828-ad75be4e02f4,428424b7-1f94-496a-8b7a-497ce177d32c,2025-03-29T10:16,9,172.17,Online,Completed
186f55be-f6d0-44c1-a0a0-0f63b491980a,1407e9cf-22c9-4137-a2fe-cc12dc038235,2025-07-12T10:16,7,105.14,Card,Cancelled
006c97ec-5a46-4062-b36e-3bc024060db7,2ca088cd-c6c6-4e60-a1a4-d2990ee21b12,2025-01-08T10:16,8,57.28,Card,Cancelled
e33eeb49-2c67-4636-bae8-674df6ab1ddb,205ea7f7-e714-45b8-a083-11247ff702a1,2024-05-10T10:16,3,64.29,Online,Pending
1e712768-23d3-4ac7-b49c-91185c3eb6ff,c3ffc43c-0c11-40fa-9824-f234161741d0,2025-05-01T10:16,1,5.26,Card,Completed
da06ce2a-dfe9-4a7c-8012-46ea12a7d614,1a48aa9a-def3-481d-922a-94300aa97309,2024-03-09T10:16,3,55.77,Online,Cancelled
739ddf4d-eba9-4c49-89ed-41186aa37359,09ba4183-1b94-4f8c-bc5f-eca421a88524,2025-08-16T10:16,8,119.84,Online,Pending
607cf475-6d5f-4d32-8208-4100fa2b85f7,3dcaabe3-78c9-4d88-bed5-56ca7ceea07c,2025-03-24T10:16,7,205.52,Card,Cancelled
4b2ba393-fcc8-48cd-a425-37331a37de7c,67c276b0-7be6-4f3c-bf86-c342095c8112,2024-01-27T10:16,7,155.26,Online,Completed
150c00e5-3c62-4dae-9b21-96f22be58dc7,b014b56e-3263-4b63-8430-46e00bc5ea77,2024-10-07T10:16,8,113.60,Cash,Completed
51d50c77-ba90-4249-b49b-148c0a2b4e94,e6e1db85-f8ba-4264-9c9a-520ecda4bc4c,2024-02-24T10:16,8,170.56,Card,Completed
9b242ef4-3480-4ec3-b7eb-80d39ab6cd00,ebbc7df0-770d-44f8-b0ff-c62f9006e40e,2024-03-08T10:16,8,159.44,Online,Pending
65d619c9-f9f3-45da-bc82-f7f5f7ef9539,cf65c4b6-4c1c-420b-95de-23e5b56ffad5,2024-08-01T10:16,1,19.52,Card,Cancelled
161826a2-1a2e-4c73-b4a4-94ba8e4fd0fe,69446e90-4237-4410-ab55-e011eb04cce0,2024-12-19T10:16,5,79.10,Card,Cancelled
5256faed-c8db-41a6-8252-432ff52ce18d,63846b60-b7be-4087-ac6e-56c9bc130a20,2025-05-02T10:16,8,182.08,Online,Completed
194c1e63-1e79-4a22-a9ae-6d39bdc563c9,0a15d43b-8f6b-444a-bef2-ffbddfdbd16f,2024-12-23T10:16,4,82.48,Card,Pending
592d6ca6-548c-4fd7-abe0-011d1ccc6a96,7c991f43-c18b-4404-8826-97691b0dc00c,2023-12-16T10:16,1,21.73,Online,Pending
03062128-5b96-4d39-b76f-a8d408585db0,4bb2d776-14c0-4ef6-b8ba-c580cbed72b8,2025-02-18T10:16,6,133.20,Online,Pending
bb8664cb-5433-44dc-8309-9b08996961cb,00d7ae70-0f46-4453-963c-4ab2a3d29314,2024-10-31T10:16,9,95.40,Online,Completed
ce1d45be-f334-42f4-bc88-0aa74947fbf3,e119f98a-df63-41dc-8e01-bb49ca2dc724,2024-01-01T10:16,6,151.50,Cash,Pending
21d0a60d-65a3-407c-af3d-f9d624c75d73,36b880b0-e9bd-4c0b-8f1c-32018f6c758a,2025-05-28T10:16,5,108.00,Online,Completed
a7e61286-1219-4807-aeef-c47e99ea6f3f,5f6e51da-5f01-4c9a-85dd-7d50ef37e5d7,2025-05-07T10:16,9,111.06,Cash,Pending
0926b3c5-a806-4052-8c6f-6da7665a2316,7169ef0c-f2c8-4ae3-83f6-87691664d2d2,2024-02-10T10:16,4,55.24,Cash,Cancelled
3d65bd3c-206b-41aa-9017-bbe5ca46d88f,e12c3d24-86c8-474f-b86b-370df36adbfe,2025-02-13T10:16,4,98.32,Cash,Cancelled
d2e9c7ac-364d-49c5-b5ff-310974783d02,4bb2d776-14c0-4ef6-b8ba-c580cbed72b8,2023-12-13T10:16,5,84.90,Online,Pending
52b127a1-91b9-493f-889e-6e3f390bb6a8,ecf1ffb0-ac00-4968-87ea-8beef4ace55a,2024-05-25T10:16,3,32.04,Online,Completed
a2ca2404-ab40-43de-8674-e5c5784aeff6,56a75a3e-a944-4147-8cba-f1024726993f,2024-01-18T10:16,5,139.35,Online,Pending
526bfef1-40af-44d8-9ba9-7e0e9c2b0b33,52c87fd9-fdf0-4256-b929-6153ad24a0ac,2024-08-08T10:16,2,27.58,Card,Pending
af7a6cd8-a977-4112-84dc-5910a7e5e053,caca465c-e9f2-4add-91b5-24c70595e321,2024-09-05T10:16,5,114.25,Card,Completed
179dfca2-c269-49d5-837d-9dba463497b8,dcfb3d05-846d-4915-99f3-ebbc7559d972,2025-09-09T10:16,4,110.96,Cash,Pending
b7429405-6476-4e27-aa5f-af0a2127c9cd,6e551d53-4f6d-4b84-a9de-3d7c79694805,2025-07-31T10:16,6,157.20,Card,Cancelled
9cffe59f-8b0b-4c42-89eb-4d593579ec49,e38afcd9-9e08-47ba-bc92-5ebb4bc271eb,2024-12-30T10:16,1,16.22,Online,Pending
d809bdfa-bec2-418c-a029-6c64433d5234,0a5a9fc7-e126-48f0-99aa-dea85c606f66,2024-07-01T10:16,8,98.40,Card,Completed
29a9be65-b47a-4ac2-be1f-2d794b9b90f3,103fcba5-5588-45a5-9fe0-6ac948d3860e,2025-02-15T10:16,3,52.71,Cash,Cancelled
e6b49c1f-18b5-4452-a8f5-0dd6ef50beff,59827b2a-ae17-44b1-bd6f-6f08718559cb,2025-09-30T10:16,4,20.80,Online,Pending
b6738f2d-62b5-417b-bc59-5f6de1a28df2,ef7fad1f-a86f-4ee1-95b4-ce1f339f0fa5,2024-03-03T10:16,2,31.38,Online,Completed
f8ec8bf1-12e4-49cd-858e-ef52420bbdbc,23650eb4-f98d-45a3-a90b-a378f03d469d,2025-04-19T10:16,5,34.00,Online,Cancelled
d0d76edf-831a-43c6-9ed9-9cd730924818,1a48aa9a-def3-481d-922a-94300aa97309,2024-03-25T10:16,1,17.15,Card,Pending
d97b4243-dde1-4616-8950-77753b081dcf,77ca464a-fe0d-4dcc-8f08-3eb2f7b64f76,2024-10-12T10:16,4,57.00,Card,Pending
60312126-8c05-4045-bee7-20e0fc0d7968,e85d0261-2d97-4475-a749-363ec9040a74,2024-09-21T10:16,6,70.74,Online,Cancelled
7f687e38-444d-4d9f-aeaa-68716d4dbab8,0a15d43b-8f6b-444a-bef2-ffbddfdbd16f,2024-03-08T10:16,2,35.12,Cash,Pending
bb39fe76-86eb-441f-8c0d-603884b1df0c,b6c26110-1b77-4777-8c79-c69ec19b66df,2024-12-05T10:16,4,34.96,Card,Pending
4105a29a-92f6-4880-8e0b-1be5f02b915a,5d6f84a5-a4de-442e-99b9-b8ef714b4436,2023-12-08T10:16,8,164.48,Online,Completed
11d717b8-6752-4b92-9abc-a1c678475685,4b14a58c-f1e4-40b6-888d-a88cd7055099,2025-06-30T10:16,1,18.66,Cash,Pending
04041ba8-6931-4c82-b5b6-1741026058bd,1a31c678-d420-495a-aff3-0f1609514e1e,2024-01-25T10:16,2,18.42,Card,Pending
026fed18-0a65-4156-b2f1-671807c7a7b2,d5eaf6a7-76cc-48ec-98d9-ba713e2df70f,2024-04-10T10:16,3,20.22,Card,Cancelled
c73c16b3-c082-482e-a613-6a28d97d1810,a190f67b-21df-46bc-8164-46bdfa00af85,2025-02-19T10:16,5,96.95,Cash,Completed
6a50afae-a210-47dd-a9db-2f449b5a30f2,c3ffc43c-0c11-40fa-9824-f234161741d0,2024-03-09T10:16,1,22.18,Online,Pending
ce6dddd1-34d4-46af-899a-c09c7d4a4cbb,0df3bae1-6384-4856-aa27-aef9f6c48b75,2024-11-20T10:16,6,129.72,Cash,Pending
2c079a87-a3c5-444c-a87e-1491ee9f84cb,14eace30-1ac2-411e-8eef-98e8f32a87fb,2025-01-24T10:16,2,55.02,Online,Completed
1cf6b4a4-77a9-4578-abda-6ce15f9afb48,c0d74d86-5c5b-481d-b8e3-61eeb9c77255,2024-02-18T10:16,4,87.24,Online,Completed
854e0cec-cf8a-4ce9-8962-8d9bcf84b7eb,d87f31d7-79ef-4c17-856e-142e791b04da,2025-08-06T10:16,5,65.05,Card,Pending
5c847552-63cc-460a-b827-3d606ea05f67,515fe1d2-d33a-4b9d-8c19-07e0cbe81a9a,2024-07-22T10:16,4,91.52,Card,Completed
faecffe7-3c93-4e2e-a47d-8b1789da0dab,2c6dafc9-06cc-4b3d-8b8d-12aae0644c58,2024-09-02T10:16,1,24.21,Card,Cancelled
a52daed2-d4e1-4cb6-a870-b681161fb51e,726d71e2-70fd-4416-8568-78619c14a73a,2024-08-26T10:16,6,39.24,Card,Cancelled
8c9b6847-75ff-4616-9bb3-d0647a0fb62e,935ebde1-5945-4673-886e-1a7a12cc2d4e,2024-03-16T10:16,3,62.91,Cash,Completed
2ef7f096-2920-4e59-ad57-159046d5cf92,0130fcd4-a6cf-4a72-8400-7bcae1abce34,2025-10-06T10:16,7,154.14,Online,Completed
247c7e32-20f1-4665-93a3-cd05e1fd3506,795088d7-d227-422e-ad8c-f048bde0675e,2024-04-20T10:16,4,77.60,Online,Pending
29ef0435-b0f1-4392-9b67-c45641a03136,89d26a00-0fde-4c03-8430-b06f6bc3f33a,2024-11-21T10:16,7,35.70,Cash,Completed
0f52cfad-bd4c-437c-9596-6ff9be4b0fe8,8113211c-bdc3-4bb0-94d9-3fd3871f3005,2025-01-18T10:16,5,77.30,Card,Cancelled
13a2a46d-bb4b-44da-9018-dee2df5a4e83,0e0d5f13-edd5-4ab0-9ddd-3df111bedc5a,2025-10-15T10:16,8,194.08,Cash,Completed
f849a6ed-8e80-4d22-b3c9-aa69fee9d228,c63bd277-c81c-40c5-8720-6ce916d653c4,2024-06-02T10:16,9,256.14,Online,Completed
0f9ce6fd-308e-4cc7-86ba-5984497dfb71,56a75a3e-a944-4147-8cba-f1024726993f,2024-09-01T10:16,2,59.88,Card,Cancelled
6d8a5245-01af-4e9d-9032-0ef5be2e9e51,26d032f1-9fe9-487a-987a-a8be14e1db05,2025-04-05T10:16,2,42.42,Cash,Cancelled
0ac1ee4c-8070-4356-81f0-3627b4ac8851,74e76582-f1b8-4560-b049-8aebb59d4721,2024-05-14T10:16,7,178.99,Card,Completed
501d7847-4085-43f2-92f4-7196010beb91,d7af10ce-45c9-4fc8-8dd8-b1c5491aad5f,2025-09-20T10:16,2,41.90,Online,Completed
580a8f1b-b4ab-4662-aaca-582e297ca729,67c276b0-7be6-4f3c-bf86-c342095c8112,2025-03-04T10:16,5,108.50,Cash,Pending
9e8b8ec9-416a-410b-ad1a-9ff3bb4e0a2f,d7af10ce-45c9-4fc8-8dd8-b1c5491aad5f,2025-09-14T10:16,8,92.64,Online,Pending
c259ed1e-2a0a-4f8f-9b33-d4118cca89af,4e44f26d-5455-405b-8fdb-63ab8b739ecf,2024-07-25T10:16,4,93.20,Online,Completed
3d45a8b5-a406-49d3-8f81-b77d13fc809a,050d9901-1cb5-413a-9c31-282028f863c1,2025-06-22T10:16,6,53.10,Card,Completed
3e5b39c5-3751-47f5-b226-7d198d4d6a71,6aaabc79-3d35-410f-bb96-f86a3930d0ff,2025-03-27T10:16,2,40.90,Card,Pending
e7539f8a-4380-42b8-872a-787beac10509,9b9edd1e-b4f7-414c-b8b5-a3dc51fa0a8c,2025-04-24T10:16,4,53.52,Online,Pending
a05a96df-ada6-4317-81fd-c462f2ff0d12,0a15d43b-8f6b-444a-bef2-ffbddfdbd16f,2024-12-05T10:16,3,54.69,Online,Cancelled
f0244e01-6ecb-40e6-91bd-db8789ed4727,0130fcd4-a6cf-4a72-8400-7bcae1abce34,2025-03-22T10:16,4,60.12,Online,Completed
693f93e7-ef3e-4c83-85f7-9de2638bccb4,4f6ae324-5b6d-47d6-a86d-26ec6fbe1e0e,2024-12-30T10:16,1,22.13,Online,Pending
cd1991df-b56c-4ae1-bf8e-7cccfd952ff3,6945f6f4-b8f9-4d04-90ff-e59ed705578e,2024-12-11T10:16,1,26.77,Cash,Pending
f86badab-ab84-46b1-b8f6-4cbd9fcefdcf,6e6d2c67-f7fb-4a98-8f9a-4822259b25c4,2025-10-23T10:16,6,46.92,Card,Pending
0a2632d8-1079-449f-b1c2-c81c277924c2,d6d4ef4b-0870-48aa-b884-013237f255f4,2025-07-06T10:16,7,111.58,Card,Pending
ddde46a8-7a5b-4713-9da4-50f196db37eb,b014b56e-3263-4b63-8430-46e00bc5ea77,2024-04-03T10:16,4,41.44,Online,Pending
cf992374-7c72-495b-af4e-ac11e520dcfa,9c53f3f8-5b22-4d77-bd76-cfa6c70e443c,2025-01-08T10:16,8,43.28,Cash,Cancelled
3f673de4-8c3d-470c-849f-ce48d6ac5661,a5ffc907-be77-43e6-8694-4a0bf09bd3fb,2025-05-14T10:16,6,85.38,Online,Pending
4b7ffedd-4f33-4d1e-9d93-5fec676f80dc,65b2c0ea-6192-47fc-9286-2c1dd3ecefb1,2025-09-21T10:16,4,119.08,Online,Pending
27b22726-1015-4e60-8511-2205b2157daf,205ea7f7-e714-45b8-a083-11247ff702a1,2025-07-01T10:16,3,47.88,Card,Pending
73101ee1-3df9-4d0b-9cd0-e4309791a681,80537cf2-360f-4740-8b7e-d4cd56e22987,2025-01-28T10:16,8,190.96,Cash,Cancelled
cba7898c-59c2-432a-b10a-dffed70515c5,6945f6f4-b8f9-4d04-90ff-e59ed705578e,2025-10-26T10:16,2,24.98,Card,Cancelled
0da02649-833f-45ca-a5cf-888e7fed7c20,a190f67b-21df-46bc-8164-46bdfa00af85,2024-01-10T10:16,3,77.31,Card,Pending
f9ab0b98-7f67-4c09-a089-809f6f79c8c3,80537cf2-360f-4740-8b7e-d4cd56e22987,2025-04-20T10:16,1,6.59,Card,Pending
ea7e8f0d-2150-4b2d-94c3-2fed27bba0f7,6e6d2c67-f7fb-4a98-8f9a-4822259b25c4,2025-04-18T10:16,6,146.04,Online,Pending
493ee6f2-aca4-43a3-9cd9-ae8fc107701a,5eb75bc0-d5fa-4209-9d42-7767f3f0585b,2024-02-08T10:16,6,46.32,Card,Cancelled
b8c219c6-9d7e-4594-aecc-5783becf2a45,6bd388d4-5636-450b-bacd-55bdcb769bab,2025-05-12T10:16,9,182.34,Online,Pending
b2f45b6a-eabd-4062-905e-b20fe4afa2e3,60cd80b6-3967-4dae-b4df-adc7b5644971,2024-08-03T10:16,1,27.37,Card,Pending
e7bfc222-bd74-4e39-bc1b-10d304ea8b6d,46032f36-69bc-465a-9b33-a5d560bfd77a,2023-12-21T10:16,8,52.48,Card,Pending
e5f63f1b-200f-4a27-88b8-6b4b844f220f,aac35608-9499-49c5-811a-a059e773c968,2024-12-24T10:16,4,69.08,Online,Cancelled
db95b69c-cfed-4e46-87d1-8ded727b53e5,4bb2d776-14c0-4ef6-b8ba-c580cbed72b8,2024-01-13T10:16,1,29.00,Card,Pending
8021d309-2d03-445e-8f87-b155eba223fb,f3826f04-0dfa-4266-8002-58fede0093f5,2024-06-09T10:16,6,86.40,Card,Completed
352de4e8-7d3b-47e8-ba76-78033ca73b52,26d032f1-9fe9-487a-987a-a8be14e1db05,2024-12-04T10:16,1,14.13,Cash,Completed
11084e72-09ef-4a15-9129-43e8ee31688e,fe624323-ba72-456d-9842-ed9e0edc75df,2024-11-26T10:16,1,16.28,Card,Pending
654366e3-f11d-4cb3-9312-76a50af68f9c,4739f27f-7a96-4d52-83ae-0c6fd4c8c606,2025-10-03T10:16,4,81.48,Card,Cancelled
88cd0cd5-44dc-4da1-aea7-2d16b497040f,6aaabc79-3d35-410f-bb96-f86a3930d0ff,2024-05-22T10:16,6,79.92,Card,Completed
0bbad41e-963e-4924-b272-a4e1709383f1,1eeb9c5f-5b7a-47af-b4f1-5a50d9d1089c,2024-09-26T10:16,9,60.30,Cash,Completed
bc78269b-b0e2-41de-9e13-b82fc1378a3d,d7af10ce-45c9-4fc8-8dd8-b1c5491aad5f,2024-10-07T10:16,3,55.14,Cash,Cancelled
31fcfc08-de37-477e-a0e0-c940c5cb6b25,7169ef0c-f2c8-4ae3-83f6-87691664d2d2,2025-01-17T10:16,9,226.35,Online,Completed
1392ac41-6c0b-4444-9671-81148ee5f59e,a302a1a8-c429-406f-abff-9f273aa0a4b5,2024-11-07T10:16,5,130.25,Card,Cancelled
6004a1cf-8b83-4610-9f1a-d90518d2ed02,e7991221-0de0-4ef8-aa9c-ca3b59197059,2025-05-19T10:16,3,55.56,Cash,Completed
6c1e7d0d-6a14-4d62-b031-0bf74ef8e961,11526850-7335-463f-b740-a52a90457c3b,2024-08-05T10:16,3,72.06,Cash,Completed
c7b1a59f-412c-4f33-8b12-c24bcb0b7d13,7509850a-5062-4da9-aad6-bc5b9e363ef1,2024-01-21T10:16,1,12.52,Cash,Cancelled
d26841c3-41cc-4dcf-804c-83ec8ec1982f,b90a3a7f-421e-47e5-8598-fe50f365a62e,2023-11-27T10:16,2,10.74,Online,Cancelled
dce7135c-0ff1-44a3-a1df-1a3261ac3f1f,09ba4183-1b94-4f8c-bc5f-eca421a88524,2025-03-07T10:16,6,155.28,Cash,Completed
f77cfeeb-d178-4571-b4ef-fdbab7e4e688,caca465c-e9f2-4add-91b5-24c70595e321,2024-11-02T10:16,6,117.60,Card,Completed
0bfcdee1-9b49-43ab-b968-c83f0b64feee,fe624323-ba72-456d-9842-ed9e0edc75df,2025-09-26T10:16,9,136.35,Card,Cancelled
99f78eb1-bd9f-4873-ade8-3416dc198229,8f7f530b-bb30-4a05-b437-744ed30af54f,2025-06-27T10:16,7,153.79,Cash,Completed
ab1ae9e0-f324-44b3-857f-d7ac76df6ef4,1d32c3b3-c732-4995-aa6b-ff159deb3bdf,2025-04-04T10:16,6,141.72,Online,Completed
addab1bf-efe5-4c55-8696-775cc99956eb,485b65e7-fdf4-474d-afba-37986d8d3cd8,2025-06-17T10:16,8,218.96,Card,Completed
663025d4-3542-4f9e-a000-45281204fa8c,36b880b0-e9bd-4c0b-8f1c-32018f6c758a,2024-12-29T10:16,7,68.88,Cash,Completed
454ba833-4583-4614-bbbf-7e4910165b32,b014b56e-3263-4b63-8430-46e00bc5ea77,2025-03-26T10:16,2,29.18,Cash,Cancelled
27fa1b74-c99e-4d31-a4f4-3b4c36ce99b0,a3f626b9-cc27-4c04-8570-be79ab8bda4a,2024-06-12T10:16,5,56.40,Card,Cancelled
43fd4e33-e0e2-4cae-9cc4-3ea1275b126a,27e45431-1333-4ffd-a0c8-be56ffdc5d4e,2024-07-05T10:16,5,47.30,Cash,Cancelled
25a1303a-42c0-4b2e-858c-a1ef93b70302,f3826f04-0dfa-4266-8002-58fede0093f5,2024-05-29T10:16,1,22.15,Card,Pending
e35be815-69a5-43d6-b62f-8f840be6d043,02c65c06-56ad-4670-b8e2-10ab417c7154,2025-09-14T10:16,7,81.62,Card,Completed
a718fb46-a201-4625-8e4c-78da52b4de11,000f9c8f-2fc7-4346-844d-c04f10751265,2025-04-05T10:16,4,102.00,Card,Cancelled
9d6f0a47-9f0d-4a13-8acb-a6b3ef61281a,9305d562-2505-493d-8ed8-3fb721c8f491,2025-01-01T10:16,7,69.16,Card,Cancelled
0801af6f-1c13-4b6e-bf3e-6f403d8b9a5c,a938df5f-7764-459c-8bfd-90409d16b3c6,2024-01-30T10:16,2,57.90,Card,Completed
23366753-0b4a-4cbd-96a8-b2ead50eb36f,ebe19120-496a-47fa-87eb-2440212a3363,2024-02-08T10:16,2,51.78,Online,Completed
77b8711e-3502-4806-bd38-e027f9ac4753,1eeb9c5f-5b7a-47af-b4f1-5a50d9d1089c,2024-09-17T10:16,5,120.25,Cash,Pending
4a988213-50b9-4760-b6bc-a16e5c62c1f2,9b9edd1e-b4f7-414c-b8b5-a3dc51fa0a8c,2024-10-16T10:16,9,217.62,Card,Completed
aa08d181-9231-433a-9b65-aecc6603e8b2,c9dcc28a-ae5f-477c-ae7e-72d94129f449,2024-05-10T10:16,4,30.16,Cash,Cancelled
1e3f8fd6-bf67-49b8-8a43-402df3040208,6bd388d4-5636-450b-bacd-55bdcb769bab,2024-06-13T10:16,4,67.20,Online,Pending
132b90dc-5d2f-44f7-a30e-28fa357b0b14,46032f36-69bc-465a-9b33-a5d560bfd77a,2024-04-06T10:16,8,75.84,Online,Cancelled
467f0036-380d-42b7-b5f2-3eaff07361fb,05ccd8a5-ea5f-4353-bd1e-3022152b0685,2025-01-03T10:16,2,45.10,Card,Pending
80cf5b15-e781-427d-8845-547624f98711,aff4340c-d102-49ba-af8e-84d2737ce82c,2025-04-28T10:16,7,188.23,Online,Completed
c8d30b88-4d0d-4e55-96de-727f1b1a0125,d6d4ef4b-0870-48aa-b884-013237f255f4,2024-08-18T10:16,5,142.15,Card,Pending
6ff29f31-28dd-4283-a3b9-e44dd12a63c5,ebe19120-496a-47fa-87eb-2440212a3363,2025-07-05T10:16,3,88.05,Cash,Cancelled
208d26a6-cb56-49d4-b66b-2a45a4ed2511,428424b7-1f94-496a-8b7a-497ce177d32c,2023-11-21T10:16,5,95.60,Card,Completed
b63b01f0-b433-4891-913e-77d608c167f4,f6c35464-33dd-44a7-bf84-071f2e427045,2025-06-15T10:16,9,80.28,Cash,Pending
a9b07cfa-43c1-4693-a2a4-f3c7bfc0ee89,e277d099-db2a-4aee-ab86-8b0e73a34383,2024-09-18T10:16,2,41.80,Cash,Cancelled
cdf3fd41-991f-4837-9f82-3b8bd91cc702,e6cb1215-5314-4d05-bfd1-f6e5d36e89f7,2024-12-27T10:16,7,207.55,Cash,Cancelled
bb6405f7-9d45-44b3-a81c-14d485993f43,4739f27f-7a96-4d52-83ae-0c6fd4c8c606,2025-08-11T10:16,4,95.52,Card,Completed
2b0d4c03-3c16-4aab-ab74-dad8b6f232a3,74e76582-f1b8-4560-b049-8aebb59d4721,2024-01-02T10:16,1,7.76,Card,Completed
2d89bd4c-b8d9-4600-bfeb-08f4b0062f9f,65b2c0ea-6192-47fc-9286-2c1dd3ecefb1,2024-12-06T10:16,4,31.52,Card,Completed
a67a3b8b-5385-406d-944b-244c3bf2d87b,6bd388d4-5636-450b-bacd-55bdcb769bab,2023-11-13T10:16,1,25.81,Cash,Pending
aa9a71e3-18dc-4d0b-9944-e9482bd7016d,0e0d5f13-edd5-4ab0-9ddd-3df111bedc5a,2025-09-28T10:16,7,68.18,Online,Cancelled
db1d62b2-9c0e-4dd1-b7e1-dee604081be7,d5eaf6a7-76cc-48ec-98d9-ba713e2df70f,2024-02-23T10:16,2,24.58,Online,Cancelled
433ae51d-ca68-4646-8e52-9dd92d2a21d9,52fbb114-83aa-432d-b2f1-f3e37a5c4754,2024-12-28T10:16,7,191.38,Card,Completed
0fb31ff7-1de8-4209-a714-6f70fc4331e5,6c6a3b10-9747-4dca-a041-4edc22d147b0,2025-08-06T10:16,3,27.57,Card,Pending
e173751d-82c8-411b-8153-71638546bd41,53db1213-7316-47bb-9099-c1def0e3c96b,2025-02-01T10:16,8,111.04,Card,Cancelled
44ded224-5008-4f47-b833-8bfa8d7883b8,6c6a3b10-9747-4dca-a041-4edc22d147b0,2023-11-16T10:16,6,140.70,Online,Cancelled
418b97d1-cdd8-40b9-bf96-ce2a95817350,6c3bf618-a715-40f9-9faa-cfc5f5beef2f,2025-09-13T10:16,3,41.82,Cash,Completed
28403681-8b35-44aa-af00-08d013ec2f40,3e97fc93-73a7-45e0-9888-f7a03ee258a7,2025-03-04T10:16,9,130.32,Online,Completed
438d201a-20ce-4713-a680-90889e273b54,ef7fad1f-a86f-4ee1-95b4-ce1f339f0fa5,2025-01-11T10:16,8,171.52,Online,Completed
bfebb2f6-09dc-448b-9e24-aec5fe76e022,5400d214-6176-40bf-88d2-3f53ed38bf69,2023-12-09T10:16,9,263.34,Card,Pending
e98aaeee-3ec6-468c-9bd5-2d5cca50cf8d,e12c3d24-86c8-474f-b86b-370df36adbfe,2025-06-23T10:16,1,6.48,Online,Cancelled
4e678010-0a84-46f2-a75d-ace0b01dba95,caca465c-e9f2-4add-91b5-24c70595e321,2024-10-11T10:16,7,139.79,Card,Completed
ad5d6703-760d-464c-a7fb-36fc89261b45,6e6d2c67-f7fb-4a98-8f9a-4822259b25c4,2025-09-03T10:16,7,199.43,Cash,Completed
e52a7b99-fda0-4355-84bd-81e61b8009aa,11526850-7335-463f-b740-a52a90457c3b,2024-02-11T10:16,5,116.30,Cash,Pending
69920c7f-bfe7-4a83-b97d-72991fc30ea5,25659c0e-6eb5-4c57-add8-fb6ac5f42699,2023-12-29T10:16,3,37.62,Online,Pending
a7253d74-c9a4-46d9-b0ce-7d50b4d8e882,c63bd277-c81c-40c5-8720-6ce916d653c4,2025-08-10T10:16,6,40.02,Online,Pending
a3f63282-8641-4c7d-ac4c-45f974e44124,0a5bd884-b432-4ce5-b14e-44b4aedd4c0f,2024-08-09T10:16,2,10.32,Cash,Cancelled
200685d9-088c-4d2d-ad42-f16fc2966803,d6d4ef4b-0870-48aa-b884-013237f255f4,2025-08-24T10:16,4,33.52,Card,Cancelled
e5e208af-b4c8-4137-a2fd-841fefc9449f,4f6ae324-5b6d-47d6-a86d-26ec6fbe1e0e,2025-04-01T10:16,5,112.85,Card,Pending
009e15b7-c89b-4943-8a40-d3031926b10f,6bd388d4-5636-450b-bacd-55bdcb769bab,2024-05-06T10:16,7,127.33,Cash,Cancelled
aa502c98-fd2a-4413-9960-044ba8794ebf,9fa382f0-8393-48db-ad30-43c953282401,2025-10-11T10:16,3,62.52,Card,Cancelled
8125603e-75ac-4c29-a79a-2143d2d99de5,d33bbfcd-a2ca-4e80-8a1c-65223f061e7e,2025-02-27T10:16,3,73.56,Cash,Cancelled
22a47afc-38ac-4d8f-9bb6-bdffa5ef8b4d,0a15d43b-8f6b-444a-bef2-ffbddfdbd16f,2025-05-28T10:16,9,111.06,Card,Completed
07dd9e26-8468-4162-b5a4-dbd9639ae663,d3f641e5-b8b5-4f5f-9155-7768df2033e8,2025-08-29T10:16,1,13.38,Cash,Completed
fd75f483-d383-433b-b28c-bc54eaa8a259,52fbb114-83aa-432d-b2f1-f3e37a5c4754,2024-12-11T10:16,2,17.08,Card,Completed
5d059939-3936-4ccb-9fc0-71679212b21e,caad7924-4bc5-4f85-9662-11ca261e3c87,2024-06-12T10:16,6,104.70,Card,Cancelled
c3b5db78-7c20-4a30-ad43-639447fad31b,515fe1d2-d33a-4b9d-8c19-07e0cbe81a9a,2025-03-22T10:16,8,94.88,Online,Completed
e3de2c8c-9c98-4a1b-8679-95937b3c8360,68169a66-a8d4-4763-914e-7befc826445b,2024-01-11T10:16,8,88.80,Card,Completed
2d7cbbd6-9197-4a60-bc88-d30b33c540c7,4f6ae324-5b6d-47d6-a86d-26ec6fbe1e0e,2024-08-11T10:16,6,104.58,Online,Completed
eac74c43-161e-4266-840b-9f6eff8400e7,485b65e7-fdf4-474d-afba-37986d8d3cd8,2023-12-13T10:16,6,30.96,Card,Cancelled
d05404d5-119b-442c-913a-fe2ffd6a4f48,d6d4ef4b-0870-48aa-b884-013237f255f4,2024-12-03T10:16,5,90.40,Cash,Pending
462427e6-96ce-4113-af81-6f8ea9244dcd,8113211c-bdc3-4bb0-94d9-3fd3871f3005,2024-08-12T10:16,2,38.66,Card,Pending
1a26ac92-a861-4d65-b811-f201987951c2,bc58b12c-65c4-4f21-89ef-3e492a22ef7c,2024-12-20T10:16,4,60.44,Online,Pending
cd4d609b-32d0-4470-9a23-51e5f1232e52,2ca088cd-c6c6-4e60-a1a4-d2990ee21b12,2024-10-09T10:16,2,29.60,Online,Completed
4cbb0544-e347-4f30-955b-16a4efccd0f1,6945f6f4-b8f9-4d04-90ff-e59ed705578e,2023-11-16T10:16,6,64.20,Online,Completed
5521fb4d-5987-48d9-9be6-a2217ad1e897,93cdeef1-3fc3-4a63-a275-0ae87ae6b335,2025-01-02T10:16,3,27.93,Card,Completed
e1cde346-ae59-48c0-95d7-1085536ba876,90f0db1e-2b19-43f7-ba17-233c7c214eca,2024-03-22T10:16,2,54.14,Card,Pending
f7007e39-e609-4491-b11e-bcf739a9b2dd,bfa3444b-2be9-46be-b944-720d86a59770,2025-09-02T10:16,1,9.87,Online,Pending
033283ac-df85-4b40-b13b-2f81eafa7227,d6d4ef4b-0870-48aa-b884-013237f255f4,2024-11-10T10:16,7,75.46,Card,Completed
0ba29437-146c-447b-88d3-085299bbd799,b04ce307-2d1f-4214-b023-d8f4379041a1,2025-09-19T10:16,8,189.28,Card,Cancelled
3254db49-0273-4c94-a6e6-567cc7c6702b,205ea7f7-e714-45b8-a083-11247ff702a1,2024-06-28T10:16,5,130.80,Cash,Cancelled
4ceccf08-1c6f-470b-b75f-b47746a6845a,bc58b12c-65c4-4f21-89ef-3e492a22ef7c,2024-11-26T10:16,3,26.79,Card,Completed
565fcc8a-475f-4c16-8824-0268b8b8dd15,d33bbfcd-a2ca-4e80-8a1c-65223f061e7e,2025-04-08T10:16,4,21.48,Card,Pending
f1a229aa-212c-4d99-9e54-434f491d171b,0dd437d0-74fa-43c3-8909-5c955e4d47dd,2025-05-24T10:16,1,28.80,Online,Cancelled
8be906ed-b985-42dc-8ffe-e236024a7e7a,53db1213-7316-47bb-9099-c1def0e3c96b,2025-10-21T10:16,1,21.86,Cash,Cancelled
f96378c2-d356-47f0-8c97-d3e41b92bbb3,2c6dafc9-06cc-4b3d-8b8d-12aae0644c58,2024-02-08T10:16,7,97.09,Online,Completed
323c4941-ee5c-4306-be2b-fd677a49da53,c83bba2f-5229-4998-9566-1f3179b13e8a,2024-03-05T10:16,7,70.35,Online,Completed
012bbc3b-8c2d-4fb7-aa8d-793c717865a8,62a2bfef-ca4a-4dec-90ea-bf15ea1880d2,2025-09-14T10:16,3,77.64,Cash,Pending
bdc8645f-e401-4a43-8d1d-1ba866ef02a3,0a0ac3e5-6e20-4fbc-87ec-5481c70e38bc,2024-07-10T10:16,4,50.12,Cash,Completed
850705c7-6a69-49fd-ada1-c482004e7957,1eeb9c5f-5b7a-47af-b4f1-5a50d9d1089c,2025-05-24T10:16,2,21.42,Online,Pending
d3e140e4-f81f-468c-a94c-09be452e5e16,6117b6f0-c4f4-4bf1-9eeb-f33950decba8,2025-05-16T10:16,3,59.49,Cash,Completed
35fab565-cd47-4402-ba96-0b581a7a3db5,f90cf3ca-e2d0-4129-bc7a-e8a2b80880da,2024-12-03T10:16,4,85.72,Cash,Cancelled
43184ffc-6d13-41d2-b885-a27c33d137be,52f5634d-de98-4543-8a1e-cbf1e2d0242f,2025-04-16T10:16,4,114.64,Online,Cancelled
3e95e574-c986-4e54-bf48-c3cf41e4b794,941529ef-2114-4bff-907a-4596ff4593a1,2024-09-14T10:16,1,27.40,Cash,Pending
2517069e-5a61-4f0b-87d7-6bd4458b9179,67c276b0-7be6-4f3c-bf86-c342095c8112,2024-11-14T10:16,7,91.14,Card,Completed
75fe6fa8-2f78-4fb2-a857-4a7340b59764,60cd80b6-3967-4dae-b4df-adc7b5644971,2025-08-13T10:16,3,76.56,Online,Completed
e168518b-5772-4f9e-9a23-6a9e412fbcaa,23650eb4-f98d-45a3-a90b-a378f03d469d,2025-04-20T10:16,1,5.27,Cash,Pending
1ce52c5e-8e23-4f60-8892-79eba5e6376a,4739f27f-7a96-4d52-83ae-0c6fd4c8c606,2025-02-03T10:16,1,11.71,Card,Pending
f63cc705-b6dd-43a1-8642-edc9c34553fd,67c276b0-7be6-4f3c-bf86-c342095c8112,2025-05-23T10:16,2,45.34,Online,Completed
ec846408-6c89-4220-86c2-8c49f2fd4882,c0d74d86-5c5b-481d-b8e3-61eeb9c77255,2024-02-28T10:16,8,70.00,Card,Cancelled
37bf9627-6edc-484f-aa9b-c10ad240279c,b3688304-b24b-416a-9bf4-c2b6aaeb59d3,2024-12-27T10:16,1,16.00,Card,Completed
f3513af7-fefe-4477-b11b-1b5907c2f750,e886c155-0dae-4b36-88f5-a86fa474d1f6,2024-01-09T10:16,8,198.32,Online,Pending
3a777220-546a-41f4-a607-86d48388c1ed,99c406e7-092b-4eeb-bc08-56fc041c253d,2024-04-08T10:16,7,192.15,Online,Pending
7886206f-b71f-45f8-8686-eddc1efe3a89,6945f6f4-b8f9-4d04-90ff-e59ed705578e,2024-05-17T10:16,2,22.50,Cash,Completed
c5cc127f-f97a-46ea-a2ee-3d2e798b9d87,caca465c-e9f2-4add-91b5-24c70595e321,2024-06-10T10:16,4,106.28,Online,Pending
34c9c699-9bf8-407a-918e-5428eddf9506,7169ef0c-f2c8-4ae3-83f6-87691664d2d2,2025-04-18T10:16,7,180.53,Online,Cancelled
ebd38389-d4df-4744-8bc8-5347d26cdeb9,d5eaf6a7-76cc-48ec-98d9-ba713e2df70f,2025-08-29T10:16,6,127.74,Card,Completed
de5edee7-4ee5-47f0-a50c-5824ec6884b7,3dcaabe3-78c9-4d88-bed5-56ca7ceea07c,2024-10-05T10:16,4,78.76,Online,Completed
f476028c-73ac-4ca2-aa30-3f4d8752605f,10b26c2d-7d56-4175-84a8-a2775e128a9d,2025-05-07T10:16,7,69.86,Online,Completed
de165242-f372-49cc-84b2-f073d3d3d6ec,0e0d5f13-edd5-4ab0-9ddd-3df111bedc5a,2024-04-30T10:16,1,19.51,Online,Pending
54575579-4dcb-4b63-b941-bbca6cfd0ec7,bc58b12c-65c4-4f21-89ef-3e492a22ef7c,2024-02-15T10:16,3,67.41,Cash,Completed
d8a5a5e7-5953-4c42-b1bf-c32b0590b970,f6c35464-33dd-44a7-bf84-071f2e427045,2025-02-12T10:16,5,81.35,Online,Cancelled
e3cd9793-3f50-43a7-8dd8-893a349c4002,8e1bbe6c-7b75-46dc-8ca1-0b1664cd6ae4,2024-07-01T10:16,2,17.34,Card,Pending
40cafc55-4856-4ce1-af19-6610e658e389,3910ab11-8758-4a4f-8a9b-c4f5df7413c4,2025-10-22T10:16,4,35.76,Cash,Cancelled
128f0d24-579b-4c41-8384-761c99e89992,3befa4dc-d961-4a3a-9410-d43d1bdaa335,2025-07-05T10:16,6,112.26,Cash,Pending
04626f32-9a22-4bb8-94ae-fb68ed0bb1e7,6c3bf618-a715-40f9-9faa-cfc5f5beef2f,2025-05-04T10:16,2,28.06,Online,Cancelled
f60a77fa-2b62-418d-a3b4-19d3710592fe,56a75a3e-a944-4147-8cba-f1024726993f,2025-01-01T10:16,7,167.23,Card,Completed
2a93fd20-5af8-41a4-9b30-7e5e608e4d5c,500fde18-ea61-4380-9ea4-f06d09985870,2024-10-17T10:16,5,29.90,Online,Completed
708a9cbe-32fd-4280-8134-863338d03fa4,8b546c63-5406-493d-bc69-cfb594b38267,2025-01-07T10:16,3,32.52,Cash,Pending
2fd682e9-e81c-44b8-aa18-977b9184ef53,515fe1d2-d33a-4b9d-8c19-07e0cbe81a9a,2025-02-05T10:16,4,39.84,Online,Completed
fa874b4c-032f-42b4-8d87-37e199aea9a2,bf0de251-90d7-423c-8b31-48df1a89964f,2024-11-29T10:16,2,20.96,Online,Completed
95362225-c380-48e9-8fcf-6ac7b558678c,401a6911-a31e-4892-adc1-56e3e1eb090a,2025-03-20T10:16,3,72.18,Cash,Pending
762c3964-3686-4feb-87f5-36a9c2f6c0da,209e786b-2a61-4e52-a3b2-1cc98bcbf18c,2025-01-30T10:16,3,36.09,Cash,Cancelled
a89da5aa-47e6-49b6-bdbe-740a520fd9e4,6117b6f0-c4f4-4bf1-9eeb-f33950decba8,2024-07-01T10:16,5,54.20,Cash,Pending
7f94b1d0-d9c6-43e5-97c3-9c39bb248ee0,a5ffc907-be77-43e6-8694-4a0bf09bd3fb,2025-05-10T10:16,9,132.66,Online,Completed
daf0ae68-ba17-4ba4-8062-ec9c72ea04ae,b90a3a7f-421e-47e5-8598-fe50f365a62e,2024-05-20T10:16,3,73.89,Online,Cancelled
cce4bfd5-d8a1-4003-b337-da925add9f74,f3826f04-0dfa-4266-8002-58fede0093f5,2024-02-20T10:16,1,24.86,Card,Completed
9ce18914-20c5-4bd8-9a69-72a049f26edd,7a2e5fa5-096b-4701-8ce6-7a3db39bf8eb,2025-07-04T10:16,6,45.60,Cash,Cancelled
80310cf0-dc0c-40c7-85f4-eb5eb0d03cff,93cdeef1-3fc3-4a63-a275-0ae87ae6b335,2024-06-07T10:16,6,107.52,Online,Cancelled
737544b0-6272-4a36-8a96-ba6d8b16cdbb,b04ce307-2d1f-4214-b023-d8f4379041a1,2024-11-11T10:16,4,75.68,Cash,Completed
b7795697-37a5-4b6b-9fbb-396859a97f4d,a5ffc907-be77-43e6-8694-4a0bf09bd3fb,2024-02-06T10:16,4,45.72,Card,Cancelled
5c4c8971-2bf7-4dd4-ba59-cef01227fdb8,e119f98a-df63-41dc-8e01-bb49ca2dc724,2025-10-12T10:16,8,65.28,Card,Cancelled
010909f2-956f-4b66-b9a7-07722b746402,9b9edd1e-b4f7-414c-b8b5-a3dc51fa0a8c,2024-08-14T10:16,1,10.58,Cash,Pending
065b7ff6-fcd3-4428-b96b-482f4254dcce,71f17b36-2c37-4cfa-bf8a-894fa94c0e9b,2025-10-29T10:16,9,266.58,Cash,Cancelled
3b5acf65-5ca4-407c-aa3f-2268bae7b3e0,6117b6f0-c4f4-4bf1-9eeb-f33950decba8,2024-02-11T10:16,3,15.93,Online,Cancelled
2fc80ea6-8e0e-43c2-89ca-d3afcc9aa069,0130fcd4-a6cf-4a72-8400-7bcae1abce34,2024-09-25T10:16,2,18.66,Online,Pending
2c8246ca-6e8e-45f6-9fb3-6d5dcf868a8b,2ca088cd-c6c6-4e60-a1a4-d2990ee21b12,2025-04-21T10:16,6,32.58,Cash,Completed
86943d8d-1ee7-47e8-8149-57d3bb427f1c,f90cf3ca-e2d0-4129-bc7a-e8a2b80880da,2024-05-24T10:16,1,10.71,Cash,Completed
099fb345-1db1-42db-9e8a-14816262688a,365c90d0-a590-4209-9401-2ce55af5ed98,2025-08-12T10:16,7,204.89,Online,Pending
41c98e0e-fcf9-4417-ac1d-86a210a7b7c5,726d71e2-70fd-4416-8568-78619c14a73a,2023-12-07T10:16,5,141.35,Online,Cancelled
8b41cd4a-efcc-46c7-a6db-dfbd07fdb0a2,5f6e51da-5f01-4c9a-85dd-7d50ef37e5d7,2025-03-19T10:16,5,54.20,Card,Completed
524e4316-4a36-4d3d-83b0-26992535f677,cd50913f-8c99-4253-9134-0cf5fe5f300f,2024-03-05T10:16,3,68.49,Card,Cancelled
5b82c316-40b8-4966-92bf-b16f95420112,c0d74d86-5c5b-481d-b8e3-61eeb9c77255,2025-03-19T10:16,5,68.35,Online,Cancelled
1c32b7c8-0511-4338-b7ba-dfcdb1a1a7e3,6b1178fc-1745-401d-88da-3903c243ebe9,2025-08-28T10:16,4,108.24,Card,Cancelled
b05e94c4-1f7e-4d78-a956-33998e53c108,11526850-7335-463f-b740-a52a90457c3b,2024-01-21T10:16,8,137.36,Card,Completed
e8205ba1-b659-4474-a743-f46b5fc24721,73a2b03c-2dca-486e-8ebc-c4d6bb68a8c6,2024-05-30T10:16,6,121.56,Card,Completed
57a0641f-548a-4d1f-a4b6-b9acce4a7469,485b65e7-fdf4-474d-afba-37986d8d3cd8,2024-06-23T10:16,1,5.86,Online,Completed
19700845-7b92-4afe-bf2d-6e9fa32b04fc,2ca088cd-c6c6-4e60-a1a4-d2990ee21b12,2024-08-06T10:16,7,183.54,Cash,Pending
253517f4-4255-4fca-a992-a650643345c1,b90a3a7f-421e-47e5-8598-fe50f365a62e,2025-08-24T10:16,8,175.92,Cash,Cancelled
d4efb897-eecd-4c65-8821-d3bb01e75924,6b1178fc-1745-401d-88da-3903c243ebe9,2024-10-12T10:16,3,42.27,Card,Completed
8d9ad311-f038-4e7e-b558-c9ca2cfbf203,89d26a00-0fde-4c03-8430-b06f6bc3f33a,2025-05-02T10:16,8,215.84,Cash,Cancelled
da4e9537-85de-43a4-9165-73344e289e4b,46032f36-69bc-465a-9b33-a5d560bfd77a,2024-09-14T10:16,5,117.85,Card,Pending
084ebc36-d317-4089-8f82-704bd490b64f,a190f67b-21df-46bc-8164-46bdfa00af85,2024-12-20T10:16,2,45.12,Online,Cancelled
0015cec7-c503-4fe1-bd9a-b833ab9a3785,52fbb114-83aa-432d-b2f1-f3e37a5c4754,2024-06-11T10:16,7,160.72,Online,Cancelled
c2032983-d772-4676-a70b-db1a1577b775,401a6911-a31e-4892-adc1-56e3e1eb090a,2025-10-24T10:16,8,211.92,Card,Completed
afb71fbc-b6a2-494d-98e3-020bc155183d,9b9edd1e-b4f7-414c-b8b5-a3dc51fa0a8c,2024-04-07T10:16,6,47.22,Card,Pending
59398b9b-7666-4c19-8085-82c8064b7987,fe624323-ba72-456d-9842-ed9e0edc75df,2024-07-31T10:16,1,29.16,Cash,Pending
5c15a130-6c1c-47f9-821b-a4335e224384,52c87fd9-fdf0-4256-b929-6153ad24a0ac,2024-06-25T10:16,4,100.60,Online,Pending
92b89479-d845-41ab-b59d-6ec8f7b4f457,52c87fd9-fdf0-4256-b929-6153ad24a0ac,2025-03-09T10:16,8,62.56,Card,Pending
8f2bec52-9148-4e27-98ff-dd7025536bc9,b0d737cd-ec4b-4a88-aa81-d012ef3fb719,2024-11-09T10:16,9,190.98,Cash,Pending
665dd14c-47a9-4a9a-b4a1-d14847c4cc32,2c6dafc9-06cc-4b3d-8b8d-12aae0644c58,2025-04-26T10:16,1,11.64,Cash,Pending
9a7de085-ae4b-4977-be01-ff59e87b71f2,6b1178fc-1745-401d-88da-3903c243ebe9,2023-12-16T10:16,5,31.80,Cash,Pending
ea4c8020-3858-4943-bfd7-ef0753310e8e,0fcf4084-ea31-49f8-99f9-9bf8c8b0c16b,2024-09-14T10:16,4,73.32,Card,Pending
c4abaf20-0554-43d0-a940-82cd10fa9794,73a2b03c-2dca-486e-8ebc-c4d6bb68a8c6,2025-04-24T10:16,6,110.88,Cash,Pending
c014a4c8-d4a5-4d03-b1e2-28ee15e2de2d,3910ab11-8758-4a4f-8a9b-c4f5df7413c4,2024-03-11T10:16,6,114.36,Online,Pending
d60609b9-990e-4a64-a6b9-033d26888dc0,27e45431-1333-4ffd-a0c8-be56ffdc5d4e,2025-03-09T10:16,3,74.16,Card,Cancelled
d6c50776-7310-49ef-8223-6486af3dab39,4b14a58c-f1e4-40b6-888d-a88cd7055099,2023-12-08T10:16,1,8.35,Cash,Cancelled
4c928209-44a8-4ff2-b69c-b26925dcd022,726d71e2-70fd-4416-8568-78619c14a73a,2025-01-22T10:16,5,72.30,Online,Pending
846d0eb3-0d91-4692-b663-10859bccfa89,964d337f-acd5-4ca2-8843-9be3f2eb60fc,2025-05-23T10:16,4,85.56,Online,Cancelled
8133d779-b4ff-432d-9541-25b2e843fd54,8b115a34-224b-453c-be69-b53a7445b466,2025-02-26T10:16,7,152.81,Online,Cancelled
be24be10-a04d-479a-9dcb-5d3ba3b035b0,4e44f26d-5455-405b-8fdb-63ab8b739ecf,2025-05-19T10:16,7,148.19,Online,Cancelled
849773f6-b1e1-44a5-b7f7-e54357b0da2f,2a109685-1399-4149-8951-fba29bb0360d,2024-02-25T10:16,9,62.37,Card,Pending
4238a40c-4e29-4216-be86-aea7587785fd,d3f641e5-b8b5-4f5f-9155-7768df2033e8,2025-06-11T10:16,8,98.64,Cash,Pending
246a23eb-e84c-45c5-92cf-51e957b70405,d6d4ef4b-0870-48aa-b884-013237f255f4,2024-04-16T10:16,7,91.35,Card,Completed
6e3b4a76-02b6-49b0-b995-5ba2c65861cc,0130fcd4-a6cf-4a72-8400-7bcae1abce34,2023-12-06T10:16,7,122.15,Cash,Pending
70d26466-21d1-44b6-9616-626cbb61509b,d3f641e5-b8b5-4f5f-9155-7768df2033e8,2024-02-22T10:16,8,114.40,Online,Completed
1df51115-cfa0-42b3-9aaa-c09f352684b2,d5eaf6a7-76cc-48ec-98d9-ba713e2df70f,2025-08-07T10:16,1,24.77,Card,Cancelled
fc1fd88c-8eaf-4f19-8696-def2a8234fc8,b6c26110-1b77-4777-8c79-c69ec19b66df,2025-10-21T10:16,7,98.70,Cash,Pending
5a4da891-bb8b-4a82-a671-d802bfe7f80d,3dcaabe3-78c9-4d88-bed5-56ca7ceea07c,2025-07-04T10:16,1,27.01,Cash,Pending
341c4cd6-91a7-4eba-b128-0af766e6634b,365c90d0-a590-4209-9401-2ce55af5ed98,2024-11-01T10:16,8,173.52,Cash,Completed
441687b7-c9f5-44af-9503-79416e3004b2,e85d0261-2d97-4475-a749-363ec9040a74,2024-03-22T10:16,1,8.13,Cash,Pending
201252fe-8d0c-48d8-9dae-0d690431902d,aac35608-9499-49c5-811a-a059e773c968,2024-02-09T10:16,9,157.32,Card,Completed
c1fbc10d-bc5a-432c-a1b7-67e28afec67d,0472ca7f-b133-4710-8f43-24a3c6c1afd1,2024-08-06T10:16,5,93.75,Cash,Cancelled
452c71d6-4374-4cf1-8c3c-8e6a0c28719e,6c6a3b10-9747-4dca-a041-4edc22d147b0,2024-02-06T10:16,2,31.00,Cash,Pending
b2d5ed83-b60a-4dd6-b42f-6b2825dc5f9a,401a6911-a31e-4892-adc1-56e3e1eb090a,2024-12-02T10:16,5,97.80,Cash,Pending
232d97a0-b279-4a9b-904d-bf8c612fb20e,4f6ae324-5b6d-47d6-a86d-26ec6fbe1e0e,2023-12-09T10:16,3,24.75,Card,Cancelled
e6884d6e-f90f-4a5d-93fe-270c12a4aff2,6117b6f0-c4f4-4bf1-9eeb-f33950decba8,2024-04-13T10:16,4,24.68,Online,Pending
c055b40d-93b4-466c-b2d9-34f1062d060c,8e1bbe6c-7b75-46dc-8ca1-0b1664cd6ae4,2024-08-04T10:16,5,122.60,Card,Pending
f52e653f-d069-448a-9fa5-81754e3bee7b,6945f6f4-b8f9-4d04-90ff-e59ed705578e,2024-07-10T10:16,2,32.26,Cash,Completed
dd0b6dcb-16db-4e00-a633-2681c4246c92,a3f626b9-cc27-4c04-8570-be79ab8bda4a,2025-09-29T10:16,9,136.89,Online,Pending
e160eb3f-1529-4d49-a92e-b27aff6999bf,964d337f-acd5-4ca2-8843-9be3f2eb60fc,2025-09-21T10:16,3,59.13,Cash,Pending
3578866f-8626-4b4a-93d3-f4d2197c5ccb,2c6dafc9-06cc-4b3d-8b8d-12aae0644c58,2024-12-28T10:16,7,51.94,Online,Cancelled
34db6223-8f58-4e4e-ab30-ddab0aed4ff3,983d66ae-c8b0-46b8-8abc-26a1055cf729,2025-09-18T10:16,7,171.01,Online,Cancelled
d1707f86-f593-4aea-928b-96f041c73140,aac35608-9499-49c5-811a-a059e773c968,2024-02-11T10:16,6,171.48,Online,Cancelled
7e35200f-1b4f-4ad6-a8ce-dd13e15471de,f067e21d-d1d4-4e87-9cae-9753f5f9ccb6,2025-01-29T10:16,1,5.97,Online,Cancelled
d343a1d3-8c5b-43a6-9011-ecd94bd0a480,3dcaabe3-78c9-4d88-bed5-56ca7ceea07c,2025-01-13T10:16,4,79.16,Card,Pending
98b7ca99-fd25-4671-94ae-1e4b0dcaac74,8f7f530b-bb30-4a05-b437-744ed30af54f,2025-09-17T10:16,3,76.41,Online,Completed
0665b1a9-05fa-4ef9-8147-399ff44c1261,e277d099-db2a-4aee-ab86-8b0e73a34383,2024-12-12T10:16,1,16.00,Online,Completed
492d5179-a019-4135-b5fd-b8be70174554,964d337f-acd5-4ca2-8843-9be3f2eb60fc,2024-08-18T10:16,5,62.95,Online,Cancelled
284ddf84-e73b-4685-bccb-18b5f183fc28,52c87fd9-fdf0-4256-b929-6153ad24a0ac,2024-07-15T10:16,6,136.56,Card,Cancelled
bbd0ed15-a545-4348-85d1-34d6fbb99f6d,14eace30-1ac2-411e-8eef-98e8f32a87fb,2024-12-17T10:16,1,24.62,Card,Completed
4d8f7c02-00c4-4cb5-ace9-40881063b60c,1eeb9c5f-5b7a-47af-b4f1-5a50d9d1089c,2024-02-02T10:16,1,18.19,Online,Cancelled
3d07d363-6c83-4e9b-b642-2cafd0d47b87,2a109685-1399-4149-8951-fba29bb0360d,2025-11-08T10:16,5,112.10,Online,Pending
78984fb5-5c92-4d9a-9179-d4a6f1d16078,fe624323-ba72-456d-9842-ed9e0edc75df,2025-05-27T10:16,9,119.25,Card,Pending
79810916-d7c5-49ce-aaef-794410e789ad,74e76582-f1b8-4560-b049-8aebb59d4721,2024-11-22T10:16,8,97.04,Card,Completed
94a96aa7-5498-4bb0-aa5d-636fb029edfb,3ab3404a-ee80-4ed2-8d90-a6f0dad14e48,2024-04-30T10:16,7,107.38,Cash,Cancelled
55d7c8ad-b06c-4c57-a351-dbd52cce3a58,0dd437d0-74fa-43c3-8909-5c955e4d47dd,2024-09-22T10:16,3,38.91,Card,Cancelled
ae51eb8b-ea1b-4ac0-938c-c7e8749f6877,bc58b12c-65c4-4f21-89ef-3e492a22ef7c,2025-03-02T10:16,3,29.01,Cash,Completed
bd0b9abf-dccc-4c5e-92b9-db61b67dd4a8,6117b6f0-c4f4-4bf1-9eeb-f33950decba8,2024-09-29T10:16,1,9.64,Cash,Completed
47f4e68b-4b30-4305-9dcb-664b8e557921,f0a6a958-e434-41bf-a830-dffa55a34db5,2025-06-07T10:16,1,21.24,Card,Cancelled
75975355-f263-4c62-841b-b65ea3d1772f,3ab3404a-ee80-4ed2-8d90-a6f0dad14e48,2024-08-16T10:16,6,38.52,Online,Cancelled
7dc7ed99-197f-4a2a-a0b0-ab552583e8ec,c1a09d60-c9e8-4489-a68e-e01b51541d33,2025-07-31T10:16,4,47.36,Card,Pending
7351cd83-697b-41ea-9f30-70669fe15a08,a938df5f-7764-459c-8bfd-90409d16b3c6,2025-03-31T10:16,6,93.36,Online,Completed
77c58ba8-ad53-4e94-b47c-58889c98cd01,06e585f0-5b60-4900-81d1-3379328e6c17,2023-11-22T10:16,3,57.00,Online,Pending
1ced5118-e751-4984-97e9-2b4350ef4b9d,4717d2a3-4b2a-44f1-b960-a2b73e2d23fd,2024-03-21T10:16,3,42.90,Online,Pending
bb141bad-4622-46e9-9c76-9640a1ca8c05,d7af10ce-45c9-4fc8-8dd8-b1c5491aad5f,2025-05-15T10:16,4,87.52,Cash,Completed
5f9f8996-e600-41b0-84d2-d9bb3ca8fb61,9fa382f0-8393-48db-ad30-43c953282401,2024-04-17T10:16,7,70.91,Online,Pending
396a9a87-646c-4dbc-9cb6-57749a17355b,3e97fc93-73a7-45e0-9888-f7a03ee258a7,2024-08-01T10:16,8,59.76,Online,Pending
561fbeaf-9092-49f3-8f55-519971112701,f3826f04-0dfa-4266-8002-58fede0093f5,2024-10-11T10:16,5,111.70,Card,Pending
82360307-b2e3-4600-aa08-f59e8e0b5a2c,a302a1a8-c429-406f-abff-9f273aa0a4b5,2023-12-23T10:16,4,112.56,Online,Pending
4999b4ee-4ab3-428e-b7c9-a9bccc846e1f,3e97fc93-73a7-45e0-9888-f7a03ee258a7,2024-02-21T10:16,6,130.02,Card,Completed
c1f80fa3-b141-4cf6-ae42-c6faff0e1897,90f0db1e-2b19-43f7-ba17-233c7c214eca,2025-07-23T10:16,5,80.15,Online,Pending
061dfebb-106e-4eb2-a58e-d968a809a3e4,7169ef0c-f2c8-4ae3-83f6-87691664d2d2,2025-09-25T10:16,1,23.78,Cash,Completed
f3be2005-31b9-486b-8587-242441c9f18b,caca465c-e9f2-4add-91b5-24c70595e321,2025-02-03T10:16,8,189.52,Cash,Pending
63c9d1a0-1127-4e12-acc8-97bade7e8046,59827b2a-ae17-44b1-bd6f-6f08718559cb,2025-08-06T10:16,3,61.86,Cash,Completed
10578eb4-80a7-40e4-9c9f-dbc6ebf00a2b,a5ffc907-be77-43e6-8694-4a0bf09bd3fb,2025-04-03T10:16,8,85.44,Card,Pending
86ae3639-50b5-4c74-a52f-34b2d5222a38,aac35608-9499-49c5-811a-a059e773c968,2024-12-25T10:16,6,179.58,Cash,Completed
451cffa5-e618-4562-af1c-b87d82dc91cd,b04ce307-2d1f-4214-b023-d8f4379041a1,2024-09-15T10:16,1,11.33,Online,Completed
cfeb36a4-d21b-4f86-8b73-48f3d8a0d23e,0b2a0e9a-e050-4380-b607-57adcbbf59d4,2025-01-01T10:16,7,164.78,Cash,Pending
ced7f5d3-6d7f-4b34-abb2-f734b0bdebb0,e6e1db85-f8ba-4264-9c9a-520ecda4bc4c,2023-12-22T10:16,3,47.43,Card,Pending
c04d8e97-0114-400f-a5be-2eb545b02625,6117b6f0-c4f4-4bf1-9eeb-f33950decba8,2025-07-17T10:16,8,40.88,Online,Completed
e0f90aff-0331-4127-a05c-67c1ebfad805,68169a66-a8d4-4763-914e-7befc826445b,2024-02-20T10:16,4,107.36,Online,Cancelled
e2a92fc6-e05b-43ff-a276-5a0684decbf9,500fde18-ea61-4380-9ea4-f06d09985870,2024-01-23T10:16,9,129.96,Cash,Cancelled
4618a171-0187-4cec-8402-5777f4e39543,7c991f43-c18b-4404-8826-97691b0dc00c,2025-02-16T10:16,4,73.88,Card,Cancelled
c1e56665-a40f-404f-ae81-3957298cf850,6e551d53-4f6d-4b84-a9de-3d7c79694805,2024-07-07T10:16,7,65.87,Card,Cancelled
bc21c012-2e7e-4fdf-a53e-bd0ea6518db6,428424b7-1f94-496a-8b7a-497ce177d32c,2023-11-26T10:16,6,91.02,Cash,Completed
27cc822c-2a1a-4dd9-8cd0-df334abe2a6b,428424b7-1f94-496a-8b7a-497ce177d32c,2025-05-01T10:16,2,34.46,Online,Pending
5cabe5db-225a-420f-b79c-661e7ddc150e,bf0de251-90d7-423c-8b31-48df1a89964f,2024-12-17T10:16,9,132.12,Card,Pending
601dc379-36db-417e-904d-ce0c6e4f29b3,ada8704c-2784-4d70-84da-10078407d2c8,2025-05-29T10:16,3,67.50,Cash,Pending
307d155c-05cc-405c-9395-20354912e70c,e119f98a-df63-41dc-8e01-bb49ca2dc724,2025-02-26T10:16,2,28.74,Card,Pending
1774ec74-01fa-477d-93cc-795075d93345,f543de06-e341-4de2-95ab-ca0fd3ee51fe,2025-02-08T10:16,6,97.44,Online,Pending
70559139-8113-44e5-9147-8bb662368de7,d6d4ef4b-0870-48aa-b884-013237f255f4,2024-09-14T10:16,6,96.84,Card,Completed
3315d882-666a-4a32-87e1-741bbe670685,5eb75bc0-d5fa-4209-9d42-7767f3f0585b,2025-10-07T10:16,1,19.65,Cash,Pending
99d5622c-b244-4e4a-ab23-59b72c24db9b,fbe227d7-6d32-4407-9783-7fdac983e55f,2024-09-19T10:16,4,28.60,Cash,Completed
31fd2f52-7ad7-4ded-bb3e-8e567ad34b1c,c3ffc43c-0c11-40fa-9824-f234161741d0,2024-01-09T10:16,5,143.50,Cash,Completed
8d1d196a-2e1c-4e01-a2cf-2a3500f6bd10,8f7f530b-bb30-4a05-b437-744ed30af54f,2025-06-02T10:16,8,156.08,Card,Completed
d14bf58f-05ab-4f2b-a479-f447e3fb6f32,824998a2-7592-4051-ab0b-d5e12743c93b,2024-12-18T10:16,9,71.55,Online,Cancelled
5e1eeead-135f-404c-9407-8dfe4b5bcf25,c63bd277-c81c-40c5-8720-6ce916d653c4,2024-06-23T10:16,1,12.51,Online,Completed
cc524ec7-9af8-4ea6-862b-039565691faa,7d2df59f-386d-4aec-85a8-2443262a0cb4,2024-04-09T10:16,7,152.95,Cash,Cancelled
8699aa64-6a75-4642-adcd-7d7bc2c0541a,e119f98a-df63-41dc-8e01-bb49ca2dc724,2024-06-11T10:16,6,162.18,Card,Pending
875f400c-b3f7-414f-86cf-92216e0a82a5,500fde18-ea61-4380-9ea4-f06d09985870,2025-04-08T10:16,9,183.78,Card,Pending
8ed5eb34-47f6-4ee0-99c8-9c38c1126a0a,983d66ae-c8b0-46b8-8abc-26a1055cf729,2024-06-30T10:16,2,45.42,Online,Completed
48131184-6297-4abf-a0bd-1468aba9651f,d5cfb1a3-ce2f-4aff-ab4c-50e0c5426af1,2025-04-08T10:16,7,62.30,Cash,Pending
108b1f67-140b-423b-9533-5be27f4cee32,7a2e5fa5-096b-4701-8ce6-7a3db39bf8eb,2024-06-02T10:16,7,202.37,Card,Pending
7a2a14ee-878a-4840-a6f1-1031031c219a,485b65e7-fdf4-474d-afba-37986d8d3cd8,2024-11-14T10:16,8,75.92,Card,Pending
0fb5dea4-28b5-4981-9e58-de7265d65f71,4717d2a3-4b2a-44f1-b960-a2b73e2d23fd,2025-07-03T10:16,5,105.05,Cash,Cancelled
b6f0b2fe-7be0-439a-a44e-8029922064a1,b6c26110-1b77-4777-8c79-c69ec19b66df,2024-07-10T10:16,2,38.18,Card,Cancelled
d30c4a04-07ed-43d1-9bdf-ad22c9fa4a6c,c83bba2f-5229-4998-9566-1f3179b13e8a,2025-01-12T10:16,8,41.36,Cash,Pending
c16fd515-e94b-4aa7-9d80-bfa00d725e2e,983d66ae-c8b0-46b8-8abc-26a1055cf729,2025-11-06T10:16,2,53.96,Card,Completed
18b3c93b-b6c5-45cb-93be-db2e1dbe838c,1eeb9c5f-5b7a-47af-b4f1-5a50d9d1089c,2025-10-06T10:16,4,92.24,Card,Completed
6babe65e-312f-4131-a1eb-2acac8a27960,e12c3d24-86c8-474f-b86b-370df36adbfe,2024-06-28T10:16,8,218.00,Cash,Cancelled
73c43072-1b26-4712-a317-3f9bc552c199,7c991f43-c18b-4404-8826-97691b0dc00c,2024-09-01T10:16,4,32.44,Card,Cancelled
5fc1dead-5561-4544-8012-769646eadf30,bb6ceda0-3f7a-4dfa-9862-41a88dd468b2,2025-02-01T10:16,9,209.52,Card,Completed
743b7c5e-dcaa-4abf-a9ad-4af7dee054a2,11526850-7335-463f-b740-a52a90457c3b,2023-12-12T10:16,1,29.05,Online,Pending
98cc952d-b961-4493-a5e8-eb499b2b0f82,f0a6a958-e434-41bf-a830-dffa55a34db5,2024-09-03T10:16,2,34.08,Card,Completed
fd8a6bdb-bce8-4839-a6f8-4af10c0ae9f9,515fe1d2-d33a-4b9d-8c19-07e0cbe81a9a,2025-04-17T10:16,4,96.72,Card,Completed
06639ce7-7a30-473d-9517-176639d7ddce,2ca088cd-c6c6-4e60-a1a4-d2990ee21b12,2024-12-20T10:16,6,141.78,Online,Pending
d53a47f2-9357-41fe-a41e-598d67cd9d18,0a0ac3e5-6e20-4fbc-87ec-5481c70e38bc,2024-08-23T10:16,5,129.05,Card,Completed
c8308fc9-6a41-496d-a168-565c632b7652,67c276b0-7be6-4f3c-bf86-c342095c8112,2024-12-29T10:16,1,14.47,Cash,Completed
9c4fabb5-4d08-49c7-bdb1-29eb06368396,0df3bae1-6384-4856-aa27-aef9f6c48b75,2025-04-24T10:16,1,15.22,Online,Cancelled
fff18968-145d-4188-98a9-34998b0f6083,ff4db0d8-e809-46e8-9ae0-78ffee4902d9,2025-07-02T10:16,5,75.90,Cash,Cancelled
bb8861cc-4ae3-49bc-88b7-9688f133e322,885715b6-b1eb-44ca-8460-28c0343e56f3,2024-09-02T10:16,1,28.92,Online,Pending
499b0914-7151-4a7b-b62d-a029bd708920,e38afcd9-9e08-47ba-bc92-5ebb4bc271eb,2025-05-12T10:16,8,78.96,Online,Completed
0217945f-4267-4d05-be72-4b2e1fbd5e3a,b95f7619-fab2-4df9-8683-1f2aeb93a660,2024-12-24T10:16,5,91.80,Card,Pending
78924204-9489-4050-98bf-eba2ab523c0a,65b2c0ea-6192-47fc-9286-2c1dd3ecefb1,2023-12-07T10:16,2,34.28,Cash,Pending
fca2f96c-e347-4a3d-be62-8ed30a37c7f1,935ebde1-5945-4673-886e-1a7a12cc2d4e,2024-11-05T10:16,2,36.42,Cash,Pending
a70f8b06-8f59-49b8-8f7a-d15d7f98cdd5,36b880b0-e9bd-4c0b-8f1c-32018f6c758a,2025-02-08T10:16,3,85.71,Cash,Cancelled
d6f20d4a-e50b-4f54-ae02-f62f38285f2a,aff4340c-d102-49ba-af8e-84d2737ce82c,2024-03-15T10:16,5,102.75,Card,Cancelled
e44867f3-ad5e-4cf3-9862-9c9b830d8b59,99c406e7-092b-4eeb-bc08-56fc041c253d,2024-05-29T10:16,2,49.16,Cash,Pending
4ac24444-e555-409e-bd07-6086433d3c7f,1a48aa9a-def3-481d-922a-94300aa97309,2024-02-15T10:16,7,124.25,Card,Pending
dfa227df-56fa-40b4-a0dc-9dc51714d327,d5cfb1a3-ce2f-4aff-ab4c-50e0c5426af1,2024-08-17T10:16,8,80.08,Card,Cancelled
cc84b6b7-91fa-46ad-aba2-2bf18bdc5d52,8e1bbe6c-7b75-46dc-8ca1-0b1664cd6ae4,2025-08-18T10:16,8,147.52,Online,Pending
36ba651e-7f92-4e8c-92d8-5bd3edd95df9,4e6807ca-aed8-4ec9-b1b0-0e3aba57efb1,2025-06-30T10:16,8,93.76,Card,Pending
e306f1d6-badc-47bf-9e70-db516f69834e,8e1bbe6c-7b75-46dc-8ca1-0b1664cd6ae4,2024-09-15T10:16,3,27.51,Cash,Cancelled
a1e65873-4c07-477c-ac06-66d1ef9b217c,4e6807ca-aed8-4ec9-b1b0-0e3aba57efb1,2023-12-18T10:16,8,146.16,Online,Cancelled
66de3e63-e08f-45e7-aa27-d1a59e9e7593,e119f98a-df63-41dc-8e01-bb49ca2dc724,2025-11-09T10:16,8,44.64,Online,Completed
2899734b-32e6-4028-b53a-08df45d2a4cf,3e97fc93-73a7-45e0-9888-f7a03ee258a7,2024-02-12T10:16,2,27.18,Card,Pending
0deacab3-3cbc-47cc-a97e-d7ca1d095ac7,4739f27f-7a96-4d52-83ae-0c6fd4c8c606,2024-10-12T10:16,2,46.62,Card,Cancelled
70a5ff1d-ca39-4c36-8499-fe25d2e74c54,5f0f3def-9ff6-4282-ad04-001c4a769966,2024-02-14T10:16,9,77.85,Online,Pending
e7f7fd7c-bb0a-439d-a857-1dafef0cfc11,ebbc7df0-770d-44f8-b0ff-c62f9006e40e,2024-09-11T10:16,8,78.32,Card,Pending
0e748706-c85a-4f30-b19f-0bf9433dad4c,941529ef-2114-4bff-907a-4596ff4593a1,2025-06-03T10:16,9,76.32,Online,Pending
ce451ee8-58d9-4672-9f64-09e7ca5d581c,3ab3404a-ee80-4ed2-8d90-a6f0dad14e48,2025-04-23T10:16,6,168.90,Card,Cancelled
5adaf934-da2e-49b2-95bc-9c8a3c628bc1,3befa4dc-d961-4a3a-9410-d43d1bdaa335,2024-05-26T10:16,1,10.64,Cash,Cancelled
7bf4fbec-36ed-4217-b2ff-8cf373b20a0c,9c53f3f8-5b22-4d77-bd76-cfa6c70e443c,2025-02-05T10:16,9,95.22,Online,Cancelled
f7c59cd3-3080-47b2-b747-0a02ed4b1bda,6aaabc79-3d35-410f-bb96-f86a3930d0ff,2024-02-10T10:16,9,258.66,Card,Cancelled
a85022d9-6a9d-444d-a43f-3ed7b92bb1a2,e38afcd9-9e08-47ba-bc92-5ebb4bc271eb,2024-05-22T10:16,1,28.88,Card,Cancelled
3d04e442-c36d-4032-959d-11daed80fc0f,27e45431-1333-4ffd-a0c8-be56ffdc5d4e,2024-07-21T10:16,9,88.20,Card,Cancelled
90e4a65a-86d7-4691-8bf4-6001ab410d23,89d26a00-0fde-4c03-8430-b06f6bc3f33a,2024-11-01T10:16,1,25.88,Online,Pending
c44dbc5e-4128-4d8d-903a-e7d863edb56b,caca465c-e9f2-4add-91b5-24c70595e321,2024-11-24T10:16,8,202.48,Online,Pending
c93f89dc-139d-4cdd-be6a-e5f4d1b8ae99,6c3bf618-a715-40f9-9faa-cfc5f5beef2f,2025-08-02T10:16,3,33.39,Online,Completed
3bb865c9-56ec-40a5-beca-b4f0c50baa9e,5f0f3def-9ff6-4282-ad04-001c4a769966,2025-05-01T10:16,3,89.70,Online,Cancelled
14146d32-ff33-4e20-bd33-8de316b845c8,27e45431-1333-4ffd-a0c8-be56ffdc5d4e,2025-05-04T10:16,6,110.52,Cash,Completed
030d9fbd-3342-4cc6-a9b7-95d808b6cdc3,9fa382f0-8393-48db-ad30-43c953282401,2024-09-30T10:16,2,59.86,Card,Completed
9314eddf-eb58-47b1-a424-8f0f4e80e619,7a2e5fa5-096b-4701-8ce6-7a3db39bf8eb,2025-09-01T10:16,4,116.44,Cash,Pending
bdf3ba05-8efb-41b4-a582-7d987d99fc23,209e786b-2a61-4e52-a3b2-1cc98bcbf18c,2024-11-01T10:16,9,110.61,Card,Pending
a55de894-1362-40fc-8348-0087774cfcd8,000f9c8f-2fc7-4346-844d-c04f10751265,2024-09-21T10:16,1,23.74,Cash,Completed
03dae477-b850-404e-9f6e-ab3df482e4ca,02c65c06-56ad-4670-b8e2-10ab417c7154,2024-06-01T10:16,8,174.08,Card,Cancelled
31751ecc-e01d-49fd-bae7-62f76308d16f,69446e90-4237-4410-ab55-e011eb04cce0,2025-03-28T10:16,8,211.84,Card,Pending
d3fd0289-d75d-4150-8d7d-f78ce68c5c19,0fcf4084-ea31-49f8-99f9-9bf8c8b0c16b,2025-07-28T10:16,1,11.47,Online,Completed
e129a25d-3d02-4c22-870a-952fbc01bb6b,e277d099-db2a-4aee-ab86-8b0e73a34383,2024-06-29T10:16,5,88.90,Online,Completed
9f8fdc6c-21bd-4f31-9712-08fd3a3d06e4,c46351bf-193f-49af-a5d6-456188837c3d,2024-02-01T10:16,1,12.66,Cash,Pending
e3d9bbe3-f2e6-4425-912d-1cd0ea7aee22,60cd80b6-3967-4dae-b4df-adc7b5644971,2025-02-21T10:16,4,93.88,Card,Cancelled
dbfb8c2f-fc13-4c5e-b4db-c7057221e7a4,d87f31d7-79ef-4c17-856e-142e791b04da,2024-10-18T10:16,4,27.32,Cash,Completed
b1a19303-5e4e-4080-a8e1-21f10be1b17f,c3ffc43c-0c11-40fa-9824-f234161741d0,2025-05-08T10:16,6,127.56,Online,Cancelled
cf153310-4279-4d39-9de5-2ee20f0bf631,c83bba2f-5229-4998-9566-1f3179b13e8a,2024-07-06T10:16,2,46.88,Online,Pending
22af6fbe-9f5b-411f-85e4-e1e7f92f39cb,bc58b12c-65c4-4f21-89ef-3e492a22ef7c,2024-07-31T10:16,5,60.90,Cash,Completed
d4f67175-d366-4b32-ba71-308c52f46d27,6c6a3b10-9747-4dca-a041-4edc22d147b0,2024-04-26T10:16,9,93.33,Card,Cancelled
f3b27a6e-cd92-40cc-a085-15c6cae61601,f90cf3ca-e2d0-4129-bc7a-e8a2b80880da,2024-10-02T10:16,3,18.15,Cash,Cancelled
5c68e387-ffd5-49ea-8ba6-98a5f091b087,365c90d0-a590-4209-9401-2ce55af5ed98,2024-10-02T10:16,4,117.40,Online,Cancelled
330497a1-a3a3-4186-b647-7a0c03e8d8a6,ebbc7df0-770d-44f8-b0ff-c62f9006e40e,2025-10-17T10:16,9,196.38,Cash,Cancelled
1c30af8a-42a3-4bbc-93b7-2374d8d0ab52,8626238e-5813-415a-9a8c-db944b1e0269,2023-12-15T10:16,8,105.28,Card,Pending
bd95e9a1-3900-4553-b4f2-9e7e8d532a81,964d337f-acd5-4ca2-8843-9be3f2eb60fc,2024-11-24T10:16,3,26.73,Cash,Cancelled
7bb58020-811b-48dc-84c0-b254fa1d9066,5f6e51da-5f01-4c9a-85dd-7d50ef37e5d7,2024-11-11T10:16,1,21.43,Card,Cancelled
522ac11b-e4bd-4013-8bee-e6d8a3a0a5a6,8b115a34-224b-453c-be69-b53a7445b466,2025-01-19T10:16,5,94.20,Cash,Cancelled
e0fbd374-ebeb-4bda-a408-17a01afe678d,6c6a3b10-9747-4dca-a041-4edc22d147b0,2025-04-30T10:16,1,14.64,Online,Cancelled
299c45fe-788a-4195-92ab-e824e11856e3,52c87fd9-fdf0-4256-b929-6153ad24a0ac,2024-10-06T10:16,4,84.84,Card,Completed
b0eae61e-b63b-4143-af76-ca0366f82b54,0a0ac3e5-6e20-4fbc-87ec-5481c70e38bc,2025-01-11T10:16,8,230.32,Card,Completed
3b0f53e2-f414-409c-9c70-9d7f4f64cfa0,ff4db0d8-e809-46e8-9ae0-78ffee4902d9,2024-11-23T10:16,2,44.66,Cash,Cancelled
1435d20c-5478-4801-891e-d12d100240dd,d7af10ce-45c9-4fc8-8dd8-b1c5491aad5f,2025-04-02T10:16,2,59.36,Card,Pending
3f073423-49e7-4aa7-9bdb-2cfd6fae51f5,500fde18-ea61-4380-9ea4-f06d09985870,2024-12-23T10:16,4,119.00,Online,Pending
2c30f8e0-7534-45f9-8dfa-60bf526e6485,b90a3a7f-421e-47e5-8598-fe50f365a62e,2025-09-18T10:16,4,96.76,Cash,Pending
cef544d7-e73c-42ab-ab5b-3fe2f1cf3a45,74e76582-f1b8-4560-b049-8aebb59d4721,2025-10-16T10:16,1,7.71,Online,Cancelled
d4069f19-c78e-46fa-ac81-67d269e81392,c0d74d86-5c5b-481d-b8e3-61eeb9c77255,2024-02-20T10:16,6,86.28,Card,Cancelled
55c6bd1b-5f43-4123-9a62-410b3543f85e,09ba4183-1b94-4f8c-bc5f-eca421a88524,2024-06-14T10:16,4,30.16,Cash,Cancelled
03135c3e-0b65-4bbf-8f51-c990b979732f,c46351bf-193f-49af-a5d6-456188837c3d,2025-05-11T10:16,1,5.20,Cash,Cancelled
20364eb4-218e-4e14-9506-9bd639ee0be5,1407e9cf-22c9-4137-a2fe-cc12dc038235,2024-07-06T10:16,4,102.88,Card,Completed
32980537-f5b9-4fe8-a263-3e6a40304e8d,941529ef-2114-4bff-907a-4596ff4593a1,2024-05-30T10:16,2,11.46,Online,Cancelled
448c882a-25f4-4b55-935a-978fb40ea017,caad7924-4bc5-4f85-9662-11ca261e3c87,2023-12-13T10:16,9,251.01,Online,Pending
f4357dbd-8f71-40a9-b112-8ad02c10269e,8e1bbe6c-7b75-46dc-8ca1-0b1664cd6ae4,2025-06-21T10:16,2,25.62,Online,Cancelled
22dd8047-d898-41d6-9bb0-26f8837c1622,1407e9cf-22c9-4137-a2fe-cc12dc038235,2024-11-28T10:16,9,109.26,Online,Cancelled
e4d41a01-866a-49de-a457-d0a902982db3,bfa3444b-2be9-46be-b944-720d86a59770,2024-05-13T10:16,1,18.28,Cash,Completed
8546d99b-184d-4028-bcb2-f952099c0aa8,bf0de251-90d7-423c-8b31-48df1a89964f,2025-10-22T10:16,5,112.90,Online,Cancelled
ef537815-2e32-4ba9-b133-9ffa4ff08b62,c46351bf-193f-49af-a5d6-456188837c3d,2025-08-09T10:16,5,141.85,Cash,Pending
abbc32b3-bae0-42c1-8d02-a9300ecc9979,bf0de251-90d7-423c-8b31-48df1a89964f,2025-06-16T10:16,7,150.92,Card,Cancelled
d7c26772-ec7d-428c-81a8-426a9ae44aac,11526850-7335-463f-b740-a52a90457c3b,2024-06-09T10:16,3,70.35,Online,Cancelled
e14e668d-6f31-4b2e-bb8f-8ae7f9e4c33b,d87f31d7-79ef-4c17-856e-142e791b04da,2024-09-09T10:16,9,181.89,Online,Cancelled
bc18ba26-bb1a-45b6-a763-1b22d11cb7a1,b3688304-b24b-416a-9bf4-c2b6aaeb59d3,2025-09-06T10:16,8,156.00,Card,Completed
6ba13788-a097-4204-be51-d9826148a7d8,953417c6-cd52-45e9-9ca0-bb450653c934,2025-05-22T10:16,1,10.96,Cash,Cancelled
d23f5c47-c02d-4f9d-9488-0339046e8a5f,c0d74d86-5c5b-481d-b8e3-61eeb9c77255,2025-03-10T10:16,8,229.84,Card,Completed
85e540f2-d5ff-4d3f-b2b9-cdc4e4fa5a23,3befa4dc-d961-4a3a-9410-d43d1bdaa335,2024-02-07T10:16,9,59.40,Card,Cancelled
24890b75-b3b9-4ef3-aee0-7908c1974fa8,726d71e2-70fd-4416-8568-78619c14a73a,2025-08-07T10:16,7,112.84,Cash,Pending
906da777-05f3-40cf-81f6-4db2ed334d12,0e0d5f13-edd5-4ab0-9ddd-3df111bedc5a,2024-04-12T10:16,1,21.94,Cash,Cancelled
830180c2-0a60-4f58-86a6-dca2427dda8d,b3688304-b24b-416a-9bf4-c2b6aaeb59d3,2024-08-05T10:16,2,37.74,Card,Cancelled
0ebbadde-8f83-46d3-a4c3-e135c98f8fb2,8e1bbe6c-7b75-46dc-8ca1-0b1664cd6ae4,2025-10-30T10:16,2,51.96,Cash,Completed
0b2a3edb-234b-4814-9818-4d9855383bf0,209e786b-2a61-4e52-a3b2-1cc98bcbf18c,2024-02-17T10:16,6,88.32,Cash,Pending
1d1b549c-f847-4564-995e-eaed5317119e,0e0d5f13-edd5-4ab0-9ddd-3df111bedc5a,2025-04-04T10:16,3,24.33,Cash,Completed
de0d8872-93bf-498a-a1c7-e83fd63eb930,6bd388d4-5636-450b-bacd-55bdcb769bab,2024-03-03T10:16,5,41.00,Online,Cancelled
dfa269a6-3685-486d-acaa-470111e4a61f,65b2c0ea-6192-47fc-9286-2c1dd3ecefb1,2025-05-16T10:16,8,94.48,Cash,Pending
2ac4760d-56eb-45da-9dfe-bb3d858727ea,98b17fed-218c-4f20-8410-9f0edfc74455,2025-03-27T10:16,1,7.64,Card,Cancelled
311dc4dc-b8bd-4acd-a938-dcf8ff6d2ac3,bfa3444b-2be9-46be-b944-720d86a59770,2024-05-10T10:16,9,229.23,Cash,Cancelled
5032182c-2c5f-4d65-aaf5-069bdb9ac11a,59827b2a-ae17-44b1-bd6f-6f08718559cb,2025-06-07T10:16,1,28.23,Cash,Cancelled
4ad0ee08-fc99-4a39-8ec8-db283243c7a6,98b17fed-218c-4f20-8410-9f0edfc74455,2025-04-03T10:16,1,17.03,Cash,Completed
ec580e06-250c-44ce-a685-99120813da66,8887df7e-682b-4d48-b18c-c1ddfa0aaa26,2024-09-24T10:16,2,49.44,Online,Cancelled
73d9e934-8c02-44bd-ae3c-1e6c6bd28b7f,726d71e2-70fd-4416-8568-78619c14a73a,2023-12-06T10:16,7,94.29,Card,Pending
17961653-cfd3-4563-990f-74167024bc38,5f0f3def-9ff6-4282-ad04-001c4a769966,2023-12-21T10:16,9,162.00,Card,Cancelled
e9277bf9-2873-4231-9a5a-ee6dcd0b82ca,f543de06-e341-4de2-95ab-ca0fd3ee51fe,2023-12-23T10:16,6,155.82,Card,Pending
4bdba2fb-9e0c-4225-ba24-f0bff307fe22,795088d7-d227-422e-ad8c-f048bde0675e,2025-05-13T10:16,3,83.73,Card,Completed
58c1d3cf-0483-4ca4-acf9-ea12ac516b3b,53db1213-7316-47bb-9099-c1def0e3c96b,2025-10-17T10:16,6,122.04,Online,Pending
fddc18b4-e5ca-44c8-b283-439eab45572c,7169ef0c-f2c8-4ae3-83f6-87691664d2d2,2025-05-21T10:16,1,17.87,Cash,Pending
1ff4de33-b50d-418f-b2f4-5aa358090cbd,90f0db1e-2b19-43f7-ba17-233c7c214eca,2025-05-28T10:16,4,117.60,Online,Cancelled
856c3194-c0b9-48c2-9ae1-ed144daa2851,824998a2-7592-4051-ab0b-d5e12743c93b,2024-08-12T10:16,4,35.44,Cash,Pending
040b20f4-01e2-4ac0-8a14-9d35770fbef8,885715b6-b1eb-44ca-8460-28c0343e56f3,2024-09-01T10:16,3,79.62,Online,Cancelled
00c15869-f250-4e20-9e0e-f067e0eb2a08,c83bba2f-5229-4998-9566-1f3179b13e8a,2024-02-17T10:16,3,35.55,Card,Cancelled
cdf8289c-9e5a-4254-8776-97f9842cd494,f6c35464-33dd-44a7-bf84-071f2e427045,2024-05-10T10:16,2,48.82,Online,Pending
807a26eb-f5e0-470c-99f8-e3cd941c6a01,ebbc7df0-770d-44f8-b0ff-c62f9006e40e,2024-01-26T10:16,3,69.93,Cash,Pending
ccd311fc-1ad7-489a-b33b-49f8a111fd95,00d7ae70-0f46-4453-963c-4ab2a3d29314,2023-12-16T10:16,1,28.54,Cash,Completed
605c3979-b752-4458-979b-653a061ec0a6,1a48aa9a-def3-481d-922a-94300aa97309,2025-09-26T10:16,2,34.50,Cash,Pending
04dab3b9-7b41-4284-b62a-5a4edc51c76b,7169ef0c-f2c8-4ae3-83f6-87691664d2d2,2023-12-25T10:16,1,28.88,Online,Completed
844d18dc-9fe4-44e7-b46d-549d594e0b35,103fcba5-5588-45a5-9fe0-6ac948d3860e,2024-07-23T10:16,7,207.13,Online,Cancelled
57c94a16-51b3-49ec-8c2e-d84480bf3bb8,f543de06-e341-4de2-95ab-ca0fd3ee51fe,2024-08-14T10:16,8,92.40,Online,Completed
e9b69c62-278c-4833-b4c9-7dc884529f73,000f9c8f-2fc7-4346-844d-c04f10751265,2025-05-24T10:16,4,80.60,Card,Pending
568e9dd3-410b-4ce5-8b17-99e9149edafe,e277d099-db2a-4aee-ab86-8b0e73a34383,2024-02-04T10:16,1,20.37,Card,Cancelled
1a17d239-7e2e-4d63-8008-3aaae12cd9fe,59827b2a-ae17-44b1-bd6f-6f08718559cb,2025-01-23T10:16,3,66.09,Card,Completed
c7b9f35e-fead-4a00-bb29-5f256cbf4d34,4717d2a3-4b2a-44f1-b960-a2b73e2d23fd,2025-04-14T10:16,7,210.00,Cash,Cancelled
8938ed10-4be3-49b7-9263-4ccc2891d9f4,05ccd8a5-ea5f-4353-bd1e-3022152b0685,2024-07-26T10:16,4,105.76,Cash,Cancelled
0c98ff86-ee6c-43fb-bb80-1e2fbf382498,6aaabc79-3d35-410f-bb96-f86a3930d0ff,2024-10-18T10:16,8,195.84,Card,Cancelled
d502f2e2-8178-44e2-b3a0-4fad7b76df8c,485b65e7-fdf4-474d-afba-37986d8d3cd8,2025-04-25T10:16,9,207.45,Card,Pending
3e1c61c6-b13d-457e-9c55-46137529f4c6,7169ef0c-f2c8-4ae3-83f6-87691664d2d2,2024-01-13T10:16,6,119.10,Card,Completed
022fc270-ff7a-450c-bdb9-05aaf0c9a83d,f543de06-e341-4de2-95ab-ca0fd3ee51fe,2024-11-12T10:16,2,32.80,Cash,Cancelled
f496f180-c03e-4e04-9b9d-452cd6b88134,3ab3404a-ee80-4ed2-8d90-a6f0dad14e48,2024-05-06T10:16,1,6.09,Card,Cancelled
74496491-a529-4019-86f7-25e3a832919b,6e551d53-4f6d-4b84-a9de-3d7c79694805,2024-07-25T10:16,9,45.00,Card,Completed
3490daf4-ac44-4b40-938c-e751e50bc2be,caca465c-e9f2-4add-91b5-24c70595e321,2024-07-28T10:16,6,59.46,Online,Completed
2e05347f-2264-4bd4-8566-0396701a7cf3,1a48aa9a-def3-481d-922a-94300aa97309,2025-04-05T10:16,4,42.52,Online,Pending
0207c5ae-af72-4704-9e6b-3ea71fc3e001,4739f27f-7a96-4d52-83ae-0c6fd4c8c606,2024-05-07T10:16,6,143.82,Cash,Pending
0feeeb1b-cba5-4af0-aba8-16c851f80e2d,b047b369-02d0-4f25-9af0-f1e883228863,2024-11-28T10:16,6,140.76,Cash,Completed
fd77d17b-40c6-4b34-aeed-d64ee50fd22c,5eb75bc0-d5fa-4209-9d42-7767f3f0585b,2024-08-08T10:16,4,53.76,Cash,Completed
95424fdc-9b37-4688-83ea-62a1fecb8fb3,7509850a-5062-4da9-aad6-bc5b9e363ef1,2024-05-26T10:16,2,31.28,Online,Cancelled
4c77cb5a-3d2e-4254-a15b-221be7556def,6bd388d4-5636-450b-bacd-55bdcb769bab,2024-09-10T10:16,2,23.90,Online,Cancelled
64aa6b4b-6bc6-469f-a9d1-78a31951ba98,e6cb1215-5314-4d05-bfd1-f6e5d36e89f7,2024-02-10T10:16,2,28.26,Online,Completed
51cd1776-20ec-4c41-b0cb-2879bfe72407,77ca464a-fe0d-4dcc-8f08-3eb2f7b64f76,2025-02-01T10:16,7,139.72,Card,Completed
0b47dea0-735c-4dac-a808-278047b97880,7d2df59f-386d-4aec-85a8-2443262a0cb4,2025-03-10T10:16,9,227.88,Card,Cancelled
72207e1d-c115-4ef8-b4f2-4778e2c373fa,73a2b03c-2dca-486e-8ebc-c4d6bb68a8c6,2025-01-22T10:16,8,203.60,Cash,Cancelled
e7c286fe-5bca-4e66-9815-f6d5409f4b94,fbe227d7-6d32-4407-9783-7fdac983e55f,2025-03-22T10:16,6,72.66,Card,Cancelled
690df511-e91b-4e1a-870d-6d52c95d7097,2ca088cd-c6c6-4e60-a1a4-d2990ee21b12,2024-09-04T10:16,9,196.65,Card,Pending
a95a0802-7a50-41df-9572-7f23badc809b,7a2e5fa5-096b-4701-8ce6-7a3db39bf8eb,2024-01-13T10:16,1,15.12,Cash,Cancelled
c7b5d536-6c78-462a-9b1e-b334ec211afb,f0a6a958-e434-41bf-a830-dffa55a34db5,2024-07-14T10:16,6,38.52,Card,Cancelled
ff515e81-221a-4e58-9787-e3fd15656f9f,3ab3404a-ee80-4ed2-8d90-a6f0dad14e48,2025-05-05T10:16,5,117.10,Cash,Completed
30a21981-1825-4cf3-8daa-c5be6fd97568,ff4db0d8-e809-46e8-9ae0-78ffee4902d9,2024-06-15T10:16,9,86.94,Cash,Pending
43dad95c-639c-4f6c-a433-ec2a97008110,cf65c4b6-4c1c-420b-95de-23e5b56ffad5,2024-08-10T10:16,1,12.03,Online,Cancelled
e940b4d2-1eb2-44ad-b0d9-073a5f2fb4d8,caad7924-4bc5-4f85-9662-11ca261e3c87,2023-12-26T10:16,7,88.69,Cash,Cancelled
2b95fdea-f4a6-4653-a4eb-1c65b61d8ee5,8113211c-bdc3-4bb0-94d9-3fd3871f3005,2023-11-14T10:16,5,120.90,Cash,Cancelled
91aa6886-6957-4c39-8a20-ffaa35d9ca77,02c65c06-56ad-4670-b8e2-10ab417c7154,2024-04-08T10:16,9,208.71,Cash,Completed
b2493451-534d-4acb-b319-55ae8c4d735e,6e551d53-4f6d-4b84-a9de-3d7c79694805,2024-03-26T10:16,1,25.06,Online,Pending
e839b8f6-39ff-49a2-9419-b6fd13f78948,000f9c8f-2fc7-4346-844d-c04f10751265,2025-04-04T10:16,9,162.09,Cash,Cancelled
67cc438f-798b-4580-a55f-fe21872e012f,10b26c2d-7d56-4175-84a8-a2775e128a9d,2023-12-20T10:16,5,35.25,Card,Pending
63915b04-f767-46b9-9423-5313af0ccbcb,485b65e7-fdf4-474d-afba-37986d8d3cd8,2025-03-02T10:16,2,34.90,Cash,Cancelled
fa174c25-2aa8-48f9-b410-1c32fc04cd71,ba5d9947-b043-4aca-8ee0-6b77895cf8e8,2024-11-29T10:16,8,121.36,Cash,Pending
b429e693-5db6-4314-9438-d1a5be149cee,74e76582-f1b8-4560-b049-8aebb59d4721,2024-07-23T10:16,2,39.82,Online,Pending
bd3fa894-23f5-44e2-98cd-eaf8d9c0b40a,e7991221-0de0-4ef8-aa9c-ca3b59197059,2025-05-04T10:16,4,24.16,Online,Pending
d9515f5a-ac2f-4442-9804-be94ec7f13f9,1a31c678-d420-495a-aff3-0f1609514e1e,2025-07-10T10:16,3,89.46,Card,Cancelled
cd4455a5-7092-4516-8c80-2bfac58f7b8a,caad7924-4bc5-4f85-9662-11ca261e3c87,2024-08-31T10:16,1,27.87,Card,Pending
f7789543-0ff1-4f13-9594-4bcfb25e90a0,e85d0261-2d97-4475-a749-363ec9040a74,2025-09-16T10:16,1,29.62,Online,Completed
d4823dde-da9c-498b-90dd-e94e952344d9,fbe227d7-6d32-4407-9783-7fdac983e55f,2025-09-05T10:16,4,118.40,Cash,Completed
3a101a38-da32-45ff-a10c-8fe838e9a914,941529ef-2114-4bff-907a-4596ff4593a1,2025-07-22T10:16,3,37.56,Cash,Pending
e86ea642-a26e-4882-a1e2-3603f57cbba9,f0a6a958-e434-41bf-a830-dffa55a34db5,2025-03-07T10:16,6,128.10,Cash,Cancelled
a7ae35d8-728e-4d11-9b06-471d06d7c2d1,c3ffc43c-0c11-40fa-9824-f234161741d0,2025-01-13T10:16,7,207.06,Online,Cancelled
bb4e17be-6fa0-41b4-9e33-fffe70cbd301,ecf1ffb0-ac00-4968-87ea-8beef4ace55a,2024-03-04T10:16,5,104.50,Card,Pending
0a2bd6c2-cdc3-4166-8265-11cf973ae318,1233cc27-7567-48e0-8dd2-6b0019506c2f,2024-07-20T10:16,7,199.43,Card,Completed
b9de9e66-0742-4583-be11-cd432bd2ce2a,3910ab11-8758-4a4f-8a9b-c4f5df7413c4,2025-06-25T10:16,6,129.06,Card,Completed
85cb3b9c-b6ee-4a01-b32f-56eb0101c50a,c46351bf-193f-49af-a5d6-456188837c3d,2025-07-06T10:16,2,54.20,Cash,Pending
d1910d6e-8e08-4d69-b29c-77ca035b98a9,7c991f43-c18b-4404-8826-97691b0dc00c,2024-06-15T10:16,4,36.04,Card,Cancelled
e09f523d-620e-4783-b7f7-af927da72e84,21edfc22-3f73-4335-a774-3cf78ab65e86,2024-11-27T10:16,2,45.38,Card,Completed
bbc1fa03-0a61-428d-abd0-25eefea3bee1,0a5bd884-b432-4ce5-b14e-44b4aedd4c0f,2025-07-21T10:16,3,38.91,Cash,Cancelled
a97f55b0-0e16-4724-8438-b055e79d1d3d,3910ab11-8758-4a4f-8a9b-c4f5df7413c4,2025-09-11T10:16,5,60.40,Card,Cancelled
0b03255c-b610-4b66-9612-17c71120137e,885715b6-b1eb-44ca-8460-28c0343e56f3,2024-12-03T10:16,1,26.65,Online,Pending
979d87dd-b4f5-45a4-99ed-24e1fdc6af49,428424b7-1f94-496a-8b7a-497ce177d32c,2025-03-25T10:16,3,75.78,Online,Pending
3d86b618-cc94-4aa8-ad8b-2309d6feb2af,3befa4dc-d961-4a3a-9410-d43d1bdaa335,2024-02-12T10:16,6,133.92,Cash,Pending
55b20589-cdb1-4979-9148-b4762031105d,d5cfb1a3-ce2f-4aff-ab4c-50e0c5426af1,2024-04-12T10:16,6,160.08,Card,Completed
5c74607b-cc8e-4eb6-8386-fba160528de5,4b14a58c-f1e4-40b6-888d-a88cd7055099,2024-03-20T10:16,4,45.52,Card,Completed
744ca52e-1c4b-40d5-9441-a7c867273fc9,4bb2d776-14c0-4ef6-b8ba-c580cbed72b8,2024-03-25T10:16,9,190.53,Card,Completed
894c147f-9119-4077-9e55-612d9cc23f03,caad7924-4bc5-4f85-9662-11ca261e3c87,2024-02-17T10:16,5,42.55,Card,Pending
7c0e2c1a-5c63-4eac-ab90-8dc8537258bb,e38afcd9-9e08-47ba-bc92-5ebb4bc271eb,2024-08-16T10:16,3,40.05,Online,Cancelled
df74dbd8-08c3-4e56-a500-3c1a497b6179,3910ab11-8758-4a4f-8a9b-c4f5df7413c4,2024-09-22T10:16,3,67.86,Cash,Cancelled
1a23b5da-884a-4f81-8a96-f7099a1b1984,b0d737cd-ec4b-4a88-aa81-d012ef3fb719,2024-04-25T10:16,1,26.06,Card,Completed
3d39315e-6407-4ffe-83cc-0f6e5e4c1129,4b14a58c-f1e4-40b6-888d-a88cd7055099,2024-08-09T10:16,2,50.68,Online,Pending
8ae052a9-5bec-4bb5-9b6f-b97494f78eec,205ea7f7-e714-45b8-a083-11247ff702a1,2025-10-24T10:16,2,22.02,Card,Pending
fe72e329-87cc-43b6-8c19-5a25ead00b91,49af098b-bf79-4643-8e49-739ea932d38b,2025-02-28T10:16,2,58.26,Online,Cancelled
68f2b82c-7f4d-404d-bb29-13254a5a4229,4e6807ca-aed8-4ec9-b1b0-0e3aba57efb1,2024-12-27T10:16,3,75.21,Card,Pending
9ae45833-4d61-46eb-a091-9c080f332d21,5d6f84a5-a4de-442e-99b9-b8ef714b4436,2025-09-24T10:16,3,20.85,Cash,Pending
3be338d0-b46d-459e-9451-1c2bb9af0319,0a0ac3e5-6e20-4fbc-87ec-5481c70e38bc,2025-09-19T10:16,5,76.70,Online,Pending
f8cfdb9a-24dc-485d-b409-81b342d29529,49af098b-bf79-4643-8e49-739ea932d38b,2025-07-28T10:16,1,29.98,Card,Pending
e4667189-b751-4587-abeb-663ea3d52efe,2a109685-1399-4149-8951-fba29bb0360d,2025-03-03T10:16,5,99.95,Card,Pending
6602377b-4a6f-4c9f-bec7-2c04127e32b7,1eeb9c5f-5b7a-47af-b4f1-5a50d9d1089c,2024-07-18T10:16,2,38.38,Card,Cancelled
757590a3-e608-4005-8f21-3141d96d8b82,74e76582-f1b8-4560-b049-8aebb59d4721,2024-05-09T10:16,7,135.38,Online,Completed
5af0fd98-2522-49b9-88e4-23f8226ca8f1,bb6ceda0-3f7a-4dfa-9862-41a88dd468b2,2024-01-21T10:16,9,179.64,Online,Pending
27598d09-e6d7-4507-b150-fe8f14abfe30,7a2e5fa5-096b-4701-8ce6-7a3db39bf8eb,2025-09-15T10:16,7,49.00,Online,Cancelled
7b290b7f-1074-40c9-89db-9c7e5c958cc9,52fbb114-83aa-432d-b2f1-f3e37a5c4754,2024-03-21T10:16,1,13.87,Online,Cancelled
7fcabc11-0444-42b3-baaa-a570709634d3,4e6807ca-aed8-4ec9-b1b0-0e3aba57efb1,2025-03-10T10:16,6,83.40,Cash,Cancelled
dffa8dad-d2f7-490e-8ae2-d8779edc9fb3,428424b7-1f94-496a-8b7a-497ce177d32c,2025-10-16T10:16,5,51.95,Online,Pending
4bddfd62-5d63-4877-ae08-979a07ef51a6,c0d74d86-5c5b-481d-b8e3-61eeb9c77255,2024-04-02T10:16,5,120.55,Card,Pending
d7b5ff6d-a1e1-4f2d-90d8-d0d4c8689bc2,e38afcd9-9e08-47ba-bc92-5ebb4bc271eb,2025-08-27T10:16,6,178.32,Cash,Pending
1e58137c-9cdb-4927-a7e5-2f890a338391,74e76582-f1b8-4560-b049-8aebb59d4721,2024-07-24T10:16,8,130.16,Card,Pending
a787e151-0efe-4752-ace0-5750311f948e,4717d2a3-4b2a-44f1-b960-a2b73e2d23fd,2024-03-27T10:16,6,110.52,Online,Cancelled
c5dc7198-b06b-4965-b08e-47e8f6681e78,0a15d43b-8f6b-444a-bef2-ffbddfdbd16f,2024-01-31T10:16,1,12.23,Online,Pending
4fff6ca3-4bba-44aa-a88f-e723a4e79174,0b2a0e9a-e050-4380-b607-57adcbbf59d4,2024-01-01T10:16,7,188.30,Cash,Completed
fc36d346-f08c-41c3-be13-54b95e980d4b,71f17b36-2c37-4cfa-bf8a-894fa94c0e9b,2024-12-28T10:16,8,214.72,Online,Cancelled
b09a143d-1aa9-4257-a89d-e00f2cc90948,8887df7e-682b-4d48-b18c-c1ddfa0aaa26,2024-03-21T10:16,2,26.12,Cash,Cancelled
4708af09-acec-4c6c-9326-e6af354f0ad5,dcfb3d05-846d-4915-99f3-ebbc7559d972,2025-05-13T10:16,6,122.22,Card,Pending
3ff50f65-abfd-4189-ab97-9ab1d91e1816,9c53f3f8-5b22-4d77-bd76-cfa6c70e443c,2024-01-26T10:16,1,20.82,Card,Cancelled
56162b0f-7fe7-4ba9-a92f-941c93b35326,e119f98a-df63-41dc-8e01-bb49ca2dc724,2024-01-02T10:16,4,111.08,Cash,Cancelled
64cb999c-b4db-4f94-ac1d-2cd5225cdf9f,0a5a9fc7-e126-48f0-99aa-dea85c606f66,2024-05-25T10:16,1,25.23,Card,Cancelled
21ca9902-52ad-4813-8f37-093cef02b385,73a2b03c-2dca-486e-8ebc-c4d6bb68a8c6,2024-05-23T10:16,6,48.48,Card,Cancelled
53742d9e-5a06-4907-a269-cebebbec7c9a,2a109685-1399-4149-8951-fba29bb0360d,2025-07-04T10:16,2,45.38,Online,Pending
29511ceb-05b9-4b28-8689-c69fec2243b2,6c3bf618-a715-40f9-9faa-cfc5f5beef2f,2025-08-18T10:16,4,51.24,Online,Pending
a290e270-793c-48c1-ab98-fc631490b7ce,953417c6-cd52-45e9-9ca0-bb450653c934,2024-12-26T10:16,2,44.50,Cash,Cancelled
549c299e-cc55-488d-afbd-a25c5fef60d5,74e76582-f1b8-4560-b049-8aebb59d4721,2024-06-16T10:16,4,72.60,Online,Cancelled
095027aa-d0a8-4a9e-bb70-c4b87eca7c93,0a0ac3e5-6e20-4fbc-87ec-5481c70e38bc,2024-05-18T10:16,3,36.81,Cash,Pending
47ef6de8-e465-46dd-84b7-ff5926df4c6c,e12c3d24-86c8-474f-b86b-370df36adbfe,2024-03-02T10:16,7,70.07,Online,Completed
c6d7a24d-4bbb-43b0-85a5-f312303ed69e,6b1178fc-1745-401d-88da-3903c243ebe9,2024-12-23T10:16,6,34.80,Online,Completed
7e770dbf-03cd-4544-b6f9-e0315b405b86,d3f641e5-b8b5-4f5f-9155-7768df2033e8,2025-10-19T10:16,8,156.00,Cash,Completed
21cf851e-2bcd-474a-9da0-5423a3e03bcb,ceafdb2a-788d-48e0-acdd-bd533a2e7ab6,2025-04-04T10:16,8,139.20,Card,Pending
6ac8f0f0-02c5-4beb-a3f0-1dfee461f1cf,964d337f-acd5-4ca2-8843-9be3f2eb60fc,2025-04-13T10:16,6,137.88,Card,Pending
ebcf6de8-7a3b-4f39-a331-78373e6d0413,90f0db1e-2b19-43f7-ba17-233c7c214eca,2025-09-30T10:16,9,268.11,Card,Pending
dc27ab98-0faa-4f58-8675-4afbf44317d7,0130fcd4-a6cf-4a72-8400-7bcae1abce34,2025-02-25T10:16,9,79.56,Online,Pending
ffc3a190-1650-4718-859d-43d90314cbe3,500fde18-ea61-4380-9ea4-f06d09985870,2025-09-29T10:16,1,8.58,Online,Cancelled
c56b0aa6-a872-476e-86fc-21c05f6fce33,e12c3d24-86c8-474f-b86b-370df36adbfe,2024-08-12T10:16,6,179.70,Card,Pending
f1409435-3694-4f6c-9aee-d05ef348cdc0,7169ef0c-f2c8-4ae3-83f6-87691664d2d2,2025-04-15T10:16,1,15.15,Cash,Pending
c8f2d8fb-ee16-48c4-a164-26de558a70e2,69446e90-4237-4410-ab55-e011eb04cce0,2024-11-21T10:16,9,222.84,Cash,Cancelled
85d0b7bd-a45b-4e35-aa0c-937f88949fcd,6c6a3b10-9747-4dca-a041-4edc22d147b0,2025-09-10T10:16,4,67.96,Cash,Completed
b752c2d2-321e-45d4-80e0-a1dcebafe053,205ea7f7-e714-45b8-a083-11247ff702a1,2024-05-13T10:16,7,168.56,Cash,Pending
79628d00-10a5-455d-9919-31bec71eb673,058b9c75-b72f-4594-80d2-e41194ff7672,2024-11-22T10:16,7,46.48,Card,Cancelled
65afebf7-36c0-4d50-8157-432492a8b4ef,a302a1a8-c429-406f-abff-9f273aa0a4b5,2025-11-01T10:16,1,17.13,Online,Completed
0fe76b09-5869-4baf-81a3-675c3358bf16,cb8747c7-32ca-4b6b-868d-13ab01d953ec,2024-05-10T10:16,1,18.82,Online,Pending
b8759e99-5d06-4393-9044-472cc16728e9,98b17fed-218c-4f20-8410-9f0edfc74455,2025-04-22T10:16,9,102.15,Card,Cancelled
3865fe70-89a1-4c99-9f5e-f7e39fd9d421,4bb2d776-14c0-4ef6-b8ba-c580cbed72b8,2025-02-13T10:16,6,59.34,Cash,Cancelled
561ea7e0-11c2-454a-8282-17f37c718d6f,f0a6a958-e434-41bf-a830-dffa55a34db5,2025-06-04T10:16,8,187.68,Card,Cancelled
83565580-1f4d-47c3-a28a-3b3bf2764161,9305d562-2505-493d-8ed8-3fb721c8f491,2025-05-01T10:16,2,16.30,Online,Cancelled
0571914b-17a0-4acc-a30a-26889f432eb4,bb6ceda0-3f7a-4dfa-9862-41a88dd468b2,2025-02-02T10:16,1,21.18,Online,Cancelled
2c6deb06-0332-4a86-8797-6ec5b462d3e7,e886c155-0dae-4b36-88f5-a86fa474d1f6,2025-10-19T10:16,9,153.90,Cash,Pending
2a667b58-9d35-4ed1-8448-3b9d5fb0bef0,bc58b12c-65c4-4f21-89ef-3e492a22ef7c,2025-03-12T10:16,7,162.12,Cash,Cancelled
038e0e80-d700-4fc0-bc60-1c1614afc89f,d87f31d7-79ef-4c17-856e-142e791b04da,2024-07-12T10:16,3,33.48,Cash,Completed
7fd6e2d8-5940-40a5-98e7-9cfdcc290b6d,aac35608-9499-49c5-811a-a059e773c968,2024-06-02T10:16,8,95.76,Online,Cancelled
1b82aa7c-d44f-46c9-a624-7d90f28ba885,f6c35464-33dd-44a7-bf84-071f2e427045,2025-04-22T10:16,1,10.54,Card,Pending
cc4b4662-bafb-4897-9a03-8f4a7b6a45e5,60cd80b6-3967-4dae-b4df-adc7b5644971,2024-12-21T10:16,1,20.01,Card,Pending
80a8f1a4-4cb4-4343-b918-c09bee9aadf5,6e551d53-4f6d-4b84-a9de-3d7c79694805,2024-03-02T10:16,3,43.35,Card,Completed
1f796375-01e6-46dc-8c92-603156c9b34f,0a570207-0f70-467f-bbeb-44a0a60a9a25,2024-01-14T10:16,2,46.86,Online,Pending
b72b469d-17fa-4557-93b1-5435ae09182f,ff4db0d8-e809-46e8-9ae0-78ffee4902d9,2025-05-31T10:16,6,63.90,Online,Pending
07baa2cf-d0a4-4405-a432-46638a80d6c7,485b65e7-fdf4-474d-afba-37986d8d3cd8,2024-07-11T10:16,2,57.18,Card,Pending
38e6f617-cd9a-47e6-b4f1-d7998a3dd825,d5eaf6a7-76cc-48ec-98d9-ba713e2df70f,2024-05-24T10:16,6,71.28,Online,Cancelled
8ddab2da-9162-4feb-ab74-8f91096be4f5,0a570207-0f70-467f-bbeb-44a0a60a9a25,2024-07-03T10:16,3,62.46,Online,Pending
8bc02dbc-9a92-4c0e-94fe-6ba841cd0978,c0d74d86-5c5b-481d-b8e3-61eeb9c77255,2023-11-20T10:16,3,41.07,Cash,Cancelled
f4bac602-f454-41df-abc7-3f5d7a9158f7,5f0f3def-9ff6-4282-ad04-001c4a769966,2025-01-31T10:16,1,14.83,Cash,Pending
963561e9-8a60-4630-8a9c-aa52217f795d,b90a3a7f-421e-47e5-8598-fe50f365a62e,2024-12-26T10:16,6,40.32,Cash,Cancelled
490b7ad6-ba83-4da6-bc22-f072e19ec229,d7af10ce-45c9-4fc8-8dd8-b1c5491aad5f,2025-10-20T10:16,1,9.26,Cash,Completed
0810ae98-3e05-456d-b19b-29a7ce3837fa,23650eb4-f98d-45a3-a90b-a378f03d469d,2025-05-25T10:16,3,40.92,Online,Pending
4754a594-c034-478a-853a-4573063b114b,c46351bf-193f-49af-a5d6-456188837c3d,2024-07-17T10:16,6,119.40,Cash,Completed
4642f97a-165e-4474-9355-4244b13a82e7,80537cf2-360f-4740-8b7e-d4cd56e22987,2023-11-18T10:16,9,239.49,Card,Completed
27b5554d-3a10-43f4-acbd-e63147a10d95,0b2a0e9a-e050-4380-b607-57adcbbf59d4,2025-03-16T10:16,5,124.40,Cash,Cancelled
88114041-3237-4a44-94a3-901baf1eab06,bb6ceda0-3f7a-4dfa-9862-41a88dd468b2,2025-01-09T10:16,5,114.10,Cash,Completed
c7d0be0f-47be-4932-a5e9-747064cc3bda,46032f36-69bc-465a-9b33-a5d560bfd77a,2024-06-27T10:16,1,12.62,Online,Completed
08a2e2ab-028f-469e-adac-7796d3cc07a0,8f7f530b-bb30-4a05-b437-744ed30af54f,2024-12-15T10:16,6,61.50,Online,Completed
698cfa24-e5e8-4644-b505-9487775e98da,e6e1db85-f8ba-4264-9c9a-520ecda4bc4c,2024-11-20T10:16,6,65.64,Online,Cancelled
43fe5bec-91c0-4f68-b0c8-34a514b83609,824998a2-7592-4051-ab0b-d5e12743c93b,2024-06-25T10:16,3,78.75,Cash,Completed
b794d3af-7eff-4836-87c1-33ee84ae267f,bf0de251-90d7-423c-8b31-48df1a89964f,2024-11-20T10:16,7,122.71,Cash,Cancelled
5a8bcde6-259c-47e8-b72a-8711a85d0fe0,485b65e7-fdf4-474d-afba-37986d8d3cd8,2024-12-25T10:16,1,7.49,Cash,Cancelled
487f9f36-955e-48a7-8365-ba5ae72e3349,c0d74d86-5c5b-481d-b8e3-61eeb9c77255,2025-05-11T10:16,7,113.96,Card,Completed
c5ba0532-b078-472c-9061-c5b84047c45c,d5cfb1a3-ce2f-4aff-ab4c-50e0c5426af1,2024-12-20T10:16,2,40.38,Card,Pending
641ddee1-6e56-4bd1-94aa-bcf7f1032413,0a15d43b-8f6b-444a-bef2-ffbddfdbd16f,2025-10-01T10:16,1,16.81,Online,Completed
5c21dd29-46db-481b-a3ab-2f26ac9d0c7e,0e0d5f13-edd5-4ab0-9ddd-3df111bedc5a,2024-12-06T10:16,6,120.24,Cash,Completed
aa29e687-d879-4988-9430-6e1b83fc53d9,4739f27f-7a96-4d52-83ae-0c6fd4c8c606,2025-08-19T10:16,8,201.12,Card,Cancelled
b77363e6-951b-487d-bda7-da51a30ee71f,c3ffc43c-0c11-40fa-9824-f234161741d0,2025-05-02T10:16,4,38.60,Online,Completed
c34ba783-0674-44eb-b0fe-466aaf600696,f543de06-e341-4de2-95ab-ca0fd3ee51fe,2025-02-22T10:16,4,60.52,Card,Cancelled
cfac76e2-6344-4b1a-a3e6-06c730515e40,8887df7e-682b-4d48-b18c-c1ddfa0aaa26,2025-06-07T10:16,9,114.48,Online,Cancelled
41b2223c-7948-4577-8586-f85e80b19681,26d032f1-9fe9-487a-987a-a8be14e1db05,2025-11-09T10:16,6,118.56,Online,Cancelled
6977cf75-7b84-4e92-ae60-b46434ccbe0f,c1a09d60-c9e8-4489-a68e-e01b51541d33,2024-05-07T10:16,3,41.22,Online,Pending
cee947b9-17c8-48f9-9b3b-3d8a18a53d3c,62a2bfef-ca4a-4dec-90ea-bf15ea1880d2,2023-12-03T10:16,3,22.86,Cash,Pending
a623f555-de1f-458b-a599-8962d1f3495a,935ebde1-5945-4673-886e-1a7a12cc2d4e,2025-05-04T10:16,9,171.90,Cash,Completed
319fe478-d32f-4dc0-8537-13f4359bb2b4,4b14a58c-f1e4-40b6-888d-a88cd7055099,2024-03-28T10:16,4,70.56,Cash,Pending
740e1a8b-d693-4d41-832a-86bccd405b14,5eb75bc0-d5fa-4209-9d42-7767f3f0585b,2024-11-21T10:16,9,213.84,Online,Cancelled
5c8eac06-32fa-4a2a-8172-f30d0e0c68e9,b6c26110-1b77-4777-8c79-c69ec19b66df,2024-09-24T10:16,8,79.28,Online,Pending
981071b6-b965-446d-b0d7-8c8d29e39073,c83bba2f-5229-4998-9566-1f3179b13e8a,2024-03-01T10:16,2,10.84,Card,Pending
315cc483-5a7f-4f50-996d-b28666d318d6,e12c3d24-86c8-474f-b86b-370df36adbfe,2025-02-23T10:16,3,46.35,Card,Cancelled
580f2acc-c3ba-4ffd-8ae5-f1b81e31eae6,5f0f3def-9ff6-4282-ad04-001c4a769966,2024-06-30T10:16,5,68.35,Card,Pending
3b7b64fb-ee9b-402f-8bff-e0d7f6ac2522,e85d0261-2d97-4475-a749-363ec9040a74,2024-11-16T10:16,3,64.74,Online,Cancelled
5f61cd68-4f1d-4bcf-838b-5b312fba7737,bb6ceda0-3f7a-4dfa-9862-41a88dd468b2,2024-04-26T10:16,3,53.37,Card,Pending
987e9ed8-a0dd-4189-a040-4eb302fbbf7c,74e76582-f1b8-4560-b049-8aebb59d4721,2025-09-09T10:16,6,155.88,Card,Completed
d4502cd8-4401-488c-ae78-bc235827507c,e886c155-0dae-4b36-88f5-a86fa474d1f6,2024-12-21T10:16,6,136.38,Online,Pending
75e6ee94-d493-4bff-ae64-497befa788ff,1a48aa9a-def3-481d-922a-94300aa97309,2024-08-11T10:16,2,52.66,Cash,Pending
74fcb7b9-5190-4a96-8195-45a495ae249a,c83bba2f-5229-4998-9566-1f3179b13e8a,2025-10-02T10:16,8,129.52,Online,Completed
1c0c5c43-7e8f-4029-8d66-2bf26fea1cf6,1233cc27-7567-48e0-8dd2-6b0019506c2f,2025-06-24T10:16,8,113.28,Cash,Pending
e6e9d767-4eba-4051-9dab-706c7ed67358,0b2a0e9a-e050-4380-b607-57adcbbf59d4,2025-04-02T10:16,4,88.48,Online,Cancelled
93a174d2-7cf7-454e-95a3-7798c665e6bd,d6d4ef4b-0870-48aa-b884-013237f255f4,2025-09-03T10:16,6,88.86,Cash,Completed
e72b3ba0-d0f1-4a13-90d7-22373db2db47,53db1213-7316-47bb-9099-c1def0e3c96b,2024-07-04T10:16,4,83.40,Card,Completed
e58490cb-d8c9-4be1-8fed-0e07e2fc964f,59827b2a-ae17-44b1-bd6f-6f08718559cb,2024-01-25T10:16,9,210.60,Card,Cancelled
327f0cac-d97f-4f7f-8f9e-0a83ff915319,6945f6f4-b8f9-4d04-90ff-e59ed705578e,2023-12-28T10:16,7,54.18,Card,Pending
11d10731-e720-4aa0-82b0-b68c4ae8aa6e,9305d562-2505-493d-8ed8-3fb721c8f491,2025-07-12T10:16,1,18.14,Online,Pending
b9fb0973-35f9-4506-9e6a-1efd11f36880,a190f67b-21df-46bc-8164-46bdfa00af85,2025-02-08T10:16,9,216.45,Card,Completed
24781d8f-b7f6-443b-ac2b-9bcd8a6516ae,25659c0e-6eb5-4c57-add8-fb6ac5f42699,2024-08-03T10:16,1,11.02,Card,Completed
f21997bc-5723-4305-bb60-e58edda2374e,4b14a58c-f1e4-40b6-888d-a88cd7055099,2025-07-28T10:16,9,65.34,Online,Pending
4c81abe5-d93c-4d1e-8135-b9fcbb3e8ba3,0d463f72-c3a1-4a2b-8d0d-1721a0d1a06b,2024-03-15T10:16,6,142.32,Cash,Completed
65881bec-bf5e-424a-aa15-3c62dbf085fb,71f17b36-2c37-4cfa-bf8a-894fa94c0e9b,2024-01-17T10:16,7,44.52,Card,Completed
c37ad5a7-6404-4b6c-a4a1-2bbb66c0fdcd,e277d099-db2a-4aee-ab86-8b0e73a34383,2025-06-07T10:16,9,151.02,Online,Completed
e8bb4143-1d1a-4db2-bd7a-3794dc0b3140,cb8747c7-32ca-4b6b-868d-13ab01d953ec,2024-03-08T10:16,5,128.55,Cash,Pending
4bf719e3-e7f3-4484-af73-bcaa81aa5854,9305d562-2505-493d-8ed8-3fb721c8f491,2023-12-10T10:16,7,147.35,Online,Pending
087300fd-d9cb-4f3b-b4ac-ef53cc48d81c,3dcaabe3-78c9-4d88-bed5-56ca7ceea07c,2025-04-08T10:16,8,139.84,Cash,Pending
468f36d4-589b-486d-9c47-aa4811216a3d,bfa3444b-2be9-46be-b944-720d86a59770,2025-07-22T10:16,6,144.06,Cash,Completed
1ba2ce06-c956-49d6-bcea-429b18e4d718,7c991f43-c18b-4404-8826-97691b0dc00c,2024-05-18T10:16,5,145.15,Card,Cancelled
2aae343a-359d-4b71-ab08-e3ab5642a4e2,9fa382f0-8393-48db-ad30-43c953282401,2024-08-16T10:16,2,24.12,Online,Pending
e971a357-9bb9-47ee-8468-23b45144f411,b90a3a7f-421e-47e5-8598-fe50f365a62e,2024-05-18T10:16,4,76.80,Online,Pending
b0d9944b-9f64-421f-807d-9396efb74005,f90cf3ca-e2d0-4129-bc7a-e8a2b80880da,2024-06-04T10:16,7,64.12,Cash,Cancelled
1a0e0784-d271-42ca-8c2d-81629c4d96fe,26d032f1-9fe9-487a-987a-a8be14e1db05,2024-07-11T10:16,8,98.64,Card,Pending
d198c97a-2ed2-4012-9fc2-148e4f4695e5,7d2df59f-386d-4aec-85a8-2443262a0cb4,2025-07-07T10:16,2,43.90,Cash,Completed
85226994-1192-4973-8b92-35f00f816663,74e76582-f1b8-4560-b049-8aebb59d4721,2024-09-29T10:16,2,14.52,Cash,Pending
b490dfc3-5a48-4074-bbe5-feba3da7fb5b,ef7fad1f-a86f-4ee1-95b4-ce1f339f0fa5,2025-07-30T10:16,4,63.28,Online,Completed
591cac82-2ae7-4b3d-a683-20f542346cc9,d3f641e5-b8b5-4f5f-9155-7768df2033e8,2023-11-27T10:16,5,69.40,Card,Cancelled
6d94b904-0419-44fb-b518-0b6e01932d99,b90a3a7f-421e-47e5-8598-fe50f365a62e,2024-08-07T10:16,8,84.64,Online,Cancelled
47966463-6302-4591-b8e4-e93cd531756e,e886c155-0dae-4b36-88f5-a86fa474d1f6,2024-08-22T10:16,9,125.28,Online,Cancelled
1140a3b7-6581-433e-a5c7-02e1773c077c,e277d099-db2a-4aee-ab86-8b0e73a34383,2024-02-18T10:16,9,135.18,Cash,Completed
cee03383-3bcb-4f38-9661-40cd84652765,7509850a-5062-4da9-aad6-bc5b9e363ef1,2024-08-14T10:16,9,79.20,Online,Completed
d52eb3f4-b091-41ce-b676-4693fbf36153,b0d737cd-ec4b-4a88-aa81-d012ef3fb719,2024-04-19T10:16,6,52.50,Card,Pending
a59b6f52-0b65-429a-b0f1-af6d50a277d6,69446e90-4237-4410-ab55-e011eb04cce0,2025-03-18T10:16,1,24.52,Online,Pending
91f0c161-1c4c-41e6-8441-24e2d5a28ec5,11526850-7335-463f-b740-a52a90457c3b,2024-02-02T10:16,9,240.93,Card,Pending
3b3b74c1-ae10-41c2-8553-07db8b95de7b,6f61ca8e-51a1-48e0-abfa-88326e713e34,2025-08-23T10:16,3,42.09,Online,Pending
2deb9e13-5595-494f-bf41-eabd101b3263,5400d214-6176-40bf-88d2-3f53ed38bf69,2024-03-25T10:16,8,134.56,Cash,Completed
7812f72a-72bb-4b1e-aaf4-d5f38306ee14,36b880b0-e9bd-4c0b-8f1c-32018f6c758a,2025-02-28T10:16,7,208.32,Online,Pending
b4166b2e-ff04-4574-8bc9-af7fcc9b0488,0a5a9fc7-e126-48f0-99aa-dea85c606f66,2025-06-14T10:16,1,23.36,Online,Completed
bc7707ec-7e13-4702-864a-d2c31427171f,7a2e5fa5-096b-4701-8ce6-7a3db39bf8eb,2024-01-22T10:16,6,52.32,Online,Cancelled
df0d9887-3e23-49c1-a671-b3a7581ee94d,205ea7f7-e714-45b8-a083-11247ff702a1,2025-01-28T10:16,6,117.12,Online,Cancelled
14cca6ac-42ba-46fc-9470-11f510d341e1,21edfc22-3f73-4335-a774-3cf78ab65e86,2024-08-26T10:16,9,244.89,Cash,Cancelled
14180cba-330f-45f6-b956-175ee672651c,f0a6a958-e434-41bf-a830-dffa55a34db5,2024-06-23T10:16,1,11.80,Cash,Cancelled
80495e1e-8494-4d64-93f2-d8e487fa4712,941529ef-2114-4bff-907a-4596ff4593a1,2024-10-14T10:16,2,17.60,Online,Cancelled
c13dc809-4e5a-46aa-b45d-d3aa2e97f200,caad7924-4bc5-4f85-9662-11ca261e3c87,2024-06-04T10:16,4,103.60,Cash,Completed
d5ed6a30-ff79-4616-b9bd-de80cce1d8b9,c0d74d86-5c5b-481d-b8e3-61eeb9c77255,2025-05-05T10:16,2,36.12,Card,Pending
970b4285-54c4-46bc-b776-132caee1dbfb,fbe227d7-6d32-4407-9783-7fdac983e55f,2025-05-29T10:16,5,45.05,Cash,Completed
5736b13a-2c69-4160-a113-1c7568c3bcea,5eb75bc0-d5fa-4209-9d42-7767f3f0585b,2024-03-30T10:16,3,44.28,Online,Completed
d17d2bbe-4a73-4708-827b-b552c9b18eda,90f0db1e-2b19-43f7-ba17-233c7c214eca,2025-11-03T10:16,9,169.65,Cash,Cancelled
19c9bf19-ff41-43a5-9253-6edc581f967e,4e6807ca-aed8-4ec9-b1b0-0e3aba57efb1,2025-05-15T10:16,3,88.44,Cash,Pending
4f4dbcf8-942c-432d-8628-0f36fefbd4b3,c0d74d86-5c5b-481d-b8e3-61eeb9c77255,2025-06-21T10:16,1,27.34,Cash,Completed
71e1ef21-cd36-4f7f-9830-b4b3b2b7f3ab,4b14a58c-f1e4-40b6-888d-a88cd7055099,2024-03-05T10:16,7,79.80,Card,Cancelled
6223e4a0-9ca2-4d4e-86fb-9c8e2fbe4200,bb6ceda0-3f7a-4dfa-9862-41a88dd468b2,2025-06-23T10:16,9,90.54,Online,Completed
a4deaee5-4173-4b76-b610-8e2d172525f0,aac35608-9499-49c5-811a-a059e773c968,2025-07-04T10:16,7,134.47,Cash,Cancelled
a71dbe1a-c725-427f-8ee0-ecf19fb8a3d8,f0a6a958-e434-41bf-a830-dffa55a34db5,2025-06-16T10:16,2,46.60,Cash,Completed
a05d1d18-d0f9-4090-9863-8493be27b404,500fde18-ea61-4380-9ea4-f06d09985870,2025-03-11T10:16,7,203.77,Online,Completed
6d494cad-93ed-46fd-a012-232b57850fe0,0a570207-0f70-467f-bbeb-44a0a60a9a25,2025-10-25T10:16,1,19.66,Card,Pending
4457a07d-6c0c-4e39-89ca-895324d2bebc,caad7924-4bc5-4f85-9662-11ca261e3c87,2024-10-22T10:16,5,64.40,Cash,Completed
e498fdbd-e66e-4ed2-aaaf-c5b1c834f04d,d33bbfcd-a2ca-4e80-8a1c-65223f061e7e,2023-12-06T10:16,6,164.88,Card,Completed
da754830-bb9f-4d2f-a2b6-de7f89be1eeb,0a5a9fc7-e126-48f0-99aa-dea85c606f66,2024-09-08T10:16,2,16.56,Cash,Completed
1c30b106-bb07-408b-9441-c38b18aeeb88,aac35608-9499-49c5-811a-a059e773c968,2025-09-01T10:16,3,88.08,Online,Pending
be9990e9-66ec-4824-9d40-663256eb15c0,98b17fed-218c-4f20-8410-9f0edfc74455,2024-02-27T10:16,6,172.74,Cash,Pending
ef8fedec-d71a-49bd-9297-5c6339375105,f3826f04-0dfa-4266-8002-58fede0093f5,2025-02-13T10:16,7,167.93,Card,Completed
a8fb2b2a-c5c8-43bb-9deb-696f91f126b9,0d463f72-c3a1-4a2b-8d0d-1721a0d1a06b,2024-01-27T10:16,1,16.76,Cash,Completed
4d101081-0083-4d76-ab44-207422871187,52f5634d-de98-4543-8a1e-cbf1e2d0242f,2024-05-09T10:16,9,126.09,Cash,Completed
bc9981ff-76a5-417a-97cf-2d54ed2ee7b3,69446e90-4237-4410-ab55-e011eb04cce0,2025-03-04T10:16,7,170.94,Card,Cancelled
e5d1b745-ee63-4fb1-964c-998905e065df,ebbc7df0-770d-44f8-b0ff-c62f9006e40e,2025-05-23T10:16,6,179.94,Online,Completed
30c44249-bb42-4bc9-b7da-fe812a3da139,0472ca7f-b133-4710-8f43-24a3c6c1afd1,2025-05-15T10:16,7,45.15,Card,Completed
bb60f5c0-745c-493a-b2b4-96568757adaa,14eace30-1ac2-411e-8eef-98e8f32a87fb,2024-09-18T10:16,7,94.64,Cash,Pending
0b9428d0-f896-41b3-a461-f434a8aeb595,6945f6f4-b8f9-4d04-90ff-e59ed705578e,2025-02-03T10:16,2,48.70,Cash,Pending
31828dd7-b418-4332-8411-84bc9d819261,0d463f72-c3a1-4a2b-8d0d-1721a0d1a06b,2025-03-02T10:16,6,50.58,Online,Completed
9c391206-7e48-4fc6-8acb-be083873d577,964d337f-acd5-4ca2-8843-9be3f2eb60fc,2024-09-26T10:16,8,140.40,Card,Completed
dabfb025-14f2-4c77-a3cd-7a8cfb3e440d,52f5634d-de98-4543-8a1e-cbf1e2d0242f,2025-10-13T10:16,3,82.77,Card,Completed
9648f5d5-49a9-48d9-bbc0-535427b6cb38,0dd437d0-74fa-43c3-8909-5c955e4d47dd,2024-08-03T10:16,4,62.52,Cash,Pending
513134ca-650a-4298-b25c-54e342cc8ab0,795088d7-d227-422e-ad8c-f048bde0675e,2024-05-07T10:16,2,50.56,Card,Completed
713e04d1-f8c0-4f1c-a961-278880ccf70a,2a109685-1399-4149-8951-fba29bb0360d,2025-02-02T10:16,7,140.91,Card,Completed
150c46ad-b6d7-4241-9935-990af767510f,1d32c3b3-c732-4995-aa6b-ff159deb3bdf,2025-07-23T10:16,9,51.03,Online,Completed
555ba151-d032-427c-b6d5-cce093cc9ba2,f0a6a958-e434-41bf-a830-dffa55a34db5,2024-07-29T10:16,2,41.86,Card,Pending
711e4ded-205d-4972-a333-cac7362cb246,d87f31d7-79ef-4c17-856e-142e791b04da,2024-05-07T10:16,9,144.54,Online,Pending
51939be5-188e-46f6-a17f-1dc487a8a20f,10b26c2d-7d56-4175-84a8-a2775e128a9d,2024-03-25T10:16,4,60.32,Card,Pending
cf383a30-881c-41bb-9054-94bca8e2ee18,7a18d550-38d0-40b2-84a7-547162e7e409,2025-10-19T10:16,4,76.36,Card,Pending
3617a34a-db5f-46af-8309-3fa6e7f283c8,0df3bae1-6384-4856-aa27-aef9f6c48b75,2024-03-23T10:16,7,191.94,Card,Cancelled
6e61d8d4-055d-4fa6-90e1-4c22b3b1ead3,ef7fad1f-a86f-4ee1-95b4-ce1f339f0fa5,2025-06-14T10:16,7,177.38,Cash,Cancelled
0a6a1133-a760-46b1-b5e9-4b300fcdcb1c,5d6f84a5-a4de-442e-99b9-b8ef714b4436,2024-09-04T10:16,6,109.80,Card,Completed
850096eb-9ffc-4857-a0b0-eb6f3cc7a6fd,5eb75bc0-d5fa-4209-9d42-7767f3f0585b,2023-12-21T10:16,1,27.02,Card,Cancelled
7242eba9-a570-4bf2-8e44-77ce8b6e5a94,caad7924-4bc5-4f85-9662-11ca261e3c87,2024-04-20T10:16,7,73.29,Cash,Cancelled
d1041f8e-5c88-4bab-9bb0-544e8e00a0fc,0130fcd4-a6cf-4a72-8400-7bcae1abce34,2025-03-18T10:16,4,76.32,Cash,Pending
f151963d-9f79-4d65-b7da-d002e220d078,59827b2a-ae17-44b1-bd6f-6f08718559cb,2024-07-20T10:16,9,219.24,Online,Cancelled
4522d561-b20c-495b-bdee-45d0524f150b,f0a6a958-e434-41bf-a830-dffa55a34db5,2024-11-27T10:16,8,59.44,Card,Completed
99580b0c-563b-49a0-9f78-187919d636d2,6aaabc79-3d35-410f-bb96-f86a3930d0ff,2024-05-15T10:16,5,146.75,Card,Pending
6c339938-95eb-4911-bd53-d0859ab2b76b,ceafdb2a-788d-48e0-acdd-bd533a2e7ab6,2025-05-11T10:16,7,76.93,Cash,Pending
739f2805-3404-4ea9-9ade-da86a644c5da,caad7924-4bc5-4f85-9662-11ca261e3c87,2025-11-03T10:16,6,168.96,Online,Completed
893a91f2-2795-4113-a125-90a4e2df7957,4717d2a3-4b2a-44f1-b960-a2b73e2d23fd,2024-09-10T10:16,6,50.76,Cash,Pending
b643f1bc-d440-46e8-ac68-7d1840331835,a5ffc907-be77-43e6-8694-4a0bf09bd3fb,2024-11-26T10:16,6,97.26,Card,Cancelled
a792438d-6b2d-413b-9cb4-bb16139a677a,10b26c2d-7d56-4175-84a8-a2775e128a9d,2025-09-02T10:16,4,82.12,Card,Pending
11f79c08-043d-4bae-853d-27bd3cd48aac,74e76582-f1b8-4560-b049-8aebb59d4721,2025-02-07T10:16,5,50.00,Card,Cancelled
f44bf63d-67ac-4697-a928-b9d719bec074,02c65c06-56ad-4670-b8e2-10ab417c7154,2024-03-09T10:16,6,163.92,Online,Completed
50a97d7b-6bd8-43f6-a973-3b3df4d65591,7a2e5fa5-096b-4701-8ce6-7a3db39bf8eb,2024-03-20T10:16,8,220.48,Card,Completed
a956b4f6-43d3-40db-bfc5-b19bbfb18323,bfa3444b-2be9-46be-b944-720d86a59770,2024-05-01T10:16,2,16.44,Card,Pending
29a9de60-3632-41fe-8874-662cfe757ac3,d5cfb1a3-ce2f-4aff-ab4c-50e0c5426af1,2025-05-06T10:16,7,152.46,Cash,Cancelled
c2ace28c-4a5a-46cd-8443-5182157643e1,5f0f3def-9ff6-4282-ad04-001c4a769966,2025-06-23T10:16,5,70.75,Card,Pending
52aee3f0-48e3-480f-a8a3-007d971a46cf,885715b6-b1eb-44ca-8460-28c0343e56f3,2024-12-13T10:16,4,40.28,Card,Pending
a71d07ab-76ec-4de2-a066-6fcbf0c111f0,4717d2a3-4b2a-44f1-b960-a2b73e2d23fd,2024-04-10T10:16,6,30.72,Online,Cancelled
677435f8-3963-46ce-b377-875af9d5ef58,c0d74d86-5c5b-481d-b8e3-61eeb9c77255,2025-10-25T10:16,1,17.09,Card,Pending
3f88a641-4a82-4c60-ac4b-bc11d7ad6a7e,e6cb1215-5314-4d05-bfd1-f6e5d36e89f7,2024-08-25T10:16,5,57.80,Cash,Cancelled
bea029f8-bd9b-4d89-8fa9-83b473ab6e82,058b9c75-b72f-4594-80d2-e41194ff7672,2024-04-26T10:16,1,13.72,Card,Pending
3c753c46-6058-46e3-9791-f73c6c28d1e5,b014b56e-3263-4b63-8430-46e00bc5ea77,2025-10-04T10:16,1,9.01,Cash,Completed
694f33c1-4e94-4788-90a7-af09abeaa3e2,77ca464a-fe0d-4dcc-8f08-3eb2f7b64f76,2024-02-07T10:16,8,230.16,Cash,Completed
c0cc292c-0e68-4133-884d-700842be0e16,ec3490d2-e8da-47ee-ae12-0ca0b1d7a2bb,2024-08-07T10:16,8,40.80,Cash,Cancelled
1807a3d8-3c33-4999-ad55-1f24480a99fa,a5ffc907-be77-43e6-8694-4a0bf09bd3fb,2024-05-25T10:16,6,129.96,Online,Completed
50937eac-712a-4658-836b-1f62d8558496,c5817fdc-a4dc-4879-b957-30cfda62016b,2025-10-13T10:16,3,36.99,Card,Cancelled
d8709f7b-8b10-4187-a502-7a2111044a70,0e0d5f13-edd5-4ab0-9ddd-3df111bedc5a,2024-12-11T10:16,1,14.41,Cash,Completed
b0138c90-f382-46c5-ab67-9c02dc81c52c,3ab3404a-ee80-4ed2-8d90-a6f0dad14e48,2025-04-16T10:16,1,26.65,Cash,Pending
73c06e3e-6115-42d2-a548-3544627af9f1,964d337f-acd5-4ca2-8843-9be3f2eb60fc,2025-09-25T10:16,3,38.61,Card,Completed
780ef0c1-324a-4c22-a27c-4d927db8551b,5d6f84a5-a4de-442e-99b9-b8ef714b4436,2023-12-23T10:16,9,205.74,Cash,Pending
4535bad0-e18e-408c-8f06-6c814fd49f15,b04ce307-2d1f-4214-b023-d8f4379041a1,2025-01-31T10:16,6,104.22,Online,Cancelled
ff4203c9-b43b-4f9c-8631-6fe9d4fd32f9,1a48aa9a-def3-481d-922a-94300aa97309,2025-03-26T10:16,1,5.70,Online,Pending
c4353627-6af1-4e18-ac4c-bfc7bfbbf37b,bb6ceda0-3f7a-4dfa-9862-41a88dd468b2,2025-02-19T10:16,2,28.10,Cash,Pending
d315a0bf-7711-4792-b9ad-0b79a5d35e06,3910ab11-8758-4a4f-8a9b-c4f5df7413c4,2024-10-16T10:16,7,177.59,Online,Pending
9a5a0cdd-a4b6-4545-a6bc-4fc954cc7d79,52c87fd9-fdf0-4256-b929-6153ad24a0ac,2024-07-24T10:16,9,109.80,Online,Cancelled
d544e776-a1ae-4760-aaae-cca1cbf4dcc4,9b9edd1e-b4f7-414c-b8b5-a3dc51fa0a8c,2024-07-03T10:16,6,134.70,Card,Pending
ec671f4c-2e68-4097-9a18-b1c43efa84ae,b03f75c1-655f-4480-a2bf-1a0af806e96e,2025-09-25T10:16,7,180.88,Online,Cancelled
71e53020-f2b5-4ae5-89f5-466fdf372a5d,0dd437d0-74fa-43c3-8909-5c955e4d47dd,2024-12-17T10:16,9,255.51,Card,Pending
e5bc19ba-3e0b-47eb-9601-50fe38c4e23a,67c276b0-7be6-4f3c-bf86-c342095c8112,2023-11-22T10:16,4,76.80,Card,Cancelled
f59f315b-479b-4801-8a79-049a3e12e232,4b14a58c-f1e4-40b6-888d-a88cd7055099,2025-06-25T10:16,5,100.80,Online,Pending
7ea4af27-95d6-4f24-9f69-54ec8d2ceb07,c83bba2f-5229-4998-9566-1f3179b13e8a,2024-09-06T10:16,4,47.84,Cash,Cancelled
277d384e-aa0d-4ce8-9cec-00ff7d455a6f,e886c155-0dae-4b36-88f5-a86fa474d1f6,2024-02-03T10:16,4,70.12,Online,Pending
3b6644b2-bcb5-44ff-9e71-85f7049af872,6b1178fc-1745-401d-88da-3903c243ebe9,2024-10-19T10:16,3,77.79,Card,Completed
0ea669c0-844a-48de-984f-a0ec62219ced,d6d4ef4b-0870-48aa-b884-013237f255f4,2024-11-16T10:16,4,81.20,Online,Cancelled
3932dcda-08c9-4506-b617-c809f704390d,1eeb9c5f-5b7a-47af-b4f1-5a50d9d1089c,2025-05-15T10:16,7,189.42,Card,Pending
3b6df68a-3ef2-4b39-a7d5-ef989231cb05,36b880b0-e9bd-4c0b-8f1c-32018f6c758a,2025-01-22T10:16,7,96.04,Cash,Cancelled
4974464f-c12d-4db3-a645-602f70bb24a5,0130fcd4-a6cf-4a72-8400-7bcae1abce34,2024-12-29T10:16,3,42.75,Cash,Pending
4686b0c9-92d9-4c55-bd43-763e01d53b59,63846b60-b7be-4087-ac6e-56c9bc130a20,2024-08-19T10:16,8,172.56,Online,Cancelled
c078bc85-d229-4ec3-824a-29f7d9f3cabf,ceafdb2a-788d-48e0-acdd-bd533a2e7ab6,2025-04-18T10:16,9,169.29,Cash,Cancelled
1d0a0774-7475-4820-8679-6f3b8495b90d,fe624323-ba72-456d-9842-ed9e0edc75df,2024-04-04T10:16,9,179.55,Card,Completed
9948dc0f-2238-43b2-9313-e5d7f997f9ac,8626238e-5813-415a-9a8c-db944b1e0269,2024-03-22T10:16,2,25.88,Card,Cancelled
ac721826-2858-4f6e-99c7-ed6dc4891965,36b880b0-e9bd-4c0b-8f1c-32018f6c758a,2023-12-29T10:16,1,9.56,Online,Completed
cc527489-39a8-4a7d-b527-800ede77f57c,bb6ceda0-3f7a-4dfa-9862-41a88dd468b2,2025-06-22T10:16,7,148.33,Cash,Completed
450c41aa-96ff-4d34-aeb5-e41adc220f40,0df3bae1-6384-4856-aa27-aef9f6c48b75,2025-04-28T10:16,7,179.97,Cash,Completed
bd2f129e-f954-444f-9580-c36dba4f8f6a,dcfb3d05-846d-4915-99f3-ebbc7559d972,2024-06-22T10:16,3,54.78,Online,Cancelled
55701e03-0d4c-4706-a653-0adb8f366cdc,e277d099-db2a-4aee-ab86-8b0e73a34383,2023-12-19T10:16,3,18.72,Card,Pending
1a97897e-85b5-4395-8e25-e1d3d098d933,59827b2a-ae17-44b1-bd6f-6f08718559cb,2024-04-20T10:16,1,24.92,Cash,Completed
93f188c2-cf6f-4de9-8520-d2cba4020a53,7c991f43-c18b-4404-8826-97691b0dc00c,2025-04-13T10:16,7,147.14,Online,Cancelled
0ec559db-8629-493c-a951-5f880bd8517c,a938df5f-7764-459c-8bfd-90409d16b3c6,2024-03-04T10:16,5,48.50,Cash,Cancelled
f0ba73d3-9d3d-4473-b797-c749fd64a69f,5eb75bc0-d5fa-4209-9d42-7767f3f0585b,2024-12-24T10:16,5,109.90,Card,Cancelled
fdb802f7-32d1-493d-a92a-8fdc5971552f,4717d2a3-4b2a-44f1-b960-a2b73e2d23fd,2024-12-23T10:16,2,13.34,Cash,Cancelled
ef76380b-ca75-4478-83d8-f0affd158480,0a5bd884-b432-4ce5-b14e-44b4aedd4c0f,2024-04-24T10:16,1,16.08,Online,Pending
3e091063-0271-4951-9eda-1322848d78b1,0a0ac3e5-6e20-4fbc-87ec-5481c70e38bc,2024-04-22T10:16,2,45.72,Online,Pending
f1a23024-2e65-4855-89c2-133bcce12b9c,1a48aa9a-def3-481d-922a-94300aa97309,2024-03-19T10:16,9,161.73,Card,Pending
7eb8f397-7953-48f4-8a7a-cb27c6401ae0,935ebde1-5945-4673-886e-1a7a12cc2d4e,2025-04-26T10:16,4,55.68,Cash,Completed
ddb4505c-d9f6-4777-873e-efbfd4d83dda,2a109685-1399-4149-8951-fba29bb0360d,2024-04-20T10:16,7,201.32,Cash,Completed
030fc5fc-b790-4b2c-ab88-f4392c986065,a190f67b-21df-46bc-8164-46bdfa00af85,2025-10-05T10:16,7,141.12,Online,Pending
0c5d7f0d-4221-4e3d-a920-ea63b97e7c85,1a31c678-d420-495a-aff3-0f1609514e1e,2025-09-22T10:16,7,66.78,Online,Pending
c3a3f6ff-666f-4ee0-a000-0478a2c0e61d,8e1bbe6c-7b75-46dc-8ca1-0b1664cd6ae4,2025-02-06T10:16,9,149.58,Online,Pending
6ea04b99-d685-42f8-b2d3-ab727f85872a,02c65c06-56ad-4670-b8e2-10ab417c7154,2024-05-24T10:16,2,54.48,Cash,Completed
e4e8c89d-2132-4761-be62-da02f281380b,9c53f3f8-5b22-4d77-bd76-cfa6c70e443c,2024-05-19T10:16,2,12.90,Online,Cancelled
01fe415c-ead5-4d30-85fb-99cc5c5305c8,0a5a9fc7-e126-48f0-99aa-dea85c606f66,2024-08-23T10:16,3,81.57,Cash,Completed
22e39487-27e6-4705-beac-42325c9bc568,89d26a00-0fde-4c03-8430-b06f6bc3f33a,2024-08-25T10:16,9,183.33,Cash,Completed
95e87c7a-ef19-4720-83fa-3064a1ff2fc6,0df3bae1-6384-4856-aa27-aef9f6c48b75,2024-11-20T10:16,3,66.06,Cash,Cancelled
0a93c127-3e02-486e-9e1a-750d44739ef5,8b546c63-5406-493d-bc69-cfb594b38267,2024-03-23T10:16,4,96.48,Cash,Pending
fc94123b-b13c-458b-9403-a243a2c23088,0a570207-0f70-467f-bbeb-44a0a60a9a25,2025-04-17T10:16,6,73.92,Cash,Cancelled
6961481b-1022-4afa-8908-66f94f0c4d4e,5d6f84a5-a4de-442e-99b9-b8ef714b4436,2023-12-18T10:16,6,42.06,Cash,Pending
ce20ab2d-00fa-4bd2-9be4-a13b3cf17f82,36b880b0-e9bd-4c0b-8f1c-32018f6c758a,2023-12-15T10:16,9,242.19,Card,Pending
35042dc1-4a49-4ce8-9601-0bf246bf3c37,428424b7-1f94-496a-8b7a-497ce177d32c,2025-07-10T10:16,6,58.14,Online,Pending
15684bc8-2f1b-43b4-94d4-9b374f819d6c,0a5bd884-b432-4ce5-b14e-44b4aedd4c0f,2023-11-19T10:16,2,46.70,Cash,Completed
301cb3a2-7b82-4621-a81a-c83e6defcaeb,52c87fd9-fdf0-4256-b929-6153ad24a0ac,2025-02-24T10:16,8,210.00,Cash,Cancelled
9f43242b-1d9a-4585-9129-940eba4338dc,5f0f3def-9ff6-4282-ad04-001c4a769966,2024-12-21T10:16,3,32.70,Online,Pending
5b469354-0e5f-4712-8dc1-34023c9df366,6e6d2c67-f7fb-4a98-8f9a-4822259b25c4,2025-01-19T10:16,9,124.38,Cash,Cancelled
fd098d92-c153-470f-b8a7-6198c8eb58fe,73a2b03c-2dca-486e-8ebc-c4d6bb68a8c6,2025-06-04T10:16,4,78.36,Card,Completed
291e3dca-737a-4ddb-b054-bd6bd56f0765,3dcaabe3-78c9-4d88-bed5-56ca7ceea07c,2025-10-30T10:16,1,13.92,Online,Completed
3e4fc8ea-ecf9-446b-92b1-7d11935e8182,ada8704c-2784-4d70-84da-10078407d2c8,2024-02-09T10:16,1,29.01,Online,Cancelled
397a42a3-23c2-4168-a508-b03cf6bb9740,935ebde1-5945-4673-886e-1a7a12cc2d4e,2025-02-20T10:16,7,201.46,Online,Pending
e76edc4d-641f-44af-8ef3-a57c447a914a,428424b7-1f94-496a-8b7a-497ce177d32c,2024-02-13T10:16,8,161.12,Cash,Pending
68a45928-16be-483e-aad6-8eb6bf0fb1d2,0df3bae1-6384-4856-aa27-aef9f6c48b75,2024-10-18T10:16,5,44.35,Online,Completed
68a3b84c-282b-4706-9f8d-78b624631e41,a938df5f-7764-459c-8bfd-90409d16b3c6,2025-05-10T10:16,9,179.91,Card,Cancelled
50767a5a-c1f1-4dd8-b7a2-7c6bec48a46f,cf65c4b6-4c1c-420b-95de-23e5b56ffad5,2024-05-29T10:16,8,224.80,Card,Pending
e5c03b88-1912-432b-b599-9287b43c0970,65b2c0ea-6192-47fc-9286-2c1dd3ecefb1,2024-04-13T10:16,7,171.22,Card,Cancelled
d7526763-acfb-4be9-8f06-2b92000b3576,5f0f3def-9ff6-4282-ad04-001c4a769966,2023-12-29T10:16,9,53.37,Online,Cancelled
c7bd3dbc-d711-4f97-a40c-9cc511df69b8,f067e21d-d1d4-4e87-9cae-9753f5f9ccb6,2024-03-22T10:16,2,55.78,Card,Completed
4e036d36-61f1-4798-8632-2033edae4100,8113211c-bdc3-4bb0-94d9-3fd3871f3005,2025-05-04T10:16,1,23.06,Card,Cancelled
7ed6bf15-5f11-400d-92c8-38a697b7bd15,fbe227d7-6d32-4407-9783-7fdac983e55f,2024-09-20T10:16,7,49.84,Card,Cancelled
aa71e7ca-b813-43bd-b695-5091473ac815,caad7924-4bc5-4f85-9662-11ca261e3c87,2025-03-27T10:16,9,160.83,Online,Cancelled
55d1c319-4c4d-47a0-9ca9-f5e070b4c4dd,000f9c8f-2fc7-4346-844d-c04f10751265,2024-12-01T10:16,1,25.57,Online,Completed
54ca94e0-a200-4942-b283-b8530a00a4fd,f3826f04-0dfa-4266-8002-58fede0093f5,2025-04-08T10:16,4,38.76,Online,Cancelled
7d435319-4504-4ae4-b593-0a054c907cb6,935ebde1-5945-4673-886e-1a7a12cc2d4e,2025-08-16T10:16,1,25.02,Online,Cancelled
b8fc270f-26eb-47f2-a152-8786a51dd1a8,21edfc22-3f73-4335-a774-3cf78ab65e86,2024-10-30T10:16,1,14.12,Cash,Pending
4d822838-a2c0-43d7-9ff5-e68bf2b55b2c,4f6ae324-5b6d-47d6-a86d-26ec6fbe1e0e,2024-02-01T10:16,5,123.90,Online,Completed
9b536f05-f71e-4c33-a8da-2628e84b8e1c,63846b60-b7be-4087-ac6e-56c9bc130a20,2025-01-28T10:16,1,9.86,Cash,Completed
63604bbf-35ae-40ac-83bb-1186d51aab2c,365c90d0-a590-4209-9401-2ce55af5ed98,2024-01-22T10:16,6,52.92,Online,Pending
fe4db31d-b2fd-44b4-8eaf-6a645b4c1740,caad7924-4bc5-4f85-9662-11ca261e3c87,2025-04-03T10:16,6,79.26,Cash,Pending
85305b99-565e-4e28-86bb-71840f660c30,4e44f26d-5455-405b-8fdb-63ab8b739ecf,2023-11-29T10:16,3,59.85,Online,Completed
5b75de07-d98a-4c44-a45d-bfc3938e85d2,74e76582-f1b8-4560-b049-8aebb59d4721,2023-12-12T10:16,4,58.68,Cash,Cancelled
4354001f-4a26-4ff4-9124-c10360f672d5,6c6a3b10-9747-4dca-a041-4edc22d147b0,2025-01-17T10:16,2,15.62,Online,Completed
618085bb-7a46-4d03-8fc1-f67e385dee76,0130fcd4-a6cf-4a72-8400-7bcae1abce34,2025-01-16T10:16,3,19.11,Online,Completed
2b2f08dd-47dd-41c5-a58c-2d424f006744,8b115a34-224b-453c-be69-b53a7445b466,2025-06-20T10:16,8,108.48,Card,Completed
5f6e8b98-f94c-4c37-aa27-94f3c5df2733,6c3bf618-a715-40f9-9faa-cfc5f5beef2f,2024-01-29T10:16,6,30.72,Cash,Completed
33919863-f4e5-4228-81e6-015f7fca6858,6117b6f0-c4f4-4bf1-9eeb-f33950decba8,2024-09-18T10:16,4,28.92,Online,Completed
8e016730-0af0-41ff-a8dc-438fb97a7dbe,6aaabc79-3d35-410f-bb96-f86a3930d0ff,2024-05-15T10:16,4,63.32,Card,Pending
5475a742-f322-4607-ace4-281e5615f3bf,8f7f530b-bb30-4a05-b437-744ed30af54f,2025-10-27T10:16,3,50.58,Online,Completed
e01132a8-1f26-4b14-8dd0-653e8109b1c4,0472ca7f-b133-4710-8f43-24a3c6c1afd1,2024-06-27T10:16,5,132.05,Online,Cancelled
8e5cb918-a2b5-4d1c-b1b0-355d72b3b83f,d5cfb1a3-ce2f-4aff-ab4c-50e0c5426af1,2025-03-01T10:16,1,13.14,Card,Cancelled
c36c08d5-877e-4435-9e90-0361b554a966,aff4340c-d102-49ba-af8e-84d2737ce82c,2025-10-30T10:16,8,68.64,Online,Cancelled
23ca8adb-9050-4bfc-a9f7-7aae2253346c,e38afcd9-9e08-47ba-bc92-5ebb4bc271eb,2025-01-26T10:16,1,17.92,Online,Pending
3536558b-6820-4fae-b727-84c228b14cb6,8f7f530b-bb30-4a05-b437-744ed30af54f,2024-02-29T10:16,4,47.60,Card,Pending
19af23d9-5e61-4862-924d-8d91186f5ac4,14eace30-1ac2-411e-8eef-98e8f32a87fb,2024-10-01T10:16,1,21.97,Cash,Cancelled
7dbc2ae2-4f4e-477c-8a60-7703aae7dc8b,d3f641e5-b8b5-4f5f-9155-7768df2033e8,2025-02-01T10:16,8,53.04,Cash,Cancelled
086e6dda-87af-45e6-b8e6-f549985405e4,73a2b03c-2dca-486e-8ebc-c4d6bb68a8c6,2025-09-03T10:16,1,27.45,Cash,Cancelled
272d2602-9ada-491d-b5e5-8b32b8a05bcb,bb6bf39c-f455-4e08-a59e-1bdaaa91d4aa,2025-10-20T10:16,6,132.06,Online,Cancelled
13f08330-fc4b-4ba5-9904-3215ace2b49f,02c65c06-56ad-4670-b8e2-10ab417c7154,2024-07-15T10:16,2,50.98,Cash,Cancelled
bc61950d-f04c-4b46-9103-f8bdc512e557,5eb75bc0-d5fa-4209-9d42-7767f3f0585b,2024-07-11T10:16,4,56.84,Online,Pending
6d2f2778-0cb8-4014-a870-8bd21fcdc0cd,365c90d0-a590-4209-9401-2ce55af5ed98,2024-06-25T10:16,6,53.04,Cash,Cancelled
e4dd8b89-ebe4-4e54-8618-e7452b4d0445,0a5a9fc7-e126-48f0-99aa-dea85c606f66,2024-05-12T10:16,6,68.64,Online,Cancelled
8334c1be-711d-4feb-94c3-a0f30c69b7ce,0a5a9fc7-e126-48f0-99aa-dea85c606f66,2024-08-23T10:16,2,46.48,Online,Pending
282e42f0-f8c6-4d34-b079-6a05d1dd29ae,6c6a3b10-9747-4dca-a041-4edc22d147b0,2024-08-24T10:16,7,62.30,Online,Cancelled
cb1fd90e-264a-48b4-99ce-49df544952f3,5eb75bc0-d5fa-4209-9d42-7767f3f0585b,2025-07-10T10:16,5,127.60,Online,Completed
e09e0a7b-98b7-415a-b8da-607eaf97b184,0fcf4084-ea31-49f8-99f9-9bf8c8b0c16b,2025-06-15T10:16,7,208.67,Cash,Cancelled
9102aeb6-12d8-405e-a165-c374f40913ae,4b14a58c-f1e4-40b6-888d-a88cd7055099,2024-07-28T10:16,3,21.18,Online,Completed
4d20ccbe-3503-40d7-8025-23eb471113e2,63846b60-b7be-4087-ac6e-56c9bc130a20,2024-06-01T10:16,3,43.50,Cash,Completed
ef6d3091-8ade-401b-b3aa-4a1eb4f6e2d0,c1a09d60-c9e8-4489-a68e-e01b51541d33,2024-09-21T10:16,7,207.90,Online,Completed
9e24ed0f-7fd2-493b-99f7-857ddfcec587,98b17fed-218c-4f20-8410-9f0edfc74455,2025-01-18T10:16,5,113.70,Card,Cancelled
d72c985a-08b5-40de-906a-a0d524341f5e,953417c6-cd52-45e9-9ca0-bb450653c934,2024-05-04T10:16,4,107.84,Online,Cancelled
dba3e0d8-2614-405c-bf80-4b2f5af0ab2a,1a48aa9a-def3-481d-922a-94300aa97309,2024-05-30T10:16,1,28.11,Card,Completed
6f3fd2f4-a77c-4fbe-bede-b3bdf6167368,b3688304-b24b-416a-9bf4-c2b6aaeb59d3,2025-06-02T10:16,3,28.86,Cash,Completed
e8b610c6-5892-4f66-8011-002905a456f5,e119f98a-df63-41dc-8e01-bb49ca2dc724,2025-01-03T10:16,3,87.72,Online,Cancelled
f22d6837-18a6-4da4-b3ce-d8b1f5116188,205ea7f7-e714-45b8-a083-11247ff702a1,2025-05-07T10:16,1,21.92,Card,Cancelled
7e439ce6-3c91-4cbe-b5b7-64ea3e54307a,0a5bd884-b432-4ce5-b14e-44b4aedd4c0f,2024-02-10T10:16,8,198.40,Online,Completed
633ed08e-2ef2-4fa4-a904-2be53063e175,00d7ae70-0f46-4453-963c-4ab2a3d29314,2024-10-25T10:16,9,148.59,Cash,Cancelled
3f850a11-8b2b-4ecb-9eef-bec2a8875f77,b3688304-b24b-416a-9bf4-c2b6aaeb59d3,2025-06-22T10:16,2,31.50,Online,Cancelled
8962cf75-3c73-469b-9d3b-47d94e1c0e77,ebe19120-496a-47fa-87eb-2440212a3363,2025-02-12T10:16,2,26.56,Cash,Completed
ac91f40c-9858-4cc0-910a-d59b17a6ef50,f067e21d-d1d4-4e87-9cae-9753f5f9ccb6,2025-02-12T10:16,4,107.24,Online,Pending
e187b7d6-ed73-4632-b479-cd8e44ae3ce7,0dd437d0-74fa-43c3-8909-5c955e4d47dd,2024-10-29T10:16,7,52.01,Card,Completed
ebe4d61c-f5df-4269-b705-4c8a16c3f913,f6c35464-33dd-44a7-bf84-071f2e427045,2024-07-29T10:16,8,218.40,Cash,Completed
e9d96adf-9a86-4dba-bacb-bd53c2760b9a,5eb75bc0-d5fa-4209-9d42-7767f3f0585b,2025-03-23T10:16,3,27.39,Card,Pending
e925b390-0bb9-493f-bcdc-398106026f1b,c0d74d86-5c5b-481d-b8e3-61eeb9c77255,2025-01-24T10:16,4,113.92,Card,Pending
d770a21d-191c-4005-bd29-8c5af50572f0,dcfb3d05-846d-4915-99f3-ebbc7559d972,2025-07-25T10:16,8,181.44,Card,Pending
8eaa8421-89fb-4aec-9971-988e5b3d0ccd,6bd388d4-5636-450b-bacd-55bdcb769bab,2024-04-18T10:16,6,102.72,Online,Cancelled
47b411d6-00f5-4c6d-84c1-c5e756c2b1e1,1a48aa9a-def3-481d-922a-94300aa97309,2024-07-16T10:16,6,119.28,Card,Cancelled
1f508222-40b3-40b9-81dd-8fc7babbad5f,92da274a-bea2-490a-bb52-196c46fa8487,2025-01-29T10:16,6,37.26,Card,Pending
5bbd3194-2a97-49c5-b3aa-348a12e80e1a,59827b2a-ae17-44b1-bd6f-6f08718559cb,2025-02-03T10:16,4,119.88,Cash,Completed
2ed407b3-038d-47c2-aea7-2939864a7fba,0a5a9fc7-e126-48f0-99aa-dea85c606f66,2024-12-01T10:16,8,204.08,Card,Cancelled
929fc3c1-c634-4193-bd06-992cde8e9ae5,7169ef0c-f2c8-4ae3-83f6-87691664d2d2,2025-03-15T10:16,6,171.54,Cash,Completed
b9c28665-b8f8-456d-afcc-75147e4b4ab3,ec3490d2-e8da-47ee-ae12-0ca0b1d7a2bb,2025-04-23T10:16,9,65.97,Cash,Pending
666e0b3b-1b92-44db-9003-ce155fc16b6c,935ebde1-5945-4673-886e-1a7a12cc2d4e,2024-01-21T10:16,3,49.20,Cash,Pending
558fc514-6879-4e66-9ff6-7ec16b4e7056,27e45431-1333-4ffd-a0c8-be56ffdc5d4e,2025-10-27T10:16,5,44.25,Cash,Pending
ea2d115e-eba7-4052-b598-a172386d59b7,0a15d43b-8f6b-444a-bef2-ffbddfdbd16f,2024-07-18T10:16,5,70.90,Cash,Pending
db9b337f-8552-407b-bd1c-1c889c9c80f6,aff4340c-d102-49ba-af8e-84d2737ce82c,2024-12-24T10:16,4,97.48,Cash,Cancelled
95980bf0-be44-4f64-a7cf-17237954d7e7,6b1178fc-1745-401d-88da-3903c243ebe9,2025-09-17T10:16,5,97.85,Card,Cancelled
eefe6eb1-2539-43ec-88a4-08c6a641639b,b3688304-b24b-416a-9bf4-c2b6aaeb59d3,2024-04-18T10:16,7,116.55,Card,Completed
6ef30ccb-9e0a-4695-9f9e-fcb63fce0a43,d6d4ef4b-0870-48aa-b884-013237f255f4,2025-05-12T10:16,4,100.04,Card,Pending
e74f7bbb-752a-426f-9568-e4c8443a5061,3ab3404a-ee80-4ed2-8d90-a6f0dad14e48,2024-03-08T10:16,3,84.57,Card,Cancelled
49cf39e8-15d7-4abe-b2cf-d9eaf3194c71,4739f27f-7a96-4d52-83ae-0c6fd4c8c606,2024-09-20T10:16,3,41.85,Card,Completed
013d2094-cb67-4220-ac14-12556b812656,0a5a9fc7-e126-48f0-99aa-dea85c606f66,2024-06-09T10:16,4,62.92,Card,Completed
b5932b56-0ea6-4899-a6e2-a259e5b97b3a,00d7ae70-0f46-4453-963c-4ab2a3d29314,2024-03-26T10:16,6,118.02,Online,Completed
58aaf314-3d6f-4718-ab1d-0bbf76320328,8626238e-5813-415a-9a8c-db944b1e0269,2024-06-04T10:16,4,117.36,Online,Completed
07213810-bc0c-4219-acbb-189517ab08bb,8b115a34-224b-453c-be69-b53a7445b466,2024-12-27T10:16,3,63.24,Cash,Cancelled
d66ab2c2-6b45-4c74-9f35-9c917f20e88e,515fe1d2-d33a-4b9d-8c19-07e0cbe81a9a,2025-09-21T10:16,2,44.52,Cash,Completed
0c144af4-643f-4706-8d86-f38839ba7d78,60cd80b6-3967-4dae-b4df-adc7b5644971,2025-05-27T10:16,6,42.06,Online,Pending
83eb2df8-6b85-47d0-b5ab-a79d97368bbe,74e76582-f1b8-4560-b049-8aebb59d4721,2025-09-05T10:16,4,31.20,Cash,Cancelled
f23fd6ea-bd1c-448b-a6e1-5159866dfd6b,1a31c678-d420-495a-aff3-0f1609514e1e,2025-01-11T10:16,4,77.28,Card,Pending
6d0c9d32-a907-4be9-8c77-9274f2e62fb1,4bb2d776-14c0-4ef6-b8ba-c580cbed72b8,2025-10-31T10:16,8,53.92,Card,Cancelled
c73cfc5c-c91a-4f82-83e9-1f9775765fb0,65b2c0ea-6192-47fc-9286-2c1dd3ecefb1,2024-12-19T10:16,9,94.59,Cash,Pending
78a572cf-0aad-44db-90c2-d506311c3771,9c53f3f8-5b22-4d77-bd76-cfa6c70e443c,2024-03-01T10:16,7,167.23,Online,Pending
9d0a6ec0-ef5f-4166-ba77-59759ed0c23e,49af098b-bf79-4643-8e49-739ea932d38b,2025-05-10T10:16,9,140.49,Online,Completed
512ee30d-9887-4659-badc-1f93c4da7679,824998a2-7592-4051-ab0b-d5e12743c93b,2025-10-03T10:16,5,122.40,Card,Pending
25022672-b234-4636-9cbc-3c3a70be4303,a5ffc907-be77-43e6-8694-4a0bf09bd3fb,2024-06-12T10:16,1,20.60,Card,Cancelled
6566d790-2afc-46a4-a4ef-ae86fc7c0578,e85d0261-2d97-4475-a749-363ec9040a74,2025-05-20T10:16,7,57.82,Cash,Pending
5456328b-f02f-4630-8370-657e0301c799,fbe227d7-6d32-4407-9783-7fdac983e55f,2024-03-27T10:16,5,47.60,Card,Completed
b2ec233d-b234-425e-abf5-4ead6f314fb1,52fbb114-83aa-432d-b2f1-f3e37a5c4754,2025-01-23T10:16,2,45.44,Card,Cancelled
84612c7e-cfb6-4f76-95d0-17e2e818e513,ba5d9947-b043-4aca-8ee0-6b77895cf8e8,2025-07-18T10:16,5,100.45,Online,Pending
afebe0e2-5aac-4f55-acbc-bdff82ad6230,9b9edd1e-b4f7-414c-b8b5-a3dc51fa0a8c,2024-05-24T10:16,6,38.40,Online,Completed
78bedbbf-d5b9-4fac-9824-aeb03574561e,6b1178fc-1745-401d-88da-3903c243ebe9,2025-10-09T10:16,1,15.15,Online,Cancelled
8302b70c-55a7-4c43-9796-c74238062ec7,7169ef0c-f2c8-4ae3-83f6-87691664d2d2,2025-02-13T10:16,1,9.69,Card,Completed
51e470c7-b9c4-48f5-9705-d29c66ec57a1,8626238e-5813-415a-9a8c-db944b1e0269,2025-08-08T10:16,9,82.98,Cash,Pending
49f2cf48-8273-4890-84cb-50532bc7c7c4,a5ffc907-be77-43e6-8694-4a0bf09bd3fb,2024-10-14T10:16,8,178.48,Card,Pending
17fa93f5-5a7b-450d-9d16-c2a1b34eaa87,ada8704c-2784-4d70-84da-10078407d2c8,2025-02-04T10:16,9,89.82,Cash,Completed
299226e7-204d-4a51-91ff-6ed5c0615b47,8f7f530b-bb30-4a05-b437-744ed30af54f,2025-04-13T10:16,7,100.38,Online,Completed
6dfdb623-a776-4d64-bd89-79c41962dab5,953417c6-cd52-45e9-9ca0-bb450653c934,2023-11-29T10:16,8,76.32,Card,Cancelled
61c6ba11-905e-4cbf-a4a1-3509ee1e034d,209e786b-2a61-4e52-a3b2-1cc98bcbf18c,2024-05-15T10:16,3,76.26,Card,Cancelled
5f21ea93-3699-4b24-a2fc-672f08910d88,885715b6-b1eb-44ca-8460-28c0343e56f3,2025-09-21T10:16,1,24.41,Online,Cancelled
8e586774-8e8c-4915-8d3f-f6cef6bc7c28,52c87fd9-fdf0-4256-b929-6153ad24a0ac,2023-12-20T10:16,1,26.28,Online,Pending
a1c301bd-8597-4f8b-8773-3a94b252dc37,c0d74d86-5c5b-481d-b8e3-61eeb9c77255,2025-06-14T10:16,1,20.32,Cash,Cancelled
808fbae3-3654-4e2d-b6fc-5fd05ac7d513,00d7ae70-0f46-4453-963c-4ab2a3d29314,2025-07-15T10:16,2,36.08,Card,Cancelled
c73e96b9-8b40-4d4b-bb23-bf8c863267ad,910b1d47-5c37-48b1-8bde-96c60660f1d7,2024-07-25T10:16,8,177.76,Card,Completed
50b2f7c7-fbf9-4bc0-83b9-e064c66bc2dd,5f0f3def-9ff6-4282-ad04-001c4a769966,2024-08-25T10:16,9,259.38,Online,Completed
c553f878-04bf-4ade-8e1f-1356edff8689,c0d74d86-5c5b-481d-b8e3-61eeb9c77255,2025-01-01T10:16,3,28.83,Card,Completed
608a53ec-a39b-4069-be31-0c6c615cef32,c5817fdc-a4dc-4879-b957-30cfda62016b,2024-10-29T10:16,6,109.20,Card,Completed
190a517d-042b-4d32-b4d9-fa8320f2a824,c9dcc28a-ae5f-477c-ae7e-72d94129f449,2024-05-27T10:16,1,9.09,Online,Completed
271b712d-c369-4d71-be5d-54b92cf2b5ad,f90cf3ca-e2d0-4129-bc7a-e8a2b80880da,2024-05-28T10:16,5,73.95,Online,Pending
6724cafc-eb16-481f-afb2-056f05fabb5d,6aaabc79-3d35-410f-bb96-f86a3930d0ff,2024-02-17T10:16,1,17.59,Cash,Pending
0eec225d-e98d-4843-96ae-68165eca64bf,0d463f72-c3a1-4a2b-8d0d-1721a0d1a06b,2024-04-08T10:16,4,95.44,Online,Cancelled
836ef362-21ec-4f34-806b-f83b478c549e,d6d4ef4b-0870-48aa-b884-013237f255f4,2024-11-01T10:16,4,77.80,Online,Completed
9bb2895c-1bcb-4c82-a049-413018f8943a,c3ffc43c-0c11-40fa-9824-f234161741d0,2025-04-19T10:16,4,89.96,Online,Cancelled
88c53f6f-c0aa-4680-928e-25a17244f8c1,4e44f26d-5455-405b-8fdb-63ab8b739ecf,2024-07-09T10:16,2,20.32,Online,Cancelled
4102c45e-0657-4129-91b2-284f31eb533f,e12c3d24-86c8-474f-b86b-370df36adbfe,2024-04-09T10:16,4,103.72,Online,Completed
058983c2-b7f6-449b-a985-888d1558cefb,f6c35464-33dd-44a7-bf84-071f2e427045,2024-11-25T10:16,1,16.02,Card,Pending
b63fbc4a-2c22-48ab-a012-f406c0929289,05ccd8a5-ea5f-4353-bd1e-3022152b0685,2025-04-09T10:16,6,125.10,Card,Pending
fbcc7b06-caf3-41c9-a441-77a42f9ccf5b,205ea7f7-e714-45b8-a083-11247ff702a1,2025-06-04T10:16,2,23.20,Card,Completed
8c1f6101-7fa6-4610-8fac-067669133ebb,e886c155-0dae-4b36-88f5-a86fa474d1f6,2024-01-07T10:16,7,173.53,Card,Completed
f6e401b0-1738-498f-bf85-0267a1c183d1,80537cf2-360f-4740-8b7e-d4cd56e22987,2025-08-30T10:16,1,16.68,Card,Pending
22263eed-4a7d-43a6-96db-0058f8e598ed,4e6807ca-aed8-4ec9-b1b0-0e3aba57efb1,2024-10-08T10:16,1,23.21,Cash,Cancelled
3cf769e8-2fb4-40f1-b956-ba7fa555d584,9fa382f0-8393-48db-ad30-43c953282401,2025-02-07T10:16,3,76.62,Card,Completed
22a4f8bc-549b-4b7a-9f7b-fdf572e08333,cb8747c7-32ca-4b6b-868d-13ab01d953ec,2025-01-31T10:16,3,48.30,Online,Cancelled
ade0fd38-3b26-4e4f-b6c1-f110809215db,4bb2d776-14c0-4ef6-b8ba-c580cbed72b8,2024-03-26T10:16,2,43.44,Online,Cancelled
859b8586-9ebb-4c7c-9392-c22a69748b5f,c63bd277-c81c-40c5-8720-6ce916d653c4,2023-12-09T10:16,1,24.46,Card,Cancelled
4fc4163a-cdb1-4edc-a0d6-ffdbca59d296,53db1213-7316-47bb-9099-c1def0e3c96b,2025-09-24T10:16,9,59.85,Online,Pending
60da28f9-937b-486c-b58a-ebda1b568675,0d463f72-c3a1-4a2b-8d0d-1721a0d1a06b,2024-11-07T10:16,7,49.00,Online,Completed
8bc5fa6b-d485-4292-85d8-e9d4535452e0,ada8704c-2784-4d70-84da-10078407d2c8,2025-07-13T10:16,8,192.32,Card,Completed
1d00cc19-cf81-44ed-8c15-28d80fca2f23,05ccd8a5-ea5f-4353-bd1e-3022152b0685,2024-03-10T10:16,6,132.72,Card,Completed
ead5338a-b83f-4800-90f5-b48bce58fbc4,d5eaf6a7-76cc-48ec-98d9-ba713e2df70f,2024-04-01T10:16,4,41.16,Cash,Completed
1645bcd0-8a0c-48c1-80e8-a42445bb379d,3910ab11-8758-4a4f-8a9b-c4f5df7413c4,2024-08-03T10:16,6,116.16,Cash,Cancelled
e88e1442-78d0-4724-bfe3-987f10b13496,d87f31d7-79ef-4c17-856e-142e791b04da,2024-11-13T10:16,4,64.44,Cash,Completed
81ef529b-ebc1-47bd-b97b-554dcfc3b982,401a6911-a31e-4892-adc1-56e3e1eb090a,2025-02-01T10:16,8,106.64,Card,Completed
60b2a64a-6e0e-41de-bba4-bffb72f4e752,2a109685-1399-4149-8951-fba29bb0360d,2025-02-11T10:16,4,105.40,Online,Cancelled
607dac5b-8bfe-46a2-a9a6-09eb8bb3e2aa,ceafdb2a-788d-48e0-acdd-bd533a2e7ab6,2024-07-29T10:16,8,59.28,Online,Pending
5f065907-e5ad-4c4e-aed2-8da55b0caf0b,4e44f26d-5455-405b-8fdb-63ab8b739ecf,2025-02-08T10:16,4,25.88,Card,Cancelled
f04388c2-ea44-48b4-afb9-c98ca65471a2,6aaabc79-3d35-410f-bb96-f86a3930d0ff,2024-02-24T10:16,8,109.76,Card,Pending
f3dd556a-8438-4bc4-8533-c5cb3171a1d2,c0d74d86-5c5b-481d-b8e3-61eeb9c77255,2025-09-15T10:16,1,14.91,Card,Pending
828acc92-9342-480d-8e85-db785c80eb71,27e45431-1333-4ffd-a0c8-be56ffdc5d4e,2025-10-04T10:16,2,11.38,Cash,Pending
790314e3-4729-4e46-9f8a-d0531223fea5,c63bd277-c81c-40c5-8720-6ce916d653c4,2025-09-19T10:16,1,7.13,Online,Completed
0f9448d3-1640-42bb-95b8-61a7ebbdd11c,89d26a00-0fde-4c03-8430-b06f6bc3f33a,2025-05-27T10:16,7,130.20,Cash,Pending
4cb80ee3-29f8-417f-b4bb-e5bd601b7394,f90cf3ca-e2d0-4129-bc7a-e8a2b80880da,2024-04-05T10:16,2,52.24,Card,Completed
e9df36fe-ae81-4373-a5fc-12ffe5c0793a,964d337f-acd5-4ca2-8843-9be3f2eb60fc,2025-03-25T10:16,1,20.90,Cash,Pending
380600ea-5afd-4d67-b6d7-27595e3a664e,46032f36-69bc-465a-9b33-a5d560bfd77a,2024-06-07T10:16,9,210.06,Online,Completed
29b63d66-3b29-416c-a8ad-7c870c8babca,74e76582-f1b8-4560-b049-8aebb59d4721,2025-01-25T10:16,6,153.78,Cash,Completed
66daa194-bb25-4ca5-ab34-c942ae43cbfc,4e44f26d-5455-405b-8fdb-63ab8b739ecf,2024-08-31T10:16,3,85.35,Online,Cancelled
3e2d6e5f-d22c-4722-9cc5-157100829277,dcfb3d05-846d-4915-99f3-ebbc7559d972,2025-06-15T10:16,7,43.75,Online,Completed
82334310-77ae-479d-971b-7fe0e7807669,983d66ae-c8b0-46b8-8abc-26a1055cf729,2024-06-10T10:16,3,32.52,Card,Pending
e3018195-4b2f-41cd-befe-1cdc22d6a11d,b04ce307-2d1f-4214-b023-d8f4379041a1,2024-05-21T10:16,4,69.40,Card,Completed
f013979c-48cc-49bf-bd1f-5a8bda63b1db,0a5bd884-b432-4ce5-b14e-44b4aedd4c0f,2025-03-30T10:16,9,242.10,Card,Cancelled
bf86ca3f-a153-49aa-895f-0c74a4ef76c9,500fde18-ea61-4380-9ea4-f06d09985870,2025-10-29T10:16,9,151.74,Online,Completed
b1cedf86-426d-43af-a498-3bb39b42ac06,e85d0261-2d97-4475-a749-363ec9040a74,2024-05-05T10:16,7,65.31,Cash,Pending
62eb84e2-a47f-41d8-b12f-cd255eb780c5,8887df7e-682b-4d48-b18c-c1ddfa0aaa26,2025-05-11T10:16,9,99.90,Cash,Cancelled
8a672110-bb50-4364-8033-68c7d035aed0,726d71e2-70fd-4416-8568-78619c14a73a,2024-11-03T10:16,1,5.91,Online,Completed
8351b839-6372-4b23-b696-abc5b99fc3da,885715b6-b1eb-44ca-8460-28c0343e56f3,2024-01-20T10:16,5,48.15,Online,Pending
ef9594e3-e323-4f0a-8456-62fbebb38f58,00d7ae70-0f46-4453-963c-4ab2a3d29314,2025-01-02T10:16,8,154.80,Online,Cancelled
c1d20174-dc2d-4ae9-95d6-3eb6cc865eee,60cd80b6-3967-4dae-b4df-adc7b5644971,2024-12-15T10:16,6,85.32,Online,Cancelled
9501858a-171b-420e-9933-cd4c7b7fc0d3,bc58b12c-65c4-4f21-89ef-3e492a22ef7c,2025-08-13T10:16,8,84.48,Cash,Completed
aee21dc3-fb19-44db-8c00-9a4bff1b3c29,c0d74d86-5c5b-481d-b8e3-61eeb9c77255,2025-08-05T10:16,9,159.93,Card,Cancelled
27a965ad-f78e-494b-a16e-781efed83b42,52f5634d-de98-4543-8a1e-cbf1e2d0242f,2024-07-05T10:16,1,7.09,Card,Completed
895f7db9-3460-44b0-81e8-4d44e7a251bf,515fe1d2-d33a-4b9d-8c19-07e0cbe81a9a,2024-05-12T10:16,5,85.40,Card,Pending
2d21776f-9f90-4ec1-aa40-5ae18c16aff1,caca465c-e9f2-4add-91b5-24c70595e321,2024-05-31T10:16,4,85.52,Card,Cancelled
5cb09e78-1196-41a9-a9bc-d84d4c0e2090,74e76582-f1b8-4560-b049-8aebb59d4721,2025-03-25T10:16,9,200.61,Online,Pending
35b171a1-c0c1-452a-bc9d-e17fc6e65655,0a5a9fc7-e126-48f0-99aa-dea85c606f66,2024-05-22T10:16,4,61.84,Cash,Cancelled
99fa417f-0e33-42a9-93ad-1762024fc88a,21edfc22-3f73-4335-a774-3cf78ab65e86,2024-03-14T10:16,9,161.10,Card,Cancelled
b456f96e-8c23-487c-949f-b0aa7051cfef,6e551d53-4f6d-4b84-a9de-3d7c79694805,2024-02-20T10:16,4,119.00,Cash,Pending
03640a8a-8a43-4f43-9e4b-cf0abd1ca20d,1233cc27-7567-48e0-8dd2-6b0019506c2f,2024-03-10T10:16,6,124.92,Cash,Pending
aa708cd1-10a1-4b5a-b3d0-ea2c746eed3b,06e585f0-5b60-4900-81d1-3379328e6c17,2024-09-18T10:16,2,46.20,Cash,Cancelled
