order_id,restaurant_id,order_date,items_count,total_price_usd,payment_type,status
e8186a76-8bbb-4e3b-9c0a-8cca2feb246c,c0d74d86-5c5b-481d-b8e3-61eeb9c77255,2024-10-16T10:16,1,14.36,Card,Completed
fb42c6e1-1ddf-4a09-bc3b-4700985c7807,71f17b36-2c37-4cfa-bf8a-894fa94c0e9b,2024-07-05T10:16,8,200.32,Cash,Pending
72def23a-4cf5-41d1-96fb-357087fd2f4a,93cdeef1-3fc3-4a63-a275-0ae87ae6b335,2025-05-24T10:16,8,78.56,Cash,Cancelled
c8823314-9037-42ca-9c0f-0009d684b340,59827b2a-ae17-44b1-bd6f-6f08718559cb,2024-06-16T10:16,1,29.88,Card,Cancelled
cd2d709c-7a5e-495d-a7d1-b22dbafb4a96,f3826f04-0dfa-4266-8002-58fede0093f5,2024-08-22T10:16,8,223.04,Card,Completed
5b99a409-b2f8-4035-ad13-486bda619787,b95f7619-fab2-4df9-8683-1f2aeb93a660,2025-07-22T10:16,5,135.75,Online,Completed
d04f4d3b-fac9-43d5-8624-e60a805932ea,77ca464a-fe0d-4dcc-8f08-3eb2f7b64f76,2023-12-05T10:16,4,98.60,Cash,Pending
7fe6de16-33d0-44d7-9b23-d2f1dd8df250,e85d0261-2d97-4475-a749-363ec9040a74,2023-12-25T10:16,3,78.06,Online,Completed
0a6474e5-1b18-42b4-84f9-bf0f241a56e1,cd50913f-8c99-4253-9134-0cf5fe5f300f,2024-08-08T10:16,4,33.92,Card,Pending
6b9cb991-df7e-4e8d-9f29-aad19bc0243b,5eb75bc0-d5fa-4209-9d42-7767f3f0585b,2025-03-05T10:16,9,99.00,Online,Pending
1dfe66fe-ec75-4b36-8049-8b321422b6bb,4f6ae324-5b6d-47d6-a86d-26ec6fbe1e0e,2025-09-22T10:16,5,135.00,Cash,Pending
bfe12b66-2e15-4fe1-90a1-c4c70c0fe4eb,0b2a0e9a-e050-4380-b607-57adcbbf59d4,2024-04-15T10:16,1,11.38,Online,Completed
6a84c64e-ca12-4149-bbed-6aa25023145d,3befa4dc-d961-4a3a-9410-d43d1bdaa335,2025-05-12T10:16,9,162.18,Cash,Pending
d9a5b855-44e0-4872-b981-f660ee3e006d,bf0de251-90d7-423c-8b31-48df1a89964f,2025-03-04T10:16,9,62.28,Online,Completed
efdcf128-4394-4188-8b27-1c34cc5a672a,9b9edd1e-b4f7-414c-b8b5-a3dc51fa0a8c,2025-06-15T10:16,1,6.18,Cash,Cancelled
47faba5f-3081-454b-81d7-40a796d8b201,d87f31d7-79ef-4c17-856e-142e791b04da,2025-10-30T10:16,5,79.15,Online,Cancelled
8b42805d-3dfc-46d8-9c33-8372620ea7ff,25659c0e-6eb5-4c57-add8-fb6ac5f42699,2025-03-26T10:16,1,15.46,Card,Completed
43369adc-a1c2-4ba2-bbb1-c73533126d24,ef7fad1f-a86f-4ee1-95b4-ce1f339f0fa5,2025-10-17T10:16,8,209.28,Card,Pending
a59d7272-23ea-465c-8fe9-7fd943e394e2,23650eb4-f98d-45a3-a90b-a378f03d469d,2024-07-07T10:16,9,229.68,Online,Pending
ac0ccbca-6ea0-4aba-b3b0-5095ba71ddb1,c1a09d60-c9e8-4489-a68e-e01b51541d33,2024-03-12T10:16,1,5.72,Card,Pending
9e2b333a-c2b3-418f-b6d5-20f5e01b778c,e85d0261-2d97-4475-a749-363ec9040a74,2025-09-06T10:16,8,160.32,Card,Cancelled
7f1e1628-d98b-48ed-b8a2-59f6597400ac,5f6e51da-5f01-4c9a-85dd-7d50ef37e5d7,2024-03-12T10:16,4,118.60,Online,Pending
da085c11-572e-41c0-86fb-175b971f43fd,d5cfb1a3-ce2f-4aff-ab4c-50e0c5426af1,2024-01-20T10:16,3,83.91,Card,Cancelled
a340ad77-ee68-4cfa-b66e-ed7e06ebb2f9,515fe1d2-d33a-4b9d-8c19-07e0cbe81a9a,2024-11-30T10:16,9,123.84,Card,Pending
07b81c11-d75e-4dd0-af2f-155524aa6a85,7169ef0c-f2c8-4ae3-83f6-87691664d2d2,2025-08-02T10:16,6,68.88,Cash,Completed
ec8762c2-4fe9-4910-b4da-3b840052705a,2c6dafc9-06cc-4b3d-8b8d-12aae0644c58,2024-10-08T10:16,7,104.79,Card,Completed
0012e7fc-ad68-4a2d-9e37-3e6f0570ddcd,52c87fd9-fdf0-4256-b929-6153ad24a0ac,2025-11-10T10:16,2,49.10,Cash,Cancelled
d66063fd-c298-4356-8396-30603c79555b,52c87fd9-fdf0-4256-b929-6153ad24a0ac,2024-03-05T10:16,4,49.64,Cash,Completed
78167df0-1f7e-40de-a637-d2ddfa793bef,89d26a00-0fde-4c03-8430-b06f6bc3f33a,2025-05-31T10:16,5,116.45,Online,Cancelled
6b89eb8a-18d1-48c7-9c9f-2c223053b3bf,a5ffc907-be77-43e6-8694-4a0bf09bd3fb,2025-06-09T10:16,6,65.28,Online,Completed
6dfed475-9585-4806-a187-283b90b0bb30,5d6f84a5-a4de-442e-99b9-b8ef714b4436,2024-07-10T10:16,6,117.60,Card,Pending
aaa5c9f8-8293-47a8-8713-a92d2e331813,205ea7f7-e714-45b8-a083-11247ff702a1,2024-05-15T10:16,9,46.35,Cash,Cancelled
5245383b-875f-4da4-a51b-ad76b78e02af,ef7fad1f-a86f-4ee1-95b4-ce1f339f0fa5,2025-03-06T10:16,8,182.56,Card,Completed
b6ab0176-9dcb-4eab-a1a5-fca90adbf452,401a6911-a31e-4892-adc1-56e3e1eb090a,2024-11-08T10:16,7,203.49,Cash,Cancelled
011ef7b6-d584-4fdb-9a2d-abdfc2969770,d7af10ce-45c9-4fc8-8dd8-b1c5491aad5f,2024-05-06T10:16,7,106.26,Card,Pending
c181eb95-b9a8-4254-bbaf-92f02e71f6d3,8b546c63-5406-493d-bc69-cfb594b38267,2025-06-13T10:16,4,47.36,Cash,Completed
f3196f06-5735-48f3-b73e-5e98781c016e,6bd388d4-5636-450b-bacd-55bdcb769bab,2023-12-15T10:16,9,145.53,Online,Pending
0ca7330d-dda0-4287-be19-97b0a4bfbe59,d6d4ef4b-0870-48aa-b884-013237f255f4,2024-03-19T10:16,1,17.39,Card,Completed
f9c6eaa4-db50-43bc-b5f3-0e7cb779c26f,0fcf4084-ea31-49f8-99f9-9bf8c8b0c16b,2025-11-09T10:16,1,16.48,Card,Pending
ef8e5a30-1850-448c-b1e8-39f96fa60f9c,cd50913f-8c99-4253-9134-0cf5fe5f300f,2024-08-17T10:16,3,37.92,Card,Completed
4f5561e4-fb44-46e5-a65f-2e5f77b3660b,27e45431-1333-4ffd-a0c8-be56ffdc5d4e,2024-02-04T10:16,4,57.12,Card,Pending
93c48364-f0db-4ece-b477-f81a78a8c0af,e886c155-0dae-4b36-88f5-a86fa474d1f6,2024-03-18T10:16,3,20.10,Cash,Pending
b965ce74-3c4d-4467-b480-7d9eef2aa5c8,7a2e5fa5-096b-4701-8ce6-7a3db39bf8eb,2024-05-08T10:16,8,160.96,Online,Pending
d17ab702-c0d8-43a9-8740-4ae14c15c471,3dcaabe3-78c9-4d88-bed5-56ca7ceea07c,2024-02-01T10:16,6,164.04,Online,Cancelled
cfb9f19c-636a-4726-8f46-bcecd311b506,4b14a58c-f1e4-40b6-888d-a88cd7055099,2025-05-17T10:16,8,198.24,Online,Pending
b2a16c24-ad24-49dc-a330-463213dbe760,7509850a-5062-4da9-aad6-bc5b9e363ef1,2024-07-22T10:16,3,76.17,Cash,Completed
a40bbfb7-2107-4884-9733-4687bce6cd39,500fde18-ea61-4380-9ea4-f06d09985870,2024-10-16T10:16,4,28.20,Online,Pending
b2c81fca-f30b-407b-83d0-fc22a794b548,0df3bae1-6384-4856-aa27-aef9f6c48b75,2024-10-29T10:16,3,23.46,Card,Completed
9c6ca198-95a0-4ad4-b627-cb2e5915b294,7a18d550-38d0-40b2-84a7-547162e7e409,2025-01-05T10:16,8,76.40,Online,Completed
999e97f3-b9cf-4b60-ba98-b325be57a71c,ba5d9947-b043-4aca-8ee0-6b77895cf8e8,2024-07-29T10:16,9,192.60,Card,Cancelled
2f78d0ff-ab96-4f4e-8348-a80b7d9feb35,fdb5454e-2230-489e-ade4-9218ff28cbd8,2024-09-02T10:16,2,42.26,Card,Completed
1ea15fc7-2391-45c9-b137-fcae566753f3,8113211c-bdc3-4bb0-94d9-3fd3871f3005,2025-01-29T10:16,5,42.25,Cash,Cancelled
a053faf4-f689-4eea-982e-0cddc1fa3f48,726d71e2-70fd-4416-8568-78619c14a73a,2024-06-16T10:16,7,39.69,Cash,Completed
d7f83171-35ac-4935-be80-ca8cf9ef3836,93cdeef1-3fc3-4a63-a275-0ae87ae6b335,2024-04-13T10:16,2,59.96,Card,Completed
cca8d3f4-8200-4bce-a187-85b4ed9910cc,500fde18-ea61-4380-9ea4-f06d09985870,2024-11-18T10:16,9,84.69,Online,Completed
c7e9dd08-67bb-4e69-97fb-5c51559afd44,726d71e2-70fd-4416-8568-78619c14a73a,2025-04-09T10:16,4,50.84,Cash,Cancelled
4668a4fb-e5e9-45fa-a146-4548773bdc48,726d71e2-70fd-4416-8568-78619c14a73a,2025-09-29T10:16,9,92.25,Card,Cancelled
43d140b0-aba7-4b43-8e03-39372ae069d9,c9dcc28a-ae5f-477c-ae7e-72d94129f449,2023-12-14T10:16,4,46.76,Card,Pending
1858d8b1-ecca-4e30-abb1-136f848e71cf,00d7ae70-0f46-4453-963c-4ab2a3d29314,2025-05-17T10:16,7,151.20,Cash,Pending
831920b4-f896-4f46-b291-7f5332ef6f0e,89d26a00-0fde-4c03-8430-b06f6bc3f33a,2024-07-16T10:16,3,51.60,Card,Pending
fc52f3f2-2904-4e06-9c5e-883a070c64a4,726d71e2-70fd-4416-8568-78619c14a73a,2024-04-18T10:16,4,88.12,Cash,Cancelled
94fef771-bb8d-4752-9004-16997d4b8d0c,f6c35464-33dd-44a7-bf84-071f2e427045,2025-10-08T10:16,1,25.62,Card,Cancelled
71acb1e7-4a49-4eaf-8902-488ecd3d7796,09ba4183-1b94-4f8c-bc5f-eca421a88524,2023-12-22T10:16,3,60.27,Cash,Cancelled
8a8f10c6-cba0-4c5f-bf96-c5d4bb7ee83d,103fcba5-5588-45a5-9fe0-6ac948d3860e,2025-08-02T10:16,6,132.90,Online,Cancelled
1fb6a772-89a4-4096-af09-06015f5e044e,f543de06-e341-4de2-95ab-ca0fd3ee51fe,2024-01-24T10:16,6,139.14,Online,Completed
8c63d012-b7dc-48ab-b682-135f623f6a8e,6bd388d4-5636-450b-bacd-55bdcb769bab,2024-04-04T10:16,7,62.23,Cash,Pending
0ac2e836-c12a-4594-8870-f39ed2625866,ba5d9947-b043-4aca-8ee0-6b77895cf8e8,2025-09-06T10:16,2,14.36,Cash,Completed
8694f78e-46e8-440c-b7c3-8825197b567c,a302a1a8-c429-406f-abff-9f273aa0a4b5,2025-03-25T10:16,3,58.11,Cash,Cancelled
0081736d-6169-4e56-99a7-0edbd3c90177,99c406e7-092b-4eeb-bc08-56fc041c253d,2024-10-19T10:16,2,51.86,Cash,Cancelled
ae736afe-85f0-4a16-99a3-1e18cafbfa6c,69446e90-4237-4410-ab55-e011eb04cce0,2025-05-22T10:16,3,42.30,Online,Completed
f3158289-7a0b-49ef-bca6-d08c876b9191,2a109685-1399-4149-8951-fba29bb0360d,2024-01-11T10:16,9,251.73,Cash,Pending
d8555545-091f-4a19-9316-2ac9200bb118,f6c35464-33dd-44a7-bf84-071f2e427045,2024-03-14T10:16,1,19.56,Cash,Pending
54853866-e265-4c36-90f1-ca467ab0944c,983d66ae-c8b0-46b8-8abc-26a1055cf729,2025-08-26T10:16,9,53.37,Online,Completed
aeccc702-54f9-4182-88e0-166f9c1fb858,67c276b0-7be6-4f3c-bf86-c342095c8112,2025-11-07T10:16,8,226.40,Online,Cancelled
d232ff87-369e-4d48-b87e-2c130a6e988f,09ba4183-1b94-4f8c-bc5f-eca421a88524,2024-06-25T10:16,6,164.34,Card,Completed
4e39b02b-c8c6-4635-b630-0e9fc48b7e02,bb6ceda0-3f7a-4dfa-9862-41a88dd468b2,2025-11-07T10:16,5,133.40,Cash,Pending
f365e3ab-8082-4964-bd0f-afef3943ce12,209e786b-2a61-4e52-a3b2-1cc98bcbf18c,2025-08-28T10:16,4,36.32,Cash,Cancelled
e2bf3c3e-7610-4930-90e3-cb0b1d4e6eed,c63bd277-c81c-40c5-8720-6ce916d653c4,2025-10-02T10:16,7,86.52,Online,Pending
c95b1f80-ef5f-47d4-8c21-7c4dee84a256,09ba4183-1b94-4f8c-bc5f-eca421a88524,2024-09-03T10:16,2,24.84,Cash,Completed
d708f980-0581-4dbd-a282-66fb19f15f90,9b9edd1e-b4f7-414c-b8b5-a3dc51fa0a8c,2024-11-25T10:16,6,69.96,Card,Pending
363320cc-f200-49b8-9f17-1f8cb1665d87,0a5a9fc7-e126-48f0-99aa-dea85c606f66,2024-08-27T10:16,1,25.39,Online,Cancelled
68ef0fb3-1c12-4935-acd5-7fcbaa89c730,06e585f0-5b60-4900-81d1-3379328e6c17,2025-02-02T10:16,3,16.05,Card,Completed
55d63936-eef8-4ea8-b2db-5f4c0c4d3953,02c65c06-56ad-4670-b8e2-10ab417c7154,2024-08-07T10:16,2,41.90,Online,Pending
f05924af-ac28-4a85-ad24-364b79ffd898,983d66ae-c8b0-46b8-8abc-26a1055cf729,2024-09-25T10:16,5,146.40,Cash,Pending
89e33e7d-cc82-4757-b74e-9e7a591a147f,058b9c75-b72f-4594-80d2-e41194ff7672,2025-04-25T10:16,2,40.12,Online,Pending
15da3c03-d33e-4ea0-8547-8d362f2e2422,e277d099-db2a-4aee-ab86-8b0e73a34383,2024-01-13T10:16,1,5.38,Card,Pending
11b340ce-3f38-4989-b65b-20b71a61ed0b,1233cc27-7567-48e0-8dd2-6b0019506c2f,2025-03-01T10:16,2,49.08,Card,Pending
9ebc796c-df7a-4b3f-9fe2-b64881f228e5,10b26c2d-7d56-4175-84a8-a2775e128a9d,2024-03-11T10:16,8,181.36,Online,Pending
f4436e39-cb00-4777-a026-4192540591ae,5eb75bc0-d5fa-4209-9d42-7767f3f0585b,2025-02-13T10:16,5,86.55,Cash,Completed
2f91b02a-e976-42d4-910b-45a7890dec83,6e551d53-4f6d-4b84-a9de-3d7c79694805,2024-02-04T10:16,1,17.52,Card,Cancelled
3baaf707-c210-4f0f-a680-e3c5a09ee48a,f3826f04-0dfa-4266-8002-58fede0093f5,2024-04-28T10:16,2,45.20,Cash,Completed
d11ab9dc-36c9-4b42-9301-689e11777ce1,f3826f04-0dfa-4266-8002-58fede0093f5,2025-04-29T10:16,8,205.68,Card,Cancelled
d70cd1a8-df8a-4257-9a1f-a573482d76eb,caca465c-e9f2-4add-91b5-24c70595e321,2023-11-20T10:16,5,138.45,Card,Pending
78ddf0f1-dc03-4519-a911-df5bde50b813,1a31c678-d420-495a-aff3-0f1609514e1e,2025-09-25T10:16,8,130.48,Online,Completed
9c4d2857-921c-4a8b-af58-d85c20ab3f1a,53db1213-7316-47bb-9099-c1def0e3c96b,2025-06-25T10:16,3,20.43,Card,Pending
de8c6cab-04aa-4b5b-a08d-15500a0ae6e4,824998a2-7592-4051-ab0b-d5e12743c93b,2024-06-18T10:16,2,30.16,Online,Pending
ed010dd0-6b89-413d-834a-33c462593657,09ba4183-1b94-4f8c-bc5f-eca421a88524,2024-04-12T10:16,2,22.08,Card,Completed
62a78e33-b269-4197-8b8f-73015ed4a11d,cb8747c7-32ca-4b6b-868d-13ab01d953ec,2024-10-15T10:16,5,49.35,Cash,Completed
dba3d6b0-c1d3-49d2-921f-b9ee08ff8290,b90a3a7f-421e-47e5-8598-fe50f365a62e,2023-11-13T10:16,5,92.60,Card,Cancelled
427d1dc4-8b7d-4152-b8db-7c8acbe18b8e,4f6ae324-5b6d-47d6-a86d-26ec6fbe1e0e,2025-03-04T10:16,7,167.09,Card,Pending
44aa870d-0833-4d90-8998-01da6c29716e,3befa4dc-d961-4a3a-9410-d43d1bdaa335,2025-06-08T10:16,1,13.28,Online,Pending
85d7d894-d75a-4283-895f-06d2858d2425,ec3490d2-e8da-47ee-ae12-0ca0b1d7a2bb,2024-12-25T10:16,7,171.08,Card,Completed
6961e89c-d1de-4eba-8abe-b517124832e1,7a18d550-38d0-40b2-84a7-547162e7e409,2024-05-07T10:16,6,90.54,Card,Pending
1cf00114-1eae-401b-8ffc-d1dfbab143a4,e38afcd9-9e08-47ba-bc92-5ebb4bc271eb,2025-05-16T10:16,6,103.86,Card,Cancelled
99ab48ea-cb3f-4e57-8345-b025b2ac5523,52fbb114-83aa-432d-b2f1-f3e37a5c4754,2024-04-08T10:16,3,58.23,Cash,Pending
0299bf4f-8ebc-4fab-b68e-92b318e94b47,62a2bfef-ca4a-4dec-90ea-bf15ea1880d2,2024-12-15T10:16,2,24.72,Cash,Cancelled
f13cf346-9a8f-403d-a93a-ad9d009d0bfa,00d7ae70-0f46-4453-963c-4ab2a3d29314,2024-11-05T10:16,1,12.02,Card,Cancelled
678768a1-e002-4c09-8fe0-5541ff8c3dce,365c90d0-a590-4209-9401-2ce55af5ed98,2025-07-27T10:16,5,141.10,Online,Cancelled
8ae7de02-b1e6-4956-a7df-e612ab3cb06f,0472ca7f-b133-4710-8f43-24a3c6c1afd1,2025-07-10T10:16,2,46.50,Card,Pending
b9463acc-dafc-4393-871b-d957b070ddd8,d6d4ef4b-0870-48aa-b884-013237f255f4,2024-10-14T10:16,3,74.37,Cash,Cancelled
10225b98-3189-466c-9a8a-8209ee49d5af,cf65c4b6-4c1c-420b-95de-23e5b56ffad5,2025-06-18T10:16,2,37.20,Cash,Completed
71a488b7-3dd2-4921-8f35-922c990aa3d7,ada8704c-2784-4d70-84da-10078407d2c8,2025-02-05T10:16,3,41.28,Cash,Cancelled
a592ec77-687b-4f76-af5d-5357fc9c828a,bb6bf39c-f455-4e08-a59e-1bdaaa91d4aa,2024-12-27T10:16,4,49.72,Card,Completed
38e1e98f-5924-4979-9a9f-8dac2678ad5e,e6e1db85-f8ba-4264-9c9a-520ecda4bc4c,2024-06-09T10:16,5,125.35,Card,Cancelled
a1a1fd92-81ef-44c1-80fe-039afc6165ee,27e45431-1333-4ffd-a0c8-be56ffdc5d4e,2024-08-16T10:16,9,185.40,Online,Cancelled
27bc85f3-4a0c-4287-b066-24d3c8b79784,a3f626b9-cc27-4c04-8570-be79ab8bda4a,2025-02-19T10:16,4,72.00,Cash,Pending
8ae89abe-c4b0-4cac-99a7-b9b0ec58b09c,cd50913f-8c99-4253-9134-0cf5fe5f300f,2023-12-23T10:16,1,8.75,Card,Completed
5662da4a-0b14-4109-999e-62a632991ad5,c63bd277-c81c-40c5-8720-6ce916d653c4,2025-01-15T10:16,4,70.00,Online,Completed
d5c60728-1291-46b5-a76d-bc5b0c1cad0a,80537cf2-360f-4740-8b7e-d4cd56e22987,2024-01-08T10:16,4,67.28,Cash,Cancelled
0bb06cf3-417a-4925-a816-427533070c4e,b04ce307-2d1f-4214-b023-d8f4379041a1,2024-03-26T10:16,9,128.70,Cash,Pending
afec0145-d6a5-4912-82ec-ae6e63b3eeb8,1a48aa9a-def3-481d-922a-94300aa97309,2025-03-25T10:16,6,124.02,Online,Pending
7cd5bb9f-766b-47fb-ad6c-0a9fd486faec,6e6d2c67-f7fb-4a98-8f9a-4822259b25c4,2024-03-25T10:16,3,86.10,Card,Cancelled
764c226b-8fd7-4488-b600-44c574777529,c1a09d60-c9e8-4489-a68e-e01b51541d33,2024-05-25T10:16,7,171.01,Cash,Completed
6b0f7782-335c-429a-b6a6-1960ead38db2,1233cc27-7567-48e0-8dd2-6b0019506c2f,2024-01-30T10:16,2,22.70,Online,Cancelled
b8596db1-6350-47f2-bd6b-1deeab020c1e,0a570207-0f70-467f-bbeb-44a0a60a9a25,2024-06-18T10:16,8,160.24,Cash,Pending
ee8b53f5-caf5-4b0d-ba75-025d2b37f4f0,a302a1a8-c429-406f-abff-9f273aa0a4b5,2025-01-11T10:16,2,28.22,Cash,Pending
b013591f-9b32-4c84-bb88-6d6658f1e226,ceafdb2a-788d-48e0-acdd-bd533a2e7ab6,2024-05-24T10:16,9,253.71,Card,Pending
976578f1-fa5a-48a6-afc7-e5f8b10f1e00,ebe19120-496a-47fa-87eb-2440212a3363,2024-10-17T10:16,2,37.78,Card,Completed
3c1642ed-69e1-49b9-9a33-bc63b8524362,0130fcd4-a6cf-4a72-8400-7bcae1abce34,2024-04-08T10:16,9,232.02,Cash,Completed
55fbedd7-7083-46f7-a331-943a0d2cb228,2a109685-1399-4149-8951-fba29bb0360d,2025-10-22T10:16,2,52.94,Cash,Cancelled
2558fb15-e00b-47fc-844f-d3a74604bb61,14eace30-1ac2-411e-8eef-98e8f32a87fb,2025-10-20T10:16,5,126.75,Online,Completed
5ce057a1-6028-4663-b407-e404ec80bcdc,b0d737cd-ec4b-4a88-aa81-d012ef3fb719,2024-02-10T10:16,4,93.68,Online,Cancelled
1eea8259-fd70-4208-9894-c2f9e7048be3,d3f641e5-b8b5-4f5f-9155-7768df2033e8,2023-11-28T10:16,7,73.50,Cash,Pending
1f781adc-249d-45e7-99ac-917a9468f412,bf0de251-90d7-423c-8b31-48df1a89964f,2024-07-14T10:16,4,112.52,Online,Completed
058b6626-a369-43d6-9f62-9536e83d1fbb,3befa4dc-d961-4a3a-9410-d43d1bdaa335,2025-09-13T10:16,3,72.09,Online,Cancelled
cff20b4a-c38a-49af-ab89-232fadc54c9e,7a18d550-38d0-40b2-84a7-547162e7e409,2025-02-13T10:16,6,168.60,Card,Completed
632691a4-626e-496b-9b47-d2db69f93583,c9dcc28a-ae5f-477c-ae7e-72d94129f449,2024-05-02T10:16,4,58.88,Online,Pending
bef09b08-93fd-4cae-95b8-567904715ea4,0130fcd4-a6cf-4a72-8400-7bcae1abce34,2024-05-28T10:16,3,48.03,Cash,Completed
3c495a80-734c-4edf-b0fe-b9165e7e79d3,c5817fdc-a4dc-4879-b957-30cfda62016b,2024-05-04T10:16,9,264.60,Online,Pending
2ec12665-fe6e-4015-bc47-842009badf98,4e44f26d-5455-405b-8fdb-63ab8b739ecf,2024-11-01T10:16,8,118.56,Cash,Cancelled
4f99bd8c-8e13-4689-9aaa-cefa97db06c0,0a15d43b-8f6b-444a-bef2-ffbddfdbd16f,2024-08-21T10:16,3,41.40,Online,Pending
a2980388-4c33-4afc-8ebb-ca15a513b4b8,401a6911-a31e-4892-adc1-56e3e1eb090a,2024-12-20T10:16,4,110.48,Online,Completed
601d828d-a1ed-4ae4-a6d3-a57d02850386,b90a3a7f-421e-47e5-8598-fe50f365a62e,2023-11-30T10:16,2,52.72,Cash,Pending
da5d048b-787e-4602-8463-abb12538b81c,bfa3444b-2be9-46be-b944-720d86a59770,2025-10-13T10:16,8,177.60,Card,Cancelled
41e948b3-97fe-4769-901c-efd6d8823a91,c46351bf-193f-49af-a5d6-456188837c3d,2024-03-25T10:16,7,195.93,Cash,Cancelled
a0b4d4bb-74e1-434c-bf9d-30cdae54af48,21edfc22-3f73-4335-a774-3cf78ab65e86,2025-10-10T10:16,2,48.60,Cash,Completed
6ace4a43-a3d8-49b3-aaa2-7893472b955d,4bb2d776-14c0-4ef6-b8ba-c580cbed72b8,2024-01-02T10:16,3,28.56,Cash,Cancelled
174a772a-5a03-4b83-8890-b38934a92f51,ebbc7df0-770d-44f8-b0ff-c62f9006e40e,2025-09-13T10:16,1,13.71,Online,Pending
0b59907a-9480-437e-a1b8-75d9db127263,6e6d2c67-f7fb-4a98-8f9a-4822259b25c4,2024-03-08T10:16,4,46.88,Online,Completed
ec100093-db67-48f3-ad6d-e37153ee5f7f,26d032f1-9fe9-487a-987a-a8be14e1db05,2025-05-19T10:16,8,144.24,Online,Pending
8002dbae-1c83-48ed-9f51-bb514dd864ee,21edfc22-3f73-4335-a774-3cf78ab65e86,2024-05-19T10:16,3,34.83,Card,Pending
3c91b653-cd41-4853-8c0d-d55283a5be33,0fcf4084-ea31-49f8-99f9-9bf8c8b0c16b,2025-10-02T10:16,4,60.56,Card,Pending
5cc8ee9c-24fc-447f-8214-149b3aca7d8e,ada8704c-2784-4d70-84da-10078407d2c8,2025-10-29T10:16,6,110.82,Cash,Pending
b14b0036-5dc5-49e8-82b5-4df884654cee,23650eb4-f98d-45a3-a90b-a378f03d469d,2023-12-13T10:16,3,51.45,Online,Pending
65b78541-a6e1-43a6-9d8c-0e9b8463fccf,103fcba5-5588-45a5-9fe0-6ac948d3860e,2024-01-02T10:16,2,26.94,Online,Completed
4192f5f4-d870-4d6c-805a-95ea7e2f4140,ebbc7df0-770d-44f8-b0ff-c62f9006e40e,2025-06-23T10:16,1,6.22,Cash,Completed
4344bc66-1381-4376-bd81-ee8ba7e514de,428424b7-1f94-496a-8b7a-497ce177d32c,2025-01-09T10:16,3,32.73,Cash,Completed
338b17d2-2cee-450d-bb53-ffab73f395bb,9305d562-2505-493d-8ed8-3fb721c8f491,2024-05-30T10:16,2,40.72,Online,Completed
4ff4e7db-ab01-42f9-8642-3a339df8a727,b03f75c1-655f-4480-a2bf-1a0af806e96e,2025-08-23T10:16,1,12.32,Online,Cancelled
4c3e6991-eb94-4360-9d2d-b2f40f0b25c9,cb8747c7-32ca-4b6b-868d-13ab01d953ec,2024-06-18T10:16,5,50.50,Online,Cancelled
3c8f90b5-ea59-4d07-aa68-eb603daaaf69,71f17b36-2c37-4cfa-bf8a-894fa94c0e9b,2024-08-03T10:16,6,51.24,Cash,Completed
1e444313-2c4e-4709-83a3-0c1ef4a8f4b0,050d9901-1cb5-413a-9c31-282028f863c1,2025-06-06T10:16,6,91.50,Cash,Pending
efbfe39c-2f4c-479c-a335-4b8b2f54fa50,983d66ae-c8b0-46b8-8abc-26a1055cf729,2024-05-13T10:16,2,11.32,Card,Completed
c25d69ec-739a-4371-a11a-ee16c805264a,8f7f530b-bb30-4a05-b437-744ed30af54f,2025-10-01T10:16,2,50.94,Online,Pending
521b3e9d-3e53-47ac-9a3e-35bb0f6757a3,4b14a58c-f1e4-40b6-888d-a88cd7055099,2024-12-01T10:16,6,111.30,Cash,Pending
0829e9ed-b6ab-4e5f-8162-ff7596caf47e,b014b56e-3263-4b63-8430-46e00bc5ea77,2025-10-13T10:16,1,11.02,Online,Completed
8116aa49-cd1c-4173-9432-3dfaaa5b3d8c,e85d0261-2d97-4475-a749-363ec9040a74,2025-08-11T10:16,1,11.67,Card,Cancelled
db3bd70f-4b5c-40ca-9e71-327b7f34c577,7c991f43-c18b-4404-8826-97691b0dc00c,2024-07-02T10:16,7,106.68,Online,Completed
b349934b-a8ab-495d-a2a0-8438c31cedef,824998a2-7592-4051-ab0b-d5e12743c93b,2024-03-09T10:16,2,23.16,Online,Pending
c2c195c1-a0e4-4ea8-8aac-1194f57e0ef1,caad7924-4bc5-4f85-9662-11ca261e3c87,2025-04-01T10:16,8,104.24,Online,Pending
bcb84bb6-2994-4e84-8096-3daf88e5fd0f,0d463f72-c3a1-4a2b-8d0d-1721a0d1a06b,2025-07-18T10:16,9,174.33,Online,Completed
e2ef14d5-88b1-4bbe-b5fe-edc09c03ce13,5f6e51da-5f01-4c9a-85dd-7d50ef37e5d7,2025-01-26T10:16,4,117.32,Online,Completed
2cd0994e-4b8a-40e9-bf3b-c690907bd841,f0a6a958-e434-41bf-a830-dffa55a34db5,2025-09-20T10:16,7,170.38,Cash,Pending
df195873-a0b8-4dec-8ac1-460b6f7e8da7,c9dcc28a-ae5f-477c-ae7e-72d94129f449,2024-10-21T10:16,5,111.90,Card,Completed
3804731d-3ff2-4f58-bb6c-7b4b29f2ff6f,0dd437d0-74fa-43c3-8909-5c955e4d47dd,2025-10-16T10:16,8,45.68,Online,Cancelled
8017b977-2863-4067-8bac-8f382681ea85,fdb5454e-2230-489e-ade4-9218ff28cbd8,2024-04-20T10:16,5,111.15,Online,Pending
17984f84-11ff-4884-ab9b-9a4073f5219b,d7af10ce-45c9-4fc8-8dd8-b1c5491aad5f,2025-05-14T10:16,9,197.73,Card,Pending
9e5d2dba-7245-4c24-a7ef-3dcf91c3b382,500fde18-ea61-4380-9ea4-f06d09985870,2025-04-22T10:16,1,28.07,Online,Pending
c18eaded-3c02-4463-8654-ebbb5f426fc5,1d32c3b3-c732-4995-aa6b-ff159deb3bdf,2024-02-29T10:16,9,219.96,Card,Cancelled
de10e18d-6fc0-4983-9466-6246eccba342,a302a1a8-c429-406f-abff-9f273aa0a4b5,2025-01-06T10:16,5,79.30,Online,Cancelled
0e1187f4-11ce-48d4-9db4-d3fef0c19a4d,885715b6-b1eb-44ca-8460-28c0343e56f3,2024-09-19T10:16,4,40.52,Cash,Pending
1017843d-62b5-428c-93a6-89eebc901913,b95f7619-fab2-4df9-8683-1f2aeb93a660,2025-04-18T10:16,6,92.82,Card,Cancelled
b1ec7aa8-f397-4c37-b76c-9a14a1b5d9fb,e6e1db85-f8ba-4264-9c9a-520ecda4bc4c,2025-08-26T10:16,3,46.08,Card,Pending
6502ac2f-d4eb-47af-b076-319f9fee9e43,c63bd277-c81c-40c5-8720-6ce916d653c4,2024-10-10T10:16,1,5.46,Online,Cancelled
55ccf72f-2f9d-4264-abdd-7c1da1454a75,dcfb3d05-846d-4915-99f3-ebbc7559d972,2024-01-01T10:16,1,23.76,Card,Pending
a8458480-4fa9-4f81-b9b9-6a375fc987b2,6945f6f4-b8f9-4d04-90ff-e59ed705578e,2024-10-19T10:16,4,36.36,Online,Completed
fcf232e2-caa5-41ae-9aec-1aaea357b624,ebbc7df0-770d-44f8-b0ff-c62f9006e40e,2024-05-24T10:16,8,62.16,Online,Completed
63bc265d-7cdc-4f1a-824e-605ae244fec6,7d2df59f-386d-4aec-85a8-2443262a0cb4,2024-06-06T10:16,8,70.80,Cash,Pending
4125caae-54ef-49aa-b746-0b37c00b98c8,89d26a00-0fde-4c03-8430-b06f6bc3f33a,2025-05-30T10:16,1,18.49,Card,Completed
0527e7c9-7f34-4ea7-bc5d-823d49f8c125,49af098b-bf79-4643-8e49-739ea932d38b,2024-05-29T10:16,6,177.24,Card,Completed
414e1e7b-2c08-418b-ac76-b60a27708872,428424b7-1f94-496a-8b7a-497ce177d32c,2025-06-16T10:16,4,60.68,Cash,Cancelled
cf0ffbd7-a332-4a5f-bdf1-7e7fccd4045d,02c65c06-56ad-4670-b8e2-10ab417c7154,2023-12-04T10:16,4,68.32,Card,Cancelled
a40c92f4-4314-42a6-9c7d-0f45cc204ab6,fbe227d7-6d32-4407-9783-7fdac983e55f,2025-06-07T10:16,3,69.24,Card,Pending
94641462-816d-4122-83f8-26121dae835d,365c90d0-a590-4209-9401-2ce55af5ed98,2024-07-14T10:16,5,114.55,Online,Cancelled
2e97a634-d0d0-4a15-9c55-c7e961452ee1,11526850-7335-463f-b740-a52a90457c3b,2024-12-09T10:16,4,89.44,Cash,Cancelled
9bb13741-fdce-4f42-81fe-eb9e9bfa3688,d7af10ce-45c9-4fc8-8dd8-b1c5491aad5f,2024-01-20T10:16,6,168.66,Cash,Pending
e7825abd-c4cf-415d-90be-ec22f125a311,77ca464a-fe0d-4dcc-8f08-3eb2f7b64f76,2025-09-12T10:16,3,52.35,Card,Pending
45356553-dcca-4630-adc8-972d24f7a274,6b1178fc-1745-401d-88da-3903c243ebe9,2025-06-21T10:16,1,12.00,Cash,Completed
c22f8be1-e99e-4021-a2bf-73d65ceddb86,d5cfb1a3-ce2f-4aff-ab4c-50e0c5426af1,2025-01-23T10:16,5,38.70,Online,Completed
79492199-65b8-4e80-b1ab-7294a9734454,8b546c63-5406-493d-bc69-cfb594b38267,2024-04-26T10:16,7,49.56,Cash,Pending
98ffad35-1971-48b5-8b8e-2ffdb66f8958,3ab3404a-ee80-4ed2-8d90-a6f0dad14e48,2024-07-20T10:16,6,135.24,Card,Pending
446ef602-bd29-4aa4-beb8-655755570520,60cd80b6-3967-4dae-b4df-adc7b5644971,2025-04-24T10:16,7,187.11,Cash,Cancelled
96d93ac6-29ea-44f1-a180-c7ea9b4fdb35,f067e21d-d1d4-4e87-9cae-9753f5f9ccb6,2025-11-07T10:16,7,53.13,Card,Cancelled
281125dc-1bf8-48f4-8962-966157700bae,ba5d9947-b043-4aca-8ee0-6b77895cf8e8,2024-04-28T10:16,8,128.24,Card,Cancelled
0db0cec2-eee1-4a92-8a3e-9cde22730e56,9b9edd1e-b4f7-414c-b8b5-a3dc51fa0a8c,2023-12-16T10:16,7,178.36,Card,Pending
6f1cf9a6-1e83-4987-9c0d-2a36964d8ae5,726d71e2-70fd-4416-8568-78619c14a73a,2025-10-15T10:16,8,89.60,Cash,Pending
1125ffe8-a6b1-4357-a21f-84ab6ad1b8ac,dcfb3d05-846d-4915-99f3-ebbc7559d972,2025-06-01T10:16,6,71.88,Card,Completed
2b484576-0a0e-4fa6-9b0c-d7eb30700e8f,aff4340c-d102-49ba-af8e-84d2737ce82c,2025-04-21T10:16,1,13.11,Online,Completed
21e4fa3b-928f-4b41-a6b5-8319264c6c15,a302a1a8-c429-406f-abff-9f273aa0a4b5,2024-06-16T10:16,5,141.25,Card,Completed
8dd29cd9-a666-4580-beba-7257ab80feff,6aaabc79-3d35-410f-bb96-f86a3930d0ff,2023-11-27T10:16,8,87.60,Online,Completed
d9c4e58c-9f08-4bcf-b8e2-a46d04f57bbc,e6cb1215-5314-4d05-bfd1-f6e5d36e89f7,2024-03-02T10:16,9,192.87,Card,Pending
1d2a95a9-f56d-46bd-94af-6e7670fe7a83,25659c0e-6eb5-4c57-add8-fb6ac5f42699,2024-10-26T10:16,5,112.80,Online,Completed
f0767528-914f-4057-8c0f-3023023ad47c,b0d737cd-ec4b-4a88-aa81-d012ef3fb719,2025-04-10T10:16,1,9.52,Cash,Completed
8c74f85d-e0cc-4843-a161-3a7e8341d0f5,e6cb1215-5314-4d05-bfd1-f6e5d36e89f7,2024-05-08T10:16,8,192.72,Online,Cancelled
53ba02fb-daa2-469f-9f0c-a44b89f6a880,36b880b0-e9bd-4c0b-8f1c-32018f6c758a,2024-06-26T10:16,9,227.79,Card,Completed
ba8e196c-15ed-4533-9092-b4d36ebd22af,99c406e7-092b-4eeb-bc08-56fc041c253d,2025-03-24T10:16,6,102.90,Online,Cancelled
2df29a1e-a79b-47e1-b0f0-9472fef55a74,fbe227d7-6d32-4407-9783-7fdac983e55f,2025-05-02T10:16,2,20.66,Cash,Pending
1c8d1bfb-576c-4a36-8466-7d547982feb1,f067e21d-d1d4-4e87-9cae-9753f5f9ccb6,2025-08-19T10:16,3,57.39,Card,Pending
0195c98d-d997-43d6-aa96-a28eb4c30df6,9fa382f0-8393-48db-ad30-43c953282401,2024-11-06T10:16,1,27.00,Cash,Completed
1c14056d-c681-43c2-969b-578150853cb4,a3f626b9-cc27-4c04-8570-be79ab8bda4a,2025-05-17T10:16,5,30.80,Card,Cancelled
d9bf045c-bb41-4c24-b2d4-2e3d711e01a3,205ea7f7-e714-45b8-a083-11247ff702a1,2024-08-08T10:16,8,98.64,Cash,Completed
be00f215-020f-4ea4-8b72-ef46d5f9dc58,49af098b-bf79-4643-8e49-739ea932d38b,2024-10-10T10:16,9,55.08,Card,Pending
460057ca-489c-484a-bdac-fb7b67c59786,e886c155-0dae-4b36-88f5-a86fa474d1f6,2025-05-23T10:16,2,27.86,Cash,Completed
0386b910-e005-4f37-a537-6915a107ed39,53db1213-7316-47bb-9099-c1def0e3c96b,2024-05-04T10:16,8,42.88,Cash,Pending
0b19e0f1-ed2a-48ca-b864-067ba7122a41,cb8747c7-32ca-4b6b-868d-13ab01d953ec,2024-11-05T10:16,9,243.81,Online,Cancelled
985046fa-c865-47d5-9a0a-b2147de07371,0130fcd4-a6cf-4a72-8400-7bcae1abce34,2025-10-01T10:16,7,116.55,Card,Pending
aa166d73-ac04-4aa9-b810-e94fefc26e05,1407e9cf-22c9-4137-a2fe-cc12dc038235,2024-07-28T10:16,3,55.71,Card,Pending
73dda662-35a9-4b0a-98e1-0aae3b5cf57d,1a48aa9a-def3-481d-922a-94300aa97309,2024-11-10T10:16,8,98.56,Online,Pending
d5e79a6a-bae3-4754-86a9-eeb3deb92996,ada8704c-2784-4d70-84da-10078407d2c8,2025-07-17T10:16,4,26.60,Online,Pending
c19cd79f-3ac4-4507-b6fb-215105364800,f6c35464-33dd-44a7-bf84-071f2e427045,2024-10-12T10:16,7,146.23,Online,Completed
3c89e53f-0e3e-484c-85bf-eb60abec002a,1a48aa9a-def3-481d-922a-94300aa97309,2024-05-11T10:16,8,52.08,Card,Completed
795640ab-41b5-41ce-abdf-fcdde52d36c4,52fbb114-83aa-432d-b2f1-f3e37a5c4754,2025-09-02T10:16,5,89.70,Card,Cancelled
11f97bb5-63f4-4fd5-9386-06e552473169,4f6ae324-5b6d-47d6-a86d-26ec6fbe1e0e,2024-12-30T10:16,5,104.80,Cash,Completed
d29bfbe9-247b-4b81-b395-691ecc271a69,d6d4ef4b-0870-48aa-b884-013237f255f4,2024-07-23T10:16,8,97.36,Cash,Pending
2c8472ff-c1cc-4798-bbf3-56af6f986aff,60cd80b6-3967-4dae-b4df-adc7b5644971,2024-11-20T10:16,3,85.47,Cash,Completed
8d203cf7-c5d0-4009-9b06-47cb6190d661,3910ab11-8758-4a4f-8a9b-c4f5df7413c4,2024-03-08T10:16,6,119.70,Cash,Completed
fb538cef-31d0-4200-a7d0-96f1d46238e5,1233cc27-7567-48e0-8dd2-6b0019506c2f,2025-10-24T10:16,2,18.74,Card,Completed
e85769bc-6825-4859-ba9f-aa3df9d8006d,49af098b-bf79-4643-8e49-739ea932d38b,2025-02-03T10:16,5,42.50,Card,Cancelled
7b429011-37d6-412d-8974-a84decc37651,428424b7-1f94-496a-8b7a-497ce177d32c,2025-11-03T10:16,9,140.85,Cash,Pending
288d2921-31a5-4344-90b3-8cc17cd7f812,485b65e7-fdf4-474d-afba-37986d8d3cd8,2024-02-14T10:16,9,124.02,Online,Completed
d13a7c12-d326-44a7-92ef-1765426c22b9,73a2b03c-2dca-486e-8ebc-c4d6bb68a8c6,2025-11-07T10:16,6,152.52,Cash,Cancelled
9197190d-0ce2-442f-bbd0-2fd908499ceb,a938df5f-7764-459c-8bfd-90409d16b3c6,2025-03-23T10:16,8,92.24,Card,Cancelled
e3448672-63c3-4510-b8b4-81155bca1da1,b014b56e-3263-4b63-8430-46e00bc5ea77,2024-09-21T10:16,2,57.62,Online,Cancelled
67479293-5feb-4f01-acec-01f8814f08eb,2c6dafc9-06cc-4b3d-8b8d-12aae0644c58,2024-03-27T10:16,5,118.45,Cash,Cancelled
9b7fad4d-43b9-41b4-af9d-3783f5384167,c9dcc28a-ae5f-477c-ae7e-72d94129f449,2024-12-21T10:16,9,197.46,Card,Pending
eb64d7c8-8d6c-400d-96f9-35c16d35a20c,d7af10ce-45c9-4fc8-8dd8-b1c5491aad5f,2025-09-06T10:16,1,7.53,Cash,Cancelled
b3621d13-db43-431d-8296-0761092cacdd,3910ab11-8758-4a4f-8a9b-c4f5df7413c4,2025-05-09T10:16,8,99.28,Card,Pending
0c202361-009e-4004-b993-b14c754bcc21,6bd388d4-5636-450b-bacd-55bdcb769bab,2025-03-23T10:16,4,93.80,Card,Completed
d6ec14a3-49e8-4ef5-8eb0-97115f771142,0df3bae1-6384-4856-aa27-aef9f6c48b75,2024-09-08T10:16,3,36.45,Cash,Cancelled
54eab783-e76d-4293-81cb-2379dcb25b95,d33bbfcd-a2ca-4e80-8a1c-65223f061e7e,2025-05-27T10:16,4,109.64,Cash,Completed
014157f9-8185-42ca-adef-ba99f9938d49,885715b6-b1eb-44ca-8460-28c0343e56f3,2024-02-20T10:16,2,55.50,Online,Completed
41a39247-d47f-4587-847e-91bbf3d0f835,7d2df59f-386d-4aec-85a8-2443262a0cb4,2025-09-10T10:16,6,132.42,Cash,Pending
699a86d1-0ece-4373-9af8-535ab6906ba8,ada8704c-2784-4d70-84da-10078407d2c8,2024-11-18T10:16,1,16.65,Cash,Cancelled
1f71b25b-bbb5-42c9-904d-997e5e43ed2a,14eace30-1ac2-411e-8eef-98e8f32a87fb,2024-03-03T10:16,5,139.85,Cash,Completed
ffc58010-67d4-445f-b9d5-35690966ea20,8626238e-5813-415a-9a8c-db944b1e0269,2024-06-04T10:16,7,54.11,Cash,Completed
874155aa-e560-48ad-9275-955f15ffd5f9,a190f67b-21df-46bc-8164-46bdfa00af85,2023-12-07T10:16,1,25.51,Card,Cancelled
1395cfa1-7dff-4170-ae9d-b1f46693f991,e85d0261-2d97-4475-a749-363ec9040a74,2024-09-30T10:16,7,45.92,Cash,Pending
a0e77e85-10cf-43ed-b19f-ab1ee6ea4a53,b014b56e-3263-4b63-8430-46e00bc5ea77,2024-05-25T10:16,5,147.95,Online,Pending
60cedca2-190a-4e41-8890-b4115d92e01c,c3ffc43c-0c11-40fa-9824-f234161741d0,2024-06-30T10:16,6,75.60,Cash,Pending
d7eb9cc1-c9b1-415e-b487-84696b218bde,7509850a-5062-4da9-aad6-bc5b9e363ef1,2024-07-19T10:16,5,39.00,Cash,Cancelled
bdbde3c1-17bc-4921-abef-9cd82e03fb74,63846b60-b7be-4087-ac6e-56c9bc130a20,2024-07-08T10:16,2,26.54,Cash,Cancelled
26a9144e-2590-4a88-8d99-d5e6409dc414,1407e9cf-22c9-4137-a2fe-cc12dc038235,2023-11-13T10:16,2,29.12,Cash,Cancelled
dafda5f0-5581-4490-8489-5b810854b330,e85d0261-2d97-4475-a749-363ec9040a74,2025-03-14T10:16,4,101.16,Online,Pending
906c360e-3a69-44f9-990d-bbfe63ec7774,a302a1a8-c429-406f-abff-9f273aa0a4b5,2025-03-20T10:16,1,28.43,Card,Cancelled
e51fb3d0-78f2-4345-b5aa-3e11be392171,c83bba2f-5229-4998-9566-1f3179b13e8a,2024-11-26T10:16,3,18.99,Online,Pending
c0429fe3-df03-459c-8d72-505e98f50b09,e119f98a-df63-41dc-8e01-bb49ca2dc724,2024-06-15T10:16,7,176.26,Card,Pending
b532b3f8-d7bc-4cce-a26e-b1058c9391b1,b6c26110-1b77-4777-8c79-c69ec19b66df,2024-01-04T10:16,7,50.89,Card,Pending
f844aaad-2eb3-4957-aeba-042bd34d6828,e38afcd9-9e08-47ba-bc92-5ebb4bc271eb,2025-01-28T10:16,5,33.15,Card,Cancelled
ed3a0137-0b2d-497f-9659-fda8f6326bb2,9305d562-2505-493d-8ed8-3fb721c8f491,2024-09-02T10:16,7,78.40,Online,Pending
2faae4c6-9498-4334-945d-844b24e7be79,3ab3404a-ee80-4ed2-8d90-a6f0dad14e48,2024-01-18T10:16,2,25.92,Card,Pending
3945577c-2ee6-47f2-be0b-ab89406f4559,25659c0e-6eb5-4c57-add8-fb6ac5f42699,2024-01-17T10:16,2,17.04,Cash,Cancelled
01865457-aef5-47c8-bcf6-61c38b3838b5,885715b6-b1eb-44ca-8460-28c0343e56f3,2024-07-17T10:16,6,149.58,Cash,Pending
9b69b6b8-8870-42dc-9ca4-4c6c7d64872d,d7af10ce-45c9-4fc8-8dd8-b1c5491aad5f,2025-11-04T10:16,5,145.40,Online,Pending
ed3bc8a9-c970-429b-91b1-dacce2a09249,e85d0261-2d97-4475-a749-363ec9040a74,2023-12-03T10:16,2,11.08,Online,Cancelled
43014d4f-7cbe-40de-8b61-556e9526db83,52c87fd9-fdf0-4256-b929-6153ad24a0ac,2024-06-21T10:16,2,37.24,Card,Pending
98704c0f-9a22-499e-b67b-ed9483d58238,000f9c8f-2fc7-4346-844d-c04f10751265,2025-10-02T10:16,1,11.27,Card,Completed
a39203ff-9026-4ffa-a010-676dab0c1723,c46351bf-193f-49af-a5d6-456188837c3d,2024-10-04T10:16,8,75.60,Online,Pending
dd1a85f1-5c8c-4ae5-ac85-025e36d1f3d7,25659c0e-6eb5-4c57-add8-fb6ac5f42699,2024-10-16T10:16,1,29.44,Card,Completed
f0798714-968c-4d6b-b555-c9b3a1b3ba51,4e6807ca-aed8-4ec9-b1b0-0e3aba57efb1,2025-04-29T10:16,9,133.83,Card,Pending
e776bb58-8a0a-4fa9-aa0a-ec916828b050,0b2a0e9a-e050-4380-b607-57adcbbf59d4,2024-05-09T10:16,5,34.35,Cash,Completed
c17e90c0-8860-4244-a9e9-e5a075fc1776,a938df5f-7764-459c-8bfd-90409d16b3c6,2025-02-11T10:16,3,41.97,Card,Cancelled
c793d515-70dd-4219-8ffb-b415b21c2534,d5cfb1a3-ce2f-4aff-ab4c-50e0c5426af1,2025-07-31T10:16,4,49.56,Card,Completed
6911cffd-0c60-4cc4-89fc-4f62ef433f17,e119f98a-df63-41dc-8e01-bb49ca2dc724,2024-03-29T10:16,5,83.50,Card,Pending
2f80f8e6-8711-462f-887b-d25bd0c5b758,8250871a-2b35-424e-a1a1-4eb4faffabfb,2024-07-14T10:16,4,20.84,Card,Completed
91bcc931-20e1-4e49-b779-2aadc0decc0a,cb8747c7-32ca-4b6b-868d-13ab01d953ec,2025-06-10T10:16,8,75.84,Online,Cancelled
7c7f0180-0ef4-414f-bd0c-63d57ffeb866,6aaabc79-3d35-410f-bb96-f86a3930d0ff,2025-07-19T10:16,2,17.52,Card,Completed
6091a057-694b-4c52-ac54-3e31f50d5ed8,3dcaabe3-78c9-4d88-bed5-56ca7ceea07c,2025-05-07T10:16,7,94.50,Cash,Cancelled
38824cbf-4914-4a66-89dc-0aa14815ec83,000f9c8f-2fc7-4346-844d-c04f10751265,2025-05-27T10:16,2,22.48,Cash,Pending
36b8dd19-6664-4111-84fc-b2c975b03d32,ceafdb2a-788d-48e0-acdd-bd533a2e7ab6,2024-10-02T10:16,4,42.56,Online,Completed
4016ebbf-6c9e-41a0-9069-5dce16d43f08,5eb75bc0-d5fa-4209-9d42-7767f3f0585b,2025-03-22T10:16,6,51.36,Cash,Completed
8ffbc044-4e13-4b3c-af56-e60370b65260,b90a3a7f-421e-47e5-8598-fe50f365a62e,2024-05-16T10:16,6,31.08,Card,Pending
f6430ef6-abfa-4621-9cb2-ad8da8999923,e12c3d24-86c8-474f-b86b-370df36adbfe,2025-06-04T10:16,9,177.84,Cash,Cancelled
c3bedacb-2a2f-41ab-aacb-4235ba2c3a02,68169a66-a8d4-4763-914e-7befc826445b,2024-09-30T10:16,1,5.30,Card,Completed
850bb305-2dd0-47a9-a06d-cc399cb52715,c63bd277-c81c-40c5-8720-6ce916d653c4,2024-04-01T10:16,4,76.24,Cash,Completed
0c86f76d-c6b2-4780-b0c3-26717555fada,00d7ae70-0f46-4453-963c-4ab2a3d29314,2024-10-20T10:16,8,139.20,Cash,Completed
4bf08c89-4fd2-443d-8dc7-300e72f432c0,9fa382f0-8393-48db-ad30-43c953282401,2024-06-04T10:16,8,102.40,Cash,Pending
9c7aad2f-53af-4e99-92e3-c72b9a24d986,74e76582-f1b8-4560-b049-8aebb59d4721,2024-04-20T10:16,9,265.05,Cash,Completed
3311e8f2-d6ae-42f1-866c-8eb8cfdb0658,c9dcc28a-ae5f-477c-ae7e-72d94129f449,2025-09-12T10:16,3,47.01,Online,Cancelled
7420af2d-8244-4323-ba5f-9cf1abd6a949,6945f6f4-b8f9-4d04-90ff-e59ed705578e,2025-08-30T10:16,9,122.40,Card,Completed
7f9e2f42-db66-4b1c-95ce-d92a8505858e,3ab3404a-ee80-4ed2-8d90-a6f0dad14e48,2024-05-08T10:16,4,58.92,Card,Pending
6b6e9327-fd81-430d-a5a5-c5e60c7b4a5e,4bb2d776-14c0-4ef6-b8ba-c580cbed72b8,2025-09-12T10:16,7,142.17,Cash,Completed
0838de62-5109-40c7-ad75-c4b0ec29a363,e12c3d24-86c8-474f-b86b-370df36adbfe,2024-07-06T10:16,4,108.96,Card,Pending
82deb410-1250-4f42-96d0-6be61e9fc288,6c6a3b10-9747-4dca-a041-4edc22d147b0,2024-09-23T10:16,5,117.70,Card,Cancelled
2ec48a9e-6e7f-4719-aebe-0eea3f554e7c,5400d214-6176-40bf-88d2-3f53ed38bf69,2024-04-16T10:16,6,59.16,Cash,Completed
55653595-dd79-4faf-b898-7428a3b43af5,b95f7619-fab2-4df9-8683-1f2aeb93a660,2024-03-23T10:16,7,200.13,Card,Completed
599a1cb6-721e-494a-b157-abfe562ed815,3910ab11-8758-4a4f-8a9b-c4f5df7413c4,2024-01-19T10:16,1,25.21,Cash,Pending
268d9b4a-c911-434b-bc87-e2308af5e5e2,6945f6f4-b8f9-4d04-90ff-e59ed705578e,2024-10-10T10:16,4,35.68,Cash,Pending
b1ffd2c0-9f8a-47e8-84b1-57ab02c031f0,c3ffc43c-0c11-40fa-9824-f234161741d0,2024-06-26T10:16,4,78.60,Card,Cancelled
340231f7-3c17-4fef-ad2c-391abb2340b5,ebbc7df0-770d-44f8-b0ff-c62f9006e40e,2023-12-13T10:16,8,213.04,Online,Pending
4b94a3ee-979c-44b2-8b35-34f5b2bb4208,36b880b0-e9bd-4c0b-8f1c-32018f6c758a,2024-12-03T10:16,7,167.09,Cash,Pending
7af062bf-4d77-4e38-aaea-aa941ecda133,e6cb1215-5314-4d05-bfd1-f6e5d36e89f7,2024-09-14T10:16,6,179.04,Cash,Cancelled
331e1625-31d5-4346-af32-2a916223bfcf,d5cfb1a3-ce2f-4aff-ab4c-50e0c5426af1,2025-10-19T10:16,8,142.64,Online,Pending
6b7a6794-17f6-4fc1-b44b-83afc7344043,49af098b-bf79-4643-8e49-739ea932d38b,2025-05-17T10:16,1,20.57,Online,Cancelled
3f309ecd-df48-4523-ace6-ee6290b6ecd1,05ccd8a5-ea5f-4353-bd1e-3022152b0685,2024-01-11T10:16,6,159.96,Online,Completed
91e3e0e2-6e7d-468c-9dba-573e89ebc67a,0130fcd4-a6cf-4a72-8400-7bcae1abce34,2025-06-28T10:16,4,116.24,Online,Completed
3f5a412c-8892-4498-9229-38044f39af68,11526850-7335-463f-b740-a52a90457c3b,2023-12-20T10:16,8,146.80,Online,Pending
b227f8a8-0cbb-4c50-b350-63b5c1a1ed52,00d7ae70-0f46-4453-963c-4ab2a3d29314,2025-05-25T10:16,7,35.84,Cash,Pending
9a10a9b7-ddc8-45af-813e-13b685336e40,60cd80b6-3967-4dae-b4df-adc7b5644971,2024-05-15T10:16,7,83.37,Card,Completed
364e4ae5-9682-4e62-b108-7d736e0d2504,e12c3d24-86c8-474f-b86b-370df36adbfe,2024-03-15T10:16,4,77.28,Card,Pending
507dd042-efaf-4df5-ae41-7988334d32b8,365c90d0-a590-4209-9401-2ce55af5ed98,2024-08-27T10:16,4,59.76,Online,Cancelled
ac4cc78f-1dcd-4412-80bf-b89a80b2a4e7,23650eb4-f98d-45a3-a90b-a378f03d469d,2024-04-09T10:16,4,97.72,Online,Pending
7f05b90a-c580-4016-ab1a-62b993f49af6,b014b56e-3263-4b63-8430-46e00bc5ea77,2023-11-27T10:16,2,53.64,Online,Completed
200cc044-e749-4b29-84c9-c39dcf7fcf22,5f6e51da-5f01-4c9a-85dd-7d50ef37e5d7,2024-05-17T10:16,4,45.44,Online,Cancelled
fa792565-9123-4fad-8712-fa6c4a0a1f67,93cdeef1-3fc3-4a63-a275-0ae87ae6b335,2025-08-29T10:16,6,176.22,Online,Completed
6a18e9a8-85fa-4e1f-8e4b-b9f4ce1e54ad,7a18d550-38d0-40b2-84a7-547162e7e409,2024-05-09T10:16,3,68.10,Card,Pending
dbce5a5b-0024-4d4a-90d1-a8f7548b67c4,8b115a34-224b-453c-be69-b53a7445b466,2024-09-08T10:16,1,10.06,Card,Pending
2308d1f5-9f96-49c6-9f20-a26a3026d0fe,63846b60-b7be-4087-ac6e-56c9bc130a20,2025-09-12T10:16,4,107.76,Cash,Cancelled
34ac1261-b317-48e8-82a0-35e52247a3e2,365c90d0-a590-4209-9401-2ce55af5ed98,2025-07-31T10:16,2,51.62,Card,Pending
ffebf071-e3bf-4c48-a291-29ff571594f0,dcfb3d05-846d-4915-99f3-ebbc7559d972,2024-05-14T10:16,2,30.00,Cash,Pending
8c939154-1287-4fb7-902f-18e3a81a25b1,1eeb9c5f-5b7a-47af-b4f1-5a50d9d1089c,2024-05-09T10:16,4,31.40,Card,Completed
fc545e09-c26f-4fd1-a1a6-e0054d7d34c0,ada8704c-2784-4d70-84da-10078407d2c8,2025-05-25T10:16,5,121.15,Cash,Cancelled
270a7060-8a74-41ed-848a-b702adacb57d,0fcf4084-ea31-49f8-99f9-9bf8c8b0c16b,2025-04-06T10:16,1,29.11,Online,Completed
e202c0c7-2f45-4fb1-8b60-46e44550b22e,4f6ae324-5b6d-47d6-a86d-26ec6fbe1e0e,2024-02-21T10:16,3,55.02,Online,Pending
c502fc16-3558-4559-8dbf-28ad89ac077b,80537cf2-360f-4740-8b7e-d4cd56e22987,2024-03-17T10:16,7,90.79,Online,Completed
ec9aa1f5-a0a7-42cb-9f70-5cb73d342045,e6cb1215-5314-4d05-bfd1-f6e5d36e89f7,2025-08-08T10:16,7,42.00,Online,Pending
91079cca-e1e1-4cc8-b2d2-99bc85340862,6aaabc79-3d35-410f-bb96-f86a3930d0ff,2023-12-04T10:16,5,33.55,Online,Cancelled
29e7a99e-6b8f-40f0-ae3c-5d08c485c17b,d6d4ef4b-0870-48aa-b884-013237f255f4,2025-09-14T10:16,9,48.24,Online,Completed
a8552cd0-85d4-499e-873a-4cdb90b9ac07,2ca088cd-c6c6-4e60-a1a4-d2990ee21b12,2025-10-31T10:16,9,110.79,Cash,Cancelled
f8b5bf3f-1f70-4899-8dc1-bab8a2390c01,c9dcc28a-ae5f-477c-ae7e-72d94129f449,2024-11-09T10:16,2,19.36,Card,Completed
8098e9d2-3bab-49e2-aeef-b0a5390e1179,98b17fed-218c-4f20-8410-9f0edfc74455,2024-08-25T10:16,7,55.79,Card,Completed
dbf851c3-8c7d-47fc-98ab-1e66bbb3e890,c3ffc43c-0c11-40fa-9824-f234161741d0,2024-08-28T10:16,4,97.72,Card,Completed
a42c9a2f-47c1-496f-86ac-558ac34ebccb,9305d562-2505-493d-8ed8-3fb721c8f491,2025-05-06T10:16,1,22.72,Card,Completed
d6472a65-c6a9-4c54-8232-781588c5318d,e85d0261-2d97-4475-a749-363ec9040a74,2025-09-15T10:16,9,141.66,Card,Cancelled
fc0a3ac0-93c0-4a68-a2b0-8ae40fda114b,1233cc27-7567-48e0-8dd2-6b0019506c2f,2024-02-11T10:16,3,34.59,Card,Pending
3859664a-e9b1-47eb-b124-d7456ceb740a,ba5d9947-b043-4aca-8ee0-6b77895cf8e8,2024-12-09T10:16,8,134.80,Online,Completed
62def0ac-df6e-4c7a-9870-79f3e38c728b,bf0de251-90d7-423c-8b31-48df1a89964f,2024-11-15T10:16,9,254.34,Cash,Completed
b99d3e62-a5c5-4ff6-9fab-a57655e969f3,5f6e51da-5f01-4c9a-85dd-7d50ef37e5d7,2024-02-09T10:16,7,69.02,Card,Pending
b1d6af10-dc2e-4fb6-89bd-e22df256731a,e886c155-0dae-4b36-88f5-a86fa474d1f6,2024-03-14T10:16,2,34.04,Cash,Pending
481ec5c7-96ac-4b97-ac1a-6f909b77c20c,e886c155-0dae-4b36-88f5-a86fa474d1f6,2023-11-29T10:16,6,43.86,Cash,Completed
9f4e6d66-85c7-440e-9e9a-ac2d3c031ef2,c9dcc28a-ae5f-477c-ae7e-72d94129f449,2024-12-09T10:16,2,36.86,Card,Completed
1371a754-d098-40c7-9d4e-ad3c57259d4b,ba5d9947-b043-4aca-8ee0-6b77895cf8e8,2024-07-21T10:16,8,61.84,Online,Completed
cfde6c80-6931-4805-ac85-0a95aa6dd5bb,6f61ca8e-51a1-48e0-abfa-88326e713e34,2024-12-01T10:16,8,147.76,Online,Completed
830166e5-48b6-4edd-9176-194c12b0c5ab,90f0db1e-2b19-43f7-ba17-233c7c214eca,2023-12-05T10:16,1,17.32,Online,Pending
4a6db4f6-21d8-41c0-aa55-feaf2dbfcbc3,39cb44e2-a541-4b98-bc0b-db5f31cf8710,2024-09-11T10:16,4,97.28,Card,Pending
a98b3d44-17a1-46b7-807f-0978b974ed09,b014b56e-3263-4b63-8430-46e00bc5ea77,2024-06-13T10:16,9,266.76,Online,Pending
e826acb6-5bf2-4b7c-9940-ab45de390aa3,c1a09d60-c9e8-4489-a68e-e01b51541d33,2024-11-11T10:16,4,20.44,Cash,Cancelled
e978760e-8352-4d94-a35e-d14b0737ceb8,fbe227d7-6d32-4407-9783-7fdac983e55f,2025-07-27T10:16,9,121.32,Cash,Pending
4dc22a30-ff30-49da-a398-576d55e89999,f067e21d-d1d4-4e87-9cae-9753f5f9ccb6,2025-05-07T10:16,1,14.18,Cash,Cancelled
abb847ef-08b3-48d9-8ede-b1dac5039193,c5817fdc-a4dc-4879-b957-30cfda62016b,2025-08-08T10:16,3,69.21,Cash,Completed
3008eaa8-2dbc-420a-9b4a-7d17c5796b58,ceafdb2a-788d-48e0-acdd-bd533a2e7ab6,2025-09-10T10:16,6,68.58,Cash,Cancelled
d4531ec4-07f0-4863-903c-95084506c1d4,cd50913f-8c99-4253-9134-0cf5fe5f300f,2024-09-14T10:16,1,18.94,Online,Pending
8d285898-7b3a-443b-a67f-b8ea23f6fabe,824998a2-7592-4051-ab0b-d5e12743c93b,2024-04-19T10:16,3,88.95,Card,Cancelled
e076ac9b-1030-4ca1-806c-f28c52c209c1,d87f31d7-79ef-4c17-856e-142e791b04da,2025-07-14T10:16,7,51.24,Card,Completed
ee4241b7-2405-4135-aa0b-48d5995d2765,8b115a34-224b-453c-be69-b53a7445b466,2024-08-21T10:16,2,23.66,Cash,Pending
33fe4d16-f625-4dba-aeba-70798960feb3,5400d214-6176-40bf-88d2-3f53ed38bf69,2024-05-24T10:16,5,34.55,Cash,Cancelled
031c2c22-9e99-48b4-b877-998268104127,fe624323-ba72-456d-9842-ed9e0edc75df,2025-03-10T10:16,4,73.76,Card,Pending
bcfeb33d-f27c-4a48-92d6-0ecb2d08155b,8b115a34-224b-453c-be69-b53a7445b466,2025-04-11T10:16,3,70.41,Card,Pending
d5f61f0b-136f-4216-b0f6-c890498cc807,0a5a9fc7-e126-48f0-99aa-dea85c606f66,2024-09-21T10:16,8,76.40,Cash,Pending
a7b82421-b9db-480b-973f-0f149525c2c8,4e44f26d-5455-405b-8fdb-63ab8b739ecf,2024-12-07T10:16,4,82.12,Card,Pending
861c9677-2d26-4fd3-bcfd-200dfe297b6c,06e585f0-5b60-4900-81d1-3379328e6c17,2025-04-14T10:16,2,34.66,Online,Pending
b5b7e432-83ee-46ed-8840-e7311f555602,205ea7f7-e714-45b8-a083-11247ff702a1,2025-11-09T10:16,5,122.70,Cash,Pending
627c03ce-8df6-4c61-9b0e-5a7102528116,5400d214-6176-40bf-88d2-3f53ed38bf69,2024-04-28T10:16,5,111.95,Cash,Completed
0143acf3-86fd-4ee6-8b12-24d22ffe1b96,6c3bf618-a715-40f9-9faa-cfc5f5beef2f,2025-10-18T10:16,3,84.00,Card,Cancelled
e8b9d384-60dd-414a-8be3-b366ec251d6f,9b9edd1e-b4f7-414c-b8b5-a3dc51fa0a8c,2023-12-08T10:16,4,111.08,Online,Pending
0d1ecf3d-19c8-4fad-a062-4524b28ecfd1,dcfb3d05-846d-4915-99f3-ebbc7559d972,2024-08-23T10:16,9,160.02,Card,Completed
65fe117e-3c7f-41b0-8e6f-d13c58b15b8d,7c991f43-c18b-4404-8826-97691b0dc00c,2025-10-04T10:16,9,229.68,Online,Pending
e6148c19-aee6-4d74-8a02-6e9dcffae142,964d337f-acd5-4ca2-8843-9be3f2eb60fc,2024-05-05T10:16,5,34.85,Online,Completed
4ab211b6-44d3-44d5-970d-373b66a50cea,9305d562-2505-493d-8ed8-3fb721c8f491,2025-07-18T10:16,2,10.42,Online,Cancelled
e8690839-c4cc-4fa6-9a2a-8de0c3efdcca,06e585f0-5b60-4900-81d1-3379328e6c17,2025-04-28T10:16,4,42.56,Cash,Completed
522b9125-6ba3-4596-b8a5-0b507a4928bd,21edfc22-3f73-4335-a774-3cf78ab65e86,2025-03-24T10:16,4,118.76,Cash,Completed
1f8cc8a2-001b-4c87-be72-78fcc0562ca2,4f6ae324-5b6d-47d6-a86d-26ec6fbe1e0e,2024-12-31T10:16,1,20.84,Card,Cancelled
f34f3c67-bf1a-4eaa-9daa-4be8b7db0c33,5eb75bc0-d5fa-4209-9d42-7767f3f0585b,2024-01-21T10:16,6,68.46,Online,Completed
0da61cb6-d58c-4870-99bf-1dfb329cdc92,ba5d9947-b043-4aca-8ee0-6b77895cf8e8,2025-10-26T10:16,5,58.05,Cash,Completed
00ee2a6f-8d2f-4440-a5a8-7826237d5dca,f543de06-e341-4de2-95ab-ca0fd3ee51fe,2024-05-27T10:16,9,57.78,Online,Cancelled
a5a38987-98a8-4593-94a4-4a5aef7f92a9,a302a1a8-c429-406f-abff-9f273aa0a4b5,2024-09-19T10:16,5,146.25,Online,Cancelled
e3e755d0-0d9c-48c6-8dff-5311742db6b2,bb6ceda0-3f7a-4dfa-9862-41a88dd468b2,2025-03-19T10:16,2,25.50,Card,Cancelled
e4b4f27e-1001-4932-ba5d-c44ac94965c3,aff4340c-d102-49ba-af8e-84d2737ce82c,2023-12-18T10:16,4,43.00,Card,Cancelled
d25201ca-02d1-4d74-b397-8ddaf7b7fced,52fbb114-83aa-432d-b2f1-f3e37a5c4754,2024-04-13T10:16,2,25.52,Card,Completed
4cb13c34-2fb9-41b6-9091-056b061c1d52,7509850a-5062-4da9-aad6-bc5b9e363ef1,2024-12-05T10:16,6,75.60,Card,Cancelled
0f93198a-3957-4818-b364-365e8ce38d9e,e38afcd9-9e08-47ba-bc92-5ebb4bc271eb,2024-01-29T10:16,2,47.44,Cash,Pending
1b9a5028-6b01-4a11-8d21-f3943042ae18,b90a3a7f-421e-47e5-8598-fe50f365a62e,2025-06-07T10:16,9,234.63,Online,Cancelled
c454bfc6-9b22-48f6-b237-24556655546c,f067e21d-d1d4-4e87-9cae-9753f5f9ccb6,2025-03-12T10:16,6,127.14,Online,Completed
67f41a9d-8a82-4810-81bc-fe7313ec79be,59827b2a-ae17-44b1-bd6f-6f08718559cb,2025-03-27T10:16,8,66.56,Card,Pending
d4b7d020-13a5-4313-a897-097a25a8db15,6e551d53-4f6d-4b84-a9de-3d7c79694805,2025-03-13T10:16,3,87.06,Card,Cancelled
1f867ab9-466c-4476-882b-2dcd70cb94f9,8b546c63-5406-493d-bc69-cfb594b38267,2025-08-21T10:16,1,15.78,Cash,Completed
67505c37-4776-4d72-a874-051c58418611,3ab3404a-ee80-4ed2-8d90-a6f0dad14e48,2025-01-04T10:16,4,113.80,Cash,Cancelled
573c11d3-e967-42bc-8a2c-864f72e3d266,e6e1db85-f8ba-4264-9c9a-520ecda4bc4c,2024-11-29T10:16,7,86.59,Card,Cancelled
54fb6182-7611-4895-b1bc-a2dc1e0d8104,d6d4ef4b-0870-48aa-b884-013237f255f4,2024-12-07T10:16,8,132.96,Online,Completed
1164945f-3355-437f-9b1a-83a2b646d707,ba5d9947-b043-4aca-8ee0-6b77895cf8e8,2024-03-20T10:16,8,215.52,Online,Cancelled
01198e38-edcc-49b0-91cd-a856f9661e19,ebe19120-496a-47fa-87eb-2440212a3363,2024-11-02T10:16,8,46.40,Online,Pending
f6b78641-7032-473b-90f2-214bd58e64ee,f067e21d-d1d4-4e87-9cae-9753f5f9ccb6,2025-08-14T10:16,3,27.90,Cash,Cancelled
80978016-0f00-4b49-ab6e-48bea1f5c0cb,2ca088cd-c6c6-4e60-a1a4-d2990ee21b12,2024-02-04T10:16,4,29.84,Card,Cancelled
0e853cb0-03fc-4f2a-8b70-7bddbeb4942a,09ba4183-1b94-4f8c-bc5f-eca421a88524,2024-09-25T10:16,6,126.24,Cash,Cancelled
afd528f0-fbbe-45f4-baba-ac1107b7f665,1233cc27-7567-48e0-8dd2-6b0019506c2f,2024-12-07T10:16,2,51.20,Card,Cancelled
0387aa38-5857-46e8-bc05-6f4bf58f0737,63846b60-b7be-4087-ac6e-56c9bc130a20,2024-08-16T10:16,4,103.76,Cash,Completed
27e86d95-959f-4f23-80c9-e197778a8355,69446e90-4237-4410-ab55-e011eb04cce0,2023-12-29T10:16,1,14.99,Cash,Completed
441428d6-a254-4ff4-a94c-e56555aab370,515fe1d2-d33a-4b9d-8c19-07e0cbe81a9a,2024-07-28T10:16,2,57.98,Online,Completed
f232745e-27a4-4cf9-b9ef-3d135b220460,bb6bf39c-f455-4e08-a59e-1bdaaa91d4aa,2025-05-07T10:16,5,52.65,Online,Cancelled
46320c35-5989-4662-8eca-7282480eb2f0,8250871a-2b35-424e-a1a1-4eb4faffabfb,2024-05-02T10:16,8,154.24,Card,Cancelled
7a6200ac-42ac-4a0f-bcc7-6a3e9dad7cba,0df3bae1-6384-4856-aa27-aef9f6c48b75,2025-07-19T10:16,6,32.76,Cash,Cancelled
7e167712-bdc6-41ba-b6ab-94e4cf1207c5,e38afcd9-9e08-47ba-bc92-5ebb4bc271eb,2025-09-30T10:16,2,27.72,Card,Pending
434aea25-8b5c-425c-880b-45fd60696407,050d9901-1cb5-413a-9c31-282028f863c1,2024-10-23T10:16,6,163.14,Card,Cancelled
82df3f6b-4d1e-4d79-8d09-2157e8a624ce,9fa382f0-8393-48db-ad30-43c953282401,2024-02-07T10:16,7,61.60,Card,Completed
9f650e4e-8666-44a6-af05-5684a354ee8f,5400d214-6176-40bf-88d2-3f53ed38bf69,2023-11-23T10:16,1,14.38,Cash,Cancelled
e9290398-70b8-4608-9207-d93365c5ae52,09ba4183-1b94-4f8c-bc5f-eca421a88524,2025-05-05T10:16,7,105.91,Online,Completed
6a89d000-4141-4122-a606-59aa1a633818,103fcba5-5588-45a5-9fe0-6ac948d3860e,2025-03-18T10:16,9,130.77,Cash,Pending
083eb789-3a7b-402f-86be-85d12d778003,d33bbfcd-a2ca-4e80-8a1c-65223f061e7e,2025-01-09T10:16,8,60.40,Online,Cancelled
5df0b276-60df-490d-b9b3-32f6fc183bd4,8f7f530b-bb30-4a05-b437-744ed30af54f,2024-02-10T10:16,6,49.08,Card,Completed
d0e89b28-3524-48da-a8af-48e37df21809,6117b6f0-c4f4-4bf1-9eeb-f33950decba8,2023-12-28T10:16,4,55.04,Cash,Pending
119e9f94-1723-42e0-8a95-adb251e9f09f,935ebde1-5945-4673-886e-1a7a12cc2d4e,2024-09-22T10:16,1,11.37,Online,Pending
668ddd33-cb8e-4691-9889-a1321d40d28d,0fcf4084-ea31-49f8-99f9-9bf8c8b0c16b,2024-08-17T10:16,6,155.64,Online,Pending
60407501-6cd6-44c6-a53e-f91e93a90fd9,caad7924-4bc5-4f85-9662-11ca261e3c87,2024-12-11T10:16,1,12.25,Online,Pending
5b3b6f49-dd83-4e87-b870-059d6a27f2d6,92da274a-bea2-490a-bb52-196c46fa8487,2024-11-18T10:16,4,51.56,Card,Cancelled
e3551677-fde9-4cf8-a57e-925df2869232,8887df7e-682b-4d48-b18c-c1ddfa0aaa26,2025-07-22T10:16,9,264.15,Online,Cancelled
e94f6da9-feb7-4c4e-bb47-2075d21efe1d,bf0de251-90d7-423c-8b31-48df1a89964f,2025-01-08T10:16,6,155.46,Cash,Completed
a1879265-c950-4cec-8cc6-8e99e91d63b6,52c87fd9-fdf0-4256-b929-6153ad24a0ac,2025-09-22T10:16,2,29.12,Card,Pending
2cee7e27-a98a-44ad-b71b-355b20da749e,b04ce307-2d1f-4214-b023-d8f4379041a1,2025-09-05T10:16,3,81.69,Card,Completed
2662422d-324b-4d13-a1ce-b7f5ef5875af,1a31c678-d420-495a-aff3-0f1609514e1e,2024-11-13T10:16,4,29.56,Cash,Pending
15ad0eb8-5650-41af-b52c-d22fa5e3b609,10b26c2d-7d56-4175-84a8-a2775e128a9d,2023-11-26T10:16,1,5.09,Cash,Cancelled
3bee671f-5e6d-49be-a449-746551447355,36b880b0-e9bd-4c0b-8f1c-32018f6c758a,2025-07-19T10:16,4,63.52,Online,Pending
164c8a46-ea3f-4032-8ff2-7d188d2cac81,000f9c8f-2fc7-4346-844d-c04f10751265,2025-03-11T10:16,3,77.55,Cash,Pending
198b0031-51ee-413e-95d8-87ae3d65e576,c46351bf-193f-49af-a5d6-456188837c3d,2025-08-25T10:16,4,29.92,Card,Pending
77dc96d2-aa56-4db9-bda9-84b8a60af74f,d5cfb1a3-ce2f-4aff-ab4c-50e0c5426af1,2024-12-04T10:16,8,156.16,Online,Cancelled
d53b2cc5-de1c-4d8f-8bb7-f3c8e2ee3d58,8b115a34-224b-453c-be69-b53a7445b466,2025-06-02T10:16,1,20.65,Card,Completed
473d03b6-f33f-41d3-a61a-8e42a81fba5d,8626238e-5813-415a-9a8c-db944b1e0269,2025-09-02T10:16,1,6.83,Cash,Pending
cad93ae1-3946-4f7c-8caf-f22f1f7856dc,ff4db0d8-e809-46e8-9ae0-78ffee4902d9,2024-06-28T10:16,3,18.60,Cash,Pending
726526cf-f8cb-44d3-93bf-82e482ab9819,bf0de251-90d7-423c-8b31-48df1a89964f,2025-03-06T10:16,5,42.35,Card,Cancelled
223e4f38-8629-475c-ada1-b63bcf4556f3,8887df7e-682b-4d48-b18c-c1ddfa0aaa26,2024-06-04T10:16,9,74.61,Card,Pending
e73205d0-7cde-4ffd-8b0d-178cce76a251,23650eb4-f98d-45a3-a90b-a378f03d469d,2023-11-29T10:16,5,123.00,Cash,Completed
8bd9113d-260b-41f4-abf0-6bc3ca01a639,6945f6f4-b8f9-4d04-90ff-e59ed705578e,2024-02-13T10:16,9,242.91,Cash,Cancelled
1ecb994d-82d7-4757-a693-812f1042b07e,3e97fc93-73a7-45e0-9888-f7a03ee258a7,2025-05-24T10:16,4,59.72,Online,Cancelled
4abe87a5-19f4-43d5-928f-e29331554e07,6bd388d4-5636-450b-bacd-55bdcb769bab,2024-01-31T10:16,3,29.91,Card,Cancelled
338a589d-dc5c-49e6-a117-d6ca859f9d52,4b14a58c-f1e4-40b6-888d-a88cd7055099,2025-08-07T10:16,2,45.38,Online,Cancelled
9502e6ca-22f2-43c9-b42a-50bac7ea5db6,ef7fad1f-a86f-4ee1-95b4-ce1f339f0fa5,2024-07-07T10:16,6,112.62,Cash,Completed
e92f1e74-be3f-4a7a-88e1-af608184ce1a,795088d7-d227-422e-ad8c-f048bde0675e,2024-09-28T10:16,8,66.32,Card,Pending
1a737682-858f-44df-9e96-c7a38d94de91,8887df7e-682b-4d48-b18c-c1ddfa0aaa26,2024-07-20T10:16,2,42.58,Cash,Pending
465f0c3a-4484-409e-8b60-f4bccf039692,cf65c4b6-4c1c-420b-95de-23e5b56ffad5,2024-02-07T10:16,5,60.40,Cash,Cancelled
a349d9fd-0b48-4639-bf24-98de774231cf,0472ca7f-b133-4710-8f43-24a3c6c1afd1,2025-04-07T10:16,5,78.70,Online,Pending
866830d6-5f7b-48fa-a300-34f4f9a36004,1233cc27-7567-48e0-8dd2-6b0019506c2f,2025-05-12T10:16,6,40.02,Card,Pending
a38f557c-22b1-4b6b-b1cc-5383399e3b24,caca465c-e9f2-4add-91b5-24c70595e321,2025-03-23T10:16,2,57.08,Card,Completed
61193cd9-e16b-427a-aaf5-de7ce11c5f20,e7991221-0de0-4ef8-aa9c-ca3b59197059,2024-07-24T10:16,8,94.00,Cash,Completed
6fd311bd-b750-4d9f-b7ab-d68d753dfd5d,f90cf3ca-e2d0-4129-bc7a-e8a2b80880da,2023-12-08T10:16,7,159.32,Card,Completed
cf83a468-8d52-4533-92e0-7cbc4419f6bb,2a109685-1399-4149-8951-fba29bb0360d,2023-12-31T10:16,9,63.36,Cash,Pending
1dcfb186-90d6-4619-be12-b23f27d457a8,7d2df59f-386d-4aec-85a8-2443262a0cb4,2024-04-19T10:16,4,54.24,Online,Pending
4115f44b-07d0-495b-b99f-8f031f87edcb,c0d74d86-5c5b-481d-b8e3-61eeb9c77255,2025-04-16T10:16,1,14.52,Cash,Cancelled
c83fdf34-776b-4a9a-b995-e4a3d8c0f147,cb8747c7-32ca-4b6b-868d-13ab01d953ec,2025-02-18T10:16,4,30.56,Cash,Pending
9936f947-03f8-40ac-abca-83900d11287e,9fa382f0-8393-48db-ad30-43c953282401,2025-07-23T10:16,7,190.33,Online,Completed
c71735eb-1c9e-4c7e-b423-15714ed17990,fdb5454e-2230-489e-ade4-9218ff28cbd8,2024-11-10T10:16,4,31.64,Card,Pending
deb577ee-b145-4d89-b1b4-13663fc45a0b,7169ef0c-f2c8-4ae3-83f6-87691664d2d2,2024-05-07T10:16,3,54.03,Online,Cancelled
d5802982-756a-4852-8fb5-8be9d64c4e91,6b1178fc-1745-401d-88da-3903c243ebe9,2024-06-18T10:16,3,58.83,Cash,Cancelled
765031bf-e058-4913-9094-2ea41bd28b11,ceafdb2a-788d-48e0-acdd-bd533a2e7ab6,2024-05-17T10:16,5,104.15,Cash,Cancelled
748381e6-2d1b-46d5-8d33-ad0de6142ab6,05ccd8a5-ea5f-4353-bd1e-3022152b0685,2024-07-24T10:16,9,53.55,Cash,Pending
5d5e73d6-3a21-4231-8e6f-1b8f1f6e6721,050d9901-1cb5-413a-9c31-282028f863c1,2024-05-13T10:16,1,14.27,Online,Completed
b22847cc-ab7a-4fd3-ab9a-aa231a63aea3,6b1178fc-1745-401d-88da-3903c243ebe9,2024-06-28T10:16,2,27.80,Card,Pending
6dd8e3a3-6fd2-4c30-9c45-832870d6b73f,0e0d5f13-edd5-4ab0-9ddd-3df111bedc5a,2025-06-21T10:16,1,7.04,Card,Completed
d5ee7407-5da8-42ee-b749-efbff724f267,401a6911-a31e-4892-adc1-56e3e1eb090a,2024-01-04T10:16,4,113.76,Cash,Cancelled
2ac7911b-11d4-48a5-8855-9a0b9e8d5a60,e7991221-0de0-4ef8-aa9c-ca3b59197059,2025-04-24T10:16,8,194.72,Online,Completed
1b4f1db3-e834-47fa-8864-44728ed0f443,8626238e-5813-415a-9a8c-db944b1e0269,2025-08-17T10:16,9,46.89,Cash,Pending
98626ccc-48c3-429c-a4c1-2587cf6d4f73,7509850a-5062-4da9-aad6-bc5b9e363ef1,2024-11-12T10:16,3,50.97,Online,Pending
4652c984-d78a-462e-9492-c5b117badb69,46032f36-69bc-465a-9b33-a5d560bfd77a,2024-04-02T10:16,2,21.16,Online,Cancelled
2f6f2600-5fb3-4bc2-8ace-4c678dd4327f,0130fcd4-a6cf-4a72-8400-7bcae1abce34,2025-09-02T10:16,7,48.16,Card,Cancelled
d3301504-9566-49d6-9069-7218c2d9443a,983d66ae-c8b0-46b8-8abc-26a1055cf729,2025-01-27T10:16,5,98.90,Card,Completed
3ed3f62b-18b3-4159-bdea-5f9f8646cb54,1407e9cf-22c9-4137-a2fe-cc12dc038235,2025-03-19T10:16,6,76.14,Cash,Pending
d9b5a605-c7e9-403e-abbc-1eb2a3937f76,a302a1a8-c429-406f-abff-9f273aa0a4b5,2023-11-19T10:16,5,56.95,Card,Cancelled
da99fb22-c23f-4cf7-ad20-ceb3e2ca4776,f543de06-e341-4de2-95ab-ca0fd3ee51fe,2025-03-21T10:16,6,172.26,Card,Cancelled
c744a75c-9f01-4a51-8283-875e420a4c38,0130fcd4-a6cf-4a72-8400-7bcae1abce34,2025-08-05T10:16,1,12.30,Online,Pending
4cec0fae-6164-478a-b05a-f3cc864dd5ff,9305d562-2505-493d-8ed8-3fb721c8f491,2024-01-10T10:16,4,67.16,Cash,Completed
976f0282-c4e6-44f3-986b-bcca33903731,63846b60-b7be-4087-ac6e-56c9bc130a20,2024-06-15T10:16,9,48.60,Card,Pending
579611ca-06c8-4775-830e-eb43007b3754,c63bd277-c81c-40c5-8720-6ce916d653c4,2025-03-10T10:16,7,65.59,Card,Cancelled
e018e28a-f67f-482d-86f5-98909d06c6a0,00d7ae70-0f46-4453-963c-4ab2a3d29314,2024-08-04T10:16,9,56.25,Card,Cancelled
7cf9e96e-152a-4db3-a084-5e1ff82e04e1,bb9edfa8-17f7-4f6f-8e3b-616693a298b1,2024-12-11T10:16,2,26.94,Card,Pending
86584dc3-8428-447a-ad97-aeb8fa4c245f,fe624323-ba72-456d-9842-ed9e0edc75df,2024-03-10T10:16,5,92.90,Cash,Pending
6fcdf1d2-f935-45ff-855b-86292b1d5cd2,69446e90-4237-4410-ab55-e011eb04cce0,2024-07-04T10:16,2,19.60,Cash,Cancelled
6da20248-21bb-4a6d-adde-5b7d1c1f841d,ba5d9947-b043-4aca-8ee0-6b77895cf8e8,2024-09-22T10:16,9,108.90,Online,Completed
cf233fac-d577-41ff-aaf1-2b19c6484152,f543de06-e341-4de2-95ab-ca0fd3ee51fe,2025-08-30T10:16,3,41.82,Card,Cancelled
8d040bda-4690-4a8a-aa86-793297fcb6af,6f61ca8e-51a1-48e0-abfa-88326e713e34,2024-09-05T10:16,5,132.75,Online,Pending
81bef1d5-a815-4621-8bc0-000b2bac8f43,68169a66-a8d4-4763-914e-7befc826445b,2025-11-05T10:16,6,106.86,Cash,Cancelled
bfbce228-1129-460f-bca3-7ee345e70552,ceafdb2a-788d-48e0-acdd-bd533a2e7ab6,2025-07-15T10:16,1,21.91,Cash,Completed
4248a33f-7efd-427f-ae90-8f741a5c6df0,2ca088cd-c6c6-4e60-a1a4-d2990ee21b12,2024-01-24T10:16,2,54.50,Online,Cancelled
8e5e7479-9aad-4ff1-ad19-d0d1e8f92950,1a31c678-d420-495a-aff3-0f1609514e1e,2025-10-18T10:16,5,102.60,Cash,Cancelled
ddbb978f-24f5-4126-b7bc-ca8aa16be211,49af098b-bf79-4643-8e49-739ea932d38b,2024-09-02T10:16,9,79.20,Card,Completed
103cdc5a-cc44-4b5e-9bea-44f1e56c22e9,7a18d550-38d0-40b2-84a7-547162e7e409,2025-03-15T10:16,6,97.14,Cash,Pending
8491c6dd-1e6f-4c54-a3da-4e7a83807fc0,d3f641e5-b8b5-4f5f-9155-7768df2033e8,2024-07-21T10:16,1,21.60,Card,Cancelled
d90175ff-ed53-4152-9bea-8574ce9551da,c9dcc28a-ae5f-477c-ae7e-72d94129f449,2024-05-30T10:16,4,106.96,Cash,Pending
83c59e97-5e62-4541-96c6-989311e9d77b,c63bd277-c81c-40c5-8720-6ce916d653c4,2024-11-27T10:16,7,76.72,Online,Pending
1ff2ab7c-e60d-4260-80b9-90fdbe7fe3a8,d33bbfcd-a2ca-4e80-8a1c-65223f061e7e,2025-01-23T10:16,6,108.24,Online,Pending
e9d3af6a-a6e0-4232-aca0-7bb7abe4069f,cd50913f-8c99-4253-9134-0cf5fe5f300f,2024-06-25T10:16,5,126.40,Cash,Pending
38a45b2c-480b-4dbc-af01-efe87bad6453,89d26a00-0fde-4c03-8430-b06f6bc3f33a,2025-01-07T10:16,4,79.64,Card,Pending
797da36b-0e5c-43e1-8d6c-19665e580743,500fde18-ea61-4380-9ea4-f06d09985870,2023-11-24T10:16,9,237.24,Card,Pending
9c18a6cb-324a-4b72-b592-09912e81db9c,e277d099-db2a-4aee-ab86-8b0e73a34383,2025-10-13T10:16,5,112.60,Online,Completed
8c5c2a92-2eff-4aeb-8c9a-c78bee340a96,b014b56e-3263-4b63-8430-46e00bc5ea77,2024-06-28T10:16,7,123.62,Online,Pending
e935ce09-fcb7-43d8-83c3-ae7f3607bf2a,74e76582-f1b8-4560-b049-8aebb59d4721,2025-10-03T10:16,1,29.31,Online,Completed
dec0caf1-3089-4c0f-bef2-28c24bd1746b,b04ce307-2d1f-4214-b023-d8f4379041a1,2025-07-12T10:16,1,23.19,Cash,Pending
c0cc6c84-2d35-4908-a6b0-eae1458193b8,8626238e-5813-415a-9a8c-db944b1e0269,2023-12-29T10:16,7,61.11,Card,Cancelled
b5b2a030-1121-46cf-865e-027e115487dc,8250871a-2b35-424e-a1a1-4eb4faffabfb,2025-10-25T10:16,5,86.20,Online,Cancelled
680126b8-5122-46f7-9da9-5a08e3aa2f51,3dcaabe3-78c9-4d88-bed5-56ca7ceea07c,2025-05-05T10:16,7,75.11,Online,Cancelled
ec30eb91-4d70-42c3-92e9-1ff7eb659a47,0a570207-0f70-467f-bbeb-44a0a60a9a25,2025-02-01T10:16,8,158.40,Card,Pending
5df3afb6-99c2-48cd-a203-88f8311ba021,ecf1ffb0-ac00-4968-87ea-8beef4ace55a,2025-06-20T10:16,4,104.68,Cash,Cancelled
6ca2a39e-6495-4d15-a9cb-077ddd630a7e,52f5634d-de98-4543-8a1e-cbf1e2d0242f,2024-03-19T10:16,8,95.44,Card,Completed
c021301b-04ca-4b18-b8d2-a4eba9e7d710,ecf1ffb0-ac00-4968-87ea-8beef4ace55a,2024-11-17T10:16,8,157.76,Online,Cancelled
50b80215-93ea-42a4-abbc-0fcd1cba2ebc,6e551d53-4f6d-4b84-a9de-3d7c79694805,2025-11-09T10:16,6,77.70,Cash,Pending
98938d25-e05e-4d97-ac7f-8d8737812dd0,59827b2a-ae17-44b1-bd6f-6f08718559cb,2025-06-26T10:16,2,58.50,Online,Cancelled
e7be3d0c-dc68-4140-a0a1-0c0ac673d3fc,ebbc7df0-770d-44f8-b0ff-c62f9006e40e,2024-01-28T10:16,6,62.76,Online,Completed
21c22631-dbc4-4996-947e-78ba3e450d19,cd50913f-8c99-4253-9134-0cf5fe5f300f,2024-12-20T10:16,8,118.24,Cash,Pending
817db0cf-d900-47d8-8416-dcbb35fdf12b,7a18d550-38d0-40b2-84a7-547162e7e409,2025-09-01T10:16,9,113.40,Card,Completed
f55e2e9f-055e-4d40-9331-1bfa5105bda4,b014b56e-3263-4b63-8430-46e00bc5ea77,2024-03-15T10:16,7,118.79,Cash,Pending
d327b30b-1fac-42cf-824d-c8d9dab0e6e8,058b9c75-b72f-4594-80d2-e41194ff7672,2025-03-26T10:16,7,60.90,Online,Cancelled
a7d1da85-fd1e-4afe-adb0-2de479006140,795088d7-d227-422e-ad8c-f048bde0675e,2024-10-03T10:16,4,33.72,Card,Completed
5e6cc850-bbb1-418f-afcb-6fae1534a539,49af098b-bf79-4643-8e49-739ea932d38b,2024-09-21T10:16,5,45.65,Card,Pending
1cefe3e7-6f95-4b5d-9f5b-94ae1e4868c1,983d66ae-c8b0-46b8-8abc-26a1055cf729,2024-08-25T10:16,5,66.65,Cash,Cancelled
75a26521-04a4-4997-a1e9-948ae5945e2f,485b65e7-fdf4-474d-afba-37986d8d3cd8,2024-10-04T10:16,4,79.96,Cash,Cancelled
4b51f633-2ab6-4b86-a8a2-1e9e9f66c99b,0b2a0e9a-e050-4380-b607-57adcbbf59d4,2024-02-13T10:16,5,85.80,Online,Completed
58d08a5e-d019-4d67-bf0d-1a4d0dd61aaa,21edfc22-3f73-4335-a774-3cf78ab65e86,2025-10-03T10:16,5,96.50,Cash,Pending
b1393245-9b8b-4082-937c-4315daaf1794,d7af10ce-45c9-4fc8-8dd8-b1c5491aad5f,2025-07-09T10:16,9,102.60,Card,Pending
9396d04a-28f3-4256-a1ee-125f5b2f0657,1eeb9c5f-5b7a-47af-b4f1-5a50d9d1089c,2024-06-16T10:16,7,60.48,Cash,Completed
53c01386-dd68-4084-9315-4801e1301d02,ff4db0d8-e809-46e8-9ae0-78ffee4902d9,2024-05-20T10:16,2,44.50,Cash,Cancelled
3661be73-0afb-4089-bf15-57e0e93f5d3b,a3f626b9-cc27-4c04-8570-be79ab8bda4a,2025-07-31T10:16,6,153.54,Online,Completed
64633c2a-9d02-47e2-b609-e745d22d3edf,26d032f1-9fe9-487a-987a-a8be14e1db05,2024-04-01T10:16,2,38.86,Card,Completed
391d0a96-94e1-4b2b-ba68-1de77ad3cb6f,b0d737cd-ec4b-4a88-aa81-d012ef3fb719,2024-03-05T10:16,2,43.04,Card,Pending
325db682-8e2e-40d4-85a1-787a1aeee117,7a18d550-38d0-40b2-84a7-547162e7e409,2025-05-20T10:16,1,19.40,Card,Cancelled
0335b50d-1950-45fc-91f0-4f1a02b6a0ea,e85d0261-2d97-4475-a749-363ec9040a74,2025-10-15T10:16,5,100.70,Online,Completed
f65e2fa3-1515-4a97-a8ff-0444109d7edc,3befa4dc-d961-4a3a-9410-d43d1bdaa335,2024-10-26T10:16,3,46.65,Cash,Cancelled
bce12b08-e16f-4d02-896e-4972769f236c,b3688304-b24b-416a-9bf4-c2b6aaeb59d3,2025-09-23T10:16,1,11.27,Online,Cancelled
405ae8c9-9a45-4190-89a9-c2ee97dae293,27e45431-1333-4ffd-a0c8-be56ffdc5d4e,2024-08-20T10:16,4,36.92,Cash,Cancelled
e5b95d36-12d6-41bf-92cc-d08782b2c550,f90cf3ca-e2d0-4129-bc7a-e8a2b80880da,2024-06-25T10:16,9,177.57,Card,Cancelled
ce062225-c627-4aae-b564-1a8029246d29,515fe1d2-d33a-4b9d-8c19-07e0cbe81a9a,2025-06-11T10:16,2,14.56,Cash,Pending
f90a0cc2-5928-427a-af13-64620e392228,aac35608-9499-49c5-811a-a059e773c968,2025-04-05T10:16,2,27.46,Cash,Completed
2d501075-184d-4221-8259-2939343499ce,7d2df59f-386d-4aec-85a8-2443262a0cb4,2024-12-03T10:16,8,157.12,Online,Pending
c59178a9-36dc-4d7c-8ab3-be9b85835df4,c63bd277-c81c-40c5-8720-6ce916d653c4,2024-11-14T10:16,6,95.70,Online,Cancelled
00d3c883-a2f8-4e0e-9921-c2af47130bfa,c0d74d86-5c5b-481d-b8e3-61eeb9c77255,2024-11-13T10:16,9,137.70,Cash,Cancelled
af67cffa-75b3-426d-be3a-244d08a539d4,f3826f04-0dfa-4266-8002-58fede0093f5,2025-07-07T10:16,9,153.36,Online,Cancelled
70babacd-3221-4748-bde7-9c39a330e488,a3f626b9-cc27-4c04-8570-be79ab8bda4a,2024-04-17T10:16,7,185.15,Cash,Pending
869317e7-b94e-4470-b50d-e4eef0dc493d,5400d214-6176-40bf-88d2-3f53ed38bf69,2025-05-05T10:16,2,17.54,Card,Completed
fc6f930e-c779-44a4-b48d-8e9667ce517d,885715b6-b1eb-44ca-8460-28c0343e56f3,2024-09-13T10:16,6,142.26,Online,Completed
16f0543f-b3e9-4e3d-b899-f70bdb029a1e,11526850-7335-463f-b740-a52a90457c3b,2025-03-19T10:16,9,131.13,Online,Pending
b4d9c711-782e-4a3f-9ddf-43c83026da1f,ebe19120-496a-47fa-87eb-2440212a3363,2025-11-10T10:16,7,88.83,Cash,Cancelled
4feef0c9-7f1c-40e6-9f98-591e1a96899a,5f0f3def-9ff6-4282-ad04-001c4a769966,2024-11-15T10:16,5,146.85,Card,Pending
eb89bea6-046e-4abd-a396-05ac83d74e78,0df3bae1-6384-4856-aa27-aef9f6c48b75,2025-02-14T10:16,9,112.86,Cash,Cancelled
8be64e81-24d1-4dc5-b789-7c2ba065b650,26d032f1-9fe9-487a-987a-a8be14e1db05,2024-04-06T10:16,1,12.20,Online,Completed
657240c9-8be1-49f7-9ccb-a618eac54d2c,e886c155-0dae-4b36-88f5-a86fa474d1f6,2024-01-24T10:16,7,131.88,Cash,Cancelled
4083fbbe-ef29-49fb-8a5d-8ecf13a9afe9,c1a09d60-c9e8-4489-a68e-e01b51541d33,2024-07-20T10:16,8,180.00,Cash,Pending
b5f87da3-3b87-4509-8ad1-336368a08254,b047b369-02d0-4f25-9af0-f1e883228863,2025-02-18T10:16,3,79.35,Cash,Completed
fb39f0c8-6bb1-470f-b81c-b557be2b3d2b,52fbb114-83aa-432d-b2f1-f3e37a5c4754,2025-07-25T10:16,5,36.40,Cash,Pending
e1fbf62c-02df-461e-8f51-59ae1605eeb5,058b9c75-b72f-4594-80d2-e41194ff7672,2025-06-20T10:16,9,259.74,Card,Pending
cad3b2d2-f2b3-4135-a106-1ca750bc60da,f6c35464-33dd-44a7-bf84-071f2e427045,2024-11-07T10:16,3,58.50,Cash,Completed
43872a48-24c5-4c65-83ae-d09957469003,7d2df59f-386d-4aec-85a8-2443262a0cb4,2024-06-15T10:16,2,47.16,Online,Cancelled
d6f62102-6356-4f78-9666-b7502652858d,fbe227d7-6d32-4407-9783-7fdac983e55f,2024-01-17T10:16,6,149.46,Online,Pending
67c1e586-4abf-4947-86ab-be30c703e9f7,d3f641e5-b8b5-4f5f-9155-7768df2033e8,2024-05-09T10:16,2,34.72,Card,Completed
a7e7e6c5-3a09-44fd-bb67-47692b541579,941529ef-2114-4bff-907a-4596ff4593a1,2025-07-29T10:16,5,69.15,Online,Completed
3174ae54-1e04-4c22-9aa6-c8ddc4c29a4c,aff4340c-d102-49ba-af8e-84d2737ce82c,2024-08-15T10:16,3,17.40,Cash,Cancelled
b031a1bb-d181-419b-9342-d86f179224fb,365c90d0-a590-4209-9401-2ce55af5ed98,2025-03-24T10:16,7,192.22,Online,Completed
0f6a00c6-53ed-47cc-97fe-f48ef88816cd,f3826f04-0dfa-4266-8002-58fede0093f5,2024-04-24T10:16,3,76.05,Card,Pending
fd9796f0-58f5-4727-be72-a81ef250a807,9fa382f0-8393-48db-ad30-43c953282401,2025-01-06T10:16,4,69.60,Cash,Completed
eeae20ab-d215-490c-8b4e-1d979e4c0fbf,14eace30-1ac2-411e-8eef-98e8f32a87fb,2025-02-22T10:16,6,165.90,Card,Completed
474f9827-9c3d-452f-a0d3-fef26c88d296,77ca464a-fe0d-4dcc-8f08-3eb2f7b64f76,2025-10-05T10:16,4,68.72,Online,Completed
ec4b3e2f-f155-426b-a9de-310d7de2c6da,0e0d5f13-edd5-4ab0-9ddd-3df111bedc5a,2025-10-08T10:16,4,39.00,Cash,Cancelled
496565bc-47f9-4251-aa86-fa714307de3b,74e76582-f1b8-4560-b049-8aebb59d4721,2025-01-04T10:16,2,36.74,Cash,Cancelled
c1ba313b-d6bf-450d-8964-9d260b2e8c60,8e1bbe6c-7b75-46dc-8ca1-0b1664cd6ae4,2025-03-09T10:16,5,34.85,Cash,Pending
e029451d-0f4c-4189-b12e-6e26f8d04678,726d71e2-70fd-4416-8568-78619c14a73a,2024-12-22T10:16,6,94.86,Cash,Completed
12e3c6bb-4aae-47c3-98dc-c91041c9b923,65b2c0ea-6192-47fc-9286-2c1dd3ecefb1,2024-09-27T10:16,9,52.20,Online,Cancelled
b2874f32-e7af-4885-bcbc-45f70f38cc13,65b2c0ea-6192-47fc-9286-2c1dd3ecefb1,2024-09-20T10:16,3,61.26,Online,Pending
2fe85fa9-7897-446a-a4b1-7605d674e7f2,500fde18-ea61-4380-9ea4-f06d09985870,2025-10-04T10:16,2,47.76,Cash,Completed
b05589c5-8ced-4ace-a935-2271706d8a55,53db1213-7316-47bb-9099-c1def0e3c96b,2025-09-17T10:16,3,74.82,Cash,Completed
ca7ccc8a-309e-417d-ba93-4d7512c091cd,62a2bfef-ca4a-4dec-90ea-bf15ea1880d2,2025-11-04T10:16,9,161.37,Cash,Cancelled
6acde724-ed18-4695-86bc-7fa2d4876e85,a190f67b-21df-46bc-8164-46bdfa00af85,2024-10-24T10:16,9,236.88,Online,Completed
47a88b6d-75ec-4c9b-9b11-25d130b67792,401a6911-a31e-4892-adc1-56e3e1eb090a,2025-05-28T10:16,7,75.60,Card,Cancelled
5f94aa57-ea09-472a-9184-7527773a8e27,52c87fd9-fdf0-4256-b929-6153ad24a0ac,2024-12-31T10:16,2,57.66,Cash,Completed
99236433-2f01-4e67-bd27-24acf5286ac6,500fde18-ea61-4380-9ea4-f06d09985870,2024-07-01T10:16,1,24.18,Online,Cancelled
92031cf2-05ff-4ee0-95fd-cc01784f144b,ceafdb2a-788d-48e0-acdd-bd533a2e7ab6,2024-03-13T10:16,8,227.04,Online,Pending
1ab21625-8e57-458d-b7ef-0188ad61bdb3,e7991221-0de0-4ef8-aa9c-ca3b59197059,2024-10-31T10:16,7,176.12,Cash,Pending
4df4822f-5e7c-4ba7-b252-abfa2dc0fd53,c5817fdc-a4dc-4879-b957-30cfda62016b,2024-09-16T10:16,7,185.15,Cash,Cancelled
95f203e3-d869-4172-a66a-b924c24e9502,1eeb9c5f-5b7a-47af-b4f1-5a50d9d1089c,2024-03-28T10:16,4,109.36,Cash,Completed
4c241a3c-f8b0-41e3-a43f-a2dfd197fa3b,09ba4183-1b94-4f8c-bc5f-eca421a88524,2025-04-05T10:16,9,265.68,Online,Pending
2f6347df-733a-42e3-b18f-bdba5cf9437f,4717d2a3-4b2a-44f1-b960-a2b73e2d23fd,2024-03-12T10:16,7,152.95,Card,Completed
6379cca3-734c-4881-bca9-b76afc99f403,ef7fad1f-a86f-4ee1-95b4-ce1f339f0fa5,2024-11-18T10:16,5,126.75,Cash,Pending
0f7c1f6b-019d-4fa5-b273-a1d9790bd87f,1407e9cf-22c9-4137-a2fe-cc12dc038235,2024-06-23T10:16,3,82.56,Card,Pending
1c89551c-9005-44dd-a0e2-933cee2307a0,b90a3a7f-421e-47e5-8598-fe50f365a62e,2025-06-24T10:16,2,30.12,Card,Completed
dc42e848-85d4-486e-a60c-6261fb3dbfdc,11526850-7335-463f-b740-a52a90457c3b,2024-02-23T10:16,9,103.59,Online,Completed
b1caee1a-e3d0-4e4d-af6c-8ff2272c5a7e,21edfc22-3f73-4335-a774-3cf78ab65e86,2025-06-04T10:16,5,48.05,Online,Cancelled
115811d1-14b8-407a-bb16-e43da4c01132,5f6e51da-5f01-4c9a-85dd-7d50ef37e5d7,2025-06-07T10:16,9,268.83,Online,Completed
be875f06-0843-4559-8b1f-71d37c385db2,d6d4ef4b-0870-48aa-b884-013237f255f4,2025-09-02T10:16,3,25.86,Online,Pending
65d30fca-7aa8-47a5-b0ba-1a718dfc5a9a,e886c155-0dae-4b36-88f5-a86fa474d1f6,2024-03-27T10:16,5,80.35,Card,Completed
eeec1701-a241-4456-a970-6047410634fd,3ab3404a-ee80-4ed2-8d90-a6f0dad14e48,2023-12-28T10:16,1,6.51,Cash,Pending
dfca80ee-f7c1-4264-8c5c-f0eac7306cd4,a3f626b9-cc27-4c04-8570-be79ab8bda4a,2025-03-20T10:16,8,63.28,Card,Pending
82932d06-1111-402d-b597-cb8646eaeca8,401a6911-a31e-4892-adc1-56e3e1eb090a,2024-06-30T10:16,8,222.64,Online,Pending
1ca2f49b-10b1-4036-a4bd-b4829204f9d9,7c991f43-c18b-4404-8826-97691b0dc00c,2025-04-29T10:16,2,17.84,Card,Cancelled
150455ab-a8b5-41a4-b56c-caa948dfee48,65b2c0ea-6192-47fc-9286-2c1dd3ecefb1,2025-04-18T10:16,8,148.64,Online,Cancelled
6a272d30-3d5b-4e98-b924-5259934cb610,6bd388d4-5636-450b-bacd-55bdcb769bab,2024-12-27T10:16,8,115.44,Card,Cancelled
5a12b02b-d755-487c-b933-f85a126557f8,7169ef0c-f2c8-4ae3-83f6-87691664d2d2,2024-08-29T10:16,1,29.12,Card,Completed
43d5d74c-b174-4cdd-8463-2eed50cf35e6,b047b369-02d0-4f25-9af0-f1e883228863,2025-09-29T10:16,4,60.04,Card,Completed
ae9d79c7-1209-4672-886d-d3a400c89478,c9dcc28a-ae5f-477c-ae7e-72d94129f449,2025-03-09T10:16,3,89.58,Online,Cancelled
14be15eb-a168-4cbb-9db5-50f43c75498a,ef7fad1f-a86f-4ee1-95b4-ce1f339f0fa5,2024-07-26T10:16,1,18.76,Online,Cancelled
120dbac0-e572-4ed0-82d2-957c727f6156,b047b369-02d0-4f25-9af0-f1e883228863,2025-06-14T10:16,6,141.84,Online,Completed
f8e426a6-2c1f-464f-a9dc-5b64417e7d2b,8b546c63-5406-493d-bc69-cfb594b38267,2025-05-19T10:16,6,163.02,Cash,Pending
07625dad-88b0-4b9a-aa5e-04ecbf8d5bf8,d7af10ce-45c9-4fc8-8dd8-b1c5491aad5f,2024-03-22T10:16,1,17.60,Cash,Pending
38fdde36-ff07-42b8-874d-7e33601aca34,c3ffc43c-0c11-40fa-9824-f234161741d0,2024-09-24T10:16,7,116.06,Card,Pending
0c5138fc-a18c-42d5-8d84-058a05bb2214,6bd388d4-5636-450b-bacd-55bdcb769bab,2024-01-07T10:16,1,22.08,Online,Pending
87cf35a4-49eb-4a03-992f-ce317912489a,8113211c-bdc3-4bb0-94d9-3fd3871f3005,2024-02-29T10:16,6,32.22,Card,Completed
51c6cca1-f1dd-40d8-99d4-7d74919b9b8a,dcfb3d05-846d-4915-99f3-ebbc7559d972,2024-11-22T10:16,1,19.64,Cash,Cancelled
cf14ea27-a622-4e91-9ad7-123beb163e5c,e6e1db85-f8ba-4264-9c9a-520ecda4bc4c,2024-09-10T10:16,1,12.22,Card,Completed
4b15024e-0494-44a5-b08d-0280e174d316,cf65c4b6-4c1c-420b-95de-23e5b56ffad5,2024-05-30T10:16,8,229.92,Online,Cancelled
0e2c7e18-9e22-4a91-8436-91ac7390116b,caad7924-4bc5-4f85-9662-11ca261e3c87,2024-06-11T10:16,3,21.24,Card,Pending
d176e229-f087-4fe5-aa3c-4cddc10fa2f5,a302a1a8-c429-406f-abff-9f273aa0a4b5,2024-09-02T10:16,5,61.05,Card,Cancelled
ebd90812-16b6-4e4a-b903-74aeb7e65fbb,e886c155-0dae-4b36-88f5-a86fa474d1f6,2024-09-07T10:16,3,65.34,Card,Cancelled
92dde8bd-e972-4240-b871-5619bc37ab9f,205ea7f7-e714-45b8-a083-11247ff702a1,2024-10-25T10:16,5,44.05,Cash,Cancelled
3e6c8531-3b2c-44c4-89bb-1348646d970a,67c276b0-7be6-4f3c-bf86-c342095c8112,2024-10-20T10:16,8,85.52,Card,Pending
e9b09871-3ca4-4fa2-bfc8-9f9bc014a43f,c3ffc43c-0c11-40fa-9824-f234161741d0,2025-03-23T10:16,5,30.70,Online,Cancelled
6be7d608-269a-4065-bd30-b46e746c5d74,1d32c3b3-c732-4995-aa6b-ff159deb3bdf,2024-04-13T10:16,3,74.97,Card,Pending
24b39be2-e2c8-43cd-a4d1-0ffbe9a0a064,80537cf2-360f-4740-8b7e-d4cd56e22987,2025-06-02T10:16,2,58.42,Online,Completed
ed583502-1bec-4846-bc7e-9c23ef807ecc,000f9c8f-2fc7-4346-844d-c04f10751265,2024-01-02T10:16,3,55.98,Card,Cancelled
b02df31b-b878-4ff3-85a4-47549151ffb9,a938df5f-7764-459c-8bfd-90409d16b3c6,2025-02-13T10:16,4,69.32,Online,Completed
b14b5f5f-e15a-443c-ae21-066e0a31f22e,7d2df59f-386d-4aec-85a8-2443262a0cb4,2025-06-28T10:16,1,5.19,Online,Pending
b5d1e232-44d0-4c9f-b58e-d405999bf9a3,c46351bf-193f-49af-a5d6-456188837c3d,2025-02-27T10:16,7,107.03,Cash,Cancelled
93e7c1a4-3688-411d-8397-48edd8fa4eed,910b1d47-5c37-48b1-8bde-96c60660f1d7,2024-04-20T10:16,8,177.84,Online,Completed
a8179af3-f7cc-4efc-bbf9-5f590f5eb866,02c65c06-56ad-4670-b8e2-10ab417c7154,2025-10-08T10:16,1,20.33,Online,Completed
cab1efa1-aa32-4812-95c6-f7ed227a6f3d,c46351bf-193f-49af-a5d6-456188837c3d,2023-12-28T10:16,5,138.20,Online,Completed
7e2b682d-22aa-4b5f-a5dc-675791d8043d,26d032f1-9fe9-487a-987a-a8be14e1db05,2023-11-16T10:16,6,51.00,Card,Cancelled
a619cb4d-ad1b-46be-8895-418cb8545647,89d26a00-0fde-4c03-8430-b06f6bc3f33a,2024-10-19T10:16,1,16.68,Online,Cancelled
3438214a-e30d-4468-a564-b70e82e152b8,ff4db0d8-e809-46e8-9ae0-78ffee4902d9,2025-08-15T10:16,1,6.70,Cash,Completed
7130db95-2073-4c16-bea6-3be645853e33,f0a6a958-e434-41bf-a830-dffa55a34db5,2023-11-21T10:16,5,50.45,Cash,Completed
2a482f14-66bc-4a39-9e1c-c79819c2d441,953417c6-cd52-45e9-9ca0-bb450653c934,2025-09-09T10:16,6,64.56,Card,Pending
d669a902-a920-4766-b3b5-3ae366c7094d,a938df5f-7764-459c-8bfd-90409d16b3c6,2024-09-09T10:16,7,53.83,Card,Pending
427384d0-82b4-451b-814a-50c2821ba5f0,8113211c-bdc3-4bb0-94d9-3fd3871f3005,2024-06-21T10:16,8,182.32,Cash,Cancelled
131b77d9-5fc5-4aab-ac99-c33825402ee8,c9dcc28a-ae5f-477c-ae7e-72d94129f449,2023-12-26T10:16,8,71.68,Card,Cancelled
38b9059e-8c5d-45b5-b404-5b589eb8a712,f6c35464-33dd-44a7-bf84-071f2e427045,2024-01-17T10:16,5,112.80,Cash,Cancelled
b687c98b-7536-4265-80e2-9457139311e8,99c406e7-092b-4eeb-bc08-56fc041c253d,2025-06-29T10:16,7,175.35,Card,Cancelled
42844770-9a6a-4b6b-a44a-21d7bcfc2e22,e6e1db85-f8ba-4264-9c9a-520ecda4bc4c,2024-02-13T10:16,8,152.88,Cash,Cancelled
4d76127f-14e9-45ed-8a31-30148714d2fa,0fcf4084-ea31-49f8-99f9-9bf8c8b0c16b,2024-02-26T10:16,6,97.98,Card,Completed
2470288f-4cd1-4dbe-9750-4239a2668d5b,80537cf2-360f-4740-8b7e-d4cd56e22987,2024-02-02T10:16,9,185.40,Online,Pending
a5b9c941-1a40-4af6-a350-2c4cc8fdbf46,6b1178fc-1745-401d-88da-3903c243ebe9,2025-09-11T10:16,3,45.15,Online,Pending
d07d8323-928f-4016-9607-d40e64f0482f,ba5d9947-b043-4aca-8ee0-6b77895cf8e8,2025-10-19T10:16,7,48.51,Cash,Completed
d0ff0636-471b-438f-b55d-46543d563c45,93cdeef1-3fc3-4a63-a275-0ae87ae6b335,2024-12-06T10:16,2,30.96,Online,Pending
7eb5127c-3bed-4946-b4ee-c8ff69034ebd,205ea7f7-e714-45b8-a083-11247ff702a1,2023-11-21T10:16,2,33.78,Card,Completed
c527a5b4-297e-4564-bcdd-01fc35197334,365c90d0-a590-4209-9401-2ce55af5ed98,2024-12-19T10:16,2,19.40,Card,Pending
580ffe41-3f3e-43bf-8dd4-a8a7aec93417,6b1178fc-1745-401d-88da-3903c243ebe9,2024-02-04T10:16,9,82.89,Cash,Pending
c058576c-b255-4082-ae1b-d825f553141b,0130fcd4-a6cf-4a72-8400-7bcae1abce34,2024-03-03T10:16,8,40.16,Cash,Cancelled
9c17e8c2-bd87-48d7-9b6f-95bad1d9b476,10b26c2d-7d56-4175-84a8-a2775e128a9d,2024-10-06T10:16,7,50.47,Cash,Cancelled
8604d8c7-979c-4d6a-b7ce-827512755edb,515fe1d2-d33a-4b9d-8c19-07e0cbe81a9a,2024-07-31T10:16,5,118.75,Card,Pending
578e8292-00c8-4b8d-939b-acdb860da4de,7a2e5fa5-096b-4701-8ce6-7a3db39bf8eb,2025-06-18T10:16,9,99.09,Card,Pending
c8fbfe40-fbdf-4665-8350-925111076f76,428424b7-1f94-496a-8b7a-497ce177d32c,2025-02-21T10:16,6,52.86,Card,Completed
19af4663-0e9c-4dfc-8b83-cc25bfcbc26b,e12c3d24-86c8-474f-b86b-370df36adbfe,2024-04-28T10:16,3,56.34,Cash,Completed
03d5f777-1ced-4204-8e9c-76f3780efea1,ef7fad1f-a86f-4ee1-95b4-ce1f339f0fa5,2025-05-08T10:16,7,89.67,Card,Completed
02652849-0be3-44a4-bb9c-6272ac366e94,6c6a3b10-9747-4dca-a041-4edc22d147b0,2024-06-09T10:16,4,56.64,Cash,Completed
86b47f18-1bcb-46d1-bd60-091d894b8f8a,964d337f-acd5-4ca2-8843-9be3f2eb60fc,2023-12-20T10:16,1,11.38,Card,Completed
82aa5881-4998-4767-b117-8399fc5e77b4,46032f36-69bc-465a-9b33-a5d560bfd77a,2024-02-29T10:16,7,55.30,Card,Completed
f4e24100-6f6b-499c-907e-82ddd12047f7,a3f626b9-cc27-4c04-8570-be79ab8bda4a,2024-12-17T10:16,3,52.65,Card,Completed
f799f425-c5c4-44f5-a877-6f3629ed85a7,c5817fdc-a4dc-4879-b957-30cfda62016b,2024-06-08T10:16,9,243.36,Card,Cancelled
a7a9147a-818d-48e3-8b06-2f1dbd41066e,f90cf3ca-e2d0-4129-bc7a-e8a2b80880da,2025-07-12T10:16,6,77.94,Card,Cancelled
6882ee2d-48f4-4d0c-b775-dcc8f8f16a63,b95f7619-fab2-4df9-8683-1f2aeb93a660,2025-09-02T10:16,2,13.56,Cash,Cancelled
546079d0-375f-425a-9625-c8dbece69c1e,56a75a3e-a944-4147-8cba-f1024726993f,2024-05-28T10:16,3,24.81,Cash,Completed
2267b088-6e9a-46c2-9577-db25b8a32a3c,9305d562-2505-493d-8ed8-3fb721c8f491,2024-09-24T10:16,5,57.55,Online,Cancelled
147eb578-3d05-4920-8184-3bf0f01d6ea7,515fe1d2-d33a-4b9d-8c19-07e0cbe81a9a,2025-09-02T10:16,6,138.48,Online,Completed
1712480c-b4d4-4e80-a68f-e69e4e5a7772,c3ffc43c-0c11-40fa-9824-f234161741d0,2024-09-02T10:16,5,85.75,Cash,Completed
90d73e46-3074-4524-9459-f4375b7ba41e,1407e9cf-22c9-4137-a2fe-cc12dc038235,2025-02-22T10:16,5,59.95,Card,Cancelled
41b6dc4d-056b-4b1e-9a61-71313a0ae09f,c9dcc28a-ae5f-477c-ae7e-72d94129f449,2024-05-08T10:16,4,24.08,Card,Cancelled
e1693ad7-a277-4e1f-af9b-1f6b1caf9286,f0a6a958-e434-41bf-a830-dffa55a34db5,2024-10-28T10:16,6,163.50,Card,Completed
1c0f534f-1701-4167-8213-23a055ae01ab,9305d562-2505-493d-8ed8-3fb721c8f491,2024-12-10T10:16,2,35.46,Card,Cancelled
1e4c07e1-5008-459f-bf5b-2ff5e50c0796,bc58b12c-65c4-4f21-89ef-3e492a22ef7c,2024-05-01T10:16,4,98.84,Cash,Completed
cdf423ac-2f46-4c4f-8a68-0f23358c78bf,6c6a3b10-9747-4dca-a041-4edc22d147b0,2025-09-11T10:16,9,174.24,Card,Completed
34a708b2-df4d-454f-9707-09c7bd4f44c1,205ea7f7-e714-45b8-a083-11247ff702a1,2024-01-29T10:16,6,168.54,Cash,Completed
4189ad5c-21d0-4929-8927-8ded18c80c33,00d7ae70-0f46-4453-963c-4ab2a3d29314,2025-08-17T10:16,9,229.59,Card,Cancelled
c00fb877-3934-4bc2-8034-2da0ef2e8d30,3dcaabe3-78c9-4d88-bed5-56ca7ceea07c,2025-09-26T10:16,5,72.30,Online,Pending
806a9696-1ba4-4c9b-ae9b-e24934c26f85,46032f36-69bc-465a-9b33-a5d560bfd77a,2025-04-05T10:16,3,89.67,Card,Pending
f7c90c39-4eee-4b2c-b068-92023513ad8d,0e0d5f13-edd5-4ab0-9ddd-3df111bedc5a,2025-07-27T10:16,2,50.94,Cash,Pending
7542c130-93fc-46da-93ed-d85c16638e83,fdb5454e-2230-489e-ade4-9218ff28cbd8,2025-07-25T10:16,3,75.78,Online,Pending
10c10f0e-0183-4c3b-bac0-389d652b4801,59827b2a-ae17-44b1-bd6f-6f08718559cb,2024-04-04T10:16,4,71.28,Online,Completed
976f1350-3e4e-4d34-96de-7f9beb342d0f,fdb5454e-2230-489e-ade4-9218ff28cbd8,2025-04-09T10:16,4,46.48,Card,Completed
b56b0875-993b-4558-a048-10928cadec4d,e277d099-db2a-4aee-ab86-8b0e73a34383,2025-09-14T10:16,3,52.83,Online,Pending
fcef5b28-ff25-442b-b964-3858ae056a72,1eeb9c5f-5b7a-47af-b4f1-5a50d9d1089c,2025-09-20T10:16,7,38.36,Online,Completed
c092c510-0929-4342-97e8-bc5c17921856,60cd80b6-3967-4dae-b4df-adc7b5644971,2025-10-02T10:16,3,82.29,Online,Pending
bc9c1faa-0363-43da-b4e3-ae6811ac1ce8,fdb5454e-2230-489e-ade4-9218ff28cbd8,2024-05-28T10:16,7,169.96,Card,Completed
61755020-86af-412f-bce4-51c855e2f054,ada8704c-2784-4d70-84da-10078407d2c8,2025-10-28T10:16,5,137.15,Card,Cancelled
02b0bca0-8cea-4dd5-87c8-67cd4dc88501,d33bbfcd-a2ca-4e80-8a1c-65223f061e7e,2025-02-03T10:16,3,35.46,Card,Completed
ec2a34e4-eaff-4738-ab70-c2c0abbf4fed,c1a09d60-c9e8-4489-a68e-e01b51541d33,2025-04-15T10:16,7,60.83,Online,Completed
7391a951-fee9-450d-b42a-33ec2b600041,46032f36-69bc-465a-9b33-a5d560bfd77a,2025-05-08T10:16,1,13.43,Cash,Cancelled
3bb91081-3763-498a-9dae-2b5f67ad6c20,27e45431-1333-4ffd-a0c8-be56ffdc5d4e,2024-02-03T10:16,4,27.80,Cash,Pending
b6ba64ac-6c99-42ec-842e-00b221385fcf,60cd80b6-3967-4dae-b4df-adc7b5644971,2025-08-21T10:16,7,100.52,Card,Pending
b4256c53-8ee7-459f-8654-8f135b1a6e20,5d6f84a5-a4de-442e-99b9-b8ef714b4436,2025-01-31T10:16,5,118.15,Cash,Completed
c619bc1a-209d-4e45-87c7-83d6ef01f1bb,a938df5f-7764-459c-8bfd-90409d16b3c6,2024-12-18T10:16,1,23.78,Card,Completed
b8e6cdf7-9ae3-4009-9ec8-e1fa8d16d234,4e6807ca-aed8-4ec9-b1b0-0e3aba57efb1,2024-02-25T10:16,4,35.72,Cash,Completed
276220b6-e344-41d3-a174-55b3c1fda060,7169ef0c-f2c8-4ae3-83f6-87691664d2d2,2024-04-14T10:16,6,55.26,Card,Completed
0c710e7e-25ec-458d-b890-aa67506652f3,2ca088cd-c6c6-4e60-a1a4-d2990ee21b12,2024-08-07T10:16,2,27.40,Online,Pending
eec12727-7c2c-4deb-93fb-2793fe5ba3d8,d5cfb1a3-ce2f-4aff-ab4c-50e0c5426af1,2024-05-24T10:16,9,55.98,Online,Pending
af0787c5-e699-4fb6-aa1f-2bf7909b2393,6c3bf618-a715-40f9-9faa-cfc5f5beef2f,2024-03-10T10:16,6,150.78,Online,Cancelled
59bf1475-82a9-4257-bd39-5ea480c1d2f4,63846b60-b7be-4087-ac6e-56c9bc130a20,2025-02-01T10:16,4,66.56,Online,Cancelled
4d7822dd-e195-4cd1-b923-1f9d352d7eb0,485b65e7-fdf4-474d-afba-37986d8d3cd8,2024-07-06T10:16,6,166.92,Card,Cancelled
1d7dabe6-11b1-43d7-a4c0-6562565f1164,f543de06-e341-4de2-95ab-ca0fd3ee51fe,2024-01-23T10:16,6,137.70,Cash,Pending
52b01317-5926-4116-9270-f91aa8345bfb,dcfb3d05-846d-4915-99f3-ebbc7559d972,2025-06-01T10:16,1,17.52,Online,Pending
ac2728c2-e846-40a5-adef-4c2cc1062472,d7af10ce-45c9-4fc8-8dd8-b1c5491aad5f,2025-10-13T10:16,8,206.16,Online,Cancelled
469041e4-a2b0-4d49-a6c5-2b2c5ec826c0,6e551d53-4f6d-4b84-a9de-3d7c79694805,2025-09-20T10:16,6,149.70,Card,Cancelled
105f5535-4f5e-436a-aba1-1e654856e79e,b95f7619-fab2-4df9-8683-1f2aeb93a660,2024-10-06T10:16,6,36.78,Online,Completed
241ce94b-2fd6-4cba-896b-a673721bfe53,cb8747c7-32ca-4b6b-868d-13ab01d953ec,2024-10-01T10:16,1,16.71,Online,Cancelled
97c16273-19e0-4880-a88f-d458a7c1045b,824998a2-7592-4051-ab0b-d5e12743c93b,2024-10-19T10:16,3,39.33,Card,Completed
f033c628-b5df-4cf2-88d9-cc16cbda8478,6e551d53-4f6d-4b84-a9de-3d7c79694805,2025-01-19T10:16,6,41.76,Cash,Cancelled
5e0cdc50-e701-46ea-9a70-34c7c0e4c2fd,fbe227d7-6d32-4407-9783-7fdac983e55f,2024-08-21T10:16,2,51.28,Online,Cancelled
bcfe058b-af5b-4591-b9d9-24d5fadb01a8,68169a66-a8d4-4763-914e-7befc826445b,2024-03-13T10:16,4,114.36,Cash,Pending
2559d90e-7268-4c42-9585-99d247f6d9ca,89d26a00-0fde-4c03-8430-b06f6bc3f33a,2025-05-22T10:16,1,10.72,Cash,Cancelled
0a98e158-73fb-4544-941e-48f9c2a2a905,365c90d0-a590-4209-9401-2ce55af5ed98,2023-11-29T10:16,7,51.94,Card,Pending
9310b17c-89ad-485d-950b-0b0d4b8898b4,aff4340c-d102-49ba-af8e-84d2737ce82c,2025-11-07T10:16,9,99.81,Card,Completed
0acf980f-a94a-4393-b629-19585166e2ec,1d32c3b3-c732-4995-aa6b-ff159deb3bdf,2024-02-10T10:16,6,142.38,Online,Cancelled
ad2e81b6-8a35-425f-8d8d-3de9342b4d73,4717d2a3-4b2a-44f1-b960-a2b73e2d23fd,2024-09-10T10:16,3,77.55,Online,Cancelled
9f8f8bf9-6a02-4b7f-bc88-1e33840e3c06,bb6bf39c-f455-4e08-a59e-1bdaaa91d4aa,2025-09-25T10:16,4,97.16,Card,Cancelled
4591e96c-d777-484d-a3b8-df79f9c300db,5d6f84a5-a4de-442e-99b9-b8ef714b4436,2025-01-01T10:16,4,76.40,Card,Completed
b75d7974-ff6a-4b26-a825-fe44d7d3645b,7d2df59f-386d-4aec-85a8-2443262a0cb4,2024-07-08T10:16,2,24.22,Online,Pending
071603d6-5745-483a-9989-fbd0aa9f44d7,b047b369-02d0-4f25-9af0-f1e883228863,2024-05-13T10:16,6,175.50,Card,Completed
ab8b49f2-3abb-42a2-ac56-3782f54cf4c4,a5ffc907-be77-43e6-8694-4a0bf09bd3fb,2024-11-04T10:16,1,10.90,Online,Cancelled
bfb53b18-cd40-4fe4-b12c-d9e91c4cf11e,bb6ceda0-3f7a-4dfa-9862-41a88dd468b2,2025-01-21T10:16,5,67.10,Cash,Pending
9dd25541-8f1d-4e6e-9d1f-c6a96dcdcc8b,7c991f43-c18b-4404-8826-97691b0dc00c,2024-01-07T10:16,9,169.65,Card,Cancelled
069e7d46-5b8d-4c41-b98f-c2bc98e69156,1a48aa9a-def3-481d-922a-94300aa97309,2024-04-30T10:16,2,55.60,Card,Cancelled
d15e5f33-a63f-426e-b4b0-cf5f8b5a8a69,36b880b0-e9bd-4c0b-8f1c-32018f6c758a,2024-08-10T10:16,2,57.58,Cash,Completed
64e2178a-982d-4ce4-af4f-c096cfb4dfad,6e6d2c67-f7fb-4a98-8f9a-4822259b25c4,2024-11-25T10:16,3,62.76,Cash,Pending
4c1dc2dd-f5fa-4f3b-a8f5-a2487113f7c7,69446e90-4237-4410-ab55-e011eb04cce0,2025-05-03T10:16,1,9.29,Online,Pending
c7401bfe-ec9e-4f4e-b288-8ae63b8f4e31,89d26a00-0fde-4c03-8430-b06f6bc3f33a,2025-06-30T10:16,4,35.12,Card,Completed
59fd68b8-94fb-4951-916f-71f9042adc24,941529ef-2114-4bff-907a-4596ff4593a1,2025-07-24T10:16,2,50.96,Online,Cancelled
c08e8f8e-8eaf-4a44-833f-f454f8b40a99,515fe1d2-d33a-4b9d-8c19-07e0cbe81a9a,2024-09-16T10:16,9,210.15,Cash,Cancelled
2994f127-145b-4cd5-885f-65448818334a,941529ef-2114-4bff-907a-4596ff4593a1,2024-10-05T10:16,5,106.80,Cash,Cancelled
b3fe27df-e8ea-400e-852a-b0706c3d3894,63846b60-b7be-4087-ac6e-56c9bc130a20,2024-06-27T10:16,2,44.28,Cash,Pending
4a4cb229-721c-4d7c-a339-71b7842b2e4a,983d66ae-c8b0-46b8-8abc-26a1055cf729,2023-12-13T10:16,4,114.64,Card,Pending
bbb5a493-acbc-49cf-9ff7-506ae78e9a20,caca465c-e9f2-4add-91b5-24c70595e321,2024-11-06T10:16,7,193.83,Online,Pending
d936e193-61bb-4aee-a14a-7efef6e7537a,f3826f04-0dfa-4266-8002-58fede0093f5,2024-08-10T10:16,5,74.30,Online,Pending
cbc812a2-14d1-4eaf-99c4-36bd4bd94b1b,3910ab11-8758-4a4f-8a9b-c4f5df7413c4,2024-11-21T10:16,5,98.15,Online,Cancelled
394f6494-52a1-49ea-b321-7dcee9ee7737,9305d562-2505-493d-8ed8-3fb721c8f491,2024-12-11T10:16,8,117.76,Cash,Completed
1b85eb67-2041-469e-b417-8c6f45df6158,46032f36-69bc-465a-9b33-a5d560bfd77a,2025-09-08T10:16,8,143.12,Card,Completed
75617fa2-e7b7-4a1f-bc4e-59567bb064e7,ceafdb2a-788d-48e0-acdd-bd533a2e7ab6,2025-06-02T10:16,6,101.58,Card,Pending
81c6260e-adb3-49d7-92a7-781ec70af571,e6cb1215-5314-4d05-bfd1-f6e5d36e89f7,2024-05-01T10:16,1,20.98,Cash,Pending
8a83bd0b-476a-4386-a2cc-7030a9ada9e8,0a5bd884-b432-4ce5-b14e-44b4aedd4c0f,2025-08-20T10:16,7,81.20,Cash,Cancelled
998bd341-120c-47c2-bfb3-e7710668f64d,cb8747c7-32ca-4b6b-868d-13ab01d953ec,2025-06-14T10:16,5,41.95,Online,Pending
aff21736-8117-43cc-a1b7-2a421cb2be2b,941529ef-2114-4bff-907a-4596ff4593a1,2025-05-16T10:16,3,76.80,Online,Cancelled
deb85d14-b1e1-4b6a-aaa7-947a26dfa733,5400d214-6176-40bf-88d2-3f53ed38bf69,2024-05-05T10:16,2,40.24,Cash,Completed
bd7abead-e09c-4dc0-817d-d447129d859d,515fe1d2-d33a-4b9d-8c19-07e0cbe81a9a,2023-12-24T10:16,6,87.18,Online,Pending
30153d95-b60e-4016-ab95-01cbdd0736e4,14eace30-1ac2-411e-8eef-98e8f32a87fb,2024-02-10T10:16,2,40.14,Online,Cancelled
771aee78-ed6a-4026-adeb-d1dd8dd76c07,bb6ceda0-3f7a-4dfa-9862-41a88dd468b2,2024-03-28T10:16,2,46.22,Online,Completed
94c84bbd-492e-4c62-afc5-b186747fcf1e,b3688304-b24b-416a-9bf4-c2b6aaeb59d3,2024-04-08T10:16,5,95.00,Online,Completed
b5aca1c0-fe2c-41c2-921c-63d313ebb8fa,953417c6-cd52-45e9-9ca0-bb450653c934,2024-09-29T10:16,2,50.88,Online,Cancelled
6aa78843-f02e-43b6-9dcd-06bf528ab095,e277d099-db2a-4aee-ab86-8b0e73a34383,2024-06-02T10:16,6,49.86,Online,Completed
d12f6102-e0c2-4640-80ed-3474986fb4e8,68169a66-a8d4-4763-914e-7befc826445b,2025-06-07T10:16,3,69.57,Card,Cancelled
8916d3aa-af51-4e33-964f-317a3186a646,23650eb4-f98d-45a3-a90b-a378f03d469d,2024-06-02T10:16,7,197.05,Card,Completed
8f3e9e0c-52e5-4bc4-a313-ed07348e0d9b,e12c3d24-86c8-474f-b86b-370df36adbfe,2024-01-06T10:16,5,74.05,Cash,Pending
08d3e94d-c41f-415f-8d49-18fe012009a1,bb9edfa8-17f7-4f6f-8e3b-616693a298b1,2024-06-23T10:16,3,74.10,Online,Cancelled
0da55634-dfce-4ea7-9899-6288f03f27d1,09ba4183-1b94-4f8c-bc5f-eca421a88524,2025-03-03T10:16,7,127.47,Card,Pending
29d2e1a0-5c3c-49a2-abce-86b2b8c15cf5,c63bd277-c81c-40c5-8720-6ce916d653c4,2025-05-11T10:16,7,47.39,Cash,Cancelled
5fee0dd8-b748-408f-a1f7-8c52c48b3ab7,3ab3404a-ee80-4ed2-8d90-a6f0dad14e48,2024-11-05T10:16,2,40.66,Card,Completed
ea376eae-99aa-4fcd-ad12-80db2e9229c9,99c406e7-092b-4eeb-bc08-56fc041c253d,2025-04-06T10:16,7,73.78,Cash,Cancelled
41cbc09b-5fb1-42d5-a001-054b13051e21,1d32c3b3-c732-4995-aa6b-ff159deb3bdf,2025-04-05T10:16,4,41.00,Online,Completed
07b00a69-3723-4c7d-a872-19b6df408a98,485b65e7-fdf4-474d-afba-37986d8d3cd8,2025-10-17T10:16,3,84.60,Cash,Completed
88450460-e59f-4431-972e-08c8a3a9158d,caca465c-e9f2-4add-91b5-24c70595e321,2024-05-17T10:16,4,73.20,Card,Pending
35ed5fa4-4b57-4da6-ad0b-41311faa24b5,99c406e7-092b-4eeb-bc08-56fc041c253d,2024-10-25T10:16,9,176.49,Card,Cancelled
a83886c4-392e-4f4a-a867-8787bb005622,1233cc27-7567-48e0-8dd2-6b0019506c2f,2024-04-26T10:16,8,63.44,Cash,Completed
43eae152-2d09-4994-806a-d861e5c3ba77,10b26c2d-7d56-4175-84a8-a2775e128a9d,2025-06-28T10:16,7,135.24,Cash,Completed
a98daa95-d0b5-49b1-a2b1-8fe5bf54277d,0a570207-0f70-467f-bbeb-44a0a60a9a25,2023-12-31T10:16,9,249.48,Cash,Pending
d0eba817-7962-45d1-83f3-8872b94a754a,3910ab11-8758-4a4f-8a9b-c4f5df7413c4,2024-07-08T10:16,6,103.74,Card,Completed
49273f4b-edd7-4c28-ac0c-1d5fe9c652fe,e38afcd9-9e08-47ba-bc92-5ebb4bc271eb,2023-12-16T10:16,2,23.56,Card,Completed
9e90da6b-9fc4-43fb-8eeb-bfdcdb27c8f0,5eb75bc0-d5fa-4209-9d42-7767f3f0585b,2024-02-11T10:16,6,55.62,Online,Completed
d91f65c2-9be6-47bc-b439-4932e4ff8bf0,56a75a3e-a944-4147-8cba-f1024726993f,2025-03-13T10:16,9,209.16,Cash,Completed
c0d6bb01-0ee5-4a26-8db0-075466e11a47,8f7f530b-bb30-4a05-b437-744ed30af54f,2024-07-12T10:16,7,209.79,Cash,Cancelled
35f8b71b-8aed-4ac3-8d0f-2285ceb877b3,b03f75c1-655f-4480-a2bf-1a0af806e96e,2025-04-05T10:16,7,110.81,Card,Pending
dcc218aa-d62f-44b7-bd3e-86cecf3d2af3,d5eaf6a7-76cc-48ec-98d9-ba713e2df70f,2024-11-18T10:16,6,114.24,Cash,Cancelled
c3537cd1-39ec-42f9-9112-3e38bbb8f66c,ff4db0d8-e809-46e8-9ae0-78ffee4902d9,2024-01-31T10:16,9,112.86,Card,Pending
25188a88-0c8a-4d39-93d6-8b355eed4b8d,6f61ca8e-51a1-48e0-abfa-88326e713e34,2024-02-18T10:16,1,11.62,Online,Cancelled
c40d342f-55aa-46a0-9f8d-d02f76ea3800,a938df5f-7764-459c-8bfd-90409d16b3c6,2025-04-14T10:16,8,128.48,Cash,Completed
7bcea303-402f-4fa8-b9e5-8be6acaf3674,77ca464a-fe0d-4dcc-8f08-3eb2f7b64f76,2024-05-28T10:16,2,11.30,Card,Cancelled
960e0ede-45be-450c-bf56-8ff075e07369,2ca088cd-c6c6-4e60-a1a4-d2990ee21b12,2025-08-07T10:16,4,110.28,Card,Completed
9bdb0608-5671-4d61-b7d8-ed8d0d8288f1,4f6ae324-5b6d-47d6-a86d-26ec6fbe1e0e,2024-03-04T10:16,4,50.96,Online,Pending
18857a46-23b5-425f-ba5f-c93ce8cdeda3,b3688304-b24b-416a-9bf4-c2b6aaeb59d3,2025-04-24T10:16,1,26.30,Online,Cancelled
3af49a8f-f521-4f1a-b46e-c379a337b6c9,80537cf2-360f-4740-8b7e-d4cd56e22987,2024-08-23T10:16,1,17.85,Card,Cancelled
a0a0583d-d5c1-401c-bfee-757d0236450d,7a18d550-38d0-40b2-84a7-547162e7e409,2025-02-09T10:16,4,30.12,Card,Pending
e075c260-b843-4a53-b3db-63528d4fc553,d3f641e5-b8b5-4f5f-9155-7768df2033e8,2024-02-15T10:16,3,52.53,Online,Cancelled
a12dea17-ddaa-4885-8607-24ef00862dcb,5f6e51da-5f01-4c9a-85dd-7d50ef37e5d7,2024-07-08T10:16,6,49.26,Card,Cancelled
3f4fa995-ec17-4eec-987b-b689c4f4b86c,000f9c8f-2fc7-4346-844d-c04f10751265,2024-01-04T10:16,7,203.63,Card,Completed
7434e8ba-edad-4566-b291-39d9f2f1befd,7169ef0c-f2c8-4ae3-83f6-87691664d2d2,2025-02-14T10:16,4,111.64,Card,Cancelled
4ba59825-f10d-4608-9390-72477e81cc6a,1a48aa9a-def3-481d-922a-94300aa97309,2023-12-28T10:16,5,122.20,Cash,Completed
44b0fc59-15b2-430d-a98f-ba9eb4f4040a,23650eb4-f98d-45a3-a90b-a378f03d469d,2025-02-22T10:16,6,38.76,Cash,Pending
25b5bc87-6d71-441b-b4bc-6fe1bc2d8678,b04ce307-2d1f-4214-b023-d8f4379041a1,2024-05-03T10:16,9,239.94,Card,Completed
62d8d10a-7769-48c0-ba74-fbe45c35a012,b047b369-02d0-4f25-9af0-f1e883228863,2024-12-20T10:16,7,161.98,Cash,Pending
fd668dc8-c056-41f4-996b-9eb32130a8d0,0a0ac3e5-6e20-4fbc-87ec-5481c70e38bc,2024-10-16T10:16,6,99.90,Cash,Cancelled
9d5599e2-0760-466e-acd4-596747f83bd1,1a31c678-d420-495a-aff3-0f1609514e1e,2024-09-24T10:16,5,112.95,Online,Pending
f8aecd8b-5d71-4e8f-addf-4ad9db3992fc,7a18d550-38d0-40b2-84a7-547162e7e409,2024-02-20T10:16,4,46.68,Online,Completed
72edd4b2-615b-4ebd-bdca-b37d6dc8d5a8,c0d74d86-5c5b-481d-b8e3-61eeb9c77255,2024-08-16T10:16,7,77.00,Card,Pending
0ced8dd9-6f16-41a2-b039-f368fcd41446,ef7fad1f-a86f-4ee1-95b4-ce1f339f0fa5,2024-11-26T10:16,6,163.68,Online,Pending
dc50b71b-c49c-4352-ad45-781b440c3d5d,0a5bd884-b432-4ce5-b14e-44b4aedd4c0f,2024-11-19T10:16,4,47.28,Card,Pending
c436664d-d9da-4f3a-89f5-4330c23d6c78,6b1178fc-1745-401d-88da-3903c243ebe9,2024-07-04T10:16,6,32.88,Card,Completed
a2dd0eb7-3bfa-419c-960f-8ab102f644c4,dcfb3d05-846d-4915-99f3-ebbc7559d972,2024-07-10T10:16,6,134.88,Card,Pending
1cdfa627-3cf4-494e-94a9-641d15712924,103fcba5-5588-45a5-9fe0-6ac948d3860e,2024-11-02T10:16,4,20.52,Card,Pending
71101c88-4963-405d-b2bf-3f612730c4d0,a938df5f-7764-459c-8bfd-90409d16b3c6,2025-10-18T10:16,4,20.28,Online,Completed
9c8516e7-59b3-49db-b797-f4159b7c8270,365c90d0-a590-4209-9401-2ce55af5ed98,2024-01-07T10:16,7,175.14,Card,Cancelled
f74085f7-ea12-44c8-bf0f-ea00a404b1ab,f0a6a958-e434-41bf-a830-dffa55a34db5,2025-04-25T10:16,2,18.66,Online,Pending
61be83b2-c503-4b4c-a747-c64a4cc1e941,02c65c06-56ad-4670-b8e2-10ab417c7154,2024-01-02T10:16,6,69.06,Card,Pending
73ed4983-dbc0-4930-a360-e4888721adc3,52fbb114-83aa-432d-b2f1-f3e37a5c4754,2025-02-19T10:16,6,86.04,Online,Cancelled
39c04c77-cd3d-446d-b556-f2a9b8a1b01b,ff4db0d8-e809-46e8-9ae0-78ffee4902d9,2024-07-06T10:16,1,25.71,Cash,Cancelled
c2c2bec0-03d2-4a67-becf-9634b6abc94b,a190f67b-21df-46bc-8164-46bdfa00af85,2025-07-01T10:16,5,43.40,Card,Completed
9eca0d62-2cfb-4a2a-9443-d5c16e7ddcea,06e585f0-5b60-4900-81d1-3379328e6c17,2025-05-21T10:16,7,40.04,Cash,Cancelled
51b2db17-81f0-4802-91c5-dd435f3c1e6c,8887df7e-682b-4d48-b18c-c1ddfa0aaa26,2024-12-06T10:16,4,40.80,Card,Cancelled
51445964-a5c0-40d2-a246-52a0051b9cb3,7d2df59f-386d-4aec-85a8-2443262a0cb4,2025-03-15T10:16,9,245.79,Cash,Cancelled
6964a955-484e-451d-9ecc-72d1287a324c,11526850-7335-463f-b740-a52a90457c3b,2023-12-24T10:16,1,15.77,Online,Cancelled
7c4edb63-10ba-4587-b243-76a71aa35cfb,52c87fd9-fdf0-4256-b929-6153ad24a0ac,2025-02-19T10:16,8,168.96,Cash,Cancelled
e8ea0b9d-6f36-4ac6-880a-fc079d724f09,050d9901-1cb5-413a-9c31-282028f863c1,2024-07-23T10:16,8,46.24,Online,Pending
f9284685-7710-45a9-96b2-ea092d47707a,52f5634d-de98-4543-8a1e-cbf1e2d0242f,2024-08-13T10:16,3,62.61,Card,Completed
98b3e79c-f2ae-4b01-adaa-0923b80613fe,726d71e2-70fd-4416-8568-78619c14a73a,2024-01-25T10:16,7,116.34,Card,Completed
14f8bda7-b05a-446e-9ddd-04a07bf8cf1f,fe624323-ba72-456d-9842-ed9e0edc75df,2024-06-17T10:16,8,144.72,Cash,Cancelled
0311e4e5-8cda-4f8a-8107-37a17abd4bc5,1a31c678-d420-495a-aff3-0f1609514e1e,2024-11-17T10:16,6,55.80,Cash,Completed
d6b60191-bba5-49d5-a08d-d6cdfef8d3fe,52fbb114-83aa-432d-b2f1-f3e37a5c4754,2025-03-20T10:16,5,75.35,Cash,Completed
4c613100-7c5d-4779-b94d-0b235cdae989,c3ffc43c-0c11-40fa-9824-f234161741d0,2025-05-21T10:16,6,143.70,Card,Cancelled
5cb2feba-fb51-49ea-841b-6f265d060a48,59827b2a-ae17-44b1-bd6f-6f08718559cb,2025-07-10T10:16,1,25.37,Card,Pending
17dee590-eced-44c3-9bfc-c6c2bbf13773,e6e1db85-f8ba-4264-9c9a-520ecda4bc4c,2024-04-07T10:16,2,48.02,Cash,Pending
3016df12-8a05-441a-91fe-27464d828d90,983d66ae-c8b0-46b8-8abc-26a1055cf729,2024-01-12T10:16,8,158.96,Cash,Completed
d8f4c77d-77c5-4492-aaf4-834e38971dea,7d2df59f-386d-4aec-85a8-2443262a0cb4,2024-10-27T10:16,7,49.91,Card,Completed
7eb904e9-a0ec-4249-85e9-fb92b80ed06a,f3826f04-0dfa-4266-8002-58fede0093f5,2025-09-24T10:16,3,43.89,Cash,Pending
a970635d-597a-4eeb-82ee-0f48adc9f0b2,d5cfb1a3-ce2f-4aff-ab4c-50e0c5426af1,2024-11-06T10:16,2,10.18,Card,Pending
0c26823f-63b8-4de5-af3d-ff7a5c456b5d,7d2df59f-386d-4aec-85a8-2443262a0cb4,2024-02-01T10:16,8,180.00,Online,Cancelled
9f3674d1-7328-4fcb-afff-abdcadaa26d3,7c991f43-c18b-4404-8826-97691b0dc00c,2024-07-27T10:16,7,57.75,Card,Cancelled
9e02e407-6da9-4a80-a5ed-8f5fb4da007f,52f5634d-de98-4543-8a1e-cbf1e2d0242f,2025-06-09T10:16,6,176.82,Card,Completed
6987a5ce-668b-4b35-b018-45f7da1f13eb,ba5d9947-b043-4aca-8ee0-6b77895cf8e8,2025-10-12T10:16,1,25.16,Online,Cancelled
116634b7-6325-49aa-875a-83b91b5905b0,4717d2a3-4b2a-44f1-b960-a2b73e2d23fd,2024-08-27T10:16,9,238.86,Card,Pending
f1cbcdf4-59a3-4fcd-8431-71130f28c71f,b047b369-02d0-4f25-9af0-f1e883228863,2025-04-24T10:16,8,239.04,Card,Cancelled
f48a7c49-1c4c-475c-b0f9-41f7c75f3b0f,983d66ae-c8b0-46b8-8abc-26a1055cf729,2024-10-24T10:16,9,206.46,Cash,Completed
7bf8aeb6-417d-42d0-af0e-0b14c77e7ae0,65b2c0ea-6192-47fc-9286-2c1dd3ecefb1,2025-07-23T10:16,6,63.72,Card,Completed
20dbe4ab-2d7d-41ac-93bd-956783ef52d2,0a0ac3e5-6e20-4fbc-87ec-5481c70e38bc,2024-06-05T10:16,2,32.92,Online,Pending
7db1e0e1-c339-42ad-91cd-01858e5c6244,000f9c8f-2fc7-4346-844d-c04f10751265,2025-02-27T10:16,5,137.15,Online,Cancelled
9371f1ea-71a7-4e77-be3a-62cd5be09dc9,983d66ae-c8b0-46b8-8abc-26a1055cf729,2024-01-05T10:16,3,46.95,Online,Cancelled
6449d090-da5c-4bb1-af59-2a2db12dd81a,401a6911-a31e-4892-adc1-56e3e1eb090a,2024-06-24T10:16,7,36.12,Online,Completed
5eec0394-45f7-4c5a-b61a-850f08a3e2c5,4f6ae324-5b6d-47d6-a86d-26ec6fbe1e0e,2024-11-18T10:16,3,19.62,Card,Pending
f8a6f4a8-4ab0-4adf-80d9-9429cfd7a202,0e0d5f13-edd5-4ab0-9ddd-3df111bedc5a,2024-10-21T10:16,4,103.36,Card,Completed
82123c2e-577d-4b4d-989c-94af7a8c15c6,d33bbfcd-a2ca-4e80-8a1c-65223f061e7e,2024-01-29T10:16,1,28.60,Card,Cancelled
8f7508a3-6e31-4720-9c79-14c53917cbe8,69446e90-4237-4410-ab55-e011eb04cce0,2025-09-15T10:16,5,28.60,Card,Completed
92c51566-ff7e-4595-b26d-285a0d65c9d7,23650eb4-f98d-45a3-a90b-a378f03d469d,2024-12-24T10:16,6,31.20,Card,Completed
32bf723e-6753-43da-a1a7-949be6bb383a,983d66ae-c8b0-46b8-8abc-26a1055cf729,2025-03-25T10:16,2,12.22,Online,Pending
1f3e4b98-c1ba-4b8b-a2b3-59df5011eb53,14eace30-1ac2-411e-8eef-98e8f32a87fb,2024-06-25T10:16,8,191.44,Online,Cancelled
985c4fab-9148-421b-ba15-10941f2b3e6f,485b65e7-fdf4-474d-afba-37986d8d3cd8,2024-05-22T10:16,7,73.50,Card,Cancelled
6e6e83e1-7fa7-4bab-8722-d1296411ccbe,65b2c0ea-6192-47fc-9286-2c1dd3ecefb1,2025-10-29T10:16,3,51.45,Card,Cancelled
37ed57fe-e856-4a6c-b80f-4356a0145acf,bc58b12c-65c4-4f21-89ef-3e492a22ef7c,2025-03-24T10:16,2,13.16,Card,Pending
559a37d0-bb8c-4626-96c4-71eed360ffd3,56a75a3e-a944-4147-8cba-f1024726993f,2025-09-24T10:16,5,38.00,Cash,Cancelled
a9724f9d-be02-4343-a136-8700d5528cc8,caca465c-e9f2-4add-91b5-24c70595e321,2024-04-10T10:16,8,58.88,Online,Pending
9624041e-afd5-4575-9b94-a43233192821,98b17fed-218c-4f20-8410-9f0edfc74455,2024-03-28T10:16,2,29.02,Online,Pending
ca79f91d-4041-4a80-97f4-41a83a3d1f1b,1eeb9c5f-5b7a-47af-b4f1-5a50d9d1089c,2023-12-17T10:16,1,17.59,Online,Pending
33301659-72ad-4d60-884e-a84ca3bff4e2,6c6a3b10-9747-4dca-a041-4edc22d147b0,2025-06-13T10:16,7,151.97,Online,Pending
0203e0e8-530d-48b4-8549-166b5ee75fd2,93cdeef1-3fc3-4a63-a275-0ae87ae6b335,2025-09-22T10:16,2,38.74,Card,Cancelled
c5387486-badf-432e-ace5-f72766550621,941529ef-2114-4bff-907a-4596ff4593a1,2025-07-23T10:16,8,138.56,Card,Cancelled
7dec4d41-8f2e-4a77-aa7d-9997b7fab198,935ebde1-5945-4673-886e-1a7a12cc2d4e,2023-12-25T10:16,7,182.21,Online,Completed
a67a7e1c-e38a-4dc2-b6b1-60f891820e70,8250871a-2b35-424e-a1a1-4eb4faffabfb,2023-11-20T10:16,5,37.30,Online,Cancelled
11d6fe5b-7738-405d-a550-909495802989,935ebde1-5945-4673-886e-1a7a12cc2d4e,2025-08-11T10:16,3,19.74,Cash,Completed
e8e7b9dc-464f-4b71-b724-307f5a3c2081,a302a1a8-c429-406f-abff-9f273aa0a4b5,2024-11-16T10:16,9,83.70,Card,Cancelled
83b7fafa-6c0f-4ecf-b63d-c631bdc19802,0e0d5f13-edd5-4ab0-9ddd-3df111bedc5a,2025-10-07T10:16,9,86.76,Card,Cancelled
8c57bbfb-1b16-467c-98d2-c2a4ba308915,ff4db0d8-e809-46e8-9ae0-78ffee4902d9,2024-03-23T10:16,3,65.43,Card,Pending
c7da53d5-44e3-4025-a96e-019fa53dad2d,59827b2a-ae17-44b1-bd6f-6f08718559cb,2024-09-13T10:16,8,174.40,Cash,Cancelled
7a824786-425f-418d-90a5-76882ebb9cb0,c5817fdc-a4dc-4879-b957-30cfda62016b,2024-07-01T10:16,6,148.26,Online,Completed
794c2476-8919-437c-95a0-0a73cfaa922f,485b65e7-fdf4-474d-afba-37986d8d3cd8,2024-05-21T10:16,9,222.84,Card,Pending
91eff500-6be0-461f-a854-913d924a3d04,21edfc22-3f73-4335-a774-3cf78ab65e86,2024-05-09T10:16,3,41.67,Cash,Pending
9c888dd0-a138-47c6-ad2b-43d65ba3de70,bb6ceda0-3f7a-4dfa-9862-41a88dd468b2,2025-10-14T10:16,5,44.50,Card,Pending
96ad608d-6de3-403c-a053-0300ca23a471,e119f98a-df63-41dc-8e01-bb49ca2dc724,2025-10-10T10:16,7,202.58,Online,Pending
ecc07fde-594b-4259-8bc9-70a32c2517f0,f6c35464-33dd-44a7-bf84-071f2e427045,2024-03-16T10:16,7,53.55,Cash,Pending
8ffdc3dc-5a22-4476-b14d-a683c14c3501,1a48aa9a-def3-481d-922a-94300aa97309,2025-06-27T10:16,3,46.95,Card,Pending
e15ad68c-7082-42cf-a46e-78ac706eed34,8b115a34-224b-453c-be69-b53a7445b466,2025-07-11T10:16,3,89.34,Online,Cancelled
e3335f9b-b4f3-45e9-bf4e-5cd9b6f1a7b0,726d71e2-70fd-4416-8568-78619c14a73a,2024-07-11T10:16,3,53.76,Cash,Cancelled
5d7089a7-0122-49d4-a95a-7d74125d8b0d,7a2e5fa5-096b-4701-8ce6-7a3db39bf8eb,2025-05-31T10:16,9,261.09,Online,Cancelled
cb2cd025-a818-430c-b2e2-8b0262fe0df8,7d2df59f-386d-4aec-85a8-2443262a0cb4,2024-09-01T10:16,8,134.88,Online,Cancelled
fb511a98-0e3f-4876-8123-54bae9bdf108,058b9c75-b72f-4594-80d2-e41194ff7672,2025-06-16T10:16,2,34.16,Card,Cancelled
d616f969-1486-4efa-8b82-74be75307fc5,1233cc27-7567-48e0-8dd2-6b0019506c2f,2025-09-30T10:16,1,8.88,Online,Completed
f25f8aa9-de38-461f-bce2-86520ef30342,73a2b03c-2dca-486e-8ebc-c4d6bb68a8c6,2025-08-29T10:16,9,191.61,Cash,Completed
80039940-f821-4f5a-9cb2-ed9080961272,98b17fed-218c-4f20-8410-9f0edfc74455,2024-07-09T10:16,2,31.02,Card,Completed
6e430068-1d4a-4a3c-86ee-12d9ce3fa8cf,000f9c8f-2fc7-4346-844d-c04f10751265,2024-10-31T10:16,6,37.62,Card,Cancelled
8a1f3672-4c38-40e7-9154-aad8ef913b77,ba5d9947-b043-4aca-8ee0-6b77895cf8e8,2025-07-04T10:16,1,15.99,Card,Completed
c740f873-a1a7-41ef-8ef7-a42017216964,795088d7-d227-422e-ad8c-f048bde0675e,2025-08-08T10:16,9,219.87,Card,Pending
60816590-0615-40d7-8b64-af79a1bb4027,d87f31d7-79ef-4c17-856e-142e791b04da,2025-08-31T10:16,1,24.99,Card,Pending
222b2ab0-55f0-4354-af30-35d9a2cf0cd9,23650eb4-f98d-45a3-a90b-a378f03d469d,2025-10-15T10:16,5,78.30,Cash,Completed
cf94a134-6865-46a1-809c-89fca5d6f034,21edfc22-3f73-4335-a774-3cf78ab65e86,2025-08-14T10:16,7,41.16,Card,Cancelled
e9f06c67-13b5-4dde-931d-db313e35c12d,a302a1a8-c429-406f-abff-9f273aa0a4b5,2025-01-26T10:16,5,109.85,Online,Cancelled
e87fc7e7-3789-4cff-b9c5-00bfd8e13e5b,c63bd277-c81c-40c5-8720-6ce916d653c4,2024-05-15T10:16,3,73.95,Online,Cancelled
bc3de4ce-165c-4770-9655-0c5146a5ca17,c5817fdc-a4dc-4879-b957-30cfda62016b,2024-05-06T10:16,2,31.74,Online,Pending
ebbdf8b5-3ee4-4bb9-8432-b054696a5651,1d32c3b3-c732-4995-aa6b-ff159deb3bdf,2024-10-10T10:16,6,172.02,Online,Pending
6780ee9a-3cfa-4c99-8fd7-2fd1452ef597,c83bba2f-5229-4998-9566-1f3179b13e8a,2025-03-01T10:16,5,125.05,Cash,Cancelled
d176d56c-9d50-4476-9e73-94ca02639604,b0d737cd-ec4b-4a88-aa81-d012ef3fb719,2025-03-18T10:16,2,42.22,Cash,Pending
50e89212-698a-48ae-9a7f-e68896a4cf08,bfa3444b-2be9-46be-b944-720d86a59770,2024-04-05T10:16,3,87.87,Cash,Completed
5781468d-f10e-4bae-87ef-bf8dfab22dff,0b2a0e9a-e050-4380-b607-57adcbbf59d4,2024-12-02T10:16,3,84.18,Online,Cancelled
ac24546f-7a89-48e2-87fc-82fce9b2c2d5,e6cb1215-5314-4d05-bfd1-f6e5d36e89f7,2025-10-24T10:16,6,140.70,Online,Cancelled
86316367-bc1e-475f-8bd7-fc719c5552a7,5f0f3def-9ff6-4282-ad04-001c4a769966,2025-02-02T10:16,8,184.96,Cash,Completed
8af0c813-6f6c-4624-aeae-e144ec1fb98e,050d9901-1cb5-413a-9c31-282028f863c1,2025-07-14T10:16,1,18.48,Online,Cancelled
ecfb5aa1-f08b-45ed-8d09-09bf717d87e3,36b880b0-e9bd-4c0b-8f1c-32018f6c758a,2025-01-04T10:16,8,74.08,Card,Completed
43764e67-4c04-485b-9754-af59b66a06b7,a190f67b-21df-46bc-8164-46bdfa00af85,2024-02-11T10:16,5,94.85,Card,Cancelled
8a1189b6-48cb-4832-9fe2-e3a4c4a55224,2a109685-1399-4149-8951-fba29bb0360d,2025-09-23T10:16,7,205.10,Card,Pending
83932efe-4e5b-4858-9bb1-4f17107149ce,b95f7619-fab2-4df9-8683-1f2aeb93a660,2024-12-19T10:16,5,42.10,Online,Pending
d5c06118-1090-4e70-845b-39440f556c21,fdb5454e-2230-489e-ade4-9218ff28cbd8,2024-05-05T10:16,1,20.59,Online,Cancelled
5c5dc376-676d-4afc-8838-8719b836b0c4,11526850-7335-463f-b740-a52a90457c3b,2025-10-04T10:16,6,75.96,Online,Pending
82e35d8f-edc7-48c5-8861-0244882c31ef,103fcba5-5588-45a5-9fe0-6ac948d3860e,2025-05-04T10:16,8,193.20,Card,Cancelled
0d906463-50c2-467f-add4-f04bf09c2eaf,fdb5454e-2230-489e-ade4-9218ff28cbd8,2024-08-17T10:16,9,242.28,Card,Completed
caf37257-3680-4e1b-9f4a-76d3e413bff7,73a2b03c-2dca-486e-8ebc-c4d6bb68a8c6,2025-07-03T10:16,9,73.62,Card,Completed
4a13d2ee-32ea-4e8e-96fd-4b828801f597,0a5a9fc7-e126-48f0-99aa-dea85c606f66,2025-05-04T10:16,2,44.50,Cash,Cancelled
eec38b74-d8c0-4cf1-90b0-08773e0e1e4d,209e786b-2a61-4e52-a3b2-1cc98bcbf18c,2024-09-12T10:16,6,149.16,Cash,Completed
68a55ecd-d3c1-411d-bd8b-0a5d6d27e5d8,5f6e51da-5f01-4c9a-85dd-7d50ef37e5d7,2025-07-15T10:16,8,157.04,Card,Cancelled
9c435ae1-bbb5-428a-bad1-b580e8acbd0b,69446e90-4237-4410-ab55-e011eb04cce0,2025-05-26T10:16,5,107.75,Card,Cancelled
beccfd03-781c-422a-9117-9f7ecf1df79d,058b9c75-b72f-4594-80d2-e41194ff7672,2024-05-21T10:16,2,32.48,Cash,Pending
e01de224-ac49-4c99-9fa2-48fe53082e1c,63846b60-b7be-4087-ac6e-56c9bc130a20,2025-07-24T10:16,3,52.47,Cash,Completed
0e901946-5249-424a-a46a-eda073657499,953417c6-cd52-45e9-9ca0-bb450653c934,2025-02-13T10:16,6,177.18,Card,Pending
9097d624-5833-4a4c-9555-fc8a185f2dbb,bb9edfa8-17f7-4f6f-8e3b-616693a298b1,2024-05-23T10:16,1,18.28,Cash,Pending
23b8cd09-0365-454e-a944-57939feca096,3ab3404a-ee80-4ed2-8d90-a6f0dad14e48,2024-10-07T10:16,2,10.32,Cash,Pending
c3dca0f8-d9c4-478f-b132-e947b67f7a9c,983d66ae-c8b0-46b8-8abc-26a1055cf729,2024-12-19T10:16,8,105.36,Cash,Pending
0e694ba1-e14c-4f53-8b03-899454fc23d1,ebe19120-496a-47fa-87eb-2440212a3363,2024-08-28T10:16,9,91.26,Online,Completed
4e3d433b-2ae4-4223-af17-b3276c98894a,ebe19120-496a-47fa-87eb-2440212a3363,2024-07-04T10:16,7,44.38,Online,Completed
6628d95b-3d26-4c54-9691-b0d1e20b461a,ebbc7df0-770d-44f8-b0ff-c62f9006e40e,2025-04-05T10:16,4,106.28,Cash,Pending
652581bc-321b-4954-aa9f-63771708932e,56a75a3e-a944-4147-8cba-f1024726993f,2024-08-08T10:16,6,149.70,Cash,Pending
17f0b3f6-c01e-4f62-9c57-b66e36d2e566,99c406e7-092b-4eeb-bc08-56fc041c253d,2024-12-08T10:16,6,82.62,Online,Cancelled
ad0aa1ef-2ebd-4d84-873b-f86abcf14930,8f7f530b-bb30-4a05-b437-744ed30af54f,2024-12-17T10:16,6,142.86,Online,Pending
3d334154-4f76-42b1-87b1-d3feb52503c5,7509850a-5062-4da9-aad6-bc5b9e363ef1,2024-05-08T10:16,1,29.71,Cash,Pending
1d2594aa-eb93-406b-b103-f8a53043c100,52f5634d-de98-4543-8a1e-cbf1e2d0242f,2024-04-02T10:16,5,33.60,Cash,Pending
a90b9fcb-cb62-433d-bf6c-19ee7cc340f2,92da274a-bea2-490a-bb52-196c46fa8487,2024-01-07T10:16,7,180.39,Cash,Completed
6302c297-5909-4e41-8d13-f6727edc0010,d33bbfcd-a2ca-4e80-8a1c-65223f061e7e,2025-07-21T10:16,9,69.12,Cash,Cancelled
edefd80d-29ce-4bfb-8675-31c887a78e6b,e7991221-0de0-4ef8-aa9c-ca3b59197059,2024-05-01T10:16,8,181.76,Cash,Cancelled
0b331a29-196b-4132-be14-337008667d89,953417c6-cd52-45e9-9ca0-bb450653c934,2025-01-11T10:16,5,112.05,Card,Cancelled
9e357f0b-443b-42a9-8342-64d72c4ab9a5,14eace30-1ac2-411e-8eef-98e8f32a87fb,2025-07-05T10:16,8,144.24,Card,Completed
a470d6f8-d0ee-43a5-82d3-d5791c538872,06e585f0-5b60-4900-81d1-3379328e6c17,2024-03-24T10:16,6,77.76,Card,Completed
089f959a-0b8d-4107-8356-bd0bac553b70,ceafdb2a-788d-48e0-acdd-bd533a2e7ab6,2024-05-23T10:16,8,150.24,Cash,Pending
d36adeca-2544-4c72-bce9-93ab39c3fe34,2ca088cd-c6c6-4e60-a1a4-d2990ee21b12,2023-12-05T10:16,6,99.18,Online,Pending
f8576570-368c-4379-a6ed-fd16e1623e74,5f0f3def-9ff6-4282-ad04-001c4a769966,2024-09-15T10:16,3,44.55,Online,Pending
d92e9b2e-31ef-4372-a372-bed42501a618,885715b6-b1eb-44ca-8460-28c0343e56f3,2024-03-23T10:16,3,21.24,Card,Cancelled
aa37c56f-d5de-4d6d-944d-e599309cde4e,d6d4ef4b-0870-48aa-b884-013237f255f4,2025-01-08T10:16,6,51.48,Online,Cancelled
59693815-edd8-4d86-bad6-45b161ea8a36,59827b2a-ae17-44b1-bd6f-6f08718559cb,2025-02-25T10:16,5,41.95,Cash,Completed
7ad2762e-3619-475a-a713-31f9eb3d7454,6aaabc79-3d35-410f-bb96-f86a3930d0ff,2024-07-04T10:16,7,70.35,Online,Cancelled
32a360e6-c056-41c5-b1c9-cf680f2202c8,b90a3a7f-421e-47e5-8598-fe50f365a62e,2025-06-24T10:16,9,125.19,Card,Pending
4c17f8a7-714f-4024-bd50-6aa1a46564d6,7509850a-5062-4da9-aad6-bc5b9e363ef1,2024-09-06T10:16,7,165.69,Card,Cancelled
fee2969d-4bc5-4402-8902-cd2df437b3ae,d5cfb1a3-ce2f-4aff-ab4c-50e0c5426af1,2025-10-07T10:16,4,77.48,Online,Completed
088c769d-a6a2-4a55-afca-f8628eaf6f1a,23650eb4-f98d-45a3-a90b-a378f03d469d,2024-09-10T10:16,5,106.55,Card,Completed
077b4d32-8bcd-440a-a93a-281c3ffeb230,428424b7-1f94-496a-8b7a-497ce177d32c,2024-05-13T10:16,5,81.95,Online,Cancelled
a75bf33b-61bc-4c2a-a732-cc9ff6b23ff0,d5cfb1a3-ce2f-4aff-ab4c-50e0c5426af1,2024-04-12T10:16,4,102.72,Card,Completed
dd8c0542-146b-4c02-ae79-0dd396cc2d3b,ec3490d2-e8da-47ee-ae12-0ca0b1d7a2bb,2024-02-09T10:16,4,82.56,Cash,Completed
369336c4-3715-4fbb-961a-caf1f83243a7,93cdeef1-3fc3-4a63-a275-0ae87ae6b335,2024-06-20T10:16,7,119.28,Card,Cancelled
23a6d283-9ecc-44bd-976c-10ac391a4874,b014b56e-3263-4b63-8430-46e00bc5ea77,2025-10-08T10:16,2,34.68,Online,Completed
e3feaca6-9ab6-4a2b-8948-446d23cb8d80,4e6807ca-aed8-4ec9-b1b0-0e3aba57efb1,2024-01-20T10:16,2,27.08,Online,Pending
b7de44c8-37b5-4058-aff4-11d02c45eb25,6c3bf618-a715-40f9-9faa-cfc5f5beef2f,2024-10-09T10:16,7,115.50,Online,Completed
f8a022c7-f3a9-4f9b-9eaf-e7e1d904ea33,4739f27f-7a96-4d52-83ae-0c6fd4c8c606,2025-03-13T10:16,9,82.08,Online,Completed
3a402f74-4378-45da-8dbc-eaedf614b76f,fdb5454e-2230-489e-ade4-9218ff28cbd8,2025-10-09T10:16,4,27.92,Online,Completed
b27c6088-34e2-46d8-9c64-c6750b8d0f31,f543de06-e341-4de2-95ab-ca0fd3ee51fe,2025-02-23T10:16,8,65.20,Card,Pending
9c13a49c-04d6-4417-9654-c5022d6e26ce,4e44f26d-5455-405b-8fdb-63ab8b739ecf,2024-08-13T10:16,7,140.28,Cash,Pending
9d1fd075-bfd6-4111-8786-172876315347,f90cf3ca-e2d0-4129-bc7a-e8a2b80880da,2024-04-23T10:16,3,45.00,Card,Pending
170bff0a-d1fd-4700-a982-68a0e411831d,8113211c-bdc3-4bb0-94d9-3fd3871f3005,2024-11-13T10:16,4,112.76,Cash,Completed
c0f0d2ab-4f01-4c0f-ac45-3f06d5779970,27e45431-1333-4ffd-a0c8-be56ffdc5d4e,2024-09-26T10:16,5,145.20,Card,Cancelled
405026ba-a47b-4d04-bda4-3d21bfc8f3b7,4e44f26d-5455-405b-8fdb-63ab8b739ecf,2025-07-11T10:16,9,108.18,Online,Cancelled
303325ab-b119-4611-803c-f2a7ef64a0dc,93cdeef1-3fc3-4a63-a275-0ae87ae6b335,2024-08-01T10:16,5,85.55,Online,Pending
1d20f64d-7f71-446a-9cf7-5d322421ba7e,52c87fd9-fdf0-4256-b929-6153ad24a0ac,2025-05-23T10:16,8,172.24,Online,Pending
900e366b-1385-474f-afc2-69fda54f6d5d,795088d7-d227-422e-ad8c-f048bde0675e,2024-04-18T10:16,3,18.51,Cash,Cancelled
21f93c1d-f248-4bb4-829b-0c0e1167821f,dcfb3d05-846d-4915-99f3-ebbc7559d972,2023-12-12T10:16,5,124.60,Card,Pending
1ee90a9e-2f68-4f10-a0ae-f28765572f44,53db1213-7316-47bb-9099-c1def0e3c96b,2024-02-18T10:16,7,156.66,Card,Pending
a8370903-1907-400e-b333-94642fdef3fc,ff4db0d8-e809-46e8-9ae0-78ffee4902d9,2025-03-14T10:16,4,86.64,Cash,Cancelled
6aff7bbb-1ef4-4c21-be71-6ad0838b6fcc,cd50913f-8c99-4253-9134-0cf5fe5f300f,2025-10-01T10:16,3,68.88,Card,Completed
c0ea70cb-904d-4d93-9ade-eac3ad59348c,d87f31d7-79ef-4c17-856e-142e791b04da,2024-10-13T10:16,2,20.74,Cash,Pending
ef163b72-f540-4a80-8390-712cf2803d8d,485b65e7-fdf4-474d-afba-37986d8d3cd8,2024-12-17T10:16,1,18.16,Card,Pending
b6c09c3a-9ad1-4e50-b9b0-437ddf0caf18,aac35608-9499-49c5-811a-a059e773c968,2025-10-11T10:16,2,43.42,Cash,Completed
de921642-b902-4c76-a920-bf4d12a95c42,910b1d47-5c37-48b1-8bde-96c60660f1d7,2025-08-16T10:16,9,113.94,Card,Pending
6834b2e6-9249-4705-8918-563dae190f2d,500fde18-ea61-4380-9ea4-f06d09985870,2024-08-10T10:16,4,54.48,Cash,Cancelled
1bd89b84-5eaa-44eb-a538-b7acf16c19fb,02c65c06-56ad-4670-b8e2-10ab417c7154,2024-01-28T10:16,4,45.48,Online,Cancelled
1b3ca9bf-0d88-4d4a-a416-829d9f38a86d,09ba4183-1b94-4f8c-bc5f-eca421a88524,2024-10-01T10:16,2,27.14,Card,Cancelled
7f14de66-178d-4b99-a293-2db73f9d95a8,d3f641e5-b8b5-4f5f-9155-7768df2033e8,2025-01-31T10:16,2,55.96,Card,Cancelled
68b17859-0530-4b1d-b030-e55aa9f1121c,62a2bfef-ca4a-4dec-90ea-bf15ea1880d2,2024-02-11T10:16,4,48.40,Card,Pending
de66dcba-abbb-47b3-b038-061fccda42f6,8f7f530b-bb30-4a05-b437-744ed30af54f,2025-08-09T10:16,9,217.80,Card,Completed
f8fe86ea-d80d-428b-bb7b-9800236f27bf,68169a66-a8d4-4763-914e-7befc826445b,2024-04-09T10:16,3,22.77,Online,Completed
12d1e9e4-7172-446b-bf07-20a66fab3d40,02c65c06-56ad-4670-b8e2-10ab417c7154,2024-05-30T10:16,8,81.44,Card,Completed
2f01bf4f-b70c-48e9-bd91-2171bcdbd174,b3688304-b24b-416a-9bf4-c2b6aaeb59d3,2024-10-24T10:16,9,174.06,Card,Pending
67b3491b-2c8e-4345-969e-1f5de4fe1f7d,5400d214-6176-40bf-88d2-3f53ed38bf69,2025-06-13T10:16,7,167.16,Card,Completed
e0a0e595-8c61-4116-a5f5-604f8952338d,0a0ac3e5-6e20-4fbc-87ec-5481c70e38bc,2024-02-24T10:16,9,149.94,Cash,Cancelled
d85a0439-fa3a-4927-b6de-914a02246e6a,9305d562-2505-493d-8ed8-3fb721c8f491,2024-05-29T10:16,2,40.76,Online,Cancelled
6ecf8e34-7598-440f-bd9b-a70fea43e4d7,726d71e2-70fd-4416-8568-78619c14a73a,2025-08-24T10:16,9,230.40,Cash,Completed
8c038dac-29be-444d-8de4-f1317973c6e7,885715b6-b1eb-44ca-8460-28c0343e56f3,2025-11-09T10:16,6,88.44,Cash,Completed
8a5ae8a1-21bb-4c33-98ac-6c591a37f57c,f0a6a958-e434-41bf-a830-dffa55a34db5,2024-03-21T10:16,9,155.07,Online,Cancelled
f9be14a9-54a0-4923-af4d-47e41321f595,8887df7e-682b-4d48-b18c-c1ddfa0aaa26,2025-03-21T10:16,1,11.94,Cash,Cancelled
0200afd0-9194-4d07-8dd7-3be4f99c00c0,d6d4ef4b-0870-48aa-b884-013237f255f4,2025-09-01T10:16,2,36.28,Card,Cancelled
147299e3-ea48-4668-b69d-aaa575a4d7fa,8b546c63-5406-493d-bc69-cfb594b38267,2024-04-29T10:16,3,24.78,Cash,Pending
15ae4db3-5d83-4cbd-a444-7970ff760a33,ecf1ffb0-ac00-4968-87ea-8beef4ace55a,2025-02-05T10:16,6,115.80,Cash,Cancelled
833272ec-f04e-4dd9-bfde-0d8491b93d49,ff4db0d8-e809-46e8-9ae0-78ffee4902d9,2024-05-27T10:16,6,86.34,Cash,Cancelled
439c53c8-6a12-4861-90c9-861b129b54df,69446e90-4237-4410-ab55-e011eb04cce0,2024-04-29T10:16,2,18.96,Cash,Completed
2f2f2e79-baca-4d12-9522-aa60b1f59957,cf65c4b6-4c1c-420b-95de-23e5b56ffad5,2024-07-30T10:16,7,138.39,Card,Completed
3af7b55e-ab22-4787-9f2f-d6525d8c58a8,0a5a9fc7-e126-48f0-99aa-dea85c606f66,2024-11-28T10:16,6,164.28,Online,Completed
2856582c-734a-4183-aa87-41c83570e1ad,8626238e-5813-415a-9a8c-db944b1e0269,2024-01-28T10:16,3,78.96,Cash,Completed
69355799-531f-4406-9ef9-148a19b7b6de,80537cf2-360f-4740-8b7e-d4cd56e22987,2025-08-30T10:16,2,18.94,Online,Completed
3af47e9c-fad5-4fb6-892c-c793f2813e2c,53db1213-7316-47bb-9099-c1def0e3c96b,2025-06-12T10:16,3,82.50,Cash,Cancelled
327e745d-0ba2-4a00-a159-b479e2a02f97,d3f641e5-b8b5-4f5f-9155-7768df2033e8,2025-09-03T10:16,2,29.04,Cash,Pending
4b9969e4-c25a-4642-955e-236a1c7d7ffb,c1a09d60-c9e8-4489-a68e-e01b51541d33,2024-12-20T10:16,4,96.48,Online,Cancelled
6bf5dee8-aec7-428f-b8af-41feee0c8953,bf0de251-90d7-423c-8b31-48df1a89964f,2024-08-21T10:16,2,31.34,Online,Pending
494e7c58-d82b-4a9e-b51c-d6f6b7cc47a4,99c406e7-092b-4eeb-bc08-56fc041c253d,2025-10-28T10:16,3,30.78,Cash,Pending
220f38f9-233c-468d-8710-e79d612e6873,058b9c75-b72f-4594-80d2-e41194ff7672,2024-05-01T10:16,3,85.17,Online,Completed
1976aed0-63f8-4460-88ed-6a441155458e,6e551d53-4f6d-4b84-a9de-3d7c79694805,2025-01-20T10:16,3,89.97,Cash,Cancelled
85f32fd7-f405-4627-a8fa-9c967bcc2bc8,c63bd277-c81c-40c5-8720-6ce916d653c4,2024-06-18T10:16,7,51.45,Online,Completed
8c977bb8-9502-4ea1-83f8-ca7df07b5a56,bb9edfa8-17f7-4f6f-8e3b-616693a298b1,2025-07-14T10:16,4,119.04,Cash,Cancelled
c6e32d71-4f0d-42b6-9b82-fd9be938cef6,fdb5454e-2230-489e-ade4-9218ff28cbd8,2024-09-05T10:16,7,184.24,Card,Completed
4e188152-6e9b-4dde-b2dd-019d9850ffe1,6117b6f0-c4f4-4bf1-9eeb-f33950decba8,2024-01-20T10:16,6,115.14,Card,Completed
2a435d2d-aa8e-4fbb-a7bc-7d3aa7bab4d6,e119f98a-df63-41dc-8e01-bb49ca2dc724,2024-09-02T10:16,8,142.48,Card,Pending
593d3faa-ec96-4a9f-877f-ba765edddc9d,c9dcc28a-ae5f-477c-ae7e-72d94129f449,2025-02-21T10:16,9,121.86,Online,Completed
09bf5358-719e-4f16-8d0c-1df46840972a,e7991221-0de0-4ef8-aa9c-ca3b59197059,2025-03-01T10:16,2,27.28,Cash,Pending
e640602e-38e0-4daf-a40c-563f896ec042,6e551d53-4f6d-4b84-a9de-3d7c79694805,2024-10-03T10:16,5,66.45,Card,Completed
d8847a8f-f589-4f73-b698-18b353624215,89d26a00-0fde-4c03-8430-b06f6bc3f33a,2024-06-15T10:16,8,210.32,Cash,Cancelled
0ede5766-a0f4-49fe-a24b-6c2f27e1b4e9,e38afcd9-9e08-47ba-bc92-5ebb4bc271eb,2025-03-09T10:16,8,138.96,Cash,Cancelled
17f946f7-82ff-42c9-8fdc-9921ff958ed5,14eace30-1ac2-411e-8eef-98e8f32a87fb,2024-12-21T10:16,4,107.80,Online,Cancelled
a27de6a0-dd55-479c-8b84-a1a4d3634c3e,209e786b-2a61-4e52-a3b2-1cc98bcbf18c,2024-10-08T10:16,6,154.56,Online,Cancelled
