order_id,restaurant_id,order_date,items_count,total_price_usd,payment_type,status
44860e7d-6c76-4ec9-9c40-53966d4b032b,5f6e51da-5f01-4c9a-85dd-7d50ef37e5d7,2024-02-19T10:16,1,7.06,Online,Pending
bc85a5be-110e-473b-a57d-50ba7a635c89,2c6dafc9-06cc-4b3d-8b8d-12aae0644c58,2024-03-17T10:16,7,174.23,Card,Completed
c501bc8e-0753-482e-ab26-7a70cb628c09,953417c6-cd52-45e9-9ca0-bb450653c934,2025-02-09T10:16,7,135.73,Card,Cancelled
3056234d-bcba-4367-97d5-0937d3ebec6b,b014b56e-3263-4b63-8430-46e00bc5ea77,2024-09-02T10:16,4,52.24,Online,Cancelled
69468447-3a20-4d63-857c-695ec8c3ca94,485b65e7-fdf4-474d-afba-37986d8d3cd8,2025-01-27T10:16,4,47.56,Online,Cancelled
5ea0ae68-a8ea-4dd0-af32-ced98dbd8562,941529ef-2114-4bff-907a-4596ff4593a1,2023-12-29T10:16,7,201.18,Card,Completed
5cfb5ccb-3ab6-45de-adec-d0c501232eea,b95f7619-fab2-4df9-8683-1f2aeb93a660,2024-03-15T10:16,7,68.39,Cash,Cancelled
00d54eea-2c1c-42d8-bdd0-1af9ffbd94ac,e277d099-db2a-4aee-ab86-8b0e73a34383,2024-10-16T10:16,4,117.68,Cash,Pending
1b299dd3-fa62-4263-87c7-b5f3e06a78f0,f6c35464-33dd-44a7-bf84-071f2e427045,2025-06-17T10:16,2,12.44,Online,Cancelled
5a77b480-5f30-4e98-a048-21466217c688,953417c6-cd52-45e9-9ca0-bb450653c934,2024-06-16T10:16,1,11.42,Online,Pending
2492bae6-7e84-407b-a909-55f066e60565,c1a09d60-c9e8-4489-a68e-e01b51541d33,2025-03-26T10:16,9,89.19,Online,Pending
aec51283-849f-43d4-b508-523152db34f3,9305d562-2505-493d-8ed8-3fb721c8f491,2025-06-28T10:16,8,74.00,Cash,Cancelled
20cd6cfd-2c93-44b9-bf9d-fe2cfb0a8d30,5f6e51da-5f01-4c9a-85dd-7d50ef37e5d7,2024-12-27T10:16,5,70.85,Online,Pending
89a3949d-6d59-4831-8aac-f78e02871d7d,c3ffc43c-0c11-40fa-9824-f234161741d0,2024-12-15T10:16,1,8.93,Online,Cancelled
2411a3f6-9471-414e-bcb8-ee869245c289,9b9edd1e-b4f7-414c-b8b5-a3dc51fa0a8c,2024-04-10T10:16,6,137.88,Cash,Pending
81ed3579-4bc2-42f5-823e-fc5f9a2d0e56,b6c26110-1b77-4777-8c79-c69ec19b66df,2025-07-01T10:16,7,65.66,Online,Completed
1ccc7a8d-0cb9-43cc-956a-c56eb99a56c8,8887df7e-682b-4d48-b18c-c1ddfa0aaa26,2025-01-24T10:16,8,40.96,Online,Pending
afb9f661-c652-497f-b092-d77b9c6aa535,74e76582-f1b8-4560-b049-8aebb59d4721,2024-03-06T10:16,3,55.23,Card,Completed
2f1e23d1-efbc-47e7-bfdd-714f76640fb3,c46351bf-193f-49af-a5d6-456188837c3d,2025-04-02T10:16,3,71.70,Cash,Pending
217c375c-e283-487c-8809-f678e5967ed6,0b2a0e9a-e050-4380-b607-57adcbbf59d4,2025-01-11T10:16,3,27.21,Online,Cancelled
11ebcc73-1fd5-47bc-8bd5-2eabcb273d16,56a75a3e-a944-4147-8cba-f1024726993f,2025-09-26T10:16,8,218.32,Online,Completed
2a1aec57-7c1a-4ba7-860d-f5ce7350d440,0e0d5f13-edd5-4ab0-9ddd-3df111bedc5a,2024-06-27T10:16,3,39.99,Online,Cancelled
b8895583-3d8b-4160-849f-a812b574c4f8,bb6bf39c-f455-4e08-a59e-1bdaaa91d4aa,2024-05-08T10:16,1,27.01,Online,Cancelled
6c38a0d1-6b49-49c2-8436-09fb3494000f,09ba4183-1b94-4f8c-bc5f-eca421a88524,2025-09-05T10:16,4,117.16,Cash,Pending
4444e664-3394-494d-ac96-2bb81a30b66d,8887df7e-682b-4d48-b18c-c1ddfa0aaa26,2024-07-26T10:16,3,62.04,Card,Cancelled
f7a3c4d3-927a-453c-abd4-79d0ceed7db4,25659c0e-6eb5-4c57-add8-fb6ac5f42699,2024-11-13T10:16,4,25.00,Cash,Cancelled
c12e9349-81af-4756-8da5-c789b7cb7546,b047b369-02d0-4f25-9af0-f1e883228863,2025-02-20T10:16,1,9.86,Online,Pending
ffec6697-207a-4ce7-8904-e6b30c3860eb,59827b2a-ae17-44b1-bd6f-6f08718559cb,2025-09-24T10:16,8,230.08,Cash,Completed
6d563d62-b24a-4269-ae79-808911a00eb5,02c65c06-56ad-4670-b8e2-10ab417c7154,2024-09-29T10:16,7,162.75,Online,Completed
10d59114-a089-41e7-9cdd-5a129ef54c4b,fdb5454e-2230-489e-ade4-9218ff28cbd8,2025-09-07T10:16,5,121.50,Cash,Cancelled
266baf0a-aa02-42f5-987f-a35c967df373,63846b60-b7be-4087-ac6e-56c9bc130a20,2025-05-12T10:16,4,47.68,Cash,Completed
a4e2c941-72e3-4415-9653-5a2f144a7de5,d87f31d7-79ef-4c17-856e-142e791b04da,2025-04-18T10:16,4,38.24,Cash,Cancelled
cf96c318-5dd0-4e50-b51f-d377563759ed,65b2c0ea-6192-47fc-9286-2c1dd3ecefb1,2025-02-15T10:16,3,57.24,Card,Pending
5a8e41f2-9999-4770-8c6b-98afa8d530c6,4717d2a3-4b2a-44f1-b960-a2b73e2d23fd,2025-09-12T10:16,7,187.74,Online,Pending
0e2357f8-6100-4dfd-bb89-1f131f0817cd,bb6bf39c-f455-4e08-a59e-1bdaaa91d4aa,2024-03-13T10:16,6,146.76,Online,Cancelled
0c1e5b87-5cab-47ef-b214-da878316f97a,103fcba5-5588-45a5-9fe0-6ac948d3860e,2025-06-26T10:16,1,20.13,Card,Pending
ff02eaa0-5054-4be1-980f-fa471213610d,e886c155-0dae-4b36-88f5-a86fa474d1f6,2023-12-02T10:16,8,181.68,Cash,Cancelled
68d760c1-08be-41d8-9b12-45dc00829102,49af098b-bf79-4643-8e49-739ea932d38b,2024-06-25T10:16,1,17.93,Card,Cancelled
b7d2c078-d4fa-42a8-b768-d2255c5c34a6,4bb2d776-14c0-4ef6-b8ba-c580cbed72b8,2024-05-25T10:16,4,64.08,Cash,Cancelled
21d34e89-ee52-44d7-8f75-3c3135ec2265,935ebde1-5945-4673-886e-1a7a12cc2d4e,2024-05-22T10:16,2,41.32,Cash,Pending
fb2db3cc-f589-44c8-a920-610a5134d4d4,a302a1a8-c429-406f-abff-9f273aa0a4b5,2025-08-19T10:16,6,60.66,Card,Cancelled
943e9a70-c325-4539-a972-39d7cfa446e8,2a109685-1399-4149-8951-fba29bb0360d,2023-11-29T10:16,6,50.28,Online,Pending
5a9e6907-51c5-4add-ad95-81d0f1c410a9,21edfc22-3f73-4335-a774-3cf78ab65e86,2024-01-04T10:16,3,24.57,Online,Cancelled
f03d1a39-3a50-4110-825b-60621c005008,21edfc22-3f73-4335-a774-3cf78ab65e86,2025-02-12T10:16,2,38.28,Card,Pending
ca4f0697-b725-411a-8ead-65f0e0e35a57,5eb75bc0-d5fa-4209-9d42-7767f3f0585b,2024-05-13T10:16,3,68.46,Card,Completed
41f8d821-b093-466b-8aaa-5415476a388b,0a5a9fc7-e126-48f0-99aa-dea85c606f66,2024-02-22T10:16,6,168.72,Online,Completed
9a11e503-7958-42e6-abda-820aaee8e142,ebe19120-496a-47fa-87eb-2440212a3363,2024-01-19T10:16,8,76.96,Cash,Completed
6a268542-54c5-4400-9395-0867dab273ca,ef7fad1f-a86f-4ee1-95b4-ce1f339f0fa5,2024-06-05T10:16,8,212.80,Cash,Cancelled
3211efc3-7cba-4d60-948b-89e792078eaf,b3688304-b24b-416a-9bf4-c2b6aaeb59d3,2024-11-18T10:16,3,58.89,Card,Completed
9590448f-10d8-4c3f-92bc-7945188111bf,b04ce307-2d1f-4214-b023-d8f4379041a1,2024-04-09T10:16,1,7.29,Card,Cancelled
18ea4ad7-ccbb-4d5f-bc54-2e2e55dd66d9,e7991221-0de0-4ef8-aa9c-ca3b59197059,2025-05-09T10:16,3,62.67,Online,Pending
ee4ed053-404e-434d-8b70-8959b6bc591e,6c3bf618-a715-40f9-9faa-cfc5f5beef2f,2024-06-24T10:16,6,136.62,Cash,Cancelled
2c9c95fc-15d5-4d01-873a-7470c4d146f3,5d6f84a5-a4de-442e-99b9-b8ef714b4436,2025-08-24T10:16,2,34.44,Card,Cancelled
71397147-b462-4aa6-90a5-78d51495bf02,4e44f26d-5455-405b-8fdb-63ab8b739ecf,2025-10-31T10:16,6,88.20,Online,Cancelled
c9b525b5-7bb3-452c-a864-81682ce6591c,63846b60-b7be-4087-ac6e-56c9bc130a20,2024-10-09T10:16,7,74.69,Cash,Completed
e1923583-4c3c-450a-bbdd-4593ae167701,60cd80b6-3967-4dae-b4df-adc7b5644971,2025-10-25T10:16,8,190.08,Cash,Completed
79ac3112-261f-466e-ab0c-6c84f1009219,68169a66-a8d4-4763-914e-7befc826445b,2024-10-28T10:16,3,76.71,Cash,Completed
50e2f284-0fb3-4723-801c-f3e41fc7e411,f90cf3ca-e2d0-4129-bc7a-e8a2b80880da,2024-11-29T10:16,1,23.69,Card,Completed
d1a1b1dc-7e8a-434a-8c8f-f931810cfff9,ff4db0d8-e809-46e8-9ae0-78ffee4902d9,2025-03-13T10:16,1,24.51,Cash,Completed
d0f4da6d-4019-47a0-95ca-aaa392e609fe,ada8704c-2784-4d70-84da-10078407d2c8,2025-06-20T10:16,1,18.04,Card,Cancelled
256898e0-3bee-4546-a3cb-48bb23b7b9d3,ec3490d2-e8da-47ee-ae12-0ca0b1d7a2bb,2024-01-02T10:16,2,32.60,Cash,Pending
dd7f1252-7ec6-4bb2-b8a1-f050aab5cb94,5d6f84a5-a4de-442e-99b9-b8ef714b4436,2024-04-11T10:16,7,128.87,Card,Pending
86f99b29-a529-4ed2-b914-3055570cb60b,1eeb9c5f-5b7a-47af-b4f1-5a50d9d1089c,2025-02-05T10:16,6,51.84,Cash,Completed
c2ca299e-c080-4f0f-ad40-411497f34ec9,53db1213-7316-47bb-9099-c1def0e3c96b,2024-08-16T10:16,9,149.76,Online,Pending
847cdb52-3924-4efb-85a0-b5eb2f5cb330,e119f98a-df63-41dc-8e01-bb49ca2dc724,2025-10-16T10:16,2,24.66,Online,Cancelled
3460f888-6c58-4d62-9475-f09a4967efbf,0df3bae1-6384-4856-aa27-aef9f6c48b75,2025-03-02T10:16,1,19.87,Card,Cancelled
abb19ef5-a3fd-44fa-84e4-88c64916d699,93cdeef1-3fc3-4a63-a275-0ae87ae6b335,2025-06-24T10:16,2,58.12,Cash,Completed
6a8a521d-fa81-4998-80b6-43ef2ef5325f,36b880b0-e9bd-4c0b-8f1c-32018f6c758a,2025-01-16T10:16,1,25.08,Cash,Completed
de609f53-beb4-4141-9147-ca607410faaa,0130fcd4-a6cf-4a72-8400-7bcae1abce34,2024-11-11T10:16,7,63.63,Online,Completed
078819d3-ab8f-4150-b1ba-987c0393dc0f,3e97fc93-73a7-45e0-9888-f7a03ee258a7,2024-02-27T10:16,8,168.96,Card,Cancelled
4251f41c-1f5f-47ed-90a7-ef2e3b7c9de3,4b14a58c-f1e4-40b6-888d-a88cd7055099,2023-12-24T10:16,4,75.24,Card,Pending
67338b11-a300-45d5-8ba9-fcb14ac3a423,8113211c-bdc3-4bb0-94d9-3fd3871f3005,2025-02-18T10:16,7,130.34,Online,Completed
050f5e3b-e5e2-4a57-b9f4-2eb3ccbe4ff0,7a2e5fa5-096b-4701-8ce6-7a3db39bf8eb,2023-11-21T10:16,4,106.92,Card,Cancelled
6afd1996-86ef-427c-bfbb-946ff92d1133,00d7ae70-0f46-4453-963c-4ab2a3d29314,2024-09-30T10:16,9,139.32,Online,Cancelled
7fa6e168-5609-43f2-bc45-27e4498f8ff9,500fde18-ea61-4380-9ea4-f06d09985870,2025-03-21T10:16,5,58.25,Card,Completed
5d29cc89-2a7a-4ba4-b217-1146f7e19e2f,0fcf4084-ea31-49f8-99f9-9bf8c8b0c16b,2025-09-19T10:16,2,56.32,Card,Pending
3a0d19aa-a84d-4158-b730-292cfc14b2ee,0a5bd884-b432-4ce5-b14e-44b4aedd4c0f,2024-03-31T10:16,6,76.32,Online,Cancelled
ea64e862-216b-4c2a-bacb-2ac73478bcff,1eeb9c5f-5b7a-47af-b4f1-5a50d9d1089c,2024-03-26T10:16,3,60.87,Online,Cancelled
a99dc61b-71ca-487a-938a-2d2789e5ee0a,0b2a0e9a-e050-4380-b607-57adcbbf59d4,2024-02-20T10:16,8,94.00,Online,Completed
be984d39-4fe1-4b9f-823c-7bdf9841643b,3910ab11-8758-4a4f-8a9b-c4f5df7413c4,2024-03-08T10:16,2,49.72,Card,Pending
6a7689dc-98a4-4d31-ad71-1255f75d80fb,f3826f04-0dfa-4266-8002-58fede0093f5,2025-01-20T10:16,1,5.57,Card,Pending
a70a5cf7-5b92-438b-bda4-9d460df51b3c,8887df7e-682b-4d48-b18c-c1ddfa0aaa26,2025-09-20T10:16,4,45.24,Card,Cancelled
f840ac5b-f090-41e6-8567-0b2d539033d0,4e44f26d-5455-405b-8fdb-63ab8b739ecf,2024-04-22T10:16,2,53.46,Online,Cancelled
47985d9d-639e-42f8-af55-c533a87c19c1,2c6dafc9-06cc-4b3d-8b8d-12aae0644c58,2024-10-19T10:16,5,25.55,Cash,Pending
6ec83706-95e4-4bb1-b566-659f6c058b10,cd50913f-8c99-4253-9134-0cf5fe5f300f,2024-09-05T10:16,4,22.72,Online,Cancelled
e5d48809-bdbf-4522-8ed1-e5a94a8b8850,89d26a00-0fde-4c03-8430-b06f6bc3f33a,2024-01-15T10:16,3,69.57,Online,Pending
db34a3a6-b0e3-4db9-869b-0b4692229628,99c406e7-092b-4eeb-bc08-56fc041c253d,2025-05-18T10:16,8,106.96,Cash,Cancelled
7ecd88d7-a91c-48a7-b5ab-8dd1d4180cd5,ba5d9947-b043-4aca-8ee0-6b77895cf8e8,2024-03-29T10:16,2,49.02,Cash,Pending
579a37cb-5587-47aa-a05c-aff3001e52bd,8887df7e-682b-4d48-b18c-c1ddfa0aaa26,2025-04-27T10:16,7,107.52,Card,Completed
2aab58a0-de42-4e11-b730-5ddae5afe267,5400d214-6176-40bf-88d2-3f53ed38bf69,2025-03-22T10:16,9,131.04,Online,Completed
184c6197-2394-4682-ac14-984056a1eba7,9fa382f0-8393-48db-ad30-43c953282401,2025-05-04T10:16,4,97.44,Card,Completed
44e95fb0-0b97-4dc1-b32d-a2005be012dd,36b880b0-e9bd-4c0b-8f1c-32018f6c758a,2025-07-24T10:16,1,25.89,Online,Completed
fb0326ba-7971-4043-acbe-5377e099645e,e12c3d24-86c8-474f-b86b-370df36adbfe,2024-02-26T10:16,3,39.03,Card,Completed
66520b58-3f23-4add-9cfe-a96ca76ec9a7,b3688304-b24b-416a-9bf4-c2b6aaeb59d3,2024-12-13T10:16,5,89.85,Card,Pending
eaf41172-2945-459a-974f-0788821023e9,6f61ca8e-51a1-48e0-abfa-88326e713e34,2024-12-08T10:16,3,70.68,Cash,Pending
4b91209f-e5cc-4894-8f64-165a033f7bf0,60cd80b6-3967-4dae-b4df-adc7b5644971,2025-10-07T10:16,7,186.06,Online,Pending
d536a0cd-2c14-43c5-a967-269b6cdad3fa,e886c155-0dae-4b36-88f5-a86fa474d1f6,2025-06-18T10:16,6,141.12,Online,Cancelled
f9b68d4b-b4ee-4148-9173-a6140cf1ba7d,3befa4dc-d961-4a3a-9410-d43d1bdaa335,2025-06-20T10:16,8,218.72,Cash,Completed
5aea1c4c-7797-4b2a-a9a0-b8cbd76cf40d,e6cb1215-5314-4d05-bfd1-f6e5d36e89f7,2025-05-29T10:16,6,36.72,Online,Completed
04f7aed1-4449-4747-9ed0-a84e2f9a1f5f,d7af10ce-45c9-4fc8-8dd8-b1c5491aad5f,2023-12-25T10:16,4,104.56,Online,Completed
324d032c-ed72-4109-b31f-5847b2b0ad14,25659c0e-6eb5-4c57-add8-fb6ac5f42699,2024-03-13T10:16,4,115.76,Card,Pending
1e039bf7-9f62-46ed-bf91-4d30edc6a51e,ff4db0d8-e809-46e8-9ae0-78ffee4902d9,2024-12-22T10:16,3,33.60,Card,Completed
a69acd7d-10ad-460d-a90c-c144f38b7147,e85d0261-2d97-4475-a749-363ec9040a74,2025-04-15T10:16,1,6.19,Online,Pending
db7fb9d0-0318-44e1-b40a-378db070bc12,23650eb4-f98d-45a3-a90b-a378f03d469d,2024-12-23T10:16,6,105.72,Cash,Cancelled
fa1967b2-c423-459b-bc09-4b038f491d86,0fcf4084-ea31-49f8-99f9-9bf8c8b0c16b,2024-05-29T10:16,8,66.32,Cash,Pending
b16da411-0611-4d86-bb37-77d72827a2ed,aac35608-9499-49c5-811a-a059e773c968,2025-07-20T10:16,3,50.46,Cash,Pending
6a323874-79ea-4e26-9a66-d4f5ad8bc7ef,46032f36-69bc-465a-9b33-a5d560bfd77a,2025-01-27T10:16,7,188.16,Card,Pending
73eebf79-dd88-4673-8286-62a0188599f4,b6c26110-1b77-4777-8c79-c69ec19b66df,2024-01-12T10:16,8,161.92,Cash,Cancelled
51af2447-4a24-4cc9-a643-a31def490753,e886c155-0dae-4b36-88f5-a86fa474d1f6,2024-03-02T10:16,7,185.50,Online,Pending
0123d710-02d7-422d-bd5f-2ff7465518ce,52f5634d-de98-4543-8a1e-cbf1e2d0242f,2025-08-06T10:16,5,44.60,Online,Completed
49bd3a01-dc25-4560-9ccd-c37b908b2746,c9dcc28a-ae5f-477c-ae7e-72d94129f449,2024-05-17T10:16,7,76.93,Online,Pending
6f517977-ff23-45de-b17a-6125d5c2cb57,e38afcd9-9e08-47ba-bc92-5ebb4bc271eb,2024-06-30T10:16,1,24.66,Cash,Cancelled
c006f590-5277-4e72-a5a8-d66acfcea09b,935ebde1-5945-4673-886e-1a7a12cc2d4e,2024-01-30T10:16,9,96.66,Card,Completed
1ad4c4f0-9119-4936-8597-2e8125dc473b,2c6dafc9-06cc-4b3d-8b8d-12aae0644c58,2023-12-24T10:16,8,84.96,Cash,Cancelled
49b98115-81b0-47f1-8780-b9ca36d3c49f,bb6ceda0-3f7a-4dfa-9862-41a88dd468b2,2024-08-17T10:16,8,142.56,Card,Pending
1123a5a2-2a90-407c-b5e3-5ce7c250ab39,5f6e51da-5f01-4c9a-85dd-7d50ef37e5d7,2023-12-12T10:16,7,189.07,Online,Cancelled
420d3395-799a-4929-91c1-83ce688d201f,ecf1ffb0-ac00-4968-87ea-8beef4ace55a,2025-08-01T10:16,5,67.10,Card,Completed
3b4b5c81-379c-4ff0-adde-507a890fcbf6,500fde18-ea61-4380-9ea4-f06d09985870,2024-07-19T10:16,3,34.74,Cash,Cancelled
8d445cf1-12bd-454c-8926-d04d28e4d284,a5ffc907-be77-43e6-8694-4a0bf09bd3fb,2024-09-16T10:16,5,110.60,Cash,Cancelled
18fbcac6-11ba-441d-a5dc-9630c4d744e0,52f5634d-de98-4543-8a1e-cbf1e2d0242f,2024-06-19T10:16,6,146.82,Online,Pending
e5ca2c0e-d27b-4271-aa30-619cc78b7d78,d6d4ef4b-0870-48aa-b884-013237f255f4,2025-02-28T10:16,4,47.08,Cash,Cancelled
ac5805f4-06fb-4b90-8ce0-a7cab0167ba6,953417c6-cd52-45e9-9ca0-bb450653c934,2024-07-06T10:16,8,227.84,Card,Pending
4d939829-a4b3-4f32-9c7e-aa26a7fa774a,bb6ceda0-3f7a-4dfa-9862-41a88dd468b2,2025-09-22T10:16,6,88.08,Card,Completed
1e134aef-d790-4573-8e60-3f7909a11a22,90f0db1e-2b19-43f7-ba17-233c7c214eca,2024-04-19T10:16,3,39.75,Online,Cancelled
e7f126f6-9aa2-4a46-a50b-1ed9061279ec,e277d099-db2a-4aee-ab86-8b0e73a34383,2025-04-04T10:16,5,123.90,Online,Pending
875678e5-164f-4d88-a91f-d78f4e5af988,d87f31d7-79ef-4c17-856e-142e791b04da,2025-04-06T10:16,3,51.09,Card,Cancelled
f186cedb-8b81-405d-ac15-0e7575a0d4e8,824998a2-7592-4051-ab0b-d5e12743c93b,2024-06-24T10:16,1,15.61,Card,Cancelled
6ff70af6-d4f4-4d42-ba83-6a7430e0d342,e119f98a-df63-41dc-8e01-bb49ca2dc724,2024-12-06T10:16,4,74.24,Cash,Cancelled
cce61b2e-88b8-4c08-99f1-c0d57a67a940,a3f626b9-cc27-4c04-8570-be79ab8bda4a,2024-08-11T10:16,9,53.82,Cash,Pending
bc6a7986-efab-4434-9019-68a0ec132a02,8b115a34-224b-453c-be69-b53a7445b466,2024-06-12T10:16,6,133.86,Card,Completed
7c3bcfcf-4b22-40ba-baf5-390952ca42e5,0a0ac3e5-6e20-4fbc-87ec-5481c70e38bc,2025-06-13T10:16,7,153.72,Online,Completed
a8319d76-27d0-4855-b60a-912039883e24,3befa4dc-d961-4a3a-9410-d43d1bdaa335,2025-03-30T10:16,5,85.90,Cash,Completed
d7f3d144-d9ac-4361-8bd9-35e869a607b3,bf0de251-90d7-423c-8b31-48df1a89964f,2025-08-05T10:16,1,19.53,Online,Completed
f8bd1669-c030-4384-a1d4-2bfacd1b8543,73a2b03c-2dca-486e-8ebc-c4d6bb68a8c6,2025-09-06T10:16,7,206.50,Online,Completed
d303a69e-ed89-4ef5-9807-830e421996e0,ecf1ffb0-ac00-4968-87ea-8beef4ace55a,2025-05-02T10:16,9,198.00,Online,Completed
f2979236-7d7d-4cf4-964e-9ed44fb38256,050d9901-1cb5-413a-9c31-282028f863c1,2025-04-12T10:16,7,67.48,Online,Pending
33cd27e0-c972-48f8-a996-9989f3ff21a0,65b2c0ea-6192-47fc-9286-2c1dd3ecefb1,2024-11-26T10:16,6,93.72,Cash,Pending
29df1785-9a4a-4bf3-86ab-f99af60eafb3,49af098b-bf79-4643-8e49-739ea932d38b,2025-07-21T10:16,5,125.90,Cash,Completed
1f158860-192a-4703-a79a-0969a81cc256,e119f98a-df63-41dc-8e01-bb49ca2dc724,2024-04-05T10:16,6,41.34,Card,Completed
74c17b4f-3920-429a-b519-a0fe6b2072e8,02c65c06-56ad-4670-b8e2-10ab417c7154,2024-04-20T10:16,2,39.72,Online,Completed
929e1166-2cde-43b7-90b6-7057babfce51,26d032f1-9fe9-487a-987a-a8be14e1db05,2024-07-10T10:16,2,43.58,Cash,Cancelled
6abfe8b5-4392-48dd-9237-df833df95001,ada8704c-2784-4d70-84da-10078407d2c8,2025-02-25T10:16,5,37.50,Cash,Cancelled
c3a7e83e-eacd-4bcf-9bec-74036aa744e7,a190f67b-21df-46bc-8164-46bdfa00af85,2025-04-23T10:16,9,65.88,Card,Cancelled
91ec28b7-5fcc-43c2-bd67-93e73547df1e,10b26c2d-7d56-4175-84a8-a2775e128a9d,2025-07-28T10:16,4,67.84,Card,Completed
d9d83f41-81a5-4c72-b548-ef9a046c55dc,aac35608-9499-49c5-811a-a059e773c968,2024-02-08T10:16,2,38.04,Card,Pending
769201e8-e855-4268-9cc2-06d9706bec20,1eeb9c5f-5b7a-47af-b4f1-5a50d9d1089c,2025-08-09T10:16,8,54.72,Cash,Completed
d782c07d-b412-4c57-b10c-01371f099895,8250871a-2b35-424e-a1a1-4eb4faffabfb,2023-11-25T10:16,8,150.72,Card,Completed
4bb451e2-829d-40e4-b258-d77ef38952cc,3e97fc93-73a7-45e0-9888-f7a03ee258a7,2023-12-28T10:16,6,74.04,Card,Cancelled
df1ee2a3-b95c-4498-9b7a-7590d9d1bc7f,b6c26110-1b77-4777-8c79-c69ec19b66df,2025-03-06T10:16,2,32.92,Cash,Pending
02c1c65d-ec1a-413c-afa0-acd0a507c9ab,d7af10ce-45c9-4fc8-8dd8-b1c5491aad5f,2024-06-02T10:16,3,69.96,Online,Cancelled
5c8b8bb6-e9b4-4fba-9cf8-9e2cf20f3d27,a5ffc907-be77-43e6-8694-4a0bf09bd3fb,2024-01-03T10:16,5,148.20,Card,Cancelled
54f9ef57-bcd6-4bf8-912f-b7131e7d046e,1233cc27-7567-48e0-8dd2-6b0019506c2f,2024-02-27T10:16,5,38.55,Cash,Completed
65e30b5f-2577-407e-a310-cab59dbaa58a,4739f27f-7a96-4d52-83ae-0c6fd4c8c606,2024-04-25T10:16,8,52.96,Cash,Pending
fbf7862b-2e6a-4a37-876a-41fb45396825,f543de06-e341-4de2-95ab-ca0fd3ee51fe,2024-12-03T10:16,1,22.59,Online,Cancelled
b1f74543-689b-43b2-bbb1-a0e3e7509bf2,bb6bf39c-f455-4e08-a59e-1bdaaa91d4aa,2025-10-05T10:16,6,133.08,Online,Cancelled
ec046c2c-fff7-4ff6-b887-e19dca6c4af3,0a570207-0f70-467f-bbeb-44a0a60a9a25,2025-02-20T10:16,4,44.44,Cash,Pending
8a131dc4-2a43-49e4-b464-0fbf0420f4bf,9b9edd1e-b4f7-414c-b8b5-a3dc51fa0a8c,2024-12-03T10:16,7,172.41,Card,Completed
b26a1b9c-194f-41a2-a507-336a9d13d57b,b90a3a7f-421e-47e5-8598-fe50f365a62e,2024-08-28T10:16,7,193.20,Card,Completed
d9a90457-564e-4569-852c-fb4832242867,500fde18-ea61-4380-9ea4-f06d09985870,2024-11-14T10:16,2,49.68,Card,Pending
f150a24e-3100-4ad6-92b6-adf9a0d65c45,26d032f1-9fe9-487a-987a-a8be14e1db05,2025-01-21T10:16,1,21.85,Cash,Cancelled
a9063f6f-31fd-4e4b-9ec3-7a9303b4e156,c1a09d60-c9e8-4489-a68e-e01b51541d33,2024-04-28T10:16,7,180.53,Cash,Completed
4ae2dc09-2037-4802-8d87-f89df239dc6e,2ca088cd-c6c6-4e60-a1a4-d2990ee21b12,2024-02-12T10:16,7,178.64,Card,Pending
0687c32c-c646-4fac-975d-36f40f85e33d,5f0f3def-9ff6-4282-ad04-001c4a769966,2024-01-28T10:16,3,37.17,Online,Pending
d6ae9af8-7179-40a1-87a2-97016a4273f3,10b26c2d-7d56-4175-84a8-a2775e128a9d,2025-03-28T10:16,3,83.01,Cash,Cancelled
56a95c1a-0613-4aa0-bca9-9974080772ef,49af098b-bf79-4643-8e49-739ea932d38b,2024-06-28T10:16,9,180.72,Online,Pending
8a7af59c-813e-485f-ba7c-59f1f2bde061,c0d74d86-5c5b-481d-b8e3-61eeb9c77255,2024-02-09T10:16,3,39.30,Cash,Pending
b11fc28a-272a-4e84-a0e2-6393c093970d,e85d0261-2d97-4475-a749-363ec9040a74,2025-06-27T10:16,3,71.61,Cash,Cancelled
2d0c41e1-b573-4d88-b39b-9fd67b3aead1,68169a66-a8d4-4763-914e-7befc826445b,2023-11-26T10:16,8,45.28,Online,Cancelled
b0c495bc-ab05-4afb-81e8-ad81ea93b129,ba5d9947-b043-4aca-8ee0-6b77895cf8e8,2025-06-21T10:16,1,6.90,Online,Pending
03b976fd-663a-4f62-a79d-57eded3457b8,14eace30-1ac2-411e-8eef-98e8f32a87fb,2025-02-25T10:16,7,85.40,Online,Pending
7ddae468-9873-47dc-906e-c30937ea4cb3,b04ce307-2d1f-4214-b023-d8f4379041a1,2025-07-02T10:16,1,7.23,Cash,Completed
6723048b-2a9b-4c56-8cb9-d5d73fa161fd,ebe19120-496a-47fa-87eb-2440212a3363,2025-05-02T10:16,7,180.32,Cash,Pending
4a37eb68-c918-482f-9f64-1215517ac425,795088d7-d227-422e-ad8c-f048bde0675e,2025-02-02T10:16,8,51.52,Card,Cancelled
d2a308ee-3f9a-446d-9d15-11ce1d93ca95,0df3bae1-6384-4856-aa27-aef9f6c48b75,2025-07-14T10:16,1,28.76,Online,Cancelled
b2aabe45-60b6-46a5-9fcc-7eeb7fb69bb4,11526850-7335-463f-b740-a52a90457c3b,2023-11-21T10:16,9,45.45,Cash,Cancelled
7cd842c5-dbb8-4610-aedd-8d426a93ff1c,bf0de251-90d7-423c-8b31-48df1a89964f,2024-08-27T10:16,5,92.50,Online,Cancelled
367b0f41-1e39-4bfa-8daa-5059b1e72757,0b2a0e9a-e050-4380-b607-57adcbbf59d4,2025-06-21T10:16,8,224.16,Cash,Cancelled
96baaa02-43c7-4f8d-935e-e53445dcd3e4,7a18d550-38d0-40b2-84a7-547162e7e409,2024-07-11T10:16,8,126.96,Online,Cancelled
4eec3ff4-2362-4409-b2cb-2364bac22d3a,8b546c63-5406-493d-bc69-cfb594b38267,2024-02-29T10:16,2,32.36,Card,Pending
0c6079d0-9049-461b-8b1e-817c9cbee631,7d2df59f-386d-4aec-85a8-2443262a0cb4,2024-11-09T10:16,4,108.32,Cash,Pending
66faa8dd-469f-428a-9d33-733bdebd1d78,fdb5454e-2230-489e-ade4-9218ff28cbd8,2024-08-03T10:16,7,192.57,Cash,Pending
192ce79f-7d48-4f90-96cd-898142c68df5,058b9c75-b72f-4594-80d2-e41194ff7672,2024-03-22T10:16,1,6.56,Card,Completed
31ac22a7-5a40-401b-8716-b72a3b4b52fb,0dd437d0-74fa-43c3-8909-5c955e4d47dd,2023-11-15T10:16,4,53.20,Card,Pending
01670dfe-25e4-47e7-861d-5a4bcba1c118,f0a6a958-e434-41bf-a830-dffa55a34db5,2024-05-12T10:16,7,90.93,Cash,Completed
6e2f4eb6-b692-4f5f-a4b5-e2ce7310d9ac,39cb44e2-a541-4b98-bc0b-db5f31cf8710,2024-04-06T10:16,2,48.64,Online,Cancelled
4090f5a6-5e9a-4610-b6d1-436569787176,0a5bd884-b432-4ce5-b14e-44b4aedd4c0f,2025-04-13T10:16,4,90.20,Online,Cancelled
afc43bcc-1270-4cfe-9ab4-20a518e3f7a8,caca465c-e9f2-4add-91b5-24c70595e321,2025-10-07T10:16,4,72.16,Online,Pending
96f185bd-4e20-465d-ac44-1f0398238f9b,d87f31d7-79ef-4c17-856e-142e791b04da,2025-09-05T10:16,4,108.08,Card,Cancelled
1b73b6f4-4370-4cf3-81bf-c91a5d2c0862,050d9901-1cb5-413a-9c31-282028f863c1,2024-07-15T10:16,1,8.49,Cash,Cancelled
dd6e2139-9fba-4ac9-82e5-ada6e3343693,d3f641e5-b8b5-4f5f-9155-7768df2033e8,2024-04-20T10:16,3,19.41,Cash,Completed
f94a7717-75ba-4a09-9588-88ed97e866dd,795088d7-d227-422e-ad8c-f048bde0675e,2025-07-10T10:16,1,9.04,Card,Pending
4d566776-dafa-4b02-8154-c49a3e8c9ffc,885715b6-b1eb-44ca-8460-28c0343e56f3,2025-05-13T10:16,8,94.08,Online,Pending
7bd08f9a-40dd-41df-93b7-be8118e1ced1,3e97fc93-73a7-45e0-9888-f7a03ee258a7,2025-04-27T10:16,9,46.89,Cash,Completed
f6b7b48d-e5e2-41e5-93a3-fd3fb211b2f4,e277d099-db2a-4aee-ab86-8b0e73a34383,2024-11-13T10:16,1,14.99,Card,Completed
068d8d4f-21b0-4df3-aa58-348b61ac317b,5400d214-6176-40bf-88d2-3f53ed38bf69,2024-10-27T10:16,9,160.74,Cash,Pending
653dc132-1af5-4088-837c-34e8059a6eea,ef7fad1f-a86f-4ee1-95b4-ce1f339f0fa5,2024-01-07T10:16,2,16.04,Card,Completed
c1040243-15de-4674-bf39-0aefbc47eb6a,09ba4183-1b94-4f8c-bc5f-eca421a88524,2025-03-19T10:16,6,128.58,Card,Pending
a41cdfb9-c866-41ae-89b9-b1568ab704f8,e7991221-0de0-4ef8-aa9c-ca3b59197059,2024-08-05T10:16,8,59.60,Card,Pending
e5424306-fe94-4e92-9013-ee842b44b84d,910b1d47-5c37-48b1-8bde-96c60660f1d7,2024-04-14T10:16,9,156.87,Card,Completed
6bb09641-e3fb-4c15-abd4-4bedf5acf829,a938df5f-7764-459c-8bfd-90409d16b3c6,2025-06-17T10:16,4,53.28,Online,Pending
da277945-1f27-4a31-a63f-1105b9802b0e,726d71e2-70fd-4416-8568-78619c14a73a,2025-09-19T10:16,3,24.60,Cash,Pending
ab2962b2-b47d-48f8-bc92-e672f1404674,cf65c4b6-4c1c-420b-95de-23e5b56ffad5,2023-11-29T10:16,4,88.16,Cash,Completed
f143b733-a516-4a73-b3c0-fa252fac01bd,3dcaabe3-78c9-4d88-bed5-56ca7ceea07c,2025-06-25T10:16,7,73.57,Card,Pending
eac3fa9f-35f8-4ddd-9f48-6b27c5aca369,d33bbfcd-a2ca-4e80-8a1c-65223f061e7e,2024-04-15T10:16,2,23.88,Cash,Completed
747c3f7e-fd30-4805-a280-a1210f43eb35,6f61ca8e-51a1-48e0-abfa-88326e713e34,2025-01-29T10:16,8,81.36,Card,Completed
e4eccf97-f1bb-4d9b-adbd-0e7889977610,caad7924-4bc5-4f85-9662-11ca261e3c87,2025-02-06T10:16,9,233.82,Card,Pending
91c4b4dd-9c32-41c4-8405-0862850c54b4,9c53f3f8-5b22-4d77-bd76-cfa6c70e443c,2025-09-19T10:16,9,85.59,Cash,Cancelled
9c30a090-73dc-4672-815e-4f3542860234,69446e90-4237-4410-ab55-e011eb04cce0,2025-07-20T10:16,3,16.20,Online,Cancelled
2cf34fa2-58eb-486b-a70d-d2007da13175,c1a09d60-c9e8-4489-a68e-e01b51541d33,2025-01-07T10:16,2,35.38,Card,Cancelled
55481ba6-85cd-4a31-87f3-568a8c1daf60,e85d0261-2d97-4475-a749-363ec9040a74,2024-02-13T10:16,5,81.15,Online,Completed
d51b8a06-a518-4d63-b0c5-38155fc0cb79,aff4340c-d102-49ba-af8e-84d2737ce82c,2024-11-17T10:16,9,217.89,Online,Completed
44e43189-344e-42d9-8607-3bfef64a8c98,824998a2-7592-4051-ab0b-d5e12743c93b,2024-05-07T10:16,9,69.39,Card,Completed
b0afc5bd-ad0f-4de0-8e7a-396152024db4,d5cfb1a3-ce2f-4aff-ab4c-50e0c5426af1,2024-11-26T10:16,4,92.76,Card,Pending
ef323e37-5c59-4273-97d4-83100bf76cdc,05ccd8a5-ea5f-4353-bd1e-3022152b0685,2025-11-09T10:16,4,108.56,Card,Pending
b84ed072-1025-47b4-b666-583edec62ce1,7509850a-5062-4da9-aad6-bc5b9e363ef1,2024-09-06T10:16,2,18.14,Cash,Pending
b61d629b-8a92-4c0a-842c-f44047d3d15c,f3826f04-0dfa-4266-8002-58fede0093f5,2024-09-15T10:16,1,22.37,Card,Pending
e71da896-d7ed-40bf-a8ed-ca30086645fa,1eeb9c5f-5b7a-47af-b4f1-5a50d9d1089c,2024-09-29T10:16,2,19.60,Online,Cancelled
72c75c44-01a6-495d-96c8-0d0615a6207b,983d66ae-c8b0-46b8-8abc-26a1055cf729,2025-03-25T10:16,5,54.75,Online,Cancelled
402717b5-04db-4c4a-91a3-74ac0715c833,ecf1ffb0-ac00-4968-87ea-8beef4ace55a,2025-10-01T10:16,1,28.32,Online,Pending
89136604-87c3-4a4e-8730-46cd1c093b64,4739f27f-7a96-4d52-83ae-0c6fd4c8c606,2024-10-29T10:16,8,99.84,Online,Pending
ebc9d125-b14a-4f3c-a67f-b961a2ac7d4e,1d32c3b3-c732-4995-aa6b-ff159deb3bdf,2025-08-15T10:16,7,81.48,Online,Cancelled
1e83eebf-2f77-44e5-8f0c-9d5c23ffbe86,935ebde1-5945-4673-886e-1a7a12cc2d4e,2024-10-05T10:16,3,23.67,Online,Pending
79740890-0af2-4e5e-b9e9-2c9f1701bd4f,52c87fd9-fdf0-4256-b929-6153ad24a0ac,2024-09-16T10:16,6,58.92,Cash,Pending
36e112d3-ef2a-4820-b793-744c61fdcc6a,65b2c0ea-6192-47fc-9286-2c1dd3ecefb1,2024-12-23T10:16,5,138.40,Online,Cancelled
98924e23-1e81-49a0-b469-894cc05f6190,428424b7-1f94-496a-8b7a-497ce177d32c,2024-12-12T10:16,3,77.94,Cash,Pending
8eacf18c-d99a-4f15-b843-e3a1af3f802d,3ab3404a-ee80-4ed2-8d90-a6f0dad14e48,2023-12-13T10:16,3,29.97,Cash,Cancelled
811a4b89-d23a-400b-80ae-0e927ccf126b,8250871a-2b35-424e-a1a1-4eb4faffabfb,2025-09-23T10:16,2,30.44,Cash,Completed
d4694823-6a81-4e27-a655-ab7fd566b1b0,b90a3a7f-421e-47e5-8598-fe50f365a62e,2025-03-03T10:16,3,68.61,Card,Completed
033c6769-c3c3-4b23-91b3-d88082270b43,428424b7-1f94-496a-8b7a-497ce177d32c,2025-07-29T10:16,7,36.89,Cash,Completed
652b383a-e327-40bf-9ed7-65e6817f9c66,e12c3d24-86c8-474f-b86b-370df36adbfe,2024-03-15T10:16,7,186.97,Online,Completed
9dab6ee2-0797-4c20-bef5-bacb734928e3,0dd437d0-74fa-43c3-8909-5c955e4d47dd,2025-03-30T10:16,1,29.37,Online,Pending
2f9c9119-48d7-43ad-a9ca-b57e7a0cb5a7,b047b369-02d0-4f25-9af0-f1e883228863,2025-05-28T10:16,6,50.40,Online,Cancelled
e1b26b76-3e36-455d-9754-fa8c7434aef6,050d9901-1cb5-413a-9c31-282028f863c1,2025-06-10T10:16,2,56.60,Card,Completed
4a873bfd-4156-42f7-bb89-cfd1dc3629bc,27e45431-1333-4ffd-a0c8-be56ffdc5d4e,2025-04-07T10:16,7,45.15,Online,Completed
ad512ed6-a19b-4f55-882c-9d50b3d922e6,964d337f-acd5-4ca2-8843-9be3f2eb60fc,2025-01-30T10:16,3,20.67,Online,Cancelled
12f065bc-5ce8-4b12-8d18-14956fadcf51,c63bd277-c81c-40c5-8720-6ce916d653c4,2024-03-26T10:16,3,25.44,Card,Cancelled
6135a583-d295-422f-8c57-4346772476bf,0a0ac3e5-6e20-4fbc-87ec-5481c70e38bc,2025-08-18T10:16,2,10.40,Online,Pending
d1fb785c-f25a-40ca-829f-161f844e3a8b,d3f641e5-b8b5-4f5f-9155-7768df2033e8,2024-03-01T10:16,7,202.65,Card,Completed
23de17c1-872d-4ddd-a9eb-49d04b15b2a9,e7991221-0de0-4ef8-aa9c-ca3b59197059,2024-11-06T10:16,6,131.16,Card,Completed
21055eba-18f9-4b35-8c0a-ea571b464926,46032f36-69bc-465a-9b33-a5d560bfd77a,2025-09-09T10:16,9,111.06,Online,Pending
12e2be14-56d4-41c8-8ab2-7c14c88d2430,23650eb4-f98d-45a3-a90b-a378f03d469d,2024-03-29T10:16,7,159.11,Card,Pending
522981fd-32ea-42f3-a020-37359848db87,d5cfb1a3-ce2f-4aff-ab4c-50e0c5426af1,2024-12-29T10:16,9,139.59,Cash,Cancelled
0bfb7f77-f825-40a8-886a-dfa65d9315be,d6d4ef4b-0870-48aa-b884-013237f255f4,2024-12-22T10:16,9,151.83,Card,Pending
4b35cec3-9223-44a4-ba82-21a09e608c6f,941529ef-2114-4bff-907a-4596ff4593a1,2025-04-04T10:16,8,130.24,Online,Pending
8b0d82a1-6e05-4a0f-96df-7684ba49191a,6c3bf618-a715-40f9-9faa-cfc5f5beef2f,2025-10-25T10:16,1,29.68,Card,Completed
bfc08bb1-18eb-47a9-bf3b-89b6fb99b3b4,b047b369-02d0-4f25-9af0-f1e883228863,2024-12-23T10:16,5,115.85,Online,Pending
0e68653c-ecba-4250-b53b-91e3a3cabe44,e119f98a-df63-41dc-8e01-bb49ca2dc724,2025-03-04T10:16,7,125.58,Card,Completed
68b1f1b5-1364-40c3-939d-5abf2600cbb0,e119f98a-df63-41dc-8e01-bb49ca2dc724,2024-11-30T10:16,4,50.12,Online,Pending
1dac612f-ef05-42c9-9341-0880e65b83f9,25659c0e-6eb5-4c57-add8-fb6ac5f42699,2024-07-23T10:16,2,58.96,Cash,Completed
7e56f01d-bce9-44e8-ab33-9d4b11bfbdad,d5cfb1a3-ce2f-4aff-ab4c-50e0c5426af1,2023-12-04T10:16,5,28.60,Card,Completed
333f206e-cdeb-4054-af31-82e152b8809d,56a75a3e-a944-4147-8cba-f1024726993f,2025-01-02T10:16,4,75.76,Online,Cancelled
2011aeca-2ab5-475b-8d78-21960b1371f9,63846b60-b7be-4087-ac6e-56c9bc130a20,2024-07-09T10:16,2,57.94,Online,Pending
8c956946-3f75-4ab8-96cd-374a258661f9,fe624323-ba72-456d-9842-ed9e0edc75df,2025-11-10T10:16,7,124.60,Online,Completed
a28911d1-0953-404a-b45a-cbc896b702ac,25659c0e-6eb5-4c57-add8-fb6ac5f42699,2024-03-16T10:16,8,197.68,Cash,Pending
706102bd-66ff-4c06-a8fc-af2027fea175,fe624323-ba72-456d-9842-ed9e0edc75df,2024-01-03T10:16,5,52.80,Cash,Cancelled
c0f15926-c2c5-4ed1-b231-1f072b94ef1e,80537cf2-360f-4740-8b7e-d4cd56e22987,2025-03-08T10:16,4,101.84,Cash,Pending
4fe93afb-565b-4b53-857d-4616ba0c0820,aac35608-9499-49c5-811a-a059e773c968,2025-07-27T10:16,6,30.24,Online,Cancelled
48042059-a5ad-42d5-b5e7-e53b241b02b0,0b2a0e9a-e050-4380-b607-57adcbbf59d4,2024-11-27T10:16,3,50.49,Online,Pending
9b910432-d43a-4be3-8f76-914f54ce123e,4b14a58c-f1e4-40b6-888d-a88cd7055099,2025-05-11T10:16,6,51.12,Card,Cancelled
d2e098d4-35d9-4aae-9806-5fbf64a2c367,25659c0e-6eb5-4c57-add8-fb6ac5f42699,2024-01-26T10:16,2,29.58,Online,Pending
ba16294c-263c-4531-bd5b-9052a5e8520f,6117b6f0-c4f4-4bf1-9eeb-f33950decba8,2024-01-22T10:16,3,31.20,Card,Pending
72a0291e-eb3b-401e-bb16-03983c53daee,d7af10ce-45c9-4fc8-8dd8-b1c5491aad5f,2025-09-07T10:16,1,24.33,Cash,Pending
fdb94bec-6b0d-45be-ba05-2c1d2412df44,6c6a3b10-9747-4dca-a041-4edc22d147b0,2025-09-19T10:16,9,60.12,Card,Completed
6257c8ef-e3f3-4ae8-912b-22eb2b8ae24d,0b2a0e9a-e050-4380-b607-57adcbbf59d4,2025-05-20T10:16,6,76.14,Online,Completed
e970f2af-3742-4791-901b-8edad2304367,c9dcc28a-ae5f-477c-ae7e-72d94129f449,2025-02-14T10:16,6,30.66,Cash,Completed
8a328759-9b86-45f5-a317-9b914cdfd6a5,52f5634d-de98-4543-8a1e-cbf1e2d0242f,2025-08-24T10:16,2,36.74,Cash,Pending
77d7e544-f227-4faa-b48e-c757ea2bc110,25659c0e-6eb5-4c57-add8-fb6ac5f42699,2024-03-06T10:16,8,144.32,Card,Completed
b6eeee38-4439-4245-83e2-859038b1685f,3910ab11-8758-4a4f-8a9b-c4f5df7413c4,2025-07-01T10:16,1,24.60,Card,Pending
aecb6b0a-0dc3-4006-ae27-3087a89b611d,e886c155-0dae-4b36-88f5-a86fa474d1f6,2024-05-26T10:16,5,65.95,Card,Cancelled
bfb094e6-ecf0-48bf-9103-1efae62eb4c5,103fcba5-5588-45a5-9fe0-6ac948d3860e,2025-02-04T10:16,8,96.16,Cash,Pending
34b6b2de-427a-463c-8e1b-ac4d31983cfd,6b1178fc-1745-401d-88da-3903c243ebe9,2025-06-14T10:16,6,117.42,Card,Completed
3fefff3d-8db1-4d0e-9b3e-1ea52bc1b0b8,53db1213-7316-47bb-9099-c1def0e3c96b,2024-02-04T10:16,1,10.13,Card,Pending
2654e031-741d-496a-bca5-66b2b812a9d1,56a75a3e-a944-4147-8cba-f1024726993f,2024-05-15T10:16,7,146.44,Online,Pending
57702076-780f-478b-a2e0-18fa3730ef91,8113211c-bdc3-4bb0-94d9-3fd3871f3005,2025-09-06T10:16,6,134.34,Cash,Completed
96e52ca7-12ea-42be-a9b0-b08f387d8421,a302a1a8-c429-406f-abff-9f273aa0a4b5,2024-12-26T10:16,6,72.54,Online,Completed
c0fd0d2d-ace8-4f5e-b79b-01f634fa8461,5f6e51da-5f01-4c9a-85dd-7d50ef37e5d7,2025-04-22T10:16,9,86.31,Card,Cancelled
a51541df-e0b3-4df8-b885-31a3c2ac7c05,52f5634d-de98-4543-8a1e-cbf1e2d0242f,2025-03-13T10:16,5,144.85,Online,Cancelled
a70401d9-4766-4972-91dc-d364aa831602,b90a3a7f-421e-47e5-8598-fe50f365a62e,2024-09-16T10:16,4,54.16,Card,Completed
62eb4b08-1a95-4787-9041-c7e5cfc10d4d,49af098b-bf79-4643-8e49-739ea932d38b,2025-09-14T10:16,8,59.68,Cash,Cancelled
2bfee1a4-e48f-4825-8fb6-e9ede91afb43,000f9c8f-2fc7-4346-844d-c04f10751265,2025-04-24T10:16,1,6.01,Card,Pending
8047d506-2235-48a7-9718-738439385930,f543de06-e341-4de2-95ab-ca0fd3ee51fe,2024-06-04T10:16,4,90.92,Cash,Cancelled
bd6ad9f1-6d00-4cea-a5c9-15f86821be66,7d2df59f-386d-4aec-85a8-2443262a0cb4,2024-07-26T10:16,6,95.40,Online,Completed
5765b7ab-1ce0-4ae9-9727-bb979699a36b,d5cfb1a3-ce2f-4aff-ab4c-50e0c5426af1,2025-01-08T10:16,1,17.97,Card,Completed
e5e8ba9d-7419-4670-bbee-fc11dd42b6ae,0130fcd4-a6cf-4a72-8400-7bcae1abce34,2024-09-05T10:16,6,150.00,Card,Cancelled
64407091-7aba-426b-927e-1b268e4d9c40,59827b2a-ae17-44b1-bd6f-6f08718559cb,2025-04-11T10:16,2,46.94,Card,Completed
336a76fa-1882-4a69-8d82-e3ebba0f6803,0e0d5f13-edd5-4ab0-9ddd-3df111bedc5a,2024-11-29T10:16,4,21.04,Online,Completed
53cc1759-61c9-4ed9-8934-502c49114449,73a2b03c-2dca-486e-8ebc-c4d6bb68a8c6,2024-08-21T10:16,1,23.73,Cash,Cancelled
7ecf1425-345c-4f1c-be55-d66c295d1539,bc58b12c-65c4-4f21-89ef-3e492a22ef7c,2025-03-02T10:16,7,187.88,Online,Cancelled
63de16d5-9e23-4615-a306-f3052d96a532,cb8747c7-32ca-4b6b-868d-13ab01d953ec,2024-07-31T10:16,2,10.08,Card,Cancelled
88180389-566c-4217-8121-8c62b77d26b4,4bb2d776-14c0-4ef6-b8ba-c580cbed72b8,2025-06-05T10:16,9,215.37,Online,Pending
73963fd4-172c-4908-a625-c6f917e948d7,09ba4183-1b94-4f8c-bc5f-eca421a88524,2025-02-01T10:16,3,49.29,Cash,Completed
97270bde-5b0d-4dee-af10-53eaa61f0e16,46032f36-69bc-465a-9b33-a5d560bfd77a,2023-11-30T10:16,2,51.70,Card,Pending
f0005e4b-4ce9-49f0-848f-86a62e90b01f,f543de06-e341-4de2-95ab-ca0fd3ee51fe,2024-01-21T10:16,1,13.57,Online,Pending
9ead0234-7599-444d-8b02-24c7dd588467,0e0d5f13-edd5-4ab0-9ddd-3df111bedc5a,2024-06-18T10:16,6,68.46,Card,Pending
b1976cc1-6f56-4b80-9ccf-a1dbb17c7e4d,46032f36-69bc-465a-9b33-a5d560bfd77a,2025-05-29T10:16,8,237.84,Online,Completed
e698f2d0-ddad-435d-b097-54b9d87a2b94,7d2df59f-386d-4aec-85a8-2443262a0cb4,2024-12-18T10:16,8,125.76,Online,Completed
f6186d2f-a693-48f3-b133-918befa79717,205ea7f7-e714-45b8-a083-11247ff702a1,2024-05-28T10:16,4,85.96,Cash,Pending
72478b29-ce78-4b0c-ae38-8915a1d39a4c,935ebde1-5945-4673-886e-1a7a12cc2d4e,2024-04-26T10:16,7,187.53,Card,Completed
bbcca0bf-f029-4749-acdc-c7f0bc4451c4,964d337f-acd5-4ca2-8843-9be3f2eb60fc,2024-03-14T10:16,7,189.35,Cash,Completed
72a918d8-8b18-4465-afdf-15a27aaa7b8d,62a2bfef-ca4a-4dec-90ea-bf15ea1880d2,2024-08-15T10:16,5,132.70,Online,Completed
74cfb3d5-d2d4-4552-be12-b73df457db4b,ada8704c-2784-4d70-84da-10078407d2c8,2024-01-27T10:16,5,56.40,Cash,Completed
051c3f8b-7c4f-4cc0-8b68-f3dab8bb6a9d,52f5634d-de98-4543-8a1e-cbf1e2d0242f,2025-09-03T10:16,1,6.88,Card,Cancelled
3ef9de09-a7b2-4400-938e-da08b613e042,e6e1db85-f8ba-4264-9c9a-520ecda4bc4c,2025-08-01T10:16,5,49.95,Card,Cancelled
994abdb8-bfa3-41bc-919a-5effe4bf0151,8250871a-2b35-424e-a1a1-4eb4faffabfb,2025-04-25T10:16,2,47.78,Online,Pending
5cc6f59b-f44c-42c8-bba8-093ba956976f,f543de06-e341-4de2-95ab-ca0fd3ee51fe,2025-09-28T10:16,1,25.22,Card,Cancelled
b0ca8d60-e669-4c4e-81f6-46e25cb2a938,500fde18-ea61-4380-9ea4-f06d09985870,2025-05-18T10:16,9,104.94,Online,Completed
c60737ca-91b7-4938-972b-97c4a1c372b0,80537cf2-360f-4740-8b7e-d4cd56e22987,2024-11-07T10:16,1,21.56,Card,Cancelled
3b1e5a87-1909-4a00-b2c0-c7af40757ded,f067e21d-d1d4-4e87-9cae-9753f5f9ccb6,2025-08-19T10:16,8,80.40,Card,Cancelled
946a9c68-ef4c-4b42-b0dd-d66e4104163d,ceafdb2a-788d-48e0-acdd-bd533a2e7ab6,2025-01-31T10:16,1,23.58,Cash,Cancelled
3fe9e1df-daa7-4be1-8d55-55a2a980823f,485b65e7-fdf4-474d-afba-37986d8d3cd8,2025-01-13T10:16,1,22.99,Cash,Cancelled
7cf80ae4-e9f0-4104-8297-cbad399b2503,f067e21d-d1d4-4e87-9cae-9753f5f9ccb6,2024-02-24T10:16,1,20.67,Cash,Completed
b2bef82a-91e3-4c5d-b4b6-4214df951ea3,69446e90-4237-4410-ab55-e011eb04cce0,2025-03-04T10:16,3,30.69,Online,Cancelled
75f6153e-16fb-41c5-8d0e-b2572a39b944,6bd388d4-5636-450b-bacd-55bdcb769bab,2024-05-03T10:16,6,97.32,Card,Cancelled
3b9c4abd-164f-404f-9d3b-3d3350675921,ebbc7df0-770d-44f8-b0ff-c62f9006e40e,2023-12-26T10:16,9,112.05,Card,Cancelled
ae14ff73-c443-4ff0-8acf-a813aa2e9056,6aaabc79-3d35-410f-bb96-f86a3930d0ff,2024-08-11T10:16,2,25.06,Cash,Cancelled
e0ddc6d0-e4ab-4653-912f-29a5f3db5213,5400d214-6176-40bf-88d2-3f53ed38bf69,2024-09-22T10:16,6,69.96,Cash,Completed
4f04a560-03ec-4c00-bb3a-58a2f64aa0c0,515fe1d2-d33a-4b9d-8c19-07e0cbe81a9a,2024-05-24T10:16,3,59.49,Cash,Cancelled
1e251d97-49df-46c5-b1c1-cd08474c7435,4717d2a3-4b2a-44f1-b960-a2b73e2d23fd,2025-04-27T10:16,9,78.84,Card,Cancelled
adad5a07-d8c0-40e9-ae5d-e3ae45d5fe8d,7169ef0c-f2c8-4ae3-83f6-87691664d2d2,2025-02-16T10:16,8,161.28,Online,Cancelled
44ef8426-e76e-4932-994b-0796910e0ab4,74e76582-f1b8-4560-b049-8aebb59d4721,2025-07-14T10:16,9,255.24,Card,Cancelled
45c5de06-b40b-44b0-a2d4-9e5dbaa37490,00d7ae70-0f46-4453-963c-4ab2a3d29314,2025-04-08T10:16,8,138.00,Card,Cancelled
472bce6e-1149-4bd4-9cde-3cd9c6d38ef3,b6c26110-1b77-4777-8c79-c69ec19b66df,2024-02-03T10:16,2,17.56,Card,Completed
bf6dd60a-3902-43df-952d-2338f43b6254,ada8704c-2784-4d70-84da-10078407d2c8,2025-02-11T10:16,6,112.20,Online,Cancelled
ef012fc5-5c83-4911-87be-a1cd1ff63eb1,06e585f0-5b60-4900-81d1-3379328e6c17,2025-01-30T10:16,7,102.41,Card,Cancelled
2de9c837-fc9d-4c56-9508-fe20f56cf9d5,a190f67b-21df-46bc-8164-46bdfa00af85,2024-10-15T10:16,9,110.52,Cash,Pending
13d27885-2670-4a40-953d-61c455741e8f,c83bba2f-5229-4998-9566-1f3179b13e8a,2025-06-04T10:16,8,82.56,Cash,Completed
3545ab34-3c96-494b-99cb-7c3f46111f16,4e6807ca-aed8-4ec9-b1b0-0e3aba57efb1,2024-10-09T10:16,8,212.40,Cash,Completed
915cdbb3-f1c6-45d5-ad34-a0605a9ff553,209e786b-2a61-4e52-a3b2-1cc98bcbf18c,2024-12-03T10:16,6,166.50,Cash,Cancelled
188f85c0-84c6-4453-ba9d-a18dd61abe59,3dcaabe3-78c9-4d88-bed5-56ca7ceea07c,2025-05-29T10:16,5,138.45,Online,Pending
12dbdc05-47b0-4b5a-83bf-10b80080d80e,63846b60-b7be-4087-ac6e-56c9bc130a20,2024-03-15T10:16,5,76.40,Cash,Completed
87f1a112-616f-4987-8f4f-999f6a02fc67,0fcf4084-ea31-49f8-99f9-9bf8c8b0c16b,2025-02-14T10:16,7,187.53,Card,Pending
3bdc73d8-54d7-4925-b2f5-187eac3d36b0,2ca088cd-c6c6-4e60-a1a4-d2990ee21b12,2025-04-15T10:16,6,46.38,Card,Pending
5a374e93-e3cc-49f4-b940-6ef317b66eef,8e1bbe6c-7b75-46dc-8ca1-0b1664cd6ae4,2024-06-15T10:16,8,194.96,Online,Completed
e9f6741f-9bb9-483c-9a32-be0e9c443261,ada8704c-2784-4d70-84da-10078407d2c8,2024-10-21T10:16,3,66.99,Cash,Cancelled
4f1d41a8-3b5b-489e-a66f-3e5278a4aefe,1407e9cf-22c9-4137-a2fe-cc12dc038235,2025-05-23T10:16,9,176.49,Cash,Pending
a789210e-96d3-44eb-b0fc-673143017087,23650eb4-f98d-45a3-a90b-a378f03d469d,2023-12-14T10:16,3,88.35,Cash,Pending
f0da41cb-16f8-4b86-a242-622c15f16bd7,a5ffc907-be77-43e6-8694-4a0bf09bd3fb,2025-01-07T10:16,9,152.10,Cash,Pending
655018f6-b10e-4a66-95eb-59f3ced6930f,3e97fc93-73a7-45e0-9888-f7a03ee258a7,2024-02-29T10:16,4,79.72,Card,Cancelled
dc0136e2-1243-4234-8c97-cae404b29e6d,4739f27f-7a96-4d52-83ae-0c6fd4c8c606,2024-02-18T10:16,1,28.29,Online,Pending
fe07e23e-8229-434e-b457-1046bf4ff427,69446e90-4237-4410-ab55-e011eb04cce0,2025-07-21T10:16,1,15.71,Online,Pending
50ad1cd3-9de1-4498-ad01-9e4c8c82c14f,25659c0e-6eb5-4c57-add8-fb6ac5f42699,2025-03-14T10:16,1,22.02,Card,Cancelled
4028c3e7-5be5-4da1-82ce-0d0463de0311,56a75a3e-a944-4147-8cba-f1024726993f,2025-02-02T10:16,7,77.84,Online,Completed
90482a1e-44b7-4221-95da-fa55035461c0,910b1d47-5c37-48b1-8bde-96c60660f1d7,2024-07-29T10:16,2,10.40,Online,Completed
9f3f7cf6-760d-43bf-b48b-5499904c6172,bc58b12c-65c4-4f21-89ef-3e492a22ef7c,2024-08-02T10:16,8,52.16,Online,Pending
5a17980d-c6e4-468a-a1fa-9af53af2b5e1,cf65c4b6-4c1c-420b-95de-23e5b56ffad5,2024-12-25T10:16,4,55.68,Card,Completed
1725090e-c3cd-4164-b19e-41eeb0a598aa,726d71e2-70fd-4416-8568-78619c14a73a,2024-08-13T10:16,5,132.00,Online,Pending
e9768b6b-1b27-410c-80a5-d5c550654d1b,e886c155-0dae-4b36-88f5-a86fa474d1f6,2024-05-01T10:16,6,47.94,Cash,Cancelled
6e23329d-9934-4e00-a82c-cf9bed78a902,7c991f43-c18b-4404-8826-97691b0dc00c,2024-03-26T10:16,5,121.25,Card,Pending
2d1ece23-b8f8-47af-9019-14f8be0fd542,caca465c-e9f2-4add-91b5-24c70595e321,2025-11-01T10:16,4,119.72,Cash,Cancelled
d90f650c-3366-4ec2-9037-cb9ff4c50678,c83bba2f-5229-4998-9566-1f3179b13e8a,2023-11-14T10:16,3,34.50,Online,Pending
83f5166c-b7e4-4639-8a09-4fae92182c78,c9dcc28a-ae5f-477c-ae7e-72d94129f449,2025-06-08T10:16,9,113.94,Card,Completed
e3c31e67-d6ad-4d41-9f40-906e6bdd24fd,4bb2d776-14c0-4ef6-b8ba-c580cbed72b8,2025-09-30T10:16,3,21.48,Cash,Cancelled
407855b8-a3d5-4d2d-8f95-ffd0880bd752,c3ffc43c-0c11-40fa-9824-f234161741d0,2024-03-08T10:16,4,117.40,Online,Completed
3e0c85ca-ea54-4862-ae31-8e21c9d45d62,7a2e5fa5-096b-4701-8ce6-7a3db39bf8eb,2025-11-02T10:16,7,133.98,Cash,Pending
08497d8f-8cee-4097-a105-5ce4a68fbc43,c3ffc43c-0c11-40fa-9824-f234161741d0,2025-09-10T10:16,7,170.03,Card,Cancelled
c0ff5725-dccc-40d0-9885-d03b4017e908,c3ffc43c-0c11-40fa-9824-f234161741d0,2024-10-29T10:16,3,18.33,Cash,Cancelled
45cbc2df-8d9b-4cd0-afaf-ac99f6215907,6945f6f4-b8f9-4d04-90ff-e59ed705578e,2024-01-31T10:16,2,44.60,Card,Cancelled
bf249a50-94d2-4195-a2ac-313ac032ed17,f0a6a958-e434-41bf-a830-dffa55a34db5,2025-06-23T10:16,4,24.24,Card,Pending
9ca3298a-4651-4d00-8081-dd14f4279514,b04ce307-2d1f-4214-b023-d8f4379041a1,2025-08-30T10:16,9,233.91,Cash,Pending
93bf4271-bfb2-4618-806f-c51b4a5d4335,98b17fed-218c-4f20-8410-9f0edfc74455,2024-02-12T10:16,3,80.22,Online,Completed
c552841d-4abe-417a-bf6b-1974042e29cd,103fcba5-5588-45a5-9fe0-6ac948d3860e,2024-08-07T10:16,1,8.06,Online,Cancelled
e82868ee-dd25-4604-8b67-db606cc3351b,b95f7619-fab2-4df9-8683-1f2aeb93a660,2024-11-28T10:16,8,214.16,Cash,Pending
d2f5a878-cf53-4608-9257-c5c5950813b2,d33bbfcd-a2ca-4e80-8a1c-65223f061e7e,2025-06-15T10:16,2,48.54,Online,Cancelled
b7209e84-018e-47ff-8467-7f4cc6ff05d2,63846b60-b7be-4087-ac6e-56c9bc130a20,2025-10-14T10:16,7,95.90,Online,Completed
7df24330-5e08-4cb8-87a2-f1f652ceaf17,e6e1db85-f8ba-4264-9c9a-520ecda4bc4c,2024-01-25T10:16,5,82.25,Cash,Cancelled
b69c45ce-ecb5-452b-8f8f-0414dffa822d,885715b6-b1eb-44ca-8460-28c0343e56f3,2024-06-01T10:16,5,44.05,Cash,Pending
0384dd22-5a20-4661-8296-f1732b4be70c,10b26c2d-7d56-4175-84a8-a2775e128a9d,2024-05-06T10:16,6,38.82,Online,Cancelled
c3eeb636-5ad2-401e-9870-91ab6dcdf1e8,d33bbfcd-a2ca-4e80-8a1c-65223f061e7e,2024-12-04T10:16,4,62.32,Cash,Pending
e53ff92d-c42d-4790-b7c3-8d728ef24b1d,000f9c8f-2fc7-4346-844d-c04f10751265,2025-05-06T10:16,2,14.60,Card,Completed
223a743e-8d42-4d79-bcb5-74bf304561da,6aaabc79-3d35-410f-bb96-f86a3930d0ff,2024-04-24T10:16,2,18.52,Cash,Pending
2d07afb6-b7ee-4f7b-a030-98205bcac893,4717d2a3-4b2a-44f1-b960-a2b73e2d23fd,2025-07-04T10:16,9,266.31,Cash,Pending
d7acb6cb-55f0-440c-ac6b-0efe3c58f871,1eeb9c5f-5b7a-47af-b4f1-5a50d9d1089c,2024-12-24T10:16,3,35.73,Online,Cancelled
ab96a7c6-1581-4a46-980f-0bb2fb133f95,f90cf3ca-e2d0-4129-bc7a-e8a2b80880da,2025-10-21T10:16,8,60.00,Card,Pending
8b5bf7aa-ddaa-4990-8445-c36050c07b5b,8f7f530b-bb30-4a05-b437-744ed30af54f,2024-06-10T10:16,4,71.84,Cash,Completed
f1dbcc42-d88a-48dc-8201-1f5d90f647a0,c46351bf-193f-49af-a5d6-456188837c3d,2024-12-30T10:16,1,24.71,Online,Pending
3ba73c6f-6f07-4ee8-9f9d-ec84107c1e9c,f90cf3ca-e2d0-4129-bc7a-e8a2b80880da,2025-08-02T10:16,2,53.40,Online,Cancelled
21a9411a-81f0-4b9e-9acc-dde0048e146a,c5817fdc-a4dc-4879-b957-30cfda62016b,2025-09-13T10:16,5,124.70,Card,Cancelled
33e64f41-97fc-4830-b727-31dcb6ebc7d7,e7991221-0de0-4ef8-aa9c-ca3b59197059,2025-06-26T10:16,7,84.07,Cash,Completed
1ce6ef4f-1c59-48db-9c1e-85906fdbb95a,f0a6a958-e434-41bf-a830-dffa55a34db5,2024-10-04T10:16,6,70.92,Card,Completed
7dd83013-c589-487e-a327-6d63cbc34437,b047b369-02d0-4f25-9af0-f1e883228863,2024-09-04T10:16,3,22.23,Card,Completed
5c3f3ba8-7c5b-443c-b257-0dda9ec7704e,365c90d0-a590-4209-9401-2ce55af5ed98,2025-03-08T10:16,3,40.50,Card,Completed
aa92327b-4f5b-4efd-968b-0ed25ba82b1d,b014b56e-3263-4b63-8430-46e00bc5ea77,2024-05-29T10:16,8,211.60,Online,Pending
e567887d-0430-49bb-9379-06faabeb453a,7a2e5fa5-096b-4701-8ce6-7a3db39bf8eb,2024-04-28T10:16,4,26.16,Cash,Cancelled
0a5b2e91-35e1-451a-bd74-35e2d22b0380,7a2e5fa5-096b-4701-8ce6-7a3db39bf8eb,2024-04-11T10:16,6,68.40,Card,Cancelled
495c318a-0270-47b3-a6ae-f72d1b2811f0,485b65e7-fdf4-474d-afba-37986d8d3cd8,2025-08-03T10:16,8,124.32,Cash,Completed
b1dafd25-d61a-4b41-89b2-a6e856b7a689,0a570207-0f70-467f-bbeb-44a0a60a9a25,2024-08-24T10:16,9,144.63,Cash,Completed
08f46a77-3c72-40b9-908d-2154eb565d05,53db1213-7316-47bb-9099-c1def0e3c96b,2024-12-26T10:16,9,210.78,Cash,Completed
0052adf2-ea34-4cc2-a080-f505ad69b242,62a2bfef-ca4a-4dec-90ea-bf15ea1880d2,2025-10-05T10:16,3,36.21,Online,Cancelled
de9e61f7-8019-4943-a545-193f9a206aaa,0a15d43b-8f6b-444a-bef2-ffbddfdbd16f,2025-01-04T10:16,5,135.35,Cash,Completed
254e4a51-57ff-43ef-b915-9373ce88c685,2a109685-1399-4149-8951-fba29bb0360d,2024-02-20T10:16,5,39.15,Cash,Cancelled
c6ab0a57-447b-4392-85ac-e0e537fdcb82,c1a09d60-c9e8-4489-a68e-e01b51541d33,2024-11-13T10:16,7,84.07,Online,Completed
00396079-f58a-4c8f-bbd8-b67ff933b585,d3f641e5-b8b5-4f5f-9155-7768df2033e8,2025-05-09T10:16,1,11.54,Cash,Cancelled
97882845-f7db-4716-b24a-8fd6e3e5d4ff,39cb44e2-a541-4b98-bc0b-db5f31cf8710,2023-11-27T10:16,5,147.70,Card,Pending
b6bd0dd2-9ece-4e3b-984b-91693506f2d2,67c276b0-7be6-4f3c-bf86-c342095c8112,2024-02-23T10:16,3,50.70,Card,Cancelled
9bf7260c-cb87-4930-aff9-41c4154a1a59,8626238e-5813-415a-9a8c-db944b1e0269,2025-06-23T10:16,3,40.02,Card,Completed
08fa71a6-0693-4457-8f05-e65608bd92c3,9b9edd1e-b4f7-414c-b8b5-a3dc51fa0a8c,2023-11-23T10:16,9,83.70,Cash,Cancelled
f8dc754c-9990-4bc1-9406-e3ca16943dc3,56a75a3e-a944-4147-8cba-f1024726993f,2024-08-30T10:16,3,54.99,Cash,Completed
c4209a10-0a4c-4341-8632-a1363d88c1de,d7af10ce-45c9-4fc8-8dd8-b1c5491aad5f,2025-04-27T10:16,1,29.95,Cash,Cancelled
97dbd84d-c937-4a11-be15-0bab51226d63,f0a6a958-e434-41bf-a830-dffa55a34db5,2025-06-07T10:16,1,8.17,Cash,Pending
4a3b56e6-2355-4803-9f25-7f1e272ab5a3,77ca464a-fe0d-4dcc-8f08-3eb2f7b64f76,2023-12-22T10:16,1,24.32,Card,Cancelled
409eacbf-5b56-469e-82e3-83ba16c17d2a,aac35608-9499-49c5-811a-a059e773c968,2024-09-23T10:16,9,141.48,Online,Pending
94c3673e-3b16-45ad-a42c-f190abb16b14,00d7ae70-0f46-4453-963c-4ab2a3d29314,2025-01-31T10:16,8,91.60,Online,Completed
1b91137a-8668-4678-a39e-0126ee265469,bb6bf39c-f455-4e08-a59e-1bdaaa91d4aa,2024-03-27T10:16,8,62.16,Cash,Cancelled
fcc30822-3db2-43ca-a475-e6e5a3c64b01,e886c155-0dae-4b36-88f5-a86fa474d1f6,2025-08-01T10:16,8,177.44,Card,Pending
8cd7f8f5-d496-43de-abe7-6afe52be5105,6c3bf618-a715-40f9-9faa-cfc5f5beef2f,2025-08-17T10:16,3,82.65,Cash,Cancelled
a7e240e8-4e4d-4bbe-a0d9-819ff625c2bf,515fe1d2-d33a-4b9d-8c19-07e0cbe81a9a,2025-05-08T10:16,9,121.77,Online,Cancelled
84d37be3-1050-479d-874c-3c609901da63,b03f75c1-655f-4480-a2bf-1a0af806e96e,2025-05-23T10:16,5,77.65,Cash,Cancelled
5bb05b4c-4a10-42b8-8efa-bb5c18473643,515fe1d2-d33a-4b9d-8c19-07e0cbe81a9a,2025-04-16T10:16,4,119.44,Card,Completed
841cb28c-0828-451e-9200-cf134301a6f4,c63bd277-c81c-40c5-8720-6ce916d653c4,2024-01-07T10:16,8,135.52,Online,Completed
f14d4019-6e3d-43d0-9b2e-28bbea893897,0a5bd884-b432-4ce5-b14e-44b4aedd4c0f,2024-01-30T10:16,5,61.90,Cash,Pending
83a1c781-c115-41e1-b348-fa1930d378bb,983d66ae-c8b0-46b8-8abc-26a1055cf729,2024-11-13T10:16,3,88.92,Cash,Cancelled
5e2a24e9-ecae-4409-90d6-68efb19c92ff,b0d737cd-ec4b-4a88-aa81-d012ef3fb719,2024-05-21T10:16,9,101.70,Online,Pending
a4d4b669-9cb4-4d97-ace4-0d23f9d4ed3c,5eb75bc0-d5fa-4209-9d42-7767f3f0585b,2025-04-15T10:16,7,188.51,Card,Completed
fbd1f226-a200-421c-9046-aa66c917372a,14eace30-1ac2-411e-8eef-98e8f32a87fb,2025-06-02T10:16,9,213.66,Cash,Cancelled
5290b331-f81a-4a4b-a325-a2f8ee857bab,0dd437d0-74fa-43c3-8909-5c955e4d47dd,2024-03-13T10:16,4,118.08,Cash,Pending
7abe3943-a091-443c-9f22-3bc58f3c4921,b04ce307-2d1f-4214-b023-d8f4379041a1,2025-04-03T10:16,9,202.32,Online,Pending
6a1e2f19-ca11-49bf-a53a-e023ec7563b4,0a5a9fc7-e126-48f0-99aa-dea85c606f66,2024-03-07T10:16,6,69.36,Online,Completed
b0b85fd6-81de-415f-95a2-f75132e8547d,ec3490d2-e8da-47ee-ae12-0ca0b1d7a2bb,2024-04-12T10:16,2,32.70,Cash,Completed
3ea1180d-14ca-4166-903c-a44dbfe78cbd,ba5d9947-b043-4aca-8ee0-6b77895cf8e8,2025-04-14T10:16,7,80.01,Online,Pending
2ce45f0f-c408-4d35-b8c7-c0f42177b613,f0a6a958-e434-41bf-a830-dffa55a34db5,2025-08-27T10:16,5,46.05,Online,Cancelled
21badbb5-a92f-4b48-8bf6-638f59888a75,23650eb4-f98d-45a3-a90b-a378f03d469d,2025-10-10T10:16,2,33.50,Card,Completed
df642425-9157-40e8-8429-28223fb136d9,824998a2-7592-4051-ab0b-d5e12743c93b,2024-04-28T10:16,4,33.92,Online,Pending
66de9faa-9ae5-4214-98bd-0e2d48061a54,1d32c3b3-c732-4995-aa6b-ff159deb3bdf,2024-05-05T10:16,8,134.80,Online,Cancelled
51344cc2-9162-414c-944c-04ee4d05025b,000f9c8f-2fc7-4346-844d-c04f10751265,2025-04-01T10:16,6,144.06,Card,Cancelled
fe709ef4-1fb3-4fa0-879f-643617144214,4bb2d776-14c0-4ef6-b8ba-c580cbed72b8,2024-05-23T10:16,3,28.08,Online,Completed
ca16ad3a-a39d-477c-a074-068ecef8de36,89d26a00-0fde-4c03-8430-b06f6bc3f33a,2025-06-03T10:16,7,200.90,Online,Pending
032938b3-3af3-4a3a-b3e0-ac4d854fa8b2,6e551d53-4f6d-4b84-a9de-3d7c79694805,2024-12-30T10:16,2,57.02,Card,Completed
126e8b29-83e2-4f7f-8da2-a3d1ffe32710,23650eb4-f98d-45a3-a90b-a378f03d469d,2025-05-20T10:16,7,180.25,Cash,Completed
5feaa655-9905-40f4-a3b5-bb70fadfe56e,0d463f72-c3a1-4a2b-8d0d-1721a0d1a06b,2023-11-28T10:16,9,263.34,Cash,Cancelled
8376e83f-1534-4087-8409-3cf7b5a63dd5,06e585f0-5b60-4900-81d1-3379328e6c17,2024-09-07T10:16,3,86.52,Cash,Cancelled
7f38a59a-3d9c-40b3-ab66-cc3d8980bc15,5f0f3def-9ff6-4282-ad04-001c4a769966,2023-11-21T10:16,3,39.18,Cash,Pending
f5eba92e-beaf-4887-99d2-57435aed8857,500fde18-ea61-4380-9ea4-f06d09985870,2023-11-30T10:16,7,49.56,Online,Cancelled
78032dc6-ce0f-48a4-88ae-4083fcb0f842,0dd437d0-74fa-43c3-8909-5c955e4d47dd,2024-11-21T10:16,6,155.34,Online,Cancelled
78380bef-a634-41c2-91fe-c9a9b6b738d1,4bb2d776-14c0-4ef6-b8ba-c580cbed72b8,2025-07-06T10:16,3,46.26,Card,Completed
32d8aa5a-5605-4673-8683-64e0df23dee4,515fe1d2-d33a-4b9d-8c19-07e0cbe81a9a,2025-04-08T10:16,7,113.68,Card,Cancelled
97f7f861-81d1-4775-a88a-d690fcb5ec52,2c6dafc9-06cc-4b3d-8b8d-12aae0644c58,2025-07-05T10:16,6,64.14,Card,Cancelled
55066c69-5fb5-4bff-8861-56ed0e9fda31,209e786b-2a61-4e52-a3b2-1cc98bcbf18c,2024-02-01T10:16,2,33.66,Card,Pending
625a91cf-6f35-4fed-8848-939fef756a15,6117b6f0-c4f4-4bf1-9eeb-f33950decba8,2024-01-27T10:16,5,69.35,Card,Pending
2c54f18e-fcb1-4351-838b-76856e8df58e,caad7924-4bc5-4f85-9662-11ca261e3c87,2025-05-07T10:16,7,180.04,Online,Completed
3e98fbd3-a014-4cc5-a030-3e55f52824d4,b3688304-b24b-416a-9bf4-c2b6aaeb59d3,2025-05-23T10:16,1,16.70,Cash,Cancelled
de1d76f7-8e11-4010-bf38-fedc0f1d4aa6,ebbc7df0-770d-44f8-b0ff-c62f9006e40e,2025-02-10T10:16,8,60.24,Online,Completed
c1411c3b-c7e5-4f23-9080-ba86f9dd6fa7,a302a1a8-c429-406f-abff-9f273aa0a4b5,2024-10-08T10:16,9,134.19,Online,Pending
b7a8f7f4-3599-4713-9891-4071877efb60,a302a1a8-c429-406f-abff-9f273aa0a4b5,2023-11-13T10:16,5,55.20,Card,Pending
15371aea-7f2c-46f7-a5e9-a602e9119323,6b1178fc-1745-401d-88da-3903c243ebe9,2024-07-20T10:16,3,33.93,Online,Pending
871a81f6-dcbd-466e-825b-05f11f590376,d87f31d7-79ef-4c17-856e-142e791b04da,2025-01-09T10:16,6,155.64,Cash,Completed
ad628411-f846-4c78-9613-b6b46a64a890,59827b2a-ae17-44b1-bd6f-6f08718559cb,2025-03-27T10:16,5,72.50,Card,Cancelled
65c94bd3-0ec5-4757-9536-e608b62fc78a,c3ffc43c-0c11-40fa-9824-f234161741d0,2025-09-25T10:16,2,57.18,Cash,Completed
b4bbcf9e-b2da-4d8d-828f-677e00ddd9df,cb8747c7-32ca-4b6b-868d-13ab01d953ec,2024-05-02T10:16,2,53.68,Cash,Cancelled
fbbb0491-3a29-4d4e-ab6f-b3363d725b8e,80537cf2-360f-4740-8b7e-d4cd56e22987,2024-01-25T10:16,5,60.10,Cash,Completed
509f1ccb-b6b9-4ca3-97eb-e2b116761c0d,205ea7f7-e714-45b8-a083-11247ff702a1,2024-08-30T10:16,6,129.66,Card,Cancelled
3436174d-6489-4987-a02c-5bc331bead84,c46351bf-193f-49af-a5d6-456188837c3d,2025-10-04T10:16,4,85.88,Card,Cancelled
942f5768-5647-458b-80bc-e178d46b5271,4bb2d776-14c0-4ef6-b8ba-c580cbed72b8,2025-02-01T10:16,2,25.82,Card,Completed
8f5bce9d-e685-4fe2-92c4-7356f0b86b63,36b880b0-e9bd-4c0b-8f1c-32018f6c758a,2024-12-22T10:16,1,29.27,Card,Pending
78e5b855-f619-4ec5-8bf4-c45b14e25ba1,428424b7-1f94-496a-8b7a-497ce177d32c,2025-08-18T10:16,1,29.05,Online,Completed
0a64022e-8ecf-4dbe-ae95-aeba34fdc813,02c65c06-56ad-4670-b8e2-10ab417c7154,2024-05-21T10:16,3,46.26,Cash,Completed
23f7efae-4141-4a6b-b5a0-1de6c9e2754d,ebe19120-496a-47fa-87eb-2440212a3363,2024-10-11T10:16,9,247.14,Cash,Completed
27f90371-ca97-4138-92ab-e2398ef98283,71f17b36-2c37-4cfa-bf8a-894fa94c0e9b,2024-03-27T10:16,3,43.32,Online,Pending
b6425e4e-9f81-45a7-aee7-1330f4546176,46032f36-69bc-465a-9b33-a5d560bfd77a,2025-03-12T10:16,4,103.40,Online,Completed
34d24b26-3187-4b66-9b08-bd5fc115e481,b3688304-b24b-416a-9bf4-c2b6aaeb59d3,2025-06-06T10:16,9,153.90,Cash,Cancelled
6b87af28-ce73-4d9d-9785-d90e2d4ab69c,4b14a58c-f1e4-40b6-888d-a88cd7055099,2024-05-26T10:16,2,49.80,Cash,Completed
6326cdab-0a94-4b57-9cff-115bc53066e9,515fe1d2-d33a-4b9d-8c19-07e0cbe81a9a,2023-11-23T10:16,4,20.04,Cash,Pending
70069a9e-018f-4622-9a78-f86c524b3101,5eb75bc0-d5fa-4209-9d42-7767f3f0585b,2024-07-02T10:16,5,131.85,Cash,Completed
827c719b-626d-433a-9e0b-237f25296986,e85d0261-2d97-4475-a749-363ec9040a74,2024-05-12T10:16,3,51.30,Cash,Completed
59cc2b48-e6ed-4bca-93de-a608af59f9b7,06e585f0-5b60-4900-81d1-3379328e6c17,2025-07-01T10:16,1,8.98,Online,Cancelled
29987707-9f9c-4e8c-82f5-41779d9b8dc4,0a15d43b-8f6b-444a-bef2-ffbddfdbd16f,2024-12-02T10:16,8,68.64,Online,Completed
2f89062e-683b-45f8-8190-cead5a92bdd9,d87f31d7-79ef-4c17-856e-142e791b04da,2025-09-23T10:16,6,60.18,Online,Completed
35823c57-fc5b-4b50-b5c5-1359b6df2652,9fa382f0-8393-48db-ad30-43c953282401,2024-05-13T10:16,5,92.30,Card,Completed
d0ee851e-1362-4c88-b938-2406bfc37954,49af098b-bf79-4643-8e49-739ea932d38b,2025-01-01T10:16,7,167.65,Cash,Pending
9a528b9a-7360-47b8-9ffe-6016e3d126da,e6e1db85-f8ba-4264-9c9a-520ecda4bc4c,2025-08-12T10:16,5,79.05,Cash,Cancelled
0b0278ac-fd23-44bc-bb0b-c3738316419a,49af098b-bf79-4643-8e49-739ea932d38b,2025-07-10T10:16,7,183.05,Card,Cancelled
ebac169b-68b2-4f65-8229-bc8bab49192c,dcfb3d05-846d-4915-99f3-ebbc7559d972,2024-06-09T10:16,7,168.77,Cash,Completed
4f2bb4d9-a7cc-48ef-8677-7d725c2ac883,6b1178fc-1745-401d-88da-3903c243ebe9,2025-08-27T10:16,6,113.46,Cash,Pending
c604f888-e882-448b-919d-e911c1fbbb4f,795088d7-d227-422e-ad8c-f048bde0675e,2023-12-27T10:16,5,30.50,Cash,Pending
bedca1f2-f871-4e49-810d-569e7b928720,a3f626b9-cc27-4c04-8570-be79ab8bda4a,2025-01-19T10:16,7,65.31,Card,Pending
c484070f-76e1-4da6-ba63-f3e51bffdfb6,8887df7e-682b-4d48-b18c-c1ddfa0aaa26,2025-09-03T10:16,9,67.95,Cash,Cancelled
84b1db2c-2ce8-4311-8133-6dcc6ea92ccf,9b9edd1e-b4f7-414c-b8b5-a3dc51fa0a8c,2024-11-28T10:16,2,27.66,Card,Cancelled
18e7e32f-d877-42a3-a8a9-b76d9e42245f,e277d099-db2a-4aee-ab86-8b0e73a34383,2025-10-14T10:16,7,164.22,Cash,Completed
63c5415e-b81e-426c-a36c-2174de47c9d1,1a48aa9a-def3-481d-922a-94300aa97309,2024-02-09T10:16,4,42.48,Online,Completed
ae1d8460-978e-4383-b68c-94a2b18cab93,26d032f1-9fe9-487a-987a-a8be14e1db05,2025-01-01T10:16,7,148.26,Cash,Cancelled
4cbd8be8-bb1f-4f39-ac0c-ce920f246d0c,3dcaabe3-78c9-4d88-bed5-56ca7ceea07c,2024-01-08T10:16,4,39.04,Card,Completed
b4c6fcff-5511-4909-817c-4032f50c79a0,910b1d47-5c37-48b1-8bde-96c60660f1d7,2024-11-30T10:16,1,27.65,Cash,Completed
55fa44db-d485-4aaf-9915-31eb47de64b3,5f6e51da-5f01-4c9a-85dd-7d50ef37e5d7,2025-07-06T10:16,4,87.40,Cash,Completed
494500d1-400f-4f76-bc6b-0d887d1f9eac,c83bba2f-5229-4998-9566-1f3179b13e8a,2025-08-27T10:16,7,202.93,Cash,Pending
a4801725-2e26-4499-b1c7-f4fc54961f1c,d6d4ef4b-0870-48aa-b884-013237f255f4,2025-11-01T10:16,4,34.80,Cash,Pending
9a520217-27ad-4d5e-8cc2-6bfe8d13404f,795088d7-d227-422e-ad8c-f048bde0675e,2024-03-24T10:16,7,41.86,Card,Completed
74170d66-8667-4c14-8310-22c8e6ebce48,05ccd8a5-ea5f-4353-bd1e-3022152b0685,2024-11-18T10:16,8,89.60,Online,Cancelled
f75b5ea9-b5d3-47c0-ac2a-f7f1812c6e8a,9305d562-2505-493d-8ed8-3fb721c8f491,2023-12-12T10:16,8,67.68,Card,Pending
07a5e404-45ae-46b0-819f-cfa8f1a78696,ebe19120-496a-47fa-87eb-2440212a3363,2025-02-06T10:16,7,202.58,Card,Pending
64e29ef4-1a4d-4d2c-b785-1cec7f31a075,795088d7-d227-422e-ad8c-f048bde0675e,2025-09-26T10:16,7,35.49,Card,Pending
a350e650-f874-481b-b82a-28481a56128e,e38afcd9-9e08-47ba-bc92-5ebb4bc271eb,2025-02-21T10:16,7,155.47,Card,Cancelled
54534d01-3411-4085-8d45-6945dc610b44,39cb44e2-a541-4b98-bc0b-db5f31cf8710,2025-11-04T10:16,8,139.36,Online,Cancelled
8bfdee25-61e0-4e61-abee-a9f4c05d40bd,e7991221-0de0-4ef8-aa9c-ca3b59197059,2024-06-22T10:16,1,18.29,Online,Completed
db97667c-0962-433b-9add-1335d47b77c8,0d463f72-c3a1-4a2b-8d0d-1721a0d1a06b,2024-05-10T10:16,5,99.35,Card,Pending
c864989a-9812-4d27-a94e-631071f8ed26,68169a66-a8d4-4763-914e-7befc826445b,2024-08-16T10:16,3,42.57,Card,Pending
4e7ccca2-1597-4be3-a1f8-2f9a874f71f8,e6cb1215-5314-4d05-bfd1-f6e5d36e89f7,2024-02-20T10:16,4,115.00,Online,Cancelled
786bab29-a21e-4145-9e9f-859fe57d4a8e,74e76582-f1b8-4560-b049-8aebb59d4721,2025-03-16T10:16,1,18.93,Online,Pending
27b8999b-cfbe-46d9-b5f6-73a07090e68f,c83bba2f-5229-4998-9566-1f3179b13e8a,2024-04-10T10:16,8,182.72,Online,Pending
a49c8836-2dfe-4922-b050-9a651b19bc47,e277d099-db2a-4aee-ab86-8b0e73a34383,2024-05-02T10:16,9,180.99,Cash,Completed
a57ea4f6-c969-4c9b-9214-f776459c4159,6b1178fc-1745-401d-88da-3903c243ebe9,2024-12-06T10:16,2,34.24,Online,Pending
46645bc0-2e2d-4237-b091-0b94ac49fbc2,11526850-7335-463f-b740-a52a90457c3b,2025-06-07T10:16,5,45.45,Card,Pending
40eada31-c0da-41cd-bacb-7d79d7bca732,d33bbfcd-a2ca-4e80-8a1c-65223f061e7e,2024-05-06T10:16,8,182.00,Cash,Cancelled
62192911-ea34-4e23-b3dc-bec7f8c1c4e7,f6c35464-33dd-44a7-bf84-071f2e427045,2025-08-11T10:16,5,50.85,Cash,Cancelled
d63ff4ef-bfe7-4556-9cbf-d138e2ef8083,0472ca7f-b133-4710-8f43-24a3c6c1afd1,2025-09-05T10:16,6,102.00,Online,Completed
83455926-1da5-415e-8ccc-9612d054e2e6,795088d7-d227-422e-ad8c-f048bde0675e,2024-08-19T10:16,6,157.44,Online,Cancelled
b865165c-f528-43b7-a9b9-92a52f783cc5,824998a2-7592-4051-ab0b-d5e12743c93b,2024-07-03T10:16,7,130.83,Cash,Pending
37c2f2b4-1bc0-40f7-a9cb-01080fa098e7,bf0de251-90d7-423c-8b31-48df1a89964f,2025-06-03T10:16,9,94.95,Card,Pending
3193e69f-4547-4c24-bf61-940cc2286abf,964d337f-acd5-4ca2-8843-9be3f2eb60fc,2024-10-16T10:16,7,37.03,Cash,Pending
9684506d-bee8-476e-8012-cf3c5b695660,b04ce307-2d1f-4214-b023-d8f4379041a1,2025-01-02T10:16,2,21.02,Online,Cancelled
f10574f4-d7e7-431f-bab9-3c29c3a9eaf1,8b115a34-224b-453c-be69-b53a7445b466,2025-07-16T10:16,7,105.77,Cash,Completed
3c56552d-ef24-4fa2-99e9-2642fb9c0824,68169a66-a8d4-4763-914e-7befc826445b,2025-10-10T10:16,2,45.68,Online,Completed
eaf41b27-420a-4866-a30a-a100f60b72f9,0fcf4084-ea31-49f8-99f9-9bf8c8b0c16b,2025-10-12T10:16,2,26.54,Card,Pending
39299505-c62e-4e50-98bc-16e7b19bff01,0472ca7f-b133-4710-8f43-24a3c6c1afd1,2025-09-20T10:16,9,76.59,Online,Pending
9e2851b5-e941-4781-b405-9ce20eca6897,515fe1d2-d33a-4b9d-8c19-07e0cbe81a9a,2024-11-09T10:16,3,44.55,Cash,Pending
7cd9dca1-fe84-4ead-b454-ed0529a50399,d7af10ce-45c9-4fc8-8dd8-b1c5491aad5f,2025-06-02T10:16,6,64.38,Card,Pending
dae4ab15-ea1a-497a-8b5a-a3262d6b65bc,ebbc7df0-770d-44f8-b0ff-c62f9006e40e,2024-11-29T10:16,5,75.85,Online,Cancelled
eeb45f8c-d3a8-42f1-93a7-434b4cffb908,f0a6a958-e434-41bf-a830-dffa55a34db5,2024-08-31T10:16,4,117.04,Cash,Cancelled
8d8c707b-9226-4a23-a3fa-1a0fe1465df6,0d463f72-c3a1-4a2b-8d0d-1721a0d1a06b,2024-06-11T10:16,2,48.68,Cash,Cancelled
e71196a6-a8f7-4215-8256-86ffba971a6f,d3f641e5-b8b5-4f5f-9155-7768df2033e8,2025-01-31T10:16,2,39.60,Card,Completed
99d30e4f-5abd-4aee-b974-e4f626e886ac,b03f75c1-655f-4480-a2bf-1a0af806e96e,2025-06-09T10:16,9,63.00,Cash,Completed
b7fe36c2-f6da-4799-b7dd-94c71f3fe6d1,8f7f530b-bb30-4a05-b437-744ed30af54f,2025-09-13T10:16,4,31.40,Cash,Cancelled
c9c40e7e-934b-4ce1-9e5f-96e5bfee62bc,0a0ac3e5-6e20-4fbc-87ec-5481c70e38bc,2025-08-05T10:16,6,62.16,Online,Pending
7a2df41b-6591-4f55-99ea-9290bdb7b3a8,bc58b12c-65c4-4f21-89ef-3e492a22ef7c,2024-01-07T10:16,9,179.91,Cash,Cancelled
ba20a42f-001c-475f-b254-fcb94cc491b3,8250871a-2b35-424e-a1a1-4eb4faffabfb,2024-05-05T10:16,9,48.06,Card,Cancelled
3e104ecc-19db-499e-9d10-f798eee5c746,885715b6-b1eb-44ca-8460-28c0343e56f3,2025-05-22T10:16,4,114.28,Cash,Cancelled
e07c1393-c647-425f-aa5d-e02e30da6498,1a48aa9a-def3-481d-922a-94300aa97309,2024-03-07T10:16,6,90.36,Online,Cancelled
8b9f7a07-940d-4ab6-9130-9cbf3c93d110,2ca088cd-c6c6-4e60-a1a4-d2990ee21b12,2024-05-28T10:16,5,149.40,Card,Pending
8c3800ff-24aa-4818-b785-42b73f166707,6945f6f4-b8f9-4d04-90ff-e59ed705578e,2024-04-29T10:16,2,19.38,Cash,Pending
1a244095-b5e8-414e-b6d3-5fb6d8b000ce,26d032f1-9fe9-487a-987a-a8be14e1db05,2024-06-17T10:16,1,22.82,Cash,Cancelled
6b65c00d-1b03-48ec-8010-fb9a7c3c8b3a,d33bbfcd-a2ca-4e80-8a1c-65223f061e7e,2024-02-28T10:16,4,33.24,Cash,Pending
e61b467d-318d-44de-8014-fc0bb56cd35b,05ccd8a5-ea5f-4353-bd1e-3022152b0685,2025-03-17T10:16,1,22.98,Cash,Cancelled
194a195a-5a7d-4631-8991-2755ac83e26a,36b880b0-e9bd-4c0b-8f1c-32018f6c758a,2024-04-11T10:16,5,56.55,Online,Cancelled
af45f87d-13b7-4a1f-b6ff-1656ce781d56,e12c3d24-86c8-474f-b86b-370df36adbfe,2024-11-11T10:16,5,106.90,Cash,Pending
d225f522-98ae-492e-9aec-b5fe82910850,bf0de251-90d7-423c-8b31-48df1a89964f,2025-03-24T10:16,4,65.68,Online,Cancelled
cd5762ce-f465-4d78-9463-accf5cfd6c54,93cdeef1-3fc3-4a63-a275-0ae87ae6b335,2024-11-23T10:16,6,114.00,Cash,Cancelled
c707003e-7466-47e7-abfd-6f5e1ebef529,27e45431-1333-4ffd-a0c8-be56ffdc5d4e,2024-11-10T10:16,1,9.74,Online,Pending
b0ec234a-db90-4376-9449-615906c9cacd,65b2c0ea-6192-47fc-9286-2c1dd3ecefb1,2024-07-15T10:16,2,27.18,Cash,Cancelled
92379118-34a3-4f5d-89b3-434d758fe5c8,c46351bf-193f-49af-a5d6-456188837c3d,2025-02-23T10:16,4,113.36,Card,Pending
fd0d3d4b-a19d-4fe3-aaee-7612609ab638,500fde18-ea61-4380-9ea4-f06d09985870,2024-12-30T10:16,5,45.25,Card,Completed
4279a4c8-474d-4e44-9903-4a6fd7469666,b6c26110-1b77-4777-8c79-c69ec19b66df,2025-04-26T10:16,5,99.75,Online,Completed
723b6ee7-d4c6-40bd-8c8a-290344d2900e,d5eaf6a7-76cc-48ec-98d9-ba713e2df70f,2024-02-11T10:16,6,111.42,Cash,Completed
646ace09-456e-4193-9cab-b61bde9c62df,bb6ceda0-3f7a-4dfa-9862-41a88dd468b2,2024-07-23T10:16,4,39.56,Card,Pending
632975d8-91ca-4bb2-b8ca-94bb9b6a438d,90f0db1e-2b19-43f7-ba17-233c7c214eca,2024-11-27T10:16,6,58.44,Online,Pending
469b7829-ed89-407f-9f21-35da1f0dd77d,7d2df59f-386d-4aec-85a8-2443262a0cb4,2023-12-03T10:16,5,109.60,Cash,Pending
b8303072-3ae9-4ebb-9f23-4561fe06a3fb,62a2bfef-ca4a-4dec-90ea-bf15ea1880d2,2024-04-20T10:16,5,62.95,Card,Pending
41f20c1f-0bd4-460e-9a79-3ded1e0a6009,726d71e2-70fd-4416-8568-78619c14a73a,2024-09-08T10:16,2,30.40,Card,Cancelled
be878d59-1033-4ced-9bff-f1727062a735,e12c3d24-86c8-474f-b86b-370df36adbfe,2024-04-20T10:16,8,202.08,Online,Completed
8c07bc44-a2bc-4cb2-a3bb-894c96c71f71,b04ce307-2d1f-4214-b023-d8f4379041a1,2024-10-13T10:16,4,107.92,Online,Completed
d022e4e0-f6d0-4077-baac-526ed8f96fd6,3befa4dc-d961-4a3a-9410-d43d1bdaa335,2025-05-12T10:16,6,85.74,Card,Pending
5eacdfc6-0b01-4cb0-8f73-5d539098fbff,49af098b-bf79-4643-8e49-739ea932d38b,2025-03-12T10:16,6,120.42,Card,Pending
8401ab60-9445-491f-a90a-0214296f4123,52c87fd9-fdf0-4256-b929-6153ad24a0ac,2024-03-17T10:16,4,73.44,Card,Completed
533ed30e-bd96-4d65-be03-46b7a74d8968,8f7f530b-bb30-4a05-b437-744ed30af54f,2024-09-06T10:16,8,44.24,Cash,Pending
075e841d-0ad7-4709-9779-9fae48f5538a,a938df5f-7764-459c-8bfd-90409d16b3c6,2024-05-10T10:16,3,40.44,Card,Completed
69d51224-4ff3-4b91-86b5-4a947f6ca046,d6d4ef4b-0870-48aa-b884-013237f255f4,2025-10-11T10:16,4,91.36,Cash,Cancelled
37802401-6f20-44df-b198-1c154290703a,a5ffc907-be77-43e6-8694-4a0bf09bd3fb,2024-07-14T10:16,6,114.78,Card,Pending
468bfeae-871d-46ea-8db7-f91236d6991a,02c65c06-56ad-4670-b8e2-10ab417c7154,2025-05-29T10:16,4,87.56,Online,Completed
6952ea67-4ccc-4873-b94b-54f91ca8f05e,0a5a9fc7-e126-48f0-99aa-dea85c606f66,2024-03-17T10:16,3,16.80,Cash,Pending
f6737be7-25e1-4211-bba6-94487ae081fe,7169ef0c-f2c8-4ae3-83f6-87691664d2d2,2025-08-24T10:16,1,21.09,Card,Cancelled
751fa44c-da0f-4313-8522-6b2a2d128c04,c0d74d86-5c5b-481d-b8e3-61eeb9c77255,2025-10-14T10:16,3,79.98,Online,Pending
e904adc5-4aae-4aac-a4d9-2fa5829a5077,ecf1ffb0-ac00-4968-87ea-8beef4ace55a,2024-01-06T10:16,3,40.47,Online,Pending
a851833c-a7f0-4d7f-ab9d-e6dbff8b8cde,3befa4dc-d961-4a3a-9410-d43d1bdaa335,2025-05-23T10:16,1,22.60,Online,Cancelled
11800103-557d-48a0-9f9e-e6bee205717b,77ca464a-fe0d-4dcc-8f08-3eb2f7b64f76,2025-09-07T10:16,9,55.35,Cash,Cancelled
9084d690-0ee6-459c-9016-5081118c9354,000f9c8f-2fc7-4346-844d-c04f10751265,2025-06-06T10:16,3,24.09,Card,Completed
4f047806-a4b4-41ca-bf70-6e45b01ff6b0,f0a6a958-e434-41bf-a830-dffa55a34db5,2025-03-05T10:16,3,56.61,Cash,Cancelled
58217788-7a81-47df-b0e5-f2ee42d2d3f8,71f17b36-2c37-4cfa-bf8a-894fa94c0e9b,2024-11-29T10:16,9,75.06,Cash,Completed
9bd75c4a-95a6-4879-9a3b-9a5bf389578c,fbe227d7-6d32-4407-9783-7fdac983e55f,2024-09-05T10:16,1,12.21,Cash,Completed
956464b8-c49a-451b-b89f-338ad4873fba,ec3490d2-e8da-47ee-ae12-0ca0b1d7a2bb,2025-10-17T10:16,7,41.93,Card,Cancelled
75ed024b-28a7-4aa4-83f0-aac0a3ec0373,bfa3444b-2be9-46be-b944-720d86a59770,2024-10-23T10:16,2,51.76,Cash,Pending
e8b307ec-6717-4e08-b769-a6c075063206,2ca088cd-c6c6-4e60-a1a4-d2990ee21b12,2024-10-10T10:16,9,51.75,Cash,Completed
5b99a89c-b80c-4e20-ab2e-afac84d5c7d1,6b1178fc-1745-401d-88da-3903c243ebe9,2024-02-17T10:16,6,80.46,Card,Completed
8a29d20e-ee10-4ed9-80b4-4c3f2bbf2f9f,4f6ae324-5b6d-47d6-a86d-26ec6fbe1e0e,2025-10-27T10:16,2,22.30,Cash,Pending
0237faf5-bc02-4086-b410-3de0bf8757bd,77ca464a-fe0d-4dcc-8f08-3eb2f7b64f76,2025-05-04T10:16,3,48.99,Card,Pending
ac6fc4f2-4e1b-432f-9b16-8a044bd55d59,80537cf2-360f-4740-8b7e-d4cd56e22987,2025-10-15T10:16,8,157.68,Online,Pending
af75224c-5481-4d80-b854-27d185bd80e2,6117b6f0-c4f4-4bf1-9eeb-f33950decba8,2025-10-08T10:16,2,57.20,Cash,Cancelled
b603882c-f564-499f-b6dd-d29fd6f64204,8f7f530b-bb30-4a05-b437-744ed30af54f,2025-06-30T10:16,7,106.05,Online,Pending
44a39e75-e527-43e8-9739-0791ab7d736b,885715b6-b1eb-44ca-8460-28c0343e56f3,2024-11-18T10:16,2,29.26,Card,Cancelled
775566d9-fd35-4602-a79b-96c37c381b7e,8887df7e-682b-4d48-b18c-c1ddfa0aaa26,2024-09-30T10:16,2,46.72,Card,Completed
45e03aec-d232-47c6-bfa2-200d67e4dc20,0df3bae1-6384-4856-aa27-aef9f6c48b75,2025-08-15T10:16,9,154.98,Online,Cancelled
8a6d76b1-83ee-40f5-8d7f-aeee556f7138,ada8704c-2784-4d70-84da-10078407d2c8,2025-04-20T10:16,1,22.14,Card,Cancelled
b6a332fa-5a2f-4e77-97ca-17e3074735dd,500fde18-ea61-4380-9ea4-f06d09985870,2025-06-06T10:16,9,192.33,Card,Pending
38a47ffc-e8c6-4feb-9e94-b93af8c0ad05,fdb5454e-2230-489e-ade4-9218ff28cbd8,2024-08-24T10:16,4,63.24,Online,Cancelled
0d7af1f0-660a-4145-bbf1-5fb422a2dc43,21edfc22-3f73-4335-a774-3cf78ab65e86,2024-02-16T10:16,5,57.60,Online,Pending
5c125f75-f001-421b-8b31-049e35039f36,a5ffc907-be77-43e6-8694-4a0bf09bd3fb,2024-12-06T10:16,2,59.24,Online,Cancelled
706f85dc-34a2-44cf-a350-c54504f94698,0a5bd884-b432-4ce5-b14e-44b4aedd4c0f,2024-10-19T10:16,8,52.24,Online,Pending
747c498e-9caa-456b-aa81-0292d49843bd,8b546c63-5406-493d-bc69-cfb594b38267,2025-03-12T10:16,8,150.40,Cash,Completed
a661bc29-7abc-46ca-a2f0-f0b7f2311fec,6e6d2c67-f7fb-4a98-8f9a-4822259b25c4,2024-09-02T10:16,4,99.52,Card,Pending
cd1f4434-77d1-4990-bb40-157ca23b3a05,103fcba5-5588-45a5-9fe0-6ac948d3860e,2024-06-19T10:16,6,62.28,Cash,Completed
0bbe8e1f-dbb6-4cc4-a88c-1e6601e4a7d7,9c53f3f8-5b22-4d77-bd76-cfa6c70e443c,2024-02-04T10:16,6,115.68,Card,Pending
7be8d81b-e0a4-49d5-a5c2-99fc848cafee,3befa4dc-d961-4a3a-9410-d43d1bdaa335,2025-02-17T10:16,2,19.82,Card,Completed
722f9b83-cd6e-4054-bdb6-c7f0ec917925,f3826f04-0dfa-4266-8002-58fede0093f5,2024-12-24T10:16,4,66.12,Card,Cancelled
12614d56-a926-44bd-b7ff-d1e2fc91f88b,c63bd277-c81c-40c5-8720-6ce916d653c4,2024-06-21T10:16,1,25.24,Online,Pending
7c98831b-7460-4e85-a8c7-91cfd4efd3eb,5eb75bc0-d5fa-4209-9d42-7767f3f0585b,2025-06-16T10:16,9,90.54,Card,Completed
41b93edb-0fa9-4163-8472-a0936f135cc5,824998a2-7592-4051-ab0b-d5e12743c93b,2025-01-05T10:16,9,75.96,Cash,Completed
bb0462b8-d987-44fe-81f0-b1dd095c67ae,5f6e51da-5f01-4c9a-85dd-7d50ef37e5d7,2025-07-20T10:16,7,147.91,Online,Completed
a32d5e58-dad6-4e81-b793-52fbde4639f9,d6d4ef4b-0870-48aa-b884-013237f255f4,2024-02-28T10:16,2,33.80,Online,Completed
c728f089-a9c1-4cd9-aa9e-e574a3280e94,d33bbfcd-a2ca-4e80-8a1c-65223f061e7e,2025-09-29T10:16,6,160.02,Online,Cancelled
4b1f033b-c3cb-47e4-9b7d-6bb5373888e5,fbe227d7-6d32-4407-9783-7fdac983e55f,2024-09-06T10:16,4,32.32,Cash,Cancelled
1625a5af-6437-4e49-9363-cde55462513b,60cd80b6-3967-4dae-b4df-adc7b5644971,2025-07-30T10:16,2,27.92,Online,Cancelled
861f6f1e-41ec-4a0a-9dc3-98d4af62f1ab,c0d74d86-5c5b-481d-b8e3-61eeb9c77255,2024-04-20T10:16,8,87.12,Online,Completed
43bb6851-b7ef-4007-a7fb-c8c44b194324,b0d737cd-ec4b-4a88-aa81-d012ef3fb719,2025-07-14T10:16,9,192.60,Card,Cancelled
8f130054-1254-4acb-bdbc-b428c417aced,205ea7f7-e714-45b8-a083-11247ff702a1,2025-02-03T10:16,9,155.16,Card,Pending
431f698d-5372-402b-91d8-5a289113de11,428424b7-1f94-496a-8b7a-497ce177d32c,2024-09-14T10:16,8,131.20,Online,Pending
191061b3-560d-4835-8e59-a154a68996a2,cf65c4b6-4c1c-420b-95de-23e5b56ffad5,2025-05-23T10:16,4,26.96,Cash,Completed
b33f59a9-b87b-47aa-b6b4-35cdd2f16348,69446e90-4237-4410-ab55-e011eb04cce0,2025-07-20T10:16,9,136.62,Card,Cancelled
3e80e0fd-e13f-472a-9a22-7631425a97fa,73a2b03c-2dca-486e-8ebc-c4d6bb68a8c6,2024-01-24T10:16,3,29.73,Cash,Pending
52c25ae6-2069-4a47-957c-367cf196d69c,885715b6-b1eb-44ca-8460-28c0343e56f3,2024-04-13T10:16,9,66.24,Online,Cancelled
1bef9616-9a92-426b-a1e9-9043b2ca6569,1d32c3b3-c732-4995-aa6b-ff159deb3bdf,2025-02-19T10:16,7,44.45,Cash,Pending
85f2c181-4ed2-42fb-9bcb-d7530d16a490,1407e9cf-22c9-4137-a2fe-cc12dc038235,2024-05-30T10:16,6,168.84,Cash,Cancelled
849f52a5-e6e9-4052-a627-e6a70b299b57,52c87fd9-fdf0-4256-b929-6153ad24a0ac,2025-06-22T10:16,9,96.57,Card,Cancelled
0ff1781f-8489-4888-b3a1-539f340d508c,8887df7e-682b-4d48-b18c-c1ddfa0aaa26,2024-12-25T10:16,3,84.12,Card,Completed
cb3c97f0-b976-4244-96a5-9ef3da4a0498,ebbc7df0-770d-44f8-b0ff-c62f9006e40e,2023-12-17T10:16,6,171.84,Online,Pending
2bcd5796-cb74-466f-b486-9784d66ae33e,983d66ae-c8b0-46b8-8abc-26a1055cf729,2024-12-14T10:16,5,29.65,Cash,Completed
6b681add-1ae7-488f-a338-b48af165b8c6,ada8704c-2784-4d70-84da-10078407d2c8,2025-10-29T10:16,2,22.64,Cash,Cancelled
72c99ed1-2310-4c96-b995-946d8f46e091,ff4db0d8-e809-46e8-9ae0-78ffee4902d9,2024-05-21T10:16,8,107.44,Card,Pending
54c4ca6c-f29b-4f08-bda7-6a0bc71807df,7a18d550-38d0-40b2-84a7-547162e7e409,2024-07-27T10:16,9,171.00,Online,Completed
1d5a4036-ad22-4851-8747-dbb3c4d4d4d6,f90cf3ca-e2d0-4129-bc7a-e8a2b80880da,2024-09-27T10:16,9,78.03,Online,Completed
5779c42d-3d3f-4ec8-9583-d3f57c76e1bc,058b9c75-b72f-4594-80d2-e41194ff7672,2025-11-10T10:16,8,145.04,Cash,Pending
05bfc329-6c33-43c2-85ef-718acf39a3df,ff4db0d8-e809-46e8-9ae0-78ffee4902d9,2024-09-11T10:16,7,65.10,Online,Pending
e3832141-3533-4ae9-9b49-2dabd60bd440,0df3bae1-6384-4856-aa27-aef9f6c48b75,2024-02-20T10:16,2,29.16,Online,Completed
bef6f47e-6bda-4c74-beb3-e783220cfb72,9c53f3f8-5b22-4d77-bd76-cfa6c70e443c,2024-08-19T10:16,9,115.56,Cash,Completed
3420ec5e-7e73-4cc8-a96b-f369a4b70ddb,983d66ae-c8b0-46b8-8abc-26a1055cf729,2024-01-28T10:16,6,155.52,Online,Completed
5775f6de-ef85-46a2-a729-13f45f201722,56a75a3e-a944-4147-8cba-f1024726993f,2025-02-02T10:16,8,85.60,Card,Cancelled
7fd0d7c2-0a3c-42d1-995c-856ed32bda9a,09ba4183-1b94-4f8c-bc5f-eca421a88524,2025-09-24T10:16,3,31.20,Card,Cancelled
a56034ae-96e6-4f96-be85-88bb0a6cbce3,90f0db1e-2b19-43f7-ba17-233c7c214eca,2025-04-11T10:16,7,57.26,Online,Cancelled
c0df1cd2-bfd0-4519-9354-198160de3ae8,726d71e2-70fd-4416-8568-78619c14a73a,2024-05-28T10:16,5,108.45,Online,Cancelled
6309e728-ef33-48f6-a95b-b49bceeead74,77ca464a-fe0d-4dcc-8f08-3eb2f7b64f76,2025-05-15T10:16,1,12.26,Online,Cancelled
bbbb128b-4ac6-430b-a865-58ec6ced6366,caad7924-4bc5-4f85-9662-11ca261e3c87,2024-01-13T10:16,8,213.76,Online,Completed
1803fa7b-19a3-44ec-aba1-37a9e676cc3b,fdb5454e-2230-489e-ade4-9218ff28cbd8,2024-03-19T10:16,2,12.30,Cash,Completed
2322f1bf-b46c-4cd0-bda3-833f3c8f9add,e6cb1215-5314-4d05-bfd1-f6e5d36e89f7,2025-08-09T10:16,5,121.25,Cash,Cancelled
581ee8d1-551b-439d-9b25-11a3e70f6011,1a31c678-d420-495a-aff3-0f1609514e1e,2025-10-11T10:16,4,96.56,Cash,Cancelled
40a5724f-b5b9-41df-b317-2a715b48ebaf,b04ce307-2d1f-4214-b023-d8f4379041a1,2024-02-27T10:16,6,74.46,Online,Completed
6f81d907-fc21-42fa-9fcb-3676a7dd4b56,941529ef-2114-4bff-907a-4596ff4593a1,2023-12-16T10:16,2,12.70,Online,Pending
2739282e-1c08-4c7e-9301-2a88b2b003e7,aff4340c-d102-49ba-af8e-84d2737ce82c,2024-12-17T10:16,5,148.40,Cash,Pending
7def50cb-a25e-4dc0-a67d-740fb608f1c0,06e585f0-5b60-4900-81d1-3379328e6c17,2025-05-28T10:16,3,77.31,Online,Completed
f7235ac0-0a99-4cbb-a625-26da51c93e8b,d5cfb1a3-ce2f-4aff-ab4c-50e0c5426af1,2025-11-03T10:16,8,215.60,Card,Cancelled
3036960f-085e-4894-b0d8-c206ef58e303,ef7fad1f-a86f-4ee1-95b4-ce1f339f0fa5,2024-09-17T10:16,5,123.65,Online,Completed
614cbdf4-9366-42dd-999b-7d4e88c7d8a9,2c6dafc9-06cc-4b3d-8b8d-12aae0644c58,2024-02-28T10:16,5,114.80,Cash,Cancelled
7bab96a8-8544-4378-aab7-9cfb76c9320f,500fde18-ea61-4380-9ea4-f06d09985870,2023-12-12T10:16,1,18.83,Online,Pending
badd9019-1b5d-4ae4-b988-c46d49a252f5,4717d2a3-4b2a-44f1-b960-a2b73e2d23fd,2024-04-27T10:16,1,25.71,Card,Pending
568f9e6b-a0a7-4a5c-b81d-7014faab8b50,000f9c8f-2fc7-4346-844d-c04f10751265,2024-10-06T10:16,8,232.88,Card,Pending
87023070-f124-4e39-9720-0dc87e1374e2,941529ef-2114-4bff-907a-4596ff4593a1,2024-03-10T10:16,9,263.16,Online,Cancelled
77076169-90e8-4ee1-8958-dc1362995931,3e97fc93-73a7-45e0-9888-f7a03ee258a7,2024-12-09T10:16,4,70.00,Card,Cancelled
5282b7a3-2cc4-4d9f-91aa-24a25262f778,401a6911-a31e-4892-adc1-56e3e1eb090a,2024-06-12T10:16,7,35.63,Online,Pending
1cf4c8eb-e4cf-4d30-851c-cc0386811d76,05ccd8a5-ea5f-4353-bd1e-3022152b0685,2025-05-18T10:16,2,27.48,Card,Pending
d823c5f0-4aff-429b-8233-7568577e5f0f,6e551d53-4f6d-4b84-a9de-3d7c79694805,2024-11-16T10:16,6,74.64,Online,Cancelled
899da856-88ac-4b77-8794-384ee8d64888,d33bbfcd-a2ca-4e80-8a1c-65223f061e7e,2025-10-10T10:16,5,139.15,Cash,Pending
a24a842f-54ca-4136-8bb9-d0d7c69c6189,b0d737cd-ec4b-4a88-aa81-d012ef3fb719,2024-07-18T10:16,5,65.75,Cash,Cancelled
71ccd61c-f21e-4245-a634-e3ccda82c6bb,dcfb3d05-846d-4915-99f3-ebbc7559d972,2023-11-19T10:16,9,191.97,Online,Cancelled
3b59cd04-2e32-491c-9996-85ac719eb971,b6c26110-1b77-4777-8c79-c69ec19b66df,2025-08-14T10:16,7,43.54,Card,Completed
da802a85-94a5-4f20-b329-b48b4a552111,8e1bbe6c-7b75-46dc-8ca1-0b1664cd6ae4,2025-10-12T10:16,3,20.19,Cash,Pending
d7530f7c-c37d-44f0-9f80-0b875d29e0ce,80537cf2-360f-4740-8b7e-d4cd56e22987,2025-02-18T10:16,7,38.99,Cash,Pending
3bef9fcb-40f4-4f6a-93e0-fb53247a027a,9305d562-2505-493d-8ed8-3fb721c8f491,2024-06-29T10:16,8,212.16,Cash,Completed
ebdebe41-86ae-4fd7-9fca-05eac3ed2e3a,63846b60-b7be-4087-ac6e-56c9bc130a20,2024-06-24T10:16,8,139.36,Cash,Completed
67dc825a-4e55-452c-a9cc-4c6170414a1b,bb9edfa8-17f7-4f6f-8e3b-616693a298b1,2025-08-13T10:16,8,102.32,Cash,Cancelled
1f2ff3c9-5f65-40c9-8a73-e2185c20984c,0b2a0e9a-e050-4380-b607-57adcbbf59d4,2025-08-19T10:16,2,19.04,Online,Cancelled
55e66870-b248-4feb-9d5a-5c95180e0f5e,cf65c4b6-4c1c-420b-95de-23e5b56ffad5,2024-02-04T10:16,5,68.65,Cash,Completed
4e46863e-5305-490e-8789-6a9f713beced,b0d737cd-ec4b-4a88-aa81-d012ef3fb719,2023-11-15T10:16,3,63.12,Cash,Completed
345f9eaa-c38c-4178-84b5-0fe7dbc8dd4b,4e44f26d-5455-405b-8fdb-63ab8b739ecf,2025-07-01T10:16,9,221.67,Card,Completed
81a1e74b-9bc3-4d44-9485-7819a2a2cab8,c63bd277-c81c-40c5-8720-6ce916d653c4,2025-02-11T10:16,3,41.73,Online,Cancelled
a3b44e08-756f-42e5-abe0-ff8bb819efca,0dd437d0-74fa-43c3-8909-5c955e4d47dd,2023-12-25T10:16,5,34.00,Card,Cancelled
b5354387-694a-46c1-bd02-c705baaa735d,59827b2a-ae17-44b1-bd6f-6f08718559cb,2024-02-08T10:16,8,120.88,Cash,Pending
650cf6cc-e76c-4912-9f9e-ca98fd2426a6,8626238e-5813-415a-9a8c-db944b1e0269,2024-01-27T10:16,2,49.62,Cash,Completed
755e4a03-1316-443d-b21e-40b98caeb2b5,ef7fad1f-a86f-4ee1-95b4-ce1f339f0fa5,2024-06-19T10:16,5,49.10,Cash,Cancelled
3dbcc933-a52b-4b6e-87f1-5db07b23dd97,e886c155-0dae-4b36-88f5-a86fa474d1f6,2024-05-23T10:16,5,57.90,Cash,Pending
de25573c-8bcc-45bf-82d3-b7dee7035ed5,a938df5f-7764-459c-8bfd-90409d16b3c6,2024-07-24T10:16,4,77.24,Cash,Pending
105ddea2-f325-42b3-bbd8-a34f12e946b7,d33bbfcd-a2ca-4e80-8a1c-65223f061e7e,2024-06-19T10:16,1,8.22,Online,Completed
ef0bd85c-7f74-4ad3-b84b-9b75ad621caa,c3ffc43c-0c11-40fa-9824-f234161741d0,2024-06-09T10:16,9,263.34,Online,Cancelled
f1ec23ac-b32b-427e-99b3-e54b81f50923,500fde18-ea61-4380-9ea4-f06d09985870,2025-09-25T10:16,7,65.73,Cash,Pending
2724a2e6-2781-42d8-a0ee-5ad3126e119d,c9dcc28a-ae5f-477c-ae7e-72d94129f449,2025-07-12T10:16,7,103.67,Cash,Cancelled
b91f37ad-d92e-4042-b669-3bb7c9e55957,98b17fed-218c-4f20-8410-9f0edfc74455,2025-09-10T10:16,4,94.44,Cash,Cancelled
04ec86b1-5966-4664-bb40-63d89cd76177,a190f67b-21df-46bc-8164-46bdfa00af85,2024-12-21T10:16,3,54.72,Online,Cancelled
11c93a1c-a34b-4873-927d-29319e3cc417,f6c35464-33dd-44a7-bf84-071f2e427045,2024-01-26T10:16,7,204.68,Cash,Cancelled
bd6c6140-8cd2-42f7-ad75-9a6b1d54b5bc,9fa382f0-8393-48db-ad30-43c953282401,2023-11-15T10:16,8,49.12,Card,Cancelled
0bfd0f4f-f2b9-492e-9b66-48e92fd281db,36b880b0-e9bd-4c0b-8f1c-32018f6c758a,2024-03-06T10:16,4,87.96,Card,Pending
879ecee6-7bd5-44f2-818f-a75cbfc06900,25659c0e-6eb5-4c57-add8-fb6ac5f42699,2024-12-24T10:16,8,54.64,Card,Cancelled
32b8c0d3-565c-48a9-ac0f-a5593e56b139,cf65c4b6-4c1c-420b-95de-23e5b56ffad5,2025-02-10T10:16,6,148.50,Online,Pending
e1f06c71-513f-4c29-a766-d0e60b362723,52f5634d-de98-4543-8a1e-cbf1e2d0242f,2024-08-18T10:16,1,6.39,Online,Completed
c4166441-23c6-4aca-beef-9a96f95dc5ff,6bd388d4-5636-450b-bacd-55bdcb769bab,2025-10-13T10:16,4,97.92,Cash,Cancelled
c83684d7-ebad-42bb-a6d9-903e9bb6cc47,ceafdb2a-788d-48e0-acdd-bd533a2e7ab6,2025-07-23T10:16,2,32.94,Card,Pending
64e8754a-89e6-4cd7-ba33-047e0d929fa3,3910ab11-8758-4a4f-8a9b-c4f5df7413c4,2025-08-01T10:16,1,17.95,Card,Completed
92b027fb-1baf-4905-93eb-63603a76c358,f3826f04-0dfa-4266-8002-58fede0093f5,2024-07-01T10:16,3,78.18,Online,Cancelled
4f02a5c5-2f85-4cdf-a2c4-5235fc889e48,b6c26110-1b77-4777-8c79-c69ec19b66df,2024-06-15T10:16,9,65.25,Cash,Cancelled
d53020c7-0649-4cb4-9c8e-29b793d13c1d,52c87fd9-fdf0-4256-b929-6153ad24a0ac,2024-08-03T10:16,1,29.38,Cash,Pending
c6b87627-9d72-4b3a-988e-f6af7ebe828f,bfa3444b-2be9-46be-b944-720d86a59770,2025-09-30T10:16,6,115.44,Cash,Cancelled
d63afce0-db2e-405a-bd0d-56a6abb67d9c,98b17fed-218c-4f20-8410-9f0edfc74455,2025-05-17T10:16,2,25.78,Cash,Pending
e0263275-d5e3-4fa9-807f-102a821963ba,e886c155-0dae-4b36-88f5-a86fa474d1f6,2024-04-06T10:16,8,199.52,Card,Cancelled
8ba94fc3-2c44-4fe4-a4d5-5d78c03fd456,983d66ae-c8b0-46b8-8abc-26a1055cf729,2024-05-24T10:16,1,15.93,Card,Cancelled
145cea91-6cb9-4566-9689-ddebb8bf8207,058b9c75-b72f-4594-80d2-e41194ff7672,2025-03-06T10:16,5,54.75,Online,Completed
dbf4f6b2-90d0-44e0-a02e-78f0044549d7,a5ffc907-be77-43e6-8694-4a0bf09bd3fb,2024-06-19T10:16,5,71.95,Card,Cancelled
ea67ee9e-0fd7-4e6f-a6c3-384b9e7c4d78,3910ab11-8758-4a4f-8a9b-c4f5df7413c4,2024-08-25T10:16,4,98.92,Online,Pending
e6d686e1-fa7d-47f1-b3c0-320d777d696e,058b9c75-b72f-4594-80d2-e41194ff7672,2025-11-10T10:16,5,55.00,Card,Pending
efd4e013-6793-4e21-88bf-974cf9efd27e,ada8704c-2784-4d70-84da-10078407d2c8,2024-06-23T10:16,2,29.62,Cash,Pending
eca257ae-8472-4ed9-b803-87c75bdf2908,0dd437d0-74fa-43c3-8909-5c955e4d47dd,2023-11-22T10:16,6,56.46,Online,Completed
8f7f8235-4cc7-4cf1-bb08-47d15fbdaf3a,ff4db0d8-e809-46e8-9ae0-78ffee4902d9,2023-12-30T10:16,5,84.40,Card,Completed
3734389c-0e84-4e6a-b485-46e2bb666d44,90f0db1e-2b19-43f7-ba17-233c7c214eca,2024-06-16T10:16,5,105.05,Cash,Pending
93177be9-7d9f-4444-a013-6c8a3cb24366,36b880b0-e9bd-4c0b-8f1c-32018f6c758a,2025-02-02T10:16,3,38.94,Cash,Cancelled
e68006c4-3549-4ecf-b6d2-e7482348d6ce,d7af10ce-45c9-4fc8-8dd8-b1c5491aad5f,2023-12-07T10:16,5,110.75,Cash,Completed
6677c22d-235f-4ece-ab70-ae4b7e374302,910b1d47-5c37-48b1-8bde-96c60660f1d7,2025-07-11T10:16,6,173.94,Card,Completed
a597ce1d-68d3-4b1a-a5d8-494b397cde10,59827b2a-ae17-44b1-bd6f-6f08718559cb,2025-08-24T10:16,5,112.85,Online,Pending
b2183997-46b7-4d79-815a-08e1e3d09f13,6c6a3b10-9747-4dca-a041-4edc22d147b0,2025-04-04T10:16,3,24.60,Online,Completed
99036aaf-a500-4295-b286-12330a89ca65,caca465c-e9f2-4add-91b5-24c70595e321,2024-10-07T10:16,9,195.03,Online,Completed
d55fc367-ee12-4c59-9b54-2397d300e3be,71f17b36-2c37-4cfa-bf8a-894fa94c0e9b,2023-11-15T10:16,6,85.98,Card,Pending
a485bcb7-05d5-440a-8d91-b482432a1087,964d337f-acd5-4ca2-8843-9be3f2eb60fc,2024-09-05T10:16,8,179.36,Cash,Pending
69aa6fc1-efbe-476e-add3-e4de9c6eaf7f,f543de06-e341-4de2-95ab-ca0fd3ee51fe,2025-05-25T10:16,7,120.05,Cash,Pending
076687b2-6768-4466-832c-8db429b1ea20,a5ffc907-be77-43e6-8694-4a0bf09bd3fb,2025-04-17T10:16,1,13.97,Cash,Cancelled
0dce62f4-f956-4655-9d6b-dbf74a05547d,bb6ceda0-3f7a-4dfa-9862-41a88dd468b2,2025-07-07T10:16,1,20.73,Cash,Completed
579ef8f2-c2c3-4bfb-b6a6-fbe632b0e939,ba5d9947-b043-4aca-8ee0-6b77895cf8e8,2023-11-14T10:16,5,39.30,Cash,Completed
484e40ce-6338-480e-b2d8-d60f8b3730dd,a190f67b-21df-46bc-8164-46bdfa00af85,2023-12-05T10:16,4,85.00,Cash,Cancelled
aa162161-40b8-4947-8c75-6a600c9c7520,4e6807ca-aed8-4ec9-b1b0-0e3aba57efb1,2024-07-30T10:16,6,107.70,Card,Completed
d9ee955d-4b3e-4b69-9ebb-4b8aba50ff32,39cb44e2-a541-4b98-bc0b-db5f31cf8710,2025-06-02T10:16,3,69.96,Cash,Pending
2c459f84-c8d3-4678-9764-2b30d3057888,058b9c75-b72f-4594-80d2-e41194ff7672,2025-05-01T10:16,8,101.28,Online,Pending
64eb920f-0a9d-4bee-a654-cb8c7d7675a0,0fcf4084-ea31-49f8-99f9-9bf8c8b0c16b,2024-06-11T10:16,7,108.29,Online,Cancelled
4d1d1078-6957-493e-bd8e-9b3cf7c41b78,e6cb1215-5314-4d05-bfd1-f6e5d36e89f7,2025-08-05T10:16,5,115.80,Online,Pending
d5bd94c0-fd47-4b07-a580-537548135c68,67c276b0-7be6-4f3c-bf86-c342095c8112,2024-01-03T10:16,2,27.36,Online,Cancelled
ebf1fa8e-4d5f-462c-8529-888a32514302,6b1178fc-1745-401d-88da-3903c243ebe9,2025-06-04T10:16,4,28.08,Online,Pending
924faa5b-0973-4e25-98f8-01a4c4f1fd59,f067e21d-d1d4-4e87-9cae-9753f5f9ccb6,2024-11-30T10:16,9,267.75,Online,Pending
d0045637-7be4-4b6a-ae16-637ac3305ba6,fe624323-ba72-456d-9842-ed9e0edc75df,2025-04-18T10:16,9,72.45,Online,Cancelled
d4f4ac30-d52d-4ff8-9d97-17194022f000,983d66ae-c8b0-46b8-8abc-26a1055cf729,2024-10-20T10:16,9,195.30,Online,Cancelled
d2b331cc-acc0-45ee-946c-143990b08ae1,e277d099-db2a-4aee-ab86-8b0e73a34383,2024-03-30T10:16,9,172.98,Card,Completed
d0a55798-4786-4fb0-a72a-8a0410fa865f,9c53f3f8-5b22-4d77-bd76-cfa6c70e443c,2025-08-29T10:16,8,236.16,Cash,Pending
55f13d23-587a-487d-9a55-0c06e3b4cbe1,a302a1a8-c429-406f-abff-9f273aa0a4b5,2024-09-16T10:16,5,94.95,Card,Completed
be47d38d-2ccc-433b-80de-6c8b27ca863f,4739f27f-7a96-4d52-83ae-0c6fd4c8c606,2024-11-28T10:16,7,189.28,Cash,Pending
86833a85-d119-472a-8961-a053531197d1,90f0db1e-2b19-43f7-ba17-233c7c214eca,2025-07-10T10:16,5,95.80,Card,Pending
f73ae935-d051-425d-8c75-a05266f1767b,8e1bbe6c-7b75-46dc-8ca1-0b1664cd6ae4,2025-01-24T10:16,9,132.57,Online,Cancelled
ab489c3d-c8aa-4a8c-af6d-fd189121d0b1,0a570207-0f70-467f-bbeb-44a0a60a9a25,2024-01-19T10:16,4,45.00,Cash,Cancelled
a66e4311-b238-4f51-a2de-f20ae96f8ff3,8113211c-bdc3-4bb0-94d9-3fd3871f3005,2025-10-11T10:16,6,31.20,Online,Cancelled
8e566287-fea4-44b3-8b68-e548e0fdb7cf,0a15d43b-8f6b-444a-bef2-ffbddfdbd16f,2024-07-01T10:16,4,38.56,Cash,Pending
7f2c8230-bb10-4e7b-974c-bf0e2c293b8c,3ab3404a-ee80-4ed2-8d90-a6f0dad14e48,2025-02-10T10:16,4,102.92,Card,Completed
118a039a-b06e-43d7-822f-bac336491a0f,8626238e-5813-415a-9a8c-db944b1e0269,2024-04-05T10:16,4,96.60,Card,Completed
440d5ac9-465e-4cc1-b980-c777026376d8,b90a3a7f-421e-47e5-8598-fe50f365a62e,2025-09-28T10:16,7,158.34,Online,Pending
aa21044d-afab-4435-aec8-19e86fc2741f,000f9c8f-2fc7-4346-844d-c04f10751265,2024-12-28T10:16,3,59.07,Cash,Pending
0dba1b72-f07b-4da4-858e-03e0b50419da,935ebde1-5945-4673-886e-1a7a12cc2d4e,2024-10-08T10:16,3,46.50,Online,Cancelled
ecc9415f-7b50-44c2-9e3a-05f8975b51cb,cb8747c7-32ca-4b6b-868d-13ab01d953ec,2025-06-12T10:16,7,202.65,Cash,Pending
5ca48438-c51d-439d-b6d9-d5ccb7c726db,fdb5454e-2230-489e-ade4-9218ff28cbd8,2024-10-26T10:16,4,59.60,Card,Completed
126e8a8d-e351-44aa-ae64-0078ba38ef5e,67c276b0-7be6-4f3c-bf86-c342095c8112,2025-07-16T10:16,4,48.00,Card,Completed
2ebba402-961d-4302-a8ea-b735fe099f99,a3f626b9-cc27-4c04-8570-be79ab8bda4a,2024-10-26T10:16,8,158.72,Online,Completed
29a87f9c-d7b9-4185-a4d8-b7c6bc62ea12,71f17b36-2c37-4cfa-bf8a-894fa94c0e9b,2024-09-26T10:16,2,30.12,Card,Completed
477b2ca1-f306-4098-8e7a-d26139812983,14eace30-1ac2-411e-8eef-98e8f32a87fb,2025-01-22T10:16,9,197.46,Online,Pending
39428c13-d940-49de-bcb2-0d96cef7e4d5,ba5d9947-b043-4aca-8ee0-6b77895cf8e8,2024-04-02T10:16,3,71.88,Card,Pending
cb04369b-e72c-4762-93ea-4338e09e403d,6e551d53-4f6d-4b84-a9de-3d7c79694805,2024-10-03T10:16,9,134.28,Card,Completed
72da206a-9f55-4e51-8826-9be33c251848,000f9c8f-2fc7-4346-844d-c04f10751265,2024-03-03T10:16,1,29.29,Online,Completed
3aff86bd-fcf1-4808-b3e6-b3ba53ea71b9,49af098b-bf79-4643-8e49-739ea932d38b,2025-10-16T10:16,2,33.08,Online,Pending
76db5257-76a9-4190-baa6-560af3b3ca9b,52c87fd9-fdf0-4256-b929-6153ad24a0ac,2024-11-27T10:16,8,113.60,Cash,Completed
3fc51627-81ba-4944-a9d9-78d1e64f9d47,a938df5f-7764-459c-8bfd-90409d16b3c6,2024-06-20T10:16,6,106.68,Card,Cancelled
b7a6caeb-84d5-49b8-b545-81be6d105110,a302a1a8-c429-406f-abff-9f273aa0a4b5,2024-08-28T10:16,6,111.54,Cash,Pending
a27d9728-ebaa-411a-9b33-efc645ddb7f5,c63bd277-c81c-40c5-8720-6ce916d653c4,2024-12-04T10:16,4,56.72,Card,Pending
4d87d3e6-dcda-43ac-9766-82cdf16269e7,0a15d43b-8f6b-444a-bef2-ffbddfdbd16f,2025-10-26T10:16,7,59.92,Cash,Completed
4c525c98-f8b1-4b60-be69-3cac5798e884,caca465c-e9f2-4add-91b5-24c70595e321,2025-08-31T10:16,4,109.80,Cash,Completed
8622509b-7046-482a-86af-128bce2b70e8,c63bd277-c81c-40c5-8720-6ce916d653c4,2024-09-30T10:16,2,46.48,Cash,Completed
0065e28d-2e87-460d-a253-648bd06b4a5a,f0a6a958-e434-41bf-a830-dffa55a34db5,2023-12-05T10:16,6,170.40,Card,Cancelled
256101e3-e467-4fcb-a525-08ca42766868,25659c0e-6eb5-4c57-add8-fb6ac5f42699,2025-05-27T10:16,4,21.36,Online,Completed
d53bde20-e9e2-4257-8813-169bff3329ba,d7af10ce-45c9-4fc8-8dd8-b1c5491aad5f,2025-07-30T10:16,1,9.62,Card,Cancelled
3caadb93-59f8-43b2-89ec-1e9fc7b89a1e,401a6911-a31e-4892-adc1-56e3e1eb090a,2024-07-04T10:16,1,12.22,Cash,Completed
263513e5-7ee1-40e0-9afa-8cd34f81f773,485b65e7-fdf4-474d-afba-37986d8d3cd8,2024-07-06T10:16,5,120.45,Cash,Pending
ef447c40-db81-4c06-af15-214a0ef3d4df,74e76582-f1b8-4560-b049-8aebb59d4721,2024-09-14T10:16,9,122.22,Cash,Completed
86a042e7-8319-4090-b491-201c62bbf292,401a6911-a31e-4892-adc1-56e3e1eb090a,2025-06-13T10:16,6,97.92,Card,Cancelled
2ff9012d-4e59-4a40-a0a5-0590151e6a6e,bf0de251-90d7-423c-8b31-48df1a89964f,2025-02-18T10:16,2,13.46,Online,Completed
6217486b-61e8-43c0-b479-c475d08e8ccb,d3f641e5-b8b5-4f5f-9155-7768df2033e8,2024-07-03T10:16,5,84.50,Online,Pending
de87cac8-50f9-4d43-8547-2030d88180ab,4b14a58c-f1e4-40b6-888d-a88cd7055099,2024-04-18T10:16,3,85.95,Online,Cancelled
5b8f3c6f-fd90-41a5-90f6-ba4b83b39734,4f6ae324-5b6d-47d6-a86d-26ec6fbe1e0e,2024-03-28T10:16,1,6.06,Card,Completed
b940bec1-2ad5-4daf-bff2-24c07a0e6507,365c90d0-a590-4209-9401-2ce55af5ed98,2024-12-12T10:16,4,56.20,Online,Cancelled
1e0944c0-38c2-4d02-bed1-9f30a6996cf8,500fde18-ea61-4380-9ea4-f06d09985870,2025-01-22T10:16,8,213.68,Card,Completed
59caf366-7ac6-4438-9e1b-6518f7999e28,e12c3d24-86c8-474f-b86b-370df36adbfe,2024-08-07T10:16,8,238.00,Online,Completed
b6304aaa-f70b-4118-a590-82a62f0f04a5,a3f626b9-cc27-4c04-8570-be79ab8bda4a,2025-03-14T10:16,5,56.05,Online,Cancelled
3765331a-7b70-4720-bb96-604ea0bcb68c,53db1213-7316-47bb-9099-c1def0e3c96b,2025-04-03T10:16,3,41.67,Cash,Pending
06902904-99a0-4575-b1ce-3e8a400b2320,d3f641e5-b8b5-4f5f-9155-7768df2033e8,2024-06-19T10:16,3,67.23,Online,Pending
45cf242c-a3ec-4f43-978e-eaa7d07fbb51,9b9edd1e-b4f7-414c-b8b5-a3dc51fa0a8c,2025-03-20T10:16,4,104.52,Cash,Pending
c197375f-bfe7-4c4a-859c-07a50f9d0d7e,3dcaabe3-78c9-4d88-bed5-56ca7ceea07c,2025-02-28T10:16,5,29.60,Cash,Cancelled
8decdcec-ce7a-4ba3-b97a-46b330904c32,8f7f530b-bb30-4a05-b437-744ed30af54f,2024-03-21T10:16,9,140.22,Card,Pending
86467e1a-5454-44b2-991f-137f6bd57928,6f61ca8e-51a1-48e0-abfa-88326e713e34,2024-05-09T10:16,8,170.24,Online,Cancelled
edfff2e0-661a-478f-bebe-18fdd956009d,68169a66-a8d4-4763-914e-7befc826445b,2024-11-02T10:16,7,157.15,Cash,Cancelled
5d508726-56ad-40fc-8293-3c499b910c4e,caad7924-4bc5-4f85-9662-11ca261e3c87,2024-02-25T10:16,3,23.88,Online,Pending
4ddf0a0b-d283-472e-8101-250a87baf498,6117b6f0-c4f4-4bf1-9eeb-f33950decba8,2024-03-15T10:16,9,181.71,Card,Completed
bd81b81c-113f-436b-9d8b-f6141f940583,bfa3444b-2be9-46be-b944-720d86a59770,2025-03-10T10:16,8,140.88,Online,Completed
71b13c46-629c-4e60-821e-fa675a30e308,0a0ac3e5-6e20-4fbc-87ec-5481c70e38bc,2025-08-23T10:16,6,131.70,Cash,Completed
48c2ac56-51e1-4f5b-849c-7894df2fb383,14eace30-1ac2-411e-8eef-98e8f32a87fb,2024-11-18T10:16,9,91.89,Card,Cancelled
605326e9-b508-4af1-a27f-2bd6ede558f4,0a5bd884-b432-4ce5-b14e-44b4aedd4c0f,2024-07-12T10:16,7,93.73,Online,Pending
7832c94e-5ba1-487d-9157-4dd3608a2785,401a6911-a31e-4892-adc1-56e3e1eb090a,2024-01-05T10:16,1,11.60,Online,Cancelled
eefbc509-e2cd-40ad-aeb5-3455a5735486,7509850a-5062-4da9-aad6-bc5b9e363ef1,2025-09-14T10:16,2,21.68,Cash,Pending
a42c4982-a894-4868-ad5f-97880b022a2c,aac35608-9499-49c5-811a-a059e773c968,2024-12-05T10:16,6,39.72,Online,Completed
94efcd06-95ba-477f-827d-6631465a3a4f,60cd80b6-3967-4dae-b4df-adc7b5644971,2025-08-27T10:16,6,168.36,Online,Pending
4d33ec74-792a-40cb-b3c6-c80c9a8db04e,b014b56e-3263-4b63-8430-46e00bc5ea77,2025-04-27T10:16,9,99.36,Online,Pending
16f317cb-59e8-454c-9f1e-7f59b48243f4,8626238e-5813-415a-9a8c-db944b1e0269,2024-01-11T10:16,3,41.01,Cash,Cancelled
add0a7c7-0371-404f-bdd8-4f248b349feb,964d337f-acd5-4ca2-8843-9be3f2eb60fc,2025-08-18T10:16,2,55.40,Cash,Pending
0fe04cfa-b457-4fe5-885f-d75c4ed922e2,0a5a9fc7-e126-48f0-99aa-dea85c606f66,2025-04-05T10:16,2,21.38,Card,Pending
a291d060-a5ea-425b-89fb-c0a2fad787f1,365c90d0-a590-4209-9401-2ce55af5ed98,2024-08-10T10:16,3,23.22,Online,Completed
1548ff1d-cbe5-40d9-a10c-598296598b1c,6945f6f4-b8f9-4d04-90ff-e59ed705578e,2024-10-21T10:16,9,266.67,Online,Completed
abef7e2c-dd3b-4c2f-a30e-938169a22b89,4b14a58c-f1e4-40b6-888d-a88cd7055099,2024-03-26T10:16,2,18.64,Cash,Pending
4933263e-b970-4079-a49a-a8685d2b4bcf,0a5bd884-b432-4ce5-b14e-44b4aedd4c0f,2024-03-07T10:16,7,67.76,Cash,Pending
de9cbe3f-c391-49d6-9108-ba5319c7f17f,c5817fdc-a4dc-4879-b957-30cfda62016b,2024-12-08T10:16,6,93.42,Online,Cancelled
a79ca3ca-80ba-44ab-86af-3431977800bb,d6d4ef4b-0870-48aa-b884-013237f255f4,2024-12-23T10:16,7,125.65,Cash,Completed
f697ad5a-ef37-4998-b36c-0eaab074a6aa,23650eb4-f98d-45a3-a90b-a378f03d469d,2025-03-18T10:16,3,69.21,Cash,Completed
9969b2a8-c11f-428c-be7e-51220ab408db,a5ffc907-be77-43e6-8694-4a0bf09bd3fb,2024-08-17T10:16,6,67.38,Card,Pending
472983e8-221a-4305-829f-2d1335a40ba2,b6c26110-1b77-4777-8c79-c69ec19b66df,2024-10-31T10:16,2,32.36,Online,Completed
b91605a6-2c8f-475c-8f86-b3b1dda4d3ea,e85d0261-2d97-4475-a749-363ec9040a74,2023-12-25T10:16,2,56.24,Cash,Cancelled
1d55e8a9-2b5c-461b-a2cb-76a6afc6b9c8,964d337f-acd5-4ca2-8843-9be3f2eb60fc,2025-03-09T10:16,4,113.92,Card,Pending
33ee1989-8448-4008-9caa-92828ce038c2,6117b6f0-c4f4-4bf1-9eeb-f33950decba8,2024-08-03T10:16,7,168.84,Online,Cancelled
2d7064c9-3aff-4191-b9bf-4efc208b415d,d87f31d7-79ef-4c17-856e-142e791b04da,2024-03-26T10:16,4,117.12,Cash,Cancelled
5ea147f0-940d-4476-b112-020ac59e7db9,b95f7619-fab2-4df9-8683-1f2aeb93a660,2025-03-15T10:16,6,152.34,Card,Completed
46b73565-2b09-46ce-8327-0a5e6c395fb8,53db1213-7316-47bb-9099-c1def0e3c96b,2025-11-10T10:16,3,54.66,Cash,Pending
6299056f-7e0e-452c-9ec4-5c31163a8b13,050d9901-1cb5-413a-9c31-282028f863c1,2024-04-29T10:16,7,115.22,Online,Pending
4efd5dfa-c1e6-4952-bdc6-63502164fa83,e6e1db85-f8ba-4264-9c9a-520ecda4bc4c,2025-05-09T10:16,8,161.76,Card,Completed
112b82d6-8bc6-43bf-abfb-ae0b6d29fb56,ec3490d2-e8da-47ee-ae12-0ca0b1d7a2bb,2025-07-06T10:16,7,44.66,Cash,Cancelled
a941194b-2494-4bb9-95f5-039aa1002072,05ccd8a5-ea5f-4353-bd1e-3022152b0685,2024-01-01T10:16,4,103.24,Online,Pending
25201d74-36fc-4025-9598-3f8b293465b5,0d463f72-c3a1-4a2b-8d0d-1721a0d1a06b,2025-10-24T10:16,2,32.46,Online,Cancelled
0ac91b32-2bdd-4e74-b19b-d00dc6f998aa,209e786b-2a61-4e52-a3b2-1cc98bcbf18c,2024-10-13T10:16,6,149.82,Card,Pending
5944a221-09b9-4369-8cd8-5c678ad5bebc,6e551d53-4f6d-4b84-a9de-3d7c79694805,2024-04-27T10:16,7,53.27,Online,Completed
bedbbc9e-fb4b-49bf-bf88-fc58891d1ea9,46032f36-69bc-465a-9b33-a5d560bfd77a,2023-12-31T10:16,2,35.96,Online,Cancelled
69b43f3b-b734-484a-a6fb-a5e88f71601a,8113211c-bdc3-4bb0-94d9-3fd3871f3005,2025-04-24T10:16,6,71.28,Card,Pending
16554235-1c68-423a-a794-227696d2c111,2ca088cd-c6c6-4e60-a1a4-d2990ee21b12,2023-12-28T10:16,3,65.91,Cash,Completed
cd4973b7-0134-4360-8301-63ab44c4f0af,050d9901-1cb5-413a-9c31-282028f863c1,2024-10-11T10:16,6,158.04,Card,Cancelled
93c49cdd-48c7-4775-90c3-e41df4c500b8,8887df7e-682b-4d48-b18c-c1ddfa0aaa26,2024-06-20T10:16,1,11.69,Cash,Completed
d85026a5-5a62-47ff-b966-d6c804221fc1,6e6d2c67-f7fb-4a98-8f9a-4822259b25c4,2024-11-05T10:16,6,124.68,Online,Completed
af4d19d3-1a18-457c-958b-75842067c0f8,209e786b-2a61-4e52-a3b2-1cc98bcbf18c,2025-06-22T10:16,9,134.82,Card,Pending
b0911d8e-74b0-4d80-8764-e8af63a46feb,910b1d47-5c37-48b1-8bde-96c60660f1d7,2024-03-20T10:16,1,13.84,Cash,Pending
25e08ef4-bb31-4074-849e-3d3f7890f9ed,b95f7619-fab2-4df9-8683-1f2aeb93a660,2024-03-23T10:16,9,183.96,Cash,Completed
092a02ca-a30c-4ff5-a55f-a4b0e2d2ad33,9fa382f0-8393-48db-ad30-43c953282401,2024-10-28T10:16,9,135.00,Cash,Cancelled
86045793-2d35-4850-bbc3-ac0a4f2e416c,8887df7e-682b-4d48-b18c-c1ddfa0aaa26,2025-10-04T10:16,8,152.00,Card,Cancelled
6cd4ae56-95df-49f1-a983-c3f21d737587,d5cfb1a3-ce2f-4aff-ab4c-50e0c5426af1,2024-01-27T10:16,1,16.93,Card,Pending
24436bdc-985e-452b-9c44-7bf9474cddbe,5eb75bc0-d5fa-4209-9d42-7767f3f0585b,2025-08-11T10:16,6,51.06,Online,Cancelled
31a614d2-181c-418a-88d5-87d388c7158b,0d463f72-c3a1-4a2b-8d0d-1721a0d1a06b,2025-08-30T10:16,9,82.17,Online,Cancelled
b30fa1fb-c967-40e4-8208-0df593cf5199,4739f27f-7a96-4d52-83ae-0c6fd4c8c606,2025-02-15T10:16,9,213.75,Card,Completed
31ec2d13-b269-41c0-8e4c-a4811c88ce28,4e44f26d-5455-405b-8fdb-63ab8b739ecf,2024-09-18T10:16,6,110.88,Card,Cancelled
d49d1018-07c6-4d8f-b56c-c04d000c5f34,795088d7-d227-422e-ad8c-f048bde0675e,2024-01-07T10:16,2,26.02,Cash,Cancelled
1de78df5-4abe-4dd4-9dbe-df65568f8089,e85d0261-2d97-4475-a749-363ec9040a74,2025-01-16T10:16,2,12.48,Online,Completed
4869ee2a-5a74-46dc-ada4-4bcff4cbfd71,9b9edd1e-b4f7-414c-b8b5-a3dc51fa0a8c,2024-04-12T10:16,2,51.00,Cash,Pending
c6ba9da4-e518-48e0-911e-e39e594509a3,73a2b03c-2dca-486e-8ebc-c4d6bb68a8c6,2024-11-22T10:16,3,48.63,Cash,Completed
f39c5e86-e91b-43bc-8fc1-3b3ab89e42d5,ebe19120-496a-47fa-87eb-2440212a3363,2025-02-04T10:16,9,187.65,Online,Completed
6ef59b63-8e4a-4194-8333-73dd428f1dac,d7af10ce-45c9-4fc8-8dd8-b1c5491aad5f,2024-06-22T10:16,7,208.74,Card,Pending
07e8054d-8a23-48ad-81ea-aa8bc1acf3a1,bb6bf39c-f455-4e08-a59e-1bdaaa91d4aa,2025-05-13T10:16,9,117.00,Card,Completed
fd9bfe26-da0a-48c0-a037-ce301d1d810d,0a5a9fc7-e126-48f0-99aa-dea85c606f66,2024-02-16T10:16,3,33.60,Card,Completed
ea26e4d2-d9e9-456b-8b63-62f11ea26be6,fe624323-ba72-456d-9842-ed9e0edc75df,2023-12-12T10:16,1,23.43,Online,Completed
b3720cf8-a0c9-415f-8048-84dfd651e2d3,910b1d47-5c37-48b1-8bde-96c60660f1d7,2025-03-21T10:16,1,23.89,Cash,Completed
d0b78fd3-3cc2-493e-9de8-e25a2085ca05,1407e9cf-22c9-4137-a2fe-cc12dc038235,2024-02-23T10:16,9,151.02,Card,Pending
a2b4244f-d902-474f-a07b-dddf3b3eb54d,d7af10ce-45c9-4fc8-8dd8-b1c5491aad5f,2024-04-20T10:16,5,52.60,Card,Completed
ec2037d8-16e6-4a64-a762-b7f77bc14f29,8887df7e-682b-4d48-b18c-c1ddfa0aaa26,2023-11-25T10:16,5,44.95,Cash,Completed
bbc15c62-842f-4c39-b4d3-52645051a766,cd50913f-8c99-4253-9134-0cf5fe5f300f,2024-12-03T10:16,1,7.32,Card,Completed
9cdb0ce9-e8d2-4c69-82bd-b00b207aefac,69446e90-4237-4410-ab55-e011eb04cce0,2024-10-17T10:16,1,12.66,Card,Pending
bf48c47c-9a9a-4315-ae7c-7a1d7dc69608,9b9edd1e-b4f7-414c-b8b5-a3dc51fa0a8c,2024-03-25T10:16,2,12.78,Online,Cancelled
819d02fd-d0c6-46e7-b9dc-b90b8bce1a78,a5ffc907-be77-43e6-8694-4a0bf09bd3fb,2025-02-02T10:16,9,141.84,Online,Completed
2973668e-fe73-4987-84a6-e8190f9b4d72,b3688304-b24b-416a-9bf4-c2b6aaeb59d3,2024-04-15T10:16,9,235.80,Card,Pending
10a69d77-0f49-4339-834b-02b3398ba054,11526850-7335-463f-b740-a52a90457c3b,2025-01-09T10:16,3,89.52,Card,Cancelled
defca4c9-5f3b-41f0-b09b-27f3f0a69bf7,23650eb4-f98d-45a3-a90b-a378f03d469d,2024-03-19T10:16,8,126.64,Card,Completed
76d75e14-45b1-49b9-b54b-c2071dccb410,2a109685-1399-4149-8951-fba29bb0360d,2025-09-07T10:16,7,41.30,Online,Pending
fd70c58b-10f7-4543-b448-26f54db74944,39cb44e2-a541-4b98-bc0b-db5f31cf8710,2025-06-28T10:16,1,25.10,Cash,Pending
f8747820-351f-4763-af25-a3fe8906cf85,4e44f26d-5455-405b-8fdb-63ab8b739ecf,2025-04-25T10:16,9,136.62,Cash,Completed
64a6ea6f-4457-439f-b7b6-1852ea81d0c9,4e44f26d-5455-405b-8fdb-63ab8b739ecf,2024-02-27T10:16,3,43.86,Card,Pending
3c17204c-6d45-4a16-8f49-8f101aaa32b5,52c87fd9-fdf0-4256-b929-6153ad24a0ac,2025-02-28T10:16,1,19.28,Cash,Cancelled
a356ab6b-410f-422f-a1d1-501306a206b6,ecf1ffb0-ac00-4968-87ea-8beef4ace55a,2024-12-20T10:16,1,7.70,Card,Cancelled
7012da78-93fa-4ef3-84aa-d997d42c2db1,e7991221-0de0-4ef8-aa9c-ca3b59197059,2024-11-10T10:16,3,42.03,Online,Cancelled
64243484-72db-4943-ad65-c64a4e47a5ac,c5817fdc-a4dc-4879-b957-30cfda62016b,2024-08-12T10:16,3,72.33,Cash,Cancelled
93f883f3-d625-4179-bd77-d39341b83778,bfa3444b-2be9-46be-b944-720d86a59770,2025-07-14T10:16,4,106.40,Card,Completed
414bc131-8485-4caf-af59-447b3e10f1ea,9fa382f0-8393-48db-ad30-43c953282401,2023-11-18T10:16,9,52.47,Cash,Cancelled
0823135f-9f1c-446d-99aa-d588a462eef3,d87f31d7-79ef-4c17-856e-142e791b04da,2025-08-03T10:16,9,145.44,Online,Cancelled
2ab955c9-76ef-4a71-b5aa-d63dac66ab35,8626238e-5813-415a-9a8c-db944b1e0269,2024-03-25T10:16,3,45.87,Online,Completed
90e8e122-d144-4958-ba0f-0d95d4e5195d,7c991f43-c18b-4404-8826-97691b0dc00c,2024-06-03T10:16,8,229.12,Online,Cancelled
4b4b12dc-3c0a-4349-9178-e3730229ee6c,2a109685-1399-4149-8951-fba29bb0360d,2023-12-07T10:16,5,132.20,Online,Cancelled
c22645ba-44b3-4b82-81c8-1f84276ef37d,b90a3a7f-421e-47e5-8598-fe50f365a62e,2025-01-27T10:16,9,192.78,Online,Pending
ecb5119e-f0ef-4590-8746-fe6a8f729198,65b2c0ea-6192-47fc-9286-2c1dd3ecefb1,2024-08-05T10:16,6,52.32,Cash,Pending
00e814ae-9c37-4a11-ad2a-8f03a0bbc6a2,9305d562-2505-493d-8ed8-3fb721c8f491,2023-12-02T10:16,7,117.53,Card,Pending
4a8c928c-f1bc-419e-a6de-9a6f00e397b2,0fcf4084-ea31-49f8-99f9-9bf8c8b0c16b,2025-11-04T10:16,2,23.76,Online,Pending
864d881f-96f8-4e58-bf39-c7b30912a2ca,ebe19120-496a-47fa-87eb-2440212a3363,2025-01-29T10:16,4,24.32,Card,Pending
b9df1d88-30d7-4f3d-bfe7-9531a7116c1d,8626238e-5813-415a-9a8c-db944b1e0269,2024-06-04T10:16,6,126.48,Cash,Cancelled
5770b232-10fe-42fa-a58b-7c89f8fd50bd,09ba4183-1b94-4f8c-bc5f-eca421a88524,2025-02-13T10:16,1,15.97,Cash,Completed
3b94572c-49b7-4918-8eac-3e477c66bdd2,ff4db0d8-e809-46e8-9ae0-78ffee4902d9,2025-08-12T10:16,5,33.45,Cash,Pending
05a66cdf-9392-4e01-ab7f-5dd601898648,46032f36-69bc-465a-9b33-a5d560bfd77a,2025-11-03T10:16,9,54.72,Card,Completed
b20193b0-7e80-4ea7-acbf-f361be830bd8,ebe19120-496a-47fa-87eb-2440212a3363,2024-10-22T10:16,2,43.26,Online,Cancelled
748b0d85-acb7-416d-8960-be1d58bd96dc,209e786b-2a61-4e52-a3b2-1cc98bcbf18c,2025-04-18T10:16,6,158.34,Card,Pending
36259f4f-6ae9-4ed7-8043-39033a395954,8b546c63-5406-493d-bc69-cfb594b38267,2024-05-31T10:16,4,96.84,Cash,Cancelled
d8f6bd32-36ff-4dd6-b197-c9ceeb5bd30b,c63bd277-c81c-40c5-8720-6ce916d653c4,2023-12-11T10:16,2,21.16,Cash,Cancelled
33ec4d78-7220-4b09-80ab-263037c70028,bf0de251-90d7-423c-8b31-48df1a89964f,2025-01-20T10:16,6,44.34,Cash,Completed
71fc4f41-fbc8-40be-a9db-21dcf3b3e0fe,c63bd277-c81c-40c5-8720-6ce916d653c4,2025-05-16T10:16,9,234.99,Cash,Cancelled
6fc822cc-f058-4b2a-bfeb-95ae35182be9,bb9edfa8-17f7-4f6f-8e3b-616693a298b1,2025-10-04T10:16,9,223.83,Cash,Cancelled
55e354cb-b97e-4d62-a5ba-c53567a2dbd9,d6d4ef4b-0870-48aa-b884-013237f255f4,2024-09-19T10:16,8,102.56,Online,Pending
40c5acfa-c51a-47e2-8029-c0b678b10347,8b546c63-5406-493d-bc69-cfb594b38267,2025-11-04T10:16,3,66.42,Card,Completed
b381fdc0-793f-458d-8f90-33eadc8ec536,941529ef-2114-4bff-907a-4596ff4593a1,2025-01-25T10:16,1,20.92,Online,Pending
93fe9b7a-eb6d-45cb-800f-fe97d9c4bc16,d7af10ce-45c9-4fc8-8dd8-b1c5491aad5f,2024-02-09T10:16,9,149.40,Card,Pending
7410dd54-1958-4d32-9b0d-55189b80dc24,a190f67b-21df-46bc-8164-46bdfa00af85,2024-01-16T10:16,8,122.08,Cash,Completed
62771cb0-5cb8-408b-bc2d-ad9eab6290a5,b014b56e-3263-4b63-8430-46e00bc5ea77,2024-09-10T10:16,5,87.35,Online,Completed
ba5dff3e-6c05-4d87-a7c4-e8a8ce648854,8e1bbe6c-7b75-46dc-8ca1-0b1664cd6ae4,2025-09-21T10:16,2,16.26,Cash,Completed
b3f5f71b-ffc9-483a-b7d5-79254f5ab510,7a18d550-38d0-40b2-84a7-547162e7e409,2025-04-24T10:16,8,136.64,Cash,Completed
ebe78089-acb9-4f0f-a4df-4bf14d9af216,f0a6a958-e434-41bf-a830-dffa55a34db5,2024-05-20T10:16,1,8.59,Online,Cancelled
c3d30254-a49f-433b-afa5-4193cbc1e4c4,6aaabc79-3d35-410f-bb96-f86a3930d0ff,2024-12-19T10:16,1,26.49,Online,Completed
f01d7c74-933e-458a-b836-2fcf80f7d5f8,65b2c0ea-6192-47fc-9286-2c1dd3ecefb1,2024-08-02T10:16,2,24.98,Cash,Pending
afa87878-4b04-413f-b480-ef7b1a1cdd73,21edfc22-3f73-4335-a774-3cf78ab65e86,2025-10-23T10:16,1,25.55,Online,Cancelled
e254fed8-13a1-4635-86ab-4e29dd643444,e85d0261-2d97-4475-a749-363ec9040a74,2024-04-19T10:16,9,191.61,Cash,Completed
1a0bdb7d-1fe6-4745-a909-3b7effed2275,09ba4183-1b94-4f8c-bc5f-eca421a88524,2025-01-01T10:16,5,111.10,Card,Cancelled
6aa8abba-a837-4788-8dbc-6a00c3f471d5,885715b6-b1eb-44ca-8460-28c0343e56f3,2025-03-23T10:16,4,84.20,Card,Completed
c77a98fc-41b5-40f3-b969-cb44c15d998a,52f5634d-de98-4543-8a1e-cbf1e2d0242f,2024-09-06T10:16,7,98.70,Cash,Pending
f82dd367-dde1-4188-a71d-fe6b19949605,953417c6-cd52-45e9-9ca0-bb450653c934,2025-01-03T10:16,9,123.12,Card,Pending
407175a5-f31e-479d-9abb-2b399a24fd6a,2a109685-1399-4149-8951-fba29bb0360d,2024-08-20T10:16,6,65.16,Card,Pending
493dd9b9-959f-424b-b842-59de5c8b43c9,3910ab11-8758-4a4f-8a9b-c4f5df7413c4,2025-05-06T10:16,3,71.67,Card,Pending
92130974-252e-4370-a1fc-96b8a9e17518,941529ef-2114-4bff-907a-4596ff4593a1,2025-10-15T10:16,8,188.80,Cash,Cancelled
71040044-4091-492b-94f4-e928fc12345f,5f0f3def-9ff6-4282-ad04-001c4a769966,2025-09-16T10:16,3,26.22,Card,Pending
46d5f304-2e13-458a-9cee-60bb1de1e4e1,b0d737cd-ec4b-4a88-aa81-d012ef3fb719,2024-07-07T10:16,5,61.60,Cash,Completed
5eec01ce-01d1-4fb9-8819-d3a2d8969256,964d337f-acd5-4ca2-8843-9be3f2eb60fc,2025-01-10T10:16,2,27.70,Cash,Cancelled
445c9676-f573-4f87-bb52-d00709f01de5,953417c6-cd52-45e9-9ca0-bb450653c934,2025-06-11T10:16,6,79.62,Card,Cancelled
910fbea1-dd8c-4648-89c5-0653a0a82318,ada8704c-2784-4d70-84da-10078407d2c8,2025-04-03T10:16,4,113.32,Card,Cancelled
a7f8846a-21c1-47df-8b8a-92916ae49c61,52c87fd9-fdf0-4256-b929-6153ad24a0ac,2024-12-13T10:16,4,42.40,Card,Cancelled
af348628-475c-4323-a05f-7784ebe8e461,fdb5454e-2230-489e-ade4-9218ff28cbd8,2024-10-10T10:16,4,91.28,Online,Completed
e28919a2-0bdf-44c5-9c87-86a0e505a2bf,6e6d2c67-f7fb-4a98-8f9a-4822259b25c4,2024-03-07T10:16,7,72.52,Card,Cancelled
099f627d-95fb-4fab-b3bd-5de9b2ad2eae,f6c35464-33dd-44a7-bf84-071f2e427045,2024-08-17T10:16,5,58.85,Online,Cancelled
c96689fb-edd2-47f9-9da7-1423cc8d26db,f3826f04-0dfa-4266-8002-58fede0093f5,2025-09-30T10:16,6,175.92,Online,Cancelled
ff1a9595-06c3-4b8e-84d8-74e985106b66,6e6d2c67-f7fb-4a98-8f9a-4822259b25c4,2024-07-06T10:16,8,153.44,Online,Pending
20578a24-528c-4036-b994-ee916e185d48,b3688304-b24b-416a-9bf4-c2b6aaeb59d3,2025-06-20T10:16,3,37.47,Online,Completed
a342cb7a-69ba-4980-8205-484b3dda59d7,cd50913f-8c99-4253-9134-0cf5fe5f300f,2024-11-16T10:16,5,114.05,Online,Completed
815f0b07-90f9-409b-b688-8c160f74c13f,ba5d9947-b043-4aca-8ee0-6b77895cf8e8,2024-07-02T10:16,9,113.85,Cash,Pending
ef8a0dee-9ede-4d78-9d6b-bd1f636c0cde,11526850-7335-463f-b740-a52a90457c3b,2025-04-15T10:16,6,149.76,Card,Cancelled
2a0df12f-cb57-42e7-84f8-529d113c164f,ef7fad1f-a86f-4ee1-95b4-ce1f339f0fa5,2025-06-26T10:16,6,99.36,Cash,Pending
1a78449d-19bb-40a4-811d-fe8523d2881a,c63bd277-c81c-40c5-8720-6ce916d653c4,2024-03-30T10:16,1,8.03,Online,Pending
dc8dc826-5eee-45e7-812a-d38098eead1d,6117b6f0-c4f4-4bf1-9eeb-f33950decba8,2025-07-06T10:16,1,27.16,Cash,Pending
ae7b549d-5e16-416b-8f03-8e4640bac248,6bd388d4-5636-450b-bacd-55bdcb769bab,2024-04-29T10:16,9,150.48,Online,Pending
e8ea00e7-e2b6-41e7-ae19-c795bb82b865,2a109685-1399-4149-8951-fba29bb0360d,2025-10-05T10:16,4,36.16,Card,Completed
53fedba8-172a-41c0-a849-4a0c090c33b4,205ea7f7-e714-45b8-a083-11247ff702a1,2025-07-09T10:16,2,27.98,Cash,Cancelled
09151dfc-169d-43f3-90ef-b27faa03b2c3,b3688304-b24b-416a-9bf4-c2b6aaeb59d3,2024-08-26T10:16,6,56.88,Card,Completed
4b746e1b-5a64-4d80-a2b4-9c5e584c79ce,a938df5f-7764-459c-8bfd-90409d16b3c6,2025-04-19T10:16,8,138.48,Card,Pending
d02d2363-457e-47c0-b03f-a1fe89dffc3f,e886c155-0dae-4b36-88f5-a86fa474d1f6,2024-11-10T10:16,2,42.94,Online,Pending
f551d96a-dddf-4fd4-a885-86338a064c55,401a6911-a31e-4892-adc1-56e3e1eb090a,2024-04-18T10:16,7,131.53,Cash,Completed
c5b817ed-9dcc-4928-8159-64ec4871f107,14eace30-1ac2-411e-8eef-98e8f32a87fb,2025-03-04T10:16,1,20.47,Online,Cancelled
8ad9cd56-b74e-4708-8ccd-38b698fd9e35,59827b2a-ae17-44b1-bd6f-6f08718559cb,2024-02-04T10:16,5,82.70,Cash,Completed
bfaf3d27-096f-4390-8a0a-0e47d3f9a0c2,d33bbfcd-a2ca-4e80-8a1c-65223f061e7e,2024-01-23T10:16,7,208.53,Cash,Cancelled
58ed4225-3b60-4f3c-af95-5903ec889b6a,f90cf3ca-e2d0-4129-bc7a-e8a2b80880da,2025-08-04T10:16,1,16.20,Card,Cancelled
b7f2a4a0-2f31-4714-bbb6-f614fe62a8cd,bb9edfa8-17f7-4f6f-8e3b-616693a298b1,2024-06-29T10:16,6,137.94,Online,Completed
cc62cafa-2fb3-4c30-bc8f-fbecd7ba88da,49af098b-bf79-4643-8e49-739ea932d38b,2025-08-18T10:16,3,60.45,Cash,Completed
e7110dc1-9d12-4969-a477-287a898fce29,90f0db1e-2b19-43f7-ba17-233c7c214eca,2024-07-21T10:16,3,40.35,Cash,Cancelled
5aae1730-91eb-44e9-a57b-50a0eafd2449,a3f626b9-cc27-4c04-8570-be79ab8bda4a,2024-08-04T10:16,8,53.04,Online,Cancelled
9f364901-d049-4eb8-a29a-456d398b927f,515fe1d2-d33a-4b9d-8c19-07e0cbe81a9a,2025-04-13T10:16,9,193.77,Online,Cancelled
4ee8e323-f078-4823-930f-5c733dfbe84e,4739f27f-7a96-4d52-83ae-0c6fd4c8c606,2024-06-26T10:16,1,8.93,Cash,Completed
664611b1-0ebb-4b0f-b116-ccb672c2c684,964d337f-acd5-4ca2-8843-9be3f2eb60fc,2024-02-06T10:16,2,20.84,Card,Cancelled
da2472f0-4dfd-4e2e-8ace-1b4c41d3bae9,4e44f26d-5455-405b-8fdb-63ab8b739ecf,2025-04-06T10:16,3,79.77,Cash,Pending
46dfca91-bc53-42ce-9ec4-94d0c4ae6696,6c3bf618-a715-40f9-9faa-cfc5f5beef2f,2025-02-27T10:16,7,96.95,Online,Completed
3785f693-211f-4dcb-b030-bfc884c7d2f0,46032f36-69bc-465a-9b33-a5d560bfd77a,2024-03-02T10:16,5,65.10,Cash,Pending
6b9bc2f8-30c2-4886-8905-f91c1e1d6bbc,fbe227d7-6d32-4407-9783-7fdac983e55f,2024-12-08T10:16,8,213.92,Card,Pending
b05fba5a-14c5-476d-87db-ced0f8d58b08,63846b60-b7be-4087-ac6e-56c9bc130a20,2025-08-19T10:16,2,38.48,Card,Completed
c9de8a39-f3dc-4aee-88f9-10e1c9e64941,4b14a58c-f1e4-40b6-888d-a88cd7055099,2025-01-14T10:16,2,37.80,Card,Cancelled
cfe3b305-b6e2-4e00-b707-c831c79cab5f,e85d0261-2d97-4475-a749-363ec9040a74,2024-09-18T10:16,1,26.08,Card,Completed
9e521a15-4b4e-4827-926f-4beeca62949b,9305d562-2505-493d-8ed8-3fb721c8f491,2024-06-29T10:16,4,113.96,Card,Cancelled
fcbeea16-4422-44d7-bf77-74f38da89e0c,6f61ca8e-51a1-48e0-abfa-88326e713e34,2025-05-10T10:16,1,11.54,Online,Cancelled
da838680-cefc-42b9-a239-85d51733f198,000f9c8f-2fc7-4346-844d-c04f10751265,2023-11-20T10:16,7,125.79,Online,Completed
e2bedc88-30b1-4680-be11-d471fc5dd998,fdb5454e-2230-489e-ade4-9218ff28cbd8,2024-12-13T10:16,2,43.62,Online,Pending
a396d781-3bc0-478a-9baf-b962d988ab7f,98b17fed-218c-4f20-8410-9f0edfc74455,2024-03-18T10:16,9,139.59,Cash,Cancelled
48a915b4-f98e-4a63-a8a9-e10db10ff66e,90f0db1e-2b19-43f7-ba17-233c7c214eca,2025-04-02T10:16,5,50.00,Online,Completed
acc7a164-c997-4f4f-9b74-d30ebc546a8e,c63bd277-c81c-40c5-8720-6ce916d653c4,2023-11-30T10:16,7,49.84,Cash,Pending
80c241b0-8d5a-431d-a1b9-8b7b14756c39,1d32c3b3-c732-4995-aa6b-ff159deb3bdf,2024-01-23T10:16,5,60.45,Cash,Completed
6e558170-0fa2-4503-97b4-cb4a290acfb1,1233cc27-7567-48e0-8dd2-6b0019506c2f,2024-10-30T10:16,3,59.43,Card,Completed
99cf5a90-2843-47ef-859b-5a7ffbbe670b,aac35608-9499-49c5-811a-a059e773c968,2025-07-18T10:16,8,208.88,Cash,Pending
a8b6bf06-c844-4622-af58-06358cb14baf,3dcaabe3-78c9-4d88-bed5-56ca7ceea07c,2024-04-19T10:16,7,139.72,Online,Pending
80744e2d-8377-4c18-8da5-a8fdb53b843b,77ca464a-fe0d-4dcc-8f08-3eb2f7b64f76,2025-10-07T10:16,3,77.55,Online,Completed
c8ac68c2-0de5-4265-960f-0eadaea2d3a5,c63bd277-c81c-40c5-8720-6ce916d653c4,2024-08-08T10:16,7,197.47,Online,Cancelled
c5872627-8559-4c82-af1f-c7da5a6ba96e,3e97fc93-73a7-45e0-9888-f7a03ee258a7,2025-07-27T10:16,6,120.66,Online,Completed
7769e611-6e8f-4bef-aa0d-3f0bb6b542e2,4e6807ca-aed8-4ec9-b1b0-0e3aba57efb1,2024-03-11T10:16,5,68.65,Card,Completed
6d3b99cc-e869-4c7f-8d9d-604c69d000f4,824998a2-7592-4051-ab0b-d5e12743c93b,2024-08-29T10:16,5,130.20,Online,Pending
5409e280-ec19-40d5-b2a9-8c4c604084a3,ecf1ffb0-ac00-4968-87ea-8beef4ace55a,2024-03-01T10:16,2,36.46,Card,Completed
2cc26868-2060-420d-929b-da6ab60c66f3,b6c26110-1b77-4777-8c79-c69ec19b66df,2024-10-06T10:16,4,85.28,Online,Pending
65c36184-1af8-4796-8525-3eb4161ead39,e6cb1215-5314-4d05-bfd1-f6e5d36e89f7,2025-04-01T10:16,7,71.47,Cash,Cancelled
8ea47b30-3717-413a-8bda-f9ef35ec7960,caca465c-e9f2-4add-91b5-24c70595e321,2025-05-08T10:16,4,80.76,Card,Cancelled
00005de0-5de4-4344-99b8-13e3e774f27f,e7991221-0de0-4ef8-aa9c-ca3b59197059,2024-01-17T10:16,8,170.64,Cash,Completed
bda31729-874b-4f30-88ce-ea23aecc0a4e,2ca088cd-c6c6-4e60-a1a4-d2990ee21b12,2024-12-29T10:16,5,31.95,Cash,Cancelled
1b1be4ee-b2b8-4b0a-8e1d-4effcef14c5f,5400d214-6176-40bf-88d2-3f53ed38bf69,2024-01-27T10:16,6,75.30,Card,Completed
d037f1e3-57e0-45d0-a96e-a9ff0eafa80a,92da274a-bea2-490a-bb52-196c46fa8487,2025-01-10T10:16,1,9.01,Cash,Cancelled
41ad5788-7bf5-48c1-ac08-80523fab3b3b,d5eaf6a7-76cc-48ec-98d9-ba713e2df70f,2025-04-08T10:16,4,26.80,Cash,Pending
53fa8c4a-8377-4c00-94f8-a907d4920f80,14eace30-1ac2-411e-8eef-98e8f32a87fb,2024-05-16T10:16,1,26.95,Online,Pending
0fa45cbc-0235-47c6-9c0d-5337f9026038,000f9c8f-2fc7-4346-844d-c04f10751265,2024-06-10T10:16,9,239.22,Card,Completed
13b5c6ae-7423-4412-8a9f-c32eab9040f3,27e45431-1333-4ffd-a0c8-be56ffdc5d4e,2025-03-30T10:16,3,29.37,Card,Pending
91ecf80a-0c5e-49a9-a87d-1fd85a2797a0,6c6a3b10-9747-4dca-a041-4edc22d147b0,2025-06-04T10:16,9,243.27,Cash,Pending
6164eac7-7d7d-4d3c-a6af-b92dd02f3cba,f90cf3ca-e2d0-4129-bc7a-e8a2b80880da,2025-06-06T10:16,1,19.86,Online,Completed
adebf26c-be85-4ad9-8e39-e90eca76b249,1a48aa9a-def3-481d-922a-94300aa97309,2024-01-20T10:16,1,9.59,Online,Pending
97b3f69f-e236-413c-95da-3292d6eed79d,6117b6f0-c4f4-4bf1-9eeb-f33950decba8,2025-05-02T10:16,4,114.68,Online,Pending
053a214d-4088-43ef-a212-6da85308faa4,4bb2d776-14c0-4ef6-b8ba-c580cbed72b8,2025-10-15T10:16,9,243.54,Cash,Cancelled
b96d1a84-1460-4951-b2ba-e0ebbbb2c3f5,0dd437d0-74fa-43c3-8909-5c955e4d47dd,2024-03-16T10:16,1,12.82,Cash,Pending
4f66e7b5-386f-486e-9af6-f1fa2b5ea17f,6b1178fc-1745-401d-88da-3903c243ebe9,2024-01-15T10:16,6,175.92,Cash,Pending
e7f6ca9f-d5b7-4d12-99f6-181ddad583c1,a302a1a8-c429-406f-abff-9f273aa0a4b5,2025-06-13T10:16,2,36.74,Card,Pending
beb2eea2-4fc1-4ff2-b162-26299fa27078,c46351bf-193f-49af-a5d6-456188837c3d,2025-01-28T10:16,5,70.55,Online,Cancelled
20807dc6-e139-4372-8545-20b0c2ffc85d,4717d2a3-4b2a-44f1-b960-a2b73e2d23fd,2024-05-06T10:16,5,35.90,Card,Pending
8cd5b884-a68b-4905-a168-6f4d4600d07f,21edfc22-3f73-4335-a774-3cf78ab65e86,2024-01-05T10:16,8,134.40,Card,Pending
9317d36e-86ff-4199-92e2-72bb417cdf38,0e0d5f13-edd5-4ab0-9ddd-3df111bedc5a,2024-06-01T10:16,8,205.84,Cash,Pending
c9e6fd8e-88fe-4379-acc2-efa6e31e4478,a5ffc907-be77-43e6-8694-4a0bf09bd3fb,2025-01-15T10:16,9,151.38,Cash,Cancelled
0beee234-97af-4e01-9ed3-0a4c76395b15,428424b7-1f94-496a-8b7a-497ce177d32c,2024-04-10T10:16,9,54.00,Online,Completed
2196e83f-5f0a-4e27-bf75-7270bf9ab4a4,824998a2-7592-4051-ab0b-d5e12743c93b,2024-03-11T10:16,8,185.84,Cash,Completed
ae0a46d0-9e03-43cb-b128-a02ea39f7e67,485b65e7-fdf4-474d-afba-37986d8d3cd8,2024-08-14T10:16,3,47.31,Cash,Completed
def230df-5db4-4e03-8188-72e1101ef944,f067e21d-d1d4-4e87-9cae-9753f5f9ccb6,2024-05-26T10:16,6,30.72,Online,Completed
33a9edb4-d6de-48c3-8051-1ab51961a976,9305d562-2505-493d-8ed8-3fb721c8f491,2024-07-15T10:16,4,80.04,Card,Pending
7eca1cea-9590-4886-8ed1-86248621859c,e886c155-0dae-4b36-88f5-a86fa474d1f6,2024-10-14T10:16,9,110.79,Online,Cancelled
05cc547f-1660-4975-9c15-0f39441d74b7,7c991f43-c18b-4404-8826-97691b0dc00c,2024-10-07T10:16,3,73.41,Card,Pending
f3801c97-6b63-4ffc-8c7f-56fcb1ef56ac,09ba4183-1b94-4f8c-bc5f-eca421a88524,2025-06-28T10:16,1,24.27,Cash,Pending
ece9e46c-cb1b-4265-baec-b2f992f18a73,bfa3444b-2be9-46be-b944-720d86a59770,2025-08-30T10:16,7,170.87,Card,Cancelled
c21b0009-ea74-457d-92a4-ce121e749bbc,910b1d47-5c37-48b1-8bde-96c60660f1d7,2025-03-11T10:16,5,121.80,Cash,Completed
3c1b65d3-55fb-4888-a75d-32f8b14017ca,b95f7619-fab2-4df9-8683-1f2aeb93a660,2025-09-19T10:16,3,85.38,Online,Cancelled
4ca242ec-b373-4a27-9c1f-8f7e9441df89,52c87fd9-fdf0-4256-b929-6153ad24a0ac,2025-08-03T10:16,2,21.72,Cash,Pending
b9540556-c7d8-480b-a3c9-97050b901bdb,5f0f3def-9ff6-4282-ad04-001c4a769966,2025-10-19T10:16,2,52.52,Cash,Cancelled
9abb6acf-8f4e-4820-875a-b29a0b570a24,aac35608-9499-49c5-811a-a059e773c968,2025-01-21T10:16,7,176.68,Card,Cancelled
a6e3a92b-42cf-4692-91f3-33c7e22de925,0fcf4084-ea31-49f8-99f9-9bf8c8b0c16b,2025-06-16T10:16,6,56.34,Cash,Completed
113f076e-f0aa-4191-bea4-4222023b341c,485b65e7-fdf4-474d-afba-37986d8d3cd8,2024-10-28T10:16,2,45.50,Card,Cancelled
98e899d4-74ac-456d-9813-b0d353f5b82f,ff4db0d8-e809-46e8-9ae0-78ffee4902d9,2024-02-26T10:16,2,57.24,Card,Cancelled
21088e51-5a5b-497c-84d5-648bf82db35b,7a2e5fa5-096b-4701-8ce6-7a3db39bf8eb,2024-04-21T10:16,8,162.56,Cash,Pending
475bd935-dd7d-4458-8b12-765272e89153,fbe227d7-6d32-4407-9783-7fdac983e55f,2024-03-21T10:16,6,142.14,Card,Cancelled
be129fac-e421-4d53-ba70-8d0057a844de,1233cc27-7567-48e0-8dd2-6b0019506c2f,2024-10-19T10:16,6,94.44,Card,Completed
52700ae3-8ab1-4cdb-9a64-542ec8e92bd6,d5cfb1a3-ce2f-4aff-ab4c-50e0c5426af1,2024-12-20T10:16,5,113.95,Online,Pending
fdfef518-f2b7-4fd9-9565-aa391999e6f1,00d7ae70-0f46-4453-963c-4ab2a3d29314,2025-08-12T10:16,2,55.94,Online,Cancelled
34d3c220-d4c1-4a1f-be2d-52ee6c6a73a1,2ca088cd-c6c6-4e60-a1a4-d2990ee21b12,2024-07-25T10:16,1,12.97,Card,Completed
b3567b67-f463-49e2-af94-be85c265dd1b,fdb5454e-2230-489e-ade4-9218ff28cbd8,2024-08-20T10:16,7,182.56,Card,Cancelled
