order_id,restaurant_id,order_date,items_count,total_price_usd,payment_type,status
54bf4048-defe-4f63-9745-188684d57670,5eb75bc0-d5fa-4209-9d42-7767f3f0585b,2024-10-12T10:16,9,170.91,Online,Cancelled
801b914a-4fe3-4c1f-8b7a-128f00b71561,5f6e51da-5f01-4c9a-85dd-7d50ef37e5d7,2024-11-17T10:16,8,136.64,Cash,Cancelled
cfc570de-7ba7-477c-acbe-e94380d22e05,ceafdb2a-788d-48e0-acdd-bd533a2e7ab6,2024-07-20T10:16,9,207.63,Online,Completed
2ba156fe-e930-4652-8479-6d4ea8901eeb,bb6bf39c-f455-4e08-a59e-1bdaaa91d4aa,2025-08-14T10:16,9,169.02,Cash,Pending
30e37573-a33b-4c65-af42-71b7176a9b01,3dcaabe3-78c9-4d88-bed5-56ca7ceea07c,2024-07-17T10:16,2,49.92,Online,Cancelled
e76f86a6-ad5f-42e6-b271-6d0001caa75f,e12c3d24-86c8-474f-b86b-370df36adbfe,2025-02-07T10:16,1,18.78,Card,Pending
eab63b3b-7035-44e8-b1b8-85d25442c498,e85d0261-2d97-4475-a749-363ec9040a74,2025-10-09T10:16,9,259.92,Online,Cancelled
5efb9270-b52d-4d4a-991a-428a12443256,b0d737cd-ec4b-4a88-aa81-d012ef3fb719,2025-03-14T10:16,2,50.58,Online,Cancelled
6bb935a8-38c9-4831-ba52-af7d0ead712e,9c53f3f8-5b22-4d77-bd76-cfa6c70e443c,2025-08-09T10:16,9,124.38,Card,Pending
a0a3bf1f-7d53-473a-8620-cf951bb892a0,69446e90-4237-4410-ab55-e011eb04cce0,2024-06-22T10:16,2,56.08,Cash,Completed
47c2ac51-2f02-4c0e-87f4-eff9ce15293d,7d2df59f-386d-4aec-85a8-2443262a0cb4,2025-09-29T10:16,9,64.26,Card,Pending
83d9108c-c641-4d2b-857c-aad8ce34e470,71f17b36-2c37-4cfa-bf8a-894fa94c0e9b,2025-07-22T10:16,1,6.09,Online,Completed
35043d13-ebd0-41fd-a5df-7230ae0884be,36b880b0-e9bd-4c0b-8f1c-32018f6c758a,2024-05-01T10:16,6,37.62,Online,Pending
4f4edb96-8e1c-492f-ad13-1ae1db97f434,b90a3a7f-421e-47e5-8598-fe50f365a62e,2024-07-12T10:16,3,26.25,Card,Pending
fb0ca640-6482-4417-9913-8ef93ba6ac10,6117b6f0-c4f4-4bf1-9eeb-f33950decba8,2023-12-02T10:16,9,114.30,Online,Cancelled
0399a7eb-ea9c-4667-a7e3-cf23e94ef8c9,485b65e7-fdf4-474d-afba-37986d8d3cd8,2025-09-06T10:16,8,172.08,Online,Completed
429973f0-8d23-4f39-b309-0154b5020e9d,93cdeef1-3fc3-4a63-a275-0ae87ae6b335,2024-05-05T10:16,4,46.28,Card,Cancelled
4d426da8-046b-48d5-8525-bff7f01425c7,0130fcd4-a6cf-4a72-8400-7bcae1abce34,2024-11-08T10:16,5,80.20,Cash,Completed
47a811ec-da71-4b72-99c8-9972af28a086,ff4db0d8-e809-46e8-9ae0-78ffee4902d9,2024-05-15T10:16,2,34.58,Online,Cancelled
188e2dab-8bed-4848-9246-1db24956520d,0a5bd884-b432-4ce5-b14e-44b4aedd4c0f,2024-02-26T10:16,1,25.30,Cash,Cancelled
a5862f72-238b-4992-a696-d2d9d3fce056,49af098b-bf79-4643-8e49-739ea932d38b,2025-02-27T10:16,6,176.58,Cash,Pending
f5461a64-e030-48d9-9b57-40d28a1ff5dc,b047b369-02d0-4f25-9af0-f1e883228863,2024-02-24T10:16,3,37.98,Cash,Cancelled
3d2788de-1ad1-49ee-bc11-82886de98bf1,caad7924-4bc5-4f85-9662-11ca261e3c87,2024-01-03T10:16,5,31.35,Cash,Cancelled
c94fef10-3181-4a3c-9a32-7e5fad5ec9d8,e6cb1215-5314-4d05-bfd1-f6e5d36e89f7,2025-05-19T10:16,1,21.05,Cash,Pending
5ede69a4-d1d8-4b75-a588-61a554030405,1eeb9c5f-5b7a-47af-b4f1-5a50d9d1089c,2024-09-07T10:16,3,48.75,Card,Pending
6f4ed723-8191-4c82-b30d-51694242e932,2a109685-1399-4149-8951-fba29bb0360d,2025-09-10T10:16,8,178.64,Card,Pending
f7d7a6fe-ffeb-42f2-b2d8-1a5a3c3fa813,6c6a3b10-9747-4dca-a041-4edc22d147b0,2024-11-23T10:16,5,109.20,Cash,Pending
feca697a-55d3-42d4-9e52-7f8343c6b3e0,aac35608-9499-49c5-811a-a059e773c968,2025-06-26T10:16,8,214.00,Cash,Pending
47c2de0c-d94b-4ba0-9552-a4ac1a361383,1233cc27-7567-48e0-8dd2-6b0019506c2f,2024-09-03T10:16,7,174.93,Online,Pending
3b715990-5b9b-436d-9c20-ad54f6c344a8,935ebde1-5945-4673-886e-1a7a12cc2d4e,2025-06-30T10:16,1,10.45,Online,Pending
046d65c7-b058-4ff2-94cd-88467d0860df,0fcf4084-ea31-49f8-99f9-9bf8c8b0c16b,2024-09-16T10:16,5,119.85,Online,Completed
ac6b696d-f01e-4d12-83d6-658940850be7,a5ffc907-be77-43e6-8694-4a0bf09bd3fb,2025-09-15T10:16,2,24.44,Cash,Pending
362b969c-c326-45a0-bcfa-36e639535dee,27e45431-1333-4ffd-a0c8-be56ffdc5d4e,2025-04-05T10:16,5,70.95,Cash,Cancelled
6bfda781-811c-4d4b-a389-7102b82a5a2b,a190f67b-21df-46bc-8164-46bdfa00af85,2024-05-14T10:16,4,32.00,Cash,Pending
46721a6f-5214-43ea-90a9-719925855765,74e76582-f1b8-4560-b049-8aebb59d4721,2024-08-09T10:16,4,51.36,Online,Cancelled
36e803b5-a321-43c0-9975-1cc314a3efaf,e7991221-0de0-4ef8-aa9c-ca3b59197059,2025-07-15T10:16,5,148.00,Cash,Pending
c3a79a8f-7204-475e-91ab-d147e4a662ec,2ca088cd-c6c6-4e60-a1a4-d2990ee21b12,2025-05-18T10:16,8,74.56,Online,Cancelled
d04e9542-ae84-4ef7-8cc4-07c01a7ac5e2,caca465c-e9f2-4add-91b5-24c70595e321,2025-07-17T10:16,8,142.96,Card,Completed
63b09924-f7d9-4410-add7-0660810e17de,795088d7-d227-422e-ad8c-f048bde0675e,2025-01-22T10:16,8,147.44,Online,Cancelled
6578e755-eae3-43b2-b9ab-be4a23fa3b87,9c53f3f8-5b22-4d77-bd76-cfa6c70e443c,2024-03-14T10:16,7,56.70,Online,Pending
4c667454-d1da-49c4-8ab8-a85eaaf4c0ea,1233cc27-7567-48e0-8dd2-6b0019506c2f,2025-08-10T10:16,2,18.02,Cash,Cancelled
93e33a01-dfee-4982-802a-cee47c3a1d65,b014b56e-3263-4b63-8430-46e00bc5ea77,2024-03-09T10:16,2,34.42,Online,Cancelled
15e50742-19c6-4a43-ab43-0e67ea4f2a5b,d33bbfcd-a2ca-4e80-8a1c-65223f061e7e,2024-01-10T10:16,5,74.50,Online,Cancelled
79012dba-5042-4f72-81d8-e8b9a28bd90e,fdb5454e-2230-489e-ade4-9218ff28cbd8,2025-04-07T10:16,2,27.30,Card,Cancelled
c3f19925-647d-49dc-bd66-d751e6da73a8,cd50913f-8c99-4253-9134-0cf5fe5f300f,2025-03-09T10:16,2,30.72,Card,Cancelled
ced7f7b8-d5a1-46a2-9437-11a9e2745a7d,71f17b36-2c37-4cfa-bf8a-894fa94c0e9b,2025-10-05T10:16,1,7.48,Cash,Cancelled
1783e521-efa0-486d-93e2-147c5d5d1d42,e7991221-0de0-4ef8-aa9c-ca3b59197059,2024-05-21T10:16,5,122.50,Online,Completed
f445fbcc-062a-4b67-a2eb-f834fe3c7048,bc58b12c-65c4-4f21-89ef-3e492a22ef7c,2024-11-19T10:16,3,47.88,Online,Completed
7d098520-77b0-4b3c-b018-622ddb93dd21,3e97fc93-73a7-45e0-9888-f7a03ee258a7,2025-02-25T10:16,2,45.62,Online,Cancelled
3cf23cc6-4989-415b-bbf1-50430758b900,1a31c678-d420-495a-aff3-0f1609514e1e,2025-07-16T10:16,7,167.65,Card,Completed
5076d865-d1ba-4cca-82d9-44e457837e3f,6f61ca8e-51a1-48e0-abfa-88326e713e34,2024-05-11T10:16,4,68.32,Card,Completed
bd6dd078-5850-4497-a545-332a7bc71514,fbe227d7-6d32-4407-9783-7fdac983e55f,2025-06-03T10:16,4,117.36,Cash,Completed
a9dfb6a3-70aa-4956-a591-735cd69b7864,e277d099-db2a-4aee-ab86-8b0e73a34383,2024-12-02T10:16,5,62.65,Online,Pending
107b6847-a86c-4c78-bc2d-41c8ebdd2259,9fa382f0-8393-48db-ad30-43c953282401,2024-07-29T10:16,2,58.28,Cash,Pending
a6b3acbe-2b09-493e-a7d0-f32703a765d9,7509850a-5062-4da9-aad6-bc5b9e363ef1,2025-08-30T10:16,4,58.12,Card,Cancelled
8d782480-f9ce-472d-b585-1a60546a0e5c,10b26c2d-7d56-4175-84a8-a2775e128a9d,2023-11-24T10:16,6,46.14,Card,Cancelled
8006d394-144f-4c2b-94bc-614e5a47718b,ada8704c-2784-4d70-84da-10078407d2c8,2024-12-16T10:16,5,36.20,Online,Completed
1c15a075-0153-4e07-a57b-1b6631a66325,515fe1d2-d33a-4b9d-8c19-07e0cbe81a9a,2025-02-11T10:16,5,96.35,Cash,Completed
90cc1aa7-0f5a-4f37-a5f1-7b7bb3d71a98,4f6ae324-5b6d-47d6-a86d-26ec6fbe1e0e,2024-08-10T10:16,6,49.92,Cash,Pending
4a273d06-cf1f-4dc7-b5bb-cf6fad2f2c80,f6c35464-33dd-44a7-bf84-071f2e427045,2025-09-21T10:16,8,77.84,Online,Pending
f88e1caf-a202-433b-87f5-a5b0d5291144,0a5bd884-b432-4ce5-b14e-44b4aedd4c0f,2025-05-30T10:16,4,64.84,Cash,Pending
c77eabd4-0465-4ea4-8da7-1f14b00dffbb,09ba4183-1b94-4f8c-bc5f-eca421a88524,2025-06-23T10:16,1,17.76,Cash,Pending
8edf65f8-150d-4670-ab54-80c2f2c00d79,c5817fdc-a4dc-4879-b957-30cfda62016b,2024-12-12T10:16,9,82.08,Online,Completed
073e4bd4-6569-46ac-b2c8-577aa6a35b2e,0a0ac3e5-6e20-4fbc-87ec-5481c70e38bc,2024-02-07T10:16,4,60.36,Online,Pending
7f212302-1c9f-4484-ac12-d998df795628,6117b6f0-c4f4-4bf1-9eeb-f33950decba8,2025-02-08T10:16,1,26.79,Online,Pending
b87949c1-2ed4-4d3d-aeb3-78ff4a9fc28d,e7991221-0de0-4ef8-aa9c-ca3b59197059,2024-03-07T10:16,6,52.44,Card,Completed
9eeda339-003a-46d3-98c4-a8feff05260c,103fcba5-5588-45a5-9fe0-6ac948d3860e,2024-04-20T10:16,5,29.85,Online,Cancelled
a3e29c9f-710e-4243-89b5-499222aa2f8b,06e585f0-5b60-4900-81d1-3379328e6c17,2025-09-20T10:16,9,72.63,Card,Completed
a6bab8fd-68dd-41ed-a8b6-76bae49cc3f8,53db1213-7316-47bb-9099-c1def0e3c96b,2024-03-13T10:16,9,62.73,Card,Cancelled
9bbf03c6-8eb1-4967-bef9-a5dccdcaf0a8,25659c0e-6eb5-4c57-add8-fb6ac5f42699,2024-08-26T10:16,8,160.16,Cash,Cancelled
0d4331bf-87a3-4b06-ac62-585951ed4cd7,b3688304-b24b-416a-9bf4-c2b6aaeb59d3,2025-10-09T10:16,7,182.14,Online,Pending
329acb9e-cbf0-4fe2-90be-9990af618478,9b9edd1e-b4f7-414c-b8b5-a3dc51fa0a8c,2025-10-18T10:16,3,33.90,Cash,Cancelled
90e3062e-3998-4dfd-ad93-0c6dc3cabb00,cf65c4b6-4c1c-420b-95de-23e5b56ffad5,2024-05-10T10:16,9,261.63,Cash,Completed
3f6b0c8a-0782-4c1d-8b77-f313388b92a3,06e585f0-5b60-4900-81d1-3379328e6c17,2024-01-10T10:16,8,170.00,Card,Pending
24de758b-c86c-49d2-9a81-aafabe166155,6bd388d4-5636-450b-bacd-55bdcb769bab,2024-03-15T10:16,3,49.53,Online,Pending
ce9fef04-78b7-4747-9346-077280b3ae00,7169ef0c-f2c8-4ae3-83f6-87691664d2d2,2025-02-27T10:16,2,49.28,Cash,Pending
740f59c1-73b2-48af-9acb-62249177e6cc,aac35608-9499-49c5-811a-a059e773c968,2025-02-11T10:16,4,84.88,Online,Cancelled
8abce679-e9f3-40dd-98a6-fe0ec98f0412,9305d562-2505-493d-8ed8-3fb721c8f491,2024-03-03T10:16,7,146.51,Cash,Cancelled
c3c02e74-8a6e-4a2a-a601-e5aa3476a066,3910ab11-8758-4a4f-8a9b-c4f5df7413c4,2024-12-15T10:16,4,63.96,Card,Completed
2fcd56e1-02b9-43f0-8b31-b65f297402f4,52c87fd9-fdf0-4256-b929-6153ad24a0ac,2024-11-14T10:16,4,49.36,Cash,Pending
b3b8d41c-f11f-46f5-80db-101caa1600b6,09ba4183-1b94-4f8c-bc5f-eca421a88524,2025-02-01T10:16,3,84.42,Cash,Pending
54a9c74e-9268-4532-97c2-b1fc4c54533d,52fbb114-83aa-432d-b2f1-f3e37a5c4754,2025-04-24T10:16,7,205.17,Card,Pending
01bcc87f-596d-47e5-b815-9e8fbebdc1f2,4739f27f-7a96-4d52-83ae-0c6fd4c8c606,2025-05-13T10:16,5,31.20,Card,Pending
f329d8be-dd51-4cbf-8537-cd7ee0eab9b7,0d463f72-c3a1-4a2b-8d0d-1721a0d1a06b,2024-10-08T10:16,2,49.18,Cash,Pending
c45319d6-de83-499e-9ec3-819236b9d724,6c6a3b10-9747-4dca-a041-4edc22d147b0,2025-08-20T10:16,7,83.02,Online,Pending
c38248eb-3ab5-4a02-a252-572b09e64efd,4f6ae324-5b6d-47d6-a86d-26ec6fbe1e0e,2025-03-11T10:16,7,46.69,Online,Cancelled
84ae98d3-eaa7-4f4c-9a35-68669c2f3e15,90f0db1e-2b19-43f7-ba17-233c7c214eca,2025-02-12T10:16,5,137.55,Card,Completed
d9b63a6d-8c68-41f7-a2f0-b8f85a6c64a8,00d7ae70-0f46-4453-963c-4ab2a3d29314,2023-11-21T10:16,4,74.40,Online,Pending
7123cfa1-96a3-42f2-8e35-f22055af6ba8,a5ffc907-be77-43e6-8694-4a0bf09bd3fb,2025-04-12T10:16,5,106.80,Online,Pending
00f64e99-480e-4324-bab8-f1241d0a88f1,1233cc27-7567-48e0-8dd2-6b0019506c2f,2023-11-21T10:16,4,90.92,Card,Completed
9ff04885-649d-4197-9dc4-4e8557a66909,5d6f84a5-a4de-442e-99b9-b8ef714b4436,2025-04-17T10:16,7,94.92,Online,Cancelled
0e2cbb53-b599-4ed2-af79-bd3c1b199abc,5f6e51da-5f01-4c9a-85dd-7d50ef37e5d7,2025-01-02T10:16,7,84.00,Cash,Cancelled
0bb9562f-bff8-4d72-ad51-fee97f06f1a8,a190f67b-21df-46bc-8164-46bdfa00af85,2024-07-20T10:16,8,89.04,Cash,Cancelled
cbca04b4-72e1-4e5c-8cab-2f0a8569a830,93cdeef1-3fc3-4a63-a275-0ae87ae6b335,2024-05-13T10:16,2,19.20,Online,Pending
f3af1674-6c25-4028-a06c-19ecfd580f7b,726d71e2-70fd-4416-8568-78619c14a73a,2024-09-14T10:16,7,91.77,Online,Completed
9d26c39a-2758-4cd2-b0b5-cf901f436027,5f6e51da-5f01-4c9a-85dd-7d50ef37e5d7,2024-01-04T10:16,2,25.14,Card,Completed
f9139cec-6517-4caa-87f1-7f718ec95c6f,3dcaabe3-78c9-4d88-bed5-56ca7ceea07c,2024-05-13T10:16,9,122.40,Card,Pending
6e51fa9a-b91e-49b0-8e89-aec0df1ea3f0,6b1178fc-1745-401d-88da-3903c243ebe9,2024-01-09T10:16,5,64.50,Cash,Pending
ff428977-17c1-4334-9df4-a65fc76f768e,0a5bd884-b432-4ce5-b14e-44b4aedd4c0f,2025-10-18T10:16,2,56.82,Card,Cancelled
eed35978-b719-4fdc-9f15-3054df29838b,3befa4dc-d961-4a3a-9410-d43d1bdaa335,2025-03-15T10:16,4,48.32,Card,Cancelled
fcde1503-c675-4803-b824-0a44631472a6,3ab3404a-ee80-4ed2-8d90-a6f0dad14e48,2025-06-05T10:16,3,20.91,Cash,Cancelled
9167f7a5-329f-45a0-8aa4-9f56a08d2d1b,5400d214-6176-40bf-88d2-3f53ed38bf69,2024-02-25T10:16,4,92.56,Online,Pending
fb0ac2d3-56eb-4cea-a34b-f29505da32a3,0d463f72-c3a1-4a2b-8d0d-1721a0d1a06b,2025-03-03T10:16,5,63.60,Cash,Cancelled
0d2b6ef8-37eb-4bb4-b9d9-e1c3a4ca589c,6e551d53-4f6d-4b84-a9de-3d7c79694805,2025-10-23T10:16,4,51.80,Online,Cancelled
ec80e289-7a80-4e85-a8bb-fb1bb486323d,c46351bf-193f-49af-a5d6-456188837c3d,2025-03-22T10:16,4,37.52,Online,Cancelled
fb0cfd3b-f9df-4bad-9758-fa51187002a6,4f6ae324-5b6d-47d6-a86d-26ec6fbe1e0e,2024-06-09T10:16,2,45.28,Online,Pending
131176cf-e285-41db-b6c7-7bc04e83d898,56a75a3e-a944-4147-8cba-f1024726993f,2025-04-05T10:16,4,90.32,Online,Completed
4a89ff3a-7455-4df2-8f05-986af40bc4eb,a190f67b-21df-46bc-8164-46bdfa00af85,2024-03-02T10:16,4,100.44,Card,Cancelled
8a9e525a-1186-4bd7-807e-dbcd47b41442,983d66ae-c8b0-46b8-8abc-26a1055cf729,2024-08-30T10:16,3,60.03,Card,Pending
a8218244-bf30-486f-8ac9-7b7def8011f2,0a570207-0f70-467f-bbeb-44a0a60a9a25,2025-03-15T10:16,9,177.30,Cash,Pending
25d4344e-daaa-4917-aa92-b0a015b7c0a6,8e1bbe6c-7b75-46dc-8ca1-0b1664cd6ae4,2025-01-17T10:16,3,75.36,Cash,Pending
605a1b19-f953-416a-a8d3-2c62dc42cd43,fdb5454e-2230-489e-ade4-9218ff28cbd8,2025-09-18T10:16,7,38.08,Cash,Cancelled
63e0f7ea-5e1b-4590-b8b2-949d707a7964,a3f626b9-cc27-4c04-8570-be79ab8bda4a,2024-03-01T10:16,1,29.25,Card,Pending
e6d66f7c-c4c4-461f-9f49-2b0f9198e8ca,ceafdb2a-788d-48e0-acdd-bd533a2e7ab6,2023-11-14T10:16,4,50.44,Cash,Cancelled
10bad6b7-e7de-42d9-a6c9-5771c51cadb8,500fde18-ea61-4380-9ea4-f06d09985870,2025-10-11T10:16,6,79.74,Card,Completed
f2de0a8d-a93a-47cf-86fe-eed5ec6fd4da,d87f31d7-79ef-4c17-856e-142e791b04da,2024-12-27T10:16,1,25.98,Cash,Pending
5990fb8f-924f-44d7-8a76-038d003ae24c,90f0db1e-2b19-43f7-ba17-233c7c214eca,2024-03-21T10:16,2,29.44,Card,Pending
1e5cd229-340b-411e-ac47-1cde3172d1f3,e6e1db85-f8ba-4264-9c9a-520ecda4bc4c,2024-12-21T10:16,7,50.96,Cash,Pending
51a03366-cf0c-44af-aaf7-cf7f505fa585,27e45431-1333-4ffd-a0c8-be56ffdc5d4e,2025-10-09T10:16,5,30.30,Cash,Pending
8e13a92f-176b-4f44-b2c5-e6312e9c3c05,3ab3404a-ee80-4ed2-8d90-a6f0dad14e48,2024-09-23T10:16,8,222.00,Online,Cancelled
6718a1e1-6610-4eaa-ae6c-4f8c37d764cc,73a2b03c-2dca-486e-8ebc-c4d6bb68a8c6,2024-08-31T10:16,5,51.15,Online,Completed
1831f476-d235-4cf6-b833-c7e3ebe4254f,5d6f84a5-a4de-442e-99b9-b8ef714b4436,2025-01-22T10:16,7,63.14,Card,Pending
dce4f5ec-e8fa-44e3-bb51-aa8ea00a8001,99c406e7-092b-4eeb-bc08-56fc041c253d,2024-10-31T10:16,7,38.15,Online,Completed
309031c5-feca-415f-a6bf-e9079dbfe59e,f0a6a958-e434-41bf-a830-dffa55a34db5,2025-10-09T10:16,5,91.35,Cash,Cancelled
8a620818-94e6-42d8-8072-7d853c5b732e,bfa3444b-2be9-46be-b944-720d86a59770,2024-08-15T10:16,9,188.73,Cash,Completed
26edb859-9391-48d8-b111-6b00fa735f50,935ebde1-5945-4673-886e-1a7a12cc2d4e,2025-03-09T10:16,4,68.44,Cash,Completed
0bde7eff-7a04-4bc2-99d5-a24c015c9edf,bb6ceda0-3f7a-4dfa-9862-41a88dd468b2,2025-02-01T10:16,6,68.88,Card,Cancelled
238b23ed-0e82-4d56-8e46-1a239271784b,3dcaabe3-78c9-4d88-bed5-56ca7ceea07c,2025-09-30T10:16,4,20.24,Card,Completed
b34cd7b5-8e58-44b8-8522-6163c5c98429,824998a2-7592-4051-ab0b-d5e12743c93b,2024-06-28T10:16,4,53.20,Online,Cancelled
06d06b76-7b5c-4839-9240-eabe5c31a934,9b9edd1e-b4f7-414c-b8b5-a3dc51fa0a8c,2024-12-26T10:16,8,235.36,Online,Completed
b2720a54-ac00-4514-9161-d4b722d5018b,b3688304-b24b-416a-9bf4-c2b6aaeb59d3,2025-09-19T10:16,5,55.70,Online,Completed
112c579d-3137-4491-bc72-aa38284fa3df,a302a1a8-c429-406f-abff-9f273aa0a4b5,2025-08-25T10:16,2,21.38,Card,Pending
248a604d-6f48-401c-9482-977f47ec659f,f90cf3ca-e2d0-4129-bc7a-e8a2b80880da,2024-11-28T10:16,6,37.20,Cash,Pending
248c2d30-efc9-421b-82a8-d41bb31fa60e,bf0de251-90d7-423c-8b31-48df1a89964f,2025-10-01T10:16,6,166.50,Card,Cancelled
56d7ce2d-1ce0-4c3d-8fcb-e5d02d0e15db,05ccd8a5-ea5f-4353-bd1e-3022152b0685,2024-03-25T10:16,8,95.36,Online,Completed
b6efd28b-2899-4c3b-834c-9a45937a6c44,209e786b-2a61-4e52-a3b2-1cc98bcbf18c,2024-05-04T10:16,2,25.14,Card,Pending
68a0fc6f-5fd4-496b-bae7-b3c22e00eff4,00d7ae70-0f46-4453-963c-4ab2a3d29314,2024-11-12T10:16,6,40.38,Card,Pending
9212d556-6c83-4fb5-a1af-8ec8294cb873,953417c6-cd52-45e9-9ca0-bb450653c934,2024-11-25T10:16,3,84.27,Card,Completed
e306a9cb-ba9d-4024-94c9-fe352d84de09,8b546c63-5406-493d-bc69-cfb594b38267,2024-07-14T10:16,5,63.55,Card,Pending
af4002d3-d021-457c-8d6d-577e1c758f92,0a15d43b-8f6b-444a-bef2-ffbddfdbd16f,2023-11-23T10:16,5,84.10,Cash,Completed
17af4a20-3e01-42ca-8df9-6744bbb063ea,77ca464a-fe0d-4dcc-8f08-3eb2f7b64f76,2025-01-10T10:16,5,115.20,Online,Cancelled
fa2a866b-68c9-4b87-9805-d538e050898c,1233cc27-7567-48e0-8dd2-6b0019506c2f,2024-07-15T10:16,5,120.75,Card,Cancelled
f82b474d-87a0-427c-81c2-787bf765a91b,5f0f3def-9ff6-4282-ad04-001c4a769966,2024-03-13T10:16,5,68.60,Cash,Completed
207bd0ca-db7f-433c-a160-855320cde50a,4e6807ca-aed8-4ec9-b1b0-0e3aba57efb1,2025-08-27T10:16,7,63.91,Cash,Completed
482c07b0-f001-4958-b5b2-75153fcf06c8,caca465c-e9f2-4add-91b5-24c70595e321,2025-05-13T10:16,1,24.11,Online,Completed
9ddbf794-21d6-4778-b90d-db0ad16d67aa,c63bd277-c81c-40c5-8720-6ce916d653c4,2023-12-17T10:16,9,228.24,Cash,Pending
524d53a1-f770-43a6-b44d-49a2b58796b2,e886c155-0dae-4b36-88f5-a86fa474d1f6,2025-01-14T10:16,1,18.73,Card,Cancelled
c940084f-5cc3-43bf-9ea3-f5057f4c99ff,0a15d43b-8f6b-444a-bef2-ffbddfdbd16f,2025-08-14T10:16,2,23.56,Card,Completed
ca0e58bc-647c-4fbe-90f6-de9e8f6bf838,d33bbfcd-a2ca-4e80-8a1c-65223f061e7e,2024-03-05T10:16,8,107.36,Cash,Cancelled
30d2bcff-f97c-48d2-b221-34d65f037360,caca465c-e9f2-4add-91b5-24c70595e321,2024-08-01T10:16,3,40.98,Online,Pending
9ae18f35-0331-4620-81a4-761c1fdae7e9,726d71e2-70fd-4416-8568-78619c14a73a,2025-06-21T10:16,2,19.06,Card,Completed
bfff7dee-65de-4a10-8fa9-d2f9709217ac,7a18d550-38d0-40b2-84a7-547162e7e409,2025-02-08T10:16,6,89.10,Cash,Cancelled
72b38ff0-9c56-4514-897f-8ba633f9b8b4,8b546c63-5406-493d-bc69-cfb594b38267,2025-08-23T10:16,6,55.02,Online,Pending
1ba5c63a-6f38-4e41-b37e-66ffcfd1e581,52f5634d-de98-4543-8a1e-cbf1e2d0242f,2024-12-13T10:16,9,187.56,Cash,Completed
fa709799-aa4e-494d-b372-d2523def735a,d5cfb1a3-ce2f-4aff-ab4c-50e0c5426af1,2025-07-07T10:16,4,37.64,Online,Completed
fc8a1be5-747e-4a41-b1c1-5ee8c4f5bafa,3e97fc93-73a7-45e0-9888-f7a03ee258a7,2024-07-09T10:16,4,43.32,Card,Completed
aecf2006-bbe5-4f63-b37b-b7332b9acc48,ef7fad1f-a86f-4ee1-95b4-ce1f339f0fa5,2025-01-02T10:16,9,244.62,Cash,Pending
a581164a-09be-4fef-8691-b6083a26fe9c,4e44f26d-5455-405b-8fdb-63ab8b739ecf,2025-07-01T10:16,9,230.04,Card,Completed
9c717c64-07d9-43df-815f-856c71b8a0e5,c5817fdc-a4dc-4879-b957-30cfda62016b,2024-10-27T10:16,3,61.11,Card,Completed
cd8ea0ce-e522-4589-a205-f28b9af8256e,209e786b-2a61-4e52-a3b2-1cc98bcbf18c,2024-02-05T10:16,8,168.80,Cash,Cancelled
8b5aa87f-d35d-45a3-abc5-a2110389a3b4,80537cf2-360f-4740-8b7e-d4cd56e22987,2024-12-22T10:16,7,46.55,Cash,Cancelled
941378df-2357-42eb-94d1-5a711795ac87,8887df7e-682b-4d48-b18c-c1ddfa0aaa26,2023-12-17T10:16,4,78.20,Card,Completed
c4dcdbe4-a8d7-4d37-a46f-13aa0cefa33e,058b9c75-b72f-4594-80d2-e41194ff7672,2024-02-04T10:16,5,29.20,Card,Pending
43554b2f-6857-4d34-89b3-3ced66cc30b8,62a2bfef-ca4a-4dec-90ea-bf15ea1880d2,2024-05-08T10:16,3,48.57,Cash,Pending
10f86368-4648-4178-a34f-e701750a29cf,c5817fdc-a4dc-4879-b957-30cfda62016b,2025-09-19T10:16,7,79.38,Online,Pending
c51dbba9-45a7-423b-a0b8-0a21653225b6,71f17b36-2c37-4cfa-bf8a-894fa94c0e9b,2024-08-28T10:16,5,148.30,Card,Pending
20d6123b-79fe-48e7-bd8d-a5963638bf16,59827b2a-ae17-44b1-bd6f-6f08718559cb,2024-10-28T10:16,1,7.85,Cash,Pending
334ad34e-8622-4f03-a264-9fe2b9523530,a302a1a8-c429-406f-abff-9f273aa0a4b5,2025-06-07T10:16,9,214.74,Online,Pending
7ab38bc0-7b00-49fd-9fc8-20c58afd4aae,f90cf3ca-e2d0-4129-bc7a-e8a2b80880da,2025-04-11T10:16,5,69.45,Online,Pending
036e3ee6-d89f-4d76-ad82-6f373ffcc31c,f543de06-e341-4de2-95ab-ca0fd3ee51fe,2025-07-11T10:16,9,192.78,Cash,Pending
8561a470-f1a5-4841-8097-e7fa2c64d421,fdb5454e-2230-489e-ade4-9218ff28cbd8,2025-09-07T10:16,4,96.92,Card,Cancelled
512aea18-e19a-4ed7-a92c-c2244050c3fa,4717d2a3-4b2a-44f1-b960-a2b73e2d23fd,2025-05-21T10:16,9,71.28,Online,Cancelled
5a2c7bc4-5b82-4309-a5b3-d4438082c5e6,ceafdb2a-788d-48e0-acdd-bd533a2e7ab6,2025-02-24T10:16,9,185.13,Online,Completed
b495b6ba-d9b3-4573-8a5a-36eb12f6eed3,910b1d47-5c37-48b1-8bde-96c60660f1d7,2024-07-08T10:16,7,175.77,Card,Pending
fe6318a0-468c-4eff-b048-d7c0c5571480,a5ffc907-be77-43e6-8694-4a0bf09bd3fb,2025-07-17T10:16,7,206.36,Cash,Pending
a4aac73c-e78d-461e-aae2-88d75f367936,6b1178fc-1745-401d-88da-3903c243ebe9,2024-02-24T10:16,4,41.60,Card,Completed
167ded91-4528-4284-8efc-6ff7150f0a57,205ea7f7-e714-45b8-a083-11247ff702a1,2025-09-11T10:16,8,176.56,Online,Completed
51a2e5c6-80aa-4d05-8b26-162efe8c5736,ada8704c-2784-4d70-84da-10078407d2c8,2024-03-16T10:16,3,42.78,Cash,Completed
aa2b90ba-b013-4b1c-86f9-53879c821ed0,a5ffc907-be77-43e6-8694-4a0bf09bd3fb,2025-02-16T10:16,9,171.27,Online,Cancelled
535629bb-c60b-46da-ae26-fd68bacd8519,5eb75bc0-d5fa-4209-9d42-7767f3f0585b,2023-12-15T10:16,9,86.40,Card,Completed
3791bf2c-faa2-4dc7-82ad-7d28dd615192,c46351bf-193f-49af-a5d6-456188837c3d,2024-08-15T10:16,7,101.92,Cash,Completed
1907dfd9-f712-48f3-85fa-644931e5b10a,fdb5454e-2230-489e-ade4-9218ff28cbd8,2024-04-12T10:16,5,103.95,Card,Completed
49c3db26-7a78-4baf-9d2d-5ad4694e813c,b03f75c1-655f-4480-a2bf-1a0af806e96e,2025-09-12T10:16,4,24.76,Cash,Completed
7205252b-79bd-4170-97c4-b1ae71d30a74,e119f98a-df63-41dc-8e01-bb49ca2dc724,2024-12-01T10:16,1,29.93,Cash,Pending
5dd18cb7-8a09-4093-acf4-d6b49e19a993,6117b6f0-c4f4-4bf1-9eeb-f33950decba8,2025-02-22T10:16,9,215.19,Card,Cancelled
9c825438-b4c1-41bf-ade4-aebdff942918,bfa3444b-2be9-46be-b944-720d86a59770,2024-05-16T10:16,9,163.98,Online,Cancelled
d4b72747-8a72-4de3-abeb-82141fe6a328,103fcba5-5588-45a5-9fe0-6ac948d3860e,2024-05-31T10:16,3,75.33,Cash,Cancelled
3422dff2-4e8d-49c6-8e26-c088f6f5dab1,824998a2-7592-4051-ab0b-d5e12743c93b,2025-01-20T10:16,5,63.10,Cash,Cancelled
3e45182a-333f-429d-b99f-1a6b55e36d9e,000f9c8f-2fc7-4346-844d-c04f10751265,2025-10-07T10:16,8,157.52,Online,Completed
6696ee61-075d-44d2-87d3-e5e99751dcd3,6b1178fc-1745-401d-88da-3903c243ebe9,2025-10-12T10:16,8,238.96,Card,Completed
b435ab72-f1bc-4ec7-bc5c-c81e0c253aa4,a3f626b9-cc27-4c04-8570-be79ab8bda4a,2024-10-20T10:16,4,80.76,Online,Pending
a79f7c93-ef0c-417f-a538-9554ecfd8ae8,e119f98a-df63-41dc-8e01-bb49ca2dc724,2025-10-15T10:16,1,16.76,Cash,Completed
8c553a48-6d90-4393-8539-0a92a0c3e461,795088d7-d227-422e-ad8c-f048bde0675e,2024-06-28T10:16,8,166.88,Cash,Pending
4dcf87a3-4ada-415e-af5a-b669a1bd7204,bc58b12c-65c4-4f21-89ef-3e492a22ef7c,2025-09-30T10:16,3,15.30,Cash,Completed
17f92c88-6df3-400b-9fbb-bbb254e281ee,9c53f3f8-5b22-4d77-bd76-cfa6c70e443c,2024-03-10T10:16,6,39.84,Cash,Completed
ec662b81-0992-46cd-aba8-c9670cef99b8,27e45431-1333-4ffd-a0c8-be56ffdc5d4e,2024-03-20T10:16,8,167.84,Online,Cancelled
8da5ea56-ea7f-49f0-80f0-4e061c3f2d4b,b0d737cd-ec4b-4a88-aa81-d012ef3fb719,2025-07-06T10:16,2,29.40,Online,Pending
0e8fb508-d81e-44b0-9995-1211745005af,0dd437d0-74fa-43c3-8909-5c955e4d47dd,2024-09-24T10:16,2,14.50,Card,Completed
6ff60c0c-4cef-40ca-8833-74e84b9cc34d,e38afcd9-9e08-47ba-bc92-5ebb4bc271eb,2024-03-02T10:16,8,97.52,Cash,Completed
e802b9e0-5ddf-4745-b4e1-a30251bba050,050d9901-1cb5-413a-9c31-282028f863c1,2024-03-23T10:16,2,16.42,Cash,Pending
e4e37aa6-0946-4c2e-9f0e-81b00a398c58,0df3bae1-6384-4856-aa27-aef9f6c48b75,2023-12-12T10:16,4,111.24,Card,Completed
ece0db6f-d5dd-4e90-a5eb-e17b59f0ca81,0d463f72-c3a1-4a2b-8d0d-1721a0d1a06b,2025-05-23T10:16,8,75.60,Card,Cancelled
b6fa5a8e-ed6c-403e-9265-d913dc0064c8,8113211c-bdc3-4bb0-94d9-3fd3871f3005,2024-07-20T10:16,8,50.08,Card,Pending
99ffba37-f03d-4104-be59-ee8c850821fb,209e786b-2a61-4e52-a3b2-1cc98bcbf18c,2023-12-06T10:16,5,26.60,Card,Completed
ceb8f0ff-a7f9-4f60-8eaf-53252fa55cd1,1407e9cf-22c9-4137-a2fe-cc12dc038235,2024-10-16T10:16,9,259.83,Cash,Cancelled
6ff44583-1bb7-4bf1-8f11-fd179ccd1404,1a48aa9a-def3-481d-922a-94300aa97309,2024-02-21T10:16,2,41.98,Card,Pending
24dec6a0-66a6-4943-aac4-7e7ba8847b89,0a0ac3e5-6e20-4fbc-87ec-5481c70e38bc,2024-04-02T10:16,7,178.71,Card,Completed
16af7d36-13c5-4758-b37a-fa13c44a8f51,ef7fad1f-a86f-4ee1-95b4-ce1f339f0fa5,2024-01-24T10:16,5,55.35,Cash,Completed
00550430-5501-4c19-b6f6-161fe479a0be,5eb75bc0-d5fa-4209-9d42-7767f3f0585b,2025-01-31T10:16,2,43.94,Card,Pending
10b19c5d-5da8-46dd-8714-fb456c6619ca,c1a09d60-c9e8-4489-a68e-e01b51541d33,2024-11-19T10:16,9,92.70,Cash,Cancelled
222def86-ac27-431b-834a-5af7996d452a,1d32c3b3-c732-4995-aa6b-ff159deb3bdf,2025-07-27T10:16,3,46.26,Card,Cancelled
bda89783-00ec-4a1f-b9bc-4eb639a69af5,e7991221-0de0-4ef8-aa9c-ca3b59197059,2024-01-09T10:16,5,29.90,Card,Completed
73352f21-23aa-458c-a345-9c20b114923d,7169ef0c-f2c8-4ae3-83f6-87691664d2d2,2024-09-16T10:16,2,31.70,Card,Pending
857579fc-b33b-40ae-a10e-02c7b080271f,c1a09d60-c9e8-4489-a68e-e01b51541d33,2025-10-14T10:16,4,63.40,Cash,Pending
949b84d0-6aea-4f9c-8901-64701c2c4658,b04ce307-2d1f-4214-b023-d8f4379041a1,2024-08-08T10:16,9,229.59,Card,Completed
a4fd2b67-cd5b-4311-b0ad-bb8dc03d6934,9c53f3f8-5b22-4d77-bd76-cfa6c70e443c,2024-12-22T10:16,9,157.95,Cash,Completed
4907a02c-ff30-405d-b141-6c17617e8647,bb6ceda0-3f7a-4dfa-9862-41a88dd468b2,2025-04-07T10:16,1,14.70,Card,Pending
6720349f-f8c4-4d05-8c04-17f164290afc,428424b7-1f94-496a-8b7a-497ce177d32c,2023-11-15T10:16,6,97.98,Card,Pending
71836b36-346e-42aa-9270-4c12120bb1a0,27e45431-1333-4ffd-a0c8-be56ffdc5d4e,2025-03-16T10:16,7,190.82,Card,Cancelled
33b01230-a8c4-4fda-aaeb-86992b0b0905,0fcf4084-ea31-49f8-99f9-9bf8c8b0c16b,2025-09-26T10:16,5,128.50,Card,Cancelled
2792a842-2c5f-4772-8c8e-d0dedd9b0ff1,52c87fd9-fdf0-4256-b929-6153ad24a0ac,2024-12-27T10:16,1,12.21,Online,Cancelled
31b729fa-ae70-4850-a1c9-bed7d039222c,7a18d550-38d0-40b2-84a7-547162e7e409,2024-12-13T10:16,4,101.04,Online,Cancelled
eb701ea6-1d7d-45b9-8bc1-e60e7ff5dbaf,058b9c75-b72f-4594-80d2-e41194ff7672,2025-08-31T10:16,7,38.22,Card,Completed
5bdba089-b791-4093-959f-affa58a6badd,bfa3444b-2be9-46be-b944-720d86a59770,2024-06-15T10:16,3,19.41,Online,Pending
49429dd0-4d5a-46ee-a10e-b89a584335f9,99c406e7-092b-4eeb-bc08-56fc041c253d,2024-05-12T10:16,9,141.93,Cash,Pending
62871294-95e1-4b8b-a557-2ccbf9719230,bc58b12c-65c4-4f21-89ef-3e492a22ef7c,2025-08-13T10:16,2,20.60,Card,Cancelled
61c32dfe-92d8-44cc-a9f4-4bb345927db9,7a2e5fa5-096b-4701-8ce6-7a3db39bf8eb,2025-03-04T10:16,6,91.62,Card,Completed
addc5c4e-60a0-456a-9131-be9c400d75a1,c0d74d86-5c5b-481d-b8e3-61eeb9c77255,2025-03-19T10:16,2,53.40,Online,Completed
b4a5c2de-87b0-4f0b-866b-012758aeb597,99c406e7-092b-4eeb-bc08-56fc041c253d,2024-04-19T10:16,5,32.75,Online,Cancelled
7f0751b9-97fe-46c0-b196-c3a098aa7f7d,65b2c0ea-6192-47fc-9286-2c1dd3ecefb1,2024-08-08T10:16,3,47.88,Online,Cancelled
802acda0-7f3e-47e5-80cc-1db2d4ded69f,49af098b-bf79-4643-8e49-739ea932d38b,2025-01-04T10:16,9,237.42,Cash,Cancelled
6c2e5ad3-4aa5-4afe-a449-2031033a1d73,3e97fc93-73a7-45e0-9888-f7a03ee258a7,2024-01-14T10:16,3,33.84,Online,Completed
7f81e729-ba77-4e1e-8903-a5d583526ef1,cb8747c7-32ca-4b6b-868d-13ab01d953ec,2024-08-10T10:16,8,71.76,Card,Pending
a2513032-1205-461d-9c00-d3e4ad1893d4,1d32c3b3-c732-4995-aa6b-ff159deb3bdf,2024-03-24T10:16,3,70.71,Card,Pending
f0ae14a3-3de7-474c-82c8-e11970cd90e0,bb9edfa8-17f7-4f6f-8e3b-616693a298b1,2025-10-16T10:16,2,53.18,Online,Pending
2c6beb0a-ddb4-4dfc-8a3d-6ec1d80b9d36,4e44f26d-5455-405b-8fdb-63ab8b739ecf,2025-08-01T10:16,5,105.85,Online,Completed
e912da40-3c70-4b11-b7e7-c0e806ca523c,0130fcd4-a6cf-4a72-8400-7bcae1abce34,2023-12-30T10:16,4,32.60,Cash,Pending
42c9de5a-1ac5-4b5b-a1c4-56d4456f510a,9c53f3f8-5b22-4d77-bd76-cfa6c70e443c,2024-11-21T10:16,9,80.55,Cash,Cancelled
eaf18147-51ca-4bdf-a8b8-0cf6844bcca4,4bb2d776-14c0-4ef6-b8ba-c580cbed72b8,2024-10-27T10:16,7,174.72,Cash,Completed
e2081cfa-c162-4e0d-830d-aa815b3eed28,c0d74d86-5c5b-481d-b8e3-61eeb9c77255,2023-12-18T10:16,9,175.77,Online,Pending
97e818ca-4482-457f-8a34-4bd44981b7ec,62a2bfef-ca4a-4dec-90ea-bf15ea1880d2,2025-01-26T10:16,1,15.73,Card,Completed
b0e97672-fc67-4024-89f5-5ea2f06242ec,06e585f0-5b60-4900-81d1-3379328e6c17,2025-09-02T10:16,4,81.44,Online,Pending
578ec205-6c64-4748-9fda-b776487b6d18,e119f98a-df63-41dc-8e01-bb49ca2dc724,2025-06-04T10:16,8,118.72,Card,Pending
cdbfde64-63cc-4762-9ece-9d058b9b40da,5f6e51da-5f01-4c9a-85dd-7d50ef37e5d7,2024-11-09T10:16,9,152.55,Card,Pending
57f87fb7-f42b-4b6f-af70-f78eb6f21eb0,4bb2d776-14c0-4ef6-b8ba-c580cbed72b8,2024-12-10T10:16,1,13.24,Card,Completed
1da4fad7-de6c-450c-9805-66a1727481d3,500fde18-ea61-4380-9ea4-f06d09985870,2025-07-18T10:16,5,45.35,Card,Cancelled
6c2741a4-c0a3-45ac-a175-b9fae83726b4,11526850-7335-463f-b740-a52a90457c3b,2024-05-13T10:16,6,88.86,Cash,Completed
e65be75b-407e-4871-b344-0d065061e50f,0a570207-0f70-467f-bbeb-44a0a60a9a25,2025-08-10T10:16,1,12.82,Cash,Completed
2dadfa19-00b1-4bda-8f35-336517c8662f,f6c35464-33dd-44a7-bf84-071f2e427045,2024-07-23T10:16,6,91.20,Card,Completed
371f1b30-de7e-4e96-ab88-e773f23a36c0,d33bbfcd-a2ca-4e80-8a1c-65223f061e7e,2025-04-21T10:16,8,180.16,Online,Cancelled
ef11c38c-db56-4cb7-840e-c837c87d9a0a,0d463f72-c3a1-4a2b-8d0d-1721a0d1a06b,2023-12-12T10:16,4,51.80,Online,Pending
c7dbdec2-6ea4-4263-bb55-43f7e755b74b,21edfc22-3f73-4335-a774-3cf78ab65e86,2024-12-06T10:16,1,27.67,Online,Completed
abc09ff7-c27c-4443-ac7b-26ee41b8e706,bfa3444b-2be9-46be-b944-720d86a59770,2024-08-30T10:16,1,22.06,Online,Pending
71e7a02f-b79e-4d0b-8ead-e1119ea90023,824998a2-7592-4051-ab0b-d5e12743c93b,2025-01-19T10:16,9,186.66,Online,Pending
cc5d90a0-902f-4cb6-8117-d7429be17e49,9b9edd1e-b4f7-414c-b8b5-a3dc51fa0a8c,2024-12-07T10:16,7,164.01,Online,Completed
97884012-634f-478a-903f-ad3938bb95c8,26d032f1-9fe9-487a-987a-a8be14e1db05,2024-09-24T10:16,5,63.25,Cash,Pending
b6c47899-a4df-4cff-a571-a517b3bd3ba9,e85d0261-2d97-4475-a749-363ec9040a74,2024-07-17T10:16,3,42.72,Online,Cancelled
1893cdec-e087-4658-aaa2-cb936b3bf58a,4e44f26d-5455-405b-8fdb-63ab8b739ecf,2024-12-21T10:16,6,149.46,Card,Cancelled
0dd33818-e30f-4ae3-967b-3a6af4a5eb58,d87f31d7-79ef-4c17-856e-142e791b04da,2024-10-30T10:16,7,85.33,Cash,Completed
5d1b2e9e-ccf7-4f23-a5a6-0b67984630e8,bb6ceda0-3f7a-4dfa-9862-41a88dd468b2,2024-12-06T10:16,4,112.44,Cash,Completed
0dfe9fbd-7a3a-4422-82fb-e660434246f9,500fde18-ea61-4380-9ea4-f06d09985870,2024-11-13T10:16,4,45.04,Cash,Cancelled
eda9c28b-f5c9-4aab-b54a-94aae01ebf5d,7d2df59f-386d-4aec-85a8-2443262a0cb4,2024-06-05T10:16,4,109.44,Cash,Pending
78e1b88f-7f6b-440b-a7c5-2fed04853ba6,205ea7f7-e714-45b8-a083-11247ff702a1,2025-08-02T10:16,6,162.48,Card,Cancelled
b51f2744-02d0-4b81-919b-7b4d6dd3f7d2,6c6a3b10-9747-4dca-a041-4edc22d147b0,2023-12-26T10:16,2,30.96,Online,Completed
d601022b-dd51-4885-8c0d-10dd14413ef0,25659c0e-6eb5-4c57-add8-fb6ac5f42699,2025-09-05T10:16,3,57.93,Cash,Pending
e6a14a15-1577-45ef-ae46-34f1ba64c979,7a2e5fa5-096b-4701-8ce6-7a3db39bf8eb,2024-09-11T10:16,4,56.84,Online,Completed
c151ec40-65eb-43fb-b30d-0037ce000445,1407e9cf-22c9-4137-a2fe-cc12dc038235,2025-10-30T10:16,8,151.28,Cash,Cancelled
23060ff0-edcf-47cf-b55c-862c1e5ccd05,bfa3444b-2be9-46be-b944-720d86a59770,2024-06-11T10:16,5,30.20,Online,Completed
b4b109b6-d0f2-457b-a119-4a6b21dd8e30,c1a09d60-c9e8-4489-a68e-e01b51541d33,2023-12-29T10:16,9,122.85,Online,Completed
92d1c9a9-2678-4208-b4df-790c912af693,69446e90-4237-4410-ab55-e011eb04cce0,2024-03-22T10:16,5,87.80,Cash,Completed
5e02eff4-7e40-436d-9c4e-bb2788906a70,7509850a-5062-4da9-aad6-bc5b9e363ef1,2025-05-06T10:16,3,53.88,Online,Cancelled
cc5b2029-946b-434f-96df-284d401a553e,c83bba2f-5229-4998-9566-1f3179b13e8a,2024-09-25T10:16,5,25.70,Card,Pending
374454e7-86c5-4674-b33f-93a501750a44,1a31c678-d420-495a-aff3-0f1609514e1e,2024-10-27T10:16,5,149.50,Online,Cancelled
a9bb7c2c-0cb0-4636-8042-ffbdadf1bba0,8250871a-2b35-424e-a1a1-4eb4faffabfb,2025-11-06T10:16,5,43.45,Cash,Completed
6b58ddb3-5817-4b46-bd9b-339b45719ac7,e6cb1215-5314-4d05-bfd1-f6e5d36e89f7,2025-10-31T10:16,6,33.54,Cash,Pending
64ed7154-5d3d-421a-9ae1-6516aa518111,e6cb1215-5314-4d05-bfd1-f6e5d36e89f7,2024-04-30T10:16,5,35.75,Card,Completed
5f50d4b1-67cd-46e0-a9b0-263c94c9bb1f,428424b7-1f94-496a-8b7a-497ce177d32c,2024-11-16T10:16,8,204.64,Cash,Pending
e0e716fd-7eef-4447-b9e6-462fe600be28,bb6bf39c-f455-4e08-a59e-1bdaaa91d4aa,2023-12-21T10:16,1,27.91,Online,Pending
ce3e3dcf-a04f-4767-aece-ff5c5de56ae5,fdb5454e-2230-489e-ade4-9218ff28cbd8,2025-01-05T10:16,3,38.61,Card,Pending
0fb65881-9b6c-4bbb-8798-536530ab361f,52c87fd9-fdf0-4256-b929-6153ad24a0ac,2024-07-13T10:16,1,22.00,Card,Completed
e2004b1f-e84e-41c0-9ac5-b47832217e16,0b2a0e9a-e050-4380-b607-57adcbbf59d4,2025-11-03T10:16,7,166.95,Online,Completed
ab0e25ec-43a1-4bfa-95fc-27c8e4301880,25659c0e-6eb5-4c57-add8-fb6ac5f42699,2024-05-27T10:16,1,10.24,Card,Completed
5886e614-aeee-46c1-859d-cf2fecd66564,59827b2a-ae17-44b1-bd6f-6f08718559cb,2025-05-13T10:16,3,24.36,Online,Completed
9bda67e8-37e6-47b5-96a8-b572f54911ac,0d463f72-c3a1-4a2b-8d0d-1721a0d1a06b,2025-10-21T10:16,8,107.92,Cash,Cancelled
0537f820-77d6-4412-b3d2-0c6cf9c53cb1,b03f75c1-655f-4480-a2bf-1a0af806e96e,2025-10-11T10:16,1,27.04,Cash,Cancelled
4e7b9bba-90a2-43dd-b0b4-0f4211360b36,b95f7619-fab2-4df9-8683-1f2aeb93a660,2025-05-20T10:16,2,25.72,Online,Completed
80dd2c72-ce33-4118-8664-012521d83933,e277d099-db2a-4aee-ab86-8b0e73a34383,2025-03-18T10:16,8,112.24,Cash,Completed
8c297096-567d-4a98-bcbf-1ea596c2258a,d33bbfcd-a2ca-4e80-8a1c-65223f061e7e,2024-03-03T10:16,8,173.20,Cash,Pending
3f745f0f-23e3-40fe-87f0-13a07ffec0cb,02c65c06-56ad-4670-b8e2-10ab417c7154,2023-12-11T10:16,7,99.89,Card,Pending
c9823f25-46f9-4bfc-86b5-c6647c8d8a56,ceafdb2a-788d-48e0-acdd-bd533a2e7ab6,2025-09-06T10:16,2,52.04,Card,Pending
1e04c385-7729-4a51-b199-d8773a3decdb,23650eb4-f98d-45a3-a90b-a378f03d469d,2025-07-02T10:16,2,42.34,Online,Pending
b739c674-b5db-4a09-8bf5-406f561cf926,b95f7619-fab2-4df9-8683-1f2aeb93a660,2025-01-02T10:16,3,43.11,Online,Completed
96e3bdb8-5e23-4ef1-ab4b-b13e862cb3f6,6b1178fc-1745-401d-88da-3903c243ebe9,2025-08-04T10:16,6,60.12,Cash,Pending
75c3381f-3a52-4d4b-9960-5284c190cab2,4b14a58c-f1e4-40b6-888d-a88cd7055099,2025-02-15T10:16,7,177.45,Cash,Completed
5a7dacc7-0f46-432a-be3d-21207ec81e81,60cd80b6-3967-4dae-b4df-adc7b5644971,2025-03-19T10:16,9,109.89,Online,Pending
5c1ea14b-57e3-49a3-aa14-9a55135b19af,7509850a-5062-4da9-aad6-bc5b9e363ef1,2025-01-11T10:16,2,41.04,Online,Pending
aac207a0-7196-4978-9022-c59ea6517f24,bb6bf39c-f455-4e08-a59e-1bdaaa91d4aa,2024-02-21T10:16,4,104.92,Online,Completed
65e69388-b4da-4444-ad72-2381b3fa9de8,36b880b0-e9bd-4c0b-8f1c-32018f6c758a,2024-09-03T10:16,1,26.06,Cash,Cancelled
a9c40cf6-d715-4db7-a369-ca8d49a472b1,4e44f26d-5455-405b-8fdb-63ab8b739ecf,2025-10-25T10:16,3,23.55,Cash,Cancelled
63246e60-b460-473d-95cd-d23eb5a4758e,5f0f3def-9ff6-4282-ad04-001c4a769966,2025-01-28T10:16,5,106.25,Cash,Cancelled
0d517f4f-2805-421c-a234-46e5af53eb96,06e585f0-5b60-4900-81d1-3379328e6c17,2025-02-28T10:16,5,88.60,Cash,Completed
c53e3d16-0e6b-4d7e-a09c-f663d44268b8,62a2bfef-ca4a-4dec-90ea-bf15ea1880d2,2024-11-27T10:16,3,55.38,Cash,Cancelled
473b971d-4c54-49c0-aa78-73fcd5e45360,f3826f04-0dfa-4266-8002-58fede0093f5,2025-09-20T10:16,4,115.52,Cash,Pending
b1493a2a-0f0c-4e28-99ce-73a2d7e22925,a938df5f-7764-459c-8bfd-90409d16b3c6,2025-02-14T10:16,3,83.04,Cash,Cancelled
a699cd74-5fb9-4a56-a79d-79aa9aed74dc,0e0d5f13-edd5-4ab0-9ddd-3df111bedc5a,2024-05-07T10:16,9,159.75,Online,Cancelled
cdd93763-990a-4711-8bd6-5f8200e70ebc,b3688304-b24b-416a-9bf4-c2b6aaeb59d3,2024-12-13T10:16,1,5.81,Cash,Completed
18bd7111-51d1-4809-832d-121dbb847f8c,2ca088cd-c6c6-4e60-a1a4-d2990ee21b12,2024-08-17T10:16,1,20.17,Online,Pending
6cb87511-b414-4501-a363-7967b6a5a771,21edfc22-3f73-4335-a774-3cf78ab65e86,2024-08-21T10:16,1,20.04,Card,Cancelled
aadb33d0-9d75-41a8-a06a-dc0f4d6325f8,fbe227d7-6d32-4407-9783-7fdac983e55f,2025-09-06T10:16,1,24.62,Online,Pending
c3516f92-2b1a-43dd-883e-5845029c7157,bfa3444b-2be9-46be-b944-720d86a59770,2024-01-09T10:16,1,12.18,Online,Pending
d556174b-73d4-4b33-9545-9d8f8f063c09,a3f626b9-cc27-4c04-8570-be79ab8bda4a,2024-01-18T10:16,9,251.01,Card,Pending
14713290-eb99-4a4f-b784-43e3351d1e06,a938df5f-7764-459c-8bfd-90409d16b3c6,2024-08-31T10:16,1,25.04,Card,Cancelled
23913e9d-64f6-431b-b3d6-f7c7fcde6049,b0d737cd-ec4b-4a88-aa81-d012ef3fb719,2024-11-22T10:16,6,179.76,Online,Completed
83790504-732e-4e33-8ca2-7c8540292366,bf0de251-90d7-423c-8b31-48df1a89964f,2025-07-13T10:16,2,34.62,Cash,Completed
43e942d5-142f-4c3b-8869-efda836f7f7d,74e76582-f1b8-4560-b049-8aebb59d4721,2025-01-22T10:16,3,61.80,Card,Pending
f470186e-e68e-40f5-943c-8db160b4f540,e886c155-0dae-4b36-88f5-a86fa474d1f6,2024-06-20T10:16,3,60.45,Online,Pending
5c78d62c-83c3-4de7-a0e3-60fc6a134f21,80537cf2-360f-4740-8b7e-d4cd56e22987,2025-10-28T10:16,8,95.44,Online,Completed
f0f693d3-f9c5-4ffc-9432-4e2fbf59fa6c,209e786b-2a61-4e52-a3b2-1cc98bcbf18c,2025-06-22T10:16,6,42.90,Online,Pending
ec5cc138-03e6-44aa-96f1-52b509772533,b3688304-b24b-416a-9bf4-c2b6aaeb59d3,2023-12-09T10:16,8,108.00,Online,Completed
4c2b038f-dbf8-4cd7-81d7-ac1cbcf39185,7a2e5fa5-096b-4701-8ce6-7a3db39bf8eb,2024-01-03T10:16,3,25.83,Card,Pending
280dfa65-2d51-47bf-acaf-6d17292db6b6,90f0db1e-2b19-43f7-ba17-233c7c214eca,2025-08-29T10:16,8,162.96,Cash,Completed
b26da789-93ee-4b3f-9597-d106c11c938c,f0a6a958-e434-41bf-a830-dffa55a34db5,2025-05-15T10:16,9,188.82,Online,Cancelled
477024ed-3d49-435c-89d2-216c7dd745d7,6945f6f4-b8f9-4d04-90ff-e59ed705578e,2025-01-19T10:16,3,89.34,Card,Pending
a5233e0d-4e23-48ac-b90b-e42acd0aaeb0,cd50913f-8c99-4253-9134-0cf5fe5f300f,2025-03-07T10:16,1,24.97,Card,Pending
793a6f0f-688e-4277-a19e-d8131c24789c,5400d214-6176-40bf-88d2-3f53ed38bf69,2024-05-04T10:16,6,74.22,Card,Completed
4890babc-7245-45d0-b6f2-ac7cafa8b820,63846b60-b7be-4087-ac6e-56c9bc130a20,2025-09-17T10:16,1,22.01,Online,Completed
3d87b136-c56c-4879-9e48-89e8d92106cb,0a570207-0f70-467f-bbeb-44a0a60a9a25,2024-04-17T10:16,4,80.96,Online,Cancelled
33c1c535-3b17-4edb-8570-b76b50cbae3d,cb8747c7-32ca-4b6b-868d-13ab01d953ec,2025-06-27T10:16,6,88.56,Cash,Cancelled
e308cdcc-684a-48b3-94b5-9c1a63cc0306,02c65c06-56ad-4670-b8e2-10ab417c7154,2024-03-16T10:16,8,82.80,Card,Pending
fcdf69bf-eea8-4027-b154-f637e6c12c7b,5d6f84a5-a4de-442e-99b9-b8ef714b4436,2024-01-23T10:16,8,129.44,Cash,Cancelled
27c7b3d2-e830-426d-a234-b5acc1b8e5be,3ab3404a-ee80-4ed2-8d90-a6f0dad14e48,2025-02-19T10:16,1,24.34,Online,Completed
bd8fd355-66b4-4ef3-8499-d03054fe1ab3,ebe19120-496a-47fa-87eb-2440212a3363,2025-01-28T10:16,9,115.56,Card,Pending
10945415-8795-4998-a334-6e9833f59584,26d032f1-9fe9-487a-987a-a8be14e1db05,2024-10-16T10:16,5,75.15,Online,Pending
4fc8d4dc-f26c-460f-8e6a-9272397f5f5d,ebe19120-496a-47fa-87eb-2440212a3363,2023-11-28T10:16,7,206.71,Cash,Pending
a3cceb5a-64bf-428a-9e94-dfa97a190377,aff4340c-d102-49ba-af8e-84d2737ce82c,2024-10-10T10:16,5,79.50,Cash,Completed
6d52ebc6-116d-4a73-a1b8-9908b50d5082,6aaabc79-3d35-410f-bb96-f86a3930d0ff,2024-08-17T10:16,8,235.12,Cash,Pending
ced27c9f-f3cc-459c-9368-211e2fb347ef,77ca464a-fe0d-4dcc-8f08-3eb2f7b64f76,2024-08-18T10:16,5,71.50,Online,Completed
ed6a7e51-2117-48bb-a809-6247d6b9f8ab,a938df5f-7764-459c-8bfd-90409d16b3c6,2024-11-20T10:16,5,37.35,Card,Completed
9628fe77-55dc-4696-83cc-3ae025e7609a,06e585f0-5b60-4900-81d1-3379328e6c17,2024-05-06T10:16,3,68.76,Card,Pending
71ad97bd-12ba-477f-a4bf-93fd2af20150,49af098b-bf79-4643-8e49-739ea932d38b,2025-04-16T10:16,5,32.75,Cash,Cancelled
a36a2776-bf3e-43c6-9532-e13c939d2da6,3dcaabe3-78c9-4d88-bed5-56ca7ceea07c,2025-08-20T10:16,4,30.16,Cash,Cancelled
e8670d21-c007-4a65-9d0b-707157ca3936,4739f27f-7a96-4d52-83ae-0c6fd4c8c606,2025-05-03T10:16,8,179.84,Card,Pending
11978045-4dee-4b83-a4b2-b48179be9a7c,0a5a9fc7-e126-48f0-99aa-dea85c606f66,2025-05-31T10:16,1,7.34,Cash,Completed
ef7feed6-1e44-4ea6-b9d8-9b7ac570d941,73a2b03c-2dca-486e-8ebc-c4d6bb68a8c6,2024-02-14T10:16,7,88.06,Cash,Pending
6adce534-7109-40df-8e30-a21d9d33b52e,71f17b36-2c37-4cfa-bf8a-894fa94c0e9b,2025-03-20T10:16,7,86.24,Online,Completed
4a747b9f-0686-4f5b-bdc7-6cbb503d529b,6b1178fc-1745-401d-88da-3903c243ebe9,2025-08-10T10:16,4,23.52,Card,Cancelled
7869a568-1bde-41c8-ad78-1ccc672560e6,401a6911-a31e-4892-adc1-56e3e1eb090a,2025-09-14T10:16,3,81.60,Online,Pending
73dfe7b5-11b3-42ef-98c5-e98f774d9d4e,5f0f3def-9ff6-4282-ad04-001c4a769966,2024-05-12T10:16,6,131.16,Online,Pending
38d9a592-7620-45a7-b13a-026c18946c50,103fcba5-5588-45a5-9fe0-6ac948d3860e,2024-06-24T10:16,8,135.44,Cash,Completed
a0cad704-4a95-4f88-b7de-a1889d82b080,bc58b12c-65c4-4f21-89ef-3e492a22ef7c,2024-12-15T10:16,6,149.28,Cash,Pending
2b111e24-3558-4143-b1e1-dea0cbdbaeaa,9b9edd1e-b4f7-414c-b8b5-a3dc51fa0a8c,2025-03-16T10:16,5,46.85,Online,Cancelled
a58196b0-bb37-4be1-af80-fc2b13f80812,8626238e-5813-415a-9a8c-db944b1e0269,2025-07-27T10:16,6,111.90,Cash,Completed
db49dc0c-4fcd-4790-b3d7-abba3743f74d,c5817fdc-a4dc-4879-b957-30cfda62016b,2024-03-24T10:16,8,53.44,Card,Pending
9985f8f0-e942-4924-85b7-83e01b773453,7c991f43-c18b-4404-8826-97691b0dc00c,2025-05-19T10:16,6,144.66,Online,Pending
6b3066d2-58e8-4dd1-aaf9-f4d91f7202ef,0fcf4084-ea31-49f8-99f9-9bf8c8b0c16b,2025-03-01T10:16,9,256.23,Cash,Pending
2d9ce554-e8d7-4628-a3bc-00572d3b5a24,935ebde1-5945-4673-886e-1a7a12cc2d4e,2025-09-25T10:16,6,138.24,Cash,Cancelled
eb6fb93a-ab70-42f5-8065-c2769d57ef06,2ca088cd-c6c6-4e60-a1a4-d2990ee21b12,2024-04-14T10:16,2,28.38,Online,Cancelled
b3b7a1df-fee6-4ff0-b7a7-f818f027c34c,0a15d43b-8f6b-444a-bef2-ffbddfdbd16f,2024-08-24T10:16,6,33.42,Cash,Completed
6b0e2fd0-4ab0-40f7-832d-1f4b9d4c64e4,f3826f04-0dfa-4266-8002-58fede0093f5,2023-12-07T10:16,9,90.09,Online,Completed
26b25658-922f-4fe5-ad64-85faee25f3ea,b04ce307-2d1f-4214-b023-d8f4379041a1,2025-01-03T10:16,6,148.80,Card,Completed
f930f011-cd84-43be-9765-631315cfb6f9,e12c3d24-86c8-474f-b86b-370df36adbfe,2025-05-27T10:16,8,113.44,Card,Pending
597f5615-cd2c-42a6-8719-f2435c8d144b,21edfc22-3f73-4335-a774-3cf78ab65e86,2024-07-18T10:16,2,55.60,Card,Cancelled
cd7b28d0-05f5-41d9-af23-ef79c1b45cb1,1d32c3b3-c732-4995-aa6b-ff159deb3bdf,2024-08-05T10:16,3,71.70,Card,Pending
d596a31d-007b-49fa-a133-b05c0fcec439,0a5bd884-b432-4ce5-b14e-44b4aedd4c0f,2025-06-01T10:16,1,24.74,Card,Cancelled
a642fefe-b43a-4c5a-a69b-9cc8994e7f69,5f6e51da-5f01-4c9a-85dd-7d50ef37e5d7,2024-05-30T10:16,2,47.38,Online,Pending
57247065-ab44-4848-823e-e9105717c2ae,6bd388d4-5636-450b-bacd-55bdcb769bab,2025-10-02T10:16,6,132.24,Online,Pending
d7c1457c-0c82-4ae4-b336-87960a592863,bc58b12c-65c4-4f21-89ef-3e492a22ef7c,2025-10-20T10:16,6,93.72,Online,Cancelled
117b5654-5961-4460-a4be-95ebd71478bf,d5eaf6a7-76cc-48ec-98d9-ba713e2df70f,2024-12-13T10:16,1,27.18,Card,Cancelled
98601736-8e2c-4c0b-8423-1cfc9fe614e1,bc58b12c-65c4-4f21-89ef-3e492a22ef7c,2025-06-06T10:16,7,118.09,Cash,Cancelled
8a0dace9-6e5d-474e-ba72-9786f1c99a99,6aaabc79-3d35-410f-bb96-f86a3930d0ff,2024-12-17T10:16,8,207.20,Cash,Cancelled
7a4d0a70-34a2-47f0-987d-0fbac1933c11,fbe227d7-6d32-4407-9783-7fdac983e55f,2024-06-12T10:16,6,58.62,Cash,Pending
35469c6c-9288-4454-b99c-d30702b4d1fd,983d66ae-c8b0-46b8-8abc-26a1055cf729,2024-12-24T10:16,2,29.70,Cash,Pending
e1d14c51-89e7-4ca7-8a67-b86b17676841,1d32c3b3-c732-4995-aa6b-ff159deb3bdf,2024-06-21T10:16,9,222.75,Online,Cancelled
2b7c7ca2-5615-41db-a77b-f39741f30677,ada8704c-2784-4d70-84da-10078407d2c8,2024-08-20T10:16,4,98.24,Card,Pending
496f1df9-1320-46aa-a0bb-3bb1ed1850af,0130fcd4-a6cf-4a72-8400-7bcae1abce34,2023-12-10T10:16,1,12.22,Cash,Cancelled
40edb92f-5334-49e2-863f-935b15d5fb4b,a190f67b-21df-46bc-8164-46bdfa00af85,2025-04-24T10:16,2,39.84,Card,Completed
a89710bf-8fbb-4d85-ac39-4cec9d5ea0ac,f3826f04-0dfa-4266-8002-58fede0093f5,2024-03-09T10:16,2,45.06,Card,Completed
5f148c2a-0acf-4b26-b394-a7df4fa95ef6,d3f641e5-b8b5-4f5f-9155-7768df2033e8,2024-02-22T10:16,9,196.74,Online,Pending
4cf93807-47de-41b1-98cd-eb35d07214e1,0d463f72-c3a1-4a2b-8d0d-1721a0d1a06b,2025-08-26T10:16,4,29.56,Cash,Cancelled
88a48499-d206-4a29-8021-a07d8d9afb27,c5817fdc-a4dc-4879-b957-30cfda62016b,2024-12-26T10:16,9,72.18,Card,Cancelled
aae48338-0446-4f9a-bea5-4a95e2698021,964d337f-acd5-4ca2-8843-9be3f2eb60fc,2024-04-23T10:16,2,51.50,Card,Completed
cc6c4410-8f14-4436-b4af-583c47bea37f,0d463f72-c3a1-4a2b-8d0d-1721a0d1a06b,2025-09-08T10:16,2,15.04,Card,Pending
467ebee7-98b9-4335-a411-82db77736f22,60cd80b6-3967-4dae-b4df-adc7b5644971,2025-02-16T10:16,8,73.20,Online,Cancelled
45a78580-3a4c-4e95-90eb-40d3893d0166,8113211c-bdc3-4bb0-94d9-3fd3871f3005,2025-08-28T10:16,8,134.80,Card,Completed
583c48b9-a8e0-4e16-8b38-77137ab271cd,26d032f1-9fe9-487a-987a-a8be14e1db05,2024-02-17T10:16,8,194.40,Cash,Cancelled
1b3f0734-547e-4cf9-ac97-e3bd46b566dd,500fde18-ea61-4380-9ea4-f06d09985870,2025-10-22T10:16,5,147.60,Cash,Pending
6c38c604-0812-471e-a8f7-90cfe54b57ce,92da274a-bea2-490a-bb52-196c46fa8487,2025-08-16T10:16,2,10.84,Card,Completed
046f6e76-b5b3-46ca-acdc-84c78e4f3f53,62a2bfef-ca4a-4dec-90ea-bf15ea1880d2,2024-01-15T10:16,7,163.80,Card,Cancelled
5d226b8a-1afb-464f-bb00-d32f4153473f,d5eaf6a7-76cc-48ec-98d9-ba713e2df70f,2025-05-17T10:16,1,29.62,Cash,Completed
fd50eee3-ff56-4146-b99b-3ab4493aae94,7509850a-5062-4da9-aad6-bc5b9e363ef1,2025-09-16T10:16,7,55.86,Card,Completed
1491e908-8f56-4d48-8e73-36a78a81b370,52fbb114-83aa-432d-b2f1-f3e37a5c4754,2025-11-04T10:16,9,123.75,Online,Completed
c3f96500-86b4-4714-8981-9870ac8335ec,c9dcc28a-ae5f-477c-ae7e-72d94129f449,2025-02-08T10:16,8,45.92,Card,Pending
ad5993e4-815c-4000-91d7-a7ea281429ed,7a2e5fa5-096b-4701-8ce6-7a3db39bf8eb,2024-06-26T10:16,2,39.18,Card,Pending
a78c90d7-7098-44e5-89dd-22224a02b724,8f7f530b-bb30-4a05-b437-744ed30af54f,2024-07-19T10:16,9,64.53,Card,Completed
7b47a3c8-4be6-4a36-bfb7-c9854c7f7146,5400d214-6176-40bf-88d2-3f53ed38bf69,2024-01-28T10:16,2,40.20,Online,Completed
2118338b-6077-41a7-8ed8-b0edb6c10174,8e1bbe6c-7b75-46dc-8ca1-0b1664cd6ae4,2023-12-05T10:16,4,54.20,Cash,Completed
069f5cf5-bbe0-4a77-9be9-a50e43622939,3befa4dc-d961-4a3a-9410-d43d1bdaa335,2023-12-18T10:16,3,58.83,Online,Cancelled
35dfce3b-bcae-4d77-8c2d-27f059bbbceb,93cdeef1-3fc3-4a63-a275-0ae87ae6b335,2025-06-11T10:16,1,19.37,Card,Cancelled
5e232b81-adc2-4df9-9f84-e997260c51fc,49af098b-bf79-4643-8e49-739ea932d38b,2024-08-04T10:16,7,141.75,Cash,Cancelled
66d69ee1-cbb7-4019-a2cd-16a493cd6c1c,8113211c-bdc3-4bb0-94d9-3fd3871f3005,2024-03-07T10:16,6,104.22,Cash,Pending
3b32a19b-e2e4-44ca-afe5-6336b09e3009,050d9901-1cb5-413a-9c31-282028f863c1,2023-12-25T10:16,4,114.32,Card,Pending
d0bbaf40-28b7-4d28-aebd-70ce00a69424,0a5a9fc7-e126-48f0-99aa-dea85c606f66,2024-06-15T10:16,6,36.78,Online,Pending
d40ea84e-248c-4070-a8ee-842ad0ea03e3,964d337f-acd5-4ca2-8843-9be3f2eb60fc,2024-05-01T10:16,6,46.14,Online,Completed
08a67c39-34ef-40e9-9d15-f614bfa8321b,10b26c2d-7d56-4175-84a8-a2775e128a9d,2024-04-06T10:16,3,85.77,Cash,Completed
ce6bd1aa-fc50-4a04-921a-c7c47e6544ba,5400d214-6176-40bf-88d2-3f53ed38bf69,2025-07-28T10:16,9,227.70,Online,Cancelled
d3604189-bb9a-407a-83f2-3de4cd50b38c,205ea7f7-e714-45b8-a083-11247ff702a1,2025-08-22T10:16,2,24.08,Card,Pending
49a17c83-481e-448c-ba53-11f7eca02638,92da274a-bea2-490a-bb52-196c46fa8487,2024-01-10T10:16,1,8.22,Online,Cancelled
d746cf8f-8c96-4f37-9342-7e9a8a29928d,3910ab11-8758-4a4f-8a9b-c4f5df7413c4,2024-08-12T10:16,8,164.08,Cash,Pending
347228c0-05dd-42e7-a075-e5da3debe850,8626238e-5813-415a-9a8c-db944b1e0269,2025-10-18T10:16,4,63.16,Cash,Pending
6a87d89a-04b9-41f4-9ac5-4e02d7bd9e3a,65b2c0ea-6192-47fc-9286-2c1dd3ecefb1,2024-05-21T10:16,4,64.20,Online,Completed
e382439b-2ad1-44d8-bc34-45dafe7c0096,caad7924-4bc5-4f85-9662-11ca261e3c87,2024-02-16T10:16,6,66.66,Cash,Pending
f0be30a5-7fe9-4c5e-8c94-cd4041cefbd7,5f0f3def-9ff6-4282-ad04-001c4a769966,2025-01-14T10:16,7,47.18,Online,Completed
06bb6a35-6478-47e1-a20d-8268163c940c,26d032f1-9fe9-487a-987a-a8be14e1db05,2024-01-27T10:16,9,51.03,Card,Pending
26c3ad1d-59ac-4041-a6e4-6fe96ea08bc2,bc58b12c-65c4-4f21-89ef-3e492a22ef7c,2025-06-10T10:16,5,32.55,Card,Completed
bdd5a818-9612-46ee-8fcc-252dc4bd795f,ba5d9947-b043-4aca-8ee0-6b77895cf8e8,2025-03-25T10:16,7,72.45,Cash,Cancelled
f957fa97-a298-4116-bdf7-6b4c5af2c3e3,ada8704c-2784-4d70-84da-10078407d2c8,2025-07-08T10:16,8,157.28,Online,Cancelled
dac38b86-b19c-44dc-9eb9-a2b2687a1bad,8887df7e-682b-4d48-b18c-c1ddfa0aaa26,2023-11-13T10:16,3,46.14,Cash,Cancelled
3f8650ac-22c5-4a7b-aaa0-86e4982e4ccb,d6d4ef4b-0870-48aa-b884-013237f255f4,2025-07-03T10:16,9,159.39,Cash,Completed
ca52dffd-4140-459f-b5db-1c0d497cf631,c63bd277-c81c-40c5-8720-6ce916d653c4,2025-05-01T10:16,2,20.04,Card,Cancelled
cb1d9fb9-e106-4377-a7a3-47681c248abe,8e1bbe6c-7b75-46dc-8ca1-0b1664cd6ae4,2024-07-04T10:16,6,77.58,Online,Completed
690b8030-8933-4530-a98f-0027f6a312e5,8e1bbe6c-7b75-46dc-8ca1-0b1664cd6ae4,2024-08-31T10:16,7,65.80,Cash,Cancelled
683087f7-3c14-47c4-8d5b-863461e5679e,c0d74d86-5c5b-481d-b8e3-61eeb9c77255,2024-07-12T10:16,9,267.03,Online,Pending
7c7f3e5b-fe20-4602-b89b-e509d21e4997,bc58b12c-65c4-4f21-89ef-3e492a22ef7c,2024-06-30T10:16,2,51.60,Card,Completed
f20a9517-3c7e-44a3-a7eb-1dcec1afed0c,6c3bf618-a715-40f9-9faa-cfc5f5beef2f,2025-01-03T10:16,4,38.68,Cash,Cancelled
bdc5a294-18eb-4806-91f0-850078e474f7,73a2b03c-2dca-486e-8ebc-c4d6bb68a8c6,2024-09-03T10:16,7,113.82,Online,Completed
25643d68-c307-444d-a3a0-fd9d861e7532,8250871a-2b35-424e-a1a1-4eb4faffabfb,2025-06-09T10:16,8,207.20,Online,Completed
8150f3d2-64c3-40c7-a692-2c28766f845a,8113211c-bdc3-4bb0-94d9-3fd3871f3005,2024-11-24T10:16,4,84.00,Card,Cancelled
72442e46-d10c-446b-b881-118b8173f419,726d71e2-70fd-4416-8568-78619c14a73a,2024-12-27T10:16,2,55.04,Card,Cancelled
dda7ed9f-98e1-4fdc-ae6b-1362688f5d16,e277d099-db2a-4aee-ab86-8b0e73a34383,2024-01-10T10:16,4,66.84,Cash,Pending
b96ecca1-d834-4227-8aad-2f5dc6be854b,e12c3d24-86c8-474f-b86b-370df36adbfe,2024-08-29T10:16,7,172.41,Card,Cancelled
ffb9219a-cff7-4be6-bfc8-d1b5cd376a10,69446e90-4237-4410-ab55-e011eb04cce0,2024-04-11T10:16,2,49.60,Cash,Completed
45f34182-20e7-49e1-9ecb-ff24fdda0a19,e886c155-0dae-4b36-88f5-a86fa474d1f6,2025-01-05T10:16,9,49.86,Online,Completed
9ea92a71-40fd-4c32-a19e-fd1b717febbc,0472ca7f-b133-4710-8f43-24a3c6c1afd1,2025-05-05T10:16,4,109.68,Online,Pending
5fb14eb2-a20b-4e61-a917-35cdb8ff40cb,8e1bbe6c-7b75-46dc-8ca1-0b1664cd6ae4,2024-07-12T10:16,5,98.25,Card,Pending
87833add-809b-4ab8-b666-4dcf199cb52c,795088d7-d227-422e-ad8c-f048bde0675e,2024-08-15T10:16,7,80.29,Online,Cancelled
d57ed59c-448f-4f88-801b-212bd55a4313,ceafdb2a-788d-48e0-acdd-bd533a2e7ab6,2024-03-02T10:16,3,48.60,Card,Pending
49b01d99-b24d-4e86-b333-eb1da7ede05e,74e76582-f1b8-4560-b049-8aebb59d4721,2025-08-29T10:16,5,37.75,Online,Cancelled
2158ec9b-e0df-4b92-ba48-b66ae7bc050b,726d71e2-70fd-4416-8568-78619c14a73a,2025-06-06T10:16,4,120.00,Card,Completed
fa9b5bf4-5c07-44cb-b2f6-c82d45a9010a,8626238e-5813-415a-9a8c-db944b1e0269,2024-10-19T10:16,2,22.56,Cash,Pending
70a15cab-8ec6-4c21-a897-83537d7fb0ff,3910ab11-8758-4a4f-8a9b-c4f5df7413c4,2024-07-26T10:16,7,114.52,Card,Pending
51abddb0-8a0b-4cb1-8499-924aaf21c7a8,23650eb4-f98d-45a3-a90b-a378f03d469d,2025-10-07T10:16,8,132.32,Cash,Pending
e7f8af6c-4950-47e6-b7ae-dc93338d52be,d3f641e5-b8b5-4f5f-9155-7768df2033e8,2025-10-03T10:16,8,117.04,Card,Completed
430fdd75-5d4f-4098-bcb2-b1d5b51d80a5,d7af10ce-45c9-4fc8-8dd8-b1c5491aad5f,2024-09-08T10:16,8,184.96,Card,Cancelled
adb2409e-a51e-4f6f-bcd5-4795515474bd,0a5a9fc7-e126-48f0-99aa-dea85c606f66,2025-02-28T10:16,1,16.14,Card,Completed
c144444d-d2ea-4d2f-bdce-4566e5907c94,953417c6-cd52-45e9-9ca0-bb450653c934,2025-08-01T10:16,7,85.47,Card,Cancelled
ca404e38-c821-423a-832d-91f6241b3fce,c5817fdc-a4dc-4879-b957-30cfda62016b,2025-03-05T10:16,9,186.48,Card,Completed
6ee5406d-0396-4cdd-81a5-d7fb02c8ad57,b04ce307-2d1f-4214-b023-d8f4379041a1,2024-07-01T10:16,3,27.57,Cash,Completed
0532ccbd-8bac-4d83-a05f-8df038b8656f,c9dcc28a-ae5f-477c-ae7e-72d94129f449,2024-10-01T10:16,6,120.60,Online,Cancelled
a7d391ec-3a12-451b-a98f-5b364501e05f,39cb44e2-a541-4b98-bc0b-db5f31cf8710,2024-05-18T10:16,9,192.96,Card,Cancelled
aec918ce-627c-4911-8bcd-9acac1244c7d,6aaabc79-3d35-410f-bb96-f86a3930d0ff,2025-11-04T10:16,4,32.92,Cash,Pending
560d9df3-1aa6-44fc-8bd8-8134f351d4b7,4e6807ca-aed8-4ec9-b1b0-0e3aba57efb1,2025-06-25T10:16,6,133.08,Cash,Completed
35d6b268-1fd2-42a6-b279-26fb0cce6c54,89d26a00-0fde-4c03-8430-b06f6bc3f33a,2024-08-27T10:16,3,77.04,Card,Pending
0b97cf5c-c13b-4634-ab55-a9b273dcd222,a302a1a8-c429-406f-abff-9f273aa0a4b5,2025-10-02T10:16,9,73.35,Online,Completed
feb9d55f-748c-4702-b189-d3a2e292fa2b,e6e1db85-f8ba-4264-9c9a-520ecda4bc4c,2025-07-08T10:16,9,79.92,Cash,Cancelled
812bcab3-bd2f-4f6a-a2aa-70b73dec4b09,53db1213-7316-47bb-9099-c1def0e3c96b,2025-01-12T10:16,4,57.32,Cash,Completed
18fe67af-b03f-4167-9961-aac86d15d2fa,d5cfb1a3-ce2f-4aff-ab4c-50e0c5426af1,2024-02-14T10:16,8,159.44,Cash,Pending
c6a92e19-b324-447d-857e-9e60e63efd2c,7a2e5fa5-096b-4701-8ce6-7a3db39bf8eb,2024-10-19T10:16,6,142.92,Cash,Pending
1729cc1b-b2ef-46b4-b2b6-97f82299b6d3,983d66ae-c8b0-46b8-8abc-26a1055cf729,2024-01-10T10:16,7,150.22,Online,Pending
7ae084c6-739f-4af3-8bb0-2c794af84ce4,39cb44e2-a541-4b98-bc0b-db5f31cf8710,2024-09-26T10:16,2,11.62,Cash,Pending
f0f3910f-3ff6-474f-aaa6-3dae7de2b975,ebe19120-496a-47fa-87eb-2440212a3363,2025-05-01T10:16,7,85.19,Online,Cancelled
22c9af40-3094-4d91-9ffa-4c7f8cacf760,a938df5f-7764-459c-8bfd-90409d16b3c6,2023-11-17T10:16,9,48.42,Card,Cancelled
02d27cb9-b9d8-43d8-99b5-484e51f86ddd,0a5a9fc7-e126-48f0-99aa-dea85c606f66,2024-09-23T10:16,7,104.30,Online,Completed
2a01f826-ae95-4677-ad88-2331deef75f4,983d66ae-c8b0-46b8-8abc-26a1055cf729,2025-04-09T10:16,3,20.31,Online,Pending
5f3e8c5c-5443-4aad-b0aa-7bf63f1b27c2,3e97fc93-73a7-45e0-9888-f7a03ee258a7,2025-10-07T10:16,4,95.92,Card,Completed
286f8b16-1514-4d2c-a6a5-f994a4f19429,0dd437d0-74fa-43c3-8909-5c955e4d47dd,2025-09-30T10:16,3,69.54,Cash,Pending
ef34dc96-fd61-4fea-acb6-3e36c67254c5,11526850-7335-463f-b740-a52a90457c3b,2025-09-20T10:16,7,161.77,Cash,Completed
64f88775-a973-4808-941c-a02c4de66aae,14eace30-1ac2-411e-8eef-98e8f32a87fb,2024-04-20T10:16,3,60.15,Cash,Pending
82cf69cc-4bde-4d16-a14f-894c4fdf28b9,25659c0e-6eb5-4c57-add8-fb6ac5f42699,2025-09-07T10:16,4,115.04,Online,Completed
92f4bef3-08eb-4c55-958e-ac4b66fd665d,6c6a3b10-9747-4dca-a041-4edc22d147b0,2025-03-28T10:16,1,12.41,Card,Pending
b4cc3ef0-91b3-43b2-81e4-3078687c8d3a,401a6911-a31e-4892-adc1-56e3e1eb090a,2024-02-22T10:16,1,11.95,Online,Pending
7eb2eea7-289b-406a-be0c-e7fb3a4da35c,5d6f84a5-a4de-442e-99b9-b8ef714b4436,2024-07-20T10:16,4,99.96,Card,Cancelled
fbf6d23a-89ed-4a22-9fc8-0b0ac3b5f74e,23650eb4-f98d-45a3-a90b-a378f03d469d,2024-05-04T10:16,4,51.76,Cash,Completed
90079952-555c-4e1b-8edd-aaaa944b1300,00d7ae70-0f46-4453-963c-4ab2a3d29314,2024-09-21T10:16,1,6.38,Online,Completed
0b81fb8b-38a1-4f69-a257-7cec9bfb997c,953417c6-cd52-45e9-9ca0-bb450653c934,2025-09-05T10:16,5,132.40,Card,Completed
91ac6536-79d1-4605-aae0-12aaa81cdf94,90f0db1e-2b19-43f7-ba17-233c7c214eca,2025-05-16T10:16,8,91.44,Cash,Completed
d14543bd-35ad-42e0-975e-893260d8ce47,1eeb9c5f-5b7a-47af-b4f1-5a50d9d1089c,2024-09-26T10:16,1,6.18,Cash,Completed
a10529ec-9fb7-45dd-9f91-fd077ba53de0,63846b60-b7be-4087-ac6e-56c9bc130a20,2025-03-01T10:16,3,62.40,Online,Cancelled
5e79097c-b2d4-4b55-9fdf-e67f27a7c482,0fcf4084-ea31-49f8-99f9-9bf8c8b0c16b,2024-06-13T10:16,1,19.22,Cash,Cancelled
d082b007-c077-44c0-b22a-f0ecc456ddf2,92da274a-bea2-490a-bb52-196c46fa8487,2024-11-01T10:16,2,21.34,Cash,Cancelled
bc663327-397d-4d94-aa9d-f4f2aab3ba96,ba5d9947-b043-4aca-8ee0-6b77895cf8e8,2025-11-09T10:16,3,57.99,Card,Cancelled
f0c05de6-100b-4567-9df0-1368e9bfbc8d,77ca464a-fe0d-4dcc-8f08-3eb2f7b64f76,2025-05-11T10:16,8,187.52,Online,Pending
19265cde-1df3-48cb-a0c0-0f7a501b19be,0472ca7f-b133-4710-8f43-24a3c6c1afd1,2023-12-04T10:16,7,148.40,Card,Pending
b22d5e8c-4bc8-43ac-98e6-e321eccbaf5c,e38afcd9-9e08-47ba-bc92-5ebb4bc271eb,2025-04-22T10:16,9,136.89,Card,Pending
f90dd583-eac6-482b-b614-913b70a42f71,b03f75c1-655f-4480-a2bf-1a0af806e96e,2024-01-22T10:16,6,61.74,Online,Completed
74e784d0-53c3-4926-ae95-a7e5b660bffc,3befa4dc-d961-4a3a-9410-d43d1bdaa335,2024-09-21T10:16,7,91.56,Card,Completed
d24d93b0-5789-426f-8849-bd2f88095b73,1a31c678-d420-495a-aff3-0f1609514e1e,2025-06-14T10:16,6,138.90,Cash,Pending
2c3376ca-71bd-474b-933c-c96008f476ea,59827b2a-ae17-44b1-bd6f-6f08718559cb,2024-05-11T10:16,1,18.86,Cash,Pending
15b038c4-1754-485e-82d9-57297ef98908,52f5634d-de98-4543-8a1e-cbf1e2d0242f,2024-05-29T10:16,4,54.12,Online,Completed
a9a09de5-7e31-4510-adca-deb4f97679f6,8b115a34-224b-453c-be69-b53a7445b466,2025-10-06T10:16,3,15.21,Online,Completed
99ffdf12-6884-4ada-b01e-ee050497216f,56a75a3e-a944-4147-8cba-f1024726993f,2025-05-05T10:16,1,18.19,Card,Pending
6f8cd9b9-7146-41d0-9ef3-3f0be9bbd244,e886c155-0dae-4b36-88f5-a86fa474d1f6,2025-07-05T10:16,2,59.00,Online,Pending
467199f9-4eb6-4155-954a-6a6873e89651,3910ab11-8758-4a4f-8a9b-c4f5df7413c4,2025-03-27T10:16,2,10.22,Cash,Cancelled
6de3d2fe-e31e-476c-bb12-ca951e373e9e,935ebde1-5945-4673-886e-1a7a12cc2d4e,2024-02-25T10:16,3,35.37,Card,Cancelled
c50ec6a2-c28f-459b-be41-262a6e16f270,0e0d5f13-edd5-4ab0-9ddd-3df111bedc5a,2024-04-20T10:16,3,43.17,Cash,Cancelled
880d4c19-6308-4e39-bbea-ec3e7f027b52,27e45431-1333-4ffd-a0c8-be56ffdc5d4e,2024-01-06T10:16,4,103.52,Online,Completed
49751f7d-6f89-45fe-8919-b446c9150602,8b115a34-224b-453c-be69-b53a7445b466,2023-12-20T10:16,3,72.81,Card,Completed
00d0e432-321e-4023-b8ec-c736f1591492,06e585f0-5b60-4900-81d1-3379328e6c17,2024-06-29T10:16,5,75.05,Card,Cancelled
18487d26-caed-456b-93a3-77937702b87d,5400d214-6176-40bf-88d2-3f53ed38bf69,2025-04-17T10:16,8,154.88,Card,Completed
abcbbd2a-173c-40ed-9446-3dd3906a132d,59827b2a-ae17-44b1-bd6f-6f08718559cb,2025-06-13T10:16,9,91.44,Cash,Cancelled
b1696413-ecfb-44f7-aa3d-c2161710841f,7a2e5fa5-096b-4701-8ce6-7a3db39bf8eb,2024-08-09T10:16,2,17.74,Online,Completed
d601ef62-b154-483f-8abf-158fe7b868cd,60cd80b6-3967-4dae-b4df-adc7b5644971,2024-01-08T10:16,5,109.30,Online,Cancelled
cd26d583-1ba2-4892-839a-77c74fb05e49,cb8747c7-32ca-4b6b-868d-13ab01d953ec,2024-09-12T10:16,6,106.44,Card,Cancelled
873ccd7a-72e4-4bd5-925b-ba6e6e338420,4e6807ca-aed8-4ec9-b1b0-0e3aba57efb1,2024-08-27T10:16,5,37.35,Cash,Cancelled
3911b2ba-72e6-4e19-9a1c-6440c5b12105,6945f6f4-b8f9-4d04-90ff-e59ed705578e,2025-08-01T10:16,9,144.45,Cash,Completed
de04b48a-6438-4bc3-ad89-22af6ad50f24,1a31c678-d420-495a-aff3-0f1609514e1e,2025-10-01T10:16,6,132.00,Online,Pending
4ac3d5fa-aa18-489d-9bb4-95d0d8bbc602,36b880b0-e9bd-4c0b-8f1c-32018f6c758a,2024-04-29T10:16,7,173.74,Cash,Pending
bcd558c7-9a5e-4e02-af7b-388702ade586,80537cf2-360f-4740-8b7e-d4cd56e22987,2024-02-12T10:16,8,178.40,Online,Cancelled
94a31e2c-16b8-4f51-9a50-79a22ca43c13,0472ca7f-b133-4710-8f43-24a3c6c1afd1,2025-05-01T10:16,8,226.16,Card,Pending
60bd6fb3-4db8-4685-8434-bed800558280,050d9901-1cb5-413a-9c31-282028f863c1,2025-08-05T10:16,4,92.36,Online,Completed
6de2120d-b5aa-43ed-9243-59ce648d3dbb,8887df7e-682b-4d48-b18c-c1ddfa0aaa26,2023-12-27T10:16,8,94.24,Card,Pending
7d95b6f3-c6cc-4abf-bff1-b146ee627fbe,1a48aa9a-def3-481d-922a-94300aa97309,2025-03-23T10:16,3,81.96,Cash,Cancelled
1469199f-9dab-41e0-bb20-6284c004b6c8,bf0de251-90d7-423c-8b31-48df1a89964f,2025-04-06T10:16,1,27.08,Card,Completed
fefa54a8-39a8-4545-ad63-904a32e907b2,f067e21d-d1d4-4e87-9cae-9753f5f9ccb6,2024-07-26T10:16,7,182.28,Card,Completed
ff84fe9a-1422-415a-a52f-f26715741660,bf0de251-90d7-423c-8b31-48df1a89964f,2024-11-19T10:16,4,39.44,Card,Cancelled
0c332a42-6fff-4aa5-b3ce-dbca26ebdf73,ec3490d2-e8da-47ee-ae12-0ca0b1d7a2bb,2025-02-04T10:16,9,220.68,Online,Pending
bc61c041-3655-438b-8f6e-3621c35db395,dcfb3d05-846d-4915-99f3-ebbc7559d972,2024-11-13T10:16,6,163.26,Cash,Cancelled
5c11b681-986d-48b6-bf78-739a4ba0a70e,74e76582-f1b8-4560-b049-8aebb59d4721,2024-06-25T10:16,5,107.70,Cash,Pending
d1925afd-a25f-4195-a4a8-928d892534b3,9c53f3f8-5b22-4d77-bd76-cfa6c70e443c,2025-08-17T10:16,5,52.05,Card,Pending
6ef1e92b-573c-4026-b9fd-32455f065821,c5817fdc-a4dc-4879-b957-30cfda62016b,2025-02-05T10:16,5,104.10,Card,Pending
d5e818f5-ce5f-49d7-8caa-30d3e6800cdf,1d32c3b3-c732-4995-aa6b-ff159deb3bdf,2025-09-13T10:16,7,100.52,Online,Cancelled
ce34987e-7efa-491f-917b-326b154b8629,f6c35464-33dd-44a7-bf84-071f2e427045,2024-05-02T10:16,3,23.49,Card,Completed
15162986-3dd6-47ca-877a-37bd4bb87084,4e6807ca-aed8-4ec9-b1b0-0e3aba57efb1,2024-02-19T10:16,2,32.78,Card,Pending
bf4a18b9-ce33-4e3b-be92-5d8eeeebde64,b047b369-02d0-4f25-9af0-f1e883228863,2025-07-31T10:16,2,35.22,Cash,Pending
2ca71025-b536-4f31-a07f-44982c557c23,1a31c678-d420-495a-aff3-0f1609514e1e,2025-08-11T10:16,5,37.10,Cash,Completed
339e437e-edb2-4e53-832a-9fe1901551ae,7169ef0c-f2c8-4ae3-83f6-87691664d2d2,2024-09-22T10:16,5,77.25,Card,Cancelled
8fe1f9fd-db0d-4c0f-abec-06d254ba8440,bfa3444b-2be9-46be-b944-720d86a59770,2025-10-07T10:16,2,18.22,Cash,Cancelled
a50cd5cc-fa3b-46bb-b4a1-1b24d473b139,89d26a00-0fde-4c03-8430-b06f6bc3f33a,2024-03-08T10:16,4,25.16,Online,Cancelled
e28d7c72-a2bb-4030-9485-22cf04a423ed,8e1bbe6c-7b75-46dc-8ca1-0b1664cd6ae4,2024-08-23T10:16,9,66.69,Online,Cancelled
a3aa1df7-39c8-4366-bfac-16231b5de3cb,ebe19120-496a-47fa-87eb-2440212a3363,2025-05-22T10:16,6,71.22,Online,Pending
6792f918-3d2f-4ba8-b864-08cb58662d05,26d032f1-9fe9-487a-987a-a8be14e1db05,2024-07-31T10:16,3,25.53,Cash,Pending
37708965-7cce-4280-97b9-00ddd0ed1b12,e12c3d24-86c8-474f-b86b-370df36adbfe,2024-06-20T10:16,2,19.32,Cash,Pending
4b588ac5-5419-43d1-b377-3e063599af72,09ba4183-1b94-4f8c-bc5f-eca421a88524,2024-09-22T10:16,5,115.10,Card,Cancelled
ec67e4ed-0168-4296-95be-0f5f0811b600,e277d099-db2a-4aee-ab86-8b0e73a34383,2024-03-11T10:16,8,200.40,Cash,Cancelled
712eb8c0-cdba-4f06-94a9-89f5ac29416b,cd50913f-8c99-4253-9134-0cf5fe5f300f,2025-05-15T10:16,8,78.00,Cash,Cancelled
f309a818-b54a-4a2f-bf89-4981394cd3a1,ba5d9947-b043-4aca-8ee0-6b77895cf8e8,2025-09-23T10:16,6,30.42,Cash,Pending
a0cf48b0-537d-4a33-bdd7-26ea2763fc67,9b9edd1e-b4f7-414c-b8b5-a3dc51fa0a8c,2024-08-02T10:16,7,92.40,Card,Cancelled
132a7602-f736-4176-a068-e3a7bd261c41,9305d562-2505-493d-8ed8-3fb721c8f491,2024-02-01T10:16,9,227.79,Cash,Cancelled
000d09b0-47af-47e3-9da6-4aaf2759877b,000f9c8f-2fc7-4346-844d-c04f10751265,2025-10-16T10:16,1,15.58,Card,Pending
c55c4220-023b-4f71-aae5-d811fb7e9007,ef7fad1f-a86f-4ee1-95b4-ce1f339f0fa5,2025-10-03T10:16,3,28.26,Card,Completed
0e20fa39-7e1f-4b8e-bc2f-d85f5ff38fcf,1d32c3b3-c732-4995-aa6b-ff159deb3bdf,2024-07-01T10:16,5,102.00,Card,Pending
38db349c-9744-473f-af1f-4d5a7c292a32,73a2b03c-2dca-486e-8ebc-c4d6bb68a8c6,2025-04-23T10:16,5,125.85,Cash,Cancelled
b89e99b9-575c-4f37-b84f-6e50b5293ca5,c0d74d86-5c5b-481d-b8e3-61eeb9c77255,2024-09-19T10:16,4,118.44,Cash,Cancelled
00b4b4f8-9249-4883-b5b0-6eacb85a3d62,1a31c678-d420-495a-aff3-0f1609514e1e,2025-05-01T10:16,6,175.74,Card,Completed
ca8d585b-6c3c-4d21-b920-91cb120e4aad,90f0db1e-2b19-43f7-ba17-233c7c214eca,2023-11-29T10:16,9,165.33,Card,Completed
83ea61e3-4d91-4d26-b4b0-623a999eba0f,2a109685-1399-4149-8951-fba29bb0360d,2024-05-25T10:16,5,118.45,Online,Completed
643211d6-35a0-4abe-a3a5-d651bf402a81,a938df5f-7764-459c-8bfd-90409d16b3c6,2025-05-04T10:16,9,242.37,Online,Completed
0ebb6b59-bc46-4522-a347-56caa72c02fa,885715b6-b1eb-44ca-8460-28c0343e56f3,2024-09-23T10:16,3,29.73,Card,Pending
c62875d2-768f-4c68-978a-ef591d3a3af4,209e786b-2a61-4e52-a3b2-1cc98bcbf18c,2024-10-24T10:16,3,39.48,Online,Pending
df14a1c1-8a27-42ff-98ea-58174e3f9adf,103fcba5-5588-45a5-9fe0-6ac948d3860e,2024-10-17T10:16,5,25.85,Online,Completed
628dea2a-22c4-4a0d-996b-b15b59031302,2a109685-1399-4149-8951-fba29bb0360d,2024-05-26T10:16,3,66.84,Cash,Cancelled
46d5ecf5-41cb-4e24-a038-bb822910a544,1407e9cf-22c9-4137-a2fe-cc12dc038235,2024-02-24T10:16,7,173.74,Online,Pending
44ced358-dcc2-44c3-816e-8dbf1b7d2f0c,1a31c678-d420-495a-aff3-0f1609514e1e,2025-07-27T10:16,7,171.85,Online,Completed
fdae7d28-77f5-4122-905a-5c735c1d04c7,b95f7619-fab2-4df9-8683-1f2aeb93a660,2024-11-19T10:16,3,68.67,Cash,Pending
98768a62-8512-41cc-bcac-30f65402f0f0,0a5a9fc7-e126-48f0-99aa-dea85c606f66,2024-03-25T10:16,2,23.96,Online,Completed
cdc77409-1fe3-4213-908f-c02964f0c253,5d6f84a5-a4de-442e-99b9-b8ef714b4436,2025-04-19T10:16,7,97.93,Cash,Completed
072cc0be-cb59-482b-babe-a730b89e2c6c,500fde18-ea61-4380-9ea4-f06d09985870,2024-08-01T10:16,3,57.96,Card,Completed
17e52cd0-ad3c-4dd9-a612-9207d5e99eb4,c0d74d86-5c5b-481d-b8e3-61eeb9c77255,2024-10-30T10:16,5,63.10,Online,Cancelled
a9fe6502-2188-457e-b469-f6cf398aaeec,5f0f3def-9ff6-4282-ad04-001c4a769966,2024-12-10T10:16,3,46.80,Card,Cancelled
7db9fe15-4503-4acf-817f-3b3db913658e,90f0db1e-2b19-43f7-ba17-233c7c214eca,2025-05-01T10:16,6,83.34,Cash,Cancelled
9c5c4f57-af48-4d3e-a0ea-b73d10730702,5eb75bc0-d5fa-4209-9d42-7767f3f0585b,2025-03-24T10:16,2,58.14,Card,Completed
046f44ea-5fbc-4b65-b4f1-6fbafa078299,c5817fdc-a4dc-4879-b957-30cfda62016b,2024-09-20T10:16,2,56.94,Cash,Pending
cbf62976-964e-45aa-a8b1-b2062250c1b6,d7af10ce-45c9-4fc8-8dd8-b1c5491aad5f,2025-03-29T10:16,7,114.73,Cash,Pending
7191d08b-e0eb-4342-9a09-bd7e2cea578d,52fbb114-83aa-432d-b2f1-f3e37a5c4754,2023-11-15T10:16,9,72.00,Card,Cancelled
6b33ef3c-27c0-44a5-8dff-a31d33b3768a,e6cb1215-5314-4d05-bfd1-f6e5d36e89f7,2023-12-17T10:16,3,15.18,Cash,Completed
cfd7c943-fd24-4004-a86e-688b6ec528f5,ceafdb2a-788d-48e0-acdd-bd533a2e7ab6,2024-07-27T10:16,5,73.30,Online,Cancelled
ab0e38b6-a17f-4b75-838e-6e89627fdcde,6e6d2c67-f7fb-4a98-8f9a-4822259b25c4,2025-04-12T10:16,6,30.00,Online,Cancelled
0af48673-e9ca-4a73-9c61-4092600f91ae,fe624323-ba72-456d-9842-ed9e0edc75df,2025-10-11T10:16,5,77.60,Cash,Completed
f5aa8e42-7d79-4c65-8187-45bfb1aea11c,ff4db0d8-e809-46e8-9ae0-78ffee4902d9,2024-10-26T10:16,2,53.74,Online,Completed
e3095071-d36a-43d8-b77f-158fa3923987,3dcaabe3-78c9-4d88-bed5-56ca7ceea07c,2025-07-19T10:16,6,51.60,Online,Cancelled
32198e20-c3e3-4794-9560-57aa5ed4444d,e85d0261-2d97-4475-a749-363ec9040a74,2025-01-05T10:16,9,47.16,Card,Pending
d948ac23-5365-4353-86a8-828c3b53520d,0df3bae1-6384-4856-aa27-aef9f6c48b75,2024-06-07T10:16,8,75.84,Online,Pending
3f92c7e8-2cdb-4255-83c1-c8cb94e56af9,2c6dafc9-06cc-4b3d-8b8d-12aae0644c58,2025-05-31T10:16,4,80.64,Card,Pending
9916702b-5113-4c09-b334-3a9c8b4fff31,d5eaf6a7-76cc-48ec-98d9-ba713e2df70f,2024-11-20T10:16,4,41.84,Cash,Pending
f88424a9-6c75-4df2-937c-bb6df24b0ff4,65b2c0ea-6192-47fc-9286-2c1dd3ecefb1,2025-02-25T10:16,6,173.22,Cash,Cancelled
903f8826-a90e-47ad-8c87-46fe4439c325,365c90d0-a590-4209-9401-2ce55af5ed98,2025-03-27T10:16,6,49.14,Online,Pending
f2ca1e58-9f2a-4055-aa52-76f3706dfcac,e277d099-db2a-4aee-ab86-8b0e73a34383,2024-10-19T10:16,9,82.53,Online,Cancelled
e90888b0-b351-4432-ac2d-9c2b32d1043d,62a2bfef-ca4a-4dec-90ea-bf15ea1880d2,2024-02-11T10:16,2,21.74,Card,Cancelled
c22cc71e-2b1a-424b-99d7-0be30daf0ebf,964d337f-acd5-4ca2-8843-9be3f2eb60fc,2023-11-29T10:16,5,60.50,Card,Cancelled
5bc9ea8a-afc6-4418-84bf-5815213137cb,b6c26110-1b77-4777-8c79-c69ec19b66df,2024-06-25T10:16,9,213.93,Card,Cancelled
7a7459b9-a741-4fd6-b6fd-990167311020,10b26c2d-7d56-4175-84a8-a2775e128a9d,2025-10-12T10:16,1,25.46,Cash,Cancelled
a4229c08-7b0f-41ff-b7cb-dc19c4d9c055,bb6ceda0-3f7a-4dfa-9862-41a88dd468b2,2025-09-05T10:16,6,136.74,Card,Completed
8a4bce1c-d945-45ab-a792-5eb663c61cde,6c3bf618-a715-40f9-9faa-cfc5f5beef2f,2024-01-03T10:16,6,131.10,Card,Completed
88c2bf9f-aba7-4356-9a9f-466129cc5bcd,e6e1db85-f8ba-4264-9c9a-520ecda4bc4c,2024-07-28T10:16,2,25.96,Cash,Completed
aa9cfc10-9998-43ee-b3d2-99335835bfdf,27e45431-1333-4ffd-a0c8-be56ffdc5d4e,2024-07-15T10:16,9,194.31,Card,Pending
e46eb06f-f045-4bac-9a4b-7f72957924c9,99c406e7-092b-4eeb-bc08-56fc041c253d,2025-05-14T10:16,6,123.48,Card,Cancelled
d3ede47e-51be-451f-a126-82555391cd53,f90cf3ca-e2d0-4129-bc7a-e8a2b80880da,2024-07-09T10:16,1,9.24,Cash,Completed
f64b4c6b-60aa-4d83-bd97-eb0faa9e7b72,b3688304-b24b-416a-9bf4-c2b6aaeb59d3,2024-11-16T10:16,1,18.85,Card,Completed
48c52eac-a062-41ad-8cc5-08915abd0fe7,f3826f04-0dfa-4266-8002-58fede0093f5,2025-01-06T10:16,4,109.60,Online,Pending
2810052d-4aae-4954-b513-e78649f326c7,02c65c06-56ad-4670-b8e2-10ab417c7154,2025-04-25T10:16,8,103.76,Online,Completed
0b865b08-789b-4250-bacd-f1beed66b2de,8f7f530b-bb30-4a05-b437-744ed30af54f,2023-12-03T10:16,5,80.60,Online,Pending
dd84be15-a596-4963-930a-26300763504f,d33bbfcd-a2ca-4e80-8a1c-65223f061e7e,2024-12-31T10:16,6,96.36,Cash,Pending
84c6bbc3-e297-42c2-a612-6c4f913dadad,fdb5454e-2230-489e-ade4-9218ff28cbd8,2025-02-23T10:16,2,34.88,Cash,Completed
cc6c8517-1961-4335-bfcc-6ece6683dac9,8e1bbe6c-7b75-46dc-8ca1-0b1664cd6ae4,2024-10-06T10:16,3,57.84,Cash,Pending
61d950ca-5ea4-4c0b-8166-74386761e4f0,06e585f0-5b60-4900-81d1-3379328e6c17,2024-02-10T10:16,5,64.85,Card,Cancelled
a6a8177e-d980-493a-8593-fbc15a2ba460,09ba4183-1b94-4f8c-bc5f-eca421a88524,2024-07-19T10:16,2,33.08,Cash,Completed
d6730fc8-2eec-4ecf-8b10-5c67f4a02063,b03f75c1-655f-4480-a2bf-1a0af806e96e,2024-11-11T10:16,8,185.52,Online,Completed
dc5adf20-0312-4d63-b98a-062f72c246f1,39cb44e2-a541-4b98-bc0b-db5f31cf8710,2025-08-20T10:16,2,51.70,Card,Pending
60baad1c-a60e-4ac7-80a3-df7bfc9608d1,910b1d47-5c37-48b1-8bde-96c60660f1d7,2023-11-28T10:16,7,109.97,Cash,Pending
a5c76227-d20e-48e4-a762-779a760f01f4,b03f75c1-655f-4480-a2bf-1a0af806e96e,2024-02-03T10:16,6,107.52,Cash,Pending
40a208c9-d4d6-4015-84ae-4f47bfc08bf8,9b9edd1e-b4f7-414c-b8b5-a3dc51fa0a8c,2025-04-11T10:16,8,218.80,Online,Completed
79e915a2-8556-4cc4-bdce-b1882d3eed22,3910ab11-8758-4a4f-8a9b-c4f5df7413c4,2025-04-02T10:16,3,65.67,Cash,Pending
e64c6e67-929b-4f0a-8436-155c41b7467f,46032f36-69bc-465a-9b33-a5d560bfd77a,2025-05-06T10:16,1,5.33,Online,Pending
dd3be8aa-e3fa-4d5e-b605-f9c1b8a1e20a,8b546c63-5406-493d-bc69-cfb594b38267,2025-01-04T10:16,6,162.36,Cash,Completed
2a7bb940-e426-4b1e-bb9c-96869313f2e0,0a5a9fc7-e126-48f0-99aa-dea85c606f66,2023-11-14T10:16,7,161.56,Card,Cancelled
4978a189-78ca-4f04-87cc-79764a9c47f6,ba5d9947-b043-4aca-8ee0-6b77895cf8e8,2025-06-24T10:16,3,88.92,Card,Completed
4c960eba-48c0-4d42-b4de-c1ca4fd5212b,f067e21d-d1d4-4e87-9cae-9753f5f9ccb6,2024-02-07T10:16,6,176.76,Card,Pending
53c5dadd-a495-4388-8c36-2f19a74158e9,6e551d53-4f6d-4b84-a9de-3d7c79694805,2025-09-07T10:16,2,34.34,Online,Cancelled
d50f607f-5371-4f35-97a7-ccee17fe8ef3,5400d214-6176-40bf-88d2-3f53ed38bf69,2024-09-06T10:16,3,39.99,Cash,Pending
bdd6df26-a1d1-4244-b64a-a8539cb9d0a9,5d6f84a5-a4de-442e-99b9-b8ef714b4436,2025-03-26T10:16,4,96.40,Cash,Completed
1596bd0a-f3df-49ba-93cf-6d94a4c51a6a,964d337f-acd5-4ca2-8843-9be3f2eb60fc,2024-02-29T10:16,5,66.05,Card,Pending
2c83528c-2905-497d-9d21-cb36126b8318,53db1213-7316-47bb-9099-c1def0e3c96b,2025-05-21T10:16,6,135.96,Card,Pending
89b21449-4869-4d54-8388-d6aa8a64f7f7,09ba4183-1b94-4f8c-bc5f-eca421a88524,2025-09-09T10:16,7,199.57,Cash,Completed
bc2d046a-d68c-4d38-b419-c7da8fba3f4c,0d463f72-c3a1-4a2b-8d0d-1721a0d1a06b,2024-11-16T10:16,8,158.72,Online,Pending
1fcac574-4171-41f8-94c6-5a515954a5bc,0b2a0e9a-e050-4380-b607-57adcbbf59d4,2024-09-14T10:16,6,82.68,Cash,Cancelled
15f1e294-0f0d-44f7-b5ba-9bb5e17c4992,c63bd277-c81c-40c5-8720-6ce916d653c4,2024-03-22T10:16,4,40.12,Cash,Completed
cde56f93-c561-4f9a-a6bf-c121df1f34c8,3dcaabe3-78c9-4d88-bed5-56ca7ceea07c,2024-06-06T10:16,6,52.32,Cash,Pending
a0511914-e890-4e9e-955e-6d991443869d,77ca464a-fe0d-4dcc-8f08-3eb2f7b64f76,2024-09-21T10:16,7,199.08,Online,Pending
6779cf9e-4572-46dc-adda-0cc6eeaa886b,c3ffc43c-0c11-40fa-9824-f234161741d0,2025-05-09T10:16,4,56.32,Cash,Cancelled
4fd266e0-d382-4ad2-bb8b-5f1b3605fde0,23650eb4-f98d-45a3-a90b-a378f03d469d,2025-01-30T10:16,6,177.60,Online,Completed
88e3e95d-4443-4faf-8966-d4119ce9a475,8113211c-bdc3-4bb0-94d9-3fd3871f3005,2024-05-28T10:16,3,18.27,Card,Cancelled
168890a7-37f9-4481-aecf-bcd38388d9d6,5d6f84a5-a4de-442e-99b9-b8ef714b4436,2025-02-16T10:16,8,56.96,Cash,Cancelled
e9196cb4-83ae-44a0-a519-78abf347232b,8e1bbe6c-7b75-46dc-8ca1-0b1664cd6ae4,2024-09-18T10:16,4,91.28,Card,Completed
1a7514b5-2b25-469a-93bf-f613b742a5a1,bc58b12c-65c4-4f21-89ef-3e492a22ef7c,2024-03-18T10:16,6,68.94,Card,Completed
c9626bd3-10bd-4a4e-a1e1-cc6db3a34925,71f17b36-2c37-4cfa-bf8a-894fa94c0e9b,2025-02-02T10:16,2,32.34,Card,Pending
4904e49a-d2d4-425e-8e21-9088526a6c57,1a31c678-d420-495a-aff3-0f1609514e1e,2024-11-07T10:16,7,90.51,Cash,Pending
9145b4aa-d29a-49fb-838a-4af46db12906,68169a66-a8d4-4763-914e-7befc826445b,2025-04-05T10:16,9,73.89,Card,Completed
2b8307ff-c7e4-48a6-9bfc-a909225381b4,fdb5454e-2230-489e-ade4-9218ff28cbd8,2025-02-24T10:16,3,47.76,Online,Completed
8fb1d913-35d9-4e28-9924-8896edd5086e,ecf1ffb0-ac00-4968-87ea-8beef4ace55a,2023-12-04T10:16,5,39.85,Cash,Pending
98544f66-7c8a-4bcd-8e4f-2a369345dc7d,0fcf4084-ea31-49f8-99f9-9bf8c8b0c16b,2025-01-01T10:16,8,44.08,Online,Cancelled
e50c0f5e-a56c-42fe-910a-986b0ca9e183,7169ef0c-f2c8-4ae3-83f6-87691664d2d2,2025-05-19T10:16,8,124.72,Cash,Completed
abb273f4-3f45-458d-9969-4067fd661aa6,49af098b-bf79-4643-8e49-739ea932d38b,2025-08-21T10:16,4,28.68,Cash,Cancelled
c424c182-e122-4754-9741-375d9ab7fafa,5eb75bc0-d5fa-4209-9d42-7767f3f0585b,2024-09-24T10:16,7,122.57,Card,Cancelled
8aa9ce5f-2d9f-4575-b1d2-e64037a1b41f,7d2df59f-386d-4aec-85a8-2443262a0cb4,2025-01-05T10:16,4,41.16,Cash,Completed
975f2c09-ea62-4274-9118-279ce51fcd23,4717d2a3-4b2a-44f1-b960-a2b73e2d23fd,2024-03-11T10:16,4,45.44,Card,Pending
1c98c767-a39f-4161-a97d-59f0819f6014,6117b6f0-c4f4-4bf1-9eeb-f33950decba8,2024-11-10T10:16,3,47.67,Cash,Cancelled
a1127b3b-2e81-400c-bdd6-35492ebdaf13,69446e90-4237-4410-ab55-e011eb04cce0,2025-06-04T10:16,4,96.12,Cash,Pending
5221fd72-0233-4aa5-ac04-f134ea82860d,1a48aa9a-def3-481d-922a-94300aa97309,2025-05-25T10:16,8,40.32,Card,Cancelled
4b2fdb79-95d7-400e-bb71-5f887e81f915,b03f75c1-655f-4480-a2bf-1a0af806e96e,2024-03-31T10:16,6,159.06,Card,Completed
ee1efd8e-1e0d-489f-b478-deb8e0dedde4,e886c155-0dae-4b36-88f5-a86fa474d1f6,2024-06-03T10:16,1,24.80,Cash,Pending
cc06b900-e9b0-4c3b-80ed-29bd05faaca2,bb6ceda0-3f7a-4dfa-9862-41a88dd468b2,2024-09-11T10:16,5,91.90,Cash,Cancelled
f9f6852f-fff5-4893-9f82-a009661e0852,bb6ceda0-3f7a-4dfa-9862-41a88dd468b2,2024-07-11T10:16,1,28.23,Online,Pending
944aed5e-e8c9-419b-b673-401125620de6,b0d737cd-ec4b-4a88-aa81-d012ef3fb719,2025-06-09T10:16,8,229.36,Online,Completed
b5c38f01-0c53-4830-99fd-395e0f35d6a9,9fa382f0-8393-48db-ad30-43c953282401,2024-10-26T10:16,2,19.98,Cash,Pending
087e3904-7c34-41d5-9e61-7d7868aa776e,9c53f3f8-5b22-4d77-bd76-cfa6c70e443c,2024-08-25T10:16,8,81.60,Online,Completed
b19970d8-bc57-496c-9d70-1f79a0fa4bd8,e6e1db85-f8ba-4264-9c9a-520ecda4bc4c,2025-04-19T10:16,5,133.35,Card,Cancelled
926b383f-ea6f-49a8-b272-50e185f063f7,89d26a00-0fde-4c03-8430-b06f6bc3f33a,2024-03-10T10:16,7,131.81,Cash,Completed
54bd0d5f-c408-42dd-8131-1d3c56b2a89c,8887df7e-682b-4d48-b18c-c1ddfa0aaa26,2024-08-03T10:16,3,64.29,Online,Cancelled
d5f4f047-871f-476c-8cad-6347565f1b1c,ebe19120-496a-47fa-87eb-2440212a3363,2024-01-15T10:16,4,23.64,Online,Pending
fa02d2f0-c976-4b07-b373-7a2fcd42f36f,d5eaf6a7-76cc-48ec-98d9-ba713e2df70f,2025-08-06T10:16,5,62.70,Card,Cancelled
6759f594-1a1d-4161-9131-55bf0939b6ae,ba5d9947-b043-4aca-8ee0-6b77895cf8e8,2024-07-28T10:16,3,61.26,Card,Cancelled
5f8c49a1-ae0a-4fa4-8af6-610e7ce30160,62a2bfef-ca4a-4dec-90ea-bf15ea1880d2,2024-04-22T10:16,4,88.32,Card,Pending
96f0c4de-c027-4f68-98b0-6fe45f1f6585,6bd388d4-5636-450b-bacd-55bdcb769bab,2025-04-24T10:16,8,165.44,Online,Pending
e76f90c5-f135-4ee6-94e8-c3f9b48163bc,ff4db0d8-e809-46e8-9ae0-78ffee4902d9,2024-01-07T10:16,1,17.36,Card,Completed
7758e45a-b6f6-486b-a058-65444c28f0d8,6117b6f0-c4f4-4bf1-9eeb-f33950decba8,2025-08-22T10:16,9,76.50,Cash,Pending
013caa6f-c530-4249-a236-c910236b8975,1233cc27-7567-48e0-8dd2-6b0019506c2f,2025-05-28T10:16,2,34.90,Card,Cancelled
2e3efd79-8145-4761-8128-43a1cc67b283,1a31c678-d420-495a-aff3-0f1609514e1e,2025-05-24T10:16,9,134.19,Card,Completed
3323fc51-05a9-4434-a413-dc9d3e000c4f,ef7fad1f-a86f-4ee1-95b4-ce1f339f0fa5,2024-06-26T10:16,2,19.36,Card,Pending
4737b5a6-9dac-4819-b455-588400bf2834,c0d74d86-5c5b-481d-b8e3-61eeb9c77255,2025-10-22T10:16,2,25.74,Card,Cancelled
322703ca-c5f7-4b66-91a9-46480e37b671,b6c26110-1b77-4777-8c79-c69ec19b66df,2024-11-11T10:16,4,112.84,Online,Pending
ec99ece6-d23f-473e-aad7-4c8f60c6b3d1,0dd437d0-74fa-43c3-8909-5c955e4d47dd,2025-05-03T10:16,2,57.70,Cash,Pending
9ff3b156-131d-4ff5-9552-549349c0dd8b,f3826f04-0dfa-4266-8002-58fede0093f5,2024-09-04T10:16,2,48.06,Online,Completed
99f2f00f-555e-49ff-bc49-e06b962c0713,b04ce307-2d1f-4214-b023-d8f4379041a1,2024-05-06T10:16,6,118.08,Card,Cancelled
873da03a-caa8-4483-9516-b86c8d2d1de8,8b546c63-5406-493d-bc69-cfb594b38267,2024-03-24T10:16,6,121.74,Online,Pending
460965f9-7e2f-4947-a947-9e9a75ecb4f0,bb6ceda0-3f7a-4dfa-9862-41a88dd468b2,2024-03-20T10:16,3,80.94,Card,Cancelled
91778317-b203-405a-8d9c-70f6ffbfc6ce,1a31c678-d420-495a-aff3-0f1609514e1e,2024-12-10T10:16,1,23.65,Online,Completed
1a3699a2-96f2-4423-befd-f13ffc1562a3,74e76582-f1b8-4560-b049-8aebb59d4721,2025-11-08T10:16,9,166.50,Cash,Cancelled
7ebabcdb-11f3-4070-a10f-a64ed49a4c11,824998a2-7592-4051-ab0b-d5e12743c93b,2025-10-15T10:16,4,77.28,Cash,Pending
50af857c-5ffe-430a-9aa6-851b1c18dff4,d3f641e5-b8b5-4f5f-9155-7768df2033e8,2025-08-07T10:16,5,144.45,Online,Pending
ca1741dc-9e75-4cd2-9e15-354cf8d68421,941529ef-2114-4bff-907a-4596ff4593a1,2024-03-03T10:16,9,109.71,Online,Cancelled
5a6ca0e4-d87a-4fb9-aa15-06e1868b106d,365c90d0-a590-4209-9401-2ce55af5ed98,2025-08-20T10:16,3,36.42,Card,Pending
db1938f0-5da5-4cc4-9531-f7bb2a1f1d73,0a570207-0f70-467f-bbeb-44a0a60a9a25,2025-01-23T10:16,4,80.88,Card,Pending
179f3ac4-6ede-4dbf-a55b-f1de1cb04e9d,23650eb4-f98d-45a3-a90b-a378f03d469d,2024-08-05T10:16,3,53.10,Card,Cancelled
b4a00761-d7c9-4f5c-a465-298f9ef0ec93,53db1213-7316-47bb-9099-c1def0e3c96b,2024-04-24T10:16,5,46.80,Cash,Completed
d641a881-6887-4b78-84d6-2ca9ab79ce73,ff4db0d8-e809-46e8-9ae0-78ffee4902d9,2023-12-01T10:16,5,42.60,Online,Pending
18ce26d6-8d36-4cff-8b09-92e1ec4d4506,ebe19120-496a-47fa-87eb-2440212a3363,2025-03-08T10:16,3,66.12,Cash,Completed
75b58c39-7703-4168-82a4-7f69831dbe63,8b546c63-5406-493d-bc69-cfb594b38267,2024-11-11T10:16,6,93.18,Card,Pending
2c071ee9-4995-42f6-94ed-6a7e955064b7,b0d737cd-ec4b-4a88-aa81-d012ef3fb719,2024-01-11T10:16,6,109.98,Cash,Completed
fe637989-8450-4708-aebf-26f15d16c1bb,bb6ceda0-3f7a-4dfa-9862-41a88dd468b2,2024-10-27T10:16,6,34.02,Online,Pending
890dc0ac-336c-485f-9f06-2873d698d4ca,9fa382f0-8393-48db-ad30-43c953282401,2024-12-02T10:16,3,21.63,Cash,Pending
e7e3095a-55e3-4616-b93a-496356fe9282,67c276b0-7be6-4f3c-bf86-c342095c8112,2025-05-11T10:16,9,173.16,Cash,Completed
a25a1280-3665-4ea7-915e-af1938d24519,9305d562-2505-493d-8ed8-3fb721c8f491,2024-07-04T10:16,5,124.30,Online,Cancelled
5fba6b03-6e17-4d58-996a-564615dce83c,77ca464a-fe0d-4dcc-8f08-3eb2f7b64f76,2023-12-26T10:16,4,108.32,Cash,Pending
2ba75868-8e34-44c8-a0e0-2e1c6d0d7716,ba5d9947-b043-4aca-8ee0-6b77895cf8e8,2024-06-16T10:16,3,28.68,Card,Completed
8073a0be-c31d-4fae-9cb9-b6e28b2f3234,26d032f1-9fe9-487a-987a-a8be14e1db05,2024-08-23T10:16,5,98.15,Online,Pending
227c53b4-2644-4417-b0d0-e932f1a55b15,cb8747c7-32ca-4b6b-868d-13ab01d953ec,2025-11-05T10:16,3,57.93,Online,Cancelled
9fbc3ab1-7a1a-4b9d-adf5-4f72217efd65,103fcba5-5588-45a5-9fe0-6ac948d3860e,2024-11-26T10:16,6,97.68,Card,Pending
28cf921a-0f70-4fa2-a876-67a5e57cd675,d33bbfcd-a2ca-4e80-8a1c-65223f061e7e,2025-10-21T10:16,9,244.80,Online,Pending
ab33c836-4de0-43f6-8206-3384b1120c5d,77ca464a-fe0d-4dcc-8f08-3eb2f7b64f76,2024-02-05T10:16,1,29.97,Cash,Cancelled
9963422a-7233-4ff6-89f0-6dfb419dc863,a302a1a8-c429-406f-abff-9f273aa0a4b5,2025-06-16T10:16,5,146.50,Card,Completed
e73c2d6a-eebd-43dd-b889-7cbf17c68f6d,8626238e-5813-415a-9a8c-db944b1e0269,2025-05-29T10:16,2,53.42,Cash,Cancelled
6af98443-79d3-4671-a0f2-ddabacfde955,a302a1a8-c429-406f-abff-9f273aa0a4b5,2024-10-29T10:16,6,157.86,Cash,Pending
4074a88b-a415-443e-a4d5-97d3c8af5127,d33bbfcd-a2ca-4e80-8a1c-65223f061e7e,2024-02-04T10:16,8,54.08,Cash,Completed
b2ac379d-5054-4c70-9857-e045b1b23bf3,23650eb4-f98d-45a3-a90b-a378f03d469d,2024-10-19T10:16,4,69.48,Cash,Completed
be17b285-ef1c-4bf1-82f6-f8f4384d7ba5,98b17fed-218c-4f20-8410-9f0edfc74455,2024-08-12T10:16,8,119.20,Card,Completed
ecf8de16-23a4-48c3-ad72-7f28bde0e9b6,39cb44e2-a541-4b98-bc0b-db5f31cf8710,2024-08-03T10:16,2,34.24,Online,Pending
ffa07f91-1582-414c-9411-a8e4dab96be4,ebe19120-496a-47fa-87eb-2440212a3363,2024-01-22T10:16,3,85.32,Card,Pending
81dd9c19-f91f-404b-b70b-90be25076418,6bd388d4-5636-450b-bacd-55bdcb769bab,2024-04-30T10:16,2,22.14,Online,Completed
a6b8c79d-3346-422b-9b43-74766b202822,205ea7f7-e714-45b8-a083-11247ff702a1,2025-07-21T10:16,9,104.76,Online,Completed
92c99d44-617d-42a7-9fc4-e25f811dafaf,ec3490d2-e8da-47ee-ae12-0ca0b1d7a2bb,2025-03-06T10:16,9,65.97,Online,Pending
6e6bda4c-0f14-4ea1-b72b-90b203b13bb2,56a75a3e-a944-4147-8cba-f1024726993f,2025-02-19T10:16,5,121.20,Cash,Cancelled
b0635406-7b8a-4077-802f-b8e1397ef94d,77ca464a-fe0d-4dcc-8f08-3eb2f7b64f76,2024-10-30T10:16,1,25.85,Cash,Cancelled
4d880aa7-97e3-4239-bdbc-7d2d452cfc25,e886c155-0dae-4b36-88f5-a86fa474d1f6,2024-06-15T10:16,8,160.24,Cash,Completed
26a094e4-1f41-42ae-8bb0-7ae074f0a6fc,953417c6-cd52-45e9-9ca0-bb450653c934,2024-07-12T10:16,2,14.06,Card,Completed
93bd9c33-2fdc-47ef-8a3b-1ec7c1f5efda,52f5634d-de98-4543-8a1e-cbf1e2d0242f,2024-12-14T10:16,3,34.56,Online,Completed
ad6fb0b6-4ecb-4360-aadc-3e90f7d4d395,2a109685-1399-4149-8951-fba29bb0360d,2024-04-05T10:16,3,36.45,Card,Pending
97d47dc7-a371-4404-8f81-74f288746753,050d9901-1cb5-413a-9c31-282028f863c1,2025-07-09T10:16,9,240.30,Cash,Completed
20492797-b68d-4819-b9bf-77010daa2885,b047b369-02d0-4f25-9af0-f1e883228863,2025-09-29T10:16,5,99.90,Card,Cancelled
3a97c6e7-5aa7-4e7f-a600-8ad771f897d5,36b880b0-e9bd-4c0b-8f1c-32018f6c758a,2024-09-26T10:16,3,29.94,Cash,Cancelled
e56bb96e-a80a-4ee9-8b92-595eff96c13e,26d032f1-9fe9-487a-987a-a8be14e1db05,2024-10-09T10:16,2,46.44,Cash,Cancelled
446ed468-b194-4a19-a7aa-f26cc72039c5,ef7fad1f-a86f-4ee1-95b4-ce1f339f0fa5,2024-08-19T10:16,5,86.35,Card,Pending
52dc3bbb-37a5-45d7-9afa-d78640278395,0e0d5f13-edd5-4ab0-9ddd-3df111bedc5a,2025-01-16T10:16,5,144.60,Card,Pending
dc1ecc79-ff4d-4f70-aec1-f578dd427398,bb6ceda0-3f7a-4dfa-9862-41a88dd468b2,2025-09-30T10:16,6,154.92,Online,Cancelled
daf8f0a5-89cd-4817-ad4c-deaf4160a5dd,b047b369-02d0-4f25-9af0-f1e883228863,2024-03-01T10:16,9,264.06,Online,Pending
402e12f4-0c93-49c4-ad9f-ca3345eec91c,ada8704c-2784-4d70-84da-10078407d2c8,2024-05-19T10:16,3,68.43,Card,Completed
52e731aa-e362-47fd-8c30-34fb5e39f85b,515fe1d2-d33a-4b9d-8c19-07e0cbe81a9a,2025-08-29T10:16,4,68.68,Online,Completed
95ba6c7d-7e2f-4d4f-8420-618a954448c4,3dcaabe3-78c9-4d88-bed5-56ca7ceea07c,2024-06-13T10:16,6,170.64,Card,Cancelled
45aaa151-d801-459e-8237-e1907dd0c8af,bb6bf39c-f455-4e08-a59e-1bdaaa91d4aa,2024-04-17T10:16,4,87.04,Card,Cancelled
f3944eb1-8129-4ecb-b86e-0a0b7838c444,b3688304-b24b-416a-9bf4-c2b6aaeb59d3,2024-12-10T10:16,7,75.67,Online,Cancelled
5777b3ab-a7f4-48e2-a9dc-94f820651b08,02c65c06-56ad-4670-b8e2-10ab417c7154,2024-10-13T10:16,6,148.80,Card,Pending
2914ed23-289b-4a42-865a-812a4179dbd4,10b26c2d-7d56-4175-84a8-a2775e128a9d,2025-09-09T10:16,2,45.02,Online,Completed
ab939006-9544-46f0-b5b2-3b6e3e286564,d33bbfcd-a2ca-4e80-8a1c-65223f061e7e,2024-07-10T10:16,4,88.08,Online,Cancelled
f1468a94-d4fd-4feb-8117-464fd99d44d7,726d71e2-70fd-4416-8568-78619c14a73a,2024-06-01T10:16,6,100.32,Card,Cancelled
1e4a07fe-1d56-4661-a06c-b13a9b02e79e,e277d099-db2a-4aee-ab86-8b0e73a34383,2023-12-28T10:16,8,143.68,Online,Pending
52c4d97c-6d39-4a37-9ce8-abbc6cc39d07,02c65c06-56ad-4670-b8e2-10ab417c7154,2024-01-05T10:16,3,75.78,Cash,Pending
15756ab0-7151-4e57-b55e-b18071da1610,8887df7e-682b-4d48-b18c-c1ddfa0aaa26,2024-09-17T10:16,7,152.25,Online,Cancelled
5631ba02-9781-44a3-8489-c17ddd2d1807,b90a3a7f-421e-47e5-8598-fe50f365a62e,2025-11-06T10:16,9,262.26,Card,Completed
4eb3c640-2436-48a1-a5c3-eeccf916fb2c,885715b6-b1eb-44ca-8460-28c0343e56f3,2024-04-12T10:16,6,167.22,Cash,Cancelled
96176764-874d-449b-991a-e72d820096b3,8626238e-5813-415a-9a8c-db944b1e0269,2023-12-31T10:16,8,105.84,Online,Cancelled
9037723d-ea66-42e4-b369-e18b00cd81fb,b03f75c1-655f-4480-a2bf-1a0af806e96e,2024-10-05T10:16,1,12.83,Online,Cancelled
55a65f3d-f768-4e70-881c-0eae8a0476b9,c63bd277-c81c-40c5-8720-6ce916d653c4,2024-06-09T10:16,5,85.75,Online,Cancelled
4d41b39e-cd1c-4f23-9e9d-f61458181612,a302a1a8-c429-406f-abff-9f273aa0a4b5,2025-11-02T10:16,2,45.26,Online,Completed
8ae114d0-1869-4cf4-a5ef-7362c3844945,e85d0261-2d97-4475-a749-363ec9040a74,2024-10-24T10:16,4,69.48,Card,Completed
cb1beb9b-b774-4ff2-8c19-ce70b6dada8d,ec3490d2-e8da-47ee-ae12-0ca0b1d7a2bb,2025-01-31T10:16,9,163.08,Card,Completed
b3d555ae-91f3-4e27-bf77-7ee3742dfb58,bfa3444b-2be9-46be-b944-720d86a59770,2025-03-28T10:16,7,36.12,Cash,Cancelled
a0f26c16-2163-493e-8853-731c818ce9c8,6f61ca8e-51a1-48e0-abfa-88326e713e34,2024-12-31T10:16,9,211.59,Cash,Pending
2164ff04-60f0-4c9d-a9e4-e64d12008963,428424b7-1f94-496a-8b7a-497ce177d32c,2023-12-23T10:16,3,42.72,Online,Pending
e7965620-33d9-49bc-b735-e804fd6da9cf,e6e1db85-f8ba-4264-9c9a-520ecda4bc4c,2024-06-22T10:16,8,69.68,Card,Completed
992b3249-d044-4a0b-ba2b-ae00adf053f5,c5817fdc-a4dc-4879-b957-30cfda62016b,2025-10-26T10:16,8,96.16,Card,Cancelled
f0fcd1b2-7f7d-4cb8-8d4c-d9b8197e0ea6,21edfc22-3f73-4335-a774-3cf78ab65e86,2025-09-12T10:16,6,152.16,Card,Pending
3b7d4904-350e-4ced-a755-5201a11cdf7e,9b9edd1e-b4f7-414c-b8b5-a3dc51fa0a8c,2025-10-26T10:16,4,41.08,Card,Pending
a5549c10-49dd-4cf8-a9cd-74b31f8991c0,d5cfb1a3-ce2f-4aff-ab4c-50e0c5426af1,2023-11-24T10:16,7,127.40,Cash,Pending
2d1cd261-ff7c-4fd5-802d-b460bd6f1101,02c65c06-56ad-4670-b8e2-10ab417c7154,2025-02-28T10:16,1,29.39,Cash,Completed
a0820052-01fd-4000-b243-3c6a6c74eb37,935ebde1-5945-4673-886e-1a7a12cc2d4e,2024-12-13T10:16,3,21.84,Online,Pending
68f3dfec-4d9a-4aac-a11a-b7cbd27babd3,7169ef0c-f2c8-4ae3-83f6-87691664d2d2,2025-07-28T10:16,3,36.27,Cash,Cancelled
1df1d2e1-9f6b-4c10-a923-86c241a44672,0130fcd4-a6cf-4a72-8400-7bcae1abce34,2024-11-13T10:16,1,18.98,Cash,Completed
5deae2b6-5189-4672-ac4f-94211bd75273,d6d4ef4b-0870-48aa-b884-013237f255f4,2025-07-04T10:16,8,214.64,Cash,Pending
b53f01ba-4430-4556-9c3f-f81e89ef3307,e38afcd9-9e08-47ba-bc92-5ebb4bc271eb,2024-11-10T10:16,4,36.12,Card,Pending
bf9efbbf-bac9-4e79-9921-8cbf9eea470c,1407e9cf-22c9-4137-a2fe-cc12dc038235,2024-02-03T10:16,2,15.52,Online,Pending
9fd05b0d-3e06-41ab-8c01-2211778f843b,e85d0261-2d97-4475-a749-363ec9040a74,2025-06-11T10:16,2,34.78,Cash,Completed
40cbe85f-0e74-4b69-934f-43229fb5ea8f,68169a66-a8d4-4763-914e-7befc826445b,2024-07-04T10:16,8,68.32,Online,Completed
63b90a3b-3c87-45c7-969f-589fdf86f5ee,d87f31d7-79ef-4c17-856e-142e791b04da,2023-12-29T10:16,5,100.00,Card,Cancelled
a393e18e-4644-4c22-bc97-f2f2833a8e30,1407e9cf-22c9-4137-a2fe-cc12dc038235,2024-06-15T10:16,1,16.93,Card,Cancelled
1218e033-34aa-489b-9a5e-e0a66c41c419,9b9edd1e-b4f7-414c-b8b5-a3dc51fa0a8c,2024-03-04T10:16,4,119.56,Cash,Cancelled
560fe674-9175-4166-bdc5-cb245a9cbe17,a5ffc907-be77-43e6-8694-4a0bf09bd3fb,2025-04-28T10:16,2,45.42,Card,Pending
fe3988f9-0d5f-4702-ad80-f1abc7860679,c1a09d60-c9e8-4489-a68e-e01b51541d33,2024-08-09T10:16,7,119.35,Online,Completed
79e4309d-4c82-41d3-a2ea-bf27976302fb,0a5a9fc7-e126-48f0-99aa-dea85c606f66,2025-07-14T10:16,9,248.85,Online,Completed
6ffdd54f-d201-486f-9277-4c981cb96470,0a570207-0f70-467f-bbeb-44a0a60a9a25,2024-06-01T10:16,5,67.65,Online,Cancelled
74be9223-7b83-4e46-8605-e1a46c4ac135,fbe227d7-6d32-4407-9783-7fdac983e55f,2024-08-13T10:16,7,182.42,Online,Pending
a592fe45-1b45-44c5-850a-ab718ac6b9df,4b14a58c-f1e4-40b6-888d-a88cd7055099,2024-01-31T10:16,8,41.52,Cash,Cancelled
d9cec72c-c180-425a-8f6a-45d861ff79b2,964d337f-acd5-4ca2-8843-9be3f2eb60fc,2025-05-17T10:16,9,126.45,Card,Cancelled
bd52aef0-50ed-4ed9-bd16-f84fd5baa014,cd50913f-8c99-4253-9134-0cf5fe5f300f,2023-11-19T10:16,7,84.56,Online,Pending
e74276d4-b0d0-4458-aaf6-7bd460a746c4,bb9edfa8-17f7-4f6f-8e3b-616693a298b1,2025-06-11T10:16,9,261.99,Card,Pending
1066e4a0-af6d-4f9c-9445-3aaa8b8bfd53,f067e21d-d1d4-4e87-9cae-9753f5f9ccb6,2024-08-13T10:16,7,163.24,Cash,Cancelled
47b420d4-2ef4-4250-897c-ce98e773a364,10b26c2d-7d56-4175-84a8-a2775e128a9d,2024-05-12T10:16,3,27.69,Card,Cancelled
cf77b708-778f-4daa-ba7f-63fe047aed2b,ebe19120-496a-47fa-87eb-2440212a3363,2025-03-29T10:16,9,189.99,Card,Cancelled
060f576d-c3c4-4185-be7b-2263964774b7,92da274a-bea2-490a-bb52-196c46fa8487,2023-11-24T10:16,7,149.24,Online,Pending
1bd31f77-8919-4845-bbf6-9f1cdcb046d6,0e0d5f13-edd5-4ab0-9ddd-3df111bedc5a,2025-01-19T10:16,8,212.24,Card,Pending
636ba5b2-2243-44f1-b817-eba988c01d47,c9dcc28a-ae5f-477c-ae7e-72d94129f449,2024-09-15T10:16,8,45.20,Cash,Cancelled
a8ffc2ec-5db6-44c5-9fd0-91f6cae1018e,4717d2a3-4b2a-44f1-b960-a2b73e2d23fd,2024-03-10T10:16,7,83.16,Online,Completed
c0e2dc38-bf8f-4e97-a4da-da94445216d6,59827b2a-ae17-44b1-bd6f-6f08718559cb,2024-06-02T10:16,1,25.31,Online,Cancelled
a73da186-12f6-45f2-8661-a1388d668a44,6b1178fc-1745-401d-88da-3903c243ebe9,2024-03-26T10:16,9,103.95,Card,Completed
72a4dbb4-f91c-4b61-b3f4-5c84ffb4ddc5,7c991f43-c18b-4404-8826-97691b0dc00c,2024-05-28T10:16,8,158.32,Online,Pending
feff69f3-6b1d-4148-b5d0-255c7e55d750,b6c26110-1b77-4777-8c79-c69ec19b66df,2024-05-27T10:16,9,203.49,Online,Cancelled
04a69e42-f59e-4d7f-af7f-5d5001eca04c,d33bbfcd-a2ca-4e80-8a1c-65223f061e7e,2025-01-22T10:16,5,143.65,Card,Completed
152dfe63-a425-4771-a5bd-627d4924cceb,7c991f43-c18b-4404-8826-97691b0dc00c,2025-03-10T10:16,3,83.55,Cash,Completed
6f899593-4acd-47c5-bc63-e4861b1b1553,1eeb9c5f-5b7a-47af-b4f1-5a50d9d1089c,2025-04-27T10:16,5,138.70,Card,Pending
b03af4e3-46be-4af0-93c0-60a8be416163,d5eaf6a7-76cc-48ec-98d9-ba713e2df70f,2025-02-12T10:16,8,92.96,Online,Pending
dfbf9643-0789-407a-be15-6516d2ad08a2,4e6807ca-aed8-4ec9-b1b0-0e3aba57efb1,2024-09-22T10:16,4,89.72,Card,Completed
b3ad25f0-15c2-4894-a020-6ff670179980,92da274a-bea2-490a-bb52-196c46fa8487,2025-03-07T10:16,8,46.64,Cash,Completed
616b9cfe-eaad-4165-8a7b-95e6d1e04699,5400d214-6176-40bf-88d2-3f53ed38bf69,2024-11-21T10:16,7,91.35,Cash,Cancelled
a277cf87-b954-40d8-8408-e45a471bdf6d,c3ffc43c-0c11-40fa-9824-f234161741d0,2024-12-05T10:16,5,83.70,Card,Pending
de6adfee-bd1d-4c12-849c-58c886693dfb,68169a66-a8d4-4763-914e-7befc826445b,2024-12-11T10:16,7,170.52,Cash,Pending
9bc489fe-35c8-4221-8de2-e5890a0913b2,a3f626b9-cc27-4c04-8570-be79ab8bda4a,2025-02-20T10:16,1,15.62,Cash,Completed
52c74c35-431b-4c61-bd24-966b5d616123,7a18d550-38d0-40b2-84a7-547162e7e409,2024-01-15T10:16,4,27.04,Cash,Completed
4d49b386-2527-406d-b87c-ec04e01fc15a,b6c26110-1b77-4777-8c79-c69ec19b66df,2024-04-25T10:16,9,100.89,Cash,Pending
eba8331f-9ff7-49a5-888d-16dea042fd81,0b2a0e9a-e050-4380-b607-57adcbbf59d4,2025-04-27T10:16,5,139.40,Cash,Pending
619fd570-bfca-46de-a738-93d1b70fd5e4,53db1213-7316-47bb-9099-c1def0e3c96b,2025-01-25T10:16,7,101.85,Online,Completed
9b9bde0e-bdd7-4cfe-a972-683f4d8085a4,c63bd277-c81c-40c5-8720-6ce916d653c4,2024-07-09T10:16,2,25.38,Card,Cancelled
418055e9-a14b-4201-9434-a2ce70846894,ebbc7df0-770d-44f8-b0ff-c62f9006e40e,2025-06-11T10:16,4,66.92,Online,Cancelled
f6712ae0-528f-4ab6-9bf0-905c7f91bc8d,caca465c-e9f2-4add-91b5-24c70595e321,2025-05-12T10:16,3,40.41,Online,Pending
e2fd07a0-b9b5-401a-b71b-feffede1bcdf,000f9c8f-2fc7-4346-844d-c04f10751265,2024-01-17T10:16,6,108.00,Cash,Completed
3ce21434-e7c6-426b-b45b-310a77c4a40e,caca465c-e9f2-4add-91b5-24c70595e321,2025-07-11T10:16,2,24.14,Online,Completed
7cff789c-e412-4067-ab0a-1614b68db6b3,d7af10ce-45c9-4fc8-8dd8-b1c5491aad5f,2024-12-24T10:16,5,45.20,Cash,Cancelled
90ae6ae6-7b97-49d3-ab5b-12693ead62bc,36b880b0-e9bd-4c0b-8f1c-32018f6c758a,2025-08-08T10:16,5,111.25,Cash,Cancelled
6f0c4c5b-1edc-4172-a181-3eb0955982f5,a302a1a8-c429-406f-abff-9f273aa0a4b5,2024-08-24T10:16,4,38.72,Online,Pending
be9c8fe1-270b-413c-98dd-dfa4fe489c78,09ba4183-1b94-4f8c-bc5f-eca421a88524,2025-05-14T10:16,3,38.64,Cash,Completed
9e21907b-fdfd-4983-b0f3-71b9ea9a138e,c3ffc43c-0c11-40fa-9824-f234161741d0,2025-01-05T10:16,7,116.20,Card,Cancelled
208be61b-c7da-4f14-82e6-24667f8bf69c,8b115a34-224b-453c-be69-b53a7445b466,2025-07-31T10:16,8,71.92,Cash,Pending
84868622-d237-4027-9b22-c4043bb3232f,68169a66-a8d4-4763-914e-7befc826445b,2025-02-26T10:16,8,214.16,Online,Cancelled
1ba6ede4-e1b3-4278-a07d-0ca26e238d3d,cd50913f-8c99-4253-9134-0cf5fe5f300f,2024-01-01T10:16,1,13.49,Online,Pending
a4ffc312-db61-48de-be3e-81317f3ab12c,000f9c8f-2fc7-4346-844d-c04f10751265,2024-03-14T10:16,6,120.48,Online,Pending
328afd6e-2f59-4b07-9692-9649c911ff58,23650eb4-f98d-45a3-a90b-a378f03d469d,2024-07-25T10:16,4,81.04,Cash,Pending
af7b5353-2656-41bc-ac26-26bca01fc525,4e6807ca-aed8-4ec9-b1b0-0e3aba57efb1,2025-05-23T10:16,7,95.13,Online,Pending
d6d81208-d199-4195-8ee1-0c7e8ed5aa00,f067e21d-d1d4-4e87-9cae-9753f5f9ccb6,2024-06-18T10:16,9,57.78,Card,Pending
53292fda-b94d-4a02-bc05-c83311bd18ce,52fbb114-83aa-432d-b2f1-f3e37a5c4754,2023-12-11T10:16,3,86.16,Cash,Pending
258d3b0d-29fc-44d5-92f5-322ce325088d,ef7fad1f-a86f-4ee1-95b4-ce1f339f0fa5,2025-01-11T10:16,5,115.95,Online,Cancelled
21de85dc-979c-4b1b-b0b8-39bd5d480944,2ca088cd-c6c6-4e60-a1a4-d2990ee21b12,2024-11-11T10:16,5,37.55,Card,Completed
988c0d1e-85a6-48fa-985d-cd2e3180d7b0,0a0ac3e5-6e20-4fbc-87ec-5481c70e38bc,2024-09-06T10:16,5,89.50,Online,Cancelled
c47fad2d-d2e1-4fb8-9a4e-f4d49d6a59fc,0a0ac3e5-6e20-4fbc-87ec-5481c70e38bc,2025-02-21T10:16,4,47.20,Card,Pending
749fbd7f-a945-47fa-a811-be3357ab48d4,c0d74d86-5c5b-481d-b8e3-61eeb9c77255,2025-06-15T10:16,3,63.63,Card,Completed
be49b0e2-f282-4172-bb67-5b376bcd24c2,ecf1ffb0-ac00-4968-87ea-8beef4ace55a,2024-03-19T10:16,2,10.36,Online,Completed
1e3fb501-0d6a-4421-958f-43e650d1722b,058b9c75-b72f-4594-80d2-e41194ff7672,2025-03-19T10:16,2,37.08,Cash,Pending
3ef5797d-e2f8-48bf-ae97-9da08ec01b21,25659c0e-6eb5-4c57-add8-fb6ac5f42699,2024-12-22T10:16,3,84.09,Card,Pending
413ca918-a50f-40da-a6f4-e83844b28300,0b2a0e9a-e050-4380-b607-57adcbbf59d4,2024-10-23T10:16,7,156.87,Card,Cancelled
d0af6074-f263-4b86-b487-8147c4f7d18f,500fde18-ea61-4380-9ea4-f06d09985870,2025-01-09T10:16,6,120.12,Cash,Cancelled
316bbd6b-48f4-47b1-9c23-fc183412d315,98b17fed-218c-4f20-8410-9f0edfc74455,2025-02-09T10:16,8,85.60,Card,Cancelled
f5f16ec7-e7b6-4752-a8a7-e1d9e64f0ba1,14eace30-1ac2-411e-8eef-98e8f32a87fb,2025-09-03T10:16,1,15.34,Cash,Pending
39e23075-57c2-49f5-b626-b693382e2d85,1233cc27-7567-48e0-8dd2-6b0019506c2f,2025-08-28T10:16,9,61.20,Cash,Cancelled
ec262d69-943e-403a-ab1d-5ee7077c566a,f6c35464-33dd-44a7-bf84-071f2e427045,2025-01-05T10:16,5,58.60,Card,Completed
eba4ea26-3491-45fd-8f08-0235f41d304b,8b115a34-224b-453c-be69-b53a7445b466,2024-05-05T10:16,5,81.65,Card,Pending
3dec21c2-e787-49ad-962c-884ec6497201,52fbb114-83aa-432d-b2f1-f3e37a5c4754,2025-01-31T10:16,6,94.98,Online,Pending
71f118d2-030e-465e-ac0d-c0e69d9c4199,bf0de251-90d7-423c-8b31-48df1a89964f,2024-10-22T10:16,5,136.95,Online,Cancelled
c97d1877-ed25-4e73-afaa-55ce7957872c,90f0db1e-2b19-43f7-ba17-233c7c214eca,2024-02-20T10:16,9,223.11,Online,Cancelled
79ff71cd-2843-4e3f-b6f7-6e739c6075af,0d463f72-c3a1-4a2b-8d0d-1721a0d1a06b,2025-08-08T10:16,2,32.10,Card,Completed
563843b6-8e37-4949-b05c-b6ee4225fa50,99c406e7-092b-4eeb-bc08-56fc041c253d,2024-04-16T10:16,5,149.50,Online,Completed
289a61e6-305f-4167-b1cc-c6f33edd8716,d33bbfcd-a2ca-4e80-8a1c-65223f061e7e,2024-09-01T10:16,4,56.84,Card,Completed
f83a99a2-1194-490c-8272-a958f10487a3,058b9c75-b72f-4594-80d2-e41194ff7672,2024-05-31T10:16,2,44.96,Online,Pending
6f112df2-5e8f-401d-9d79-0b791e5d9878,d87f31d7-79ef-4c17-856e-142e791b04da,2025-05-05T10:16,6,178.02,Card,Completed
5b390cb1-9e05-4ced-b4ed-4add57f50f0d,8113211c-bdc3-4bb0-94d9-3fd3871f3005,2024-08-26T10:16,3,46.08,Online,Completed
c94bca87-184b-49d6-b155-4501cd917bde,7509850a-5062-4da9-aad6-bc5b9e363ef1,2025-06-30T10:16,3,17.28,Online,Pending
dc3b8ba7-9f68-40ab-84ed-4e7f6949bead,05ccd8a5-ea5f-4353-bd1e-3022152b0685,2024-05-29T10:16,1,12.74,Card,Pending
d7c1a62e-0bf2-4edb-9962-5d2e0629c5bc,62a2bfef-ca4a-4dec-90ea-bf15ea1880d2,2025-10-09T10:16,8,118.32,Online,Cancelled
083a9e7a-28cd-4199-ab23-12f724a3c209,726d71e2-70fd-4416-8568-78619c14a73a,2025-10-21T10:16,1,6.60,Cash,Pending
df5f6a0e-7144-4d4d-9f2f-86c6ed4e2f36,b04ce307-2d1f-4214-b023-d8f4379041a1,2025-10-26T10:16,2,50.96,Cash,Cancelled
17835c2d-6a94-4734-9d42-04cdc8f3982e,d5eaf6a7-76cc-48ec-98d9-ba713e2df70f,2025-01-10T10:16,7,133.70,Card,Pending
adfe3e9e-50e7-468c-a2c5-4bd8947ec0d2,4e6807ca-aed8-4ec9-b1b0-0e3aba57efb1,2025-04-04T10:16,8,80.40,Card,Pending
d76003a4-0f0e-4d7f-8bf1-b89d7d16d6ae,bc58b12c-65c4-4f21-89ef-3e492a22ef7c,2024-05-13T10:16,8,49.12,Card,Completed
58b871a0-702b-4f55-b49c-6fe7de8aa287,2a109685-1399-4149-8951-fba29bb0360d,2024-01-16T10:16,6,130.86,Card,Cancelled
0a121444-0fa9-4cf5-a3df-5ae3fb6e738c,14eace30-1ac2-411e-8eef-98e8f32a87fb,2024-07-02T10:16,1,8.95,Online,Pending
9759a613-7236-4557-838f-662c877b734f,c46351bf-193f-49af-a5d6-456188837c3d,2025-02-12T10:16,4,84.08,Cash,Cancelled
a8c70f48-f544-4bee-b31f-87328ebdb894,11526850-7335-463f-b740-a52a90457c3b,2025-03-29T10:16,5,131.00,Card,Completed
299a4050-cdb4-420f-990c-402e2ff9f9b1,10b26c2d-7d56-4175-84a8-a2775e128a9d,2024-04-30T10:16,4,81.20,Card,Pending
c8daea90-3d31-462f-831b-0f6839e09664,62a2bfef-ca4a-4dec-90ea-bf15ea1880d2,2025-07-16T10:16,5,86.40,Online,Cancelled
427791e0-8ce6-4cf7-857e-4c17e8251613,205ea7f7-e714-45b8-a083-11247ff702a1,2025-07-09T10:16,8,141.92,Cash,Completed
fb565e55-7900-45e9-9f3d-5c8bbca4081c,63846b60-b7be-4087-ac6e-56c9bc130a20,2024-04-30T10:16,8,161.92,Cash,Pending
339c637c-629c-4921-b258-59e348a33bf3,f067e21d-d1d4-4e87-9cae-9753f5f9ccb6,2025-07-15T10:16,3,24.72,Card,Completed
58395396-dc2a-4559-a9a6-1e92706eba19,02c65c06-56ad-4670-b8e2-10ab417c7154,2024-02-01T10:16,5,84.80,Cash,Pending
f2749383-d5aa-4337-b7ca-15cfff5de59b,bb6bf39c-f455-4e08-a59e-1bdaaa91d4aa,2024-10-04T10:16,9,146.43,Card,Completed
2c2ebd62-bda5-44d8-9e39-7f532fd51633,8626238e-5813-415a-9a8c-db944b1e0269,2025-07-24T10:16,1,20.65,Cash,Pending
53b115ce-43f7-46f3-bcc1-25481f7bc428,428424b7-1f94-496a-8b7a-497ce177d32c,2024-08-13T10:16,8,107.36,Card,Cancelled
79278cea-a2aa-4fd4-9272-0ae8bbbea2c2,6aaabc79-3d35-410f-bb96-f86a3930d0ff,2025-09-08T10:16,9,251.91,Cash,Completed
62eeb77d-a68d-4505-a402-3ab0fe08847d,4e6807ca-aed8-4ec9-b1b0-0e3aba57efb1,2023-12-01T10:16,9,152.37,Online,Completed
dc5b54e4-d39e-4685-b0bd-da81a3e330d4,795088d7-d227-422e-ad8c-f048bde0675e,2025-07-10T10:16,2,22.20,Online,Pending
647fac59-4802-4b9a-9add-c0ba864a6cae,ebe19120-496a-47fa-87eb-2440212a3363,2023-11-13T10:16,2,59.18,Online,Pending
20a96c66-94f0-45d6-8a73-13147233ef23,8113211c-bdc3-4bb0-94d9-3fd3871f3005,2025-08-02T10:16,2,27.56,Card,Cancelled
e4376ee0-df6d-4126-89aa-832c932957b6,9b9edd1e-b4f7-414c-b8b5-a3dc51fa0a8c,2024-02-29T10:16,2,51.74,Cash,Cancelled
82dd3272-7ee3-4403-86a6-aaa80f1b1426,824998a2-7592-4051-ab0b-d5e12743c93b,2024-11-29T10:16,1,8.22,Cash,Cancelled
690332cb-1b27-431d-8ed3-44faf7725be2,0df3bae1-6384-4856-aa27-aef9f6c48b75,2024-03-22T10:16,4,58.80,Online,Pending
188fb179-bb11-4957-ae81-75b5c07ff44e,f0a6a958-e434-41bf-a830-dffa55a34db5,2024-11-19T10:16,1,25.41,Cash,Cancelled
67626119-24ee-483f-ae5b-cfbbb717a143,0a0ac3e5-6e20-4fbc-87ec-5481c70e38bc,2025-04-09T10:16,9,189.00,Card,Completed
3124b18d-7e5c-4eff-b143-f572291bfdf4,02c65c06-56ad-4670-b8e2-10ab417c7154,2024-04-14T10:16,4,53.64,Online,Pending
c18c4070-bf7a-46bd-b2eb-4761e2f52be8,8887df7e-682b-4d48-b18c-c1ddfa0aaa26,2025-06-24T10:16,2,34.42,Card,Pending
383f6716-f394-4ed2-94b9-188afe15a909,cf65c4b6-4c1c-420b-95de-23e5b56ffad5,2024-09-23T10:16,6,156.18,Cash,Pending
d9de80a1-3a6f-4634-a583-fa972bb05029,f90cf3ca-e2d0-4129-bc7a-e8a2b80880da,2023-12-21T10:16,5,93.30,Cash,Pending
ea42bd19-1ab6-4d13-b685-b2729d6495bd,7509850a-5062-4da9-aad6-bc5b9e363ef1,2025-02-13T10:16,2,30.80,Cash,Cancelled
2ca92357-18ed-4a55-8286-bc760ac9871e,3ab3404a-ee80-4ed2-8d90-a6f0dad14e48,2025-08-21T10:16,6,61.14,Online,Pending
df275d18-1b52-401d-a1a8-017a2fa2a489,0a5bd884-b432-4ce5-b14e-44b4aedd4c0f,2024-11-28T10:16,4,110.04,Card,Completed
b1ffb3b6-1175-4339-8a43-ba68deeda29c,795088d7-d227-422e-ad8c-f048bde0675e,2024-10-19T10:16,3,52.32,Cash,Completed
a7d114db-e76a-4481-b430-ffbe29aeb2ef,f0a6a958-e434-41bf-a830-dffa55a34db5,2024-03-10T10:16,2,35.12,Card,Pending
b654362f-ccba-4268-9baa-fcd22316f53a,0a5bd884-b432-4ce5-b14e-44b4aedd4c0f,2024-10-19T10:16,3,65.22,Online,Completed
e1c1c522-3921-47d8-b225-10fff1fed717,09ba4183-1b94-4f8c-bc5f-eca421a88524,2024-08-10T10:16,9,142.92,Online,Pending
03939fc3-18c2-4e5e-9993-24689cf250fa,27e45431-1333-4ffd-a0c8-be56ffdc5d4e,2025-05-17T10:16,3,60.09,Online,Cancelled
2ed1d14b-9f0d-4ad0-8954-aa2375fbb82c,b6c26110-1b77-4777-8c79-c69ec19b66df,2024-12-31T10:16,2,40.56,Cash,Cancelled
dfadb98a-18eb-4bcd-9b94-24385a1d6644,bb6ceda0-3f7a-4dfa-9862-41a88dd468b2,2024-10-05T10:16,5,76.00,Card,Cancelled
54d3da79-5f2e-43b4-9a9e-bfb04a91553c,27e45431-1333-4ffd-a0c8-be56ffdc5d4e,2025-09-11T10:16,1,28.50,Cash,Cancelled
50542e89-17e8-41e2-ad53-f8d0623d1a23,60cd80b6-3967-4dae-b4df-adc7b5644971,2025-03-25T10:16,5,65.80,Cash,Pending
719fb107-1a20-4cac-8fc2-be77561cab4a,b6c26110-1b77-4777-8c79-c69ec19b66df,2024-10-04T10:16,7,49.00,Card,Pending
419f4a38-366b-47b6-ba1f-ae32a5023d3d,9b9edd1e-b4f7-414c-b8b5-a3dc51fa0a8c,2025-08-10T10:16,1,25.09,Cash,Pending
8b0c5214-b197-4cf8-8b0c-8fe581c6d12e,92da274a-bea2-490a-bb52-196c46fa8487,2023-11-14T10:16,5,28.15,Online,Cancelled
06cd278d-c0b0-4fb7-8030-926c5351c500,09ba4183-1b94-4f8c-bc5f-eca421a88524,2025-06-18T10:16,7,164.57,Online,Completed
9c75508d-1b54-477f-b0cc-37dfcd97c029,8626238e-5813-415a-9a8c-db944b1e0269,2024-10-21T10:16,5,113.90,Online,Completed
b0c6d5a8-d97d-4774-8484-9a4e007235d8,aff4340c-d102-49ba-af8e-84d2737ce82c,2024-09-30T10:16,7,149.59,Card,Completed
ea2ee5bb-2922-4947-8b2d-acd19ffb2beb,b3688304-b24b-416a-9bf4-c2b6aaeb59d3,2025-08-04T10:16,2,42.12,Cash,Completed
3e8a9b47-b0d5-4975-91e6-08f0b1be812b,e85d0261-2d97-4475-a749-363ec9040a74,2024-06-25T10:16,3,79.86,Cash,Completed
4ea5b391-ddec-4e10-b4dc-8140d61998c6,983d66ae-c8b0-46b8-8abc-26a1055cf729,2024-04-20T10:16,1,29.21,Cash,Cancelled
c72334f6-630a-4bc6-aa8c-f305816d275e,5f6e51da-5f01-4c9a-85dd-7d50ef37e5d7,2024-10-06T10:16,4,24.20,Online,Pending
c7b8944b-bd36-4e15-ae23-aa872caf029a,0a570207-0f70-467f-bbeb-44a0a60a9a25,2024-10-02T10:16,9,202.86,Card,Cancelled
488fb0df-2892-4afc-b912-7d9c8c87e81c,aac35608-9499-49c5-811a-a059e773c968,2024-09-22T10:16,4,72.60,Card,Cancelled
3d0716c9-d12a-44a4-b5d8-6c053c813bba,c3ffc43c-0c11-40fa-9824-f234161741d0,2025-08-26T10:16,7,182.84,Card,Pending
c5f6ccf8-4005-4f95-a899-5ae1d35621e4,0a5a9fc7-e126-48f0-99aa-dea85c606f66,2025-01-27T10:16,1,23.85,Online,Cancelled
d636544d-94b6-4562-996a-da7037b194ed,5400d214-6176-40bf-88d2-3f53ed38bf69,2024-01-17T10:16,8,73.04,Card,Pending
cb167f56-384b-4b89-8d52-118862100e03,795088d7-d227-422e-ad8c-f048bde0675e,2024-04-20T10:16,9,116.10,Cash,Completed
f224d491-3abf-4732-9841-9c53cfa9616c,6aaabc79-3d35-410f-bb96-f86a3930d0ff,2025-04-27T10:16,2,25.80,Cash,Pending
f3adc27f-6b7e-43d0-a57a-2a1d3c437d61,8626238e-5813-415a-9a8c-db944b1e0269,2025-01-05T10:16,8,83.52,Online,Cancelled
b4d2fa73-f4c4-4171-9483-0b32978a5117,cb8747c7-32ca-4b6b-868d-13ab01d953ec,2025-02-16T10:16,2,50.64,Online,Cancelled
90ee8fb7-7693-4f85-8d12-89fec44b836a,2ca088cd-c6c6-4e60-a1a4-d2990ee21b12,2024-12-07T10:16,9,160.56,Online,Completed
2c64c9ab-9d2f-4dce-89af-8436c7b4cdd8,0a0ac3e5-6e20-4fbc-87ec-5481c70e38bc,2023-11-23T10:16,7,184.73,Online,Pending
671234da-a1ec-4723-b465-e36fe7e61d26,27e45431-1333-4ffd-a0c8-be56ffdc5d4e,2024-04-22T10:16,2,42.36,Cash,Cancelled
2f0bc3f4-b25a-4191-b6e3-c6411d535df2,ec3490d2-e8da-47ee-ae12-0ca0b1d7a2bb,2023-12-01T10:16,7,107.73,Card,Pending
40ce4844-afbf-4537-a845-098bf4aed0ad,205ea7f7-e714-45b8-a083-11247ff702a1,2024-06-11T10:16,8,134.64,Online,Pending
a983ed90-df58-4029-9792-6f510ac1aac3,4b14a58c-f1e4-40b6-888d-a88cd7055099,2025-03-31T10:16,1,8.55,Card,Pending
f1c4b3f8-13ff-4d48-9051-d32232416de5,53db1213-7316-47bb-9099-c1def0e3c96b,2024-02-14T10:16,7,104.65,Online,Pending
5fc19345-74bd-4e3c-a2b9-dd6a617f44eb,2c6dafc9-06cc-4b3d-8b8d-12aae0644c58,2024-01-08T10:16,5,31.70,Online,Cancelled
9ff7fa0a-9ef8-46e3-abd4-3e9be91de4f2,05ccd8a5-ea5f-4353-bd1e-3022152b0685,2024-12-21T10:16,9,82.35,Cash,Pending
c22353ef-b7cd-4dfe-8c17-42e8d77ab566,dcfb3d05-846d-4915-99f3-ebbc7559d972,2024-05-02T10:16,6,170.52,Card,Completed
34b5c1c4-5a14-463e-97df-ad5b49632a43,7a18d550-38d0-40b2-84a7-547162e7e409,2024-02-01T10:16,1,5.63,Online,Pending
395a7db6-bd1f-4323-86ac-e9fcacf9ab46,0fcf4084-ea31-49f8-99f9-9bf8c8b0c16b,2024-05-26T10:16,6,31.14,Card,Pending
7fbd75c3-5c8f-471e-a2e6-6aeb407a4a9f,0a5bd884-b432-4ce5-b14e-44b4aedd4c0f,2024-03-21T10:16,1,7.65,Card,Pending
0414c2f8-26b5-4c3b-9d18-7eb277caae5f,c63bd277-c81c-40c5-8720-6ce916d653c4,2023-11-26T10:16,1,13.81,Cash,Pending
fa2a1c90-66c0-4641-be9c-8c54afe24e83,8b546c63-5406-493d-bc69-cfb594b38267,2025-09-08T10:16,8,132.88,Card,Cancelled
11335e31-1cc8-42f5-93ce-b2608e995c04,5400d214-6176-40bf-88d2-3f53ed38bf69,2024-12-08T10:16,2,46.16,Online,Completed
3ae15685-3eaf-4ca8-8fb8-605e42125ebc,885715b6-b1eb-44ca-8460-28c0343e56f3,2024-10-08T10:16,3,78.87,Card,Cancelled
95f5d5cf-8bd1-4b52-ac00-9113a860da7a,8626238e-5813-415a-9a8c-db944b1e0269,2025-08-26T10:16,8,88.24,Card,Pending
d7e9dfaf-43b3-4e55-9156-45cab44f3ad8,103fcba5-5588-45a5-9fe0-6ac948d3860e,2025-04-13T10:16,8,234.80,Card,Pending
1902c03d-60a4-4d68-bdee-b35c17566912,485b65e7-fdf4-474d-afba-37986d8d3cd8,2025-06-06T10:16,6,40.14,Card,Pending
1fcbf1dc-767f-4104-b2c1-c4e0c930863d,71f17b36-2c37-4cfa-bf8a-894fa94c0e9b,2024-07-01T10:16,5,30.35,Cash,Completed
7ef01e6d-67f8-4dc2-ba62-5d3676ee500d,7169ef0c-f2c8-4ae3-83f6-87691664d2d2,2025-04-16T10:16,3,79.56,Card,Completed
9d4619c1-5ab3-43c2-808d-476b28906b8d,aff4340c-d102-49ba-af8e-84d2737ce82c,2024-05-21T10:16,3,86.07,Card,Pending
34e5bba9-6210-4267-9c57-8700c5ec58d5,9b9edd1e-b4f7-414c-b8b5-a3dc51fa0a8c,2025-03-09T10:16,4,97.52,Card,Completed
abf3c742-66cc-4c30-aa8b-4267e1b3f866,fe624323-ba72-456d-9842-ed9e0edc75df,2024-01-07T10:16,2,32.34,Online,Cancelled
377208d3-8ab9-47b5-9702-48e2880ea60c,8f7f530b-bb30-4a05-b437-744ed30af54f,2025-11-10T10:16,5,139.15,Card,Completed
475ed731-bbdb-4e86-bc83-efe5042fc954,caad7924-4bc5-4f85-9662-11ca261e3c87,2024-08-16T10:16,1,17.50,Cash,Cancelled
4c81948b-2ccb-48db-82ef-9788348c0952,11526850-7335-463f-b740-a52a90457c3b,2023-11-24T10:16,5,146.45,Card,Completed
2854b315-d340-4094-8e34-2d0d9961c5df,2c6dafc9-06cc-4b3d-8b8d-12aae0644c58,2023-11-16T10:16,8,168.24,Online,Cancelled
134e0779-b44b-424f-88cd-9ce6779c846d,6945f6f4-b8f9-4d04-90ff-e59ed705578e,2024-11-02T10:16,7,140.00,Online,Cancelled
b69281cb-5e33-4d4b-b93b-8d551fbef2a0,1407e9cf-22c9-4137-a2fe-cc12dc038235,2024-01-14T10:16,1,17.83,Online,Pending
d44d9c49-642a-440e-abb5-8582f9a5e826,058b9c75-b72f-4594-80d2-e41194ff7672,2025-01-08T10:16,9,240.03,Online,Pending
000e4150-49c3-4912-9454-e64d869533ba,4739f27f-7a96-4d52-83ae-0c6fd4c8c606,2025-06-25T10:16,7,151.62,Online,Cancelled
b763b5a6-502d-4ed3-b34d-5289202bcb51,23650eb4-f98d-45a3-a90b-a378f03d469d,2025-01-27T10:16,4,108.84,Online,Pending
ac2b430e-f178-44e8-83c5-b72c1fc45b7e,6e6d2c67-f7fb-4a98-8f9a-4822259b25c4,2025-03-19T10:16,7,198.66,Online,Pending
9c96ccf5-3365-4828-9e6d-8bfa9ee915ce,bfa3444b-2be9-46be-b944-720d86a59770,2024-01-12T10:16,3,60.36,Online,Cancelled
a0393ac9-0294-4999-bdd8-a6d0670899c3,795088d7-d227-422e-ad8c-f048bde0675e,2025-05-09T10:16,7,139.02,Cash,Pending
dcd493e7-4cbd-420f-9415-346febe36197,5400d214-6176-40bf-88d2-3f53ed38bf69,2025-08-25T10:16,8,69.36,Card,Cancelled
93f104ee-7a93-4a3d-a1d0-6c59f2c48c5e,02c65c06-56ad-4670-b8e2-10ab417c7154,2025-01-12T10:16,5,134.95,Cash,Pending
1ac48dee-ee85-4eaa-b037-5eab65f7ae3a,d87f31d7-79ef-4c17-856e-142e791b04da,2024-11-16T10:16,4,46.80,Online,Cancelled
9d932ce3-d8f3-4073-9bbc-d6e1e9f8e84b,5eb75bc0-d5fa-4209-9d42-7767f3f0585b,2025-09-19T10:16,6,83.82,Online,Pending
447153ca-8543-4f8e-a1e8-1aa6c80ecd88,8b115a34-224b-453c-be69-b53a7445b466,2025-06-24T10:16,1,5.31,Cash,Cancelled
91e70dec-85ba-4e65-af2d-ddefc25037af,10b26c2d-7d56-4175-84a8-a2775e128a9d,2024-02-15T10:16,6,42.36,Online,Cancelled
3efd0145-4ed7-4e64-8f2a-d06b87ccf664,73a2b03c-2dca-486e-8ebc-c4d6bb68a8c6,2024-02-22T10:16,2,50.82,Card,Pending
35fe87e4-9d6f-4770-997a-96e79b3adb5e,000f9c8f-2fc7-4346-844d-c04f10751265,2024-08-14T10:16,9,89.91,Cash,Cancelled
3ee25305-17d5-4a6a-90c0-638119daa8d0,d7af10ce-45c9-4fc8-8dd8-b1c5491aad5f,2024-08-17T10:16,4,63.92,Card,Pending
8a6688a8-10de-4310-9e91-ff02f544d02f,60cd80b6-3967-4dae-b4df-adc7b5644971,2024-08-26T10:16,3,55.77,Cash,Completed
dd8700dc-3732-48ba-a310-eaae55d9b129,8250871a-2b35-424e-a1a1-4eb4faffabfb,2025-08-27T10:16,3,35.13,Online,Cancelled
7139916c-27f2-4dae-b5c3-f6746fb27d2f,0a5bd884-b432-4ce5-b14e-44b4aedd4c0f,2024-08-26T10:16,1,18.78,Card,Completed
3fe6c8b0-ce66-449a-9819-4be0c5212a12,a938df5f-7764-459c-8bfd-90409d16b3c6,2025-04-14T10:16,9,181.80,Card,Pending
d27e6feb-3025-4958-abe0-b6a663225fe0,6aaabc79-3d35-410f-bb96-f86a3930d0ff,2024-10-20T10:16,9,169.83,Online,Cancelled
2530b2d2-e2ac-4b05-9c2d-374c4801c6de,1a31c678-d420-495a-aff3-0f1609514e1e,2025-10-04T10:16,8,125.76,Cash,Pending
5d3ade90-6ff0-4bc0-bd81-a9812cbe0f4a,b6c26110-1b77-4777-8c79-c69ec19b66df,2024-08-14T10:16,1,15.38,Cash,Completed
5cc07785-7c5f-4d3f-88ac-9398f1cc7327,68169a66-a8d4-4763-914e-7befc826445b,2023-11-15T10:16,8,179.36,Online,Completed
726b8274-f38a-40c1-99f0-1feb55e16ed0,c63bd277-c81c-40c5-8720-6ce916d653c4,2025-09-23T10:16,1,18.05,Card,Pending
5c22d7ac-1c58-4e71-9a34-72e90bd383e9,fe624323-ba72-456d-9842-ed9e0edc75df,2025-09-05T10:16,4,77.12,Card,Cancelled
332052bd-a961-4888-a5fe-c388ce65e796,1a48aa9a-def3-481d-922a-94300aa97309,2025-09-09T10:16,5,34.85,Online,Cancelled
03479bbc-7001-4385-9921-4961813536a0,000f9c8f-2fc7-4346-844d-c04f10751265,2025-04-11T10:16,9,163.35,Online,Cancelled
0c59eb7b-9751-4fe3-a24f-81a21cea8898,935ebde1-5945-4673-886e-1a7a12cc2d4e,2025-02-09T10:16,6,40.32,Card,Pending
0d2a84d6-dffe-4af6-b723-75d9b2cbc992,0a5bd884-b432-4ce5-b14e-44b4aedd4c0f,2024-06-15T10:16,9,146.16,Online,Pending
f117c934-55af-4625-a2be-7ed5d84a75cb,fe624323-ba72-456d-9842-ed9e0edc75df,2025-08-01T10:16,9,77.67,Cash,Completed
3d9bcb4a-809b-4793-b2c2-a5cf640dce14,93cdeef1-3fc3-4a63-a275-0ae87ae6b335,2025-03-03T10:16,4,29.56,Card,Pending
0ad391fc-23b1-4ca8-b6d4-e892fb58c904,0a5bd884-b432-4ce5-b14e-44b4aedd4c0f,2024-09-05T10:16,1,13.66,Cash,Completed
ce69ebb3-d941-4326-aa86-7047c8523b74,e12c3d24-86c8-474f-b86b-370df36adbfe,2025-09-05T10:16,9,68.85,Card,Pending
d0167f5b-ebc7-481c-be44-a4dd3ccb6143,c9dcc28a-ae5f-477c-ae7e-72d94129f449,2024-04-09T10:16,2,15.60,Cash,Pending
2a5c48dc-b56e-4625-b25b-c563b4ca518c,77ca464a-fe0d-4dcc-8f08-3eb2f7b64f76,2025-06-26T10:16,7,206.15,Online,Cancelled
9263e7b0-dd6b-4c16-8228-53900521cb2b,0130fcd4-a6cf-4a72-8400-7bcae1abce34,2024-05-12T10:16,9,150.21,Online,Cancelled
b37f1971-e6c9-4bf3-8b0f-847193681858,983d66ae-c8b0-46b8-8abc-26a1055cf729,2025-05-05T10:16,1,29.60,Card,Pending
0b2c3300-76b7-4bdc-afd1-ede1e0b3eebb,365c90d0-a590-4209-9401-2ce55af5ed98,2025-08-04T10:16,3,39.81,Cash,Pending
d56bcaa0-c928-4871-b958-28439e19e9f3,65b2c0ea-6192-47fc-9286-2c1dd3ecefb1,2025-05-20T10:16,8,52.72,Card,Completed
56485be2-400b-4392-949b-1c89049a52da,b014b56e-3263-4b63-8430-46e00bc5ea77,2024-02-23T10:16,1,25.42,Online,Cancelled
1e1fc156-973e-435d-a6c6-a6918f19d2ad,a3f626b9-cc27-4c04-8570-be79ab8bda4a,2023-12-28T10:16,5,118.70,Online,Pending
7b5a5072-a79b-4c07-bab5-ef7ae48dc211,9c53f3f8-5b22-4d77-bd76-cfa6c70e443c,2024-01-29T10:16,3,81.66,Cash,Pending
0bb55545-156e-4563-b348-673d6c96e865,a302a1a8-c429-406f-abff-9f273aa0a4b5,2025-02-26T10:16,1,5.80,Card,Completed
1e4f4a7d-1a18-47ac-9996-0d7c2fb1bc73,b047b369-02d0-4f25-9af0-f1e883228863,2024-06-17T10:16,1,5.15,Card,Completed
58d3ee83-f218-4150-b153-775c8f80d710,06e585f0-5b60-4900-81d1-3379328e6c17,2024-08-19T10:16,3,77.70,Online,Cancelled
19e80c75-01df-4745-a35e-e985fd466800,f0a6a958-e434-41bf-a830-dffa55a34db5,2024-08-02T10:16,2,34.06,Online,Cancelled
ea073a2d-18f9-4ef3-9ed9-fe9bf3c72ea8,25659c0e-6eb5-4c57-add8-fb6ac5f42699,2025-03-20T10:16,4,40.08,Online,Cancelled
1e3e80c0-47e3-4366-ac1d-a87c23530648,401a6911-a31e-4892-adc1-56e3e1eb090a,2025-05-01T10:16,7,120.61,Card,Pending
46d6b685-3da9-40b4-b985-ee3655a93504,b014b56e-3263-4b63-8430-46e00bc5ea77,2025-01-05T10:16,6,115.92,Online,Cancelled
e9426445-19e9-4d0c-b463-9a00f7e617fa,6c6a3b10-9747-4dca-a041-4edc22d147b0,2024-12-12T10:16,6,86.46,Cash,Cancelled
56b50448-5028-4562-a9b9-2bed0c271802,b6c26110-1b77-4777-8c79-c69ec19b66df,2024-03-24T10:16,9,183.15,Cash,Completed
fe93747c-1b3f-4a40-9bbb-f025ef2004b3,6bd388d4-5636-450b-bacd-55bdcb769bab,2024-01-08T10:16,3,80.97,Cash,Cancelled
d881e779-7bf3-4d14-b2f4-0db5dd0da82f,73a2b03c-2dca-486e-8ebc-c4d6bb68a8c6,2025-07-21T10:16,5,129.00,Card,Pending
1ad3142e-2a62-41bc-bb25-98a70c350b59,fe624323-ba72-456d-9842-ed9e0edc75df,2024-10-28T10:16,6,80.88,Card,Cancelled
7f5474d8-348e-4042-a8b0-e0c2dcb3a429,ceafdb2a-788d-48e0-acdd-bd533a2e7ab6,2024-03-10T10:16,3,76.65,Cash,Cancelled
7d44a708-95ea-4928-b48b-a1e0be7c7277,3e97fc93-73a7-45e0-9888-f7a03ee258a7,2024-01-19T10:16,2,38.68,Cash,Cancelled
66e3b283-9882-49bf-a6da-4b44b6b2317e,964d337f-acd5-4ca2-8843-9be3f2eb60fc,2025-09-11T10:16,5,82.90,Online,Completed
2bd5ed90-a53b-41dd-b49c-568ab0b69080,205ea7f7-e714-45b8-a083-11247ff702a1,2025-04-23T10:16,1,17.71,Card,Pending
281a976b-6471-47a1-831b-d523765a2f1b,14eace30-1ac2-411e-8eef-98e8f32a87fb,2024-04-08T10:16,8,66.08,Card,Completed
411056e6-8e49-44e9-b623-c17201c3a248,05ccd8a5-ea5f-4353-bd1e-3022152b0685,2024-09-28T10:16,4,36.84,Card,Completed
5e9d9d23-13ef-4685-8caf-e2e8ba402c97,62a2bfef-ca4a-4dec-90ea-bf15ea1880d2,2024-04-01T10:16,4,75.20,Online,Completed
4531955a-26b8-43c9-b53f-eca883bcb288,3910ab11-8758-4a4f-8a9b-c4f5df7413c4,2024-12-24T10:16,6,88.80,Card,Pending
5ad49faa-d136-4b45-a0c5-3d56558b0a14,7d2df59f-386d-4aec-85a8-2443262a0cb4,2025-06-18T10:16,5,143.65,Card,Pending
775a5de3-0b4c-43f2-bede-1429e3ed399e,428424b7-1f94-496a-8b7a-497ce177d32c,2025-04-26T10:16,4,103.44,Cash,Pending
cfc7dc83-1892-47aa-8aa7-bfce9ddf2039,4bb2d776-14c0-4ef6-b8ba-c580cbed72b8,2025-01-22T10:16,4,50.32,Cash,Cancelled
e34461fa-776f-4596-8664-6936eeafdc42,62a2bfef-ca4a-4dec-90ea-bf15ea1880d2,2025-06-14T10:16,8,43.52,Cash,Cancelled
82a45fa9-8c07-44a9-9793-6e9e85545b77,5f0f3def-9ff6-4282-ad04-001c4a769966,2025-04-09T10:16,9,148.41,Card,Pending
76f75589-1c97-4c68-a5ec-6c4d6ba03293,e886c155-0dae-4b36-88f5-a86fa474d1f6,2025-05-02T10:16,6,68.88,Card,Completed
91ad5ccb-aac9-4901-8374-0767c4c9f940,65b2c0ea-6192-47fc-9286-2c1dd3ecefb1,2025-10-08T10:16,9,138.06,Online,Cancelled
a1fe07b0-683c-46d6-a7b0-bc47b6a8da26,d87f31d7-79ef-4c17-856e-142e791b04da,2025-02-11T10:16,7,195.16,Card,Cancelled
23ac16df-3570-45e3-bd1f-c3f2d8cd067c,b047b369-02d0-4f25-9af0-f1e883228863,2023-11-19T10:16,1,11.54,Online,Completed
94349bd0-554f-40f4-abbb-1517665a7d12,e6cb1215-5314-4d05-bfd1-f6e5d36e89f7,2024-06-02T10:16,4,41.36,Cash,Cancelled
67323dfd-7ee5-48a5-b405-62e542ff47a2,fbe227d7-6d32-4407-9783-7fdac983e55f,2024-05-07T10:16,9,112.23,Online,Cancelled
5e807728-cf6d-407f-9fa6-f021eefbff7a,25659c0e-6eb5-4c57-add8-fb6ac5f42699,2024-08-14T10:16,1,22.85,Card,Completed
