order_id,restaurant_id,order_date,items_count,total_price_usd,payment_type,status
bc1ea391-0332-4199-beff-918da51120d0,726d71e2-70fd-4416-8568-78619c14a73a,2024-12-01T10:16,9,219.42,Cash,Completed
e41f5302-7224-4d5e-9241-23dca8107548,b95f7619-fab2-4df9-8683-1f2aeb93a660,2024-01-22T10:16,1,22.13,Card,Cancelled
681b7106-fa94-4b5a-82aa-373d5e38d24b,0fcf4084-ea31-49f8-99f9-9bf8c8b0c16b,2025-02-19T10:16,7,185.36,Card,Cancelled
bb962727-4902-48c7-a928-dafd81c0c7f3,b014b56e-3263-4b63-8430-46e00bc5ea77,2024-06-13T10:16,6,98.52,Online,Completed
1dc9a6da-c5a8-4c15-83e1-6bfbb74421d8,4e6807ca-aed8-4ec9-b1b0-0e3aba57efb1,2025-11-03T10:16,6,101.82,Card,Completed
d3a13b9a-c03a-4c71-9de7-11e76825ce0a,058b9c75-b72f-4594-80d2-e41194ff7672,2025-03-08T10:16,3,17.16,Card,Completed
b48fcf3f-c922-4474-9bde-30feacb91849,b90a3a7f-421e-47e5-8598-fe50f365a62e,2024-03-22T10:16,6,64.08,Cash,Cancelled
48532669-6da0-4bfb-87cc-acb893b79dc8,bc58b12c-65c4-4f21-89ef-3e492a22ef7c,2024-07-13T10:16,1,17.94,Cash,Completed
7ef12351-5e11-4f93-a0c4-3ca0ba9e88ad,1a31c678-d420-495a-aff3-0f1609514e1e,2025-08-10T10:16,1,23.20,Online,Completed
f518d61b-b93b-4163-b1cd-488ff0d699e4,bc58b12c-65c4-4f21-89ef-3e492a22ef7c,2024-03-21T10:16,3,65.70,Online,Pending
056b0886-49ee-4fbc-bce1-ee0d7c9d07dc,2a109685-1399-4149-8951-fba29bb0360d,2025-09-18T10:16,5,142.20,Cash,Pending
87865d45-3d9e-40da-88b6-2d0840375e50,8b115a34-224b-453c-be69-b53a7445b466,2025-10-28T10:16,2,38.78,Online,Cancelled
39b9d3d2-8118-4a35-9815-71e7e682a49d,a302a1a8-c429-406f-abff-9f273aa0a4b5,2024-05-05T10:16,5,51.50,Card,Pending
5f9d01e5-2b78-41d8-a9ec-733978c9090b,aff4340c-d102-49ba-af8e-84d2737ce82c,2025-08-05T10:16,5,86.45,Card,Cancelled
1cd3eb56-d5f4-435e-bec9-37e23ea7ea92,4717d2a3-4b2a-44f1-b960-a2b73e2d23fd,2024-04-17T10:16,5,92.65,Online,Cancelled
98654bf8-933d-4557-bdf8-3779a5772c68,8b546c63-5406-493d-bc69-cfb594b38267,2025-02-19T10:16,4,46.56,Card,Completed
8a955d0a-3120-430f-9fce-7e803e9f9c8e,d6d4ef4b-0870-48aa-b884-013237f255f4,2024-01-06T10:16,2,29.90,Card,Pending
d6738d76-4a97-406a-b342-a1b1f3e4c4db,aff4340c-d102-49ba-af8e-84d2737ce82c,2025-04-27T10:16,7,114.10,Online,Cancelled
e3fd0185-3ed6-4859-b04d-19766b5ae69a,e85d0261-2d97-4475-a749-363ec9040a74,2024-04-21T10:16,6,38.04,Cash,Pending
7a72489c-6f55-45d9-8ed5-e84068bbce75,0a15d43b-8f6b-444a-bef2-ffbddfdbd16f,2024-08-21T10:16,7,85.05,Card,Completed
7146a9c5-c9e4-4b28-a55e-5d774a091bac,ff4db0d8-e809-46e8-9ae0-78ffee4902d9,2024-09-16T10:16,2,13.18,Online,Completed
d2d4e1e7-a2e2-4a1c-bb09-c1deb6fd413d,7509850a-5062-4da9-aad6-bc5b9e363ef1,2024-05-07T10:16,8,122.08,Card,Pending
932eb27b-7e22-4a25-a71f-6404ec0dbe15,9305d562-2505-493d-8ed8-3fb721c8f491,2024-03-01T10:16,5,145.15,Online,Cancelled
93682c89-d96e-4e5b-8ed4-a67a22cc0540,bb9edfa8-17f7-4f6f-8e3b-616693a298b1,2025-05-29T10:16,8,123.04,Card,Completed
d5f586f3-80de-4bfd-818a-ff3bb7fc5a3c,63846b60-b7be-4087-ac6e-56c9bc130a20,2024-08-23T10:16,3,58.77,Card,Pending
bec0b6a0-df58-423b-9db0-0a13eb463fef,b014b56e-3263-4b63-8430-46e00bc5ea77,2024-01-25T10:16,8,124.40,Online,Cancelled
fbdc690c-69a2-4723-9ee1-5726d666bfe3,8b546c63-5406-493d-bc69-cfb594b38267,2024-08-08T10:16,9,55.62,Online,Completed
02258471-a175-49a0-a959-592fdc95911e,1eeb9c5f-5b7a-47af-b4f1-5a50d9d1089c,2025-02-11T10:16,1,22.87,Card,Pending
596852b6-ef24-476b-8bd0-98341b5ff8b7,f6c35464-33dd-44a7-bf84-071f2e427045,2025-07-04T10:16,4,104.68,Online,Completed
ae38aa20-bdbf-4f95-baf6-002f27b3e804,63846b60-b7be-4087-ac6e-56c9bc130a20,2023-11-28T10:16,1,26.36,Online,Cancelled
d16748f5-7923-4c8b-93f6-57b254d7209e,b6c26110-1b77-4777-8c79-c69ec19b66df,2024-04-11T10:16,3,25.98,Cash,Cancelled
c8f12d45-fd7f-4998-a1bc-e3680fdca0ae,885715b6-b1eb-44ca-8460-28c0343e56f3,2024-10-18T10:16,9,107.10,Card,Cancelled
939cca5e-b8ac-4562-9892-0074c0300c5f,9c53f3f8-5b22-4d77-bd76-cfa6c70e443c,2024-11-02T10:16,2,23.84,Cash,Cancelled
99e009e5-0178-46c8-a8cd-1447ccbd0baa,aac35608-9499-49c5-811a-a059e773c968,2024-10-19T10:16,6,159.90,Card,Completed
6201abb7-3fd8-492c-bf78-e5841dd67fe4,2ca088cd-c6c6-4e60-a1a4-d2990ee21b12,2025-04-20T10:16,6,55.62,Online,Pending
36f7ec27-d419-4431-b49c-8826de40cb37,365c90d0-a590-4209-9401-2ce55af5ed98,2025-05-02T10:16,1,29.73,Online,Cancelled
f831289d-8e2c-4806-b258-44a61cd3bf7b,4f6ae324-5b6d-47d6-a86d-26ec6fbe1e0e,2025-10-02T10:16,8,217.12,Online,Pending
7065b936-b9ef-410e-aa23-b7d92ddfa991,fe624323-ba72-456d-9842-ed9e0edc75df,2025-09-16T10:16,8,151.28,Online,Completed
8bbe94a2-0197-472a-93c9-21a384d9b5fc,4739f27f-7a96-4d52-83ae-0c6fd4c8c606,2025-01-30T10:16,2,25.38,Cash,Cancelled
2901dae4-a8ba-4913-befb-3ef377868d81,6e6d2c67-f7fb-4a98-8f9a-4822259b25c4,2024-09-28T10:16,7,60.97,Online,Cancelled
d674f0e2-8e67-4c9d-9052-2f7d51e92edf,2ca088cd-c6c6-4e60-a1a4-d2990ee21b12,2024-06-27T10:16,9,48.51,Online,Cancelled
4a428f5d-7271-495f-ad04-d4cead8ac71c,209e786b-2a61-4e52-a3b2-1cc98bcbf18c,2023-12-27T10:16,1,12.03,Cash,Cancelled
45fab351-6667-4cfe-85d6-1f4a0e14b1e2,3befa4dc-d961-4a3a-9410-d43d1bdaa335,2024-05-19T10:16,9,70.74,Card,Completed
221d7606-bbf2-45b6-a799-e4ca25421aaa,56a75a3e-a944-4147-8cba-f1024726993f,2025-01-12T10:16,7,165.90,Online,Completed
4b7b086a-7b5c-4dd5-af2e-1a86d11d95a4,964d337f-acd5-4ca2-8843-9be3f2eb60fc,2025-01-19T10:16,1,22.17,Cash,Pending
b9fb3bf1-e41b-486a-a878-24b27f50c8f3,4b14a58c-f1e4-40b6-888d-a88cd7055099,2024-07-01T10:16,1,11.40,Card,Cancelled
39c50f76-fa2a-4a8a-9412-64f0b5704acb,ebe19120-496a-47fa-87eb-2440212a3363,2025-06-12T10:16,3,28.38,Online,Pending
3161ab5f-eda1-42a3-840a-11d48e1be35b,0b2a0e9a-e050-4380-b607-57adcbbf59d4,2024-08-21T10:16,9,94.32,Online,Pending
a4941586-845f-40f8-bd4b-bc207331d7e8,0d463f72-c3a1-4a2b-8d0d-1721a0d1a06b,2024-09-19T10:16,5,97.25,Cash,Cancelled
bf9345d5-df1b-4700-9c7b-5c7afa1da43d,bf0de251-90d7-423c-8b31-48df1a89964f,2025-11-03T10:16,3,84.84,Card,Pending
b757cc1b-9c6e-482a-a30d-8df49f29b492,5400d214-6176-40bf-88d2-3f53ed38bf69,2025-07-16T10:16,9,82.62,Online,Completed
549ca3ba-f7a6-429c-af2c-438c9a2ccf8b,1233cc27-7567-48e0-8dd2-6b0019506c2f,2024-09-05T10:16,5,27.45,Online,Cancelled
bd3a3a4b-5c6e-427e-9b68-204b50371731,00d7ae70-0f46-4453-963c-4ab2a3d29314,2024-04-23T10:16,1,10.45,Card,Completed
79b9d060-4800-494a-a653-1d3c77930795,bb6ceda0-3f7a-4dfa-9862-41a88dd468b2,2024-03-24T10:16,5,81.10,Cash,Cancelled
67b9456e-a4ed-4c9a-857a-0c6487b949c9,05ccd8a5-ea5f-4353-bd1e-3022152b0685,2023-11-20T10:16,7,185.92,Online,Completed
8a0dafcc-1903-429a-bb60-bed238ede27f,46032f36-69bc-465a-9b33-a5d560bfd77a,2025-09-05T10:16,6,36.96,Cash,Completed
b70da451-94c8-4675-8b26-a7a248c8e3db,6c3bf618-a715-40f9-9faa-cfc5f5beef2f,2024-07-19T10:16,1,7.35,Card,Pending
278ac9e9-84bf-476e-8085-a3ac8ad9662a,4e6807ca-aed8-4ec9-b1b0-0e3aba57efb1,2025-03-30T10:16,9,100.26,Cash,Pending
d487c545-22ec-4b34-bcd0-37d7aed37bc8,058b9c75-b72f-4594-80d2-e41194ff7672,2025-02-09T10:16,6,83.64,Online,Cancelled
0fbd5eb6-e688-42a2-a459-a725b2cc9b86,e277d099-db2a-4aee-ab86-8b0e73a34383,2024-07-13T10:16,5,113.95,Online,Pending
4e027950-d2ae-48ee-b029-6099fd50b124,99c406e7-092b-4eeb-bc08-56fc041c253d,2024-02-08T10:16,9,55.17,Cash,Cancelled
d8cdfcd1-1502-46be-80d8-c3c74aa6b5fb,77ca464a-fe0d-4dcc-8f08-3eb2f7b64f76,2025-07-29T10:16,7,42.00,Cash,Completed
9b6f2b28-9b2c-4337-bccb-4bb0733b563a,52fbb114-83aa-432d-b2f1-f3e37a5c4754,2025-08-05T10:16,1,29.92,Card,Pending
b0b0093b-4ebf-4aa3-825f-fc961452cc21,0a5a9fc7-e126-48f0-99aa-dea85c606f66,2024-02-21T10:16,8,188.72,Cash,Pending
6e694230-0681-4cf6-96f1-e573612502f6,90f0db1e-2b19-43f7-ba17-233c7c214eca,2023-11-28T10:16,3,51.39,Card,Completed
b7c383ce-fc37-467b-9e1b-6da8f5b69345,6e6d2c67-f7fb-4a98-8f9a-4822259b25c4,2025-08-23T10:16,4,91.28,Online,Pending
754ad683-6347-46f7-b483-231a9078d392,a938df5f-7764-459c-8bfd-90409d16b3c6,2025-10-30T10:16,2,17.14,Card,Cancelled
0845f22b-5d64-487b-b66c-908e6691cc85,23650eb4-f98d-45a3-a90b-a378f03d469d,2025-01-19T10:16,1,12.14,Online,Completed
69c556bd-ab00-454f-ba84-96ad62741eae,89d26a00-0fde-4c03-8430-b06f6bc3f33a,2024-10-05T10:16,2,59.18,Card,Pending
f2ebd71c-c1bd-4e81-a574-4dab5465b131,e85d0261-2d97-4475-a749-363ec9040a74,2025-05-23T10:16,8,63.36,Online,Completed
04d9bd92-227f-4fcb-b94c-3b2904336fc5,0b2a0e9a-e050-4380-b607-57adcbbf59d4,2024-10-16T10:16,4,26.32,Card,Pending
6b8f8173-2809-44ed-854f-59c4c5a94c01,3e97fc93-73a7-45e0-9888-f7a03ee258a7,2024-04-09T10:16,7,147.42,Online,Cancelled
1131dbfd-fb37-4672-b0aa-30e9c56c45d9,cf65c4b6-4c1c-420b-95de-23e5b56ffad5,2024-07-07T10:16,8,107.28,Card,Completed
4876e507-2ecc-4901-86bc-b9e2e034e2f3,77ca464a-fe0d-4dcc-8f08-3eb2f7b64f76,2023-12-01T10:16,5,102.75,Card,Cancelled
a1e1639b-e855-4bdb-ab2a-288d25b77474,a938df5f-7764-459c-8bfd-90409d16b3c6,2024-05-18T10:16,7,124.88,Online,Pending
0093639e-8f9e-4f5d-a67d-ecf56cbf37c1,69446e90-4237-4410-ab55-e011eb04cce0,2024-02-05T10:16,8,136.32,Online,Completed
9072fb85-735f-436f-8bf7-0dc4d5fdfd19,3910ab11-8758-4a4f-8a9b-c4f5df7413c4,2024-12-24T10:16,8,72.24,Cash,Completed
c9f472cb-f957-4e32-ad75-7b2eee813341,ff4db0d8-e809-46e8-9ae0-78ffee4902d9,2024-07-15T10:16,7,37.17,Online,Pending
aaa13a05-6326-4ed6-afcc-17860972d3d4,23650eb4-f98d-45a3-a90b-a378f03d469d,2023-12-28T10:16,7,63.14,Cash,Pending
aca79b75-a19e-4b5e-8a9c-8d25145b84b5,b04ce307-2d1f-4214-b023-d8f4379041a1,2025-10-07T10:16,4,58.48,Cash,Completed
6150791b-e6cb-45e1-8c96-b229d68ffe51,b6c26110-1b77-4777-8c79-c69ec19b66df,2024-10-05T10:16,7,183.47,Card,Cancelled
20eb501c-afa6-4a77-925f-0818c655b253,401a6911-a31e-4892-adc1-56e3e1eb090a,2024-01-23T10:16,8,126.80,Online,Completed
758bfe84-89a0-4efd-9e39-c6057125bdb8,983d66ae-c8b0-46b8-8abc-26a1055cf729,2023-11-30T10:16,2,24.74,Card,Completed
663abf69-0b97-4917-8a19-64ca6043d0fd,8f7f530b-bb30-4a05-b437-744ed30af54f,2024-06-24T10:16,3,33.18,Online,Cancelled
7ae1e55d-ccff-4a20-95d3-c5ed84746f11,a190f67b-21df-46bc-8164-46bdfa00af85,2024-01-23T10:16,9,150.39,Card,Cancelled
c0208b77-0a99-4953-91a6-434ee79b1678,515fe1d2-d33a-4b9d-8c19-07e0cbe81a9a,2024-07-11T10:16,5,149.15,Online,Completed
3c66cea7-22f2-479d-9a8c-5f144ac76f05,0e0d5f13-edd5-4ab0-9ddd-3df111bedc5a,2025-10-28T10:16,4,32.64,Card,Cancelled
cbb6ef9a-cf84-41b1-8466-e467ae231cbb,ff4db0d8-e809-46e8-9ae0-78ffee4902d9,2024-06-27T10:16,2,10.86,Online,Pending
c1b55fa0-3d4f-4869-bb61-88a976c3c279,52f5634d-de98-4543-8a1e-cbf1e2d0242f,2024-01-13T10:16,9,132.39,Online,Cancelled
38be8865-44ec-4740-978c-cea5bffe9930,ceafdb2a-788d-48e0-acdd-bd533a2e7ab6,2024-03-07T10:16,3,69.24,Card,Completed
141f43d9-d3a6-47ee-a36a-119d718b0c5f,69446e90-4237-4410-ab55-e011eb04cce0,2025-04-28T10:16,2,55.56,Cash,Cancelled
90d6c284-405b-4111-bbdd-8da8e6c662fa,ba5d9947-b043-4aca-8ee0-6b77895cf8e8,2024-02-03T10:16,4,39.72,Cash,Completed
309544ee-98ca-4da4-be33-971cbc7a5d8d,4739f27f-7a96-4d52-83ae-0c6fd4c8c606,2024-10-14T10:16,7,87.29,Card,Pending
e576877d-7d97-4760-94a1-669db09a494d,cd50913f-8c99-4253-9134-0cf5fe5f300f,2024-07-29T10:16,5,60.15,Cash,Pending
acd03105-1926-4f75-b8fe-9080fbd6e886,b014b56e-3263-4b63-8430-46e00bc5ea77,2024-02-06T10:16,8,152.24,Online,Cancelled
ddd8fc24-e3ba-4143-a8a6-40544ac21ee3,8e1bbe6c-7b75-46dc-8ca1-0b1664cd6ae4,2024-08-13T10:16,4,94.60,Cash,Completed
581f0766-d650-4892-8311-5318ce802304,401a6911-a31e-4892-adc1-56e3e1eb090a,2024-11-19T10:16,2,29.52,Card,Cancelled
cca6c9de-284f-4dd5-a82b-7841d0a77b3d,26d032f1-9fe9-487a-987a-a8be14e1db05,2025-06-28T10:16,1,17.13,Online,Cancelled
196e3543-ed4b-4a25-b5a4-907a1c28c262,b014b56e-3263-4b63-8430-46e00bc5ea77,2024-04-24T10:16,1,29.66,Card,Pending
9a86a268-770b-48c2-bcfb-14bd845eadea,2c6dafc9-06cc-4b3d-8b8d-12aae0644c58,2024-03-10T10:16,8,98.08,Cash,Pending
b4842abe-67b7-41b5-a927-00f9039ece3d,92da274a-bea2-490a-bb52-196c46fa8487,2024-11-19T10:16,6,68.52,Card,Cancelled
7f37cd8c-02d5-479f-ba7d-af6544c6f572,3dcaabe3-78c9-4d88-bed5-56ca7ceea07c,2024-06-05T10:16,9,210.24,Card,Pending
aaea3a86-e0b5-44d6-b475-a665ac99a1df,ada8704c-2784-4d70-84da-10078407d2c8,2024-10-31T10:16,7,48.93,Cash,Cancelled
5e7e6843-3c6f-4475-ac72-8fd2074c3a46,52fbb114-83aa-432d-b2f1-f3e37a5c4754,2025-04-18T10:16,9,179.46,Online,Cancelled
ccaac8ac-0dcb-481d-ab96-9d8cb8ad607e,3befa4dc-d961-4a3a-9410-d43d1bdaa335,2024-08-30T10:16,7,194.60,Card,Cancelled
e4bb5f25-6aea-46e8-8f65-b85a3c1c02e1,485b65e7-fdf4-474d-afba-37986d8d3cd8,2024-08-31T10:16,8,80.80,Card,Cancelled
77e2fcd5-771a-453d-a53d-46da8097aacf,21edfc22-3f73-4335-a774-3cf78ab65e86,2025-01-10T10:16,4,101.96,Cash,Cancelled
c74478e1-2aaf-45b1-8e2f-0444523bd3af,21edfc22-3f73-4335-a774-3cf78ab65e86,2024-09-20T10:16,4,50.40,Online,Completed
80358bc6-9cff-410f-ba50-7ecdcb836eeb,0dd437d0-74fa-43c3-8909-5c955e4d47dd,2024-06-03T10:16,9,71.82,Card,Completed
93e0e54c-147e-410f-a0fd-d5febf77b57d,6bd388d4-5636-450b-bacd-55bdcb769bab,2024-06-03T10:16,7,91.70,Cash,Completed
002213d4-8f52-4908-a17b-bb494c07a96a,5f6e51da-5f01-4c9a-85dd-7d50ef37e5d7,2025-03-03T10:16,5,145.40,Card,Completed
77c2549a-6285-4aee-a67a-faa9fc37db6b,ada8704c-2784-4d70-84da-10078407d2c8,2025-01-14T10:16,6,64.08,Card,Completed
44d9f4ca-2644-4da2-b5a9-9b606ee14be3,3dcaabe3-78c9-4d88-bed5-56ca7ceea07c,2025-11-07T10:16,1,7.07,Online,Completed
047437b4-3bcc-418c-873a-144a80c31a97,b90a3a7f-421e-47e5-8598-fe50f365a62e,2024-05-08T10:16,6,86.04,Card,Pending
d6d57d84-f369-457a-8334-723027aaa26c,52f5634d-de98-4543-8a1e-cbf1e2d0242f,2024-07-09T10:16,3,20.19,Card,Completed
52cd8c5b-adde-4eb4-b642-93ce590ae4d4,bb9edfa8-17f7-4f6f-8e3b-616693a298b1,2023-12-13T10:16,4,36.36,Online,Completed
a38c4b5f-849e-4942-86ff-2461d5bdccd5,983d66ae-c8b0-46b8-8abc-26a1055cf729,2024-01-23T10:16,3,75.09,Cash,Cancelled
d77662e6-70d7-482e-8668-3bf75ed329a0,21edfc22-3f73-4335-a774-3cf78ab65e86,2024-04-20T10:16,4,78.68,Online,Pending
e6c9bff6-26ec-4fa9-b268-7865dbc0b8d0,c63bd277-c81c-40c5-8720-6ce916d653c4,2025-02-05T10:16,5,67.00,Online,Cancelled
21ec70a0-f9d9-452b-b7e8-441cdfa569ec,e119f98a-df63-41dc-8e01-bb49ca2dc724,2025-03-14T10:16,6,128.88,Cash,Pending
15db5a6c-f337-4f00-a255-4d13d2194c1b,d5eaf6a7-76cc-48ec-98d9-ba713e2df70f,2024-06-14T10:16,9,250.02,Online,Pending
91318f8f-490b-4437-9356-2245b53dcaeb,3ab3404a-ee80-4ed2-8d90-a6f0dad14e48,2025-03-27T10:16,1,9.82,Card,Pending
8e0af77a-183b-4985-9fc0-3ef2c649ecb3,c5817fdc-a4dc-4879-b957-30cfda62016b,2024-03-18T10:16,8,208.00,Cash,Cancelled
de0cd46f-b292-49da-83b1-06cb1210e1eb,10b26c2d-7d56-4175-84a8-a2775e128a9d,2025-09-28T10:16,3,17.10,Online,Pending
cb5365f9-3aca-42ca-bf59-a52a713fa9af,7d2df59f-386d-4aec-85a8-2443262a0cb4,2025-10-05T10:16,2,28.44,Online,Cancelled
a1597d85-3740-4e37-8648-d4ee76ee6375,f6c35464-33dd-44a7-bf84-071f2e427045,2024-07-30T10:16,2,34.66,Online,Cancelled
ab0f8dd1-a658-48f1-91cd-7420d3a20276,62a2bfef-ca4a-4dec-90ea-bf15ea1880d2,2025-09-26T10:16,3,17.97,Online,Completed
6aeb86b0-1b60-48f5-8d61-e795fc6e0aeb,209e786b-2a61-4e52-a3b2-1cc98bcbf18c,2025-07-10T10:16,9,196.83,Card,Cancelled
89c9af18-0183-43d3-844c-18799ccfb17b,6117b6f0-c4f4-4bf1-9eeb-f33950decba8,2024-10-02T10:16,8,148.56,Cash,Completed
23486dd9-d525-4587-860e-10b6bd343f15,f6c35464-33dd-44a7-bf84-071f2e427045,2025-08-01T10:16,1,27.33,Cash,Pending
aab58135-1189-47cb-8914-0727e193857a,b6c26110-1b77-4777-8c79-c69ec19b66df,2024-11-14T10:16,9,234.45,Online,Cancelled
1d40936b-ad39-4990-ac20-0a588586b306,92da274a-bea2-490a-bb52-196c46fa8487,2025-04-06T10:16,6,67.62,Cash,Completed
f2d50fbd-5154-4ac1-b952-c31b748a4605,1a31c678-d420-495a-aff3-0f1609514e1e,2025-04-22T10:16,7,87.57,Card,Completed
569be7c0-ac83-4496-ab35-7e819f5b1f16,0a570207-0f70-467f-bbeb-44a0a60a9a25,2024-09-28T10:16,9,190.17,Cash,Completed
abfe86dc-dbbf-4ca7-909e-a9e16d795646,ceafdb2a-788d-48e0-acdd-bd533a2e7ab6,2025-10-06T10:16,3,53.46,Card,Cancelled
6362fdf5-d737-47ed-a051-74d5b84a0553,fbe227d7-6d32-4407-9783-7fdac983e55f,2025-02-12T10:16,5,28.60,Cash,Cancelled
9f1c3697-5a95-4983-8a4d-a159e05861f2,fe624323-ba72-456d-9842-ed9e0edc75df,2025-04-08T10:16,4,117.60,Online,Cancelled
4ad70044-0d49-4bdc-9b15-bbd75e0b195f,6e6d2c67-f7fb-4a98-8f9a-4822259b25c4,2024-09-02T10:16,7,145.25,Online,Completed
ca8ec0d0-ec1b-4209-858f-929e8d5c42c2,26d032f1-9fe9-487a-987a-a8be14e1db05,2025-05-20T10:16,9,121.86,Online,Pending
2271d054-c844-41e0-a854-d92893b77f37,6945f6f4-b8f9-4d04-90ff-e59ed705578e,2025-01-19T10:16,5,66.65,Online,Completed
649f0a29-867d-4217-800d-0afe7c506b71,6aaabc79-3d35-410f-bb96-f86a3930d0ff,2025-08-25T10:16,8,74.88,Online,Cancelled
c8247532-5e95-48e0-98f6-41788ae26795,428424b7-1f94-496a-8b7a-497ce177d32c,2024-01-29T10:16,7,108.64,Online,Completed
c03c0734-fdce-4a4d-96d0-15e2cc440aa6,365c90d0-a590-4209-9401-2ce55af5ed98,2025-06-16T10:16,9,92.70,Cash,Pending
587fd68d-dc07-4cc7-af69-738c98c618ae,6e551d53-4f6d-4b84-a9de-3d7c79694805,2023-12-01T10:16,5,96.45,Online,Pending
dbdce594-09a5-42dd-a330-36e036faad60,1eeb9c5f-5b7a-47af-b4f1-5a50d9d1089c,2025-08-02T10:16,8,151.20,Online,Completed
9f3029a6-2db0-46d3-8030-02e15e91d6d5,5d6f84a5-a4de-442e-99b9-b8ef714b4436,2024-01-04T10:16,6,35.64,Card,Completed
7bbf662c-6693-458c-9718-62dbec86fb37,8f7f530b-bb30-4a05-b437-744ed30af54f,2024-12-30T10:16,9,109.26,Card,Cancelled
a8f957af-f081-45c4-8dc4-e2a2c6bdac45,9305d562-2505-493d-8ed8-3fb721c8f491,2024-08-04T10:16,5,27.85,Cash,Cancelled
df63b456-e09f-4859-a920-871045ed2ebe,bf0de251-90d7-423c-8b31-48df1a89964f,2024-10-15T10:16,1,25.03,Online,Pending
003c2fad-8c2b-4731-a2c6-173075424c8e,d7af10ce-45c9-4fc8-8dd8-b1c5491aad5f,2025-04-03T10:16,7,137.55,Online,Pending
6ef87cae-2470-495c-820a-b5cee75e867c,1d32c3b3-c732-4995-aa6b-ff159deb3bdf,2024-05-29T10:16,5,80.35,Card,Pending
4f95459d-2444-4958-8688-c7a9dcf7223e,0a15d43b-8f6b-444a-bef2-ffbddfdbd16f,2024-05-25T10:16,1,23.23,Card,Pending
514f3fc8-f770-49b4-981f-3eaf0ec5697d,06e585f0-5b60-4900-81d1-3379328e6c17,2025-01-21T10:16,4,37.36,Online,Pending
559ae9b7-4aaa-4eb8-9be9-bbb21be4cc86,4b14a58c-f1e4-40b6-888d-a88cd7055099,2024-03-23T10:16,5,81.70,Online,Completed
19a5b9d7-3ea4-4d77-b6d7-f74a1b53ff10,63846b60-b7be-4087-ac6e-56c9bc130a20,2025-08-01T10:16,4,41.76,Card,Completed
92944377-5f4b-428a-be79-03bfb307b183,d5cfb1a3-ce2f-4aff-ab4c-50e0c5426af1,2024-04-16T10:16,8,176.00,Card,Completed
4fbb04ce-10b4-4811-929c-ae7cf507271b,5f6e51da-5f01-4c9a-85dd-7d50ef37e5d7,2025-02-26T10:16,2,34.70,Card,Completed
7696ef3e-9fdb-48e0-8a00-b69f32a15c95,0d463f72-c3a1-4a2b-8d0d-1721a0d1a06b,2024-02-03T10:16,4,24.36,Card,Completed
d5dc1260-6aa8-4b7f-889f-230e94757814,90f0db1e-2b19-43f7-ba17-233c7c214eca,2024-07-28T10:16,8,216.00,Cash,Pending
bca20324-4200-4b61-add1-7be106695776,74e76582-f1b8-4560-b049-8aebb59d4721,2025-07-06T10:16,1,21.01,Card,Completed
a49cdd19-c822-49f4-a832-50620e2987d6,8b115a34-224b-453c-be69-b53a7445b466,2025-05-16T10:16,2,14.20,Card,Completed
61f42e33-7b26-462c-b8c7-1e32f97fb199,4739f27f-7a96-4d52-83ae-0c6fd4c8c606,2025-07-29T10:16,8,127.68,Card,Pending
376c4890-c758-4f34-9f1d-797cbfd52aec,ceafdb2a-788d-48e0-acdd-bd533a2e7ab6,2023-11-19T10:16,6,99.06,Cash,Pending
c79a3de4-4134-4693-a86d-7bcf35fb5b46,f067e21d-d1d4-4e87-9cae-9753f5f9ccb6,2024-06-25T10:16,7,35.98,Cash,Pending
5c451ead-4f8c-49d0-972e-60a972482070,bf0de251-90d7-423c-8b31-48df1a89964f,2024-03-18T10:16,6,133.62,Card,Cancelled
7d44a7ae-d97c-463f-b694-8fc3183b402b,bb6ceda0-3f7a-4dfa-9862-41a88dd468b2,2025-01-24T10:16,3,69.36,Card,Cancelled
c370cdb0-37cb-448e-b094-d0a4e0711f35,6945f6f4-b8f9-4d04-90ff-e59ed705578e,2024-03-01T10:16,8,155.20,Cash,Cancelled
a76acb5e-ba53-48fe-b2c9-2720bc76d4de,5400d214-6176-40bf-88d2-3f53ed38bf69,2024-05-16T10:16,7,134.68,Online,Completed
72fed673-dcf1-4a5c-91a7-6e78d98005e3,fdb5454e-2230-489e-ade4-9218ff28cbd8,2024-11-10T10:16,4,77.24,Card,Completed
ae1ab683-4cb5-41a2-af25-cb9d029df735,39cb44e2-a541-4b98-bc0b-db5f31cf8710,2025-09-13T10:16,3,55.77,Cash,Pending
34175a92-fbf6-4f22-91fc-f5e95e6f820f,e12c3d24-86c8-474f-b86b-370df36adbfe,2025-09-25T10:16,6,98.58,Cash,Pending
3c3c8492-54e3-4601-bab8-63cd29b5153f,6c3bf618-a715-40f9-9faa-cfc5f5beef2f,2025-02-18T10:16,2,16.64,Card,Cancelled
05e66d4f-5ba0-497a-8084-b75c36e74002,6945f6f4-b8f9-4d04-90ff-e59ed705578e,2023-12-21T10:16,2,35.36,Card,Pending
91348382-85ca-4ad3-8ea8-7e5cb8efca99,cd50913f-8c99-4253-9134-0cf5fe5f300f,2024-07-02T10:16,8,82.56,Cash,Completed
7956bc77-8495-417b-ac7e-afd5df86c0ae,ada8704c-2784-4d70-84da-10078407d2c8,2025-07-26T10:16,5,132.35,Card,Cancelled
13feb35d-0019-421f-beb0-893ce51b0fa9,1233cc27-7567-48e0-8dd2-6b0019506c2f,2025-07-18T10:16,6,176.94,Card,Completed
d2d86473-435d-4369-ae36-24ee21a18db2,26d032f1-9fe9-487a-987a-a8be14e1db05,2024-03-23T10:16,8,111.60,Online,Cancelled
5f902cd9-078b-49b7-9ab5-bb3aa071ca36,1233cc27-7567-48e0-8dd2-6b0019506c2f,2024-07-21T10:16,5,69.00,Online,Pending
c2f7c928-7aee-433e-bd7a-df7782f950b7,a302a1a8-c429-406f-abff-9f273aa0a4b5,2024-09-13T10:16,5,50.20,Card,Completed
3081555e-32ba-4d51-9ec5-bf3e47f21694,3e97fc93-73a7-45e0-9888-f7a03ee258a7,2025-09-15T10:16,7,206.57,Card,Pending
954375d6-b238-4e7d-b4cb-717168695110,935ebde1-5945-4673-886e-1a7a12cc2d4e,2025-09-18T10:16,8,40.24,Card,Pending
e92e0b8e-2a7f-447e-88be-1ad5d8c7f521,964d337f-acd5-4ca2-8843-9be3f2eb60fc,2025-06-21T10:16,6,101.64,Online,Pending
cedc6b31-6abb-42fa-be0d-861398f57647,824998a2-7592-4051-ab0b-d5e12743c93b,2025-06-25T10:16,9,94.86,Online,Pending
eaa3b0d7-4c97-449e-9e78-7c149aa4bdec,23650eb4-f98d-45a3-a90b-a378f03d469d,2024-02-25T10:16,7,196.28,Card,Completed
e6994f25-cc74-4456-a205-915951c8fc4e,8b115a34-224b-453c-be69-b53a7445b466,2025-08-05T10:16,6,123.42,Online,Pending
90152621-2490-4892-b473-8f8a996ce6cc,3910ab11-8758-4a4f-8a9b-c4f5df7413c4,2025-01-12T10:16,2,38.64,Cash,Cancelled
1585db3a-7bc7-45b3-bd1b-54b875b9863c,0a570207-0f70-467f-bbeb-44a0a60a9a25,2024-04-09T10:16,8,102.00,Card,Cancelled
4e51d9db-2fc2-42c1-a71c-8a0ab3bd7599,ebe19120-496a-47fa-87eb-2440212a3363,2024-03-17T10:16,6,125.34,Online,Cancelled
1b167cf1-0f35-49e6-a80e-a0e192a9c5c9,14eace30-1ac2-411e-8eef-98e8f32a87fb,2024-09-27T10:16,2,59.86,Online,Completed
16091c83-d482-466d-a7a1-cfb8e0fbeb68,6aaabc79-3d35-410f-bb96-f86a3930d0ff,2025-04-21T10:16,3,22.14,Online,Completed
ad0ce3cb-0bf4-4031-b5cc-811c0e17532c,25659c0e-6eb5-4c57-add8-fb6ac5f42699,2025-06-26T10:16,1,7.53,Cash,Completed
3684ac11-3c73-42ae-b325-8c7f85c4cae4,ecf1ffb0-ac00-4968-87ea-8beef4ace55a,2025-08-18T10:16,5,37.75,Card,Completed
4b4a4072-c5c3-49c9-b5c4-bdfdd27aedf3,6945f6f4-b8f9-4d04-90ff-e59ed705578e,2024-08-03T10:16,8,223.68,Card,Pending
0f1f9e9a-82c9-4d11-8840-c55d29b4e4d4,6e6d2c67-f7fb-4a98-8f9a-4822259b25c4,2024-04-18T10:16,6,101.46,Online,Cancelled
822b74b0-885f-4bac-bc74-7455e18b4813,0a5bd884-b432-4ce5-b14e-44b4aedd4c0f,2024-04-22T10:16,6,104.82,Cash,Cancelled
54fc12fe-a833-4138-af85-6f61245411ff,0130fcd4-a6cf-4a72-8400-7bcae1abce34,2024-03-25T10:16,7,95.41,Card,Cancelled
887d0d30-29f3-417c-983f-4e0edba7a8df,80537cf2-360f-4740-8b7e-d4cd56e22987,2024-07-05T10:16,7,68.18,Cash,Completed
49f5bb88-96ff-4e06-82a3-224b78d6b1c4,aff4340c-d102-49ba-af8e-84d2737ce82c,2025-06-19T10:16,1,19.37,Online,Pending
7ae972d5-14ac-4ed4-9cbd-a29dad205c90,b03f75c1-655f-4480-a2bf-1a0af806e96e,2025-03-16T10:16,5,66.35,Card,Cancelled
3a8fa231-5e3f-4fed-920f-ce6f2f027b80,e85d0261-2d97-4475-a749-363ec9040a74,2024-09-20T10:16,8,75.68,Card,Cancelled
22d645c1-0960-493b-bf53-89cce844b70a,428424b7-1f94-496a-8b7a-497ce177d32c,2025-08-30T10:16,3,80.82,Cash,Cancelled
f45547e8-4d64-4d94-8199-fd2b8c25323a,52f5634d-de98-4543-8a1e-cbf1e2d0242f,2025-06-25T10:16,6,55.32,Online,Cancelled
4e47d6f1-69c7-4be3-ab4a-5813f39f8e78,77ca464a-fe0d-4dcc-8f08-3eb2f7b64f76,2024-07-31T10:16,6,36.66,Online,Pending
2f611b1c-5530-4f31-a306-7c3ab903d67b,d5cfb1a3-ce2f-4aff-ab4c-50e0c5426af1,2024-01-15T10:16,2,35.36,Cash,Completed
08d5dab4-1156-41d2-9f9d-e0b8b87fd48d,7a18d550-38d0-40b2-84a7-547162e7e409,2024-10-21T10:16,7,36.96,Online,Cancelled
4854f5df-afab-49f2-b57f-3667d26668ad,9b9edd1e-b4f7-414c-b8b5-a3dc51fa0a8c,2024-03-10T10:16,7,182.42,Cash,Pending
297535a6-d6b3-4a9c-9dd3-c83a0588b8ad,941529ef-2114-4bff-907a-4596ff4593a1,2025-06-12T10:16,5,28.60,Cash,Completed
1dd07d8d-4627-463c-91ff-2f3f0b821f0f,0a570207-0f70-467f-bbeb-44a0a60a9a25,2025-01-30T10:16,6,105.42,Cash,Completed
d37710b0-14d0-4576-bef5-b1e8b13c8636,b6c26110-1b77-4777-8c79-c69ec19b66df,2025-02-17T10:16,8,180.48,Online,Completed
738168da-7dd0-4d5b-be44-f5773c30c3ac,a3f626b9-cc27-4c04-8570-be79ab8bda4a,2024-10-09T10:16,4,32.04,Cash,Completed
524a43f2-8bb2-492d-b824-1fd09f63e1ca,ba5d9947-b043-4aca-8ee0-6b77895cf8e8,2024-07-02T10:16,5,50.25,Card,Cancelled
60839cf3-f412-4984-b36a-75b51bb6a8a9,7c991f43-c18b-4404-8826-97691b0dc00c,2023-12-22T10:16,3,76.50,Online,Pending
c84afb1f-c29e-4c9e-a427-69a673c57f31,4bb2d776-14c0-4ef6-b8ba-c580cbed72b8,2024-10-07T10:16,2,25.72,Card,Pending
eff2d5c2-2b3b-458d-b6a8-a3803b433db7,964d337f-acd5-4ca2-8843-9be3f2eb60fc,2024-05-13T10:16,7,141.82,Card,Cancelled
ce674e22-611f-4cd3-8df2-46b5ce4f4c1f,8e1bbe6c-7b75-46dc-8ca1-0b1664cd6ae4,2025-05-11T10:16,8,193.92,Card,Completed
d18b6bbb-1fa3-43ca-96bc-19db81ed97d4,d6d4ef4b-0870-48aa-b884-013237f255f4,2025-05-23T10:16,7,147.56,Card,Pending
a645829f-c1b5-4294-90d1-838365927d48,b03f75c1-655f-4480-a2bf-1a0af806e96e,2025-08-01T10:16,1,24.65,Cash,Cancelled
d59ccb27-3b30-43b7-8c7e-8fad7ed4dbea,d3f641e5-b8b5-4f5f-9155-7768df2033e8,2025-10-06T10:16,4,23.72,Card,Completed
190d7039-1815-4fca-a950-3c16b61e231f,8f7f530b-bb30-4a05-b437-744ed30af54f,2025-07-02T10:16,4,76.52,Cash,Pending
5556f9ce-9ff3-422a-b606-661f5ad4bc55,92da274a-bea2-490a-bb52-196c46fa8487,2024-10-19T10:16,3,49.89,Cash,Pending
882ad9cc-6189-498d-b7b1-efc4188d091b,ecf1ffb0-ac00-4968-87ea-8beef4ace55a,2024-07-25T10:16,7,95.55,Cash,Pending
e07fcbb4-aa3e-45f7-94cb-6115adca3e2c,8b115a34-224b-453c-be69-b53a7445b466,2024-01-10T10:16,4,43.48,Online,Completed
ec43f361-cae4-4c83-9e78-ed32da6f3b48,aac35608-9499-49c5-811a-a059e773c968,2023-12-20T10:16,9,54.72,Card,Completed
0b667dd9-5c34-4d67-8590-0eb39050c537,365c90d0-a590-4209-9401-2ce55af5ed98,2024-05-27T10:16,4,82.00,Cash,Pending
6a76883e-2258-47ce-84e1-f4a5f4941601,7a18d550-38d0-40b2-84a7-547162e7e409,2025-03-05T10:16,2,36.70,Card,Completed
3df99e33-9675-4529-a5c8-299f85caa3d9,8887df7e-682b-4d48-b18c-c1ddfa0aaa26,2024-10-25T10:16,2,35.30,Online,Pending
c3e5db10-9bcb-457c-988f-3917043ef7e2,e12c3d24-86c8-474f-b86b-370df36adbfe,2024-01-31T10:16,2,56.44,Online,Completed
d5f5e0e7-8518-4f91-92e2-461a21dd8be7,885715b6-b1eb-44ca-8460-28c0343e56f3,2025-10-18T10:16,3,84.99,Card,Pending
d9e36966-1003-4a3b-9e12-3370e62ae190,6e551d53-4f6d-4b84-a9de-3d7c79694805,2025-01-31T10:16,4,97.76,Card,Pending
b01354d3-f87a-4930-a6c6-b66ec1c7e24b,bc58b12c-65c4-4f21-89ef-3e492a22ef7c,2025-05-20T10:16,5,121.50,Online,Completed
8890506f-e4d4-40aa-80f9-70b6fcdcb2f8,9fa382f0-8393-48db-ad30-43c953282401,2023-12-08T10:16,6,71.52,Cash,Cancelled
26a2e4a3-a3a8-4e63-853d-bc7511e86db1,05ccd8a5-ea5f-4353-bd1e-3022152b0685,2023-11-19T10:16,7,183.26,Online,Cancelled
c42b9ee8-e966-4bca-9bba-afeac29edb4c,caca465c-e9f2-4add-91b5-24c70595e321,2025-06-12T10:16,4,73.56,Card,Cancelled
89556207-9dfa-418a-baba-cc4b820f8228,56a75a3e-a944-4147-8cba-f1024726993f,2025-09-09T10:16,9,258.84,Card,Cancelled
4cc70a0d-7bcc-4644-ae2e-df5f897cdb4c,bfa3444b-2be9-46be-b944-720d86a59770,2024-03-09T10:16,5,75.55,Cash,Cancelled
18ecaed3-05ae-4986-a411-73697376bfc5,ba5d9947-b043-4aca-8ee0-6b77895cf8e8,2024-07-15T10:16,1,23.55,Cash,Pending
b2e63e8f-8bc6-4ad7-abae-746ce5d70ae7,b047b369-02d0-4f25-9af0-f1e883228863,2025-07-20T10:16,6,127.14,Online,Completed
d3ec95cf-e3e9-4152-9c83-e51c4bc9df00,7a18d550-38d0-40b2-84a7-547162e7e409,2025-04-19T10:16,8,93.28,Card,Cancelled
061943ac-10a7-478a-9878-6b3cfca8a4ac,1407e9cf-22c9-4137-a2fe-cc12dc038235,2025-03-14T10:16,3,18.51,Online,Completed
02a10d46-f9c4-44a5-b2ab-89f268ce58e2,68169a66-a8d4-4763-914e-7befc826445b,2024-01-02T10:16,6,77.34,Card,Cancelled
b29ea569-3625-4f6b-8dfd-cc76c0fe46d6,6c6a3b10-9747-4dca-a041-4edc22d147b0,2024-07-01T10:16,3,62.22,Online,Pending
2c9c164d-cf66-4c77-9044-97722c2ebc7d,e85d0261-2d97-4475-a749-363ec9040a74,2024-11-26T10:16,3,32.40,Card,Pending
318d0c10-5c12-4dd6-8f02-eccba7a819c8,8887df7e-682b-4d48-b18c-c1ddfa0aaa26,2024-05-01T10:16,9,118.44,Cash,Cancelled
34965b9b-f4ec-4086-ac9f-b3afeb4d8d54,058b9c75-b72f-4594-80d2-e41194ff7672,2024-04-05T10:16,3,87.57,Online,Completed
dd44bf3a-4a41-4560-bc28-eeaea284fa37,d5cfb1a3-ce2f-4aff-ab4c-50e0c5426af1,2025-08-07T10:16,8,49.36,Online,Cancelled
89250d59-72d2-466c-9172-d9dfc8f5c1c4,06e585f0-5b60-4900-81d1-3379328e6c17,2025-02-13T10:16,7,181.30,Card,Completed
96854cdb-0764-44f7-8ec1-019e43ee4e45,6aaabc79-3d35-410f-bb96-f86a3930d0ff,2025-06-06T10:16,7,133.42,Cash,Cancelled
8c29bdb8-f7fd-4c23-8b6e-c99e6be788c3,49af098b-bf79-4643-8e49-739ea932d38b,2024-09-13T10:16,3,55.08,Card,Pending
dfb54dfb-87cb-41f6-afd6-cf6d912b559a,5f6e51da-5f01-4c9a-85dd-7d50ef37e5d7,2025-10-16T10:16,4,37.92,Online,Cancelled
f56056c6-e98d-4670-bed2-709358542f70,caca465c-e9f2-4add-91b5-24c70595e321,2024-07-06T10:16,1,23.85,Online,Completed
c9f715ec-d9d5-4bea-96fc-7092ef77851b,caca465c-e9f2-4add-91b5-24c70595e321,2024-05-10T10:16,1,26.04,Online,Cancelled
ea47636b-24c8-4f47-8af9-1f604e4a55ce,058b9c75-b72f-4594-80d2-e41194ff7672,2025-01-31T10:16,6,44.40,Card,Pending
29c71e3e-a275-411e-904d-722d7b8f99f4,b0d737cd-ec4b-4a88-aa81-d012ef3fb719,2024-09-27T10:16,5,46.60,Online,Completed
16028bb3-a0fb-4c4f-a357-271cd1ce8161,058b9c75-b72f-4594-80d2-e41194ff7672,2024-01-26T10:16,9,245.07,Card,Cancelled
59421b33-dca5-477e-9510-e4168f1fc319,e7991221-0de0-4ef8-aa9c-ca3b59197059,2025-10-24T10:16,9,54.45,Cash,Completed
5d31ee88-7d54-4941-a41a-0b6000a1031e,0d463f72-c3a1-4a2b-8d0d-1721a0d1a06b,2025-05-06T10:16,7,77.56,Cash,Completed
a78cbd3b-59e6-43b4-9635-fc72992b4fb9,77ca464a-fe0d-4dcc-8f08-3eb2f7b64f76,2024-01-24T10:16,9,261.54,Card,Completed
4f8d30da-021b-457d-a164-cd10fd27df4f,7a18d550-38d0-40b2-84a7-547162e7e409,2025-09-23T10:16,3,28.05,Card,Completed
d45582ae-cb4c-4ff0-b20a-8dbf71c58084,1a48aa9a-def3-481d-922a-94300aa97309,2024-03-01T10:16,8,51.44,Online,Pending
2a72861c-60d1-43a0-88db-87f4ce58c196,3ab3404a-ee80-4ed2-8d90-a6f0dad14e48,2025-09-29T10:16,1,12.52,Card,Completed
39287eed-0915-470b-9271-ad7b3226e2bf,aac35608-9499-49c5-811a-a059e773c968,2024-11-29T10:16,7,39.41,Card,Cancelled
55365659-fd2b-4d50-8961-13dec9546394,0a0ac3e5-6e20-4fbc-87ec-5481c70e38bc,2025-08-27T10:16,1,24.38,Card,Pending
9b5738e5-0543-4ff4-a5df-0f52382575ba,795088d7-d227-422e-ad8c-f048bde0675e,2024-03-13T10:16,2,22.12,Card,Completed
14808911-5788-42f4-bba2-dd3980ee3d72,77ca464a-fe0d-4dcc-8f08-3eb2f7b64f76,2024-01-30T10:16,6,152.70,Online,Pending
bfd8412a-f350-4fb5-a353-e7813a6ea332,0fcf4084-ea31-49f8-99f9-9bf8c8b0c16b,2025-04-02T10:16,4,71.96,Card,Pending
9f54642d-9ead-4ce0-a667-be6e7c6b2a81,9305d562-2505-493d-8ed8-3fb721c8f491,2025-01-20T10:16,5,123.85,Cash,Cancelled
40adab27-cee1-4e63-a396-ff1e7aaec2a8,103fcba5-5588-45a5-9fe0-6ac948d3860e,2024-07-22T10:16,1,9.26,Cash,Cancelled
65c3fea2-232d-4c52-80e2-8228a9809917,46032f36-69bc-465a-9b33-a5d560bfd77a,2024-07-14T10:16,6,147.06,Online,Cancelled
c63150a4-477c-442e-b2b6-b7dbe9848ec6,6117b6f0-c4f4-4bf1-9eeb-f33950decba8,2023-12-11T10:16,1,17.56,Card,Completed
d314958b-03bb-48cb-979e-baf4fd3916a0,8b115a34-224b-453c-be69-b53a7445b466,2024-06-19T10:16,3,43.23,Online,Pending
d3e2955d-69fb-4b92-bc3e-21944e202d68,26d032f1-9fe9-487a-987a-a8be14e1db05,2025-02-19T10:16,4,33.72,Card,Completed
747d369f-46f0-4683-b2a0-8ef29ae0a75d,a5ffc907-be77-43e6-8694-4a0bf09bd3fb,2025-03-14T10:16,8,185.44,Card,Pending
24087914-326a-47a0-96e6-5c7f8a26cf58,74e76582-f1b8-4560-b049-8aebb59d4721,2025-03-29T10:16,5,100.45,Cash,Pending
f93d1735-5fa0-43bd-9ac4-fe6869e8793d,d87f31d7-79ef-4c17-856e-142e791b04da,2025-10-25T10:16,1,13.67,Cash,Cancelled
eaac65b6-18f6-4cbd-852b-610d949a7795,ecf1ffb0-ac00-4968-87ea-8beef4ace55a,2024-12-21T10:16,3,27.00,Online,Completed
98a68efb-4021-4f3f-b1cb-f8baa3afbecc,935ebde1-5945-4673-886e-1a7a12cc2d4e,2023-12-12T10:16,5,66.10,Card,Pending
cc495b6c-dc49-475e-968e-892613f01243,f067e21d-d1d4-4e87-9cae-9753f5f9ccb6,2024-03-11T10:16,6,179.22,Cash,Pending
16475514-9170-4d1c-8a02-816d6f0d22ce,8b546c63-5406-493d-bc69-cfb594b38267,2024-05-05T10:16,6,113.76,Card,Pending
57941f77-4729-41a3-858e-2fd3ac4f2b14,ebbc7df0-770d-44f8-b0ff-c62f9006e40e,2024-12-03T10:16,4,75.72,Cash,Pending
c6cf794e-00ff-4190-9e09-fe6a7806015f,92da274a-bea2-490a-bb52-196c46fa8487,2025-09-20T10:16,3,33.66,Online,Pending
daabc23f-4a41-4ebd-abd8-f33964eb4018,e85d0261-2d97-4475-a749-363ec9040a74,2024-12-05T10:16,7,120.75,Card,Completed
c76eef2a-1b6f-4d1c-aa9a-e08fd2d51177,80537cf2-360f-4740-8b7e-d4cd56e22987,2025-08-08T10:16,2,29.92,Cash,Pending
0bafe574-823b-426d-afbb-c7a2e1f83da0,ff4db0d8-e809-46e8-9ae0-78ffee4902d9,2024-01-01T10:16,7,100.03,Card,Pending
3f6eee73-6c6d-43af-a5d5-7264b87bfa1b,cf65c4b6-4c1c-420b-95de-23e5b56ffad5,2023-12-13T10:16,4,97.56,Cash,Pending
f26b02c3-813b-4019-9bc5-d827d2cdc8f2,71f17b36-2c37-4cfa-bf8a-894fa94c0e9b,2024-07-13T10:16,7,166.11,Card,Pending
223cc9a6-65ec-4d83-a13b-da8bb4405396,a938df5f-7764-459c-8bfd-90409d16b3c6,2024-11-02T10:16,3,16.89,Card,Cancelled
c847589c-594c-4759-8512-a6dd3b4fea10,401a6911-a31e-4892-adc1-56e3e1eb090a,2023-12-13T10:16,2,36.58,Online,Pending
3b444782-9b08-4af5-87be-d35b642ae70d,52c87fd9-fdf0-4256-b929-6153ad24a0ac,2024-01-17T10:16,2,11.06,Card,Completed
7f16e8d4-5b6d-4b53-84f5-de39a91d2a21,7169ef0c-f2c8-4ae3-83f6-87691664d2d2,2025-07-09T10:16,1,14.68,Card,Completed
0dc3b5c9-9ea8-49fc-9c7f-c53867c6fe9d,7d2df59f-386d-4aec-85a8-2443262a0cb4,2025-10-15T10:16,1,17.78,Online,Pending
f2d944f2-e8b2-4a5e-b9fd-1649c6e677d9,b3688304-b24b-416a-9bf4-c2b6aaeb59d3,2024-07-23T10:16,7,150.85,Card,Completed
942aa71d-3817-4dfa-8e44-bdea158c44e8,89d26a00-0fde-4c03-8430-b06f6bc3f33a,2024-06-18T10:16,9,134.91,Card,Pending
381f5845-eeba-42ea-97ce-52075882da50,05ccd8a5-ea5f-4353-bd1e-3022152b0685,2025-03-26T10:16,7,85.61,Cash,Cancelled
21d49931-5b91-406f-ab54-6d8d5ef408cb,a938df5f-7764-459c-8bfd-90409d16b3c6,2025-01-02T10:16,2,59.68,Card,Pending
f5fedd50-6862-4dcd-b1e5-cbc983926049,10b26c2d-7d56-4175-84a8-a2775e128a9d,2024-10-29T10:16,7,48.72,Card,Completed
fa1e300f-80fc-4a1a-a635-d732a73547fd,c3ffc43c-0c11-40fa-9824-f234161741d0,2025-06-08T10:16,9,224.37,Online,Pending
d26fa299-aa84-4780-8cee-a6fae8fd2f9a,fe624323-ba72-456d-9842-ed9e0edc75df,2024-09-05T10:16,1,5.17,Cash,Pending
768c1f69-94aa-4390-8311-576ff2f2e0a9,09ba4183-1b94-4f8c-bc5f-eca421a88524,2025-03-07T10:16,6,87.30,Cash,Pending
c3f09c92-0e77-479c-addf-a56585b1f925,68169a66-a8d4-4763-914e-7befc826445b,2025-02-02T10:16,1,22.58,Cash,Completed
358d0092-fe0c-42fe-8189-1105dc626bc4,00d7ae70-0f46-4453-963c-4ab2a3d29314,2023-12-26T10:16,7,182.91,Cash,Pending
f3543b9c-a8ea-428b-b886-bf22418f5d6e,500fde18-ea61-4380-9ea4-f06d09985870,2025-08-17T10:16,2,12.76,Card,Cancelled
df84958f-35cf-4b1c-b709-f336c5d1fb37,09ba4183-1b94-4f8c-bc5f-eca421a88524,2025-04-20T10:16,3,26.67,Cash,Pending
1ff52a1b-02d0-49f6-b2fa-31836cb99fcf,9c53f3f8-5b22-4d77-bd76-cfa6c70e443c,2024-01-13T10:16,9,112.86,Online,Cancelled
b871d3e0-b332-4ea9-aab0-152535df922a,e85d0261-2d97-4475-a749-363ec9040a74,2025-06-25T10:16,5,33.90,Card,Completed
071bef27-fe6d-4937-af1c-cbf431d2f069,0472ca7f-b133-4710-8f43-24a3c6c1afd1,2024-03-22T10:16,6,105.84,Cash,Completed
43beeed7-6fe1-4220-aa7c-ed1bac237308,935ebde1-5945-4673-886e-1a7a12cc2d4e,2024-02-11T10:16,4,74.88,Card,Completed
5f98ae98-b48c-4b09-a550-bbd997f39929,4739f27f-7a96-4d52-83ae-0c6fd4c8c606,2024-07-04T10:16,9,177.03,Cash,Cancelled
3d548879-3a1e-47b8-b704-2419fc699497,4717d2a3-4b2a-44f1-b960-a2b73e2d23fd,2025-10-10T10:16,7,112.42,Card,Cancelled
b9de2565-7616-4913-8c71-d4fe5ffd996c,1d32c3b3-c732-4995-aa6b-ff159deb3bdf,2025-04-20T10:16,4,32.36,Online,Completed
ffce1644-af46-4405-aafb-2e4a0bc75889,824998a2-7592-4051-ab0b-d5e12743c93b,2024-09-15T10:16,3,67.11,Card,Pending
b1d3c6fd-2edc-471b-8806-f245482629aa,5eb75bc0-d5fa-4209-9d42-7767f3f0585b,2025-06-18T10:16,4,104.72,Card,Completed
e27c77f8-3f95-430e-a814-c023c867e1a4,d5eaf6a7-76cc-48ec-98d9-ba713e2df70f,2025-01-31T10:16,5,148.20,Cash,Cancelled
bbe9ed3d-c69f-49e7-b356-72cee2e0a792,1a48aa9a-def3-481d-922a-94300aa97309,2025-04-28T10:16,2,36.26,Cash,Cancelled
886cd3de-64e9-49b9-a6ed-1c1fa85c65ec,b04ce307-2d1f-4214-b023-d8f4379041a1,2024-02-05T10:16,1,20.24,Online,Pending
9e8eae5c-7e26-4288-9f3c-b7a839512e8b,1233cc27-7567-48e0-8dd2-6b0019506c2f,2024-11-15T10:16,9,262.98,Card,Completed
f7fb45a8-bc6d-4303-9cfa-605bec124bed,d87f31d7-79ef-4c17-856e-142e791b04da,2024-06-12T10:16,4,42.48,Online,Cancelled
af16d53f-e80c-4d41-af77-1bdbb1217a70,fbe227d7-6d32-4407-9783-7fdac983e55f,2025-03-08T10:16,2,31.00,Cash,Cancelled
e11a9ef1-cf85-4f9b-82dd-ac94f0c47790,2ca088cd-c6c6-4e60-a1a4-d2990ee21b12,2025-04-25T10:16,7,145.88,Card,Pending
fc76038f-7bbb-4f95-9fc6-58fb936dfff2,caca465c-e9f2-4add-91b5-24c70595e321,2024-07-11T10:16,1,6.75,Cash,Completed
060b577f-3c43-4f00-baf3-0ef5f0e335f5,a302a1a8-c429-406f-abff-9f273aa0a4b5,2024-07-19T10:16,1,8.70,Card,Completed
d7c78f07-6d70-4154-afb3-065acbd9402d,8b546c63-5406-493d-bc69-cfb594b38267,2025-08-19T10:16,6,164.52,Card,Completed
1fc97876-03ae-4545-a372-41ff8a1c11b8,c1a09d60-c9e8-4489-a68e-e01b51541d33,2025-08-28T10:16,7,189.56,Cash,Completed
fdb5a40c-d241-4b99-990b-7e03a8d7273b,d33bbfcd-a2ca-4e80-8a1c-65223f061e7e,2025-07-15T10:16,1,23.48,Card,Pending
5f61505f-818e-4349-9aa5-35406f1eb7e3,4f6ae324-5b6d-47d6-a86d-26ec6fbe1e0e,2023-12-07T10:16,6,64.38,Cash,Completed
3e03d345-09c6-4fd4-ad91-7ae37ccdaa5a,8626238e-5813-415a-9a8c-db944b1e0269,2025-07-13T10:16,1,11.13,Card,Completed
1a8f1ed3-0cb1-4d24-9d2f-3a2e8ee8ef6d,1d32c3b3-c732-4995-aa6b-ff159deb3bdf,2025-07-21T10:16,8,143.20,Online,Cancelled
6d7dd1b3-ca7b-49da-9b62-325c7ea9ff9d,983d66ae-c8b0-46b8-8abc-26a1055cf729,2024-11-30T10:16,6,127.38,Online,Cancelled
bcc23e16-f1b9-4800-8237-fef37268fc90,d7af10ce-45c9-4fc8-8dd8-b1c5491aad5f,2024-03-28T10:16,8,176.00,Cash,Completed
b5ca326f-eefb-485e-aedb-532eab8d9e02,99c406e7-092b-4eeb-bc08-56fc041c253d,2024-10-15T10:16,2,48.92,Cash,Pending
d47cbcbd-23a6-465c-a87c-4ce60a347ebc,4e6807ca-aed8-4ec9-b1b0-0e3aba57efb1,2025-01-26T10:16,8,68.08,Online,Cancelled
41409762-9efe-41f6-9cfa-340d1581d64e,6c3bf618-a715-40f9-9faa-cfc5f5beef2f,2024-08-16T10:16,4,68.00,Cash,Cancelled
ab397831-2c17-453c-b9fd-c163286687ca,3befa4dc-d961-4a3a-9410-d43d1bdaa335,2025-07-08T10:16,2,59.98,Card,Completed
713044f1-8d16-4cc6-9202-42c9f9038330,90f0db1e-2b19-43f7-ba17-233c7c214eca,2024-11-10T10:16,3,26.49,Online,Cancelled
6dcb1cb9-f1e6-4fc9-b848-f9152458ed35,910b1d47-5c37-48b1-8bde-96c60660f1d7,2025-07-15T10:16,2,28.34,Card,Cancelled
a35fa22e-c059-484c-9fe4-92b1c87d9cfa,fdb5454e-2230-489e-ade4-9218ff28cbd8,2023-11-29T10:16,6,160.50,Card,Pending
95cfaafc-9534-424a-8363-a57369319c75,a302a1a8-c429-406f-abff-9f273aa0a4b5,2025-05-14T10:16,6,176.52,Online,Cancelled
6df4c664-6ee3-4580-9e26-fff2d83a078c,4e6807ca-aed8-4ec9-b1b0-0e3aba57efb1,2024-06-30T10:16,8,143.76,Card,Cancelled
c655f2a6-02fc-4564-9090-1c1b22d08089,7a18d550-38d0-40b2-84a7-547162e7e409,2025-07-08T10:16,9,152.01,Cash,Pending
121cbbf4-7be1-438d-9762-f0a6eb9e5abc,000f9c8f-2fc7-4346-844d-c04f10751265,2025-07-06T10:16,4,110.76,Card,Completed
adef7de7-9341-4da9-a9f2-0ea5ba33cda3,9305d562-2505-493d-8ed8-3fb721c8f491,2024-04-17T10:16,8,129.60,Online,Cancelled
4d3891c8-f38c-4391-bf0d-c00fac322e41,bc58b12c-65c4-4f21-89ef-3e492a22ef7c,2024-03-03T10:16,7,91.91,Cash,Cancelled
242a2ec4-8184-46fa-a760-9046ede4fbbb,68169a66-a8d4-4763-914e-7befc826445b,2025-05-15T10:16,4,24.64,Cash,Completed
daa7b09d-fa3b-44dc-b49d-9d58d7b5c6a8,bc58b12c-65c4-4f21-89ef-3e492a22ef7c,2025-03-23T10:16,8,113.60,Online,Cancelled
b3371912-ae0a-491b-b681-99d89d3cbcb4,21edfc22-3f73-4335-a774-3cf78ab65e86,2024-05-05T10:16,8,94.96,Online,Cancelled
c0896951-1982-40e0-b174-828c05cc9953,0d463f72-c3a1-4a2b-8d0d-1721a0d1a06b,2025-01-09T10:16,9,142.20,Online,Completed
d2970d9f-772a-4225-8082-6948851692ea,bfa3444b-2be9-46be-b944-720d86a59770,2024-09-01T10:16,2,36.62,Card,Completed
64264cb2-e375-4c88-8c8f-2bf1be9cf96a,0fcf4084-ea31-49f8-99f9-9bf8c8b0c16b,2024-10-08T10:16,6,175.26,Cash,Completed
5cf67d05-b9a0-4243-a93e-1df1282bb9f7,99c406e7-092b-4eeb-bc08-56fc041c253d,2024-08-10T10:16,4,68.40,Cash,Cancelled
292d7483-b46a-4caf-a768-80f434060f7b,f067e21d-d1d4-4e87-9cae-9753f5f9ccb6,2024-07-15T10:16,8,138.80,Cash,Cancelled
2423de78-78fc-4d3a-9287-81d8959d31b8,401a6911-a31e-4892-adc1-56e3e1eb090a,2024-03-05T10:16,4,70.12,Cash,Completed
2395329b-7095-4d88-9ea8-44c143a4a26f,80537cf2-360f-4740-8b7e-d4cd56e22987,2024-10-28T10:16,7,173.74,Card,Pending
adeb2c4d-2969-427a-ac51-8bfc21faff3b,56a75a3e-a944-4147-8cba-f1024726993f,2025-06-01T10:16,2,21.60,Cash,Cancelled
3948aacb-9556-4b9b-9746-59ed0a6692ab,000f9c8f-2fc7-4346-844d-c04f10751265,2024-08-22T10:16,3,80.91,Online,Pending
d666c1cb-9967-4f72-b944-a7fcc3a4b880,c5817fdc-a4dc-4879-b957-30cfda62016b,2025-02-26T10:16,1,9.25,Cash,Completed
8f5173a0-7969-47d8-9ddf-c042c6a8ac0b,9fa382f0-8393-48db-ad30-43c953282401,2023-11-26T10:16,6,84.90,Card,Completed
f0058332-725d-42d6-bcf6-cc07d07590ad,bf0de251-90d7-423c-8b31-48df1a89964f,2025-09-04T10:16,6,33.60,Online,Cancelled
e27cc0a1-b1f8-4a54-b5ee-6e6e145dfca2,62a2bfef-ca4a-4dec-90ea-bf15ea1880d2,2025-08-06T10:16,8,90.56,Card,Cancelled
410a2292-a52a-41c4-893e-ea02fb319b05,00d7ae70-0f46-4453-963c-4ab2a3d29314,2024-04-04T10:16,4,119.76,Online,Completed
777f46e5-c298-469b-8e54-15a09d71d1ed,fbe227d7-6d32-4407-9783-7fdac983e55f,2023-11-13T10:16,9,185.94,Online,Cancelled
2bb1f384-d0f6-45e9-a463-c0c8abc636e5,3dcaabe3-78c9-4d88-bed5-56ca7ceea07c,2024-08-28T10:16,7,83.16,Cash,Cancelled
295748fc-33d6-42d2-bceb-0e92785fb427,aff4340c-d102-49ba-af8e-84d2737ce82c,2023-12-13T10:16,6,125.04,Online,Completed
6029a039-991d-4162-acfb-e7cb42ce9d8d,ec3490d2-e8da-47ee-ae12-0ca0b1d7a2bb,2023-11-30T10:16,3,32.55,Card,Pending
cea345b4-2ef9-4cac-8a18-769b97e67ce3,46032f36-69bc-465a-9b33-a5d560bfd77a,2024-01-20T10:16,5,145.80,Online,Pending
7f08b54c-e5f1-4f78-b839-88ac646b2e57,3910ab11-8758-4a4f-8a9b-c4f5df7413c4,2025-09-18T10:16,2,17.66,Card,Completed
639b3a0e-4b73-4db8-b4d8-387c5319b018,49af098b-bf79-4643-8e49-739ea932d38b,2025-10-31T10:16,4,39.16,Online,Pending
3233dcd2-475c-470a-afb9-291e215a8fff,8250871a-2b35-424e-a1a1-4eb4faffabfb,2025-05-26T10:16,7,83.58,Cash,Completed
4cb5670f-f90d-4661-a8b6-f16f099e3c6c,6e6d2c67-f7fb-4a98-8f9a-4822259b25c4,2024-01-07T10:16,6,64.44,Card,Cancelled
fe668936-5ee8-4a49-a6ae-de1a26e79674,6945f6f4-b8f9-4d04-90ff-e59ed705578e,2025-09-17T10:16,7,125.23,Cash,Cancelled
517a8725-90a5-4a3e-9039-c0e064ad1406,92da274a-bea2-490a-bb52-196c46fa8487,2024-02-11T10:16,2,30.52,Cash,Cancelled
069b62b3-e02f-46c9-b598-143d7989291d,bc58b12c-65c4-4f21-89ef-3e492a22ef7c,2025-04-08T10:16,8,123.76,Online,Cancelled
afbc0836-8542-442a-a72d-eab0571533d2,1233cc27-7567-48e0-8dd2-6b0019506c2f,2024-07-04T10:16,8,204.08,Cash,Cancelled
09059df9-df4b-46de-b55c-8463f45032cf,f0a6a958-e434-41bf-a830-dffa55a34db5,2025-06-08T10:16,2,28.58,Card,Completed
a5012cac-c70e-455c-bda4-a303037f24ed,68169a66-a8d4-4763-914e-7befc826445b,2024-08-19T10:16,7,168.49,Online,Completed
b05d44b8-d1f5-41b7-990d-e72a1305be83,d3f641e5-b8b5-4f5f-9155-7768df2033e8,2024-05-10T10:16,5,97.60,Card,Pending
efc6a66f-e1a0-45a0-9617-fd98c0172eca,c0d74d86-5c5b-481d-b8e3-61eeb9c77255,2025-08-02T10:16,5,44.15,Cash,Cancelled
8f876e56-c268-4aea-8e46-c69fbc973669,6bd388d4-5636-450b-bacd-55bdcb769bab,2024-12-13T10:16,5,89.80,Card,Cancelled
fce5af80-ae94-4191-928c-bfda97ea6946,4b14a58c-f1e4-40b6-888d-a88cd7055099,2025-10-25T10:16,3,66.48,Card,Completed
24258a10-e68c-43d0-9608-8d0774639b3a,09ba4183-1b94-4f8c-bc5f-eca421a88524,2025-04-04T10:16,1,10.27,Card,Completed
74ac984d-75c8-4c32-97a4-82792546065b,6e6d2c67-f7fb-4a98-8f9a-4822259b25c4,2024-04-24T10:16,5,76.10,Card,Completed
afc0e50d-cfe2-402d-9c2d-ef22ae1c7f0e,aac35608-9499-49c5-811a-a059e773c968,2024-08-22T10:16,6,172.38,Card,Pending
a046ca67-c9b5-4d57-a201-6962e936fb4a,89d26a00-0fde-4c03-8430-b06f6bc3f33a,2025-05-18T10:16,1,7.21,Cash,Completed
8f8b3d3d-7949-4045-a535-0a43918dcdd1,aff4340c-d102-49ba-af8e-84d2737ce82c,2025-05-30T10:16,5,120.45,Card,Pending
4932c651-f589-4723-85eb-991fa0aab25d,b95f7619-fab2-4df9-8683-1f2aeb93a660,2024-04-20T10:16,2,49.56,Cash,Cancelled
97e800cc-ffb1-46de-8cdb-b274c3f994ec,000f9c8f-2fc7-4346-844d-c04f10751265,2025-01-16T10:16,6,59.58,Cash,Cancelled
e6669df1-a086-48c1-99ca-a5264086d8c5,b04ce307-2d1f-4214-b023-d8f4379041a1,2025-02-04T10:16,4,76.28,Online,Completed
40167335-c6a4-4dd4-b499-1310b8bc6678,e119f98a-df63-41dc-8e01-bb49ca2dc724,2024-07-12T10:16,7,151.20,Cash,Pending
0275a8ab-6192-45d3-9bce-8188f598b7a1,0472ca7f-b133-4710-8f43-24a3c6c1afd1,2025-10-16T10:16,5,46.80,Cash,Completed
7f54128c-5a66-4257-823e-7151d18e607f,fbe227d7-6d32-4407-9783-7fdac983e55f,2023-11-19T10:16,7,124.39,Cash,Pending
a4d305d3-6cc7-44b9-b9eb-cb6887756778,52c87fd9-fdf0-4256-b929-6153ad24a0ac,2024-05-29T10:16,1,6.22,Online,Pending
2aca482e-f6c8-4acd-a65c-5c6180063149,39cb44e2-a541-4b98-bc0b-db5f31cf8710,2025-06-19T10:16,2,20.48,Online,Pending
2564dff8-5f9e-4b22-9bb2-b2fe59b67bc5,6945f6f4-b8f9-4d04-90ff-e59ed705578e,2025-06-22T10:16,9,176.58,Card,Pending
8285805f-462c-4859-be22-67406a3f6221,99c406e7-092b-4eeb-bc08-56fc041c253d,2024-10-04T10:16,6,109.98,Online,Pending
957a7c5f-0d36-490c-9694-61164b0646b9,bf0de251-90d7-423c-8b31-48df1a89964f,2024-04-11T10:16,8,105.84,Card,Cancelled
aa654174-0e6f-4997-9527-20bfce6d3bca,8113211c-bdc3-4bb0-94d9-3fd3871f3005,2024-12-20T10:16,9,92.52,Card,Pending
3df88fd8-e811-485a-9c4f-7b15c0146d7c,36b880b0-e9bd-4c0b-8f1c-32018f6c758a,2025-07-02T10:16,8,135.84,Online,Pending
696e53c0-1e1e-4309-8ca7-e03c225f9da6,a938df5f-7764-459c-8bfd-90409d16b3c6,2024-06-01T10:16,5,25.50,Card,Completed
4ad9d069-eb58-4528-a053-08f154cf8200,fe624323-ba72-456d-9842-ed9e0edc75df,2024-01-31T10:16,4,20.08,Card,Completed
bd2da9df-47a6-4955-83d3-c0e8c2008b43,80537cf2-360f-4740-8b7e-d4cd56e22987,2024-08-14T10:16,1,28.09,Online,Cancelled
c83dac9d-1fa2-41dd-ba09-f9aa20d5356d,74e76582-f1b8-4560-b049-8aebb59d4721,2025-05-21T10:16,4,42.76,Cash,Pending
5f148935-6fc8-4808-a277-25486108f7df,ff4db0d8-e809-46e8-9ae0-78ffee4902d9,2025-04-01T10:16,9,209.07,Card,Cancelled
beb1f8e7-8aae-4445-b6ed-28cbe48b155c,058b9c75-b72f-4594-80d2-e41194ff7672,2024-10-12T10:16,6,135.96,Card,Completed
1906cb6a-4374-43bc-996d-84f749fa0bc3,67c276b0-7be6-4f3c-bf86-c342095c8112,2024-11-09T10:16,3,82.35,Online,Pending
8834b356-9e1c-45b0-b2b0-22feea528383,06e585f0-5b60-4900-81d1-3379328e6c17,2024-06-23T10:16,6,144.66,Card,Completed
7b5e21d3-f0c3-4f7f-9c36-581bebd31857,68169a66-a8d4-4763-914e-7befc826445b,2024-12-25T10:16,9,96.75,Online,Cancelled
62dd048a-50c7-4cec-a4ed-4e2952dcac0c,401a6911-a31e-4892-adc1-56e3e1eb090a,2024-12-13T10:16,3,37.05,Online,Completed
9c21bd7f-8b9d-4122-87c9-f402cd4d8296,7a18d550-38d0-40b2-84a7-547162e7e409,2024-07-31T10:16,5,40.05,Cash,Completed
34a3af6d-de27-40d1-950a-c395b30a86e1,2c6dafc9-06cc-4b3d-8b8d-12aae0644c58,2024-11-19T10:16,1,21.07,Cash,Completed
8532ddf4-4048-48ea-8b76-08755e6cd9d7,b95f7619-fab2-4df9-8683-1f2aeb93a660,2024-05-03T10:16,5,122.80,Card,Cancelled
c064ed16-d3c5-47fb-a8cc-599be9ad7f09,8887df7e-682b-4d48-b18c-c1ddfa0aaa26,2025-08-03T10:16,6,82.92,Card,Pending
b780c3a0-ed15-45af-8e4e-864d3ee95035,77ca464a-fe0d-4dcc-8f08-3eb2f7b64f76,2025-02-27T10:16,4,52.32,Cash,Cancelled
a6f10ba0-5281-4773-ba1f-4e7b69ff14c0,6c3bf618-a715-40f9-9faa-cfc5f5beef2f,2025-04-27T10:16,7,201.25,Cash,Pending
e2b2e9eb-ffa9-4f43-a8be-6b3dff9723a0,9b9edd1e-b4f7-414c-b8b5-a3dc51fa0a8c,2024-10-05T10:16,9,67.59,Cash,Completed
3c5e3583-d27e-4214-8ea8-f330bd7a8f39,6117b6f0-c4f4-4bf1-9eeb-f33950decba8,2025-01-28T10:16,3,47.67,Online,Completed
2b5f25a8-a44a-4afc-900c-29c4393c1c83,27e45431-1333-4ffd-a0c8-be56ffdc5d4e,2024-02-05T10:16,4,94.84,Card,Pending
cd53e3e5-5f9f-4a45-a9ca-15a4829232f9,d33bbfcd-a2ca-4e80-8a1c-65223f061e7e,2023-12-08T10:16,8,223.28,Online,Cancelled
3daf7399-aabd-40cf-8528-0279e2cb0f22,c5817fdc-a4dc-4879-b957-30cfda62016b,2025-08-20T10:16,6,76.92,Online,Pending
9ef4cab4-8c60-4717-b7a3-872d40f904ec,0130fcd4-a6cf-4a72-8400-7bcae1abce34,2024-12-27T10:16,5,50.60,Card,Completed
4d82cecf-0afd-40ee-a3af-2eb9ad226db9,d5cfb1a3-ce2f-4aff-ab4c-50e0c5426af1,2025-09-05T10:16,1,9.81,Card,Cancelled
854525d8-59c9-4e9e-93c1-237d4492409d,1a48aa9a-def3-481d-922a-94300aa97309,2024-03-10T10:16,3,85.41,Online,Completed
f2b7b09f-ba6d-404e-926e-1d67e859a5f4,ceafdb2a-788d-48e0-acdd-bd533a2e7ab6,2024-09-28T10:16,7,163.10,Cash,Completed
70a27081-8a76-445f-b528-9ad83cc9f844,4bb2d776-14c0-4ef6-b8ba-c580cbed72b8,2024-08-12T10:16,8,95.28,Card,Cancelled
992d2c91-05b4-412b-af1d-b65f4f24ab17,d3f641e5-b8b5-4f5f-9155-7768df2033e8,2024-03-24T10:16,8,189.44,Card,Cancelled
40269332-680c-4ca0-b6ab-679a2b6fe694,49af098b-bf79-4643-8e49-739ea932d38b,2025-06-05T10:16,6,164.22,Online,Cancelled
87f5b88b-b872-4fc0-8d67-e4aa86d5ac29,9305d562-2505-493d-8ed8-3fb721c8f491,2024-02-10T10:16,1,24.55,Card,Completed
d2b4a6a2-7629-4106-bde4-ee102108ce31,058b9c75-b72f-4594-80d2-e41194ff7672,2025-08-18T10:16,1,18.33,Cash,Pending
a5ffa519-e0fd-4bf3-8af1-d08d4e3ff047,9b9edd1e-b4f7-414c-b8b5-a3dc51fa0a8c,2024-09-29T10:16,6,138.54,Cash,Pending
a5e91a12-4cbb-4840-b8b8-d89e13033a0c,8113211c-bdc3-4bb0-94d9-3fd3871f3005,2024-07-03T10:16,1,18.44,Card,Completed
02f8e0ca-d240-44b2-af1c-8e0c37f12e95,62a2bfef-ca4a-4dec-90ea-bf15ea1880d2,2025-03-27T10:16,9,140.58,Cash,Completed
16a45871-3138-4b14-96e6-4ce099f98bca,26d032f1-9fe9-487a-987a-a8be14e1db05,2024-08-26T10:16,7,200.13,Online,Cancelled
e323e4c9-cc85-4d00-9250-a77aaed2b647,21edfc22-3f73-4335-a774-3cf78ab65e86,2025-01-28T10:16,1,15.02,Cash,Pending
40c4a0a6-688e-4754-8d09-80b3701e38b9,99c406e7-092b-4eeb-bc08-56fc041c253d,2023-12-08T10:16,2,47.64,Card,Pending
696d3d9d-0fdb-4830-85d6-30561f458f84,7d2df59f-386d-4aec-85a8-2443262a0cb4,2024-12-06T10:16,4,23.60,Online,Pending
28f20f43-eec0-4c92-bc7a-511fcfdeb9a4,9b9edd1e-b4f7-414c-b8b5-a3dc51fa0a8c,2024-01-15T10:16,1,11.60,Online,Cancelled
3c06081f-e8d0-4b7c-925c-08ed9c02e34a,4bb2d776-14c0-4ef6-b8ba-c580cbed72b8,2025-02-05T10:16,5,50.70,Card,Completed
be96b08f-a6f0-46a3-8833-e0082d6d52a7,52c87fd9-fdf0-4256-b929-6153ad24a0ac,2025-10-08T10:16,9,73.44,Cash,Pending
3903cf64-6365-483e-9470-957dfad1e9de,bfa3444b-2be9-46be-b944-720d86a59770,2025-10-16T10:16,4,64.60,Card,Cancelled
d46257bc-62d0-4861-89ab-9168e5fa8145,caad7924-4bc5-4f85-9662-11ca261e3c87,2025-02-11T10:16,5,84.50,Cash,Completed
5e4fc657-296b-48aa-aa37-98a229c5b007,1d32c3b3-c732-4995-aa6b-ff159deb3bdf,2024-02-14T10:16,8,229.12,Cash,Completed
38bfa64e-3b2b-47da-a9b3-d9aa7e62cd4a,6c3bf618-a715-40f9-9faa-cfc5f5beef2f,2025-09-27T10:16,7,129.43,Online,Cancelled
4e05ba36-3f06-4cbd-ae6a-2391a0ed00dd,c63bd277-c81c-40c5-8720-6ce916d653c4,2024-05-12T10:16,5,68.45,Online,Pending
8508a211-f7f0-496e-b204-4d3411baf2ef,4f6ae324-5b6d-47d6-a86d-26ec6fbe1e0e,2025-04-03T10:16,8,62.16,Card,Pending
91f7576c-76f4-402c-aec9-5001a20ad699,09ba4183-1b94-4f8c-bc5f-eca421a88524,2025-03-30T10:16,9,218.61,Online,Cancelled
454173cb-b7f6-42dd-9892-8640e93bcbf7,77ca464a-fe0d-4dcc-8f08-3eb2f7b64f76,2024-02-17T10:16,3,17.34,Card,Cancelled
4fec6eca-fad5-43f0-9207-e72f424e0bbc,5f0f3def-9ff6-4282-ad04-001c4a769966,2023-12-02T10:16,7,108.43,Card,Completed
988f3946-c5c3-45ad-a0a4-bd3fdbc20970,4b14a58c-f1e4-40b6-888d-a88cd7055099,2023-12-03T10:16,8,68.64,Card,Completed
a5f66714-784a-45f9-9eba-80ab0ff3af65,f3826f04-0dfa-4266-8002-58fede0093f5,2024-01-23T10:16,4,79.92,Cash,Completed
5ee1da86-4ced-4ae6-9e25-b5656ba4972c,b03f75c1-655f-4480-a2bf-1a0af806e96e,2025-05-07T10:16,5,88.65,Cash,Cancelled
09716c26-2e7e-4a24-a8d3-d55ddfed2ee7,ebe19120-496a-47fa-87eb-2440212a3363,2024-01-08T10:16,4,105.12,Cash,Cancelled
38d6677b-1423-430e-a823-a62a49916371,0df3bae1-6384-4856-aa27-aef9f6c48b75,2025-02-01T10:16,5,77.00,Card,Cancelled
61e2b9c6-e800-4dec-926f-ad291dc7ef3b,6e6d2c67-f7fb-4a98-8f9a-4822259b25c4,2025-07-22T10:16,3,87.24,Card,Completed
c5fb7baf-569a-496d-94c5-a3079e7ad7c9,e119f98a-df63-41dc-8e01-bb49ca2dc724,2024-11-26T10:16,6,146.64,Cash,Completed
ab933c41-c2f7-4cf0-9543-6c75a9e28f83,4f6ae324-5b6d-47d6-a86d-26ec6fbe1e0e,2024-12-13T10:16,1,28.36,Online,Pending
ca881d47-258b-451c-a4bb-d7af54f5b81a,ba5d9947-b043-4aca-8ee0-6b77895cf8e8,2024-04-13T10:16,8,108.88,Card,Completed
bf04800a-d9e4-4b33-aefa-4deac9019b4f,e886c155-0dae-4b36-88f5-a86fa474d1f6,2025-05-13T10:16,2,29.98,Cash,Cancelled
20aab250-227b-4ad4-b0e9-0e6aab65f836,103fcba5-5588-45a5-9fe0-6ac948d3860e,2025-09-13T10:16,6,168.24,Online,Cancelled
89055521-e8a6-452e-94ff-4f21659e8afb,6aaabc79-3d35-410f-bb96-f86a3930d0ff,2024-08-16T10:16,9,148.95,Card,Pending
50dade65-d937-4974-bc22-5896751dc345,205ea7f7-e714-45b8-a083-11247ff702a1,2024-01-29T10:16,8,100.00,Card,Completed
49a0cc79-f823-47a6-85b9-42609ecaf4fb,11526850-7335-463f-b740-a52a90457c3b,2025-05-06T10:16,4,105.12,Online,Cancelled
5ec24b4d-6c7c-4ea6-9ec8-50339cebf56e,795088d7-d227-422e-ad8c-f048bde0675e,2025-02-22T10:16,9,90.63,Card,Completed
929408c4-da2e-49d6-bd29-7e09519bef4b,89d26a00-0fde-4c03-8430-b06f6bc3f33a,2024-03-01T10:16,2,49.66,Card,Cancelled
b068b091-7d38-49f7-aa8b-482791feef47,a190f67b-21df-46bc-8164-46bdfa00af85,2024-10-15T10:16,5,114.45,Cash,Pending
a5b7a61c-cd97-44ed-a0eb-2cab4170f37b,21edfc22-3f73-4335-a774-3cf78ab65e86,2024-03-23T10:16,5,112.30,Cash,Cancelled
ba739b70-4304-48d3-acd9-f5117b5da4a3,401a6911-a31e-4892-adc1-56e3e1eb090a,2024-12-04T10:16,7,208.25,Card,Cancelled
8197a99f-6601-4ba6-aee8-b7687f11c467,fbe227d7-6d32-4407-9783-7fdac983e55f,2025-02-05T10:16,4,21.68,Card,Pending
3baad049-64a1-4a21-9414-7a2f01bc8927,9c53f3f8-5b22-4d77-bd76-cfa6c70e443c,2024-07-12T10:16,5,116.70,Card,Completed
ec362efd-2d98-434a-b23d-83b3282ccdc1,0dd437d0-74fa-43c3-8909-5c955e4d47dd,2024-10-08T10:16,7,109.62,Card,Completed
de47db12-38c6-4d60-b799-b7411bee8d78,d33bbfcd-a2ca-4e80-8a1c-65223f061e7e,2025-02-10T10:16,4,101.24,Card,Pending
a4f0e995-d767-49d9-a83c-0ab45a2ec66a,52c87fd9-fdf0-4256-b929-6153ad24a0ac,2024-12-15T10:16,7,50.05,Cash,Cancelled
82a0b70f-4d64-4bed-a051-6d7f5028c22f,2c6dafc9-06cc-4b3d-8b8d-12aae0644c58,2024-10-05T10:16,4,85.64,Cash,Completed
8df328bf-ebae-4ba6-aa7f-d6fc6bf9e8c3,7169ef0c-f2c8-4ae3-83f6-87691664d2d2,2025-05-05T10:16,1,25.17,Cash,Cancelled
7afc6180-219f-4343-ab44-aa9daa0e4441,3befa4dc-d961-4a3a-9410-d43d1bdaa335,2025-05-08T10:16,7,161.00,Cash,Pending
2477e803-7794-4098-8112-6b78a493483d,a938df5f-7764-459c-8bfd-90409d16b3c6,2024-06-28T10:16,2,35.42,Card,Pending
101d460e-9201-4a83-b7f8-2f7f3c0cad2d,d7af10ce-45c9-4fc8-8dd8-b1c5491aad5f,2025-05-29T10:16,3,56.49,Cash,Completed
b16209b6-461d-4581-8cc3-9f3c027fa5e3,52fbb114-83aa-432d-b2f1-f3e37a5c4754,2025-04-06T10:16,9,182.97,Cash,Completed
c5f933b9-e1cf-4863-ba0e-d4ee821b5276,98b17fed-218c-4f20-8410-9f0edfc74455,2025-03-19T10:16,3,72.57,Card,Pending
97e7e022-46fa-4d9d-937b-7983cb6f5518,0a570207-0f70-467f-bbeb-44a0a60a9a25,2024-07-28T10:16,6,30.48,Card,Completed
b152cb9b-cb27-4ad0-9710-37251ceacd10,52c87fd9-fdf0-4256-b929-6153ad24a0ac,2024-05-01T10:16,2,55.54,Online,Pending
8af15552-3822-4d0b-99d0-bd0ba36f6270,bb6bf39c-f455-4e08-a59e-1bdaaa91d4aa,2025-09-04T10:16,4,38.68,Card,Completed
4aa08cff-0ee0-4514-8938-3487bd436172,10b26c2d-7d56-4175-84a8-a2775e128a9d,2024-02-02T10:16,4,75.72,Card,Completed
1d3020d1-0db0-413f-8203-aed67de611ab,10b26c2d-7d56-4175-84a8-a2775e128a9d,2023-12-29T10:16,2,53.72,Cash,Cancelled
d1e5d082-c0ca-49b8-aef2-c2f37a1b6d9b,5f0f3def-9ff6-4282-ad04-001c4a769966,2025-03-27T10:16,9,76.59,Cash,Cancelled
66b67506-7d4d-4496-875e-f930ed9498dc,2c6dafc9-06cc-4b3d-8b8d-12aae0644c58,2025-11-03T10:16,6,124.80,Cash,Cancelled
edce072b-9ddf-44d5-a607-b928ca8da773,bf0de251-90d7-423c-8b31-48df1a89964f,2025-02-28T10:16,6,100.32,Cash,Pending
1c595e53-b2b6-4b14-8676-de984ba227f0,caad7924-4bc5-4f85-9662-11ca261e3c87,2023-12-06T10:16,1,5.58,Online,Completed
681dfee1-a893-47d4-aa47-782c13201e22,401a6911-a31e-4892-adc1-56e3e1eb090a,2025-10-08T10:16,3,23.91,Online,Cancelled
3cb1be21-746b-4e99-84de-1174ebdd6b03,92da274a-bea2-490a-bb52-196c46fa8487,2025-10-11T10:16,6,131.64,Cash,Pending
0b7052ef-986c-4b58-8e0f-a0a207ce7ffe,1eeb9c5f-5b7a-47af-b4f1-5a50d9d1089c,2025-06-11T10:16,5,27.30,Cash,Completed
efb78960-aace-4a27-ad54-99044014f971,726d71e2-70fd-4416-8568-78619c14a73a,2025-05-28T10:16,3,80.16,Online,Cancelled
00419fa7-d08b-45de-82d9-a53357ebdbe2,0a15d43b-8f6b-444a-bef2-ffbddfdbd16f,2025-01-12T10:16,7,134.26,Online,Pending
d64dd0b2-945b-42f4-a6b3-0dbe6c8d9f0a,23650eb4-f98d-45a3-a90b-a378f03d469d,2024-07-22T10:16,3,54.00,Online,Completed
25c91a46-3d08-48b3-a9fb-2d30effd3a72,2c6dafc9-06cc-4b3d-8b8d-12aae0644c58,2023-11-13T10:16,7,192.92,Cash,Pending
5db1d9d8-b0db-42db-891a-027141920e13,62a2bfef-ca4a-4dec-90ea-bf15ea1880d2,2024-11-04T10:16,2,47.92,Online,Completed
53b85117-4d16-4a4a-9160-1fa885b41c7b,935ebde1-5945-4673-886e-1a7a12cc2d4e,2024-04-20T10:16,8,111.04,Cash,Pending
deeb90d5-f721-4ea7-bc28-b52df8bb1d05,7a18d550-38d0-40b2-84a7-547162e7e409,2024-02-08T10:16,3,57.27,Online,Completed
c57e1cdc-f8f1-4036-88ce-e31b65bf0eb2,4717d2a3-4b2a-44f1-b960-a2b73e2d23fd,2024-09-20T10:16,3,78.78,Online,Completed
24feb920-de9b-4a48-b1bb-413e49604448,bc58b12c-65c4-4f21-89ef-3e492a22ef7c,2025-07-28T10:16,9,62.37,Cash,Completed
7414c990-79ab-47e0-b19b-b08b6fa95a8c,26d032f1-9fe9-487a-987a-a8be14e1db05,2025-01-06T10:16,4,61.88,Cash,Cancelled
0023bc9d-0419-4161-b371-1a3215609a3a,0dd437d0-74fa-43c3-8909-5c955e4d47dd,2024-05-19T10:16,5,78.65,Cash,Pending
a491ca9f-6eb2-43eb-89f3-303c9c577a30,a190f67b-21df-46bc-8164-46bdfa00af85,2023-11-19T10:16,9,198.09,Card,Cancelled
913869b3-cb3e-44ee-a3d7-9f1439e78911,4e44f26d-5455-405b-8fdb-63ab8b739ecf,2025-01-30T10:16,8,121.76,Card,Pending
c993d1b5-64ec-452b-af6a-30009c003d06,6f61ca8e-51a1-48e0-abfa-88326e713e34,2025-03-02T10:16,7,147.14,Card,Pending
203cecb1-7a8c-41c5-9710-40089dc894f6,8f7f530b-bb30-4a05-b437-744ed30af54f,2023-12-01T10:16,8,208.64,Card,Completed
c699bf41-af2e-480b-9358-cd805848caa9,14eace30-1ac2-411e-8eef-98e8f32a87fb,2025-06-06T10:16,8,178.40,Cash,Pending
5185a665-da3b-486a-a618-a388b34f933d,bb9edfa8-17f7-4f6f-8e3b-616693a298b1,2024-05-08T10:16,7,57.75,Card,Completed
64a81e72-448a-4b51-b943-9c9568f1fc20,f90cf3ca-e2d0-4129-bc7a-e8a2b80880da,2024-08-09T10:16,4,45.44,Cash,Cancelled
9c586e5f-17ed-4ec0-9232-eb95c26b75f7,c46351bf-193f-49af-a5d6-456188837c3d,2025-10-01T10:16,3,78.24,Card,Cancelled
66eb096a-d9d1-4e77-b015-97ed6eecd505,cf65c4b6-4c1c-420b-95de-23e5b56ffad5,2025-04-20T10:16,3,21.15,Cash,Completed
5f1b5304-c8be-49ba-8acd-c17816e80bf0,a5ffc907-be77-43e6-8694-4a0bf09bd3fb,2024-07-10T10:16,4,56.40,Card,Completed
661369f1-dc6f-41a0-8d5f-0ffebdf8cf53,11526850-7335-463f-b740-a52a90457c3b,2025-02-28T10:16,9,91.80,Online,Pending
dde79e40-b765-4012-856d-317f09b84ea3,b04ce307-2d1f-4214-b023-d8f4379041a1,2025-04-18T10:16,4,100.64,Card,Pending
4aa9f98c-3462-4c8e-861b-4d498676b2f3,d5eaf6a7-76cc-48ec-98d9-ba713e2df70f,2025-09-26T10:16,7,170.52,Cash,Pending
80bfea0b-5dde-42d6-9ed7-1df2f9eae20f,6c6a3b10-9747-4dca-a041-4edc22d147b0,2024-02-23T10:16,8,170.00,Card,Completed
0a3e1ba1-4578-4fbf-a912-72aa500a47d2,8250871a-2b35-424e-a1a1-4eb4faffabfb,2024-11-21T10:16,2,48.50,Online,Cancelled
3f533603-e7ae-4665-ac8e-950daca069e9,9fa382f0-8393-48db-ad30-43c953282401,2024-05-28T10:16,6,43.80,Card,Pending
2bea2476-6b9a-46ea-81f5-4a4252a2abfe,f3826f04-0dfa-4266-8002-58fede0093f5,2023-11-27T10:16,4,57.60,Online,Completed
93114021-88c4-42be-a68f-d5697a94f362,67c276b0-7be6-4f3c-bf86-c342095c8112,2025-09-17T10:16,1,7.16,Card,Pending
261005ce-23ad-4e4c-ac4e-a944eb541a43,0a15d43b-8f6b-444a-bef2-ffbddfdbd16f,2025-05-24T10:16,5,143.50,Cash,Pending
ee2890c9-277e-4547-85af-f0238c0dd01f,941529ef-2114-4bff-907a-4596ff4593a1,2025-06-28T10:16,4,20.44,Card,Completed
3c760c79-07e3-4bc1-a1c4-c45afca7e95f,953417c6-cd52-45e9-9ca0-bb450653c934,2024-09-16T10:16,3,76.98,Online,Completed
42bc75bb-7295-4d64-aeb8-978ab3e0d58e,b03f75c1-655f-4480-a2bf-1a0af806e96e,2024-12-17T10:16,5,74.65,Cash,Completed
690e7d56-6e6d-473f-9ca6-7551e5e6a4d7,935ebde1-5945-4673-886e-1a7a12cc2d4e,2024-04-07T10:16,4,36.88,Cash,Completed
d963949f-8b0b-4210-94b3-4f5b785cb7c1,2ca088cd-c6c6-4e60-a1a4-d2990ee21b12,2024-01-24T10:16,8,144.24,Online,Cancelled
ca197920-829f-4289-89f6-3fd45ae79f15,caca465c-e9f2-4add-91b5-24c70595e321,2025-08-10T10:16,8,89.92,Cash,Cancelled
d596f0f1-ca49-4ee7-99e6-741446f99a9a,b047b369-02d0-4f25-9af0-f1e883228863,2023-11-29T10:16,9,259.29,Online,Completed
62a2c0b8-338c-4903-9a23-ae64f9f6d4f8,0b2a0e9a-e050-4380-b607-57adcbbf59d4,2024-01-26T10:16,7,202.79,Cash,Completed
b74fc90b-60a1-4d23-8688-a450d00e8511,e6cb1215-5314-4d05-bfd1-f6e5d36e89f7,2025-01-01T10:16,7,193.13,Online,Completed
7a75dd6c-6867-4a61-bb01-7034fdc8d242,59827b2a-ae17-44b1-bd6f-6f08718559cb,2024-06-06T10:16,9,63.00,Card,Pending
cddddf7f-3db9-44d5-872c-04715f6f37db,27e45431-1333-4ffd-a0c8-be56ffdc5d4e,2023-12-08T10:16,2,34.56,Cash,Cancelled
a0013580-234c-4151-bbfb-4d29e946efe9,69446e90-4237-4410-ab55-e011eb04cce0,2024-08-24T10:16,8,46.32,Cash,Pending
47a7c588-9279-49ef-886f-3ba53867c84f,8b115a34-224b-453c-be69-b53a7445b466,2025-08-08T10:16,5,66.40,Cash,Cancelled
29ae9b8d-a60f-403d-bc1d-b2f6f61d82d0,d6d4ef4b-0870-48aa-b884-013237f255f4,2024-01-11T10:16,3,40.26,Cash,Pending
71e42581-7a32-4ae6-8f49-78691981cc55,68169a66-a8d4-4763-914e-7befc826445b,2025-02-13T10:16,2,21.80,Card,Pending
1fb569f1-0ed0-4b51-bd6f-f6bc6e6febf5,f6c35464-33dd-44a7-bf84-071f2e427045,2024-10-09T10:16,4,64.68,Online,Cancelled
7c9331cd-c5a8-4383-b889-359e8a90a38d,52f5634d-de98-4543-8a1e-cbf1e2d0242f,2024-09-22T10:16,3,83.91,Cash,Pending
beab9d5b-ca17-4355-bf6a-a5c376831c12,67c276b0-7be6-4f3c-bf86-c342095c8112,2024-03-22T10:16,4,30.52,Online,Pending
8cc4bea7-4aac-4dc0-9c43-5e6306a0a641,d3f641e5-b8b5-4f5f-9155-7768df2033e8,2025-06-12T10:16,8,131.52,Cash,Pending
425ff1d5-d15d-4b9d-a64f-0929183758dc,e85d0261-2d97-4475-a749-363ec9040a74,2024-04-26T10:16,1,7.65,Card,Cancelled
c0678b41-e4f5-4cbd-aa4b-ab128243e9a9,ec3490d2-e8da-47ee-ae12-0ca0b1d7a2bb,2024-12-17T10:16,2,36.14,Online,Pending
e486255e-43b6-4e72-95f4-9e121a3843d8,983d66ae-c8b0-46b8-8abc-26a1055cf729,2025-11-03T10:16,2,38.96,Card,Completed
7ac62ad6-8028-4cf8-9c8a-addd7ed94dfb,06e585f0-5b60-4900-81d1-3379328e6c17,2024-02-06T10:16,3,84.27,Card,Completed
2eb0e2eb-9d80-423f-b1d7-cc969ca57c19,10b26c2d-7d56-4175-84a8-a2775e128a9d,2024-12-21T10:16,3,45.30,Online,Completed
4b98d0a4-9852-4f2c-a5f4-6d6bbc20a932,e119f98a-df63-41dc-8e01-bb49ca2dc724,2024-07-06T10:16,8,71.36,Card,Pending
fbfb3220-0ba7-47a7-b8f4-323d0c0f9761,cb8747c7-32ca-4b6b-868d-13ab01d953ec,2024-09-10T10:16,3,23.31,Card,Pending
a6f827dc-91f8-43fd-8bdb-89cb8782bbf1,0472ca7f-b133-4710-8f43-24a3c6c1afd1,2025-02-11T10:16,2,19.88,Online,Cancelled
75927b1f-c7ac-4eff-b6d1-9a56c9d18a35,885715b6-b1eb-44ca-8460-28c0343e56f3,2025-09-10T10:16,9,250.02,Card,Cancelled
0510942b-d6c6-4d47-b9fd-3a97f04de732,1eeb9c5f-5b7a-47af-b4f1-5a50d9d1089c,2024-07-14T10:16,8,137.52,Cash,Cancelled
fa82011e-a699-4689-a6eb-77c2dd5c9615,59827b2a-ae17-44b1-bd6f-6f08718559cb,2024-06-12T10:16,6,103.74,Online,Pending
c6df909a-081a-4852-9c8e-9d638753654d,ebbc7df0-770d-44f8-b0ff-c62f9006e40e,2024-01-11T10:16,1,17.05,Online,Cancelled
c0774754-31ab-4b3a-b494-1a3f22303788,6117b6f0-c4f4-4bf1-9eeb-f33950decba8,2024-03-12T10:16,3,53.70,Cash,Pending
ecdd86f8-8392-4467-84ff-3e8aeb8f79b0,964d337f-acd5-4ca2-8843-9be3f2eb60fc,2025-05-19T10:16,5,32.85,Online,Completed
76e43de4-e433-4c7b-93d7-d4d46c32f30b,65b2c0ea-6192-47fc-9286-2c1dd3ecefb1,2024-03-20T10:16,6,85.86,Online,Pending
eb20844c-f6b9-4343-bd4f-056b28aa1391,52fbb114-83aa-432d-b2f1-f3e37a5c4754,2024-11-08T10:16,5,123.95,Card,Pending
4ff35582-b4bd-4ed0-93bc-3fa392e8259e,caad7924-4bc5-4f85-9662-11ca261e3c87,2024-07-29T10:16,1,26.74,Card,Completed
434448f3-640c-44e8-9f32-bab5f3590018,90f0db1e-2b19-43f7-ba17-233c7c214eca,2023-12-22T10:16,4,82.64,Online,Pending
0dc10f7a-b109-4f92-b8bc-ffcc7f15f356,69446e90-4237-4410-ab55-e011eb04cce0,2025-09-16T10:16,4,54.44,Online,Cancelled
4c18fe94-3888-493e-af0e-f69cd67f0c20,bc58b12c-65c4-4f21-89ef-3e492a22ef7c,2024-01-06T10:16,9,76.77,Online,Pending
7f479e2f-e5e2-4208-aa26-bf5c069671c8,56a75a3e-a944-4147-8cba-f1024726993f,2024-08-24T10:16,5,100.60,Card,Pending
7b5ea07c-a606-4e2c-922f-f3b64582a14b,885715b6-b1eb-44ca-8460-28c0343e56f3,2024-06-07T10:16,7,73.78,Card,Pending
cd341d27-397c-422f-b985-dcc74ebac49e,4e44f26d-5455-405b-8fdb-63ab8b739ecf,2024-01-01T10:16,9,167.04,Cash,Pending
c26d8681-94cf-4870-82d9-9cacf00c34a5,3ab3404a-ee80-4ed2-8d90-a6f0dad14e48,2024-05-26T10:16,9,117.99,Online,Cancelled
3f0eaa1b-2aed-46c2-a857-320390a7dfa1,d87f31d7-79ef-4c17-856e-142e791b04da,2024-12-01T10:16,3,77.91,Cash,Pending
f9a16fe5-dd61-4b86-8bef-a49c2c676851,b047b369-02d0-4f25-9af0-f1e883228863,2023-11-25T10:16,9,254.88,Online,Pending
65c42093-95d1-4871-83c5-e8a7d67e3ea6,f0a6a958-e434-41bf-a830-dffa55a34db5,2025-04-19T10:16,3,74.88,Cash,Cancelled
25b5cc82-f057-4ee3-8623-2601a375c69c,25659c0e-6eb5-4c57-add8-fb6ac5f42699,2024-10-20T10:16,2,41.68,Online,Completed
7b261605-1e20-493d-8c8d-e52ac2512280,c0d74d86-5c5b-481d-b8e3-61eeb9c77255,2024-11-06T10:16,5,104.55,Card,Cancelled
66f2883a-691a-4923-9c90-0cedd9cc6e51,ef7fad1f-a86f-4ee1-95b4-ce1f339f0fa5,2025-01-13T10:16,4,105.96,Online,Cancelled
534e0c21-5498-4fb3-aa3f-d69a38ee414e,67c276b0-7be6-4f3c-bf86-c342095c8112,2023-12-04T10:16,2,50.72,Cash,Pending
4de24c7f-459f-49fb-bc5d-1de7b55234a7,25659c0e-6eb5-4c57-add8-fb6ac5f42699,2024-09-23T10:16,8,175.92,Online,Cancelled
34822f65-30b1-4ae3-86f8-9d0bb57d7aaf,0e0d5f13-edd5-4ab0-9ddd-3df111bedc5a,2025-07-21T10:16,7,109.13,Cash,Cancelled
910327cf-27eb-41aa-af72-84dc48e76225,90f0db1e-2b19-43f7-ba17-233c7c214eca,2023-11-27T10:16,7,167.58,Cash,Cancelled
b6670f0f-477f-4953-87b5-1aa34dab40d3,c9dcc28a-ae5f-477c-ae7e-72d94129f449,2023-11-26T10:16,6,128.16,Card,Pending
aaa33cee-194c-4f75-8bcb-1128f5384062,6117b6f0-c4f4-4bf1-9eeb-f33950decba8,2025-01-20T10:16,3,67.44,Cash,Cancelled
184dc654-d2a5-49d6-88f3-119a39bbc3db,e12c3d24-86c8-474f-b86b-370df36adbfe,2024-04-28T10:16,2,52.90,Card,Pending
36f6f66f-5a07-41d3-9192-9c80a6e0d56f,6aaabc79-3d35-410f-bb96-f86a3930d0ff,2025-03-19T10:16,2,15.38,Online,Completed
8cd7ba2a-5a7e-42ee-b744-bbc9b508ee7e,6b1178fc-1745-401d-88da-3903c243ebe9,2024-10-13T10:16,8,76.88,Online,Completed
be36ca14-63f1-4139-b59b-fa8a3e881e4f,b6c26110-1b77-4777-8c79-c69ec19b66df,2024-05-11T10:16,2,33.04,Online,Cancelled
7d952341-1351-4517-9af4-98bfe7152a7f,4e44f26d-5455-405b-8fdb-63ab8b739ecf,2025-03-05T10:16,5,61.50,Online,Cancelled
565b5f46-10bf-4364-bd52-20c13f5b34a7,d87f31d7-79ef-4c17-856e-142e791b04da,2023-12-02T10:16,4,115.00,Cash,Cancelled
1a1fd471-9db5-4bc7-8a3f-45966f6feca9,68169a66-a8d4-4763-914e-7befc826445b,2023-12-30T10:16,5,36.10,Card,Cancelled
8e27c5a7-6143-473a-8d4e-628eed40ccd3,b0d737cd-ec4b-4a88-aa81-d012ef3fb719,2024-01-20T10:16,8,238.48,Card,Completed
3e04e864-8da0-4963-8410-4b97642bfd32,ada8704c-2784-4d70-84da-10078407d2c8,2025-06-20T10:16,3,17.40,Cash,Cancelled
d1fa5425-a6c1-4dc5-a775-d8f48c655136,21edfc22-3f73-4335-a774-3cf78ab65e86,2025-09-18T10:16,7,176.26,Cash,Completed
c629a86d-1fc1-45ec-ad03-4d7afa7a5978,4f6ae324-5b6d-47d6-a86d-26ec6fbe1e0e,2023-12-25T10:16,7,116.69,Card,Pending
f32a74ce-00c7-4799-948f-b2612229436a,05ccd8a5-ea5f-4353-bd1e-3022152b0685,2025-03-28T10:16,4,109.68,Card,Completed
77b0b7c5-a215-4141-ac95-c51378ed8fe7,0e0d5f13-edd5-4ab0-9ddd-3df111bedc5a,2024-12-18T10:16,7,195.79,Cash,Completed
265fca20-8f0b-48bc-a719-6f691fe7f0dc,bfa3444b-2be9-46be-b944-720d86a59770,2024-11-30T10:16,4,50.04,Card,Completed
8be12e28-5ec4-407f-a1e3-660017ee07fb,2ca088cd-c6c6-4e60-a1a4-d2990ee21b12,2025-02-03T10:16,1,6.67,Online,Cancelled
4a4e08d4-6611-45ec-a81b-6ef46841f928,27e45431-1333-4ffd-a0c8-be56ffdc5d4e,2024-05-17T10:16,6,77.88,Online,Completed
7b03c269-b1f7-4dc6-82da-2a9e6fa8adae,209e786b-2a61-4e52-a3b2-1cc98bcbf18c,2024-01-31T10:16,7,207.13,Online,Completed
2edb500f-aeeb-4adf-842a-4b1dafb2d277,1eeb9c5f-5b7a-47af-b4f1-5a50d9d1089c,2024-02-10T10:16,8,157.60,Online,Pending
a7977bda-9d9a-4daa-b9d9-692f60d970a7,b95f7619-fab2-4df9-8683-1f2aeb93a660,2025-01-18T10:16,8,75.20,Card,Completed
ada76e71-d41b-4e83-81ff-af42b8c7630a,a938df5f-7764-459c-8bfd-90409d16b3c6,2025-04-06T10:16,2,46.64,Card,Cancelled
dcc059cb-ad2c-4782-bde9-d15b9400437b,77ca464a-fe0d-4dcc-8f08-3eb2f7b64f76,2023-12-02T10:16,7,158.55,Online,Pending
892311c6-60b5-4e87-80ab-7227c235a46f,a3f626b9-cc27-4c04-8570-be79ab8bda4a,2024-08-25T10:16,5,103.70,Card,Pending
da06a1b4-d5a2-47fc-a663-3b91a997c0ac,bf0de251-90d7-423c-8b31-48df1a89964f,2024-08-13T10:16,3,53.61,Card,Pending
5e8979b2-243d-4904-98d2-24067a4775d1,d87f31d7-79ef-4c17-856e-142e791b04da,2023-12-31T10:16,3,45.99,Card,Completed
093edacb-c1ed-4010-a131-eaa09915e47c,365c90d0-a590-4209-9401-2ce55af5ed98,2024-03-02T10:16,3,70.17,Card,Completed
e298e3fe-0983-48fa-ada0-3a3ff417ac5b,c83bba2f-5229-4998-9566-1f3179b13e8a,2024-02-18T10:16,9,69.57,Card,Completed
a3bfc374-ab1c-4ad9-b72c-d40056ba6038,8b546c63-5406-493d-bc69-cfb594b38267,2025-11-09T10:16,3,89.10,Online,Pending
ba09a3a7-3dd1-4f76-88cd-9b2efe6eef59,b047b369-02d0-4f25-9af0-f1e883228863,2024-06-16T10:16,2,47.26,Card,Pending
de73586e-1167-4346-8b6d-daf794f05c98,59827b2a-ae17-44b1-bd6f-6f08718559cb,2025-09-20T10:16,3,39.12,Card,Completed
3336d400-1fe7-4fb9-8929-3ee7b1a050e2,209e786b-2a61-4e52-a3b2-1cc98bcbf18c,2025-06-27T10:16,1,5.50,Online,Pending
4a4e95fd-9bc0-4da2-9e8d-05ec88f6beda,65b2c0ea-6192-47fc-9286-2c1dd3ecefb1,2023-11-28T10:16,4,54.32,Card,Cancelled
6245bbff-5900-4a37-8e26-43e1bd2051c2,8250871a-2b35-424e-a1a1-4eb4faffabfb,2025-03-13T10:16,3,65.91,Card,Pending
e95ee462-2833-49b7-93a2-73e144941852,885715b6-b1eb-44ca-8460-28c0343e56f3,2025-07-26T10:16,6,99.66,Cash,Completed
044c11f9-e171-40f5-bc5e-13a34be6d206,25659c0e-6eb5-4c57-add8-fb6ac5f42699,2024-12-25T10:16,7,166.46,Card,Cancelled
eef6fa33-5793-4d10-81bd-4088fbe743f6,1eeb9c5f-5b7a-47af-b4f1-5a50d9d1089c,2024-12-31T10:16,7,59.50,Online,Pending
b47729d4-5b27-46dc-b77a-b66bc0d8c9f7,4e44f26d-5455-405b-8fdb-63ab8b739ecf,2025-10-31T10:16,2,40.56,Card,Completed
019e757e-081e-43be-b2b7-5493fc590ddc,5d6f84a5-a4de-442e-99b9-b8ef714b4436,2025-01-01T10:16,6,77.10,Card,Cancelled
5661bb16-8b82-48c8-964d-25274ffaeb30,4f6ae324-5b6d-47d6-a86d-26ec6fbe1e0e,2024-06-07T10:16,2,37.68,Card,Cancelled
edc7ffe0-24f9-429b-8963-17d09ed412b9,46032f36-69bc-465a-9b33-a5d560bfd77a,2024-07-01T10:16,8,138.16,Card,Cancelled
bdd53835-a626-4cd6-8ed3-d521651ebea1,7d2df59f-386d-4aec-85a8-2443262a0cb4,2023-11-27T10:16,9,167.76,Online,Pending
9d65edb0-58db-4597-b890-b450b39b22a5,d7af10ce-45c9-4fc8-8dd8-b1c5491aad5f,2024-06-10T10:16,1,11.28,Card,Cancelled
460695d2-cbe4-4ad0-932c-243de4163155,3e97fc93-73a7-45e0-9888-f7a03ee258a7,2024-11-21T10:16,1,20.78,Online,Pending
744e5ef1-0802-42cf-ae8a-70b2f18c7bb0,b04ce307-2d1f-4214-b023-d8f4379041a1,2025-11-09T10:16,4,110.48,Cash,Pending
0dfacfb0-f8e6-431d-9b55-030466996600,98b17fed-218c-4f20-8410-9f0edfc74455,2025-10-28T10:16,6,92.58,Online,Pending
18a109e3-38af-4ffd-9306-73c1c7838b64,428424b7-1f94-496a-8b7a-497ce177d32c,2024-05-26T10:16,5,102.85,Cash,Pending
e199571f-37f5-415c-8b00-f0a59dc78f3a,a190f67b-21df-46bc-8164-46bdfa00af85,2025-07-10T10:16,1,17.81,Online,Cancelled
be6b1daa-5dc5-4688-aa6c-dd67dfe82655,e6cb1215-5314-4d05-bfd1-f6e5d36e89f7,2025-03-04T10:16,2,52.82,Card,Pending
f1058266-3e41-4895-b161-ec560be2bdf4,0a5bd884-b432-4ce5-b14e-44b4aedd4c0f,2025-08-31T10:16,3,33.18,Card,Cancelled
fe09c756-7b9f-431f-9966-187b96013c67,bf0de251-90d7-423c-8b31-48df1a89964f,2024-10-09T10:16,9,97.92,Online,Completed
1ffa1e26-cbdf-4e7e-a97d-a9d00cd8a3d4,6c3bf618-a715-40f9-9faa-cfc5f5beef2f,2024-09-26T10:16,3,63.45,Online,Pending
26c414e7-9f2a-467a-a10e-b95d422a18e1,b90a3a7f-421e-47e5-8598-fe50f365a62e,2024-03-28T10:16,3,24.72,Cash,Cancelled
a25aa8e6-60b4-4897-9684-6ccfc9e81b5d,6f61ca8e-51a1-48e0-abfa-88326e713e34,2024-06-01T10:16,8,68.64,Online,Completed
2c3ce90f-0be3-4bb5-841c-5609b2c5e6e4,c5817fdc-a4dc-4879-b957-30cfda62016b,2025-04-01T10:16,1,18.35,Cash,Pending
14f2e2a9-aa2f-4613-95c8-0cffb5a3d2a3,c63bd277-c81c-40c5-8720-6ce916d653c4,2025-08-15T10:16,2,24.64,Cash,Cancelled
bfbf5058-123b-400a-8c3f-9ea61787fab9,e6e1db85-f8ba-4264-9c9a-520ecda4bc4c,2025-08-26T10:16,4,45.52,Cash,Cancelled
2bd74191-5a52-4a41-95a8-1edef4e89807,3e97fc93-73a7-45e0-9888-f7a03ee258a7,2024-11-08T10:16,9,258.57,Cash,Completed
9add8f18-9e05-4654-b488-5716f4c00311,c63bd277-c81c-40c5-8720-6ce916d653c4,2024-10-12T10:16,4,42.96,Online,Completed
547ad366-e819-4f43-af94-17e8fb277618,bc58b12c-65c4-4f21-89ef-3e492a22ef7c,2024-10-02T10:16,4,48.92,Online,Cancelled
c339d354-b216-457d-b517-2078200d6b7c,68169a66-a8d4-4763-914e-7befc826445b,2024-07-30T10:16,2,48.70,Cash,Pending
c4b09594-5edc-4071-9012-9d2a85f79ce5,fbe227d7-6d32-4407-9783-7fdac983e55f,2025-04-29T10:16,8,227.28,Online,Completed
1fbec27a-e028-47cc-8d20-3069adddf226,93cdeef1-3fc3-4a63-a275-0ae87ae6b335,2024-12-16T10:16,9,238.68,Card,Pending
3561b5ae-7c69-44c6-bbd2-809f000d98ef,941529ef-2114-4bff-907a-4596ff4593a1,2024-09-24T10:16,1,13.07,Online,Completed
7442b94a-6a04-42fe-9262-165a61d05954,ff4db0d8-e809-46e8-9ae0-78ffee4902d9,2025-05-21T10:16,8,121.92,Online,Pending
51a576d3-7bc1-4e0a-9376-170292412764,e886c155-0dae-4b36-88f5-a86fa474d1f6,2025-05-08T10:16,6,88.38,Cash,Completed
54698787-a55f-4093-9b94-08264ef34ea2,4bb2d776-14c0-4ef6-b8ba-c580cbed72b8,2024-03-15T10:16,5,44.85,Cash,Pending
1b38b793-307f-49ed-90c8-b30c6f9c07b3,8626238e-5813-415a-9a8c-db944b1e0269,2025-09-09T10:16,4,43.96,Card,Pending
0e160253-7b19-4632-85ca-c7c5d0eba2bf,4e6807ca-aed8-4ec9-b1b0-0e3aba57efb1,2024-08-22T10:16,1,15.85,Card,Cancelled
efaef801-1cbb-49ca-8a0d-e20eedb41a36,fe624323-ba72-456d-9842-ed9e0edc75df,2025-09-17T10:16,1,29.46,Cash,Pending
9ef91219-7d44-4648-827b-9472b20b657d,5400d214-6176-40bf-88d2-3f53ed38bf69,2024-06-26T10:16,4,94.92,Card,Cancelled
09c5391c-9761-450e-a725-fa4ec0f7cb92,5400d214-6176-40bf-88d2-3f53ed38bf69,2025-02-07T10:16,4,20.04,Online,Pending
fc74cc43-5e8c-4c1c-baca-b74e5eea2efd,6bd388d4-5636-450b-bacd-55bdcb769bab,2024-04-06T10:16,5,81.55,Cash,Cancelled
7d767359-55fa-4805-8634-388d9e4e5679,4bb2d776-14c0-4ef6-b8ba-c580cbed72b8,2024-04-14T10:16,2,10.20,Card,Cancelled
a01691ed-cff4-4da8-92cb-62ba517737d4,4e6807ca-aed8-4ec9-b1b0-0e3aba57efb1,2025-03-23T10:16,1,25.59,Card,Completed
3a293ff8-0210-4357-b2ba-e9dbbbdfb5cb,6e6d2c67-f7fb-4a98-8f9a-4822259b25c4,2024-06-01T10:16,6,59.70,Card,Pending
5b7afa4d-16a1-48f2-9516-84ebd4267a55,824998a2-7592-4051-ab0b-d5e12743c93b,2025-08-24T10:16,4,116.60,Card,Cancelled
ded29652-6878-4773-b9f1-fe3f159650bb,00d7ae70-0f46-4453-963c-4ab2a3d29314,2024-09-10T10:16,6,56.28,Card,Cancelled
e0b1eec6-db60-4f36-89c4-1c411d22c12c,67c276b0-7be6-4f3c-bf86-c342095c8112,2024-06-21T10:16,7,111.65,Cash,Completed
72024dfd-9fae-45ad-9bd2-2f80dd313941,90f0db1e-2b19-43f7-ba17-233c7c214eca,2025-05-28T10:16,9,77.40,Online,Pending
d8ea1ca0-74e7-438e-8a44-6a0a82db50d0,f0a6a958-e434-41bf-a830-dffa55a34db5,2025-02-18T10:16,5,85.35,Cash,Cancelled
59182f57-ba08-4173-83aa-3e088bb1aca4,8f7f530b-bb30-4a05-b437-744ed30af54f,2025-03-29T10:16,3,82.98,Card,Completed
83846dd6-a5c9-4369-bb88-3a82fffb7eb1,b014b56e-3263-4b63-8430-46e00bc5ea77,2024-07-06T10:16,2,34.62,Cash,Cancelled
ac60ae98-c790-455e-a4af-29aa3d4bb3c5,726d71e2-70fd-4416-8568-78619c14a73a,2024-11-06T10:16,6,53.34,Card,Pending
ec952c21-378c-4e2e-bf31-0f3b5e263c3f,e38afcd9-9e08-47ba-bc92-5ebb4bc271eb,2025-10-05T10:16,8,154.40,Online,Pending
b22c7825-3deb-420c-85a8-7f81c21aad88,0df3bae1-6384-4856-aa27-aef9f6c48b75,2025-01-05T10:16,3,75.90,Online,Pending
f9ca8cc0-86be-4365-95ad-03efd0734cab,b0d737cd-ec4b-4a88-aa81-d012ef3fb719,2025-09-09T10:16,6,118.80,Card,Completed
a0790a67-7e75-43e9-9381-28deae62be25,d33bbfcd-a2ca-4e80-8a1c-65223f061e7e,2024-11-14T10:16,5,103.05,Cash,Cancelled
f7a89c07-1311-4318-8d51-e117dc691d42,a938df5f-7764-459c-8bfd-90409d16b3c6,2024-09-13T10:16,3,41.91,Cash,Completed
82590d5f-4392-434a-889d-5948b968406e,953417c6-cd52-45e9-9ca0-bb450653c934,2024-10-31T10:16,8,202.48,Cash,Completed
2c330468-2f47-4ad5-88d9-4ff8974f3af6,68169a66-a8d4-4763-914e-7befc826445b,2025-05-24T10:16,5,105.55,Cash,Cancelled
22f764eb-e300-4877-84b3-e1cefd5d805b,b047b369-02d0-4f25-9af0-f1e883228863,2023-12-07T10:16,2,18.66,Online,Completed
e46d6ff4-ac2a-455b-b2dc-a5372e63a3ae,7d2df59f-386d-4aec-85a8-2443262a0cb4,2024-01-12T10:16,3,15.87,Card,Pending
bcc56299-d794-4894-871c-3f8dfcbc6b7e,0e0d5f13-edd5-4ab0-9ddd-3df111bedc5a,2025-10-30T10:16,1,22.28,Cash,Cancelled
f9673290-9c35-4fce-ba7d-a660d92827b1,d87f31d7-79ef-4c17-856e-142e791b04da,2023-11-13T10:16,5,82.60,Online,Completed
3ff9eaff-a2e7-4bdb-8f3c-a74b18e3b31d,ceafdb2a-788d-48e0-acdd-bd533a2e7ab6,2024-12-26T10:16,4,93.88,Cash,Pending
5611a479-3a7f-4598-a277-4eb51a19e56e,6bd388d4-5636-450b-bacd-55bdcb769bab,2024-06-26T10:16,7,64.40,Card,Cancelled
ec70a5bc-113b-40d0-b302-c03e72348eb3,92da274a-bea2-490a-bb52-196c46fa8487,2024-06-21T10:16,6,53.22,Card,Completed
05fc0e6e-8797-4411-8472-ba6de848a280,7509850a-5062-4da9-aad6-bc5b9e363ef1,2025-08-16T10:16,6,161.16,Card,Pending
d78e5c91-9853-4a04-a735-cb5af292c8db,49af098b-bf79-4643-8e49-739ea932d38b,2024-01-24T10:16,9,248.49,Online,Pending
32678f58-ec9a-44dd-b7f9-534599fa028b,0dd437d0-74fa-43c3-8909-5c955e4d47dd,2025-06-25T10:16,6,36.90,Card,Cancelled
ba8b0840-d34f-4261-853e-a1ac2b10ae80,e38afcd9-9e08-47ba-bc92-5ebb4bc271eb,2025-01-15T10:16,5,39.15,Card,Completed
ef7a11a0-55d0-4b28-ac9b-1d1c93de4259,73a2b03c-2dca-486e-8ebc-c4d6bb68a8c6,2025-06-08T10:16,2,14.20,Cash,Pending
5528da63-9b39-463c-abb3-3b0ca37f3d9b,8887df7e-682b-4d48-b18c-c1ddfa0aaa26,2024-12-25T10:16,6,108.00,Cash,Cancelled
573a746e-d0c2-4654-917b-6ff8667ade36,103fcba5-5588-45a5-9fe0-6ac948d3860e,2024-02-03T10:16,6,127.80,Online,Completed
74760517-58d8-45cd-8837-d522a2aabf8c,3910ab11-8758-4a4f-8a9b-c4f5df7413c4,2024-04-22T10:16,4,71.68,Online,Completed
bb6da1b6-65f7-48d8-93f2-bee45eb11350,050d9901-1cb5-413a-9c31-282028f863c1,2025-05-02T10:16,7,119.21,Card,Pending
18ae1506-b016-43f6-bdd2-65ba8e2a2976,8e1bbe6c-7b75-46dc-8ca1-0b1664cd6ae4,2025-08-15T10:16,5,78.90,Cash,Cancelled
fab38d6a-4f54-4f7f-bd7f-b20648d649e0,59827b2a-ae17-44b1-bd6f-6f08718559cb,2024-05-17T10:16,5,114.65,Online,Completed
a201b267-efba-4b4d-83d6-b68ce8cb09ae,3befa4dc-d961-4a3a-9410-d43d1bdaa335,2024-08-26T10:16,9,130.05,Online,Pending
29c8d9cc-b1ae-4f03-bfa3-3354952e0b3d,885715b6-b1eb-44ca-8460-28c0343e56f3,2025-10-19T10:16,3,21.24,Online,Completed
9f7a6e01-55ae-4c70-92bf-eb4f397e31e1,7a18d550-38d0-40b2-84a7-547162e7e409,2025-01-22T10:16,7,121.80,Card,Completed
7c9fef4a-f0ea-4ea6-85d4-d8535fa08282,983d66ae-c8b0-46b8-8abc-26a1055cf729,2024-05-25T10:16,7,87.43,Online,Cancelled
974aa524-bfd1-4992-86ab-975bec158724,3910ab11-8758-4a4f-8a9b-c4f5df7413c4,2024-10-16T10:16,1,16.54,Online,Pending
ab572d85-49ad-4a18-bbea-0e2414674834,e886c155-0dae-4b36-88f5-a86fa474d1f6,2024-09-09T10:16,5,104.20,Cash,Completed
e24b9fb0-1bf1-4fce-a440-0f13d12f41bb,5d6f84a5-a4de-442e-99b9-b8ef714b4436,2024-06-24T10:16,4,76.88,Online,Pending
b77a7ef0-7176-4965-baca-f355867ae00a,a5ffc907-be77-43e6-8694-4a0bf09bd3fb,2024-01-07T10:16,5,109.90,Online,Pending
54084e9e-af29-482b-affe-60dff98c1e0d,f543de06-e341-4de2-95ab-ca0fd3ee51fe,2024-03-22T10:16,7,81.06,Cash,Pending
0044b187-4e13-42e6-84a4-6aa9eb25afba,98b17fed-218c-4f20-8410-9f0edfc74455,2025-08-08T10:16,2,22.14,Card,Pending
86fd25c2-dd06-4c20-b366-cf18a4d85c0d,7a2e5fa5-096b-4701-8ce6-7a3db39bf8eb,2024-12-19T10:16,2,34.22,Cash,Completed
35dca3c6-c873-452c-a6af-1bff75b6d049,0a5a9fc7-e126-48f0-99aa-dea85c606f66,2025-02-27T10:16,3,78.57,Online,Completed
1bae224a-235a-4acf-88dd-8f6d5d6a8dc9,49af098b-bf79-4643-8e49-739ea932d38b,2025-05-13T10:16,3,68.94,Card,Completed
e2b5d886-ac8c-4231-ab9a-eb60541b351b,59827b2a-ae17-44b1-bd6f-6f08718559cb,2025-03-18T10:16,6,61.50,Online,Completed
b3b74558-99ef-46ee-9f1d-2a211b0cf262,cf65c4b6-4c1c-420b-95de-23e5b56ffad5,2024-02-15T10:16,5,95.95,Online,Completed
37343f92-b547-4a0a-a826-0420d6aa8e45,bfa3444b-2be9-46be-b944-720d86a59770,2024-11-07T10:16,7,121.73,Card,Pending
a51c52e3-4d90-485d-a1d6-9a0008037dfe,36b880b0-e9bd-4c0b-8f1c-32018f6c758a,2025-07-19T10:16,9,86.49,Cash,Cancelled
592a2fa9-657a-4154-a85c-4d99a97d17f0,3ab3404a-ee80-4ed2-8d90-a6f0dad14e48,2024-10-03T10:16,4,28.60,Card,Pending
b852f31d-72f9-4fd3-b034-c0a7d1044975,401a6911-a31e-4892-adc1-56e3e1eb090a,2025-11-09T10:16,1,24.18,Cash,Completed
68ecaccc-2ac3-4c1e-b347-a59ca7cdae72,59827b2a-ae17-44b1-bd6f-6f08718559cb,2025-07-02T10:16,6,112.50,Cash,Pending
b5573128-d448-448d-be90-ada8eb65921f,050d9901-1cb5-413a-9c31-282028f863c1,2025-01-23T10:16,8,150.16,Card,Completed
9254ad5f-4b26-4328-9b8e-f7d60f12c943,d7af10ce-45c9-4fc8-8dd8-b1c5491aad5f,2025-01-22T10:16,5,82.75,Online,Completed
d8672311-7c8f-45fd-89d5-bfcc555c34d2,058b9c75-b72f-4594-80d2-e41194ff7672,2024-10-30T10:16,5,45.70,Cash,Cancelled
04f431b6-5be8-4c03-9c6a-ca1ada1df301,27e45431-1333-4ffd-a0c8-be56ffdc5d4e,2024-06-09T10:16,8,162.80,Card,Cancelled
57ec43b2-cae8-41e3-ad5f-71f836b73b05,1a31c678-d420-495a-aff3-0f1609514e1e,2024-05-11T10:16,9,151.56,Cash,Cancelled
73f49b62-bf2e-4447-93a1-31e1d616891f,65b2c0ea-6192-47fc-9286-2c1dd3ecefb1,2025-05-18T10:16,9,45.54,Online,Pending
7e33b6d4-9972-4c09-a145-ee8744a5a5c9,c63bd277-c81c-40c5-8720-6ce916d653c4,2024-02-19T10:16,6,104.64,Card,Pending
f9e4d8cd-eaef-4de1-9eb7-351ce4ec7694,00d7ae70-0f46-4453-963c-4ab2a3d29314,2024-07-02T10:16,3,75.06,Online,Completed
bbbe2724-cb65-4bbb-b7ec-1b9304f86f4a,6aaabc79-3d35-410f-bb96-f86a3930d0ff,2025-07-14T10:16,7,199.64,Cash,Pending
7f44eaca-eccb-4c90-8b92-c0b210683375,bc58b12c-65c4-4f21-89ef-3e492a22ef7c,2024-01-29T10:16,7,131.60,Cash,Cancelled
01b8004f-3bdc-4f3e-8f74-0efdb93f23ab,2c6dafc9-06cc-4b3d-8b8d-12aae0644c58,2024-08-02T10:16,5,45.45,Online,Cancelled
c29116a4-f759-43ed-afea-dea4baae6484,6c3bf618-a715-40f9-9faa-cfc5f5beef2f,2024-11-03T10:16,8,162.32,Online,Cancelled
2563fe54-1bf4-418e-a1d5-06a8b8174e75,7d2df59f-386d-4aec-85a8-2443262a0cb4,2024-04-17T10:16,5,73.10,Online,Pending
8296070b-f521-4af3-90c5-0bd6cba69f80,4f6ae324-5b6d-47d6-a86d-26ec6fbe1e0e,2024-10-25T10:16,5,46.35,Cash,Cancelled
6cc0b859-d02a-4467-a164-2c9672ed7ac7,0a5a9fc7-e126-48f0-99aa-dea85c606f66,2025-09-27T10:16,2,29.54,Online,Completed
95e7f9e9-88a8-4cda-8683-daa714e8baa8,52f5634d-de98-4543-8a1e-cbf1e2d0242f,2024-11-27T10:16,7,121.24,Online,Cancelled
9bd85174-da80-409c-ac6e-a31362ae3fc2,8b546c63-5406-493d-bc69-cfb594b38267,2024-04-24T10:16,7,47.81,Cash,Pending
83c9b84e-47a8-4cf2-abd8-ffa4340f3ef0,0b2a0e9a-e050-4380-b607-57adcbbf59d4,2024-01-17T10:16,5,117.55,Cash,Completed
3925f8cd-cb1d-4449-b738-de4d977041db,52c87fd9-fdf0-4256-b929-6153ad24a0ac,2025-10-23T10:16,9,76.86,Cash,Completed
e751bcd4-056a-420e-b197-bdcf8a0a4aed,fbe227d7-6d32-4407-9783-7fdac983e55f,2024-11-08T10:16,9,110.97,Cash,Cancelled
6f436d1a-efa8-4d15-b7c1-282c80b3100f,ceafdb2a-788d-48e0-acdd-bd533a2e7ab6,2024-01-19T10:16,9,68.22,Online,Completed
66ceeba2-5625-4197-ac56-d824d756e85f,0a570207-0f70-467f-bbeb-44a0a60a9a25,2024-07-26T10:16,8,152.72,Cash,Cancelled
21fb86dd-a0ec-4155-aeb8-3be31ca8787c,c63bd277-c81c-40c5-8720-6ce916d653c4,2025-09-18T10:16,7,155.89,Card,Pending
cf5e6ae2-a47a-4636-a126-a47d50aa702c,c63bd277-c81c-40c5-8720-6ce916d653c4,2024-10-18T10:16,1,27.59,Cash,Completed
52c4561e-44df-4c94-8dc0-94c6ab75842a,fe624323-ba72-456d-9842-ed9e0edc75df,2025-07-20T10:16,4,49.72,Card,Pending
d6b1d72a-cf6f-4802-9744-9f34d543687f,bfa3444b-2be9-46be-b944-720d86a59770,2024-06-28T10:16,4,80.36,Cash,Completed
37dfecf6-87bb-4215-b66a-cb186694b159,2c6dafc9-06cc-4b3d-8b8d-12aae0644c58,2025-10-28T10:16,8,160.88,Online,Cancelled
640f844a-fd3d-4ed1-a18f-ebea51f7291e,b047b369-02d0-4f25-9af0-f1e883228863,2025-02-24T10:16,9,110.61,Online,Pending
9f5e1633-09ad-439e-9fbe-d76f91bc811f,ff4db0d8-e809-46e8-9ae0-78ffee4902d9,2024-12-27T10:16,7,63.07,Card,Completed
205a39a4-2a43-4f3d-9de2-b502346217d4,885715b6-b1eb-44ca-8460-28c0343e56f3,2024-08-05T10:16,8,179.76,Card,Cancelled
bb1d3b58-6e7b-4d1d-bab9-ba1e39e3fc64,0a0ac3e5-6e20-4fbc-87ec-5481c70e38bc,2025-08-16T10:16,9,56.25,Online,Cancelled
173c8666-0e7a-4c8b-843a-7d19c35fe94d,59827b2a-ae17-44b1-bd6f-6f08718559cb,2024-09-21T10:16,4,110.48,Cash,Pending
ecf1b7c2-f578-4feb-a24a-2c6b9a3a109f,a3f626b9-cc27-4c04-8570-be79ab8bda4a,2024-05-19T10:16,1,18.52,Cash,Completed
6cd691bb-fa93-4daf-97cb-4bc541b59e15,11526850-7335-463f-b740-a52a90457c3b,2024-04-14T10:16,6,39.66,Card,Cancelled
f7fd974e-3c10-45c8-afd2-f158a27d62dd,d33bbfcd-a2ca-4e80-8a1c-65223f061e7e,2025-05-12T10:16,8,184.72,Online,Cancelled
2b177dda-835c-4912-b1a7-2cbaba59a8c2,7a18d550-38d0-40b2-84a7-547162e7e409,2025-04-01T10:16,6,179.52,Card,Pending
9a68fc7e-a174-4d68-889f-069cc9178b1c,9305d562-2505-493d-8ed8-3fb721c8f491,2024-10-17T10:16,3,33.48,Cash,Pending
a6ae100b-9e31-4468-98cb-cb1deb6aec4a,0a15d43b-8f6b-444a-bef2-ffbddfdbd16f,2025-03-18T10:16,3,53.88,Card,Pending
0642b8c6-da41-47d8-82d7-f02fbf521225,bfa3444b-2be9-46be-b944-720d86a59770,2025-01-03T10:16,2,26.16,Card,Completed
0914f3ee-abd7-4ecc-8b46-a92bdae0ed59,90f0db1e-2b19-43f7-ba17-233c7c214eca,2025-01-07T10:16,4,106.44,Cash,Completed
226a99c3-0630-4da1-b5c7-691a7efccc42,5d6f84a5-a4de-442e-99b9-b8ef714b4436,2025-09-15T10:16,1,25.71,Cash,Cancelled
c088a140-21bd-4100-ae3e-6be03a3bf80c,f90cf3ca-e2d0-4129-bc7a-e8a2b80880da,2023-12-15T10:16,2,25.38,Cash,Completed
64ad33df-8f7f-4ca8-9cdd-d17e893816c1,5f0f3def-9ff6-4282-ad04-001c4a769966,2025-05-17T10:16,4,114.88,Cash,Completed
9a1e44ce-2a9e-49cd-a858-2c0a9c6e2638,a3f626b9-cc27-4c04-8570-be79ab8bda4a,2025-10-19T10:16,1,27.38,Card,Completed
b351cf4a-2aa4-4b64-8149-9177bb40ae21,a5ffc907-be77-43e6-8694-4a0bf09bd3fb,2024-03-21T10:16,6,101.76,Online,Cancelled
2c29029c-367c-408f-9fe7-a38949f1ae0c,46032f36-69bc-465a-9b33-a5d560bfd77a,2025-09-06T10:16,3,79.35,Cash,Completed
399d5ce3-000a-4a35-9089-5b8528d32dd1,e85d0261-2d97-4475-a749-363ec9040a74,2024-10-04T10:16,9,129.33,Card,Completed
2f262552-beed-4ade-aabc-a1689f513061,4bb2d776-14c0-4ef6-b8ba-c580cbed72b8,2024-08-30T10:16,4,101.16,Online,Completed
7aa66999-0d20-417e-a1e0-934a85a58e72,ecf1ffb0-ac00-4968-87ea-8beef4ace55a,2024-07-11T10:16,1,10.56,Online,Completed
e0428443-df43-45f6-bbde-c6e1dc7873b1,885715b6-b1eb-44ca-8460-28c0343e56f3,2024-03-04T10:16,7,168.35,Online,Completed
bc646860-41af-49f2-9ac7-8d4aee59de6e,a302a1a8-c429-406f-abff-9f273aa0a4b5,2024-03-19T10:16,4,28.28,Online,Completed
d63d4f40-bb63-4271-a6d6-e4e5b606a01e,0dd437d0-74fa-43c3-8909-5c955e4d47dd,2024-11-29T10:16,6,144.42,Card,Cancelled
3b62d8d0-5c30-46d3-be7e-eeb53c168ec4,e277d099-db2a-4aee-ab86-8b0e73a34383,2024-09-19T10:16,2,45.86,Online,Cancelled
ee8df0ce-588d-4d08-bb87-4f42ba95e413,4b14a58c-f1e4-40b6-888d-a88cd7055099,2025-03-16T10:16,7,98.63,Cash,Pending
95c16b2b-ed35-49d0-911a-2e6d5baa818c,0130fcd4-a6cf-4a72-8400-7bcae1abce34,2024-03-02T10:16,3,74.46,Online,Pending
c0a460fb-22d7-4870-af33-5bb5c3a1a172,ba5d9947-b043-4aca-8ee0-6b77895cf8e8,2025-03-11T10:16,7,71.68,Cash,Completed
0a1782a3-98e6-4ab9-972f-636f8f55b197,bb6bf39c-f455-4e08-a59e-1bdaaa91d4aa,2024-07-05T10:16,2,18.40,Card,Cancelled
642eb82b-3705-4c0a-9b93-7afda5c44ad7,59827b2a-ae17-44b1-bd6f-6f08718559cb,2025-01-31T10:16,8,95.44,Card,Pending
7fcb98a3-7882-4279-be5a-caa9e46c8113,0fcf4084-ea31-49f8-99f9-9bf8c8b0c16b,2023-11-16T10:16,8,229.20,Card,Pending
7e3f7687-c793-446a-a638-bc54b727bc35,f067e21d-d1d4-4e87-9cae-9753f5f9ccb6,2023-11-20T10:16,6,120.30,Cash,Pending
f2e28590-0192-4de7-974e-914f0c3a4fad,dcfb3d05-846d-4915-99f3-ebbc7559d972,2024-06-19T10:16,5,89.90,Card,Cancelled
18c78b71-fb31-424b-95f0-a32b79cee0e8,4e6807ca-aed8-4ec9-b1b0-0e3aba57efb1,2025-02-25T10:16,3,51.27,Card,Pending
d6e93ef6-a659-4b6f-83c8-706272766d13,d5eaf6a7-76cc-48ec-98d9-ba713e2df70f,2024-10-09T10:16,2,56.66,Card,Completed
1c37578a-9507-4884-a684-c528be20ea66,f6c35464-33dd-44a7-bf84-071f2e427045,2024-03-31T10:16,8,48.00,Card,Cancelled
a541ce04-03e2-4f1f-b0fa-81412d249882,aff4340c-d102-49ba-af8e-84d2737ce82c,2025-04-17T10:16,4,101.52,Online,Completed
4d2a91a4-5362-4152-abc7-69d336765ccb,7509850a-5062-4da9-aad6-bc5b9e363ef1,2025-08-02T10:16,3,48.42,Cash,Completed
a0b1ad10-6b5e-45e2-a3ba-e6a0befea7b7,a190f67b-21df-46bc-8164-46bdfa00af85,2025-06-23T10:16,1,18.37,Cash,Cancelled
06bb17e4-bb05-4654-a24c-bc035dfa5409,ba5d9947-b043-4aca-8ee0-6b77895cf8e8,2024-08-02T10:16,6,144.30,Card,Cancelled
b03dc46c-060a-40d8-9d49-d84d5d1d8345,8626238e-5813-415a-9a8c-db944b1e0269,2024-08-28T10:16,8,198.40,Online,Cancelled
aff7a758-e69a-4289-9def-400be5cf928d,d6d4ef4b-0870-48aa-b884-013237f255f4,2024-07-19T10:16,3,33.87,Card,Cancelled
c39efa0c-7368-4018-931c-6a2f09dce044,6c6a3b10-9747-4dca-a041-4edc22d147b0,2024-07-14T10:16,6,174.18,Card,Pending
d7258524-9fc8-4048-8f7d-b284763817fe,99c406e7-092b-4eeb-bc08-56fc041c253d,2025-08-22T10:16,9,246.06,Cash,Cancelled
64931403-a5c1-4f53-9976-a97648d874d6,7a2e5fa5-096b-4701-8ce6-7a3db39bf8eb,2024-08-16T10:16,3,50.91,Cash,Completed
98b37b88-8ee9-459f-b639-f023ee05e476,885715b6-b1eb-44ca-8460-28c0343e56f3,2023-12-09T10:16,8,169.28,Card,Pending
d629fc02-4b55-409b-8cd8-b8091c5cc790,bf0de251-90d7-423c-8b31-48df1a89964f,2023-12-09T10:16,7,127.82,Card,Pending
d25720b4-21ef-4ff2-94dd-9f5991f308f6,e277d099-db2a-4aee-ab86-8b0e73a34383,2025-09-29T10:16,3,38.10,Online,Completed
69b22fff-ec7c-4e36-b18d-ad6d130a1873,910b1d47-5c37-48b1-8bde-96c60660f1d7,2024-11-27T10:16,8,68.88,Online,Completed
c4a7dcac-2171-4e97-99c9-3ec335537bda,5eb75bc0-d5fa-4209-9d42-7767f3f0585b,2025-08-27T10:16,9,49.14,Online,Completed
27df0e1b-9d07-4e41-94d0-ebb34d420fb4,1eeb9c5f-5b7a-47af-b4f1-5a50d9d1089c,2025-04-29T10:16,8,143.52,Card,Pending
be11159e-1ef9-4b5f-9b54-657369cc4c70,9b9edd1e-b4f7-414c-b8b5-a3dc51fa0a8c,2025-01-30T10:16,1,12.31,Online,Pending
68b7830c-2840-4a15-83ef-b65f4a4a0f29,983d66ae-c8b0-46b8-8abc-26a1055cf729,2025-02-21T10:16,5,143.20,Cash,Completed
16424fcb-6153-464f-ac03-c7cf0af4e00f,fe624323-ba72-456d-9842-ed9e0edc75df,2025-07-09T10:16,2,54.48,Online,Cancelled
cb7b9c29-2bf5-475b-b8aa-811557a7c120,e119f98a-df63-41dc-8e01-bb49ca2dc724,2025-03-26T10:16,5,54.15,Cash,Completed
ebe23100-2406-4e92-823b-f09fd5b21d09,4739f27f-7a96-4d52-83ae-0c6fd4c8c606,2025-08-31T10:16,4,65.48,Online,Cancelled
bfbe7306-fed2-4aad-8d7c-aead747fc03e,fbe227d7-6d32-4407-9783-7fdac983e55f,2025-04-22T10:16,1,13.58,Cash,Cancelled
a0b389bf-1e87-41a6-8692-e74d12346527,795088d7-d227-422e-ad8c-f048bde0675e,2024-10-17T10:16,4,29.08,Online,Pending
97a5aada-bf20-4d64-8db7-e8e1dd02d161,428424b7-1f94-496a-8b7a-497ce177d32c,2025-08-01T10:16,4,51.52,Cash,Pending
05c3d016-9e35-4933-80ba-f021be62a414,25659c0e-6eb5-4c57-add8-fb6ac5f42699,2023-12-09T10:16,3,63.75,Card,Completed
a9da5796-70a4-490e-9946-0b2611bfb3ad,a5ffc907-be77-43e6-8694-4a0bf09bd3fb,2025-02-21T10:16,4,104.72,Online,Completed
49e1a063-f88a-4c90-a264-b506deaa2c5b,6c3bf618-a715-40f9-9faa-cfc5f5beef2f,2024-01-23T10:16,8,212.96,Online,Completed
b3f7fa3e-5e40-4771-981c-111e929084ed,77ca464a-fe0d-4dcc-8f08-3eb2f7b64f76,2025-04-25T10:16,1,14.89,Cash,Cancelled
41d37478-a45a-4cae-a57f-055f9f928393,caca465c-e9f2-4add-91b5-24c70595e321,2024-03-29T10:16,2,44.16,Cash,Pending
7ef62a7f-4a24-48cf-8515-9f67c6df3f10,92da274a-bea2-490a-bb52-196c46fa8487,2025-07-25T10:16,9,80.55,Online,Completed
887e1680-95ad-4478-a346-1e93fb2ff169,0b2a0e9a-e050-4380-b607-57adcbbf59d4,2025-10-14T10:16,6,80.94,Online,Completed
b8acaa83-982f-4dc1-a158-5eeea0c88c10,485b65e7-fdf4-474d-afba-37986d8d3cd8,2024-07-15T10:16,1,14.46,Card,Cancelled
49cc4b73-48c5-48a1-81f3-414430822a99,824998a2-7592-4051-ab0b-d5e12743c93b,2024-02-15T10:16,2,59.96,Online,Completed
a565dcc0-1f28-4ec3-b6b7-0fbeaf47413d,caad7924-4bc5-4f85-9662-11ca261e3c87,2025-07-02T10:16,9,227.61,Card,Cancelled
77344feb-78ca-4b34-84b4-bc65dff36723,53db1213-7316-47bb-9099-c1def0e3c96b,2024-01-27T10:16,3,73.62,Online,Cancelled
764cd5c4-cf6f-4d21-88d0-7aa655d908df,6c3bf618-a715-40f9-9faa-cfc5f5beef2f,2025-08-24T10:16,8,55.20,Online,Pending
925b8d1d-9c78-485d-bfb2-e68ce8119564,e12c3d24-86c8-474f-b86b-370df36adbfe,2025-03-28T10:16,1,7.50,Online,Cancelled
2bf66b48-cc01-40ff-94a6-5fc176b2e93b,910b1d47-5c37-48b1-8bde-96c60660f1d7,2023-12-19T10:16,6,63.30,Cash,Completed
33e00e77-f9ed-4b51-a30d-0df59f692277,0b2a0e9a-e050-4380-b607-57adcbbf59d4,2024-02-05T10:16,3,40.86,Card,Cancelled
8dccc44b-87d5-4fa3-996b-5270dbbb39ff,ec3490d2-e8da-47ee-ae12-0ca0b1d7a2bb,2024-06-12T10:16,7,165.69,Card,Pending
8270a205-7bad-491d-88e8-9c8bf1086f92,2c6dafc9-06cc-4b3d-8b8d-12aae0644c58,2025-04-19T10:16,3,88.14,Cash,Pending
8763bc9f-bb2e-4306-a238-2c9a915ea5b2,4e6807ca-aed8-4ec9-b1b0-0e3aba57efb1,2024-04-19T10:16,2,37.98,Cash,Completed
93cde72b-eea8-463d-8310-44e46c2b795c,2a109685-1399-4149-8951-fba29bb0360d,2024-10-16T10:16,6,120.12,Card,Cancelled
b108279f-f8b8-48d3-a84f-68d5843bf1bc,d3f641e5-b8b5-4f5f-9155-7768df2033e8,2025-04-04T10:16,2,33.68,Card,Pending
28f1c10b-120e-4be7-a57f-089a69327740,b0d737cd-ec4b-4a88-aa81-d012ef3fb719,2025-07-23T10:16,2,39.52,Cash,Pending
1772fb57-0eca-407a-a0d1-9ba4b5461252,ebe19120-496a-47fa-87eb-2440212a3363,2024-09-11T10:16,1,13.71,Cash,Cancelled
c1cfea7f-4c62-431b-8bc7-4184c18a9e73,4bb2d776-14c0-4ef6-b8ba-c580cbed72b8,2025-08-19T10:16,1,15.80,Card,Cancelled
a5913f17-24e2-4d2c-b3db-de1f75146b88,77ca464a-fe0d-4dcc-8f08-3eb2f7b64f76,2024-09-13T10:16,2,25.38,Card,Completed
544901ec-785e-4290-af09-8ffb40ac3cc9,bf0de251-90d7-423c-8b31-48df1a89964f,2025-01-25T10:16,1,16.67,Cash,Completed
38881f2d-83fd-4b58-8bbd-14cbbd47d02d,a3f626b9-cc27-4c04-8570-be79ab8bda4a,2024-12-13T10:16,8,144.08,Online,Completed
e68ee622-59a8-41ec-86fc-40409f20a6b1,1a48aa9a-def3-481d-922a-94300aa97309,2025-09-13T10:16,5,41.75,Online,Cancelled
7c0acb6d-e96b-4bc5-bef2-a520580381a7,11526850-7335-463f-b740-a52a90457c3b,2023-12-16T10:16,6,148.02,Cash,Pending
b4ac9344-d463-4f9f-a4ff-85736ef2d577,92da274a-bea2-490a-bb52-196c46fa8487,2024-01-03T10:16,5,80.50,Online,Completed
4b6d3e5d-64fe-4b1b-a8c0-da97ee0fe694,63846b60-b7be-4087-ac6e-56c9bc130a20,2024-09-24T10:16,2,11.26,Online,Cancelled
0ee0b2a7-93bc-440e-a376-3628ef7c40b6,9305d562-2505-493d-8ed8-3fb721c8f491,2025-07-26T10:16,3,25.41,Online,Pending
f75100c5-5eb8-465d-9074-fb1b47cd26ba,0b2a0e9a-e050-4380-b607-57adcbbf59d4,2025-10-12T10:16,6,176.58,Card,Pending
6bd9fc89-3e5a-4eaa-b237-7b9403a35b99,f067e21d-d1d4-4e87-9cae-9753f5f9ccb6,2025-06-23T10:16,1,26.99,Card,Completed
c2942737-b3f8-47b0-a7c7-c069e1440cbf,67c276b0-7be6-4f3c-bf86-c342095c8112,2025-08-11T10:16,1,28.94,Online,Cancelled
ffbade18-bc3a-4387-861e-43fb0e70ac72,d7af10ce-45c9-4fc8-8dd8-b1c5491aad5f,2025-05-29T10:16,5,46.85,Cash,Cancelled
cd95ff19-9dd3-471f-b2f1-7d7fdc5f2b35,401a6911-a31e-4892-adc1-56e3e1eb090a,2024-12-03T10:16,2,31.14,Online,Pending
5bd7d390-cc4c-4839-b7b5-d15883771aee,8b115a34-224b-453c-be69-b53a7445b466,2025-03-07T10:16,2,25.58,Online,Pending
ca40a422-b11e-4e80-a360-5d49984bcd91,365c90d0-a590-4209-9401-2ce55af5ed98,2024-01-07T10:16,8,153.12,Online,Cancelled
3418f277-c13d-4389-875d-838d56c18436,485b65e7-fdf4-474d-afba-37986d8d3cd8,2025-05-18T10:16,3,25.71,Cash,Cancelled
26c9e078-6468-45b8-8af7-cd844ce17364,9b9edd1e-b4f7-414c-b8b5-a3dc51fa0a8c,2025-03-11T10:16,5,115.15,Cash,Cancelled
46a105c9-2233-4b8e-8564-444aace1f419,0b2a0e9a-e050-4380-b607-57adcbbf59d4,2025-07-07T10:16,4,27.84,Card,Cancelled
1817f0e6-a171-40ee-9984-e79dba378a1f,0a0ac3e5-6e20-4fbc-87ec-5481c70e38bc,2025-06-02T10:16,4,113.48,Online,Pending
fce578eb-c9ce-48bb-a88c-a046a160a528,bb6bf39c-f455-4e08-a59e-1bdaaa91d4aa,2024-07-16T10:16,7,105.77,Online,Cancelled
60bd7a0b-9ab0-44fa-86b7-24c78adf41a3,aac35608-9499-49c5-811a-a059e773c968,2024-05-27T10:16,1,14.77,Card,Pending
c6e90398-e651-4dcd-aaf0-c430b8c36ab4,e38afcd9-9e08-47ba-bc92-5ebb4bc271eb,2024-09-21T10:16,4,86.20,Cash,Pending
b6c16b78-3fef-4ee9-80a0-d7124b1e2f5c,b0d737cd-ec4b-4a88-aa81-d012ef3fb719,2024-12-11T10:16,5,100.45,Card,Pending
24bc64a6-deb8-4863-bdd1-b54c3223d835,3dcaabe3-78c9-4d88-bed5-56ca7ceea07c,2025-09-20T10:16,9,164.43,Online,Cancelled
f1644f64-b650-4bef-a9f3-914062b96196,c5817fdc-a4dc-4879-b957-30cfda62016b,2024-12-13T10:16,5,137.70,Cash,Cancelled
b6aa20c1-7a60-4f4b-bea5-0772f44ed2e2,49af098b-bf79-4643-8e49-739ea932d38b,2023-12-03T10:16,6,148.68,Card,Cancelled
2e01c29b-734b-4b28-bef6-81286dc93598,4bb2d776-14c0-4ef6-b8ba-c580cbed72b8,2024-09-03T10:16,7,173.39,Cash,Completed
ddb5947f-9412-489d-b86f-9da43d03059b,aff4340c-d102-49ba-af8e-84d2737ce82c,2024-03-11T10:16,2,19.30,Card,Completed
33f2724b-11ae-4290-9dcb-1ccdeafcb49d,73a2b03c-2dca-486e-8ebc-c4d6bb68a8c6,2024-04-04T10:16,7,114.52,Cash,Pending
61b01a7b-5c58-4e93-ba83-489096150d8b,1eeb9c5f-5b7a-47af-b4f1-5a50d9d1089c,2025-02-23T10:16,3,36.45,Cash,Completed
c800d9ae-6b89-426e-933b-fbc150ebb3a9,10b26c2d-7d56-4175-84a8-a2775e128a9d,2024-01-13T10:16,9,117.45,Cash,Completed
23c51a86-8571-496b-a73f-fa0f64b52f73,d6d4ef4b-0870-48aa-b884-013237f255f4,2024-08-08T10:16,3,51.99,Card,Completed
3fc4d003-23b4-4344-b0db-f0957b00f589,4e6807ca-aed8-4ec9-b1b0-0e3aba57efb1,2024-12-20T10:16,2,17.42,Card,Pending
e38d5f9a-8d52-4244-8a23-bfc59f57ce04,77ca464a-fe0d-4dcc-8f08-3eb2f7b64f76,2024-12-02T10:16,5,95.20,Card,Pending
77bdbb12-5403-4b2e-aaa9-e17ef628f989,00d7ae70-0f46-4453-963c-4ab2a3d29314,2023-11-29T10:16,8,57.44,Online,Cancelled
73b3f93c-f21f-48c9-b9a1-9080bdf39962,8113211c-bdc3-4bb0-94d9-3fd3871f3005,2025-03-18T10:16,9,183.06,Card,Completed
8efbdfef-8779-4781-8dd6-656543e7f4fb,103fcba5-5588-45a5-9fe0-6ac948d3860e,2025-05-20T10:16,6,111.18,Cash,Pending
fd5572ed-b620-48a7-872b-7273ec5eb4f5,25659c0e-6eb5-4c57-add8-fb6ac5f42699,2024-12-13T10:16,7,188.51,Online,Completed
5a8a58c1-afe1-4da1-8119-bf60727cf4fc,5d6f84a5-a4de-442e-99b9-b8ef714b4436,2025-08-03T10:16,9,257.67,Cash,Completed
28c2f723-d59f-4ef7-8544-2a7a81a036da,b95f7619-fab2-4df9-8683-1f2aeb93a660,2024-04-03T10:16,6,36.90,Online,Cancelled
3d316704-86ca-48c2-854d-a7fe499ab5cf,89d26a00-0fde-4c03-8430-b06f6bc3f33a,2023-11-14T10:16,1,14.58,Cash,Pending
6a49b981-2efc-4243-91cc-76d2d197b655,7509850a-5062-4da9-aad6-bc5b9e363ef1,2025-03-16T10:16,1,11.31,Cash,Cancelled
a6f52e4c-4bb1-4d44-be0c-f35a8d49a707,bb6bf39c-f455-4e08-a59e-1bdaaa91d4aa,2025-04-18T10:16,6,69.48,Cash,Cancelled
3581eed3-1db8-428b-998e-958a5124e909,5400d214-6176-40bf-88d2-3f53ed38bf69,2025-05-03T10:16,3,34.53,Cash,Completed
43dcc0f6-5ebd-442b-a231-57eaf230a03a,f90cf3ca-e2d0-4129-bc7a-e8a2b80880da,2025-04-12T10:16,1,7.36,Online,Pending
44c50186-0675-4a93-8896-3ae293907fa2,caca465c-e9f2-4add-91b5-24c70595e321,2024-12-01T10:16,8,100.40,Card,Completed
a5b9fdc7-515d-46c5-8fc7-c4c6ec80eabb,99c406e7-092b-4eeb-bc08-56fc041c253d,2025-04-02T10:16,5,108.85,Online,Cancelled
2c2b5d3e-979d-401e-8e72-0decf499f1af,0df3bae1-6384-4856-aa27-aef9f6c48b75,2024-06-21T10:16,2,23.96,Card,Completed
7b51543e-9131-4fba-b92a-894f631b559f,e277d099-db2a-4aee-ab86-8b0e73a34383,2025-03-15T10:16,1,24.38,Cash,Completed
a552707a-25ed-4152-a5ee-d7d8618f0fea,56a75a3e-a944-4147-8cba-f1024726993f,2025-07-30T10:16,7,137.06,Cash,Pending
43816346-4ad1-461d-bc52-2c38ce13535d,0dd437d0-74fa-43c3-8909-5c955e4d47dd,2025-05-16T10:16,5,82.75,Online,Pending
edac1e3d-9c6c-4c7b-abe2-055eb00a045e,8626238e-5813-415a-9a8c-db944b1e0269,2024-11-11T10:16,5,25.70,Cash,Cancelled
cf2a02ea-1337-45b3-ab3a-20e545ca09e7,fbe227d7-6d32-4407-9783-7fdac983e55f,2024-02-11T10:16,9,140.13,Cash,Completed
95c1f4da-086c-4f3f-a0cf-f7757b97ae54,d6d4ef4b-0870-48aa-b884-013237f255f4,2024-12-03T10:16,6,154.20,Cash,Completed
97701f9d-8dd8-46e2-84f5-f214d5ae6a70,e6e1db85-f8ba-4264-9c9a-520ecda4bc4c,2024-07-28T10:16,3,37.02,Card,Cancelled
a3c46753-5fb5-4099-bc00-8ad435486dba,ec3490d2-e8da-47ee-ae12-0ca0b1d7a2bb,2025-07-01T10:16,1,26.01,Card,Cancelled
4af9c933-e4b6-47ae-8837-8ad6effe865d,1d32c3b3-c732-4995-aa6b-ff159deb3bdf,2024-02-24T10:16,9,106.38,Cash,Completed
f98960b9-d586-4750-89e1-ef9620d34c61,e7991221-0de0-4ef8-aa9c-ca3b59197059,2025-08-19T10:16,4,49.20,Card,Completed
6a935881-1347-4706-8232-d7ce0310ecc8,7a2e5fa5-096b-4701-8ce6-7a3db39bf8eb,2025-02-26T10:16,8,79.76,Cash,Pending
8755ee34-2913-44d6-bfec-8004d15003ee,6117b6f0-c4f4-4bf1-9eeb-f33950decba8,2025-06-26T10:16,1,6.83,Card,Pending
7e9b7a0c-1375-4a07-964f-29824ba98879,89d26a00-0fde-4c03-8430-b06f6bc3f33a,2024-12-17T10:16,3,68.49,Card,Cancelled
b930a853-754b-4dbb-9d5d-e31e718a04ca,fbe227d7-6d32-4407-9783-7fdac983e55f,2024-05-30T10:16,7,96.25,Cash,Cancelled
a4e11972-c519-41c0-b96e-3eccd1e779e8,bb9edfa8-17f7-4f6f-8e3b-616693a298b1,2025-04-07T10:16,4,55.00,Cash,Completed
788603ee-926b-4d67-9384-64b6f1d9a3f0,9fa382f0-8393-48db-ad30-43c953282401,2024-03-13T10:16,9,257.13,Card,Pending
84ee850c-8d72-473c-bc8d-4c3c7466df7b,5eb75bc0-d5fa-4209-9d42-7767f3f0585b,2025-02-21T10:16,6,172.14,Online,Completed
f55c9b99-268e-48c1-9226-4ff4e6f7c8d2,02c65c06-56ad-4670-b8e2-10ab417c7154,2024-12-13T10:16,7,67.27,Card,Pending
abfad87a-b297-4147-9936-8252e36377e3,e7991221-0de0-4ef8-aa9c-ca3b59197059,2024-12-13T10:16,6,137.58,Card,Pending
cf00c51f-d962-4c1f-8eb7-f70f6e1df6f2,058b9c75-b72f-4594-80d2-e41194ff7672,2024-01-14T10:16,2,12.32,Cash,Completed
a92ce4fb-d314-4407-b483-fa30a39c6136,a3f626b9-cc27-4c04-8570-be79ab8bda4a,2024-08-23T10:16,1,9.65,Online,Cancelled
292ffbb5-e105-4c66-8159-164bd665718a,aac35608-9499-49c5-811a-a059e773c968,2024-07-16T10:16,8,142.96,Online,Completed
e961707f-41b4-4c73-a85b-e79debae9fe2,52f5634d-de98-4543-8a1e-cbf1e2d0242f,2023-11-20T10:16,9,187.47,Card,Cancelled
fccb0cc5-fc02-4776-ab48-fec4c8ee4759,983d66ae-c8b0-46b8-8abc-26a1055cf729,2025-11-01T10:16,3,21.57,Cash,Pending
93a7a00c-aac5-496f-a988-bdf83ed68330,1233cc27-7567-48e0-8dd2-6b0019506c2f,2024-05-07T10:16,4,88.44,Cash,Cancelled
96d4d4b2-1031-46ed-8bae-64379305c577,b90a3a7f-421e-47e5-8598-fe50f365a62e,2024-11-03T10:16,4,81.44,Cash,Pending
64da95eb-3e71-4e46-ab1f-011963e3f320,e85d0261-2d97-4475-a749-363ec9040a74,2024-10-21T10:16,6,32.34,Card,Pending
8b1b6005-8bb2-41cb-b157-4efe937d8be0,c3ffc43c-0c11-40fa-9824-f234161741d0,2025-02-03T10:16,1,6.92,Cash,Pending
a81664a5-3700-435f-99a9-2dae258a59a3,09ba4183-1b94-4f8c-bc5f-eca421a88524,2024-01-09T10:16,1,28.02,Online,Pending
d5b4859a-7141-4df2-b312-5830eff1f237,9305d562-2505-493d-8ed8-3fb721c8f491,2024-01-12T10:16,9,175.14,Card,Completed
3a0ce068-33e9-429e-af42-54817fd7f92a,67c276b0-7be6-4f3c-bf86-c342095c8112,2023-11-13T10:16,1,16.13,Online,Pending
98fc5f47-ee5a-45bc-85e7-8cbed88aeea2,c83bba2f-5229-4998-9566-1f3179b13e8a,2025-01-17T10:16,4,114.52,Card,Completed
70f5a965-813c-4328-a474-f25d4d6c6691,500fde18-ea61-4380-9ea4-f06d09985870,2024-08-26T10:16,3,73.95,Online,Completed
87e685c5-118e-4f76-b08e-b67664b4ada7,bfa3444b-2be9-46be-b944-720d86a59770,2024-06-02T10:16,4,101.88,Card,Pending
2bcc5cdd-4cb5-4a26-9517-f7375d7e33a5,0472ca7f-b133-4710-8f43-24a3c6c1afd1,2025-06-29T10:16,4,84.24,Cash,Pending
c61e5eab-6ccf-4e91-9f8c-5d137ddc029c,e12c3d24-86c8-474f-b86b-370df36adbfe,2025-05-27T10:16,1,24.88,Online,Cancelled
71133301-690a-4a5e-92f4-a6dcd5c87184,2ca088cd-c6c6-4e60-a1a4-d2990ee21b12,2025-01-16T10:16,4,33.36,Cash,Cancelled
9d8a889a-a01b-4163-9212-18131569f06e,77ca464a-fe0d-4dcc-8f08-3eb2f7b64f76,2025-09-24T10:16,1,27.36,Card,Pending
d89f5aea-e52b-46bc-8f5a-e2141a15c5b2,f6c35464-33dd-44a7-bf84-071f2e427045,2024-11-26T10:16,2,55.08,Online,Completed
91fd7997-2cd2-42b6-9e79-398eaf270216,3910ab11-8758-4a4f-8a9b-c4f5df7413c4,2024-07-26T10:16,2,32.72,Cash,Cancelled
44d9de58-257c-4ee1-84a2-0c1a15957728,1eeb9c5f-5b7a-47af-b4f1-5a50d9d1089c,2025-08-10T10:16,7,174.37,Card,Pending
b72fe45e-7387-4e67-80e5-6c1c83fca8a5,1d32c3b3-c732-4995-aa6b-ff159deb3bdf,2024-01-09T10:16,3,88.92,Online,Cancelled
dff3d164-62cd-430e-b7b8-530d984c5aff,b047b369-02d0-4f25-9af0-f1e883228863,2025-10-03T10:16,5,79.35,Cash,Pending
b5397cee-8ba7-4752-8eec-6a4344693d9a,0e0d5f13-edd5-4ab0-9ddd-3df111bedc5a,2025-03-14T10:16,4,79.76,Cash,Completed
b950b2fa-55e4-439a-bc15-aa585aab5075,71f17b36-2c37-4cfa-bf8a-894fa94c0e9b,2025-10-24T10:16,3,27.21,Online,Completed
b894288e-8311-43b5-9958-ab5e9fd7f920,ceafdb2a-788d-48e0-acdd-bd533a2e7ab6,2024-04-01T10:16,4,25.56,Online,Cancelled
9d0ebd8d-832d-4d0f-b9cb-3054f0276603,428424b7-1f94-496a-8b7a-497ce177d32c,2024-03-19T10:16,9,59.04,Card,Completed
31434ff6-bb60-41ac-9a2a-11529d7aa0b6,65b2c0ea-6192-47fc-9286-2c1dd3ecefb1,2025-10-16T10:16,8,63.20,Online,Cancelled
4b56fe94-95d0-4ac5-9677-bde25e9e9464,7a2e5fa5-096b-4701-8ce6-7a3db39bf8eb,2025-09-28T10:16,3,38.25,Card,Pending
9fd6f95f-18dc-4ed3-be12-a5c37686682b,515fe1d2-d33a-4b9d-8c19-07e0cbe81a9a,2024-06-06T10:16,4,119.92,Online,Pending
a6314917-2639-4ec9-863b-3045925cbf6c,6aaabc79-3d35-410f-bb96-f86a3930d0ff,2025-05-04T10:16,7,108.36,Cash,Pending
0d17ee27-ebe2-4547-a3e7-5b97fa5a7b0f,36b880b0-e9bd-4c0b-8f1c-32018f6c758a,2025-02-27T10:16,7,201.67,Card,Completed
c8892bff-81ff-46ad-b57f-94b5f3fc0ea0,8113211c-bdc3-4bb0-94d9-3fd3871f3005,2025-03-12T10:16,7,56.84,Cash,Pending
0aa39c6e-6d6b-44b6-9974-77aebbef08dd,bfa3444b-2be9-46be-b944-720d86a59770,2024-10-11T10:16,9,258.03,Online,Cancelled
9d59bf01-d757-42f4-99fd-29b821738d1a,0fcf4084-ea31-49f8-99f9-9bf8c8b0c16b,2024-06-19T10:16,4,75.88,Cash,Completed
19ed3f19-7859-4d31-a549-78425a5a5b4b,3910ab11-8758-4a4f-8a9b-c4f5df7413c4,2025-07-24T10:16,4,96.40,Cash,Cancelled
6ef9eb58-1168-4d88-bf9c-d7450f9ca265,4e6807ca-aed8-4ec9-b1b0-0e3aba57efb1,2024-09-07T10:16,5,114.65,Cash,Completed
d6b70be9-f3c7-42de-a86b-87fb43ef9893,8b115a34-224b-453c-be69-b53a7445b466,2025-10-29T10:16,6,99.18,Card,Cancelled
6fcea7e3-4188-444c-9268-03dcb37c14af,c3ffc43c-0c11-40fa-9824-f234161741d0,2025-02-07T10:16,8,63.76,Online,Pending
8da19f92-e29d-41c8-99f5-ad095143f4a8,73a2b03c-2dca-486e-8ebc-c4d6bb68a8c6,2024-12-06T10:16,4,41.56,Card,Pending
367c2217-2d4c-468a-8ed0-5f2194a29be6,fe624323-ba72-456d-9842-ed9e0edc75df,2024-08-28T10:16,7,53.69,Card,Cancelled
29561f47-a118-4899-b1a6-f6e661ee44d0,205ea7f7-e714-45b8-a083-11247ff702a1,2025-02-03T10:16,6,73.56,Card,Completed
6a4690eb-9279-434e-93a4-789d54a04335,f6c35464-33dd-44a7-bf84-071f2e427045,2025-03-14T10:16,9,216.00,Cash,Completed
e8fda882-e9ec-4594-84f5-75704fbcf9cb,8f7f530b-bb30-4a05-b437-744ed30af54f,2024-12-27T10:16,4,91.96,Card,Cancelled
79930363-a49e-4aaf-8730-85625309e20b,f067e21d-d1d4-4e87-9cae-9753f5f9ccb6,2025-02-02T10:16,7,163.38,Card,Completed
5cd46bf8-ef49-4db7-857e-00043d02fbce,80537cf2-360f-4740-8b7e-d4cd56e22987,2024-05-01T10:16,9,230.58,Online,Completed
404dbe95-2227-4d77-811f-0e6fab5bc2f2,73a2b03c-2dca-486e-8ebc-c4d6bb68a8c6,2025-06-14T10:16,8,137.76,Card,Cancelled
47366f74-e1ac-42b4-88a9-b99a61d875fa,d3f641e5-b8b5-4f5f-9155-7768df2033e8,2024-11-18T10:16,9,71.46,Cash,Cancelled
c16a5b36-fb97-4e91-b984-cbb0ab99c304,c9dcc28a-ae5f-477c-ae7e-72d94129f449,2025-09-16T10:16,1,27.63,Card,Completed
b46ba2dc-86cb-4845-b5d4-d3dcf4ee9bdb,aac35608-9499-49c5-811a-a059e773c968,2024-08-24T10:16,3,66.99,Online,Cancelled
d20bbaa3-92d5-45bf-83d3-0fa1319bde46,0e0d5f13-edd5-4ab0-9ddd-3df111bedc5a,2025-03-03T10:16,8,116.16,Cash,Completed
5eb2b710-fbaa-46ec-a245-c2bc727dcdf7,f90cf3ca-e2d0-4129-bc7a-e8a2b80880da,2024-04-15T10:16,7,70.70,Cash,Cancelled
b2bcfcb5-1ead-457d-9c8f-6496f131e279,a938df5f-7764-459c-8bfd-90409d16b3c6,2024-06-10T10:16,5,47.60,Card,Cancelled
5c3efb2a-521e-459c-b211-0be1c5b6cddd,74e76582-f1b8-4560-b049-8aebb59d4721,2025-05-31T10:16,8,107.12,Card,Pending
53784699-a575-4de4-866c-6524542f779a,4739f27f-7a96-4d52-83ae-0c6fd4c8c606,2025-06-14T10:16,3,64.47,Online,Cancelled
0f7a9031-8292-4e66-bebf-2cb844bb22ab,7509850a-5062-4da9-aad6-bc5b9e363ef1,2024-09-03T10:16,3,60.09,Cash,Cancelled
f9f9f36c-8795-4c09-b1ce-090dac3f0ae9,365c90d0-a590-4209-9401-2ce55af5ed98,2025-11-05T10:16,6,129.30,Online,Pending
f6fd9e39-87fa-43fb-95cb-8ca2b2328d3e,c46351bf-193f-49af-a5d6-456188837c3d,2023-12-12T10:16,4,90.00,Online,Completed
064439ca-9bf5-4e40-bffe-17e4fc0fa5c2,2a109685-1399-4149-8951-fba29bb0360d,2025-09-08T10:16,7,163.03,Cash,Cancelled
0d809ec8-64eb-4a04-9058-1dc3b9ec4460,6c3bf618-a715-40f9-9faa-cfc5f5beef2f,2025-08-26T10:16,6,61.38,Card,Completed
cc9c1e24-1aa9-4d25-acea-8054889af7c3,935ebde1-5945-4673-886e-1a7a12cc2d4e,2024-05-20T10:16,3,76.68,Cash,Pending
8a79bab0-e4b4-4bf0-a28f-39e52320dca0,2a109685-1399-4149-8951-fba29bb0360d,2025-04-12T10:16,7,190.61,Card,Cancelled
bc010d9b-b54d-4699-8e79-e5221b738e55,9305d562-2505-493d-8ed8-3fb721c8f491,2025-09-27T10:16,7,137.90,Cash,Cancelled
c40eddfb-1541-4d15-9b01-a5d40093d2bd,d87f31d7-79ef-4c17-856e-142e791b04da,2025-05-30T10:16,3,19.41,Card,Completed
1d75acb0-fbd2-4d98-88ca-400f2a4484ec,e6cb1215-5314-4d05-bfd1-f6e5d36e89f7,2025-05-06T10:16,7,93.73,Online,Pending
346a2197-c2fc-4d4c-a4d7-4fbb9aaeee4b,f0a6a958-e434-41bf-a830-dffa55a34db5,2024-03-13T10:16,3,88.80,Card,Cancelled
8f644be3-9b5f-49b1-a354-d9161ef13736,7a2e5fa5-096b-4701-8ce6-7a3db39bf8eb,2025-07-13T10:16,1,19.95,Cash,Pending
a4cc45f5-4d11-4fab-b06d-297e089a8b67,a938df5f-7764-459c-8bfd-90409d16b3c6,2024-09-04T10:16,2,44.28,Card,Pending
5046b467-da7c-4b38-9e84-4a78bb7fb106,25659c0e-6eb5-4c57-add8-fb6ac5f42699,2024-08-21T10:16,5,38.75,Online,Pending
c3a2b172-f191-4628-a483-0a01287f00b2,e38afcd9-9e08-47ba-bc92-5ebb4bc271eb,2024-03-20T10:16,4,115.56,Online,Completed
85538478-5264-45d7-a207-1cbdd0bdb68d,7a2e5fa5-096b-4701-8ce6-7a3db39bf8eb,2024-09-23T10:16,5,101.45,Cash,Completed
cad71bf4-3dca-463f-a12e-001ebd475af7,fdb5454e-2230-489e-ade4-9218ff28cbd8,2024-07-08T10:16,9,95.49,Cash,Pending
97d6b63f-97c7-4b41-8334-3b1b03d0223c,205ea7f7-e714-45b8-a083-11247ff702a1,2025-07-08T10:16,2,45.88,Online,Completed
50cb6b13-df6d-4e56-8ffd-d6f2a5f04900,b90a3a7f-421e-47e5-8598-fe50f365a62e,2024-05-26T10:16,5,85.90,Online,Cancelled
c046321c-c83e-4cd0-ae5c-ae63514d92ee,e119f98a-df63-41dc-8e01-bb49ca2dc724,2024-05-21T10:16,6,179.22,Online,Cancelled
92ca17ec-9570-468e-8e70-279d654e4a6e,7509850a-5062-4da9-aad6-bc5b9e363ef1,2025-03-01T10:16,2,55.22,Online,Completed
49283347-9c61-4e04-aac4-ff0a28f8c126,52c87fd9-fdf0-4256-b929-6153ad24a0ac,2025-02-07T10:16,5,84.85,Card,Cancelled
977d536f-4909-4bfa-9487-383319f1b42b,e38afcd9-9e08-47ba-bc92-5ebb4bc271eb,2025-01-24T10:16,4,54.24,Cash,Completed
0099abbd-a9e4-4e44-b551-268532ce54bf,ceafdb2a-788d-48e0-acdd-bd533a2e7ab6,2025-10-22T10:16,2,47.92,Cash,Completed
fd10db12-e5db-498d-a9a6-e7575d3f19e8,e277d099-db2a-4aee-ab86-8b0e73a34383,2024-10-28T10:16,1,5.66,Cash,Cancelled
a117ffa8-fe9e-4286-804f-600ccabae3ed,49af098b-bf79-4643-8e49-739ea932d38b,2024-12-28T10:16,5,116.05,Card,Cancelled
1db0c151-b327-4bba-9d32-2df0f1de7288,77ca464a-fe0d-4dcc-8f08-3eb2f7b64f76,2023-12-06T10:16,6,50.10,Online,Completed
4f74778b-cead-4918-9afa-68bb6a7f7272,1407e9cf-22c9-4137-a2fe-cc12dc038235,2024-07-09T10:16,6,142.62,Card,Pending
f4032cc0-fd50-473c-81f2-8b3862bb86b2,1d32c3b3-c732-4995-aa6b-ff159deb3bdf,2024-10-29T10:16,1,10.27,Cash,Pending
5aacf834-fb84-4781-8c90-e2ecf3d76a1d,56a75a3e-a944-4147-8cba-f1024726993f,2025-10-28T10:16,9,116.01,Cash,Completed
b6cfca96-952a-4edf-8773-68ab8a1149bf,fe624323-ba72-456d-9842-ed9e0edc75df,2025-06-07T10:16,4,97.72,Online,Cancelled
ff93359f-3b75-4cbe-b13f-f6d7a5e2e98e,1a31c678-d420-495a-aff3-0f1609514e1e,2025-03-23T10:16,8,139.12,Card,Pending
13ee6781-c0f5-4f2b-a898-0155025f6d1d,ebbc7df0-770d-44f8-b0ff-c62f9006e40e,2024-01-04T10:16,2,40.12,Online,Cancelled
b640f4c0-441a-47b7-bf11-881feee08469,0df3bae1-6384-4856-aa27-aef9f6c48b75,2024-12-04T10:16,6,171.78,Card,Completed
9637740a-6bd0-41f6-a695-5fd1cba73407,e6cb1215-5314-4d05-bfd1-f6e5d36e89f7,2025-01-05T10:16,6,122.28,Card,Pending
c79c1a26-5fba-489b-b9a0-46fe7126ba02,2ca088cd-c6c6-4e60-a1a4-d2990ee21b12,2024-12-27T10:16,3,20.25,Card,Cancelled
52f81b05-93ca-4d83-93b1-1cc0ea89a0fd,26d032f1-9fe9-487a-987a-a8be14e1db05,2025-01-22T10:16,1,6.77,Online,Cancelled
67eae9e5-94fd-48f4-a948-cc8d53dd7d47,1407e9cf-22c9-4137-a2fe-cc12dc038235,2025-10-22T10:16,5,142.50,Cash,Pending
44d08560-e203-40e9-a9a6-0dabf0cb005b,c63bd277-c81c-40c5-8720-6ce916d653c4,2024-02-11T10:16,1,7.69,Online,Pending
d7329f57-7f84-4731-955d-39f6ce48075b,0130fcd4-a6cf-4a72-8400-7bcae1abce34,2024-04-22T10:16,1,14.85,Online,Pending
d142d81e-462a-46ee-8ca5-b4df1a8620e0,3e97fc93-73a7-45e0-9888-f7a03ee258a7,2024-04-04T10:16,7,107.87,Cash,Completed
7cce7a6c-0e21-4765-9536-f64801ab657a,11526850-7335-463f-b740-a52a90457c3b,2024-05-24T10:16,8,192.32,Card,Completed
e70c9555-8984-4f4d-a6cf-9d17a68b9d3e,b014b56e-3263-4b63-8430-46e00bc5ea77,2025-02-13T10:16,4,92.80,Online,Completed
ab38a617-8713-4429-9515-6b504f7d1197,6aaabc79-3d35-410f-bb96-f86a3930d0ff,2025-04-04T10:16,1,27.06,Cash,Pending
1bf6608f-034d-4bec-a87c-101bf4ffc982,e7991221-0de0-4ef8-aa9c-ca3b59197059,2024-10-27T10:16,7,95.83,Cash,Pending
ea84b85f-8252-4e02-bf75-303f2e3c5c78,80537cf2-360f-4740-8b7e-d4cd56e22987,2024-09-04T10:16,5,133.20,Cash,Cancelled
a3332b24-fcad-497f-8f7c-acef207e9b48,205ea7f7-e714-45b8-a083-11247ff702a1,2023-12-14T10:16,1,12.81,Cash,Completed
259538ab-d5eb-4a4e-a169-625e466cd6b8,0a5bd884-b432-4ce5-b14e-44b4aedd4c0f,2024-12-05T10:16,9,261.45,Card,Completed
30feb3ee-871a-42ff-b888-f5884165e363,7d2df59f-386d-4aec-85a8-2443262a0cb4,2024-08-21T10:16,1,5.19,Card,Pending
d6f88302-8029-457d-b39f-12dae61e7323,5400d214-6176-40bf-88d2-3f53ed38bf69,2024-10-17T10:16,8,90.08,Online,Cancelled
5a79571f-e8a0-4db2-a893-b8da5675a39a,9b9edd1e-b4f7-414c-b8b5-a3dc51fa0a8c,2025-03-16T10:16,5,129.60,Cash,Cancelled
0c93a9a5-ea30-421d-a9e9-0ee750fd43df,ec3490d2-e8da-47ee-ae12-0ca0b1d7a2bb,2025-07-12T10:16,8,220.88,Card,Cancelled
b21576c1-8d5f-441f-bf81-cef11ae31576,824998a2-7592-4051-ab0b-d5e12743c93b,2024-04-17T10:16,8,66.80,Card,Pending
05a8c7d9-38d6-4b52-b3ac-3639d89f0aee,3dcaabe3-78c9-4d88-bed5-56ca7ceea07c,2024-11-06T10:16,8,92.24,Card,Cancelled
c3baedef-dddc-427f-bf7b-7fd2a146fe2a,6b1178fc-1745-401d-88da-3903c243ebe9,2024-10-12T10:16,8,144.72,Cash,Completed
4fcd8c5b-e008-43b1-91e9-cfb61335ddd5,824998a2-7592-4051-ab0b-d5e12743c93b,2025-10-13T10:16,3,61.98,Card,Cancelled
b79f17a4-9059-4fd0-8643-0ef74d714b15,6f61ca8e-51a1-48e0-abfa-88326e713e34,2024-12-04T10:16,1,12.86,Cash,Completed
0951190e-fb55-44ec-84c8-4e975651905e,4bb2d776-14c0-4ef6-b8ba-c580cbed72b8,2025-08-15T10:16,9,197.37,Cash,Pending
0bbe6e3d-55ff-4ac8-bb54-069bc4e02ab7,0df3bae1-6384-4856-aa27-aef9f6c48b75,2025-02-23T10:16,1,9.31,Online,Completed
82aa04de-ef3f-403b-af20-5b55a5457318,00d7ae70-0f46-4453-963c-4ab2a3d29314,2025-06-17T10:16,1,28.60,Online,Pending
4f3fcbc9-30ec-4f93-8b29-7c002b98b38e,0a15d43b-8f6b-444a-bef2-ffbddfdbd16f,2025-08-13T10:16,2,18.78,Cash,Cancelled
664d6d37-0015-488a-a392-92b060f8aa74,365c90d0-a590-4209-9401-2ce55af5ed98,2025-08-27T10:16,7,192.43,Card,Pending
d7671265-f37f-43ca-a9e0-30f72092824a,c46351bf-193f-49af-a5d6-456188837c3d,2024-11-15T10:16,8,208.56,Online,Cancelled
6ceaac97-bceb-4b4e-a989-182c12b9461d,9fa382f0-8393-48db-ad30-43c953282401,2025-10-28T10:16,4,74.44,Online,Cancelled
55b2da55-e03c-4d83-9ca4-f3a2652fe962,59827b2a-ae17-44b1-bd6f-6f08718559cb,2024-01-15T10:16,7,175.21,Card,Cancelled
dd14bd91-1871-455c-8e41-e505610ee3f0,73a2b03c-2dca-486e-8ebc-c4d6bb68a8c6,2024-06-12T10:16,2,45.76,Cash,Cancelled
d3de84fc-dbf0-4a8a-b768-20bdcd83dc5c,ef7fad1f-a86f-4ee1-95b4-ce1f339f0fa5,2024-11-20T10:16,3,88.08,Cash,Completed
352169de-9e2a-44d5-a8ca-b032b05b8e81,f3826f04-0dfa-4266-8002-58fede0093f5,2025-09-28T10:16,5,29.40,Online,Completed
