order_id,restaurant_id,order_date,items_count,total_price_usd,payment_type,status
2afa8869-4b55-463d-9d3b-b4f5ae0175dc,65b2c0ea-6192-47fc-9286-2c1dd3ecefb1,2024-05-02T10:16,2,35.38,Online,Pending
df3b0be0-1541-4ddd-a1ac-65f2e2ab53b7,6c6a3b10-9747-4dca-a041-4edc22d147b0,2024-06-23T10:16,2,43.64,Online,Pending
a1c6a295-d201-4b66-83d4-fb80b581ea9c,b90a3a7f-421e-47e5-8598-fe50f365a62e,2023-11-22T10:16,1,6.47,Cash,Cancelled
84c261df-4786-4e20-ba50-4b428c7d11ed,7d2df59f-386d-4aec-85a8-2443262a0cb4,2025-09-02T10:16,4,55.20,Card,Pending
58fb315b-0ac4-40e4-bb1f-6d9d43b634df,92da274a-bea2-490a-bb52-196c46fa8487,2025-03-06T10:16,6,77.94,Cash,Completed
8a36cb1c-b49e-4b08-8068-e5e3d2b9dbf3,515fe1d2-d33a-4b9d-8c19-07e0cbe81a9a,2025-04-13T10:16,6,150.06,Card,Cancelled
09b39f8b-5108-47ac-87b0-8998dcd3af8b,6bd388d4-5636-450b-bacd-55bdcb769bab,2025-05-28T10:16,2,12.32,Online,Pending
30f710de-62a9-4a60-bc06-130334f71e55,b04ce307-2d1f-4214-b023-d8f4379041a1,2024-10-07T10:16,1,18.02,Cash,Completed
55a74461-4bb1-4381-ad7b-725374ec3bc4,0fcf4084-ea31-49f8-99f9-9bf8c8b0c16b,2025-09-15T10:16,5,82.40,Online,Cancelled
f63ae3a8-edc8-4c06-81c4-f289c7139f9c,4739f27f-7a96-4d52-83ae-0c6fd4c8c606,2024-11-30T10:16,8,84.80,Card,Completed
325dcb65-47c5-4d2f-9749-99def25bd0b3,02c65c06-56ad-4670-b8e2-10ab417c7154,2025-09-04T10:16,9,231.03,Online,Cancelled
ef267b21-eb22-4a1f-95ab-8342bb6877f8,b014b56e-3263-4b63-8430-46e00bc5ea77,2025-01-01T10:16,1,14.26,Card,Cancelled
1e561d8a-267c-4343-b7c5-83777479e1ab,63846b60-b7be-4087-ac6e-56c9bc130a20,2025-06-15T10:16,2,22.80,Cash,Cancelled
a7441769-afc6-4c44-adf2-783f0f5c4fb9,e7991221-0de0-4ef8-aa9c-ca3b59197059,2024-06-23T10:16,4,93.88,Online,Cancelled
b11ba2e1-7706-4716-b1c6-4623b3dd2e19,5f6e51da-5f01-4c9a-85dd-7d50ef37e5d7,2025-02-10T10:16,8,85.20,Online,Cancelled
432ae052-a008-4f63-b205-a9c81eb227aa,6e6d2c67-f7fb-4a98-8f9a-4822259b25c4,2024-01-01T10:16,1,13.13,Cash,Completed
bfb443dc-443d-4d22-b66d-59ccedaecc51,46032f36-69bc-465a-9b33-a5d560bfd77a,2024-04-17T10:16,2,33.86,Online,Cancelled
3a0e813d-4a3a-4124-808c-3ad26f7b8ecd,aac35608-9499-49c5-811a-a059e773c968,2024-06-23T10:16,4,112.84,Online,Cancelled
086f25f5-102b-44c9-a477-1152ff2c91c2,05ccd8a5-ea5f-4353-bd1e-3022152b0685,2024-05-02T10:16,6,171.78,Cash,Completed
f0f7d92a-b48b-4b13-abe1-88eeb66cac2c,69446e90-4237-4410-ab55-e011eb04cce0,2024-11-26T10:16,4,119.00,Card,Pending
4d9bfb24-63ef-4f8f-9849-829b1114db37,ebe19120-496a-47fa-87eb-2440212a3363,2025-04-03T10:16,7,194.46,Online,Cancelled
1cb1688f-48a3-4a16-b2e2-9d13a230a3a7,caad7924-4bc5-4f85-9662-11ca261e3c87,2025-05-20T10:16,7,112.28,Online,Cancelled
165601fd-7b22-42db-b6b6-473930bdbecd,500fde18-ea61-4380-9ea4-f06d09985870,2025-09-23T10:16,3,20.25,Card,Completed
23f1061b-a2d7-428d-bfc5-ce6664bc3383,795088d7-d227-422e-ad8c-f048bde0675e,2024-01-11T10:16,2,29.54,Cash,Completed
9d4ea1c4-7503-4243-aafe-a50b341dfdfd,02c65c06-56ad-4670-b8e2-10ab417c7154,2024-02-09T10:16,8,140.72,Cash,Pending
7fcbfdbe-ddc2-4598-aa61-e5c49d353b66,06e585f0-5b60-4900-81d1-3379328e6c17,2024-06-21T10:16,2,52.50,Online,Completed
059900d0-20e8-450c-bcc5-415ab8a57368,06e585f0-5b60-4900-81d1-3379328e6c17,2023-12-28T10:16,5,139.45,Online,Cancelled
b473fc75-0b19-493f-9a1e-39dffc1a193a,b04ce307-2d1f-4214-b023-d8f4379041a1,2024-10-22T10:16,8,48.48,Online,Cancelled
e951f17a-a675-4175-8ab6-4ab1ce5657a3,c0d74d86-5c5b-481d-b8e3-61eeb9c77255,2025-04-02T10:16,7,66.29,Card,Cancelled
20850d8b-47a9-42c9-adf0-f00bf37a089c,02c65c06-56ad-4670-b8e2-10ab417c7154,2025-01-13T10:16,5,63.70,Online,Pending
5fde5797-9a7c-4e6e-8521-c5a13a22461c,f6c35464-33dd-44a7-bf84-071f2e427045,2025-10-27T10:16,1,10.82,Cash,Pending
d69b5bb9-6693-49d1-b56a-66fa5e57d5d8,910b1d47-5c37-48b1-8bde-96c60660f1d7,2025-09-04T10:16,3,26.61,Card,Cancelled
f0696842-57e2-4884-b3f5-9afe6d22ba34,f543de06-e341-4de2-95ab-ca0fd3ee51fe,2024-11-08T10:16,3,76.95,Card,Cancelled
83700880-c58d-4a55-a818-0bc077304adb,36b880b0-e9bd-4c0b-8f1c-32018f6c758a,2024-02-05T10:16,5,143.45,Card,Cancelled
559ba995-3898-4329-986b-22d658664226,65b2c0ea-6192-47fc-9286-2c1dd3ecefb1,2025-05-03T10:16,1,7.97,Cash,Completed
51056058-bb6a-4be9-bd56-01d5e25bf208,983d66ae-c8b0-46b8-8abc-26a1055cf729,2025-05-04T10:16,5,46.45,Online,Cancelled
61a8ab32-e83c-427f-bccb-df301169f3c5,f3826f04-0dfa-4266-8002-58fede0093f5,2025-08-23T10:16,8,53.36,Cash,Pending
46b7f5ea-6c22-49f6-b241-166b644df978,795088d7-d227-422e-ad8c-f048bde0675e,2025-04-20T10:16,1,11.77,Cash,Cancelled
4ae4bd1c-7c84-43c2-829b-711547a867c2,885715b6-b1eb-44ca-8460-28c0343e56f3,2024-09-05T10:16,9,148.32,Online,Completed
e069a087-9fd2-497c-97d6-5931efad0fdf,0df3bae1-6384-4856-aa27-aef9f6c48b75,2024-02-04T10:16,5,118.85,Cash,Pending
6791faa5-5cf6-4878-8b16-40433e2bea21,e6cb1215-5314-4d05-bfd1-f6e5d36e89f7,2023-11-13T10:16,4,97.88,Cash,Completed
192bd0ce-4055-4938-ac85-04c36d5a939f,c46351bf-193f-49af-a5d6-456188837c3d,2025-03-21T10:16,9,227.79,Cash,Cancelled
854696d5-eb1a-4330-b2c6-d074efb65acb,6e6d2c67-f7fb-4a98-8f9a-4822259b25c4,2023-11-15T10:16,8,160.80,Card,Pending
887eab7b-9a1e-4858-b98c-fb8c5215c44a,0fcf4084-ea31-49f8-99f9-9bf8c8b0c16b,2025-07-10T10:16,6,176.46,Card,Cancelled
c3680d1e-499d-4509-b9a6-2a0ee375dd93,9b9edd1e-b4f7-414c-b8b5-a3dc51fa0a8c,2024-06-10T10:16,5,101.95,Card,Cancelled
1b173d21-f01c-43ec-8077-1396812f6da8,6c6a3b10-9747-4dca-a041-4edc22d147b0,2024-11-16T10:16,1,7.29,Card,Cancelled
4b202e81-9fc5-4905-8cc9-e4abf15120ff,b3688304-b24b-416a-9bf4-c2b6aaeb59d3,2024-02-06T10:16,6,145.32,Online,Pending
c3d8c16d-babc-43ab-a0de-d29502e1e8ea,c5817fdc-a4dc-4879-b957-30cfda62016b,2024-06-24T10:16,4,81.44,Card,Pending
1ba1add7-8cc9-45fe-b2dd-071ab03bad80,a938df5f-7764-459c-8bfd-90409d16b3c6,2025-06-21T10:16,2,22.48,Card,Completed
916cb5e3-3cdf-4280-9995-440c4fc6f77d,11526850-7335-463f-b740-a52a90457c3b,2025-10-28T10:16,6,155.04,Online,Pending
b943bfd9-31a8-401b-be15-bcbd1f0205b5,500fde18-ea61-4380-9ea4-f06d09985870,2025-02-17T10:16,4,89.08,Online,Completed
5db933bb-ab18-4b60-8979-91afa19de854,73a2b03c-2dca-486e-8ebc-c4d6bb68a8c6,2025-06-13T10:16,5,118.55,Online,Pending
1d82c23e-f641-48d8-b84a-64f8439ebd0c,10b26c2d-7d56-4175-84a8-a2775e128a9d,2025-02-22T10:16,2,50.98,Cash,Cancelled
fe05370a-52fa-4307-a66f-d27d8dc682f8,77ca464a-fe0d-4dcc-8f08-3eb2f7b64f76,2025-07-22T10:16,8,120.48,Cash,Pending
27875a68-5704-4d99-8c42-d502523d6374,8b115a34-224b-453c-be69-b53a7445b466,2024-10-21T10:16,2,34.62,Online,Pending
0976eaa0-c78d-4040-a58a-b66e97cd2b4d,8f7f530b-bb30-4a05-b437-744ed30af54f,2024-04-29T10:16,4,97.48,Cash,Completed
7fd7306f-975e-44c4-9e4c-84c692309f83,1407e9cf-22c9-4137-a2fe-cc12dc038235,2024-01-02T10:16,4,38.76,Card,Cancelled
7b28e810-f8aa-4c8f-84b2-cf86a0c629e2,b90a3a7f-421e-47e5-8598-fe50f365a62e,2024-06-28T10:16,1,25.27,Card,Cancelled
6d049c9f-cf6a-4498-9f72-89fe77c40611,fdb5454e-2230-489e-ade4-9218ff28cbd8,2024-01-23T10:16,3,80.58,Card,Pending
51a33cb1-b6c5-4f72-8d68-234f023b5ce6,fbe227d7-6d32-4407-9783-7fdac983e55f,2024-07-11T10:16,6,37.08,Cash,Cancelled
547bd4e8-0fe5-4d92-a35d-c7e84a7a896d,dcfb3d05-846d-4915-99f3-ebbc7559d972,2023-11-27T10:16,6,112.38,Card,Completed
efa8bbc7-138a-437e-bb02-447af7e6b13c,4717d2a3-4b2a-44f1-b960-a2b73e2d23fd,2024-06-28T10:16,1,13.96,Online,Cancelled
f7776677-d412-4d82-9522-7ab40df92331,e277d099-db2a-4aee-ab86-8b0e73a34383,2024-11-17T10:16,3,51.00,Cash,Pending
b3f70ae1-77ae-4e75-9caa-ead8b364ebfd,485b65e7-fdf4-474d-afba-37986d8d3cd8,2025-04-21T10:16,6,44.58,Card,Pending
889bf8a3-db10-4382-9783-aa147f6d789c,02c65c06-56ad-4670-b8e2-10ab417c7154,2024-06-19T10:16,1,20.58,Online,Completed
b8cd4c8c-b942-4f6c-ae16-956d62758e93,65b2c0ea-6192-47fc-9286-2c1dd3ecefb1,2024-08-05T10:16,1,14.72,Card,Cancelled
8425da48-6b53-4e4c-8255-b9c51bb56054,b6c26110-1b77-4777-8c79-c69ec19b66df,2024-02-26T10:16,9,264.15,Cash,Cancelled
50b24c21-50f6-4322-bac7-3c62617ca548,4e6807ca-aed8-4ec9-b1b0-0e3aba57efb1,2025-07-18T10:16,9,107.01,Online,Pending
b218405a-fb81-459d-9153-86bdb6cd7b8c,aff4340c-d102-49ba-af8e-84d2737ce82c,2025-09-18T10:16,1,25.69,Online,Completed
2a481b14-9e6b-463e-a306-c494d9a816ea,8250871a-2b35-424e-a1a1-4eb4faffabfb,2025-02-17T10:16,2,31.12,Card,Pending
638a0363-ad60-4446-8a04-a45eb011bc55,98b17fed-218c-4f20-8410-9f0edfc74455,2025-07-07T10:16,1,15.37,Card,Pending
3106433d-6e14-4976-82c4-a932ce6e2ea0,14eace30-1ac2-411e-8eef-98e8f32a87fb,2023-11-17T10:16,6,110.34,Cash,Pending
6dab4ac8-d289-494d-8a9c-a31e84efa9ef,000f9c8f-2fc7-4346-844d-c04f10751265,2024-01-25T10:16,8,113.28,Card,Pending
ace5f217-a457-4dc7-8f03-1490e70a074d,6b1178fc-1745-401d-88da-3903c243ebe9,2025-01-15T10:16,1,23.25,Online,Cancelled
8454c7ea-6132-47d2-b1f3-f66620f02be4,209e786b-2a61-4e52-a3b2-1cc98bcbf18c,2024-12-14T10:16,3,50.73,Online,Cancelled
7752e1d6-480a-4dfb-b3f6-d7604a591892,6c3bf618-a715-40f9-9faa-cfc5f5beef2f,2024-03-14T10:16,1,12.82,Online,Cancelled
8193adac-7f25-4002-8bbb-55bd6a7c7e9c,3ab3404a-ee80-4ed2-8d90-a6f0dad14e48,2024-05-21T10:16,7,41.58,Card,Cancelled
3ac8e09b-6dd4-4011-b901-172008546598,10b26c2d-7d56-4175-84a8-a2775e128a9d,2024-01-20T10:16,1,18.96,Cash,Cancelled
add8706c-8961-4ddc-9ba6-3dcf4f639f36,e7991221-0de0-4ef8-aa9c-ca3b59197059,2024-02-01T10:16,9,240.75,Cash,Completed
5cb739ae-234b-45c0-a0ba-30892dc6658c,e119f98a-df63-41dc-8e01-bb49ca2dc724,2025-03-05T10:16,6,132.90,Cash,Completed
2f06d67e-e9c9-4a3f-bf88-87099e198a0c,b04ce307-2d1f-4214-b023-d8f4379041a1,2024-10-16T10:16,4,76.24,Cash,Pending
646b7fbc-f07c-47bb-9182-1be07fb2eda4,ebe19120-496a-47fa-87eb-2440212a3363,2024-02-20T10:16,9,184.50,Cash,Cancelled
3c990698-f86b-4228-bc2e-b05073782005,b3688304-b24b-416a-9bf4-c2b6aaeb59d3,2025-08-01T10:16,1,21.50,Card,Completed
6589704f-70b8-4a3c-859d-b52a73b70b9d,05ccd8a5-ea5f-4353-bd1e-3022152b0685,2024-07-18T10:16,8,63.60,Card,Pending
90b468b3-68af-4c18-b981-a9945674dd98,3ab3404a-ee80-4ed2-8d90-a6f0dad14e48,2024-06-08T10:16,9,195.39,Cash,Pending
b2954c3d-3427-4f5b-8536-c90533e801f2,1eeb9c5f-5b7a-47af-b4f1-5a50d9d1089c,2024-03-02T10:16,1,7.97,Online,Pending
1103e34d-fce7-4853-b98c-c38809733625,b95f7619-fab2-4df9-8683-1f2aeb93a660,2025-01-29T10:16,7,128.66,Online,Cancelled
daa69714-4db4-4f63-9933-b8133fb3640b,00d7ae70-0f46-4453-963c-4ab2a3d29314,2024-04-27T10:16,4,87.52,Cash,Completed
fb1a85a7-f3f8-4e21-82ee-48658dae341c,a938df5f-7764-459c-8bfd-90409d16b3c6,2025-11-06T10:16,5,103.05,Cash,Completed
9cbd3d0d-7767-4715-b6b1-b81c30bb6128,27e45431-1333-4ffd-a0c8-be56ffdc5d4e,2024-09-26T10:16,9,203.22,Cash,Pending
3fc88068-192b-467e-917b-840cf146947d,935ebde1-5945-4673-886e-1a7a12cc2d4e,2024-06-02T10:16,9,111.51,Cash,Completed
acde6f59-d2ef-4177-b543-16a98a931972,69446e90-4237-4410-ab55-e011eb04cce0,2025-06-11T10:16,1,6.34,Cash,Pending
aa8c7507-e198-4253-b2c9-32fddb18a349,050d9901-1cb5-413a-9c31-282028f863c1,2025-09-09T10:16,9,73.44,Cash,Pending
4d37cdaa-6145-4b52-b9fb-d30cfe6e4796,98b17fed-218c-4f20-8410-9f0edfc74455,2025-01-20T10:16,1,28.67,Card,Cancelled
4621810e-ab74-4492-938f-78e963ac98a9,74e76582-f1b8-4560-b049-8aebb59d4721,2025-03-21T10:16,3,84.39,Card,Pending
a2ac4b46-c154-4d6c-a9cd-ee34e1313706,7a18d550-38d0-40b2-84a7-547162e7e409,2025-08-07T10:16,1,19.64,Card,Completed
b9ce7c20-2568-4a4f-9f07-63e5822e8668,205ea7f7-e714-45b8-a083-11247ff702a1,2024-09-12T10:16,2,48.22,Cash,Completed
729587d7-cf71-4356-a93b-9fa0dd4bd0d9,52fbb114-83aa-432d-b2f1-f3e37a5c4754,2025-04-19T10:16,4,93.84,Card,Cancelled
2fe90b9b-e99e-4a39-aef1-66798b304731,983d66ae-c8b0-46b8-8abc-26a1055cf729,2025-11-06T10:16,6,109.98,Card,Cancelled
59658320-3492-4b0e-82cd-d2960d08fc6a,2a109685-1399-4149-8951-fba29bb0360d,2025-05-01T10:16,9,150.03,Card,Pending
d8fb1646-7e26-4602-80a3-20aaac918af8,0a5bd884-b432-4ce5-b14e-44b4aedd4c0f,2025-08-28T10:16,2,52.66,Online,Cancelled
71278147-9f99-4387-bdd6-2b18f499520c,60cd80b6-3967-4dae-b4df-adc7b5644971,2025-08-31T10:16,5,107.55,Card,Pending
ee8d77fa-e5bf-43ed-8501-eb40570cc25f,c0d74d86-5c5b-481d-b8e3-61eeb9c77255,2025-01-24T10:16,7,187.46,Online,Completed
da74b0c1-526a-40bd-a764-8e825dcf3ac7,80537cf2-360f-4740-8b7e-d4cd56e22987,2024-02-16T10:16,5,60.95,Cash,Completed
15a91777-21c0-4399-a609-9297150341c7,d6d4ef4b-0870-48aa-b884-013237f255f4,2024-01-12T10:16,2,28.44,Cash,Cancelled
1fe9a214-46ca-4183-8b3a-e8d5f3078142,ba5d9947-b043-4aca-8ee0-6b77895cf8e8,2025-09-18T10:16,1,22.93,Card,Pending
9de62946-ea08-4560-9619-d24e455db177,3dcaabe3-78c9-4d88-bed5-56ca7ceea07c,2025-10-04T10:16,1,29.48,Online,Completed
bbee78a3-dc15-49eb-994d-4f7512dd8f05,6aaabc79-3d35-410f-bb96-f86a3930d0ff,2025-07-21T10:16,1,26.08,Card,Cancelled
ac026722-c0b7-4933-b1b2-db144696d5aa,964d337f-acd5-4ca2-8843-9be3f2eb60fc,2024-10-12T10:16,3,59.88,Card,Cancelled
014658fd-2eb9-472b-a555-3eff8eb18511,8250871a-2b35-424e-a1a1-4eb4faffabfb,2024-12-05T10:16,4,94.08,Online,Pending
b4a126aa-c01b-4ed9-9396-341ee0c7cc79,941529ef-2114-4bff-907a-4596ff4593a1,2024-08-28T10:16,3,27.63,Cash,Completed
e23d2630-7e6f-4220-9340-4e5b1e88cfb9,1407e9cf-22c9-4137-a2fe-cc12dc038235,2024-12-14T10:16,7,153.02,Card,Pending
48551c20-e9b0-494b-b761-26fb42e34e0b,b95f7619-fab2-4df9-8683-1f2aeb93a660,2025-09-17T10:16,9,237.60,Online,Pending
d9f84188-63bf-4e2f-a09f-3f697718080a,6e6d2c67-f7fb-4a98-8f9a-4822259b25c4,2024-10-15T10:16,6,77.28,Cash,Pending
e59a1953-f724-4d23-9380-c4a075c7dc9d,7c991f43-c18b-4404-8826-97691b0dc00c,2024-07-21T10:16,9,265.59,Online,Completed
ae20c518-71e7-447c-81b4-71b2ce280ba9,885715b6-b1eb-44ca-8460-28c0343e56f3,2025-08-01T10:16,7,135.24,Card,Completed
fdcb53a3-5d05-41ee-b170-316cdddbc103,e6e1db85-f8ba-4264-9c9a-520ecda4bc4c,2025-06-08T10:16,2,15.06,Cash,Pending
45c35ed3-be51-479c-8c76-e782fd7fc95f,d7af10ce-45c9-4fc8-8dd8-b1c5491aad5f,2023-12-07T10:16,1,28.58,Card,Completed
00465399-e799-4af1-a39b-aed5914dc15b,000f9c8f-2fc7-4346-844d-c04f10751265,2024-09-21T10:16,5,139.10,Online,Pending
67d99d76-c72b-42ac-b5fc-0d3da1c1e935,515fe1d2-d33a-4b9d-8c19-07e0cbe81a9a,2024-12-21T10:16,3,81.39,Card,Pending
ec2c740c-1b13-4cb0-87ce-27b077531983,4717d2a3-4b2a-44f1-b960-a2b73e2d23fd,2025-08-05T10:16,9,128.07,Cash,Pending
60dbb3bc-6054-4d47-9abd-79c5d642dc4e,7a2e5fa5-096b-4701-8ce6-7a3db39bf8eb,2025-03-22T10:16,1,18.43,Online,Completed
564914f5-dfe4-4694-9a13-a49dc31e53f4,964d337f-acd5-4ca2-8843-9be3f2eb60fc,2025-06-25T10:16,2,45.30,Online,Cancelled
eaa73e81-1054-425d-9901-f7a37c355ef0,aff4340c-d102-49ba-af8e-84d2737ce82c,2025-11-09T10:16,3,21.27,Online,Pending
a7560a03-31d8-4346-b47c-fe4c0899073e,5eb75bc0-d5fa-4209-9d42-7767f3f0585b,2025-03-10T10:16,1,23.07,Cash,Completed
4fab18bd-f77e-48ea-8c17-318e51232236,7a18d550-38d0-40b2-84a7-547162e7e409,2025-10-09T10:16,2,42.22,Online,Cancelled
f0b2583f-dbb4-4236-8842-f6e3796a5649,d7af10ce-45c9-4fc8-8dd8-b1c5491aad5f,2025-07-01T10:16,9,121.77,Card,Cancelled
0d8f5207-474c-4bfb-96b0-3dd6fca4a07d,0a5a9fc7-e126-48f0-99aa-dea85c606f66,2023-12-04T10:16,6,55.26,Cash,Pending
66e4d246-0097-4556-adb9-b980e5d34ffb,73a2b03c-2dca-486e-8ebc-c4d6bb68a8c6,2025-03-26T10:16,3,69.60,Online,Cancelled
f5c5b909-dea6-4213-afaf-20c36ecd5970,795088d7-d227-422e-ad8c-f048bde0675e,2024-12-15T10:16,3,51.18,Cash,Completed
7394aec1-0dac-4d38-a774-72115ef3a01a,401a6911-a31e-4892-adc1-56e3e1eb090a,2025-03-23T10:16,5,126.25,Cash,Pending
16f07ab0-e405-4bc3-b22d-1ec777ca81ad,e7991221-0de0-4ef8-aa9c-ca3b59197059,2024-06-16T10:16,1,23.91,Card,Pending
c50b1aed-9b1e-494f-a121-973aee1ef963,ecf1ffb0-ac00-4968-87ea-8beef4ace55a,2024-06-04T10:16,8,173.92,Card,Completed
f03e074a-461e-4dc1-aaa5-96d97701f993,52f5634d-de98-4543-8a1e-cbf1e2d0242f,2025-10-17T10:16,4,26.20,Online,Pending
8dc95abd-6b28-4c3e-83a2-09d56383c84c,4f6ae324-5b6d-47d6-a86d-26ec6fbe1e0e,2024-09-19T10:16,7,92.54,Cash,Completed
2975492b-2c1e-49b8-99d5-6782f7672524,6945f6f4-b8f9-4d04-90ff-e59ed705578e,2025-04-10T10:16,8,154.48,Online,Cancelled
2a541c79-6f38-429f-babf-d82136647901,ef7fad1f-a86f-4ee1-95b4-ce1f339f0fa5,2025-04-06T10:16,9,151.56,Online,Completed
39f2121e-42bc-417e-97c8-012bae384e15,89d26a00-0fde-4c03-8430-b06f6bc3f33a,2024-09-22T10:16,5,147.30,Online,Completed
20902527-aa73-4a24-be61-3ec48e00b272,cd50913f-8c99-4253-9134-0cf5fe5f300f,2024-05-19T10:16,5,55.50,Cash,Completed
cd903071-bc85-4d11-a6b0-1e50637dae7b,ebbc7df0-770d-44f8-b0ff-c62f9006e40e,2024-10-07T10:16,9,200.88,Card,Cancelled
8a01b7ab-9471-45c9-9dae-caf283f0ea7a,4b14a58c-f1e4-40b6-888d-a88cd7055099,2025-04-23T10:16,4,62.28,Cash,Cancelled
9f637372-81e7-42c1-9461-0929ae889da6,726d71e2-70fd-4416-8568-78619c14a73a,2025-07-09T10:16,3,76.86,Card,Pending
2b254c67-ac32-4ac0-a1a3-880c658af0c4,63846b60-b7be-4087-ac6e-56c9bc130a20,2025-06-17T10:16,5,44.45,Cash,Completed
c0933df9-9771-458f-899a-967c5626a6a8,b6c26110-1b77-4777-8c79-c69ec19b66df,2024-07-19T10:16,2,42.18,Online,Completed
d85396da-484d-4a3f-a3bc-bab7e029bfac,6f61ca8e-51a1-48e0-abfa-88326e713e34,2024-02-02T10:16,7,138.95,Card,Cancelled
4a0d33fc-75f3-4789-ab11-053acb723d4b,795088d7-d227-422e-ad8c-f048bde0675e,2025-07-11T10:16,2,27.24,Cash,Completed
40fafe86-09fa-4d2a-bea5-f7110e6b3f5d,09ba4183-1b94-4f8c-bc5f-eca421a88524,2024-01-06T10:16,3,25.44,Cash,Pending
0adee31b-28e1-4551-b2fd-8c05d4b4b68c,bb9edfa8-17f7-4f6f-8e3b-616693a298b1,2023-12-06T10:16,6,30.42,Cash,Completed
47281963-5ace-4f40-b6fa-9b0bfd46fc10,6b1178fc-1745-401d-88da-3903c243ebe9,2024-08-27T10:16,9,219.60,Online,Completed
295a6365-27d9-4130-b114-c6d40a15506a,a5ffc907-be77-43e6-8694-4a0bf09bd3fb,2024-08-31T10:16,9,73.89,Online,Cancelled
6abf97c1-afba-4b39-8236-5d8039212f24,ba5d9947-b043-4aca-8ee0-6b77895cf8e8,2025-06-02T10:16,2,44.76,Cash,Pending
060428c4-3419-4461-967e-f79db0d5460f,62a2bfef-ca4a-4dec-90ea-bf15ea1880d2,2024-12-05T10:16,6,148.98,Online,Completed
5b201c50-7107-4fdb-80e3-8182f23777e4,53db1213-7316-47bb-9099-c1def0e3c96b,2024-02-25T10:16,3,61.86,Cash,Cancelled
895f9df1-f5f2-4ce1-9e3e-adbb218a0294,1d32c3b3-c732-4995-aa6b-ff159deb3bdf,2024-04-24T10:16,4,100.24,Cash,Pending
efe5b1a2-9d1c-4c9c-908a-042f38ae1291,00d7ae70-0f46-4453-963c-4ab2a3d29314,2024-11-14T10:16,2,43.68,Online,Pending
33c995c2-1685-4063-9940-7e0aad62e9fe,cf65c4b6-4c1c-420b-95de-23e5b56ffad5,2024-04-22T10:16,3,80.37,Online,Pending
85d9d57a-1256-4856-8fd4-247635ae766e,14eace30-1ac2-411e-8eef-98e8f32a87fb,2024-03-25T10:16,9,165.06,Card,Completed
75b5164f-9471-4173-a567-e0856aa5d1bb,4717d2a3-4b2a-44f1-b960-a2b73e2d23fd,2025-11-02T10:16,4,88.80,Card,Pending
b1e6b042-fc42-4727-86ba-1afe85c8eafa,6117b6f0-c4f4-4bf1-9eeb-f33950decba8,2024-03-29T10:16,4,102.40,Card,Cancelled
25665d80-2e98-4e3d-98aa-14c3c6183328,e12c3d24-86c8-474f-b86b-370df36adbfe,2025-03-19T10:16,5,139.50,Cash,Cancelled
7cbb2f1d-97b5-415b-ac80-b7c8edc0abf5,8887df7e-682b-4d48-b18c-c1ddfa0aaa26,2025-04-09T10:16,5,55.40,Card,Pending
d512fe38-f335-4a99-9414-3f4be695dca1,b04ce307-2d1f-4214-b023-d8f4379041a1,2024-01-23T10:16,4,119.40,Online,Completed
9c228d30-2598-4274-9edd-2c8b7560c6cc,3e97fc93-73a7-45e0-9888-f7a03ee258a7,2025-03-31T10:16,7,98.91,Cash,Completed
471fa122-474e-4642-87d9-f9a2cb6029cd,02c65c06-56ad-4670-b8e2-10ab417c7154,2024-04-26T10:16,6,60.00,Cash,Pending
39205695-eb9b-4f8d-9d8a-471291e044fc,b03f75c1-655f-4480-a2bf-1a0af806e96e,2024-04-24T10:16,2,30.94,Cash,Cancelled
cc1dd373-19cd-4c77-8638-24e244041845,e38afcd9-9e08-47ba-bc92-5ebb4bc271eb,2024-02-07T10:16,6,165.06,Card,Completed
cfff8839-9c4e-4dc3-aa7c-95b5f1be8be3,05ccd8a5-ea5f-4353-bd1e-3022152b0685,2025-06-18T10:16,6,114.36,Card,Completed
177c5964-72ad-4bbb-ac7f-c662032cb778,983d66ae-c8b0-46b8-8abc-26a1055cf729,2024-12-29T10:16,6,71.52,Cash,Pending
94c421d2-b21d-4a48-bc6d-835b23c56d89,c9dcc28a-ae5f-477c-ae7e-72d94129f449,2025-08-05T10:16,9,109.35,Card,Pending
e6cf2433-f267-4c2e-8566-e193759029de,f0a6a958-e434-41bf-a830-dffa55a34db5,2025-09-03T10:16,1,24.20,Card,Cancelled
23a555e8-6716-4292-8786-96763427c4a7,aac35608-9499-49c5-811a-a059e773c968,2023-11-21T10:16,4,61.96,Online,Completed
3a0cfd9f-9442-4c12-8e2b-3ae40822a014,8b115a34-224b-453c-be69-b53a7445b466,2025-01-09T10:16,5,42.60,Online,Pending
f2497c0c-01b2-4888-b7a7-5e565cd11b51,1a48aa9a-def3-481d-922a-94300aa97309,2023-11-13T10:16,8,52.24,Cash,Cancelled
10120185-ed98-4a63-9429-ec92572b87e9,8b546c63-5406-493d-bc69-cfb594b38267,2024-11-22T10:16,3,17.82,Cash,Pending
25777a4e-ea15-47b1-941e-e063399763a0,6e6d2c67-f7fb-4a98-8f9a-4822259b25c4,2025-05-26T10:16,3,38.40,Card,Pending
01277443-6e1b-4c09-b0f3-47309d37d425,885715b6-b1eb-44ca-8460-28c0343e56f3,2025-10-01T10:16,3,54.09,Online,Completed
6afc2838-5fc4-4a34-8d97-6cc7ef9dfc54,6b1178fc-1745-401d-88da-3903c243ebe9,2024-07-07T10:16,1,10.63,Card,Cancelled
ef0424db-203f-42fd-9a7b-dde478ff5d13,21edfc22-3f73-4335-a774-3cf78ab65e86,2024-05-13T10:16,5,123.15,Online,Cancelled
d9e30e36-3f7e-48b8-ad82-6916b5623400,0b2a0e9a-e050-4380-b607-57adcbbf59d4,2025-09-14T10:16,6,101.76,Cash,Cancelled
a8624cf9-4bc3-4df5-8b48-5febd1c0b9cf,49af098b-bf79-4643-8e49-739ea932d38b,2024-02-25T10:16,2,26.54,Card,Cancelled
78a7bea7-f8d9-4d28-ac32-2d37e128bbe2,bb6ceda0-3f7a-4dfa-9862-41a88dd468b2,2025-04-12T10:16,5,40.15,Online,Pending
ebcd3b05-b1e9-4e65-84b6-c91471506ed0,6f61ca8e-51a1-48e0-abfa-88326e713e34,2025-09-15T10:16,3,84.81,Online,Cancelled
b27ad9bf-50ad-401c-b7b9-249ae881663c,52f5634d-de98-4543-8a1e-cbf1e2d0242f,2024-12-02T10:16,1,16.03,Cash,Cancelled
9714d980-1e76-44e4-902d-d985f3f42a32,10b26c2d-7d56-4175-84a8-a2775e128a9d,2023-12-05T10:16,2,12.64,Cash,Cancelled
88b45b4c-72b2-411d-9218-6213f0bda838,3e97fc93-73a7-45e0-9888-f7a03ee258a7,2024-08-31T10:16,1,20.77,Cash,Cancelled
5196f231-246f-4187-80c8-dd245410ea83,c9dcc28a-ae5f-477c-ae7e-72d94129f449,2024-07-20T10:16,3,60.42,Card,Pending
a2a0a19b-df1b-464a-af79-457bb856e546,fe624323-ba72-456d-9842-ed9e0edc75df,2025-06-04T10:16,1,16.90,Online,Cancelled
8a494ce1-317b-4450-9940-4711df2fa3f7,3ab3404a-ee80-4ed2-8d90-a6f0dad14e48,2024-09-18T10:16,8,55.28,Card,Cancelled
4d240d6a-0920-4d8a-bd1d-3128279bfbe1,89d26a00-0fde-4c03-8430-b06f6bc3f33a,2025-06-12T10:16,3,61.35,Cash,Completed
129faa0e-7039-4568-9c06-b1c9a01d37c9,c5817fdc-a4dc-4879-b957-30cfda62016b,2023-12-22T10:16,2,32.90,Card,Completed
57192f99-afd2-4c3b-b811-b1c30e4be730,4717d2a3-4b2a-44f1-b960-a2b73e2d23fd,2025-05-10T10:16,5,89.10,Cash,Pending
71c77316-b26c-480d-8c33-83786b11445f,4e6807ca-aed8-4ec9-b1b0-0e3aba57efb1,2025-04-03T10:16,5,124.15,Cash,Pending
39129784-fe5e-4cfc-ba8c-bee482ebfe99,bfa3444b-2be9-46be-b944-720d86a59770,2025-07-01T10:16,1,28.71,Online,Pending
3b4be3e1-6875-49cc-8714-efb08ec83273,52fbb114-83aa-432d-b2f1-f3e37a5c4754,2025-05-14T10:16,1,24.34,Card,Completed
9c75b6bd-08f4-465e-9a2b-15b5a0a6a548,5eb75bc0-d5fa-4209-9d42-7767f3f0585b,2025-10-22T10:16,6,64.98,Cash,Completed
35bbeb6b-1462-4603-904d-0b8f715fee54,0130fcd4-a6cf-4a72-8400-7bcae1abce34,2025-01-12T10:16,9,84.06,Online,Cancelled
1c5a3e3e-4403-4ee1-949a-6dd4ea3f9115,4f6ae324-5b6d-47d6-a86d-26ec6fbe1e0e,2024-08-02T10:16,8,121.60,Cash,Pending
f90a339e-7a9f-41fc-9457-c272639dd27d,a190f67b-21df-46bc-8164-46bdfa00af85,2024-06-01T10:16,6,61.38,Cash,Completed
abb5e670-eb3f-4e23-8023-436da9153f7e,99c406e7-092b-4eeb-bc08-56fc041c253d,2025-10-12T10:16,2,36.48,Cash,Cancelled
66fab6b8-f2d4-44f8-b63a-9aea6f214dac,21edfc22-3f73-4335-a774-3cf78ab65e86,2025-01-31T10:16,8,170.88,Card,Pending
f0379d6d-d089-4919-a37b-30ee56272cc8,5eb75bc0-d5fa-4209-9d42-7767f3f0585b,2024-07-06T10:16,4,30.20,Online,Cancelled
4bd1babd-4331-4dd3-bc91-57c2593e9939,62a2bfef-ca4a-4dec-90ea-bf15ea1880d2,2023-12-27T10:16,9,259.83,Card,Cancelled
621c7b14-06f8-488c-a394-7c0f5f2f115b,0dd437d0-74fa-43c3-8909-5c955e4d47dd,2024-05-17T10:16,6,173.82,Cash,Pending
fa945344-fb72-4e14-bc40-d56f9bf726e9,0dd437d0-74fa-43c3-8909-5c955e4d47dd,2023-12-22T10:16,6,94.44,Cash,Cancelled
777bdc45-c580-486c-ba54-cf3ca98f2018,f90cf3ca-e2d0-4129-bc7a-e8a2b80880da,2025-04-24T10:16,2,32.40,Card,Completed
68318f00-6e22-4939-89c0-340d30f91cf1,89d26a00-0fde-4c03-8430-b06f6bc3f33a,2024-11-22T10:16,4,21.52,Card,Pending
0ec2ad05-4b9d-4ffe-868a-08d8670ddaf7,36b880b0-e9bd-4c0b-8f1c-32018f6c758a,2024-07-27T10:16,7,173.95,Card,Pending
ae5809ad-19cd-4486-93af-1ffcd0f58beb,ff4db0d8-e809-46e8-9ae0-78ffee4902d9,2025-03-03T10:16,9,221.85,Card,Pending
26e41ec8-a2a0-411b-8406-b51deb1ed3e8,caad7924-4bc5-4f85-9662-11ca261e3c87,2024-09-24T10:16,5,139.15,Online,Pending
aaec62d6-6f32-4baa-886e-26fc38ab5b2b,f0a6a958-e434-41bf-a830-dffa55a34db5,2024-10-23T10:16,3,50.01,Card,Pending
b570bf82-3f72-4435-95c8-c4be6638befb,ebe19120-496a-47fa-87eb-2440212a3363,2023-12-15T10:16,3,84.90,Online,Pending
21b130b7-7851-47f4-83ac-6786a6ecec66,05ccd8a5-ea5f-4353-bd1e-3022152b0685,2023-12-20T10:16,7,91.70,Card,Completed
337acae5-cf79-4e62-b463-62b064f5dfa3,4739f27f-7a96-4d52-83ae-0c6fd4c8c606,2023-11-15T10:16,1,6.23,Online,Completed
f0b010eb-280b-4d80-a5cf-2c17deb2a7b4,6c3bf618-a715-40f9-9faa-cfc5f5beef2f,2024-12-24T10:16,9,158.49,Online,Cancelled
44fb32e2-aabc-4cf2-916f-a4248ed367b2,8887df7e-682b-4d48-b18c-c1ddfa0aaa26,2025-01-01T10:16,3,34.11,Cash,Pending
b304b6bc-d3e4-4ba5-a1c4-c402c2f86b82,cd50913f-8c99-4253-9134-0cf5fe5f300f,2024-01-14T10:16,7,189.49,Cash,Pending
a5679bee-abac-45ce-9132-c1061e06b654,6e6d2c67-f7fb-4a98-8f9a-4822259b25c4,2024-09-11T10:16,7,69.37,Cash,Completed
112bd2d2-e23e-44b1-880f-a62fe210ee4c,d5cfb1a3-ce2f-4aff-ab4c-50e0c5426af1,2024-08-30T10:16,3,54.81,Online,Pending
879df661-1788-48e0-a095-d48a6ccb12ea,983d66ae-c8b0-46b8-8abc-26a1055cf729,2024-12-18T10:16,2,28.92,Card,Cancelled
33c024a4-9a1f-4fd7-b7c7-71ebe15f9bf4,21edfc22-3f73-4335-a774-3cf78ab65e86,2025-09-23T10:16,9,171.81,Card,Completed
4ca20d94-8771-4d73-beaf-98ca4261aea7,cf65c4b6-4c1c-420b-95de-23e5b56ffad5,2025-03-01T10:16,1,22.77,Cash,Completed
acb001f9-499b-4a88-8ed7-8918862294d3,f90cf3ca-e2d0-4129-bc7a-e8a2b80880da,2024-12-03T10:16,2,40.54,Card,Cancelled
057eca3d-f835-4bc6-887f-ef044c3ee3a3,bb6ceda0-3f7a-4dfa-9862-41a88dd468b2,2025-01-21T10:16,9,183.60,Online,Pending
8f1e6ecc-7eda-4a85-b13c-f9e5c622dbfa,d87f31d7-79ef-4c17-856e-142e791b04da,2024-10-02T10:16,6,110.40,Cash,Cancelled
5ee53d5f-deec-4d8c-a01b-8b85f663bed7,b0d737cd-ec4b-4a88-aa81-d012ef3fb719,2025-01-22T10:16,3,57.93,Online,Completed
06917897-82d4-4059-8fda-15b75d981b28,4e44f26d-5455-405b-8fdb-63ab8b739ecf,2025-08-31T10:16,5,61.15,Cash,Cancelled
38847e8d-22c7-43ee-96dd-13313a1aebb7,c3ffc43c-0c11-40fa-9824-f234161741d0,2025-03-26T10:16,8,208.32,Card,Pending
c087e822-1ca6-4550-a146-70459f4b03a3,cf65c4b6-4c1c-420b-95de-23e5b56ffad5,2024-08-06T10:16,5,99.20,Card,Completed
b9605ac4-6693-4409-ae5a-598e1b903fc3,6aaabc79-3d35-410f-bb96-f86a3930d0ff,2024-11-27T10:16,5,70.50,Card,Pending
72b7b328-37af-471b-8781-709d16c98873,401a6911-a31e-4892-adc1-56e3e1eb090a,2025-04-22T10:16,8,215.44,Cash,Cancelled
977378d4-7d1b-4e04-b2a7-93833db26693,36b880b0-e9bd-4c0b-8f1c-32018f6c758a,2025-11-07T10:16,1,28.85,Online,Pending
dcaee49e-be29-4a2f-87e9-fabfa77faf6e,e277d099-db2a-4aee-ab86-8b0e73a34383,2025-01-15T10:16,5,119.15,Online,Completed
8efc49e2-67a0-46da-b1c9-78fe5302307e,205ea7f7-e714-45b8-a083-11247ff702a1,2025-08-28T10:16,8,155.60,Cash,Pending
a7d8a2e3-b5cb-453b-9a4e-ed9fdd3e6195,e6cb1215-5314-4d05-bfd1-f6e5d36e89f7,2024-01-22T10:16,3,19.14,Cash,Pending
1a25436f-b262-4cd8-8618-df5fe8e58a79,103fcba5-5588-45a5-9fe0-6ac948d3860e,2024-02-15T10:16,1,11.61,Online,Pending
4d1c32c0-6798-45be-a1b5-1faf8b418ec6,935ebde1-5945-4673-886e-1a7a12cc2d4e,2024-03-24T10:16,9,132.93,Online,Pending
6c19ecbb-504b-4ec9-a8f7-413267a653b0,8e1bbe6c-7b75-46dc-8ca1-0b1664cd6ae4,2024-09-07T10:16,3,85.77,Card,Completed
4aa037eb-36ea-4a80-a89e-329f8cc0e5d0,f067e21d-d1d4-4e87-9cae-9753f5f9ccb6,2024-11-12T10:16,6,117.06,Online,Cancelled
ad0c7b8a-65a0-4263-a2fd-b9696a9ec59e,caad7924-4bc5-4f85-9662-11ca261e3c87,2025-07-26T10:16,8,74.00,Online,Completed
91872631-32b8-4148-bd77-c9e37b3a0bad,f0a6a958-e434-41bf-a830-dffa55a34db5,2025-01-09T10:16,6,91.56,Card,Pending
ab89aa3c-709f-4dfb-9c9a-75db6f39ea3b,1eeb9c5f-5b7a-47af-b4f1-5a50d9d1089c,2024-10-02T10:16,1,18.47,Online,Cancelled
f02898d0-fad6-4ce3-be13-962ede90f4e1,bfa3444b-2be9-46be-b944-720d86a59770,2024-05-30T10:16,5,77.80,Online,Cancelled
8fd75bd8-5c8f-463d-ba5b-e8b6e3d2c1d0,a938df5f-7764-459c-8bfd-90409d16b3c6,2024-08-30T10:16,4,69.80,Cash,Pending
bc75f0ec-7ff9-4f5d-880a-ff9eb6e59685,ada8704c-2784-4d70-84da-10078407d2c8,2024-07-01T10:16,2,14.74,Cash,Cancelled
3db44c4f-e95f-404d-9866-6019a4783e99,4739f27f-7a96-4d52-83ae-0c6fd4c8c606,2024-05-22T10:16,4,33.00,Cash,Pending
149ca453-c5ed-4e73-9c53-980cc1a3d2b2,e12c3d24-86c8-474f-b86b-370df36adbfe,2024-12-05T10:16,3,20.70,Cash,Cancelled
bc4fd7d6-7f6c-4da6-ad23-6e1723e60458,9305d562-2505-493d-8ed8-3fb721c8f491,2024-01-07T10:16,3,35.28,Online,Completed
fe3ba412-e75b-4908-895a-802d3cf23476,b95f7619-fab2-4df9-8683-1f2aeb93a660,2024-12-30T10:16,7,121.38,Card,Cancelled
72ca128d-4174-4843-b987-156336eeee8d,ebbc7df0-770d-44f8-b0ff-c62f9006e40e,2025-08-11T10:16,1,26.97,Card,Pending
63832de4-3157-4f88-9c41-91f36132f93c,0a570207-0f70-467f-bbeb-44a0a60a9a25,2023-12-13T10:16,3,69.24,Online,Cancelled
fdefe599-d02b-4ce8-bd44-0f5aad3ef4c4,bb6bf39c-f455-4e08-a59e-1bdaaa91d4aa,2024-07-03T10:16,2,11.40,Card,Cancelled
be8e8742-0de9-423a-8aa4-8e6bab429df7,71f17b36-2c37-4cfa-bf8a-894fa94c0e9b,2025-03-31T10:16,6,67.20,Card,Pending
e2ac043e-b0ab-4fa6-9973-62243b167609,795088d7-d227-422e-ad8c-f048bde0675e,2024-11-12T10:16,1,26.70,Card,Cancelled
80b22746-91ac-4836-8e94-3ecf69a08577,3befa4dc-d961-4a3a-9410-d43d1bdaa335,2024-05-06T10:16,9,129.60,Cash,Pending
9cbc6800-607e-4bf0-9ec8-428bed2b18d5,d5eaf6a7-76cc-48ec-98d9-ba713e2df70f,2024-10-20T10:16,4,43.56,Online,Cancelled
31e877ee-447c-46f7-a026-69d26c06f1cc,67c276b0-7be6-4f3c-bf86-c342095c8112,2024-05-03T10:16,2,36.82,Online,Completed
b027310d-41bc-4630-b22d-7083aee94bd5,8113211c-bdc3-4bb0-94d9-3fd3871f3005,2024-08-17T10:16,5,41.15,Online,Completed
daa3370b-a883-4c67-b843-bc8740508dae,e7991221-0de0-4ef8-aa9c-ca3b59197059,2024-08-30T10:16,3,83.16,Cash,Completed
ddd1c05a-93c3-4c2b-a8e2-d7d10368edf9,8250871a-2b35-424e-a1a1-4eb4faffabfb,2024-06-08T10:16,4,61.44,Cash,Pending
9a626c4c-8719-403c-9752-c3970c497395,3ab3404a-ee80-4ed2-8d90-a6f0dad14e48,2025-04-01T10:16,6,116.10,Online,Pending
d96f0b41-b154-4c51-97e3-89501b4625f1,4b14a58c-f1e4-40b6-888d-a88cd7055099,2025-02-13T10:16,8,218.80,Cash,Pending
7b43c03e-8069-49a8-b148-7f002e04d9e9,c83bba2f-5229-4998-9566-1f3179b13e8a,2024-01-12T10:16,8,195.92,Cash,Cancelled
47322e94-72b6-4142-8cee-65833dde2516,058b9c75-b72f-4594-80d2-e41194ff7672,2024-09-05T10:16,9,64.17,Card,Pending
4437edb4-ecc1-44b6-9afa-03fb7bfe7d8d,a5ffc907-be77-43e6-8694-4a0bf09bd3fb,2025-02-05T10:16,9,206.55,Online,Pending
918d9c8a-97fb-493d-bd73-3131c172ab8f,92da274a-bea2-490a-bb52-196c46fa8487,2025-02-11T10:16,8,198.08,Cash,Cancelled
4552eb5a-1dfb-4908-b521-b2625a50f934,49af098b-bf79-4643-8e49-739ea932d38b,2024-10-31T10:16,8,87.92,Online,Pending
f7372b01-2f93-4c41-aa36-c457a320c10b,d33bbfcd-a2ca-4e80-8a1c-65223f061e7e,2024-01-23T10:16,9,90.90,Cash,Pending
412a2f38-fd42-4236-883e-961b888e54a2,1eeb9c5f-5b7a-47af-b4f1-5a50d9d1089c,2025-01-18T10:16,2,29.26,Cash,Completed
566bfec6-ef55-4491-90e3-9f71063ff5e2,824998a2-7592-4051-ab0b-d5e12743c93b,2025-08-15T10:16,4,115.80,Online,Completed
52f771b0-715f-4823-85f7-0a2825f5aa01,fdb5454e-2230-489e-ade4-9218ff28cbd8,2025-08-10T10:16,1,15.68,Card,Cancelled
3a18cce5-d3f3-4709-a135-edb13d066d94,b3688304-b24b-416a-9bf4-c2b6aaeb59d3,2025-06-26T10:16,2,45.40,Online,Cancelled
856f00ed-a70f-438f-a35a-b9d562c6bab7,103fcba5-5588-45a5-9fe0-6ac948d3860e,2023-12-04T10:16,1,18.98,Online,Pending
e64e25cc-4a8a-4cef-8515-f5d1eeacfa34,8b546c63-5406-493d-bc69-cfb594b38267,2024-02-05T10:16,9,150.48,Card,Cancelled
3a1fc313-6db2-4ef9-8f90-1b298ea83c51,2a109685-1399-4149-8951-fba29bb0360d,2024-02-17T10:16,3,28.89,Cash,Completed
111ac5da-25d4-44dd-b401-01116bc4abf5,8626238e-5813-415a-9a8c-db944b1e0269,2024-05-20T10:16,7,201.67,Online,Cancelled
8a76b9bf-8919-4e75-8ef1-e67386c76129,60cd80b6-3967-4dae-b4df-adc7b5644971,2025-09-12T10:16,5,124.20,Cash,Cancelled
dd37117c-a642-4270-9627-d2aed5323cc9,53db1213-7316-47bb-9099-c1def0e3c96b,2024-06-07T10:16,5,114.65,Card,Cancelled
192db275-7a2d-4307-8ee7-48f0d50396f5,b6c26110-1b77-4777-8c79-c69ec19b66df,2024-10-01T10:16,5,138.25,Card,Cancelled
87c341bd-7b52-4349-8e68-e9323e4dfba8,0fcf4084-ea31-49f8-99f9-9bf8c8b0c16b,2024-04-10T10:16,5,32.80,Card,Pending
ff6a1c78-f3c7-4134-b80a-cca92a9494ec,f067e21d-d1d4-4e87-9cae-9753f5f9ccb6,2025-06-13T10:16,3,25.80,Cash,Cancelled
b51850bc-42ed-4f78-8d1c-a4dc22baa91e,89d26a00-0fde-4c03-8430-b06f6bc3f33a,2025-07-08T10:16,4,50.32,Cash,Pending
e937e4d2-8599-4cef-8abb-a663dab49d04,77ca464a-fe0d-4dcc-8f08-3eb2f7b64f76,2024-10-02T10:16,5,111.80,Card,Pending
fd9e1567-0bf5-426c-9e9e-11cee2404c0c,8626238e-5813-415a-9a8c-db944b1e0269,2024-09-16T10:16,7,114.94,Card,Cancelled
50e7a4b6-fd91-44f2-863e-37e32df07160,ebbc7df0-770d-44f8-b0ff-c62f9006e40e,2024-02-06T10:16,6,31.38,Card,Cancelled
f19c53f0-aa20-47f9-9fe3-2c8e7f240a8c,c9dcc28a-ae5f-477c-ae7e-72d94129f449,2025-05-28T10:16,9,144.72,Cash,Pending
a957de9a-1c5d-48ec-bab0-18b60bf758bf,71f17b36-2c37-4cfa-bf8a-894fa94c0e9b,2024-04-09T10:16,3,53.19,Online,Completed
0c5f9aa0-a181-4947-a882-5c7f899249c4,6bd388d4-5636-450b-bacd-55bdcb769bab,2025-02-04T10:16,7,121.10,Online,Completed
229a3378-6510-4f6e-85c9-d3f0aef58d81,f3826f04-0dfa-4266-8002-58fede0093f5,2024-12-24T10:16,7,74.41,Card,Pending
d54d8f86-1ca2-4213-88e4-074ffd2614c1,4717d2a3-4b2a-44f1-b960-a2b73e2d23fd,2025-05-25T10:16,3,62.94,Card,Pending
0dd01246-bee4-4701-be5a-49f48a60c04d,e12c3d24-86c8-474f-b86b-370df36adbfe,2024-09-07T10:16,4,63.64,Cash,Cancelled
a5a727a1-162c-4712-a2bb-72ebfc37f7dc,4bb2d776-14c0-4ef6-b8ba-c580cbed72b8,2024-02-08T10:16,5,71.00,Cash,Cancelled
29f150ef-6ed0-4187-afa0-5c471f1f391c,a302a1a8-c429-406f-abff-9f273aa0a4b5,2025-05-09T10:16,8,46.00,Online,Cancelled
5e75823b-672c-4269-824c-2fc5d722ad5e,5f0f3def-9ff6-4282-ad04-001c4a769966,2025-07-25T10:16,6,128.76,Card,Pending
cff1b768-78cc-4b93-8657-0b5add92042d,73a2b03c-2dca-486e-8ebc-c4d6bb68a8c6,2024-04-25T10:16,9,145.26,Card,Pending
9f2a23eb-93be-4995-ad89-6d90970c04ec,6117b6f0-c4f4-4bf1-9eeb-f33950decba8,2024-06-07T10:16,3,24.90,Cash,Cancelled
b882ae4e-09f0-4370-85fc-a192aaa2a5b8,caca465c-e9f2-4add-91b5-24c70595e321,2024-01-01T10:16,2,33.82,Card,Pending
bf135c97-998b-47f9-ab55-65720633a847,69446e90-4237-4410-ab55-e011eb04cce0,2025-10-31T10:16,9,88.92,Card,Pending
8f1a6aef-eecb-45da-bc15-ea7ad49c6e37,aac35608-9499-49c5-811a-a059e773c968,2024-10-02T10:16,5,126.65,Online,Completed
84752212-f2ce-4fe9-88fc-7b91e8a68747,3befa4dc-d961-4a3a-9410-d43d1bdaa335,2025-10-27T10:16,6,177.48,Card,Completed
eed27ec2-2e3c-4592-9287-9c65bf996bcd,824998a2-7592-4051-ab0b-d5e12743c93b,2025-05-10T10:16,4,26.28,Online,Completed
60228cb1-a9ee-41e5-9ad4-eaaa226c55f5,103fcba5-5588-45a5-9fe0-6ac948d3860e,2025-08-05T10:16,2,42.78,Online,Pending
22fd43a4-f3e6-49a5-97c6-aa5522d28ac0,941529ef-2114-4bff-907a-4596ff4593a1,2024-11-02T10:16,5,52.65,Cash,Pending
3d7e943c-6816-43c2-b0f1-bad32d57e0b9,93cdeef1-3fc3-4a63-a275-0ae87ae6b335,2023-12-03T10:16,9,205.65,Card,Pending
146dd557-2298-4445-940b-1d5957976c2c,e886c155-0dae-4b36-88f5-a86fa474d1f6,2025-09-30T10:16,1,18.39,Online,Cancelled
a364e488-5309-4b91-9d80-e852a91a412c,8250871a-2b35-424e-a1a1-4eb4faffabfb,2024-10-22T10:16,9,179.73,Cash,Cancelled
bfc1ce7b-48b4-41ba-beff-9e86ffe2728a,65b2c0ea-6192-47fc-9286-2c1dd3ecefb1,2024-08-23T10:16,4,63.24,Cash,Completed
56837543-8320-4e4b-8a58-fa3fc6d41fc4,205ea7f7-e714-45b8-a083-11247ff702a1,2024-08-26T10:16,2,24.88,Cash,Completed
c548cb81-9d2c-4b7a-9ccc-1f7f3c494090,10b26c2d-7d56-4175-84a8-a2775e128a9d,2025-02-11T10:16,9,268.29,Online,Cancelled
ad1e0783-55bc-42a8-ae47-3b3c04f2ad90,d5eaf6a7-76cc-48ec-98d9-ba713e2df70f,2025-04-05T10:16,6,110.04,Card,Cancelled
ef133106-9b1b-478f-b879-198a7c058e70,bb6ceda0-3f7a-4dfa-9862-41a88dd468b2,2024-05-27T10:16,9,166.05,Card,Cancelled
71348a0d-f25b-4c46-8727-631547d6110b,52fbb114-83aa-432d-b2f1-f3e37a5c4754,2025-09-08T10:16,4,68.04,Online,Pending
3cd1bc93-0613-4d0e-a458-5861207d3084,89d26a00-0fde-4c03-8430-b06f6bc3f33a,2025-08-12T10:16,6,79.14,Online,Cancelled
79eba705-6bbd-4cb9-b19a-5bd5c054855d,0a5bd884-b432-4ce5-b14e-44b4aedd4c0f,2023-11-18T10:16,8,66.40,Cash,Pending
85774116-452b-4a2f-b753-83cc5c08a1df,52f5634d-de98-4543-8a1e-cbf1e2d0242f,2023-12-16T10:16,6,82.74,Online,Pending
839e1e68-d3e7-4f83-b263-bd7191ea2c2c,6c6a3b10-9747-4dca-a041-4edc22d147b0,2025-09-21T10:16,8,80.88,Card,Cancelled
e12b0915-32ab-4fcc-89d8-30a485585e62,00d7ae70-0f46-4453-963c-4ab2a3d29314,2025-07-17T10:16,8,74.00,Card,Pending
dbb62934-8c9b-45e6-a9e3-54c5f95c654c,e12c3d24-86c8-474f-b86b-370df36adbfe,2025-06-23T10:16,2,54.90,Card,Pending
7b3ef83e-4446-4544-88f5-5ad07dec0abf,caca465c-e9f2-4add-91b5-24c70595e321,2023-12-20T10:16,6,91.02,Cash,Pending
4e2870d3-4043-4851-a85c-901ce5b29e7c,4e6807ca-aed8-4ec9-b1b0-0e3aba57efb1,2025-09-16T10:16,7,113.89,Cash,Pending
48a333ed-4bdd-4746-b178-355ae42c1631,36b880b0-e9bd-4c0b-8f1c-32018f6c758a,2024-05-20T10:16,8,132.72,Online,Cancelled
12c06cd7-9d2f-4c89-8aee-f88613dacc52,bfa3444b-2be9-46be-b944-720d86a59770,2024-10-20T10:16,3,79.68,Card,Cancelled
56d3ccdd-106b-4488-a4f4-b196619a3111,6e6d2c67-f7fb-4a98-8f9a-4822259b25c4,2024-07-05T10:16,7,164.78,Card,Completed
907b2e94-5a12-43f5-9a61-874ce8117b9f,1233cc27-7567-48e0-8dd2-6b0019506c2f,2023-11-25T10:16,8,78.08,Online,Pending
05b9ec72-eec3-4384-a7a5-9263f59ce3b7,2ca088cd-c6c6-4e60-a1a4-d2990ee21b12,2025-01-03T10:16,2,45.92,Online,Completed
868db68c-7f3f-4dd6-b2b2-ba3936f9a5b9,3910ab11-8758-4a4f-8a9b-c4f5df7413c4,2024-08-21T10:16,1,23.59,Cash,Completed
e7ee7505-df95-4bba-aa20-630133c9afdd,ba5d9947-b043-4aca-8ee0-6b77895cf8e8,2024-08-30T10:16,1,23.97,Online,Cancelled
8c66aa62-cffc-47b1-b1fd-26425d71f6cb,6bd388d4-5636-450b-bacd-55bdcb769bab,2024-11-26T10:16,4,107.68,Cash,Pending
dd069619-3bbc-4f33-a483-cb631ac74992,6bd388d4-5636-450b-bacd-55bdcb769bab,2024-10-01T10:16,5,62.35,Card,Completed
779cff01-3ce7-4431-921f-8292607e11ba,910b1d47-5c37-48b1-8bde-96c60660f1d7,2025-06-04T10:16,9,264.96,Card,Completed
4378b9ac-c58e-433e-a186-94d95e6b8925,b04ce307-2d1f-4214-b023-d8f4379041a1,2025-01-17T10:16,1,21.71,Cash,Cancelled
d94121fa-e098-4af5-80ee-f161b96a6683,4e44f26d-5455-405b-8fdb-63ab8b739ecf,2024-09-08T10:16,7,189.63,Online,Pending
d14ae73b-6d2b-49dc-af1d-c02e12c5a231,67c276b0-7be6-4f3c-bf86-c342095c8112,2024-08-04T10:16,9,143.46,Cash,Cancelled
9bcf77e3-5834-4873-b7e0-7c5349736488,ec3490d2-e8da-47ee-ae12-0ca0b1d7a2bb,2025-02-15T10:16,4,44.32,Cash,Completed
2627716c-9489-4c12-bfa7-e5944e83b97f,b3688304-b24b-416a-9bf4-c2b6aaeb59d3,2025-10-31T10:16,8,161.12,Cash,Pending
76d35ddd-2b20-49e8-8102-68cbb4f996a2,058b9c75-b72f-4594-80d2-e41194ff7672,2024-01-09T10:16,1,15.56,Card,Pending
991fbade-ae16-4f94-b508-64a7dfb32eed,ecf1ffb0-ac00-4968-87ea-8beef4ace55a,2025-06-20T10:16,1,17.22,Card,Completed
f5fcf468-dbef-409c-881f-b24042c6b92d,3ab3404a-ee80-4ed2-8d90-a6f0dad14e48,2023-12-04T10:16,6,53.88,Online,Completed
75420e32-098a-4c91-bfae-0af1d61fa855,6f61ca8e-51a1-48e0-abfa-88326e713e34,2025-04-07T10:16,6,101.82,Online,Completed
031de262-f43c-4dcb-baa1-a9e74d6c90fb,93cdeef1-3fc3-4a63-a275-0ae87ae6b335,2025-10-26T10:16,1,16.31,Cash,Pending
b9336170-7896-4812-8a5e-a2d13197ff8a,964d337f-acd5-4ca2-8843-9be3f2eb60fc,2024-05-01T10:16,7,80.71,Online,Completed
b695eaf4-9a4a-4b0e-98a0-d86b191c9ae5,80537cf2-360f-4740-8b7e-d4cd56e22987,2025-01-07T10:16,9,93.33,Online,Pending
b23add85-00be-4b02-a48f-6c8368e1f585,000f9c8f-2fc7-4346-844d-c04f10751265,2023-12-17T10:16,8,205.36,Card,Completed
ed6e55fb-95c2-4a03-ac5c-825277161241,39cb44e2-a541-4b98-bc0b-db5f31cf8710,2025-01-24T10:16,5,76.30,Card,Cancelled
e40ae764-59bf-479f-bf80-e3bc2cbd1d0c,5f6e51da-5f01-4c9a-85dd-7d50ef37e5d7,2025-07-21T10:16,4,78.68,Online,Completed
c434ec17-1dc7-40cb-bb9e-9ff939bb14f6,795088d7-d227-422e-ad8c-f048bde0675e,2025-02-03T10:16,9,84.24,Cash,Pending
fefbe348-7e87-4810-ad28-97fcd772cf96,8626238e-5813-415a-9a8c-db944b1e0269,2024-12-28T10:16,2,47.44,Card,Pending
b5252300-2ece-491e-98f3-bb7ddbc70d5e,80537cf2-360f-4740-8b7e-d4cd56e22987,2024-11-09T10:16,3,18.60,Cash,Completed
650d6c97-a3b1-43f6-95e6-63c84e40424e,52c87fd9-fdf0-4256-b929-6153ad24a0ac,2025-09-26T10:16,9,54.00,Online,Pending
007ad6fe-6ea1-416a-8a19-0d3ba98e24fe,21edfc22-3f73-4335-a774-3cf78ab65e86,2025-08-23T10:16,9,256.68,Cash,Cancelled
83aeb665-ced5-4989-be82-44b7b292bc81,5f6e51da-5f01-4c9a-85dd-7d50ef37e5d7,2024-05-13T10:16,2,54.16,Cash,Pending
7d66691d-2232-4795-a5f6-627f38a5899d,36b880b0-e9bd-4c0b-8f1c-32018f6c758a,2023-12-09T10:16,2,27.54,Online,Completed
b9fff38f-53a8-42b4-8cc8-5cefa55d8e30,c3ffc43c-0c11-40fa-9824-f234161741d0,2024-08-19T10:16,2,31.78,Online,Cancelled
322b4586-9d80-4323-8bc1-7392c09b96a7,2a109685-1399-4149-8951-fba29bb0360d,2025-01-30T10:16,4,75.92,Online,Pending
939ba7f5-2e6a-4e03-af34-1b1a5294e878,fe624323-ba72-456d-9842-ed9e0edc75df,2023-11-26T10:16,7,207.97,Online,Pending
ddb60e33-b169-4a33-8715-8d7e7f29e2a9,6e551d53-4f6d-4b84-a9de-3d7c79694805,2025-01-31T10:16,3,38.49,Cash,Cancelled
d069c8db-b173-4bee-b5fe-5ba7e78d6d7b,8b115a34-224b-453c-be69-b53a7445b466,2025-03-17T10:16,4,42.20,Card,Completed
27730cf2-48b4-456b-a34f-517a2afbc120,e277d099-db2a-4aee-ab86-8b0e73a34383,2025-10-11T10:16,8,189.44,Online,Pending
8c694e6e-5da3-4d55-bbae-a93afa6fa161,05ccd8a5-ea5f-4353-bd1e-3022152b0685,2024-08-02T10:16,9,89.37,Online,Pending
bb66641e-b84d-49a4-90f2-fd9db6616875,0dd437d0-74fa-43c3-8909-5c955e4d47dd,2025-08-04T10:16,6,173.76,Cash,Pending
ef56dda5-59ab-4935-9eba-0a6c35556213,e6e1db85-f8ba-4264-9c9a-520ecda4bc4c,2024-07-19T10:16,5,117.85,Cash,Cancelled
4f2fc077-9e42-40a6-a931-4f1df9c19979,6aaabc79-3d35-410f-bb96-f86a3930d0ff,2025-06-27T10:16,3,37.35,Cash,Cancelled
6af9553b-211f-4eda-8dc4-95a05ad7bd4c,c83bba2f-5229-4998-9566-1f3179b13e8a,2024-12-25T10:16,9,92.07,Card,Completed
4f10787e-91dd-4c04-9c9e-0bbc23c8de23,8250871a-2b35-424e-a1a1-4eb4faffabfb,2025-07-05T10:16,4,56.60,Online,Cancelled
78f18dc0-7154-4bc7-8eee-eafee157fa7e,99c406e7-092b-4eeb-bc08-56fc041c253d,2024-11-07T10:16,1,24.42,Online,Cancelled
7b8674de-2671-43f7-940e-5d5f404dc126,b03f75c1-655f-4480-a2bf-1a0af806e96e,2024-08-04T10:16,6,80.88,Card,Cancelled
3bb2f1b4-9eda-4857-9b6c-c5cd30238719,02c65c06-56ad-4670-b8e2-10ab417c7154,2025-08-03T10:16,7,143.36,Card,Completed
d51c031c-f8cd-4100-b2b5-2e2ec43e4bc8,983d66ae-c8b0-46b8-8abc-26a1055cf729,2024-08-02T10:16,6,170.16,Online,Completed
d8ff40ff-6bd3-4253-b323-cc7e1f6e620f,bb6ceda0-3f7a-4dfa-9862-41a88dd468b2,2025-03-09T10:16,9,128.25,Card,Cancelled
2795ffa3-0d38-40f4-83bf-7df8f17f9d38,e12c3d24-86c8-474f-b86b-370df36adbfe,2024-05-27T10:16,7,174.23,Cash,Pending
c19d510a-25d6-4649-b38a-e86c49d6f628,68169a66-a8d4-4763-914e-7befc826445b,2024-06-16T10:16,7,55.23,Card,Pending
891580cd-f8fe-4288-af3a-829f9f4d9410,98b17fed-218c-4f20-8410-9f0edfc74455,2025-03-25T10:16,5,109.70,Online,Cancelled
6f9ce1c5-139a-4ed5-b47a-133fcca8d0b7,67c276b0-7be6-4f3c-bf86-c342095c8112,2025-09-21T10:16,1,15.90,Online,Completed
b0d9f386-f3c8-4dc7-b48a-fea6368ba2dd,bb6bf39c-f455-4e08-a59e-1bdaaa91d4aa,2024-05-01T10:16,1,12.69,Cash,Pending
2d18811e-780c-4828-9206-dd3b8521ee2a,e38afcd9-9e08-47ba-bc92-5ebb4bc271eb,2024-09-19T10:16,9,103.50,Cash,Completed
7226524c-ca70-4673-8c2e-fa40708f34bc,68169a66-a8d4-4763-914e-7befc826445b,2024-09-21T10:16,9,261.63,Online,Completed
e82c92cf-8aed-4501-a7ec-941399312b36,9fa382f0-8393-48db-ad30-43c953282401,2024-04-21T10:16,4,65.48,Cash,Pending
16ce77f9-2652-428f-8455-f6eb8183c635,6c6a3b10-9747-4dca-a041-4edc22d147b0,2024-05-21T10:16,1,8.55,Cash,Completed
65962a6b-9d72-4a2e-9565-4ebd649e08f5,0a5a9fc7-e126-48f0-99aa-dea85c606f66,2024-10-12T10:16,2,12.96,Online,Cancelled
1a9d0837-4269-4ae1-96ff-1d441b32f362,d3f641e5-b8b5-4f5f-9155-7768df2033e8,2024-07-28T10:16,7,183.61,Cash,Cancelled
23946bde-d416-4687-bc3d-1effbdf5a709,0e0d5f13-edd5-4ab0-9ddd-3df111bedc5a,2024-02-08T10:16,4,23.00,Cash,Completed
11139e45-2496-4c90-8c67-91fc3e2812bb,401a6911-a31e-4892-adc1-56e3e1eb090a,2024-09-08T10:16,1,17.54,Online,Completed
a341aa50-0930-4ff2-b4f0-2a407c80f897,b014b56e-3263-4b63-8430-46e00bc5ea77,2024-05-23T10:16,5,37.95,Card,Cancelled
e05505dc-60d9-4734-bfad-9fa362ff8947,b6c26110-1b77-4777-8c79-c69ec19b66df,2025-02-22T10:16,9,186.93,Online,Completed
043c942c-b7d9-4d3d-b20f-7be9d0af7aed,02c65c06-56ad-4670-b8e2-10ab417c7154,2025-06-01T10:16,5,93.20,Card,Cancelled
f0280ffa-c792-4e9c-9886-3e72a859d455,050d9901-1cb5-413a-9c31-282028f863c1,2024-07-18T10:16,9,216.54,Card,Pending
cbdf930b-9959-4ecb-9a77-e665d061f5e3,a5ffc907-be77-43e6-8694-4a0bf09bd3fb,2023-12-10T10:16,9,261.81,Cash,Cancelled
a4b2469d-1a4c-4503-b73f-39373d73b80b,b03f75c1-655f-4480-a2bf-1a0af806e96e,2024-11-21T10:16,4,67.08,Card,Cancelled
a726ab24-8ff9-411a-b3bd-b80801a34a93,dcfb3d05-846d-4915-99f3-ebbc7559d972,2025-09-21T10:16,1,14.40,Online,Completed
f9e479dc-58cc-462f-a0ab-d160ab3d6ef3,4717d2a3-4b2a-44f1-b960-a2b73e2d23fd,2024-05-18T10:16,5,33.50,Cash,Cancelled
e37ab73d-01a5-426f-a8ab-5f473fedb43c,6bd388d4-5636-450b-bacd-55bdcb769bab,2024-08-12T10:16,9,68.04,Cash,Completed
39035f66-d0bb-4737-8617-1d324b0895fd,b90a3a7f-421e-47e5-8598-fe50f365a62e,2024-05-04T10:16,9,120.96,Online,Completed
523ab168-12ac-42d7-8ea8-fdca0ce2d3ca,89d26a00-0fde-4c03-8430-b06f6bc3f33a,2024-03-24T10:16,8,133.92,Online,Cancelled
4a7413b0-88c8-412d-93ac-8747b697e02b,b3688304-b24b-416a-9bf4-c2b6aaeb59d3,2023-11-21T10:16,4,113.44,Online,Cancelled
9e27d258-3216-415c-8560-33648ee84622,795088d7-d227-422e-ad8c-f048bde0675e,2025-06-29T10:16,5,56.05,Online,Pending
7229b2f8-a303-4d0a-820e-470989df51c9,62a2bfef-ca4a-4dec-90ea-bf15ea1880d2,2024-08-27T10:16,1,5.86,Online,Cancelled
2e7bfc25-b3ad-4301-b344-36c065cc1b8e,caca465c-e9f2-4add-91b5-24c70595e321,2024-05-13T10:16,3,75.84,Online,Cancelled
fcd10dae-4a58-4559-8295-7cdb48f18c1b,ceafdb2a-788d-48e0-acdd-bd533a2e7ab6,2024-01-28T10:16,8,224.96,Online,Pending
460c8038-f0a9-47bf-8be3-3e8342b2abd8,5f0f3def-9ff6-4282-ad04-001c4a769966,2024-04-17T10:16,8,44.64,Cash,Pending
0b9240a4-d9e7-4856-9d83-376241885230,885715b6-b1eb-44ca-8460-28c0343e56f3,2024-04-15T10:16,9,204.66,Card,Pending
d61c3a99-cea2-479d-9d7a-481ef811c3fe,500fde18-ea61-4380-9ea4-f06d09985870,2023-11-22T10:16,4,84.56,Card,Cancelled
d513e454-28d9-4492-a8a1-538e2ad82ca8,52c87fd9-fdf0-4256-b929-6153ad24a0ac,2024-11-23T10:16,2,30.92,Card,Pending
3c6449e6-b421-4116-a28e-081b65745f15,824998a2-7592-4051-ab0b-d5e12743c93b,2023-11-26T10:16,7,87.43,Online,Cancelled
528d645c-f90f-4be1-96f7-5640d7bb68fe,2ca088cd-c6c6-4e60-a1a4-d2990ee21b12,2025-10-30T10:16,3,33.21,Cash,Pending
5c7000b4-4057-4f68-8caa-91a14779afe4,a938df5f-7764-459c-8bfd-90409d16b3c6,2025-05-24T10:16,7,48.16,Online,Completed
e9ddb8a2-00b7-498c-908b-1ce745df26c5,7169ef0c-f2c8-4ae3-83f6-87691664d2d2,2024-01-12T10:16,8,85.28,Cash,Cancelled
2993fddd-7db5-4409-a540-3a0f811b9c6a,e886c155-0dae-4b36-88f5-a86fa474d1f6,2025-01-30T10:16,4,25.60,Card,Pending
e85c26fe-8cb0-4b7d-8b85-e28ef5da3215,f543de06-e341-4de2-95ab-ca0fd3ee51fe,2024-11-15T10:16,2,39.20,Cash,Cancelled
8ae531bc-aff5-484a-ab93-ff974edc3c66,c0d74d86-5c5b-481d-b8e3-61eeb9c77255,2025-06-24T10:16,7,40.32,Cash,Completed
9435d5cd-5f62-41cd-a758-8b61b26f478f,515fe1d2-d33a-4b9d-8c19-07e0cbe81a9a,2024-07-15T10:16,2,37.50,Card,Cancelled
5331c88c-0ea0-4065-8af7-af02bab3c204,a190f67b-21df-46bc-8164-46bdfa00af85,2024-06-03T10:16,5,59.30,Cash,Cancelled
609e73fb-e8be-4abb-856b-633a233d0a8e,60cd80b6-3967-4dae-b4df-adc7b5644971,2024-11-07T10:16,3,15.99,Cash,Pending
b0e8fa8a-39b5-4813-9a9c-58eda103dd70,5f6e51da-5f01-4c9a-85dd-7d50ef37e5d7,2025-04-01T10:16,2,51.40,Cash,Completed
2c94b581-6d7a-4fc9-a0b6-ddd4abd3e55c,b3688304-b24b-416a-9bf4-c2b6aaeb59d3,2024-02-20T10:16,1,5.90,Cash,Completed
786ecdde-a3d6-468e-83d4-1cc183987cd4,4f6ae324-5b6d-47d6-a86d-26ec6fbe1e0e,2023-11-15T10:16,4,38.16,Online,Completed
eff2dbf9-5e51-4d9d-b42a-42a64d5e3433,e277d099-db2a-4aee-ab86-8b0e73a34383,2025-11-06T10:16,9,103.14,Online,Pending
ee354a4c-53c0-4f6a-8b8b-599ab1890b8f,a190f67b-21df-46bc-8164-46bdfa00af85,2024-01-21T10:16,7,178.64,Card,Pending
bab5e4a6-03a0-44f1-91b4-49399492f582,3e97fc93-73a7-45e0-9888-f7a03ee258a7,2024-03-25T10:16,7,136.01,Online,Completed
593d363c-bec3-4d54-9cab-6070c98f30e4,983d66ae-c8b0-46b8-8abc-26a1055cf729,2025-05-27T10:16,4,119.80,Online,Cancelled
731ee0d2-4299-4f67-836a-f12c01221958,d6d4ef4b-0870-48aa-b884-013237f255f4,2024-02-28T10:16,6,36.60,Cash,Pending
8a878ea4-07fd-4744-b3b2-6f3874d76dc5,52f5634d-de98-4543-8a1e-cbf1e2d0242f,2024-06-12T10:16,9,187.47,Online,Cancelled
c8679f42-6975-441d-b39e-450c0cb25d5b,485b65e7-fdf4-474d-afba-37986d8d3cd8,2024-01-08T10:16,6,165.60,Online,Completed
d194ae49-7c40-4257-8b9c-63dc2de95819,cb8747c7-32ca-4b6b-868d-13ab01d953ec,2023-12-09T10:16,7,120.33,Cash,Pending
324e957e-4e8a-4d8d-830a-3c0328589fd3,0d463f72-c3a1-4a2b-8d0d-1721a0d1a06b,2024-03-14T10:16,5,79.20,Online,Pending
20cb69a6-61d8-407e-9fae-1ce7edd31690,49af098b-bf79-4643-8e49-739ea932d38b,2024-11-30T10:16,6,97.08,Online,Completed
6d591538-6b58-4fa7-aace-3f97a5de15da,428424b7-1f94-496a-8b7a-497ce177d32c,2024-07-20T10:16,7,177.52,Card,Completed
81a2b872-b7b1-4a54-8e29-45fc8925051b,ceafdb2a-788d-48e0-acdd-bd533a2e7ab6,2024-03-12T10:16,7,101.50,Card,Completed
7749ed9a-52b4-4b99-9b69-34d09c5c497f,23650eb4-f98d-45a3-a90b-a378f03d469d,2024-04-19T10:16,1,29.11,Cash,Cancelled
c3b51e73-c637-46d1-a30e-b617b433c656,000f9c8f-2fc7-4346-844d-c04f10751265,2025-10-31T10:16,4,95.60,Online,Cancelled
68e7f08c-926a-4406-95dd-5dec45ac98dc,7509850a-5062-4da9-aad6-bc5b9e363ef1,2025-11-04T10:16,5,72.30,Card,Cancelled
17595f0c-b395-4ba7-a98e-8e88c0248abe,8626238e-5813-415a-9a8c-db944b1e0269,2024-08-07T10:16,5,30.20,Card,Completed
3d1e128b-737c-4231-9173-771af136f97a,e119f98a-df63-41dc-8e01-bb49ca2dc724,2024-05-21T10:16,8,61.60,Cash,Completed
660bc1a1-070c-4b8f-974b-46d318106522,0472ca7f-b133-4710-8f43-24a3c6c1afd1,2025-02-09T10:16,9,103.95,Online,Pending
92f58516-627e-4676-b4ed-ae2fdf04ab85,0a15d43b-8f6b-444a-bef2-ffbddfdbd16f,2025-07-05T10:16,3,38.91,Cash,Pending
636ed242-04f6-47b1-ba74-76da04fac2cb,0472ca7f-b133-4710-8f43-24a3c6c1afd1,2025-09-05T10:16,2,19.36,Cash,Pending
d98f4da2-9e95-44e5-b5d4-f170791358de,3befa4dc-d961-4a3a-9410-d43d1bdaa335,2024-08-23T10:16,9,231.21,Online,Completed
58381be8-3f4e-4a0e-97a4-4f899a8c5e80,ff4db0d8-e809-46e8-9ae0-78ffee4902d9,2024-12-30T10:16,7,141.89,Online,Pending
55c1e1ce-fd3d-40e2-97e1-ee536238ddd4,3ab3404a-ee80-4ed2-8d90-a6f0dad14e48,2025-04-10T10:16,4,86.64,Online,Completed
b6e10591-5304-4ede-af23-b011fcd64688,4739f27f-7a96-4d52-83ae-0c6fd4c8c606,2025-04-29T10:16,2,37.72,Card,Cancelled
19a19f44-814e-4d3c-bc3c-85b5d9762c2b,ceafdb2a-788d-48e0-acdd-bd533a2e7ab6,2025-08-12T10:16,1,19.91,Cash,Completed
3511587b-f172-4d76-911c-4d61346f14bf,401a6911-a31e-4892-adc1-56e3e1eb090a,2023-12-07T10:16,1,21.92,Online,Pending
5782413c-cb10-4d2d-aa68-ee9689ec6404,63846b60-b7be-4087-ac6e-56c9bc130a20,2025-01-02T10:16,3,34.62,Card,Completed
f8eab68c-b579-4e24-ad31-ba828648c788,a190f67b-21df-46bc-8164-46bdfa00af85,2025-01-16T10:16,6,48.06,Online,Cancelled
3ff0a5ea-b280-4dd6-96ba-49b0e34d7aa6,3ab3404a-ee80-4ed2-8d90-a6f0dad14e48,2025-11-03T10:16,9,58.50,Cash,Completed
727c02df-0449-42f9-a954-eea218cf62e8,7d2df59f-386d-4aec-85a8-2443262a0cb4,2024-09-18T10:16,8,69.04,Cash,Cancelled
8719caf5-6469-4838-a329-9d82db63116c,05ccd8a5-ea5f-4353-bd1e-3022152b0685,2023-11-19T10:16,2,43.14,Online,Cancelled
d6b1db36-47aa-424c-a5da-7d9cd39dbdbd,e6cb1215-5314-4d05-bfd1-f6e5d36e89f7,2024-05-08T10:16,7,198.24,Cash,Pending
7b6d349e-056c-4e44-8eb8-d9f985b6a906,e277d099-db2a-4aee-ab86-8b0e73a34383,2024-03-21T10:16,8,212.08,Online,Cancelled
faf0c1b9-0d9c-4656-b026-4a0edf374f8e,500fde18-ea61-4380-9ea4-f06d09985870,2024-06-17T10:16,9,115.74,Cash,Pending
3e283aba-eac3-4c06-9973-ff97aff4186f,6bd388d4-5636-450b-bacd-55bdcb769bab,2025-10-07T10:16,7,208.81,Online,Pending
ebd05cb7-f1cf-49e6-b087-7715a8c0a49a,09ba4183-1b94-4f8c-bc5f-eca421a88524,2025-07-01T10:16,3,89.22,Online,Completed
6365ad2a-c373-49e8-8ab5-1ff6130c9be2,39cb44e2-a541-4b98-bc0b-db5f31cf8710,2024-09-25T10:16,5,137.35,Card,Completed
e6e904c7-f424-4919-9503-1506705a820e,e85d0261-2d97-4475-a749-363ec9040a74,2025-08-02T10:16,4,107.28,Cash,Cancelled
b194e4be-3f27-43a4-ab25-9047f3076d7d,fe624323-ba72-456d-9842-ed9e0edc75df,2025-08-15T10:16,9,147.33,Card,Pending
fe8a755e-cbf0-4222-b81f-20f5e8c8f2f8,0a0ac3e5-6e20-4fbc-87ec-5481c70e38bc,2024-04-13T10:16,2,54.08,Card,Completed
3a771ef5-3cd4-4f92-9c7b-21e8ff459fbb,0a5bd884-b432-4ce5-b14e-44b4aedd4c0f,2024-10-13T10:16,2,31.94,Cash,Cancelled
a47f1e7a-6741-4a0a-ba5f-5d75633186f7,0a0ac3e5-6e20-4fbc-87ec-5481c70e38bc,2025-02-25T10:16,1,5.63,Card,Completed
38e2c410-7c64-4767-b7eb-eabe67982293,b014b56e-3263-4b63-8430-46e00bc5ea77,2024-09-09T10:16,8,229.52,Online,Cancelled
3ce87895-660c-49ae-82f2-aad9bb313caf,8113211c-bdc3-4bb0-94d9-3fd3871f3005,2025-03-22T10:16,1,13.00,Card,Cancelled
486222b9-ed45-4afc-b4ec-83e24c745f6e,f543de06-e341-4de2-95ab-ca0fd3ee51fe,2025-10-04T10:16,5,136.80,Card,Completed
58336af6-6626-4a44-8a23-730b3ca13308,d5eaf6a7-76cc-48ec-98d9-ba713e2df70f,2024-05-30T10:16,1,21.33,Card,Pending
ccb202a2-a446-4740-a5b7-5c77bc793ecb,f6c35464-33dd-44a7-bf84-071f2e427045,2024-04-25T10:16,9,65.43,Cash,Completed
93f299cf-3cde-4f11-9e25-abb6f7d73923,0d463f72-c3a1-4a2b-8d0d-1721a0d1a06b,2025-11-07T10:16,3,15.54,Card,Completed
2d6ca613-066d-43d2-9bbc-e5b65df3ef0f,3e97fc93-73a7-45e0-9888-f7a03ee258a7,2024-12-27T10:16,7,119.28,Cash,Cancelled
049a830a-0a20-4c52-9862-e3ce53e3c1a3,09ba4183-1b94-4f8c-bc5f-eca421a88524,2024-05-05T10:16,5,70.65,Card,Completed
6365d414-bd4e-4699-834a-d3d9bd550012,aff4340c-d102-49ba-af8e-84d2737ce82c,2025-06-06T10:16,9,57.96,Online,Completed
30be3116-7de6-4de9-918d-70ef3b108f55,6e551d53-4f6d-4b84-a9de-3d7c79694805,2024-01-14T10:16,4,21.80,Online,Cancelled
e023f810-67ef-41e7-a8b6-f0c0e8990e8b,6bd388d4-5636-450b-bacd-55bdcb769bab,2024-03-06T10:16,9,82.26,Online,Cancelled
97ca2278-8f00-4b51-899b-cf425c375516,cf65c4b6-4c1c-420b-95de-23e5b56ffad5,2024-01-29T10:16,7,155.61,Card,Cancelled
64b6c2e8-9e14-4e4f-8e90-306deae2bdc6,9c53f3f8-5b22-4d77-bd76-cfa6c70e443c,2024-10-15T10:16,6,176.22,Card,Completed
92b6dbd2-f510-407b-b659-5f108c96d893,8e1bbe6c-7b75-46dc-8ca1-0b1664cd6ae4,2025-02-11T10:16,5,73.35,Online,Pending
356387b2-c770-40e0-8398-ab579c2bca0a,058b9c75-b72f-4594-80d2-e41194ff7672,2024-05-07T10:16,4,86.20,Cash,Pending
34bf0caa-cb70-4268-8a26-face3f2bfa17,935ebde1-5945-4673-886e-1a7a12cc2d4e,2025-04-11T10:16,6,82.92,Cash,Cancelled
4b81eac3-44b9-4fb6-a457-902043afe3e2,c1a09d60-c9e8-4489-a68e-e01b51541d33,2025-05-28T10:16,1,9.43,Online,Pending
c8d9f65e-c96d-4d9c-bba1-82b5c58f8c86,1233cc27-7567-48e0-8dd2-6b0019506c2f,2025-07-23T10:16,1,22.56,Cash,Cancelled
dd9b04c3-e010-45d1-9363-86c7423f4797,e85d0261-2d97-4475-a749-363ec9040a74,2024-06-05T10:16,9,227.79,Cash,Completed
b3155611-cde0-4543-a2d2-1ec22fdf75b3,e12c3d24-86c8-474f-b86b-370df36adbfe,2025-09-13T10:16,5,90.80,Online,Cancelled
6bff4265-0fa5-4563-a3ae-9ce97d6c4648,0a5bd884-b432-4ce5-b14e-44b4aedd4c0f,2024-03-09T10:16,4,83.24,Cash,Completed
15c9b482-1440-4c26-a053-2fd3c6ecf8ad,27e45431-1333-4ffd-a0c8-be56ffdc5d4e,2024-12-16T10:16,7,86.17,Card,Completed
c0e307a0-4146-473d-aace-e676b36f0d01,9fa382f0-8393-48db-ad30-43c953282401,2025-05-30T10:16,1,8.78,Online,Cancelled
2d5d9cca-7228-4a1f-bd59-20e07c963da3,428424b7-1f94-496a-8b7a-497ce177d32c,2025-01-02T10:16,6,32.46,Card,Cancelled
0be9dc41-8e12-4b99-9490-3fbfa849a4c5,68169a66-a8d4-4763-914e-7befc826445b,2024-08-22T10:16,5,52.50,Card,Pending
d89c63da-ea28-4a88-b108-6c0c83bb0aa8,103fcba5-5588-45a5-9fe0-6ac948d3860e,2025-09-19T10:16,1,5.57,Card,Pending
80aa4046-bb60-47a4-94fe-6eb55a43c4ec,ec3490d2-e8da-47ee-ae12-0ca0b1d7a2bb,2024-09-11T10:16,6,61.14,Cash,Completed
47873749-cf9a-48cd-8c0d-d71bec52e8c1,a190f67b-21df-46bc-8164-46bdfa00af85,2024-10-21T10:16,5,43.70,Cash,Cancelled
45d1d6ce-31af-4d0b-83fd-6299c791915e,b047b369-02d0-4f25-9af0-f1e883228863,2024-01-02T10:16,4,103.56,Cash,Completed
141822c7-2359-41b6-a206-baf9d264356f,0a5a9fc7-e126-48f0-99aa-dea85c606f66,2025-05-21T10:16,9,203.58,Cash,Completed
261ed518-6472-477e-9354-1c719be6e174,e6cb1215-5314-4d05-bfd1-f6e5d36e89f7,2024-11-21T10:16,9,114.48,Card,Completed
54499987-49c6-4ae1-a69a-a8d6ace2106f,9305d562-2505-493d-8ed8-3fb721c8f491,2024-09-15T10:16,1,14.86,Online,Completed
d1fbfb01-7438-413c-a347-a27b067dde97,935ebde1-5945-4673-886e-1a7a12cc2d4e,2024-07-25T10:16,1,11.19,Online,Pending
3cfb1279-8b1b-4ebb-afa9-3eae878f01a8,4e44f26d-5455-405b-8fdb-63ab8b739ecf,2024-08-18T10:16,8,184.40,Card,Cancelled
b0e4b6cb-9015-4200-ab5a-c9293fab98aa,ebbc7df0-770d-44f8-b0ff-c62f9006e40e,2024-04-26T10:16,3,73.62,Card,Pending
bc40bbc6-a378-4b91-ad5e-b499f0e2954a,9fa382f0-8393-48db-ad30-43c953282401,2024-10-06T10:16,2,36.36,Cash,Completed
078b6936-5965-4e6c-871d-9a4900610b2c,59827b2a-ae17-44b1-bd6f-6f08718559cb,2025-03-21T10:16,6,54.24,Online,Completed
9a0a5137-979f-40e7-aaaf-46eb18f374f0,0472ca7f-b133-4710-8f43-24a3c6c1afd1,2025-08-26T10:16,8,124.24,Cash,Cancelled
ce7e9249-6ede-49c0-b057-e584b80b4c61,71f17b36-2c37-4cfa-bf8a-894fa94c0e9b,2023-12-05T10:16,3,38.88,Card,Completed
b91428e8-909b-4eb3-a955-5929598c141d,964d337f-acd5-4ca2-8843-9be3f2eb60fc,2025-08-09T10:16,5,59.40,Card,Cancelled
dd6860a5-0f54-4d5a-93e1-4344356f6a5e,3ab3404a-ee80-4ed2-8d90-a6f0dad14e48,2024-06-17T10:16,1,20.55,Online,Completed
6c5ed093-d59f-4441-81e6-897e4fa0e76a,6e551d53-4f6d-4b84-a9de-3d7c79694805,2024-02-11T10:16,4,54.60,Card,Completed
e632649b-b6d8-4347-81fd-456b52acdad6,e38afcd9-9e08-47ba-bc92-5ebb4bc271eb,2024-09-15T10:16,2,31.12,Card,Cancelled
6817582f-b409-4a20-a1a4-2a2675b0af02,e12c3d24-86c8-474f-b86b-370df36adbfe,2025-06-13T10:16,9,90.90,Card,Cancelled
c4398efd-1b5a-42c2-ac13-6b419eb220ff,52fbb114-83aa-432d-b2f1-f3e37a5c4754,2023-12-21T10:16,2,58.92,Online,Cancelled
92c14044-4094-4f16-8ae4-b70a125b0273,39cb44e2-a541-4b98-bc0b-db5f31cf8710,2024-10-16T10:16,9,255.69,Cash,Pending
dcbb1bb9-251e-4819-a4b0-c280b9d5257b,e12c3d24-86c8-474f-b86b-370df36adbfe,2025-10-07T10:16,9,196.29,Card,Completed
39b81227-4842-4c94-a5c8-7ce71875347d,ebbc7df0-770d-44f8-b0ff-c62f9006e40e,2024-06-22T10:16,1,6.80,Online,Pending
4c604527-78a7-40d6-9585-982d294bf460,3910ab11-8758-4a4f-8a9b-c4f5df7413c4,2024-04-05T10:16,7,134.26,Card,Cancelled
ca18e3b3-8f7e-4524-98b7-f26467ac6c87,0a15d43b-8f6b-444a-bef2-ffbddfdbd16f,2024-02-11T10:16,3,42.54,Cash,Completed
4926c40a-a993-41e6-9db1-14ada0893c18,36b880b0-e9bd-4c0b-8f1c-32018f6c758a,2025-01-03T10:16,8,178.40,Card,Cancelled
8606688a-3634-4b2f-b057-f5c26f10087e,983d66ae-c8b0-46b8-8abc-26a1055cf729,2024-03-14T10:16,1,23.18,Cash,Cancelled
9dd6104a-2c67-4b3e-ae2e-53f114bffec9,8250871a-2b35-424e-a1a1-4eb4faffabfb,2025-03-03T10:16,8,165.76,Online,Pending
eb053da0-30f8-4b92-b694-991c12d4d23a,1eeb9c5f-5b7a-47af-b4f1-5a50d9d1089c,2025-02-28T10:16,2,54.46,Card,Cancelled
bec2e65f-2453-4caf-af99-8d558d1f947e,1d32c3b3-c732-4995-aa6b-ff159deb3bdf,2024-06-25T10:16,7,64.26,Card,Pending
e7dafaa7-41ec-4c4f-bdae-1065470d2e9b,8626238e-5813-415a-9a8c-db944b1e0269,2025-11-02T10:16,2,48.36,Card,Completed
ee17074a-c6db-4ecb-9ed5-bd2b997d4347,bb6ceda0-3f7a-4dfa-9862-41a88dd468b2,2024-01-22T10:16,9,54.72,Online,Pending
76d02d83-76c6-4f7f-aee1-d398bb09a3c5,4717d2a3-4b2a-44f1-b960-a2b73e2d23fd,2025-06-07T10:16,4,28.52,Card,Pending
c816f59f-bde2-49ef-bdad-12768f2c0f4a,953417c6-cd52-45e9-9ca0-bb450653c934,2024-03-28T10:16,1,24.02,Online,Cancelled
2aa02e2b-380b-44a5-bed4-c17bda386b6c,5400d214-6176-40bf-88d2-3f53ed38bf69,2025-07-13T10:16,6,162.72,Card,Pending
ceff0af6-b897-4baa-9475-2575268dcd7a,63846b60-b7be-4087-ac6e-56c9bc130a20,2024-04-05T10:16,3,29.58,Cash,Completed
18bc172b-aaa0-48e7-80c8-f1bdf652f5c3,02c65c06-56ad-4670-b8e2-10ab417c7154,2025-09-21T10:16,6,132.36,Online,Pending
2f769dc2-938b-45d6-baa9-e40c053a0d47,e85d0261-2d97-4475-a749-363ec9040a74,2024-08-01T10:16,7,197.40,Online,Completed
2fa7b087-9498-48bc-ab70-1ee3171120ef,6f61ca8e-51a1-48e0-abfa-88326e713e34,2025-06-04T10:16,3,84.00,Cash,Completed
71489c30-dc01-46e5-94c8-56c4c213fb05,bb6bf39c-f455-4e08-a59e-1bdaaa91d4aa,2025-08-20T10:16,2,47.58,Online,Completed
b34eaa55-d73a-4d87-87a3-b206f16cb4c1,7c991f43-c18b-4404-8826-97691b0dc00c,2025-07-01T10:16,1,29.21,Card,Pending
396fabce-f97e-4df6-ad7d-17f74f8cfdbb,bc58b12c-65c4-4f21-89ef-3e492a22ef7c,2025-06-03T10:16,1,10.46,Cash,Pending
cc536c6c-b67b-46a5-9c1e-159a681135d3,4739f27f-7a96-4d52-83ae-0c6fd4c8c606,2024-08-30T10:16,8,211.84,Cash,Cancelled
7cca83de-0fc0-4d1b-be50-80175fa256de,b0d737cd-ec4b-4a88-aa81-d012ef3fb719,2025-03-16T10:16,3,66.09,Cash,Pending
a32e644f-99dd-473d-9c58-820c41bd3ae6,bb6bf39c-f455-4e08-a59e-1bdaaa91d4aa,2025-03-02T10:16,7,196.07,Online,Cancelled
1add0a5f-4e9b-48f5-84b6-3ee14694cbc1,c9dcc28a-ae5f-477c-ae7e-72d94129f449,2025-08-31T10:16,9,255.51,Cash,Pending
7509afc6-1a72-4bd1-a7e1-27d788da2552,428424b7-1f94-496a-8b7a-497ce177d32c,2024-01-03T10:16,2,20.66,Cash,Completed
a56c5f3e-8013-4e86-bd86-a6e49863d03a,983d66ae-c8b0-46b8-8abc-26a1055cf729,2025-07-13T10:16,4,55.24,Online,Completed
af7be178-faa1-4843-bb96-bc1cb5a672a6,0dd437d0-74fa-43c3-8909-5c955e4d47dd,2025-06-29T10:16,4,31.72,Card,Cancelled
f3af609b-ce7e-4619-8c0d-a436b240c47a,ceafdb2a-788d-48e0-acdd-bd533a2e7ab6,2024-01-14T10:16,5,126.85,Online,Cancelled
83c28106-f9aa-48df-8a67-4693e3635c87,e7991221-0de0-4ef8-aa9c-ca3b59197059,2024-07-30T10:16,4,72.04,Cash,Pending
744f2f8a-8ac0-4e44-87eb-904384196146,0b2a0e9a-e050-4380-b607-57adcbbf59d4,2024-09-14T10:16,2,48.36,Cash,Completed
32ebf4c8-f637-4197-a329-7f824f15684e,8250871a-2b35-424e-a1a1-4eb4faffabfb,2025-06-25T10:16,3,58.38,Cash,Pending
520fdfe6-4116-4ca3-92fc-c466ad1c9742,a3f626b9-cc27-4c04-8570-be79ab8bda4a,2025-04-07T10:16,1,19.15,Online,Cancelled
0e76ad74-d61c-4aa8-af9d-e6f823e95086,ec3490d2-e8da-47ee-ae12-0ca0b1d7a2bb,2024-04-30T10:16,4,118.96,Cash,Cancelled
81be5345-1f25-442d-b409-83c1e373f08a,6f61ca8e-51a1-48e0-abfa-88326e713e34,2025-09-16T10:16,5,94.15,Cash,Completed
87f29719-5416-4831-a0ba-110c5df329da,26d032f1-9fe9-487a-987a-a8be14e1db05,2025-10-09T10:16,1,12.26,Online,Completed
edd9e3cd-4370-4d54-a957-205c566dd04d,4e6807ca-aed8-4ec9-b1b0-0e3aba57efb1,2024-10-14T10:16,9,187.65,Card,Pending
c10fc6b6-9ebf-4010-968d-6288d25c2fd8,68169a66-a8d4-4763-914e-7befc826445b,2024-09-04T10:16,2,17.92,Cash,Completed
140a4b30-d0ef-4571-b105-f3f8ddbd73a6,0130fcd4-a6cf-4a72-8400-7bcae1abce34,2025-03-11T10:16,4,60.28,Card,Cancelled
68c4b065-3dc7-4184-8c16-95445024919d,f543de06-e341-4de2-95ab-ca0fd3ee51fe,2024-09-03T10:16,1,12.10,Online,Completed
739f47a9-9435-4aca-8789-a142822964ea,5400d214-6176-40bf-88d2-3f53ed38bf69,2025-03-07T10:16,1,24.85,Online,Pending
a8a3f63a-5e33-44b9-b557-dce41a4cc3ed,6bd388d4-5636-450b-bacd-55bdcb769bab,2024-07-05T10:16,8,174.32,Card,Pending
780de092-9351-476a-baa6-37727c92f582,d87f31d7-79ef-4c17-856e-142e791b04da,2024-05-05T10:16,8,179.12,Card,Pending
425a3ef9-b806-4676-9aac-dbea8635014e,c5817fdc-a4dc-4879-b957-30cfda62016b,2024-08-28T10:16,2,29.16,Online,Cancelled
736d3a48-61dc-48bd-a336-f7b685453a7d,7a2e5fa5-096b-4701-8ce6-7a3db39bf8eb,2025-07-15T10:16,3,35.07,Card,Pending
1b057913-fc34-4c92-9fd2-1821ca9ebb11,cd50913f-8c99-4253-9134-0cf5fe5f300f,2023-12-13T10:16,5,149.90,Cash,Pending
5528d26d-5953-424c-944f-ccdddbc11f09,6f61ca8e-51a1-48e0-abfa-88326e713e34,2024-02-04T10:16,5,92.25,Card,Cancelled
dc517e7d-b7c9-4970-be87-b25849a27c15,0dd437d0-74fa-43c3-8909-5c955e4d47dd,2025-04-23T10:16,8,198.64,Card,Cancelled
d030d708-4a62-4475-b4ea-d17c8ba5ad88,b3688304-b24b-416a-9bf4-c2b6aaeb59d3,2025-07-19T10:16,2,57.46,Card,Cancelled
be3dae28-7229-48db-b86b-d391f4ba7cb3,515fe1d2-d33a-4b9d-8c19-07e0cbe81a9a,2024-03-31T10:16,4,105.96,Online,Cancelled
ee72dada-cb51-437f-96dc-9a4fd9aae0cd,910b1d47-5c37-48b1-8bde-96c60660f1d7,2024-04-11T10:16,2,46.68,Online,Pending
f93bb2e9-94d9-4664-87d4-3042e8bf3e4f,0472ca7f-b133-4710-8f43-24a3c6c1afd1,2024-08-03T10:16,4,62.76,Card,Completed
209674aa-5983-4b28-b6ce-c93bf662b7f1,000f9c8f-2fc7-4346-844d-c04f10751265,2024-12-06T10:16,6,62.10,Online,Pending
7f4c9f01-52cc-40a8-a483-8be41a7e6bec,26d032f1-9fe9-487a-987a-a8be14e1db05,2025-02-13T10:16,8,215.04,Online,Pending
31558b5e-5920-409b-bd64-0c37632fcd7a,d5cfb1a3-ce2f-4aff-ab4c-50e0c5426af1,2024-08-04T10:16,6,43.56,Cash,Pending
8e37bf12-b25f-426c-a231-6a761a300222,25659c0e-6eb5-4c57-add8-fb6ac5f42699,2025-01-12T10:16,3,64.29,Cash,Cancelled
3105d7cf-25f7-40ac-bba2-057e8d316eca,7a2e5fa5-096b-4701-8ce6-7a3db39bf8eb,2024-03-27T10:16,9,95.40,Card,Completed
c538ceff-5ac6-4a7e-abea-db7a33f9b352,b04ce307-2d1f-4214-b023-d8f4379041a1,2024-11-26T10:16,2,24.14,Online,Pending
52918e32-8734-4b27-a8f9-e901336887d3,d5cfb1a3-ce2f-4aff-ab4c-50e0c5426af1,2025-01-27T10:16,7,59.15,Online,Pending
cf7ceb92-296b-48c4-92ec-c14c06bff985,c46351bf-193f-49af-a5d6-456188837c3d,2025-01-18T10:16,6,44.28,Cash,Cancelled
77b2924e-7f33-4e69-9a28-4ffa5c292d29,0dd437d0-74fa-43c3-8909-5c955e4d47dd,2024-12-16T10:16,9,262.80,Cash,Pending
7ddd8eac-a16e-4e5c-abce-5e5e8927fb8e,401a6911-a31e-4892-adc1-56e3e1eb090a,2024-11-22T10:16,8,118.16,Card,Cancelled
5afcec32-03b7-49d0-b0dd-39cc18a4a470,b04ce307-2d1f-4214-b023-d8f4379041a1,2024-06-20T10:16,6,170.34,Cash,Completed
f9f11917-2db4-4a17-b671-2c86c62dc87f,000f9c8f-2fc7-4346-844d-c04f10751265,2024-02-02T10:16,3,30.78,Online,Cancelled
c290f5ed-416a-4d20-b2ef-4ae610048dd1,0a5a9fc7-e126-48f0-99aa-dea85c606f66,2023-11-18T10:16,9,172.80,Cash,Pending
165ea6d4-2695-4c2f-ad9a-e70c3211e48c,824998a2-7592-4051-ab0b-d5e12743c93b,2024-06-27T10:16,1,20.51,Cash,Cancelled
e777b622-4a08-462c-9c98-113706f7d39a,0a570207-0f70-467f-bbeb-44a0a60a9a25,2025-01-10T10:16,2,21.40,Online,Completed
71394021-e092-4ccf-bad1-d0c29aeae3b8,56a75a3e-a944-4147-8cba-f1024726993f,2025-02-05T10:16,6,73.26,Online,Pending
2d24a306-e27a-4253-a32c-5315c068540d,b0d737cd-ec4b-4a88-aa81-d012ef3fb719,2025-03-27T10:16,8,62.08,Card,Pending
4c7554ab-caf3-4aa9-aad9-b5f92b5fe4fa,c1a09d60-c9e8-4489-a68e-e01b51541d33,2025-01-19T10:16,5,137.00,Cash,Cancelled
00595778-a05e-4baf-9f02-3f75aa5d626e,cb8747c7-32ca-4b6b-868d-13ab01d953ec,2024-10-12T10:16,1,10.88,Online,Cancelled
2d16170d-5983-4342-aac1-239d844c6628,7a18d550-38d0-40b2-84a7-547162e7e409,2024-02-27T10:16,8,112.64,Card,Completed
4138b399-9585-4900-9993-5c04d982bace,99c406e7-092b-4eeb-bc08-56fc041c253d,2024-07-21T10:16,4,30.40,Card,Completed
7d1c35d2-b7b9-412a-a5f1-c8bfc0906370,05ccd8a5-ea5f-4353-bd1e-3022152b0685,2025-08-22T10:16,4,72.32,Card,Pending
253c63dd-df99-4181-a9e0-3ea1ba478935,02c65c06-56ad-4670-b8e2-10ab417c7154,2023-12-07T10:16,3,71.49,Card,Cancelled
510a7938-060c-4e54-a883-4d64fe747c83,fbe227d7-6d32-4407-9783-7fdac983e55f,2024-01-31T10:16,5,119.05,Card,Completed
90144d0b-efd7-41f5-a603-18275dcb03a9,3e97fc93-73a7-45e0-9888-f7a03ee258a7,2025-02-21T10:16,9,77.31,Cash,Pending
123415d5-a32f-4d10-b161-817f5fa408e5,8626238e-5813-415a-9a8c-db944b1e0269,2025-02-14T10:16,9,154.35,Online,Pending
1bb60ac1-4052-4bf1-867b-7a91a44da6ec,ebbc7df0-770d-44f8-b0ff-c62f9006e40e,2023-12-27T10:16,7,168.56,Card,Pending
750556b5-36d5-4d69-8ed7-42a10a796bb0,1233cc27-7567-48e0-8dd2-6b0019506c2f,2025-10-08T10:16,2,22.58,Cash,Pending
d11507ed-1cea-4a87-b4da-20b72a00d2d2,c0d74d86-5c5b-481d-b8e3-61eeb9c77255,2025-06-04T10:16,3,76.11,Card,Cancelled
c8a20863-a6c2-4a48-ab5d-b94ae8381fb2,92da274a-bea2-490a-bb52-196c46fa8487,2025-03-18T10:16,9,259.65,Online,Completed
3bc915e9-61d1-47e7-84c2-d0511e23f2ce,b04ce307-2d1f-4214-b023-d8f4379041a1,2024-06-16T10:16,3,30.87,Cash,Completed
c14b34b0-c87d-4f29-afe1-fb904ff49415,fbe227d7-6d32-4407-9783-7fdac983e55f,2024-03-12T10:16,5,111.25,Card,Cancelled
36260884-26b3-49b4-806c-257b8b28b148,d3f641e5-b8b5-4f5f-9155-7768df2033e8,2024-09-15T10:16,2,52.02,Online,Completed
3ed29fe5-acc1-457c-9b1f-ff75a7cb1b58,0b2a0e9a-e050-4380-b607-57adcbbf59d4,2025-09-16T10:16,3,26.46,Online,Cancelled
06a1a7ea-050a-450f-b1f2-87da252f0d90,ef7fad1f-a86f-4ee1-95b4-ce1f339f0fa5,2025-02-26T10:16,2,16.24,Card,Pending
12fa6d9b-bf88-42a8-9685-5dc149c02f6c,11526850-7335-463f-b740-a52a90457c3b,2024-05-14T10:16,5,98.45,Online,Pending
ff22210e-c7ee-45dd-b21d-04da6065aad7,93cdeef1-3fc3-4a63-a275-0ae87ae6b335,2024-10-08T10:16,1,28.63,Card,Pending
7506eefe-284c-4173-b1ac-71b2bcc35d92,058b9c75-b72f-4594-80d2-e41194ff7672,2024-12-22T10:16,9,91.26,Cash,Cancelled
e42cd112-29ff-49a4-b8f9-b513f7f22eb0,f6c35464-33dd-44a7-bf84-071f2e427045,2025-11-04T10:16,9,131.13,Online,Cancelled
0e8f934a-8190-4475-b120-1876d8a2b56c,77ca464a-fe0d-4dcc-8f08-3eb2f7b64f76,2025-02-14T10:16,8,67.20,Online,Cancelled
dd54f5e5-b2f8-4f9c-bfe4-ce9453b106b6,205ea7f7-e714-45b8-a083-11247ff702a1,2023-12-02T10:16,8,141.76,Online,Cancelled
56d59eaa-1bf5-42b8-96b9-f53341ff1c64,ff4db0d8-e809-46e8-9ae0-78ffee4902d9,2024-03-26T10:16,5,32.60,Cash,Cancelled
20ceaeef-dd34-42bc-b432-a7da98d39182,06e585f0-5b60-4900-81d1-3379328e6c17,2025-02-23T10:16,2,49.16,Cash,Completed
45a966c3-1349-4d5e-a34b-ea2af539c8d5,824998a2-7592-4051-ab0b-d5e12743c93b,2023-11-16T10:16,2,38.20,Card,Completed
58606d03-167c-42eb-b8f1-a4bc92be7335,ebbc7df0-770d-44f8-b0ff-c62f9006e40e,2024-09-22T10:16,3,42.00,Card,Cancelled
93c9e228-f8aa-4594-bd46-6e9ec8ba9f1a,0a15d43b-8f6b-444a-bef2-ffbddfdbd16f,2025-11-08T10:16,7,154.49,Card,Pending
995848ac-8422-47fa-9991-f227de8627fc,ebe19120-496a-47fa-87eb-2440212a3363,2025-06-21T10:16,4,112.36,Online,Cancelled
6739d7ee-6f89-452a-a555-889760b201cf,0a15d43b-8f6b-444a-bef2-ffbddfdbd16f,2025-04-29T10:16,6,82.08,Online,Completed
56251f38-c2a3-449e-9cb9-fbd11b0ce7fa,8113211c-bdc3-4bb0-94d9-3fd3871f3005,2024-07-03T10:16,5,121.35,Card,Completed
509f7030-3f9f-486b-978b-5cc8c4a6574f,c3ffc43c-0c11-40fa-9824-f234161741d0,2024-03-16T10:16,2,47.88,Cash,Cancelled
bb126d3e-32bd-405d-babe-3e8e4078ee39,52c87fd9-fdf0-4256-b929-6153ad24a0ac,2024-05-01T10:16,4,93.68,Online,Cancelled
3980da03-5ecf-429b-b83b-d7d9add08b82,1a48aa9a-def3-481d-922a-94300aa97309,2024-01-24T10:16,6,89.58,Cash,Completed
8485cfbe-b248-4c16-9c7f-17e6bd091693,e7991221-0de0-4ef8-aa9c-ca3b59197059,2024-03-13T10:16,8,237.04,Online,Completed
9ce41385-ea5c-494b-9057-ea4e384ffdf2,2c6dafc9-06cc-4b3d-8b8d-12aae0644c58,2024-11-12T10:16,2,46.34,Cash,Completed
8bd55a6d-2cc2-4916-af58-0df47e36c4b3,26d032f1-9fe9-487a-987a-a8be14e1db05,2025-04-10T10:16,3,56.01,Cash,Completed
a181977c-90be-4cbf-8970-4cf6470aff0d,4739f27f-7a96-4d52-83ae-0c6fd4c8c606,2025-09-21T10:16,7,152.18,Card,Cancelled
b54dbd1f-02ae-4337-92ef-5eb9e6d79488,52fbb114-83aa-432d-b2f1-f3e37a5c4754,2025-11-06T10:16,2,24.34,Card,Pending
91d4e905-41c6-42ea-91a2-439f04446285,b3688304-b24b-416a-9bf4-c2b6aaeb59d3,2025-08-02T10:16,8,225.12,Online,Cancelled
bf78f7c6-612a-4ec7-ada3-b6a22fc6f941,c0d74d86-5c5b-481d-b8e3-61eeb9c77255,2024-10-18T10:16,3,44.91,Cash,Pending
3d7c3723-8ac5-4c5c-9e73-3e37b926aa32,c9dcc28a-ae5f-477c-ae7e-72d94129f449,2025-01-10T10:16,7,39.76,Cash,Completed
2f21f9cf-b5a4-4fc7-a24f-4f8e281e4267,89d26a00-0fde-4c03-8430-b06f6bc3f33a,2024-11-19T10:16,8,129.04,Card,Cancelled
e065eedd-faf2-40f6-9c3b-47942947fe4d,4717d2a3-4b2a-44f1-b960-a2b73e2d23fd,2024-08-28T10:16,5,75.25,Online,Cancelled
8488d164-0cd1-42cb-91fb-329746c1452c,6bd388d4-5636-450b-bacd-55bdcb769bab,2025-05-15T10:16,3,41.22,Cash,Cancelled
5023399c-c578-46c7-9e66-21b27969c142,6c6a3b10-9747-4dca-a041-4edc22d147b0,2024-03-04T10:16,2,23.68,Cash,Cancelled
64768bd7-26e3-4d9f-be13-56e404664d49,365c90d0-a590-4209-9401-2ce55af5ed98,2023-11-18T10:16,3,32.94,Online,Cancelled
beff8b3a-e45c-4efc-8109-0a284c0fa595,e886c155-0dae-4b36-88f5-a86fa474d1f6,2024-03-31T10:16,4,24.32,Online,Cancelled
be4c4e04-1566-4c77-9b30-6fe85d80e541,60cd80b6-3967-4dae-b4df-adc7b5644971,2024-01-23T10:16,3,78.06,Online,Cancelled
e99ffb8e-b0a5-463c-8c5b-6cdc66ceac59,bb6ceda0-3f7a-4dfa-9862-41a88dd468b2,2024-05-15T10:16,2,18.50,Cash,Cancelled
1e79f88a-92d1-4590-a934-a005c0da5693,6f61ca8e-51a1-48e0-abfa-88326e713e34,2025-07-18T10:16,1,6.90,Online,Cancelled
b05fc032-1d12-4825-9dae-e8fa54db61c4,49af098b-bf79-4643-8e49-739ea932d38b,2024-12-27T10:16,6,76.44,Card,Pending
d69fdd63-eac0-4c52-97ae-f66537fbbc75,983d66ae-c8b0-46b8-8abc-26a1055cf729,2025-07-25T10:16,8,88.08,Card,Pending
1b6e2902-cea3-49d9-a986-5c9543cc348b,4e44f26d-5455-405b-8fdb-63ab8b739ecf,2024-01-19T10:16,6,151.38,Card,Pending
d3556167-e07c-455f-a1b1-8257476ae544,6e551d53-4f6d-4b84-a9de-3d7c79694805,2025-10-08T10:16,3,45.00,Card,Cancelled
bbc25d44-6ff9-4dcc-9996-9f5e49242373,3e97fc93-73a7-45e0-9888-f7a03ee258a7,2025-02-02T10:16,4,26.76,Cash,Cancelled
ecd3ce2e-6012-418d-b9d4-a244dd746cae,52f5634d-de98-4543-8a1e-cbf1e2d0242f,2025-03-12T10:16,3,87.60,Card,Pending
dbba21b5-82d2-40e4-9b4a-adb141a0870a,8113211c-bdc3-4bb0-94d9-3fd3871f3005,2024-02-15T10:16,4,100.40,Online,Pending
d163664d-bdc4-4ec6-a7c7-3c32e79c9c2b,6945f6f4-b8f9-4d04-90ff-e59ed705578e,2024-12-02T10:16,8,174.32,Online,Completed
2231007a-d45d-47bb-ae81-d77ab4595d2d,515fe1d2-d33a-4b9d-8c19-07e0cbe81a9a,2025-02-06T10:16,1,6.89,Online,Pending
80fe7053-ea9c-43e0-bc8a-31d4a287d631,ebe19120-496a-47fa-87eb-2440212a3363,2024-07-08T10:16,8,64.96,Card,Completed
b6232bbb-6a64-41bf-8ae8-3ef416191476,3ab3404a-ee80-4ed2-8d90-a6f0dad14e48,2024-12-20T10:16,5,72.70,Online,Completed
12e2c58e-5209-4e68-86fe-5b888e1eaf03,73a2b03c-2dca-486e-8ebc-c4d6bb68a8c6,2025-08-02T10:16,6,59.04,Online,Pending
a2ef8b6a-73af-4376-ba50-2abb4c2f474a,1407e9cf-22c9-4137-a2fe-cc12dc038235,2024-11-18T10:16,9,257.76,Card,Cancelled
94e5593f-95fb-45db-ae7c-1727f4e06bba,4b14a58c-f1e4-40b6-888d-a88cd7055099,2025-07-07T10:16,7,118.30,Online,Completed
ceacc000-cf18-4a6c-89d1-f29540044910,e38afcd9-9e08-47ba-bc92-5ebb4bc271eb,2025-11-05T10:16,2,22.80,Online,Cancelled
1fbd6397-1f80-49ad-92cf-e5c5164270bf,6c3bf618-a715-40f9-9faa-cfc5f5beef2f,2024-09-26T10:16,8,155.76,Cash,Pending
e2201f96-0a2a-479f-b872-889418f5a876,02c65c06-56ad-4670-b8e2-10ab417c7154,2024-04-10T10:16,8,85.68,Online,Completed
81226907-2ea5-40d7-9edd-6dbc42ec5655,6f61ca8e-51a1-48e0-abfa-88326e713e34,2025-06-02T10:16,7,138.81,Online,Pending
b727d458-5668-4864-aa60-7eb738e3dc71,d5cfb1a3-ce2f-4aff-ab4c-50e0c5426af1,2024-11-21T10:16,4,55.88,Cash,Completed
715e1449-b222-4855-9d9f-53409199b60f,824998a2-7592-4051-ab0b-d5e12743c93b,2025-03-29T10:16,7,95.27,Online,Completed
1dee42a9-6399-413d-9bfd-25efc055bc16,5eb75bc0-d5fa-4209-9d42-7767f3f0585b,2025-10-24T10:16,4,64.28,Online,Completed
9b5361b4-f1c4-432a-8e98-720033a02624,0a5a9fc7-e126-48f0-99aa-dea85c606f66,2025-03-03T10:16,6,112.44,Cash,Cancelled
fa74bc86-3fbe-46d5-9a8a-33fa934f967b,e886c155-0dae-4b36-88f5-a86fa474d1f6,2025-03-26T10:16,2,29.78,Card,Cancelled
21ecef96-f332-4c3b-8db8-a6af00b81c7c,500fde18-ea61-4380-9ea4-f06d09985870,2025-09-11T10:16,3,23.28,Cash,Completed
c8cf9fed-6cd5-4712-94a8-3b19c59a0aa0,fe624323-ba72-456d-9842-ed9e0edc75df,2023-12-20T10:16,6,136.50,Cash,Cancelled
bd353fcc-4759-4cf4-8534-350af53cd9d3,3ab3404a-ee80-4ed2-8d90-a6f0dad14e48,2024-07-05T10:16,4,45.56,Card,Cancelled
94c55b37-bc88-42f1-8eed-6a04c07b6dc9,00d7ae70-0f46-4453-963c-4ab2a3d29314,2025-07-19T10:16,9,113.13,Card,Cancelled
4028e665-2c4f-4694-aca5-36f89c29cd10,1407e9cf-22c9-4137-a2fe-cc12dc038235,2024-10-15T10:16,6,103.86,Online,Completed
88f266e5-e703-4359-b9b5-a041ecfea877,4bb2d776-14c0-4ef6-b8ba-c580cbed72b8,2024-04-09T10:16,1,15.26,Cash,Completed
54913bef-f034-4eed-8eef-960bfe446111,0130fcd4-a6cf-4a72-8400-7bcae1abce34,2024-09-29T10:16,6,63.48,Card,Cancelled
fb8cdd09-2ca1-4993-99eb-f435f55f83fa,0a0ac3e5-6e20-4fbc-87ec-5481c70e38bc,2025-07-21T10:16,6,176.34,Online,Completed
f3d53cf1-f2bb-4030-93e4-aa8f97f97ef7,0a5bd884-b432-4ce5-b14e-44b4aedd4c0f,2025-08-30T10:16,6,135.90,Card,Pending
90d594db-29d6-42ce-baec-41cefc1022ef,f543de06-e341-4de2-95ab-ca0fd3ee51fe,2024-05-31T10:16,8,94.80,Cash,Cancelled
77185676-1b1a-4f1c-98c4-9a9b34074606,52fbb114-83aa-432d-b2f1-f3e37a5c4754,2025-09-15T10:16,6,123.00,Online,Pending
d886d46a-cba9-404f-918f-9054ca5f42da,8b546c63-5406-493d-bc69-cfb594b38267,2024-01-06T10:16,1,26.64,Cash,Completed
05e6cd61-e08f-4142-b569-e40b473ac393,c83bba2f-5229-4998-9566-1f3179b13e8a,2025-09-06T10:16,1,17.78,Cash,Cancelled
73ef98c1-e599-4d1e-9778-e5ae4dddae75,6c3bf618-a715-40f9-9faa-cfc5f5beef2f,2024-02-19T10:16,2,21.54,Card,Completed
401f8591-9d26-458f-8e29-c74a81d68f9a,23650eb4-f98d-45a3-a90b-a378f03d469d,2023-12-10T10:16,2,15.98,Card,Pending
7960803c-cbad-4482-b740-e48b3d23d091,10b26c2d-7d56-4175-84a8-a2775e128a9d,2025-10-16T10:16,8,222.40,Cash,Cancelled
f82cf4cd-ec19-4d1b-adf4-86fb3d4da4da,b90a3a7f-421e-47e5-8598-fe50f365a62e,2024-06-24T10:16,3,75.09,Cash,Pending
666254c7-9ad4-4f0f-b259-6a0a48324fe9,941529ef-2114-4bff-907a-4596ff4593a1,2024-12-20T10:16,9,152.91,Cash,Cancelled
b65f00a2-5760-4246-8020-d00e69cfbdb0,36b880b0-e9bd-4c0b-8f1c-32018f6c758a,2024-11-30T10:16,3,54.27,Cash,Cancelled
7af0e34d-2aec-458c-b6ca-9972c9562e3c,cf65c4b6-4c1c-420b-95de-23e5b56ffad5,2025-07-20T10:16,7,159.18,Cash,Completed
dc019544-b7e1-4638-b15c-dbe433f23321,824998a2-7592-4051-ab0b-d5e12743c93b,2023-11-28T10:16,2,22.50,Cash,Pending
03b9062e-1b39-487a-8280-33a32696577a,1d32c3b3-c732-4995-aa6b-ff159deb3bdf,2025-02-10T10:16,5,119.65,Cash,Completed
b483ca20-05c5-4746-a034-86664154606c,dcfb3d05-846d-4915-99f3-ebbc7559d972,2025-10-31T10:16,2,57.00,Card,Cancelled
37e10414-d843-4b7e-a6cb-3f684e71af67,b95f7619-fab2-4df9-8683-1f2aeb93a660,2025-10-09T10:16,3,36.42,Cash,Cancelled
0ecdaf4f-7ec5-476c-b02f-acdfc851c084,9305d562-2505-493d-8ed8-3fb721c8f491,2024-11-22T10:16,2,10.62,Online,Cancelled
96f144c4-1e0c-406c-ab8a-71ca3381be2e,ebe19120-496a-47fa-87eb-2440212a3363,2024-03-30T10:16,7,200.62,Cash,Cancelled
8217352d-d224-4e6c-921d-4b60eed1300c,000f9c8f-2fc7-4346-844d-c04f10751265,2024-07-20T10:16,2,37.52,Online,Pending
3e68664e-9559-4d08-bbbd-67c2c8ec171e,6e6d2c67-f7fb-4a98-8f9a-4822259b25c4,2025-09-18T10:16,6,104.64,Online,Cancelled
d7b38264-fc8b-41ec-b69e-011a1c445bf8,0a570207-0f70-467f-bbeb-44a0a60a9a25,2025-07-09T10:16,6,174.48,Online,Pending
7b67ee03-880a-41ad-8dbb-2111c2ddc5d3,ff4db0d8-e809-46e8-9ae0-78ffee4902d9,2024-08-04T10:16,6,120.78,Cash,Pending
c166a90c-c509-4982-b48d-67a07dde93f2,dcfb3d05-846d-4915-99f3-ebbc7559d972,2023-12-06T10:16,3,56.46,Cash,Completed
53641adb-5eee-4d56-9044-880ea01dc462,6bd388d4-5636-450b-bacd-55bdcb769bab,2025-09-21T10:16,5,28.85,Online,Completed
7326eed8-0333-42fe-8f96-5fa831af44a8,d87f31d7-79ef-4c17-856e-142e791b04da,2025-08-01T10:16,5,146.75,Card,Pending
4972d740-4e44-4331-9715-287f97079c7d,f0a6a958-e434-41bf-a830-dffa55a34db5,2025-06-08T10:16,1,28.11,Cash,Pending
cb7bee35-be75-4a3b-93df-d3e2a7687877,bf0de251-90d7-423c-8b31-48df1a89964f,2024-10-31T10:16,6,130.62,Card,Cancelled
9c2045e4-6510-4e41-a488-56391edf8a63,1a48aa9a-def3-481d-922a-94300aa97309,2025-10-13T10:16,5,107.55,Card,Completed
02c04528-aadb-4d2e-a2c3-7830d2973530,4b14a58c-f1e4-40b6-888d-a88cd7055099,2025-03-14T10:16,6,158.76,Cash,Pending
0fd732ad-13c8-4717-958c-f093a0030640,b047b369-02d0-4f25-9af0-f1e883228863,2024-11-01T10:16,4,38.60,Online,Completed
e1a866fa-d38c-40c9-9f50-b0c42e7f100e,5eb75bc0-d5fa-4209-9d42-7767f3f0585b,2025-07-13T10:16,9,241.83,Online,Completed
0cd9866a-ffa2-4e60-97fa-3ca53aea4760,2a109685-1399-4149-8951-fba29bb0360d,2024-07-31T10:16,3,67.92,Card,Completed
5d6c5ad8-3684-4ff4-aced-4b1da4fb3055,8887df7e-682b-4d48-b18c-c1ddfa0aaa26,2024-09-08T10:16,5,148.30,Cash,Completed
dfbf5d23-f33d-4025-8568-9ab8db2ff8f5,92da274a-bea2-490a-bb52-196c46fa8487,2024-04-03T10:16,6,48.72,Cash,Completed
dba10fb5-b3f2-4f87-b7f4-de8dda261035,d6d4ef4b-0870-48aa-b884-013237f255f4,2023-11-28T10:16,4,65.92,Card,Completed
1db364a7-d744-4c48-bddc-824470b28baf,6c6a3b10-9747-4dca-a041-4edc22d147b0,2025-09-22T10:16,4,25.56,Cash,Cancelled
bd05ee9e-9277-45c4-bada-42a8ff2ecaae,11526850-7335-463f-b740-a52a90457c3b,2025-03-31T10:16,6,169.38,Card,Completed
ffc9da8e-77a6-4d34-862a-e26ade36d277,824998a2-7592-4051-ab0b-d5e12743c93b,2024-12-05T10:16,5,66.70,Online,Completed
57586a0d-9a3d-49fa-a289-14a0f3ccc708,ada8704c-2784-4d70-84da-10078407d2c8,2024-04-11T10:16,3,83.31,Cash,Pending
b2f84426-2c2b-4dc7-ad5a-9f1fb27124e7,7c991f43-c18b-4404-8826-97691b0dc00c,2025-10-18T10:16,5,69.25,Cash,Cancelled
4efd2b20-7003-4288-9800-0aee24937d1e,8626238e-5813-415a-9a8c-db944b1e0269,2025-04-07T10:16,6,113.82,Online,Cancelled
f8b7fdf3-e04b-49ae-8651-3b7a895fd617,56a75a3e-a944-4147-8cba-f1024726993f,2025-04-02T10:16,5,36.40,Online,Cancelled
d1f1b81d-2064-4a35-b9b1-6dd8f8657d5b,d6d4ef4b-0870-48aa-b884-013237f255f4,2024-03-15T10:16,5,115.30,Card,Pending
bc5d8599-a955-48c5-835b-2396b83bc314,0a5a9fc7-e126-48f0-99aa-dea85c606f66,2024-04-03T10:16,3,71.55,Online,Cancelled
db10156a-a79b-428c-8fa3-d86bb643bc3b,b3688304-b24b-416a-9bf4-c2b6aaeb59d3,2024-09-19T10:16,3,58.89,Online,Pending
3ac947f5-7a26-4719-b7b9-49b72ae5db8d,b95f7619-fab2-4df9-8683-1f2aeb93a660,2024-06-03T10:16,6,158.82,Card,Completed
20099d5f-f559-4b0d-9a75-5122107c3ce2,e6e1db85-f8ba-4264-9c9a-520ecda4bc4c,2025-05-29T10:16,6,79.44,Online,Completed
7048e57d-c976-4883-aeb2-3c2acc594190,ebe19120-496a-47fa-87eb-2440212a3363,2024-02-18T10:16,6,81.84,Online,Completed
726ecb69-1a7b-4681-ba13-bfb68a1440d2,ceafdb2a-788d-48e0-acdd-bd533a2e7ab6,2025-05-13T10:16,9,255.69,Cash,Pending
6623d250-d242-427a-8fdd-999bd388ff86,bb9edfa8-17f7-4f6f-8e3b-616693a298b1,2025-03-03T10:16,2,20.50,Card,Completed
668af60b-a962-4157-8cf6-de31ee48d0e1,14eace30-1ac2-411e-8eef-98e8f32a87fb,2024-08-02T10:16,3,28.95,Cash,Completed
07b8e564-c05e-46af-839d-6589b03e53c0,0dd437d0-74fa-43c3-8909-5c955e4d47dd,2024-01-12T10:16,3,16.50,Cash,Cancelled
5a4e3579-34c3-491e-9f72-fe08e1846ca5,6c6a3b10-9747-4dca-a041-4edc22d147b0,2025-02-20T10:16,1,18.30,Online,Cancelled
da4284de-4ec3-4404-b7fb-a0768cee1d2d,27e45431-1333-4ffd-a0c8-be56ffdc5d4e,2025-03-01T10:16,1,24.03,Card,Pending
1fcdc487-66bc-4ff7-bb31-168ff25b8369,428424b7-1f94-496a-8b7a-497ce177d32c,2024-04-02T10:16,6,155.34,Card,Cancelled
463b4b44-3db5-486d-b608-5ead2810fc06,a302a1a8-c429-406f-abff-9f273aa0a4b5,2024-05-10T10:16,7,57.12,Online,Completed
de40c243-2267-44d0-b646-5b377ff2fb17,1a31c678-d420-495a-aff3-0f1609514e1e,2024-07-06T10:16,3,75.96,Cash,Cancelled
56fa423d-a5c1-4f3b-80d2-84daf4624b8b,0fcf4084-ea31-49f8-99f9-9bf8c8b0c16b,2025-09-18T10:16,6,140.94,Card,Cancelled
5370947f-c132-43a3-96df-530c61577275,b95f7619-fab2-4df9-8683-1f2aeb93a660,2024-04-22T10:16,2,12.86,Cash,Completed
708fb46e-8d75-4a5a-9fe8-ab807d404a4b,4bb2d776-14c0-4ef6-b8ba-c580cbed72b8,2025-10-01T10:16,9,69.93,Online,Cancelled
e3a60600-a906-42f5-ad17-0e856c672a96,a3f626b9-cc27-4c04-8570-be79ab8bda4a,2024-03-11T10:16,6,160.26,Card,Completed
a34455ce-2927-481b-804a-36d37c927957,ec3490d2-e8da-47ee-ae12-0ca0b1d7a2bb,2024-02-20T10:16,3,33.00,Online,Pending
a0165939-6aa4-4c09-84bc-2607318874a7,aac35608-9499-49c5-811a-a059e773c968,2024-08-02T10:16,7,85.54,Cash,Completed
d2ef297f-0bae-4d5f-a631-b71aa49c532f,cf65c4b6-4c1c-420b-95de-23e5b56ffad5,2025-09-27T10:16,6,48.36,Online,Cancelled
3c2d5df7-aee0-45de-887b-acb0743a9bdb,e12c3d24-86c8-474f-b86b-370df36adbfe,2024-11-30T10:16,4,82.72,Online,Cancelled
77402bbe-b28f-480d-b6d4-3f06b0d36aaa,f3826f04-0dfa-4266-8002-58fede0093f5,2025-04-01T10:16,8,237.28,Card,Pending
195fdd0e-c288-4391-a986-620186f53973,56a75a3e-a944-4147-8cba-f1024726993f,2025-07-06T10:16,4,96.84,Cash,Cancelled
3898b75a-4c3b-486c-8863-2d214c636360,cd50913f-8c99-4253-9134-0cf5fe5f300f,2023-12-06T10:16,6,148.74,Card,Cancelled
e5608db1-55d2-43d2-9ab6-513009a2b2a6,5f0f3def-9ff6-4282-ad04-001c4a769966,2025-08-31T10:16,6,105.60,Card,Pending
9b1b9ea8-3231-4761-892d-4205f16697b1,7169ef0c-f2c8-4ae3-83f6-87691664d2d2,2025-06-13T10:16,8,238.56,Online,Pending
ce2761ca-57b8-44d2-9ae6-d053fe63e627,d5cfb1a3-ce2f-4aff-ab4c-50e0c5426af1,2024-06-23T10:16,4,28.12,Card,Pending
4c014b36-3815-42e5-bf1b-17dc73d95ba3,fbe227d7-6d32-4407-9783-7fdac983e55f,2025-03-26T10:16,2,36.78,Card,Pending
b2399791-51ca-4192-8bc2-c78c13d5dfbb,6aaabc79-3d35-410f-bb96-f86a3930d0ff,2024-04-29T10:16,2,16.92,Card,Pending
f27d3d27-4aa8-46b7-a550-f227aa176948,953417c6-cd52-45e9-9ca0-bb450653c934,2024-12-28T10:16,3,88.71,Cash,Pending
3a26eada-41f9-4d1e-8038-37fccf575289,983d66ae-c8b0-46b8-8abc-26a1055cf729,2025-05-10T10:16,6,41.46,Card,Cancelled
59292705-f4e0-437c-884e-38d232df5096,c0d74d86-5c5b-481d-b8e3-61eeb9c77255,2024-03-02T10:16,6,99.90,Cash,Pending
e6fa55ac-9b11-4d51-9353-9dd2e85b94fc,a5ffc907-be77-43e6-8694-4a0bf09bd3fb,2024-04-01T10:16,7,158.97,Card,Pending
ae4e7f7b-e1e8-4d4e-a2aa-a69369726fec,8e1bbe6c-7b75-46dc-8ca1-0b1664cd6ae4,2025-02-26T10:16,5,103.70,Online,Cancelled
614a314b-b610-437b-8711-c4c50a249d08,69446e90-4237-4410-ab55-e011eb04cce0,2024-06-22T10:16,9,198.54,Cash,Completed
053fd3e7-4ddc-4544-bfdd-48cb74676523,b03f75c1-655f-4480-a2bf-1a0af806e96e,2023-12-09T10:16,2,35.30,Cash,Cancelled
fcf0825a-c879-4a63-9629-0fdc3b9fe0ba,c63bd277-c81c-40c5-8720-6ce916d653c4,2025-03-27T10:16,8,112.00,Cash,Pending
f503040e-302e-4d3d-9363-84455aa92991,6117b6f0-c4f4-4bf1-9eeb-f33950decba8,2025-07-17T10:16,7,157.15,Cash,Pending
e71f400b-95f0-4ab4-aebe-826e245cd482,d5cfb1a3-ce2f-4aff-ab4c-50e0c5426af1,2025-11-10T10:16,7,187.39,Online,Completed
fe94b64c-0844-438f-9344-0f240ef12545,795088d7-d227-422e-ad8c-f048bde0675e,2025-11-03T10:16,9,161.28,Card,Cancelled
f1ceb835-37c6-4d5b-a9ba-4d2cd29fb7f5,9305d562-2505-493d-8ed8-3fb721c8f491,2024-09-09T10:16,7,194.53,Card,Pending
df5e42d9-4c2c-4fc6-857d-48c2ec2d6ac5,e6e1db85-f8ba-4264-9c9a-520ecda4bc4c,2025-05-28T10:16,1,13.04,Card,Pending
9ea44c40-0626-4530-a315-a0d9d2abde83,5eb75bc0-d5fa-4209-9d42-7767f3f0585b,2025-05-03T10:16,3,51.48,Card,Completed
fa964bd9-2a01-46ac-9ee9-aa24a6fa6bb2,1d32c3b3-c732-4995-aa6b-ff159deb3bdf,2024-04-23T10:16,3,19.05,Cash,Completed
368ac31f-2d06-4265-91b2-544b5aea4c31,8e1bbe6c-7b75-46dc-8ca1-0b1664cd6ae4,2025-03-21T10:16,6,92.10,Online,Cancelled
4565384f-a2e1-47ec-ae1f-560968a5d073,1407e9cf-22c9-4137-a2fe-cc12dc038235,2025-04-26T10:16,7,207.55,Card,Cancelled
9e6958ff-9520-49de-972d-d25f3bf7b45b,0472ca7f-b133-4710-8f43-24a3c6c1afd1,2025-06-16T10:16,4,77.76,Cash,Pending
8bc7223a-bc64-426b-966b-8415503cd634,cb8747c7-32ca-4b6b-868d-13ab01d953ec,2024-03-13T10:16,2,54.92,Online,Pending
82319475-85af-40b4-8db3-38690be582f6,21edfc22-3f73-4335-a774-3cf78ab65e86,2024-03-28T10:16,7,172.69,Card,Completed
e992440b-04bc-4182-abb5-88d6b865605f,b014b56e-3263-4b63-8430-46e00bc5ea77,2025-06-24T10:16,7,47.46,Card,Pending
a38fa038-2287-4b52-9cc5-95fbd77cb313,0130fcd4-a6cf-4a72-8400-7bcae1abce34,2024-09-27T10:16,5,50.15,Online,Cancelled
6e46ffb5-aef2-4fe1-b4c1-9051d924a208,67c276b0-7be6-4f3c-bf86-c342095c8112,2024-06-20T10:16,1,14.69,Cash,Completed
34e98f16-edd5-4c54-9828-a9666d57503b,23650eb4-f98d-45a3-a90b-a378f03d469d,2024-02-28T10:16,4,64.80,Card,Cancelled
a92d7a28-176b-4059-a9ea-b442146fe796,6e6d2c67-f7fb-4a98-8f9a-4822259b25c4,2025-04-07T10:16,4,28.60,Online,Cancelled
8c005071-5ede-4e74-b3ad-dd326ca73d48,69446e90-4237-4410-ab55-e011eb04cce0,2024-12-03T10:16,2,57.18,Online,Pending
c221405e-e286-46bb-8753-1754552aa63f,4717d2a3-4b2a-44f1-b960-a2b73e2d23fd,2024-10-01T10:16,8,72.48,Online,Completed
f9d29728-ae8c-42fd-81d3-50f46183e538,56a75a3e-a944-4147-8cba-f1024726993f,2024-08-20T10:16,6,50.70,Card,Completed
a6e86863-233e-4f46-8597-3c9b9e1b0671,ba5d9947-b043-4aca-8ee0-6b77895cf8e8,2024-04-29T10:16,9,95.85,Cash,Pending
0b5e2788-6c87-4277-9ef7-11712275af63,b6c26110-1b77-4777-8c79-c69ec19b66df,2024-05-31T10:16,2,56.18,Card,Completed
10d93195-8802-4857-b2db-4ed097b87620,6c3bf618-a715-40f9-9faa-cfc5f5beef2f,2024-10-04T10:16,7,129.50,Card,Pending
bbc5da97-da8d-4df7-9f14-214bd3859bae,3dcaabe3-78c9-4d88-bed5-56ca7ceea07c,2023-11-19T10:16,9,138.33,Card,Pending
7c5effe1-171a-42d4-94b3-f08afb1425e9,8b115a34-224b-453c-be69-b53a7445b466,2023-12-17T10:16,4,79.28,Online,Completed
18da1f17-ece0-41c2-a242-a641ece1474a,23650eb4-f98d-45a3-a90b-a378f03d469d,2024-01-24T10:16,4,38.80,Cash,Pending
2c64a86f-aeaf-4da3-ab7f-91c2f31176b9,b6c26110-1b77-4777-8c79-c69ec19b66df,2023-12-08T10:16,2,58.54,Cash,Cancelled
0c68e299-299b-4536-8d38-3e1fcf763448,14eace30-1ac2-411e-8eef-98e8f32a87fb,2025-11-08T10:16,7,69.79,Online,Completed
a71c2a83-349f-4ae6-953d-88019be0bf50,5d6f84a5-a4de-442e-99b9-b8ef714b4436,2024-02-06T10:16,6,40.56,Card,Pending
41f52fb2-bc66-4363-a222-fd2401d03011,0130fcd4-a6cf-4a72-8400-7bcae1abce34,2023-12-28T10:16,3,77.37,Online,Completed
4032af10-8f2d-464b-8aef-612addc765eb,910b1d47-5c37-48b1-8bde-96c60660f1d7,2025-03-01T10:16,6,165.66,Cash,Pending
183ac4e4-fdd5-4ab7-9dde-0551d92ffb4a,9305d562-2505-493d-8ed8-3fb721c8f491,2024-09-29T10:16,2,24.44,Online,Pending
9522b2fc-5f1c-4d2e-9cf5-52ed23776b93,71f17b36-2c37-4cfa-bf8a-894fa94c0e9b,2025-08-02T10:16,9,131.22,Cash,Completed
937c7bfb-259e-4f7c-947f-428183583155,b047b369-02d0-4f25-9af0-f1e883228863,2024-10-14T10:16,9,64.53,Card,Cancelled
6cac1a35-2c16-4a4b-acd9-cd32c63be347,62a2bfef-ca4a-4dec-90ea-bf15ea1880d2,2025-08-07T10:16,2,46.66,Online,Completed
019f73f0-2498-4314-9824-bab3b43fa530,8113211c-bdc3-4bb0-94d9-3fd3871f3005,2024-01-18T10:16,7,149.10,Cash,Completed
baaaae99-e7c6-44a0-8c5c-5d153ffaeaa9,6e551d53-4f6d-4b84-a9de-3d7c79694805,2025-09-16T10:16,4,68.16,Cash,Cancelled
9e237505-8656-4754-85da-79798509c17d,365c90d0-a590-4209-9401-2ce55af5ed98,2024-05-09T10:16,4,22.60,Card,Cancelled
91f23ac1-9357-4a1d-8cce-adf7c828c0b3,e6e1db85-f8ba-4264-9c9a-520ecda4bc4c,2025-04-04T10:16,6,39.00,Cash,Cancelled
85627219-e6c9-4804-b88e-35cc8e87f766,b047b369-02d0-4f25-9af0-f1e883228863,2024-11-08T10:16,3,25.95,Online,Completed
9987f68d-b885-4732-a292-a9be0c6c8fc5,1233cc27-7567-48e0-8dd2-6b0019506c2f,2025-05-02T10:16,5,149.85,Online,Pending
926986ef-435e-4e1c-a5e4-540a641a31f9,52fbb114-83aa-432d-b2f1-f3e37a5c4754,2024-06-02T10:16,3,50.16,Card,Cancelled
148a84f6-63f7-48c4-a04c-39b917236a16,8f7f530b-bb30-4a05-b437-744ed30af54f,2024-01-25T10:16,5,64.45,Card,Pending
7cf1d86b-ae2f-4401-9421-e0aa051e4011,8b115a34-224b-453c-be69-b53a7445b466,2024-01-31T10:16,3,85.38,Cash,Cancelled
b3c5c783-29e4-40a5-b3a3-6953d5536a8b,795088d7-d227-422e-ad8c-f048bde0675e,2025-05-31T10:16,3,75.60,Online,Cancelled
af89f756-9952-4eff-ac23-12c81906dcd1,0df3bae1-6384-4856-aa27-aef9f6c48b75,2025-02-07T10:16,3,54.63,Card,Pending
3da6c73d-d72e-4fab-9918-74d14e1fd63b,7a2e5fa5-096b-4701-8ce6-7a3db39bf8eb,2024-01-24T10:16,3,38.55,Online,Completed
53b9d706-e87d-4b0d-a26c-d6bf37f47f5b,5f0f3def-9ff6-4282-ad04-001c4a769966,2025-02-07T10:16,1,16.93,Online,Completed
dfe296c1-da91-4051-86db-fb30398c7ab4,a190f67b-21df-46bc-8164-46bdfa00af85,2024-01-19T10:16,8,142.48,Card,Cancelled
d2fb60df-5ee0-4289-943c-2b884b651c79,5f6e51da-5f01-4c9a-85dd-7d50ef37e5d7,2025-06-16T10:16,7,183.89,Cash,Cancelled
b03c10e6-84d3-4d82-969c-2d3ae21795bf,ef7fad1f-a86f-4ee1-95b4-ce1f339f0fa5,2024-05-03T10:16,7,173.25,Card,Completed
af6290be-e936-4831-b812-20a9e9500fca,dcfb3d05-846d-4915-99f3-ebbc7559d972,2024-05-27T10:16,1,12.69,Cash,Pending
877b56e2-570e-4de6-a3b3-0e7e74710409,5400d214-6176-40bf-88d2-3f53ed38bf69,2024-10-29T10:16,2,20.26,Online,Cancelled
2423c039-e1e6-4214-97da-1b11e209cfc9,0a570207-0f70-467f-bbeb-44a0a60a9a25,2025-05-28T10:16,5,115.40,Online,Cancelled
5937b18a-fc95-4833-b78c-e4b7063dbbc6,14eace30-1ac2-411e-8eef-98e8f32a87fb,2023-12-16T10:16,4,85.24,Cash,Cancelled
c813e612-a750-4cc9-9840-d8ec814c6bb3,10b26c2d-7d56-4175-84a8-a2775e128a9d,2024-08-21T10:16,3,27.27,Online,Cancelled
83249f9e-6b42-4227-a3d3-a96fe6008faf,0df3bae1-6384-4856-aa27-aef9f6c48b75,2024-04-05T10:16,6,157.02,Online,Cancelled
b581ef3c-dca4-4e66-aba1-da1ae8f98180,05ccd8a5-ea5f-4353-bd1e-3022152b0685,2025-08-03T10:16,1,18.42,Online,Completed
1fb2ed56-7e48-42b0-ab24-98c5eb6b239f,49af098b-bf79-4643-8e49-739ea932d38b,2025-08-16T10:16,1,28.37,Online,Pending
9807590c-35b3-45a5-8207-0e2f268e3c74,10b26c2d-7d56-4175-84a8-a2775e128a9d,2024-05-06T10:16,4,72.36,Cash,Cancelled
da336baa-7371-483b-8d9a-0e7a18789875,9c53f3f8-5b22-4d77-bd76-cfa6c70e443c,2025-08-25T10:16,9,219.78,Card,Cancelled
6dbb0715-249c-4dfd-9c89-afafb0b8ed84,1407e9cf-22c9-4137-a2fe-cc12dc038235,2025-08-05T10:16,9,201.33,Online,Pending
50f79dfe-1b1f-4bf0-9e3c-5ee2fa3a69f4,7169ef0c-f2c8-4ae3-83f6-87691664d2d2,2024-06-28T10:16,1,11.55,Card,Pending
67dbbc79-8be7-4128-a657-c68b92688fbd,7d2df59f-386d-4aec-85a8-2443262a0cb4,2024-07-11T10:16,9,194.31,Card,Pending
964c785c-b0e5-4ae8-8dfc-465ebc374986,59827b2a-ae17-44b1-bd6f-6f08718559cb,2025-08-24T10:16,6,177.30,Card,Cancelled
5d405cd4-f1ac-4790-b08f-5c84a8d78ed5,c5817fdc-a4dc-4879-b957-30cfda62016b,2024-01-22T10:16,2,32.98,Online,Pending
01edebb6-243a-44bd-8e08-61777d3843e3,a938df5f-7764-459c-8bfd-90409d16b3c6,2025-01-31T10:16,9,194.85,Cash,Pending
75c00381-fe5b-4093-943f-3e619e41860c,5f0f3def-9ff6-4282-ad04-001c4a769966,2025-05-25T10:16,1,9.99,Card,Pending
386f2dac-d21e-4659-8318-369c8269bd2f,f067e21d-d1d4-4e87-9cae-9753f5f9ccb6,2024-06-06T10:16,5,135.55,Cash,Cancelled
368d765a-9c50-4144-964b-63702ad968f3,c63bd277-c81c-40c5-8720-6ce916d653c4,2025-10-29T10:16,2,54.60,Online,Cancelled
c77c7261-5779-433a-87f1-d768a90ea01a,0df3bae1-6384-4856-aa27-aef9f6c48b75,2025-07-11T10:16,6,103.74,Card,Pending
9b599575-c10a-4209-81de-46e15a559f2d,209e786b-2a61-4e52-a3b2-1cc98bcbf18c,2025-02-27T10:16,3,30.48,Online,Pending
3cba2013-29cb-42d7-8d82-b383db6d4c8e,39cb44e2-a541-4b98-bc0b-db5f31cf8710,2024-02-07T10:16,8,112.56,Online,Pending
57a96de9-5231-49f6-a4e9-d91795d421b2,aac35608-9499-49c5-811a-a059e773c968,2023-12-13T10:16,2,25.70,Card,Completed
dbaab595-ef53-47b1-962b-889597f833e5,26d032f1-9fe9-487a-987a-a8be14e1db05,2025-03-25T10:16,3,71.04,Cash,Completed
9898d2f2-9c44-4ef1-ad30-69de9c32cf21,3e97fc93-73a7-45e0-9888-f7a03ee258a7,2025-03-20T10:16,5,74.15,Online,Completed
fbafbc4f-761a-4913-bd2b-cde716ff1ca2,2a109685-1399-4149-8951-fba29bb0360d,2024-12-10T10:16,6,34.86,Card,Cancelled
706e36f7-f1a6-4b95-8503-a213ea6c6c3f,f90cf3ca-e2d0-4129-bc7a-e8a2b80880da,2024-06-28T10:16,6,87.66,Online,Cancelled
77417431-e658-4bf9-90da-c5435b9481bc,7509850a-5062-4da9-aad6-bc5b9e363ef1,2024-06-03T10:16,5,27.85,Card,Completed
764ff45e-93ba-4ef8-b085-e6085197454d,d7af10ce-45c9-4fc8-8dd8-b1c5491aad5f,2025-09-24T10:16,7,53.06,Cash,Pending
4fed75c9-7893-4468-b8d0-fee2ebedf71e,1d32c3b3-c732-4995-aa6b-ff159deb3bdf,2024-03-12T10:16,4,42.92,Online,Completed
26e703ea-6d0a-4b18-a850-8629528591e8,a5ffc907-be77-43e6-8694-4a0bf09bd3fb,2024-12-31T10:16,9,84.78,Cash,Pending
22b70a74-9e0c-4f37-80dc-73d298c66aa0,000f9c8f-2fc7-4346-844d-c04f10751265,2025-06-05T10:16,9,53.82,Online,Cancelled
f0ccfeec-dd0d-4f28-911c-454bede218f0,63846b60-b7be-4087-ac6e-56c9bc130a20,2025-05-22T10:16,1,13.21,Online,Completed
5915cdb9-e7b2-4dd4-938e-c8a11f99b175,0dd437d0-74fa-43c3-8909-5c955e4d47dd,2025-03-01T10:16,7,158.13,Cash,Pending
01470d04-f45d-4f2f-8213-a344d956efc2,c9dcc28a-ae5f-477c-ae7e-72d94129f449,2023-12-11T10:16,7,149.73,Cash,Cancelled
e054f240-979b-4945-8429-50deb6845775,4bb2d776-14c0-4ef6-b8ba-c580cbed72b8,2025-03-20T10:16,3,27.75,Cash,Completed
4105ae50-31cf-40f3-b878-cd21c8bcd66f,74e76582-f1b8-4560-b049-8aebb59d4721,2024-03-31T10:16,7,159.60,Online,Completed
b2e1e061-e08c-4555-a7a5-8d5b2b2ed783,0a15d43b-8f6b-444a-bef2-ffbddfdbd16f,2025-04-02T10:16,6,90.48,Online,Pending
6b6ba981-3dc3-44db-be92-7bd6be0856fa,8113211c-bdc3-4bb0-94d9-3fd3871f3005,2024-10-04T10:16,8,192.48,Card,Completed
d2fd6087-2892-4b91-a796-012ae93882dc,27e45431-1333-4ffd-a0c8-be56ffdc5d4e,2024-11-12T10:16,3,26.88,Cash,Cancelled
56bd9656-e911-4fbd-84b6-7fbd1e911f36,fdb5454e-2230-489e-ade4-9218ff28cbd8,2024-04-09T10:16,8,233.92,Card,Pending
3c338b9d-c243-4ef2-873f-030c6c012453,27e45431-1333-4ffd-a0c8-be56ffdc5d4e,2024-10-23T10:16,8,136.72,Cash,Completed
d68f9b87-20bb-462f-a34e-53077746a43d,6f61ca8e-51a1-48e0-abfa-88326e713e34,2024-02-05T10:16,9,134.19,Online,Cancelled
cf88eb18-01c4-4e46-8add-1be279f63b82,d5cfb1a3-ce2f-4aff-ab4c-50e0c5426af1,2023-11-13T10:16,9,171.81,Cash,Pending
6dac9533-fba4-4280-b6a8-d8b5c51b11fe,726d71e2-70fd-4416-8568-78619c14a73a,2024-09-27T10:16,2,14.88,Online,Cancelled
202d7909-8a6e-465d-ac6a-bc52d7108e35,0a5bd884-b432-4ce5-b14e-44b4aedd4c0f,2024-02-04T10:16,8,120.96,Cash,Completed
ec4c3a0d-0e00-4337-807e-bde0c804bd8c,e6cb1215-5314-4d05-bfd1-f6e5d36e89f7,2025-06-26T10:16,2,50.34,Card,Completed
681346a7-d135-411d-9763-176eda50f113,dcfb3d05-846d-4915-99f3-ebbc7559d972,2024-07-26T10:16,2,47.82,Cash,Cancelled
ea639b94-2da0-4e7d-95dc-f71692d55660,e7991221-0de0-4ef8-aa9c-ca3b59197059,2025-04-27T10:16,6,118.50,Online,Completed
b46eb1dd-72b5-4907-a3bf-44ee90fa9729,23650eb4-f98d-45a3-a90b-a378f03d469d,2024-01-04T10:16,1,23.14,Cash,Pending
2f65f512-fd48-432a-b698-4e1961618081,bf0de251-90d7-423c-8b31-48df1a89964f,2024-06-12T10:16,5,40.85,Card,Pending
531cdf96-1ed4-447f-acb5-19c97c354e23,5d6f84a5-a4de-442e-99b9-b8ef714b4436,2024-02-08T10:16,4,26.36,Card,Pending
424e6829-8f05-47db-ae38-b7f16f107df7,058b9c75-b72f-4594-80d2-e41194ff7672,2025-05-16T10:16,3,18.39,Cash,Completed
dd98875e-3e52-42e2-b96b-e5277aa64e3c,0fcf4084-ea31-49f8-99f9-9bf8c8b0c16b,2024-07-23T10:16,9,165.87,Cash,Pending
8b6c97f7-1467-4dd1-83b7-55855426ace1,6c3bf618-a715-40f9-9faa-cfc5f5beef2f,2024-05-21T10:16,9,203.40,Card,Cancelled
7c455cb4-6f19-42f9-b491-333b061c2291,0a0ac3e5-6e20-4fbc-87ec-5481c70e38bc,2024-08-02T10:16,2,44.12,Online,Cancelled
4e1b9f2a-884d-4218-a0c1-629eb3d957c3,92da274a-bea2-490a-bb52-196c46fa8487,2024-03-11T10:16,2,35.88,Online,Cancelled
868f90ae-ae4d-413f-b57e-a6ea18a19dc3,59827b2a-ae17-44b1-bd6f-6f08718559cb,2024-09-28T10:16,9,250.92,Online,Cancelled
bbf5072f-2d92-4bbc-b8c1-a18415805035,09ba4183-1b94-4f8c-bc5f-eca421a88524,2025-09-05T10:16,2,44.02,Online,Cancelled
8c2c2b52-a2b4-4c51-a3db-487ed3f22258,0b2a0e9a-e050-4380-b607-57adcbbf59d4,2025-06-27T10:16,3,53.67,Online,Pending
89bc4894-a29e-4864-ba39-3cc9eee755f4,1a48aa9a-def3-481d-922a-94300aa97309,2025-10-17T10:16,7,170.80,Card,Pending
5b6bb140-28bb-4e0e-adc0-4aeebf0fbb44,b014b56e-3263-4b63-8430-46e00bc5ea77,2024-12-19T10:16,1,26.04,Online,Completed
df1c15c8-94bc-48f4-a73e-d1da90387dc9,b0d737cd-ec4b-4a88-aa81-d012ef3fb719,2025-09-09T10:16,5,93.90,Card,Cancelled
0784fab9-ff30-4aa2-8664-530f3fe47985,09ba4183-1b94-4f8c-bc5f-eca421a88524,2024-01-23T10:16,6,40.56,Cash,Cancelled
8f7789bf-4913-4297-9389-22d3e6111c6b,b95f7619-fab2-4df9-8683-1f2aeb93a660,2025-01-23T10:16,2,52.68,Online,Pending
514dc2ab-e51a-41e4-8dd3-5a01042c1f1f,e886c155-0dae-4b36-88f5-a86fa474d1f6,2024-12-13T10:16,4,93.40,Cash,Completed
add07125-6387-4ded-be75-c39ef85f19fc,5eb75bc0-d5fa-4209-9d42-7767f3f0585b,2024-01-19T10:16,8,168.40,Cash,Completed
da575177-301c-4514-9d13-ad1fc63dbfad,09ba4183-1b94-4f8c-bc5f-eca421a88524,2024-11-08T10:16,1,29.87,Online,Pending
2e5fe121-d090-4b8e-9342-9b7f4ce5239e,4bb2d776-14c0-4ef6-b8ba-c580cbed72b8,2024-02-06T10:16,3,53.25,Cash,Pending
bf30e8dd-53d0-4056-aff9-431d674d9189,09ba4183-1b94-4f8c-bc5f-eca421a88524,2025-02-18T10:16,8,146.24,Cash,Cancelled
47a018af-344a-4872-8984-972a49d05a67,39cb44e2-a541-4b98-bc0b-db5f31cf8710,2025-01-05T10:16,7,50.05,Online,Cancelled
45c2e2de-b2ff-429d-a259-391f55c80514,65b2c0ea-6192-47fc-9286-2c1dd3ecefb1,2025-03-28T10:16,7,190.40,Online,Pending
761b273e-bd9e-40ed-b8a7-148628ae59b1,c3ffc43c-0c11-40fa-9824-f234161741d0,2025-06-11T10:16,3,29.16,Card,Cancelled
dc8a4f6f-8a3c-4f0d-b864-21a1fbbeed64,726d71e2-70fd-4416-8568-78619c14a73a,2024-04-20T10:16,4,86.92,Cash,Cancelled
f437e733-d60e-4d7c-a5de-25821e88f4d9,d87f31d7-79ef-4c17-856e-142e791b04da,2024-04-19T10:16,9,206.91,Online,Cancelled
0e7f7362-e739-4186-9c22-94401ad3a793,6f61ca8e-51a1-48e0-abfa-88326e713e34,2025-10-26T10:16,1,14.83,Online,Pending
c5e5aefa-3936-42dd-a098-5682e26cd6b8,02c65c06-56ad-4670-b8e2-10ab417c7154,2024-03-18T10:16,1,27.93,Cash,Cancelled
13250c38-8626-4930-b4ee-5ca00972160f,401a6911-a31e-4892-adc1-56e3e1eb090a,2024-07-16T10:16,1,22.83,Cash,Pending
de519888-c88b-4a5e-9821-ef304a8352da,7a2e5fa5-096b-4701-8ce6-7a3db39bf8eb,2024-03-30T10:16,5,113.45,Card,Completed
3f845079-abe5-4866-806f-b9060be74740,d33bbfcd-a2ca-4e80-8a1c-65223f061e7e,2024-02-11T10:16,1,22.03,Cash,Pending
fa0283df-3555-4b3c-b91a-a1ae3985147c,8b546c63-5406-493d-bc69-cfb594b38267,2023-12-03T10:16,3,24.93,Cash,Cancelled
7a6dce0d-868b-4537-a84b-8fba234bee08,0d463f72-c3a1-4a2b-8d0d-1721a0d1a06b,2025-02-24T10:16,9,225.09,Card,Completed
f9106ac3-d906-463c-8701-3a0344f9d1c2,795088d7-d227-422e-ad8c-f048bde0675e,2024-03-01T10:16,6,145.92,Cash,Pending
db392b56-efd1-474f-911c-38a9e08cfbf3,52c87fd9-fdf0-4256-b929-6153ad24a0ac,2025-02-23T10:16,5,107.10,Card,Cancelled
c1836306-3b89-4159-911c-94e8ea9a6293,f6c35464-33dd-44a7-bf84-071f2e427045,2025-08-29T10:16,6,99.84,Card,Cancelled
ef1e15d2-50eb-475c-b036-9f1492aad821,bf0de251-90d7-423c-8b31-48df1a89964f,2025-09-09T10:16,4,106.04,Cash,Pending
5b219c8c-40b7-489a-94d3-de7d41c96a42,6c6a3b10-9747-4dca-a041-4edc22d147b0,2024-08-31T10:16,9,224.19,Cash,Cancelled
0ee230c3-e3cd-4de3-85d9-0fbe04a0c205,4e44f26d-5455-405b-8fdb-63ab8b739ecf,2025-02-02T10:16,8,80.80,Card,Completed
a69c153a-a5d7-4ea3-9c54-67bf203729ae,6e6d2c67-f7fb-4a98-8f9a-4822259b25c4,2024-07-01T10:16,2,54.50,Online,Completed
d60e94b3-5130-40e6-8020-efbf2a7e3219,b014b56e-3263-4b63-8430-46e00bc5ea77,2023-12-23T10:16,7,64.89,Card,Cancelled
2cc278e1-094c-455d-b683-7fadf3b61d09,a302a1a8-c429-406f-abff-9f273aa0a4b5,2025-01-01T10:16,4,100.76,Online,Cancelled
011240d6-436d-40cb-b378-b6b0c58d029f,1407e9cf-22c9-4137-a2fe-cc12dc038235,2025-03-20T10:16,1,21.33,Card,Cancelled
1a4d0800-6e5a-4630-b1c0-adf3a57677d3,caad7924-4bc5-4f85-9662-11ca261e3c87,2024-10-15T10:16,8,192.00,Card,Pending
d37bd324-22b6-4b0b-8d76-28f4e27535d7,f90cf3ca-e2d0-4129-bc7a-e8a2b80880da,2025-11-06T10:16,5,101.95,Cash,Completed
eaa60aa0-ed76-49ca-bd6c-fa5f51595570,bc58b12c-65c4-4f21-89ef-3e492a22ef7c,2025-05-24T10:16,2,56.94,Card,Cancelled
5628d24a-cd10-46bf-b6a8-a3a3ec74cda7,e38afcd9-9e08-47ba-bc92-5ebb4bc271eb,2025-05-21T10:16,4,44.44,Cash,Pending
2af09c04-9111-4969-9e85-380e9cf26070,27e45431-1333-4ffd-a0c8-be56ffdc5d4e,2025-05-22T10:16,9,71.28,Cash,Completed
7b207597-b16a-47d4-a319-ded5052d3295,f067e21d-d1d4-4e87-9cae-9753f5f9ccb6,2024-06-22T10:16,8,215.68,Card,Completed
f8df07a1-d22e-4772-b8a0-605617e20a78,e886c155-0dae-4b36-88f5-a86fa474d1f6,2024-01-09T10:16,9,193.95,Cash,Pending
423db61e-9da7-4a66-8703-904b1c983840,60cd80b6-3967-4dae-b4df-adc7b5644971,2024-06-15T10:16,2,35.78,Online,Completed
9f0114ce-5f8c-4f2c-9f4c-f8dc40f61779,5f6e51da-5f01-4c9a-85dd-7d50ef37e5d7,2024-10-16T10:16,2,16.60,Online,Pending
2b36a3b0-4629-4d75-ae4e-1f4934b4ae0c,d5cfb1a3-ce2f-4aff-ab4c-50e0c5426af1,2025-10-03T10:16,1,7.90,Card,Completed
f41356b3-2301-4ea0-87ee-9a6dfd750ee9,69446e90-4237-4410-ab55-e011eb04cce0,2024-02-03T10:16,3,43.47,Cash,Pending
c3766450-8fde-4a7e-8966-a5cedde6a1b4,ebe19120-496a-47fa-87eb-2440212a3363,2025-06-18T10:16,2,27.66,Cash,Completed
c3d1b1b6-3200-4888-b45e-a049f409d93d,80537cf2-360f-4740-8b7e-d4cd56e22987,2023-12-10T10:16,2,52.84,Online,Completed
17537470-b6d1-4a1f-b505-380b493dddd1,795088d7-d227-422e-ad8c-f048bde0675e,2025-10-29T10:16,4,93.32,Online,Cancelled
60308986-7aa1-4ae2-be8f-f7c43ca99016,6117b6f0-c4f4-4bf1-9eeb-f33950decba8,2023-12-02T10:16,4,59.24,Card,Cancelled
663d14cf-1c34-4b07-a333-282865c66243,4e44f26d-5455-405b-8fdb-63ab8b739ecf,2024-01-01T10:16,5,78.95,Online,Completed
a39699a3-ce43-4827-ac72-b420213114a3,0a5bd884-b432-4ce5-b14e-44b4aedd4c0f,2024-05-27T10:16,3,15.21,Online,Pending
6a4a550d-bdce-43db-9104-5b21fb2f5e97,7509850a-5062-4da9-aad6-bc5b9e363ef1,2024-08-04T10:16,8,55.92,Cash,Cancelled
6178db80-3c2c-4f0e-9ed0-4db78b335a4a,4717d2a3-4b2a-44f1-b960-a2b73e2d23fd,2025-04-11T10:16,6,43.74,Cash,Pending
d382f1c8-c7c9-4335-b6fd-f4f954a37d6a,b014b56e-3263-4b63-8430-46e00bc5ea77,2025-03-11T10:16,2,22.12,Cash,Completed
f91087cc-7d93-42e3-9ad4-c1a9c1b966d7,25659c0e-6eb5-4c57-add8-fb6ac5f42699,2025-01-01T10:16,6,116.76,Card,Pending
ee92695c-d754-4dcc-b0a6-200358486e62,49af098b-bf79-4643-8e49-739ea932d38b,2024-10-05T10:16,9,267.93,Cash,Cancelled
9fed04b7-3df8-4e45-8e82-717fbac143f7,8113211c-bdc3-4bb0-94d9-3fd3871f3005,2024-09-25T10:16,1,16.91,Cash,Cancelled
359a118d-9e08-4780-bce7-cd0ad5560990,77ca464a-fe0d-4dcc-8f08-3eb2f7b64f76,2025-11-01T10:16,2,17.68,Cash,Pending
bd7409e3-06b1-4801-b32f-be249c69c5ff,0a0ac3e5-6e20-4fbc-87ec-5481c70e38bc,2024-03-20T10:16,3,82.23,Online,Completed
f7a6479a-879e-43ed-a232-ff802587659b,92da274a-bea2-490a-bb52-196c46fa8487,2024-07-07T10:16,3,47.37,Cash,Pending
d61baf38-1ab7-424f-9e93-fbbf7d71e226,b95f7619-fab2-4df9-8683-1f2aeb93a660,2025-09-19T10:16,7,82.11,Cash,Completed
6d93e46c-f5fa-456b-8642-141d894b4334,f3826f04-0dfa-4266-8002-58fede0093f5,2024-08-13T10:16,4,64.88,Online,Completed
865bbf03-22ec-4d4a-999b-9d9a1e7cf6ab,93cdeef1-3fc3-4a63-a275-0ae87ae6b335,2024-05-11T10:16,3,20.79,Card,Completed
6a7beab5-aa8e-4ae8-8a0c-b16b7bdf6080,8f7f530b-bb30-4a05-b437-744ed30af54f,2024-09-18T10:16,5,65.70,Cash,Completed
fa697650-c931-4724-b92c-d63e40984cf9,2c6dafc9-06cc-4b3d-8b8d-12aae0644c58,2024-03-27T10:16,3,82.50,Card,Cancelled
ccec41d9-2b46-4dde-bf53-a25019420d33,0130fcd4-a6cf-4a72-8400-7bcae1abce34,2025-03-26T10:16,9,55.71,Card,Cancelled
6d585ba8-7518-4784-8285-4de0b9c793f9,9305d562-2505-493d-8ed8-3fb721c8f491,2025-08-22T10:16,3,47.85,Card,Pending
2c5108ee-e124-4932-a49f-e5f1a8562bfe,6117b6f0-c4f4-4bf1-9eeb-f33950decba8,2025-05-20T10:16,6,67.98,Card,Pending
4ad7cc99-1ff9-4fcc-90db-8ba58d2441f9,3ab3404a-ee80-4ed2-8d90-a6f0dad14e48,2025-10-20T10:16,3,75.00,Cash,Cancelled
6fc54f48-55bb-4a40-a48b-a8ac630e1771,5d6f84a5-a4de-442e-99b9-b8ef714b4436,2025-01-13T10:16,4,57.12,Online,Cancelled
f4f0e61d-5864-48b4-977d-24342f4eb65a,53db1213-7316-47bb-9099-c1def0e3c96b,2025-06-08T10:16,6,90.90,Cash,Completed
f6d90dac-e758-491c-bc5b-897dedfa0c9a,ebbc7df0-770d-44f8-b0ff-c62f9006e40e,2025-03-19T10:16,8,201.84,Card,Pending
2e1d9d0f-061a-4288-b46c-54e8d44319de,f6c35464-33dd-44a7-bf84-071f2e427045,2024-10-30T10:16,8,43.92,Card,Pending
cef63e91-d912-4dc1-89ca-63d16af3c9c8,98b17fed-218c-4f20-8410-9f0edfc74455,2024-08-01T10:16,7,82.32,Card,Cancelled
b7f36cb5-093d-4445-8fd9-320de528118c,0df3bae1-6384-4856-aa27-aef9f6c48b75,2024-12-07T10:16,6,60.30,Card,Pending
c97c6e77-ae3b-417e-a4fe-4dccfbe7685f,ebbc7df0-770d-44f8-b0ff-c62f9006e40e,2024-03-01T10:16,1,12.38,Card,Pending
98459856-045d-420e-98ee-6b76015c4f24,0a5bd884-b432-4ce5-b14e-44b4aedd4c0f,2025-10-30T10:16,6,86.70,Online,Cancelled
8b52d37c-2a9a-47b1-9324-95c76f09f705,cf65c4b6-4c1c-420b-95de-23e5b56ffad5,2025-04-21T10:16,8,45.28,Cash,Pending
dbee93c4-7b22-4856-b89c-638a2afa01a8,aac35608-9499-49c5-811a-a059e773c968,2024-03-19T10:16,5,142.95,Card,Completed
a92184d5-e3d0-48c2-a4c4-83d0180e5c24,6bd388d4-5636-450b-bacd-55bdcb769bab,2024-02-27T10:16,9,97.92,Card,Completed
5ffb0800-5cec-442b-82d0-bcbc58551823,ebe19120-496a-47fa-87eb-2440212a3363,2024-10-07T10:16,5,113.35,Online,Completed
3cd03e10-1144-4eea-957c-8016fcd24ae0,b047b369-02d0-4f25-9af0-f1e883228863,2023-11-25T10:16,8,163.36,Cash,Cancelled
d28df9b8-8ca5-447d-9bf2-681b01835cb6,90f0db1e-2b19-43f7-ba17-233c7c214eca,2024-06-05T10:16,8,225.68,Card,Pending
fbffb8e4-d0ad-4b00-8fd1-a05a7d75fec5,485b65e7-fdf4-474d-afba-37986d8d3cd8,2024-05-11T10:16,8,90.16,Cash,Pending
7b023914-38a2-429a-809e-f47e1c352f6b,cf65c4b6-4c1c-420b-95de-23e5b56ffad5,2025-08-21T10:16,7,95.69,Card,Completed
14c0cd1a-2ddc-465b-a137-e38328adb674,2c6dafc9-06cc-4b3d-8b8d-12aae0644c58,2025-10-31T10:16,9,236.70,Cash,Pending
c3605c3a-6427-4519-b6e0-6ef5fcef75f9,8b546c63-5406-493d-bc69-cfb594b38267,2025-09-03T10:16,7,84.77,Online,Completed
7417db99-da51-4bdd-8b16-e06cd19ae40a,ecf1ffb0-ac00-4968-87ea-8beef4ace55a,2024-11-01T10:16,7,156.59,Card,Pending
7a505898-7978-49f4-a6e6-c2f52e68e577,bb6bf39c-f455-4e08-a59e-1bdaaa91d4aa,2025-03-05T10:16,9,224.19,Card,Completed
7daa650c-2d6c-423b-bbad-de167a70ed53,3e97fc93-73a7-45e0-9888-f7a03ee258a7,2025-09-27T10:16,1,25.14,Card,Cancelled
a524769e-fb32-4a94-924c-6271f4b677a9,1d32c3b3-c732-4995-aa6b-ff159deb3bdf,2025-01-14T10:16,9,122.58,Cash,Completed
414e290d-180c-4f0f-83d8-9e6106ed8c17,0a5a9fc7-e126-48f0-99aa-dea85c606f66,2025-09-30T10:16,4,57.40,Online,Completed
f83785ff-3b51-42ec-9cde-2559d95f593b,b6c26110-1b77-4777-8c79-c69ec19b66df,2023-12-23T10:16,8,73.52,Card,Pending
12a13edd-3ded-482a-b02c-6ba5e7c8fafa,b95f7619-fab2-4df9-8683-1f2aeb93a660,2025-04-22T10:16,1,18.51,Cash,Completed
9acd0def-76ea-4266-a126-00cd0d082fae,bf0de251-90d7-423c-8b31-48df1a89964f,2024-06-27T10:16,8,195.12,Cash,Cancelled
0fb3d2a7-a95c-4339-9af4-3f868f73edc0,c46351bf-193f-49af-a5d6-456188837c3d,2024-04-20T10:16,1,25.18,Cash,Completed
b720dbbf-17b3-4df8-9fff-00e14186c0d7,49af098b-bf79-4643-8e49-739ea932d38b,2024-11-03T10:16,3,28.65,Online,Cancelled
dbc9a50b-9152-4201-b728-7755bd74af56,1d32c3b3-c732-4995-aa6b-ff159deb3bdf,2025-01-08T10:16,2,28.06,Online,Pending
541b131d-0d7a-49e1-91b6-bba47fd8f11d,60cd80b6-3967-4dae-b4df-adc7b5644971,2025-09-16T10:16,2,43.18,Card,Cancelled
4513b32f-f701-440e-aaf9-2e67345084b6,a190f67b-21df-46bc-8164-46bdfa00af85,2024-04-30T10:16,9,252.09,Online,Completed
b05ab457-ba59-45cf-bf8b-602e19f09edf,fdb5454e-2230-489e-ade4-9218ff28cbd8,2024-02-29T10:16,8,144.32,Cash,Cancelled
94a8f83c-689b-4673-9b77-3786c10c3acf,fbe227d7-6d32-4407-9783-7fdac983e55f,2025-06-29T10:16,9,114.21,Card,Pending
b96e6980-b13c-4cd7-b762-b42482d04762,ec3490d2-e8da-47ee-ae12-0ca0b1d7a2bb,2025-03-26T10:16,5,60.30,Card,Cancelled
80779977-a69f-42be-b1e4-9d02828c0321,98b17fed-218c-4f20-8410-9f0edfc74455,2025-02-09T10:16,1,17.51,Cash,Cancelled
2a30bb29-bb9a-4ed0-97be-236f0556b0e9,0d463f72-c3a1-4a2b-8d0d-1721a0d1a06b,2024-11-16T10:16,1,6.82,Card,Completed
3ab5c005-740d-4ea3-8291-103e34b87767,4b14a58c-f1e4-40b6-888d-a88cd7055099,2025-05-13T10:16,7,192.01,Card,Completed
98c467f2-e196-4026-b871-16d8b04c9f7b,058b9c75-b72f-4594-80d2-e41194ff7672,2025-07-18T10:16,4,94.36,Online,Pending
e2c98d87-cf23-407b-b999-63365a3efbec,726d71e2-70fd-4416-8568-78619c14a73a,2025-11-02T10:16,1,10.50,Cash,Completed
9a5593f2-6cfe-4674-80d5-997314a314e8,bb6ceda0-3f7a-4dfa-9862-41a88dd468b2,2025-01-07T10:16,6,110.52,Cash,Cancelled
c5697d5b-2bd4-4b9b-8a7a-07367ef6a904,365c90d0-a590-4209-9401-2ce55af5ed98,2025-05-05T10:16,4,30.32,Card,Pending
400f7736-760b-4c77-8877-fee207777866,ef7fad1f-a86f-4ee1-95b4-ce1f339f0fa5,2024-05-03T10:16,1,7.46,Card,Completed
bb516635-a801-4035-af2a-f44e18938746,bb6ceda0-3f7a-4dfa-9862-41a88dd468b2,2024-09-25T10:16,5,112.70,Online,Cancelled
5427d779-2037-436a-b8b0-31084c0577d0,0472ca7f-b133-4710-8f43-24a3c6c1afd1,2024-08-08T10:16,8,232.96,Online,Pending
109cf231-924b-468a-a124-3a18129fb47a,ef7fad1f-a86f-4ee1-95b4-ce1f339f0fa5,2025-06-01T10:16,9,148.14,Card,Pending
0ad53b19-ff6a-4655-942a-a78148fcd9bb,4739f27f-7a96-4d52-83ae-0c6fd4c8c606,2025-11-03T10:16,2,55.30,Cash,Completed
93b4db1e-588b-4874-8bbe-e08f1a9083bf,e886c155-0dae-4b36-88f5-a86fa474d1f6,2024-07-10T10:16,3,16.20,Card,Pending
e5e25f23-9083-48ca-ab90-fb1a155b96d5,fe624323-ba72-456d-9842-ed9e0edc75df,2025-06-24T10:16,5,80.90,Card,Pending
e342a767-c82c-476c-aa02-23d3375a1134,59827b2a-ae17-44b1-bd6f-6f08718559cb,2024-03-13T10:16,5,39.80,Card,Cancelled
d151fcc6-25a0-4177-abe8-c46f214cea74,8b115a34-224b-453c-be69-b53a7445b466,2025-02-08T10:16,7,184.80,Cash,Cancelled
090df78a-4504-4b25-9f83-39782f9b9f38,fbe227d7-6d32-4407-9783-7fdac983e55f,2025-02-12T10:16,4,89.76,Cash,Pending
d9e20d3f-4686-4a37-b429-bfcdeed7a08d,fe624323-ba72-456d-9842-ed9e0edc75df,2024-01-08T10:16,4,92.32,Cash,Completed
f23e1328-2738-4ab5-89b9-a718c8171b63,06e585f0-5b60-4900-81d1-3379328e6c17,2024-01-11T10:16,9,189.36,Card,Pending
54146b72-26f0-45a0-a257-41e575183b9a,6aaabc79-3d35-410f-bb96-f86a3930d0ff,2024-02-14T10:16,2,36.08,Online,Completed
949c0df9-6c00-4120-84c2-7d7362cfb958,e886c155-0dae-4b36-88f5-a86fa474d1f6,2025-06-24T10:16,2,58.72,Online,Cancelled
06ce68cd-0b14-4def-80db-1d051a8e4511,795088d7-d227-422e-ad8c-f048bde0675e,2024-08-25T10:16,1,8.68,Cash,Cancelled
cad2ba4c-96c3-4c1e-9182-88d9c2edd093,4b14a58c-f1e4-40b6-888d-a88cd7055099,2024-03-16T10:16,6,103.92,Online,Pending
3b2e6f64-ca98-4285-8028-27194a8357f8,0fcf4084-ea31-49f8-99f9-9bf8c8b0c16b,2025-04-12T10:16,9,228.15,Cash,Pending
6c9e2834-1226-477c-99ac-965ab9a0472b,cd50913f-8c99-4253-9134-0cf5fe5f300f,2025-06-05T10:16,5,67.90,Online,Completed
46f2c788-a78f-4a91-85d3-f041ddd204b9,c3ffc43c-0c11-40fa-9824-f234161741d0,2025-01-15T10:16,4,109.48,Cash,Completed
1a1ca98a-d521-4eeb-9e6d-6d3965ac881c,c46351bf-193f-49af-a5d6-456188837c3d,2025-10-20T10:16,3,53.79,Cash,Cancelled
db753a2f-8e1f-4a57-8613-371ac556fee8,e85d0261-2d97-4475-a749-363ec9040a74,2024-08-08T10:16,5,108.50,Cash,Completed
a200700c-ef13-41eb-be57-c04fe436b4a6,27e45431-1333-4ffd-a0c8-be56ffdc5d4e,2025-07-26T10:16,7,40.25,Card,Completed
261e9462-f72e-4399-beea-13e36d6f91ae,0a570207-0f70-467f-bbeb-44a0a60a9a25,2024-03-16T10:16,7,142.73,Card,Cancelled
57ed9581-aa01-4647-8cc9-750f6760eb0e,428424b7-1f94-496a-8b7a-497ce177d32c,2025-03-24T10:16,9,135.72,Cash,Cancelled
234c4c76-a179-41d5-8693-a7ef91cd036d,7a18d550-38d0-40b2-84a7-547162e7e409,2024-01-29T10:16,2,11.64,Online,Cancelled
1218b874-e795-41c7-b7b0-06e5352b448b,77ca464a-fe0d-4dcc-8f08-3eb2f7b64f76,2025-01-05T10:16,4,83.36,Online,Pending
617c0943-1196-4178-8dce-938ec6de4cb8,49af098b-bf79-4643-8e49-739ea932d38b,2025-06-01T10:16,3,83.49,Card,Completed
e7483511-f335-4631-83cf-4b82428fcd69,f067e21d-d1d4-4e87-9cae-9753f5f9ccb6,2025-08-24T10:16,9,240.84,Cash,Cancelled
f76d2fdf-a4dd-44e3-b443-9953d9101c10,8887df7e-682b-4d48-b18c-c1ddfa0aaa26,2024-05-20T10:16,6,98.64,Cash,Cancelled
ba238c2c-9c57-400d-af14-95543f36a541,21edfc22-3f73-4335-a774-3cf78ab65e86,2024-09-29T10:16,1,16.24,Online,Cancelled
a1a0d7bd-254d-4d3c-a19c-71ec49bd19df,0dd437d0-74fa-43c3-8909-5c955e4d47dd,2024-11-23T10:16,9,52.56,Card,Completed
6a8a5b80-9479-41e8-b736-8fc34ca1aab6,050d9901-1cb5-413a-9c31-282028f863c1,2025-05-22T10:16,9,204.12,Online,Pending
d137bc81-1cee-496d-a017-7a3e3e96799e,d7af10ce-45c9-4fc8-8dd8-b1c5491aad5f,2024-04-12T10:16,4,84.92,Cash,Completed
aaaddb49-8a2a-441d-9adc-739068f89147,36b880b0-e9bd-4c0b-8f1c-32018f6c758a,2024-08-23T10:16,5,87.65,Online,Pending
85707ee0-d424-4dc0-9099-1d2f4372f476,8887df7e-682b-4d48-b18c-c1ddfa0aaa26,2025-03-08T10:16,6,69.54,Online,Completed
8798842a-1643-49cc-9ec7-d59a7e7ec1f1,39cb44e2-a541-4b98-bc0b-db5f31cf8710,2024-01-27T10:16,8,43.92,Card,Completed
1128db8d-584d-4216-b687-6b6e50112783,2a109685-1399-4149-8951-fba29bb0360d,2025-02-06T10:16,6,33.84,Card,Completed
36db690e-dda0-4daa-bc59-811ec85c21dd,5400d214-6176-40bf-88d2-3f53ed38bf69,2025-03-12T10:16,1,9.45,Card,Pending
0e4d4fc8-4acf-4817-a788-7cbfaf7b27d7,4717d2a3-4b2a-44f1-b960-a2b73e2d23fd,2024-06-11T10:16,6,120.12,Cash,Cancelled
4c64141c-70be-426a-b2d5-5af2376bffe8,02c65c06-56ad-4670-b8e2-10ab417c7154,2024-08-09T10:16,9,51.21,Online,Pending
430c7fa0-b13c-49a7-a673-2868f80ad783,27e45431-1333-4ffd-a0c8-be56ffdc5d4e,2025-03-19T10:16,3,73.95,Cash,Completed
31f6fbad-9177-40f6-b4bd-c5c7909803da,365c90d0-a590-4209-9401-2ce55af5ed98,2025-10-22T10:16,3,88.68,Online,Pending
bbfea55f-40e8-47df-9888-ab57350124e3,e12c3d24-86c8-474f-b86b-370df36adbfe,2024-01-29T10:16,3,82.56,Card,Completed
7bb766af-3dc0-4563-b7e9-f6a3c56fb2c4,d6d4ef4b-0870-48aa-b884-013237f255f4,2024-09-05T10:16,9,136.35,Cash,Completed
bdc42208-76a2-47d2-bffd-5e0cab543eb4,cf65c4b6-4c1c-420b-95de-23e5b56ffad5,2024-07-19T10:16,4,84.48,Card,Pending
d2c95ed9-ba77-4831-bcdd-0bccf7fb9f46,cf65c4b6-4c1c-420b-95de-23e5b56ffad5,2023-12-30T10:16,7,70.35,Online,Cancelled
