order_id,restaurant_id,order_date,items_count,total_price_usd,payment_type,status
445d1c6e-d76c-4205-a032-36789a3621a7,6aaabc79-3d35-410f-bb96-f86a3930d0ff,2024-03-15T10:16,7,126.07,Online,Cancelled
17c3fd08-5450-4cc7-bad3-45b17f901aef,bb9edfa8-17f7-4f6f-8e3b-616693a298b1,2024-10-05T10:16,4,74.24,Card,Cancelled
6183a5b0-4c00-4e56-b69e-fdf8ac5ea4c5,bb6bf39c-f455-4e08-a59e-1bdaaa91d4aa,2024-03-18T10:16,5,30.70,Cash,Cancelled
2640f385-d522-406a-8375-830e9afe1dab,ebbc7df0-770d-44f8-b0ff-c62f9006e40e,2025-02-02T10:16,5,142.35,Card,Completed
f64a4065-f847-4f43-b250-a6765fe4e0cd,ef7fad1f-a86f-4ee1-95b4-ce1f339f0fa5,2023-11-13T10:16,2,20.30,Cash,Cancelled
d36de1d4-4bf5-4a4b-92ee-88d87acd4dac,80537cf2-360f-4740-8b7e-d4cd56e22987,2024-01-27T10:16,1,12.46,Card,Completed
fa43696a-6dc5-4032-8ab5-d5abe0e9b969,205ea7f7-e714-45b8-a083-11247ff702a1,2025-03-01T10:16,5,45.95,Online,Completed
3d160dfb-5834-41e6-afd7-b789f8cc81cb,02c65c06-56ad-4670-b8e2-10ab417c7154,2024-01-11T10:16,9,69.03,Card,Cancelled
f97dec71-3671-4476-9c13-434c380b74dc,bb6bf39c-f455-4e08-a59e-1bdaaa91d4aa,2025-07-30T10:16,3,41.64,Cash,Cancelled
735c6476-844f-4b86-90a1-38b48e81fdcb,8887df7e-682b-4d48-b18c-c1ddfa0aaa26,2025-06-19T10:16,2,42.16,Cash,Completed
2c6cccc2-7737-4f87-b010-412689442299,c3ffc43c-0c11-40fa-9824-f234161741d0,2024-03-09T10:16,4,84.36,Online,Cancelled
a3bbc167-ee59-4b64-81fb-318a7fedd14c,ada8704c-2784-4d70-84da-10078407d2c8,2025-04-09T10:16,2,17.34,Cash,Cancelled
16cf235d-cb19-4d49-9d61-24989efdc14e,0fcf4084-ea31-49f8-99f9-9bf8c8b0c16b,2025-10-29T10:16,4,56.20,Online,Cancelled
d0aa10b2-ef4d-4279-bf2e-d8d1c5a3ef7b,02c65c06-56ad-4670-b8e2-10ab417c7154,2024-08-16T10:16,1,10.12,Online,Pending
7ecbdf0a-fcaa-4f9f-8f24-2af70e1720b5,0a15d43b-8f6b-444a-bef2-ffbddfdbd16f,2025-06-07T10:16,6,172.32,Online,Completed
784d4f82-3297-47d3-aff2-b171ac460b62,89d26a00-0fde-4c03-8430-b06f6bc3f33a,2025-06-13T10:16,2,42.72,Cash,Cancelled
8ee37f34-b9f0-4708-8327-78ab07bf53b8,11526850-7335-463f-b740-a52a90457c3b,2024-10-23T10:16,7,49.35,Card,Cancelled
7ca5d688-871f-48d3-a568-27f2db5212a1,935ebde1-5945-4673-886e-1a7a12cc2d4e,2025-05-13T10:16,9,235.08,Online,Completed
e0b4800b-2e33-4093-8ad4-ad77f48d7860,c3ffc43c-0c11-40fa-9824-f234161741d0,2025-03-27T10:16,4,107.88,Online,Completed
5a4ccb5f-b356-475d-ab81-aa5dc26397ae,92da274a-bea2-490a-bb52-196c46fa8487,2024-03-16T10:16,9,234.27,Cash,Completed
6eee71f0-2ac3-4365-9ed5-ba5354fc40c8,4e44f26d-5455-405b-8fdb-63ab8b739ecf,2024-03-25T10:16,7,62.44,Card,Pending
f4c827a3-65cf-47e3-8173-1424697c9099,05ccd8a5-ea5f-4353-bd1e-3022152b0685,2024-12-19T10:16,7,185.22,Cash,Cancelled
f37ccb62-7256-4659-b2a5-0743b871304e,6c3bf618-a715-40f9-9faa-cfc5f5beef2f,2025-05-10T10:16,1,17.40,Online,Cancelled
d69bb87b-f293-4473-8ee2-06e777c7d471,c9dcc28a-ae5f-477c-ae7e-72d94129f449,2024-06-10T10:16,4,101.24,Card,Pending
f3a08775-8ad5-490b-a568-7d4143b83038,73a2b03c-2dca-486e-8ebc-c4d6bb68a8c6,2025-09-16T10:16,1,12.34,Online,Completed
ec479486-41dc-4fd0-b813-182181431a3d,726d71e2-70fd-4416-8568-78619c14a73a,2024-03-05T10:16,2,40.24,Online,Pending
1f63ec3d-6297-491d-906d-37735e6ec33f,98b17fed-218c-4f20-8410-9f0edfc74455,2024-02-20T10:16,8,128.32,Card,Pending
1d7c8f1e-8bfc-402b-8485-1664bcfebf03,953417c6-cd52-45e9-9ca0-bb450653c934,2024-10-30T10:16,2,35.96,Card,Pending
53c3816a-549d-4bae-b684-9bb8208498b3,1a31c678-d420-495a-aff3-0f1609514e1e,2024-07-02T10:16,3,89.43,Online,Cancelled
8bb777bb-7eef-4930-bdc0-c1ee8a78d47c,a3f626b9-cc27-4c04-8570-be79ab8bda4a,2025-02-14T10:16,8,156.32,Online,Pending
1e11a1ea-e5c1-47ed-9d34-88a32cbc22b4,ebe19120-496a-47fa-87eb-2440212a3363,2024-12-06T10:16,1,18.07,Online,Pending
f6bafbf2-0f3f-413a-8736-fea051cdcd27,0a570207-0f70-467f-bbeb-44a0a60a9a25,2024-12-20T10:16,6,154.14,Online,Pending
d42fb428-92a3-420a-81ae-9c8056a75bca,8b115a34-224b-453c-be69-b53a7445b466,2024-11-07T10:16,9,116.55,Online,Completed
7c82ab4a-24ae-443f-a1d7-8ec7ffcb54f2,e6e1db85-f8ba-4264-9c9a-520ecda4bc4c,2023-11-15T10:16,9,78.84,Card,Completed
3e7a7ab0-754a-48f4-8387-a94a5874cc7b,ecf1ffb0-ac00-4968-87ea-8beef4ace55a,2025-01-28T10:16,8,185.76,Online,Completed
e8965db7-1dea-4919-8f93-559e0bf0ea76,c1a09d60-c9e8-4489-a68e-e01b51541d33,2024-03-29T10:16,3,75.27,Online,Pending
68a0fe77-97d5-4073-9700-d62bdb465b0a,74e76582-f1b8-4560-b049-8aebb59d4721,2024-12-04T10:16,3,48.06,Card,Cancelled
9581d476-9eb7-4ce5-9bf3-e99ccc50ba2b,cb8747c7-32ca-4b6b-868d-13ab01d953ec,2024-02-05T10:16,1,6.60,Online,Completed
579cdf5b-47f6-441c-9503-d3f3b708877f,b014b56e-3263-4b63-8430-46e00bc5ea77,2024-01-18T10:16,2,39.96,Cash,Cancelled
4b32490c-09d3-453f-828a-4fe901f2e5a1,0a5bd884-b432-4ce5-b14e-44b4aedd4c0f,2025-02-20T10:16,8,226.32,Cash,Completed
5ddd94dc-5a7c-445c-a77c-0cf76d276409,4e44f26d-5455-405b-8fdb-63ab8b739ecf,2025-04-07T10:16,7,81.48,Online,Completed
8b3c609d-55af-4677-b8f1-f1f8f505bced,e277d099-db2a-4aee-ab86-8b0e73a34383,2024-11-13T10:16,8,206.48,Online,Pending
00bf0b80-0e03-483e-8da8-1611a2f176cb,aac35608-9499-49c5-811a-a059e773c968,2025-03-07T10:16,6,176.10,Card,Cancelled
d78bdc45-7d8b-4c51-8daf-c20c17026c70,c83bba2f-5229-4998-9566-1f3179b13e8a,2024-05-11T10:16,2,58.04,Online,Cancelled
50c15184-2472-49c2-a74a-c62c5d0cdd61,4b14a58c-f1e4-40b6-888d-a88cd7055099,2025-06-05T10:16,1,13.47,Cash,Completed
d760aaca-4067-4235-9179-d0f018b024e3,885715b6-b1eb-44ca-8460-28c0343e56f3,2024-12-25T10:16,3,50.07,Online,Cancelled
65a1ac34-2934-495f-9d5e-5b26d265cc10,69446e90-4237-4410-ab55-e011eb04cce0,2025-09-11T10:16,7,154.49,Card,Completed
1cc39c10-6792-4651-ad35-b9563db49dc1,964d337f-acd5-4ca2-8843-9be3f2eb60fc,2025-01-06T10:16,3,84.99,Cash,Cancelled
341f315d-9e06-4519-a9a9-f414e7061b4d,7c991f43-c18b-4404-8826-97691b0dc00c,2025-01-12T10:16,5,113.50,Online,Pending
5fee0fab-a810-4ca6-a748-043f6e6243d2,d3f641e5-b8b5-4f5f-9155-7768df2033e8,2025-08-13T10:16,3,67.83,Card,Cancelled
2a6a1508-85d7-4209-86ab-b9ee0fc6dc0a,3ab3404a-ee80-4ed2-8d90-a6f0dad14e48,2024-07-05T10:16,5,91.50,Cash,Pending
ed8a40bd-4528-49a2-90c1-3b7b1d060b4c,885715b6-b1eb-44ca-8460-28c0343e56f3,2025-08-10T10:16,8,152.16,Cash,Cancelled
c27af583-9e32-43da-9c70-b6a68d65490f,5400d214-6176-40bf-88d2-3f53ed38bf69,2024-03-23T10:16,9,182.43,Cash,Cancelled
ef2dd9e3-f820-47ff-bcd7-a848e84fd771,7a2e5fa5-096b-4701-8ce6-7a3db39bf8eb,2024-10-20T10:16,6,146.82,Online,Pending
d7117113-150b-4334-b9cc-3c50338c894e,10b26c2d-7d56-4175-84a8-a2775e128a9d,2024-06-26T10:16,4,98.40,Cash,Cancelled
6b342b6f-f11e-40bb-9bf2-8e3525f75678,b03f75c1-655f-4480-a2bf-1a0af806e96e,2024-04-23T10:16,9,265.14,Cash,Cancelled
3c44dfb9-0762-48d8-a3bf-58f2dde43191,52fbb114-83aa-432d-b2f1-f3e37a5c4754,2025-01-08T10:16,8,239.60,Card,Cancelled
18601c39-37bd-4939-b865-85ec29f53b02,103fcba5-5588-45a5-9fe0-6ac948d3860e,2024-02-23T10:16,3,82.35,Card,Cancelled
38acc855-18a4-4009-b085-43ad5a0754f6,52c87fd9-fdf0-4256-b929-6153ad24a0ac,2024-10-24T10:16,8,58.32,Online,Cancelled
04769571-fcd5-4fbf-8f2b-9f8b8c3e0bde,6e551d53-4f6d-4b84-a9de-3d7c79694805,2024-11-24T10:16,3,40.56,Online,Completed
98ede952-0492-420e-80f5-127bf116bea1,b3688304-b24b-416a-9bf4-c2b6aaeb59d3,2024-09-08T10:16,1,15.16,Cash,Pending
dc619359-95e1-463a-bbfd-f43eb62fa1b9,25659c0e-6eb5-4c57-add8-fb6ac5f42699,2024-07-14T10:16,7,173.88,Card,Pending
06312572-fce2-4af7-bcf8-93352a1591e4,62a2bfef-ca4a-4dec-90ea-bf15ea1880d2,2025-09-24T10:16,3,81.33,Cash,Completed
905c5bd9-bc66-44c6-bb57-358e4d211466,5f0f3def-9ff6-4282-ad04-001c4a769966,2024-09-29T10:16,4,41.60,Card,Pending
96446fa6-ee23-4981-961a-7a78faf44c73,14eace30-1ac2-411e-8eef-98e8f32a87fb,2024-03-16T10:16,6,120.42,Cash,Cancelled
82cfc64d-8e0a-4858-9722-922294c50405,8f7f530b-bb30-4a05-b437-744ed30af54f,2024-07-09T10:16,5,29.95,Cash,Completed
2784b183-5064-4683-9d68-3419c5d83037,06e585f0-5b60-4900-81d1-3379328e6c17,2025-09-07T10:16,9,171.63,Online,Pending
227300b0-bb0f-4099-899a-b11e9e863cfb,6945f6f4-b8f9-4d04-90ff-e59ed705578e,2024-10-25T10:16,3,19.92,Card,Cancelled
c551548a-c6e9-4f1f-94ce-6ad39cbc44de,67c276b0-7be6-4f3c-bf86-c342095c8112,2025-04-28T10:16,6,114.36,Cash,Completed
5b62de52-4f84-455f-ac12-6be225348d42,bb6bf39c-f455-4e08-a59e-1bdaaa91d4aa,2024-08-29T10:16,7,207.83,Cash,Completed
81671c7c-520c-4732-b936-701647e314c7,ef7fad1f-a86f-4ee1-95b4-ce1f339f0fa5,2024-03-06T10:16,8,120.56,Cash,Pending
1d6f47e8-89a1-4c6a-baa3-decd99a78407,69446e90-4237-4410-ab55-e011eb04cce0,2025-08-07T10:16,5,114.20,Online,Cancelled
e0b5e1b2-ae05-4aba-99a3-985491e502b7,205ea7f7-e714-45b8-a083-11247ff702a1,2025-04-10T10:16,1,19.18,Card,Cancelled
e2734cff-32be-4065-a10b-ba3d709745d1,52c87fd9-fdf0-4256-b929-6153ad24a0ac,2025-09-29T10:16,7,86.59,Card,Cancelled
d580554c-9665-4272-ba61-81947eb2a3cf,d5eaf6a7-76cc-48ec-98d9-ba713e2df70f,2025-07-23T10:16,8,238.16,Card,Cancelled
e27880ff-a2d8-44ac-87c1-910e972485dd,93cdeef1-3fc3-4a63-a275-0ae87ae6b335,2024-01-07T10:16,7,190.12,Online,Completed
0770750d-77c9-46a5-90dd-9124edbcdd80,4b14a58c-f1e4-40b6-888d-a88cd7055099,2024-06-24T10:16,4,87.84,Card,Pending
2faf6432-6e5a-4eec-bd41-6ddb6db74833,d33bbfcd-a2ca-4e80-8a1c-65223f061e7e,2024-08-01T10:16,8,169.92,Card,Pending
bff6b6a3-022f-4e09-8248-5dcfef57f33a,69446e90-4237-4410-ab55-e011eb04cce0,2025-08-11T10:16,5,120.00,Online,Cancelled
7377425e-f2c8-4010-960b-8c6dd0aedb38,c1a09d60-c9e8-4489-a68e-e01b51541d33,2025-09-24T10:16,2,10.98,Card,Pending
8480591f-3b6f-448e-903a-4e56e4a47bb8,39cb44e2-a541-4b98-bc0b-db5f31cf8710,2024-12-27T10:16,6,70.68,Cash,Completed
7159e88a-a25a-4c28-9178-ebfdefe7c639,c3ffc43c-0c11-40fa-9824-f234161741d0,2025-01-14T10:16,2,46.74,Cash,Completed
77f562cc-40f2-4493-8e93-106a13466574,d7af10ce-45c9-4fc8-8dd8-b1c5491aad5f,2024-01-29T10:16,1,5.76,Card,Completed
c2c0e69d-0118-4599-be83-5eeb22d1d7d1,77ca464a-fe0d-4dcc-8f08-3eb2f7b64f76,2023-12-20T10:16,2,28.28,Cash,Completed
288b84d6-e4d5-4e53-9b3d-adf2fdec04b1,1407e9cf-22c9-4137-a2fe-cc12dc038235,2024-02-26T10:16,7,70.00,Cash,Pending
ba9c23d4-c447-46c3-9bd8-a21eecf7b4f6,8113211c-bdc3-4bb0-94d9-3fd3871f3005,2023-12-17T10:16,9,258.93,Online,Pending
1e92c522-ac99-4f66-9ad7-000a7e174d76,5d6f84a5-a4de-442e-99b9-b8ef714b4436,2024-01-09T10:16,7,202.51,Card,Pending
49e8b5d8-a112-4293-8d42-e9aa4783620e,500fde18-ea61-4380-9ea4-f06d09985870,2025-01-20T10:16,4,51.00,Cash,Completed
7abb58bb-3afc-4e30-b1e0-edb3cd2773a5,3ab3404a-ee80-4ed2-8d90-a6f0dad14e48,2024-06-13T10:16,4,27.24,Card,Cancelled
753776ee-6611-4bc1-bbbc-103c4d7249b8,56a75a3e-a944-4147-8cba-f1024726993f,2023-12-20T10:16,9,160.83,Cash,Completed
7cea241d-441a-4054-9671-ba6add34ac58,0dd437d0-74fa-43c3-8909-5c955e4d47dd,2025-10-29T10:16,5,61.40,Online,Completed
0d4373e9-95c8-4e9d-8678-a1947bc23f0b,726d71e2-70fd-4416-8568-78619c14a73a,2025-09-03T10:16,2,59.34,Online,Completed
f87f9bbd-38ee-4eb8-a940-317c96e3eeac,ceafdb2a-788d-48e0-acdd-bd533a2e7ab6,2025-05-19T10:16,9,240.57,Card,Cancelled
353fff1c-9a38-44ce-ba69-c7b5dd4ef833,d33bbfcd-a2ca-4e80-8a1c-65223f061e7e,2025-05-20T10:16,5,49.05,Online,Pending
e4db82e3-0070-4ae1-87ab-76718f14baca,e38afcd9-9e08-47ba-bc92-5ebb4bc271eb,2024-12-22T10:16,7,126.00,Card,Pending
f155da29-f6dd-45a8-b131-1a101725cbd4,c1a09d60-c9e8-4489-a68e-e01b51541d33,2024-02-21T10:16,5,31.55,Cash,Pending
0e8db433-a9cd-4871-8594-d5fb60af3ce3,4739f27f-7a96-4d52-83ae-0c6fd4c8c606,2025-03-01T10:16,4,36.76,Online,Completed
386940fb-a246-4a26-9d82-ee566f913414,56a75a3e-a944-4147-8cba-f1024726993f,2024-05-13T10:16,3,80.88,Online,Completed
4478a811-9f9b-4907-b930-32601d69ef96,e119f98a-df63-41dc-8e01-bb49ca2dc724,2023-11-25T10:16,9,98.19,Online,Cancelled
086138e6-0280-4167-a74a-60c788ce71e0,ecf1ffb0-ac00-4968-87ea-8beef4ace55a,2025-03-27T10:16,3,57.48,Card,Cancelled
e2253ce4-a2d3-4220-8cca-652495f32c06,99c406e7-092b-4eeb-bc08-56fc041c253d,2025-04-07T10:16,9,201.87,Online,Pending
bdf090e4-cb9b-4203-ad92-cb0e2cda945b,428424b7-1f94-496a-8b7a-497ce177d32c,2025-10-02T10:16,1,10.02,Card,Cancelled
14fe277d-5fb9-420e-b2b7-7764ae1ab2e7,0b2a0e9a-e050-4380-b607-57adcbbf59d4,2025-10-01T10:16,9,207.81,Online,Cancelled
0688e195-6a6e-4b2a-a68a-cfd473727fb8,56a75a3e-a944-4147-8cba-f1024726993f,2023-12-27T10:16,7,138.81,Cash,Pending
189ae752-8659-4f8b-8d1a-bf0c53b0325d,ec3490d2-e8da-47ee-ae12-0ca0b1d7a2bb,2024-03-21T10:16,1,7.88,Online,Cancelled
37896c1d-eb92-48b1-b066-7ba87858db67,5400d214-6176-40bf-88d2-3f53ed38bf69,2025-03-13T10:16,4,45.04,Card,Completed
3d785754-6dc8-49c9-873d-8d6792e534ab,209e786b-2a61-4e52-a3b2-1cc98bcbf18c,2024-03-20T10:16,7,84.70,Cash,Completed
73163f64-d507-4433-9685-460e1724c35a,ef7fad1f-a86f-4ee1-95b4-ce1f339f0fa5,2025-03-22T10:16,8,155.76,Cash,Pending
ce96290b-5b01-4141-b0dc-5721688372eb,7a18d550-38d0-40b2-84a7-547162e7e409,2025-05-11T10:16,3,34.98,Cash,Cancelled
fe7c8878-d732-4588-a5d5-78cd6149af08,e7991221-0de0-4ef8-aa9c-ca3b59197059,2024-10-18T10:16,6,157.38,Cash,Completed
13c1d82d-420f-47b5-a58f-3ddd40e01d57,9305d562-2505-493d-8ed8-3fb721c8f491,2025-07-23T10:16,6,124.56,Card,Pending
4b73d946-2ee3-45d9-a711-644dd10ccc18,c9dcc28a-ae5f-477c-ae7e-72d94129f449,2024-06-24T10:16,6,31.32,Card,Cancelled
09c26781-3db8-41d1-955e-78f3f4c2a940,73a2b03c-2dca-486e-8ebc-c4d6bb68a8c6,2025-05-24T10:16,8,219.36,Card,Pending
06cc159c-baf7-4f53-b4c0-a81a27310e29,53db1213-7316-47bb-9099-c1def0e3c96b,2024-08-15T10:16,1,20.98,Cash,Completed
bb020456-74c1-4964-ac8f-f0b8b9fdf95e,52fbb114-83aa-432d-b2f1-f3e37a5c4754,2024-10-11T10:16,5,65.15,Card,Pending
416bbc64-4dbf-4e3f-9c0a-89cc2ecdcfd9,90f0db1e-2b19-43f7-ba17-233c7c214eca,2025-10-22T10:16,3,85.26,Online,Pending
a3e6a956-591e-4a35-b2f2-93b5b89203a3,52f5634d-de98-4543-8a1e-cbf1e2d0242f,2024-06-01T10:16,3,63.72,Cash,Pending
c24da830-9741-468f-a076-9d68fd57743e,e38afcd9-9e08-47ba-bc92-5ebb4bc271eb,2024-04-13T10:16,9,236.25,Online,Pending
9160c379-599a-4f2b-8642-0556e3c05b73,795088d7-d227-422e-ad8c-f048bde0675e,2025-05-17T10:16,3,31.59,Online,Pending
472908b3-d968-4f63-a44c-4c2ec4434b8f,caca465c-e9f2-4add-91b5-24c70595e321,2024-03-08T10:16,4,117.80,Card,Completed
2b9261a6-b913-4c55-8275-e2b531c90242,4bb2d776-14c0-4ef6-b8ba-c580cbed72b8,2023-12-14T10:16,6,57.72,Cash,Cancelled
e9da20eb-75f6-4f78-8a3a-c7495af34f34,92da274a-bea2-490a-bb52-196c46fa8487,2025-09-20T10:16,8,89.52,Cash,Pending
2db3ff08-8e1e-4744-966d-dce95be9ce94,e12c3d24-86c8-474f-b86b-370df36adbfe,2024-07-23T10:16,5,148.55,Online,Pending
dd8a0852-5d80-4bb9-9193-87aa2fbd9668,52c87fd9-fdf0-4256-b929-6153ad24a0ac,2025-02-13T10:16,3,37.50,Cash,Cancelled
9063680d-3a39-4e08-b65f-e462536f9057,6aaabc79-3d35-410f-bb96-f86a3930d0ff,2024-12-24T10:16,3,58.38,Card,Completed
53c13880-3240-4b90-88b1-d22a7668d9ac,0dd437d0-74fa-43c3-8909-5c955e4d47dd,2024-05-15T10:16,5,75.80,Cash,Cancelled
d6fc731b-2bf3-42ac-a0bb-0748d6357c52,e85d0261-2d97-4475-a749-363ec9040a74,2025-08-21T10:16,8,182.88,Cash,Pending
80add518-fd21-4792-a78b-5c8ce97676c5,90f0db1e-2b19-43f7-ba17-233c7c214eca,2024-10-12T10:16,4,49.08,Cash,Cancelled
25c47c07-3aa1-4b58-9702-ed57bcdc068a,10b26c2d-7d56-4175-84a8-a2775e128a9d,2024-02-21T10:16,3,60.84,Card,Cancelled
c0b9794c-5da8-41b1-97ea-611f7df48a8a,d5cfb1a3-ce2f-4aff-ab4c-50e0c5426af1,2024-04-02T10:16,3,59.82,Online,Cancelled
f879ba86-d747-4222-8fcc-6d4c2e9fd372,36b880b0-e9bd-4c0b-8f1c-32018f6c758a,2025-05-03T10:16,6,157.56,Card,Cancelled
04e27485-8670-449c-af0d-b0c08402b89e,8b115a34-224b-453c-be69-b53a7445b466,2025-04-08T10:16,5,83.20,Cash,Cancelled
d347127f-ed6b-4e3f-ab6c-92b432e8d0a6,59827b2a-ae17-44b1-bd6f-6f08718559cb,2024-03-24T10:16,6,128.76,Online,Cancelled
d0b81ea5-b7f9-409b-b92d-781def524f26,5f6e51da-5f01-4c9a-85dd-7d50ef37e5d7,2024-10-22T10:16,9,252.09,Card,Completed
ef814404-d831-4adf-b5ad-20112ef06354,824998a2-7592-4051-ab0b-d5e12743c93b,2023-12-29T10:16,3,22.11,Card,Completed
c5eff8d6-460c-4a00-92fc-5902ef6e0203,e38afcd9-9e08-47ba-bc92-5ebb4bc271eb,2024-03-23T10:16,2,58.86,Cash,Completed
716cbffb-71a6-400b-bc8b-45ab7cd34063,0130fcd4-a6cf-4a72-8400-7bcae1abce34,2024-02-18T10:16,9,114.75,Online,Completed
a2e279ca-2c4d-44e6-9cb0-93a14eb99609,02c65c06-56ad-4670-b8e2-10ab417c7154,2024-09-11T10:16,2,39.36,Card,Cancelled
0a6f4995-ec5e-4ed4-a740-fe57a283a141,8887df7e-682b-4d48-b18c-c1ddfa0aaa26,2024-05-28T10:16,4,109.64,Cash,Pending
130dc22c-4e56-40d0-a145-d3d43a0b8d2a,103fcba5-5588-45a5-9fe0-6ac948d3860e,2025-07-11T10:16,6,156.12,Card,Completed
ad64d677-e5ab-4aaf-b93d-89cad12115a1,10b26c2d-7d56-4175-84a8-a2775e128a9d,2024-02-06T10:16,3,49.11,Cash,Cancelled
b0f3e3c2-7138-4361-a18b-b5a7c2014ae2,d33bbfcd-a2ca-4e80-8a1c-65223f061e7e,2024-03-08T10:16,5,128.05,Online,Completed
cb6dc471-7c03-4a20-a864-b991282f0b8b,0a5bd884-b432-4ce5-b14e-44b4aedd4c0f,2024-10-14T10:16,1,26.89,Online,Pending
1f386d11-cbbe-4062-8962-07ca1d0150d9,ef7fad1f-a86f-4ee1-95b4-ce1f339f0fa5,2025-09-20T10:16,5,128.75,Card,Pending
8917c6fa-320c-424d-9280-8cd664a2c09f,74e76582-f1b8-4560-b049-8aebb59d4721,2023-11-21T10:16,6,152.58,Cash,Pending
0d8be8b4-76fa-4172-90cb-1b7a5bf644a4,ada8704c-2784-4d70-84da-10078407d2c8,2025-07-21T10:16,2,46.76,Cash,Completed
d29566b2-3b10-489f-97dd-8f4b5fa4716c,726d71e2-70fd-4416-8568-78619c14a73a,2024-01-08T10:16,3,71.82,Cash,Cancelled
132a266f-3b55-4d53-bd24-01b9a336ab01,67c276b0-7be6-4f3c-bf86-c342095c8112,2025-06-20T10:16,1,15.84,Card,Pending
6de642fc-3ad8-48d9-94ba-52c5f027ba12,2ca088cd-c6c6-4e60-a1a4-d2990ee21b12,2025-07-14T10:16,8,68.16,Online,Cancelled
8e152936-18de-42cd-baa1-3fc241ecdbd0,06e585f0-5b60-4900-81d1-3379328e6c17,2025-09-21T10:16,7,151.41,Card,Cancelled
380418d3-1823-4d1e-8dc0-c029cbb0a44e,11526850-7335-463f-b740-a52a90457c3b,2025-02-02T10:16,4,44.00,Online,Pending
d658906a-b2a3-4ac2-863b-4711e07b4542,39cb44e2-a541-4b98-bc0b-db5f31cf8710,2025-01-11T10:16,3,44.70,Online,Pending
0c1d4f87-a8b1-40c2-b11c-e9c2dea910d3,67c276b0-7be6-4f3c-bf86-c342095c8112,2024-11-23T10:16,2,38.96,Card,Pending
2c397419-7539-430e-a835-059d374aaae1,e119f98a-df63-41dc-8e01-bb49ca2dc724,2023-11-16T10:16,3,46.92,Card,Completed
d961f4a1-e268-4e69-bfb8-7d034a339b9f,90f0db1e-2b19-43f7-ba17-233c7c214eca,2025-08-21T10:16,6,113.10,Card,Pending
1e879845-9373-4d06-bad4-6e9810442c44,e12c3d24-86c8-474f-b86b-370df36adbfe,2025-10-04T10:16,3,28.62,Cash,Completed
5d75b3ba-f8e3-4c41-a1b8-3e5059d90dc0,8626238e-5813-415a-9a8c-db944b1e0269,2024-07-18T10:16,9,66.60,Card,Pending
47cc97db-2180-47d7-af0c-96445e1e52d7,726d71e2-70fd-4416-8568-78619c14a73a,2025-08-01T10:16,3,79.89,Online,Completed
038755ab-91cb-4c8f-aa4c-afd0fb31f895,5f0f3def-9ff6-4282-ad04-001c4a769966,2025-07-25T10:16,6,163.74,Online,Completed
f8d52a25-88d9-4d78-99a4-cd6543977753,fe624323-ba72-456d-9842-ed9e0edc75df,2024-04-04T10:16,3,33.78,Online,Pending
d87e2c26-f429-4d03-9c0f-032dc771ac06,98b17fed-218c-4f20-8410-9f0edfc74455,2024-10-16T10:16,4,102.20,Card,Cancelled
5e001a78-c4e3-47d9-a20f-72b06c962c7e,953417c6-cd52-45e9-9ca0-bb450653c934,2025-11-10T10:16,5,55.35,Cash,Completed
1a405a0f-62ba-4b0c-a5bf-361b5d870431,983d66ae-c8b0-46b8-8abc-26a1055cf729,2025-02-03T10:16,8,120.88,Cash,Completed
0a9680e5-7cab-4ab6-b19b-4f6445685961,6aaabc79-3d35-410f-bb96-f86a3930d0ff,2025-11-09T10:16,1,24.96,Card,Pending
ae592ac3-97f4-460e-9055-bb6049711aeb,6b1178fc-1745-401d-88da-3903c243ebe9,2025-05-27T10:16,9,137.16,Online,Pending
70d1b020-fa8d-4b20-affa-87458473d854,e7991221-0de0-4ef8-aa9c-ca3b59197059,2025-08-11T10:16,4,29.00,Cash,Completed
84db1c31-18f6-4daf-8197-ed73f691829e,52c87fd9-fdf0-4256-b929-6153ad24a0ac,2024-11-12T10:16,3,33.39,Cash,Cancelled
32a830c7-9c6a-40cc-afed-f8a0b6d3c3f2,46032f36-69bc-465a-9b33-a5d560bfd77a,2024-03-26T10:16,9,177.66,Online,Cancelled
f6d5a0c9-5ef6-4e6e-9fe0-03dd6e33967b,71f17b36-2c37-4cfa-bf8a-894fa94c0e9b,2024-04-24T10:16,8,116.64,Online,Completed
b7bfc26b-20cf-4ea6-85db-734e42dcf234,6aaabc79-3d35-410f-bb96-f86a3930d0ff,2023-12-01T10:16,7,116.90,Online,Completed
3bf25c25-2c06-450b-879b-cec7ba6fddc8,6bd388d4-5636-450b-bacd-55bdcb769bab,2025-10-07T10:16,8,110.56,Card,Cancelled
692a32a9-a5f1-4a32-9fe4-5f495c22fc14,52c87fd9-fdf0-4256-b929-6153ad24a0ac,2025-02-26T10:16,9,190.98,Cash,Completed
d83ef840-1874-49b3-81a6-a6a4c4a5d6e5,c3ffc43c-0c11-40fa-9824-f234161741d0,2025-09-20T10:16,3,61.92,Cash,Completed
bb4a5436-2754-457e-ae5f-e508413fe312,7d2df59f-386d-4aec-85a8-2443262a0cb4,2024-05-05T10:16,6,161.76,Online,Completed
30e4c8b6-d55f-419a-a254-dc25ed6a9ccc,aff4340c-d102-49ba-af8e-84d2737ce82c,2024-10-05T10:16,7,207.13,Card,Pending
6f808def-760a-4ac5-a67b-011cf9fdaede,d33bbfcd-a2ca-4e80-8a1c-65223f061e7e,2024-06-11T10:16,5,134.25,Card,Completed
60ab535d-d347-4add-897a-388c827f19f9,4e6807ca-aed8-4ec9-b1b0-0e3aba57efb1,2024-05-02T10:16,6,75.30,Cash,Completed
d3be4de6-0a1d-4f7b-8be0-242409878b6e,9305d562-2505-493d-8ed8-3fb721c8f491,2025-03-26T10:16,6,111.18,Card,Completed
87b3925f-16f7-4e10-9311-f91485ac8a00,000f9c8f-2fc7-4346-844d-c04f10751265,2025-02-28T10:16,1,24.18,Cash,Pending
7464f425-c639-45c8-a726-4169d458c5d3,6b1178fc-1745-401d-88da-3903c243ebe9,2024-09-02T10:16,7,116.13,Cash,Pending
d62dd1de-492b-4195-93a6-a60b12bf7723,e6e1db85-f8ba-4264-9c9a-520ecda4bc4c,2024-01-26T10:16,3,38.61,Online,Pending
45227d0d-b162-4c6b-aa80-d42dee79f0b1,6117b6f0-c4f4-4bf1-9eeb-f33950decba8,2025-10-05T10:16,7,60.62,Online,Cancelled
7c66fb28-d8a7-4a61-a99b-acef2c221b39,000f9c8f-2fc7-4346-844d-c04f10751265,2025-11-02T10:16,6,100.44,Online,Cancelled
55e22627-44e3-4ea3-8558-fcacd33c73f4,2a109685-1399-4149-8951-fba29bb0360d,2025-09-13T10:16,6,90.00,Cash,Cancelled
52695e3c-e9ee-4937-9dd0-a24e41dbde56,6945f6f4-b8f9-4d04-90ff-e59ed705578e,2024-12-17T10:16,2,34.70,Cash,Cancelled
410b8cdf-f67d-4c99-85c5-c9d1598d8a6d,49af098b-bf79-4643-8e49-739ea932d38b,2023-11-23T10:16,8,180.08,Cash,Pending
70c6a272-ee66-4315-a24f-303d1865a6b1,ec3490d2-e8da-47ee-ae12-0ca0b1d7a2bb,2025-01-23T10:16,2,18.96,Online,Pending
bea643db-3f3d-497c-b7ea-de5a9bd05d42,10b26c2d-7d56-4175-84a8-a2775e128a9d,2025-01-03T10:16,1,29.19,Online,Cancelled
07aae781-fdda-41dc-8f9e-b6a8d651fce8,06e585f0-5b60-4900-81d1-3379328e6c17,2025-08-16T10:16,5,42.15,Online,Pending
558e9921-cec0-4eb9-a168-645ab327218f,80537cf2-360f-4740-8b7e-d4cd56e22987,2025-01-27T10:16,8,105.44,Card,Pending
2c6b660d-681a-4507-87cb-22f74e005b85,cf65c4b6-4c1c-420b-95de-23e5b56ffad5,2024-08-18T10:16,7,52.43,Online,Pending
ae61dba5-481b-4be1-994c-7d62304da6af,69446e90-4237-4410-ab55-e011eb04cce0,2025-05-09T10:16,7,89.25,Cash,Pending
70142a20-e081-4b60-93ea-65bf2e73c8b1,515fe1d2-d33a-4b9d-8c19-07e0cbe81a9a,2024-07-16T10:16,7,161.98,Online,Pending
c2c63578-fc28-44d2-980a-f7c47fdf03d5,49af098b-bf79-4643-8e49-739ea932d38b,2024-08-12T10:16,9,84.06,Card,Cancelled
52a23a6a-80d3-4d62-bd14-e1d02c0a19b1,103fcba5-5588-45a5-9fe0-6ac948d3860e,2024-01-14T10:16,8,43.76,Cash,Completed
9a90f30e-7cea-43ab-93a5-8d46d04214ef,7d2df59f-386d-4aec-85a8-2443262a0cb4,2024-04-09T10:16,3,69.69,Online,Completed
4a8ef6be-ffeb-42a3-836c-e68201e5e5c3,b0d737cd-ec4b-4a88-aa81-d012ef3fb719,2025-09-26T10:16,5,148.45,Cash,Pending
33437402-1d33-4799-9d4c-d84417fd9ca5,a3f626b9-cc27-4c04-8570-be79ab8bda4a,2025-09-17T10:16,4,50.60,Online,Completed
190542a2-95ab-4b1b-85e0-92df74725266,dcfb3d05-846d-4915-99f3-ebbc7559d972,2024-02-17T10:16,5,67.00,Card,Cancelled
fe2cb6e0-8e0a-41f5-b213-27d412594d54,7a2e5fa5-096b-4701-8ce6-7a3db39bf8eb,2025-08-05T10:16,5,106.05,Online,Completed
d77cd0b4-8720-479b-bc71-82e330177a35,0a570207-0f70-467f-bbeb-44a0a60a9a25,2025-10-11T10:16,4,52.20,Cash,Pending
750cbcb6-8719-426c-a070-42254309350c,c9dcc28a-ae5f-477c-ae7e-72d94129f449,2024-06-27T10:16,6,54.84,Cash,Pending
730915f4-a391-4a47-adc9-083f26fe59b6,a190f67b-21df-46bc-8164-46bdfa00af85,2024-06-20T10:16,6,150.36,Online,Completed
74492bf9-a5e2-483f-9dff-4e49b832a0a4,e12c3d24-86c8-474f-b86b-370df36adbfe,2023-12-29T10:16,3,71.46,Card,Completed
d6191cc8-3428-490b-9c99-8461c02195b2,59827b2a-ae17-44b1-bd6f-6f08718559cb,2024-06-23T10:16,8,157.20,Cash,Pending
6551ccf7-eb2a-41c3-9db9-f568eeafcac0,1d32c3b3-c732-4995-aa6b-ff159deb3bdf,2024-03-16T10:16,9,248.22,Cash,Completed
bf6760f6-5286-4b93-9206-000ea1804003,b3688304-b24b-416a-9bf4-c2b6aaeb59d3,2025-05-21T10:16,7,196.70,Cash,Cancelled
5ceb99af-3b9d-4dcd-8dcf-f81e9a8b738b,02c65c06-56ad-4670-b8e2-10ab417c7154,2024-01-22T10:16,8,165.36,Online,Pending
07e94cea-faa5-46f5-aa79-e7fb05f2144e,7a18d550-38d0-40b2-84a7-547162e7e409,2025-04-28T10:16,2,40.20,Cash,Cancelled
e5d33169-3719-4126-ab0b-0cc55460a941,d5cfb1a3-ce2f-4aff-ab4c-50e0c5426af1,2025-09-11T10:16,1,16.63,Cash,Completed
b9ad085a-be9a-4554-8315-910f3927dc9c,b95f7619-fab2-4df9-8683-1f2aeb93a660,2024-08-24T10:16,9,46.35,Online,Cancelled
cd647821-32c6-4afa-8317-fd4a53027cb0,cd50913f-8c99-4253-9134-0cf5fe5f300f,2024-03-07T10:16,6,103.74,Online,Completed
a8619c53-1093-4645-ad94-d004eecfaa11,0a0ac3e5-6e20-4fbc-87ec-5481c70e38bc,2025-03-24T10:16,4,68.64,Card,Cancelled
9e1c66a6-59f5-4a2c-ac82-f4a7b9d6582f,e6e1db85-f8ba-4264-9c9a-520ecda4bc4c,2024-02-05T10:16,6,102.72,Card,Cancelled
a6a6e77d-5134-4e76-b8af-8ac357d57f3b,3befa4dc-d961-4a3a-9410-d43d1bdaa335,2024-12-17T10:16,6,129.78,Cash,Completed
78894029-ce1d-4a3e-9795-fbce8b948a53,3ab3404a-ee80-4ed2-8d90-a6f0dad14e48,2025-06-28T10:16,4,49.96,Card,Completed
8d1df3de-053e-4ae0-ae87-1f9410c868fc,00d7ae70-0f46-4453-963c-4ab2a3d29314,2025-04-10T10:16,5,146.65,Card,Cancelled
ea25f159-e297-4262-83a9-398d5b2ad17b,77ca464a-fe0d-4dcc-8f08-3eb2f7b64f76,2024-02-16T10:16,8,200.16,Online,Cancelled
e48d38ea-cfbd-4cc3-960c-9ba54eec18f8,795088d7-d227-422e-ad8c-f048bde0675e,2024-12-10T10:16,4,33.80,Online,Pending
29bad311-7483-444f-b2e1-13634b989cee,0a5a9fc7-e126-48f0-99aa-dea85c606f66,2025-09-17T10:16,3,23.91,Card,Pending
bf4b1849-bf02-4728-bc91-5a163718aacd,56a75a3e-a944-4147-8cba-f1024726993f,2024-04-05T10:16,4,114.56,Card,Completed
2230605b-c32a-4ca4-ae02-35279cce1ecd,5d6f84a5-a4de-442e-99b9-b8ef714b4436,2025-03-08T10:16,9,115.83,Cash,Pending
b7e1bf9c-df23-4009-bbfa-c3bae8606725,7d2df59f-386d-4aec-85a8-2443262a0cb4,2025-09-12T10:16,1,6.25,Cash,Completed
d07283b3-5fe0-42de-9526-d4e625a99ac5,7a18d550-38d0-40b2-84a7-547162e7e409,2024-08-20T10:16,2,27.64,Card,Cancelled
09487928-c93e-4e77-9fda-3b41f8730c54,bfa3444b-2be9-46be-b944-720d86a59770,2024-03-07T10:16,2,50.42,Online,Cancelled
cd429f1f-72ac-40b3-b0eb-232126630540,8113211c-bdc3-4bb0-94d9-3fd3871f3005,2025-05-26T10:16,5,38.90,Online,Cancelled
6e89ccce-48a4-45c9-b00f-9a3f25918182,7d2df59f-386d-4aec-85a8-2443262a0cb4,2024-10-21T10:16,5,74.75,Card,Completed
24d77933-d225-460f-aca7-fe93247d56c3,ceafdb2a-788d-48e0-acdd-bd533a2e7ab6,2024-11-17T10:16,4,119.36,Cash,Pending
b92250ce-8ec0-48d9-bbbd-4054ad2a84b2,365c90d0-a590-4209-9401-2ce55af5ed98,2025-06-11T10:16,4,57.92,Card,Cancelled
4ba6a452-5635-49c9-afe6-1e5347642f70,8250871a-2b35-424e-a1a1-4eb4faffabfb,2023-12-04T10:16,7,127.68,Online,Completed
bdaca3ee-4da1-4b67-9807-906936f6f5a1,53db1213-7316-47bb-9099-c1def0e3c96b,2024-12-30T10:16,5,39.60,Cash,Pending
5d3ee738-8cde-4882-b644-e188708ae766,90f0db1e-2b19-43f7-ba17-233c7c214eca,2024-09-08T10:16,4,87.16,Card,Completed
a3baa9a1-7636-43b8-a21d-4ab0d24a0488,1d32c3b3-c732-4995-aa6b-ff159deb3bdf,2023-12-11T10:16,8,228.72,Card,Pending
d3ed8f06-ab69-41bb-8c4b-9afe0667c00e,8f7f530b-bb30-4a05-b437-744ed30af54f,2025-06-10T10:16,6,122.94,Online,Cancelled
93972196-5337-49f3-9f74-19003a9e2be6,7a2e5fa5-096b-4701-8ce6-7a3db39bf8eb,2025-07-11T10:16,5,122.05,Card,Pending
10ec6b05-4dbe-4f78-9f2f-0468a8c9ffd7,d3f641e5-b8b5-4f5f-9155-7768df2033e8,2024-01-29T10:16,7,93.94,Cash,Cancelled
75165fcc-ffd8-432c-a40c-bc1df4f3de6d,205ea7f7-e714-45b8-a083-11247ff702a1,2024-08-02T10:16,9,111.06,Cash,Cancelled
0bb319f1-8c9f-4fba-8465-717425197028,d33bbfcd-a2ca-4e80-8a1c-65223f061e7e,2025-04-29T10:16,3,21.45,Online,Cancelled
f9691d26-3107-459b-a60d-e24115f3553c,0472ca7f-b133-4710-8f43-24a3c6c1afd1,2025-04-10T10:16,6,33.60,Cash,Completed
5628cb57-4729-4975-9936-0050be1acad5,d3f641e5-b8b5-4f5f-9155-7768df2033e8,2025-03-06T10:16,9,225.36,Card,Cancelled
b8d5e6f9-6253-4eb5-8033-7098ac449472,49af098b-bf79-4643-8e49-739ea932d38b,2024-07-16T10:16,1,15.71,Card,Completed
3cb54f7f-687b-4d6d-90df-5571af099992,7169ef0c-f2c8-4ae3-83f6-87691664d2d2,2025-07-24T10:16,4,28.56,Online,Cancelled
9f7bc88a-b11f-4a88-9926-2d4fbb3e8982,1233cc27-7567-48e0-8dd2-6b0019506c2f,2025-06-03T10:16,5,87.90,Cash,Pending
5798206e-15b3-4f52-95b4-ab6cdb7391a5,68169a66-a8d4-4763-914e-7befc826445b,2024-02-16T10:16,8,78.00,Online,Completed
b057b98e-fecb-400f-a11d-05037cf0dbd4,365c90d0-a590-4209-9401-2ce55af5ed98,2025-08-01T10:16,7,133.42,Card,Completed
0b28f9a3-10df-4b81-8c9b-ef866633ac47,6c3bf618-a715-40f9-9faa-cfc5f5beef2f,2023-12-27T10:16,6,139.74,Card,Pending
2c37d577-90d3-41ac-a11a-313b67144304,428424b7-1f94-496a-8b7a-497ce177d32c,2025-03-14T10:16,7,47.25,Online,Cancelled
0bf69720-d78f-4864-b41e-6c157c41cf93,2ca088cd-c6c6-4e60-a1a4-d2990ee21b12,2025-07-19T10:16,3,38.49,Online,Pending
1b76b0c1-59cd-426a-89b7-506879f81572,80537cf2-360f-4740-8b7e-d4cd56e22987,2025-03-30T10:16,2,38.72,Cash,Pending
aa0e816c-d023-4d4c-8366-22ae6062151d,8887df7e-682b-4d48-b18c-c1ddfa0aaa26,2025-08-09T10:16,2,48.26,Online,Cancelled
460ab9d6-4c50-4aea-bb77-56103c3dd3f4,9fa382f0-8393-48db-ad30-43c953282401,2024-07-15T10:16,3,45.87,Cash,Completed
1f433476-89e2-4c9b-826a-1fa17144da13,5eb75bc0-d5fa-4209-9d42-7767f3f0585b,2025-02-13T10:16,8,186.48,Online,Cancelled
89c9016b-a9d9-4a2f-b8b4-31356d1bdb42,e85d0261-2d97-4475-a749-363ec9040a74,2025-01-01T10:16,2,47.38,Cash,Completed
50dc91dd-e2c2-4e0f-83a1-78f1177c0995,8626238e-5813-415a-9a8c-db944b1e0269,2024-05-12T10:16,9,262.08,Card,Completed
fe85be39-9e78-4785-b387-f921cf883f34,0b2a0e9a-e050-4380-b607-57adcbbf59d4,2024-11-20T10:16,2,20.26,Card,Completed
2c8e9ccb-ddd2-4867-a78b-d1cbb6028003,ba5d9947-b043-4aca-8ee0-6b77895cf8e8,2025-10-08T10:16,2,33.34,Card,Completed
dfac4497-a6a2-430a-90b4-35ebef38b05b,0d463f72-c3a1-4a2b-8d0d-1721a0d1a06b,2025-09-30T10:16,3,82.86,Cash,Completed
697cb0a3-65fa-45c0-a279-073d6b2c2451,e85d0261-2d97-4475-a749-363ec9040a74,2025-10-10T10:16,1,18.31,Card,Pending
dd023876-218d-4c98-ae4a-3dd1b87a99e2,c5817fdc-a4dc-4879-b957-30cfda62016b,2023-12-30T10:16,2,11.50,Online,Cancelled
5ca2228a-84d7-4b63-b5ec-0976135e0c1f,bfa3444b-2be9-46be-b944-720d86a59770,2025-04-19T10:16,8,46.40,Online,Cancelled
a053ecb2-afec-4040-985f-160571bfa56c,09ba4183-1b94-4f8c-bc5f-eca421a88524,2025-05-29T10:16,5,132.00,Online,Completed
d08e7252-5cce-403e-903f-dffa7965d4b4,89d26a00-0fde-4c03-8430-b06f6bc3f33a,2025-04-13T10:16,2,14.20,Online,Cancelled
2afa5396-65ef-4a0c-bc74-a628aae62713,1d32c3b3-c732-4995-aa6b-ff159deb3bdf,2024-09-03T10:16,2,35.70,Card,Completed
b3c430d6-3218-4b07-918a-bc6c8f682d29,9c53f3f8-5b22-4d77-bd76-cfa6c70e443c,2024-04-06T10:16,3,46.08,Card,Pending
71e20b93-373a-42a3-b83c-13d1de326c1a,25659c0e-6eb5-4c57-add8-fb6ac5f42699,2024-03-11T10:16,6,121.44,Card,Cancelled
608894d6-2997-4bf4-a8d3-f24b36366414,4e6807ca-aed8-4ec9-b1b0-0e3aba57efb1,2025-06-19T10:16,4,41.24,Cash,Completed
ca27e5cc-6e93-4c64-bf1a-e0958da404d7,cd50913f-8c99-4253-9134-0cf5fe5f300f,2024-07-15T10:16,5,31.90,Cash,Cancelled
22fd8dc3-5056-4dd0-b8d8-8fe2dacb0660,23650eb4-f98d-45a3-a90b-a378f03d469d,2025-01-08T10:16,6,67.20,Cash,Cancelled
6c48f74c-db5d-4784-b99f-e84573f85371,0130fcd4-a6cf-4a72-8400-7bcae1abce34,2025-05-15T10:16,1,15.44,Card,Cancelled
2cda154e-eccb-4aea-858a-f6736ce341c2,7509850a-5062-4da9-aad6-bc5b9e363ef1,2025-08-28T10:16,2,48.60,Cash,Pending
b345a2b1-c017-48d9-be53-d0453dcd0274,e277d099-db2a-4aee-ab86-8b0e73a34383,2025-10-14T10:16,9,189.63,Card,Cancelled
1b7f7612-4293-407a-bae5-0376bd9ef100,428424b7-1f94-496a-8b7a-497ce177d32c,2025-05-09T10:16,5,85.35,Cash,Completed
badf0a4b-977c-4afd-8d0e-ce511aaa5262,f543de06-e341-4de2-95ab-ca0fd3ee51fe,2025-10-17T10:16,7,108.15,Online,Cancelled
b67bc636-4e26-4ae5-a89e-2c29a64fe5dd,bb6ceda0-3f7a-4dfa-9862-41a88dd468b2,2024-04-15T10:16,6,110.04,Online,Cancelled
15ac4a18-967f-4553-93be-64e1e72e94b7,5f6e51da-5f01-4c9a-85dd-7d50ef37e5d7,2024-02-02T10:16,1,12.30,Cash,Completed
42a03155-087a-4bd4-b42e-5059cada660a,fe624323-ba72-456d-9842-ed9e0edc75df,2025-06-25T10:16,4,43.20,Cash,Pending
b6f32b2c-1854-4337-af1d-a7fcebddce00,983d66ae-c8b0-46b8-8abc-26a1055cf729,2024-06-08T10:16,8,73.44,Card,Pending
4468362b-f0f3-41a6-a1f5-f513b614090f,ec3490d2-e8da-47ee-ae12-0ca0b1d7a2bb,2025-10-10T10:16,5,55.85,Cash,Completed
995d868e-a9d7-4829-a4f6-f2565a3f19e4,c0d74d86-5c5b-481d-b8e3-61eeb9c77255,2023-12-26T10:16,5,121.60,Card,Completed
84c3cafa-a880-460c-8fd4-4789e58e3d69,ada8704c-2784-4d70-84da-10078407d2c8,2024-06-22T10:16,8,216.08,Cash,Completed
1bb3325b-b5c6-43a4-8895-72c6206a4ca5,67c276b0-7be6-4f3c-bf86-c342095c8112,2025-03-07T10:16,9,150.66,Card,Cancelled
650f9e14-193a-4950-9536-a895758e149a,500fde18-ea61-4380-9ea4-f06d09985870,2024-10-28T10:16,1,8.55,Card,Completed
2fc3f258-449b-4de1-8494-e10096f595e8,e12c3d24-86c8-474f-b86b-370df36adbfe,2025-06-22T10:16,7,65.94,Card,Pending
a137e381-36db-4cab-9c19-ab9062d89a80,cb8747c7-32ca-4b6b-868d-13ab01d953ec,2024-07-11T10:16,1,14.07,Card,Pending
64bdf8bd-dcc5-4fe9-a820-7b0f981b8d69,25659c0e-6eb5-4c57-add8-fb6ac5f42699,2025-01-11T10:16,2,49.56,Card,Cancelled
76fde784-0031-4064-a9a2-3863c0ad79b2,52f5634d-de98-4543-8a1e-cbf1e2d0242f,2024-03-19T10:16,6,147.60,Cash,Completed
e15e387c-d9b8-447d-b7c8-a754fa4de827,a5ffc907-be77-43e6-8694-4a0bf09bd3fb,2024-02-02T10:16,7,108.15,Card,Cancelled
6645d487-db85-4ab4-ac2d-ab06e40d343d,cf65c4b6-4c1c-420b-95de-23e5b56ffad5,2024-03-02T10:16,9,135.00,Online,Cancelled
76910f83-e8b8-4e67-98fb-f3670610ef66,60cd80b6-3967-4dae-b4df-adc7b5644971,2024-06-08T10:16,1,23.96,Card,Pending
2ed8e7a0-3dd7-47e2-964d-36d200519b5d,953417c6-cd52-45e9-9ca0-bb450653c934,2024-10-13T10:16,1,27.81,Online,Pending
9b06fb95-a82a-4e84-a4d0-0b72045bc527,365c90d0-a590-4209-9401-2ce55af5ed98,2024-11-19T10:16,1,20.64,Online,Pending
c4c35aa8-a737-4ebf-8cee-0a366887dc76,bfa3444b-2be9-46be-b944-720d86a59770,2024-09-24T10:16,5,64.55,Online,Cancelled
1997865a-c7ce-48f5-af79-98a94ff52b65,46032f36-69bc-465a-9b33-a5d560bfd77a,2024-05-12T10:16,9,105.39,Online,Completed
a4e07460-f14c-45e4-bdfa-c740260d33b9,2a109685-1399-4149-8951-fba29bb0360d,2025-09-16T10:16,9,142.83,Cash,Cancelled
4b6fdeef-3739-4ab4-adaf-97ed906d47b7,401a6911-a31e-4892-adc1-56e3e1eb090a,2024-01-25T10:16,7,59.57,Online,Completed
34699729-feaf-4930-ab8a-90aff5219841,500fde18-ea61-4380-9ea4-f06d09985870,2024-01-11T10:16,7,110.46,Online,Pending
cd5b170a-0256-434e-bf76-486e79fbfdd0,6117b6f0-c4f4-4bf1-9eeb-f33950decba8,2025-10-14T10:16,2,14.52,Cash,Completed
2b1d3056-4268-41a3-8c5d-e9e48e2a0838,485b65e7-fdf4-474d-afba-37986d8d3cd8,2024-05-04T10:16,1,11.80,Card,Pending
0228f15c-cff0-42ca-b4fe-3be636c62c51,e12c3d24-86c8-474f-b86b-370df36adbfe,2025-08-29T10:16,9,79.29,Card,Pending
3b6beeed-5f31-4655-a6ad-47fccfbf4aa9,8887df7e-682b-4d48-b18c-c1ddfa0aaa26,2024-04-27T10:16,9,110.88,Online,Pending
f4958469-d5cc-4a33-bd6b-1c2d508051ac,515fe1d2-d33a-4b9d-8c19-07e0cbe81a9a,2024-11-16T10:16,6,64.14,Online,Pending
e76ea4a0-2135-4084-b39f-84eb21d4dbe0,4b14a58c-f1e4-40b6-888d-a88cd7055099,2025-05-03T10:16,3,89.34,Online,Cancelled
90666d61-376f-4cce-854a-516ab04466ed,62a2bfef-ca4a-4dec-90ea-bf15ea1880d2,2024-09-14T10:16,5,43.80,Online,Pending
b6ea9244-5b6a-44d1-a425-74a23c47d87b,b03f75c1-655f-4480-a2bf-1a0af806e96e,2025-09-06T10:16,7,169.12,Cash,Completed
49c2229a-db09-46f5-a2a5-93854bf12cf6,050d9901-1cb5-413a-9c31-282028f863c1,2025-01-12T10:16,5,45.40,Online,Cancelled
01ec745e-1ec1-4601-9ed9-100184f67776,27e45431-1333-4ffd-a0c8-be56ffdc5d4e,2024-02-01T10:16,5,83.90,Online,Completed
73b167a7-c7c8-471f-905e-9e420d6f576c,a5ffc907-be77-43e6-8694-4a0bf09bd3fb,2025-05-25T10:16,6,34.62,Card,Pending
e287af9b-2b77-432d-84ab-ca06ef06998f,e38afcd9-9e08-47ba-bc92-5ebb4bc271eb,2024-07-22T10:16,8,45.04,Cash,Pending
3d6c4e57-71b9-4cbc-bbc1-011eb5f8b35f,6945f6f4-b8f9-4d04-90ff-e59ed705578e,2024-04-17T10:16,9,152.64,Card,Pending
c6d30058-203a-44c6-96f1-651edbf69123,9305d562-2505-493d-8ed8-3fb721c8f491,2024-01-24T10:16,4,88.96,Card,Completed
6ca07a2d-a336-4442-97b2-cc954d105644,2ca088cd-c6c6-4e60-a1a4-d2990ee21b12,2023-12-11T10:16,7,165.62,Card,Completed
cab8e4ea-feaf-4abf-af92-4615ea17435a,ceafdb2a-788d-48e0-acdd-bd533a2e7ab6,2025-08-14T10:16,2,27.66,Card,Pending
ba1df6b6-f0dc-4cc6-b7d6-9903a236cace,06e585f0-5b60-4900-81d1-3379328e6c17,2024-07-20T10:16,3,48.09,Card,Pending
a101e978-bf23-4b3f-a53a-e4463ca92865,f3826f04-0dfa-4266-8002-58fede0093f5,2024-03-30T10:16,2,43.26,Online,Cancelled
5dcc61ed-e871-4be7-8021-463014f2be2f,09ba4183-1b94-4f8c-bc5f-eca421a88524,2025-02-13T10:16,8,171.84,Online,Completed
7859efa3-eeec-4627-a717-d98277eacc3d,73a2b03c-2dca-486e-8ebc-c4d6bb68a8c6,2024-10-29T10:16,6,129.90,Card,Completed
d3aa6769-3df1-4202-b4a2-15160317224e,d3f641e5-b8b5-4f5f-9155-7768df2033e8,2025-04-13T10:16,1,16.60,Card,Pending
4a33fe37-b771-4696-b928-c9aee6b8913d,68169a66-a8d4-4763-914e-7befc826445b,2025-07-22T10:16,2,50.84,Cash,Pending
bf082716-0967-4f9c-83ad-1b6de3540786,6c6a3b10-9747-4dca-a041-4edc22d147b0,2024-05-25T10:16,1,20.53,Card,Cancelled
7e603baa-6dbf-4b64-bfad-1d77fbc11ee6,ef7fad1f-a86f-4ee1-95b4-ce1f339f0fa5,2024-05-23T10:16,5,58.30,Online,Pending
716afe7e-f27c-4560-9194-8428b96c1a62,4b14a58c-f1e4-40b6-888d-a88cd7055099,2025-04-09T10:16,7,183.75,Card,Cancelled
d30b47f2-0fc2-4848-94cb-3db8e4397244,5f0f3def-9ff6-4282-ad04-001c4a769966,2024-09-29T10:16,1,12.88,Cash,Completed
bd3a72af-af55-4d38-99a1-0c50ce775cbd,69446e90-4237-4410-ab55-e011eb04cce0,2024-06-19T10:16,6,74.16,Card,Cancelled
00e4dd3c-efa7-493f-8b2d-ef710364d1d0,8f7f530b-bb30-4a05-b437-744ed30af54f,2024-07-28T10:16,7,99.26,Card,Pending
66c03c1a-10bb-45c1-9320-a1b57ba9ef39,6e6d2c67-f7fb-4a98-8f9a-4822259b25c4,2024-04-10T10:16,3,74.61,Online,Cancelled
0f7480c0-314a-452a-970b-315f2be2a0ce,1a48aa9a-def3-481d-922a-94300aa97309,2024-01-27T10:16,6,68.82,Card,Completed
9667a1ee-200a-4711-8800-0bebe5a20ba2,11526850-7335-463f-b740-a52a90457c3b,2025-09-23T10:16,9,97.47,Cash,Completed
417c4185-4bd5-44cb-a7e8-475f442734f2,1a31c678-d420-495a-aff3-0f1609514e1e,2024-03-04T10:16,3,72.87,Card,Cancelled
24f21502-63fd-4832-8b6d-48c6f69f0d01,964d337f-acd5-4ca2-8843-9be3f2eb60fc,2025-02-22T10:16,4,26.76,Online,Cancelled
bb56933f-21bc-45fd-93bc-785368fe7833,6aaabc79-3d35-410f-bb96-f86a3930d0ff,2025-10-11T10:16,3,74.67,Online,Cancelled
eabdc037-1b86-432b-8881-f71b23b3098f,058b9c75-b72f-4594-80d2-e41194ff7672,2025-02-06T10:16,3,83.19,Online,Completed
b8eb5b43-615d-44e2-b3b5-5eedf82463b6,935ebde1-5945-4673-886e-1a7a12cc2d4e,2024-08-21T10:16,4,29.76,Online,Completed
4123426d-5c61-4824-a21a-dc1488aafefb,515fe1d2-d33a-4b9d-8c19-07e0cbe81a9a,2023-12-15T10:16,6,77.70,Card,Pending
c0b1fe31-1ad2-421d-af7a-b98a1309ca73,f90cf3ca-e2d0-4129-bc7a-e8a2b80880da,2024-11-23T10:16,9,77.13,Card,Pending
9082f780-bf54-425d-8614-bac002c45f4b,485b65e7-fdf4-474d-afba-37986d8d3cd8,2025-01-24T10:16,1,22.63,Online,Cancelled
cc321630-f16f-4fb0-bf29-36c4c6bf003b,6e6d2c67-f7fb-4a98-8f9a-4822259b25c4,2025-04-26T10:16,3,45.63,Card,Cancelled
3618dd60-40c8-412b-a93a-9b3eb22f28b8,e886c155-0dae-4b36-88f5-a86fa474d1f6,2024-12-09T10:16,3,31.86,Online,Cancelled
6ee0d943-d6ad-4f4c-ae97-f9f6c77c1848,0a15d43b-8f6b-444a-bef2-ffbddfdbd16f,2025-02-12T10:16,3,27.63,Card,Cancelled
91bd8df0-93da-4f55-8131-177667cb1f50,caca465c-e9f2-4add-91b5-24c70595e321,2024-01-06T10:16,9,70.02,Cash,Cancelled
6cd86830-a66e-456f-8e4e-21d30918199b,3910ab11-8758-4a4f-8a9b-c4f5df7413c4,2024-10-17T10:16,7,190.33,Cash,Completed
bb8ac34c-1563-41f3-889f-5ec4049fa4ab,a3f626b9-cc27-4c04-8570-be79ab8bda4a,2025-07-08T10:16,1,11.63,Card,Pending
76a7c86a-5228-4642-be03-d68c0ef138bf,cb8747c7-32ca-4b6b-868d-13ab01d953ec,2024-08-12T10:16,4,23.80,Card,Completed
139e4d80-76ab-4876-8d2c-ba5959c859d9,b0d737cd-ec4b-4a88-aa81-d012ef3fb719,2025-05-12T10:16,8,52.08,Card,Cancelled
fb75f0a5-63bd-41c9-bc60-9b219c2672e8,ecf1ffb0-ac00-4968-87ea-8beef4ace55a,2024-12-23T10:16,3,57.48,Online,Completed
72c15bd7-a2d5-4106-81bb-0e42c562c7e7,401a6911-a31e-4892-adc1-56e3e1eb090a,2025-08-11T10:16,7,82.67,Online,Pending
ce714cfe-776d-4d9f-9178-e746a5a6427e,74e76582-f1b8-4560-b049-8aebb59d4721,2023-11-14T10:16,2,55.08,Online,Pending
58812bdb-6058-42b2-81c6-a549aed6c31b,02c65c06-56ad-4670-b8e2-10ab417c7154,2025-04-27T10:16,7,182.98,Online,Pending
58563895-597a-486f-b8cd-a2c70405fa39,d87f31d7-79ef-4c17-856e-142e791b04da,2025-05-21T10:16,7,97.02,Card,Cancelled
1cc39fd7-c274-412a-bffd-d7266abb5680,52c87fd9-fdf0-4256-b929-6153ad24a0ac,2024-10-03T10:16,3,89.58,Card,Completed
290a6563-2812-4905-bd93-fb8b5b5ae50f,f6c35464-33dd-44a7-bf84-071f2e427045,2025-03-09T10:16,3,69.33,Card,Completed
550df6b5-6046-42e0-b844-58fb9d5e0c31,8f7f530b-bb30-4a05-b437-744ed30af54f,2025-03-15T10:16,8,53.92,Cash,Completed
e296a7b1-d620-4db8-82b6-5f90f38a2b37,1233cc27-7567-48e0-8dd2-6b0019506c2f,2025-05-20T10:16,9,47.25,Online,Completed
ebcbbd77-e91c-4b7a-aa32-053e3668f6a9,1d32c3b3-c732-4995-aa6b-ff159deb3bdf,2025-06-10T10:16,4,119.68,Cash,Pending
d88171e0-3cba-48d9-a946-d6a26816daea,0a0ac3e5-6e20-4fbc-87ec-5481c70e38bc,2024-05-11T10:16,4,103.04,Online,Pending
4e3e2ead-ef80-40dc-8693-fbe54440e17d,f067e21d-d1d4-4e87-9cae-9753f5f9ccb6,2024-12-17T10:16,9,261.27,Cash,Cancelled
29795468-a538-4527-8eb4-c28fd117be5c,92da274a-bea2-490a-bb52-196c46fa8487,2025-09-23T10:16,2,58.02,Cash,Completed
11bb2160-bbdb-459c-b479-c88efb2e0381,b047b369-02d0-4f25-9af0-f1e883228863,2023-12-31T10:16,2,42.30,Card,Cancelled
8bf2bc24-2129-4883-9446-b34e30030a91,c83bba2f-5229-4998-9566-1f3179b13e8a,2025-11-08T10:16,9,111.60,Online,Completed
5ce0fd7e-3a9b-4801-967b-db3c1d461b8a,8f7f530b-bb30-4a05-b437-744ed30af54f,2025-02-20T10:16,8,143.52,Cash,Pending
548e9ff3-719a-464a-89ae-cdee29fdc290,e7991221-0de0-4ef8-aa9c-ca3b59197059,2024-11-21T10:16,5,62.60,Card,Completed
5d1e0f8b-50fe-4c4a-a18d-f2bd8ce627e2,401a6911-a31e-4892-adc1-56e3e1eb090a,2024-06-24T10:16,4,98.64,Card,Completed
208e6ce6-8dc3-4414-bf41-f7962c6757a7,824998a2-7592-4051-ab0b-d5e12743c93b,2025-06-06T10:16,3,82.26,Online,Completed
373b740f-42a5-4514-846e-e6e3305ba0a1,c3ffc43c-0c11-40fa-9824-f234161741d0,2024-09-23T10:16,2,45.24,Online,Cancelled
98481995-7d61-4111-86bb-9724150ee152,f0a6a958-e434-41bf-a830-dffa55a34db5,2025-07-22T10:16,3,17.85,Online,Cancelled
b543bea5-3a40-40c1-9475-e88c195a7a3c,953417c6-cd52-45e9-9ca0-bb450653c934,2024-03-13T10:16,9,194.31,Card,Pending
1bf89a35-35cb-4c2b-a36d-89a0fbbaa23c,b90a3a7f-421e-47e5-8598-fe50f365a62e,2024-01-14T10:16,8,108.32,Online,Completed
468aa4cf-9c32-421c-8c06-ab4d5ddaa51b,7169ef0c-f2c8-4ae3-83f6-87691664d2d2,2025-04-06T10:16,7,93.17,Cash,Completed
397626d7-060b-4fce-929d-03d3c9072f01,52c87fd9-fdf0-4256-b929-6153ad24a0ac,2023-11-21T10:16,3,88.26,Online,Completed
8e22b323-1ee9-4e5c-96ea-7aa5240b5bd9,6e6d2c67-f7fb-4a98-8f9a-4822259b25c4,2024-06-24T10:16,3,66.12,Online,Pending
f8311191-d64b-4be5-8423-3ffc9191a71f,1eeb9c5f-5b7a-47af-b4f1-5a50d9d1089c,2024-09-19T10:16,6,56.52,Online,Completed
9a9c44b9-a11c-45ea-86f5-907471af064b,c63bd277-c81c-40c5-8720-6ce916d653c4,2024-06-18T10:16,1,23.89,Card,Cancelled
657a63ed-f2dd-4224-ad23-c50d6eb751e2,5d6f84a5-a4de-442e-99b9-b8ef714b4436,2024-06-28T10:16,4,36.20,Card,Cancelled
93223f15-1e76-4ae8-a9d9-66a86c72ba64,74e76582-f1b8-4560-b049-8aebb59d4721,2024-08-03T10:16,2,41.78,Card,Completed
acb82312-4039-46ce-9837-c800c1bd49cf,ff4db0d8-e809-46e8-9ae0-78ffee4902d9,2025-10-31T10:16,8,69.52,Card,Completed
c1d9552d-684e-4214-8b07-86193c21704f,52f5634d-de98-4543-8a1e-cbf1e2d0242f,2023-12-25T10:16,6,145.14,Online,Pending
c59dba35-00d6-4d5c-82b5-e32f0b3998c2,983d66ae-c8b0-46b8-8abc-26a1055cf729,2024-02-19T10:16,7,172.55,Card,Cancelled
e0f21b1a-0e3e-4ede-a15d-df090eba45cc,2ca088cd-c6c6-4e60-a1a4-d2990ee21b12,2025-01-30T10:16,4,23.32,Card,Cancelled
c100ecc2-0ea7-480b-9e05-c75e4adb414c,e85d0261-2d97-4475-a749-363ec9040a74,2024-07-26T10:16,1,14.33,Online,Pending
a9da4c1b-5d68-4a80-ba2c-d89f3c31c06b,60cd80b6-3967-4dae-b4df-adc7b5644971,2024-03-06T10:16,9,171.99,Card,Completed
6c991ed2-9bcb-4cf9-bf5b-8d1d07c8a03d,9305d562-2505-493d-8ed8-3fb721c8f491,2025-09-06T10:16,4,117.32,Online,Completed
12c8af95-a863-4956-aca1-636a87ff5100,60cd80b6-3967-4dae-b4df-adc7b5644971,2025-10-26T10:16,8,87.52,Online,Pending
3a13159c-440d-4ebb-aa0b-de4a5ece4ec3,ada8704c-2784-4d70-84da-10078407d2c8,2024-02-15T10:16,7,82.53,Cash,Completed
3238f987-e7a6-47fb-9176-2b4ce1ebd17d,9305d562-2505-493d-8ed8-3fb721c8f491,2024-10-15T10:16,1,20.78,Cash,Completed
dc9a4d59-4497-4e5c-ae75-b326423763e5,e38afcd9-9e08-47ba-bc92-5ebb4bc271eb,2024-05-13T10:16,5,39.85,Cash,Pending
7bc3cc84-a95d-4a1b-b35a-5fe16e12117e,90f0db1e-2b19-43f7-ba17-233c7c214eca,2025-03-20T10:16,7,73.43,Online,Completed
93a3d90e-6c92-410f-8cfd-09b4ec5db297,f0a6a958-e434-41bf-a830-dffa55a34db5,2025-02-03T10:16,9,125.82,Online,Cancelled
647cfe67-91db-4609-9b57-514fcc4932b3,00d7ae70-0f46-4453-963c-4ab2a3d29314,2024-08-09T10:16,2,35.88,Cash,Pending
008eb0b1-e1c7-4679-9860-c642c7b3ba62,7509850a-5062-4da9-aad6-bc5b9e363ef1,2024-10-21T10:16,7,40.25,Online,Cancelled
df88610d-0366-4447-93c8-4e5a1da3ad11,1eeb9c5f-5b7a-47af-b4f1-5a50d9d1089c,2025-03-24T10:16,7,75.39,Online,Pending
c9dae3ba-6688-465e-a521-be44403e62d9,5400d214-6176-40bf-88d2-3f53ed38bf69,2024-05-28T10:16,5,85.70,Card,Pending
cbbb1e27-0d21-49bd-a1ca-726fe038f1ec,c5817fdc-a4dc-4879-b957-30cfda62016b,2024-01-29T10:16,3,51.96,Card,Pending
8f03476f-719c-45fe-978f-c991d8776ef8,205ea7f7-e714-45b8-a083-11247ff702a1,2024-11-09T10:16,5,43.85,Online,Completed
f316b4cd-744d-4b61-a5e7-d2467e35e23f,8e1bbe6c-7b75-46dc-8ca1-0b1664cd6ae4,2024-09-22T10:16,7,96.18,Online,Pending
42d17fdb-e8df-4253-85e9-625623e2ae51,f90cf3ca-e2d0-4129-bc7a-e8a2b80880da,2025-09-04T10:16,9,151.38,Card,Pending
3b227f3b-bc83-4aa5-b81a-8091e775a16f,d5cfb1a3-ce2f-4aff-ab4c-50e0c5426af1,2024-09-04T10:16,1,24.46,Online,Pending
1ad438f8-09db-4695-99ee-d6f4f1845cd7,56a75a3e-a944-4147-8cba-f1024726993f,2024-09-18T10:16,4,93.32,Card,Pending
5c70d1fb-5f74-4a06-85b0-69c087a62a09,000f9c8f-2fc7-4346-844d-c04f10751265,2024-06-22T10:16,2,35.20,Online,Completed
f423ea93-1949-4789-b09b-e1d5170afe29,4bb2d776-14c0-4ef6-b8ba-c580cbed72b8,2025-11-01T10:16,9,252.63,Online,Pending
6c63cdbf-889a-4754-a17a-feae1235689d,93cdeef1-3fc3-4a63-a275-0ae87ae6b335,2025-09-27T10:16,3,75.27,Card,Completed
a56e7a7b-6100-45fa-87e7-9e60c2205d40,fbe227d7-6d32-4407-9783-7fdac983e55f,2024-11-15T10:16,7,35.91,Cash,Pending
bf695655-f945-48c0-9157-09bd6ec49079,000f9c8f-2fc7-4346-844d-c04f10751265,2025-02-18T10:16,1,22.38,Cash,Cancelled
a2ec01ec-1d2e-4377-b4ff-6f6259351431,0fcf4084-ea31-49f8-99f9-9bf8c8b0c16b,2024-02-09T10:16,7,52.71,Card,Completed
cc61459f-5202-4243-9f37-a29251f41f00,0a570207-0f70-467f-bbeb-44a0a60a9a25,2024-06-19T10:16,7,140.07,Cash,Pending
595cd9c4-b434-4e9c-9a00-45158a5fc18d,7d2df59f-386d-4aec-85a8-2443262a0cb4,2025-11-08T10:16,2,48.86,Online,Cancelled
444152fd-e99a-4295-97ce-5ee5a42e3aa6,3910ab11-8758-4a4f-8a9b-c4f5df7413c4,2024-06-25T10:16,8,238.64,Online,Completed
ca0e0695-b57b-42b7-b159-4a318d22c2e5,cb8747c7-32ca-4b6b-868d-13ab01d953ec,2025-07-06T10:16,6,81.42,Cash,Pending
91cdc7b3-5009-40af-96df-b0ce69a7ba4c,983d66ae-c8b0-46b8-8abc-26a1055cf729,2024-03-03T10:16,9,263.34,Card,Cancelled
2e17274a-c26c-446d-ab90-03c17cbc662f,6e551d53-4f6d-4b84-a9de-3d7c79694805,2024-10-09T10:16,6,110.82,Card,Completed
0c130f28-8b6c-432b-a758-6c788e879fe2,5d6f84a5-a4de-442e-99b9-b8ef714b4436,2025-03-13T10:16,8,191.60,Online,Cancelled
a70732a7-676b-4323-a529-b82b56944cb7,39cb44e2-a541-4b98-bc0b-db5f31cf8710,2024-05-25T10:16,5,105.95,Cash,Completed
85607ef8-ebc7-4914-a900-6ef3fdc104ae,ecf1ffb0-ac00-4968-87ea-8beef4ace55a,2024-02-27T10:16,6,93.84,Cash,Pending
520056ba-3431-43be-b0ef-939e34b858e0,65b2c0ea-6192-47fc-9286-2c1dd3ecefb1,2024-04-09T10:16,8,237.60,Online,Completed
4885f960-9206-4147-ac72-69864625468d,726d71e2-70fd-4416-8568-78619c14a73a,2025-07-24T10:16,2,11.92,Online,Completed
5baea9c8-d19e-4b0c-98ea-6f71e6687e3c,c9dcc28a-ae5f-477c-ae7e-72d94129f449,2024-02-21T10:16,4,92.48,Cash,Cancelled
468861e0-2f09-4982-af7d-b6c8e29dc7e7,050d9901-1cb5-413a-9c31-282028f863c1,2024-01-03T10:16,1,20.69,Card,Cancelled
b0adc269-3744-4de0-918c-a142658e1655,8b115a34-224b-453c-be69-b53a7445b466,2025-09-12T10:16,3,22.20,Online,Completed
5f1efdc1-00d6-49c9-9edf-021ac8286f24,5400d214-6176-40bf-88d2-3f53ed38bf69,2025-02-22T10:16,2,29.04,Cash,Completed
405b7791-8d80-40d9-8bb3-4e728cf80d43,050d9901-1cb5-413a-9c31-282028f863c1,2024-12-10T10:16,4,44.76,Card,Cancelled
a5cf15de-8aff-4a4d-9497-c5baff4b2028,7c991f43-c18b-4404-8826-97691b0dc00c,2025-07-12T10:16,7,72.66,Cash,Pending
e3f383a5-5b15-491c-a41a-7e8fdddf3b1e,9305d562-2505-493d-8ed8-3fb721c8f491,2025-10-28T10:16,1,23.91,Cash,Completed
20ea3c54-b830-45f3-840c-fcba62e37cf7,77ca464a-fe0d-4dcc-8f08-3eb2f7b64f76,2025-08-25T10:16,1,11.89,Online,Pending
acc62c56-391b-47c7-b748-ea01c1d9b9ed,52f5634d-de98-4543-8a1e-cbf1e2d0242f,2025-09-06T10:16,4,109.08,Card,Cancelled
d881ccde-fde8-4be6-b2f1-323bdacbdf9b,d3f641e5-b8b5-4f5f-9155-7768df2033e8,2025-05-15T10:16,4,84.96,Cash,Pending
30ad4dbf-962e-4b75-9849-45b877477618,c0d74d86-5c5b-481d-b8e3-61eeb9c77255,2025-02-25T10:16,1,25.06,Card,Pending
ff97e7c8-1ae2-49ee-8481-915762d6ce17,09ba4183-1b94-4f8c-bc5f-eca421a88524,2024-06-09T10:16,9,80.28,Card,Pending
7a2ac9b7-f689-45db-8f73-0fdbef95df81,fbe227d7-6d32-4407-9783-7fdac983e55f,2024-03-08T10:16,2,39.90,Card,Cancelled
6c9eb4d7-2843-4536-bac4-add4e1f9bf93,6e551d53-4f6d-4b84-a9de-3d7c79694805,2024-04-01T10:16,4,36.44,Cash,Pending
8a7b8818-4f90-48fa-87bc-c1ed10b8d6ea,9fa382f0-8393-48db-ad30-43c953282401,2024-11-22T10:16,7,141.12,Card,Cancelled
cb17f1ec-ab1d-4d07-b99a-244a91d38644,5400d214-6176-40bf-88d2-3f53ed38bf69,2024-04-02T10:16,3,57.39,Cash,Completed
ea256675-e235-4008-a35d-012658ab5d0a,aff4340c-d102-49ba-af8e-84d2737ce82c,2023-12-26T10:16,1,20.18,Card,Pending
594abcb6-09d0-41f4-aa7f-da5a0091153c,09ba4183-1b94-4f8c-bc5f-eca421a88524,2023-12-02T10:16,4,101.76,Cash,Cancelled
ef56e59f-4499-4b46-b61d-44bdc6f623bd,a3f626b9-cc27-4c04-8570-be79ab8bda4a,2024-10-27T10:16,2,42.72,Online,Pending
ddb64368-5a41-44b0-9f7e-db82dc0e3848,3befa4dc-d961-4a3a-9410-d43d1bdaa335,2025-01-11T10:16,6,119.16,Card,Pending
34a305d8-a8af-445a-b0d0-482f99d2e53a,1233cc27-7567-48e0-8dd2-6b0019506c2f,2024-12-15T10:16,7,204.47,Online,Pending
72002db3-3759-4e1b-9354-5ecf609576b4,7c991f43-c18b-4404-8826-97691b0dc00c,2025-07-03T10:16,9,106.02,Online,Pending
719214fd-89f8-4d20-b7c2-ec073e6b1ae7,cb8747c7-32ca-4b6b-868d-13ab01d953ec,2024-06-24T10:16,6,141.78,Online,Pending
2e463db1-0be4-4be7-9148-9d0cfa518d12,ceafdb2a-788d-48e0-acdd-bd533a2e7ab6,2025-09-12T10:16,2,44.78,Online,Completed
4409b6ec-e9cc-406e-92dc-517d85488bdf,63846b60-b7be-4087-ac6e-56c9bc130a20,2025-03-21T10:16,7,130.69,Card,Cancelled
5cfad61e-ba36-42c1-89c8-476412723202,73a2b03c-2dca-486e-8ebc-c4d6bb68a8c6,2024-12-12T10:16,8,151.76,Card,Completed
84a0252e-ea0b-43ca-ac17-de3eb1445431,36b880b0-e9bd-4c0b-8f1c-32018f6c758a,2024-06-05T10:16,7,178.22,Card,Completed
743a623e-0ec0-4c42-8ebe-19e818af622e,77ca464a-fe0d-4dcc-8f08-3eb2f7b64f76,2023-12-03T10:16,3,16.62,Cash,Cancelled
eccdb318-d199-492c-b368-a1a45d06fd8d,a938df5f-7764-459c-8bfd-90409d16b3c6,2024-04-12T10:16,7,193.27,Cash,Completed
8a2e66bb-2bf4-4a3b-a3c8-abec7210ce0e,9305d562-2505-493d-8ed8-3fb721c8f491,2024-11-06T10:16,6,49.02,Card,Completed
416c23cf-84fc-4a13-9ecc-6f45a8d685ba,8b546c63-5406-493d-bc69-cfb594b38267,2025-08-05T10:16,9,201.33,Cash,Cancelled
ae0e9ee8-85a4-42c5-8760-e9a581564087,b0d737cd-ec4b-4a88-aa81-d012ef3fb719,2024-10-22T10:16,1,22.02,Online,Completed
f2c03643-245b-43e3-b2ee-dd09932a83b6,d5cfb1a3-ce2f-4aff-ab4c-50e0c5426af1,2025-09-21T10:16,9,193.95,Cash,Cancelled
c7c2ae24-7475-48d4-a043-c96375627005,0a0ac3e5-6e20-4fbc-87ec-5481c70e38bc,2023-12-18T10:16,8,186.16,Online,Cancelled
bc4078bd-e705-40e7-9cf5-51e7c972c681,aac35608-9499-49c5-811a-a059e773c968,2024-11-08T10:16,5,47.75,Online,Cancelled
935b4633-7523-44d1-8503-a8cdce5d8a35,09ba4183-1b94-4f8c-bc5f-eca421a88524,2024-05-07T10:16,2,14.58,Cash,Cancelled
3c7778d3-51a0-4e6a-b030-2ac18fec8d7d,1eeb9c5f-5b7a-47af-b4f1-5a50d9d1089c,2024-12-26T10:16,6,70.02,Card,Cancelled
fb97e004-f626-40db-a11a-e88349d26265,ef7fad1f-a86f-4ee1-95b4-ce1f339f0fa5,2024-10-30T10:16,9,224.10,Cash,Pending
098aa74a-2cb4-4697-8046-9a7f7d876bd6,5400d214-6176-40bf-88d2-3f53ed38bf69,2025-01-09T10:16,8,110.24,Online,Pending
eb234780-4d0c-4c6b-b34e-bc38a6107002,ec3490d2-e8da-47ee-ae12-0ca0b1d7a2bb,2023-11-25T10:16,6,90.24,Online,Completed
b0d6df87-2cf9-49c4-b41d-f844140d7dbb,0a0ac3e5-6e20-4fbc-87ec-5481c70e38bc,2024-08-05T10:16,8,220.80,Card,Pending
7741f3f6-4399-483e-8a03-05a2db472b2a,0df3bae1-6384-4856-aa27-aef9f6c48b75,2025-05-03T10:16,3,23.16,Online,Cancelled
63e8363b-e380-4e00-be73-82b7e35671ef,941529ef-2114-4bff-907a-4596ff4593a1,2025-03-31T10:16,3,36.84,Card,Pending
c6d8918a-b44e-46a0-a554-e21d9c1f7d7a,c5817fdc-a4dc-4879-b957-30cfda62016b,2023-12-13T10:16,7,207.90,Card,Cancelled
53cdfc8f-e3c7-4e3c-93dc-38f08748f980,b3688304-b24b-416a-9bf4-c2b6aaeb59d3,2025-10-04T10:16,3,25.35,Online,Cancelled
9e61b65e-096d-4aff-bdb9-3306466fef77,65b2c0ea-6192-47fc-9286-2c1dd3ecefb1,2024-08-17T10:16,9,211.86,Card,Cancelled
359cb7cd-6cf0-4a75-9dbc-c6b02d9fa061,25659c0e-6eb5-4c57-add8-fb6ac5f42699,2024-02-08T10:16,2,10.64,Card,Completed
50f26dbf-4075-42a7-83aa-5d66e688dbe1,3ab3404a-ee80-4ed2-8d90-a6f0dad14e48,2024-06-29T10:16,2,15.52,Cash,Completed
3497b760-36f0-430b-a10e-62b13a6025b2,f0a6a958-e434-41bf-a830-dffa55a34db5,2023-11-24T10:16,3,77.13,Online,Cancelled
46f01bfb-1136-4306-ac81-0e135a828f72,8b115a34-224b-453c-be69-b53a7445b466,2024-04-11T10:16,1,29.51,Online,Cancelled
53539e0d-ce36-49f7-84ab-65425f7684c4,7509850a-5062-4da9-aad6-bc5b9e363ef1,2025-01-14T10:16,3,42.93,Card,Completed
3a73f923-8519-4954-b969-c400e24ca1d3,52fbb114-83aa-432d-b2f1-f3e37a5c4754,2025-03-19T10:16,9,265.77,Cash,Cancelled
984cffea-a5f1-43d5-a00a-7bb066c3d1e1,d6d4ef4b-0870-48aa-b884-013237f255f4,2025-07-19T10:16,9,201.69,Card,Cancelled
38094193-c921-4938-b2f1-c8c798a8b33e,515fe1d2-d33a-4b9d-8c19-07e0cbe81a9a,2024-02-19T10:16,1,16.09,Card,Pending
f0d214b7-e7e6-40ad-995a-f603fef88960,c83bba2f-5229-4998-9566-1f3179b13e8a,2024-02-11T10:16,4,30.28,Card,Completed
9a61d836-f250-4a66-bd36-e5db481ee2aa,4bb2d776-14c0-4ef6-b8ba-c580cbed72b8,2024-12-26T10:16,6,168.78,Online,Pending
62a0ea55-eea6-403e-8b0d-72ed9268d130,e7991221-0de0-4ef8-aa9c-ca3b59197059,2025-11-10T10:16,1,16.04,Card,Completed
c2feee6b-7c2a-43a5-96d8-d313d204f239,1eeb9c5f-5b7a-47af-b4f1-5a50d9d1089c,2025-06-19T10:16,5,40.90,Card,Completed
4070f35f-1191-473e-8d33-9942b84f39aa,cd50913f-8c99-4253-9134-0cf5fe5f300f,2024-08-21T10:16,9,83.34,Online,Pending
5521c9dc-2e72-431a-9c97-77c23abb3a25,90f0db1e-2b19-43f7-ba17-233c7c214eca,2024-05-31T10:16,9,248.94,Card,Completed
e6d98fae-2176-4a83-ae9d-ba73ed03d480,5d6f84a5-a4de-442e-99b9-b8ef714b4436,2025-07-08T10:16,7,118.02,Online,Completed
8afe6390-f988-4e9e-9dc7-6ee567a2928a,ff4db0d8-e809-46e8-9ae0-78ffee4902d9,2025-07-01T10:16,3,61.53,Cash,Pending
83343b77-df4d-4b9a-9497-c0e990e698b7,90f0db1e-2b19-43f7-ba17-233c7c214eca,2024-07-23T10:16,3,47.97,Card,Cancelled
06c3b535-c85f-42a9-95bc-00d3215ee455,aac35608-9499-49c5-811a-a059e773c968,2024-08-15T10:16,2,55.80,Cash,Pending
856160fb-db91-4a66-afcd-9be493207d76,983d66ae-c8b0-46b8-8abc-26a1055cf729,2024-04-11T10:16,4,88.92,Card,Completed
79425e07-0a57-4cd8-86f6-b553dd9671ea,39cb44e2-a541-4b98-bc0b-db5f31cf8710,2025-04-29T10:16,7,105.70,Cash,Completed
2c50b046-0bfd-47bd-a604-9b424209376d,a938df5f-7764-459c-8bfd-90409d16b3c6,2024-04-14T10:16,1,25.83,Card,Cancelled
b8745a41-21f7-4009-b384-f0a64a06714c,2a109685-1399-4149-8951-fba29bb0360d,2024-06-08T10:16,1,14.71,Card,Cancelled
5086a811-7b54-4e80-9c4d-edfed60c416b,7509850a-5062-4da9-aad6-bc5b9e363ef1,2025-04-23T10:16,4,64.12,Online,Completed
78199c1e-23d5-417b-9d09-60fd5e99b1f3,1a31c678-d420-495a-aff3-0f1609514e1e,2024-09-23T10:16,9,237.96,Online,Cancelled
97ccf5b1-1e1a-4701-9870-f4a47f6ab782,2a109685-1399-4149-8951-fba29bb0360d,2025-07-16T10:16,9,51.75,Cash,Cancelled
1452b31d-edaf-4468-945f-d1306c8d0650,e38afcd9-9e08-47ba-bc92-5ebb4bc271eb,2025-04-10T10:16,8,172.08,Online,Cancelled
10f8c3ed-9936-42d5-a0b7-4f7df1c66a45,1407e9cf-22c9-4137-a2fe-cc12dc038235,2025-10-26T10:16,6,66.30,Card,Completed
5d61260e-c703-415f-9fda-2efd5be5568c,3ab3404a-ee80-4ed2-8d90-a6f0dad14e48,2023-12-31T10:16,3,29.07,Online,Completed
82eedd73-0057-47b3-a232-dffeac0abddd,7509850a-5062-4da9-aad6-bc5b9e363ef1,2025-10-14T10:16,8,49.52,Online,Pending
b67a1821-ef1f-4d77-b310-c175bb756d6b,63846b60-b7be-4087-ac6e-56c9bc130a20,2024-11-12T10:16,5,54.20,Online,Cancelled
f4e01619-a547-4075-89a5-c5e5062aa5d8,bc58b12c-65c4-4f21-89ef-3e492a22ef7c,2024-12-25T10:16,1,7.17,Card,Cancelled
d3ea1110-56f4-4e05-a5b4-39fbf1edbe5f,7c991f43-c18b-4404-8826-97691b0dc00c,2024-06-19T10:16,1,27.39,Cash,Pending
2ddf50b1-b942-4a22-8cfa-10df4cd199f5,bb6bf39c-f455-4e08-a59e-1bdaaa91d4aa,2024-01-11T10:16,9,142.47,Online,Pending
36929d3e-2ee8-4db8-85f4-4bd9f3141649,0dd437d0-74fa-43c3-8909-5c955e4d47dd,2025-06-02T10:16,1,13.03,Online,Cancelled
89469ba2-2add-4183-9428-5b37767698eb,0e0d5f13-edd5-4ab0-9ddd-3df111bedc5a,2024-07-06T10:16,7,160.65,Cash,Pending
03d97efd-f04f-4ee8-a350-e43ea756cab2,92da274a-bea2-490a-bb52-196c46fa8487,2025-08-16T10:16,3,21.60,Online,Pending
d5adf946-e329-4bc6-a623-dd699446f55d,cd50913f-8c99-4253-9134-0cf5fe5f300f,2025-08-03T10:16,3,19.83,Cash,Pending
ab9d7b79-d363-41fa-9065-f46605be1590,74e76582-f1b8-4560-b049-8aebb59d4721,2023-12-04T10:16,8,110.40,Cash,Cancelled
e3b77206-c7a5-40a2-b550-08a16ab978ce,c63bd277-c81c-40c5-8720-6ce916d653c4,2025-09-24T10:16,4,35.60,Cash,Completed
fd616b5e-3488-4d13-abb7-4ed48f47b48d,e277d099-db2a-4aee-ab86-8b0e73a34383,2024-02-22T10:16,7,191.31,Cash,Cancelled
85a5ae65-b584-4868-bc0e-805e0c922528,b047b369-02d0-4f25-9af0-f1e883228863,2024-12-26T10:16,3,74.58,Online,Completed
c45f8213-c667-41e1-a2a2-a48b41a3ae64,73a2b03c-2dca-486e-8ebc-c4d6bb68a8c6,2025-01-24T10:16,6,69.60,Cash,Cancelled
7fd39ad3-0fc8-49af-bfa3-316c35e8f367,caca465c-e9f2-4add-91b5-24c70595e321,2025-05-16T10:16,5,45.95,Online,Pending
f7d1e2bd-f81c-4f04-9b7c-1f5ba7c53c39,56a75a3e-a944-4147-8cba-f1024726993f,2024-09-07T10:16,8,153.04,Card,Completed
b862e190-ef76-4866-afbb-df2ee7c1f82d,941529ef-2114-4bff-907a-4596ff4593a1,2024-05-09T10:16,6,53.88,Card,Completed
6a2108b3-5d8c-4d5b-bd1e-4af9654d3f85,401a6911-a31e-4892-adc1-56e3e1eb090a,2024-09-10T10:16,2,53.30,Cash,Pending
df0af6e1-f703-49d2-8015-69e9f0e2ae16,485b65e7-fdf4-474d-afba-37986d8d3cd8,2024-10-11T10:16,6,157.44,Online,Cancelled
88649399-a1a2-4fd3-abe8-23d19e03bbbb,23650eb4-f98d-45a3-a90b-a378f03d469d,2025-02-28T10:16,7,147.91,Card,Cancelled
44778242-745a-45ea-ad5e-57eb2b0fa63c,e886c155-0dae-4b36-88f5-a86fa474d1f6,2024-12-27T10:16,4,86.04,Cash,Pending
227bee14-3847-434c-9f28-2bb4e7969d80,27e45431-1333-4ffd-a0c8-be56ffdc5d4e,2024-12-13T10:16,5,34.40,Cash,Cancelled
741714e2-5f31-4928-8354-feb0cf858fae,428424b7-1f94-496a-8b7a-497ce177d32c,2025-05-22T10:16,1,19.25,Card,Completed
38a59b11-e6b2-46e9-b0a3-bc25e17ab4f2,52fbb114-83aa-432d-b2f1-f3e37a5c4754,2025-02-23T10:16,2,29.88,Online,Pending
1b1d5964-7abc-485d-93ec-1699e0e72652,000f9c8f-2fc7-4346-844d-c04f10751265,2024-07-06T10:16,5,81.60,Cash,Pending
9b0dbfcc-0f87-4d4c-b654-9e31122a4138,000f9c8f-2fc7-4346-844d-c04f10751265,2024-04-08T10:16,4,87.92,Cash,Completed
ca759ce2-5759-4052-a8f3-43b8f2e44772,6b1178fc-1745-401d-88da-3903c243ebe9,2025-04-01T10:16,9,95.58,Card,Cancelled
8ae33269-f7b3-4975-b705-f87205788444,e886c155-0dae-4b36-88f5-a86fa474d1f6,2025-06-22T10:16,1,29.11,Online,Cancelled
1ea42916-3f07-4fbb-925b-af7b581314f1,3befa4dc-d961-4a3a-9410-d43d1bdaa335,2024-02-21T10:16,1,21.98,Card,Cancelled
aaf6e5b4-2aee-405a-9c71-0154933e5d8c,ceafdb2a-788d-48e0-acdd-bd533a2e7ab6,2025-03-11T10:16,3,54.24,Cash,Completed
dd46a6dc-3b20-4286-abc0-1f938202efca,bb6ceda0-3f7a-4dfa-9862-41a88dd468b2,2024-04-09T10:16,5,52.85,Online,Pending
02a0cbb2-9eca-4b6c-b710-d176aa899944,8250871a-2b35-424e-a1a1-4eb4faffabfb,2024-06-02T10:16,9,132.93,Card,Cancelled
1f2e3842-b1cd-4dc7-8bc2-d8bc59fa1637,4bb2d776-14c0-4ef6-b8ba-c580cbed72b8,2025-01-28T10:16,7,185.99,Card,Pending
8e7e6af5-96f5-4996-8f00-4a6f37661bc0,a302a1a8-c429-406f-abff-9f273aa0a4b5,2024-07-23T10:16,4,96.48,Cash,Pending
6f051dc7-b248-4be5-9799-38a23eb3244b,6945f6f4-b8f9-4d04-90ff-e59ed705578e,2024-01-09T10:16,2,16.30,Card,Cancelled
cf43d635-5812-4640-805f-562cad0faeae,941529ef-2114-4bff-907a-4596ff4593a1,2024-04-05T10:16,7,86.31,Cash,Cancelled
0f489d99-9261-4910-91b8-06855bfe0dad,3ab3404a-ee80-4ed2-8d90-a6f0dad14e48,2024-12-03T10:16,9,97.74,Card,Pending
91e3d5b1-ab40-4dec-b8f2-ffaf2ebf7905,983d66ae-c8b0-46b8-8abc-26a1055cf729,2024-09-30T10:16,2,35.80,Cash,Pending
f4170787-dce8-49d3-8192-e6ceb8171a62,885715b6-b1eb-44ca-8460-28c0343e56f3,2025-05-12T10:16,6,67.86,Cash,Completed
82693f88-531e-4482-b6c4-189a4beb0096,ada8704c-2784-4d70-84da-10078407d2c8,2025-08-04T10:16,7,71.47,Card,Pending
c2fb586d-85bc-4a21-80f3-b0d882400bae,8250871a-2b35-424e-a1a1-4eb4faffabfb,2024-11-09T10:16,9,103.95,Cash,Completed
1547323b-67a2-439b-95e9-e2c392bb8987,6945f6f4-b8f9-4d04-90ff-e59ed705578e,2025-11-07T10:16,1,23.60,Cash,Cancelled
a2a1d9b7-d438-4d56-8ea7-9f90e827c2b4,b03f75c1-655f-4480-a2bf-1a0af806e96e,2025-06-21T10:16,7,93.66,Online,Completed
28e2dc9b-f536-48ec-91d3-c929f0ccd55b,90f0db1e-2b19-43f7-ba17-233c7c214eca,2024-11-17T10:16,5,29.15,Online,Completed
f41826bc-da6e-454e-8ba0-fedd8b988734,52fbb114-83aa-432d-b2f1-f3e37a5c4754,2025-09-23T10:16,7,209.09,Online,Pending
0d1c59dc-1d7a-43ec-b0b1-1dd4237c1509,103fcba5-5588-45a5-9fe0-6ac948d3860e,2025-02-20T10:16,3,50.67,Cash,Cancelled
f1d44ba1-f1ac-4346-833d-b52855c166db,59827b2a-ae17-44b1-bd6f-6f08718559cb,2025-03-20T10:16,5,32.05,Cash,Pending
f4ed9893-0c09-4e03-905a-2a58f4f68974,d5cfb1a3-ce2f-4aff-ab4c-50e0c5426af1,2024-08-16T10:16,8,204.96,Online,Cancelled
c309e543-3a87-428b-ac2c-2fd74fe4ca8c,68169a66-a8d4-4763-914e-7befc826445b,2024-11-08T10:16,5,113.75,Cash,Pending
04dd9249-dc32-4c3f-bd80-01b751f189f5,59827b2a-ae17-44b1-bd6f-6f08718559cb,2024-02-02T10:16,8,236.72,Cash,Cancelled
93d73933-6b7b-4a86-95f3-82f2741e791f,0fcf4084-ea31-49f8-99f9-9bf8c8b0c16b,2025-06-16T10:16,9,195.21,Online,Pending
70add3f4-8ae6-45e6-a7bd-68e2ba497d75,25659c0e-6eb5-4c57-add8-fb6ac5f42699,2025-09-07T10:16,8,64.08,Online,Pending
04db4890-fad8-4466-ba8c-fb379852e8a4,4b14a58c-f1e4-40b6-888d-a88cd7055099,2025-10-26T10:16,2,22.12,Online,Completed
926a8bb7-46f5-4b10-8d49-ae0f044b3f3a,500fde18-ea61-4380-9ea4-f06d09985870,2025-10-04T10:16,6,144.48,Cash,Pending
fcb15d8f-45e0-4bbb-9230-e31bde9c2640,e12c3d24-86c8-474f-b86b-370df36adbfe,2025-03-11T10:16,4,46.56,Card,Cancelled
6ff4b142-d3ee-4465-8f0e-57bbb6bf8018,0a5bd884-b432-4ce5-b14e-44b4aedd4c0f,2025-04-08T10:16,5,124.30,Card,Cancelled
5891570f-0a30-482d-be45-8d9fd83e02fd,ebe19120-496a-47fa-87eb-2440212a3363,2024-07-14T10:16,9,242.37,Cash,Pending
7785325d-2243-4bd2-9e3b-5fd301530a26,b6c26110-1b77-4777-8c79-c69ec19b66df,2024-08-18T10:16,4,65.84,Cash,Completed
060a07ba-3033-49dc-b086-83379a41d0e9,5400d214-6176-40bf-88d2-3f53ed38bf69,2024-05-28T10:16,3,54.39,Online,Cancelled
94ddb953-d2b0-4be3-b4b7-44827090655d,14eace30-1ac2-411e-8eef-98e8f32a87fb,2024-10-02T10:16,6,178.26,Card,Completed
23d65a40-8ea3-481e-a131-e27035807f11,52fbb114-83aa-432d-b2f1-f3e37a5c4754,2024-07-05T10:16,9,205.11,Online,Completed
7d3054d6-612e-4b15-bb37-189fa1ab20ab,1233cc27-7567-48e0-8dd2-6b0019506c2f,2023-11-25T10:16,8,206.64,Online,Pending
aff8ffbf-38e4-445b-9aeb-9c4dcb610e1a,10b26c2d-7d56-4175-84a8-a2775e128a9d,2025-07-14T10:16,9,231.48,Cash,Cancelled
0ab32cc0-dc28-4606-9907-8dc2db869e23,14eace30-1ac2-411e-8eef-98e8f32a87fb,2025-01-08T10:16,1,13.25,Card,Cancelled
49316ff2-c89a-41cd-9026-57d1add61e48,c0d74d86-5c5b-481d-b8e3-61eeb9c77255,2025-10-25T10:16,6,102.78,Card,Completed
2ef9564b-459b-45b9-9456-d2bc18fd09ff,caca465c-e9f2-4add-91b5-24c70595e321,2025-10-17T10:16,4,115.28,Cash,Pending
be2b210f-ca8f-4446-b62d-4886eb4800f3,56a75a3e-a944-4147-8cba-f1024726993f,2025-04-26T10:16,2,55.38,Cash,Cancelled
4f1f7bc8-2bed-46e8-862e-45fd64ae43de,7a18d550-38d0-40b2-84a7-547162e7e409,2024-08-22T10:16,5,59.15,Card,Cancelled
b0436e1c-96b1-4cab-99ab-63a803ca9b89,7d2df59f-386d-4aec-85a8-2443262a0cb4,2025-01-18T10:16,4,69.56,Card,Cancelled
99c48817-462d-4cbd-a580-37badaee7359,1a48aa9a-def3-481d-922a-94300aa97309,2025-05-25T10:16,6,134.16,Card,Completed
90adbe02-d680-4e80-9397-f4c45da75a1d,a938df5f-7764-459c-8bfd-90409d16b3c6,2025-04-29T10:16,4,25.80,Card,Pending
d80c7757-b9d2-4ff2-a289-eda1147d0182,000f9c8f-2fc7-4346-844d-c04f10751265,2025-09-13T10:16,9,59.67,Cash,Pending
e81bfab5-482e-4d87-a7f7-6b2c193ebd7d,60cd80b6-3967-4dae-b4df-adc7b5644971,2024-05-02T10:16,8,199.44,Card,Completed
890b6085-85d0-410d-b3f1-adc07200c8fc,49af098b-bf79-4643-8e49-739ea932d38b,2024-02-04T10:16,8,218.96,Cash,Pending
97932818-b9b2-419e-ac43-ef6fbc65a6e6,0a0ac3e5-6e20-4fbc-87ec-5481c70e38bc,2025-10-19T10:16,9,67.32,Online,Pending
c6f7ddb5-0d3f-4c03-a105-87ebc3642827,6bd388d4-5636-450b-bacd-55bdcb769bab,2024-07-04T10:16,4,64.20,Cash,Pending
797be202-eb90-4342-8c0b-3a7684580ac8,824998a2-7592-4051-ab0b-d5e12743c93b,2024-07-06T10:16,4,57.48,Online,Completed
8bdf96d3-f683-4ccd-8532-d16f4064a7b4,c83bba2f-5229-4998-9566-1f3179b13e8a,2024-11-15T10:16,4,119.60,Card,Cancelled
386f6bee-72b9-40d3-8900-23de57f96652,1eeb9c5f-5b7a-47af-b4f1-5a50d9d1089c,2025-11-06T10:16,1,27.48,Card,Pending
871e20ec-b462-43c9-9062-31e24bd05be8,b6c26110-1b77-4777-8c79-c69ec19b66df,2024-04-14T10:16,9,126.90,Online,Cancelled
62ac2b95-1be0-4a49-90f5-fe1702f6bd1d,52fbb114-83aa-432d-b2f1-f3e37a5c4754,2024-10-14T10:16,8,206.48,Card,Cancelled
98dd9697-8c8c-4225-8b77-e9b6925abb64,23650eb4-f98d-45a3-a90b-a378f03d469d,2025-04-29T10:16,5,40.40,Cash,Completed
149ff1c1-81e4-4ef3-9452-47f81254b391,ef7fad1f-a86f-4ee1-95b4-ce1f339f0fa5,2024-11-26T10:16,7,64.26,Card,Pending
aff34f8b-feae-4d57-8a5a-22223e189728,058b9c75-b72f-4594-80d2-e41194ff7672,2024-10-07T10:16,5,138.25,Online,Cancelled
32b8c615-1d31-47d9-a0bd-f5a04809c4fe,ff4db0d8-e809-46e8-9ae0-78ffee4902d9,2024-03-10T10:16,6,133.38,Cash,Completed
ad028778-72a3-428f-8b53-edbebb6ac521,d5eaf6a7-76cc-48ec-98d9-ba713e2df70f,2025-05-01T10:16,7,145.95,Card,Cancelled
1f4558d8-5a6f-4ef0-aed3-1429eedc78ca,8f7f530b-bb30-4a05-b437-744ed30af54f,2025-05-23T10:16,9,130.59,Online,Pending
cc5b03d3-e813-4dbd-a601-7a9e043ed104,3befa4dc-d961-4a3a-9410-d43d1bdaa335,2025-04-06T10:16,9,69.03,Online,Completed
d70b7b82-f7fe-4772-9ee4-d96135f56ec9,0a5a9fc7-e126-48f0-99aa-dea85c606f66,2023-12-25T10:16,5,39.15,Cash,Cancelled
d62d8304-2223-479d-b5a5-4eb985747fc3,d7af10ce-45c9-4fc8-8dd8-b1c5491aad5f,2025-04-16T10:16,7,86.24,Online,Completed
1b883f74-937e-4b3e-a5a6-24ca2706c13e,7a18d550-38d0-40b2-84a7-547162e7e409,2025-02-04T10:16,7,47.95,Online,Cancelled
d5ba1fd2-c666-47c8-ae96-c321afa4e453,515fe1d2-d33a-4b9d-8c19-07e0cbe81a9a,2024-12-09T10:16,8,78.72,Online,Completed
6b795172-c3d6-4144-919b-5e3c2ac322f2,e886c155-0dae-4b36-88f5-a86fa474d1f6,2024-06-15T10:16,7,142.66,Card,Cancelled
f5d52770-1bfe-442d-bccc-a8b29848391a,bb9edfa8-17f7-4f6f-8e3b-616693a298b1,2024-06-23T10:16,8,81.36,Online,Pending
ecb0d8ea-49d1-41d8-bc31-a37f80c6c64c,910b1d47-5c37-48b1-8bde-96c60660f1d7,2023-11-15T10:16,2,12.82,Cash,Completed
79d66de5-0a42-4156-aca5-92beed3e5b58,ba5d9947-b043-4aca-8ee0-6b77895cf8e8,2025-06-02T10:16,7,46.48,Cash,Cancelled
7c36871b-b3da-44ce-a772-747cf799bc3a,1407e9cf-22c9-4137-a2fe-cc12dc038235,2023-12-20T10:16,5,67.90,Cash,Pending
e0b3e8e6-c77d-4b55-bc4e-120a051ea4a9,60cd80b6-3967-4dae-b4df-adc7b5644971,2024-06-07T10:16,6,79.50,Card,Cancelled
7ebbfce4-6d47-4961-b18f-33a05900c0bc,56a75a3e-a944-4147-8cba-f1024726993f,2025-06-16T10:16,6,113.94,Card,Completed
5073e9bf-c799-4f9c-bf7a-432d893c17ba,a938df5f-7764-459c-8bfd-90409d16b3c6,2025-06-08T10:16,5,68.35,Cash,Pending
8c05873e-7353-474f-96d7-bcc03d9f6553,3dcaabe3-78c9-4d88-bed5-56ca7ceea07c,2024-11-19T10:16,1,15.03,Card,Cancelled
a5addabc-4515-4ce1-9716-4b93ff28bf18,bb9edfa8-17f7-4f6f-8e3b-616693a298b1,2024-08-19T10:16,5,139.65,Card,Pending
edd1ec11-f3e6-46aa-8439-f2cd6c5bfeba,058b9c75-b72f-4594-80d2-e41194ff7672,2024-02-21T10:16,3,43.47,Card,Completed
f32e49d7-3fa4-43e0-9998-b651abfaa58c,c46351bf-193f-49af-a5d6-456188837c3d,2024-10-17T10:16,5,52.80,Card,Cancelled
346fa5fe-f999-4d48-b21c-886be68a8467,0b2a0e9a-e050-4380-b607-57adcbbf59d4,2023-12-21T10:16,1,17.07,Online,Pending
65decd31-2749-4a00-874a-4ce4ab85f56b,a190f67b-21df-46bc-8164-46bdfa00af85,2024-12-23T10:16,3,47.10,Card,Pending
0f9c3be4-802d-4901-8486-616597ead5f1,1a48aa9a-def3-481d-922a-94300aa97309,2025-02-25T10:16,7,43.19,Cash,Pending
bbf50e5c-9be6-40fc-a3bb-279b85670e79,7a18d550-38d0-40b2-84a7-547162e7e409,2024-10-30T10:16,8,215.60,Card,Pending
861a5116-b78f-4888-8d4a-615fdf3ca5e1,b0d737cd-ec4b-4a88-aa81-d012ef3fb719,2024-03-20T10:16,1,25.19,Card,Pending
a20b76e7-4453-44c7-88f2-948dc2e76399,dcfb3d05-846d-4915-99f3-ebbc7559d972,2024-09-19T10:16,9,186.48,Card,Pending
9091f16e-239e-4bc3-9bed-d90cc06e021f,cf65c4b6-4c1c-420b-95de-23e5b56ffad5,2024-07-27T10:16,4,45.04,Card,Pending
5875e232-ad86-4e70-ba8b-afcd3169a8db,89d26a00-0fde-4c03-8430-b06f6bc3f33a,2024-02-21T10:16,7,168.70,Cash,Pending
a29a94ff-38b6-4127-b638-4b9d007b6e0e,92da274a-bea2-490a-bb52-196c46fa8487,2025-04-23T10:16,2,21.04,Online,Completed
41248910-ca66-46bc-a604-1d98795b7fb5,726d71e2-70fd-4416-8568-78619c14a73a,2023-12-08T10:16,8,135.28,Online,Pending
2e650853-6444-4e3c-9f6b-0edc3a4362fc,68169a66-a8d4-4763-914e-7befc826445b,2024-01-16T10:16,9,183.78,Cash,Cancelled
8de33fc2-e2af-4c83-b759-7ade8b04952f,953417c6-cd52-45e9-9ca0-bb450653c934,2024-11-21T10:16,4,62.00,Cash,Pending
d32ca2c4-d217-4178-8fe7-01880eed8a05,b95f7619-fab2-4df9-8683-1f2aeb93a660,2024-03-29T10:16,6,122.16,Online,Pending
de836bf9-137a-425c-9818-c5f2833833c6,27e45431-1333-4ffd-a0c8-be56ffdc5d4e,2025-01-25T10:16,3,71.07,Online,Completed
2de27806-439a-4c94-9c56-e10318700b4d,0d463f72-c3a1-4a2b-8d0d-1721a0d1a06b,2025-10-29T10:16,6,108.78,Online,Pending
cbf4a1bb-6996-420d-abff-b11f3e55a00f,500fde18-ea61-4380-9ea4-f06d09985870,2025-05-28T10:16,4,112.24,Online,Cancelled
02311f69-76fc-4a2e-b9d9-161c4e5b3be2,8113211c-bdc3-4bb0-94d9-3fd3871f3005,2025-08-16T10:16,9,232.38,Cash,Cancelled
603ae1d9-9e3e-4657-9eae-3e40bf33b7d4,050d9901-1cb5-413a-9c31-282028f863c1,2025-02-07T10:16,5,97.10,Card,Cancelled
f020772f-2f49-4800-a509-fb64ca8d78a8,10b26c2d-7d56-4175-84a8-a2775e128a9d,2024-07-14T10:16,7,148.12,Online,Pending
749feb42-4226-4a87-9e98-b1c6dc4094ff,3ab3404a-ee80-4ed2-8d90-a6f0dad14e48,2024-04-22T10:16,4,75.88,Cash,Pending
52b674b0-a845-4c21-a181-fdee99f5513c,000f9c8f-2fc7-4346-844d-c04f10751265,2024-08-28T10:16,5,111.65,Card,Completed
14a0657c-7170-41e9-b3dc-1c729f887da1,c1a09d60-c9e8-4489-a68e-e01b51541d33,2025-07-24T10:16,1,14.99,Cash,Cancelled
0b1cea21-0481-4662-9b84-1b888d664247,67c276b0-7be6-4f3c-bf86-c342095c8112,2025-04-26T10:16,5,30.90,Online,Cancelled
07e9f698-99fb-4fe3-b909-0858047dd3ca,0dd437d0-74fa-43c3-8909-5c955e4d47dd,2025-08-02T10:16,5,72.00,Cash,Pending
33a1c8ba-2edc-4621-88a0-3a77f329d4f0,795088d7-d227-422e-ad8c-f048bde0675e,2025-06-19T10:16,1,27.51,Online,Completed
8a094dc9-87c5-4b30-b0ea-8f29ae51bd9b,953417c6-cd52-45e9-9ca0-bb450653c934,2025-10-16T10:16,5,74.65,Online,Cancelled
2439587f-79b0-477f-a2ac-317317e1857f,f6c35464-33dd-44a7-bf84-071f2e427045,2023-11-13T10:16,6,166.98,Online,Completed
06f7a107-e3a6-4c83-9e2a-3c63839c9aa3,cd50913f-8c99-4253-9134-0cf5fe5f300f,2024-07-22T10:16,2,25.64,Card,Completed
80260170-8564-44ff-83b9-1a88c841620f,485b65e7-fdf4-474d-afba-37986d8d3cd8,2024-12-06T10:16,2,45.04,Online,Pending
d18471d6-575e-4ba0-a349-6deceaaaf904,0e0d5f13-edd5-4ab0-9ddd-3df111bedc5a,2025-01-28T10:16,7,38.22,Online,Cancelled
7bc2b574-777f-4ee0-a132-f95df1ef2ca0,46032f36-69bc-465a-9b33-a5d560bfd77a,2025-02-25T10:16,6,135.84,Online,Cancelled
04e0f923-ea66-4977-8fdb-4eac8b2b8528,515fe1d2-d33a-4b9d-8c19-07e0cbe81a9a,2023-11-18T10:16,9,172.62,Online,Completed
83684b95-ac9e-4a4c-bad9-e2fc14d14a3d,ada8704c-2784-4d70-84da-10078407d2c8,2024-11-04T10:16,6,74.28,Online,Pending
ae78e656-4e69-4495-af74-330a507e6d42,26d032f1-9fe9-487a-987a-a8be14e1db05,2025-01-06T10:16,8,150.80,Card,Cancelled
0762d298-c454-4156-bcd8-e0b8ed9e0232,058b9c75-b72f-4594-80d2-e41194ff7672,2025-10-26T10:16,1,29.16,Card,Cancelled
bdef927e-68fb-404f-91de-a172f310f7e1,3e97fc93-73a7-45e0-9888-f7a03ee258a7,2025-08-15T10:16,4,48.04,Cash,Cancelled
1548f204-776b-4192-bb87-35a1033bae4e,b03f75c1-655f-4480-a2bf-1a0af806e96e,2025-10-11T10:16,8,43.36,Card,Completed
4968ac25-f238-483a-a8fe-aa931234074a,c0d74d86-5c5b-481d-b8e3-61eeb9c77255,2025-02-23T10:16,8,229.92,Cash,Pending
9e3defc7-57f5-4850-a630-d979b4e6a0a5,36b880b0-e9bd-4c0b-8f1c-32018f6c758a,2023-11-14T10:16,1,11.61,Online,Completed
d8b3fadd-25c5-4a73-a8c7-13b0e4787222,6b1178fc-1745-401d-88da-3903c243ebe9,2024-10-20T10:16,1,5.64,Online,Pending
7809962c-cefa-4ee7-b739-10974d8b2d93,c46351bf-193f-49af-a5d6-456188837c3d,2025-10-21T10:16,9,98.28,Online,Cancelled
1e5741b8-0c9a-41d5-aee4-9071385ef7cb,5400d214-6176-40bf-88d2-3f53ed38bf69,2024-11-02T10:16,1,5.11,Cash,Completed
2b9eadbc-fce1-48a9-9852-25b365a0a9d6,8626238e-5813-415a-9a8c-db944b1e0269,2024-06-11T10:16,2,20.92,Card,Pending
0e9df64a-9b7c-411b-9085-b9c43ba8ed2f,0a15d43b-8f6b-444a-bef2-ffbddfdbd16f,2025-10-21T10:16,7,144.55,Online,Completed
798cde34-ef91-4de2-8392-ab058e3f9099,0d463f72-c3a1-4a2b-8d0d-1721a0d1a06b,2024-11-10T10:16,7,42.63,Online,Pending
eb80bef0-fd7c-4990-b573-eb60275402e3,9c53f3f8-5b22-4d77-bd76-cfa6c70e443c,2023-11-19T10:16,3,15.87,Card,Pending
b7fc2662-7523-40d2-89f8-a4f7826f398f,401a6911-a31e-4892-adc1-56e3e1eb090a,2024-03-11T10:16,5,35.45,Card,Pending
053da865-a861-4fff-a6e4-f11f370879f4,941529ef-2114-4bff-907a-4596ff4593a1,2025-04-07T10:16,9,180.63,Cash,Pending
4b157880-8d3e-4a77-8f4b-226603d4703e,910b1d47-5c37-48b1-8bde-96c60660f1d7,2025-07-27T10:16,6,47.94,Card,Pending
04d5bc10-f713-4de9-9343-f5f7076c2f09,e6cb1215-5314-4d05-bfd1-f6e5d36e89f7,2024-10-25T10:16,6,113.34,Card,Cancelled
fa4957a1-2442-486b-88eb-9f1fca826f02,27e45431-1333-4ffd-a0c8-be56ffdc5d4e,2024-12-08T10:16,3,62.13,Online,Pending
427c4d57-421e-4af3-9fa0-3577661ced0a,6b1178fc-1745-401d-88da-3903c243ebe9,2024-07-17T10:16,7,181.09,Online,Completed
1b1bbb2a-bc3b-4fa3-a71e-d2b18405aacc,6945f6f4-b8f9-4d04-90ff-e59ed705578e,2025-06-06T10:16,4,69.48,Online,Completed
66c9cc7f-43bf-409a-9f57-ea2a84209558,0b2a0e9a-e050-4380-b607-57adcbbf59d4,2023-11-18T10:16,4,32.52,Online,Cancelled
7887d9ab-628c-4205-bdc9-61f0201ed2b0,52c87fd9-fdf0-4256-b929-6153ad24a0ac,2024-09-24T10:16,9,159.48,Card,Pending
0e98038d-c3f6-4203-8d45-bf6d8d18146a,a190f67b-21df-46bc-8164-46bdfa00af85,2024-10-19T10:16,8,130.56,Card,Pending
5ccf4d53-1192-4a7d-a387-5c8991c9c294,3ab3404a-ee80-4ed2-8d90-a6f0dad14e48,2025-01-27T10:16,6,50.76,Online,Pending
bc1df01c-3b73-4201-a3e5-51f494079bdc,fdb5454e-2230-489e-ade4-9218ff28cbd8,2025-01-21T10:16,9,61.56,Online,Cancelled
a59d5554-0dca-451b-b0f0-3a06cca27249,09ba4183-1b94-4f8c-bc5f-eca421a88524,2025-04-05T10:16,8,230.64,Online,Cancelled
3185d3ac-d7fd-460a-8901-588cfc551d66,1a31c678-d420-495a-aff3-0f1609514e1e,2025-11-05T10:16,6,103.26,Card,Cancelled
3f65bbfe-d214-472b-8827-1896172d0c3a,67c276b0-7be6-4f3c-bf86-c342095c8112,2024-04-28T10:16,2,46.76,Cash,Completed
0cd5974c-35fb-4492-8cf9-91fd0a78cc2e,6c6a3b10-9747-4dca-a041-4edc22d147b0,2024-11-09T10:16,9,78.30,Online,Cancelled
22c51c56-442d-4441-ba67-c057ddc33f30,1a31c678-d420-495a-aff3-0f1609514e1e,2024-11-12T10:16,4,75.44,Card,Completed
0c5c6a2b-47e9-4fe8-98ef-b0c9c6b21356,b03f75c1-655f-4480-a2bf-1a0af806e96e,2025-06-19T10:16,9,179.82,Online,Pending
9fde0adb-f363-43fb-8ed3-ab37badaf5f8,80537cf2-360f-4740-8b7e-d4cd56e22987,2025-10-11T10:16,3,56.88,Card,Cancelled
2ef4da84-a8f2-465b-b454-40b695421060,964d337f-acd5-4ca2-8843-9be3f2eb60fc,2025-06-01T10:16,3,74.25,Card,Pending
8a72cb26-4b0a-4227-b602-45f42acc80fb,b0d737cd-ec4b-4a88-aa81-d012ef3fb719,2025-09-12T10:16,7,103.04,Card,Pending
305817d5-52a9-4a91-8336-509f5f23b73d,b03f75c1-655f-4480-a2bf-1a0af806e96e,2025-07-24T10:16,2,23.16,Online,Completed
173574c2-5e2d-46ce-9c48-abbeabfa5382,53db1213-7316-47bb-9099-c1def0e3c96b,2025-09-14T10:16,5,108.20,Card,Cancelled
3f7d9159-6b2a-4128-9046-18b194bfeb97,c9dcc28a-ae5f-477c-ae7e-72d94129f449,2024-03-15T10:16,2,55.86,Card,Pending
a84177e1-50a4-4f63-98d9-a43726bfd461,02c65c06-56ad-4670-b8e2-10ab417c7154,2025-08-25T10:16,2,38.66,Online,Completed
9a5e6b85-ff46-4675-9baa-6e47b005f623,0df3bae1-6384-4856-aa27-aef9f6c48b75,2025-03-21T10:16,7,41.79,Online,Completed
5e56b7b6-358b-4d5a-9b64-2c84962c7704,bc58b12c-65c4-4f21-89ef-3e492a22ef7c,2024-03-18T10:16,9,217.35,Card,Cancelled
ef0c0de1-4ed4-4d77-81fd-2b6554ade25e,a5ffc907-be77-43e6-8694-4a0bf09bd3fb,2025-03-13T10:16,7,82.74,Card,Cancelled
9a81e4c6-b494-4b63-9cff-dc0c74c00df6,8b115a34-224b-453c-be69-b53a7445b466,2024-03-02T10:16,9,265.14,Cash,Pending
e020e302-47a2-405d-8a82-b28d8e098a62,4739f27f-7a96-4d52-83ae-0c6fd4c8c606,2024-05-07T10:16,5,135.05,Card,Pending
01b953e3-bb1e-4e18-b209-efed2cf9f3ea,3e97fc93-73a7-45e0-9888-f7a03ee258a7,2024-08-16T10:16,5,29.65,Cash,Completed
0130a80e-a857-476f-b318-501e9d9d9b54,6e6d2c67-f7fb-4a98-8f9a-4822259b25c4,2024-09-10T10:16,4,40.16,Cash,Cancelled
af81f62e-163a-4080-b347-8f2e37490335,c83bba2f-5229-4998-9566-1f3179b13e8a,2025-05-30T10:16,8,218.40,Cash,Cancelled
fbcc865f-b624-4663-a83d-e08777ce144c,5eb75bc0-d5fa-4209-9d42-7767f3f0585b,2023-11-13T10:16,1,18.30,Card,Completed
881d33be-9b3f-4c28-8f0c-5f648f29633a,cb8747c7-32ca-4b6b-868d-13ab01d953ec,2024-04-21T10:16,2,58.50,Card,Completed
1a0ca749-7c89-438b-98c7-8ce2eea3988a,c83bba2f-5229-4998-9566-1f3179b13e8a,2025-01-19T10:16,7,55.86,Card,Cancelled
5347a83d-81bf-4293-bbfb-ea94fe549b86,1a31c678-d420-495a-aff3-0f1609514e1e,2025-05-06T10:16,6,94.38,Card,Cancelled
8b7a5096-6b30-42f2-be4d-764e469a4513,71f17b36-2c37-4cfa-bf8a-894fa94c0e9b,2025-04-12T10:16,9,235.08,Online,Cancelled
094b2c79-fcdd-4b58-8154-43988a2f58bb,401a6911-a31e-4892-adc1-56e3e1eb090a,2024-12-26T10:16,9,143.55,Card,Pending
d3539e55-fb65-4df5-b1e9-de6cf496ba45,52c87fd9-fdf0-4256-b929-6153ad24a0ac,2023-12-10T10:16,3,77.28,Online,Cancelled
d7ee77d3-5788-44af-a9bf-1c1e947e6cd1,8f7f530b-bb30-4a05-b437-744ed30af54f,2024-01-13T10:16,5,139.70,Online,Completed
1150c262-6b6d-4302-86ed-5116824be865,4e6807ca-aed8-4ec9-b1b0-0e3aba57efb1,2024-04-13T10:16,2,36.10,Card,Completed
087fc6df-0376-4736-b1e8-eaa8577c56af,80537cf2-360f-4740-8b7e-d4cd56e22987,2024-06-07T10:16,3,64.92,Card,Completed
a5bae72e-a740-4a97-aba1-017dd1b51ee5,98b17fed-218c-4f20-8410-9f0edfc74455,2025-05-01T10:16,9,110.88,Card,Cancelled
34be46b9-0e0f-48fd-bb7c-0ea95c051dc3,4e6807ca-aed8-4ec9-b1b0-0e3aba57efb1,2024-04-23T10:16,6,178.62,Cash,Cancelled
ee3efcaa-36ed-43b1-b9fe-7c08be91af7d,c3ffc43c-0c11-40fa-9824-f234161741d0,2025-01-21T10:16,5,93.40,Online,Pending
41fccab6-f59c-441e-8e36-4637dfc93666,26d032f1-9fe9-487a-987a-a8be14e1db05,2025-01-08T10:16,2,36.38,Online,Pending
5e17a296-ce51-44aa-82fa-b4402e41a567,cb8747c7-32ca-4b6b-868d-13ab01d953ec,2024-12-15T10:16,1,21.20,Cash,Cancelled
6e93568f-1fb3-4c19-b2ce-83b48071e8b8,f543de06-e341-4de2-95ab-ca0fd3ee51fe,2024-01-26T10:16,7,196.70,Card,Cancelled
ed804b18-293d-4d07-b75c-ff0926727ee9,b3688304-b24b-416a-9bf4-c2b6aaeb59d3,2024-04-29T10:16,6,32.04,Card,Pending
202f6fda-7741-4856-a892-a229611ab2d7,bb6bf39c-f455-4e08-a59e-1bdaaa91d4aa,2024-11-06T10:16,3,62.82,Cash,Pending
3565376c-cd7f-4748-9888-870195f7f235,795088d7-d227-422e-ad8c-f048bde0675e,2025-07-24T10:16,5,50.45,Online,Cancelled
91bc7af1-e0d8-4b45-8060-433fe2129e1e,b3688304-b24b-416a-9bf4-c2b6aaeb59d3,2024-07-28T10:16,5,117.40,Card,Completed
e29cf80d-50e2-4b1a-84cf-4d8247d3f447,f0a6a958-e434-41bf-a830-dffa55a34db5,2024-07-09T10:16,4,79.36,Card,Cancelled
342141f6-0e0c-4f08-b960-63f8887334d9,74e76582-f1b8-4560-b049-8aebb59d4721,2024-07-30T10:16,6,88.20,Card,Pending
10b41b2b-1da2-4e31-afb5-f583e14c3761,8b546c63-5406-493d-bc69-cfb594b38267,2025-07-24T10:16,7,68.32,Card,Cancelled
a9ee9f06-4c3b-4d6a-a76a-d8679f4abf4a,1233cc27-7567-48e0-8dd2-6b0019506c2f,2024-05-06T10:16,3,66.81,Cash,Completed
86cd9617-adea-47eb-ac48-54befc8cd387,98b17fed-218c-4f20-8410-9f0edfc74455,2024-02-15T10:16,7,162.40,Card,Completed
801263fc-c1ec-4e08-8fb7-6a6df9091af4,ada8704c-2784-4d70-84da-10078407d2c8,2025-06-08T10:16,6,98.76,Cash,Pending
ffb8bf68-650d-4272-b3ec-0fc7afcd6d23,c46351bf-193f-49af-a5d6-456188837c3d,2025-05-29T10:16,4,38.24,Cash,Completed
b259ce23-112f-4827-b304-396ea241a1bf,cf65c4b6-4c1c-420b-95de-23e5b56ffad5,2025-03-02T10:16,4,25.72,Card,Cancelled
aee09d85-e8bb-491d-ae8f-90d80a887efc,73a2b03c-2dca-486e-8ebc-c4d6bb68a8c6,2024-05-23T10:16,4,34.16,Online,Cancelled
91c636da-9468-4012-a5c7-1b5a9be34bce,71f17b36-2c37-4cfa-bf8a-894fa94c0e9b,2025-08-16T10:16,5,41.15,Online,Pending
7a11d023-954d-47c6-9356-1510ee3db076,00d7ae70-0f46-4453-963c-4ab2a3d29314,2025-06-10T10:16,2,13.28,Online,Cancelled
485b1ea9-ece4-4a1e-b77e-0d761e6fecdd,8e1bbe6c-7b75-46dc-8ca1-0b1664cd6ae4,2025-01-04T10:16,5,66.20,Cash,Pending
105a3329-b07f-4f5c-bb67-66150f3a48cd,a302a1a8-c429-406f-abff-9f273aa0a4b5,2024-10-02T10:16,4,61.56,Cash,Cancelled
c7e8e037-5cf9-4849-9083-80e138774e08,ec3490d2-e8da-47ee-ae12-0ca0b1d7a2bb,2025-01-08T10:16,8,49.60,Cash,Cancelled
15d11c75-448c-4a3e-8cca-431e80e47759,5d6f84a5-a4de-442e-99b9-b8ef714b4436,2023-12-12T10:16,1,26.66,Cash,Completed
ebcb930a-3251-448d-95ea-b509eae7f11f,0a5a9fc7-e126-48f0-99aa-dea85c606f66,2023-11-29T10:16,4,44.48,Cash,Cancelled
7768c482-ceb4-4152-b98c-4085caf4e12a,365c90d0-a590-4209-9401-2ce55af5ed98,2023-12-06T10:16,4,71.84,Cash,Completed
0cd0bbf7-8d07-4dac-afb5-b55a7b647314,ecf1ffb0-ac00-4968-87ea-8beef4ace55a,2025-08-08T10:16,9,72.72,Online,Completed
9da63cb8-e29d-4ddc-82bd-1e55101265fa,ecf1ffb0-ac00-4968-87ea-8beef4ace55a,2024-09-04T10:16,7,197.96,Online,Completed
caefd58b-2eae-4f56-96b8-e9291e1d4b0f,964d337f-acd5-4ca2-8843-9be3f2eb60fc,2025-04-25T10:16,5,26.05,Cash,Pending
300f6ba4-46ab-4e96-aea3-b6389a0aa61a,f067e21d-d1d4-4e87-9cae-9753f5f9ccb6,2024-02-02T10:16,6,163.38,Card,Cancelled
7cfa82cd-fea1-4665-bba6-a4aca7700ee7,b04ce307-2d1f-4214-b023-d8f4379041a1,2023-12-07T10:16,8,231.92,Card,Completed
f30bcd6f-a9d1-4686-9f07-9f36174667cc,726d71e2-70fd-4416-8568-78619c14a73a,2024-03-24T10:16,9,99.81,Cash,Cancelled
abc40ba7-cff1-4dff-9f16-85e901173d86,65b2c0ea-6192-47fc-9286-2c1dd3ecefb1,2025-09-09T10:16,5,32.55,Cash,Completed
7b37bebe-9ae1-4315-9bfc-637a4b385a8b,52c87fd9-fdf0-4256-b929-6153ad24a0ac,2024-12-01T10:16,6,101.82,Online,Cancelled
fa830fd7-cde7-4a5d-a36d-d57b46e858eb,428424b7-1f94-496a-8b7a-497ce177d32c,2025-04-20T10:16,7,112.63,Online,Completed
56859a7e-f8cf-4c1c-96c6-6f5b5e000cbe,c9dcc28a-ae5f-477c-ae7e-72d94129f449,2024-03-15T10:16,5,119.70,Cash,Pending
8f0de941-e813-4017-a0b0-a56c5bbe5186,05ccd8a5-ea5f-4353-bd1e-3022152b0685,2025-05-12T10:16,1,27.38,Online,Completed
6c594538-421b-4db7-9186-36f45070d32d,c9dcc28a-ae5f-477c-ae7e-72d94129f449,2025-02-12T10:16,2,14.52,Online,Completed
e87ae313-861f-4454-8cbf-020e9d37d812,8f7f530b-bb30-4a05-b437-744ed30af54f,2024-04-26T10:16,3,62.25,Online,Pending
9014032f-ac47-45be-9270-7fc12c170c56,515fe1d2-d33a-4b9d-8c19-07e0cbe81a9a,2025-02-17T10:16,5,109.00,Card,Completed
08a0d122-193f-46a0-90fd-3cc3956cb694,8113211c-bdc3-4bb0-94d9-3fd3871f3005,2024-05-01T10:16,5,97.75,Cash,Completed
d32e8e8b-a903-4302-a635-16e1e5b1f791,67c276b0-7be6-4f3c-bf86-c342095c8112,2024-07-21T10:16,5,44.95,Card,Completed
e278442a-b393-4498-9cf8-512eb6355418,bfa3444b-2be9-46be-b944-720d86a59770,2024-11-08T10:16,6,69.06,Card,Pending
33a33fd9-b475-4061-af5c-8ec7009a9df0,3e97fc93-73a7-45e0-9888-f7a03ee258a7,2025-04-26T10:16,9,192.06,Online,Pending
15ad717a-63b7-4783-8b06-93c6ad254a6a,52f5634d-de98-4543-8a1e-cbf1e2d0242f,2025-07-07T10:16,5,82.55,Online,Completed
cf00040c-0ff1-4db1-ae6b-72f528cbf967,11526850-7335-463f-b740-a52a90457c3b,2024-05-26T10:16,3,43.14,Card,Pending
3a37a2a5-784c-4ae2-a089-c1eb11d4ed32,2a109685-1399-4149-8951-fba29bb0360d,2025-05-15T10:16,3,78.36,Card,Cancelled
10be07bb-54c7-4d3d-8789-7ba6d204ca6f,dcfb3d05-846d-4915-99f3-ebbc7559d972,2024-06-28T10:16,3,22.11,Cash,Pending
6a35893b-f4a7-4fe9-9f70-354e482966a6,e6e1db85-f8ba-4264-9c9a-520ecda4bc4c,2023-12-04T10:16,7,50.33,Online,Pending
18b6cf4a-5182-4034-8c4b-ee43174535ca,21edfc22-3f73-4335-a774-3cf78ab65e86,2024-08-03T10:16,7,43.26,Online,Cancelled
93facc00-3839-4d05-a5b6-b079319d08a1,0130fcd4-a6cf-4a72-8400-7bcae1abce34,2024-01-31T10:16,9,63.09,Card,Pending
ecfe71da-2a27-4f4b-a08d-54c9b43645a4,92da274a-bea2-490a-bb52-196c46fa8487,2025-03-24T10:16,8,41.92,Card,Pending
6578ffa6-6aa5-4aa3-9ae2-c9943e50797e,0a5a9fc7-e126-48f0-99aa-dea85c606f66,2024-09-18T10:16,6,77.76,Cash,Completed
d63dc5cd-a460-4bac-b6f9-21f8458660d5,ada8704c-2784-4d70-84da-10078407d2c8,2025-04-24T10:16,2,16.60,Cash,Cancelled
17021c41-47eb-41b0-9d36-31f4a5e0f5d5,c3ffc43c-0c11-40fa-9824-f234161741d0,2024-03-13T10:16,7,68.81,Card,Pending
e674bf46-2243-47f5-9ef5-f55d58ffac82,90f0db1e-2b19-43f7-ba17-233c7c214eca,2025-05-25T10:16,7,198.94,Card,Cancelled
e7a32b50-522a-426e-8e5a-038bb381f912,1d32c3b3-c732-4995-aa6b-ff159deb3bdf,2024-05-03T10:16,4,86.72,Cash,Pending
29945510-ec33-4a09-8ce6-0fbd5ed94382,92da274a-bea2-490a-bb52-196c46fa8487,2024-06-27T10:16,7,64.33,Online,Completed
8f4660e8-0399-4bae-b96f-bbe78c8ee863,14eace30-1ac2-411e-8eef-98e8f32a87fb,2025-01-02T10:16,8,207.68,Online,Completed
51b46d80-9a1c-4d75-8dfd-0328d0b78fce,f3826f04-0dfa-4266-8002-58fede0093f5,2025-07-30T10:16,7,35.35,Card,Cancelled
bc9307a5-0321-4958-bace-68eceb644710,0472ca7f-b133-4710-8f43-24a3c6c1afd1,2025-09-16T10:16,2,12.40,Online,Completed
81519165-85b1-45dc-bbf3-f190437c24a3,7d2df59f-386d-4aec-85a8-2443262a0cb4,2025-04-11T10:16,4,111.32,Cash,Pending
bb60509b-4f9e-4175-85e8-a84b82b883a7,21edfc22-3f73-4335-a774-3cf78ab65e86,2024-03-10T10:16,5,54.55,Cash,Pending
00022e4b-6953-4647-88a2-ca49f10c935f,1d32c3b3-c732-4995-aa6b-ff159deb3bdf,2024-03-16T10:16,1,23.85,Online,Cancelled
0809a177-e733-4c44-8d0b-b67bd19533ff,09ba4183-1b94-4f8c-bc5f-eca421a88524,2025-04-04T10:16,3,17.76,Cash,Pending
5c96d2c3-e04e-4f91-98b9-90509fcb7058,e6cb1215-5314-4d05-bfd1-f6e5d36e89f7,2024-04-17T10:16,8,70.88,Cash,Cancelled
01425571-9e9c-4cb4-8bea-987c74b74db2,bb6bf39c-f455-4e08-a59e-1bdaaa91d4aa,2025-04-19T10:16,4,111.44,Card,Completed
fe7c495a-3090-4c01-a3c1-94a2ca59c82a,ebe19120-496a-47fa-87eb-2440212a3363,2025-08-23T10:16,2,42.78,Cash,Pending
11a88f67-1d0d-4292-9b6a-4f6522913049,74e76582-f1b8-4560-b049-8aebb59d4721,2025-11-08T10:16,4,110.32,Cash,Cancelled
4e0d3880-66fa-40c3-9340-51282e82a15c,11526850-7335-463f-b740-a52a90457c3b,2025-01-10T10:16,7,101.92,Card,Completed
6e2350f7-e618-48c1-8831-7c99f867329e,d7af10ce-45c9-4fc8-8dd8-b1c5491aad5f,2023-11-30T10:16,5,95.80,Cash,Cancelled
1ba132b3-a6fb-4469-8186-82085e0e357e,f3826f04-0dfa-4266-8002-58fede0093f5,2025-02-04T10:16,6,129.36,Cash,Completed
06eafc77-ce68-47c9-827e-467b151d4e2f,f067e21d-d1d4-4e87-9cae-9753f5f9ccb6,2024-03-15T10:16,1,16.77,Card,Cancelled
604629c5-8d4a-430b-9dfb-a99dcf83ab6a,09ba4183-1b94-4f8c-bc5f-eca421a88524,2024-04-22T10:16,8,225.36,Online,Completed
397dc607-e1e5-416d-bc54-3a2d0093a575,5eb75bc0-d5fa-4209-9d42-7767f3f0585b,2025-08-31T10:16,8,82.88,Cash,Completed
a6e2413e-c8f2-4f57-a914-eef565b45209,e38afcd9-9e08-47ba-bc92-5ebb4bc271eb,2025-10-29T10:16,9,190.62,Card,Cancelled
d0cfc8ee-0973-4464-9263-f1b874c08eca,8113211c-bdc3-4bb0-94d9-3fd3871f3005,2024-11-11T10:16,9,52.29,Cash,Completed
f5445eba-4bfa-4c9d-8e27-ed030cb62b24,485b65e7-fdf4-474d-afba-37986d8d3cd8,2025-11-10T10:16,9,183.78,Cash,Cancelled
3fccf664-d635-47db-bb35-e4cb9b3d5dfe,62a2bfef-ca4a-4dec-90ea-bf15ea1880d2,2024-01-11T10:16,4,103.24,Cash,Cancelled
73e663a5-cb37-4f3d-b26a-6ba406ffff49,3910ab11-8758-4a4f-8a9b-c4f5df7413c4,2025-06-14T10:16,1,26.26,Cash,Pending
e66295e8-1212-4f96-b12d-312ffa6d2fe8,500fde18-ea61-4380-9ea4-f06d09985870,2025-07-27T10:16,9,262.71,Online,Cancelled
ceb1b9d9-6f16-4066-a963-b556d698b1e4,09ba4183-1b94-4f8c-bc5f-eca421a88524,2025-09-30T10:16,1,13.73,Online,Completed
e6856c45-722e-46c0-b277-61bef28f4bb7,1a31c678-d420-495a-aff3-0f1609514e1e,2025-04-07T10:16,1,16.25,Cash,Pending
3d54289a-b44c-421a-bfe7-87bfd41fbbbc,65b2c0ea-6192-47fc-9286-2c1dd3ecefb1,2025-01-02T10:16,9,239.85,Card,Pending
9187fc27-0557-4140-a52b-4666a04a698f,ecf1ffb0-ac00-4968-87ea-8beef4ace55a,2024-07-19T10:16,5,116.55,Card,Pending
1b899d02-bfc0-462f-a73d-50961abbb12e,0a570207-0f70-467f-bbeb-44a0a60a9a25,2025-01-06T10:16,1,20.77,Cash,Completed
223ecb44-719a-4af1-871c-03cc751cd9e3,058b9c75-b72f-4594-80d2-e41194ff7672,2025-06-18T10:16,8,76.96,Online,Pending
5ce94d31-e807-4296-b51b-5879adfa815c,dcfb3d05-846d-4915-99f3-ebbc7559d972,2024-08-23T10:16,6,47.10,Card,Cancelled
1f08d47d-4cf7-4038-8581-9c5781ed5143,fdb5454e-2230-489e-ade4-9218ff28cbd8,2024-05-17T10:16,6,126.24,Online,Completed
b48e3ac1-62f7-4ee3-a533-6d92962784db,0b2a0e9a-e050-4380-b607-57adcbbf59d4,2025-09-08T10:16,9,157.23,Card,Cancelled
4bbc9260-c7e7-49d8-8a33-af75768bd834,983d66ae-c8b0-46b8-8abc-26a1055cf729,2024-06-26T10:16,8,191.36,Card,Pending
c1906b45-9aa1-4103-83c9-aec7b6164749,e6e1db85-f8ba-4264-9c9a-520ecda4bc4c,2025-05-18T10:16,5,77.95,Online,Pending
cdf94fc3-8230-4482-ac93-3b0b3b61c373,6bd388d4-5636-450b-bacd-55bdcb769bab,2024-01-22T10:16,8,118.88,Online,Completed
1a0b4ef7-ecbb-4dca-820d-e612c2a86770,5f6e51da-5f01-4c9a-85dd-7d50ef37e5d7,2025-04-06T10:16,9,135.72,Cash,Pending
2b9ed120-b4af-4297-9390-2e1679bfa552,d5eaf6a7-76cc-48ec-98d9-ba713e2df70f,2024-10-31T10:16,7,113.05,Cash,Pending
74e052d4-6e0d-4ed6-8ba0-216f2e19c97a,d33bbfcd-a2ca-4e80-8a1c-65223f061e7e,2024-10-14T10:16,3,38.97,Online,Completed
059b0194-9b0a-4491-b3ff-2762e97c7eb8,bfa3444b-2be9-46be-b944-720d86a59770,2024-08-02T10:16,1,29.42,Card,Pending
788392c7-5dd0-492b-a4b0-5379ccc85c6f,02c65c06-56ad-4670-b8e2-10ab417c7154,2024-11-15T10:16,1,5.20,Cash,Pending
cac16ba4-34bb-49a4-ac3c-b87227eeddd6,36b880b0-e9bd-4c0b-8f1c-32018f6c758a,2024-11-19T10:16,3,69.84,Online,Cancelled
80ca5ff3-3af3-496b-abde-ed88454eaa97,885715b6-b1eb-44ca-8460-28c0343e56f3,2025-05-02T10:16,8,105.92,Cash,Pending
60aad0aa-7151-4630-8485-e7facfee56fd,6117b6f0-c4f4-4bf1-9eeb-f33950decba8,2024-07-28T10:16,1,9.04,Cash,Cancelled
44b0a9a1-dda9-4d0e-a479-545f9f503fa2,89d26a00-0fde-4c03-8430-b06f6bc3f33a,2024-10-04T10:16,9,90.63,Card,Cancelled
29a3555d-1252-4a5f-9810-62d9f93281a9,103fcba5-5588-45a5-9fe0-6ac948d3860e,2025-08-24T10:16,6,121.80,Card,Pending
99bebc27-20bf-4f65-a247-ace6287bddc0,53db1213-7316-47bb-9099-c1def0e3c96b,2025-07-03T10:16,1,5.78,Card,Completed
2faa2ccb-7654-4908-9d6d-eca8bee3253d,ada8704c-2784-4d70-84da-10078407d2c8,2025-10-03T10:16,9,245.07,Card,Pending
2e663f0f-b814-4918-8562-36462b411e1d,aff4340c-d102-49ba-af8e-84d2737ce82c,2025-01-12T10:16,2,29.12,Cash,Cancelled
556ff855-6637-45e9-9973-7d765ee5aa88,6b1178fc-1745-401d-88da-3903c243ebe9,2025-11-03T10:16,6,164.04,Card,Cancelled
a1f287d4-a315-43ac-a409-627e3a7aa94e,ceafdb2a-788d-48e0-acdd-bd533a2e7ab6,2025-09-25T10:16,6,91.20,Online,Pending
f89ae21b-e8fa-4984-9413-e8d486349b1a,e119f98a-df63-41dc-8e01-bb49ca2dc724,2024-08-14T10:16,4,107.96,Cash,Cancelled
08b21bc5-c5c3-4546-9e02-bbdb2afa7382,2ca088cd-c6c6-4e60-a1a4-d2990ee21b12,2024-04-20T10:16,7,143.08,Online,Cancelled
6ce6ae87-3050-4c41-a65b-1bcf35717ec5,b3688304-b24b-416a-9bf4-c2b6aaeb59d3,2025-09-18T10:16,3,21.00,Online,Cancelled
43a3c9ff-bc40-44a3-80fd-2b5b8cd5d239,6e6d2c67-f7fb-4a98-8f9a-4822259b25c4,2024-09-10T10:16,1,9.58,Card,Completed
02be894a-853f-437b-9a8f-20d05566893b,b3688304-b24b-416a-9bf4-c2b6aaeb59d3,2025-05-17T10:16,8,164.80,Cash,Cancelled
2757e2ec-bd81-4c36-8991-d6e13f71f2d6,7a18d550-38d0-40b2-84a7-547162e7e409,2023-12-26T10:16,6,62.40,Online,Cancelled
8dca7ec6-221f-4a76-a28b-7f807d8e027a,058b9c75-b72f-4594-80d2-e41194ff7672,2024-10-09T10:16,8,136.24,Cash,Completed
f886564c-b87b-4382-ba2e-36c8f53d1b54,a3f626b9-cc27-4c04-8570-be79ab8bda4a,2025-04-10T10:16,1,11.07,Online,Cancelled
036f89dc-6762-446b-a50f-b0c32bd14347,68169a66-a8d4-4763-914e-7befc826445b,2025-03-15T10:16,7,160.65,Online,Completed
a0acf127-d107-4aeb-824c-9a700e7279ca,bf0de251-90d7-423c-8b31-48df1a89964f,2024-10-25T10:16,6,88.26,Card,Pending
f07c34b0-dc82-44a1-a3ec-b2acc70d1e96,23650eb4-f98d-45a3-a90b-a378f03d469d,2025-04-19T10:16,6,68.58,Card,Pending
4b8e6d2c-0f38-4f81-869c-7f5242d64ba7,964d337f-acd5-4ca2-8843-9be3f2eb60fc,2025-10-03T10:16,8,179.28,Cash,Pending
6ba3c5c5-3c0f-49d0-8e2b-9133b7918bcf,8f7f530b-bb30-4a05-b437-744ed30af54f,2023-12-09T10:16,2,23.56,Card,Pending
0545fa6c-8e9f-4d1a-a578-36da5fb9de6e,6c6a3b10-9747-4dca-a041-4edc22d147b0,2025-01-30T10:16,5,133.10,Cash,Pending
81a26f3f-8be0-4bd4-ad14-a79cdc5e60f6,824998a2-7592-4051-ab0b-d5e12743c93b,2024-10-07T10:16,7,91.70,Cash,Pending
9e4e777e-2db4-40b2-bd8c-95bc6126f443,6c6a3b10-9747-4dca-a041-4edc22d147b0,2024-03-29T10:16,7,208.04,Card,Pending
cc87ab0b-578a-4c56-ac5f-60ef74b4a225,d6d4ef4b-0870-48aa-b884-013237f255f4,2023-11-28T10:16,7,182.28,Online,Cancelled
d18cbaa6-b347-49be-8585-2d2bd6f0a6f6,ceafdb2a-788d-48e0-acdd-bd533a2e7ab6,2023-12-22T10:16,4,114.32,Cash,Pending
4d6f398a-4b08-4e49-996b-602731055a7d,7a2e5fa5-096b-4701-8ce6-7a3db39bf8eb,2025-06-29T10:16,4,110.32,Card,Cancelled
03d5804e-3408-43a0-affc-a5406abd8665,02c65c06-56ad-4670-b8e2-10ab417c7154,2025-02-19T10:16,6,71.70,Online,Completed
36985664-fae9-48c7-8dfb-7eb36ade2efe,1407e9cf-22c9-4137-a2fe-cc12dc038235,2024-04-05T10:16,8,76.64,Cash,Pending
880654cd-c299-47cd-bfd6-ec3417af843b,ada8704c-2784-4d70-84da-10078407d2c8,2024-01-20T10:16,4,53.48,Card,Pending
56f3e601-cc6b-43bc-8852-6db991f57e2d,c3ffc43c-0c11-40fa-9824-f234161741d0,2025-02-15T10:16,2,30.00,Card,Cancelled
54061fef-cad1-4b47-ae8a-40d222c35ec3,3e97fc93-73a7-45e0-9888-f7a03ee258a7,2024-08-14T10:16,6,147.06,Online,Pending
bba3d0f4-24dd-4908-865b-2955c56db9c4,b047b369-02d0-4f25-9af0-f1e883228863,2025-02-18T10:16,7,166.53,Cash,Completed
126a214a-205b-42bc-acbc-840370bb0168,8b115a34-224b-453c-be69-b53a7445b466,2024-01-21T10:16,8,123.20,Online,Completed
e964045c-a325-4431-9094-a0116018327d,0dd437d0-74fa-43c3-8909-5c955e4d47dd,2024-05-19T10:16,6,145.62,Online,Completed
f60dc297-6c97-4a89-ba8f-ccbd77475ada,d5cfb1a3-ce2f-4aff-ab4c-50e0c5426af1,2025-01-20T10:16,7,95.20,Card,Pending
e4cdde3c-c47d-482a-beaf-3a671c47da3f,0a0ac3e5-6e20-4fbc-87ec-5481c70e38bc,2024-03-07T10:16,4,99.28,Online,Cancelled
8f4e71cd-96bc-40eb-beee-d3b87598403e,5eb75bc0-d5fa-4209-9d42-7767f3f0585b,2024-01-12T10:16,8,233.52,Card,Completed
7611c8e2-564d-4b38-8e32-731d86f2604b,b0d737cd-ec4b-4a88-aa81-d012ef3fb719,2025-06-05T10:16,9,146.16,Online,Completed
b44bf921-8e83-4b44-b68c-e4ecebc2cb59,27e45431-1333-4ffd-a0c8-be56ffdc5d4e,2024-02-28T10:16,1,10.36,Online,Pending
8052eead-f3e2-44c5-8b53-b88745a47cfa,8113211c-bdc3-4bb0-94d9-3fd3871f3005,2024-12-09T10:16,2,27.26,Cash,Pending
bfaf64ea-a8da-49bb-b932-d22f1802539b,1eeb9c5f-5b7a-47af-b4f1-5a50d9d1089c,2025-06-28T10:16,4,111.92,Online,Completed
66eb14fb-1553-43b8-8dda-7a5d32f6c4f2,e12c3d24-86c8-474f-b86b-370df36adbfe,2024-05-13T10:16,4,95.32,Online,Cancelled
4e0bdbba-8491-4c35-bef6-53d0f7515e81,23650eb4-f98d-45a3-a90b-a378f03d469d,2025-05-02T10:16,7,40.04,Card,Pending
f744204e-f466-4a75-a0f1-25d50c41c9b6,8e1bbe6c-7b75-46dc-8ca1-0b1664cd6ae4,2024-02-29T10:16,6,67.74,Online,Pending
ce989dcc-a064-4e95-adb0-416954f19f9c,b90a3a7f-421e-47e5-8598-fe50f365a62e,2024-12-25T10:16,6,164.40,Online,Pending
914f0566-6217-498f-abb5-e2547da1a964,53db1213-7316-47bb-9099-c1def0e3c96b,2025-07-24T10:16,9,226.71,Cash,Pending
b8350d7c-be07-4173-8353-2c7041da22ce,910b1d47-5c37-48b1-8bde-96c60660f1d7,2024-01-14T10:16,7,202.51,Online,Completed
8e0e86fd-6451-496d-ba66-9f61357a3238,ff4db0d8-e809-46e8-9ae0-78ffee4902d9,2024-04-23T10:16,4,62.32,Card,Completed
293c8a78-8fd3-4901-a136-6434f23aedc0,00d7ae70-0f46-4453-963c-4ab2a3d29314,2024-06-15T10:16,4,110.72,Card,Completed
2c8f1853-916c-4eb5-888a-e2d44fc7baee,c9dcc28a-ae5f-477c-ae7e-72d94129f449,2024-06-02T10:16,8,214.24,Online,Cancelled
d283e102-1172-47d2-9b57-77e9a372d7be,cf65c4b6-4c1c-420b-95de-23e5b56ffad5,2024-02-02T10:16,4,84.00,Card,Completed
8a2309fe-fabc-4b71-9e4f-98178f657b53,d7af10ce-45c9-4fc8-8dd8-b1c5491aad5f,2024-03-18T10:16,8,233.76,Online,Completed
948ea9b2-2f95-4931-b7f5-996abe9ae5a5,9c53f3f8-5b22-4d77-bd76-cfa6c70e443c,2024-07-08T10:16,3,33.96,Cash,Cancelled
208754db-9965-4ef4-b4f9-999d2a8ed5e8,a302a1a8-c429-406f-abff-9f273aa0a4b5,2024-09-17T10:16,8,107.68,Cash,Completed
948bc3e3-4679-487c-9f9e-a31a2c4e7922,5eb75bc0-d5fa-4209-9d42-7767f3f0585b,2024-05-19T10:16,5,145.50,Cash,Completed
1a1ed7eb-687c-4278-a7f4-d7df22273761,6945f6f4-b8f9-4d04-90ff-e59ed705578e,2024-04-19T10:16,7,78.61,Online,Pending
98e130a1-afcf-4d9e-b117-819b351d2fa0,a938df5f-7764-459c-8bfd-90409d16b3c6,2024-09-17T10:16,6,126.12,Online,Cancelled
9ca65b34-003a-4ec5-8ed1-aea84291d1ae,7509850a-5062-4da9-aad6-bc5b9e363ef1,2024-12-05T10:16,3,17.91,Cash,Cancelled
d1213b16-b591-425e-bfda-fcff8812f2e9,8b115a34-224b-453c-be69-b53a7445b466,2024-07-07T10:16,5,103.50,Online,Pending
9f42adb5-01c0-449e-aa6e-8f857a544be8,0df3bae1-6384-4856-aa27-aef9f6c48b75,2024-12-02T10:16,1,17.26,Card,Pending
035f81ca-7217-41e5-b829-beb80d90da2c,4e44f26d-5455-405b-8fdb-63ab8b739ecf,2024-04-21T10:16,9,201.60,Online,Completed
1d91d38c-1c40-415f-ab98-95df5bd1653c,f6c35464-33dd-44a7-bf84-071f2e427045,2024-06-28T10:16,4,26.76,Online,Cancelled
ccd46dfa-9976-4a54-8c36-f552acaeb5e9,485b65e7-fdf4-474d-afba-37986d8d3cd8,2025-11-08T10:16,9,58.05,Online,Pending
f38a1923-77b2-4b1d-8580-df7686704378,ebbc7df0-770d-44f8-b0ff-c62f9006e40e,2024-03-12T10:16,2,53.50,Card,Pending
18a22e99-5354-40ad-ae3e-2794481ddcdd,3befa4dc-d961-4a3a-9410-d43d1bdaa335,2025-07-17T10:16,1,5.69,Cash,Cancelled
75ec3925-78a3-404e-b02d-36b80644512b,c46351bf-193f-49af-a5d6-456188837c3d,2024-12-19T10:16,6,119.76,Cash,Cancelled
f266d5d8-21a3-45df-8084-e1a44d64d465,ada8704c-2784-4d70-84da-10078407d2c8,2024-05-24T10:16,2,20.68,Online,Completed
f85d2ada-cacd-4a33-a403-071b3ef94785,050d9901-1cb5-413a-9c31-282028f863c1,2025-08-16T10:16,8,89.76,Cash,Cancelled
8fc78e6f-a4dd-4261-9920-37c0e3c17ab7,e119f98a-df63-41dc-8e01-bb49ca2dc724,2025-03-11T10:16,9,269.91,Card,Completed
96c18537-42d6-40b5-99da-33a12f0b3301,941529ef-2114-4bff-907a-4596ff4593a1,2024-07-05T10:16,7,171.01,Online,Cancelled
259619a4-c390-474f-a8c8-3f79e8a866ef,b04ce307-2d1f-4214-b023-d8f4379041a1,2023-11-26T10:16,9,211.23,Cash,Cancelled
3b864b75-8855-4768-af79-d6e8d737c002,39cb44e2-a541-4b98-bc0b-db5f31cf8710,2025-02-09T10:16,7,75.04,Card,Completed
417b5b69-95b9-4599-be46-1e79500e5d62,3e97fc93-73a7-45e0-9888-f7a03ee258a7,2025-07-09T10:16,8,133.20,Online,Pending
f7bedfad-72ec-4c1d-a0a9-01e04374d20d,c5817fdc-a4dc-4879-b957-30cfda62016b,2023-11-15T10:16,6,53.22,Online,Cancelled
65c77f54-4611-40bf-8d86-eafc510f6ea0,935ebde1-5945-4673-886e-1a7a12cc2d4e,2025-01-14T10:16,3,32.07,Card,Pending
5357b759-2763-45a1-b5bd-fb57e4007788,0b2a0e9a-e050-4380-b607-57adcbbf59d4,2023-12-26T10:16,2,36.12,Card,Completed
5d577757-7f01-44c0-a1c4-d5cb3f6fce5d,3dcaabe3-78c9-4d88-bed5-56ca7ceea07c,2025-08-31T10:16,5,55.65,Online,Cancelled
fc3aea44-6634-4408-82cc-910bc7c7b9e9,ada8704c-2784-4d70-84da-10078407d2c8,2025-05-05T10:16,8,134.00,Online,Completed
c53b5849-e509-4b44-819e-c9897e73717e,d5cfb1a3-ce2f-4aff-ab4c-50e0c5426af1,2024-07-20T10:16,9,55.53,Cash,Cancelled
0f150e2b-4571-4820-8d33-d2420beeef13,bb9edfa8-17f7-4f6f-8e3b-616693a298b1,2025-01-04T10:16,5,105.05,Card,Cancelled
fdf3d16f-3872-453a-9069-4500cfbc23d3,f0a6a958-e434-41bf-a830-dffa55a34db5,2024-01-05T10:16,9,218.25,Cash,Cancelled
1ad29432-ef28-4ba0-8a62-27b6674fb0a8,103fcba5-5588-45a5-9fe0-6ac948d3860e,2024-07-27T10:16,6,65.64,Card,Cancelled
70b0db22-b105-4cb2-8a47-c98d109243c7,b0d737cd-ec4b-4a88-aa81-d012ef3fb719,2024-07-31T10:16,5,83.60,Cash,Cancelled
b3007dd0-3943-4d46-aa7a-f3fee2b727b5,ec3490d2-e8da-47ee-ae12-0ca0b1d7a2bb,2024-06-03T10:16,8,132.00,Online,Pending
b5ce23fa-18e3-4b1d-9801-f09813f48337,6f61ca8e-51a1-48e0-abfa-88326e713e34,2024-07-10T10:16,8,142.72,Cash,Cancelled
12c5c58a-4b15-4d8b-849f-6ae7e2a18d30,0df3bae1-6384-4856-aa27-aef9f6c48b75,2025-01-31T10:16,6,63.12,Online,Cancelled
43ef40da-1d7d-45eb-a10e-253f1269d045,941529ef-2114-4bff-907a-4596ff4593a1,2024-05-20T10:16,7,53.76,Card,Completed
1912ab2f-1196-4c4c-8424-1920819eb3a8,d87f31d7-79ef-4c17-856e-142e791b04da,2025-10-22T10:16,3,86.79,Online,Pending
63e8eb10-59fa-420b-a561-c45811e4222f,89d26a00-0fde-4c03-8430-b06f6bc3f33a,2025-10-13T10:16,8,200.72,Cash,Cancelled
d54170c0-0458-47ad-854c-4588e7aa14ba,e277d099-db2a-4aee-ab86-8b0e73a34383,2024-07-17T10:16,9,222.48,Cash,Pending
86be5e90-2d35-4979-ae51-9c8d9dc414da,983d66ae-c8b0-46b8-8abc-26a1055cf729,2025-07-02T10:16,2,59.54,Card,Pending
ccae3edc-9ad1-4536-b7dc-518cac75090c,71f17b36-2c37-4cfa-bf8a-894fa94c0e9b,2024-01-14T10:16,9,106.47,Cash,Pending
5e7b2cf8-8405-44fd-8476-73f4a6364413,0a15d43b-8f6b-444a-bef2-ffbddfdbd16f,2024-03-18T10:16,6,171.30,Card,Cancelled
5121e798-6118-4bdb-b0be-e4c9dcdd3490,5eb75bc0-d5fa-4209-9d42-7767f3f0585b,2025-03-21T10:16,1,17.80,Card,Completed
47567e5a-287d-49f8-b3b2-e7eb2c1937b3,5eb75bc0-d5fa-4209-9d42-7767f3f0585b,2025-01-08T10:16,2,41.36,Card,Cancelled
0b626b29-8af3-4a99-9295-27f816394211,c5817fdc-a4dc-4879-b957-30cfda62016b,2025-01-03T10:16,2,46.82,Online,Completed
b6b417ab-1f51-4cc0-abe0-c8157fadc70f,00d7ae70-0f46-4453-963c-4ab2a3d29314,2024-02-10T10:16,6,41.46,Cash,Completed
c75e0df4-68c0-4746-9f85-70cd7b87d03e,8250871a-2b35-424e-a1a1-4eb4faffabfb,2025-02-03T10:16,2,30.68,Card,Pending
85f5d670-1791-4bc2-9a07-d787a612409c,4b14a58c-f1e4-40b6-888d-a88cd7055099,2024-10-26T10:16,3,26.94,Cash,Cancelled
bbe0d0d3-1c86-48fa-9ca2-ff30ca76eb8f,515fe1d2-d33a-4b9d-8c19-07e0cbe81a9a,2024-05-14T10:16,6,130.68,Online,Cancelled
5f90cd7f-e10c-4813-a7a3-9e78583222d0,9c53f3f8-5b22-4d77-bd76-cfa6c70e443c,2025-07-23T10:16,6,117.06,Online,Pending
9932fecf-38d7-4742-b65a-e9dae0aea3dc,5400d214-6176-40bf-88d2-3f53ed38bf69,2024-06-27T10:16,1,22.43,Cash,Completed
aab2dc49-676e-4853-95bd-b3a35724f8a2,a302a1a8-c429-406f-abff-9f273aa0a4b5,2025-06-12T10:16,7,53.90,Card,Pending
4f313aa2-c4b4-41ac-9d90-ca105a1502ce,69446e90-4237-4410-ab55-e011eb04cce0,2025-04-25T10:16,4,110.64,Cash,Pending
b10b647a-f724-4f3a-a8fb-f997e4a8431b,56a75a3e-a944-4147-8cba-f1024726993f,2025-01-04T10:16,2,25.26,Cash,Pending
5047eb40-dc72-44d0-ac15-95d972a926c0,7a18d550-38d0-40b2-84a7-547162e7e409,2024-03-12T10:16,2,46.90,Cash,Completed
ddb97050-6fc6-4151-b101-f2edb7e9c0f0,c63bd277-c81c-40c5-8720-6ce916d653c4,2024-10-23T10:16,9,72.45,Card,Completed
8fa5b9d6-d956-4180-8fee-f6dee0e5c3b0,36b880b0-e9bd-4c0b-8f1c-32018f6c758a,2024-11-28T10:16,2,23.44,Online,Pending
768dfc40-7ea4-4a11-a5dc-e53486856044,726d71e2-70fd-4416-8568-78619c14a73a,2023-11-15T10:16,3,61.44,Cash,Cancelled
81e5e9bf-d418-4272-b666-07d06c462838,b3688304-b24b-416a-9bf4-c2b6aaeb59d3,2024-04-16T10:16,9,214.92,Online,Completed
de211322-a104-4585-8e2c-0a855aadb99e,8626238e-5813-415a-9a8c-db944b1e0269,2024-06-19T10:16,4,106.84,Card,Pending
edd756b0-85e0-4982-a1ef-bf50df0c8ffe,b95f7619-fab2-4df9-8683-1f2aeb93a660,2025-01-14T10:16,7,184.45,Cash,Pending
a0a95384-602d-4ac8-9713-30a93343eea6,b04ce307-2d1f-4214-b023-d8f4379041a1,2025-05-07T10:16,4,94.52,Cash,Cancelled
0188348c-2158-41cb-b8a8-8d300be65b51,983d66ae-c8b0-46b8-8abc-26a1055cf729,2024-06-23T10:16,9,66.60,Cash,Pending
3a4b9f58-b9c2-4029-b708-d66fe9d263de,3910ab11-8758-4a4f-8a9b-c4f5df7413c4,2025-01-24T10:16,1,16.37,Card,Completed
fec91e67-5f51-4708-9b3c-9c06941a3a63,209e786b-2a61-4e52-a3b2-1cc98bcbf18c,2024-02-16T10:16,9,73.53,Cash,Cancelled
e12037c6-78c7-46f2-9e8f-7146b73be470,e6e1db85-f8ba-4264-9c9a-520ecda4bc4c,2025-01-18T10:16,6,78.84,Cash,Completed
cacb89b6-7203-4ec5-b0ca-e34ef7f43bf7,67c276b0-7be6-4f3c-bf86-c342095c8112,2024-10-20T10:16,5,147.35,Online,Completed
ef2acb88-753f-4d4f-8004-bde49ba84190,99c406e7-092b-4eeb-bc08-56fc041c253d,2024-04-01T10:16,6,51.72,Online,Completed
65b6099f-f611-4a91-929e-753fb66822aa,ebe19120-496a-47fa-87eb-2440212a3363,2025-06-20T10:16,3,51.42,Card,Cancelled
7aa3a3d4-2102-4d56-8698-2ddd459ee898,71f17b36-2c37-4cfa-bf8a-894fa94c0e9b,2024-11-06T10:16,1,5.98,Cash,Cancelled
57b288cb-2b0b-4b5f-99e3-eddda9e94a96,0a570207-0f70-467f-bbeb-44a0a60a9a25,2023-11-23T10:16,3,22.89,Card,Pending
ceb6843e-e8f9-40f1-8f13-26c7ec3846d5,f067e21d-d1d4-4e87-9cae-9753f5f9ccb6,2024-09-08T10:16,8,83.44,Online,Completed
81d095e9-ccbc-494f-986c-93adf0db445a,caca465c-e9f2-4add-91b5-24c70595e321,2024-01-20T10:16,9,198.09,Cash,Completed
6e4cb714-86e6-4111-98db-8f4fd38d3fc8,0472ca7f-b133-4710-8f43-24a3c6c1afd1,2024-01-05T10:16,4,54.68,Online,Completed
9c3003d9-9acf-4a60-b882-0370954093dd,aff4340c-d102-49ba-af8e-84d2737ce82c,2025-05-25T10:16,4,89.96,Cash,Completed
e8e64da2-b9fa-4e92-a977-bf0803170ca5,67c276b0-7be6-4f3c-bf86-c342095c8112,2023-11-24T10:16,5,96.15,Online,Cancelled
33822334-59ef-421d-885f-8cca0bec88f7,67c276b0-7be6-4f3c-bf86-c342095c8112,2024-11-29T10:16,5,107.65,Card,Cancelled
647eec05-03a1-4c66-bf93-4e149debac7c,c83bba2f-5229-4998-9566-1f3179b13e8a,2025-08-17T10:16,9,118.08,Cash,Pending
1c428ed5-7997-4021-84f4-58553c1d1dca,8113211c-bdc3-4bb0-94d9-3fd3871f3005,2025-04-13T10:16,2,35.86,Card,Completed
c8aa1bb3-2d77-4bcb-ba5e-a7312dc44bf7,6f61ca8e-51a1-48e0-abfa-88326e713e34,2024-03-03T10:16,1,17.06,Card,Completed
d7735de2-fa0b-4c79-b776-2265daecaf53,4bb2d776-14c0-4ef6-b8ba-c580cbed72b8,2024-09-01T10:16,2,17.80,Cash,Completed
c97a9a33-de9c-46d8-ada0-2a585a22966a,7a2e5fa5-096b-4701-8ce6-7a3db39bf8eb,2025-05-18T10:16,5,149.15,Cash,Cancelled
4f4bb1fd-2aa1-4d51-bd37-69b2259dc1f3,5f0f3def-9ff6-4282-ad04-001c4a769966,2025-08-20T10:16,1,19.37,Online,Completed
98096e83-ccf6-4e58-b79c-2911e24c4f74,46032f36-69bc-465a-9b33-a5d560bfd77a,2025-06-23T10:16,2,18.54,Card,Completed
a34e0895-2bc2-40e1-8870-dddb51be1548,ada8704c-2784-4d70-84da-10078407d2c8,2024-09-03T10:16,6,102.48,Online,Cancelled
c717d507-28d1-4168-ac40-1ad4b2b86f5b,b3688304-b24b-416a-9bf4-c2b6aaeb59d3,2025-09-04T10:16,3,49.80,Card,Pending
2aa66917-a131-41a1-94ef-94c6fefc3b48,69446e90-4237-4410-ab55-e011eb04cce0,2024-11-01T10:16,7,209.51,Cash,Completed
0d361343-0fbd-4043-9022-2fc589f727c4,9c53f3f8-5b22-4d77-bd76-cfa6c70e443c,2025-04-09T10:16,9,168.66,Online,Pending
2c155556-dc5b-4181-9471-4872ac46f300,b047b369-02d0-4f25-9af0-f1e883228863,2025-01-03T10:16,5,42.20,Cash,Completed
335b98b5-00de-4ca3-8484-e5e0cbf6d4b1,46032f36-69bc-465a-9b33-a5d560bfd77a,2024-11-02T10:16,1,20.63,Online,Pending
4b4887d0-4f7a-44ed-9ba4-84b2d906cb1c,46032f36-69bc-465a-9b33-a5d560bfd77a,2024-06-18T10:16,6,82.20,Cash,Pending
4c51b9f4-1b4d-4544-8141-12f719db61cb,a938df5f-7764-459c-8bfd-90409d16b3c6,2025-03-18T10:16,8,194.88,Online,Cancelled
4eb4797a-a423-4173-99d7-73d750a7ffff,824998a2-7592-4051-ab0b-d5e12743c93b,2024-12-03T10:16,3,30.24,Card,Cancelled
6f5f46c7-3ae0-4fb8-bce4-3e0d28e72c25,953417c6-cd52-45e9-9ca0-bb450653c934,2024-10-05T10:16,6,96.00,Card,Cancelled
14eb3ef3-ced5-4d62-9554-9e16a457ca10,c46351bf-193f-49af-a5d6-456188837c3d,2024-03-08T10:16,7,78.12,Online,Cancelled
01d5794d-e78d-4a3c-b436-8fea95866dd4,aff4340c-d102-49ba-af8e-84d2737ce82c,2025-05-30T10:16,9,172.98,Online,Cancelled
e7fdd84a-b935-4306-adcf-eeea68e65a5a,e277d099-db2a-4aee-ab86-8b0e73a34383,2024-08-31T10:16,3,30.54,Online,Completed
1da5232c-a799-4107-ba84-53a7bdf4d362,b95f7619-fab2-4df9-8683-1f2aeb93a660,2024-09-20T10:16,3,45.09,Cash,Pending
4d6df80a-fff9-4b23-a578-6a52ddcd4fd4,7509850a-5062-4da9-aad6-bc5b9e363ef1,2025-09-24T10:16,5,69.85,Cash,Pending
22707a3e-2822-4304-a145-fcc660098b4c,7509850a-5062-4da9-aad6-bc5b9e363ef1,2024-04-11T10:16,1,10.11,Cash,Cancelled
4102ea91-cfeb-405f-b73a-8385733050b4,4e44f26d-5455-405b-8fdb-63ab8b739ecf,2024-05-13T10:16,8,44.00,Online,Cancelled
34286949-0425-4e7f-ab2e-560a73a086e0,73a2b03c-2dca-486e-8ebc-c4d6bb68a8c6,2025-07-27T10:16,6,72.48,Online,Completed
a23450b2-3927-4b1f-abcb-c060a5360dfa,bfa3444b-2be9-46be-b944-720d86a59770,2024-08-30T10:16,3,22.41,Card,Completed
c8255b4c-983f-4547-83b1-35986d1959c1,e119f98a-df63-41dc-8e01-bb49ca2dc724,2025-02-11T10:16,3,25.59,Card,Completed
9d44baca-07cf-4168-b2c0-a4afcf07997e,ceafdb2a-788d-48e0-acdd-bd533a2e7ab6,2025-03-08T10:16,2,39.32,Cash,Pending
1ec3533b-b93b-4164-b96b-20bf4513de95,ef7fad1f-a86f-4ee1-95b4-ce1f339f0fa5,2025-11-03T10:16,5,69.65,Card,Cancelled
ff236edf-a29a-4eff-85f6-dded64d62272,1407e9cf-22c9-4137-a2fe-cc12dc038235,2024-03-16T10:16,4,60.80,Online,Cancelled
a7b46e5e-6272-4ac0-9d91-ccf6aa3e7e69,8626238e-5813-415a-9a8c-db944b1e0269,2024-07-23T10:16,5,39.05,Card,Completed
225750c2-e3d6-48d4-aa99-e9bedbe7960f,a938df5f-7764-459c-8bfd-90409d16b3c6,2024-11-01T10:16,3,73.11,Online,Completed
20b8d172-d62d-417e-b9bc-d4bf93248ab8,935ebde1-5945-4673-886e-1a7a12cc2d4e,2025-03-05T10:16,1,11.33,Card,Cancelled
9fea2e97-540e-445c-bf85-4fd9ce70674c,8113211c-bdc3-4bb0-94d9-3fd3871f3005,2025-01-26T10:16,8,222.72,Online,Completed
ae0ebbff-1588-47de-a60f-c3f62225c705,52f5634d-de98-4543-8a1e-cbf1e2d0242f,2025-01-26T10:16,8,173.36,Cash,Pending
f919ec90-be20-408a-94eb-c76941cdd855,6c6a3b10-9747-4dca-a041-4edc22d147b0,2024-09-21T10:16,1,15.33,Online,Pending
a6ac08db-8e81-4150-997f-7df4a81bc2ae,dcfb3d05-846d-4915-99f3-ebbc7559d972,2025-03-03T10:16,3,21.81,Online,Cancelled
449af655-b395-4996-ac9a-7a686cefe1d3,1d32c3b3-c732-4995-aa6b-ff159deb3bdf,2024-08-14T10:16,9,243.45,Online,Cancelled
895ecf9c-d822-459b-a46f-fd9565d450b6,ba5d9947-b043-4aca-8ee0-6b77895cf8e8,2024-01-17T10:16,7,117.32,Online,Cancelled
c97769a4-696e-4077-b166-d9641e9113ea,3dcaabe3-78c9-4d88-bed5-56ca7ceea07c,2023-11-15T10:16,1,17.19,Online,Cancelled
466e41c1-b9f4-4e2e-a532-8c6bcd10e193,bc58b12c-65c4-4f21-89ef-3e492a22ef7c,2025-10-16T10:16,6,105.18,Card,Completed
26a2ac3f-9a63-4545-b2f3-17bcbf5d6ef7,80537cf2-360f-4740-8b7e-d4cd56e22987,2025-02-11T10:16,4,93.64,Card,Completed
7405a1c4-68fb-47fe-94ec-b9aa2fe35a56,5d6f84a5-a4de-442e-99b9-b8ef714b4436,2023-12-11T10:16,9,208.80,Card,Pending
191d0205-6be1-4426-b302-165525b60cbf,0dd437d0-74fa-43c3-8909-5c955e4d47dd,2024-11-06T10:16,6,138.18,Cash,Completed
4c8fbfd8-142d-47b6-bf6a-e34c7ffe50b5,e7991221-0de0-4ef8-aa9c-ca3b59197059,2025-06-02T10:16,9,98.82,Cash,Cancelled
758a43ed-9b2a-41a5-b871-9afe231ad7d2,36b880b0-e9bd-4c0b-8f1c-32018f6c758a,2024-04-06T10:16,4,50.00,Online,Pending
8994b9ab-43b7-4e03-87f0-46cd32fde362,9fa382f0-8393-48db-ad30-43c953282401,2024-04-08T10:16,5,134.20,Card,Completed
c0130bce-7ee7-4307-8f6a-67b0577e6c65,68169a66-a8d4-4763-914e-7befc826445b,2024-11-02T10:16,9,236.61,Card,Cancelled
28b76440-f271-4b36-913c-36478f524d3e,92da274a-bea2-490a-bb52-196c46fa8487,2025-07-03T10:16,7,36.26,Cash,Pending
9504a224-91d6-4fa2-a0d9-e545920dac88,02c65c06-56ad-4670-b8e2-10ab417c7154,2024-08-05T10:16,3,40.23,Card,Cancelled
8deb4249-c5d3-4ab3-a0cf-1afd35f3e6d4,6c3bf618-a715-40f9-9faa-cfc5f5beef2f,2025-08-09T10:16,3,67.44,Cash,Completed
265ce3fd-2839-4428-90f1-316c1ab9d871,0df3bae1-6384-4856-aa27-aef9f6c48b75,2024-02-01T10:16,5,66.95,Online,Pending
53da9984-1cd6-41f0-97c3-3a687dc6af9f,b95f7619-fab2-4df9-8683-1f2aeb93a660,2025-10-22T10:16,5,78.40,Cash,Completed
4beb6c26-282a-4cf0-babd-d363aa314f96,4bb2d776-14c0-4ef6-b8ba-c580cbed72b8,2024-12-10T10:16,9,200.61,Online,Cancelled
44609784-5e80-460a-8755-8ad8589555f3,6c3bf618-a715-40f9-9faa-cfc5f5beef2f,2024-02-24T10:16,9,203.67,Cash,Cancelled
f21a5ee5-97c8-461a-a145-b3fca282fb30,d5cfb1a3-ce2f-4aff-ab4c-50e0c5426af1,2025-09-15T10:16,1,9.53,Online,Cancelled
f91252c3-6570-41c3-a37d-a08e64a02e46,f543de06-e341-4de2-95ab-ca0fd3ee51fe,2024-11-18T10:16,5,56.50,Card,Cancelled
b022f2b8-ba4c-4c66-8ba1-b0d7fb38ac6c,5400d214-6176-40bf-88d2-3f53ed38bf69,2024-09-10T10:16,5,64.00,Online,Completed
1da94322-c414-45a3-9aed-0ceb21f04ffa,c3ffc43c-0c11-40fa-9824-f234161741d0,2025-09-01T10:16,3,88.05,Online,Completed
9ce2ecfd-177f-4a61-bc5a-f404dc7ee721,6bd388d4-5636-450b-bacd-55bdcb769bab,2024-08-04T10:16,3,72.75,Online,Pending
f9b54422-2a73-4506-b59d-43f880f9bf24,b03f75c1-655f-4480-a2bf-1a0af806e96e,2025-05-27T10:16,2,32.60,Cash,Cancelled
9e1b8e39-32ca-4486-adb3-5600a4b24eee,2ca088cd-c6c6-4e60-a1a4-d2990ee21b12,2025-05-19T10:16,9,138.87,Online,Pending
7c165275-f953-4829-9586-15142afc1fab,0a15d43b-8f6b-444a-bef2-ffbddfdbd16f,2024-05-27T10:16,7,209.23,Card,Pending
18c7c0dd-fd8c-4765-b4a3-e9f05b13dd08,65b2c0ea-6192-47fc-9286-2c1dd3ecefb1,2024-10-05T10:16,6,167.28,Card,Pending
088a015b-2d38-4a5a-a065-d5c4c9efcc8c,5d6f84a5-a4de-442e-99b9-b8ef714b4436,2024-02-17T10:16,7,184.10,Cash,Completed
3a450804-28ec-4503-a72b-f55a9a7a779d,1407e9cf-22c9-4137-a2fe-cc12dc038235,2025-09-30T10:16,7,41.30,Online,Cancelled
1730a13a-f32c-462f-b220-99d48b33e50a,0e0d5f13-edd5-4ab0-9ddd-3df111bedc5a,2024-06-14T10:16,7,173.74,Card,Pending
0d801bac-61c1-4fb6-a41b-873b36ff0b2e,c1a09d60-c9e8-4489-a68e-e01b51541d33,2025-06-26T10:16,2,49.76,Online,Cancelled
3bb4768f-7e5a-4a79-ad10-64d07c4c2346,9fa382f0-8393-48db-ad30-43c953282401,2024-11-30T10:16,3,27.48,Cash,Pending
05828089-d181-4400-baaa-de0a83a1f733,02c65c06-56ad-4670-b8e2-10ab417c7154,2025-10-29T10:16,1,10.03,Card,Pending
c0686bdd-c0f7-4f5f-aad2-88248bc8ab7a,8626238e-5813-415a-9a8c-db944b1e0269,2024-06-10T10:16,3,46.98,Card,Pending
ed0dd922-dc8c-4467-89e2-ee01677c12b8,c3ffc43c-0c11-40fa-9824-f234161741d0,2025-07-18T10:16,5,99.10,Online,Pending
b2888d71-3aaf-4b31-9f38-7d6052dabccb,74e76582-f1b8-4560-b049-8aebb59d4721,2024-07-09T10:16,1,10.89,Card,Cancelled
08d2c418-37cf-4f4c-afaa-369dfef3121b,3910ab11-8758-4a4f-8a9b-c4f5df7413c4,2025-11-07T10:16,2,20.96,Cash,Completed
3d21a1d3-dec6-4b2b-9a3c-5e43d46d02f6,bb6ceda0-3f7a-4dfa-9862-41a88dd468b2,2023-12-07T10:16,8,147.44,Cash,Cancelled
d97469ff-7593-48ac-ad3d-4c6874b13fae,10b26c2d-7d56-4175-84a8-a2775e128a9d,2024-10-13T10:16,7,149.73,Card,Pending
d471127b-26c8-44dd-89df-ae8d97fcba90,1a48aa9a-def3-481d-922a-94300aa97309,2023-12-20T10:16,4,98.96,Card,Cancelled
556ff114-8649-4f04-9192-3ff4ad55f7e3,0b2a0e9a-e050-4380-b607-57adcbbf59d4,2024-06-08T10:16,2,25.74,Card,Pending
83a51afc-83d9-4caa-b2f1-386580449120,93cdeef1-3fc3-4a63-a275-0ae87ae6b335,2024-03-25T10:16,6,86.04,Card,Completed
72a0ccd3-046d-4135-8eba-c69c6e874d06,53db1213-7316-47bb-9099-c1def0e3c96b,2024-07-19T10:16,3,35.16,Card,Completed
a65684ee-c136-46d3-bc35-031119a34793,23650eb4-f98d-45a3-a90b-a378f03d469d,2024-07-30T10:16,6,90.06,Online,Cancelled
765af7c5-8e79-4c30-aabe-b250aba70761,5f6e51da-5f01-4c9a-85dd-7d50ef37e5d7,2025-05-07T10:16,2,30.00,Cash,Pending
4fc1e7cf-d613-4602-9951-9fbad9575141,aff4340c-d102-49ba-af8e-84d2737ce82c,2025-10-14T10:16,7,147.35,Card,Pending
661556b4-18eb-44a0-b835-a61ea13e4ce7,7509850a-5062-4da9-aad6-bc5b9e363ef1,2025-04-10T10:16,4,113.52,Card,Completed
f94467e1-10ab-4ead-93b7-4bb50d936658,3e97fc93-73a7-45e0-9888-f7a03ee258a7,2025-10-28T10:16,7,78.26,Card,Pending
675a4f06-4168-4347-b9e1-49f6f158f2e0,9c53f3f8-5b22-4d77-bd76-cfa6c70e443c,2024-06-20T10:16,4,113.04,Cash,Pending
f434686f-ea6d-4f61-85d8-f8527ce19b39,cf65c4b6-4c1c-420b-95de-23e5b56ffad5,2025-04-01T10:16,8,80.64,Cash,Completed
0c0a071b-5314-492f-b6ba-f01c1292affe,7c991f43-c18b-4404-8826-97691b0dc00c,2024-01-13T10:16,7,136.71,Online,Cancelled
1b0497f9-0938-4d7d-8a23-7aaf10364372,4f6ae324-5b6d-47d6-a86d-26ec6fbe1e0e,2025-03-10T10:16,1,25.50,Card,Cancelled
8f56b761-89f7-45c6-b6c2-2a316bad2574,60cd80b6-3967-4dae-b4df-adc7b5644971,2025-09-30T10:16,4,81.88,Cash,Pending
