order_id,restaurant_id,order_date,items_count,total_price_usd,payment_type,status
a80da198-eee6-46fd-8bfe-65f0c8a244fa,ec3490d2-e8da-47ee-ae12-0ca0b1d7a2bb,2025-02-07T10:16,4,95.76,Online,Completed
bcbecbf2-a7a2-429d-9ea8-d16634682e7c,aac35608-9499-49c5-811a-a059e773c968,2024-09-12T10:16,3,69.21,Online,Completed
ffd79982-25cc-48ba-a84f-90a809b7d16d,964d337f-acd5-4ca2-8843-9be3f2eb60fc,2024-01-15T10:16,3,19.59,Online,Pending
baf2ddbd-95dd-4e70-be56-e47f8c798498,59827b2a-ae17-44b1-bd6f-6f08718559cb,2025-09-16T10:16,6,49.50,Online,Cancelled
a4db14a2-aace-4fe0-b3bc-5f0c024f0fc4,23650eb4-f98d-45a3-a90b-a378f03d469d,2024-08-18T10:16,8,71.60,Cash,Cancelled
d3f17b1f-d15d-4b32-a741-45d82dd675ba,3dcaabe3-78c9-4d88-bed5-56ca7ceea07c,2025-10-21T10:16,6,31.32,Cash,Pending
47592338-0b15-4ea5-a9b8-d95208fe95ab,71f17b36-2c37-4cfa-bf8a-894fa94c0e9b,2025-01-30T10:16,8,110.48,Online,Pending
4c00566a-2fc3-4e0d-b268-115acbcedf86,ceafdb2a-788d-48e0-acdd-bd533a2e7ab6,2025-01-12T10:16,1,21.65,Card,Cancelled
b3632548-2cd9-4a4c-bee9-f0cabbc84999,59827b2a-ae17-44b1-bd6f-6f08718559cb,2024-04-11T10:16,4,41.68,Card,Cancelled
39709801-89b7-4af8-9660-19616e5348c2,f543de06-e341-4de2-95ab-ca0fd3ee51fe,2024-06-20T10:16,6,164.64,Online,Cancelled
cd428c11-3992-4de0-ad89-428154197dec,2ca088cd-c6c6-4e60-a1a4-d2990ee21b12,2025-05-01T10:16,7,108.08,Cash,Pending
96d4038a-982b-4344-819d-502853e84eb1,428424b7-1f94-496a-8b7a-497ce177d32c,2025-06-22T10:16,3,35.49,Online,Cancelled
157d47f2-a7cf-4f01-9c4e-d01b602b6376,0472ca7f-b133-4710-8f43-24a3c6c1afd1,2024-06-05T10:16,1,14.01,Card,Cancelled
9fe763ca-3307-4ee9-bc46-251db7f1f9dc,8e1bbe6c-7b75-46dc-8ca1-0b1664cd6ae4,2025-08-22T10:16,5,96.30,Card,Cancelled
b25ec4ea-b7d6-4eda-9f40-f0032db2e041,6c6a3b10-9747-4dca-a041-4edc22d147b0,2023-12-14T10:16,9,135.18,Cash,Pending
e8a9e467-59cc-499b-a30b-12234fc7e4c9,1eeb9c5f-5b7a-47af-b4f1-5a50d9d1089c,2024-12-01T10:16,2,35.32,Cash,Cancelled
0315ed6f-8828-4286-bf19-8422f56c1746,93cdeef1-3fc3-4a63-a275-0ae87ae6b335,2025-07-09T10:16,8,118.16,Cash,Pending
2010a71e-a237-4e66-80d2-29e0cedc0942,a5ffc907-be77-43e6-8694-4a0bf09bd3fb,2024-06-26T10:16,1,5.43,Online,Completed
5eece7ab-2c55-4308-a9af-54261d1da970,983d66ae-c8b0-46b8-8abc-26a1055cf729,2023-12-17T10:16,4,105.04,Cash,Completed
cf9a0c89-5117-4f59-95eb-7685e9ee0d83,0df3bae1-6384-4856-aa27-aef9f6c48b75,2025-10-26T10:16,2,19.50,Online,Cancelled
18c44d44-c9af-4dd4-9c59-54bad7ef8f55,d3f641e5-b8b5-4f5f-9155-7768df2033e8,2025-06-01T10:16,6,139.44,Card,Pending
48404f6d-ca73-4ffc-ba2e-1c0a28b0a4c1,36b880b0-e9bd-4c0b-8f1c-32018f6c758a,2025-04-01T10:16,1,13.25,Card,Completed
c8042a04-c232-4ae9-962e-deb8dd05fbed,e119f98a-df63-41dc-8e01-bb49ca2dc724,2023-12-14T10:16,7,62.58,Online,Pending
472de58c-dc4d-45a5-96fd-d82d70cd355c,3dcaabe3-78c9-4d88-bed5-56ca7ceea07c,2025-04-26T10:16,2,47.18,Online,Completed
bf64cb73-2c84-4dc2-b89a-0a32888cb804,a3f626b9-cc27-4c04-8570-be79ab8bda4a,2024-01-03T10:16,5,84.25,Card,Pending
d779b84f-ea8e-4184-92fc-242a0023dfb7,00d7ae70-0f46-4453-963c-4ab2a3d29314,2024-05-04T10:16,5,146.00,Card,Completed
a5f853f3-4343-497f-a643-71442be9302b,9c53f3f8-5b22-4d77-bd76-cfa6c70e443c,2024-01-18T10:16,2,27.44,Online,Completed
3fc9cd24-3d33-4536-aa32-6fc4a752ba6e,6c3bf618-a715-40f9-9faa-cfc5f5beef2f,2024-11-07T10:16,3,65.67,Online,Cancelled
fb60d1c1-35a3-48ca-a65c-dfaa8b4a7639,fbe227d7-6d32-4407-9783-7fdac983e55f,2024-04-10T10:16,2,27.24,Online,Completed
0e3325ab-d16c-47d1-9d4c-fb5a31d5e313,2c6dafc9-06cc-4b3d-8b8d-12aae0644c58,2025-08-02T10:16,6,166.50,Card,Completed
26c70b00-5321-4259-b815-2bc00efd205a,d7af10ce-45c9-4fc8-8dd8-b1c5491aad5f,2025-04-03T10:16,2,38.24,Online,Cancelled
5371945f-6b5c-41d2-a48f-b6a9cb4cb30d,0e0d5f13-edd5-4ab0-9ddd-3df111bedc5a,2024-03-04T10:16,7,39.06,Card,Cancelled
a9b630cf-6e1a-40b4-b25e-9a31f13e2b08,7c991f43-c18b-4404-8826-97691b0dc00c,2025-08-08T10:16,1,13.11,Online,Completed
6e503e87-9317-4f88-a346-6f0b1555bf32,9b9edd1e-b4f7-414c-b8b5-a3dc51fa0a8c,2024-03-02T10:16,6,64.80,Card,Cancelled
7befd952-5935-466b-a839-76c684e56c30,ada8704c-2784-4d70-84da-10078407d2c8,2025-01-10T10:16,9,193.50,Cash,Cancelled
d1cdfdc7-53a7-4acd-b4b5-0c1bce85dde5,7509850a-5062-4da9-aad6-bc5b9e363ef1,2025-08-04T10:16,6,148.26,Cash,Completed
c47e9707-5c01-496b-9b2d-be63b2fd8e48,7a2e5fa5-096b-4701-8ce6-7a3db39bf8eb,2024-09-19T10:16,7,123.06,Online,Pending
7633b1f9-0a78-47b7-9918-618f77dd99e9,795088d7-d227-422e-ad8c-f048bde0675e,2025-04-19T10:16,1,23.79,Online,Completed
bf25e562-f3f2-4deb-af14-dabcba037f5f,050d9901-1cb5-413a-9c31-282028f863c1,2025-04-17T10:16,2,12.66,Cash,Completed
48dbd711-8caa-41c5-a521-e3c8d4494454,0dd437d0-74fa-43c3-8909-5c955e4d47dd,2024-09-23T10:16,5,66.40,Online,Cancelled
98290414-ef37-41cb-b752-e87208259a9e,5d6f84a5-a4de-442e-99b9-b8ef714b4436,2023-11-25T10:16,5,90.40,Cash,Pending
9e99ab7f-bb9d-4f1a-ab3a-72333fdf04c8,964d337f-acd5-4ca2-8843-9be3f2eb60fc,2025-02-26T10:16,9,64.08,Online,Completed
3b610289-2cf7-4232-acce-932a72c76733,52fbb114-83aa-432d-b2f1-f3e37a5c4754,2025-05-24T10:16,4,100.56,Card,Cancelled
3f00d949-e547-4bb5-83a5-9d67d8a6986f,e886c155-0dae-4b36-88f5-a86fa474d1f6,2025-10-12T10:16,3,71.85,Card,Cancelled
145ad8e0-018f-4af4-9749-61f9665e77f6,49af098b-bf79-4643-8e49-739ea932d38b,2025-04-19T10:16,1,26.55,Cash,Completed
946b31d1-0421-411d-a0cd-7da585b4e3ea,90f0db1e-2b19-43f7-ba17-233c7c214eca,2025-04-19T10:16,8,226.00,Cash,Pending
61e86047-c5db-4289-bc5f-ef63d333004e,52fbb114-83aa-432d-b2f1-f3e37a5c4754,2024-09-13T10:16,2,31.30,Card,Pending
9ff7ee12-a109-4e27-8775-561fdc80be3f,b3688304-b24b-416a-9bf4-c2b6aaeb59d3,2025-07-15T10:16,1,27.27,Cash,Pending
6e5618cc-1af0-43fa-bc86-ffca5449a8f9,7169ef0c-f2c8-4ae3-83f6-87691664d2d2,2025-08-14T10:16,2,59.66,Online,Completed
73493ac4-b864-4723-a4f4-bee8cb03635b,6117b6f0-c4f4-4bf1-9eeb-f33950decba8,2025-04-22T10:16,7,39.48,Card,Pending
0656f98e-c282-41ad-ab24-2fbdf7f18447,9c53f3f8-5b22-4d77-bd76-cfa6c70e443c,2024-02-03T10:16,9,209.70,Card,Cancelled
e3d17173-ce2d-46f4-99d2-cd903d98ee62,0d463f72-c3a1-4a2b-8d0d-1721a0d1a06b,2025-07-20T10:16,1,17.05,Online,Pending
d0fff456-49af-4746-a46a-a6e2b5fbcc14,9fa382f0-8393-48db-ad30-43c953282401,2024-02-04T10:16,5,72.35,Cash,Completed
efe070d5-5571-47d6-a67a-795a303f3034,0a0ac3e5-6e20-4fbc-87ec-5481c70e38bc,2025-10-15T10:16,6,159.84,Card,Cancelled
f2735b95-2279-4205-bb57-3e1ad88e6a20,f90cf3ca-e2d0-4129-bc7a-e8a2b80880da,2024-01-17T10:16,9,130.59,Cash,Cancelled
77240b38-613b-43bf-a750-fe68c47e45b0,0a0ac3e5-6e20-4fbc-87ec-5481c70e38bc,2025-06-11T10:16,7,62.23,Online,Completed
c09639f6-e6df-4ee6-a929-199f47334c57,cb8747c7-32ca-4b6b-868d-13ab01d953ec,2025-09-08T10:16,6,49.98,Card,Pending
7bdd92d8-5012-4a07-a6c2-4f05b3a2db09,ba5d9947-b043-4aca-8ee0-6b77895cf8e8,2024-06-29T10:16,5,90.50,Cash,Pending
6f5c44d1-d915-4d6c-9f9a-d7e3b130b2e0,0fcf4084-ea31-49f8-99f9-9bf8c8b0c16b,2025-06-18T10:16,6,46.68,Card,Completed
ea06e49a-f16b-4dfe-bd0e-889c9ec21936,0dd437d0-74fa-43c3-8909-5c955e4d47dd,2025-06-12T10:16,4,89.60,Online,Cancelled
d3b74815-3dca-4dac-928f-04ea826d175d,02c65c06-56ad-4670-b8e2-10ab417c7154,2025-10-03T10:16,2,35.88,Cash,Pending
b0bf5bde-77a5-4625-8618-663388d6ca0a,caca465c-e9f2-4add-91b5-24c70595e321,2024-08-08T10:16,1,15.27,Cash,Pending
11bf33e4-d188-4d6f-a867-c534356a5afb,c1a09d60-c9e8-4489-a68e-e01b51541d33,2024-10-10T10:16,4,27.56,Online,Cancelled
1dccb471-c13a-4e0e-82f4-936a30522d47,92da274a-bea2-490a-bb52-196c46fa8487,2024-03-12T10:16,1,27.51,Cash,Pending
ad2e7040-b8dd-4cf8-b49b-2754c94e1309,aac35608-9499-49c5-811a-a059e773c968,2025-06-23T10:16,6,163.56,Card,Cancelled
548f7a7a-e26a-4922-9d54-d385becff5ec,5f0f3def-9ff6-4282-ad04-001c4a769966,2024-12-13T10:16,1,12.04,Online,Completed
075d21fb-152c-4e21-aab6-793bfae585a9,2a109685-1399-4149-8951-fba29bb0360d,2023-11-18T10:16,8,170.16,Online,Cancelled
3b47ef74-0d75-4759-81ac-8503533a7c87,80537cf2-360f-4740-8b7e-d4cd56e22987,2025-04-14T10:16,9,124.20,Card,Completed
9bc69b27-b7a9-42fe-8817-253f80ca222b,06e585f0-5b60-4900-81d1-3379328e6c17,2024-12-11T10:16,5,49.60,Cash,Cancelled
fbfe16df-2b3e-4298-b0a8-827ca435473e,77ca464a-fe0d-4dcc-8f08-3eb2f7b64f76,2024-05-05T10:16,6,129.24,Cash,Completed
aa120a12-c965-41f5-99f3-10ba8c16a291,39cb44e2-a541-4b98-bc0b-db5f31cf8710,2025-06-18T10:16,8,79.52,Online,Completed
3bf8f7e8-fba5-42a5-9a02-1c263e0041a2,5f0f3def-9ff6-4282-ad04-001c4a769966,2024-03-01T10:16,7,74.13,Card,Completed
0599f5d4-d73a-4601-adec-278892da8a54,92da274a-bea2-490a-bb52-196c46fa8487,2025-09-06T10:16,2,10.64,Online,Cancelled
3083285d-884f-441c-8765-fc92ccb26712,52c87fd9-fdf0-4256-b929-6153ad24a0ac,2024-04-14T10:16,4,25.20,Card,Cancelled
bcfca754-9b03-467a-829f-b39dc963d05d,77ca464a-fe0d-4dcc-8f08-3eb2f7b64f76,2024-11-20T10:16,2,19.94,Cash,Completed
90df298a-d1ab-4309-8f46-b7fc0db3d154,d5cfb1a3-ce2f-4aff-ab4c-50e0c5426af1,2024-09-04T10:16,6,55.56,Card,Pending
9d1456d3-469c-4959-9ddb-be2772b88b04,cb8747c7-32ca-4b6b-868d-13ab01d953ec,2025-10-18T10:16,7,178.64,Cash,Cancelled
514b2517-ddea-47c0-8068-c93fac13c1ed,7a2e5fa5-096b-4701-8ce6-7a3db39bf8eb,2024-01-26T10:16,6,165.60,Card,Pending
321a0f3c-ad7b-465d-841e-1579e78129c7,4e44f26d-5455-405b-8fdb-63ab8b739ecf,2025-06-21T10:16,2,12.62,Online,Completed
4326db45-6c90-4142-93c9-9b102af64804,6e6d2c67-f7fb-4a98-8f9a-4822259b25c4,2023-11-27T10:16,3,57.06,Card,Completed
91b6053b-99f7-4187-a704-0f2dbf8b3bf3,885715b6-b1eb-44ca-8460-28c0343e56f3,2023-12-14T10:16,6,163.74,Online,Completed
48ecf714-50a6-49f4-81f2-7ba770869371,795088d7-d227-422e-ad8c-f048bde0675e,2024-02-12T10:16,2,40.24,Cash,Pending
e63122c6-6225-473e-af1b-37112723c36b,8626238e-5813-415a-9a8c-db944b1e0269,2025-02-13T10:16,3,49.98,Card,Cancelled
e21b91f4-4df5-4af5-94d0-af201809dc6d,2c6dafc9-06cc-4b3d-8b8d-12aae0644c58,2024-05-04T10:16,6,136.86,Card,Completed
a8503208-7c8a-4725-800a-02bd64b987a3,ef7fad1f-a86f-4ee1-95b4-ce1f339f0fa5,2025-07-02T10:16,9,146.07,Card,Pending
c4ae644f-f5e6-4bc5-a10b-1688c7950c92,e7991221-0de0-4ef8-aa9c-ca3b59197059,2024-08-12T10:16,4,59.92,Online,Pending
9130a0fd-194a-4c7a-8499-656af4bdee10,401a6911-a31e-4892-adc1-56e3e1eb090a,2023-12-03T10:16,2,32.04,Online,Pending
5db369a9-579f-43b8-85a7-bb4091a1a27e,500fde18-ea61-4380-9ea4-f06d09985870,2024-07-09T10:16,8,152.72,Card,Pending
f58d758c-776f-4dcb-a96b-f25f4546a0ef,25659c0e-6eb5-4c57-add8-fb6ac5f42699,2024-03-28T10:16,5,137.60,Card,Pending
a2597372-896e-4bdf-952f-a5d95f3ab5a5,d33bbfcd-a2ca-4e80-8a1c-65223f061e7e,2025-03-12T10:16,4,90.96,Online,Cancelled
92609855-811f-4f49-8b36-996259151a53,ceafdb2a-788d-48e0-acdd-bd533a2e7ab6,2025-04-20T10:16,6,76.32,Card,Completed
e4ccc14a-7f7f-4b41-bbc5-52ee0f9bb317,2ca088cd-c6c6-4e60-a1a4-d2990ee21b12,2024-09-13T10:16,4,89.28,Cash,Completed
4af1c3d4-c9b2-40f4-bbe5-0d86a28f178e,02c65c06-56ad-4670-b8e2-10ab417c7154,2025-04-01T10:16,3,68.10,Card,Pending
b0ba33f3-1129-4d6f-aa93-a16b19e3276b,26d032f1-9fe9-487a-987a-a8be14e1db05,2025-03-18T10:16,1,10.48,Card,Pending
207f50c3-eb8e-4336-90e4-c713842cbae4,b6c26110-1b77-4777-8c79-c69ec19b66df,2024-03-13T10:16,8,108.56,Card,Cancelled
4173ab61-d921-44ef-b7ba-29be5500e94a,f0a6a958-e434-41bf-a830-dffa55a34db5,2025-07-07T10:16,4,110.00,Card,Cancelled
1f74ac0b-b263-4d42-967b-603d97339b96,9c53f3f8-5b22-4d77-bd76-cfa6c70e443c,2025-01-06T10:16,9,267.30,Cash,Pending
bd8792bb-f312-47a4-adc1-75af133def72,209e786b-2a61-4e52-a3b2-1cc98bcbf18c,2025-10-01T10:16,4,119.32,Online,Pending
5b7efe59-7620-4455-b679-dca370c3d7d8,2ca088cd-c6c6-4e60-a1a4-d2990ee21b12,2024-05-22T10:16,2,20.96,Card,Cancelled
cd57032b-da0a-4e55-a841-6ba178304603,6c3bf618-a715-40f9-9faa-cfc5f5beef2f,2025-06-14T10:16,8,153.68,Online,Cancelled
6b8dbf68-1a7f-4f84-8c3b-e6a68a8a4389,0a0ac3e5-6e20-4fbc-87ec-5481c70e38bc,2025-11-10T10:16,5,79.45,Cash,Cancelled
6cf3cc28-f190-49d1-8736-4feb5e6dea9d,74e76582-f1b8-4560-b049-8aebb59d4721,2025-08-16T10:16,3,20.52,Cash,Completed
330ed8e5-9f5d-4c35-b3c3-e4d73ee2e78a,7509850a-5062-4da9-aad6-bc5b9e363ef1,2024-09-28T10:16,4,104.44,Online,Completed
90a57e9d-b281-4f11-baad-cca001c797ec,ff4db0d8-e809-46e8-9ae0-78ffee4902d9,2025-03-31T10:16,4,94.88,Cash,Completed
42ed3745-3dcb-49dc-9778-7150a2b2c7b4,e119f98a-df63-41dc-8e01-bb49ca2dc724,2024-02-13T10:16,8,134.56,Online,Cancelled
0c656769-f135-42d6-8536-8a8d3b4d29d5,485b65e7-fdf4-474d-afba-37986d8d3cd8,2024-03-04T10:16,1,11.23,Online,Pending
7e194772-832e-4b0f-8024-034a778a5c52,46032f36-69bc-465a-9b33-a5d560bfd77a,2024-07-14T10:16,2,10.14,Cash,Pending
791683a9-de2a-42c6-aa40-4069532e1cd2,5f0f3def-9ff6-4282-ad04-001c4a769966,2024-08-22T10:16,8,189.36,Online,Completed
2c9199f5-061a-44f2-a42d-a9d52ef2b091,b04ce307-2d1f-4214-b023-d8f4379041a1,2025-06-17T10:16,1,12.82,Card,Cancelled
14d130be-ea0a-4cf1-88fe-748172416ec4,fdb5454e-2230-489e-ade4-9218ff28cbd8,2024-04-17T10:16,1,5.34,Cash,Completed
53266bf9-1ea2-4659-a91e-4127584d2299,69446e90-4237-4410-ab55-e011eb04cce0,2025-02-20T10:16,3,30.57,Card,Completed
700fc238-e683-4185-b116-28efad02bd91,71f17b36-2c37-4cfa-bf8a-894fa94c0e9b,2024-06-09T10:16,1,27.26,Online,Pending
029b8f00-0327-4bb4-b3a2-9e18f2f62e47,f543de06-e341-4de2-95ab-ca0fd3ee51fe,2024-10-18T10:16,7,129.15,Card,Pending
52e65411-7098-4d59-b706-7f94690afc18,0130fcd4-a6cf-4a72-8400-7bcae1abce34,2024-12-22T10:16,7,70.49,Online,Pending
afd2b760-ffab-4ff4-b76d-2d87ff28eaee,0df3bae1-6384-4856-aa27-aef9f6c48b75,2024-07-09T10:16,9,158.85,Online,Completed
8bd19cb1-ac79-457d-a31c-df397caf50e8,515fe1d2-d33a-4b9d-8c19-07e0cbe81a9a,2024-03-01T10:16,5,27.30,Card,Completed
22f11fac-324c-4d0d-a5a4-a3b5d6180f29,5f6e51da-5f01-4c9a-85dd-7d50ef37e5d7,2025-01-09T10:16,2,49.20,Cash,Completed
c9de8185-e529-4f53-a4d1-45d7345cf006,7a18d550-38d0-40b2-84a7-547162e7e409,2024-07-05T10:16,5,32.70,Card,Pending
316bc78d-76b1-442c-8c20-e248003392b8,0e0d5f13-edd5-4ab0-9ddd-3df111bedc5a,2025-04-28T10:16,7,134.40,Online,Completed
de82b01a-f753-4717-bf18-ca5ba305061f,71f17b36-2c37-4cfa-bf8a-894fa94c0e9b,2025-10-13T10:16,9,256.59,Card,Pending
48bc1528-a2d1-4761-8ea9-3c53e6f7a457,bb6ceda0-3f7a-4dfa-9862-41a88dd468b2,2024-10-27T10:16,9,219.96,Online,Cancelled
f92a215f-dd60-4561-8a65-24d43c8338dd,5400d214-6176-40bf-88d2-3f53ed38bf69,2024-09-30T10:16,3,80.85,Cash,Pending
7c6f47e4-6839-4b23-9506-f5c66f848a95,7509850a-5062-4da9-aad6-bc5b9e363ef1,2025-08-18T10:16,1,23.87,Online,Completed
ccb1cbac-2779-4999-b939-cd4a979b9204,6bd388d4-5636-450b-bacd-55bdcb769bab,2025-08-09T10:16,2,12.80,Cash,Pending
acd506f5-4aa5-4bfb-af49-5eb7ec7e7174,71f17b36-2c37-4cfa-bf8a-894fa94c0e9b,2025-07-12T10:16,2,36.52,Cash,Completed
54d2b014-a285-4f4a-bb75-d4d5eb7529ec,d5cfb1a3-ce2f-4aff-ab4c-50e0c5426af1,2024-10-19T10:16,5,50.65,Cash,Completed
2b354a3f-12cd-45b8-af77-fcd21afabf16,67c276b0-7be6-4f3c-bf86-c342095c8112,2024-11-28T10:16,8,121.92,Cash,Cancelled
ff923025-3910-4162-a408-f88b222461b2,71f17b36-2c37-4cfa-bf8a-894fa94c0e9b,2024-08-15T10:16,2,28.10,Card,Cancelled
fddc33e7-6c78-428e-bfe4-8340b0726de6,1a48aa9a-def3-481d-922a-94300aa97309,2025-02-22T10:16,1,14.84,Online,Completed
5eac8b70-827d-4fa8-9e66-85bdb4c9e2f2,f6c35464-33dd-44a7-bf84-071f2e427045,2025-09-02T10:16,7,139.30,Card,Pending
53550659-784c-4dcf-b197-97cea6308f12,11526850-7335-463f-b740-a52a90457c3b,2024-09-12T10:16,9,264.60,Online,Cancelled
bbbe6f4a-7bf0-498a-bbae-1664c385d92e,1407e9cf-22c9-4137-a2fe-cc12dc038235,2025-09-06T10:16,5,28.30,Cash,Completed
719ddc92-ec5d-4666-9f93-054c676e26db,8887df7e-682b-4d48-b18c-c1ddfa0aaa26,2024-03-05T10:16,6,105.72,Online,Cancelled
d4533b63-0e07-4990-97cf-088fd07f8afe,fdb5454e-2230-489e-ade4-9218ff28cbd8,2025-08-03T10:16,7,173.25,Cash,Completed
18f44bc8-4369-43d7-9f13-6131572faf1c,c5817fdc-a4dc-4879-b957-30cfda62016b,2023-11-18T10:16,4,93.00,Online,Cancelled
109b6764-3225-4fbc-a9cf-62e77ce94cb2,885715b6-b1eb-44ca-8460-28c0343e56f3,2023-11-28T10:16,3,48.81,Card,Cancelled
7552bb84-2ad6-49b9-97c7-c6320b2b33b6,2c6dafc9-06cc-4b3d-8b8d-12aae0644c58,2024-03-19T10:16,9,90.18,Online,Cancelled
3e8f6480-de52-4a59-b0b9-810ad742ed51,23650eb4-f98d-45a3-a90b-a378f03d469d,2024-10-17T10:16,6,61.38,Online,Completed
6daeef78-8a82-4462-bebd-96fd0c912742,2ca088cd-c6c6-4e60-a1a4-d2990ee21b12,2025-03-30T10:16,2,41.56,Cash,Completed
dc2b60b0-4129-4070-a9cc-ed2b03810275,6e551d53-4f6d-4b84-a9de-3d7c79694805,2024-12-29T10:16,6,109.86,Online,Pending
c230e166-df4a-4923-bcde-574217dde0b0,8e1bbe6c-7b75-46dc-8ca1-0b1664cd6ae4,2023-12-13T10:16,7,63.84,Online,Pending
28af1a99-71da-4d58-9933-0ee32cbae7d6,06e585f0-5b60-4900-81d1-3379328e6c17,2024-07-14T10:16,3,27.75,Card,Cancelled
70479798-8991-45b6-8d53-904a2a2f40db,67c276b0-7be6-4f3c-bf86-c342095c8112,2024-06-01T10:16,5,108.40,Card,Completed
974fe86e-8f67-4ef6-b115-7602f4c35eed,ebbc7df0-770d-44f8-b0ff-c62f9006e40e,2025-09-18T10:16,9,163.89,Cash,Completed
8a2fbb70-6c78-4b53-bdf0-c0dace47996c,bb6bf39c-f455-4e08-a59e-1bdaaa91d4aa,2023-11-17T10:16,3,52.86,Online,Cancelled
e9033872-899b-4dd2-a42f-895ac9303d4b,cb8747c7-32ca-4b6b-868d-13ab01d953ec,2023-12-06T10:16,7,119.84,Online,Completed
b7f36f44-357e-4132-880c-3ce63122fa81,4f6ae324-5b6d-47d6-a86d-26ec6fbe1e0e,2024-03-31T10:16,8,217.68,Online,Completed
ff276ba9-0845-413b-9d72-ab4e3bf76d93,a3f626b9-cc27-4c04-8570-be79ab8bda4a,2025-07-17T10:16,1,11.21,Cash,Pending
ab0593ab-8bee-49c9-ad59-e8c78a1cf51c,62a2bfef-ca4a-4dec-90ea-bf15ea1880d2,2024-05-13T10:16,7,209.02,Cash,Pending
53fd8fd3-aba6-42de-adf3-68bbad0332b9,b047b369-02d0-4f25-9af0-f1e883228863,2024-06-12T10:16,7,125.44,Cash,Completed
03cfa4f5-3cbb-4a27-9d71-371af4fe58d7,e38afcd9-9e08-47ba-bc92-5ebb4bc271eb,2025-07-02T10:16,1,12.54,Card,Pending
cafa4bfa-6d3b-45bb-97dc-27b826695e3d,000f9c8f-2fc7-4346-844d-c04f10751265,2025-01-14T10:16,8,54.64,Cash,Cancelled
34d467b9-e40e-4d76-b8d7-1e70543a0a14,5f0f3def-9ff6-4282-ad04-001c4a769966,2024-07-20T10:16,6,56.58,Cash,Completed
dc582603-b38f-45ba-a1af-f073fd65e3e5,983d66ae-c8b0-46b8-8abc-26a1055cf729,2023-12-12T10:16,9,174.60,Cash,Completed
01ef5bdf-a5da-4bf7-b325-652d547ab5af,8b115a34-224b-453c-be69-b53a7445b466,2024-08-16T10:16,7,179.55,Cash,Cancelled
0f2880cc-a939-44c4-a2d3-72af66664127,b047b369-02d0-4f25-9af0-f1e883228863,2025-07-28T10:16,9,206.01,Online,Cancelled
bf2eff25-7d44-482c-abca-435a7baed466,ada8704c-2784-4d70-84da-10078407d2c8,2024-10-05T10:16,8,181.20,Online,Pending
f28b028e-5e07-41ca-86b8-22bd5325fbcf,0e0d5f13-edd5-4ab0-9ddd-3df111bedc5a,2025-10-19T10:16,1,28.52,Card,Completed
e721695f-e910-40e8-b8cc-0669c86abb40,caca465c-e9f2-4add-91b5-24c70595e321,2025-03-04T10:16,7,106.47,Cash,Pending
708d0be3-ba9f-4488-9ab5-c3c627123b20,9c53f3f8-5b22-4d77-bd76-cfa6c70e443c,2024-09-10T10:16,5,86.65,Cash,Pending
a21ac624-0fa9-4334-a181-efba918ac9bf,46032f36-69bc-465a-9b33-a5d560bfd77a,2024-03-01T10:16,3,79.23,Online,Completed
05d7ebd3-eed5-4887-be12-26cb78ea6745,d5cfb1a3-ce2f-4aff-ab4c-50e0c5426af1,2024-11-25T10:16,2,23.18,Online,Pending
0387bfea-89e4-461e-b91f-3dd078b3524d,71f17b36-2c37-4cfa-bf8a-894fa94c0e9b,2025-08-06T10:16,8,64.40,Cash,Completed
23b321c8-86f2-4151-897b-781b90fcef9e,500fde18-ea61-4380-9ea4-f06d09985870,2025-10-03T10:16,9,236.52,Card,Cancelled
5c745956-dc7c-4f8f-a3bc-c35b316eb2b8,5400d214-6176-40bf-88d2-3f53ed38bf69,2025-10-12T10:16,3,64.44,Cash,Pending
85c9cfc6-6670-4a87-aceb-8e57c74b8b24,e6e1db85-f8ba-4264-9c9a-520ecda4bc4c,2025-04-03T10:16,1,19.10,Online,Pending
3a4c5567-3c7d-49da-9fd3-dde83cb4c1e8,4739f27f-7a96-4d52-83ae-0c6fd4c8c606,2024-03-24T10:16,5,31.15,Card,Cancelled
a91e6f3a-9a6f-40ee-9ac9-0381b154918a,0a0ac3e5-6e20-4fbc-87ec-5481c70e38bc,2024-10-06T10:16,6,131.22,Card,Cancelled
5f2eef9d-f954-40d8-96e4-d72726be006a,02c65c06-56ad-4670-b8e2-10ab417c7154,2024-11-11T10:16,5,41.15,Online,Pending
c5eba79e-3533-49fe-bca8-6742dab7ba14,36b880b0-e9bd-4c0b-8f1c-32018f6c758a,2025-09-04T10:16,1,7.71,Online,Completed
bf5f7a68-c576-44d1-b576-3a666c8086fe,36b880b0-e9bd-4c0b-8f1c-32018f6c758a,2024-07-25T10:16,3,19.02,Online,Completed
22c11343-d1c0-4e1b-acaf-cf82ed7b4f1f,f0a6a958-e434-41bf-a830-dffa55a34db5,2024-12-09T10:16,5,120.60,Card,Cancelled
25df9b7f-c172-4c3f-8617-2aedd4c99379,f0a6a958-e434-41bf-a830-dffa55a34db5,2025-01-08T10:16,8,45.60,Online,Completed
38c9c73d-53cb-44c2-ac02-21c6b7ab899a,4717d2a3-4b2a-44f1-b960-a2b73e2d23fd,2023-12-27T10:16,7,187.46,Cash,Completed
f86b37e2-43ba-4fb8-8757-0906b992167b,6aaabc79-3d35-410f-bb96-f86a3930d0ff,2025-04-29T10:16,5,43.30,Online,Completed
8bb570ca-c097-4ee1-8781-619e32787423,c5817fdc-a4dc-4879-b957-30cfda62016b,2025-02-27T10:16,3,42.27,Cash,Cancelled
af1bd95e-fdbe-475e-901a-7df13c93de1d,0b2a0e9a-e050-4380-b607-57adcbbf59d4,2025-03-15T10:16,1,26.23,Cash,Cancelled
444b3f7e-24cd-4d7a-a0c2-169fb781d808,f6c35464-33dd-44a7-bf84-071f2e427045,2025-03-21T10:16,2,52.18,Card,Pending
331ef950-115d-4dfb-85d6-a0b3eeee0829,fdb5454e-2230-489e-ade4-9218ff28cbd8,2024-02-21T10:16,7,82.53,Card,Pending
3a983b74-c94a-4e48-ac0a-758745eac50e,aff4340c-d102-49ba-af8e-84d2737ce82c,2024-04-21T10:16,7,122.78,Card,Cancelled
071c2143-0830-4d4b-87a8-984106622323,6945f6f4-b8f9-4d04-90ff-e59ed705578e,2024-05-17T10:16,2,13.62,Cash,Cancelled
bbcf4398-c22d-45ab-962d-d5eb7a2298b0,5d6f84a5-a4de-442e-99b9-b8ef714b4436,2025-02-07T10:16,6,118.56,Online,Cancelled
c05dab87-d97f-4b3a-a904-3e0bcad8ef79,f067e21d-d1d4-4e87-9cae-9753f5f9ccb6,2025-03-28T10:16,7,120.61,Card,Completed
0df0bb96-0bd9-4694-996d-22d5a18f4e91,caad7924-4bc5-4f85-9662-11ca261e3c87,2024-01-03T10:16,9,223.56,Online,Completed
b0f55907-1dee-44c8-be5e-4b916cdce017,7c991f43-c18b-4404-8826-97691b0dc00c,2024-05-22T10:16,7,100.45,Online,Cancelled
6a6733d5-7f50-4a31-adc2-d940771624ea,0130fcd4-a6cf-4a72-8400-7bcae1abce34,2025-02-02T10:16,1,10.57,Cash,Pending
3149ec46-c92e-406e-9365-88e2a9dce9c2,d33bbfcd-a2ca-4e80-8a1c-65223f061e7e,2024-10-06T10:16,3,20.37,Cash,Cancelled
ca1129d4-6c86-457e-a954-feffce071f09,cf65c4b6-4c1c-420b-95de-23e5b56ffad5,2024-07-01T10:16,9,113.85,Card,Completed
ad71996b-e2a5-49f1-8522-e321286a1239,205ea7f7-e714-45b8-a083-11247ff702a1,2024-10-02T10:16,9,169.11,Cash,Completed
aaf5c5d5-65b2-4742-b17a-74e775f10b63,ebbc7df0-770d-44f8-b0ff-c62f9006e40e,2025-04-21T10:16,7,118.72,Cash,Completed
2ad26c71-08eb-419f-95b2-74f2e0189f8a,69446e90-4237-4410-ab55-e011eb04cce0,2024-02-23T10:16,1,6.40,Online,Cancelled
dec141b2-0484-41b0-8780-0e80f210769f,6945f6f4-b8f9-4d04-90ff-e59ed705578e,2024-10-30T10:16,1,25.86,Card,Completed
a49754a5-491a-49e5-b4f9-2885b3c0aade,7509850a-5062-4da9-aad6-bc5b9e363ef1,2024-06-17T10:16,5,83.90,Card,Pending
26de46fc-512a-412c-9c96-32e40f6adc1b,c1a09d60-c9e8-4489-a68e-e01b51541d33,2024-07-09T10:16,2,18.74,Online,Cancelled
e197b2c7-ec9a-4576-b9a5-396dcdf35070,90f0db1e-2b19-43f7-ba17-233c7c214eca,2025-09-11T10:16,5,115.15,Online,Pending
f436e6e6-8dd1-4a1a-936b-51d43e861bfc,4e44f26d-5455-405b-8fdb-63ab8b739ecf,2025-10-10T10:16,2,58.18,Card,Pending
4589653a-9d66-47f7-9362-df1c6c5782f4,d87f31d7-79ef-4c17-856e-142e791b04da,2024-10-14T10:16,7,182.00,Online,Pending
f26540a4-5f08-4d4e-94b0-6e7579d0075f,c3ffc43c-0c11-40fa-9824-f234161741d0,2025-03-16T10:16,8,189.60,Cash,Completed
56152661-8a25-4490-bb55-14dc37dbe353,f067e21d-d1d4-4e87-9cae-9753f5f9ccb6,2025-07-07T10:16,9,53.82,Cash,Pending
77ac2d0e-f103-476d-893f-8c88c78af80e,3dcaabe3-78c9-4d88-bed5-56ca7ceea07c,2024-12-06T10:16,6,66.30,Card,Pending
96d572d3-57eb-45b1-b51c-79a245ffd52e,0130fcd4-a6cf-4a72-8400-7bcae1abce34,2025-07-12T10:16,7,204.19,Card,Pending
364c6539-3ae1-4e7e-9c5d-9f07edc51010,52f5634d-de98-4543-8a1e-cbf1e2d0242f,2025-01-02T10:16,5,79.15,Online,Pending
78a4d9ea-bbba-478e-bb7e-68bc21a0e307,000f9c8f-2fc7-4346-844d-c04f10751265,2024-03-29T10:16,2,51.78,Cash,Pending
6a90dfd8-65a2-430d-aedb-0fe3d612f404,3dcaabe3-78c9-4d88-bed5-56ca7ceea07c,2025-04-10T10:16,9,202.05,Online,Pending
53c615cf-8486-4399-9549-f84291cee58e,0472ca7f-b133-4710-8f43-24a3c6c1afd1,2024-10-07T10:16,7,150.92,Cash,Pending
9d948426-e907-47e4-9ca7-22950e79834b,b014b56e-3263-4b63-8430-46e00bc5ea77,2025-03-04T10:16,9,142.83,Card,Cancelled
ba99c684-8d64-42c7-86c4-8c1cfb6be344,d3f641e5-b8b5-4f5f-9155-7768df2033e8,2024-03-01T10:16,2,38.42,Card,Cancelled
8f074575-02c8-4237-8ec3-6828168c0724,c1a09d60-c9e8-4489-a68e-e01b51541d33,2025-08-07T10:16,8,114.08,Online,Pending
329544ac-21dd-4798-888b-dad6ac58dc50,cb8747c7-32ca-4b6b-868d-13ab01d953ec,2024-11-04T10:16,5,134.00,Cash,Completed
d3460466-e5bd-4cfa-879c-d20267500704,d6d4ef4b-0870-48aa-b884-013237f255f4,2024-11-02T10:16,1,27.09,Online,Cancelled
a5507dae-346e-46a2-ba9d-b462256ccf32,46032f36-69bc-465a-9b33-a5d560bfd77a,2024-02-13T10:16,3,76.89,Cash,Cancelled
5c86367e-b83f-4003-9056-4f905eda9c55,d87f31d7-79ef-4c17-856e-142e791b04da,2024-12-19T10:16,2,59.26,Card,Completed
75013c52-826f-4e11-a246-5c8eb1e62ad3,205ea7f7-e714-45b8-a083-11247ff702a1,2025-01-15T10:16,2,39.22,Cash,Pending
7e0abd5f-e54d-4e3f-b649-2d253dd806c6,6945f6f4-b8f9-4d04-90ff-e59ed705578e,2024-01-14T10:16,1,25.19,Card,Pending
7d519d47-6df2-4db2-92ed-fa62c1712511,e38afcd9-9e08-47ba-bc92-5ebb4bc271eb,2025-07-10T10:16,9,231.66,Cash,Cancelled
22abf347-6ff7-4fd7-9294-b3c7ca976998,53db1213-7316-47bb-9099-c1def0e3c96b,2025-06-10T10:16,1,29.05,Card,Pending
6048764e-9e35-4377-aa6c-f4c341621a60,06e585f0-5b60-4900-81d1-3379328e6c17,2025-02-15T10:16,4,91.80,Cash,Completed
d238e33a-74d0-4957-97c9-6d0ec125b00b,9c53f3f8-5b22-4d77-bd76-cfa6c70e443c,2024-04-03T10:16,1,20.78,Online,Cancelled
350f07a6-9848-4c25-a2a8-41079ec4e834,99c406e7-092b-4eeb-bc08-56fc041c253d,2025-06-23T10:16,4,25.68,Online,Pending
a48e2ad6-a558-4fc5-9027-a5ef97116896,e277d099-db2a-4aee-ab86-8b0e73a34383,2025-09-21T10:16,3,54.27,Online,Cancelled
b15bc478-3c72-4129-a9f8-0d6164895f6d,7169ef0c-f2c8-4ae3-83f6-87691664d2d2,2024-05-17T10:16,1,15.78,Online,Cancelled
9f8acb5a-8e62-4017-a632-c91cecee0afe,f3826f04-0dfa-4266-8002-58fede0093f5,2025-04-30T10:16,8,222.80,Cash,Cancelled
03ef8476-7411-44ad-80c5-5b4eeed6618c,0a15d43b-8f6b-444a-bef2-ffbddfdbd16f,2023-12-06T10:16,6,40.26,Card,Completed
835c2b6f-a41c-45cb-bf81-3e690af0142f,b014b56e-3263-4b63-8430-46e00bc5ea77,2024-07-12T10:16,4,55.52,Card,Pending
4301d065-c1a9-4e07-a5c0-a1b5ce2a5ca6,bb6ceda0-3f7a-4dfa-9862-41a88dd468b2,2025-05-28T10:16,2,19.72,Cash,Pending
386b22c6-d68f-4e5d-a2ba-f43347593c1f,49af098b-bf79-4643-8e49-739ea932d38b,2025-03-25T10:16,4,49.48,Cash,Cancelled
a794287d-ce58-4c4e-82c9-ea2e88cc3a7a,ceafdb2a-788d-48e0-acdd-bd533a2e7ab6,2023-11-26T10:16,9,177.93,Online,Cancelled
45365cb0-e4a0-426f-9ffe-a27914ecb5fd,b03f75c1-655f-4480-a2bf-1a0af806e96e,2025-04-15T10:16,9,136.80,Cash,Pending
9f2b37b4-b895-4cdb-ac60-acb7299dd8bf,60cd80b6-3967-4dae-b4df-adc7b5644971,2025-05-26T10:16,3,69.12,Cash,Completed
28a40627-f53d-48db-bbd5-f2034f41c5ea,d87f31d7-79ef-4c17-856e-142e791b04da,2025-06-24T10:16,7,139.72,Online,Cancelled
3a8fd242-c49a-4e18-8936-fceedcedebf0,5f0f3def-9ff6-4282-ad04-001c4a769966,2025-08-28T10:16,8,212.32,Cash,Completed
cb41e14a-7725-45d1-a538-36894981a707,21edfc22-3f73-4335-a774-3cf78ab65e86,2024-08-22T10:16,6,123.30,Cash,Cancelled
bfc295dd-3d2d-426b-973e-a0f8da043e2c,0dd437d0-74fa-43c3-8909-5c955e4d47dd,2025-10-07T10:16,4,106.32,Card,Cancelled
9934ab35-8c85-4ece-8e28-04b445b6da8d,205ea7f7-e714-45b8-a083-11247ff702a1,2025-06-09T10:16,6,65.58,Online,Completed
9ff0d8f5-37dc-40f3-b874-a03ed7e2ae15,6c3bf618-a715-40f9-9faa-cfc5f5beef2f,2024-03-06T10:16,8,72.88,Online,Pending
6a8bda3a-19fe-4592-9c0d-afacd755702e,1a31c678-d420-495a-aff3-0f1609514e1e,2025-09-28T10:16,4,56.64,Cash,Cancelled
74cc13fb-bc3f-4cca-8e74-ef9c2b2c420d,0dd437d0-74fa-43c3-8909-5c955e4d47dd,2025-05-29T10:16,8,225.04,Card,Cancelled
4157b60e-c655-4f65-8a27-a46080678b82,8113211c-bdc3-4bb0-94d9-3fd3871f3005,2025-10-05T10:16,4,96.72,Online,Pending
55a86592-b6a9-421e-aded-a8f3b2201f17,d6d4ef4b-0870-48aa-b884-013237f255f4,2025-03-23T10:16,5,25.75,Cash,Pending
daf03e7b-6e6c-4499-a250-56015b9661f7,63846b60-b7be-4087-ac6e-56c9bc130a20,2024-09-16T10:16,8,205.60,Online,Cancelled
db55d513-7eea-4aeb-80ac-ebb0a4fa33dc,a5ffc907-be77-43e6-8694-4a0bf09bd3fb,2024-03-08T10:16,4,96.60,Card,Completed
a5872379-62de-40c4-9426-8344d9b48186,2a109685-1399-4149-8951-fba29bb0360d,2025-01-25T10:16,9,129.87,Cash,Completed
3625c710-d95c-498d-84ee-a3917dd77cde,67c276b0-7be6-4f3c-bf86-c342095c8112,2025-02-02T10:16,8,138.16,Online,Cancelled
35a47093-f44a-4af1-bc1e-dcbae45154ce,4e44f26d-5455-405b-8fdb-63ab8b739ecf,2024-08-21T10:16,1,22.14,Cash,Pending
4ef0efcb-e6d6-4fc2-a664-302327e656a0,205ea7f7-e714-45b8-a083-11247ff702a1,2024-06-08T10:16,2,57.30,Card,Cancelled
25db0b87-4735-4cbd-bd38-90de71fb89ec,2ca088cd-c6c6-4e60-a1a4-d2990ee21b12,2025-10-27T10:16,6,81.54,Card,Pending
a5ed194e-6382-456e-a066-853e679df832,05ccd8a5-ea5f-4353-bd1e-3022152b0685,2025-09-15T10:16,2,33.52,Card,Pending
82f1cd3e-ed29-45e0-93a8-2ba1801213b2,058b9c75-b72f-4594-80d2-e41194ff7672,2025-02-01T10:16,1,22.74,Card,Pending
89b3303d-6006-4545-91b9-9e41d73f8295,ec3490d2-e8da-47ee-ae12-0ca0b1d7a2bb,2025-03-21T10:16,2,15.90,Cash,Pending
682862af-e68c-4897-a992-66dc333f9f0e,fe624323-ba72-456d-9842-ed9e0edc75df,2024-12-20T10:16,2,53.98,Cash,Completed
4a58df81-69e6-4353-a2da-001cc560a954,a302a1a8-c429-406f-abff-9f273aa0a4b5,2024-08-14T10:16,1,28.64,Card,Cancelled
708c54b4-7716-47e0-beeb-7c6be77b9a92,983d66ae-c8b0-46b8-8abc-26a1055cf729,2025-06-23T10:16,7,65.87,Online,Cancelled
09f3a0db-b4f2-4f75-9df5-dd3bffdc8c3b,09ba4183-1b94-4f8c-bc5f-eca421a88524,2025-04-25T10:16,7,150.15,Card,Cancelled
c1bcecf8-7b10-4567-a616-9a77fd2f9359,b90a3a7f-421e-47e5-8598-fe50f365a62e,2024-01-11T10:16,9,97.92,Cash,Completed
92b75d71-c3a9-4d7b-8226-e8851e182fff,bfa3444b-2be9-46be-b944-720d86a59770,2025-02-18T10:16,2,10.32,Card,Completed
27c4591d-46ae-4d44-844d-e123326ab538,1d32c3b3-c732-4995-aa6b-ff159deb3bdf,2024-11-06T10:16,4,87.88,Card,Cancelled
b196db8f-10ee-4be1-85c7-818a82e9226a,4e6807ca-aed8-4ec9-b1b0-0e3aba57efb1,2024-10-28T10:16,9,46.89,Cash,Completed
d706bf94-29e0-4ea2-bc5c-8304aac509ba,bb9edfa8-17f7-4f6f-8e3b-616693a298b1,2025-08-23T10:16,5,72.55,Cash,Cancelled
ce336bbd-7bf3-48b1-b244-c8522c3da860,e6e1db85-f8ba-4264-9c9a-520ecda4bc4c,2025-10-14T10:16,9,113.13,Online,Pending
2ea135c3-b272-4de2-8dab-6cd5aa098815,5f0f3def-9ff6-4282-ad04-001c4a769966,2024-10-30T10:16,9,99.72,Cash,Completed
5658d58f-f320-4a67-9dc4-78ec413c54ce,401a6911-a31e-4892-adc1-56e3e1eb090a,2024-05-14T10:16,2,39.50,Online,Completed
748deb4d-11e7-48c5-8ad6-44e7ba5e60f8,b90a3a7f-421e-47e5-8598-fe50f365a62e,2024-06-02T10:16,4,94.32,Online,Pending
5b94d185-d4eb-44af-9cf2-1a5e700b9509,6f61ca8e-51a1-48e0-abfa-88326e713e34,2025-05-21T10:16,3,36.57,Online,Pending
38ce66e0-345b-4865-9e9d-ca10f5996453,8887df7e-682b-4d48-b18c-c1ddfa0aaa26,2025-04-08T10:16,4,31.20,Online,Completed
698c8736-6242-41e4-888f-8be50eb70735,cf65c4b6-4c1c-420b-95de-23e5b56ffad5,2023-12-13T10:16,7,51.03,Cash,Pending
3de52269-e741-43dd-aaa1-1d0264818dc1,0a15d43b-8f6b-444a-bef2-ffbddfdbd16f,2024-03-04T10:16,4,69.92,Online,Pending
b2cae938-2b9d-4960-85e4-5f4ac54200a5,b04ce307-2d1f-4214-b023-d8f4379041a1,2024-02-14T10:16,9,126.81,Cash,Completed
9284ebb2-d600-40dd-9307-be99515fa18d,0a5a9fc7-e126-48f0-99aa-dea85c606f66,2024-07-01T10:16,7,173.74,Card,Pending
d791717b-3418-4d6c-a961-170dc772a5cd,49af098b-bf79-4643-8e49-739ea932d38b,2024-10-09T10:16,8,233.36,Cash,Completed
3b08531c-3958-4e52-be45-ab82e8f7455c,90f0db1e-2b19-43f7-ba17-233c7c214eca,2025-07-28T10:16,6,54.96,Online,Cancelled
887f62c1-3d10-4523-a534-fe1d8f74adfa,f6c35464-33dd-44a7-bf84-071f2e427045,2025-06-10T10:16,8,200.00,Card,Pending
d0e6a5e4-6c76-4093-afba-37dcceda78bb,000f9c8f-2fc7-4346-844d-c04f10751265,2025-09-13T10:16,8,124.96,Online,Pending
02f398f2-7a13-4b07-be07-fcde3a2973f4,5f0f3def-9ff6-4282-ad04-001c4a769966,2024-03-04T10:16,6,130.14,Card,Cancelled
6f2a7d4c-0dad-4965-a8a7-e66840a83011,3dcaabe3-78c9-4d88-bed5-56ca7ceea07c,2024-10-30T10:16,3,29.55,Cash,Cancelled
d24e4d77-e07e-48b1-b735-8b89ea46ede2,39cb44e2-a541-4b98-bc0b-db5f31cf8710,2024-07-09T10:16,4,30.16,Cash,Completed
cdb85975-6174-433d-8d24-85c41fcb9b88,1eeb9c5f-5b7a-47af-b4f1-5a50d9d1089c,2025-01-10T10:16,9,125.64,Online,Completed
0e00bc07-49ad-4c84-a3ab-8a8084ba98d6,2ca088cd-c6c6-4e60-a1a4-d2990ee21b12,2025-10-14T10:16,2,24.04,Cash,Pending
72b235af-a955-4db6-bba3-93da6d6be748,36b880b0-e9bd-4c0b-8f1c-32018f6c758a,2025-07-16T10:16,2,54.08,Online,Completed
2e4f12cb-c266-4ecf-a9e3-9fbc5201f3ea,e38afcd9-9e08-47ba-bc92-5ebb4bc271eb,2024-11-07T10:16,5,44.30,Cash,Completed
0b3b3d71-58ea-4874-a8e8-aa64a12f429b,1eeb9c5f-5b7a-47af-b4f1-5a50d9d1089c,2025-05-23T10:16,4,62.92,Online,Pending
1d94c9a2-8e5c-4e8c-aa1a-f50bba088fd8,2c6dafc9-06cc-4b3d-8b8d-12aae0644c58,2024-01-29T10:16,6,75.00,Cash,Completed
69445044-0f67-4d57-a7ee-dc7c7dc8f2a6,964d337f-acd5-4ca2-8843-9be3f2eb60fc,2025-09-05T10:16,7,40.74,Cash,Cancelled
6e9cc8a2-721d-4cd9-a5fd-d62b0702c48e,6b1178fc-1745-401d-88da-3903c243ebe9,2024-12-21T10:16,3,39.24,Card,Pending
75e992ec-240c-4c8d-af15-089e401bb70d,46032f36-69bc-465a-9b33-a5d560bfd77a,2025-06-24T10:16,7,108.78,Card,Pending
024a69c4-c7f8-44f2-9a56-f0805c2ce5c6,cf65c4b6-4c1c-420b-95de-23e5b56ffad5,2024-01-24T10:16,3,42.09,Cash,Completed
304d1cbd-aeb5-4849-b582-75ec751ae02c,e6e1db85-f8ba-4264-9c9a-520ecda4bc4c,2025-01-12T10:16,8,231.04,Card,Completed
6312bf75-25fb-4784-891e-90b553505c56,ebbc7df0-770d-44f8-b0ff-c62f9006e40e,2025-05-30T10:16,9,54.54,Online,Pending
ba8d4aa4-d43b-4386-a660-c686c4207528,4717d2a3-4b2a-44f1-b960-a2b73e2d23fd,2024-04-26T10:16,7,198.94,Cash,Completed
6fd9f44b-2abf-419b-9865-57710751aacf,fdb5454e-2230-489e-ade4-9218ff28cbd8,2024-01-24T10:16,9,95.85,Cash,Cancelled
96aa6b36-61be-4ced-927c-b1146d18e1a6,885715b6-b1eb-44ca-8460-28c0343e56f3,2024-02-14T10:16,3,68.16,Card,Pending
16ada9d0-1b4b-45a2-ad38-841f664cfcba,5f6e51da-5f01-4c9a-85dd-7d50ef37e5d7,2024-03-18T10:16,4,99.96,Cash,Pending
29a105ae-6d29-48b5-87be-28af32f0f7b1,6c6a3b10-9747-4dca-a041-4edc22d147b0,2025-06-08T10:16,1,17.60,Card,Cancelled
9799af4c-0d11-4696-ba11-0a53c7ae7484,a5ffc907-be77-43e6-8694-4a0bf09bd3fb,2024-03-28T10:16,3,56.70,Card,Pending
92f3ab69-cc65-4c62-8c46-edb183695b3b,f3826f04-0dfa-4266-8002-58fede0093f5,2024-08-19T10:16,6,76.32,Online,Completed
381ce810-9e61-4b65-b451-b73ef9c579f5,52c87fd9-fdf0-4256-b929-6153ad24a0ac,2023-12-26T10:16,7,154.56,Online,Completed
26714ec9-8d87-405e-ab6a-8a7b268786c2,8b115a34-224b-453c-be69-b53a7445b466,2024-10-02T10:16,1,18.00,Cash,Pending
fc823a8e-e46a-4ed8-95a4-db2eebe17db3,2c6dafc9-06cc-4b3d-8b8d-12aae0644c58,2023-11-22T10:16,9,101.07,Card,Completed
9ea658f8-6d79-4457-bc7b-11cf99c0ed57,89d26a00-0fde-4c03-8430-b06f6bc3f33a,2024-02-20T10:16,9,63.00,Online,Cancelled
2129494a-2a87-4d31-a4d2-450c68b9bfb0,89d26a00-0fde-4c03-8430-b06f6bc3f33a,2025-02-14T10:16,9,133.92,Online,Cancelled
fa445a29-9236-4fa4-9b01-2f8bb7fb9caf,ef7fad1f-a86f-4ee1-95b4-ce1f339f0fa5,2024-08-28T10:16,5,41.85,Online,Pending
f4df3227-1996-43e2-bfde-2cf5b68080ab,1d32c3b3-c732-4995-aa6b-ff159deb3bdf,2024-11-01T10:16,8,67.44,Card,Pending
6aa9b55d-2e91-4ed4-ac63-337173ee2edf,f543de06-e341-4de2-95ab-ca0fd3ee51fe,2024-04-04T10:16,4,86.12,Online,Pending
a17edc67-9d72-4b4e-bdc3-93e3ac36091b,5eb75bc0-d5fa-4209-9d42-7767f3f0585b,2024-05-31T10:16,8,111.04,Cash,Pending
3664f1e8-8375-431e-a79a-48d1fad9ae17,9305d562-2505-493d-8ed8-3fb721c8f491,2024-07-11T10:16,7,164.22,Cash,Cancelled
ea3e6977-411e-4295-916d-41675899cb6a,62a2bfef-ca4a-4dec-90ea-bf15ea1880d2,2024-08-05T10:16,6,119.10,Online,Completed
0f703d67-6bd3-423d-94f6-95a284899cd8,c1a09d60-c9e8-4489-a68e-e01b51541d33,2024-07-03T10:16,2,45.06,Card,Completed
14f14f92-5499-4ae4-85cc-7fe8d8e469d9,a938df5f-7764-459c-8bfd-90409d16b3c6,2025-03-15T10:16,8,213.44,Online,Cancelled
844e1b52-3c6d-4c38-95aa-b3d0c1780f39,90f0db1e-2b19-43f7-ba17-233c7c214eca,2024-06-21T10:16,8,106.16,Cash,Completed
8dffb1ff-8e8a-4efa-a7e7-0b3a8d32c96d,59827b2a-ae17-44b1-bd6f-6f08718559cb,2024-09-10T10:16,3,42.06,Online,Cancelled
0165340b-cce1-4772-8985-423062636ed7,f0a6a958-e434-41bf-a830-dffa55a34db5,2025-02-13T10:16,6,162.36,Online,Pending
146032b3-d6d9-4d68-9cf3-91276d494aed,b014b56e-3263-4b63-8430-46e00bc5ea77,2024-05-20T10:16,4,61.84,Online,Cancelled
cfd0784b-d200-4784-9670-f9ccf2ebe1f9,67c276b0-7be6-4f3c-bf86-c342095c8112,2023-12-15T10:16,5,27.85,Online,Completed
13069154-70f3-4270-9690-768e38399e68,209e786b-2a61-4e52-a3b2-1cc98bcbf18c,2025-09-03T10:16,3,39.60,Card,Cancelled
2d6668fc-3f58-4c71-9fbb-b127a01bf6f0,aff4340c-d102-49ba-af8e-84d2737ce82c,2025-07-29T10:16,7,70.91,Card,Pending
c5cb1982-07ec-4969-9f5f-8402c3bf8f44,103fcba5-5588-45a5-9fe0-6ac948d3860e,2025-07-01T10:16,2,47.74,Online,Completed
82d2badf-585d-4dcc-82f7-07b05eb911d8,99c406e7-092b-4eeb-bc08-56fc041c253d,2025-04-26T10:16,8,179.44,Card,Pending
cc6fd53d-a185-4cf6-bf65-7c346d7d50b2,36b880b0-e9bd-4c0b-8f1c-32018f6c758a,2025-03-19T10:16,2,50.06,Online,Completed
c4d7a914-a31a-4cee-a19c-151087e788fa,bb6bf39c-f455-4e08-a59e-1bdaaa91d4aa,2024-04-22T10:16,6,34.74,Card,Cancelled
f596e3e1-4229-47e9-b0cd-48778c5dda1f,52c87fd9-fdf0-4256-b929-6153ad24a0ac,2025-01-06T10:16,1,8.93,Online,Completed
6d43fe74-da97-4bd5-bb5c-52f932c3b778,10b26c2d-7d56-4175-84a8-a2775e128a9d,2025-07-16T10:16,1,23.73,Card,Pending
9764b3df-f75f-48ad-b4df-d27a88328bfb,4739f27f-7a96-4d52-83ae-0c6fd4c8c606,2024-08-30T10:16,3,48.18,Online,Completed
0328be8b-008a-4857-9a67-2584bed8f639,b6c26110-1b77-4777-8c79-c69ec19b66df,2024-06-25T10:16,1,5.66,Online,Pending
74f75082-bb33-4ab1-849d-1609e2c41f0f,09ba4183-1b94-4f8c-bc5f-eca421a88524,2024-05-13T10:16,1,8.06,Cash,Pending
8c0e4c7f-7e21-4dde-912f-3e179a81ef78,e277d099-db2a-4aee-ab86-8b0e73a34383,2024-07-07T10:16,7,161.98,Cash,Pending
b9b47d8c-995e-43cf-9728-32ee605415ec,4f6ae324-5b6d-47d6-a86d-26ec6fbe1e0e,2025-09-11T10:16,7,139.16,Cash,Cancelled
4263ab97-8c77-49ac-8d3f-f20a2b3e2210,0130fcd4-a6cf-4a72-8400-7bcae1abce34,2025-10-06T10:16,8,81.20,Card,Cancelled
83031096-479a-4aaa-907f-191d03bf9db5,67c276b0-7be6-4f3c-bf86-c342095c8112,2025-09-08T10:16,8,198.80,Cash,Completed
8c9cd3bf-ef1f-4b11-b8b9-2120657432dd,f6c35464-33dd-44a7-bf84-071f2e427045,2024-01-01T10:16,4,105.04,Cash,Completed
b99effde-c6ff-4c46-91ef-ba8c1a63ded0,6bd388d4-5636-450b-bacd-55bdcb769bab,2024-02-10T10:16,9,153.09,Online,Pending
2f12eae0-e19b-4e74-94ce-cebc222a23ad,7d2df59f-386d-4aec-85a8-2443262a0cb4,2025-06-12T10:16,5,121.75,Cash,Pending
844460ab-fc59-416d-9723-30183a63fc65,9305d562-2505-493d-8ed8-3fb721c8f491,2024-04-14T10:16,9,237.06,Online,Pending
918a9b70-d598-49fa-830f-03b5bfd22d4f,953417c6-cd52-45e9-9ca0-bb450653c934,2024-07-20T10:16,6,71.34,Cash,Cancelled
b85e78ac-061e-4eb2-b591-0c9a12922005,56a75a3e-a944-4147-8cba-f1024726993f,2025-07-20T10:16,5,36.60,Cash,Pending
03cbb15e-4705-48fe-8cc5-e6cd4f3b550d,dcfb3d05-846d-4915-99f3-ebbc7559d972,2024-08-16T10:16,7,102.20,Online,Pending
b6b79bf7-11fa-4502-9b08-ea2f66beaa35,6bd388d4-5636-450b-bacd-55bdcb769bab,2024-10-16T10:16,7,54.39,Cash,Cancelled
207f6548-20e1-4c81-adff-8c733a529c70,6c3bf618-a715-40f9-9faa-cfc5f5beef2f,2025-09-23T10:16,2,39.64,Cash,Cancelled
e424ec5a-3a25-4919-bae4-a96e03a41967,caca465c-e9f2-4add-91b5-24c70595e321,2025-08-30T10:16,2,49.04,Cash,Completed
18691880-a363-4713-a865-a23b0716f672,aff4340c-d102-49ba-af8e-84d2737ce82c,2024-01-14T10:16,3,25.41,Cash,Cancelled
82fdedae-fb47-4b5e-b105-ad2a24d072ed,cb8747c7-32ca-4b6b-868d-13ab01d953ec,2024-11-22T10:16,7,161.42,Cash,Completed
24e6c2da-64de-45a6-badc-5e23c2c32480,941529ef-2114-4bff-907a-4596ff4593a1,2025-01-29T10:16,7,144.76,Online,Cancelled
45d30e63-43ec-4779-8b95-73864d113d29,824998a2-7592-4051-ab0b-d5e12743c93b,2025-04-11T10:16,1,8.13,Cash,Completed
1f43b0f3-ee0a-4dea-a537-f4fdcb64f3e3,000f9c8f-2fc7-4346-844d-c04f10751265,2025-07-01T10:16,2,48.16,Card,Pending
51ebef66-bfc7-495c-97c0-3854287f04eb,25659c0e-6eb5-4c57-add8-fb6ac5f42699,2024-08-19T10:16,2,26.98,Card,Completed
4b302073-de7f-4780-b173-c459278fd456,0dd437d0-74fa-43c3-8909-5c955e4d47dd,2024-05-15T10:16,9,248.13,Card,Pending
8acc0dde-1faf-4552-9d9f-5147daec439b,209e786b-2a61-4e52-a3b2-1cc98bcbf18c,2025-09-29T10:16,5,137.55,Online,Pending
c3fa911a-2738-419b-81e8-880382846dc1,6c3bf618-a715-40f9-9faa-cfc5f5beef2f,2025-08-30T10:16,9,152.73,Card,Pending
e271f5f3-bdb9-42a5-ace4-400a162d1b12,4e44f26d-5455-405b-8fdb-63ab8b739ecf,2025-02-09T10:16,9,176.31,Card,Cancelled
2e5ed730-e635-4c27-8265-92c39363f0b1,b6c26110-1b77-4777-8c79-c69ec19b66df,2025-07-14T10:16,1,26.16,Online,Completed
048c615c-eca1-4337-ac5f-3f6c5699f990,6117b6f0-c4f4-4bf1-9eeb-f33950decba8,2024-11-09T10:16,8,170.08,Card,Cancelled
64a02d60-fa4e-4436-ba07-51a141e5bfd9,365c90d0-a590-4209-9401-2ce55af5ed98,2024-01-19T10:16,1,19.25,Cash,Pending
a6fcf9fc-7c40-442e-9862-f2073e0e11a0,7a18d550-38d0-40b2-84a7-547162e7e409,2025-04-08T10:16,8,92.00,Cash,Completed
bd298bae-64fb-48e0-9caf-4f22d04616a8,e85d0261-2d97-4475-a749-363ec9040a74,2024-02-02T10:16,1,25.95,Online,Cancelled
48b7d090-fdbe-4d51-9b28-2723e7e1c3c0,e277d099-db2a-4aee-ab86-8b0e73a34383,2025-09-19T10:16,2,41.56,Cash,Cancelled
fc5f33fc-931b-4d90-b860-5c9ada757d1a,11526850-7335-463f-b740-a52a90457c3b,2024-06-20T10:16,4,42.40,Cash,Pending
d6e0fa21-0512-49fd-bdb5-bf8ff8492cc4,dcfb3d05-846d-4915-99f3-ebbc7559d972,2024-02-22T10:16,3,71.46,Cash,Cancelled
9908cb57-abc8-4ee1-bf3c-00a59949fde7,77ca464a-fe0d-4dcc-8f08-3eb2f7b64f76,2024-04-16T10:16,3,55.29,Card,Completed
be1d7f72-7ea3-49a3-9c04-bf7a4f0bcdb9,e277d099-db2a-4aee-ab86-8b0e73a34383,2025-10-07T10:16,2,56.36,Cash,Completed
a1f26650-2caa-4586-9a9a-13f5e3128ada,3dcaabe3-78c9-4d88-bed5-56ca7ceea07c,2024-06-07T10:16,1,6.92,Card,Completed
5b2675ef-1eb7-4670-a896-7f0a3381fca0,4717d2a3-4b2a-44f1-b960-a2b73e2d23fd,2025-10-27T10:16,6,154.74,Cash,Cancelled
ba5b5821-4e40-4384-84f2-9e4f8f0a3c8e,b03f75c1-655f-4480-a2bf-1a0af806e96e,2025-02-15T10:16,6,104.34,Card,Completed
dfea4db7-61cc-4b7f-bad5-2b95498832ae,80537cf2-360f-4740-8b7e-d4cd56e22987,2025-08-09T10:16,7,72.94,Online,Pending
36a7f4cd-543e-4083-ba2a-7b5d22cd3d49,67c276b0-7be6-4f3c-bf86-c342095c8112,2025-07-22T10:16,9,260.82,Cash,Cancelled
d3f19c54-22f4-4578-b441-bd3eb5f9abe2,6945f6f4-b8f9-4d04-90ff-e59ed705578e,2025-04-12T10:16,6,171.42,Card,Cancelled
fd898d8e-3054-4775-8c1c-9291772fbe1b,36b880b0-e9bd-4c0b-8f1c-32018f6c758a,2025-07-19T10:16,5,69.15,Card,Cancelled
82a30f52-0072-4ca7-898a-672bc0dae5d8,ec3490d2-e8da-47ee-ae12-0ca0b1d7a2bb,2024-01-26T10:16,6,122.58,Card,Completed
c9c4414b-ee0e-4e3f-823a-d795515d6d8b,c5817fdc-a4dc-4879-b957-30cfda62016b,2025-03-27T10:16,6,102.12,Cash,Completed
1811261b-3987-4ddf-9021-c2d6f6e53104,c0d74d86-5c5b-481d-b8e3-61eeb9c77255,2025-06-14T10:16,8,76.72,Online,Completed
5ff789c0-bdef-417b-8cec-dac35c352dc0,209e786b-2a61-4e52-a3b2-1cc98bcbf18c,2024-10-23T10:16,3,75.00,Cash,Completed
c6b7352f-5948-475a-9148-8d3cd2bccd1e,b0d737cd-ec4b-4a88-aa81-d012ef3fb719,2024-05-07T10:16,3,83.46,Cash,Cancelled
6e15e49d-9520-4312-9e1d-3128e0ffa0c7,46032f36-69bc-465a-9b33-a5d560bfd77a,2024-07-24T10:16,1,16.66,Online,Cancelled
37633ad2-5eae-4522-8fe6-90f501a36b3b,910b1d47-5c37-48b1-8bde-96c60660f1d7,2025-06-04T10:16,2,11.84,Cash,Cancelled
38813945-bddf-4d9a-a311-1eb163dd9105,65b2c0ea-6192-47fc-9286-2c1dd3ecefb1,2025-05-07T10:16,3,82.77,Card,Pending
fcfada3c-e873-4639-96c9-32ae4148f2b7,8f7f530b-bb30-4a05-b437-744ed30af54f,2024-07-06T10:16,3,36.60,Cash,Pending
b2d4707e-f2ae-4d5a-abe7-369e90702540,25659c0e-6eb5-4c57-add8-fb6ac5f42699,2025-10-03T10:16,5,86.10,Cash,Cancelled
822fc9c4-4a42-47c2-8f26-0a03b4788fc3,941529ef-2114-4bff-907a-4596ff4593a1,2025-08-17T10:16,3,40.38,Card,Cancelled
c3917909-bc80-4330-bb34-75b71ec13473,bf0de251-90d7-423c-8b31-48df1a89964f,2024-09-21T10:16,1,11.19,Online,Pending
70883147-17a5-48f0-b520-1f0080b5bf3e,0a0ac3e5-6e20-4fbc-87ec-5481c70e38bc,2024-03-15T10:16,9,250.11,Cash,Completed
70d1e7b8-007e-4df3-9244-ec8e22ab1cfc,7a18d550-38d0-40b2-84a7-547162e7e409,2024-04-28T10:16,7,63.28,Online,Completed
78beb451-c4ec-47eb-84ec-cc74a2faf8fe,1407e9cf-22c9-4137-a2fe-cc12dc038235,2025-09-24T10:16,5,83.45,Card,Cancelled
032b75c9-6f5d-4002-9a14-b46511f307fc,53db1213-7316-47bb-9099-c1def0e3c96b,2024-02-04T10:16,8,225.68,Card,Pending
ecb826ec-a560-44ec-acb6-06d21fb5bd00,6aaabc79-3d35-410f-bb96-f86a3930d0ff,2025-01-12T10:16,9,207.90,Card,Pending
bf70d531-050c-4b93-9e42-9b186e2406d1,e85d0261-2d97-4475-a749-363ec9040a74,2025-08-23T10:16,7,177.17,Online,Pending
bd20e236-b49e-4f57-96c4-165fe9322502,a3f626b9-cc27-4c04-8570-be79ab8bda4a,2024-08-27T10:16,7,163.59,Online,Pending
9b61fd4e-ef9e-454b-b623-e1ac02ca9b24,c83bba2f-5229-4998-9566-1f3179b13e8a,2025-06-08T10:16,9,217.35,Cash,Completed
0a45b7d9-f682-47c6-a044-a78232d3fff6,10b26c2d-7d56-4175-84a8-a2775e128a9d,2024-08-19T10:16,8,216.56,Card,Completed
a02aaddc-afee-45c6-882e-1195f496a68a,02c65c06-56ad-4670-b8e2-10ab417c7154,2025-07-08T10:16,6,64.56,Card,Pending
cd253aed-8999-4c49-84b5-90031a951d70,21edfc22-3f73-4335-a774-3cf78ab65e86,2025-10-03T10:16,3,20.13,Card,Completed
7228c232-095c-4a95-9d6c-ead9e9239193,983d66ae-c8b0-46b8-8abc-26a1055cf729,2024-01-06T10:16,8,203.76,Online,Cancelled
107e78eb-18fa-4f79-8695-77e5b8b04195,74e76582-f1b8-4560-b049-8aebb59d4721,2025-01-07T10:16,3,31.53,Card,Completed
da64f4c4-bdf9-42fc-9bab-a7a2a6ab2bfd,c0d74d86-5c5b-481d-b8e3-61eeb9c77255,2024-12-22T10:16,2,30.12,Online,Pending
2f0e30be-ac04-41c8-a9d1-1fc7a37e61d2,90f0db1e-2b19-43f7-ba17-233c7c214eca,2024-02-18T10:16,1,14.07,Card,Pending
b19282c9-38fc-4ed2-9810-81f1810da87e,9305d562-2505-493d-8ed8-3fb721c8f491,2024-02-14T10:16,5,78.55,Card,Pending
95b7ed51-dea5-42aa-95e1-2b4f8cf009bd,59827b2a-ae17-44b1-bd6f-6f08718559cb,2024-03-02T10:16,2,56.92,Cash,Completed
1bf5dab7-b530-4a8b-b8a3-720e4a448dbd,a938df5f-7764-459c-8bfd-90409d16b3c6,2025-02-08T10:16,5,68.45,Online,Cancelled
dceda666-5d5d-4b3a-9f87-e44180a8d538,b90a3a7f-421e-47e5-8598-fe50f365a62e,2024-02-18T10:16,1,28.60,Online,Completed
b1dfee76-1003-4e30-98b2-0e26fae40ccd,726d71e2-70fd-4416-8568-78619c14a73a,2024-08-04T10:16,4,93.36,Online,Cancelled
3db5514c-c5af-4e4f-aa05-fbaa8b583aef,a190f67b-21df-46bc-8164-46bdfa00af85,2025-11-10T10:16,7,147.91,Cash,Pending
1311add4-7dba-4e99-8c7e-e36c8df57bf2,4f6ae324-5b6d-47d6-a86d-26ec6fbe1e0e,2025-01-19T10:16,5,31.75,Cash,Cancelled
f06cf5ce-172d-4bb9-b119-456e098f400c,bf0de251-90d7-423c-8b31-48df1a89964f,2024-09-25T10:16,5,49.25,Card,Pending
9c56c127-0e56-4c59-ac69-ae030e6e57bd,c9dcc28a-ae5f-477c-ae7e-72d94129f449,2025-04-27T10:16,9,219.15,Card,Completed
d32c9982-3fe1-4ab7-b6de-3c94babc8287,a3f626b9-cc27-4c04-8570-be79ab8bda4a,2024-05-17T10:16,4,94.72,Online,Pending
3c90c5e5-aa77-4589-8c83-a3fb4252a0f7,f90cf3ca-e2d0-4129-bc7a-e8a2b80880da,2024-10-17T10:16,5,47.80,Online,Cancelled
6fef90b2-9ee6-4ef0-b3ac-b6b07991bfee,0df3bae1-6384-4856-aa27-aef9f6c48b75,2025-03-26T10:16,1,9.74,Card,Cancelled
88c09f9c-3439-435e-bbbd-e075ddbae09d,0df3bae1-6384-4856-aa27-aef9f6c48b75,2024-07-07T10:16,9,203.40,Cash,Completed
329d3671-021f-4aea-b3be-5e68a90cfd27,56a75a3e-a944-4147-8cba-f1024726993f,2024-07-24T10:16,2,36.06,Online,Pending
012b31e8-b3a1-436b-9952-bd4d0c00c1fd,c0d74d86-5c5b-481d-b8e3-61eeb9c77255,2024-06-14T10:16,1,6.74,Online,Cancelled
d1ec17d5-f3b2-42c2-aba9-9cddc589d36d,795088d7-d227-422e-ad8c-f048bde0675e,2025-03-02T10:16,4,72.56,Card,Completed
8a96563b-2aa7-4f4f-aa92-7bde37e0fd5c,dcfb3d05-846d-4915-99f3-ebbc7559d972,2024-07-12T10:16,3,15.60,Card,Cancelled
cfbe03ea-b3b0-4840-bf89-0824684d707d,26d032f1-9fe9-487a-987a-a8be14e1db05,2025-08-13T10:16,7,172.48,Cash,Completed
961e34d9-16d6-4dff-abce-157ab5c0db06,74e76582-f1b8-4560-b049-8aebb59d4721,2024-07-02T10:16,3,82.50,Online,Cancelled
704155cd-5c09-4ade-beb7-f9da648cc1fc,53db1213-7316-47bb-9099-c1def0e3c96b,2024-06-08T10:16,4,35.36,Cash,Completed
a831ee54-47b6-4646-a058-a6803c9f4225,0b2a0e9a-e050-4380-b607-57adcbbf59d4,2024-05-20T10:16,7,74.76,Card,Completed
87b70402-4989-4216-a311-5e9c95b765b6,ec3490d2-e8da-47ee-ae12-0ca0b1d7a2bb,2024-07-23T10:16,3,65.43,Online,Pending
0a8f0d76-4d79-4028-9b9e-b6c247437168,a190f67b-21df-46bc-8164-46bdfa00af85,2025-03-10T10:16,4,111.24,Online,Cancelled
68a52ed7-cd68-40b7-bbc2-88a54c5da385,90f0db1e-2b19-43f7-ba17-233c7c214eca,2024-04-25T10:16,8,222.48,Online,Cancelled
788c8eda-7f22-437d-9501-edecefd2d696,00d7ae70-0f46-4453-963c-4ab2a3d29314,2025-06-01T10:16,8,101.28,Cash,Pending
2319dcb1-54f2-4679-a236-76f69ba41cb1,5f6e51da-5f01-4c9a-85dd-7d50ef37e5d7,2024-09-23T10:16,5,61.35,Cash,Completed
bd940e9b-584d-4e43-8ca1-2b1aba83ddb4,5d6f84a5-a4de-442e-99b9-b8ef714b4436,2024-08-27T10:16,2,41.58,Cash,Pending
3490aa35-681d-420b-a9cd-1bdee5161303,6bd388d4-5636-450b-bacd-55bdcb769bab,2025-10-21T10:16,6,91.74,Card,Pending
79255de1-a835-4734-ab8b-90ed452113b4,11526850-7335-463f-b740-a52a90457c3b,2025-10-22T10:16,3,84.60,Online,Cancelled
40b7f330-edba-4196-beee-1a32c7cc4f1a,d5eaf6a7-76cc-48ec-98d9-ba713e2df70f,2025-01-30T10:16,3,24.87,Card,Cancelled
fdcc4a8b-ce49-4fe2-8e98-653cd6ec282f,02c65c06-56ad-4670-b8e2-10ab417c7154,2024-11-11T10:16,2,23.54,Card,Cancelled
ac5c5289-f52d-4990-8771-b9717dda51b9,f067e21d-d1d4-4e87-9cae-9753f5f9ccb6,2025-09-10T10:16,4,69.48,Card,Completed
ad250dc9-0a89-4aad-a316-6a33e16e057b,935ebde1-5945-4673-886e-1a7a12cc2d4e,2024-06-05T10:16,9,248.13,Cash,Pending
cfe81299-1da3-49b5-9dfe-2c49792fb2aa,6117b6f0-c4f4-4bf1-9eeb-f33950decba8,2025-09-08T10:16,8,130.48,Cash,Completed
d6ae55ef-a842-4233-9e8d-35f83c4fba4e,c9dcc28a-ae5f-477c-ae7e-72d94129f449,2024-12-08T10:16,8,105.92,Cash,Completed
96172a5d-6b06-4db0-8078-aea98fe05f87,e119f98a-df63-41dc-8e01-bb49ca2dc724,2024-04-18T10:16,2,43.72,Card,Cancelled
080947be-3bc4-4925-b796-a019233561b4,0fcf4084-ea31-49f8-99f9-9bf8c8b0c16b,2024-08-23T10:16,6,168.60,Card,Completed
01ecc2c2-e26d-427a-beba-e1fe24fe9588,2c6dafc9-06cc-4b3d-8b8d-12aae0644c58,2024-10-06T10:16,1,29.84,Card,Cancelled
d8c56899-0ca7-4f6c-bea5-5a830e477f4b,205ea7f7-e714-45b8-a083-11247ff702a1,2024-10-10T10:16,1,21.07,Online,Cancelled
bd82c5a8-cac0-4563-9ce9-d935e6354df8,4739f27f-7a96-4d52-83ae-0c6fd4c8c606,2025-10-16T10:16,1,24.02,Cash,Pending
f9299ae2-2fa9-42e1-b4a2-14cd6df41f6d,209e786b-2a61-4e52-a3b2-1cc98bcbf18c,2025-05-19T10:16,1,18.23,Cash,Cancelled
ea0eaf5e-14fc-42bb-b4f0-0022bd337b4e,f067e21d-d1d4-4e87-9cae-9753f5f9ccb6,2025-01-02T10:16,6,125.28,Cash,Pending
34b50593-b414-4eb7-876f-8fc05ea43870,49af098b-bf79-4643-8e49-739ea932d38b,2024-06-21T10:16,2,40.82,Cash,Pending
c690b813-c733-4d3a-90c4-bddcda624824,11526850-7335-463f-b740-a52a90457c3b,2025-06-15T10:16,8,141.60,Cash,Cancelled
9bf3fbbb-1df5-405e-8c34-ca6a1ea43f5a,824998a2-7592-4051-ab0b-d5e12743c93b,2025-04-01T10:16,3,54.78,Cash,Pending
3053d7ba-e7cf-44a5-9e4b-0c8b03fef282,05ccd8a5-ea5f-4353-bd1e-3022152b0685,2025-04-11T10:16,8,184.88,Online,Completed
7df706f6-22e0-466c-af1f-f1a471a43de4,93cdeef1-3fc3-4a63-a275-0ae87ae6b335,2023-12-28T10:16,9,151.29,Online,Cancelled
b8c97ffa-883f-4ee0-a32e-6d7314e44b3e,cb8747c7-32ca-4b6b-868d-13ab01d953ec,2025-10-07T10:16,9,68.49,Cash,Completed
91235283-5852-4ba3-95e0-ae8d61217d14,c1a09d60-c9e8-4489-a68e-e01b51541d33,2024-09-16T10:16,9,83.79,Online,Completed
160bdec6-4e6f-4895-9929-82e68175cd43,1a48aa9a-def3-481d-922a-94300aa97309,2025-07-17T10:16,1,6.95,Cash,Pending
cc7d08c0-2ecb-4a40-bd33-fe2f6ccd582d,89d26a00-0fde-4c03-8430-b06f6bc3f33a,2023-12-07T10:16,5,41.85,Cash,Completed
76a5453c-6fde-454e-aaff-0ce68642c056,6e551d53-4f6d-4b84-a9de-3d7c79694805,2025-09-19T10:16,5,148.80,Online,Pending
94804e4f-0dd6-40b3-954a-1b03e0423334,cf65c4b6-4c1c-420b-95de-23e5b56ffad5,2025-09-11T10:16,6,171.78,Card,Pending
0976d06c-ffd0-4fa5-8afa-9c36b709f58a,a302a1a8-c429-406f-abff-9f273aa0a4b5,2025-06-27T10:16,5,41.00,Cash,Pending
be91afaa-16cb-490f-84c1-9ecd3d8a1767,3ab3404a-ee80-4ed2-8d90-a6f0dad14e48,2024-07-10T10:16,2,59.70,Online,Completed
b60607ec-1f72-4b73-848c-647e2b15b722,b3688304-b24b-416a-9bf4-c2b6aaeb59d3,2025-07-15T10:16,4,116.92,Cash,Pending
273a050a-6c50-46e3-a7ea-1976af5696e7,56a75a3e-a944-4147-8cba-f1024726993f,2024-02-03T10:16,5,142.55,Cash,Completed
d3b2709b-2b55-406e-858d-7fbb8d129109,c5817fdc-a4dc-4879-b957-30cfda62016b,2024-10-18T10:16,3,51.00,Cash,Completed
f8f108a1-93b0-4c07-a631-400e75e9f566,60cd80b6-3967-4dae-b4df-adc7b5644971,2025-11-10T10:16,6,106.98,Online,Completed
12ba4d06-5444-4667-a2a5-1a81f59b9686,bf0de251-90d7-423c-8b31-48df1a89964f,2025-02-28T10:16,4,47.04,Online,Completed
59a0b742-2b83-4a75-925d-075eb4af98f6,f6c35464-33dd-44a7-bf84-071f2e427045,2025-04-13T10:16,4,69.12,Card,Completed
ff11d6d6-eec5-48fa-88c1-a33a4acb6300,c63bd277-c81c-40c5-8720-6ce916d653c4,2024-11-16T10:16,7,153.93,Card,Completed
d94dcbf1-9efa-4af1-9fe1-e9fc6970c3b7,1a31c678-d420-495a-aff3-0f1609514e1e,2024-12-10T10:16,1,12.58,Cash,Cancelled
3091b23e-508e-4a8d-8086-a5c1f7899591,b0d737cd-ec4b-4a88-aa81-d012ef3fb719,2024-08-17T10:16,4,106.64,Cash,Completed
01195498-8ee2-48f2-a644-263179d58f33,ba5d9947-b043-4aca-8ee0-6b77895cf8e8,2024-06-10T10:16,5,44.20,Card,Pending
849f7c18-66a0-4a8d-9016-882e54943cff,0a15d43b-8f6b-444a-bef2-ffbddfdbd16f,2024-08-19T10:16,8,79.12,Cash,Cancelled
88b20a60-c798-4230-adad-b0b1093c7ee9,485b65e7-fdf4-474d-afba-37986d8d3cd8,2025-06-02T10:16,8,123.44,Cash,Completed
02d5836d-29cd-4c97-a16d-6eeb4329a680,2c6dafc9-06cc-4b3d-8b8d-12aae0644c58,2025-07-04T10:16,3,47.13,Card,Pending
6221ca8d-b5ad-4cc4-bb1c-5da90174cdbb,0130fcd4-a6cf-4a72-8400-7bcae1abce34,2024-08-06T10:16,3,84.57,Cash,Completed
87d56703-e9ad-40e2-8392-76c6479d26b0,c46351bf-193f-49af-a5d6-456188837c3d,2025-04-21T10:16,9,112.77,Cash,Pending
55aae17f-33df-4512-a874-a5eea534b42a,ada8704c-2784-4d70-84da-10078407d2c8,2025-06-29T10:16,8,187.44,Card,Completed
afe9f62b-1cec-4882-94d4-aa54f1367873,e6e1db85-f8ba-4264-9c9a-520ecda4bc4c,2025-01-27T10:16,9,84.33,Online,Cancelled
a5ff7cb1-256d-4162-9857-f9786df3c051,e12c3d24-86c8-474f-b86b-370df36adbfe,2024-12-28T10:16,7,131.95,Online,Completed
e5d75162-0335-4e95-85cc-50f550406810,bb9edfa8-17f7-4f6f-8e3b-616693a298b1,2024-01-15T10:16,1,15.82,Card,Completed
c610b1ff-4f93-4554-968f-a6a609eb0bb0,4e6807ca-aed8-4ec9-b1b0-0e3aba57efb1,2023-12-18T10:16,7,69.09,Card,Cancelled
be9599c5-d67b-4d91-b992-feb4f1864716,500fde18-ea61-4380-9ea4-f06d09985870,2024-05-29T10:16,4,26.60,Online,Pending
11ea08e4-ec29-48fc-8926-fe95f88246fe,8b115a34-224b-453c-be69-b53a7445b466,2025-02-10T10:16,9,96.66,Cash,Completed
1c6d2fd9-ae20-4c24-ac44-7e18d3c50632,983d66ae-c8b0-46b8-8abc-26a1055cf729,2025-02-09T10:16,8,214.72,Cash,Pending
300ea60a-0d7d-421f-9bf5-95ae7a9c7f09,80537cf2-360f-4740-8b7e-d4cd56e22987,2025-09-10T10:16,6,96.00,Card,Completed
eca031cd-43c9-48ee-ad51-f8e54c979d5f,c83bba2f-5229-4998-9566-1f3179b13e8a,2024-05-07T10:16,6,78.42,Cash,Cancelled
7b0b01a9-ccf8-48d1-b63f-89146e2b2214,caad7924-4bc5-4f85-9662-11ca261e3c87,2025-09-05T10:16,1,24.56,Online,Completed
0c9398ee-bce4-4279-85d4-d7bb8c595515,6e551d53-4f6d-4b84-a9de-3d7c79694805,2025-10-07T10:16,7,183.61,Card,Completed
5b739f55-d108-430c-862d-d2143b0e6f4d,77ca464a-fe0d-4dcc-8f08-3eb2f7b64f76,2025-07-01T10:16,8,121.12,Card,Completed
1d79c274-6348-4b6a-83c2-c702cdec5c4f,71f17b36-2c37-4cfa-bf8a-894fa94c0e9b,2024-12-23T10:16,7,153.79,Cash,Pending
b301f7e0-7a35-40e1-b486-289a702e31bf,1eeb9c5f-5b7a-47af-b4f1-5a50d9d1089c,2025-10-25T10:16,8,58.64,Online,Cancelled
a069017e-ccaf-4e8e-97ec-69fa2a8823bd,5f0f3def-9ff6-4282-ad04-001c4a769966,2025-01-27T10:16,9,227.52,Card,Cancelled
ae926ece-909a-4270-8935-50b2921d5f93,0a5bd884-b432-4ce5-b14e-44b4aedd4c0f,2024-11-15T10:16,3,89.64,Card,Pending
f025bdeb-229b-4a07-899c-033fb29384ae,050d9901-1cb5-413a-9c31-282028f863c1,2024-04-08T10:16,2,47.54,Cash,Cancelled
3413e12e-4439-4584-9512-36dcd644c25e,0a15d43b-8f6b-444a-bef2-ffbddfdbd16f,2024-01-10T10:16,9,266.67,Cash,Completed
d02ae29a-79b1-4729-b7ba-38da919bee03,4739f27f-7a96-4d52-83ae-0c6fd4c8c606,2024-10-14T10:16,3,36.06,Card,Cancelled
f56353b0-f35a-402f-8bb9-922c996baea4,80537cf2-360f-4740-8b7e-d4cd56e22987,2024-01-10T10:16,8,44.16,Online,Completed
e8a3d4ce-215f-49c0-a69f-6805affa7150,0a570207-0f70-467f-bbeb-44a0a60a9a25,2024-08-05T10:16,7,48.02,Online,Completed
b88f1dbb-2f7d-4c25-8e6d-b60c7a4b5e8e,0472ca7f-b133-4710-8f43-24a3c6c1afd1,2025-03-03T10:16,7,80.57,Online,Cancelled
833c79b3-9d9d-4120-bb03-cc780446e3da,a938df5f-7764-459c-8bfd-90409d16b3c6,2024-12-25T10:16,6,171.72,Card,Completed
6a4152cd-c157-4ef7-99ef-47988d79ac18,cf65c4b6-4c1c-420b-95de-23e5b56ffad5,2024-10-05T10:16,7,77.28,Online,Cancelled
0a0d4f1c-ad13-46f5-8a34-8cae41d68ee6,6c3bf618-a715-40f9-9faa-cfc5f5beef2f,2024-11-24T10:16,6,170.52,Cash,Pending
1713b356-caa6-4cb7-8871-1590a176755c,f3826f04-0dfa-4266-8002-58fede0093f5,2023-11-20T10:16,1,20.09,Cash,Cancelled
0bddc041-ddda-4426-bf34-2dc60360d5dd,f6c35464-33dd-44a7-bf84-071f2e427045,2024-05-25T10:16,4,25.00,Cash,Pending
c8915ed8-dc8a-4744-a0c9-b8987f4dfae5,401a6911-a31e-4892-adc1-56e3e1eb090a,2024-11-08T10:16,7,85.26,Card,Cancelled
20dea932-b20b-41c4-9d71-69bb813bbb78,485b65e7-fdf4-474d-afba-37986d8d3cd8,2024-05-25T10:16,6,166.98,Cash,Completed
6af6812f-f052-4cfc-9fb6-21b434ba361e,0df3bae1-6384-4856-aa27-aef9f6c48b75,2024-12-26T10:16,5,92.65,Online,Completed
ef40e727-6344-4105-a983-6d75573c5f0b,103fcba5-5588-45a5-9fe0-6ac948d3860e,2025-07-17T10:16,6,131.10,Card,Completed
4b40901e-6b78-4471-a1b3-89af7dd6ec04,1a48aa9a-def3-481d-922a-94300aa97309,2025-10-29T10:16,2,51.36,Online,Completed
77b46d39-5d7a-4090-b8ee-09f1b2567535,cf65c4b6-4c1c-420b-95de-23e5b56ffad5,2024-11-26T10:16,6,142.44,Online,Pending
4baced1d-e22f-4ece-b91c-d13a60a27274,f0a6a958-e434-41bf-a830-dffa55a34db5,2024-03-21T10:16,2,13.24,Online,Pending
a37e30f4-e7f5-4199-8a29-42a12c8e0325,1a48aa9a-def3-481d-922a-94300aa97309,2024-07-04T10:16,7,89.81,Card,Completed
16f6c26a-0380-4883-afdf-6a6723ef60bc,a190f67b-21df-46bc-8164-46bdfa00af85,2024-07-14T10:16,3,28.26,Online,Cancelled
baf1bfbb-a11d-46ea-b8ca-3f8c77e780aa,46032f36-69bc-465a-9b33-a5d560bfd77a,2024-07-16T10:16,8,210.32,Online,Completed
e8cb56a7-74e6-4ee6-8dc6-fe7802fe4955,1a31c678-d420-495a-aff3-0f1609514e1e,2024-12-06T10:16,8,79.60,Cash,Cancelled
3cfb000e-d8b0-48aa-9cc3-3b958287144c,cf65c4b6-4c1c-420b-95de-23e5b56ffad5,2025-10-17T10:16,5,144.20,Cash,Cancelled
b753ca3a-cea1-4cd5-8c06-672bfb42947e,ef7fad1f-a86f-4ee1-95b4-ce1f339f0fa5,2024-05-30T10:16,9,207.36,Online,Pending
6937bb77-c2b1-4c6c-a795-ea5e2c855726,0d463f72-c3a1-4a2b-8d0d-1721a0d1a06b,2024-10-18T10:16,5,84.40,Online,Completed
a50ae509-6125-4af9-a865-7d620134b7c2,caad7924-4bc5-4f85-9662-11ca261e3c87,2024-11-19T10:16,2,20.16,Card,Cancelled
358cdcb8-8559-4bc1-a839-b1ac1fa2dec6,b04ce307-2d1f-4214-b023-d8f4379041a1,2024-01-07T10:16,9,113.31,Card,Completed
b943302c-ebe4-4071-9af1-1b1a8d6aca70,0a570207-0f70-467f-bbeb-44a0a60a9a25,2025-02-15T10:16,6,30.72,Cash,Completed
4f22261c-94fe-4362-a3a2-c24486ba5a10,53db1213-7316-47bb-9099-c1def0e3c96b,2025-08-12T10:16,6,144.42,Cash,Cancelled
bd73ed6b-c77c-4fad-989b-788d363ab49c,3ab3404a-ee80-4ed2-8d90-a6f0dad14e48,2023-12-02T10:16,6,40.50,Online,Cancelled
310ad968-fbdd-4fa3-93e2-aff2aa379d97,cf65c4b6-4c1c-420b-95de-23e5b56ffad5,2025-08-06T10:16,6,43.68,Card,Cancelled
16c7b90d-4a76-49c4-819c-9604cb91f5a2,aff4340c-d102-49ba-af8e-84d2737ce82c,2024-12-04T10:16,3,74.94,Online,Completed
6d7c2b5c-fc43-4f4a-9615-19a19e46c478,8b546c63-5406-493d-bc69-cfb594b38267,2025-09-05T10:16,3,16.59,Card,Completed
7fc752c8-2f8a-44a5-9cec-2b75c9a46e94,8626238e-5813-415a-9a8c-db944b1e0269,2025-09-12T10:16,9,235.80,Cash,Completed
bc504c86-5680-4502-b7eb-cff148970a3b,1d32c3b3-c732-4995-aa6b-ff159deb3bdf,2025-08-09T10:16,6,37.08,Cash,Completed
6ba978ba-bd7d-4d3a-a318-699a32456a77,36b880b0-e9bd-4c0b-8f1c-32018f6c758a,2025-10-16T10:16,9,78.84,Cash,Pending
165e27b6-b0d4-434c-9716-45976180f901,3befa4dc-d961-4a3a-9410-d43d1bdaa335,2023-11-18T10:16,4,30.16,Cash,Pending
e8110803-9667-4a0d-b65e-227f144b0004,d87f31d7-79ef-4c17-856e-142e791b04da,2025-05-25T10:16,6,110.70,Online,Cancelled
a81cbe7f-067d-4d13-abe7-90f75af0193c,6945f6f4-b8f9-4d04-90ff-e59ed705578e,2024-03-11T10:16,9,181.89,Card,Completed
2d8fcc83-cf31-476c-a760-0df625100ef9,9c53f3f8-5b22-4d77-bd76-cfa6c70e443c,2024-11-03T10:16,4,89.80,Online,Pending
c7d313ef-23f4-4624-8f56-ab87358ecf38,964d337f-acd5-4ca2-8843-9be3f2eb60fc,2024-05-21T10:16,1,6.89,Card,Pending
8528bc8e-3820-49c2-a483-4bf90739790e,f543de06-e341-4de2-95ab-ca0fd3ee51fe,2025-08-30T10:16,6,41.04,Cash,Cancelled
70a3f767-228c-4ab2-b5ce-5bdb39600af2,89d26a00-0fde-4c03-8430-b06f6bc3f33a,2024-11-13T10:16,7,67.41,Cash,Cancelled
d7fd02f4-ece5-4ee0-8f5e-6d1a9c77fcaf,0b2a0e9a-e050-4380-b607-57adcbbf59d4,2025-03-06T10:16,2,55.86,Online,Cancelled
6a50dff3-1a87-4593-af53-4dacd7307961,bb6bf39c-f455-4e08-a59e-1bdaaa91d4aa,2023-11-17T10:16,6,130.14,Cash,Completed
5335163c-605f-47d4-aec3-a6327f655575,4f6ae324-5b6d-47d6-a86d-26ec6fbe1e0e,2024-01-13T10:16,3,21.78,Cash,Completed
f499e5f4-af4a-4786-8d52-a60b7c3430e3,10b26c2d-7d56-4175-84a8-a2775e128a9d,2025-03-01T10:16,4,73.76,Cash,Cancelled
5f01304d-7d26-41c2-ad5e-7d278a5e45a7,5f6e51da-5f01-4c9a-85dd-7d50ef37e5d7,2024-11-04T10:16,5,86.00,Online,Completed
0c0b88a1-23cf-44dc-a69a-b4659b0b5406,62a2bfef-ca4a-4dec-90ea-bf15ea1880d2,2025-09-18T10:16,3,40.89,Cash,Cancelled
d0bbc2e7-3b07-49c5-aa0e-4eb03dfaa5ce,52f5634d-de98-4543-8a1e-cbf1e2d0242f,2025-09-24T10:16,1,8.50,Card,Pending
14fb185b-e063-4751-b3cd-317180d24cb2,6117b6f0-c4f4-4bf1-9eeb-f33950decba8,2025-08-21T10:16,2,58.28,Cash,Completed
1710ad19-a02c-4874-862c-1afa3926096c,6e551d53-4f6d-4b84-a9de-3d7c79694805,2024-10-07T10:16,6,84.78,Online,Cancelled
683f3438-0846-4d94-a5a3-1b7f6095905e,983d66ae-c8b0-46b8-8abc-26a1055cf729,2024-04-29T10:16,1,24.80,Card,Cancelled
34188122-2514-4a19-ae80-03f3dc480e8b,5eb75bc0-d5fa-4209-9d42-7767f3f0585b,2024-11-18T10:16,6,165.12,Cash,Cancelled
01c1b01f-be1a-467d-ba7e-7776b4e12f58,bb9edfa8-17f7-4f6f-8e3b-616693a298b1,2024-11-25T10:16,6,100.86,Cash,Cancelled
1e0c1181-7b7b-4026-ab8b-b7c3a67cbc23,428424b7-1f94-496a-8b7a-497ce177d32c,2024-09-27T10:16,1,10.34,Cash,Cancelled
688f68fb-5395-4e87-9815-711980506b55,4739f27f-7a96-4d52-83ae-0c6fd4c8c606,2024-10-03T10:16,1,16.40,Card,Cancelled
62c4906f-3540-40e9-8168-0cf5a3c686a2,8b115a34-224b-453c-be69-b53a7445b466,2023-11-23T10:16,7,60.76,Online,Pending
d4b4b688-5a6c-4257-8a26-925c4365c734,ec3490d2-e8da-47ee-ae12-0ca0b1d7a2bb,2024-07-06T10:16,8,80.48,Card,Cancelled
e9eba7f2-0f0e-428b-91ee-b2fdef9a9912,a5ffc907-be77-43e6-8694-4a0bf09bd3fb,2024-04-10T10:16,1,16.91,Card,Cancelled
459203b4-ae5a-4a6a-951c-34ba54f3b254,8f7f530b-bb30-4a05-b437-744ed30af54f,2025-03-31T10:16,1,13.90,Cash,Cancelled
165b73d0-80fa-451d-b401-353cf9885736,401a6911-a31e-4892-adc1-56e3e1eb090a,2024-08-31T10:16,9,142.29,Cash,Cancelled
fd74d545-d072-4622-a75d-356ea8f1a486,10b26c2d-7d56-4175-84a8-a2775e128a9d,2024-12-09T10:16,6,105.72,Online,Pending
c7942ca3-32e9-486c-89ec-e87cbfd81a6e,f067e21d-d1d4-4e87-9cae-9753f5f9ccb6,2025-02-16T10:16,7,60.97,Card,Completed
b5ba6def-400b-46eb-af6b-796db30cc2ca,4e6807ca-aed8-4ec9-b1b0-0e3aba57efb1,2025-01-16T10:16,5,104.75,Card,Pending
8b9333b7-7d65-4d45-adce-edf228c07283,8e1bbe6c-7b75-46dc-8ca1-0b1664cd6ae4,2024-04-05T10:16,1,27.82,Card,Pending
a62de4dc-eec9-4ef7-bbf2-7e80431c1721,93cdeef1-3fc3-4a63-a275-0ae87ae6b335,2025-01-29T10:16,2,15.92,Card,Completed
910c15f2-81b0-4004-b953-2cc19509934e,885715b6-b1eb-44ca-8460-28c0343e56f3,2024-02-04T10:16,3,34.02,Online,Completed
fdb47ae7-286b-4057-ac1e-418c62617721,c5817fdc-a4dc-4879-b957-30cfda62016b,2024-08-17T10:16,8,40.48,Online,Completed
a4299ece-575c-405d-a10b-44100ff14e40,27e45431-1333-4ffd-a0c8-be56ffdc5d4e,2024-08-19T10:16,3,65.16,Online,Pending
e55a2e18-bb90-4796-8206-f123e0a4f1b8,103fcba5-5588-45a5-9fe0-6ac948d3860e,2024-11-03T10:16,1,25.46,Card,Completed
ce522422-2954-4ee1-a8ff-269914459998,b6c26110-1b77-4777-8c79-c69ec19b66df,2024-06-16T10:16,8,152.16,Cash,Cancelled
fef41e96-0cd8-4531-bc06-b72eb6f3da67,1a48aa9a-def3-481d-922a-94300aa97309,2024-07-10T10:16,1,28.87,Cash,Cancelled
a74e639e-40ce-442c-a5e3-e851b95b76f2,e6cb1215-5314-4d05-bfd1-f6e5d36e89f7,2024-12-31T10:16,1,17.42,Card,Pending
b33f8551-94f4-4262-b6d2-51ef9ddfc698,d3f641e5-b8b5-4f5f-9155-7768df2033e8,2025-05-01T10:16,2,30.68,Cash,Pending
e9ab006c-c65b-4907-8d17-a4058f2b008d,c5817fdc-a4dc-4879-b957-30cfda62016b,2025-10-28T10:16,1,13.12,Cash,Completed
cc786459-01ee-48cc-924d-019ee1580105,8e1bbe6c-7b75-46dc-8ca1-0b1664cd6ae4,2025-04-25T10:16,4,67.20,Cash,Cancelled
08f5b02e-0556-4627-923c-bbba6f8f4326,05ccd8a5-ea5f-4353-bd1e-3022152b0685,2025-03-16T10:16,2,15.58,Online,Pending
d1224c6a-35c2-4436-b254-628abc0cc88c,4e44f26d-5455-405b-8fdb-63ab8b739ecf,2025-08-06T10:16,1,9.97,Card,Cancelled
6f45d9ff-7095-4443-b306-fba4f0a9b3dd,000f9c8f-2fc7-4346-844d-c04f10751265,2025-08-16T10:16,1,29.97,Card,Completed
9f81edc9-acdb-439c-a4d5-b69c9a407a44,b3688304-b24b-416a-9bf4-c2b6aaeb59d3,2024-06-03T10:16,2,38.46,Online,Cancelled
889781bc-fc19-452b-a779-f0eac7c92d70,ba5d9947-b043-4aca-8ee0-6b77895cf8e8,2025-02-11T10:16,7,75.25,Online,Pending
31fa2646-bcd2-42b0-b153-ac9f2aed4642,05ccd8a5-ea5f-4353-bd1e-3022152b0685,2025-01-14T10:16,6,134.46,Card,Cancelled
db0cb110-7451-4474-9b9b-0079c75371b8,7169ef0c-f2c8-4ae3-83f6-87691664d2d2,2025-01-27T10:16,7,85.82,Card,Pending
68d06eb4-98ca-48cd-9d5f-0e1702fdd995,0fcf4084-ea31-49f8-99f9-9bf8c8b0c16b,2024-03-31T10:16,9,77.40,Online,Cancelled
02c7aee6-db78-4edb-8faf-77fbfb280ea1,bb6bf39c-f455-4e08-a59e-1bdaaa91d4aa,2024-06-09T10:16,4,40.80,Card,Completed
e74ceac5-d2b9-405b-a1d5-895f79245ff2,00d7ae70-0f46-4453-963c-4ab2a3d29314,2024-09-10T10:16,4,25.60,Online,Cancelled
62651ff4-2825-4543-8ff9-cc767823a6ae,885715b6-b1eb-44ca-8460-28c0343e56f3,2023-11-30T10:16,2,35.44,Online,Completed
bb0d8345-1a3d-4098-aeae-c230cea109c2,ada8704c-2784-4d70-84da-10078407d2c8,2024-10-23T10:16,9,126.90,Card,Cancelled
3a396512-b3c1-49f3-8465-98b3abb6aa74,7a2e5fa5-096b-4701-8ce6-7a3db39bf8eb,2024-01-26T10:16,7,202.02,Card,Completed
a8dc433a-c0e7-4201-b5ea-a4a060666c96,795088d7-d227-422e-ad8c-f048bde0675e,2024-07-03T10:16,4,74.36,Online,Completed
995de194-242c-4b68-9ec9-feaedad2fe5b,77ca464a-fe0d-4dcc-8f08-3eb2f7b64f76,2025-07-05T10:16,3,49.86,Card,Cancelled
a4327cf5-76ce-4604-8d7e-1b3ef22bbdc4,f90cf3ca-e2d0-4129-bc7a-e8a2b80880da,2025-03-08T10:16,9,181.53,Card,Completed
f0a9cf86-cab8-4736-a39d-6ccd34a6b1a4,59827b2a-ae17-44b1-bd6f-6f08718559cb,2025-03-02T10:16,8,111.60,Cash,Pending
5cfd1ec9-2a38-4093-8722-d448a7190e01,6b1178fc-1745-401d-88da-3903c243ebe9,2024-06-07T10:16,9,209.97,Cash,Completed
e194627c-7bf8-4a7e-a75a-1929bdc22835,b047b369-02d0-4f25-9af0-f1e883228863,2024-11-15T10:16,5,130.50,Online,Pending
50a371e5-cc67-4233-a39a-9e595a4e8b32,11526850-7335-463f-b740-a52a90457c3b,2025-05-03T10:16,5,44.35,Online,Cancelled
054213c2-951a-49d8-8ea0-1a04b02eead4,b95f7619-fab2-4df9-8683-1f2aeb93a660,2024-10-06T10:16,1,18.82,Cash,Cancelled
71adb962-68d1-42b3-b752-69c9f810982b,11526850-7335-463f-b740-a52a90457c3b,2024-05-22T10:16,2,56.44,Cash,Cancelled
b7f89cfa-5f2e-4ad1-828a-e4c9528cf568,f3826f04-0dfa-4266-8002-58fede0093f5,2025-01-02T10:16,4,97.24,Cash,Pending
89d09e0c-48aa-4bd3-b390-7311a4f000b5,983d66ae-c8b0-46b8-8abc-26a1055cf729,2025-01-18T10:16,8,126.32,Online,Completed
cab8315d-a3af-4089-9b87-0c15f116b072,6e6d2c67-f7fb-4a98-8f9a-4822259b25c4,2024-08-19T10:16,6,44.28,Online,Pending
25c5084c-5b6c-45b6-9da4-4c3a629e4a03,cb8747c7-32ca-4b6b-868d-13ab01d953ec,2024-10-06T10:16,7,190.54,Card,Pending
d8cdb7df-77dd-4ffc-952c-7703659b377f,46032f36-69bc-465a-9b33-a5d560bfd77a,2024-11-11T10:16,5,95.40,Online,Cancelled
d924bd6c-027d-41bd-a726-0d8f41a94268,23650eb4-f98d-45a3-a90b-a378f03d469d,2024-04-10T10:16,8,188.16,Card,Completed
c5637b6e-f0cb-4630-b623-6f9e642a9a78,59827b2a-ae17-44b1-bd6f-6f08718559cb,2025-02-11T10:16,2,41.76,Online,Cancelled
0508b652-af92-44de-a5b8-1351972ebaa0,5f0f3def-9ff6-4282-ad04-001c4a769966,2025-08-28T10:16,8,153.92,Card,Pending
194121cf-6778-4f20-8172-fbaa05f76dac,7d2df59f-386d-4aec-85a8-2443262a0cb4,2024-10-13T10:16,6,90.06,Card,Cancelled
0d0ba7f7-e842-42cb-8187-ee99593a794d,428424b7-1f94-496a-8b7a-497ce177d32c,2024-12-24T10:16,4,44.68,Card,Cancelled
0d2c7cda-8b64-444b-af14-65dde9f2983e,2ca088cd-c6c6-4e60-a1a4-d2990ee21b12,2025-07-10T10:16,1,16.75,Card,Cancelled
d14a8bae-541f-44bd-83e4-9f7a57306f83,e119f98a-df63-41dc-8e01-bb49ca2dc724,2024-05-11T10:16,8,162.16,Card,Pending
724d59d1-5a24-4f9b-aa6a-4ba6ab6d1989,aac35608-9499-49c5-811a-a059e773c968,2024-07-13T10:16,9,269.82,Online,Pending
6d877bd8-b796-41f9-8b47-42a8fd2fea6f,aff4340c-d102-49ba-af8e-84d2737ce82c,2025-04-06T10:16,9,79.65,Cash,Pending
80f8e298-ebcd-437c-bc87-08a443807154,3e97fc93-73a7-45e0-9888-f7a03ee258a7,2024-03-09T10:16,4,74.88,Cash,Cancelled
bb9d65a0-57ef-4f0f-9250-eaa62d16ef56,36b880b0-e9bd-4c0b-8f1c-32018f6c758a,2024-01-28T10:16,5,139.80,Online,Pending
4eb4a81d-d621-4f0d-b0fd-41a49aa6678d,5d6f84a5-a4de-442e-99b9-b8ef714b4436,2024-05-19T10:16,2,28.20,Cash,Completed
2e449fde-9a5a-435c-b193-7afdf839c494,0fcf4084-ea31-49f8-99f9-9bf8c8b0c16b,2025-07-11T10:16,1,23.74,Cash,Completed
adbf0fa1-32ed-4cbc-918e-a9a48ec960a1,795088d7-d227-422e-ad8c-f048bde0675e,2025-02-17T10:16,5,31.00,Online,Pending
673076a6-c87c-4a49-bbc1-dde5f3f69a54,ecf1ffb0-ac00-4968-87ea-8beef4ace55a,2024-10-07T10:16,8,165.68,Card,Pending
c1af915a-21f2-4e43-93da-a1fcf4a706ff,93cdeef1-3fc3-4a63-a275-0ae87ae6b335,2024-04-04T10:16,5,69.80,Card,Pending
8ddb23ec-1260-4fc2-acf1-4b3ced4da445,c83bba2f-5229-4998-9566-1f3179b13e8a,2024-11-22T10:16,5,107.20,Online,Pending
371eb041-0405-40e2-a709-8dcf23b5825c,c5817fdc-a4dc-4879-b957-30cfda62016b,2025-03-14T10:16,1,20.55,Card,Pending
beda00d6-9aba-4c1c-90ad-d9c6d7e0ff7a,953417c6-cd52-45e9-9ca0-bb450653c934,2025-03-09T10:16,3,15.90,Online,Cancelled
8f0c06df-1172-40f7-927d-7f051aed9f8b,bfa3444b-2be9-46be-b944-720d86a59770,2025-08-21T10:16,2,30.48,Online,Pending
51218005-d751-4742-9b0e-91cdbe068fff,fdb5454e-2230-489e-ade4-9218ff28cbd8,2024-05-20T10:16,3,45.33,Card,Completed
be5867c5-ca0c-4ae6-a5e6-6c61bd370138,485b65e7-fdf4-474d-afba-37986d8d3cd8,2024-01-19T10:16,2,24.94,Online,Completed
c4b46501-fa25-4afa-baf7-b9add5e205c7,103fcba5-5588-45a5-9fe0-6ac948d3860e,2024-11-27T10:16,9,165.33,Cash,Completed
aef3d4fd-c01b-4b33-b90b-939165d67ae8,a190f67b-21df-46bc-8164-46bdfa00af85,2025-04-26T10:16,3,69.84,Card,Completed
fae2c5ed-95b6-4fd9-98fb-f98d0fbc61c5,ef7fad1f-a86f-4ee1-95b4-ce1f339f0fa5,2025-02-19T10:16,3,40.95,Online,Completed
2d91317b-ecbc-4121-bd48-e657d9516626,09ba4183-1b94-4f8c-bc5f-eca421a88524,2024-12-13T10:16,9,218.88,Cash,Cancelled
018c6069-132c-4462-9833-250616f47540,e85d0261-2d97-4475-a749-363ec9040a74,2025-03-25T10:16,8,91.36,Card,Cancelled
03021bc7-d68c-4260-8d2f-51e85dc3f98f,6c3bf618-a715-40f9-9faa-cfc5f5beef2f,2024-10-29T10:16,6,133.68,Card,Completed
6d1acc9a-b1e8-4d89-86ad-4ece785afef2,209e786b-2a61-4e52-a3b2-1cc98bcbf18c,2025-05-30T10:16,5,62.30,Online,Pending
8d840771-46e5-4c2f-b0ea-8d6f7084191f,6117b6f0-c4f4-4bf1-9eeb-f33950decba8,2024-03-12T10:16,7,119.14,Card,Pending
aff3ede0-f361-4106-aacf-088a4fa542aa,4717d2a3-4b2a-44f1-b960-a2b73e2d23fd,2025-01-02T10:16,5,66.40,Online,Cancelled
6423c0a3-645e-4419-818f-d6ec69d3d7bf,0a570207-0f70-467f-bbeb-44a0a60a9a25,2025-07-30T10:16,3,53.43,Card,Completed
aacc17b4-398a-4c7b-9751-5a1956de01d8,69446e90-4237-4410-ab55-e011eb04cce0,2024-01-30T10:16,9,176.67,Online,Completed
30d80331-7e5c-4350-ac70-b09fedec6ead,36b880b0-e9bd-4c0b-8f1c-32018f6c758a,2025-09-23T10:16,8,100.24,Online,Pending
015436db-0e7c-46e6-8504-5957bc40bc01,b95f7619-fab2-4df9-8683-1f2aeb93a660,2025-04-14T10:16,6,91.08,Cash,Completed
dd895173-a13a-4ac0-9a8b-7cf7a010e671,b95f7619-fab2-4df9-8683-1f2aeb93a660,2024-06-06T10:16,3,40.50,Card,Completed
fca26a79-2eff-4198-894d-335acca56272,e886c155-0dae-4b36-88f5-a86fa474d1f6,2025-10-10T10:16,4,113.68,Card,Pending
72e330de-1cfe-4836-a86d-e28eb0b333a4,f543de06-e341-4de2-95ab-ca0fd3ee51fe,2024-04-29T10:16,4,62.40,Card,Cancelled
6ccdddef-d209-4932-8a94-4a9cfbf1a1af,1233cc27-7567-48e0-8dd2-6b0019506c2f,2024-06-16T10:16,6,157.14,Online,Completed
94b9bf87-469c-4f95-a6d8-29db561b947a,2a109685-1399-4149-8951-fba29bb0360d,2025-02-03T10:16,5,109.90,Online,Pending
01399fe1-9288-404a-a530-a55e3cc63db6,02c65c06-56ad-4670-b8e2-10ab417c7154,2025-07-09T10:16,7,36.26,Cash,Pending
0d7c9300-8db0-4750-b57f-a4cabe366f31,0a5a9fc7-e126-48f0-99aa-dea85c606f66,2024-12-04T10:16,1,26.08,Cash,Completed
e915c239-1adb-48ce-9446-6114002d80fb,52f5634d-de98-4543-8a1e-cbf1e2d0242f,2024-01-15T10:16,9,166.32,Cash,Pending
6eefac3d-753d-4617-ac2e-90735fe77fde,4e44f26d-5455-405b-8fdb-63ab8b739ecf,2024-12-18T10:16,7,123.90,Card,Completed
5b263e14-2a06-4a89-9620-e6dc4a4d948c,401a6911-a31e-4892-adc1-56e3e1eb090a,2025-07-17T10:16,2,42.66,Cash,Completed
e2c4f78f-1f1b-4a2f-91d7-edd37c112b81,e6cb1215-5314-4d05-bfd1-f6e5d36e89f7,2025-02-13T10:16,5,134.55,Online,Completed
0cef1def-65e5-4cc5-8220-6a30693c0ff4,5eb75bc0-d5fa-4209-9d42-7767f3f0585b,2025-07-29T10:16,8,174.00,Cash,Completed
896220b5-9ea1-4736-8b0b-4b9ea3abe511,3910ab11-8758-4a4f-8a9b-c4f5df7413c4,2025-04-02T10:16,3,55.71,Online,Cancelled
a0a29e31-70ef-46c7-9dc4-b16464a87b00,cb8747c7-32ca-4b6b-868d-13ab01d953ec,2025-07-20T10:16,7,97.72,Cash,Pending
1850ef02-a01a-4b31-a632-10ffb8568ef3,c63bd277-c81c-40c5-8720-6ce916d653c4,2024-03-28T10:16,8,58.64,Online,Pending
768bc20a-ea4b-4e3b-9c52-7ee9d380de9d,ada8704c-2784-4d70-84da-10078407d2c8,2025-01-02T10:16,6,134.70,Online,Completed
e92f38bf-bc60-4f3b-985e-4d28bb6d7099,25659c0e-6eb5-4c57-add8-fb6ac5f42699,2024-12-23T10:16,1,19.75,Online,Completed
5f92f59c-9572-4786-a148-dfe4ab33e23c,c3ffc43c-0c11-40fa-9824-f234161741d0,2024-09-29T10:16,1,25.51,Online,Completed
3c25fabf-64fd-4c8b-bf37-6a962a8d59a4,bb9edfa8-17f7-4f6f-8e3b-616693a298b1,2024-11-16T10:16,7,92.26,Cash,Cancelled
2f0dbe62-a78b-48d1-a381-9b5c16a8bf9a,73a2b03c-2dca-486e-8ebc-c4d6bb68a8c6,2025-02-03T10:16,8,66.88,Cash,Pending
848bbb31-4c34-44ba-acc1-70d1129b0177,59827b2a-ae17-44b1-bd6f-6f08718559cb,2025-03-14T10:16,2,58.54,Cash,Pending
29cbfb21-8c87-4a06-b6a3-fe174584062c,885715b6-b1eb-44ca-8460-28c0343e56f3,2024-09-02T10:16,1,9.07,Cash,Completed
0428a96f-4c24-4248-8af8-682eedf9fd4a,964d337f-acd5-4ca2-8843-9be3f2eb60fc,2025-05-24T10:16,1,29.55,Online,Completed
1f7faefb-3945-4c27-8c29-9b84ab05b602,964d337f-acd5-4ca2-8843-9be3f2eb60fc,2025-06-28T10:16,3,24.21,Online,Pending
74ada0a4-a726-49a0-b969-0870c7f287c7,8f7f530b-bb30-4a05-b437-744ed30af54f,2024-12-21T10:16,5,51.90,Cash,Completed
0fdc6abe-0e30-4fa6-a2da-bdca1677496f,8113211c-bdc3-4bb0-94d9-3fd3871f3005,2024-01-21T10:16,8,65.68,Online,Completed
7d09e311-7591-4b06-846c-a23700ea0085,4b14a58c-f1e4-40b6-888d-a88cd7055099,2024-06-17T10:16,3,45.21,Online,Cancelled
2db80ae0-eec6-4ebf-bf01-6660531c30c1,b3688304-b24b-416a-9bf4-c2b6aaeb59d3,2025-08-23T10:16,6,137.94,Cash,Cancelled
f153f478-3ece-4433-9692-4fcfd1aad05e,99c406e7-092b-4eeb-bc08-56fc041c253d,2025-08-01T10:16,3,65.76,Card,Cancelled
743deea2-9f09-4a25-b500-5202972fbc0a,06e585f0-5b60-4900-81d1-3379328e6c17,2024-03-28T10:16,8,224.40,Online,Completed
fbebfa48-1f90-408c-91b2-89ab002cb52f,caad7924-4bc5-4f85-9662-11ca261e3c87,2024-01-12T10:16,8,156.88,Cash,Pending
91551b6a-1818-4fa9-bed0-667b25e9d86b,103fcba5-5588-45a5-9fe0-6ac948d3860e,2024-06-17T10:16,8,143.12,Online,Completed
103f5208-c7cf-48d5-bc78-20dfd38771c0,910b1d47-5c37-48b1-8bde-96c60660f1d7,2024-12-31T10:16,6,55.92,Online,Completed
cd7dd2ff-a50f-481f-99ef-4e19a91404e7,e119f98a-df63-41dc-8e01-bb49ca2dc724,2025-09-21T10:16,3,81.48,Cash,Pending
86e3a068-25cb-4356-819c-f93987a6ba5d,2a109685-1399-4149-8951-fba29bb0360d,2024-04-30T10:16,4,32.64,Card,Cancelled
392d44bc-1698-40b7-a64e-860ad6a67633,a302a1a8-c429-406f-abff-9f273aa0a4b5,2025-01-04T10:16,2,49.32,Card,Completed
16717ff4-02e3-4cdd-a40f-7e3de91982b2,b3688304-b24b-416a-9bf4-c2b6aaeb59d3,2024-08-10T10:16,7,35.49,Online,Cancelled
4ed5e69c-e8aa-48aa-ad17-a6f780f49562,bfa3444b-2be9-46be-b944-720d86a59770,2024-02-03T10:16,4,64.24,Online,Cancelled
c046c33b-d9ef-4730-b456-3ac0d3faac6b,b3688304-b24b-416a-9bf4-c2b6aaeb59d3,2025-01-10T10:16,6,36.30,Cash,Cancelled
e1876c9f-6264-4700-a2e8-6b43380d7b54,9305d562-2505-493d-8ed8-3fb721c8f491,2023-12-22T10:16,2,47.08,Cash,Completed
18ca30c4-04b2-407c-a2c1-b373016a0889,1a48aa9a-def3-481d-922a-94300aa97309,2025-06-12T10:16,6,143.40,Online,Cancelled
b854495d-6769-4239-885f-04032e5e9810,d5eaf6a7-76cc-48ec-98d9-ba713e2df70f,2024-01-11T10:16,3,58.53,Cash,Pending
904f3454-89f8-48fd-9ed9-265ce0844366,5400d214-6176-40bf-88d2-3f53ed38bf69,2024-08-06T10:16,2,33.12,Card,Pending
1bbe51cc-80d0-4798-b639-9b5ea2ddf43e,90f0db1e-2b19-43f7-ba17-233c7c214eca,2025-09-28T10:16,1,6.52,Cash,Completed
d3104bbd-b66a-4640-8404-22c6b305fc59,4f6ae324-5b6d-47d6-a86d-26ec6fbe1e0e,2024-04-05T10:16,1,21.28,Card,Cancelled
37497ab9-48d3-494e-822e-31e0fe2df1f5,aac35608-9499-49c5-811a-a059e773c968,2025-01-07T10:16,4,101.12,Cash,Completed
fbc60d0c-f218-4daa-9e9a-19d08fdc82d9,2ca088cd-c6c6-4e60-a1a4-d2990ee21b12,2024-06-21T10:16,8,98.88,Online,Cancelled
610b27c3-89ee-4518-8b21-546f95f25710,fbe227d7-6d32-4407-9783-7fdac983e55f,2025-06-25T10:16,9,177.48,Online,Pending
f4cce790-a1b9-4e26-8926-24187c48fa22,fe624323-ba72-456d-9842-ed9e0edc75df,2025-08-22T10:16,5,26.75,Online,Completed
d2160121-883d-45e0-83d7-3469eae60cba,ceafdb2a-788d-48e0-acdd-bd533a2e7ab6,2025-05-20T10:16,6,148.32,Cash,Cancelled
6c6a42e8-967a-4a85-ab23-904f6f8765e2,0130fcd4-a6cf-4a72-8400-7bcae1abce34,2025-10-13T10:16,9,196.20,Card,Cancelled
0c801017-5f3f-46eb-8768-eaa8b2566662,f6c35464-33dd-44a7-bf84-071f2e427045,2025-03-01T10:16,9,173.34,Card,Completed
3cc4c2ef-2110-4e91-9d11-658604b317e7,65b2c0ea-6192-47fc-9286-2c1dd3ecefb1,2025-04-26T10:16,1,7.30,Card,Completed
237cb2b2-5890-450e-ac71-3c6a6cbb019a,99c406e7-092b-4eeb-bc08-56fc041c253d,2024-09-16T10:16,8,161.60,Card,Completed
79d5351e-f567-4777-88aa-6dc561a2953c,2a109685-1399-4149-8951-fba29bb0360d,2025-09-12T10:16,7,103.67,Cash,Pending
aa333a15-ca5f-499b-8154-2b6fde74d22c,f543de06-e341-4de2-95ab-ca0fd3ee51fe,2025-02-19T10:16,5,128.70,Online,Cancelled
88e590fc-6d64-4543-b8e2-92d0270f21f2,e119f98a-df63-41dc-8e01-bb49ca2dc724,2025-01-26T10:16,6,55.38,Online,Completed
9de7a066-b630-4d88-9fa8-a7c09fd3116b,4e44f26d-5455-405b-8fdb-63ab8b739ecf,2023-12-21T10:16,6,35.34,Cash,Completed
f0094dfa-75a0-4958-b89d-addc9f990c69,60cd80b6-3967-4dae-b4df-adc7b5644971,2024-03-11T10:16,6,45.72,Cash,Pending
78a619fa-afb6-417b-9152-b49999ff75f7,fe624323-ba72-456d-9842-ed9e0edc75df,2023-11-26T10:16,7,189.77,Online,Cancelled
0baac5ad-823f-47a0-a4e1-18840c36ab9e,3dcaabe3-78c9-4d88-bed5-56ca7ceea07c,2024-01-14T10:16,7,181.16,Online,Pending
d5481f9d-fa03-4a66-b95e-5f6ded6fe726,4717d2a3-4b2a-44f1-b960-a2b73e2d23fd,2025-09-22T10:16,1,6.47,Online,Pending
dd955370-962c-4f38-94a7-46a1043551db,bb6bf39c-f455-4e08-a59e-1bdaaa91d4aa,2023-12-06T10:16,8,156.32,Online,Pending
7fb786d6-05ae-4664-9c7b-633e8723034e,7a18d550-38d0-40b2-84a7-547162e7e409,2024-11-06T10:16,6,143.58,Online,Pending
9a5fb733-02e3-422f-9e1b-55163ab639a7,726d71e2-70fd-4416-8568-78619c14a73a,2025-09-16T10:16,4,109.08,Cash,Completed
1b7c295c-c8b6-4558-bffc-390df2c7e876,67c276b0-7be6-4f3c-bf86-c342095c8112,2025-09-24T10:16,1,10.05,Online,Cancelled
999ea212-ad13-478c-8ee3-1d02b41f41b9,f90cf3ca-e2d0-4129-bc7a-e8a2b80880da,2025-09-10T10:16,4,27.16,Cash,Pending
a026f2df-0149-4018-aab3-fa44f6096502,0130fcd4-a6cf-4a72-8400-7bcae1abce34,2023-11-22T10:16,9,155.88,Online,Pending
2b9290c7-5c6c-4007-af26-5af3218b2a5f,6c3bf618-a715-40f9-9faa-cfc5f5beef2f,2023-11-30T10:16,2,33.52,Card,Cancelled
4e050498-b1d6-45d0-a237-92a0e47716e2,52c87fd9-fdf0-4256-b929-6153ad24a0ac,2025-05-14T10:16,1,7.02,Card,Completed
e058b9b6-273f-424e-8353-1ffa38465f43,964d337f-acd5-4ca2-8843-9be3f2eb60fc,2024-01-05T10:16,9,108.27,Online,Completed
1d9fc54a-7e0f-45bf-9ea4-da32223271df,fe624323-ba72-456d-9842-ed9e0edc75df,2025-04-17T10:16,4,85.88,Cash,Cancelled
baaf585e-bbd7-4897-9a57-c1364f8f9efa,365c90d0-a590-4209-9401-2ce55af5ed98,2025-05-12T10:16,4,52.52,Card,Completed
9d9d8e9f-89ee-4107-ba80-9531881f6b72,52c87fd9-fdf0-4256-b929-6153ad24a0ac,2025-05-12T10:16,8,196.64,Cash,Pending
96622ec3-e1fe-4d62-bba1-2bd463e93631,e119f98a-df63-41dc-8e01-bb49ca2dc724,2023-12-14T10:16,4,68.84,Cash,Cancelled
ab012ea8-ea9c-4a0d-90cb-78abede771d6,f067e21d-d1d4-4e87-9cae-9753f5f9ccb6,2024-03-13T10:16,5,25.40,Cash,Pending
26c2ac8f-99dd-4944-b447-f4328cfdbff6,6c3bf618-a715-40f9-9faa-cfc5f5beef2f,2025-10-08T10:16,2,23.70,Online,Completed
aa1b5e15-75fa-40dd-ac70-78ee644437d1,885715b6-b1eb-44ca-8460-28c0343e56f3,2024-07-22T10:16,8,137.44,Card,Pending
9a2460ca-db6e-414e-997e-759131e3cbf5,11526850-7335-463f-b740-a52a90457c3b,2025-05-17T10:16,4,63.20,Card,Pending
3ab9f113-b867-4580-8ee0-ce6ff5ed3cf3,515fe1d2-d33a-4b9d-8c19-07e0cbe81a9a,2024-04-24T10:16,6,78.60,Card,Pending
4d6269f9-3891-402a-814f-143894ec01e1,7d2df59f-386d-4aec-85a8-2443262a0cb4,2024-05-22T10:16,4,85.84,Cash,Pending
e6d6371f-8d3e-4136-a204-34c89a1d75f2,b047b369-02d0-4f25-9af0-f1e883228863,2025-09-19T10:16,3,54.48,Card,Pending
e467e37c-9a4c-4bce-80d1-365a136e75ed,69446e90-4237-4410-ab55-e011eb04cce0,2024-12-04T10:16,8,229.20,Card,Pending
154faa25-0586-47fe-ac80-c914257d859e,1a48aa9a-def3-481d-922a-94300aa97309,2024-03-17T10:16,6,105.12,Card,Pending
818c1f33-cc6a-4279-8577-7473b6d59992,1a48aa9a-def3-481d-922a-94300aa97309,2023-11-14T10:16,7,93.59,Cash,Completed
b86ff78d-438a-4a73-a5f1-6341b3e63c31,0fcf4084-ea31-49f8-99f9-9bf8c8b0c16b,2025-02-10T10:16,7,42.42,Cash,Cancelled
cbcadc94-2bb0-4d1f-a3c5-1b35b000cbc0,050d9901-1cb5-413a-9c31-282028f863c1,2024-09-09T10:16,3,56.19,Card,Completed
8778c29e-86dc-4fcb-8ff7-8ae102e49f93,e119f98a-df63-41dc-8e01-bb49ca2dc724,2025-07-20T10:16,7,148.47,Card,Completed
e340d89c-9e03-4f83-8fc4-00d577d6813c,aac35608-9499-49c5-811a-a059e773c968,2023-12-05T10:16,8,164.16,Cash,Pending
da73ad61-e775-423d-b49e-8c3039d91ef4,02c65c06-56ad-4670-b8e2-10ab417c7154,2024-01-13T10:16,1,25.34,Online,Completed
2d50759f-da20-4e45-82a0-8d60849741fc,a3f626b9-cc27-4c04-8570-be79ab8bda4a,2024-06-06T10:16,2,51.10,Online,Cancelled
7a23ef77-e394-4dfd-bcf4-f7c9db56fe22,06e585f0-5b60-4900-81d1-3379328e6c17,2024-06-02T10:16,2,57.10,Online,Completed
26110cfd-f233-494c-b39f-43fb490cd711,c63bd277-c81c-40c5-8720-6ce916d653c4,2024-12-15T10:16,2,34.26,Online,Pending
bd3b4070-86fd-4cac-9127-ab5f11954d20,209e786b-2a61-4e52-a3b2-1cc98bcbf18c,2024-11-22T10:16,2,38.64,Cash,Pending
f1f7ca2c-383c-4516-ad86-f7814c01a068,e12c3d24-86c8-474f-b86b-370df36adbfe,2024-12-21T10:16,4,32.72,Cash,Cancelled
513f6a02-0f99-45a4-a112-5bd53f9948b0,6e6d2c67-f7fb-4a98-8f9a-4822259b25c4,2024-04-11T10:16,1,23.05,Online,Cancelled
9ec9e0dd-f29f-4697-8de0-987a447d0ffe,1a48aa9a-def3-481d-922a-94300aa97309,2025-10-21T10:16,4,87.20,Card,Cancelled
d0a6c81a-5d37-49be-9717-edbbdaeddfc8,63846b60-b7be-4087-ac6e-56c9bc130a20,2025-08-24T10:16,3,60.06,Card,Pending
4fad2812-398f-404e-aa9d-d878c4c0f99d,910b1d47-5c37-48b1-8bde-96c60660f1d7,2025-10-21T10:16,4,117.88,Online,Pending
d4bda1bf-5f76-4c5d-8cf5-2a7b2a0ad2a2,c63bd277-c81c-40c5-8720-6ce916d653c4,2025-02-24T10:16,3,76.41,Cash,Pending
5a633163-33de-4356-89e1-37b7a79dd75d,e119f98a-df63-41dc-8e01-bb49ca2dc724,2024-10-25T10:16,8,222.80,Online,Completed
70b32d20-58ac-4429-b60a-c55c2c27b281,0472ca7f-b133-4710-8f43-24a3c6c1afd1,2024-08-23T10:16,8,226.48,Cash,Cancelled
efeec393-a39d-452b-a948-3e80e29bb809,caca465c-e9f2-4add-91b5-24c70595e321,2023-12-01T10:16,6,151.92,Cash,Pending
61341937-dbe0-4b3f-ac26-23bc543ad5b2,0d463f72-c3a1-4a2b-8d0d-1721a0d1a06b,2025-02-07T10:16,9,145.35,Online,Cancelled
0276ae0e-7c64-4ec2-b2f3-fe97c72bb65b,6e6d2c67-f7fb-4a98-8f9a-4822259b25c4,2024-06-19T10:16,3,64.83,Online,Pending
f271fdfe-ae2e-4127-8733-3cc5b9fc6726,c5817fdc-a4dc-4879-b957-30cfda62016b,2024-10-03T10:16,3,71.04,Cash,Cancelled
a8ec81c3-40fc-41ee-bcca-e9ec5f388b9e,46032f36-69bc-465a-9b33-a5d560bfd77a,2025-04-07T10:16,6,100.86,Online,Cancelled
29037472-d050-4169-84df-11b8e544d500,14eace30-1ac2-411e-8eef-98e8f32a87fb,2024-02-25T10:16,6,109.50,Card,Completed
23c1af24-3972-4aa7-bab8-64f29e5551ad,c0d74d86-5c5b-481d-b8e3-61eeb9c77255,2025-05-20T10:16,6,45.60,Online,Pending
9e52aead-d418-4747-8688-348267254189,f067e21d-d1d4-4e87-9cae-9753f5f9ccb6,2025-08-17T10:16,4,54.48,Cash,Pending
aa9c39bd-bf25-4b68-9a4c-d6960164b23f,14eace30-1ac2-411e-8eef-98e8f32a87fb,2024-05-12T10:16,7,41.44,Online,Completed
e8153d4c-e988-4402-969a-99e2f4be695a,98b17fed-218c-4f20-8410-9f0edfc74455,2024-01-02T10:16,8,185.44,Cash,Pending
7c584a71-9f51-4ab2-bde4-92d41c811356,0df3bae1-6384-4856-aa27-aef9f6c48b75,2025-03-08T10:16,5,94.15,Online,Pending
48a006ef-09da-4096-902c-f8cc2610f105,941529ef-2114-4bff-907a-4596ff4593a1,2025-07-07T10:16,4,38.92,Online,Pending
34efa917-aede-4645-b366-fa1a3b6ff5ab,726d71e2-70fd-4416-8568-78619c14a73a,2024-01-03T10:16,9,172.26,Card,Completed
f49e87c4-7c23-4cad-9a23-53512f62a430,c9dcc28a-ae5f-477c-ae7e-72d94129f449,2024-03-26T10:16,4,116.04,Card,Pending
8a03bf81-5a6d-45c2-9b71-4da638b5ac16,c1a09d60-c9e8-4489-a68e-e01b51541d33,2024-07-14T10:16,4,97.52,Cash,Cancelled
032c195e-c2cd-4034-bb05-a881a644eaf0,d87f31d7-79ef-4c17-856e-142e791b04da,2025-09-22T10:16,2,30.78,Card,Pending
ed353755-07f7-4c25-ad7c-160257571153,36b880b0-e9bd-4c0b-8f1c-32018f6c758a,2024-12-08T10:16,7,120.75,Card,Completed
89c1c5fa-9747-434a-8e8d-49135535708d,e886c155-0dae-4b36-88f5-a86fa474d1f6,2024-02-24T10:16,7,148.26,Card,Completed
2cb5ebba-98ab-46be-9c9e-2599da6812a8,6e6d2c67-f7fb-4a98-8f9a-4822259b25c4,2025-08-05T10:16,2,21.20,Cash,Cancelled
b7ad211f-c9b9-4898-be14-be48a8345e51,c46351bf-193f-49af-a5d6-456188837c3d,2024-09-25T10:16,4,83.40,Online,Pending
fad80883-fa56-4b22-b14d-327f1b99ab23,b03f75c1-655f-4480-a2bf-1a0af806e96e,2025-09-02T10:16,2,18.50,Cash,Completed
f040e9f1-e291-436f-8b60-6f9b030c7382,d7af10ce-45c9-4fc8-8dd8-b1c5491aad5f,2024-03-10T10:16,1,21.32,Card,Pending
718a9e28-77ee-4ffb-af83-1a6e296973f1,65b2c0ea-6192-47fc-9286-2c1dd3ecefb1,2025-06-22T10:16,1,22.82,Card,Cancelled
efca0c38-c6ed-4e57-bad9-0e80556dd0e5,0a15d43b-8f6b-444a-bef2-ffbddfdbd16f,2024-09-04T10:16,6,31.08,Online,Pending
b4078518-9c27-43bc-8d46-df5e476e9b0f,6c3bf618-a715-40f9-9faa-cfc5f5beef2f,2025-10-27T10:16,5,29.15,Online,Completed
3499334b-de2c-4175-8e7e-45e4d2a2d993,6f61ca8e-51a1-48e0-abfa-88326e713e34,2024-07-04T10:16,9,203.31,Cash,Pending
06af679a-c8c2-4549-9cfe-669ada3cb2a0,b014b56e-3263-4b63-8430-46e00bc5ea77,2025-07-06T10:16,5,112.95,Cash,Pending
df7468b5-a960-4c07-bfb1-722ac0547fc1,5f6e51da-5f01-4c9a-85dd-7d50ef37e5d7,2024-08-07T10:16,1,11.32,Cash,Completed
911f3628-7c57-448d-b9ab-91177316994a,2ca088cd-c6c6-4e60-a1a4-d2990ee21b12,2024-02-08T10:16,9,185.04,Online,Completed
d49654b5-d327-4c44-a9d7-34596f416df2,726d71e2-70fd-4416-8568-78619c14a73a,2025-05-24T10:16,7,158.13,Cash,Cancelled
f47986b0-b07d-4147-8289-b65d5ee0ef64,0dd437d0-74fa-43c3-8909-5c955e4d47dd,2024-03-17T10:16,3,77.04,Cash,Pending
adf04f20-81e2-4eed-905a-6164547c8f12,c0d74d86-5c5b-481d-b8e3-61eeb9c77255,2024-03-07T10:16,3,26.28,Card,Completed
99153020-5a09-42e2-b77d-2204fe2f13ed,6c6a3b10-9747-4dca-a041-4edc22d147b0,2025-09-06T10:16,2,24.42,Online,Cancelled
5768a88e-4fb0-4cbc-ba22-9b5eb65c4aab,726d71e2-70fd-4416-8568-78619c14a73a,2025-09-13T10:16,1,11.08,Online,Cancelled
92bf5bed-9375-4f3c-8070-ef7d3105d1ae,d5eaf6a7-76cc-48ec-98d9-ba713e2df70f,2025-07-23T10:16,7,204.89,Online,Cancelled
976b8aaf-5387-4bb2-94ed-d4c8f9cdfed1,aff4340c-d102-49ba-af8e-84d2737ce82c,2023-11-27T10:16,3,34.65,Online,Cancelled
19c7abb4-2122-48f1-b0aa-59f2e00195a3,058b9c75-b72f-4594-80d2-e41194ff7672,2024-10-01T10:16,2,34.92,Cash,Pending
d4c897c0-e07b-4ad3-93c0-d57b8781f607,ef7fad1f-a86f-4ee1-95b4-ce1f339f0fa5,2024-11-03T10:16,8,58.32,Online,Pending
52967d10-a50f-422b-bdd9-f97b2405a8af,63846b60-b7be-4087-ac6e-56c9bc130a20,2024-03-29T10:16,4,64.76,Card,Pending
3ea40323-f7f2-404e-b431-1eb553c2cdac,b014b56e-3263-4b63-8430-46e00bc5ea77,2024-11-26T10:16,2,21.92,Online,Cancelled
43191d93-2b2b-4c85-907e-d17ccccfb88c,935ebde1-5945-4673-886e-1a7a12cc2d4e,2024-08-10T10:16,7,82.25,Card,Completed
785614dd-8ca9-4c68-ad63-b2bf95d84f14,4e44f26d-5455-405b-8fdb-63ab8b739ecf,2025-05-02T10:16,8,160.16,Card,Cancelled
bcd19c8d-cac6-4942-b870-74ac6e6e65e6,5f6e51da-5f01-4c9a-85dd-7d50ef37e5d7,2025-09-01T10:16,9,94.05,Card,Cancelled
87a59af3-5b2f-4c19-bbed-163c2ffd68f2,52c87fd9-fdf0-4256-b929-6153ad24a0ac,2024-10-29T10:16,8,93.76,Cash,Cancelled
02b3a79a-db71-41c1-8d73-a5f88c49dec7,7a2e5fa5-096b-4701-8ce6-7a3db39bf8eb,2024-10-21T10:16,5,132.85,Card,Completed
5ff99e48-84af-4083-96d9-acbf154f4384,bb6ceda0-3f7a-4dfa-9862-41a88dd468b2,2024-02-28T10:16,7,136.99,Card,Cancelled
10802351-dd83-45d8-b9f2-6e88e71ef3a1,6c6a3b10-9747-4dca-a041-4edc22d147b0,2024-12-14T10:16,3,70.29,Online,Cancelled
ba147f30-f1bd-4631-b138-b2ee2bc129f5,69446e90-4237-4410-ab55-e011eb04cce0,2024-11-20T10:16,7,195.93,Online,Cancelled
d2069d51-2e80-4558-ac80-deee691088aa,bc58b12c-65c4-4f21-89ef-3e492a22ef7c,2025-05-29T10:16,9,51.57,Online,Completed
e720cfec-7881-4fa4-a5b0-b6da9a48a02a,4e44f26d-5455-405b-8fdb-63ab8b739ecf,2025-05-31T10:16,4,36.76,Card,Pending
d5022a34-de24-48fd-b27e-f37dedada603,a5ffc907-be77-43e6-8694-4a0bf09bd3fb,2023-12-05T10:16,9,222.39,Online,Pending
b92863c7-28e4-44f9-a76f-4a2561a75c87,59827b2a-ae17-44b1-bd6f-6f08718559cb,2025-07-24T10:16,6,159.48,Online,Completed
32186220-51f5-4182-82b0-cd434777cb65,ec3490d2-e8da-47ee-ae12-0ca0b1d7a2bb,2024-06-10T10:16,4,29.84,Card,Cancelled
7f20f6d9-b3e8-48b5-8006-df41c573f773,0a0ac3e5-6e20-4fbc-87ec-5481c70e38bc,2025-10-02T10:16,4,81.28,Cash,Completed
724cdbe5-11b8-479f-bcea-7ddb4b2e94f1,d6d4ef4b-0870-48aa-b884-013237f255f4,2024-12-02T10:16,9,94.50,Card,Pending
79e6bdc4-80fc-4e5c-b235-b755f921f611,6945f6f4-b8f9-4d04-90ff-e59ed705578e,2025-02-24T10:16,1,14.19,Card,Cancelled
6f7401e8-76dd-47ef-b14e-324f93e7fa87,e6e1db85-f8ba-4264-9c9a-520ecda4bc4c,2023-12-21T10:16,6,79.44,Online,Pending
7be2e647-8182-4732-b4f7-3d0f0ea75ff5,c0d74d86-5c5b-481d-b8e3-61eeb9c77255,2024-01-17T10:16,8,178.96,Cash,Cancelled
f63cbfe4-f870-4a35-a49d-399d1f93cdeb,e277d099-db2a-4aee-ab86-8b0e73a34383,2023-12-10T10:16,7,52.71,Online,Completed
c6123c48-7015-4ada-8972-f48f56bab18b,b03f75c1-655f-4480-a2bf-1a0af806e96e,2024-01-20T10:16,2,15.32,Online,Cancelled
787427d3-ca35-4013-8111-a76c07fc6bcd,1a48aa9a-def3-481d-922a-94300aa97309,2024-02-07T10:16,9,67.41,Card,Completed
f2196877-ccfa-4ffc-babb-fcf16c0246e6,fdb5454e-2230-489e-ade4-9218ff28cbd8,2025-07-14T10:16,4,88.12,Cash,Cancelled
54f01d39-c892-4b02-ba16-36325c0e2455,69446e90-4237-4410-ab55-e011eb04cce0,2025-05-11T10:16,9,209.52,Card,Pending
4cd9b218-a613-41fa-b5b0-aec61ce170d7,9c53f3f8-5b22-4d77-bd76-cfa6c70e443c,2025-05-06T10:16,3,87.24,Online,Cancelled
73995f40-0ad9-49a6-842f-c2f40b339215,e38afcd9-9e08-47ba-bc92-5ebb4bc271eb,2024-07-12T10:16,8,224.64,Card,Cancelled
7ecea4ba-6da5-40d2-b4a9-d5573bd35b56,1a48aa9a-def3-481d-922a-94300aa97309,2024-12-06T10:16,8,147.12,Online,Pending
7081541f-8ea0-4723-9465-2fa48f1481a5,726d71e2-70fd-4416-8568-78619c14a73a,2025-02-04T10:16,6,132.48,Online,Cancelled
ce792d06-2bda-4836-9b74-c648e9589efc,60cd80b6-3967-4dae-b4df-adc7b5644971,2025-02-07T10:16,3,41.52,Online,Cancelled
4952713b-bfb7-44bd-a73b-a2f95f92564a,cb8747c7-32ca-4b6b-868d-13ab01d953ec,2024-04-01T10:16,6,70.68,Online,Cancelled
a55fed4e-7baf-4686-92c2-3490bcd2d7e2,71f17b36-2c37-4cfa-bf8a-894fa94c0e9b,2024-09-14T10:16,2,46.32,Card,Completed
8237d286-8235-4a8f-9798-3f7f0789426f,726d71e2-70fd-4416-8568-78619c14a73a,2024-03-31T10:16,5,105.65,Cash,Pending
436e9d81-8136-4fc1-bff8-62d2801205b8,8113211c-bdc3-4bb0-94d9-3fd3871f3005,2024-01-14T10:16,2,53.78,Card,Cancelled
b83f3bda-e72d-479c-828d-f5187ab0408a,6e551d53-4f6d-4b84-a9de-3d7c79694805,2025-06-15T10:16,9,264.33,Cash,Completed
2eec6df7-d114-424d-a5b7-021e87ec53db,e277d099-db2a-4aee-ab86-8b0e73a34383,2024-11-04T10:16,8,98.88,Card,Pending
19d3f673-dcfd-4b46-be5f-594add778bb4,5d6f84a5-a4de-442e-99b9-b8ef714b4436,2025-05-11T10:16,2,57.00,Online,Pending
de7cb5bf-def4-49a1-b9bf-42d5107b6cda,8b115a34-224b-453c-be69-b53a7445b466,2024-04-27T10:16,3,31.86,Cash,Cancelled
16d60730-42bf-4c9c-8579-0e8377988de6,80537cf2-360f-4740-8b7e-d4cd56e22987,2025-09-27T10:16,4,58.52,Online,Cancelled
9a76d323-4768-4a2b-9e49-002f234a905c,6b1178fc-1745-401d-88da-3903c243ebe9,2024-11-22T10:16,1,24.32,Card,Cancelled
0b2573c6-cd9d-480c-be91-529def3983d5,5f0f3def-9ff6-4282-ad04-001c4a769966,2024-05-17T10:16,6,177.90,Online,Cancelled
1075f0a0-5947-473c-93f4-675a8737ce65,8f7f530b-bb30-4a05-b437-744ed30af54f,2024-10-25T10:16,3,57.90,Online,Completed
50a88fdd-479d-46ec-a8c3-076e42ca3941,8f7f530b-bb30-4a05-b437-744ed30af54f,2023-12-21T10:16,4,87.64,Cash,Completed
8aaf95d8-364f-4e47-b9bb-2174f92cf34a,62a2bfef-ca4a-4dec-90ea-bf15ea1880d2,2024-09-21T10:16,1,16.03,Cash,Pending
95caf2ea-1998-466a-8261-fa38ef0abfb1,e7991221-0de0-4ef8-aa9c-ca3b59197059,2024-09-16T10:16,1,19.18,Card,Pending
9c1f1232-e31e-45cf-a691-22f51b1a9251,910b1d47-5c37-48b1-8bde-96c60660f1d7,2025-06-20T10:16,1,17.23,Cash,Cancelled
e45294cb-8e12-4c49-88f5-dcb6997b3991,0dd437d0-74fa-43c3-8909-5c955e4d47dd,2025-10-22T10:16,6,167.40,Cash,Completed
9e26865c-b363-41a2-ac40-5572f899cd92,000f9c8f-2fc7-4346-844d-c04f10751265,2024-01-23T10:16,5,122.50,Cash,Pending
9985a538-cee3-4693-acda-027589025359,26d032f1-9fe9-487a-987a-a8be14e1db05,2024-01-16T10:16,7,37.66,Online,Completed
00c3d680-013f-4b08-ace6-69859c291c26,4e6807ca-aed8-4ec9-b1b0-0e3aba57efb1,2025-02-26T10:16,3,83.94,Cash,Completed
92f02764-d686-4dc1-861f-d9def7efa2e9,953417c6-cd52-45e9-9ca0-bb450653c934,2025-08-19T10:16,5,26.20,Online,Cancelled
1fec2627-0d1c-462e-b9cd-c646359ef726,ef7fad1f-a86f-4ee1-95b4-ce1f339f0fa5,2025-06-18T10:16,3,82.56,Online,Completed
366b496d-53c8-4c8a-8201-4cca3aaadec9,964d337f-acd5-4ca2-8843-9be3f2eb60fc,2024-07-29T10:16,3,47.16,Cash,Pending
b36005c3-f0e1-418b-a068-758b551b41a4,6c6a3b10-9747-4dca-a041-4edc22d147b0,2025-09-19T10:16,6,60.36,Card,Pending
f24b062e-fedf-4117-bf40-34a9329639de,52c87fd9-fdf0-4256-b929-6153ad24a0ac,2024-06-23T10:16,1,6.01,Online,Cancelled
d044e691-ac51-4ad5-992f-f32a92879885,bb9edfa8-17f7-4f6f-8e3b-616693a298b1,2025-05-13T10:16,5,37.55,Cash,Pending
828e53bc-8428-491d-877e-930ee4de7649,6bd388d4-5636-450b-bacd-55bdcb769bab,2024-05-15T10:16,1,6.95,Cash,Cancelled
a32f0aaa-6ef1-4833-89da-34e31ad655cf,7a18d550-38d0-40b2-84a7-547162e7e409,2025-06-11T10:16,2,24.04,Online,Cancelled
0ccb8c2f-7ad9-4ffb-9fa5-745ea3b5e776,4bb2d776-14c0-4ef6-b8ba-c580cbed72b8,2023-12-17T10:16,8,48.00,Cash,Cancelled
be7ac6a4-7407-4f3d-af67-b132a64c540b,cd50913f-8c99-4253-9134-0cf5fe5f300f,2025-02-06T10:16,1,15.18,Online,Cancelled
8fcd0553-aa8f-4b62-b500-2b4e27fbfd7a,2c6dafc9-06cc-4b3d-8b8d-12aae0644c58,2025-10-30T10:16,2,32.22,Card,Completed
b977f856-c2dd-4298-8f9e-6849c578f568,77ca464a-fe0d-4dcc-8f08-3eb2f7b64f76,2023-11-26T10:16,2,39.16,Online,Completed
1e2c458e-aa10-4c26-a854-4b886231e8f0,69446e90-4237-4410-ab55-e011eb04cce0,2025-10-12T10:16,6,177.42,Cash,Pending
ede5112b-72e0-49d7-bd3f-0985beaa275a,52f5634d-de98-4543-8a1e-cbf1e2d0242f,2024-03-24T10:16,1,12.81,Online,Completed
8eec3736-65ee-4a4b-8798-a8f857b99580,b014b56e-3263-4b63-8430-46e00bc5ea77,2025-04-02T10:16,3,82.95,Online,Cancelled
cd2c6659-bad7-4474-88cb-af6248ccff3e,73a2b03c-2dca-486e-8ebc-c4d6bb68a8c6,2024-09-18T10:16,6,154.56,Online,Completed
2ad89717-4b6a-45c4-bf45-6074417d287f,d5cfb1a3-ce2f-4aff-ab4c-50e0c5426af1,2025-10-11T10:16,1,29.72,Online,Completed
1f3abf52-200e-49b8-a0e5-6697de04e20b,8e1bbe6c-7b75-46dc-8ca1-0b1664cd6ae4,2025-07-22T10:16,1,18.56,Card,Cancelled
16620f7f-c140-4422-b3a7-1c6188d58b88,c63bd277-c81c-40c5-8720-6ce916d653c4,2025-09-30T10:16,8,121.44,Card,Cancelled
00ff18b2-785e-4bc3-8820-69658eaa7f07,90f0db1e-2b19-43f7-ba17-233c7c214eca,2023-12-19T10:16,7,185.29,Card,Cancelled
f91b218d-4f2a-4dea-80ea-37e942e2e52b,89d26a00-0fde-4c03-8430-b06f6bc3f33a,2024-04-28T10:16,3,81.84,Card,Pending
667a32b8-f90c-4f23-b87d-72413571a2a4,aff4340c-d102-49ba-af8e-84d2737ce82c,2025-04-22T10:16,6,81.12,Online,Pending
92ccc530-7abd-4091-a128-4fe0ca6098dd,0a15d43b-8f6b-444a-bef2-ffbddfdbd16f,2024-03-26T10:16,3,30.87,Online,Pending
9b3b27c3-8b23-44e7-8359-ddc76c8d1af1,a5ffc907-be77-43e6-8694-4a0bf09bd3fb,2025-08-10T10:16,6,63.48,Online,Cancelled
8acd6d6e-0f6f-484b-aac6-6075cdc344e3,515fe1d2-d33a-4b9d-8c19-07e0cbe81a9a,2025-06-28T10:16,2,44.02,Online,Pending
7f7d45f5-1ed8-45bf-ab8e-e13f594aec6e,e7991221-0de0-4ef8-aa9c-ca3b59197059,2024-02-14T10:16,6,158.28,Online,Cancelled
04a461c0-d586-4019-9de7-949f4b25863a,e6cb1215-5314-4d05-bfd1-f6e5d36e89f7,2024-02-29T10:16,7,170.38,Online,Completed
c6790992-8b93-4355-8991-d1b54f3f837c,c83bba2f-5229-4998-9566-1f3179b13e8a,2024-05-27T10:16,7,150.92,Online,Cancelled
85d56324-6217-4107-8237-b154e3824a4f,935ebde1-5945-4673-886e-1a7a12cc2d4e,2024-04-25T10:16,6,161.46,Cash,Pending
f62a9086-e4e3-472a-ad97-b3ec27016c20,953417c6-cd52-45e9-9ca0-bb450653c934,2025-06-27T10:16,6,153.90,Card,Cancelled
bbe67bfe-2d91-42d2-9aba-d8036c371951,c3ffc43c-0c11-40fa-9824-f234161741d0,2024-08-11T10:16,6,69.36,Cash,Cancelled
12a25b40-ceef-4e61-8960-e688501cf794,c9dcc28a-ae5f-477c-ae7e-72d94129f449,2024-02-16T10:16,7,172.48,Cash,Pending
1793875e-a398-4fc7-9785-710dba41a141,b04ce307-2d1f-4214-b023-d8f4379041a1,2024-09-05T10:16,7,171.08,Online,Completed
913187c4-6d85-4a0b-9925-548d73f94590,0a15d43b-8f6b-444a-bef2-ffbddfdbd16f,2025-10-27T10:16,9,106.83,Card,Completed
49bb825b-9485-435b-945f-d3e21293a5ac,3910ab11-8758-4a4f-8a9b-c4f5df7413c4,2024-12-26T10:16,5,63.85,Card,Pending
bfba49d4-5e89-4b1d-bafb-02a37cd54e35,103fcba5-5588-45a5-9fe0-6ac948d3860e,2024-08-31T10:16,9,153.36,Card,Cancelled
012c3d0a-1251-4d32-888d-9a215e121575,1233cc27-7567-48e0-8dd2-6b0019506c2f,2023-11-13T10:16,1,11.53,Online,Completed
216c3900-0165-4aa5-adcc-6e915e496c33,6c6a3b10-9747-4dca-a041-4edc22d147b0,2024-02-10T10:16,2,37.20,Cash,Pending
c4402e5d-ac49-46ee-95c8-ae8047b77937,953417c6-cd52-45e9-9ca0-bb450653c934,2025-10-24T10:16,2,19.14,Card,Pending
14cccc5a-3364-4903-8fa3-f9aa1677c997,fbe227d7-6d32-4407-9783-7fdac983e55f,2024-01-30T10:16,5,84.85,Online,Cancelled
c7e00c69-aa20-4c53-a6be-81838c0c2766,4e44f26d-5455-405b-8fdb-63ab8b739ecf,2024-11-07T10:16,7,120.68,Cash,Completed
cd1f878f-8a95-475b-8228-72fe64f9b5aa,c9dcc28a-ae5f-477c-ae7e-72d94129f449,2025-10-22T10:16,7,68.11,Cash,Pending
b9187010-bc51-48ee-918e-32b84d96883c,4bb2d776-14c0-4ef6-b8ba-c580cbed72b8,2024-03-08T10:16,2,12.00,Online,Cancelled
b3648de3-ce6d-4b78-a783-6a3d52c23417,00d7ae70-0f46-4453-963c-4ab2a3d29314,2024-08-03T10:16,7,71.05,Online,Pending
58e8ab30-3f5e-46e9-a538-e26e1448c1f9,7c991f43-c18b-4404-8826-97691b0dc00c,2024-04-13T10:16,9,156.33,Card,Cancelled
88345c86-efe5-4381-8e5e-ae458545fc0e,0130fcd4-a6cf-4a72-8400-7bcae1abce34,2025-04-17T10:16,6,90.48,Cash,Completed
44a728a4-8729-4fa4-a990-7f9dba4381c6,60cd80b6-3967-4dae-b4df-adc7b5644971,2024-12-24T10:16,3,18.45,Online,Pending
dcc550be-79fd-4fc6-ba04-e97fd9e454be,0472ca7f-b133-4710-8f43-24a3c6c1afd1,2024-08-10T10:16,4,30.16,Card,Cancelled
717d1120-1597-40c9-a44f-ee5f063441f1,6945f6f4-b8f9-4d04-90ff-e59ed705578e,2024-06-14T10:16,1,10.12,Card,Completed
5e0079b4-6ce3-4618-93ef-d56532182159,26d032f1-9fe9-487a-987a-a8be14e1db05,2023-11-18T10:16,1,6.71,Card,Pending
c5a855b7-bf66-4cd4-8a9f-fbdc0944a381,3dcaabe3-78c9-4d88-bed5-56ca7ceea07c,2024-04-09T10:16,4,38.16,Online,Pending
9bf576c3-fef3-4a97-8c31-ff399d745528,14eace30-1ac2-411e-8eef-98e8f32a87fb,2025-03-24T10:16,8,224.72,Card,Pending
c0f384f4-3baf-435e-ac34-d2d9c775a5f2,ec3490d2-e8da-47ee-ae12-0ca0b1d7a2bb,2025-10-06T10:16,7,128.73,Card,Pending
0a25f546-03d5-41a9-9991-d00d44f2b46e,bc58b12c-65c4-4f21-89ef-3e492a22ef7c,2025-04-28T10:16,2,14.52,Card,Cancelled
ed93403f-7e92-4c4c-883a-9e47ffc6ced5,11526850-7335-463f-b740-a52a90457c3b,2025-05-28T10:16,1,12.39,Card,Completed
9c06e314-cfcb-4081-8569-c540831a922d,6c6a3b10-9747-4dca-a041-4edc22d147b0,2024-08-12T10:16,2,34.44,Cash,Completed
fd5620c6-8aa7-462f-be4b-664589ca7ae4,7d2df59f-386d-4aec-85a8-2443262a0cb4,2024-10-08T10:16,9,203.22,Cash,Cancelled
9a1eef17-01b8-4bf0-b924-5bfcd54124d5,06e585f0-5b60-4900-81d1-3379328e6c17,2025-04-11T10:16,2,27.96,Online,Cancelled
3f7764ff-9a4f-4b21-8c33-583d1c771192,209e786b-2a61-4e52-a3b2-1cc98bcbf18c,2025-08-20T10:16,2,50.60,Online,Completed
e265fa46-992d-4546-87e3-8784bd8973f3,b3688304-b24b-416a-9bf4-c2b6aaeb59d3,2024-11-29T10:16,8,210.08,Cash,Cancelled
24a8f64b-6a0f-4830-a384-c8b35f44bb5c,500fde18-ea61-4380-9ea4-f06d09985870,2024-06-05T10:16,4,103.36,Online,Cancelled
d8af6a3a-d96e-4b5c-80d1-3cad1d1771cc,2a109685-1399-4149-8951-fba29bb0360d,2025-03-12T10:16,8,205.76,Card,Completed
a1693b6f-0e2c-437a-ba08-0fbddacdd0e3,25659c0e-6eb5-4c57-add8-fb6ac5f42699,2025-08-11T10:16,1,24.75,Online,Pending
970f3eb1-db32-428f-ab30-293103ca4dc7,b03f75c1-655f-4480-a2bf-1a0af806e96e,2024-02-05T10:16,1,26.17,Cash,Completed
46b9e458-c5e6-41c9-8a4c-11c1d0aaedd7,52fbb114-83aa-432d-b2f1-f3e37a5c4754,2024-11-22T10:16,5,62.95,Card,Pending
5bc158d6-1a51-4087-9fb2-461a6174ca6b,9fa382f0-8393-48db-ad30-43c953282401,2024-07-21T10:16,3,57.75,Cash,Pending
73abf460-7a21-47b4-b9fe-ec37a0bfe357,0b2a0e9a-e050-4380-b607-57adcbbf59d4,2025-04-03T10:16,4,84.84,Cash,Pending
4235c593-8b73-4990-ab77-2db36a941193,b0d737cd-ec4b-4a88-aa81-d012ef3fb719,2025-05-02T10:16,5,96.65,Card,Pending
fcb3d3a7-99aa-4663-bce3-1a8a2428324d,25659c0e-6eb5-4c57-add8-fb6ac5f42699,2025-09-05T10:16,3,41.67,Online,Cancelled
393a120d-8d4f-42a3-938a-1d7792568a33,a5ffc907-be77-43e6-8694-4a0bf09bd3fb,2024-04-27T10:16,1,29.03,Card,Completed
2018f746-1488-440f-a06c-bb90b6b87171,fdb5454e-2230-489e-ade4-9218ff28cbd8,2025-07-02T10:16,9,202.32,Online,Pending
d32318c6-fc66-4748-b1ad-e183ae878e7a,59827b2a-ae17-44b1-bd6f-6f08718559cb,2025-03-24T10:16,8,211.04,Cash,Cancelled
6ffc05a0-dd52-4175-bff5-e534e729a2fa,46032f36-69bc-465a-9b33-a5d560bfd77a,2024-03-25T10:16,4,65.28,Card,Cancelled
9aba7fd6-8fe0-4982-b1b9-d784ac3b51a2,5400d214-6176-40bf-88d2-3f53ed38bf69,2024-04-19T10:16,6,30.30,Card,Pending
46e71bbc-0864-4f22-8a8d-a442ed8328d2,1a31c678-d420-495a-aff3-0f1609514e1e,2025-02-21T10:16,1,25.14,Cash,Completed
22d9219b-22bf-4ca4-b142-96a0491b4929,500fde18-ea61-4380-9ea4-f06d09985870,2025-04-04T10:16,2,44.80,Online,Cancelled
5382b81f-6002-4065-9db6-7be57db65256,c5817fdc-a4dc-4879-b957-30cfda62016b,2025-03-25T10:16,9,122.04,Cash,Completed
9d8515e7-5581-4319-971f-bc84480241ea,0d463f72-c3a1-4a2b-8d0d-1721a0d1a06b,2024-09-01T10:16,9,77.13,Cash,Pending
87faeb1b-567a-4751-804f-a6c88d917067,050d9901-1cb5-413a-9c31-282028f863c1,2023-11-28T10:16,6,126.66,Card,Completed
de1f69be-b6ac-4284-a95b-f463efffb9a9,d6d4ef4b-0870-48aa-b884-013237f255f4,2024-07-26T10:16,7,162.33,Card,Pending
87504ea9-55a4-4957-8ab5-9fadfd03b0e4,935ebde1-5945-4673-886e-1a7a12cc2d4e,2025-10-17T10:16,4,109.12,Card,Cancelled
dec43ebd-aed2-428e-907f-13fd9bf924af,a302a1a8-c429-406f-abff-9f273aa0a4b5,2024-08-12T10:16,6,99.42,Card,Pending
ff57ba95-953c-419d-8eea-ab17b9b4ec95,e6e1db85-f8ba-4264-9c9a-520ecda4bc4c,2024-12-21T10:16,3,54.39,Card,Completed
3b4a5bbc-a318-473b-a68d-12a4875dba48,e12c3d24-86c8-474f-b86b-370df36adbfe,2024-07-19T10:16,1,16.80,Card,Cancelled
70b82cce-34a4-4731-9257-b188d4757d05,21edfc22-3f73-4335-a774-3cf78ab65e86,2025-06-14T10:16,1,23.60,Online,Cancelled
980a9816-9a35-4d68-a53a-ac04b9e66e9d,d6d4ef4b-0870-48aa-b884-013237f255f4,2023-12-10T10:16,9,239.40,Online,Cancelled
8c4fb188-31c9-4bb3-9436-7eb9b76f4bb5,a5ffc907-be77-43e6-8694-4a0bf09bd3fb,2024-05-31T10:16,1,26.49,Cash,Completed
ac78e683-6ea0-4613-868b-15acbc28f408,cd50913f-8c99-4253-9134-0cf5fe5f300f,2023-12-21T10:16,8,62.00,Online,Pending
117f841d-22c0-4a92-9c25-274407d9edc7,205ea7f7-e714-45b8-a083-11247ff702a1,2025-01-13T10:16,7,143.78,Cash,Pending
6a4764ed-a5a8-4eae-b136-7fc20a0f289c,bb9edfa8-17f7-4f6f-8e3b-616693a298b1,2024-07-25T10:16,5,89.85,Cash,Pending
5dc1f074-f82e-4780-acff-4a7e222d3856,aff4340c-d102-49ba-af8e-84d2737ce82c,2024-03-19T10:16,1,23.51,Card,Pending
386b6662-38eb-45cf-9ba6-de317a657706,e277d099-db2a-4aee-ab86-8b0e73a34383,2023-11-25T10:16,1,7.65,Card,Pending
347f3f56-d74f-4121-a164-9d168b9711a4,0130fcd4-a6cf-4a72-8400-7bcae1abce34,2024-05-10T10:16,3,49.83,Online,Pending
0afa99b3-82e5-45aa-a8d7-00e78356504d,c63bd277-c81c-40c5-8720-6ce916d653c4,2024-12-02T10:16,7,172.83,Online,Cancelled
17862ba0-0edc-429c-85d1-f64b1a63cf83,0b2a0e9a-e050-4380-b607-57adcbbf59d4,2024-10-07T10:16,6,144.18,Cash,Cancelled
fa986cf6-aa3b-47e7-bf1b-f4eecfd56c05,7509850a-5062-4da9-aad6-bc5b9e363ef1,2024-06-24T10:16,5,80.10,Online,Completed
038c1641-fe3c-4e45-81a8-c194a464dd8b,726d71e2-70fd-4416-8568-78619c14a73a,2024-09-09T10:16,8,135.76,Card,Completed
08d013e1-d579-4256-b5c0-8cfd0b3ca167,99c406e7-092b-4eeb-bc08-56fc041c253d,2024-06-21T10:16,2,30.68,Cash,Pending
6db5bfc3-8fe3-4fb6-ad40-e07b22c5339f,d5eaf6a7-76cc-48ec-98d9-ba713e2df70f,2024-08-13T10:16,1,28.22,Card,Completed
4cb69f75-c465-4fc2-a569-6aaf0464e919,0a0ac3e5-6e20-4fbc-87ec-5481c70e38bc,2025-07-30T10:16,2,13.86,Online,Pending
419e57e2-1b2c-487b-a6a5-420f809645a2,93cdeef1-3fc3-4a63-a275-0ae87ae6b335,2025-08-31T10:16,3,69.84,Cash,Completed
33b3e0e8-0b7c-4c4b-9e8f-63cdbd4b5954,e6e1db85-f8ba-4264-9c9a-520ecda4bc4c,2024-02-05T10:16,5,25.55,Card,Pending
5cbc41b6-12d5-4917-9821-e8c4724161d1,103fcba5-5588-45a5-9fe0-6ac948d3860e,2024-01-26T10:16,7,56.63,Online,Cancelled
edf8ff29-9687-4d0e-8ebf-e233a326a374,0e0d5f13-edd5-4ab0-9ddd-3df111bedc5a,2024-05-09T10:16,2,23.32,Cash,Pending
34a4ca20-efea-4587-993b-d1ba83dadaf3,b6c26110-1b77-4777-8c79-c69ec19b66df,2024-12-11T10:16,8,64.00,Cash,Cancelled
5c8c32dd-95ff-4a56-b57c-3a9d20947c8f,bb9edfa8-17f7-4f6f-8e3b-616693a298b1,2025-04-02T10:16,2,44.68,Cash,Completed
2a78b5d7-84e1-4156-92b4-ee4fdfbd836d,ff4db0d8-e809-46e8-9ae0-78ffee4902d9,2024-06-07T10:16,5,26.30,Card,Cancelled
ca7cb7f1-2482-47b1-a344-51ace7ccf7d2,f543de06-e341-4de2-95ab-ca0fd3ee51fe,2024-03-16T10:16,9,74.52,Cash,Pending
227067f5-a4ea-4cb6-9e0f-5b1ce01cc4b4,0a5a9fc7-e126-48f0-99aa-dea85c606f66,2024-12-19T10:16,3,18.57,Card,Pending
d99580d0-797d-4b01-9961-c882fc6d6893,0a570207-0f70-467f-bbeb-44a0a60a9a25,2023-12-15T10:16,4,96.52,Online,Completed
f5dd93eb-f97b-4e08-801d-8013ba892440,bf0de251-90d7-423c-8b31-48df1a89964f,2023-11-27T10:16,5,37.65,Card,Cancelled
4cafacd4-1a28-4746-9e86-86d2809231b6,09ba4183-1b94-4f8c-bc5f-eca421a88524,2024-08-12T10:16,4,114.68,Card,Pending
73229bcb-d006-4244-b396-54130a56c4f1,aff4340c-d102-49ba-af8e-84d2737ce82c,2025-07-21T10:16,7,168.14,Cash,Completed
13195b4a-a0c1-40a1-bc41-b5414960c8a9,25659c0e-6eb5-4c57-add8-fb6ac5f42699,2024-08-27T10:16,1,25.68,Cash,Pending
35f36130-8f92-487c-bd85-45457cedcef0,05ccd8a5-ea5f-4353-bd1e-3022152b0685,2024-08-24T10:16,7,47.67,Online,Pending
30332247-b47e-46eb-80b0-74708f59cb23,d7af10ce-45c9-4fc8-8dd8-b1c5491aad5f,2025-10-29T10:16,7,112.84,Cash,Cancelled
cf1474a0-4272-41ca-aece-dad9b861d626,99c406e7-092b-4eeb-bc08-56fc041c253d,2025-07-12T10:16,5,60.30,Card,Pending
963b0487-ebbe-48a1-899e-7db5b5366927,10b26c2d-7d56-4175-84a8-a2775e128a9d,2025-05-02T10:16,8,149.84,Card,Pending
af3f7dac-aae9-442f-9b55-1609287e2791,2ca088cd-c6c6-4e60-a1a4-d2990ee21b12,2025-09-16T10:16,5,100.60,Card,Completed
451887c1-e04f-4045-980b-bca83d70c063,bfa3444b-2be9-46be-b944-720d86a59770,2025-05-24T10:16,4,43.68,Cash,Completed
445ba1a1-c85a-4cab-b8e8-683b6c47e5c3,b90a3a7f-421e-47e5-8598-fe50f365a62e,2024-05-06T10:16,8,232.08,Online,Completed
3b99ee04-575e-4145-8b0e-273ef0e1e90d,0472ca7f-b133-4710-8f43-24a3c6c1afd1,2024-08-25T10:16,5,113.90,Cash,Pending
2508269a-adb8-4560-b496-841f3c62a9ea,d5cfb1a3-ce2f-4aff-ab4c-50e0c5426af1,2024-05-18T10:16,8,129.68,Card,Completed
2cff90a6-6e07-4bf1-b6e7-9b3ffc466d4a,6bd388d4-5636-450b-bacd-55bdcb769bab,2024-12-05T10:16,5,143.45,Cash,Pending
8fa625a0-9f80-4693-8fa9-a3b909cf32ad,d33bbfcd-a2ca-4e80-8a1c-65223f061e7e,2024-10-13T10:16,8,150.64,Card,Pending
f313044c-b18d-4fcb-a2a1-8ec73c336522,26d032f1-9fe9-487a-987a-a8be14e1db05,2024-04-27T10:16,5,84.85,Card,Cancelled
84b877d4-74b8-4ad8-807f-11a59a524676,9fa382f0-8393-48db-ad30-43c953282401,2025-04-02T10:16,1,5.10,Card,Cancelled
4d686c1e-1577-4cd0-b57d-eb669b7d21f8,d6d4ef4b-0870-48aa-b884-013237f255f4,2024-10-31T10:16,6,84.18,Card,Pending
ebc53d52-81a1-4b55-ae79-ccdda94e8e10,953417c6-cd52-45e9-9ca0-bb450653c934,2025-09-24T10:16,9,84.96,Cash,Completed
66cd516b-9524-4ad5-9513-45ec54bbfe5b,ebbc7df0-770d-44f8-b0ff-c62f9006e40e,2024-10-03T10:16,9,247.32,Card,Pending
f10982e4-f556-4848-b67e-31acbfb281e0,1233cc27-7567-48e0-8dd2-6b0019506c2f,2025-10-11T10:16,3,25.02,Online,Pending
5a9dc19f-5673-4af3-861a-a7c4e79f46e2,7c991f43-c18b-4404-8826-97691b0dc00c,2024-04-27T10:16,3,77.43,Card,Cancelled
386f1983-b9dd-4ba3-be72-47813b8bf697,0e0d5f13-edd5-4ab0-9ddd-3df111bedc5a,2024-12-26T10:16,8,157.04,Cash,Cancelled
96f018f9-9061-4ef9-b4f7-3dac93045f3b,e886c155-0dae-4b36-88f5-a86fa474d1f6,2024-04-28T10:16,5,34.20,Cash,Cancelled
57c26567-9cc2-49e0-a259-997163649188,e119f98a-df63-41dc-8e01-bb49ca2dc724,2024-12-28T10:16,4,103.76,Card,Pending
743f032b-7557-41f5-8df7-7ec1b9bc30f8,e7991221-0de0-4ef8-aa9c-ca3b59197059,2024-09-03T10:16,8,127.12,Card,Completed
4d0752ce-a088-4a05-91be-3016476287cb,8b546c63-5406-493d-bc69-cfb594b38267,2025-09-17T10:16,6,142.14,Cash,Cancelled
d541b0c6-2091-411c-89fe-25dc466cfa94,62a2bfef-ca4a-4dec-90ea-bf15ea1880d2,2024-08-24T10:16,7,152.46,Online,Pending
05460e72-a3a1-4c37-8c47-061de3275fa9,050d9901-1cb5-413a-9c31-282028f863c1,2024-09-23T10:16,2,45.54,Online,Completed
ff5c76c9-7d12-4126-922b-0d7b5f1b25ee,a3f626b9-cc27-4c04-8570-be79ab8bda4a,2025-01-03T10:16,8,229.12,Card,Completed
44f78584-8a85-4be1-af98-d61ca78df920,4e44f26d-5455-405b-8fdb-63ab8b739ecf,2025-07-01T10:16,4,45.48,Cash,Cancelled
a6e25c71-f37e-4b1f-91e9-1a7454fdadf6,8250871a-2b35-424e-a1a1-4eb4faffabfb,2024-10-04T10:16,7,65.24,Online,Pending
0bd18890-ffc8-4ef6-88fd-70bf957f7bb7,aac35608-9499-49c5-811a-a059e773c968,2025-05-31T10:16,2,15.68,Card,Completed
57cc773f-d7a8-46e1-9d41-6b6f64175e60,ecf1ffb0-ac00-4968-87ea-8beef4ace55a,2024-04-04T10:16,1,15.29,Online,Completed
e07b5f5b-da68-476a-9f3f-114ec8c0fcaf,4e44f26d-5455-405b-8fdb-63ab8b739ecf,2024-12-26T10:16,2,24.88,Cash,Pending
e1b57c27-0d20-4733-8bdd-da4643b7794e,caad7924-4bc5-4f85-9662-11ca261e3c87,2024-12-06T10:16,2,44.46,Cash,Pending
1afb10b0-91ae-4f32-afca-c85c6ad38048,b90a3a7f-421e-47e5-8598-fe50f365a62e,2025-03-19T10:16,7,183.61,Cash,Cancelled
efead49d-3c00-4d1c-a8d9-279410771e63,2c6dafc9-06cc-4b3d-8b8d-12aae0644c58,2024-09-12T10:16,6,179.22,Card,Cancelled
bc99d039-1e76-4c63-8867-ab8b75a19685,1d32c3b3-c732-4995-aa6b-ff159deb3bdf,2025-11-09T10:16,3,16.11,Online,Pending
a42cad4d-d2f5-42cb-a3e0-3e6ccf6f561f,1eeb9c5f-5b7a-47af-b4f1-5a50d9d1089c,2024-11-13T10:16,2,36.76,Cash,Completed
e73d855d-280d-4ab3-960c-d6afce16807d,3dcaabe3-78c9-4d88-bed5-56ca7ceea07c,2024-07-04T10:16,6,169.86,Card,Completed
e74c445d-145d-4fba-bd52-bb352b4ce5ef,10b26c2d-7d56-4175-84a8-a2775e128a9d,2024-09-14T10:16,5,42.55,Card,Completed
4bea8428-4ad7-49b5-b40a-7435339eea24,8887df7e-682b-4d48-b18c-c1ddfa0aaa26,2025-01-25T10:16,2,32.64,Cash,Cancelled
5e1d7627-a5de-44d2-a697-84292daf2d0c,000f9c8f-2fc7-4346-844d-c04f10751265,2024-04-16T10:16,9,262.89,Cash,Cancelled
d2c81beb-bc22-49d6-af10-b82533b36c23,d5cfb1a3-ce2f-4aff-ab4c-50e0c5426af1,2025-08-19T10:16,1,6.54,Cash,Cancelled
8d5a501e-639d-40a5-8256-0b986c73a160,e85d0261-2d97-4475-a749-363ec9040a74,2025-01-17T10:16,9,124.65,Online,Cancelled
497814fe-5ad0-4299-b7f1-e3a04deb9f35,5400d214-6176-40bf-88d2-3f53ed38bf69,2025-08-27T10:16,8,209.92,Online,Cancelled
ef7c796f-5ff5-4764-9dd5-d2975abd0d0b,52c87fd9-fdf0-4256-b929-6153ad24a0ac,2025-02-20T10:16,4,33.76,Cash,Pending
c30b99c7-95ee-43d3-bc80-36ae2ad1fd40,8b115a34-224b-453c-be69-b53a7445b466,2024-03-15T10:16,3,52.47,Online,Cancelled
3aebae53-e953-4173-83d2-82acb127d2c1,9c53f3f8-5b22-4d77-bd76-cfa6c70e443c,2024-01-20T10:16,8,172.48,Cash,Cancelled
434d70a7-71e4-45c6-98f8-dd4c76547aec,c46351bf-193f-49af-a5d6-456188837c3d,2024-06-22T10:16,2,11.00,Cash,Completed
aa73559a-f308-40f9-9e70-c53d08f2f899,209e786b-2a61-4e52-a3b2-1cc98bcbf18c,2025-07-04T10:16,8,79.84,Card,Completed
0d20a479-98b8-4193-8fc2-246fab7feed9,caca465c-e9f2-4add-91b5-24c70595e321,2023-12-23T10:16,2,47.24,Online,Pending
78331ac3-0663-499f-a91e-bce3f68c3b6f,e85d0261-2d97-4475-a749-363ec9040a74,2024-08-26T10:16,7,152.88,Cash,Completed
1ba5e2ad-662c-4dca-a624-adf8d8f79a83,00d7ae70-0f46-4453-963c-4ab2a3d29314,2024-01-07T10:16,8,104.16,Online,Pending
458ba57c-0aa5-4387-b917-82132960547c,00d7ae70-0f46-4453-963c-4ab2a3d29314,2025-02-24T10:16,2,38.34,Cash,Pending
09c5fa0f-8eb7-4bba-a5fb-122093a46b55,365c90d0-a590-4209-9401-2ce55af5ed98,2024-07-09T10:16,5,48.00,Online,Completed
1fa0e18f-e4f4-4a4c-a61b-2ab94b424007,910b1d47-5c37-48b1-8bde-96c60660f1d7,2024-07-26T10:16,7,112.21,Online,Cancelled
61a42575-99c1-45a4-b82e-8b46fa3d0419,49af098b-bf79-4643-8e49-739ea932d38b,2025-06-16T10:16,4,79.96,Online,Cancelled
2567ca49-e529-467c-bbb4-57d75cb478a6,428424b7-1f94-496a-8b7a-497ce177d32c,2024-05-28T10:16,3,24.54,Cash,Cancelled
e294dc73-f6a9-4292-998c-a2ba34b63009,e38afcd9-9e08-47ba-bc92-5ebb4bc271eb,2024-02-09T10:16,4,77.92,Card,Completed
3691a5d3-ea6f-40d2-9071-8df3224d45d8,910b1d47-5c37-48b1-8bde-96c60660f1d7,2025-10-21T10:16,1,18.52,Cash,Completed
87dfa4a2-363d-4a09-8855-fa411d414317,795088d7-d227-422e-ad8c-f048bde0675e,2023-12-20T10:16,8,75.92,Cash,Pending
04599cf7-0832-43b2-813d-fd7a13eacd05,428424b7-1f94-496a-8b7a-497ce177d32c,2025-04-18T10:16,7,52.78,Online,Completed
8e5653bc-ecd1-43c7-8a0b-aea9e09e754a,ba5d9947-b043-4aca-8ee0-6b77895cf8e8,2025-03-28T10:16,1,6.41,Card,Completed
b6c080f0-f0d3-4883-968e-840823a53d55,ebbc7df0-770d-44f8-b0ff-c62f9006e40e,2024-08-27T10:16,9,259.56,Cash,Pending
530f8cab-ddbb-47cb-b37f-c6fc35397626,ff4db0d8-e809-46e8-9ae0-78ffee4902d9,2023-11-25T10:16,5,129.30,Card,Pending
5c04dfac-b869-4ba2-bc1f-90fff1361ec2,bf0de251-90d7-423c-8b31-48df1a89964f,2024-05-13T10:16,3,66.57,Online,Completed
a8bda62b-3a88-4354-8075-838014a12cf0,27e45431-1333-4ffd-a0c8-be56ffdc5d4e,2024-06-12T10:16,7,59.64,Card,Pending
26fb93bf-586d-4b19-a06a-15ab49443ea4,a3f626b9-cc27-4c04-8570-be79ab8bda4a,2024-10-15T10:16,7,43.96,Cash,Pending
443807ab-a7de-43c7-a9a9-256b1d8a768a,f0a6a958-e434-41bf-a830-dffa55a34db5,2024-08-31T10:16,5,132.05,Cash,Pending
2e495c8c-8bd6-4c19-bc0b-48f16c535089,4e6807ca-aed8-4ec9-b1b0-0e3aba57efb1,2024-09-23T10:16,8,66.64,Card,Completed
48fe78f5-6090-4513-9156-9b1bbfcb0ef5,63846b60-b7be-4087-ac6e-56c9bc130a20,2025-03-07T10:16,9,124.11,Cash,Completed
21cfdb72-36d5-414c-a2a7-45c95e65d7f8,401a6911-a31e-4892-adc1-56e3e1eb090a,2025-02-28T10:16,4,104.68,Card,Completed
683eef0d-2100-494f-a6f7-c2d43340ff74,7c991f43-c18b-4404-8826-97691b0dc00c,2024-03-06T10:16,5,53.50,Cash,Cancelled
d63456aa-0573-4d0f-af79-ae392ce02cbe,0a570207-0f70-467f-bbeb-44a0a60a9a25,2024-03-02T10:16,7,203.42,Online,Pending
b18f0284-3c3f-4f42-89a6-106f85bd1074,1407e9cf-22c9-4137-a2fe-cc12dc038235,2024-04-07T10:16,1,6.72,Online,Completed
0b694c3f-4576-4f7a-b237-ee7a94857e91,0b2a0e9a-e050-4380-b607-57adcbbf59d4,2025-05-19T10:16,4,57.12,Online,Completed
440f7772-c5ad-4e81-8b19-19ef6e8418bb,cb8747c7-32ca-4b6b-868d-13ab01d953ec,2024-04-14T10:16,3,88.86,Cash,Cancelled
fc5ff7e9-cdfb-47eb-af77-48e481466810,80537cf2-360f-4740-8b7e-d4cd56e22987,2025-05-25T10:16,4,67.48,Cash,Cancelled
2f5aa72f-026a-4c2c-a6f1-ff1c1e0d4383,910b1d47-5c37-48b1-8bde-96c60660f1d7,2024-04-25T10:16,8,146.72,Online,Completed
29c482c4-0869-4d3c-bd46-a6d08bf62e0d,3910ab11-8758-4a4f-8a9b-c4f5df7413c4,2025-06-29T10:16,1,23.95,Cash,Pending
20d14e0c-318b-4fda-bee8-09f92893c512,0e0d5f13-edd5-4ab0-9ddd-3df111bedc5a,2025-01-01T10:16,4,84.32,Online,Pending
