order_id,restaurant_id,order_date,items_count,total_price_usd,payment_type,status
39df4682-efd8-449b-b87f-06c7d644a9b7,93cdeef1-3fc3-4a63-a275-0ae87ae6b335,2025-04-18T10:16,4,87.08,Online,Cancelled
2277b1e9-09f6-4293-a26e-e6964969a604,4e6807ca-aed8-4ec9-b1b0-0e3aba57efb1,2024-03-02T10:16,2,28.28,Card,Cancelled
7bb144e2-952f-4995-b6ba-4161f0f849e0,d6d4ef4b-0870-48aa-b884-013237f255f4,2024-01-09T10:16,4,29.04,Online,Pending
25e62d43-0a99-4d4b-9971-3dbee9bd8073,0df3bae1-6384-4856-aa27-aef9f6c48b75,2024-06-10T10:16,5,84.60,Cash,Cancelled
b78e8783-12d5-4c9d-b91a-f2c5aeb725ee,fe624323-ba72-456d-9842-ed9e0edc75df,2024-11-18T10:16,7,162.26,Online,Cancelled
c6be27d5-d8a4-4dc5-91c9-5fcc73b4f91a,5400d214-6176-40bf-88d2-3f53ed38bf69,2024-09-04T10:16,1,9.28,Online,Completed
5b6056c6-c273-45e7-bc85-7bea800d789b,59827b2a-ae17-44b1-bd6f-6f08718559cb,2024-06-25T10:16,7,145.53,Cash,Completed
41ee6403-c060-47ad-b83c-5b17d7054ba5,7a18d550-38d0-40b2-84a7-547162e7e409,2024-11-03T10:16,2,26.44,Cash,Completed
a5746aea-3822-420d-a4f7-51e5ff1c9abd,6c6a3b10-9747-4dca-a041-4edc22d147b0,2025-10-08T10:16,5,79.30,Cash,Pending
70cb22a4-de90-475c-a87f-26ecf42730bc,63846b60-b7be-4087-ac6e-56c9bc130a20,2024-06-18T10:16,6,121.98,Card,Pending
ff7a5b77-ff80-463c-b652-75d137bee53b,ba5d9947-b043-4aca-8ee0-6b77895cf8e8,2025-04-16T10:16,7,86.31,Online,Completed
c19b91f1-2e2f-427b-8ad0-0a1a42807251,0130fcd4-a6cf-4a72-8400-7bcae1abce34,2025-09-15T10:16,5,39.45,Card,Completed
b5cb919b-c37c-4772-9184-96e8509ecdb9,f067e21d-d1d4-4e87-9cae-9753f5f9ccb6,2025-05-08T10:16,6,58.02,Card,Cancelled
8ca8ef69-70ce-4fbf-b287-88d8ee6382d7,8b546c63-5406-493d-bc69-cfb594b38267,2024-03-13T10:16,5,136.35,Card,Cancelled
938f19b3-03e2-4d48-8f5f-75fbe06cf98a,ba5d9947-b043-4aca-8ee0-6b77895cf8e8,2024-09-30T10:16,3,51.90,Card,Pending
479be73f-42bf-4a0f-9110-1ef41665b2de,365c90d0-a590-4209-9401-2ce55af5ed98,2025-01-22T10:16,1,10.93,Cash,Completed
edcabb75-eb12-4723-a18d-3fda8a1eecf9,f90cf3ca-e2d0-4129-bc7a-e8a2b80880da,2025-03-25T10:16,7,196.07,Card,Cancelled
aa5e691f-b934-47b4-a75a-c096b6e1c06a,7c991f43-c18b-4404-8826-97691b0dc00c,2024-09-25T10:16,6,122.16,Cash,Pending
d2e79aa8-1fa0-486b-8724-b00ee9841104,5f6e51da-5f01-4c9a-85dd-7d50ef37e5d7,2023-12-09T10:16,1,26.89,Online,Pending
83330a33-5f19-4a00-a059-2ab521451e40,63846b60-b7be-4087-ac6e-56c9bc130a20,2024-06-21T10:16,8,226.72,Cash,Completed
c60df9bd-06fb-47e8-b3eb-fbe580924c96,6c3bf618-a715-40f9-9faa-cfc5f5beef2f,2023-11-22T10:16,2,50.54,Card,Pending
0a518845-0f80-4005-8aec-784c7a7270a1,53db1213-7316-47bb-9099-c1def0e3c96b,2025-09-30T10:16,3,60.27,Online,Completed
66856e1a-304f-4a8c-afdb-faf9c07de6c8,c0d74d86-5c5b-481d-b8e3-61eeb9c77255,2025-11-09T10:16,5,99.50,Card,Completed
6126126c-1059-4724-922f-6a808de1997f,b6c26110-1b77-4777-8c79-c69ec19b66df,2025-08-28T10:16,8,223.12,Online,Completed
873420c3-eaae-4d07-9c6f-f90553f42563,8f7f530b-bb30-4a05-b437-744ed30af54f,2024-09-11T10:16,5,74.80,Card,Completed
e401dba2-07cd-4e07-8bf0-05bdaa849d1f,c1a09d60-c9e8-4489-a68e-e01b51541d33,2024-02-03T10:16,6,84.42,Cash,Cancelled
27047b2f-3ea3-4e9c-86e3-ce2e32c37538,e38afcd9-9e08-47ba-bc92-5ebb4bc271eb,2024-09-05T10:16,2,21.60,Card,Pending
abb6eee4-56a4-4f68-8a7e-fd8cbd317b38,c1a09d60-c9e8-4489-a68e-e01b51541d33,2025-08-24T10:16,8,213.28,Cash,Pending
88b7d07e-c28c-41f9-aa20-d62c2b332397,92da274a-bea2-490a-bb52-196c46fa8487,2024-07-06T10:16,7,99.40,Online,Cancelled
3320b7d4-cbb4-473b-97c4-62d1fc7d48d5,90f0db1e-2b19-43f7-ba17-233c7c214eca,2024-10-24T10:16,2,31.80,Cash,Completed
6959ed04-d8f0-4199-8876-72a3c258e1ef,00d7ae70-0f46-4453-963c-4ab2a3d29314,2025-10-03T10:16,8,48.80,Online,Pending
8933216f-a70f-44af-99e6-895610f575a7,f3826f04-0dfa-4266-8002-58fede0093f5,2025-06-10T10:16,9,62.82,Cash,Cancelled
372f4936-49ed-4613-8f7c-fd000cacac34,59827b2a-ae17-44b1-bd6f-6f08718559cb,2025-09-28T10:16,2,57.62,Card,Cancelled
ed804530-e854-4528-a97c-3c3403d0892a,5f0f3def-9ff6-4282-ad04-001c4a769966,2025-08-20T10:16,9,209.61,Online,Completed
a00fce21-359e-49d4-bf23-33e7c3a10ef4,e6cb1215-5314-4d05-bfd1-f6e5d36e89f7,2025-10-06T10:16,8,53.04,Cash,Cancelled
5c9fe7e5-c5a7-4e43-9a9c-c856d1f2f56f,71f17b36-2c37-4cfa-bf8a-894fa94c0e9b,2024-12-24T10:16,8,224.88,Online,Pending
ea269101-e4a3-41b4-a125-fb5b44fee98d,09ba4183-1b94-4f8c-bc5f-eca421a88524,2025-06-19T10:16,3,32.16,Online,Pending
13391da4-a2f5-4c3b-a542-556f0423cd72,3910ab11-8758-4a4f-8a9b-c4f5df7413c4,2025-04-04T10:16,5,138.60,Cash,Cancelled
74d3efd1-021c-449f-b352-a266474fe7c6,63846b60-b7be-4087-ac6e-56c9bc130a20,2024-01-23T10:16,6,168.66,Cash,Completed
e202c217-115c-44a3-9c0d-e86561846d0b,7a18d550-38d0-40b2-84a7-547162e7e409,2024-09-11T10:16,2,51.70,Online,Completed
ab11a115-f056-4f98-bd35-aa386de178a5,ebbc7df0-770d-44f8-b0ff-c62f9006e40e,2024-08-09T10:16,7,160.23,Card,Pending
222c5e83-4e6f-41c2-bfd2-3356a5737c85,d7af10ce-45c9-4fc8-8dd8-b1c5491aad5f,2025-02-18T10:16,8,42.56,Card,Completed
342313b5-3cbe-4a2b-880e-c75c765c0ee5,2c6dafc9-06cc-4b3d-8b8d-12aae0644c58,2024-04-14T10:16,8,148.08,Online,Cancelled
3032bec5-fb56-4a96-b3df-a2d132a7389e,e7991221-0de0-4ef8-aa9c-ca3b59197059,2024-02-08T10:16,2,12.54,Online,Cancelled
88b9bce7-91e5-46d9-9a1b-fc3451664a72,e12c3d24-86c8-474f-b86b-370df36adbfe,2024-12-31T10:16,7,154.42,Online,Completed
4c0b2f7f-5b76-4645-b8e3-73aded21d508,8250871a-2b35-424e-a1a1-4eb4faffabfb,2025-06-02T10:16,5,140.45,Cash,Completed
285f0505-1c63-4420-9781-764e327b3b9b,21edfc22-3f73-4335-a774-3cf78ab65e86,2024-03-22T10:16,8,54.64,Online,Completed
3819f1cf-f118-4e49-9e98-6cde508d66be,c63bd277-c81c-40c5-8720-6ce916d653c4,2024-08-27T10:16,9,92.43,Cash,Completed
7e410164-13a0-4837-ae13-de5ee7bae5da,0df3bae1-6384-4856-aa27-aef9f6c48b75,2025-08-31T10:16,3,63.39,Cash,Completed
0485f984-d300-4b18-8e38-2cba1b9ce846,aff4340c-d102-49ba-af8e-84d2737ce82c,2024-06-15T10:16,7,51.52,Online,Completed
442ba4ce-7729-4f73-b1f0-ec903202a5b0,f543de06-e341-4de2-95ab-ca0fd3ee51fe,2025-05-05T10:16,8,74.24,Cash,Cancelled
0ae40f0c-1ff3-418e-bdf3-6756d7b7bbb2,964d337f-acd5-4ca2-8843-9be3f2eb60fc,2025-02-15T10:16,3,49.20,Cash,Pending
ccf2d561-cd33-46ee-ab53-63d61c00707a,428424b7-1f94-496a-8b7a-497ce177d32c,2025-01-02T10:16,1,28.62,Card,Completed
a964f6fa-3ebf-4163-bc99-eca6e9a6d9e8,d5cfb1a3-ce2f-4aff-ab4c-50e0c5426af1,2025-07-01T10:16,8,110.00,Card,Completed
17746e27-2969-48f4-a343-f56743302a0e,ef7fad1f-a86f-4ee1-95b4-ce1f339f0fa5,2025-02-02T10:16,6,81.36,Online,Pending
f9a699dd-d73a-48f5-ab93-757c60371b75,09ba4183-1b94-4f8c-bc5f-eca421a88524,2025-11-05T10:16,9,230.31,Card,Cancelled
1fadac6f-6630-452a-b03f-5ec1a1c726b5,d7af10ce-45c9-4fc8-8dd8-b1c5491aad5f,2025-04-03T10:16,2,17.80,Cash,Cancelled
d1cd9c55-b250-41e3-a3fa-e32d928d9a02,fe624323-ba72-456d-9842-ed9e0edc75df,2025-02-13T10:16,4,90.20,Online,Cancelled
3749efa9-2a41-43e6-8ea6-ed34412697a1,2a109685-1399-4149-8951-fba29bb0360d,2025-09-20T10:16,3,66.57,Card,Pending
88a6ab08-b440-491e-8bd4-d0acc8a23e78,99c406e7-092b-4eeb-bc08-56fc041c253d,2024-11-03T10:16,2,17.52,Card,Pending
f82c00d1-656c-4824-b74c-a0e8ac2d467d,a3f626b9-cc27-4c04-8570-be79ab8bda4a,2025-07-04T10:16,2,11.70,Online,Pending
64823b66-9c7e-470b-8998-d8988fb21b9e,00d7ae70-0f46-4453-963c-4ab2a3d29314,2024-04-27T10:16,4,96.88,Cash,Completed
34325ce5-98f7-4977-8006-9041706707b8,964d337f-acd5-4ca2-8843-9be3f2eb60fc,2024-02-03T10:16,1,20.64,Card,Completed
0b4d51ba-2839-4c10-8fc4-a5b464c1938e,8887df7e-682b-4d48-b18c-c1ddfa0aaa26,2025-01-16T10:16,1,11.64,Cash,Cancelled
39ac1486-203f-47b3-acf9-0d85753fadfb,428424b7-1f94-496a-8b7a-497ce177d32c,2024-03-02T10:16,5,99.55,Cash,Cancelled
a148d26c-b42e-4277-97bb-6cf2baea32d3,7a18d550-38d0-40b2-84a7-547162e7e409,2025-04-14T10:16,7,68.81,Card,Pending
612005a5-6bc6-439a-99d2-6e4e89b84494,06e585f0-5b60-4900-81d1-3379328e6c17,2024-12-11T10:16,2,17.60,Card,Cancelled
a481c9cf-0a47-4ff5-b8d7-c7f20c8a48ac,885715b6-b1eb-44ca-8460-28c0343e56f3,2024-03-05T10:16,2,25.14,Card,Completed
54487109-aa46-4b5b-9b00-c9e0c177433d,bb9edfa8-17f7-4f6f-8e3b-616693a298b1,2025-09-06T10:16,4,108.64,Online,Cancelled
a5689238-2609-45ac-9085-9ab39dbbcab6,6b1178fc-1745-401d-88da-3903c243ebe9,2025-04-19T10:16,4,91.04,Cash,Cancelled
42bfe261-54f8-416f-9fe1-85e1b4eb7fad,3dcaabe3-78c9-4d88-bed5-56ca7ceea07c,2025-09-12T10:16,4,77.64,Online,Pending
311d7e2d-ea45-426f-b95b-282ccf855d23,49af098b-bf79-4643-8e49-739ea932d38b,2025-04-25T10:16,4,30.68,Cash,Cancelled
b883a566-e8a2-4054-ba24-836371cf71a7,aac35608-9499-49c5-811a-a059e773c968,2025-07-13T10:16,7,132.23,Cash,Pending
85e058b6-e12b-4d58-be2d-7c044870e072,726d71e2-70fd-4416-8568-78619c14a73a,2025-09-19T10:16,7,62.30,Cash,Cancelled
be534c8a-43e4-4aef-9dd1-29684653fbf7,8250871a-2b35-424e-a1a1-4eb4faffabfb,2025-04-04T10:16,6,63.12,Cash,Pending
8fcccb2a-ef0d-46e9-86f8-a01e39977c5b,e886c155-0dae-4b36-88f5-a86fa474d1f6,2024-01-23T10:16,8,218.48,Cash,Completed
2fa9dbb9-8887-4308-b99e-c79983014792,77ca464a-fe0d-4dcc-8f08-3eb2f7b64f76,2025-10-15T10:16,8,70.24,Online,Completed
81784fc1-fd86-48ee-8fca-729dbbbad0e1,4f6ae324-5b6d-47d6-a86d-26ec6fbe1e0e,2024-02-03T10:16,3,71.16,Card,Pending
50cc2833-6684-40b7-89ce-754408f384cf,2a109685-1399-4149-8951-fba29bb0360d,2024-03-06T10:16,7,170.66,Card,Cancelled
0093a4ce-299f-4f5a-a07b-73044eeb1a8d,8f7f530b-bb30-4a05-b437-744ed30af54f,2024-07-12T10:16,5,34.80,Cash,Cancelled
00c863b0-3147-4b6a-a17a-073db437b39d,e85d0261-2d97-4475-a749-363ec9040a74,2025-02-04T10:16,7,93.59,Online,Pending
c67f34ef-6086-4b9a-9775-314649914951,26d032f1-9fe9-487a-987a-a8be14e1db05,2025-02-21T10:16,1,19.31,Card,Pending
928b2757-5a77-4dec-bb7c-15c293f0b2e2,7a2e5fa5-096b-4701-8ce6-7a3db39bf8eb,2024-11-23T10:16,7,150.99,Cash,Cancelled
2278dc6c-60d3-4fad-95c2-8173ad960e8e,73a2b03c-2dca-486e-8ebc-c4d6bb68a8c6,2025-03-01T10:16,1,29.24,Online,Completed
da267954-5dc5-40db-bc67-ab2416b7d9c9,8b546c63-5406-493d-bc69-cfb594b38267,2023-12-28T10:16,7,207.13,Card,Cancelled
c1c04832-a79a-4c8f-8f11-6fa4d5918555,bb6ceda0-3f7a-4dfa-9862-41a88dd468b2,2024-03-19T10:16,1,5.56,Card,Cancelled
3b7abdde-fb43-4d4d-8a2d-87ff77848cca,14eace30-1ac2-411e-8eef-98e8f32a87fb,2024-12-10T10:16,9,260.91,Card,Pending
a9a2d291-15f3-419b-8577-d259c3a7234f,6c3bf618-a715-40f9-9faa-cfc5f5beef2f,2024-12-28T10:16,2,20.84,Cash,Completed
7d2a6b0c-97cc-4c5c-865d-b8fff6de3ed4,0df3bae1-6384-4856-aa27-aef9f6c48b75,2024-06-07T10:16,2,40.90,Online,Completed
3891e711-47c0-41de-a928-4a34685f68d7,bfa3444b-2be9-46be-b944-720d86a59770,2025-09-27T10:16,1,17.54,Online,Completed
a4d904e1-a5e3-4402-981d-8d9270bf8da9,910b1d47-5c37-48b1-8bde-96c60660f1d7,2024-05-09T10:16,6,37.38,Card,Pending
28bf5c12-d851-4fb2-a440-e20cc101b420,0fcf4084-ea31-49f8-99f9-9bf8c8b0c16b,2023-12-21T10:16,2,41.38,Online,Completed
d7540b83-e996-4de0-aa16-656b6b393335,7d2df59f-386d-4aec-85a8-2443262a0cb4,2024-09-09T10:16,6,166.44,Card,Pending
7e60e40c-1511-426a-8ad4-0891dfff482b,0a15d43b-8f6b-444a-bef2-ffbddfdbd16f,2024-11-06T10:16,5,51.95,Cash,Cancelled
d2380c9e-1759-4963-a459-42fbaed347d4,bb6ceda0-3f7a-4dfa-9862-41a88dd468b2,2025-07-11T10:16,7,198.31,Cash,Cancelled
cdebe765-73f2-4102-b6c9-f4bfc553f330,ec3490d2-e8da-47ee-ae12-0ca0b1d7a2bb,2025-10-16T10:16,4,59.72,Card,Completed
1794e223-96b2-4bf5-b902-8586f03eb3f7,99c406e7-092b-4eeb-bc08-56fc041c253d,2024-05-01T10:16,3,44.76,Card,Cancelled
233d2279-94f9-4221-9a26-198070d687ac,7509850a-5062-4da9-aad6-bc5b9e363ef1,2025-09-26T10:16,4,38.52,Online,Completed
c058d6e2-ce8c-431d-b40a-816bbe03dc9a,6b1178fc-1745-401d-88da-3903c243ebe9,2024-06-22T10:16,1,28.58,Online,Cancelled
6f05bc74-6bda-4920-a28a-88cb8592b34f,e7991221-0de0-4ef8-aa9c-ca3b59197059,2025-04-13T10:16,6,113.70,Online,Cancelled
84f374d0-0f82-4754-9db0-4800b4944eef,fe624323-ba72-456d-9842-ed9e0edc75df,2025-04-03T10:16,1,15.20,Cash,Completed
a2b2fa63-385d-48cb-aaed-4f4dc4fccb9d,e85d0261-2d97-4475-a749-363ec9040a74,2025-02-10T10:16,5,111.50,Cash,Pending
a11532c9-12e9-40ab-ac01-0f2a688c7969,0fcf4084-ea31-49f8-99f9-9bf8c8b0c16b,2024-04-26T10:16,7,181.93,Online,Pending
5d0de212-e726-48d9-83ab-fccfdf83e96b,ada8704c-2784-4d70-84da-10078407d2c8,2025-04-26T10:16,5,126.75,Card,Pending
9d3842a6-20de-4406-9cf2-095963893dd8,46032f36-69bc-465a-9b33-a5d560bfd77a,2025-10-30T10:16,4,80.32,Online,Completed
ab9fa8bb-6c7f-440c-b1ae-25dd16eadd60,824998a2-7592-4051-ab0b-d5e12743c93b,2025-06-05T10:16,7,54.25,Online,Pending
67587374-cb54-4fc5-a453-4fa4b8021e76,5d6f84a5-a4de-442e-99b9-b8ef714b4436,2024-11-08T10:16,2,55.18,Online,Completed
00626ba9-727e-4045-995d-d6d7ce5e4d13,0fcf4084-ea31-49f8-99f9-9bf8c8b0c16b,2024-05-25T10:16,7,174.79,Online,Cancelled
478c8b6d-4066-4ad2-8a56-8dc4e604f86f,103fcba5-5588-45a5-9fe0-6ac948d3860e,2025-01-28T10:16,6,72.84,Online,Completed
75a220cf-995c-4a18-8542-20313bc87e1c,f0a6a958-e434-41bf-a830-dffa55a34db5,2025-08-12T10:16,7,95.83,Card,Completed
ff74c2eb-85a8-483d-ae0e-c26ee2fd91b3,9305d562-2505-493d-8ed8-3fb721c8f491,2024-05-25T10:16,8,170.08,Online,Completed
d9a91c4f-546a-4cfa-8e0f-146834817f00,b6c26110-1b77-4777-8c79-c69ec19b66df,2023-11-21T10:16,4,75.60,Online,Cancelled
642639cf-2c7c-454f-8cf2-8ced97677bb0,36b880b0-e9bd-4c0b-8f1c-32018f6c758a,2024-03-12T10:16,8,163.28,Cash,Pending
bdec174b-a727-47e6-8b4b-210b7e081234,e7991221-0de0-4ef8-aa9c-ca3b59197059,2025-06-06T10:16,1,28.70,Cash,Pending
757b254e-8c8f-4de9-a150-1628a2566b22,7509850a-5062-4da9-aad6-bc5b9e363ef1,2024-10-26T10:16,5,52.70,Online,Completed
3eea918a-929e-4688-bbef-9cf6414c1312,8f7f530b-bb30-4a05-b437-744ed30af54f,2024-07-21T10:16,5,147.55,Cash,Completed
30da7877-a769-4e35-a032-85e1fbb0f12a,fdb5454e-2230-489e-ade4-9218ff28cbd8,2024-03-07T10:16,4,39.28,Card,Pending
ab6e3a51-c63a-4ee6-bb7b-1cfe586316c5,e85d0261-2d97-4475-a749-363ec9040a74,2024-11-26T10:16,2,53.58,Online,Cancelled
0c4bda8e-2506-4ee3-94cc-b49817f76546,d87f31d7-79ef-4c17-856e-142e791b04da,2025-06-17T10:16,6,177.90,Card,Pending
9c8730c6-6083-441f-be11-57e425683780,0a5bd884-b432-4ce5-b14e-44b4aedd4c0f,2025-04-10T10:16,3,52.05,Cash,Cancelled
57c2324b-ceca-463e-ad0c-a2a45b9e830e,73a2b03c-2dca-486e-8ebc-c4d6bb68a8c6,2025-03-12T10:16,7,187.88,Online,Cancelled
24b49e31-f878-4d68-bd25-342f053a1338,485b65e7-fdf4-474d-afba-37986d8d3cd8,2025-11-06T10:16,9,127.08,Card,Completed
a9d2d48a-c1cf-4a43-914c-d27190d83243,0dd437d0-74fa-43c3-8909-5c955e4d47dd,2024-11-03T10:16,2,33.74,Cash,Pending
3b0053ea-2db2-41a2-ae3a-8de0c30dc27c,3befa4dc-d961-4a3a-9410-d43d1bdaa335,2024-03-18T10:16,4,26.44,Cash,Completed
fc352e0f-3463-42a3-a3bf-a7108e80c749,bf0de251-90d7-423c-8b31-48df1a89964f,2025-01-10T10:16,3,70.68,Online,Cancelled
f4dacbab-b242-4bc3-9290-3d5c0ddf847f,4bb2d776-14c0-4ef6-b8ba-c580cbed72b8,2025-06-29T10:16,5,75.85,Online,Completed
ffe5bcbb-7dc9-47f3-a76a-115b4886e9f5,fe624323-ba72-456d-9842-ed9e0edc75df,2025-10-20T10:16,7,165.13,Online,Completed
3767e4b4-a5a0-4a25-9c48-12af6f84df8e,8887df7e-682b-4d48-b18c-c1ddfa0aaa26,2023-12-25T10:16,4,42.60,Online,Cancelled
cbf32705-05af-4fdd-8493-4b89c9278a68,bb6ceda0-3f7a-4dfa-9862-41a88dd468b2,2024-01-20T10:16,3,33.12,Card,Completed
ff99b7a5-7890-4aa1-a292-c9741977bd88,d5cfb1a3-ce2f-4aff-ab4c-50e0c5426af1,2025-04-26T10:16,1,17.78,Cash,Completed
6cd9e925-1899-4485-979e-1411be49cd82,7169ef0c-f2c8-4ae3-83f6-87691664d2d2,2025-05-25T10:16,6,147.30,Card,Completed
85ff7c2c-644e-4420-9fbd-c8b68ffcbc4c,2a109685-1399-4149-8951-fba29bb0360d,2025-09-05T10:16,4,39.12,Cash,Completed
1e7b004b-14a1-4b42-9761-5d30d73e059e,8b546c63-5406-493d-bc69-cfb594b38267,2025-06-23T10:16,5,105.60,Cash,Cancelled
f843e2d5-3125-4911-bd87-a4001e7cbced,910b1d47-5c37-48b1-8bde-96c60660f1d7,2024-01-03T10:16,5,44.35,Card,Completed
a9638d1b-de49-4366-b496-b6e244d0e103,39cb44e2-a541-4b98-bc0b-db5f31cf8710,2025-04-23T10:16,1,16.25,Cash,Pending
3cd527fb-1cf6-42ef-a250-3bdcd306583f,205ea7f7-e714-45b8-a083-11247ff702a1,2025-10-12T10:16,8,205.52,Card,Cancelled
2bde99d1-2f1c-4c45-b1c0-d3747a094846,ef7fad1f-a86f-4ee1-95b4-ce1f339f0fa5,2025-10-31T10:16,2,37.00,Online,Pending
5f082ed4-323d-4d8a-a342-72cecce05787,bfa3444b-2be9-46be-b944-720d86a59770,2025-01-29T10:16,9,160.02,Card,Pending
c215d207-64b0-4944-ae24-75f52e1258f3,05ccd8a5-ea5f-4353-bd1e-3022152b0685,2024-12-03T10:16,7,210.00,Card,Pending
d1e5d0d7-2a4e-4e49-91f4-a92e56f4db89,b0d737cd-ec4b-4a88-aa81-d012ef3fb719,2025-04-01T10:16,1,26.95,Cash,Cancelled
e3d53be9-861b-4b9a-9e41-95451a9eece3,02c65c06-56ad-4670-b8e2-10ab417c7154,2025-01-04T10:16,5,36.05,Online,Pending
de861ac4-c84a-4d23-ad81-ae72ac6e0809,6117b6f0-c4f4-4bf1-9eeb-f33950decba8,2025-07-13T10:16,4,41.60,Card,Completed
9f595df2-8195-462c-8c5b-2d2716967b92,aac35608-9499-49c5-811a-a059e773c968,2024-04-01T10:16,5,126.60,Online,Completed
0cbfa1ec-57fa-4312-875c-da464a7e3416,c83bba2f-5229-4998-9566-1f3179b13e8a,2024-02-13T10:16,5,102.75,Cash,Pending
cbb45c95-c6fa-48c4-bd07-d88056a31216,b0d737cd-ec4b-4a88-aa81-d012ef3fb719,2025-10-12T10:16,4,92.60,Cash,Cancelled
d38ec187-df94-496d-8564-bd91487c8500,49af098b-bf79-4643-8e49-739ea932d38b,2025-01-28T10:16,1,18.40,Cash,Cancelled
e29f8ba2-7bf3-41dd-bae2-98e48b1d30a9,73a2b03c-2dca-486e-8ebc-c4d6bb68a8c6,2025-04-13T10:16,8,54.40,Online,Pending
ad63720b-24b0-4b9a-ac69-79b055352a94,0df3bae1-6384-4856-aa27-aef9f6c48b75,2024-01-16T10:16,1,14.54,Card,Cancelled
2261f1a4-15ff-4ae5-8de9-4206dc189428,6c6a3b10-9747-4dca-a041-4edc22d147b0,2024-09-18T10:16,2,21.04,Card,Cancelled
faa758ef-32c0-4ce7-96e7-12fb9c0f9b4c,9fa382f0-8393-48db-ad30-43c953282401,2024-02-24T10:16,6,172.38,Card,Completed
5cc5f28f-bc22-4a41-9396-b8eeb4aab19c,b014b56e-3263-4b63-8430-46e00bc5ea77,2024-02-08T10:16,2,38.48,Card,Pending
c5b0d1f9-6a29-41c7-a144-9b5131c585d1,6e551d53-4f6d-4b84-a9de-3d7c79694805,2025-07-11T10:16,9,74.88,Online,Pending
4921b499-84f6-43b5-b67d-465312e4e8d5,c0d74d86-5c5b-481d-b8e3-61eeb9c77255,2024-08-23T10:16,5,109.75,Card,Pending
2187367f-d1e9-4156-8568-39701d35d532,bc58b12c-65c4-4f21-89ef-3e492a22ef7c,2025-01-31T10:16,5,148.10,Cash,Pending
5979adf5-b235-4680-ba71-913f1002bffa,c63bd277-c81c-40c5-8720-6ce916d653c4,2025-09-03T10:16,7,88.48,Online,Pending
b3fe90e1-7e6e-4e7c-9f3a-5ad93a21aeba,8b546c63-5406-493d-bc69-cfb594b38267,2023-12-02T10:16,4,78.88,Online,Completed
f45da826-de2e-4e7e-9aeb-7b7553e92afc,f90cf3ca-e2d0-4129-bc7a-e8a2b80880da,2024-09-15T10:16,3,22.38,Cash,Pending
12365ad3-8c48-43dc-82b9-8b1420d7bba0,3ab3404a-ee80-4ed2-8d90-a6f0dad14e48,2025-02-01T10:16,1,12.94,Online,Pending
ef5c8ad4-0d84-4056-9411-ae11f2172ad1,a938df5f-7764-459c-8bfd-90409d16b3c6,2023-12-21T10:16,7,117.95,Online,Cancelled
1bbc95e6-b6e6-470c-80e9-83bc253c439e,cf65c4b6-4c1c-420b-95de-23e5b56ffad5,2025-07-19T10:16,8,194.80,Online,Pending
f3354fbe-3b5d-412a-99ee-ddf5451767e6,6bd388d4-5636-450b-bacd-55bdcb769bab,2025-03-06T10:16,7,88.55,Online,Completed
b92781d5-0c7d-4f1c-a87f-c7b03699823d,c46351bf-193f-49af-a5d6-456188837c3d,2024-06-10T10:16,2,59.66,Card,Cancelled
7ea0abc2-8f17-4fb2-98ba-ec19d7ac9fb2,795088d7-d227-422e-ad8c-f048bde0675e,2025-10-18T10:16,4,69.52,Card,Pending
892ca06c-ddcc-4964-9ae4-75e216f12edb,885715b6-b1eb-44ca-8460-28c0343e56f3,2025-05-07T10:16,7,89.88,Cash,Completed
af3d7497-fba2-473d-a308-3db5bb841a54,050d9901-1cb5-413a-9c31-282028f863c1,2024-08-17T10:16,9,220.68,Online,Completed
d02a5fc6-69dd-4b24-88a4-f6239beba79b,5eb75bc0-d5fa-4209-9d42-7767f3f0585b,2025-04-15T10:16,5,38.15,Card,Pending
0c7237fb-6e6a-4d91-99f9-9541ec1ecdeb,cf65c4b6-4c1c-420b-95de-23e5b56ffad5,2025-06-03T10:16,7,48.44,Cash,Completed
347ec96e-65ca-461f-a26b-44dab13a4bc0,65b2c0ea-6192-47fc-9286-2c1dd3ecefb1,2024-11-04T10:16,3,69.18,Online,Completed
8b904c6f-1e74-41b0-9db9-e9077b86699b,89d26a00-0fde-4c03-8430-b06f6bc3f33a,2025-09-06T10:16,3,78.96,Cash,Completed
f0f99d18-f989-4c4d-b75f-a3a2ccd85410,8250871a-2b35-424e-a1a1-4eb4faffabfb,2024-07-20T10:16,9,243.00,Online,Cancelled
6235b3ea-8750-4757-821a-3606fb7b9b13,f90cf3ca-e2d0-4129-bc7a-e8a2b80880da,2024-06-12T10:16,5,96.15,Cash,Cancelled
a18cf8bb-18bb-4933-bb4f-732603c225bb,ba5d9947-b043-4aca-8ee0-6b77895cf8e8,2024-02-03T10:16,7,99.61,Online,Pending
b3934ff7-3836-4d30-a0ca-11788d331182,824998a2-7592-4051-ab0b-d5e12743c93b,2025-06-03T10:16,8,128.88,Cash,Completed
42d14315-3aff-41d6-9c94-1e02a49f627f,0a570207-0f70-467f-bbeb-44a0a60a9a25,2024-12-20T10:16,4,73.44,Cash,Completed
510411a8-39ac-4a8f-9523-fd2cc86d8945,27e45431-1333-4ffd-a0c8-be56ffdc5d4e,2023-12-10T10:16,8,217.44,Online,Completed
76df0070-e056-4693-91e6-a4202eed715e,fe624323-ba72-456d-9842-ed9e0edc75df,2025-06-02T10:16,5,118.90,Card,Pending
e6b36042-a6db-4d80-ae31-7f38bb8447e3,1233cc27-7567-48e0-8dd2-6b0019506c2f,2024-02-21T10:16,8,182.64,Online,Completed
65cf0158-4d40-4303-9ff1-74f968b43589,e12c3d24-86c8-474f-b86b-370df36adbfe,2025-04-28T10:16,2,23.42,Card,Pending
fff4c143-d760-47c0-af16-7c141d29980e,fdb5454e-2230-489e-ade4-9218ff28cbd8,2024-06-23T10:16,7,169.61,Online,Completed
d2cc0a48-e0a9-43fe-930b-36b713117187,5400d214-6176-40bf-88d2-3f53ed38bf69,2024-02-10T10:16,2,21.48,Online,Pending
7bc40391-08ce-4f9c-8d4d-095911c36170,3910ab11-8758-4a4f-8a9b-c4f5df7413c4,2024-07-15T10:16,3,44.55,Card,Cancelled
a999a9dd-5023-4775-93ff-26173e43e1d1,6e551d53-4f6d-4b84-a9de-3d7c79694805,2024-07-08T10:16,4,84.52,Online,Pending
fb3a5375-20e3-48f5-932d-b157703f31df,103fcba5-5588-45a5-9fe0-6ac948d3860e,2025-04-14T10:16,8,140.16,Online,Completed
6032ff05-0b4c-425a-be7a-4083256b59db,ecf1ffb0-ac00-4968-87ea-8beef4ace55a,2024-03-30T10:16,6,123.90,Cash,Cancelled
7af2ceaf-750c-4f7d-aa16-a4be243b53c1,885715b6-b1eb-44ca-8460-28c0343e56f3,2024-11-05T10:16,3,84.39,Card,Pending
39c3d2ce-0892-48f2-934a-cfad30ff5b17,205ea7f7-e714-45b8-a083-11247ff702a1,2023-12-17T10:16,9,145.71,Online,Completed
c9f54ec1-3ba0-42df-a9d3-d28926246f31,000f9c8f-2fc7-4346-844d-c04f10751265,2025-11-07T10:16,3,38.22,Cash,Cancelled
665c617b-286f-471c-9dda-21e662ac5a21,d6d4ef4b-0870-48aa-b884-013237f255f4,2024-11-26T10:16,4,72.76,Online,Completed
a9a12270-b569-4ff7-ae12-37be20d5be10,6c6a3b10-9747-4dca-a041-4edc22d147b0,2025-07-04T10:16,1,23.17,Cash,Completed
9ece7512-4ce8-4343-827b-65dfac884294,515fe1d2-d33a-4b9d-8c19-07e0cbe81a9a,2024-04-23T10:16,9,245.79,Cash,Completed
49aaf942-06ea-4722-84f6-04664391f604,65b2c0ea-6192-47fc-9286-2c1dd3ecefb1,2025-05-14T10:16,2,29.98,Card,Pending
9a3d5967-8140-4f52-aeea-52fa0b5085e5,e6cb1215-5314-4d05-bfd1-f6e5d36e89f7,2025-09-23T10:16,7,199.78,Online,Completed
463b99e7-9b55-479b-9066-9108888d4a36,ada8704c-2784-4d70-84da-10078407d2c8,2024-11-10T10:16,8,167.52,Cash,Cancelled
7e70a78d-94f2-49fc-984c-8c3e4b2fcaf6,0a5bd884-b432-4ce5-b14e-44b4aedd4c0f,2025-06-16T10:16,3,22.41,Cash,Completed
e0fa8391-3d2a-43d1-b5b2-d0932edc2b6e,25659c0e-6eb5-4c57-add8-fb6ac5f42699,2024-06-09T10:16,3,89.34,Cash,Cancelled
f4d131a7-e679-4b99-a127-8e7344d72751,fdb5454e-2230-489e-ade4-9218ff28cbd8,2025-10-17T10:16,4,22.00,Card,Pending
5736b969-efee-4609-a653-22b6b9a62889,b014b56e-3263-4b63-8430-46e00bc5ea77,2025-09-01T10:16,8,61.12,Card,Completed
d600b4ea-3f5d-4bed-8d0e-a8f672f8dd02,4e44f26d-5455-405b-8fdb-63ab8b739ecf,2024-07-15T10:16,1,22.13,Cash,Pending
3ce7542a-163d-4172-9ff4-357717982051,d5cfb1a3-ce2f-4aff-ab4c-50e0c5426af1,2025-10-16T10:16,4,51.84,Card,Pending
e07ca0e9-960d-41e5-8647-2ba70aeab8f9,bc58b12c-65c4-4f21-89ef-3e492a22ef7c,2024-02-20T10:16,8,45.52,Card,Pending
4d31c89b-5023-4f87-8fcb-88f52935a646,515fe1d2-d33a-4b9d-8c19-07e0cbe81a9a,2024-08-04T10:16,1,14.47,Online,Completed
4d8d0329-f703-4bfb-b5e2-53a08a38bd12,e886c155-0dae-4b36-88f5-a86fa474d1f6,2024-07-27T10:16,7,172.97,Cash,Pending
f96e447d-d20d-4354-8bae-59ec18aa40c8,caca465c-e9f2-4add-91b5-24c70595e321,2024-06-09T10:16,4,57.08,Card,Completed
9d314323-2a82-43f3-a4ff-555920b701ba,4f6ae324-5b6d-47d6-a86d-26ec6fbe1e0e,2024-06-22T10:16,9,48.42,Card,Cancelled
150c1417-d885-49fc-a68a-024bc9b4468c,6e551d53-4f6d-4b84-a9de-3d7c79694805,2024-12-09T10:16,1,21.20,Cash,Cancelled
c4043e90-6771-4766-b5c8-7c6e877d1240,2ca088cd-c6c6-4e60-a1a4-d2990ee21b12,2024-10-07T10:16,2,16.10,Online,Cancelled
c948ec84-7cbb-4d71-af70-b4126199760b,bb9edfa8-17f7-4f6f-8e3b-616693a298b1,2025-07-24T10:16,2,28.84,Online,Completed
adb941ef-a770-433c-95d7-7b33bf0385eb,7c991f43-c18b-4404-8826-97691b0dc00c,2023-12-08T10:16,7,170.66,Card,Pending
e927fe7d-4495-4963-8f7b-20af44d9405a,71f17b36-2c37-4cfa-bf8a-894fa94c0e9b,2024-05-25T10:16,9,221.31,Card,Completed
47837b1e-de2c-4a49-a0e2-de1c2187c6ac,e6e1db85-f8ba-4264-9c9a-520ecda4bc4c,2024-06-01T10:16,1,20.43,Cash,Cancelled
45e646b8-aba2-4184-bb5d-9703c1c759db,e7991221-0de0-4ef8-aa9c-ca3b59197059,2024-02-12T10:16,8,198.40,Cash,Completed
8c6fae5f-be49-4ab1-81d1-78c36414ca50,6b1178fc-1745-401d-88da-3903c243ebe9,2024-07-25T10:16,4,78.56,Online,Pending
5fceae3f-0c68-4bf4-96ac-6be1fad026b3,cd50913f-8c99-4253-9134-0cf5fe5f300f,2024-03-05T10:16,3,40.62,Cash,Completed
200ccc70-c488-4837-aeba-f2a99b2ca885,9fa382f0-8393-48db-ad30-43c953282401,2025-02-21T10:16,8,216.64,Online,Completed
1aa0ff83-173f-42ba-8233-d56143d41c89,7c991f43-c18b-4404-8826-97691b0dc00c,2025-02-15T10:16,5,93.85,Card,Cancelled
da49830b-e37e-4b73-82bf-5f4de64e6fe4,b03f75c1-655f-4480-a2bf-1a0af806e96e,2023-12-11T10:16,6,168.36,Online,Cancelled
75500166-f24a-43ed-b606-1bb0cb3b0c75,b047b369-02d0-4f25-9af0-f1e883228863,2024-09-29T10:16,2,41.92,Online,Cancelled
eef3dfc9-827a-4785-b327-34bdba33fc38,fe624323-ba72-456d-9842-ed9e0edc75df,2025-07-13T10:16,4,33.28,Card,Cancelled
17d0e313-64dc-478d-9ecb-dc7637275208,365c90d0-a590-4209-9401-2ce55af5ed98,2024-02-11T10:16,3,83.19,Card,Pending
0d348206-522f-4e72-9ec1-01a44edc0841,36b880b0-e9bd-4c0b-8f1c-32018f6c758a,2025-06-15T10:16,8,77.44,Cash,Cancelled
11abb390-5a37-4944-8464-46cdfb417d24,92da274a-bea2-490a-bb52-196c46fa8487,2024-04-06T10:16,2,41.26,Card,Cancelled
ddc429ba-5d04-45e4-9f5d-d65cf1332a2c,0b2a0e9a-e050-4380-b607-57adcbbf59d4,2025-09-25T10:16,3,30.33,Cash,Pending
e464439c-9182-4550-ba0d-3c3ff8990eb2,c1a09d60-c9e8-4489-a68e-e01b51541d33,2024-01-14T10:16,7,131.74,Online,Completed
3d1b9315-765f-4911-8fb0-006b2184bc4c,ada8704c-2784-4d70-84da-10078407d2c8,2024-05-10T10:16,9,156.69,Card,Cancelled
ebfc1879-c8b5-47be-9dd6-0a7a785fd3de,0472ca7f-b133-4710-8f43-24a3c6c1afd1,2024-11-03T10:16,7,146.51,Cash,Completed
1f8b7320-6a2d-4f42-8b99-8c22bcc2b68d,4f6ae324-5b6d-47d6-a86d-26ec6fbe1e0e,2024-04-24T10:16,8,47.12,Online,Pending
66ff435d-9c64-42ed-ad76-c07e2e1d2fb5,941529ef-2114-4bff-907a-4596ff4593a1,2024-08-08T10:16,6,63.24,Online,Cancelled
a277c582-3fe4-4b97-aabd-43fa79e0bd52,7169ef0c-f2c8-4ae3-83f6-87691664d2d2,2025-03-22T10:16,8,154.72,Online,Completed
df89cf67-f405-429a-9519-d31b72a23dd1,515fe1d2-d33a-4b9d-8c19-07e0cbe81a9a,2025-10-07T10:16,5,133.20,Card,Completed
fbb1601d-11f3-4603-939a-462837e9afee,103fcba5-5588-45a5-9fe0-6ac948d3860e,2025-10-31T10:16,6,31.50,Online,Completed
de96fbe0-545d-481a-8519-25bf0778c008,52f5634d-de98-4543-8a1e-cbf1e2d0242f,2024-01-01T10:16,9,214.74,Cash,Cancelled
ffbda041-a638-48d0-882f-75a6b48bd99b,3dcaabe3-78c9-4d88-bed5-56ca7ceea07c,2025-06-13T10:16,9,209.34,Online,Pending
c7a91de4-c839-4aa8-85ec-d1d11a0dc460,910b1d47-5c37-48b1-8bde-96c60660f1d7,2025-05-23T10:16,1,7.98,Card,Pending
011193e2-0d3f-4479-9f04-637aab9b8e64,6945f6f4-b8f9-4d04-90ff-e59ed705578e,2025-09-30T10:16,2,28.44,Card,Completed
79e89d64-11ff-418f-98fc-7b95e079727f,485b65e7-fdf4-474d-afba-37986d8d3cd8,2024-02-15T10:16,8,169.44,Card,Cancelled
67951340-652e-405c-ba04-b3df5164bcff,14eace30-1ac2-411e-8eef-98e8f32a87fb,2024-07-24T10:16,4,32.52,Online,Cancelled
e7efd6a6-c690-4c79-8bea-dae75f9b8096,050d9901-1cb5-413a-9c31-282028f863c1,2024-05-25T10:16,5,72.90,Online,Pending
83d2ba4a-7996-4d37-871d-1fe800f1374c,49af098b-bf79-4643-8e49-739ea932d38b,2025-06-09T10:16,5,109.35,Card,Pending
ad325848-199a-4378-acf9-2b5298a13620,bf0de251-90d7-423c-8b31-48df1a89964f,2025-05-08T10:16,9,148.95,Cash,Pending
a2f3aeef-ec0f-41d9-a0db-32a64a66e1af,10b26c2d-7d56-4175-84a8-a2775e128a9d,2025-04-05T10:16,9,241.20,Cash,Cancelled
4264d3d0-20e8-407f-8ebf-3fe92d6e96d0,6f61ca8e-51a1-48e0-abfa-88326e713e34,2025-02-07T10:16,8,98.00,Cash,Cancelled
6cbacae1-1c09-44c5-ab4a-53840f5578a0,1233cc27-7567-48e0-8dd2-6b0019506c2f,2025-01-16T10:16,2,46.94,Card,Pending
371d2cad-f009-4c85-96fb-657c7a03263f,ebbc7df0-770d-44f8-b0ff-c62f9006e40e,2025-04-07T10:16,3,33.54,Card,Completed
63a127cd-4b01-4853-935c-4ac0ac4447b3,b047b369-02d0-4f25-9af0-f1e883228863,2023-11-23T10:16,7,196.91,Online,Completed
b8acbe36-fcf3-47d0-bc57-3c80d2262345,f067e21d-d1d4-4e87-9cae-9753f5f9ccb6,2025-07-31T10:16,1,16.32,Online,Cancelled
74e991a3-5130-4685-a011-8957c0bb790b,c5817fdc-a4dc-4879-b957-30cfda62016b,2025-07-14T10:16,8,135.68,Cash,Pending
1f9a9923-b004-46ff-88b4-70f6cc5476e9,428424b7-1f94-496a-8b7a-497ce177d32c,2025-05-22T10:16,1,20.21,Cash,Pending
8662f6d4-8b4e-455e-9c89-54f410176eeb,b03f75c1-655f-4480-a2bf-1a0af806e96e,2023-12-28T10:16,3,80.28,Card,Completed
fd9d7427-4def-437b-89cf-47a99ceac8f8,941529ef-2114-4bff-907a-4596ff4593a1,2024-02-18T10:16,4,118.08,Card,Completed
fc2f12af-0bd9-4ded-aba6-7001b3effefe,6c3bf618-a715-40f9-9faa-cfc5f5beef2f,2025-07-06T10:16,5,113.95,Card,Pending
d88e84a3-56f5-477c-9aa3-05e14e2a10a5,25659c0e-6eb5-4c57-add8-fb6ac5f42699,2024-04-16T10:16,1,27.52,Card,Completed
1262df5e-3284-4296-a314-7c6a7182fd08,c63bd277-c81c-40c5-8720-6ce916d653c4,2024-05-29T10:16,4,27.76,Card,Cancelled
a270735a-60a0-4198-89aa-5628c56fcb20,0a5bd884-b432-4ce5-b14e-44b4aedd4c0f,2025-01-02T10:16,6,77.40,Cash,Cancelled
96681177-db59-4db2-b218-b5b2c68a1824,5d6f84a5-a4de-442e-99b9-b8ef714b4436,2024-09-27T10:16,8,169.76,Cash,Pending
2bf132af-938b-4625-970a-0e3e4e83bc90,515fe1d2-d33a-4b9d-8c19-07e0cbe81a9a,2024-12-06T10:16,2,49.66,Cash,Completed
89e1e591-842d-4aee-8dd0-5d22031b67b6,b0d737cd-ec4b-4a88-aa81-d012ef3fb719,2025-04-05T10:16,8,228.16,Cash,Cancelled
468d0a99-fa61-4773-b032-69e7ed343fc6,27e45431-1333-4ffd-a0c8-be56ffdc5d4e,2025-10-05T10:16,8,226.48,Online,Cancelled
57d67582-bbf2-43a5-bf6e-2232ec017109,6c3bf618-a715-40f9-9faa-cfc5f5beef2f,2024-08-05T10:16,3,76.65,Cash,Cancelled
b65d3b6e-48c9-43a1-aa39-b11864111a46,f543de06-e341-4de2-95ab-ca0fd3ee51fe,2024-09-19T10:16,6,30.72,Cash,Pending
7cb0d4e8-8e33-435f-a550-605f197f30d0,10b26c2d-7d56-4175-84a8-a2775e128a9d,2024-06-21T10:16,4,111.36,Card,Pending
229bfe94-fd0f-4a65-80f4-ff2a92e7df35,e119f98a-df63-41dc-8e01-bb49ca2dc724,2024-03-25T10:16,3,67.80,Online,Cancelled
bff9fbb1-9a6c-48f9-b5ec-334e27fb087c,e85d0261-2d97-4475-a749-363ec9040a74,2024-04-12T10:16,4,111.96,Online,Pending
1300cd06-2c42-4b80-b217-f6d2d1430e51,d5eaf6a7-76cc-48ec-98d9-ba713e2df70f,2025-02-16T10:16,2,37.20,Cash,Cancelled
2ec262fd-0880-435b-8158-8184e7143b23,500fde18-ea61-4380-9ea4-f06d09985870,2025-03-30T10:16,3,55.11,Online,Completed
a23d98a7-168b-4ab3-a7b6-d073ea2ef784,36b880b0-e9bd-4c0b-8f1c-32018f6c758a,2024-10-04T10:16,9,229.68,Online,Pending
6893ed41-9041-46d3-a3f5-6aadbe4ceacd,e85d0261-2d97-4475-a749-363ec9040a74,2025-01-12T10:16,9,196.92,Online,Pending
111caf2a-c040-43c0-9a2d-129711969170,a302a1a8-c429-406f-abff-9f273aa0a4b5,2025-08-31T10:16,1,8.76,Cash,Completed
3a5c30d5-a309-4612-b30f-58eeb99d5dae,b047b369-02d0-4f25-9af0-f1e883228863,2025-10-21T10:16,2,51.60,Card,Pending
e3af03f1-afbb-4b81-ab0e-0bfeeeaf2e97,e886c155-0dae-4b36-88f5-a86fa474d1f6,2024-06-23T10:16,7,152.04,Card,Pending
bc6dfced-3941-48c7-baea-14112c45794d,4739f27f-7a96-4d52-83ae-0c6fd4c8c606,2024-05-29T10:16,9,222.66,Cash,Completed
bd9ae200-5dca-48ec-8e86-968d883dc3aa,02c65c06-56ad-4670-b8e2-10ab417c7154,2025-10-01T10:16,8,184.16,Card,Pending
4d988832-5b9e-453f-bc99-614cc9cafac5,a190f67b-21df-46bc-8164-46bdfa00af85,2025-07-05T10:16,6,58.08,Cash,Pending
654c13fd-ef35-4219-8bf1-9e4b43c9044c,90f0db1e-2b19-43f7-ba17-233c7c214eca,2024-04-15T10:16,4,106.64,Cash,Cancelled
2488ded2-44d1-44a1-9704-ababbaa8b852,67c276b0-7be6-4f3c-bf86-c342095c8112,2024-11-16T10:16,1,13.61,Online,Cancelled
5f3f0085-a450-4eee-8925-11ba8d1735c6,a302a1a8-c429-406f-abff-9f273aa0a4b5,2025-06-13T10:16,4,38.84,Online,Cancelled
20038de7-503f-41d1-9b67-1389bc3bef8d,92da274a-bea2-490a-bb52-196c46fa8487,2025-02-22T10:16,9,182.88,Cash,Completed
9ae9bfab-99fd-4f4f-a888-ebe63848022f,25659c0e-6eb5-4c57-add8-fb6ac5f42699,2024-05-03T10:16,5,108.25,Online,Completed
cf0b36a7-f120-4ba3-b440-6064f33a95ac,1233cc27-7567-48e0-8dd2-6b0019506c2f,2025-09-10T10:16,2,17.74,Cash,Pending
bd58eca0-8cd5-4710-abff-d0be0bec4ed4,935ebde1-5945-4673-886e-1a7a12cc2d4e,2025-07-20T10:16,3,23.82,Cash,Cancelled
b19c88dd-424c-4b93-b409-9246901341f1,c5817fdc-a4dc-4879-b957-30cfda62016b,2024-04-12T10:16,2,18.30,Online,Pending
fbd75d11-b2b3-4533-b9a5-e005b4044f11,d7af10ce-45c9-4fc8-8dd8-b1c5491aad5f,2025-07-08T10:16,4,98.56,Card,Pending
240ecedd-6b48-4ad5-9669-91d2dd0365f9,a190f67b-21df-46bc-8164-46bdfa00af85,2025-04-26T10:16,4,94.28,Cash,Completed
8e5f53d6-b65c-4b36-bfe3-08d2cc52838c,1233cc27-7567-48e0-8dd2-6b0019506c2f,2025-07-17T10:16,6,53.88,Card,Completed
a346f882-46fa-499a-9002-861ee94da4c6,52c87fd9-fdf0-4256-b929-6153ad24a0ac,2025-05-12T10:16,9,61.56,Online,Completed
190147e0-2150-4f29-83c5-6516cbaed00b,7d2df59f-386d-4aec-85a8-2443262a0cb4,2024-09-17T10:16,4,102.60,Card,Pending
479d9808-0944-4b9b-89b0-f396decf5f8e,e7991221-0de0-4ef8-aa9c-ca3b59197059,2025-05-31T10:16,7,152.81,Cash,Completed
9e8bc288-41fa-4627-9966-a87d3b4ba618,ada8704c-2784-4d70-84da-10078407d2c8,2024-12-29T10:16,9,170.01,Cash,Completed
3e5a4c81-0e53-40dd-8f78-aa329e5f57b8,0a5bd884-b432-4ce5-b14e-44b4aedd4c0f,2024-10-01T10:16,4,95.64,Card,Completed
8b1a7579-0aa7-478e-9d8c-4fac1abcc7a7,5f0f3def-9ff6-4282-ad04-001c4a769966,2024-12-15T10:16,7,60.97,Card,Pending
cd18bc71-e674-4f5b-8cf5-6aef13e1bb3c,ec3490d2-e8da-47ee-ae12-0ca0b1d7a2bb,2024-02-01T10:16,1,25.73,Cash,Completed
0859dbc7-e4b4-4b91-98b3-bc5ab87beee0,bf0de251-90d7-423c-8b31-48df1a89964f,2025-08-02T10:16,8,82.80,Online,Completed
271712f0-f2da-49f6-9406-920ed006679e,1a48aa9a-def3-481d-922a-94300aa97309,2024-06-11T10:16,8,234.64,Card,Completed
2e92ec2e-62ef-49b7-8094-7ca5c4e145e4,e119f98a-df63-41dc-8e01-bb49ca2dc724,2024-02-14T10:16,2,18.74,Card,Cancelled
7bca027d-1268-4b02-b304-99dbd4c943f9,885715b6-b1eb-44ca-8460-28c0343e56f3,2025-06-09T10:16,9,76.05,Card,Cancelled
ded814ee-d7ef-4ca6-9142-9d3737c60cf8,dcfb3d05-846d-4915-99f3-ebbc7559d972,2025-06-23T10:16,4,27.72,Cash,Completed
a5cdfee5-471d-48df-8fc7-0f3dd48ed478,9305d562-2505-493d-8ed8-3fb721c8f491,2024-04-21T10:16,4,57.56,Card,Pending
ee74f434-2dd2-41d2-bb66-e1ddbe6adc8a,e119f98a-df63-41dc-8e01-bb49ca2dc724,2024-06-18T10:16,8,205.92,Online,Cancelled
90112824-36ed-474c-8fee-9ae7e7664adf,515fe1d2-d33a-4b9d-8c19-07e0cbe81a9a,2024-06-18T10:16,6,88.62,Online,Pending
8658ed83-1c3e-49c7-8015-fec581ebf559,62a2bfef-ca4a-4dec-90ea-bf15ea1880d2,2024-08-23T10:16,8,220.80,Card,Pending
ee6eb22c-88ae-49b1-87d9-6fff29a6cb97,5d6f84a5-a4de-442e-99b9-b8ef714b4436,2024-01-22T10:16,5,29.70,Cash,Pending
22977225-bde9-45de-abfa-704afb6b9394,365c90d0-a590-4209-9401-2ce55af5ed98,2025-09-03T10:16,7,79.24,Card,Pending
aac41bba-7d93-40d4-a0b1-afc85a66b27e,71f17b36-2c37-4cfa-bf8a-894fa94c0e9b,2025-08-16T10:16,8,94.96,Card,Pending
a24e5f5c-2888-4ab1-82f1-45258077f051,e85d0261-2d97-4475-a749-363ec9040a74,2024-08-10T10:16,5,59.60,Online,Pending
8184417f-e174-44cb-bc8e-f7e3c4021ad1,c5817fdc-a4dc-4879-b957-30cfda62016b,2025-04-18T10:16,6,116.82,Cash,Completed
eb0fb487-790a-4847-9778-1fa6e204369f,bfa3444b-2be9-46be-b944-720d86a59770,2025-03-06T10:16,8,81.92,Card,Cancelled
42e3287e-262e-48b2-8b90-4d2023a59a8f,8b115a34-224b-453c-be69-b53a7445b466,2024-07-14T10:16,4,98.88,Online,Completed
4ddbf479-08d8-465e-a006-d09c3b80408e,3befa4dc-d961-4a3a-9410-d43d1bdaa335,2024-03-16T10:16,1,6.19,Online,Pending
3e8f9192-98bf-458f-b2d1-5e77702f1ac1,4739f27f-7a96-4d52-83ae-0c6fd4c8c606,2024-10-15T10:16,3,85.77,Online,Cancelled
0c4e6e0d-fb32-48de-82c6-46b1b6d331bb,59827b2a-ae17-44b1-bd6f-6f08718559cb,2025-05-18T10:16,5,36.40,Online,Cancelled
e34b2926-3c59-44eb-a385-71437d3f96c9,4e44f26d-5455-405b-8fdb-63ab8b739ecf,2025-06-11T10:16,5,115.45,Online,Completed
01f1cbd2-fa17-447a-bc95-296a0ca6e701,9c53f3f8-5b22-4d77-bd76-cfa6c70e443c,2024-08-13T10:16,7,90.51,Cash,Pending
da9a3133-9d25-4078-8f25-176fddb6ef8c,53db1213-7316-47bb-9099-c1def0e3c96b,2025-05-15T10:16,6,76.02,Online,Cancelled
f99110d5-c560-4719-8a98-5f247a6f6bf0,ada8704c-2784-4d70-84da-10078407d2c8,2024-04-29T10:16,3,22.89,Card,Cancelled
ba8f3013-7651-4597-8445-3fab15f93f15,6c3bf618-a715-40f9-9faa-cfc5f5beef2f,2025-01-15T10:16,3,42.54,Cash,Cancelled
163d633f-9bbb-4b35-a2a4-a78ba3678d5a,05ccd8a5-ea5f-4353-bd1e-3022152b0685,2025-10-15T10:16,8,206.56,Card,Completed
59aa03fc-a55b-4698-9997-20e662a29afe,caca465c-e9f2-4add-91b5-24c70595e321,2024-01-22T10:16,2,11.04,Card,Pending
1bc90b8c-df52-4560-8a8e-0caf62eadc22,06e585f0-5b60-4900-81d1-3379328e6c17,2025-09-09T10:16,9,242.55,Card,Pending
fee891ed-9d2d-46ee-9a4c-44b37dd01180,1d32c3b3-c732-4995-aa6b-ff159deb3bdf,2025-11-07T10:16,6,110.88,Online,Pending
83ca6f15-0f7b-4344-bc44-7b4a51b1923c,71f17b36-2c37-4cfa-bf8a-894fa94c0e9b,2025-09-23T10:16,5,121.80,Cash,Completed
fdc6fd0b-bee9-4492-bf9a-b63416f5538c,8887df7e-682b-4d48-b18c-c1ddfa0aaa26,2025-09-11T10:16,9,164.43,Cash,Pending
8821798f-313c-434a-828c-8b0945503237,1a48aa9a-def3-481d-922a-94300aa97309,2025-02-09T10:16,4,27.12,Online,Completed
29d6204b-8631-4a2e-806b-0916ad82ab5c,ba5d9947-b043-4aca-8ee0-6b77895cf8e8,2024-07-05T10:16,1,12.39,Online,Pending
a554716d-7978-4d35-a29a-04000edfc0b1,b90a3a7f-421e-47e5-8598-fe50f365a62e,2024-12-12T10:16,4,102.84,Online,Completed
6899577e-4264-4828-b07d-4df808a33c84,10b26c2d-7d56-4175-84a8-a2775e128a9d,2024-01-27T10:16,9,116.73,Online,Pending
725eed9b-b3c4-43ab-aeac-abc7a5aa0487,103fcba5-5588-45a5-9fe0-6ac948d3860e,2025-10-23T10:16,9,235.17,Card,Completed
7c2a9e81-f1b9-45de-bbca-c304971fd8e3,bf0de251-90d7-423c-8b31-48df1a89964f,2025-07-31T10:16,8,108.40,Online,Cancelled
9273a794-c3d1-4dc0-91a9-639d4e20fea8,14eace30-1ac2-411e-8eef-98e8f32a87fb,2024-10-03T10:16,5,47.15,Cash,Pending
fe00a233-f025-459c-8ff8-a0b83652e6b5,ba5d9947-b043-4aca-8ee0-6b77895cf8e8,2024-11-29T10:16,3,66.30,Cash,Cancelled
1a06844d-bc31-43e3-a8cc-49b9a5e6cc5d,1a48aa9a-def3-481d-922a-94300aa97309,2024-12-10T10:16,1,22.79,Cash,Pending
3f58f25e-6703-4fc1-89c5-21fcca2beeae,8b546c63-5406-493d-bc69-cfb594b38267,2024-03-27T10:16,7,101.71,Card,Completed
76d5b233-019e-4783-866b-0ab883ba1671,b03f75c1-655f-4480-a2bf-1a0af806e96e,2025-01-23T10:16,7,70.77,Cash,Completed
208b2137-60b2-46ff-90ed-3f583a32ce13,90f0db1e-2b19-43f7-ba17-233c7c214eca,2024-09-08T10:16,1,18.78,Online,Completed
727a0337-44d0-49f5-ad9c-291ceb4db8a6,14eace30-1ac2-411e-8eef-98e8f32a87fb,2025-05-31T10:16,6,175.32,Card,Completed
cb748743-bf68-4a28-b730-29e71fa333d9,7c991f43-c18b-4404-8826-97691b0dc00c,2024-05-05T10:16,4,44.36,Online,Cancelled
41a9600f-74a8-4d28-a8cf-7648e5294e4c,6bd388d4-5636-450b-bacd-55bdcb769bab,2024-03-28T10:16,7,188.23,Cash,Pending
35381dc6-48a1-4f4e-86a7-6a659e384023,f0a6a958-e434-41bf-a830-dffa55a34db5,2025-03-19T10:16,2,59.88,Online,Completed
b19f1293-43e3-44f5-a33e-c0f3ead2f536,21edfc22-3f73-4335-a774-3cf78ab65e86,2024-08-06T10:16,4,119.88,Online,Pending
a970127e-8ed7-4370-b194-db65c5f902cf,73a2b03c-2dca-486e-8ebc-c4d6bb68a8c6,2025-08-18T10:16,8,217.28,Online,Cancelled
633dfb5b-b3fe-4cd3-9da1-7bcf85256824,92da274a-bea2-490a-bb52-196c46fa8487,2024-10-15T10:16,3,66.03,Card,Pending
ba1e776f-0fc4-452b-ab4f-b06f3a177170,9c53f3f8-5b22-4d77-bd76-cfa6c70e443c,2024-05-29T10:16,6,67.68,Cash,Completed
b14ca463-5bae-4f16-a610-cb82a70c1a97,e119f98a-df63-41dc-8e01-bb49ca2dc724,2024-08-09T10:16,6,174.24,Card,Cancelled
cb572e3b-f387-43f5-bc92-279f52c0505f,c63bd277-c81c-40c5-8720-6ce916d653c4,2025-05-12T10:16,1,27.99,Cash,Completed
3d4e6fb6-d06d-4dcd-93b5-6986ef5d9389,60cd80b6-3967-4dae-b4df-adc7b5644971,2024-07-20T10:16,8,195.92,Cash,Completed
8fa8ba99-ea19-44e7-9870-4e9b90d09464,39cb44e2-a541-4b98-bc0b-db5f31cf8710,2024-06-29T10:16,2,12.28,Cash,Cancelled
379e563a-12f1-4b00-b01c-c34abd21c4d5,0472ca7f-b133-4710-8f43-24a3c6c1afd1,2024-03-30T10:16,2,24.10,Card,Cancelled
a9f7b0b5-379b-450c-8886-443f4a61cdb6,60cd80b6-3967-4dae-b4df-adc7b5644971,2024-06-22T10:16,6,119.64,Online,Cancelled
d821c67c-09ab-44a3-9e95-833f41d0f1a8,9c53f3f8-5b22-4d77-bd76-cfa6c70e443c,2024-01-04T10:16,2,36.36,Card,Completed
0ff69c4e-7cd2-4a0d-a9b1-ef1bab8d6980,bf0de251-90d7-423c-8b31-48df1a89964f,2025-10-29T10:16,1,12.07,Cash,Completed
ca1cc474-373b-4498-b5e8-6abcfa5b6b57,8e1bbe6c-7b75-46dc-8ca1-0b1664cd6ae4,2025-08-04T10:16,2,49.20,Cash,Completed
1058ce7b-cbd0-4b6a-9759-971df7e625e4,fbe227d7-6d32-4407-9783-7fdac983e55f,2024-05-15T10:16,9,185.94,Cash,Pending
475abd62-5245-490b-b6d0-a4a04e07d160,69446e90-4237-4410-ab55-e011eb04cce0,2024-12-07T10:16,4,68.12,Online,Pending
4773533a-c4a7-4573-bb4d-e5441fc2eae4,46032f36-69bc-465a-9b33-a5d560bfd77a,2024-03-28T10:16,2,33.08,Card,Completed
4f0f6db8-329c-42a9-961c-a2bc0317b28c,b04ce307-2d1f-4214-b023-d8f4379041a1,2024-07-27T10:16,5,113.30,Online,Cancelled
47f7f03b-d7a6-4dd4-a340-85e2fb720532,401a6911-a31e-4892-adc1-56e3e1eb090a,2024-06-09T10:16,3,38.67,Cash,Completed
4ee79f0d-4a99-4ac6-8f6b-f43c81ada595,4f6ae324-5b6d-47d6-a86d-26ec6fbe1e0e,2025-08-10T10:16,7,95.55,Online,Cancelled
7ba5198a-ba5e-4464-99bd-e06fce49c09c,ba5d9947-b043-4aca-8ee0-6b77895cf8e8,2025-05-26T10:16,1,20.08,Online,Cancelled
320713f4-cdeb-44a9-85db-44a807ef13ec,058b9c75-b72f-4594-80d2-e41194ff7672,2025-10-09T10:16,8,135.28,Card,Completed
64c105b0-87a1-4dba-94ad-1fa481f4af8c,983d66ae-c8b0-46b8-8abc-26a1055cf729,2025-10-31T10:16,8,168.72,Cash,Completed
2d3812a0-4c8a-408b-8f41-9b2f4df0d4cb,b04ce307-2d1f-4214-b023-d8f4379041a1,2024-05-02T10:16,6,83.04,Card,Cancelled
6c5df67b-61e4-481c-a220-fd5109f4bb91,10b26c2d-7d56-4175-84a8-a2775e128a9d,2024-01-09T10:16,3,83.07,Cash,Completed
b9cc6554-b2f9-4be0-bfab-d34b22c763c6,d7af10ce-45c9-4fc8-8dd8-b1c5491aad5f,2024-06-19T10:16,5,43.15,Online,Completed
e7f992c8-40ad-4306-9c5f-9d3a75ed61e5,71f17b36-2c37-4cfa-bf8a-894fa94c0e9b,2025-08-15T10:16,1,19.96,Online,Completed
34d5af3e-f3fb-4d97-8cd2-bc81072d4e9a,93cdeef1-3fc3-4a63-a275-0ae87ae6b335,2024-02-24T10:16,1,13.98,Card,Cancelled
663ee3f0-ce05-43b0-abde-927fb44ded05,6f61ca8e-51a1-48e0-abfa-88326e713e34,2025-04-02T10:16,8,223.84,Card,Pending
b316ffd1-ace3-4835-b70c-a1890186a86e,d5cfb1a3-ce2f-4aff-ab4c-50e0c5426af1,2024-07-07T10:16,8,149.68,Card,Cancelled
bc3f828d-c348-4e23-89d4-8c96a5fe66a9,1233cc27-7567-48e0-8dd2-6b0019506c2f,2025-04-23T10:16,2,34.66,Cash,Pending
23146d61-3903-4be3-8342-cbafa233c160,cf65c4b6-4c1c-420b-95de-23e5b56ffad5,2024-08-08T10:16,6,87.24,Cash,Completed
f03d943e-da70-43f0-b5c1-52e1baad2ba5,ada8704c-2784-4d70-84da-10078407d2c8,2024-04-20T10:16,7,208.18,Cash,Completed
60a9c762-4f7e-41bb-a130-5f0ecad779a8,ff4db0d8-e809-46e8-9ae0-78ffee4902d9,2025-10-11T10:16,7,116.76,Card,Cancelled
8c7ef5db-0269-4dc8-8f45-d40ca494fd65,000f9c8f-2fc7-4346-844d-c04f10751265,2024-10-23T10:16,2,57.30,Card,Completed
dadabd12-b200-4052-aaf7-9ab137fab022,103fcba5-5588-45a5-9fe0-6ac948d3860e,2023-12-21T10:16,8,144.96,Cash,Pending
f34e8d59-a5c1-48e9-b0f3-5ac534a93d77,ceafdb2a-788d-48e0-acdd-bd533a2e7ab6,2025-05-24T10:16,3,58.62,Card,Cancelled
5e672e56-3e28-47a2-84ce-5c5afd444c8b,6945f6f4-b8f9-4d04-90ff-e59ed705578e,2025-07-04T10:16,1,15.54,Cash,Completed
aedf0f88-4197-4456-924b-47be49e3e9af,5f6e51da-5f01-4c9a-85dd-7d50ef37e5d7,2024-03-22T10:16,6,89.88,Cash,Completed
6b266443-acc8-460a-b1e2-c5a97284f8c1,cb8747c7-32ca-4b6b-868d-13ab01d953ec,2024-06-29T10:16,6,142.80,Cash,Pending
f7b2e56a-2ac9-4c06-ad64-a6fd5db7d7b5,485b65e7-fdf4-474d-afba-37986d8d3cd8,2024-12-18T10:16,7,184.03,Online,Pending
a89e270b-0d30-44fd-bdb5-0b981ead62ef,8113211c-bdc3-4bb0-94d9-3fd3871f3005,2025-01-10T10:16,6,35.16,Card,Completed
c1a95742-93c4-458a-afae-0f1484285239,c9dcc28a-ae5f-477c-ae7e-72d94129f449,2024-12-17T10:16,2,45.38,Online,Cancelled
d60df333-e267-4c76-88a4-a9149739232e,dcfb3d05-846d-4915-99f3-ebbc7559d972,2024-03-05T10:16,4,117.48,Card,Cancelled
ef68e0c6-cd3c-4688-bd4d-e93cfe11d611,05ccd8a5-ea5f-4353-bd1e-3022152b0685,2025-09-17T10:16,9,208.71,Card,Pending
bc05d9cf-b48e-413e-906e-925ffcecc364,cd50913f-8c99-4253-9134-0cf5fe5f300f,2024-02-13T10:16,5,93.70,Online,Completed
85688f7b-e034-471e-9be6-959e74b1365c,3ab3404a-ee80-4ed2-8d90-a6f0dad14e48,2025-08-15T10:16,3,72.18,Card,Completed
9e57ba8a-f0ca-4a49-b815-a14cdb66746c,27e45431-1333-4ffd-a0c8-be56ffdc5d4e,2025-01-07T10:16,3,58.56,Cash,Completed
7d451256-b274-4446-b95d-ed4c11dc16b6,f90cf3ca-e2d0-4129-bc7a-e8a2b80880da,2023-12-20T10:16,6,140.46,Card,Pending
28bcf134-cc67-42db-8c1a-9b2c394cb21e,67c276b0-7be6-4f3c-bf86-c342095c8112,2023-12-22T10:16,8,186.32,Cash,Pending
529774d1-d677-42ca-865f-dad14e1771b8,74e76582-f1b8-4560-b049-8aebb59d4721,2024-10-22T10:16,4,99.72,Cash,Completed
19468f40-2afc-4e1e-bdc5-24a198e770d1,d33bbfcd-a2ca-4e80-8a1c-65223f061e7e,2024-12-09T10:16,5,32.90,Cash,Completed
3ac9119a-c4d2-40d7-bc28-004364e9b182,71f17b36-2c37-4cfa-bf8a-894fa94c0e9b,2025-03-25T10:16,1,13.34,Card,Cancelled
0eba2886-2bd6-40d2-a316-550e29e68001,bc58b12c-65c4-4f21-89ef-3e492a22ef7c,2025-04-19T10:16,1,24.70,Card,Cancelled
5801fb28-d1ca-4573-a512-642a857ded45,00d7ae70-0f46-4453-963c-4ab2a3d29314,2025-08-25T10:16,2,58.94,Cash,Cancelled
1504e490-adbf-457a-9e23-2c7ebe1a48f1,8887df7e-682b-4d48-b18c-c1ddfa0aaa26,2024-02-20T10:16,3,60.24,Cash,Pending
337c57b4-f13d-4839-87a0-c8a79262b601,000f9c8f-2fc7-4346-844d-c04f10751265,2025-07-03T10:16,1,24.65,Cash,Cancelled
647b967f-8416-4c87-b686-d1bb475894a2,52f5634d-de98-4543-8a1e-cbf1e2d0242f,2024-12-17T10:16,4,78.16,Card,Pending
1847d8b2-770d-46bd-8e4a-5da5492a37eb,aac35608-9499-49c5-811a-a059e773c968,2025-03-10T10:16,6,154.62,Online,Pending
da48e31b-8697-4487-b604-08baf2c7ad2d,058b9c75-b72f-4594-80d2-e41194ff7672,2025-03-02T10:16,7,151.83,Online,Cancelled
c0ef9b1f-cc98-4a6e-ade9-499bc79a0cce,1a31c678-d420-495a-aff3-0f1609514e1e,2025-08-06T10:16,1,16.17,Cash,Pending
64fff9e1-ae6b-4cee-992b-62a8ba28ade1,52fbb114-83aa-432d-b2f1-f3e37a5c4754,2024-11-16T10:16,7,102.97,Cash,Cancelled
549745ea-cc59-4020-ae28-e36287b36aca,515fe1d2-d33a-4b9d-8c19-07e0cbe81a9a,2024-03-24T10:16,9,195.93,Online,Cancelled
bd4fa991-5006-48ad-a859-0856c1465bde,ec3490d2-e8da-47ee-ae12-0ca0b1d7a2bb,2025-06-09T10:16,4,40.36,Card,Completed
2c428b7c-cf73-402d-8d7b-43b91e408c23,23650eb4-f98d-45a3-a90b-a378f03d469d,2023-11-30T10:16,7,181.02,Cash,Cancelled
f37d873a-9987-4b23-8655-14ed5435b7c2,ef7fad1f-a86f-4ee1-95b4-ce1f339f0fa5,2024-12-31T10:16,6,46.98,Cash,Completed
5f95e572-821b-41ff-b4a7-36c22f1b86bb,49af098b-bf79-4643-8e49-739ea932d38b,2024-05-22T10:16,8,146.08,Online,Completed
b1601fff-1637-47e7-8443-3fc9531ec3c1,49af098b-bf79-4643-8e49-739ea932d38b,2024-06-08T10:16,5,71.40,Card,Cancelled
766e351b-ed82-4055-a3fe-0d9623f64da0,205ea7f7-e714-45b8-a083-11247ff702a1,2024-08-25T10:16,8,126.96,Cash,Completed
b8e4152d-0723-4a7c-b2c8-5307201543cf,d5eaf6a7-76cc-48ec-98d9-ba713e2df70f,2024-03-08T10:16,2,42.10,Cash,Completed
25eec80e-6ef3-4d12-befb-92d0363bb2d0,0a5bd884-b432-4ce5-b14e-44b4aedd4c0f,2025-11-04T10:16,1,14.95,Card,Pending
eefa60aa-4c83-4795-8471-bc2e235dff59,3e97fc93-73a7-45e0-9888-f7a03ee258a7,2025-06-23T10:16,1,24.94,Online,Pending
b0e97096-f5f5-419d-b26b-563fe56199f2,02c65c06-56ad-4670-b8e2-10ab417c7154,2025-01-21T10:16,3,80.55,Cash,Cancelled
c401ccf7-1e54-416b-b945-76f80f511392,953417c6-cd52-45e9-9ca0-bb450653c934,2025-06-29T10:16,7,46.97,Online,Cancelled
85c1ecd9-b256-4b43-83c0-b9368a7859d1,e6cb1215-5314-4d05-bfd1-f6e5d36e89f7,2025-05-14T10:16,6,62.88,Card,Cancelled
fe1080a7-125e-4645-a98e-9a26bb93b6c6,9b9edd1e-b4f7-414c-b8b5-a3dc51fa0a8c,2025-08-21T10:16,2,44.74,Cash,Completed
5413adb5-9883-4d9f-9e1f-6e4efccf8a12,726d71e2-70fd-4416-8568-78619c14a73a,2025-03-06T10:16,7,149.94,Online,Completed
117878bc-a5fb-4e5d-85d0-0ab9cef9cbae,b03f75c1-655f-4480-a2bf-1a0af806e96e,2024-03-30T10:16,6,132.66,Card,Cancelled
bf2b21d3-217c-493f-b29c-98cf0f547107,401a6911-a31e-4892-adc1-56e3e1eb090a,2024-09-28T10:16,8,59.28,Card,Cancelled
ca4281c2-0dd2-4f0b-af8c-fa62666e9e84,bf0de251-90d7-423c-8b31-48df1a89964f,2024-01-07T10:16,9,113.04,Card,Cancelled
fb069ecc-29ba-4d11-87d2-992da40d8ec2,39cb44e2-a541-4b98-bc0b-db5f31cf8710,2024-12-02T10:16,5,62.25,Card,Cancelled
3fda55ca-94be-4e0b-a071-151bdbe8b725,fbe227d7-6d32-4407-9783-7fdac983e55f,2023-12-20T10:16,6,156.60,Card,Pending
ccf73f15-6690-4ec0-a977-1a869aee2bae,6f61ca8e-51a1-48e0-abfa-88326e713e34,2024-07-15T10:16,8,219.68,Cash,Cancelled
d39b731b-3132-44ae-aad7-a82dd4c3de29,90f0db1e-2b19-43f7-ba17-233c7c214eca,2024-12-18T10:16,3,68.49,Card,Pending
c21876b8-a22a-46d4-b9c5-482af6adba93,6b1178fc-1745-401d-88da-3903c243ebe9,2024-04-09T10:16,1,16.53,Online,Pending
69d32788-5a5b-433c-bebc-b9396be55d7b,0472ca7f-b133-4710-8f43-24a3c6c1afd1,2024-11-24T10:16,9,113.49,Card,Completed
d23f202e-3294-47bc-b437-71e93e2e7b4e,b03f75c1-655f-4480-a2bf-1a0af806e96e,2024-09-14T10:16,8,221.76,Cash,Pending
f50c5e9e-f062-4feb-a710-ef4d19681eac,3ab3404a-ee80-4ed2-8d90-a6f0dad14e48,2023-12-24T10:16,8,93.28,Cash,Pending
2aa76b04-a248-4c9f-8203-0e7d697ae820,b90a3a7f-421e-47e5-8598-fe50f365a62e,2023-11-24T10:16,6,161.70,Cash,Completed
59bd098a-a086-41d5-8d23-dd8904ae7a55,c0d74d86-5c5b-481d-b8e3-61eeb9c77255,2024-07-13T10:16,8,75.20,Card,Cancelled
7c75acb1-4948-451f-9fc3-cecad8d16b0a,9305d562-2505-493d-8ed8-3fb721c8f491,2024-05-28T10:16,5,125.10,Card,Cancelled
3929e7be-daa4-4b27-82a1-013ad9b2ead4,10b26c2d-7d56-4175-84a8-a2775e128a9d,2024-06-27T10:16,6,49.80,Cash,Completed
d0d62ff6-29df-4b86-a045-c02bfe0433ac,4e6807ca-aed8-4ec9-b1b0-0e3aba57efb1,2025-07-09T10:16,7,193.97,Online,Pending
10b485b2-32b3-430b-8868-e94cb40af186,983d66ae-c8b0-46b8-8abc-26a1055cf729,2025-06-16T10:16,2,48.88,Cash,Cancelled
36f356e9-602d-49e7-9a15-d6cf8b62a898,f6c35464-33dd-44a7-bf84-071f2e427045,2024-12-31T10:16,6,138.36,Cash,Completed
a6979d2a-7e6f-415e-8ee0-4b0d44231574,4717d2a3-4b2a-44f1-b960-a2b73e2d23fd,2025-10-23T10:16,1,8.71,Cash,Completed
e3ab7f0f-0998-4824-a0c1-15777289173c,7d2df59f-386d-4aec-85a8-2443262a0cb4,2025-03-03T10:16,8,201.04,Online,Cancelled
fe76bb29-eed0-4cdb-95a4-be9a0406a561,9b9edd1e-b4f7-414c-b8b5-a3dc51fa0a8c,2025-02-27T10:16,6,38.70,Card,Pending
0728139c-d506-4d6a-9f7f-59f96685e6ad,1233cc27-7567-48e0-8dd2-6b0019506c2f,2024-04-11T10:16,2,31.88,Cash,Completed
3fb7d77a-28c6-4462-a7e6-b879021a0a33,7169ef0c-f2c8-4ae3-83f6-87691664d2d2,2025-03-13T10:16,2,22.44,Cash,Completed
7a1c46d2-66bd-4fb5-a30d-48346ea2c25a,b03f75c1-655f-4480-a2bf-1a0af806e96e,2024-01-04T10:16,9,60.84,Cash,Pending
43fa72d1-53ee-4589-9840-30751703c922,209e786b-2a61-4e52-a3b2-1cc98bcbf18c,2024-04-16T10:16,1,24.27,Cash,Completed
83e589a6-0819-4a83-b192-a5e1e4dc21fa,0d463f72-c3a1-4a2b-8d0d-1721a0d1a06b,2025-01-06T10:16,3,56.34,Card,Completed
4826ffed-7e57-4e00-bd65-a2a89a8677ee,c1a09d60-c9e8-4489-a68e-e01b51541d33,2024-01-24T10:16,7,76.51,Card,Cancelled
7ec47e88-ec8c-441f-9df1-39f8ba04e384,c46351bf-193f-49af-a5d6-456188837c3d,2025-03-27T10:16,5,138.80,Card,Completed
339b185d-7113-43fd-954c-da47a630edfc,27e45431-1333-4ffd-a0c8-be56ffdc5d4e,2024-04-14T10:16,7,157.85,Cash,Pending
cea7e0d8-ca3a-448e-8111-e1d5d1c5b562,73a2b03c-2dca-486e-8ebc-c4d6bb68a8c6,2025-04-07T10:16,9,267.12,Cash,Cancelled
54c2a6d4-1a89-4b59-9b13-7c565d7060a6,9c53f3f8-5b22-4d77-bd76-cfa6c70e443c,2025-02-27T10:16,3,25.53,Card,Pending
d0cfc2f3-d654-4393-bcf9-c4e5701751f5,4e6807ca-aed8-4ec9-b1b0-0e3aba57efb1,2023-12-24T10:16,6,56.64,Card,Pending
58d10815-493d-4b86-b934-f4c76069095a,14eace30-1ac2-411e-8eef-98e8f32a87fb,2024-09-20T10:16,9,93.78,Card,Cancelled
f0a078e9-375c-4419-b0f5-e31acb946054,25659c0e-6eb5-4c57-add8-fb6ac5f42699,2024-10-05T10:16,8,40.16,Card,Pending
efa0b241-f83e-4c8f-b9d7-c2e480ae8ec8,5d6f84a5-a4de-442e-99b9-b8ef714b4436,2024-07-28T10:16,1,25.61,Online,Completed
392dfe78-cd5a-4f44-8856-e09b55a3c6a0,b3688304-b24b-416a-9bf4-c2b6aaeb59d3,2023-12-06T10:16,8,136.56,Cash,Cancelled
a0284291-2669-49de-a6fd-3fc9b1962750,103fcba5-5588-45a5-9fe0-6ac948d3860e,2024-04-29T10:16,6,105.54,Card,Cancelled
283342b9-837c-450b-beb7-7db658877763,d87f31d7-79ef-4c17-856e-142e791b04da,2024-05-28T10:16,1,15.73,Card,Cancelled
1f347dcd-bef8-4b1b-ac73-b25fba83e6df,98b17fed-218c-4f20-8410-9f0edfc74455,2024-09-30T10:16,8,234.32,Card,Completed
7002241d-8665-4155-b7db-550ae53e84a8,10b26c2d-7d56-4175-84a8-a2775e128a9d,2024-06-12T10:16,9,108.36,Card,Cancelled
64b50f8f-5e5c-4571-8525-55f4e0aa0912,428424b7-1f94-496a-8b7a-497ce177d32c,2025-08-27T10:16,2,49.06,Cash,Cancelled
897a6220-1221-44e4-8738-49c172fd0b66,795088d7-d227-422e-ad8c-f048bde0675e,2025-07-18T10:16,2,26.54,Cash,Cancelled
53ace2e2-4bad-45d6-a4de-7c0ec18a9156,67c276b0-7be6-4f3c-bf86-c342095c8112,2025-01-17T10:16,8,126.24,Card,Cancelled
67635297-20e7-496a-8a70-254ce850dd7b,0a0ac3e5-6e20-4fbc-87ec-5481c70e38bc,2025-08-31T10:16,4,104.44,Card,Completed
55330195-f260-4dbd-87f4-f7d4d0ff5778,0472ca7f-b133-4710-8f43-24a3c6c1afd1,2024-02-10T10:16,3,51.48,Cash,Completed
41e1418c-3486-4fba-aada-b5fd4d763574,5f0f3def-9ff6-4282-ad04-001c4a769966,2025-01-01T10:16,1,7.74,Cash,Pending
49aad46f-881f-46de-843b-af41d47c42da,c83bba2f-5229-4998-9566-1f3179b13e8a,2024-09-24T10:16,8,123.44,Card,Pending
0022fe6b-8f00-453e-8ecc-3648c89c1361,1a31c678-d420-495a-aff3-0f1609514e1e,2025-05-18T10:16,9,147.06,Cash,Cancelled
dc0488a3-81a6-4522-9ad0-473e17caf39b,c0d74d86-5c5b-481d-b8e3-61eeb9c77255,2025-06-10T10:16,3,21.03,Card,Pending
635a4be5-3235-4a64-8c37-225f2a3df803,90f0db1e-2b19-43f7-ba17-233c7c214eca,2024-03-27T10:16,2,16.50,Card,Completed
479ba8d1-b509-46a0-aae7-6c946d31b67f,8b546c63-5406-493d-bc69-cfb594b38267,2024-04-06T10:16,6,59.22,Cash,Completed
82d82082-1146-4a8a-9fd7-55ff82e66c5a,60cd80b6-3967-4dae-b4df-adc7b5644971,2024-03-22T10:16,6,39.60,Card,Cancelled
150f3f55-c986-4fc0-8135-5e0f5baf1a8b,6aaabc79-3d35-410f-bb96-f86a3930d0ff,2024-01-19T10:16,5,93.45,Cash,Cancelled
18449854-ef27-4831-9898-2122e7834fec,b0d737cd-ec4b-4a88-aa81-d012ef3fb719,2025-04-06T10:16,4,60.56,Online,Cancelled
f40592e9-ee62-44af-97ad-7894830032a2,b0d737cd-ec4b-4a88-aa81-d012ef3fb719,2024-09-14T10:16,5,140.40,Cash,Pending
a10c02e2-510e-4496-98f3-b82488312658,ceafdb2a-788d-48e0-acdd-bd533a2e7ab6,2024-06-01T10:16,5,135.35,Cash,Cancelled
a53e23e5-9114-47d5-af56-687bddea2038,5400d214-6176-40bf-88d2-3f53ed38bf69,2025-01-07T10:16,1,10.36,Online,Completed
1b20aae9-0d65-47a4-a0ef-9368499a7d03,d5cfb1a3-ce2f-4aff-ab4c-50e0c5426af1,2024-10-31T10:16,6,85.14,Card,Pending
35848f40-8b4e-4c5d-a1f0-70403a397910,0df3bae1-6384-4856-aa27-aef9f6c48b75,2024-06-04T10:16,2,54.56,Card,Cancelled
de6e12cd-1ec7-4b43-b480-11c152d78587,36b880b0-e9bd-4c0b-8f1c-32018f6c758a,2024-10-06T10:16,4,107.64,Online,Pending
95fefd6e-dd71-46a1-bea9-3b51934afdeb,8b115a34-224b-453c-be69-b53a7445b466,2024-07-21T10:16,9,48.42,Online,Completed
53940f99-8ece-4294-a07c-c154ac7a5152,cd50913f-8c99-4253-9134-0cf5fe5f300f,2025-05-16T10:16,4,107.92,Online,Cancelled
cfcdfde2-9d26-42eb-bf89-c8f816a24a78,99c406e7-092b-4eeb-bc08-56fc041c253d,2025-03-28T10:16,8,207.04,Cash,Completed
e8abbbfd-6859-4001-9e5e-fc716d4c5e8d,10b26c2d-7d56-4175-84a8-a2775e128a9d,2024-02-23T10:16,7,124.88,Cash,Pending
2a1e0d18-c386-423f-8956-eb516b2b0f49,e7991221-0de0-4ef8-aa9c-ca3b59197059,2025-01-31T10:16,1,15.51,Online,Completed
f79be031-6ab4-4be0-b108-2868e88edc4c,058b9c75-b72f-4594-80d2-e41194ff7672,2025-01-25T10:16,7,125.16,Card,Cancelled
ab40ad38-4a5e-4264-b0c8-1992c1c0f00f,9fa382f0-8393-48db-ad30-43c953282401,2025-04-09T10:16,5,97.30,Cash,Completed
b6231731-4966-4eee-957f-fdd81218e171,8b546c63-5406-493d-bc69-cfb594b38267,2025-10-09T10:16,9,54.27,Online,Pending
fd6989ad-869e-41e8-ba45-e0098caf696e,b04ce307-2d1f-4214-b023-d8f4379041a1,2024-08-22T10:16,2,38.40,Cash,Cancelled
669ec2a0-bc64-444b-b0f4-f3ed1ad21cbd,ebbc7df0-770d-44f8-b0ff-c62f9006e40e,2024-12-23T10:16,3,69.93,Online,Completed
b7f6f06f-5cca-4862-abff-2a29aa2437c4,b90a3a7f-421e-47e5-8598-fe50f365a62e,2024-06-11T10:16,3,39.27,Online,Cancelled
f2dae7e0-72e2-44ed-84ac-852c2706a585,6aaabc79-3d35-410f-bb96-f86a3930d0ff,2024-08-23T10:16,3,26.61,Cash,Completed
6122b5d2-a7e8-44d6-afe9-b9faed2e384b,bf0de251-90d7-423c-8b31-48df1a89964f,2025-10-29T10:16,5,114.80,Cash,Cancelled
9bd4bc42-0436-468d-a29c-65717c87b3a7,09ba4183-1b94-4f8c-bc5f-eca421a88524,2025-04-10T10:16,3,59.82,Card,Pending
ada2dd5d-9d52-498d-8b84-0f13274e47e3,0b2a0e9a-e050-4380-b607-57adcbbf59d4,2025-05-06T10:16,6,88.44,Cash,Completed
e41ec889-1eb3-4bf0-9875-71144ffc5672,7d2df59f-386d-4aec-85a8-2443262a0cb4,2025-02-12T10:16,3,88.83,Card,Cancelled
0845aaf0-b3c8-411a-9b47-212a4666f1bb,73a2b03c-2dca-486e-8ebc-c4d6bb68a8c6,2025-11-03T10:16,1,16.12,Online,Pending
17ed6ccd-c040-4697-8f41-2e318de088c2,8b115a34-224b-453c-be69-b53a7445b466,2024-03-31T10:16,7,128.17,Card,Pending
1269a714-34d7-47fa-8995-341b306656b7,d5cfb1a3-ce2f-4aff-ab4c-50e0c5426af1,2024-02-20T10:16,5,92.25,Card,Pending
b6cac50d-50f3-4802-b670-5ce28927486c,d6d4ef4b-0870-48aa-b884-013237f255f4,2024-10-08T10:16,7,70.21,Online,Completed
e07706c5-1332-4dfc-a2d7-586d34dda971,795088d7-d227-422e-ad8c-f048bde0675e,2025-04-12T10:16,6,86.28,Cash,Cancelled
c07ad832-e7e4-46b0-97f1-9081c9e11d76,d7af10ce-45c9-4fc8-8dd8-b1c5491aad5f,2024-08-31T10:16,6,94.14,Online,Cancelled
87bc9f61-0334-4dff-a172-ce7572b6c5f2,36b880b0-e9bd-4c0b-8f1c-32018f6c758a,2025-06-11T10:16,3,67.35,Card,Cancelled
bb1a9c79-0d74-4b6b-8f6b-a7f3191e1aab,1a31c678-d420-495a-aff3-0f1609514e1e,2024-03-09T10:16,7,154.35,Cash,Cancelled
bb66276e-bff3-4ad3-90c5-296b6f778fba,6e551d53-4f6d-4b84-a9de-3d7c79694805,2024-02-14T10:16,1,7.47,Online,Pending
6cd4395a-4c6a-46ac-bc1a-f88a363aa77e,5f6e51da-5f01-4c9a-85dd-7d50ef37e5d7,2024-06-27T10:16,7,41.93,Cash,Cancelled
8c0a3350-92c0-40dd-a7d1-30d4a4478153,885715b6-b1eb-44ca-8460-28c0343e56f3,2024-11-18T10:16,6,106.08,Online,Pending
26af20c3-3e4d-4266-be4e-b3a3fc601ddb,ec3490d2-e8da-47ee-ae12-0ca0b1d7a2bb,2024-09-22T10:16,5,67.45,Online,Pending
241d6108-ee01-4215-8c5e-5a743effe05d,68169a66-a8d4-4763-914e-7befc826445b,2023-12-11T10:16,5,119.00,Cash,Pending
05c01498-aeda-45a2-b95d-a015b4a1e97d,3910ab11-8758-4a4f-8a9b-c4f5df7413c4,2024-07-21T10:16,2,53.64,Online,Pending
0ca47ad3-6135-436c-97a0-1c27ea1377e2,8b546c63-5406-493d-bc69-cfb594b38267,2025-10-20T10:16,6,123.72,Cash,Completed
72e1f793-baf9-431f-a805-6e8c74cbe01b,00d7ae70-0f46-4453-963c-4ab2a3d29314,2025-11-09T10:16,6,72.66,Card,Pending
ac355331-4c49-4338-b80a-4660688b66ec,d6d4ef4b-0870-48aa-b884-013237f255f4,2024-09-30T10:16,7,37.73,Card,Completed
8bde8b02-1ae2-446a-b5a3-d5aa930d975e,fdb5454e-2230-489e-ade4-9218ff28cbd8,2025-09-09T10:16,9,170.37,Online,Pending
3a1562f1-5fba-4743-b582-e9c46c2e982a,c9dcc28a-ae5f-477c-ae7e-72d94129f449,2024-10-01T10:16,7,209.37,Card,Completed
e0ae6465-f386-4b9f-9099-fd38b66a865a,365c90d0-a590-4209-9401-2ce55af5ed98,2025-08-05T10:16,3,71.85,Online,Pending
35d42af8-5e1c-4a36-b908-4b91d151fb39,bc58b12c-65c4-4f21-89ef-3e492a22ef7c,2024-05-20T10:16,5,117.85,Cash,Pending
27b92cd6-a3f6-4b5b-a95a-c57d4ad537a4,8113211c-bdc3-4bb0-94d9-3fd3871f3005,2024-03-25T10:16,9,229.14,Cash,Cancelled
ec0028ca-6f11-473f-ab45-bc5cbbdc7f6b,0d463f72-c3a1-4a2b-8d0d-1721a0d1a06b,2024-10-26T10:16,7,162.33,Online,Pending
30729455-62bf-4cbb-860b-875b1746d32b,2c6dafc9-06cc-4b3d-8b8d-12aae0644c58,2024-04-09T10:16,3,17.67,Card,Pending
77082e70-16dc-4534-913e-e8f6d49a3ab5,05ccd8a5-ea5f-4353-bd1e-3022152b0685,2025-11-05T10:16,9,118.08,Online,Cancelled
119d62d4-5d10-4597-aa63-fd1126ee3aa5,401a6911-a31e-4892-adc1-56e3e1eb090a,2025-03-18T10:16,5,91.60,Cash,Cancelled
9e85aa23-d2a3-4a35-b86a-b40110615fdd,953417c6-cd52-45e9-9ca0-bb450653c934,2025-01-18T10:16,3,74.52,Card,Pending
17a7f89c-330c-47a4-8727-6be61467db9c,6945f6f4-b8f9-4d04-90ff-e59ed705578e,2024-03-11T10:16,8,148.16,Online,Cancelled
5ff69219-d464-435c-80d6-b3863b9a26fc,e6cb1215-5314-4d05-bfd1-f6e5d36e89f7,2025-10-26T10:16,6,97.44,Online,Completed
7c46c57e-07e9-497a-beda-94954d3923df,7a2e5fa5-096b-4701-8ce6-7a3db39bf8eb,2024-11-05T10:16,2,37.48,Online,Completed
95428259-ecb1-46b2-b78f-c13ca4624252,93cdeef1-3fc3-4a63-a275-0ae87ae6b335,2024-05-11T10:16,9,189.63,Cash,Cancelled
9c02703e-ae6c-4ce4-a738-8e6f1f561550,f3826f04-0dfa-4266-8002-58fede0093f5,2025-08-25T10:16,8,144.96,Card,Cancelled
721553ef-27db-44e4-91bb-59b2fd754880,cb8747c7-32ca-4b6b-868d-13ab01d953ec,2025-07-22T10:16,1,7.37,Card,Cancelled
1bc5f0b6-3663-4b0c-bc9c-b454ef64de2e,cf65c4b6-4c1c-420b-95de-23e5b56ffad5,2025-06-10T10:16,8,71.44,Online,Cancelled
2c4d71d4-63b0-4fbd-97ea-40e92aa73f8b,f0a6a958-e434-41bf-a830-dffa55a34db5,2025-01-03T10:16,4,99.36,Cash,Cancelled
ce7fc185-e4c3-4160-bf85-a58071fcc7a4,b90a3a7f-421e-47e5-8598-fe50f365a62e,2025-02-19T10:16,4,22.56,Online,Cancelled
6526655f-1002-4d93-9ec7-9dd3785c3d0c,d87f31d7-79ef-4c17-856e-142e791b04da,2025-05-13T10:16,1,6.35,Cash,Completed
191280b8-daad-4b90-81c9-4cefe166490d,824998a2-7592-4051-ab0b-d5e12743c93b,2025-03-22T10:16,8,142.40,Card,Completed
ae1faedc-9b80-4784-87f2-d31f9cbfee5a,b6c26110-1b77-4777-8c79-c69ec19b66df,2024-02-18T10:16,8,143.60,Cash,Pending
6b644242-abcc-4d35-b660-d225ef8597a4,09ba4183-1b94-4f8c-bc5f-eca421a88524,2025-11-04T10:16,5,61.30,Card,Completed
674d152e-1e72-46fe-98d8-c120173e19be,5f6e51da-5f01-4c9a-85dd-7d50ef37e5d7,2025-01-27T10:16,9,222.75,Online,Completed
6246c0e5-7de9-4a84-8ad3-b2efb0c33d27,a3f626b9-cc27-4c04-8570-be79ab8bda4a,2025-08-29T10:16,5,82.55,Online,Cancelled
6be8c334-0cf7-4d5d-b68d-0578502e1fbf,f6c35464-33dd-44a7-bf84-071f2e427045,2025-01-03T10:16,4,88.72,Card,Completed
df4455e8-5a90-4c33-8dac-288dd360194e,1eeb9c5f-5b7a-47af-b4f1-5a50d9d1089c,2025-03-07T10:16,3,89.19,Cash,Completed
2f5caca0-723f-4a6f-9156-e3caf032572e,c83bba2f-5229-4998-9566-1f3179b13e8a,2025-10-31T10:16,1,29.50,Online,Pending
3425a3e5-b40f-4846-a940-6fdc68daf9ef,6945f6f4-b8f9-4d04-90ff-e59ed705578e,2025-06-08T10:16,9,248.22,Card,Pending
04dc3458-3d15-4612-bffb-299a0beda3bf,0a0ac3e5-6e20-4fbc-87ec-5481c70e38bc,2025-01-03T10:16,4,39.20,Cash,Completed
fa997e32-813c-4a74-8909-5c7baccdd611,67c276b0-7be6-4f3c-bf86-c342095c8112,2025-07-15T10:16,4,42.00,Online,Cancelled
eb256889-c96a-46b0-8daa-326cf1d37fb8,4717d2a3-4b2a-44f1-b960-a2b73e2d23fd,2023-12-10T10:16,9,117.90,Online,Pending
c43af73f-5e90-4b48-b202-a4a5a5032b65,c9dcc28a-ae5f-477c-ae7e-72d94129f449,2024-09-24T10:16,1,26.33,Card,Completed
0eec08f5-3799-454a-ac3e-9ba342f62e72,058b9c75-b72f-4594-80d2-e41194ff7672,2023-11-16T10:16,6,52.20,Online,Cancelled
63152d14-61de-4fb6-8db3-d613bf5596d5,99c406e7-092b-4eeb-bc08-56fc041c253d,2024-11-13T10:16,5,96.15,Card,Pending
4cce4658-91f8-43c4-9467-d0fe55e541ea,0b2a0e9a-e050-4380-b607-57adcbbf59d4,2024-12-31T10:16,2,32.30,Online,Pending
209c5c91-4b29-43b4-b51c-d285b53532b5,36b880b0-e9bd-4c0b-8f1c-32018f6c758a,2025-04-13T10:16,1,11.00,Cash,Cancelled
560f4a62-27e9-4716-b47d-5580fcbab8d2,2c6dafc9-06cc-4b3d-8b8d-12aae0644c58,2025-08-03T10:16,5,64.85,Cash,Pending
3647b238-c9eb-4bc4-8691-e56ce200e69f,9c53f3f8-5b22-4d77-bd76-cfa6c70e443c,2024-07-26T10:16,6,47.64,Online,Pending
0a3faefa-3f8d-471e-a316-4ce952944d43,1a48aa9a-def3-481d-922a-94300aa97309,2023-12-04T10:16,7,107.94,Online,Pending
f1c9e55e-aa6b-4658-9c8a-44ca9461b8c7,428424b7-1f94-496a-8b7a-497ce177d32c,2024-08-14T10:16,3,34.59,Cash,Pending
240c5f1b-0c0e-4051-82ca-494cd8df3082,795088d7-d227-422e-ad8c-f048bde0675e,2023-12-10T10:16,7,41.93,Cash,Completed
166cdca5-7669-4be6-bea3-9c3073c71f9d,b90a3a7f-421e-47e5-8598-fe50f365a62e,2025-03-16T10:16,9,236.79,Card,Pending
44b92b38-eaf7-4869-bec1-c4ee2f29c9ce,06e585f0-5b60-4900-81d1-3379328e6c17,2025-05-05T10:16,6,77.64,Card,Completed
1bb247b9-d37f-46f8-ad61-42312b6b7d1a,e119f98a-df63-41dc-8e01-bb49ca2dc724,2025-07-05T10:16,8,231.36,Online,Pending
f4ad690f-ae81-4b0d-8ca3-bb7eb3fce088,d3f641e5-b8b5-4f5f-9155-7768df2033e8,2025-01-11T10:16,4,115.88,Card,Pending
f45184d7-4070-41f6-bab9-0f7905f80e2b,aac35608-9499-49c5-811a-a059e773c968,2025-09-27T10:16,1,9.11,Online,Completed
9394801c-e13d-473b-b76a-d2ce8d5deb1d,b95f7619-fab2-4df9-8683-1f2aeb93a660,2024-12-02T10:16,5,100.15,Card,Cancelled
e08ec87e-1566-4cd8-849e-474281260e5c,21edfc22-3f73-4335-a774-3cf78ab65e86,2025-05-27T10:16,3,80.58,Card,Cancelled
98f7ab7c-9d30-4427-8134-996a5fc404c3,500fde18-ea61-4380-9ea4-f06d09985870,2025-11-05T10:16,4,63.48,Online,Cancelled
349efd8b-8e81-4f66-acd0-7bce0c5e4b62,c5817fdc-a4dc-4879-b957-30cfda62016b,2025-06-02T10:16,3,17.70,Card,Pending
770e734a-fc54-404e-85fa-970bbaa27e6a,0a5a9fc7-e126-48f0-99aa-dea85c606f66,2024-01-24T10:16,3,80.46,Card,Cancelled
864105e3-718b-4dd0-b4b3-f00cb1b0b208,bb9edfa8-17f7-4f6f-8e3b-616693a298b1,2025-01-27T10:16,8,85.76,Cash,Pending
7a0c14e3-1eda-4526-b430-2c6c7f657e90,98b17fed-218c-4f20-8410-9f0edfc74455,2023-11-30T10:16,2,38.68,Card,Completed
64862525-29aa-489c-b9cd-e21a10f26bc6,401a6911-a31e-4892-adc1-56e3e1eb090a,2024-06-22T10:16,4,105.84,Cash,Cancelled
29631ba5-5695-4ee6-8b09-0388e75d9e80,14eace30-1ac2-411e-8eef-98e8f32a87fb,2025-09-19T10:16,3,29.79,Online,Cancelled
f65e4c91-6cad-413b-a7b0-56c716528be3,726d71e2-70fd-4416-8568-78619c14a73a,2025-03-08T10:16,4,37.76,Card,Completed
910aa2ec-7cd9-4993-880b-b96b091bb8b1,5f6e51da-5f01-4c9a-85dd-7d50ef37e5d7,2024-11-21T10:16,1,6.48,Cash,Pending
ee868dda-6ac8-4054-8974-b16a95400b98,2ca088cd-c6c6-4e60-a1a4-d2990ee21b12,2024-09-14T10:16,7,40.74,Online,Completed
b81b2c30-344c-43d9-a88c-8e0bd4ae2910,ecf1ffb0-ac00-4968-87ea-8beef4ace55a,2025-06-21T10:16,9,177.84,Online,Pending
3f6b1d75-9d4f-4c4b-9634-39114f0558ac,5400d214-6176-40bf-88d2-3f53ed38bf69,2025-01-27T10:16,1,19.22,Online,Completed
4a1347b2-0095-4967-bad8-33a5eebeaaea,3ab3404a-ee80-4ed2-8d90-a6f0dad14e48,2024-03-13T10:16,7,188.86,Card,Pending
6ed7101b-e5cd-4e12-b341-29db87c40e44,fbe227d7-6d32-4407-9783-7fdac983e55f,2025-08-24T10:16,8,105.44,Cash,Cancelled
ca45693b-0f38-4ec4-9b3c-28b9f82b4344,bb6ceda0-3f7a-4dfa-9862-41a88dd468b2,2024-08-15T10:16,9,243.54,Cash,Completed
cc23fa1f-d3ed-4541-8c89-46d3fd6f10a4,11526850-7335-463f-b740-a52a90457c3b,2024-08-29T10:16,4,44.52,Cash,Completed
9aa0e8e3-9dfd-48a7-b776-db91ea6d8aeb,b04ce307-2d1f-4214-b023-d8f4379041a1,2024-03-12T10:16,1,10.53,Card,Cancelled
d83e25f8-5c36-4a0f-9f80-9d38e0c78524,ebbc7df0-770d-44f8-b0ff-c62f9006e40e,2024-12-31T10:16,1,12.66,Card,Completed
a94079a6-f4d7-4655-ac68-5bfa84e5300f,21edfc22-3f73-4335-a774-3cf78ab65e86,2025-02-12T10:16,9,145.98,Card,Pending
88e2e0e8-3c3b-42b9-8b92-bda16725fbd2,c46351bf-193f-49af-a5d6-456188837c3d,2024-05-24T10:16,7,88.76,Online,Pending
298c3f9d-cb3c-4203-8a9e-75cc20534736,1233cc27-7567-48e0-8dd2-6b0019506c2f,2025-08-05T10:16,1,20.34,Card,Pending
8c7e8cfa-e37f-40a3-b070-be25b47bd3b3,1a31c678-d420-495a-aff3-0f1609514e1e,2025-06-14T10:16,7,154.91,Online,Cancelled
60b1a81f-8051-400a-a516-0f1168a463b1,52c87fd9-fdf0-4256-b929-6153ad24a0ac,2025-11-03T10:16,2,18.06,Cash,Pending
0624df71-2d08-4bb9-958a-95791abe1d86,6aaabc79-3d35-410f-bb96-f86a3930d0ff,2025-10-18T10:16,4,55.08,Card,Completed
e9c745f2-dc59-426d-bebd-e2197647c3cc,6117b6f0-c4f4-4bf1-9eeb-f33950decba8,2024-07-09T10:16,1,12.76,Online,Pending
62faf161-f9ec-49da-b5b2-a602bdc38116,25659c0e-6eb5-4c57-add8-fb6ac5f42699,2025-09-17T10:16,9,184.95,Online,Cancelled
9fa1a944-a798-4c6e-aae6-76c45973762b,205ea7f7-e714-45b8-a083-11247ff702a1,2025-09-07T10:16,7,110.18,Online,Completed
e9fe60a2-6edd-4a5e-a8c4-cb62afbba7ec,05ccd8a5-ea5f-4353-bd1e-3022152b0685,2023-11-19T10:16,4,106.76,Card,Pending
5de50fa5-77e0-44b1-be93-a3fd07b7deee,5400d214-6176-40bf-88d2-3f53ed38bf69,2024-07-20T10:16,9,265.77,Cash,Completed
db933daa-e895-477f-917c-599f1d13bdda,7a18d550-38d0-40b2-84a7-547162e7e409,2024-04-25T10:16,9,128.52,Cash,Completed
e7003590-0ee7-4c64-9697-d9063acc0bae,d5cfb1a3-ce2f-4aff-ab4c-50e0c5426af1,2024-04-30T10:16,4,22.76,Online,Cancelled
399894bb-70df-4b41-888c-26bf60cca1b8,1d32c3b3-c732-4995-aa6b-ff159deb3bdf,2025-07-28T10:16,9,205.38,Cash,Cancelled
89cca2dd-c77a-430d-9f2f-17b67abb5c10,bb6bf39c-f455-4e08-a59e-1bdaaa91d4aa,2025-08-17T10:16,9,173.70,Online,Cancelled
54dddc63-c7d6-4faa-b7de-b51b9fca7529,1a48aa9a-def3-481d-922a-94300aa97309,2025-10-08T10:16,9,99.99,Card,Pending
aeef45a3-6afa-42e4-99b6-531cf50f90c4,bb9edfa8-17f7-4f6f-8e3b-616693a298b1,2023-12-09T10:16,9,262.35,Card,Cancelled
dc749dc2-b592-4711-9658-2c21a4a3e64d,b047b369-02d0-4f25-9af0-f1e883228863,2024-04-02T10:16,7,166.32,Cash,Completed
64a0f6be-6ae1-446a-9544-05614279e71c,a938df5f-7764-459c-8bfd-90409d16b3c6,2025-02-26T10:16,8,104.40,Cash,Completed
b99fb583-6980-4251-80c7-a26f36c1c3f9,ef7fad1f-a86f-4ee1-95b4-ce1f339f0fa5,2025-07-27T10:16,2,15.16,Cash,Cancelled
89a86fb8-b900-4fec-ab18-94c552f88c73,2ca088cd-c6c6-4e60-a1a4-d2990ee21b12,2024-10-30T10:16,4,67.28,Online,Cancelled
59c75dee-7902-4091-b191-f03907449f1f,dcfb3d05-846d-4915-99f3-ebbc7559d972,2024-04-29T10:16,3,66.42,Online,Pending
9f131b85-b4d0-4d90-84c4-37f70afdca6c,52fbb114-83aa-432d-b2f1-f3e37a5c4754,2024-05-04T10:16,5,35.15,Cash,Pending
68126bb5-b8af-41ea-ad2f-feac9e555cf2,8b115a34-224b-453c-be69-b53a7445b466,2025-02-22T10:16,4,116.32,Online,Completed
c0388a52-0635-43c8-b03d-66bdb7d115ef,d87f31d7-79ef-4c17-856e-142e791b04da,2024-10-26T10:16,3,88.50,Card,Completed
db53aa12-668e-4058-8c55-d0e484ea83aa,f90cf3ca-e2d0-4129-bc7a-e8a2b80880da,2024-09-17T10:16,9,127.98,Card,Completed
76f72bb8-6d54-4b58-be06-8e95b00277ca,3dcaabe3-78c9-4d88-bed5-56ca7ceea07c,2024-10-02T10:16,2,32.62,Card,Completed
0467d146-54bf-491b-88c5-f85bd4d8239c,05ccd8a5-ea5f-4353-bd1e-3022152b0685,2025-07-01T10:16,7,86.52,Cash,Completed
87907956-7394-4114-927f-53e3089d79f5,c0d74d86-5c5b-481d-b8e3-61eeb9c77255,2025-02-06T10:16,4,37.76,Card,Cancelled
93e93c11-e4a6-4d36-b937-538fba142a34,0a5a9fc7-e126-48f0-99aa-dea85c606f66,2025-06-02T10:16,7,197.47,Card,Completed
9f031826-a494-46e3-99a9-1a441de50665,2c6dafc9-06cc-4b3d-8b8d-12aae0644c58,2024-03-24T10:16,7,147.63,Card,Pending
82619c82-086a-4b7c-b587-e7a4779b564c,46032f36-69bc-465a-9b33-a5d560bfd77a,2025-06-25T10:16,1,7.70,Card,Completed
f97031b7-2412-42cb-9438-228b65d4502a,d5eaf6a7-76cc-48ec-98d9-ba713e2df70f,2024-11-01T10:16,9,243.27,Online,Cancelled
b52bf782-40eb-400f-aa34-025f5ea4c233,bb6bf39c-f455-4e08-a59e-1bdaaa91d4aa,2023-12-23T10:16,6,78.48,Card,Pending
48f2dad4-8cf5-4cca-bf75-c753e66f5fd1,d5eaf6a7-76cc-48ec-98d9-ba713e2df70f,2025-10-02T10:16,1,7.34,Card,Cancelled
44b8547e-08b3-4ecd-bd85-f3e6d21aba57,ba5d9947-b043-4aca-8ee0-6b77895cf8e8,2025-05-08T10:16,1,15.41,Online,Completed
53811fa9-a382-4100-ada7-79ca16acded6,bb6ceda0-3f7a-4dfa-9862-41a88dd468b2,2024-09-27T10:16,1,24.16,Cash,Cancelled
7cf53fb9-5cd7-4e3c-b83e-f8e7239a8fee,0b2a0e9a-e050-4380-b607-57adcbbf59d4,2024-04-20T10:16,4,20.52,Online,Pending
24e98b80-9219-4de0-bcde-56fe27586110,b6c26110-1b77-4777-8c79-c69ec19b66df,2024-03-03T10:16,3,72.42,Online,Completed
96cd0520-26c4-4455-910f-3c2d3541d262,0a570207-0f70-467f-bbeb-44a0a60a9a25,2025-08-09T10:16,9,154.71,Cash,Cancelled
0810734b-81e3-4a1f-b3bf-2ad1fd503ab4,f543de06-e341-4de2-95ab-ca0fd3ee51fe,2024-06-07T10:16,1,17.42,Card,Cancelled
07cbeafe-edf7-4cc8-af7c-3a0d28e74ce6,1407e9cf-22c9-4137-a2fe-cc12dc038235,2024-01-03T10:16,5,71.55,Online,Completed
69e907bc-c4b1-48bc-b7f3-296d67d460af,ec3490d2-e8da-47ee-ae12-0ca0b1d7a2bb,2025-01-08T10:16,8,217.36,Cash,Completed
2e90b631-0753-4ded-a364-c4f535401b0b,428424b7-1f94-496a-8b7a-497ce177d32c,2024-09-19T10:16,1,28.39,Cash,Cancelled
c6c4f149-b549-4606-8fbc-68f5a3d4cb8d,8113211c-bdc3-4bb0-94d9-3fd3871f3005,2024-11-11T10:16,6,87.72,Cash,Completed
be2d76f9-3c98-4aee-8f7d-ac7db2a5fe21,401a6911-a31e-4892-adc1-56e3e1eb090a,2024-09-11T10:16,9,162.54,Card,Pending
22eaf286-cc8b-4459-bdba-498e38b0bdee,b3688304-b24b-416a-9bf4-c2b6aaeb59d3,2025-09-27T10:16,2,51.04,Cash,Cancelled
cfd555bf-9b4d-4484-943b-1d868db823ac,4b14a58c-f1e4-40b6-888d-a88cd7055099,2025-07-24T10:16,6,169.08,Online,Pending
fc58db3b-d18a-41d9-bdc3-5736970c82b3,1eeb9c5f-5b7a-47af-b4f1-5a50d9d1089c,2024-10-22T10:16,5,64.10,Card,Pending
9215aa39-85f4-4a34-8693-25b1c7839cc2,0d463f72-c3a1-4a2b-8d0d-1721a0d1a06b,2024-04-17T10:16,9,98.28,Online,Pending
caf895c8-e2e1-4481-a015-82aed87a8241,6c6a3b10-9747-4dca-a041-4edc22d147b0,2024-09-14T10:16,4,86.52,Cash,Pending
8201ebd7-26a8-411e-925a-220ebc86e501,02c65c06-56ad-4670-b8e2-10ab417c7154,2024-07-19T10:16,3,16.95,Online,Pending
d1fdb0e1-c605-4177-9945-e9b510825070,9305d562-2505-493d-8ed8-3fb721c8f491,2024-09-10T10:16,1,6.80,Cash,Cancelled
364c2be5-dfa1-4d43-af5f-38aff600dd5e,0a5a9fc7-e126-48f0-99aa-dea85c606f66,2024-11-19T10:16,9,107.64,Cash,Cancelled
3c3e2c5b-a37f-496b-b7b2-caa443086061,0a570207-0f70-467f-bbeb-44a0a60a9a25,2024-08-12T10:16,6,50.64,Cash,Pending
66c757d3-5ad4-4cf7-adfe-a79da7bb77c3,103fcba5-5588-45a5-9fe0-6ac948d3860e,2024-07-15T10:16,2,48.58,Cash,Pending
6b7bf428-52f4-403e-9cd0-ef981ddffd34,77ca464a-fe0d-4dcc-8f08-3eb2f7b64f76,2025-09-19T10:16,6,133.92,Card,Completed
e85308c1-1397-4d81-9ec7-bca1a13f89f0,46032f36-69bc-465a-9b33-a5d560bfd77a,2024-12-29T10:16,7,117.74,Online,Pending
9d7dedf7-cabc-45f1-a4a4-8a6e94c4e52c,d5cfb1a3-ce2f-4aff-ab4c-50e0c5426af1,2025-06-08T10:16,5,138.05,Cash,Completed
a0d998a1-6e34-4305-8573-b92963a10d81,8887df7e-682b-4d48-b18c-c1ddfa0aaa26,2024-09-06T10:16,2,27.36,Online,Pending
c0a3b22b-e976-4e15-922c-08e987623ca1,d33bbfcd-a2ca-4e80-8a1c-65223f061e7e,2025-01-08T10:16,5,85.85,Online,Cancelled
ee4fd369-a54f-4baf-a1d3-3fb496eeb35d,b0d737cd-ec4b-4a88-aa81-d012ef3fb719,2024-03-30T10:16,3,89.01,Online,Cancelled
be651475-9006-4db0-98e9-29cb23ad91a1,52f5634d-de98-4543-8a1e-cbf1e2d0242f,2025-07-30T10:16,9,251.10,Cash,Cancelled
8cff24b0-1e39-42d7-b436-6e61ed3ba108,6e551d53-4f6d-4b84-a9de-3d7c79694805,2025-05-30T10:16,6,91.32,Online,Pending
cb257d08-8407-4979-aadd-0aeaaf4395e6,e12c3d24-86c8-474f-b86b-370df36adbfe,2024-05-31T10:16,4,104.24,Cash,Completed
7824d3e8-4e71-4a8c-9645-06ad6712023d,f0a6a958-e434-41bf-a830-dffa55a34db5,2024-03-30T10:16,9,266.76,Online,Completed
6785538e-0db7-4582-b51f-6223662a1c39,000f9c8f-2fc7-4346-844d-c04f10751265,2024-02-05T10:16,3,63.06,Cash,Pending
52401cde-e6d0-48cd-84ec-c17cc280442c,7509850a-5062-4da9-aad6-bc5b9e363ef1,2025-10-11T10:16,4,88.48,Online,Cancelled
aac5c486-62d2-4e50-8edf-2c0f71fb0e53,1407e9cf-22c9-4137-a2fe-cc12dc038235,2024-04-22T10:16,5,142.50,Card,Completed
1a3fdbff-b3f4-44ad-b5c7-0c80094e9245,6f61ca8e-51a1-48e0-abfa-88326e713e34,2025-05-28T10:16,4,114.04,Card,Pending
52b4354a-841f-4c84-a282-58f2c0a92d8f,d5cfb1a3-ce2f-4aff-ab4c-50e0c5426af1,2024-11-18T10:16,2,43.02,Card,Cancelled
6a9ba216-c8ce-48c7-8466-9d74ebdeb54c,885715b6-b1eb-44ca-8460-28c0343e56f3,2025-06-08T10:16,9,155.97,Cash,Completed
6aaed0a9-65bc-47b4-862e-fbe43ff7b245,d7af10ce-45c9-4fc8-8dd8-b1c5491aad5f,2024-05-03T10:16,4,45.44,Online,Cancelled
7ba8342e-c447-455a-b952-df0619f5ebcd,515fe1d2-d33a-4b9d-8c19-07e0cbe81a9a,2025-09-07T10:16,7,83.16,Card,Cancelled
f59d271e-922b-48e6-bb3d-c742bcd59461,26d032f1-9fe9-487a-987a-a8be14e1db05,2024-10-16T10:16,9,179.37,Cash,Cancelled
050c0e16-5ee6-4dce-8606-59f3d1fab473,21edfc22-3f73-4335-a774-3cf78ab65e86,2024-09-22T10:16,9,106.74,Card,Pending
feac7119-719b-489c-8844-e13e28b4e0ff,2c6dafc9-06cc-4b3d-8b8d-12aae0644c58,2024-06-22T10:16,4,64.68,Cash,Cancelled
a55d7dc1-0633-4561-a3a3-52d14b68aae1,53db1213-7316-47bb-9099-c1def0e3c96b,2025-07-20T10:16,1,17.70,Cash,Cancelled
7d4f005e-f06f-4268-967a-07b1ef2b8433,bb9edfa8-17f7-4f6f-8e3b-616693a298b1,2024-01-28T10:16,8,77.04,Cash,Completed
b8065e3d-e820-4e59-b6a4-d3fdbff5aa57,6c3bf618-a715-40f9-9faa-cfc5f5beef2f,2024-09-13T10:16,1,9.42,Card,Pending
6f842fd0-9117-418c-835a-7f2b5c316c19,ceafdb2a-788d-48e0-acdd-bd533a2e7ab6,2024-06-26T10:16,1,9.08,Card,Completed
5564f936-d47a-4b68-bbad-d0bd74c7964f,e119f98a-df63-41dc-8e01-bb49ca2dc724,2025-07-14T10:16,8,96.00,Cash,Pending
42b9aae7-9281-4fa2-9415-35103a19e00a,ff4db0d8-e809-46e8-9ae0-78ffee4902d9,2025-05-22T10:16,5,122.85,Online,Cancelled
8bbaa351-02d8-451a-a3e8-d7c4960d9298,103fcba5-5588-45a5-9fe0-6ac948d3860e,2023-11-25T10:16,4,27.80,Card,Completed
f0ef8710-208c-4bca-b048-aa955059c2ea,ef7fad1f-a86f-4ee1-95b4-ce1f339f0fa5,2025-09-03T10:16,6,122.82,Cash,Completed
9983c3c5-505e-4e7f-8629-c3ebb8acf79c,3910ab11-8758-4a4f-8a9b-c4f5df7413c4,2024-06-27T10:16,8,158.56,Cash,Cancelled
68bd4c54-56a1-4c70-8d16-8b0ae494a681,365c90d0-a590-4209-9401-2ce55af5ed98,2024-07-30T10:16,9,93.78,Cash,Completed
92225eea-bd50-40a2-bfd9-38f1d9eae743,0d463f72-c3a1-4a2b-8d0d-1721a0d1a06b,2025-03-07T10:16,3,31.38,Online,Cancelled
00a49ccb-29d1-4707-b233-8e19197f2fb0,bfa3444b-2be9-46be-b944-720d86a59770,2024-12-20T10:16,3,29.55,Card,Completed
56f53727-1ec0-4bcf-b3fa-c891e8033362,52c87fd9-fdf0-4256-b929-6153ad24a0ac,2024-11-04T10:16,3,64.38,Card,Pending
2789e4b0-072f-4a67-9220-126db39931d3,25659c0e-6eb5-4c57-add8-fb6ac5f42699,2024-08-05T10:16,1,17.51,Online,Pending
4e669938-b652-4f1f-9344-55362d11398a,5f0f3def-9ff6-4282-ad04-001c4a769966,2024-01-28T10:16,7,77.28,Online,Cancelled
fb86c1be-3539-4cd6-afcc-9a7848ad6db4,98b17fed-218c-4f20-8410-9f0edfc74455,2025-09-04T10:16,8,168.56,Online,Completed
958b80f7-8494-4d26-964e-9d2dd15cd768,ff4db0d8-e809-46e8-9ae0-78ffee4902d9,2025-09-26T10:16,1,9.00,Online,Pending
ecdafa3a-f6d0-42f0-beb7-c1214bf35be1,c9dcc28a-ae5f-477c-ae7e-72d94129f449,2024-01-01T10:16,8,75.60,Cash,Pending
fe4f3329-be03-4449-9f7a-660f2243e0ed,a190f67b-21df-46bc-8164-46bdfa00af85,2025-03-30T10:16,7,105.56,Cash,Pending
a8452c11-62b8-4c8a-a1f0-bb174db8bcbb,9305d562-2505-493d-8ed8-3fb721c8f491,2025-02-03T10:16,9,240.12,Online,Cancelled
5bba352a-88c9-4dac-8487-8f4428c6df38,0fcf4084-ea31-49f8-99f9-9bf8c8b0c16b,2024-02-25T10:16,4,73.56,Cash,Completed
09486bf4-fdf0-4db1-8a22-bdc37d9980e4,983d66ae-c8b0-46b8-8abc-26a1055cf729,2024-03-20T10:16,9,134.28,Cash,Pending
0bae6cae-8ac8-4260-bf5d-3b0f2c115989,e6cb1215-5314-4d05-bfd1-f6e5d36e89f7,2024-02-10T10:16,4,55.08,Card,Completed
c3fac7ac-787f-425c-99a1-af86feca905b,e12c3d24-86c8-474f-b86b-370df36adbfe,2024-06-11T10:16,8,118.32,Online,Completed
87effcfe-d6ea-49a2-826e-1f008a0b0fac,9c53f3f8-5b22-4d77-bd76-cfa6c70e443c,2024-11-04T10:16,9,179.91,Card,Cancelled
76a376d0-1e06-40ec-b093-9035f1d0aa1c,bb9edfa8-17f7-4f6f-8e3b-616693a298b1,2025-01-20T10:16,7,190.96,Cash,Pending
20df1a1f-7425-494f-9a32-58f5adb2e988,c1a09d60-c9e8-4489-a68e-e01b51541d33,2024-06-09T10:16,6,61.20,Card,Cancelled
3d8123c9-d192-42a8-9a34-7440af7455a3,ba5d9947-b043-4aca-8ee0-6b77895cf8e8,2024-04-12T10:16,8,232.40,Card,Pending
7825183d-5a96-4cba-ab71-e7d5cfd19cbf,39cb44e2-a541-4b98-bc0b-db5f31cf8710,2024-05-01T10:16,2,18.66,Card,Pending
608b345c-5170-4cc8-b4e4-ad1109dfdf7f,b047b369-02d0-4f25-9af0-f1e883228863,2025-09-12T10:16,2,11.78,Cash,Cancelled
12c345cf-b733-494b-8377-3a9f144927bf,515fe1d2-d33a-4b9d-8c19-07e0cbe81a9a,2025-01-16T10:16,9,267.93,Card,Cancelled
6559cc8f-5352-4ee1-97e2-f06b022c87aa,8f7f530b-bb30-4a05-b437-744ed30af54f,2025-10-31T10:16,9,233.82,Cash,Completed
d3c9a9f1-0781-480a-9ff0-c2d43fdaa15e,49af098b-bf79-4643-8e49-739ea932d38b,2025-04-22T10:16,9,68.76,Card,Completed
2579bef9-c242-4a71-85bc-b8bb00b75581,b047b369-02d0-4f25-9af0-f1e883228863,2025-03-19T10:16,3,66.03,Online,Cancelled
2b45dc10-110e-4d85-91dc-bf1bc550af90,2a109685-1399-4149-8951-fba29bb0360d,2025-08-14T10:16,1,8.66,Card,Pending
a9aedccf-5755-46b8-988f-6690d750c662,65b2c0ea-6192-47fc-9286-2c1dd3ecefb1,2025-04-23T10:16,4,111.84,Online,Cancelled
b2796505-478c-4b70-8141-128e0245f686,6aaabc79-3d35-410f-bb96-f86a3930d0ff,2024-10-13T10:16,5,104.75,Online,Completed
cc6a0c76-71d8-41ae-b4bf-e6410474d3a6,0b2a0e9a-e050-4380-b607-57adcbbf59d4,2025-08-07T10:16,6,87.90,Online,Cancelled
a27069db-d3e7-4898-955b-409d08b3901a,e886c155-0dae-4b36-88f5-a86fa474d1f6,2024-12-09T10:16,5,81.90,Card,Completed
768b8886-63a1-44f8-9e99-c1cd735bf8e4,e38afcd9-9e08-47ba-bc92-5ebb4bc271eb,2023-12-27T10:16,5,77.90,Card,Completed
ccd3a23b-7054-47e3-84b8-353f3aec58b4,4f6ae324-5b6d-47d6-a86d-26ec6fbe1e0e,2024-08-26T10:16,4,56.92,Online,Completed
db22da3b-237f-4481-96ad-d9e9876ea7d7,b04ce307-2d1f-4214-b023-d8f4379041a1,2024-10-02T10:16,4,90.20,Online,Cancelled
2cdc7593-1895-465b-b55a-5544699c7156,b047b369-02d0-4f25-9af0-f1e883228863,2025-10-09T10:16,5,109.00,Card,Cancelled
345b3a33-b516-4548-9c16-af8589ab408a,795088d7-d227-422e-ad8c-f048bde0675e,2023-12-02T10:16,7,118.09,Cash,Cancelled
c1b01fbc-c004-44a7-8ee3-9ee27b6d31ef,b90a3a7f-421e-47e5-8598-fe50f365a62e,2025-08-12T10:16,9,137.79,Online,Completed
ec8ced2f-06f2-45c9-8ca8-936d5c0899f8,67c276b0-7be6-4f3c-bf86-c342095c8112,2024-09-20T10:16,6,124.20,Online,Cancelled
42ddde84-d2f1-4cbd-88f7-b6751374f881,1a48aa9a-def3-481d-922a-94300aa97309,2023-12-05T10:16,7,81.41,Card,Cancelled
eb8c43f1-fd13-42b3-b48a-41215c2a28b5,ceafdb2a-788d-48e0-acdd-bd533a2e7ab6,2025-09-04T10:16,5,127.05,Cash,Pending
f7ba0aa5-8bca-410e-a108-5365d7608f24,52f5634d-de98-4543-8a1e-cbf1e2d0242f,2025-04-13T10:16,3,68.16,Card,Pending
fc9a5e23-5993-4362-895b-9306e1f52e70,b95f7619-fab2-4df9-8683-1f2aeb93a660,2025-08-01T10:16,9,104.04,Cash,Pending
2a9100a1-6b54-49bb-b0f4-bcbdf49254a1,5eb75bc0-d5fa-4209-9d42-7767f3f0585b,2024-02-21T10:16,7,200.34,Online,Cancelled
64701d3d-a4d1-4a56-acfc-18e52541ff8d,b3688304-b24b-416a-9bf4-c2b6aaeb59d3,2024-03-05T10:16,5,99.85,Card,Pending
fb61b557-b465-4039-87a1-66ba1e5ec135,103fcba5-5588-45a5-9fe0-6ac948d3860e,2024-10-14T10:16,7,200.48,Card,Completed
64334135-eb5a-4af9-8059-88cb6a7f1950,b95f7619-fab2-4df9-8683-1f2aeb93a660,2024-10-26T10:16,6,148.86,Online,Cancelled
f6826fae-1bd7-4f69-abae-fa055cb79959,6aaabc79-3d35-410f-bb96-f86a3930d0ff,2025-02-17T10:16,4,63.56,Card,Pending
5e876883-6fcf-4e32-82fb-c23fdb98a288,726d71e2-70fd-4416-8568-78619c14a73a,2025-02-09T10:16,9,209.88,Cash,Cancelled
9494bedd-bd3f-4476-b25e-166ab6959d59,953417c6-cd52-45e9-9ca0-bb450653c934,2024-05-02T10:16,5,67.15,Cash,Completed
aca40e19-b246-4b79-9aa3-b7d16ba6fcf1,ff4db0d8-e809-46e8-9ae0-78ffee4902d9,2025-02-16T10:16,3,45.48,Card,Completed
0f693df4-44c4-4e51-9d29-3d97a589ce0d,ff4db0d8-e809-46e8-9ae0-78ffee4902d9,2024-12-28T10:16,4,35.88,Card,Completed
0f292542-44dd-4ec6-a846-12dd28deac1d,6945f6f4-b8f9-4d04-90ff-e59ed705578e,2025-09-28T10:16,3,51.78,Card,Completed
00226ee8-ec73-490f-8dd1-524173618f57,b3688304-b24b-416a-9bf4-c2b6aaeb59d3,2024-06-14T10:16,6,97.62,Online,Pending
2635731d-8c0c-4ac4-958e-d9851ab8d115,c83bba2f-5229-4998-9566-1f3179b13e8a,2024-08-17T10:16,9,257.04,Cash,Completed
76ecf565-9728-42a4-bade-3e2c0c82ddfa,209e786b-2a61-4e52-a3b2-1cc98bcbf18c,2024-11-16T10:16,4,38.92,Cash,Completed
f442c337-8b3f-49db-bdc5-c4c208ff2547,b047b369-02d0-4f25-9af0-f1e883228863,2025-04-13T10:16,4,109.40,Card,Completed
7b41e56a-6e5f-4e97-ba7d-ec29a4047222,ebbc7df0-770d-44f8-b0ff-c62f9006e40e,2025-06-23T10:16,3,68.43,Online,Completed
6ea81536-9d0b-4cf6-8b56-a82dbd39cd25,fbe227d7-6d32-4407-9783-7fdac983e55f,2024-05-11T10:16,8,78.64,Cash,Completed
32687047-cf9a-414c-8889-29accbdfaae0,0e0d5f13-edd5-4ab0-9ddd-3df111bedc5a,2025-02-05T10:16,5,85.50,Online,Completed
3d277dcc-8cca-451c-9ecd-681a1840c850,67c276b0-7be6-4f3c-bf86-c342095c8112,2024-06-16T10:16,8,234.64,Card,Pending
84e6c719-440e-4895-b8ab-9a7b1a9860a9,c0d74d86-5c5b-481d-b8e3-61eeb9c77255,2025-03-07T10:16,7,165.90,Cash,Pending
58252bbd-bf34-41b4-a941-856e40d7881f,0d463f72-c3a1-4a2b-8d0d-1721a0d1a06b,2025-05-06T10:16,7,193.34,Cash,Pending
ab9d90f0-d345-4cfc-9a2d-203ace4f56e8,795088d7-d227-422e-ad8c-f048bde0675e,2024-10-17T10:16,4,22.36,Cash,Completed
9ecd0bf9-b9d8-4417-87e5-22862ad61af6,98b17fed-218c-4f20-8410-9f0edfc74455,2024-11-27T10:16,7,58.80,Card,Pending
b1a60a2e-91c2-4606-b6f9-c672dd73fdc2,98b17fed-218c-4f20-8410-9f0edfc74455,2024-09-09T10:16,1,28.45,Cash,Pending
52852114-b94e-4be5-873d-066a3a426386,89d26a00-0fde-4c03-8430-b06f6bc3f33a,2025-03-09T10:16,8,195.44,Card,Pending
ecfa9589-a0df-4eeb-ab71-7c8e4b0687f5,7a18d550-38d0-40b2-84a7-547162e7e409,2023-11-26T10:16,5,26.60,Online,Cancelled
3f7884da-e651-420c-a60a-d951da2abdd0,caad7924-4bc5-4f85-9662-11ca261e3c87,2023-12-18T10:16,9,267.84,Card,Pending
12311a88-ed61-4963-8fb6-677acb13365a,fbe227d7-6d32-4407-9783-7fdac983e55f,2024-06-20T10:16,9,199.71,Online,Completed
6b725fad-f90d-4cce-b19f-20525de73cd8,b04ce307-2d1f-4214-b023-d8f4379041a1,2023-12-27T10:16,2,57.26,Cash,Pending
c8af377d-ea08-47a8-aa15-0ab103056450,05ccd8a5-ea5f-4353-bd1e-3022152b0685,2025-09-26T10:16,5,117.15,Cash,Pending
2d58cd91-9762-4aff-8a03-9544f5b6a7c9,d87f31d7-79ef-4c17-856e-142e791b04da,2025-05-21T10:16,1,25.55,Online,Pending
056ea79b-2eed-4a43-a451-99f5772924eb,8250871a-2b35-424e-a1a1-4eb4faffabfb,2024-01-05T10:16,1,26.98,Card,Pending
b8cabe1b-014e-48c0-ae4d-6aa2977a2432,69446e90-4237-4410-ab55-e011eb04cce0,2024-12-03T10:16,2,46.80,Card,Completed
202991c9-3877-4e0b-bee1-5ef90fd866aa,6f61ca8e-51a1-48e0-abfa-88326e713e34,2025-06-17T10:16,9,132.75,Online,Completed
0a4ad8d5-e06a-42d9-8281-f038859687b4,9b9edd1e-b4f7-414c-b8b5-a3dc51fa0a8c,2024-08-06T10:16,3,27.69,Cash,Completed
22ae1d5f-d022-4838-852c-0a6cd9c15fbc,4f6ae324-5b6d-47d6-a86d-26ec6fbe1e0e,2025-09-10T10:16,8,167.92,Online,Pending
0ed593dc-d67a-4c65-9c16-b0965670bccd,209e786b-2a61-4e52-a3b2-1cc98bcbf18c,2024-11-07T10:16,5,57.30,Cash,Pending
8c6a472b-82ec-4d17-8927-aead09f399e9,209e786b-2a61-4e52-a3b2-1cc98bcbf18c,2024-07-22T10:16,4,36.92,Card,Completed
a6150118-cad1-4de6-8892-58627cb685b9,6aaabc79-3d35-410f-bb96-f86a3930d0ff,2025-05-12T10:16,6,70.44,Card,Cancelled
54121814-5147-4290-b2c7-0ff8c967c751,515fe1d2-d33a-4b9d-8c19-07e0cbe81a9a,2024-02-11T10:16,1,7.06,Online,Pending
9d5a1c15-1436-41ee-8315-b50ac1a615cb,a938df5f-7764-459c-8bfd-90409d16b3c6,2024-10-02T10:16,9,265.50,Online,Pending
3ee5b721-90dd-404a-b6af-c99b5581715a,e119f98a-df63-41dc-8e01-bb49ca2dc724,2025-04-14T10:16,6,42.12,Cash,Pending
6f387fcf-e8fb-4a0d-aedd-5063713b123a,0130fcd4-a6cf-4a72-8400-7bcae1abce34,2024-11-27T10:16,6,103.08,Card,Completed
f34526ba-ebc6-49d8-8284-a7f1adf1e8c3,983d66ae-c8b0-46b8-8abc-26a1055cf729,2025-09-21T10:16,2,44.10,Cash,Cancelled
4870499e-ae91-4a00-9f4b-4f0ae0f5b683,6aaabc79-3d35-410f-bb96-f86a3930d0ff,2024-04-13T10:16,4,93.28,Online,Cancelled
0355ea0d-80ca-49d6-babd-1330c7ea1361,cb8747c7-32ca-4b6b-868d-13ab01d953ec,2025-07-15T10:16,7,42.00,Cash,Cancelled
8d6aad30-29c7-47a9-8504-f83b0dca969b,fdb5454e-2230-489e-ade4-9218ff28cbd8,2025-02-02T10:16,4,97.64,Cash,Pending
3c7887c9-8974-41d4-b295-39ede7680483,fbe227d7-6d32-4407-9783-7fdac983e55f,2025-04-27T10:16,4,95.76,Cash,Completed
3124751f-d202-465b-9e9b-3b57ff2f8e76,1407e9cf-22c9-4137-a2fe-cc12dc038235,2024-04-30T10:16,5,35.10,Cash,Completed
8dd9ec72-31c3-4b3e-8e5a-6163725468dd,52c87fd9-fdf0-4256-b929-6153ad24a0ac,2025-04-07T10:16,8,131.76,Online,Pending
a05fccea-64ce-4f57-8cf6-38bc6cc132e8,6c6a3b10-9747-4dca-a041-4edc22d147b0,2024-07-02T10:16,9,46.98,Cash,Pending
41c75ab0-f31b-4557-8431-c3fdc04b2c6d,365c90d0-a590-4209-9401-2ce55af5ed98,2025-07-22T10:16,9,164.25,Card,Pending
a683b9f9-c87c-42d4-9ef1-ad96ee556aab,aff4340c-d102-49ba-af8e-84d2737ce82c,2025-05-01T10:16,5,36.85,Cash,Cancelled
47a9f760-51df-4619-a843-30a1513253d2,4e6807ca-aed8-4ec9-b1b0-0e3aba57efb1,2025-08-15T10:16,8,113.92,Card,Completed
c067a900-02b2-40ac-8979-bbc21e94a85b,401a6911-a31e-4892-adc1-56e3e1eb090a,2024-05-12T10:16,7,44.24,Cash,Pending
32b30049-0e12-4b88-ad2b-8c9570bd47d5,7d2df59f-386d-4aec-85a8-2443262a0cb4,2024-05-07T10:16,7,197.54,Card,Completed
8ee0830a-3371-4066-967b-6c7a3c526281,69446e90-4237-4410-ab55-e011eb04cce0,2024-09-17T10:16,9,257.04,Card,Pending
8b4dce6b-9173-4ed8-a515-54aa60498205,0a5a9fc7-e126-48f0-99aa-dea85c606f66,2024-07-08T10:16,1,7.64,Online,Pending
966b4375-13cf-422e-a5d1-2866952bd4fb,103fcba5-5588-45a5-9fe0-6ac948d3860e,2024-06-25T10:16,3,47.31,Cash,Pending
8d773bac-6f6b-4ff9-9468-8a0065ec30c4,795088d7-d227-422e-ad8c-f048bde0675e,2025-06-26T10:16,6,153.90,Card,Cancelled
d2d11ffa-bd5b-4825-8167-7925215726d6,5eb75bc0-d5fa-4209-9d42-7767f3f0585b,2025-09-06T10:16,9,119.43,Card,Pending
c084e75e-aed6-4596-a3ab-6a342ee45f5a,7c991f43-c18b-4404-8826-97691b0dc00c,2024-02-15T10:16,3,53.91,Online,Cancelled
c55939c4-5346-4cb9-8fb3-7c0cac761d44,d33bbfcd-a2ca-4e80-8a1c-65223f061e7e,2025-02-11T10:16,3,47.85,Cash,Pending
6d49f678-553c-4776-9fde-887586094efa,6b1178fc-1745-401d-88da-3903c243ebe9,2025-08-19T10:16,6,99.18,Card,Completed
1cef2a7c-410d-46c5-914d-abafb2e5472f,103fcba5-5588-45a5-9fe0-6ac948d3860e,2025-04-22T10:16,8,126.32,Card,Pending
dc7f44b4-92f2-41d4-8a43-d39e323ec366,3ab3404a-ee80-4ed2-8d90-a6f0dad14e48,2023-12-06T10:16,9,243.72,Card,Completed
a0a4d034-e646-454b-a61a-bb86e8a63a24,c46351bf-193f-49af-a5d6-456188837c3d,2024-04-15T10:16,6,148.14,Cash,Pending
55b36933-22e8-4666-9bc5-c057877d19c6,e886c155-0dae-4b36-88f5-a86fa474d1f6,2024-07-27T10:16,7,78.75,Cash,Completed
542b5d02-fcf8-4b62-9c4f-4804fc96395d,39cb44e2-a541-4b98-bc0b-db5f31cf8710,2024-10-06T10:16,7,54.39,Cash,Cancelled
734b0588-b170-4188-a54b-b3374596823e,0df3bae1-6384-4856-aa27-aef9f6c48b75,2025-10-10T10:16,9,252.81,Card,Pending
9262f83f-985b-439e-98d3-050b61f40851,c1a09d60-c9e8-4489-a68e-e01b51541d33,2024-10-05T10:16,8,77.68,Cash,Completed
141e9d10-b6ff-4e64-9329-0d77edd7d8cf,3dcaabe3-78c9-4d88-bed5-56ca7ceea07c,2025-03-11T10:16,6,175.08,Online,Pending
5eae0e09-9853-4420-b721-8507adbfe390,caad7924-4bc5-4f85-9662-11ca261e3c87,2025-11-02T10:16,1,26.21,Card,Completed
7769c86e-d96c-48de-ad7d-2bf1d4d8299e,1eeb9c5f-5b7a-47af-b4f1-5a50d9d1089c,2025-11-10T10:16,2,34.26,Cash,Pending
b3561ce6-851d-4c3d-9c90-b5f1e950134f,9fa382f0-8393-48db-ad30-43c953282401,2025-09-29T10:16,9,72.90,Online,Completed
e401493e-5c76-4dfd-8400-d0bacaa157a7,caad7924-4bc5-4f85-9662-11ca261e3c87,2024-09-27T10:16,2,57.02,Online,Completed
9ab1ad9f-0658-4be8-a4b8-7a37d7f539df,401a6911-a31e-4892-adc1-56e3e1eb090a,2024-05-19T10:16,8,222.48,Card,Cancelled
cfa128fb-b1bc-4404-984f-e579647f45e2,f543de06-e341-4de2-95ab-ca0fd3ee51fe,2025-07-15T10:16,6,45.48,Cash,Cancelled
2a391930-3f04-4498-a999-da58fb81f1ae,6945f6f4-b8f9-4d04-90ff-e59ed705578e,2025-09-06T10:16,5,72.50,Online,Cancelled
0cc0b59c-d901-4d12-a4af-803522c1f01b,8f7f530b-bb30-4a05-b437-744ed30af54f,2025-06-30T10:16,1,20.69,Online,Cancelled
723d2e6c-0f26-4f86-9b91-1f627ec23c34,2c6dafc9-06cc-4b3d-8b8d-12aae0644c58,2024-10-07T10:16,5,25.85,Cash,Pending
1782e33b-ec71-44a6-9742-bfb2b675a872,cb8747c7-32ca-4b6b-868d-13ab01d953ec,2024-11-16T10:16,8,96.00,Cash,Cancelled
f23dcfb8-8536-4d78-92e9-d5e0131f1f9c,0a15d43b-8f6b-444a-bef2-ffbddfdbd16f,2025-02-28T10:16,7,78.40,Cash,Completed
3b7c0259-a6db-4f9d-8658-f66554e8a820,485b65e7-fdf4-474d-afba-37986d8d3cd8,2024-11-17T10:16,5,146.60,Online,Cancelled
87af12ea-e6c9-4096-8912-1536a18b2fd1,485b65e7-fdf4-474d-afba-37986d8d3cd8,2023-12-23T10:16,5,96.45,Cash,Pending
922a97af-c3ce-4a09-9ad0-e126ab4e3b4d,103fcba5-5588-45a5-9fe0-6ac948d3860e,2024-07-14T10:16,5,85.40,Online,Completed
f5d26b5a-246d-4e6d-ab56-61b094551c2a,65b2c0ea-6192-47fc-9286-2c1dd3ecefb1,2025-09-22T10:16,8,152.32,Online,Completed
3df17e87-1e93-4438-8e39-2a2f904adc27,bf0de251-90d7-423c-8b31-48df1a89964f,2024-03-07T10:16,3,67.41,Online,Cancelled
d982ac7d-9c98-4251-9b0f-8750c0585efb,ebbc7df0-770d-44f8-b0ff-c62f9006e40e,2024-06-01T10:16,3,26.01,Online,Cancelled
0e636163-d4a9-44d7-9cff-539ac81227de,1a48aa9a-def3-481d-922a-94300aa97309,2024-04-30T10:16,9,120.78,Online,Completed
995cfb93-caf0-4c04-a881-e02ee5b822f7,8113211c-bdc3-4bb0-94d9-3fd3871f3005,2024-04-10T10:16,1,25.54,Cash,Cancelled
fb807e26-3e7f-4332-9772-3e3aa1f697ec,ecf1ffb0-ac00-4968-87ea-8beef4ace55a,2025-07-19T10:16,5,41.85,Cash,Completed
500c0a65-1094-45c0-b66d-3afafaed660f,4717d2a3-4b2a-44f1-b960-a2b73e2d23fd,2025-02-23T10:16,7,58.52,Card,Completed
2f5efea6-334f-46f9-a995-6e3a0da098da,3ab3404a-ee80-4ed2-8d90-a6f0dad14e48,2023-12-19T10:16,8,44.00,Cash,Pending
7f80ffb6-724a-43cf-ab82-e1ef7da364af,8250871a-2b35-424e-a1a1-4eb4faffabfb,2024-02-14T10:16,7,79.17,Card,Cancelled
7097865c-c77e-4961-b69a-c1095ae47e31,103fcba5-5588-45a5-9fe0-6ac948d3860e,2025-11-06T10:16,2,57.44,Online,Cancelled
5607b79d-b108-47d4-ac8c-a328c394744b,f543de06-e341-4de2-95ab-ca0fd3ee51fe,2024-06-13T10:16,2,58.26,Card,Cancelled
7bd782df-aae6-40fa-a383-f26c24f8139d,f3826f04-0dfa-4266-8002-58fede0093f5,2025-05-11T10:16,3,58.71,Online,Cancelled
f2bb30d0-ad58-41c9-b2bb-e32da306ca73,0a570207-0f70-467f-bbeb-44a0a60a9a25,2023-12-24T10:16,7,40.74,Card,Cancelled
709dabd7-b0b8-4ae8-9ec8-17abcd3d3984,8113211c-bdc3-4bb0-94d9-3fd3871f3005,2024-06-11T10:16,6,166.56,Online,Pending
302041bb-6470-4e41-b2cd-e781b0a89917,935ebde1-5945-4673-886e-1a7a12cc2d4e,2024-06-08T10:16,9,69.21,Online,Cancelled
19e260c7-6293-49dd-865e-fc28657572f9,5f6e51da-5f01-4c9a-85dd-7d50ef37e5d7,2025-07-05T10:16,7,125.58,Card,Completed
230c045d-9fe3-4747-8568-f0db57d65d27,d5cfb1a3-ce2f-4aff-ab4c-50e0c5426af1,2025-04-25T10:16,4,84.04,Cash,Completed
26c4820f-3903-427d-ad78-1f87132569d2,8887df7e-682b-4d48-b18c-c1ddfa0aaa26,2025-09-18T10:16,1,15.84,Cash,Pending
7993d130-8283-428f-bf72-a3db1dfca77f,c46351bf-193f-49af-a5d6-456188837c3d,2025-09-09T10:16,8,182.00,Cash,Cancelled
26b44793-9f4a-4919-bbcd-5d03bf8b487f,4e44f26d-5455-405b-8fdb-63ab8b739ecf,2023-12-27T10:16,1,6.06,Card,Cancelled
67c20752-45bf-40b4-88bc-9dec94fbc5f8,23650eb4-f98d-45a3-a90b-a378f03d469d,2024-04-28T10:16,3,84.60,Cash,Completed
0c0c1ecd-3753-4ea1-9b60-d3bd08035707,515fe1d2-d33a-4b9d-8c19-07e0cbe81a9a,2025-03-30T10:16,4,72.28,Cash,Completed
263c06bf-bf03-42b2-bdc8-8aef22d45511,d3f641e5-b8b5-4f5f-9155-7768df2033e8,2025-01-15T10:16,6,110.94,Cash,Completed
4d53214d-4ef3-44ae-b8cd-d7d9a520029b,a302a1a8-c429-406f-abff-9f273aa0a4b5,2024-04-18T10:16,9,248.04,Card,Completed
d7db3123-c2d6-4841-9305-637d804ad447,365c90d0-a590-4209-9401-2ce55af5ed98,2025-03-27T10:16,1,17.26,Online,Cancelled
cc7b0a6f-7650-4dfd-8685-ec50fdd7f88c,05ccd8a5-ea5f-4353-bd1e-3022152b0685,2024-09-11T10:16,5,141.70,Card,Pending
1785f262-facd-4b1e-bad0-aa3149357ea1,ceafdb2a-788d-48e0-acdd-bd533a2e7ab6,2024-12-04T10:16,2,35.92,Cash,Pending
2c1f5263-8ba1-4283-b83a-7ef589025d18,7a18d550-38d0-40b2-84a7-547162e7e409,2023-11-17T10:16,1,7.61,Cash,Completed
542ea972-7bec-4b37-a96a-67e7be866cb9,d87f31d7-79ef-4c17-856e-142e791b04da,2024-01-06T10:16,7,64.05,Cash,Completed
4f085906-c49f-4254-b1e3-4da32f3f9375,4e6807ca-aed8-4ec9-b1b0-0e3aba57efb1,2024-08-17T10:16,9,46.26,Cash,Completed
04af3b89-e081-4514-9ce5-cd0874b85ea6,b90a3a7f-421e-47e5-8598-fe50f365a62e,2024-06-23T10:16,1,24.32,Cash,Pending
3db141f8-ebde-41c5-9ae7-5ac174acad4c,e85d0261-2d97-4475-a749-363ec9040a74,2024-04-16T10:16,5,96.00,Cash,Cancelled
264d413e-af63-4de3-bb41-2289a5b0d22d,8f7f530b-bb30-4a05-b437-744ed30af54f,2024-09-15T10:16,2,21.68,Cash,Cancelled
67ae3537-be16-4404-8a34-f1ec33e2f410,e12c3d24-86c8-474f-b86b-370df36adbfe,2025-03-23T10:16,4,118.88,Cash,Pending
97680f4b-9f66-421e-9212-a165a7c77f6b,1d32c3b3-c732-4995-aa6b-ff159deb3bdf,2024-02-14T10:16,6,34.68,Card,Cancelled
7e36035e-4306-417e-971d-094cfb395354,cb8747c7-32ca-4b6b-868d-13ab01d953ec,2025-03-04T10:16,2,45.88,Cash,Cancelled
2c2224f3-bcd9-4dbe-ba11-cdbb26b87485,0df3bae1-6384-4856-aa27-aef9f6c48b75,2024-05-17T10:16,6,98.88,Card,Completed
7c15eb0e-ef14-4885-87cf-7eb3da5ae571,f90cf3ca-e2d0-4129-bc7a-e8a2b80880da,2023-12-01T10:16,2,41.46,Cash,Cancelled
000725a4-6f2a-4d13-98bb-1701f23c4801,4e44f26d-5455-405b-8fdb-63ab8b739ecf,2024-12-31T10:16,5,53.50,Online,Cancelled
bf82ac91-d39a-490c-ae9f-36b65d445b6b,fbe227d7-6d32-4407-9783-7fdac983e55f,2025-02-28T10:16,9,93.87,Cash,Cancelled
6c3cefef-fb46-42a5-836a-7442387e82f6,953417c6-cd52-45e9-9ca0-bb450653c934,2023-12-17T10:16,7,126.63,Card,Cancelled
30c9c757-8bbc-4fec-a195-fff06f1caefb,cf65c4b6-4c1c-420b-95de-23e5b56ffad5,2025-01-14T10:16,3,74.73,Card,Pending
5b778873-e596-4399-9045-c275bed2dc8c,209e786b-2a61-4e52-a3b2-1cc98bcbf18c,2024-10-01T10:16,5,118.00,Card,Cancelled
30301e16-0ae3-4119-8099-c90e8e061d2b,910b1d47-5c37-48b1-8bde-96c60660f1d7,2025-01-13T10:16,7,92.47,Cash,Cancelled
e06b972e-d3ed-4f8f-8244-ca7936355606,ff4db0d8-e809-46e8-9ae0-78ffee4902d9,2025-05-11T10:16,5,69.40,Card,Completed
cf93e6fa-efed-469d-80be-9a86463ae565,6c3bf618-a715-40f9-9faa-cfc5f5beef2f,2025-04-04T10:16,2,39.02,Cash,Completed
cbc3887a-3555-41fa-a2b7-f46ea61b742b,25659c0e-6eb5-4c57-add8-fb6ac5f42699,2025-08-28T10:16,6,58.20,Online,Cancelled
6f7b8b5f-6190-4905-95f8-e8e6970d2692,73a2b03c-2dca-486e-8ebc-c4d6bb68a8c6,2024-05-03T10:16,2,30.36,Cash,Pending
553e4585-8ed7-4c45-af3b-ad8b951216d9,93cdeef1-3fc3-4a63-a275-0ae87ae6b335,2025-05-12T10:16,8,82.96,Cash,Completed
4918c096-b9e8-4645-b1ce-1788a8265fa4,60cd80b6-3967-4dae-b4df-adc7b5644971,2024-07-19T10:16,9,114.75,Online,Completed
c2848456-7d6c-4b0b-849b-bb6d2e316b75,c0d74d86-5c5b-481d-b8e3-61eeb9c77255,2024-07-07T10:16,9,177.75,Card,Cancelled
18a69918-f4df-4d32-a337-58374f5eaac3,09ba4183-1b94-4f8c-bc5f-eca421a88524,2025-03-18T10:16,9,108.09,Cash,Cancelled
7e86b939-d30b-4443-8e18-750c89dc6ebd,52c87fd9-fdf0-4256-b929-6153ad24a0ac,2024-01-01T10:16,7,69.02,Cash,Completed
61acb69d-9758-4e3f-b582-41476100a074,25659c0e-6eb5-4c57-add8-fb6ac5f42699,2025-09-06T10:16,4,78.28,Cash,Completed
dc33ccdf-3bb8-452d-9a9b-0e8d795d6a7a,0a5bd884-b432-4ce5-b14e-44b4aedd4c0f,2024-07-31T10:16,3,33.03,Cash,Cancelled
fe983b77-55f4-43f7-a104-5538e1200ee2,365c90d0-a590-4209-9401-2ce55af5ed98,2025-04-01T10:16,1,11.35,Cash,Pending
16d6b5aa-d66f-4b6d-bf5c-b1a34533833d,f067e21d-d1d4-4e87-9cae-9753f5f9ccb6,2025-03-31T10:16,4,92.24,Card,Cancelled
71e2e31c-c03a-43e8-97f7-f87332c11560,5400d214-6176-40bf-88d2-3f53ed38bf69,2024-05-19T10:16,5,103.90,Online,Pending
41ffaf67-8ea9-4b6a-bba3-5063b4dfb0b5,0b2a0e9a-e050-4380-b607-57adcbbf59d4,2024-09-21T10:16,4,105.84,Cash,Cancelled
06fa9993-84e9-4947-b6a4-d0a5407a0eae,401a6911-a31e-4892-adc1-56e3e1eb090a,2025-08-26T10:16,4,43.96,Cash,Cancelled
b1e889b6-fad3-4c53-8060-a7beff5091b9,1eeb9c5f-5b7a-47af-b4f1-5a50d9d1089c,2024-08-19T10:16,7,62.16,Online,Pending
d754bdee-ed45-430b-9c75-b760a425c946,69446e90-4237-4410-ab55-e011eb04cce0,2025-05-28T10:16,9,80.01,Online,Cancelled
7dcda18f-ac09-4c8b-a17d-37fd0ba68f50,90f0db1e-2b19-43f7-ba17-233c7c214eca,2024-05-06T10:16,8,208.72,Card,Cancelled
d61910d4-7cca-4f04-b9aa-3be71a452c23,401a6911-a31e-4892-adc1-56e3e1eb090a,2024-03-06T10:16,4,68.12,Online,Pending
18f98a84-4e25-4dbf-8b5e-afd9b4aea9d0,f90cf3ca-e2d0-4129-bc7a-e8a2b80880da,2024-10-24T10:16,3,19.50,Online,Pending
06f01065-1f18-4086-9530-64bf06b49424,caca465c-e9f2-4add-91b5-24c70595e321,2024-06-16T10:16,8,99.60,Cash,Cancelled
d185554a-8a03-4b1a-9ace-54a3df513d2a,4f6ae324-5b6d-47d6-a86d-26ec6fbe1e0e,2025-07-22T10:16,1,24.67,Cash,Completed
efeb3f4e-7bd0-45f6-b76d-4a12c72508e1,92da274a-bea2-490a-bb52-196c46fa8487,2024-09-27T10:16,4,25.56,Card,Cancelled
ed0c1702-06ab-44b2-8c78-bc6f97771413,824998a2-7592-4051-ab0b-d5e12743c93b,2025-05-08T10:16,8,75.04,Cash,Completed
0a8e7d1d-cb23-4dd0-8ce6-c666303c57d5,8b546c63-5406-493d-bc69-cfb594b38267,2024-01-07T10:16,7,110.53,Online,Cancelled
e6589acf-f490-45ec-aba6-0eb8686df55b,cb8747c7-32ca-4b6b-868d-13ab01d953ec,2023-12-25T10:16,4,55.92,Cash,Cancelled
fc70008b-226a-4e7a-81d0-26925cae94bc,0e0d5f13-edd5-4ab0-9ddd-3df111bedc5a,2025-08-16T10:16,2,18.56,Cash,Cancelled
864749a9-bd43-457c-abc5-b9b802fde4c9,cd50913f-8c99-4253-9134-0cf5fe5f300f,2024-07-21T10:16,6,114.12,Online,Completed
20e84ec5-82a7-43d0-8630-6275c4e27882,0472ca7f-b133-4710-8f43-24a3c6c1afd1,2025-08-17T10:16,4,47.08,Cash,Completed
1ebd130d-c590-490c-9b18-b6919d054ebe,ec3490d2-e8da-47ee-ae12-0ca0b1d7a2bb,2025-07-20T10:16,2,58.08,Cash,Completed
968115d8-314e-4fbf-8471-f75c040c02e8,8b546c63-5406-493d-bc69-cfb594b38267,2024-09-19T10:16,8,90.00,Cash,Completed
5ac52530-55e4-4874-b6e5-91c0d0b4a73e,c46351bf-193f-49af-a5d6-456188837c3d,2025-02-20T10:16,4,48.60,Online,Completed
93b7acd0-97cb-4a0c-aee9-74e83f337c28,02c65c06-56ad-4670-b8e2-10ab417c7154,2024-11-11T10:16,1,27.74,Cash,Cancelled
0f50224c-982b-485f-a170-65eca873deb2,209e786b-2a61-4e52-a3b2-1cc98bcbf18c,2025-04-05T10:16,9,243.63,Card,Pending
533a4a86-af66-4a34-9c10-9fd2e7f353d7,4f6ae324-5b6d-47d6-a86d-26ec6fbe1e0e,2024-06-18T10:16,2,22.50,Card,Pending
85877d12-8f9e-40e1-b7cb-32acc8c2f990,aac35608-9499-49c5-811a-a059e773c968,2024-12-16T10:16,5,64.15,Cash,Cancelled
4c37fc11-277b-4a93-8774-2b52435ab969,0d463f72-c3a1-4a2b-8d0d-1721a0d1a06b,2025-11-03T10:16,8,112.32,Online,Completed
d06882ab-a0e5-43d7-83aa-40fa008d02c4,ada8704c-2784-4d70-84da-10078407d2c8,2023-11-28T10:16,2,13.28,Online,Pending
82dbb2b8-3685-4267-bd70-3f6eb669b3f0,1d32c3b3-c732-4995-aa6b-ff159deb3bdf,2025-06-17T10:16,7,52.85,Card,Pending
1ad037a4-2811-4d84-852f-37cbc4b7d9b8,39cb44e2-a541-4b98-bc0b-db5f31cf8710,2024-05-23T10:16,1,17.01,Cash,Cancelled
c0126088-8a0c-401a-9b88-8e37643ee983,e38afcd9-9e08-47ba-bc92-5ebb4bc271eb,2025-08-10T10:16,7,65.03,Online,Cancelled
97b01e09-22d8-4faa-bd9e-b87b4d53b878,00d7ae70-0f46-4453-963c-4ab2a3d29314,2024-01-24T10:16,1,11.81,Cash,Pending
9c5075bb-e1d1-4033-9b9a-5261c8c3dada,4717d2a3-4b2a-44f1-b960-a2b73e2d23fd,2024-03-06T10:16,3,78.78,Online,Pending
f6a18bc1-f23c-4d2e-b977-d413cd7ac2ec,964d337f-acd5-4ca2-8843-9be3f2eb60fc,2024-12-17T10:16,5,115.15,Card,Pending
1557be6c-303a-461d-8528-7a3154d472ea,8113211c-bdc3-4bb0-94d9-3fd3871f3005,2025-08-05T10:16,2,34.14,Online,Pending
2782cd18-cdb9-4253-bda7-d0d1816e8c63,401a6911-a31e-4892-adc1-56e3e1eb090a,2024-04-26T10:16,3,53.79,Cash,Completed
91be4629-2957-4dd8-a489-c4701946f3d5,b6c26110-1b77-4777-8c79-c69ec19b66df,2024-02-21T10:16,3,17.43,Card,Cancelled
7f2dd6b2-23db-46ff-848a-5cc4f0524f4e,f0a6a958-e434-41bf-a830-dffa55a34db5,2024-11-17T10:16,7,149.24,Online,Completed
6058546d-b5d4-4aaa-9b8c-a7c84d9bdaa6,365c90d0-a590-4209-9401-2ce55af5ed98,2024-05-27T10:16,8,137.76,Online,Completed
b5fb4b1b-c7d8-456a-b7ca-c67aa087d2be,21edfc22-3f73-4335-a774-3cf78ab65e86,2024-06-06T10:16,7,200.90,Online,Completed
880db6b4-b267-43d3-bcc6-3c7b97b723ed,b03f75c1-655f-4480-a2bf-1a0af806e96e,2025-01-18T10:16,6,75.12,Cash,Cancelled
306e3807-394b-4341-8381-031b9a68610e,1d32c3b3-c732-4995-aa6b-ff159deb3bdf,2023-12-07T10:16,2,26.56,Online,Cancelled
f27d1203-8a25-45c1-8b80-71b36d545bb6,68169a66-a8d4-4763-914e-7befc826445b,2024-06-23T10:16,2,34.16,Cash,Completed
8b76ef8b-d4eb-42aa-a72b-18a786140b40,92da274a-bea2-490a-bb52-196c46fa8487,2023-12-27T10:16,3,24.45,Card,Pending
0b7707e0-c510-4689-93a2-b2a4932aa2d5,983d66ae-c8b0-46b8-8abc-26a1055cf729,2024-11-01T10:16,3,66.75,Card,Cancelled
cedb1889-7250-4b55-a7f3-4b1834d9af4b,5d6f84a5-a4de-442e-99b9-b8ef714b4436,2025-07-29T10:16,2,31.76,Cash,Completed
bf6f1488-6540-43ae-a38d-ed1060b97e8e,d5cfb1a3-ce2f-4aff-ab4c-50e0c5426af1,2025-07-20T10:16,3,39.81,Cash,Completed
0e7e869a-00dd-4b8d-b51a-c516930cb581,7c991f43-c18b-4404-8826-97691b0dc00c,2025-01-11T10:16,6,75.24,Card,Completed
84215ab1-9fea-4b18-8c1c-e2c6a5fe2b2c,71f17b36-2c37-4cfa-bf8a-894fa94c0e9b,2025-03-28T10:16,3,56.13,Online,Completed
507c46dd-a71f-43b6-a772-75e3471e9694,d33bbfcd-a2ca-4e80-8a1c-65223f061e7e,2025-07-07T10:16,4,32.76,Cash,Pending
6d716f9c-158d-424a-a525-9378ba5ec32d,726d71e2-70fd-4416-8568-78619c14a73a,2024-02-23T10:16,7,105.77,Card,Pending
315e712c-b38b-403f-ba96-710eee8ce030,90f0db1e-2b19-43f7-ba17-233c7c214eca,2024-12-10T10:16,1,6.99,Online,Pending
5a08c064-e4c3-4c85-a131-061d3854f528,0df3bae1-6384-4856-aa27-aef9f6c48b75,2024-04-21T10:16,6,152.52,Cash,Cancelled
462d719f-8cd2-49ca-9a19-b2c8845a333d,ec3490d2-e8da-47ee-ae12-0ca0b1d7a2bb,2024-06-29T10:16,2,52.60,Card,Cancelled
b79351ed-de29-435b-b9a1-0939dc06defa,fbe227d7-6d32-4407-9783-7fdac983e55f,2023-12-10T10:16,7,58.38,Card,Pending
b20bb5e6-00fe-4192-b8e1-5c2ca090d051,90f0db1e-2b19-43f7-ba17-233c7c214eca,2023-11-18T10:16,6,165.30,Card,Pending
d24a8205-5cef-463a-be8a-6beb3223829c,6945f6f4-b8f9-4d04-90ff-e59ed705578e,2023-12-04T10:16,7,96.67,Online,Cancelled
9fedb78c-6044-4d30-9139-b6dea3f5c3c8,4e6807ca-aed8-4ec9-b1b0-0e3aba57efb1,2024-03-12T10:16,8,222.40,Online,Cancelled
c1793f53-d0be-44a0-a2b3-fbfc7189e01a,00d7ae70-0f46-4453-963c-4ab2a3d29314,2024-05-31T10:16,7,177.24,Cash,Pending
0c2cb5b7-273c-4bd8-8990-f5552e36cfa5,a5ffc907-be77-43e6-8694-4a0bf09bd3fb,2025-04-05T10:16,6,83.34,Card,Cancelled
61bc3e26-6479-478a-b9b8-b7a9d8ef2275,3dcaabe3-78c9-4d88-bed5-56ca7ceea07c,2025-03-19T10:16,4,81.76,Cash,Completed
59db2aa1-c3a2-450c-a0f1-3626561c721e,6945f6f4-b8f9-4d04-90ff-e59ed705578e,2024-03-14T10:16,4,88.16,Cash,Cancelled
8a3502e4-83ea-4bdd-b7ec-567829986e9c,46032f36-69bc-465a-9b33-a5d560bfd77a,2025-06-09T10:16,1,9.81,Online,Pending
3c90354a-c540-4f7f-bd92-641ed265c26f,b03f75c1-655f-4480-a2bf-1a0af806e96e,2025-08-05T10:16,5,42.65,Online,Cancelled
a65db424-be8e-46ae-9af6-9cb714f7eeb1,90f0db1e-2b19-43f7-ba17-233c7c214eca,2024-11-15T10:16,7,139.44,Online,Completed
108196dd-5ed8-48f7-ac7d-1c176dd428ac,0472ca7f-b133-4710-8f43-24a3c6c1afd1,2025-04-23T10:16,1,8.41,Card,Cancelled
44463ec8-12ed-4ca3-87d0-1f022c314e58,6aaabc79-3d35-410f-bb96-f86a3930d0ff,2024-05-12T10:16,6,85.86,Cash,Pending
20c3f04f-75a7-45e2-aae4-b4d67f1c1314,6aaabc79-3d35-410f-bb96-f86a3930d0ff,2025-05-11T10:16,4,22.40,Card,Pending
3c5ae81f-7b9e-45d1-9e9c-9ffeb7b03edd,bfa3444b-2be9-46be-b944-720d86a59770,2025-07-04T10:16,2,57.84,Online,Completed
ebeeec85-5dbf-4e84-8df3-94d866e97776,69446e90-4237-4410-ab55-e011eb04cce0,2024-02-04T10:16,5,52.40,Cash,Cancelled
3501afa3-04f9-4184-a269-b854f4f72069,3dcaabe3-78c9-4d88-bed5-56ca7ceea07c,2025-08-03T10:16,9,121.14,Online,Completed
b1242382-f6af-485a-823d-5a27a9ac322a,0a5a9fc7-e126-48f0-99aa-dea85c606f66,2025-06-14T10:16,1,17.72,Card,Pending
e7c67c0f-a7f0-45e2-9d19-7b0c39bfaad4,bb6bf39c-f455-4e08-a59e-1bdaaa91d4aa,2025-03-26T10:16,5,90.55,Online,Cancelled
676d43fe-165a-4ad6-9cc9-fc36c76ba6a4,4bb2d776-14c0-4ef6-b8ba-c580cbed72b8,2025-01-19T10:16,6,129.66,Online,Completed
38825143-8b95-4d0d-9bc4-3ba1f2cef3de,b95f7619-fab2-4df9-8683-1f2aeb93a660,2024-06-19T10:16,7,49.07,Cash,Completed
6181039d-c9c9-4b4b-9ba5-ab67cf78aa34,9fa382f0-8393-48db-ad30-43c953282401,2025-07-10T10:16,7,186.48,Card,Completed
b1d20e2d-586c-4622-bfcc-11f45900fd4d,4bb2d776-14c0-4ef6-b8ba-c580cbed72b8,2025-07-23T10:16,6,74.46,Online,Completed
2de8b21c-284b-4e1e-a58b-80beffe1d54f,0fcf4084-ea31-49f8-99f9-9bf8c8b0c16b,2024-11-21T10:16,3,72.72,Cash,Cancelled
f04d54a7-35da-4496-a60c-57d86b241ffd,cb8747c7-32ca-4b6b-868d-13ab01d953ec,2024-04-22T10:16,7,35.84,Card,Cancelled
e6fba886-e793-4701-ab3f-d28b1679f802,14eace30-1ac2-411e-8eef-98e8f32a87fb,2024-01-03T10:16,5,63.90,Cash,Pending
b30cb725-eac7-4c32-8bc7-ff029e18714d,46032f36-69bc-465a-9b33-a5d560bfd77a,2024-09-21T10:16,9,190.62,Card,Cancelled
e1212484-9877-413f-bf07-caf507e5102e,0a5bd884-b432-4ce5-b14e-44b4aedd4c0f,2024-06-12T10:16,1,14.04,Cash,Cancelled
b5255fe6-7e69-44e1-b133-fab67029a1f9,5400d214-6176-40bf-88d2-3f53ed38bf69,2025-07-12T10:16,4,74.28,Cash,Cancelled
a492263a-4c54-45f3-84a1-6e37774b51cc,0a0ac3e5-6e20-4fbc-87ec-5481c70e38bc,2024-08-06T10:16,8,100.40,Online,Completed
5b2f50c3-13af-4929-b818-6589121109e0,e12c3d24-86c8-474f-b86b-370df36adbfe,2025-07-17T10:16,8,206.24,Online,Completed
43f4110e-6e7b-4260-8f81-cc26f9be5ed5,e277d099-db2a-4aee-ab86-8b0e73a34383,2025-05-18T10:16,6,134.58,Online,Cancelled
71c385e9-3b0e-4e09-a74c-b4a46307741e,b047b369-02d0-4f25-9af0-f1e883228863,2024-05-17T10:16,1,17.67,Cash,Cancelled
410c9879-36c3-4a00-b4ea-f48be95dffd0,6c6a3b10-9747-4dca-a041-4edc22d147b0,2024-04-19T10:16,2,29.84,Cash,Cancelled
bcb2685b-867d-4ff4-82c7-18a3d33d1153,6c6a3b10-9747-4dca-a041-4edc22d147b0,2024-02-22T10:16,9,155.61,Card,Completed
596fcd91-f5dc-4a70-88ad-5b513cd98766,726d71e2-70fd-4416-8568-78619c14a73a,2025-01-30T10:16,1,10.61,Cash,Cancelled
c36438ea-d666-48dc-9b77-4046f163e1f5,d3f641e5-b8b5-4f5f-9155-7768df2033e8,2025-08-27T10:16,3,40.71,Cash,Cancelled
ef4dbecc-ec59-4d25-9149-f0e98bab4edc,795088d7-d227-422e-ad8c-f048bde0675e,2024-04-29T10:16,9,219.42,Cash,Pending
f53d02b6-39cd-48c7-aaef-a30c8384de8d,cd50913f-8c99-4253-9134-0cf5fe5f300f,2024-03-06T10:16,5,124.10,Online,Pending
76506b60-4e5f-4faa-bd32-97a99629836c,52c87fd9-fdf0-4256-b929-6153ad24a0ac,2024-10-24T10:16,7,68.67,Card,Pending
c7b890c4-3704-4cf0-982c-1ffabe91ddc6,4b14a58c-f1e4-40b6-888d-a88cd7055099,2025-02-16T10:16,9,216.54,Cash,Pending
99a9688b-9a57-4b4a-8f6f-8412e7f6e911,ba5d9947-b043-4aca-8ee0-6b77895cf8e8,2025-08-18T10:16,6,70.14,Cash,Pending
908f3e0a-d6d4-44d5-a539-e4ad6e56c23a,ec3490d2-e8da-47ee-ae12-0ca0b1d7a2bb,2024-01-01T10:16,8,80.40,Online,Cancelled
95d3004b-3991-4f02-8761-92f3aa7b839a,3910ab11-8758-4a4f-8a9b-c4f5df7413c4,2024-07-31T10:16,1,26.69,Online,Pending
bf6efb87-213b-4f36-9894-593b5b8be88b,500fde18-ea61-4380-9ea4-f06d09985870,2024-02-29T10:16,9,261.99,Cash,Cancelled
a8be87c4-e8dd-4011-9a98-6e273f167f8f,e12c3d24-86c8-474f-b86b-370df36adbfe,2024-07-18T10:16,8,134.64,Cash,Cancelled
6288eaae-980a-4369-8b2e-1c6c8ec10d08,bb6ceda0-3f7a-4dfa-9862-41a88dd468b2,2024-04-24T10:16,8,116.88,Cash,Completed
d8262361-cbf4-4fce-b65b-99b3990143f5,e6cb1215-5314-4d05-bfd1-f6e5d36e89f7,2024-04-25T10:16,8,55.84,Cash,Cancelled
bac7e9e6-853f-48b1-a819-7d8796d30bc9,46032f36-69bc-465a-9b33-a5d560bfd77a,2024-10-24T10:16,6,77.70,Online,Completed
d005da29-672d-4f2b-8be3-a3eed29c10ee,4f6ae324-5b6d-47d6-a86d-26ec6fbe1e0e,2025-01-11T10:16,6,160.44,Cash,Completed
291f9940-c998-4cc8-a92a-534a7a684d7d,aff4340c-d102-49ba-af8e-84d2737ce82c,2025-06-30T10:16,8,118.64,Card,Completed
c759aeb6-c0e5-4be8-9ff8-82f2148ee8dc,7a2e5fa5-096b-4701-8ce6-7a3db39bf8eb,2024-12-19T10:16,2,43.58,Cash,Pending
62d60244-fc72-4fcb-b33b-631d423f9695,365c90d0-a590-4209-9401-2ce55af5ed98,2024-06-20T10:16,2,52.46,Online,Pending
dc37f9af-21e1-484c-a335-78c621a30bec,9fa382f0-8393-48db-ad30-43c953282401,2024-06-25T10:16,9,185.49,Online,Pending
9a3b40a4-23ad-4714-9b58-d37d1ab1c73c,a190f67b-21df-46bc-8164-46bdfa00af85,2024-04-22T10:16,4,45.56,Card,Completed
59d26485-6ac1-40c7-abd3-83482ab0ffee,dcfb3d05-846d-4915-99f3-ebbc7559d972,2024-04-05T10:16,1,5.84,Online,Cancelled
64f3907f-754c-4a08-b66b-54df4eeadba2,7a18d550-38d0-40b2-84a7-547162e7e409,2024-02-28T10:16,1,14.98,Cash,Completed
5d5e4110-284e-43c3-acf7-386e49bd5d29,b03f75c1-655f-4480-a2bf-1a0af806e96e,2025-08-25T10:16,1,14.47,Cash,Completed
a91e74e9-e59d-43bc-a033-bdec12a97ca6,2c6dafc9-06cc-4b3d-8b8d-12aae0644c58,2023-12-14T10:16,2,31.54,Online,Completed
bd55f001-8049-44a3-9f43-0be5420ce5a1,a302a1a8-c429-406f-abff-9f273aa0a4b5,2025-04-08T10:16,4,91.36,Online,Cancelled
77c162f5-507e-455a-bb69-5fa54473662c,a3f626b9-cc27-4c04-8570-be79ab8bda4a,2025-08-01T10:16,1,29.82,Card,Pending
e6e3adbd-2b87-4033-9be6-b10d9eed4cca,bfa3444b-2be9-46be-b944-720d86a59770,2024-02-18T10:16,9,165.06,Online,Completed
2ff994c3-5616-49b3-94d1-e1526959b58b,f6c35464-33dd-44a7-bf84-071f2e427045,2024-06-23T10:16,3,79.56,Online,Completed
a4b06159-c350-4844-b077-b5b260b78ea6,a938df5f-7764-459c-8bfd-90409d16b3c6,2025-04-10T10:16,5,76.70,Cash,Pending
ea2e0cc1-37a2-4c18-8999-b21056dd9523,74e76582-f1b8-4560-b049-8aebb59d4721,2025-06-27T10:16,1,24.26,Online,Cancelled
b36b75c7-7ab9-4914-a030-3ad87ab2c3b0,0472ca7f-b133-4710-8f43-24a3c6c1afd1,2024-06-14T10:16,9,135.36,Card,Completed
9293d62d-01ac-49f6-b473-f2ff6551af92,0a5a9fc7-e126-48f0-99aa-dea85c606f66,2025-10-01T10:16,1,20.50,Card,Pending
c7827d36-7e73-4220-b329-f958ee84caad,c9dcc28a-ae5f-477c-ae7e-72d94129f449,2024-04-28T10:16,1,23.85,Cash,Pending
5995dd25-4192-4a1d-8d85-3cd595ee3780,205ea7f7-e714-45b8-a083-11247ff702a1,2024-09-05T10:16,2,12.64,Online,Cancelled
125bc96c-9a5c-45dd-a266-1e72f8400dd7,e6e1db85-f8ba-4264-9c9a-520ecda4bc4c,2023-11-23T10:16,8,50.48,Online,Completed
9898dd42-3500-4696-bdfc-cdf6a3462e97,1407e9cf-22c9-4137-a2fe-cc12dc038235,2024-08-20T10:16,2,30.78,Online,Cancelled
b24a9b29-ad6c-4b6a-833d-240d1528b702,00d7ae70-0f46-4453-963c-4ab2a3d29314,2025-04-26T10:16,3,63.21,Online,Pending
fe79a37b-927a-4c86-acca-81c8dad3134c,1d32c3b3-c732-4995-aa6b-ff159deb3bdf,2024-02-24T10:16,3,51.45,Cash,Pending
afb25706-0363-4dae-b9d4-b35fd220c596,6117b6f0-c4f4-4bf1-9eeb-f33950decba8,2025-04-24T10:16,3,30.33,Online,Pending
c0c72c0c-1bac-4974-a4da-437df4498f82,53db1213-7316-47bb-9099-c1def0e3c96b,2024-05-20T10:16,4,72.24,Card,Pending
4063f63a-463e-4843-8839-027ea161d2e4,365c90d0-a590-4209-9401-2ce55af5ed98,2024-09-28T10:16,3,20.43,Online,Completed
1727ca77-2b6d-4a38-b73a-45de11b93cae,0472ca7f-b133-4710-8f43-24a3c6c1afd1,2023-12-29T10:16,8,82.72,Card,Completed
aeab3d66-82d1-4390-b137-a378caee1cea,2c6dafc9-06cc-4b3d-8b8d-12aae0644c58,2025-07-20T10:16,9,111.15,Card,Pending
d57225e7-4d4a-492d-b10a-a07c8fc4dfb4,e85d0261-2d97-4475-a749-363ec9040a74,2025-09-16T10:16,7,131.88,Cash,Pending
1e04da5d-3ce7-46cc-9851-acb7b99b5890,6e6d2c67-f7fb-4a98-8f9a-4822259b25c4,2024-07-27T10:16,7,142.66,Card,Cancelled
d99368a9-c75b-4b13-b9c2-2f675a263818,b3688304-b24b-416a-9bf4-c2b6aaeb59d3,2024-01-09T10:16,8,63.28,Cash,Pending
54d1f7d4-ed6e-460c-b472-4bba0221eead,c46351bf-193f-49af-a5d6-456188837c3d,2024-08-28T10:16,8,216.80,Cash,Completed
176ac27b-5450-48bb-87aa-89ca27afaefa,b90a3a7f-421e-47e5-8598-fe50f365a62e,2025-05-13T10:16,6,157.38,Card,Completed
a8a02645-99a4-4dbe-9b4c-10f2d8361016,f3826f04-0dfa-4266-8002-58fede0093f5,2024-04-25T10:16,6,146.22,Card,Completed
17614d57-86e4-4e5c-b777-aef4dc9dd29c,b90a3a7f-421e-47e5-8598-fe50f365a62e,2025-05-04T10:16,8,47.84,Cash,Pending
dede3634-1db8-493a-b26f-194891d27f42,60cd80b6-3967-4dae-b4df-adc7b5644971,2024-11-05T10:16,1,8.36,Online,Pending
b4ffb7bc-82c4-4cf6-8c32-7a5c5ac25aad,4717d2a3-4b2a-44f1-b960-a2b73e2d23fd,2024-06-14T10:16,7,50.75,Card,Completed
d5a8bd90-0074-4693-bf9b-ca0193aebea6,4b14a58c-f1e4-40b6-888d-a88cd7055099,2024-10-24T10:16,2,10.20,Online,Cancelled
89d7a6cd-ac2d-4ac5-97a1-bff0823a5331,60cd80b6-3967-4dae-b4df-adc7b5644971,2025-04-26T10:16,4,96.84,Cash,Pending
b263d392-49ad-4ac7-b5d7-76038155aea8,21edfc22-3f73-4335-a774-3cf78ab65e86,2024-01-28T10:16,8,197.44,Online,Pending
70f7ce01-0749-415f-9cd1-44788df6ab68,3befa4dc-d961-4a3a-9410-d43d1bdaa335,2025-01-30T10:16,5,32.25,Card,Completed
ee73af85-ff51-400c-bb25-3a858896ba32,6aaabc79-3d35-410f-bb96-f86a3930d0ff,2025-08-02T10:16,9,137.16,Online,Pending
f6fbd45d-c414-4b30-bba7-c0e1731bcb6f,e886c155-0dae-4b36-88f5-a86fa474d1f6,2024-03-15T10:16,5,58.15,Online,Cancelled
b667aa25-d457-4583-b7b7-779b6e965ad5,058b9c75-b72f-4594-80d2-e41194ff7672,2025-06-13T10:16,8,105.92,Cash,Cancelled
cdfda250-8027-402b-adf4-5f0f3a90b124,fe624323-ba72-456d-9842-ed9e0edc75df,2024-05-26T10:16,9,182.70,Cash,Cancelled
9a707803-87f5-4e31-99f5-aa72b26597ab,dcfb3d05-846d-4915-99f3-ebbc7559d972,2025-03-21T10:16,7,135.87,Online,Cancelled
faa1cac8-0f76-44d2-b11b-741e73153fa1,824998a2-7592-4051-ab0b-d5e12743c93b,2025-10-14T10:16,5,44.15,Cash,Cancelled
85f473a9-36a4-4476-b493-50be7e9c1b69,050d9901-1cb5-413a-9c31-282028f863c1,2024-07-16T10:16,8,229.36,Card,Completed
ecf68329-4a5c-4d49-8f56-c2848a1fbd6d,4e44f26d-5455-405b-8fdb-63ab8b739ecf,2025-11-08T10:16,6,172.14,Cash,Completed
8c571fe4-83c3-433d-9d6d-9255678fa34c,d87f31d7-79ef-4c17-856e-142e791b04da,2025-02-11T10:16,7,77.84,Online,Cancelled
e1e73804-4fe2-4398-90aa-312ba96e9981,26d032f1-9fe9-487a-987a-a8be14e1db05,2024-12-21T10:16,3,83.10,Card,Completed
f7af3999-eae0-4e98-abfb-c4179bd054fc,bb6bf39c-f455-4e08-a59e-1bdaaa91d4aa,2024-04-26T10:16,3,15.42,Card,Completed
8c72443c-636c-49ac-a725-ab170e0bf10e,e7991221-0de0-4ef8-aa9c-ca3b59197059,2025-03-29T10:16,8,215.12,Online,Pending
f3da5a27-c2a9-4352-8f55-255a50153225,4739f27f-7a96-4d52-83ae-0c6fd4c8c606,2025-09-16T10:16,7,161.77,Online,Completed
665fca55-a1c8-425f-851d-751441bd029e,3e97fc93-73a7-45e0-9888-f7a03ee258a7,2024-11-07T10:16,5,42.30,Card,Pending
a3941d48-93cb-40de-9993-e07f7feb2de0,bf0de251-90d7-423c-8b31-48df1a89964f,2025-10-30T10:16,3,82.74,Online,Cancelled
e40c14a4-5063-40ce-a4a0-e561d597b8b0,b014b56e-3263-4b63-8430-46e00bc5ea77,2025-05-11T10:16,5,45.30,Card,Pending
