order_id,restaurant_id,order_date,items_count,total_price_usd,payment_type,status
44bf3185-e5e4-4ac5-8f88-6822e6dd34f8,500fde18-ea61-4380-9ea4-f06d09985870,2024-12-06T10:16,4,31.20,Online,Pending
fd2fdffe-476f-4243-b3df-a2595b6a9e2e,515fe1d2-d33a-4b9d-8c19-07e0cbe81a9a,2025-08-18T10:16,4,78.52,Card,Cancelled
e6b4e665-ad74-422a-b695-eeee7bd0de81,9b9edd1e-b4f7-414c-b8b5-a3dc51fa0a8c,2024-05-01T10:16,3,66.60,Cash,Completed
f697e8fd-5179-4173-ae4d-f8ea6027be0f,f0a6a958-e434-41bf-a830-dffa55a34db5,2024-04-23T10:16,8,49.04,Card,Completed
0192555a-755d-425c-a866-334582bacfb5,7a2e5fa5-096b-4701-8ce6-7a3db39bf8eb,2024-03-31T10:16,2,33.14,Card,Pending
ffb7ff48-ed7e-4faf-86c5-895063120d34,0dd437d0-74fa-43c3-8909-5c955e4d47dd,2025-04-15T10:16,9,61.56,Cash,Completed
6cbf3f41-61eb-4fc6-833b-61e899021905,7a18d550-38d0-40b2-84a7-547162e7e409,2025-10-22T10:16,4,58.36,Card,Completed
2d10b5ff-21d2-4f0c-b49b-30bce775287b,cb8747c7-32ca-4b6b-868d-13ab01d953ec,2024-05-11T10:16,9,126.54,Online,Completed
becb6624-76f1-45d3-a205-e9716f0b14db,06e585f0-5b60-4900-81d1-3379328e6c17,2024-05-31T10:16,7,57.47,Online,Completed
5e2d619d-4795-4529-aaa6-b373ab1cfa85,1a31c678-d420-495a-aff3-0f1609514e1e,2024-07-04T10:16,9,62.73,Cash,Cancelled
3a9403e7-608a-4723-ada8-ad4b23960a08,5eb75bc0-d5fa-4209-9d42-7767f3f0585b,2024-07-21T10:16,7,131.04,Online,Pending
c4c8c226-edf6-404b-9aa1-6bd28d89192d,ebe19120-496a-47fa-87eb-2440212a3363,2025-07-16T10:16,5,50.65,Cash,Completed
d9db19ea-213f-4102-8ae2-22cbd7512e30,c83bba2f-5229-4998-9566-1f3179b13e8a,2024-11-12T10:16,2,30.60,Online,Cancelled
c7d701c4-3c55-40d1-90c0-92b719dbaefe,941529ef-2114-4bff-907a-4596ff4593a1,2025-07-23T10:16,8,66.88,Cash,Pending
d8c5431b-e436-413e-bf8b-2a8c6153db43,515fe1d2-d33a-4b9d-8c19-07e0cbe81a9a,2024-07-23T10:16,8,80.16,Card,Cancelled
5fdcee2f-4a0c-4365-a955-9bb123751fb3,aff4340c-d102-49ba-af8e-84d2737ce82c,2025-02-28T10:16,6,68.76,Online,Pending
11cef6b5-cb7d-45a0-8fc7-517792e13a16,dcfb3d05-846d-4915-99f3-ebbc7559d972,2024-05-08T10:16,9,230.40,Card,Pending
1d0e64b4-ec33-4e45-a74e-a76f36215646,99c406e7-092b-4eeb-bc08-56fc041c253d,2025-03-06T10:16,6,177.72,Cash,Completed
30653fb7-962f-4ee7-a38c-77233ed45831,4e6807ca-aed8-4ec9-b1b0-0e3aba57efb1,2025-07-10T10:16,6,165.48,Online,Completed
71a510d4-cd31-4026-bf61-b6fde8e515ac,68169a66-a8d4-4763-914e-7befc826445b,2025-09-22T10:16,6,41.40,Online,Pending
715e67ee-a32c-4fd8-8214-251bc66081b9,5eb75bc0-d5fa-4209-9d42-7767f3f0585b,2025-05-11T10:16,7,41.79,Card,Pending
a2a469d9-3409-41c1-8ef4-9a21d1108bf9,c5817fdc-a4dc-4879-b957-30cfda62016b,2024-04-03T10:16,1,18.33,Online,Cancelled
7fc94995-a072-4d6e-972d-b66fffc7b620,935ebde1-5945-4673-886e-1a7a12cc2d4e,2025-08-11T10:16,3,88.41,Cash,Cancelled
ba362df8-624b-4554-af11-372d51ff665d,8887df7e-682b-4d48-b18c-c1ddfa0aaa26,2023-11-16T10:16,1,23.86,Online,Completed
de551df1-e484-43ef-abe7-0a97c33904bf,6e551d53-4f6d-4b84-a9de-3d7c79694805,2025-07-02T10:16,9,146.61,Cash,Cancelled
cbb3d798-6e09-4707-b9d4-18c9830e4b0a,485b65e7-fdf4-474d-afba-37986d8d3cd8,2024-01-17T10:16,7,90.51,Cash,Completed
cf5fd899-6e1f-4e91-b90b-03ca2a21a299,1d32c3b3-c732-4995-aa6b-ff159deb3bdf,2024-07-09T10:16,6,133.50,Cash,Cancelled
615b939e-2893-4504-85f9-a65e0b056a2d,52f5634d-de98-4543-8a1e-cbf1e2d0242f,2025-11-02T10:16,3,56.94,Cash,Pending
e0727346-985d-47e0-9830-08f90b69f812,92da274a-bea2-490a-bb52-196c46fa8487,2024-06-14T10:16,3,64.98,Card,Completed
db936402-0c1c-4164-af5e-a3291fe23963,1407e9cf-22c9-4137-a2fe-cc12dc038235,2023-11-23T10:16,8,71.92,Cash,Completed
ec6ad785-6943-4d07-846d-4baf78876a5e,e85d0261-2d97-4475-a749-363ec9040a74,2024-11-21T10:16,5,30.75,Card,Pending
b5f8ff07-f32c-4f0c-a9b0-354dd2189406,0a5a9fc7-e126-48f0-99aa-dea85c606f66,2025-10-12T10:16,6,164.10,Cash,Cancelled
ebae4139-fa7c-4e1a-8808-9dbc6a1c44d8,7c991f43-c18b-4404-8826-97691b0dc00c,2024-02-09T10:16,1,11.66,Online,Cancelled
b84dc0e6-470a-4c18-91a2-fcc6ff1646e1,b047b369-02d0-4f25-9af0-f1e883228863,2025-10-23T10:16,9,157.77,Cash,Pending
f4a97604-ed2a-46b2-82e5-10d933f5d7bd,46032f36-69bc-465a-9b33-a5d560bfd77a,2025-09-21T10:16,5,51.50,Cash,Cancelled
12e9bcf4-6479-4a72-9af2-df3cac46b8f4,ebe19120-496a-47fa-87eb-2440212a3363,2024-05-30T10:16,4,35.64,Online,Pending
0a0b8c1a-62af-43ae-ba44-fd50f2c80e4d,4739f27f-7a96-4d52-83ae-0c6fd4c8c606,2024-07-29T10:16,3,41.04,Online,Cancelled
650d4bdc-b751-4f22-8229-a4623b1a7ad5,ef7fad1f-a86f-4ee1-95b4-ce1f339f0fa5,2025-02-20T10:16,5,99.10,Cash,Completed
314269ac-03e5-43a9-9e9a-a968d9d25ba5,0b2a0e9a-e050-4380-b607-57adcbbf59d4,2024-11-18T10:16,4,41.76,Online,Pending
d23f6124-5a83-4042-8740-7cd7bf2fa2c0,73a2b03c-2dca-486e-8ebc-c4d6bb68a8c6,2024-12-10T10:16,1,18.73,Online,Pending
7df01858-b5f0-4334-8775-b356942acb28,b3688304-b24b-416a-9bf4-c2b6aaeb59d3,2024-08-21T10:16,4,68.08,Online,Cancelled
472111d6-0e8c-4bc8-baa4-1030ccab3118,21edfc22-3f73-4335-a774-3cf78ab65e86,2023-12-31T10:16,6,139.62,Cash,Completed
0c06ba73-cc71-4a4f-aa89-90cf7ab39613,52f5634d-de98-4543-8a1e-cbf1e2d0242f,2025-07-03T10:16,5,40.80,Cash,Cancelled
988c50ef-3180-46cf-a6bd-127e9313464b,8e1bbe6c-7b75-46dc-8ca1-0b1664cd6ae4,2024-05-25T10:16,8,204.96,Online,Completed
186ff20d-1b74-48d6-bd6d-0ba152230735,0a570207-0f70-467f-bbeb-44a0a60a9a25,2024-01-10T10:16,2,50.56,Online,Completed
240bcf82-0e8b-44ed-8a9d-bdb5f02fcc8b,d3f641e5-b8b5-4f5f-9155-7768df2033e8,2024-12-31T10:16,3,59.79,Card,Cancelled
5d8ad817-42f0-493c-b9f0-cda9e14ec148,ec3490d2-e8da-47ee-ae12-0ca0b1d7a2bb,2025-06-10T10:16,1,17.64,Online,Cancelled
a8091e10-1e98-4c5b-88a9-f3245f105620,8250871a-2b35-424e-a1a1-4eb4faffabfb,2025-10-08T10:16,1,25.38,Online,Cancelled
87b3b111-edf5-4b2e-b77c-8990154a2367,0130fcd4-a6cf-4a72-8400-7bcae1abce34,2024-07-18T10:16,4,79.08,Card,Pending
84ae4047-7d44-48ff-a547-6df567a58300,bf0de251-90d7-423c-8b31-48df1a89964f,2024-01-27T10:16,3,35.49,Cash,Cancelled
d6bf460f-7d53-4126-bf23-4d7eb35d9722,7c991f43-c18b-4404-8826-97691b0dc00c,2023-12-10T10:16,9,134.01,Online,Completed
d36a721c-89eb-49b5-baae-bf79b7e2b0e9,c9dcc28a-ae5f-477c-ae7e-72d94129f449,2024-01-11T10:16,7,200.06,Card,Cancelled
8204bcd2-1cc6-4b90-bf20-c9dc781c6048,910b1d47-5c37-48b1-8bde-96c60660f1d7,2024-05-22T10:16,2,52.92,Cash,Completed
c10fe00b-f770-4c0f-abec-4bde6d48cf3b,3910ab11-8758-4a4f-8a9b-c4f5df7413c4,2025-03-09T10:16,5,133.65,Online,Pending
39706293-7723-4c8e-9b46-c448b3cfd4d1,8b546c63-5406-493d-bc69-cfb594b38267,2023-11-20T10:16,2,11.54,Card,Completed
4c341970-fbbd-4bc7-8c1c-331bd271f406,6e6d2c67-f7fb-4a98-8f9a-4822259b25c4,2023-11-18T10:16,7,84.70,Card,Completed
6f0a4d49-66d0-459b-9314-97fcd976344d,56a75a3e-a944-4147-8cba-f1024726993f,2025-05-26T10:16,9,192.24,Online,Pending
ee2bcdf5-ac8a-4cdf-b88b-4bf705d92167,5d6f84a5-a4de-442e-99b9-b8ef714b4436,2024-12-31T10:16,1,28.40,Online,Completed
4862af63-08c2-4df9-8fbf-3a2c83b60823,1233cc27-7567-48e0-8dd2-6b0019506c2f,2024-06-15T10:16,3,84.93,Cash,Cancelled
5fc4868d-bfe2-4d90-84b8-4115ec03734f,25659c0e-6eb5-4c57-add8-fb6ac5f42699,2024-06-23T10:16,9,63.45,Cash,Cancelled
7b43a7ea-be50-487b-958f-51a9f01f5ca2,365c90d0-a590-4209-9401-2ce55af5ed98,2024-07-29T10:16,2,46.02,Online,Cancelled
afa7c7eb-0ddd-4e90-ae0d-c2654219ea9d,4b14a58c-f1e4-40b6-888d-a88cd7055099,2025-10-11T10:16,3,78.93,Card,Cancelled
a0f2873f-e55b-456d-980f-a0937328ca14,bb9edfa8-17f7-4f6f-8e3b-616693a298b1,2024-09-04T10:16,7,74.55,Card,Pending
9478aa39-4e1e-4b91-8cbf-026c37a358ef,fe624323-ba72-456d-9842-ed9e0edc75df,2025-03-06T10:16,2,34.70,Online,Completed
548659e3-1677-427e-825d-04ce4c5637ab,401a6911-a31e-4892-adc1-56e3e1eb090a,2025-04-28T10:16,5,81.75,Card,Cancelled
b4af512d-cfa1-4ec9-8572-e593b2327ec9,14eace30-1ac2-411e-8eef-98e8f32a87fb,2024-05-24T10:16,6,94.20,Card,Pending
0e9ec18a-f445-4531-863f-2d95f8ba3bfe,80537cf2-360f-4740-8b7e-d4cd56e22987,2025-03-07T10:16,5,137.25,Card,Cancelled
abcbe6bc-6ee8-4aac-8f31-fce58a158f34,885715b6-b1eb-44ca-8460-28c0343e56f3,2025-03-28T10:16,9,70.11,Card,Cancelled
f241812e-1b4d-422e-8a2f-fe83f15bd8a7,caca465c-e9f2-4add-91b5-24c70595e321,2025-09-02T10:16,8,202.00,Cash,Cancelled
5bd9fcee-a9c7-48a1-9972-cee42da2e195,77ca464a-fe0d-4dcc-8f08-3eb2f7b64f76,2025-08-15T10:16,5,109.40,Card,Cancelled
9d5a4490-92db-4dd1-80b5-66a66be3d9d3,fdb5454e-2230-489e-ade4-9218ff28cbd8,2025-06-11T10:16,3,37.47,Card,Pending
a6648072-6045-4f47-b8c8-a7fc5eec6aa2,49af098b-bf79-4643-8e49-739ea932d38b,2025-09-14T10:16,4,25.48,Card,Completed
0502f4c0-9194-4d0c-900c-64ba7d00f102,0b2a0e9a-e050-4380-b607-57adcbbf59d4,2025-05-09T10:16,4,36.04,Card,Cancelled
0e1b1a55-555d-4533-a53c-d22a52e89a9b,953417c6-cd52-45e9-9ca0-bb450653c934,2024-03-09T10:16,4,74.08,Online,Pending
e8a48721-9f89-4131-bbc3-53380b172ae3,b047b369-02d0-4f25-9af0-f1e883228863,2024-03-20T10:16,6,91.92,Card,Cancelled
757a9f87-670a-47b6-af9e-1b00907f9149,bc58b12c-65c4-4f21-89ef-3e492a22ef7c,2025-05-28T10:16,4,116.52,Cash,Pending
e9aabe20-ed83-4f1e-9e5f-13b2e34a9a29,6e6d2c67-f7fb-4a98-8f9a-4822259b25c4,2024-06-30T10:16,8,44.88,Card,Completed
b7e1364a-21a3-430c-964a-f9af4b036722,06e585f0-5b60-4900-81d1-3379328e6c17,2025-03-12T10:16,9,203.13,Cash,Cancelled
b281d283-960a-45d4-961d-c6cfd396cd8b,8250871a-2b35-424e-a1a1-4eb4faffabfb,2025-05-06T10:16,8,222.64,Cash,Completed
92a8806a-aa66-4187-b498-e99d33473b0d,5eb75bc0-d5fa-4209-9d42-7767f3f0585b,2024-06-06T10:16,6,118.68,Card,Pending
accf7a41-9f2f-4113-be00-f96ce9808295,4e6807ca-aed8-4ec9-b1b0-0e3aba57efb1,2025-01-27T10:16,3,27.12,Card,Cancelled
716e2c09-0fd4-4ae4-984d-66b4030d47b3,953417c6-cd52-45e9-9ca0-bb450653c934,2024-06-23T10:16,3,15.99,Online,Cancelled
dcc21785-4365-40fd-8126-b799e234c76d,f90cf3ca-e2d0-4129-bc7a-e8a2b80880da,2025-08-24T10:16,2,52.32,Card,Completed
fbd2d71e-f336-4259-a544-8ac67cedfa69,90f0db1e-2b19-43f7-ba17-233c7c214eca,2024-02-28T10:16,6,52.86,Online,Pending
1f782e77-9db3-4ea4-bdf1-610a7452f005,d3f641e5-b8b5-4f5f-9155-7768df2033e8,2025-07-02T10:16,9,121.32,Online,Cancelled
6ddfd8a9-803a-4b9b-88a9-06629071d202,b90a3a7f-421e-47e5-8598-fe50f365a62e,2025-06-21T10:16,5,133.05,Card,Cancelled
e2a22cea-1390-4401-951e-c90184fea810,b90a3a7f-421e-47e5-8598-fe50f365a62e,2024-10-16T10:16,3,22.68,Online,Cancelled
29d1a6ee-7425-4493-be76-92794aa87d04,0dd437d0-74fa-43c3-8909-5c955e4d47dd,2024-08-06T10:16,9,220.50,Card,Cancelled
34eef760-d603-4caa-ace1-12c125f5c5b7,5400d214-6176-40bf-88d2-3f53ed38bf69,2024-06-13T10:16,2,14.70,Cash,Completed
77b995d2-8c2d-4b61-a51f-4fe4e1adcd8f,6c6a3b10-9747-4dca-a041-4edc22d147b0,2024-04-25T10:16,8,159.12,Online,Completed
46c5c332-7d46-4d6d-bdca-50c69f7855fd,e6cb1215-5314-4d05-bfd1-f6e5d36e89f7,2024-11-04T10:16,3,79.02,Online,Cancelled
a68f6f59-924e-4648-9e0a-cac91aa36742,8626238e-5813-415a-9a8c-db944b1e0269,2024-05-17T10:16,5,130.70,Card,Pending
9a582548-71a5-44ea-bd71-dadc3c988f69,1a31c678-d420-495a-aff3-0f1609514e1e,2023-12-26T10:16,6,159.84,Cash,Completed
54d60f78-1c77-4191-a4c4-df47c232cf3e,ceafdb2a-788d-48e0-acdd-bd533a2e7ab6,2025-06-14T10:16,9,225.27,Online,Pending
676259c0-aacf-4473-a91d-afc2fc91e6fb,6bd388d4-5636-450b-bacd-55bdcb769bab,2025-04-01T10:16,4,83.56,Online,Completed
6b29a1a9-d39b-46b2-84c6-23996787e6e5,fbe227d7-6d32-4407-9783-7fdac983e55f,2025-04-12T10:16,4,55.60,Cash,Pending
bbefdc7c-2e1f-47ae-ab8a-27cfaa2a1a80,1a48aa9a-def3-481d-922a-94300aa97309,2024-04-21T10:16,4,103.52,Online,Completed
aea1c51f-4776-4c16-9101-8b82b3668981,27e45431-1333-4ffd-a0c8-be56ffdc5d4e,2024-03-19T10:16,7,68.18,Online,Cancelled
a40d879f-7a8a-4f56-9e2e-2ca4acb693bc,fe624323-ba72-456d-9842-ed9e0edc75df,2025-07-31T10:16,3,83.01,Cash,Cancelled
d268584c-e439-44c3-af22-67a92830f450,5eb75bc0-d5fa-4209-9d42-7767f3f0585b,2024-04-22T10:16,7,47.81,Card,Completed
5d6337e6-d078-4564-aa62-0dab6eb58249,14eace30-1ac2-411e-8eef-98e8f32a87fb,2025-09-23T10:16,3,75.81,Card,Cancelled
10d58c9b-b8f3-414d-aed2-3916fd1529f1,c1a09d60-c9e8-4489-a68e-e01b51541d33,2024-01-24T10:16,4,118.04,Online,Completed
f2108da8-9a91-4ca4-90eb-d0e811467fd2,ff4db0d8-e809-46e8-9ae0-78ffee4902d9,2024-03-10T10:16,2,23.76,Card,Cancelled
f65d9e83-c92b-4988-8885-a903eba96b6f,c63bd277-c81c-40c5-8720-6ce916d653c4,2024-11-05T10:16,2,10.58,Card,Completed
19a97c51-b157-4f89-aeae-105455e06955,7d2df59f-386d-4aec-85a8-2443262a0cb4,2025-09-29T10:16,3,36.87,Online,Completed
3aad1074-31cd-40a4-8672-2346ebaadb52,d33bbfcd-a2ca-4e80-8a1c-65223f061e7e,2024-12-20T10:16,2,11.68,Card,Cancelled
359f8474-b20b-403c-b5c6-251ecf0f73f6,428424b7-1f94-496a-8b7a-497ce177d32c,2024-09-26T10:16,2,23.36,Online,Cancelled
f981217d-2918-4cde-beee-e950f48132b1,90f0db1e-2b19-43f7-ba17-233c7c214eca,2024-09-16T10:16,2,21.08,Card,Pending
8e89ca63-24dc-4f67-92da-6eb62275e0d4,bf0de251-90d7-423c-8b31-48df1a89964f,2025-07-07T10:16,6,164.40,Card,Pending
8276b38e-e436-4fca-8b32-bd8003774ed5,65b2c0ea-6192-47fc-9286-2c1dd3ecefb1,2024-05-28T10:16,9,99.81,Card,Completed
f6492c35-ec06-4473-a982-f2fb955cd6ad,0fcf4084-ea31-49f8-99f9-9bf8c8b0c16b,2024-04-11T10:16,3,71.49,Online,Cancelled
f7a030e8-e221-4e8b-ac08-648a42195eb7,2ca088cd-c6c6-4e60-a1a4-d2990ee21b12,2025-07-14T10:16,4,86.36,Cash,Completed
c2fa08b9-2dde-4e2a-a678-a6fe46f3e017,80537cf2-360f-4740-8b7e-d4cd56e22987,2025-07-12T10:16,2,20.96,Cash,Pending
6b878950-fb55-4433-856d-3cc69662f0e3,941529ef-2114-4bff-907a-4596ff4593a1,2025-06-05T10:16,3,68.04,Cash,Completed
66c395d4-9acf-4531-87d6-1b439709531b,1233cc27-7567-48e0-8dd2-6b0019506c2f,2025-04-22T10:16,9,69.66,Cash,Completed
2e258667-2f41-45ed-8a9b-3117a666cc64,52c87fd9-fdf0-4256-b929-6153ad24a0ac,2024-02-05T10:16,7,155.26,Online,Cancelled
de7b0e7a-f1ce-478a-92b9-f3032b720be0,71f17b36-2c37-4cfa-bf8a-894fa94c0e9b,2025-03-18T10:16,9,212.85,Card,Completed
04e875d2-bd4a-4453-abcb-7f9b54b524ff,6c3bf618-a715-40f9-9faa-cfc5f5beef2f,2025-04-01T10:16,4,99.84,Online,Completed
3d2cf725-a9d3-459f-9a44-0c85cc923860,e12c3d24-86c8-474f-b86b-370df36adbfe,2024-02-15T10:16,7,163.10,Cash,Completed
17709fe5-e369-4fd6-9aa9-8190a65bb9ef,bb6bf39c-f455-4e08-a59e-1bdaaa91d4aa,2023-11-20T10:16,3,55.98,Card,Completed
08b5634e-1b76-482e-b816-4a3f15796fbc,a190f67b-21df-46bc-8164-46bdfa00af85,2025-08-29T10:16,7,47.60,Cash,Cancelled
5b5c298b-96cf-4024-94e6-19b2a0ddd4d2,1a31c678-d420-495a-aff3-0f1609514e1e,2025-02-10T10:16,6,67.74,Online,Cancelled
de4f9903-6893-4eea-81ad-5b84262106fc,050d9901-1cb5-413a-9c31-282028f863c1,2024-10-06T10:16,7,191.38,Card,Completed
2c6fe12c-4b23-4ecd-8ce7-64d02a2a166e,52c87fd9-fdf0-4256-b929-6153ad24a0ac,2025-08-20T10:16,8,67.68,Online,Cancelled
96ccfdc9-469e-4788-8b53-19fe4aa96079,9fa382f0-8393-48db-ad30-43c953282401,2024-05-01T10:16,8,152.08,Card,Pending
70d19c81-1e8c-4e73-8144-068793a26c8a,d7af10ce-45c9-4fc8-8dd8-b1c5491aad5f,2024-10-02T10:16,7,108.36,Card,Completed
71239b18-cf6e-45f6-bd28-1838708b1ef1,52fbb114-83aa-432d-b2f1-f3e37a5c4754,2024-04-12T10:16,9,170.28,Card,Pending
e14b6723-77a0-42dc-bf02-a7a95e2d65cf,59827b2a-ae17-44b1-bd6f-6f08718559cb,2025-10-07T10:16,3,20.43,Card,Cancelled
43cb3e29-7de6-4376-bf8a-69563fde1a42,6117b6f0-c4f4-4bf1-9eeb-f33950decba8,2024-03-05T10:16,6,176.34,Card,Cancelled
ec04920d-843c-4deb-b6cf-3a512ff41baa,90f0db1e-2b19-43f7-ba17-233c7c214eca,2024-11-12T10:16,1,28.60,Cash,Pending
228b0843-6057-4ce6-8703-955b04b420ab,8626238e-5813-415a-9a8c-db944b1e0269,2024-04-09T10:16,6,34.74,Card,Completed
a1cc1ce3-b27e-4cf5-b4b2-ba845fbf4118,ecf1ffb0-ac00-4968-87ea-8beef4ace55a,2025-02-11T10:16,4,62.12,Online,Pending
bf235194-9119-491e-977a-8b23eea6b636,953417c6-cd52-45e9-9ca0-bb450653c934,2024-01-19T10:16,9,52.02,Online,Completed
2413d769-c98f-4849-9f52-817cddd13ae7,69446e90-4237-4410-ab55-e011eb04cce0,2024-08-01T10:16,3,60.09,Cash,Completed
8485095f-f721-4e62-bb2d-d511e5786bf2,8626238e-5813-415a-9a8c-db944b1e0269,2024-02-14T10:16,4,45.08,Cash,Cancelled
83f7c7cf-2199-4de4-9103-f96067a4e741,59827b2a-ae17-44b1-bd6f-6f08718559cb,2024-10-05T10:16,6,79.56,Cash,Cancelled
79adafc5-a576-44d4-ba9e-0ad59687cf50,b047b369-02d0-4f25-9af0-f1e883228863,2024-12-25T10:16,5,70.10,Online,Pending
c83f390e-d157-4faa-9611-c51e515c21a7,7509850a-5062-4da9-aad6-bc5b9e363ef1,2025-11-10T10:16,6,65.46,Cash,Pending
02034af5-f6fa-4961-a278-512025b99414,e38afcd9-9e08-47ba-bc92-5ebb4bc271eb,2024-05-22T10:16,8,134.72,Online,Pending
5c25c0fd-2849-42b2-9900-d7c98d763e7c,c0d74d86-5c5b-481d-b8e3-61eeb9c77255,2025-04-21T10:16,8,176.80,Online,Cancelled
487a81b9-34e2-474a-8a6e-dd8d615321cd,0a570207-0f70-467f-bbeb-44a0a60a9a25,2025-04-30T10:16,6,173.16,Card,Pending
f388853a-5330-4ba2-b8ff-1b9795751bcb,36b880b0-e9bd-4c0b-8f1c-32018f6c758a,2025-09-04T10:16,5,101.05,Card,Completed
f00b980f-f393-4992-832d-a9ab2aa2f4b0,0df3bae1-6384-4856-aa27-aef9f6c48b75,2025-03-04T10:16,5,141.70,Online,Completed
ca7d3876-b6ab-4931-9396-4039a8ab4f91,b04ce307-2d1f-4214-b023-d8f4379041a1,2024-04-12T10:16,8,142.00,Card,Pending
67899f55-08fd-42c2-909b-9a5aa16e84e0,a5ffc907-be77-43e6-8694-4a0bf09bd3fb,2025-03-10T10:16,5,97.05,Online,Completed
a092056b-0eda-4079-9212-27d4ced0d79c,bb6bf39c-f455-4e08-a59e-1bdaaa91d4aa,2025-03-22T10:16,8,46.32,Cash,Cancelled
19980042-634e-485c-9350-2f601d9e0d4c,00d7ae70-0f46-4453-963c-4ab2a3d29314,2025-08-20T10:16,8,234.72,Online,Cancelled
7bbfe714-e1d1-40a1-a0ae-5c6b082e2ff6,52c87fd9-fdf0-4256-b929-6153ad24a0ac,2024-06-18T10:16,8,206.00,Online,Pending
cbe587bc-68e2-498a-a058-d0f7402cd0b5,941529ef-2114-4bff-907a-4596ff4593a1,2025-05-01T10:16,6,77.10,Cash,Completed
fd95f9ff-49f2-425d-a2ee-ed8d1f6e98b1,9c53f3f8-5b22-4d77-bd76-cfa6c70e443c,2025-07-09T10:16,8,194.96,Cash,Pending
03d6ee33-e070-4810-b6f4-066efc153506,c3ffc43c-0c11-40fa-9824-f234161741d0,2024-07-28T10:16,5,108.20,Cash,Pending
a2b2241d-d6fd-429c-b49e-5775263a002c,9305d562-2505-493d-8ed8-3fb721c8f491,2024-08-10T10:16,2,29.98,Cash,Cancelled
5fd36359-297f-4ec8-81ea-732cf25677c9,aac35608-9499-49c5-811a-a059e773c968,2025-11-03T10:16,6,170.82,Online,Completed
05d7d70b-fe1a-4160-a5a0-285d5c5cf5d2,5400d214-6176-40bf-88d2-3f53ed38bf69,2025-03-09T10:16,9,245.07,Card,Completed
eee0aaaf-862c-4712-a702-4c523a65737e,e85d0261-2d97-4475-a749-363ec9040a74,2025-02-09T10:16,9,169.29,Card,Pending
ed8e86b6-65a3-4115-adcd-d518360657d3,2c6dafc9-06cc-4b3d-8b8d-12aae0644c58,2025-07-09T10:16,7,188.09,Cash,Pending
456ba11a-c5ae-4a68-bc1a-93c6f95d9062,6117b6f0-c4f4-4bf1-9eeb-f33950decba8,2024-07-29T10:16,8,200.96,Online,Completed
915ec1aa-1139-4293-a615-7a7451d4e535,6e6d2c67-f7fb-4a98-8f9a-4822259b25c4,2025-06-06T10:16,3,17.97,Cash,Completed
bf493616-aae3-483e-abc2-1fed88bc2844,a190f67b-21df-46bc-8164-46bdfa00af85,2025-04-24T10:16,9,189.27,Card,Pending
ac9f7377-444e-47b4-a3c5-eedc4b7788d8,caad7924-4bc5-4f85-9662-11ca261e3c87,2024-08-05T10:16,2,33.56,Cash,Pending
c27467a5-859c-49c3-a826-50d15b9c03c6,485b65e7-fdf4-474d-afba-37986d8d3cd8,2024-01-16T10:16,1,8.60,Card,Cancelled
f35ef9e6-e98c-48f9-a35f-e0db462c9935,726d71e2-70fd-4416-8568-78619c14a73a,2025-08-01T10:16,8,210.56,Cash,Cancelled
f0295a7a-5a92-487b-b307-c3cece837369,983d66ae-c8b0-46b8-8abc-26a1055cf729,2025-09-10T10:16,7,38.08,Online,Cancelled
3df4c083-0c56-49ab-bb53-9c596e7c392b,0e0d5f13-edd5-4ab0-9ddd-3df111bedc5a,2025-08-19T10:16,9,100.53,Online,Cancelled
4fe76ed6-06dc-4e1f-aa97-cc6fc790a1b7,52f5634d-de98-4543-8a1e-cbf1e2d0242f,2024-03-06T10:16,4,96.44,Cash,Pending
a94998d7-6ec4-4478-9c9a-7c7bc5a41d05,59827b2a-ae17-44b1-bd6f-6f08718559cb,2024-04-08T10:16,5,96.30,Cash,Cancelled
f5469052-64c8-494c-8df8-ff60f525df16,caca465c-e9f2-4add-91b5-24c70595e321,2024-06-05T10:16,1,21.83,Cash,Completed
add04ed9-543a-41cf-b2f4-ac93c2c853a5,b90a3a7f-421e-47e5-8598-fe50f365a62e,2024-12-08T10:16,4,105.88,Cash,Pending
25b608cd-7977-4ec4-8a55-ec1a37f24dac,53db1213-7316-47bb-9099-c1def0e3c96b,2025-05-25T10:16,9,220.77,Cash,Pending
a2fced2e-cc50-4037-b806-660abe630840,0a15d43b-8f6b-444a-bef2-ffbddfdbd16f,2024-07-10T10:16,1,16.17,Card,Completed
555ad83e-d930-4719-85af-e750bba72583,14eace30-1ac2-411e-8eef-98e8f32a87fb,2024-11-24T10:16,6,78.66,Online,Cancelled
f7da828c-5812-47be-8399-74cf78cb31df,63846b60-b7be-4087-ac6e-56c9bc130a20,2025-01-22T10:16,3,52.14,Cash,Completed
23f07f04-649f-4edd-9f62-f285b580d553,a938df5f-7764-459c-8bfd-90409d16b3c6,2025-02-15T10:16,2,28.22,Card,Pending
01d85156-8c44-434c-824a-08f3693292e3,c1a09d60-c9e8-4489-a68e-e01b51541d33,2025-07-22T10:16,4,57.48,Card,Completed
14f48d66-3461-4aed-afcd-995aff4a6ba7,99c406e7-092b-4eeb-bc08-56fc041c253d,2024-09-12T10:16,2,10.26,Cash,Cancelled
1a751797-6dc8-4cf4-98b8-894ad356ae5e,bf0de251-90d7-423c-8b31-48df1a89964f,2024-04-01T10:16,9,233.28,Cash,Cancelled
f101d98f-a172-4b0e-9275-642e8827eff8,99c406e7-092b-4eeb-bc08-56fc041c253d,2025-07-01T10:16,1,26.38,Card,Cancelled
fcc5c57f-732d-49e8-b72d-07add1acbcd1,103fcba5-5588-45a5-9fe0-6ac948d3860e,2024-03-08T10:16,4,112.72,Cash,Cancelled
f26075f9-bc73-47aa-af43-a67fd3e13889,6945f6f4-b8f9-4d04-90ff-e59ed705578e,2025-07-20T10:16,8,60.40,Card,Completed
b4fddaad-a776-4752-921a-2c2d59c54fb4,39cb44e2-a541-4b98-bc0b-db5f31cf8710,2024-05-25T10:16,3,34.14,Cash,Completed
f774e319-ac48-46c7-8c04-a44c5c8552e9,4bb2d776-14c0-4ef6-b8ba-c580cbed72b8,2025-04-28T10:16,7,142.10,Cash,Cancelled
6bb03de7-ae12-4378-b0d5-cf0a3e7473e7,bb9edfa8-17f7-4f6f-8e3b-616693a298b1,2024-02-15T10:16,9,71.19,Online,Completed
9101f7bf-efc5-45e3-b2cf-ebf65abca354,e886c155-0dae-4b36-88f5-a86fa474d1f6,2024-06-28T10:16,8,179.44,Online,Completed
1493147b-702d-4748-8b1b-baa0537d6182,caca465c-e9f2-4add-91b5-24c70595e321,2025-06-24T10:16,7,59.43,Online,Cancelled
75b7ef6b-9cfc-4f64-b525-25c55f722b84,a302a1a8-c429-406f-abff-9f273aa0a4b5,2025-09-24T10:16,7,162.82,Online,Cancelled
4818a828-336a-44ef-8e84-543104941159,0a5bd884-b432-4ce5-b14e-44b4aedd4c0f,2024-03-14T10:16,4,35.72,Card,Cancelled
63012b29-de6c-44ac-a206-c4773c944856,1a48aa9a-def3-481d-922a-94300aa97309,2025-06-04T10:16,7,172.27,Online,Pending
7701f450-73f5-41fb-a65d-ec9930dc4426,05ccd8a5-ea5f-4353-bd1e-3022152b0685,2025-10-07T10:16,6,132.78,Online,Pending
11831be1-ae76-4a24-ad7e-cb32cb57d6cc,8e1bbe6c-7b75-46dc-8ca1-0b1664cd6ae4,2025-01-12T10:16,1,11.50,Card,Cancelled
23e26093-010a-44a5-9c6e-5435b8be943d,7509850a-5062-4da9-aad6-bc5b9e363ef1,2025-07-11T10:16,8,207.20,Card,Cancelled
061be4bc-3727-4124-95ea-e5e30beb58a3,67c276b0-7be6-4f3c-bf86-c342095c8112,2025-07-03T10:16,7,56.84,Card,Completed
f4702306-8bdf-4eed-a858-6df2c2971370,d7af10ce-45c9-4fc8-8dd8-b1c5491aad5f,2025-04-29T10:16,2,44.82,Online,Completed
5c5ad878-464f-4b49-a567-f53012f07368,ecf1ffb0-ac00-4968-87ea-8beef4ace55a,2024-03-21T10:16,8,189.84,Card,Pending
b39f6ee7-7f90-46fe-81ca-25dfea733a12,ef7fad1f-a86f-4ee1-95b4-ce1f339f0fa5,2025-09-22T10:16,1,16.83,Online,Completed
7e0c5d09-49b6-4781-9fd3-a23a8f97e09b,4bb2d776-14c0-4ef6-b8ba-c580cbed72b8,2025-03-11T10:16,4,70.04,Card,Cancelled
12091dea-67b1-4cc8-bafc-8e6899e0a96f,bb6ceda0-3f7a-4dfa-9862-41a88dd468b2,2025-07-08T10:16,3,83.67,Online,Cancelled
37496cdf-9de1-41e4-8417-c6b402f57a4c,65b2c0ea-6192-47fc-9286-2c1dd3ecefb1,2025-02-28T10:16,6,49.74,Cash,Completed
9dfcf1e1-73db-4e8f-a61c-cce076b527da,b90a3a7f-421e-47e5-8598-fe50f365a62e,2024-12-11T10:16,1,5.63,Card,Cancelled
5d0556f9-8efe-430f-8386-e0109bd39114,00d7ae70-0f46-4453-963c-4ab2a3d29314,2025-10-05T10:16,9,159.84,Cash,Cancelled
3c864edc-a2b2-48cb-ab8d-cc94ec79c360,6c3bf618-a715-40f9-9faa-cfc5f5beef2f,2024-08-28T10:16,9,53.55,Card,Completed
8f777f0b-c082-47ee-9a78-8116ad5981e9,ecf1ffb0-ac00-4968-87ea-8beef4ace55a,2024-02-17T10:16,1,29.41,Online,Pending
1ca93b6a-87bb-40c3-a8af-9fffd496a4d8,cb8747c7-32ca-4b6b-868d-13ab01d953ec,2024-07-12T10:16,4,80.52,Card,Completed
0cdeb106-8cfb-4e97-b47b-e755687a0d0e,d87f31d7-79ef-4c17-856e-142e791b04da,2024-02-13T10:16,1,9.85,Card,Cancelled
2ce3ba84-d491-4cd4-9060-a2f44b6e17e0,8b546c63-5406-493d-bc69-cfb594b38267,2025-03-21T10:16,3,41.37,Card,Cancelled
7ab2ff7f-1fe0-462e-a1f1-759ee46de794,401a6911-a31e-4892-adc1-56e3e1eb090a,2024-01-12T10:16,2,39.58,Online,Completed
4e1e11f9-93e7-4690-8a6d-d8d2d6708b51,e6cb1215-5314-4d05-bfd1-f6e5d36e89f7,2024-06-06T10:16,1,15.90,Card,Completed
daa5fe1b-fe01-4606-8ad9-ce625808d4bd,52f5634d-de98-4543-8a1e-cbf1e2d0242f,2024-09-17T10:16,8,220.08,Cash,Pending
734845d7-b8e7-49b7-9560-0f6dfe3eaf12,c1a09d60-c9e8-4489-a68e-e01b51541d33,2025-07-31T10:16,7,172.55,Card,Completed
be78b357-8ed9-45c1-9677-a1239ba459e1,bf0de251-90d7-423c-8b31-48df1a89964f,2025-04-20T10:16,7,45.64,Card,Cancelled
467988a0-97af-4143-88f0-52ca3ee02bb7,0a570207-0f70-467f-bbeb-44a0a60a9a25,2025-11-07T10:16,7,63.98,Cash,Cancelled
445f42a0-9dd2-42f5-a0f9-47f3ca6502f3,ef7fad1f-a86f-4ee1-95b4-ce1f339f0fa5,2024-11-09T10:16,8,108.16,Cash,Pending
a208c0af-8d11-4790-a4f5-8b55e74705d2,8e1bbe6c-7b75-46dc-8ca1-0b1664cd6ae4,2023-12-14T10:16,4,113.32,Cash,Completed
42f6d449-0238-4112-97f2-d035c18c8c2e,e886c155-0dae-4b36-88f5-a86fa474d1f6,2025-10-25T10:16,8,238.24,Online,Cancelled
6873474d-c937-4e80-b4b3-de164faba919,0df3bae1-6384-4856-aa27-aef9f6c48b75,2024-09-21T10:16,4,37.72,Online,Completed
8c8cad7f-1f49-4b42-8159-488ee4221812,0a5bd884-b432-4ce5-b14e-44b4aedd4c0f,2025-06-22T10:16,2,38.22,Online,Pending
b91064e5-227e-4912-b296-840ace14e2e2,4739f27f-7a96-4d52-83ae-0c6fd4c8c606,2024-02-02T10:16,4,47.28,Cash,Cancelled
ca8c9ceb-13d6-473a-9ce8-7677c29aa776,46032f36-69bc-465a-9b33-a5d560bfd77a,2024-04-15T10:16,6,41.22,Cash,Completed
e8f1c908-039c-4ea8-87ff-04cd9307aa44,7509850a-5062-4da9-aad6-bc5b9e363ef1,2024-10-03T10:16,8,109.76,Cash,Pending
f02e7ab5-9df2-4b1b-ae00-90ee1d96a36e,2c6dafc9-06cc-4b3d-8b8d-12aae0644c58,2025-01-21T10:16,7,57.19,Online,Cancelled
4300cfea-40ce-4138-a03c-a0114a5641b9,824998a2-7592-4051-ab0b-d5e12743c93b,2024-03-21T10:16,5,112.35,Card,Completed
2e692640-97d9-4413-87cd-cc4ffdf936a6,cb8747c7-32ca-4b6b-868d-13ab01d953ec,2025-06-21T10:16,3,76.92,Card,Cancelled
45bf43b0-a06e-45be-a57b-9dd363f0486a,9fa382f0-8393-48db-ad30-43c953282401,2025-07-19T10:16,5,29.00,Cash,Cancelled
1babeeeb-a9f8-4796-9f9e-d62d2c196009,c83bba2f-5229-4998-9566-1f3179b13e8a,2023-12-29T10:16,3,50.04,Online,Completed
56ddf88e-ff9f-4e92-b45e-169866eb1f0d,98b17fed-218c-4f20-8410-9f0edfc74455,2024-02-22T10:16,6,92.70,Online,Completed
9afa012f-f8ca-4530-bd97-0c0af3f97f1a,4717d2a3-4b2a-44f1-b960-a2b73e2d23fd,2025-07-09T10:16,9,140.31,Card,Pending
456cfba3-ddfc-4c5c-a9aa-419b4677fe58,77ca464a-fe0d-4dcc-8f08-3eb2f7b64f76,2024-09-07T10:16,2,28.60,Card,Completed
4b9282e2-6dcf-4ef3-ab4c-1980068a6317,10b26c2d-7d56-4175-84a8-a2775e128a9d,2024-05-03T10:16,1,6.34,Online,Pending
51db6775-7a78-4ec4-80b5-5bbfe6b36e00,6c3bf618-a715-40f9-9faa-cfc5f5beef2f,2025-01-31T10:16,6,58.98,Card,Cancelled
9bf1f8e0-4724-4992-b35a-9d4691ae68c5,3ab3404a-ee80-4ed2-8d90-a6f0dad14e48,2024-12-20T10:16,8,66.96,Online,Completed
6f3765d8-6a6c-4183-9b47-5e144b8ba507,8887df7e-682b-4d48-b18c-c1ddfa0aaa26,2025-04-14T10:16,7,128.52,Cash,Completed
c980f3e4-8157-40c4-9768-49dbfccec3d5,25659c0e-6eb5-4c57-add8-fb6ac5f42699,2023-11-30T10:16,4,43.00,Online,Completed
55024143-ed43-4a7d-ade5-2b4570c91ba7,06e585f0-5b60-4900-81d1-3379328e6c17,2024-03-09T10:16,5,95.90,Cash,Completed
bcf98be7-37b3-4fbb-b7ab-e10e3e3db20a,4739f27f-7a96-4d52-83ae-0c6fd4c8c606,2025-06-09T10:16,1,17.17,Cash,Pending
1ded7510-03c5-45cb-8ceb-00679d71d789,7d2df59f-386d-4aec-85a8-2443262a0cb4,2025-04-24T10:16,4,95.96,Card,Pending
cc07b2b2-570b-4b99-8660-25181b44e4c0,2ca088cd-c6c6-4e60-a1a4-d2990ee21b12,2025-09-15T10:16,3,60.12,Online,Cancelled
c7452806-221f-4df3-82f6-68f205324418,209e786b-2a61-4e52-a3b2-1cc98bcbf18c,2025-09-10T10:16,6,96.42,Cash,Pending
3943bee6-74bc-4a65-85fa-dc774173e27b,c5817fdc-a4dc-4879-b957-30cfda62016b,2025-11-03T10:16,5,58.60,Online,Cancelled
5600d045-ef2f-48a0-b663-f865ac4711a0,058b9c75-b72f-4594-80d2-e41194ff7672,2024-03-06T10:16,5,45.50,Online,Completed
d9a0fab8-6993-4ef7-9bf8-de8e7aba1cf4,050d9901-1cb5-413a-9c31-282028f863c1,2024-03-27T10:16,4,104.96,Card,Cancelled
5fc783c7-1888-4fc3-a8b0-43e914b4f534,bb9edfa8-17f7-4f6f-8e3b-616693a298b1,2025-08-25T10:16,5,27.70,Online,Cancelled
3299af4b-484e-4f7a-9c18-00da3f915e45,3ab3404a-ee80-4ed2-8d90-a6f0dad14e48,2024-10-20T10:16,9,169.02,Online,Cancelled
cc5cf301-3e5b-4bbb-823b-15041d0689dc,c5817fdc-a4dc-4879-b957-30cfda62016b,2025-06-29T10:16,6,163.32,Cash,Pending
529f3f9b-71f5-48ad-a673-82f58850b1d3,7c991f43-c18b-4404-8826-97691b0dc00c,2024-10-24T10:16,2,54.16,Cash,Pending
2df0c428-004b-4e54-9b86-946dbd5e5829,aac35608-9499-49c5-811a-a059e773c968,2024-08-01T10:16,6,83.40,Online,Cancelled
2b59a4f2-5d8e-45be-9f88-ed4f04cf658c,aff4340c-d102-49ba-af8e-84d2737ce82c,2025-08-02T10:16,1,20.36,Card,Cancelled
d524dad7-48bf-4313-9eec-502cac8e0a54,f0a6a958-e434-41bf-a830-dffa55a34db5,2024-07-20T10:16,4,25.76,Cash,Cancelled
da4ca48b-330e-4aba-9fa4-0159fdd149f0,1233cc27-7567-48e0-8dd2-6b0019506c2f,2025-10-25T10:16,8,117.92,Cash,Pending
fda08c9c-32d8-4752-9fb5-9167bec4bed3,fdb5454e-2230-489e-ade4-9218ff28cbd8,2024-09-19T10:16,9,155.43,Online,Pending
8281c2a6-3926-4968-add4-b2289f098600,52c87fd9-fdf0-4256-b929-6153ad24a0ac,2024-09-11T10:16,5,133.55,Cash,Completed
1bb2473d-1794-47a2-a60b-d8011c8db941,bb6bf39c-f455-4e08-a59e-1bdaaa91d4aa,2024-05-03T10:16,7,75.04,Online,Completed
03d95856-f666-4ddd-8d43-a2ed338a2fba,ba5d9947-b043-4aca-8ee0-6b77895cf8e8,2025-10-01T10:16,3,20.16,Online,Completed
a98557f7-0185-4114-9715-fe8240089905,205ea7f7-e714-45b8-a083-11247ff702a1,2025-08-25T10:16,9,161.64,Card,Pending
dde2427e-42d6-499a-98cf-096edc559530,b014b56e-3263-4b63-8430-46e00bc5ea77,2024-02-26T10:16,6,56.28,Card,Completed
7952c183-1f1c-468c-b6dc-709280c9a124,953417c6-cd52-45e9-9ca0-bb450653c934,2024-06-24T10:16,5,136.65,Card,Cancelled
9264159f-573d-4d7b-be2d-e8b441e9c927,cf65c4b6-4c1c-420b-95de-23e5b56ffad5,2024-09-07T10:16,3,83.88,Card,Completed
961f5456-02bb-475a-aa75-3df7fbb8012b,e85d0261-2d97-4475-a749-363ec9040a74,2025-09-01T10:16,4,86.72,Cash,Completed
3de47620-73f2-43cf-95d9-ecd0c7ff3502,2c6dafc9-06cc-4b3d-8b8d-12aae0644c58,2024-03-12T10:16,4,45.40,Card,Cancelled
e7eb8c5c-4352-4ccc-a6b5-71ef25d3a817,d33bbfcd-a2ca-4e80-8a1c-65223f061e7e,2023-12-02T10:16,2,33.16,Card,Pending
f79c6ecb-35f1-41a7-8c8b-1444eb84799f,4739f27f-7a96-4d52-83ae-0c6fd4c8c606,2024-12-13T10:16,4,105.04,Cash,Cancelled
386af5b2-b28e-4f18-84a0-5964ae5ee70a,8887df7e-682b-4d48-b18c-c1ddfa0aaa26,2025-05-09T10:16,6,95.88,Cash,Completed
6bd5c065-a264-4546-9b77-69b12bfb34d8,515fe1d2-d33a-4b9d-8c19-07e0cbe81a9a,2025-03-25T10:16,7,42.07,Online,Pending
81e00f7e-388a-4034-a63a-04f9d0eaba4e,8113211c-bdc3-4bb0-94d9-3fd3871f3005,2025-07-28T10:16,5,35.40,Online,Completed
f06cd0a4-ca83-4af2-b0fd-b58dad64b580,6117b6f0-c4f4-4bf1-9eeb-f33950decba8,2025-01-13T10:16,4,28.52,Online,Pending
280a5271-b213-4ff1-9031-e462bb7d6f85,ebbc7df0-770d-44f8-b0ff-c62f9006e40e,2024-04-20T10:16,8,153.92,Online,Pending
d1d79b30-d8fc-456b-97bf-82268442760f,e12c3d24-86c8-474f-b86b-370df36adbfe,2024-11-23T10:16,6,118.74,Online,Pending
2baedf14-b4fb-479a-8f83-38a00040f6ef,9fa382f0-8393-48db-ad30-43c953282401,2025-10-30T10:16,7,57.96,Online,Pending
36f23b1d-7a8c-44b7-806b-667e08a81e73,ebbc7df0-770d-44f8-b0ff-c62f9006e40e,2025-05-29T10:16,4,45.88,Online,Pending
33577d21-1395-485b-b30f-9ff78e8b7080,0472ca7f-b133-4710-8f43-24a3c6c1afd1,2025-10-25T10:16,6,80.10,Cash,Completed
c4609432-e342-4279-8e6e-f4ce7233b70c,c46351bf-193f-49af-a5d6-456188837c3d,2025-09-26T10:16,5,121.45,Online,Pending
fc527f57-e823-4db8-a417-69b6f6e00e8d,68169a66-a8d4-4763-914e-7befc826445b,2024-04-22T10:16,3,23.07,Cash,Completed
a38b3199-aba3-4d8b-976f-0244db33baec,e38afcd9-9e08-47ba-bc92-5ebb4bc271eb,2025-02-20T10:16,5,146.45,Online,Cancelled
d006fdd6-76b5-44d0-afcd-b800c0ee1c0b,058b9c75-b72f-4594-80d2-e41194ff7672,2024-12-31T10:16,3,29.49,Online,Completed
b30d3bcf-3261-416c-9440-7ca1badc1b68,bb6ceda0-3f7a-4dfa-9862-41a88dd468b2,2025-04-06T10:16,7,192.08,Card,Pending
952f8152-13e6-40d6-b6a9-d233f7fb3b19,050d9901-1cb5-413a-9c31-282028f863c1,2024-03-02T10:16,2,40.90,Card,Cancelled
984d2396-26fe-486b-bf0c-8c2910abac82,49af098b-bf79-4643-8e49-739ea932d38b,2025-04-21T10:16,9,225.72,Card,Completed
41fd289d-8df9-4578-9499-14fcd3c307d1,e12c3d24-86c8-474f-b86b-370df36adbfe,2024-03-15T10:16,1,19.36,Online,Completed
fbc7e936-cf54-416b-932c-22d2593f0513,39cb44e2-a541-4b98-bc0b-db5f31cf8710,2024-09-16T10:16,9,172.89,Online,Pending
396a41e3-2eab-41ef-ba6a-2fe5f9fb67cd,964d337f-acd5-4ca2-8843-9be3f2eb60fc,2024-01-27T10:16,4,93.44,Cash,Pending
8c9ef9bc-60ab-44ae-9902-fc3ac7d21a7f,e6e1db85-f8ba-4264-9c9a-520ecda4bc4c,2025-03-02T10:16,3,28.20,Card,Pending
da53c025-800a-4953-9c7f-4904c54cfa4c,80537cf2-360f-4740-8b7e-d4cd56e22987,2024-12-15T10:16,8,119.92,Cash,Pending
8e1a6bce-d6b5-4253-9b62-b9f2612bb602,05ccd8a5-ea5f-4353-bd1e-3022152b0685,2025-06-24T10:16,5,53.00,Online,Cancelled
c0346080-1662-4d83-9340-efba096feb77,05ccd8a5-ea5f-4353-bd1e-3022152b0685,2024-07-06T10:16,9,92.34,Cash,Completed
fbc34ac8-8fc8-46bf-af02-c44f0ab56197,9fa382f0-8393-48db-ad30-43c953282401,2025-08-07T10:16,9,80.19,Online,Cancelled
9c1bc43a-c950-43d7-a859-594eca657de9,ef7fad1f-a86f-4ee1-95b4-ce1f339f0fa5,2024-12-13T10:16,8,217.28,Card,Completed
52ac559c-0e2d-41e4-aff4-1b0485523f25,67c276b0-7be6-4f3c-bf86-c342095c8112,2024-12-17T10:16,5,118.40,Card,Completed
fd77c6df-5f8b-4984-ae2d-104117eb08d1,a190f67b-21df-46bc-8164-46bdfa00af85,2025-07-30T10:16,4,20.52,Cash,Completed
594e5de9-6bd2-46c5-a8dc-ac4f97b47328,10b26c2d-7d56-4175-84a8-a2775e128a9d,2024-02-23T10:16,3,53.31,Cash,Pending
7ecb4ff6-b455-4758-a043-472d203a597f,9305d562-2505-493d-8ed8-3fb721c8f491,2024-11-25T10:16,8,201.36,Card,Cancelled
690a41a0-c292-4954-a46c-33c47b7e7160,c0d74d86-5c5b-481d-b8e3-61eeb9c77255,2024-11-30T10:16,7,149.17,Card,Pending
0c0e7fd0-cb2f-4b17-91e1-b2a351c08b71,ff4db0d8-e809-46e8-9ae0-78ffee4902d9,2023-11-26T10:16,6,115.08,Online,Pending
ada0804f-2b93-4d9e-ab9b-b38f1a0a012c,6c6a3b10-9747-4dca-a041-4edc22d147b0,2024-01-03T10:16,3,48.06,Online,Cancelled
1a6da170-5341-45bd-a561-7aa4bca0c866,8f7f530b-bb30-4a05-b437-744ed30af54f,2023-11-22T10:16,2,28.40,Card,Completed
dbae4d07-c1f6-4bf8-ae46-c391cdf219cf,92da274a-bea2-490a-bb52-196c46fa8487,2024-07-16T10:16,8,158.40,Cash,Completed
37980998-745c-4fd8-abd7-5ad99f8df6a3,bf0de251-90d7-423c-8b31-48df1a89964f,2024-04-23T10:16,7,73.50,Online,Completed
2921ccf5-464a-486a-b347-b4d127baa1f8,4b14a58c-f1e4-40b6-888d-a88cd7055099,2025-02-27T10:16,1,9.84,Card,Completed
6b584f07-1b11-430a-ad72-b5b8fa2939b2,b0d737cd-ec4b-4a88-aa81-d012ef3fb719,2025-10-27T10:16,8,192.96,Cash,Completed
5ca051c2-c148-4f22-9957-cae0fc38d71e,14eace30-1ac2-411e-8eef-98e8f32a87fb,2024-04-19T10:16,9,259.56,Online,Pending
aa88f179-81e5-4842-8b3c-04a5913cf2b0,bc58b12c-65c4-4f21-89ef-3e492a22ef7c,2024-12-18T10:16,2,23.84,Card,Pending
97f77068-f6ef-4628-adca-765887b45684,f067e21d-d1d4-4e87-9cae-9753f5f9ccb6,2024-04-16T10:16,3,60.75,Card,Cancelled
05e6d83f-97ac-4b04-9f8a-30cc5957368f,6e6d2c67-f7fb-4a98-8f9a-4822259b25c4,2024-05-08T10:16,2,24.54,Cash,Pending
238b9662-b4cb-47ec-a37f-6057cb091be6,c63bd277-c81c-40c5-8720-6ce916d653c4,2024-04-23T10:16,1,5.04,Card,Completed
0c0de205-d553-4970-8323-118fbf4fab80,f6c35464-33dd-44a7-bf84-071f2e427045,2024-12-08T10:16,9,208.26,Card,Pending
363ae3fa-239e-475c-a255-7e4a31541d38,e12c3d24-86c8-474f-b86b-370df36adbfe,2024-11-25T10:16,4,24.24,Cash,Pending
2183e4d0-dfc1-415d-a607-2aa6f0559b86,9b9edd1e-b4f7-414c-b8b5-a3dc51fa0a8c,2025-09-12T10:16,2,24.08,Cash,Completed
d28d6474-a903-4f75-bb1e-26047b930934,6b1178fc-1745-401d-88da-3903c243ebe9,2024-05-22T10:16,1,8.65,Cash,Completed
f8adcccd-a831-4622-87f1-f10dc4622bf1,428424b7-1f94-496a-8b7a-497ce177d32c,2023-12-08T10:16,7,76.86,Cash,Pending
065d1295-2cd0-4886-b889-3af295478b97,68169a66-a8d4-4763-914e-7befc826445b,2025-10-15T10:16,9,146.25,Cash,Pending
ae578982-4246-4e24-a956-304e76b1b159,b3688304-b24b-416a-9bf4-c2b6aaeb59d3,2024-04-08T10:16,1,18.89,Card,Pending
c678e33b-ddb7-4284-9035-2737613c079e,09ba4183-1b94-4f8c-bc5f-eca421a88524,2025-09-18T10:16,9,170.19,Online,Pending
fe418308-79e0-469a-a1e5-0cd9f260d138,a3f626b9-cc27-4c04-8570-be79ab8bda4a,2023-12-14T10:16,1,7.50,Cash,Completed
054c5f24-f582-4df1-bbad-aa4124cc322f,7c991f43-c18b-4404-8826-97691b0dc00c,2024-01-16T10:16,8,210.88,Card,Cancelled
d0485b78-b356-4ec0-a64d-ee1a82a5f1d8,fbe227d7-6d32-4407-9783-7fdac983e55f,2025-08-13T10:16,5,25.95,Online,Completed
9b0d139e-4fe3-4f68-8f49-4625186d7640,ebbc7df0-770d-44f8-b0ff-c62f9006e40e,2025-05-01T10:16,8,76.80,Online,Pending
789a2ea4-eb08-4366-a12f-41547eddfc31,73a2b03c-2dca-486e-8ebc-c4d6bb68a8c6,2024-06-30T10:16,1,14.49,Card,Cancelled
1d0a3122-323d-402a-831a-3283e3649898,7d2df59f-386d-4aec-85a8-2443262a0cb4,2025-05-27T10:16,3,40.53,Online,Cancelled
afb8f0d5-5bf0-4f72-a61d-d2310c999fb3,9305d562-2505-493d-8ed8-3fb721c8f491,2025-05-31T10:16,6,110.88,Card,Completed
3e814389-b275-4093-b2be-f99369763f56,0b2a0e9a-e050-4380-b607-57adcbbf59d4,2024-12-20T10:16,5,111.60,Cash,Completed
4bb53122-e3c1-469c-9765-12649163e158,8e1bbe6c-7b75-46dc-8ca1-0b1664cd6ae4,2024-06-03T10:16,4,53.76,Card,Pending
906ef8b9-cb28-409a-8e15-4ff3adfda04e,205ea7f7-e714-45b8-a083-11247ff702a1,2025-04-01T10:16,3,88.14,Online,Completed
e485e4bc-a553-413b-870d-b9f4c8141cdc,02c65c06-56ad-4670-b8e2-10ab417c7154,2023-12-15T10:16,7,56.49,Card,Completed
44546926-99c6-474c-a021-c368c0be5e90,00d7ae70-0f46-4453-963c-4ab2a3d29314,2023-12-14T10:16,6,85.98,Online,Pending
875401a8-ba3f-48b8-8d49-fe41105dedd6,10b26c2d-7d56-4175-84a8-a2775e128a9d,2025-03-01T10:16,2,44.72,Cash,Pending
f8946e4a-bcf2-4257-9fd5-484649b544aa,0df3bae1-6384-4856-aa27-aef9f6c48b75,2025-05-15T10:16,4,33.88,Cash,Completed
942e225a-2947-40ed-b84b-97af0efc5a33,27e45431-1333-4ffd-a0c8-be56ffdc5d4e,2024-03-19T10:16,7,188.30,Cash,Pending
155c04af-4ff4-4a60-8d69-27b182ab10ab,824998a2-7592-4051-ab0b-d5e12743c93b,2024-07-26T10:16,7,133.21,Online,Completed
bac0c684-37c6-4c96-a39e-57ced8ea3517,89d26a00-0fde-4c03-8430-b06f6bc3f33a,2025-05-29T10:16,9,239.40,Cash,Completed
14413e5c-e483-49a0-9049-3d342ac0a113,ebe19120-496a-47fa-87eb-2440212a3363,2024-10-01T10:16,5,140.40,Card,Pending
013b68af-d335-40dd-b158-6c55561aa18b,98b17fed-218c-4f20-8410-9f0edfc74455,2023-12-04T10:16,8,68.40,Cash,Cancelled
dc6b33cf-33d6-4574-b9ab-1faa6e0a73da,ceafdb2a-788d-48e0-acdd-bd533a2e7ab6,2025-05-25T10:16,9,220.86,Online,Cancelled
4ac06541-b585-4ca7-beb7-7e646e015b6b,d6d4ef4b-0870-48aa-b884-013237f255f4,2025-07-09T10:16,6,157.26,Card,Completed
c4469b14-ff65-44d7-a4e5-3017932f38c5,92da274a-bea2-490a-bb52-196c46fa8487,2025-07-07T10:16,9,125.55,Online,Cancelled
e8482903-cf10-4dfb-b56b-b381e9637f75,60cd80b6-3967-4dae-b4df-adc7b5644971,2025-01-09T10:16,8,148.40,Card,Pending
ca892004-fd40-4564-9c0b-865ec534fe4f,941529ef-2114-4bff-907a-4596ff4593a1,2024-07-25T10:16,8,215.36,Cash,Cancelled
f30ba446-0b57-45d5-9acd-90e4fbab70e1,6bd388d4-5636-450b-bacd-55bdcb769bab,2024-04-27T10:16,6,128.28,Online,Cancelled
f540d534-f3ad-471c-a86d-144348afb859,68169a66-a8d4-4763-914e-7befc826445b,2025-01-25T10:16,7,198.94,Cash,Pending
0784468e-1e9a-473b-b198-e0b4fbf5a1af,aff4340c-d102-49ba-af8e-84d2737ce82c,2024-06-16T10:16,6,77.88,Card,Pending
b12bad94-6ebc-43ec-aaf5-1a9e6d14db59,1233cc27-7567-48e0-8dd2-6b0019506c2f,2024-06-23T10:16,2,58.28,Online,Pending
959e608f-63b4-4f1f-be55-820edc8f675d,500fde18-ea61-4380-9ea4-f06d09985870,2024-03-23T10:16,3,49.35,Cash,Completed
bf40d561-8658-42b7-a472-52d32042c5b9,953417c6-cd52-45e9-9ca0-bb450653c934,2024-05-17T10:16,9,91.08,Cash,Cancelled
e7e06d0d-4079-42f0-b3f2-e9c8bab88bea,983d66ae-c8b0-46b8-8abc-26a1055cf729,2024-06-16T10:16,4,55.56,Card,Completed
6ade5453-8ea5-4dce-b3cb-d2b88c57660c,9c53f3f8-5b22-4d77-bd76-cfa6c70e443c,2025-05-17T10:16,5,109.35,Online,Cancelled
25683d68-f520-463c-ab50-20eac511c462,7c991f43-c18b-4404-8826-97691b0dc00c,2024-06-28T10:16,2,30.52,Card,Pending
943e31ed-39f6-42e3-b3cf-1dc3b643725e,5400d214-6176-40bf-88d2-3f53ed38bf69,2024-09-09T10:16,8,115.44,Cash,Completed
6c01529a-97f2-4af0-9f5a-28a0c03ff559,515fe1d2-d33a-4b9d-8c19-07e0cbe81a9a,2025-11-10T10:16,5,82.80,Cash,Cancelled
b4b89105-eb12-4ed1-ba3e-9ff9db725518,cd50913f-8c99-4253-9134-0cf5fe5f300f,2025-01-21T10:16,4,90.72,Card,Cancelled
556aa755-b009-4767-ad5a-7ad6520773f6,77ca464a-fe0d-4dcc-8f08-3eb2f7b64f76,2024-07-29T10:16,1,26.60,Card,Cancelled
1807e690-f630-4648-8796-f0d3fee7ae24,6c3bf618-a715-40f9-9faa-cfc5f5beef2f,2024-06-20T10:16,5,31.95,Cash,Cancelled
a20dc17f-c254-4dd5-91f2-55ef5bd3a135,68169a66-a8d4-4763-914e-7befc826445b,2023-12-07T10:16,5,119.90,Cash,Completed
120bb101-037d-4f7c-9d5a-6e25fc38c294,e85d0261-2d97-4475-a749-363ec9040a74,2024-07-21T10:16,1,12.10,Cash,Cancelled
9168f428-fcda-4b58-a7b1-47d67a4ce305,8887df7e-682b-4d48-b18c-c1ddfa0aaa26,2024-11-13T10:16,9,178.02,Card,Completed
b1a60759-fecb-441b-907d-e49883c8def6,e277d099-db2a-4aee-ab86-8b0e73a34383,2024-02-22T10:16,1,7.17,Card,Pending
a7bcb2e0-62eb-4c61-ad8e-6069feea97ab,ec3490d2-e8da-47ee-ae12-0ca0b1d7a2bb,2024-12-14T10:16,4,75.32,Card,Completed
07f002ec-4683-4c55-85d9-ad12ebc66041,bb9edfa8-17f7-4f6f-8e3b-616693a298b1,2025-04-12T10:16,9,84.96,Online,Cancelled
6b35e46b-3113-489d-8eb3-3f3cd72f739c,8626238e-5813-415a-9a8c-db944b1e0269,2024-05-02T10:16,2,37.44,Card,Pending
ebf8532f-41ea-470d-a0ca-6f2920926489,885715b6-b1eb-44ca-8460-28c0343e56f3,2023-12-16T10:16,6,108.78,Online,Cancelled
da8da511-04d3-4872-b7f3-f390e3a4017c,06e585f0-5b60-4900-81d1-3379328e6c17,2024-02-01T10:16,5,79.15,Online,Completed
ea9a3913-ab7e-48e3-832f-71748e2e389e,795088d7-d227-422e-ad8c-f048bde0675e,2025-04-14T10:16,7,56.49,Online,Cancelled
6a850b95-4679-46e9-bf0d-b32dc27f4f55,60cd80b6-3967-4dae-b4df-adc7b5644971,2024-10-24T10:16,6,70.26,Card,Cancelled
8390122c-103b-49b6-aa8a-a78d98d86acf,fdb5454e-2230-489e-ade4-9218ff28cbd8,2025-08-09T10:16,6,41.10,Cash,Completed
615b4918-9a4f-427f-b450-4673287af1c9,b03f75c1-655f-4480-a2bf-1a0af806e96e,2025-06-12T10:16,1,20.98,Cash,Pending
46b4046f-8887-4d90-b7fb-1da5a25c9e0a,c46351bf-193f-49af-a5d6-456188837c3d,2024-06-09T10:16,2,10.60,Online,Pending
3af082de-c6be-4932-9b3e-40cec377bc02,b6c26110-1b77-4777-8c79-c69ec19b66df,2024-02-07T10:16,6,97.68,Online,Pending
92b5cd7e-1c08-4806-96a4-7de06691f504,80537cf2-360f-4740-8b7e-d4cd56e22987,2025-10-03T10:16,3,50.88,Cash,Completed
eb95aee0-2599-457c-a116-facecd55e19c,2ca088cd-c6c6-4e60-a1a4-d2990ee21b12,2025-04-28T10:16,5,148.60,Online,Pending
33f28d83-3fe6-480a-9c78-256426a1b2bf,93cdeef1-3fc3-4a63-a275-0ae87ae6b335,2024-08-29T10:16,6,33.90,Online,Completed
50fe9f1b-cb85-4098-afb2-9b7a0e4c4a4b,e85d0261-2d97-4475-a749-363ec9040a74,2024-08-17T10:16,9,48.42,Online,Completed
e85ac0c2-e9c0-4837-8e3e-0d314378ba99,050d9901-1cb5-413a-9c31-282028f863c1,2024-09-03T10:16,6,67.14,Cash,Completed
b061b39d-486e-4c2b-9f40-c73e10588b6b,ebe19120-496a-47fa-87eb-2440212a3363,2025-03-09T10:16,4,119.40,Online,Cancelled
4ed4ee97-9f7a-4e0b-ad5d-d814868f4690,935ebde1-5945-4673-886e-1a7a12cc2d4e,2024-10-25T10:16,1,9.95,Online,Completed
79312159-6d00-4f62-8315-3b19f98bdd63,7509850a-5062-4da9-aad6-bc5b9e363ef1,2025-05-18T10:16,3,32.19,Online,Cancelled
daa16c65-246e-4b13-8c54-fc5cbcb067be,e38afcd9-9e08-47ba-bc92-5ebb4bc271eb,2025-10-04T10:16,1,7.58,Cash,Cancelled
a0f62310-daf1-4275-bb3e-0ac3d2c1b1ca,0dd437d0-74fa-43c3-8909-5c955e4d47dd,2023-11-30T10:16,9,181.53,Online,Completed
a0b052f1-5f81-46d1-b334-c0ca762c7601,8250871a-2b35-424e-a1a1-4eb4faffabfb,2023-12-25T10:16,9,218.34,Online,Completed
695e3df8-bfb0-4c1c-845d-cf710b9debf3,428424b7-1f94-496a-8b7a-497ce177d32c,2024-04-18T10:16,5,105.65,Cash,Completed
a1f07d22-a030-4f5e-a2a9-e8889872129d,69446e90-4237-4410-ab55-e011eb04cce0,2025-09-12T10:16,6,84.96,Card,Cancelled
acabcc7d-eed3-4a3b-806b-4115421e833f,1233cc27-7567-48e0-8dd2-6b0019506c2f,2025-10-02T10:16,4,74.64,Online,Pending
9b7db722-951f-452c-bd6b-14b05c7efd6b,bb6bf39c-f455-4e08-a59e-1bdaaa91d4aa,2024-03-24T10:16,2,31.18,Card,Cancelled
9625edde-3d75-48fd-990b-a4b3f523357b,964d337f-acd5-4ca2-8843-9be3f2eb60fc,2025-10-16T10:16,1,6.37,Card,Cancelled
ed659471-bd77-4451-a3e1-b1de4ada01ba,53db1213-7316-47bb-9099-c1def0e3c96b,2025-04-12T10:16,7,130.41,Card,Completed
7c6717de-1f21-4dd3-9a97-d7658c58c0a4,8b115a34-224b-453c-be69-b53a7445b466,2025-03-31T10:16,1,7.77,Cash,Completed
ceb94f2d-c88f-49d6-82de-12f2985771cf,60cd80b6-3967-4dae-b4df-adc7b5644971,2024-01-11T10:16,9,106.29,Online,Cancelled
a694469e-8d92-4e7a-bf7e-9768f26cb86e,c46351bf-193f-49af-a5d6-456188837c3d,2024-08-17T10:16,2,26.62,Card,Pending
4f90efb1-9e87-494e-b328-2e9dd553590c,0a570207-0f70-467f-bbeb-44a0a60a9a25,2024-05-28T10:16,6,169.68,Cash,Pending
b4efd5ab-6184-41fa-ae53-9622fb0bb689,aac35608-9499-49c5-811a-a059e773c968,2024-10-05T10:16,2,11.92,Cash,Cancelled
a95aea29-d7dd-400c-84db-110ef9edebfc,401a6911-a31e-4892-adc1-56e3e1eb090a,2025-08-05T10:16,8,167.44,Cash,Completed
854e1209-dc1d-4b5c-a25d-e79d768ae435,c9dcc28a-ae5f-477c-ae7e-72d94129f449,2025-08-31T10:16,4,95.64,Online,Cancelled
59ee74d2-0ca5-4397-af7b-2190dd02bc12,98b17fed-218c-4f20-8410-9f0edfc74455,2024-01-07T10:16,4,76.24,Card,Pending
f448bf6a-56f1-4b32-93d8-54c76cdcf9bf,f0a6a958-e434-41bf-a830-dffa55a34db5,2025-03-31T10:16,5,92.85,Cash,Completed
e8b92785-35b3-40a2-ad17-bc0d4d849a6b,1eeb9c5f-5b7a-47af-b4f1-5a50d9d1089c,2024-12-03T10:16,9,173.07,Card,Cancelled
ccbdc21f-9307-4bfc-b7ee-be448a46f78e,2c6dafc9-06cc-4b3d-8b8d-12aae0644c58,2024-08-26T10:16,4,85.04,Online,Completed
86bff3b8-1b03-490b-9fda-adc7df84bd92,c9dcc28a-ae5f-477c-ae7e-72d94129f449,2025-04-24T10:16,7,99.12,Card,Pending
111895ff-dbff-4718-a2d5-01d7ab105815,bc58b12c-65c4-4f21-89ef-3e492a22ef7c,2024-08-21T10:16,9,118.26,Cash,Cancelled
b76d2a94-3e4f-42d8-b7ec-ac35cc6a39a2,365c90d0-a590-4209-9401-2ce55af5ed98,2023-12-26T10:16,1,5.31,Online,Completed
e520f00e-dc37-4d1c-af2a-36d9dac3770e,8e1bbe6c-7b75-46dc-8ca1-0b1664cd6ae4,2024-06-29T10:16,1,7.46,Online,Pending
38e9d8b3-ac4b-474b-93a1-f7d200fa403d,983d66ae-c8b0-46b8-8abc-26a1055cf729,2024-11-19T10:16,5,52.85,Cash,Cancelled
73527101-8deb-4de7-ae13-bf6144f83c49,e886c155-0dae-4b36-88f5-a86fa474d1f6,2024-04-05T10:16,8,210.24,Card,Pending
db2aa402-7c36-4759-8a1f-80033a9afdc4,bfa3444b-2be9-46be-b944-720d86a59770,2024-03-31T10:16,5,49.25,Online,Completed
cfce354c-7bab-4e74-80c2-443a780d8b74,11526850-7335-463f-b740-a52a90457c3b,2024-11-25T10:16,1,11.11,Cash,Pending
1514bfa4-8501-41a1-968b-50a5f76cb590,49af098b-bf79-4643-8e49-739ea932d38b,2023-12-02T10:16,4,78.00,Cash,Cancelled
05cc2628-144c-4d66-9107-aa4b15b2c9ab,a938df5f-7764-459c-8bfd-90409d16b3c6,2025-04-25T10:16,6,124.14,Cash,Completed
5f4aa100-8423-4249-b52a-b6a2bbfa83d0,5d6f84a5-a4de-442e-99b9-b8ef714b4436,2024-03-22T10:16,3,37.35,Online,Cancelled
8c0b7d54-1ae6-40fe-8569-df75303abb70,90f0db1e-2b19-43f7-ba17-233c7c214eca,2024-09-29T10:16,7,150.22,Cash,Completed
fcf9f2a6-af4a-4ebf-abd0-63d6fd657b57,fbe227d7-6d32-4407-9783-7fdac983e55f,2024-03-06T10:16,7,178.29,Card,Cancelled
b92bfe1f-7f9c-4a01-9cea-c1ffa211d512,485b65e7-fdf4-474d-afba-37986d8d3cd8,2024-01-12T10:16,9,230.13,Card,Cancelled
f5c3b046-7f9a-4af8-842d-5fd29c791dc0,6c3bf618-a715-40f9-9faa-cfc5f5beef2f,2025-10-10T10:16,2,54.04,Cash,Pending
e5fd50a1-e591-4cd0-b196-0a1becae4ca3,dcfb3d05-846d-4915-99f3-ebbc7559d972,2025-05-20T10:16,4,47.60,Online,Pending
25117c2a-c9c5-451f-bbe6-584a066a04e6,ef7fad1f-a86f-4ee1-95b4-ce1f339f0fa5,2023-12-07T10:16,7,177.03,Cash,Cancelled
db9acda6-79c7-406c-b1fc-09fed020b551,c5817fdc-a4dc-4879-b957-30cfda62016b,2023-11-21T10:16,8,124.16,Cash,Cancelled
b754f97b-d315-4377-9d1f-887040e6750a,36b880b0-e9bd-4c0b-8f1c-32018f6c758a,2024-12-27T10:16,2,42.88,Card,Completed
88b15a15-de4f-49c1-b771-fe3248cafbf4,6c6a3b10-9747-4dca-a041-4edc22d147b0,2025-07-14T10:16,6,55.80,Cash,Completed
ea7accf6-e9bc-46f8-8d0b-9e57461dce2f,f543de06-e341-4de2-95ab-ca0fd3ee51fe,2024-01-19T10:16,7,195.93,Cash,Completed
d7abd066-7633-42d3-bba6-6376e9458f35,8b115a34-224b-453c-be69-b53a7445b466,2024-09-25T10:16,2,53.70,Card,Completed
906adffb-a74a-4d4e-8800-7ba3938ebbd5,6e6d2c67-f7fb-4a98-8f9a-4822259b25c4,2024-03-31T10:16,9,205.38,Online,Pending
f79c8c21-9717-4b53-859a-7b1c162bd38b,7d2df59f-386d-4aec-85a8-2443262a0cb4,2025-05-23T10:16,7,107.03,Cash,Cancelled
796527ea-0054-440b-880a-f618c8969950,3dcaabe3-78c9-4d88-bed5-56ca7ceea07c,2024-12-09T10:16,4,80.24,Online,Pending
e7908800-d767-45b8-8e11-83acd4929621,d33bbfcd-a2ca-4e80-8a1c-65223f061e7e,2025-09-23T10:16,5,25.55,Card,Cancelled
2a03f626-75c2-4a61-965d-2925ba4eb35b,69446e90-4237-4410-ab55-e011eb04cce0,2024-01-12T10:16,9,176.94,Online,Pending
eaa0dcf3-f974-4588-a2fe-7bb349bedbd2,4e6807ca-aed8-4ec9-b1b0-0e3aba57efb1,2024-08-04T10:16,8,103.28,Card,Completed
c16a2940-d2b9-47ed-a989-733a7f1f0772,6f61ca8e-51a1-48e0-abfa-88326e713e34,2024-01-22T10:16,1,25.60,Online,Pending
e7849fb3-ceba-4df7-9249-25bdfb67ba05,b95f7619-fab2-4df9-8683-1f2aeb93a660,2025-08-08T10:16,7,169.47,Cash,Pending
32ca20d9-5f36-4955-8b32-4b287c4bbc8d,0df3bae1-6384-4856-aa27-aef9f6c48b75,2025-02-15T10:16,1,26.31,Cash,Cancelled
0dbbbcd5-426c-44fd-a33d-1fe6349000e5,209e786b-2a61-4e52-a3b2-1cc98bcbf18c,2024-10-29T10:16,1,29.43,Cash,Pending
a9607bc1-654e-441d-8cf7-6be9a463b331,c46351bf-193f-49af-a5d6-456188837c3d,2024-06-09T10:16,8,184.80,Cash,Cancelled
946abb3e-a358-40c5-9b0b-10da01010a43,99c406e7-092b-4eeb-bc08-56fc041c253d,2025-09-05T10:16,9,177.57,Online,Pending
57ee511a-905b-4c87-8587-5e756c760e80,cd50913f-8c99-4253-9134-0cf5fe5f300f,2024-12-21T10:16,9,112.95,Cash,Cancelled
52f806f4-ed31-4980-8d98-467525646de8,6e6d2c67-f7fb-4a98-8f9a-4822259b25c4,2024-06-10T10:16,8,192.88,Online,Completed
6d29257f-2154-477b-b162-77d91e2537e9,4739f27f-7a96-4d52-83ae-0c6fd4c8c606,2023-12-25T10:16,1,20.26,Cash,Completed
ce05c140-7eaf-4ea3-87dd-d50f84889fd1,2a109685-1399-4149-8951-fba29bb0360d,2025-05-07T10:16,2,47.88,Online,Pending
2a9e16fa-1ffe-403c-a974-f2540a3c7575,bb9edfa8-17f7-4f6f-8e3b-616693a298b1,2025-06-04T10:16,6,157.98,Card,Pending
666e0863-850e-4136-bd87-8508d03b2322,bb6ceda0-3f7a-4dfa-9862-41a88dd468b2,2024-02-04T10:16,1,29.40,Card,Pending
4fae77a8-8970-43c6-9737-5d15e85865e6,953417c6-cd52-45e9-9ca0-bb450653c934,2024-11-30T10:16,7,38.92,Cash,Pending
d3afa8a0-2cc3-4648-b902-addfa91abeb8,dcfb3d05-846d-4915-99f3-ebbc7559d972,2024-01-01T10:16,5,29.55,Cash,Pending
31d0e4d6-69fb-43ec-a4b1-84975da66ab5,ecf1ffb0-ac00-4968-87ea-8beef4ace55a,2025-06-13T10:16,7,64.40,Online,Cancelled
66e8119e-d798-4367-8a08-d8ef8a0c6bb6,3befa4dc-d961-4a3a-9410-d43d1bdaa335,2024-07-18T10:16,9,242.19,Online,Completed
4e0b2898-54d5-4a95-9782-9e8a643c40bf,14eace30-1ac2-411e-8eef-98e8f32a87fb,2025-04-17T10:16,6,106.68,Online,Pending
4189438d-917e-44f2-b0f4-353d7d689277,e6cb1215-5314-4d05-bfd1-f6e5d36e89f7,2024-05-10T10:16,2,11.12,Online,Pending
5d3efe3f-b081-4bf3-aefa-b58474e13946,0fcf4084-ea31-49f8-99f9-9bf8c8b0c16b,2023-12-04T10:16,6,68.34,Cash,Pending
52adc058-ef47-43b0-b545-89a036f5842e,d7af10ce-45c9-4fc8-8dd8-b1c5491aad5f,2024-08-23T10:16,3,85.98,Cash,Pending
e98dc1b6-0130-4132-9a94-1bf945944e31,6945f6f4-b8f9-4d04-90ff-e59ed705578e,2025-09-29T10:16,2,25.96,Card,Completed
ada0d36b-d780-4084-8bd3-6c258dbfbd83,b3688304-b24b-416a-9bf4-c2b6aaeb59d3,2024-01-08T10:16,6,49.38,Cash,Pending
dbe39fec-5390-4bff-9464-a9b7bee7d595,59827b2a-ae17-44b1-bd6f-6f08718559cb,2024-01-13T10:16,4,42.20,Online,Cancelled
1994bd84-fe86-4498-aca3-d6fe4fe155dc,b3688304-b24b-416a-9bf4-c2b6aaeb59d3,2023-11-30T10:16,2,43.90,Card,Pending
c9773e50-2cdc-44c4-9d7a-9d0880c8386e,36b880b0-e9bd-4c0b-8f1c-32018f6c758a,2025-09-18T10:16,6,97.98,Card,Cancelled
0ea7768b-96c5-44a5-9f53-c90f75b510b9,941529ef-2114-4bff-907a-4596ff4593a1,2025-02-19T10:16,3,64.98,Card,Completed
ab4217ec-4507-4bd9-a3b4-f7cdae1628e4,050d9901-1cb5-413a-9c31-282028f863c1,2024-10-02T10:16,5,117.15,Online,Completed
1e9eac38-31a3-40f9-9d1b-72abb272de43,c0d74d86-5c5b-481d-b8e3-61eeb9c77255,2024-06-27T10:16,3,27.48,Card,Pending
d8f9a48f-10eb-4289-a466-ec306a00f895,0a5a9fc7-e126-48f0-99aa-dea85c606f66,2024-08-27T10:16,8,204.24,Online,Completed
9cd114cf-c955-4665-ac55-f349d2e0cda3,bf0de251-90d7-423c-8b31-48df1a89964f,2024-11-20T10:16,8,134.96,Card,Pending
65093512-c901-4542-ab28-6fd3255b9984,983d66ae-c8b0-46b8-8abc-26a1055cf729,2024-05-25T10:16,8,183.76,Online,Cancelled
601ac724-5cae-4c55-93c9-9cb11cfc89c9,205ea7f7-e714-45b8-a083-11247ff702a1,2025-11-05T10:16,8,194.48,Cash,Cancelled
81e8fcae-d875-4515-898d-25cd341f8903,9305d562-2505-493d-8ed8-3fb721c8f491,2024-10-13T10:16,6,80.28,Card,Cancelled
2eccbb43-b4e6-4de8-aeed-f6538e48066f,6c3bf618-a715-40f9-9faa-cfc5f5beef2f,2025-04-22T10:16,2,51.28,Online,Completed
0dd6d459-9bf2-427e-b7c3-d32bd06cf2ec,98b17fed-218c-4f20-8410-9f0edfc74455,2024-05-07T10:16,8,132.00,Card,Completed
b23b796b-1ce7-4840-97de-7c2091cab922,4739f27f-7a96-4d52-83ae-0c6fd4c8c606,2024-08-15T10:16,6,91.80,Cash,Cancelled
cd965440-a23c-4c0e-836b-1f6593722d9d,7169ef0c-f2c8-4ae3-83f6-87691664d2d2,2024-05-25T10:16,8,212.24,Card,Pending
943d3b16-3865-4b0f-a892-aeae596fc692,65b2c0ea-6192-47fc-9286-2c1dd3ecefb1,2024-04-09T10:16,8,205.12,Online,Completed
14da496e-c6b1-49d8-9878-052efa392584,485b65e7-fdf4-474d-afba-37986d8d3cd8,2024-09-06T10:16,1,24.83,Cash,Completed
383c1a34-5732-4556-88c3-ac61e67c77fa,26d032f1-9fe9-487a-987a-a8be14e1db05,2024-12-18T10:16,6,110.46,Card,Cancelled
2e2cd726-103d-4cd4-b3ae-9ea8fdcc7160,46032f36-69bc-465a-9b33-a5d560bfd77a,2025-02-17T10:16,7,193.90,Online,Pending
e167b0ca-4db8-4672-8ea6-a1762750f1a9,e7991221-0de0-4ef8-aa9c-ca3b59197059,2024-09-26T10:16,2,48.78,Online,Cancelled
297e2bfd-a92d-4ef6-9c51-3b84ad3fede5,2a109685-1399-4149-8951-fba29bb0360d,2025-05-20T10:16,3,53.85,Cash,Completed
74c160c4-313e-4c4d-96bb-c77aa043f4a2,b014b56e-3263-4b63-8430-46e00bc5ea77,2024-11-28T10:16,5,80.65,Card,Pending
8c50aa24-7382-4098-b2dd-35740c226bcb,8e1bbe6c-7b75-46dc-8ca1-0b1664cd6ae4,2025-07-30T10:16,8,98.32,Online,Completed
7b141944-64e8-417f-af84-7c321e7f3928,aff4340c-d102-49ba-af8e-84d2737ce82c,2024-08-27T10:16,5,121.10,Online,Completed
96ab6be4-6fda-4a20-ae36-26446bf02256,b014b56e-3263-4b63-8430-46e00bc5ea77,2025-02-23T10:16,4,109.00,Cash,Pending
520602a9-9ff6-46bf-b7b7-8b3ae80ec0b4,b90a3a7f-421e-47e5-8598-fe50f365a62e,2024-09-22T10:16,8,116.96,Card,Cancelled
13532fc7-8600-48e3-8eb6-d9c1d7d44cee,4e6807ca-aed8-4ec9-b1b0-0e3aba57efb1,2024-01-29T10:16,8,47.52,Cash,Pending
26844034-2571-430b-8bfb-ae8f8f8f1477,2a109685-1399-4149-8951-fba29bb0360d,2023-12-19T10:16,6,54.78,Cash,Cancelled
5ef10f6a-5066-4f79-9662-bf9f433a6dfe,6e6d2c67-f7fb-4a98-8f9a-4822259b25c4,2025-01-13T10:16,1,16.50,Cash,Cancelled
c5df33a1-366a-4930-a2b2-27d99a630bfc,5d6f84a5-a4de-442e-99b9-b8ef714b4436,2025-08-28T10:16,6,114.18,Card,Pending
0c78465c-b627-44f0-8f66-e84bb841fc29,f067e21d-d1d4-4e87-9cae-9753f5f9ccb6,2025-02-05T10:16,6,91.56,Card,Completed
2fe1cf91-46e5-42fd-a1c6-57ad929b174e,cb8747c7-32ca-4b6b-868d-13ab01d953ec,2025-10-18T10:16,1,13.79,Cash,Cancelled
1546b6ed-663d-4696-af32-dd995507435b,6e551d53-4f6d-4b84-a9de-3d7c79694805,2024-03-26T10:16,8,136.56,Cash,Pending
5d10a0a2-703b-4ef0-af02-23e7569bc11b,c9dcc28a-ae5f-477c-ae7e-72d94129f449,2025-06-05T10:16,4,24.00,Online,Cancelled
3a8016c3-6312-4521-9e0e-8ceb5f33a280,0fcf4084-ea31-49f8-99f9-9bf8c8b0c16b,2025-04-23T10:16,1,20.57,Cash,Pending
022648f5-b289-451a-8c72-d9895ae6b99c,63846b60-b7be-4087-ac6e-56c9bc130a20,2025-04-09T10:16,5,119.55,Card,Cancelled
9693bf40-3c06-4ca5-ab0e-0581632cb2e1,885715b6-b1eb-44ca-8460-28c0343e56f3,2024-06-12T10:16,9,222.75,Card,Pending
c4661af6-6488-4733-822e-2e46e4b61f76,c0d74d86-5c5b-481d-b8e3-61eeb9c77255,2025-01-06T10:16,5,139.00,Cash,Pending
b603c0ca-841e-4bee-87a9-8f3cef93e8db,0df3bae1-6384-4856-aa27-aef9f6c48b75,2024-10-24T10:16,5,147.80,Cash,Completed
242482e8-1d7d-415a-8652-b8f26cfd23bd,6bd388d4-5636-450b-bacd-55bdcb769bab,2025-09-15T10:16,3,38.25,Card,Completed
a9f368a7-c5a0-46be-b79b-150c3bbdaf33,a3f626b9-cc27-4c04-8570-be79ab8bda4a,2024-08-20T10:16,5,128.15,Cash,Cancelled
4a4690aa-c596-406f-a2a3-cd4432241631,f90cf3ca-e2d0-4129-bc7a-e8a2b80880da,2024-07-21T10:16,3,60.78,Card,Cancelled
0a899170-3c42-4c23-a7f5-09bbf409e069,4717d2a3-4b2a-44f1-b960-a2b73e2d23fd,2025-03-03T10:16,9,164.25,Online,Pending
d7fd1ab3-285b-478a-a4ed-df15e08013dd,bb6bf39c-f455-4e08-a59e-1bdaaa91d4aa,2025-11-10T10:16,8,87.84,Card,Completed
c1a8e81e-96eb-4c42-a133-48d794891c79,8626238e-5813-415a-9a8c-db944b1e0269,2024-10-26T10:16,6,48.12,Online,Cancelled
8e59c9bd-9c3d-4e4f-aeec-0f8e4d3dac9c,b6c26110-1b77-4777-8c79-c69ec19b66df,2025-10-14T10:16,9,252.27,Online,Cancelled
06b4477e-efda-474d-9837-ed1b5cf639cb,103fcba5-5588-45a5-9fe0-6ac948d3860e,2025-01-02T10:16,7,152.32,Cash,Completed
f660bbf9-17ea-46ef-a618-89d585b11b3e,52fbb114-83aa-432d-b2f1-f3e37a5c4754,2024-12-28T10:16,4,33.32,Cash,Pending
e6376948-a9fe-42b1-8a24-2eb8b57b5bc7,953417c6-cd52-45e9-9ca0-bb450653c934,2023-11-13T10:16,7,44.03,Online,Cancelled
183d8530-e136-4d0a-b477-3f155fd7f9af,3dcaabe3-78c9-4d88-bed5-56ca7ceea07c,2025-01-16T10:16,9,238.68,Cash,Completed
5134e0a3-d533-4997-b128-b77ca16239ca,941529ef-2114-4bff-907a-4596ff4593a1,2024-12-03T10:16,2,39.82,Online,Pending
0497f3e8-3dc8-4a8f-a4e9-edf37fbe68d6,f3826f04-0dfa-4266-8002-58fede0093f5,2023-11-16T10:16,1,27.09,Online,Pending
5def0e64-b101-4a7c-956f-928fdecb03a0,6117b6f0-c4f4-4bf1-9eeb-f33950decba8,2024-02-26T10:16,4,47.36,Online,Pending
b92e44ce-fa2b-42d9-87b8-f068525e7f19,5d6f84a5-a4de-442e-99b9-b8ef714b4436,2024-09-21T10:16,2,56.74,Cash,Pending
19aa863c-b646-4975-901c-33ac23dd83f5,c3ffc43c-0c11-40fa-9824-f234161741d0,2025-08-05T10:16,2,12.78,Card,Cancelled
3b0d1118-250c-4f31-b7ae-b3877fb7b6b8,ebe19120-496a-47fa-87eb-2440212a3363,2024-05-15T10:16,8,84.64,Card,Pending
712d542c-8991-4644-ac05-9a2c278451f0,6c6a3b10-9747-4dca-a041-4edc22d147b0,2025-04-07T10:16,8,210.08,Cash,Cancelled
ea168014-ed40-48ac-89f2-8319175957a1,b014b56e-3263-4b63-8430-46e00bc5ea77,2024-02-10T10:16,5,72.20,Cash,Cancelled
d2a3081b-2a34-41f2-ac5e-6335e4e10507,485b65e7-fdf4-474d-afba-37986d8d3cd8,2024-07-26T10:16,6,33.96,Online,Cancelled
2ad8e544-ba17-4837-841f-2a0b0bae04da,14eace30-1ac2-411e-8eef-98e8f32a87fb,2024-12-27T10:16,1,27.67,Cash,Completed
029b500d-d485-4786-aa56-b1a0e37d1272,3befa4dc-d961-4a3a-9410-d43d1bdaa335,2024-10-22T10:16,3,19.65,Card,Completed
29d450b5-1e96-4065-9179-6bcc9f07a891,9b9edd1e-b4f7-414c-b8b5-a3dc51fa0a8c,2024-04-28T10:16,1,12.18,Online,Cancelled
a633ae84-69c3-4384-9cdd-d2aec71c3899,f3826f04-0dfa-4266-8002-58fede0093f5,2024-11-02T10:16,4,57.28,Cash,Pending
16fbd156-b43c-41d8-80ef-c871ab4fbba1,ecf1ffb0-ac00-4968-87ea-8beef4ace55a,2024-06-03T10:16,9,250.29,Cash,Cancelled
8c31808f-8970-49ca-9cde-acc382abd0e6,ceafdb2a-788d-48e0-acdd-bd533a2e7ab6,2024-11-23T10:16,9,87.84,Card,Completed
b822d9da-3bc2-4c61-97b6-2b0db3bd0326,983d66ae-c8b0-46b8-8abc-26a1055cf729,2025-02-05T10:16,9,121.77,Online,Pending
6a9c7323-285b-48fe-b3b5-3a3e6bdd5182,205ea7f7-e714-45b8-a083-11247ff702a1,2024-09-30T10:16,8,116.00,Cash,Completed
fd375776-3686-4e80-890d-59dd43505360,b95f7619-fab2-4df9-8683-1f2aeb93a660,2023-11-13T10:16,4,76.92,Cash,Cancelled
16d8a3ae-e77a-4291-b199-1f72769ada61,910b1d47-5c37-48b1-8bde-96c60660f1d7,2024-03-15T10:16,1,25.44,Online,Completed
14a4ad29-607c-403d-8f18-c11f5887cdd8,e277d099-db2a-4aee-ab86-8b0e73a34383,2024-04-08T10:16,5,51.80,Card,Pending
b12ba5b6-90b4-4172-afa6-93564dae7d5f,e7991221-0de0-4ef8-aa9c-ca3b59197059,2024-10-09T10:16,5,41.00,Cash,Pending
07d21e24-185f-409c-83f7-b3c12e7039af,53db1213-7316-47bb-9099-c1def0e3c96b,2024-03-03T10:16,4,27.76,Card,Pending
edc7a13c-a383-4717-9793-fe2b74e51774,9305d562-2505-493d-8ed8-3fb721c8f491,2024-09-16T10:16,7,66.50,Cash,Pending
548be301-4e2c-4c2d-99f1-a109d36f0b99,c1a09d60-c9e8-4489-a68e-e01b51541d33,2025-05-06T10:16,7,100.73,Card,Completed
46eb73b2-373a-43ee-9201-dcaaf6a12359,14eace30-1ac2-411e-8eef-98e8f32a87fb,2024-08-17T10:16,2,50.86,Cash,Pending
bb8e8044-b1cf-42b8-aa47-5c7836f6ea84,8e1bbe6c-7b75-46dc-8ca1-0b1664cd6ae4,2025-07-27T10:16,6,40.68,Cash,Cancelled
540a66a7-68fb-4a8d-8bce-574dc84e9941,c9dcc28a-ae5f-477c-ae7e-72d94129f449,2024-11-04T10:16,8,209.44,Cash,Cancelled
514257b0-aa4a-40e5-8339-e4c402eaecf5,26d032f1-9fe9-487a-987a-a8be14e1db05,2025-02-13T10:16,6,111.48,Cash,Cancelled
438ff345-372d-43df-aead-55e499fdf92a,1407e9cf-22c9-4137-a2fe-cc12dc038235,2024-03-04T10:16,6,166.50,Card,Completed
bad1e897-92ab-4a45-a450-b8c5285b2586,7a18d550-38d0-40b2-84a7-547162e7e409,2024-03-09T10:16,8,142.40,Online,Pending
6ea8948d-475e-49b1-863f-aa32800e5ebf,7d2df59f-386d-4aec-85a8-2443262a0cb4,2025-09-27T10:16,1,6.93,Online,Pending
8da53f6f-f65c-419e-b458-879c53bee99b,3e97fc93-73a7-45e0-9888-f7a03ee258a7,2024-05-01T10:16,6,88.56,Cash,Pending
23b277f4-34e0-4dab-8729-99c98bd82dc1,7a2e5fa5-096b-4701-8ce6-7a3db39bf8eb,2024-04-18T10:16,3,39.60,Cash,Completed
13e845a2-65a6-4e5e-a58b-7c589a9f6845,b90a3a7f-421e-47e5-8598-fe50f365a62e,2023-11-30T10:16,4,58.60,Cash,Pending
3250e1ba-f6a0-4552-b3d9-0f4f31013715,e38afcd9-9e08-47ba-bc92-5ebb4bc271eb,2024-05-23T10:16,2,10.26,Online,Completed
b8371b08-9f83-49f4-96cb-9cc40c7a2f6f,6f61ca8e-51a1-48e0-abfa-88326e713e34,2025-09-06T10:16,8,190.88,Card,Pending
f73b6ae5-c225-486d-b68d-457965ec3d67,46032f36-69bc-465a-9b33-a5d560bfd77a,2024-07-08T10:16,2,56.50,Cash,Pending
e75ce479-b5c6-4a07-ba6a-a31513ff4c34,73a2b03c-2dca-486e-8ebc-c4d6bb68a8c6,2025-02-19T10:16,8,68.48,Cash,Completed
344d39cf-597d-4eb3-954b-d0640d176b6f,8113211c-bdc3-4bb0-94d9-3fd3871f3005,2024-06-01T10:16,1,23.93,Cash,Completed
eca7ed7f-c36e-4a80-935c-53acfad50f1d,02c65c06-56ad-4670-b8e2-10ab417c7154,2024-07-27T10:16,6,109.80,Card,Pending
8e32244f-faa0-4472-99d0-78a2cdf9423c,14eace30-1ac2-411e-8eef-98e8f32a87fb,2025-04-10T10:16,2,25.74,Card,Cancelled
1f2917df-5890-4015-99ba-22ae4b89f166,ebbc7df0-770d-44f8-b0ff-c62f9006e40e,2025-03-06T10:16,6,55.44,Online,Pending
9a89a748-66c6-4921-9f32-4d384e0c6dd4,b03f75c1-655f-4480-a2bf-1a0af806e96e,2025-09-05T10:16,9,134.73,Online,Pending
85fcd0b2-656f-453f-a04a-a09b7b2ede8b,90f0db1e-2b19-43f7-ba17-233c7c214eca,2025-06-07T10:16,3,87.03,Card,Completed
a6d31d25-b27d-4122-8d45-7ac3464d322a,90f0db1e-2b19-43f7-ba17-233c7c214eca,2025-06-08T10:16,1,8.98,Online,Pending
7640ad13-09e9-4403-8fe5-d5bd5e506263,8b115a34-224b-453c-be69-b53a7445b466,2024-12-21T10:16,2,37.20,Card,Pending
7748a837-3d7d-4434-b019-7d716ff0f8d7,1a31c678-d420-495a-aff3-0f1609514e1e,2025-10-27T10:16,8,156.40,Online,Pending
5f10499a-2c1c-4976-b9d7-014f209a4cfa,80537cf2-360f-4740-8b7e-d4cd56e22987,2025-04-16T10:16,4,43.56,Cash,Completed
0738c759-b20c-478d-b71d-b8d2a5e21b3f,4739f27f-7a96-4d52-83ae-0c6fd4c8c606,2025-06-04T10:16,9,81.99,Cash,Cancelled
8487117f-0847-460f-8888-4c60b030bdfc,0a15d43b-8f6b-444a-bef2-ffbddfdbd16f,2024-03-10T10:16,3,81.30,Card,Pending
1e0c1929-6a11-4363-9604-4783477d523a,e6e1db85-f8ba-4264-9c9a-520ecda4bc4c,2024-07-19T10:16,3,83.79,Online,Pending
7c5cc337-78f4-4bbd-a360-28d445c0be6d,2a109685-1399-4149-8951-fba29bb0360d,2024-04-26T10:16,6,97.38,Cash,Cancelled
1c42a7a1-0246-4524-95ec-cf84e639c07e,964d337f-acd5-4ca2-8843-9be3f2eb60fc,2024-09-26T10:16,3,40.77,Online,Cancelled
c1364547-75f0-4801-b5a5-aa5d66d5bd4b,1d32c3b3-c732-4995-aa6b-ff159deb3bdf,2025-06-14T10:16,3,18.66,Cash,Completed
bc9a256c-d9a1-45c8-99b7-dc943b876971,ecf1ffb0-ac00-4968-87ea-8beef4ace55a,2024-05-08T10:16,6,115.44,Card,Completed
c014ba4e-2583-45a5-9597-f3546169fd85,0d463f72-c3a1-4a2b-8d0d-1721a0d1a06b,2024-06-13T10:16,6,31.98,Cash,Pending
21a21405-780c-4015-8393-0f6847f9a956,63846b60-b7be-4087-ac6e-56c9bc130a20,2024-09-03T10:16,5,58.05,Online,Cancelled
ac2a8604-d0f3-4a51-9585-6e9f70bf33b1,1a48aa9a-def3-481d-922a-94300aa97309,2024-01-04T10:16,6,61.38,Cash,Completed
86995923-c468-4bf0-80f0-593bd7b6df12,bb6ceda0-3f7a-4dfa-9862-41a88dd468b2,2025-09-30T10:16,4,100.32,Card,Cancelled
0fbbc2a3-e984-4c62-8bdc-b3f550ffcc4c,5f6e51da-5f01-4c9a-85dd-7d50ef37e5d7,2025-01-02T10:16,4,101.44,Cash,Pending
f098833b-a364-477d-b83f-39c84d446e4f,0dd437d0-74fa-43c3-8909-5c955e4d47dd,2025-05-20T10:16,7,156.52,Cash,Completed
0faaa9cf-c694-4e94-ac69-f65667195ce9,d7af10ce-45c9-4fc8-8dd8-b1c5491aad5f,2024-03-03T10:16,2,13.18,Online,Pending
cdd56c7d-89d9-4723-bab4-586183739396,cf65c4b6-4c1c-420b-95de-23e5b56ffad5,2025-04-07T10:16,7,52.92,Cash,Completed
2ab0fa3a-1944-4b9f-8eb8-412ad3d628f6,b014b56e-3263-4b63-8430-46e00bc5ea77,2025-03-24T10:16,4,112.76,Cash,Cancelled
46a8d94f-8287-4751-97d6-57231b83bea6,0e0d5f13-edd5-4ab0-9ddd-3df111bedc5a,2024-08-09T10:16,6,85.50,Card,Cancelled
157fef79-d4c2-43c7-bf9c-ebf0538a1985,6f61ca8e-51a1-48e0-abfa-88326e713e34,2024-08-24T10:16,4,96.56,Online,Pending
7ecddbce-98ee-46fa-8aa3-d0940ca857f7,0d463f72-c3a1-4a2b-8d0d-1721a0d1a06b,2024-07-25T10:16,1,25.92,Cash,Cancelled
f7d1a31f-07ba-4f3e-b491-de50a72d21e8,80537cf2-360f-4740-8b7e-d4cd56e22987,2025-01-23T10:16,9,101.97,Online,Pending
614303ec-a41d-4da8-9f64-7220c6a3cb25,aac35608-9499-49c5-811a-a059e773c968,2024-07-09T10:16,6,128.10,Cash,Cancelled
fa1ba310-5c15-4127-a6b8-1c96df66fdbd,73a2b03c-2dca-486e-8ebc-c4d6bb68a8c6,2024-05-29T10:16,9,268.02,Online,Completed
4e8ea804-1e77-4438-a9d8-1758692b80c8,b047b369-02d0-4f25-9af0-f1e883228863,2025-04-06T10:16,6,38.64,Online,Pending
26d163b8-336a-4d3c-92bf-7ebdf5581704,a5ffc907-be77-43e6-8694-4a0bf09bd3fb,2025-06-15T10:16,2,48.68,Online,Cancelled
56637557-ecc4-42a7-a6e5-42a208e4bff8,bb6bf39c-f455-4e08-a59e-1bdaaa91d4aa,2025-10-10T10:16,1,11.26,Online,Cancelled
dc142bef-4c35-4298-bf83-54cc0b328f8a,0b2a0e9a-e050-4380-b607-57adcbbf59d4,2024-01-05T10:16,9,51.66,Online,Pending
e088d955-fb12-4978-8645-61f111096ae1,bfa3444b-2be9-46be-b944-720d86a59770,2024-08-18T10:16,8,225.44,Cash,Pending
b8ea920d-b1c3-447b-88c0-3f928185df97,941529ef-2114-4bff-907a-4596ff4593a1,2025-08-03T10:16,6,91.50,Cash,Cancelled
423e1188-1164-4f97-b01c-ebfadc5d666f,d5eaf6a7-76cc-48ec-98d9-ba713e2df70f,2024-11-09T10:16,6,156.48,Online,Completed
caaa8ac0-bb05-42e8-9ba6-70111d6b88e8,67c276b0-7be6-4f3c-bf86-c342095c8112,2024-08-14T10:16,8,120.64,Online,Pending
712dae14-d198-4f1b-8a17-482f427fca6a,25659c0e-6eb5-4c57-add8-fb6ac5f42699,2024-11-11T10:16,4,45.52,Online,Completed
495e11d8-287f-4fb0-a4f8-8010fcb85e03,3ab3404a-ee80-4ed2-8d90-a6f0dad14e48,2024-11-23T10:16,2,47.70,Card,Cancelled
ea08f1c5-9ad7-49e8-8dff-1564d3b93740,d33bbfcd-a2ca-4e80-8a1c-65223f061e7e,2024-12-10T10:16,8,71.36,Card,Pending
b8dc07db-13ba-4601-a464-1b573019490e,885715b6-b1eb-44ca-8460-28c0343e56f3,2024-06-23T10:16,5,52.50,Card,Pending
937df15d-c7ba-4bed-98bd-baf968779782,4f6ae324-5b6d-47d6-a86d-26ec6fbe1e0e,2024-05-19T10:16,8,228.40,Online,Cancelled
d59790c6-4ef2-4d83-a100-6e26f98e8a51,6f61ca8e-51a1-48e0-abfa-88326e713e34,2025-01-29T10:16,5,43.45,Cash,Completed
b2c1ec47-6611-4c7b-8c63-fb6fc445bd98,92da274a-bea2-490a-bb52-196c46fa8487,2024-01-10T10:16,8,56.72,Card,Completed
5e8aceaf-d931-42a8-9f61-15c74e46ffdd,e85d0261-2d97-4475-a749-363ec9040a74,2023-12-25T10:16,9,231.03,Online,Pending
aa723cb0-e713-4058-bac3-cf5f1ed37471,4b14a58c-f1e4-40b6-888d-a88cd7055099,2025-07-28T10:16,3,49.92,Online,Completed
acfd55a6-7fcb-4d03-b64b-cb016f1268b9,8887df7e-682b-4d48-b18c-c1ddfa0aaa26,2023-12-14T10:16,5,141.70,Card,Completed
df612d98-dfbe-4961-bae4-0369549da51c,3dcaabe3-78c9-4d88-bed5-56ca7ceea07c,2025-11-07T10:16,5,136.40,Online,Pending
4d1cc8a9-b7ad-48a8-8fc3-ba642e784120,8250871a-2b35-424e-a1a1-4eb4faffabfb,2024-05-17T10:16,9,208.53,Cash,Completed
b4f67645-218f-4c87-989f-05c0d6e972a4,00d7ae70-0f46-4453-963c-4ab2a3d29314,2025-06-25T10:16,9,159.93,Online,Cancelled
76949ece-9f73-4980-91f2-ee53a01cb8dc,ff4db0d8-e809-46e8-9ae0-78ffee4902d9,2024-06-28T10:16,9,237.96,Cash,Cancelled
20a0689a-bcd1-4a23-8b1d-c5571d3015af,1a48aa9a-def3-481d-922a-94300aa97309,2024-09-11T10:16,2,24.06,Online,Completed
61184baf-b4c8-47df-9dae-3ee49c9b145e,39cb44e2-a541-4b98-bc0b-db5f31cf8710,2024-05-06T10:16,5,112.45,Online,Completed
3c092c80-0590-4a99-85c0-4e8e58df9b48,795088d7-d227-422e-ad8c-f048bde0675e,2024-03-31T10:16,9,250.38,Online,Completed
39f6878f-26b4-47a1-a416-4e63161af2a4,cf65c4b6-4c1c-420b-95de-23e5b56ffad5,2025-07-23T10:16,7,203.84,Cash,Cancelled
5b337da6-d9fd-4ba7-8f3d-0e60c5ea5b54,e7991221-0de0-4ef8-aa9c-ca3b59197059,2024-01-20T10:16,3,17.94,Card,Completed
dc54e594-63ae-4eea-8eb9-0814ebd65cf7,058b9c75-b72f-4594-80d2-e41194ff7672,2025-02-06T10:16,4,68.20,Online,Cancelled
54c19eff-4096-4cbf-9b20-ecbe3757930c,910b1d47-5c37-48b1-8bde-96c60660f1d7,2025-06-07T10:16,8,95.76,Card,Completed
b18f31f3-0ac0-4c18-b91d-a5f1acbec1aa,cf65c4b6-4c1c-420b-95de-23e5b56ffad5,2024-09-03T10:16,8,114.08,Online,Completed
32a3e833-885c-4054-8a8d-b85972356436,d5eaf6a7-76cc-48ec-98d9-ba713e2df70f,2024-10-02T10:16,9,255.60,Cash,Completed
a349f4bd-ab9d-4a96-a4fb-82477adc9d0d,73a2b03c-2dca-486e-8ebc-c4d6bb68a8c6,2024-01-25T10:16,6,136.14,Online,Pending
45c4af6a-6f0d-4ad5-94ca-aa7f3f2dec1a,10b26c2d-7d56-4175-84a8-a2775e128a9d,2025-05-20T10:16,6,66.30,Online,Pending
3ffe2e96-e619-4c16-b9d3-39d63c3f3fb6,ebe19120-496a-47fa-87eb-2440212a3363,2024-01-04T10:16,7,124.88,Online,Completed
018606eb-dbba-4960-a401-a68978516c00,0b2a0e9a-e050-4380-b607-57adcbbf59d4,2025-08-02T10:16,2,27.70,Card,Completed
d31f3704-2c8d-46b3-b586-efd4820d7a8f,4f6ae324-5b6d-47d6-a86d-26ec6fbe1e0e,2023-11-17T10:16,1,15.53,Cash,Pending
c79eac48-b60d-4f27-9a2e-ac4b4f4f2839,59827b2a-ae17-44b1-bd6f-6f08718559cb,2024-06-25T10:16,1,21.43,Cash,Cancelled
276ad96a-90ca-48dd-a09a-0538fd51bc22,b90a3a7f-421e-47e5-8598-fe50f365a62e,2023-11-25T10:16,3,28.86,Card,Cancelled
3fae01b5-7bc3-4178-a652-93576046cb55,ecf1ffb0-ac00-4968-87ea-8beef4ace55a,2024-06-14T10:16,3,23.79,Cash,Cancelled
6b6f37b3-6c82-4d94-ac6d-53cfc76f21a1,4e44f26d-5455-405b-8fdb-63ab8b739ecf,2024-12-20T10:16,9,234.36,Online,Cancelled
5c0d4660-1162-4791-b95b-f8a8a7fb010d,e12c3d24-86c8-474f-b86b-370df36adbfe,2025-10-04T10:16,5,63.35,Online,Cancelled
5f98862f-3643-4c11-84ed-0b565eea9cc7,d5eaf6a7-76cc-48ec-98d9-ba713e2df70f,2025-05-31T10:16,9,147.87,Cash,Cancelled
45288e7b-e3d5-4a48-a0fb-f0358691474b,b95f7619-fab2-4df9-8683-1f2aeb93a660,2024-05-31T10:16,3,34.89,Online,Completed
988d69ed-7662-4d45-855c-cb7ae040bcf7,bb6ceda0-3f7a-4dfa-9862-41a88dd468b2,2025-07-02T10:16,1,27.98,Cash,Completed
b8bbed7f-5248-4c4a-a7d2-0901bda45aff,caad7924-4bc5-4f85-9662-11ca261e3c87,2024-01-29T10:16,1,19.02,Cash,Pending
7cb39bce-7d89-45b5-9373-9b34e49a9d46,c9dcc28a-ae5f-477c-ae7e-72d94129f449,2025-01-22T10:16,3,61.77,Cash,Pending
a5c1a8ed-0f47-4003-9786-695adb869929,4bb2d776-14c0-4ef6-b8ba-c580cbed72b8,2025-11-02T10:16,6,167.94,Online,Completed
74c68a25-28ee-428e-af91-e1166b9172b2,4739f27f-7a96-4d52-83ae-0c6fd4c8c606,2024-07-29T10:16,6,45.24,Online,Completed
1724c4c7-fee1-4bee-8e8f-cd97faa661e8,983d66ae-c8b0-46b8-8abc-26a1055cf729,2025-08-29T10:16,2,52.20,Online,Completed
6f119959-5e3b-495f-b344-85826b2aca76,02c65c06-56ad-4670-b8e2-10ab417c7154,2024-11-14T10:16,8,99.60,Cash,Completed
92b3200d-7156-444e-b47b-5d4c2b4d8776,39cb44e2-a541-4b98-bc0b-db5f31cf8710,2025-07-27T10:16,6,41.82,Cash,Cancelled
6690e645-c93d-434c-b6d6-e746f04b2c38,bfa3444b-2be9-46be-b944-720d86a59770,2024-10-22T10:16,9,226.26,Card,Pending
8d61bbc1-c4a0-45e2-a051-add89800a3a4,1233cc27-7567-48e0-8dd2-6b0019506c2f,2023-12-30T10:16,5,135.55,Card,Completed
8a7ff24f-2597-44da-9239-3a5215191df1,68169a66-a8d4-4763-914e-7befc826445b,2024-04-17T10:16,8,165.76,Online,Pending
7662e2ca-24b4-4f34-804e-8f62a77f50cf,b95f7619-fab2-4df9-8683-1f2aeb93a660,2025-08-05T10:16,3,64.80,Cash,Cancelled
bb1237b2-709b-4644-8e3c-0c5408f4be37,05ccd8a5-ea5f-4353-bd1e-3022152b0685,2025-05-05T10:16,2,52.52,Online,Pending
d0806eed-c5be-446b-965d-49d784636b53,63846b60-b7be-4087-ac6e-56c9bc130a20,2025-07-26T10:16,3,28.86,Card,Completed
f1081c7b-68d4-4355-bf1b-c588579b3926,a5ffc907-be77-43e6-8694-4a0bf09bd3fb,2025-07-03T10:16,2,26.30,Online,Completed
e970d2b4-7644-4134-8645-2ec406237a0d,11526850-7335-463f-b740-a52a90457c3b,2024-09-21T10:16,7,143.43,Cash,Pending
786a59ae-6039-4807-b8d5-46138eff57d7,0a5bd884-b432-4ce5-b14e-44b4aedd4c0f,2025-04-29T10:16,6,61.44,Cash,Cancelled
acc53e23-bd93-4320-a8d8-6371305d45db,e38afcd9-9e08-47ba-bc92-5ebb4bc271eb,2024-06-07T10:16,4,77.92,Card,Cancelled
945b9a5a-184e-4116-825d-21cb1faeffac,77ca464a-fe0d-4dcc-8f08-3eb2f7b64f76,2024-07-29T10:16,6,63.06,Cash,Completed
3e7b44f7-2cce-4b81-a91a-84e5b0cff0f2,68169a66-a8d4-4763-914e-7befc826445b,2024-09-28T10:16,7,119.21,Card,Completed
172d269d-6888-4e96-8217-30f057ae1fbe,9305d562-2505-493d-8ed8-3fb721c8f491,2025-08-25T10:16,8,107.52,Cash,Pending
0afc864b-5970-4846-ae40-6bc56413470a,bb9edfa8-17f7-4f6f-8e3b-616693a298b1,2024-07-19T10:16,2,37.58,Card,Cancelled
01f886a5-d833-4851-85f7-8cfd63cf6522,b3688304-b24b-416a-9bf4-c2b6aaeb59d3,2024-02-06T10:16,7,185.57,Card,Pending
ba028a8b-7a9d-4377-b61e-4bc8ebe3670b,5f6e51da-5f01-4c9a-85dd-7d50ef37e5d7,2024-03-09T10:16,9,235.89,Online,Cancelled
a5d748b8-316c-43d9-af18-0211504e38a7,fbe227d7-6d32-4407-9783-7fdac983e55f,2025-11-07T10:16,3,26.61,Card,Pending
35fe639c-7faf-4a6a-abf9-06059680c05e,bb6bf39c-f455-4e08-a59e-1bdaaa91d4aa,2025-04-17T10:16,7,63.42,Cash,Pending
49ec7b8b-2a3c-4aae-a240-fe9cc3a84fc7,8e1bbe6c-7b75-46dc-8ca1-0b1664cd6ae4,2025-02-19T10:16,7,69.23,Card,Pending
6f321f5e-1af5-4c76-b476-51e701dcb3fb,2a109685-1399-4149-8951-fba29bb0360d,2024-12-10T10:16,9,123.57,Cash,Pending
25924bed-523a-41a9-bfe2-d7d287212b42,1eeb9c5f-5b7a-47af-b4f1-5a50d9d1089c,2024-06-11T10:16,1,28.22,Cash,Cancelled
65bf53ff-7e80-4394-a96f-6e0a37a00d3f,4717d2a3-4b2a-44f1-b960-a2b73e2d23fd,2025-08-06T10:16,8,89.36,Card,Pending
89113ef8-1327-40e7-8421-6dd3e89f844c,39cb44e2-a541-4b98-bc0b-db5f31cf8710,2025-10-20T10:16,3,47.61,Cash,Pending
ec4b2f49-3722-413a-bfb9-af398755dffb,0d463f72-c3a1-4a2b-8d0d-1721a0d1a06b,2024-12-23T10:16,3,41.64,Cash,Pending
a68c7dc5-47dc-4b27-997a-b9107c40ab32,0dd437d0-74fa-43c3-8909-5c955e4d47dd,2025-07-04T10:16,3,46.14,Cash,Completed
05b834bb-d7af-46c5-abe5-178f37c31c5a,7a18d550-38d0-40b2-84a7-547162e7e409,2025-04-08T10:16,9,107.82,Cash,Cancelled
df3de7ff-b8d5-4a34-8fca-4e2878fdd247,06e585f0-5b60-4900-81d1-3379328e6c17,2024-11-21T10:16,9,133.20,Card,Completed
110e8708-bdd1-4694-9c74-336592b744b4,56a75a3e-a944-4147-8cba-f1024726993f,2025-06-14T10:16,7,72.94,Online,Cancelled
7c8dfdbc-8a8b-479d-a394-dbe6c5525f2e,11526850-7335-463f-b740-a52a90457c3b,2024-11-15T10:16,3,17.61,Online,Pending
abd09d5c-693a-43d9-8806-73cb7866c9b4,89d26a00-0fde-4c03-8430-b06f6bc3f33a,2023-11-21T10:16,8,69.60,Card,Pending
835a940c-b9d6-4304-8cd4-2d3de7d0fdd6,d87f31d7-79ef-4c17-856e-142e791b04da,2024-05-24T10:16,9,51.03,Cash,Cancelled
c54680d7-1226-4c41-921b-322f588f8113,69446e90-4237-4410-ab55-e011eb04cce0,2024-08-28T10:16,9,178.02,Card,Cancelled
d738f128-ea5b-4a6f-a3ea-1d31f2ca6825,93cdeef1-3fc3-4a63-a275-0ae87ae6b335,2024-03-02T10:16,4,92.84,Cash,Completed
5deeb058-bc28-43f5-927b-f202b8729706,3ab3404a-ee80-4ed2-8d90-a6f0dad14e48,2025-09-25T10:16,2,39.84,Online,Completed
48fdd24a-bd04-43b5-9bab-dcb24e6c4e0c,77ca464a-fe0d-4dcc-8f08-3eb2f7b64f76,2024-10-29T10:16,2,51.34,Card,Cancelled
57eb3b2f-9bb9-4956-b2fa-8a0da2b853d5,5400d214-6176-40bf-88d2-3f53ed38bf69,2025-05-24T10:16,6,99.36,Card,Cancelled
4ceddabc-103c-477f-b3cc-cc6bacfca3f3,5eb75bc0-d5fa-4209-9d42-7767f3f0585b,2025-05-20T10:16,5,109.85,Cash,Pending
9dd69455-d3d0-4327-9032-6274d1a3f4c8,4e6807ca-aed8-4ec9-b1b0-0e3aba57efb1,2025-06-22T10:16,6,81.78,Online,Pending
23567d9b-6530-42ab-8e94-4fbf17499966,6e551d53-4f6d-4b84-a9de-3d7c79694805,2025-03-22T10:16,5,75.00,Cash,Pending
d8040567-a02a-4e68-a2c4-b21f2b74c9a9,00d7ae70-0f46-4453-963c-4ab2a3d29314,2025-08-25T10:16,8,94.96,Online,Completed
c6ce6ee8-15e5-45e1-9d37-6becd08373e2,0a0ac3e5-6e20-4fbc-87ec-5481c70e38bc,2025-02-20T10:16,1,5.35,Online,Completed
61bca328-ea8b-4818-b9e3-f6501b823634,fdb5454e-2230-489e-ade4-9218ff28cbd8,2025-01-29T10:16,5,123.00,Cash,Pending
f1aa3a5b-87aa-4e14-816c-73b47b640bad,0df3bae1-6384-4856-aa27-aef9f6c48b75,2024-05-01T10:16,2,20.64,Cash,Cancelled
7d236969-c084-442a-a93b-cb77a0a49695,74e76582-f1b8-4560-b049-8aebb59d4721,2025-01-30T10:16,2,44.58,Cash,Pending
7b1da443-feae-440b-8d5b-fa48f2ed2089,9b9edd1e-b4f7-414c-b8b5-a3dc51fa0a8c,2024-07-09T10:16,2,12.28,Online,Pending
1ad4f4c8-457d-4e7b-be6d-2724ff40ee8a,bc58b12c-65c4-4f21-89ef-3e492a22ef7c,2025-07-17T10:16,1,19.29,Cash,Cancelled
1fc48916-c0db-48c5-8ed7-50467d7c0b37,67c276b0-7be6-4f3c-bf86-c342095c8112,2025-06-15T10:16,3,37.53,Card,Cancelled
4a1b277c-16d8-4b11-9d62-b133a7e6e0eb,050d9901-1cb5-413a-9c31-282028f863c1,2025-10-15T10:16,7,131.11,Cash,Completed
8bf6b45a-9741-41a8-b0f1-8032d5822f6a,6c6a3b10-9747-4dca-a041-4edc22d147b0,2025-06-23T10:16,6,143.40,Online,Cancelled
f8b9b1eb-0483-4882-bd22-c4236f3ae7a1,b0d737cd-ec4b-4a88-aa81-d012ef3fb719,2023-11-25T10:16,5,110.00,Cash,Cancelled
f2c09049-b95b-41d7-824e-505fc95bef74,6c6a3b10-9747-4dca-a041-4edc22d147b0,2024-09-25T10:16,4,96.60,Card,Completed
1b15007a-7303-453e-95ce-47dafc08f658,1407e9cf-22c9-4137-a2fe-cc12dc038235,2023-11-18T10:16,8,177.12,Cash,Pending
ac9d67f8-475d-4f71-bae1-66ed2ae5fc72,bb6bf39c-f455-4e08-a59e-1bdaaa91d4aa,2024-08-19T10:16,2,21.68,Online,Completed
026ba5ec-336e-4cba-b7fa-a85a256305cb,6e551d53-4f6d-4b84-a9de-3d7c79694805,2024-06-10T10:16,2,18.84,Card,Completed
cd0dd431-38d2-4041-a89e-6761ac70098f,4e6807ca-aed8-4ec9-b1b0-0e3aba57efb1,2025-03-04T10:16,7,149.45,Online,Completed
05fec13f-b01b-447e-83a7-8f4d45505c32,103fcba5-5588-45a5-9fe0-6ac948d3860e,2023-12-26T10:16,4,41.44,Card,Pending
1cc1b4a5-5073-4251-a820-b11b23bac74a,65b2c0ea-6192-47fc-9286-2c1dd3ecefb1,2025-10-30T10:16,1,9.87,Cash,Cancelled
1699f17b-c767-4a07-85d5-9f1646f48175,0b2a0e9a-e050-4380-b607-57adcbbf59d4,2024-12-22T10:16,3,83.64,Online,Pending
1cea851a-328f-46de-adbc-72b34236ff15,f067e21d-d1d4-4e87-9cae-9753f5f9ccb6,2024-04-16T10:16,4,106.52,Online,Pending
01c81be6-67c7-47dd-9b8c-62289a7d8740,c5817fdc-a4dc-4879-b957-30cfda62016b,2024-07-19T10:16,7,76.16,Card,Pending
1ee46e9d-491b-4c8f-b99b-efaeb49bd1a3,1233cc27-7567-48e0-8dd2-6b0019506c2f,2024-06-24T10:16,5,121.85,Card,Pending
af709cd2-079e-4781-a98c-bbc2726b2251,53db1213-7316-47bb-9099-c1def0e3c96b,2024-09-28T10:16,1,27.34,Card,Pending
faa6963c-de09-48a4-97e9-ecb0a690de89,b04ce307-2d1f-4214-b023-d8f4379041a1,2024-01-24T10:16,7,40.53,Online,Cancelled
2faa419c-346a-4347-b2a9-3c87727ba34d,4739f27f-7a96-4d52-83ae-0c6fd4c8c606,2025-11-10T10:16,3,68.19,Cash,Completed
cc7e0b6e-6d2a-4ad7-bb50-2462941bed75,d5cfb1a3-ce2f-4aff-ab4c-50e0c5426af1,2025-02-23T10:16,9,142.56,Card,Completed
2a20aead-2704-4e2c-b2a0-3a91b795bf8a,428424b7-1f94-496a-8b7a-497ce177d32c,2023-11-28T10:16,9,108.27,Card,Pending
c94b8865-eed2-45d2-a057-be3f6ebcc733,ec3490d2-e8da-47ee-ae12-0ca0b1d7a2bb,2024-03-17T10:16,1,29.00,Online,Completed
9a329485-af61-4c79-8694-a1c91aeb22ac,5d6f84a5-a4de-442e-99b9-b8ef714b4436,2025-05-24T10:16,3,61.05,Cash,Completed
dda5db2d-0963-4151-b201-d59decf9a221,6b1178fc-1745-401d-88da-3903c243ebe9,2025-03-24T10:16,4,49.88,Cash,Pending
ab49c4cf-4d81-441e-8aeb-6b00593d2f55,e119f98a-df63-41dc-8e01-bb49ca2dc724,2025-05-22T10:16,3,48.54,Online,Completed
ecc4d923-b28d-4023-98e1-c4b0aa67b609,0fcf4084-ea31-49f8-99f9-9bf8c8b0c16b,2024-03-13T10:16,5,84.55,Online,Cancelled
866c2bf8-19e9-4cb1-b211-113aa40e0b53,02c65c06-56ad-4670-b8e2-10ab417c7154,2023-11-16T10:16,5,80.60,Card,Cancelled
7d0fca5e-cbb0-46b5-9f7f-80acb61637a8,7a18d550-38d0-40b2-84a7-547162e7e409,2025-03-30T10:16,8,235.20,Online,Cancelled
b20b28ca-c63a-4702-a452-44e6c5f3ea39,05ccd8a5-ea5f-4353-bd1e-3022152b0685,2024-07-03T10:16,1,5.11,Online,Completed
9ac8e9fc-062b-4637-87ea-7f601133235c,1407e9cf-22c9-4137-a2fe-cc12dc038235,2024-07-18T10:16,4,40.52,Cash,Cancelled
2a8e7ef9-bf66-40c4-9751-9a7cf3b8750b,a938df5f-7764-459c-8bfd-90409d16b3c6,2025-07-17T10:16,4,74.32,Cash,Cancelled
a72ac920-2bcb-4880-b6ea-6e42b226ea7f,1eeb9c5f-5b7a-47af-b4f1-5a50d9d1089c,2024-04-14T10:16,8,41.12,Card,Pending
c644b0b9-39f6-40ba-b20f-239b8143170c,06e585f0-5b60-4900-81d1-3379328e6c17,2023-12-17T10:16,6,64.02,Card,Completed
2a0ae612-ed44-467e-9088-c8ed1d21f56f,3befa4dc-d961-4a3a-9410-d43d1bdaa335,2025-08-23T10:16,9,124.65,Online,Pending
f41bc2f5-081d-4bfd-9f9e-3277c098a85d,6bd388d4-5636-450b-bacd-55bdcb769bab,2024-10-27T10:16,1,20.44,Card,Cancelled
e90532b4-0c0f-4193-a94b-f6eb27dbcdb6,fe624323-ba72-456d-9842-ed9e0edc75df,2024-09-09T10:16,6,122.46,Cash,Pending
3c98ee31-5a62-475d-b982-7ddc071e5caf,1d32c3b3-c732-4995-aa6b-ff159deb3bdf,2025-11-08T10:16,6,148.02,Online,Completed
84636daa-5c40-4686-b474-21e0100b3466,cd50913f-8c99-4253-9134-0cf5fe5f300f,2025-07-26T10:16,5,98.90,Card,Cancelled
21636e9d-3c3e-4242-8d15-d91067cfe06e,53db1213-7316-47bb-9099-c1def0e3c96b,2024-10-03T10:16,9,203.67,Card,Completed
2ea57131-ed3c-4946-99ff-273ee815e354,e6e1db85-f8ba-4264-9c9a-520ecda4bc4c,2024-03-22T10:16,9,124.38,Cash,Completed
bd3f22c7-c357-49b6-bd33-6f73e4cdf43b,2a109685-1399-4149-8951-fba29bb0360d,2025-08-15T10:16,3,70.53,Cash,Completed
a2f7456b-6072-4e42-b854-f087148d4d19,c1a09d60-c9e8-4489-a68e-e01b51541d33,2024-04-14T10:16,2,17.76,Online,Pending
c081e5dd-4aaa-4977-be26-2d3c008b6c38,c9dcc28a-ae5f-477c-ae7e-72d94129f449,2024-09-22T10:16,5,119.60,Cash,Cancelled
7b61d98f-00e7-409c-b627-cea0233cfd7b,c1a09d60-c9e8-4489-a68e-e01b51541d33,2025-04-09T10:16,3,86.61,Cash,Cancelled
9fb1d656-907f-4160-930f-9cfc79aa74ca,e6e1db85-f8ba-4264-9c9a-520ecda4bc4c,2025-05-23T10:16,8,46.24,Card,Cancelled
7063cd8f-cc46-45d7-ba23-bde536be2e15,910b1d47-5c37-48b1-8bde-96c60660f1d7,2025-08-26T10:16,9,234.18,Cash,Completed
aacb4600-ce02-42e8-ad84-cbbfaaf1a089,25659c0e-6eb5-4c57-add8-fb6ac5f42699,2024-10-21T10:16,3,26.64,Cash,Completed
b132471e-dfbb-4a87-ba75-4ae80e68cc8f,4e6807ca-aed8-4ec9-b1b0-0e3aba57efb1,2024-04-21T10:16,6,119.46,Online,Completed
60a84a82-d43d-4c4a-814f-e6a8a00b8dc9,5f0f3def-9ff6-4282-ad04-001c4a769966,2025-10-13T10:16,9,140.31,Card,Cancelled
9aafc469-f386-484a-b78d-f56448a89568,4e44f26d-5455-405b-8fdb-63ab8b739ecf,2025-01-14T10:16,7,64.75,Cash,Cancelled
cf6f2392-7d2c-41f0-bf72-1cedf1dab0a3,c0d74d86-5c5b-481d-b8e3-61eeb9c77255,2024-02-21T10:16,8,236.08,Cash,Cancelled
8341fcd3-8cf7-4231-b344-917ca6f1ae40,63846b60-b7be-4087-ac6e-56c9bc130a20,2025-01-11T10:16,8,68.24,Card,Cancelled
4d2ddeb4-ec6d-47dd-98f0-0059b680ac3b,5eb75bc0-d5fa-4209-9d42-7767f3f0585b,2024-05-30T10:16,3,19.68,Online,Cancelled
59997a20-a73b-4f27-ad8b-6a0fe11725e2,9c53f3f8-5b22-4d77-bd76-cfa6c70e443c,2024-03-29T10:16,2,13.72,Card,Pending
000dbd9d-993a-4051-892e-fa9f86ec6348,9fa382f0-8393-48db-ad30-43c953282401,2024-09-07T10:16,7,99.33,Cash,Completed
e019c8b4-cfea-4e0c-980a-468081752ca3,103fcba5-5588-45a5-9fe0-6ac948d3860e,2024-11-29T10:16,4,69.60,Card,Cancelled
febef9a0-0b64-43de-909d-9cdb215510e5,5400d214-6176-40bf-88d2-3f53ed38bf69,2024-09-30T10:16,6,115.32,Online,Cancelled
532d7e05-4d55-4481-95ba-24aac25a830e,e12c3d24-86c8-474f-b86b-370df36adbfe,2024-03-29T10:16,1,21.92,Online,Completed
6d56654a-9d6e-40ec-b7c9-71d1aad474b2,8f7f530b-bb30-4a05-b437-744ed30af54f,2023-12-30T10:16,6,64.62,Cash,Pending
8fad7999-fc29-475f-8cfe-0780e6148c74,90f0db1e-2b19-43f7-ba17-233c7c214eca,2025-09-18T10:16,7,166.46,Online,Completed
784974a6-11a6-4e00-abcf-a2daeadf015d,8e1bbe6c-7b75-46dc-8ca1-0b1664cd6ae4,2025-08-16T10:16,7,103.39,Online,Completed
6452197f-bd5d-4c0c-a356-804da559dbe2,b03f75c1-655f-4480-a2bf-1a0af806e96e,2025-01-04T10:16,6,59.46,Card,Pending
42f5d4c8-2a79-4886-a8ba-13ac8ae61286,a5ffc907-be77-43e6-8694-4a0bf09bd3fb,2024-06-14T10:16,9,75.69,Card,Pending
dea98e4e-3558-4a34-9ca9-a04dfe6943cd,6117b6f0-c4f4-4bf1-9eeb-f33950decba8,2024-08-13T10:16,1,21.77,Online,Pending
1de08e0b-9936-47d8-9156-c614a7dcae27,fe624323-ba72-456d-9842-ed9e0edc75df,2023-12-13T10:16,9,194.85,Card,Cancelled
beebb04e-2478-4a68-9780-9dc5f1b88335,80537cf2-360f-4740-8b7e-d4cd56e22987,2025-02-14T10:16,4,90.60,Card,Completed
7a28fb9b-44ed-47db-b8b1-8cf7724a6094,ecf1ffb0-ac00-4968-87ea-8beef4ace55a,2025-08-09T10:16,7,153.58,Card,Pending
08fc99c7-d80e-42ec-bd89-bf1368d3473f,27e45431-1333-4ffd-a0c8-be56ffdc5d4e,2025-09-17T10:16,8,232.80,Card,Completed
8b016689-2f53-4f78-8f36-0f387e2b95e4,a938df5f-7764-459c-8bfd-90409d16b3c6,2025-09-04T10:16,6,53.76,Card,Pending
8ff9a323-5989-4f73-84a4-304c20657c29,2c6dafc9-06cc-4b3d-8b8d-12aae0644c58,2025-09-22T10:16,3,23.34,Card,Pending
ce75a740-ddf2-474c-b91e-bc9384abda7e,36b880b0-e9bd-4c0b-8f1c-32018f6c758a,2024-08-20T10:16,5,40.80,Cash,Completed
160efd78-5fe5-4a61-b0f7-d61fc0dd361c,9c53f3f8-5b22-4d77-bd76-cfa6c70e443c,2023-12-10T10:16,3,67.50,Cash,Pending
b0ecb98a-bb1a-4491-8d48-c283d242cddc,824998a2-7592-4051-ab0b-d5e12743c93b,2024-09-18T10:16,4,54.28,Cash,Pending
72f55868-0c68-483f-bc22-aaae970affea,941529ef-2114-4bff-907a-4596ff4593a1,2024-12-13T10:16,4,79.52,Cash,Cancelled
a93a30da-68db-43b2-b648-b044aca8b6fe,f067e21d-d1d4-4e87-9cae-9753f5f9ccb6,2025-06-27T10:16,7,203.98,Online,Completed
bbbcf02b-ef3f-4b80-97f4-03b7fd2ce2e6,c1a09d60-c9e8-4489-a68e-e01b51541d33,2025-10-09T10:16,7,112.84,Card,Pending
3fe5a984-8375-4426-b10e-001e69b365bc,428424b7-1f94-496a-8b7a-497ce177d32c,2025-07-13T10:16,6,153.66,Cash,Completed
32e6b4e2-91da-46bd-9bb8-0a6eac1d59b3,8113211c-bdc3-4bb0-94d9-3fd3871f3005,2024-01-31T10:16,9,105.57,Card,Pending
fe31c2f3-3cbf-47e9-8fa9-cfedf1d9b98a,5400d214-6176-40bf-88d2-3f53ed38bf69,2025-10-15T10:16,3,54.93,Card,Pending
2354a782-2d21-4c02-8e80-3a2b8ca08037,7d2df59f-386d-4aec-85a8-2443262a0cb4,2024-08-24T10:16,2,18.76,Card,Pending
1e8f33df-218a-43ac-921a-b8db6ab7067b,ba5d9947-b043-4aca-8ee0-6b77895cf8e8,2025-02-24T10:16,2,25.14,Cash,Cancelled
8bdce6b0-958b-4e6f-9293-851b0ae1197f,b047b369-02d0-4f25-9af0-f1e883228863,2024-10-11T10:16,3,46.71,Online,Pending
ea7f9771-88aa-4144-9950-271fd02b5cc9,63846b60-b7be-4087-ac6e-56c9bc130a20,2025-04-29T10:16,4,27.84,Online,Pending
11aab797-ce0f-40b0-8923-7596de6d3323,cf65c4b6-4c1c-420b-95de-23e5b56ffad5,2025-02-15T10:16,9,166.77,Online,Cancelled
b3390620-74eb-4874-bd14-03b7d107c0e4,21edfc22-3f73-4335-a774-3cf78ab65e86,2024-11-28T10:16,4,111.80,Cash,Completed
56cc670f-a01b-4a46-a5ce-970613adc6c2,11526850-7335-463f-b740-a52a90457c3b,2024-11-21T10:16,3,63.21,Card,Completed
38e4fda6-1fa0-442c-8539-6fa678938290,4bb2d776-14c0-4ef6-b8ba-c580cbed72b8,2025-09-10T10:16,6,41.46,Cash,Completed
da41ecf4-d76c-474c-9cb7-470c521f233a,4e6807ca-aed8-4ec9-b1b0-0e3aba57efb1,2024-06-07T10:16,8,130.72,Card,Cancelled
db51a2de-2978-489d-935f-49e9a24a19e4,4b14a58c-f1e4-40b6-888d-a88cd7055099,2023-11-26T10:16,7,75.18,Card,Completed
b4d09a19-baec-422f-9e6b-d0b2cc328741,ba5d9947-b043-4aca-8ee0-6b77895cf8e8,2024-10-05T10:16,3,88.92,Online,Cancelled
0643b4e9-e23e-44b9-9f54-d284f920f9fc,964d337f-acd5-4ca2-8843-9be3f2eb60fc,2024-11-24T10:16,2,23.46,Card,Pending
c5b9a0e2-692b-4bfc-bf51-256f082df29f,c9dcc28a-ae5f-477c-ae7e-72d94129f449,2024-05-01T10:16,7,135.59,Online,Pending
39fcdc6f-d42f-4da4-9d67-baf58338dccb,caad7924-4bc5-4f85-9662-11ca261e3c87,2025-07-16T10:16,9,115.47,Cash,Cancelled
8f41db43-aa6b-4424-a454-6dc833da3566,11526850-7335-463f-b740-a52a90457c3b,2025-01-20T10:16,2,12.48,Cash,Cancelled
3632aa39-a46c-40ee-a03a-c1fd1a5d492b,103fcba5-5588-45a5-9fe0-6ac948d3860e,2024-02-11T10:16,9,141.03,Card,Completed
570aa158-3d43-468d-bc43-0b126bdd1e18,dcfb3d05-846d-4915-99f3-ebbc7559d972,2024-12-12T10:16,7,196.21,Card,Cancelled
6f731ccf-ef0a-48cf-80ae-7a8b01de9f30,205ea7f7-e714-45b8-a083-11247ff702a1,2025-06-01T10:16,4,74.32,Cash,Pending
c6ba0d61-2dde-4697-8684-846c60616e99,c1a09d60-c9e8-4489-a68e-e01b51541d33,2024-12-22T10:16,9,113.04,Card,Cancelled
e315a5d7-8265-42be-8b45-0e2d1b6cc4e2,b3688304-b24b-416a-9bf4-c2b6aaeb59d3,2025-10-16T10:16,5,124.80,Card,Completed
dbb397d8-2d70-4b9c-9f07-e8b79c2427f1,ebbc7df0-770d-44f8-b0ff-c62f9006e40e,2024-02-17T10:16,5,43.45,Cash,Cancelled
c971f6f4-7002-470c-9b1a-1d12db94d2b0,2ca088cd-c6c6-4e60-a1a4-d2990ee21b12,2024-12-09T10:16,1,27.85,Card,Cancelled
b4b0174f-3b02-4574-a532-9e4c09e6a050,d3f641e5-b8b5-4f5f-9155-7768df2033e8,2024-01-11T10:16,6,148.38,Card,Completed
e015887b-8e23-4815-a3a5-f90cdc3040fe,e6cb1215-5314-4d05-bfd1-f6e5d36e89f7,2024-10-26T10:16,1,6.57,Cash,Completed
d5a11a82-d9a5-4f04-9929-d65729e639ac,b6c26110-1b77-4777-8c79-c69ec19b66df,2025-07-20T10:16,5,30.55,Cash,Cancelled
4a341175-c0bc-430d-b88e-473e9d759608,bb6bf39c-f455-4e08-a59e-1bdaaa91d4aa,2025-02-24T10:16,6,51.18,Card,Completed
41298d2c-decc-460a-b284-7ea05f4eac59,1a31c678-d420-495a-aff3-0f1609514e1e,2024-03-13T10:16,8,167.36,Card,Cancelled
8fadd59c-50df-41a7-9823-298074375dfb,726d71e2-70fd-4416-8568-78619c14a73a,2024-07-13T10:16,1,6.87,Card,Completed
e83e7845-fd1f-4a9a-a243-1b967da207d8,ebe19120-496a-47fa-87eb-2440212a3363,2024-10-04T10:16,7,123.13,Card,Completed
ec371192-edfe-4c8f-97a3-662269bd4abd,f543de06-e341-4de2-95ab-ca0fd3ee51fe,2025-01-22T10:16,1,29.34,Card,Completed
2fc35979-8ef4-4139-b84a-ca00ffa09266,a190f67b-21df-46bc-8164-46bdfa00af85,2024-02-13T10:16,8,202.40,Online,Pending
e536010d-fe73-4500-9ea3-ffada6d56dde,7a18d550-38d0-40b2-84a7-547162e7e409,2024-01-22T10:16,3,65.52,Online,Cancelled
62324fbe-0b28-43ab-8a1c-09796c76d379,428424b7-1f94-496a-8b7a-497ce177d32c,2025-07-02T10:16,6,102.90,Cash,Pending
b8fd0ce6-1497-40a1-936c-04489c048a3b,c5817fdc-a4dc-4879-b957-30cfda62016b,2024-08-01T10:16,5,132.25,Card,Pending
ec3277c5-f176-4dc7-802e-181eef192486,92da274a-bea2-490a-bb52-196c46fa8487,2025-05-10T10:16,8,198.32,Online,Cancelled
01a90da9-4d16-4c6e-bff3-3d195aa492b7,68169a66-a8d4-4763-914e-7befc826445b,2024-01-25T10:16,3,35.97,Online,Completed
ee834ee4-882a-4fdf-ab24-e2c55bcf931e,b04ce307-2d1f-4214-b023-d8f4379041a1,2024-11-30T10:16,4,25.04,Card,Cancelled
2db3216f-b2e2-4aab-99e1-cdc1a01509ec,e6e1db85-f8ba-4264-9c9a-520ecda4bc4c,2025-09-25T10:16,1,14.44,Cash,Cancelled
f5b76d2f-f5f5-44a0-8613-637c880dec05,a5ffc907-be77-43e6-8694-4a0bf09bd3fb,2024-10-18T10:16,5,39.20,Online,Pending
5b935794-93c6-4fec-b6a2-d1ccb3d28b54,795088d7-d227-422e-ad8c-f048bde0675e,2024-04-14T10:16,9,110.97,Cash,Cancelled
1d0b5e99-cd97-4b24-aa6d-e72c0e0b68cd,8b546c63-5406-493d-bc69-cfb594b38267,2023-11-16T10:16,6,177.36,Online,Cancelled
9b5fc62e-cee8-48a0-aa03-8b3d8ffd7f7f,2ca088cd-c6c6-4e60-a1a4-d2990ee21b12,2025-07-02T10:16,9,118.44,Online,Pending
49cd78ff-a13b-4b8d-91aa-f6fc5836058c,bb6ceda0-3f7a-4dfa-9862-41a88dd468b2,2025-08-31T10:16,2,53.78,Card,Cancelled
74e62848-13bf-40a6-9d77-cf66c0157acf,80537cf2-360f-4740-8b7e-d4cd56e22987,2024-04-05T10:16,3,59.73,Card,Completed
3f7280de-f089-424d-9154-05f722e858ce,0a5bd884-b432-4ce5-b14e-44b4aedd4c0f,2025-05-11T10:16,5,50.65,Online,Cancelled
c2ccdb39-e31f-432b-88f3-680e0aef81e3,aff4340c-d102-49ba-af8e-84d2737ce82c,2024-11-29T10:16,9,101.16,Card,Pending
5d2c1e27-d456-4816-a1ee-c3b54fccdc8b,cb8747c7-32ca-4b6b-868d-13ab01d953ec,2024-07-14T10:16,9,214.56,Card,Completed
4664801e-9e17-4314-bd51-80ac33b9c424,0df3bae1-6384-4856-aa27-aef9f6c48b75,2023-11-14T10:16,8,165.36,Online,Cancelled
216764c4-014b-46bf-92d9-f945919a6c43,000f9c8f-2fc7-4346-844d-c04f10751265,2025-06-02T10:16,7,138.60,Online,Pending
55daf94a-ce07-4ada-bc60-3bdd3e889fe9,90f0db1e-2b19-43f7-ba17-233c7c214eca,2025-05-06T10:16,6,59.22,Card,Cancelled
5b186cfb-90be-451d-a0a7-4cca4433521a,c3ffc43c-0c11-40fa-9824-f234161741d0,2024-10-01T10:16,7,197.33,Online,Cancelled
44e25a77-a067-48ca-8feb-3c56c2d327e7,7c991f43-c18b-4404-8826-97691b0dc00c,2025-05-20T10:16,5,129.55,Cash,Pending
7d39487b-0982-47fc-b6a4-95c3b5f6c0fd,fbe227d7-6d32-4407-9783-7fdac983e55f,2025-05-13T10:16,4,93.96,Cash,Completed
2dbfed9d-4f9b-4a41-a5e1-5be8fabe59a9,7169ef0c-f2c8-4ae3-83f6-87691664d2d2,2024-02-06T10:16,3,17.91,Card,Cancelled
91026c78-da18-4c22-b7a1-f20f0c0c732c,bfa3444b-2be9-46be-b944-720d86a59770,2024-12-18T10:16,5,125.65,Online,Completed
01b256f8-5098-45e9-98de-6da5dd3c9593,726d71e2-70fd-4416-8568-78619c14a73a,2025-01-26T10:16,4,53.08,Cash,Pending
754b2898-fd5b-4b83-8196-c196a670e622,4717d2a3-4b2a-44f1-b960-a2b73e2d23fd,2024-05-12T10:16,3,37.80,Cash,Completed
e07ca409-3ce9-43f3-a985-1a63a2d97dbc,cf65c4b6-4c1c-420b-95de-23e5b56ffad5,2024-01-22T10:16,3,37.56,Cash,Cancelled
846ccbc4-bd08-4ebc-8f23-84209fa98a33,910b1d47-5c37-48b1-8bde-96c60660f1d7,2024-10-17T10:16,9,200.07,Cash,Cancelled
80ad4674-3dd5-4b3e-acd4-73150172374b,c83bba2f-5229-4998-9566-1f3179b13e8a,2024-12-19T10:16,9,154.26,Card,Completed
f126d5fc-572e-4d17-8753-9e5110719e29,fdb5454e-2230-489e-ade4-9218ff28cbd8,2025-05-11T10:16,5,123.60,Cash,Completed
00c5c181-c2eb-4b15-aa15-ae938dde06f4,77ca464a-fe0d-4dcc-8f08-3eb2f7b64f76,2025-06-13T10:16,5,143.00,Online,Pending
4cb3ef35-3075-4e07-98d8-fbf0dc6a06d1,bfa3444b-2be9-46be-b944-720d86a59770,2024-05-07T10:16,9,198.00,Online,Pending
62591e5e-0a95-4c2a-850e-0f5bb4e16f0a,9305d562-2505-493d-8ed8-3fb721c8f491,2023-11-28T10:16,6,96.60,Online,Pending
ed0e6802-7c6f-4c84-b4d5-786b10b0fd8d,b3688304-b24b-416a-9bf4-c2b6aaeb59d3,2024-07-17T10:16,2,51.70,Online,Cancelled
03bb1cfd-b053-4f15-9af8-79a3c52f6a29,fdb5454e-2230-489e-ade4-9218ff28cbd8,2025-08-02T10:16,7,98.98,Cash,Pending
019104e1-b0cb-4b24-a694-4dfcc753f118,25659c0e-6eb5-4c57-add8-fb6ac5f42699,2024-09-18T10:16,9,140.49,Card,Cancelled
1de3cf02-cd89-465d-ad04-559e74ffc6cd,bb6ceda0-3f7a-4dfa-9862-41a88dd468b2,2025-08-28T10:16,7,43.54,Online,Completed
4f7b158e-8ffd-4c07-bddb-8f0ab5bedd03,9c53f3f8-5b22-4d77-bd76-cfa6c70e443c,2024-05-08T10:16,8,166.88,Card,Cancelled
b09f9b49-860f-4ad6-a273-5ae7e48752fb,4bb2d776-14c0-4ef6-b8ba-c580cbed72b8,2024-04-21T10:16,1,6.18,Online,Pending
5860c61b-1c3f-4faf-892d-854e276e0f69,6bd388d4-5636-450b-bacd-55bdcb769bab,2024-08-11T10:16,8,163.68,Card,Completed
e13cde8c-ae7f-4c68-b78f-4d9ef8b69e36,0130fcd4-a6cf-4a72-8400-7bcae1abce34,2024-03-11T10:16,7,151.20,Online,Completed
d51a2e80-8f6c-4c5e-98f0-536ccd9acd25,d87f31d7-79ef-4c17-856e-142e791b04da,2024-11-14T10:16,6,143.10,Card,Completed
de2490d9-95f8-4419-994c-19aef7b9637f,a938df5f-7764-459c-8bfd-90409d16b3c6,2024-02-02T10:16,7,50.89,Card,Pending
1754a7d7-36d8-4a5f-afa1-3a8af4fe36e6,bc58b12c-65c4-4f21-89ef-3e492a22ef7c,2024-07-28T10:16,6,34.98,Online,Pending
95daa929-a99e-4719-a6f6-c80547da2cb9,000f9c8f-2fc7-4346-844d-c04f10751265,2025-05-12T10:16,5,149.55,Cash,Pending
96d3a454-0825-484b-8576-0f51d705e37d,aac35608-9499-49c5-811a-a059e773c968,2025-02-02T10:16,6,76.68,Cash,Pending
077d7763-a377-4088-af83-958accdf09b5,0e0d5f13-edd5-4ab0-9ddd-3df111bedc5a,2025-02-08T10:16,9,243.45,Card,Completed
c90801cc-abe5-47b9-80ae-9fc19acd1b5f,cf65c4b6-4c1c-420b-95de-23e5b56ffad5,2024-08-02T10:16,8,183.68,Cash,Pending
dbd4b428-6d92-4533-afae-98f040ebb909,90f0db1e-2b19-43f7-ba17-233c7c214eca,2024-10-18T10:16,9,222.03,Online,Cancelled
7dfb9122-bdc8-43d1-8c89-0f8ee5b40a2f,5eb75bc0-d5fa-4209-9d42-7767f3f0585b,2024-04-04T10:16,7,188.93,Card,Pending
5b9d2b54-7289-4817-acb4-ac3a59a1c79f,b03f75c1-655f-4480-a2bf-1a0af806e96e,2024-11-02T10:16,9,91.80,Cash,Cancelled
a5ed94ec-98de-4bbb-b179-a6b3bbafec43,9c53f3f8-5b22-4d77-bd76-cfa6c70e443c,2024-12-25T10:16,5,118.55,Online,Completed
f2bbe8a6-4edc-45e7-8a94-d7a2cc8f9d46,d87f31d7-79ef-4c17-856e-142e791b04da,2024-03-07T10:16,6,126.48,Card,Cancelled
939ad7c9-a023-44f3-aa75-b767325d050c,f543de06-e341-4de2-95ab-ca0fd3ee51fe,2025-06-12T10:16,9,260.01,Cash,Completed
ca7df0ba-29f3-472e-b687-dc648377496f,27e45431-1333-4ffd-a0c8-be56ffdc5d4e,2025-10-11T10:16,8,117.92,Card,Cancelled
16e2751c-f61f-4729-b308-d1d81abe3a94,b3688304-b24b-416a-9bf4-c2b6aaeb59d3,2024-12-26T10:16,7,149.80,Card,Completed
efc6cf3f-b85a-4b11-8e39-75a35f464691,6c6a3b10-9747-4dca-a041-4edc22d147b0,2023-12-18T10:16,4,50.72,Online,Cancelled
f464e489-ce50-4e76-85fa-302b41f8cca4,c83bba2f-5229-4998-9566-1f3179b13e8a,2024-10-16T10:16,1,7.37,Cash,Pending
d53f7e43-c5ac-4d82-af87-1e475c0e1cab,60cd80b6-3967-4dae-b4df-adc7b5644971,2024-02-29T10:16,6,33.96,Card,Completed
5141b64f-c01e-4706-9c18-5effaceb84c7,6bd388d4-5636-450b-bacd-55bdcb769bab,2025-01-21T10:16,6,103.86,Online,Completed
a714a8e4-4673-4e7e-9b1e-63b1366d94ee,73a2b03c-2dca-486e-8ebc-c4d6bb68a8c6,2025-01-27T10:16,4,112.64,Cash,Pending
a83393ec-a59b-40bf-8fe5-7aeb7b399d26,e277d099-db2a-4aee-ab86-8b0e73a34383,2025-03-15T10:16,1,22.38,Cash,Completed
d7bbbff8-aada-4ab5-9834-45e3ba49f9a9,c83bba2f-5229-4998-9566-1f3179b13e8a,2025-10-09T10:16,8,89.68,Online,Pending
9ce899cf-c56e-4604-9921-f1e9ff899052,3e97fc93-73a7-45e0-9888-f7a03ee258a7,2025-09-28T10:16,9,103.59,Card,Completed
4d5e91ed-d2c7-4225-a93b-aff1a672caf0,8f7f530b-bb30-4a05-b437-744ed30af54f,2025-02-08T10:16,8,238.88,Online,Pending
b4a7d3f7-fbe2-4648-a75e-2f21a51690e9,bc58b12c-65c4-4f21-89ef-3e492a22ef7c,2024-12-07T10:16,4,71.00,Online,Completed
a7cc2279-80f4-42e9-a3e1-1651e2d6ba68,a302a1a8-c429-406f-abff-9f273aa0a4b5,2025-04-25T10:16,4,57.92,Online,Cancelled
9306d7f7-bc8b-4053-a068-aaebf0e203b6,ba5d9947-b043-4aca-8ee0-6b77895cf8e8,2024-12-16T10:16,6,98.58,Cash,Cancelled
ebd7b0a6-8300-4973-8802-086729e83146,7509850a-5062-4da9-aad6-bc5b9e363ef1,2024-03-09T10:16,5,55.45,Online,Completed
746e8494-6892-4a71-890d-1dc444d0cd1b,e6cb1215-5314-4d05-bfd1-f6e5d36e89f7,2024-05-30T10:16,2,44.92,Online,Cancelled
726efdb1-4d6b-4d9b-ad2b-0e5d6384dcde,7a2e5fa5-096b-4701-8ce6-7a3db39bf8eb,2025-06-19T10:16,7,117.46,Online,Cancelled
b95f7e81-77f9-478f-837c-33fa6b937eb6,ceafdb2a-788d-48e0-acdd-bd533a2e7ab6,2025-01-24T10:16,9,121.86,Online,Pending
32b6a3e4-75cd-41fd-a6fb-efc0df1dec8e,e886c155-0dae-4b36-88f5-a86fa474d1f6,2024-01-05T10:16,6,48.78,Card,Pending
31b350ce-da74-4e14-a930-9f3b436128bd,68169a66-a8d4-4763-914e-7befc826445b,2025-07-27T10:16,9,53.28,Online,Pending
51818b30-2107-4a0f-90a1-e826f468d35d,824998a2-7592-4051-ab0b-d5e12743c93b,2024-12-14T10:16,1,19.06,Cash,Completed
ffdd701e-f530-444f-bf4e-16018ef7c5d1,c1a09d60-c9e8-4489-a68e-e01b51541d33,2025-02-04T10:16,3,66.12,Cash,Cancelled
935b7d53-1e05-4f9c-b239-8a0cb826a719,0a15d43b-8f6b-444a-bef2-ffbddfdbd16f,2024-03-10T10:16,3,40.62,Cash,Cancelled
10956c6b-5572-4314-abf7-89663a1e9068,c5817fdc-a4dc-4879-b957-30cfda62016b,2024-06-12T10:16,2,49.98,Card,Pending
9b43ac7b-ceee-46ee-ad96-ba90e2ddb59c,8b115a34-224b-453c-be69-b53a7445b466,2023-11-20T10:16,1,27.41,Card,Completed
e6f221f7-1e31-422b-9a2b-bfb8fd3c3b42,1a48aa9a-def3-481d-922a-94300aa97309,2024-05-31T10:16,3,60.48,Card,Cancelled
8e5271dd-c757-4127-8743-45adf838e4e1,52f5634d-de98-4543-8a1e-cbf1e2d0242f,2024-01-02T10:16,6,37.44,Online,Completed
9676cfdd-5f59-489c-bf7d-c3ca0d88c2af,77ca464a-fe0d-4dcc-8f08-3eb2f7b64f76,2025-06-18T10:16,6,48.78,Cash,Cancelled
1e32d768-6fc4-48fc-893d-8ce00d80f3a0,485b65e7-fdf4-474d-afba-37986d8d3cd8,2024-06-13T10:16,4,108.64,Online,Cancelled
4f895920-4499-4891-9091-1b386738b060,ecf1ffb0-ac00-4968-87ea-8beef4ace55a,2025-05-07T10:16,7,93.31,Online,Cancelled
4f16f7c3-0fc0-4ae6-9a16-3a51b9f4db74,90f0db1e-2b19-43f7-ba17-233c7c214eca,2025-03-28T10:16,2,41.80,Card,Pending
eb45d6a2-6ee2-41f9-bffd-da7ca9ba9669,365c90d0-a590-4209-9401-2ce55af5ed98,2024-08-04T10:16,4,108.60,Card,Pending
37b7303f-c2ab-4a48-9056-90304b934080,60cd80b6-3967-4dae-b4df-adc7b5644971,2024-10-06T10:16,9,221.49,Card,Cancelled
870ca7e0-1115-41e5-b8ed-8053aa6dc2b1,caca465c-e9f2-4add-91b5-24c70595e321,2025-03-02T10:16,7,64.05,Cash,Completed
87aa3a7a-5a11-4021-9ca8-f1d037bb7f5f,e7991221-0de0-4ef8-aa9c-ca3b59197059,2024-03-02T10:16,4,103.76,Cash,Pending
c7974d97-a0d1-42a9-9a49-e02cffc3efa7,5d6f84a5-a4de-442e-99b9-b8ef714b4436,2023-12-15T10:16,3,54.93,Cash,Completed
58d00250-2cd9-4af0-bfb1-236e0ca5600f,c1a09d60-c9e8-4489-a68e-e01b51541d33,2025-06-13T10:16,9,237.69,Card,Completed
5b7a5041-27ed-4430-bb9b-3e94480626b5,3910ab11-8758-4a4f-8a9b-c4f5df7413c4,2024-07-31T10:16,6,37.92,Cash,Completed
41d51280-999e-4e01-bcfd-a8c1d84e1185,c63bd277-c81c-40c5-8720-6ce916d653c4,2025-05-28T10:16,4,54.76,Cash,Completed
4cfcc233-4f83-4f10-b893-757596e4f69a,365c90d0-a590-4209-9401-2ce55af5ed98,2024-03-05T10:16,8,233.12,Cash,Pending
7541065d-ae20-4072-bca6-34574b1e68f7,4f6ae324-5b6d-47d6-a86d-26ec6fbe1e0e,2025-06-18T10:16,1,9.08,Card,Pending
0ef0d019-ca10-49d7-a802-cd1c21957f42,21edfc22-3f73-4335-a774-3cf78ab65e86,2024-11-06T10:16,8,45.28,Online,Pending
6a42aa42-6ea9-4918-a338-b24fe468b9fd,4e44f26d-5455-405b-8fdb-63ab8b739ecf,2024-07-29T10:16,6,167.82,Card,Pending
747b4b63-9c0c-4155-9d6b-7b5aacaee7be,14eace30-1ac2-411e-8eef-98e8f32a87fb,2024-03-14T10:16,8,156.16,Cash,Cancelled
d03dec8e-f910-4033-85d8-bab62c2e681a,6c3bf618-a715-40f9-9faa-cfc5f5beef2f,2024-10-15T10:16,2,45.32,Online,Completed
f8a454c6-e3dc-42ee-bcf0-285d8b1a4d7f,74e76582-f1b8-4560-b049-8aebb59d4721,2024-02-29T10:16,3,21.30,Cash,Completed
8125fa53-2831-4c9a-9ff3-569f2d5098b8,ada8704c-2784-4d70-84da-10078407d2c8,2024-01-15T10:16,1,15.65,Cash,Pending
e596da74-f90b-41f8-b539-4ee662c6366f,795088d7-d227-422e-ad8c-f048bde0675e,2024-04-13T10:16,6,111.06,Online,Cancelled
15450f08-f047-4410-8426-546324268461,7509850a-5062-4da9-aad6-bc5b9e363ef1,2024-04-22T10:16,5,127.95,Online,Completed
242f38bb-4e81-4594-8c92-0a3e85203239,209e786b-2a61-4e52-a3b2-1cc98bcbf18c,2025-10-19T10:16,2,12.48,Cash,Cancelled
c5f2169c-2b81-4936-b15b-f8f4492a9d7e,10b26c2d-7d56-4175-84a8-a2775e128a9d,2024-06-19T10:16,7,192.29,Card,Cancelled
af853383-a240-4e9f-8856-94c8b10137d2,6e6d2c67-f7fb-4a98-8f9a-4822259b25c4,2023-11-22T10:16,9,143.82,Cash,Cancelled
ec3eda69-5ce8-47f0-ba50-893815398db7,5f0f3def-9ff6-4282-ad04-001c4a769966,2025-10-24T10:16,6,42.84,Card,Completed
79581eca-4339-43df-b531-9d8a40c63c0e,26d032f1-9fe9-487a-987a-a8be14e1db05,2024-06-17T10:16,5,25.00,Card,Pending
639ad2bc-8c4d-46f5-a81c-733cd1079603,b6c26110-1b77-4777-8c79-c69ec19b66df,2024-09-14T10:16,2,31.00,Card,Completed
a9244bbe-6bc6-46da-b73a-8a93904e6f6a,aac35608-9499-49c5-811a-a059e773c968,2024-03-31T10:16,8,156.56,Card,Completed
2ee196bb-5228-443d-8429-e2af75ce7751,26d032f1-9fe9-487a-987a-a8be14e1db05,2024-04-21T10:16,4,119.36,Cash,Pending
c638bf92-3fd5-4abd-ba50-37b812c33a96,5eb75bc0-d5fa-4209-9d42-7767f3f0585b,2025-05-14T10:16,3,29.76,Online,Completed
2c27bbe3-7e7e-46d2-8554-c33f27d976c7,6c3bf618-a715-40f9-9faa-cfc5f5beef2f,2025-07-06T10:16,6,42.42,Cash,Pending
801bee28-96da-4120-bd31-3120cdd607f2,6945f6f4-b8f9-4d04-90ff-e59ed705578e,2025-11-07T10:16,1,17.04,Online,Pending
803dc226-8daf-43fd-9ab2-f2b15228d0b9,52c87fd9-fdf0-4256-b929-6153ad24a0ac,2025-03-01T10:16,9,69.39,Cash,Cancelled
3a3acf3b-69a0-4a8a-95f1-79a735b5f0f2,9b9edd1e-b4f7-414c-b8b5-a3dc51fa0a8c,2024-12-18T10:16,3,63.27,Online,Completed
64f4d4a1-4b4d-4d11-aee3-cf4d7a8e3c17,428424b7-1f94-496a-8b7a-497ce177d32c,2025-08-25T10:16,9,96.93,Card,Pending
1894e154-4e3c-4dba-a4d9-d0cd79e47fc7,74e76582-f1b8-4560-b049-8aebb59d4721,2024-07-15T10:16,7,43.89,Cash,Cancelled
b5d66fd8-ad37-44d6-bcc4-cc606e3f2356,caad7924-4bc5-4f85-9662-11ca261e3c87,2024-11-12T10:16,7,152.74,Cash,Pending
2434cf1d-0205-40b7-acb4-e078d34122b5,953417c6-cd52-45e9-9ca0-bb450653c934,2024-02-23T10:16,6,91.56,Card,Cancelled
8d6b45e7-3f0b-436a-a7fc-ce2242eaac9b,c3ffc43c-0c11-40fa-9824-f234161741d0,2024-06-10T10:16,2,44.90,Online,Cancelled
5c2cc192-6025-43eb-96e8-6b48bb692320,27e45431-1333-4ffd-a0c8-be56ffdc5d4e,2025-09-14T10:16,1,24.66,Card,Pending
e42cf0a5-ee5d-4fc3-b61e-48a7b8d12a31,06e585f0-5b60-4900-81d1-3379328e6c17,2023-12-18T10:16,6,139.92,Online,Completed
de2b424b-f8f1-4ef0-9d1c-781ad2948c71,9fa382f0-8393-48db-ad30-43c953282401,2025-03-15T10:16,9,140.13,Cash,Cancelled
a73e3549-927d-49d9-b2fe-f3a2b040d216,25659c0e-6eb5-4c57-add8-fb6ac5f42699,2024-12-09T10:16,2,12.74,Card,Cancelled
e1c11752-76f9-41f4-9ee5-e4892cb41c68,bb6ceda0-3f7a-4dfa-9862-41a88dd468b2,2025-09-25T10:16,7,121.45,Online,Pending
17622de2-fd72-4eae-8433-c0793aebb8a4,ef7fad1f-a86f-4ee1-95b4-ce1f339f0fa5,2024-08-08T10:16,4,60.64,Online,Cancelled
98f78196-e78b-436f-958b-2703c5ee5e71,ff4db0d8-e809-46e8-9ae0-78ffee4902d9,2024-09-17T10:16,5,54.40,Card,Pending
b201d301-817d-438c-be52-5b32514d248f,dcfb3d05-846d-4915-99f3-ebbc7559d972,2025-01-30T10:16,7,93.94,Card,Completed
3c5ab60f-6f30-48a2-9ddd-f3d3d3c49936,56a75a3e-a944-4147-8cba-f1024726993f,2023-12-21T10:16,7,87.92,Card,Pending
b1adc314-3d90-425e-99c2-4117d8f1e33c,cb8747c7-32ca-4b6b-868d-13ab01d953ec,2025-01-12T10:16,1,18.13,Cash,Cancelled
1c8e872f-4ac1-4d42-acf9-f08ad22925e0,c1a09d60-c9e8-4489-a68e-e01b51541d33,2024-09-23T10:16,9,122.76,Online,Pending
ea5044b1-e270-48e2-9117-34517c501264,5400d214-6176-40bf-88d2-3f53ed38bf69,2024-03-06T10:16,8,198.32,Cash,Completed
e7e13ce8-2b49-4257-bcb3-44ea43169512,49af098b-bf79-4643-8e49-739ea932d38b,2025-03-24T10:16,9,242.10,Cash,Completed
c12379f6-2865-402a-b539-06563b5521e1,98b17fed-218c-4f20-8410-9f0edfc74455,2024-10-24T10:16,4,113.04,Cash,Cancelled
4a981125-446a-4bc5-bb09-f82c63b339a8,65b2c0ea-6192-47fc-9286-2c1dd3ecefb1,2024-04-28T10:16,3,35.91,Online,Completed
ec95e018-e221-4167-bd03-f86a3c06890b,c5817fdc-a4dc-4879-b957-30cfda62016b,2025-04-23T10:16,3,74.40,Cash,Completed
cebcef44-3e1e-42e9-9b82-a90342d27efa,6117b6f0-c4f4-4bf1-9eeb-f33950decba8,2024-04-13T10:16,5,44.15,Card,Completed
f95c24d8-a98f-44c5-bd1b-d1fcdf1b63b2,3910ab11-8758-4a4f-8a9b-c4f5df7413c4,2025-05-05T10:16,6,78.42,Card,Cancelled
46f4209b-4043-48ca-b843-97e5b940b5be,56a75a3e-a944-4147-8cba-f1024726993f,2024-09-29T10:16,8,68.48,Card,Pending
399bbbd1-3cb8-424f-bc6d-5932ee0876e1,9fa382f0-8393-48db-ad30-43c953282401,2024-07-17T10:16,1,23.75,Card,Completed
fd1cb78e-7894-4e50-9e02-0ee171d3c0db,e6cb1215-5314-4d05-bfd1-f6e5d36e89f7,2024-07-02T10:16,5,61.40,Card,Completed
ed2ee6ea-ef39-4fc0-8a6f-850029dcf82d,cb8747c7-32ca-4b6b-868d-13ab01d953ec,2025-09-04T10:16,7,140.91,Online,Completed
a4561660-44c6-4b2f-866b-c85422867370,7d2df59f-386d-4aec-85a8-2443262a0cb4,2025-02-12T10:16,9,222.57,Card,Cancelled
38164b64-6091-4dd0-b0d5-e9c8f5c162a5,27e45431-1333-4ffd-a0c8-be56ffdc5d4e,2024-11-13T10:16,5,48.05,Online,Pending
d4899e63-aa2a-4f03-88ef-62fbdd5f4241,9b9edd1e-b4f7-414c-b8b5-a3dc51fa0a8c,2023-11-27T10:16,6,173.04,Online,Pending
9de38ca4-1bf6-4ed0-9a87-6a49560b8622,0130fcd4-a6cf-4a72-8400-7bcae1abce34,2024-09-26T10:16,5,35.40,Online,Completed
67fa5e26-909b-4e03-b0a1-9fd1a248c901,6117b6f0-c4f4-4bf1-9eeb-f33950decba8,2024-10-03T10:16,6,104.82,Online,Pending
ee303626-0137-4287-8d5b-5e9c6bdd7ab6,0e0d5f13-edd5-4ab0-9ddd-3df111bedc5a,2024-01-05T10:16,6,126.00,Online,Pending
b1727bf6-4c22-4501-a876-049c9dea065f,c63bd277-c81c-40c5-8720-6ce916d653c4,2024-11-17T10:16,5,120.60,Cash,Pending
60707be8-6518-4924-bf8c-c385f1796fc7,73a2b03c-2dca-486e-8ebc-c4d6bb68a8c6,2024-08-13T10:16,4,108.72,Online,Completed
d873c981-46b5-4679-a72b-3cbc27c42bd2,ebbc7df0-770d-44f8-b0ff-c62f9006e40e,2024-02-14T10:16,4,24.60,Cash,Pending
8a6cbe99-47b6-4696-96bd-64e2885c3f31,36b880b0-e9bd-4c0b-8f1c-32018f6c758a,2024-07-08T10:16,7,52.92,Card,Cancelled
5af460df-7304-448d-8947-820a35a1b6f9,21edfc22-3f73-4335-a774-3cf78ab65e86,2025-06-15T10:16,5,136.45,Online,Pending
f138a501-896a-4cba-bba9-aa89aa4340d4,11526850-7335-463f-b740-a52a90457c3b,2025-09-28T10:16,9,120.87,Cash,Pending
bb476e17-27e5-46e4-a794-578c07f7afa5,cd50913f-8c99-4253-9134-0cf5fe5f300f,2024-11-16T10:16,9,232.02,Card,Completed
dcc1632b-0da2-4600-a7a7-9fc79e52a6a8,4bb2d776-14c0-4ef6-b8ba-c580cbed72b8,2024-06-26T10:16,8,156.32,Cash,Completed
b07b45a7-b664-4d90-a5ca-bd67a7311601,00d7ae70-0f46-4453-963c-4ab2a3d29314,2024-08-15T10:16,9,228.87,Cash,Cancelled
6f411ca4-036f-4135-a50b-2b662165da19,cb8747c7-32ca-4b6b-868d-13ab01d953ec,2024-03-08T10:16,4,46.80,Card,Pending
4277c8ac-b0e3-4a65-9caf-31bee8d347ad,a5ffc907-be77-43e6-8694-4a0bf09bd3fb,2024-03-28T10:16,3,83.01,Online,Cancelled
bddf86dd-8d89-44e9-993a-cc619b568bd4,14eace30-1ac2-411e-8eef-98e8f32a87fb,2024-06-16T10:16,8,119.52,Cash,Pending
089e481b-a6c2-489c-adc0-4a0c4b8d8e05,3910ab11-8758-4a4f-8a9b-c4f5df7413c4,2024-05-13T10:16,2,43.36,Cash,Pending
6e8480f2-8e7d-4f1c-a946-7fde5322e908,d6d4ef4b-0870-48aa-b884-013237f255f4,2024-07-17T10:16,4,34.96,Cash,Completed
99d6c7f8-586f-4eeb-bbbe-7630f7c3dc26,f067e21d-d1d4-4e87-9cae-9753f5f9ccb6,2024-09-10T10:16,3,25.74,Online,Pending
75b33092-6357-4be6-99e6-d3ff134bc055,bb6bf39c-f455-4e08-a59e-1bdaaa91d4aa,2024-12-02T10:16,4,41.08,Card,Cancelled
c1e1a63b-10b6-4c76-9fa6-87907e9cdf20,67c276b0-7be6-4f3c-bf86-c342095c8112,2025-09-21T10:16,4,112.40,Online,Completed
5523439a-07fc-4c1d-8bea-f8df7bbac3b4,65b2c0ea-6192-47fc-9286-2c1dd3ecefb1,2024-03-05T10:16,6,49.20,Card,Completed
8e2ec171-e026-4bc1-a252-f723a6506ec3,5400d214-6176-40bf-88d2-3f53ed38bf69,2024-11-03T10:16,3,66.54,Cash,Cancelled
071954e3-c0b9-4d06-bea8-7cf30045fae2,c5817fdc-a4dc-4879-b957-30cfda62016b,2023-11-21T10:16,6,74.04,Online,Pending
8aa9eaba-05ce-414f-ba61-82c7128647e6,0a5a9fc7-e126-48f0-99aa-dea85c606f66,2024-11-20T10:16,8,80.80,Online,Cancelled
0c866a9a-71a0-4111-9b2e-d8ac54b0dfad,6c6a3b10-9747-4dca-a041-4edc22d147b0,2024-11-02T10:16,5,61.25,Online,Cancelled
7f4750e7-a968-46cb-a18a-621f2a4c0b0c,1407e9cf-22c9-4137-a2fe-cc12dc038235,2024-05-03T10:16,1,13.79,Cash,Completed
12d63e7c-3cdd-49fa-9b81-c8e858b58915,6e551d53-4f6d-4b84-a9de-3d7c79694805,2024-05-19T10:16,6,162.66,Card,Pending
ef3da6fa-3967-4ff5-ba64-5e42d8d9bc5c,26d032f1-9fe9-487a-987a-a8be14e1db05,2024-07-09T10:16,1,15.59,Cash,Completed
977d57cb-71c9-45ac-8fe5-877bcb99e157,7c991f43-c18b-4404-8826-97691b0dc00c,2024-04-09T10:16,1,25.40,Cash,Pending
29cc0b44-f7b8-4591-bacf-0c7c681adfd3,6f61ca8e-51a1-48e0-abfa-88326e713e34,2025-08-14T10:16,8,167.44,Online,Completed
cc148a0a-fac3-491d-b97b-6e19e2baf33e,c63bd277-c81c-40c5-8720-6ce916d653c4,2024-03-26T10:16,7,134.19,Cash,Completed
76f03df1-160e-4062-94d8-399dd769db17,d7af10ce-45c9-4fc8-8dd8-b1c5491aad5f,2024-08-01T10:16,3,39.06,Cash,Cancelled
3ad3ec09-b732-414e-9571-62dea5093a47,56a75a3e-a944-4147-8cba-f1024726993f,2025-02-02T10:16,3,52.17,Card,Cancelled
6ccc6ce3-eabf-49a5-aece-ef270d182954,c3ffc43c-0c11-40fa-9824-f234161741d0,2024-02-14T10:16,1,5.28,Cash,Completed
5b2a79b5-0199-4c88-8380-4b7592032892,6bd388d4-5636-450b-bacd-55bdcb769bab,2025-08-01T10:16,6,109.74,Cash,Completed
f14cc4b9-1722-4e04-946a-735c57a36dde,14eace30-1ac2-411e-8eef-98e8f32a87fb,2025-06-03T10:16,7,178.99,Online,Completed
e645ece6-3e17-42ce-bc82-e590ea3c9f50,485b65e7-fdf4-474d-afba-37986d8d3cd8,2025-09-25T10:16,6,176.52,Cash,Completed
754a9bc2-ae48-493e-8d16-5b1183b4f6bd,73a2b03c-2dca-486e-8ebc-c4d6bb68a8c6,2025-06-04T10:16,1,18.83,Card,Pending
69e85ed4-d60c-4940-9141-c4f7f4f49ec9,7c991f43-c18b-4404-8826-97691b0dc00c,2024-03-05T10:16,9,217.26,Cash,Completed
50d11597-0144-487c-ab81-e706ae58e7b1,bb9edfa8-17f7-4f6f-8e3b-616693a298b1,2024-08-23T10:16,4,50.92,Cash,Completed
a6712ecb-905b-4273-8f58-481bc4fd2654,ef7fad1f-a86f-4ee1-95b4-ce1f339f0fa5,2024-06-24T10:16,5,49.55,Cash,Pending
603177e6-fd4d-44df-8283-9ecf1a697b58,1407e9cf-22c9-4137-a2fe-cc12dc038235,2025-10-12T10:16,9,193.32,Cash,Pending
c50f83b4-a762-4a6b-8e8a-f6fa1e1ec0d9,27e45431-1333-4ffd-a0c8-be56ffdc5d4e,2025-08-29T10:16,4,100.00,Card,Cancelled
bf8c2839-5b60-40da-855a-a5a2a87cb21d,ef7fad1f-a86f-4ee1-95b4-ce1f339f0fa5,2025-03-15T10:16,6,150.30,Online,Pending
1b6348e7-79a4-46a1-b73b-b575b545b80b,c9dcc28a-ae5f-477c-ae7e-72d94129f449,2023-11-30T10:16,3,67.44,Online,Completed
83f136a4-7939-40a8-a399-d7c629a3ed34,910b1d47-5c37-48b1-8bde-96c60660f1d7,2024-02-19T10:16,1,19.80,Cash,Cancelled
a1f48bef-33df-4893-9457-be851645c9ea,365c90d0-a590-4209-9401-2ce55af5ed98,2024-09-28T10:16,2,45.88,Cash,Completed
e5741da4-dd1e-43a9-b594-3523347e2991,ceafdb2a-788d-48e0-acdd-bd533a2e7ab6,2025-02-10T10:16,5,96.95,Cash,Cancelled
2dc8e9f1-f9aa-4f0f-9f18-f67722d8aebf,d33bbfcd-a2ca-4e80-8a1c-65223f061e7e,2024-07-24T10:16,9,255.78,Online,Cancelled
4361ba31-0b3d-4b93-8b96-f77624a3b389,7169ef0c-f2c8-4ae3-83f6-87691664d2d2,2025-08-28T10:16,4,117.40,Cash,Completed
19b45c27-a02b-4bb5-aac2-e63234734a61,d33bbfcd-a2ca-4e80-8a1c-65223f061e7e,2024-04-14T10:16,3,81.18,Cash,Pending
85313d1b-27ce-4d32-8400-e78e555099f3,ada8704c-2784-4d70-84da-10078407d2c8,2024-03-13T10:16,7,133.49,Online,Pending
27832221-0e4b-4bce-ad6e-19febacdc6b3,e6e1db85-f8ba-4264-9c9a-520ecda4bc4c,2025-10-12T10:16,2,32.40,Cash,Cancelled
e71fb619-3764-4806-89ac-ddad9c6837cc,7a18d550-38d0-40b2-84a7-547162e7e409,2025-04-08T10:16,3,19.62,Online,Completed
67c2d846-5096-44fd-95f2-ff46bace2151,73a2b03c-2dca-486e-8ebc-c4d6bb68a8c6,2025-06-05T10:16,4,117.40,Card,Cancelled
b03d3271-aba4-411c-aab8-5c410fac2962,ec3490d2-e8da-47ee-ae12-0ca0b1d7a2bb,2024-01-10T10:16,1,10.07,Card,Completed
a2cfc57d-fda2-4468-a1a0-6f2d7d0ad827,1d32c3b3-c732-4995-aa6b-ff159deb3bdf,2024-05-17T10:16,7,193.97,Online,Cancelled
8fe07c2b-370c-4838-b015-570c7b0cc6be,964d337f-acd5-4ca2-8843-9be3f2eb60fc,2024-02-20T10:16,3,65.55,Cash,Pending
58a662b5-1abc-4a5a-be9b-6c943d2d464f,d3f641e5-b8b5-4f5f-9155-7768df2033e8,2025-08-04T10:16,2,45.14,Cash,Pending
0af3ec96-9109-43fd-8989-9ee27fe3ecf3,fbe227d7-6d32-4407-9783-7fdac983e55f,2023-12-09T10:16,6,96.18,Cash,Completed
c64fa8cb-e001-491b-bcb1-493693ea8fc4,9c53f3f8-5b22-4d77-bd76-cfa6c70e443c,2024-06-18T10:16,3,89.58,Cash,Pending
d82a74d2-35c0-4fb0-bfd4-baed8b96ed85,4bb2d776-14c0-4ef6-b8ba-c580cbed72b8,2024-01-28T10:16,1,28.03,Card,Cancelled
150bbd59-7c57-4a85-9213-61b9235135b4,b6c26110-1b77-4777-8c79-c69ec19b66df,2024-09-10T10:16,5,64.40,Card,Pending
bb63a2cf-6f57-4ba0-850f-bd006d6adf8e,6945f6f4-b8f9-4d04-90ff-e59ed705578e,2024-04-11T10:16,1,15.98,Online,Pending
8a6e4eb0-6102-44d1-8133-f745734c5eff,b90a3a7f-421e-47e5-8598-fe50f365a62e,2024-07-15T10:16,6,112.74,Card,Completed
6adf0e38-7fb6-4ffa-839b-8c5c50b2ea33,726d71e2-70fd-4416-8568-78619c14a73a,2024-02-05T10:16,5,87.20,Online,Completed
5d604c51-82ea-491b-8527-57afb580c1bf,8b115a34-224b-453c-be69-b53a7445b466,2024-03-15T10:16,5,31.80,Online,Pending
162ed726-c51f-4852-b02d-f1be1f28eae3,aac35608-9499-49c5-811a-a059e773c968,2024-09-10T10:16,1,29.99,Cash,Pending
ce797337-a9af-49fd-ae6d-d563ddb38183,5400d214-6176-40bf-88d2-3f53ed38bf69,2025-06-26T10:16,6,123.90,Card,Pending
b005bd04-3c80-4c1f-a74d-cc6c3ab1072d,885715b6-b1eb-44ca-8460-28c0343e56f3,2025-10-16T10:16,8,217.60,Card,Completed
07706fa0-6c60-4995-bc10-fa9d852f84fd,205ea7f7-e714-45b8-a083-11247ff702a1,2024-10-17T10:16,6,32.22,Online,Cancelled
0be35a1a-86d1-447c-83cb-60c94aa37b80,0a0ac3e5-6e20-4fbc-87ec-5481c70e38bc,2024-08-28T10:16,7,165.83,Card,Completed
1ed3a797-602c-4c18-a792-91e752c78193,74e76582-f1b8-4560-b049-8aebb59d4721,2024-10-16T10:16,3,19.38,Card,Completed
be38a96c-9981-4888-8402-12dbc87fa114,b04ce307-2d1f-4214-b023-d8f4379041a1,2025-05-20T10:16,8,193.20,Card,Cancelled
24df02c2-94ed-4b73-b87e-4a1d4209936a,80537cf2-360f-4740-8b7e-d4cd56e22987,2024-01-29T10:16,1,24.22,Online,Pending
b0c50ab0-05a5-4eae-a39d-43430dfc2394,11526850-7335-463f-b740-a52a90457c3b,2024-09-18T10:16,1,5.52,Online,Completed
236bfeb7-6f70-4a23-afdf-25623b4b2543,c5817fdc-a4dc-4879-b957-30cfda62016b,2024-01-02T10:16,6,158.88,Cash,Cancelled
3b427c69-cac6-4d35-aa0d-142a3c836d90,bf0de251-90d7-423c-8b31-48df1a89964f,2024-05-14T10:16,2,31.18,Card,Cancelled
2a721872-4dc2-44f4-bf8c-273d572276be,ff4db0d8-e809-46e8-9ae0-78ffee4902d9,2024-06-07T10:16,8,87.12,Online,Pending
d94eeeda-8b3f-4698-98ca-029c6332f3ee,a938df5f-7764-459c-8bfd-90409d16b3c6,2023-11-15T10:16,6,51.06,Card,Pending
a43ee2a1-3931-474a-9123-a3d9cd33eef4,0e0d5f13-edd5-4ab0-9ddd-3df111bedc5a,2025-10-29T10:16,9,233.91,Cash,Pending
15fad2df-8aba-4c0f-b83f-5cbe671c135d,910b1d47-5c37-48b1-8bde-96c60660f1d7,2025-02-01T10:16,6,163.38,Online,Cancelled
3c879e57-1ca6-496e-95db-90b4d420c5d2,52f5634d-de98-4543-8a1e-cbf1e2d0242f,2025-06-19T10:16,4,30.24,Cash,Cancelled
ae00c317-f106-4ac7-a7b2-6f562496edaa,11526850-7335-463f-b740-a52a90457c3b,2024-06-30T10:16,1,6.26,Cash,Cancelled
3d53bc93-daea-41b6-b054-5a974421fc4b,69446e90-4237-4410-ab55-e011eb04cce0,2023-12-08T10:16,5,105.00,Cash,Cancelled
16fb57c8-2bf1-4d22-88c8-3c97fe7e1812,b04ce307-2d1f-4214-b023-d8f4379041a1,2024-06-04T10:16,3,51.60,Card,Completed
8a061384-f9ad-4708-8814-04d7ef4f68c6,7169ef0c-f2c8-4ae3-83f6-87691664d2d2,2023-12-26T10:16,1,22.11,Online,Cancelled
8a96e662-7784-403a-91c3-c2a258178ec8,14eace30-1ac2-411e-8eef-98e8f32a87fb,2025-09-13T10:16,5,37.90,Online,Cancelled
