order_id,restaurant_id,order_date,items_count,total_price_usd,payment_type,status
fdea1807-324d-40df-a980-21706d2034e8,b6c26110-1b77-4777-8c79-c69ec19b66df,2025-06-19T10:16,9,258.21,Online,Completed
7fafd7e1-7df0-4ed4-952c-aa1911001dd6,a3f626b9-cc27-4c04-8570-be79ab8bda4a,2024-09-27T10:16,7,204.40,Online,Pending
069b4cc2-b86f-4a4b-ac9b-8e617fee0796,c0d74d86-5c5b-481d-b8e3-61eeb9c77255,2024-04-07T10:16,3,41.97,Cash,Pending
a140980f-7439-4f07-b519-0f7205025556,fbe227d7-6d32-4407-9783-7fdac983e55f,2025-10-01T10:16,6,74.10,Cash,Completed
dc0df934-fefb-49ba-8046-84eb7ada4c9b,4f6ae324-5b6d-47d6-a86d-26ec6fbe1e0e,2025-08-21T10:16,9,52.20,Cash,Pending
442910bf-6941-43d4-9cdd-f79a6ba6edac,bb6ceda0-3f7a-4dfa-9862-41a88dd468b2,2024-07-13T10:16,7,166.11,Online,Cancelled
114241f6-0b08-4597-bc32-e6487c5fa1c9,74e76582-f1b8-4560-b049-8aebb59d4721,2025-05-21T10:16,3,29.31,Card,Completed
34fc258e-560a-42fa-8d4e-0731d0998823,60cd80b6-3967-4dae-b4df-adc7b5644971,2025-05-26T10:16,2,37.36,Online,Pending
44ec0efe-d209-414e-a818-54aa408e2b38,5f6e51da-5f01-4c9a-85dd-7d50ef37e5d7,2025-07-28T10:16,1,8.47,Card,Pending
6667547b-e9b2-4ef5-96bf-1cca97a60d55,2c6dafc9-06cc-4b3d-8b8d-12aae0644c58,2024-03-03T10:16,7,85.05,Cash,Pending
8911786b-87ba-4ad2-8022-42e360f70476,60cd80b6-3967-4dae-b4df-adc7b5644971,2024-08-07T10:16,7,155.47,Cash,Completed
ce1001da-e555-4c78-bd72-06db8b047dd3,62a2bfef-ca4a-4dec-90ea-bf15ea1880d2,2025-03-21T10:16,9,236.25,Online,Pending
dbd8d440-3567-4153-8437-a90107023164,6c6a3b10-9747-4dca-a041-4edc22d147b0,2025-10-04T10:16,2,52.46,Online,Completed
c1cfc582-525a-4eb3-a168-ae80c6680eed,7a18d550-38d0-40b2-84a7-547162e7e409,2025-09-10T10:16,9,267.57,Card,Completed
c2717772-a630-4383-b70c-19bf76c42a54,935ebde1-5945-4673-886e-1a7a12cc2d4e,2025-03-31T10:16,9,251.55,Card,Cancelled
70b3fe3b-92c7-4401-8f6d-b99e7775351b,4b14a58c-f1e4-40b6-888d-a88cd7055099,2025-07-24T10:16,6,114.66,Cash,Completed
21d8d35e-984f-43cc-b803-4f1000b0b7fb,6bd388d4-5636-450b-bacd-55bdcb769bab,2024-04-27T10:16,1,28.02,Online,Cancelled
47413575-5f46-4b0d-99df-9e3ecda11f72,74e76582-f1b8-4560-b049-8aebb59d4721,2024-07-19T10:16,8,44.48,Card,Pending
a1c0db2f-67d9-4112-a084-036a7b4b08b7,d6d4ef4b-0870-48aa-b884-013237f255f4,2025-06-26T10:16,2,46.00,Online,Cancelled
19ebc04b-fac5-4c07-acd7-3e97e6d94fad,8b115a34-224b-453c-be69-b53a7445b466,2024-04-15T10:16,3,18.66,Cash,Pending
34b4a846-e2f0-413f-9ca5-1101fd32347a,ba5d9947-b043-4aca-8ee0-6b77895cf8e8,2024-02-21T10:16,7,174.51,Card,Cancelled
a1b91149-4fd0-4e4b-a80b-dedb384143ab,c0d74d86-5c5b-481d-b8e3-61eeb9c77255,2024-05-18T10:16,7,160.23,Card,Completed
99212549-d1e3-4d6f-977c-e75635f36224,0a15d43b-8f6b-444a-bef2-ffbddfdbd16f,2024-06-14T10:16,6,127.02,Online,Pending
07038487-3f32-49eb-8398-adab2f117e7f,1233cc27-7567-48e0-8dd2-6b0019506c2f,2024-08-03T10:16,7,56.49,Cash,Completed
5d95cdce-bc2a-467b-bc23-a81f60dd7a5c,365c90d0-a590-4209-9401-2ce55af5ed98,2024-03-11T10:16,8,197.28,Cash,Cancelled
01cd98b6-c989-476a-9881-9776504aa2a8,f6c35464-33dd-44a7-bf84-071f2e427045,2024-07-14T10:16,9,46.08,Cash,Completed
1ced7d29-8151-4329-ae13-11b85aa1f84a,53db1213-7316-47bb-9099-c1def0e3c96b,2025-10-25T10:16,5,47.85,Card,Pending
7e5f0e89-4b15-492b-96bd-0b97f1290dd5,6bd388d4-5636-450b-bacd-55bdcb769bab,2024-10-08T10:16,9,82.62,Card,Pending
2753dfe9-0b72-44ca-b6bf-d55cbbe3c784,3910ab11-8758-4a4f-8a9b-c4f5df7413c4,2025-05-14T10:16,5,59.15,Card,Pending
f669a6c1-0132-4c60-b018-b1b40eee3e55,52f5634d-de98-4543-8a1e-cbf1e2d0242f,2024-11-04T10:16,1,25.78,Online,Pending
1da1829c-96a8-4ad6-8d66-885d126d1021,fe624323-ba72-456d-9842-ed9e0edc75df,2025-04-24T10:16,1,17.06,Card,Completed
9e5fedfa-92b1-4332-abcb-ddb325eab5b1,8f7f530b-bb30-4a05-b437-744ed30af54f,2023-12-19T10:16,7,147.91,Online,Pending
f43d88be-03f2-46ea-90d0-19696b5340df,983d66ae-c8b0-46b8-8abc-26a1055cf729,2024-04-04T10:16,4,80.56,Online,Completed
517eb0df-b8a1-4a11-99b5-baa6b66d89a1,4e44f26d-5455-405b-8fdb-63ab8b739ecf,2024-08-21T10:16,2,46.66,Cash,Completed
518bea6a-2952-4e06-af14-c1abfe6f2fda,c46351bf-193f-49af-a5d6-456188837c3d,2024-12-22T10:16,1,27.16,Card,Completed
c6867b93-d711-4c8b-8fb3-891c79a76394,9305d562-2505-493d-8ed8-3fb721c8f491,2024-02-02T10:16,1,19.64,Card,Pending
37c92b6a-b179-4c6a-bb40-798290d07aa5,0d463f72-c3a1-4a2b-8d0d-1721a0d1a06b,2024-07-18T10:16,6,66.84,Online,Cancelled
8a537149-57ca-4354-b45e-374876104045,68169a66-a8d4-4763-914e-7befc826445b,2025-03-13T10:16,8,62.48,Cash,Cancelled
10b5e81d-5a29-4cf1-93b6-60e5fbc4955b,56a75a3e-a944-4147-8cba-f1024726993f,2024-07-21T10:16,4,23.72,Cash,Cancelled
6cb7a7cb-4bbf-4a20-94f1-252d1b703beb,74e76582-f1b8-4560-b049-8aebb59d4721,2024-11-05T10:16,1,14.87,Cash,Pending
0449e3e3-c04c-486f-8a8c-8dbfa171effd,8f7f530b-bb30-4a05-b437-744ed30af54f,2023-12-13T10:16,4,74.76,Cash,Cancelled
6a8ceaa4-de09-4718-8a0f-77203ac87034,2c6dafc9-06cc-4b3d-8b8d-12aae0644c58,2024-05-04T10:16,9,225.00,Card,Cancelled
641cb149-8d6b-47c0-aefb-1751c399cf28,050d9901-1cb5-413a-9c31-282028f863c1,2024-09-25T10:16,6,40.38,Online,Completed
21d5a576-a3e0-4b4a-9ed2-2afc1dfd750d,a190f67b-21df-46bc-8164-46bdfa00af85,2025-10-10T10:16,3,40.86,Online,Completed
3b3f5d6b-668c-4007-a09c-d66d161f0087,0dd437d0-74fa-43c3-8909-5c955e4d47dd,2023-12-11T10:16,7,170.52,Cash,Completed
21394bcf-26d0-4bbb-bc8b-7ad9d9048189,10b26c2d-7d56-4175-84a8-a2775e128a9d,2024-07-12T10:16,8,45.44,Online,Cancelled
18ce57bf-e6a6-48bf-8acd-3301d165a370,b6c26110-1b77-4777-8c79-c69ec19b66df,2024-06-16T10:16,7,199.36,Cash,Cancelled
543fe452-5ad7-4019-8995-ef307c82c237,c46351bf-193f-49af-a5d6-456188837c3d,2024-10-11T10:16,7,130.27,Cash,Cancelled
35e8c556-8c03-4ced-a336-d178eeb06144,46032f36-69bc-465a-9b33-a5d560bfd77a,2025-09-29T10:16,3,63.24,Card,Pending
883a7911-871b-45c8-8b33-c43a6a4b8be1,46032f36-69bc-465a-9b33-a5d560bfd77a,2024-05-22T10:16,9,239.67,Cash,Pending
a42b2b48-aa7d-4859-ba3f-0299e16ba1a7,983d66ae-c8b0-46b8-8abc-26a1055cf729,2025-07-11T10:16,8,64.56,Card,Cancelled
9d4e562c-a2f3-4ebb-a12b-3b570ee2eee1,8e1bbe6c-7b75-46dc-8ca1-0b1664cd6ae4,2025-08-19T10:16,3,71.07,Cash,Cancelled
4e59255f-b58f-4357-91d2-41033fe15fec,c1a09d60-c9e8-4489-a68e-e01b51541d33,2025-03-08T10:16,7,174.93,Card,Cancelled
a2cdfabf-e0b6-4e83-89ad-a964807fb971,6f61ca8e-51a1-48e0-abfa-88326e713e34,2025-03-02T10:16,3,75.48,Card,Cancelled
b764af8b-407d-4441-9ab1-07342f94a77e,cf65c4b6-4c1c-420b-95de-23e5b56ffad5,2024-04-12T10:16,2,13.18,Online,Completed
9c60fb82-90c5-4d5d-bd62-75da48244810,0a570207-0f70-467f-bbeb-44a0a60a9a25,2024-08-13T10:16,3,30.15,Online,Pending
6127b3b5-d31b-4100-93fc-840b380326b8,8626238e-5813-415a-9a8c-db944b1e0269,2025-06-21T10:16,1,29.89,Cash,Completed
7e8c4894-33da-4204-9f7e-93e433313b9b,11526850-7335-463f-b740-a52a90457c3b,2024-04-06T10:16,9,225.09,Online,Completed
1d8f0a9c-dc6a-40e4-b15b-496a2519d870,0130fcd4-a6cf-4a72-8400-7bcae1abce34,2025-03-12T10:16,8,170.16,Cash,Cancelled
b5686b09-3c6f-4b70-8052-768052817f64,7a18d550-38d0-40b2-84a7-547162e7e409,2024-02-29T10:16,1,5.66,Cash,Pending
8766f437-51fa-41d1-bbca-547252bf7159,36b880b0-e9bd-4c0b-8f1c-32018f6c758a,2024-07-07T10:16,1,21.55,Cash,Pending
e842dd4e-9c2d-48d9-8dfd-ecb1e6c4cf78,0a15d43b-8f6b-444a-bef2-ffbddfdbd16f,2025-10-20T10:16,5,95.45,Online,Completed
fd091101-71dc-4166-aeb0-9f0b60d99dba,90f0db1e-2b19-43f7-ba17-233c7c214eca,2024-03-29T10:16,5,111.55,Card,Cancelled
92cc98c1-101f-44e6-a245-01b9bb8f27ca,c1a09d60-c9e8-4489-a68e-e01b51541d33,2024-04-23T10:16,3,51.36,Cash,Cancelled
2a1936ac-f069-46dd-800b-94f5070edbe1,14eace30-1ac2-411e-8eef-98e8f32a87fb,2024-02-23T10:16,4,97.76,Card,Pending
66f33344-6c82-4e1a-b818-21a30b9fd3ee,910b1d47-5c37-48b1-8bde-96c60660f1d7,2025-06-13T10:16,4,22.96,Cash,Completed
4b879a2d-086e-4e73-bfa6-617421faf837,5f6e51da-5f01-4c9a-85dd-7d50ef37e5d7,2025-08-29T10:16,4,76.04,Card,Cancelled
cc810e32-5843-4dea-97f3-505685339127,e85d0261-2d97-4475-a749-363ec9040a74,2025-05-09T10:16,8,163.04,Online,Completed
cbce88c9-8c1c-42b6-8ce5-f23b4495af74,d5cfb1a3-ce2f-4aff-ab4c-50e0c5426af1,2024-09-08T10:16,9,46.71,Card,Pending
adf9f2ab-9dbe-4db4-be7a-262271566d71,209e786b-2a61-4e52-a3b2-1cc98bcbf18c,2024-02-21T10:16,7,190.96,Online,Cancelled
a520a602-ff4b-4b3c-9d9d-551546ddfc65,3ab3404a-ee80-4ed2-8d90-a6f0dad14e48,2025-04-18T10:16,7,157.50,Online,Cancelled
eb231cf5-0206-4504-b356-8edfcfc0e37e,941529ef-2114-4bff-907a-4596ff4593a1,2025-05-26T10:16,8,57.20,Online,Pending
c033ad06-c6ac-4097-9819-0fd3d96c24a5,e119f98a-df63-41dc-8e01-bb49ca2dc724,2025-10-07T10:16,4,83.32,Card,Completed
ef52c3c5-911a-4bc8-9ff2-577b01408524,77ca464a-fe0d-4dcc-8f08-3eb2f7b64f76,2025-02-14T10:16,9,89.73,Online,Cancelled
02445c84-ab2e-4195-8b54-00de8118722b,11526850-7335-463f-b740-a52a90457c3b,2025-10-15T10:16,2,21.78,Online,Cancelled
c00f4948-6d8c-40b4-8f70-e81d4264e9c2,bb6ceda0-3f7a-4dfa-9862-41a88dd468b2,2024-03-20T10:16,4,118.64,Cash,Cancelled
79234693-e09f-4201-8124-b1f96155c1e0,d3f641e5-b8b5-4f5f-9155-7768df2033e8,2024-01-13T10:16,1,23.49,Online,Completed
0e8b3637-d16c-437f-9298-2431ae08fc1f,6945f6f4-b8f9-4d04-90ff-e59ed705578e,2025-09-12T10:16,1,10.34,Cash,Completed
1cfd4105-c902-43a3-b232-373095805f71,52fbb114-83aa-432d-b2f1-f3e37a5c4754,2025-08-08T10:16,3,82.50,Cash,Completed
a324b759-aa4b-4ba5-b20a-bb374c2442df,6bd388d4-5636-450b-bacd-55bdcb769bab,2025-06-21T10:16,9,175.86,Cash,Pending
a539f8c9-0958-4a18-aa0d-958794d18e4e,885715b6-b1eb-44ca-8460-28c0343e56f3,2024-08-11T10:16,5,138.60,Online,Cancelled
a21d0cc3-7529-4782-9fee-506a582bb795,f543de06-e341-4de2-95ab-ca0fd3ee51fe,2025-07-13T10:16,8,70.56,Cash,Pending
0a25448c-0b25-4db3-bdb4-304a35afa8c8,1233cc27-7567-48e0-8dd2-6b0019506c2f,2024-04-23T10:16,7,169.19,Online,Completed
b620c953-bfca-4dd9-8edd-6490a95e12e8,caca465c-e9f2-4add-91b5-24c70595e321,2024-06-10T10:16,9,149.22,Card,Completed
467988f3-b7dd-4884-a5a4-96b5ff93e653,63846b60-b7be-4087-ac6e-56c9bc130a20,2024-07-30T10:16,4,75.12,Cash,Cancelled
088726ff-1662-486d-8cca-bc6369afae45,67c276b0-7be6-4f3c-bf86-c342095c8112,2024-11-18T10:16,2,22.20,Card,Completed
6bacba5e-398f-44be-94e4-a06a5a2bbcc2,46032f36-69bc-465a-9b33-a5d560bfd77a,2024-08-25T10:16,8,195.12,Online,Completed
7ccceffe-919d-4faa-b5b1-a91a7490c8af,bb6ceda0-3f7a-4dfa-9862-41a88dd468b2,2024-11-19T10:16,4,21.92,Online,Cancelled
5ba19bac-0665-4a60-8a98-59049ae2d96f,a190f67b-21df-46bc-8164-46bdfa00af85,2024-12-19T10:16,7,89.81,Card,Pending
9378deed-a784-476a-ae6b-441402d4ef87,6f61ca8e-51a1-48e0-abfa-88326e713e34,2024-09-03T10:16,6,142.38,Card,Pending
323384e8-cec5-437a-b39f-8175557e7f69,ec3490d2-e8da-47ee-ae12-0ca0b1d7a2bb,2024-04-16T10:16,8,189.12,Card,Pending
bd64cf93-2f37-4a82-abc4-673ec444334d,bb9edfa8-17f7-4f6f-8e3b-616693a298b1,2024-03-19T10:16,9,222.30,Online,Completed
205c711d-cb2f-4360-84cd-e08019a45c1e,401a6911-a31e-4892-adc1-56e3e1eb090a,2024-10-15T10:16,2,23.68,Cash,Completed
bacf7184-bad5-466c-8f4e-5298f6a438a8,0a5a9fc7-e126-48f0-99aa-dea85c606f66,2024-05-17T10:16,8,78.16,Online,Completed
04640815-0f74-4eaf-a873-55d858ee71ad,a3f626b9-cc27-4c04-8570-be79ab8bda4a,2024-05-01T10:16,1,5.78,Cash,Completed
53e6a719-f998-4129-833f-5a7dc2c41a38,1407e9cf-22c9-4137-a2fe-cc12dc038235,2024-08-15T10:16,7,47.11,Cash,Cancelled
5483f5f4-8c53-486a-8425-61ac06f54fc3,e12c3d24-86c8-474f-b86b-370df36adbfe,2025-09-04T10:16,5,37.10,Card,Cancelled
85855a6a-fa98-4fab-9f37-832af6ff5442,c1a09d60-c9e8-4489-a68e-e01b51541d33,2024-06-28T10:16,6,77.64,Card,Cancelled
b0d15971-776b-45a5-80a5-612b7ccda534,e6e1db85-f8ba-4264-9c9a-520ecda4bc4c,2024-10-30T10:16,2,22.38,Cash,Cancelled
7d24b00d-b215-40e7-88d2-8809565db7e6,49af098b-bf79-4643-8e49-739ea932d38b,2025-08-22T10:16,9,180.63,Online,Cancelled
2ed21794-8b49-455b-8490-d7e9ebc274e1,23650eb4-f98d-45a3-a90b-a378f03d469d,2024-10-25T10:16,4,103.76,Cash,Pending
8ab7f579-0c45-4ec1-9e1d-c2458aa5e0a0,e119f98a-df63-41dc-8e01-bb49ca2dc724,2025-01-26T10:16,1,26.44,Cash,Completed
090de081-bf8e-40e4-9821-83356a3b2499,73a2b03c-2dca-486e-8ebc-c4d6bb68a8c6,2023-12-11T10:16,9,198.72,Online,Pending
6a982496-1552-41f3-bcb2-eb53c5b170da,c5817fdc-a4dc-4879-b957-30cfda62016b,2025-07-18T10:16,2,22.62,Cash,Pending
7ec1d99c-4452-4b69-a2f6-2fd690bbfe07,ec3490d2-e8da-47ee-ae12-0ca0b1d7a2bb,2024-08-14T10:16,6,134.88,Online,Completed
15782a49-c2e5-4475-a866-43eef66165f2,99c406e7-092b-4eeb-bc08-56fc041c253d,2025-04-26T10:16,4,75.72,Online,Completed
3886a748-7c56-472e-aa01-39c06fda0900,7d2df59f-386d-4aec-85a8-2443262a0cb4,2024-11-11T10:16,1,13.98,Cash,Cancelled
d7c802cf-2077-497c-b7f7-d1ea9b304058,0e0d5f13-edd5-4ab0-9ddd-3df111bedc5a,2024-01-16T10:16,9,117.18,Cash,Cancelled
01a6ac7c-247a-460e-ae30-0b16683ac69f,5d6f84a5-a4de-442e-99b9-b8ef714b4436,2025-09-14T10:16,2,11.42,Cash,Pending
84d06534-6652-4183-b360-0bb21500356c,53db1213-7316-47bb-9099-c1def0e3c96b,2025-10-04T10:16,2,35.92,Online,Cancelled
67e1506d-b10f-4174-8ded-1a0f6464cba5,d3f641e5-b8b5-4f5f-9155-7768df2033e8,2024-04-25T10:16,8,201.68,Online,Cancelled
118d3653-e828-46ec-a700-8648d56a9a27,7169ef0c-f2c8-4ae3-83f6-87691664d2d2,2024-12-30T10:16,8,125.84,Cash,Completed
bc11527a-bca3-4ce1-92f8-cc8df864445d,6b1178fc-1745-401d-88da-3903c243ebe9,2024-05-12T10:16,5,25.25,Card,Pending
5a8fe5c9-631f-4c54-94cb-935123096cca,8e1bbe6c-7b75-46dc-8ca1-0b1664cd6ae4,2024-03-19T10:16,8,117.68,Card,Pending
75ef0e82-5e44-492d-98f8-8679ba883632,06e585f0-5b60-4900-81d1-3379328e6c17,2024-08-23T10:16,8,217.36,Cash,Pending
f7e7128e-34fc-4313-86ac-742265cf6f23,0a570207-0f70-467f-bbeb-44a0a60a9a25,2024-06-16T10:16,2,18.06,Card,Completed
fee07642-e8b1-4703-a7e1-18bb7011395b,8626238e-5813-415a-9a8c-db944b1e0269,2024-11-05T10:16,2,33.10,Card,Cancelled
c60c1445-d734-4b3e-9a24-5cc35f232d63,caad7924-4bc5-4f85-9662-11ca261e3c87,2025-02-13T10:16,8,118.64,Card,Cancelled
f1245923-ea41-434d-9cbd-0c5c6a3221ed,5d6f84a5-a4de-442e-99b9-b8ef714b4436,2025-04-09T10:16,6,110.88,Card,Completed
fb288c45-b20f-48a1-8c81-b7dac4f9210c,6aaabc79-3d35-410f-bb96-f86a3930d0ff,2024-04-15T10:16,9,249.84,Cash,Pending
9831c6f3-c57d-4829-a923-412e72e54999,65b2c0ea-6192-47fc-9286-2c1dd3ecefb1,2023-11-15T10:16,5,133.05,Cash,Completed
0c17b976-76be-4794-8c48-f49571c90cf2,02c65c06-56ad-4670-b8e2-10ab417c7154,2024-02-15T10:16,1,22.44,Cash,Completed
120cd761-eddf-4461-9bb0-4176de8af1cf,05ccd8a5-ea5f-4353-bd1e-3022152b0685,2025-05-20T10:16,5,127.40,Card,Pending
5152b4e9-359a-4053-b923-910fc2927fd1,b0d737cd-ec4b-4a88-aa81-d012ef3fb719,2024-11-17T10:16,1,15.04,Cash,Cancelled
f458adc4-45dd-444f-8ce7-340e684e0edc,ef7fad1f-a86f-4ee1-95b4-ce1f339f0fa5,2023-11-23T10:16,7,86.45,Cash,Pending
d3171b18-5e2d-48f6-b61d-d026ebbfdf7b,89d26a00-0fde-4c03-8430-b06f6bc3f33a,2024-11-23T10:16,6,135.48,Cash,Pending
08bcba43-b438-4005-a2ad-045e407142a2,26d032f1-9fe9-487a-987a-a8be14e1db05,2023-11-13T10:16,6,101.88,Card,Completed
b6d57986-c4f4-40da-b16a-a084c5674525,23650eb4-f98d-45a3-a90b-a378f03d469d,2024-06-12T10:16,9,82.35,Card,Completed
945ce3a8-9529-401f-ab87-2e5bf921dbac,36b880b0-e9bd-4c0b-8f1c-32018f6c758a,2025-02-01T10:16,5,85.90,Online,Pending
28b7772f-f668-4bf9-9b60-778ee3a6b1dc,3ab3404a-ee80-4ed2-8d90-a6f0dad14e48,2025-10-27T10:16,4,26.40,Online,Completed
180a0e21-f593-49d3-b510-4b19c7f81a98,62a2bfef-ca4a-4dec-90ea-bf15ea1880d2,2024-11-11T10:16,9,177.93,Cash,Cancelled
42f856ad-9968-4b17-855a-a9ec5494116d,a5ffc907-be77-43e6-8694-4a0bf09bd3fb,2024-07-12T10:16,4,31.24,Online,Cancelled
28dd4e22-ed96-4c43-8c2d-c04f5f6647cc,c63bd277-c81c-40c5-8720-6ce916d653c4,2025-02-24T10:16,2,14.52,Online,Pending
bd4f6462-3790-442a-b73c-21b74a1d3513,4b14a58c-f1e4-40b6-888d-a88cd7055099,2025-09-07T10:16,5,111.15,Card,Pending
a992626a-6b9d-4171-a9b9-0b56a0d75f71,25659c0e-6eb5-4c57-add8-fb6ac5f42699,2025-10-20T10:16,3,42.84,Cash,Completed
c358070b-9fdc-42c2-b12d-cac7f09d5fc1,5400d214-6176-40bf-88d2-3f53ed38bf69,2024-10-20T10:16,3,29.97,Online,Cancelled
53afe7a8-3757-4f15-b8b6-0cb3401702e0,103fcba5-5588-45a5-9fe0-6ac948d3860e,2025-01-02T10:16,9,133.65,Online,Completed
577eb7a9-4fd8-4045-9a7b-3852c715681d,9305d562-2505-493d-8ed8-3fb721c8f491,2024-06-29T10:16,6,94.74,Online,Cancelled
6ca8aad3-7010-4220-83fe-871b3962029e,f067e21d-d1d4-4e87-9cae-9753f5f9ccb6,2024-01-04T10:16,2,24.50,Card,Cancelled
547407b1-d19b-4061-b2e2-728e89f5de34,77ca464a-fe0d-4dcc-8f08-3eb2f7b64f76,2025-06-20T10:16,5,134.15,Online,Completed
309b715c-f906-49b3-a700-c0162a088ddc,09ba4183-1b94-4f8c-bc5f-eca421a88524,2025-10-12T10:16,4,27.20,Cash,Cancelled
c5c65d08-6090-4e0b-a537-d0168e5589d6,6c3bf618-a715-40f9-9faa-cfc5f5beef2f,2025-02-12T10:16,1,19.00,Online,Completed
ad79b257-454d-49c4-bb3d-67714a8c5bf7,1eeb9c5f-5b7a-47af-b4f1-5a50d9d1089c,2024-02-09T10:16,3,61.86,Online,Cancelled
e9b3c513-ba3f-4209-9f61-678e3986caa2,69446e90-4237-4410-ab55-e011eb04cce0,2024-07-06T10:16,9,96.93,Online,Completed
0f493b9e-1f8f-4988-8428-59fa4b204f0a,e6e1db85-f8ba-4264-9c9a-520ecda4bc4c,2025-05-12T10:16,8,113.12,Online,Completed
a6defccb-ba9e-4fe2-a0b8-f6b034b7dd3e,90f0db1e-2b19-43f7-ba17-233c7c214eca,2024-05-20T10:16,6,69.90,Card,Completed
68ef0050-281c-4bf0-8fef-a7fbc23086ef,d33bbfcd-a2ca-4e80-8a1c-65223f061e7e,2024-04-21T10:16,6,127.20,Cash,Cancelled
4f1dbade-64c6-40c5-a427-5a7a0a5b5494,726d71e2-70fd-4416-8568-78619c14a73a,2024-03-02T10:16,7,54.95,Cash,Completed
1636c54f-bdd3-4375-9035-62c448f2a721,6e6d2c67-f7fb-4a98-8f9a-4822259b25c4,2024-05-06T10:16,8,150.16,Online,Cancelled
e003c0e9-b722-450c-aab1-ff2139e34fc3,80537cf2-360f-4740-8b7e-d4cd56e22987,2024-10-16T10:16,5,46.55,Cash,Cancelled
41fb6f9b-9253-43bb-9cdc-d048dfb265b5,8887df7e-682b-4d48-b18c-c1ddfa0aaa26,2025-10-22T10:16,1,8.89,Online,Cancelled
2c67e73d-9bc3-4e59-8b25-897fab4f4003,e119f98a-df63-41dc-8e01-bb49ca2dc724,2023-11-18T10:16,6,82.86,Online,Pending
00304346-bca1-4624-835c-17902b60bc2d,7169ef0c-f2c8-4ae3-83f6-87691664d2d2,2025-08-24T10:16,4,78.84,Card,Completed
c3049b89-f464-44d2-a5ad-84bfbe16c7bb,f543de06-e341-4de2-95ab-ca0fd3ee51fe,2025-06-21T10:16,3,18.96,Cash,Cancelled
0fe2c26f-a213-4e8d-b716-e2d9d028b657,21edfc22-3f73-4335-a774-3cf78ab65e86,2025-06-30T10:16,2,55.42,Online,Pending
ace3a1e7-7ab7-4aec-a0bf-82859604dc0a,6c6a3b10-9747-4dca-a041-4edc22d147b0,2023-12-08T10:16,3,81.33,Online,Cancelled
e2811743-37b7-447e-b9b2-7f2f0702256e,2c6dafc9-06cc-4b3d-8b8d-12aae0644c58,2024-07-17T10:16,9,232.47,Card,Completed
42efe4bd-06fe-4af3-a375-b740ad933cde,39cb44e2-a541-4b98-bc0b-db5f31cf8710,2024-08-10T10:16,6,70.80,Card,Completed
a73cc045-4eb6-46ca-8464-0e2073de4751,941529ef-2114-4bff-907a-4596ff4593a1,2024-10-24T10:16,7,200.62,Card,Cancelled
65da6f81-457f-4006-a01b-1046ccdc1e05,8e1bbe6c-7b75-46dc-8ca1-0b1664cd6ae4,2024-11-16T10:16,6,79.50,Online,Pending
7c0d11f0-ebe9-4aa2-8256-94f72360cd96,b6c26110-1b77-4777-8c79-c69ec19b66df,2025-06-26T10:16,2,36.30,Online,Pending
7cd9ef07-a8c5-4c19-8cac-e7b4b969663e,26d032f1-9fe9-487a-987a-a8be14e1db05,2025-11-03T10:16,2,10.54,Online,Completed
33f09801-0d7c-4aa2-a25e-23b6df05cda4,60cd80b6-3967-4dae-b4df-adc7b5644971,2025-09-12T10:16,6,114.66,Online,Cancelled
99ee0e29-d1a2-4de5-9ea9-146d507b70f7,4b14a58c-f1e4-40b6-888d-a88cd7055099,2024-11-05T10:16,8,232.32,Card,Pending
18323734-2507-4273-b31b-d66be5af5cf0,5d6f84a5-a4de-442e-99b9-b8ef714b4436,2024-10-08T10:16,7,66.15,Online,Cancelled
52dc20a1-9bad-4a9f-881a-d545581b3362,69446e90-4237-4410-ab55-e011eb04cce0,2025-04-07T10:16,4,59.92,Card,Completed
ac93d42b-54e1-416c-bd46-ef5b340013f8,e85d0261-2d97-4475-a749-363ec9040a74,2024-07-23T10:16,3,73.50,Online,Cancelled
ef601c68-078f-4f05-b6f7-838b7bada30a,06e585f0-5b60-4900-81d1-3379328e6c17,2024-07-27T10:16,1,22.06,Card,Completed
395ce43c-56b2-4021-ab99-0dbe266b53ea,49af098b-bf79-4643-8e49-739ea932d38b,2025-09-03T10:16,7,144.55,Online,Pending
cb02581e-0d3a-4ae4-8bc8-e3ce84cda515,26d032f1-9fe9-487a-987a-a8be14e1db05,2025-09-10T10:16,3,62.82,Online,Cancelled
2808a846-caa1-4a49-9884-fcfe0c02ae42,49af098b-bf79-4643-8e49-739ea932d38b,2024-04-22T10:16,7,106.19,Cash,Pending
e67f575b-8b85-415e-9a34-836288aa50fa,bfa3444b-2be9-46be-b944-720d86a59770,2024-01-08T10:16,4,48.04,Online,Completed
005373b0-9076-4a39-b08b-771a9076b53a,d87f31d7-79ef-4c17-856e-142e791b04da,2025-10-18T10:16,8,144.56,Card,Pending
b9996add-1c99-4dde-82c4-d0c5d9a7d105,e6e1db85-f8ba-4264-9c9a-520ecda4bc4c,2024-01-19T10:16,5,28.20,Card,Cancelled
e0f2986a-deaa-4d22-b690-50ec2d578925,b95f7619-fab2-4df9-8683-1f2aeb93a660,2024-03-24T10:16,1,23.33,Card,Pending
c6b68125-37ba-44f3-b10b-c662b5365fdc,d3f641e5-b8b5-4f5f-9155-7768df2033e8,2023-12-30T10:16,2,41.32,Card,Pending
fcf70cc9-f56c-4038-92a6-eb2b6203d675,8113211c-bdc3-4bb0-94d9-3fd3871f3005,2024-06-13T10:16,8,222.08,Card,Pending
dc53aad0-6979-41b3-8c5b-06c8e76b1e96,0fcf4084-ea31-49f8-99f9-9bf8c8b0c16b,2025-08-29T10:16,3,27.93,Online,Completed
462c0b76-fc25-4fa2-81c8-eaddcbb36770,058b9c75-b72f-4594-80d2-e41194ff7672,2024-11-09T10:16,1,14.65,Cash,Completed
eddb6e1b-acf7-40ee-b12b-4a8e7894a5b7,941529ef-2114-4bff-907a-4596ff4593a1,2024-07-22T10:16,2,45.94,Card,Completed
b7d095cb-f27e-4bd4-aac4-42b6e84014a6,5f0f3def-9ff6-4282-ad04-001c4a769966,2024-11-20T10:16,2,45.30,Online,Completed
37c7aba3-76c7-40ed-9297-1cd01be57692,4739f27f-7a96-4d52-83ae-0c6fd4c8c606,2025-06-16T10:16,5,48.50,Card,Completed
9c5b9d16-fa90-4992-b887-edfd88b629a7,5d6f84a5-a4de-442e-99b9-b8ef714b4436,2024-02-28T10:16,2,22.62,Online,Cancelled
0b3e7748-c676-4b71-9acb-c934275d5e17,8b546c63-5406-493d-bc69-cfb594b38267,2024-10-20T10:16,4,56.28,Card,Completed
1437561c-defc-45c8-9d1b-318cb650e963,6e6d2c67-f7fb-4a98-8f9a-4822259b25c4,2025-01-02T10:16,1,24.79,Card,Cancelled
9cd0418a-a9a8-4ea4-b25a-132d72c844aa,885715b6-b1eb-44ca-8460-28c0343e56f3,2025-05-26T10:16,1,10.80,Card,Pending
47a1d186-941b-462b-a847-8053dbcf7f3e,983d66ae-c8b0-46b8-8abc-26a1055cf729,2024-02-11T10:16,9,146.61,Cash,Completed
9cb84adf-a06f-4ab5-a06f-dca9daed4524,6c6a3b10-9747-4dca-a041-4edc22d147b0,2025-11-06T10:16,9,112.14,Card,Completed
c6c52dc3-71a8-45e3-a26d-1675ccdba8d4,050d9901-1cb5-413a-9c31-282028f863c1,2025-01-16T10:16,4,92.36,Card,Pending
780ebda7-86b8-4bc6-8ce7-1f06446e1ed0,6e6d2c67-f7fb-4a98-8f9a-4822259b25c4,2025-02-08T10:16,2,50.80,Cash,Completed
556d6aeb-8cb1-44cb-95e1-5957b4526e72,964d337f-acd5-4ca2-8843-9be3f2eb60fc,2024-09-20T10:16,9,260.64,Card,Pending
0750713d-430e-4d43-83c4-7ac197e008e7,90f0db1e-2b19-43f7-ba17-233c7c214eca,2025-01-24T10:16,8,154.00,Card,Cancelled
b9e6913c-609e-4f54-b4cf-4037ac11fe83,6945f6f4-b8f9-4d04-90ff-e59ed705578e,2024-11-18T10:16,9,63.00,Card,Cancelled
a8907f46-7dca-47a5-894c-751af821278b,726d71e2-70fd-4416-8568-78619c14a73a,2024-10-12T10:16,9,221.67,Online,Cancelled
0e450aa3-bede-4579-95c5-27b0e1c584fb,f90cf3ca-e2d0-4129-bc7a-e8a2b80880da,2023-11-28T10:16,5,121.50,Online,Completed
753b93be-6700-4aa0-8c63-751624b109de,b014b56e-3263-4b63-8430-46e00bc5ea77,2025-11-07T10:16,7,179.83,Cash,Cancelled
f4ef4a7a-46d0-48a1-b50b-85bb7b771534,c1a09d60-c9e8-4489-a68e-e01b51541d33,2024-01-05T10:16,4,44.80,Cash,Cancelled
a7a42d9e-4181-4e9d-a8c0-6a0321a62bf7,7509850a-5062-4da9-aad6-bc5b9e363ef1,2025-10-22T10:16,8,50.48,Online,Cancelled
45a2aa70-d55a-4ada-95e3-d77b71f04e72,c83bba2f-5229-4998-9566-1f3179b13e8a,2024-09-12T10:16,8,187.52,Card,Pending
42d41573-7ca2-47ac-b0f7-4f24e2441411,6c6a3b10-9747-4dca-a041-4edc22d147b0,2024-07-01T10:16,7,176.68,Card,Pending
3bf37209-3ac3-461b-b027-a8ecdabdc438,f067e21d-d1d4-4e87-9cae-9753f5f9ccb6,2024-06-15T10:16,3,24.33,Card,Pending
1ef7dca3-e927-4ef6-ab66-2c60d6713228,a190f67b-21df-46bc-8164-46bdfa00af85,2025-02-19T10:16,4,44.48,Online,Completed
99e3384a-853f-485e-b124-93ee41c20227,10b26c2d-7d56-4175-84a8-a2775e128a9d,2025-06-23T10:16,5,97.50,Cash,Cancelled
86c9cf21-b2ae-4d27-8ffa-b70ac7a14201,000f9c8f-2fc7-4346-844d-c04f10751265,2025-10-18T10:16,6,177.96,Cash,Completed
34b3d412-c557-4747-87e3-e214308359ad,99c406e7-092b-4eeb-bc08-56fc041c253d,2025-03-01T10:16,1,8.82,Online,Cancelled
194e5ead-964e-4107-ba7b-6251dc821c0c,7d2df59f-386d-4aec-85a8-2443262a0cb4,2024-07-06T10:16,4,45.52,Cash,Pending
5a484a06-5762-48fe-a952-bb3d56e60f6d,941529ef-2114-4bff-907a-4596ff4593a1,2025-10-05T10:16,1,10.22,Online,Cancelled
b44cf369-e7fe-409a-9b17-66879ec9a796,0d463f72-c3a1-4a2b-8d0d-1721a0d1a06b,2025-03-06T10:16,4,105.92,Card,Completed
ec4fe5d7-4074-4710-8a68-e5082b1e73f3,00d7ae70-0f46-4453-963c-4ab2a3d29314,2024-02-05T10:16,6,82.02,Cash,Completed
39c02b47-763f-4d8f-8d7e-6870f0e40f05,e6cb1215-5314-4d05-bfd1-f6e5d36e89f7,2024-11-17T10:16,8,197.60,Online,Pending
ac4b1a68-4e1a-443a-b229-18b74a4d263c,b6c26110-1b77-4777-8c79-c69ec19b66df,2025-07-14T10:16,8,106.00,Card,Cancelled
44b3b40d-bced-42ee-8bfe-21348de840e1,e7991221-0de0-4ef8-aa9c-ca3b59197059,2025-01-28T10:16,6,144.42,Cash,Pending
8af6f67b-eb0a-459f-9cb3-dd0d71ab7ef5,02c65c06-56ad-4670-b8e2-10ab417c7154,2025-01-01T10:16,7,62.65,Card,Cancelled
6feb47a2-5afb-4c38-8600-f2c81854b214,5d6f84a5-a4de-442e-99b9-b8ef714b4436,2025-01-23T10:16,7,193.90,Cash,Cancelled
ee6f6348-cf83-40bb-b6d8-9fc5ca1da07a,46032f36-69bc-465a-9b33-a5d560bfd77a,2024-11-05T10:16,3,32.73,Cash,Pending
1d8f7434-9cfd-4a20-96d3-df081a1823af,a3f626b9-cc27-4c04-8570-be79ab8bda4a,2024-02-10T10:16,3,73.65,Online,Cancelled
ddc45eac-dc10-4e1e-ad7e-7962873b20d3,d6d4ef4b-0870-48aa-b884-013237f255f4,2025-09-09T10:16,9,65.43,Online,Cancelled
67b19ba6-83bc-4eea-9e63-92fbd384c783,4739f27f-7a96-4d52-83ae-0c6fd4c8c606,2023-11-23T10:16,4,28.28,Card,Completed
fd7ea63c-d7d8-49ce-b8d7-aeff862a4288,5d6f84a5-a4de-442e-99b9-b8ef714b4436,2024-10-15T10:16,9,241.20,Cash,Completed
b1da51ec-b103-4de1-8a38-1d9920ebc603,69446e90-4237-4410-ab55-e011eb04cce0,2023-12-17T10:16,3,18.30,Card,Completed
8f907d1a-ce38-4ed3-b2e7-630901b406c8,67c276b0-7be6-4f3c-bf86-c342095c8112,2024-08-24T10:16,9,247.86,Online,Completed
e7ce973a-e807-4c10-922a-3230798f4170,b0d737cd-ec4b-4a88-aa81-d012ef3fb719,2024-07-05T10:16,8,135.84,Card,Pending
2c57ed01-7430-4d4e-ac34-3612ad98513f,935ebde1-5945-4673-886e-1a7a12cc2d4e,2024-09-29T10:16,6,162.90,Card,Pending
db06920d-2788-4198-9595-7413f0d30233,ef7fad1f-a86f-4ee1-95b4-ce1f339f0fa5,2025-08-22T10:16,7,170.59,Cash,Pending
b3d44e17-a8aa-4069-b940-a34e5b0cadd3,c63bd277-c81c-40c5-8720-6ce916d653c4,2024-11-16T10:16,5,113.15,Card,Pending
26e57464-07ca-43c6-8c01-6a86cbd40695,7509850a-5062-4da9-aad6-bc5b9e363ef1,2025-06-05T10:16,1,14.11,Online,Cancelled
fa1ab723-bb7a-46c5-8417-82f3d4680271,7509850a-5062-4da9-aad6-bc5b9e363ef1,2024-02-26T10:16,5,146.80,Cash,Completed
03dcdde2-4191-4dba-9470-b455beebcf82,bc58b12c-65c4-4f21-89ef-3e492a22ef7c,2024-06-18T10:16,3,17.88,Card,Cancelled
ed6ccdde-8b36-46a6-bf05-c53f5ddea8c3,ceafdb2a-788d-48e0-acdd-bd533a2e7ab6,2023-12-28T10:16,4,102.04,Card,Completed
2571f6e3-0811-46b4-9b9c-b8f9b8b1ce01,80537cf2-360f-4740-8b7e-d4cd56e22987,2024-09-28T10:16,8,92.88,Online,Cancelled
676eb11e-5e3f-4b69-833d-f473b7081a8d,67c276b0-7be6-4f3c-bf86-c342095c8112,2024-05-15T10:16,5,148.65,Card,Cancelled
495086f8-c560-4d33-a56f-a14c45e2474b,8887df7e-682b-4d48-b18c-c1ddfa0aaa26,2025-03-29T10:16,1,19.41,Card,Pending
f43a6df0-5170-42ee-8dbc-90af3feb0f3f,d6d4ef4b-0870-48aa-b884-013237f255f4,2024-09-21T10:16,9,77.04,Card,Pending
864d9efc-5b83-4a47-9e9f-bdfe7f74c757,1eeb9c5f-5b7a-47af-b4f1-5a50d9d1089c,2024-12-22T10:16,6,74.64,Online,Pending
591c1bed-af9d-40fa-be7c-6779e0476344,0e0d5f13-edd5-4ab0-9ddd-3df111bedc5a,2025-02-16T10:16,9,213.21,Online,Cancelled
7f86bf03-26a8-4309-9d00-5186d1e316b7,ebbc7df0-770d-44f8-b0ff-c62f9006e40e,2024-11-20T10:16,5,26.00,Card,Pending
c1a9cf34-0867-4208-84a1-461e82411601,824998a2-7592-4051-ab0b-d5e12743c93b,2024-02-07T10:16,2,14.62,Online,Completed
280e3329-072f-4e58-bd5c-90e1301fc290,69446e90-4237-4410-ab55-e011eb04cce0,2024-01-08T10:16,2,34.38,Cash,Cancelled
df0d2541-5647-4dec-82ab-9936fc46e221,bb6bf39c-f455-4e08-a59e-1bdaaa91d4aa,2024-10-25T10:16,5,73.90,Card,Cancelled
3ef065aa-f2b9-42d6-9fc9-343d73e00a56,365c90d0-a590-4209-9401-2ce55af5ed98,2023-12-03T10:16,4,58.84,Cash,Cancelled
2e2d410a-1f30-491b-b972-4280f6de21f1,3dcaabe3-78c9-4d88-bed5-56ca7ceea07c,2025-02-13T10:16,1,5.89,Cash,Cancelled
d90308a4-ba1e-445f-848a-e2996243cca9,3befa4dc-d961-4a3a-9410-d43d1bdaa335,2025-11-08T10:16,4,48.24,Cash,Completed
ff32657e-d8e1-4be6-91cf-10c9faf5f33f,71f17b36-2c37-4cfa-bf8a-894fa94c0e9b,2025-07-26T10:16,9,116.55,Online,Cancelled
75581be9-1282-4010-8a45-8aaf359e1001,6c6a3b10-9747-4dca-a041-4edc22d147b0,2024-03-02T10:16,4,82.08,Online,Pending
619eb146-2b1e-45cb-92e2-90dc617d30cf,6aaabc79-3d35-410f-bb96-f86a3930d0ff,2024-05-13T10:16,6,128.10,Cash,Pending
23d707b8-5af1-45a8-9175-d0cdf381ecf3,9305d562-2505-493d-8ed8-3fb721c8f491,2024-08-28T10:16,2,28.22,Cash,Cancelled
6d2080a3-3fc9-444c-9028-f9d8323457a6,63846b60-b7be-4087-ac6e-56c9bc130a20,2024-12-26T10:16,9,252.99,Online,Cancelled
f270b934-d47a-4fa4-bd01-24cbdea17f40,e6e1db85-f8ba-4264-9c9a-520ecda4bc4c,2025-10-23T10:16,8,226.64,Online,Pending
17acb6ed-8f4d-4783-8abc-383b6add9a5d,4b14a58c-f1e4-40b6-888d-a88cd7055099,2025-06-11T10:16,2,22.70,Cash,Cancelled
5df16f01-1316-495b-811f-acd1bcdcdebd,8113211c-bdc3-4bb0-94d9-3fd3871f3005,2024-09-25T10:16,6,146.64,Online,Completed
3759a5d9-f9b9-4537-8c21-afd0ed27cd5e,401a6911-a31e-4892-adc1-56e3e1eb090a,2025-10-12T10:16,4,72.12,Online,Cancelled
77be1c3d-57af-4a4e-b37d-e88ad2b3eb3c,209e786b-2a61-4e52-a3b2-1cc98bcbf18c,2024-07-13T10:16,7,204.75,Cash,Completed
0ca2b96c-b36a-4042-a055-ceb9cdbebb4d,09ba4183-1b94-4f8c-bc5f-eca421a88524,2025-05-06T10:16,1,26.76,Cash,Cancelled
d076ebae-1de6-4bd2-a411-561e94937b28,7d2df59f-386d-4aec-85a8-2443262a0cb4,2024-07-28T10:16,5,89.40,Online,Cancelled
1aeed008-90c5-4849-8f21-3978ec0595f0,1a48aa9a-def3-481d-922a-94300aa97309,2024-02-25T10:16,9,97.02,Cash,Completed
40076faa-1f32-49b3-adde-fca87ab85ea6,7c991f43-c18b-4404-8826-97691b0dc00c,2024-10-17T10:16,4,58.64,Cash,Cancelled
e4cff632-a9a5-43d8-bb00-9cf03cca1b02,6117b6f0-c4f4-4bf1-9eeb-f33950decba8,2024-11-29T10:16,7,91.42,Online,Completed
0bc89a22-b1ec-4a6b-a318-cffc44f4d0bd,2ca088cd-c6c6-4e60-a1a4-d2990ee21b12,2024-05-03T10:16,4,108.12,Online,Pending
e0e94ff9-b5d4-4caf-a2c3-4b4fb55cc7f8,4717d2a3-4b2a-44f1-b960-a2b73e2d23fd,2025-01-05T10:16,7,98.56,Cash,Completed
bdeea06d-bafb-4b63-8c70-dcd2c6ebcae1,7c991f43-c18b-4404-8826-97691b0dc00c,2023-12-05T10:16,8,52.24,Online,Completed
fc322169-beb5-4c32-ac6f-9ccebf357a39,c1a09d60-c9e8-4489-a68e-e01b51541d33,2024-12-22T10:16,2,54.02,Online,Pending
e7278d35-65f8-4bfc-a5e6-5ffcb01dc57e,77ca464a-fe0d-4dcc-8f08-3eb2f7b64f76,2024-02-11T10:16,9,267.66,Card,Pending
dad11fa7-a926-4160-b8ce-4fbd8554c9fd,b03f75c1-655f-4480-a2bf-1a0af806e96e,2025-04-25T10:16,7,162.19,Cash,Completed
58485da8-6dbe-4ad8-9b47-f08d3e79feac,d87f31d7-79ef-4c17-856e-142e791b04da,2024-04-12T10:16,7,127.26,Card,Pending
f653687e-84da-4567-9a14-64e4407a817b,52c87fd9-fdf0-4256-b929-6153ad24a0ac,2025-06-08T10:16,6,151.44,Cash,Cancelled
bb56a137-20ef-4b24-a1d1-79c4bcff9a88,8626238e-5813-415a-9a8c-db944b1e0269,2024-01-06T10:16,6,143.76,Cash,Pending
6f6022ae-b407-48b6-a28b-4d3afb72cda2,ebe19120-496a-47fa-87eb-2440212a3363,2025-06-29T10:16,2,40.24,Cash,Cancelled
f5427a18-1118-484f-9778-32399094ae0d,09ba4183-1b94-4f8c-bc5f-eca421a88524,2024-07-31T10:16,4,46.40,Cash,Completed
e71591ea-c1ca-4067-bfea-48bcf11da73a,ba5d9947-b043-4aca-8ee0-6b77895cf8e8,2025-09-14T10:16,4,109.40,Cash,Completed
bdf76a07-426c-4ccd-a9f2-9c57ae4b0c53,d33bbfcd-a2ca-4e80-8a1c-65223f061e7e,2025-01-17T10:16,1,11.56,Card,Completed
f366ba97-ad02-4d43-aed1-edb3fa16e017,6e551d53-4f6d-4b84-a9de-3d7c79694805,2024-06-15T10:16,1,11.37,Online,Pending
668f6c08-227e-48b6-9a1c-4c56198aaf5b,941529ef-2114-4bff-907a-4596ff4593a1,2023-12-11T10:16,5,88.20,Cash,Completed
a199575f-6e4f-4d95-8a32-887ea2bbb814,f067e21d-d1d4-4e87-9cae-9753f5f9ccb6,2023-12-14T10:16,1,26.42,Cash,Pending
8b5cad00-4b39-4bba-86f5-d7c8a6af5c6a,e85d0261-2d97-4475-a749-363ec9040a74,2025-06-25T10:16,4,81.20,Cash,Completed
81b5e765-f278-445e-89ea-74c0910748ea,bb6ceda0-3f7a-4dfa-9862-41a88dd468b2,2025-09-04T10:16,2,59.94,Card,Cancelled
d4d514db-1ddc-4c7e-8d38-07241604c297,ecf1ffb0-ac00-4968-87ea-8beef4ace55a,2024-06-17T10:16,7,193.13,Cash,Cancelled
9828afb7-c4b5-4627-8a5a-016fe11bde55,b3688304-b24b-416a-9bf4-c2b6aaeb59d3,2024-11-21T10:16,9,234.90,Card,Completed
16fc2968-1b72-4f68-b8b3-f4229f621f66,c83bba2f-5229-4998-9566-1f3179b13e8a,2024-12-09T10:16,7,191.73,Online,Pending
d77b58ad-e126-4dea-ac6a-654b2bb51adb,bc58b12c-65c4-4f21-89ef-3e492a22ef7c,2023-11-30T10:16,8,110.00,Online,Pending
be70a8ba-8685-466c-8b6f-a9c7fc8ca94c,103fcba5-5588-45a5-9fe0-6ac948d3860e,2024-06-16T10:16,2,18.12,Cash,Cancelled
c948861b-1c03-4089-8022-2a6ef08db0f2,2a109685-1399-4149-8951-fba29bb0360d,2024-03-29T10:16,5,79.15,Online,Completed
c6b30669-4f9b-4468-9ca1-1bd3a1691ef1,a938df5f-7764-459c-8bfd-90409d16b3c6,2025-10-28T10:16,7,154.07,Card,Cancelled
1bd14852-9a4c-4efc-8e9b-3fb74607befc,b014b56e-3263-4b63-8430-46e00bc5ea77,2024-02-08T10:16,7,120.89,Cash,Cancelled
4b5554c9-980e-45ba-ad45-32be80056ba7,910b1d47-5c37-48b1-8bde-96c60660f1d7,2025-01-21T10:16,7,174.79,Cash,Pending
9713456a-1512-4846-8fec-26293d8277c5,b6c26110-1b77-4777-8c79-c69ec19b66df,2024-05-03T10:16,7,165.62,Online,Completed
a65541b9-c57e-43a7-8242-c293775a663f,a3f626b9-cc27-4c04-8570-be79ab8bda4a,2025-02-19T10:16,8,57.28,Cash,Completed
e2af43cb-3047-4f26-9314-3a95096587cd,b6c26110-1b77-4777-8c79-c69ec19b66df,2023-12-14T10:16,3,49.59,Online,Pending
27435c64-4fd0-438d-bfb0-a91f37a67c21,52f5634d-de98-4543-8a1e-cbf1e2d0242f,2025-10-06T10:16,2,51.64,Online,Cancelled
8287588e-ea6f-4ba0-bf86-45d5fc84dac1,2ca088cd-c6c6-4e60-a1a4-d2990ee21b12,2025-04-12T10:16,2,42.92,Cash,Pending
6c00d7fc-5b03-4caf-975d-1fd3e906b243,a5ffc907-be77-43e6-8694-4a0bf09bd3fb,2024-08-22T10:16,4,48.28,Cash,Pending
923a9e68-3639-42a6-a9ea-8f3d614e0dc3,515fe1d2-d33a-4b9d-8c19-07e0cbe81a9a,2024-11-15T10:16,8,53.68,Card,Completed
f54711fa-716e-42a9-bf1b-92ced392f663,52fbb114-83aa-432d-b2f1-f3e37a5c4754,2025-02-05T10:16,6,56.82,Cash,Pending
9c2de9bc-a5c1-4e15-8b26-8b5e653ac55c,27e45431-1333-4ffd-a0c8-be56ffdc5d4e,2025-06-06T10:16,5,141.20,Online,Cancelled
145b38da-ea9a-408b-9216-25908d87285d,bf0de251-90d7-423c-8b31-48df1a89964f,2025-05-14T10:16,5,36.30,Card,Cancelled
123c0f08-705a-49ef-9e03-612dbb576378,8b115a34-224b-453c-be69-b53a7445b466,2025-09-14T10:16,7,43.26,Card,Cancelled
77a90672-a257-47e8-86b8-1fe373a2fbde,b3688304-b24b-416a-9bf4-c2b6aaeb59d3,2025-08-04T10:16,6,36.90,Online,Cancelled
94264d6b-887d-4956-8f52-3684142ff27e,365c90d0-a590-4209-9401-2ce55af5ed98,2023-11-25T10:16,8,164.72,Online,Pending
d2fae8f7-0e64-432f-a8ea-a5a7bb7cf0a5,bc58b12c-65c4-4f21-89ef-3e492a22ef7c,2023-12-26T10:16,6,55.80,Cash,Completed
33ba4a2f-1dd8-41e4-97d9-b3d694a8f05d,bc58b12c-65c4-4f21-89ef-3e492a22ef7c,2023-11-25T10:16,7,193.83,Online,Completed
37cc4b46-728a-4525-8e3f-2ec58632d249,e38afcd9-9e08-47ba-bc92-5ebb4bc271eb,2024-08-08T10:16,8,234.96,Cash,Cancelled
95ee7708-2f96-4abd-8fc6-bc0aa2b426bd,3dcaabe3-78c9-4d88-bed5-56ca7ceea07c,2025-10-30T10:16,3,84.96,Card,Pending
3de29eca-7b49-4625-9680-d9e5c77473bf,46032f36-69bc-465a-9b33-a5d560bfd77a,2024-10-31T10:16,3,51.36,Card,Cancelled
50890e84-f0f1-4fa2-b7e4-6b3c2f2d3ef8,5f0f3def-9ff6-4282-ad04-001c4a769966,2025-10-08T10:16,1,7.06,Cash,Cancelled
aeca4ad4-3531-42c5-a317-07c881e20894,e38afcd9-9e08-47ba-bc92-5ebb4bc271eb,2024-06-26T10:16,2,32.74,Card,Cancelled
63ff759c-e99b-4c00-a3b6-bcce9c1f720d,205ea7f7-e714-45b8-a083-11247ff702a1,2025-05-19T10:16,4,80.00,Card,Pending
e27a775f-fbfd-4e9a-9ab9-16d96474f0bb,4f6ae324-5b6d-47d6-a86d-26ec6fbe1e0e,2025-10-17T10:16,2,30.56,Cash,Completed
58cb00a6-c7a6-4f8e-9b05-73b6a0e814d7,cb8747c7-32ca-4b6b-868d-13ab01d953ec,2024-06-09T10:16,8,44.32,Card,Cancelled
29265109-536a-44fe-87d1-99e4ff24f6cb,e886c155-0dae-4b36-88f5-a86fa474d1f6,2024-07-28T10:16,3,18.06,Cash,Cancelled
e0cbb2b8-4627-4b98-8a6e-ffbb0816903e,8113211c-bdc3-4bb0-94d9-3fd3871f3005,2025-10-20T10:16,7,99.89,Online,Cancelled
813d80a1-6eb7-47d4-aa2d-3762efc4f3a9,0fcf4084-ea31-49f8-99f9-9bf8c8b0c16b,2024-11-01T10:16,5,77.90,Card,Cancelled
53448118-92f7-4e64-b02b-5f2cb82e7920,f0a6a958-e434-41bf-a830-dffa55a34db5,2024-11-14T10:16,5,55.70,Online,Pending
381a0cea-393a-40b2-b297-1d2049550441,c9dcc28a-ae5f-477c-ae7e-72d94129f449,2023-11-17T10:16,7,167.09,Online,Cancelled
30b2f86a-ffc5-4d51-aa71-aa5efdc68ad6,6117b6f0-c4f4-4bf1-9eeb-f33950decba8,2024-09-04T10:16,1,12.39,Online,Pending
4ef4c937-f05d-416a-85ea-e96d552581b1,ba5d9947-b043-4aca-8ee0-6b77895cf8e8,2024-01-09T10:16,7,154.70,Card,Pending
6c4d455f-c51b-4705-a049-1e5c60da7e2a,0a5a9fc7-e126-48f0-99aa-dea85c606f66,2024-01-13T10:16,6,147.12,Online,Pending
3dc52939-769e-46b5-999b-29c6c0647e8f,68169a66-a8d4-4763-914e-7befc826445b,2025-06-04T10:16,5,71.25,Cash,Pending
9c0e41cb-9d4a-4f48-8ef5-66cb13f40972,09ba4183-1b94-4f8c-bc5f-eca421a88524,2023-12-20T10:16,8,117.04,Card,Cancelled
6125c2bc-aea4-4166-bcb6-14950530803e,99c406e7-092b-4eeb-bc08-56fc041c253d,2024-06-07T10:16,1,16.68,Online,Completed
32dcd7d8-dbfb-4405-a642-dad936fb86d3,00d7ae70-0f46-4453-963c-4ab2a3d29314,2024-01-01T10:16,3,81.99,Cash,Pending
f53afdcc-0a0b-4c5b-9668-e5204007f0f8,e85d0261-2d97-4475-a749-363ec9040a74,2025-07-10T10:16,6,61.92,Online,Pending
e7daa081-8e05-42db-859a-d5b04eaaf374,f90cf3ca-e2d0-4129-bc7a-e8a2b80880da,2025-04-27T10:16,1,28.93,Card,Pending
6b65b266-1ab5-489e-8456-7c38343cd93f,c1a09d60-c9e8-4489-a68e-e01b51541d33,2023-12-21T10:16,4,53.40,Cash,Cancelled
dff772b0-9990-4e22-a2f3-7342d4ecddb9,aac35608-9499-49c5-811a-a059e773c968,2024-12-08T10:16,3,45.45,Cash,Completed
20fdaaed-d59b-4c71-a47f-72be3c228ee5,56a75a3e-a944-4147-8cba-f1024726993f,2025-02-01T10:16,5,132.20,Online,Cancelled
ef3bba78-d972-42ef-8632-e43d5a12bce4,c46351bf-193f-49af-a5d6-456188837c3d,2024-11-24T10:16,7,120.89,Online,Pending
91aa6438-a6c2-41d3-b95d-0fdba86e221a,39cb44e2-a541-4b98-bc0b-db5f31cf8710,2025-03-22T10:16,6,59.22,Online,Cancelled
34b823ac-dc11-4737-9a9d-f21c4548b6a6,9c53f3f8-5b22-4d77-bd76-cfa6c70e443c,2024-02-04T10:16,3,77.58,Cash,Pending
dfc4eb3e-5cbf-4ee2-8829-0cd53040b605,a5ffc907-be77-43e6-8694-4a0bf09bd3fb,2023-12-22T10:16,3,73.23,Cash,Cancelled
978e26a8-bfa1-4060-b105-a8b3d45eb9aa,5eb75bc0-d5fa-4209-9d42-7767f3f0585b,2025-05-31T10:16,8,157.84,Online,Completed
b2e19436-a5f3-4d85-b12d-276d4b8b5004,205ea7f7-e714-45b8-a083-11247ff702a1,2025-05-13T10:16,3,56.52,Card,Cancelled
7690ece2-1b61-4261-9a84-bc72181cffb7,941529ef-2114-4bff-907a-4596ff4593a1,2024-02-28T10:16,3,81.57,Card,Cancelled
89f4ba72-cea6-4b9d-9651-938073fcea5b,f90cf3ca-e2d0-4129-bc7a-e8a2b80880da,2024-09-29T10:16,5,102.80,Card,Pending
807673fa-e19a-45ad-90d0-1dbbe35dea8f,10b26c2d-7d56-4175-84a8-a2775e128a9d,2024-06-23T10:16,8,167.36,Online,Completed
40063857-2fa3-4be6-8606-337fdc1a56ab,4bb2d776-14c0-4ef6-b8ba-c580cbed72b8,2025-09-21T10:16,9,191.16,Card,Cancelled
2a38c10e-28e2-4c58-a8be-b041e67cc7a3,7169ef0c-f2c8-4ae3-83f6-87691664d2d2,2024-09-15T10:16,3,85.29,Online,Pending
1af2b04d-b5fe-4cd2-ac2d-8a7a3dab76c9,e7991221-0de0-4ef8-aa9c-ca3b59197059,2024-12-04T10:16,7,132.16,Card,Cancelled
9b6b0d79-5b39-4513-b256-31e494e14aa2,b04ce307-2d1f-4214-b023-d8f4379041a1,2025-05-27T10:16,8,114.72,Online,Pending
68c9b13b-6e01-4872-ab02-ecc68e632f0c,fbe227d7-6d32-4407-9783-7fdac983e55f,2024-01-07T10:16,6,177.36,Card,Pending
bbed3368-641b-4984-8c16-1ddbd77de5da,824998a2-7592-4051-ab0b-d5e12743c93b,2024-10-11T10:16,6,137.52,Card,Cancelled
c21ceaea-ce15-4357-8dea-9a48e3ef9af0,c0d74d86-5c5b-481d-b8e3-61eeb9c77255,2024-01-15T10:16,7,89.11,Cash,Pending
90c21844-2656-4681-9298-a6a846eb5995,401a6911-a31e-4892-adc1-56e3e1eb090a,2024-02-11T10:16,1,9.21,Online,Completed
af51ed89-0e4d-4670-b5eb-425e8050fe63,0a5bd884-b432-4ce5-b14e-44b4aedd4c0f,2024-05-17T10:16,2,48.08,Online,Pending
ac2a8359-0053-421a-871c-1fa347faa5fe,8113211c-bdc3-4bb0-94d9-3fd3871f3005,2025-05-18T10:16,3,67.47,Card,Cancelled
280dc4b8-5040-430d-8c8f-530f42c7b116,bb6ceda0-3f7a-4dfa-9862-41a88dd468b2,2025-05-21T10:16,7,163.17,Cash,Cancelled
0cddae4e-d170-4fa0-8b81-7096ed8d430b,b014b56e-3263-4b63-8430-46e00bc5ea77,2025-03-24T10:16,6,111.60,Online,Cancelled
25f2e74d-b19e-4fbb-99b6-1300b5e08a87,6945f6f4-b8f9-4d04-90ff-e59ed705578e,2025-02-11T10:16,2,36.20,Cash,Cancelled
121bd30c-2ea3-4107-a87f-27314d98c262,60cd80b6-3967-4dae-b4df-adc7b5644971,2025-08-26T10:16,7,94.29,Cash,Cancelled
dcaf2c67-bf40-4c96-b443-6907d0da6bd9,935ebde1-5945-4673-886e-1a7a12cc2d4e,2025-11-07T10:16,9,89.82,Card,Completed
624f0e79-178a-4462-8c15-9265aadc788a,d5eaf6a7-76cc-48ec-98d9-ba713e2df70f,2024-05-14T10:16,5,36.40,Online,Completed
2cd9b918-fe3a-4974-9ec0-41bca39785cf,02c65c06-56ad-4670-b8e2-10ab417c7154,2024-09-13T10:16,8,72.88,Cash,Pending
35609859-6191-4c34-8fd9-418e17c569cd,983d66ae-c8b0-46b8-8abc-26a1055cf729,2025-10-12T10:16,9,74.52,Card,Pending
0682c78b-35cd-4cfc-9923-e1adbcd7883c,a938df5f-7764-459c-8bfd-90409d16b3c6,2024-04-11T10:16,5,116.50,Online,Completed
2c7e9c8f-b335-4135-93ce-1ae98b9756cd,0472ca7f-b133-4710-8f43-24a3c6c1afd1,2024-08-11T10:16,2,33.12,Card,Cancelled
54094f3e-5da3-4dcc-906f-1d551fb4df88,1407e9cf-22c9-4137-a2fe-cc12dc038235,2024-11-26T10:16,9,150.30,Card,Completed
10272d1b-975d-4bfc-a736-76ee20e8928e,05ccd8a5-ea5f-4353-bd1e-3022152b0685,2024-05-27T10:16,1,14.08,Cash,Cancelled
84a07fe8-96f3-430f-8802-3054afea56f8,a938df5f-7764-459c-8bfd-90409d16b3c6,2025-07-09T10:16,4,50.84,Cash,Pending
3f26567b-7b7a-4840-b174-eb603a40d893,3befa4dc-d961-4a3a-9410-d43d1bdaa335,2025-07-15T10:16,6,116.16,Online,Completed
830c0b44-fe24-43f8-83af-e90d46b8a1c9,941529ef-2114-4bff-907a-4596ff4593a1,2025-01-08T10:16,3,40.26,Cash,Pending
35d5e440-7531-4ce4-9009-f7eff92f96f4,5f6e51da-5f01-4c9a-85dd-7d50ef37e5d7,2024-03-18T10:16,5,95.85,Cash,Pending
a2689d05-6ae9-404b-859b-819bd14bc56c,ecf1ffb0-ac00-4968-87ea-8beef4ace55a,2025-01-29T10:16,5,108.85,Cash,Pending
0c478385-1392-44c1-b34b-af2fa1184b1d,9b9edd1e-b4f7-414c-b8b5-a3dc51fa0a8c,2025-04-09T10:16,2,35.10,Card,Cancelled
8b51e47c-e017-427a-87af-f6c15e0c3b00,ebbc7df0-770d-44f8-b0ff-c62f9006e40e,2024-02-17T10:16,3,89.97,Cash,Pending
35d298d7-16b9-46b6-bb11-74e27321aeab,d6d4ef4b-0870-48aa-b884-013237f255f4,2024-03-25T10:16,3,36.18,Card,Cancelled
0e6126e1-fc84-403a-9fdb-83e00e6b84d5,000f9c8f-2fc7-4346-844d-c04f10751265,2024-06-20T10:16,9,265.95,Online,Completed
f7fc17d5-9752-488e-a58c-473e95c03302,6b1178fc-1745-401d-88da-3903c243ebe9,2025-01-19T10:16,8,49.76,Cash,Pending
278b2ab3-9270-475f-ba32-3a3cceb5a33a,1eeb9c5f-5b7a-47af-b4f1-5a50d9d1089c,2024-07-05T10:16,9,208.44,Online,Pending
e3352c65-dd88-406e-bb8a-b5efc5ced0e1,d3f641e5-b8b5-4f5f-9155-7768df2033e8,2023-12-17T10:16,3,47.73,Cash,Completed
b9a9ecaa-9eed-44b6-b947-df917572c651,63846b60-b7be-4087-ac6e-56c9bc130a20,2024-03-21T10:16,8,206.24,Online,Pending
b84a25eb-ac2e-40bb-890a-e6203a1e713e,9b9edd1e-b4f7-414c-b8b5-a3dc51fa0a8c,2024-01-19T10:16,5,91.60,Online,Cancelled
beeb3714-5a95-4d24-8ce4-0cb50232a1db,f90cf3ca-e2d0-4129-bc7a-e8a2b80880da,2024-07-12T10:16,7,190.05,Online,Pending
98f41378-9d64-4563-82ae-cfe34825a122,f067e21d-d1d4-4e87-9cae-9753f5f9ccb6,2025-06-09T10:16,5,120.15,Online,Completed
cde9f458-fd22-4a54-aa50-8a3072b12640,726d71e2-70fd-4416-8568-78619c14a73a,2025-05-26T10:16,3,74.91,Online,Cancelled
87e6d213-2834-4b07-a03c-d8b5e410d387,c5817fdc-a4dc-4879-b957-30cfda62016b,2025-06-01T10:16,9,150.30,Cash,Pending
cab69721-ab1f-4c5d-9731-6ec8d653b2e0,e119f98a-df63-41dc-8e01-bb49ca2dc724,2024-03-01T10:16,7,116.48,Card,Pending
de7c3250-f3eb-4d61-af90-7592fd3f1aa5,209e786b-2a61-4e52-a3b2-1cc98bcbf18c,2024-03-26T10:16,4,69.04,Online,Completed
ddeaa118-66a1-4309-bd76-44fd5d197b23,1407e9cf-22c9-4137-a2fe-cc12dc038235,2025-10-12T10:16,3,17.28,Card,Completed
7978c8af-8d50-4b92-b35d-cff002b4b5fc,e12c3d24-86c8-474f-b86b-370df36adbfe,2025-01-22T10:16,1,13.43,Cash,Completed
d1557d8a-76d9-4ea2-966f-8b16458fe1ac,d5cfb1a3-ce2f-4aff-ab4c-50e0c5426af1,2024-07-13T10:16,1,19.04,Card,Pending
81cbc635-df95-4ff1-836e-a342aa9701d1,050d9901-1cb5-413a-9c31-282028f863c1,2025-09-29T10:16,1,16.38,Online,Completed
7ef99d03-b765-4f7f-8fed-41c064525ac6,910b1d47-5c37-48b1-8bde-96c60660f1d7,2024-03-08T10:16,5,131.70,Cash,Completed
0df555c7-7ce1-4042-9e62-f54e39d86d21,7a18d550-38d0-40b2-84a7-547162e7e409,2025-06-18T10:16,7,106.68,Cash,Pending
5abc7035-fe31-426a-beef-a7028b64a630,9b9edd1e-b4f7-414c-b8b5-a3dc51fa0a8c,2025-05-01T10:16,9,144.45,Online,Cancelled
17e3f044-4c1a-4fc8-b31b-70082ad19636,3dcaabe3-78c9-4d88-bed5-56ca7ceea07c,2024-08-11T10:16,7,131.67,Online,Pending
bd7f07e9-71da-4f5e-bb89-992ab66a12c0,ba5d9947-b043-4aca-8ee0-6b77895cf8e8,2025-03-21T10:16,2,29.92,Card,Completed
c1b2686c-ba33-4352-a861-79a62d7c8fb0,1407e9cf-22c9-4137-a2fe-cc12dc038235,2025-01-29T10:16,1,9.17,Cash,Cancelled
65777788-2dd1-4df3-adb4-3eb4927f67fa,98b17fed-218c-4f20-8410-9f0edfc74455,2024-01-16T10:16,9,267.21,Card,Pending
aa83dc44-a6ce-46b2-b708-a8edce8fe42b,3ab3404a-ee80-4ed2-8d90-a6f0dad14e48,2024-11-12T10:16,6,153.24,Online,Cancelled
77134e93-95d3-4657-85f9-4f112a84087b,058b9c75-b72f-4594-80d2-e41194ff7672,2024-10-02T10:16,9,210.87,Cash,Cancelled
3c776c2f-58a9-4e6e-9fae-242249ce6d6c,14eace30-1ac2-411e-8eef-98e8f32a87fb,2024-08-05T10:16,9,179.82,Card,Pending
924950dc-48f1-4154-80ee-ceaca0dd9800,0a5bd884-b432-4ce5-b14e-44b4aedd4c0f,2025-08-09T10:16,4,108.24,Card,Completed
3a4daed0-0dc8-4b5d-a0fb-c049b4448b2f,a190f67b-21df-46bc-8164-46bdfa00af85,2024-05-24T10:16,6,112.68,Card,Completed
67f108fd-18c8-42a2-aa23-28fa48a7e581,ef7fad1f-a86f-4ee1-95b4-ce1f339f0fa5,2024-04-01T10:16,3,27.57,Online,Cancelled
dce53b75-86c2-4fbe-ac63-6bb741e261e3,26d032f1-9fe9-487a-987a-a8be14e1db05,2025-08-26T10:16,4,107.52,Cash,Pending
d874b8e5-b3eb-40cd-90e3-8cfec1240528,c3ffc43c-0c11-40fa-9824-f234161741d0,2025-02-12T10:16,7,126.21,Card,Cancelled
4a0dc23e-03a7-406f-8105-b404663f33b5,c5817fdc-a4dc-4879-b957-30cfda62016b,2024-04-16T10:16,1,16.95,Card,Cancelled
13ff2d77-5ab8-488f-83b0-73123217b000,e85d0261-2d97-4475-a749-363ec9040a74,2024-05-28T10:16,3,68.91,Card,Completed
91160261-3660-4781-b1ab-cd243af220c3,5f0f3def-9ff6-4282-ad04-001c4a769966,2024-04-04T10:16,1,10.58,Card,Completed
e1ec0aad-94b6-413d-a048-db1f09419309,0a15d43b-8f6b-444a-bef2-ffbddfdbd16f,2024-03-17T10:16,8,80.80,Card,Cancelled
b1f5b594-c8d9-45d7-aa59-532f4548a443,d5cfb1a3-ce2f-4aff-ab4c-50e0c5426af1,2025-08-27T10:16,2,26.42,Card,Completed
fb3a730e-acc7-4d5f-afa0-533d92dc0002,a3f626b9-cc27-4c04-8570-be79ab8bda4a,2024-10-13T10:16,9,189.63,Online,Cancelled
1f7579cf-c71b-48fa-b306-97ab4f4be82d,b3688304-b24b-416a-9bf4-c2b6aaeb59d3,2024-05-19T10:16,8,165.52,Cash,Cancelled
d61ef182-b6f8-4acf-a1cd-b3081172b30b,caad7924-4bc5-4f85-9662-11ca261e3c87,2025-11-07T10:16,6,123.60,Cash,Pending
6b874a21-cf52-49b7-9e84-f371924c9ec3,0fcf4084-ea31-49f8-99f9-9bf8c8b0c16b,2024-07-21T10:16,4,53.48,Online,Cancelled
cfd71ba0-63f4-457a-abee-0fc7af79f73d,1407e9cf-22c9-4137-a2fe-cc12dc038235,2025-05-13T10:16,3,76.86,Cash,Cancelled
5fa9edd3-3697-453c-95c9-cf34c49657f4,c9dcc28a-ae5f-477c-ae7e-72d94129f449,2025-08-09T10:16,4,20.88,Card,Pending
1a4c41f7-29b8-4028-b54a-7eb082d0d931,e886c155-0dae-4b36-88f5-a86fa474d1f6,2025-07-18T10:16,8,182.48,Card,Pending
7a5ef2af-5472-4382-8c91-57e5732be818,74e76582-f1b8-4560-b049-8aebb59d4721,2024-01-01T10:16,4,79.56,Card,Pending
66e7577b-94b2-47dd-9deb-c32cda954c10,0b2a0e9a-e050-4380-b607-57adcbbf59d4,2024-09-23T10:16,9,168.75,Online,Pending
c13cecf8-7058-4925-8393-ad496be1f606,e12c3d24-86c8-474f-b86b-370df36adbfe,2024-09-21T10:16,1,7.50,Cash,Pending
0b2cfa99-a698-4c7a-9688-fc283c1f00b5,9b9edd1e-b4f7-414c-b8b5-a3dc51fa0a8c,2025-02-15T10:16,7,129.78,Online,Pending
9fec2747-6a5c-4fad-9f9f-3afb0dcec328,d6d4ef4b-0870-48aa-b884-013237f255f4,2024-03-30T10:16,9,50.94,Card,Cancelled
43c245ff-0801-4e15-9741-72b73d127e26,0a15d43b-8f6b-444a-bef2-ffbddfdbd16f,2023-12-11T10:16,8,168.72,Online,Completed
e23bc207-84b9-4af0-86f2-e949a6e68cb6,103fcba5-5588-45a5-9fe0-6ac948d3860e,2024-11-22T10:16,6,104.94,Online,Completed
155966c1-dc95-4a18-bdc6-d738bdd7f0ef,e277d099-db2a-4aee-ab86-8b0e73a34383,2025-08-27T10:16,4,96.00,Online,Completed
c11ca61e-bf03-4253-bcba-585277ca7f6a,e7991221-0de0-4ef8-aa9c-ca3b59197059,2025-07-08T10:16,5,68.25,Card,Cancelled
1eda650e-2366-43ed-b9e8-2e9bd1f3f798,5eb75bc0-d5fa-4209-9d42-7767f3f0585b,2025-03-12T10:16,9,149.94,Cash,Pending
0e49e5d1-a054-49f5-8700-32e92487b521,e6cb1215-5314-4d05-bfd1-f6e5d36e89f7,2024-01-25T10:16,3,40.02,Cash,Pending
b3774ead-1a13-4bd8-b626-7a92e19af9c9,485b65e7-fdf4-474d-afba-37986d8d3cd8,2025-03-06T10:16,7,54.60,Cash,Completed
c821fbcf-a811-447d-ba73-f5c23438e18f,25659c0e-6eb5-4c57-add8-fb6ac5f42699,2025-04-04T10:16,4,22.16,Cash,Pending
5aa9aab7-7c09-4aa3-9407-bc1fe47dbe2d,25659c0e-6eb5-4c57-add8-fb6ac5f42699,2025-01-28T10:16,1,24.72,Online,Completed
36c90f39-eeb6-48dc-92ca-f31ad8383502,4f6ae324-5b6d-47d6-a86d-26ec6fbe1e0e,2025-05-31T10:16,9,105.57,Cash,Cancelled
667a82d6-35ca-4bb1-b3f7-910a627ab3ac,ff4db0d8-e809-46e8-9ae0-78ffee4902d9,2023-11-20T10:16,1,11.08,Cash,Completed
cdfaeb5a-179c-437b-a9a7-5cf94fa11e8c,9305d562-2505-493d-8ed8-3fb721c8f491,2023-11-27T10:16,1,7.10,Card,Cancelled
1b05525c-444f-4ec5-b3bc-3d9c69cfbb0e,0df3bae1-6384-4856-aa27-aef9f6c48b75,2024-12-23T10:16,6,179.76,Online,Completed
9516c259-84a5-4522-8b7c-b976e9598e40,0a15d43b-8f6b-444a-bef2-ffbddfdbd16f,2025-10-12T10:16,7,37.10,Card,Cancelled
4f8ce0b4-0083-4123-a625-7c5b7d5db7ef,caca465c-e9f2-4add-91b5-24c70595e321,2024-05-08T10:16,7,140.00,Cash,Cancelled
82e7442d-b3ce-4359-838b-077cf081da4c,9b9edd1e-b4f7-414c-b8b5-a3dc51fa0a8c,2024-01-18T10:16,6,69.66,Card,Completed
0da5985f-6f1a-4af4-ac33-495b905ab763,205ea7f7-e714-45b8-a083-11247ff702a1,2025-05-05T10:16,4,24.80,Cash,Pending
2c3f5df4-7188-4d09-8a5b-6b63b2f6e43d,7509850a-5062-4da9-aad6-bc5b9e363ef1,2025-02-27T10:16,7,201.60,Cash,Pending
9b2d27ec-4199-46e2-99f9-ad1f8b9345db,7509850a-5062-4da9-aad6-bc5b9e363ef1,2025-05-16T10:16,5,124.35,Online,Pending
d8bfee42-63ee-4b6b-9431-ffa6d31cace4,e6cb1215-5314-4d05-bfd1-f6e5d36e89f7,2024-08-26T10:16,7,99.12,Online,Completed
fa0c25b5-c3cb-4ca5-87a3-90d7792aa2ae,2c6dafc9-06cc-4b3d-8b8d-12aae0644c58,2025-04-26T10:16,6,153.24,Online,Pending
ebb3a38a-3e9c-47b7-95be-7c95e07fd523,68169a66-a8d4-4763-914e-7befc826445b,2024-10-25T10:16,2,53.56,Card,Cancelled
d1518ae3-f57a-4497-8c45-2055ae292796,8f7f530b-bb30-4a05-b437-744ed30af54f,2023-12-31T10:16,3,84.45,Cash,Cancelled
0c1bc4af-9848-497b-9f12-678e205f3dae,9305d562-2505-493d-8ed8-3fb721c8f491,2025-07-22T10:16,3,34.68,Card,Cancelled
9ee97e39-c4ae-4b1b-9318-7b2aa2c80d63,bf0de251-90d7-423c-8b31-48df1a89964f,2025-08-13T10:16,4,47.84,Cash,Cancelled
267979b2-b9b5-43d5-a7f8-2f69f4006897,14eace30-1ac2-411e-8eef-98e8f32a87fb,2024-01-12T10:16,4,115.88,Card,Completed
8a624079-e91e-4d50-9df8-d41306ee8c5b,5f0f3def-9ff6-4282-ad04-001c4a769966,2023-12-14T10:16,5,114.60,Cash,Completed
33edf940-742e-4d3c-a892-97a515c327f4,ada8704c-2784-4d70-84da-10078407d2c8,2025-05-04T10:16,1,14.45,Online,Cancelled
969cd539-4589-4e44-9d3f-515377029fc9,ceafdb2a-788d-48e0-acdd-bd533a2e7ab6,2023-12-02T10:16,4,79.40,Card,Cancelled
c7512860-88d7-4110-823e-9cf8e10c5a02,2ca088cd-c6c6-4e60-a1a4-d2990ee21b12,2024-06-22T10:16,8,86.56,Cash,Pending
c772137a-45ea-4d99-a460-420f0a8b0fb2,e7991221-0de0-4ef8-aa9c-ca3b59197059,2024-07-28T10:16,9,230.04,Card,Pending
355e4b1f-ba7d-4261-9cbf-9bdafebd861c,6f61ca8e-51a1-48e0-abfa-88326e713e34,2025-08-14T10:16,1,9.50,Card,Pending
20442d13-1227-453f-8814-30c5c84e5017,27e45431-1333-4ffd-a0c8-be56ffdc5d4e,2025-04-17T10:16,6,49.68,Online,Completed
b8ac6e0f-ecf9-4888-bdcc-69a1e00548d4,d3f641e5-b8b5-4f5f-9155-7768df2033e8,2025-07-03T10:16,2,39.44,Cash,Completed
d10f15b6-19cd-4ab6-87c4-734e2ad2a2d2,9b9edd1e-b4f7-414c-b8b5-a3dc51fa0a8c,2024-09-24T10:16,1,20.49,Card,Completed
9872e59b-b987-4f81-aaf0-af254bc00fc2,68169a66-a8d4-4763-914e-7befc826445b,2025-07-19T10:16,5,99.95,Online,Cancelled
4f42fd0d-c173-4b1b-99f6-bc6cb8b67661,103fcba5-5588-45a5-9fe0-6ac948d3860e,2024-11-18T10:16,7,59.08,Cash,Cancelled
e5a2ffad-adc2-4722-8109-bc1d901c16fb,953417c6-cd52-45e9-9ca0-bb450653c934,2024-03-13T10:16,3,36.51,Card,Cancelled
1bb49021-b804-42f0-91ed-89fb8a1f95cd,000f9c8f-2fc7-4346-844d-c04f10751265,2023-12-08T10:16,6,85.44,Online,Cancelled
d1733a88-857a-42b9-b97f-1ed46cf53bd7,7d2df59f-386d-4aec-85a8-2443262a0cb4,2025-01-12T10:16,5,119.85,Online,Completed
639e4ede-d5e7-4496-8355-8f0c5123b89b,935ebde1-5945-4673-886e-1a7a12cc2d4e,2023-12-10T10:16,6,132.06,Card,Completed
7fdaafe9-fc15-4897-a84c-e8c0df87c68a,7169ef0c-f2c8-4ae3-83f6-87691664d2d2,2024-06-07T10:16,7,194.53,Card,Pending
59801bf8-c9ff-4a3e-8197-7afa955fcdd6,5400d214-6176-40bf-88d2-3f53ed38bf69,2025-10-20T10:16,9,240.93,Card,Completed
b18a1394-74c6-44ad-ab75-965834a387dc,3e97fc93-73a7-45e0-9888-f7a03ee258a7,2024-04-19T10:16,7,41.23,Online,Completed
55de05d6-6075-4e10-ad09-fabdfd5c09f8,b03f75c1-655f-4480-a2bf-1a0af806e96e,2024-02-11T10:16,3,24.21,Online,Cancelled
bea980a1-a2dd-4859-84a0-928360f0a64c,8e1bbe6c-7b75-46dc-8ca1-0b1664cd6ae4,2025-07-08T10:16,1,23.08,Online,Pending
3be368c5-2c09-49bc-80fc-b6ec4a8c4594,0a5a9fc7-e126-48f0-99aa-dea85c606f66,2024-05-11T10:16,1,29.14,Card,Completed
8aba2dad-685f-4a35-9263-e7e3614c00a2,60cd80b6-3967-4dae-b4df-adc7b5644971,2024-12-26T10:16,8,181.12,Online,Cancelled
28db83e6-7912-4ffa-b19a-382e5e346d6f,e277d099-db2a-4aee-ab86-8b0e73a34383,2025-08-07T10:16,9,262.71,Cash,Pending
a31f1f23-50b2-4bba-86fb-123774ad0674,8626238e-5813-415a-9a8c-db944b1e0269,2024-12-21T10:16,9,117.54,Online,Completed
29ae0bf0-7d1c-45e5-8c2b-bd7184de64ab,cd50913f-8c99-4253-9134-0cf5fe5f300f,2025-11-06T10:16,7,87.50,Online,Cancelled
e0d2fb96-ee30-4856-af1d-8526170026a0,8e1bbe6c-7b75-46dc-8ca1-0b1664cd6ae4,2024-07-30T10:16,1,29.62,Card,Pending
c9341c2b-1b69-4773-b822-90d8cea2d418,9b9edd1e-b4f7-414c-b8b5-a3dc51fa0a8c,2024-07-14T10:16,3,75.84,Cash,Cancelled
4d051813-281b-49c4-bf88-b4bd35a48639,0df3bae1-6384-4856-aa27-aef9f6c48b75,2024-03-20T10:16,9,186.03,Cash,Completed
50b228fb-3875-46d9-8582-0774914dd5fc,59827b2a-ae17-44b1-bd6f-6f08718559cb,2024-04-26T10:16,8,65.36,Cash,Cancelled
f7d48ddc-b518-40d6-92e4-bfeacfa5c619,ebe19120-496a-47fa-87eb-2440212a3363,2024-12-03T10:16,4,84.80,Cash,Pending
540d6372-19a0-43f5-b4a5-217a7ac87401,0a0ac3e5-6e20-4fbc-87ec-5481c70e38bc,2025-04-29T10:16,8,123.44,Online,Cancelled
f626553b-069e-41fc-a739-3eb67e2bf258,c0d74d86-5c5b-481d-b8e3-61eeb9c77255,2025-11-07T10:16,6,35.94,Card,Pending
d1f6ebf9-d9cd-4e0c-8ccd-57a7a83bacfc,a302a1a8-c429-406f-abff-9f273aa0a4b5,2025-06-01T10:16,1,9.59,Online,Completed
7cf56541-d95a-42b0-9470-09961127ffef,90f0db1e-2b19-43f7-ba17-233c7c214eca,2025-03-11T10:16,3,85.83,Cash,Completed
a9b2c387-6a55-4823-8881-f02181bcad5a,b0d737cd-ec4b-4a88-aa81-d012ef3fb719,2024-03-09T10:16,5,47.30,Card,Completed
b130eaab-c648-4d68-a170-4e09eabb4f05,a5ffc907-be77-43e6-8694-4a0bf09bd3fb,2024-11-06T10:16,2,20.50,Card,Pending
61284715-8f39-4a4a-9497-2a756d8b62a1,cd50913f-8c99-4253-9134-0cf5fe5f300f,2025-01-17T10:16,4,77.60,Card,Completed
6640ffd9-b966-497a-b54e-66bfe83f688c,ceafdb2a-788d-48e0-acdd-bd533a2e7ab6,2025-09-06T10:16,9,216.81,Cash,Cancelled
6e99c32a-3948-46e9-b934-f494f2393d85,a3f626b9-cc27-4c04-8570-be79ab8bda4a,2025-03-12T10:16,4,115.48,Cash,Cancelled
508ecb66-74ca-4f6c-9ca7-1000a1f6eadf,941529ef-2114-4bff-907a-4596ff4593a1,2025-07-09T10:16,2,10.60,Online,Cancelled
86ab8bf1-8dc6-49ab-9b74-ad537c7e9cc5,d7af10ce-45c9-4fc8-8dd8-b1c5491aad5f,2024-12-19T10:16,5,65.45,Online,Cancelled
929883bf-d077-4100-8bf8-be94cb080d99,bb6ceda0-3f7a-4dfa-9862-41a88dd468b2,2024-04-19T10:16,8,228.08,Online,Completed
06fe1d01-22c1-4875-978b-47ce0b6a2f72,98b17fed-218c-4f20-8410-9f0edfc74455,2024-01-28T10:16,3,16.11,Card,Cancelled
bfaf1ab3-704e-4c10-bd1e-8d0b1d9fa89f,63846b60-b7be-4087-ac6e-56c9bc130a20,2025-04-07T10:16,9,262.98,Cash,Pending
0951070f-42dc-4450-a976-2f53bd451850,0e0d5f13-edd5-4ab0-9ddd-3df111bedc5a,2024-08-26T10:16,3,78.24,Card,Cancelled
d19c6e9e-c9c4-4141-ad23-02352c49b25a,401a6911-a31e-4892-adc1-56e3e1eb090a,2024-06-04T10:16,5,128.25,Cash,Pending
ab4b5b23-a532-4f0e-90ba-53577e7a77e6,cb8747c7-32ca-4b6b-868d-13ab01d953ec,2024-03-19T10:16,7,127.33,Card,Cancelled
845517e1-8f12-4efd-8126-9553579b87e3,b03f75c1-655f-4480-a2bf-1a0af806e96e,2024-03-26T10:16,8,193.12,Online,Cancelled
332136c6-686d-4bd3-9dcb-6aa767ab33a9,8250871a-2b35-424e-a1a1-4eb4faffabfb,2024-11-25T10:16,4,24.12,Online,Pending
1216be98-6cbc-4fc1-8fb6-ce8c3195d1a0,c0d74d86-5c5b-481d-b8e3-61eeb9c77255,2025-10-12T10:16,1,14.04,Cash,Completed
94376c6d-005d-4f44-b432-cc554e8bbf15,795088d7-d227-422e-ad8c-f048bde0675e,2025-05-11T10:16,9,111.06,Card,Pending
6876e215-fae3-48dc-adbe-fe5fdccd48f5,6e6d2c67-f7fb-4a98-8f9a-4822259b25c4,2025-10-09T10:16,8,77.20,Cash,Cancelled
fd57b537-6f3c-4466-8486-0f11fc3df25e,ff4db0d8-e809-46e8-9ae0-78ffee4902d9,2025-02-18T10:16,6,44.70,Online,Cancelled
78ce7701-c46a-435b-864e-e30ec6ed6735,ebe19120-496a-47fa-87eb-2440212a3363,2024-05-17T10:16,1,20.53,Cash,Cancelled
31f95b4f-60a5-455f-bc8d-20a6bc6fa114,0472ca7f-b133-4710-8f43-24a3c6c1afd1,2025-06-02T10:16,1,18.74,Cash,Cancelled
96308b1a-fd0a-43b5-9b3e-66261a6b4aa3,fdb5454e-2230-489e-ade4-9218ff28cbd8,2024-02-03T10:16,1,20.25,Card,Pending
7ad982ab-ee13-40c0-80fd-94dbe67c3397,caca465c-e9f2-4add-91b5-24c70595e321,2025-07-27T10:16,8,67.04,Card,Cancelled
df613dc3-f1a7-4814-b981-7802808ee789,fbe227d7-6d32-4407-9783-7fdac983e55f,2024-06-10T10:16,7,83.44,Cash,Completed
5226826c-7634-4c00-97c9-ed18c7875389,6117b6f0-c4f4-4bf1-9eeb-f33950decba8,2024-03-12T10:16,6,76.26,Cash,Pending
3f107c85-10cc-4401-976b-712817beebd6,205ea7f7-e714-45b8-a083-11247ff702a1,2024-05-10T10:16,1,15.32,Card,Completed
5479c0fb-d006-4a28-9a18-4dcba5a3f0a3,46032f36-69bc-465a-9b33-a5d560bfd77a,2025-05-23T10:16,4,34.84,Online,Cancelled
77a775ed-cacf-4f59-be8c-fdc891975dbf,8250871a-2b35-424e-a1a1-4eb4faffabfb,2024-01-26T10:16,2,34.70,Online,Cancelled
e577a920-b38b-499c-b90e-8681ddace294,ef7fad1f-a86f-4ee1-95b4-ce1f339f0fa5,2024-08-07T10:16,2,40.06,Online,Completed
359d5cef-201b-4da4-a10e-f4858575a666,964d337f-acd5-4ca2-8843-9be3f2eb60fc,2025-07-29T10:16,1,14.04,Card,Cancelled
db5552a1-7a1a-4eb1-9a43-61862c815c21,fe624323-ba72-456d-9842-ed9e0edc75df,2025-04-17T10:16,7,86.73,Cash,Pending
0ba8f457-87b3-4a8e-b692-c71e04dbc021,d5eaf6a7-76cc-48ec-98d9-ba713e2df70f,2025-11-02T10:16,3,28.92,Card,Completed
6a5eb322-a2f7-42de-8f7b-6087787b3a33,0130fcd4-a6cf-4a72-8400-7bcae1abce34,2024-04-26T10:16,7,161.56,Cash,Completed
db4cee46-0f21-4188-a360-3c91740b66bb,6117b6f0-c4f4-4bf1-9eeb-f33950decba8,2025-01-11T10:16,1,19.46,Online,Completed
23ddb466-3a27-4ac2-84d4-0426f7e90ad9,ceafdb2a-788d-48e0-acdd-bd533a2e7ab6,2025-04-25T10:16,1,16.66,Online,Cancelled
cad5f45f-afc5-430f-b291-a3e4306b47d1,1233cc27-7567-48e0-8dd2-6b0019506c2f,2024-12-14T10:16,2,19.72,Online,Pending
9e822426-c308-4695-b98b-630d58b9b82e,9b9edd1e-b4f7-414c-b8b5-a3dc51fa0a8c,2025-06-18T10:16,3,50.25,Online,Completed
e98a57f8-eb42-40e5-8144-8360d871d1a1,e85d0261-2d97-4475-a749-363ec9040a74,2024-03-01T10:16,2,26.48,Online,Pending
a85f8b95-8aa5-4bdf-8456-37456d13e883,b014b56e-3263-4b63-8430-46e00bc5ea77,2025-02-13T10:16,9,76.86,Online,Cancelled
bf2ef2f5-cedb-403c-8ada-c1ad1178ae46,53db1213-7316-47bb-9099-c1def0e3c96b,2024-04-27T10:16,5,53.05,Online,Cancelled
8476a775-e217-4f52-a460-c866e8d6b44f,1a31c678-d420-495a-aff3-0f1609514e1e,2024-12-24T10:16,4,101.04,Online,Pending
471d5637-58b3-4174-9c68-d5b8160bf947,c46351bf-193f-49af-a5d6-456188837c3d,2024-07-04T10:16,8,194.24,Cash,Completed
dc6bac30-d442-4eb4-8800-34baf84880a1,4739f27f-7a96-4d52-83ae-0c6fd4c8c606,2024-03-18T10:16,5,119.80,Online,Cancelled
9ecb8b66-468e-49b6-81ac-e9dc7e32f75c,f6c35464-33dd-44a7-bf84-071f2e427045,2024-12-01T10:16,3,29.13,Cash,Pending
6126e39b-a9fa-4420-8c42-d8cd1dc10cb3,21edfc22-3f73-4335-a774-3cf78ab65e86,2024-11-01T10:16,4,56.12,Cash,Completed
5b7d0a25-15e9-40b4-aaa6-ae5e8e11550b,6f61ca8e-51a1-48e0-abfa-88326e713e34,2024-01-09T10:16,6,140.34,Card,Completed
888c10b1-7355-4e9e-b666-4bdcfc56b3f9,a938df5f-7764-459c-8bfd-90409d16b3c6,2023-12-25T10:16,5,140.00,Cash,Completed
65b21011-1e33-4937-bf0c-7058f7247d17,3910ab11-8758-4a4f-8a9b-c4f5df7413c4,2024-08-01T10:16,8,48.00,Cash,Cancelled
02bbc83d-7c4e-4ee1-ad9c-316f24b2b8d2,74e76582-f1b8-4560-b049-8aebb59d4721,2024-11-14T10:16,6,142.32,Online,Completed
60d57160-f41b-4338-9e11-2ad3af4ac53c,d5cfb1a3-ce2f-4aff-ab4c-50e0c5426af1,2025-04-23T10:16,4,65.28,Online,Completed
23406bc4-d949-45a8-b378-c200a180d604,39cb44e2-a541-4b98-bc0b-db5f31cf8710,2025-06-03T10:16,8,230.32,Cash,Pending
a192333b-1362-481d-8549-3a5863d3b04e,5f6e51da-5f01-4c9a-85dd-7d50ef37e5d7,2025-09-17T10:16,4,38.28,Online,Pending
7b225749-62ec-459a-839a-a69f5766ae8f,205ea7f7-e714-45b8-a083-11247ff702a1,2024-03-09T10:16,8,200.96,Online,Completed
37a689c3-a282-4025-9979-f49b09b2228e,9fa382f0-8393-48db-ad30-43c953282401,2024-09-10T10:16,4,20.04,Online,Completed
3b079412-42bb-4669-b82a-ffff9363304e,21edfc22-3f73-4335-a774-3cf78ab65e86,2024-04-13T10:16,9,48.24,Online,Pending
772c94a3-8e1b-4414-9b8c-65609f39fef5,4e44f26d-5455-405b-8fdb-63ab8b739ecf,2024-08-13T10:16,5,121.65,Online,Pending
bad4ca33-33bf-477f-9c89-af9865f5f5cf,5f6e51da-5f01-4c9a-85dd-7d50ef37e5d7,2024-03-26T10:16,3,83.58,Online,Completed
3f9e25cf-6b87-4b85-9f20-72c4b3bb8da4,9305d562-2505-493d-8ed8-3fb721c8f491,2025-07-13T10:16,7,198.17,Online,Cancelled
ffa94db2-9824-4237-be34-329f712e9bc0,6945f6f4-b8f9-4d04-90ff-e59ed705578e,2025-09-07T10:16,5,96.80,Card,Cancelled
c3fc40f9-1707-401e-b3da-c88f6a5ae4e0,1d32c3b3-c732-4995-aa6b-ff159deb3bdf,2025-08-06T10:16,7,176.47,Card,Completed
c79e1e03-314e-4593-82b4-3f996407741e,c1a09d60-c9e8-4489-a68e-e01b51541d33,2024-04-22T10:16,9,150.12,Card,Completed
68fbd512-80cc-4720-a5a3-9b6c9f03e594,23650eb4-f98d-45a3-a90b-a378f03d469d,2025-08-27T10:16,5,82.80,Online,Pending
de7f5908-2362-417e-9c4b-5ee131f42624,f6c35464-33dd-44a7-bf84-071f2e427045,2025-01-22T10:16,5,116.85,Cash,Pending
b759f1ba-83b0-4b1e-8c5b-7a92046024d5,c9dcc28a-ae5f-477c-ae7e-72d94129f449,2024-05-16T10:16,3,88.86,Cash,Pending
15adc23e-6e99-49f2-b886-e74b481338bb,8b115a34-224b-453c-be69-b53a7445b466,2024-11-19T10:16,7,144.20,Cash,Completed
edcbfd54-d9b2-41a2-8d5f-1b42d32e59f6,4f6ae324-5b6d-47d6-a86d-26ec6fbe1e0e,2025-05-02T10:16,7,95.62,Online,Completed
ecb42a56-7318-4f8b-8993-110d3a9bfcfc,4bb2d776-14c0-4ef6-b8ba-c580cbed72b8,2025-04-10T10:16,8,98.96,Card,Pending
86eb50d5-6dd6-448d-b3b7-bff4647c2ade,23650eb4-f98d-45a3-a90b-a378f03d469d,2025-05-06T10:16,1,9.42,Cash,Pending
82d7bebd-309c-4806-aa6b-7cfade54508e,39cb44e2-a541-4b98-bc0b-db5f31cf8710,2024-02-11T10:16,7,158.76,Online,Cancelled
13c5b9fc-309d-4998-9a10-904d46239adf,80537cf2-360f-4740-8b7e-d4cd56e22987,2025-06-14T10:16,5,28.80,Online,Completed
8464e1c5-471a-470a-a041-036e961dacc6,0472ca7f-b133-4710-8f43-24a3c6c1afd1,2025-07-25T10:16,1,14.74,Card,Cancelled
294c7843-672a-4626-a63d-54e04ceba457,1d32c3b3-c732-4995-aa6b-ff159deb3bdf,2024-03-28T10:16,6,146.58,Online,Completed
e34cac3d-debb-4053-aaa3-1d76e68f9a6b,f6c35464-33dd-44a7-bf84-071f2e427045,2024-07-17T10:16,7,176.40,Online,Pending
6dc23382-261e-4d2f-b6ab-ccd40daffc55,103fcba5-5588-45a5-9fe0-6ac948d3860e,2025-10-12T10:16,6,49.92,Card,Cancelled
10249871-996a-46dc-a619-e0dc896168ee,4b14a58c-f1e4-40b6-888d-a88cd7055099,2025-01-03T10:16,6,168.06,Online,Pending
51bfd444-6fc4-42b6-bd39-b5bd224d332e,964d337f-acd5-4ca2-8843-9be3f2eb60fc,2025-10-26T10:16,1,14.97,Cash,Cancelled
4011b44a-210a-4916-b666-cba72c0744bc,0df3bae1-6384-4856-aa27-aef9f6c48b75,2024-08-27T10:16,8,107.20,Cash,Cancelled
ff9f7d4f-1e33-4d0d-a89d-9cb21ce140ef,d3f641e5-b8b5-4f5f-9155-7768df2033e8,2025-09-14T10:16,9,66.24,Card,Completed
9d6621b1-4ba2-45a5-939c-a365ee623cf1,5f6e51da-5f01-4c9a-85dd-7d50ef37e5d7,2024-03-31T10:16,4,61.44,Online,Cancelled
0707cb27-9b74-4063-913d-f722af8000f1,910b1d47-5c37-48b1-8bde-96c60660f1d7,2024-03-20T10:16,9,255.33,Online,Cancelled
7c34077f-e118-4ef7-9cc6-6ccd03640dce,ecf1ffb0-ac00-4968-87ea-8beef4ace55a,2024-03-18T10:16,3,55.20,Card,Completed
e1eaaa5f-4f7a-41e6-bfcc-b124e52664d1,1d32c3b3-c732-4995-aa6b-ff159deb3bdf,2025-04-17T10:16,4,29.80,Card,Cancelled
05c10f33-60e6-4787-9aa2-0dbd424647ee,2a109685-1399-4149-8951-fba29bb0360d,2024-03-18T10:16,7,105.07,Card,Pending
059abe29-646e-4126-91b7-e5dac2e5d9f9,bb9edfa8-17f7-4f6f-8e3b-616693a298b1,2025-11-07T10:16,6,48.42,Card,Pending
77a9dc1d-0fde-4116-88d1-13d8a9a5886c,69446e90-4237-4410-ab55-e011eb04cce0,2025-09-12T10:16,3,60.75,Card,Pending
c1684d23-84f9-43f2-a9bf-1e5605049d88,7c991f43-c18b-4404-8826-97691b0dc00c,2024-03-05T10:16,8,168.96,Cash,Cancelled
e084d203-947d-4dc6-8289-335db9015150,49af098b-bf79-4643-8e49-739ea932d38b,2025-04-11T10:16,8,99.44,Online,Completed
ff1502c1-0ba5-4a34-a5c7-08f998137dee,71f17b36-2c37-4cfa-bf8a-894fa94c0e9b,2025-03-28T10:16,8,143.84,Online,Pending
f3ebbc76-6933-4c16-b484-3e440eeeea3a,9fa382f0-8393-48db-ad30-43c953282401,2025-08-02T10:16,4,48.16,Cash,Cancelled
0c065dae-6b0e-417b-aaa9-94e70434bd5e,36b880b0-e9bd-4c0b-8f1c-32018f6c758a,2025-08-28T10:16,8,163.04,Online,Pending
474d6dd8-ee3c-4361-a99f-28b3a6da3b70,b014b56e-3263-4b63-8430-46e00bc5ea77,2025-10-30T10:16,7,91.98,Online,Cancelled
897b03ed-cb83-49f8-9c32-91597f04661d,103fcba5-5588-45a5-9fe0-6ac948d3860e,2024-11-19T10:16,3,67.80,Online,Completed
afc0fd36-66d4-4513-a1a8-d67e203cf0bf,bf0de251-90d7-423c-8b31-48df1a89964f,2024-04-21T10:16,9,55.26,Cash,Cancelled
a72aabd7-3187-4505-b4f9-829f8b6d9a7c,36b880b0-e9bd-4c0b-8f1c-32018f6c758a,2025-10-01T10:16,8,51.12,Cash,Pending
ba0aec1f-b898-49b6-9d06-494e50c02a14,a938df5f-7764-459c-8bfd-90409d16b3c6,2023-12-06T10:16,2,22.00,Cash,Pending
65040042-4b08-4ebf-8ab1-17d80686ebce,1a48aa9a-def3-481d-922a-94300aa97309,2024-06-13T10:16,2,15.48,Card,Cancelled
469a2498-7594-44c8-bb8a-644a92652544,5400d214-6176-40bf-88d2-3f53ed38bf69,2024-04-08T10:16,6,60.00,Online,Completed
0b0602e5-b4d4-4fce-81d9-f5b51347d942,fdb5454e-2230-489e-ade4-9218ff28cbd8,2024-12-30T10:16,8,93.76,Card,Completed
67c0e048-73c0-4f72-88dd-30ef0556c9f8,ef7fad1f-a86f-4ee1-95b4-ce1f339f0fa5,2025-04-09T10:16,4,32.08,Card,Pending
48d32d17-4a9c-470c-9a02-eace6c7eae4b,89d26a00-0fde-4c03-8430-b06f6bc3f33a,2025-07-01T10:16,6,146.88,Card,Cancelled
4b1d15ab-f480-48ba-8390-2675264a92b3,824998a2-7592-4051-ab0b-d5e12743c93b,2025-07-15T10:16,9,77.76,Online,Pending
fe3949d1-f50d-4f6b-baa6-c7c8c7051a36,caad7924-4bc5-4f85-9662-11ca261e3c87,2023-12-22T10:16,9,115.56,Cash,Completed
a52a3a7f-669a-44e3-8417-2f89e99d2133,0472ca7f-b133-4710-8f43-24a3c6c1afd1,2024-08-02T10:16,3,83.73,Online,Pending
e33870ab-a9d5-44fb-bd43-f910dbd21f34,7a18d550-38d0-40b2-84a7-547162e7e409,2024-10-19T10:16,2,44.30,Online,Pending
655bac9b-a461-44e0-9f25-dd5b8bc6711c,b3688304-b24b-416a-9bf4-c2b6aaeb59d3,2024-10-02T10:16,5,97.20,Card,Cancelled
c2ed40b2-5f6c-4c7b-85fa-bbe74b0a9a7c,25659c0e-6eb5-4c57-add8-fb6ac5f42699,2025-08-19T10:16,6,90.90,Card,Pending
7fd8036d-2d49-4be3-96de-26d8b6447b50,209e786b-2a61-4e52-a3b2-1cc98bcbf18c,2024-01-02T10:16,3,52.71,Card,Pending
f0e3eb74-ffaf-47c2-893c-38ea2242051f,52fbb114-83aa-432d-b2f1-f3e37a5c4754,2024-01-16T10:16,2,47.60,Cash,Completed
71d4935f-586d-4bf7-bbe1-9f7331cc0dd3,910b1d47-5c37-48b1-8bde-96c60660f1d7,2024-01-19T10:16,4,83.00,Online,Pending
21c14c69-027f-4db4-80c5-37db24cc8747,a190f67b-21df-46bc-8164-46bdfa00af85,2024-06-11T10:16,1,21.22,Online,Completed
5cf8bb5a-3512-43e7-ab24-0449d24fdd88,10b26c2d-7d56-4175-84a8-a2775e128a9d,2024-01-06T10:16,4,51.32,Online,Cancelled
aa0ae830-5245-40b8-9dd8-5c6cf2da3ea9,058b9c75-b72f-4594-80d2-e41194ff7672,2024-11-21T10:16,6,42.66,Online,Completed
b6ef41e0-84b2-412d-982a-6a54ed086793,050d9901-1cb5-413a-9c31-282028f863c1,2023-11-17T10:16,8,232.24,Cash,Cancelled
850c6b88-37c4-4d01-bbc7-c93ca87260c2,dcfb3d05-846d-4915-99f3-ebbc7559d972,2024-11-05T10:16,9,161.28,Cash,Cancelled
e747dde4-3658-4681-b064-ad7f4e653688,06e585f0-5b60-4900-81d1-3379328e6c17,2025-02-07T10:16,6,166.14,Cash,Cancelled
08ba1a15-9f10-492d-827d-20799af68171,e277d099-db2a-4aee-ab86-8b0e73a34383,2024-08-25T10:16,3,19.26,Cash,Completed
a1666630-2e30-4124-b41a-b222e3769e8c,4e44f26d-5455-405b-8fdb-63ab8b739ecf,2025-04-17T10:16,7,70.42,Card,Completed
174d9555-0cf2-4c45-bc1e-c85b98e19f02,500fde18-ea61-4380-9ea4-f06d09985870,2025-03-15T10:16,8,149.20,Online,Completed
7baa5ab0-9463-41cf-9f0a-88a7ad16f40e,f0a6a958-e434-41bf-a830-dffa55a34db5,2024-02-24T10:16,6,103.86,Online,Pending
0169625d-e553-4c2b-aff5-4672772f91bf,69446e90-4237-4410-ab55-e011eb04cce0,2025-07-30T10:16,3,86.64,Online,Pending
61cb0738-0487-4b4c-9f89-7afb41212cd8,b95f7619-fab2-4df9-8683-1f2aeb93a660,2024-08-17T10:16,1,11.83,Online,Completed
44ff5f29-ac19-4c27-aad6-bb11a5af75f3,4f6ae324-5b6d-47d6-a86d-26ec6fbe1e0e,2024-12-03T10:16,3,28.98,Card,Pending
62efa2b8-bedf-4a85-96ae-360f9f539553,e7991221-0de0-4ef8-aa9c-ca3b59197059,2024-10-08T10:16,6,94.38,Online,Pending
4e20b81c-2942-4707-b9d5-08a3c215bf6e,910b1d47-5c37-48b1-8bde-96c60660f1d7,2025-10-11T10:16,5,147.70,Online,Cancelled
96118799-458f-4267-ba04-6dc8a86e6522,5f6e51da-5f01-4c9a-85dd-7d50ef37e5d7,2025-06-12T10:16,6,77.76,Card,Cancelled
60b0060d-5c86-4b03-b309-1118cc7e56c5,f0a6a958-e434-41bf-a830-dffa55a34db5,2025-08-26T10:16,4,118.48,Card,Pending
4266eda9-b8ed-4f96-96d8-9d964f4807bb,ceafdb2a-788d-48e0-acdd-bd533a2e7ab6,2025-01-02T10:16,5,49.85,Online,Pending
aa8e2cbe-4359-46a6-b793-51c4217cae4c,0a5bd884-b432-4ce5-b14e-44b4aedd4c0f,2025-07-11T10:16,7,82.95,Cash,Pending
584d04e4-f881-4529-8874-9e6b3e16a2af,885715b6-b1eb-44ca-8460-28c0343e56f3,2025-08-16T10:16,6,108.30,Cash,Cancelled
04078c9e-0a1e-42e7-8fd1-46923185db35,0a570207-0f70-467f-bbeb-44a0a60a9a25,2025-03-09T10:16,1,18.19,Online,Completed
2ea43c72-0d12-43b1-b6b5-e109c7dfa469,7a2e5fa5-096b-4701-8ce6-7a3db39bf8eb,2024-06-06T10:16,9,125.01,Online,Cancelled
31830b94-0666-455e-8fca-cadad4be3bad,e7991221-0de0-4ef8-aa9c-ca3b59197059,2025-05-09T10:16,2,28.72,Cash,Cancelled
7c48f3e2-56d3-4b96-aee7-e410b701b0f3,11526850-7335-463f-b740-a52a90457c3b,2025-06-10T10:16,1,25.09,Cash,Completed
4f1b37d6-3fc0-4c95-98d4-64b69feecf40,7a18d550-38d0-40b2-84a7-547162e7e409,2025-10-09T10:16,4,65.56,Card,Completed
3a0787da-d76f-48ee-8b37-8fc53c0c7366,89d26a00-0fde-4c03-8430-b06f6bc3f33a,2024-10-24T10:16,3,52.80,Cash,Completed
0e8af8b2-954e-4297-8819-1062e4c04676,8626238e-5813-415a-9a8c-db944b1e0269,2024-08-14T10:16,2,42.06,Online,Completed
d53b6023-180d-4e5f-9d54-6c01481b1a7c,b04ce307-2d1f-4214-b023-d8f4379041a1,2024-07-27T10:16,3,48.51,Online,Pending
e42864e6-ea0a-4dae-8a9f-7ac9ac2fb865,f3826f04-0dfa-4266-8002-58fede0093f5,2024-05-28T10:16,9,156.87,Online,Pending
aa12eaf0-bdb5-4177-8ace-50b6be310647,caca465c-e9f2-4add-91b5-24c70595e321,2025-10-25T10:16,4,87.60,Online,Completed
ab4f2553-4e3a-48e8-90ba-3d5e576000f6,ada8704c-2784-4d70-84da-10078407d2c8,2023-12-11T10:16,8,174.88,Cash,Pending
65df6582-0953-46c1-b500-a379aa113032,1233cc27-7567-48e0-8dd2-6b0019506c2f,2024-09-30T10:16,2,36.82,Cash,Cancelled
79e90c12-2231-4c4d-a0a2-ad3c5a0a052a,46032f36-69bc-465a-9b33-a5d560bfd77a,2025-03-13T10:16,8,211.76,Card,Completed
0aa2e10f-7522-454c-b279-63728e0f8a22,52c87fd9-fdf0-4256-b929-6153ad24a0ac,2025-07-04T10:16,7,71.05,Online,Completed
380e2089-06b5-4d38-8313-a5db2adef335,25659c0e-6eb5-4c57-add8-fb6ac5f42699,2024-10-17T10:16,3,83.64,Cash,Cancelled
723e6489-a2c3-48ff-8dc4-cf6c5d8e9125,726d71e2-70fd-4416-8568-78619c14a73a,2025-09-07T10:16,5,108.80,Cash,Completed
e6209c63-174e-4838-9151-3a03fa1208bd,b0d737cd-ec4b-4a88-aa81-d012ef3fb719,2024-05-01T10:16,9,126.00,Online,Cancelled
8d3043ab-d087-44dd-8d04-5aa0e521649f,0a5a9fc7-e126-48f0-99aa-dea85c606f66,2025-04-24T10:16,9,251.82,Online,Cancelled
612d0bb5-cd02-4f83-abb3-27c976bbb1d6,5eb75bc0-d5fa-4209-9d42-7767f3f0585b,2024-04-11T10:16,5,77.45,Card,Cancelled
c4d09437-3aff-448d-a783-b6482aae0e2e,8626238e-5813-415a-9a8c-db944b1e0269,2025-01-02T10:16,2,47.02,Cash,Pending
09386204-2327-4f40-8a69-4baeb42a203d,b03f75c1-655f-4480-a2bf-1a0af806e96e,2025-07-04T10:16,2,48.98,Cash,Pending
993727d2-e782-4709-a938-415867532634,52fbb114-83aa-432d-b2f1-f3e37a5c4754,2023-12-22T10:16,3,46.92,Card,Cancelled
55f8ad55-ad38-4a39-a433-9e4cfeed2fa5,ceafdb2a-788d-48e0-acdd-bd533a2e7ab6,2025-11-10T10:16,3,22.29,Cash,Pending
dd29b93f-99ab-4bbf-8d77-d13723151a13,68169a66-a8d4-4763-914e-7befc826445b,2024-04-29T10:16,3,61.47,Cash,Completed
0f3da8b2-197b-40e6-b6c9-89184cc20431,1233cc27-7567-48e0-8dd2-6b0019506c2f,2023-12-10T10:16,6,142.32,Cash,Pending
09f2a765-d3c4-458c-98e4-736d530efd59,8887df7e-682b-4d48-b18c-c1ddfa0aaa26,2025-06-06T10:16,4,59.16,Online,Completed
3f1c541f-e44b-4bd0-8e16-3f138ac307d0,69446e90-4237-4410-ab55-e011eb04cce0,2024-03-27T10:16,1,22.59,Cash,Pending
0d701d97-8403-4cb3-b659-aa8d5261152b,80537cf2-360f-4740-8b7e-d4cd56e22987,2024-08-12T10:16,9,206.73,Cash,Pending
970d6b27-06ab-495e-8499-2c3e20e972e7,f543de06-e341-4de2-95ab-ca0fd3ee51fe,2025-04-09T10:16,7,189.77,Cash,Cancelled
5fd3392c-35b3-487d-a395-54a03647d1bd,69446e90-4237-4410-ab55-e011eb04cce0,2024-03-11T10:16,8,195.36,Online,Cancelled
3c305b06-c566-4750-8336-1f874a46305f,8b115a34-224b-453c-be69-b53a7445b466,2024-05-04T10:16,6,161.82,Cash,Cancelled
9f8df9ec-d27c-4d41-bef8-c9b3c3200f33,ec3490d2-e8da-47ee-ae12-0ca0b1d7a2bb,2024-02-16T10:16,9,184.86,Card,Cancelled
8c48b670-9ee6-4331-84eb-8c19946a7ec2,80537cf2-360f-4740-8b7e-d4cd56e22987,2024-09-12T10:16,2,25.26,Cash,Completed
04d3c2a4-22ce-4d88-8d81-5fafd887057e,9c53f3f8-5b22-4d77-bd76-cfa6c70e443c,2024-10-24T10:16,5,65.90,Online,Pending
9cf7ee49-b59b-4b2c-9b09-f2c2cfa6ad4e,bb6bf39c-f455-4e08-a59e-1bdaaa91d4aa,2023-12-17T10:16,2,57.40,Online,Completed
4bf4340b-eac1-4076-8889-80e3bcab039f,74e76582-f1b8-4560-b049-8aebb59d4721,2025-02-24T10:16,9,77.58,Cash,Cancelled
01d8c758-9c10-4144-8dfb-708f6344de75,365c90d0-a590-4209-9401-2ce55af5ed98,2024-05-29T10:16,8,91.36,Cash,Cancelled
d0a7addc-043b-4120-a9e4-db321d0c2a19,515fe1d2-d33a-4b9d-8c19-07e0cbe81a9a,2025-10-23T10:16,2,43.64,Online,Pending
618ed5a1-615c-4213-89fd-07fc86488455,b04ce307-2d1f-4214-b023-d8f4379041a1,2025-04-17T10:16,7,180.32,Card,Pending
fd92a592-e554-40ee-8c94-eb8b9423b37b,485b65e7-fdf4-474d-afba-37986d8d3cd8,2025-11-07T10:16,9,95.04,Card,Cancelled
c4660bff-1224-4247-b9a0-0630d18cb68e,5d6f84a5-a4de-442e-99b9-b8ef714b4436,2025-07-23T10:16,7,170.03,Cash,Cancelled
f46254ad-124f-47fd-807d-95bbe0feab4b,b3688304-b24b-416a-9bf4-c2b6aaeb59d3,2023-12-16T10:16,7,138.67,Card,Cancelled
8df0b4af-e406-41ba-8a26-f08cd4981581,0472ca7f-b133-4710-8f43-24a3c6c1afd1,2025-06-05T10:16,7,185.01,Cash,Pending
ecdfd3b5-94d7-4fa7-94a7-75bb446787a6,7d2df59f-386d-4aec-85a8-2443262a0cb4,2024-06-25T10:16,4,44.68,Cash,Completed
2461fb20-7282-4b43-8e27-abfa36db2510,b95f7619-fab2-4df9-8683-1f2aeb93a660,2025-10-01T10:16,5,76.85,Online,Completed
bd518081-63e8-4ee0-8760-4aa06a416118,d3f641e5-b8b5-4f5f-9155-7768df2033e8,2024-08-28T10:16,4,89.44,Card,Completed
2b5a8252-9f91-4319-b696-ea87d58c3878,ceafdb2a-788d-48e0-acdd-bd533a2e7ab6,2024-12-11T10:16,1,27.07,Online,Pending
69c5f839-9fdc-435d-a077-a7685fb855d9,00d7ae70-0f46-4453-963c-4ab2a3d29314,2025-04-11T10:16,3,79.35,Card,Pending
f3834331-780a-4468-b88c-30ab250732b0,caca465c-e9f2-4add-91b5-24c70595e321,2025-07-23T10:16,4,82.20,Online,Cancelled
f105d9b1-2c5a-4072-94a3-db9213a447d1,7509850a-5062-4da9-aad6-bc5b9e363ef1,2025-07-24T10:16,1,16.88,Cash,Cancelled
c3517573-11af-4d44-ace1-b36867a1cb46,8626238e-5813-415a-9a8c-db944b1e0269,2025-01-10T10:16,5,89.20,Card,Cancelled
785e2a58-316f-4df3-aea4-659718e2e554,4e6807ca-aed8-4ec9-b1b0-0e3aba57efb1,2024-01-03T10:16,9,142.20,Card,Completed
21953906-85d7-4d1f-9075-3077e928a512,795088d7-d227-422e-ad8c-f048bde0675e,2024-10-24T10:16,7,129.92,Cash,Cancelled
ba84ac0e-8e0c-44fe-8f6e-3eeebda76856,a5ffc907-be77-43e6-8694-4a0bf09bd3fb,2023-12-31T10:16,5,95.55,Card,Pending
c001af4c-8e24-417e-b0c5-c548b794640f,1407e9cf-22c9-4137-a2fe-cc12dc038235,2024-05-25T10:16,7,125.51,Card,Cancelled
a75bd00b-01ce-4635-ac52-a83799b37f29,515fe1d2-d33a-4b9d-8c19-07e0cbe81a9a,2024-12-25T10:16,3,58.62,Online,Cancelled
0db73c9b-2861-43c6-8b46-fd78176b2d23,14eace30-1ac2-411e-8eef-98e8f32a87fb,2025-01-29T10:16,5,136.00,Card,Completed
adfeee73-d047-4ac0-9f47-5c4346228f48,73a2b03c-2dca-486e-8ebc-c4d6bb68a8c6,2024-03-19T10:16,6,129.36,Card,Pending
59157bc4-d3a7-44ee-8d74-74282292aa70,7509850a-5062-4da9-aad6-bc5b9e363ef1,2025-01-26T10:16,2,22.82,Card,Cancelled
5655ae4e-d38f-4471-9043-bba75acf3dfe,3befa4dc-d961-4a3a-9410-d43d1bdaa335,2024-01-01T10:16,9,61.11,Card,Completed
f9f3739c-65d8-44c5-a132-eea96358ad82,2a109685-1399-4149-8951-fba29bb0360d,2025-05-12T10:16,4,25.04,Online,Cancelled
83288865-8631-42cf-809d-52f1a661bd1e,a5ffc907-be77-43e6-8694-4a0bf09bd3fb,2024-09-29T10:16,2,13.94,Card,Cancelled
99044e7b-f7df-4f88-815f-994257c7a9a0,e12c3d24-86c8-474f-b86b-370df36adbfe,2024-11-08T10:16,2,56.38,Card,Completed
13704b98-884d-4187-981e-07ba22161bad,6945f6f4-b8f9-4d04-90ff-e59ed705578e,2024-02-23T10:16,1,19.34,Card,Cancelled
60b52747-91ec-47c2-887c-3d8d5ea43cf8,71f17b36-2c37-4cfa-bf8a-894fa94c0e9b,2024-06-25T10:16,5,119.00,Cash,Completed
b0224259-d1a5-4e86-bf25-0c12fa793b62,885715b6-b1eb-44ca-8460-28c0343e56f3,2025-06-26T10:16,5,127.40,Card,Cancelled
28fb9e59-c534-4718-b191-53aad3dbbcf2,ceafdb2a-788d-48e0-acdd-bd533a2e7ab6,2025-05-27T10:16,6,69.24,Card,Completed
ce9510bd-1f6d-460f-8cd2-f908acde2233,4f6ae324-5b6d-47d6-a86d-26ec6fbe1e0e,2025-09-25T10:16,7,87.92,Cash,Pending
d6a0b452-059d-460d-86aa-5f5ae72535bf,7c991f43-c18b-4404-8826-97691b0dc00c,2025-05-06T10:16,3,20.34,Cash,Cancelled
7c735d60-ea39-47ec-954b-ded8a43bf247,52fbb114-83aa-432d-b2f1-f3e37a5c4754,2024-09-01T10:16,2,30.16,Cash,Cancelled
2b03fe33-3b0d-425d-bb40-a7966be8e47e,0472ca7f-b133-4710-8f43-24a3c6c1afd1,2024-04-08T10:16,3,43.62,Cash,Cancelled
672e3822-7118-4781-a7a0-31a0e503032e,d7af10ce-45c9-4fc8-8dd8-b1c5491aad5f,2024-04-15T10:16,7,152.18,Card,Pending
0390b62f-9b3d-4e53-837f-579fff795d2e,0a0ac3e5-6e20-4fbc-87ec-5481c70e38bc,2024-08-02T10:16,2,46.54,Cash,Completed
0d673ff8-8837-4a20-9bdd-2cc691fafc09,6f61ca8e-51a1-48e0-abfa-88326e713e34,2024-01-26T10:16,4,41.16,Cash,Pending
417cb40f-2da7-4ca6-b6a5-606da7b27cf6,46032f36-69bc-465a-9b33-a5d560bfd77a,2025-08-10T10:16,8,164.16,Cash,Cancelled
56f51a1e-6608-4973-9522-b756ba539130,c3ffc43c-0c11-40fa-9824-f234161741d0,2024-10-27T10:16,3,76.77,Cash,Completed
7a3ed874-9bf9-48ba-9f91-504994c4f9b9,0a0ac3e5-6e20-4fbc-87ec-5481c70e38bc,2025-05-28T10:16,8,194.88,Online,Pending
285a2c99-c0c1-4bd1-90d3-71f90927c212,0df3bae1-6384-4856-aa27-aef9f6c48b75,2025-06-27T10:16,9,130.86,Online,Pending
4a34eb35-a617-46f0-b3f5-2f0ae483bd2e,1407e9cf-22c9-4137-a2fe-cc12dc038235,2024-06-10T10:16,9,53.37,Cash,Completed
507671ef-ba86-45cc-a8c2-177fb07793cf,ec3490d2-e8da-47ee-ae12-0ca0b1d7a2bb,2023-12-14T10:16,4,30.52,Online,Cancelled
1e6a28a8-bb18-4f36-8f39-27ccc4885f58,39cb44e2-a541-4b98-bc0b-db5f31cf8710,2024-05-03T10:16,7,186.62,Card,Pending
2baac8eb-0ef5-436c-b4a5-00bd05c861a4,e6cb1215-5314-4d05-bfd1-f6e5d36e89f7,2024-02-16T10:16,7,131.32,Cash,Cancelled
52bd5e35-1972-4fe7-9ec3-7d5c0e20b608,f3826f04-0dfa-4266-8002-58fede0093f5,2025-10-27T10:16,1,9.28,Online,Completed
f4870f8e-a43a-4c52-a6a6-bb503cc4ee75,6aaabc79-3d35-410f-bb96-f86a3930d0ff,2024-03-18T10:16,9,208.80,Cash,Completed
6849520a-77a9-4c5a-ac9b-b5bff05221e3,401a6911-a31e-4892-adc1-56e3e1eb090a,2025-01-17T10:16,4,73.84,Card,Cancelled
e60f6032-84aa-4cf9-9737-9686f7f64048,b03f75c1-655f-4480-a2bf-1a0af806e96e,2024-11-11T10:16,7,35.56,Online,Pending
8abd6354-f1ac-496e-a294-64e2f4103e4e,1a48aa9a-def3-481d-922a-94300aa97309,2025-04-26T10:16,5,103.05,Cash,Pending
3b6fdd11-54bb-4a85-8b19-8d81fd4ae3e4,7169ef0c-f2c8-4ae3-83f6-87691664d2d2,2024-09-19T10:16,9,71.82,Card,Completed
fe98c567-22b2-471a-9093-af0cbca62257,4f6ae324-5b6d-47d6-a86d-26ec6fbe1e0e,2025-02-22T10:16,8,99.36,Card,Pending
6c79e17d-8ee0-4c07-a59b-b33c0e63f106,5eb75bc0-d5fa-4209-9d42-7767f3f0585b,2025-02-25T10:16,2,45.02,Cash,Completed
cab090d8-508a-43ff-8829-cce5ece33dca,f0a6a958-e434-41bf-a830-dffa55a34db5,2024-03-09T10:16,8,119.92,Card,Cancelled
f8e48304-97bd-4ee3-94a8-c552d90c3b56,b03f75c1-655f-4480-a2bf-1a0af806e96e,2025-04-27T10:16,7,118.37,Online,Cancelled
25694b0c-4a5b-4a39-a6ca-abe191f3717a,e85d0261-2d97-4475-a749-363ec9040a74,2025-04-05T10:16,3,15.90,Cash,Completed
baa4d650-00a3-4b82-b91f-dc87af824090,b0d737cd-ec4b-4a88-aa81-d012ef3fb719,2024-01-04T10:16,2,52.36,Cash,Completed
cf0c4b76-66be-4643-b7ff-7c420e672d7d,77ca464a-fe0d-4dcc-8f08-3eb2f7b64f76,2025-07-13T10:16,2,40.86,Online,Cancelled
de0a74df-405c-4d9f-bfd6-9d93440d428d,73a2b03c-2dca-486e-8ebc-c4d6bb68a8c6,2025-09-06T10:16,6,174.60,Card,Completed
f61888ca-39d2-44fd-ae6d-5e302db316ec,bb6bf39c-f455-4e08-a59e-1bdaaa91d4aa,2025-09-21T10:16,4,105.24,Cash,Completed
0d122894-6c90-4233-b3f6-96e369b91f16,f067e21d-d1d4-4e87-9cae-9753f5f9ccb6,2024-12-09T10:16,8,56.08,Online,Pending
9e1d39c9-fa09-49d8-bc2a-c0dfa93a29ef,52f5634d-de98-4543-8a1e-cbf1e2d0242f,2024-02-06T10:16,9,132.39,Card,Cancelled
75f8315b-0b41-4bf6-b31f-750a686752b8,e886c155-0dae-4b36-88f5-a86fa474d1f6,2024-05-29T10:16,2,15.88,Card,Completed
c57c5e3f-11ba-4fd6-8457-6652c66fe7ec,02c65c06-56ad-4670-b8e2-10ab417c7154,2024-09-16T10:16,8,223.84,Cash,Pending
fef8f671-ec84-4187-a325-8c922f4bf12b,0a5bd884-b432-4ce5-b14e-44b4aedd4c0f,2025-10-25T10:16,3,34.65,Card,Pending
bc9f343c-fec8-4bab-9c78-7bfee097c7f7,0a0ac3e5-6e20-4fbc-87ec-5481c70e38bc,2024-02-15T10:16,9,238.32,Online,Pending
fcb8d70f-5620-4271-a780-1606e23b984a,93cdeef1-3fc3-4a63-a275-0ae87ae6b335,2024-11-19T10:16,8,88.56,Online,Pending
fb650f3f-ab87-4bf6-a564-7810e40baa91,1d32c3b3-c732-4995-aa6b-ff159deb3bdf,2024-04-11T10:16,6,173.76,Online,Cancelled
91537fc3-efd6-4c25-b55a-1f2e2bf5560a,6b1178fc-1745-401d-88da-3903c243ebe9,2025-10-25T10:16,9,152.37,Online,Cancelled
6c603680-1fb1-4614-811a-8319ddeb628b,49af098b-bf79-4643-8e49-739ea932d38b,2024-03-02T10:16,7,39.41,Online,Completed
1b448974-e6b3-4bca-a1c5-b9b35c17c3c2,6e551d53-4f6d-4b84-a9de-3d7c79694805,2025-10-18T10:16,2,53.32,Online,Completed
d820898a-5ee1-4c77-abe8-12732b68fe5c,05ccd8a5-ea5f-4353-bd1e-3022152b0685,2024-12-11T10:16,7,61.32,Cash,Completed
2f226760-6079-4170-914d-7ed9a4b8fab7,0130fcd4-a6cf-4a72-8400-7bcae1abce34,2025-06-28T10:16,2,17.64,Online,Pending
947b2c20-f2fb-44b4-b046-8dfc362963a9,c1a09d60-c9e8-4489-a68e-e01b51541d33,2024-05-13T10:16,7,37.80,Cash,Completed
f2b24afd-f55c-4541-a256-18c0f266c234,5d6f84a5-a4de-442e-99b9-b8ef714b4436,2024-07-11T10:16,6,81.78,Online,Completed
a9bddb4e-aba6-4d05-9224-4912c910e160,71f17b36-2c37-4cfa-bf8a-894fa94c0e9b,2025-10-27T10:16,8,59.92,Cash,Completed
6f8848b8-f76d-4101-a26d-33bd78408080,93cdeef1-3fc3-4a63-a275-0ae87ae6b335,2024-04-04T10:16,7,141.82,Card,Completed
22cc936d-b91f-4000-b124-e1f251607ee7,0fcf4084-ea31-49f8-99f9-9bf8c8b0c16b,2025-03-06T10:16,8,146.16,Online,Pending
5ac8c964-c6c7-4648-87e1-3e629b50a218,ebe19120-496a-47fa-87eb-2440212a3363,2024-01-28T10:16,6,42.30,Online,Cancelled
fc57ac49-36fb-4c18-8ff7-62912ead2ea7,0130fcd4-a6cf-4a72-8400-7bcae1abce34,2024-09-03T10:16,1,9.79,Cash,Completed
99d0dff5-8d85-4072-a15a-b41108f7d9ba,02c65c06-56ad-4670-b8e2-10ab417c7154,2025-09-24T10:16,3,60.87,Cash,Cancelled
b39a881e-0c6f-4007-83cc-221ba8903a8a,7d2df59f-386d-4aec-85a8-2443262a0cb4,2025-08-14T10:16,2,47.50,Online,Completed
8ce10c1b-1d92-4b04-9128-90d8e19fab86,0a0ac3e5-6e20-4fbc-87ec-5481c70e38bc,2024-07-04T10:16,8,52.00,Card,Completed
be4ef729-4394-47f8-9231-f726c1f5dcfe,103fcba5-5588-45a5-9fe0-6ac948d3860e,2024-04-02T10:16,5,77.30,Card,Pending
ca60cd9a-068e-40a9-91bf-c4597ebbced5,c5817fdc-a4dc-4879-b957-30cfda62016b,2025-04-25T10:16,8,67.12,Online,Cancelled
42e3c28f-40a7-43f7-a3a9-f1b8b0543046,c3ffc43c-0c11-40fa-9824-f234161741d0,2025-05-14T10:16,5,125.60,Online,Completed
d66fae71-954e-4aec-8dd1-f0eb2736876c,485b65e7-fdf4-474d-afba-37986d8d3cd8,2024-05-28T10:16,6,124.56,Online,Pending
faf778e8-bda5-48ba-bcfd-468fd586e126,0a15d43b-8f6b-444a-bef2-ffbddfdbd16f,2025-05-19T10:16,5,64.75,Cash,Completed
e724910d-daeb-44b5-a913-ca519b2d3f9b,e277d099-db2a-4aee-ab86-8b0e73a34383,2025-11-05T10:16,8,79.12,Card,Completed
0abe42f9-5bab-41b8-aafe-aecf952a2a4c,485b65e7-fdf4-474d-afba-37986d8d3cd8,2024-12-29T10:16,4,30.56,Online,Pending
68bb0bc7-6b84-4170-baab-7f3b31044541,ba5d9947-b043-4aca-8ee0-6b77895cf8e8,2024-09-07T10:16,6,64.68,Card,Pending
81fa3456-9da0-4242-ba00-506a5764d861,1a31c678-d420-495a-aff3-0f1609514e1e,2024-05-05T10:16,5,109.95,Cash,Completed
a2716ffd-8dc5-40cb-9111-17c3ee639914,25659c0e-6eb5-4c57-add8-fb6ac5f42699,2025-07-05T10:16,2,50.54,Cash,Completed
6aa6fa01-e7f0-452c-9d46-12af4cd7cdd7,e38afcd9-9e08-47ba-bc92-5ebb4bc271eb,2025-08-24T10:16,9,68.76,Card,Completed
904e6163-37ef-40a0-a183-c07f55d2caf8,fdb5454e-2230-489e-ade4-9218ff28cbd8,2024-03-23T10:16,3,52.17,Cash,Pending
c32d4c7d-3b8c-43b9-8fc1-0e7ac3a0dd26,62a2bfef-ca4a-4dec-90ea-bf15ea1880d2,2025-05-06T10:16,6,57.06,Card,Pending
00d1d551-a726-4d2c-b740-e4c3e4b7f789,f067e21d-d1d4-4e87-9cae-9753f5f9ccb6,2023-12-01T10:16,3,48.21,Card,Pending
4fabc800-a28e-477b-ad96-0ddc50a3f416,bfa3444b-2be9-46be-b944-720d86a59770,2025-07-03T10:16,7,88.76,Card,Cancelled
c65866dd-f894-4ab5-acfe-23f2a9a1ec17,f6c35464-33dd-44a7-bf84-071f2e427045,2023-12-26T10:16,8,154.16,Cash,Pending
dc6f39c4-b4b8-4a68-82a3-035cab113eae,06e585f0-5b60-4900-81d1-3379328e6c17,2025-05-17T10:16,7,181.37,Online,Completed
acfbff08-a380-4f4a-af89-925fec51c1e9,3dcaabe3-78c9-4d88-bed5-56ca7ceea07c,2025-04-22T10:16,8,108.16,Cash,Cancelled
abfe9b13-2f42-45a3-b0d6-5175e3f0bc8f,f543de06-e341-4de2-95ab-ca0fd3ee51fe,2024-05-04T10:16,2,20.56,Online,Pending
3c4d2beb-66f5-4a24-80a0-05a813b90ece,f90cf3ca-e2d0-4129-bc7a-e8a2b80880da,2024-10-04T10:16,3,42.72,Online,Completed
732f5eb1-37c4-478d-8a61-03a788001da4,bb9edfa8-17f7-4f6f-8e3b-616693a298b1,2025-10-23T10:16,4,66.28,Cash,Pending
f960a876-55b0-4c48-ac20-cfe9212aa60a,3910ab11-8758-4a4f-8a9b-c4f5df7413c4,2025-08-12T10:16,8,87.44,Cash,Pending
5d6cac9a-9f32-4434-85b2-c90672b7174d,6e6d2c67-f7fb-4a98-8f9a-4822259b25c4,2024-06-28T10:16,7,203.00,Cash,Pending
852e03a4-dda7-4b72-b0fa-6e494cc9ff18,0a5bd884-b432-4ce5-b14e-44b4aedd4c0f,2024-09-13T10:16,7,115.78,Card,Completed
b97c65ba-b7ab-4905-a7b9-9aff8b5f6855,9fa382f0-8393-48db-ad30-43c953282401,2025-04-19T10:16,1,24.72,Online,Pending
5aeacc77-9083-45fb-aedb-b7c76b3eb484,500fde18-ea61-4380-9ea4-f06d09985870,2024-04-21T10:16,9,246.78,Cash,Cancelled
05b78a92-f9cb-4e03-a9d1-5c1dff484bbb,fe624323-ba72-456d-9842-ed9e0edc75df,2025-05-22T10:16,8,124.80,Online,Pending
b4839e1b-e322-457d-bfdd-7ff44e05acf4,77ca464a-fe0d-4dcc-8f08-3eb2f7b64f76,2024-01-20T10:16,6,146.58,Online,Completed
16a10642-4027-453c-8b71-e6ce5039db0a,824998a2-7592-4051-ab0b-d5e12743c93b,2024-10-12T10:16,2,19.72,Online,Completed
272cd008-5cb9-42b4-b6f1-278c48dd4d60,9fa382f0-8393-48db-ad30-43c953282401,2023-12-24T10:16,8,207.92,Cash,Pending
97da9bee-7f10-4e43-bbb1-ad2612d248b2,8887df7e-682b-4d48-b18c-c1ddfa0aaa26,2025-09-11T10:16,3,54.66,Card,Completed
6315d729-9caa-4c77-9f70-6cbec2618be7,964d337f-acd5-4ca2-8843-9be3f2eb60fc,2024-01-06T10:16,7,170.94,Online,Cancelled
1e601cef-52bd-4b7b-87b7-b509c2284c8a,ff4db0d8-e809-46e8-9ae0-78ffee4902d9,2025-02-20T10:16,8,161.68,Online,Completed
0d651386-048e-4124-a39d-7c3aca37e9eb,c63bd277-c81c-40c5-8720-6ce916d653c4,2025-10-13T10:16,4,72.96,Card,Cancelled
4af37d0e-ced1-4cad-8649-45351cfa893b,c0d74d86-5c5b-481d-b8e3-61eeb9c77255,2025-07-05T10:16,6,117.18,Online,Pending
bd1f5262-6d7c-4d23-91c6-cbceb733e3ee,ec3490d2-e8da-47ee-ae12-0ca0b1d7a2bb,2025-02-22T10:16,7,51.59,Online,Pending
a479c43c-502d-4812-a8f2-49e177a901fc,0a5a9fc7-e126-48f0-99aa-dea85c606f66,2025-09-26T10:16,7,39.34,Online,Cancelled
65f6e398-5d98-44bd-adaf-1601ca701e13,5d6f84a5-a4de-442e-99b9-b8ef714b4436,2025-02-28T10:16,4,107.60,Online,Cancelled
1e327590-3ff0-4e18-86e6-bf03d2afc6f1,365c90d0-a590-4209-9401-2ce55af5ed98,2024-01-08T10:16,8,230.88,Cash,Pending
a8d703ea-3da5-4db1-8f0e-9a91e47ae1ef,8250871a-2b35-424e-a1a1-4eb4faffabfb,2024-03-18T10:16,8,118.24,Online,Completed
1c9d4c57-7b39-495e-b733-509d99d3c622,9305d562-2505-493d-8ed8-3fb721c8f491,2025-07-31T10:16,8,149.76,Cash,Completed
b89a4b2d-8d86-4cf4-8194-a95cb8174453,93cdeef1-3fc3-4a63-a275-0ae87ae6b335,2025-01-23T10:16,6,122.40,Online,Pending
2e7d954f-7b67-4959-8707-fe21daab41ec,ceafdb2a-788d-48e0-acdd-bd533a2e7ab6,2024-06-30T10:16,2,42.60,Cash,Pending
20c8e870-4877-49e6-9042-6b0e88da5a8a,e119f98a-df63-41dc-8e01-bb49ca2dc724,2025-03-20T10:16,3,58.44,Card,Pending
bc4a537b-3a6a-47d6-8557-6e8b7bb905df,cf65c4b6-4c1c-420b-95de-23e5b56ffad5,2025-02-24T10:16,2,28.44,Online,Completed
af0768e4-bcce-4427-bbfe-82a3cc3259e9,4b14a58c-f1e4-40b6-888d-a88cd7055099,2025-04-22T10:16,5,51.75,Online,Cancelled
403e4790-3770-4b6f-855e-979b802d4ff8,90f0db1e-2b19-43f7-ba17-233c7c214eca,2024-01-03T10:16,2,27.42,Online,Pending
d4f84d76-3105-42a0-8aac-972716358513,d5cfb1a3-ce2f-4aff-ab4c-50e0c5426af1,2025-11-09T10:16,8,79.12,Online,Pending
cb49ed5a-0b5e-455e-8110-9b35d59a0a08,25659c0e-6eb5-4c57-add8-fb6ac5f42699,2025-03-05T10:16,2,36.48,Cash,Completed
a678896f-d1db-4887-9bf5-35456c5f61d0,935ebde1-5945-4673-886e-1a7a12cc2d4e,2025-08-17T10:16,9,75.15,Online,Pending
01b504e9-1605-4ea5-9417-7dd19e037063,4f6ae324-5b6d-47d6-a86d-26ec6fbe1e0e,2025-08-13T10:16,6,103.02,Online,Completed
086c95b3-1b79-4769-a45d-52d97f09741a,0472ca7f-b133-4710-8f43-24a3c6c1afd1,2025-01-06T10:16,4,46.92,Online,Cancelled
e2eeeaf9-9cbf-4680-91d2-0b9902018f9b,9fa382f0-8393-48db-ad30-43c953282401,2025-09-01T10:16,5,117.80,Cash,Pending
b793dd8c-0b44-4af8-9ea6-01e68172a007,ef7fad1f-a86f-4ee1-95b4-ce1f339f0fa5,2025-10-11T10:16,6,113.52,Online,Completed
6fefab16-0927-4645-8bfe-dd3146123f74,1eeb9c5f-5b7a-47af-b4f1-5a50d9d1089c,2025-03-13T10:16,4,105.84,Card,Cancelled
e9212db0-7f9a-4a13-abe2-2f9b40900506,6e6d2c67-f7fb-4a98-8f9a-4822259b25c4,2024-11-08T10:16,9,47.16,Online,Completed
11c9c5be-fab0-4f93-a07e-102d706afc79,d7af10ce-45c9-4fc8-8dd8-b1c5491aad5f,2025-04-14T10:16,3,54.27,Card,Pending
f63393b7-9ad7-45bf-8ba6-fa8c6c9649ec,d6d4ef4b-0870-48aa-b884-013237f255f4,2024-02-03T10:16,6,169.86,Online,Cancelled
0b2d5772-914e-46a5-be67-330fad63c66b,60cd80b6-3967-4dae-b4df-adc7b5644971,2024-03-11T10:16,7,189.00,Online,Pending
d87cdcb6-0d5b-48d3-a13b-3a00c6b90578,59827b2a-ae17-44b1-bd6f-6f08718559cb,2025-04-20T10:16,3,38.94,Card,Pending
2f086a2d-1894-4d08-a9cf-42011bf5e650,3ab3404a-ee80-4ed2-8d90-a6f0dad14e48,2025-04-26T10:16,1,27.16,Cash,Pending
33db8a4f-3a82-436e-a875-262797b07f92,98b17fed-218c-4f20-8410-9f0edfc74455,2024-10-09T10:16,9,198.81,Card,Pending
5f0b5e90-f0cd-43a8-afef-45b4299559fb,02c65c06-56ad-4670-b8e2-10ab417c7154,2024-09-18T10:16,4,28.28,Card,Cancelled
9499ccf2-16da-4c1a-98f5-1e0887b69224,5400d214-6176-40bf-88d2-3f53ed38bf69,2025-06-08T10:16,2,53.14,Online,Completed
f4892ee9-cb17-433f-9620-f8a2cace8c20,b03f75c1-655f-4480-a2bf-1a0af806e96e,2024-02-17T10:16,5,64.90,Cash,Completed
614e2aa1-3b1d-4ad7-a9e1-6d41dc7ed7d7,52fbb114-83aa-432d-b2f1-f3e37a5c4754,2024-01-19T10:16,5,54.20,Card,Cancelled
18ded011-0e4e-44ac-9391-a467cac884f3,60cd80b6-3967-4dae-b4df-adc7b5644971,2024-07-19T10:16,9,110.52,Online,Cancelled
ddfbaf35-7ed5-47a1-81e0-01e215209b77,3910ab11-8758-4a4f-8a9b-c4f5df7413c4,2023-11-15T10:16,6,179.82,Online,Pending
fd0ec425-e69a-4562-9c66-65c23d238886,5eb75bc0-d5fa-4209-9d42-7767f3f0585b,2024-09-15T10:16,5,74.00,Cash,Pending
a7b70b6d-5b59-4b1f-85ba-2615e80f2212,65b2c0ea-6192-47fc-9286-2c1dd3ecefb1,2024-03-30T10:16,5,98.05,Online,Completed
60b4c09a-ea2a-49ee-9388-56ab9471afd7,e12c3d24-86c8-474f-b86b-370df36adbfe,2024-06-13T10:16,7,166.04,Card,Cancelled
ce1cb356-64ba-4fe1-bb02-bf3d9f19c1c1,69446e90-4237-4410-ab55-e011eb04cce0,2024-06-21T10:16,9,188.28,Card,Completed
d1c58052-9af7-4d47-be2f-82ca1c3534f8,c63bd277-c81c-40c5-8720-6ce916d653c4,2023-12-07T10:16,3,57.30,Online,Completed
cd0cf2ae-f20d-4e1b-a2e2-dd6077ef7615,c0d74d86-5c5b-481d-b8e3-61eeb9c77255,2025-08-10T10:16,1,15.89,Online,Cancelled
82aa659d-9318-435d-879c-9e1e101d71a1,62a2bfef-ca4a-4dec-90ea-bf15ea1880d2,2024-04-14T10:16,3,41.37,Online,Cancelled
409acb91-ee6a-4129-a44b-d68fe8a75246,0fcf4084-ea31-49f8-99f9-9bf8c8b0c16b,2024-08-22T10:16,1,10.88,Cash,Cancelled
10e08a3f-ae12-468d-9346-0574835f8e29,90f0db1e-2b19-43f7-ba17-233c7c214eca,2024-05-21T10:16,6,103.74,Card,Cancelled
b5292014-34f9-4970-b6b1-84e024b1bdb6,ebe19120-496a-47fa-87eb-2440212a3363,2025-08-23T10:16,2,23.88,Card,Completed
4b549e35-d6b2-42cc-bb10-465bfc6d8232,90f0db1e-2b19-43f7-ba17-233c7c214eca,2025-09-29T10:16,5,128.60,Card,Cancelled
40db328d-d8c1-4025-a294-ffa02c7a1eba,8b115a34-224b-453c-be69-b53a7445b466,2024-09-20T10:16,4,26.68,Cash,Completed
a0c35764-b42f-438e-89d5-c285a363adcd,bf0de251-90d7-423c-8b31-48df1a89964f,2024-01-29T10:16,5,117.65,Cash,Pending
7d55b233-ad29-42b9-9de6-c685b4ff29bc,6e551d53-4f6d-4b84-a9de-3d7c79694805,2024-06-13T10:16,2,49.30,Card,Cancelled
42d762d5-1e0f-44a2-98ba-c78742218405,c63bd277-c81c-40c5-8720-6ce916d653c4,2024-12-05T10:16,1,21.16,Cash,Completed
e9651556-4295-4c41-981e-07645bb90e0b,8b546c63-5406-493d-bc69-cfb594b38267,2025-03-02T10:16,3,28.83,Online,Pending
fad6db6b-d63e-49b5-855a-0756461cf9dd,99c406e7-092b-4eeb-bc08-56fc041c253d,2024-07-28T10:16,7,121.38,Cash,Completed
eadf046e-6fb1-4319-b7b2-b3680a4da475,935ebde1-5945-4673-886e-1a7a12cc2d4e,2025-06-07T10:16,6,158.94,Card,Pending
8d6cd374-957f-4380-aae4-37c57cb4f631,2c6dafc9-06cc-4b3d-8b8d-12aae0644c58,2025-08-10T10:16,5,127.05,Online,Pending
80f10639-cabd-4bec-92df-88c5233a192f,b3688304-b24b-416a-9bf4-c2b6aaeb59d3,2024-10-08T10:16,1,19.32,Online,Cancelled
1adbb340-103e-44f0-bd83-10784f438a47,6945f6f4-b8f9-4d04-90ff-e59ed705578e,2023-12-09T10:16,2,51.14,Online,Completed
3522e99f-0c44-4406-8605-86a6bb692daf,000f9c8f-2fc7-4346-844d-c04f10751265,2024-08-25T10:16,4,94.60,Cash,Completed
65aee8a0-e0b9-4fa9-8415-83cb930cb58b,1407e9cf-22c9-4137-a2fe-cc12dc038235,2025-02-02T10:16,3,32.88,Card,Cancelled
795bd7b1-01a5-493f-9b71-81a918923a8d,14eace30-1ac2-411e-8eef-98e8f32a87fb,2024-07-12T10:16,6,164.52,Card,Cancelled
d7293495-4e46-40a8-b870-32a3a35fbd3b,1407e9cf-22c9-4137-a2fe-cc12dc038235,2024-07-28T10:16,7,204.19,Cash,Cancelled
2baa02f3-8084-4543-a597-825920be8216,9b9edd1e-b4f7-414c-b8b5-a3dc51fa0a8c,2024-10-19T10:16,7,90.02,Online,Completed
3909b17c-cd36-4fe5-9a07-4934a97ccd20,dcfb3d05-846d-4915-99f3-ebbc7559d972,2025-08-09T10:16,3,53.19,Online,Pending
58eadd9e-5b7f-42e0-9b57-9c75c964733f,9fa382f0-8393-48db-ad30-43c953282401,2024-08-15T10:16,3,38.82,Online,Pending
23ed3c20-b120-43a7-b7e4-90acde8fe3b3,0a570207-0f70-467f-bbeb-44a0a60a9a25,2024-12-26T10:16,2,49.96,Online,Cancelled
f62b454d-d67b-49e8-8e70-3ef13ac21fb5,0a5bd884-b432-4ce5-b14e-44b4aedd4c0f,2024-05-29T10:16,3,78.12,Cash,Cancelled
ec361396-b680-4b74-bc33-b4b4368f20a1,a190f67b-21df-46bc-8164-46bdfa00af85,2024-02-18T10:16,9,259.29,Online,Pending
c4a53e3c-24b4-4c75-b2c3-da171cff8cba,cf65c4b6-4c1c-420b-95de-23e5b56ffad5,2025-06-30T10:16,5,111.35,Card,Cancelled
fea71c5d-551d-4c9c-bda2-2ef1694aff25,9c53f3f8-5b22-4d77-bd76-cfa6c70e443c,2024-10-20T10:16,2,24.38,Online,Completed
d6544b62-7776-4b7e-9c83-975185586ed2,8f7f530b-bb30-4a05-b437-744ed30af54f,2025-08-02T10:16,3,74.76,Cash,Pending
d5962ef8-56df-4d68-ab33-e87e8d14ae77,36b880b0-e9bd-4c0b-8f1c-32018f6c758a,2025-06-04T10:16,4,59.00,Card,Completed
de00fcf7-8831-472a-baac-1b3904089b6e,bb9edfa8-17f7-4f6f-8e3b-616693a298b1,2024-02-10T10:16,6,77.82,Cash,Completed
751ad8e0-d7ec-4a25-978f-d3f326935548,aff4340c-d102-49ba-af8e-84d2737ce82c,2024-02-18T10:16,1,6.50,Online,Cancelled
e2b9d50a-bed9-44b2-8254-06f5eec5646a,ceafdb2a-788d-48e0-acdd-bd533a2e7ab6,2024-06-04T10:16,6,97.20,Online,Completed
7240fcb1-26a4-4800-ade8-553cb8a86d69,77ca464a-fe0d-4dcc-8f08-3eb2f7b64f76,2024-05-29T10:16,8,158.96,Cash,Cancelled
07457a0d-a681-46a1-a6d5-7d04cc1c6602,98b17fed-218c-4f20-8410-9f0edfc74455,2024-04-14T10:16,9,126.45,Cash,Pending
4f501e5a-7d34-4565-8e37-7e442514fe6d,c9dcc28a-ae5f-477c-ae7e-72d94129f449,2024-07-16T10:16,3,51.66,Cash,Completed
1a01ac93-16f4-486a-9ac9-5607eb69ec43,b03f75c1-655f-4480-a2bf-1a0af806e96e,2024-08-02T10:16,1,18.48,Card,Pending
676dc47f-a42a-4778-ad3c-e87013b8d1c9,ebbc7df0-770d-44f8-b0ff-c62f9006e40e,2025-05-17T10:16,2,35.86,Online,Completed
7eef167b-55b2-4d02-93ee-6f9ecd170dc3,d3f641e5-b8b5-4f5f-9155-7768df2033e8,2024-05-26T10:16,5,61.00,Card,Pending
3c59a7e7-4bff-4f10-9248-5a4e43770d75,6aaabc79-3d35-410f-bb96-f86a3930d0ff,2023-12-10T10:16,6,140.34,Cash,Pending
bd6a6423-4c1f-423d-8af9-fab2edaf83b8,4bb2d776-14c0-4ef6-b8ba-c580cbed72b8,2024-02-20T10:16,6,88.50,Card,Cancelled
5c428324-c92f-40db-a5c9-1e9167072b14,050d9901-1cb5-413a-9c31-282028f863c1,2024-03-27T10:16,7,40.32,Online,Cancelled
5df5bec7-8b34-4ddb-b5a1-490df7f7214d,b6c26110-1b77-4777-8c79-c69ec19b66df,2025-10-09T10:16,9,235.53,Online,Completed
3b1f9cb3-255e-4d50-9fc8-15d2b14c85be,c5817fdc-a4dc-4879-b957-30cfda62016b,2025-01-07T10:16,8,142.96,Card,Cancelled
4fd6f167-2717-42bf-8801-82113d649897,485b65e7-fdf4-474d-afba-37986d8d3cd8,2025-02-24T10:16,8,67.92,Online,Pending
ff81865b-b41b-464c-80b6-295d1fd17641,cd50913f-8c99-4253-9134-0cf5fe5f300f,2024-07-13T10:16,3,71.34,Cash,Completed
5d26b929-95fd-4d08-bbeb-6852466f6536,6c3bf618-a715-40f9-9faa-cfc5f5beef2f,2023-12-20T10:16,9,99.63,Online,Cancelled
13318452-7db9-4822-9027-7c2431e22d20,8b115a34-224b-453c-be69-b53a7445b466,2025-06-01T10:16,7,137.13,Online,Pending
6163b0e1-c035-4324-8a29-4a15b77e03ec,60cd80b6-3967-4dae-b4df-adc7b5644971,2025-08-12T10:16,7,92.19,Card,Cancelled
9f21bf77-f04b-4557-9274-6b65687a7eba,8e1bbe6c-7b75-46dc-8ca1-0b1664cd6ae4,2024-09-10T10:16,4,58.00,Card,Completed
9a7a16be-38ce-492a-b041-1dc474881080,983d66ae-c8b0-46b8-8abc-26a1055cf729,2024-07-16T10:16,6,90.90,Card,Completed
e4f9d61c-dcc4-4afa-9715-fc489e44a1d0,b04ce307-2d1f-4214-b023-d8f4379041a1,2025-10-08T10:16,7,41.16,Card,Cancelled
2cd31066-15f3-465d-8687-531400dcbde0,0fcf4084-ea31-49f8-99f9-9bf8c8b0c16b,2024-04-01T10:16,9,239.04,Online,Cancelled
637436fb-c8fa-45d7-b7f7-177fa20057dd,6945f6f4-b8f9-4d04-90ff-e59ed705578e,2024-04-07T10:16,5,45.25,Online,Cancelled
026df787-e759-41e8-b838-6bbdd198763b,0b2a0e9a-e050-4380-b607-57adcbbf59d4,2024-10-01T10:16,2,46.58,Cash,Completed
3dafd753-cb87-49f1-89ec-a90d68fd3bc5,941529ef-2114-4bff-907a-4596ff4593a1,2024-06-26T10:16,4,101.72,Online,Cancelled
bde79e65-8fde-40ef-9aac-88e3e83087e8,964d337f-acd5-4ca2-8843-9be3f2eb60fc,2024-09-10T10:16,4,94.56,Cash,Pending
4b806652-6660-4fc1-af3d-031384d93a62,8b546c63-5406-493d-bc69-cfb594b38267,2025-02-23T10:16,7,127.75,Cash,Completed
670642e2-7340-409b-a433-5c567a9760ca,4e44f26d-5455-405b-8fdb-63ab8b739ecf,2024-03-06T10:16,1,25.63,Card,Pending
a1bc975f-05ed-400d-b20a-06832b79ce63,8113211c-bdc3-4bb0-94d9-3fd3871f3005,2024-03-19T10:16,9,224.82,Online,Cancelled
d9e767db-5b84-45c7-8d9f-a1416dfce957,050d9901-1cb5-413a-9c31-282028f863c1,2024-08-06T10:16,5,105.50,Card,Pending
d62b08d3-120f-4d97-b273-81dc5dce0644,0472ca7f-b133-4710-8f43-24a3c6c1afd1,2024-01-31T10:16,8,153.52,Card,Cancelled
309323be-a07a-4158-a7a2-eeb1d6b93a2b,1a48aa9a-def3-481d-922a-94300aa97309,2025-06-25T10:16,4,100.64,Cash,Pending
007d42c2-76fe-488e-97fd-653c01ecb2eb,69446e90-4237-4410-ab55-e011eb04cce0,2024-02-24T10:16,8,127.28,Card,Completed
c3009ac0-5d76-408c-95fc-6e83ca485421,62a2bfef-ca4a-4dec-90ea-bf15ea1880d2,2023-11-15T10:16,1,28.50,Card,Pending
c97ae4fa-7086-4d3b-b58d-ba38ab807b98,63846b60-b7be-4087-ac6e-56c9bc130a20,2025-10-10T10:16,7,155.47,Online,Completed
c8798d4b-7a1d-4599-8927-b4fcbbd3a09f,8113211c-bdc3-4bb0-94d9-3fd3871f3005,2024-10-25T10:16,7,124.25,Online,Pending
40fb38b4-68b3-44a6-941a-ff78a0fecbf4,23650eb4-f98d-45a3-a90b-a378f03d469d,2024-11-02T10:16,9,102.15,Card,Cancelled
90f66c26-08c4-4cf2-9403-3295c6acb579,8e1bbe6c-7b75-46dc-8ca1-0b1664cd6ae4,2024-09-03T10:16,4,98.72,Card,Cancelled
d7d64168-6d6a-460a-86af-640a85f9e0e2,6c6a3b10-9747-4dca-a041-4edc22d147b0,2024-03-25T10:16,4,55.32,Card,Pending
3b198206-45e5-4da6-a756-fd73c5c562e4,d87f31d7-79ef-4c17-856e-142e791b04da,2023-12-30T10:16,1,20.42,Online,Completed
91fdc983-63c4-4d4d-8dff-85372285e51a,6f61ca8e-51a1-48e0-abfa-88326e713e34,2025-01-08T10:16,8,66.88,Card,Completed
c6b28453-4bbe-4f36-be7c-895ca50b4214,6117b6f0-c4f4-4bf1-9eeb-f33950decba8,2024-08-16T10:16,8,163.92,Cash,Completed
33baff2b-c6f8-4cc3-a6a7-67ec66948d9e,09ba4183-1b94-4f8c-bc5f-eca421a88524,2024-06-29T10:16,8,205.04,Cash,Completed
5af97071-6c5e-4e4c-99c4-097dd828ddb8,27e45431-1333-4ffd-a0c8-be56ffdc5d4e,2024-03-08T10:16,3,69.30,Card,Cancelled
4aa8bc5c-50a2-430e-b0f5-4bb14684090f,4717d2a3-4b2a-44f1-b960-a2b73e2d23fd,2025-03-04T10:16,1,21.87,Cash,Pending
1b2dfa7f-c804-4ad8-9a26-9a7820861b26,8626238e-5813-415a-9a8c-db944b1e0269,2024-04-25T10:16,9,233.55,Online,Cancelled
7c077bb7-395d-49a5-95bc-1bfdf220cd68,e886c155-0dae-4b36-88f5-a86fa474d1f6,2025-08-15T10:16,1,5.31,Online,Pending
9b5021bd-cf99-486b-919c-e8d3a18e3fda,25659c0e-6eb5-4c57-add8-fb6ac5f42699,2025-11-02T10:16,9,209.79,Card,Completed
0519ce13-ad49-45d0-a5f5-1c2fe66f842d,964d337f-acd5-4ca2-8843-9be3f2eb60fc,2025-01-07T10:16,7,154.14,Card,Pending
49d2e97e-f6ca-4b21-b6a1-fd741d348bff,0dd437d0-74fa-43c3-8909-5c955e4d47dd,2024-12-03T10:16,3,74.55,Card,Completed
0033ff53-ebca-4389-9ce9-369882c9a678,5eb75bc0-d5fa-4209-9d42-7767f3f0585b,2025-04-04T10:16,4,76.72,Card,Cancelled
45402299-fc07-4183-ada5-f0bb0668c7be,5400d214-6176-40bf-88d2-3f53ed38bf69,2025-06-30T10:16,2,37.16,Online,Cancelled
b44b28a4-eb84-4790-b435-2e25eaef4c80,93cdeef1-3fc3-4a63-a275-0ae87ae6b335,2024-01-13T10:16,7,117.25,Card,Completed
7702cbd1-53cf-4b86-be41-a28b04ba9d82,8626238e-5813-415a-9a8c-db944b1e0269,2025-01-17T10:16,7,186.69,Online,Pending
dea2ec37-e866-425f-bad4-88369f06c737,8f7f530b-bb30-4a05-b437-744ed30af54f,2024-11-15T10:16,8,88.32,Online,Completed
de37de2e-5be2-47cc-9702-2a09b090cd73,bb6ceda0-3f7a-4dfa-9862-41a88dd468b2,2025-04-17T10:16,6,176.52,Online,Pending
6352736f-d4ac-4665-9314-e612422efa24,f3826f04-0dfa-4266-8002-58fede0093f5,2024-11-08T10:16,8,220.32,Cash,Cancelled
631b9784-2d50-4d20-8f1e-a2c35b79d2e1,0df3bae1-6384-4856-aa27-aef9f6c48b75,2025-02-22T10:16,7,85.05,Cash,Cancelled
fac93c99-807b-46b2-8f68-53a99ed41732,515fe1d2-d33a-4b9d-8c19-07e0cbe81a9a,2024-07-20T10:16,5,77.00,Cash,Cancelled
2077a90b-af1b-436d-8525-661ff473072f,14eace30-1ac2-411e-8eef-98e8f32a87fb,2025-09-30T10:16,2,29.72,Card,Pending
6fbc6ea6-6341-4bd9-8b87-6b0ac72b1016,1407e9cf-22c9-4137-a2fe-cc12dc038235,2024-05-08T10:16,1,18.73,Cash,Cancelled
1dc0ce51-1c0a-4cf5-ab9a-da70ab284f98,e119f98a-df63-41dc-8e01-bb49ca2dc724,2024-04-16T10:16,8,104.40,Cash,Completed
48d8b0b0-a1c6-4139-82f8-dd5841d655a1,050d9901-1cb5-413a-9c31-282028f863c1,2025-06-01T10:16,5,138.00,Online,Cancelled
940ed15b-4c3b-4e05-b67c-bddbd22d484d,910b1d47-5c37-48b1-8bde-96c60660f1d7,2025-08-25T10:16,7,161.70,Card,Cancelled
3e831e05-27b5-44e6-9c5b-9eaa25d0de7d,06e585f0-5b60-4900-81d1-3379328e6c17,2025-01-15T10:16,3,81.78,Cash,Pending
0d1c1ab3-2c46-490c-bbf1-7e53d5447cab,f0a6a958-e434-41bf-a830-dffa55a34db5,2025-10-03T10:16,3,64.38,Online,Completed
bb592195-eca3-448d-81c3-5620e81af6aa,1a48aa9a-def3-481d-922a-94300aa97309,2024-04-14T10:16,1,6.66,Online,Completed
8de7b9f6-cd54-4409-b95a-5935932b2fa1,058b9c75-b72f-4594-80d2-e41194ff7672,2024-03-19T10:16,8,103.84,Online,Cancelled
47fc0076-2749-4806-860b-66cea297eb1f,0a5a9fc7-e126-48f0-99aa-dea85c606f66,2025-04-16T10:16,9,211.50,Card,Pending
a9c1fa9f-8653-4b8d-a075-6f819bb4333e,953417c6-cd52-45e9-9ca0-bb450653c934,2024-09-04T10:16,9,221.13,Online,Completed
7c8a211b-5e12-4f54-a24e-da2e9d3b450f,8113211c-bdc3-4bb0-94d9-3fd3871f3005,2024-06-23T10:16,1,23.66,Card,Completed
869bdf36-1b8f-427f-8cb7-f69ba66d2e37,e38afcd9-9e08-47ba-bc92-5ebb4bc271eb,2025-01-08T10:16,4,42.12,Cash,Cancelled
5835ac7d-ee34-40e1-9a27-c954ad351916,fbe227d7-6d32-4407-9783-7fdac983e55f,2025-08-16T10:16,7,206.08,Online,Completed
fa9a865b-b292-49e1-b670-761590a66dac,cd50913f-8c99-4253-9134-0cf5fe5f300f,2024-08-29T10:16,4,68.88,Card,Cancelled
a823881b-7f99-4283-b20e-c5ac4e126b4b,a302a1a8-c429-406f-abff-9f273aa0a4b5,2025-07-03T10:16,9,66.78,Cash,Pending
eb840773-bdc9-41c9-bfd0-82f53cb8b731,ef7fad1f-a86f-4ee1-95b4-ce1f339f0fa5,2024-03-11T10:16,4,53.40,Cash,Pending
37b3efa7-a2d2-49a8-be81-453afb37ddbc,5f6e51da-5f01-4c9a-85dd-7d50ef37e5d7,2025-06-07T10:16,4,34.64,Card,Cancelled
a0eb56ef-761e-4819-b399-bc3330da30f4,00d7ae70-0f46-4453-963c-4ab2a3d29314,2025-04-14T10:16,4,53.44,Card,Cancelled
741f7406-1aca-4bdd-9aed-87935415dda7,98b17fed-218c-4f20-8410-9f0edfc74455,2024-03-20T10:16,3,47.13,Card,Pending
476910f9-c08d-4375-831f-4095c91c8a37,10b26c2d-7d56-4175-84a8-a2775e128a9d,2025-05-26T10:16,1,20.38,Card,Pending
b7f2a65d-2fd6-4925-ad2e-d5f5b52d247f,1a48aa9a-def3-481d-922a-94300aa97309,2024-03-12T10:16,1,10.07,Online,Cancelled
c636c508-45ce-4253-b6a3-0488271a9ec9,14eace30-1ac2-411e-8eef-98e8f32a87fb,2024-05-14T10:16,2,49.72,Online,Cancelled
594a0420-70ee-462d-9724-2d70c5e5b1ca,60cd80b6-3967-4dae-b4df-adc7b5644971,2024-03-18T10:16,3,45.00,Online,Completed
95cf712f-7db7-4300-92ae-78b92db699a6,0130fcd4-a6cf-4a72-8400-7bcae1abce34,2025-11-01T10:16,3,49.77,Cash,Completed
a26f8227-b0b3-49cf-b0d8-3dd3d8d7e29d,000f9c8f-2fc7-4346-844d-c04f10751265,2024-10-13T10:16,3,24.99,Cash,Pending
a6c288f3-5807-4973-921d-f60513f67281,d3f641e5-b8b5-4f5f-9155-7768df2033e8,2025-05-08T10:16,2,54.04,Card,Completed
6b598f8a-7ff4-4400-a392-519af268a95c,fdb5454e-2230-489e-ade4-9218ff28cbd8,2025-07-05T10:16,7,66.85,Cash,Pending
7a574631-bc9e-404c-a20d-8059d52786ae,1eeb9c5f-5b7a-47af-b4f1-5a50d9d1089c,2025-06-19T10:16,6,165.30,Card,Cancelled
0c9a8c85-12c4-4883-813a-f18a16e2192a,d33bbfcd-a2ca-4e80-8a1c-65223f061e7e,2024-11-23T10:16,3,60.12,Online,Cancelled
369383c7-1022-4a75-b765-26d80ee53fd3,f90cf3ca-e2d0-4129-bc7a-e8a2b80880da,2025-07-20T10:16,2,59.90,Online,Cancelled
85276627-a091-49a8-bfcc-2a644dcf751d,6c3bf618-a715-40f9-9faa-cfc5f5beef2f,2025-10-03T10:16,3,44.79,Cash,Pending
3dccbe76-3525-4981-aa84-75844fcc6be2,910b1d47-5c37-48b1-8bde-96c60660f1d7,2025-01-19T10:16,3,29.97,Card,Pending
66fab282-233f-4964-a587-26cbe58a65ec,428424b7-1f94-496a-8b7a-497ce177d32c,2025-03-10T10:16,1,10.56,Online,Pending
61d4e7d6-2887-4da2-b5e6-4c0cb4918bb7,e38afcd9-9e08-47ba-bc92-5ebb4bc271eb,2025-10-12T10:16,8,146.64,Online,Cancelled
ff30c33d-c8e9-4031-b925-3c97987a8b44,80537cf2-360f-4740-8b7e-d4cd56e22987,2024-04-16T10:16,5,59.75,Cash,Pending
7af28989-8dd4-41fd-a403-c5b954f2424b,941529ef-2114-4bff-907a-4596ff4593a1,2025-10-19T10:16,4,26.88,Cash,Cancelled
ea9b61b1-14fb-4e10-a5b9-5ca3280281a3,09ba4183-1b94-4f8c-bc5f-eca421a88524,2023-12-09T10:16,7,129.22,Card,Completed
e99c601b-bf49-46b3-bc56-9e3630c85d4b,52fbb114-83aa-432d-b2f1-f3e37a5c4754,2025-01-09T10:16,1,8.13,Online,Cancelled
1a631b99-fa33-4bc2-b1ae-573c20cac5e1,caca465c-e9f2-4add-91b5-24c70595e321,2025-07-25T10:16,9,126.72,Card,Pending
9440d8d8-7a0d-4596-be39-fc44da23b275,4b14a58c-f1e4-40b6-888d-a88cd7055099,2024-04-17T10:16,6,71.04,Online,Pending
053a9be0-c492-4350-81d2-26eb5f0b5f10,52fbb114-83aa-432d-b2f1-f3e37a5c4754,2024-09-29T10:16,5,105.45,Card,Cancelled
ff2c997c-8354-48d0-b8ea-6ab5f790f48c,4f6ae324-5b6d-47d6-a86d-26ec6fbe1e0e,2024-10-06T10:16,5,57.25,Card,Cancelled
3cb64892-9cc2-4e76-8779-833529f30361,209e786b-2a61-4e52-a3b2-1cc98bcbf18c,2025-05-12T10:16,8,125.36,Card,Pending
40b6b9a1-6e64-4033-ba33-4c01fb921aa0,caca465c-e9f2-4add-91b5-24c70595e321,2025-03-01T10:16,2,19.36,Card,Pending
1f14801c-3d9f-40ad-908f-a22aadf45553,910b1d47-5c37-48b1-8bde-96c60660f1d7,2023-11-25T10:16,7,132.65,Card,Cancelled
a681cd79-a2a1-4a27-acf6-31a22dc42e25,8250871a-2b35-424e-a1a1-4eb4faffabfb,2024-04-11T10:16,7,203.28,Online,Pending
1a6704a3-36fc-4eb9-b3e1-36d7c1f2d15d,62a2bfef-ca4a-4dec-90ea-bf15ea1880d2,2024-10-09T10:16,7,46.76,Card,Completed
c472498c-a392-4c4b-8b3f-e4ff4bd9aecb,a5ffc907-be77-43e6-8694-4a0bf09bd3fb,2024-05-18T10:16,2,47.42,Cash,Pending
b174addc-d385-47d0-8ddc-6d572262eba0,0d463f72-c3a1-4a2b-8d0d-1721a0d1a06b,2025-02-26T10:16,9,179.28,Cash,Pending
42c97bca-105f-4566-904f-221b57b9a24a,e85d0261-2d97-4475-a749-363ec9040a74,2024-03-21T10:16,8,84.08,Online,Pending
8b611972-6874-4897-87d6-dfd79ce7f19b,27e45431-1333-4ffd-a0c8-be56ffdc5d4e,2024-02-02T10:16,5,59.75,Online,Completed
1f54a422-8b4e-4f62-aff1-234039cfbb3a,b03f75c1-655f-4480-a2bf-1a0af806e96e,2025-05-13T10:16,4,39.44,Online,Completed
637a4bd3-4beb-4ae0-8c3d-d4f22dc25f4d,d5eaf6a7-76cc-48ec-98d9-ba713e2df70f,2024-11-18T10:16,7,181.86,Cash,Completed
5cd4dd07-e895-41ff-bea4-ca957c253ec7,3dcaabe3-78c9-4d88-bed5-56ca7ceea07c,2025-03-23T10:16,1,20.53,Online,Completed
49fa32ef-6e9a-4f28-ab8f-806957f28614,cb8747c7-32ca-4b6b-868d-13ab01d953ec,2024-04-09T10:16,3,43.80,Cash,Pending
c4ffed38-af65-4d0a-80e8-a8d17294c0b2,050d9901-1cb5-413a-9c31-282028f863c1,2025-11-10T10:16,8,141.28,Cash,Cancelled
e28ba259-b065-4761-9c3b-ee0ecc61f998,fe624323-ba72-456d-9842-ed9e0edc75df,2025-02-19T10:16,2,30.60,Online,Cancelled
a4778eec-9989-439d-ae94-0c8573f4e1e6,c9dcc28a-ae5f-477c-ae7e-72d94129f449,2025-03-02T10:16,5,117.40,Online,Completed
ac5b8873-bfad-4efe-a0eb-b0f0bbc2788b,e38afcd9-9e08-47ba-bc92-5ebb4bc271eb,2025-10-09T10:16,5,67.00,Cash,Completed
855b58d3-f3ad-482f-8ec2-c1db20791c02,103fcba5-5588-45a5-9fe0-6ac948d3860e,2025-07-09T10:16,5,91.20,Online,Cancelled
78829b72-0d26-4f62-b410-d94036a05cc1,e38afcd9-9e08-47ba-bc92-5ebb4bc271eb,2024-07-19T10:16,3,35.07,Cash,Cancelled
32de8498-5c13-421c-bf43-16f88779a9df,52fbb114-83aa-432d-b2f1-f3e37a5c4754,2024-12-18T10:16,5,82.45,Card,Completed
68eb3b94-8f39-409c-835b-c88366b75ca3,f067e21d-d1d4-4e87-9cae-9753f5f9ccb6,2024-02-20T10:16,9,182.16,Cash,Cancelled
2b8fab20-eff1-429b-97d8-a6f21511a6a8,9b9edd1e-b4f7-414c-b8b5-a3dc51fa0a8c,2024-09-22T10:16,8,93.28,Online,Pending
135fa968-71c4-476f-85ac-efd16d9ebc51,65b2c0ea-6192-47fc-9286-2c1dd3ecefb1,2024-01-09T10:16,9,223.83,Card,Cancelled
58d1a198-a3af-4e17-b1a2-af8813bb5df1,c0d74d86-5c5b-481d-b8e3-61eeb9c77255,2023-11-29T10:16,4,66.76,Cash,Cancelled
1861e2d9-570f-4e1b-acb1-e643e78ad928,5400d214-6176-40bf-88d2-3f53ed38bf69,2025-01-20T10:16,2,51.06,Card,Pending
5554f345-0a49-4d59-b8b9-3e3729f2dfcb,26d032f1-9fe9-487a-987a-a8be14e1db05,2024-12-04T10:16,9,204.12,Online,Cancelled
8faa5381-7a46-4cfc-860b-d792a173d069,10b26c2d-7d56-4175-84a8-a2775e128a9d,2024-11-19T10:16,8,127.60,Cash,Completed
fcc69b77-b6d6-4b69-b01e-5084a80d6b84,a302a1a8-c429-406f-abff-9f273aa0a4b5,2023-11-22T10:16,8,126.80,Cash,Cancelled
a3fc68b0-7d34-4aa5-a00b-dd7ae0682dd4,bb6bf39c-f455-4e08-a59e-1bdaaa91d4aa,2025-10-31T10:16,3,78.96,Card,Pending
663117dd-6c36-404d-892f-a696f03e1bf2,0df3bae1-6384-4856-aa27-aef9f6c48b75,2025-09-12T10:16,2,23.70,Cash,Pending
3b2424c9-38ed-4f36-969f-a8989935ba2c,56a75a3e-a944-4147-8cba-f1024726993f,2024-08-25T10:16,8,74.56,Online,Pending
9791d42d-7606-4b9e-818f-8e72a957ec85,52f5634d-de98-4543-8a1e-cbf1e2d0242f,2024-01-09T10:16,2,26.42,Online,Pending
0bfdb62a-c066-4c8d-99d1-dedd10e2a5fb,bfa3444b-2be9-46be-b944-720d86a59770,2023-12-24T10:16,9,122.76,Online,Completed
34b2a42f-54ea-4c05-9ade-204ff1ec1a40,b014b56e-3263-4b63-8430-46e00bc5ea77,2024-07-11T10:16,3,36.18,Cash,Pending
31d22bd5-f3ca-4901-9d44-7691fa8ca913,6bd388d4-5636-450b-bacd-55bdcb769bab,2024-10-31T10:16,5,90.25,Cash,Completed
a072ec28-9861-4803-8b0f-7c67428bc668,e6cb1215-5314-4d05-bfd1-f6e5d36e89f7,2025-10-05T10:16,3,83.31,Online,Pending
f112845a-c1f0-4c3c-8f78-2ececd41cc49,05ccd8a5-ea5f-4353-bd1e-3022152b0685,2024-01-14T10:16,5,40.80,Cash,Cancelled
592c6ff2-0d01-4346-bc95-1090f393f549,ebe19120-496a-47fa-87eb-2440212a3363,2025-10-21T10:16,8,198.48,Card,Completed
02cd76d2-c5b3-458b-8f1a-9e68794f084a,1407e9cf-22c9-4137-a2fe-cc12dc038235,2024-10-10T10:16,8,207.28,Card,Completed
24316dfc-6c98-40b5-a70e-fb1a237e4467,726d71e2-70fd-4416-8568-78619c14a73a,2025-10-14T10:16,3,79.41,Cash,Completed
b489675f-b22a-4150-8c35-9eb36969e936,73a2b03c-2dca-486e-8ebc-c4d6bb68a8c6,2025-03-18T10:16,9,200.25,Online,Pending
96db5def-042e-45d5-95fc-88ae81eb837a,36b880b0-e9bd-4c0b-8f1c-32018f6c758a,2024-05-19T10:16,9,157.68,Online,Pending
e0e910b0-37fc-4f17-ad0f-1cf24108670d,7169ef0c-f2c8-4ae3-83f6-87691664d2d2,2025-10-18T10:16,4,110.84,Cash,Completed
ea6b3b9b-50fb-41cc-8f2d-0bf41e54b883,dcfb3d05-846d-4915-99f3-ebbc7559d972,2025-05-26T10:16,2,37.64,Cash,Completed
356eb760-680a-48bf-89b6-86ced1556ef2,74e76582-f1b8-4560-b049-8aebb59d4721,2024-03-31T10:16,9,182.79,Card,Pending
fddac8f5-a839-49d9-b136-8a335eeea519,f90cf3ca-e2d0-4129-bc7a-e8a2b80880da,2025-02-13T10:16,1,17.17,Online,Completed
807544e9-6cd0-4f02-8d27-f38de15cb2c7,964d337f-acd5-4ca2-8843-9be3f2eb60fc,2024-03-19T10:16,7,50.47,Card,Cancelled
cdc1b43a-fb8e-47a5-a7f7-8ec2209a95b7,3e97fc93-73a7-45e0-9888-f7a03ee258a7,2024-11-18T10:16,5,148.35,Online,Completed
c01998f7-197c-4596-9aa0-06fbe34b72a9,c83bba2f-5229-4998-9566-1f3179b13e8a,2025-10-25T10:16,1,16.70,Online,Completed
60036bd7-f97b-4371-b0be-390cb53f42cf,103fcba5-5588-45a5-9fe0-6ac948d3860e,2025-07-23T10:16,5,57.25,Cash,Completed
ca45011b-be9a-4343-bf3b-def7c9200397,e7991221-0de0-4ef8-aa9c-ca3b59197059,2024-01-29T10:16,5,131.25,Cash,Pending
a5e2edb3-286c-490c-8061-2318104dc9f7,65b2c0ea-6192-47fc-9286-2c1dd3ecefb1,2025-10-30T10:16,5,54.30,Cash,Cancelled
b9d4c376-6703-4d08-af56-9bae837c34c0,0d463f72-c3a1-4a2b-8d0d-1721a0d1a06b,2025-06-13T10:16,7,207.69,Cash,Completed
24e932a7-de66-49b4-9974-09fb24bd626e,26d032f1-9fe9-487a-987a-a8be14e1db05,2024-09-17T10:16,4,89.84,Online,Cancelled
013787ea-3e7c-402a-af0f-f1a169840dca,a5ffc907-be77-43e6-8694-4a0bf09bd3fb,2024-02-02T10:16,3,88.17,Online,Completed
df20ad16-7902-4448-8741-40e0a2b2e80d,d5eaf6a7-76cc-48ec-98d9-ba713e2df70f,2025-07-12T10:16,4,101.72,Online,Completed
00b8ea0b-8176-48e1-86a4-f92c7563057d,62a2bfef-ca4a-4dec-90ea-bf15ea1880d2,2025-09-29T10:16,1,7.27,Online,Completed
180f7772-32bf-4945-8331-bf98ca91e13b,205ea7f7-e714-45b8-a083-11247ff702a1,2024-12-30T10:16,6,142.50,Cash,Pending
b051fee4-d4e6-40a2-9620-6608419487b5,ec3490d2-e8da-47ee-ae12-0ca0b1d7a2bb,2025-09-24T10:16,1,5.05,Online,Completed
555159f7-775d-4cdd-a0e7-a9fe63a1eaf3,d3f641e5-b8b5-4f5f-9155-7768df2033e8,2025-09-27T10:16,6,31.62,Cash,Cancelled
42c0f742-4fd4-46a3-804a-e1092e36fa0d,050d9901-1cb5-413a-9c31-282028f863c1,2024-01-30T10:16,4,94.76,Cash,Cancelled
24848683-774d-4560-9e9c-971341c4307a,935ebde1-5945-4673-886e-1a7a12cc2d4e,2025-08-15T10:16,6,108.24,Card,Cancelled
bfcdfb93-9983-4979-a7cc-a3f3565d24ae,a5ffc907-be77-43e6-8694-4a0bf09bd3fb,2025-04-11T10:16,9,134.55,Online,Pending
cefaabc5-6de0-4746-bca6-a2f9c9077b2d,0a5bd884-b432-4ce5-b14e-44b4aedd4c0f,2025-05-07T10:16,4,101.04,Online,Completed
f8b4431a-e38b-4e74-a8bd-e269f147d406,71f17b36-2c37-4cfa-bf8a-894fa94c0e9b,2024-02-24T10:16,2,16.42,Card,Cancelled
27d0e41c-0919-41ba-81c0-8962562a5a6a,ebe19120-496a-47fa-87eb-2440212a3363,2024-11-20T10:16,9,151.11,Online,Pending
3ff8a9f2-ec61-402d-8a72-b18aea337123,b014b56e-3263-4b63-8430-46e00bc5ea77,2024-05-04T10:16,8,188.64,Cash,Completed
72c53528-ea41-4134-b166-4597e5d9ff07,428424b7-1f94-496a-8b7a-497ce177d32c,2025-10-02T10:16,1,28.03,Cash,Pending
c6cb694d-42a3-40a6-8b1b-941cb3716a44,cb8747c7-32ca-4b6b-868d-13ab01d953ec,2025-01-06T10:16,5,35.50,Cash,Cancelled
9fe8ac90-ed65-4927-bdc6-a6d41f504730,d87f31d7-79ef-4c17-856e-142e791b04da,2025-10-25T10:16,7,110.25,Card,Completed
3c80626e-f42d-4a10-acc9-1639cffbca63,4bb2d776-14c0-4ef6-b8ba-c580cbed72b8,2024-06-29T10:16,8,124.56,Card,Completed
9b39d11f-7a3b-43a5-90d9-32a8ca2d0e00,7a2e5fa5-096b-4701-8ce6-7a3db39bf8eb,2024-08-14T10:16,8,185.60,Card,Cancelled
583cde74-d4ab-4d32-b7cc-93394f612813,485b65e7-fdf4-474d-afba-37986d8d3cd8,2024-12-30T10:16,2,58.30,Online,Cancelled
72676bbe-a7bf-4e8e-ab2d-4ac14e0a3bff,d5eaf6a7-76cc-48ec-98d9-ba713e2df70f,2024-07-11T10:16,1,28.03,Cash,Cancelled
