order_id,restaurant_id,order_date,items_count,total_price_usd,payment_type,status
83d4ee4b-d944-47b2-bfa8-4455fee06676,c46351bf-193f-49af-a5d6-456188837c3d,2025-04-20T10:16,7,198.59,Online,Cancelled
7577a493-ac6c-49c4-8d7c-1e8308fd0974,10b26c2d-7d56-4175-84a8-a2775e128a9d,2025-01-09T10:16,6,60.06,Card,Cancelled
a9f832d6-5caa-4e82-a291-e499b8cf032e,f6c35464-33dd-44a7-bf84-071f2e427045,2025-08-23T10:16,5,81.15,Cash,Pending
1c4860f8-edb2-41b2-ba7d-82adf56a3236,6945f6f4-b8f9-4d04-90ff-e59ed705578e,2025-09-26T10:16,1,29.60,Card,Cancelled
46249774-94b7-4c2e-b833-220372b18b04,485b65e7-fdf4-474d-afba-37986d8d3cd8,2024-07-09T10:16,4,106.20,Card,Pending
24416bd9-cfa4-4182-bc72-e159089d4e21,8b546c63-5406-493d-bc69-cfb594b38267,2024-11-18T10:16,8,66.00,Card,Pending
c706d3e4-4a5c-422d-b079-70b7a444cb2c,90f0db1e-2b19-43f7-ba17-233c7c214eca,2024-03-24T10:16,9,114.57,Card,Cancelled
390fc91b-f3f9-428b-b155-5c15933a4657,a5ffc907-be77-43e6-8694-4a0bf09bd3fb,2024-06-25T10:16,8,73.68,Online,Cancelled
63a0ce4c-896e-4281-a2cd-532360d49aec,ec3490d2-e8da-47ee-ae12-0ca0b1d7a2bb,2024-06-23T10:16,7,121.73,Online,Completed
99624ded-0708-4684-97e8-50da0ee001b2,3dcaabe3-78c9-4d88-bed5-56ca7ceea07c,2023-12-02T10:16,2,49.88,Card,Completed
4ca2340c-dc65-46f2-8053-2317e5b2be5f,205ea7f7-e714-45b8-a083-11247ff702a1,2024-07-10T10:16,7,100.87,Online,Pending
f0484c12-2810-4751-ab9d-5b40a5f43d81,0e0d5f13-edd5-4ab0-9ddd-3df111bedc5a,2024-02-12T10:16,9,208.26,Online,Pending
e3d11f94-eb4d-496b-a882-be2167fec1f2,8b115a34-224b-453c-be69-b53a7445b466,2024-07-09T10:16,7,205.03,Card,Completed
84b9a7be-53a2-4273-bcf7-0a76c02085be,98b17fed-218c-4f20-8410-9f0edfc74455,2025-09-11T10:16,4,117.88,Card,Completed
73ad4cba-0750-428c-973b-85c1486851c4,8626238e-5813-415a-9a8c-db944b1e0269,2024-07-15T10:16,7,205.03,Cash,Pending
e3d89873-5945-47e0-8716-950a2f106d4a,7a18d550-38d0-40b2-84a7-547162e7e409,2024-08-08T10:16,5,52.65,Cash,Pending
be317cbf-c4ef-4eca-a785-47c0ec6419d8,c5817fdc-a4dc-4879-b957-30cfda62016b,2025-10-02T10:16,2,49.82,Card,Cancelled
6dacab1b-c6b2-4e13-91e5-25bcea4b0696,bc58b12c-65c4-4f21-89ef-3e492a22ef7c,2024-07-15T10:16,8,75.68,Online,Cancelled
2effdbe7-7436-48cb-8b3a-5cacb990c63a,964d337f-acd5-4ca2-8843-9be3f2eb60fc,2024-08-30T10:16,1,5.70,Cash,Cancelled
a103fd68-ff2e-45ec-8dd6-46e382953b31,05ccd8a5-ea5f-4353-bd1e-3022152b0685,2023-11-15T10:16,1,17.44,Cash,Completed
91c015a7-3752-47e3-90c6-bab55d1c77ab,f067e21d-d1d4-4e87-9cae-9753f5f9ccb6,2025-03-14T10:16,8,207.04,Card,Completed
00d0afe1-7b55-47f2-8761-8621baf4a93e,205ea7f7-e714-45b8-a083-11247ff702a1,2025-01-03T10:16,7,186.13,Online,Completed
715aad8c-fd95-43c3-85a4-dbcdd307a8d8,caad7924-4bc5-4f85-9662-11ca261e3c87,2025-04-03T10:16,2,27.04,Card,Cancelled
3c0c259d-7619-4fde-b59a-4a21c539b860,1407e9cf-22c9-4137-a2fe-cc12dc038235,2025-05-27T10:16,5,25.65,Cash,Completed
5c70e21a-73b1-4d72-a327-d0b17a95884c,52f5634d-de98-4543-8a1e-cbf1e2d0242f,2025-06-27T10:16,6,151.50,Online,Pending
c029859c-3ce5-4c45-8e75-82787961a2d6,c5817fdc-a4dc-4879-b957-30cfda62016b,2024-09-20T10:16,8,104.80,Cash,Cancelled
74941a1a-93b6-4196-9529-72ac3b4658ac,23650eb4-f98d-45a3-a90b-a378f03d469d,2025-10-26T10:16,9,205.38,Online,Completed
ca969f64-7e25-4137-9b8a-1b2c1a9bd86e,f90cf3ca-e2d0-4129-bc7a-e8a2b80880da,2025-04-28T10:16,7,108.01,Card,Cancelled
11fcb757-f51e-4af9-b577-065dcf5d4161,8e1bbe6c-7b75-46dc-8ca1-0b1664cd6ae4,2024-12-28T10:16,4,44.04,Card,Cancelled
6b6266da-35ea-4845-aca2-b2e58efa1ae5,b3688304-b24b-416a-9bf4-c2b6aaeb59d3,2024-08-03T10:16,9,214.02,Card,Pending
b2de60c6-3b68-4d3a-bc39-0461944252fc,1407e9cf-22c9-4137-a2fe-cc12dc038235,2024-02-09T10:16,3,84.33,Cash,Cancelled
37ffc73d-9c08-4e9c-8823-3cd6a9e5833e,5eb75bc0-d5fa-4209-9d42-7767f3f0585b,2025-07-17T10:16,1,18.33,Online,Completed
04f4c9a7-84e7-478f-837b-2094b5768523,80537cf2-360f-4740-8b7e-d4cd56e22987,2025-03-20T10:16,5,144.50,Online,Cancelled
0cbb30ad-9d0e-4be6-adc4-28b13d7ee075,e6e1db85-f8ba-4264-9c9a-520ecda4bc4c,2025-10-09T10:16,5,94.55,Cash,Completed
8fb3dc80-f340-439b-af5a-5fc7724846e6,515fe1d2-d33a-4b9d-8c19-07e0cbe81a9a,2025-01-06T10:16,6,58.56,Cash,Completed
e8be022c-8d8d-4797-aead-0af0996e5227,c83bba2f-5229-4998-9566-1f3179b13e8a,2024-03-28T10:16,2,44.14,Card,Pending
1aa2ee7e-fa45-40a2-bf44-f54a9723705f,8b115a34-224b-453c-be69-b53a7445b466,2024-04-20T10:16,9,191.25,Card,Cancelled
84efa9a8-956a-4235-973b-52f9eafd51b5,c9dcc28a-ae5f-477c-ae7e-72d94129f449,2025-01-18T10:16,1,13.73,Card,Pending
4a41b2df-6dd9-4c26-9fff-f5b312bb9547,1d32c3b3-c732-4995-aa6b-ff159deb3bdf,2024-02-26T10:16,6,106.56,Online,Completed
60e92883-512e-4fd6-8389-2fc2ecce1a14,0a5bd884-b432-4ce5-b14e-44b4aedd4c0f,2025-09-27T10:16,8,207.04,Card,Completed
a2927c33-d1f2-48e4-b6de-dec6f0e90dd3,d7af10ce-45c9-4fc8-8dd8-b1c5491aad5f,2025-10-14T10:16,7,110.46,Cash,Pending
1172da6d-51d1-474b-ad03-e2f3f34753de,62a2bfef-ca4a-4dec-90ea-bf15ea1880d2,2024-11-13T10:16,3,28.53,Online,Pending
cead55d5-4bdb-4ee6-9f5b-c6e8bafeb713,69446e90-4237-4410-ab55-e011eb04cce0,2024-09-12T10:16,5,38.80,Card,Completed
bb70643c-22f1-46ad-879f-c957519cfe16,68169a66-a8d4-4763-914e-7befc826445b,2025-08-01T10:16,8,86.08,Card,Completed
d12538fd-e558-457a-b525-bc6386b46492,36b880b0-e9bd-4c0b-8f1c-32018f6c758a,2025-10-16T10:16,4,100.52,Online,Cancelled
4adbe7a8-0df9-4cee-ab0e-eaa440077734,e12c3d24-86c8-474f-b86b-370df36adbfe,2025-10-08T10:16,9,148.59,Online,Cancelled
343a9d12-d7c1-4ca0-a451-e7ea4cf66cfb,ec3490d2-e8da-47ee-ae12-0ca0b1d7a2bb,2025-04-22T10:16,5,143.30,Cash,Cancelled
cc81958d-9bed-4d1c-a3f2-5711ef594df1,983d66ae-c8b0-46b8-8abc-26a1055cf729,2025-08-16T10:16,3,87.75,Card,Cancelled
530abf73-b6f4-47a3-8281-048c43ddf470,a3f626b9-cc27-4c04-8570-be79ab8bda4a,2024-06-29T10:16,1,25.01,Card,Pending
796b94cc-57ab-417e-b544-a0706f9f29ac,23650eb4-f98d-45a3-a90b-a378f03d469d,2024-12-06T10:16,8,136.56,Online,Pending
77b82b9c-2184-498c-8c39-731a9a6c484b,000f9c8f-2fc7-4346-844d-c04f10751265,2024-11-16T10:16,2,14.78,Cash,Cancelled
20bba5cc-fc17-465a-a3aa-531f3d300244,92da274a-bea2-490a-bb52-196c46fa8487,2024-08-03T10:16,7,202.16,Cash,Cancelled
a6617fdc-157e-42fc-9b11-7d47ddd50c6e,27e45431-1333-4ffd-a0c8-be56ffdc5d4e,2024-10-12T10:16,3,35.46,Online,Pending
0ab5e2dd-8b03-4e2e-a553-7e38845a9b72,14eace30-1ac2-411e-8eef-98e8f32a87fb,2025-08-21T10:16,5,56.85,Cash,Completed
1632394d-f71c-4480-b8fe-d822bf9730ca,7169ef0c-f2c8-4ae3-83f6-87691664d2d2,2024-08-05T10:16,4,51.88,Cash,Completed
540b073c-385d-4a74-9585-06d1c5917463,7169ef0c-f2c8-4ae3-83f6-87691664d2d2,2025-01-13T10:16,1,9.65,Cash,Completed
20ee698d-b43e-4584-bd1d-b91ccb235b2f,2ca088cd-c6c6-4e60-a1a4-d2990ee21b12,2025-06-02T10:16,7,107.24,Online,Completed
2aa29f3d-a605-408c-8e4f-02a16f203820,ebe19120-496a-47fa-87eb-2440212a3363,2024-08-29T10:16,9,190.53,Card,Cancelled
02f5b3ba-ac0b-4a33-8f90-f8c6243881a9,99c406e7-092b-4eeb-bc08-56fc041c253d,2024-08-26T10:16,5,71.20,Online,Pending
0ac31b15-38bd-4cb1-912a-bf87ed3beace,103fcba5-5588-45a5-9fe0-6ac948d3860e,2025-03-09T10:16,3,55.56,Online,Completed
d5fab554-6f32-4964-ae98-c9eddb2f2988,ceafdb2a-788d-48e0-acdd-bd533a2e7ab6,2024-08-25T10:16,2,45.42,Online,Completed
7f94c9c8-16be-47ec-9ab6-273d7bc044b8,d7af10ce-45c9-4fc8-8dd8-b1c5491aad5f,2024-11-22T10:16,9,49.50,Online,Pending
308eb77b-5cb7-4e8b-8f42-2681d9bab50d,4b14a58c-f1e4-40b6-888d-a88cd7055099,2024-10-08T10:16,4,101.76,Cash,Completed
1c508a05-ead2-479f-8a94-fec526a159af,983d66ae-c8b0-46b8-8abc-26a1055cf729,2024-10-20T10:16,7,43.05,Online,Pending
750b58e3-122c-4416-9e14-b895deaa2120,69446e90-4237-4410-ab55-e011eb04cce0,2025-03-05T10:16,5,98.55,Cash,Completed
3812480e-4e1d-49ec-aa5d-7f9b590adc26,49af098b-bf79-4643-8e49-739ea932d38b,2024-03-02T10:16,4,115.40,Cash,Completed
9c172824-0799-4af1-9ff1-3039138be6fa,795088d7-d227-422e-ad8c-f048bde0675e,2024-01-14T10:16,6,122.94,Card,Completed
8a78e819-a1b3-4a5f-8230-5aceb712b7a2,050d9901-1cb5-413a-9c31-282028f863c1,2024-03-31T10:16,4,79.00,Card,Pending
d86222e3-ea79-4150-8abb-ad1386c77f46,7169ef0c-f2c8-4ae3-83f6-87691664d2d2,2025-09-07T10:16,9,172.35,Cash,Pending
9eb11bfc-c38b-461b-88ad-6f8a9f4a426c,ecf1ffb0-ac00-4968-87ea-8beef4ace55a,2024-09-07T10:16,6,103.68,Online,Completed
9dbc757a-f622-4054-bcdd-cf1359fd0945,4bb2d776-14c0-4ef6-b8ba-c580cbed72b8,2024-03-13T10:16,8,44.96,Online,Completed
d3f1d2a6-85a1-4ebf-b764-8e0e17cad249,4b14a58c-f1e4-40b6-888d-a88cd7055099,2023-12-20T10:16,4,52.52,Card,Cancelled
10cd1544-bb0e-47ae-ae25-f7f83553c050,c46351bf-193f-49af-a5d6-456188837c3d,2023-11-17T10:16,7,87.57,Online,Cancelled
bbabb959-e7c0-4316-9b85-b740d15ed3d5,b6c26110-1b77-4777-8c79-c69ec19b66df,2025-01-20T10:16,3,26.82,Online,Completed
2cc1180b-2f93-4eaf-bd54-34b47f6ddda3,e7991221-0de0-4ef8-aa9c-ca3b59197059,2024-12-17T10:16,6,52.86,Card,Pending
215f4503-45c6-408e-91f3-fea8d2be90e2,fe624323-ba72-456d-9842-ed9e0edc75df,2024-04-04T10:16,6,82.62,Online,Completed
7238c4dc-b363-4ac3-adfe-934c6d902f60,6aaabc79-3d35-410f-bb96-f86a3930d0ff,2024-04-06T10:16,4,99.12,Online,Completed
6cdd3ab0-200b-4a5c-8ffa-c442d9f79780,953417c6-cd52-45e9-9ca0-bb450653c934,2024-05-25T10:16,2,41.04,Online,Cancelled
323c6d8c-aeaa-427a-bb69-86b79a2b9226,0a0ac3e5-6e20-4fbc-87ec-5481c70e38bc,2025-05-26T10:16,4,110.16,Card,Cancelled
8158edd9-cab9-4146-9f4b-1c081ec21811,e85d0261-2d97-4475-a749-363ec9040a74,2024-08-28T10:16,9,260.55,Cash,Cancelled
f71c9f58-7f20-4560-82d2-e05b69fc31d7,000f9c8f-2fc7-4346-844d-c04f10751265,2025-08-21T10:16,1,8.96,Cash,Completed
67cfe16e-a6de-4c57-8f89-47584f0fca12,e6e1db85-f8ba-4264-9c9a-520ecda4bc4c,2025-04-27T10:16,5,46.05,Online,Cancelled
8e235eef-f394-4f57-9206-53555a60e3df,60cd80b6-3967-4dae-b4df-adc7b5644971,2025-02-19T10:16,8,112.88,Online,Cancelled
7ea2ca9c-6e39-4351-9f93-466f00d49367,9b9edd1e-b4f7-414c-b8b5-a3dc51fa0a8c,2023-11-19T10:16,6,167.58,Online,Completed
f46fa955-19ef-44c7-b925-856eb1e182fd,fbe227d7-6d32-4407-9783-7fdac983e55f,2024-07-17T10:16,7,152.39,Online,Pending
edb15885-a0a4-42a3-bdc5-09730e960433,56a75a3e-a944-4147-8cba-f1024726993f,2025-04-13T10:16,5,103.90,Cash,Cancelled
a72a46ea-c103-4bb4-a4e7-fe25045156f0,7a18d550-38d0-40b2-84a7-547162e7e409,2024-09-16T10:16,4,59.52,Cash,Pending
eab701ca-0af2-40b8-820e-103459858315,9fa382f0-8393-48db-ad30-43c953282401,2024-03-29T10:16,3,34.20,Online,Completed
2680dc24-ccf9-4e05-bc43-d808941a7ec8,5f6e51da-5f01-4c9a-85dd-7d50ef37e5d7,2025-08-09T10:16,5,144.10,Card,Completed
c047797f-11d3-405b-b877-74eb80cf3b1c,8250871a-2b35-424e-a1a1-4eb4faffabfb,2024-02-28T10:16,1,8.71,Card,Completed
1e081a0f-5376-4340-acd8-693b48432526,6c6a3b10-9747-4dca-a041-4edc22d147b0,2025-02-16T10:16,3,23.49,Cash,Completed
0b45f0de-2791-4636-aa5e-34ea648ea605,99c406e7-092b-4eeb-bc08-56fc041c253d,2025-09-18T10:16,6,79.86,Card,Cancelled
fcefd8bc-9467-4ba5-956f-84707b6ad50e,485b65e7-fdf4-474d-afba-37986d8d3cd8,2025-06-04T10:16,4,71.24,Card,Completed
1156723c-72fc-42d2-9047-571e383b481b,365c90d0-a590-4209-9401-2ce55af5ed98,2024-10-25T10:16,7,100.59,Card,Completed
dffe1971-7c64-417f-9d59-65853a61f02c,25659c0e-6eb5-4c57-add8-fb6ac5f42699,2024-10-29T10:16,9,115.20,Cash,Cancelled
2be5e614-4adb-428a-924e-e6c9b5f51ce1,b04ce307-2d1f-4214-b023-d8f4379041a1,2025-10-21T10:16,4,22.12,Cash,Completed
9f714d66-3aae-4523-8f7d-0037918e44f7,1407e9cf-22c9-4137-a2fe-cc12dc038235,2024-03-05T10:16,2,49.84,Cash,Pending
e32041bb-ee7f-4c38-a14a-39cd4359b254,983d66ae-c8b0-46b8-8abc-26a1055cf729,2024-10-14T10:16,3,73.65,Card,Pending
529ae3d9-3028-4177-99f6-5cbabde5aa04,1407e9cf-22c9-4137-a2fe-cc12dc038235,2024-11-22T10:16,7,161.91,Cash,Cancelled
52f4f5a6-0034-436a-9ecb-93434ae087bd,b047b369-02d0-4f25-9af0-f1e883228863,2025-05-07T10:16,3,54.99,Online,Cancelled
2ebca351-d1f4-49f4-bba3-a7a696b9ca0f,103fcba5-5588-45a5-9fe0-6ac948d3860e,2024-07-03T10:16,3,26.13,Cash,Completed
50ccb167-c681-4ab9-b1fa-31ff89949db9,6aaabc79-3d35-410f-bb96-f86a3930d0ff,2024-04-01T10:16,3,49.71,Online,Cancelled
dca4edfb-a2b1-4d41-8dcd-9b8e60b671b5,cd50913f-8c99-4253-9134-0cf5fe5f300f,2024-03-06T10:16,2,56.54,Cash,Pending
3026d1e0-d684-4e0d-84c9-4062086edbc5,b6c26110-1b77-4777-8c79-c69ec19b66df,2024-07-29T10:16,8,51.52,Cash,Cancelled
ef875208-7ac4-4e79-b455-fe724a04670e,e12c3d24-86c8-474f-b86b-370df36adbfe,2025-04-23T10:16,8,48.80,Online,Pending
d5b56491-dd57-4632-ab97-7a41f8d20530,6e551d53-4f6d-4b84-a9de-3d7c79694805,2024-07-29T10:16,5,139.35,Card,Cancelled
255f4423-66c9-4fb8-835d-59d0d5d70f52,c83bba2f-5229-4998-9566-1f3179b13e8a,2025-05-09T10:16,2,16.16,Card,Cancelled
cb11ec1b-0fac-4266-8d02-2887ea2e8d25,0a0ac3e5-6e20-4fbc-87ec-5481c70e38bc,2025-03-23T10:16,9,172.53,Cash,Cancelled
695f04cb-98fb-4a38-8e84-38bdee2883d5,0130fcd4-a6cf-4a72-8400-7bcae1abce34,2024-08-27T10:16,3,48.81,Card,Pending
1cf04473-55b8-4a2e-bc2b-ba22d24591bf,8f7f530b-bb30-4a05-b437-744ed30af54f,2025-03-16T10:16,5,54.50,Card,Completed
f6a89c71-1870-4636-90fd-2de978a89452,d5eaf6a7-76cc-48ec-98d9-ba713e2df70f,2025-04-20T10:16,7,165.83,Card,Pending
aa5cf551-5ef0-4696-8981-50b6e4da55e8,0d463f72-c3a1-4a2b-8d0d-1721a0d1a06b,2024-01-28T10:16,3,84.12,Online,Cancelled
4ba28327-4b34-42f8-9cfb-4d6801f9a800,3dcaabe3-78c9-4d88-bed5-56ca7ceea07c,2025-08-08T10:16,5,102.25,Online,Completed
c8342c7e-cbb9-4d3d-b9f4-b8d1feab2eb0,0df3bae1-6384-4856-aa27-aef9f6c48b75,2024-06-01T10:16,4,104.16,Online,Pending
d674bb2c-277e-4d6f-bc13-7d67a08fc71d,f067e21d-d1d4-4e87-9cae-9753f5f9ccb6,2025-04-16T10:16,5,137.50,Online,Completed
273f678d-ce21-400c-b8ad-8a66e474da21,c83bba2f-5229-4998-9566-1f3179b13e8a,2024-10-20T10:16,4,116.04,Online,Completed
0a168470-8a3e-49d4-adf6-f5a3ff7ca216,515fe1d2-d33a-4b9d-8c19-07e0cbe81a9a,2024-02-24T10:16,9,54.81,Card,Cancelled
f9315d1c-103d-4454-a69f-2e6835f208ad,ff4db0d8-e809-46e8-9ae0-78ffee4902d9,2024-01-26T10:16,7,125.72,Cash,Cancelled
9e306e64-a464-4b05-a138-c2d736e02685,c3ffc43c-0c11-40fa-9824-f234161741d0,2024-08-04T10:16,6,144.48,Cash,Completed
ab82cfef-3fc7-4ca2-9fff-5b5b9b991e02,7509850a-5062-4da9-aad6-bc5b9e363ef1,2025-03-12T10:16,9,175.50,Cash,Completed
30cbfe78-3c1a-4783-a702-575a81f6832e,2c6dafc9-06cc-4b3d-8b8d-12aae0644c58,2025-03-06T10:16,4,42.48,Cash,Completed
650df23d-5202-4a60-b775-94e9754d24b7,6c6a3b10-9747-4dca-a041-4edc22d147b0,2025-02-12T10:16,3,43.62,Cash,Completed
3858aba0-a81c-4988-b640-ad4f27b11469,9b9edd1e-b4f7-414c-b8b5-a3dc51fa0a8c,2024-11-12T10:16,2,14.90,Card,Completed
2bd0c850-2ccf-4b1f-ade8-571a1ba9c0d6,6f61ca8e-51a1-48e0-abfa-88326e713e34,2025-08-16T10:16,6,112.08,Cash,Cancelled
7329081b-1092-4128-b3f1-79e8222e1b03,ba5d9947-b043-4aca-8ee0-6b77895cf8e8,2025-05-05T10:16,8,97.12,Cash,Pending
ae626cef-5d27-4c4a-af15-0a8cd3fe9981,f6c35464-33dd-44a7-bf84-071f2e427045,2025-04-23T10:16,5,45.10,Card,Completed
a1516219-6175-4ef7-94af-1f265da50205,e38afcd9-9e08-47ba-bc92-5ebb4bc271eb,2025-03-02T10:16,3,76.14,Online,Pending
257051fb-228b-406a-bccc-bb126d3dc983,1d32c3b3-c732-4995-aa6b-ff159deb3bdf,2025-06-26T10:16,2,55.36,Cash,Cancelled
ec01db91-65e6-498f-a7dc-5f70fa2a19a3,27e45431-1333-4ffd-a0c8-be56ffdc5d4e,2024-01-22T10:16,3,19.89,Card,Completed
f290f3f8-68c7-4e6a-9f83-f9aa8c5f0633,401a6911-a31e-4892-adc1-56e3e1eb090a,2024-12-13T10:16,8,125.68,Cash,Completed
4abc889c-4bc1-4be5-8f54-0e2cad370505,a5ffc907-be77-43e6-8694-4a0bf09bd3fb,2025-06-21T10:16,6,176.76,Online,Completed
ef1619c8-158a-4ac7-a9f5-d0ff5bbdede9,bb9edfa8-17f7-4f6f-8e3b-616693a298b1,2023-12-21T10:16,5,80.70,Card,Cancelled
5c184ca0-2c40-4c05-9a13-06285288b9f2,b047b369-02d0-4f25-9af0-f1e883228863,2024-12-25T10:16,1,12.19,Online,Pending
ff3881fc-f07b-4f5c-be3e-d4ad1344e53b,99c406e7-092b-4eeb-bc08-56fc041c253d,2024-05-08T10:16,9,195.39,Online,Completed
a9d44fb9-4778-40b7-8ce4-8a55fe09612a,ecf1ffb0-ac00-4968-87ea-8beef4ace55a,2025-08-10T10:16,8,175.12,Cash,Cancelled
112ef60b-6d9a-44bd-8bf4-bb2d01887af6,7d2df59f-386d-4aec-85a8-2443262a0cb4,2024-01-03T10:16,2,46.30,Online,Cancelled
81ac71d8-eaea-4e76-881f-b387f59b7e8a,a302a1a8-c429-406f-abff-9f273aa0a4b5,2025-09-17T10:16,2,18.82,Online,Pending
3d3ceca7-2bb7-4bee-9a2f-80dd13d7c7f2,6aaabc79-3d35-410f-bb96-f86a3930d0ff,2025-09-10T10:16,6,170.16,Cash,Pending
4d4c5233-1eb8-416d-a780-2e50e4a6758c,726d71e2-70fd-4416-8568-78619c14a73a,2025-03-26T10:16,5,49.45,Cash,Cancelled
7d3fe4dc-9153-4af0-9027-3a85e96ebb47,726d71e2-70fd-4416-8568-78619c14a73a,2025-10-07T10:16,4,45.12,Card,Pending
6f2edbef-513e-4ad7-88cf-ee0fc739bac1,d3f641e5-b8b5-4f5f-9155-7768df2033e8,2024-05-30T10:16,7,85.68,Card,Completed
b6c7ac9e-c66f-4f7a-88aa-77a70c4335d1,1233cc27-7567-48e0-8dd2-6b0019506c2f,2024-05-19T10:16,1,23.04,Online,Completed
1cad4200-6ce4-419c-be9d-1085c62c8778,10b26c2d-7d56-4175-84a8-a2775e128a9d,2024-12-13T10:16,4,111.84,Online,Pending
5b0d7457-8464-4f3e-92f1-e7663a1e8e5b,d5eaf6a7-76cc-48ec-98d9-ba713e2df70f,2024-04-17T10:16,3,36.84,Card,Cancelled
8a0fe32b-f648-4c48-81ad-544a91f04a94,910b1d47-5c37-48b1-8bde-96c60660f1d7,2025-05-05T10:16,5,73.25,Online,Completed
d53d0113-e237-4f6f-8486-1aeca2ff00cc,6c3bf618-a715-40f9-9faa-cfc5f5beef2f,2025-08-22T10:16,1,12.07,Online,Cancelled
ca21402b-d0a4-4793-a109-f309d923f60b,62a2bfef-ca4a-4dec-90ea-bf15ea1880d2,2024-02-08T10:16,7,122.15,Online,Completed
3a672bb8-1835-4cb5-8481-1e3e67701eb5,bfa3444b-2be9-46be-b944-720d86a59770,2024-11-08T10:16,6,153.18,Card,Pending
d1b95390-f561-4d58-a509-69f24987ac0f,25659c0e-6eb5-4c57-add8-fb6ac5f42699,2025-04-25T10:16,2,15.62,Online,Completed
fc81b74a-6ad6-4ca6-a3eb-83a38113a139,b6c26110-1b77-4777-8c79-c69ec19b66df,2024-09-20T10:16,7,56.14,Card,Pending
dfa727ed-482b-4e67-b1db-ff43da933221,77ca464a-fe0d-4dcc-8f08-3eb2f7b64f76,2024-11-19T10:16,7,199.92,Card,Cancelled
15bd023a-3a48-4395-985b-7e0f25cbf2f1,c1a09d60-c9e8-4489-a68e-e01b51541d33,2024-08-04T10:16,1,25.74,Online,Cancelled
1130f953-8e5f-4bab-aa97-9f2f96a99f57,dcfb3d05-846d-4915-99f3-ebbc7559d972,2025-02-11T10:16,6,35.16,Card,Pending
246d228f-7396-4cfe-be4e-d32e4771d844,4b14a58c-f1e4-40b6-888d-a88cd7055099,2024-05-03T10:16,7,161.07,Card,Cancelled
f4ea7856-79c2-4f36-951a-b1bfee23d6f7,a3f626b9-cc27-4c04-8570-be79ab8bda4a,2024-12-19T10:16,5,73.90,Online,Pending
86786c98-427d-4785-bd67-7a7d097ec42a,9305d562-2505-493d-8ed8-3fb721c8f491,2024-12-15T10:16,9,121.77,Online,Completed
1f0f7346-14a7-4e59-9d31-26ff829dc246,cd50913f-8c99-4253-9134-0cf5fe5f300f,2025-10-24T10:16,3,63.21,Online,Cancelled
acf513cd-04ba-4750-96a9-68ecc83a3b4e,0a15d43b-8f6b-444a-bef2-ffbddfdbd16f,2024-09-01T10:16,2,41.84,Card,Completed
e9271f38-60f7-4f93-9b10-32a783ec5b99,4bb2d776-14c0-4ef6-b8ba-c580cbed72b8,2024-07-06T10:16,8,47.68,Online,Pending
c365ad74-3b8a-4b4d-8cc8-fd2094754b80,6bd388d4-5636-450b-bacd-55bdcb769bab,2025-02-16T10:16,8,217.20,Card,Completed
01aac288-45bc-4dd9-949e-13a88087df75,964d337f-acd5-4ca2-8843-9be3f2eb60fc,2025-07-11T10:16,9,87.30,Cash,Completed
21fd1ba5-060d-4f99-b6da-92cc8eec676f,953417c6-cd52-45e9-9ca0-bb450653c934,2024-03-06T10:16,7,199.57,Online,Completed
e1ea13bf-008c-4d5f-9066-60f157db95cc,0472ca7f-b133-4710-8f43-24a3c6c1afd1,2024-01-21T10:16,3,22.83,Cash,Cancelled
cf205ed1-e63d-4da0-bda5-9eae9fd8ab49,5f0f3def-9ff6-4282-ad04-001c4a769966,2025-02-25T10:16,6,122.88,Cash,Pending
52e16bb7-ea11-4003-8ea1-2bd8a34f5aba,98b17fed-218c-4f20-8410-9f0edfc74455,2024-11-06T10:16,6,88.80,Cash,Pending
ee301707-ffa1-4c6a-9ae3-695668ae0451,ada8704c-2784-4d70-84da-10078407d2c8,2024-04-16T10:16,7,107.17,Card,Completed
87b3f17e-5916-4ec4-af1c-6306078db228,9fa382f0-8393-48db-ad30-43c953282401,2025-02-12T10:16,5,142.40,Online,Completed
5297fc80-b157-4db4-9c93-0e0bc7137158,500fde18-ea61-4380-9ea4-f06d09985870,2024-06-01T10:16,3,79.83,Online,Pending
eb993e4d-dc54-4844-a4ca-911abf134f6d,b0d737cd-ec4b-4a88-aa81-d012ef3fb719,2023-12-16T10:16,2,55.68,Card,Completed
299f1442-e469-47b3-9801-2f8e2a1bc949,0a570207-0f70-467f-bbeb-44a0a60a9a25,2025-04-28T10:16,2,13.36,Online,Completed
efab629d-20ef-48a1-a264-9cca7130a240,8b546c63-5406-493d-bc69-cfb594b38267,2024-12-05T10:16,6,133.80,Card,Cancelled
c045fd4f-121b-4af3-8571-17c261ee5ba8,c3ffc43c-0c11-40fa-9824-f234161741d0,2024-06-17T10:16,3,74.85,Card,Pending
ca6b2087-0dd7-4deb-a1db-98c111eb0b6d,c5817fdc-a4dc-4879-b957-30cfda62016b,2025-10-24T10:16,4,29.28,Card,Pending
bd06a2a4-a8a0-4dd8-ad04-1519a180c699,fbe227d7-6d32-4407-9783-7fdac983e55f,2023-11-25T10:16,5,142.20,Cash,Pending
22abb55e-1faf-41c9-a98b-fcb0cae6519a,6f61ca8e-51a1-48e0-abfa-88326e713e34,2024-10-26T10:16,4,117.64,Card,Cancelled
469917da-54df-40bb-b8c2-e6ebf5cc54d1,1233cc27-7567-48e0-8dd2-6b0019506c2f,2024-12-16T10:16,9,99.18,Cash,Pending
d61a5474-688f-42ec-85df-19c6fa3ba95b,0df3bae1-6384-4856-aa27-aef9f6c48b75,2024-12-24T10:16,7,110.39,Online,Cancelled
73eff27b-f807-48b5-87a9-dab2967d8909,60cd80b6-3967-4dae-b4df-adc7b5644971,2025-11-10T10:16,7,62.58,Cash,Cancelled
6c8b2c7a-87a7-4437-aa3e-9fe668f12d6d,b03f75c1-655f-4480-a2bf-1a0af806e96e,2025-07-17T10:16,9,90.00,Card,Completed
212d19b9-8545-4080-a175-7a3b6a75fc13,0a15d43b-8f6b-444a-bef2-ffbddfdbd16f,2023-11-19T10:16,3,80.22,Card,Completed
9a17ffc2-ab69-4b29-a38d-e3818ab56b57,6b1178fc-1745-401d-88da-3903c243ebe9,2025-05-08T10:16,9,61.92,Card,Cancelled
9517cb2b-cab8-45c2-894c-be030e01fcce,4739f27f-7a96-4d52-83ae-0c6fd4c8c606,2024-03-05T10:16,5,55.00,Cash,Completed
210e5cfa-99ed-4e75-87cf-87a9ef3b179f,2ca088cd-c6c6-4e60-a1a4-d2990ee21b12,2025-10-28T10:16,2,46.32,Cash,Cancelled
1b201c81-84f5-4285-89db-771245c08b48,c3ffc43c-0c11-40fa-9824-f234161741d0,2025-08-14T10:16,4,68.96,Cash,Cancelled
ac2e2d13-0114-4366-9947-c7166e25ba75,89d26a00-0fde-4c03-8430-b06f6bc3f33a,2024-12-25T10:16,5,89.85,Online,Cancelled
d174525b-36db-4e86-9907-17f9b9c49687,05ccd8a5-ea5f-4353-bd1e-3022152b0685,2024-10-07T10:16,2,55.98,Cash,Cancelled
1ff35edc-b55e-4989-8981-1beb5bf67013,cb8747c7-32ca-4b6b-868d-13ab01d953ec,2024-10-13T10:16,7,123.48,Cash,Pending
431d3f12-407a-4603-b7bc-3c5b37fba4c8,4739f27f-7a96-4d52-83ae-0c6fd4c8c606,2024-03-16T10:16,9,170.28,Cash,Cancelled
09a67b85-7868-4860-947d-094f898586a7,8887df7e-682b-4d48-b18c-c1ddfa0aaa26,2024-11-09T10:16,4,96.80,Card,Pending
b2a2ad8b-3893-4d4a-8fbf-b287027ad10d,b03f75c1-655f-4480-a2bf-1a0af806e96e,2024-04-16T10:16,4,93.08,Card,Completed
20b5682e-d8dc-45a9-af46-7b3e3105ed57,ebbc7df0-770d-44f8-b0ff-c62f9006e40e,2025-09-11T10:16,8,216.56,Online,Completed
f0d07972-594e-4e19-8e8b-41e0f67198c2,3e97fc93-73a7-45e0-9888-f7a03ee258a7,2025-08-29T10:16,4,100.24,Card,Cancelled
30deaa58-3cdb-415d-998b-bf8085b18679,6bd388d4-5636-450b-bacd-55bdcb769bab,2024-06-23T10:16,9,148.32,Cash,Pending
f94169ae-3499-4e39-a707-bc43c983cdfb,6f61ca8e-51a1-48e0-abfa-88326e713e34,2024-07-12T10:16,2,42.72,Online,Pending
e378059e-c160-4070-9958-3047ba36509a,c3ffc43c-0c11-40fa-9824-f234161741d0,2025-04-23T10:16,9,207.27,Online,Pending
922814b5-a719-4924-8c66-418ae7e7d57c,0a0ac3e5-6e20-4fbc-87ec-5481c70e38bc,2024-07-19T10:16,9,105.39,Card,Completed
c9c87af9-5f6f-45cb-a96c-c616d32f53e8,0fcf4084-ea31-49f8-99f9-9bf8c8b0c16b,2025-06-21T10:16,7,59.08,Cash,Pending
a82d0c3f-c062-4c8b-aa0b-c44c1638a188,89d26a00-0fde-4c03-8430-b06f6bc3f33a,2025-05-14T10:16,8,82.00,Online,Pending
514b547e-11a2-4cfd-b1ad-ed37c811d921,caad7924-4bc5-4f85-9662-11ca261e3c87,2023-12-31T10:16,9,55.08,Online,Completed
23f7c087-e491-40a0-9b03-2912f14d6d99,885715b6-b1eb-44ca-8460-28c0343e56f3,2025-03-14T10:16,2,18.46,Cash,Completed
36ad6288-9b89-4ec6-be74-574d01e133d1,d3f641e5-b8b5-4f5f-9155-7768df2033e8,2025-01-01T10:16,1,6.62,Card,Completed
d7fa2852-3a8c-4a5c-a09b-abb956cb9a62,8b546c63-5406-493d-bc69-cfb594b38267,2024-02-16T10:16,4,65.60,Card,Cancelled
b3177899-980b-4871-badc-a0925dac3e01,b04ce307-2d1f-4214-b023-d8f4379041a1,2025-04-29T10:16,7,196.28,Card,Completed
0bff22ba-cfb6-4918-a4db-c599ca13e88e,92da274a-bea2-490a-bb52-196c46fa8487,2025-11-10T10:16,5,142.25,Cash,Cancelled
f2128dab-28f4-414f-9244-23c618f75f3f,c3ffc43c-0c11-40fa-9824-f234161741d0,2024-10-07T10:16,3,28.44,Cash,Cancelled
4a36cd16-c7a9-4dd8-9532-b5bfd4b49aec,8b546c63-5406-493d-bc69-cfb594b38267,2025-07-23T10:16,3,73.02,Card,Completed
50ae49f5-aecf-4b17-ba53-085e29430721,e6e1db85-f8ba-4264-9c9a-520ecda4bc4c,2024-06-06T10:16,9,79.02,Card,Pending
9f740692-2bae-4900-98af-1df234e37d5c,8626238e-5813-415a-9a8c-db944b1e0269,2024-11-27T10:16,2,28.58,Card,Cancelled
a95a8bdf-3d7d-4704-91e1-0bbfcc98b3bf,bc58b12c-65c4-4f21-89ef-3e492a22ef7c,2024-01-23T10:16,3,84.84,Card,Cancelled
2695d9e8-ea3d-43ea-82fb-6eadd38ff1bf,7c991f43-c18b-4404-8826-97691b0dc00c,2024-03-23T10:16,6,96.96,Online,Cancelled
67e5c1d6-118e-48da-8ee6-7fbeef086f47,77ca464a-fe0d-4dcc-8f08-3eb2f7b64f76,2025-09-18T10:16,6,93.96,Cash,Cancelled
06c4bfc2-6b67-4be1-93d5-ca8ab3f4b71e,e7991221-0de0-4ef8-aa9c-ca3b59197059,2024-07-10T10:16,3,63.33,Online,Completed
e523dbe3-2597-4730-a72e-44b3a4c7391f,6e551d53-4f6d-4b84-a9de-3d7c79694805,2024-12-25T10:16,2,45.40,Online,Cancelled
7031a01e-7fd3-480d-9df8-9916876673a5,ff4db0d8-e809-46e8-9ae0-78ffee4902d9,2025-06-11T10:16,3,79.23,Cash,Cancelled
5bda4c6c-4791-4339-ab76-9071ca09a767,0a5bd884-b432-4ce5-b14e-44b4aedd4c0f,2025-02-17T10:16,4,63.56,Online,Pending
9bc16f65-01aa-4cca-92cf-9bab0217255c,14eace30-1ac2-411e-8eef-98e8f32a87fb,2024-07-16T10:16,9,240.57,Card,Pending
0c88cda4-80fb-47b5-8dc3-05cb707436b8,2c6dafc9-06cc-4b3d-8b8d-12aae0644c58,2024-12-18T10:16,2,59.58,Online,Pending
63d63d8b-4c08-4ed5-aeab-4245fa0e0903,c46351bf-193f-49af-a5d6-456188837c3d,2025-06-16T10:16,8,94.72,Card,Cancelled
5e7b284d-2776-4937-b3a9-a35168db3c61,d7af10ce-45c9-4fc8-8dd8-b1c5491aad5f,2024-08-07T10:16,8,223.60,Cash,Cancelled
7ea02374-fe84-4f1d-ba1a-b2ac9741a8d6,e277d099-db2a-4aee-ab86-8b0e73a34383,2024-02-20T10:16,2,57.44,Cash,Pending
1258332d-f943-482e-bb54-521388117739,485b65e7-fdf4-474d-afba-37986d8d3cd8,2024-07-07T10:16,2,45.30,Cash,Completed
5d33b9b9-3229-484c-9b2c-980d11bafa60,ec3490d2-e8da-47ee-ae12-0ca0b1d7a2bb,2024-10-23T10:16,1,13.28,Card,Completed
192e058c-a2b5-421c-bc1e-423984c01a64,ebe19120-496a-47fa-87eb-2440212a3363,2024-07-30T10:16,9,269.37,Card,Cancelled
120a19e0-41ed-4d3c-98ed-a3de1d02a51a,69446e90-4237-4410-ab55-e011eb04cce0,2025-10-03T10:16,3,50.58,Card,Pending
93156d7c-c984-444d-8ca8-e77958de83da,fe624323-ba72-456d-9842-ed9e0edc75df,2024-07-24T10:16,1,23.81,Cash,Completed
ae3bff1d-0f76-4905-bec6-8a3648981b5a,36b880b0-e9bd-4c0b-8f1c-32018f6c758a,2023-12-10T10:16,4,50.24,Online,Pending
1dc1a7be-27f0-49af-bebb-6d0349506949,000f9c8f-2fc7-4346-844d-c04f10751265,2025-06-23T10:16,9,121.14,Card,Cancelled
c1a15036-e96f-4709-a104-6c8589b162a6,e12c3d24-86c8-474f-b86b-370df36adbfe,2025-10-06T10:16,1,27.88,Online,Completed
c1caaf2e-7182-46e9-889b-7bd7fe9b9913,5400d214-6176-40bf-88d2-3f53ed38bf69,2025-01-31T10:16,7,87.15,Cash,Completed
f14b8f63-58e4-4526-9cfc-994a6c35daac,365c90d0-a590-4209-9401-2ce55af5ed98,2024-07-19T10:16,8,142.24,Cash,Cancelled
73d70479-ef55-418a-a269-f65cbf4e6c48,6aaabc79-3d35-410f-bb96-f86a3930d0ff,2025-09-14T10:16,9,140.22,Cash,Pending
dbdd9418-18fa-4524-9a2c-475b8a1738cd,0fcf4084-ea31-49f8-99f9-9bf8c8b0c16b,2025-04-09T10:16,8,54.80,Cash,Cancelled
27498b17-748f-4b22-b001-7bf7ff441fff,e6e1db85-f8ba-4264-9c9a-520ecda4bc4c,2023-11-20T10:16,4,40.16,Online,Completed
c5eabf61-7cd0-45a6-86bf-7773f1e95048,5400d214-6176-40bf-88d2-3f53ed38bf69,2024-02-13T10:16,9,226.35,Online,Cancelled
3e5709ad-19d1-4024-a8e4-b4f2c7ee232c,d5eaf6a7-76cc-48ec-98d9-ba713e2df70f,2025-09-22T10:16,7,167.30,Cash,Pending
2ba3b4e6-bb05-42c0-a79b-33898c954bde,e85d0261-2d97-4475-a749-363ec9040a74,2025-08-11T10:16,9,213.66,Card,Pending
3c890a60-267b-4117-9404-c4852ab97df6,7a2e5fa5-096b-4701-8ce6-7a3db39bf8eb,2025-05-17T10:16,5,38.85,Cash,Completed
edf20e2d-1ae1-408b-a8dc-dcd820064c35,3e97fc93-73a7-45e0-9888-f7a03ee258a7,2024-11-06T10:16,7,38.57,Cash,Completed
f4a1484b-843e-4cc0-ad24-132e87e6890e,59827b2a-ae17-44b1-bd6f-6f08718559cb,2023-12-06T10:16,8,99.60,Card,Pending
82537d1f-185f-45eb-adb7-bd62a65b0de1,d5eaf6a7-76cc-48ec-98d9-ba713e2df70f,2024-09-29T10:16,5,90.25,Cash,Cancelled
2943fa12-059a-4301-b772-e267c95a6414,795088d7-d227-422e-ad8c-f048bde0675e,2024-06-11T10:16,9,127.08,Cash,Completed
0da7946b-b87f-4e18-a663-0154af8495da,05ccd8a5-ea5f-4353-bd1e-3022152b0685,2024-11-09T10:16,4,29.72,Online,Cancelled
f390c4f4-b320-44f5-b5e2-f96512bfe0d3,68169a66-a8d4-4763-914e-7befc826445b,2023-11-18T10:16,7,73.43,Card,Completed
f5aece5e-5499-4293-9874-a0e1b1046612,b03f75c1-655f-4480-a2bf-1a0af806e96e,2024-01-10T10:16,9,260.73,Cash,Completed
d579831a-e876-4b3d-bce3-9977a21cfcf4,b95f7619-fab2-4df9-8683-1f2aeb93a660,2024-10-17T10:16,4,49.80,Online,Cancelled
1afca578-4690-4f16-a01c-3c5425e6e056,795088d7-d227-422e-ad8c-f048bde0675e,2024-03-25T10:16,1,26.71,Online,Cancelled
50acb473-ac99-4462-b614-dfb5ba725353,a302a1a8-c429-406f-abff-9f273aa0a4b5,2025-10-13T10:16,8,233.36,Online,Pending
bebadc8d-08a3-46ba-8ed1-3a91396aef29,11526850-7335-463f-b740-a52a90457c3b,2024-06-16T10:16,9,71.28,Card,Completed
2ba4316a-7a19-4257-ace5-04dc157b5164,26d032f1-9fe9-487a-987a-a8be14e1db05,2024-07-22T10:16,3,75.27,Online,Completed
58172639-270d-4bce-be9f-d1fb542a9b70,3e97fc93-73a7-45e0-9888-f7a03ee258a7,2025-04-10T10:16,4,107.16,Card,Pending
4d1fd895-368f-458b-b7da-34f2d475900c,5f6e51da-5f01-4c9a-85dd-7d50ef37e5d7,2023-12-16T10:16,9,61.65,Card,Pending
d880ba1d-35f5-4668-8753-71a68335f62d,1a48aa9a-def3-481d-922a-94300aa97309,2025-08-07T10:16,8,210.48,Card,Cancelled
d75ee114-086f-44cf-b6c5-33f35f8b8b33,5f0f3def-9ff6-4282-ad04-001c4a769966,2024-12-19T10:16,3,80.07,Online,Cancelled
e39ff9b5-2435-4247-93d4-08cf2c8db265,4b14a58c-f1e4-40b6-888d-a88cd7055099,2024-09-07T10:16,7,142.80,Card,Completed
38786cf1-55e3-4eda-bdb1-35911c617634,8250871a-2b35-424e-a1a1-4eb4faffabfb,2023-12-24T10:16,7,125.23,Cash,Pending
cc21efe0-3904-4e8d-9fbc-f0932a2d5f06,6f61ca8e-51a1-48e0-abfa-88326e713e34,2024-06-08T10:16,6,161.76,Online,Completed
448d68fc-cb01-485c-b5b8-b6a34c6cfef9,2c6dafc9-06cc-4b3d-8b8d-12aae0644c58,2024-12-12T10:16,4,119.92,Cash,Completed
3ce72cca-ff4e-432b-b4a3-ef537a437e5d,824998a2-7592-4051-ab0b-d5e12743c93b,2025-10-06T10:16,2,14.50,Cash,Pending
82a3a8dd-98cb-4d7d-936f-8e6c7de3acfa,cd50913f-8c99-4253-9134-0cf5fe5f300f,2024-04-23T10:16,4,42.20,Online,Completed
16af651f-ff5a-40c6-b365-7e79f915cb5a,d3f641e5-b8b5-4f5f-9155-7768df2033e8,2025-06-28T10:16,3,21.72,Online,Pending
08c069a3-f067-4bfe-8037-2a569e5a2c4e,8b546c63-5406-493d-bc69-cfb594b38267,2025-07-12T10:16,6,53.46,Cash,Pending
ad1a3553-60c3-4528-aa44-4434c2e3278a,53db1213-7316-47bb-9099-c1def0e3c96b,2024-01-16T10:16,6,79.92,Online,Completed
3a1e9395-cc7a-4ca2-9c6e-30b2e8f3bdfc,fe624323-ba72-456d-9842-ed9e0edc75df,2025-01-22T10:16,7,144.76,Cash,Pending
9ad1a818-efc2-47ad-9dd3-ce0fd1e22dd4,56a75a3e-a944-4147-8cba-f1024726993f,2024-08-07T10:16,1,6.95,Cash,Completed
c8e1094f-7979-4266-acf4-6ba0a3008a5a,6c6a3b10-9747-4dca-a041-4edc22d147b0,2024-05-11T10:16,4,78.88,Online,Pending
80cf0d2e-72ee-431d-b132-16e680a8dd75,000f9c8f-2fc7-4346-844d-c04f10751265,2023-12-24T10:16,4,70.12,Online,Cancelled
84910b83-c421-48c2-a73d-79820b32fd7c,ba5d9947-b043-4aca-8ee0-6b77895cf8e8,2025-05-07T10:16,4,64.20,Cash,Pending
bdbf9912-3276-4dbd-9584-aada828f7d9b,b6c26110-1b77-4777-8c79-c69ec19b66df,2025-03-06T10:16,1,26.45,Card,Cancelled
514fe861-ea1e-4b31-8131-8212374c0a93,5f6e51da-5f01-4c9a-85dd-7d50ef37e5d7,2024-04-17T10:16,5,70.15,Online,Completed
b8a1cc7b-fdc9-4531-9f52-6ecd710bc73f,a190f67b-21df-46bc-8164-46bdfa00af85,2024-07-19T10:16,4,22.76,Card,Cancelled
c4f939aa-cf05-47b8-b590-e37f4b73f13b,e7991221-0de0-4ef8-aa9c-ca3b59197059,2024-08-14T10:16,3,73.74,Online,Pending
2b1bd4fc-c263-41f0-be34-8d56a8441dfe,c83bba2f-5229-4998-9566-1f3179b13e8a,2024-05-07T10:16,6,61.02,Online,Completed
e96a58c1-21ed-4659-b6ae-d33331bbd959,10b26c2d-7d56-4175-84a8-a2775e128a9d,2024-11-03T10:16,7,165.83,Cash,Cancelled
a1a0a005-3a7a-42b0-9cd4-84964df806a0,8250871a-2b35-424e-a1a1-4eb4faffabfb,2025-10-04T10:16,1,15.11,Cash,Completed
37e726b6-cb61-4e92-92c8-958e183a56bd,0472ca7f-b133-4710-8f43-24a3c6c1afd1,2025-08-12T10:16,6,45.06,Cash,Completed
91d0e23b-e796-4173-9594-ca7d13279ff4,caca465c-e9f2-4add-91b5-24c70595e321,2024-07-16T10:16,9,60.84,Card,Completed
9cd9dc57-6006-4629-b234-6d95b52e1dd6,caad7924-4bc5-4f85-9662-11ca261e3c87,2024-06-01T10:16,3,83.46,Card,Cancelled
998bd5aa-9422-4e5f-8525-d506e45b74ff,bb6ceda0-3f7a-4dfa-9862-41a88dd468b2,2024-03-06T10:16,6,103.74,Online,Pending
89951210-687e-4928-8e8b-f06bfd0451fe,a190f67b-21df-46bc-8164-46bdfa00af85,2025-05-09T10:16,7,60.76,Online,Pending
3199536a-940f-4821-9f21-aa8a26a2779e,c3ffc43c-0c11-40fa-9824-f234161741d0,2024-04-11T10:16,4,93.72,Card,Cancelled
bb56b7fe-8e22-4e0b-9b0c-078bea66aad8,2c6dafc9-06cc-4b3d-8b8d-12aae0644c58,2025-05-03T10:16,7,161.77,Online,Pending
fedf6072-8f32-4761-8204-eabfda3e500e,d3f641e5-b8b5-4f5f-9155-7768df2033e8,2024-09-02T10:16,7,114.38,Online,Pending
4ca4bd15-311e-4724-ab35-d755dc56edb5,8e1bbe6c-7b75-46dc-8ca1-0b1664cd6ae4,2025-10-16T10:16,9,132.03,Cash,Pending
c78fced0-7ec3-4afd-9e41-489aa61dfd74,00d7ae70-0f46-4453-963c-4ab2a3d29314,2025-01-30T10:16,9,222.66,Online,Completed
052938a8-fb82-4101-9b89-e4bcb22a6d7b,fdb5454e-2230-489e-ade4-9218ff28cbd8,2025-08-06T10:16,4,43.44,Online,Pending
4e23684a-d50b-4545-9437-47003b69ac88,ba5d9947-b043-4aca-8ee0-6b77895cf8e8,2024-03-26T10:16,4,111.28,Online,Pending
f9301dfa-1082-4bdc-86c6-499fac4740be,06e585f0-5b60-4900-81d1-3379328e6c17,2025-05-20T10:16,6,100.20,Online,Completed
58286d4a-d2ed-4f69-b072-e3525e838adb,1eeb9c5f-5b7a-47af-b4f1-5a50d9d1089c,2025-09-26T10:16,5,114.65,Card,Cancelled
50898fb9-26ee-4aa5-af97-23685e94d3f7,f90cf3ca-e2d0-4129-bc7a-e8a2b80880da,2025-04-18T10:16,3,56.85,Online,Cancelled
ad7b9128-df70-4313-9339-525a4eca91cf,1a31c678-d420-495a-aff3-0f1609514e1e,2023-11-23T10:16,1,11.09,Card,Pending
5559af49-90e6-4208-9e18-35f75ffaf32f,3befa4dc-d961-4a3a-9410-d43d1bdaa335,2024-08-19T10:16,4,81.92,Card,Completed
65d36932-f0cf-48af-9a0a-43c95eea80ea,52f5634d-de98-4543-8a1e-cbf1e2d0242f,2024-01-15T10:16,4,104.36,Card,Completed
ea1b0fc9-3b93-4352-b340-c2f70c051b77,e119f98a-df63-41dc-8e01-bb49ca2dc724,2025-09-22T10:16,1,5.03,Card,Pending
65f8e037-209c-49e8-9194-fe61ea40ab17,0a5a9fc7-e126-48f0-99aa-dea85c606f66,2025-09-18T10:16,3,37.53,Card,Cancelled
6feb8e9e-5c01-42aa-a923-297ec4281f35,65b2c0ea-6192-47fc-9286-2c1dd3ecefb1,2023-11-24T10:16,1,14.93,Card,Pending
14c862ec-97f2-4484-ad64-359a3ae8429f,56a75a3e-a944-4147-8cba-f1024726993f,2025-02-14T10:16,6,79.74,Card,Pending
c63b812d-ab25-43ca-94f7-9b33b6601fb7,6c3bf618-a715-40f9-9faa-cfc5f5beef2f,2025-10-16T10:16,9,132.84,Cash,Cancelled
df61084d-edee-495d-b15c-f0ab474cdff6,26d032f1-9fe9-487a-987a-a8be14e1db05,2025-04-12T10:16,5,33.60,Cash,Pending
c0248be9-78f3-4a59-8519-ab95360ee6c2,b3688304-b24b-416a-9bf4-c2b6aaeb59d3,2025-06-03T10:16,1,8.87,Online,Completed
38d1fd21-9598-41cd-a45f-e277d85a00c0,7a2e5fa5-096b-4701-8ce6-7a3db39bf8eb,2024-06-17T10:16,9,119.07,Online,Completed
cc038064-eba1-4d32-890e-f88c9361c60a,3ab3404a-ee80-4ed2-8d90-a6f0dad14e48,2025-04-12T10:16,2,31.98,Cash,Completed
caf67c56-3a4a-44f5-94cd-1b343116ca97,bfa3444b-2be9-46be-b944-720d86a59770,2024-03-05T10:16,6,126.72,Card,Completed
8eebb379-4c7c-4ed1-a72c-aad81779544f,a5ffc907-be77-43e6-8694-4a0bf09bd3fb,2024-12-22T10:16,8,199.76,Cash,Completed
56757e3e-579d-4670-a084-96aafb638b27,f067e21d-d1d4-4e87-9cae-9753f5f9ccb6,2023-11-14T10:16,4,38.56,Online,Cancelled
c04d2af4-927e-4873-8ee3-9767776a90ec,f543de06-e341-4de2-95ab-ca0fd3ee51fe,2024-04-11T10:16,2,35.58,Card,Pending
88d4da5e-15e6-4c52-a702-664686755c51,21edfc22-3f73-4335-a774-3cf78ab65e86,2024-08-07T10:16,7,140.84,Cash,Completed
037e1c3a-1fee-4638-b332-6bb54daaad1f,d6d4ef4b-0870-48aa-b884-013237f255f4,2024-11-22T10:16,9,54.54,Cash,Completed
c68d25be-b96b-498f-ac1f-442600b4cf5a,7a2e5fa5-096b-4701-8ce6-7a3db39bf8eb,2024-05-01T10:16,9,138.78,Cash,Completed
c8053c7e-3050-431f-9de6-c1bd80fc3c52,205ea7f7-e714-45b8-a083-11247ff702a1,2023-11-15T10:16,7,121.38,Online,Pending
c632c362-2e09-4036-8bd2-0e4c7698e5a1,c1a09d60-c9e8-4489-a68e-e01b51541d33,2024-01-17T10:16,5,127.65,Card,Completed
4d48e40e-e31e-43ea-82b8-93fb1c035239,cd50913f-8c99-4253-9134-0cf5fe5f300f,2024-07-26T10:16,9,244.08,Cash,Cancelled
551c304d-e1d8-474f-b17f-df9315e7c857,058b9c75-b72f-4594-80d2-e41194ff7672,2025-04-09T10:16,5,39.50,Cash,Cancelled
46beed8f-41f3-4dc8-8f83-86ffd9840db4,ec3490d2-e8da-47ee-ae12-0ca0b1d7a2bb,2025-02-28T10:16,5,68.10,Online,Cancelled
455a4117-02d2-4a7f-bbae-ee1310d318a6,6117b6f0-c4f4-4bf1-9eeb-f33950decba8,2024-11-19T10:16,4,55.92,Cash,Pending
91383f00-8e51-4110-a659-b8bfe6796c38,ec3490d2-e8da-47ee-ae12-0ca0b1d7a2bb,2025-05-24T10:16,2,45.88,Card,Pending
a3c0fe3f-bd8f-46ff-b5f1-f6bf66262bb9,d7af10ce-45c9-4fc8-8dd8-b1c5491aad5f,2025-04-22T10:16,1,18.07,Online,Completed
875cda25-b425-44cd-85ef-fb799b573ffd,205ea7f7-e714-45b8-a083-11247ff702a1,2023-12-06T10:16,6,146.52,Online,Completed
20dd49be-89df-42ed-9a8b-91ab2a375fe5,b3688304-b24b-416a-9bf4-c2b6aaeb59d3,2024-06-23T10:16,8,159.04,Card,Completed
be77383f-6fe7-44f4-98d0-1179b7621d84,5f6e51da-5f01-4c9a-85dd-7d50ef37e5d7,2025-02-25T10:16,4,56.88,Online,Completed
92c3736b-f645-42f2-9650-20dea588a9bb,964d337f-acd5-4ca2-8843-9be3f2eb60fc,2024-01-29T10:16,6,159.78,Cash,Pending
0b0e21e6-4dae-4e2b-b6ef-0d0436d11c47,103fcba5-5588-45a5-9fe0-6ac948d3860e,2024-07-28T10:16,3,88.59,Cash,Completed
ce7168bf-6bc0-404e-8e04-c1269a5bec8a,ada8704c-2784-4d70-84da-10078407d2c8,2024-02-07T10:16,1,18.41,Online,Pending
b6a176b9-953b-4deb-b4d2-e802a8240066,60cd80b6-3967-4dae-b4df-adc7b5644971,2024-03-24T10:16,9,236.07,Cash,Cancelled
9719bc50-bbc8-4f96-bd5f-693faba7f1b0,aff4340c-d102-49ba-af8e-84d2737ce82c,2024-01-07T10:16,3,58.83,Cash,Pending
fabe6f5c-50c3-43b6-993a-5569743054c9,14eace30-1ac2-411e-8eef-98e8f32a87fb,2024-06-20T10:16,9,90.00,Cash,Completed
38957fc1-bc7a-49d0-8d99-4f0a3cd6ff77,6c6a3b10-9747-4dca-a041-4edc22d147b0,2025-05-08T10:16,7,140.56,Cash,Pending
c4698fa2-8f34-4387-a545-cbbce5f12d25,6bd388d4-5636-450b-bacd-55bdcb769bab,2024-10-09T10:16,9,106.92,Card,Completed
e7e16e6d-22ff-4e81-828e-ddae4c478c8c,e7991221-0de0-4ef8-aa9c-ca3b59197059,2024-10-20T10:16,6,175.38,Cash,Completed
46d6301a-b4f9-4195-b72b-ebd83fdec328,d7af10ce-45c9-4fc8-8dd8-b1c5491aad5f,2025-02-03T10:16,5,105.35,Online,Pending
28ed004c-e25a-4c42-a804-679bee697d5f,b6c26110-1b77-4777-8c79-c69ec19b66df,2024-12-27T10:16,1,17.35,Card,Cancelled
ed3463a6-c454-436b-b564-bc86e82d4895,1233cc27-7567-48e0-8dd2-6b0019506c2f,2025-06-30T10:16,6,148.08,Online,Pending
7fe82088-eebd-40e1-807f-55ec785ca397,3ab3404a-ee80-4ed2-8d90-a6f0dad14e48,2024-06-22T10:16,7,166.67,Online,Cancelled
14aabd0f-c5ea-44fd-8e54-7d11ebff0ac1,d87f31d7-79ef-4c17-856e-142e791b04da,2025-07-31T10:16,1,29.28,Card,Completed
21eae43b-c1cf-43b5-843f-be25e12118fb,b03f75c1-655f-4480-a2bf-1a0af806e96e,2025-09-17T10:16,7,201.18,Online,Pending
4ae4802b-70aa-4580-b2f5-30c5d0232aa4,c9dcc28a-ae5f-477c-ae7e-72d94129f449,2025-09-04T10:16,4,79.88,Cash,Completed
6e50b9a4-6106-44b0-8dc5-aee5e1cabe60,cd50913f-8c99-4253-9134-0cf5fe5f300f,2025-08-06T10:16,1,21.52,Cash,Pending
1acb0865-ebc1-425a-9f07-5b04ea54d575,6bd388d4-5636-450b-bacd-55bdcb769bab,2024-05-28T10:16,3,54.99,Online,Pending
c6c42a36-b841-4a1c-9f24-b9f519e1cfbe,8113211c-bdc3-4bb0-94d9-3fd3871f3005,2024-01-18T10:16,4,40.08,Cash,Completed
e485718a-5f36-405b-904a-9e18838ae5d0,e7991221-0de0-4ef8-aa9c-ca3b59197059,2023-12-27T10:16,3,18.87,Card,Completed
18e58ef9-91c5-430f-b577-788df138c00f,73a2b03c-2dca-486e-8ebc-c4d6bb68a8c6,2023-12-12T10:16,7,108.57,Cash,Cancelled
1276f9d1-d8f7-48e5-944c-d0bd146fe16e,b04ce307-2d1f-4214-b023-d8f4379041a1,2025-03-06T10:16,5,61.30,Cash,Pending
aeaf1ebc-9c05-4b6c-baed-ce93d95d5df3,e12c3d24-86c8-474f-b86b-370df36adbfe,2024-05-23T10:16,3,18.72,Online,Cancelled
11486352-3337-47ea-b0ad-fe583ccbee04,6e6d2c67-f7fb-4a98-8f9a-4822259b25c4,2025-01-14T10:16,7,144.34,Card,Cancelled
f57fec98-778f-4483-a30a-0be2ebbec3ef,a3f626b9-cc27-4c04-8570-be79ab8bda4a,2024-10-22T10:16,9,167.31,Cash,Pending
7064a9d9-317f-4f60-9a3c-93328e11e74c,8b115a34-224b-453c-be69-b53a7445b466,2024-06-20T10:16,3,89.73,Online,Completed
bb841062-6282-4d20-a596-0f820c206f5a,98b17fed-218c-4f20-8410-9f0edfc74455,2024-08-11T10:16,2,13.90,Online,Pending
21373ded-2e27-45b5-b7c1-03c645987ff7,4b14a58c-f1e4-40b6-888d-a88cd7055099,2025-02-12T10:16,9,235.98,Card,Pending
54113f3b-b010-4546-aaac-2d20acd9316f,5d6f84a5-a4de-442e-99b9-b8ef714b4436,2025-01-10T10:16,7,42.70,Cash,Cancelled
d15ca3b9-137a-46dd-84ca-eebe01a36077,0e0d5f13-edd5-4ab0-9ddd-3df111bedc5a,2023-12-25T10:16,4,77.40,Cash,Pending
1854e4b4-4466-44ca-a827-75c02e615389,209e786b-2a61-4e52-a3b2-1cc98bcbf18c,2025-01-29T10:16,3,53.91,Cash,Pending
01942795-e945-4d14-93c2-6e6f86aa1382,f543de06-e341-4de2-95ab-ca0fd3ee51fe,2023-12-01T10:16,1,16.96,Card,Completed
4fe4809e-9927-4f14-ad4e-2fd8ac6bfb93,49af098b-bf79-4643-8e49-739ea932d38b,2024-08-07T10:16,9,88.02,Card,Pending
9f0fa4f6-ff17-469d-ad0a-0ed9a1c580ea,27e45431-1333-4ffd-a0c8-be56ffdc5d4e,2024-05-14T10:16,5,109.30,Online,Completed
916e32dd-ba5f-4072-8776-4091ad0a4571,f3826f04-0dfa-4266-8002-58fede0093f5,2023-12-24T10:16,3,36.09,Online,Cancelled
a6998e1b-b08e-4465-8255-568f6f056097,c63bd277-c81c-40c5-8720-6ce916d653c4,2025-05-05T10:16,2,47.88,Cash,Cancelled
d65d5aad-0499-455d-a4b5-44bf099084a4,983d66ae-c8b0-46b8-8abc-26a1055cf729,2025-01-22T10:16,9,207.99,Online,Pending
a71dd8bb-dd7a-40d9-bb44-2099f1383088,5f6e51da-5f01-4c9a-85dd-7d50ef37e5d7,2025-07-28T10:16,5,70.25,Online,Pending
24b67f29-5d84-4aa8-a44b-cb45d4c3236d,98b17fed-218c-4f20-8410-9f0edfc74455,2025-04-19T10:16,2,27.70,Online,Cancelled
eb441b0f-d1d8-42e0-bf14-72ab5441b17f,39cb44e2-a541-4b98-bc0b-db5f31cf8710,2025-04-23T10:16,1,11.84,Online,Pending
a0ba4a9f-9d19-45ec-bb25-ba34aa702196,910b1d47-5c37-48b1-8bde-96c60660f1d7,2024-08-05T10:16,8,180.72,Card,Cancelled
78bae92b-5a1d-45e6-b4aa-8d45f8185527,3ab3404a-ee80-4ed2-8d90-a6f0dad14e48,2025-05-31T10:16,5,87.15,Card,Cancelled
a02d5121-fc4b-41d6-82d8-adb39135ed17,aac35608-9499-49c5-811a-a059e773c968,2025-11-01T10:16,7,188.72,Card,Cancelled
4ed66bfe-7161-40bf-a4cd-01c7020321f4,c0d74d86-5c5b-481d-b8e3-61eeb9c77255,2023-11-21T10:16,7,118.51,Card,Cancelled
0f3d5ef8-43f4-4df6-bc4f-b81d90ac0395,caad7924-4bc5-4f85-9662-11ca261e3c87,2025-07-09T10:16,1,5.34,Cash,Cancelled
eba43a2f-c3ce-4cbf-9cc6-2d5fd18b5c71,73a2b03c-2dca-486e-8ebc-c4d6bb68a8c6,2025-01-22T10:16,5,54.60,Cash,Completed
0db459f8-d0a6-4697-99f1-f6770363bb48,935ebde1-5945-4673-886e-1a7a12cc2d4e,2024-09-09T10:16,7,80.71,Card,Cancelled
d098280f-5c7f-4e01-a4f9-418180fbc903,9b9edd1e-b4f7-414c-b8b5-a3dc51fa0a8c,2024-08-29T10:16,9,81.54,Card,Cancelled
63ee4eb0-14f0-4d9b-adfb-8bdc4178cb56,e119f98a-df63-41dc-8e01-bb49ca2dc724,2025-01-06T10:16,7,140.42,Card,Completed
a6308564-95fc-4e9f-beec-51803f7dfd7f,00d7ae70-0f46-4453-963c-4ab2a3d29314,2024-03-14T10:16,4,100.04,Cash,Cancelled
e1ca5f81-1b89-49d4-870c-89b8b8b28083,103fcba5-5588-45a5-9fe0-6ac948d3860e,2024-03-04T10:16,3,52.74,Online,Completed
36bf2acd-fac7-4769-bd0c-918a2dd1d43a,8b115a34-224b-453c-be69-b53a7445b466,2025-03-25T10:16,1,26.67,Online,Cancelled
d6e4316e-dd88-4bc5-8899-64b0be47d74d,cf65c4b6-4c1c-420b-95de-23e5b56ffad5,2024-04-13T10:16,5,132.15,Cash,Completed
5be09b19-8c78-411b-8acf-d4e4b6646c37,caca465c-e9f2-4add-91b5-24c70595e321,2025-07-23T10:16,7,55.79,Cash,Cancelled
e78f7c2b-9bdd-4e94-8f17-6842597d2321,e12c3d24-86c8-474f-b86b-370df36adbfe,2024-09-22T10:16,2,52.50,Cash,Completed
fc90c76f-3843-4990-b705-ed72bae778bb,cd50913f-8c99-4253-9134-0cf5fe5f300f,2024-03-24T10:16,1,20.04,Online,Pending
73632567-02f8-473d-990f-03dd19ab0dac,1eeb9c5f-5b7a-47af-b4f1-5a50d9d1089c,2025-10-12T10:16,7,78.54,Cash,Cancelled
43ae8176-da3d-47d3-9358-20eb294936c8,1407e9cf-22c9-4137-a2fe-cc12dc038235,2024-09-11T10:16,2,44.60,Cash,Completed
0a5294de-cb07-4205-b345-4bf562aff03a,aff4340c-d102-49ba-af8e-84d2737ce82c,2024-07-17T10:16,8,219.36,Online,Pending
38ef039f-1748-4d46-a067-6fbaa03ba189,0a15d43b-8f6b-444a-bef2-ffbddfdbd16f,2025-04-15T10:16,8,128.72,Online,Cancelled
7fd130a6-cd2e-4a40-a7b7-b6662bf3f950,56a75a3e-a944-4147-8cba-f1024726993f,2024-05-26T10:16,1,5.24,Cash,Pending
b3b24ce6-6a32-409e-b32a-899dd47ff3f5,f3826f04-0dfa-4266-8002-58fede0093f5,2023-12-01T10:16,4,34.64,Online,Completed
2642a818-4e30-4ba6-807d-63579b483c81,1407e9cf-22c9-4137-a2fe-cc12dc038235,2024-07-24T10:16,4,68.40,Online,Cancelled
25c2964c-9571-47ea-829f-5f3294e9a1c0,e886c155-0dae-4b36-88f5-a86fa474d1f6,2025-07-06T10:16,8,88.96,Cash,Completed
9e1d666c-7654-42a1-aeeb-85c763ac70b7,b0d737cd-ec4b-4a88-aa81-d012ef3fb719,2025-09-14T10:16,6,69.48,Card,Cancelled
f84feae4-e623-46b4-a4dc-1de62238f251,000f9c8f-2fc7-4346-844d-c04f10751265,2025-09-17T10:16,7,201.39,Card,Cancelled
cdc4b1a5-8582-40e5-b9e2-dc14768155d3,36b880b0-e9bd-4c0b-8f1c-32018f6c758a,2024-01-25T10:16,4,50.00,Cash,Completed
7b223405-b426-4fe6-9d06-d3e4b0ed2665,0fcf4084-ea31-49f8-99f9-9bf8c8b0c16b,2024-06-24T10:16,7,40.46,Online,Pending
945c82a1-61f3-48ee-9193-eb9fdfad5b08,ada8704c-2784-4d70-84da-10078407d2c8,2024-02-11T10:16,4,84.56,Card,Cancelled
a2bd5884-a1d3-4563-b57f-9a5eb7a4c5a7,71f17b36-2c37-4cfa-bf8a-894fa94c0e9b,2024-04-30T10:16,8,54.96,Online,Completed
cdd51a58-4389-450e-8ed8-0fa2e934a4d5,c63bd277-c81c-40c5-8720-6ce916d653c4,2024-06-18T10:16,5,133.10,Online,Pending
0ca9b72d-26be-49f3-a117-b117f0f0f3f9,ecf1ffb0-ac00-4968-87ea-8beef4ace55a,2025-07-20T10:16,6,43.56,Card,Cancelled
38eee168-db7c-4427-8820-bc8818fb7053,209e786b-2a61-4e52-a3b2-1cc98bcbf18c,2024-02-24T10:16,1,9.23,Card,Completed
b9266119-a96c-42f7-855c-a6c14cadfd3f,14eace30-1ac2-411e-8eef-98e8f32a87fb,2023-12-21T10:16,3,32.43,Online,Cancelled
ba319b99-b5dd-4831-8194-49591514d1bb,4739f27f-7a96-4d52-83ae-0c6fd4c8c606,2025-06-16T10:16,2,57.44,Card,Completed
cca7bee7-87ca-4381-beff-b428f67a0368,6e6d2c67-f7fb-4a98-8f9a-4822259b25c4,2024-03-19T10:16,5,72.15,Online,Pending
7117d3d1-ba82-4979-a756-29065a1deb8e,62a2bfef-ca4a-4dec-90ea-bf15ea1880d2,2023-11-19T10:16,7,81.34,Online,Cancelled
2605f4a8-b8a3-4125-a8cd-f99a09cd15a7,b014b56e-3263-4b63-8430-46e00bc5ea77,2024-12-29T10:16,5,108.55,Card,Cancelled
87ed07cd-e224-48a3-b9af-b9b5a770cdc9,c83bba2f-5229-4998-9566-1f3179b13e8a,2025-05-20T10:16,3,85.08,Cash,Pending
12ee4e98-804d-464a-afde-2bc71aa45bd0,7a2e5fa5-096b-4701-8ce6-7a3db39bf8eb,2025-01-26T10:16,1,24.64,Card,Completed
9b98e4d7-749d-4db7-9127-1069460b198b,0b2a0e9a-e050-4380-b607-57adcbbf59d4,2024-07-10T10:16,1,22.60,Online,Completed
76c870c3-04cf-47f7-94a5-c42dd4dc4397,b03f75c1-655f-4480-a2bf-1a0af806e96e,2023-12-07T10:16,6,64.14,Card,Pending
70fbc025-bfe3-4bdb-9167-92d9ca7dd48b,c1a09d60-c9e8-4489-a68e-e01b51541d33,2024-04-14T10:16,6,165.00,Cash,Pending
4b4550aa-9168-4af4-8e3c-39323d1e5a6b,3e97fc93-73a7-45e0-9888-f7a03ee258a7,2025-01-25T10:16,4,47.00,Card,Pending
9defa27b-47af-4de8-8c14-84026054309a,bb6ceda0-3f7a-4dfa-9862-41a88dd468b2,2024-08-30T10:16,3,37.02,Online,Cancelled
2dc8f47e-248c-4a14-8387-209f26b602f9,4739f27f-7a96-4d52-83ae-0c6fd4c8c606,2024-06-22T10:16,5,144.85,Card,Cancelled
07083756-c1d7-4bfe-8037-e0bb2cf780d8,6aaabc79-3d35-410f-bb96-f86a3930d0ff,2025-02-21T10:16,5,76.80,Cash,Cancelled
245e029e-02c8-4b43-9c8a-9a4b7524a54c,0fcf4084-ea31-49f8-99f9-9bf8c8b0c16b,2024-12-08T10:16,5,74.50,Cash,Cancelled
87874680-ccfb-4224-b158-ae56fd58d31f,bb9edfa8-17f7-4f6f-8e3b-616693a298b1,2025-08-28T10:16,4,112.84,Cash,Completed
db7a0f12-4ceb-487c-87df-26319ce0e045,b6c26110-1b77-4777-8c79-c69ec19b66df,2025-01-08T10:16,6,117.96,Card,Pending
8b2a3103-460f-4dc3-9b84-3d6230d63641,6e6d2c67-f7fb-4a98-8f9a-4822259b25c4,2024-01-25T10:16,9,76.95,Cash,Completed
6c104d32-11c7-41db-b0c5-fa346a313484,67c276b0-7be6-4f3c-bf86-c342095c8112,2025-07-28T10:16,1,29.87,Card,Pending
9815bbc2-0c32-4243-8714-2581e8ec1541,0472ca7f-b133-4710-8f43-24a3c6c1afd1,2025-06-19T10:16,2,15.64,Online,Pending
ad6b146a-0bb5-4e8c-995a-d01a3d662c3d,a5ffc907-be77-43e6-8694-4a0bf09bd3fb,2024-09-11T10:16,6,103.38,Card,Completed
6e08e596-6bd4-42ac-806e-b62dd92c7568,fbe227d7-6d32-4407-9783-7fdac983e55f,2024-01-23T10:16,5,55.40,Cash,Completed
1645f861-e860-4132-8bab-3a7ba0e3ef8c,058b9c75-b72f-4594-80d2-e41194ff7672,2024-08-20T10:16,7,107.80,Cash,Cancelled
9f0aa358-ad77-4662-bf83-0cb66d38744a,d3f641e5-b8b5-4f5f-9155-7768df2033e8,2025-08-14T10:16,6,94.32,Cash,Cancelled
eb16b6ea-2d29-4cf0-9caa-98227e55a2f2,9305d562-2505-493d-8ed8-3fb721c8f491,2025-06-11T10:16,6,177.12,Card,Cancelled
f955a143-2d61-4a98-b3d4-0bb5477fbebd,e119f98a-df63-41dc-8e01-bb49ca2dc724,2023-12-27T10:16,4,56.32,Online,Cancelled
47866e19-6666-45e1-8a89-d2b41dc71163,73a2b03c-2dca-486e-8ebc-c4d6bb68a8c6,2024-04-23T10:16,7,188.58,Cash,Completed
a6d4644e-5ab3-4a89-bfcf-cef168cd0d95,824998a2-7592-4051-ab0b-d5e12743c93b,2024-04-09T10:16,1,17.03,Cash,Pending
15bab7f7-0925-4ac0-b4d7-9c6327cdc01e,6aaabc79-3d35-410f-bb96-f86a3930d0ff,2025-04-06T10:16,9,209.25,Online,Pending
3f9650d5-15c6-40c5-8527-877b496b7cb9,52f5634d-de98-4543-8a1e-cbf1e2d0242f,2025-09-07T10:16,6,79.50,Online,Pending
d4f65ef9-a463-4eb2-9c6e-e650892c71ab,4e6807ca-aed8-4ec9-b1b0-0e3aba57efb1,2024-04-19T10:16,2,28.96,Cash,Pending
51a2829d-2126-43e5-80fd-15ac1a67a617,2c6dafc9-06cc-4b3d-8b8d-12aae0644c58,2024-04-03T10:16,1,17.99,Cash,Pending
cc025a8f-bc4e-4b29-bdb1-eb6f1a318a4d,c63bd277-c81c-40c5-8720-6ce916d653c4,2024-01-22T10:16,1,18.44,Cash,Cancelled
70e9ed7e-6da6-40c1-8648-a9d4f3355f4c,0130fcd4-a6cf-4a72-8400-7bcae1abce34,2023-12-14T10:16,6,166.98,Card,Cancelled
59a568c4-60ce-458e-949c-6d33cc0d1db0,9c53f3f8-5b22-4d77-bd76-cfa6c70e443c,2025-09-09T10:16,5,44.50,Cash,Completed
2d17a87e-5f82-404e-9e9d-196113eebd93,4e44f26d-5455-405b-8fdb-63ab8b739ecf,2024-12-07T10:16,2,38.94,Online,Completed
e0227f0c-7413-4fdb-bc0b-54d2a27c8ed9,9b9edd1e-b4f7-414c-b8b5-a3dc51fa0a8c,2024-10-19T10:16,5,125.00,Cash,Completed
eb6e4409-d8b3-490a-acf3-fd6a9763a308,23650eb4-f98d-45a3-a90b-a378f03d469d,2025-08-18T10:16,2,32.30,Card,Completed
3b2b574b-2323-405a-ac1e-48515d6082fb,428424b7-1f94-496a-8b7a-497ce177d32c,2025-04-30T10:16,7,51.38,Card,Pending
7c371b8c-f966-4d25-aad7-0fde2ebdedad,bc58b12c-65c4-4f21-89ef-3e492a22ef7c,2025-05-27T10:16,7,116.55,Card,Cancelled
69be9daa-3815-4220-ba48-600380718013,c9dcc28a-ae5f-477c-ae7e-72d94129f449,2025-07-27T10:16,7,55.37,Card,Pending
17f3889f-c965-4b9c-b6f4-c429a59ff62c,f0a6a958-e434-41bf-a830-dffa55a34db5,2024-11-14T10:16,4,54.40,Cash,Cancelled
73f7e4e5-a460-4ad3-b071-ef7d943be2e9,c83bba2f-5229-4998-9566-1f3179b13e8a,2025-01-13T10:16,3,53.10,Online,Pending
ccc6fbd0-18cd-45ea-a2ef-5b3177edef33,4739f27f-7a96-4d52-83ae-0c6fd4c8c606,2024-10-25T10:16,4,28.68,Card,Pending
e4955019-ae26-4889-8f6e-2ca5e921f885,36b880b0-e9bd-4c0b-8f1c-32018f6c758a,2024-09-15T10:16,3,43.35,Card,Cancelled
101c2665-82ec-48a4-b8f5-37915ca1c58c,bb6bf39c-f455-4e08-a59e-1bdaaa91d4aa,2024-07-02T10:16,5,107.15,Online,Cancelled
44f055b1-796a-41fc-b6b7-f4b3e4a489df,ef7fad1f-a86f-4ee1-95b4-ce1f339f0fa5,2025-03-21T10:16,7,85.89,Cash,Cancelled
755fe5cf-1b06-45f5-9c92-0c59332b9a1d,73a2b03c-2dca-486e-8ebc-c4d6bb68a8c6,2025-09-04T10:16,9,110.25,Card,Pending
8732a306-926b-4249-943b-8e40145403ea,ec3490d2-e8da-47ee-ae12-0ca0b1d7a2bb,2025-06-15T10:16,1,16.37,Online,Completed
f8c5e971-c929-4f16-b29c-b662cf585ced,941529ef-2114-4bff-907a-4596ff4593a1,2025-08-12T10:16,8,144.72,Cash,Cancelled
0367c73a-262a-4a5d-b696-b73d67c55d52,92da274a-bea2-490a-bb52-196c46fa8487,2025-05-12T10:16,4,46.08,Card,Cancelled
ce4e82cf-db39-4578-9767-c1f45b2acbbe,ecf1ffb0-ac00-4968-87ea-8beef4ace55a,2024-05-23T10:16,4,110.20,Card,Completed
9c1ff2d7-dcb6-498c-8587-9dc6de4403a7,4bb2d776-14c0-4ef6-b8ba-c580cbed72b8,2024-01-16T10:16,6,77.52,Online,Completed
1c94ee4d-8faa-4bad-9c70-1222ee235bef,fbe227d7-6d32-4407-9783-7fdac983e55f,2024-05-09T10:16,8,146.96,Cash,Completed
a40cdc9f-8b08-4e4e-b360-465235266929,0b2a0e9a-e050-4380-b607-57adcbbf59d4,2024-01-16T10:16,3,39.93,Cash,Pending
403d2720-f191-4fab-b1bc-c6877f7317fc,69446e90-4237-4410-ab55-e011eb04cce0,2024-02-07T10:16,6,146.70,Online,Completed
f394b653-3789-4a90-be93-1e4684ab8885,0e0d5f13-edd5-4ab0-9ddd-3df111bedc5a,2025-10-24T10:16,5,41.90,Card,Cancelled
bdbd6525-c2e7-4a7c-9393-936fb76dfdee,56a75a3e-a944-4147-8cba-f1024726993f,2023-12-15T10:16,7,140.84,Card,Cancelled
88edd3fd-b797-42ec-8d7a-ecf4197c3953,8626238e-5813-415a-9a8c-db944b1e0269,2024-06-12T10:16,3,57.81,Cash,Cancelled
4b11adda-cc63-427d-9562-16d1c2dde5f7,8f7f530b-bb30-4a05-b437-744ed30af54f,2025-09-16T10:16,9,93.15,Online,Pending
d0efe6bb-d7b8-4324-bd7d-c6192d127a0b,4f6ae324-5b6d-47d6-a86d-26ec6fbe1e0e,2025-10-12T10:16,3,84.36,Online,Pending
33e53cc2-a21d-4ab9-ae88-77c9c67336a9,d33bbfcd-a2ca-4e80-8a1c-65223f061e7e,2023-12-02T10:16,5,77.25,Online,Cancelled
f52fd78d-a050-44d8-8057-aee6a439841b,1407e9cf-22c9-4137-a2fe-cc12dc038235,2024-02-28T10:16,4,76.72,Cash,Completed
f04b8b74-6247-4904-8bdd-98059b3055d5,7169ef0c-f2c8-4ae3-83f6-87691664d2d2,2024-08-19T10:16,7,171.99,Online,Cancelled
6b777323-1e83-4814-b50d-8d59661cb220,4e44f26d-5455-405b-8fdb-63ab8b739ecf,2025-08-18T10:16,8,152.48,Online,Cancelled
b3cd3ef3-c3b5-4640-89b0-cc0add4a6a9e,0dd437d0-74fa-43c3-8909-5c955e4d47dd,2025-03-10T10:16,7,63.70,Cash,Pending
a1055ff8-76d7-4e23-8efd-ba2e82437d7f,8e1bbe6c-7b75-46dc-8ca1-0b1664cd6ae4,2024-06-10T10:16,6,141.66,Online,Completed
50a82bea-608a-4e03-876d-f3ca98351e18,885715b6-b1eb-44ca-8460-28c0343e56f3,2024-05-26T10:16,6,150.06,Card,Cancelled
39f02528-ab9a-4798-a34e-1c32d7ebbc67,39cb44e2-a541-4b98-bc0b-db5f31cf8710,2024-10-29T10:16,9,85.23,Card,Pending
bf06b18d-cc78-4bdd-a09d-dfa6917ccbbe,9fa382f0-8393-48db-ad30-43c953282401,2025-01-30T10:16,6,69.24,Online,Cancelled
d225e20a-eecc-455d-a5e7-f184cc840574,63846b60-b7be-4087-ac6e-56c9bc130a20,2025-01-25T10:16,6,177.54,Cash,Completed
f0ca7ee2-c886-47f8-84df-5b385c96d51a,2c6dafc9-06cc-4b3d-8b8d-12aae0644c58,2025-02-21T10:16,1,27.73,Online,Pending
f2219bd0-c6b7-497f-9071-84bf2213fe04,0a5bd884-b432-4ce5-b14e-44b4aedd4c0f,2024-12-30T10:16,8,191.12,Card,Completed
a34b27eb-810c-4197-ab7a-9fa2973c64ef,c83bba2f-5229-4998-9566-1f3179b13e8a,2024-12-30T10:16,3,57.42,Card,Completed
dd477f1e-e30c-4e3e-8c24-34c40a462ed7,1233cc27-7567-48e0-8dd2-6b0019506c2f,2024-12-03T10:16,5,66.55,Cash,Pending
37d66ebf-7c7c-4f56-b45a-e6cece20e86a,ff4db0d8-e809-46e8-9ae0-78ffee4902d9,2025-09-30T10:16,8,131.28,Online,Pending
39365095-501d-4f87-bf51-898361ec0b29,5f6e51da-5f01-4c9a-85dd-7d50ef37e5d7,2025-10-01T10:16,9,110.34,Cash,Cancelled
87b848f2-6e6d-4005-b5f3-31fff95da0d9,e277d099-db2a-4aee-ab86-8b0e73a34383,2024-06-28T10:16,7,47.88,Cash,Completed
47f62c1e-2144-4e94-8ccd-1df9571ab703,a5ffc907-be77-43e6-8694-4a0bf09bd3fb,2024-09-28T10:16,6,169.02,Online,Pending
b839e267-91b9-451f-aea0-e0c7e87cc1c1,209e786b-2a61-4e52-a3b2-1cc98bcbf18c,2024-04-08T10:16,5,36.30,Online,Pending
85b02279-a51f-41e4-abb2-ee7c45d84122,0a570207-0f70-467f-bbeb-44a0a60a9a25,2025-08-22T10:16,1,22.28,Cash,Completed
e380a962-97fd-45bd-bf4e-1e7e8bf1020e,6f61ca8e-51a1-48e0-abfa-88326e713e34,2024-04-30T10:16,9,61.65,Card,Cancelled
f4afa5ba-e082-47d1-abf5-835c5f711c7a,1a31c678-d420-495a-aff3-0f1609514e1e,2024-03-19T10:16,2,44.54,Online,Completed
7c4fba62-ca95-46e7-8197-8da7bd9a52ba,d6d4ef4b-0870-48aa-b884-013237f255f4,2024-02-03T10:16,2,36.78,Card,Completed
84e439c2-3b57-4143-885e-d85ed7ea338a,4717d2a3-4b2a-44f1-b960-a2b73e2d23fd,2025-04-20T10:16,3,16.17,Card,Completed
fbaf583b-d484-4489-a8e6-81b6594c10c5,23650eb4-f98d-45a3-a90b-a378f03d469d,2024-01-14T10:16,4,85.84,Online,Completed
77d03485-269c-47c2-9ae9-8e24827f48a6,941529ef-2114-4bff-907a-4596ff4593a1,2023-11-27T10:16,2,54.56,Cash,Cancelled
e4c081a2-2af9-463f-860a-b9e65dcd49f5,b95f7619-fab2-4df9-8683-1f2aeb93a660,2025-09-15T10:16,4,68.12,Online,Completed
03ebbfdd-2a7c-4d1b-ae7f-860747685bdb,0dd437d0-74fa-43c3-8909-5c955e4d47dd,2024-12-03T10:16,6,63.54,Card,Completed
75fd4fb7-7b0e-4d14-bf7a-52b37a953c13,77ca464a-fe0d-4dcc-8f08-3eb2f7b64f76,2025-08-24T10:16,6,90.96,Card,Pending
7a91f923-4f17-4a4b-b29f-44e875400fa6,09ba4183-1b94-4f8c-bc5f-eca421a88524,2025-09-17T10:16,3,41.55,Cash,Pending
a562b5d6-3d2c-41de-8289-af8d608e37ad,52fbb114-83aa-432d-b2f1-f3e37a5c4754,2024-02-24T10:16,1,19.76,Card,Pending
93e9efcb-1f49-48c1-8877-901752b2e048,5400d214-6176-40bf-88d2-3f53ed38bf69,2025-01-07T10:16,6,172.74,Card,Cancelled
f9b543cd-2198-4261-b9b9-6938de75e751,910b1d47-5c37-48b1-8bde-96c60660f1d7,2024-11-10T10:16,1,11.93,Online,Cancelled
44b60ced-8a72-43b2-908c-0e49b6d3fead,7509850a-5062-4da9-aad6-bc5b9e363ef1,2025-01-02T10:16,7,161.91,Online,Cancelled
ba58055c-b543-4be4-9d1e-5a8f3083f3f6,4717d2a3-4b2a-44f1-b960-a2b73e2d23fd,2025-06-26T10:16,9,149.67,Online,Pending
c63962c7-52ec-482d-a1c7-7376ad83e6c0,74e76582-f1b8-4560-b049-8aebb59d4721,2025-04-06T10:16,7,76.93,Card,Pending
c6b3c1a9-3665-4d31-acbd-353195ddf5b9,0a5a9fc7-e126-48f0-99aa-dea85c606f66,2024-07-09T10:16,5,66.00,Card,Completed
86266284-9231-4c71-9d8a-e8f7e74c89df,62a2bfef-ca4a-4dec-90ea-bf15ea1880d2,2024-08-13T10:16,3,76.17,Card,Cancelled
3cb84f08-1a41-4251-8a28-f9090c1291b6,1d32c3b3-c732-4995-aa6b-ff159deb3bdf,2024-06-04T10:16,6,42.84,Cash,Completed
101cb62f-9ece-4e1a-8e02-4ed29c8323ea,e12c3d24-86c8-474f-b86b-370df36adbfe,2024-02-18T10:16,3,69.87,Cash,Pending
01767f56-3fb5-4829-b3c2-5bfcad4c6b65,caad7924-4bc5-4f85-9662-11ca261e3c87,2025-07-17T10:16,9,267.03,Online,Pending
e86a6041-e3e9-41de-ae97-52712191b5db,4bb2d776-14c0-4ef6-b8ba-c580cbed72b8,2025-09-29T10:16,7,208.60,Cash,Pending
a997b5e5-783d-429a-a171-992712c52d67,910b1d47-5c37-48b1-8bde-96c60660f1d7,2025-03-08T10:16,6,92.58,Cash,Cancelled
45f78bcf-59aa-45fc-a723-77b181c9eac0,f6c35464-33dd-44a7-bf84-071f2e427045,2024-02-15T10:16,1,21.81,Cash,Completed
fb992c6a-62b9-4c86-8e84-d6b13daa6cba,60cd80b6-3967-4dae-b4df-adc7b5644971,2025-09-15T10:16,5,88.50,Cash,Pending
7db08bee-c9d5-415c-aac8-d95f5ae68523,36b880b0-e9bd-4c0b-8f1c-32018f6c758a,2023-12-24T10:16,6,52.38,Online,Completed
9e921020-5af5-434c-a347-9c57f84095e8,21edfc22-3f73-4335-a774-3cf78ab65e86,2025-02-25T10:16,2,15.86,Online,Pending
6fca1bce-4ea2-468c-93ba-c08389ea5188,953417c6-cd52-45e9-9ca0-bb450653c934,2025-05-08T10:16,8,149.52,Online,Completed
e4500946-5f93-4ecc-a61c-cf866074320d,1eeb9c5f-5b7a-47af-b4f1-5a50d9d1089c,2024-09-30T10:16,5,120.30,Cash,Cancelled
f61c21a5-ee34-43f1-b8c6-fc6c34fad867,e119f98a-df63-41dc-8e01-bb49ca2dc724,2024-06-23T10:16,7,168.14,Card,Pending
a9a44b71-57a6-4bb6-b30d-4457907cf190,3dcaabe3-78c9-4d88-bed5-56ca7ceea07c,2025-01-08T10:16,4,38.32,Card,Pending
10821b2f-167c-47f2-982a-62b15abe7517,09ba4183-1b94-4f8c-bc5f-eca421a88524,2024-12-23T10:16,4,52.80,Cash,Cancelled
82d88e28-bf8d-4d3e-8b4b-8125cf38c819,0e0d5f13-edd5-4ab0-9ddd-3df111bedc5a,2025-04-19T10:16,7,67.48,Card,Completed
1f250f39-ebac-4d9c-8ada-1483c374f445,69446e90-4237-4410-ab55-e011eb04cce0,2024-10-27T10:16,6,80.76,Cash,Completed
003cc1ce-fca1-4cb6-8d52-fc4ce3406f72,d3f641e5-b8b5-4f5f-9155-7768df2033e8,2024-04-13T10:16,3,88.74,Cash,Completed
b0cf7f3d-a336-4f16-81b6-d28d5f9617c5,10b26c2d-7d56-4175-84a8-a2775e128a9d,2024-08-28T10:16,5,124.65,Online,Completed
1c472bf8-99a5-4a51-b8e1-151a91c33079,8113211c-bdc3-4bb0-94d9-3fd3871f3005,2024-11-05T10:16,1,7.06,Online,Cancelled
bc56371c-63bc-4ac8-9530-e9e0dcf10fbf,8887df7e-682b-4d48-b18c-c1ddfa0aaa26,2025-09-30T10:16,4,89.16,Cash,Completed
f77bd3b9-88f5-4ec8-9f4b-252ee84eecdd,52c87fd9-fdf0-4256-b929-6153ad24a0ac,2024-09-06T10:16,5,26.15,Cash,Cancelled
17b96142-2b54-4dfc-aa1b-32a0d84031ee,ff4db0d8-e809-46e8-9ae0-78ffee4902d9,2025-04-12T10:16,1,8.18,Online,Pending
5c6b1a13-23c0-4f15-bc0c-181578ba5b90,d6d4ef4b-0870-48aa-b884-013237f255f4,2025-01-08T10:16,8,91.36,Card,Pending
51955496-f539-496f-9f7c-782d08deeb09,0df3bae1-6384-4856-aa27-aef9f6c48b75,2025-05-28T10:16,6,61.74,Card,Cancelled
20c9f20c-fa48-4c2d-99f3-dbf5d38848ec,77ca464a-fe0d-4dcc-8f08-3eb2f7b64f76,2025-05-31T10:16,4,55.24,Online,Completed
5fa052f5-a0c9-423e-9958-c23d15adcccd,c3ffc43c-0c11-40fa-9824-f234161741d0,2024-08-29T10:16,6,159.72,Cash,Completed
bc89169f-c3cd-4f74-827e-90d331f05385,b95f7619-fab2-4df9-8683-1f2aeb93a660,2025-05-11T10:16,7,113.33,Card,Completed
90194c62-b340-423c-9293-a07a298661d1,3e97fc93-73a7-45e0-9888-f7a03ee258a7,2025-02-13T10:16,7,207.83,Card,Completed
20097311-1e9f-4f11-85d0-ee37301d5fe0,209e786b-2a61-4e52-a3b2-1cc98bcbf18c,2024-04-28T10:16,6,166.80,Cash,Cancelled
db120517-ef44-43f0-a52c-29af8bb809f6,0a570207-0f70-467f-bbeb-44a0a60a9a25,2025-07-10T10:16,6,86.22,Online,Completed
aeb46d93-e9cf-40f9-b9d0-55254a64d577,8626238e-5813-415a-9a8c-db944b1e0269,2025-09-20T10:16,4,36.68,Card,Pending
1be41e7c-522b-468e-a713-8e7a3cfab68c,10b26c2d-7d56-4175-84a8-a2775e128a9d,2024-12-30T10:16,3,52.83,Cash,Completed
84923f92-23de-4aff-aae4-24e2e49126ef,4e6807ca-aed8-4ec9-b1b0-0e3aba57efb1,2024-05-17T10:16,3,62.55,Online,Cancelled
b9b352b6-7560-4ade-a35a-d8ac159fcd01,824998a2-7592-4051-ab0b-d5e12743c93b,2025-09-27T10:16,3,21.54,Card,Pending
98ba5fb9-1de8-4daf-9237-1ee07b12383e,0a5bd884-b432-4ce5-b14e-44b4aedd4c0f,2023-12-08T10:16,3,38.13,Online,Cancelled
e9851413-e36b-40f7-b7b5-092691713832,ff4db0d8-e809-46e8-9ae0-78ffee4902d9,2025-06-28T10:16,2,39.26,Cash,Completed
a62495da-dce9-471e-9d6b-2a738362485a,9fa382f0-8393-48db-ad30-43c953282401,2025-09-26T10:16,5,50.60,Cash,Cancelled
fced9cca-904a-4fb5-b1c1-9b123f0c31df,9c53f3f8-5b22-4d77-bd76-cfa6c70e443c,2024-03-23T10:16,2,11.12,Card,Cancelled
9988cb4b-305d-4b19-8d9a-c3a16a713126,36b880b0-e9bd-4c0b-8f1c-32018f6c758a,2024-07-24T10:16,7,119.77,Cash,Completed
7625e65c-8799-4436-b641-a7b2b1687796,a190f67b-21df-46bc-8164-46bdfa00af85,2024-09-27T10:16,6,147.24,Cash,Pending
c2ac4b4e-6c1d-4b72-b5c2-71807af864f4,0e0d5f13-edd5-4ab0-9ddd-3df111bedc5a,2025-03-03T10:16,1,29.56,Online,Completed
02ba320a-0558-455a-8797-bda53c784130,e277d099-db2a-4aee-ab86-8b0e73a34383,2025-10-19T10:16,4,105.88,Cash,Completed
e8111067-2dfa-4d1f-9610-79e3295d0fdd,3befa4dc-d961-4a3a-9410-d43d1bdaa335,2024-07-08T10:16,6,46.02,Cash,Completed
6386dfb0-98d0-49e7-b979-a772a70f0f95,050d9901-1cb5-413a-9c31-282028f863c1,2025-06-30T10:16,9,230.67,Cash,Pending
ce9b15cc-5562-44b8-80ad-4095c6f3bf9c,0e0d5f13-edd5-4ab0-9ddd-3df111bedc5a,2023-12-26T10:16,8,53.68,Online,Cancelled
c0c4bbb6-9b27-4ead-94a6-11c944997a65,00d7ae70-0f46-4453-963c-4ab2a3d29314,2025-02-03T10:16,6,116.10,Online,Cancelled
9970b913-5ab2-4862-963b-16546f127610,6c6a3b10-9747-4dca-a041-4edc22d147b0,2024-08-09T10:16,8,89.04,Card,Completed
84e622ea-3e0e-4414-985d-25181a46f4a9,2a109685-1399-4149-8951-fba29bb0360d,2024-12-16T10:16,3,72.21,Cash,Cancelled
4ac95b49-287b-437c-ab1b-0ff511b3b45b,0a5bd884-b432-4ce5-b14e-44b4aedd4c0f,2024-11-14T10:16,6,54.54,Online,Pending
18fcfd79-90d6-440f-8614-53a7ec49a193,0a570207-0f70-467f-bbeb-44a0a60a9a25,2025-05-07T10:16,6,115.02,Online,Cancelled
462a639b-35a5-47dd-89a2-692116ccbd15,6945f6f4-b8f9-4d04-90ff-e59ed705578e,2025-03-11T10:16,8,157.36,Online,Completed
fa633f97-de14-4352-bfa5-d349fe84e0e9,23650eb4-f98d-45a3-a90b-a378f03d469d,2024-01-28T10:16,1,26.23,Card,Cancelled
995c1999-35a3-4c00-a0c1-24b5634a9b59,1a31c678-d420-495a-aff3-0f1609514e1e,2023-12-17T10:16,7,162.68,Online,Completed
a594bcf0-0c75-4096-bfd5-0bddfdc2f826,885715b6-b1eb-44ca-8460-28c0343e56f3,2024-02-21T10:16,4,52.52,Online,Pending
c9e55067-6f7c-48be-b91e-02b7e11c3ecd,9305d562-2505-493d-8ed8-3fb721c8f491,2023-12-26T10:16,9,63.72,Card,Pending
846d67b4-7e3b-424f-88f8-82f9b5445d9d,0a5a9fc7-e126-48f0-99aa-dea85c606f66,2023-12-22T10:16,2,10.12,Cash,Pending
59dec049-1046-4f89-8aa6-6726917c9854,3ab3404a-ee80-4ed2-8d90-a6f0dad14e48,2024-01-20T10:16,4,48.40,Card,Pending
7dbdce4c-5393-4b4f-9f73-08a772668adf,b3688304-b24b-416a-9bf4-c2b6aaeb59d3,2024-12-12T10:16,8,166.64,Card,Pending
66e86b9f-e886-4861-b620-d22ca3148433,428424b7-1f94-496a-8b7a-497ce177d32c,2024-03-30T10:16,1,9.67,Online,Pending
9796885d-8df9-4122-81a2-4750e35ca5ee,2a109685-1399-4149-8951-fba29bb0360d,2025-09-30T10:16,8,44.96,Card,Pending
c326f1ce-25c1-4527-82df-78e3c0223990,4b14a58c-f1e4-40b6-888d-a88cd7055099,2024-07-31T10:16,1,28.09,Card,Pending
479dd62a-e199-48b6-9797-eca029312b51,74e76582-f1b8-4560-b049-8aebb59d4721,2025-03-20T10:16,7,36.33,Online,Pending
a35ac9e6-b6a6-477f-8d03-58711d71ac81,c46351bf-193f-49af-a5d6-456188837c3d,2024-05-25T10:16,3,76.59,Card,Cancelled
7f6be896-412e-40e2-b887-4c4c7e06519a,d87f31d7-79ef-4c17-856e-142e791b04da,2025-05-25T10:16,5,133.50,Online,Cancelled
20d3bcda-616d-4899-8544-d962a40d8082,6b1178fc-1745-401d-88da-3903c243ebe9,2024-11-25T10:16,9,70.29,Online,Completed
991ea860-f067-45ff-ab2a-954c575d665c,964d337f-acd5-4ca2-8843-9be3f2eb60fc,2024-06-21T10:16,3,41.91,Online,Cancelled
2c850418-cb8b-47e7-af9f-e79cc2083428,c0d74d86-5c5b-481d-b8e3-61eeb9c77255,2025-09-01T10:16,4,41.56,Cash,Completed
6c7bb5f0-d0ea-4488-9240-a87a4cd4c343,5d6f84a5-a4de-442e-99b9-b8ef714b4436,2024-03-10T10:16,9,242.82,Cash,Cancelled
9ae2a30a-b16b-490f-be04-7faeafd6184a,4e44f26d-5455-405b-8fdb-63ab8b739ecf,2025-01-08T10:16,9,251.91,Card,Pending
dd232694-d237-4a9d-9645-2ca72a7f2743,0a5bd884-b432-4ce5-b14e-44b4aedd4c0f,2025-11-07T10:16,8,165.68,Card,Completed
6aa467b2-9393-4d4f-bae1-52152107cf6d,73a2b03c-2dca-486e-8ebc-c4d6bb68a8c6,2024-12-29T10:16,7,132.58,Card,Pending
8bcc6cdb-4f5f-45b1-ae9d-ed2a8f464317,6b1178fc-1745-401d-88da-3903c243ebe9,2023-11-24T10:16,8,109.52,Online,Completed
0921b235-f908-4b91-b0b3-f544aaa32e3a,77ca464a-fe0d-4dcc-8f08-3eb2f7b64f76,2025-08-15T10:16,9,141.93,Cash,Pending
dd6f1995-4209-47fa-a8be-f92fb0272461,caad7924-4bc5-4f85-9662-11ca261e3c87,2024-10-16T10:16,6,112.14,Cash,Cancelled
34e3add8-b67e-40e6-97d8-9e9347d02ac6,5400d214-6176-40bf-88d2-3f53ed38bf69,2024-08-09T10:16,2,40.86,Card,Cancelled
04443663-7b98-4cad-bf2d-51910f360864,f067e21d-d1d4-4e87-9cae-9753f5f9ccb6,2024-07-17T10:16,6,72.72,Cash,Completed
ab8d0157-fde1-4e43-be75-90ec0076bdb0,ec3490d2-e8da-47ee-ae12-0ca0b1d7a2bb,2023-11-20T10:16,1,16.12,Cash,Pending
78e0e563-1530-40da-aaf7-473c8887d7fc,8250871a-2b35-424e-a1a1-4eb4faffabfb,2025-06-23T10:16,1,14.26,Card,Completed
35e7e6d3-0024-4cd9-a09d-a16a04eecbbf,a302a1a8-c429-406f-abff-9f273aa0a4b5,2024-07-24T10:16,4,56.72,Card,Pending
db8c68d4-91f6-4236-8aed-2e3f027bbaf9,6945f6f4-b8f9-4d04-90ff-e59ed705578e,2025-01-08T10:16,3,46.29,Cash,Completed
47169929-519f-4633-aaa5-ac176c4fe5d1,52fbb114-83aa-432d-b2f1-f3e37a5c4754,2024-09-12T10:16,3,54.54,Online,Completed
2cb90182-afb4-49ff-871f-7ba8c4be49c6,92da274a-bea2-490a-bb52-196c46fa8487,2024-08-04T10:16,3,89.49,Cash,Pending
860991af-71de-4a23-b84f-ec93a78e6cd5,6c6a3b10-9747-4dca-a041-4edc22d147b0,2023-11-19T10:16,8,128.56,Online,Cancelled
59a3e3be-145d-4a2d-98e4-63a88e86555a,5f0f3def-9ff6-4282-ad04-001c4a769966,2024-01-09T10:16,8,238.64,Online,Cancelled
d49c4a12-e244-402a-9347-da05b9f05fb7,cf65c4b6-4c1c-420b-95de-23e5b56ffad5,2024-08-18T10:16,4,58.44,Online,Cancelled
a977da39-a1f0-42a3-8f3e-51ec5c957c8d,62a2bfef-ca4a-4dec-90ea-bf15ea1880d2,2025-07-24T10:16,6,152.58,Online,Cancelled
51620f51-851d-4988-a4aa-cb4c0d2c594e,2a109685-1399-4149-8951-fba29bb0360d,2023-12-08T10:16,4,75.52,Online,Pending
8c53e1b6-b983-4801-a0d1-584bad421d26,bb6ceda0-3f7a-4dfa-9862-41a88dd468b2,2024-02-14T10:16,3,49.05,Cash,Pending
f1a047a4-2804-48ea-8247-a02eea11f3dc,a5ffc907-be77-43e6-8694-4a0bf09bd3fb,2024-06-24T10:16,5,96.95,Cash,Cancelled
16189f53-ac76-4bf8-8d62-5ac3f790b51c,77ca464a-fe0d-4dcc-8f08-3eb2f7b64f76,2024-08-16T10:16,4,107.00,Card,Cancelled
5133b7dd-f483-4274-b4ec-6a50389b5a66,4f6ae324-5b6d-47d6-a86d-26ec6fbe1e0e,2024-12-10T10:16,1,22.55,Online,Cancelled
eb1d1ab2-cd1d-410e-a80d-972c18e11288,726d71e2-70fd-4416-8568-78619c14a73a,2023-11-15T10:16,3,19.80,Card,Completed
c646c1d0-6288-498a-b424-2293adfdc26b,dcfb3d05-846d-4915-99f3-ebbc7559d972,2025-07-04T10:16,4,32.12,Card,Completed
2ab71315-7d69-476f-b513-661306fcc1d3,c63bd277-c81c-40c5-8720-6ce916d653c4,2024-02-17T10:16,5,92.45,Cash,Pending
289b328e-8e81-4404-bb3d-452383551e94,05ccd8a5-ea5f-4353-bd1e-3022152b0685,2025-01-23T10:16,9,249.12,Online,Pending
2fc6e173-1453-47f8-ab76-fc24cb8ced22,e38afcd9-9e08-47ba-bc92-5ebb4bc271eb,2024-02-06T10:16,3,58.38,Online,Pending
266953b8-d576-4096-aa6d-e00ba0f4d434,8250871a-2b35-424e-a1a1-4eb4faffabfb,2025-09-17T10:16,6,70.26,Online,Cancelled
9a0cb7c0-ca7a-426a-abe7-73fcaf6edfd3,7169ef0c-f2c8-4ae3-83f6-87691664d2d2,2024-09-12T10:16,2,53.96,Cash,Cancelled
985cab38-de57-4911-b4c0-26b7686aabca,60cd80b6-3967-4dae-b4df-adc7b5644971,2024-03-27T10:16,7,36.61,Cash,Pending
fc7bd52b-3e80-44b3-b486-e11b62a6853f,e12c3d24-86c8-474f-b86b-370df36adbfe,2025-06-01T10:16,7,84.63,Cash,Completed
62c97ee4-8536-451b-a0ec-9d28aa7540a9,39cb44e2-a541-4b98-bc0b-db5f31cf8710,2023-12-02T10:16,7,187.18,Online,Completed
4eb3b867-9203-4f51-ac8d-312e6a0f256c,56a75a3e-a944-4147-8cba-f1024726993f,2024-05-25T10:16,5,45.05,Card,Completed
d8042db7-4d39-4066-87fe-c2095ef87d91,726d71e2-70fd-4416-8568-78619c14a73a,2024-05-27T10:16,7,147.49,Card,Cancelled
bfebec2d-41da-4313-a9c5-8304c2b7c650,6945f6f4-b8f9-4d04-90ff-e59ed705578e,2025-10-21T10:16,5,118.90,Card,Pending
0d0616a3-5d69-4b4c-8f00-79b4f03667b8,0472ca7f-b133-4710-8f43-24a3c6c1afd1,2025-03-30T10:16,4,84.16,Card,Cancelled
49f64195-7cc2-4584-aea0-242909fe9370,6117b6f0-c4f4-4bf1-9eeb-f33950decba8,2025-08-24T10:16,2,41.86,Cash,Pending
e5b96eca-b21d-4ee4-9ea6-aea274a08f5e,ada8704c-2784-4d70-84da-10078407d2c8,2025-01-20T10:16,9,141.75,Card,Cancelled
7f8d3f13-99a7-45c3-b38d-7851cfb174b3,3e97fc93-73a7-45e0-9888-f7a03ee258a7,2025-02-11T10:16,6,74.82,Online,Completed
db6ed9a1-2d95-4c05-a553-fe11640b6df2,7d2df59f-386d-4aec-85a8-2443262a0cb4,2025-09-29T10:16,4,47.04,Card,Pending
40a0015a-3712-46eb-beff-f8086b2be44e,60cd80b6-3967-4dae-b4df-adc7b5644971,2025-01-26T10:16,8,133.76,Card,Pending
3b2b52d6-2425-4ec4-8e2b-c2721ddbee72,f6c35464-33dd-44a7-bf84-071f2e427045,2025-07-27T10:16,9,207.90,Cash,Cancelled
a3274f6b-ee12-43b9-bdb2-755411340ee8,bb9edfa8-17f7-4f6f-8e3b-616693a298b1,2024-12-31T10:16,5,28.65,Card,Cancelled
47c5b3d0-178c-4d90-910c-f63e9c3f24b5,3e97fc93-73a7-45e0-9888-f7a03ee258a7,2025-09-28T10:16,2,38.96,Cash,Pending
15ba5352-d59a-4d4f-8cb0-b139c4acc334,bc58b12c-65c4-4f21-89ef-3e492a22ef7c,2024-07-29T10:16,4,48.76,Cash,Pending
f27b0de4-b200-4e77-9d00-76b515daabdd,cd50913f-8c99-4253-9134-0cf5fe5f300f,2024-05-24T10:16,3,24.36,Card,Cancelled
22a50107-53ca-46a1-b9bb-bfd8545f0b1e,8f7f530b-bb30-4a05-b437-744ed30af54f,2024-09-17T10:16,6,169.92,Online,Completed
44416251-1f93-4460-8353-74e540b982d2,4739f27f-7a96-4d52-83ae-0c6fd4c8c606,2024-10-04T10:16,1,28.63,Cash,Completed
faf7efef-8a76-436d-b734-9da0051dda5c,b047b369-02d0-4f25-9af0-f1e883228863,2024-09-16T10:16,8,227.84,Cash,Pending
988b9553-be28-47af-ad0f-aedad9ded619,f543de06-e341-4de2-95ab-ca0fd3ee51fe,2025-04-15T10:16,2,53.06,Cash,Pending
ddc866e7-0b71-4c8a-b664-74272e213ee8,4717d2a3-4b2a-44f1-b960-a2b73e2d23fd,2025-07-25T10:16,4,72.32,Online,Pending
cb97bdd7-f97a-49c1-80a9-795ea2967487,0d463f72-c3a1-4a2b-8d0d-1721a0d1a06b,2024-03-23T10:16,1,5.08,Online,Completed
e002d456-2155-4171-9e40-2de800570284,d3f641e5-b8b5-4f5f-9155-7768df2033e8,2025-07-23T10:16,8,170.16,Cash,Cancelled
f84469af-86af-4cc6-8836-691be34aba3f,73a2b03c-2dca-486e-8ebc-c4d6bb68a8c6,2025-02-03T10:16,7,174.37,Online,Completed
bbfc7b4a-faf2-4903-989c-0f1bc6d5d729,65b2c0ea-6192-47fc-9286-2c1dd3ecefb1,2024-11-18T10:16,3,87.24,Card,Pending
7d853a09-275d-4acc-b858-f974331585cd,56a75a3e-a944-4147-8cba-f1024726993f,2024-05-12T10:16,1,19.27,Card,Pending
fd33a58e-b132-4a6a-a095-2a0b44765cfc,bfa3444b-2be9-46be-b944-720d86a59770,2024-02-10T10:16,9,75.51,Online,Pending
939922ef-e218-403d-92c2-fb88e04d0f4b,67c276b0-7be6-4f3c-bf86-c342095c8112,2025-09-19T10:16,6,173.28,Card,Cancelled
2f126f6d-7843-440d-a16a-c312ac1df534,6b1178fc-1745-401d-88da-3903c243ebe9,2024-01-02T10:16,2,28.04,Cash,Completed
cd8cedc8-1c19-4cf5-ad96-ac72e5a5ab34,1a31c678-d420-495a-aff3-0f1609514e1e,2024-03-13T10:16,7,76.65,Card,Completed
ebacc629-f490-44b0-bf2e-ef121ed9d243,935ebde1-5945-4673-886e-1a7a12cc2d4e,2025-09-24T10:16,5,74.75,Cash,Pending
d5e45898-9fd3-4a2c-966a-f872bb56d280,8e1bbe6c-7b75-46dc-8ca1-0b1664cd6ae4,2024-08-22T10:16,8,159.04,Online,Completed
c1601b18-6b5c-4b97-b6a9-45a97cc5d3be,205ea7f7-e714-45b8-a083-11247ff702a1,2025-06-13T10:16,8,154.32,Card,Pending
8a3aec48-0db2-41ee-8c38-14b42e07e167,365c90d0-a590-4209-9401-2ce55af5ed98,2024-04-01T10:16,3,43.62,Card,Completed
9a80a924-d060-4ba3-aee1-dc297f648024,0b2a0e9a-e050-4380-b607-57adcbbf59d4,2024-08-08T10:16,9,261.45,Cash,Pending
11af679e-36ba-4b5c-a7eb-562fcf9acd5d,cd50913f-8c99-4253-9134-0cf5fe5f300f,2024-01-21T10:16,3,77.55,Cash,Completed
1e491e07-48be-4a65-aa65-6175c9a97195,7a18d550-38d0-40b2-84a7-547162e7e409,2024-01-21T10:16,3,36.36,Card,Pending
d6a1dae5-9b72-4905-9af9-14aa562e99f9,8e1bbe6c-7b75-46dc-8ca1-0b1664cd6ae4,2024-03-10T10:16,3,52.11,Online,Cancelled
c9fa6ac2-4fac-45bc-885f-9b6ef9450c89,5eb75bc0-d5fa-4209-9d42-7767f3f0585b,2024-02-09T10:16,4,96.76,Card,Completed
25cef613-124e-4d2a-a588-7567a42a1c72,b047b369-02d0-4f25-9af0-f1e883228863,2025-02-24T10:16,9,263.97,Card,Cancelled
9306966c-d1ab-4e29-a483-f5896db802fd,67c276b0-7be6-4f3c-bf86-c342095c8112,2024-12-13T10:16,9,198.18,Cash,Pending
b58818db-835b-4f3e-8ba8-e2f5deb07c9c,c3ffc43c-0c11-40fa-9824-f234161741d0,2024-06-23T10:16,5,127.55,Card,Pending
22ebaf99-64e6-4339-8e1f-a5515f68f05c,f6c35464-33dd-44a7-bf84-071f2e427045,2024-12-23T10:16,7,127.40,Card,Completed
d8f7157e-af83-4cdc-aaaa-b5197e4ed5c5,885715b6-b1eb-44ca-8460-28c0343e56f3,2024-10-29T10:16,3,87.99,Card,Pending
40743c0c-a420-4254-b0c0-25f0a0dc43bb,401a6911-a31e-4892-adc1-56e3e1eb090a,2025-02-12T10:16,2,33.26,Card,Completed
8007cab9-eaa9-45a4-ae93-64067a04a571,a302a1a8-c429-406f-abff-9f273aa0a4b5,2025-08-17T10:16,7,182.56,Card,Cancelled
890eee4b-894c-47a4-b0e4-fa3a1c88047b,8b546c63-5406-493d-bc69-cfb594b38267,2025-02-22T10:16,1,9.74,Online,Cancelled
5f00e30a-06c6-4b3f-b537-e5fa8605fe00,c0d74d86-5c5b-481d-b8e3-61eeb9c77255,2025-07-15T10:16,5,32.55,Card,Pending
7e72d5b8-d8e5-4a66-9336-260e29afc936,000f9c8f-2fc7-4346-844d-c04f10751265,2024-09-03T10:16,5,88.05,Cash,Cancelled
e38d908b-1803-4c4e-968a-dd45d6deca69,6bd388d4-5636-450b-bacd-55bdcb769bab,2024-01-09T10:16,8,109.44,Online,Pending
9a151be5-1244-4eb4-8918-76aa7b604010,d5cfb1a3-ce2f-4aff-ab4c-50e0c5426af1,2024-05-07T10:16,1,19.37,Cash,Cancelled
2e562d6a-5026-484a-8a8f-3da2ef91e227,0130fcd4-a6cf-4a72-8400-7bcae1abce34,2025-03-30T10:16,2,32.88,Card,Pending
d248fb42-305d-49eb-bea4-fc0238220fc0,14eace30-1ac2-411e-8eef-98e8f32a87fb,2023-12-20T10:16,7,143.22,Cash,Completed
c4826aff-2df2-46f4-afdc-2ffbecfa7962,71f17b36-2c37-4cfa-bf8a-894fa94c0e9b,2025-04-07T10:16,3,46.95,Online,Completed
72cf4980-8b49-48ce-9188-f8e75c4515c1,b0d737cd-ec4b-4a88-aa81-d012ef3fb719,2024-05-28T10:16,5,138.50,Card,Cancelled
473ec569-dfad-418c-9a23-dce74fc879f6,9c53f3f8-5b22-4d77-bd76-cfa6c70e443c,2025-05-09T10:16,8,124.40,Cash,Completed
f8ffe780-e829-4a34-a740-26e8ed9a10b3,0a5a9fc7-e126-48f0-99aa-dea85c606f66,2024-12-14T10:16,7,180.74,Cash,Completed
87c4df9a-ea17-46ae-befa-4db72b6494a0,77ca464a-fe0d-4dcc-8f08-3eb2f7b64f76,2023-11-20T10:16,5,44.75,Online,Cancelled
b5619eac-ca61-4585-aae7-0128d14e33f0,bc58b12c-65c4-4f21-89ef-3e492a22ef7c,2025-08-14T10:16,4,109.20,Card,Completed
b7cf7e76-0597-4f32-b5db-63e2d8cb6e78,b90a3a7f-421e-47e5-8598-fe50f365a62e,2025-02-06T10:16,7,157.92,Card,Pending
6737eeda-24c3-4043-89e3-357c22044ed8,68169a66-a8d4-4763-914e-7befc826445b,2023-12-16T10:16,8,172.72,Card,Cancelled
a4185eac-8408-4582-8b0e-32d0bf4460ac,d5cfb1a3-ce2f-4aff-ab4c-50e0c5426af1,2025-02-21T10:16,6,36.36,Card,Cancelled
726df650-6b32-4ad8-8239-ab601ab568a8,fdb5454e-2230-489e-ade4-9218ff28cbd8,2025-01-31T10:16,9,97.20,Online,Cancelled
38e4afd3-79dd-4558-9a45-28ae0451115c,910b1d47-5c37-48b1-8bde-96c60660f1d7,2024-08-11T10:16,9,171.90,Online,Pending
e0246d24-57cc-4457-b270-d2e3eb2476dd,5f0f3def-9ff6-4282-ad04-001c4a769966,2025-03-12T10:16,7,188.09,Cash,Completed
de80fd53-9280-4e12-a466-96a8b646bb50,983d66ae-c8b0-46b8-8abc-26a1055cf729,2024-11-06T10:16,9,221.76,Online,Completed
a28ba22a-5b5d-4c1d-b7b0-80663a68be21,fdb5454e-2230-489e-ade4-9218ff28cbd8,2025-05-25T10:16,1,5.54,Cash,Completed
f2d18126-8224-468c-98f2-1e083da347ab,9b9edd1e-b4f7-414c-b8b5-a3dc51fa0a8c,2025-03-28T10:16,7,113.96,Card,Pending
72c6d018-9dfc-4ee1-ac98-77a19a9ff183,941529ef-2114-4bff-907a-4596ff4593a1,2024-02-10T10:16,7,183.19,Cash,Pending
9059fb4f-c20f-4a6a-9157-cdde9d7dca9d,98b17fed-218c-4f20-8410-9f0edfc74455,2024-03-20T10:16,4,74.00,Card,Cancelled
73c3a732-51d8-4eb0-9ed3-3f59ee799b76,b04ce307-2d1f-4214-b023-d8f4379041a1,2024-12-02T10:16,1,16.19,Cash,Pending
b5162c1f-1e05-49d5-a58f-031618f4739b,39cb44e2-a541-4b98-bc0b-db5f31cf8710,2024-06-16T10:16,4,48.48,Online,Cancelled
0d9df5e3-988d-454a-9eb4-91116c36a6bc,8b115a34-224b-453c-be69-b53a7445b466,2023-12-19T10:16,5,132.55,Online,Completed
eb068f08-ef39-44fb-8dc9-d00572d48e76,dcfb3d05-846d-4915-99f3-ebbc7559d972,2025-10-05T10:16,9,102.42,Card,Completed
bad56489-b8a3-46de-9402-0478cb717612,0a5bd884-b432-4ce5-b14e-44b4aedd4c0f,2025-08-12T10:16,7,162.68,Online,Completed
214aa0af-35fd-4864-a6cf-ec5ba8e702aa,428424b7-1f94-496a-8b7a-497ce177d32c,2025-07-24T10:16,8,96.72,Card,Pending
ce054c76-5c51-4d7b-9fd1-f592e74c12b4,b95f7619-fab2-4df9-8683-1f2aeb93a660,2025-10-30T10:16,6,117.96,Cash,Pending
a375ba21-02c8-40e5-afbf-e65f20f37459,ef7fad1f-a86f-4ee1-95b4-ce1f339f0fa5,2024-07-01T10:16,3,72.54,Online,Pending
aeb212da-29d6-4471-8ce0-0561fa6839ad,953417c6-cd52-45e9-9ca0-bb450653c934,2025-02-10T10:16,7,150.36,Card,Pending
6fd7470f-921c-475e-9f26-9feffa4e2643,3dcaabe3-78c9-4d88-bed5-56ca7ceea07c,2025-07-27T10:16,8,222.80,Online,Cancelled
2cbd3dde-a8ff-45c5-a711-cb447dbc4f2b,365c90d0-a590-4209-9401-2ce55af5ed98,2024-05-30T10:16,3,21.99,Card,Completed
2b892607-a285-43f2-b814-031a1e2302a9,1d32c3b3-c732-4995-aa6b-ff159deb3bdf,2025-08-13T10:16,3,60.24,Card,Pending
cfc98757-6dc6-414d-bbe9-d842c4915f8f,5f0f3def-9ff6-4282-ad04-001c4a769966,2024-07-23T10:16,1,11.50,Online,Pending
765351c7-71ba-470c-816a-ed344b6fa9b1,a5ffc907-be77-43e6-8694-4a0bf09bd3fb,2025-02-28T10:16,7,85.89,Cash,Pending
24e50763-c903-4b8d-9c9e-9a7a1456e247,90f0db1e-2b19-43f7-ba17-233c7c214eca,2024-02-04T10:16,8,77.44,Online,Cancelled
76187127-a1ea-4a95-9156-cd2d8a3805e1,a3f626b9-cc27-4c04-8570-be79ab8bda4a,2024-11-03T10:16,3,22.38,Card,Completed
5cd12ee7-7bb2-4f18-83c7-b38ffd42a0b7,bc58b12c-65c4-4f21-89ef-3e492a22ef7c,2024-04-24T10:16,1,27.78,Card,Cancelled
4a852faf-d56e-4fcd-b6af-7606b734a876,c83bba2f-5229-4998-9566-1f3179b13e8a,2025-03-10T10:16,2,42.24,Cash,Pending
c3f74f61-7bba-4ab7-99a0-3ed27ea7ed0f,941529ef-2114-4bff-907a-4596ff4593a1,2025-10-30T10:16,5,114.20,Card,Cancelled
3c59d4de-ebd7-4e31-a882-1570a38d9116,0472ca7f-b133-4710-8f43-24a3c6c1afd1,2024-07-01T10:16,2,20.86,Card,Pending
a4305119-b642-4c75-a415-6b87cf55d015,0dd437d0-74fa-43c3-8909-5c955e4d47dd,2024-09-13T10:16,1,11.83,Online,Cancelled
80320a5f-ead8-4910-a709-acac0a948e73,bf0de251-90d7-423c-8b31-48df1a89964f,2024-11-23T10:16,7,162.12,Card,Cancelled
5dcba4ae-3462-4dea-b6e0-dc008d2f1e7f,8113211c-bdc3-4bb0-94d9-3fd3871f3005,2025-08-16T10:16,6,40.80,Card,Pending
c6af1e72-712f-4ac7-9eee-9c1aa1cf8166,bfa3444b-2be9-46be-b944-720d86a59770,2023-12-07T10:16,5,122.05,Cash,Pending
a5f09f21-6c3d-4cbc-9bf7-cb9b0238d716,4717d2a3-4b2a-44f1-b960-a2b73e2d23fd,2025-05-02T10:16,8,214.80,Card,Completed
7eb967f5-4789-4c2f-9c1d-c45a87657e3f,7c991f43-c18b-4404-8826-97691b0dc00c,2025-08-17T10:16,4,75.40,Card,Cancelled
4dd74022-008b-4fa3-847a-000b684af646,7c991f43-c18b-4404-8826-97691b0dc00c,2025-02-28T10:16,2,15.32,Cash,Pending
856948fc-d2cf-4ea8-a12c-efeaa87676b4,cb8747c7-32ca-4b6b-868d-13ab01d953ec,2025-09-18T10:16,7,128.10,Online,Cancelled
26eeca81-7dda-4ca1-a368-b1d8956ccb08,a190f67b-21df-46bc-8164-46bdfa00af85,2025-02-14T10:16,9,177.12,Card,Completed
e734c815-727a-461d-875b-2ea0867fdf0b,dcfb3d05-846d-4915-99f3-ebbc7559d972,2024-08-22T10:16,3,38.31,Cash,Completed
2932d85c-1b66-4753-af31-ab50592ce1de,7509850a-5062-4da9-aad6-bc5b9e363ef1,2025-01-25T10:16,9,106.02,Card,Pending
d6dd8167-ed12-4dfe-980f-4bf3ca7d5242,46032f36-69bc-465a-9b33-a5d560bfd77a,2024-01-18T10:16,6,109.08,Online,Pending
3a3ef257-c093-4900-a2b7-cfe003ee4e49,058b9c75-b72f-4594-80d2-e41194ff7672,2024-01-04T10:16,6,50.46,Card,Cancelled
e1d2c814-90b1-40b7-bf89-141afbe139fc,ceafdb2a-788d-48e0-acdd-bd533a2e7ab6,2025-04-29T10:16,3,52.32,Card,Pending
4c72fd37-dba5-42e7-b4e1-fdb9ee3a3e08,63846b60-b7be-4087-ac6e-56c9bc130a20,2024-02-09T10:16,9,190.17,Card,Cancelled
e333ceec-28b6-4866-9195-70e991160d5b,bb6ceda0-3f7a-4dfa-9862-41a88dd468b2,2024-07-06T10:16,2,19.44,Card,Completed
a0051398-9ef1-4707-afb4-79478d2b9873,4bb2d776-14c0-4ef6-b8ba-c580cbed72b8,2024-07-17T10:16,8,122.72,Card,Cancelled
5cf85305-d25c-47b5-8676-4c593f7d1662,8f7f530b-bb30-4a05-b437-744ed30af54f,2024-03-07T10:16,3,49.47,Card,Cancelled
ebce27da-685c-4887-97c6-6b5c7e37188f,6f61ca8e-51a1-48e0-abfa-88326e713e34,2024-06-24T10:16,9,177.84,Cash,Pending
5916f8a4-13b0-45a4-962b-92a8f30b05d7,953417c6-cd52-45e9-9ca0-bb450653c934,2025-04-28T10:16,9,61.11,Cash,Completed
813a65e7-a512-48d4-bada-6910da6cbc91,36b880b0-e9bd-4c0b-8f1c-32018f6c758a,2024-02-29T10:16,4,97.68,Card,Cancelled
2eea0215-3fe3-427f-b722-9b7492ed3bb8,e119f98a-df63-41dc-8e01-bb49ca2dc724,2024-08-20T10:16,3,82.89,Cash,Completed
8293cda1-a6fd-49e5-b27e-e7541e227533,a5ffc907-be77-43e6-8694-4a0bf09bd3fb,2025-01-23T10:16,6,79.14,Card,Pending
dfe8875f-7209-4491-8fb7-4bc4c8a3d660,058b9c75-b72f-4594-80d2-e41194ff7672,2025-09-14T10:16,9,223.65,Card,Completed
50c81027-8b31-4986-a426-7b3f412728e2,8887df7e-682b-4d48-b18c-c1ddfa0aaa26,2024-10-19T10:16,6,132.48,Cash,Completed
169211d9-f7b6-48b3-954a-76beb5073f93,56a75a3e-a944-4147-8cba-f1024726993f,2024-07-18T10:16,3,89.40,Cash,Pending
d4bd8cff-8d17-4138-8857-70492d05fe9b,e277d099-db2a-4aee-ab86-8b0e73a34383,2024-04-01T10:16,9,81.72,Online,Completed
e0f1f8a6-c5aa-4011-ab2c-a8aabde0b449,fe624323-ba72-456d-9842-ed9e0edc75df,2024-06-08T10:16,2,25.04,Online,Completed
22d39916-24f1-448d-804f-91737101a77c,49af098b-bf79-4643-8e49-739ea932d38b,2025-03-28T10:16,5,65.85,Cash,Pending
082ac869-7b3d-479e-840a-be47e818aae9,5d6f84a5-a4de-442e-99b9-b8ef714b4436,2024-12-18T10:16,6,107.94,Online,Completed
e137b772-0785-4869-96f6-c2b1049244c4,0b2a0e9a-e050-4380-b607-57adcbbf59d4,2025-04-30T10:16,4,99.80,Cash,Cancelled
c72e07af-3ade-4275-8f81-8c12e83abda7,ecf1ffb0-ac00-4968-87ea-8beef4ace55a,2024-06-03T10:16,2,55.88,Cash,Pending
9ee5d056-355f-4161-9337-796e25886614,b95f7619-fab2-4df9-8683-1f2aeb93a660,2024-10-25T10:16,3,39.15,Online,Cancelled
f24912cf-5dde-46d8-bc52-34379681471a,ef7fad1f-a86f-4ee1-95b4-ce1f339f0fa5,2024-02-21T10:16,2,56.58,Card,Pending
d45efaff-d098-48dc-b38e-7b5d855e36bc,7a2e5fa5-096b-4701-8ce6-7a3db39bf8eb,2024-02-09T10:16,4,115.64,Cash,Pending
d2fb0358-ce9e-4bbc-9ce9-547e3ac7f705,4b14a58c-f1e4-40b6-888d-a88cd7055099,2025-09-07T10:16,9,267.75,Cash,Completed
8697762d-c4c3-4f9f-b5ff-1949e0af856a,8887df7e-682b-4d48-b18c-c1ddfa0aaa26,2024-12-12T10:16,8,151.68,Card,Completed
4ca52fb4-1a71-4c16-85b5-805c1d51f7f0,62a2bfef-ca4a-4dec-90ea-bf15ea1880d2,2025-10-04T10:16,9,135.00,Cash,Pending
27ada104-0fbf-4fb7-ba07-2b76bd7ae044,52fbb114-83aa-432d-b2f1-f3e37a5c4754,2024-06-08T10:16,1,12.66,Cash,Completed
89c30127-97c4-4abb-9a09-0abb0eecd7b4,bb6bf39c-f455-4e08-a59e-1bdaaa91d4aa,2025-08-18T10:16,7,198.45,Online,Pending
81070410-ba09-4c82-8ad6-18653aeda6bf,f6c35464-33dd-44a7-bf84-071f2e427045,2025-01-28T10:16,3,84.42,Card,Cancelled
b0eefb21-cfb2-4ca9-bcbc-c8798e9c5d6f,5eb75bc0-d5fa-4209-9d42-7767f3f0585b,2024-07-26T10:16,3,69.06,Card,Pending
c17094b4-c8b3-4138-a7d8-76a172f3dc60,a302a1a8-c429-406f-abff-9f273aa0a4b5,2024-07-04T10:16,3,35.37,Cash,Completed
1da26175-498b-4060-a525-cc9da7eaf7e6,c46351bf-193f-49af-a5d6-456188837c3d,2023-12-03T10:16,5,26.20,Cash,Completed
c359d91d-9e26-4577-b1ed-78c2ea43f096,05ccd8a5-ea5f-4353-bd1e-3022152b0685,2024-12-25T10:16,8,171.68,Cash,Pending
a7fa5cfe-f3a7-48c8-800d-f23f5fb60330,e6e1db85-f8ba-4264-9c9a-520ecda4bc4c,2025-07-01T10:16,5,147.45,Online,Cancelled
de97ab4e-a788-4e0b-b375-cde57b43fc1d,d6d4ef4b-0870-48aa-b884-013237f255f4,2024-08-23T10:16,7,84.77,Cash,Cancelled
2347054b-de60-48ab-a18c-50444d1f7272,52fbb114-83aa-432d-b2f1-f3e37a5c4754,2024-06-25T10:16,6,144.30,Cash,Cancelled
35a88abd-5e15-4f5b-957b-0b225116e044,c5817fdc-a4dc-4879-b957-30cfda62016b,2025-02-21T10:16,4,43.36,Cash,Pending
83611b4c-a739-4905-8ba4-71cd26578548,bc58b12c-65c4-4f21-89ef-3e492a22ef7c,2024-05-20T10:16,6,128.94,Cash,Cancelled
428741d5-585a-48c4-a180-e99740106f42,6117b6f0-c4f4-4bf1-9eeb-f33950decba8,2024-06-01T10:16,1,13.58,Cash,Pending
711fadaf-7b49-4a7c-b960-4b518e8b251a,c0d74d86-5c5b-481d-b8e3-61eeb9c77255,2025-08-17T10:16,2,11.80,Card,Pending
748b70bb-28e8-4d57-9757-63fa4cff89b7,6f61ca8e-51a1-48e0-abfa-88326e713e34,2024-12-04T10:16,4,55.16,Card,Completed
3a0eb421-5a29-4bdd-863f-e8b6b73cfabd,0a5bd884-b432-4ce5-b14e-44b4aedd4c0f,2024-10-25T10:16,9,194.49,Cash,Pending
d246087d-1042-497e-b7a2-f5c5b9f37357,e85d0261-2d97-4475-a749-363ec9040a74,2025-03-25T10:16,8,130.96,Card,Cancelled
e79b429e-a8d5-4173-9808-058768bb0da3,4717d2a3-4b2a-44f1-b960-a2b73e2d23fd,2024-06-29T10:16,8,128.48,Card,Cancelled
1a925289-65fc-40ec-918a-011d44fed00a,23650eb4-f98d-45a3-a90b-a378f03d469d,2024-01-04T10:16,3,21.00,Online,Pending
bce389fb-2980-462e-9c9b-3235bd6d8932,9b9edd1e-b4f7-414c-b8b5-a3dc51fa0a8c,2025-03-26T10:16,1,18.59,Online,Pending
d1dc51e4-783f-4e73-b0b4-5a705c602954,02c65c06-56ad-4670-b8e2-10ab417c7154,2025-11-03T10:16,2,49.04,Online,Pending
05a00aed-05fb-4906-a125-86e722a282fb,aac35608-9499-49c5-811a-a059e773c968,2025-09-28T10:16,9,221.22,Card,Cancelled
aa26a0f5-7ce2-4917-bbbc-92e18edbb9a2,46032f36-69bc-465a-9b33-a5d560bfd77a,2025-11-04T10:16,1,14.06,Cash,Cancelled
f8caff90-aeed-4c1f-b095-0d07e9211fc4,a938df5f-7764-459c-8bfd-90409d16b3c6,2024-12-07T10:16,2,28.74,Online,Completed
a2bf3662-316c-4613-a8f6-66bc2cb3eabe,d3f641e5-b8b5-4f5f-9155-7768df2033e8,2024-03-30T10:16,4,90.88,Card,Pending
c27fa7ae-e9b8-4403-820a-c08eb858e340,4bb2d776-14c0-4ef6-b8ba-c580cbed72b8,2024-05-20T10:16,9,247.23,Cash,Pending
40ecf998-0f5e-49fb-9aee-005e00b270e3,0a5a9fc7-e126-48f0-99aa-dea85c606f66,2024-02-05T10:16,4,33.56,Online,Cancelled
63ff80c1-7582-4d2d-8edf-8b4369ee23cb,bb6bf39c-f455-4e08-a59e-1bdaaa91d4aa,2024-08-25T10:16,7,101.85,Online,Cancelled
7fc90de3-e63d-4e01-a2c3-8cb47981e7ee,fdb5454e-2230-489e-ade4-9218ff28cbd8,2025-03-14T10:16,7,185.36,Cash,Pending
432d6205-f903-4330-8ab6-665de989ba49,23650eb4-f98d-45a3-a90b-a378f03d469d,2024-07-02T10:16,9,215.64,Card,Cancelled
7bbc5425-ab92-4362-b33a-92223f078dc3,02c65c06-56ad-4670-b8e2-10ab417c7154,2025-08-26T10:16,5,60.65,Card,Pending
2f3fe287-da22-4ca3-8155-7e6a8bbfe6fa,a5ffc907-be77-43e6-8694-4a0bf09bd3fb,2024-03-29T10:16,1,19.25,Card,Cancelled
518e3212-4873-453d-be59-596d4b7df260,bb6bf39c-f455-4e08-a59e-1bdaaa91d4aa,2025-02-07T10:16,9,138.60,Cash,Pending
722ea355-5173-46e5-8e97-c6e0a392a323,9b9edd1e-b4f7-414c-b8b5-a3dc51fa0a8c,2024-03-03T10:16,2,12.12,Card,Completed
df12420d-819e-4166-8501-af7ca4b5ea67,5f0f3def-9ff6-4282-ad04-001c4a769966,2023-11-29T10:16,8,185.28,Card,Cancelled
3c8899d5-2c79-4d74-98f4-fe4ef3d138db,52fbb114-83aa-432d-b2f1-f3e37a5c4754,2024-11-09T10:16,1,22.35,Online,Pending
9d9cae35-f7da-48c1-b5a3-ad7c8c43aeb6,11526850-7335-463f-b740-a52a90457c3b,2025-05-28T10:16,1,17.45,Cash,Cancelled
8ad11b92-de82-477f-ba33-695bd31ced3f,4bb2d776-14c0-4ef6-b8ba-c580cbed72b8,2023-11-18T10:16,5,88.60,Online,Completed
7b1404f0-5933-4674-ab54-5e8f0cd57beb,8b115a34-224b-453c-be69-b53a7445b466,2025-09-01T10:16,5,81.10,Card,Completed
2462d951-5cf4-47f5-819d-a2046f4b5524,c0d74d86-5c5b-481d-b8e3-61eeb9c77255,2025-06-09T10:16,4,83.84,Card,Cancelled
41a4cbd4-7d90-4255-9cf3-19f341d7ff6d,7a18d550-38d0-40b2-84a7-547162e7e409,2024-11-26T10:16,8,106.40,Cash,Completed
bf28a43f-f1ff-45dd-ade7-f7129558a2eb,c5817fdc-a4dc-4879-b957-30cfda62016b,2025-08-17T10:16,1,22.98,Card,Completed
aaef2087-30c4-48b4-b543-bbc1964baa1c,4e6807ca-aed8-4ec9-b1b0-0e3aba57efb1,2024-08-01T10:16,9,119.52,Online,Completed
ff3d56b9-f110-4db6-9f35-808d5325f044,8887df7e-682b-4d48-b18c-c1ddfa0aaa26,2025-03-29T10:16,1,10.43,Online,Completed
1ca33605-1624-4480-ba2c-c73e5b413690,bc58b12c-65c4-4f21-89ef-3e492a22ef7c,2024-02-25T10:16,7,69.65,Cash,Pending
ec9606b6-2615-4150-b4d3-3b01be99a16c,0a570207-0f70-467f-bbeb-44a0a60a9a25,2025-05-14T10:16,7,75.46,Online,Cancelled
6587ef1a-db1d-473f-9518-4734e8439873,4e6807ca-aed8-4ec9-b1b0-0e3aba57efb1,2024-09-12T10:16,5,116.55,Card,Cancelled
923b393c-710c-49a2-bc73-3bfeaa550a45,9fa382f0-8393-48db-ad30-43c953282401,2024-05-10T10:16,4,32.00,Card,Cancelled
6ee0a880-43cc-4d3a-8bd8-7f901149fc14,000f9c8f-2fc7-4346-844d-c04f10751265,2024-11-06T10:16,4,108.64,Cash,Completed
3105d42b-2420-41d5-a1e5-9c66d2d7a932,401a6911-a31e-4892-adc1-56e3e1eb090a,2025-04-17T10:16,1,24.00,Card,Pending
493b71f8-4e02-4642-8939-707bdfe391d1,983d66ae-c8b0-46b8-8abc-26a1055cf729,2024-02-01T10:16,5,27.65,Card,Pending
48f678bf-979f-41d3-a314-f9fe880f9e1b,0e0d5f13-edd5-4ab0-9ddd-3df111bedc5a,2025-09-11T10:16,8,224.00,Card,Pending
27601d22-063e-4783-98a3-281609eb78db,ef7fad1f-a86f-4ee1-95b4-ce1f339f0fa5,2024-09-09T10:16,8,89.76,Online,Completed
8e8dd782-1898-42de-9f26-33969a8ca898,49af098b-bf79-4643-8e49-739ea932d38b,2024-10-04T10:16,7,127.61,Card,Completed
05c89677-7ded-4fff-a90e-12d456371d08,46032f36-69bc-465a-9b33-a5d560bfd77a,2023-11-24T10:16,5,86.25,Cash,Completed
fbc34e71-b7bc-4ace-b9ed-f1f9e7d3f2fd,6e551d53-4f6d-4b84-a9de-3d7c79694805,2025-01-24T10:16,7,36.19,Cash,Cancelled
3c955b64-4882-4221-8431-238485973aca,d5eaf6a7-76cc-48ec-98d9-ba713e2df70f,2024-06-01T10:16,6,78.66,Card,Completed
6b3f5ea0-9826-48f7-a899-2fe12e12ae8b,02c65c06-56ad-4670-b8e2-10ab417c7154,2024-05-05T10:16,9,194.31,Card,Pending
bb63641c-123c-462f-b101-d05f3ffabda5,6117b6f0-c4f4-4bf1-9eeb-f33950decba8,2024-08-21T10:16,8,62.64,Card,Cancelled
3cc5250d-2abb-4290-aa65-37d3f70f4cd8,6c6a3b10-9747-4dca-a041-4edc22d147b0,2025-01-11T10:16,9,265.41,Online,Cancelled
2f9bd2ee-1242-4b8e-80ac-72caedd1cd24,f90cf3ca-e2d0-4129-bc7a-e8a2b80880da,2025-03-25T10:16,6,48.48,Cash,Cancelled
e30dd902-c33a-41dc-b7af-945e73bf4a23,795088d7-d227-422e-ad8c-f048bde0675e,2024-02-22T10:16,5,143.45,Online,Cancelled
bb8c1f77-4daf-494c-9b95-022908691422,7509850a-5062-4da9-aad6-bc5b9e363ef1,2024-05-01T10:16,4,99.76,Online,Cancelled
bf973f59-d3b9-434b-a1ca-3fe185ddf5f7,6945f6f4-b8f9-4d04-90ff-e59ed705578e,2024-05-26T10:16,3,43.59,Cash,Completed
af6fedda-f652-4370-9d8d-266029dc8de9,a938df5f-7764-459c-8bfd-90409d16b3c6,2025-03-17T10:16,5,147.00,Cash,Cancelled
d19b8eb9-6f43-4380-9855-d77564b951ba,1a31c678-d420-495a-aff3-0f1609514e1e,2024-04-16T10:16,2,17.30,Cash,Cancelled
37147d86-6883-45bd-b652-d19cf7beb035,6e6d2c67-f7fb-4a98-8f9a-4822259b25c4,2024-11-18T10:16,6,127.80,Online,Cancelled
35a7e14d-965d-4588-b1f5-c930f19513bf,983d66ae-c8b0-46b8-8abc-26a1055cf729,2025-02-20T10:16,5,136.15,Online,Completed
214f53a6-37c0-4057-beff-e532fba7bc24,b03f75c1-655f-4480-a2bf-1a0af806e96e,2025-08-15T10:16,4,40.56,Cash,Completed
dc8f320f-97f8-4679-908e-8e81da0887a1,6bd388d4-5636-450b-bacd-55bdcb769bab,2025-08-20T10:16,8,189.68,Cash,Completed
52782dba-ebe2-4e15-85c7-da66a3c1816c,941529ef-2114-4bff-907a-4596ff4593a1,2024-01-16T10:16,1,8.31,Online,Cancelled
0c8825b8-4ff1-4b95-8623-5f6c505fbc4f,983d66ae-c8b0-46b8-8abc-26a1055cf729,2023-12-27T10:16,2,54.10,Online,Completed
92b15350-5747-431c-a4db-3af9138ed57c,1407e9cf-22c9-4137-a2fe-cc12dc038235,2024-11-16T10:16,5,126.50,Online,Pending
a87902e0-12ec-48c4-8696-e218662a4d11,aac35608-9499-49c5-811a-a059e773c968,2024-01-11T10:16,6,178.50,Online,Completed
f1639daf-aff2-42e3-8b87-35f9a01a943e,63846b60-b7be-4087-ac6e-56c9bc130a20,2024-08-02T10:16,5,28.80,Card,Completed
50d82068-ec50-4dfa-a471-f6e8a26433ae,6e551d53-4f6d-4b84-a9de-3d7c79694805,2025-09-24T10:16,1,6.40,Online,Cancelled
fbda1d5b-b67f-4a7c-8014-690fc00e4392,1a48aa9a-def3-481d-922a-94300aa97309,2025-07-07T10:16,7,175.56,Card,Cancelled
991b4783-a713-44ce-a854-860f071f5490,4f6ae324-5b6d-47d6-a86d-26ec6fbe1e0e,2025-01-04T10:16,4,38.84,Online,Pending
b2b2b944-8ae8-42ef-be5f-d9ee9705f22b,428424b7-1f94-496a-8b7a-497ce177d32c,2024-04-12T10:16,7,92.96,Online,Cancelled
5a21cc4e-1067-44da-8228-dcea6a75054b,824998a2-7592-4051-ab0b-d5e12743c93b,2025-01-30T10:16,8,225.20,Card,Pending
1532ed5b-6103-4344-87c1-3fa63bb30933,0dd437d0-74fa-43c3-8909-5c955e4d47dd,2025-04-19T10:16,8,125.04,Online,Cancelled
6ce06f74-051a-4dc8-b33d-6087226fd385,80537cf2-360f-4740-8b7e-d4cd56e22987,2024-05-16T10:16,5,59.75,Card,Cancelled
4271dc7e-05a5-4d32-b4f3-266859a069de,6b1178fc-1745-401d-88da-3903c243ebe9,2024-07-07T10:16,2,14.84,Online,Cancelled
68d928cb-de90-4256-bf13-9e59929732bc,e38afcd9-9e08-47ba-bc92-5ebb4bc271eb,2023-12-21T10:16,1,9.98,Card,Cancelled
959c91a3-bd6f-4517-b790-24ec2251407c,ec3490d2-e8da-47ee-ae12-0ca0b1d7a2bb,2024-07-21T10:16,9,223.20,Cash,Cancelled
e4871a3e-e3de-4df8-95d6-f4dc5630fc8c,401a6911-a31e-4892-adc1-56e3e1eb090a,2025-04-28T10:16,2,26.72,Cash,Pending
6cdb000d-21aa-4145-99b3-41acde37546a,52f5634d-de98-4543-8a1e-cbf1e2d0242f,2025-05-04T10:16,6,68.16,Card,Pending
4735663e-bbf4-4093-86c4-f81dcf929abe,73a2b03c-2dca-486e-8ebc-c4d6bb68a8c6,2025-09-28T10:16,8,97.28,Cash,Pending
2e680c49-5bfa-456d-9528-85fdd179d0bb,4e44f26d-5455-405b-8fdb-63ab8b739ecf,2024-04-17T10:16,3,64.32,Card,Pending
8a5d00b6-0e78-4eff-ac32-d295ab24ffbc,103fcba5-5588-45a5-9fe0-6ac948d3860e,2024-03-26T10:16,8,84.56,Cash,Completed
8ac0c834-2e62-43d0-95e1-a2392806070b,14eace30-1ac2-411e-8eef-98e8f32a87fb,2023-12-25T10:16,9,151.11,Cash,Pending
0267feb2-e16c-433e-b6de-1636e66a3b97,bfa3444b-2be9-46be-b944-720d86a59770,2025-10-10T10:16,4,69.32,Card,Pending
639e06f3-7a42-474c-be47-bdca049149ff,4739f27f-7a96-4d52-83ae-0c6fd4c8c606,2024-08-29T10:16,3,34.02,Cash,Completed
59b68b7f-9c7e-4ee9-b565-0ad5aa1724e8,ebe19120-496a-47fa-87eb-2440212a3363,2025-03-09T10:16,6,55.02,Card,Completed
607e68d2-757b-4dd7-aa1f-11edf2bf8de2,8f7f530b-bb30-4a05-b437-744ed30af54f,2024-04-14T10:16,7,38.71,Card,Cancelled
1447fc5c-9bd7-49c0-946f-a528def0c854,3910ab11-8758-4a4f-8a9b-c4f5df7413c4,2025-06-08T10:16,6,106.08,Cash,Completed
eadc71d2-6018-455b-8a6a-205e61c5613a,46032f36-69bc-465a-9b33-a5d560bfd77a,2024-03-13T10:16,1,11.31,Cash,Cancelled
c26331b6-f955-41e0-8e32-f089047f9173,73a2b03c-2dca-486e-8ebc-c4d6bb68a8c6,2025-05-03T10:16,7,105.56,Card,Cancelled
d6b9748c-3ab4-4b94-9493-9a39901bfb11,c3ffc43c-0c11-40fa-9824-f234161741d0,2025-07-16T10:16,4,72.96,Cash,Pending
624d1ad2-944c-4ed4-b53f-6642ccb8f87c,f067e21d-d1d4-4e87-9cae-9753f5f9ccb6,2024-10-12T10:16,3,72.81,Online,Cancelled
afc63cba-39e1-4c7e-873b-d01ec10ae517,77ca464a-fe0d-4dcc-8f08-3eb2f7b64f76,2024-01-21T10:16,8,48.08,Card,Cancelled
e10f6889-a4bf-4e7a-85b4-aa6f363589fb,f067e21d-d1d4-4e87-9cae-9753f5f9ccb6,2024-10-06T10:16,7,114.03,Card,Completed
e2c678bb-7815-4451-ba39-5b6d77087aee,485b65e7-fdf4-474d-afba-37986d8d3cd8,2024-09-02T10:16,8,227.12,Cash,Cancelled
f4662fb9-ff11-4bf7-abd5-ff060877350e,6aaabc79-3d35-410f-bb96-f86a3930d0ff,2024-03-13T10:16,5,117.80,Card,Pending
c3050b35-b72b-4427-b9cb-9342ea2ba87e,9b9edd1e-b4f7-414c-b8b5-a3dc51fa0a8c,2023-11-15T10:16,4,38.36,Cash,Cancelled
617f67b1-64b8-45ba-9f0f-6bbd902aede8,39cb44e2-a541-4b98-bc0b-db5f31cf8710,2024-12-25T10:16,1,11.87,Card,Completed
27106fd2-e556-4334-8095-8591c6e533c4,8b546c63-5406-493d-bc69-cfb594b38267,2024-05-24T10:16,7,131.67,Online,Cancelled
7d4e744f-a02f-43fd-942a-47e84a1360f0,8f7f530b-bb30-4a05-b437-744ed30af54f,2025-03-07T10:16,1,10.07,Cash,Completed
6fe30ada-37b0-47f8-9343-7b3bb6e8628d,4e44f26d-5455-405b-8fdb-63ab8b739ecf,2024-12-04T10:16,6,89.88,Online,Pending
d8675072-3bac-49d5-9e42-1b74a3ef52e5,500fde18-ea61-4380-9ea4-f06d09985870,2025-09-17T10:16,9,160.65,Online,Completed
1c4b2343-7287-4e91-a818-ec1be2fe344a,2ca088cd-c6c6-4e60-a1a4-d2990ee21b12,2024-11-29T10:16,9,123.57,Online,Pending
96147be0-6051-431f-8ba3-1c312fb915e5,209e786b-2a61-4e52-a3b2-1cc98bcbf18c,2024-07-02T10:16,7,195.79,Online,Cancelled
c906201e-5a97-43d1-ae6f-a287b88b67ea,6c3bf618-a715-40f9-9faa-cfc5f5beef2f,2024-12-13T10:16,6,129.48,Online,Completed
4fde1c6d-3f29-4fd2-9e72-8cee60939fa3,b0d737cd-ec4b-4a88-aa81-d012ef3fb719,2025-09-12T10:16,4,55.48,Online,Completed
db6f98c0-6ec7-47a5-8076-d54500d05c80,8626238e-5813-415a-9a8c-db944b1e0269,2024-04-26T10:16,9,268.65,Cash,Cancelled
c23af44e-2af6-4ad9-a4de-887a6b398db0,8250871a-2b35-424e-a1a1-4eb4faffabfb,2025-04-01T10:16,3,63.72,Card,Cancelled
bd632ce0-08d9-46d1-85c0-74d852814608,a3f626b9-cc27-4c04-8570-be79ab8bda4a,2024-05-25T10:16,3,56.43,Card,Cancelled
9c079c0d-f9ab-4ac4-b549-e688b453f3dd,485b65e7-fdf4-474d-afba-37986d8d3cd8,2023-12-11T10:16,2,45.02,Cash,Cancelled
77a8d945-fc83-4fa1-986d-d5bc09ba6a00,0fcf4084-ea31-49f8-99f9-9bf8c8b0c16b,2024-10-26T10:16,3,64.62,Online,Cancelled
151f130a-ac6d-4c8c-baf4-cf8e6e95593c,8f7f530b-bb30-4a05-b437-744ed30af54f,2024-04-22T10:16,8,174.64,Card,Cancelled
67ef2e39-f66c-44d2-9781-74849bc3d14d,824998a2-7592-4051-ab0b-d5e12743c93b,2024-02-16T10:16,8,96.40,Online,Pending
a43384c4-0dae-4734-8018-12ca6114c190,25659c0e-6eb5-4c57-add8-fb6ac5f42699,2025-09-27T10:16,3,52.08,Card,Completed
1c63cbe9-8a72-4e30-9ff2-d7a476fd6a09,9c53f3f8-5b22-4d77-bd76-cfa6c70e443c,2025-04-04T10:16,4,73.20,Online,Completed
dcc31266-0f0c-4aff-bff1-801f397c8683,d6d4ef4b-0870-48aa-b884-013237f255f4,2024-06-19T10:16,5,79.00,Card,Pending
cb682a5c-1747-41c4-b08c-0dfa4c2c8001,983d66ae-c8b0-46b8-8abc-26a1055cf729,2025-09-09T10:16,4,72.20,Cash,Cancelled
d9aca58d-68d1-4812-9414-8bc35e67f3dd,52f5634d-de98-4543-8a1e-cbf1e2d0242f,2024-04-19T10:16,4,111.44,Card,Cancelled
d25694c6-f379-4f4c-a3b6-1228623a166d,bb9edfa8-17f7-4f6f-8e3b-616693a298b1,2025-10-07T10:16,5,82.10,Cash,Pending
2cddbd1c-8040-4c2d-8cd3-2e25f0e4a8be,26d032f1-9fe9-487a-987a-a8be14e1db05,2024-10-24T10:16,9,105.12,Online,Pending
f4fd7334-aff2-45f2-ba89-ccb79d836e79,1a31c678-d420-495a-aff3-0f1609514e1e,2025-10-28T10:16,2,24.22,Online,Cancelled
239a744d-6f71-47a0-bfbe-df8850b70a24,6117b6f0-c4f4-4bf1-9eeb-f33950decba8,2024-06-07T10:16,9,67.86,Cash,Completed
e0a18b32-9810-4e19-bf2d-007d4e746d5d,d5eaf6a7-76cc-48ec-98d9-ba713e2df70f,2024-01-30T10:16,7,155.47,Cash,Cancelled
e0831ac3-1c28-46af-949e-87ad146fb1e9,8626238e-5813-415a-9a8c-db944b1e0269,2024-02-29T10:16,4,69.48,Online,Pending
66cda7b5-1a18-40f8-9b16-5dd5c04457ef,4739f27f-7a96-4d52-83ae-0c6fd4c8c606,2024-10-08T10:16,4,63.36,Online,Pending
d9528694-b7b3-44c3-bc23-4d649cba3c31,7169ef0c-f2c8-4ae3-83f6-87691664d2d2,2024-06-18T10:16,6,61.32,Cash,Completed
8cd25eec-092b-4915-bda4-c8dfd5ef9ee8,7509850a-5062-4da9-aad6-bc5b9e363ef1,2024-07-07T10:16,8,125.20,Online,Completed
f789687f-aa4c-4f14-b799-6b76dcf807c2,b014b56e-3263-4b63-8430-46e00bc5ea77,2024-11-18T10:16,5,107.35,Cash,Pending
57811c5d-7838-43d0-89ec-00ded0443cb6,d5eaf6a7-76cc-48ec-98d9-ba713e2df70f,2025-06-21T10:16,5,101.00,Cash,Cancelled
a1076eb9-0602-4277-afa7-68adb79c4c46,b3688304-b24b-416a-9bf4-c2b6aaeb59d3,2024-05-13T10:16,3,24.81,Cash,Cancelled
8dbbf03f-96c9-4e89-ad1d-4bfecc5911a7,964d337f-acd5-4ca2-8843-9be3f2eb60fc,2024-09-13T10:16,2,22.30,Online,Pending
99d593f4-0eb1-45a3-aef5-e4c1a6e89204,d87f31d7-79ef-4c17-856e-142e791b04da,2025-04-08T10:16,6,165.24,Card,Completed
20d59be6-d21a-4430-8c77-8a348d1f2758,a190f67b-21df-46bc-8164-46bdfa00af85,2025-01-18T10:16,1,7.52,Online,Pending
1ce73619-fc30-4d2b-beeb-571309097bb5,1a31c678-d420-495a-aff3-0f1609514e1e,2024-07-24T10:16,2,57.12,Cash,Cancelled
df85f218-0c30-4b76-b2e9-073e1c3d6e20,0b2a0e9a-e050-4380-b607-57adcbbf59d4,2023-12-02T10:16,9,92.97,Card,Cancelled
d0b131c7-8f8e-48ec-b38d-50dc61cfe3fb,7a2e5fa5-096b-4701-8ce6-7a3db39bf8eb,2024-06-28T10:16,1,7.83,Cash,Pending
3fe50938-2daa-4e4a-b34f-f3b7a2226c67,25659c0e-6eb5-4c57-add8-fb6ac5f42699,2025-07-13T10:16,3,19.38,Online,Pending
a033a507-ea97-4739-a208-7087e249b7ed,0dd437d0-74fa-43c3-8909-5c955e4d47dd,2023-12-03T10:16,8,52.40,Card,Cancelled
838ba8a2-51e4-4ec0-9cc2-c7fc6df654ff,0d463f72-c3a1-4a2b-8d0d-1721a0d1a06b,2024-07-24T10:16,3,50.31,Online,Cancelled
c6a292ee-70d9-4fe2-aa8a-031227fa7a3d,885715b6-b1eb-44ca-8460-28c0343e56f3,2025-08-19T10:16,3,36.39,Card,Completed
029cb78e-3d14-4ad4-ad08-a3f9075f7aa9,fdb5454e-2230-489e-ade4-9218ff28cbd8,2025-10-14T10:16,9,237.24,Cash,Cancelled
ac1fa6ef-f583-4aa9-bcb0-60f94639e71e,21edfc22-3f73-4335-a774-3cf78ab65e86,2023-12-02T10:16,2,37.36,Card,Completed
0443780c-d373-4e19-b34e-d156370aa60d,77ca464a-fe0d-4dcc-8f08-3eb2f7b64f76,2023-12-09T10:16,7,148.75,Cash,Completed
3b1936bb-ca9f-42e3-a5f2-27b16098be1a,726d71e2-70fd-4416-8568-78619c14a73a,2024-07-01T10:16,2,17.10,Card,Pending
79c2135e-a5b3-4612-a22e-d066a4db2aa3,c5817fdc-a4dc-4879-b957-30cfda62016b,2025-01-30T10:16,8,202.72,Cash,Completed
47b7cef0-b8e5-4f2b-9b20-cef55e7470c8,39cb44e2-a541-4b98-bc0b-db5f31cf8710,2025-03-06T10:16,7,202.72,Cash,Cancelled
5720dc1b-2c72-4b0f-b3d2-41b44d98e74f,f067e21d-d1d4-4e87-9cae-9753f5f9ccb6,2024-01-29T10:16,4,47.52,Cash,Pending
56a346af-9e94-4036-a6fd-f53056bca2c1,c5817fdc-a4dc-4879-b957-30cfda62016b,2025-06-21T10:16,2,23.52,Card,Completed
e4fd68cc-7cfa-458f-a20d-8386e567aa82,e7991221-0de0-4ef8-aa9c-ca3b59197059,2025-09-14T10:16,7,88.83,Online,Completed
2349fba0-383b-47b1-b190-0d519f8f083f,a302a1a8-c429-406f-abff-9f273aa0a4b5,2025-11-09T10:16,9,138.96,Cash,Cancelled
49037ccc-517a-49f3-ab35-69dd4a3048e3,c46351bf-193f-49af-a5d6-456188837c3d,2025-04-05T10:16,2,11.54,Cash,Completed
f2075d3b-29b2-400a-bcb4-82662487d6c8,7a18d550-38d0-40b2-84a7-547162e7e409,2025-09-04T10:16,8,80.00,Card,Pending
1ff0819f-10d3-45e2-beda-22497248b6fc,953417c6-cd52-45e9-9ca0-bb450653c934,2024-02-20T10:16,3,42.21,Online,Pending
77dccfc2-971b-49ab-9d46-ca38732795c2,21edfc22-3f73-4335-a774-3cf78ab65e86,2025-07-28T10:16,6,36.90,Online,Pending
d1ad7664-be21-4051-8b91-0e60612df8a4,c46351bf-193f-49af-a5d6-456188837c3d,2025-10-04T10:16,1,28.59,Cash,Completed
7cd9b87c-4391-402e-abfe-3ab24eba4b42,9b9edd1e-b4f7-414c-b8b5-a3dc51fa0a8c,2024-09-11T10:16,2,10.64,Cash,Cancelled
e3d51e9e-0697-4611-ae17-df25423c8c9a,9b9edd1e-b4f7-414c-b8b5-a3dc51fa0a8c,2025-04-22T10:16,6,46.80,Cash,Completed
0d6853fe-663b-4ddf-b147-9c545b68e755,06e585f0-5b60-4900-81d1-3379328e6c17,2024-02-16T10:16,6,166.38,Online,Pending
6a194887-e4e5-477f-b183-6c66dd345cdb,941529ef-2114-4bff-907a-4596ff4593a1,2024-09-29T10:16,8,57.92,Cash,Completed
d80a4eab-fa8e-4be3-8e28-352301db3621,b04ce307-2d1f-4214-b023-d8f4379041a1,2024-12-31T10:16,7,108.50,Online,Pending
25cc514f-be9d-4c3b-bc65-80ba49285f39,52c87fd9-fdf0-4256-b929-6153ad24a0ac,2024-01-04T10:16,3,16.02,Card,Cancelled
459aa820-0444-4d76-ad02-0c311e2fa651,36b880b0-e9bd-4c0b-8f1c-32018f6c758a,2024-06-05T10:16,2,13.42,Online,Pending
b30a9276-ba12-4a84-8a86-2d7e0d2797e4,65b2c0ea-6192-47fc-9286-2c1dd3ecefb1,2025-03-05T10:16,6,156.54,Card,Completed
ac4d9e3d-5139-47b2-afb9-e007116eec07,1407e9cf-22c9-4137-a2fe-cc12dc038235,2025-04-30T10:16,8,204.08,Card,Completed
a55a7657-6d81-42ad-8ea7-1224a00de3ee,90f0db1e-2b19-43f7-ba17-233c7c214eca,2024-08-13T10:16,6,130.80,Card,Pending
d5981e39-43a8-4205-bcae-aa469a10a132,00d7ae70-0f46-4453-963c-4ab2a3d29314,2024-07-16T10:16,6,154.80,Online,Pending
053d0922-e70b-444b-9fa9-0c2956fe8b67,8887df7e-682b-4d48-b18c-c1ddfa0aaa26,2023-12-14T10:16,6,62.40,Card,Cancelled
832a5e7b-da2b-4013-a557-ce38c50954c8,941529ef-2114-4bff-907a-4596ff4593a1,2024-11-03T10:16,3,69.96,Cash,Pending
e8a19d45-c59b-4f3a-8b87-8956c510c1b6,60cd80b6-3967-4dae-b4df-adc7b5644971,2023-12-18T10:16,3,29.01,Card,Cancelled
0dcde83d-4e07-433d-9398-9b4ff410e570,c9dcc28a-ae5f-477c-ae7e-72d94129f449,2024-11-05T10:16,2,57.54,Card,Pending
195c9227-02b8-4616-a2cc-acb1f7cca662,fdb5454e-2230-489e-ade4-9218ff28cbd8,2025-04-26T10:16,6,137.94,Cash,Pending
ad28da6a-3cf2-42cd-aeb2-41bff07d0fe6,e277d099-db2a-4aee-ab86-8b0e73a34383,2023-12-19T10:16,3,44.88,Online,Completed
3181607f-7c4a-444d-8a37-e85f8eca297a,b6c26110-1b77-4777-8c79-c69ec19b66df,2025-08-18T10:16,5,66.90,Card,Completed
641d009b-4107-473f-9dd1-b180c12dfc93,c5817fdc-a4dc-4879-b957-30cfda62016b,2024-10-03T10:16,5,54.95,Card,Cancelled
44077c14-5463-4e7e-9033-25893df34699,103fcba5-5588-45a5-9fe0-6ac948d3860e,2025-05-27T10:16,4,34.36,Card,Pending
1428f36c-a3b2-4835-8b31-62224040b898,00d7ae70-0f46-4453-963c-4ab2a3d29314,2025-03-10T10:16,2,10.84,Online,Pending
194f513a-ba2c-49c1-9deb-6466e1ee8d45,9305d562-2505-493d-8ed8-3fb721c8f491,2024-08-14T10:16,8,227.68,Cash,Completed
fd28968b-13e7-4d20-9046-94e950f23c5c,6f61ca8e-51a1-48e0-abfa-88326e713e34,2024-04-05T10:16,6,39.24,Cash,Completed
943bf2b6-22a1-4887-872b-5de56a806cbc,1a48aa9a-def3-481d-922a-94300aa97309,2024-11-22T10:16,1,21.65,Card,Pending
333f64f1-1940-4ba2-b2c5-a10a19a903d7,b95f7619-fab2-4df9-8683-1f2aeb93a660,2025-05-18T10:16,8,143.60,Card,Pending
21cf5a4f-48b3-4592-8887-bf1df295bc9e,0fcf4084-ea31-49f8-99f9-9bf8c8b0c16b,2025-03-01T10:16,6,131.28,Cash,Cancelled
0873a15d-3a9f-48d3-a8e0-851bd168e2c4,7c991f43-c18b-4404-8826-97691b0dc00c,2025-03-28T10:16,7,150.29,Card,Cancelled
853c2979-a7e3-47c9-a497-f4eb293ac589,27e45431-1333-4ffd-a0c8-be56ffdc5d4e,2024-12-02T10:16,8,220.80,Online,Cancelled
c5c615fc-7737-4ba9-af37-58cada5c2a05,e6e1db85-f8ba-4264-9c9a-520ecda4bc4c,2025-06-07T10:16,3,46.86,Card,Cancelled
a3900644-c115-4837-9c9c-485d0f72eb08,6c6a3b10-9747-4dca-a041-4edc22d147b0,2025-10-19T10:16,5,78.95,Online,Completed
88cdb31e-d13d-44a1-b9f2-c7c42d15a75a,6c6a3b10-9747-4dca-a041-4edc22d147b0,2023-12-02T10:16,1,19.44,Online,Pending
3b63aa71-c698-499e-bc61-d139c3596c3d,050d9901-1cb5-413a-9c31-282028f863c1,2025-07-11T10:16,2,46.12,Card,Pending
60091ca9-48cd-47f0-ac7d-d814800316df,4bb2d776-14c0-4ef6-b8ba-c580cbed72b8,2025-02-05T10:16,9,248.31,Card,Cancelled
b2856ce2-6ab3-4275-8a61-23ffe57c7733,515fe1d2-d33a-4b9d-8c19-07e0cbe81a9a,2025-07-18T10:16,7,73.78,Card,Cancelled
e5721ddc-beeb-41d1-ac74-755ffd8a9817,e85d0261-2d97-4475-a749-363ec9040a74,2023-12-14T10:16,2,21.94,Cash,Completed
6674e8a7-a6d7-48cf-a793-06e657170c2f,71f17b36-2c37-4cfa-bf8a-894fa94c0e9b,2023-12-13T10:16,7,76.30,Card,Completed
2ac2f42c-b733-46c2-848c-dc456f2a9fd4,0a15d43b-8f6b-444a-bef2-ffbddfdbd16f,2024-08-16T10:16,8,193.60,Cash,Pending
0b240122-5967-4d79-86c6-ce3d67b683fc,05ccd8a5-ea5f-4353-bd1e-3022152b0685,2025-06-21T10:16,4,66.68,Online,Completed
b5306925-ec96-4573-b743-6301b18ad520,14eace30-1ac2-411e-8eef-98e8f32a87fb,2024-01-12T10:16,3,25.92,Online,Pending
7292810a-fc0d-4e01-8339-f65a8386da9b,6c6a3b10-9747-4dca-a041-4edc22d147b0,2024-12-23T10:16,3,32.34,Card,Cancelled
d0f33a05-f6fe-4fcc-a8a8-8ffc4aa83d42,0b2a0e9a-e050-4380-b607-57adcbbf59d4,2024-04-16T10:16,7,185.22,Card,Cancelled
b3665efc-968e-4541-bcb0-965bfb60e3c6,63846b60-b7be-4087-ac6e-56c9bc130a20,2024-03-01T10:16,8,96.96,Card,Completed
a1c55b3f-7d4a-4776-84db-7678a42b3d15,60cd80b6-3967-4dae-b4df-adc7b5644971,2025-07-13T10:16,1,20.06,Cash,Cancelled
ca2e78f7-8e96-43c2-bd81-941ff55bd209,1a48aa9a-def3-481d-922a-94300aa97309,2024-10-23T10:16,4,106.68,Online,Cancelled
232d54d6-f651-4304-9c0e-78d392ca739a,73a2b03c-2dca-486e-8ebc-c4d6bb68a8c6,2025-04-07T10:16,6,146.16,Cash,Cancelled
a6e8f7f6-31fa-4992-b13e-d59199c3460d,6aaabc79-3d35-410f-bb96-f86a3930d0ff,2024-12-02T10:16,6,130.20,Online,Pending
10ea24aa-9b05-4737-83b0-a4c0695410d6,b03f75c1-655f-4480-a2bf-1a0af806e96e,2024-09-04T10:16,1,9.89,Cash,Completed
32bc626d-cc61-4c73-9f2a-aaf8eee9199b,a5ffc907-be77-43e6-8694-4a0bf09bd3fb,2025-08-18T10:16,8,166.64,Cash,Pending
c541a752-90fc-422c-bfc6-5c430d6e07fc,b3688304-b24b-416a-9bf4-c2b6aaeb59d3,2025-05-09T10:16,9,171.72,Cash,Cancelled
41629eec-bbde-4fb2-a851-9dde3c741a81,d5cfb1a3-ce2f-4aff-ab4c-50e0c5426af1,2025-06-06T10:16,6,95.40,Card,Completed
2f028b21-98e2-43e6-9b26-32571de5d85f,000f9c8f-2fc7-4346-844d-c04f10751265,2023-12-18T10:16,8,126.80,Cash,Cancelled
f39f4b1e-e836-41db-8466-6fd3dfa1415c,4e44f26d-5455-405b-8fdb-63ab8b739ecf,2025-05-27T10:16,9,86.85,Card,Completed
9b5ffa38-f689-42c0-b516-54381dac1ddd,1233cc27-7567-48e0-8dd2-6b0019506c2f,2025-02-05T10:16,4,41.84,Online,Completed
45e9b8a1-990b-4d67-ad41-0b68a9f2c843,8b115a34-224b-453c-be69-b53a7445b466,2025-02-28T10:16,8,138.96,Card,Cancelled
ddd43a48-e2af-4eeb-b267-b5a1aad2e730,4e44f26d-5455-405b-8fdb-63ab8b739ecf,2025-02-08T10:16,2,54.02,Online,Completed
fd93c659-5dd1-4c02-bc5c-732a4c836b9d,050d9901-1cb5-413a-9c31-282028f863c1,2025-04-03T10:16,1,11.23,Online,Completed
760be70a-aae0-42f5-b083-ede9c67588f5,7169ef0c-f2c8-4ae3-83f6-87691664d2d2,2024-10-22T10:16,3,25.23,Cash,Pending
0755ce92-1c77-4451-ab7d-24b173c8242a,6945f6f4-b8f9-4d04-90ff-e59ed705578e,2025-04-21T10:16,3,66.99,Cash,Cancelled
9374ef0a-24f1-4cc5-a61d-ae20fe39edfe,1d32c3b3-c732-4995-aa6b-ff159deb3bdf,2025-05-21T10:16,3,22.23,Online,Pending
2fe599ba-0816-49c4-a015-b81d7ed4ca50,d5eaf6a7-76cc-48ec-98d9-ba713e2df70f,2024-07-01T10:16,6,140.52,Cash,Pending
b847556b-1687-402e-82af-b5c7d78a767b,00d7ae70-0f46-4453-963c-4ab2a3d29314,2024-08-26T10:16,1,12.18,Online,Pending
4a1bc7f8-5989-4c05-aec4-98cc6824f748,bf0de251-90d7-423c-8b31-48df1a89964f,2024-08-10T10:16,7,195.02,Online,Cancelled
c611fd17-aa8b-4ce6-a03f-3a5af6f1d94f,6aaabc79-3d35-410f-bb96-f86a3930d0ff,2025-09-25T10:16,9,206.55,Cash,Pending
7849e23b-f9d5-474a-b2b8-2406f7714eb7,c1a09d60-c9e8-4489-a68e-e01b51541d33,2025-01-30T10:16,6,155.16,Online,Pending
ede147ea-0c8d-4cf1-a40d-d5c003f6b053,8887df7e-682b-4d48-b18c-c1ddfa0aaa26,2025-06-19T10:16,9,140.40,Online,Completed
c7bd543f-90bb-4053-a519-ac827d07ad57,c0d74d86-5c5b-481d-b8e3-61eeb9c77255,2024-08-17T10:16,7,133.77,Online,Cancelled
b3a24574-1b03-47a4-a238-ab89c3a9b8f5,365c90d0-a590-4209-9401-2ce55af5ed98,2024-05-30T10:16,6,141.84,Online,Cancelled
392c5b03-fcae-4c82-b999-56deb3e35765,3befa4dc-d961-4a3a-9410-d43d1bdaa335,2023-11-21T10:16,4,93.72,Card,Completed
378aacc6-942d-4f35-b960-7777fe5f5c26,89d26a00-0fde-4c03-8430-b06f6bc3f33a,2025-04-25T10:16,4,36.16,Online,Completed
46517792-f161-4f3e-b805-7c32d30274dd,f90cf3ca-e2d0-4129-bc7a-e8a2b80880da,2025-09-28T10:16,8,107.28,Card,Cancelled
aa42eb63-d2aa-4ea4-9e27-9be6a1a87e54,103fcba5-5588-45a5-9fe0-6ac948d3860e,2024-10-22T10:16,3,57.66,Card,Cancelled
c7a2b8b0-cc99-4ed9-8829-d039b900eac9,9c53f3f8-5b22-4d77-bd76-cfa6c70e443c,2024-11-04T10:16,5,55.25,Card,Completed
b4f19420-788a-4f07-ada2-f74ca843a030,a302a1a8-c429-406f-abff-9f273aa0a4b5,2023-11-22T10:16,1,6.32,Card,Pending
247f5d9c-b561-4dd0-9ea8-182ffd910dd5,26d032f1-9fe9-487a-987a-a8be14e1db05,2025-05-23T10:16,9,218.16,Online,Cancelled
02625638-9f5e-4f66-b825-4c5f8d9466d2,1407e9cf-22c9-4137-a2fe-cc12dc038235,2025-02-01T10:16,8,162.32,Cash,Pending
3c92bbc9-629c-4474-a476-0671036a9b27,b0d737cd-ec4b-4a88-aa81-d012ef3fb719,2025-01-15T10:16,7,113.05,Cash,Completed
b9c866a9-9afb-4443-bc16-b7c40a581cd0,39cb44e2-a541-4b98-bc0b-db5f31cf8710,2025-03-14T10:16,9,182.07,Cash,Cancelled
d198d46d-daae-44d7-93b9-81d45c61edae,ba5d9947-b043-4aca-8ee0-6b77895cf8e8,2023-11-22T10:16,9,105.75,Cash,Completed
ccf7aed3-964e-4e18-bb51-4d69b66755bb,d87f31d7-79ef-4c17-856e-142e791b04da,2024-01-22T10:16,7,143.15,Cash,Cancelled
fca30273-17ac-439c-b15a-b52b6625da56,2c6dafc9-06cc-4b3d-8b8d-12aae0644c58,2024-11-20T10:16,6,98.64,Online,Pending
191aecee-9a0d-41b7-9f88-cdbf5bfa78e9,6c6a3b10-9747-4dca-a041-4edc22d147b0,2024-05-18T10:16,2,40.40,Card,Completed
bf3cd7e5-c606-4773-b1d2-929107b97084,65b2c0ea-6192-47fc-9286-2c1dd3ecefb1,2025-07-16T10:16,6,143.58,Cash,Pending
dea44656-1167-4cd1-8681-3197e37bf7e4,fbe227d7-6d32-4407-9783-7fdac983e55f,2025-02-03T10:16,7,76.30,Cash,Completed
eb41e67f-4f91-4a6f-ad64-edad266069ad,caad7924-4bc5-4f85-9662-11ca261e3c87,2023-12-03T10:16,6,128.94,Cash,Pending
325fe9c8-001c-43c7-b5b9-995787d34574,89d26a00-0fde-4c03-8430-b06f6bc3f33a,2024-09-15T10:16,1,15.50,Card,Completed
9e4aeaba-7472-4f5a-a5ff-ae9b66ea6b47,00d7ae70-0f46-4453-963c-4ab2a3d29314,2025-08-14T10:16,2,15.18,Online,Pending
57cb1c10-1a64-4379-a2d4-5a731ee9d62e,6117b6f0-c4f4-4bf1-9eeb-f33950decba8,2025-01-02T10:16,8,147.20,Online,Completed
e891ab5a-56ad-425c-a42a-fe0377e59394,ada8704c-2784-4d70-84da-10078407d2c8,2024-08-05T10:16,3,53.43,Card,Pending
e41a6d59-f7a2-4cee-a817-85d15a698e8f,59827b2a-ae17-44b1-bd6f-6f08718559cb,2024-12-22T10:16,3,75.51,Card,Completed
98c65c1b-0632-45ce-a9d6-78f3bf3200e7,caad7924-4bc5-4f85-9662-11ca261e3c87,2024-05-25T10:16,9,267.66,Cash,Completed
eeea67d5-12fe-4ce1-9af6-acbc49511428,795088d7-d227-422e-ad8c-f048bde0675e,2024-09-14T10:16,5,97.15,Cash,Pending
b10ed7fd-b9fc-4f2b-9bfa-74372a0555b6,52f5634d-de98-4543-8a1e-cbf1e2d0242f,2024-04-01T10:16,2,55.52,Online,Cancelled
76b17a2e-bb83-4345-b714-708c1d7c4567,0a15d43b-8f6b-444a-bef2-ffbddfdbd16f,2024-04-01T10:16,7,172.83,Cash,Pending
6ea1a277-c933-4c12-a430-9a62c4252c43,60cd80b6-3967-4dae-b4df-adc7b5644971,2025-05-03T10:16,5,83.65,Online,Cancelled
8c943235-2100-406f-b596-d1d97033dd83,1233cc27-7567-48e0-8dd2-6b0019506c2f,2024-10-04T10:16,7,200.83,Card,Pending
c84b3f1c-ebd4-4bc4-8d88-d3e2b7fda3ba,cb8747c7-32ca-4b6b-868d-13ab01d953ec,2024-03-20T10:16,8,117.84,Online,Pending
e1534821-31ff-4b07-87cd-d06a40b22dcc,428424b7-1f94-496a-8b7a-497ce177d32c,2024-07-25T10:16,8,96.72,Cash,Cancelled
592e0b24-856d-4431-aa98-62339f0e66ca,3910ab11-8758-4a4f-8a9b-c4f5df7413c4,2024-07-13T10:16,3,48.51,Online,Completed
bc647d3c-94b3-4a24-bab5-f61de2c7cd3d,0a0ac3e5-6e20-4fbc-87ec-5481c70e38bc,2024-09-23T10:16,9,263.43,Online,Cancelled
53a240c0-2c38-40ce-89ee-3373d5983537,b014b56e-3263-4b63-8430-46e00bc5ea77,2025-07-22T10:16,6,44.82,Online,Cancelled
f91bc0aa-2d25-4f49-a9b8-b78bb2b4a56a,1d32c3b3-c732-4995-aa6b-ff159deb3bdf,2025-01-22T10:16,4,40.00,Card,Pending
24a38989-1f7d-410a-8da9-ce8a313bda3e,d5eaf6a7-76cc-48ec-98d9-ba713e2df70f,2024-05-30T10:16,4,96.76,Card,Completed
c13cee47-055f-47f8-abf7-b4e4274c359a,3dcaabe3-78c9-4d88-bed5-56ca7ceea07c,2025-01-31T10:16,3,74.85,Card,Completed
b9007adc-e7a7-4b65-a0c9-131e02185882,b014b56e-3263-4b63-8430-46e00bc5ea77,2025-03-13T10:16,4,116.60,Card,Completed
5543df23-70b9-48ac-8acb-815122f1f1de,b047b369-02d0-4f25-9af0-f1e883228863,2024-07-13T10:16,7,48.51,Cash,Completed
c84eec1c-79dd-4296-acfe-68956d188772,428424b7-1f94-496a-8b7a-497ce177d32c,2023-11-30T10:16,2,52.60,Cash,Cancelled
5f53dc4a-1cd2-4f51-ab62-6abc1ca6dbd3,515fe1d2-d33a-4b9d-8c19-07e0cbe81a9a,2024-07-22T10:16,7,206.29,Card,Pending
5f8f58c2-2090-4231-87a1-ef6a6b610690,6c3bf618-a715-40f9-9faa-cfc5f5beef2f,2025-01-04T10:16,6,70.38,Card,Cancelled
612ec0b3-408f-45da-b70e-38185b31fcd8,dcfb3d05-846d-4915-99f3-ebbc7559d972,2025-10-10T10:16,3,23.79,Card,Cancelled
c343c1a5-9127-4b0e-9bb6-08606cf70c94,73a2b03c-2dca-486e-8ebc-c4d6bb68a8c6,2025-07-04T10:16,6,133.08,Online,Pending
cd520b78-d540-4058-b7a6-caecd06b644b,401a6911-a31e-4892-adc1-56e3e1eb090a,2024-01-22T10:16,7,50.68,Card,Cancelled
222500d8-8d3f-4ca0-b328-afd569f591a0,ebbc7df0-770d-44f8-b0ff-c62f9006e40e,2025-10-18T10:16,3,40.80,Online,Completed
23d2d8ec-bce8-4a33-ba6b-219aea61cd7f,62a2bfef-ca4a-4dec-90ea-bf15ea1880d2,2025-10-29T10:16,8,53.68,Cash,Completed
d7151858-d42f-467c-8757-eaa901aa9fb2,6f61ca8e-51a1-48e0-abfa-88326e713e34,2024-10-14T10:16,2,48.94,Cash,Cancelled
2d3e901f-b33f-4031-bc37-0682698b23bd,90f0db1e-2b19-43f7-ba17-233c7c214eca,2024-03-02T10:16,2,18.98,Cash,Cancelled
5b00ab93-5b07-4cf1-8f29-6a03e6f655f4,6e551d53-4f6d-4b84-a9de-3d7c79694805,2025-10-01T10:16,5,35.35,Card,Pending
b170ce05-a321-4748-ad74-18068593d74f,ba5d9947-b043-4aca-8ee0-6b77895cf8e8,2025-09-11T10:16,4,81.28,Online,Pending
c5467101-d9d8-4625-b665-fec6639a0abe,1233cc27-7567-48e0-8dd2-6b0019506c2f,2024-03-10T10:16,1,26.29,Cash,Pending
81da6b51-5806-4c75-aa78-a4e7d1c10fa5,ba5d9947-b043-4aca-8ee0-6b77895cf8e8,2025-01-17T10:16,8,212.32,Card,Pending
