order_id,restaurant_id,order_date,items_count,total_price_usd,payment_type,status
7630403c-a14d-4687-ad9a-f01a05eef3ea,bf0de251-90d7-423c-8b31-48df1a89964f,2024-04-03T10:16,4,80.84,Cash,Completed
a4507ca0-96c0-4c85-8f19-5f4650c206a4,4e44f26d-5455-405b-8fdb-63ab8b739ecf,2025-11-05T10:16,6,118.74,Cash,Completed
adb76496-3eb6-43c1-a2a6-8d6bb0ad15e5,46032f36-69bc-465a-9b33-a5d560bfd77a,2024-01-24T10:16,8,144.56,Card,Completed
14b221bf-f8dd-4cbd-b07e-79a64588f0f3,cd50913f-8c99-4253-9134-0cf5fe5f300f,2024-08-28T10:16,5,48.05,Cash,Completed
a6a648dc-037b-45fb-97e4-c8489e5f1262,e12c3d24-86c8-474f-b86b-370df36adbfe,2025-08-01T10:16,8,101.60,Cash,Completed
537cf651-237d-48f1-9940-83bc8f722015,d3f641e5-b8b5-4f5f-9155-7768df2033e8,2024-06-12T10:16,3,39.15,Online,Cancelled
abc30b53-c40c-453a-a335-ee05a2b700f1,e6cb1215-5314-4d05-bfd1-f6e5d36e89f7,2025-05-13T10:16,7,37.31,Online,Cancelled
1bad2494-2c10-4ea1-b1af-95dfc21d1999,8626238e-5813-415a-9a8c-db944b1e0269,2024-10-29T10:16,1,11.94,Card,Cancelled
76aecce7-c291-437b-84de-1825caf56321,0fcf4084-ea31-49f8-99f9-9bf8c8b0c16b,2025-03-30T10:16,2,19.56,Cash,Cancelled
a4f1ac10-0007-46df-92e3-6ceea5ce65db,52f5634d-de98-4543-8a1e-cbf1e2d0242f,2025-03-14T10:16,6,74.22,Online,Pending
2ec586c2-efab-45c0-b137-de1f520cbcf9,0d463f72-c3a1-4a2b-8d0d-1721a0d1a06b,2025-09-19T10:16,5,132.85,Online,Pending
a7a7c2f3-57f5-483d-9ff8-72291d25001e,1233cc27-7567-48e0-8dd2-6b0019506c2f,2025-02-01T10:16,4,89.08,Online,Cancelled
63cdf72d-ebb9-499b-b5c4-62040ef32701,02c65c06-56ad-4670-b8e2-10ab417c7154,2024-10-20T10:16,3,53.16,Card,Pending
987a1414-f47b-40ac-ab43-41a83bbfdaf8,89d26a00-0fde-4c03-8430-b06f6bc3f33a,2024-03-30T10:16,6,107.76,Card,Completed
af1fd875-126f-438e-a975-c729bde8492d,c83bba2f-5229-4998-9566-1f3179b13e8a,2024-05-02T10:16,2,31.22,Card,Cancelled
cc63a4f3-8e43-4f67-badd-0c4b95180cd8,9fa382f0-8393-48db-ad30-43c953282401,2025-06-03T10:16,2,33.60,Cash,Pending
7559af6b-f08f-4400-b328-830268a58c9f,0a570207-0f70-467f-bbeb-44a0a60a9a25,2025-10-05T10:16,4,61.44,Card,Cancelled
b608e80f-7032-4bff-82be-342b5d3ae6d4,935ebde1-5945-4673-886e-1a7a12cc2d4e,2025-04-03T10:16,4,51.76,Cash,Pending
71cdec11-35f8-4341-8a1f-4649577d824a,bb6bf39c-f455-4e08-a59e-1bdaaa91d4aa,2025-10-20T10:16,4,91.24,Online,Cancelled
c82f7f59-eca7-4b42-b09b-364402d49e1c,e12c3d24-86c8-474f-b86b-370df36adbfe,2025-08-11T10:16,2,24.12,Online,Cancelled
e2faf3e4-79b7-409d-ad6f-cc84be85eb02,46032f36-69bc-465a-9b33-a5d560bfd77a,2025-01-09T10:16,9,69.12,Online,Cancelled
7d393e36-5605-4158-bd4d-aa60c3726d76,7509850a-5062-4da9-aad6-bc5b9e363ef1,2025-06-18T10:16,8,50.48,Online,Pending
1cdb9978-fb7a-46ae-a3eb-b4f6ca8f3a99,0a15d43b-8f6b-444a-bef2-ffbddfdbd16f,2024-02-25T10:16,1,12.52,Cash,Completed
65f6c6c6-497c-461d-af95-35ee0662e6ee,f90cf3ca-e2d0-4129-bc7a-e8a2b80880da,2024-09-30T10:16,5,91.20,Cash,Cancelled
4697cc23-8069-4e9a-a97c-30fe9fe915eb,8113211c-bdc3-4bb0-94d9-3fd3871f3005,2025-04-18T10:16,4,111.56,Online,Completed
f0d87475-4c72-4130-a181-c779520c3bb8,aac35608-9499-49c5-811a-a059e773c968,2025-07-01T10:16,6,63.12,Online,Cancelled
e8400d45-d7c6-4f18-8814-bb526d20c65b,b04ce307-2d1f-4214-b023-d8f4379041a1,2024-12-08T10:16,2,38.86,Cash,Cancelled
8638031f-d046-4eab-88f9-0f9385f26a55,36b880b0-e9bd-4c0b-8f1c-32018f6c758a,2023-12-28T10:16,8,237.04,Online,Completed
ef63bbae-9d4b-43c2-a5d6-d48e12a56248,63846b60-b7be-4087-ac6e-56c9bc130a20,2024-11-17T10:16,7,45.08,Cash,Completed
47459840-35a0-499c-b58e-7d470af4c3b9,b04ce307-2d1f-4214-b023-d8f4379041a1,2023-12-21T10:16,1,18.36,Card,Completed
fd0b21f2-9389-45fb-b0f8-5141de9f6f2e,53db1213-7316-47bb-9099-c1def0e3c96b,2023-12-22T10:16,5,77.15,Card,Pending
110b42ac-57e9-4ca9-8372-555293f16a1a,b047b369-02d0-4f25-9af0-f1e883228863,2024-09-07T10:16,1,7.72,Cash,Cancelled
eb3cfa82-8c5e-4c87-9f60-6d0748892b69,ebe19120-496a-47fa-87eb-2440212a3363,2023-11-15T10:16,1,10.75,Online,Completed
fcbb1abd-e1cd-4ed8-ac11-c7d46f5ae8c8,cd50913f-8c99-4253-9134-0cf5fe5f300f,2025-09-29T10:16,7,164.85,Online,Pending
ce780231-bde2-4a45-aa26-707fcadcac88,6f61ca8e-51a1-48e0-abfa-88326e713e34,2025-09-13T10:16,9,261.63,Online,Pending
03bd2759-eb68-46d9-83a6-03fdc9de5945,a5ffc907-be77-43e6-8694-4a0bf09bd3fb,2025-02-10T10:16,7,146.58,Cash,Completed
5e00351e-8694-42f8-baec-4a9f5db74acf,e6e1db85-f8ba-4264-9c9a-520ecda4bc4c,2025-02-07T10:16,6,76.56,Card,Cancelled
d0761290-7a6c-4c97-b8e7-752fe0216553,e7991221-0de0-4ef8-aa9c-ca3b59197059,2024-02-08T10:16,6,179.16,Card,Cancelled
d385992a-3b9a-4567-ab61-25e4dc1829cd,8250871a-2b35-424e-a1a1-4eb4faffabfb,2025-10-19T10:16,3,22.62,Online,Cancelled
daaa5340-1916-4998-97b4-cc569dd13fe6,8626238e-5813-415a-9a8c-db944b1e0269,2025-02-14T10:16,3,47.31,Cash,Completed
05b9f1fd-6dd4-4caf-be22-da3268891ca0,0a15d43b-8f6b-444a-bef2-ffbddfdbd16f,2024-06-03T10:16,8,78.40,Cash,Cancelled
d90d41c6-9cbb-425c-ad9c-e944ac18fa98,8250871a-2b35-424e-a1a1-4eb4faffabfb,2024-02-26T10:16,1,18.61,Cash,Pending
fba74b0c-bc54-4d02-a16d-f1474aa470c9,caad7924-4bc5-4f85-9662-11ca261e3c87,2025-07-11T10:16,2,26.40,Online,Pending
548552f9-916c-4d65-ba41-aeb8d9455437,09ba4183-1b94-4f8c-bc5f-eca421a88524,2024-03-08T10:16,2,22.14,Card,Cancelled
83e5748d-ab10-4e60-9413-cac3088ffa6f,7c991f43-c18b-4404-8826-97691b0dc00c,2023-12-16T10:16,6,149.82,Online,Pending
309cb540-6c49-480a-be66-b36c396c0798,bc58b12c-65c4-4f21-89ef-3e492a22ef7c,2024-03-10T10:16,1,25.78,Cash,Pending
149b1483-3a19-4816-90ee-cc6b86e1db18,910b1d47-5c37-48b1-8bde-96c60660f1d7,2024-03-19T10:16,9,210.06,Card,Cancelled
c4708011-0335-4f64-b119-a5f853fd562e,5f6e51da-5f01-4c9a-85dd-7d50ef37e5d7,2025-07-12T10:16,6,158.16,Online,Pending
5c32b05f-7c2d-4a22-9b06-5ec602310d3b,1407e9cf-22c9-4137-a2fe-cc12dc038235,2024-08-26T10:16,8,117.12,Card,Cancelled
2c075986-4d88-44a5-b7a8-8aaa6ac0c481,0a5bd884-b432-4ce5-b14e-44b4aedd4c0f,2024-04-07T10:16,2,55.90,Card,Cancelled
46cd3d63-6e19-448b-a070-b90f8fd51f13,e886c155-0dae-4b36-88f5-a86fa474d1f6,2025-06-18T10:16,4,111.84,Online,Pending
1879146c-9148-4b0a-a91d-144fd4d0fa56,824998a2-7592-4051-ab0b-d5e12743c93b,2025-10-19T10:16,2,34.08,Card,Pending
50c70bea-148f-4d83-8ee3-6482703bc794,27e45431-1333-4ffd-a0c8-be56ffdc5d4e,2024-10-24T10:16,5,69.10,Card,Pending
4bde2c52-c458-4487-849e-77e227050bf9,8887df7e-682b-4d48-b18c-c1ddfa0aaa26,2024-01-06T10:16,9,224.55,Card,Pending
7b1ff3e9-0381-4d8b-af32-aef9bf1cbc89,515fe1d2-d33a-4b9d-8c19-07e0cbe81a9a,2025-03-25T10:16,2,10.60,Card,Cancelled
f0960df9-a242-43c2-a125-4b0b34b6e059,0a5a9fc7-e126-48f0-99aa-dea85c606f66,2024-06-29T10:16,3,39.93,Card,Completed
aaf43b1f-3e7a-47b3-8fa4-06daefbb68f8,10b26c2d-7d56-4175-84a8-a2775e128a9d,2025-05-17T10:16,4,78.64,Online,Cancelled
9dd907d0-e255-48ca-80d7-db4a18ecb220,b047b369-02d0-4f25-9af0-f1e883228863,2024-06-25T10:16,3,80.64,Cash,Completed
71578ced-ce48-44de-b25a-fcd03cd42b33,4f6ae324-5b6d-47d6-a86d-26ec6fbe1e0e,2023-12-18T10:16,3,79.20,Cash,Pending
5be46614-ed0c-4acb-8ddb-918fa269823b,9c53f3f8-5b22-4d77-bd76-cfa6c70e443c,2023-12-29T10:16,1,24.71,Cash,Pending
7c309ead-3f33-41d7-8848-785ba1d95d4c,3befa4dc-d961-4a3a-9410-d43d1bdaa335,2024-04-23T10:16,8,69.28,Card,Cancelled
9df97dda-43a7-4537-84aa-b00d88546324,7a2e5fa5-096b-4701-8ce6-7a3db39bf8eb,2025-08-21T10:16,6,129.54,Card,Pending
e682099d-25e6-4a28-a6f9-f960a350c06a,3ab3404a-ee80-4ed2-8d90-a6f0dad14e48,2024-10-31T10:16,9,197.91,Cash,Cancelled
e756da12-6b74-4dd5-8f93-e7cd2002c3cf,c63bd277-c81c-40c5-8720-6ce916d653c4,2025-07-20T10:16,4,80.52,Online,Completed
eacc259c-12f1-43dd-bae2-9fb9b775b323,c5817fdc-a4dc-4879-b957-30cfda62016b,2024-07-08T10:16,1,14.83,Card,Pending
ca94ec24-f49b-42ed-a229-c652d8f60322,6f61ca8e-51a1-48e0-abfa-88326e713e34,2025-03-31T10:16,9,111.06,Online,Completed
506be114-747f-4ec9-8614-a41ce7f8c9dd,ceafdb2a-788d-48e0-acdd-bd533a2e7ab6,2025-10-05T10:16,4,72.00,Card,Pending
756e6fa3-b409-4915-94c1-6666945173e9,0a5a9fc7-e126-48f0-99aa-dea85c606f66,2025-02-04T10:16,8,123.84,Cash,Completed
491a00ba-ade9-432f-99a7-8dca7f430145,5f6e51da-5f01-4c9a-85dd-7d50ef37e5d7,2024-12-11T10:16,7,50.05,Card,Pending
5a828f76-3c00-4a6b-88ee-fb5de713a440,56a75a3e-a944-4147-8cba-f1024726993f,2024-10-09T10:16,8,61.60,Cash,Pending
77fdb3e3-8789-4e73-998b-c5d68a14968c,6945f6f4-b8f9-4d04-90ff-e59ed705578e,2024-05-05T10:16,3,69.78,Online,Completed
15ac5846-79ff-4148-9555-09d3500fd8c4,7d2df59f-386d-4aec-85a8-2443262a0cb4,2025-07-25T10:16,4,57.36,Cash,Completed
fa09e9bd-9887-4683-baea-4e84f74f71b1,59827b2a-ae17-44b1-bd6f-6f08718559cb,2024-02-23T10:16,5,138.05,Cash,Cancelled
cd6cd25f-dcbe-4e95-9f46-d8bbdb539a3b,59827b2a-ae17-44b1-bd6f-6f08718559cb,2024-10-02T10:16,4,83.12,Card,Completed
9913e712-da93-4c21-bb9f-ddabb639961f,e12c3d24-86c8-474f-b86b-370df36adbfe,2024-05-24T10:16,5,87.70,Card,Pending
d7ab820f-fbc7-49e1-9f41-7ac4b3313681,c9dcc28a-ae5f-477c-ae7e-72d94129f449,2025-09-06T10:16,4,112.52,Card,Pending
fadf5d9e-3255-4abf-b08e-d62e0ffaf1f8,c0d74d86-5c5b-481d-b8e3-61eeb9c77255,2024-08-18T10:16,4,44.88,Card,Completed
e08166a6-9580-4b48-9806-45d3d1c653cb,8b546c63-5406-493d-bc69-cfb594b38267,2025-01-29T10:16,4,75.00,Card,Completed
fe4c9543-32ab-429b-ac76-adfe2df8dedb,0a5a9fc7-e126-48f0-99aa-dea85c606f66,2024-09-03T10:16,2,36.86,Card,Completed
c6dac476-49a8-4966-9776-0b31169389bf,ecf1ffb0-ac00-4968-87ea-8beef4ace55a,2025-05-26T10:16,3,54.21,Online,Completed
7da800c0-005e-4acf-b916-0a268e554578,6c3bf618-a715-40f9-9faa-cfc5f5beef2f,2024-02-20T10:16,5,55.90,Cash,Cancelled
0c0f745d-a1fc-4429-82a1-5d4afc9af3bc,6e551d53-4f6d-4b84-a9de-3d7c79694805,2025-07-07T10:16,5,71.10,Card,Completed
c198c8b6-b699-4388-b65e-a150816ced07,000f9c8f-2fc7-4346-844d-c04f10751265,2024-08-10T10:16,1,11.25,Cash,Cancelled
d70b01ec-7e04-4570-905d-47e181d34f7c,62a2bfef-ca4a-4dec-90ea-bf15ea1880d2,2024-10-01T10:16,3,44.61,Card,Completed
ed13b9f5-b2ab-45d7-bf5d-d56c17b64b27,964d337f-acd5-4ca2-8843-9be3f2eb60fc,2025-02-12T10:16,5,148.45,Card,Completed
7f0074e1-4b0d-4e1f-a83d-826bea235475,4717d2a3-4b2a-44f1-b960-a2b73e2d23fd,2024-05-25T10:16,1,28.65,Online,Cancelled
91b99214-1516-4e1a-b9a2-480de480d869,3e97fc93-73a7-45e0-9888-f7a03ee258a7,2024-11-30T10:16,7,184.24,Cash,Cancelled
4ff4bb72-328d-4831-9c20-8a9b1d6cc942,ada8704c-2784-4d70-84da-10078407d2c8,2025-05-23T10:16,2,50.00,Card,Cancelled
7b876c38-0321-480e-b232-f40732e96ff1,6c3bf618-a715-40f9-9faa-cfc5f5beef2f,2024-03-30T10:16,3,22.56,Card,Pending
ab1c38f2-d924-4a21-a726-5609b401c6c9,ebe19120-496a-47fa-87eb-2440212a3363,2025-07-30T10:16,5,109.35,Cash,Pending
868f589a-d80d-4ef9-bc60-8801075016c5,36b880b0-e9bd-4c0b-8f1c-32018f6c758a,2024-07-28T10:16,7,205.10,Card,Completed
55130c38-ea71-4d8d-8885-53bd9b94929b,aff4340c-d102-49ba-af8e-84d2737ce82c,2024-02-23T10:16,6,143.52,Card,Cancelled
8c0b6ca6-aeef-4550-a870-f3695ee6c920,f543de06-e341-4de2-95ab-ca0fd3ee51fe,2025-10-15T10:16,1,22.21,Cash,Pending
d9423804-ec02-45d4-bfea-36977d992c3b,3dcaabe3-78c9-4d88-bed5-56ca7ceea07c,2024-09-09T10:16,6,56.76,Online,Cancelled
bf550ea8-1208-4c64-969b-0a4dcfa1c88e,9305d562-2505-493d-8ed8-3fb721c8f491,2025-08-24T10:16,7,77.28,Card,Cancelled
8b8af63c-9158-4e66-826c-aa9cc3ba3351,7d2df59f-386d-4aec-85a8-2443262a0cb4,2024-04-10T10:16,3,23.76,Card,Cancelled
5f26f350-f991-4ca1-a394-352cfc10d2c9,99c406e7-092b-4eeb-bc08-56fc041c253d,2025-06-28T10:16,2,10.08,Cash,Completed
8dcc6eab-4977-4561-ae2a-28d453076de7,2c6dafc9-06cc-4b3d-8b8d-12aae0644c58,2025-10-07T10:16,4,103.76,Online,Pending
fa9b0c1b-0a05-43a9-b0fd-8b270511976d,3ab3404a-ee80-4ed2-8d90-a6f0dad14e48,2024-12-26T10:16,1,14.08,Card,Pending
4ad2763b-7325-46d3-86b6-bf6aa159f344,a938df5f-7764-459c-8bfd-90409d16b3c6,2025-06-09T10:16,4,52.28,Cash,Completed
476f6366-40d9-4a7a-99ba-73bb595aa86d,53db1213-7316-47bb-9099-c1def0e3c96b,2024-09-12T10:16,6,85.14,Online,Pending
49725239-ed6f-40b4-a932-5965e532ec47,3e97fc93-73a7-45e0-9888-f7a03ee258a7,2025-03-22T10:16,4,64.20,Card,Cancelled
b0d7340d-efdb-4aa1-adc0-9cda349b1bad,05ccd8a5-ea5f-4353-bd1e-3022152b0685,2024-12-22T10:16,3,30.09,Online,Completed
a214ab4e-0795-4e41-aaa2-daa542e33891,52c87fd9-fdf0-4256-b929-6153ad24a0ac,2024-05-21T10:16,3,82.80,Card,Cancelled
841b2580-00de-409c-9024-bfd27a10afdf,90f0db1e-2b19-43f7-ba17-233c7c214eca,2024-02-25T10:16,3,32.79,Card,Pending
f3a788be-8605-45b3-8a97-fbc0cdcaa1e4,b90a3a7f-421e-47e5-8598-fe50f365a62e,2025-01-17T10:16,2,49.24,Card,Cancelled
38651930-7faa-452b-9cd1-a83d2807dc1c,500fde18-ea61-4380-9ea4-f06d09985870,2025-10-04T10:16,9,131.22,Online,Cancelled
2aa8031b-7b3c-4703-ad9d-6f337e169495,6aaabc79-3d35-410f-bb96-f86a3930d0ff,2024-12-31T10:16,5,101.30,Card,Pending
f0022540-39c6-4494-b7c1-fd8dc14f86ae,8626238e-5813-415a-9a8c-db944b1e0269,2024-05-19T10:16,3,42.12,Card,Completed
7fcd943a-ea18-411d-8a99-41787e5bd466,d3f641e5-b8b5-4f5f-9155-7768df2033e8,2024-06-06T10:16,2,12.18,Online,Cancelled
85bf2663-873c-4b65-908a-a26f3a970716,b95f7619-fab2-4df9-8683-1f2aeb93a660,2023-12-09T10:16,7,40.25,Cash,Pending
75ae9347-1ca7-407c-8543-e9932359f6f5,a302a1a8-c429-406f-abff-9f273aa0a4b5,2024-12-16T10:16,8,173.84,Online,Completed
2d1682a8-c1a0-4ed4-99e4-fa2ca0fc08cc,ba5d9947-b043-4aca-8ee0-6b77895cf8e8,2025-03-21T10:16,7,118.09,Card,Pending
09788b9e-e018-43d3-892d-4e61c268732e,3e97fc93-73a7-45e0-9888-f7a03ee258a7,2023-12-09T10:16,4,70.24,Online,Completed
875a6e8d-86a5-4ad2-843e-af17013ef37a,ba5d9947-b043-4aca-8ee0-6b77895cf8e8,2024-02-15T10:16,2,34.62,Card,Cancelled
ce0278e5-9c12-4fe6-8adb-077b8285021b,6c6a3b10-9747-4dca-a041-4edc22d147b0,2024-07-07T10:16,5,64.70,Cash,Completed
25a25f6a-ef65-4020-aa12-04c1069758bf,cb8747c7-32ca-4b6b-868d-13ab01d953ec,2024-03-05T10:16,4,43.96,Cash,Pending
0ac492cc-009b-47e2-b69f-a436385d2c1c,80537cf2-360f-4740-8b7e-d4cd56e22987,2024-03-30T10:16,1,11.27,Cash,Pending
7158b7c4-e735-42a4-8a11-41a93a91ad26,935ebde1-5945-4673-886e-1a7a12cc2d4e,2025-09-23T10:16,6,86.16,Online,Pending
6a2497ca-ae66-4a7b-8f4b-433fd0471943,1407e9cf-22c9-4137-a2fe-cc12dc038235,2024-12-27T10:16,6,43.02,Cash,Pending
d68717ee-766a-4420-8a25-439af111a5dc,8626238e-5813-415a-9a8c-db944b1e0269,2025-10-25T10:16,3,87.36,Cash,Pending
ab850ebf-a419-4620-8f0e-c2490a6ef432,4e44f26d-5455-405b-8fdb-63ab8b739ecf,2024-03-21T10:16,8,117.12,Online,Completed
c5ea9c3b-f42e-49b4-b67f-ea9546b08534,4f6ae324-5b6d-47d6-a86d-26ec6fbe1e0e,2024-12-07T10:16,9,177.12,Card,Cancelled
ec8db863-1ef9-4313-96f5-b02bb6851c80,06e585f0-5b60-4900-81d1-3379328e6c17,2024-11-25T10:16,3,23.82,Cash,Completed
a440005b-669c-4ee6-b9bb-1fc785e621ed,c83bba2f-5229-4998-9566-1f3179b13e8a,2024-02-08T10:16,1,25.60,Cash,Cancelled
077991cc-5cd3-4f29-8d99-bde6240da803,1d32c3b3-c732-4995-aa6b-ff159deb3bdf,2025-11-08T10:16,8,98.24,Cash,Completed
c2c46662-e2fc-49cf-af12-734e5bb891b1,25659c0e-6eb5-4c57-add8-fb6ac5f42699,2024-06-18T10:16,9,131.94,Cash,Completed
bb6a1d99-1fa0-43ae-82a0-93f718278267,6c3bf618-a715-40f9-9faa-cfc5f5beef2f,2024-06-29T10:16,5,102.50,Card,Pending
d2ee072a-6edd-4a79-8208-ba7d8b2e82cb,e119f98a-df63-41dc-8e01-bb49ca2dc724,2024-08-19T10:16,6,59.52,Cash,Pending
dfb7284b-57ff-4785-9208-7f1fe11ee13e,53db1213-7316-47bb-9099-c1def0e3c96b,2025-06-24T10:16,6,100.92,Card,Completed
4cc0be83-a871-4541-8bcf-19acf73ee566,6bd388d4-5636-450b-bacd-55bdcb769bab,2023-12-17T10:16,1,11.56,Online,Pending
093762d1-3ba6-4305-a456-c0a694f56f1f,c63bd277-c81c-40c5-8720-6ce916d653c4,2024-04-06T10:16,8,180.96,Card,Cancelled
ceaca885-0b11-48f1-93f8-8125c4d82eaa,e119f98a-df63-41dc-8e01-bb49ca2dc724,2024-03-08T10:16,8,195.44,Cash,Completed
e902d6b0-e617-4559-b83c-133c4a6b2409,a302a1a8-c429-406f-abff-9f273aa0a4b5,2024-04-07T10:16,4,44.32,Card,Pending
58387891-64fb-4740-818e-3dba223f81d8,bfa3444b-2be9-46be-b944-720d86a59770,2025-03-12T10:16,1,16.97,Cash,Pending
05332a56-c1fd-4b2f-a35f-48e77d9d8dce,b03f75c1-655f-4480-a2bf-1a0af806e96e,2024-04-12T10:16,9,222.12,Cash,Pending
a8b95f05-9cb2-4a2c-825b-583a199c4d9b,23650eb4-f98d-45a3-a90b-a378f03d469d,2024-10-06T10:16,5,58.55,Cash,Pending
46ce3d65-af64-484e-b058-003fb63e7bcc,11526850-7335-463f-b740-a52a90457c3b,2025-04-25T10:16,9,83.25,Cash,Completed
22aaece4-3a5a-4094-975a-dc108cdf185f,39cb44e2-a541-4b98-bc0b-db5f31cf8710,2024-10-10T10:16,4,24.36,Online,Cancelled
89b34b50-a4e1-493f-8a42-4025f2553b54,f067e21d-d1d4-4e87-9cae-9753f5f9ccb6,2023-11-19T10:16,8,93.28,Online,Completed
097ae503-3b4b-4556-82ef-bcb39547638d,a190f67b-21df-46bc-8164-46bdfa00af85,2023-11-27T10:16,6,126.90,Online,Cancelled
65684595-0eff-4d3a-abff-f791ff917dcd,39cb44e2-a541-4b98-bc0b-db5f31cf8710,2024-01-26T10:16,8,133.60,Online,Pending
9871bf1d-9ae9-4884-b691-16bde7a31f87,90f0db1e-2b19-43f7-ba17-233c7c214eca,2024-03-27T10:16,4,105.52,Cash,Completed
4f39e05d-a45d-4dbb-9536-ab21c5737165,4b14a58c-f1e4-40b6-888d-a88cd7055099,2025-03-31T10:16,3,74.22,Card,Completed
2280ee57-2398-4c59-96d4-7114d37eb758,7a2e5fa5-096b-4701-8ce6-7a3db39bf8eb,2024-11-13T10:16,4,114.28,Online,Completed
1bbbc489-db57-407a-bfb2-36c3f2302dfe,fdb5454e-2230-489e-ade4-9218ff28cbd8,2024-08-14T10:16,7,112.21,Online,Completed
e4c9370e-26ed-4c8a-b9b2-f584cd8f097c,e886c155-0dae-4b36-88f5-a86fa474d1f6,2025-07-31T10:16,8,199.92,Online,Cancelled
7555918d-d95d-4bed-b337-3f14da2f324a,bf0de251-90d7-423c-8b31-48df1a89964f,2025-07-09T10:16,5,56.25,Online,Completed
8b9350cc-1056-45c4-bce4-190612c6e9c3,52f5634d-de98-4543-8a1e-cbf1e2d0242f,2024-06-04T10:16,6,107.82,Online,Pending
e1205a9c-d033-4c23-81d2-3a49ca281a3f,f90cf3ca-e2d0-4129-bc7a-e8a2b80880da,2024-07-27T10:16,4,51.36,Cash,Pending
f2b65dab-5689-4a2f-bbcb-eeaeed7212bc,ebbc7df0-770d-44f8-b0ff-c62f9006e40e,2025-07-10T10:16,9,97.47,Card,Pending
4c4073b8-1eb6-4624-8c85-26e45b65ac89,6b1178fc-1745-401d-88da-3903c243ebe9,2023-12-22T10:16,2,23.80,Cash,Cancelled
8224d2c5-3bdb-46e8-87a0-e9a9f3daa0e3,99c406e7-092b-4eeb-bc08-56fc041c253d,2025-01-26T10:16,8,129.44,Card,Completed
6f720973-3d48-48eb-8713-efc9fa659501,e6cb1215-5314-4d05-bfd1-f6e5d36e89f7,2025-06-16T10:16,2,36.30,Card,Pending
76b707b9-684e-4e1b-8bec-40e0dc457c42,e277d099-db2a-4aee-ab86-8b0e73a34383,2024-12-17T10:16,1,23.84,Online,Pending
2f472cd7-d234-4609-81f0-ddc22af27a9d,e38afcd9-9e08-47ba-bc92-5ebb4bc271eb,2024-04-18T10:16,6,176.46,Online,Cancelled
b50e5d71-f0eb-4941-be17-67ef2fc6eea0,e85d0261-2d97-4475-a749-363ec9040a74,2025-06-14T10:16,6,116.16,Online,Cancelled
2ffd0d4c-446b-4141-86bc-cb17ac323aef,a5ffc907-be77-43e6-8694-4a0bf09bd3fb,2024-04-19T10:16,6,53.82,Online,Pending
82197402-7b29-415e-8283-46746a492449,824998a2-7592-4051-ab0b-d5e12743c93b,2025-11-10T10:16,6,112.80,Online,Cancelled
00ee4e9e-a840-48d6-a74b-fe6a29d8d7fe,5f6e51da-5f01-4c9a-85dd-7d50ef37e5d7,2024-12-10T10:16,3,56.58,Card,Completed
75aaea3f-7445-4fa7-8097-170b82f2c6d1,726d71e2-70fd-4416-8568-78619c14a73a,2025-08-04T10:16,7,116.97,Online,Completed
4865feb2-4bc3-4db4-8d4a-0af4e2d30310,5eb75bc0-d5fa-4209-9d42-7767f3f0585b,2025-10-20T10:16,4,24.96,Card,Completed
b530c61d-9e1f-4f97-b68f-f4c91c675c4a,06e585f0-5b60-4900-81d1-3379328e6c17,2025-01-09T10:16,6,71.28,Cash,Cancelled
42bbda48-0712-449c-a33e-458c3424f36a,0472ca7f-b133-4710-8f43-24a3c6c1afd1,2023-12-02T10:16,6,72.72,Card,Completed
8786231b-fff2-4b36-97b1-921374a6a452,63846b60-b7be-4087-ac6e-56c9bc130a20,2025-01-25T10:16,2,47.28,Online,Completed
c5920741-34a9-492d-931e-3dd0ac282cec,b3688304-b24b-416a-9bf4-c2b6aaeb59d3,2024-05-09T10:16,7,104.23,Card,Pending
edf9ce49-ad9e-4ccb-9aa6-151051bc55d0,4e44f26d-5455-405b-8fdb-63ab8b739ecf,2024-07-29T10:16,2,54.98,Online,Pending
6d4341f6-e38f-48db-9c4d-d428407852d9,050d9901-1cb5-413a-9c31-282028f863c1,2025-07-13T10:16,6,113.76,Online,Completed
b6cd4261-f811-4b95-91d4-4cc3d41848e7,103fcba5-5588-45a5-9fe0-6ac948d3860e,2025-11-03T10:16,3,57.24,Card,Cancelled
08e8bf8e-7f53-4bb1-a072-fe6baddd50f8,2c6dafc9-06cc-4b3d-8b8d-12aae0644c58,2025-08-19T10:16,7,195.86,Cash,Completed
c848eccc-1c71-4f6f-a793-c54e2f25eaf6,7169ef0c-f2c8-4ae3-83f6-87691664d2d2,2025-08-23T10:16,3,15.69,Card,Pending
a5fa4023-89d0-413d-aa81-f81e58db72f5,8b546c63-5406-493d-bc69-cfb594b38267,2024-05-23T10:16,8,42.00,Online,Completed
0d4d181b-2333-4cca-a10f-aa978e25c345,caad7924-4bc5-4f85-9662-11ca261e3c87,2024-06-14T10:16,2,37.02,Online,Pending
be47032a-12ee-44f7-8322-a9cc464985da,6e6d2c67-f7fb-4a98-8f9a-4822259b25c4,2024-03-01T10:16,6,136.98,Online,Cancelled
4e75b0fa-116b-4c6e-adb6-cb9bc94a0567,6e6d2c67-f7fb-4a98-8f9a-4822259b25c4,2024-07-17T10:16,6,95.52,Cash,Completed
cca279d4-0030-45d2-84ed-d3237757566e,2c6dafc9-06cc-4b3d-8b8d-12aae0644c58,2025-10-18T10:16,1,13.75,Online,Cancelled
260bc168-71e4-42ad-bb88-8242ab2fd49e,500fde18-ea61-4380-9ea4-f06d09985870,2024-08-13T10:16,5,61.80,Cash,Cancelled
02b00e31-c183-4684-9628-00c1a6acaf22,6bd388d4-5636-450b-bacd-55bdcb769bab,2025-10-31T10:16,5,104.60,Card,Pending
ac8c0f45-6450-45a0-9f3a-6266d5c92b95,0a0ac3e5-6e20-4fbc-87ec-5481c70e38bc,2025-02-16T10:16,7,187.25,Online,Cancelled
9f1fe5bc-056d-46b2-bc8d-f216af5a012e,69446e90-4237-4410-ab55-e011eb04cce0,2025-07-14T10:16,6,130.20,Card,Pending
11bfd2f6-ed8d-4d61-b330-b8474ee2ce47,fdb5454e-2230-489e-ade4-9218ff28cbd8,2024-10-23T10:16,6,133.68,Cash,Pending
6cd41c36-f32c-4602-a49b-410bdbb74f4f,6b1178fc-1745-401d-88da-3903c243ebe9,2025-11-08T10:16,7,38.29,Card,Cancelled
4d461319-9581-4670-a9c1-d0d60b734497,caca465c-e9f2-4add-91b5-24c70595e321,2024-12-16T10:16,7,164.01,Cash,Completed
44e7b208-eef5-44ef-b70a-5fcaba16424a,0dd437d0-74fa-43c3-8909-5c955e4d47dd,2024-05-29T10:16,5,134.90,Card,Pending
121ab546-fd0e-41ad-8a73-6ac778235471,c3ffc43c-0c11-40fa-9824-f234161741d0,2024-09-08T10:16,1,26.10,Online,Pending
e6cc2cc0-5066-4cfe-a602-f9f2662f3245,500fde18-ea61-4380-9ea4-f06d09985870,2025-04-20T10:16,2,41.58,Card,Pending
36c6d49e-ab39-4b47-9afa-55b558f35eca,bc58b12c-65c4-4f21-89ef-3e492a22ef7c,2025-09-14T10:16,3,88.44,Card,Cancelled
b4e349bf-bd57-48e6-a7d3-d810c451964d,93cdeef1-3fc3-4a63-a275-0ae87ae6b335,2024-11-22T10:16,8,95.76,Online,Cancelled
a5e3c3fc-2eb8-4c05-8191-13978772cc11,d33bbfcd-a2ca-4e80-8a1c-65223f061e7e,2024-01-14T10:16,4,100.60,Online,Completed
0862ceaf-2c48-4bab-b8a2-a688590da7f8,e12c3d24-86c8-474f-b86b-370df36adbfe,2025-05-24T10:16,9,164.97,Cash,Cancelled
3d11a67d-9c4c-40ba-b969-926101f29348,49af098b-bf79-4643-8e49-739ea932d38b,2025-02-28T10:16,8,177.68,Online,Pending
6172fcd8-6b77-4bd5-959f-9c01e0637a59,8887df7e-682b-4d48-b18c-c1ddfa0aaa26,2024-01-04T10:16,9,71.73,Cash,Cancelled
ac296c03-69c7-46fe-92e3-5608d7fb6e8d,9fa382f0-8393-48db-ad30-43c953282401,2024-03-05T10:16,2,42.74,Card,Cancelled
9ebb6b45-df99-4560-8469-19e6e67be4a9,910b1d47-5c37-48b1-8bde-96c60660f1d7,2024-11-26T10:16,8,216.48,Card,Completed
9f7eb7ab-26a2-4f26-8f11-5eebd85b04ce,4b14a58c-f1e4-40b6-888d-a88cd7055099,2025-10-17T10:16,8,198.24,Cash,Cancelled
0a8426ce-b664-484a-b30d-10fcea87c6ed,050d9901-1cb5-413a-9c31-282028f863c1,2024-11-18T10:16,3,72.24,Cash,Cancelled
7534b525-5895-4a5f-8bd5-a2beb8f50639,92da274a-bea2-490a-bb52-196c46fa8487,2024-01-20T10:16,9,160.65,Card,Cancelled
fb81852b-d3fa-437d-b296-3c729479c409,6bd388d4-5636-450b-bacd-55bdcb769bab,2025-02-16T10:16,6,30.78,Cash,Pending
5f8af693-ef7a-4675-97ae-52e7cb7c137b,1407e9cf-22c9-4137-a2fe-cc12dc038235,2025-04-27T10:16,8,226.48,Online,Pending
d3560b52-c76d-4e91-90e6-024fdfc405c7,cb8747c7-32ca-4b6b-868d-13ab01d953ec,2025-05-28T10:16,5,98.10,Cash,Completed
2011de9a-4fb0-402e-a31a-eed340cda69f,77ca464a-fe0d-4dcc-8f08-3eb2f7b64f76,2024-05-06T10:16,4,95.96,Online,Cancelled
3c054c6c-9dff-4f12-98aa-60b1b93469d7,5d6f84a5-a4de-442e-99b9-b8ef714b4436,2023-11-17T10:16,1,17.74,Online,Pending
6d72a10a-b193-48fe-9af5-23ce328863ce,63846b60-b7be-4087-ac6e-56c9bc130a20,2024-02-17T10:16,7,102.13,Online,Completed
d20a7f0f-6857-4c36-81d4-2ba5f5a4f439,bb6ceda0-3f7a-4dfa-9862-41a88dd468b2,2025-03-30T10:16,8,209.92,Card,Completed
3e2bdc66-3784-4594-9580-a659479afc09,bb9edfa8-17f7-4f6f-8e3b-616693a298b1,2025-03-21T10:16,2,49.80,Online,Completed
7e3a3599-e33a-493c-9cd7-a679df605a4d,0dd437d0-74fa-43c3-8909-5c955e4d47dd,2025-09-03T10:16,7,146.09,Online,Completed
61062aa1-208d-4b34-9c52-f0783771061e,b6c26110-1b77-4777-8c79-c69ec19b66df,2023-12-19T10:16,8,187.28,Online,Cancelled
6763d810-1ae1-479e-a070-20255812fb1a,0a15d43b-8f6b-444a-bef2-ffbddfdbd16f,2025-08-07T10:16,1,19.52,Online,Pending
6d8c1cad-4018-40f7-9abb-05183bc67bba,7a2e5fa5-096b-4701-8ce6-7a3db39bf8eb,2025-03-21T10:16,4,115.36,Online,Cancelled
291976dd-0661-4b91-8e8d-e865e715d284,7c991f43-c18b-4404-8826-97691b0dc00c,2025-06-23T10:16,7,58.38,Cash,Pending
020c37c1-4b0d-4bfb-87ea-fed98f2a0c6e,4739f27f-7a96-4d52-83ae-0c6fd4c8c606,2024-05-16T10:16,2,21.94,Card,Cancelled
77168112-feb9-4316-9a1d-512cec721b8e,5d6f84a5-a4de-442e-99b9-b8ef714b4436,2023-12-06T10:16,6,159.54,Cash,Completed
410f9a96-38b4-4d9e-aa3f-a085eede40af,77ca464a-fe0d-4dcc-8f08-3eb2f7b64f76,2024-08-30T10:16,4,38.44,Cash,Pending
89869fc0-25bf-4910-a050-6e6d8dc8ddee,885715b6-b1eb-44ca-8460-28c0343e56f3,2025-08-03T10:16,2,16.80,Online,Completed
db7a316c-86da-420d-8d3d-a8dcdcf0a51e,ebe19120-496a-47fa-87eb-2440212a3363,2024-10-29T10:16,4,39.64,Online,Pending
6fa6ae49-8e35-41d4-bcdb-9a5a6775b8c4,90f0db1e-2b19-43f7-ba17-233c7c214eca,2025-02-05T10:16,2,26.52,Card,Completed
206ea833-3749-4fb1-9385-9de972fa8b57,e886c155-0dae-4b36-88f5-a86fa474d1f6,2023-11-24T10:16,9,216.90,Card,Completed
560a8479-d9f1-4676-8908-4f0d2f190476,63846b60-b7be-4087-ac6e-56c9bc130a20,2024-11-11T10:16,9,185.40,Card,Cancelled
bb457f53-2cb5-4b6b-9ccf-20bdd7f01715,935ebde1-5945-4673-886e-1a7a12cc2d4e,2024-03-15T10:16,1,24.49,Card,Cancelled
303c99bf-8dba-4c45-997f-caa7ca48b4e6,401a6911-a31e-4892-adc1-56e3e1eb090a,2025-05-28T10:16,6,61.92,Online,Completed
e3f254d1-93b2-4f8a-9a53-86b62420087c,6f61ca8e-51a1-48e0-abfa-88326e713e34,2024-10-25T10:16,9,135.90,Online,Completed
9e8b8ff6-85f9-404a-bdc5-a87f69b7f41d,b95f7619-fab2-4df9-8683-1f2aeb93a660,2024-04-24T10:16,9,145.71,Cash,Completed
f35a442c-0a83-419f-be28-985498b5e89d,11526850-7335-463f-b740-a52a90457c3b,2024-03-11T10:16,7,173.39,Cash,Cancelled
96e61c7d-dab7-40cf-823e-0c6ed50276dd,ebbc7df0-770d-44f8-b0ff-c62f9006e40e,2024-01-26T10:16,7,111.86,Online,Cancelled
12574986-6340-42ea-a482-17d90abac0d4,e6e1db85-f8ba-4264-9c9a-520ecda4bc4c,2023-12-02T10:16,4,54.48,Online,Completed
decccd94-1e9e-4400-8a43-813dab71a21e,2a109685-1399-4149-8951-fba29bb0360d,2024-12-10T10:16,7,111.44,Online,Completed
85bbf348-072c-43d6-a9c6-8b30da24f005,d87f31d7-79ef-4c17-856e-142e791b04da,2025-07-20T10:16,7,112.77,Online,Completed
e9cdd36f-b96a-4fa5-937a-14e214b6b3df,bfa3444b-2be9-46be-b944-720d86a59770,2025-05-18T10:16,1,23.91,Cash,Completed
de4458cd-1194-414b-9ec1-42a02bb96bff,26d032f1-9fe9-487a-987a-a8be14e1db05,2025-02-08T10:16,6,137.94,Online,Completed
df105e47-688c-4635-9c7b-8f2b9117d3c8,0e0d5f13-edd5-4ab0-9ddd-3df111bedc5a,2024-09-27T10:16,5,136.15,Card,Completed
6cc9d811-9225-45cf-95a7-194eab029e5a,52c87fd9-fdf0-4256-b929-6153ad24a0ac,2024-06-23T10:16,5,86.35,Card,Completed
86716f9a-d673-45eb-8d00-0b1df3672b79,b04ce307-2d1f-4214-b023-d8f4379041a1,2025-05-07T10:16,2,53.92,Card,Cancelled
bf6a240c-dd49-4dc1-bbf3-6546151742b7,0d463f72-c3a1-4a2b-8d0d-1721a0d1a06b,2024-07-14T10:16,1,28.13,Online,Completed
98dc5d34-5cb7-4973-8cf1-a071b9933152,f90cf3ca-e2d0-4129-bc7a-e8a2b80880da,2023-12-25T10:16,5,149.10,Card,Completed
1ecb6d03-1e21-4153-95cc-aab4211d2ec0,bfa3444b-2be9-46be-b944-720d86a59770,2025-02-05T10:16,1,10.21,Cash,Pending
5d4c929c-696b-430f-865e-51e372a0d32b,74e76582-f1b8-4560-b049-8aebb59d4721,2025-04-04T10:16,7,143.64,Cash,Cancelled
f2979763-1a76-4217-b954-4fc25519530e,56a75a3e-a944-4147-8cba-f1024726993f,2025-05-02T10:16,5,127.05,Card,Completed
277a4e42-f6b4-4e4b-9c94-7189cdbd8963,d87f31d7-79ef-4c17-856e-142e791b04da,2023-12-24T10:16,3,20.19,Cash,Cancelled
3537a789-130d-4ad3-9429-abc0521b41d7,90f0db1e-2b19-43f7-ba17-233c7c214eca,2024-06-25T10:16,6,170.34,Online,Pending
3bc7167b-b5a0-4bef-9293-692d52984647,c5817fdc-a4dc-4879-b957-30cfda62016b,2023-12-04T10:16,3,82.56,Card,Cancelled
9ba39b08-07c0-490d-baab-d1cb7f61b9d1,e886c155-0dae-4b36-88f5-a86fa474d1f6,2025-01-24T10:16,9,109.08,Cash,Pending
d436bda1-d520-4443-888d-a831f9add9f6,fbe227d7-6d32-4407-9783-7fdac983e55f,2024-08-03T10:16,6,113.16,Cash,Pending
4aaf8546-9835-4232-b10e-6ec99ef3b857,6f61ca8e-51a1-48e0-abfa-88326e713e34,2025-05-28T10:16,8,76.56,Cash,Pending
a25f4506-1cf3-4652-913d-c64da29d14e3,f3826f04-0dfa-4266-8002-58fede0093f5,2024-07-01T10:16,8,109.52,Card,Cancelled
162b7ca4-efbd-43db-b350-905dc4da1937,935ebde1-5945-4673-886e-1a7a12cc2d4e,2024-10-26T10:16,5,78.10,Online,Completed
be2abdd0-0f38-40e1-9955-d833280cdb58,ceafdb2a-788d-48e0-acdd-bd533a2e7ab6,2024-10-01T10:16,8,155.44,Online,Cancelled
fbe60288-542c-406c-81ed-fce457e9f8cb,11526850-7335-463f-b740-a52a90457c3b,2024-10-31T10:16,4,76.92,Online,Completed
43b587d7-ae84-461d-9f73-b9ead5d788c6,89d26a00-0fde-4c03-8430-b06f6bc3f33a,2024-03-10T10:16,8,238.56,Cash,Pending
9a1e6498-4237-48de-b901-5f715887d3ee,a938df5f-7764-459c-8bfd-90409d16b3c6,2025-09-26T10:16,7,197.61,Online,Cancelled
fa6c7106-c6d6-4445-8682-dde032311c61,d7af10ce-45c9-4fc8-8dd8-b1c5491aad5f,2025-08-11T10:16,6,145.80,Card,Completed
d905b299-a06f-44d0-8e29-0905eabd79ba,4bb2d776-14c0-4ef6-b8ba-c580cbed72b8,2024-12-03T10:16,9,95.22,Online,Cancelled
004d773d-9fec-4cc4-b476-bc48dba09a13,103fcba5-5588-45a5-9fe0-6ac948d3860e,2024-06-21T10:16,9,169.20,Cash,Pending
2562ace0-290c-4f92-9630-42f78db6c882,02c65c06-56ad-4670-b8e2-10ab417c7154,2024-11-19T10:16,1,8.82,Cash,Cancelled
2e78a829-2b8e-4fa5-9e16-0526effafde6,6aaabc79-3d35-410f-bb96-f86a3930d0ff,2024-02-07T10:16,5,79.75,Card,Completed
011d848e-a11e-4ca8-88aa-8eb9d24c3290,885715b6-b1eb-44ca-8460-28c0343e56f3,2025-08-29T10:16,8,61.60,Online,Cancelled
44fa53a4-e6cd-44b2-bc30-e446fb8e0acb,e6cb1215-5314-4d05-bfd1-f6e5d36e89f7,2024-08-28T10:16,4,32.32,Card,Pending
cbf0a1ff-8bb5-4bae-baca-7efefda89a1a,058b9c75-b72f-4594-80d2-e41194ff7672,2023-12-17T10:16,6,55.20,Card,Cancelled
6bc6f708-bbfd-4230-8f2a-425f876a8a70,b04ce307-2d1f-4214-b023-d8f4379041a1,2025-05-03T10:16,5,86.30,Cash,Cancelled
7492f7f5-60fa-4322-b00a-0e9a5d2e2666,f6c35464-33dd-44a7-bf84-071f2e427045,2025-02-19T10:16,4,58.44,Card,Completed
723eabf3-3911-4cd1-98a0-08c9782224da,14eace30-1ac2-411e-8eef-98e8f32a87fb,2024-11-12T10:16,5,93.20,Online,Pending
90d24506-0030-4b95-bdba-b6b6edce838e,bb6ceda0-3f7a-4dfa-9862-41a88dd468b2,2024-11-03T10:16,9,58.77,Cash,Cancelled
2fc738a8-2a21-4801-a733-e2d796c547f0,1eeb9c5f-5b7a-47af-b4f1-5a50d9d1089c,2025-08-05T10:16,1,17.01,Online,Completed
d9230578-3014-49c3-ace2-59b8c4cd2d34,3e97fc93-73a7-45e0-9888-f7a03ee258a7,2024-07-22T10:16,1,12.33,Cash,Cancelled
8e286780-aaf0-48b1-9efb-0eb90ad8fede,5400d214-6176-40bf-88d2-3f53ed38bf69,2025-05-31T10:16,2,18.16,Card,Completed
0096cc08-a46b-4432-a23c-506727cbb904,bb6ceda0-3f7a-4dfa-9862-41a88dd468b2,2025-06-27T10:16,7,67.06,Cash,Completed
32a789b6-e534-41c3-b89d-e102c5ea46e5,b047b369-02d0-4f25-9af0-f1e883228863,2025-08-21T10:16,7,133.98,Card,Completed
6643afcb-831f-4d83-80a3-fa08890c4f2e,cd50913f-8c99-4253-9134-0cf5fe5f300f,2024-12-08T10:16,7,133.21,Cash,Completed
5f511f3f-7cf4-4147-8e88-fc4349efaaea,aac35608-9499-49c5-811a-a059e773c968,2025-03-18T10:16,4,81.32,Online,Completed
d94f9ba2-f15b-4028-aeca-eb39d6455e8c,401a6911-a31e-4892-adc1-56e3e1eb090a,2024-02-24T10:16,3,48.99,Online,Completed
ca848b15-7411-476d-b5ec-aa42880b7a35,f6c35464-33dd-44a7-bf84-071f2e427045,2024-05-26T10:16,8,67.36,Cash,Completed
4b7bf08f-2d44-4025-9616-f80512093ff8,bc58b12c-65c4-4f21-89ef-3e492a22ef7c,2025-10-26T10:16,4,74.68,Online,Completed
464b7c78-eeb8-4874-b2dc-9eebdf822e51,d87f31d7-79ef-4c17-856e-142e791b04da,2024-03-06T10:16,8,133.92,Card,Cancelled
659912c6-abc0-4544-972e-ebe34fad080c,67c276b0-7be6-4f3c-bf86-c342095c8112,2025-07-09T10:16,7,104.09,Cash,Cancelled
ace328a0-ed18-4431-a85e-580f3caca702,ada8704c-2784-4d70-84da-10078407d2c8,2024-10-19T10:16,6,76.26,Card,Cancelled
c54965f0-941a-46fb-8852-4576f014f16b,9305d562-2505-493d-8ed8-3fb721c8f491,2023-11-13T10:16,7,164.01,Cash,Completed
38ddf92a-b453-4574-a12c-5b3ba5f5ae8b,f6c35464-33dd-44a7-bf84-071f2e427045,2024-08-22T10:16,8,204.48,Online,Pending
53af79e4-669f-456b-8002-41651b6996e1,103fcba5-5588-45a5-9fe0-6ac948d3860e,2025-01-02T10:16,9,69.57,Online,Cancelled
9ee73a24-fe6a-4092-8a63-fce413c10672,8e1bbe6c-7b75-46dc-8ca1-0b1664cd6ae4,2025-04-07T10:16,6,152.58,Online,Pending
36daffa5-2555-4e7e-9141-6b1d9c8c60d9,0e0d5f13-edd5-4ab0-9ddd-3df111bedc5a,2024-03-26T10:16,3,83.55,Cash,Completed
4d0ce312-e5b5-4604-be78-b8107d97adce,0a0ac3e5-6e20-4fbc-87ec-5481c70e38bc,2025-10-13T10:16,8,72.88,Card,Pending
88274890-e5a3-4a89-8d44-be1785975096,d87f31d7-79ef-4c17-856e-142e791b04da,2025-05-28T10:16,9,45.45,Cash,Cancelled
3b5075df-4e64-4399-9e71-02b9b2ce3ff2,60cd80b6-3967-4dae-b4df-adc7b5644971,2023-12-06T10:16,6,142.98,Cash,Cancelled
9fc131bb-ed6d-48ac-99ab-9e4fdf900b4c,53db1213-7316-47bb-9099-c1def0e3c96b,2024-10-14T10:16,2,57.98,Online,Cancelled
9c314cd5-07bd-4334-9dbb-40a5cd66ff3a,e7991221-0de0-4ef8-aa9c-ca3b59197059,2025-01-09T10:16,5,79.80,Card,Cancelled
a4b8dbb2-1ed8-4b52-8993-c3591058342a,06e585f0-5b60-4900-81d1-3379328e6c17,2025-07-25T10:16,3,76.71,Card,Pending
a45d88bd-e057-4176-8e27-39a679e1bc26,39cb44e2-a541-4b98-bc0b-db5f31cf8710,2025-03-06T10:16,7,174.93,Online,Pending
134aa173-fb5e-4821-8342-e5dd9c89cb2d,0a0ac3e5-6e20-4fbc-87ec-5481c70e38bc,2025-09-24T10:16,2,36.28,Card,Completed
c61981c4-8476-4434-a88b-a95e68fd78c0,e119f98a-df63-41dc-8e01-bb49ca2dc724,2025-02-01T10:16,9,199.35,Cash,Pending
2d541f19-7ca6-440e-a797-a2cdde3e342d,e38afcd9-9e08-47ba-bc92-5ebb4bc271eb,2025-08-08T10:16,2,34.20,Online,Completed
b7d564ad-4fbf-4313-be18-9b5c718701f5,6b1178fc-1745-401d-88da-3903c243ebe9,2024-05-17T10:16,4,46.24,Cash,Cancelled
cd1045ca-f599-4f1c-ba6f-09014ffadd1a,7d2df59f-386d-4aec-85a8-2443262a0cb4,2025-11-04T10:16,9,138.69,Card,Completed
14cf92c5-c571-4da9-b77a-fe2fd98d57fd,fbe227d7-6d32-4407-9783-7fdac983e55f,2024-03-30T10:16,4,34.60,Card,Cancelled
4d2fcd12-46a2-429c-9733-0c5195d89e79,941529ef-2114-4bff-907a-4596ff4593a1,2025-05-08T10:16,3,56.01,Card,Cancelled
e26e6ced-1eca-4992-9dce-b597b7d812de,56a75a3e-a944-4147-8cba-f1024726993f,2025-05-23T10:16,9,188.28,Cash,Completed
9006a516-7c8e-464c-88cb-5064848b9fa6,cf65c4b6-4c1c-420b-95de-23e5b56ffad5,2024-05-16T10:16,1,24.42,Online,Cancelled
c8b0fac4-360d-4a1c-9de1-34733446669a,8b546c63-5406-493d-bc69-cfb594b38267,2024-01-22T10:16,8,179.04,Cash,Pending
4ac7497d-87c4-4d2f-b0eb-763e1abe5796,6945f6f4-b8f9-4d04-90ff-e59ed705578e,2025-08-12T10:16,2,15.40,Cash,Completed
77d920d9-50c7-462b-9a93-96e3ad47ecc4,8b546c63-5406-493d-bc69-cfb594b38267,2025-02-11T10:16,9,269.01,Online,Pending
27e92670-04d5-4db2-baba-4de501208c5b,bfa3444b-2be9-46be-b944-720d86a59770,2025-11-02T10:16,9,246.15,Cash,Pending
9945bf31-a714-49c4-955d-5811fb95001a,99c406e7-092b-4eeb-bc08-56fc041c253d,2024-10-24T10:16,3,44.07,Cash,Completed
fd258f1d-912c-4139-9ce8-7c217546c8a7,71f17b36-2c37-4cfa-bf8a-894fa94c0e9b,2024-04-30T10:16,8,191.84,Online,Completed
d3aab26b-dd7a-426b-bdd6-7558c67c7ca5,9305d562-2505-493d-8ed8-3fb721c8f491,2023-12-20T10:16,7,92.12,Cash,Completed
0d376953-c6dc-4448-b229-e291869f4239,e6cb1215-5314-4d05-bfd1-f6e5d36e89f7,2025-09-08T10:16,4,64.72,Cash,Pending
f3edccc1-50cd-481a-ae6d-0d7908aa8667,a3f626b9-cc27-4c04-8570-be79ab8bda4a,2025-09-16T10:16,4,57.04,Online,Cancelled
6afb212c-da91-4f18-9e6b-dce973fcb790,53db1213-7316-47bb-9099-c1def0e3c96b,2024-07-01T10:16,4,28.00,Cash,Cancelled
366fd2f2-72d9-4e1e-8ca0-83fa3aba3cf2,a5ffc907-be77-43e6-8694-4a0bf09bd3fb,2023-12-08T10:16,9,162.54,Cash,Pending
be7806e4-479e-4ce3-a55a-be8192444dd2,8113211c-bdc3-4bb0-94d9-3fd3871f3005,2025-03-05T10:16,8,105.44,Card,Pending
18660cea-6a97-4314-a1ac-a2ac4ed64464,b90a3a7f-421e-47e5-8598-fe50f365a62e,2025-08-02T10:16,6,62.64,Cash,Pending
adff6129-5c70-4cc7-8047-477bc3c4784f,aff4340c-d102-49ba-af8e-84d2737ce82c,2025-04-29T10:16,4,100.52,Card,Cancelled
419a5a1e-7962-40a2-ae24-111761d230d6,9305d562-2505-493d-8ed8-3fb721c8f491,2024-02-03T10:16,8,235.04,Card,Completed
d3b1bd19-f4a1-4dd6-8eeb-3b75dae6b761,941529ef-2114-4bff-907a-4596ff4593a1,2024-07-25T10:16,5,42.40,Card,Pending
ade53fc8-a0e1-45ca-ad70-34e48b3d7530,71f17b36-2c37-4cfa-bf8a-894fa94c0e9b,2023-11-24T10:16,3,59.04,Online,Completed
eb54ba8a-0124-4b9b-961a-721313551b6d,e119f98a-df63-41dc-8e01-bb49ca2dc724,2025-02-25T10:16,8,224.88,Card,Pending
1c915021-ce5f-4b2d-a73a-641e2f9b649a,ba5d9947-b043-4aca-8ee0-6b77895cf8e8,2025-04-07T10:16,6,76.80,Cash,Cancelled
0fa8a70d-5829-4cce-8770-bd02e0470d03,caca465c-e9f2-4add-91b5-24c70595e321,2024-01-06T10:16,4,43.76,Online,Completed
9d1667ad-5af0-4ee6-b462-e69e27559250,485b65e7-fdf4-474d-afba-37986d8d3cd8,2025-04-08T10:16,4,31.16,Cash,Cancelled
9eb21ba0-8d70-4a05-8c4b-19c2ea052c64,d33bbfcd-a2ca-4e80-8a1c-65223f061e7e,2025-06-18T10:16,1,29.16,Card,Pending
714ae673-95ff-47b6-a9f7-bda83627c0bd,0a5a9fc7-e126-48f0-99aa-dea85c606f66,2024-03-11T10:16,5,72.40,Online,Completed
2cdd99a2-efa3-49e3-a640-caf78d8405fa,ada8704c-2784-4d70-84da-10078407d2c8,2025-02-14T10:16,2,41.40,Online,Cancelled
7860b683-d428-4b96-93f2-8bf1a6b571e1,f067e21d-d1d4-4e87-9cae-9753f5f9ccb6,2024-10-06T10:16,8,112.56,Cash,Pending
ac4c2af8-488c-46ca-ab79-7b75cb4467e8,c63bd277-c81c-40c5-8720-6ce916d653c4,2024-08-14T10:16,7,203.49,Cash,Cancelled
14f92707-3984-43e7-a813-0ffc89dc6ae1,0df3bae1-6384-4856-aa27-aef9f6c48b75,2025-09-24T10:16,4,22.00,Online,Pending
3159b1d6-487a-4d13-8ef2-5ede02d61400,a938df5f-7764-459c-8bfd-90409d16b3c6,2025-09-09T10:16,5,87.25,Card,Cancelled
a5689d83-dbbb-42ed-8d59-c73417d7faee,49af098b-bf79-4643-8e49-739ea932d38b,2025-01-04T10:16,8,77.52,Card,Pending
a7b0d134-43ba-4ddc-ac56-d5dd31506c52,cf65c4b6-4c1c-420b-95de-23e5b56ffad5,2025-03-13T10:16,1,25.65,Online,Cancelled
d3f502c7-ea52-49b7-b2c3-885eb8467bc9,209e786b-2a61-4e52-a3b2-1cc98bcbf18c,2024-02-19T10:16,1,26.67,Cash,Completed
9cf8690f-6285-4c8f-8c55-1847a767dda3,2a109685-1399-4149-8951-fba29bb0360d,2024-04-17T10:16,3,19.53,Cash,Cancelled
7a923531-5ee9-4c51-9886-daa0eba9e8d2,1eeb9c5f-5b7a-47af-b4f1-5a50d9d1089c,2024-02-22T10:16,8,107.92,Card,Pending
7f8915b3-4498-4c53-b106-4dbdac06542d,caad7924-4bc5-4f85-9662-11ca261e3c87,2025-06-06T10:16,8,117.92,Online,Cancelled
bb4fd102-5ce9-4fbd-83ae-10b4ea5c7988,4b14a58c-f1e4-40b6-888d-a88cd7055099,2025-03-12T10:16,1,14.71,Online,Completed
4d9b634d-a0ad-4b0a-9fc1-e80e40086138,6117b6f0-c4f4-4bf1-9eeb-f33950decba8,2025-01-03T10:16,1,7.69,Online,Pending
82f8ba6a-6f89-487d-8953-51d1bc7ad0b1,0a15d43b-8f6b-444a-bef2-ffbddfdbd16f,2024-01-25T10:16,6,72.78,Online,Cancelled
b06c2079-4b47-4b37-b3a1-230838789023,73a2b03c-2dca-486e-8ebc-c4d6bb68a8c6,2024-03-13T10:16,9,89.55,Online,Completed
581deb57-2f19-4651-a8c7-0519c1bc73c2,3910ab11-8758-4a4f-8a9b-c4f5df7413c4,2025-01-18T10:16,7,187.04,Card,Completed
cbb1cbeb-6a68-4d4c-99e7-d2ad27634c77,ec3490d2-e8da-47ee-ae12-0ca0b1d7a2bb,2024-08-20T10:16,4,53.88,Card,Completed
ee72b9ef-03b7-4e54-a2f9-25a4f099553b,0e0d5f13-edd5-4ab0-9ddd-3df111bedc5a,2025-02-11T10:16,9,251.73,Online,Pending
831e3ca8-bee4-4ecd-b8c8-a320b29f5f87,0b2a0e9a-e050-4380-b607-57adcbbf59d4,2025-01-08T10:16,9,138.87,Online,Completed
7f1cbb9d-e336-4244-b77e-ae6981cafeb4,205ea7f7-e714-45b8-a083-11247ff702a1,2025-07-02T10:16,5,49.15,Online,Pending
64de5ea5-7d07-4f27-9a02-80bf533cf6ad,7d2df59f-386d-4aec-85a8-2443262a0cb4,2025-03-21T10:16,2,35.52,Cash,Completed
d8d8f2bb-d3ba-4f34-a69c-253556769ac0,93cdeef1-3fc3-4a63-a275-0ae87ae6b335,2025-05-08T10:16,4,49.64,Online,Cancelled
80fd3d4f-e93b-481a-81c0-fdfee94cf52e,7c991f43-c18b-4404-8826-97691b0dc00c,2023-12-22T10:16,2,29.26,Online,Completed
d889b9fc-2f7f-4277-932e-c52a8417dac9,7509850a-5062-4da9-aad6-bc5b9e363ef1,2025-07-20T10:16,7,43.96,Card,Cancelled
e62b999e-1814-4045-86a1-3c34fd747436,52c87fd9-fdf0-4256-b929-6153ad24a0ac,2025-08-17T10:16,2,37.70,Card,Completed
8d09a463-738e-4a4e-87af-3b5a4ad1fb28,5d6f84a5-a4de-442e-99b9-b8ef714b4436,2025-11-10T10:16,5,145.60,Online,Cancelled
49bc1a34-03f6-4953-939e-8635953dcc42,1eeb9c5f-5b7a-47af-b4f1-5a50d9d1089c,2024-09-18T10:16,5,60.15,Card,Completed
583b470c-84e6-4b8b-b2a9-ae8f3d63e5c7,0130fcd4-a6cf-4a72-8400-7bcae1abce34,2024-08-04T10:16,8,42.96,Cash,Cancelled
9277b9dc-3fff-49f0-bc91-d5158e3b7827,fe624323-ba72-456d-9842-ed9e0edc75df,2024-09-20T10:16,5,76.75,Online,Cancelled
30c806ba-b03a-4a58-b583-f289019cfb0c,aac35608-9499-49c5-811a-a059e773c968,2025-11-08T10:16,8,54.56,Card,Pending
4ba7bcb1-cebd-4f22-b23f-49e2a7d709ae,d33bbfcd-a2ca-4e80-8a1c-65223f061e7e,2024-05-18T10:16,4,111.60,Cash,Pending
24f50376-55ac-4c45-9e78-c284eb1f7ef5,d5eaf6a7-76cc-48ec-98d9-ba713e2df70f,2024-05-23T10:16,1,15.03,Card,Completed
290d8919-e780-4fb5-b470-9c2729e3ed0e,515fe1d2-d33a-4b9d-8c19-07e0cbe81a9a,2024-11-06T10:16,6,169.98,Card,Completed
07022739-5991-4897-b01a-e17c14491d67,63846b60-b7be-4087-ac6e-56c9bc130a20,2025-06-25T10:16,8,198.72,Online,Cancelled
df96bd0a-9dfe-477a-9c76-8b43fef191ff,5f6e51da-5f01-4c9a-85dd-7d50ef37e5d7,2024-09-20T10:16,2,38.10,Online,Pending
10e13522-1e1c-4825-8d7f-8ec6a8360d4b,5400d214-6176-40bf-88d2-3f53ed38bf69,2024-10-11T10:16,1,21.38,Cash,Pending
608995c7-6447-4908-832e-d6890448c8af,910b1d47-5c37-48b1-8bde-96c60660f1d7,2024-09-24T10:16,2,15.20,Cash,Cancelled
d724b971-0711-417a-b13b-0365629e2ed8,0dd437d0-74fa-43c3-8909-5c955e4d47dd,2025-08-27T10:16,4,31.60,Cash,Completed
4d44e4d9-2587-4055-b997-e6b3f3a562e2,941529ef-2114-4bff-907a-4596ff4593a1,2024-06-21T10:16,8,60.16,Cash,Completed
aa119978-47f1-4656-a335-88d5345811b7,7a2e5fa5-096b-4701-8ce6-7a3db39bf8eb,2024-05-09T10:16,1,16.49,Cash,Completed
4f2386a6-f300-46aa-b5b3-0779501a9483,bb6ceda0-3f7a-4dfa-9862-41a88dd468b2,2025-09-01T10:16,9,148.32,Card,Pending
71781640-f2dc-4e7f-849c-6347d40429b7,93cdeef1-3fc3-4a63-a275-0ae87ae6b335,2025-10-08T10:16,6,90.00,Online,Pending
9c3f548d-7daf-40ac-8cac-545ffd71c475,b014b56e-3263-4b63-8430-46e00bc5ea77,2023-12-16T10:16,9,105.39,Card,Pending
9eaf77fd-c15b-473f-907b-53963486089a,8113211c-bdc3-4bb0-94d9-3fd3871f3005,2024-02-16T10:16,6,150.90,Card,Completed
451afa62-42f9-43b8-b86d-3742d970bbc1,e38afcd9-9e08-47ba-bc92-5ebb4bc271eb,2025-10-13T10:16,4,106.52,Card,Cancelled
e997c4a5-b3d8-4cc3-b16f-2cfc83dea583,c83bba2f-5229-4998-9566-1f3179b13e8a,2025-03-11T10:16,8,65.76,Cash,Pending
cf85ca94-3323-40b6-b857-d6c7d1505244,6c3bf618-a715-40f9-9faa-cfc5f5beef2f,2024-09-29T10:16,9,228.15,Cash,Pending
e17ac0f3-61de-4ae9-a9d5-41a90ce2d14a,10b26c2d-7d56-4175-84a8-a2775e128a9d,2025-03-11T10:16,7,191.31,Cash,Cancelled
46729307-5c89-4e36-abf0-eadca06852eb,4bb2d776-14c0-4ef6-b8ba-c580cbed72b8,2025-04-08T10:16,2,16.72,Cash,Completed
aea96908-44f9-4adf-acca-0aec577f6931,205ea7f7-e714-45b8-a083-11247ff702a1,2024-12-18T10:16,6,120.54,Card,Pending
c8dc796e-0d5d-4837-a70a-24d47259123d,74e76582-f1b8-4560-b049-8aebb59d4721,2024-07-29T10:16,3,52.56,Cash,Completed
d29a7099-a885-4177-85b7-984650ad1704,68169a66-a8d4-4763-914e-7befc826445b,2024-04-15T10:16,5,33.25,Card,Cancelled
ddaae955-6a67-4369-8dea-5f6f388a87d1,05ccd8a5-ea5f-4353-bd1e-3022152b0685,2024-10-18T10:16,7,94.15,Online,Cancelled
24f1e75e-9045-4dab-936a-ed2efa1e6361,21edfc22-3f73-4335-a774-3cf78ab65e86,2025-05-29T10:16,7,91.84,Online,Cancelled
8ddf875d-864d-4c24-8047-76eac9a68485,3dcaabe3-78c9-4d88-bed5-56ca7ceea07c,2024-03-15T10:16,7,173.88,Cash,Completed
2a9e127e-1fd7-4662-a77f-61990450b599,59827b2a-ae17-44b1-bd6f-6f08718559cb,2024-05-22T10:16,1,25.73,Cash,Completed
17beeda2-5fc0-4aa2-927b-eb73c41dd930,6c3bf618-a715-40f9-9faa-cfc5f5beef2f,2024-07-25T10:16,4,92.24,Online,Cancelled
8463f3d1-1a4b-448c-91a8-5ec26922ad7a,953417c6-cd52-45e9-9ca0-bb450653c934,2025-08-30T10:16,3,88.32,Card,Pending
61f9b0e6-bb10-45c9-9ae8-23513a370c31,4e6807ca-aed8-4ec9-b1b0-0e3aba57efb1,2024-03-29T10:16,1,9.58,Cash,Cancelled
c9ad0ee9-8efa-4e95-beab-ff9d5e158394,3910ab11-8758-4a4f-8a9b-c4f5df7413c4,2025-07-05T10:16,4,80.64,Cash,Completed
9a2c926c-e8ed-4229-a87a-5f55d6655f41,fbe227d7-6d32-4407-9783-7fdac983e55f,2025-05-24T10:16,7,113.47,Online,Completed
b1bffaa6-30c1-425c-b375-03cc22bb7e15,05ccd8a5-ea5f-4353-bd1e-3022152b0685,2025-08-02T10:16,2,19.82,Cash,Completed
d9149e08-78a7-45fb-8ab5-bd18c4e5c268,941529ef-2114-4bff-907a-4596ff4593a1,2025-08-20T10:16,9,156.51,Online,Completed
0339c258-7ee9-4825-8e15-f1a62334e1a6,cd50913f-8c99-4253-9134-0cf5fe5f300f,2024-05-19T10:16,1,25.73,Cash,Cancelled
83b5cbad-c2ff-434d-95f5-ad06b7bcea2d,e119f98a-df63-41dc-8e01-bb49ca2dc724,2025-03-13T10:16,7,175.77,Card,Cancelled
61a03907-feae-493c-9a11-759b495e5e2d,000f9c8f-2fc7-4346-844d-c04f10751265,2024-06-20T10:16,4,29.00,Card,Completed
6a1cd71f-4fdf-47d7-8d77-6f5dcf6e3ffd,fdb5454e-2230-489e-ade4-9218ff28cbd8,2025-05-10T10:16,3,44.76,Online,Completed
d168dc42-44ce-42a6-85e8-fc1fa3872a3d,0a570207-0f70-467f-bbeb-44a0a60a9a25,2025-06-30T10:16,4,93.48,Card,Completed
e58ffe39-c9a0-4014-ae9b-534e8fb353cc,bc58b12c-65c4-4f21-89ef-3e492a22ef7c,2025-10-07T10:16,6,173.16,Cash,Completed
8ee9b01d-dc9a-4476-9c5b-f4f14dc2657c,1a48aa9a-def3-481d-922a-94300aa97309,2024-05-12T10:16,8,81.68,Online,Pending
e6a4c0f3-d2ee-498a-b11b-bdc7551c49b7,00d7ae70-0f46-4453-963c-4ab2a3d29314,2024-11-13T10:16,1,8.00,Online,Cancelled
7c7d9507-56c1-4c67-86ea-677f42ec2b70,8f7f530b-bb30-4a05-b437-744ed30af54f,2024-10-18T10:16,3,17.16,Card,Cancelled
3edbed8a-515b-426e-99a1-97966805f03d,d33bbfcd-a2ca-4e80-8a1c-65223f061e7e,2024-04-02T10:16,6,37.38,Online,Completed
6143a601-d82e-48ae-9e4c-08d54a08470a,0a5bd884-b432-4ce5-b14e-44b4aedd4c0f,2024-11-19T10:16,8,179.76,Online,Cancelled
45f21fab-5fa8-4cca-840f-82aef299323c,e886c155-0dae-4b36-88f5-a86fa474d1f6,2024-04-22T10:16,7,76.58,Cash,Pending
49466d6e-c68d-40d0-8e88-310d9d74edd4,49af098b-bf79-4643-8e49-739ea932d38b,2024-03-07T10:16,5,54.10,Online,Pending
b31f1cec-c969-405a-b25a-58f0c226b2f7,bb6ceda0-3f7a-4dfa-9862-41a88dd468b2,2024-08-12T10:16,6,126.66,Cash,Completed
1435bb01-474e-469a-a3de-d1c274883f67,941529ef-2114-4bff-907a-4596ff4593a1,2025-07-27T10:16,6,122.10,Cash,Cancelled
a768ba9a-266b-43e9-9fe2-d48bf793fe0b,f90cf3ca-e2d0-4129-bc7a-e8a2b80880da,2025-07-28T10:16,3,78.99,Card,Cancelled
1e0aba17-63fd-4b5e-a614-b2ba669867a3,f90cf3ca-e2d0-4129-bc7a-e8a2b80880da,2025-04-27T10:16,7,186.97,Card,Pending
02f62532-27dd-4d74-88d2-870e94a86221,67c276b0-7be6-4f3c-bf86-c342095c8112,2025-02-02T10:16,9,218.61,Cash,Cancelled
d850d4ef-61bf-4db3-b7d1-8acd667fa840,f0a6a958-e434-41bf-a830-dffa55a34db5,2024-07-24T10:16,8,70.72,Online,Pending
c6f46f23-34f8-401c-a67e-0985523fbb48,05ccd8a5-ea5f-4353-bd1e-3022152b0685,2024-10-11T10:16,7,179.20,Online,Cancelled
819ee3eb-a75b-4102-83e6-dafc3daf72a1,1d32c3b3-c732-4995-aa6b-ff159deb3bdf,2025-05-19T10:16,8,186.08,Card,Completed
a7289098-b826-4569-ae95-70878b997a24,e85d0261-2d97-4475-a749-363ec9040a74,2024-06-30T10:16,7,178.78,Cash,Cancelled
a2e0f7a6-728e-4988-b89e-76d3abc0dc20,726d71e2-70fd-4416-8568-78619c14a73a,2024-07-23T10:16,8,101.44,Cash,Completed
6021f20a-9d35-49b4-912c-1240e6d7d89d,795088d7-d227-422e-ad8c-f048bde0675e,2024-11-17T10:16,3,63.21,Card,Pending
f2f5f623-0d67-41b3-af6c-9944051aa772,65b2c0ea-6192-47fc-9286-2c1dd3ecefb1,2025-02-19T10:16,5,142.10,Card,Pending
d2814c0f-9d55-468f-a522-efcc3c05b916,ceafdb2a-788d-48e0-acdd-bd533a2e7ab6,2024-03-05T10:16,2,15.68,Cash,Cancelled
4af57267-1a86-4905-af49-0b2bba560c1a,09ba4183-1b94-4f8c-bc5f-eca421a88524,2025-02-07T10:16,9,114.30,Card,Cancelled
79938e4c-570e-498d-93ea-a8c23fadf57a,209e786b-2a61-4e52-a3b2-1cc98bcbf18c,2025-10-29T10:16,4,36.56,Online,Completed
67f7b79f-878c-4196-a72d-a4dcfc4f1c99,6e551d53-4f6d-4b84-a9de-3d7c79694805,2024-01-27T10:16,4,65.84,Online,Cancelled
8a467358-98f0-4fcd-a401-03a043e87816,ff4db0d8-e809-46e8-9ae0-78ffee4902d9,2023-12-29T10:16,6,162.84,Cash,Completed
16656949-f715-4dec-a987-5acb881e4a44,f067e21d-d1d4-4e87-9cae-9753f5f9ccb6,2023-11-16T10:16,1,11.98,Card,Completed
9f68cef2-8cae-4d8d-894b-11e57c9c6c8e,26d032f1-9fe9-487a-987a-a8be14e1db05,2024-09-26T10:16,9,255.33,Cash,Pending
e77f7027-70f9-4838-90fb-6e26c593acfc,a190f67b-21df-46bc-8164-46bdfa00af85,2025-10-06T10:16,6,144.90,Cash,Pending
245b2a2c-4e35-4eb9-a370-aa573cf0c6a2,80537cf2-360f-4740-8b7e-d4cd56e22987,2025-02-05T10:16,4,73.88,Card,Cancelled
a3b06e37-1b78-466a-815c-5ff8c71036dc,2ca088cd-c6c6-4e60-a1a4-d2990ee21b12,2024-04-27T10:16,1,24.54,Online,Pending
d548641d-6761-4de3-baed-3826e5bac00d,f067e21d-d1d4-4e87-9cae-9753f5f9ccb6,2025-09-17T10:16,9,46.71,Card,Cancelled
befc1f9b-da16-4579-813b-6be92a6698d2,cf65c4b6-4c1c-420b-95de-23e5b56ffad5,2025-01-29T10:16,1,18.09,Online,Pending
fe91bcf4-c36a-4d60-abff-baef3ece4479,98b17fed-218c-4f20-8410-9f0edfc74455,2024-08-03T10:16,3,60.12,Cash,Cancelled
a2e18117-4710-4cd1-b996-153df2fed7e1,0b2a0e9a-e050-4380-b607-57adcbbf59d4,2025-01-06T10:16,7,193.55,Card,Cancelled
f4b3e66d-4f41-455f-9d71-ff83b8fc54bd,d33bbfcd-a2ca-4e80-8a1c-65223f061e7e,2024-11-29T10:16,6,143.64,Cash,Cancelled
4cff97c2-0a8d-42c2-8363-218d7a4fd9ef,65b2c0ea-6192-47fc-9286-2c1dd3ecefb1,2025-01-02T10:16,7,203.91,Cash,Completed
5c994828-b0cc-4617-8bbd-90a60129896a,46032f36-69bc-465a-9b33-a5d560bfd77a,2025-08-31T10:16,5,122.95,Online,Completed
46c5eda2-0293-43d4-ba35-60f38f51e03d,a3f626b9-cc27-4c04-8570-be79ab8bda4a,2025-08-19T10:16,1,15.41,Card,Completed
f454f4bb-262e-4d20-8f17-c168c4699d1c,3befa4dc-d961-4a3a-9410-d43d1bdaa335,2025-06-10T10:16,7,126.00,Online,Completed
5b6ada8b-3fe2-49e4-8a11-be1d5c995294,941529ef-2114-4bff-907a-4596ff4593a1,2025-05-22T10:16,3,43.95,Online,Completed
8732cb0c-45fd-431f-a2bc-213207bd3fd8,4e6807ca-aed8-4ec9-b1b0-0e3aba57efb1,2024-07-09T10:16,8,45.36,Cash,Pending
8ba01200-842d-4889-9639-dcf5d2464eb1,1a48aa9a-def3-481d-922a-94300aa97309,2025-08-17T10:16,5,136.70,Card,Cancelled
72f86fc3-b5af-48c7-bb61-71c2ef95160e,2c6dafc9-06cc-4b3d-8b8d-12aae0644c58,2024-05-20T10:16,2,27.40,Online,Completed
d552445a-0862-4a6d-b3d8-1d2de12d5461,99c406e7-092b-4eeb-bc08-56fc041c253d,2024-09-11T10:16,9,232.20,Cash,Pending
939cb41f-d3e2-4822-9370-919165d282d0,69446e90-4237-4410-ab55-e011eb04cce0,2024-10-03T10:16,2,57.46,Card,Pending
a5695c29-636d-4ea3-9ac3-05159312bd4a,0df3bae1-6384-4856-aa27-aef9f6c48b75,2025-08-07T10:16,8,87.44,Online,Completed
d053ee25-b45a-43cb-9720-663251a581b9,3e97fc93-73a7-45e0-9888-f7a03ee258a7,2024-06-18T10:16,8,200.48,Online,Completed
16f84e05-5ef8-4c7a-bbc0-307fe39d62a3,910b1d47-5c37-48b1-8bde-96c60660f1d7,2023-11-16T10:16,3,48.36,Cash,Completed
3527f7e4-eda2-4aaf-b97c-f8b92d2507c8,3befa4dc-d961-4a3a-9410-d43d1bdaa335,2025-09-26T10:16,7,38.50,Online,Pending
02bb77f6-3ad2-4a4b-ba0f-37522e142275,49af098b-bf79-4643-8e49-739ea932d38b,2023-11-22T10:16,2,24.58,Cash,Cancelled
ec9895a4-aba7-4d18-b13e-a4a3e6eb026f,ef7fad1f-a86f-4ee1-95b4-ce1f339f0fa5,2024-05-15T10:16,3,25.92,Card,Pending
4642a37e-1db5-49f6-b98f-23e3bc6400a7,e38afcd9-9e08-47ba-bc92-5ebb4bc271eb,2024-02-11T10:16,4,76.36,Card,Cancelled
d275072b-be14-4b9b-90f6-3b9afa89cdb1,5d6f84a5-a4de-442e-99b9-b8ef714b4436,2023-12-06T10:16,7,45.01,Card,Cancelled
8216f482-8fb6-4277-b1d3-be402066b3e3,02c65c06-56ad-4670-b8e2-10ab417c7154,2024-06-04T10:16,8,73.04,Card,Cancelled
5b81bb0a-2342-4e85-b0f0-8046510988b7,401a6911-a31e-4892-adc1-56e3e1eb090a,2024-08-10T10:16,7,141.96,Card,Pending
dbd8dda0-7fcd-4ac7-93e6-ff4f32d02b42,1a48aa9a-def3-481d-922a-94300aa97309,2025-10-24T10:16,8,163.92,Card,Completed
4ccb0a44-f4af-45ed-9cc4-5e69eff47e9d,4717d2a3-4b2a-44f1-b960-a2b73e2d23fd,2023-12-15T10:16,3,77.13,Cash,Completed
662f9596-0f71-4fec-863a-9accab9a5590,26d032f1-9fe9-487a-987a-a8be14e1db05,2025-08-21T10:16,3,54.87,Card,Cancelled
686e5ad9-7052-40b7-806f-d482213d704e,25659c0e-6eb5-4c57-add8-fb6ac5f42699,2024-12-20T10:16,4,69.04,Card,Cancelled
0236c97c-93aa-4904-ad8a-5649212ee368,63846b60-b7be-4087-ac6e-56c9bc130a20,2025-10-13T10:16,1,14.54,Card,Cancelled
578582bd-e742-4924-94e6-1e74bec2ec0f,9b9edd1e-b4f7-414c-b8b5-a3dc51fa0a8c,2025-10-28T10:16,6,49.38,Cash,Pending
ab889c95-edd1-45a6-bc4f-c15d95d3bcb5,0130fcd4-a6cf-4a72-8400-7bcae1abce34,2025-10-21T10:16,9,76.14,Cash,Pending
115f7941-f1cb-43ce-85b8-8e6e02622f3f,2a109685-1399-4149-8951-fba29bb0360d,2024-11-02T10:16,8,143.52,Card,Pending
1735eec0-46e4-4d9d-aaae-6a64cc6f5f9c,a302a1a8-c429-406f-abff-9f273aa0a4b5,2024-07-06T10:16,5,84.90,Online,Completed
bf2e293d-f5fb-4c4a-a377-7bd733e71985,1a48aa9a-def3-481d-922a-94300aa97309,2024-02-16T10:16,7,102.48,Cash,Cancelled
8177ddf9-3118-41e8-bc0b-de901944dfd2,8626238e-5813-415a-9a8c-db944b1e0269,2024-08-25T10:16,8,232.80,Cash,Pending
1f9176b7-dc03-4695-8865-a0ebcda64cb4,6f61ca8e-51a1-48e0-abfa-88326e713e34,2025-03-20T10:16,7,152.04,Cash,Completed
a4c2d522-54dc-4de9-b3e2-5bd6ff0200d0,1233cc27-7567-48e0-8dd2-6b0019506c2f,2024-02-20T10:16,3,37.44,Card,Pending
6d5224a9-398c-47a4-b673-1348d1c60e42,c46351bf-193f-49af-a5d6-456188837c3d,2023-12-07T10:16,3,64.44,Cash,Completed
9e082c93-d2ef-49ac-9edb-85fb795a9d99,4f6ae324-5b6d-47d6-a86d-26ec6fbe1e0e,2025-07-22T10:16,5,47.65,Cash,Pending
72e4b844-1888-4148-aff3-239b9d89ece5,9305d562-2505-493d-8ed8-3fb721c8f491,2024-02-03T10:16,7,176.40,Cash,Pending
a84461bd-b3d3-4d68-9647-1841b97aaf21,1eeb9c5f-5b7a-47af-b4f1-5a50d9d1089c,2024-02-20T10:16,9,242.64,Card,Pending
e1895b9c-b596-46f1-b58a-209f82d6f7c6,6f61ca8e-51a1-48e0-abfa-88326e713e34,2024-10-30T10:16,4,92.72,Card,Cancelled
38c3993c-b273-4db0-99f4-0dd93b33729c,7a18d550-38d0-40b2-84a7-547162e7e409,2025-03-29T10:16,9,236.88,Card,Cancelled
0c770e4f-22d2-49d6-8102-34e8247c126f,68169a66-a8d4-4763-914e-7befc826445b,2024-12-06T10:16,9,79.20,Online,Pending
f86a9d92-f595-4fbc-b26d-8741ac190b6f,8250871a-2b35-424e-a1a1-4eb4faffabfb,2024-10-06T10:16,5,137.60,Online,Cancelled
d9eb4198-3b7e-4c24-94ce-7fbc6cf17551,b95f7619-fab2-4df9-8683-1f2aeb93a660,2024-05-05T10:16,3,36.78,Card,Completed
7692c01e-c20d-4770-8007-358a94c897b0,5400d214-6176-40bf-88d2-3f53ed38bf69,2024-05-13T10:16,5,60.85,Cash,Pending
c7e50f54-531b-4edb-876b-62bb1e04f562,5d6f84a5-a4de-442e-99b9-b8ef714b4436,2024-08-15T10:16,4,114.44,Card,Completed
69bc9241-ace4-41b1-88aa-1986de0a1dc9,b3688304-b24b-416a-9bf4-c2b6aaeb59d3,2025-04-30T10:16,8,75.76,Cash,Pending
415bd8ae-12f9-48e2-a2b0-a7f3f8a2d479,1eeb9c5f-5b7a-47af-b4f1-5a50d9d1089c,2023-12-04T10:16,5,54.45,Online,Cancelled
e7e4a196-18aa-4da1-9978-a9cbbe3d839b,fe624323-ba72-456d-9842-ed9e0edc75df,2024-02-07T10:16,6,65.76,Card,Pending
836ece86-e672-4685-84c6-0b87b6001c83,59827b2a-ae17-44b1-bd6f-6f08718559cb,2024-06-27T10:16,3,80.64,Online,Cancelled
57af54ae-9351-47a3-9605-34b0db73a452,e119f98a-df63-41dc-8e01-bb49ca2dc724,2024-03-27T10:16,7,95.41,Cash,Pending
0d7db2a0-473d-4fa4-aa6b-a08058d97e2f,f90cf3ca-e2d0-4129-bc7a-e8a2b80880da,2024-01-31T10:16,1,17.45,Card,Pending
6fb5f150-c841-4303-9066-b563f483c8dc,1a48aa9a-def3-481d-922a-94300aa97309,2024-11-10T10:16,2,50.78,Online,Pending
a430ee48-3d62-4e97-a2aa-812fb5be10eb,d6d4ef4b-0870-48aa-b884-013237f255f4,2024-10-07T10:16,9,87.75,Online,Pending
489fbc99-457a-4eff-8dcd-5791b5a8031e,e12c3d24-86c8-474f-b86b-370df36adbfe,2025-01-02T10:16,1,29.09,Online,Pending
c8429ed9-6030-43ef-9e25-dfac65bae41b,365c90d0-a590-4209-9401-2ce55af5ed98,2025-05-20T10:16,4,59.64,Card,Completed
09100e57-cbd8-4a62-aef7-526eedccf303,0a15d43b-8f6b-444a-bef2-ffbddfdbd16f,2025-08-02T10:16,6,106.68,Cash,Cancelled
9b8f6e70-06bf-4c7b-9534-a01782ab2747,000f9c8f-2fc7-4346-844d-c04f10751265,2025-11-10T10:16,8,95.52,Card,Completed
a06306c7-e448-4623-b677-363ea60ce25f,b014b56e-3263-4b63-8430-46e00bc5ea77,2024-04-20T10:16,4,108.48,Online,Completed
af17224f-b02e-45a0-b16c-5d389bccb594,8626238e-5813-415a-9a8c-db944b1e0269,2024-03-09T10:16,9,90.90,Online,Cancelled
12755026-0045-4eea-9a94-67bfb8ee5712,10b26c2d-7d56-4175-84a8-a2775e128a9d,2023-12-20T10:16,1,14.41,Card,Pending
d1a37809-c8a3-4863-a2a2-b8804b9c699c,0d463f72-c3a1-4a2b-8d0d-1721a0d1a06b,2024-02-27T10:16,9,87.39,Card,Pending
f0e4a331-1257-41ef-beab-396225836ef9,14eace30-1ac2-411e-8eef-98e8f32a87fb,2024-07-20T10:16,7,160.93,Online,Pending
12bcc71f-bd76-407b-9c5b-17f0de3ac5a2,3e97fc93-73a7-45e0-9888-f7a03ee258a7,2025-01-28T10:16,7,78.82,Online,Pending
12cb29e3-f11d-4020-80be-e739ce1305d3,8113211c-bdc3-4bb0-94d9-3fd3871f3005,2023-12-18T10:16,5,139.35,Cash,Pending
b557eb56-154d-4484-bf71-23298fc7d98b,06e585f0-5b60-4900-81d1-3379328e6c17,2025-09-25T10:16,2,36.62,Cash,Completed
be8f9821-ea8d-405d-b7fb-15a15de698c6,cb8747c7-32ca-4b6b-868d-13ab01d953ec,2025-03-23T10:16,8,135.12,Cash,Cancelled
f9ff6594-1455-43eb-bbb2-4898b25b0b43,d5eaf6a7-76cc-48ec-98d9-ba713e2df70f,2024-09-05T10:16,5,79.15,Card,Cancelled
c1895fbc-a41c-4167-8dcb-7350db3f5b32,77ca464a-fe0d-4dcc-8f08-3eb2f7b64f76,2025-07-13T10:16,3,83.61,Online,Pending
e281495b-1cf2-41ae-90e0-ee4fe131a23f,2c6dafc9-06cc-4b3d-8b8d-12aae0644c58,2024-10-18T10:16,3,73.26,Card,Cancelled
dcdbf324-734c-4395-8fa1-56f3328d6901,27e45431-1333-4ffd-a0c8-be56ffdc5d4e,2025-02-03T10:16,5,53.05,Online,Completed
a8239e34-3f61-4545-adf4-7850b9006cc4,02c65c06-56ad-4670-b8e2-10ab417c7154,2024-06-28T10:16,1,26.50,Cash,Pending
c4150da3-7a71-446b-bc89-8e7575a63aa2,05ccd8a5-ea5f-4353-bd1e-3022152b0685,2025-03-20T10:16,9,173.97,Cash,Cancelled
f9054221-16bd-49ce-8f09-c2c70cff1f40,365c90d0-a590-4209-9401-2ce55af5ed98,2024-02-03T10:16,7,199.43,Card,Completed
f5266ad0-9f19-4efc-a539-eaf89b19d1a3,36b880b0-e9bd-4c0b-8f1c-32018f6c758a,2024-09-01T10:16,1,19.25,Cash,Pending
00d2fa00-772f-421b-9014-600ff89e024c,00d7ae70-0f46-4453-963c-4ab2a3d29314,2024-02-02T10:16,8,126.72,Card,Completed
07a8a82a-7e33-4de2-83b0-aa677d44f3ae,52fbb114-83aa-432d-b2f1-f3e37a5c4754,2025-04-30T10:16,5,144.15,Online,Cancelled
296f8fd1-509e-486e-bcc9-7ce5f2c1233d,bb6bf39c-f455-4e08-a59e-1bdaaa91d4aa,2024-08-17T10:16,5,45.80,Cash,Cancelled
61485519-1548-4319-be7a-419c972def1b,74e76582-f1b8-4560-b049-8aebb59d4721,2024-01-19T10:16,5,72.45,Cash,Cancelled
fbbe9c70-0e34-4f8a-ac8e-b42874cdf276,14eace30-1ac2-411e-8eef-98e8f32a87fb,2024-08-18T10:16,8,204.80,Card,Cancelled
0b11bc48-aa22-4af2-ac69-55f63ba7394d,4b14a58c-f1e4-40b6-888d-a88cd7055099,2024-05-05T10:16,6,173.40,Online,Cancelled
6c5329ed-9ca3-4650-bccc-3b5dca637bbe,c83bba2f-5229-4998-9566-1f3179b13e8a,2025-04-01T10:16,5,132.50,Card,Pending
710c4b00-f066-4eff-8b3e-b5758ca6a6bf,500fde18-ea61-4380-9ea4-f06d09985870,2025-01-13T10:16,6,165.12,Cash,Cancelled
1212e0a7-4b0f-47f7-a365-0b111792dcda,6c3bf618-a715-40f9-9faa-cfc5f5beef2f,2025-07-29T10:16,1,6.25,Cash,Cancelled
fa882345-f71f-442e-938a-53bd4348d4f5,f543de06-e341-4de2-95ab-ca0fd3ee51fe,2024-07-27T10:16,4,81.76,Online,Completed
3ab4fcf0-ca78-4475-8cdc-b3d8b24c0aeb,d7af10ce-45c9-4fc8-8dd8-b1c5491aad5f,2025-03-18T10:16,3,76.32,Cash,Cancelled
dd879bcd-fdc0-4a8a-92fc-e20f8860bad3,8f7f530b-bb30-4a05-b437-744ed30af54f,2025-07-21T10:16,4,113.08,Cash,Cancelled
e6f6fb5c-2e93-4fb7-85a4-ff707e754f4a,8b546c63-5406-493d-bc69-cfb594b38267,2025-02-03T10:16,4,37.64,Card,Pending
53049ee6-8800-4692-b51d-674447340a19,46032f36-69bc-465a-9b33-a5d560bfd77a,2025-05-05T10:16,3,89.82,Card,Cancelled
2ac5f4a7-5df4-4d0a-be00-92fade834812,98b17fed-218c-4f20-8410-9f0edfc74455,2024-01-01T10:16,4,100.56,Online,Completed
a6887701-cdf1-46ec-8449-1883191989fd,8f7f530b-bb30-4a05-b437-744ed30af54f,2024-04-19T10:16,4,22.28,Online,Pending
dd828c7c-1069-4a02-adbb-78ae6e74cf33,000f9c8f-2fc7-4346-844d-c04f10751265,2025-06-11T10:16,4,84.16,Cash,Cancelled
12d5f0d4-0c5e-4bf7-bcbc-01163b1dd7a3,0a570207-0f70-467f-bbeb-44a0a60a9a25,2025-01-29T10:16,9,98.37,Cash,Completed
8f68f928-8130-4fb4-bc6a-ccb2763880a3,ebe19120-496a-47fa-87eb-2440212a3363,2024-02-11T10:16,4,106.92,Card,Pending
7d27af95-eaa4-4069-8d5e-39e459cb3b9f,65b2c0ea-6192-47fc-9286-2c1dd3ecefb1,2024-02-08T10:16,9,262.08,Online,Completed
1a5ebd55-0691-41c3-8e8a-96e0731da0b3,fe624323-ba72-456d-9842-ed9e0edc75df,2024-07-04T10:16,8,224.40,Card,Completed
3713b2ca-ba96-4d70-be1b-ca98b2b97c3e,4739f27f-7a96-4d52-83ae-0c6fd4c8c606,2024-06-02T10:16,7,96.46,Card,Cancelled
36470573-c1a0-442b-81c4-01e3fadc71e5,7c991f43-c18b-4404-8826-97691b0dc00c,2024-10-12T10:16,9,128.88,Online,Pending
d52a094c-2223-4196-9335-6c907b28fa63,0d463f72-c3a1-4a2b-8d0d-1721a0d1a06b,2024-10-29T10:16,7,128.59,Online,Pending
44542b76-e50b-4523-bb43-18702a6e691c,63846b60-b7be-4087-ac6e-56c9bc130a20,2024-08-13T10:16,9,133.29,Online,Completed
a335e861-b28e-4e42-a661-ab7e9e8d57ba,050d9901-1cb5-413a-9c31-282028f863c1,2025-06-19T10:16,8,225.84,Card,Pending
41d918fd-2fd1-4d7a-8e46-f05948d7df91,6aaabc79-3d35-410f-bb96-f86a3930d0ff,2024-09-11T10:16,4,106.72,Online,Pending
4516b7be-076e-460d-a52e-f742cd33d4d3,b3688304-b24b-416a-9bf4-c2b6aaeb59d3,2024-12-20T10:16,5,49.70,Cash,Pending
22d10fe2-0de3-401b-aa79-1794f323dab6,d5cfb1a3-ce2f-4aff-ab4c-50e0c5426af1,2025-01-09T10:16,6,171.72,Cash,Completed
0519d5c2-e707-4a67-9da5-59356f49b4d0,8250871a-2b35-424e-a1a1-4eb4faffabfb,2024-08-13T10:16,6,103.98,Cash,Completed
22aad2c4-0eb8-4764-8645-24fc3d8e1243,d3f641e5-b8b5-4f5f-9155-7768df2033e8,2025-10-11T10:16,5,106.75,Card,Pending
cb3e9429-da92-47c8-8c03-93dca04569f9,e277d099-db2a-4aee-ab86-8b0e73a34383,2024-02-24T10:16,2,24.74,Card,Cancelled
f1954050-0012-4fa9-9c1a-00a1e6225515,6117b6f0-c4f4-4bf1-9eeb-f33950decba8,2025-03-22T10:16,1,18.68,Card,Cancelled
944b9eb4-b06c-4773-9199-47be48755c9a,9c53f3f8-5b22-4d77-bd76-cfa6c70e443c,2025-05-03T10:16,5,111.45,Card,Cancelled
9dc54669-66c8-4551-beba-f1c55b3c932f,62a2bfef-ca4a-4dec-90ea-bf15ea1880d2,2024-11-16T10:16,7,166.39,Cash,Completed
3ca89d45-f4b5-49d3-a6e4-ae17b2d2de36,6945f6f4-b8f9-4d04-90ff-e59ed705578e,2025-08-22T10:16,1,29.07,Card,Pending
04402158-9537-4f69-b73b-eadfce2b4676,4f6ae324-5b6d-47d6-a86d-26ec6fbe1e0e,2025-11-06T10:16,1,8.00,Cash,Pending
b91f72f7-0110-4645-a321-5a0e978cba67,1233cc27-7567-48e0-8dd2-6b0019506c2f,2024-04-30T10:16,7,140.63,Online,Cancelled
a7221751-0ba2-4661-a769-747764251cbb,c63bd277-c81c-40c5-8720-6ce916d653c4,2024-04-04T10:16,9,159.84,Online,Cancelled
d514ebf6-6f46-4153-8a67-a2761afa2b80,1233cc27-7567-48e0-8dd2-6b0019506c2f,2024-12-02T10:16,4,73.60,Cash,Cancelled
dd82843f-eaf3-45f6-b219-62ff1be15232,2ca088cd-c6c6-4e60-a1a4-d2990ee21b12,2024-07-10T10:16,5,131.70,Cash,Completed
76c625a9-b231-4038-b93b-584670009ddf,b04ce307-2d1f-4214-b023-d8f4379041a1,2024-06-12T10:16,2,12.98,Cash,Pending
3b9ab84c-c5d0-46c8-b3b8-96443f57f5cc,4e44f26d-5455-405b-8fdb-63ab8b739ecf,2024-10-05T10:16,1,20.91,Cash,Completed
aa2c952b-1816-4fd6-bf78-8daa39ce8e3d,0df3bae1-6384-4856-aa27-aef9f6c48b75,2025-03-14T10:16,2,28.64,Online,Cancelled
cf908349-1ecb-4784-8b79-dffdee8d4e60,209e786b-2a61-4e52-a3b2-1cc98bcbf18c,2024-10-25T10:16,5,44.65,Card,Cancelled
7cc3c7c2-2104-46c0-826b-d2d9d7b77290,b03f75c1-655f-4480-a2bf-1a0af806e96e,2024-12-09T10:16,6,76.14,Card,Completed
41ad1ff1-c9c4-47be-b07d-4f942c29bf43,726d71e2-70fd-4416-8568-78619c14a73a,2025-04-21T10:16,1,23.00,Cash,Pending
d51f427c-2c22-4c78-8024-8cdb26f2c849,3ab3404a-ee80-4ed2-8d90-a6f0dad14e48,2025-09-06T10:16,8,164.16,Card,Pending
6fba8933-fbe2-47a7-b720-f30e75202553,a190f67b-21df-46bc-8164-46bdfa00af85,2024-09-05T10:16,2,28.08,Card,Pending
fe8996c8-2a59-4f8a-a758-7c7f16ca50dd,b90a3a7f-421e-47e5-8598-fe50f365a62e,2024-06-22T10:16,1,16.23,Card,Pending
0b4ab676-82a7-4b6e-a666-a2c7f0255084,983d66ae-c8b0-46b8-8abc-26a1055cf729,2025-01-08T10:16,3,78.06,Cash,Pending
ae6532d8-89fc-4da8-b165-07d928035ad9,5f6e51da-5f01-4c9a-85dd-7d50ef37e5d7,2023-11-30T10:16,8,129.84,Card,Completed
065b547c-ad32-44fc-adeb-cfc386366ae9,6e551d53-4f6d-4b84-a9de-3d7c79694805,2024-05-26T10:16,7,202.02,Cash,Pending
b30c34b8-52df-45c3-9763-c8f3ad1f33ae,515fe1d2-d33a-4b9d-8c19-07e0cbe81a9a,2024-12-28T10:16,4,72.36,Card,Completed
0e9bec25-75ad-40e6-b916-cb06167292ce,e119f98a-df63-41dc-8e01-bb49ca2dc724,2023-12-02T10:16,6,99.72,Cash,Cancelled
5f1dd798-afc2-44ff-9a80-44230960ffbf,ebe19120-496a-47fa-87eb-2440212a3363,2025-06-01T10:16,7,71.33,Card,Cancelled
332cd9d7-d139-4b3b-8934-89b6b69f52a9,428424b7-1f94-496a-8b7a-497ce177d32c,2024-06-20T10:16,8,174.32,Card,Cancelled
1a9caaa0-56ba-4bb5-a418-c77523961cd0,ff4db0d8-e809-46e8-9ae0-78ffee4902d9,2023-12-02T10:16,9,220.86,Cash,Completed
648c7ac0-ebd0-4a2a-9945-34519733f01b,10b26c2d-7d56-4175-84a8-a2775e128a9d,2024-11-25T10:16,8,207.44,Online,Completed
c65e8b9c-a339-45e0-90e4-ed1b0a51c70e,7509850a-5062-4da9-aad6-bc5b9e363ef1,2025-08-21T10:16,7,40.67,Card,Completed
430163be-0cb7-41b2-9592-1c24cb6e198e,0a5bd884-b432-4ce5-b14e-44b4aedd4c0f,2024-09-15T10:16,4,34.72,Card,Pending
15d51ad2-a0d1-4bba-af78-23f81dc643ef,2c6dafc9-06cc-4b3d-8b8d-12aae0644c58,2024-04-28T10:16,1,23.90,Cash,Cancelled
2f776783-c1d1-408f-9164-e8ab9ffccaf2,6117b6f0-c4f4-4bf1-9eeb-f33950decba8,2025-01-28T10:16,4,112.16,Online,Cancelled
f3066c4e-f399-411a-8fcb-3891967af47e,cb8747c7-32ca-4b6b-868d-13ab01d953ec,2024-03-25T10:16,8,211.84,Card,Cancelled
4c2171df-8fa8-48cf-a474-0b3b438d6af0,69446e90-4237-4410-ab55-e011eb04cce0,2025-08-19T10:16,2,48.52,Cash,Pending
ecd1789b-bf9e-4617-a86e-5825bfd9bea0,8250871a-2b35-424e-a1a1-4eb4faffabfb,2024-08-01T10:16,9,263.97,Card,Pending
97c84261-261d-4c5b-a243-0c868988a610,5eb75bc0-d5fa-4209-9d42-7767f3f0585b,2025-10-10T10:16,4,64.88,Cash,Completed
90552049-df26-4e6d-bc61-e5589588df0c,11526850-7335-463f-b740-a52a90457c3b,2025-03-23T10:16,1,5.61,Cash,Completed
62854f29-5d7e-4d86-a9ba-d3321d4ec158,46032f36-69bc-465a-9b33-a5d560bfd77a,2023-12-24T10:16,9,264.15,Online,Cancelled
6b0a3dc4-57a5-4a32-9ceb-81364dd1de69,6945f6f4-b8f9-4d04-90ff-e59ed705578e,2025-02-21T10:16,2,23.00,Card,Pending
0eae9689-0d97-4259-a53c-54aeb219fc1c,8b115a34-224b-453c-be69-b53a7445b466,2025-10-20T10:16,2,53.82,Cash,Pending
98c7f7e2-e8c4-41b7-8168-5931cdd7d967,935ebde1-5945-4673-886e-1a7a12cc2d4e,2024-08-25T10:16,9,180.72,Online,Pending
6be84732-2f33-4874-8532-3ad8ff1942ef,5400d214-6176-40bf-88d2-3f53ed38bf69,2024-06-21T10:16,8,186.32,Card,Pending
e6407db3-beb5-49ab-85de-6c719773845b,500fde18-ea61-4380-9ea4-f06d09985870,2023-11-26T10:16,1,12.51,Card,Pending
08e43ef6-3ba9-467e-849a-bc1dc707ca65,983d66ae-c8b0-46b8-8abc-26a1055cf729,2025-04-18T10:16,3,53.55,Online,Completed
6f78e652-0b92-49d7-ba4b-887d871853fb,36b880b0-e9bd-4c0b-8f1c-32018f6c758a,2025-04-19T10:16,9,267.93,Card,Completed
24fee484-77c2-438d-9c70-736061aece84,3910ab11-8758-4a4f-8a9b-c4f5df7413c4,2025-05-05T10:16,3,64.14,Cash,Cancelled
bd21892a-a7a5-4ad9-9b28-338102d9e017,964d337f-acd5-4ca2-8843-9be3f2eb60fc,2025-04-11T10:16,5,94.10,Cash,Completed
0b9d70cb-c78f-4344-95bc-1d891d12d240,10b26c2d-7d56-4175-84a8-a2775e128a9d,2025-02-14T10:16,2,22.80,Card,Completed
4b053ed2-d0c7-4ff2-9d22-9a61b8794549,7169ef0c-f2c8-4ae3-83f6-87691664d2d2,2024-09-05T10:16,8,170.96,Online,Cancelled
65ce18ec-2a58-4b41-b6f5-b54435a06dc2,caad7924-4bc5-4f85-9662-11ca261e3c87,2025-07-09T10:16,2,49.54,Card,Pending
021b26ca-17c6-49c0-8032-3af1c2190d8e,824998a2-7592-4051-ab0b-d5e12743c93b,2025-03-01T10:16,4,76.96,Card,Completed
69ceb49b-db62-40dd-b79a-3070066033a1,4b14a58c-f1e4-40b6-888d-a88cd7055099,2024-04-14T10:16,1,18.80,Card,Completed
c7c4aebb-0c9d-4dbd-b4f9-006dae2ffcd0,73a2b03c-2dca-486e-8ebc-c4d6bb68a8c6,2025-04-23T10:16,9,114.57,Cash,Completed
17222310-7af7-4c02-8023-71531c991eda,aff4340c-d102-49ba-af8e-84d2737ce82c,2024-03-17T10:16,3,24.96,Card,Completed
26f541b4-70f6-4911-ab14-6a04637f6205,365c90d0-a590-4209-9401-2ce55af5ed98,2024-09-30T10:16,3,71.70,Card,Cancelled
542bad55-dd0a-4d39-9801-ac7a0a69ac3e,e38afcd9-9e08-47ba-bc92-5ebb4bc271eb,2024-07-21T10:16,2,25.94,Card,Pending
36e4f6e0-805d-4109-b2dd-09c2e9e0a838,e6e1db85-f8ba-4264-9c9a-520ecda4bc4c,2025-04-25T10:16,6,92.82,Cash,Cancelled
f0433909-d3b3-4956-9bcf-0dba92d10b82,1eeb9c5f-5b7a-47af-b4f1-5a50d9d1089c,2024-07-13T10:16,6,123.42,Card,Completed
d0a00fef-8f60-4159-b2e3-d6bb13e97c68,e7991221-0de0-4ef8-aa9c-ca3b59197059,2025-03-27T10:16,3,43.41,Cash,Cancelled
2b62cf24-ef55-4afc-b2b4-c618113917b8,7c991f43-c18b-4404-8826-97691b0dc00c,2025-02-20T10:16,2,39.12,Card,Completed
839ee89c-c667-406d-8c2b-fa2a7bc34b3f,8113211c-bdc3-4bb0-94d9-3fd3871f3005,2024-07-14T10:16,9,264.51,Online,Cancelled
8b79aab8-7cf8-4de9-ada6-fa240567eea5,1a31c678-d420-495a-aff3-0f1609514e1e,2024-11-12T10:16,9,104.40,Online,Cancelled
3783ec1b-e9f5-4b06-8b0f-1bf20d0bf0cd,2a109685-1399-4149-8951-fba29bb0360d,2024-04-24T10:16,1,11.23,Cash,Pending
cea3aa75-43ad-4b1c-9b7c-988e0aa853bb,0e0d5f13-edd5-4ab0-9ddd-3df111bedc5a,2024-02-05T10:16,1,27.83,Online,Completed
31bd9d3a-9f79-4529-8b1a-c3dbffae7609,103fcba5-5588-45a5-9fe0-6ac948d3860e,2025-03-09T10:16,8,45.52,Card,Cancelled
45386552-59c1-48c7-958e-5c4a31a6e033,67c276b0-7be6-4f3c-bf86-c342095c8112,2024-03-04T10:16,7,48.86,Card,Cancelled
28876c38-6fa8-43d2-88e8-e2d3106214f2,cd50913f-8c99-4253-9134-0cf5fe5f300f,2024-09-27T10:16,7,144.76,Cash,Completed
41474cc8-f3e0-4585-853a-98ab420d7a30,80537cf2-360f-4740-8b7e-d4cd56e22987,2024-01-27T10:16,9,96.84,Card,Completed
010d8cdb-dade-4e29-a426-e88a0a8b4261,058b9c75-b72f-4594-80d2-e41194ff7672,2024-01-26T10:16,9,219.33,Card,Completed
68ccd92b-703f-410b-a043-2b1ab2e823d4,0130fcd4-a6cf-4a72-8400-7bcae1abce34,2024-09-12T10:16,6,90.24,Cash,Cancelled
11673e2e-4522-414a-a04e-26891826e44c,0d463f72-c3a1-4a2b-8d0d-1721a0d1a06b,2025-09-28T10:16,7,45.36,Cash,Cancelled
2a2e5b5b-870d-45a1-8607-7eb27fd1f794,6bd388d4-5636-450b-bacd-55bdcb769bab,2025-03-16T10:16,3,70.23,Card,Cancelled
d85b73a3-cdcf-40d3-8941-ba2c592bcba0,d3f641e5-b8b5-4f5f-9155-7768df2033e8,2024-08-08T10:16,8,44.48,Cash,Pending
037a4374-e910-4cd6-90f0-eaf9592a3502,7c991f43-c18b-4404-8826-97691b0dc00c,2024-03-31T10:16,8,69.52,Card,Cancelled
602a59dd-4945-490f-bb46-d2f968169bbf,5eb75bc0-d5fa-4209-9d42-7767f3f0585b,2025-01-07T10:16,3,68.82,Cash,Completed
dfeebd74-19ed-4e84-956c-999d2771548d,b3688304-b24b-416a-9bf4-c2b6aaeb59d3,2024-02-11T10:16,3,57.09,Cash,Cancelled
6df40feb-ceb4-4ab4-845b-9e4855845bb4,fe624323-ba72-456d-9842-ed9e0edc75df,2024-12-14T10:16,2,53.62,Cash,Completed
4773055e-f6a0-44d2-9979-e8e7345cdb28,bf0de251-90d7-423c-8b31-48df1a89964f,2024-10-14T10:16,6,139.14,Cash,Pending
ed53657c-829a-4cc2-b6ad-ca103dd9ebac,1a31c678-d420-495a-aff3-0f1609514e1e,2024-10-23T10:16,1,13.46,Card,Pending
dbe075ba-0a27-42bd-abdb-42e78236d9ae,0fcf4084-ea31-49f8-99f9-9bf8c8b0c16b,2024-03-07T10:16,8,218.56,Online,Cancelled
2ff1877e-8690-42e5-ae4b-2890626960be,5f0f3def-9ff6-4282-ad04-001c4a769966,2024-06-05T10:16,2,27.92,Cash,Completed
025a8a3f-48a4-4043-a9a0-6591369e8886,401a6911-a31e-4892-adc1-56e3e1eb090a,2024-09-20T10:16,6,105.84,Card,Pending
a443aeec-2166-468e-8582-e2b6a6859e19,ba5d9947-b043-4aca-8ee0-6b77895cf8e8,2025-06-14T10:16,7,157.57,Online,Cancelled
a04dc004-0931-4bca-ab29-79fb22186d0f,c0d74d86-5c5b-481d-b8e3-61eeb9c77255,2024-08-16T10:16,7,167.02,Cash,Cancelled
7beaafa8-0d67-4d53-9532-d67f32a29501,b90a3a7f-421e-47e5-8598-fe50f365a62e,2024-08-15T10:16,7,199.29,Online,Cancelled
3e20a809-9a77-4c96-a889-06a912e03549,0472ca7f-b133-4710-8f43-24a3c6c1afd1,2024-10-08T10:16,6,141.84,Cash,Completed
29a2d33e-02f6-4484-9d06-ac3392026737,1233cc27-7567-48e0-8dd2-6b0019506c2f,2024-10-16T10:16,5,46.90,Card,Completed
3401b9cf-13de-4f23-ad22-957bb1dbc89f,68169a66-a8d4-4763-914e-7befc826445b,2024-06-30T10:16,8,90.64,Card,Pending
b1633f57-c876-4393-9198-7c77b32b71a2,68169a66-a8d4-4763-914e-7befc826445b,2025-04-23T10:16,7,157.50,Cash,Cancelled
db8e13dd-a52d-4cb0-9522-da41458b979f,1407e9cf-22c9-4137-a2fe-cc12dc038235,2024-03-06T10:16,7,163.94,Card,Pending
4462bcc5-1df1-4fd7-b0a4-13df42f02fd5,401a6911-a31e-4892-adc1-56e3e1eb090a,2025-05-01T10:16,4,103.80,Cash,Pending
33063368-5ba3-49b7-8392-416dd2fa13ce,e6cb1215-5314-4d05-bfd1-f6e5d36e89f7,2024-11-12T10:16,8,185.44,Online,Cancelled
2a60d98d-cd93-4ec1-bd2a-9caff80a77ea,e277d099-db2a-4aee-ab86-8b0e73a34383,2024-05-25T10:16,8,177.28,Online,Completed
c126a2e8-597e-450e-8c2f-a3bddd515d12,3e97fc93-73a7-45e0-9888-f7a03ee258a7,2025-09-10T10:16,8,228.08,Card,Pending
b7ec79ac-b028-405b-83be-db43b92f75cb,9c53f3f8-5b22-4d77-bd76-cfa6c70e443c,2024-03-13T10:16,5,129.75,Online,Cancelled
929a942c-f686-4749-b225-ca0ef6b51399,103fcba5-5588-45a5-9fe0-6ac948d3860e,2024-09-12T10:16,2,18.64,Cash,Completed
a4b13ad7-2319-4362-be30-80c6c5c51ec5,824998a2-7592-4051-ab0b-d5e12743c93b,2024-04-27T10:16,9,266.58,Card,Cancelled
9e522b48-0000-43e2-8d7c-239feeeeaaa7,ebbc7df0-770d-44f8-b0ff-c62f9006e40e,2025-05-09T10:16,7,49.14,Card,Completed
fbf42a54-63ca-4a07-8c05-1828d0bdc84b,9305d562-2505-493d-8ed8-3fb721c8f491,2024-12-10T10:16,5,126.40,Cash,Pending
a47e89e1-b076-4826-867b-d9b551deb1c9,ecf1ffb0-ac00-4968-87ea-8beef4ace55a,2024-12-29T10:16,7,65.52,Card,Completed
6782624e-e3a4-4aea-88a5-8768dd8f9168,000f9c8f-2fc7-4346-844d-c04f10751265,2025-05-11T10:16,1,9.92,Online,Completed
a1be6358-bc37-48f6-8c60-f7403f0ab96f,0e0d5f13-edd5-4ab0-9ddd-3df111bedc5a,2024-07-28T10:16,1,26.19,Online,Completed
6ca607fc-d4d9-4016-a534-7859258d000e,6945f6f4-b8f9-4d04-90ff-e59ed705578e,2025-07-25T10:16,6,88.68,Online,Cancelled
6fac4c66-c6fc-46d9-b61d-37d6274baa00,6c3bf618-a715-40f9-9faa-cfc5f5beef2f,2024-09-30T10:16,5,27.85,Card,Completed
69fc5534-0dda-48cb-9a91-a2f170b171f3,05ccd8a5-ea5f-4353-bd1e-3022152b0685,2025-09-15T10:16,4,66.40,Card,Completed
e1569461-7e79-44cd-b9e6-8aafab821cef,10b26c2d-7d56-4175-84a8-a2775e128a9d,2025-01-15T10:16,2,33.18,Card,Cancelled
4e3cb8b6-04f9-4b47-a8af-b0befc80e777,60cd80b6-3967-4dae-b4df-adc7b5644971,2025-08-09T10:16,9,259.92,Online,Completed
3e3e7700-3ab1-44c4-a210-cf3935a43edc,00d7ae70-0f46-4453-963c-4ab2a3d29314,2024-08-06T10:16,6,55.50,Cash,Completed
b8972230-497d-4cf4-b329-acd152789392,1eeb9c5f-5b7a-47af-b4f1-5a50d9d1089c,2025-03-23T10:16,7,145.04,Card,Completed
ece9d80a-af20-42b9-8995-62f14120663b,a938df5f-7764-459c-8bfd-90409d16b3c6,2024-09-17T10:16,1,19.34,Online,Completed
a1d38d29-410e-4ed5-b9dc-368dbc78b203,4717d2a3-4b2a-44f1-b960-a2b73e2d23fd,2025-10-12T10:16,3,45.27,Card,Pending
2ab94b4d-e28b-4e76-9baf-29bf44c91920,0a5a9fc7-e126-48f0-99aa-dea85c606f66,2024-07-24T10:16,1,23.03,Card,Completed
5735a19a-9a71-47cb-b286-4f1d294de38c,d5cfb1a3-ce2f-4aff-ab4c-50e0c5426af1,2024-09-28T10:16,2,53.42,Cash,Pending
91686b10-5994-4736-a233-a07eb77966db,6e6d2c67-f7fb-4a98-8f9a-4822259b25c4,2024-08-13T10:16,2,37.46,Cash,Completed
571f92a8-1969-4b14-9fec-933b8ab07f64,a302a1a8-c429-406f-abff-9f273aa0a4b5,2025-02-10T10:16,2,39.36,Card,Cancelled
48089520-1bf3-4de3-a792-2974c8c6918b,21edfc22-3f73-4335-a774-3cf78ab65e86,2024-10-01T10:16,7,127.33,Online,Completed
67509a82-1192-4587-89d3-4e6d3e597732,25659c0e-6eb5-4c57-add8-fb6ac5f42699,2024-03-15T10:16,8,204.88,Card,Completed
fe9d82d0-cb5f-431f-ae92-9a5144798a73,485b65e7-fdf4-474d-afba-37986d8d3cd8,2024-11-05T10:16,1,10.41,Online,Pending
f66422ba-73a6-4d4f-834a-258aaefe1ba3,8b115a34-224b-453c-be69-b53a7445b466,2024-07-15T10:16,4,45.92,Online,Completed
38cddc63-6cf0-4953-9449-7a3b7a13a271,69446e90-4237-4410-ab55-e011eb04cce0,2024-09-24T10:16,8,48.00,Online,Cancelled
f9b2bfe4-1d43-4441-b0e2-ba5312c7341e,485b65e7-fdf4-474d-afba-37986d8d3cd8,2025-09-30T10:16,8,42.96,Cash,Pending
09a6468c-d63f-4ae0-82b0-02279a64b8c9,3ab3404a-ee80-4ed2-8d90-a6f0dad14e48,2025-02-13T10:16,8,162.72,Card,Completed
fb02154e-8700-4fa2-a136-43bb1ecf1486,00d7ae70-0f46-4453-963c-4ab2a3d29314,2025-11-02T10:16,6,120.18,Cash,Cancelled
9b42a210-7d4e-4064-ad98-553727a87cf6,90f0db1e-2b19-43f7-ba17-233c7c214eca,2024-05-09T10:16,1,17.10,Cash,Completed
7b99dfe8-1774-4fed-9b3a-0d25433b7d20,63846b60-b7be-4087-ac6e-56c9bc130a20,2024-05-13T10:16,8,236.00,Card,Pending
27580ac2-a9c1-41b5-8c0b-69914be7ba03,7509850a-5062-4da9-aad6-bc5b9e363ef1,2025-07-17T10:16,1,20.72,Online,Pending
3ecde7a7-a65e-42b7-a231-cd34112b598a,e886c155-0dae-4b36-88f5-a86fa474d1f6,2025-01-30T10:16,5,61.05,Card,Cancelled
b61de47c-cacc-42ce-810c-729ad5a3509f,c0d74d86-5c5b-481d-b8e3-61eeb9c77255,2025-05-27T10:16,9,246.15,Cash,Cancelled
9c0605d1-245d-4572-9acb-1515518bdc80,73a2b03c-2dca-486e-8ebc-c4d6bb68a8c6,2024-07-25T10:16,2,12.90,Cash,Pending
bee53873-2dbf-4384-8edc-ee130defce04,a3f626b9-cc27-4c04-8570-be79ab8bda4a,2024-02-24T10:16,8,86.08,Card,Pending
4a02fa8a-3f56-497a-9da5-991f0c57fb9e,500fde18-ea61-4380-9ea4-f06d09985870,2025-04-17T10:16,9,70.02,Card,Pending
e9f8a186-f11a-4e8c-9473-270cd8926510,93cdeef1-3fc3-4a63-a275-0ae87ae6b335,2025-05-12T10:16,5,25.75,Online,Completed
ef05df78-838d-4a36-a8f1-b58db13a7832,4b14a58c-f1e4-40b6-888d-a88cd7055099,2023-11-14T10:16,9,253.08,Card,Cancelled
c030e2a2-e04e-45bd-a823-4063d944fb55,0b2a0e9a-e050-4380-b607-57adcbbf59d4,2024-08-30T10:16,4,76.48,Cash,Completed
a8e4dbd7-a6e7-4b05-b887-5f8668487940,983d66ae-c8b0-46b8-8abc-26a1055cf729,2023-12-28T10:16,3,65.25,Online,Completed
57bffa6d-519a-4d3f-b5bf-04658247bcac,824998a2-7592-4051-ab0b-d5e12743c93b,2025-05-30T10:16,6,40.92,Card,Pending
5249ca53-6812-43f9-bf5d-793818bd814e,b95f7619-fab2-4df9-8683-1f2aeb93a660,2024-03-06T10:16,2,44.44,Card,Completed
dd829e75-ab58-43c1-8ad2-2087da25cadd,e38afcd9-9e08-47ba-bc92-5ebb4bc271eb,2024-03-22T10:16,3,15.00,Card,Pending
1bdf4e56-f7a1-4cf7-9877-8cf40f09ede2,3befa4dc-d961-4a3a-9410-d43d1bdaa335,2025-03-12T10:16,3,88.41,Card,Pending
f9bb8e94-1859-49ee-8f3a-699ef904cc76,65b2c0ea-6192-47fc-9286-2c1dd3ecefb1,2025-09-01T10:16,7,47.39,Online,Completed
5fc075f8-f565-4a44-8443-f8d39e8c1dff,9c53f3f8-5b22-4d77-bd76-cfa6c70e443c,2025-08-17T10:16,1,20.63,Cash,Completed
6720ce6e-1667-49c1-9a4e-a28ae238eef2,6e551d53-4f6d-4b84-a9de-3d7c79694805,2024-01-02T10:16,4,62.52,Cash,Pending
16b2decd-1f49-4690-8170-e53689d38a4b,485b65e7-fdf4-474d-afba-37986d8d3cd8,2024-03-01T10:16,2,45.12,Online,Cancelled
fe3c1d7a-0e60-4dc3-9a1d-f3e53c939ff9,bb6bf39c-f455-4e08-a59e-1bdaaa91d4aa,2023-11-25T10:16,5,26.55,Card,Completed
85064560-872f-4fa6-b37a-f563b310f8eb,795088d7-d227-422e-ad8c-f048bde0675e,2024-08-05T10:16,4,110.04,Cash,Completed
6349188d-3883-4ed1-9d90-1234f93d491a,ebbc7df0-770d-44f8-b0ff-c62f9006e40e,2024-06-12T10:16,5,140.80,Card,Pending
5f06e137-580b-47f3-b5b8-0ba6b38b3354,8b546c63-5406-493d-bc69-cfb594b38267,2025-04-02T10:16,3,59.76,Cash,Pending
66531ffc-0f42-4c8a-91f6-b9cf91bfeaef,fbe227d7-6d32-4407-9783-7fdac983e55f,2024-02-20T10:16,3,67.68,Online,Cancelled
e9c203e5-9c0b-4832-b851-46398dc75748,21edfc22-3f73-4335-a774-3cf78ab65e86,2025-09-14T10:16,4,54.60,Cash,Cancelled
a8a9353d-dddd-423f-a094-da2cac31ff53,60cd80b6-3967-4dae-b4df-adc7b5644971,2024-06-10T10:16,4,79.96,Online,Completed
e7344951-b474-414b-a578-1f054dc71395,bb6ceda0-3f7a-4dfa-9862-41a88dd468b2,2025-02-23T10:16,2,45.02,Cash,Pending
281ddcbb-4977-424a-8bd4-01f583911bf8,983d66ae-c8b0-46b8-8abc-26a1055cf729,2025-02-10T10:16,9,77.13,Card,Completed
1a1457bf-5313-477c-91f7-b7b40ac614eb,d3f641e5-b8b5-4f5f-9155-7768df2033e8,2025-05-27T10:16,6,103.80,Online,Completed
28b80304-9d91-4333-9558-8967ebe8690c,0df3bae1-6384-4856-aa27-aef9f6c48b75,2024-06-07T10:16,3,51.36,Card,Cancelled
807f4449-6285-430c-8572-2c4a88d1fbb3,885715b6-b1eb-44ca-8460-28c0343e56f3,2024-06-19T10:16,6,75.66,Card,Completed
10b1fc72-296b-4907-9ada-09ca935c595b,000f9c8f-2fc7-4346-844d-c04f10751265,2025-02-09T10:16,2,24.28,Online,Cancelled
363a98d1-f2dc-40d9-b616-2a7c1e797cd8,5d6f84a5-a4de-442e-99b9-b8ef714b4436,2023-11-20T10:16,6,93.60,Online,Pending
9ec7d113-8853-440b-9205-ff0225193bdd,5400d214-6176-40bf-88d2-3f53ed38bf69,2024-06-06T10:16,3,73.86,Cash,Completed
f2dcec73-4f2a-40e9-8bca-2171e9a81f5c,205ea7f7-e714-45b8-a083-11247ff702a1,2025-07-26T10:16,5,72.65,Card,Cancelled
f2593609-10a5-4e2c-a53f-3a006c3b9557,6e551d53-4f6d-4b84-a9de-3d7c79694805,2025-07-01T10:16,7,63.07,Cash,Completed
510d523a-4eab-4974-8c1d-fb5879c9d83c,3e97fc93-73a7-45e0-9888-f7a03ee258a7,2024-10-14T10:16,8,85.28,Cash,Cancelled
86e53279-2888-487a-9898-3bb08ea20b05,795088d7-d227-422e-ad8c-f048bde0675e,2024-02-17T10:16,4,117.60,Online,Cancelled
7488b8ce-43aa-4bcf-be21-fa3d286794c9,485b65e7-fdf4-474d-afba-37986d8d3cd8,2024-10-23T10:16,3,35.28,Card,Completed
0c18a7bb-8ef1-4e99-a618-e26645ecec3b,14eace30-1ac2-411e-8eef-98e8f32a87fb,2025-05-30T10:16,4,98.00,Card,Cancelled
2ff423d1-0cd8-43d9-881b-294ee4fa5fbb,f6c35464-33dd-44a7-bf84-071f2e427045,2024-09-10T10:16,5,131.15,Card,Cancelled
e69bf95e-a81f-44bd-80ee-13dd375b6777,68169a66-a8d4-4763-914e-7befc826445b,2025-05-01T10:16,8,160.40,Card,Cancelled
56ee3bc9-841e-44b5-9bcc-ccc1bfe22a34,aac35608-9499-49c5-811a-a059e773c968,2025-09-22T10:16,8,73.92,Cash,Completed
050fcc11-a187-44c8-9fa1-62041531ab9d,401a6911-a31e-4892-adc1-56e3e1eb090a,2025-04-19T10:16,2,20.82,Card,Pending
f0f97017-ed85-414a-b1fd-1a158240293a,6e551d53-4f6d-4b84-a9de-3d7c79694805,2023-11-30T10:16,4,75.00,Online,Cancelled
0625f70e-ec59-4661-a789-3dec16881389,f90cf3ca-e2d0-4129-bc7a-e8a2b80880da,2025-02-25T10:16,2,29.72,Cash,Completed
5c7857b5-dedc-44d8-a92f-c4993ad8a902,d3f641e5-b8b5-4f5f-9155-7768df2033e8,2023-11-19T10:16,7,145.53,Online,Completed
93c759c4-648b-424a-8610-30818116de1a,0a15d43b-8f6b-444a-bef2-ffbddfdbd16f,2024-02-05T10:16,8,222.08,Cash,Pending
fa883393-e249-4790-ad88-b210d1ab940d,4bb2d776-14c0-4ef6-b8ba-c580cbed72b8,2024-10-02T10:16,3,75.84,Cash,Completed
15a04ce4-19c0-43be-9f70-87c5637c32bb,4717d2a3-4b2a-44f1-b960-a2b73e2d23fd,2024-01-18T10:16,7,108.92,Card,Completed
7b623900-7777-4449-b332-7c0f57885372,9b9edd1e-b4f7-414c-b8b5-a3dc51fa0a8c,2025-02-23T10:16,1,15.65,Cash,Cancelled
6068425d-a209-46d5-93b3-ad710dde6027,90f0db1e-2b19-43f7-ba17-233c7c214eca,2025-07-29T10:16,9,157.32,Online,Cancelled
b8a7cddb-c997-4902-a22e-32ccc56369d0,8250871a-2b35-424e-a1a1-4eb4faffabfb,2024-08-29T10:16,2,58.26,Card,Pending
ffa335e5-f117-4a1c-b657-6ee523f7642b,bb9edfa8-17f7-4f6f-8e3b-616693a298b1,2025-01-24T10:16,5,121.60,Cash,Pending
20db5e74-3483-4543-9d74-9491bc6c250c,9c53f3f8-5b22-4d77-bd76-cfa6c70e443c,2025-03-24T10:16,2,13.52,Online,Completed
f4014def-de23-4d5e-8fba-e60f5a2be5b1,1a48aa9a-def3-481d-922a-94300aa97309,2024-01-16T10:16,6,56.64,Online,Cancelled
ec62d536-73b1-4b41-a3f7-5e2719b70161,1a48aa9a-def3-481d-922a-94300aa97309,2024-10-25T10:16,6,38.22,Online,Pending
fba7a098-b315-49ff-b790-1fd185964ba4,500fde18-ea61-4380-9ea4-f06d09985870,2025-03-27T10:16,4,64.16,Cash,Pending
71fde7ff-b40a-4721-836c-aa4191593420,3910ab11-8758-4a4f-8a9b-c4f5df7413c4,2024-07-14T10:16,9,64.53,Cash,Pending
a119f0b0-4d06-4f3c-a459-4c097e9d3951,1a31c678-d420-495a-aff3-0f1609514e1e,2024-04-03T10:16,3,17.04,Card,Cancelled
377ff10b-51fb-4284-bf1d-df4d49bb17f7,8f7f530b-bb30-4a05-b437-744ed30af54f,2024-05-02T10:16,4,77.08,Cash,Cancelled
9b13f60f-9b5f-4856-b14e-f7675dbe4690,26d032f1-9fe9-487a-987a-a8be14e1db05,2024-06-20T10:16,8,197.36,Cash,Completed
98d05edb-c003-4d29-8751-bbd76df48c9b,0a5bd884-b432-4ce5-b14e-44b4aedd4c0f,2024-10-05T10:16,7,192.08,Card,Cancelled
ad39d6b1-40bf-44f1-a3a8-eb58fb2750a7,2ca088cd-c6c6-4e60-a1a4-d2990ee21b12,2024-03-09T10:16,5,110.05,Cash,Completed
01db7f86-6825-4c52-9ecf-d93266d99ff8,69446e90-4237-4410-ab55-e011eb04cce0,2025-06-27T10:16,3,35.94,Cash,Pending
c9ab34f6-142d-4f91-b459-aa96a8464ed2,b014b56e-3263-4b63-8430-46e00bc5ea77,2025-02-08T10:16,5,125.40,Online,Completed
b2694e89-e85c-4ac9-a39f-79eab63d8468,795088d7-d227-422e-ad8c-f048bde0675e,2025-08-07T10:16,7,160.65,Cash,Cancelled
2b71c2bc-cc91-4f18-bc3c-88a29ca85389,c63bd277-c81c-40c5-8720-6ce916d653c4,2024-02-10T10:16,9,188.73,Card,Completed
733333da-6025-4e23-b1c8-5316f4a9fe80,6c6a3b10-9747-4dca-a041-4edc22d147b0,2025-01-20T10:16,9,250.65,Card,Cancelled
fef17053-1ea1-4a8d-9075-082775a6083d,68169a66-a8d4-4763-914e-7befc826445b,2025-04-12T10:16,9,118.89,Cash,Completed
c3155d9f-8b00-4e0a-a2c8-a14a0c77fc5b,65b2c0ea-6192-47fc-9286-2c1dd3ecefb1,2025-05-16T10:16,9,55.17,Cash,Cancelled
094c1286-cdcf-4092-9d19-2720b568bcc0,0d463f72-c3a1-4a2b-8d0d-1721a0d1a06b,2024-01-27T10:16,9,90.90,Cash,Pending
7b27ea27-a691-4a15-af13-0a2a66b27987,4739f27f-7a96-4d52-83ae-0c6fd4c8c606,2025-01-17T10:16,8,228.08,Online,Completed
f681db5e-a954-4275-921a-012600b482d2,65b2c0ea-6192-47fc-9286-2c1dd3ecefb1,2024-12-23T10:16,3,83.16,Online,Cancelled
18c8f266-bd19-437a-8aec-4d40b54f6848,f543de06-e341-4de2-95ab-ca0fd3ee51fe,2025-10-06T10:16,3,46.74,Online,Completed
17571f5a-54b9-4b2c-ab17-60e4435bf50f,4739f27f-7a96-4d52-83ae-0c6fd4c8c606,2024-02-23T10:16,8,78.88,Card,Pending
2ad4072e-030f-4a80-a107-1ec9a2103e83,23650eb4-f98d-45a3-a90b-a378f03d469d,2025-09-21T10:16,1,8.89,Online,Completed
62bb591d-4ba8-4a53-90e1-e80818c5dca5,9b9edd1e-b4f7-414c-b8b5-a3dc51fa0a8c,2024-06-25T10:16,8,192.80,Cash,Cancelled
4b1c83e4-ff52-4818-b3e6-2918e208eb56,caca465c-e9f2-4add-91b5-24c70595e321,2025-09-14T10:16,2,19.88,Online,Cancelled
5ab767c2-b3ae-4ebb-a848-433fcd09c3a8,c63bd277-c81c-40c5-8720-6ce916d653c4,2025-06-10T10:16,2,52.36,Cash,Completed
6f30b91a-4bcd-4b30-a01c-ace2de2d6c6d,11526850-7335-463f-b740-a52a90457c3b,2025-03-20T10:16,6,127.56,Online,Cancelled
349df3ac-e8ed-451e-b63a-d1f4b00f0092,14eace30-1ac2-411e-8eef-98e8f32a87fb,2024-08-12T10:16,2,59.16,Card,Completed
b5ed447d-8d0a-47b3-ae0b-7cc91664605e,52c87fd9-fdf0-4256-b929-6153ad24a0ac,2024-04-27T10:16,1,16.74,Card,Pending
e82e0279-ed69-46c1-8751-2af99ad738b7,b03f75c1-655f-4480-a2bf-1a0af806e96e,2024-09-18T10:16,7,185.50,Online,Completed
84a18d21-692f-4477-a5c0-5f6ac6886142,4739f27f-7a96-4d52-83ae-0c6fd4c8c606,2024-09-17T10:16,4,81.52,Online,Cancelled
02bbeaf3-4533-47ec-a03e-39729ad986be,a190f67b-21df-46bc-8164-46bdfa00af85,2024-07-04T10:16,2,44.98,Online,Pending
15146d08-c0ff-4997-9bfa-dd7b7c6e4252,b90a3a7f-421e-47e5-8598-fe50f365a62e,2025-02-10T10:16,1,18.99,Cash,Pending
42c39bdc-f10c-4a63-96c4-b85edbefc079,26d032f1-9fe9-487a-987a-a8be14e1db05,2024-10-20T10:16,4,82.76,Cash,Pending
959b8322-1873-48b1-9ec4-500b52931d05,9b9edd1e-b4f7-414c-b8b5-a3dc51fa0a8c,2024-04-29T10:16,3,84.21,Online,Completed
3d470ad5-52cf-44cc-b2c3-aa2b86f14b18,f90cf3ca-e2d0-4129-bc7a-e8a2b80880da,2025-05-22T10:16,9,157.77,Online,Completed
93000628-4d7e-480b-9e4a-9b5c58e23a70,6945f6f4-b8f9-4d04-90ff-e59ed705578e,2025-06-03T10:16,5,137.05,Card,Pending
e8c72871-38a6-4843-9f64-58c220019bd8,6e6d2c67-f7fb-4a98-8f9a-4822259b25c4,2023-11-24T10:16,6,39.00,Online,Completed
e32623a6-d945-40ad-9a4b-f33a20507302,7509850a-5062-4da9-aad6-bc5b9e363ef1,2024-06-02T10:16,3,19.02,Card,Completed
380ddbd0-87e1-42f4-be94-3d3932fb9368,59827b2a-ae17-44b1-bd6f-6f08718559cb,2025-07-12T10:16,9,108.81,Card,Completed
b7e2c8ab-8666-4760-bbb7-9953358368b4,c46351bf-193f-49af-a5d6-456188837c3d,2023-12-06T10:16,3,54.18,Cash,Completed
b9e78806-2793-4361-8976-ff757ac7ae0f,a3f626b9-cc27-4c04-8570-be79ab8bda4a,2024-08-09T10:16,1,5.13,Cash,Cancelled
87874ef0-db96-4a9d-ade3-d9cf736b2dbe,428424b7-1f94-496a-8b7a-497ce177d32c,2025-04-11T10:16,4,48.76,Online,Pending
73ce91d9-1927-4997-85a1-2e471d7d45b0,56a75a3e-a944-4147-8cba-f1024726993f,2024-01-02T10:16,8,77.92,Cash,Pending
76c2175a-fdb3-49a3-b7c5-4dff73592872,6bd388d4-5636-450b-bacd-55bdcb769bab,2025-06-28T10:16,3,69.03,Cash,Completed
fd012978-e31c-4ee7-9587-9316e35ca954,0fcf4084-ea31-49f8-99f9-9bf8c8b0c16b,2025-04-09T10:16,8,86.24,Online,Cancelled
880f1589-7703-4163-95c9-63599b2addc2,0a0ac3e5-6e20-4fbc-87ec-5481c70e38bc,2024-12-29T10:16,3,57.63,Cash,Pending
168d26e2-244d-4e46-b73a-ef5fd6d2691f,11526850-7335-463f-b740-a52a90457c3b,2024-02-25T10:16,3,41.73,Card,Cancelled
7271d18b-850d-41ba-8288-4af45e75b26a,8f7f530b-bb30-4a05-b437-744ed30af54f,2025-02-10T10:16,9,200.97,Online,Pending
174a1a73-ede7-42d7-95ce-19f67d8b5771,8e1bbe6c-7b75-46dc-8ca1-0b1664cd6ae4,2025-01-12T10:16,3,23.40,Cash,Cancelled
67b84a1c-3ab0-4e37-842f-6ecd3339a828,b04ce307-2d1f-4214-b023-d8f4379041a1,2024-01-04T10:16,7,174.51,Cash,Pending
a0f5a39f-135c-49c1-a5a3-061d5cc89be7,7509850a-5062-4da9-aad6-bc5b9e363ef1,2024-07-10T10:16,4,25.24,Online,Completed
f897fa99-2383-4c75-9eac-fa06be9bb661,1233cc27-7567-48e0-8dd2-6b0019506c2f,2025-08-10T10:16,7,155.89,Online,Completed
4a7389a5-9a66-4413-9fb8-fb13ce65348d,0a5a9fc7-e126-48f0-99aa-dea85c606f66,2025-09-10T10:16,2,55.42,Online,Completed
eaf81a1a-7206-4ac5-a56b-dfc0563f9d7f,4e6807ca-aed8-4ec9-b1b0-0e3aba57efb1,2025-09-12T10:16,5,111.30,Online,Pending
d9eac92c-1497-4690-b0c6-b69ecb655874,6c6a3b10-9747-4dca-a041-4edc22d147b0,2025-03-30T10:16,9,82.08,Online,Cancelled
6616184e-56d4-456c-ad82-d56fb72a72ba,7a2e5fa5-096b-4701-8ce6-7a3db39bf8eb,2025-09-25T10:16,9,149.85,Cash,Completed
a9b7d6b2-5a1e-42b9-90de-0922cb632b35,0b2a0e9a-e050-4380-b607-57adcbbf59d4,2024-12-28T10:16,4,86.88,Cash,Pending
6bf643f3-917b-4422-b93c-265512c31342,7509850a-5062-4da9-aad6-bc5b9e363ef1,2025-02-20T10:16,7,147.84,Card,Cancelled
3e0cd9c6-cc5e-413b-8617-66710a2ef9d0,1d32c3b3-c732-4995-aa6b-ff159deb3bdf,2025-02-11T10:16,4,35.60,Online,Cancelled
3e18b0aa-5aa0-4b48-a35a-965d5a500088,10b26c2d-7d56-4175-84a8-a2775e128a9d,2025-06-07T10:16,4,103.56,Online,Pending
c26959dd-a366-4132-abb4-ca2523f4837a,e6cb1215-5314-4d05-bfd1-f6e5d36e89f7,2025-03-05T10:16,9,250.20,Cash,Pending
aa198f31-c817-4a43-9fa7-011e043238aa,e119f98a-df63-41dc-8e01-bb49ca2dc724,2024-12-18T10:16,4,42.96,Card,Completed
53683009-03f6-4a98-9f36-046019c7014e,824998a2-7592-4051-ab0b-d5e12743c93b,2024-05-11T10:16,3,76.14,Card,Pending
ddfb9e9c-6485-46ea-9208-934c36a997d2,b6c26110-1b77-4777-8c79-c69ec19b66df,2024-11-14T10:16,6,95.88,Cash,Pending
20194fe5-cf8a-425d-a5f9-831ec2dec7dd,983d66ae-c8b0-46b8-8abc-26a1055cf729,2024-10-25T10:16,8,62.32,Card,Completed
b99d01f7-503d-4c01-8ec0-95ce663ad55a,8e1bbe6c-7b75-46dc-8ca1-0b1664cd6ae4,2024-03-13T10:16,9,59.40,Online,Cancelled
0dbcc2e1-140d-42c5-bb71-031119cfa9e4,caad7924-4bc5-4f85-9662-11ca261e3c87,2023-11-17T10:16,4,103.76,Cash,Cancelled
e4c65500-ec42-401d-acac-283fc3e67da5,6b1178fc-1745-401d-88da-3903c243ebe9,2023-12-04T10:16,8,102.40,Card,Cancelled
a7098570-d887-42f4-9dc9-c03685616f5e,885715b6-b1eb-44ca-8460-28c0343e56f3,2024-05-20T10:16,6,103.26,Cash,Completed
4db8c8c7-4c43-4830-9de5-c664ab6ef289,0472ca7f-b133-4710-8f43-24a3c6c1afd1,2024-06-15T10:16,7,135.17,Card,Cancelled
0c851ab0-008f-4680-aa8e-90dafc29665e,0a570207-0f70-467f-bbeb-44a0a60a9a25,2024-11-03T10:16,8,88.32,Online,Cancelled
301df244-2acc-4733-99e3-5bcf02831b6f,4e6807ca-aed8-4ec9-b1b0-0e3aba57efb1,2025-04-11T10:16,7,147.07,Online,Pending
ea6a6e34-4bce-4fbd-91cd-6abc94760c50,1a31c678-d420-495a-aff3-0f1609514e1e,2024-05-26T10:16,9,117.27,Card,Completed
70b3f154-6429-44c8-a07b-4ea01f05fe13,0a0ac3e5-6e20-4fbc-87ec-5481c70e38bc,2024-11-29T10:16,1,25.30,Cash,Completed
2ca8e007-a778-4601-aaaa-2c48ee89d2ef,4b14a58c-f1e4-40b6-888d-a88cd7055099,2024-06-05T10:16,6,100.86,Online,Cancelled
2f59e280-af3f-4e4f-a14f-760efefbf47c,e85d0261-2d97-4475-a749-363ec9040a74,2025-04-13T10:16,7,90.37,Online,Completed
b0b35239-2e4f-4aca-be7c-1ace3031cf17,fbe227d7-6d32-4407-9783-7fdac983e55f,2024-12-17T10:16,6,57.72,Card,Cancelled
725015c2-f2c1-4cf1-83e0-1e1336d6a5a3,67c276b0-7be6-4f3c-bf86-c342095c8112,2024-09-07T10:16,2,36.28,Online,Cancelled
eccfd631-7b24-469f-a765-b86b60f0c080,cf65c4b6-4c1c-420b-95de-23e5b56ffad5,2025-08-03T10:16,4,30.92,Card,Pending
8a138fad-d3e4-49f6-9661-546fc658fdb6,60cd80b6-3967-4dae-b4df-adc7b5644971,2025-04-20T10:16,2,39.36,Card,Pending
57ff1254-a4f3-4367-8239-84a2211e1dc3,d5eaf6a7-76cc-48ec-98d9-ba713e2df70f,2025-04-12T10:16,8,155.28,Card,Completed
849dfa56-3b1f-4a3e-b61b-f25efaae4fba,39cb44e2-a541-4b98-bc0b-db5f31cf8710,2024-10-02T10:16,9,139.05,Cash,Pending
a7a3073f-8e58-4397-9b59-12d340489c40,52fbb114-83aa-432d-b2f1-f3e37a5c4754,2024-04-25T10:16,8,49.44,Card,Cancelled
1085e164-ead0-4f3c-8d73-bced780dd96b,0dd437d0-74fa-43c3-8909-5c955e4d47dd,2024-07-08T10:16,9,268.56,Cash,Cancelled
c95374cc-6417-4faf-9036-b56bb593bed1,9b9edd1e-b4f7-414c-b8b5-a3dc51fa0a8c,2024-08-08T10:16,1,5.11,Card,Pending
60f666fc-c06e-4498-a771-92bbfc33495a,3910ab11-8758-4a4f-8a9b-c4f5df7413c4,2024-05-20T10:16,8,119.44,Online,Cancelled
14ee837f-953b-4b0c-9c43-0dfb71c33b9b,4b14a58c-f1e4-40b6-888d-a88cd7055099,2024-01-20T10:16,3,79.26,Cash,Cancelled
e334cd41-39c2-47bf-9189-a0994fccb485,205ea7f7-e714-45b8-a083-11247ff702a1,2025-10-11T10:16,6,150.06,Card,Cancelled
b85d12e6-f596-4e9c-81fd-a4d9dffcb117,cb8747c7-32ca-4b6b-868d-13ab01d953ec,2024-04-20T10:16,4,112.60,Cash,Completed
eb2455e6-9568-4236-bab1-5ad827d50e3d,bb6bf39c-f455-4e08-a59e-1bdaaa91d4aa,2024-07-31T10:16,3,86.85,Card,Pending
cc07dd8e-c6db-439e-8344-7ad999452c04,4bb2d776-14c0-4ef6-b8ba-c580cbed72b8,2025-07-18T10:16,9,149.04,Cash,Completed
3c8194a1-bca7-4990-bfc9-5dbb38927a24,1a31c678-d420-495a-aff3-0f1609514e1e,2025-05-02T10:16,5,85.15,Card,Completed
aefbb59d-79dc-4f47-84d8-5444d120ddc4,964d337f-acd5-4ca2-8843-9be3f2eb60fc,2024-04-10T10:16,3,15.84,Card,Pending
92506922-b456-4b7f-a1ca-9c6ff0535dcc,c9dcc28a-ae5f-477c-ae7e-72d94129f449,2024-10-18T10:16,3,77.55,Online,Cancelled
bbac8e6a-8738-47cc-acb5-da59d8bf398a,6f61ca8e-51a1-48e0-abfa-88326e713e34,2024-09-03T10:16,6,168.36,Online,Pending
e81a0f0a-ecbc-4250-bd6a-c6ca020ee580,1d32c3b3-c732-4995-aa6b-ff159deb3bdf,2023-12-29T10:16,3,44.94,Card,Pending
7875db3b-00c0-47f5-b51c-fcd7077d4732,49af098b-bf79-4643-8e49-739ea932d38b,2024-04-01T10:16,5,33.95,Card,Pending
23100428-6c0b-4a9d-a10a-657946e36732,103fcba5-5588-45a5-9fe0-6ac948d3860e,2024-11-15T10:16,2,31.48,Online,Pending
69808d7f-553f-4268-acd9-82d3259e2b04,4f6ae324-5b6d-47d6-a86d-26ec6fbe1e0e,2024-08-28T10:16,8,191.76,Cash,Pending
7cd89318-41b8-4c28-a6b5-443ec0b23f2b,73a2b03c-2dca-486e-8ebc-c4d6bb68a8c6,2024-10-04T10:16,5,68.90,Online,Cancelled
eb1b46ec-1b73-40e6-a7bb-619770a5a072,f90cf3ca-e2d0-4129-bc7a-e8a2b80880da,2025-04-07T10:16,1,29.97,Card,Pending
09c1d48b-cf1d-4500-acf1-5ecbf83d04e2,7509850a-5062-4da9-aad6-bc5b9e363ef1,2023-12-16T10:16,2,58.14,Cash,Pending
6a30dec4-84f9-4bce-9ff2-f9e6f9df6bdb,d5cfb1a3-ce2f-4aff-ab4c-50e0c5426af1,2024-05-06T10:16,9,79.92,Online,Pending
06003217-3176-4f75-b96f-4440f9dc2846,a190f67b-21df-46bc-8164-46bdfa00af85,2025-01-15T10:16,3,83.94,Cash,Cancelled
fc72570e-c403-4fd4-bd66-c941b307116a,0df3bae1-6384-4856-aa27-aef9f6c48b75,2024-11-01T10:16,4,32.20,Online,Completed
2487dd72-4b59-409f-b9e6-42e6c0cdf11e,0a5a9fc7-e126-48f0-99aa-dea85c606f66,2024-04-26T10:16,4,101.84,Card,Cancelled
7e64cec4-5371-4d55-910a-16e1d959b1f5,e38afcd9-9e08-47ba-bc92-5ebb4bc271eb,2024-11-25T10:16,5,68.85,Card,Pending
164f30bc-9b25-4f66-ac83-d408a0fbd1d1,09ba4183-1b94-4f8c-bc5f-eca421a88524,2024-04-04T10:16,7,179.06,Card,Completed
a1b26c43-8a59-44cd-a738-4219326bcf1d,0b2a0e9a-e050-4380-b607-57adcbbf59d4,2024-04-15T10:16,5,44.35,Online,Pending
b480f00f-dfbc-44df-9ecc-2ae75ecb0e3e,65b2c0ea-6192-47fc-9286-2c1dd3ecefb1,2024-02-14T10:16,2,42.92,Online,Cancelled
a5fb173a-a6cb-438a-afc9-a408dd475717,824998a2-7592-4051-ab0b-d5e12743c93b,2025-06-23T10:16,8,132.40,Card,Cancelled
af7f696b-bdfd-4e49-833d-db0e62da8e9f,ff4db0d8-e809-46e8-9ae0-78ffee4902d9,2025-09-07T10:16,2,33.00,Card,Cancelled
b8cdd5e6-f693-4cc3-86e1-3ef3f9a939ac,b3688304-b24b-416a-9bf4-c2b6aaeb59d3,2024-04-03T10:16,6,55.56,Online,Cancelled
cb5e0a6d-4d34-4577-a0c8-2ebcbd66bdae,0a15d43b-8f6b-444a-bef2-ffbddfdbd16f,2024-01-02T10:16,1,22.35,Cash,Cancelled
289ba417-db4d-4399-9e14-aa91402e098a,6e551d53-4f6d-4b84-a9de-3d7c79694805,2024-05-03T10:16,8,199.92,Online,Pending
138b627f-b8c9-40d1-8e50-642ed96c2aa4,d5cfb1a3-ce2f-4aff-ab4c-50e0c5426af1,2024-10-07T10:16,4,41.28,Online,Completed
1b155fc3-f414-4766-bfcf-6a4b6bec5eff,e38afcd9-9e08-47ba-bc92-5ebb4bc271eb,2025-03-13T10:16,9,221.76,Cash,Pending
0bd79390-bf7d-40af-a164-c6b32a74575d,11526850-7335-463f-b740-a52a90457c3b,2024-02-28T10:16,7,73.50,Online,Cancelled
f3ff8cca-6291-45db-ac0f-4248f47cc430,ff4db0d8-e809-46e8-9ae0-78ffee4902d9,2024-01-25T10:16,4,106.48,Online,Pending
32d23081-27ae-4c8e-99b0-09dd4c6c1286,68169a66-a8d4-4763-914e-7befc826445b,2024-10-27T10:16,4,91.32,Online,Pending
c2612568-b67b-4978-83ab-7826f9619029,e85d0261-2d97-4475-a749-363ec9040a74,2024-03-02T10:16,5,98.60,Card,Completed
e4ae0d7d-aec2-46d2-8b35-bfa2fbb2b5fb,1a48aa9a-def3-481d-922a-94300aa97309,2024-05-07T10:16,7,146.51,Cash,Completed
ed106085-9ce4-4e6e-8339-ea3f681e797b,52c87fd9-fdf0-4256-b929-6153ad24a0ac,2024-04-03T10:16,3,69.69,Card,Cancelled
17dce18c-99ea-4f38-9e57-a066e8819726,3910ab11-8758-4a4f-8a9b-c4f5df7413c4,2024-12-13T10:16,1,7.71,Card,Completed
5a1109b2-4620-41a4-8914-28c3b49874de,e12c3d24-86c8-474f-b86b-370df36adbfe,2025-01-12T10:16,5,44.90,Cash,Pending
49b12dc5-0e8a-4b1b-a898-2da13a6cc25e,6e551d53-4f6d-4b84-a9de-3d7c79694805,2025-07-01T10:16,8,130.40,Cash,Pending
2802a389-5449-4e4c-ace3-cc1b83085a88,7d2df59f-386d-4aec-85a8-2443262a0cb4,2025-01-11T10:16,2,29.50,Cash,Pending
0ee87d94-e6d3-4051-8614-fe549028fd2c,10b26c2d-7d56-4175-84a8-a2775e128a9d,2023-11-17T10:16,5,64.50,Online,Cancelled
e7242cf8-1688-4a70-a0d2-01bb1ed950ee,a5ffc907-be77-43e6-8694-4a0bf09bd3fb,2024-12-29T10:16,2,21.26,Card,Pending
f7aee256-fef5-4740-aa03-a8e94b0b8496,e119f98a-df63-41dc-8e01-bb49ca2dc724,2025-08-30T10:16,8,235.04,Card,Completed
ac8c1176-e2b8-44b5-861f-e6c868a18d73,5eb75bc0-d5fa-4209-9d42-7767f3f0585b,2025-07-15T10:16,1,8.36,Cash,Cancelled
5d0e82f3-7099-488d-ab23-b81e5a139b11,e7991221-0de0-4ef8-aa9c-ca3b59197059,2024-12-29T10:16,6,151.38,Cash,Cancelled
56009e8b-3c35-4b7b-ba53-0cdbc1fccf62,69446e90-4237-4410-ab55-e011eb04cce0,2025-05-25T10:16,9,126.36,Card,Completed
e42f45ff-8f07-4c94-a3ef-567e601e0973,a3f626b9-cc27-4c04-8570-be79ab8bda4a,2025-05-30T10:16,6,37.20,Card,Cancelled
67446702-0ae2-4b63-a49e-f52b6d50c933,e277d099-db2a-4aee-ab86-8b0e73a34383,2025-10-24T10:16,5,90.35,Cash,Cancelled
2f76c9b7-a22e-4f52-b55f-cce06f84da2f,b95f7619-fab2-4df9-8683-1f2aeb93a660,2024-11-25T10:16,5,70.85,Online,Completed
cf8fec12-8279-4e6d-ada3-14903d245609,25659c0e-6eb5-4c57-add8-fb6ac5f42699,2024-11-16T10:16,6,76.74,Online,Pending
81e25848-072c-460a-a710-cbf91b9f62bd,67c276b0-7be6-4f3c-bf86-c342095c8112,2025-03-22T10:16,2,20.44,Card,Completed
73c1ec56-3921-4901-a80d-c6e238659785,365c90d0-a590-4209-9401-2ce55af5ed98,2025-09-07T10:16,8,157.04,Cash,Pending
26364b99-fe82-4d17-89ce-fdeb8e6b8e4b,11526850-7335-463f-b740-a52a90457c3b,2025-10-21T10:16,6,107.64,Online,Cancelled
0e08a9dd-0b6d-4534-995c-b23a718a69f2,6b1178fc-1745-401d-88da-3903c243ebe9,2025-01-06T10:16,4,93.08,Online,Cancelled
9bf1eea8-537e-4092-b3cf-638480681f4f,b95f7619-fab2-4df9-8683-1f2aeb93a660,2025-08-23T10:16,4,51.12,Online,Pending
8249ee24-cd03-48d9-bb10-41902cc2db27,0a570207-0f70-467f-bbeb-44a0a60a9a25,2024-11-14T10:16,7,103.39,Cash,Pending
5f5b269a-35a7-469e-9df8-061b6a76527c,3dcaabe3-78c9-4d88-bed5-56ca7ceea07c,2025-04-24T10:16,1,24.43,Cash,Completed
ff59bb09-3667-4a7a-bda4-86f49145166d,c0d74d86-5c5b-481d-b8e3-61eeb9c77255,2024-09-01T10:16,6,160.50,Cash,Pending
688e3c44-94c2-49bf-80d7-fa3b38f0c3c8,ef7fad1f-a86f-4ee1-95b4-ce1f339f0fa5,2024-09-13T10:16,7,56.77,Card,Pending
a1a8ae33-eab2-4c9b-b885-101093e8e5af,74e76582-f1b8-4560-b049-8aebb59d4721,2024-10-09T10:16,9,194.22,Cash,Cancelled
3b6c70d9-0ea4-4e4f-8309-e9ba9a79e7dd,4e44f26d-5455-405b-8fdb-63ab8b739ecf,2025-02-18T10:16,7,167.58,Card,Completed
dad5b19e-ca08-4aee-bd35-e272e290180c,23650eb4-f98d-45a3-a90b-a378f03d469d,2025-04-11T10:16,4,115.88,Card,Cancelled
88da995a-ee86-4f0f-9a86-1bb0caf6e572,b03f75c1-655f-4480-a2bf-1a0af806e96e,2025-05-13T10:16,7,141.05,Online,Completed
e02ce95f-319e-4c78-8e24-aad2a26d7480,bf0de251-90d7-423c-8b31-48df1a89964f,2025-01-03T10:16,6,81.42,Card,Completed
25d05e21-39f6-46de-8436-4e2726e29578,2c6dafc9-06cc-4b3d-8b8d-12aae0644c58,2024-01-06T10:16,6,96.18,Online,Completed
42772ee1-9389-419a-8eb3-9ac535d1fc67,9305d562-2505-493d-8ed8-3fb721c8f491,2025-10-23T10:16,4,92.16,Cash,Pending
00505a14-a83d-4dc3-b73f-bb155645d369,ff4db0d8-e809-46e8-9ae0-78ffee4902d9,2024-05-15T10:16,8,225.92,Online,Completed
071174e4-9221-4eea-b3fc-87833ab9a638,ef7fad1f-a86f-4ee1-95b4-ce1f339f0fa5,2024-12-25T10:16,2,30.36,Online,Completed
d50dce56-aa68-4366-bc08-1dd55434dfb4,bb9edfa8-17f7-4f6f-8e3b-616693a298b1,2024-07-06T10:16,9,133.38,Cash,Cancelled
ba205964-1fc4-4d0e-9fdb-a3a7250f805b,93cdeef1-3fc3-4a63-a275-0ae87ae6b335,2024-04-01T10:16,1,12.90,Cash,Cancelled
d888020d-4804-47fc-9e09-78a6f458181e,d5cfb1a3-ce2f-4aff-ab4c-50e0c5426af1,2024-11-13T10:16,6,104.76,Card,Completed
90480acf-e4bf-4d73-b168-3c8fbb2bdd89,74e76582-f1b8-4560-b049-8aebb59d4721,2024-08-28T10:16,4,40.16,Online,Pending
2874a960-132c-4afd-a79b-90e3c8a14ac9,bb9edfa8-17f7-4f6f-8e3b-616693a298b1,2024-08-06T10:16,1,5.05,Online,Cancelled
384b6338-75da-4051-a5ae-4a05617b7ecc,f90cf3ca-e2d0-4129-bc7a-e8a2b80880da,2023-11-18T10:16,7,185.29,Cash,Pending
c0254af4-9e1a-4116-9896-127a0de216fa,7509850a-5062-4da9-aad6-bc5b9e363ef1,2024-10-12T10:16,7,174.79,Online,Pending
e096c271-fd00-4d9a-b6e4-23258c60461a,7a2e5fa5-096b-4701-8ce6-7a3db39bf8eb,2024-03-24T10:16,7,134.96,Cash,Cancelled
990c746b-2c0f-49cd-8118-47cbf68b51ba,c5817fdc-a4dc-4879-b957-30cfda62016b,2025-11-09T10:16,9,162.90,Card,Cancelled
06c0b02e-d558-441d-9f23-4ffdd78eb303,56a75a3e-a944-4147-8cba-f1024726993f,2025-01-24T10:16,4,85.52,Cash,Completed
87ad3a35-c0e5-4c25-a375-eb65090a4449,60cd80b6-3967-4dae-b4df-adc7b5644971,2025-10-27T10:16,6,80.28,Online,Completed
718aedd5-4aa4-48ae-9a41-5f7c18f28bb7,f90cf3ca-e2d0-4129-bc7a-e8a2b80880da,2025-10-01T10:16,8,74.40,Online,Cancelled
72fede7e-7880-49f0-bf5c-149f478de1d4,8b546c63-5406-493d-bc69-cfb594b38267,2024-11-16T10:16,5,53.40,Online,Cancelled
440ed810-594e-475d-9df1-a04d4ec3d8eb,e38afcd9-9e08-47ba-bc92-5ebb4bc271eb,2025-09-16T10:16,4,115.12,Cash,Completed
03c8ed1d-22ab-4d2b-ab55-d14b645f6768,c63bd277-c81c-40c5-8720-6ce916d653c4,2024-07-26T10:16,1,5.03,Online,Completed
e042408b-0b94-49fa-881d-e2a5e914ab97,205ea7f7-e714-45b8-a083-11247ff702a1,2025-05-13T10:16,1,8.03,Online,Cancelled
79db03f4-2e09-4e29-8db0-1e3a757629aa,e886c155-0dae-4b36-88f5-a86fa474d1f6,2024-12-07T10:16,8,119.68,Online,Completed
45d4f20f-fa4c-4127-8778-b332d9e5308a,1a31c678-d420-495a-aff3-0f1609514e1e,2025-09-19T10:16,4,111.40,Online,Completed
297ac663-c92c-472c-90c5-ab804ca6a021,92da274a-bea2-490a-bb52-196c46fa8487,2025-07-27T10:16,9,49.23,Online,Completed
2c159f9b-8c10-4336-b10f-be1ce3f90f0a,d33bbfcd-a2ca-4e80-8a1c-65223f061e7e,2025-09-19T10:16,9,83.34,Card,Cancelled
3a776575-2ca1-401f-97f0-b3c497bb72fc,1d32c3b3-c732-4995-aa6b-ff159deb3bdf,2025-04-13T10:16,8,187.68,Cash,Cancelled
0bf0afc8-3061-40d4-8775-bd73a9bab95e,00d7ae70-0f46-4453-963c-4ab2a3d29314,2025-05-15T10:16,9,68.31,Online,Completed
e7a04faf-9249-40d6-9fe9-67fd97429474,aff4340c-d102-49ba-af8e-84d2737ce82c,2023-12-07T10:16,1,11.41,Online,Pending
74347b79-86be-4476-bab2-cad6a3ec1573,ada8704c-2784-4d70-84da-10078407d2c8,2024-11-09T10:16,9,182.16,Card,Completed
42a5f5fa-0c7e-403d-9dc8-5bdf31fee7d2,0130fcd4-a6cf-4a72-8400-7bcae1abce34,2025-02-18T10:16,3,37.23,Card,Cancelled
5bed3482-38da-4c86-8d3f-a501e84596bc,f3826f04-0dfa-4266-8002-58fede0093f5,2024-04-13T10:16,6,137.22,Online,Completed
a85f41d6-8c0a-4024-84e5-ba3083c9be54,93cdeef1-3fc3-4a63-a275-0ae87ae6b335,2024-08-21T10:16,2,58.42,Card,Completed
bdedb21e-ea39-434d-9cce-a4ac0801f090,77ca464a-fe0d-4dcc-8f08-3eb2f7b64f76,2024-07-27T10:16,4,43.88,Card,Cancelled
436229cf-35e3-4283-b2a8-6a35c5d301bc,77ca464a-fe0d-4dcc-8f08-3eb2f7b64f76,2025-06-11T10:16,8,45.44,Card,Pending
c5b9d537-7021-4387-95af-bdc5ee5a00ed,bb6bf39c-f455-4e08-a59e-1bdaaa91d4aa,2024-05-24T10:16,3,65.67,Online,Pending
d5abba8c-4034-46cb-b9f7-30de53ab2ef8,a3f626b9-cc27-4c04-8570-be79ab8bda4a,2025-06-10T10:16,4,40.08,Cash,Completed
c84a03f4-8d55-4486-b89d-0f753efe365f,3e97fc93-73a7-45e0-9888-f7a03ee258a7,2024-03-02T10:16,5,134.90,Card,Completed
90f9c35a-e9fc-4268-bf03-744fb8b71e0d,d3f641e5-b8b5-4f5f-9155-7768df2033e8,2024-04-16T10:16,3,26.55,Card,Completed
796b3831-330d-47bf-8a3a-ef8b5f3097dc,0fcf4084-ea31-49f8-99f9-9bf8c8b0c16b,2025-06-16T10:16,7,108.92,Online,Cancelled
44ea4e83-90c7-4353-925f-0214040379a5,209e786b-2a61-4e52-a3b2-1cc98bcbf18c,2025-03-26T10:16,8,180.16,Cash,Cancelled
5400c27a-a150-4f66-8afb-286494450b32,5400d214-6176-40bf-88d2-3f53ed38bf69,2025-04-09T10:16,8,176.08,Card,Completed
364d7928-99ca-4d81-9ef3-1da28a629ac9,7509850a-5062-4da9-aad6-bc5b9e363ef1,2024-07-17T10:16,3,40.20,Cash,Pending
7f9dc430-053c-46a6-9caf-69b026168aca,9b9edd1e-b4f7-414c-b8b5-a3dc51fa0a8c,2024-06-25T10:16,9,46.35,Card,Pending
3ef085fe-e9d7-4ae0-943e-aad55e3b2d1d,a5ffc907-be77-43e6-8694-4a0bf09bd3fb,2025-01-27T10:16,8,191.36,Cash,Cancelled
716ee54a-8579-4162-b1fd-e15b4b99514a,1a31c678-d420-495a-aff3-0f1609514e1e,2025-01-23T10:16,8,230.48,Cash,Cancelled
76694ab7-f6af-4aaa-a10e-a0004f8aaeea,ebbc7df0-770d-44f8-b0ff-c62f9006e40e,2024-07-25T10:16,2,32.66,Card,Completed
8324de53-3de8-414d-9da6-8330c1aa9519,050d9901-1cb5-413a-9c31-282028f863c1,2025-05-30T10:16,7,135.38,Cash,Cancelled
326336e8-908a-4259-877a-b8092c95174c,fbe227d7-6d32-4407-9783-7fdac983e55f,2025-09-09T10:16,7,56.07,Card,Completed
bda63d37-2f54-4363-91bd-1cc1ead0fd20,4bb2d776-14c0-4ef6-b8ba-c580cbed72b8,2024-08-06T10:16,8,167.84,Cash,Pending
90c71465-bf36-460d-8ccb-fdd235b0b872,05ccd8a5-ea5f-4353-bd1e-3022152b0685,2023-11-26T10:16,3,24.12,Card,Cancelled
bb147ff2-4912-4e95-9b7b-403e52efdb8f,74e76582-f1b8-4560-b049-8aebb59d4721,2024-07-02T10:16,2,23.78,Online,Pending
2705fdfe-ab82-4ca3-ab2f-d1c1165e375b,5eb75bc0-d5fa-4209-9d42-7767f3f0585b,2025-10-02T10:16,9,237.96,Online,Pending
c38022f2-cf70-434e-abd7-4f12e3b52bbf,ada8704c-2784-4d70-84da-10078407d2c8,2025-03-07T10:16,3,86.55,Online,Pending
b105f7ca-7caf-4cf8-9247-ec49701fdd6b,050d9901-1cb5-413a-9c31-282028f863c1,2025-08-29T10:16,7,147.63,Card,Cancelled
f302fd20-2b9c-4bfb-9479-24fa1632f901,6bd388d4-5636-450b-bacd-55bdcb769bab,2024-11-12T10:16,5,31.85,Card,Completed
c79ea052-5838-4b27-a4c2-75d9cfd12cb3,910b1d47-5c37-48b1-8bde-96c60660f1d7,2025-09-12T10:16,4,71.16,Online,Cancelled
ed62cf40-d18a-4951-8718-47a9e1f04e85,bfa3444b-2be9-46be-b944-720d86a59770,2024-08-16T10:16,8,239.84,Cash,Pending
e61b94be-f380-4099-ac10-1a6ef7e70b3b,428424b7-1f94-496a-8b7a-497ce177d32c,2024-07-22T10:16,8,121.92,Cash,Completed
ae769591-645b-4ac8-9d93-6a7dd1fa7d40,050d9901-1cb5-413a-9c31-282028f863c1,2025-05-06T10:16,9,145.35,Card,Pending
662c3ee1-f94e-4c75-b18e-54330966be66,d5cfb1a3-ce2f-4aff-ab4c-50e0c5426af1,2025-04-11T10:16,6,81.84,Online,Completed
b3a3d717-5b97-4446-9240-e623e0828904,98b17fed-218c-4f20-8410-9f0edfc74455,2025-02-07T10:16,2,35.56,Card,Completed
422773a8-d137-4897-b5ba-42cded843661,5400d214-6176-40bf-88d2-3f53ed38bf69,2025-11-09T10:16,3,19.35,Cash,Completed
af42f064-c10c-4410-ba9c-25f097bdfa29,953417c6-cd52-45e9-9ca0-bb450653c934,2024-12-17T10:16,6,125.64,Card,Completed
3070b9e7-51aa-4df3-8088-b752b00e6465,365c90d0-a590-4209-9401-2ce55af5ed98,2025-07-11T10:16,7,89.25,Cash,Cancelled
05ff21cc-0766-4673-a3f7-3f0901e52506,68169a66-a8d4-4763-914e-7befc826445b,2024-09-10T10:16,8,192.16,Online,Cancelled
81cffe0b-ac50-4efa-96eb-56925dbfff1d,b90a3a7f-421e-47e5-8598-fe50f365a62e,2025-06-21T10:16,6,90.78,Cash,Pending
1b6f4b2f-f571-4eb4-af41-ebe2ccab3053,a302a1a8-c429-406f-abff-9f273aa0a4b5,2025-10-05T10:16,4,50.40,Online,Cancelled
de469b9f-13e2-473b-b9b7-bf111062f4cf,bb6bf39c-f455-4e08-a59e-1bdaaa91d4aa,2025-06-21T10:16,9,258.39,Cash,Completed
8f72cd02-2371-4eb2-b3d3-ed4eb3534727,99c406e7-092b-4eeb-bc08-56fc041c253d,2024-07-02T10:16,7,79.87,Card,Cancelled
a1e7fa8a-ddb5-4d9f-80fa-3403a734cb4a,0a0ac3e5-6e20-4fbc-87ec-5481c70e38bc,2024-01-21T10:16,7,204.82,Card,Cancelled
cf9a41ef-0c00-4f58-9dc2-967cb8a970a1,1d32c3b3-c732-4995-aa6b-ff159deb3bdf,2025-04-13T10:16,9,186.03,Card,Cancelled
c7d89093-9928-47de-8324-84933e1e3074,8b115a34-224b-453c-be69-b53a7445b466,2024-05-14T10:16,5,32.45,Card,Pending
42ed2395-95d3-4084-838f-5b84bc0f005e,21edfc22-3f73-4335-a774-3cf78ab65e86,2025-06-14T10:16,6,88.44,Cash,Cancelled
cdab2c4d-3c47-4b1c-b66f-ec9a68985c99,0a570207-0f70-467f-bbeb-44a0a60a9a25,2025-05-15T10:16,4,46.80,Cash,Pending
6e3a6eb4-a291-4c15-af70-ca92d4ed8dd3,9fa382f0-8393-48db-ad30-43c953282401,2024-06-01T10:16,1,5.75,Online,Cancelled
40daf7e5-3fa3-4a7a-8d72-a8ba35eed84e,c63bd277-c81c-40c5-8720-6ce916d653c4,2025-11-07T10:16,1,6.15,Cash,Pending
00001a39-f0ec-4b25-b861-5d2e91d2301c,2ca088cd-c6c6-4e60-a1a4-d2990ee21b12,2024-02-12T10:16,2,52.08,Card,Pending
8f48a61b-2849-4e48-ac2f-1ec00578f7af,8887df7e-682b-4d48-b18c-c1ddfa0aaa26,2024-11-08T10:16,6,40.50,Card,Cancelled
79798886-f478-4dce-be47-4ff6303c58a8,c83bba2f-5229-4998-9566-1f3179b13e8a,2025-02-13T10:16,6,77.22,Cash,Cancelled
742ea726-104b-4d1c-8f5b-835700138dbd,e7991221-0de0-4ef8-aa9c-ca3b59197059,2024-10-29T10:16,1,17.56,Cash,Cancelled
610a642d-2a24-4206-9f16-f0c1c61d16e7,cf65c4b6-4c1c-420b-95de-23e5b56ffad5,2025-09-23T10:16,2,14.84,Online,Completed
21e2a228-247c-467c-a96f-dc60b4bd30fa,a938df5f-7764-459c-8bfd-90409d16b3c6,2024-10-20T10:16,6,172.68,Cash,Pending
fbdb7d8a-973b-4d59-9e42-643480b19db8,6b1178fc-1745-401d-88da-3903c243ebe9,2024-10-03T10:16,9,152.82,Cash,Pending
170cdedc-f396-4ba4-a1f1-f6cc0e5a9f25,6e6d2c67-f7fb-4a98-8f9a-4822259b25c4,2024-02-22T10:16,9,148.23,Cash,Cancelled
cf439eb7-5802-474c-8255-00fb63cd937c,7c991f43-c18b-4404-8826-97691b0dc00c,2024-06-01T10:16,9,97.47,Card,Pending
30f7d7a5-a615-4509-b5ce-bef7e3ade526,0130fcd4-a6cf-4a72-8400-7bcae1abce34,2025-01-06T10:16,7,79.31,Card,Completed
3a0126d7-8a5e-4199-87df-4282646b3a6c,bf0de251-90d7-423c-8b31-48df1a89964f,2024-07-08T10:16,3,71.07,Online,Completed
0f79492f-aa99-4cf9-a6a0-9a74d8171e4b,5d6f84a5-a4de-442e-99b9-b8ef714b4436,2025-07-10T10:16,7,123.48,Card,Pending
e6308fe6-68f7-463a-9d90-a6d8dbba24cf,46032f36-69bc-465a-9b33-a5d560bfd77a,2024-11-10T10:16,6,112.38,Online,Cancelled
0b81ee41-cf59-4b5b-8815-4afbd756d6c8,5d6f84a5-a4de-442e-99b9-b8ef714b4436,2024-08-23T10:16,1,17.03,Online,Completed
1c4f20f2-330e-45db-9d44-dd3c0bd45cf7,49af098b-bf79-4643-8e49-739ea932d38b,2025-04-23T10:16,2,32.72,Card,Cancelled
357173c4-9977-4d17-b146-9accc2d490dd,f6c35464-33dd-44a7-bf84-071f2e427045,2025-03-09T10:16,2,47.02,Cash,Completed
f044c218-b84f-4e6b-8f21-e80f2c639b6c,65b2c0ea-6192-47fc-9286-2c1dd3ecefb1,2024-11-30T10:16,2,11.92,Cash,Completed
df722289-f0de-43bd-b68a-6a0ad3c34017,21edfc22-3f73-4335-a774-3cf78ab65e86,2024-01-06T10:16,7,69.30,Card,Pending
af78e379-2dca-47a4-a633-2aafb5d512a5,103fcba5-5588-45a5-9fe0-6ac948d3860e,2024-12-20T10:16,4,114.60,Cash,Cancelled
a7b5a34c-fcf6-4f3c-b517-b5d9788b3e4a,68169a66-a8d4-4763-914e-7befc826445b,2025-10-30T10:16,7,123.27,Cash,Cancelled
43626855-b447-415d-b1df-a653a76d176d,e886c155-0dae-4b36-88f5-a86fa474d1f6,2023-12-02T10:16,8,68.48,Online,Pending
251fa00e-bb8b-4c41-bcda-a8d67c9fbfe0,428424b7-1f94-496a-8b7a-497ce177d32c,2024-10-05T10:16,2,59.44,Online,Cancelled
a9d5e348-3322-4dc3-ad47-4048b8e7ce67,21edfc22-3f73-4335-a774-3cf78ab65e86,2024-02-10T10:16,1,22.38,Online,Cancelled
c6d8064c-cce9-4cc1-a0b9-bda2a7b65408,103fcba5-5588-45a5-9fe0-6ac948d3860e,2024-09-02T10:16,7,107.17,Online,Completed
1d652040-e1b8-49db-a39d-9c4eaf03785a,53db1213-7316-47bb-9099-c1def0e3c96b,2024-04-29T10:16,8,72.32,Online,Cancelled
dbe2f93a-697c-4952-8da0-1c5729659a67,98b17fed-218c-4f20-8410-9f0edfc74455,2025-01-29T10:16,1,23.31,Card,Completed
e08221ad-1565-44d3-b047-f9cf6835a6ea,7169ef0c-f2c8-4ae3-83f6-87691664d2d2,2024-08-15T10:16,1,10.51,Cash,Completed
7db93b89-da8e-4201-b0ce-5f7106ae08b3,205ea7f7-e714-45b8-a083-11247ff702a1,2024-12-18T10:16,9,122.49,Cash,Completed
f130996c-3dec-45d0-bc3f-10bcebbe0e22,9b9edd1e-b4f7-414c-b8b5-a3dc51fa0a8c,2024-09-02T10:16,4,90.60,Cash,Cancelled
bd244a40-bb05-41ea-8a7c-f574af68c114,1407e9cf-22c9-4137-a2fe-cc12dc038235,2025-10-19T10:16,8,81.84,Online,Pending
523ead90-389e-4620-8710-b8989175b884,25659c0e-6eb5-4c57-add8-fb6ac5f42699,2024-01-14T10:16,5,36.55,Cash,Pending
ebaed9f4-5b80-460e-a6e4-84dc439a5f29,bfa3444b-2be9-46be-b944-720d86a59770,2025-04-27T10:16,6,69.42,Cash,Cancelled
e181be5b-efed-4f99-ab3d-a1d625595a95,3dcaabe3-78c9-4d88-bed5-56ca7ceea07c,2025-09-16T10:16,1,11.13,Cash,Cancelled
ae1ea162-ef68-468d-9c7e-815e033375c2,ec3490d2-e8da-47ee-ae12-0ca0b1d7a2bb,2025-05-14T10:16,9,174.15,Online,Completed
2edaad03-c6d1-4be6-9313-f04baf273b47,9b9edd1e-b4f7-414c-b8b5-a3dc51fa0a8c,2023-12-07T10:16,8,150.40,Cash,Pending
cb0a63a6-1b08-43aa-a774-ca4a97167fd1,56a75a3e-a944-4147-8cba-f1024726993f,2024-06-27T10:16,4,101.12,Online,Completed
81b1a1fe-edc2-4ebd-acc8-3d0b8f7fd422,71f17b36-2c37-4cfa-bf8a-894fa94c0e9b,2024-05-12T10:16,2,26.62,Cash,Pending
95ba809e-08e6-441e-8504-e16a769fc0f8,0df3bae1-6384-4856-aa27-aef9f6c48b75,2024-12-10T10:16,8,49.76,Card,Pending
22a43306-0035-4716-bb25-2184e2c406ff,d3f641e5-b8b5-4f5f-9155-7768df2033e8,2024-12-28T10:16,7,169.96,Card,Cancelled
9587124e-b878-47e3-9060-45cdeafcbd24,885715b6-b1eb-44ca-8460-28c0343e56f3,2025-06-24T10:16,5,53.30,Cash,Pending
c522deac-377b-47d2-8ced-b4360b813db0,7d2df59f-386d-4aec-85a8-2443262a0cb4,2024-01-22T10:16,4,30.00,Card,Pending
b0c4c02f-6843-4356-874c-2232db911818,8f7f530b-bb30-4a05-b437-744ed30af54f,2024-06-09T10:16,6,88.38,Online,Pending
3a22e022-e893-447c-a3fc-7f18f861907a,a3f626b9-cc27-4c04-8570-be79ab8bda4a,2023-11-28T10:16,6,57.12,Cash,Cancelled
3477d64e-18a6-4b13-a90b-fb8f82f939f2,ebbc7df0-770d-44f8-b0ff-c62f9006e40e,2024-05-02T10:16,9,219.60,Card,Completed
93082669-a61b-460f-b495-18551883ab5a,e38afcd9-9e08-47ba-bc92-5ebb4bc271eb,2024-03-26T10:16,3,85.68,Card,Cancelled
9f7ebd52-df68-4833-b2d8-a67973a2cdfa,6aaabc79-3d35-410f-bb96-f86a3930d0ff,2024-10-27T10:16,7,62.72,Card,Cancelled
569dc98e-6a01-4ce7-9df0-8971eaccc051,bb9edfa8-17f7-4f6f-8e3b-616693a298b1,2025-05-28T10:16,5,44.05,Card,Pending
9285af87-3bcc-4db7-9d9c-9f96c4e88289,e6e1db85-f8ba-4264-9c9a-520ecda4bc4c,2024-05-04T10:16,4,68.80,Online,Completed
1382617d-9124-436a-8cc3-685f2cfaf991,d5cfb1a3-ce2f-4aff-ab4c-50e0c5426af1,2024-06-01T10:16,9,195.75,Online,Completed
20a4c1db-f341-4e4d-a4a9-59b70785b3a5,4f6ae324-5b6d-47d6-a86d-26ec6fbe1e0e,2025-09-27T10:16,1,23.00,Online,Completed
158a3acc-9b40-4a61-b20e-a852a4a83f58,885715b6-b1eb-44ca-8460-28c0343e56f3,2025-05-23T10:16,6,115.44,Cash,Cancelled
c41579ae-6057-4583-b6a9-67893b697f2d,ebe19120-496a-47fa-87eb-2440212a3363,2024-08-21T10:16,6,140.94,Online,Cancelled
b840df2e-2606-47e3-b318-7002d942035f,89d26a00-0fde-4c03-8430-b06f6bc3f33a,2024-12-31T10:16,2,20.46,Cash,Cancelled
583d5065-0220-4601-bb20-69e531af9b27,ebbc7df0-770d-44f8-b0ff-c62f9006e40e,2024-06-05T10:16,2,23.24,Cash,Pending
2a46643b-7f2f-4469-922c-e7b9ee04b161,0dd437d0-74fa-43c3-8909-5c955e4d47dd,2025-03-27T10:16,8,225.04,Card,Completed
67c1fee9-abe8-44a8-bcac-e90ab29e0cff,4e44f26d-5455-405b-8fdb-63ab8b739ecf,2024-03-01T10:16,6,72.78,Online,Completed
f387a054-8738-4409-ba69-4a8bef9a31d7,00d7ae70-0f46-4453-963c-4ab2a3d29314,2025-03-29T10:16,3,15.24,Cash,Pending
ba1ae854-152d-4b0c-bab2-a803f912dc2c,bb9edfa8-17f7-4f6f-8e3b-616693a298b1,2024-05-05T10:16,7,146.65,Cash,Completed
dfe04ead-5073-4331-961e-016af79afbf1,e886c155-0dae-4b36-88f5-a86fa474d1f6,2025-04-30T10:16,8,195.92,Card,Cancelled
8054b647-3f04-42ce-8a3b-261cd148a1eb,726d71e2-70fd-4416-8568-78619c14a73a,2024-05-20T10:16,3,61.71,Online,Completed
daf60204-3d17-4964-b09c-9843786c3880,68169a66-a8d4-4763-914e-7befc826445b,2025-05-29T10:16,8,154.72,Online,Completed
aca913be-9f49-43e5-b17a-9a3696837ebb,0472ca7f-b133-4710-8f43-24a3c6c1afd1,2025-10-10T10:16,9,111.42,Cash,Completed
0f56c492-557b-4c1e-8a98-171c38de4346,0a15d43b-8f6b-444a-bef2-ffbddfdbd16f,2024-08-26T10:16,8,44.64,Cash,Pending
083d4955-5ae4-4c3c-b096-28c5aaabf897,2ca088cd-c6c6-4e60-a1a4-d2990ee21b12,2024-10-20T10:16,8,126.80,Card,Pending
1ac0b385-0515-4b3d-85d6-09bcef9766c0,49af098b-bf79-4643-8e49-739ea932d38b,2024-07-15T10:16,3,33.36,Cash,Pending
dda54f64-1cbf-4486-8280-c69a76823a02,4e6807ca-aed8-4ec9-b1b0-0e3aba57efb1,2024-05-12T10:16,3,46.44,Card,Cancelled
250f8d5b-494f-454e-a3fa-25e723662156,c46351bf-193f-49af-a5d6-456188837c3d,2024-07-27T10:16,2,59.36,Online,Completed
6c1671d1-a40f-423c-8a57-9d2eb80bec6a,d3f641e5-b8b5-4f5f-9155-7768df2033e8,2025-05-28T10:16,3,85.53,Card,Completed
86ad09c2-b29f-48de-ae0f-4d085d2cb06c,11526850-7335-463f-b740-a52a90457c3b,2024-02-04T10:16,4,47.88,Cash,Cancelled
c6178ec6-adeb-48f9-ab88-d21e922b2227,23650eb4-f98d-45a3-a90b-a378f03d469d,2024-09-28T10:16,5,35.80,Card,Completed
