order_id,restaurant_id,order_date,items_count,total_price_usd,payment_type,status
545a59a7-b885-41fc-a79f-4f6888cb7210,93cdeef1-3fc3-4a63-a275-0ae87ae6b335,2025-09-07T10:16,2,48.00,Card,Pending
5d2a538a-af1d-4b22-a5f5-2ce5ae4d6faa,e886c155-0dae-4b36-88f5-a86fa474d1f6,2025-01-10T10:16,9,114.30,Online,Cancelled
7dfe08dd-5991-4baf-8057-f6a2fe62fd57,ec3490d2-e8da-47ee-ae12-0ca0b1d7a2bb,2025-05-11T10:16,5,106.05,Online,Completed
aa715510-6b20-408e-8d93-e814849ab29c,fbe227d7-6d32-4407-9783-7fdac983e55f,2024-06-26T10:16,4,22.80,Online,Completed
594d05e3-217a-4b74-9f4a-cbc241f92cf7,1eeb9c5f-5b7a-47af-b4f1-5a50d9d1089c,2024-12-21T10:16,2,30.00,Card,Pending
80fe7839-7721-429f-bb02-5e5bb3c1ba8b,d3f641e5-b8b5-4f5f-9155-7768df2033e8,2024-08-13T10:16,2,30.28,Cash,Completed
39c3bcce-a328-4af1-b332-d9f0431b7f36,8250871a-2b35-424e-a1a1-4eb4faffabfb,2025-02-20T10:16,9,222.30,Cash,Completed
9104ba5d-ac83-4704-8311-54fe1f7bcc87,a5ffc907-be77-43e6-8694-4a0bf09bd3fb,2025-07-23T10:16,6,162.18,Online,Cancelled
b3174869-3254-4991-b835-8872a17d9a2b,ec3490d2-e8da-47ee-ae12-0ca0b1d7a2bb,2025-08-06T10:16,5,104.20,Card,Completed
a0ffeba0-e600-4742-be96-84b5e986a29a,500fde18-ea61-4380-9ea4-f06d09985870,2023-11-28T10:16,1,26.52,Online,Completed
4a050711-19b2-4490-91c6-b00095325caf,77ca464a-fe0d-4dcc-8f08-3eb2f7b64f76,2024-07-26T10:16,7,181.37,Cash,Completed
9d367dfd-68f6-4599-890d-2b2b9352c727,c46351bf-193f-49af-a5d6-456188837c3d,2024-05-01T10:16,7,199.50,Online,Completed
be97fc2d-81b3-4afa-9e1e-05bd41f44eb1,6e551d53-4f6d-4b84-a9de-3d7c79694805,2024-08-16T10:16,5,28.95,Online,Cancelled
1f8c304e-361d-4b99-8c7c-bf428935679f,0d463f72-c3a1-4a2b-8d0d-1721a0d1a06b,2025-02-27T10:16,5,111.55,Card,Completed
8e7ccbc0-945e-4f85-96e3-2fe7bd5e57c5,52c87fd9-fdf0-4256-b929-6153ad24a0ac,2025-11-06T10:16,2,13.24,Card,Completed
390432e3-3b2d-4f29-b2f8-d30136fb6251,2a109685-1399-4149-8951-fba29bb0360d,2024-11-20T10:16,1,26.15,Card,Completed
a189eabf-19f3-46a3-91ac-005e6de0cb3e,bb6ceda0-3f7a-4dfa-9862-41a88dd468b2,2025-01-03T10:16,2,47.82,Online,Completed
bd8599b3-2472-429e-865e-99ec5ff9b5b2,6e6d2c67-f7fb-4a98-8f9a-4822259b25c4,2024-04-26T10:16,3,73.71,Online,Pending
6201781f-6f2a-4a14-b1f7-20cc0277fa2b,6945f6f4-b8f9-4d04-90ff-e59ed705578e,2024-10-15T10:16,7,188.93,Online,Completed
449a8ea2-ef6e-48cc-99aa-550c83f3d833,bfa3444b-2be9-46be-b944-720d86a59770,2025-09-09T10:16,5,49.90,Online,Cancelled
659288d0-6396-4a50-8632-44fe45f03d34,5d6f84a5-a4de-442e-99b9-b8ef714b4436,2025-11-10T10:16,9,215.46,Cash,Completed
eb9fa042-f488-488b-a665-7cbf14f27311,1a48aa9a-def3-481d-922a-94300aa97309,2024-05-02T10:16,6,115.56,Online,Cancelled
4c55381b-b2d6-4ceb-9c81-2498e20655fa,3910ab11-8758-4a4f-8a9b-c4f5df7413c4,2024-02-18T10:16,7,85.61,Online,Pending
a15ee7fa-7198-4d6a-866a-1d99f0c811b7,0a5bd884-b432-4ce5-b14e-44b4aedd4c0f,2024-04-01T10:16,6,149.28,Online,Pending
b0145168-2446-468a-951d-dd4d29e0ee33,8b115a34-224b-453c-be69-b53a7445b466,2025-10-15T10:16,6,50.88,Card,Completed
e0e3d06f-6ccc-48e8-941a-e85c8f62fd50,1a48aa9a-def3-481d-922a-94300aa97309,2024-03-27T10:16,3,75.21,Online,Completed
b47531df-9f96-4c98-be95-e1dac5df0506,485b65e7-fdf4-474d-afba-37986d8d3cd8,2025-08-26T10:16,8,65.92,Online,Pending
66a7aa8c-405a-4b28-a525-7608b9173ad5,8f7f530b-bb30-4a05-b437-744ed30af54f,2024-03-03T10:16,3,70.80,Online,Pending
5f3f553e-682c-4597-8850-9578d1ebaa31,058b9c75-b72f-4594-80d2-e41194ff7672,2024-01-20T10:16,2,44.14,Card,Cancelled
707967cb-4c81-4291-bccd-b653fbd14277,b047b369-02d0-4f25-9af0-f1e883228863,2023-12-11T10:16,9,60.93,Online,Completed
6bc952ee-8e47-47c3-aa72-e1f8f4731a44,b03f75c1-655f-4480-a2bf-1a0af806e96e,2025-08-27T10:16,2,42.24,Cash,Cancelled
345f9cbd-2dbf-49be-ba39-d239c9d2ed7a,77ca464a-fe0d-4dcc-8f08-3eb2f7b64f76,2024-10-08T10:16,1,19.52,Online,Pending
b019bcd0-b85c-45f1-8942-85ba32d982c6,b047b369-02d0-4f25-9af0-f1e883228863,2024-01-27T10:16,5,69.10,Cash,Completed
198374fa-f584-45dd-9170-c5068ae52326,d7af10ce-45c9-4fc8-8dd8-b1c5491aad5f,2024-06-29T10:16,8,68.88,Online,Cancelled
dd492215-bb35-43e8-b0fb-917ddd7fbe4c,a938df5f-7764-459c-8bfd-90409d16b3c6,2024-09-24T10:16,2,11.58,Online,Pending
125213ba-9484-4988-8be2-796060df16f8,ebbc7df0-770d-44f8-b0ff-c62f9006e40e,2025-10-31T10:16,8,146.08,Online,Pending
898fbfca-4946-4592-ada8-bbe008750618,d5cfb1a3-ce2f-4aff-ab4c-50e0c5426af1,2024-09-27T10:16,9,190.80,Online,Pending
823d1e9d-1349-4410-87a9-9a172d11d850,cb8747c7-32ca-4b6b-868d-13ab01d953ec,2024-04-07T10:16,8,239.84,Online,Pending
1d16c6fb-2a0a-4dad-9940-ad90c18a24aa,23650eb4-f98d-45a3-a90b-a378f03d469d,2023-12-02T10:16,9,238.23,Online,Cancelled
d5c8d79f-b7b6-4e0a-942f-9db6045aeb89,f543de06-e341-4de2-95ab-ca0fd3ee51fe,2024-04-24T10:16,9,49.50,Cash,Pending
c33d34f4-3c6b-4ef6-b768-288e2a35284e,1407e9cf-22c9-4137-a2fe-cc12dc038235,2024-10-23T10:16,8,137.04,Online,Pending
07f0b798-7427-40f0-bc00-0da30220ce04,2c6dafc9-06cc-4b3d-8b8d-12aae0644c58,2024-12-24T10:16,5,143.65,Online,Completed
3b7e89b3-6847-4fcc-b08b-6161d92aae4e,a938df5f-7764-459c-8bfd-90409d16b3c6,2025-10-08T10:16,5,115.55,Online,Pending
e1c171a5-21c8-41c4-88a4-c49a92b7ade7,b0d737cd-ec4b-4a88-aa81-d012ef3fb719,2024-10-10T10:16,1,27.52,Cash,Completed
5075cad5-df23-44c6-817a-afb0d3d4ce21,52f5634d-de98-4543-8a1e-cbf1e2d0242f,2025-05-30T10:16,5,31.95,Cash,Cancelled
6a986482-ee39-4933-9243-a277dd0400dd,6117b6f0-c4f4-4bf1-9eeb-f33950decba8,2024-05-21T10:16,6,96.96,Cash,Pending
f11b4380-ffba-4a46-8304-378f4458f1c5,f3826f04-0dfa-4266-8002-58fede0093f5,2024-04-04T10:16,6,43.08,Online,Pending
b6f699c3-a3d1-446f-9f47-1821f10a56be,6f61ca8e-51a1-48e0-abfa-88326e713e34,2024-07-11T10:16,2,44.98,Online,Completed
0a606366-ef06-4b9c-ab86-3b65ae02c7e1,cb8747c7-32ca-4b6b-868d-13ab01d953ec,2025-10-11T10:16,4,34.84,Online,Pending
dc8beb4a-4220-4af9-91b6-6cee21666503,77ca464a-fe0d-4dcc-8f08-3eb2f7b64f76,2025-08-14T10:16,5,46.50,Card,Cancelled
ec6cc91b-7524-4f43-b5a9-1b4703cbed77,c1a09d60-c9e8-4489-a68e-e01b51541d33,2024-07-31T10:16,4,108.00,Card,Pending
9b8a800d-939c-4e72-933f-a8f8cfdcf2b9,3befa4dc-d961-4a3a-9410-d43d1bdaa335,2024-11-15T10:16,7,135.45,Card,Cancelled
a875b25a-087c-4204-895e-e7c6be8cfda5,953417c6-cd52-45e9-9ca0-bb450653c934,2024-11-08T10:16,3,42.15,Online,Pending
46fb836a-ac3d-4bb9-aec8-f14663ef6044,4bb2d776-14c0-4ef6-b8ba-c580cbed72b8,2025-04-25T10:16,9,219.33,Online,Cancelled
c9a025ef-1388-4aa6-9be0-0d2c0c47bdab,c83bba2f-5229-4998-9566-1f3179b13e8a,2025-11-01T10:16,6,143.82,Cash,Pending
6c300547-889b-4bdd-af45-8171bb884c44,c3ffc43c-0c11-40fa-9824-f234161741d0,2024-02-15T10:16,2,37.90,Card,Cancelled
0a276c8f-e966-4c83-95ee-19bf0990ea18,ba5d9947-b043-4aca-8ee0-6b77895cf8e8,2025-06-20T10:16,8,154.96,Online,Pending
04cef62e-b326-4896-bc11-e425bff29b20,6117b6f0-c4f4-4bf1-9eeb-f33950decba8,2023-12-26T10:16,7,112.00,Card,Completed
4b81d437-7184-4be9-9e89-2b15e23a8eda,935ebde1-5945-4673-886e-1a7a12cc2d4e,2025-03-16T10:16,5,130.45,Cash,Completed
e7fd081c-cee1-46b1-ae8f-4529d6eae3b6,b95f7619-fab2-4df9-8683-1f2aeb93a660,2023-12-27T10:16,7,141.96,Card,Cancelled
55612d7d-e884-4b8e-8b20-a3a566d3941a,0df3bae1-6384-4856-aa27-aef9f6c48b75,2023-12-06T10:16,4,115.84,Cash,Completed
7a6f3019-ce63-471d-baf2-5a1fdec304ef,4b14a58c-f1e4-40b6-888d-a88cd7055099,2023-11-22T10:16,5,139.70,Card,Completed
3f0221b3-550d-44a8-aa42-0947b80e1c5a,6f61ca8e-51a1-48e0-abfa-88326e713e34,2024-02-20T10:16,1,18.60,Cash,Pending
fca11bac-5cbe-4061-8e37-bbd301e9b83d,5f0f3def-9ff6-4282-ad04-001c4a769966,2024-09-27T10:16,8,228.40,Cash,Cancelled
c067b11a-48e6-4de0-9a71-52c7e865917c,e38afcd9-9e08-47ba-bc92-5ebb4bc271eb,2024-10-08T10:16,3,66.15,Card,Completed
fdf38df7-2a19-4e9a-9191-b8a312fa48c7,62a2bfef-ca4a-4dec-90ea-bf15ea1880d2,2025-05-31T10:16,2,28.36,Cash,Cancelled
43ba4a81-962a-4a4b-a656-042fc3f0de38,050d9901-1cb5-413a-9c31-282028f863c1,2025-03-29T10:16,6,159.42,Online,Cancelled
fdb7c9dd-55c4-445a-a433-c910e4b9a5ea,d7af10ce-45c9-4fc8-8dd8-b1c5491aad5f,2024-03-23T10:16,6,31.68,Cash,Completed
7f71af12-7649-4814-aec1-bc976083f0a4,a938df5f-7764-459c-8bfd-90409d16b3c6,2025-08-10T10:16,9,174.15,Online,Pending
77a16d27-b6b6-4b40-8e5b-7d5c906556f7,8e1bbe6c-7b75-46dc-8ca1-0b1664cd6ae4,2025-07-20T10:16,9,169.38,Card,Cancelled
8a34c3a7-1c2d-4d55-aa21-fdbf2c26b00a,d5cfb1a3-ce2f-4aff-ab4c-50e0c5426af1,2025-01-28T10:16,4,119.52,Card,Completed
ecb5a484-8b70-4c50-9531-93d4496208f6,caad7924-4bc5-4f85-9662-11ca261e3c87,2025-10-15T10:16,3,53.64,Card,Cancelled
d347ead2-9bc4-42ae-a841-be6430484f64,98b17fed-218c-4f20-8410-9f0edfc74455,2025-08-29T10:16,5,47.70,Card,Pending
1d04f778-b86f-49b5-87ce-cd4b19be0bf2,f543de06-e341-4de2-95ab-ca0fd3ee51fe,2024-10-02T10:16,9,160.47,Card,Pending
ff5dffcb-db23-4ee2-bdf8-92bbfd3968e5,0a570207-0f70-467f-bbeb-44a0a60a9a25,2025-06-14T10:16,4,68.80,Card,Completed
1e1ad1a2-c685-4253-b4c4-4c8d9582a7e3,2ca088cd-c6c6-4e60-a1a4-d2990ee21b12,2024-07-16T10:16,5,137.90,Online,Completed
7a8fce1f-144e-4028-8eed-fd9a70bc1480,36b880b0-e9bd-4c0b-8f1c-32018f6c758a,2024-10-14T10:16,5,94.20,Cash,Completed
63d31347-4eb1-4bea-99e4-51c4eb3686b7,7a18d550-38d0-40b2-84a7-547162e7e409,2024-01-25T10:16,4,86.92,Online,Pending
bcaed926-733f-4efd-b607-739383dfd1bf,3910ab11-8758-4a4f-8a9b-c4f5df7413c4,2023-12-17T10:16,1,27.24,Online,Cancelled
d07dc7c1-ad9e-4ff3-9e2c-41f1c97f39cc,aff4340c-d102-49ba-af8e-84d2737ce82c,2024-08-14T10:16,3,57.15,Cash,Completed
e1feae7b-83cb-46d8-b28b-8ea849709bb4,0dd437d0-74fa-43c3-8909-5c955e4d47dd,2024-06-03T10:16,1,13.67,Card,Cancelled
e28afa04-288c-414c-912c-7f490b56ca42,80537cf2-360f-4740-8b7e-d4cd56e22987,2025-06-12T10:16,6,123.54,Card,Cancelled
284ef3dc-3077-4778-baa5-a9cf775c5afc,cf65c4b6-4c1c-420b-95de-23e5b56ffad5,2024-04-08T10:16,8,70.32,Card,Pending
3ea4e206-1c97-41fe-b713-cc565eeb449c,71f17b36-2c37-4cfa-bf8a-894fa94c0e9b,2025-04-27T10:16,1,19.35,Cash,Pending
90f4cd04-971c-480f-a896-9ce8dfd7d44f,365c90d0-a590-4209-9401-2ce55af5ed98,2025-02-08T10:16,2,33.14,Online,Pending
22d581ed-f9e6-44d8-9f5e-975ec079bda0,e85d0261-2d97-4475-a749-363ec9040a74,2024-06-12T10:16,5,49.25,Cash,Completed
677f2a7b-0fe1-4784-8c1e-ccd61d54639a,aff4340c-d102-49ba-af8e-84d2737ce82c,2025-08-30T10:16,4,108.60,Cash,Completed
55fd738c-8a94-4ad5-84b7-5b435489ead2,d6d4ef4b-0870-48aa-b884-013237f255f4,2024-11-13T10:16,3,78.84,Card,Completed
b997a02e-ce4f-487a-b2d0-bbbcd6308b94,ada8704c-2784-4d70-84da-10078407d2c8,2025-03-23T10:16,2,56.34,Online,Cancelled
b77e2b05-0f52-4e03-9b94-f48da1047efe,5d6f84a5-a4de-442e-99b9-b8ef714b4436,2025-02-15T10:16,6,168.78,Online,Cancelled
ea6d79d6-5a1f-4313-a650-6e0ca13bfc17,92da274a-bea2-490a-bb52-196c46fa8487,2023-12-30T10:16,3,45.27,Card,Cancelled
92454d0e-d59a-4e2e-acd9-27c8138eeaea,0472ca7f-b133-4710-8f43-24a3c6c1afd1,2024-11-18T10:16,4,99.00,Card,Pending
9afe59cb-9f8f-4b0c-aba9-779c4bca0f86,000f9c8f-2fc7-4346-844d-c04f10751265,2025-04-29T10:16,3,44.55,Cash,Cancelled
89326cd3-d2cb-4534-bf9f-ca3e622b6c8d,4e6807ca-aed8-4ec9-b1b0-0e3aba57efb1,2023-12-11T10:16,7,165.41,Card,Pending
f697283e-fefc-4bf1-b915-e53b9bc4a88c,fdb5454e-2230-489e-ade4-9218ff28cbd8,2024-07-14T10:16,7,168.70,Cash,Cancelled
e65e4fd4-8819-40b1-ab97-8c64a8907beb,53db1213-7316-47bb-9099-c1def0e3c96b,2025-03-03T10:16,9,117.09,Card,Pending
79073766-b7eb-4579-8f79-ebeac0429ed2,e277d099-db2a-4aee-ab86-8b0e73a34383,2025-06-05T10:16,8,225.04,Card,Cancelled
9701684e-197f-4fd3-9794-986734d5fa37,941529ef-2114-4bff-907a-4596ff4593a1,2024-10-27T10:16,4,32.24,Online,Completed
66f4dbc3-ce91-4f14-8a09-7f64b5c3eb07,caad7924-4bc5-4f85-9662-11ca261e3c87,2024-02-24T10:16,4,59.84,Card,Completed
38576add-4f7d-43cb-96fa-7f6a21aab2bd,0472ca7f-b133-4710-8f43-24a3c6c1afd1,2024-10-03T10:16,7,49.98,Online,Completed
6c142404-6408-4f1e-a4de-5b59dd8a733c,5400d214-6176-40bf-88d2-3f53ed38bf69,2023-12-09T10:16,1,7.76,Online,Cancelled
f581ff03-0291-4e1e-8c7b-c25b3136103c,795088d7-d227-422e-ad8c-f048bde0675e,2024-09-24T10:16,1,9.29,Cash,Completed
2b43f085-6245-4411-8c74-39cc621e366e,0a570207-0f70-467f-bbeb-44a0a60a9a25,2025-09-17T10:16,7,85.61,Card,Pending
157ae7fc-92b5-44fb-b950-af239937272c,4739f27f-7a96-4d52-83ae-0c6fd4c8c606,2024-05-13T10:16,7,105.21,Online,Cancelled
9f05838f-7092-4487-b279-7d783cd93ac9,0472ca7f-b133-4710-8f43-24a3c6c1afd1,2025-08-03T10:16,2,36.24,Cash,Completed
a8fcbf18-4775-48d5-8e7b-ecdd974946be,9fa382f0-8393-48db-ad30-43c953282401,2025-07-08T10:16,2,26.50,Card,Cancelled
e9f767e3-dfe1-42ac-934a-39b238cafbe6,5d6f84a5-a4de-442e-99b9-b8ef714b4436,2024-10-07T10:16,9,245.79,Cash,Completed
d66b02ca-fc1e-4ddc-801f-b2e4f758a07a,209e786b-2a61-4e52-a3b2-1cc98bcbf18c,2024-11-21T10:16,6,159.96,Online,Completed
c7c15a10-71e7-4ed0-9de2-ebe1a4067fd2,2ca088cd-c6c6-4e60-a1a4-d2990ee21b12,2025-09-02T10:16,7,173.88,Cash,Cancelled
27fab998-e942-4d5b-a4d1-eb44541c3cf2,0d463f72-c3a1-4a2b-8d0d-1721a0d1a06b,2025-11-08T10:16,8,112.16,Cash,Cancelled
215986ba-c475-4ce9-8ecc-4775cc7c5214,93cdeef1-3fc3-4a63-a275-0ae87ae6b335,2025-02-07T10:16,4,79.56,Cash,Pending
72f23851-8a51-486a-acd4-f3af685b6e40,caca465c-e9f2-4add-91b5-24c70595e321,2025-10-28T10:16,7,183.12,Cash,Pending
cbac5be0-961d-4c98-8beb-b23c21354999,89d26a00-0fde-4c03-8430-b06f6bc3f33a,2023-11-27T10:16,6,82.86,Cash,Completed
db0420b3-9c80-4851-916c-925d59255dc6,8250871a-2b35-424e-a1a1-4eb4faffabfb,2024-10-16T10:16,7,118.93,Cash,Pending
460ca487-06f3-4b80-bcc4-b5df7554f422,401a6911-a31e-4892-adc1-56e3e1eb090a,2025-01-20T10:16,6,74.94,Online,Pending
dd18b2f5-1119-44c7-ad76-c72be30169e1,3e97fc93-73a7-45e0-9888-f7a03ee258a7,2024-08-04T10:16,9,114.03,Online,Completed
ce3ff6d6-15fe-4a6f-bca5-3ba328f57b2e,bb6ceda0-3f7a-4dfa-9862-41a88dd468b2,2025-08-26T10:16,1,20.11,Cash,Pending
040bdc0d-c463-4053-a218-5f61e6a447af,99c406e7-092b-4eeb-bc08-56fc041c253d,2024-01-26T10:16,3,78.18,Cash,Completed
9259fbee-7840-4da4-9bee-9bf5e44e2bae,56a75a3e-a944-4147-8cba-f1024726993f,2025-02-24T10:16,3,85.02,Card,Cancelled
088727df-6bae-4063-ad99-ead17a656cb3,f6c35464-33dd-44a7-bf84-071f2e427045,2025-03-31T10:16,7,107.10,Card,Cancelled
7416a495-289f-48bb-9c3e-18ed3a145e4a,e85d0261-2d97-4475-a749-363ec9040a74,2024-06-27T10:16,6,109.62,Card,Cancelled
0a589948-e9b0-4d53-b977-76b46a174cc5,e6e1db85-f8ba-4264-9c9a-520ecda4bc4c,2025-05-20T10:16,6,144.66,Cash,Cancelled
29b4ff50-a855-48c6-8c70-2838d469a92b,93cdeef1-3fc3-4a63-a275-0ae87ae6b335,2024-02-08T10:16,4,42.52,Online,Cancelled
a4f29bd2-ed04-42d5-a9bb-0379874529eb,aff4340c-d102-49ba-af8e-84d2737ce82c,2024-10-29T10:16,2,17.10,Card,Pending
579de0e3-70e6-4c85-9c60-ac37fe555058,dcfb3d05-846d-4915-99f3-ebbc7559d972,2025-08-06T10:16,3,58.29,Card,Pending
d09f5111-fdf6-4832-a481-0d048304680a,e6e1db85-f8ba-4264-9c9a-520ecda4bc4c,2025-02-03T10:16,6,174.84,Online,Pending
5682608d-9fd0-44d7-9cea-315ca36b87ea,21edfc22-3f73-4335-a774-3cf78ab65e86,2025-04-29T10:16,5,108.55,Card,Completed
d149be14-4923-4107-85c3-cbfd26d541fd,52fbb114-83aa-432d-b2f1-f3e37a5c4754,2024-03-08T10:16,5,115.45,Online,Cancelled
1019d1b5-de1b-42bc-9a81-7565e1dabf0a,65b2c0ea-6192-47fc-9286-2c1dd3ecefb1,2025-06-28T10:16,2,38.34,Cash,Cancelled
ba9d64ca-464a-4013-8c25-4016afe02538,8113211c-bdc3-4bb0-94d9-3fd3871f3005,2024-11-16T10:16,1,15.65,Card,Pending
239a4d48-5241-43c6-acaa-f29998786aa7,a5ffc907-be77-43e6-8694-4a0bf09bd3fb,2025-11-04T10:16,6,83.64,Cash,Cancelled
0a0940f9-c664-4b4f-ae38-ffff1bba50c0,f543de06-e341-4de2-95ab-ca0fd3ee51fe,2024-08-04T10:16,3,54.39,Card,Completed
8c3808b4-21bd-4734-b315-4874f871655b,ec3490d2-e8da-47ee-ae12-0ca0b1d7a2bb,2025-10-23T10:16,4,70.92,Card,Cancelled
ffaf3705-be26-47ae-91b5-93cb70eee17a,ceafdb2a-788d-48e0-acdd-bd533a2e7ab6,2023-12-01T10:16,6,167.22,Cash,Completed
a2767193-e130-455e-b2e4-e4749d1e2617,9c53f3f8-5b22-4d77-bd76-cfa6c70e443c,2025-05-31T10:16,2,37.86,Card,Completed
fb33a385-abdf-46f9-91d2-dca1f924fa51,7d2df59f-386d-4aec-85a8-2443262a0cb4,2025-02-16T10:16,3,21.72,Cash,Completed
f8c43fc7-5a8f-421e-941d-cc1e3e009cd3,a302a1a8-c429-406f-abff-9f273aa0a4b5,2025-01-31T10:16,4,26.68,Online,Pending
ddfbd2c5-3d7d-41f4-a220-fe308d9b00f0,c1a09d60-c9e8-4489-a68e-e01b51541d33,2025-03-25T10:16,3,64.02,Card,Completed
0ed2836b-8498-4986-b9b4-c9b41ed68b44,209e786b-2a61-4e52-a3b2-1cc98bcbf18c,2025-01-28T10:16,4,86.40,Online,Completed
9f212b44-e096-4c07-847e-2751e06180bf,52f5634d-de98-4543-8a1e-cbf1e2d0242f,2023-12-29T10:16,7,66.01,Online,Completed
500bcaac-1593-4020-9b55-bb0f872ee5ab,65b2c0ea-6192-47fc-9286-2c1dd3ecefb1,2024-02-15T10:16,6,105.06,Cash,Completed
e2e6a5af-685e-4d07-bbe3-13a731c8d37b,bf0de251-90d7-423c-8b31-48df1a89964f,2024-02-21T10:16,5,89.65,Online,Pending
4e64aa39-11e6-4c14-85fe-742e62dea793,209e786b-2a61-4e52-a3b2-1cc98bcbf18c,2024-10-18T10:16,1,19.14,Online,Pending
2bf8d095-09a8-4ab0-8319-bd062cd4db3e,09ba4183-1b94-4f8c-bc5f-eca421a88524,2025-06-12T10:16,2,56.78,Cash,Pending
a3476dce-75fc-4539-bab3-a51ffab7677a,0472ca7f-b133-4710-8f43-24a3c6c1afd1,2025-03-14T10:16,7,130.83,Online,Cancelled
3e2dbe0c-cfff-4af6-9a6b-630d1a949cd5,b014b56e-3263-4b63-8430-46e00bc5ea77,2025-10-15T10:16,8,149.12,Card,Cancelled
c9f70697-81e0-4e3e-afe9-6454bf575f2a,8626238e-5813-415a-9a8c-db944b1e0269,2025-01-29T10:16,1,17.09,Cash,Cancelled
45b00d42-9982-41ff-91a5-a10a3dc696e1,23650eb4-f98d-45a3-a90b-a378f03d469d,2025-07-28T10:16,6,39.48,Card,Completed
6e85d6a7-bb21-4adf-8a36-ff5f100db48e,f6c35464-33dd-44a7-bf84-071f2e427045,2024-02-07T10:16,6,123.42,Card,Pending
38e985b0-449a-40b6-8898-bc28d294a613,0e0d5f13-edd5-4ab0-9ddd-3df111bedc5a,2025-04-06T10:16,4,91.28,Card,Completed
baac13bc-50f4-4b15-a65c-0f67f690fb6f,ff4db0d8-e809-46e8-9ae0-78ffee4902d9,2024-03-25T10:16,1,24.99,Online,Completed
97b87b7e-8904-4f30-8340-e9541dcbf4ec,6aaabc79-3d35-410f-bb96-f86a3930d0ff,2024-01-11T10:16,4,110.72,Cash,Cancelled
58a5ca19-4ae0-4311-98aa-0ecc17db5d00,c5817fdc-a4dc-4879-b957-30cfda62016b,2024-06-14T10:16,7,80.71,Cash,Pending
f4f62de8-f57d-461b-8cea-8fa967a3e836,5d6f84a5-a4de-442e-99b9-b8ef714b4436,2025-01-18T10:16,3,88.29,Online,Completed
b5ecde79-fe40-44a4-8adf-72f7069974df,9c53f3f8-5b22-4d77-bd76-cfa6c70e443c,2025-01-07T10:16,7,98.70,Cash,Pending
7f27bd54-f8f6-431b-87d4-e4da30eb45e1,a190f67b-21df-46bc-8164-46bdfa00af85,2024-11-15T10:16,3,76.86,Card,Pending
914c3d29-1134-4a7f-ad1e-65bc269f6948,3dcaabe3-78c9-4d88-bed5-56ca7ceea07c,2025-07-14T10:16,9,244.44,Online,Pending
b0a19c0a-367c-48a3-b3a3-9f81e0bb3e51,99c406e7-092b-4eeb-bc08-56fc041c253d,2025-06-30T10:16,7,156.31,Online,Pending
e42deefd-64b5-49e7-b950-bb0fb13c9067,8b115a34-224b-453c-be69-b53a7445b466,2024-07-31T10:16,7,133.42,Card,Pending
75a6c06b-c910-4846-b7de-e1ea00f1913b,c3ffc43c-0c11-40fa-9824-f234161741d0,2024-04-15T10:16,5,91.80,Card,Cancelled
ef2a895a-182d-4b12-8553-4a7fe6e3e470,6e551d53-4f6d-4b84-a9de-3d7c79694805,2024-07-19T10:16,1,27.45,Card,Cancelled
64f2890f-f89a-4f9b-8bb0-166034676657,36b880b0-e9bd-4c0b-8f1c-32018f6c758a,2024-05-29T10:16,5,130.95,Online,Pending
dd1f1233-73b2-4438-8a71-1ae079b5ebb0,bf0de251-90d7-423c-8b31-48df1a89964f,2025-09-20T10:16,6,78.36,Card,Cancelled
81daa7a4-1c4a-47dd-83bc-05f6d5e02fb0,bf0de251-90d7-423c-8b31-48df1a89964f,2024-06-05T10:16,2,17.20,Cash,Pending
7b9cc024-913d-445a-a199-b6a73eead9ce,a302a1a8-c429-406f-abff-9f273aa0a4b5,2025-04-01T10:16,5,48.20,Card,Completed
c90e8142-0d0b-4dfb-b8d7-74b9beff99b4,68169a66-a8d4-4763-914e-7befc826445b,2025-08-25T10:16,4,26.84,Online,Completed
2e1566eb-37f3-4b72-b966-2ce46531904f,5400d214-6176-40bf-88d2-3f53ed38bf69,2024-07-16T10:16,8,49.52,Card,Pending
8bcfdae8-530c-4a09-a83b-ebb21267f841,8113211c-bdc3-4bb0-94d9-3fd3871f3005,2024-12-31T10:16,6,129.60,Card,Cancelled
cf3bdda5-84ff-4b7e-8a73-95f57735fa0b,09ba4183-1b94-4f8c-bc5f-eca421a88524,2025-05-27T10:16,9,130.14,Online,Pending
e2f49dfe-1250-49be-be37-129b8b377013,00d7ae70-0f46-4453-963c-4ab2a3d29314,2024-02-05T10:16,1,17.58,Card,Completed
2106b65b-966c-4bc0-a3b0-f21316a8f165,60cd80b6-3967-4dae-b4df-adc7b5644971,2025-01-30T10:16,3,64.20,Online,Cancelled
7f1366f5-6881-4570-a4ab-17a786a809c9,428424b7-1f94-496a-8b7a-497ce177d32c,2023-11-19T10:16,1,8.52,Card,Completed
53dcb9bd-d996-4699-943a-3d35e3781749,0a5bd884-b432-4ce5-b14e-44b4aedd4c0f,2025-01-13T10:16,5,58.05,Cash,Completed
f9ee1761-1a7d-45bc-8477-798b103ad119,d6d4ef4b-0870-48aa-b884-013237f255f4,2024-01-28T10:16,4,118.84,Cash,Cancelled
72eedcf1-52e7-4e39-8608-1e879e61e48d,67c276b0-7be6-4f3c-bf86-c342095c8112,2025-01-30T10:16,7,172.90,Card,Cancelled
b43af305-7770-4f95-afe0-bfa1f2848b9d,52c87fd9-fdf0-4256-b929-6153ad24a0ac,2024-11-06T10:16,2,42.58,Cash,Pending
f666e8b2-6631-4e8b-a82a-a15b7dace29c,ebe19120-496a-47fa-87eb-2440212a3363,2024-09-09T10:16,5,97.55,Online,Cancelled
981e3005-304a-42c3-b5aa-7a0b17717a2b,68169a66-a8d4-4763-914e-7befc826445b,2025-01-02T10:16,3,30.18,Online,Pending
6ba9c2d7-1907-41a0-b809-920b02c81acc,b6c26110-1b77-4777-8c79-c69ec19b66df,2024-03-28T10:16,5,79.85,Cash,Completed
5f7fd02b-a1d2-47d6-84da-cbdad6072cd8,1233cc27-7567-48e0-8dd2-6b0019506c2f,2025-04-04T10:16,6,149.82,Online,Cancelled
bfddbda8-115d-4e1c-a162-02e4e6f3b158,5eb75bc0-d5fa-4209-9d42-7767f3f0585b,2024-01-30T10:16,9,262.53,Online,Pending
0309264b-db9b-43f1-8838-7d68cb32b327,bb9edfa8-17f7-4f6f-8e3b-616693a298b1,2025-05-20T10:16,3,85.32,Cash,Cancelled
f4e00ee6-6cf0-429a-a767-b6e25c6d415c,b04ce307-2d1f-4214-b023-d8f4379041a1,2025-01-16T10:16,3,66.42,Card,Pending
a582ff43-17bf-4ad9-8834-7e9b08ee2353,c63bd277-c81c-40c5-8720-6ce916d653c4,2024-07-10T10:16,9,167.76,Online,Completed
0d63fb1d-7666-4ff4-bbd3-da42db9bbab3,d5cfb1a3-ce2f-4aff-ab4c-50e0c5426af1,2024-08-13T10:16,1,26.79,Card,Cancelled
1fa43e39-8e2a-4d2e-afcb-dde5eb4ca33c,365c90d0-a590-4209-9401-2ce55af5ed98,2024-08-07T10:16,6,67.02,Card,Pending
ac69fd85-7cd7-4328-8c8b-3e0c8e5e6ca2,fbe227d7-6d32-4407-9783-7fdac983e55f,2025-10-25T10:16,3,51.30,Cash,Completed
c4075aea-6c51-4e2b-a841-e4ce432dfe47,0472ca7f-b133-4710-8f43-24a3c6c1afd1,2024-12-31T10:16,7,82.32,Cash,Cancelled
0222c3c9-75ac-480d-8344-31e542314bda,0a570207-0f70-467f-bbeb-44a0a60a9a25,2024-04-24T10:16,4,26.56,Online,Completed
c07fd6fd-eba8-4c2b-a5a9-0ba10265481b,ff4db0d8-e809-46e8-9ae0-78ffee4902d9,2024-01-20T10:16,1,28.31,Online,Cancelled
90c9a8b8-56c9-426a-92fc-9b57b4740193,52fbb114-83aa-432d-b2f1-f3e37a5c4754,2024-07-14T10:16,7,76.30,Cash,Completed
d0648a6f-0751-48d5-b6c2-b950c14cf2b6,103fcba5-5588-45a5-9fe0-6ac948d3860e,2024-03-23T10:16,3,32.43,Online,Pending
a3ccd915-7cc5-4f64-a903-ccb3e86dcefe,bb6ceda0-3f7a-4dfa-9862-41a88dd468b2,2025-10-08T10:16,4,85.64,Cash,Pending
9bd8618c-056b-4018-aaf4-0db5072869bd,98b17fed-218c-4f20-8410-9f0edfc74455,2024-06-25T10:16,3,83.88,Online,Cancelled
885fb8fe-b910-43d6-962f-805cab9687ba,1407e9cf-22c9-4137-a2fe-cc12dc038235,2025-02-11T10:16,2,47.60,Cash,Completed
79bb2bef-7c5c-40fd-85aa-8b46766df93b,cb8747c7-32ca-4b6b-868d-13ab01d953ec,2024-12-13T10:16,6,141.96,Cash,Cancelled
6b2ea6f0-93ac-406f-a83e-e6d56ba1da37,aac35608-9499-49c5-811a-a059e773c968,2024-01-18T10:16,6,162.96,Cash,Cancelled
c42ea76c-b31d-4bc5-9db5-fdf2e0ff1829,7a18d550-38d0-40b2-84a7-547162e7e409,2024-10-08T10:16,3,20.70,Online,Completed
297e25ef-fd28-4ecf-8d05-6fc27088ff6e,7169ef0c-f2c8-4ae3-83f6-87691664d2d2,2025-08-26T10:16,4,64.72,Online,Cancelled
9bfb2d24-7b3c-42a8-b455-2a7e4d2d8a70,c83bba2f-5229-4998-9566-1f3179b13e8a,2025-01-23T10:16,8,176.24,Cash,Cancelled
bdbd8c8c-9e98-44d9-b8ee-bdae42b47a91,49af098b-bf79-4643-8e49-739ea932d38b,2024-08-01T10:16,5,129.70,Cash,Cancelled
30d95c2f-3cb1-4eb9-ad9d-59404ada84d2,0df3bae1-6384-4856-aa27-aef9f6c48b75,2025-01-14T10:16,2,37.30,Card,Pending
5a04be63-9c6f-4593-8a23-2a37a4f313c6,52fbb114-83aa-432d-b2f1-f3e37a5c4754,2024-05-03T10:16,9,269.37,Online,Pending
f60e755a-fb0f-48cb-afe0-c3eb3e6258b4,935ebde1-5945-4673-886e-1a7a12cc2d4e,2024-02-16T10:16,4,56.84,Cash,Pending
1ed8f9d7-cd7b-42e7-aa55-671b48bb5270,7d2df59f-386d-4aec-85a8-2443262a0cb4,2024-02-04T10:16,2,42.74,Cash,Cancelled
e63e12a5-3bfc-4223-bf17-9994dfa6805c,bf0de251-90d7-423c-8b31-48df1a89964f,2024-02-22T10:16,4,107.24,Online,Completed
2eef3c4e-4769-4e1c-b3c5-2e3a8ce96860,205ea7f7-e714-45b8-a083-11247ff702a1,2024-04-12T10:16,6,171.90,Online,Completed
d339df02-21dc-4f41-a297-472b7b486e7c,e119f98a-df63-41dc-8e01-bb49ca2dc724,2025-08-25T10:16,4,30.16,Online,Completed
5912c8e0-f96d-4566-8200-7ac4d2596453,8113211c-bdc3-4bb0-94d9-3fd3871f3005,2024-12-09T10:16,1,8.49,Cash,Cancelled
51b74c0f-d323-4a5b-8546-426614890c13,8250871a-2b35-424e-a1a1-4eb4faffabfb,2024-10-25T10:16,5,148.15,Card,Cancelled
c58bc91a-10ec-4280-8f11-9e67a13d3de7,80537cf2-360f-4740-8b7e-d4cd56e22987,2025-08-03T10:16,1,26.40,Card,Completed
1623fde5-28fb-47a8-ac44-368c2ba0d26d,3dcaabe3-78c9-4d88-bed5-56ca7ceea07c,2025-05-15T10:16,9,142.02,Card,Cancelled
fad604a7-a734-4628-9000-c7ca5f1cbcc6,2c6dafc9-06cc-4b3d-8b8d-12aae0644c58,2024-05-16T10:16,9,67.14,Card,Completed
de787a1d-73a6-40e1-836d-3100a279fdc1,02c65c06-56ad-4670-b8e2-10ab417c7154,2023-12-21T10:16,3,42.36,Card,Cancelled
1d79bebc-7d2b-4887-b844-695114b3ed37,6117b6f0-c4f4-4bf1-9eeb-f33950decba8,2024-08-12T10:16,8,203.76,Card,Pending
64ddbc27-bf77-4563-842f-d48564070a2c,428424b7-1f94-496a-8b7a-497ce177d32c,2025-04-22T10:16,2,57.02,Cash,Cancelled
6be85920-071d-4059-bc52-9cd9989e69a7,60cd80b6-3967-4dae-b4df-adc7b5644971,2024-02-15T10:16,4,80.52,Card,Pending
58948da4-e3f6-4255-aad9-0696441cd0bd,11526850-7335-463f-b740-a52a90457c3b,2024-09-18T10:16,8,123.28,Cash,Cancelled
f8da9abd-8de0-4517-8d4f-11fbfd117787,6c3bf618-a715-40f9-9faa-cfc5f5beef2f,2025-10-07T10:16,1,19.16,Card,Pending
8ca598ef-4865-484b-8606-c230ada8c9e2,6b1178fc-1745-401d-88da-3903c243ebe9,2024-04-27T10:16,4,106.12,Cash,Completed
12890163-928e-4c74-8974-366851a0ea8c,824998a2-7592-4051-ab0b-d5e12743c93b,2024-05-05T10:16,9,102.06,Online,Completed
cc4b6144-a16f-4575-99c5-9debad8dc1ed,0a5bd884-b432-4ce5-b14e-44b4aedd4c0f,2025-05-25T10:16,1,6.30,Cash,Cancelled
017ff8e0-5fb1-40bb-b317-8cb2d97bf64c,c5817fdc-a4dc-4879-b957-30cfda62016b,2024-10-07T10:16,4,112.92,Cash,Cancelled
d5d089da-5295-4033-acf6-12dfaddeecfc,983d66ae-c8b0-46b8-8abc-26a1055cf729,2024-05-03T10:16,7,77.49,Card,Completed
a9d240cb-b731-46ce-9c47-1e9457cde880,500fde18-ea61-4380-9ea4-f06d09985870,2025-06-08T10:16,2,25.72,Card,Pending
20042e6d-70b8-4860-9af7-a230e0c42dfd,d6d4ef4b-0870-48aa-b884-013237f255f4,2024-06-30T10:16,8,192.32,Card,Pending
ba191b39-9af1-4d05-b6db-374de79cc7de,205ea7f7-e714-45b8-a083-11247ff702a1,2025-04-08T10:16,8,61.76,Online,Cancelled
155b56cc-a2c3-4552-9d14-4fd1f4640d8e,2a109685-1399-4149-8951-fba29bb0360d,2025-02-25T10:16,6,127.50,Card,Completed
bb8d46f6-7552-4b66-af0d-925dbc5004cd,910b1d47-5c37-48b1-8bde-96c60660f1d7,2024-11-10T10:16,5,112.25,Cash,Cancelled
ba4a06b9-41de-422f-bf16-60391259cdfe,5eb75bc0-d5fa-4209-9d42-7767f3f0585b,2024-06-18T10:16,3,62.25,Online,Cancelled
f8a3483f-aa4f-4f7d-8849-1b71714e2e4a,3dcaabe3-78c9-4d88-bed5-56ca7ceea07c,2025-03-24T10:16,5,111.65,Online,Pending
c79a5167-7cd0-4a62-b505-2b7fa6d5df99,ebbc7df0-770d-44f8-b0ff-c62f9006e40e,2024-01-21T10:16,2,58.64,Card,Completed
7a1a421a-265b-4961-80d3-a79f6c0589ba,bb6ceda0-3f7a-4dfa-9862-41a88dd468b2,2024-10-17T10:16,8,127.20,Cash,Pending
71f5011d-db74-43a3-bbf4-ed56c7cdbc1c,e886c155-0dae-4b36-88f5-a86fa474d1f6,2025-09-10T10:16,4,28.12,Online,Pending
c553f7f6-eff8-4609-bd80-73eded2779c0,7a2e5fa5-096b-4701-8ce6-7a3db39bf8eb,2024-12-21T10:16,3,70.05,Card,Completed
d2908681-b907-4808-804b-7fb2d41caaaa,6945f6f4-b8f9-4d04-90ff-e59ed705578e,2025-02-13T10:16,5,101.45,Cash,Cancelled
964bb2d5-92e8-4d61-9149-9beab9b1ff91,67c276b0-7be6-4f3c-bf86-c342095c8112,2024-03-23T10:16,5,92.60,Online,Completed
0bd42ebf-28ce-4cba-abf6-60adc25b5917,ec3490d2-e8da-47ee-ae12-0ca0b1d7a2bb,2024-07-28T10:16,5,142.75,Online,Pending
1a23c0f9-8f58-4534-a389-bf184c7ad4bf,0b2a0e9a-e050-4380-b607-57adcbbf59d4,2025-09-16T10:16,3,64.77,Online,Pending
ac2356aa-4123-4f24-8a0a-0fefcd1858b7,ec3490d2-e8da-47ee-ae12-0ca0b1d7a2bb,2024-05-09T10:16,7,106.05,Cash,Pending
d0de88f4-c41f-4d5e-b7b9-145fbdd77ce3,ef7fad1f-a86f-4ee1-95b4-ce1f339f0fa5,2025-07-15T10:16,6,49.26,Cash,Pending
de747719-ad8d-480d-8fa0-5e468b6284c7,2a109685-1399-4149-8951-fba29bb0360d,2025-07-22T10:16,5,42.30,Online,Completed
33a18967-4b23-4d8f-9b4a-f0f9857666ce,e886c155-0dae-4b36-88f5-a86fa474d1f6,2025-07-20T10:16,4,83.16,Online,Cancelled
28ce14a5-43c1-490f-a593-c122308e4b81,8e1bbe6c-7b75-46dc-8ca1-0b1664cd6ae4,2025-09-29T10:16,7,114.66,Cash,Cancelled
f55cd462-db44-4eb4-98f1-7b836786e028,5eb75bc0-d5fa-4209-9d42-7767f3f0585b,2024-12-15T10:16,7,118.16,Online,Pending
7c5396b9-1a53-4466-b764-adf104e67a22,b95f7619-fab2-4df9-8683-1f2aeb93a660,2025-01-19T10:16,6,36.00,Card,Pending
57786c68-3209-48cc-b4ab-c4a40bc5652c,885715b6-b1eb-44ca-8460-28c0343e56f3,2024-10-06T10:16,4,92.40,Online,Completed
b81c4856-e22a-4b19-830c-65a48dcab3b0,9c53f3f8-5b22-4d77-bd76-cfa6c70e443c,2024-10-01T10:16,5,115.90,Card,Pending
7853004b-96bb-4861-a1a8-6d3fd2f13fd5,bb9edfa8-17f7-4f6f-8e3b-616693a298b1,2025-09-03T10:16,6,115.92,Card,Cancelled
768cc267-d7cb-4e17-8457-112fa97cd85d,3dcaabe3-78c9-4d88-bed5-56ca7ceea07c,2023-12-31T10:16,4,103.20,Card,Pending
9ead2f6a-edea-4840-b2d0-ec80f7391983,fdb5454e-2230-489e-ade4-9218ff28cbd8,2025-04-30T10:16,5,132.05,Cash,Completed
fcbf5c89-b911-4745-a054-5a4c519a089b,209e786b-2a61-4e52-a3b2-1cc98bcbf18c,2024-12-25T10:16,3,74.46,Online,Pending
001e3794-039f-4009-8f43-bcd402087591,b3688304-b24b-416a-9bf4-c2b6aaeb59d3,2025-10-15T10:16,2,58.66,Online,Cancelled
013ce3d1-bbc6-4f0c-875f-90eb04a5e030,935ebde1-5945-4673-886e-1a7a12cc2d4e,2025-02-26T10:16,5,30.20,Card,Completed
400cc2f0-482d-49ae-81bc-a01dfefc119d,9305d562-2505-493d-8ed8-3fb721c8f491,2024-03-13T10:16,8,86.08,Cash,Cancelled
941cb0b6-3926-4949-89cf-7542d0f5fd3c,209e786b-2a61-4e52-a3b2-1cc98bcbf18c,2024-05-30T10:16,1,15.39,Online,Cancelled
9b261585-9744-40bf-822b-88dc97f3368b,500fde18-ea61-4380-9ea4-f06d09985870,2024-07-30T10:16,4,71.12,Cash,Cancelled
e1183cdc-25fc-4f53-9e39-25ceefa0600b,23650eb4-f98d-45a3-a90b-a378f03d469d,2024-10-16T10:16,2,32.28,Cash,Cancelled
b62d428e-9b94-4b03-bd8b-4ef86167b3b7,726d71e2-70fd-4416-8568-78619c14a73a,2025-07-08T10:16,9,180.09,Online,Completed
08110e49-e3ee-42f5-93e3-349b5879f707,3910ab11-8758-4a4f-8a9b-c4f5df7413c4,2024-09-03T10:16,8,93.20,Cash,Cancelled
4921db4e-47b3-4355-a74b-1dc663ae2e8f,9b9edd1e-b4f7-414c-b8b5-a3dc51fa0a8c,2025-07-06T10:16,8,115.92,Card,Cancelled
3eb8868b-30be-42d6-99f5-547a40d37cf5,ec3490d2-e8da-47ee-ae12-0ca0b1d7a2bb,2024-08-11T10:16,1,15.61,Card,Pending
3198a66e-0f70-42f0-960a-31908401f4c4,fdb5454e-2230-489e-ade4-9218ff28cbd8,2025-05-06T10:16,3,21.03,Online,Cancelled
238faeba-c085-4824-bda3-ff9c37030652,795088d7-d227-422e-ad8c-f048bde0675e,2024-12-29T10:16,7,202.09,Cash,Pending
5b303c59-8217-40f0-842c-5e257c4ee0e0,65b2c0ea-6192-47fc-9286-2c1dd3ecefb1,2025-07-09T10:16,3,23.01,Cash,Completed
8c3d0717-05cb-490e-ae8f-b3aec4148f1e,11526850-7335-463f-b740-a52a90457c3b,2025-11-01T10:16,5,102.50,Card,Completed
87d0570b-a994-4e2d-9f20-a7832c443552,fdb5454e-2230-489e-ade4-9218ff28cbd8,2024-10-20T10:16,9,147.87,Cash,Pending
6147da84-13cb-4438-b872-5550594f5789,6c6a3b10-9747-4dca-a041-4edc22d147b0,2024-06-20T10:16,4,73.28,Online,Completed
ab267066-ab02-458d-b5b7-6e3048e35ce0,d3f641e5-b8b5-4f5f-9155-7768df2033e8,2024-04-26T10:16,4,32.32,Cash,Completed
db3cbde8-81fa-45b8-9a13-ed90440374c9,ecf1ffb0-ac00-4968-87ea-8beef4ace55a,2024-09-27T10:16,3,60.84,Cash,Pending
f076c092-b6dd-466c-9920-6bee9a35ebb3,63846b60-b7be-4087-ac6e-56c9bc130a20,2024-03-23T10:16,6,93.48,Card,Completed
42e340b5-d9ab-4e89-9c72-d0db44835bc4,71f17b36-2c37-4cfa-bf8a-894fa94c0e9b,2024-03-07T10:16,3,75.24,Online,Pending
75138bcc-4c89-4d70-b336-9da4083a3868,f543de06-e341-4de2-95ab-ca0fd3ee51fe,2024-05-12T10:16,9,209.16,Cash,Cancelled
85b61a2b-98c8-4d01-9ec6-ee5697d6c9cd,3e97fc93-73a7-45e0-9888-f7a03ee258a7,2024-09-08T10:16,8,168.48,Cash,Cancelled
f45e9004-27a6-4313-b5fd-4b3f7f8be432,2c6dafc9-06cc-4b3d-8b8d-12aae0644c58,2025-03-21T10:16,1,16.84,Card,Completed
57d0ba6e-6039-41a1-91c7-673f7a5a3cfb,4739f27f-7a96-4d52-83ae-0c6fd4c8c606,2024-02-20T10:16,5,71.30,Online,Pending
347a47d4-5a34-46d9-a56b-4b554993be67,ba5d9947-b043-4aca-8ee0-6b77895cf8e8,2024-11-05T10:16,7,142.66,Online,Pending
1f5a20c7-e70f-43a2-9b60-ded7611081e5,d6d4ef4b-0870-48aa-b884-013237f255f4,2024-10-31T10:16,2,15.14,Online,Pending
abfdfaf3-a4bf-4521-a723-75f0e589f0dd,92da274a-bea2-490a-bb52-196c46fa8487,2025-05-11T10:16,2,37.32,Card,Cancelled
06f8a5be-0b2a-4ff3-8e50-f506f5a21302,39cb44e2-a541-4b98-bc0b-db5f31cf8710,2025-10-07T10:16,1,15.94,Cash,Pending
25d45379-0e3b-4d36-8162-938c4e787239,ebe19120-496a-47fa-87eb-2440212a3363,2024-03-11T10:16,6,90.72,Online,Pending
fa9e5701-6bda-491b-991d-faca2b8913f1,56a75a3e-a944-4147-8cba-f1024726993f,2025-08-21T10:16,4,23.48,Online,Cancelled
1fc2cc14-9fac-4165-900a-019d5a0d1491,c63bd277-c81c-40c5-8720-6ce916d653c4,2025-06-27T10:16,3,55.92,Card,Completed
c590834e-446e-433b-9074-74641ff74394,e7991221-0de0-4ef8-aa9c-ca3b59197059,2024-11-25T10:16,6,124.74,Online,Cancelled
8db1aaab-2625-4d60-b9e3-f0cdd8d06202,3dcaabe3-78c9-4d88-bed5-56ca7ceea07c,2024-06-18T10:16,4,77.40,Card,Pending
7c3eb674-a76b-4b27-b6c2-d34e8d7d494a,c9dcc28a-ae5f-477c-ae7e-72d94129f449,2023-12-31T10:16,7,45.15,Cash,Pending
f59880df-5795-4a5c-8745-b1f14cee7675,6c3bf618-a715-40f9-9faa-cfc5f5beef2f,2025-10-25T10:16,7,103.74,Cash,Completed
58586e4e-e3a3-4097-b0f4-334a3db7e6bc,7a2e5fa5-096b-4701-8ce6-7a3db39bf8eb,2025-01-12T10:16,2,41.58,Online,Cancelled
f442c886-dcf5-4c81-abe6-b6fb1c8ae6c3,ada8704c-2784-4d70-84da-10078407d2c8,2024-09-09T10:16,9,73.71,Card,Cancelled
a49f0427-e62e-4962-b441-b489c2b0a675,5d6f84a5-a4de-442e-99b9-b8ef714b4436,2025-10-17T10:16,8,151.44,Card,Completed
0a002b73-4caf-4172-8c1e-65be57137b15,21edfc22-3f73-4335-a774-3cf78ab65e86,2023-12-07T10:16,5,29.00,Online,Pending
a9a0751f-9577-436d-a1a1-e309d810fb63,5d6f84a5-a4de-442e-99b9-b8ef714b4436,2024-12-27T10:16,3,33.93,Card,Cancelled
9edb6a64-370b-4d7d-9761-5b5ae6dcf44c,0e0d5f13-edd5-4ab0-9ddd-3df111bedc5a,2025-11-08T10:16,2,36.70,Card,Cancelled
70aab81f-7af6-45d8-9e57-3805b11b9bc1,cd50913f-8c99-4253-9134-0cf5fe5f300f,2024-05-01T10:16,8,53.04,Card,Pending
9f523580-438f-44ca-b1a2-b4f1b822da69,1eeb9c5f-5b7a-47af-b4f1-5a50d9d1089c,2025-10-07T10:16,8,74.80,Online,Cancelled
90979693-6243-42ba-8c36-0aef55919d0e,27e45431-1333-4ffd-a0c8-be56ffdc5d4e,2024-06-08T10:16,4,113.88,Cash,Cancelled
2a83ef4c-896c-4f4c-b87c-99a98a01c526,0a0ac3e5-6e20-4fbc-87ec-5481c70e38bc,2024-11-21T10:16,4,27.00,Cash,Cancelled
d158a786-8d6c-4f3b-988f-13f6e2164c82,0472ca7f-b133-4710-8f43-24a3c6c1afd1,2025-09-19T10:16,4,76.40,Card,Pending
5ad9ba9c-9d02-4852-89bd-acf857109fd8,f3826f04-0dfa-4266-8002-58fede0093f5,2024-12-27T10:16,4,61.84,Online,Completed
7254eea4-84e4-4f40-85e0-db3dbf0590ec,e6cb1215-5314-4d05-bfd1-f6e5d36e89f7,2025-07-02T10:16,4,112.12,Cash,Completed
a5041086-5804-4ce9-91aa-09916b028878,103fcba5-5588-45a5-9fe0-6ac948d3860e,2025-06-23T10:16,7,64.05,Card,Cancelled
fd1d3224-5ed3-4e83-9f00-6d65fe1528f6,8b546c63-5406-493d-bc69-cfb594b38267,2024-05-18T10:16,7,197.96,Card,Completed
18e7d7e9-70e1-41e3-b982-26b08041ca3b,3befa4dc-d961-4a3a-9410-d43d1bdaa335,2024-02-27T10:16,1,21.56,Card,Cancelled
68876af2-4c80-491c-ba82-aea0ff265e99,fbe227d7-6d32-4407-9783-7fdac983e55f,2025-06-01T10:16,3,62.58,Card,Completed
556bfd76-1c4e-40a0-89b0-3d9c7396c659,caad7924-4bc5-4f85-9662-11ca261e3c87,2025-11-06T10:16,7,186.62,Card,Cancelled
214cc46e-bf43-4685-b4c0-bcb2e85501b4,0a5a9fc7-e126-48f0-99aa-dea85c606f66,2024-03-01T10:16,6,61.80,Cash,Completed
444733bb-367a-4935-b5bf-98500a48d404,8250871a-2b35-424e-a1a1-4eb4faffabfb,2024-07-07T10:16,5,72.20,Online,Completed
bc0864d9-5277-43ed-926c-9e49df71b3ae,ebe19120-496a-47fa-87eb-2440212a3363,2025-03-02T10:16,8,125.84,Online,Cancelled
4ac1febe-47eb-46b9-8d91-3689d90f8185,c46351bf-193f-49af-a5d6-456188837c3d,2024-03-30T10:16,3,70.80,Cash,Cancelled
a1ba4f91-0310-414c-b92a-ca06705276f5,90f0db1e-2b19-43f7-ba17-233c7c214eca,2024-02-19T10:16,7,138.18,Online,Completed
36dc3d05-28a7-4e59-853a-6f1297a21c5a,98b17fed-218c-4f20-8410-9f0edfc74455,2025-11-10T10:16,4,112.56,Card,Pending
473d2369-d75c-4ea8-b361-2a154ae3ccc8,1a31c678-d420-495a-aff3-0f1609514e1e,2024-07-02T10:16,3,24.30,Cash,Completed
416f8705-b110-46ea-bf62-eda86255c928,ebbc7df0-770d-44f8-b0ff-c62f9006e40e,2025-07-13T10:16,8,173.60,Cash,Completed
9daae348-2c2e-4b0d-a84c-0966566b1dcf,aac35608-9499-49c5-811a-a059e773c968,2025-10-26T10:16,1,12.50,Online,Pending
458f5d10-ca96-4c70-bf65-bfce84a6da27,8887df7e-682b-4d48-b18c-c1ddfa0aaa26,2025-08-02T10:16,7,157.22,Online,Pending
321db066-3cd3-4966-8f8d-bdab28e49c12,500fde18-ea61-4380-9ea4-f06d09985870,2024-02-24T10:16,4,26.16,Card,Cancelled
d7bbed28-9462-41bb-8cad-d9ddf618015d,726d71e2-70fd-4416-8568-78619c14a73a,2025-10-08T10:16,2,41.80,Cash,Pending
82f52c6b-584b-4eed-a8f1-1f68d45d7e19,c1a09d60-c9e8-4489-a68e-e01b51541d33,2023-12-03T10:16,2,47.56,Card,Completed
28161ff3-6ba0-47d3-86e2-98a42290a870,4bb2d776-14c0-4ef6-b8ba-c580cbed72b8,2025-02-27T10:16,7,136.71,Online,Completed
189efc95-74ac-4d38-885d-1d48b42a90ae,0d463f72-c3a1-4a2b-8d0d-1721a0d1a06b,2024-04-09T10:16,5,30.05,Online,Completed
ca48fcb2-94b1-4a22-80ea-03bfdec7b2d5,d5eaf6a7-76cc-48ec-98d9-ba713e2df70f,2024-09-04T10:16,3,53.07,Card,Completed
df38bc13-6d9b-4aa3-b4f1-a3074c4e767a,dcfb3d05-846d-4915-99f3-ebbc7559d972,2025-09-04T10:16,7,122.99,Online,Pending
473b1d10-1fda-4f0c-a7a9-e7ee31fd3bb1,3ab3404a-ee80-4ed2-8d90-a6f0dad14e48,2024-08-23T10:16,7,82.74,Card,Cancelled
098934e3-58b6-46a1-b4c9-f6a8395df076,d5eaf6a7-76cc-48ec-98d9-ba713e2df70f,2024-02-24T10:16,3,69.75,Cash,Cancelled
b88a2fa4-19b7-42c1-8ffc-a4b58c608ed5,b0d737cd-ec4b-4a88-aa81-d012ef3fb719,2024-02-01T10:16,6,45.84,Online,Completed
c9d45d98-db67-48cb-82a1-f60ee3621420,6e6d2c67-f7fb-4a98-8f9a-4822259b25c4,2025-03-25T10:16,5,105.40,Card,Pending
ac67bd4c-b30e-450c-a793-ec0c371c20f7,205ea7f7-e714-45b8-a083-11247ff702a1,2025-08-18T10:16,3,16.53,Card,Pending
71a29453-aed1-427d-af5b-0d9f77b02caa,f90cf3ca-e2d0-4129-bc7a-e8a2b80880da,2024-12-27T10:16,7,200.48,Card,Completed
29e1efe6-30f8-4407-bc43-7eb40627932e,90f0db1e-2b19-43f7-ba17-233c7c214eca,2023-12-18T10:16,9,202.59,Cash,Completed
7dda8797-2114-497d-85a5-9474571a2d2e,0a15d43b-8f6b-444a-bef2-ffbddfdbd16f,2024-06-10T10:16,6,101.94,Online,Completed
aa1d6727-7578-4c5c-8f47-f3b96d778e9c,8b115a34-224b-453c-be69-b53a7445b466,2025-10-16T10:16,3,62.61,Online,Pending
167c2c98-0af8-437a-8be4-c7b2f9c5d63e,983d66ae-c8b0-46b8-8abc-26a1055cf729,2023-12-17T10:16,4,104.76,Cash,Completed
3aff6f0f-002a-4238-a9ca-e3f09b68f875,05ccd8a5-ea5f-4353-bd1e-3022152b0685,2025-05-31T10:16,1,28.57,Cash,Completed
c84fdec7-1530-4315-98cf-00c720fa872c,ff4db0d8-e809-46e8-9ae0-78ffee4902d9,2024-05-31T10:16,1,8.16,Online,Completed
da2d93bb-e140-458a-be73-7070d4e4a09b,0a15d43b-8f6b-444a-bef2-ffbddfdbd16f,2024-08-14T10:16,5,92.95,Online,Pending
47191614-33ff-4e2a-8f85-f325ab83ab55,e277d099-db2a-4aee-ab86-8b0e73a34383,2025-06-12T10:16,4,90.60,Card,Completed
f130ecba-355c-41e3-976c-c576c203de9a,0d463f72-c3a1-4a2b-8d0d-1721a0d1a06b,2024-04-08T10:16,4,75.80,Online,Completed
31dd79d1-eade-4ee0-96b1-9e61cb9debf6,ada8704c-2784-4d70-84da-10078407d2c8,2024-05-29T10:16,2,48.46,Card,Completed
e98b1605-1adc-4450-ba1e-9b493d4d246d,205ea7f7-e714-45b8-a083-11247ff702a1,2024-11-24T10:16,1,16.48,Cash,Cancelled
0bb972ca-f983-4a0b-a540-4f779739b34a,e38afcd9-9e08-47ba-bc92-5ebb4bc271eb,2025-10-28T10:16,9,90.09,Online,Completed
99bdccf9-f18d-4b8c-abe0-8ba6a193b31e,ef7fad1f-a86f-4ee1-95b4-ce1f339f0fa5,2025-07-02T10:16,1,18.08,Cash,Pending
199b74ed-73f9-42a2-897e-8e55f9409740,fbe227d7-6d32-4407-9783-7fdac983e55f,2024-05-06T10:16,8,169.84,Cash,Completed
ad4d66c6-fcf2-4cca-a8f1-8fbd46ecc462,aff4340c-d102-49ba-af8e-84d2737ce82c,2025-03-21T10:16,7,195.86,Cash,Cancelled
41da96f5-56bd-4ab8-9709-e6be8797e8d9,795088d7-d227-422e-ad8c-f048bde0675e,2025-08-11T10:16,8,87.92,Card,Completed
96e01c1c-0e46-4e5f-adcf-93a561b661a8,b6c26110-1b77-4777-8c79-c69ec19b66df,2024-01-08T10:16,6,113.22,Card,Cancelled
3f0fd553-c0a4-42dc-a48a-9875410f89da,4bb2d776-14c0-4ef6-b8ba-c580cbed72b8,2025-01-20T10:16,7,126.84,Cash,Completed
022247b7-00b7-4d27-b757-01d548cf4e34,b047b369-02d0-4f25-9af0-f1e883228863,2025-07-04T10:16,4,111.08,Cash,Cancelled
f63d4fdf-dcec-4b75-b009-fe2c05ea04e6,953417c6-cd52-45e9-9ca0-bb450653c934,2024-09-10T10:16,3,39.18,Online,Cancelled
eeb51dca-4619-49d6-9c7b-061c5f0bcaa7,f3826f04-0dfa-4266-8002-58fede0093f5,2025-02-24T10:16,1,25.66,Cash,Cancelled
ff9f2e50-ff26-4527-becb-938d1f969beb,b014b56e-3263-4b63-8430-46e00bc5ea77,2024-06-20T10:16,9,243.36,Cash,Completed
e8514731-05ae-4c04-afb4-446744431c74,058b9c75-b72f-4594-80d2-e41194ff7672,2023-12-13T10:16,3,55.86,Online,Completed
b5018759-3b19-48a8-8e42-80b831e1e089,2c6dafc9-06cc-4b3d-8b8d-12aae0644c58,2025-07-01T10:16,8,124.88,Cash,Completed
afd0060e-8d37-42ea-9302-5564f8cdd402,6945f6f4-b8f9-4d04-90ff-e59ed705578e,2024-02-29T10:16,2,26.10,Online,Pending
0ab69ffe-318a-40a4-b344-65f4eb3cb2f9,b04ce307-2d1f-4214-b023-d8f4379041a1,2024-06-10T10:16,3,16.95,Online,Pending
a7ecf7e9-106e-4057-9403-a6c8e8339c5e,953417c6-cd52-45e9-9ca0-bb450653c934,2024-02-29T10:16,3,77.85,Cash,Pending
807a1a4d-774f-4400-aef2-cab9551d2da4,77ca464a-fe0d-4dcc-8f08-3eb2f7b64f76,2025-10-24T10:16,8,53.52,Cash,Completed
0dda4e0d-3fef-436a-91ef-9d2d48e42cfb,e12c3d24-86c8-474f-b86b-370df36adbfe,2024-06-11T10:16,7,160.02,Cash,Cancelled
4b537828-0c54-402a-8fcb-2872ca235ec6,6b1178fc-1745-401d-88da-3903c243ebe9,2023-12-30T10:16,3,49.98,Online,Completed
8a606eb6-0949-4577-a313-bced0005202a,4717d2a3-4b2a-44f1-b960-a2b73e2d23fd,2025-03-21T10:16,5,44.90,Cash,Pending
e2644846-939e-4f48-a308-ad4de07100fd,d5eaf6a7-76cc-48ec-98d9-ba713e2df70f,2025-05-07T10:16,5,90.85,Online,Completed
5c5f1d24-c27a-4f85-a0bc-98835d1f7b76,2ca088cd-c6c6-4e60-a1a4-d2990ee21b12,2024-02-20T10:16,5,76.45,Cash,Completed
0e4810b3-ae61-439a-867f-0da17231bffc,8b115a34-224b-453c-be69-b53a7445b466,2024-09-19T10:16,6,100.92,Card,Pending
cb081061-0dde-4b0c-abf6-93f6aaadb04f,ec3490d2-e8da-47ee-ae12-0ca0b1d7a2bb,2024-04-03T10:16,1,17.07,Online,Completed
186415b3-184a-41f5-a7be-eb5aa816aab0,26d032f1-9fe9-487a-987a-a8be14e1db05,2025-04-09T10:16,3,34.68,Card,Pending
1899aa50-a74e-4ff9-94b9-8b37e4b5e639,a5ffc907-be77-43e6-8694-4a0bf09bd3fb,2024-08-09T10:16,9,131.40,Online,Cancelled
b80b7329-85e4-4530-a0bd-3df981926165,aac35608-9499-49c5-811a-a059e773c968,2023-12-22T10:16,8,72.16,Online,Cancelled
0a7ba9bc-7011-4a75-ba7a-c9ae55b0c358,c3ffc43c-0c11-40fa-9824-f234161741d0,2025-09-27T10:16,6,165.36,Online,Pending
811fb6ea-d376-4779-927a-101598dd346c,500fde18-ea61-4380-9ea4-f06d09985870,2025-10-05T10:16,9,164.88,Cash,Completed
01c3fde6-8b1b-4c87-9154-10cec738c0c1,39cb44e2-a541-4b98-bc0b-db5f31cf8710,2025-05-11T10:16,7,152.25,Card,Cancelled
035aa15e-bb61-4b89-89c7-dfb1d372f135,f0a6a958-e434-41bf-a830-dffa55a34db5,2024-01-03T10:16,7,190.19,Online,Pending
f11f4b74-a512-4f2b-9b87-8f3e8effe3c9,0dd437d0-74fa-43c3-8909-5c955e4d47dd,2023-12-30T10:16,9,192.78,Cash,Cancelled
98c92026-9b76-4031-9faa-a5ebe35b9815,80537cf2-360f-4740-8b7e-d4cd56e22987,2025-07-11T10:16,7,113.26,Cash,Cancelled
ee826836-94f0-4acb-bf61-25e4f3fd1781,c46351bf-193f-49af-a5d6-456188837c3d,2023-12-19T10:16,7,98.28,Card,Completed
8c3b532d-4489-478f-bbbc-9d2e92951641,cd50913f-8c99-4253-9134-0cf5fe5f300f,2024-08-05T10:16,2,43.34,Card,Cancelled
daf66117-c3eb-4065-9655-7cf28ae15392,1d32c3b3-c732-4995-aa6b-ff159deb3bdf,2024-12-27T10:16,9,152.64,Online,Cancelled
0dcdf4b6-c6d7-40a5-bec7-16e51c8198bb,bb6bf39c-f455-4e08-a59e-1bdaaa91d4aa,2025-06-24T10:16,3,35.40,Card,Cancelled
e93fc419-3f7a-417a-85e4-f4ef07e2ed2e,f067e21d-d1d4-4e87-9cae-9753f5f9ccb6,2023-12-22T10:16,4,54.00,Online,Pending
5dd60d31-164a-44dd-a152-fa7e3adc4a72,53db1213-7316-47bb-9099-c1def0e3c96b,2025-03-15T10:16,8,232.32,Cash,Completed
9e745349-fe58-4399-a2f6-92072ba17659,6c3bf618-a715-40f9-9faa-cfc5f5beef2f,2025-09-30T10:16,6,61.44,Card,Completed
a246db68-6707-4cbc-8749-310bbc6f58d8,ebe19120-496a-47fa-87eb-2440212a3363,2024-04-09T10:16,9,234.36,Card,Cancelled
0eaf6e1a-71f0-4f32-843c-932fb467b850,c46351bf-193f-49af-a5d6-456188837c3d,2024-08-23T10:16,3,68.82,Card,Completed
38e9b118-ea3b-4589-bfa6-c1dd048449ec,05ccd8a5-ea5f-4353-bd1e-3022152b0685,2024-08-15T10:16,6,137.34,Cash,Completed
1a4b7774-dc80-463a-9ae7-b4bfc2765819,2a109685-1399-4149-8951-fba29bb0360d,2024-03-06T10:16,8,82.48,Card,Completed
c66c18da-460c-4586-8553-425476136551,d7af10ce-45c9-4fc8-8dd8-b1c5491aad5f,2024-07-29T10:16,9,88.47,Online,Cancelled
3ec9a7f1-aa4c-4acf-9396-cc3fdb63324b,bb9edfa8-17f7-4f6f-8e3b-616693a298b1,2024-08-31T10:16,2,39.04,Card,Pending
4567a547-425e-4de1-b347-61edcd6940e2,e12c3d24-86c8-474f-b86b-370df36adbfe,2024-09-20T10:16,5,81.70,Card,Completed
2ca44a58-6357-4eac-81fb-fdf2dc60fbee,0d463f72-c3a1-4a2b-8d0d-1721a0d1a06b,2024-11-21T10:16,6,42.06,Card,Cancelled
3e0022ed-6644-49f8-bf4a-3eeb88c6253f,d87f31d7-79ef-4c17-856e-142e791b04da,2024-06-08T10:16,1,23.25,Card,Cancelled
c3aef369-e29a-44d4-962f-4baba659d113,aac35608-9499-49c5-811a-a059e773c968,2024-05-25T10:16,1,13.01,Cash,Completed
15005cf5-4a78-4876-bdf2-66869ee1f60c,9c53f3f8-5b22-4d77-bd76-cfa6c70e443c,2025-07-23T10:16,9,146.61,Online,Cancelled
724a784a-a64b-465b-b27e-9054a1682841,0d463f72-c3a1-4a2b-8d0d-1721a0d1a06b,2024-02-04T10:16,4,113.64,Card,Cancelled
0513fe2e-5938-4134-b977-801d8f8cb438,e277d099-db2a-4aee-ab86-8b0e73a34383,2024-08-31T10:16,7,50.19,Online,Cancelled
8676260e-ee10-4eb5-80c2-1f2201b13917,14eace30-1ac2-411e-8eef-98e8f32a87fb,2025-02-01T10:16,7,45.78,Card,Pending
88d3fc81-fa5e-4d36-b1f9-fab6bc7afcd2,99c406e7-092b-4eeb-bc08-56fc041c253d,2024-08-22T10:16,5,44.85,Online,Completed
b3d22d4d-59eb-4176-929d-fffd036c462f,11526850-7335-463f-b740-a52a90457c3b,2025-07-07T10:16,5,59.70,Online,Pending
9ea17f0d-330f-4a71-bf6f-04731d2ee0db,1a31c678-d420-495a-aff3-0f1609514e1e,2023-12-04T10:16,6,109.92,Cash,Cancelled
6530d136-b925-477b-aada-bbdf481f1fa4,67c276b0-7be6-4f3c-bf86-c342095c8112,2024-11-07T10:16,5,141.85,Online,Completed
b40ca4cd-9217-489a-8af2-0ff34145cc9a,1d32c3b3-c732-4995-aa6b-ff159deb3bdf,2024-01-23T10:16,2,52.30,Online,Cancelled
d02813a8-da41-42bc-94ba-1d8394a0e715,c46351bf-193f-49af-a5d6-456188837c3d,2025-08-11T10:16,8,213.76,Online,Completed
cba3138e-f374-4a2e-9d7a-cd0b4ccb5e3d,8b546c63-5406-493d-bc69-cfb594b38267,2025-09-16T10:16,5,144.80,Cash,Pending
61f2cd76-1066-43db-9567-fe965965c487,e38afcd9-9e08-47ba-bc92-5ebb4bc271eb,2024-08-21T10:16,3,56.85,Card,Completed
ffae3f9b-9be9-4d4d-bfbf-df31680f9bc1,401a6911-a31e-4892-adc1-56e3e1eb090a,2024-12-16T10:16,7,158.62,Card,Cancelled
f55debf7-367d-4cd1-821b-faad27676c9c,fbe227d7-6d32-4407-9783-7fdac983e55f,2025-09-06T10:16,3,74.37,Online,Cancelled
77be1da8-1615-4e6f-8117-61309d839123,06e585f0-5b60-4900-81d1-3379328e6c17,2025-03-12T10:16,6,153.60,Card,Cancelled
1be2ec81-d2dd-4879-95cb-3707577e0550,5eb75bc0-d5fa-4209-9d42-7767f3f0585b,2024-07-16T10:16,3,75.54,Online,Completed
152258d8-d198-4fa3-9070-827ec80fe65b,6c6a3b10-9747-4dca-a041-4edc22d147b0,2023-11-23T10:16,2,49.94,Card,Pending
d630545a-969f-48b6-a61b-a8d9bcb722f8,d87f31d7-79ef-4c17-856e-142e791b04da,2025-11-09T10:16,5,146.85,Cash,Completed
5769df99-6631-4ea2-bbf9-cd371a9685db,500fde18-ea61-4380-9ea4-f06d09985870,2024-02-24T10:16,7,145.53,Online,Pending
2cf099f3-e43c-4954-917d-0d9d7c8e663c,ff4db0d8-e809-46e8-9ae0-78ffee4902d9,2025-07-23T10:16,2,15.52,Card,Cancelled
c3360de1-fdd2-46d0-9ad6-a7d821345f8c,b03f75c1-655f-4480-a2bf-1a0af806e96e,2025-01-15T10:16,9,112.77,Online,Cancelled
d0c282d1-177f-4b92-b9d5-f75c7ed8b5bd,401a6911-a31e-4892-adc1-56e3e1eb090a,2025-05-18T10:16,1,22.31,Card,Completed
845b1f64-f6db-4f45-81ca-840ccaf8bb0f,2a109685-1399-4149-8951-fba29bb0360d,2024-08-27T10:16,3,56.61,Online,Cancelled
92ce3c02-2cb5-43f2-bf40-e989a954032e,60cd80b6-3967-4dae-b4df-adc7b5644971,2025-03-16T10:16,9,57.96,Cash,Completed
ab441ed1-faf6-48a7-9b5a-2899ab8d9e11,2a109685-1399-4149-8951-fba29bb0360d,2024-08-07T10:16,6,136.86,Card,Cancelled
fb648fa7-6c84-47d7-a346-85174284cb87,500fde18-ea61-4380-9ea4-f06d09985870,2025-03-04T10:16,7,160.51,Card,Completed
021cbaef-7ea1-471f-a340-813a96b7beeb,a5ffc907-be77-43e6-8694-4a0bf09bd3fb,2025-01-29T10:16,9,159.03,Online,Cancelled
a32e6958-a9df-4740-9f7b-eaf67481ac5b,6117b6f0-c4f4-4bf1-9eeb-f33950decba8,2024-09-08T10:16,6,72.54,Card,Pending
d2ff9645-ac85-4faa-89b6-fd7ce0d153b6,4717d2a3-4b2a-44f1-b960-a2b73e2d23fd,2024-05-21T10:16,5,45.05,Online,Cancelled
a52ff540-f905-4e77-8f23-dd1df35a5611,c0d74d86-5c5b-481d-b8e3-61eeb9c77255,2025-08-24T10:16,8,139.68,Cash,Completed
9d31fb71-5f10-4b13-a92a-5035a6ca0a80,0dd437d0-74fa-43c3-8909-5c955e4d47dd,2024-02-19T10:16,8,179.20,Card,Cancelled
ad9f2185-81e6-4d11-857a-331f68e30baa,11526850-7335-463f-b740-a52a90457c3b,2025-10-28T10:16,6,137.88,Cash,Pending
f8d718a7-7735-4a0a-8cf9-7245d0f6d848,1407e9cf-22c9-4137-a2fe-cc12dc038235,2024-03-31T10:16,6,131.58,Cash,Cancelled
6c32a5e4-a9a1-480d-b640-793f39e2b906,fe624323-ba72-456d-9842-ed9e0edc75df,2024-04-07T10:16,8,163.92,Card,Pending
6be1fb0c-9fa7-4551-9600-52b998824a21,9b9edd1e-b4f7-414c-b8b5-a3dc51fa0a8c,2025-05-07T10:16,3,30.72,Card,Completed
2820c8b3-92fd-4acf-9999-66687e7e71d4,68169a66-a8d4-4763-914e-7befc826445b,2024-08-29T10:16,7,101.08,Online,Cancelled
2c5db81f-40da-491a-bc47-ce5ae9e81a10,0a15d43b-8f6b-444a-bef2-ffbddfdbd16f,2024-04-18T10:16,7,163.03,Online,Cancelled
61af5a73-1218-4716-9f67-a260ee6c8c4c,8e1bbe6c-7b75-46dc-8ca1-0b1664cd6ae4,2024-01-06T10:16,1,13.58,Cash,Cancelled
dbd7198e-26a8-43f8-9bc1-8669484b3212,1a31c678-d420-495a-aff3-0f1609514e1e,2025-07-27T10:16,4,62.44,Card,Completed
a5d8243b-d7df-437f-a938-db995ca2ce3c,2ca088cd-c6c6-4e60-a1a4-d2990ee21b12,2025-09-22T10:16,3,61.44,Card,Cancelled
a7af678e-6d6a-4330-81a6-62fdbc8c3534,89d26a00-0fde-4c03-8430-b06f6bc3f33a,2024-06-07T10:16,3,88.26,Online,Completed
70a0dca8-1c35-406d-b061-f749b5a4da6b,5eb75bc0-d5fa-4209-9d42-7767f3f0585b,2024-10-25T10:16,4,86.72,Card,Completed
d9b93d4e-072d-4024-9923-73b360a44a83,cd50913f-8c99-4253-9134-0cf5fe5f300f,2024-03-06T10:16,5,106.85,Card,Pending
7003966c-ae6a-4c6d-8958-bfd20b40b37b,14eace30-1ac2-411e-8eef-98e8f32a87fb,2025-07-04T10:16,7,53.48,Cash,Cancelled
8fbb1801-cbfa-419e-94c7-a96d6d49ab7d,d33bbfcd-a2ca-4e80-8a1c-65223f061e7e,2025-02-01T10:16,3,77.13,Online,Completed
e7ad9e04-cb67-4836-b5a0-0fb36aed3174,27e45431-1333-4ffd-a0c8-be56ffdc5d4e,2024-08-27T10:16,7,121.66,Online,Pending
ca6a162d-d070-40ca-a826-d94e71043da1,e6cb1215-5314-4d05-bfd1-f6e5d36e89f7,2024-01-13T10:16,2,54.36,Cash,Cancelled
604022b0-61c7-41f9-a742-40559f8ef8b8,4e44f26d-5455-405b-8fdb-63ab8b739ecf,2024-03-11T10:16,8,144.72,Card,Pending
8173fa88-8781-48a3-aff2-f4d7449c2f38,824998a2-7592-4051-ab0b-d5e12743c93b,2025-01-22T10:16,1,15.48,Cash,Completed
02f7cbbb-8fd5-44a8-be51-9797d93ed1a7,b3688304-b24b-416a-9bf4-c2b6aaeb59d3,2024-05-25T10:16,5,59.45,Card,Cancelled
b75fff17-ee87-412e-97d8-2b2b1d6f8690,3ab3404a-ee80-4ed2-8d90-a6f0dad14e48,2025-07-09T10:16,6,73.98,Online,Pending
d8587c54-675e-4417-a6ad-d1690e19702c,49af098b-bf79-4643-8e49-739ea932d38b,2025-09-07T10:16,3,34.44,Online,Completed
28d80d59-144b-4faf-85a4-21bf0c0c09ca,9c53f3f8-5b22-4d77-bd76-cfa6c70e443c,2024-11-07T10:16,5,100.25,Cash,Pending
ea26f164-5ca1-417f-ba87-cab783c6a9d8,4b14a58c-f1e4-40b6-888d-a88cd7055099,2024-01-11T10:16,5,75.25,Cash,Pending
9a33b292-d3c4-48b9-87d8-376299dc3d34,52fbb114-83aa-432d-b2f1-f3e37a5c4754,2024-01-15T10:16,3,46.53,Card,Pending
7224b4c1-c4e2-4b74-82d9-b4289d2e94b9,74e76582-f1b8-4560-b049-8aebb59d4721,2024-05-22T10:16,1,5.06,Online,Cancelled
68d2d0ae-cad2-4adb-af26-e432a89cdc03,bc58b12c-65c4-4f21-89ef-3e492a22ef7c,2025-10-24T10:16,4,119.32,Cash,Completed
a17e8d3b-69b3-4fd5-8ea3-6bf98c35f84a,a302a1a8-c429-406f-abff-9f273aa0a4b5,2025-02-27T10:16,7,95.13,Cash,Cancelled
e614f1f8-84b4-4fa8-bf9b-a092a657acac,6f61ca8e-51a1-48e0-abfa-88326e713e34,2024-05-30T10:16,8,45.60,Card,Cancelled
10c2e1ea-a2d1-46f0-88c6-bbe6f9538ba5,4b14a58c-f1e4-40b6-888d-a88cd7055099,2025-07-10T10:16,9,94.86,Online,Completed
cb6ea8b5-6c6a-4984-820e-f241b5952a3c,1a31c678-d420-495a-aff3-0f1609514e1e,2024-10-27T10:16,5,119.70,Cash,Pending
4749f521-5f4a-4877-b7d6-aaeec1c74d80,52c87fd9-fdf0-4256-b929-6153ad24a0ac,2024-04-29T10:16,7,149.66,Cash,Pending
0dc4698f-48ce-4cc4-93df-a748e609539d,941529ef-2114-4bff-907a-4596ff4593a1,2024-09-10T10:16,6,171.12,Cash,Cancelled
bf72aa5b-845c-4e9b-a57d-93328bd3229c,a190f67b-21df-46bc-8164-46bdfa00af85,2025-01-05T10:16,3,42.75,Online,Pending
f52cf9cd-0acd-46ac-9413-a5f36160475f,2c6dafc9-06cc-4b3d-8b8d-12aae0644c58,2025-04-23T10:16,9,179.01,Cash,Pending
6579d37a-4d77-4e9b-9e46-7d111ed1c7e6,02c65c06-56ad-4670-b8e2-10ab417c7154,2025-08-02T10:16,1,25.24,Card,Cancelled
aa409cff-e675-48e2-b85b-eff0c497de65,7509850a-5062-4da9-aad6-bc5b9e363ef1,2024-03-26T10:16,1,17.27,Online,Pending
11bdea95-f5ff-41b1-ab6a-dea44a8f8c3c,485b65e7-fdf4-474d-afba-37986d8d3cd8,2023-12-07T10:16,4,110.00,Cash,Cancelled
e38624dc-fe52-4a85-bca6-51080fc32eda,1233cc27-7567-48e0-8dd2-6b0019506c2f,2024-01-20T10:16,9,186.66,Card,Completed
1dab6898-e62c-4b48-bf08-593e548fa61a,36b880b0-e9bd-4c0b-8f1c-32018f6c758a,2024-11-14T10:16,9,61.02,Cash,Pending
0397d967-dcb6-41d6-bdb7-28d6c39d9ad4,d5eaf6a7-76cc-48ec-98d9-ba713e2df70f,2025-02-14T10:16,6,33.18,Cash,Pending
0f4f71e7-771e-438b-865a-ba030defab74,8887df7e-682b-4d48-b18c-c1ddfa0aaa26,2025-06-15T10:16,2,50.46,Cash,Cancelled
8e567821-2fee-4109-9a61-05310ea3ac12,09ba4183-1b94-4f8c-bc5f-eca421a88524,2024-02-17T10:16,2,10.44,Card,Completed
cc75e33a-29d0-4be0-928a-d68c13bdf08b,f3826f04-0dfa-4266-8002-58fede0093f5,2025-08-11T10:16,9,65.07,Card,Cancelled
97ebcf2a-13ac-467e-b839-e15da6dbf650,49af098b-bf79-4643-8e49-739ea932d38b,2025-07-29T10:16,7,35.56,Card,Cancelled
d43fa1e8-efba-4cbc-b8ed-ce46a8f77f8b,99c406e7-092b-4eeb-bc08-56fc041c253d,2023-12-05T10:16,9,193.68,Online,Completed
bd39a855-8645-4cc0-8c99-eb88e0f36fa0,fdb5454e-2230-489e-ade4-9218ff28cbd8,2025-02-27T10:16,4,87.32,Cash,Cancelled
40f8b417-6dd9-452e-97e9-b89f6534c817,25659c0e-6eb5-4c57-add8-fb6ac5f42699,2024-12-21T10:16,5,87.20,Card,Completed
49474a72-61c7-4ea5-9881-8a69ebcbd5d7,428424b7-1f94-496a-8b7a-497ce177d32c,2024-08-20T10:16,1,28.13,Card,Completed
fa7f64a6-b6a4-4abf-a633-e90216c2a74d,401a6911-a31e-4892-adc1-56e3e1eb090a,2025-03-13T10:16,8,109.44,Card,Pending
e2c05917-996f-4a07-86ee-c0c7f6aacaeb,ec3490d2-e8da-47ee-ae12-0ca0b1d7a2bb,2025-08-01T10:16,7,205.31,Card,Completed
214b7e4d-8056-4532-bcb2-d34b50ed8f04,e119f98a-df63-41dc-8e01-bb49ca2dc724,2025-02-21T10:16,8,214.40,Card,Cancelled
c1f19c57-ff63-4bc8-a5e0-710edf35715a,7a2e5fa5-096b-4701-8ce6-7a3db39bf8eb,2025-11-09T10:16,6,133.38,Online,Pending
ae882540-b20e-467f-8fcb-a0fa918ff216,4e44f26d-5455-405b-8fdb-63ab8b739ecf,2025-08-31T10:16,8,90.72,Online,Pending
3feb7c62-b9d1-4b35-b4c1-9b51f2692bc5,25659c0e-6eb5-4c57-add8-fb6ac5f42699,2024-03-18T10:16,9,172.98,Card,Completed
9fad832e-facb-493a-8cba-5ad9327b64ae,d3f641e5-b8b5-4f5f-9155-7768df2033e8,2025-01-18T10:16,4,114.08,Card,Cancelled
2fa6d565-fe35-4a0d-98f8-9907e0431bb6,0b2a0e9a-e050-4380-b607-57adcbbf59d4,2025-10-04T10:16,4,82.16,Card,Completed
a15f1c9a-1b3d-49a7-962b-1c1b03fa9181,4bb2d776-14c0-4ef6-b8ba-c580cbed72b8,2024-02-22T10:16,1,25.00,Cash,Cancelled
718e76e8-ab25-4281-bd7b-de3b02158142,d3f641e5-b8b5-4f5f-9155-7768df2033e8,2025-10-29T10:16,9,66.24,Card,Pending
4b070cb4-d385-4035-929a-0d52c702f3ea,8250871a-2b35-424e-a1a1-4eb4faffabfb,2025-05-10T10:16,4,110.44,Card,Pending
e50e5a75-7cc3-4671-aa5c-fa2c8645539c,2ca088cd-c6c6-4e60-a1a4-d2990ee21b12,2024-06-24T10:16,9,225.45,Online,Cancelled
13053667-08df-44c0-9f2a-ee9142395f41,485b65e7-fdf4-474d-afba-37986d8d3cd8,2024-07-26T10:16,8,123.84,Card,Completed
c503095d-5b89-419e-aab3-cc54fd41cab5,b3688304-b24b-416a-9bf4-c2b6aaeb59d3,2025-01-27T10:16,9,158.49,Cash,Cancelled
d705cdb3-c92b-457b-8b30-2ccd460186b2,65b2c0ea-6192-47fc-9286-2c1dd3ecefb1,2024-07-24T10:16,9,92.70,Card,Completed
4a050cb6-45b9-4818-8173-104eaf22b2f3,d3f641e5-b8b5-4f5f-9155-7768df2033e8,2024-06-01T10:16,2,34.26,Cash,Pending
34ad240e-2165-403b-9460-cc84e991677c,bfa3444b-2be9-46be-b944-720d86a59770,2025-09-25T10:16,5,32.25,Card,Pending
a8a13088-f537-4b12-a150-998d9c132c52,983d66ae-c8b0-46b8-8abc-26a1055cf729,2025-01-30T10:16,8,121.36,Card,Cancelled
e32f2a3f-ebff-4c31-ae59-f8e7126a2dfe,d33bbfcd-a2ca-4e80-8a1c-65223f061e7e,2024-05-28T10:16,2,42.94,Card,Pending
8c8e3e27-2414-4624-8723-16969691afd4,b014b56e-3263-4b63-8430-46e00bc5ea77,2024-04-13T10:16,9,128.79,Card,Cancelled
5c9c475e-1468-4232-83e2-614c22b76d14,ba5d9947-b043-4aca-8ee0-6b77895cf8e8,2024-03-24T10:16,4,114.64,Cash,Cancelled
50a81b4c-02b6-48a1-b68d-cea19a7917b4,3910ab11-8758-4a4f-8a9b-c4f5df7413c4,2025-07-14T10:16,4,49.88,Online,Completed
185bae34-79ac-4f3d-a8e7-905bafae857c,3ab3404a-ee80-4ed2-8d90-a6f0dad14e48,2025-03-08T10:16,2,33.26,Cash,Pending
0be9e258-a7b4-4d2d-93f1-2fdf0b1c22c1,0a5a9fc7-e126-48f0-99aa-dea85c606f66,2025-08-06T10:16,9,64.98,Card,Completed
266f3ee7-d97c-49cc-a843-dc4916afdce5,0b2a0e9a-e050-4380-b607-57adcbbf59d4,2024-07-22T10:16,6,60.72,Card,Completed
1c31baa3-fba3-44d3-9932-2be00ff5a366,7d2df59f-386d-4aec-85a8-2443262a0cb4,2024-03-08T10:16,3,72.39,Online,Completed
c465acfc-0dc8-4a64-a9ff-7b17bf1ad89d,c5817fdc-a4dc-4879-b957-30cfda62016b,2024-08-20T10:16,9,77.31,Cash,Completed
55469dfe-78a9-4bf0-a461-beb0efb0520a,d3f641e5-b8b5-4f5f-9155-7768df2033e8,2025-02-24T10:16,5,131.05,Online,Completed
9b6b1816-8c85-4e49-945f-f3359802796d,6e551d53-4f6d-4b84-a9de-3d7c79694805,2024-07-23T10:16,7,98.00,Online,Pending
82e71f7f-592f-46d0-b968-00429797f721,27e45431-1333-4ffd-a0c8-be56ffdc5d4e,2025-01-21T10:16,8,203.68,Cash,Cancelled
726d3c85-a77b-4697-aceb-a0d3b1eb7193,fe624323-ba72-456d-9842-ed9e0edc75df,2024-07-05T10:16,5,122.50,Card,Pending
1869da18-4b8e-4bb7-9f89-cd35b03b3d18,d5cfb1a3-ce2f-4aff-ab4c-50e0c5426af1,2024-12-22T10:16,1,7.60,Cash,Pending
90f70c4a-b33e-4bc9-bb08-d0d46572b5dd,c0d74d86-5c5b-481d-b8e3-61eeb9c77255,2024-03-29T10:16,6,168.48,Cash,Pending
be3e24b6-8d14-4ef3-bac1-8b53d5d65408,05ccd8a5-ea5f-4353-bd1e-3022152b0685,2025-10-03T10:16,7,165.13,Card,Cancelled
77ebc6c8-7663-4505-a05a-25f483d5da12,6b1178fc-1745-401d-88da-3903c243ebe9,2024-01-05T10:16,5,94.80,Card,Pending
4b3f7c4d-7a58-4adc-bd23-8fa4587a7d9e,77ca464a-fe0d-4dcc-8f08-3eb2f7b64f76,2024-08-24T10:16,7,98.49,Card,Pending
67d34a9c-0868-418f-8172-d05e9eb5d2e7,6945f6f4-b8f9-4d04-90ff-e59ed705578e,2023-12-08T10:16,1,9.28,Card,Completed
73404c08-b42c-4409-85fd-2dea24c35a3f,4b14a58c-f1e4-40b6-888d-a88cd7055099,2024-04-02T10:16,3,65.73,Online,Completed
933a8428-385d-457c-a0c6-227f10e97231,cd50913f-8c99-4253-9134-0cf5fe5f300f,2025-10-16T10:16,1,13.10,Online,Completed
fb04fc1b-03b4-4ece-acbd-9190d08e88ea,bb6bf39c-f455-4e08-a59e-1bdaaa91d4aa,2025-03-23T10:16,4,116.52,Card,Pending
7d2bc130-1431-464a-9700-6ab709df10c7,46032f36-69bc-465a-9b33-a5d560bfd77a,2025-07-07T10:16,9,143.37,Card,Cancelled
93beb38e-990e-41a9-af7c-28d54bc757ef,1a48aa9a-def3-481d-922a-94300aa97309,2025-05-08T10:16,8,141.68,Card,Cancelled
740caabc-67d2-4252-b036-36d51a460c2a,8887df7e-682b-4d48-b18c-c1ddfa0aaa26,2024-06-17T10:16,8,47.84,Card,Pending
13537b68-0370-4c7e-930d-7f92abb575da,c83bba2f-5229-4998-9566-1f3179b13e8a,2025-10-05T10:16,5,120.85,Cash,Pending
96426b73-e6a1-44e6-b6ce-17aa286aef22,515fe1d2-d33a-4b9d-8c19-07e0cbe81a9a,2024-04-28T10:16,8,184.40,Cash,Cancelled
4d7e7d9d-a47e-466c-86cc-b3a4bcc8e352,73a2b03c-2dca-486e-8ebc-c4d6bb68a8c6,2025-09-29T10:16,7,112.56,Card,Cancelled
d6a5b404-c6c7-459d-adeb-81e6ac8c8785,a302a1a8-c429-406f-abff-9f273aa0a4b5,2025-02-17T10:16,1,19.41,Card,Pending
d7a97c32-39b6-49c7-8672-4fcc527e01e3,b6c26110-1b77-4777-8c79-c69ec19b66df,2024-12-22T10:16,3,53.40,Card,Pending
03f16046-8de7-4f66-97ad-662058af81b0,92da274a-bea2-490a-bb52-196c46fa8487,2025-09-16T10:16,2,54.26,Card,Completed
6d93b7d5-da8f-44a2-8a8d-7b85fd1c47d5,7169ef0c-f2c8-4ae3-83f6-87691664d2d2,2024-07-19T10:16,3,21.75,Card,Cancelled
17da3cf2-8a62-4710-b2e2-b34f441532d5,99c406e7-092b-4eeb-bc08-56fc041c253d,2025-09-25T10:16,6,87.96,Cash,Completed
3c19fd12-c7c7-4e21-ad02-e024ccab01b3,f067e21d-d1d4-4e87-9cae-9753f5f9ccb6,2024-07-19T10:16,1,17.02,Cash,Completed
fbea4a1a-1155-4f16-a7b5-8aa5c36ea304,5400d214-6176-40bf-88d2-3f53ed38bf69,2024-09-01T10:16,7,51.59,Card,Pending
16117153-097b-4e10-869a-843c87b87868,365c90d0-a590-4209-9401-2ce55af5ed98,2024-04-15T10:16,8,151.44,Cash,Cancelled
b0aad8b3-7661-45b2-8ef0-695b93ce1c7d,d87f31d7-79ef-4c17-856e-142e791b04da,2023-11-16T10:16,5,109.50,Card,Completed
b71e5b93-f7cd-4da1-8ca2-fe62bba4403d,f543de06-e341-4de2-95ab-ca0fd3ee51fe,2024-06-23T10:16,5,72.40,Card,Completed
9ff83368-793b-4e3e-a313-d5b148a9c0e7,9305d562-2505-493d-8ed8-3fb721c8f491,2025-07-19T10:16,6,107.64,Cash,Pending
2347d637-11aa-4809-a097-8e9178cdc2ec,365c90d0-a590-4209-9401-2ce55af5ed98,2024-12-28T10:16,6,132.60,Card,Pending
ade5a1da-644c-4980-8246-801d467152d7,e7991221-0de0-4ef8-aa9c-ca3b59197059,2024-12-03T10:16,7,102.20,Cash,Pending
29b8a5ab-e1b8-43a9-b2d4-2aaadaba3f57,428424b7-1f94-496a-8b7a-497ce177d32c,2025-09-06T10:16,1,20.98,Cash,Cancelled
4ce5989e-6a87-4a68-a9d8-7c076c292956,209e786b-2a61-4e52-a3b2-1cc98bcbf18c,2025-05-17T10:16,5,69.30,Cash,Pending
e9acf22e-22ae-42e1-a144-cae705eb6ce5,f6c35464-33dd-44a7-bf84-071f2e427045,2024-02-15T10:16,5,125.55,Online,Cancelled
1a889381-27ac-407d-a795-fd455093aabf,fdb5454e-2230-489e-ade4-9218ff28cbd8,2023-12-14T10:16,9,65.61,Online,Cancelled
696ac9a6-78be-451d-a1b7-027dbd7e17eb,8887df7e-682b-4d48-b18c-c1ddfa0aaa26,2025-08-12T10:16,5,78.20,Cash,Pending
3ab8d131-5dd6-4852-8708-43da6ba0ca3b,6e6d2c67-f7fb-4a98-8f9a-4822259b25c4,2024-04-18T10:16,8,126.08,Card,Pending
da74b133-1b0b-4b84-a372-a11e8b8e1246,0a15d43b-8f6b-444a-bef2-ffbddfdbd16f,2025-09-29T10:16,5,28.10,Cash,Cancelled
a17d2a67-25aa-4e47-a1dc-c6dfebe686b9,8b115a34-224b-453c-be69-b53a7445b466,2024-12-31T10:16,8,71.76,Cash,Cancelled
c2d26c51-e83f-4b13-b797-dadbb699603e,f067e21d-d1d4-4e87-9cae-9753f5f9ccb6,2025-01-14T10:16,3,80.10,Card,Pending
173404bc-1e62-4a31-84f6-385182ecd4d2,209e786b-2a61-4e52-a3b2-1cc98bcbf18c,2024-07-19T10:16,2,35.26,Online,Cancelled
c1c51a06-1c99-4459-a38c-2ada2f0134ea,cf65c4b6-4c1c-420b-95de-23e5b56ffad5,2024-07-22T10:16,5,105.35,Online,Pending
c8168605-8a70-45ec-a6f3-497c124fb502,ef7fad1f-a86f-4ee1-95b4-ce1f339f0fa5,2025-08-23T10:16,7,134.82,Online,Completed
5ed62f02-2de2-42ed-ae4b-2bfdbc17aa87,90f0db1e-2b19-43f7-ba17-233c7c214eca,2025-02-25T10:16,5,145.95,Cash,Completed
cb50b8bf-387b-4930-9cf4-fea7e7474b91,02c65c06-56ad-4670-b8e2-10ab417c7154,2024-06-30T10:16,6,140.70,Cash,Completed
a69ed692-99ab-427f-b062-6fdbc9829b4f,050d9901-1cb5-413a-9c31-282028f863c1,2024-10-24T10:16,4,70.92,Online,Pending
4240bf77-9af0-4788-bc08-0df691815fe4,983d66ae-c8b0-46b8-8abc-26a1055cf729,2024-04-12T10:16,8,228.16,Cash,Completed
610bd410-010d-42ed-a8e2-70c9026a6bb1,92da274a-bea2-490a-bb52-196c46fa8487,2025-05-30T10:16,4,59.24,Online,Completed
d1c554f5-3178-47a5-b745-48b7a33d6c4e,1a48aa9a-def3-481d-922a-94300aa97309,2024-12-22T10:16,5,28.50,Cash,Pending
e5edce2b-4d84-4f9a-890c-3dab4ce952f8,8f7f530b-bb30-4a05-b437-744ed30af54f,2024-08-18T10:16,4,95.40,Card,Completed
17fab808-c43c-4666-9ffa-c8ebe8c737d9,46032f36-69bc-465a-9b33-a5d560bfd77a,2024-04-01T10:16,4,85.96,Card,Pending
1f0cbb0a-f0bd-4112-bfca-c4e004c556a7,52c87fd9-fdf0-4256-b929-6153ad24a0ac,2024-08-11T10:16,4,24.64,Cash,Completed
0a96e778-d06e-4adb-8f2d-379fb8669350,5eb75bc0-d5fa-4209-9d42-7767f3f0585b,2024-01-07T10:16,4,29.64,Online,Completed
2a4d62ce-b6da-4986-bf0c-e13e56d2fdac,5400d214-6176-40bf-88d2-3f53ed38bf69,2024-11-28T10:16,1,19.96,Online,Completed
25e8fa65-305a-4d88-90ec-a8cd31684043,68169a66-a8d4-4763-914e-7befc826445b,2024-10-19T10:16,8,159.04,Cash,Cancelled
911fce78-fdc2-4d60-977e-10b99098904e,000f9c8f-2fc7-4346-844d-c04f10751265,2025-02-17T10:16,7,204.82,Online,Cancelled
7353c096-80b0-4297-aae9-f8a1c18f0446,d5cfb1a3-ce2f-4aff-ab4c-50e0c5426af1,2025-05-06T10:16,5,110.65,Cash,Pending
f64e4c02-e33a-4bb3-bf80-7ac54487f95a,6e6d2c67-f7fb-4a98-8f9a-4822259b25c4,2025-09-07T10:16,1,6.24,Cash,Pending
ab93c640-1a32-47c4-b254-3c8710bc25dd,49af098b-bf79-4643-8e49-739ea932d38b,2025-02-13T10:16,6,33.66,Card,Cancelled
0a52a581-9496-4c2d-bacc-da87a8ca3950,5400d214-6176-40bf-88d2-3f53ed38bf69,2024-10-26T10:16,1,14.38,Card,Pending
40356de8-068c-4aaa-b859-ee04af359946,8887df7e-682b-4d48-b18c-c1ddfa0aaa26,2025-05-14T10:16,9,126.90,Online,Cancelled
0c18ec65-a012-47a8-9536-280eff474841,6b1178fc-1745-401d-88da-3903c243ebe9,2025-05-22T10:16,9,66.96,Online,Completed
ca431520-447e-47fc-9f0d-6a0b55ff45af,4717d2a3-4b2a-44f1-b960-a2b73e2d23fd,2025-10-26T10:16,9,136.80,Cash,Pending
56008e97-19a4-4bfc-b77f-9d37b0adb425,63846b60-b7be-4087-ac6e-56c9bc130a20,2024-07-16T10:16,5,80.15,Cash,Completed
07e6ff39-e780-4423-96ba-8be432b9d73b,885715b6-b1eb-44ca-8460-28c0343e56f3,2024-03-31T10:16,1,15.62,Card,Pending
cfebf89c-aa57-4800-aacd-9b6418be95ee,9fa382f0-8393-48db-ad30-43c953282401,2025-09-18T10:16,5,139.60,Cash,Pending
6470b041-a98d-4d15-a188-548bd07bc530,ec3490d2-e8da-47ee-ae12-0ca0b1d7a2bb,2024-08-22T10:16,1,13.16,Card,Pending
05d366cf-efa0-4fb1-a994-a84cceb9f9b3,02c65c06-56ad-4670-b8e2-10ab417c7154,2025-10-13T10:16,9,46.98,Cash,Completed
d143c611-04fa-4e92-b5e8-edd5bcba5d9f,824998a2-7592-4051-ab0b-d5e12743c93b,2024-06-07T10:16,9,243.54,Online,Cancelled
6016317d-1b74-4db8-b1b1-19029c664698,0a0ac3e5-6e20-4fbc-87ec-5481c70e38bc,2025-06-20T10:16,5,51.40,Online,Completed
689a52bf-5111-4f89-8f2d-2650678224d2,f067e21d-d1d4-4e87-9cae-9753f5f9ccb6,2025-03-09T10:16,6,151.50,Card,Cancelled
4ac576c3-a7ca-40f4-bc54-ad5b5ce7a65c,80537cf2-360f-4740-8b7e-d4cd56e22987,2024-10-31T10:16,5,78.55,Cash,Completed
da121a4c-afc8-4f82-bc92-e1b6e87a94ed,4e44f26d-5455-405b-8fdb-63ab8b739ecf,2025-09-29T10:16,3,70.35,Card,Pending
a28c8358-54f4-44a4-9dad-647fc8071883,ef7fad1f-a86f-4ee1-95b4-ce1f339f0fa5,2025-02-21T10:16,7,166.53,Card,Pending
392268a1-fff5-4b24-a2e5-f5ac17af39fe,d3f641e5-b8b5-4f5f-9155-7768df2033e8,2024-02-04T10:16,9,164.61,Online,Pending
a47049c7-9637-4562-a031-74fb0b9e0c32,983d66ae-c8b0-46b8-8abc-26a1055cf729,2024-06-27T10:16,3,24.96,Online,Completed
9c3c7425-0b1c-4ef0-b039-7cef3a4691c9,99c406e7-092b-4eeb-bc08-56fc041c253d,2024-09-03T10:16,9,140.13,Cash,Pending
282e9621-36b7-49bb-a98d-550d231d1985,8b546c63-5406-493d-bc69-cfb594b38267,2024-06-28T10:16,6,144.18,Cash,Pending
c1c04dc8-7838-427c-b880-7b89c7e2eb1a,00d7ae70-0f46-4453-963c-4ab2a3d29314,2024-09-21T10:16,6,31.26,Online,Pending
ba564a4b-70c3-4612-9c27-51768ac98dd9,59827b2a-ae17-44b1-bd6f-6f08718559cb,2025-10-09T10:16,7,200.90,Card,Completed
0a0f97ce-387c-42f9-9cec-73e776f988e2,a3f626b9-cc27-4c04-8570-be79ab8bda4a,2024-07-22T10:16,5,108.40,Cash,Completed
ba69e48d-9968-4f5e-82e1-3f8954a36992,3befa4dc-d961-4a3a-9410-d43d1bdaa335,2024-01-21T10:16,5,129.45,Card,Completed
fbe8f51d-e7fd-4b4d-853c-320e9df061b8,e277d099-db2a-4aee-ab86-8b0e73a34383,2024-03-09T10:16,6,67.62,Cash,Cancelled
1976e8b7-18e2-4976-8773-9e5b133d7862,d87f31d7-79ef-4c17-856e-142e791b04da,2023-11-28T10:16,5,113.25,Card,Pending
5f108d30-20af-4d8d-a418-0e9d57ab67ce,941529ef-2114-4bff-907a-4596ff4593a1,2024-06-17T10:16,6,65.04,Online,Pending
68f5829b-5fc5-47ff-8f36-10e6689192d4,39cb44e2-a541-4b98-bc0b-db5f31cf8710,2025-02-07T10:16,3,68.22,Card,Cancelled
21d4ad32-b0a6-4460-8d11-d5da8f5f269a,9fa382f0-8393-48db-ad30-43c953282401,2025-07-27T10:16,4,108.84,Card,Cancelled
5bdffa4d-eed5-4914-8ae9-991e9b19ba78,23650eb4-f98d-45a3-a90b-a378f03d469d,2023-12-22T10:16,8,113.84,Cash,Completed
a8e48102-46e2-4bd1-87a2-196412547aa2,4717d2a3-4b2a-44f1-b960-a2b73e2d23fd,2025-06-13T10:16,6,156.66,Card,Completed
27f76049-6628-4216-ad1c-e0898f0d735c,80537cf2-360f-4740-8b7e-d4cd56e22987,2024-07-16T10:16,6,76.26,Cash,Pending
39dc2124-6bb2-461e-8614-58573063cc62,e119f98a-df63-41dc-8e01-bb49ca2dc724,2024-03-05T10:16,6,31.62,Card,Cancelled
8a59f9d6-3a9f-411a-9909-9070e924af63,7a2e5fa5-096b-4701-8ce6-7a3db39bf8eb,2025-05-14T10:16,1,29.46,Cash,Pending
3b782f45-b91d-482b-aa56-a85ea57edcad,fe624323-ba72-456d-9842-ed9e0edc75df,2025-04-10T10:16,2,53.08,Online,Pending
ba92471e-4764-4213-aebc-50e02e363328,5f0f3def-9ff6-4282-ad04-001c4a769966,2025-11-09T10:16,9,55.53,Online,Cancelled
4441faa9-b974-4535-af30-9066a3b1ae85,8e1bbe6c-7b75-46dc-8ca1-0b1664cd6ae4,2024-03-03T10:16,5,29.45,Card,Completed
3cea33b5-c36a-4308-b20c-477b7ef06136,89d26a00-0fde-4c03-8430-b06f6bc3f33a,2024-12-21T10:16,1,13.32,Cash,Pending
dbc1b51b-fa2b-47ca-a933-9606c9cef56f,7a2e5fa5-096b-4701-8ce6-7a3db39bf8eb,2024-01-12T10:16,7,121.17,Online,Cancelled
7b9afc55-acd9-4658-b150-b7663257d021,103fcba5-5588-45a5-9fe0-6ac948d3860e,2025-10-13T10:16,5,79.75,Cash,Pending
86299cfc-5859-4637-95fe-4fec91899721,59827b2a-ae17-44b1-bd6f-6f08718559cb,2024-07-06T10:16,6,70.08,Cash,Pending
6ad3b019-a2e6-486b-813b-ade9ee07daa3,7509850a-5062-4da9-aad6-bc5b9e363ef1,2025-04-12T10:16,1,9.55,Online,Cancelled
c9a216c4-e918-4bc7-8248-571cb93c70ff,0a570207-0f70-467f-bbeb-44a0a60a9a25,2024-10-05T10:16,7,124.60,Online,Pending
8f5ad3b3-1032-4c8b-b60c-14d0dfe1fd7c,09ba4183-1b94-4f8c-bc5f-eca421a88524,2024-12-11T10:16,7,85.68,Online,Cancelled
e95f2dcc-35fd-4050-aecf-bb899582c496,205ea7f7-e714-45b8-a083-11247ff702a1,2024-01-14T10:16,7,85.75,Online,Cancelled
7b92ff82-0ef3-49ae-9867-2518a56594ff,52c87fd9-fdf0-4256-b929-6153ad24a0ac,2025-01-13T10:16,7,183.40,Cash,Pending
ea432f7b-e58a-46eb-8c54-e040e2924590,c9dcc28a-ae5f-477c-ae7e-72d94129f449,2024-04-23T10:16,6,58.26,Card,Cancelled
d23c9697-94d4-4aa1-ba9c-3a9bdd300b01,b6c26110-1b77-4777-8c79-c69ec19b66df,2025-06-05T10:16,6,107.64,Card,Pending
0b073144-06eb-4a6d-9fc0-9062d08ca663,0d463f72-c3a1-4a2b-8d0d-1721a0d1a06b,2024-12-29T10:16,6,98.82,Online,Completed
e4e98e33-ca3e-489f-954f-a78806ade7dc,dcfb3d05-846d-4915-99f3-ebbc7559d972,2025-02-14T10:16,4,112.48,Card,Completed
49ab3ce2-ff2d-4dcd-b69c-17c57480c0dc,d87f31d7-79ef-4c17-856e-142e791b04da,2025-09-19T10:16,3,61.80,Online,Completed
4045204a-fac3-47d6-b868-61c02faed48b,4739f27f-7a96-4d52-83ae-0c6fd4c8c606,2024-08-16T10:16,5,51.80,Cash,Cancelled
d677b0a9-5cba-419c-b492-b72b1144ec6e,14eace30-1ac2-411e-8eef-98e8f32a87fb,2024-05-23T10:16,9,252.72,Card,Cancelled
fd5fbee9-a39d-4e17-90ee-28dc41b9b0cf,1eeb9c5f-5b7a-47af-b4f1-5a50d9d1089c,2024-11-24T10:16,8,219.36,Online,Cancelled
82b1be31-254b-4d78-9a2a-c47ff3e61ac7,7d2df59f-386d-4aec-85a8-2443262a0cb4,2024-03-21T10:16,2,31.00,Card,Cancelled
ea37bf98-f592-4883-8ea7-3c4137282896,a190f67b-21df-46bc-8164-46bdfa00af85,2024-03-10T10:16,3,60.48,Cash,Cancelled
983fdfa5-5118-4dbf-920e-a08047925955,b0d737cd-ec4b-4a88-aa81-d012ef3fb719,2024-03-16T10:16,1,17.60,Online,Completed
b6620ae3-7771-4c78-bcab-e76150c262f4,205ea7f7-e714-45b8-a083-11247ff702a1,2025-10-20T10:16,3,16.23,Online,Cancelled
15fe936e-6283-4395-9dbd-04e0640dc7b7,983d66ae-c8b0-46b8-8abc-26a1055cf729,2023-11-27T10:16,5,40.85,Cash,Completed
a9f2b4aa-475c-402f-be75-38e8b1db8477,80537cf2-360f-4740-8b7e-d4cd56e22987,2024-05-27T10:16,3,18.24,Online,Pending
972a3a3b-494e-4c2b-9a14-708bf5d9ffc8,d87f31d7-79ef-4c17-856e-142e791b04da,2025-03-03T10:16,7,85.82,Cash,Cancelled
ef956e7a-9841-401d-a82d-5b202e7a8aac,7d2df59f-386d-4aec-85a8-2443262a0cb4,2024-03-12T10:16,5,78.95,Card,Pending
5423e430-85ea-429b-a2ab-89aec8f155f1,9305d562-2505-493d-8ed8-3fb721c8f491,2025-07-01T10:16,3,54.39,Card,Cancelled
1f9a9aee-2b4a-4f7b-ae80-c295dafce299,c5817fdc-a4dc-4879-b957-30cfda62016b,2023-11-16T10:16,3,82.98,Cash,Cancelled
8e8ee3b5-73cc-416f-939e-02ee16193e6d,ec3490d2-e8da-47ee-ae12-0ca0b1d7a2bb,2023-12-09T10:16,9,228.51,Online,Completed
1760ca00-8a4b-4853-9f8b-d3d5017db0ad,74e76582-f1b8-4560-b049-8aebb59d4721,2024-11-30T10:16,6,125.58,Cash,Completed
0eb3af21-d09a-40f7-b07a-fcb4ce382893,62a2bfef-ca4a-4dec-90ea-bf15ea1880d2,2024-02-05T10:16,5,79.80,Online,Pending
6de73aa5-bfb1-45f2-b884-1b0e629b8074,5400d214-6176-40bf-88d2-3f53ed38bf69,2023-12-13T10:16,9,74.52,Card,Pending
d8fd2d05-b04a-4aa2-8860-f956e5f9499b,2a109685-1399-4149-8951-fba29bb0360d,2025-01-13T10:16,6,129.54,Cash,Completed
4b8cc9ae-83d2-4682-8476-bcfb04a6e339,0d463f72-c3a1-4a2b-8d0d-1721a0d1a06b,2024-12-04T10:16,1,21.97,Card,Completed
144935e7-d756-4f25-83f5-ac0e265e88f1,9b9edd1e-b4f7-414c-b8b5-a3dc51fa0a8c,2025-01-28T10:16,3,54.60,Cash,Cancelled
d65a4a50-15c9-4bc7-99b3-27ba5e3461d3,99c406e7-092b-4eeb-bc08-56fc041c253d,2024-09-18T10:16,6,161.22,Online,Completed
e2d6ca80-7eea-4c6c-b3a6-ed722ffa3b80,cf65c4b6-4c1c-420b-95de-23e5b56ffad5,2023-11-29T10:16,1,9.76,Online,Cancelled
4af177bc-4def-44dd-a6f6-e73f83e40c3d,953417c6-cd52-45e9-9ca0-bb450653c934,2025-08-24T10:16,6,164.16,Card,Pending
4cce326b-a3a3-4d92-aecb-3f173524420f,8b546c63-5406-493d-bc69-cfb594b38267,2024-06-21T10:16,1,23.50,Online,Completed
d203c2f6-f571-4208-b49e-be201ffc0faa,dcfb3d05-846d-4915-99f3-ebbc7559d972,2025-10-03T10:16,7,78.40,Online,Cancelled
ce5cb32f-6030-4161-b973-ae94f55bed64,8b115a34-224b-453c-be69-b53a7445b466,2024-07-08T10:16,4,110.00,Cash,Completed
5c2a51d9-1785-4070-95f6-04e0b48c92c6,63846b60-b7be-4087-ac6e-56c9bc130a20,2025-10-30T10:16,6,56.40,Cash,Completed
160dc843-88be-4b81-b504-a832761d0e6e,935ebde1-5945-4673-886e-1a7a12cc2d4e,2025-05-22T10:16,4,82.44,Card,Cancelled
448165f7-2cd2-4d0b-956d-69804b748fff,0a5a9fc7-e126-48f0-99aa-dea85c606f66,2023-12-29T10:16,4,40.40,Online,Pending
f43f7e33-5a4d-43f2-b5d6-9d0dde191a22,3910ab11-8758-4a4f-8a9b-c4f5df7413c4,2024-12-30T10:16,2,50.46,Cash,Completed
e6ff4cc4-234e-4bb1-a868-464476696ff4,0130fcd4-a6cf-4a72-8400-7bcae1abce34,2024-10-22T10:16,7,197.12,Cash,Completed
71775960-cde2-47e5-835b-0e545a2a8697,f90cf3ca-e2d0-4129-bc7a-e8a2b80880da,2024-06-03T10:16,1,13.92,Cash,Completed
9b54584b-946c-47bc-b1e1-eb5794e1cab5,6aaabc79-3d35-410f-bb96-f86a3930d0ff,2024-09-16T10:16,5,123.25,Cash,Pending
9600fad6-3c43-488f-840f-c91011ab5871,4b14a58c-f1e4-40b6-888d-a88cd7055099,2024-01-13T10:16,7,149.52,Online,Completed
42b8c719-8b62-4570-a5db-43d1e74d881a,c0d74d86-5c5b-481d-b8e3-61eeb9c77255,2024-07-29T10:16,8,224.88,Online,Pending
2cf1c0a5-c2ef-4411-8864-a215bb44e17c,ceafdb2a-788d-48e0-acdd-bd533a2e7ab6,2025-08-13T10:16,2,44.24,Online,Pending
0086a3d8-b4bd-4221-b569-8984013d93da,fe624323-ba72-456d-9842-ed9e0edc75df,2024-11-21T10:16,5,91.35,Cash,Pending
d634b868-3bbd-4f71-b75e-b58fa2ecf96c,e12c3d24-86c8-474f-b86b-370df36adbfe,2024-04-29T10:16,7,41.58,Card,Pending
d4d5738d-946f-4057-8b6a-71b5977c5e27,4e6807ca-aed8-4ec9-b1b0-0e3aba57efb1,2025-04-17T10:16,8,197.92,Online,Completed
b5631ac7-19b8-4d2d-9066-1c6042ef87e8,6117b6f0-c4f4-4bf1-9eeb-f33950decba8,2025-06-18T10:16,5,51.80,Online,Pending
5a18129a-66ee-4d8e-bea2-d3841e65700f,d5eaf6a7-76cc-48ec-98d9-ba713e2df70f,2024-05-24T10:16,3,69.72,Online,Completed
330744cc-a03e-4747-957b-d692e316ba43,e277d099-db2a-4aee-ab86-8b0e73a34383,2024-10-11T10:16,8,232.96,Cash,Cancelled
4c867178-3a8d-4146-9ffc-ba14b08eefa6,3ab3404a-ee80-4ed2-8d90-a6f0dad14e48,2024-02-29T10:16,8,137.84,Online,Pending
5dfdf2c8-b7d2-4fc3-a667-39680ab07d9a,205ea7f7-e714-45b8-a083-11247ff702a1,2024-07-13T10:16,4,26.96,Online,Cancelled
55bd8b9f-a634-4f5f-8fc0-f364990bbc8e,2a109685-1399-4149-8951-fba29bb0360d,2025-06-18T10:16,9,91.89,Cash,Pending
eba2e0b0-ea17-41ea-8ed9-934195819629,365c90d0-a590-4209-9401-2ce55af5ed98,2025-03-31T10:16,9,221.76,Card,Completed
24628fb5-653e-46c7-81e9-f2efec639d13,ef7fad1f-a86f-4ee1-95b4-ce1f339f0fa5,2025-02-24T10:16,6,92.46,Cash,Cancelled
a244f71b-4cf4-4935-982d-041367a752cc,7d2df59f-386d-4aec-85a8-2443262a0cb4,2023-11-23T10:16,3,40.74,Cash,Pending
3ff741dd-69ce-4e50-94a1-87507e152b9e,b03f75c1-655f-4480-a2bf-1a0af806e96e,2024-05-03T10:16,2,54.86,Cash,Pending
edee52b8-e901-4e92-8be9-dbe53032fb7c,6b1178fc-1745-401d-88da-3903c243ebe9,2024-08-22T10:16,6,73.74,Online,Completed
36acb8d0-5d8a-4c1d-a09c-cfe042609e7e,0d463f72-c3a1-4a2b-8d0d-1721a0d1a06b,2024-01-12T10:16,6,147.12,Card,Completed
de353fe4-8e55-4ff4-854f-f1aa1bf7eaab,6e551d53-4f6d-4b84-a9de-3d7c79694805,2024-11-04T10:16,2,27.46,Card,Cancelled
3c496303-4823-42dd-8895-cf6403f8783b,515fe1d2-d33a-4b9d-8c19-07e0cbe81a9a,2024-02-27T10:16,4,85.44,Online,Cancelled
55478c5c-e5da-4339-bde1-f3aad70cf3c0,8e1bbe6c-7b75-46dc-8ca1-0b1664cd6ae4,2024-05-26T10:16,1,25.89,Online,Pending
93a008d2-ee88-46dc-81ab-92cb6acf1d6a,d3f641e5-b8b5-4f5f-9155-7768df2033e8,2025-09-10T10:16,9,257.13,Online,Completed
89cc0d71-94b7-4123-817c-757694c3c119,c46351bf-193f-49af-a5d6-456188837c3d,2023-11-15T10:16,9,95.31,Online,Pending
7db03a76-0c68-4388-8ca3-94c542033c1e,fe624323-ba72-456d-9842-ed9e0edc75df,2025-03-27T10:16,8,218.16,Online,Pending
4216600f-b046-4456-bc60-8d2d567e158e,4bb2d776-14c0-4ef6-b8ba-c580cbed72b8,2025-02-02T10:16,6,89.58,Online,Completed
bf7c3bd8-c84e-4a9a-9c9b-2ebed531f4b6,0a0ac3e5-6e20-4fbc-87ec-5481c70e38bc,2024-04-04T10:16,5,103.25,Cash,Cancelled
ed91b081-24ba-48fe-b8db-07f359d0babf,885715b6-b1eb-44ca-8460-28c0343e56f3,2024-03-13T10:16,7,60.41,Online,Completed
a6fb52b6-7f9c-4375-8ac7-5c4590b9cc75,726d71e2-70fd-4416-8568-78619c14a73a,2025-08-08T10:16,6,132.90,Cash,Completed
06e68b5b-2bf3-4454-8b47-a4060c4acb6c,8b546c63-5406-493d-bc69-cfb594b38267,2024-02-20T10:16,6,148.56,Online,Completed
b443d311-05b6-475d-8aaa-61c3ca150a15,bfa3444b-2be9-46be-b944-720d86a59770,2023-12-15T10:16,7,156.66,Online,Completed
c7171719-d53a-4af7-b551-d44d2634deeb,98b17fed-218c-4f20-8410-9f0edfc74455,2024-10-01T10:16,8,129.60,Online,Completed
1f5b62bd-57a9-4de1-9ebd-b6f2fca85a90,3dcaabe3-78c9-4d88-bed5-56ca7ceea07c,2025-02-22T10:16,6,78.78,Online,Pending
9cc1badd-c494-41d1-9d78-15a9a36b9133,dcfb3d05-846d-4915-99f3-ebbc7559d972,2024-03-06T10:16,4,108.64,Cash,Pending
ccfa48d2-cf38-4218-b9d7-504ddcdea4a9,7509850a-5062-4da9-aad6-bc5b9e363ef1,2025-03-20T10:16,5,36.35,Cash,Pending
f3db3fd2-b461-4650-be75-f799d20859c2,5d6f84a5-a4de-442e-99b9-b8ef714b4436,2024-11-26T10:16,3,36.54,Cash,Pending
936c9528-4b17-4d10-993a-10f2fcdac60b,3910ab11-8758-4a4f-8a9b-c4f5df7413c4,2023-12-22T10:16,3,79.77,Card,Cancelled
10d13ec6-c3c9-4a57-a7cf-c805d3983b33,935ebde1-5945-4673-886e-1a7a12cc2d4e,2024-01-08T10:16,5,43.30,Card,Completed
46cf5bea-96ca-414e-b800-007e820d21ae,ecf1ffb0-ac00-4968-87ea-8beef4ace55a,2025-05-15T10:16,5,34.40,Card,Pending
3b9e58d8-8c0e-48e8-8c5a-2b3c65054f69,3910ab11-8758-4a4f-8a9b-c4f5df7413c4,2024-10-31T10:16,5,111.70,Online,Completed
16594564-c358-4d8e-b195-7eff757e265c,b3688304-b24b-416a-9bf4-c2b6aaeb59d3,2024-07-08T10:16,4,44.84,Cash,Cancelled
a5f38197-be12-4735-9f91-9454b8c7c70e,2c6dafc9-06cc-4b3d-8b8d-12aae0644c58,2024-05-22T10:16,7,163.45,Online,Cancelled
200836f3-69c0-4e84-b54c-41eb120aeef7,5400d214-6176-40bf-88d2-3f53ed38bf69,2025-02-13T10:16,1,25.33,Card,Completed
aebd184c-700d-48fe-acc1-1a5d6c0cc48a,8b546c63-5406-493d-bc69-cfb594b38267,2025-06-25T10:16,7,172.97,Online,Cancelled
ef571e71-7422-4be4-a27f-58fa496f4237,000f9c8f-2fc7-4346-844d-c04f10751265,2024-01-05T10:16,7,73.85,Online,Cancelled
c696fe45-dace-4011-b964-1fbc9f3ddf77,02c65c06-56ad-4670-b8e2-10ab417c7154,2024-01-07T10:16,1,15.28,Online,Cancelled
fe454e53-e13d-40f4-b536-47e0c7f77dcb,6e551d53-4f6d-4b84-a9de-3d7c79694805,2024-10-12T10:16,3,53.16,Card,Completed
e9ece358-74d4-44ba-b6de-0a3f6a1c512d,0fcf4084-ea31-49f8-99f9-9bf8c8b0c16b,2024-12-19T10:16,5,70.90,Online,Pending
a9c38a3e-e210-4388-9b6b-628ac84cf68b,3dcaabe3-78c9-4d88-bed5-56ca7ceea07c,2025-08-11T10:16,9,102.33,Online,Cancelled
2f69f8e7-b1b7-4c9d-a16a-362e92fa8413,7d2df59f-386d-4aec-85a8-2443262a0cb4,2025-10-13T10:16,1,23.23,Card,Cancelled
e34c7c5e-84a9-4d41-93e3-aa1c7db1beae,0df3bae1-6384-4856-aa27-aef9f6c48b75,2025-01-31T10:16,3,45.78,Card,Completed
ed04e805-b567-485b-a589-23a6c5c0a7de,3e97fc93-73a7-45e0-9888-f7a03ee258a7,2025-10-09T10:16,9,229.05,Card,Pending
3b59c504-e3ee-4fdf-8900-e143ae1d3357,73a2b03c-2dca-486e-8ebc-c4d6bb68a8c6,2025-09-25T10:16,3,74.91,Online,Pending
86b16273-8883-4e19-af0b-d2455a2ccced,0d463f72-c3a1-4a2b-8d0d-1721a0d1a06b,2025-07-05T10:16,9,98.19,Card,Cancelled
8f60c345-5215-4b2f-8db2-5dcafe033dbb,7509850a-5062-4da9-aad6-bc5b9e363ef1,2024-10-28T10:16,1,17.86,Online,Pending
d8ffe5c4-c4b0-47ee-97ca-86546eb0fc4f,7169ef0c-f2c8-4ae3-83f6-87691664d2d2,2025-07-16T10:16,6,103.14,Online,Pending
49f246a5-b11c-4ab9-b7f2-2105cbebba5d,0472ca7f-b133-4710-8f43-24a3c6c1afd1,2025-02-23T10:16,2,38.22,Cash,Cancelled
2b830b77-2732-4da4-b5b0-8b07f942d7dd,8626238e-5813-415a-9a8c-db944b1e0269,2024-05-05T10:16,5,84.55,Online,Cancelled
040e81a8-faaf-4e6a-87b3-f4459dba26bc,1407e9cf-22c9-4137-a2fe-cc12dc038235,2025-03-09T10:16,2,22.46,Online,Pending
1bd8279c-9630-4d1b-9e85-105175f8ddbb,4b14a58c-f1e4-40b6-888d-a88cd7055099,2025-04-06T10:16,1,25.95,Card,Completed
347f3c24-9eee-4721-82d5-7c2cb25d8695,74e76582-f1b8-4560-b049-8aebb59d4721,2024-09-05T10:16,6,54.18,Online,Cancelled
3bc1f137-bd46-4976-9491-ec92c005863f,71f17b36-2c37-4cfa-bf8a-894fa94c0e9b,2024-12-14T10:16,3,25.68,Online,Cancelled
b21a0ada-1914-4139-b510-28500d606143,99c406e7-092b-4eeb-bc08-56fc041c253d,2024-01-03T10:16,1,25.13,Card,Completed
dd77a333-f9bc-41c0-b11b-7096c7e8bfe6,3e97fc93-73a7-45e0-9888-f7a03ee258a7,2024-06-30T10:16,7,109.27,Cash,Completed
de62f58d-62b4-4212-b10a-12f0baf817c3,cf65c4b6-4c1c-420b-95de-23e5b56ffad5,2024-02-24T10:16,9,126.72,Card,Cancelled
9b897354-7c8e-41b9-bf38-2f0d6569eddd,8113211c-bdc3-4bb0-94d9-3fd3871f3005,2025-07-16T10:16,1,14.38,Online,Cancelled
f242cb44-9c77-4511-8240-ed41e0695e5e,bc58b12c-65c4-4f21-89ef-3e492a22ef7c,2024-05-02T10:16,2,40.72,Cash,Pending
cdee058c-48b8-453e-a5dd-310a5ad0d8b4,5eb75bc0-d5fa-4209-9d42-7767f3f0585b,2025-05-04T10:16,5,79.60,Online,Completed
e5ca96f2-525c-46de-8527-d08901d8a2d2,fe624323-ba72-456d-9842-ed9e0edc75df,2025-08-22T10:16,2,41.14,Cash,Completed
967e7f57-f4c2-4cff-b253-ee86193b4863,0a570207-0f70-467f-bbeb-44a0a60a9a25,2025-02-02T10:16,3,62.16,Card,Pending
73b4df49-5624-4b76-8d56-dfe340a3a908,885715b6-b1eb-44ca-8460-28c0343e56f3,2025-01-04T10:16,7,65.03,Cash,Cancelled
8537d5e4-6df9-458b-8059-8208e0ca3d74,f90cf3ca-e2d0-4129-bc7a-e8a2b80880da,2024-10-28T10:16,2,10.44,Card,Cancelled
daa9d20a-dc9f-44a2-b9f3-406bc39d6537,9fa382f0-8393-48db-ad30-43c953282401,2025-07-20T10:16,9,251.46,Card,Pending
0fc7ce47-15a6-473e-94b2-dba340e43746,e119f98a-df63-41dc-8e01-bb49ca2dc724,2025-01-28T10:16,9,247.77,Card,Pending
511ed1be-3eac-4e30-9363-84654cbae792,3dcaabe3-78c9-4d88-bed5-56ca7ceea07c,2024-02-13T10:16,8,134.80,Online,Cancelled
1d45d82e-2aea-499e-80ff-df47050c08fc,428424b7-1f94-496a-8b7a-497ce177d32c,2025-05-20T10:16,9,59.22,Cash,Cancelled
2dd88323-03c3-4e3a-b90a-e66f227303c4,4e6807ca-aed8-4ec9-b1b0-0e3aba57efb1,2025-07-24T10:16,5,30.75,Cash,Cancelled
4843eb33-df2b-434d-9090-6eb30bf7e85f,4f6ae324-5b6d-47d6-a86d-26ec6fbe1e0e,2025-02-21T10:16,8,97.52,Cash,Pending
661fa5f3-04ff-42ee-ae68-e46c12ad29e0,8250871a-2b35-424e-a1a1-4eb4faffabfb,2024-08-26T10:16,6,133.08,Online,Completed
717cdeaf-01a2-42b7-9de3-826230dcd430,93cdeef1-3fc3-4a63-a275-0ae87ae6b335,2025-04-29T10:16,2,23.56,Cash,Pending
103e6468-09c0-4068-8b6d-6ebdcbed69f0,f0a6a958-e434-41bf-a830-dffa55a34db5,2025-08-22T10:16,8,127.20,Cash,Completed
8482deee-be97-4a8b-83bc-fb7d4cfbd39d,bb6bf39c-f455-4e08-a59e-1bdaaa91d4aa,2025-06-27T10:16,3,50.67,Cash,Cancelled
436989c2-c263-49d8-81d2-2988565cc0ba,98b17fed-218c-4f20-8410-9f0edfc74455,2025-03-17T10:16,1,22.96,Online,Completed
a725b081-a158-474b-b31a-112bb14bc41b,49af098b-bf79-4643-8e49-739ea932d38b,2024-11-30T10:16,3,84.66,Online,Cancelled
5e98cfa4-785a-412b-9d96-29b46109189e,8113211c-bdc3-4bb0-94d9-3fd3871f3005,2025-02-11T10:16,1,6.61,Card,Cancelled
98c08363-5e20-4f0e-9df5-f8bb814c4364,0a5bd884-b432-4ce5-b14e-44b4aedd4c0f,2023-12-22T10:16,5,139.70,Cash,Pending
3a80fc77-5c58-4349-95b4-7562ac5c331b,8250871a-2b35-424e-a1a1-4eb4faffabfb,2025-03-04T10:16,7,130.83,Online,Pending
9c14dfb4-1458-4d62-82c1-85e74edd3185,60cd80b6-3967-4dae-b4df-adc7b5644971,2025-07-31T10:16,5,104.65,Cash,Pending
6d64256c-da40-4b64-89af-a688a483bb4a,e85d0261-2d97-4475-a749-363ec9040a74,2024-01-03T10:16,4,49.44,Online,Pending
cca6f9b6-4b09-45f2-91fe-391cfbf5ab6c,7169ef0c-f2c8-4ae3-83f6-87691664d2d2,2024-08-11T10:16,2,25.28,Online,Cancelled
02fde722-5a77-4e3a-896f-ef0d87071918,365c90d0-a590-4209-9401-2ce55af5ed98,2024-02-19T10:16,1,26.48,Card,Pending
68bf3bd5-cdd1-4474-87ba-3d2c3d68a1fb,09ba4183-1b94-4f8c-bc5f-eca421a88524,2024-05-14T10:16,4,89.76,Card,Cancelled
fe7d299e-8500-4a43-a09f-f6ae30fcfc3d,e277d099-db2a-4aee-ab86-8b0e73a34383,2025-07-01T10:16,8,81.76,Cash,Pending
c452d5fe-62b5-48ff-91c6-d05a5d1d02c9,365c90d0-a590-4209-9401-2ce55af5ed98,2025-01-08T10:16,4,85.68,Cash,Completed
2a1131c0-143a-4ed8-8f1e-f89ad9bcccef,0b2a0e9a-e050-4380-b607-57adcbbf59d4,2025-08-31T10:16,5,98.05,Cash,Completed
6b379304-954c-4e6f-a88b-094ade841d62,1233cc27-7567-48e0-8dd2-6b0019506c2f,2025-09-13T10:16,4,105.24,Card,Pending
0b28bb1f-a7a0-49cb-ac45-e2a6a699fa2f,4739f27f-7a96-4d52-83ae-0c6fd4c8c606,2024-07-05T10:16,3,26.28,Card,Cancelled
a480fec0-bdce-43a1-bcc5-50e5381a0a18,e38afcd9-9e08-47ba-bc92-5ebb4bc271eb,2025-08-18T10:16,5,116.10,Online,Pending
d67c5140-37d7-4813-8c86-f7c1ceb6d6bb,6945f6f4-b8f9-4d04-90ff-e59ed705578e,2025-05-31T10:16,9,221.22,Cash,Completed
8a57a03d-d0af-4a66-803f-0dee9b0531a6,0a5a9fc7-e126-48f0-99aa-dea85c606f66,2023-12-09T10:16,1,13.09,Card,Cancelled
1e0bfd97-be46-4795-b65d-6f4772423f00,ebe19120-496a-47fa-87eb-2440212a3363,2025-04-16T10:16,7,171.50,Card,Pending
9f9b1bf6-7776-4521-886d-9892026b3702,3befa4dc-d961-4a3a-9410-d43d1bdaa335,2025-01-31T10:16,6,138.96,Online,Pending
582c3b9e-b8b6-477e-ab5e-41f92462399f,bb9edfa8-17f7-4f6f-8e3b-616693a298b1,2024-06-30T10:16,5,51.05,Card,Pending
3ccfd6a9-2f78-4eb4-9bf7-7c80bbe13681,caad7924-4bc5-4f85-9662-11ca261e3c87,2025-01-16T10:16,1,9.13,Cash,Completed
55605ef3-55aa-482a-9bb7-c666220466d7,d5eaf6a7-76cc-48ec-98d9-ba713e2df70f,2024-02-03T10:16,8,150.40,Online,Cancelled
65770a07-c20d-4584-8c0a-a282bfa3cba4,1d32c3b3-c732-4995-aa6b-ff159deb3bdf,2024-08-27T10:16,9,241.11,Card,Completed
4728a70e-f4d3-4613-b035-f61ed9a2f0a1,ada8704c-2784-4d70-84da-10078407d2c8,2023-12-08T10:16,7,71.40,Cash,Cancelled
ae8d0396-2db9-463b-a7cf-9d986bee5fa7,21edfc22-3f73-4335-a774-3cf78ab65e86,2025-05-19T10:16,7,116.27,Card,Completed
eca81c5d-48ee-4fc6-b867-13540b5352b0,05ccd8a5-ea5f-4353-bd1e-3022152b0685,2024-09-16T10:16,9,137.79,Cash,Cancelled
3ef6cedc-c209-4b91-858c-7d7aef40d9ef,e85d0261-2d97-4475-a749-363ec9040a74,2025-02-10T10:16,4,77.08,Card,Pending
6b7f0f7d-796e-4e1d-b7fb-df26cf7bc5d2,b6c26110-1b77-4777-8c79-c69ec19b66df,2024-08-10T10:16,4,39.92,Card,Cancelled
84dd9a3a-e04e-4507-926a-8df4f46931d0,e6cb1215-5314-4d05-bfd1-f6e5d36e89f7,2024-05-31T10:16,8,123.68,Online,Pending
e0058301-853d-48d7-bf21-a6f0b0925ca7,d5eaf6a7-76cc-48ec-98d9-ba713e2df70f,2024-03-30T10:16,9,266.67,Card,Completed
48a1d2a6-bdb2-4093-85c6-2c76f6ab4df7,63846b60-b7be-4087-ac6e-56c9bc130a20,2024-09-28T10:16,1,24.39,Cash,Pending
a658cc0f-65bc-4be9-a07d-dafeefb18ddd,93cdeef1-3fc3-4a63-a275-0ae87ae6b335,2025-07-21T10:16,1,5.62,Online,Cancelled
74538075-629f-4a20-b2e8-ade04434e804,06e585f0-5b60-4900-81d1-3379328e6c17,2025-10-11T10:16,9,111.33,Card,Completed
604539ae-ae0a-47ce-9a03-8c0df8415058,795088d7-d227-422e-ad8c-f048bde0675e,2023-12-13T10:16,5,32.85,Card,Cancelled
e3d5ff9c-f8b8-41dc-beb7-70b2bd6ed4c7,e12c3d24-86c8-474f-b86b-370df36adbfe,2024-06-01T10:16,4,115.20,Online,Cancelled
84a8a605-0fe3-447e-9d3c-76695e04358c,b014b56e-3263-4b63-8430-46e00bc5ea77,2025-01-11T10:16,1,15.19,Card,Cancelled
b8de7229-19c2-4b15-919c-ade82eac60b6,1a48aa9a-def3-481d-922a-94300aa97309,2023-11-15T10:16,6,128.16,Online,Completed
78e26de2-a32a-4240-8c3e-13abe7ac0049,2a109685-1399-4149-8951-fba29bb0360d,2025-07-30T10:16,8,206.40,Cash,Pending
b10d1a57-fc32-4950-9295-2320e1dd686a,60cd80b6-3967-4dae-b4df-adc7b5644971,2025-10-11T10:16,3,60.69,Card,Cancelled
42ab2695-3f90-4940-97aa-8fce6bcf6ff8,c0d74d86-5c5b-481d-b8e3-61eeb9c77255,2024-04-13T10:16,8,183.12,Card,Completed
1d0735b7-ce00-47ad-aa84-569000dc07a5,67c276b0-7be6-4f3c-bf86-c342095c8112,2025-02-18T10:16,3,38.94,Online,Completed
39107e02-c15f-4aba-8704-0db30b3eb3c1,ef7fad1f-a86f-4ee1-95b4-ce1f339f0fa5,2025-10-07T10:16,8,179.28,Card,Pending
19ae04f5-5e53-41ca-bd48-d02065beafe4,0df3bae1-6384-4856-aa27-aef9f6c48b75,2024-10-14T10:16,1,28.46,Cash,Pending
0015aca0-0065-4bb3-8e70-5060f344de14,71f17b36-2c37-4cfa-bf8a-894fa94c0e9b,2025-05-29T10:16,8,48.24,Online,Pending
cd3db7f8-5a4b-40d0-8d36-203c4d7e7e53,56a75a3e-a944-4147-8cba-f1024726993f,2025-05-25T10:16,1,21.03,Cash,Completed
b2cb0d73-426b-4d4c-9549-1b9d8a2630c6,21edfc22-3f73-4335-a774-3cf78ab65e86,2025-02-03T10:16,6,101.52,Online,Cancelled
059b1095-b5cb-40ee-ab20-47c97abcde7a,f6c35464-33dd-44a7-bf84-071f2e427045,2024-09-22T10:16,6,46.98,Card,Completed
2715d7e8-84b2-473a-b17a-63d480a640a8,26d032f1-9fe9-487a-987a-a8be14e1db05,2024-04-22T10:16,1,17.46,Online,Completed
1dcce96d-dabc-4d00-b895-5c259cfeeddc,59827b2a-ae17-44b1-bd6f-6f08718559cb,2024-04-12T10:16,5,133.25,Cash,Pending
85476495-a45d-4507-ae59-0eb9cdc0ff4e,e277d099-db2a-4aee-ab86-8b0e73a34383,2024-01-01T10:16,7,66.01,Card,Pending
789eb470-af3a-4e4f-917c-0f4890dfa081,205ea7f7-e714-45b8-a083-11247ff702a1,2024-10-20T10:16,4,87.60,Card,Pending
7135ce5a-4887-45d4-a4e8-c650fd376d8e,d5cfb1a3-ce2f-4aff-ab4c-50e0c5426af1,2024-11-03T10:16,6,148.92,Card,Cancelled
66dfb259-d4d4-4978-ac00-a426b8d8306d,5d6f84a5-a4de-442e-99b9-b8ef714b4436,2023-11-21T10:16,8,115.68,Online,Completed
487f1e56-4ef8-4fde-b867-8f6fa3fcb27a,d3f641e5-b8b5-4f5f-9155-7768df2033e8,2025-07-19T10:16,6,146.10,Online,Pending
e7011526-09ad-42a6-bd18-dec71191a640,dcfb3d05-846d-4915-99f3-ebbc7559d972,2024-03-27T10:16,1,6.85,Card,Completed
9a4f1c1c-5c66-43b2-b83e-3bf0124c7444,935ebde1-5945-4673-886e-1a7a12cc2d4e,2024-11-02T10:16,4,98.80,Cash,Pending
be1e530a-1866-442f-964f-32f6188390fe,93cdeef1-3fc3-4a63-a275-0ae87ae6b335,2024-07-01T10:16,9,133.29,Card,Pending
dca97a10-5e71-4aa1-83d1-44d342cf3ffc,d87f31d7-79ef-4c17-856e-142e791b04da,2025-04-17T10:16,7,180.67,Card,Pending
1ae568b9-753b-4c9c-bc14-859d2bfc94b0,935ebde1-5945-4673-886e-1a7a12cc2d4e,2023-12-19T10:16,1,15.36,Cash,Cancelled
1b934f84-9862-429b-8c14-53bef4fdd800,4e44f26d-5455-405b-8fdb-63ab8b739ecf,2024-11-28T10:16,2,40.12,Online,Pending
3c3c236e-4971-4375-a702-792537d6e285,8e1bbe6c-7b75-46dc-8ca1-0b1664cd6ae4,2024-11-03T10:16,3,23.73,Cash,Pending
17e89e30-378e-48c1-9921-15a7b94a60dc,8b115a34-224b-453c-be69-b53a7445b466,2023-11-26T10:16,2,24.24,Cash,Pending
29317639-c99f-428a-9271-d72f620f7606,02c65c06-56ad-4670-b8e2-10ab417c7154,2024-10-31T10:16,2,27.58,Online,Completed
60aeb621-407e-4689-817e-bb2b1e301fdd,05ccd8a5-ea5f-4353-bd1e-3022152b0685,2025-09-03T10:16,4,118.48,Card,Completed
1fb80d18-477f-44eb-bf85-da0a05c28855,b95f7619-fab2-4df9-8683-1f2aeb93a660,2024-11-14T10:16,9,162.81,Online,Pending
0246237e-af1f-4703-92c8-41ca5a8efb54,6117b6f0-c4f4-4bf1-9eeb-f33950decba8,2024-05-04T10:16,5,130.75,Cash,Cancelled
584e6d24-c82c-4649-bc8c-27b31a7fc05b,885715b6-b1eb-44ca-8460-28c0343e56f3,2025-01-09T10:16,4,58.40,Online,Cancelled
081764f5-62de-4067-b7f3-7e5f5e1486ee,e886c155-0dae-4b36-88f5-a86fa474d1f6,2025-09-18T10:16,6,86.94,Card,Pending
ff693162-3022-41cb-a0b5-c4616c5db65d,e6cb1215-5314-4d05-bfd1-f6e5d36e89f7,2024-06-30T10:16,1,24.34,Card,Cancelled
8de0baf3-574e-4430-90c9-d0832046e979,2a109685-1399-4149-8951-fba29bb0360d,2023-11-18T10:16,3,23.31,Online,Pending
4047e594-d0e4-4713-89a4-ef06edab82b8,a938df5f-7764-459c-8bfd-90409d16b3c6,2023-12-27T10:16,1,25.11,Cash,Pending
09389fb4-39ed-4b48-a0b1-95c091de769b,1407e9cf-22c9-4137-a2fe-cc12dc038235,2025-10-24T10:16,1,16.41,Cash,Pending
12b7660e-7120-4363-b8f5-db7a2750d9d4,0a570207-0f70-467f-bbeb-44a0a60a9a25,2025-05-09T10:16,9,238.95,Card,Completed
c508a37e-0537-4573-a549-2a655e55dda0,49af098b-bf79-4643-8e49-739ea932d38b,2024-01-14T10:16,6,35.10,Online,Pending
afde9eb2-f033-44b7-be1b-946a151c3f72,36b880b0-e9bd-4c0b-8f1c-32018f6c758a,2024-11-18T10:16,5,137.50,Online,Pending
016065c3-ba6b-4af3-9bf0-977eeae86f20,99c406e7-092b-4eeb-bc08-56fc041c253d,2025-08-26T10:16,9,153.99,Online,Completed
da1ca5c4-9dc8-4e73-95b6-b7f63f4083f3,ebbc7df0-770d-44f8-b0ff-c62f9006e40e,2024-02-05T10:16,8,199.76,Online,Cancelled
bfc90248-dee7-4a45-9dd0-794589065a5c,7d2df59f-386d-4aec-85a8-2443262a0cb4,2025-09-09T10:16,5,122.35,Cash,Pending
0cdb2526-1b2c-44da-8a77-afa2b10c0578,795088d7-d227-422e-ad8c-f048bde0675e,2024-11-18T10:16,9,131.85,Card,Completed
199f01c9-757b-46b1-b453-9abc3e336c61,c46351bf-193f-49af-a5d6-456188837c3d,2025-07-20T10:16,6,171.00,Online,Completed
ac732711-3efc-4d6c-8c9e-d436b5817498,6aaabc79-3d35-410f-bb96-f86a3930d0ff,2023-12-10T10:16,2,14.76,Cash,Completed
4f2b292c-f101-4381-b40b-39b6e502ad33,3e97fc93-73a7-45e0-9888-f7a03ee258a7,2025-05-03T10:16,7,151.27,Card,Pending
033bc7f3-47fe-42ba-9f32-601a5f173557,fdb5454e-2230-489e-ade4-9218ff28cbd8,2025-05-18T10:16,7,100.94,Online,Completed
3cfc57de-4dc8-42c3-b8aa-85867f75cf03,209e786b-2a61-4e52-a3b2-1cc98bcbf18c,2024-01-04T10:16,3,31.74,Card,Pending
3c8a6201-ee24-42c6-85b4-3c97ef46b316,058b9c75-b72f-4594-80d2-e41194ff7672,2024-02-03T10:16,9,170.28,Cash,Pending
1c4a2391-e6cf-4c7a-85ad-13767af86265,63846b60-b7be-4087-ac6e-56c9bc130a20,2024-08-02T10:16,6,103.56,Card,Cancelled
519518db-f07f-428a-bbcd-ab784cacf75e,401a6911-a31e-4892-adc1-56e3e1eb090a,2025-10-17T10:16,2,44.32,Card,Cancelled
84ad6c6a-a309-46a9-8440-df6a346adf59,1407e9cf-22c9-4137-a2fe-cc12dc038235,2024-04-09T10:16,5,74.60,Cash,Pending
6b0d2516-4432-4b33-9b64-65f3abcafa14,e277d099-db2a-4aee-ab86-8b0e73a34383,2024-03-11T10:16,3,70.20,Card,Cancelled
398f4894-e1ae-4c15-942b-515519ad2314,1407e9cf-22c9-4137-a2fe-cc12dc038235,2025-07-07T10:16,3,77.64,Online,Completed
107e8a04-e8db-426d-ae1a-5b169d8154a5,bb6bf39c-f455-4e08-a59e-1bdaaa91d4aa,2025-01-08T10:16,5,137.60,Online,Pending
2907e455-a852-4a06-a96f-9a292499b460,7a2e5fa5-096b-4701-8ce6-7a3db39bf8eb,2025-10-06T10:16,5,30.00,Online,Pending
661de00e-9d7c-4c18-824e-6e20f4113ae6,a938df5f-7764-459c-8bfd-90409d16b3c6,2024-06-12T10:16,1,9.14,Cash,Cancelled
c440648e-6dfe-4112-a767-82b63f22e931,0a0ac3e5-6e20-4fbc-87ec-5481c70e38bc,2024-09-21T10:16,8,63.36,Online,Cancelled
f4468b57-2ebe-4de7-a9ff-858c82aa63b0,74e76582-f1b8-4560-b049-8aebb59d4721,2024-10-22T10:16,8,102.40,Cash,Completed
aee245ab-16a7-461c-bc42-f3ec24dd482c,10b26c2d-7d56-4175-84a8-a2775e128a9d,2024-11-09T10:16,6,125.70,Card,Cancelled
0651e0f6-d4c4-4f5e-8642-6ae8d5933480,8b546c63-5406-493d-bc69-cfb594b38267,2024-07-06T10:16,9,268.56,Cash,Completed
0cfb2b40-0efa-4899-81b8-acd0c2244ea6,25659c0e-6eb5-4c57-add8-fb6ac5f42699,2025-06-25T10:16,5,83.95,Online,Completed
98b28f8d-7cf2-4d1b-88a1-ef1358d62277,4717d2a3-4b2a-44f1-b960-a2b73e2d23fd,2024-02-20T10:16,7,124.88,Cash,Pending
6a6d1962-c9c1-4df8-93e2-79178eb31325,f3826f04-0dfa-4266-8002-58fede0093f5,2024-12-31T10:16,3,50.79,Cash,Pending
d405d5d7-0e06-4e18-bf7a-36589950ee6c,e7991221-0de0-4ef8-aa9c-ca3b59197059,2025-02-06T10:16,9,144.54,Cash,Pending
8dc0668d-2ae2-4dca-bf32-7dab79517e44,0d463f72-c3a1-4a2b-8d0d-1721a0d1a06b,2023-11-30T10:16,1,20.33,Card,Cancelled
5ae139c6-0523-45a0-82ab-029d86491c79,3910ab11-8758-4a4f-8a9b-c4f5df7413c4,2024-07-10T10:16,1,22.16,Cash,Cancelled
25a00015-1935-4445-b845-2a87287651c3,93cdeef1-3fc3-4a63-a275-0ae87ae6b335,2025-02-05T10:16,3,74.01,Online,Completed
f1bb00c7-5ada-4126-9bf4-9d803443bce0,ada8704c-2784-4d70-84da-10078407d2c8,2024-10-30T10:16,3,73.35,Online,Cancelled
682ff004-94d4-4302-900a-247fd55de2f2,23650eb4-f98d-45a3-a90b-a378f03d469d,2024-05-25T10:16,4,47.52,Card,Pending
d495126f-9109-45b5-a92f-a0a6bce2cd39,b03f75c1-655f-4480-a2bf-1a0af806e96e,2025-11-06T10:16,1,17.48,Online,Completed
7df35a59-caa1-47d9-98e1-b02f59be5fc4,bf0de251-90d7-423c-8b31-48df1a89964f,2024-09-19T10:16,7,92.82,Online,Completed
3778ab58-2aa4-4f6f-bb0a-157b29c81ae0,4e6807ca-aed8-4ec9-b1b0-0e3aba57efb1,2025-06-12T10:16,4,34.60,Cash,Cancelled
c1f3b590-d511-4181-b725-d21d6d98b17f,1233cc27-7567-48e0-8dd2-6b0019506c2f,2025-08-25T10:16,8,45.60,Online,Pending
6d6841c5-9910-4f48-a8f4-e3466218391f,23650eb4-f98d-45a3-a90b-a378f03d469d,2024-05-27T10:16,5,44.25,Cash,Pending
f3fc229b-b780-444a-bf1a-a4ed79f47511,bf0de251-90d7-423c-8b31-48df1a89964f,2024-08-29T10:16,5,133.75,Online,Completed
fc029aa3-3bd9-47e1-813c-ec32ec0d85ab,7a18d550-38d0-40b2-84a7-547162e7e409,2023-12-21T10:16,4,89.12,Card,Cancelled
c5e928c7-54ed-4b32-aee9-a5760c2bd487,9fa382f0-8393-48db-ad30-43c953282401,2024-05-08T10:16,8,231.76,Cash,Pending
951e7fb5-d1b1-4021-ac09-c3cd63a61a40,dcfb3d05-846d-4915-99f3-ebbc7559d972,2024-01-17T10:16,6,130.32,Online,Pending
d673059c-f2e6-4ad8-8408-29b6d5e84ab5,ba5d9947-b043-4aca-8ee0-6b77895cf8e8,2024-02-17T10:16,3,72.57,Online,Pending
9055ffbf-5230-4285-8520-2da8ae0ecbcb,6e551d53-4f6d-4b84-a9de-3d7c79694805,2025-08-24T10:16,7,54.60,Card,Pending
5b2fdd92-3adb-43cd-a535-fa422fa5eddb,ebbc7df0-770d-44f8-b0ff-c62f9006e40e,2025-01-15T10:16,6,33.66,Cash,Pending
b9bd2917-5ec5-453c-b63c-0626bb2abff7,7169ef0c-f2c8-4ae3-83f6-87691664d2d2,2025-02-25T10:16,1,21.43,Card,Cancelled
7f53b13a-c812-43ad-b7a1-22aac2164836,26d032f1-9fe9-487a-987a-a8be14e1db05,2025-07-07T10:16,1,17.66,Cash,Completed
b1f503e8-ccf7-411a-881b-d7f3f6bcbf41,8b115a34-224b-453c-be69-b53a7445b466,2024-10-10T10:16,3,18.81,Online,Pending
53b29d1d-b8ed-49e8-bb4f-8a3d24fde821,c9dcc28a-ae5f-477c-ae7e-72d94129f449,2025-02-26T10:16,4,100.64,Card,Pending
698df370-c72f-4a30-ba70-66d6889b2920,935ebde1-5945-4673-886e-1a7a12cc2d4e,2024-11-03T10:16,8,231.52,Cash,Pending
3fb7279e-f69b-4345-ac41-f6da25257210,23650eb4-f98d-45a3-a90b-a378f03d469d,2024-07-19T10:16,8,132.32,Card,Completed
831324dd-3902-42e1-9f26-d3b0a0aed36a,000f9c8f-2fc7-4346-844d-c04f10751265,2024-04-06T10:16,7,55.02,Online,Cancelled
58c3242c-badd-44fc-a9b6-8d0ff50cd776,3dcaabe3-78c9-4d88-bed5-56ca7ceea07c,2024-07-30T10:16,6,143.94,Online,Completed
897b6a77-76bf-451b-a9b6-6d5b83db69e2,5f6e51da-5f01-4c9a-85dd-7d50ef37e5d7,2025-08-16T10:16,6,140.16,Online,Pending
33be66f7-08e1-4dd1-8f68-91800c4fb085,0e0d5f13-edd5-4ab0-9ddd-3df111bedc5a,2025-09-25T10:16,5,129.00,Online,Pending
624b6836-b5dc-4944-babc-c9befb63a49a,f067e21d-d1d4-4e87-9cae-9753f5f9ccb6,2025-10-29T10:16,3,54.00,Online,Completed
5367d176-baac-46aa-84a7-16f863b57f89,6117b6f0-c4f4-4bf1-9eeb-f33950decba8,2023-12-07T10:16,5,29.25,Cash,Pending
19ecda6e-8e2e-4317-8d71-b5d18ae7aa7d,25659c0e-6eb5-4c57-add8-fb6ac5f42699,2025-11-02T10:16,3,55.92,Card,Pending
87c8882c-9fe4-4db8-884b-7c1210c5523a,ada8704c-2784-4d70-84da-10078407d2c8,2025-09-01T10:16,1,6.71,Online,Pending
1f7b465a-cfd2-47bc-ae0b-c93bca2c3c2f,fdb5454e-2230-489e-ade4-9218ff28cbd8,2025-06-28T10:16,5,70.40,Cash,Pending
e2e18d98-ae9c-49d4-a8b9-abbfd1eca98f,8626238e-5813-415a-9a8c-db944b1e0269,2025-11-05T10:16,5,43.60,Online,Completed
439b6a01-e889-4429-a7fc-bc3b3339c6b0,6bd388d4-5636-450b-bacd-55bdcb769bab,2025-08-26T10:16,4,36.48,Cash,Pending
69c32899-06c9-4e34-84eb-cb9259150510,c5817fdc-a4dc-4879-b957-30cfda62016b,2024-12-21T10:16,7,108.85,Card,Cancelled
a717691a-54c1-4d34-983a-51a6b6918c75,8b546c63-5406-493d-bc69-cfb594b38267,2024-02-06T10:16,9,228.24,Cash,Cancelled
cca82ef0-121d-47be-b230-5a6c1e1919e0,500fde18-ea61-4380-9ea4-f06d09985870,2025-01-26T10:16,9,172.53,Card,Pending
8e9c10af-5946-47b8-9c6e-038c803cdfdb,795088d7-d227-422e-ad8c-f048bde0675e,2025-08-24T10:16,1,10.29,Card,Pending
a7835739-78a7-4d78-9a06-7c41e708542f,7a18d550-38d0-40b2-84a7-547162e7e409,2024-02-03T10:16,7,141.40,Cash,Pending
477a9a04-5ebf-413f-b436-bb76e717e602,b90a3a7f-421e-47e5-8598-fe50f365a62e,2024-10-30T10:16,2,34.38,Card,Cancelled
1f3e3c1a-2ff1-42e2-a91a-1c49506b54f6,4e44f26d-5455-405b-8fdb-63ab8b739ecf,2025-04-09T10:16,5,139.00,Card,Pending
7ca42ebe-8228-4676-b4a1-a4782d84b020,06e585f0-5b60-4900-81d1-3379328e6c17,2025-05-24T10:16,1,11.42,Online,Pending
ff4644a3-d5a9-4da4-879e-940a81f1e99c,7a2e5fa5-096b-4701-8ce6-7a3db39bf8eb,2024-12-11T10:16,1,6.43,Cash,Pending
f3628203-8ce7-401f-967f-6c8a22288fd0,000f9c8f-2fc7-4346-844d-c04f10751265,2024-06-24T10:16,4,35.96,Cash,Pending
76055cd8-b849-481f-ab50-ad4af1e5970e,d3f641e5-b8b5-4f5f-9155-7768df2033e8,2025-06-26T10:16,5,116.25,Card,Pending
807ab762-8ad3-4a35-98bd-82951fa9183c,aac35608-9499-49c5-811a-a059e773c968,2025-04-23T10:16,8,185.20,Cash,Completed
f447d9fe-d48b-4059-b7b8-f5845d189d13,824998a2-7592-4051-ab0b-d5e12743c93b,2024-08-18T10:16,1,17.80,Online,Pending
fba80bab-2d3e-4863-9697-7bb4010ba170,ceafdb2a-788d-48e0-acdd-bd533a2e7ab6,2025-03-12T10:16,9,181.26,Card,Pending
3c24ea11-bae5-42ce-a372-ad69a903430c,1a31c678-d420-495a-aff3-0f1609514e1e,2024-12-02T10:16,5,76.65,Card,Pending
2a7701ce-c35d-4b34-a570-a000f19b057b,b0d737cd-ec4b-4a88-aa81-d012ef3fb719,2024-04-08T10:16,9,164.79,Card,Cancelled
79dcd059-734f-420f-b721-31a82566dee7,ec3490d2-e8da-47ee-ae12-0ca0b1d7a2bb,2024-08-27T10:16,4,95.68,Online,Pending
391527f6-3393-4533-9d08-dc8b4b9bd8e0,1a48aa9a-def3-481d-922a-94300aa97309,2024-07-05T10:16,3,71.76,Cash,Pending
2ebddf18-bc7d-4126-a358-02bb09a9f9f3,98b17fed-218c-4f20-8410-9f0edfc74455,2025-01-20T10:16,4,112.48,Online,Completed
73b2e461-6458-4a74-89f2-f7cb7626dba3,06e585f0-5b60-4900-81d1-3379328e6c17,2024-01-04T10:16,6,144.48,Cash,Completed
27b4e993-977f-4edc-8ac9-10bff528aff5,4e6807ca-aed8-4ec9-b1b0-0e3aba57efb1,2025-01-29T10:16,3,36.03,Card,Pending
ef0ecd17-6292-467d-b9fe-c343b80873b5,7d2df59f-386d-4aec-85a8-2443262a0cb4,2024-10-21T10:16,4,92.00,Card,Cancelled
6b5c76dd-71de-4b03-b29b-52c7bbd0c595,74e76582-f1b8-4560-b049-8aebb59d4721,2024-05-26T10:16,7,55.72,Card,Pending
50b4f1ff-3522-42b9-9f26-4d78b703c48c,ecf1ffb0-ac00-4968-87ea-8beef4ace55a,2025-04-09T10:16,7,109.41,Cash,Cancelled
95d699a3-5fb4-42d0-bf8f-9cd7b96f0f73,3dcaabe3-78c9-4d88-bed5-56ca7ceea07c,2025-10-27T10:16,6,109.32,Online,Pending
087b9077-e0b0-43db-80b0-08ac61b9a265,fbe227d7-6d32-4407-9783-7fdac983e55f,2025-07-30T10:16,3,46.29,Online,Cancelled
b65b0009-a3f6-4564-bccf-af4013d4df00,5f0f3def-9ff6-4282-ad04-001c4a769966,2025-01-22T10:16,1,21.86,Online,Pending
77a97284-b22b-41e4-bace-f98739abf6a4,9b9edd1e-b4f7-414c-b8b5-a3dc51fa0a8c,2025-07-01T10:16,7,52.64,Online,Cancelled
3b8e958c-4326-4c1a-a844-ec4526a763a4,b3688304-b24b-416a-9bf4-c2b6aaeb59d3,2025-02-05T10:16,4,101.76,Card,Completed
bf49c096-2352-46fa-ba31-fcb1cc82e198,d33bbfcd-a2ca-4e80-8a1c-65223f061e7e,2025-08-14T10:16,6,47.22,Cash,Completed
5e19c1f0-4e34-4cb7-91d5-9f27108a69a9,7169ef0c-f2c8-4ae3-83f6-87691664d2d2,2025-01-21T10:16,9,166.50,Cash,Pending
413ec7b5-d615-4cbe-a818-bf10fa26e03c,4739f27f-7a96-4d52-83ae-0c6fd4c8c606,2024-08-19T10:16,2,37.70,Card,Pending
b5a7757b-22af-4ec1-b3d3-722212372069,00d7ae70-0f46-4453-963c-4ab2a3d29314,2024-07-26T10:16,3,73.77,Card,Completed
94dac9a7-53a2-4edb-8b2d-41be3d9956c7,e886c155-0dae-4b36-88f5-a86fa474d1f6,2025-08-12T10:16,2,49.18,Cash,Pending
c4a9c9ec-bed6-4e5f-b078-ff740c97b6b8,f067e21d-d1d4-4e87-9cae-9753f5f9ccb6,2025-04-19T10:16,4,64.68,Cash,Pending
15feac65-9c73-4967-be28-6fb0b33b8073,6e551d53-4f6d-4b84-a9de-3d7c79694805,2025-10-05T10:16,6,141.36,Online,Completed
98e0d2dd-0b4d-4da5-a33f-4539039f657a,63846b60-b7be-4087-ac6e-56c9bc130a20,2025-10-30T10:16,8,169.68,Card,Cancelled
be73bd0c-9936-4632-bb2d-9a7716160dd3,8626238e-5813-415a-9a8c-db944b1e0269,2023-12-30T10:16,9,211.68,Card,Cancelled
a22f861a-41c5-4ed1-bf86-b24df676e9d1,d33bbfcd-a2ca-4e80-8a1c-65223f061e7e,2025-07-22T10:16,5,123.95,Cash,Completed
3ba5e51e-2d98-45a5-a9d7-8f0cf3c94a00,74e76582-f1b8-4560-b049-8aebb59d4721,2024-03-15T10:16,3,28.29,Card,Completed
e3ab592d-17e9-4991-90d7-aa8ffbeaa554,46032f36-69bc-465a-9b33-a5d560bfd77a,2025-09-25T10:16,8,106.88,Card,Pending
0d50de9f-f908-46f1-9ec0-af0e49e19e09,1a48aa9a-def3-481d-922a-94300aa97309,2024-12-01T10:16,7,61.67,Online,Pending
9e0bf08e-10a5-439d-8bcf-45a305bc4591,0df3bae1-6384-4856-aa27-aef9f6c48b75,2024-02-04T10:16,5,75.65,Cash,Completed
aa6e578f-3e3f-4d23-9dfd-fc9f7669669b,aff4340c-d102-49ba-af8e-84d2737ce82c,2023-12-07T10:16,1,6.55,Online,Cancelled
0c8f81b4-5c40-4f0a-91dc-0f49297ad17d,6f61ca8e-51a1-48e0-abfa-88326e713e34,2024-05-28T10:16,6,70.74,Online,Pending
46493dc1-7a39-4ed8-97b1-8c1d59922916,f067e21d-d1d4-4e87-9cae-9753f5f9ccb6,2025-11-04T10:16,7,161.77,Cash,Completed
81a191f4-e252-4f44-8711-940d89149c05,a938df5f-7764-459c-8bfd-90409d16b3c6,2025-03-30T10:16,2,27.98,Online,Completed
6a7375ab-7ac7-453c-bfd3-459390467dc7,205ea7f7-e714-45b8-a083-11247ff702a1,2024-02-25T10:16,5,97.30,Cash,Pending
9de59119-f05b-488c-97e6-07a68c76461c,06e585f0-5b60-4900-81d1-3379328e6c17,2024-07-01T10:16,7,95.48,Card,Pending
3d9f4f62-9d34-46fe-b473-a4b2dae9511d,6e551d53-4f6d-4b84-a9de-3d7c79694805,2024-08-05T10:16,9,237.87,Card,Pending
cf96406f-ed91-4046-942e-b728fb385846,36b880b0-e9bd-4c0b-8f1c-32018f6c758a,2025-08-24T10:16,5,111.65,Online,Pending
a89fe369-2000-43f1-b805-66b253736e87,63846b60-b7be-4087-ac6e-56c9bc130a20,2024-08-22T10:16,2,16.96,Online,Completed
738f87f2-7635-490d-958f-ac6c69528563,8f7f530b-bb30-4a05-b437-744ed30af54f,2024-08-12T10:16,7,205.59,Online,Cancelled
a605d158-1e8c-4358-a78d-d7cacc72a11b,b95f7619-fab2-4df9-8683-1f2aeb93a660,2025-05-16T10:16,9,72.09,Online,Cancelled
f96bd2dc-e34f-4b89-bf0a-c4184f03bae3,1a31c678-d420-495a-aff3-0f1609514e1e,2024-02-05T10:16,7,103.81,Card,Pending
de55d16c-dbc1-4e50-ac4f-d2d685319a31,65b2c0ea-6192-47fc-9286-2c1dd3ecefb1,2025-08-28T10:16,3,41.52,Cash,Pending
1bdae3f9-f72b-445f-9934-f068f92fbaed,953417c6-cd52-45e9-9ca0-bb450653c934,2024-09-29T10:16,8,137.52,Online,Cancelled
831ec2e9-4ee4-45af-b116-552a6dc4fc7b,b3688304-b24b-416a-9bf4-c2b6aaeb59d3,2024-01-17T10:16,7,114.94,Cash,Cancelled
e4f86a28-8082-408a-b5a9-ba4eb6af5328,000f9c8f-2fc7-4346-844d-c04f10751265,2024-08-01T10:16,5,32.20,Online,Cancelled
f0b5cbc9-47ac-4131-9971-cafe3a90e78c,aff4340c-d102-49ba-af8e-84d2737ce82c,2024-04-09T10:16,5,36.60,Card,Completed
30ca4eb5-ade5-4de6-a5af-0fd23a6e8937,4e44f26d-5455-405b-8fdb-63ab8b739ecf,2024-11-23T10:16,2,32.14,Online,Pending
1170cccb-b41f-40b9-b740-f1e94d970a71,d7af10ce-45c9-4fc8-8dd8-b1c5491aad5f,2024-05-13T10:16,4,105.92,Cash,Cancelled
900d3832-93fd-43a0-babd-ca79f73519b5,9b9edd1e-b4f7-414c-b8b5-a3dc51fa0a8c,2024-06-15T10:16,2,46.04,Cash,Pending
07dffe1d-aadf-4f4a-bbda-d3e5d7d147b1,5eb75bc0-d5fa-4209-9d42-7767f3f0585b,2025-09-02T10:16,9,249.21,Cash,Completed
17b2c7c9-045c-4541-8505-da952adbd58f,8e1bbe6c-7b75-46dc-8ca1-0b1664cd6ae4,2025-02-28T10:16,1,28.71,Card,Completed
e2ae888e-429d-4ac3-ad98-5d38cfda73bc,21edfc22-3f73-4335-a774-3cf78ab65e86,2024-09-23T10:16,1,20.08,Online,Cancelled
94114e35-dde1-4b30-8e40-ac6ea480113d,c9dcc28a-ae5f-477c-ae7e-72d94129f449,2024-01-17T10:16,9,154.80,Card,Cancelled
1f45b812-df33-49f4-874c-50a9c6103ee8,f0a6a958-e434-41bf-a830-dffa55a34db5,2024-12-24T10:16,4,67.76,Card,Cancelled
3043c2ac-3944-49ee-ba86-232ac37d1e8a,7a2e5fa5-096b-4701-8ce6-7a3db39bf8eb,2024-05-20T10:16,3,50.37,Card,Pending
cdc87df2-3f55-4401-a5b0-8a2d335ea5db,b014b56e-3263-4b63-8430-46e00bc5ea77,2025-09-08T10:16,5,90.15,Card,Pending
a55e7695-c32c-4b67-8479-569cee09eaee,824998a2-7592-4051-ab0b-d5e12743c93b,2025-03-26T10:16,9,258.93,Online,Cancelled
49a06baf-0e5b-4707-a5ac-e1a9f0da6b17,4e6807ca-aed8-4ec9-b1b0-0e3aba57efb1,2025-05-27T10:16,1,26.92,Card,Pending
9437d341-c9ae-4c05-8c0f-f8a81a8e5a55,4b14a58c-f1e4-40b6-888d-a88cd7055099,2024-02-17T10:16,5,123.15,Online,Completed
57d9fd4c-87d2-404f-9321-f8f312b462fe,02c65c06-56ad-4670-b8e2-10ab417c7154,2024-10-16T10:16,1,15.93,Online,Completed
790e36f4-07b9-42aa-b778-04312988b411,90f0db1e-2b19-43f7-ba17-233c7c214eca,2025-05-07T10:16,6,59.46,Online,Completed
ac7913d7-5535-4daf-8bc8-f4bb072c3310,205ea7f7-e714-45b8-a083-11247ff702a1,2025-10-09T10:16,3,63.72,Online,Pending
e5887405-da2b-4c52-b0a9-b19b43f80010,4717d2a3-4b2a-44f1-b960-a2b73e2d23fd,2025-09-12T10:16,3,20.16,Online,Pending
db6ca09f-98c4-4b04-90eb-55227a8272e6,cb8747c7-32ca-4b6b-868d-13ab01d953ec,2025-07-09T10:16,3,21.87,Cash,Cancelled
a8f73222-1f03-40ee-8eb4-127706af663a,25659c0e-6eb5-4c57-add8-fb6ac5f42699,2024-07-01T10:16,9,123.84,Cash,Cancelled
eeb85b74-eaa7-4486-a043-476f97d23f21,0a0ac3e5-6e20-4fbc-87ec-5481c70e38bc,2025-08-07T10:16,7,159.60,Online,Cancelled
fb4224a1-54f7-4cab-806b-24338850031e,b95f7619-fab2-4df9-8683-1f2aeb93a660,2024-12-17T10:16,3,46.11,Online,Cancelled
7e4b307c-535a-4535-8069-c03fd59982e8,c9dcc28a-ae5f-477c-ae7e-72d94129f449,2025-05-21T10:16,8,175.04,Online,Cancelled
ff8d574b-c09c-4035-a4d3-4b651e223e67,5eb75bc0-d5fa-4209-9d42-7767f3f0585b,2023-12-16T10:16,9,173.88,Card,Completed
928aad52-51ed-4259-a99b-570e73fc26c6,fbe227d7-6d32-4407-9783-7fdac983e55f,2024-09-26T10:16,1,15.86,Online,Pending
6cf51834-5f56-43a1-bcaa-6d3467346e6d,5400d214-6176-40bf-88d2-3f53ed38bf69,2025-05-24T10:16,4,33.24,Cash,Pending
08813cc9-6be2-4bb8-83ea-f49e67c4a4f5,fe624323-ba72-456d-9842-ed9e0edc75df,2024-08-02T10:16,1,10.21,Online,Completed
144d67db-9852-44c8-9d2a-f63f8dfe00ff,885715b6-b1eb-44ca-8460-28c0343e56f3,2024-04-07T10:16,4,97.96,Card,Pending
4655663e-59be-404f-8f57-2f105898ae60,6c6a3b10-9747-4dca-a041-4edc22d147b0,2025-07-06T10:16,9,104.67,Online,Cancelled
164dd8b1-8a7d-4fe3-a9ec-a2be40bb976a,14eace30-1ac2-411e-8eef-98e8f32a87fb,2024-01-18T10:16,9,230.94,Online,Cancelled
0e52d666-ec53-407f-9c71-266e03f1dc90,fe624323-ba72-456d-9842-ed9e0edc75df,2025-04-18T10:16,8,83.52,Online,Cancelled
af70e325-3ce3-4afa-b54a-c316582ca95d,89d26a00-0fde-4c03-8430-b06f6bc3f33a,2024-04-17T10:16,4,102.68,Cash,Pending
1f34a358-4b76-4c76-95ac-9cdf5592ff38,795088d7-d227-422e-ad8c-f048bde0675e,2025-01-18T10:16,9,149.31,Online,Completed
e0c8819f-4274-4672-bd93-b9ee15732bb1,e6cb1215-5314-4d05-bfd1-f6e5d36e89f7,2025-08-18T10:16,1,24.79,Card,Pending
0a63bb82-d57e-44f7-a078-2c6c2b821bdb,5d6f84a5-a4de-442e-99b9-b8ef714b4436,2024-08-22T10:16,8,165.68,Card,Cancelled
2fe53cd9-64be-4429-8800-1db1c2f9e46a,21edfc22-3f73-4335-a774-3cf78ab65e86,2024-10-06T10:16,4,94.28,Card,Completed
e47f7348-7b33-45e7-bf8c-278dab667136,39cb44e2-a541-4b98-bc0b-db5f31cf8710,2024-07-11T10:16,6,166.80,Online,Pending
e97cc2cf-8f91-477c-bf40-ec0a8a4071c6,bfa3444b-2be9-46be-b944-720d86a59770,2024-07-10T10:16,3,41.61,Cash,Cancelled
a9398d11-5047-4d7f-9a3a-f30326975f75,6aaabc79-3d35-410f-bb96-f86a3930d0ff,2024-10-03T10:16,2,15.22,Card,Completed
0064b273-9ab9-4b4e-9a43-bfcb6da082a6,1d32c3b3-c732-4995-aa6b-ff159deb3bdf,2025-07-02T10:16,4,99.08,Cash,Cancelled
da9d21f7-02ba-4754-9ba3-0ef70891a269,1d32c3b3-c732-4995-aa6b-ff159deb3bdf,2025-04-27T10:16,2,18.62,Cash,Completed
f58b6f1d-aae0-4f01-8efc-e63b92918be1,e277d099-db2a-4aee-ab86-8b0e73a34383,2024-06-12T10:16,6,84.00,Cash,Pending
cbfcc5b0-d01d-4965-b3db-d978f4d50d98,e6e1db85-f8ba-4264-9c9a-520ecda4bc4c,2025-10-28T10:16,4,88.40,Online,Pending
6aae5385-947a-46d7-ab94-75ff2c71b14b,23650eb4-f98d-45a3-a90b-a378f03d469d,2024-07-22T10:16,9,186.12,Card,Completed
c607911a-e7ab-4fa5-8885-09efb3d59c2d,795088d7-d227-422e-ad8c-f048bde0675e,2024-04-07T10:16,6,113.46,Online,Cancelled
c1ac1bf3-1cec-4f2d-b51d-578eba5840cb,f90cf3ca-e2d0-4129-bc7a-e8a2b80880da,2024-08-17T10:16,5,94.60,Online,Pending
992e3f15-9bd5-471c-be78-2cf8e5e7c855,92da274a-bea2-490a-bb52-196c46fa8487,2025-09-08T10:16,8,41.04,Cash,Completed
ab08eac4-ef48-404f-a8e6-803983e58ee8,1407e9cf-22c9-4137-a2fe-cc12dc038235,2025-04-16T10:16,6,158.10,Card,Pending
304687e7-b923-4bce-a192-fae3d1073446,ebbc7df0-770d-44f8-b0ff-c62f9006e40e,2025-06-12T10:16,8,170.80,Cash,Cancelled
43003954-ed64-4ddb-819e-20e84ea001ff,515fe1d2-d33a-4b9d-8c19-07e0cbe81a9a,2025-09-27T10:16,2,44.06,Online,Pending
b5df00df-49c2-4bbc-8ecd-5e6f5fb8ac76,0a15d43b-8f6b-444a-bef2-ffbddfdbd16f,2025-08-13T10:16,7,105.91,Online,Completed
e08b423e-d565-46bc-a621-ede9dafff5f2,99c406e7-092b-4eeb-bc08-56fc041c253d,2025-01-09T10:16,5,78.45,Online,Completed
5db05a47-0107-45a6-ba3c-f2e0dc1c52cc,f90cf3ca-e2d0-4129-bc7a-e8a2b80880da,2024-05-13T10:16,1,23.11,Cash,Completed
6ad607fd-7b1d-489c-937a-54de2c362783,bb6ceda0-3f7a-4dfa-9862-41a88dd468b2,2025-03-23T10:16,5,143.10,Cash,Pending
b551c4c4-0e28-45a7-9a25-5e20c00105ea,910b1d47-5c37-48b1-8bde-96c60660f1d7,2023-12-15T10:16,1,7.76,Online,Completed
b36d9ba4-385d-44ec-bd2c-4cc69d89e7c9,5eb75bc0-d5fa-4209-9d42-7767f3f0585b,2025-07-16T10:16,3,30.66,Card,Cancelled
920e2716-2194-4b66-83f9-e1f036a5742b,fbe227d7-6d32-4407-9783-7fdac983e55f,2024-10-01T10:16,9,133.47,Card,Cancelled
cdf4476d-4746-4e96-83c1-d7eac8545b84,0e0d5f13-edd5-4ab0-9ddd-3df111bedc5a,2025-10-17T10:16,7,110.60,Online,Completed
24c1a183-62cc-4b7d-847a-82d5afe09b8b,d5eaf6a7-76cc-48ec-98d9-ba713e2df70f,2024-06-10T10:16,8,183.20,Cash,Completed
c3786c12-0670-4ea8-b38d-53682f6e7edc,4e44f26d-5455-405b-8fdb-63ab8b739ecf,2023-12-12T10:16,4,90.68,Online,Completed
05595ed8-3a56-44a4-8ff9-01b305476ff3,f6c35464-33dd-44a7-bf84-071f2e427045,2025-01-13T10:16,2,58.24,Online,Pending
bdf2aebe-a59c-4f45-b97e-6d58c8dc3ce2,10b26c2d-7d56-4175-84a8-a2775e128a9d,2025-08-04T10:16,2,58.28,Card,Completed
39be5101-8cae-420d-8770-cec626b17dae,0a0ac3e5-6e20-4fbc-87ec-5481c70e38bc,2024-08-08T10:16,2,26.64,Card,Completed
40f0c9f7-d098-4991-8efe-775e3cd5d766,050d9901-1cb5-413a-9c31-282028f863c1,2025-05-23T10:16,3,54.54,Online,Pending
592e194a-bd12-4339-8968-6fc55e71004b,3dcaabe3-78c9-4d88-bed5-56ca7ceea07c,2023-12-19T10:16,4,48.80,Online,Completed
cc56f1dc-a883-4126-a93e-4f548f2cf8d2,d7af10ce-45c9-4fc8-8dd8-b1c5491aad5f,2025-02-08T10:16,3,69.81,Cash,Cancelled
00774e0f-864b-462f-a1fb-88e8cfcb3c87,36b880b0-e9bd-4c0b-8f1c-32018f6c758a,2024-10-03T10:16,2,44.74,Cash,Cancelled
03453aea-6325-488b-98b5-41ae18432bf1,93cdeef1-3fc3-4a63-a275-0ae87ae6b335,2024-02-11T10:16,5,49.35,Cash,Pending
749a9ec9-482a-419d-ae19-9a481f2aab5f,0e0d5f13-edd5-4ab0-9ddd-3df111bedc5a,2025-07-27T10:16,3,76.71,Online,Cancelled
9a223125-6085-49bb-9cff-e5f4993c27d0,bb6bf39c-f455-4e08-a59e-1bdaaa91d4aa,2025-05-27T10:16,6,143.82,Online,Cancelled
c19a321f-190f-4522-bc41-79391e24d095,d7af10ce-45c9-4fc8-8dd8-b1c5491aad5f,2024-10-12T10:16,6,46.86,Cash,Completed
027ec187-4971-48db-810b-1d5fb76a768a,885715b6-b1eb-44ca-8460-28c0343e56f3,2025-01-31T10:16,3,76.77,Cash,Cancelled
ab45ddf1-84e2-409b-a28b-ed1d386566a8,515fe1d2-d33a-4b9d-8c19-07e0cbe81a9a,2025-07-24T10:16,1,14.43,Online,Cancelled
f9ee2c37-4dfd-4aaf-a1f0-302e686e66b9,ecf1ffb0-ac00-4968-87ea-8beef4ace55a,2025-10-22T10:16,2,16.40,Cash,Cancelled
31bd4f29-8e90-42fa-b250-d0bb0481d7c6,9fa382f0-8393-48db-ad30-43c953282401,2025-07-27T10:16,7,91.70,Cash,Completed
a2bac66b-f19d-46c6-ba6e-ac4483f011b3,67c276b0-7be6-4f3c-bf86-c342095c8112,2024-06-18T10:16,1,13.25,Cash,Completed
cf8ee9e6-915a-49e4-985a-27b78a66db34,b90a3a7f-421e-47e5-8598-fe50f365a62e,2024-10-13T10:16,9,234.90,Cash,Pending
eadf497c-734d-48b0-93ee-f368ebd7eb77,5f6e51da-5f01-4c9a-85dd-7d50ef37e5d7,2024-05-27T10:16,2,50.20,Online,Cancelled
53c79537-82c2-4fe7-b0de-72939dc945e8,885715b6-b1eb-44ca-8460-28c0343e56f3,2025-03-16T10:16,4,103.00,Online,Pending
90944a83-fc40-4fe4-b1ae-6dee27a9ea62,983d66ae-c8b0-46b8-8abc-26a1055cf729,2025-10-23T10:16,2,41.90,Card,Pending
95ae3c45-dbee-4641-8f0c-070656c4f64e,000f9c8f-2fc7-4346-844d-c04f10751265,2024-10-30T10:16,4,47.64,Card,Completed
d3b6cca7-3f09-46bb-a1b8-49dd82c79782,e7991221-0de0-4ef8-aa9c-ca3b59197059,2025-07-03T10:16,3,71.34,Online,Pending
6a35c52e-7a64-4e41-8428-6ad38b4d2842,3ab3404a-ee80-4ed2-8d90-a6f0dad14e48,2024-03-29T10:16,6,91.92,Card,Completed
dfa088ad-b9d8-410f-8da9-10e90636425a,0b2a0e9a-e050-4380-b607-57adcbbf59d4,2024-04-30T10:16,7,57.40,Card,Cancelled
a02b3e59-2eac-44fe-9536-62b653e3addb,a938df5f-7764-459c-8bfd-90409d16b3c6,2024-03-28T10:16,6,76.62,Online,Pending
7da50294-c340-4858-8702-5f92d55ee0fb,a3f626b9-cc27-4c04-8570-be79ab8bda4a,2024-12-29T10:16,7,149.24,Card,Pending
