order_id,restaurant_id,order_date,items_count,total_price_usd,payment_type,status
b6932f9c-76bb-464d-b00a-8aceebad6e58,0130fcd4-a6cf-4a72-8400-7bcae1abce34,2025-09-02T10:16,5,41.50,Cash,Completed
18e50e2c-02d6-4c82-9f2e-a2a2ba883ad1,7509850a-5062-4da9-aad6-bc5b9e363ef1,2025-08-18T10:16,6,34.14,Online,Cancelled
51c2b2ab-c01f-4688-ab0f-e7ad156c0bb8,7a2e5fa5-096b-4701-8ce6-7a3db39bf8eb,2024-08-17T10:16,3,69.18,Card,Pending
872b703d-846b-40a0-aaf6-72d7f417eb71,8e1bbe6c-7b75-46dc-8ca1-0b1664cd6ae4,2024-09-24T10:16,5,138.75,Cash,Cancelled
78e73fa4-fb58-42e0-a626-f0a702116277,7d2df59f-386d-4aec-85a8-2443262a0cb4,2023-12-15T10:16,2,29.42,Online,Cancelled
3897f9a7-b8fc-4bc0-bb4c-2a7db6512f7d,2a109685-1399-4149-8951-fba29bb0360d,2025-04-14T10:16,5,59.35,Card,Completed
9ccbd0d1-62b7-4fcc-8757-bf9c24a57501,2c6dafc9-06cc-4b3d-8b8d-12aae0644c58,2024-03-27T10:16,3,30.24,Cash,Cancelled
4aacf308-8da1-42a1-bd5e-d662d7927043,b90a3a7f-421e-47e5-8598-fe50f365a62e,2025-05-12T10:16,2,13.56,Cash,Cancelled
2e854cd5-b7d5-42c8-81e9-a2762f537f5d,5400d214-6176-40bf-88d2-3f53ed38bf69,2024-04-18T10:16,4,24.00,Online,Cancelled
e1a81844-b1b1-4bfb-aa90-5e3e4ad0ec3a,103fcba5-5588-45a5-9fe0-6ac948d3860e,2023-12-21T10:16,8,162.32,Online,Pending
68eed695-2dee-4cea-a100-8811c862ef36,f067e21d-d1d4-4e87-9cae-9753f5f9ccb6,2024-09-27T10:16,1,14.59,Card,Completed
bbc2b230-88c6-456d-9891-db8adf17c9d0,9c53f3f8-5b22-4d77-bd76-cfa6c70e443c,2024-12-13T10:16,8,216.16,Online,Pending
7f00c026-354e-4e27-9541-9a350df01c2b,4e6807ca-aed8-4ec9-b1b0-0e3aba57efb1,2024-04-03T10:16,4,33.80,Cash,Pending
ad2d24a9-748c-494e-a729-cfe72ed9bfac,68169a66-a8d4-4763-914e-7befc826445b,2024-04-20T10:16,3,16.08,Cash,Pending
4ddd0328-919b-4835-903b-0bb88ce7d466,b95f7619-fab2-4df9-8683-1f2aeb93a660,2023-11-18T10:16,2,15.04,Cash,Cancelled
32b34980-2f59-474f-906b-acd9e3c76ac0,3dcaabe3-78c9-4d88-bed5-56ca7ceea07c,2025-06-03T10:16,3,67.44,Card,Pending
02c54f17-d75e-4024-a63b-0762f928befc,27e45431-1333-4ffd-a0c8-be56ffdc5d4e,2025-01-05T10:16,6,150.24,Online,Cancelled
3df990ca-f92e-4fd9-bda2-7d972cfbb60f,62a2bfef-ca4a-4dec-90ea-bf15ea1880d2,2024-11-11T10:16,5,38.60,Cash,Cancelled
edbb63f4-be22-4697-bf57-618ea7cf4c45,0a5bd884-b432-4ce5-b14e-44b4aedd4c0f,2025-07-12T10:16,2,37.92,Online,Pending
537fb222-6102-4720-9811-e62335d51516,d5cfb1a3-ce2f-4aff-ab4c-50e0c5426af1,2024-03-04T10:16,9,226.62,Card,Completed
be100c79-163d-4a02-ba40-8040769e584d,0a0ac3e5-6e20-4fbc-87ec-5481c70e38bc,2024-04-04T10:16,4,37.44,Cash,Completed
690eedce-db49-41ad-b350-626c86d95b9d,5eb75bc0-d5fa-4209-9d42-7767f3f0585b,2024-04-30T10:16,1,21.77,Online,Completed
ec905eb9-b1fc-49df-bb2b-78c8ccfdbeda,8113211c-bdc3-4bb0-94d9-3fd3871f3005,2025-08-17T10:16,6,119.40,Online,Completed
789a6d52-aa38-4ffc-860a-1245e1fb4527,c46351bf-193f-49af-a5d6-456188837c3d,2025-05-01T10:16,9,239.40,Card,Cancelled
8603f31e-285f-48b4-9403-c77ab4afba2e,00d7ae70-0f46-4453-963c-4ab2a3d29314,2024-02-29T10:16,7,72.45,Card,Completed
082e273c-55a4-4611-893b-b89b0f2b2ad3,6c3bf618-a715-40f9-9faa-cfc5f5beef2f,2025-11-04T10:16,4,76.64,Online,Completed
502d1aa4-0d9a-45e5-8f65-8544464a38ac,aac35608-9499-49c5-811a-a059e773c968,2025-04-15T10:16,6,68.64,Card,Pending
bcdd74d8-a0d8-4241-bae2-6186216db74a,0fcf4084-ea31-49f8-99f9-9bf8c8b0c16b,2024-05-10T10:16,2,31.38,Card,Completed
fd1243d7-bbf8-4668-84db-2d65164647ef,99c406e7-092b-4eeb-bc08-56fc041c253d,2023-12-10T10:16,8,220.48,Online,Cancelled
4e7b479e-45fb-40fd-8257-edd392f2a2f7,bf0de251-90d7-423c-8b31-48df1a89964f,2025-04-08T10:16,2,16.12,Cash,Completed
75bd6fce-e842-4e4a-b79a-9bd2c341b9a5,00d7ae70-0f46-4453-963c-4ab2a3d29314,2025-09-07T10:16,1,10.55,Cash,Completed
0e270d29-0084-430f-bb9a-53f3ac4bbc1e,bc58b12c-65c4-4f21-89ef-3e492a22ef7c,2024-08-02T10:16,4,79.84,Online,Cancelled
965b7b51-f2fe-4330-940a-01b5a0dda0e8,62a2bfef-ca4a-4dec-90ea-bf15ea1880d2,2024-03-17T10:16,6,168.00,Cash,Pending
2f723f7e-12e3-41cd-83b0-d6609031833d,1a48aa9a-def3-481d-922a-94300aa97309,2024-01-19T10:16,4,95.72,Online,Cancelled
b25a5a87-818b-42a9-bd36-789396f0797b,73a2b03c-2dca-486e-8ebc-c4d6bb68a8c6,2025-04-10T10:16,2,10.36,Card,Pending
975fb69d-5e12-4964-b225-71b61c3b74e0,56a75a3e-a944-4147-8cba-f1024726993f,2024-12-23T10:16,3,40.47,Card,Cancelled
6199260b-c10d-47f1-9c7b-25bf7c89b7b2,a5ffc907-be77-43e6-8694-4a0bf09bd3fb,2024-02-11T10:16,4,47.56,Card,Pending
0554ca8f-d0a0-4a80-8037-8bc400593631,23650eb4-f98d-45a3-a90b-a378f03d469d,2024-09-23T10:16,4,97.12,Cash,Completed
bc12ba24-bae5-4249-8037-65ea619f87da,0d463f72-c3a1-4a2b-8d0d-1721a0d1a06b,2024-03-05T10:16,3,55.62,Card,Completed
d714a5a6-3593-44e7-915b-0c1179013569,b014b56e-3263-4b63-8430-46e00bc5ea77,2025-06-10T10:16,6,146.76,Cash,Cancelled
b92eb0df-d1b0-409b-bc53-056f67675cfc,ebbc7df0-770d-44f8-b0ff-c62f9006e40e,2025-06-30T10:16,9,91.08,Cash,Completed
27445fe8-a653-46a5-9b36-1bd04708dd18,d5cfb1a3-ce2f-4aff-ab4c-50e0c5426af1,2024-03-28T10:16,7,61.60,Cash,Pending
3d5fbc1c-c366-4495-9002-79188bcb1726,6b1178fc-1745-401d-88da-3903c243ebe9,2025-06-18T10:16,4,27.04,Online,Pending
96bbca81-ca59-4852-8597-a0a022ed1fd2,8887df7e-682b-4d48-b18c-c1ddfa0aaa26,2025-09-16T10:16,3,48.72,Online,Completed
3a497089-0eb6-43c2-904f-332a88244591,09ba4183-1b94-4f8c-bc5f-eca421a88524,2024-03-02T10:16,6,37.08,Online,Completed
69211287-6ab6-419e-91a5-a832e29a46c2,d5eaf6a7-76cc-48ec-98d9-ba713e2df70f,2024-05-22T10:16,4,107.24,Cash,Cancelled
c2dd189c-9f16-43f2-8fac-046c18f5fef6,cb8747c7-32ca-4b6b-868d-13ab01d953ec,2025-01-29T10:16,9,216.27,Card,Completed
6411b23b-21bf-4b63-8a5c-2e89b7b9ae28,e277d099-db2a-4aee-ab86-8b0e73a34383,2024-04-12T10:16,7,94.57,Online,Completed
d2083c02-a702-499e-b92c-5ddcdc8f8bda,c5817fdc-a4dc-4879-b957-30cfda62016b,2024-04-26T10:16,7,40.39,Online,Cancelled
2d2faafc-a351-4da1-9f55-1537c9dd9f93,5d6f84a5-a4de-442e-99b9-b8ef714b4436,2024-10-30T10:16,1,14.01,Online,Completed
d0e6a0c9-5c4d-456e-a711-34327376f9c5,485b65e7-fdf4-474d-afba-37986d8d3cd8,2024-02-14T10:16,2,23.74,Cash,Cancelled
d8f93f96-1f7b-45fa-a106-9185d03f780d,0e0d5f13-edd5-4ab0-9ddd-3df111bedc5a,2024-05-13T10:16,4,104.92,Online,Cancelled
b81113ad-be57-49a3-b199-910eed2b25c4,a938df5f-7764-459c-8bfd-90409d16b3c6,2025-10-16T10:16,1,16.35,Card,Completed
85df730c-dd9c-42a3-bdd5-da34e03cc80c,0472ca7f-b133-4710-8f43-24a3c6c1afd1,2025-06-21T10:16,9,49.32,Cash,Cancelled
5a2ab563-8454-4768-8435-a6e81497541e,67c276b0-7be6-4f3c-bf86-c342095c8112,2025-05-15T10:16,2,52.36,Card,Completed
1a6731c3-3285-40d0-9d09-a684da3d08e7,2a109685-1399-4149-8951-fba29bb0360d,2023-12-14T10:16,9,200.97,Cash,Cancelled
eb2ace60-f357-4983-82c2-d1b7556e4f60,1a31c678-d420-495a-aff3-0f1609514e1e,2024-03-24T10:16,9,212.49,Cash,Cancelled
292a7213-1930-40b3-9e9d-52abab745b4d,b95f7619-fab2-4df9-8683-1f2aeb93a660,2025-04-12T10:16,3,20.67,Card,Pending
62dee532-9c81-4ca3-9393-7f0adc87e29c,e85d0261-2d97-4475-a749-363ec9040a74,2023-12-07T10:16,1,23.01,Cash,Cancelled
98ef9a6b-edba-4f5a-84c8-5efbc9026e88,ceafdb2a-788d-48e0-acdd-bd533a2e7ab6,2025-07-16T10:16,2,59.30,Cash,Pending
c1659b47-4d14-417c-8f1e-0093ddaaa85c,92da274a-bea2-490a-bb52-196c46fa8487,2025-04-09T10:16,2,19.62,Online,Cancelled
13152838-0bfa-4f8f-a7cf-3ee1cba11c2d,7a2e5fa5-096b-4701-8ce6-7a3db39bf8eb,2024-05-29T10:16,9,215.82,Online,Completed
07eec893-2398-4737-89a9-35c517a86bc4,8b546c63-5406-493d-bc69-cfb594b38267,2025-10-15T10:16,6,102.42,Online,Completed
3e087548-9e6a-4ec2-9a4a-ea8ee02e3ff5,c83bba2f-5229-4998-9566-1f3179b13e8a,2025-08-13T10:16,3,43.77,Card,Completed
56001726-1b89-44c3-b7bc-8c8a0e0ae8fb,74e76582-f1b8-4560-b049-8aebb59d4721,2023-12-19T10:16,2,44.80,Card,Cancelled
20561cb2-f282-4a0c-9947-07bfd92f7b43,71f17b36-2c37-4cfa-bf8a-894fa94c0e9b,2024-09-13T10:16,7,75.67,Card,Completed
3da8165d-fb14-4901-b25e-7198d1a2e891,b6c26110-1b77-4777-8c79-c69ec19b66df,2024-10-12T10:16,8,197.52,Cash,Completed
6d6c1546-8787-4f44-abc6-fff3ff658b0e,4717d2a3-4b2a-44f1-b960-a2b73e2d23fd,2023-12-12T10:16,2,35.50,Card,Pending
f8b08d37-8133-4f1c-a6bb-f23a154b77aa,e886c155-0dae-4b36-88f5-a86fa474d1f6,2025-06-21T10:16,7,187.60,Card,Completed
dded4971-efad-4156-8663-f0e701fc2ca0,1233cc27-7567-48e0-8dd2-6b0019506c2f,2024-01-06T10:16,4,92.28,Card,Pending
06655b05-a4ad-42ea-b37c-8179ba809621,885715b6-b1eb-44ca-8460-28c0343e56f3,2025-08-31T10:16,5,27.65,Card,Completed
28f0e6ae-7ff7-433f-9a1d-33cbe7ce9904,e277d099-db2a-4aee-ab86-8b0e73a34383,2025-09-11T10:16,9,261.09,Online,Completed
7620bf14-6e1a-4071-afda-9846d6bc1168,3e97fc93-73a7-45e0-9888-f7a03ee258a7,2024-11-05T10:16,5,40.45,Cash,Cancelled
90186c58-f3f5-45df-8418-68d7edcbc95f,485b65e7-fdf4-474d-afba-37986d8d3cd8,2025-07-30T10:16,8,139.60,Online,Completed
fbfd17f3-2c23-4bce-8ce0-f435e8db10b3,f543de06-e341-4de2-95ab-ca0fd3ee51fe,2024-12-26T10:16,6,123.06,Online,Cancelled
588c0bab-f899-4e8f-84ce-0eb1fbbe86f4,0fcf4084-ea31-49f8-99f9-9bf8c8b0c16b,2024-01-11T10:16,6,127.98,Card,Pending
d3ff85b5-ddf6-4306-94da-dc5061bbfc8a,500fde18-ea61-4380-9ea4-f06d09985870,2024-05-10T10:16,7,89.74,Cash,Pending
66698d85-c390-4141-81b2-3546510292ef,0a0ac3e5-6e20-4fbc-87ec-5481c70e38bc,2025-04-08T10:16,3,36.51,Card,Cancelled
4f348fcd-2d22-4794-837d-ca3b4cd198a9,4e44f26d-5455-405b-8fdb-63ab8b739ecf,2025-05-24T10:16,7,126.91,Online,Cancelled
fdc5ab49-456e-4ae2-b422-7181c7245bee,b03f75c1-655f-4480-a2bf-1a0af806e96e,2024-03-28T10:16,1,12.91,Cash,Cancelled
89984405-2678-49e2-b2ab-c8b23b4752f5,a302a1a8-c429-406f-abff-9f273aa0a4b5,2025-06-28T10:16,7,58.17,Online,Cancelled
c2d4e2bc-b4f9-4fc5-8aa4-0e4ebeaa5cca,3e97fc93-73a7-45e0-9888-f7a03ee258a7,2025-11-10T10:16,1,13.15,Card,Pending
4dc169d8-3fef-4bc5-9de4-e75357200e66,f3826f04-0dfa-4266-8002-58fede0093f5,2025-10-21T10:16,8,159.60,Online,Completed
732db6a6-a258-4018-a15d-6d5e6e925fe0,d87f31d7-79ef-4c17-856e-142e791b04da,2025-08-31T10:16,9,151.47,Cash,Cancelled
483a9222-4136-48e7-a97e-a3b13b84098d,0a5a9fc7-e126-48f0-99aa-dea85c606f66,2025-01-10T10:16,2,13.52,Card,Cancelled
4a20242a-1225-462b-9418-ae4955cfe350,0df3bae1-6384-4856-aa27-aef9f6c48b75,2023-12-05T10:16,8,169.60,Cash,Pending
e1ac1ce4-d65f-4ca0-b5e9-23ee09203bc1,941529ef-2114-4bff-907a-4596ff4593a1,2025-01-19T10:16,5,146.70,Online,Completed
2f58fc58-e159-4c71-b64a-d0a26f9311dd,4739f27f-7a96-4d52-83ae-0c6fd4c8c606,2025-09-18T10:16,1,20.19,Card,Completed
044a8317-348f-4bc5-8184-9eb7eade5e3e,d33bbfcd-a2ca-4e80-8a1c-65223f061e7e,2024-01-05T10:16,9,140.67,Card,Completed
2e35635b-54cf-40e4-a0d3-c5660bb79bef,4bb2d776-14c0-4ef6-b8ba-c580cbed72b8,2023-11-25T10:16,8,168.16,Card,Completed
51ced91d-6fc7-4ce9-a091-a8f7bf77e290,983d66ae-c8b0-46b8-8abc-26a1055cf729,2024-03-04T10:16,8,87.04,Card,Pending
bed8f396-0867-42d7-8939-d605547a2db8,7c991f43-c18b-4404-8826-97691b0dc00c,2025-02-28T10:16,9,200.70,Card,Cancelled
dcabe98a-bcb1-408d-8c87-24aa62359a0c,500fde18-ea61-4380-9ea4-f06d09985870,2025-11-07T10:16,9,144.45,Cash,Pending
caaf7a57-e739-459b-aef1-a1373a758d75,6e551d53-4f6d-4b84-a9de-3d7c79694805,2025-02-15T10:16,1,11.23,Card,Cancelled
2b7a045b-a5c5-497c-8a0a-65cb1808b496,c3ffc43c-0c11-40fa-9824-f234161741d0,2024-06-19T10:16,1,26.08,Card,Cancelled
7f24a048-931d-4a78-8094-cda655efd99e,caca465c-e9f2-4add-91b5-24c70595e321,2024-03-08T10:16,1,8.17,Online,Cancelled
5fad1b22-0c5c-4504-8990-fe2ef2590b07,10b26c2d-7d56-4175-84a8-a2775e128a9d,2023-12-08T10:16,9,178.11,Cash,Cancelled
20fa87af-8445-4bb9-8b3c-f60500ee6540,62a2bfef-ca4a-4dec-90ea-bf15ea1880d2,2024-01-09T10:16,7,171.43,Card,Cancelled
1d883858-1ab0-4e4d-bc18-cfea1b1cb7a3,cd50913f-8c99-4253-9134-0cf5fe5f300f,2024-11-13T10:16,3,52.23,Online,Cancelled
06582db5-ed72-4923-9f50-be6e2ad989e9,36b880b0-e9bd-4c0b-8f1c-32018f6c758a,2024-07-12T10:16,1,11.75,Cash,Pending
6fa0c946-cc8d-48f3-8b20-6cd0b8e5ae34,515fe1d2-d33a-4b9d-8c19-07e0cbe81a9a,2024-05-15T10:16,8,221.44,Card,Pending
67450132-8e42-4741-a79a-3ee70ff261da,06e585f0-5b60-4900-81d1-3379328e6c17,2024-03-04T10:16,8,198.96,Card,Pending
273fed2d-156c-4410-8a71-e11a9d8ec89d,500fde18-ea61-4380-9ea4-f06d09985870,2025-09-17T10:16,6,99.54,Cash,Pending
cb87467e-9a91-4072-ad11-fb97cbcf405f,4bb2d776-14c0-4ef6-b8ba-c580cbed72b8,2025-01-05T10:16,6,69.72,Cash,Cancelled
8ec0cb16-9562-462a-85d4-d2e26e964602,500fde18-ea61-4380-9ea4-f06d09985870,2024-12-27T10:16,4,46.80,Cash,Pending
b5af969c-ab31-4f1a-9df5-51e820bc20a0,bb9edfa8-17f7-4f6f-8e3b-616693a298b1,2024-12-22T10:16,8,157.84,Card,Pending
2d92acf0-91c6-4b25-a7ec-795f9b77c952,d5eaf6a7-76cc-48ec-98d9-ba713e2df70f,2024-02-24T10:16,6,121.68,Card,Cancelled
b1866878-347a-4084-a359-d91b9856ede7,e277d099-db2a-4aee-ab86-8b0e73a34383,2025-08-10T10:16,6,61.38,Online,Completed
ee34b63c-6851-4921-99f3-b72da06b89eb,59827b2a-ae17-44b1-bd6f-6f08718559cb,2024-05-20T10:16,3,53.85,Online,Pending
4819dce2-aa85-45e2-896b-ac9157d8e04c,ebbc7df0-770d-44f8-b0ff-c62f9006e40e,2024-01-12T10:16,3,59.55,Online,Cancelled
5497e098-0d2b-41dc-acb1-05ed9a7f0454,e7991221-0de0-4ef8-aa9c-ca3b59197059,2025-03-26T10:16,9,232.83,Cash,Pending
bf13a5c5-4615-4099-869d-4d691561e035,b0d737cd-ec4b-4a88-aa81-d012ef3fb719,2024-04-26T10:16,5,138.25,Online,Completed
83c321bd-599c-4722-9ea2-318e28e069fa,401a6911-a31e-4892-adc1-56e3e1eb090a,2023-11-17T10:16,1,13.56,Cash,Completed
a2cfc33b-db13-4df1-8870-885917dca689,26d032f1-9fe9-487a-987a-a8be14e1db05,2024-07-29T10:16,2,38.60,Online,Cancelled
7f6d8908-af79-4897-99a9-6cf1e42d38cc,65b2c0ea-6192-47fc-9286-2c1dd3ecefb1,2024-04-30T10:16,4,41.24,Card,Completed
fb382987-2deb-40da-adbf-690de6972e22,428424b7-1f94-496a-8b7a-497ce177d32c,2025-04-10T10:16,9,136.17,Card,Pending
98de91e1-b390-4621-b398-886f02a95cc1,65b2c0ea-6192-47fc-9286-2c1dd3ecefb1,2024-06-01T10:16,5,41.90,Cash,Completed
e5863a95-720b-4493-822c-dca5b5aa89d4,4f6ae324-5b6d-47d6-a86d-26ec6fbe1e0e,2024-06-28T10:16,8,182.00,Online,Pending
d5066ce7-8dfe-49de-858c-ca40ddaaa86e,bb9edfa8-17f7-4f6f-8e3b-616693a298b1,2025-07-27T10:16,4,119.32,Cash,Cancelled
08b1081b-d703-4b5f-afbc-8dea3930f490,5400d214-6176-40bf-88d2-3f53ed38bf69,2025-06-05T10:16,8,100.24,Cash,Cancelled
19df9534-b38e-4782-aed1-58fcc77b6ca0,68169a66-a8d4-4763-914e-7befc826445b,2024-07-07T10:16,4,75.00,Online,Completed
c1d2abbb-b21f-469e-b802-a0c74142d60c,4739f27f-7a96-4d52-83ae-0c6fd4c8c606,2024-01-31T10:16,4,88.28,Online,Pending
8912521a-6963-4b94-9701-419ee8b4a0b2,b0d737cd-ec4b-4a88-aa81-d012ef3fb719,2024-09-18T10:16,6,166.80,Cash,Cancelled
c099ad57-2a4f-4331-8d02-03f272d8cce3,f0a6a958-e434-41bf-a830-dffa55a34db5,2025-08-06T10:16,1,21.82,Card,Cancelled
92c7fac3-54db-426f-b6a2-53a95d289307,1407e9cf-22c9-4137-a2fe-cc12dc038235,2024-05-18T10:16,7,151.76,Cash,Cancelled
f3ab118d-4e44-4774-bac1-7bc3316a9785,8113211c-bdc3-4bb0-94d9-3fd3871f3005,2024-09-24T10:16,3,39.39,Cash,Cancelled
95840ac1-76b8-4f67-8ecc-aec6792baf54,a5ffc907-be77-43e6-8694-4a0bf09bd3fb,2024-07-24T10:16,1,17.17,Online,Completed
47b745e4-c453-48f1-b4a0-370c64c05348,d87f31d7-79ef-4c17-856e-142e791b04da,2025-08-08T10:16,1,20.21,Card,Completed
925f2d3a-842e-43e0-8438-e7924cc0f717,bb9edfa8-17f7-4f6f-8e3b-616693a298b1,2024-07-08T10:16,6,83.82,Card,Cancelled
cb94cc2e-65c8-4f37-a6f6-daf2b4d43b87,5f6e51da-5f01-4c9a-85dd-7d50ef37e5d7,2025-07-10T10:16,2,50.68,Online,Completed
550c5b98-3ff7-424e-bdec-d0b862b48a87,27e45431-1333-4ffd-a0c8-be56ffdc5d4e,2025-01-22T10:16,9,123.21,Online,Pending
5e03e177-b891-48ce-af2c-ca59b78b7e95,910b1d47-5c37-48b1-8bde-96c60660f1d7,2025-04-14T10:16,8,106.08,Card,Completed
566b9327-686d-41d1-9a1f-6506cf5621bc,3befa4dc-d961-4a3a-9410-d43d1bdaa335,2024-03-05T10:16,7,127.26,Online,Pending
cd8c2546-e1c7-4181-b3fd-1945a4be20df,bc58b12c-65c4-4f21-89ef-3e492a22ef7c,2025-08-31T10:16,2,55.62,Cash,Completed
183272b2-f9e2-43cd-b148-dd7b04443b14,69446e90-4237-4410-ab55-e011eb04cce0,2025-04-18T10:16,8,59.12,Card,Pending
ce342365-d429-4279-9ada-2661ac9d7a6c,6e6d2c67-f7fb-4a98-8f9a-4822259b25c4,2024-06-27T10:16,1,28.17,Card,Completed
8b9f1afc-10a6-431c-aa5b-fa1407332855,62a2bfef-ca4a-4dec-90ea-bf15ea1880d2,2025-09-10T10:16,5,139.75,Online,Completed
d9f2404e-994e-441f-ace0-752fad9a1c7b,53db1213-7316-47bb-9099-c1def0e3c96b,2024-10-07T10:16,5,43.75,Cash,Completed
90cefef2-e7ad-4433-bec1-98e1287ffeaa,e7991221-0de0-4ef8-aa9c-ca3b59197059,2024-12-23T10:16,6,62.58,Cash,Completed
4cd5328f-2633-4729-ae8b-14e052151d69,0a570207-0f70-467f-bbeb-44a0a60a9a25,2024-08-16T10:16,3,87.63,Cash,Completed
4a63ad1d-fa5a-48ec-9a88-deb47ef8cc3f,7509850a-5062-4da9-aad6-bc5b9e363ef1,2025-08-04T10:16,8,133.76,Cash,Cancelled
f1d50132-aeec-413f-97f3-612222d6b721,9305d562-2505-493d-8ed8-3fb721c8f491,2025-10-21T10:16,1,9.19,Online,Cancelled
eef5e5ee-d2c0-42d7-9e4e-2a95b151a260,68169a66-a8d4-4763-914e-7befc826445b,2024-12-03T10:16,3,60.60,Card,Completed
b47c7fd3-c840-4617-aff7-2e83bc1ab1f5,5f6e51da-5f01-4c9a-85dd-7d50ef37e5d7,2025-01-20T10:16,4,94.04,Card,Cancelled
5877f22c-56ce-4f91-a32f-72eb8dca4479,2c6dafc9-06cc-4b3d-8b8d-12aae0644c58,2024-04-22T10:16,1,6.60,Online,Pending
4c16c012-e16d-49ab-a31a-bc79a294a098,d87f31d7-79ef-4c17-856e-142e791b04da,2024-05-14T10:16,8,130.00,Cash,Pending
4d19f30c-a71b-4bfb-a499-bd4676f4da5d,25659c0e-6eb5-4c57-add8-fb6ac5f42699,2023-11-24T10:16,5,139.95,Cash,Cancelled
08ec0ec1-50a1-4ea2-a088-888099f967ee,9c53f3f8-5b22-4d77-bd76-cfa6c70e443c,2024-05-07T10:16,7,74.34,Online,Cancelled
a8ffb779-4b47-42ee-8044-909ead8c72cb,09ba4183-1b94-4f8c-bc5f-eca421a88524,2025-08-13T10:16,2,46.30,Card,Completed
5cc11577-8a55-4d71-87b4-aff9e8c779d8,5eb75bc0-d5fa-4209-9d42-7767f3f0585b,2024-09-06T10:16,9,109.08,Cash,Pending
bc5fd022-aee9-48e5-9c19-e1661a8557a1,89d26a00-0fde-4c03-8430-b06f6bc3f33a,2025-06-29T10:16,8,83.68,Card,Completed
ceb00329-20a9-4379-a72b-7781e4a69337,515fe1d2-d33a-4b9d-8c19-07e0cbe81a9a,2024-04-01T10:16,2,22.40,Card,Pending
a402d94d-943a-4b27-9b6d-7b46a1ff8d4d,0dd437d0-74fa-43c3-8909-5c955e4d47dd,2025-06-11T10:16,9,257.67,Online,Completed
8879dc61-532f-473f-8568-26bfd82ac070,aff4340c-d102-49ba-af8e-84d2737ce82c,2024-07-22T10:16,2,54.44,Cash,Completed
b5c4e89d-7933-41a8-81c2-730769c74584,e38afcd9-9e08-47ba-bc92-5ebb4bc271eb,2024-03-17T10:16,7,52.15,Online,Pending
605f62f7-c89d-4b02-b185-b639668ebdd5,62a2bfef-ca4a-4dec-90ea-bf15ea1880d2,2025-01-11T10:16,2,38.76,Card,Pending
dbdb28be-3fff-46cc-8d5e-8eb7578b5943,4bb2d776-14c0-4ef6-b8ba-c580cbed72b8,2024-09-19T10:16,8,238.00,Cash,Pending
a30d1025-9f89-447f-9bf0-b693ed0a4833,74e76582-f1b8-4560-b049-8aebb59d4721,2025-07-20T10:16,2,57.64,Cash,Completed
02469f1a-a401-4b5d-a345-7db7153eb22d,0a0ac3e5-6e20-4fbc-87ec-5481c70e38bc,2025-08-04T10:16,9,264.33,Online,Completed
d4d42dff-1682-410f-aab9-f2af4ba3f437,8b115a34-224b-453c-be69-b53a7445b466,2025-01-05T10:16,3,22.26,Card,Completed
8ad0a67b-0f2e-4e89-85a9-d5e8df936ff5,65b2c0ea-6192-47fc-9286-2c1dd3ecefb1,2025-07-23T10:16,6,142.14,Card,Cancelled
1bcde1fc-57ca-46bf-8e83-3502fe9908fb,c9dcc28a-ae5f-477c-ae7e-72d94129f449,2025-07-28T10:16,7,106.47,Online,Completed
ed9f5f25-9e8d-46c2-9fa9-8a1a1f1f62a7,cf65c4b6-4c1c-420b-95de-23e5b56ffad5,2025-01-18T10:16,7,150.71,Online,Pending
a1f136cb-d95a-4465-8f42-efe19318f1bb,62a2bfef-ca4a-4dec-90ea-bf15ea1880d2,2024-07-02T10:16,4,46.84,Cash,Completed
f8a42b91-8161-4bda-96ea-78d1caede210,80537cf2-360f-4740-8b7e-d4cd56e22987,2025-07-31T10:16,9,96.39,Cash,Pending
6df4e795-8966-45bc-9e96-86809d80a3bd,67c276b0-7be6-4f3c-bf86-c342095c8112,2025-02-16T10:16,2,35.48,Card,Completed
d1156074-27f3-41e7-85d8-54e13e101281,d3f641e5-b8b5-4f5f-9155-7768df2033e8,2025-11-10T10:16,6,127.62,Card,Cancelled
4a510fe5-7439-44c8-bced-b43be2def584,90f0db1e-2b19-43f7-ba17-233c7c214eca,2025-09-23T10:16,7,127.40,Online,Completed
7ad15768-d280-4977-8388-9730c74fc33e,1407e9cf-22c9-4137-a2fe-cc12dc038235,2025-09-25T10:16,4,44.44,Card,Cancelled
6764cfb0-e2c6-4f12-81ba-063b806af5c4,39cb44e2-a541-4b98-bc0b-db5f31cf8710,2025-09-27T10:16,6,112.14,Card,Completed
c37ceda0-7c9a-41ff-b370-60f0b004a3bc,46032f36-69bc-465a-9b33-a5d560bfd77a,2024-08-25T10:16,2,46.76,Cash,Completed
d9234b2c-948e-4c97-8108-9f9a2d12b669,53db1213-7316-47bb-9099-c1def0e3c96b,2024-02-03T10:16,4,87.12,Online,Completed
2e00fecc-a36f-4148-a73e-7b9b048ec7d4,98b17fed-218c-4f20-8410-9f0edfc74455,2024-12-30T10:16,2,41.86,Online,Completed
c660f90b-ccc2-4f47-91cc-17285a096dbb,e38afcd9-9e08-47ba-bc92-5ebb4bc271eb,2025-10-02T10:16,3,85.68,Card,Completed
01ade01c-3696-4f12-81f2-503f3b78b1ca,6e6d2c67-f7fb-4a98-8f9a-4822259b25c4,2024-07-21T10:16,9,149.22,Online,Pending
065d6cc4-3259-46bd-bf8c-748801ef9ee7,0a0ac3e5-6e20-4fbc-87ec-5481c70e38bc,2024-09-30T10:16,6,167.94,Online,Cancelled
8c9810ce-7b65-4a6c-a224-7d4a616de31b,69446e90-4237-4410-ab55-e011eb04cce0,2024-01-31T10:16,8,140.00,Online,Pending
95748f6c-7449-4787-8c6b-aba127717e69,3befa4dc-d961-4a3a-9410-d43d1bdaa335,2024-08-27T10:16,6,99.24,Online,Cancelled
6bc60655-5dad-45c0-a61f-d701838a1169,365c90d0-a590-4209-9401-2ce55af5ed98,2025-08-06T10:16,6,98.40,Cash,Completed
191d0c46-0fb2-4d84-91a2-e4c0b7946c5a,964d337f-acd5-4ca2-8843-9be3f2eb60fc,2024-02-06T10:16,6,81.54,Online,Pending
313cb07f-96bd-4866-b427-4e901d9bfd7d,8f7f530b-bb30-4a05-b437-744ed30af54f,2024-11-27T10:16,2,18.86,Card,Pending
68d863e7-7397-4391-b123-0796ea36722a,ebbc7df0-770d-44f8-b0ff-c62f9006e40e,2024-01-20T10:16,2,54.84,Card,Cancelled
c9a3ce0c-f4ae-43e7-b883-cea744d3e319,c9dcc28a-ae5f-477c-ae7e-72d94129f449,2025-10-28T10:16,4,39.28,Online,Pending
5484beaa-358a-403a-bcda-67e3e29694f3,aac35608-9499-49c5-811a-a059e773c968,2024-01-18T10:16,5,43.45,Cash,Pending
3c6fecb7-a70a-46a9-93b5-82b6aa234381,b04ce307-2d1f-4214-b023-d8f4379041a1,2024-05-18T10:16,8,40.48,Cash,Pending
a2a89053-051d-426d-932a-404b8988cca5,7a2e5fa5-096b-4701-8ce6-7a3db39bf8eb,2025-05-03T10:16,9,113.58,Online,Cancelled
8a3ecfcd-c8cc-4ac8-a42e-d03e37d47311,8b115a34-224b-453c-be69-b53a7445b466,2025-09-10T10:16,9,176.04,Online,Pending
833955f5-fd44-4fc2-92dd-bc83f674c00b,103fcba5-5588-45a5-9fe0-6ac948d3860e,2024-10-12T10:16,9,96.21,Online,Pending
f81436e2-a07c-4e7b-b4e8-65cca9a0ec68,caca465c-e9f2-4add-91b5-24c70595e321,2024-05-03T10:16,1,7.98,Online,Pending
377276b1-ab11-4b77-b284-baf51d3cde16,d5eaf6a7-76cc-48ec-98d9-ba713e2df70f,2024-08-16T10:16,9,170.64,Online,Cancelled
d8f031b6-5049-4006-86d8-73625f7634d9,4f6ae324-5b6d-47d6-a86d-26ec6fbe1e0e,2023-12-16T10:16,1,17.37,Card,Completed
b7cc0341-684a-4394-ab3f-48c3fc6d844a,7d2df59f-386d-4aec-85a8-2443262a0cb4,2025-10-07T10:16,2,14.74,Online,Cancelled
bc98b674-297b-4fe7-aa42-38009eb593a1,6c3bf618-a715-40f9-9faa-cfc5f5beef2f,2025-05-18T10:16,9,219.33,Online,Cancelled
a866b52a-7cd7-49ed-af9e-b62385ee807e,e7991221-0de0-4ef8-aa9c-ca3b59197059,2024-02-24T10:16,1,13.43,Card,Cancelled
7307ced8-3a7c-4149-9a6e-a0bf90bc1a8a,0a5a9fc7-e126-48f0-99aa-dea85c606f66,2024-03-03T10:16,2,37.50,Online,Completed
35ac65e2-f67a-4961-b901-5388c73ece06,8626238e-5813-415a-9a8c-db944b1e0269,2025-05-14T10:16,1,13.67,Cash,Completed
6fce61b2-a196-46c3-b330-04fb4595ec23,8b115a34-224b-453c-be69-b53a7445b466,2024-05-22T10:16,7,188.51,Card,Pending
6001d9f2-7680-44bd-b4f0-b7c3591a4eed,9fa382f0-8393-48db-ad30-43c953282401,2025-08-06T10:16,3,29.22,Card,Cancelled
301a9f21-30d8-493d-8720-938812665a6b,e886c155-0dae-4b36-88f5-a86fa474d1f6,2025-02-11T10:16,8,143.68,Online,Pending
56ddbd25-9f5e-40b5-94a3-35adee102be0,9fa382f0-8393-48db-ad30-43c953282401,2024-04-16T10:16,6,31.32,Card,Completed
855f7034-6231-44aa-89a8-c2676160b74a,6c6a3b10-9747-4dca-a041-4edc22d147b0,2025-07-06T10:16,5,107.60,Card,Cancelled
41a168d3-1472-47ba-b34a-d6f073699c17,fe624323-ba72-456d-9842-ed9e0edc75df,2024-03-05T10:16,4,20.16,Card,Cancelled
64d0170a-9724-4fb4-946a-006361270e7d,4739f27f-7a96-4d52-83ae-0c6fd4c8c606,2024-09-19T10:16,1,26.18,Card,Completed
64d58f1c-5fc3-494e-b565-b555f269ab3d,cf65c4b6-4c1c-420b-95de-23e5b56ffad5,2025-03-21T10:16,9,133.74,Online,Cancelled
1bc34901-ec42-4f20-89bc-349ba29a48d6,d5eaf6a7-76cc-48ec-98d9-ba713e2df70f,2023-12-28T10:16,6,38.58,Online,Cancelled
8023bc0c-973d-43e4-9f62-59af2a129cb3,4e6807ca-aed8-4ec9-b1b0-0e3aba57efb1,2024-06-03T10:16,8,84.88,Online,Pending
061525b8-30d8-484b-a2dd-0dcff1000f48,6945f6f4-b8f9-4d04-90ff-e59ed705578e,2024-06-01T10:16,8,112.96,Cash,Completed
46c20ee0-3777-4ed0-87fe-d8d128d9a700,983d66ae-c8b0-46b8-8abc-26a1055cf729,2025-10-09T10:16,3,34.74,Cash,Completed
37398eed-e0e5-45ba-9c40-10a80875b8de,1a48aa9a-def3-481d-922a-94300aa97309,2024-11-06T10:16,7,198.66,Cash,Cancelled
ce4dd995-2430-439a-9484-6a65fee61ba0,93cdeef1-3fc3-4a63-a275-0ae87ae6b335,2025-09-04T10:16,9,236.43,Cash,Pending
ca60d81f-6f67-49e3-b563-3e8f7c5c20bd,80537cf2-360f-4740-8b7e-d4cd56e22987,2025-08-25T10:16,1,15.62,Card,Pending
355fdd05-7274-4fb2-b78b-a24f0a420c2c,8b115a34-224b-453c-be69-b53a7445b466,2023-12-01T10:16,9,167.40,Cash,Pending
c6067747-462d-473d-a8b5-bdff551eac70,7a2e5fa5-096b-4701-8ce6-7a3db39bf8eb,2024-09-19T10:16,5,50.15,Card,Cancelled
23010e41-89e9-4a9a-8862-e8defc345e13,8113211c-bdc3-4bb0-94d9-3fd3871f3005,2024-03-16T10:16,2,19.54,Cash,Completed
c05fea43-a817-49bf-87d3-b764ddf03641,9fa382f0-8393-48db-ad30-43c953282401,2025-02-09T10:16,2,31.46,Cash,Pending
ca83fe0b-d6c6-40a7-8b5a-30cb798b446c,8626238e-5813-415a-9a8c-db944b1e0269,2025-11-07T10:16,6,87.06,Card,Completed
a3a96340-4fc2-4c03-9116-1c14a6aeeb58,8113211c-bdc3-4bb0-94d9-3fd3871f3005,2024-08-01T10:16,2,46.38,Cash,Completed
f97300a8-c8f7-4997-aec6-546fa833c77a,cd50913f-8c99-4253-9134-0cf5fe5f300f,2025-05-01T10:16,4,73.12,Cash,Cancelled
dd46f84c-7f0b-43d3-a51c-dab105a4d674,b3688304-b24b-416a-9bf4-c2b6aaeb59d3,2024-05-06T10:16,2,24.56,Online,Completed
cef50e77-70d6-4f93-952e-dcb685658db6,9305d562-2505-493d-8ed8-3fb721c8f491,2024-01-25T10:16,2,47.30,Card,Pending
6c7673c0-76a4-4699-8fe6-bb713408680f,ceafdb2a-788d-48e0-acdd-bd533a2e7ab6,2024-07-14T10:16,3,18.15,Online,Cancelled
c46ba09b-345e-40ae-9e3b-5949bad0dad1,d6d4ef4b-0870-48aa-b884-013237f255f4,2025-09-14T10:16,5,61.95,Card,Cancelled
827fdd50-d619-4821-8dc2-22ae0ac4733d,e7991221-0de0-4ef8-aa9c-ca3b59197059,2024-10-15T10:16,2,24.18,Cash,Cancelled
117eb65c-7b91-4a0c-9878-fcf256f8c677,aff4340c-d102-49ba-af8e-84d2737ce82c,2025-08-19T10:16,4,116.44,Cash,Pending
ef6f9ce8-b233-48ec-b647-892c573fbde3,bfa3444b-2be9-46be-b944-720d86a59770,2024-03-08T10:16,8,117.52,Cash,Cancelled
e99073bf-0cd8-4f02-b34f-23557334fbe8,4e6807ca-aed8-4ec9-b1b0-0e3aba57efb1,2024-06-10T10:16,4,28.88,Cash,Completed
69355949-ade9-4127-9928-bf75a73b8fa3,02c65c06-56ad-4670-b8e2-10ab417c7154,2025-09-24T10:16,1,16.75,Online,Cancelled
b844b272-c1b4-460b-9fad-675c38591158,53db1213-7316-47bb-9099-c1def0e3c96b,2024-10-17T10:16,8,170.64,Cash,Pending
1001994d-1431-4f84-ae06-fc344bac20f8,10b26c2d-7d56-4175-84a8-a2775e128a9d,2024-11-03T10:16,8,101.84,Card,Completed
931f3934-ac08-4f70-b378-30859c0a15e4,63846b60-b7be-4087-ac6e-56c9bc130a20,2023-12-21T10:16,8,98.96,Cash,Completed
1c0d95e6-9cdf-4af7-a575-7f2aeecdbe47,ec3490d2-e8da-47ee-ae12-0ca0b1d7a2bb,2025-02-01T10:16,6,97.14,Card,Cancelled
d0e3a420-bff0-430b-b847-00fe4d1f0c74,500fde18-ea61-4380-9ea4-f06d09985870,2025-07-21T10:16,8,126.88,Cash,Pending
eab39cd9-3bf2-4467-a21c-b9094d62d559,80537cf2-360f-4740-8b7e-d4cd56e22987,2025-04-23T10:16,4,114.68,Card,Completed
acdb9dc8-aab0-4554-a675-8ab933af02c6,0fcf4084-ea31-49f8-99f9-9bf8c8b0c16b,2024-02-16T10:16,6,125.46,Card,Completed
ec793f2a-6a2d-4b9d-8445-57b03ec2c0b2,1233cc27-7567-48e0-8dd2-6b0019506c2f,2025-11-09T10:16,6,48.12,Card,Cancelled
fb7a1576-8f0f-4019-bc2c-f74b981c69b5,0472ca7f-b133-4710-8f43-24a3c6c1afd1,2025-05-05T10:16,4,38.72,Online,Pending
df5ec07a-1bbd-45e8-8ba1-d97f846018da,36b880b0-e9bd-4c0b-8f1c-32018f6c758a,2024-09-06T10:16,2,18.98,Card,Cancelled
7158f039-59f7-441c-a725-2208ada9d0d7,8f7f530b-bb30-4a05-b437-744ed30af54f,2024-10-04T10:16,5,60.50,Card,Pending
6b1e3ff8-5020-4942-9d49-67aa6b2f5487,b014b56e-3263-4b63-8430-46e00bc5ea77,2024-11-13T10:16,8,79.76,Online,Cancelled
8b3e86eb-b81d-4f95-b353-92a15b5ee6e4,46032f36-69bc-465a-9b33-a5d560bfd77a,2024-03-29T10:16,3,28.83,Cash,Pending
5e98df9d-3433-4c4f-ada5-4a7d556b57b1,f6c35464-33dd-44a7-bf84-071f2e427045,2024-09-25T10:16,6,53.76,Cash,Cancelled
7b4fe434-a856-4e4e-80cf-0c3405e0480f,1a48aa9a-def3-481d-922a-94300aa97309,2025-04-04T10:16,8,223.68,Cash,Completed
ad2cd183-15b1-4e0a-96e2-db27bab49fa0,73a2b03c-2dca-486e-8ebc-c4d6bb68a8c6,2024-06-17T10:16,9,234.09,Card,Pending
b1050dca-2724-48f5-b97f-5872b02808e6,d33bbfcd-a2ca-4e80-8a1c-65223f061e7e,2025-04-15T10:16,9,177.48,Cash,Pending
2c39fb6c-b760-4678-b5d7-d9c29de6db76,a5ffc907-be77-43e6-8694-4a0bf09bd3fb,2023-12-02T10:16,5,67.75,Online,Completed
13cd8639-b4b5-4ec6-8c1f-c2f3ffd673ad,a5ffc907-be77-43e6-8694-4a0bf09bd3fb,2024-08-27T10:16,1,11.79,Cash,Pending
bfc7ef4c-0786-48fb-850e-a70be6ad8120,726d71e2-70fd-4416-8568-78619c14a73a,2025-07-29T10:16,9,146.70,Cash,Completed
acb042d9-dca5-4271-a191-5913c76ce3a1,25659c0e-6eb5-4c57-add8-fb6ac5f42699,2024-01-20T10:16,1,29.03,Card,Completed
2f9b2b4d-fd12-4c0b-bdb7-3b11f61c99d5,9305d562-2505-493d-8ed8-3fb721c8f491,2024-04-10T10:16,2,25.50,Cash,Completed
b046bbe0-9323-47eb-bd6f-1236b8d1018c,b014b56e-3263-4b63-8430-46e00bc5ea77,2025-03-12T10:16,4,71.40,Cash,Pending
609a74b5-3bb8-4142-a64c-a2e0d58587c6,500fde18-ea61-4380-9ea4-f06d09985870,2023-12-17T10:16,9,263.34,Online,Completed
9617d292-7a91-400f-a743-7a447a00c226,06e585f0-5b60-4900-81d1-3379328e6c17,2025-07-17T10:16,8,156.08,Cash,Completed
a3a9609e-198c-4e15-8eb6-e3fc61831501,a190f67b-21df-46bc-8164-46bdfa00af85,2025-08-15T10:16,3,46.20,Cash,Cancelled
f967c127-e4bb-4dac-8bb0-b1d1362db350,0df3bae1-6384-4856-aa27-aef9f6c48b75,2024-04-25T10:16,8,208.72,Online,Pending
0de724c3-ecd2-42ed-b8ce-cf8f943ddf71,caca465c-e9f2-4add-91b5-24c70595e321,2024-06-24T10:16,7,162.33,Card,Cancelled
66fdfca8-1977-489a-80ef-88e4b1a39bfa,e6cb1215-5314-4d05-bfd1-f6e5d36e89f7,2025-10-21T10:16,2,56.52,Card,Cancelled
a9267b38-3f1f-4409-bdb1-7b9826d094a6,f0a6a958-e434-41bf-a830-dffa55a34db5,2024-08-28T10:16,2,11.08,Cash,Completed
7b8758e1-8995-4ed5-be86-7890d738a5bd,bb9edfa8-17f7-4f6f-8e3b-616693a298b1,2023-11-16T10:16,8,110.96,Card,Completed
28b67e92-87f9-4ec1-b686-a6f7c81c31a4,b3688304-b24b-416a-9bf4-c2b6aaeb59d3,2023-11-14T10:16,8,67.12,Online,Cancelled
1c8f4555-4e96-47b9-b023-db7719a03257,56a75a3e-a944-4147-8cba-f1024726993f,2024-08-20T10:16,7,44.03,Online,Completed
1939f375-914e-44af-a399-e0f30c25895b,ebbc7df0-770d-44f8-b0ff-c62f9006e40e,2024-09-13T10:16,5,26.55,Online,Completed
ba3c5451-3969-4e07-8bba-e1893a496247,7c991f43-c18b-4404-8826-97691b0dc00c,2025-06-11T10:16,7,190.19,Cash,Completed
1e807068-544b-4a75-9143-523850bc06e1,9c53f3f8-5b22-4d77-bd76-cfa6c70e443c,2024-01-30T10:16,3,37.38,Cash,Completed
63d48f13-ed2f-4594-bb26-45aa64302392,ceafdb2a-788d-48e0-acdd-bd533a2e7ab6,2025-09-03T10:16,3,16.29,Card,Cancelled
ff6bd40e-1859-4eb4-b9eb-b8ffd7f27690,e886c155-0dae-4b36-88f5-a86fa474d1f6,2025-03-20T10:16,8,167.44,Cash,Completed
72ed73f4-04f8-432a-9cb4-46080adb56ac,0472ca7f-b133-4710-8f43-24a3c6c1afd1,2024-02-25T10:16,7,190.05,Cash,Cancelled
eb3445f2-1f5d-4330-a5ec-62cd0ed37c27,8250871a-2b35-424e-a1a1-4eb4faffabfb,2023-12-24T10:16,3,33.69,Online,Completed
ae997724-a982-4e57-b72e-ba7fb7142502,c3ffc43c-0c11-40fa-9824-f234161741d0,2024-09-30T10:16,2,30.20,Card,Cancelled
1ca080b3-3aba-4f8b-a9a1-73cf8a0b11cd,4717d2a3-4b2a-44f1-b960-a2b73e2d23fd,2024-03-30T10:16,3,28.89,Online,Completed
a8bd7ed8-3cb3-48a2-9841-ed96a9b46947,205ea7f7-e714-45b8-a083-11247ff702a1,2025-08-07T10:16,1,10.93,Cash,Pending
5bd18a50-19c9-4637-8a73-cfcf3b0460f6,0df3bae1-6384-4856-aa27-aef9f6c48b75,2025-09-11T10:16,3,72.87,Cash,Completed
124c210a-1a07-4342-8540-246d6b380e71,3ab3404a-ee80-4ed2-8d90-a6f0dad14e48,2024-03-31T10:16,1,22.46,Cash,Pending
2a673b26-3c7c-4bb2-995f-2ced376e2bb0,cf65c4b6-4c1c-420b-95de-23e5b56ffad5,2024-07-02T10:16,4,72.96,Card,Pending
c069108a-b866-45b4-84e2-e4fb192a9662,e6cb1215-5314-4d05-bfd1-f6e5d36e89f7,2025-07-11T10:16,5,94.70,Cash,Completed
750f157c-bbde-4ccf-bcf0-96305eeeabea,cb8747c7-32ca-4b6b-868d-13ab01d953ec,2025-01-09T10:16,9,222.39,Online,Completed
3eed8865-904d-47bb-8755-b8821f289a9d,9b9edd1e-b4f7-414c-b8b5-a3dc51fa0a8c,2025-10-17T10:16,2,29.74,Cash,Cancelled
bddd828e-cf08-4950-b986-9949dd79f339,ebe19120-496a-47fa-87eb-2440212a3363,2024-04-06T10:16,9,103.59,Cash,Cancelled
4e6cc86c-7e62-4708-9922-e0501b00d6d1,fe624323-ba72-456d-9842-ed9e0edc75df,2024-04-27T10:16,5,50.10,Cash,Cancelled
b7bef683-1d33-4e9c-9f51-8cfdf8a001e9,23650eb4-f98d-45a3-a90b-a378f03d469d,2024-02-13T10:16,8,166.80,Card,Pending
b76d8d8e-0da7-40af-88bf-dbe7fc82809c,3ab3404a-ee80-4ed2-8d90-a6f0dad14e48,2025-02-25T10:16,9,157.32,Cash,Cancelled
94145758-aefc-4607-adee-3068b9f264cb,f90cf3ca-e2d0-4129-bc7a-e8a2b80880da,2025-01-09T10:16,5,113.80,Card,Cancelled
f79b9d10-6511-4696-bb3c-391ca820e237,0fcf4084-ea31-49f8-99f9-9bf8c8b0c16b,2024-05-30T10:16,3,47.43,Card,Pending
c7689f58-7dc8-41a6-b7b5-51fe8fe8b4a6,56a75a3e-a944-4147-8cba-f1024726993f,2025-03-08T10:16,1,13.90,Card,Pending
c1081b6f-021b-492c-b37a-10c558a6af1b,e6e1db85-f8ba-4264-9c9a-520ecda4bc4c,2024-05-14T10:16,1,5.02,Online,Cancelled
dac2f48c-3520-4da9-9ddd-c1217bc6217a,aff4340c-d102-49ba-af8e-84d2737ce82c,2025-05-30T10:16,6,56.28,Cash,Pending
c8b420f5-ddb6-4a70-af2e-295fb5d54075,99c406e7-092b-4eeb-bc08-56fc041c253d,2025-06-24T10:16,1,11.02,Card,Cancelled
d892f2c4-bda2-4c12-adcd-35bed7a3d602,e85d0261-2d97-4475-a749-363ec9040a74,2024-09-12T10:16,1,20.91,Online,Cancelled
8a11ca15-5754-4574-b608-8c5325da4d21,d5eaf6a7-76cc-48ec-98d9-ba713e2df70f,2023-11-22T10:16,8,232.72,Online,Completed
db39bd2e-5451-451a-9df3-6ff9a37cc210,f067e21d-d1d4-4e87-9cae-9753f5f9ccb6,2025-10-09T10:16,6,113.16,Online,Completed
157cc563-9443-4fb2-93d6-b7051cbacb00,d5eaf6a7-76cc-48ec-98d9-ba713e2df70f,2024-12-21T10:16,7,120.75,Online,Cancelled
35e53aad-1628-480c-9220-43ed0c896d37,cd50913f-8c99-4253-9134-0cf5fe5f300f,2025-10-25T10:16,4,49.76,Card,Completed
b954e7fb-4e67-4447-8317-191bb9fe4436,c63bd277-c81c-40c5-8720-6ce916d653c4,2025-08-27T10:16,1,16.36,Card,Completed
1d99bc31-caa7-4924-9ee1-7faf250a8eac,d3f641e5-b8b5-4f5f-9155-7768df2033e8,2024-02-23T10:16,8,117.84,Card,Pending
1651a89c-1237-4157-bc6d-2ecce20baf26,cf65c4b6-4c1c-420b-95de-23e5b56ffad5,2025-09-09T10:16,3,62.76,Cash,Pending
9e354575-017f-41d0-9991-b3e2ad4ffc48,e12c3d24-86c8-474f-b86b-370df36adbfe,2024-04-20T10:16,4,54.48,Card,Pending
c0a722e6-3772-4678-bb7d-09da3071384d,d7af10ce-45c9-4fc8-8dd8-b1c5491aad5f,2024-07-19T10:16,8,217.68,Cash,Pending
cf19a619-039a-44ae-863b-c6560b992bca,500fde18-ea61-4380-9ea4-f06d09985870,2024-09-15T10:16,8,77.20,Online,Cancelled
562e9628-d2bc-4c7a-b504-ec9f31ae4d43,8e1bbe6c-7b75-46dc-8ca1-0b1664cd6ae4,2025-09-18T10:16,3,70.71,Online,Cancelled
05ac330b-aa27-407d-8e45-afc0f8652c02,4717d2a3-4b2a-44f1-b960-a2b73e2d23fd,2024-09-07T10:16,2,36.44,Card,Completed
38e77890-092a-4118-af51-7f422974048e,0a5bd884-b432-4ce5-b14e-44b4aedd4c0f,2025-02-13T10:16,1,10.56,Online,Completed
7d32ab6b-1d50-4387-8aa5-5d6d001fdd32,5f6e51da-5f01-4c9a-85dd-7d50ef37e5d7,2025-08-24T10:16,3,33.93,Online,Pending
0b31c715-48ec-493c-ba0e-9e9c5154646e,6f61ca8e-51a1-48e0-abfa-88326e713e34,2024-10-22T10:16,4,90.92,Card,Completed
c65976b1-9e6a-4164-b5f0-f757433fb020,b6c26110-1b77-4777-8c79-c69ec19b66df,2024-06-29T10:16,4,93.56,Card,Pending
9304595c-83b8-4454-82ca-a7d59e90fed4,b6c26110-1b77-4777-8c79-c69ec19b66df,2025-06-28T10:16,6,38.28,Online,Completed
41dd2b08-f3b8-478c-9802-1f159333db0f,bc58b12c-65c4-4f21-89ef-3e492a22ef7c,2024-10-29T10:16,3,29.61,Card,Pending
d7278a3e-c84c-4c5d-b1dc-8be1c3a7ab0e,caca465c-e9f2-4add-91b5-24c70595e321,2023-11-29T10:16,1,17.82,Cash,Pending
d7273bd0-8ea7-4ee8-95e2-5c7028dc1360,d87f31d7-79ef-4c17-856e-142e791b04da,2025-03-14T10:16,6,134.28,Online,Completed
0211d358-9dcb-438d-a0d4-562b0faa7e0c,4e44f26d-5455-405b-8fdb-63ab8b739ecf,2024-12-26T10:16,6,71.04,Online,Completed
37f353de-b050-4472-adab-aefee73f0635,74e76582-f1b8-4560-b049-8aebb59d4721,2024-07-22T10:16,7,96.46,Cash,Cancelled
e2ee64af-d9bc-4d87-920f-279e43165184,2ca088cd-c6c6-4e60-a1a4-d2990ee21b12,2024-04-11T10:16,2,17.76,Card,Cancelled
7f7c2d93-3728-474d-a36e-aa936c6b33de,06e585f0-5b60-4900-81d1-3379328e6c17,2024-10-24T10:16,4,54.12,Online,Cancelled
e3e54f26-d081-402f-9fa8-89ff0df8ed2e,90f0db1e-2b19-43f7-ba17-233c7c214eca,2025-04-07T10:16,7,151.13,Cash,Pending
96909b71-3087-4c62-ae46-841ee5c24603,fbe227d7-6d32-4407-9783-7fdac983e55f,2025-02-03T10:16,4,97.16,Cash,Completed
79c4a826-f276-47e9-8f33-02cbdb49398a,14eace30-1ac2-411e-8eef-98e8f32a87fb,2025-06-16T10:16,1,9.67,Online,Pending
59a4e63f-1c1a-41ae-ab05-885db9c97c87,726d71e2-70fd-4416-8568-78619c14a73a,2024-02-11T10:16,9,120.42,Card,Cancelled
bb6e8af3-edbd-4c7a-936e-780f7d007370,9fa382f0-8393-48db-ad30-43c953282401,2024-12-25T10:16,8,145.84,Online,Completed
21dbac66-ccc5-4b68-baec-6e91c2d35a65,050d9901-1cb5-413a-9c31-282028f863c1,2024-09-09T10:16,6,155.82,Card,Pending
f6564b7d-31e0-4b19-8f34-0bd05ba25224,401a6911-a31e-4892-adc1-56e3e1eb090a,2024-03-30T10:16,4,45.72,Card,Cancelled
26340b81-45d6-4151-9a19-090daf55e09b,3910ab11-8758-4a4f-8a9b-c4f5df7413c4,2024-08-27T10:16,2,19.74,Card,Completed
efeff957-b5b8-4015-a93b-12ce977aabaf,36b880b0-e9bd-4c0b-8f1c-32018f6c758a,2024-07-14T10:16,9,54.63,Online,Completed
95e91839-4b89-4c22-a52e-55fbb1cc19bd,726d71e2-70fd-4416-8568-78619c14a73a,2024-11-06T10:16,5,44.20,Online,Completed
ce1a9c31-9c98-4658-8e12-0baa5330f60b,c9dcc28a-ae5f-477c-ae7e-72d94129f449,2025-09-20T10:16,2,32.24,Online,Completed
85835c62-2880-48bb-bc0f-1bbb0565342a,e6e1db85-f8ba-4264-9c9a-520ecda4bc4c,2024-04-05T10:16,8,216.24,Card,Pending
22655437-6d66-4fe1-8be4-6ed027c4e04f,103fcba5-5588-45a5-9fe0-6ac948d3860e,2024-05-18T10:16,3,83.04,Card,Pending
20693777-2c01-439a-a18d-47822733f535,02c65c06-56ad-4670-b8e2-10ab417c7154,2023-12-26T10:16,5,37.85,Card,Pending
e19acc7e-f0f3-4566-b1dc-3afa8d3b55af,6aaabc79-3d35-410f-bb96-f86a3930d0ff,2025-01-24T10:16,9,73.44,Online,Cancelled
79ec4ab1-f0d9-4cd8-a87a-ace89f27541b,f067e21d-d1d4-4e87-9cae-9753f5f9ccb6,2024-12-27T10:16,7,145.32,Cash,Pending
a7941703-ca5f-4d16-8343-c04f3fa47d75,6c6a3b10-9747-4dca-a041-4edc22d147b0,2025-05-14T10:16,2,16.42,Card,Pending
f655b102-ff30-4e6a-94c8-c6852175f733,c9dcc28a-ae5f-477c-ae7e-72d94129f449,2024-11-29T10:16,5,74.25,Card,Cancelled
ce9b199d-6308-4a3f-ab43-8efe0972903d,a3f626b9-cc27-4c04-8570-be79ab8bda4a,2025-02-10T10:16,8,111.28,Online,Completed
ddb84726-2c60-44c4-bc1b-bb34991f11a9,c3ffc43c-0c11-40fa-9824-f234161741d0,2024-09-05T10:16,2,13.72,Card,Cancelled
c9a34319-b7b8-480a-a822-3cb41cddef3a,8887df7e-682b-4d48-b18c-c1ddfa0aaa26,2023-11-18T10:16,8,211.52,Online,Completed
2bc18039-6135-4a44-a9c4-88a536dc3c0f,a190f67b-21df-46bc-8164-46bdfa00af85,2024-07-24T10:16,8,96.88,Card,Pending
f23379ce-b860-4b79-b1f8-c34d2f91fd43,6117b6f0-c4f4-4bf1-9eeb-f33950decba8,2024-10-30T10:16,5,123.10,Online,Cancelled
0ce47715-0479-4b21-a60a-9327965cec2d,67c276b0-7be6-4f3c-bf86-c342095c8112,2025-07-08T10:16,3,85.50,Online,Cancelled
3579b3e6-01b7-4109-988d-bb165dc9cf03,cb8747c7-32ca-4b6b-868d-13ab01d953ec,2024-06-17T10:16,4,70.44,Online,Cancelled
7960d511-6e73-41d1-a2bf-9d91bf365d1f,3befa4dc-d961-4a3a-9410-d43d1bdaa335,2024-09-01T10:16,6,171.30,Card,Pending
79ef19c9-3004-4220-8e01-2596b753e5cf,09ba4183-1b94-4f8c-bc5f-eca421a88524,2025-03-28T10:16,8,212.40,Card,Cancelled
de9ad233-7d74-40e4-b782-e9f6172b37d9,06e585f0-5b60-4900-81d1-3379328e6c17,2025-04-24T10:16,2,45.70,Cash,Cancelled
86206451-0811-42a4-bcf8-efa1712119c1,8b546c63-5406-493d-bc69-cfb594b38267,2024-02-20T10:16,3,70.38,Card,Cancelled
d2f9109f-4c8b-46db-9d02-df4fbecbd898,0a570207-0f70-467f-bbeb-44a0a60a9a25,2024-07-06T10:16,5,49.20,Online,Completed
270974e5-1729-4c7e-a522-1d87b9084572,1d32c3b3-c732-4995-aa6b-ff159deb3bdf,2025-04-28T10:16,5,117.90,Cash,Cancelled
f4dd5281-84e0-41a0-ad44-fa4bace85f6c,e119f98a-df63-41dc-8e01-bb49ca2dc724,2025-09-10T10:16,8,214.48,Card,Pending
401f708c-988c-4b29-9a21-006e5e3ca67a,63846b60-b7be-4087-ac6e-56c9bc130a20,2025-03-20T10:16,7,148.68,Online,Completed
3698cc42-4de3-4fed-9eab-f0f93bd3a19b,b90a3a7f-421e-47e5-8598-fe50f365a62e,2024-06-11T10:16,1,13.55,Online,Completed
3ed0a082-3261-4bba-bb77-8ab72f210575,e886c155-0dae-4b36-88f5-a86fa474d1f6,2024-04-30T10:16,6,177.36,Online,Cancelled
bfaa2929-2082-4670-92e4-af9d1bdf3b98,53db1213-7316-47bb-9099-c1def0e3c96b,2024-07-29T10:16,8,158.24,Card,Completed
0ce65702-2b03-4a55-8e5d-e04c768da1b2,428424b7-1f94-496a-8b7a-497ce177d32c,2024-11-12T10:16,8,201.52,Online,Pending
b5f6ec26-0286-4b15-bdec-d26012f182fa,6aaabc79-3d35-410f-bb96-f86a3930d0ff,2023-12-18T10:16,9,51.30,Online,Pending
15a249aa-40e7-4f12-b9e9-820b62a31872,c63bd277-c81c-40c5-8720-6ce916d653c4,2025-03-30T10:16,4,99.68,Online,Completed
0a98f172-8219-46e6-8c9d-6aa2c33a95dd,aff4340c-d102-49ba-af8e-84d2737ce82c,2023-11-16T10:16,6,43.14,Card,Completed
1532ef5b-8c52-49cb-8d19-fb1c15c6e993,1407e9cf-22c9-4137-a2fe-cc12dc038235,2024-02-22T10:16,2,24.72,Card,Cancelled
068b258e-06a0-43c1-af01-63f2abbf0156,53db1213-7316-47bb-9099-c1def0e3c96b,2025-05-04T10:16,9,161.37,Online,Cancelled
d1070d93-5fb9-4ca9-9a2d-97056032f62d,62a2bfef-ca4a-4dec-90ea-bf15ea1880d2,2025-08-20T10:16,7,152.25,Card,Cancelled
7961f9ff-af67-4b2e-92ba-5d7a0ca6c827,98b17fed-218c-4f20-8410-9f0edfc74455,2024-06-06T10:16,6,178.98,Card,Cancelled
ef5df9aa-259b-4393-ad89-ea9d60ec2452,67c276b0-7be6-4f3c-bf86-c342095c8112,2024-09-08T10:16,1,29.81,Cash,Completed
c4dc9bbc-a474-49fd-9d1d-eb0638c04009,5400d214-6176-40bf-88d2-3f53ed38bf69,2024-03-18T10:16,8,41.52,Cash,Pending
619df557-91d2-4e61-8e98-986453d506f6,6c3bf618-a715-40f9-9faa-cfc5f5beef2f,2024-06-13T10:16,5,32.15,Card,Completed
b65a3258-4795-4bbf-9f50-109dd0ad5ebf,52fbb114-83aa-432d-b2f1-f3e37a5c4754,2024-02-12T10:16,1,26.79,Cash,Cancelled
3cd9f3f6-f804-433b-bcea-d4dbea61be45,e6cb1215-5314-4d05-bfd1-f6e5d36e89f7,2024-08-02T10:16,2,37.46,Online,Pending
0842c50b-cd52-4d9e-8b6b-1f8a7dbebeef,d5cfb1a3-ce2f-4aff-ab4c-50e0c5426af1,2024-07-13T10:16,3,60.78,Cash,Completed
37cd7582-913b-41b2-970b-4f568067a163,b047b369-02d0-4f25-9af0-f1e883228863,2025-01-01T10:16,7,118.58,Card,Cancelled
b91b387c-b86e-40f4-8ea6-82d0aff3f34c,5400d214-6176-40bf-88d2-3f53ed38bf69,2025-08-16T10:16,2,23.72,Online,Completed
c7bc6830-1899-4104-9fac-a8b6de84241e,000f9c8f-2fc7-4346-844d-c04f10751265,2024-02-03T10:16,2,58.26,Card,Pending
95f6b0fa-8dbb-4db2-95bf-1f7de1fed4d0,b0d737cd-ec4b-4a88-aa81-d012ef3fb719,2025-09-04T10:16,5,98.80,Cash,Completed
bdebab1b-8153-4929-ab30-7db030bcd90b,89d26a00-0fde-4c03-8430-b06f6bc3f33a,2023-12-03T10:16,7,165.13,Card,Completed
c5f3452f-b6b4-4509-850b-9f57305b4854,06e585f0-5b60-4900-81d1-3379328e6c17,2025-01-29T10:16,9,204.57,Cash,Completed
5768d721-3597-4aaf-ae47-bf37df3f1321,0130fcd4-a6cf-4a72-8400-7bcae1abce34,2023-12-21T10:16,3,66.54,Card,Completed
322a6b82-10e2-41b7-9659-e2ad8fbd0856,53db1213-7316-47bb-9099-c1def0e3c96b,2024-11-01T10:16,7,70.70,Online,Completed
f8155269-2aca-483b-aa69-59e0bcd03367,36b880b0-e9bd-4c0b-8f1c-32018f6c758a,2024-04-27T10:16,1,10.49,Card,Completed
c78b159a-8268-49fb-b88f-2c10e7220e7d,0a5a9fc7-e126-48f0-99aa-dea85c606f66,2024-06-27T10:16,8,184.56,Card,Completed
8e230a96-7db0-4c2a-b107-4200b6ef297f,e277d099-db2a-4aee-ab86-8b0e73a34383,2025-08-12T10:16,2,28.92,Card,Cancelled
7a038d65-55a0-4a73-8fc9-edc54eb0482f,cd50913f-8c99-4253-9134-0cf5fe5f300f,2024-04-24T10:16,7,93.10,Cash,Pending
84fd0a46-3433-4355-882b-006e2430246c,515fe1d2-d33a-4b9d-8c19-07e0cbe81a9a,2025-08-21T10:16,1,29.65,Card,Pending
fc6cb68a-ea99-4d5c-a53f-7e4c20b13099,23650eb4-f98d-45a3-a90b-a378f03d469d,2025-09-12T10:16,8,180.40,Online,Cancelled
e31a7d62-46b3-40d2-a0ad-b5a25e96357f,103fcba5-5588-45a5-9fe0-6ac948d3860e,2024-10-30T10:16,2,17.58,Cash,Pending
4f9ab30e-b95e-446a-b0d3-7ed472460c17,ada8704c-2784-4d70-84da-10078407d2c8,2024-08-15T10:16,6,169.20,Card,Completed
69d69b17-0e38-4c9c-be47-61cf9c47e639,89d26a00-0fde-4c03-8430-b06f6bc3f33a,2025-03-06T10:16,9,159.75,Online,Cancelled
1284d918-c6bf-492b-a609-2342181a9acd,7509850a-5062-4da9-aad6-bc5b9e363ef1,2025-04-10T10:16,4,44.20,Card,Pending
9750eb0b-d241-437a-b7a2-09a1300713e2,52c87fd9-fdf0-4256-b929-6153ad24a0ac,2025-03-01T10:16,3,45.90,Cash,Completed
35b2af2c-7403-474e-8547-89ce512e66d5,09ba4183-1b94-4f8c-bc5f-eca421a88524,2024-09-14T10:16,7,155.75,Card,Pending
032b70c6-b12d-4666-8af4-a6af9bab38c2,c83bba2f-5229-4998-9566-1f3179b13e8a,2025-07-06T10:16,3,77.97,Card,Completed
5c70c496-3d81-41f7-b816-d73493e25437,0a5bd884-b432-4ce5-b14e-44b4aedd4c0f,2024-03-24T10:16,1,12.60,Online,Pending
3ec11f79-a2bd-4b09-91be-fc0f9a5aaf68,c46351bf-193f-49af-a5d6-456188837c3d,2025-03-05T10:16,9,160.38,Online,Pending
e49481c5-d50a-42c5-ae14-cd3516bcf87b,0a570207-0f70-467f-bbeb-44a0a60a9a25,2024-04-27T10:16,6,31.80,Cash,Completed
e94f6eeb-8f2f-4d0b-a77e-cbaea0e6e0e4,f0a6a958-e434-41bf-a830-dffa55a34db5,2024-06-21T10:16,1,17.43,Online,Pending
35626a5d-da70-4c87-8327-d6e20e2e10ef,e6cb1215-5314-4d05-bfd1-f6e5d36e89f7,2025-05-20T10:16,1,12.19,Card,Pending
5afb98cb-9738-4007-b976-9a91ef031762,93cdeef1-3fc3-4a63-a275-0ae87ae6b335,2025-10-22T10:16,6,37.20,Card,Cancelled
336a0840-1376-4c93-aebc-515f7e6ea73d,9b9edd1e-b4f7-414c-b8b5-a3dc51fa0a8c,2024-05-29T10:16,7,62.44,Card,Pending
cd225404-2e19-4cab-86cb-e0bf359203ca,b03f75c1-655f-4480-a2bf-1a0af806e96e,2025-09-09T10:16,3,80.52,Card,Cancelled
f2e3cb87-3197-4164-877a-71bc2975c3df,c1a09d60-c9e8-4489-a68e-e01b51541d33,2024-02-03T10:16,9,138.15,Cash,Pending
55ddb339-8ce1-4737-b7f6-4ce337019dc9,8113211c-bdc3-4bb0-94d9-3fd3871f3005,2024-01-31T10:16,6,139.26,Card,Completed
b8ebb4ee-5ae6-4a6e-836c-b45f2ec8cd70,3dcaabe3-78c9-4d88-bed5-56ca7ceea07c,2024-06-10T10:16,6,60.36,Card,Cancelled
d546bc8b-7cc6-4461-85a5-923be3301886,8626238e-5813-415a-9a8c-db944b1e0269,2024-12-28T10:16,7,79.45,Card,Cancelled
af3d83eb-248b-4a36-b62b-7a2953b5d2ea,93cdeef1-3fc3-4a63-a275-0ae87ae6b335,2024-04-04T10:16,6,177.42,Cash,Completed
f5674995-5d66-4282-b121-b3d5a959524e,365c90d0-a590-4209-9401-2ce55af5ed98,2025-11-05T10:16,8,187.36,Online,Cancelled
75dfd68d-5e13-4ca0-a8fd-3a5f165532b9,a5ffc907-be77-43e6-8694-4a0bf09bd3fb,2025-01-08T10:16,4,22.72,Cash,Completed
b6da84b5-f392-4afd-b005-621a9a81b5f7,910b1d47-5c37-48b1-8bde-96c60660f1d7,2024-11-01T10:16,7,48.93,Cash,Cancelled
762690c7-bf3a-4423-b262-43c809c5463c,05ccd8a5-ea5f-4353-bd1e-3022152b0685,2024-11-05T10:16,4,74.28,Cash,Cancelled
566da06a-30e2-4c21-8d53-dfa10f99dfce,bb6ceda0-3f7a-4dfa-9862-41a88dd468b2,2025-04-29T10:16,5,44.80,Cash,Cancelled
15e3f133-9945-4f04-8470-c0d43a853d0f,7169ef0c-f2c8-4ae3-83f6-87691664d2d2,2024-12-10T10:16,3,67.68,Online,Pending
0523efa8-b3da-444f-ac4e-99d7d80e47c2,0130fcd4-a6cf-4a72-8400-7bcae1abce34,2025-08-13T10:16,5,45.75,Cash,Completed
5eed0607-707e-46c7-b5c7-2123aaefc816,62a2bfef-ca4a-4dec-90ea-bf15ea1880d2,2024-07-26T10:16,2,31.76,Card,Completed
630514be-aac0-4246-a77b-5a6dec242971,941529ef-2114-4bff-907a-4596ff4593a1,2024-06-13T10:16,3,37.32,Cash,Cancelled
e2c79062-1aed-40c9-ac02-8938dff05282,b3688304-b24b-416a-9bf4-c2b6aaeb59d3,2024-05-04T10:16,4,109.00,Online,Cancelled
da2ad2e7-cbad-48ab-bd8b-909a1ff50121,e6e1db85-f8ba-4264-9c9a-520ecda4bc4c,2025-11-02T10:16,6,97.98,Online,Cancelled
cc17a9d1-d5d3-4641-a935-5410d117b63c,8b546c63-5406-493d-bc69-cfb594b38267,2025-04-24T10:16,7,126.84,Cash,Completed
63eb142b-5b15-4c8b-8177-1867770b347e,dcfb3d05-846d-4915-99f3-ebbc7559d972,2025-11-09T10:16,1,13.43,Card,Pending
ec6e29aa-b4ab-4bff-827c-6e4fafa06149,60cd80b6-3967-4dae-b4df-adc7b5644971,2025-05-04T10:16,5,69.60,Cash,Cancelled
4184923b-4070-41d0-97a4-7703ff741c7d,c9dcc28a-ae5f-477c-ae7e-72d94129f449,2025-03-03T10:16,7,74.97,Cash,Completed
9f5afd3d-4214-48a0-9249-1c6fdd825a50,92da274a-bea2-490a-bb52-196c46fa8487,2025-08-04T10:16,9,261.27,Card,Pending
413f9f1d-b616-4f23-9d7a-b994031cbb56,9fa382f0-8393-48db-ad30-43c953282401,2025-02-19T10:16,4,30.36,Card,Cancelled
4c1abf33-2b7f-4632-b090-5d9d22060923,ec3490d2-e8da-47ee-ae12-0ca0b1d7a2bb,2023-11-22T10:16,8,145.84,Cash,Completed
6fcbfe35-9919-4e0c-9e00-0864d11e5ffc,21edfc22-3f73-4335-a774-3cf78ab65e86,2025-06-09T10:16,5,76.95,Online,Completed
3a00c5fe-0746-416c-a218-ea42a489064c,67c276b0-7be6-4f3c-bf86-c342095c8112,2024-06-04T10:16,9,70.74,Cash,Cancelled
e29b2800-f624-469c-ac73-f23962cbd38e,103fcba5-5588-45a5-9fe0-6ac948d3860e,2025-01-26T10:16,3,56.82,Card,Pending
a4a403e0-333f-4c41-87e7-dbe1be7d541e,1a48aa9a-def3-481d-922a-94300aa97309,2025-04-08T10:16,3,30.30,Card,Cancelled
78ea0ee0-d3b7-40e7-a2d8-8c450faf4e45,ecf1ffb0-ac00-4968-87ea-8beef4ace55a,2025-08-02T10:16,4,68.68,Cash,Cancelled
ee354637-ad99-4bfa-95d4-90ee23c0b1ec,7c991f43-c18b-4404-8826-97691b0dc00c,2025-08-14T10:16,6,59.34,Online,Pending
1f3df031-27e6-4942-a7bc-2cd9ac7ed229,0d463f72-c3a1-4a2b-8d0d-1721a0d1a06b,2025-07-11T10:16,9,203.40,Online,Completed
4179a86d-e7e1-4722-bc6e-afae9fd97b80,ef7fad1f-a86f-4ee1-95b4-ce1f339f0fa5,2024-11-23T10:16,2,29.72,Cash,Pending
a004ec91-7bb9-460b-922c-24b1b6fc46f2,9c53f3f8-5b22-4d77-bd76-cfa6c70e443c,2024-09-08T10:16,1,12.29,Cash,Pending
471f4ff7-d463-4867-9ba4-f8a2e6500b86,60cd80b6-3967-4dae-b4df-adc7b5644971,2025-02-19T10:16,4,93.92,Cash,Cancelled
a828f1c9-91b8-4344-9cf2-b3b049308e47,b04ce307-2d1f-4214-b023-d8f4379041a1,2025-03-06T10:16,4,100.12,Card,Cancelled
998815f0-4db7-43f5-8072-a494f12d2d37,ceafdb2a-788d-48e0-acdd-bd533a2e7ab6,2023-12-03T10:16,1,24.84,Online,Cancelled
5340c037-a457-430d-aab4-7d18b199ffeb,0a5bd884-b432-4ce5-b14e-44b4aedd4c0f,2023-11-20T10:16,5,133.55,Online,Cancelled
3130c84e-b9ef-42ff-8e8f-8b80d29a0289,8e1bbe6c-7b75-46dc-8ca1-0b1664cd6ae4,2025-02-02T10:16,6,172.38,Card,Pending
f602978a-ab62-4a5e-b384-e0b38c4bb916,1407e9cf-22c9-4137-a2fe-cc12dc038235,2025-09-11T10:16,1,9.65,Card,Pending
60e1646a-ab4a-4332-92e3-fec6d2b5f06b,aac35608-9499-49c5-811a-a059e773c968,2025-05-24T10:16,6,44.40,Online,Pending
5be7a8ac-b3ba-43b9-a13d-9192efc48d98,6945f6f4-b8f9-4d04-90ff-e59ed705578e,2024-02-18T10:16,1,12.69,Card,Completed
f747a341-a7f1-428f-8d97-6fdec8e5c7d4,b0d737cd-ec4b-4a88-aa81-d012ef3fb719,2024-09-23T10:16,3,70.98,Card,Completed
79dd1b88-306e-4950-ac7d-e4cbf65aac64,ada8704c-2784-4d70-84da-10078407d2c8,2024-04-13T10:16,4,73.56,Cash,Completed
f51a80a2-f1bc-4ba8-9f7f-03d026400fb5,1233cc27-7567-48e0-8dd2-6b0019506c2f,2025-09-29T10:16,8,88.48,Cash,Cancelled
aae3a223-ce7a-44f2-94ca-63f806d97a61,14eace30-1ac2-411e-8eef-98e8f32a87fb,2025-04-07T10:16,9,133.74,Card,Pending
7104e6a4-3eed-4628-be22-a7428334cea3,90f0db1e-2b19-43f7-ba17-233c7c214eca,2024-07-19T10:16,3,24.48,Online,Completed
83754702-2708-4aa9-9c4a-eb16c8fcdcf9,e7991221-0de0-4ef8-aa9c-ca3b59197059,2024-01-22T10:16,4,82.20,Online,Cancelled
6e53f915-f569-4426-9d74-04748ad9a4e4,4bb2d776-14c0-4ef6-b8ba-c580cbed72b8,2025-02-15T10:16,2,35.86,Card,Completed
5685160c-4782-456a-a14f-8ea8a9a5fcc7,0a5a9fc7-e126-48f0-99aa-dea85c606f66,2025-08-24T10:16,1,6.58,Card,Cancelled
581667ac-e177-46da-a094-d2277dc6612c,ecf1ffb0-ac00-4968-87ea-8beef4ace55a,2024-11-02T10:16,1,20.00,Cash,Cancelled
13b898b2-cb68-4e27-885e-b24c45b80c21,bc58b12c-65c4-4f21-89ef-3e492a22ef7c,2025-07-29T10:16,7,92.26,Cash,Pending
84aff92c-c654-433f-b17e-6fe3456b8fd1,d5cfb1a3-ce2f-4aff-ab4c-50e0c5426af1,2025-07-02T10:16,1,29.10,Online,Cancelled
6ca2003f-94f3-4e6d-bf60-497219fd78f2,ebbc7df0-770d-44f8-b0ff-c62f9006e40e,2025-07-19T10:16,7,76.58,Card,Cancelled
4b26b9fd-482c-45a4-aef4-fe452064febf,726d71e2-70fd-4416-8568-78619c14a73a,2024-04-24T10:16,1,7.35,Cash,Cancelled
3f41f174-5083-4d1d-b5ae-3e6d0f573f11,25659c0e-6eb5-4c57-add8-fb6ac5f42699,2024-07-28T10:16,9,50.76,Card,Cancelled
1743d9d9-c21a-498f-92e4-86c43eab11f6,058b9c75-b72f-4594-80d2-e41194ff7672,2024-12-17T10:16,6,51.72,Card,Pending
276b0a87-2f9f-4fed-a719-99d1c091694d,11526850-7335-463f-b740-a52a90457c3b,2023-12-03T10:16,8,63.28,Card,Cancelled
80fafba4-f815-401a-9368-9100b8338074,d33bbfcd-a2ca-4e80-8a1c-65223f061e7e,2025-04-06T10:16,6,138.72,Card,Completed
c8369508-0f03-47c8-9276-1f28e417d87a,f3826f04-0dfa-4266-8002-58fede0093f5,2024-04-05T10:16,9,74.88,Card,Cancelled
561d5666-8daf-4b27-b4ff-012108185085,0d463f72-c3a1-4a2b-8d0d-1721a0d1a06b,2024-06-17T10:16,4,48.28,Online,Pending
72ceff09-8685-436f-a085-383e3f2fd23e,67c276b0-7be6-4f3c-bf86-c342095c8112,2023-11-26T10:16,1,11.36,Online,Cancelled
d7d8d6d1-2c75-4047-89cd-9fc5eb49a9e9,4f6ae324-5b6d-47d6-a86d-26ec6fbe1e0e,2025-03-24T10:16,9,162.36,Online,Pending
10140b35-fc3e-42f4-a0e5-2dd84c4e2ec7,9c53f3f8-5b22-4d77-bd76-cfa6c70e443c,2025-10-18T10:16,2,21.64,Cash,Cancelled
63f36dc7-a01d-4ff3-8d81-3433a812c2cc,4e44f26d-5455-405b-8fdb-63ab8b739ecf,2024-04-02T10:16,9,52.20,Card,Cancelled
31cf9401-1ace-456b-a381-5a1a8806ab50,a302a1a8-c429-406f-abff-9f273aa0a4b5,2024-01-18T10:16,9,99.27,Cash,Completed
19681683-fdb8-4309-9689-1f8e5175aca3,0a0ac3e5-6e20-4fbc-87ec-5481c70e38bc,2024-02-20T10:16,1,5.53,Cash,Pending
21976695-4071-4e6a-8152-edcda2391d18,46032f36-69bc-465a-9b33-a5d560bfd77a,2025-05-25T10:16,4,70.32,Online,Completed
0fadd699-fe15-4440-86ec-275a729e5e13,b014b56e-3263-4b63-8430-46e00bc5ea77,2024-08-13T10:16,7,170.31,Card,Completed
a05d309d-8cc4-48bb-b800-c5ee439d6c27,63846b60-b7be-4087-ac6e-56c9bc130a20,2024-05-14T10:16,7,127.54,Cash,Completed
374fd8cb-ab1b-4a8e-88ec-f2c6e107ea65,e119f98a-df63-41dc-8e01-bb49ca2dc724,2025-10-25T10:16,7,208.11,Card,Pending
669a31a0-60e8-46ba-b29f-51aaa99c68ef,d7af10ce-45c9-4fc8-8dd8-b1c5491aad5f,2024-12-19T10:16,2,16.34,Card,Completed
ffb32977-b09d-46b9-ace2-8232a256343a,aac35608-9499-49c5-811a-a059e773c968,2025-08-26T10:16,5,86.80,Cash,Pending
25fb0100-b42c-4900-be71-4099a6d40618,2ca088cd-c6c6-4e60-a1a4-d2990ee21b12,2023-12-13T10:16,6,37.80,Online,Cancelled
c5c22239-621a-48ce-b998-2a89145215a2,56a75a3e-a944-4147-8cba-f1024726993f,2025-03-12T10:16,2,34.30,Online,Completed
48e282fb-535c-483c-96ae-9cf314f4539f,e85d0261-2d97-4475-a749-363ec9040a74,2024-08-18T10:16,7,171.50,Online,Completed
6ef263ab-b7e9-46bc-b8d7-3c37dc913307,d5cfb1a3-ce2f-4aff-ab4c-50e0c5426af1,2024-04-28T10:16,6,51.54,Cash,Completed
dec01805-9aab-45be-aa82-ce18ee3a51ea,f3826f04-0dfa-4266-8002-58fede0093f5,2023-11-29T10:16,5,35.60,Cash,Pending
9e073275-e3c6-4a18-b0de-8335cd8edb57,c3ffc43c-0c11-40fa-9824-f234161741d0,2024-08-20T10:16,2,33.50,Online,Completed
c5568410-7031-4944-8570-544eee1f4393,c83bba2f-5229-4998-9566-1f3179b13e8a,2024-10-18T10:16,9,173.61,Card,Cancelled
33996a62-b63a-4636-82f0-5e92e9537f38,7a18d550-38d0-40b2-84a7-547162e7e409,2025-07-07T10:16,5,45.45,Cash,Pending
0fa3d60c-fd03-47a4-8f5c-f9937f29e2da,6b1178fc-1745-401d-88da-3903c243ebe9,2025-11-02T10:16,2,12.08,Cash,Completed
57634e5c-65cc-4790-86fc-9a6d3f6aa77c,a302a1a8-c429-406f-abff-9f273aa0a4b5,2024-11-25T10:16,7,191.73,Cash,Pending
bef7e4d6-02a3-42df-9284-f2bdab58b937,401a6911-a31e-4892-adc1-56e3e1eb090a,2024-01-20T10:16,5,109.90,Online,Cancelled
cc9ba0ff-e82c-408d-89e3-b27ba2d76351,205ea7f7-e714-45b8-a083-11247ff702a1,2025-05-06T10:16,5,125.15,Card,Pending
cf1d1bdd-f998-452e-97c6-ac7ac77f612a,c1a09d60-c9e8-4489-a68e-e01b51541d33,2023-12-17T10:16,7,80.08,Card,Completed
f2b85e03-229b-45bb-a828-f652d0f8f06a,4e44f26d-5455-405b-8fdb-63ab8b739ecf,2023-12-18T10:16,6,68.22,Online,Completed
c2b3987d-e861-42f3-af7d-361ea3fba2ee,52f5634d-de98-4543-8a1e-cbf1e2d0242f,2024-06-22T10:16,5,67.40,Cash,Cancelled
2d63123b-04d0-469c-9333-6bc1d53b8610,7a18d550-38d0-40b2-84a7-547162e7e409,2024-09-12T10:16,5,72.15,Online,Pending
e25fc899-22f7-4618-8286-89cb0521f64f,824998a2-7592-4051-ab0b-d5e12743c93b,2025-02-27T10:16,1,21.01,Online,Cancelled
65fe2b75-fc3e-447f-b2da-a5eea25e3539,4f6ae324-5b6d-47d6-a86d-26ec6fbe1e0e,2024-05-01T10:16,1,7.67,Online,Completed
6a79a82f-00d9-4c4e-90d0-9a7b4c976662,3befa4dc-d961-4a3a-9410-d43d1bdaa335,2025-09-09T10:16,3,48.12,Card,Pending
43caa737-686a-4c0c-a07c-1e34f9d10e19,4739f27f-7a96-4d52-83ae-0c6fd4c8c606,2024-03-26T10:16,3,81.30,Card,Pending
29efc59c-212b-4708-b419-c4ac6f491e62,500fde18-ea61-4380-9ea4-f06d09985870,2024-07-19T10:16,3,34.77,Cash,Pending
98d48618-2978-4923-b6f9-19da0fd9c560,8113211c-bdc3-4bb0-94d9-3fd3871f3005,2024-05-25T10:16,1,27.45,Online,Cancelled
3d35ea3d-656b-4d53-8523-cb68cc6ce6df,0e0d5f13-edd5-4ab0-9ddd-3df111bedc5a,2025-08-05T10:16,6,62.94,Card,Cancelled
5f872ce7-5f33-425c-b20a-0f0b2eef0817,52fbb114-83aa-432d-b2f1-f3e37a5c4754,2024-09-08T10:16,6,45.36,Online,Completed
fd7c527f-e3d7-4c87-8941-e4238b5420d8,36b880b0-e9bd-4c0b-8f1c-32018f6c758a,2025-05-21T10:16,2,45.88,Card,Cancelled
f9fd5b5d-8222-461e-91e7-bce668051b82,4e44f26d-5455-405b-8fdb-63ab8b739ecf,2025-07-07T10:16,2,21.76,Card,Cancelled
b08ed23f-2aa7-44fd-8140-c1c631946c24,aff4340c-d102-49ba-af8e-84d2737ce82c,2024-07-06T10:16,7,204.61,Cash,Pending
ef1456c5-a743-45bc-9aeb-fa2a5684be8d,6c3bf618-a715-40f9-9faa-cfc5f5beef2f,2024-07-24T10:16,5,96.70,Online,Cancelled
2066618b-98a7-4505-a578-1042bccb5726,cb8747c7-32ca-4b6b-868d-13ab01d953ec,2025-05-22T10:16,2,25.18,Card,Pending
30f5252d-9a4e-4548-9104-a5740ba9b810,bb9edfa8-17f7-4f6f-8e3b-616693a298b1,2025-04-17T10:16,8,118.24,Card,Completed
ad62c57b-95c3-4d40-9cd8-e4d6e6fc92ff,77ca464a-fe0d-4dcc-8f08-3eb2f7b64f76,2024-03-25T10:16,4,54.44,Online,Pending
53963233-da45-42bc-b804-515a2704b455,ff4db0d8-e809-46e8-9ae0-78ffee4902d9,2025-08-22T10:16,7,145.46,Cash,Completed
614feecf-3985-4d32-8743-b67f71a14bb6,0a0ac3e5-6e20-4fbc-87ec-5481c70e38bc,2023-11-29T10:16,5,140.70,Card,Cancelled
6d537283-632b-4540-99a8-cee6fcb4e53b,2c6dafc9-06cc-4b3d-8b8d-12aae0644c58,2025-08-12T10:16,5,120.75,Cash,Pending
3ae058b2-d6d9-4cdc-8eb0-5f5599a7c741,d5cfb1a3-ce2f-4aff-ab4c-50e0c5426af1,2025-02-16T10:16,6,45.54,Online,Completed
fe858a29-6c04-4eea-8ddd-4d05db1da5a7,e12c3d24-86c8-474f-b86b-370df36adbfe,2025-01-24T10:16,8,204.88,Online,Completed
1f34d6a4-33b2-487c-b88e-250ce8921541,6f61ca8e-51a1-48e0-abfa-88326e713e34,2025-02-22T10:16,1,29.98,Card,Cancelled
9a387780-8575-40c0-b210-ca5813303359,11526850-7335-463f-b740-a52a90457c3b,2025-06-30T10:16,3,89.19,Cash,Pending
39057387-3e46-47b4-a445-9bd9b04144dd,e38afcd9-9e08-47ba-bc92-5ebb4bc271eb,2025-06-16T10:16,7,139.93,Card,Completed
75d333a1-e81a-4391-89b9-bd8f83dc5c96,c46351bf-193f-49af-a5d6-456188837c3d,2024-07-13T10:16,7,68.74,Card,Completed
3c06aa26-f72d-43f8-90dd-c9194383a092,80537cf2-360f-4740-8b7e-d4cd56e22987,2025-06-18T10:16,2,36.92,Online,Pending
20ca0b64-1917-4047-93ba-11fe5db04c8b,f067e21d-d1d4-4e87-9cae-9753f5f9ccb6,2025-02-18T10:16,4,73.48,Online,Pending
6cb0d211-7bf1-4808-9e3d-546311c0970f,b3688304-b24b-416a-9bf4-c2b6aaeb59d3,2025-01-17T10:16,7,100.73,Cash,Pending
c372e371-cac7-42a2-8cef-26dd3a12bfb7,b03f75c1-655f-4480-a2bf-1a0af806e96e,2024-12-30T10:16,7,97.72,Cash,Completed
b43983a7-1de6-42a7-b0ab-4f25d2bb72c8,6bd388d4-5636-450b-bacd-55bdcb769bab,2025-10-28T10:16,3,29.79,Card,Pending
95fc21b9-d3b0-4460-ad24-d7a31448b296,e886c155-0dae-4b36-88f5-a86fa474d1f6,2025-07-29T10:16,8,223.68,Cash,Pending
244ac88c-8d50-4ecd-94c5-cf46cdf5049d,b6c26110-1b77-4777-8c79-c69ec19b66df,2024-03-23T10:16,1,24.99,Cash,Completed
b749094d-9809-4162-b725-c672b6c3f93b,d33bbfcd-a2ca-4e80-8a1c-65223f061e7e,2025-05-28T10:16,6,83.70,Card,Cancelled
0cdb836b-32a7-434c-bbbf-cf0e258dc42f,500fde18-ea61-4380-9ea4-f06d09985870,2025-02-26T10:16,8,214.56,Card,Completed
27c8e06e-1903-4217-af83-6ea42de381ac,b014b56e-3263-4b63-8430-46e00bc5ea77,2024-08-02T10:16,1,17.54,Online,Cancelled
50b2004a-14f1-4418-9c0c-3a58b9aaf6fc,a190f67b-21df-46bc-8164-46bdfa00af85,2024-02-19T10:16,4,42.20,Cash,Pending
643e752e-f578-4ce2-8688-26876aeba3f2,1a31c678-d420-495a-aff3-0f1609514e1e,2025-05-12T10:16,4,100.24,Cash,Cancelled
a338f65b-953a-4660-849e-9f9e6df02e5c,11526850-7335-463f-b740-a52a90457c3b,2024-08-06T10:16,2,14.88,Cash,Completed
b97de4b8-7284-4f39-bbab-89f865c1200a,0a5a9fc7-e126-48f0-99aa-dea85c606f66,2024-01-22T10:16,9,181.62,Card,Pending
500aace7-7e85-44dd-bfce-be00dddd7481,1a31c678-d420-495a-aff3-0f1609514e1e,2025-03-09T10:16,4,24.64,Cash,Completed
c1acdb7e-7057-4f94-b94a-016b942f9595,d7af10ce-45c9-4fc8-8dd8-b1c5491aad5f,2024-02-24T10:16,5,112.30,Card,Pending
d87ae7a4-d499-479b-950e-7e2449c6634f,e7991221-0de0-4ef8-aa9c-ca3b59197059,2024-09-22T10:16,6,36.36,Card,Completed
4ff7876c-25d9-4d5a-b62a-7d6b826c4d55,e85d0261-2d97-4475-a749-363ec9040a74,2025-10-03T10:16,9,116.10,Card,Completed
df9e5169-4e16-408c-801b-e3b8f5a76917,7c991f43-c18b-4404-8826-97691b0dc00c,2025-10-31T10:16,2,49.18,Online,Completed
4b0489ad-7666-42e5-8dc5-2aa756829c70,bb9edfa8-17f7-4f6f-8e3b-616693a298b1,2024-12-31T10:16,7,73.36,Card,Pending
e124b9f8-620d-4e69-8d66-e5c93a7ca4ab,c63bd277-c81c-40c5-8720-6ce916d653c4,2024-02-06T10:16,1,12.67,Card,Cancelled
6cbba714-e680-47b5-8288-2a84fb866b01,7509850a-5062-4da9-aad6-bc5b9e363ef1,2025-10-04T10:16,2,13.08,Online,Completed
01a25e16-313d-4d9b-a579-5a470b45cb11,2c6dafc9-06cc-4b3d-8b8d-12aae0644c58,2024-08-28T10:16,6,97.86,Card,Cancelled
0815336f-296f-4bb9-a02d-4748ab641203,2ca088cd-c6c6-4e60-a1a4-d2990ee21b12,2024-07-28T10:16,2,39.56,Online,Cancelled
b9dd2cd7-ffe6-4958-a694-574bcf04c500,b6c26110-1b77-4777-8c79-c69ec19b66df,2025-01-13T10:16,7,155.05,Online,Cancelled
8e19ca44-014b-48d3-b250-02002665939e,02c65c06-56ad-4670-b8e2-10ab417c7154,2024-02-10T10:16,4,103.72,Online,Completed
970b4aee-2973-4015-b289-a3af2c8102f2,9c53f3f8-5b22-4d77-bd76-cfa6c70e443c,2024-01-20T10:16,3,15.48,Cash,Completed
edfd9152-ec0a-4d9c-8a91-170dfe1e69f7,ff4db0d8-e809-46e8-9ae0-78ffee4902d9,2025-08-23T10:16,8,44.48,Card,Cancelled
7741e6e7-6c44-4350-9041-d87475df3542,21edfc22-3f73-4335-a774-3cf78ab65e86,2025-06-08T10:16,8,199.44,Card,Completed
515b0042-9b7c-4107-9faa-68bdfd9dea5e,c0d74d86-5c5b-481d-b8e3-61eeb9c77255,2024-04-26T10:16,3,61.65,Card,Pending
41df4ce1-2a67-4dca-891a-e7364cf72d88,9305d562-2505-493d-8ed8-3fb721c8f491,2025-09-28T10:16,2,14.96,Card,Pending
b363e434-e5b5-4a76-8c3b-3efe405ba508,515fe1d2-d33a-4b9d-8c19-07e0cbe81a9a,2025-05-02T10:16,6,78.36,Online,Cancelled
4dea419f-06bb-4979-896d-01d719a00844,21edfc22-3f73-4335-a774-3cf78ab65e86,2024-03-23T10:16,5,76.20,Online,Cancelled
fe225d50-7b86-453d-b34c-82f6b3776189,7a18d550-38d0-40b2-84a7-547162e7e409,2023-12-28T10:16,6,36.42,Online,Completed
6371f497-270a-48fb-a08b-2e5d96e309be,103fcba5-5588-45a5-9fe0-6ac948d3860e,2024-07-23T10:16,1,25.33,Cash,Pending
3e3843b7-dcb1-4f50-80dc-4d66ed0823d5,485b65e7-fdf4-474d-afba-37986d8d3cd8,2025-03-27T10:16,3,38.37,Cash,Pending
cfd82abb-fe4f-4e5e-a216-605490d8638c,a190f67b-21df-46bc-8164-46bdfa00af85,2024-08-30T10:16,8,205.60,Card,Pending
8213b03e-fcad-4c71-86b5-e90c2a93619c,27e45431-1333-4ffd-a0c8-be56ffdc5d4e,2025-08-17T10:16,8,139.12,Cash,Cancelled
4e25ea98-e021-40fa-bdcc-619a49c7d0eb,02c65c06-56ad-4670-b8e2-10ab417c7154,2024-01-02T10:16,6,146.46,Online,Pending
0e1b0b04-5310-4de9-af3f-62d0cadc6178,a3f626b9-cc27-4c04-8570-be79ab8bda4a,2025-07-13T10:16,3,72.78,Online,Cancelled
c9460a6a-a35c-45b0-95b8-9767c04ee245,b6c26110-1b77-4777-8c79-c69ec19b66df,2023-11-26T10:16,1,5.07,Card,Cancelled
5037af78-d4f7-40a3-8ede-8b5bd27ffb3a,000f9c8f-2fc7-4346-844d-c04f10751265,2024-10-05T10:16,9,68.22,Card,Cancelled
3fac9f30-6867-45fe-b3cc-58c7e8f1bb77,52c87fd9-fdf0-4256-b929-6153ad24a0ac,2024-11-15T10:16,9,193.50,Cash,Pending
e3e0eea8-281f-4696-ba7b-b0090ab56283,ceafdb2a-788d-48e0-acdd-bd533a2e7ab6,2024-09-29T10:16,7,52.64,Online,Pending
b56ada67-125f-4ccb-a109-c3bb3677d5de,46032f36-69bc-465a-9b33-a5d560bfd77a,2024-07-26T10:16,1,22.49,Online,Cancelled
decdcece-52ab-4c57-abf4-7a1abbd32c9e,b95f7619-fab2-4df9-8683-1f2aeb93a660,2024-04-04T10:16,3,34.77,Card,Completed
f3e34a28-0269-45ba-8e47-cf9f22a2f41a,b0d737cd-ec4b-4a88-aa81-d012ef3fb719,2024-07-17T10:16,6,133.74,Online,Pending
235ec2af-bb3c-42ee-b7bf-1a06f31de85d,cf65c4b6-4c1c-420b-95de-23e5b56ffad5,2023-11-13T10:16,7,191.52,Cash,Pending
b9734496-ff44-463d-be3f-04890424a3e3,21edfc22-3f73-4335-a774-3cf78ab65e86,2024-01-07T10:16,7,41.16,Cash,Cancelled
a3ea612c-337f-487f-b5b4-b13f27cad678,050d9901-1cb5-413a-9c31-282028f863c1,2024-06-13T10:16,1,26.67,Card,Completed
47e16ef2-d41c-417d-9d73-6d4f01674b12,0a0ac3e5-6e20-4fbc-87ec-5481c70e38bc,2023-12-09T10:16,1,24.68,Online,Completed
9e451abd-b71c-4967-a689-402cc2e85ab5,2ca088cd-c6c6-4e60-a1a4-d2990ee21b12,2025-04-03T10:16,6,126.42,Cash,Completed
f52946eb-6d26-4e23-9a97-5c181f173540,05ccd8a5-ea5f-4353-bd1e-3022152b0685,2024-11-05T10:16,1,23.20,Card,Cancelled
2c840cdc-c25e-4d63-a46a-ee83a22de9c5,ef7fad1f-a86f-4ee1-95b4-ce1f339f0fa5,2024-03-04T10:16,6,166.32,Card,Cancelled
64137892-6612-48e9-9507-b93a8a0e253f,428424b7-1f94-496a-8b7a-497ce177d32c,2023-12-26T10:16,1,28.72,Online,Pending
37d82b21-62c9-4c32-b0b3-8eada425b477,02c65c06-56ad-4670-b8e2-10ab417c7154,2025-06-01T10:16,9,58.86,Card,Pending
a402e17c-3c9f-4a3a-8681-0b82e7c94398,9fa382f0-8393-48db-ad30-43c953282401,2025-09-20T10:16,1,9.66,Card,Cancelled
d17033f3-86f8-4c9f-a0f8-43a280187119,b6c26110-1b77-4777-8c79-c69ec19b66df,2024-10-23T10:16,1,18.17,Online,Completed
3d0dbe96-d672-41ce-8c1b-188c87037667,27e45431-1333-4ffd-a0c8-be56ffdc5d4e,2025-06-26T10:16,4,114.28,Cash,Completed
d9312be2-c98d-4d1a-8024-a892ea3df07e,67c276b0-7be6-4f3c-bf86-c342095c8112,2024-08-12T10:16,5,45.80,Cash,Pending
ed22f9d6-9483-4892-81f9-8609cb12b952,74e76582-f1b8-4560-b049-8aebb59d4721,2024-02-16T10:16,7,48.72,Card,Cancelled
ab807014-f3f1-41cf-9a2b-0b8e94a586fe,4e44f26d-5455-405b-8fdb-63ab8b739ecf,2025-11-04T10:16,9,247.23,Online,Cancelled
35960bed-a5fc-4b96-a20b-06655530fff6,726d71e2-70fd-4416-8568-78619c14a73a,2025-08-30T10:16,1,9.34,Online,Pending
16d1bd33-8e0a-4c7c-9774-b95f555f9505,56a75a3e-a944-4147-8cba-f1024726993f,2024-07-19T10:16,6,164.58,Online,Cancelled
84549ef2-c60c-45d6-a446-33453cdcad7a,00d7ae70-0f46-4453-963c-4ab2a3d29314,2025-08-24T10:16,7,149.52,Cash,Cancelled
f4494c25-f45f-4270-a392-11480cbd4829,3dcaabe3-78c9-4d88-bed5-56ca7ceea07c,2025-04-14T10:16,2,54.68,Cash,Completed
83c777b7-8189-4e08-9a38-bb3f89cb731d,205ea7f7-e714-45b8-a083-11247ff702a1,2024-02-11T10:16,3,37.44,Online,Pending
6bf25cd6-4c0c-46ba-a94b-8e3e7338a1eb,d5eaf6a7-76cc-48ec-98d9-ba713e2df70f,2025-03-01T10:16,9,221.85,Online,Completed
40f69602-9428-4ca9-b5c4-8c2afdc050ae,2a109685-1399-4149-8951-fba29bb0360d,2024-10-30T10:16,6,37.26,Cash,Pending
739b8db3-ef5c-431e-bdd5-e38e0de5afb0,b3688304-b24b-416a-9bf4-c2b6aaeb59d3,2024-10-26T10:16,1,15.00,Cash,Completed
6027ccb3-c5be-44ea-9e6d-65c03c1447d4,7509850a-5062-4da9-aad6-bc5b9e363ef1,2024-10-14T10:16,9,93.15,Card,Cancelled
91f8d4fb-c83d-4b49-a17e-0aa29145a11b,7d2df59f-386d-4aec-85a8-2443262a0cb4,2024-03-23T10:16,4,101.60,Online,Pending
39b15580-ff1a-4029-a4d8-c229df4a0b06,e38afcd9-9e08-47ba-bc92-5ebb4bc271eb,2025-08-26T10:16,3,28.08,Card,Completed
ac41bcf5-285f-4311-9a51-a3ba7aada4a1,b3688304-b24b-416a-9bf4-c2b6aaeb59d3,2024-02-13T10:16,9,138.15,Cash,Cancelled
884e7441-37cc-4c4b-8b46-e1a4efcc3c07,953417c6-cd52-45e9-9ca0-bb450653c934,2024-08-28T10:16,2,44.24,Cash,Completed
82ae3bc2-61dd-4b18-a826-70dcbf34334b,b95f7619-fab2-4df9-8683-1f2aeb93a660,2024-09-25T10:16,8,63.28,Card,Completed
a9e9a6e5-7c99-4b73-96fa-e485bf1e9d0a,1d32c3b3-c732-4995-aa6b-ff159deb3bdf,2023-11-16T10:16,9,64.35,Online,Cancelled
61bf1bbd-eaa3-42b0-a907-9c761ad6a9c9,7c991f43-c18b-4404-8826-97691b0dc00c,2025-04-02T10:16,3,79.71,Cash,Completed
e00e7d8c-5b8d-48e1-900b-dc050857a858,935ebde1-5945-4673-886e-1a7a12cc2d4e,2024-10-15T10:16,6,82.68,Card,Completed
985382da-70e5-41c9-ae43-31435ac982c7,92da274a-bea2-490a-bb52-196c46fa8487,2025-08-07T10:16,9,212.94,Cash,Completed
bcbd5be0-7c70-458a-ad82-c4fd43c9722c,bb6bf39c-f455-4e08-a59e-1bdaaa91d4aa,2025-09-03T10:16,1,19.89,Cash,Completed
a84c4d31-d786-4179-a780-7650ab7b47d0,b014b56e-3263-4b63-8430-46e00bc5ea77,2024-04-26T10:16,7,196.28,Online,Pending
82629b60-f354-4281-b406-4e1740d3f82d,ff4db0d8-e809-46e8-9ae0-78ffee4902d9,2024-06-18T10:16,8,67.36,Online,Completed
faafc22f-11eb-47f9-b649-fb68c014495b,000f9c8f-2fc7-4346-844d-c04f10751265,2025-05-14T10:16,3,35.37,Online,Pending
2385c578-c7f8-4068-b9ec-67dd047cc2e3,25659c0e-6eb5-4c57-add8-fb6ac5f42699,2025-09-30T10:16,5,51.55,Online,Pending
526c83a9-3326-4aa7-8c88-ad1e14c8925e,4bb2d776-14c0-4ef6-b8ba-c580cbed72b8,2025-02-26T10:16,7,204.05,Card,Completed
b0fd9ea3-27a9-44e7-94a5-0b76df8801cf,ada8704c-2784-4d70-84da-10078407d2c8,2025-10-23T10:16,2,57.86,Online,Cancelled
b19d672c-fc03-4afa-8299-2216ce1bd108,964d337f-acd5-4ca2-8843-9be3f2eb60fc,2025-04-28T10:16,4,91.44,Card,Completed
343ddb3a-ad5f-4b97-a5eb-ab0ca60bdb17,bb6bf39c-f455-4e08-a59e-1bdaaa91d4aa,2024-03-06T10:16,7,140.56,Card,Completed
96d91b24-40c6-4302-8fd1-61b01def4309,ecf1ffb0-ac00-4968-87ea-8beef4ace55a,2024-04-10T10:16,9,269.46,Online,Completed
3cebfa3b-168e-4554-a659-895cc4c91801,d6d4ef4b-0870-48aa-b884-013237f255f4,2024-05-22T10:16,3,23.70,Online,Cancelled
3438be7e-fedf-497f-ad23-8ac482ed185c,52fbb114-83aa-432d-b2f1-f3e37a5c4754,2025-02-08T10:16,8,117.76,Cash,Completed
88aacb60-9fa5-4146-b544-a293c35d4c49,000f9c8f-2fc7-4346-844d-c04f10751265,2024-10-28T10:16,4,84.40,Online,Cancelled
8443834a-ab1d-4f1a-a0fe-b504ddde734c,3e97fc93-73a7-45e0-9888-f7a03ee258a7,2024-02-05T10:16,2,21.72,Online,Completed
44da450a-6ab3-43b9-81b9-34840b7c8d1c,e119f98a-df63-41dc-8e01-bb49ca2dc724,2024-04-29T10:16,6,176.40,Online,Cancelled
ca5d5236-0489-46f4-b3f8-477434a6fc2a,205ea7f7-e714-45b8-a083-11247ff702a1,2025-02-11T10:16,4,119.52,Online,Cancelled
15607829-e2f5-4bdf-b8d5-7e5fd47cfd96,02c65c06-56ad-4670-b8e2-10ab417c7154,2025-07-14T10:16,9,48.51,Online,Pending
acbd25d9-4d47-4c66-9c99-d0efa9b1af7e,a302a1a8-c429-406f-abff-9f273aa0a4b5,2024-06-28T10:16,1,26.47,Cash,Completed
888b2d3d-3ea9-4ebf-abe5-a32e0a78b9fe,90f0db1e-2b19-43f7-ba17-233c7c214eca,2025-07-30T10:16,3,56.25,Online,Cancelled
8cc0b564-33fb-4bc4-b291-3dbc6724308b,0b2a0e9a-e050-4380-b607-57adcbbf59d4,2024-12-31T10:16,9,189.00,Card,Completed
ee806b9b-e00b-4207-8348-02bd2558068d,2a109685-1399-4149-8951-fba29bb0360d,2024-10-13T10:16,5,56.40,Card,Pending
0605e139-797b-450f-b199-cedbc7ffbb27,bb6ceda0-3f7a-4dfa-9862-41a88dd468b2,2025-01-20T10:16,3,60.00,Cash,Cancelled
f96747d5-dfbc-4f76-b15d-fa31c747ba43,983d66ae-c8b0-46b8-8abc-26a1055cf729,2024-12-17T10:16,4,23.28,Online,Completed
8480f284-63a0-46ad-aef8-d3003d42a679,ecf1ffb0-ac00-4968-87ea-8beef4ace55a,2025-02-06T10:16,2,29.30,Card,Cancelled
f204cb17-97e3-4edb-8878-9557204e97ba,7169ef0c-f2c8-4ae3-83f6-87691664d2d2,2025-01-02T10:16,7,64.96,Card,Cancelled
e0e76a4e-8fa7-4723-aeb6-f7ad1ddbb5f3,36b880b0-e9bd-4c0b-8f1c-32018f6c758a,2025-02-21T10:16,6,146.76,Card,Completed
71b1f7fe-9308-420a-a7e4-54887eff266a,2c6dafc9-06cc-4b3d-8b8d-12aae0644c58,2025-08-06T10:16,4,33.76,Cash,Cancelled
02353118-5c21-4d9c-93a6-c85d395144f1,60cd80b6-3967-4dae-b4df-adc7b5644971,2024-05-02T10:16,2,52.74,Online,Pending
d1578764-4569-4c92-9380-aa89c2f0be5c,b0d737cd-ec4b-4a88-aa81-d012ef3fb719,2024-02-17T10:16,3,17.64,Card,Pending
3abc08d1-ae69-4fe0-af73-8a7153880fa4,8f7f530b-bb30-4a05-b437-744ed30af54f,2024-04-30T10:16,5,111.35,Online,Cancelled
befb190f-71cc-42e0-b83c-8a03cd7118b7,1a31c678-d420-495a-aff3-0f1609514e1e,2025-03-29T10:16,8,113.92,Online,Completed
53249f9a-d4e0-42f4-a7ca-5e8cecd0e92f,caad7924-4bc5-4f85-9662-11ca261e3c87,2024-04-26T10:16,6,161.76,Online,Pending
254c70b3-d7c8-48b4-851e-bae09f876841,b95f7619-fab2-4df9-8683-1f2aeb93a660,2024-12-21T10:16,9,88.83,Card,Pending
cb3062e1-462d-4108-a1cd-917da8470e0f,bb6ceda0-3f7a-4dfa-9862-41a88dd468b2,2024-06-21T10:16,2,22.72,Online,Completed
6cf17b65-af6a-4964-a72c-fb143dc6ab47,6117b6f0-c4f4-4bf1-9eeb-f33950decba8,2024-05-01T10:16,7,55.44,Card,Completed
1ecd05b7-2907-4c55-a94e-525dd0218dd6,aac35608-9499-49c5-811a-a059e773c968,2024-04-03T10:16,2,29.26,Card,Cancelled
57e993eb-4788-46b6-b4d8-70b879929954,515fe1d2-d33a-4b9d-8c19-07e0cbe81a9a,2024-11-22T10:16,3,21.51,Card,Completed
23ddddd9-eb0a-4360-b8d6-8f63114cf083,4e44f26d-5455-405b-8fdb-63ab8b739ecf,2024-02-21T10:16,9,213.93,Card,Pending
5f52371c-033e-4a2d-85db-9e7782c4df99,1407e9cf-22c9-4137-a2fe-cc12dc038235,2024-02-10T10:16,7,63.70,Online,Pending
88361512-c855-449f-96da-d034e2d6234d,953417c6-cd52-45e9-9ca0-bb450653c934,2024-01-10T10:16,5,93.20,Card,Cancelled
34f6a6bb-3166-41ec-8e64-43671706ac99,964d337f-acd5-4ca2-8843-9be3f2eb60fc,2025-02-17T10:16,1,16.35,Online,Completed
2420d776-efb6-43a2-9dea-6aab08c3e33e,8f7f530b-bb30-4a05-b437-744ed30af54f,2025-03-08T10:16,1,15.73,Cash,Cancelled
8b7ee22d-53c4-40d2-adfe-5e8de2550ea1,7d2df59f-386d-4aec-85a8-2443262a0cb4,2024-10-15T10:16,8,220.40,Card,Cancelled
3fa14815-1cf9-47dd-bb42-e5da7a1adebc,b047b369-02d0-4f25-9af0-f1e883228863,2024-03-31T10:16,9,198.72,Card,Completed
be2f2e8b-55af-4e0a-ac8c-298a39b95fce,e85d0261-2d97-4475-a749-363ec9040a74,2025-06-20T10:16,6,102.54,Online,Pending
42e1b681-669e-41b9-b256-7f1ebd28a374,b04ce307-2d1f-4214-b023-d8f4379041a1,2025-07-16T10:16,7,180.25,Online,Completed
e110e9d9-9d05-4879-ab55-5e443e8cf2f0,0dd437d0-74fa-43c3-8909-5c955e4d47dd,2024-04-13T10:16,5,39.15,Online,Pending
35bc65aa-ecb1-4ba4-8f70-a1b3ce03d735,ecf1ffb0-ac00-4968-87ea-8beef4ace55a,2025-01-11T10:16,8,213.36,Card,Pending
98d878bf-82c2-424c-af20-2652e9ff751a,3ab3404a-ee80-4ed2-8d90-a6f0dad14e48,2024-12-28T10:16,1,10.97,Cash,Pending
0f61a6a5-b6f6-431f-8671-d45122f7137c,ebbc7df0-770d-44f8-b0ff-c62f9006e40e,2025-06-14T10:16,1,21.43,Online,Cancelled
f4593fcb-d559-4c0b-a747-0b3e9dd34556,058b9c75-b72f-4594-80d2-e41194ff7672,2024-04-13T10:16,9,201.24,Online,Completed
e7fc5df5-abbc-4be3-aa87-65661fffb05d,06e585f0-5b60-4900-81d1-3379328e6c17,2024-11-07T10:16,4,46.96,Cash,Completed
aae20140-6b4b-41b6-9e2a-8f625efd4fd5,4717d2a3-4b2a-44f1-b960-a2b73e2d23fd,2024-03-18T10:16,9,109.53,Cash,Completed
34c22f34-8e58-4820-bbd3-57bec545b8d4,ebbc7df0-770d-44f8-b0ff-c62f9006e40e,2024-04-11T10:16,6,54.60,Cash,Completed
5b67c9da-65ac-45ad-93e5-ab8d6c45ab85,b047b369-02d0-4f25-9af0-f1e883228863,2024-01-09T10:16,8,134.48,Cash,Pending
74c67266-39d5-4a0a-affc-76c1a6f0ca55,e85d0261-2d97-4475-a749-363ec9040a74,2024-08-24T10:16,1,28.59,Online,Pending
15a32935-a61b-4f62-bcd7-42602bc0b415,000f9c8f-2fc7-4346-844d-c04f10751265,2024-06-30T10:16,9,189.09,Cash,Completed
ea311db7-b116-4787-b6af-e5808cc93e23,9c53f3f8-5b22-4d77-bd76-cfa6c70e443c,2025-07-29T10:16,9,177.93,Card,Pending
fab3479b-7a31-43af-8ddb-7478ff26088c,a3f626b9-cc27-4c04-8570-be79ab8bda4a,2024-05-20T10:16,3,39.36,Online,Pending
de4d6e3c-2ea9-44b6-a122-ef387d46dda4,65b2c0ea-6192-47fc-9286-2c1dd3ecefb1,2024-11-23T10:16,9,109.71,Online,Pending
70b7d2ea-d6bf-4f64-beb1-1be0866c9da2,7509850a-5062-4da9-aad6-bc5b9e363ef1,2024-05-27T10:16,8,88.80,Online,Completed
711a2408-689c-4fa0-b093-fd9a6c12380c,f067e21d-d1d4-4e87-9cae-9753f5f9ccb6,2024-04-09T10:16,9,179.10,Card,Cancelled
6cd3931a-d2c5-4a07-bb1e-afece31279ab,53db1213-7316-47bb-9099-c1def0e3c96b,2024-06-17T10:16,4,119.16,Online,Pending
e5ebcd69-8d03-40a2-a329-80efbc4806c7,7c991f43-c18b-4404-8826-97691b0dc00c,2024-07-29T10:16,3,26.10,Card,Completed
6849613f-c7d0-4e21-8cc8-0bb62b9f7402,d7af10ce-45c9-4fc8-8dd8-b1c5491aad5f,2025-03-16T10:16,1,24.43,Cash,Completed
f5a445dd-a49d-46d0-9be5-f7859a7e998a,e85d0261-2d97-4475-a749-363ec9040a74,2024-12-27T10:16,9,211.77,Card,Pending
03b817ae-c3f5-48bc-9e1f-a17c7141014e,69446e90-4237-4410-ab55-e011eb04cce0,2024-03-28T10:16,8,81.92,Card,Cancelled
56066295-693d-4d97-bbb3-c242974efee1,b90a3a7f-421e-47e5-8598-fe50f365a62e,2024-10-03T10:16,5,117.55,Online,Pending
5a67a324-17f7-49c2-b2ab-b5fec3365683,205ea7f7-e714-45b8-a083-11247ff702a1,2024-07-08T10:16,6,170.22,Cash,Cancelled
0b579e89-8742-4e10-a945-b9e81447c658,0a5a9fc7-e126-48f0-99aa-dea85c606f66,2025-08-28T10:16,2,28.22,Card,Cancelled
f0c7d50c-cafb-40a4-94c9-202849bbbf84,2a109685-1399-4149-8951-fba29bb0360d,2025-01-16T10:16,7,112.35,Card,Cancelled
9126430e-804f-42c5-ae7f-f24f35b3d79f,bf0de251-90d7-423c-8b31-48df1a89964f,2025-04-06T10:16,1,21.77,Online,Pending
a3f7fc8e-8cb9-45fd-9dab-78dc09628023,983d66ae-c8b0-46b8-8abc-26a1055cf729,2025-04-13T10:16,6,164.82,Cash,Pending
6d9dea1a-c1fb-4360-a426-065bb647dab5,aac35608-9499-49c5-811a-a059e773c968,2024-04-11T10:16,2,16.42,Card,Cancelled
91acd09d-8cff-47ff-ab95-95bba540781b,b3688304-b24b-416a-9bf4-c2b6aaeb59d3,2025-04-24T10:16,3,45.15,Cash,Pending
4506c9ad-b3b4-42e3-8a6d-d68de6d70ef6,1eeb9c5f-5b7a-47af-b4f1-5a50d9d1089c,2024-06-01T10:16,3,68.10,Card,Cancelled
efff90e6-8507-47cf-87d1-5c14cce33dea,b03f75c1-655f-4480-a2bf-1a0af806e96e,2024-04-19T10:16,3,88.59,Online,Pending
87c1fbc6-e3e4-4c3d-bcb8-59878f2048b0,b90a3a7f-421e-47e5-8598-fe50f365a62e,2025-01-24T10:16,9,200.97,Card,Cancelled
b3142620-7455-4763-a7b9-ce0d2a421980,c46351bf-193f-49af-a5d6-456188837c3d,2024-03-02T10:16,3,61.32,Card,Pending
903769e5-c0f5-4252-adfa-09a6f53d8cdf,fbe227d7-6d32-4407-9783-7fdac983e55f,2025-01-19T10:16,1,10.08,Online,Pending
6a3bb47d-a88c-4000-96f9-1c881636bcde,3ab3404a-ee80-4ed2-8d90-a6f0dad14e48,2025-05-24T10:16,5,86.50,Card,Cancelled
31e99002-dde2-4f1a-8879-f1bc27237fe0,e277d099-db2a-4aee-ab86-8b0e73a34383,2024-03-15T10:16,4,60.28,Online,Cancelled
3e2e2ffd-9bcf-4c43-8b7d-ca0752ec0fcb,caca465c-e9f2-4add-91b5-24c70595e321,2025-08-10T10:16,2,24.00,Card,Completed
6a5f02fb-77ce-43aa-867f-1bcc51c97529,5400d214-6176-40bf-88d2-3f53ed38bf69,2024-02-02T10:16,7,110.25,Cash,Cancelled
053963db-ae5f-4c19-a1da-1e3cf7646c61,058b9c75-b72f-4594-80d2-e41194ff7672,2024-08-27T10:16,3,54.24,Cash,Completed
adeb6887-4c4c-4c36-bbe8-0dadf36202c2,ecf1ffb0-ac00-4968-87ea-8beef4ace55a,2024-07-08T10:16,9,109.71,Cash,Cancelled
7f5cb32f-8836-454e-86dc-06e63757b6a2,10b26c2d-7d56-4175-84a8-a2775e128a9d,2024-01-21T10:16,2,53.88,Cash,Pending
ed56afd7-cb47-427b-ad8b-a6a17ad92533,8f7f530b-bb30-4a05-b437-744ed30af54f,2024-10-01T10:16,4,80.96,Cash,Pending
03f3e7f0-a313-44d0-ab4f-01952d7eed37,b6c26110-1b77-4777-8c79-c69ec19b66df,2024-01-26T10:16,4,54.64,Online,Completed
25c638c8-3c87-4df1-bb39-978d5131467d,b0d737cd-ec4b-4a88-aa81-d012ef3fb719,2024-04-19T10:16,5,110.00,Online,Cancelled
f5128f5e-7d4e-46e5-98aa-6c527416adfa,b014b56e-3263-4b63-8430-46e00bc5ea77,2025-10-10T10:16,5,80.80,Card,Completed
aee006bb-d7d6-47d0-b915-15d63b06798f,67c276b0-7be6-4f3c-bf86-c342095c8112,2025-05-06T10:16,2,11.78,Online,Cancelled
7be13a3d-1c3f-43a6-9c25-5de2ae08d1e1,983d66ae-c8b0-46b8-8abc-26a1055cf729,2024-04-03T10:16,8,132.64,Online,Cancelled
7b0c5fa1-3f19-4488-8040-9b769f8acb73,8e1bbe6c-7b75-46dc-8ca1-0b1664cd6ae4,2025-09-10T10:16,6,49.32,Online,Completed
059fba9e-27d9-4c8e-a12a-deba7386c0e8,c9dcc28a-ae5f-477c-ae7e-72d94129f449,2023-12-18T10:16,4,62.88,Online,Pending
40c87a71-8e6f-4c47-9883-94b4a10bf6b6,ecf1ffb0-ac00-4968-87ea-8beef4ace55a,2024-11-22T10:16,9,246.33,Cash,Pending
03304afe-e524-42eb-99ca-1fa8ddf44ab6,205ea7f7-e714-45b8-a083-11247ff702a1,2025-04-20T10:16,6,116.16,Online,Cancelled
c611f21d-f3ef-4539-b5b2-8182a1f3f3a1,0a5a9fc7-e126-48f0-99aa-dea85c606f66,2024-04-09T10:16,3,35.58,Card,Pending
8f1abdcd-7e95-4575-99bb-db37e7be96e1,4f6ae324-5b6d-47d6-a86d-26ec6fbe1e0e,2024-11-05T10:16,4,111.40,Online,Completed
db375aad-7b9b-41b2-b4d1-c006c6583a66,0e0d5f13-edd5-4ab0-9ddd-3df111bedc5a,2025-01-30T10:16,6,174.96,Card,Cancelled
67222084-e4bb-4375-a909-8c05568c8581,c1a09d60-c9e8-4489-a68e-e01b51541d33,2023-12-03T10:16,8,43.76,Online,Pending
695ad8dd-f096-40ca-a460-25abe5e1c8b5,0b2a0e9a-e050-4380-b607-57adcbbf59d4,2025-04-03T10:16,6,154.26,Online,Completed
f38cbd83-9741-4f54-9b14-9add07d17d88,885715b6-b1eb-44ca-8460-28c0343e56f3,2024-12-12T10:16,6,130.56,Card,Completed
6d7958c6-ed2e-4590-b67b-8799410a4e9c,80537cf2-360f-4740-8b7e-d4cd56e22987,2025-10-02T10:16,3,20.88,Online,Pending
c366799f-c80e-4da6-89fe-45f9b9e2dcfe,0e0d5f13-edd5-4ab0-9ddd-3df111bedc5a,2024-02-19T10:16,1,25.66,Online,Completed
127713fd-1639-41a9-affa-ec71151320f5,3befa4dc-d961-4a3a-9410-d43d1bdaa335,2024-12-29T10:16,5,95.40,Cash,Pending
400af22d-1318-413c-9ff4-6032a4c74516,06e585f0-5b60-4900-81d1-3379328e6c17,2024-04-28T10:16,3,61.83,Online,Completed
48892c14-3a3d-4e07-88c5-8fed3af27057,c3ffc43c-0c11-40fa-9824-f234161741d0,2025-05-28T10:16,4,93.20,Card,Pending
63741925-4958-4dc2-a1ab-c736c203239b,73a2b03c-2dca-486e-8ebc-c4d6bb68a8c6,2024-12-01T10:16,6,157.44,Online,Pending
b1419195-70eb-4eed-9876-53da7c38ca9a,935ebde1-5945-4673-886e-1a7a12cc2d4e,2024-09-23T10:16,2,23.40,Card,Cancelled
dafd9ff7-677b-4bb1-b650-d08e957210c2,bb6bf39c-f455-4e08-a59e-1bdaaa91d4aa,2024-05-19T10:16,7,207.20,Card,Pending
77464f28-0174-45fd-b8a2-38f1c5ac00d3,aff4340c-d102-49ba-af8e-84d2737ce82c,2024-10-18T10:16,6,140.70,Online,Cancelled
97265928-1551-4855-94c6-50a7e8027df1,6f61ca8e-51a1-48e0-abfa-88326e713e34,2024-11-28T10:16,6,96.66,Cash,Cancelled
cf431aeb-59f1-4d56-8740-044e234283df,500fde18-ea61-4380-9ea4-f06d09985870,2025-06-20T10:16,5,69.70,Online,Cancelled
bd7f254f-9f4c-418c-8c64-b3d0fcf11986,14eace30-1ac2-411e-8eef-98e8f32a87fb,2025-06-27T10:16,8,196.80,Cash,Completed
0c50fbfc-e4be-4620-82fd-6226cf146003,8b115a34-224b-453c-be69-b53a7445b466,2025-03-14T10:16,1,19.50,Cash,Cancelled
036064ab-78e4-42cc-a594-b7c90d1a3408,d6d4ef4b-0870-48aa-b884-013237f255f4,2025-08-29T10:16,7,123.27,Online,Cancelled
66b05988-f9e6-478a-a015-64319c653060,5d6f84a5-a4de-442e-99b9-b8ef714b4436,2025-10-12T10:16,2,25.66,Online,Completed
6dd09145-79a6-4a7d-8c6c-bedd2862d4f7,aff4340c-d102-49ba-af8e-84d2737ce82c,2024-02-17T10:16,1,15.55,Card,Cancelled
94a07099-d87a-4dac-911c-841a8ddcf07b,60cd80b6-3967-4dae-b4df-adc7b5644971,2025-05-03T10:16,7,202.58,Card,Pending
5e750f30-7463-4f4e-8a07-645d37ce725c,9305d562-2505-493d-8ed8-3fb721c8f491,2024-12-27T10:16,7,203.98,Cash,Completed
b58bd1b5-da66-4fd3-9b5a-873ebbc7d32f,7509850a-5062-4da9-aad6-bc5b9e363ef1,2025-07-18T10:16,2,28.54,Cash,Cancelled
6443e872-72dd-4989-9bd2-6bc6fd151a5e,05ccd8a5-ea5f-4353-bd1e-3022152b0685,2024-07-18T10:16,2,30.24,Online,Cancelled
c7e32c1f-af53-47f3-acee-1e3c10699c6d,b014b56e-3263-4b63-8430-46e00bc5ea77,2025-05-04T10:16,6,172.98,Cash,Pending
579766d6-3f9a-42ae-91c7-a45a5fa385a1,e85d0261-2d97-4475-a749-363ec9040a74,2025-11-05T10:16,5,37.45,Card,Cancelled
f5a4d8aa-188e-4c40-ab48-26c3a3508e05,0a570207-0f70-467f-bbeb-44a0a60a9a25,2025-05-05T10:16,7,42.00,Online,Completed
a424f858-789f-4f57-8a75-3ff88c80752f,c3ffc43c-0c11-40fa-9824-f234161741d0,2025-05-01T10:16,6,141.54,Online,Pending
364368f2-9d8b-4880-8e07-bc17281ffb0c,910b1d47-5c37-48b1-8bde-96c60660f1d7,2024-03-24T10:16,7,82.18,Online,Cancelled
60487e39-4f44-4902-87d4-3f07293b05ca,f543de06-e341-4de2-95ab-ca0fd3ee51fe,2025-10-08T10:16,3,39.39,Card,Completed
b0234057-765a-4a62-b90d-376dfa330135,401a6911-a31e-4892-adc1-56e3e1eb090a,2025-04-30T10:16,7,161.70,Cash,Pending
3b480ac2-4222-4b49-b9b1-cb178701eb49,6c3bf618-a715-40f9-9faa-cfc5f5beef2f,2025-05-21T10:16,6,153.30,Card,Cancelled
c0c45698-5fc6-4dd6-bf03-734b72353c25,b04ce307-2d1f-4214-b023-d8f4379041a1,2025-09-02T10:16,7,75.39,Card,Pending
f67ce34b-2f83-4380-b26f-22748feec1c4,983d66ae-c8b0-46b8-8abc-26a1055cf729,2024-04-19T10:16,1,6.22,Card,Cancelled
7817d10b-ca6e-491c-8c19-ba71c9dafce1,209e786b-2a61-4e52-a3b2-1cc98bcbf18c,2024-02-07T10:16,3,27.03,Card,Pending
1a34b61d-d124-4f0b-989e-aaed9601c07d,0dd437d0-74fa-43c3-8909-5c955e4d47dd,2024-03-15T10:16,9,99.72,Card,Completed
8d4d1122-dcd8-4de3-b81c-c9db91b50773,8b546c63-5406-493d-bc69-cfb594b38267,2024-08-12T10:16,2,52.08,Cash,Cancelled
badf0434-0e15-46ab-9799-52bab48bd368,09ba4183-1b94-4f8c-bc5f-eca421a88524,2024-01-11T10:16,5,53.25,Online,Cancelled
b95c020e-8d75-4ab5-ad05-ba7ccc0f963c,8b115a34-224b-453c-be69-b53a7445b466,2023-12-12T10:16,3,76.83,Card,Completed
e24fc646-f9a0-418f-9ba8-0d559581f1dd,f067e21d-d1d4-4e87-9cae-9753f5f9ccb6,2024-11-02T10:16,1,24.90,Cash,Pending
7785ebe5-5a23-4a94-9b8f-5ebb5df6536b,5eb75bc0-d5fa-4209-9d42-7767f3f0585b,2024-01-02T10:16,1,10.70,Cash,Cancelled
bd76c8dc-d37b-4d27-85ee-a536f9f1dfb9,ecf1ffb0-ac00-4968-87ea-8beef4ace55a,2024-10-09T10:16,9,107.91,Online,Pending
32bbafba-ebfa-4d4f-834e-1732e299f553,7a2e5fa5-096b-4701-8ce6-7a3db39bf8eb,2023-12-20T10:16,2,18.96,Cash,Pending
b99f53ff-9b52-4ef8-bd84-575fe64fda54,6117b6f0-c4f4-4bf1-9eeb-f33950decba8,2025-09-14T10:16,8,194.72,Cash,Pending
b5792b89-83cb-40c5-919e-a8c552ab9f2e,8b546c63-5406-493d-bc69-cfb594b38267,2024-06-23T10:16,7,154.49,Cash,Completed
c9f15ffc-7ed8-40a8-a673-a4814ac4a565,dcfb3d05-846d-4915-99f3-ebbc7559d972,2025-06-04T10:16,6,106.32,Cash,Pending
16ce58e6-5a88-4771-b072-b7677dd59206,3e97fc93-73a7-45e0-9888-f7a03ee258a7,2025-11-01T10:16,1,17.02,Online,Completed
ecf7dfcd-636b-43b0-8f70-79b93f3a0c63,205ea7f7-e714-45b8-a083-11247ff702a1,2025-10-27T10:16,9,73.80,Online,Pending
15e7df76-1f43-4bee-8a19-ce27e1338c00,71f17b36-2c37-4cfa-bf8a-894fa94c0e9b,2024-09-30T10:16,7,77.56,Card,Pending
4c82821a-2af1-4cd7-ab32-314e1c3c88d5,90f0db1e-2b19-43f7-ba17-233c7c214eca,2025-10-01T10:16,6,136.02,Online,Completed
174b5ea5-1e27-42f8-9567-8beee7d0ab89,3befa4dc-d961-4a3a-9410-d43d1bdaa335,2024-08-18T10:16,1,10.96,Card,Cancelled
73f92285-5207-4155-92dc-ce648b364973,f543de06-e341-4de2-95ab-ca0fd3ee51fe,2025-07-10T10:16,7,83.72,Cash,Completed
35911a8c-b057-43ac-972a-97470ecbe88e,935ebde1-5945-4673-886e-1a7a12cc2d4e,2025-09-14T10:16,2,10.72,Cash,Pending
b4f183af-0073-4c4f-966f-5b912c086582,1a48aa9a-def3-481d-922a-94300aa97309,2025-02-18T10:16,9,249.93,Online,Cancelled
9d2b2fc8-e105-4d56-9743-ff817f5af03b,910b1d47-5c37-48b1-8bde-96c60660f1d7,2025-08-29T10:16,6,137.58,Cash,Pending
c8e819ed-bb1d-4740-ae8d-fc9616e3283f,2ca088cd-c6c6-4e60-a1a4-d2990ee21b12,2025-09-15T10:16,8,138.48,Online,Pending
250b3cf5-9dce-46cd-a6c4-8a508a5b660d,caca465c-e9f2-4add-91b5-24c70595e321,2023-11-20T10:16,9,68.40,Cash,Completed
8e67b27f-5cf3-41c4-86ad-5f092fb387aa,e6cb1215-5314-4d05-bfd1-f6e5d36e89f7,2024-03-25T10:16,3,74.55,Card,Completed
00f472a6-8482-44b5-b9c8-f16ca489cc64,65b2c0ea-6192-47fc-9286-2c1dd3ecefb1,2024-11-13T10:16,7,147.70,Cash,Cancelled
9b9ccc1c-f237-41da-b27c-d319e7b35a20,e7991221-0de0-4ef8-aa9c-ca3b59197059,2025-08-22T10:16,8,49.52,Online,Pending
52b15c67-a8b9-457d-a528-2af12f333a6e,ecf1ffb0-ac00-4968-87ea-8beef4ace55a,2023-12-25T10:16,5,43.65,Card,Pending
c49e2e5a-9ab6-4037-901d-a6b875122077,050d9901-1cb5-413a-9c31-282028f863c1,2024-06-11T10:16,7,106.75,Cash,Cancelled
a7cfef4e-3fbd-48d9-a581-6e1773acd369,6f61ca8e-51a1-48e0-abfa-88326e713e34,2025-03-02T10:16,1,16.34,Online,Completed
3220ac1d-344e-4936-add4-4e0371a73d95,a938df5f-7764-459c-8bfd-90409d16b3c6,2023-12-10T10:16,2,32.34,Card,Cancelled
b9dd6d4d-a54e-4e76-9402-09b5e9cd99ac,0b2a0e9a-e050-4380-b607-57adcbbf59d4,2025-01-21T10:16,2,43.62,Card,Completed
a9b475b2-9ae1-43b3-aa87-a104cde0f4f5,b95f7619-fab2-4df9-8683-1f2aeb93a660,2025-10-11T10:16,9,225.45,Cash,Pending
7eed78ae-2ad3-40eb-8472-601991f14667,e6cb1215-5314-4d05-bfd1-f6e5d36e89f7,2024-03-02T10:16,4,88.72,Card,Completed
7cf3070e-5983-4df7-84f2-7da267340320,ef7fad1f-a86f-4ee1-95b4-ce1f339f0fa5,2024-08-22T10:16,7,169.89,Online,Cancelled
0d3c76ec-2268-4cc1-bdfe-0fc818650828,63846b60-b7be-4087-ac6e-56c9bc130a20,2025-10-22T10:16,5,60.40,Online,Completed
d7ff832a-db4b-4d7b-b122-3cfb7b41e191,935ebde1-5945-4673-886e-1a7a12cc2d4e,2025-01-19T10:16,1,13.64,Cash,Cancelled
638c72b0-e147-4452-87d6-a59a1cc31e72,e277d099-db2a-4aee-ab86-8b0e73a34383,2025-07-10T10:16,2,10.52,Card,Cancelled
666229df-2ffd-4269-8f17-4f1ebcc050e6,b90a3a7f-421e-47e5-8598-fe50f365a62e,2024-09-18T10:16,9,112.41,Card,Completed
de2e60d5-f731-4fe1-8dc9-697e62843a81,401a6911-a31e-4892-adc1-56e3e1eb090a,2024-09-11T10:16,9,181.71,Cash,Cancelled
d5318e92-9bc0-4575-be30-1c6c9f279fa5,bb6bf39c-f455-4e08-a59e-1bdaaa91d4aa,2025-10-05T10:16,9,229.59,Card,Completed
a3f46981-ceb4-4462-a40b-6e3c465abc53,3ab3404a-ee80-4ed2-8d90-a6f0dad14e48,2024-07-06T10:16,2,39.50,Cash,Cancelled
f9c807a2-d449-4794-81af-56cac5a3ab86,36b880b0-e9bd-4c0b-8f1c-32018f6c758a,2024-04-20T10:16,9,109.44,Online,Pending
cc604ff6-ca8a-492e-9c61-e47bec2e169f,60cd80b6-3967-4dae-b4df-adc7b5644971,2025-04-08T10:16,5,86.50,Online,Pending
4a669862-8f95-4f90-8e3b-b8a3adbbeb38,ada8704c-2784-4d70-84da-10078407d2c8,2024-01-10T10:16,3,70.47,Online,Pending
84165398-1d16-402c-8464-4a1e16ba2c53,6945f6f4-b8f9-4d04-90ff-e59ed705578e,2025-03-16T10:16,9,108.72,Cash,Completed
00b2110f-2bc5-4355-9733-33c19816ed0a,7d2df59f-386d-4aec-85a8-2443262a0cb4,2025-03-17T10:16,1,22.42,Cash,Pending
35f40f1b-4e9e-4794-8627-9eb11c330b83,0a5a9fc7-e126-48f0-99aa-dea85c606f66,2024-04-23T10:16,5,136.15,Cash,Cancelled
3ab1fecc-4528-4454-8e59-e94d8dce3dca,f3826f04-0dfa-4266-8002-58fede0093f5,2023-12-16T10:16,8,218.72,Card,Pending
79f8cbc0-3531-4965-963e-cdcc02afaf34,6e551d53-4f6d-4b84-a9de-3d7c79694805,2025-02-07T10:16,4,40.92,Cash,Completed
2ed89ccd-2894-4f1e-a82c-1b7b772ca0a7,cd50913f-8c99-4253-9134-0cf5fe5f300f,2024-11-24T10:16,3,69.36,Card,Pending
39019b3c-b9cf-45e6-943e-5d9683d41915,6f61ca8e-51a1-48e0-abfa-88326e713e34,2024-11-25T10:16,1,29.26,Online,Pending
0ff10f3c-9109-46ff-bdbc-5d29a5c35135,69446e90-4237-4410-ab55-e011eb04cce0,2025-05-04T10:16,3,67.08,Online,Completed
73fea460-7083-4af9-8e04-0fef59a351d4,c46351bf-193f-49af-a5d6-456188837c3d,2023-12-24T10:16,5,77.10,Cash,Pending
064bc19d-97ac-4f82-9c88-b3f8ae24ec60,e12c3d24-86c8-474f-b86b-370df36adbfe,2024-01-20T10:16,4,65.84,Online,Pending
3161bd42-8704-44ef-a291-d7a1f4404a92,428424b7-1f94-496a-8b7a-497ce177d32c,2024-07-09T10:16,7,145.60,Cash,Cancelled
317edea3-cbcd-4c3a-b6f4-e002f3042e41,5f0f3def-9ff6-4282-ad04-001c4a769966,2024-03-25T10:16,6,100.86,Online,Pending
f025b0f3-0238-4ff5-81c5-393d8fbbd888,10b26c2d-7d56-4175-84a8-a2775e128a9d,2025-02-13T10:16,6,111.96,Card,Pending
545bf2c4-a0e0-45d4-a697-c7798166fc31,f6c35464-33dd-44a7-bf84-071f2e427045,2024-02-25T10:16,8,143.68,Card,Completed
e8ea34fe-bafb-4352-80be-a5b0c42ef118,0b2a0e9a-e050-4380-b607-57adcbbf59d4,2025-09-04T10:16,5,41.20,Online,Completed
0a4bf60c-9674-485b-bbcf-772b5a007aae,90f0db1e-2b19-43f7-ba17-233c7c214eca,2024-09-23T10:16,6,89.04,Card,Cancelled
01fafb62-5b92-4c53-a5e7-f3f72f6fb69b,ff4db0d8-e809-46e8-9ae0-78ffee4902d9,2025-03-04T10:16,5,135.65,Online,Cancelled
2363a7ca-aa52-402c-a2ec-b07269084924,5f6e51da-5f01-4c9a-85dd-7d50ef37e5d7,2023-12-28T10:16,7,88.83,Cash,Cancelled
b64fd426-13c6-45c3-88ba-3320a5fff80e,e38afcd9-9e08-47ba-bc92-5ebb4bc271eb,2024-12-06T10:16,6,45.96,Card,Completed
a9be74e1-8ccc-4db1-ad6d-e53e0f140dc4,bc58b12c-65c4-4f21-89ef-3e492a22ef7c,2025-06-13T10:16,6,42.66,Online,Pending
d080b6a0-aade-4895-abd0-da0029306466,b04ce307-2d1f-4214-b023-d8f4379041a1,2024-03-02T10:16,2,14.84,Cash,Completed
53ea94f0-1de0-4c62-848e-692b4540ab3e,f90cf3ca-e2d0-4129-bc7a-e8a2b80880da,2025-06-30T10:16,9,150.93,Card,Completed
b22f7d48-654d-4097-a12d-550bcba0193d,f543de06-e341-4de2-95ab-ca0fd3ee51fe,2024-08-19T10:16,5,100.25,Online,Cancelled
909ee7dc-82ee-49cd-a324-68e8bc86fbd6,0130fcd4-a6cf-4a72-8400-7bcae1abce34,2024-04-04T10:16,6,49.74,Card,Completed
2537ea83-0f10-4920-a6ce-f54f48c0d044,3ab3404a-ee80-4ed2-8d90-a6f0dad14e48,2024-05-02T10:16,4,24.04,Card,Completed
8a59be3e-bf57-408e-a942-4aa8f8e301ad,1407e9cf-22c9-4137-a2fe-cc12dc038235,2024-11-16T10:16,4,94.36,Card,Pending
206cce7d-f1af-400d-9dcb-2d1afdd9ba21,d5cfb1a3-ce2f-4aff-ab4c-50e0c5426af1,2025-01-09T10:16,3,60.15,Online,Cancelled
90e1941f-0852-4984-9c9d-75055aac796f,2c6dafc9-06cc-4b3d-8b8d-12aae0644c58,2025-04-26T10:16,3,50.61,Online,Pending
cfbf87c1-57c7-4a14-8f9d-aa91940f979e,0b2a0e9a-e050-4380-b607-57adcbbf59d4,2025-04-21T10:16,7,152.60,Cash,Completed
a5e2ba46-d8cb-46c4-beb7-31fec285067b,7509850a-5062-4da9-aad6-bc5b9e363ef1,2025-08-26T10:16,3,74.55,Card,Completed
4dbc081a-ed7c-4364-8c34-4b128935c850,e7991221-0de0-4ef8-aa9c-ca3b59197059,2024-06-19T10:16,4,66.08,Cash,Completed
c3a37f5d-6043-45ae-84a6-a138b795347e,bfa3444b-2be9-46be-b944-720d86a59770,2023-11-21T10:16,2,54.70,Cash,Cancelled
205a8b95-598d-491a-9376-ea3bd4daaee5,7a18d550-38d0-40b2-84a7-547162e7e409,2025-09-19T10:16,4,67.72,Online,Completed
5507a613-b914-4064-9789-58b55de36cb5,8113211c-bdc3-4bb0-94d9-3fd3871f3005,2025-03-28T10:16,7,97.86,Online,Completed
53be1337-005e-4f57-a4ad-0224c04b3054,5400d214-6176-40bf-88d2-3f53ed38bf69,2025-07-02T10:16,8,207.20,Card,Cancelled
3b524d77-99ec-48ac-9083-edeee503b40f,d5cfb1a3-ce2f-4aff-ab4c-50e0c5426af1,2024-09-19T10:16,7,133.70,Cash,Cancelled
f4a0b132-8ff4-4a00-b1ce-cf77c5164eb2,3dcaabe3-78c9-4d88-bed5-56ca7ceea07c,2023-11-25T10:16,6,105.66,Cash,Completed
f1eb4e36-402a-47a6-a27c-45115f643857,a3f626b9-cc27-4c04-8570-be79ab8bda4a,2024-04-04T10:16,2,44.84,Cash,Cancelled
dbcfda64-6d2c-484c-9a3b-5c9087f988ed,d3f641e5-b8b5-4f5f-9155-7768df2033e8,2025-05-06T10:16,4,29.16,Online,Completed
c444ba1d-2038-4a7b-9c39-eb5e3186ccaf,a938df5f-7764-459c-8bfd-90409d16b3c6,2023-12-13T10:16,7,91.91,Cash,Cancelled
09a9c16a-c8ef-4fe0-ad8f-6fba2c0a01ae,3e97fc93-73a7-45e0-9888-f7a03ee258a7,2024-04-07T10:16,9,246.78,Online,Cancelled
66987f0f-c9d6-4fa1-a22a-9a8e8a7e43af,09ba4183-1b94-4f8c-bc5f-eca421a88524,2025-08-28T10:16,6,97.86,Card,Cancelled
8521fb1e-56c3-407d-a80a-decc555dad00,59827b2a-ae17-44b1-bd6f-6f08718559cb,2025-05-09T10:16,7,39.62,Online,Pending
c06169af-5fd1-439f-8871-c3232a83b31e,0a0ac3e5-6e20-4fbc-87ec-5481c70e38bc,2025-07-20T10:16,1,14.17,Online,Cancelled
ae6909af-2912-4528-bcef-52e4e91520d0,39cb44e2-a541-4b98-bc0b-db5f31cf8710,2025-10-11T10:16,6,64.98,Cash,Pending
b6b3770b-11d9-47c9-870d-025e0314920f,06e585f0-5b60-4900-81d1-3379328e6c17,2025-10-28T10:16,5,116.60,Cash,Cancelled
585eb70e-ea85-40d2-8704-0ae6d9f80d76,f0a6a958-e434-41bf-a830-dffa55a34db5,2025-08-08T10:16,9,68.04,Online,Completed
679bf40e-5d7b-4931-824e-ca26f941ef5c,6bd388d4-5636-450b-bacd-55bdcb769bab,2024-01-23T10:16,9,151.92,Card,Pending
2a170bd7-eab1-4620-a8f8-45d77a268792,0472ca7f-b133-4710-8f43-24a3c6c1afd1,2024-03-13T10:16,9,183.06,Online,Completed
81d0af9b-5b2e-4316-a479-f779a0065fde,ec3490d2-e8da-47ee-ae12-0ca0b1d7a2bb,2023-12-03T10:16,2,48.22,Card,Cancelled
91bede46-b658-4513-bb83-564646cb5e25,3e97fc93-73a7-45e0-9888-f7a03ee258a7,2025-06-06T10:16,2,34.88,Card,Completed
ee488146-f8ec-4816-9d3e-39928769bdc4,6c3bf618-a715-40f9-9faa-cfc5f5beef2f,2025-07-11T10:16,2,37.36,Card,Pending
43106b65-ac6f-4bc6-8ed0-8095b53f8ee5,c63bd277-c81c-40c5-8720-6ce916d653c4,2025-01-17T10:16,6,139.32,Cash,Cancelled
7e0de661-5a08-4782-95c2-21d3db111559,0fcf4084-ea31-49f8-99f9-9bf8c8b0c16b,2025-10-16T10:16,1,23.78,Cash,Completed
3040520b-381c-49ed-8c59-8535079f0906,27e45431-1333-4ffd-a0c8-be56ffdc5d4e,2024-03-17T10:16,6,97.98,Cash,Completed
d2d2f06f-8caa-4d34-8aba-f742110a5bc8,b3688304-b24b-416a-9bf4-c2b6aaeb59d3,2025-07-23T10:16,2,32.92,Card,Cancelled
b4ec3ee7-384d-4241-80b8-77c75b86751f,7a18d550-38d0-40b2-84a7-547162e7e409,2025-05-14T10:16,7,103.60,Card,Pending
77c92c8b-4e7e-4440-bfd1-0ba6ec20cfa7,ceafdb2a-788d-48e0-acdd-bd533a2e7ab6,2024-07-16T10:16,8,171.84,Online,Completed
99dcca38-a0a9-43e2-8039-ae530624924a,910b1d47-5c37-48b1-8bde-96c60660f1d7,2025-07-14T10:16,3,74.10,Cash,Cancelled
2caa115d-4075-4831-b1f9-c2f1effd2b78,cb8747c7-32ca-4b6b-868d-13ab01d953ec,2023-12-30T10:16,8,144.72,Cash,Pending
4c20ae5c-36c6-408f-84d0-7584d529f8c3,365c90d0-a590-4209-9401-2ce55af5ed98,2024-07-09T10:16,2,44.52,Card,Pending
bbdb5758-92d3-406f-be63-5c2cc9b43288,80537cf2-360f-4740-8b7e-d4cd56e22987,2025-01-21T10:16,3,78.54,Online,Pending
de6f4560-5357-4b94-b889-d7e2fff583fb,0d463f72-c3a1-4a2b-8d0d-1721a0d1a06b,2024-04-18T10:16,3,64.14,Card,Completed
488b3b4d-038d-473b-ad0b-2b308d8f7dec,b014b56e-3263-4b63-8430-46e00bc5ea77,2025-04-17T10:16,8,70.24,Card,Pending
458ed8d2-8400-415c-b9d6-de7cd2912c00,b6c26110-1b77-4777-8c79-c69ec19b66df,2024-08-20T10:16,8,226.88,Cash,Pending
c2f2e08c-1005-496a-91e8-effd5d82fd06,60cd80b6-3967-4dae-b4df-adc7b5644971,2025-07-07T10:16,8,239.44,Card,Pending
cbb89f2e-bf6e-46dd-a04d-00e111d44c77,d6d4ef4b-0870-48aa-b884-013237f255f4,2025-07-11T10:16,9,195.75,Online,Completed
8fc1d46f-36f2-48d0-a166-1b944ff751f2,10b26c2d-7d56-4175-84a8-a2775e128a9d,2025-05-28T10:16,8,41.04,Online,Cancelled
6f8305ca-8f1b-49f7-aca4-179a63c6b24e,b95f7619-fab2-4df9-8683-1f2aeb93a660,2024-04-27T10:16,5,88.50,Card,Cancelled
da3d236e-dc54-43e6-82d9-b59d1049c13a,485b65e7-fdf4-474d-afba-37986d8d3cd8,2024-11-14T10:16,1,11.95,Card,Cancelled
8eb85b2f-fed0-4fbd-9f4a-32786ef9ba61,02c65c06-56ad-4670-b8e2-10ab417c7154,2023-12-24T10:16,5,68.25,Cash,Cancelled
518a3efd-f06b-4e1e-babf-adc663d57aaa,53db1213-7316-47bb-9099-c1def0e3c96b,2025-01-09T10:16,8,88.24,Card,Pending
4ae15db4-9d21-4ec8-ab51-cdeda2212682,1d32c3b3-c732-4995-aa6b-ff159deb3bdf,2023-12-09T10:16,3,20.82,Cash,Pending
8e32a2c4-bd33-4605-af56-ea77d4099e67,62a2bfef-ca4a-4dec-90ea-bf15ea1880d2,2025-08-10T10:16,7,96.53,Online,Pending
b0e50ef7-66f6-45e5-9959-d6ce4ecb2462,c5817fdc-a4dc-4879-b957-30cfda62016b,2024-09-14T10:16,2,24.12,Card,Completed
964b7126-1f8b-44fa-b7d8-d93ff47511a8,b90a3a7f-421e-47e5-8598-fe50f365a62e,2023-11-24T10:16,1,17.81,Online,Cancelled
8a1e16aa-fdbd-4274-89a8-3fedea116d16,5f6e51da-5f01-4c9a-85dd-7d50ef37e5d7,2025-02-13T10:16,2,11.26,Card,Cancelled
b55415d6-ee1c-414e-95f8-d1509ba5a8f0,cd50913f-8c99-4253-9134-0cf5fe5f300f,2024-09-26T10:16,2,50.72,Online,Pending
be03caea-0884-4115-9c7d-89c042c54c77,d33bbfcd-a2ca-4e80-8a1c-65223f061e7e,2025-07-29T10:16,9,250.29,Online,Cancelled
95bc8530-2316-45f1-b4dc-344cad48c914,bb6bf39c-f455-4e08-a59e-1bdaaa91d4aa,2024-11-08T10:16,9,125.01,Card,Completed
072471db-6455-440e-8c37-b4cf01747636,1233cc27-7567-48e0-8dd2-6b0019506c2f,2025-06-17T10:16,7,135.59,Card,Completed
9c93787d-6130-43f3-85e1-079354f02b56,fe624323-ba72-456d-9842-ed9e0edc75df,2025-07-24T10:16,3,23.22,Online,Pending
ac58f63e-21ce-4491-a257-c0e913931b97,90f0db1e-2b19-43f7-ba17-233c7c214eca,2024-07-19T10:16,4,90.32,Card,Completed
d608f218-1bf5-463c-af15-00c75aa21ae7,0a15d43b-8f6b-444a-bef2-ffbddfdbd16f,2024-07-31T10:16,6,156.72,Card,Completed
7a4cf264-cf04-41ee-9bd0-42cae6bb0ac5,8250871a-2b35-424e-a1a1-4eb4faffabfb,2025-03-26T10:16,1,20.05,Card,Cancelled
d01a36bc-4eee-4ba9-9c28-82a7a5ddc307,205ea7f7-e714-45b8-a083-11247ff702a1,2024-09-27T10:16,4,68.76,Cash,Completed
37791e72-40b6-482d-82bd-0e60aa4615c7,983d66ae-c8b0-46b8-8abc-26a1055cf729,2025-05-31T10:16,8,237.44,Online,Cancelled
b7bbffa6-dcb9-4fdf-99ba-ee23800fd0d0,bb6ceda0-3f7a-4dfa-9862-41a88dd468b2,2024-08-21T10:16,8,167.84,Card,Completed
ecfd4d54-effe-4126-8eee-a2615d84c68e,ecf1ffb0-ac00-4968-87ea-8beef4ace55a,2025-11-08T10:16,2,23.22,Online,Cancelled
652b99cd-d7a9-4104-8a96-90a2a2a745e2,795088d7-d227-422e-ad8c-f048bde0675e,2025-05-18T10:16,7,92.19,Card,Cancelled
d1d00b12-4e58-43c4-bdab-89297706cdf3,3dcaabe3-78c9-4d88-bed5-56ca7ceea07c,2025-10-09T10:16,2,47.84,Card,Cancelled
81a5c1a9-d7c4-40a9-8a5f-87d92bb05ec0,6e551d53-4f6d-4b84-a9de-3d7c79694805,2024-07-15T10:16,7,134.47,Online,Cancelled
bb85448b-906d-4dff-8b6c-206b292cf25d,205ea7f7-e714-45b8-a083-11247ff702a1,2025-03-06T10:16,7,70.21,Card,Pending
d70b34d5-fb55-4650-939f-796419561054,d6d4ef4b-0870-48aa-b884-013237f255f4,2025-05-18T10:16,1,8.55,Online,Cancelled
92087b1e-5517-473e-bb85-d3de065e29bb,8b115a34-224b-453c-be69-b53a7445b466,2024-05-24T10:16,9,196.92,Online,Cancelled
c6c5858b-28c9-40e7-a5f9-bce0911d77a1,49af098b-bf79-4643-8e49-739ea932d38b,2025-06-08T10:16,6,179.28,Card,Pending
87730558-cafc-401f-aa27-9a126fbe37bd,69446e90-4237-4410-ab55-e011eb04cce0,2024-02-07T10:16,9,143.01,Card,Cancelled
3a981e51-136e-4fd9-b430-7e31b4d02937,e6cb1215-5314-4d05-bfd1-f6e5d36e89f7,2024-10-15T10:16,6,35.04,Card,Pending
03194a71-f7fa-45ae-85c8-4703ced9b7b7,11526850-7335-463f-b740-a52a90457c3b,2024-03-31T10:16,9,199.35,Card,Cancelled
ab88b3bc-b8b9-465b-be10-2b1e6687ac92,1d32c3b3-c732-4995-aa6b-ff159deb3bdf,2024-01-06T10:16,7,111.37,Cash,Cancelled
ed0fbeb2-3da6-4cb0-b936-54df54341bed,b95f7619-fab2-4df9-8683-1f2aeb93a660,2024-06-30T10:16,9,82.62,Cash,Pending
c71fc950-08ce-4194-98a1-19116c822b28,4bb2d776-14c0-4ef6-b8ba-c580cbed72b8,2025-07-08T10:16,8,166.72,Cash,Pending
b1156af4-6983-461d-a683-05a9a05feb58,89d26a00-0fde-4c03-8430-b06f6bc3f33a,2024-03-04T10:16,7,75.11,Card,Completed
77065e09-3dc9-41f0-b810-e686fb3f60fa,c1a09d60-c9e8-4489-a68e-e01b51541d33,2024-10-16T10:16,5,59.50,Card,Pending
13b96a15-2d81-4f8d-b114-920626eb4abb,b04ce307-2d1f-4214-b023-d8f4379041a1,2025-09-02T10:16,9,115.02,Cash,Completed
835688f5-40a4-41f3-b95e-6848182dcf98,2ca088cd-c6c6-4e60-a1a4-d2990ee21b12,2025-02-10T10:16,1,29.02,Cash,Pending
e1e58030-1a20-49bf-adb2-ff7d3bdce5e6,935ebde1-5945-4673-886e-1a7a12cc2d4e,2025-08-10T10:16,8,131.12,Card,Cancelled
4f36c44e-680d-4d78-b79a-f868276d3fe0,8f7f530b-bb30-4a05-b437-744ed30af54f,2024-05-25T10:16,8,82.72,Cash,Cancelled
6a991937-3684-4a93-afbe-99568d08be79,bc58b12c-65c4-4f21-89ef-3e492a22ef7c,2024-07-10T10:16,1,27.30,Online,Cancelled
41f85cd2-7162-45b5-90b1-fa67538754d8,6f61ca8e-51a1-48e0-abfa-88326e713e34,2025-08-26T10:16,7,192.43,Card,Pending
c0304074-70fb-447e-81d4-3f939165c94e,c5817fdc-a4dc-4879-b957-30cfda62016b,2025-10-06T10:16,7,140.21,Cash,Pending
e357ddd4-26b8-46da-a983-f0b7e253c6e8,49af098b-bf79-4643-8e49-739ea932d38b,2025-03-07T10:16,6,31.02,Cash,Pending
0a3ad75a-fd11-4bd2-9e3f-8b82daf73f66,1a31c678-d420-495a-aff3-0f1609514e1e,2024-04-29T10:16,8,192.40,Card,Cancelled
249f050a-004a-4d7d-ba47-ad9e3a0d4daf,ba5d9947-b043-4aca-8ee0-6b77895cf8e8,2025-09-30T10:16,9,137.97,Card,Cancelled
dc5e3ca5-0878-4002-bd63-695d11174891,52c87fd9-fdf0-4256-b929-6153ad24a0ac,2025-02-27T10:16,7,207.34,Online,Completed
a0498cf6-5785-481c-a978-788f88352185,1233cc27-7567-48e0-8dd2-6b0019506c2f,2025-05-03T10:16,9,189.72,Online,Completed
be020c8a-80c0-4750-99f4-99d5abc7c465,fbe227d7-6d32-4407-9783-7fdac983e55f,2024-05-05T10:16,1,22.06,Card,Cancelled
ad2eb709-9698-4132-99e1-18b788a2f020,caad7924-4bc5-4f85-9662-11ca261e3c87,2024-03-28T10:16,6,103.08,Online,Cancelled
c2df2258-cb79-4f1b-9f33-14332d61e7f2,a302a1a8-c429-406f-abff-9f273aa0a4b5,2024-06-19T10:16,7,182.70,Card,Pending
c3f15c9c-066a-481b-aa91-16189d32d57b,8b115a34-224b-453c-be69-b53a7445b466,2024-05-19T10:16,5,115.70,Card,Cancelled
41376b3e-49c8-4bcc-acd4-2490bf10bc42,6e6d2c67-f7fb-4a98-8f9a-4822259b25c4,2025-06-02T10:16,1,21.72,Online,Cancelled
af723da0-dbfb-4fc2-bb9a-d9358008b9d7,e38afcd9-9e08-47ba-bc92-5ebb4bc271eb,2024-02-07T10:16,2,21.48,Card,Cancelled
5c51cd58-04ba-432b-9bef-3af268846359,f3826f04-0dfa-4266-8002-58fede0093f5,2025-07-10T10:16,9,141.66,Card,Pending
0d5dab54-f869-4355-8ff5-1d4881aa1845,8887df7e-682b-4d48-b18c-c1ddfa0aaa26,2025-08-07T10:16,3,37.32,Card,Cancelled
fa4507b1-89d9-43b5-9fea-4d75b14d227e,d87f31d7-79ef-4c17-856e-142e791b04da,2025-05-22T10:16,2,53.06,Online,Pending
c0367d77-14cd-40ae-8cd0-40658b7881da,59827b2a-ae17-44b1-bd6f-6f08718559cb,2025-06-12T10:16,4,65.84,Online,Cancelled
c3ead0d7-bb0a-41bd-b9a2-7990425149db,e119f98a-df63-41dc-8e01-bb49ca2dc724,2025-02-02T10:16,1,23.67,Card,Cancelled
cf731784-3c69-4aa2-8f90-5ce3e2bc7cab,bb9edfa8-17f7-4f6f-8e3b-616693a298b1,2024-11-23T10:16,2,47.70,Online,Completed
ccd57845-76cc-415c-8885-0e8c48055021,6c6a3b10-9747-4dca-a041-4edc22d147b0,2023-11-24T10:16,7,162.75,Cash,Completed
31f02c95-75a8-4153-bedc-90271c6cf840,983d66ae-c8b0-46b8-8abc-26a1055cf729,2024-10-30T10:16,7,116.76,Online,Cancelled
e9150af6-0e74-4dfc-8078-6dfb6d229552,46032f36-69bc-465a-9b33-a5d560bfd77a,2024-11-06T10:16,2,52.40,Card,Cancelled
287cf9e5-42e9-49b5-add8-4f3f07e14984,46032f36-69bc-465a-9b33-a5d560bfd77a,2024-08-16T10:16,8,191.04,Cash,Completed
8e07e9df-acd0-4130-ba95-d7b9348a1217,74e76582-f1b8-4560-b049-8aebb59d4721,2023-11-22T10:16,3,48.27,Card,Completed
f2116303-fd17-4eb5-ba9b-119788631737,8e1bbe6c-7b75-46dc-8ca1-0b1664cd6ae4,2024-09-04T10:16,4,108.52,Card,Cancelled
0ec7f4ce-9202-4c52-bc3e-5369f404b3b7,e38afcd9-9e08-47ba-bc92-5ebb4bc271eb,2025-08-04T10:16,8,100.80,Cash,Completed
180e6d32-9d32-4885-a982-a418ee56ea80,515fe1d2-d33a-4b9d-8c19-07e0cbe81a9a,2024-02-26T10:16,8,72.64,Cash,Cancelled
97fd99f6-d70b-40e6-951f-482663e50a9a,bb6bf39c-f455-4e08-a59e-1bdaaa91d4aa,2024-05-27T10:16,6,179.70,Card,Pending
3b576238-33b2-4f23-8425-577a6c1c279a,e12c3d24-86c8-474f-b86b-370df36adbfe,2025-01-07T10:16,5,99.50,Card,Completed
639cbf2b-4def-4077-9d4b-3bd3de8dbf59,5eb75bc0-d5fa-4209-9d42-7767f3f0585b,2023-12-13T10:16,3,23.31,Online,Completed
ffe5b504-5a79-4c0b-91d3-3fa531e7a9da,92da274a-bea2-490a-bb52-196c46fa8487,2025-07-06T10:16,9,266.94,Online,Completed
c0856623-034c-457b-a245-78873f2c0f01,d5eaf6a7-76cc-48ec-98d9-ba713e2df70f,2025-03-05T10:16,7,146.09,Cash,Completed
e986ab3a-4b91-444b-9a0b-a4a3bdd39b63,14eace30-1ac2-411e-8eef-98e8f32a87fb,2025-07-31T10:16,6,92.82,Cash,Pending
ad18a4e8-af48-4101-97d7-bc5e37d72234,bb6bf39c-f455-4e08-a59e-1bdaaa91d4aa,2025-08-09T10:16,2,46.32,Card,Pending
5f93b527-d8be-4275-ae96-3481be6cc431,9c53f3f8-5b22-4d77-bd76-cfa6c70e443c,2023-12-08T10:16,8,211.52,Online,Completed
52cace17-268a-4d09-8f2a-c13dd7732dc3,3910ab11-8758-4a4f-8a9b-c4f5df7413c4,2025-04-18T10:16,9,268.83,Cash,Cancelled
5af2f86f-2832-457f-92ab-4e12c42be4e4,7a2e5fa5-096b-4701-8ce6-7a3db39bf8eb,2024-06-12T10:16,5,102.60,Cash,Completed
6bc4b5e1-a27c-4273-8ab6-f18796f9c3df,401a6911-a31e-4892-adc1-56e3e1eb090a,2024-11-01T10:16,8,198.48,Online,Cancelled
e9e27635-45c9-4457-9e7d-d26c384aad49,795088d7-d227-422e-ad8c-f048bde0675e,2024-07-24T10:16,1,29.42,Card,Pending
bc211512-9d91-4895-854d-acd2b61e9f47,4f6ae324-5b6d-47d6-a86d-26ec6fbe1e0e,2025-04-21T10:16,3,81.51,Card,Cancelled
7224631c-4459-4dd3-aa2c-b24d42bfaf15,0a5bd884-b432-4ce5-b14e-44b4aedd4c0f,2025-09-02T10:16,4,84.68,Cash,Completed
6dfa6b2a-4be9-4b92-920e-4ac0607c1144,5eb75bc0-d5fa-4209-9d42-7767f3f0585b,2024-04-23T10:16,3,60.60,Online,Completed
d3872eea-eddb-4845-bc22-a30ea0dee168,49af098b-bf79-4643-8e49-739ea932d38b,2024-11-11T10:16,7,50.26,Card,Pending
64b374f4-94f0-410e-9d32-a55795e73a34,02c65c06-56ad-4670-b8e2-10ab417c7154,2025-06-22T10:16,1,28.57,Card,Pending
a911b2d9-163a-4d4b-ba1f-e70090408b60,5f6e51da-5f01-4c9a-85dd-7d50ef37e5d7,2024-08-23T10:16,3,62.94,Cash,Completed
a3130782-24a5-423b-8ab9-7ac93ee7dc57,0fcf4084-ea31-49f8-99f9-9bf8c8b0c16b,2025-05-30T10:16,2,10.70,Online,Cancelled
d2d458d7-ddc5-4caf-aaef-ad00481ed6ff,8e1bbe6c-7b75-46dc-8ca1-0b1664cd6ae4,2025-10-18T10:16,5,84.80,Card,Completed
df36e945-9a58-4f70-897d-889cbb8a6b51,ec3490d2-e8da-47ee-ae12-0ca0b1d7a2bb,2025-08-11T10:16,5,69.00,Cash,Cancelled
69d1dbb0-70a0-4053-ac19-f46f96b65756,f0a6a958-e434-41bf-a830-dffa55a34db5,2025-02-25T10:16,9,81.00,Online,Pending
a0f49dc5-781e-41b4-b8ad-4880049098ba,953417c6-cd52-45e9-9ca0-bb450653c934,2025-09-18T10:16,2,42.52,Online,Cancelled
199acc4e-5e54-4a2a-ad66-8b65629a26a0,0130fcd4-a6cf-4a72-8400-7bcae1abce34,2024-12-10T10:16,5,62.50,Card,Pending
443993ee-8d3e-4f2c-b75e-8fab7efedf1a,1233cc27-7567-48e0-8dd2-6b0019506c2f,2025-07-27T10:16,2,29.48,Cash,Cancelled
e72b1128-b2b8-42fc-a5c7-d428402e5bf6,5f6e51da-5f01-4c9a-85dd-7d50ef37e5d7,2025-04-11T10:16,6,166.68,Cash,Completed
3bd33ba6-2856-4f27-abb0-5b3715b6bba6,365c90d0-a590-4209-9401-2ce55af5ed98,2024-06-23T10:16,1,24.19,Online,Pending
5359917a-4075-488d-bbdc-66f33ac73f27,485b65e7-fdf4-474d-afba-37986d8d3cd8,2024-02-03T10:16,2,28.90,Card,Completed
ac3cc717-a134-4acd-b80d-d0f3c0056a65,4739f27f-7a96-4d52-83ae-0c6fd4c8c606,2024-01-29T10:16,2,22.38,Cash,Completed
d0b0538c-3b63-49d9-b71c-f876088d9a17,98b17fed-218c-4f20-8410-9f0edfc74455,2025-06-07T10:16,7,109.48,Online,Completed
250c1170-6398-4539-98ee-a6bb6f0d042b,428424b7-1f94-496a-8b7a-497ce177d32c,2024-11-28T10:16,3,85.62,Cash,Cancelled
1e7f701d-06d8-41c4-a8b3-a992267ebf52,6117b6f0-c4f4-4bf1-9eeb-f33950decba8,2024-01-06T10:16,7,47.74,Card,Pending
87b912f2-c56a-464d-9fa2-b41e8d320420,d7af10ce-45c9-4fc8-8dd8-b1c5491aad5f,2025-02-22T10:16,1,14.38,Online,Completed
1f3dd92e-d359-42c6-ad99-8ce848f4d45c,74e76582-f1b8-4560-b049-8aebb59d4721,2024-01-24T10:16,5,93.10,Card,Cancelled
ad0fb12e-bbb3-4b0e-897c-fdcaf22ac217,a302a1a8-c429-406f-abff-9f273aa0a4b5,2024-10-30T10:16,7,63.84,Cash,Cancelled
2c54531e-55b2-4618-819d-7ababd028844,8250871a-2b35-424e-a1a1-4eb4faffabfb,2024-10-09T10:16,5,83.95,Cash,Completed
af98077f-52ec-45ee-a6d4-acf8acefd349,93cdeef1-3fc3-4a63-a275-0ae87ae6b335,2025-02-01T10:16,5,140.90,Card,Pending
4f3cee5b-7bb6-4b54-a2a4-e730d45d7c75,8b115a34-224b-453c-be69-b53a7445b466,2024-01-06T10:16,3,67.17,Card,Completed
e7a0ce52-9766-43b0-99e2-8a8c1c2153db,a3f626b9-cc27-4c04-8570-be79ab8bda4a,2024-04-17T10:16,2,23.40,Card,Pending
230d7a37-eadc-44f0-821a-6670d034f22d,5f6e51da-5f01-4c9a-85dd-7d50ef37e5d7,2024-09-23T10:16,1,27.16,Card,Pending
0ec4db11-8ed4-4b1d-8ff6-9d39c81d6657,00d7ae70-0f46-4453-963c-4ab2a3d29314,2024-11-02T10:16,4,43.72,Cash,Completed
866b9303-84bc-4a53-ae1a-1af38c1f61ca,9b9edd1e-b4f7-414c-b8b5-a3dc51fa0a8c,2025-05-04T10:16,6,90.90,Card,Cancelled
0e0d469d-ef36-4ab9-984d-c374c45888b8,90f0db1e-2b19-43f7-ba17-233c7c214eca,2025-03-22T10:16,9,115.56,Card,Pending
97abb7d2-817a-407e-8ca1-8124165f8d47,000f9c8f-2fc7-4346-844d-c04f10751265,2024-07-13T10:16,9,146.34,Online,Pending
66b85354-c727-41ef-ba57-9993e768b8fe,e85d0261-2d97-4475-a749-363ec9040a74,2025-05-28T10:16,1,13.17,Card,Completed
1400fc93-9d89-4ff3-b189-820489c98f18,7509850a-5062-4da9-aad6-bc5b9e363ef1,2024-12-23T10:16,7,87.99,Online,Pending
e91da1bf-52a3-41f2-b8c2-b3a09b822cce,caca465c-e9f2-4add-91b5-24c70595e321,2025-10-07T10:16,4,41.52,Online,Completed
745c8a95-91c9-4fe6-b56d-ef2184eacd41,27e45431-1333-4ffd-a0c8-be56ffdc5d4e,2023-12-31T10:16,9,221.04,Card,Completed
85b650fd-6642-4ac4-be52-97cffd867b06,1eeb9c5f-5b7a-47af-b4f1-5a50d9d1089c,2025-11-01T10:16,8,78.40,Online,Cancelled
2d80b943-edae-462a-9816-fb0eeafd0410,0e0d5f13-edd5-4ab0-9ddd-3df111bedc5a,2024-09-18T10:16,8,205.52,Cash,Completed
a5a66f90-a71f-42d6-b5b9-d995503d6eb0,aff4340c-d102-49ba-af8e-84d2737ce82c,2023-12-01T10:16,6,46.68,Card,Completed
300a26ca-a8a5-40a3-83f9-0fafc1c85fa4,5f0f3def-9ff6-4282-ad04-001c4a769966,2023-12-24T10:16,8,173.20,Online,Completed
38b8b6ec-d963-44e9-b1cc-a58ec2af6f95,e886c155-0dae-4b36-88f5-a86fa474d1f6,2025-07-20T10:16,7,195.58,Cash,Completed
8a8b04e7-f57c-462d-b849-3ba38240170a,09ba4183-1b94-4f8c-bc5f-eca421a88524,2024-09-27T10:16,2,48.30,Card,Pending
5a3779ab-0807-4e94-adeb-1e7746bea946,0d463f72-c3a1-4a2b-8d0d-1721a0d1a06b,2025-04-17T10:16,7,205.94,Cash,Completed
18ab2966-04bf-4f19-b0fa-a45564853c8f,1407e9cf-22c9-4137-a2fe-cc12dc038235,2024-01-14T10:16,2,30.64,Cash,Pending
e5536d4d-44d7-4da3-bb18-e13e69d3d685,39cb44e2-a541-4b98-bc0b-db5f31cf8710,2024-07-26T10:16,4,116.44,Cash,Cancelled
2556dbbf-cf4b-4bb7-93e3-274710aea35d,726d71e2-70fd-4416-8568-78619c14a73a,2024-05-22T10:16,6,50.22,Online,Cancelled
23599992-c9f1-4cdb-be51-9e7b764d05c2,bf0de251-90d7-423c-8b31-48df1a89964f,2024-06-22T10:16,8,80.72,Online,Completed
49eb9912-48bf-4807-91e8-81e1e4094411,60cd80b6-3967-4dae-b4df-adc7b5644971,2025-10-20T10:16,4,88.12,Card,Completed
890c9247-bff9-4e12-8d37-9ba8a0fcfacb,935ebde1-5945-4673-886e-1a7a12cc2d4e,2024-10-19T10:16,3,42.30,Online,Pending
3cafc646-cf13-4737-8b03-86f29cfee9b4,14eace30-1ac2-411e-8eef-98e8f32a87fb,2025-07-04T10:16,2,18.88,Card,Cancelled
84f19a7d-1013-43bb-860a-4b0ec6f36a79,68169a66-a8d4-4763-914e-7befc826445b,2023-12-17T10:16,9,219.06,Cash,Completed
ffa7c871-79fe-491e-b129-fa56fb398ac3,b95f7619-fab2-4df9-8683-1f2aeb93a660,2025-08-07T10:16,4,88.48,Online,Completed
ab5b7d03-7db5-4883-9ff1-8ed2c2a2f15a,d6d4ef4b-0870-48aa-b884-013237f255f4,2025-03-31T10:16,3,88.83,Online,Pending
ae27b017-2d7a-48f2-8113-8ee5883404f6,ecf1ffb0-ac00-4968-87ea-8beef4ace55a,2024-01-28T10:16,4,110.72,Cash,Cancelled
7f8078fd-41f0-464d-ab05-3bec1179a569,3910ab11-8758-4a4f-8a9b-c4f5df7413c4,2024-03-23T10:16,2,41.34,Card,Completed
c2167673-4f6a-421f-9859-2cc31ea30f47,b90a3a7f-421e-47e5-8598-fe50f365a62e,2025-05-15T10:16,4,101.88,Online,Completed
022e0437-1744-4dd0-9f85-92ea9ff03412,09ba4183-1b94-4f8c-bc5f-eca421a88524,2025-02-10T10:16,3,69.24,Cash,Cancelled
de04b412-751f-4520-8147-1a5f8ddaeba2,3e97fc93-73a7-45e0-9888-f7a03ee258a7,2025-01-27T10:16,5,70.00,Card,Cancelled
7797c7fb-c95c-41e9-b5b0-60ac8b0e9716,e38afcd9-9e08-47ba-bc92-5ebb4bc271eb,2024-10-07T10:16,2,40.78,Cash,Completed
49a836c3-21d1-4bf5-b862-5fc3b0ec05fe,05ccd8a5-ea5f-4353-bd1e-3022152b0685,2025-05-15T10:16,2,16.18,Cash,Cancelled
9062d8de-ffa4-472d-ac4d-75d7a4833e0c,0a570207-0f70-467f-bbeb-44a0a60a9a25,2025-08-08T10:16,7,204.61,Cash,Cancelled
ac2323fc-258c-4d59-924b-598f6e0cbc55,59827b2a-ae17-44b1-bd6f-6f08718559cb,2024-08-15T10:16,3,35.82,Cash,Cancelled
d66b1400-2a6b-4bb0-a821-fb8b76544eec,05ccd8a5-ea5f-4353-bd1e-3022152b0685,2025-08-16T10:16,8,99.20,Cash,Cancelled
202580a1-db76-4f2a-a775-496920bd09fe,6117b6f0-c4f4-4bf1-9eeb-f33950decba8,2024-01-26T10:16,7,173.39,Online,Cancelled
d1297f94-b0b4-4a61-9763-5fdbd8b34012,cf65c4b6-4c1c-420b-95de-23e5b56ffad5,2025-08-07T10:16,1,12.25,Cash,Pending
fd602a1c-7359-4ac0-bdd2-bec40acb2d43,93cdeef1-3fc3-4a63-a275-0ae87ae6b335,2024-12-16T10:16,1,11.78,Online,Pending
33f3ede2-0969-4b34-88e1-6aad4a5a0dba,06e585f0-5b60-4900-81d1-3379328e6c17,2023-12-13T10:16,9,229.59,Card,Completed
adfab373-9dce-4fc6-af09-9d7fdb971f51,8250871a-2b35-424e-a1a1-4eb4faffabfb,2024-12-26T10:16,8,82.00,Card,Pending
26e446f8-cc58-4373-8089-2cb2449de023,3ab3404a-ee80-4ed2-8d90-a6f0dad14e48,2024-02-05T10:16,3,26.70,Card,Completed
37dbbba5-19d9-41ab-8106-9286eb6074e1,964d337f-acd5-4ca2-8843-9be3f2eb60fc,2024-10-25T10:16,3,45.69,Card,Completed
a0eaeb0c-9a0a-4216-9a76-97b2acb897ad,ba5d9947-b043-4aca-8ee0-6b77895cf8e8,2025-09-07T10:16,9,148.50,Cash,Pending
95c2ca30-2a0d-4420-88e7-163f7a7c6c01,fbe227d7-6d32-4407-9783-7fdac983e55f,2025-10-12T10:16,6,51.00,Cash,Cancelled
9cbfba7c-5b62-4d0d-8380-09b6a070a372,365c90d0-a590-4209-9401-2ce55af5ed98,2025-02-17T10:16,3,16.14,Cash,Cancelled
404f4e91-5156-48f4-83d2-3f6a1e46d4c7,058b9c75-b72f-4594-80d2-e41194ff7672,2025-10-16T10:16,2,14.20,Online,Completed
f0c9f12f-ab96-487f-b4db-d791e7cfb7e7,6b1178fc-1745-401d-88da-3903c243ebe9,2025-10-16T10:16,6,62.82,Card,Pending
24b2e184-a961-4344-91e8-3c1487fc16ef,69446e90-4237-4410-ab55-e011eb04cce0,2024-01-07T10:16,9,112.32,Cash,Cancelled
270db861-cc94-4047-ae48-b5065cfc9c11,824998a2-7592-4051-ab0b-d5e12743c93b,2024-09-04T10:16,7,200.20,Card,Pending
bf10715c-3c51-4086-b70e-3ad244c459e5,27e45431-1333-4ffd-a0c8-be56ffdc5d4e,2024-09-18T10:16,7,141.47,Card,Completed
4038a418-a009-4141-a647-3489763a4ff8,515fe1d2-d33a-4b9d-8c19-07e0cbe81a9a,2025-08-19T10:16,5,97.40,Online,Pending
933fbff5-7482-4e7a-b2ba-c1c0a5be2904,7a18d550-38d0-40b2-84a7-547162e7e409,2024-10-27T10:16,4,73.76,Cash,Pending
690c87d9-d310-45ef-b419-a0a0b128864f,b04ce307-2d1f-4214-b023-d8f4379041a1,2024-04-11T10:16,4,106.48,Online,Pending
7a121751-f693-438c-8b02-8f01fd18cd22,89d26a00-0fde-4c03-8430-b06f6bc3f33a,2024-11-28T10:16,4,49.12,Card,Completed
2c191dcd-1ee7-4d1b-a648-be36b8b15a20,b047b369-02d0-4f25-9af0-f1e883228863,2024-03-09T10:16,9,123.48,Cash,Completed
362bdbed-3a15-4e94-a485-fd34836fa28b,6c6a3b10-9747-4dca-a041-4edc22d147b0,2025-03-02T10:16,8,99.36,Online,Pending
f48ed89d-59c7-41b6-82c7-f309079b7069,d33bbfcd-a2ca-4e80-8a1c-65223f061e7e,2024-06-09T10:16,6,77.04,Online,Pending
045fb95d-042a-44e4-bb8b-cbe5c313dded,8f7f530b-bb30-4a05-b437-744ed30af54f,2024-12-21T10:16,1,12.81,Online,Cancelled
248b5aa4-4a5c-464f-bd9f-e198ff0e58d9,983d66ae-c8b0-46b8-8abc-26a1055cf729,2025-05-12T10:16,3,69.69,Cash,Pending
a0b5f9d4-bb7e-496e-b3d1-0ca086f93076,1233cc27-7567-48e0-8dd2-6b0019506c2f,2024-04-10T10:16,3,18.54,Online,Pending
81eacbcf-6dff-43d7-9075-7170df56c1f7,b3688304-b24b-416a-9bf4-c2b6aaeb59d3,2025-05-20T10:16,8,144.88,Online,Completed
019a2ed8-b7a9-427d-bfb1-5495bb6735d6,c9dcc28a-ae5f-477c-ae7e-72d94129f449,2025-05-19T10:16,3,21.00,Cash,Pending
2f8802a9-3810-4f2a-8ec7-93965140b213,02c65c06-56ad-4670-b8e2-10ab417c7154,2023-11-26T10:16,9,75.51,Online,Pending
eb8d6ff3-b0d4-486c-b369-c161a62ac8a5,885715b6-b1eb-44ca-8460-28c0343e56f3,2024-11-10T10:16,3,20.04,Cash,Completed
3184002c-f59a-4401-937b-67bfef5e7c0d,cf65c4b6-4c1c-420b-95de-23e5b56ffad5,2024-10-05T10:16,8,60.72,Cash,Cancelled
217afa5a-1cd9-4003-99e5-529abb77002a,cd50913f-8c99-4253-9134-0cf5fe5f300f,2024-07-22T10:16,7,111.79,Card,Pending
