order_id,restaurant_id,order_date,items_count,total_price_usd,payment_type,status
7170b948-fab2-4f75-93ec-faa70f45c0eb,8626238e-5813-415a-9a8c-db944b1e0269,2025-06-25T10:16,8,87.60,Online,Cancelled
3dd48e86-b01f-4c59-8afe-c617d73f6558,c63bd277-c81c-40c5-8720-6ce916d653c4,2025-10-20T10:16,7,189.98,Online,Cancelled
2e3536ac-765d-4c74-8319-11829357a4fc,21edfc22-3f73-4335-a774-3cf78ab65e86,2025-01-29T10:16,1,18.24,Cash,Completed
1bea9d9c-a2e1-4179-8135-6558ec06052c,b0d737cd-ec4b-4a88-aa81-d012ef3fb719,2025-03-27T10:16,2,48.34,Card,Completed
5b7a41fc-f69e-448d-b2a8-3160e5d4b890,ada8704c-2784-4d70-84da-10078407d2c8,2025-03-09T10:16,6,96.30,Card,Completed
73d3c24b-f3fd-4303-9c40-452409bea8fa,b03f75c1-655f-4480-a2bf-1a0af806e96e,2024-08-25T10:16,4,40.80,Card,Cancelled
bb27ddc1-0306-4e60-ac00-0d949568ab90,4f6ae324-5b6d-47d6-a86d-26ec6fbe1e0e,2024-03-21T10:16,2,34.72,Online,Cancelled
6f7c70aa-958e-4ae1-ab02-075f96d8fd61,cf65c4b6-4c1c-420b-95de-23e5b56ffad5,2023-12-08T10:16,7,141.89,Cash,Cancelled
5df80956-dbcf-4fa0-86aa-f57588b2a2f6,14eace30-1ac2-411e-8eef-98e8f32a87fb,2025-01-01T10:16,6,109.20,Cash,Pending
bd7821b8-cfa6-4a6c-89c2-3116c9a8ce84,9fa382f0-8393-48db-ad30-43c953282401,2024-05-20T10:16,9,207.45,Card,Cancelled
a592c78e-8b97-4d50-b236-aa795ca69162,e6e1db85-f8ba-4264-9c9a-520ecda4bc4c,2024-05-18T10:16,9,55.17,Online,Cancelled
26437b4a-6e23-4f8b-8038-fc9ac95aeaa9,8887df7e-682b-4d48-b18c-c1ddfa0aaa26,2025-03-19T10:16,6,91.02,Card,Completed
d70f0562-31e6-4766-a103-c1180de6301a,d87f31d7-79ef-4c17-856e-142e791b04da,2025-09-23T10:16,7,46.76,Card,Cancelled
77fd83e1-9499-4e46-b309-9c858e39b6d8,2c6dafc9-06cc-4b3d-8b8d-12aae0644c58,2025-01-18T10:16,5,81.05,Online,Pending
9f3980b6-02a7-468e-b384-cfb7b3ef4df0,8f7f530b-bb30-4a05-b437-744ed30af54f,2024-08-14T10:16,1,10.83,Card,Pending
49b94a13-2af9-4e7f-b8a2-4a12ec1201b6,8b546c63-5406-493d-bc69-cfb594b38267,2024-01-08T10:16,3,31.80,Card,Completed
2d24e74d-eeb3-4d67-921f-977165f0426c,4b14a58c-f1e4-40b6-888d-a88cd7055099,2024-01-14T10:16,4,61.48,Online,Cancelled
1f550d07-6d0f-46c6-96fc-ec0b2d1eff38,23650eb4-f98d-45a3-a90b-a378f03d469d,2025-11-07T10:16,7,195.16,Online,Pending
29b8f127-7b46-4f59-9b65-b567b74ac4a7,f543de06-e341-4de2-95ab-ca0fd3ee51fe,2024-03-21T10:16,9,171.45,Online,Cancelled
af23cefc-d919-4bed-9a89-257df304212b,10b26c2d-7d56-4175-84a8-a2775e128a9d,2025-04-29T10:16,5,146.35,Online,Cancelled
f9aeebb6-ec1d-4abc-a0c7-a6774b09a5e6,a938df5f-7764-459c-8bfd-90409d16b3c6,2024-09-26T10:16,7,188.30,Online,Cancelled
f5553cef-feed-44df-a3db-76f2460d3aa8,5f6e51da-5f01-4c9a-85dd-7d50ef37e5d7,2025-10-07T10:16,4,91.60,Online,Completed
48039025-f287-4ae5-98d9-c70abc2f9adb,23650eb4-f98d-45a3-a90b-a378f03d469d,2025-11-03T10:16,9,82.89,Cash,Completed
417900d6-8399-4e8b-a614-d94e05a8e96b,fbe227d7-6d32-4407-9783-7fdac983e55f,2024-01-20T10:16,9,232.11,Cash,Cancelled
537561ea-efe6-4fec-b90f-f7a9dac0f84a,0130fcd4-a6cf-4a72-8400-7bcae1abce34,2023-12-06T10:16,8,129.92,Card,Pending
313e4663-ba10-4670-8fbd-b5758aa4a532,795088d7-d227-422e-ad8c-f048bde0675e,2024-01-20T10:16,9,72.27,Online,Completed
63348d0b-f937-44da-9300-8d0fdfe8f9ad,23650eb4-f98d-45a3-a90b-a378f03d469d,2025-03-16T10:16,4,26.24,Online,Cancelled
4ee3dcd6-99a8-4e39-b553-3c94444c1e41,3910ab11-8758-4a4f-8a9b-c4f5df7413c4,2024-10-01T10:16,3,16.44,Card,Pending
02fb2980-bfbc-4042-8c68-7cb078dee876,cd50913f-8c99-4253-9134-0cf5fe5f300f,2023-11-26T10:16,3,78.15,Cash,Pending
0b3e8e5d-81ff-4155-89a1-24b235161dec,365c90d0-a590-4209-9401-2ce55af5ed98,2024-08-13T10:16,1,9.06,Online,Completed
eb1d5b50-112f-4648-a37e-45d30305b667,80537cf2-360f-4740-8b7e-d4cd56e22987,2024-05-05T10:16,1,25.46,Online,Completed
69b2e6b2-8d6b-4b86-ad12-2af9bcb9364b,6b1178fc-1745-401d-88da-3903c243ebe9,2024-09-03T10:16,8,96.16,Online,Pending
2d6630cf-dccb-4d28-8154-d7d2e2d11eb6,52fbb114-83aa-432d-b2f1-f3e37a5c4754,2024-09-17T10:16,1,27.71,Online,Cancelled
616b9966-ae2b-4eff-a23b-536383a58237,bb6ceda0-3f7a-4dfa-9862-41a88dd468b2,2025-08-16T10:16,7,146.02,Online,Completed
f2ba6479-a445-4e0a-813e-6edfb8bf2735,824998a2-7592-4051-ab0b-d5e12743c93b,2025-04-12T10:16,2,57.10,Online,Completed
2047aa49-004a-43ef-8a0c-a5fda455072f,53db1213-7316-47bb-9099-c1def0e3c96b,2024-02-05T10:16,2,41.60,Cash,Completed
c5527f22-47a9-41d1-9d5c-a48322729d84,0b2a0e9a-e050-4380-b607-57adcbbf59d4,2024-09-24T10:16,8,123.12,Card,Cancelled
1885d535-3ed0-47a3-8be4-30c74467022c,964d337f-acd5-4ca2-8843-9be3f2eb60fc,2024-01-25T10:16,4,32.72,Cash,Cancelled
1ef81b1f-254b-4bc5-b2fc-e56e27f0b9ed,5f6e51da-5f01-4c9a-85dd-7d50ef37e5d7,2025-03-29T10:16,9,161.37,Cash,Cancelled
4c08e44b-2cbe-44c0-aef0-c5cf52e565d0,ecf1ffb0-ac00-4968-87ea-8beef4ace55a,2024-09-04T10:16,1,9.91,Cash,Completed
499b4cf5-ab78-4303-9a0a-24399341e96a,209e786b-2a61-4e52-a3b2-1cc98bcbf18c,2024-01-31T10:16,6,151.86,Online,Cancelled
aa5082df-140b-46f3-bcdb-08a68418df6f,7a2e5fa5-096b-4701-8ce6-7a3db39bf8eb,2025-04-26T10:16,5,39.40,Card,Pending
f58127a2-df18-4aea-bccc-ae0c3763a120,0fcf4084-ea31-49f8-99f9-9bf8c8b0c16b,2024-01-21T10:16,7,111.65,Card,Pending
93cd6e18-df15-459b-8ef9-1e4311741bc4,3befa4dc-d961-4a3a-9410-d43d1bdaa335,2024-07-20T10:16,7,101.50,Card,Cancelled
663fa51e-257f-44b8-b7dd-653be14d885d,89d26a00-0fde-4c03-8430-b06f6bc3f33a,2024-10-28T10:16,4,29.72,Online,Completed
44fcab38-7383-4464-8bb5-5d2e7687060a,6bd388d4-5636-450b-bacd-55bdcb769bab,2024-07-27T10:16,6,160.38,Cash,Cancelled
8aa8e311-869e-423b-a315-d8258bd88682,bb6ceda0-3f7a-4dfa-9862-41a88dd468b2,2025-02-08T10:16,9,89.10,Online,Cancelled
fad08f0e-cbd2-462f-a9b1-62093897687b,a5ffc907-be77-43e6-8694-4a0bf09bd3fb,2025-11-06T10:16,3,18.42,Card,Cancelled
803af344-d842-405c-a6d2-bc6868ce25f5,77ca464a-fe0d-4dcc-8f08-3eb2f7b64f76,2024-01-03T10:16,2,34.52,Cash,Pending
aba4a1cd-c332-4129-bed0-b8baf167ef98,93cdeef1-3fc3-4a63-a275-0ae87ae6b335,2024-09-05T10:16,1,14.15,Card,Pending
dea3be89-3d40-4ab4-bac2-697b036c7a03,49af098b-bf79-4643-8e49-739ea932d38b,2025-06-06T10:16,1,23.68,Card,Cancelled
43814f99-a4e5-4949-9faf-1c7e78b07dde,6aaabc79-3d35-410f-bb96-f86a3930d0ff,2024-10-29T10:16,5,141.80,Card,Cancelled
0ced85ba-3d45-4983-b307-c6dbae260879,0df3bae1-6384-4856-aa27-aef9f6c48b75,2025-02-18T10:16,4,59.60,Online,Completed
8bf46c80-8f72-45d5-91d9-aea9bc6b680d,a938df5f-7764-459c-8bfd-90409d16b3c6,2024-01-09T10:16,6,137.58,Cash,Completed
60ead5b6-bbf6-40cf-b0bf-706d85ca29f3,515fe1d2-d33a-4b9d-8c19-07e0cbe81a9a,2024-01-09T10:16,8,164.40,Cash,Completed
85c95dea-7ea0-44bb-aea9-56486b69073e,d3f641e5-b8b5-4f5f-9155-7768df2033e8,2025-07-03T10:16,2,32.76,Online,Cancelled
f0904b45-3038-42da-8a58-5a4cabcc9ba3,ada8704c-2784-4d70-84da-10078407d2c8,2025-08-09T10:16,1,17.51,Online,Pending
65b5b693-c93b-491a-9367-955ecf62a346,6c3bf618-a715-40f9-9faa-cfc5f5beef2f,2024-10-22T10:16,7,37.73,Cash,Completed
fd073faf-84ea-430a-a401-3561c5d382b2,a938df5f-7764-459c-8bfd-90409d16b3c6,2025-04-28T10:16,3,29.55,Card,Cancelled
f5620532-06d9-4ff0-b74f-bbc050e627b0,3befa4dc-d961-4a3a-9410-d43d1bdaa335,2024-08-13T10:16,9,177.03,Card,Completed
cea609c5-12aa-4044-a079-f6ae5516980f,c63bd277-c81c-40c5-8720-6ce916d653c4,2025-09-08T10:16,4,26.80,Card,Completed
fbbb9aed-7125-4cdb-ae6d-4dd048657e28,c46351bf-193f-49af-a5d6-456188837c3d,2025-09-08T10:16,8,212.24,Online,Cancelled
fa015699-72a3-4706-8ac7-1fbc56a5eb6e,6c3bf618-a715-40f9-9faa-cfc5f5beef2f,2025-03-07T10:16,3,67.83,Card,Pending
0c107791-a8b9-4f0e-ac5a-73e58412ee8b,b014b56e-3263-4b63-8430-46e00bc5ea77,2024-08-07T10:16,6,57.24,Online,Completed
fbc3011b-59d0-4aa5-b318-8e8662cf98cb,05ccd8a5-ea5f-4353-bd1e-3022152b0685,2025-05-24T10:16,4,106.44,Cash,Completed
236c8cbf-0391-4b90-9f89-74f5ec3d8bb8,bf0de251-90d7-423c-8b31-48df1a89964f,2024-01-21T10:16,7,124.74,Cash,Pending
263ba439-daa5-48b0-93b1-7eef26af2960,5f6e51da-5f01-4c9a-85dd-7d50ef37e5d7,2025-05-02T10:16,4,52.20,Online,Pending
0591e416-087e-4821-b00e-327d95d35195,d7af10ce-45c9-4fc8-8dd8-b1c5491aad5f,2025-04-08T10:16,9,123.03,Cash,Cancelled
2962b25e-7fe5-4876-8597-80ee69eb8c11,9b9edd1e-b4f7-414c-b8b5-a3dc51fa0a8c,2024-04-29T10:16,5,57.70,Card,Completed
a7c38901-8bbc-4a9e-9024-b7842d1a59a2,caca465c-e9f2-4add-91b5-24c70595e321,2024-04-23T10:16,9,112.23,Online,Pending
ebc661eb-0089-4abe-be40-90829874afd8,10b26c2d-7d56-4175-84a8-a2775e128a9d,2025-08-30T10:16,3,64.65,Card,Completed
afeec980-8fc6-44d1-aea4-69492a0388a7,0a5a9fc7-e126-48f0-99aa-dea85c606f66,2025-08-01T10:16,4,110.28,Cash,Cancelled
6d7021ea-8cde-4926-b26d-9deb1efe76be,26d032f1-9fe9-487a-987a-a8be14e1db05,2025-04-11T10:16,5,37.35,Cash,Cancelled
5342f1c7-2e51-47d1-9bd1-bddd798af1b3,6aaabc79-3d35-410f-bb96-f86a3930d0ff,2025-08-04T10:16,8,61.76,Card,Completed
3827d9db-963c-475b-8760-e055647d1101,e12c3d24-86c8-474f-b86b-370df36adbfe,2024-02-25T10:16,3,83.79,Cash,Pending
c9bc01e9-4885-4d94-ab39-971498524810,bb9edfa8-17f7-4f6f-8e3b-616693a298b1,2023-11-23T10:16,9,189.09,Online,Cancelled
73d6e998-fd7d-4d54-a182-fc09f85d2a2e,cd50913f-8c99-4253-9134-0cf5fe5f300f,2024-07-26T10:16,1,23.15,Online,Completed
24946dd7-40a8-4a5a-af2b-2c6ddbc4faa1,52f5634d-de98-4543-8a1e-cbf1e2d0242f,2024-10-17T10:16,2,58.38,Card,Completed
acb7704b-bd81-493c-a210-9af156adb38d,500fde18-ea61-4380-9ea4-f06d09985870,2025-05-21T10:16,7,63.91,Cash,Completed
f1128ecb-b0b6-4595-abf4-8c95fe9f579f,c5817fdc-a4dc-4879-b957-30cfda62016b,2024-04-07T10:16,3,30.81,Online,Cancelled
dd11787b-848c-4a0a-9a3a-11e3b455eca6,205ea7f7-e714-45b8-a083-11247ff702a1,2024-03-03T10:16,8,111.28,Online,Completed
a08d3ea3-f797-4f94-9bb2-2a7bebfc17de,bfa3444b-2be9-46be-b944-720d86a59770,2024-04-14T10:16,7,123.41,Online,Pending
2acadc61-684a-48a3-90e9-329943c79fa7,67c276b0-7be6-4f3c-bf86-c342095c8112,2025-04-14T10:16,1,22.04,Cash,Cancelled
9e8d97e7-c7cb-4712-907e-f9cf5dfefceb,f0a6a958-e434-41bf-a830-dffa55a34db5,2024-02-05T10:16,7,204.19,Cash,Cancelled
760d96f0-9ba1-44f5-97bb-74b920aca6ba,485b65e7-fdf4-474d-afba-37986d8d3cd8,2024-09-30T10:16,6,127.08,Card,Cancelled
a9f29039-bf43-49eb-a7df-8b693f8a257d,60cd80b6-3967-4dae-b4df-adc7b5644971,2025-04-29T10:16,7,176.12,Card,Completed
81bd7a4e-081f-4286-a3b2-90d7bf78acb9,89d26a00-0fde-4c03-8430-b06f6bc3f33a,2024-12-19T10:16,9,254.43,Online,Cancelled
6bb7d3aa-1a29-4a13-b1f4-e5c7bca41971,6b1178fc-1745-401d-88da-3903c243ebe9,2025-07-02T10:16,6,161.22,Online,Pending
263390d5-365f-414b-a870-52ae3df3675a,c83bba2f-5229-4998-9566-1f3179b13e8a,2024-05-28T10:16,1,9.76,Online,Completed
eab2d630-9822-4bed-8e77-fd1119af3488,ef7fad1f-a86f-4ee1-95b4-ce1f339f0fa5,2024-07-12T10:16,4,75.36,Online,Cancelled
2f187502-6e2b-4b8d-bf88-59c3fb6c9016,b6c26110-1b77-4777-8c79-c69ec19b66df,2025-05-03T10:16,6,117.84,Cash,Completed
92a2b8a9-1c6a-4f39-abbb-ef4be1387dfd,73a2b03c-2dca-486e-8ebc-c4d6bb68a8c6,2024-05-03T10:16,9,81.09,Card,Completed
f3fb55aa-7be4-42c0-937b-127cc64fde93,b04ce307-2d1f-4214-b023-d8f4379041a1,2024-07-20T10:16,6,167.10,Online,Pending
fd858ed4-0cb2-4e7a-ae7b-493534173fc3,bb6bf39c-f455-4e08-a59e-1bdaaa91d4aa,2024-06-13T10:16,7,114.38,Cash,Cancelled
8b99e710-a5fa-4453-92cd-08b82ba9d7e7,6c3bf618-a715-40f9-9faa-cfc5f5beef2f,2025-05-19T10:16,6,141.30,Card,Pending
a4836d36-a473-4ce5-98f9-0afe29bfe2fd,5d6f84a5-a4de-442e-99b9-b8ef714b4436,2024-05-03T10:16,3,60.12,Card,Cancelled
1310da5e-17a9-438d-b407-9215b88571bf,3dcaabe3-78c9-4d88-bed5-56ca7ceea07c,2024-01-25T10:16,8,239.44,Card,Cancelled
be9023f7-912f-4ddc-874e-c8d3de04f7cc,bb6bf39c-f455-4e08-a59e-1bdaaa91d4aa,2024-06-07T10:16,5,127.15,Online,Completed
4c4bbfa0-d12b-4df8-b136-1ca466c78331,63846b60-b7be-4087-ac6e-56c9bc130a20,2025-08-26T10:16,9,231.84,Card,Cancelled
e7b272dc-ceca-47ad-93b4-4c97a35d1475,aff4340c-d102-49ba-af8e-84d2737ce82c,2025-07-08T10:16,9,86.22,Card,Pending
b558d00e-5929-4dc5-bf10-447351f7ca52,6bd388d4-5636-450b-bacd-55bdcb769bab,2025-06-12T10:16,9,201.60,Card,Cancelled
4a3a8198-5592-422a-9794-5a5ceb0ff1f8,b04ce307-2d1f-4214-b023-d8f4379041a1,2025-06-30T10:16,6,95.70,Cash,Completed
1ca89340-0898-4d68-ba1e-53cd339e39a6,93cdeef1-3fc3-4a63-a275-0ae87ae6b335,2024-08-11T10:16,4,63.64,Cash,Pending
e9919593-97f0-43d2-8711-f7681da1d53c,c63bd277-c81c-40c5-8720-6ce916d653c4,2024-04-06T10:16,2,17.32,Online,Cancelled
4fc305b0-4e37-43e5-b116-00c8316349e4,c83bba2f-5229-4998-9566-1f3179b13e8a,2025-03-03T10:16,8,52.24,Online,Completed
abba897a-3e85-45d3-a8b6-e012c983b037,c83bba2f-5229-4998-9566-1f3179b13e8a,2025-05-03T10:16,4,116.60,Online,Cancelled
b7d0be68-3691-438d-b6ec-a6399153d8d6,c83bba2f-5229-4998-9566-1f3179b13e8a,2025-06-07T10:16,8,210.16,Card,Completed
18f45d00-d3e4-4617-8f4d-9a7f8ff811ce,401a6911-a31e-4892-adc1-56e3e1eb090a,2024-05-16T10:16,4,79.76,Card,Cancelled
96a17301-2a04-4b87-8208-2b5b0280a55a,6b1178fc-1745-401d-88da-3903c243ebe9,2025-09-29T10:16,6,51.48,Card,Pending
9b5540d7-e526-4080-b67d-c76ac0e28474,77ca464a-fe0d-4dcc-8f08-3eb2f7b64f76,2024-07-06T10:16,4,31.36,Card,Pending
1f5167de-4463-428f-9d37-2dcc3422ef06,2a109685-1399-4149-8951-fba29bb0360d,2024-04-26T10:16,9,62.28,Cash,Pending
a801c633-be19-48c3-a643-b4c5d182be46,058b9c75-b72f-4594-80d2-e41194ff7672,2024-08-25T10:16,9,207.99,Online,Pending
a74a0450-af9d-4a4f-b45c-b2b524b40826,e12c3d24-86c8-474f-b86b-370df36adbfe,2024-08-24T10:16,3,41.46,Cash,Cancelled
5d9ac957-af9d-4158-88b4-3bde3e0fe4d6,ff4db0d8-e809-46e8-9ae0-78ffee4902d9,2024-03-04T10:16,6,155.64,Online,Completed
3a399081-70de-428e-bc99-d4503afa6bd2,92da274a-bea2-490a-bb52-196c46fa8487,2025-02-27T10:16,5,135.20,Cash,Pending
eab4e107-d132-4c00-a930-3efd643bd8dc,401a6911-a31e-4892-adc1-56e3e1eb090a,2024-09-23T10:16,8,56.16,Card,Completed
3f48c90a-3af5-4264-b891-a94379421d66,cb8747c7-32ca-4b6b-868d-13ab01d953ec,2025-10-24T10:16,1,24.73,Online,Completed
f99e8536-8c5e-424f-9215-bf4f099eabda,59827b2a-ae17-44b1-bd6f-6f08718559cb,2025-06-12T10:16,6,58.56,Card,Pending
01e2c720-8fa9-4cb2-b8a3-a62a86caa621,2ca088cd-c6c6-4e60-a1a4-d2990ee21b12,2023-11-19T10:16,8,95.76,Online,Pending
f4c8926b-5d7f-4943-be37-1107c84bcf6b,80537cf2-360f-4740-8b7e-d4cd56e22987,2024-05-24T10:16,7,74.62,Cash,Pending
0954607c-3c59-4abe-90a5-19adf93105ee,aac35608-9499-49c5-811a-a059e773c968,2024-10-21T10:16,7,176.33,Card,Pending
2194731b-6528-4b6c-90ed-2225b914241d,e6e1db85-f8ba-4264-9c9a-520ecda4bc4c,2025-06-21T10:16,1,19.53,Cash,Cancelled
1cca4229-2cbc-4733-af2a-e173433aec78,99c406e7-092b-4eeb-bc08-56fc041c253d,2024-03-08T10:16,3,36.24,Card,Completed
97a33fde-7480-4b5d-9a78-ed029c961873,4f6ae324-5b6d-47d6-a86d-26ec6fbe1e0e,2024-02-20T10:16,9,159.03,Cash,Pending
fb8e2da7-f4a7-497c-8ad1-c6b2c0ca0db0,1233cc27-7567-48e0-8dd2-6b0019506c2f,2024-02-23T10:16,3,79.05,Online,Cancelled
9f2c56b8-eeec-4983-9f25-98d5ebd2a3b7,59827b2a-ae17-44b1-bd6f-6f08718559cb,2024-05-13T10:16,8,144.96,Card,Pending
a038fbeb-d01b-4621-900f-94d30990d4bc,ff4db0d8-e809-46e8-9ae0-78ffee4902d9,2025-08-11T10:16,2,36.32,Card,Pending
952541c9-f4cc-4c89-bc22-d960a7f59840,56a75a3e-a944-4147-8cba-f1024726993f,2025-08-27T10:16,8,198.72,Card,Cancelled
447bc4fa-1ede-44f3-97c5-ca8ae9ec421f,8250871a-2b35-424e-a1a1-4eb4faffabfb,2025-09-29T10:16,6,136.20,Cash,Completed
d6ae59de-3a69-48db-80ac-997b91479947,80537cf2-360f-4740-8b7e-d4cd56e22987,2024-05-09T10:16,8,163.44,Cash,Cancelled
7ebe3927-f814-45bd-bed9-c5e93e63bf55,92da274a-bea2-490a-bb52-196c46fa8487,2025-08-11T10:16,8,64.08,Card,Cancelled
2f57b6ef-542b-433c-81bd-10b814633d04,6117b6f0-c4f4-4bf1-9eeb-f33950decba8,2024-12-20T10:16,9,107.82,Cash,Cancelled
e8dd6589-a491-4800-8ae7-802677eb9e88,25659c0e-6eb5-4c57-add8-fb6ac5f42699,2025-04-02T10:16,2,14.84,Cash,Completed
8e3c950c-793a-4eec-a986-569933ba559c,25659c0e-6eb5-4c57-add8-fb6ac5f42699,2025-11-02T10:16,5,136.00,Card,Pending
6a9b2ba4-c7d8-4c04-80b7-3429ffc6bc13,e6cb1215-5314-4d05-bfd1-f6e5d36e89f7,2024-02-14T10:16,3,34.71,Card,Pending
5fabd3fd-40a5-4ea9-ab20-7f3c56ce4f30,ebbc7df0-770d-44f8-b0ff-c62f9006e40e,2024-10-29T10:16,7,172.69,Online,Cancelled
a8dcc864-c75d-4e1c-90db-0c77711040ea,49af098b-bf79-4643-8e49-739ea932d38b,2023-12-09T10:16,2,13.14,Online,Pending
9e8420fa-3724-4e40-a0b4-9724ceef6c81,6f61ca8e-51a1-48e0-abfa-88326e713e34,2024-10-13T10:16,9,79.92,Card,Cancelled
589dcb32-f86b-4bf0-8798-9948973cb14b,74e76582-f1b8-4560-b049-8aebb59d4721,2024-01-11T10:16,4,54.32,Cash,Completed
f04dcaae-917e-4afb-a16a-fffe75b58d32,99c406e7-092b-4eeb-bc08-56fc041c253d,2025-04-02T10:16,8,176.64,Cash,Pending
4e90cac8-45bd-428e-a67c-8056050af904,bc58b12c-65c4-4f21-89ef-3e492a22ef7c,2024-11-09T10:16,3,28.38,Cash,Cancelled
b4c5533d-80dc-4e65-a4a5-9cccbb94f938,ff4db0d8-e809-46e8-9ae0-78ffee4902d9,2025-02-19T10:16,9,197.64,Cash,Pending
4479394e-0954-48ca-9278-04ebd8473040,fe624323-ba72-456d-9842-ed9e0edc75df,2025-08-13T10:16,6,116.16,Cash,Cancelled
967e0cc5-e30f-4733-96bc-94ee2959b2f8,428424b7-1f94-496a-8b7a-497ce177d32c,2024-03-05T10:16,4,36.60,Online,Completed
b8d0b1a4-ff8b-4805-990f-329c0e0855ba,941529ef-2114-4bff-907a-4596ff4593a1,2025-05-29T10:16,7,115.57,Card,Completed
9669473a-0b67-4332-b12e-3a6f87055010,ef7fad1f-a86f-4ee1-95b4-ce1f339f0fa5,2024-09-16T10:16,5,121.70,Card,Pending
5e310e6a-88d6-4eea-9443-83b627530299,6117b6f0-c4f4-4bf1-9eeb-f33950decba8,2024-11-10T10:16,3,44.16,Online,Completed
a0eea682-1350-4021-8721-f4e769b0d0d4,46032f36-69bc-465a-9b33-a5d560bfd77a,2025-09-01T10:16,6,50.22,Card,Completed
071aaee5-4ff3-4a56-a167-9921c105484d,49af098b-bf79-4643-8e49-739ea932d38b,2025-09-30T10:16,6,123.96,Card,Pending
ff45222b-e1f7-4480-9cf2-56f82ee902b7,b03f75c1-655f-4480-a2bf-1a0af806e96e,2025-11-04T10:16,5,28.75,Online,Cancelled
3b6f1980-b78e-4833-8a1f-2ca565cd8dad,8113211c-bdc3-4bb0-94d9-3fd3871f3005,2024-01-14T10:16,7,112.07,Online,Completed
31aa6a98-6b4e-4cc7-94d4-af72120aa2b8,1d32c3b3-c732-4995-aa6b-ff159deb3bdf,2025-10-05T10:16,4,93.64,Cash,Cancelled
388e58d4-8eab-4916-9146-dc43efa2839f,1233cc27-7567-48e0-8dd2-6b0019506c2f,2025-10-24T10:16,2,51.62,Card,Pending
9d1d5d8e-3217-4f9c-84e3-7dcb81642688,e85d0261-2d97-4475-a749-363ec9040a74,2024-01-05T10:16,2,10.26,Card,Completed
3d2b0b55-b720-4480-bc7d-27ad92c1d09b,9fa382f0-8393-48db-ad30-43c953282401,2024-12-09T10:16,6,43.86,Cash,Pending
8aedc9fd-7c04-4fca-a4a6-8130c5f3eb3b,06e585f0-5b60-4900-81d1-3379328e6c17,2024-08-12T10:16,2,21.22,Card,Cancelled
8887780f-91ab-4f56-a6bc-e8ad8d263615,a938df5f-7764-459c-8bfd-90409d16b3c6,2024-03-19T10:16,1,17.53,Card,Pending
a817ca82-391c-4566-99b4-0c4b2cf34d1f,824998a2-7592-4051-ab0b-d5e12743c93b,2025-10-22T10:16,2,32.50,Cash,Pending
29da22df-2e6d-455f-bdd3-22f96da3199f,fbe227d7-6d32-4407-9783-7fdac983e55f,2023-11-23T10:16,4,94.00,Online,Cancelled
9df2e768-9973-4640-8f16-29ed2dc64fd4,4b14a58c-f1e4-40b6-888d-a88cd7055099,2025-04-10T10:16,6,122.64,Online,Completed
9875ea49-b3e0-41e0-81e1-586cfb7d4612,8b546c63-5406-493d-bc69-cfb594b38267,2024-03-10T10:16,4,102.96,Online,Pending
1f55de0b-b7af-4072-9567-e3466397342d,f0a6a958-e434-41bf-a830-dffa55a34db5,2025-04-27T10:16,3,20.88,Cash,Completed
e41e89db-aee4-476c-9bcc-24111865dfd8,e119f98a-df63-41dc-8e01-bb49ca2dc724,2025-07-06T10:16,7,110.88,Online,Cancelled
79811613-8be4-4615-92c6-2ea66c6d609e,23650eb4-f98d-45a3-a90b-a378f03d469d,2024-08-17T10:16,7,120.75,Cash,Completed
5116bcd6-9cc6-47a2-8fb4-32d146f90035,a5ffc907-be77-43e6-8694-4a0bf09bd3fb,2025-04-17T10:16,9,197.82,Card,Completed
4083ecd0-5b25-4766-80da-0c2d38c2a7a3,6aaabc79-3d35-410f-bb96-f86a3930d0ff,2025-01-02T10:16,4,26.16,Card,Cancelled
fa971d91-2277-4311-a325-5cdbf2564919,77ca464a-fe0d-4dcc-8f08-3eb2f7b64f76,2025-03-24T10:16,6,109.92,Card,Cancelled
7ae66b91-e49a-49ce-99b4-1fc1939d1bd3,73a2b03c-2dca-486e-8ebc-c4d6bb68a8c6,2024-11-09T10:16,6,130.62,Online,Completed
71ee9b22-84ac-4b66-b3e5-196bedb01cc6,f067e21d-d1d4-4e87-9cae-9753f5f9ccb6,2024-01-19T10:16,5,45.70,Card,Completed
603ee3ac-4d74-4ea2-9525-872cad9e8437,4e6807ca-aed8-4ec9-b1b0-0e3aba57efb1,2025-09-26T10:16,3,77.79,Cash,Pending
3e2588ab-337a-4686-a2b6-112afea8d813,ebe19120-496a-47fa-87eb-2440212a3363,2024-03-05T10:16,7,192.99,Online,Pending
4223115a-94de-43cf-bc48-19ca1007f934,68169a66-a8d4-4763-914e-7befc826445b,2025-01-15T10:16,3,77.07,Online,Completed
bffc8025-441d-4c2e-a588-5665b28aeb59,4e44f26d-5455-405b-8fdb-63ab8b739ecf,2024-09-10T10:16,1,13.90,Cash,Cancelled
f2bdbb91-c306-4010-b4a1-1f2d0a321509,52fbb114-83aa-432d-b2f1-f3e37a5c4754,2024-04-09T10:16,7,144.34,Card,Pending
69986946-203a-491e-b318-2a333e93e22c,941529ef-2114-4bff-907a-4596ff4593a1,2023-12-30T10:16,5,95.35,Card,Completed
5fbb09e4-6491-4c98-b5c3-7ab52f84f4a2,69446e90-4237-4410-ab55-e011eb04cce0,2024-03-02T10:16,1,16.77,Cash,Pending
fe5c4a48-10a5-429b-b941-cfb0faef292a,983d66ae-c8b0-46b8-8abc-26a1055cf729,2024-04-14T10:16,9,97.83,Cash,Cancelled
171ae1ec-a792-4c58-b020-172378b66553,8f7f530b-bb30-4a05-b437-744ed30af54f,2025-04-17T10:16,1,17.61,Cash,Cancelled
e5708109-03d2-4acc-bf1f-cfba25469530,205ea7f7-e714-45b8-a083-11247ff702a1,2025-04-28T10:16,4,30.76,Online,Completed
9085dd51-2b39-41ca-8ff2-d2416ea10aaf,caca465c-e9f2-4add-91b5-24c70595e321,2024-07-29T10:16,3,45.45,Card,Pending
48a8d38c-f3f9-4d72-bf63-914ce9e06e5b,d3f641e5-b8b5-4f5f-9155-7768df2033e8,2024-01-12T10:16,3,81.60,Cash,Completed
180c80d2-46ed-4792-8d8b-5a987af82b83,02c65c06-56ad-4670-b8e2-10ab417c7154,2024-12-28T10:16,2,54.88,Card,Pending
cf2b9156-3c47-4469-8015-eea11c30f299,6945f6f4-b8f9-4d04-90ff-e59ed705578e,2025-01-01T10:16,6,94.26,Card,Completed
f1bb6eb1-64b4-4db8-ac08-02c6a2c50047,6bd388d4-5636-450b-bacd-55bdcb769bab,2024-10-18T10:16,8,181.04,Cash,Cancelled
6123eed8-66b1-4613-aaa0-b34e2f99a62f,10b26c2d-7d56-4175-84a8-a2775e128a9d,2025-04-05T10:16,7,147.56,Cash,Cancelled
82e82d83-e9bd-4b0e-aedd-b82e1d9a9258,92da274a-bea2-490a-bb52-196c46fa8487,2025-09-21T10:16,4,47.00,Cash,Pending
75c45b69-4710-4e27-a65f-6c01ae8648a4,bf0de251-90d7-423c-8b31-48df1a89964f,2023-12-19T10:16,6,131.82,Cash,Completed
8149eca0-4433-464b-860b-e97b20496f83,941529ef-2114-4bff-907a-4596ff4593a1,2024-02-17T10:16,8,215.36,Online,Pending
1272db03-8f91-4807-8502-b2c015b17ee1,0fcf4084-ea31-49f8-99f9-9bf8c8b0c16b,2025-02-26T10:16,3,49.26,Online,Completed
8e6f1e6e-cde7-4da6-b54a-25ee1e7fe905,10b26c2d-7d56-4175-84a8-a2775e128a9d,2025-03-17T10:16,2,32.14,Cash,Completed
38ee0f70-e243-47a9-92ae-b81cafbb05d5,e38afcd9-9e08-47ba-bc92-5ebb4bc271eb,2025-08-25T10:16,7,119.35,Cash,Completed
483f54d3-35fe-4022-bd6f-65b2bde44966,c46351bf-193f-49af-a5d6-456188837c3d,2024-03-23T10:16,5,111.60,Online,Completed
404cf876-f394-4e02-bc18-e800e0e05f64,b0d737cd-ec4b-4a88-aa81-d012ef3fb719,2024-10-15T10:16,3,86.19,Online,Pending
50661964-0524-41ec-8ecd-d328c865fcea,401a6911-a31e-4892-adc1-56e3e1eb090a,2024-08-28T10:16,1,24.01,Cash,Completed
74809a9c-0e17-4bab-99c3-fef3de441c84,1a48aa9a-def3-481d-922a-94300aa97309,2025-05-18T10:16,3,56.49,Online,Pending
2e7e52d2-b499-47a4-9cb2-eb4e87db80bb,4e44f26d-5455-405b-8fdb-63ab8b739ecf,2025-10-31T10:16,9,170.46,Online,Completed
6c93888c-6f77-4e9c-a104-b3c34b1dbcfa,205ea7f7-e714-45b8-a083-11247ff702a1,2024-09-03T10:16,9,101.52,Online,Completed
62c6bd41-e227-427d-b7a8-9bb2f56b4030,52fbb114-83aa-432d-b2f1-f3e37a5c4754,2025-03-12T10:16,2,49.60,Card,Completed
61715dcb-65d0-40b3-9460-bce8a269a6be,f6c35464-33dd-44a7-bf84-071f2e427045,2025-03-06T10:16,5,52.00,Cash,Pending
8318fce8-c418-4477-ba9d-b477b5be09e2,2c6dafc9-06cc-4b3d-8b8d-12aae0644c58,2024-09-18T10:16,5,141.40,Online,Completed
574c6504-2057-4945-b0f5-1ca39517b64e,6e551d53-4f6d-4b84-a9de-3d7c79694805,2024-01-20T10:16,1,27.75,Online,Completed
88b698aa-7de8-4e55-8518-c3e45e647da9,7d2df59f-386d-4aec-85a8-2443262a0cb4,2025-03-25T10:16,2,20.08,Online,Pending
5df08e98-f480-4041-b417-812448f29091,b95f7619-fab2-4df9-8683-1f2aeb93a660,2025-05-23T10:16,2,27.56,Online,Completed
66cb4407-dc30-4bd6-999d-7b02b398a3bd,9c53f3f8-5b22-4d77-bd76-cfa6c70e443c,2024-03-10T10:16,8,66.16,Card,Pending
77fdbb82-1734-4e64-a888-fad494385f58,ecf1ffb0-ac00-4968-87ea-8beef4ace55a,2024-01-05T10:16,4,110.44,Card,Pending
7fc4b48e-bcd9-42c0-8bca-77ef480370bc,3e97fc93-73a7-45e0-9888-f7a03ee258a7,2024-11-07T10:16,1,27.02,Card,Cancelled
3feaa407-e105-4a00-8eb9-f8bd462fb2db,0a15d43b-8f6b-444a-bef2-ffbddfdbd16f,2024-03-22T10:16,4,88.96,Cash,Completed
372d6fd1-7f14-48b7-abe1-6b288ec62fc3,4e44f26d-5455-405b-8fdb-63ab8b739ecf,2025-03-30T10:16,7,93.66,Card,Cancelled
283df4d1-eb23-4a43-88d5-4688d7ab11e7,59827b2a-ae17-44b1-bd6f-6f08718559cb,2025-02-16T10:16,5,135.80,Card,Cancelled
ec268c4b-9646-49ff-a640-cf07683ea7cf,06e585f0-5b60-4900-81d1-3379328e6c17,2024-12-30T10:16,8,158.80,Card,Completed
6203ece7-db92-44a9-b626-a76042f446bb,5f6e51da-5f01-4c9a-85dd-7d50ef37e5d7,2025-08-14T10:16,5,119.90,Cash,Completed
3aa3f55e-43d4-4df6-8c79-df08307dc994,27e45431-1333-4ffd-a0c8-be56ffdc5d4e,2024-07-11T10:16,3,32.22,Card,Pending
f085d81d-290a-46b5-9038-4ebcaf0141e5,8626238e-5813-415a-9a8c-db944b1e0269,2024-05-17T10:16,1,25.87,Card,Cancelled
c6208add-096e-4c7d-babc-ed2972a324f5,bc58b12c-65c4-4f21-89ef-3e492a22ef7c,2025-09-25T10:16,7,192.01,Card,Cancelled
613353ce-a653-4e37-b74b-d1a02efde0ba,ceafdb2a-788d-48e0-acdd-bd533a2e7ab6,2024-01-31T10:16,4,63.68,Online,Cancelled
48f1f8df-99bc-4ae8-868c-0e7225c36626,c1a09d60-c9e8-4489-a68e-e01b51541d33,2024-02-24T10:16,2,59.66,Online,Cancelled
9a8fad2b-05b4-4ebb-b2f0-7e9c8cbad2cd,209e786b-2a61-4e52-a3b2-1cc98bcbf18c,2025-10-09T10:16,6,141.24,Online,Pending
732af915-b471-46b8-b3f9-1d99b845e7fb,a3f626b9-cc27-4c04-8570-be79ab8bda4a,2024-01-08T10:16,2,31.32,Online,Completed
8eb9d14b-7c26-4d2d-9c68-12365e9e7f4f,0a15d43b-8f6b-444a-bef2-ffbddfdbd16f,2024-05-16T10:16,5,107.25,Card,Pending
6569e16e-ef42-49de-bd98-7388af8c6923,7c991f43-c18b-4404-8826-97691b0dc00c,2025-03-30T10:16,1,6.82,Online,Cancelled
d2974811-bd06-432a-8d12-989f111c7160,500fde18-ea61-4380-9ea4-f06d09985870,2024-07-07T10:16,4,105.96,Cash,Completed
f6af64b7-ca48-4969-b4f4-f44c4e308b5b,3ab3404a-ee80-4ed2-8d90-a6f0dad14e48,2025-10-03T10:16,2,16.66,Cash,Cancelled
592cb66e-926c-442b-9a6a-bb5bc0bfe2f5,4e6807ca-aed8-4ec9-b1b0-0e3aba57efb1,2024-11-22T10:16,4,47.60,Online,Pending
b3d8d1f7-e573-4ff6-a34c-c2bdf28eacb1,bb6bf39c-f455-4e08-a59e-1bdaaa91d4aa,2025-04-05T10:16,4,113.60,Card,Pending
e29f5a17-2b6f-4c97-b2d4-07e18378f674,21edfc22-3f73-4335-a774-3cf78ab65e86,2024-10-07T10:16,6,123.24,Cash,Pending
f5175416-d8a7-4c06-b26a-3c4a79bfd9c2,b90a3a7f-421e-47e5-8598-fe50f365a62e,2025-07-18T10:16,8,116.64,Cash,Pending
b2e37053-0978-485c-a94a-76277b941c4a,bb9edfa8-17f7-4f6f-8e3b-616693a298b1,2024-03-27T10:16,7,57.54,Cash,Cancelled
2c3b9548-cafa-4ef1-9407-361a1be18a87,65b2c0ea-6192-47fc-9286-2c1dd3ecefb1,2025-05-14T10:16,9,66.15,Online,Cancelled
b880de4a-3f47-4a85-9529-9eabbf1f11d7,8113211c-bdc3-4bb0-94d9-3fd3871f3005,2023-11-18T10:16,4,25.28,Card,Cancelled
488a1c32-f4ac-48f9-97b7-66cef7303271,ec3490d2-e8da-47ee-ae12-0ca0b1d7a2bb,2025-04-19T10:16,6,44.16,Cash,Completed
5dcce398-8465-409c-b66d-bc408a50477a,4b14a58c-f1e4-40b6-888d-a88cd7055099,2025-07-23T10:16,3,53.97,Card,Completed
926e7864-fb48-4d6b-8734-9baa9faa8dd5,21edfc22-3f73-4335-a774-3cf78ab65e86,2025-02-15T10:16,3,55.26,Cash,Completed
00cedd7a-8d6a-4453-806b-bc32a71b53f5,910b1d47-5c37-48b1-8bde-96c60660f1d7,2025-02-17T10:16,3,42.06,Cash,Cancelled
04de37c5-0b8c-4760-b2a2-7953db44e75c,52c87fd9-fdf0-4256-b929-6153ad24a0ac,2025-02-21T10:16,9,78.75,Cash,Completed
54dfe3ad-307c-4d60-9594-f68c49ee3516,a938df5f-7764-459c-8bfd-90409d16b3c6,2024-01-05T10:16,9,150.48,Card,Completed
12d70f24-8c44-4659-8829-37c26689ce3a,1d32c3b3-c732-4995-aa6b-ff159deb3bdf,2025-09-01T10:16,6,63.48,Cash,Cancelled
51fdfa18-7718-42e0-b244-9edaf64da848,0130fcd4-a6cf-4a72-8400-7bcae1abce34,2025-08-15T10:16,4,42.68,Card,Pending
641b361e-94fa-495c-8fe2-c4a5e97fca2b,fbe227d7-6d32-4407-9783-7fdac983e55f,2025-03-25T10:16,9,45.99,Card,Cancelled
166e9975-faac-488c-80a8-0961279c8849,0a5bd884-b432-4ce5-b14e-44b4aedd4c0f,2025-09-30T10:16,5,56.20,Cash,Pending
df8b84fc-574e-408e-87ed-48928d2703a1,ba5d9947-b043-4aca-8ee0-6b77895cf8e8,2024-08-29T10:16,2,47.84,Card,Completed
ae4be2ce-72f2-4b20-af0c-0f1cf6b94b98,d5cfb1a3-ce2f-4aff-ab4c-50e0c5426af1,2024-07-25T10:16,9,46.35,Cash,Completed
c31d0384-dedf-430d-9c5e-81113d35f686,74e76582-f1b8-4560-b049-8aebb59d4721,2024-10-03T10:16,3,74.97,Online,Completed
d7209c66-820a-478f-96ed-b04ea6df886e,e7991221-0de0-4ef8-aa9c-ca3b59197059,2025-05-07T10:16,7,199.92,Online,Cancelled
d4648fed-a4a0-4651-9b44-231c96169a80,a3f626b9-cc27-4c04-8570-be79ab8bda4a,2025-10-12T10:16,3,30.24,Online,Cancelled
ad703231-a575-41e3-a04c-c25d3af49374,3ab3404a-ee80-4ed2-8d90-a6f0dad14e48,2024-05-22T10:16,2,45.20,Online,Completed
acb514b2-1111-415c-bf67-6d28b9dbe6f2,0a5a9fc7-e126-48f0-99aa-dea85c606f66,2025-01-04T10:16,1,28.59,Online,Cancelled
b1f00db8-bbc8-4a30-9926-c730f220adad,e6e1db85-f8ba-4264-9c9a-520ecda4bc4c,2024-11-24T10:16,1,19.71,Card,Pending
353385c8-4ad5-4a79-bb6b-ed1e5b3f5e1d,7169ef0c-f2c8-4ae3-83f6-87691664d2d2,2024-07-15T10:16,6,106.98,Online,Pending
9a8f3603-dfbc-4a80-8dec-e2da2bc894ea,a938df5f-7764-459c-8bfd-90409d16b3c6,2024-08-10T10:16,8,239.76,Card,Cancelled
3d06005f-fea2-40df-8f70-1f8f599aabe5,7a2e5fa5-096b-4701-8ce6-7a3db39bf8eb,2024-03-17T10:16,5,63.25,Online,Pending
2463064f-baa0-43f0-9837-7922a39844ac,d87f31d7-79ef-4c17-856e-142e791b04da,2024-09-24T10:16,8,74.32,Card,Pending
c06df9d2-7a57-4442-8e51-b5d72d143fef,c5817fdc-a4dc-4879-b957-30cfda62016b,2024-11-26T10:16,1,29.60,Cash,Pending
261d3c7f-58c2-437c-85dc-43bc1ee2ebf8,d87f31d7-79ef-4c17-856e-142e791b04da,2025-10-26T10:16,8,69.12,Card,Cancelled
47cb182c-893f-4492-a513-148639688239,365c90d0-a590-4209-9401-2ce55af5ed98,2025-10-27T10:16,7,67.62,Cash,Pending
2184f44a-f799-419a-8445-d06183c97c19,a5ffc907-be77-43e6-8694-4a0bf09bd3fb,2025-01-05T10:16,6,67.26,Card,Pending
eadf6e60-9850-4697-8eb2-1af3943e7ac3,d7af10ce-45c9-4fc8-8dd8-b1c5491aad5f,2025-05-26T10:16,8,234.88,Card,Pending
bc91ba44-2426-454c-b8ad-97f42540343e,ada8704c-2784-4d70-84da-10078407d2c8,2024-02-02T10:16,5,147.35,Card,Pending
695db595-dfac-4a94-a944-3b66451dc98d,69446e90-4237-4410-ab55-e011eb04cce0,2025-02-25T10:16,6,115.44,Card,Pending
68b7751b-be90-4c2f-8545-0442345f608d,27e45431-1333-4ffd-a0c8-be56ffdc5d4e,2025-05-07T10:16,1,26.40,Card,Pending
ada21221-adb9-4be4-949f-29adb3ce0acd,3910ab11-8758-4a4f-8a9b-c4f5df7413c4,2025-02-16T10:16,9,243.81,Cash,Cancelled
ba627074-2359-48d7-baa0-0e899d617946,103fcba5-5588-45a5-9fe0-6ac948d3860e,2024-08-01T10:16,7,65.66,Online,Completed
02c9fe28-6f60-4e5f-bb55-a9d9d836ce88,401a6911-a31e-4892-adc1-56e3e1eb090a,2024-02-11T10:16,9,233.46,Cash,Pending
d2ff1464-70d4-40ee-9606-aeece679c072,6117b6f0-c4f4-4bf1-9eeb-f33950decba8,2024-03-23T10:16,6,44.52,Card,Cancelled
1b72f617-a6ad-4d78-a22d-d05dd72ca9cd,89d26a00-0fde-4c03-8430-b06f6bc3f33a,2025-08-01T10:16,3,60.00,Online,Cancelled
88bf7ab4-7517-4290-aaa7-2ac6454ea9fb,0fcf4084-ea31-49f8-99f9-9bf8c8b0c16b,2025-04-13T10:16,3,84.27,Online,Pending
383fc227-b258-4ee8-be5b-06e00504ce59,3dcaabe3-78c9-4d88-bed5-56ca7ceea07c,2024-06-18T10:16,3,77.22,Cash,Cancelled
bbaeb01c-cf76-4cd6-b302-5edb7da46734,3befa4dc-d961-4a3a-9410-d43d1bdaa335,2025-02-18T10:16,9,242.28,Online,Pending
9e26e74d-a865-4087-96d0-73a24b7f2be7,7c991f43-c18b-4404-8826-97691b0dc00c,2025-03-27T10:16,6,152.34,Cash,Pending
9b4cfc1c-aa06-4a8a-9fea-0c1e2e87d6af,6117b6f0-c4f4-4bf1-9eeb-f33950decba8,2024-02-09T10:16,6,78.60,Online,Pending
3d821e3a-442e-4ab5-af96-7afb92215a55,c9dcc28a-ae5f-477c-ae7e-72d94129f449,2025-07-09T10:16,4,82.60,Online,Cancelled
9dd3f6fc-cb5f-4104-85bb-2247b00905fe,4e6807ca-aed8-4ec9-b1b0-0e3aba57efb1,2024-09-25T10:16,5,27.25,Cash,Pending
2270e61e-522e-4582-a25b-b5fba931086c,515fe1d2-d33a-4b9d-8c19-07e0cbe81a9a,2024-04-22T10:16,8,79.68,Cash,Pending
327e2911-e066-4f79-9c81-7914632266dc,6f61ca8e-51a1-48e0-abfa-88326e713e34,2024-11-24T10:16,7,110.74,Online,Cancelled
75eccd85-e4b1-4477-a659-03013beba6fd,000f9c8f-2fc7-4346-844d-c04f10751265,2024-08-14T10:16,7,141.61,Online,Cancelled
61ae0da0-b440-4146-b754-e15188760e2a,d87f31d7-79ef-4c17-856e-142e791b04da,2024-04-28T10:16,7,177.52,Online,Pending
e96c0043-b428-4f7e-b18d-46efa7497e8d,bb9edfa8-17f7-4f6f-8e3b-616693a298b1,2025-06-02T10:16,2,33.04,Online,Cancelled
8e044c23-7888-4503-9d10-2f0d6b6f26da,69446e90-4237-4410-ab55-e011eb04cce0,2025-03-10T10:16,2,34.06,Cash,Cancelled
b292e914-0edb-4ed1-9f42-1cc42483ad00,14eace30-1ac2-411e-8eef-98e8f32a87fb,2024-03-16T10:16,1,22.51,Card,Pending
57eff82c-2045-4445-bf31-9ca3719316b0,69446e90-4237-4410-ab55-e011eb04cce0,2025-03-04T10:16,7,207.20,Online,Completed
45a9c699-2fe5-49f1-a30e-38e2eadcfd3f,0dd437d0-74fa-43c3-8909-5c955e4d47dd,2025-06-05T10:16,1,10.60,Card,Completed
de4b2c90-fce2-4681-ac08-113cd69ecbfc,485b65e7-fdf4-474d-afba-37986d8d3cd8,2025-09-15T10:16,3,46.32,Cash,Cancelled
95f06403-b9dd-45d1-a36f-3c4e0464af0c,bb6ceda0-3f7a-4dfa-9862-41a88dd468b2,2024-12-25T10:16,3,36.45,Card,Completed
69b0efbb-072c-41b5-ace4-a28f2f985da0,6e6d2c67-f7fb-4a98-8f9a-4822259b25c4,2025-08-10T10:16,3,49.05,Cash,Cancelled
8ffa9c61-a4be-45b1-ae4d-2c08d8c42206,f0a6a958-e434-41bf-a830-dffa55a34db5,2025-08-25T10:16,6,150.96,Cash,Completed
eafb8ead-c4de-4a25-86cd-61d478cac38c,68169a66-a8d4-4763-914e-7befc826445b,2025-11-05T10:16,1,17.88,Cash,Cancelled
c4cbed34-1939-4fb9-85fa-f7dc0e7f9a49,050d9901-1cb5-413a-9c31-282028f863c1,2024-12-25T10:16,3,48.93,Online,Completed
cebd0678-f568-4177-a65b-3a9bc8c24c7c,0a570207-0f70-467f-bbeb-44a0a60a9a25,2025-03-04T10:16,8,237.52,Cash,Completed
af425e0c-8a07-4dec-8b5d-11d3d2f62186,d3f641e5-b8b5-4f5f-9155-7768df2033e8,2024-08-17T10:16,5,142.25,Online,Pending
21fb0775-6b4f-4833-b81b-116a0ebc1c05,56a75a3e-a944-4147-8cba-f1024726993f,2024-01-16T10:16,9,97.92,Cash,Cancelled
74e9d5dc-4773-4ce0-8daa-cee7046ace74,515fe1d2-d33a-4b9d-8c19-07e0cbe81a9a,2023-12-17T10:16,3,19.53,Cash,Pending
2c1e071f-5b45-4862-82ba-da8e5df77bc6,058b9c75-b72f-4594-80d2-e41194ff7672,2025-06-29T10:16,3,16.98,Online,Cancelled
e6ab5fda-cdc7-4cb8-8c63-db33f114c4c3,3910ab11-8758-4a4f-8a9b-c4f5df7413c4,2025-10-02T10:16,2,10.08,Online,Pending
8fd85af0-8ce2-4434-af32-9de667d0604e,59827b2a-ae17-44b1-bd6f-6f08718559cb,2025-08-20T10:16,9,59.31,Cash,Cancelled
a425288c-955a-4830-9253-8b42a38e7f7e,f067e21d-d1d4-4e87-9cae-9753f5f9ccb6,2024-04-05T10:16,8,204.96,Online,Cancelled
16a8d5f5-d621-4209-bc02-82b29735afea,cf65c4b6-4c1c-420b-95de-23e5b56ffad5,2024-01-03T10:16,3,38.10,Card,Pending
fca14153-061c-4a5c-b077-f2f31ae9773b,515fe1d2-d33a-4b9d-8c19-07e0cbe81a9a,2025-06-06T10:16,5,141.90,Card,Cancelled
18ba6736-6d82-4d98-bc2d-cbe82c2d102f,6945f6f4-b8f9-4d04-90ff-e59ed705578e,2025-07-24T10:16,1,15.87,Cash,Pending
f7f54b15-a39e-4c3a-8542-dcf8ab0cd3f0,7c991f43-c18b-4404-8826-97691b0dc00c,2024-08-26T10:16,3,53.22,Card,Cancelled
e18df92c-b3df-468a-998b-1d7ad1aa6a6c,caca465c-e9f2-4add-91b5-24c70595e321,2024-07-14T10:16,1,21.54,Online,Completed
d88c793e-10ef-4a74-adb2-45e4921b05b4,d33bbfcd-a2ca-4e80-8a1c-65223f061e7e,2024-11-30T10:16,1,28.66,Cash,Completed
460681b4-9301-442e-b07d-8cfd0460b9ae,0a0ac3e5-6e20-4fbc-87ec-5481c70e38bc,2025-05-15T10:16,8,175.36,Card,Cancelled
0867d0c0-3dc0-4e76-8876-6cf3932da115,c9dcc28a-ae5f-477c-ae7e-72d94129f449,2024-04-02T10:16,4,38.12,Cash,Pending
9fd7b9ff-120c-4bd2-80dd-aae64f2e7434,726d71e2-70fd-4416-8568-78619c14a73a,2025-08-15T10:16,3,52.98,Online,Pending
718ae9ce-cd74-46e0-85e2-568af3fe8872,4e6807ca-aed8-4ec9-b1b0-0e3aba57efb1,2024-01-25T10:16,2,54.18,Online,Pending
d7c8cc14-833d-4dc3-9a96-a143660ec5ad,6117b6f0-c4f4-4bf1-9eeb-f33950decba8,2024-06-20T10:16,7,169.40,Card,Cancelled
ee5998ac-327d-46dc-94f1-b0418e34a4fe,93cdeef1-3fc3-4a63-a275-0ae87ae6b335,2023-11-30T10:16,2,10.38,Cash,Pending
2370b4c1-5e75-4fce-9ffc-e97c8338a0c7,0dd437d0-74fa-43c3-8909-5c955e4d47dd,2024-02-14T10:16,9,242.91,Card,Cancelled
86967789-272d-4a62-bf6b-4383ae5220d9,8e1bbe6c-7b75-46dc-8ca1-0b1664cd6ae4,2024-05-12T10:16,5,88.55,Cash,Cancelled
a921f99a-6f76-42df-aeec-9a8bb2b91c14,8887df7e-682b-4d48-b18c-c1ddfa0aaa26,2025-06-28T10:16,6,106.02,Cash,Completed
2125130e-b3a7-4cce-9c23-7d0524f6d9cd,02c65c06-56ad-4670-b8e2-10ab417c7154,2023-11-15T10:16,5,109.95,Online,Cancelled
1ab14b70-53fa-402d-818e-c7b655f0fb17,f543de06-e341-4de2-95ab-ca0fd3ee51fe,2025-03-20T10:16,6,112.26,Cash,Completed
5adf9921-12de-4127-8588-8c97305055b0,5f0f3def-9ff6-4282-ad04-001c4a769966,2024-06-29T10:16,3,24.87,Cash,Completed
4d5e8ce9-f650-4514-9934-f7d9797c7829,9b9edd1e-b4f7-414c-b8b5-a3dc51fa0a8c,2025-09-02T10:16,9,251.82,Card,Pending
d20df6a6-6b0f-43f8-8d40-c694f5d0658e,5f0f3def-9ff6-4282-ad04-001c4a769966,2025-06-15T10:16,7,62.09,Cash,Completed
702eb5c1-f2e0-4bea-ab3b-d72c6a4ce188,0e0d5f13-edd5-4ab0-9ddd-3df111bedc5a,2024-10-16T10:16,9,243.90,Cash,Cancelled
8186634a-bd88-48d2-ac82-e34e14b7caba,67c276b0-7be6-4f3c-bf86-c342095c8112,2023-12-28T10:16,2,43.04,Online,Completed
c9854f3a-6628-4aaf-8f07-cfed0f67bd72,0a570207-0f70-467f-bbeb-44a0a60a9a25,2025-09-28T10:16,7,140.91,Cash,Cancelled
b2ec114d-6950-4f21-ac55-a6d62af6e465,f3826f04-0dfa-4266-8002-58fede0093f5,2025-05-23T10:16,8,70.40,Online,Pending
278c289e-b546-425b-81d1-02e38b1a5e3b,0b2a0e9a-e050-4380-b607-57adcbbf59d4,2025-11-09T10:16,7,135.80,Online,Cancelled
9a1775d9-583f-4062-bc03-a228bc13dae5,d33bbfcd-a2ca-4e80-8a1c-65223f061e7e,2024-06-30T10:16,9,74.79,Card,Cancelled
39f6d758-40b8-431b-99db-f9f2cf6465b1,c0d74d86-5c5b-481d-b8e3-61eeb9c77255,2025-03-08T10:16,1,19.58,Cash,Completed
b98bcb39-6800-4f13-9c7f-911b2508f804,8b115a34-224b-453c-be69-b53a7445b466,2025-09-24T10:16,5,137.45,Online,Completed
ef05f1f0-ef75-4f47-8893-d4fa78982071,0472ca7f-b133-4710-8f43-24a3c6c1afd1,2024-07-28T10:16,7,198.94,Cash,Completed
9f49f82b-33e2-4983-9cac-36f4ff6328fb,205ea7f7-e714-45b8-a083-11247ff702a1,2024-12-20T10:16,5,55.65,Card,Pending
5f157e71-0107-4879-aa24-3c2bff75fb63,80537cf2-360f-4740-8b7e-d4cd56e22987,2024-01-05T10:16,5,100.25,Cash,Pending
d04496fd-b5fe-4c4d-8b63-345a92239605,8b115a34-224b-453c-be69-b53a7445b466,2024-08-24T10:16,3,74.04,Card,Cancelled
6509dd94-c515-4613-af5a-fd646848458f,3ab3404a-ee80-4ed2-8d90-a6f0dad14e48,2024-09-10T10:16,6,34.74,Card,Completed
64885797-a0f3-4b1a-8979-4eff03d3fa67,8626238e-5813-415a-9a8c-db944b1e0269,2025-05-18T10:16,1,14.32,Online,Cancelled
e97a4983-c3ae-46a9-b2b1-e76c0399fd61,2c6dafc9-06cc-4b3d-8b8d-12aae0644c58,2025-09-13T10:16,1,5.37,Card,Completed
5d9d41ff-391e-498e-acce-8880f1eae083,23650eb4-f98d-45a3-a90b-a378f03d469d,2025-07-25T10:16,1,12.75,Cash,Pending
ea521f4c-045d-4be4-a9bd-e17c793b9530,1eeb9c5f-5b7a-47af-b4f1-5a50d9d1089c,2025-10-23T10:16,3,32.49,Cash,Completed
245a19f0-c113-4e5c-9c11-49f225f647e0,6945f6f4-b8f9-4d04-90ff-e59ed705578e,2025-04-26T10:16,3,45.99,Cash,Cancelled
a5757827-2baf-4762-bf5b-7a2a8bee7771,00d7ae70-0f46-4453-963c-4ab2a3d29314,2024-12-14T10:16,3,21.57,Card,Cancelled
560babe7-0471-401e-b47f-5a896f857e2d,f0a6a958-e434-41bf-a830-dffa55a34db5,2024-03-26T10:16,4,62.68,Online,Pending
a42d2d62-3a67-43c6-8e91-926c4ccc9b5d,e7991221-0de0-4ef8-aa9c-ca3b59197059,2024-09-15T10:16,9,77.85,Card,Pending
23c8a09d-2f44-43b3-803e-d22ecf5b1d83,3e97fc93-73a7-45e0-9888-f7a03ee258a7,2024-03-31T10:16,7,161.07,Online,Cancelled
2cfc1026-cb06-4724-8351-94259134b614,5f0f3def-9ff6-4282-ad04-001c4a769966,2025-11-09T10:16,9,52.56,Card,Pending
3c813d5f-f151-4bbe-9561-16c589ab1e97,a5ffc907-be77-43e6-8694-4a0bf09bd3fb,2024-12-29T10:16,5,144.75,Card,Cancelled
486060c1-4653-43d2-b9d3-f9d49d49205a,4f6ae324-5b6d-47d6-a86d-26ec6fbe1e0e,2023-12-02T10:16,6,89.52,Online,Pending
3679c02f-3f3b-4e1f-8641-31ef55a59d17,0a5a9fc7-e126-48f0-99aa-dea85c606f66,2025-06-25T10:16,4,33.16,Online,Cancelled
6a32c142-a813-4ca9-897d-f99836f8b174,4b14a58c-f1e4-40b6-888d-a88cd7055099,2024-01-30T10:16,9,138.06,Cash,Pending
49e2abeb-5147-4141-832d-c030b80edf36,69446e90-4237-4410-ab55-e011eb04cce0,2024-07-04T10:16,8,40.40,Online,Completed
7ceed068-6b82-4f48-bd8c-e54e7f28dfe4,23650eb4-f98d-45a3-a90b-a378f03d469d,2024-01-12T10:16,2,19.00,Online,Cancelled
7c78e541-91d0-403a-9964-ca0c0b9f41bc,52fbb114-83aa-432d-b2f1-f3e37a5c4754,2024-01-21T10:16,4,99.00,Online,Completed
53bbc904-c5c8-4d64-b37a-66d54644f469,ebbc7df0-770d-44f8-b0ff-c62f9006e40e,2025-10-19T10:16,7,147.84,Cash,Completed
de4c5a75-5b8f-4896-9c20-095ffc75613b,d5eaf6a7-76cc-48ec-98d9-ba713e2df70f,2024-06-26T10:16,1,19.43,Cash,Pending
211ff74b-48fa-4c3d-aca3-15a5fb023f2e,1eeb9c5f-5b7a-47af-b4f1-5a50d9d1089c,2024-05-10T10:16,8,46.00,Cash,Completed
d2d57cdc-46b7-4481-8d4b-478655b514e9,14eace30-1ac2-411e-8eef-98e8f32a87fb,2025-05-26T10:16,8,127.36,Cash,Completed
8627dd47-49dc-43dd-bd36-60c19c57e4de,9305d562-2505-493d-8ed8-3fb721c8f491,2025-07-29T10:16,8,213.92,Cash,Pending
c155e016-5892-4f3c-be20-278f6cdd4887,ef7fad1f-a86f-4ee1-95b4-ce1f339f0fa5,2024-08-14T10:16,8,159.76,Card,Pending
a8c37ccc-9d4d-45eb-9833-0e9d39605385,f3826f04-0dfa-4266-8002-58fede0093f5,2024-07-20T10:16,7,87.29,Card,Cancelled
a9e0f7d1-b557-47cc-a5c1-dc7150773d0e,9b9edd1e-b4f7-414c-b8b5-a3dc51fa0a8c,2024-07-29T10:16,8,57.84,Cash,Pending
eb9afafd-f63d-4d04-94e8-a5541fef645d,401a6911-a31e-4892-adc1-56e3e1eb090a,2025-04-29T10:16,4,118.76,Cash,Completed
3d752311-96d4-4edc-9028-5baae0810874,3befa4dc-d961-4a3a-9410-d43d1bdaa335,2024-07-30T10:16,6,44.04,Online,Cancelled
c7a64872-88a8-4328-afc5-5ee3b014fb05,bf0de251-90d7-423c-8b31-48df1a89964f,2025-10-22T10:16,6,129.30,Online,Cancelled
2131973c-dcca-45e2-b9ca-4f30d5eacb41,b047b369-02d0-4f25-9af0-f1e883228863,2024-05-28T10:16,9,132.21,Online,Completed
ec33f34a-d331-4843-ac54-3e8f9aba4f1a,63846b60-b7be-4087-ac6e-56c9bc130a20,2024-06-04T10:16,4,47.84,Card,Completed
266d1e74-1c7d-4208-8b79-cac6fe0d9106,00d7ae70-0f46-4453-963c-4ab2a3d29314,2025-07-11T10:16,7,172.55,Cash,Cancelled
4fb5da03-a405-403b-8ec2-a37c216b99a3,8626238e-5813-415a-9a8c-db944b1e0269,2024-06-15T10:16,5,90.75,Card,Completed
7b62dccd-cb31-4fe1-bb28-c600dbcaad2d,9b9edd1e-b4f7-414c-b8b5-a3dc51fa0a8c,2025-08-11T10:16,2,26.28,Online,Pending
ffa08248-ca55-49c6-af37-c02d8d9b3f4f,0a15d43b-8f6b-444a-bef2-ffbddfdbd16f,2025-03-09T10:16,4,39.52,Card,Cancelled
e9dff2fd-31a6-45a4-a813-f9c6cc06c82d,b04ce307-2d1f-4214-b023-d8f4379041a1,2025-05-18T10:16,6,71.16,Card,Pending
6434669f-9c25-47b6-9295-fce75b3cdc24,b3688304-b24b-416a-9bf4-c2b6aaeb59d3,2025-08-26T10:16,2,56.30,Cash,Completed
13f64e22-3679-4b0a-8671-1f3262a58d30,3dcaabe3-78c9-4d88-bed5-56ca7ceea07c,2025-03-24T10:16,2,55.08,Online,Pending
3e64c18b-0b22-4f72-bd57-cf5cac0acef2,8b115a34-224b-453c-be69-b53a7445b466,2024-07-20T10:16,9,263.97,Cash,Pending
b25d2111-974d-492e-af15-ac126fab41a6,c9dcc28a-ae5f-477c-ae7e-72d94129f449,2025-05-31T10:16,7,77.49,Cash,Pending
88bda772-a5de-4a96-b9d8-3d4b748c78f5,21edfc22-3f73-4335-a774-3cf78ab65e86,2024-09-11T10:16,3,82.35,Cash,Pending
a4ca04c9-1603-44ac-9eea-720f8bcd0ea1,4739f27f-7a96-4d52-83ae-0c6fd4c8c606,2024-10-30T10:16,1,13.86,Online,Pending
35c03c2d-b879-4e2d-b962-c27f5dfc3a25,e277d099-db2a-4aee-ab86-8b0e73a34383,2023-12-06T10:16,6,176.16,Card,Completed
493b3aed-71a4-45c6-b1fa-0142537e1356,401a6911-a31e-4892-adc1-56e3e1eb090a,2025-01-21T10:16,4,31.40,Card,Cancelled
1652f069-6242-4d2f-b0e1-11b459db9ff4,caad7924-4bc5-4f85-9662-11ca261e3c87,2025-04-23T10:16,7,191.38,Cash,Pending
b5317886-3c07-45c7-8620-c2a6ac3e4b36,4bb2d776-14c0-4ef6-b8ba-c580cbed72b8,2024-12-25T10:16,9,239.58,Online,Cancelled
9e61bb9b-c442-4fd9-a250-a621094a82e2,fbe227d7-6d32-4407-9783-7fdac983e55f,2025-04-14T10:16,9,246.60,Cash,Completed
a144d227-0334-48cf-a6a0-95d40e6d0dd5,ba5d9947-b043-4aca-8ee0-6b77895cf8e8,2024-04-22T10:16,4,51.64,Online,Cancelled
321ea967-2f5a-4f95-b67e-d99a10be4b64,02c65c06-56ad-4670-b8e2-10ab417c7154,2024-03-08T10:16,6,135.18,Online,Completed
98ba10f8-a04f-4004-af04-257e87fe6b8d,5400d214-6176-40bf-88d2-3f53ed38bf69,2024-05-31T10:16,8,201.92,Cash,Cancelled
58765617-143e-4a4e-aff8-402e633b0adf,ada8704c-2784-4d70-84da-10078407d2c8,2024-09-18T10:16,2,23.96,Online,Cancelled
a18edb62-9f41-42fd-b222-c63d9efec5c0,8113211c-bdc3-4bb0-94d9-3fd3871f3005,2025-08-25T10:16,9,191.97,Cash,Cancelled
a4706f3c-bcab-41b1-a77e-949d695bfdfe,885715b6-b1eb-44ca-8460-28c0343e56f3,2024-06-27T10:16,2,18.88,Cash,Cancelled
56563c95-5b67-47d3-9715-4d8458af4895,9b9edd1e-b4f7-414c-b8b5-a3dc51fa0a8c,2024-06-26T10:16,2,13.90,Cash,Completed
d7119036-d9df-4d19-957f-897e34f2f185,3befa4dc-d961-4a3a-9410-d43d1bdaa335,2024-03-06T10:16,3,27.51,Online,Completed
58a1a9f9-408c-477c-b69f-b5a727c89a89,a3f626b9-cc27-4c04-8570-be79ab8bda4a,2025-10-21T10:16,8,231.20,Online,Completed
a71cf6e6-5cad-4343-87fc-cb4a1abde27c,205ea7f7-e714-45b8-a083-11247ff702a1,2025-06-18T10:16,1,18.19,Online,Pending
4bee99fe-dc22-4197-942e-ec8c00de914f,428424b7-1f94-496a-8b7a-497ce177d32c,2025-04-19T10:16,5,87.00,Online,Completed
0ea5275b-cea8-4e4a-bfde-1526c2a5177d,1d32c3b3-c732-4995-aa6b-ff159deb3bdf,2023-12-05T10:16,3,43.05,Cash,Completed
a237a836-c63f-4503-a61c-0256b44278f3,cd50913f-8c99-4253-9134-0cf5fe5f300f,2025-09-13T10:16,5,55.65,Card,Pending
fcb2013c-342d-4f59-892a-93887d00d417,52fbb114-83aa-432d-b2f1-f3e37a5c4754,2025-04-19T10:16,9,200.97,Online,Completed
c30180d2-13f2-441c-a826-f333c845af71,73a2b03c-2dca-486e-8ebc-c4d6bb68a8c6,2023-12-24T10:16,1,23.56,Card,Completed
c562a71c-d16c-497a-b989-72d44342709e,52c87fd9-fdf0-4256-b929-6153ad24a0ac,2024-06-09T10:16,2,56.72,Cash,Pending
5eeb89d1-dbda-436c-b2b5-ee56221f40ab,cf65c4b6-4c1c-420b-95de-23e5b56ffad5,2024-04-22T10:16,2,36.10,Online,Cancelled
f67a8fe3-7e53-41cf-ad3c-e1280876679f,80537cf2-360f-4740-8b7e-d4cd56e22987,2024-11-17T10:16,5,130.15,Cash,Pending
e7bd3b6a-1bfc-4dea-b0ff-c1b36f651bcd,06e585f0-5b60-4900-81d1-3379328e6c17,2024-12-01T10:16,8,62.24,Card,Pending
35ce853d-1329-48eb-9a41-a75c4ae8a4f3,910b1d47-5c37-48b1-8bde-96c60660f1d7,2024-08-21T10:16,2,50.72,Cash,Pending
53dadf4d-7a16-46dc-b3d6-af4c9e89a128,953417c6-cd52-45e9-9ca0-bb450653c934,2025-10-07T10:16,2,24.72,Online,Cancelled
3e68a27d-584c-4d4e-814a-9182500fdaed,cb8747c7-32ca-4b6b-868d-13ab01d953ec,2024-10-29T10:16,2,51.70,Card,Cancelled
32906314-6c02-4124-8a82-114f46dd0210,0b2a0e9a-e050-4380-b607-57adcbbf59d4,2024-09-24T10:16,5,62.75,Cash,Completed
908ba916-c0f9-472f-ad07-408cf09616d0,e277d099-db2a-4aee-ab86-8b0e73a34383,2024-11-10T10:16,3,61.56,Card,Cancelled
0391d1d5-d3f5-4f11-8bc9-bf1279c0aea7,8887df7e-682b-4d48-b18c-c1ddfa0aaa26,2025-04-23T10:16,2,20.92,Cash,Completed
01d1c74f-4e5e-47de-bf59-073054360ca0,0b2a0e9a-e050-4380-b607-57adcbbf59d4,2024-10-06T10:16,6,148.08,Online,Completed
9fe2e024-add1-42ba-b88d-b83577068b13,205ea7f7-e714-45b8-a083-11247ff702a1,2023-11-29T10:16,9,236.07,Card,Pending
a0b6ff74-98aa-4897-aa4a-8ac551447a5b,93cdeef1-3fc3-4a63-a275-0ae87ae6b335,2025-09-08T10:16,2,35.20,Cash,Completed
10735884-b3b7-4084-8500-6f405f936bd9,71f17b36-2c37-4cfa-bf8a-894fa94c0e9b,2025-05-12T10:16,3,33.63,Card,Cancelled
156b2046-036a-476d-875f-f50938d62655,02c65c06-56ad-4670-b8e2-10ab417c7154,2025-03-26T10:16,5,62.45,Online,Completed
c602d6e0-1b41-45ab-9ab2-a5beaee134ee,8113211c-bdc3-4bb0-94d9-3fd3871f3005,2025-05-19T10:16,7,127.68,Online,Pending
bdbf0b31-c838-40f8-a4b7-0edd4ccaed26,fe624323-ba72-456d-9842-ed9e0edc75df,2023-11-13T10:16,7,177.45,Card,Pending
0d17acc7-2fd0-4e5a-817f-f0ea8b94d353,0a15d43b-8f6b-444a-bef2-ffbddfdbd16f,2025-05-18T10:16,1,14.46,Online,Completed
dd3d62eb-01ef-41e8-a665-74fbf6e1337c,27e45431-1333-4ffd-a0c8-be56ffdc5d4e,2025-04-11T10:16,5,38.60,Card,Completed
1b16d2f9-890d-4d1d-b9c6-fb8831027ad9,a938df5f-7764-459c-8bfd-90409d16b3c6,2024-01-22T10:16,2,53.34,Cash,Cancelled
0dd2fe4c-a4f1-4ec3-baf9-43519b8a44ac,62a2bfef-ca4a-4dec-90ea-bf15ea1880d2,2023-12-19T10:16,1,27.35,Cash,Cancelled
69e11da0-5541-4bed-a14d-570957ee9239,5f6e51da-5f01-4c9a-85dd-7d50ef37e5d7,2024-01-10T10:16,7,48.44,Card,Completed
d6dce694-3a99-45ea-b347-8e0d84f3e5b6,d5cfb1a3-ce2f-4aff-ab4c-50e0c5426af1,2025-08-06T10:16,9,236.25,Cash,Pending
fdb7f677-428f-4f47-a0d6-cb72dafe2837,14eace30-1ac2-411e-8eef-98e8f32a87fb,2025-08-25T10:16,9,226.44,Cash,Pending
d4b3c487-1fdf-491e-ae89-725cbab85a53,9c53f3f8-5b22-4d77-bd76-cfa6c70e443c,2025-06-29T10:16,1,6.34,Online,Completed
40db1406-9ce5-4de9-ac11-2c08b024d2b4,aac35608-9499-49c5-811a-a059e773c968,2025-05-30T10:16,7,127.19,Cash,Cancelled
b0308dd5-5722-422b-b69a-a8233f526759,b6c26110-1b77-4777-8c79-c69ec19b66df,2025-06-11T10:16,5,60.15,Cash,Pending
f5b8d4e6-d7dc-4dab-8ba2-1ed7ec073f0c,9fa382f0-8393-48db-ad30-43c953282401,2025-07-14T10:16,3,52.80,Card,Pending
c91f9924-e637-4701-9690-f0b08598f1c7,e12c3d24-86c8-474f-b86b-370df36adbfe,2025-07-31T10:16,4,90.76,Cash,Pending
95b635e2-4870-4ece-b46e-b937af9294d6,8b546c63-5406-493d-bc69-cfb594b38267,2025-04-15T10:16,2,42.80,Card,Pending
1eccf59c-5cff-48ae-a05a-93d6b40af83b,6e6d2c67-f7fb-4a98-8f9a-4822259b25c4,2024-08-22T10:16,7,198.80,Online,Pending
c45c9099-383d-4940-a7ef-872651c6d614,7a18d550-38d0-40b2-84a7-547162e7e409,2025-11-03T10:16,3,56.10,Card,Completed
10e72af3-ca87-4de4-a553-77dc8669a6da,a938df5f-7764-459c-8bfd-90409d16b3c6,2024-09-23T10:16,1,19.86,Online,Cancelled
873ae215-12e5-4c2a-8440-106b852e1d5a,caca465c-e9f2-4add-91b5-24c70595e321,2025-03-14T10:16,8,52.24,Online,Cancelled
37a3c6df-8ad1-44a4-9c9f-2d711eec4ff4,8250871a-2b35-424e-a1a1-4eb4faffabfb,2023-12-26T10:16,6,72.72,Cash,Pending
db0b5203-d467-4333-a230-af7f7f3cea50,b047b369-02d0-4f25-9af0-f1e883228863,2024-05-08T10:16,8,145.28,Online,Cancelled
5e57d523-129a-4ca5-a252-870c5436aaf7,4e44f26d-5455-405b-8fdb-63ab8b739ecf,2025-04-15T10:16,6,57.18,Online,Pending
837f7792-c873-42d4-b6ee-6fa899f7189d,c1a09d60-c9e8-4489-a68e-e01b51541d33,2024-06-21T10:16,6,86.46,Cash,Cancelled
2532d242-4af3-48ea-bd89-059aad682b8b,25659c0e-6eb5-4c57-add8-fb6ac5f42699,2025-03-01T10:16,6,88.08,Card,Completed
5f9517e4-91b8-4025-ba3a-37ee2bd229ff,cf65c4b6-4c1c-420b-95de-23e5b56ffad5,2023-12-06T10:16,6,137.82,Card,Cancelled
ca4c795e-86cb-41b5-a58a-947b404708fd,6aaabc79-3d35-410f-bb96-f86a3930d0ff,2024-02-15T10:16,6,164.52,Online,Completed
f18e91b9-17ab-4ac7-a1af-e8ba692a6d79,c5817fdc-a4dc-4879-b957-30cfda62016b,2024-05-28T10:16,6,108.60,Cash,Cancelled
cbe07746-6224-480b-aad2-97886c0e46d6,c0d74d86-5c5b-481d-b8e3-61eeb9c77255,2025-07-28T10:16,5,132.80,Online,Completed
69a5008c-f30c-4d75-87c5-36cd8d6ce32f,d3f641e5-b8b5-4f5f-9155-7768df2033e8,2025-04-26T10:16,3,52.41,Cash,Pending
c994ae3d-2865-415a-a159-4fbcd3a3657a,52c87fd9-fdf0-4256-b929-6153ad24a0ac,2024-02-10T10:16,8,199.84,Card,Completed
1b6b9917-d861-47d8-9ee7-9b37ffbf72a4,4bb2d776-14c0-4ef6-b8ba-c580cbed72b8,2024-07-09T10:16,8,221.44,Card,Cancelled
6976391a-a9d0-4bed-a56f-fe6346e34614,65b2c0ea-6192-47fc-9286-2c1dd3ecefb1,2025-06-22T10:16,9,87.84,Card,Pending
e6cb8cf3-d05d-48e5-8075-c19e000db416,67c276b0-7be6-4f3c-bf86-c342095c8112,2025-04-04T10:16,6,80.76,Card,Cancelled
b7cff17f-e9ca-45ae-ae7b-7df778ff0889,69446e90-4237-4410-ab55-e011eb04cce0,2025-05-12T10:16,3,24.33,Cash,Pending
4ca80651-feac-4af3-8c0c-e3ba0567deaf,5f0f3def-9ff6-4282-ad04-001c4a769966,2023-12-17T10:16,6,148.74,Card,Pending
f1587cea-4683-47e5-a8cb-bec01c639252,89d26a00-0fde-4c03-8430-b06f6bc3f33a,2024-03-05T10:16,1,20.62,Card,Cancelled
2c66733e-4dd0-4563-89c8-7f7b8368cfd3,8113211c-bdc3-4bb0-94d9-3fd3871f3005,2024-11-07T10:16,5,114.85,Card,Completed
58ac092f-af5c-447c-987f-2ee4b192933b,74e76582-f1b8-4560-b049-8aebb59d4721,2024-03-29T10:16,5,126.10,Cash,Completed
82ceccb6-9e9e-46e5-b4ed-c4d58925ecd4,4bb2d776-14c0-4ef6-b8ba-c580cbed72b8,2025-06-28T10:16,2,29.64,Card,Completed
6b6dc096-e7e5-429c-ab21-8864e190ca98,1a31c678-d420-495a-aff3-0f1609514e1e,2024-03-08T10:16,9,228.15,Cash,Completed
54b9e9cf-ad99-4524-b98c-bb0f87bee292,a938df5f-7764-459c-8bfd-90409d16b3c6,2024-02-02T10:16,9,223.20,Online,Cancelled
90309deb-9a11-4f30-8715-440230a6087c,92da274a-bea2-490a-bb52-196c46fa8487,2025-09-03T10:16,1,12.17,Online,Pending
bf6484d1-ebfe-402f-8997-961594ef74a2,fe624323-ba72-456d-9842-ed9e0edc75df,2025-03-13T10:16,1,7.08,Card,Pending
28a49367-164d-4040-8bcd-a92211bc202b,205ea7f7-e714-45b8-a083-11247ff702a1,2024-12-20T10:16,1,29.07,Card,Completed
bade6553-574b-48b6-914d-52469c915bec,b04ce307-2d1f-4214-b023-d8f4379041a1,2025-02-16T10:16,2,55.82,Cash,Cancelled
784bfbb4-0691-4ade-a4f1-37e4f72ab77f,205ea7f7-e714-45b8-a083-11247ff702a1,2024-11-10T10:16,3,50.49,Cash,Cancelled
1a04fc4b-d276-41a3-9b80-9373830e0f9e,e6e1db85-f8ba-4264-9c9a-520ecda4bc4c,2025-07-03T10:16,9,136.35,Cash,Completed
831a715f-2d7c-41fe-85d4-d40e208e9849,06e585f0-5b60-4900-81d1-3379328e6c17,2024-11-22T10:16,7,135.73,Card,Completed
12cb1a3f-80a9-4254-a1c9-6fecc767e7cc,6bd388d4-5636-450b-bacd-55bdcb769bab,2024-01-01T10:16,4,86.60,Cash,Completed
7556374d-34c8-49d5-838b-d42b98a76260,a938df5f-7764-459c-8bfd-90409d16b3c6,2025-11-01T10:16,7,188.86,Online,Pending
3cbdad79-3b03-4122-b194-10c154033bd7,74e76582-f1b8-4560-b049-8aebb59d4721,2024-05-03T10:16,2,33.30,Card,Cancelled
46294551-f254-4666-832d-f40b083b8880,60cd80b6-3967-4dae-b4df-adc7b5644971,2023-12-10T10:16,3,47.52,Card,Cancelled
fd30690e-c1e8-4695-ba6a-e53f7b8ca138,6117b6f0-c4f4-4bf1-9eeb-f33950decba8,2023-12-01T10:16,9,84.78,Online,Cancelled
26e98cdf-c7b3-4c33-97bb-9f0d0205b443,59827b2a-ae17-44b1-bd6f-6f08718559cb,2025-03-02T10:16,1,5.27,Card,Completed
6d54fd74-63ad-4a7b-9186-d04733891132,99c406e7-092b-4eeb-bc08-56fc041c253d,2024-02-05T10:16,5,120.20,Cash,Pending
03d8d9db-e71d-40b1-be97-d0f247b61627,bfa3444b-2be9-46be-b944-720d86a59770,2024-12-02T10:16,6,54.72,Cash,Cancelled
9eb61331-e3f9-4aa6-9813-cffb520c916b,93cdeef1-3fc3-4a63-a275-0ae87ae6b335,2025-02-01T10:16,2,43.58,Card,Completed
4ad102dd-cbdc-4840-b476-4944e466595a,c5817fdc-a4dc-4879-b957-30cfda62016b,2025-06-25T10:16,4,111.44,Card,Completed
a461f73a-447e-4c88-a51a-283b1c17e95c,5eb75bc0-d5fa-4209-9d42-7767f3f0585b,2024-10-03T10:16,8,153.52,Cash,Cancelled
55fdd4fa-9aab-4cdf-b5c8-21ed90bcbbd0,6e551d53-4f6d-4b84-a9de-3d7c79694805,2025-04-26T10:16,5,35.45,Online,Pending
e202b2bb-0780-428b-9848-73cd2b81ab1f,5f6e51da-5f01-4c9a-85dd-7d50ef37e5d7,2025-01-27T10:16,8,92.96,Card,Completed
12b9261c-9cd8-493a-9dc9-52afe99e3190,26d032f1-9fe9-487a-987a-a8be14e1db05,2024-08-31T10:16,1,18.33,Card,Cancelled
f25543f8-b861-4384-912b-05a69d86c61e,2a109685-1399-4149-8951-fba29bb0360d,2025-11-08T10:16,7,172.48,Online,Completed
7bb374eb-379f-48f4-931d-f2c407349b07,cd50913f-8c99-4253-9134-0cf5fe5f300f,2025-04-21T10:16,9,189.90,Online,Pending
f5850bc3-8411-481c-9ac3-f363f0cf3dfa,d5cfb1a3-ce2f-4aff-ab4c-50e0c5426af1,2024-08-22T10:16,4,26.48,Online,Completed
f32d18c3-2a55-4586-ba66-8d3aa5894b5c,d33bbfcd-a2ca-4e80-8a1c-65223f061e7e,2025-05-31T10:16,9,78.57,Cash,Completed
5bff87e5-ba77-4aff-afc4-39cb9ca4407b,953417c6-cd52-45e9-9ca0-bb450653c934,2024-08-06T10:16,8,121.60,Cash,Completed
0417f98f-2183-4c52-9444-451c2e1dca99,f543de06-e341-4de2-95ab-ca0fd3ee51fe,2024-04-27T10:16,8,49.92,Online,Completed
366a313e-7b27-4803-a60a-5c251ff7e2e3,fbe227d7-6d32-4407-9783-7fdac983e55f,2024-01-18T10:16,9,207.63,Cash,Completed
c23bdc26-cb75-4bcd-9f21-84897565d653,6aaabc79-3d35-410f-bb96-f86a3930d0ff,2024-07-25T10:16,1,29.34,Online,Cancelled
9b31f69e-3e0c-438b-9d17-dabfee9edecb,4739f27f-7a96-4d52-83ae-0c6fd4c8c606,2024-06-27T10:16,2,52.48,Card,Completed
6baed35a-6143-4a60-8cc3-5d6c5683d0f4,ba5d9947-b043-4aca-8ee0-6b77895cf8e8,2023-12-28T10:16,2,13.74,Online,Cancelled
929a0e89-cffe-4b51-9ec6-e1a473277aa7,25659c0e-6eb5-4c57-add8-fb6ac5f42699,2025-09-12T10:16,9,216.00,Cash,Pending
5fd6fea3-439e-4dd9-b0f6-f4c0e85b99a2,e277d099-db2a-4aee-ab86-8b0e73a34383,2025-10-01T10:16,8,46.40,Cash,Completed
4dc2bf6d-8e68-43ae-953d-37e64a49810b,25659c0e-6eb5-4c57-add8-fb6ac5f42699,2024-10-28T10:16,6,138.90,Online,Pending
1e30b07c-3171-4bf2-ab37-2b395c2b3da4,caad7924-4bc5-4f85-9662-11ca261e3c87,2025-04-29T10:16,2,48.42,Online,Completed
c6cf3461-c569-4227-bef3-070dd45747a1,5d6f84a5-a4de-442e-99b9-b8ef714b4436,2024-03-09T10:16,1,23.86,Cash,Cancelled
344b8d14-779c-4e6b-b19c-2bca21f76129,983d66ae-c8b0-46b8-8abc-26a1055cf729,2025-03-26T10:16,8,48.64,Cash,Completed
f59961f3-13fb-4024-baac-102a1ca62038,09ba4183-1b94-4f8c-bc5f-eca421a88524,2025-03-03T10:16,4,110.12,Cash,Completed
8abf938d-6e9a-4c56-a403-19313e6aaceb,bb6ceda0-3f7a-4dfa-9862-41a88dd468b2,2024-02-19T10:16,5,62.90,Card,Completed
eade0e50-ecc8-4206-ac2a-e63145065097,0a0ac3e5-6e20-4fbc-87ec-5481c70e38bc,2025-04-15T10:16,3,22.47,Cash,Cancelled
37a70530-212c-4758-9b8a-ebdacd0abefe,e85d0261-2d97-4475-a749-363ec9040a74,2024-01-19T10:16,1,17.49,Cash,Pending
08903e34-d3c2-4291-b26a-5bf721f05cd1,0a5bd884-b432-4ce5-b14e-44b4aedd4c0f,2025-02-19T10:16,8,207.44,Online,Pending
9c4d6e63-8dcd-4594-a82e-793add96c5a8,21edfc22-3f73-4335-a774-3cf78ab65e86,2025-02-06T10:16,8,80.00,Cash,Cancelled
e44c9aa7-2382-49ce-8825-a69a588ca61d,c3ffc43c-0c11-40fa-9824-f234161741d0,2024-04-09T10:16,5,32.35,Card,Completed
7daaf40b-4827-4cef-a760-53a3d03a9f6d,5f6e51da-5f01-4c9a-85dd-7d50ef37e5d7,2023-12-06T10:16,6,124.14,Cash,Cancelled
daba8bee-97db-4b19-a128-e6dd94e18f88,e38afcd9-9e08-47ba-bc92-5ebb4bc271eb,2024-11-15T10:16,2,29.46,Online,Cancelled
3340979f-1d55-45b6-82db-c8ff0012b55e,10b26c2d-7d56-4175-84a8-a2775e128a9d,2024-06-21T10:16,1,16.16,Cash,Cancelled
3a84c439-25b5-4ab6-bc7e-1373b0a06940,910b1d47-5c37-48b1-8bde-96c60660f1d7,2024-04-14T10:16,7,207.69,Card,Pending
9e5cb481-ea8a-4d16-950f-3013ee880edb,a3f626b9-cc27-4c04-8570-be79ab8bda4a,2025-01-20T10:16,2,17.92,Online,Pending
c6b32f11-83c1-4661-93da-be7048e88bc2,cf65c4b6-4c1c-420b-95de-23e5b56ffad5,2025-06-06T10:16,9,256.32,Card,Cancelled
db9a051e-5806-4ad5-84c7-9b6b35103187,68169a66-a8d4-4763-914e-7befc826445b,2025-04-08T10:16,9,187.47,Card,Cancelled
486c9de4-8b22-4db3-84d2-37622888d2f9,8250871a-2b35-424e-a1a1-4eb4faffabfb,2023-11-16T10:16,2,27.36,Online,Pending
37ff2229-3f97-46cd-b7e2-f680aeb7dfaf,c5817fdc-a4dc-4879-b957-30cfda62016b,2024-05-08T10:16,3,71.91,Cash,Pending
805dfa57-ef4b-41e1-9b1b-76c5a761695a,910b1d47-5c37-48b1-8bde-96c60660f1d7,2024-08-28T10:16,4,52.80,Online,Cancelled
ce75fdc5-82f0-491c-a8e1-36d05bc2625c,14eace30-1ac2-411e-8eef-98e8f32a87fb,2025-02-28T10:16,8,82.56,Cash,Cancelled
fac8b5a3-3aab-4670-90ed-2e1a20a4f249,5f6e51da-5f01-4c9a-85dd-7d50ef37e5d7,2025-08-16T10:16,6,147.24,Cash,Completed
04aa9374-bf6f-4733-9750-3d643d3b4195,73a2b03c-2dca-486e-8ebc-c4d6bb68a8c6,2025-06-23T10:16,4,87.12,Card,Cancelled
74840ac7-a122-44ab-8525-aeeb823429a5,36b880b0-e9bd-4c0b-8f1c-32018f6c758a,2024-05-25T10:16,6,163.02,Card,Completed
001d98b5-5c6e-4ddf-9d92-8ab3280fae55,f90cf3ca-e2d0-4129-bc7a-e8a2b80880da,2025-05-15T10:16,6,166.98,Online,Completed
911f0b1f-fad8-4cf3-8d29-60deb86e68fa,89d26a00-0fde-4c03-8430-b06f6bc3f33a,2024-04-07T10:16,9,125.37,Card,Completed
bcad9a9e-d7e3-4900-a145-a043126a23d3,e6e1db85-f8ba-4264-9c9a-520ecda4bc4c,2025-07-12T10:16,1,14.24,Cash,Cancelled
5977ea42-4648-4b1e-81db-64d65de14707,26d032f1-9fe9-487a-987a-a8be14e1db05,2024-09-10T10:16,2,27.56,Card,Completed
92978479-aa58-4b00-b134-b85cbdeae496,1407e9cf-22c9-4137-a2fe-cc12dc038235,2024-05-26T10:16,4,56.16,Card,Completed
fafacf43-4dfb-413f-90f8-e6ae8d9fc08e,4bb2d776-14c0-4ef6-b8ba-c580cbed72b8,2025-04-05T10:16,6,36.18,Cash,Cancelled
0710357c-1e21-489d-a9b2-92f2f77e5aa8,500fde18-ea61-4380-9ea4-f06d09985870,2024-12-10T10:16,4,47.72,Online,Completed
92252055-6bdd-4e48-9a0f-21a860c70d70,aac35608-9499-49c5-811a-a059e773c968,2025-03-20T10:16,3,73.83,Online,Pending
f4b9b4bc-11f5-4a6d-b0f9-8a59366862a5,fe624323-ba72-456d-9842-ed9e0edc75df,2024-10-17T10:16,4,47.76,Card,Cancelled
d5cc71cc-2ff5-4f32-92e1-042bb25ed034,1d32c3b3-c732-4995-aa6b-ff159deb3bdf,2024-05-01T10:16,1,22.56,Online,Completed
57f56027-1517-480f-bdcf-be93d1e37ac4,0a5a9fc7-e126-48f0-99aa-dea85c606f66,2025-05-02T10:16,8,128.96,Cash,Completed
4e2b7656-682f-4200-96e1-951adb0806aa,9c53f3f8-5b22-4d77-bd76-cfa6c70e443c,2024-08-04T10:16,5,74.75,Online,Pending
a5f238c0-49c6-4c23-a65f-ddbe40f2e55c,9c53f3f8-5b22-4d77-bd76-cfa6c70e443c,2025-05-17T10:16,8,120.88,Online,Pending
249adffc-f3cb-4f83-8cf1-7cbb44bb0333,2ca088cd-c6c6-4e60-a1a4-d2990ee21b12,2025-08-09T10:16,7,179.06,Online,Pending
203744fe-bd20-42a5-94ca-2a1db223b2c9,fe624323-ba72-456d-9842-ed9e0edc75df,2025-04-25T10:16,5,66.70,Online,Completed
30738a04-13f2-49f6-ab08-90a6fe4ca1ad,05ccd8a5-ea5f-4353-bd1e-3022152b0685,2024-08-13T10:16,7,81.97,Card,Cancelled
3e02a14c-cfcb-4956-9275-f6952474398a,14eace30-1ac2-411e-8eef-98e8f32a87fb,2024-12-10T10:16,7,113.33,Online,Pending
d4e40ab8-a5ae-4bad-83b9-613ebd79473e,0fcf4084-ea31-49f8-99f9-9bf8c8b0c16b,2025-01-12T10:16,2,54.92,Cash,Pending
9b903728-838c-4d53-82dd-68611aa030fc,910b1d47-5c37-48b1-8bde-96c60660f1d7,2025-04-23T10:16,3,85.41,Online,Pending
32a5941a-3f88-4d98-a44f-7a56b7ebc1b6,49af098b-bf79-4643-8e49-739ea932d38b,2025-08-13T10:16,8,82.08,Cash,Cancelled
cf3e6273-628f-4015-b12a-8c6df36cc9c3,0d463f72-c3a1-4a2b-8d0d-1721a0d1a06b,2025-01-26T10:16,1,5.10,Online,Pending
d33bd6c6-8bfe-4cbc-8b4b-b78157129cf3,a5ffc907-be77-43e6-8694-4a0bf09bd3fb,2025-08-01T10:16,5,135.10,Online,Cancelled
a2443fa5-250c-4675-b3d5-69a072aa8260,8887df7e-682b-4d48-b18c-c1ddfa0aaa26,2025-04-14T10:16,5,95.80,Cash,Completed
54d4518a-e5b1-4ebb-a060-02e52010405d,f0a6a958-e434-41bf-a830-dffa55a34db5,2025-04-03T10:16,6,50.10,Cash,Completed
b06699af-d38e-406d-810b-8c724f3c0028,67c276b0-7be6-4f3c-bf86-c342095c8112,2024-04-19T10:16,7,62.02,Card,Completed
e8b3b684-6265-46e1-b333-75ad6673495a,6aaabc79-3d35-410f-bb96-f86a3930d0ff,2025-01-17T10:16,9,130.32,Card,Completed
be2dcce0-6450-4a16-87d3-682423e14846,8b546c63-5406-493d-bc69-cfb594b38267,2024-05-25T10:16,9,254.61,Online,Pending
a58e2be5-be2a-4814-b814-e6e99053c3db,6aaabc79-3d35-410f-bb96-f86a3930d0ff,2025-02-15T10:16,1,6.18,Cash,Pending
3800fd28-b138-4a1b-9d38-f061519a774b,1407e9cf-22c9-4137-a2fe-cc12dc038235,2024-05-25T10:16,6,106.02,Cash,Cancelled
fa7f1aec-a38e-4a68-9f50-12344b41fa47,500fde18-ea61-4380-9ea4-f06d09985870,2024-02-09T10:16,5,107.65,Online,Cancelled
834d15c5-dcaa-4e62-85e8-93c269433045,0472ca7f-b133-4710-8f43-24a3c6c1afd1,2025-07-05T10:16,2,28.34,Card,Pending
e711527e-bcf5-4005-b914-81cc56d705d6,058b9c75-b72f-4594-80d2-e41194ff7672,2024-08-21T10:16,1,27.90,Online,Completed
de6cb1c3-a912-4da6-a2e2-bfa57315d32a,d87f31d7-79ef-4c17-856e-142e791b04da,2024-05-10T10:16,9,254.34,Online,Cancelled
4224b5b1-677f-41e0-83be-4b1b1f03f49e,964d337f-acd5-4ca2-8843-9be3f2eb60fc,2024-05-03T10:16,9,101.25,Cash,Pending
4eff36ec-30da-4a7a-96ce-4a46694a8d68,7509850a-5062-4da9-aad6-bc5b9e363ef1,2024-03-02T10:16,9,254.43,Online,Pending
b7cf241d-2847-4245-842f-fe82d276fd9e,ebe19120-496a-47fa-87eb-2440212a3363,2024-09-09T10:16,3,15.45,Cash,Pending
8ebdc8c2-9238-4296-9315-21b6c5442b1e,4bb2d776-14c0-4ef6-b8ba-c580cbed72b8,2024-03-20T10:16,9,179.37,Card,Pending
3d61fe3e-2d30-4457-9759-6e503d1c4b6e,7c991f43-c18b-4404-8826-97691b0dc00c,2024-09-12T10:16,2,38.26,Online,Completed
e1116614-a4e7-453d-a281-915c232953a7,68169a66-a8d4-4763-914e-7befc826445b,2025-02-02T10:16,6,173.70,Online,Completed
62d34deb-edc3-4efc-861f-1f4e008b6875,6945f6f4-b8f9-4d04-90ff-e59ed705578e,2024-12-10T10:16,9,100.26,Cash,Cancelled
b2a4036a-ee74-439d-844c-741fbbae9f9f,e38afcd9-9e08-47ba-bc92-5ebb4bc271eb,2025-07-15T10:16,7,160.16,Online,Completed
c2be91a4-68a8-4e78-b825-8039139f3418,14eace30-1ac2-411e-8eef-98e8f32a87fb,2024-02-23T10:16,7,198.10,Cash,Pending
3948a934-dd53-4227-85ad-d4e0b3b224be,6117b6f0-c4f4-4bf1-9eeb-f33950decba8,2025-06-02T10:16,4,21.92,Card,Pending
3c4988b5-2582-47d4-9e39-ccb1e235ba2f,23650eb4-f98d-45a3-a90b-a378f03d469d,2024-06-11T10:16,4,119.88,Online,Cancelled
c212a029-88d3-48cb-b646-e85e63cae884,c1a09d60-c9e8-4489-a68e-e01b51541d33,2024-01-04T10:16,2,20.74,Cash,Completed
293688cf-4276-4af3-89ee-b97ef0d2fac4,e277d099-db2a-4aee-ab86-8b0e73a34383,2025-08-10T10:16,8,126.88,Cash,Cancelled
3e1e87c9-055b-4854-8e9b-228f7e42b452,f6c35464-33dd-44a7-bf84-071f2e427045,2024-10-19T10:16,3,58.83,Card,Pending
65348c13-aa21-499c-ad7c-c9008e72dd6e,b0d737cd-ec4b-4a88-aa81-d012ef3fb719,2025-06-19T10:16,2,20.36,Cash,Cancelled
3b340143-8dd4-4c3e-b55e-c33bc10bbbef,6945f6f4-b8f9-4d04-90ff-e59ed705578e,2024-08-27T10:16,7,150.15,Online,Pending
fdbe8957-accd-4c2a-82b9-8c095fecf257,964d337f-acd5-4ca2-8843-9be3f2eb60fc,2025-01-21T10:16,8,187.84,Card,Completed
2f08237d-0298-481d-8355-cdfee8646cc5,935ebde1-5945-4673-886e-1a7a12cc2d4e,2024-05-06T10:16,1,21.96,Cash,Cancelled
7fbd954d-536e-41c6-aaeb-71fa2601dffb,caad7924-4bc5-4f85-9662-11ca261e3c87,2025-02-17T10:16,7,183.40,Card,Completed
06a71160-17f4-474e-9af3-29182e071171,ef7fad1f-a86f-4ee1-95b4-ce1f339f0fa5,2025-04-29T10:16,9,186.21,Online,Completed
0997288c-0015-4007-a680-8c10e2d50409,d6d4ef4b-0870-48aa-b884-013237f255f4,2025-09-19T10:16,9,210.60,Card,Completed
cbdcae56-45f7-4ec9-8cba-05110a32b3da,941529ef-2114-4bff-907a-4596ff4593a1,2025-08-05T10:16,4,26.68,Online,Pending
7aeffbbc-3d2f-47b5-a317-7cf146ffb00d,99c406e7-092b-4eeb-bc08-56fc041c253d,2025-11-04T10:16,4,76.88,Card,Cancelled
b7678f28-31ee-48ec-ab90-b5714aa85fe8,e38afcd9-9e08-47ba-bc92-5ebb4bc271eb,2024-05-19T10:16,5,76.90,Cash,Cancelled
20358ad5-edcf-4763-9a42-416809b04dd1,1a31c678-d420-495a-aff3-0f1609514e1e,2023-12-24T10:16,5,119.40,Online,Completed
4714845f-791a-4bea-a5f6-82668d73298f,b014b56e-3263-4b63-8430-46e00bc5ea77,2025-01-31T10:16,9,175.86,Card,Cancelled
65b1b91d-1d4d-4b89-9b10-b5053ad6b4bb,050d9901-1cb5-413a-9c31-282028f863c1,2025-02-23T10:16,8,54.08,Online,Pending
503b8b4e-2945-454a-a978-24cfdcd69c77,bfa3444b-2be9-46be-b944-720d86a59770,2024-03-11T10:16,9,245.52,Cash,Cancelled
9fd86fcc-2e17-4d2c-9ed3-4e1a7a386c66,7d2df59f-386d-4aec-85a8-2443262a0cb4,2025-04-23T10:16,4,54.88,Online,Completed
54792caa-dfee-43a0-b9b0-c55e291f45b9,77ca464a-fe0d-4dcc-8f08-3eb2f7b64f76,2025-08-28T10:16,5,33.25,Card,Pending
d29b0bef-7ee5-4d5c-836a-9ad78d169b9a,02c65c06-56ad-4670-b8e2-10ab417c7154,2024-06-12T10:16,7,138.67,Online,Cancelled
c82cd163-6210-47f0-9ef8-3a13e5ebde41,bc58b12c-65c4-4f21-89ef-3e492a22ef7c,2024-08-16T10:16,3,34.17,Cash,Cancelled
07ce3021-efdb-4f4f-95dc-d7e26d1d9a39,b90a3a7f-421e-47e5-8598-fe50f365a62e,2025-02-25T10:16,9,91.44,Cash,Completed
a26dd019-2531-4b4b-973a-3e1093a2f8f2,b3688304-b24b-416a-9bf4-c2b6aaeb59d3,2024-03-12T10:16,1,17.06,Cash,Completed
66134f97-3f73-4f0f-8c38-a57dd483fb85,bf0de251-90d7-423c-8b31-48df1a89964f,2025-01-31T10:16,8,194.72,Cash,Pending
a7658a4c-c9e5-42b4-b4ba-93d32a2b6d24,1407e9cf-22c9-4137-a2fe-cc12dc038235,2025-01-05T10:16,7,185.22,Online,Pending
36d412f5-a858-4e4a-899e-9af4e7cd38ff,ecf1ffb0-ac00-4968-87ea-8beef4ace55a,2024-12-19T10:16,7,85.89,Online,Pending
fec11b3e-3734-4ac8-821d-f596d28ccb1f,bb6bf39c-f455-4e08-a59e-1bdaaa91d4aa,2025-04-09T10:16,1,12.09,Online,Pending
8f220986-840b-447b-9746-b6e0fbd5b17a,428424b7-1f94-496a-8b7a-497ce177d32c,2025-06-14T10:16,7,74.27,Card,Completed
314ff1ac-9c4c-47fe-83fd-639cfd63d7fb,000f9c8f-2fc7-4346-844d-c04f10751265,2024-02-06T10:16,1,14.77,Cash,Pending
eed58d0b-3bf3-4848-a3dc-6e9dc9ba16aa,8b546c63-5406-493d-bc69-cfb594b38267,2024-02-01T10:16,7,176.19,Card,Pending
7cd50b76-4d25-4d17-be91-42a401fa1d14,7d2df59f-386d-4aec-85a8-2443262a0cb4,2024-02-03T10:16,1,16.93,Cash,Cancelled
943caf6a-d801-48a7-80ce-851f857d456a,8b546c63-5406-493d-bc69-cfb594b38267,2023-12-13T10:16,3,61.38,Card,Cancelled
165ec5bb-7dde-4ed3-abe0-107ef2225346,b03f75c1-655f-4480-a2bf-1a0af806e96e,2024-02-19T10:16,4,63.44,Online,Cancelled
8a672da2-25d1-4c19-9c97-32dcca55cc03,e12c3d24-86c8-474f-b86b-370df36adbfe,2025-01-13T10:16,2,15.82,Card,Cancelled
ba165879-f2c1-41d4-ab8f-ddb57cf08428,5f6e51da-5f01-4c9a-85dd-7d50ef37e5d7,2024-11-21T10:16,2,36.04,Card,Completed
5d10a34b-e903-4c1f-93bb-69a7f7cd7ec2,ef7fad1f-a86f-4ee1-95b4-ce1f339f0fa5,2024-02-18T10:16,6,139.56,Cash,Completed
8fb75d49-88ba-4221-ba0c-f48a9d0e2ea4,ef7fad1f-a86f-4ee1-95b4-ce1f339f0fa5,2025-08-29T10:16,3,26.07,Card,Cancelled
b7021859-9b10-4fcc-b0b2-f3f18ca04363,e12c3d24-86c8-474f-b86b-370df36adbfe,2024-03-14T10:16,8,98.16,Online,Completed
8cea0292-9c21-4ead-990d-543bbede9ef0,8b546c63-5406-493d-bc69-cfb594b38267,2024-09-05T10:16,7,108.22,Online,Completed
31c58aa5-03cb-4e20-b2ec-ec81d0e48f8d,4739f27f-7a96-4d52-83ae-0c6fd4c8c606,2024-05-12T10:16,9,68.58,Card,Cancelled
d80f6104-c0a2-4b26-b156-3984627e9953,8b115a34-224b-453c-be69-b53a7445b466,2025-09-21T10:16,3,82.17,Cash,Cancelled
288df919-cd8e-40e9-96d8-dd09d50757f4,f90cf3ca-e2d0-4129-bc7a-e8a2b80880da,2024-10-02T10:16,1,6.65,Card,Cancelled
f64facea-13e2-4b8a-9e47-11c50bf8e501,e7991221-0de0-4ef8-aa9c-ca3b59197059,2025-03-06T10:16,4,27.44,Online,Cancelled
eb324682-e34e-4e43-b129-849d2eca4308,b04ce307-2d1f-4214-b023-d8f4379041a1,2023-11-22T10:16,8,115.44,Online,Completed
8b24a883-2cf3-4d8c-8f84-b2e94aa9b014,1eeb9c5f-5b7a-47af-b4f1-5a50d9d1089c,2024-02-12T10:16,7,191.94,Cash,Completed
84ca0fa1-2fa0-4231-a66d-fc02ff89141f,e6cb1215-5314-4d05-bfd1-f6e5d36e89f7,2024-06-14T10:16,9,176.40,Online,Pending
97fc7bb7-00c5-4fe6-b61c-a7cb483df9f7,80537cf2-360f-4740-8b7e-d4cd56e22987,2025-08-14T10:16,5,40.65,Cash,Completed
fad9d733-01f3-4305-bece-87167977654d,caca465c-e9f2-4add-91b5-24c70595e321,2025-09-19T10:16,9,136.44,Cash,Pending
4e0789a2-3b31-4f1d-9d66-c3da1fb243bf,000f9c8f-2fc7-4346-844d-c04f10751265,2025-07-06T10:16,4,99.84,Card,Cancelled
80059462-2992-43c6-af8d-fcf68909c8f8,b047b369-02d0-4f25-9af0-f1e883228863,2025-06-03T10:16,1,14.88,Cash,Pending
4dbc66aa-f12e-493d-adbc-083c2481c584,25659c0e-6eb5-4c57-add8-fb6ac5f42699,2024-04-11T10:16,4,54.64,Card,Completed
72eddcab-695e-4dec-9e62-ca9b85636db9,e119f98a-df63-41dc-8e01-bb49ca2dc724,2024-12-23T10:16,5,82.90,Card,Completed
b44d39b1-c175-4c43-a072-92edfafb3c22,caad7924-4bc5-4f85-9662-11ca261e3c87,2025-06-13T10:16,9,53.19,Card,Pending
b609ed0b-2b0b-450f-a4a6-998af2fafdc9,63846b60-b7be-4087-ac6e-56c9bc130a20,2024-09-24T10:16,3,70.89,Cash,Completed
86097723-33dc-4122-94bc-9d912714ce5d,c3ffc43c-0c11-40fa-9824-f234161741d0,2025-06-19T10:16,8,80.72,Cash,Cancelled
8d453eaf-6a78-44dc-9bb7-dc3f42dd9db2,dcfb3d05-846d-4915-99f3-ebbc7559d972,2025-07-19T10:16,8,181.84,Card,Cancelled
587d0f99-02e9-4f06-9870-c9e2477a4337,73a2b03c-2dca-486e-8ebc-c4d6bb68a8c6,2024-07-21T10:16,7,91.91,Cash,Pending
8adca4ee-b8ed-4da3-ac17-9ae70fa59ebf,caad7924-4bc5-4f85-9662-11ca261e3c87,2024-01-07T10:16,4,78.36,Cash,Completed
1fa1ad2d-a115-4a5d-86b9-c8ff4e4964d2,6e551d53-4f6d-4b84-a9de-3d7c79694805,2025-01-08T10:16,2,48.86,Online,Pending
44d354a3-4501-476d-831a-530cc5b34e4f,6c3bf618-a715-40f9-9faa-cfc5f5beef2f,2025-05-02T10:16,2,58.22,Cash,Completed
fbc18c40-0451-4fcd-a296-8fad7c886260,058b9c75-b72f-4594-80d2-e41194ff7672,2024-07-12T10:16,5,126.65,Online,Completed
1ec2212a-9191-469d-8e07-8879cb835ee7,ef7fad1f-a86f-4ee1-95b4-ce1f339f0fa5,2024-09-07T10:16,9,261.36,Card,Pending
c0fd8233-a070-42d8-aa63-3a93fce9d1c4,fbe227d7-6d32-4407-9783-7fdac983e55f,2025-02-08T10:16,6,156.96,Online,Pending
b45c31bc-c215-4571-b7cc-6d4fd4013869,65b2c0ea-6192-47fc-9286-2c1dd3ecefb1,2025-01-13T10:16,9,140.67,Card,Pending
46bfce22-80a7-4777-a976-fb72844d6169,8e1bbe6c-7b75-46dc-8ca1-0b1664cd6ae4,2025-06-29T10:16,1,25.21,Cash,Cancelled
a12934cd-003e-43e7-9ba0-f1a3b275f0b9,0dd437d0-74fa-43c3-8909-5c955e4d47dd,2025-06-24T10:16,7,108.71,Online,Pending
4ae07e62-59cc-488e-8da9-3f4426bee77b,92da274a-bea2-490a-bb52-196c46fa8487,2025-06-08T10:16,9,112.77,Online,Pending
41cc9bbe-ab5f-4c54-8006-391855c8e65e,941529ef-2114-4bff-907a-4596ff4593a1,2024-08-14T10:16,1,10.63,Online,Pending
e32a92c9-f168-4b12-bc89-343a54671d61,aff4340c-d102-49ba-af8e-84d2737ce82c,2023-11-20T10:16,1,13.42,Online,Cancelled
708b0f6a-74f6-4a69-a44a-8bf8bc726585,3befa4dc-d961-4a3a-9410-d43d1bdaa335,2024-04-08T10:16,1,18.08,Online,Cancelled
9ab7df43-29ec-49c8-85fe-fc3057adc4ea,27e45431-1333-4ffd-a0c8-be56ffdc5d4e,2024-01-19T10:16,9,236.70,Card,Completed
f93ca217-6781-49ff-98e8-61e299a93bea,8113211c-bdc3-4bb0-94d9-3fd3871f3005,2024-05-31T10:16,5,127.35,Card,Cancelled
f399e959-9bb8-439d-a19d-d0d6ca48b6b4,b014b56e-3263-4b63-8430-46e00bc5ea77,2023-11-23T10:16,6,131.28,Card,Pending
432c0c1e-9709-4c9c-8574-f3c836ba1b36,c3ffc43c-0c11-40fa-9824-f234161741d0,2025-09-20T10:16,5,46.75,Card,Completed
a907c7ef-8ee6-481e-b9a1-0e2ceff99862,b95f7619-fab2-4df9-8683-1f2aeb93a660,2025-03-26T10:16,8,128.80,Cash,Cancelled
a7ef54c5-9e8c-46a7-ab87-848de03c6d44,1407e9cf-22c9-4137-a2fe-cc12dc038235,2025-05-14T10:16,7,121.38,Card,Completed
93256280-684b-495c-bc88-6d8d109b385a,10b26c2d-7d56-4175-84a8-a2775e128a9d,2024-04-09T10:16,7,176.75,Cash,Completed
8ef0d0cf-ed43-44be-a9a8-fdfee57aaf80,a3f626b9-cc27-4c04-8570-be79ab8bda4a,2025-02-01T10:16,7,170.73,Online,Completed
04381f62-5c33-42d8-9a62-2a81031c36a8,4b14a58c-f1e4-40b6-888d-a88cd7055099,2025-08-08T10:16,3,39.54,Card,Cancelled
6b42b494-6aad-4d07-87ef-1f219b0b56e8,485b65e7-fdf4-474d-afba-37986d8d3cd8,2025-10-28T10:16,1,15.83,Cash,Pending
bdd4673f-92df-4788-bcf9-4b3cc8bc10ce,209e786b-2a61-4e52-a3b2-1cc98bcbf18c,2024-02-02T10:16,8,69.76,Cash,Pending
e4bc35c9-1df7-4fc8-aae3-7ee8e7aec87a,6117b6f0-c4f4-4bf1-9eeb-f33950decba8,2024-12-27T10:16,4,46.04,Cash,Completed
58afef67-5f0b-4523-a184-2bdb54a303d3,7c991f43-c18b-4404-8826-97691b0dc00c,2025-01-04T10:16,5,145.15,Online,Completed
cff04a20-b07b-4f0d-a8a8-762afa5b84ab,a190f67b-21df-46bc-8164-46bdfa00af85,2025-07-02T10:16,8,184.96,Online,Cancelled
30e2817d-d875-4ed9-b1e6-de448430d344,9b9edd1e-b4f7-414c-b8b5-a3dc51fa0a8c,2025-10-29T10:16,3,72.81,Online,Pending
763f14f1-dbb2-4d1d-923a-8fb569c73292,aff4340c-d102-49ba-af8e-84d2737ce82c,2024-12-08T10:16,7,146.16,Online,Pending
b4cd4f7c-553e-4457-a7a8-c9f50b5035db,f6c35464-33dd-44a7-bf84-071f2e427045,2024-11-19T10:16,4,30.32,Online,Completed
c7d3f8d6-5b29-4fae-b895-593fdc5511d2,c5817fdc-a4dc-4879-b957-30cfda62016b,2024-11-16T10:16,6,75.84,Cash,Pending
646b4f43-053c-4f9c-b086-928409348c8c,f067e21d-d1d4-4e87-9cae-9753f5f9ccb6,2024-02-19T10:16,4,91.72,Cash,Pending
a0e207a3-3957-4ea3-8f45-1b7aa32bdf3d,1a31c678-d420-495a-aff3-0f1609514e1e,2024-01-12T10:16,2,11.46,Cash,Completed
69a59bc5-9fb4-4a66-b9ce-65cde55b80a3,1233cc27-7567-48e0-8dd2-6b0019506c2f,2024-08-28T10:16,7,125.37,Online,Pending
1d79d05a-033b-400b-a6d0-06f762944b0b,49af098b-bf79-4643-8e49-739ea932d38b,2025-05-18T10:16,3,80.82,Online,Completed
75fe8149-d72f-4e93-b46f-19c8d8c5d042,b04ce307-2d1f-4214-b023-d8f4379041a1,2024-01-09T10:16,9,265.86,Card,Completed
7e98c77a-a66a-4c42-ab56-2ef0be8f7522,98b17fed-218c-4f20-8410-9f0edfc74455,2025-02-18T10:16,7,81.41,Online,Completed
6e75920e-95d2-4b53-b217-1dc8ba2badd1,cd50913f-8c99-4253-9134-0cf5fe5f300f,2025-02-22T10:16,7,177.80,Online,Cancelled
f5dc4012-a938-477c-a819-7ce4515cf28c,6aaabc79-3d35-410f-bb96-f86a3930d0ff,2024-10-03T10:16,7,79.80,Online,Pending
00d4613a-b6af-4c3e-bd70-4e8bd6c903d6,b6c26110-1b77-4777-8c79-c69ec19b66df,2025-03-13T10:16,7,152.25,Card,Completed
8249184b-15e8-472f-9cce-9656c0ce1e4a,65b2c0ea-6192-47fc-9286-2c1dd3ecefb1,2024-05-29T10:16,9,127.80,Card,Pending
591b43bd-203b-4ae7-accf-bb574c1f77c7,aff4340c-d102-49ba-af8e-84d2737ce82c,2023-11-27T10:16,1,14.40,Cash,Completed
81ef2242-f262-4f21-a217-fdf4b619a632,1eeb9c5f-5b7a-47af-b4f1-5a50d9d1089c,2024-09-12T10:16,8,236.88,Card,Cancelled
34457223-f525-4a90-9d37-30d79222115c,8b115a34-224b-453c-be69-b53a7445b466,2025-05-03T10:16,9,172.53,Cash,Cancelled
9ab95a83-36a4-4088-8072-0a92ffdb8813,485b65e7-fdf4-474d-afba-37986d8d3cd8,2024-11-06T10:16,4,22.24,Online,Completed
fb93bd36-5a05-4ea6-a3a9-9b2ebe1c3cd9,77ca464a-fe0d-4dcc-8f08-3eb2f7b64f76,2025-06-16T10:16,8,208.88,Cash,Completed
ba93ffb2-16d6-4a76-8a58-c8ada1993599,25659c0e-6eb5-4c57-add8-fb6ac5f42699,2025-05-14T10:16,2,38.40,Cash,Completed
13e5d61c-5339-4309-a059-1c3dbb2f6338,3e97fc93-73a7-45e0-9888-f7a03ee258a7,2025-06-23T10:16,2,53.52,Online,Cancelled
3d4397c8-fbd9-46a7-adf4-87f9f51958a3,68169a66-a8d4-4763-914e-7befc826445b,2023-11-21T10:16,4,20.04,Cash,Pending
2fbb9c93-e058-4e1c-837b-5392c9fe5bc6,ada8704c-2784-4d70-84da-10078407d2c8,2024-09-27T10:16,8,115.68,Cash,Completed
e5089c03-7ee1-402d-a82a-fd82dcab00b1,b90a3a7f-421e-47e5-8598-fe50f365a62e,2025-05-16T10:16,8,144.08,Online,Completed
d4dc1e70-dc78-4631-9505-eed1c8ae960d,68169a66-a8d4-4763-914e-7befc826445b,2025-09-21T10:16,4,23.52,Card,Completed
6c79dfa4-d08e-48ac-8fbb-98e98ce73996,0b2a0e9a-e050-4380-b607-57adcbbf59d4,2024-07-26T10:16,6,142.62,Card,Cancelled
faa4b93d-f135-44c6-8ccd-beee36703447,5eb75bc0-d5fa-4209-9d42-7767f3f0585b,2025-03-11T10:16,4,110.08,Card,Cancelled
7a5135e2-a533-439d-bf33-cad6427c38fe,7169ef0c-f2c8-4ae3-83f6-87691664d2d2,2023-11-22T10:16,2,15.58,Card,Completed
bf5c2760-df38-44bd-ab79-e81d0cccd7ba,5f0f3def-9ff6-4282-ad04-001c4a769966,2024-08-25T10:16,9,133.11,Card,Cancelled
dc3d8c88-b28f-4484-84f3-000a094aeb96,bb9edfa8-17f7-4f6f-8e3b-616693a298b1,2025-05-10T10:16,3,43.83,Card,Cancelled
68854750-8d9a-4256-9861-9b74c6cce31c,1a31c678-d420-495a-aff3-0f1609514e1e,2024-03-26T10:16,8,158.96,Card,Cancelled
475dcd58-14c3-44e1-97ab-ad71a24bed1e,e85d0261-2d97-4475-a749-363ec9040a74,2025-07-22T10:16,7,50.19,Online,Pending
0f613d23-8440-45ae-87b3-4117fec6978d,ceafdb2a-788d-48e0-acdd-bd533a2e7ab6,2025-05-23T10:16,1,29.09,Cash,Pending
ad0a7708-ba70-4331-80f7-8de55577bf58,726d71e2-70fd-4416-8568-78619c14a73a,2023-11-17T10:16,4,113.88,Card,Pending
39344a1a-5f50-432f-96c1-ed1d1c0d03fd,00d7ae70-0f46-4453-963c-4ab2a3d29314,2025-05-04T10:16,5,27.70,Card,Pending
84e92866-598c-4bf4-929b-a689009a79ca,cb8747c7-32ca-4b6b-868d-13ab01d953ec,2025-05-31T10:16,3,47.43,Online,Pending
41e92568-1886-41bc-9789-af9037f80c55,92da274a-bea2-490a-bb52-196c46fa8487,2025-07-12T10:16,2,45.88,Online,Pending
da3dfd07-6776-493f-aca0-9ff5e28664e4,73a2b03c-2dca-486e-8ebc-c4d6bb68a8c6,2024-08-16T10:16,1,9.80,Online,Pending
2bec3b16-71a5-48cd-b32f-6e12570a399e,b047b369-02d0-4f25-9af0-f1e883228863,2025-04-07T10:16,1,7.10,Cash,Cancelled
4a898146-3cae-4605-9913-bedafda0dd3b,52f5634d-de98-4543-8a1e-cbf1e2d0242f,2024-03-03T10:16,1,7.89,Online,Cancelled
0fce20b3-d75d-418e-ac41-97076dba64fb,885715b6-b1eb-44ca-8460-28c0343e56f3,2025-05-15T10:16,1,13.77,Online,Cancelled
b15a11e5-93b8-4ca5-b09e-c119dff361ed,6aaabc79-3d35-410f-bb96-f86a3930d0ff,2024-03-03T10:16,7,63.00,Cash,Pending
ea8b8ed9-8b8a-4685-b801-5c34fadb7f05,0fcf4084-ea31-49f8-99f9-9bf8c8b0c16b,2024-08-07T10:16,7,205.80,Card,Completed
58fd7b3d-ba64-45b4-a95f-c4a31a7f596b,050d9901-1cb5-413a-9c31-282028f863c1,2025-04-20T10:16,6,104.94,Cash,Cancelled
84f2df24-d085-4693-abb1-5734fa2dced1,b03f75c1-655f-4480-a2bf-1a0af806e96e,2024-01-16T10:16,1,26.18,Online,Cancelled
f9b4771a-68aa-4458-99d1-fd67cc3bcb09,7d2df59f-386d-4aec-85a8-2443262a0cb4,2024-01-16T10:16,1,13.93,Card,Pending
8fbc12fc-6dc3-4693-a519-e110dfa2d243,7a2e5fa5-096b-4701-8ce6-7a3db39bf8eb,2025-09-12T10:16,7,205.87,Card,Cancelled
9f0989a7-4b93-4162-b24c-e6f314efd070,964d337f-acd5-4ca2-8843-9be3f2eb60fc,2025-07-18T10:16,1,10.23,Cash,Cancelled
699c82d6-0d73-4488-a421-66fc4b8c4a3b,0fcf4084-ea31-49f8-99f9-9bf8c8b0c16b,2024-07-21T10:16,8,234.40,Online,Cancelled
b13e90fd-6c9f-4dd8-a8c5-9ab361220ae7,92da274a-bea2-490a-bb52-196c46fa8487,2024-04-03T10:16,2,39.78,Card,Cancelled
bbb1a312-4c25-4813-a006-5099d24fd415,52c87fd9-fdf0-4256-b929-6153ad24a0ac,2025-07-04T10:16,8,190.80,Cash,Cancelled
9f055514-f047-4f30-ade5-b24ac66bd0e1,e6e1db85-f8ba-4264-9c9a-520ecda4bc4c,2025-07-11T10:16,2,45.92,Cash,Completed
092b8e1e-2269-4684-9feb-003f5599846b,27e45431-1333-4ffd-a0c8-be56ffdc5d4e,2025-09-18T10:16,7,192.36,Card,Cancelled
6fa9becd-d7ef-404b-8ec5-745b20d138e0,515fe1d2-d33a-4b9d-8c19-07e0cbe81a9a,2025-10-15T10:16,7,151.55,Online,Cancelled
510061c9-87fa-45d5-bbe6-a955c3b5b8e9,90f0db1e-2b19-43f7-ba17-233c7c214eca,2024-09-17T10:16,2,49.76,Online,Cancelled
8057c304-a6ac-4de0-801a-194baa9c7e46,52c87fd9-fdf0-4256-b929-6153ad24a0ac,2024-12-07T10:16,1,27.01,Online,Cancelled
81530680-dc57-48c7-bbed-9207060ceffc,964d337f-acd5-4ca2-8843-9be3f2eb60fc,2025-07-01T10:16,5,86.25,Online,Completed
823800c1-ad3c-49b7-933b-b0c190ca560f,f90cf3ca-e2d0-4129-bc7a-e8a2b80880da,2024-07-16T10:16,2,24.26,Card,Completed
baa0d9f0-2742-4685-aba3-3385af01a329,89d26a00-0fde-4c03-8430-b06f6bc3f33a,2024-09-27T10:16,1,23.95,Cash,Cancelled
83f1fe5c-79e3-40ef-86b3-6d9243f05d0c,0a0ac3e5-6e20-4fbc-87ec-5481c70e38bc,2025-08-26T10:16,2,30.96,Cash,Pending
7fdffb2b-25bb-4207-b296-676292e8bd52,824998a2-7592-4051-ab0b-d5e12743c93b,2025-07-15T10:16,6,127.86,Cash,Cancelled
57782221-5ccc-4b59-b3f4-c2486fea3dc8,52f5634d-de98-4543-8a1e-cbf1e2d0242f,2024-01-09T10:16,5,127.30,Cash,Completed
8995edfd-6fd6-4410-bb27-389bd64fedcc,c3ffc43c-0c11-40fa-9824-f234161741d0,2025-07-01T10:16,8,131.04,Card,Pending
29fbb83d-20af-4cef-bdf9-00653dcf8509,e119f98a-df63-41dc-8e01-bb49ca2dc724,2025-07-14T10:16,6,148.68,Cash,Completed
efe4ecb9-b1dc-4836-b2d8-23404f94ccf8,69446e90-4237-4410-ab55-e011eb04cce0,2024-07-27T10:16,2,39.26,Cash,Pending
0f6fd79c-ce13-42fb-a275-7864b53740b3,b90a3a7f-421e-47e5-8598-fe50f365a62e,2023-11-20T10:16,2,12.82,Online,Pending
d6218292-256f-4b3d-973b-bf2c562ae7b9,8113211c-bdc3-4bb0-94d9-3fd3871f3005,2024-03-22T10:16,4,84.76,Cash,Cancelled
fbaf7f9e-61f1-4900-9259-9453e4919bde,09ba4183-1b94-4f8c-bc5f-eca421a88524,2024-07-13T10:16,2,28.70,Online,Cancelled
7cc42425-b540-4723-a3a1-f0b797eab252,bf0de251-90d7-423c-8b31-48df1a89964f,2024-01-10T10:16,8,217.60,Card,Cancelled
9d417dda-83c9-468e-8969-5d0519bc4cf1,e38afcd9-9e08-47ba-bc92-5ebb4bc271eb,2025-03-30T10:16,6,151.98,Online,Completed
95e138b3-7f79-40b4-a295-3c98cfea851a,d5cfb1a3-ce2f-4aff-ab4c-50e0c5426af1,2025-05-27T10:16,2,46.40,Cash,Pending
ee1ec635-76d9-4b6a-a0dd-9574e260ebd6,4717d2a3-4b2a-44f1-b960-a2b73e2d23fd,2024-01-02T10:16,4,37.84,Cash,Cancelled
756791be-e5e6-4912-ba59-0a4c763c82c9,5f0f3def-9ff6-4282-ad04-001c4a769966,2025-05-03T10:16,8,235.12,Card,Pending
3f373eb9-b3c2-4011-aa17-44e1f419b6f5,e886c155-0dae-4b36-88f5-a86fa474d1f6,2024-05-05T10:16,8,216.00,Online,Completed
acacfa16-6017-402e-9691-5a0f7657066d,52f5634d-de98-4543-8a1e-cbf1e2d0242f,2024-09-17T10:16,4,64.76,Cash,Pending
4e34d3f8-6d88-4ab1-9079-5b0df607df91,f3826f04-0dfa-4266-8002-58fede0093f5,2024-08-19T10:16,8,231.36,Card,Cancelled
4655d0c1-5681-4e1f-928c-0a8dea309d6a,103fcba5-5588-45a5-9fe0-6ac948d3860e,2024-09-11T10:16,1,15.80,Card,Completed
49f18ec4-15d5-4584-ac9a-58fc47626d37,f6c35464-33dd-44a7-bf84-071f2e427045,2023-12-26T10:16,8,120.16,Card,Completed
07a3b1a9-2eb4-4a1c-93e5-403d3d0fbe84,0a0ac3e5-6e20-4fbc-87ec-5481c70e38bc,2025-01-15T10:16,3,28.59,Cash,Completed
12013640-0e23-4019-a045-8d0816dd330e,0d463f72-c3a1-4a2b-8d0d-1721a0d1a06b,2024-02-21T10:16,5,140.40,Online,Pending
838a371b-d558-461e-b9e4-e86032b38896,93cdeef1-3fc3-4a63-a275-0ae87ae6b335,2024-09-19T10:16,1,27.47,Cash,Completed
ed0b1ba7-a43d-4cce-b28b-b432ef4b6b5e,c46351bf-193f-49af-a5d6-456188837c3d,2025-06-20T10:16,5,104.05,Card,Completed
9128ce43-3c35-44c5-8e5f-d3dbc7032c75,ef7fad1f-a86f-4ee1-95b4-ce1f339f0fa5,2024-11-13T10:16,8,144.80,Online,Cancelled
a14c157e-5a32-45ad-99f6-e3a7a2e70334,6c6a3b10-9747-4dca-a041-4edc22d147b0,2024-04-18T10:16,4,52.68,Cash,Pending
12063419-888f-48f3-9877-e3d1e1d9d1d5,428424b7-1f94-496a-8b7a-497ce177d32c,2024-01-11T10:16,2,30.86,Card,Pending
a72b2caa-b4d9-4d59-a360-e1b6e82d6f66,bc58b12c-65c4-4f21-89ef-3e492a22ef7c,2025-07-30T10:16,1,10.03,Card,Pending
3b0faf0b-7bb3-4fca-9f5e-0a29cebba799,bc58b12c-65c4-4f21-89ef-3e492a22ef7c,2025-01-13T10:16,3,63.84,Online,Cancelled
98c98931-4768-4c97-9206-fa12874ae1de,aac35608-9499-49c5-811a-a059e773c968,2023-12-24T10:16,9,215.28,Online,Cancelled
4448eac3-8513-4213-96fc-e907166f5878,0fcf4084-ea31-49f8-99f9-9bf8c8b0c16b,2024-04-01T10:16,3,46.56,Card,Cancelled
52fdeace-d14c-45e0-a0f5-dff83a4c4f37,a3f626b9-cc27-4c04-8570-be79ab8bda4a,2025-04-21T10:16,9,265.23,Online,Pending
ea539389-d92c-40e0-86e0-61a34ef82441,02c65c06-56ad-4670-b8e2-10ab417c7154,2024-08-30T10:16,3,45.06,Online,Pending
d7e3b9d1-a682-45e9-ba62-fdc81485a153,bc58b12c-65c4-4f21-89ef-3e492a22ef7c,2025-03-17T10:16,8,141.68,Card,Completed
b953d695-b742-4022-9d9e-0c6b619b5068,a302a1a8-c429-406f-abff-9f273aa0a4b5,2024-02-21T10:16,5,87.35,Card,Pending
bf61ea9a-909a-408d-9c2e-37eaf04bee8d,e6cb1215-5314-4d05-bfd1-f6e5d36e89f7,2024-12-19T10:16,8,225.92,Card,Completed
b03ccc50-d612-4d22-85e4-0f25364fc525,000f9c8f-2fc7-4346-844d-c04f10751265,2025-06-06T10:16,9,89.01,Cash,Cancelled
c9832026-1009-44e3-acba-2dc62d3be244,10b26c2d-7d56-4175-84a8-a2775e128a9d,2024-04-17T10:16,4,49.44,Online,Completed
58c5303a-bc58-4842-a6b8-160e13931712,365c90d0-a590-4209-9401-2ce55af5ed98,2024-06-09T10:16,4,102.76,Online,Cancelled
21e13dbd-36c9-40ca-b0f1-aa271963bab7,02c65c06-56ad-4670-b8e2-10ab417c7154,2024-10-07T10:16,3,35.73,Card,Pending
d157898e-f7b1-408c-9905-0e084ab1fed4,99c406e7-092b-4eeb-bc08-56fc041c253d,2025-06-19T10:16,2,12.86,Online,Cancelled
8426a6fb-6279-4aac-9edb-c7c284128e51,caca465c-e9f2-4add-91b5-24c70595e321,2024-12-26T10:16,5,83.00,Cash,Pending
c62adf04-afbd-48a4-860f-e2cdbe83eaa4,99c406e7-092b-4eeb-bc08-56fc041c253d,2025-03-27T10:16,4,76.76,Cash,Completed
b340bde2-5e62-4d29-aa43-1d3e9e4d7314,14eace30-1ac2-411e-8eef-98e8f32a87fb,2025-09-22T10:16,5,144.05,Card,Cancelled
5c336bf6-ffa1-4d08-9691-fb388ad73f7a,6b1178fc-1745-401d-88da-3903c243ebe9,2025-04-03T10:16,6,63.54,Cash,Cancelled
6a04c3d6-6278-42e5-a2e4-851cd2d8a9fc,c1a09d60-c9e8-4489-a68e-e01b51541d33,2025-11-10T10:16,6,38.64,Card,Cancelled
4ca33b6a-43ad-4ad9-bfd7-4e0eebd993e7,7a2e5fa5-096b-4701-8ce6-7a3db39bf8eb,2025-10-21T10:16,3,39.48,Card,Completed
93a52c83-5e86-418d-a84c-44d9a2b7bfa8,0e0d5f13-edd5-4ab0-9ddd-3df111bedc5a,2025-08-05T10:16,1,6.23,Online,Pending
9a90cf43-f3cd-4cdf-bf3e-b3e710da4828,3910ab11-8758-4a4f-8a9b-c4f5df7413c4,2024-05-17T10:16,2,30.56,Card,Pending
ee5e3efc-d2aa-4727-ae9c-dfc5c9f8b06b,caca465c-e9f2-4add-91b5-24c70595e321,2025-10-22T10:16,4,37.20,Online,Pending
cdca573e-ab2a-484b-a98f-a0405e7589c4,26d032f1-9fe9-487a-987a-a8be14e1db05,2024-12-24T10:16,9,250.38,Online,Pending
0a9706a5-c0ae-4916-941e-e388bc4e72a6,e6e1db85-f8ba-4264-9c9a-520ecda4bc4c,2025-04-01T10:16,6,55.62,Online,Cancelled
978edddb-3fcc-4992-8085-eba7cc949934,f067e21d-d1d4-4e87-9cae-9753f5f9ccb6,2023-11-26T10:16,5,33.70,Online,Cancelled
c7f77792-8179-4a59-a734-2cd78f799137,a5ffc907-be77-43e6-8694-4a0bf09bd3fb,2024-02-07T10:16,3,37.20,Cash,Cancelled
7a6eca3f-72f5-4f54-85f0-1988fe31030b,a3f626b9-cc27-4c04-8570-be79ab8bda4a,2025-10-08T10:16,5,72.15,Online,Pending
96498d8b-2564-4cbd-b860-b05bf4109a5f,60cd80b6-3967-4dae-b4df-adc7b5644971,2024-09-03T10:16,3,68.76,Online,Pending
1dcb4bd8-b22d-4839-a41e-b5688f910f65,9fa382f0-8393-48db-ad30-43c953282401,2024-06-16T10:16,6,36.18,Online,Pending
78a1e3a0-f3cb-461b-960a-4c535b8e07a9,6c3bf618-a715-40f9-9faa-cfc5f5beef2f,2025-08-27T10:16,2,29.14,Online,Cancelled
9f049102-9a50-49dc-b4ca-c2f72443339a,62a2bfef-ca4a-4dec-90ea-bf15ea1880d2,2025-06-22T10:16,1,24.33,Card,Completed
057a2df4-b4a3-4239-af29-712d6d1b729f,1eeb9c5f-5b7a-47af-b4f1-5a50d9d1089c,2024-01-17T10:16,8,234.16,Online,Completed
6c88c777-aa4f-46cd-b912-ad5db0b521ab,6c6a3b10-9747-4dca-a041-4edc22d147b0,2024-09-16T10:16,9,207.45,Cash,Pending
65d9f57b-d781-494d-aac6-40aa8f628999,e38afcd9-9e08-47ba-bc92-5ebb4bc271eb,2024-03-05T10:16,7,90.23,Cash,Completed
a77e4116-417a-4490-b77b-996e0b827f85,4e44f26d-5455-405b-8fdb-63ab8b739ecf,2025-04-04T10:16,4,32.28,Card,Completed
e44561ff-3c2a-4aa4-b56f-b262ec60d664,a5ffc907-be77-43e6-8694-4a0bf09bd3fb,2024-02-16T10:16,6,158.46,Cash,Cancelled
9ec3f9ad-595b-4fb7-a028-1567d9c7d493,39cb44e2-a541-4b98-bc0b-db5f31cf8710,2025-04-20T10:16,8,231.60,Online,Cancelled
789a71d5-ca7b-45a7-82db-bcddfc8002b8,e277d099-db2a-4aee-ab86-8b0e73a34383,2024-05-11T10:16,9,64.35,Online,Pending
21340338-ab7e-431b-8d0b-49ef28a98b55,e85d0261-2d97-4475-a749-363ec9040a74,2025-08-14T10:16,5,127.05,Cash,Cancelled
89ee43ba-4b5b-4044-ad42-9331edb402e9,bb6bf39c-f455-4e08-a59e-1bdaaa91d4aa,2025-10-30T10:16,5,108.60,Online,Completed
0cbab824-585d-4d8b-ac68-e4757caa1611,0dd437d0-74fa-43c3-8909-5c955e4d47dd,2025-01-10T10:16,2,43.36,Card,Completed
be0dcd96-4195-4f75-b7b6-4b357d7c864b,bb6ceda0-3f7a-4dfa-9862-41a88dd468b2,2025-09-08T10:16,5,38.55,Online,Pending
c058112c-e1b3-40aa-a31e-0c123a27868d,d33bbfcd-a2ca-4e80-8a1c-65223f061e7e,2024-09-24T10:16,6,129.84,Cash,Pending
0832d35b-2c0f-4fb8-a2ef-1bb5bca3eb1c,b047b369-02d0-4f25-9af0-f1e883228863,2025-02-21T10:16,7,92.75,Online,Completed
194726f5-45e7-46f9-a98b-fe3e8ae2ae85,06e585f0-5b60-4900-81d1-3379328e6c17,2025-08-27T10:16,5,58.80,Online,Cancelled
af7baa1e-ba84-4570-b6a9-6a2f9c87ff6d,d7af10ce-45c9-4fc8-8dd8-b1c5491aad5f,2024-04-01T10:16,9,229.23,Card,Pending
571ee719-cf30-47ec-8cae-161b4c1981a1,0df3bae1-6384-4856-aa27-aef9f6c48b75,2025-10-14T10:16,1,11.63,Cash,Cancelled
42694405-6d26-4daa-a68f-14993972d6d0,2a109685-1399-4149-8951-fba29bb0360d,2025-06-04T10:16,5,95.75,Online,Cancelled
840fd59f-77ab-4da3-93f3-23c6161b63d7,103fcba5-5588-45a5-9fe0-6ac948d3860e,2024-02-07T10:16,2,57.26,Online,Completed
5fde3ad4-7c22-41b0-a9a1-1ab0e6f03ef8,964d337f-acd5-4ca2-8843-9be3f2eb60fc,2024-02-23T10:16,9,138.33,Cash,Completed
6fc56c61-7f61-4989-be28-a7aa3b1c701c,7509850a-5062-4da9-aad6-bc5b9e363ef1,2025-06-07T10:16,1,12.11,Online,Pending
335821ff-a916-471d-b642-1c8c8b054ccd,485b65e7-fdf4-474d-afba-37986d8d3cd8,2024-03-21T10:16,8,71.52,Cash,Cancelled
fb96eec7-1d13-431a-9e44-6bc51d76f3a2,824998a2-7592-4051-ab0b-d5e12743c93b,2025-03-15T10:16,9,51.57,Cash,Pending
e738f831-8c9c-4390-9fd9-0927de9a67cd,4739f27f-7a96-4d52-83ae-0c6fd4c8c606,2024-12-24T10:16,8,187.28,Cash,Cancelled
55ffae1e-1c08-4674-863e-cd704651bdd6,0e0d5f13-edd5-4ab0-9ddd-3df111bedc5a,2025-05-28T10:16,7,65.03,Cash,Cancelled
6e467d02-fb0d-460d-8b1a-09edca1dc6ee,795088d7-d227-422e-ad8c-f048bde0675e,2025-07-20T10:16,1,14.05,Card,Cancelled
0d178221-da5d-49f9-8415-c4bfbfc2c285,6117b6f0-c4f4-4bf1-9eeb-f33950decba8,2024-12-26T10:16,5,81.55,Card,Cancelled
e633c1fc-c01a-462e-8484-64e820781666,6aaabc79-3d35-410f-bb96-f86a3930d0ff,2024-04-10T10:16,2,53.86,Card,Completed
950fb2b5-093d-4a68-b36f-96ee2a63e16f,69446e90-4237-4410-ab55-e011eb04cce0,2025-08-12T10:16,4,34.36,Online,Completed
baa040d5-0f2a-49a9-bf88-4a3b21421f47,ebe19120-496a-47fa-87eb-2440212a3363,2025-03-12T10:16,1,29.96,Cash,Completed
03cb83a7-4699-4838-9018-5b1799b0b579,5eb75bc0-d5fa-4209-9d42-7767f3f0585b,2025-04-08T10:16,1,11.67,Cash,Pending
bba52771-286f-445a-9252-09016d62df2b,e7991221-0de0-4ef8-aa9c-ca3b59197059,2025-03-21T10:16,4,110.60,Card,Completed
ce1971b7-07a4-4c6a-a67d-2f1b13e11a7e,4e6807ca-aed8-4ec9-b1b0-0e3aba57efb1,2025-08-21T10:16,2,45.32,Cash,Cancelled
fed3a49d-1553-4ef7-a490-21090b9a3b3f,824998a2-7592-4051-ab0b-d5e12743c93b,2023-12-07T10:16,3,36.63,Online,Pending
9039c8e8-c25f-45d8-a512-137bf3292b0b,53db1213-7316-47bb-9099-c1def0e3c96b,2025-03-10T10:16,2,27.06,Cash,Pending
4259bcdd-0911-4521-9c5a-7bdbe48a7aeb,8113211c-bdc3-4bb0-94d9-3fd3871f3005,2024-07-23T10:16,9,205.38,Cash,Completed
4c94a198-6037-4d5a-8161-a88a42caa5bd,8626238e-5813-415a-9a8c-db944b1e0269,2025-11-02T10:16,1,19.56,Cash,Pending
2a4149c3-6f92-42c8-ac40-3f1b38223166,0a5a9fc7-e126-48f0-99aa-dea85c606f66,2024-05-09T10:16,5,99.40,Cash,Cancelled
94fd85c4-7cb6-43cb-9afa-43e8464e8d5e,23650eb4-f98d-45a3-a90b-a378f03d469d,2023-12-30T10:16,4,56.84,Online,Cancelled
dfbbbac9-672c-4f0e-a159-53e4e927f8df,65b2c0ea-6192-47fc-9286-2c1dd3ecefb1,2025-03-24T10:16,2,35.84,Card,Cancelled
d0dccfbf-4e8a-4acd-b268-1c24782fe576,d33bbfcd-a2ca-4e80-8a1c-65223f061e7e,2024-08-01T10:16,2,24.98,Online,Completed
cbf1c328-8add-455e-8466-e1a450a6e6c7,c46351bf-193f-49af-a5d6-456188837c3d,2025-08-23T10:16,8,220.64,Cash,Pending
275be7ac-6a3d-424b-b988-55743299b5c4,c3ffc43c-0c11-40fa-9824-f234161741d0,2025-05-19T10:16,9,46.80,Card,Completed
0cc5bb27-6490-4abd-a347-9755cb24e1cf,ada8704c-2784-4d70-84da-10078407d2c8,2025-03-29T10:16,6,75.42,Cash,Cancelled
d1a168b9-43d7-40ae-9e2b-45ea27b3b611,983d66ae-c8b0-46b8-8abc-26a1055cf729,2024-06-13T10:16,8,183.28,Online,Completed
c7577f4f-4c94-4469-bbaf-14d73abf60a3,a3f626b9-cc27-4c04-8570-be79ab8bda4a,2024-12-03T10:16,4,64.80,Card,Cancelled
3aff7218-bb47-4a4e-9e50-a5a65834652f,9b9edd1e-b4f7-414c-b8b5-a3dc51fa0a8c,2025-02-19T10:16,6,79.26,Card,Completed
f170ad78-4a58-4990-b698-f82a3c55331b,b03f75c1-655f-4480-a2bf-1a0af806e96e,2025-05-12T10:16,1,21.66,Cash,Completed
1124840f-6d6e-4c48-8781-1731da1b6e6c,ceafdb2a-788d-48e0-acdd-bd533a2e7ab6,2025-09-10T10:16,3,17.67,Card,Pending
7e6b02b9-ce21-41ca-b59a-9f615b1a6be1,25659c0e-6eb5-4c57-add8-fb6ac5f42699,2023-12-19T10:16,6,35.04,Card,Cancelled
799578d5-3091-46f1-b364-19ccbca9ddc6,06e585f0-5b60-4900-81d1-3379328e6c17,2024-04-08T10:16,8,169.44,Online,Pending
49358725-0625-4322-83a7-365b78a17ad3,4bb2d776-14c0-4ef6-b8ba-c580cbed72b8,2024-12-19T10:16,7,86.87,Online,Pending
172af4de-bdcf-4ad8-9758-dd339a98209e,4717d2a3-4b2a-44f1-b960-a2b73e2d23fd,2024-12-28T10:16,7,176.89,Online,Cancelled
56c51da0-c53a-4738-b539-657efd01c02a,2a109685-1399-4149-8951-fba29bb0360d,2024-03-03T10:16,2,30.84,Card,Completed
c6ce1cf3-bd33-4e45-9691-dfc0f136e7a4,b014b56e-3263-4b63-8430-46e00bc5ea77,2025-05-02T10:16,3,34.56,Card,Cancelled
290583cc-0531-43df-83c0-51bc8a47c88f,515fe1d2-d33a-4b9d-8c19-07e0cbe81a9a,2024-05-11T10:16,9,59.40,Cash,Completed
4def261a-de83-49bd-ba06-7baf4e63565d,9fa382f0-8393-48db-ad30-43c953282401,2023-12-03T10:16,1,26.08,Cash,Pending
67a2c0d7-5641-47aa-a9a2-01f11ce5eaaf,428424b7-1f94-496a-8b7a-497ce177d32c,2024-11-19T10:16,9,241.47,Card,Cancelled
87c3eae6-ee66-42cf-8ec5-8d219c23535d,26d032f1-9fe9-487a-987a-a8be14e1db05,2024-05-29T10:16,4,88.68,Cash,Completed
a2809f98-7e13-464b-94dc-f8860adde455,4f6ae324-5b6d-47d6-a86d-26ec6fbe1e0e,2024-11-24T10:16,1,11.07,Cash,Pending
0617dfcf-9695-47e2-afd0-51faacab44d8,050d9901-1cb5-413a-9c31-282028f863c1,2025-11-04T10:16,7,159.67,Cash,Completed
a6ad8dc0-c677-4f00-abf0-fcdb30a0d52e,bfa3444b-2be9-46be-b944-720d86a59770,2024-02-28T10:16,4,101.24,Cash,Completed
fa79c05d-49f6-4725-8734-11461558e408,b0d737cd-ec4b-4a88-aa81-d012ef3fb719,2024-05-14T10:16,3,62.64,Cash,Cancelled
42521fa2-088b-40d9-8539-57a73c6d5fa7,7509850a-5062-4da9-aad6-bc5b9e363ef1,2025-04-10T10:16,7,102.55,Cash,Cancelled
8d8364d6-c661-4c73-bcf2-045005bdd283,59827b2a-ae17-44b1-bd6f-6f08718559cb,2025-04-20T10:16,9,220.59,Card,Pending
9d6bceb8-d1c9-4828-9395-af685bacb711,7d2df59f-386d-4aec-85a8-2443262a0cb4,2023-12-29T10:16,4,92.28,Online,Cancelled
0ad33b88-42f5-432f-94f8-6f7c505d2cd9,99c406e7-092b-4eeb-bc08-56fc041c253d,2024-08-20T10:16,3,59.46,Card,Cancelled
368e3419-9e7e-49b0-9511-cf92a91b4750,6c3bf618-a715-40f9-9faa-cfc5f5beef2f,2025-06-22T10:16,6,88.68,Online,Pending
c79ea4af-1df5-4408-8989-3d0dfa9c853d,69446e90-4237-4410-ab55-e011eb04cce0,2024-12-19T10:16,6,112.20,Card,Pending
5b38bd0c-dc78-42a0-ae74-15e7c8a9090b,80537cf2-360f-4740-8b7e-d4cd56e22987,2024-09-26T10:16,7,189.56,Online,Pending
fe2a7dc1-aa27-4fdc-84f6-2fc015e7ca98,8626238e-5813-415a-9a8c-db944b1e0269,2025-08-06T10:16,2,20.20,Online,Completed
c741e566-6bff-4178-8d86-76f649dbaba6,0472ca7f-b133-4710-8f43-24a3c6c1afd1,2024-08-18T10:16,3,26.07,Cash,Pending
6c0b0a9f-7002-4ad9-a791-71f745f36613,11526850-7335-463f-b740-a52a90457c3b,2025-07-03T10:16,9,57.42,Card,Completed
b6b090d6-233b-4fdd-9cfe-8f349bf7ed53,65b2c0ea-6192-47fc-9286-2c1dd3ecefb1,2025-05-24T10:16,5,64.90,Card,Pending
cf7ccd41-ef04-4e03-97d9-984ca12d8721,910b1d47-5c37-48b1-8bde-96c60660f1d7,2024-06-30T10:16,5,94.80,Online,Completed
454100fa-f938-4760-a7fa-3ad42db54041,a938df5f-7764-459c-8bfd-90409d16b3c6,2025-01-16T10:16,5,45.80,Cash,Completed
ef464fb4-9e47-4fed-879b-91f8cde3ecd8,1eeb9c5f-5b7a-47af-b4f1-5a50d9d1089c,2024-11-05T10:16,8,220.00,Cash,Completed
7695f3fd-17e7-4a64-b94e-6aff55621e45,69446e90-4237-4410-ab55-e011eb04cce0,2024-07-03T10:16,3,46.62,Cash,Pending
21ec0cb7-8ac6-4784-8033-d99d18ff6948,5f0f3def-9ff6-4282-ad04-001c4a769966,2024-09-04T10:16,3,44.25,Cash,Pending
75c62039-4b9f-4ff5-a9ee-c5a8757e091d,f067e21d-d1d4-4e87-9cae-9753f5f9ccb6,2025-08-10T10:16,1,24.40,Card,Cancelled
70464dbc-b9f6-480f-954f-b7ed51c81e67,14eace30-1ac2-411e-8eef-98e8f32a87fb,2025-07-14T10:16,5,68.45,Card,Cancelled
55dca836-5a60-4220-8c5d-316cf9c8187a,7d2df59f-386d-4aec-85a8-2443262a0cb4,2024-09-11T10:16,6,48.00,Card,Completed
01d4744f-40d6-41ab-b1b7-19ef72304d9e,3dcaabe3-78c9-4d88-bed5-56ca7ceea07c,2023-11-26T10:16,2,32.34,Cash,Pending
be1b9850-3cb2-4c15-bcf9-ef842ec1b309,9b9edd1e-b4f7-414c-b8b5-a3dc51fa0a8c,2024-10-11T10:16,3,81.03,Card,Cancelled
6d318b47-b1c3-413c-8331-a8ff0a7aa65d,0b2a0e9a-e050-4380-b607-57adcbbf59d4,2025-10-12T10:16,3,74.34,Cash,Cancelled
8faac81f-4044-45d8-970f-b3aa1667eb9d,a938df5f-7764-459c-8bfd-90409d16b3c6,2025-02-24T10:16,2,34.76,Card,Completed
dfcab293-3e30-4dbf-a9a2-dcf783c88890,5d6f84a5-a4de-442e-99b9-b8ef714b4436,2024-06-12T10:16,4,27.44,Cash,Pending
15de8ccf-444f-45c6-ab05-c1ad8307ebe9,d33bbfcd-a2ca-4e80-8a1c-65223f061e7e,2025-01-21T10:16,9,76.95,Cash,Pending
fc0d01cd-9e7d-4706-98d5-3b2b47852e7b,caca465c-e9f2-4add-91b5-24c70595e321,2025-05-31T10:16,4,73.68,Cash,Completed
2dbf7bad-f0d2-4db2-9303-43f90b78d1b7,0a15d43b-8f6b-444a-bef2-ffbddfdbd16f,2024-01-03T10:16,8,100.48,Online,Completed
36fa2ced-12fd-4ba3-945c-86229d20564d,7a18d550-38d0-40b2-84a7-547162e7e409,2025-03-22T10:16,9,61.65,Online,Pending
ea050865-0d23-4fbb-af95-81cc6bc3e6c4,f067e21d-d1d4-4e87-9cae-9753f5f9ccb6,2025-11-08T10:16,2,37.28,Cash,Cancelled
ff725232-82d5-4d46-9c64-743e0a3dfc46,910b1d47-5c37-48b1-8bde-96c60660f1d7,2024-08-11T10:16,6,30.12,Card,Pending
9abab4d3-08bb-454a-ae2a-d0d1a5f99abf,6117b6f0-c4f4-4bf1-9eeb-f33950decba8,2025-07-03T10:16,8,51.20,Cash,Completed
19341490-8436-44a3-9ee7-950e5b1db540,5400d214-6176-40bf-88d2-3f53ed38bf69,2023-12-26T10:16,7,74.06,Cash,Pending
3df166da-cffc-4121-b6b8-c40e71153904,89d26a00-0fde-4c03-8430-b06f6bc3f33a,2024-01-19T10:16,6,40.92,Cash,Pending
0c7dcea6-256e-4624-b82e-859f1e0c4ff6,e38afcd9-9e08-47ba-bc92-5ebb4bc271eb,2025-04-05T10:16,9,58.05,Card,Completed
da9bc09b-207c-4526-b555-e1259251699f,b90a3a7f-421e-47e5-8598-fe50f365a62e,2024-04-21T10:16,6,119.10,Cash,Completed
aebcfd5c-fb72-4709-8941-13d927ee3fba,98b17fed-218c-4f20-8410-9f0edfc74455,2023-11-15T10:16,2,33.24,Cash,Cancelled
3e5c1b5f-656c-430d-bb57-84e9e18907f6,52c87fd9-fdf0-4256-b929-6153ad24a0ac,2024-09-27T10:16,6,53.34,Online,Cancelled
7194dd45-076e-4d02-8ac8-95c028622070,c1a09d60-c9e8-4489-a68e-e01b51541d33,2024-01-17T10:16,3,54.39,Cash,Pending
e28f5488-a32a-44e6-a29b-a817807f1aef,59827b2a-ae17-44b1-bd6f-6f08718559cb,2024-12-01T10:16,4,60.40,Online,Pending
7b46f211-6a1b-4361-a527-ff56a8fab8f7,23650eb4-f98d-45a3-a90b-a378f03d469d,2024-05-04T10:16,7,147.63,Card,Cancelled
feb72862-a6af-43f9-8a20-4f08da73c6c7,910b1d47-5c37-48b1-8bde-96c60660f1d7,2024-09-27T10:16,9,125.28,Online,Completed
aa3116fb-ed60-4b45-9fcd-eada2069be1b,80537cf2-360f-4740-8b7e-d4cd56e22987,2023-12-27T10:16,9,229.41,Cash,Completed
8a03e406-cd36-4290-a3e5-64c405ddd3be,e85d0261-2d97-4475-a749-363ec9040a74,2024-08-14T10:16,2,29.40,Cash,Pending
27e9eb08-0df4-4cbf-b5cc-6e54a729aa5c,4f6ae324-5b6d-47d6-a86d-26ec6fbe1e0e,2025-05-14T10:16,2,15.68,Card,Completed
be3dd41f-62e0-4227-becf-358ecc1cab02,d33bbfcd-a2ca-4e80-8a1c-65223f061e7e,2024-06-09T10:16,3,54.69,Online,Pending
e13fbbff-2259-45f5-a6ee-c87cda813944,93cdeef1-3fc3-4a63-a275-0ae87ae6b335,2023-11-24T10:16,7,105.00,Cash,Cancelled
6c2dc703-d479-4945-9c28-9c18bf1baf5d,7a2e5fa5-096b-4701-8ce6-7a3db39bf8eb,2024-02-02T10:16,8,73.84,Cash,Cancelled
c14df304-b14f-4fbf-a2b8-e369ead9472d,1233cc27-7567-48e0-8dd2-6b0019506c2f,2024-03-08T10:16,8,109.60,Online,Completed
8d6228ce-d137-424e-bfef-b03228123d8b,9305d562-2505-493d-8ed8-3fb721c8f491,2024-10-06T10:16,9,153.36,Card,Cancelled
5e63fabe-bf86-4925-86a4-ca71ded18c7f,0df3bae1-6384-4856-aa27-aef9f6c48b75,2025-06-08T10:16,6,170.40,Cash,Cancelled
99a572b8-360b-4f11-b444-8b01ad65a914,b95f7619-fab2-4df9-8683-1f2aeb93a660,2024-09-09T10:16,2,54.10,Cash,Cancelled
dcdc9667-e897-4ebb-aded-0bea8af02934,46032f36-69bc-465a-9b33-a5d560bfd77a,2024-03-03T10:16,1,17.96,Card,Completed
a8ad85ed-fc64-4407-8def-3d2df30564eb,21edfc22-3f73-4335-a774-3cf78ab65e86,2025-01-05T10:16,8,192.08,Online,Cancelled
2b05281e-3536-40b8-a41f-f7309ac9de6f,46032f36-69bc-465a-9b33-a5d560bfd77a,2025-04-04T10:16,2,37.94,Online,Pending
772054cf-64e4-4f40-affa-6f845b82a132,0130fcd4-a6cf-4a72-8400-7bcae1abce34,2025-08-19T10:16,2,41.46,Cash,Completed
b2847e71-8884-4c9a-9ea9-ca3f69c789c7,11526850-7335-463f-b740-a52a90457c3b,2025-06-05T10:16,4,75.04,Card,Cancelled
e2a3e231-04a5-4d3c-80b3-58779d0d853a,a938df5f-7764-459c-8bfd-90409d16b3c6,2023-12-14T10:16,2,47.64,Cash,Pending
0347823a-868a-4005-ac08-383a1c02dd14,ff4db0d8-e809-46e8-9ae0-78ffee4902d9,2024-10-12T10:16,9,140.49,Cash,Completed
96a07ea4-cdfb-42da-a1d1-227cc695752d,d5cfb1a3-ce2f-4aff-ab4c-50e0c5426af1,2024-08-12T10:16,3,34.56,Card,Cancelled
7047ea2f-0480-4f99-ad77-e392d26190c6,6e551d53-4f6d-4b84-a9de-3d7c79694805,2025-10-07T10:16,6,80.64,Cash,Cancelled
116dc29a-feae-4e41-90e4-ad32f63e661f,1a48aa9a-def3-481d-922a-94300aa97309,2025-07-07T10:16,7,119.63,Card,Pending
f424df01-b329-4313-8c8b-4bb9de274928,b047b369-02d0-4f25-9af0-f1e883228863,2025-05-22T10:16,1,5.04,Cash,Cancelled
d9567802-8875-4801-96b8-be074a55f76b,67c276b0-7be6-4f3c-bf86-c342095c8112,2025-08-20T10:16,5,127.25,Card,Pending
4f75c94d-adc7-4c63-84da-5b9fe19acf93,3dcaabe3-78c9-4d88-bed5-56ca7ceea07c,2024-12-18T10:16,8,77.52,Card,Cancelled
48fcfa9c-73f7-41fd-a0e4-02e399dbc7dc,365c90d0-a590-4209-9401-2ce55af5ed98,2023-12-18T10:16,3,60.87,Cash,Completed
1acc5cd0-aa36-4406-8fe2-0d188830b504,bc58b12c-65c4-4f21-89ef-3e492a22ef7c,2024-09-16T10:16,3,53.28,Cash,Pending
809a207f-2c1b-4a70-85a9-a47da33c5aa6,885715b6-b1eb-44ca-8460-28c0343e56f3,2025-05-01T10:16,7,63.91,Cash,Cancelled
750d2652-9a49-4538-b95f-d404daca277e,ebe19120-496a-47fa-87eb-2440212a3363,2024-07-17T10:16,5,82.15,Online,Cancelled
c1832312-ff1a-4619-83a0-4a91c5f80191,74e76582-f1b8-4560-b049-8aebb59d4721,2024-04-01T10:16,2,37.00,Cash,Completed
05bd4545-f581-41f9-a5f0-e5e48a78846b,7509850a-5062-4da9-aad6-bc5b9e363ef1,2024-01-24T10:16,7,69.86,Card,Completed
b526820f-e628-4e23-8a36-da065854c205,7c991f43-c18b-4404-8826-97691b0dc00c,2024-03-19T10:16,5,144.25,Card,Pending
2d6848df-a5a6-462d-8c6c-df5befa5b0fb,10b26c2d-7d56-4175-84a8-a2775e128a9d,2025-01-17T10:16,4,28.48,Cash,Cancelled
7e1d9f5e-4ed3-4d92-9f83-6ffa99a6f435,10b26c2d-7d56-4175-84a8-a2775e128a9d,2025-06-29T10:16,2,51.20,Cash,Cancelled
24a71587-4935-483b-8466-6b678132c281,a3f626b9-cc27-4c04-8570-be79ab8bda4a,2025-06-03T10:16,3,36.57,Cash,Cancelled
a657e396-35c0-43b7-bc2e-e19e643d34ca,d33bbfcd-a2ca-4e80-8a1c-65223f061e7e,2025-05-12T10:16,7,192.71,Card,Pending
01e20207-e50d-4169-b170-13dfc9a848e0,68169a66-a8d4-4763-914e-7befc826445b,2024-02-10T10:16,9,46.26,Online,Cancelled
6c9c4b80-a7e9-41ab-8a0c-1b427f014f0c,73a2b03c-2dca-486e-8ebc-c4d6bb68a8c6,2025-06-04T10:16,9,100.17,Cash,Cancelled
09bb2763-cd4f-4e00-a891-1c90d454ab27,6f61ca8e-51a1-48e0-abfa-88326e713e34,2024-01-27T10:16,9,141.21,Cash,Cancelled
74ae7971-733f-48ff-9a00-490cb847a530,953417c6-cd52-45e9-9ca0-bb450653c934,2025-02-25T10:16,9,113.49,Online,Pending
924797d1-c63a-4ce2-ace6-00a51b0ca480,500fde18-ea61-4380-9ea4-f06d09985870,2024-06-19T10:16,5,83.00,Cash,Completed
fa789a41-ca1a-4405-936b-2df9f1c7ce70,9305d562-2505-493d-8ed8-3fb721c8f491,2024-04-04T10:16,9,226.71,Card,Pending
f28acc3e-f426-40c1-b4fe-b5d692a14087,ba5d9947-b043-4aca-8ee0-6b77895cf8e8,2025-10-03T10:16,4,34.72,Online,Cancelled
b76b54bc-2c86-4c5f-9e95-7905f40c0885,0130fcd4-a6cf-4a72-8400-7bcae1abce34,2024-11-28T10:16,9,48.42,Card,Pending
89be9f01-8106-4260-82c4-26498ff6d264,89d26a00-0fde-4c03-8430-b06f6bc3f33a,2025-03-26T10:16,5,149.10,Online,Completed
2c02400e-9c83-4bc9-b12a-508044f1a947,ada8704c-2784-4d70-84da-10078407d2c8,2024-01-19T10:16,3,35.04,Online,Completed
a9d08929-9559-487c-83f3-661e04435f9c,5eb75bc0-d5fa-4209-9d42-7767f3f0585b,2025-08-08T10:16,8,157.76,Card,Pending
0b1be979-6eb5-43f8-88b8-74980c27703d,3ab3404a-ee80-4ed2-8d90-a6f0dad14e48,2025-09-19T10:16,5,102.25,Online,Cancelled
2d0ef042-c7a4-4e2d-b4ed-99ab32f3ce19,b04ce307-2d1f-4214-b023-d8f4379041a1,2024-12-18T10:16,7,102.27,Card,Cancelled
e394b66a-33b5-45e7-8562-86254f27da6b,3910ab11-8758-4a4f-8a9b-c4f5df7413c4,2024-08-11T10:16,3,65.04,Card,Cancelled
e71fc763-8cf7-4fc0-be0f-62aad4c1f66d,bf0de251-90d7-423c-8b31-48df1a89964f,2023-12-09T10:16,6,133.08,Card,Completed
274bc5d4-96b8-4dd0-8235-59dd31f1a86c,80537cf2-360f-4740-8b7e-d4cd56e22987,2023-12-13T10:16,2,10.12,Card,Pending
250919b4-74cb-4534-99fc-92c35d42626a,f0a6a958-e434-41bf-a830-dffa55a34db5,2023-11-26T10:16,7,154.91,Online,Pending
95d6585f-6cb6-4277-a7a9-2de551a53cd3,d6d4ef4b-0870-48aa-b884-013237f255f4,2025-10-05T10:16,9,83.79,Online,Completed
5863c931-75cc-4767-8adc-4c3aa3f7175a,ecf1ffb0-ac00-4968-87ea-8beef4ace55a,2023-12-19T10:16,4,21.08,Online,Pending
183f4956-d6ec-4f2b-a8d0-3fba16ab1f72,06e585f0-5b60-4900-81d1-3379328e6c17,2025-08-02T10:16,1,24.09,Online,Pending
68d684cb-43e0-4cf7-ad66-2d76a2cc73e6,06e585f0-5b60-4900-81d1-3379328e6c17,2024-08-16T10:16,2,58.66,Online,Pending
c7199bb0-15fe-4e32-87aa-0a17bcc9532a,5f0f3def-9ff6-4282-ad04-001c4a769966,2024-07-08T10:16,4,73.04,Card,Completed
be18e029-2a07-48bd-923c-6bb5d458c44a,b04ce307-2d1f-4214-b023-d8f4379041a1,2025-11-04T10:16,1,21.69,Online,Completed
f383162f-2c5f-4bae-a90e-e5845f017f94,cf65c4b6-4c1c-420b-95de-23e5b56ffad5,2024-10-04T10:16,1,5.49,Online,Pending
9e3688b3-9721-4812-887c-f61d65c8a77d,e12c3d24-86c8-474f-b86b-370df36adbfe,2025-02-18T10:16,8,69.60,Online,Completed
067d08b0-8055-49ca-b7da-e6676a689645,a190f67b-21df-46bc-8164-46bdfa00af85,2025-09-05T10:16,6,173.16,Card,Completed
afa4135b-fd0d-42ea-bf0b-40390bff19db,0b2a0e9a-e050-4380-b607-57adcbbf59d4,2024-05-21T10:16,7,171.57,Card,Pending
4c89aafd-bddb-41dc-bf5c-3dc9f5f68ffd,4739f27f-7a96-4d52-83ae-0c6fd4c8c606,2024-07-24T10:16,2,19.20,Cash,Completed
7ddd85a8-933a-45a4-a715-eae501211543,ec3490d2-e8da-47ee-ae12-0ca0b1d7a2bb,2024-02-06T10:16,5,138.35,Online,Pending
2543e255-2890-4443-a2d0-876daa6ec922,99c406e7-092b-4eeb-bc08-56fc041c253d,2024-03-29T10:16,3,54.27,Cash,Completed
0d392766-a461-4e71-8111-8279ba1dd5f0,89d26a00-0fde-4c03-8430-b06f6bc3f33a,2024-06-01T10:16,3,19.32,Online,Cancelled
30bb417e-7107-446e-8698-dab506567a9a,caad7924-4bc5-4f85-9662-11ca261e3c87,2025-02-26T10:16,6,115.26,Card,Completed
99ed8549-cd3d-454c-ac58-b6b228792b46,46032f36-69bc-465a-9b33-a5d560bfd77a,2024-07-22T10:16,5,89.55,Cash,Completed
38def9f0-065b-476c-b49e-32dafb708ed9,ada8704c-2784-4d70-84da-10078407d2c8,2024-10-16T10:16,4,53.40,Online,Pending
552b6351-9bb2-47e5-be80-b9124d876b92,52f5634d-de98-4543-8a1e-cbf1e2d0242f,2024-03-13T10:16,7,84.56,Online,Pending
b1186ebc-8ee6-47e6-8adb-4783b59a2cb6,98b17fed-218c-4f20-8410-9f0edfc74455,2025-08-18T10:16,5,51.25,Cash,Pending
edd56e0e-7f53-4230-aa7e-10307e88aedf,e38afcd9-9e08-47ba-bc92-5ebb4bc271eb,2023-12-27T10:16,1,18.14,Card,Completed
fa7a3444-5073-4a39-a227-ac859e132752,fbe227d7-6d32-4407-9783-7fdac983e55f,2024-10-13T10:16,9,87.30,Online,Pending
90efad75-b5c4-449e-ba67-77eda63fddc7,4e44f26d-5455-405b-8fdb-63ab8b739ecf,2025-02-24T10:16,8,93.76,Online,Pending
4a560ec2-004e-4b86-a44c-5a032fd917de,e6cb1215-5314-4d05-bfd1-f6e5d36e89f7,2024-06-22T10:16,2,17.14,Online,Pending
c671083b-2ec6-4940-bcfd-f757255a5896,8113211c-bdc3-4bb0-94d9-3fd3871f3005,2025-05-03T10:16,5,95.55,Card,Completed
a63dd913-bf67-4aff-bf20-2f0a68132373,c3ffc43c-0c11-40fa-9824-f234161741d0,2024-03-06T10:16,2,25.98,Cash,Completed
2ecb6392-5f8e-4f44-a0ab-987f975ac452,4b14a58c-f1e4-40b6-888d-a88cd7055099,2025-02-17T10:16,4,107.28,Online,Completed
7b0df53f-c94a-4a0b-b3ad-d93aa7eccc11,b047b369-02d0-4f25-9af0-f1e883228863,2024-03-11T10:16,3,29.37,Online,Pending
46a19ab7-c73f-4013-a978-31697b7c3ff9,63846b60-b7be-4087-ac6e-56c9bc130a20,2025-02-17T10:16,9,107.46,Card,Cancelled
00ac7dc8-097d-429c-9c10-1f7fadc03f12,1407e9cf-22c9-4137-a2fe-cc12dc038235,2025-01-29T10:16,2,25.64,Cash,Cancelled
a06917f5-5243-4e50-a588-722db0496bbe,98b17fed-218c-4f20-8410-9f0edfc74455,2025-04-25T10:16,4,53.08,Card,Cancelled
74d7b728-001e-415e-906b-b85da4637afb,71f17b36-2c37-4cfa-bf8a-894fa94c0e9b,2024-09-05T10:16,9,240.39,Cash,Cancelled
4458755c-b657-4b82-851c-51b0da34318d,74e76582-f1b8-4560-b049-8aebb59d4721,2024-05-18T10:16,4,115.00,Cash,Completed
9da5f881-c040-48be-aecf-02d3d3605aad,8113211c-bdc3-4bb0-94d9-3fd3871f3005,2025-01-29T10:16,1,15.77,Online,Cancelled
a8e4f360-add1-47a1-aa8a-123dfd6b23fa,73a2b03c-2dca-486e-8ebc-c4d6bb68a8c6,2024-11-20T10:16,8,220.40,Online,Cancelled
69e8a9b2-39ca-41f0-9dea-22a771a2b3c8,68169a66-a8d4-4763-914e-7befc826445b,2024-09-15T10:16,5,121.35,Cash,Pending
342c2efa-5aa7-4710-a569-a2c09616db62,d5cfb1a3-ce2f-4aff-ab4c-50e0c5426af1,2023-12-28T10:16,1,24.78,Cash,Completed
0f4a3e4a-eff9-4017-93ab-14a32fba6cf3,b95f7619-fab2-4df9-8683-1f2aeb93a660,2025-02-27T10:16,7,47.25,Card,Completed
4c79d1a6-db25-4a2a-8c86-4c74c8f88bcc,a190f67b-21df-46bc-8164-46bdfa00af85,2024-08-26T10:16,3,15.45,Card,Cancelled
60dace89-0943-4633-ac5f-512b99bf3484,205ea7f7-e714-45b8-a083-11247ff702a1,2024-01-03T10:16,7,58.59,Cash,Pending
f442d95e-629a-4d1d-9abe-0dc0f26f4761,99c406e7-092b-4eeb-bc08-56fc041c253d,2025-03-04T10:16,9,93.42,Cash,Completed
31b8ef13-16b3-4abe-8ac7-bf39ac5db9b6,8b115a34-224b-453c-be69-b53a7445b466,2024-09-26T10:16,9,72.00,Online,Pending
5f14ea6c-8924-4921-ad93-fff7c93a91fd,8e1bbe6c-7b75-46dc-8ca1-0b1664cd6ae4,2025-04-30T10:16,2,49.00,Cash,Completed
e8d8a91e-3bc6-4228-94b6-167a25f7c1ee,103fcba5-5588-45a5-9fe0-6ac948d3860e,2025-09-26T10:16,7,118.16,Cash,Pending
4236c591-a551-4ea7-a66d-fa75be41d860,e6e1db85-f8ba-4264-9c9a-520ecda4bc4c,2025-06-26T10:16,8,214.32,Cash,Pending
314be90c-21a4-483b-b4cb-13bd744623c3,56a75a3e-a944-4147-8cba-f1024726993f,2025-04-01T10:16,9,256.95,Cash,Completed
a76ed2dc-ffca-4a86-bff4-3ea74b925b6f,cd50913f-8c99-4253-9134-0cf5fe5f300f,2024-08-17T10:16,1,22.18,Online,Cancelled
ce7570a6-a643-4ebe-befe-61d488949afd,2c6dafc9-06cc-4b3d-8b8d-12aae0644c58,2024-11-01T10:16,2,19.32,Card,Cancelled
26a15fbc-bd4b-4fa1-95a3-9fb7c6de93c6,73a2b03c-2dca-486e-8ebc-c4d6bb68a8c6,2024-09-17T10:16,8,65.20,Cash,Pending
bc2db0c1-9819-4016-a0a4-0f48f275b314,bfa3444b-2be9-46be-b944-720d86a59770,2023-12-23T10:16,1,12.07,Card,Pending
2ad3a344-d5e3-4d26-9bd2-7f6fbcf4a5c5,5f6e51da-5f01-4c9a-85dd-7d50ef37e5d7,2025-08-30T10:16,8,84.24,Card,Cancelled
722754ac-4c2c-464c-8100-5babd3d813b6,a5ffc907-be77-43e6-8694-4a0bf09bd3fb,2025-08-31T10:16,7,55.30,Cash,Completed
d2b6087c-fdfd-42af-bb75-d06b0ffc408a,c46351bf-193f-49af-a5d6-456188837c3d,2025-03-30T10:16,9,49.14,Cash,Pending
4c752b6b-8eb0-4c66-a03e-0ee2afe415b3,485b65e7-fdf4-474d-afba-37986d8d3cd8,2025-05-13T10:16,4,48.56,Online,Cancelled
a2308d17-b617-4188-8654-d8b0e9d8a3d6,3910ab11-8758-4a4f-8a9b-c4f5df7413c4,2024-04-22T10:16,5,68.65,Cash,Completed
ab448d79-ac2f-4d62-aaae-3de8fe4492ed,14eace30-1ac2-411e-8eef-98e8f32a87fb,2024-02-15T10:16,6,111.72,Card,Completed
37111127-4a72-43d1-be2f-57af853b5766,bc58b12c-65c4-4f21-89ef-3e492a22ef7c,2025-06-15T10:16,8,101.04,Online,Pending
2a0c0e5f-2d3e-4706-858c-580d8965ebce,e886c155-0dae-4b36-88f5-a86fa474d1f6,2024-06-01T10:16,7,90.44,Cash,Pending
620a2974-0bd3-44be-9206-33b54ebebc07,92da274a-bea2-490a-bb52-196c46fa8487,2024-02-14T10:16,9,149.85,Online,Cancelled
0f7be040-ed7c-4112-a075-20b8cb6f499a,d87f31d7-79ef-4c17-856e-142e791b04da,2025-09-08T10:16,2,23.20,Online,Pending
7e5ef989-36ca-4a6e-a60b-cc4b13acea0c,60cd80b6-3967-4dae-b4df-adc7b5644971,2025-06-05T10:16,6,139.56,Cash,Completed
d465a4af-710c-4c23-872b-3526ef251390,90f0db1e-2b19-43f7-ba17-233c7c214eca,2024-08-03T10:16,8,122.72,Online,Cancelled
4c1988dc-338b-41da-9c4c-e5fffa989237,39cb44e2-a541-4b98-bc0b-db5f31cf8710,2024-10-08T10:16,1,26.48,Card,Cancelled
ae41a507-9f00-420e-bd31-6e5175c07abd,5400d214-6176-40bf-88d2-3f53ed38bf69,2025-07-10T10:16,9,56.25,Card,Completed
4945d890-ac23-43db-805c-d17273958bad,9305d562-2505-493d-8ed8-3fb721c8f491,2023-11-15T10:16,9,116.19,Online,Pending
c3469427-5c51-4e2f-9c8b-365414778c1c,5d6f84a5-a4de-442e-99b9-b8ef714b4436,2025-04-02T10:16,5,147.05,Cash,Pending
0483486c-d608-4dbe-9073-4172ba4a8c3c,d33bbfcd-a2ca-4e80-8a1c-65223f061e7e,2025-07-07T10:16,5,144.05,Online,Cancelled
fc64eed8-31fb-4bcc-bce1-244138f405c3,52f5634d-de98-4543-8a1e-cbf1e2d0242f,2024-05-09T10:16,5,65.35,Online,Completed
f269b9fd-f651-42b1-a156-16a1da4edfa6,52f5634d-de98-4543-8a1e-cbf1e2d0242f,2024-08-03T10:16,1,26.63,Card,Completed
affa9788-af81-4b2f-9f53-68e3246a9b38,103fcba5-5588-45a5-9fe0-6ac948d3860e,2024-11-13T10:16,8,212.80,Online,Pending
9e6fc9f6-78d9-43a3-a533-3728f160018d,e277d099-db2a-4aee-ab86-8b0e73a34383,2024-09-12T10:16,7,135.59,Online,Cancelled
43bed94d-5dbd-4aac-b957-263ab4d5c9b5,c9dcc28a-ae5f-477c-ae7e-72d94129f449,2025-02-10T10:16,4,34.48,Card,Completed
7be7b307-2f44-403a-b62c-dffd313e8910,ff4db0d8-e809-46e8-9ae0-78ffee4902d9,2024-03-22T10:16,4,61.76,Card,Cancelled
964e618b-b441-4d19-a857-1f253a695f01,515fe1d2-d33a-4b9d-8c19-07e0cbe81a9a,2024-06-18T10:16,6,73.38,Card,Pending
b1a26c33-20fa-42d6-b67e-0a02321e6a21,3e97fc93-73a7-45e0-9888-f7a03ee258a7,2024-01-10T10:16,5,113.30,Online,Pending
52f545af-63a4-4dc5-959d-e381eaa17e2c,0a570207-0f70-467f-bbeb-44a0a60a9a25,2025-09-24T10:16,5,79.85,Cash,Pending
5fc024ed-cfdd-4ca6-87e9-1903be2d5370,c9dcc28a-ae5f-477c-ae7e-72d94129f449,2024-06-03T10:16,9,196.92,Online,Pending
22ddc78e-1c0a-4041-9c35-48682c85bb20,1407e9cf-22c9-4137-a2fe-cc12dc038235,2024-05-31T10:16,6,32.10,Cash,Completed
001f5037-da4e-4646-a184-856eaee8ebb2,92da274a-bea2-490a-bb52-196c46fa8487,2024-11-13T10:16,8,112.88,Cash,Completed
d2c0ea4a-fa54-4ef7-b0c8-b1f5d7350b86,67c276b0-7be6-4f3c-bf86-c342095c8112,2023-11-27T10:16,1,26.73,Card,Completed
59ab4f7a-5d32-4886-86bd-0b9ff65cfbda,0e0d5f13-edd5-4ab0-9ddd-3df111bedc5a,2024-09-14T10:16,1,7.24,Card,Cancelled
762e56d7-8234-43ac-b2d9-5418de546de2,e38afcd9-9e08-47ba-bc92-5ebb4bc271eb,2024-09-01T10:16,1,5.26,Online,Pending
f556804c-da0d-4bfc-b8d9-ce31a29cc329,8113211c-bdc3-4bb0-94d9-3fd3871f3005,2024-01-19T10:16,8,162.88,Cash,Completed
19f79956-9814-40e7-80a2-5b7f9c26c8c9,ebbc7df0-770d-44f8-b0ff-c62f9006e40e,2024-02-09T10:16,9,197.55,Cash,Completed
262b69d1-d7ea-421e-aa52-4645e68bf1bf,4e44f26d-5455-405b-8fdb-63ab8b739ecf,2024-08-19T10:16,7,178.71,Cash,Cancelled
57b6e8e3-1239-41b1-8e3b-831d995173fd,0dd437d0-74fa-43c3-8909-5c955e4d47dd,2023-11-20T10:16,7,106.47,Online,Cancelled
b1c678a9-1f71-4dfa-aa54-573cd560cbfb,515fe1d2-d33a-4b9d-8c19-07e0cbe81a9a,2025-07-06T10:16,1,5.14,Cash,Pending
cf2790ff-56e8-484d-9a83-45b273292ee5,5f0f3def-9ff6-4282-ad04-001c4a769966,2024-03-06T10:16,8,206.00,Cash,Completed
e888e783-edb5-4852-9322-75663e050740,205ea7f7-e714-45b8-a083-11247ff702a1,2024-03-03T10:16,6,57.66,Card,Pending
173d615c-cb03-4f92-ab59-cc166a0ee46f,983d66ae-c8b0-46b8-8abc-26a1055cf729,2024-05-16T10:16,1,19.01,Online,Pending
2615a001-ddc1-4f3c-892a-312e0d0b05f3,59827b2a-ae17-44b1-bd6f-6f08718559cb,2025-05-26T10:16,3,68.49,Card,Completed
e95d7bc9-86ac-4161-8173-59b4f4139b85,941529ef-2114-4bff-907a-4596ff4593a1,2023-12-11T10:16,7,133.00,Cash,Cancelled
0282f72c-0c2f-4f84-aba5-c2ea5ec8da33,9fa382f0-8393-48db-ad30-43c953282401,2024-10-20T10:16,6,138.12,Online,Completed
2b516774-6352-440e-9c06-3d77cc4a70c2,25659c0e-6eb5-4c57-add8-fb6ac5f42699,2024-01-05T10:16,8,60.40,Cash,Completed
711fa44b-df4a-4dc6-8414-115529e79101,a938df5f-7764-459c-8bfd-90409d16b3c6,2024-06-25T10:16,9,116.01,Online,Cancelled
6a457612-7000-4136-87d7-b73c20e4edff,3910ab11-8758-4a4f-8a9b-c4f5df7413c4,2024-10-25T10:16,3,27.63,Card,Pending
4aff971a-4ac1-403f-8924-7601ce3f2b4d,02c65c06-56ad-4670-b8e2-10ab417c7154,2023-11-15T10:16,8,65.44,Cash,Pending
3e599958-55e1-4eae-b0d1-98cac4152e33,f067e21d-d1d4-4e87-9cae-9753f5f9ccb6,2025-09-05T10:16,9,51.75,Cash,Cancelled
1b875d63-c2b7-4d28-b5ac-510de65b326a,2ca088cd-c6c6-4e60-a1a4-d2990ee21b12,2025-01-23T10:16,4,92.24,Card,Cancelled
1ea7be02-01f9-4241-af56-a351f5418b65,ebbc7df0-770d-44f8-b0ff-c62f9006e40e,2024-09-11T10:16,3,26.49,Card,Cancelled
