order_id,restaurant_id,order_date,items_count,total_price_usd,payment_type,status
d191f0bf-6387-4976-b6ba-7c17cd2d6d7c,0fcf4084-ea31-49f8-99f9-9bf8c8b0c16b,2025-02-05T10:16,9,242.28,Card,Cancelled
b112bf18-8ccd-44c5-82ec-265248f5e49b,3ab3404a-ee80-4ed2-8d90-a6f0dad14e48,2025-05-13T10:16,6,78.00,Online,Cancelled
4516f004-38c4-4119-859f-0f039044e374,8b546c63-5406-493d-bc69-cfb594b38267,2025-02-13T10:16,2,25.64,Cash,Completed
151ad391-4bf0-43f6-9a20-1268458277a9,6bd388d4-5636-450b-bacd-55bdcb769bab,2024-10-02T10:16,8,88.16,Cash,Pending
96419a10-e7b2-43bf-985c-452cbb4b977b,caca465c-e9f2-4add-91b5-24c70595e321,2024-08-02T10:16,9,114.57,Card,Pending
b4108d0b-7031-4203-b771-621b367f5b92,e6e1db85-f8ba-4264-9c9a-520ecda4bc4c,2024-12-10T10:16,9,99.72,Online,Completed
f9a46e7b-0799-454d-931f-fdaae3a45273,d33bbfcd-a2ca-4e80-8a1c-65223f061e7e,2024-08-17T10:16,1,24.67,Cash,Completed
13e7b2a9-7828-4521-801c-369903555170,8f7f530b-bb30-4a05-b437-744ed30af54f,2025-10-10T10:16,8,82.00,Online,Completed
949b0c3a-1d89-41b1-bcb5-42335d3fcca5,428424b7-1f94-496a-8b7a-497ce177d32c,2025-03-15T10:16,4,23.28,Cash,Completed
929592a6-25e5-4a93-a1b0-0632c8fe2137,67c276b0-7be6-4f3c-bf86-c342095c8112,2024-10-06T10:16,4,96.40,Card,Pending
02807f03-d839-498a-834a-151b24deea5e,050d9901-1cb5-413a-9c31-282028f863c1,2024-04-17T10:16,3,59.43,Online,Cancelled
f3ad72d7-2f01-466f-85d7-246bd931e309,209e786b-2a61-4e52-a3b2-1cc98bcbf18c,2025-11-10T10:16,5,40.70,Cash,Completed
a259ce84-3e07-4929-adc5-0622dbeef711,4bb2d776-14c0-4ef6-b8ba-c580cbed72b8,2025-02-18T10:16,6,85.92,Online,Pending
a16f895b-9525-4869-a71b-45e84a6e02d3,6945f6f4-b8f9-4d04-90ff-e59ed705578e,2024-06-12T10:16,3,73.11,Card,Pending
a7cc8eae-1773-4b43-a47b-3a35e1782d45,050d9901-1cb5-413a-9c31-282028f863c1,2024-11-20T10:16,1,21.31,Online,Cancelled
57a3dedc-3fec-4be6-ad23-74753dc6cd96,4b14a58c-f1e4-40b6-888d-a88cd7055099,2024-12-28T10:16,5,49.85,Online,Cancelled
3591a0ca-d2e7-4c9a-be5a-4a826b462e1f,73a2b03c-2dca-486e-8ebc-c4d6bb68a8c6,2025-06-29T10:16,2,14.80,Card,Pending
31580bc3-7c4f-4c11-ba3a-6958deda7978,485b65e7-fdf4-474d-afba-37986d8d3cd8,2024-08-24T10:16,9,50.40,Online,Completed
57bf9088-dd44-4968-bc3f-220ba4a5d4c7,2a109685-1399-4149-8951-fba29bb0360d,2025-06-13T10:16,3,39.78,Cash,Completed
5ad402cd-f607-4398-9eb4-ac7b81b19490,e886c155-0dae-4b36-88f5-a86fa474d1f6,2025-05-14T10:16,2,28.02,Online,Completed
2ce2e1db-a751-4ef4-a677-5ce10bf32504,6b1178fc-1745-401d-88da-3903c243ebe9,2025-07-20T10:16,1,25.18,Card,Cancelled
91448e77-f49c-4ef5-b8c0-2057a97d9047,27e45431-1333-4ffd-a0c8-be56ffdc5d4e,2025-09-03T10:16,5,31.85,Card,Completed
f3e83b5d-7ecb-4565-a0fe-4dc7279a8a23,b6c26110-1b77-4777-8c79-c69ec19b66df,2024-11-16T10:16,2,45.94,Card,Pending
1b85e4f9-fb8d-423a-8335-8ea0e526accb,4f6ae324-5b6d-47d6-a86d-26ec6fbe1e0e,2024-12-02T10:16,5,46.75,Cash,Completed
978a26ef-2fa9-4baa-92b5-af40f75076fb,a302a1a8-c429-406f-abff-9f273aa0a4b5,2025-05-19T10:16,1,20.01,Card,Cancelled
88ba47ae-0420-4a21-8abb-2e2c278344ba,500fde18-ea61-4380-9ea4-f06d09985870,2025-01-16T10:16,5,82.15,Cash,Cancelled
6bfa285e-77e9-4e49-9246-09f0e03b53d0,4739f27f-7a96-4d52-83ae-0c6fd4c8c606,2024-07-30T10:16,4,97.56,Card,Completed
5b47b8d3-8f23-420e-908f-53b46f6ede94,7a2e5fa5-096b-4701-8ce6-7a3db39bf8eb,2023-11-14T10:16,7,175.56,Card,Cancelled
d5b518af-93d0-4854-bc7a-5432530bd756,ba5d9947-b043-4aca-8ee0-6b77895cf8e8,2025-04-18T10:16,2,57.78,Cash,Cancelled
1681df42-df06-45f7-9f50-020cd411d100,10b26c2d-7d56-4175-84a8-a2775e128a9d,2025-07-13T10:16,5,111.10,Card,Completed
90b7d98a-83e8-4d53-8220-d26d37b565f6,103fcba5-5588-45a5-9fe0-6ac948d3860e,2025-04-06T10:16,4,24.64,Card,Cancelled
a3e73972-c631-4ef0-992e-7fe67f3d340f,63846b60-b7be-4087-ac6e-56c9bc130a20,2025-05-09T10:16,3,70.44,Cash,Completed
d781c656-aea6-45d7-82d6-1f4fc13c4c68,ceafdb2a-788d-48e0-acdd-bd533a2e7ab6,2025-08-17T10:16,2,41.20,Online,Completed
b0c3c378-7744-4738-b9ad-974ddaca2257,fdb5454e-2230-489e-ade4-9218ff28cbd8,2024-09-26T10:16,8,128.96,Cash,Completed
a09c16e1-3ee0-4c5d-9476-fc3cb6519175,ff4db0d8-e809-46e8-9ae0-78ffee4902d9,2024-06-16T10:16,8,142.64,Online,Pending
90c39897-382c-4294-9116-b3ca86175fde,983d66ae-c8b0-46b8-8abc-26a1055cf729,2024-07-26T10:16,8,227.68,Online,Completed
6920f326-13a5-407e-9b06-d9e16db59d78,6f61ca8e-51a1-48e0-abfa-88326e713e34,2024-08-30T10:16,5,107.45,Cash,Completed
678d9006-18d9-4920-b532-e53c413de30d,39cb44e2-a541-4b98-bc0b-db5f31cf8710,2023-12-16T10:16,8,129.68,Cash,Completed
ca311bbb-a866-4d21-b58e-8dbee6ab6fd0,2a109685-1399-4149-8951-fba29bb0360d,2024-12-01T10:16,8,138.24,Card,Pending
763166ec-e921-491b-8bde-f35c883fd06e,4f6ae324-5b6d-47d6-a86d-26ec6fbe1e0e,2025-08-13T10:16,7,190.68,Cash,Cancelled
32aa9221-36ce-4b88-92e3-9385427bd2ca,62a2bfef-ca4a-4dec-90ea-bf15ea1880d2,2025-04-14T10:16,4,69.48,Online,Cancelled
44e8419d-d02a-445d-a422-926e5a877158,bf0de251-90d7-423c-8b31-48df1a89964f,2024-01-19T10:16,9,130.86,Card,Pending
b8c4c99a-102d-43d6-82ca-3e2e7f9753aa,1a48aa9a-def3-481d-922a-94300aa97309,2024-11-11T10:16,2,22.68,Card,Completed
ea79a5e6-7667-4535-92c8-730b051d6776,e38afcd9-9e08-47ba-bc92-5ebb4bc271eb,2024-03-25T10:16,8,226.24,Card,Pending
09f52b51-69b4-4946-8c93-23832312552e,3befa4dc-d961-4a3a-9410-d43d1bdaa335,2024-06-28T10:16,4,105.96,Online,Pending
213610e3-2ef0-438a-9ba3-4660ca6488c3,726d71e2-70fd-4416-8568-78619c14a73a,2024-05-28T10:16,7,173.53,Cash,Cancelled
d87099b1-7149-4de3-9e9c-f1d0fc2258e2,e277d099-db2a-4aee-ab86-8b0e73a34383,2024-10-04T10:16,4,75.12,Cash,Cancelled
17d123ef-38e5-48af-82f0-27e5d3dc5bac,bb6bf39c-f455-4e08-a59e-1bdaaa91d4aa,2024-03-07T10:16,1,6.54,Card,Completed
2503b527-9616-43e4-a4db-6f64e7171a0d,2c6dafc9-06cc-4b3d-8b8d-12aae0644c58,2025-02-04T10:16,8,225.92,Card,Cancelled
e516f905-3926-4345-9d2c-876a23853645,4739f27f-7a96-4d52-83ae-0c6fd4c8c606,2025-03-22T10:16,2,22.28,Online,Completed
17a0ad40-f6a5-4afd-99ae-85e31e244601,9305d562-2505-493d-8ed8-3fb721c8f491,2025-09-24T10:16,2,24.78,Card,Pending
d3365d47-2486-497b-9aa2-36f97440b9e6,cd50913f-8c99-4253-9134-0cf5fe5f300f,2024-07-26T10:16,2,58.02,Cash,Cancelled
7cd34826-9fb0-46e1-bbd8-4e448b1a0f02,1407e9cf-22c9-4137-a2fe-cc12dc038235,2025-03-16T10:16,7,137.13,Online,Cancelled
5e2d7b8d-7d6e-45f1-ad6e-0e951af1f0ea,6117b6f0-c4f4-4bf1-9eeb-f33950decba8,2024-07-12T10:16,8,196.24,Cash,Cancelled
fb512b23-002f-47ca-a93c-6e79648d36dc,cf65c4b6-4c1c-420b-95de-23e5b56ffad5,2025-05-18T10:16,9,109.62,Card,Cancelled
412948d0-b146-4618-bdc9-ecc638f4155b,5f0f3def-9ff6-4282-ad04-001c4a769966,2025-09-09T10:16,7,62.86,Online,Cancelled
94d6e169-ac55-49c3-9f89-b4fb1026ba19,52f5634d-de98-4543-8a1e-cbf1e2d0242f,2025-04-20T10:16,1,13.99,Card,Cancelled
3e5e97e5-2029-4635-a0a0-1fd752c55648,25659c0e-6eb5-4c57-add8-fb6ac5f42699,2025-02-15T10:16,7,44.87,Online,Cancelled
46bd8d3f-5577-44b2-b9bf-80e8a5321c39,99c406e7-092b-4eeb-bc08-56fc041c253d,2025-05-15T10:16,8,53.76,Card,Completed
41196375-8b62-43e9-8f8e-c86ffa8a80d5,000f9c8f-2fc7-4346-844d-c04f10751265,2024-06-19T10:16,6,53.10,Card,Cancelled
90920095-aeb2-4dda-9aef-432e5c167c8a,ba5d9947-b043-4aca-8ee0-6b77895cf8e8,2024-10-02T10:16,4,41.52,Card,Cancelled
8143a3c5-09c9-4380-b13b-006ba8731240,caca465c-e9f2-4add-91b5-24c70595e321,2025-09-15T10:16,1,12.91,Cash,Pending
b02d9653-05a3-43ee-a7b1-943c52deb651,73a2b03c-2dca-486e-8ebc-c4d6bb68a8c6,2024-06-10T10:16,9,80.64,Card,Cancelled
a5a7c8d9-76e9-4fec-aa15-9fe1e9ae5dc3,1407e9cf-22c9-4137-a2fe-cc12dc038235,2024-01-16T10:16,3,81.30,Online,Completed
03c63033-fc81-431c-afc4-0d1b3cec31d2,050d9901-1cb5-413a-9c31-282028f863c1,2025-05-28T10:16,8,179.52,Cash,Cancelled
be263daf-a4f7-4701-9ea9-fddb4038073c,6b1178fc-1745-401d-88da-3903c243ebe9,2025-09-26T10:16,7,177.38,Online,Completed
aada067b-e00f-41ad-b35f-ad83ce9e4160,5eb75bc0-d5fa-4209-9d42-7767f3f0585b,2024-02-22T10:16,8,99.20,Cash,Completed
ae2bdb62-b638-4c46-84ef-b376c4c4c346,c83bba2f-5229-4998-9566-1f3179b13e8a,2024-03-31T10:16,2,50.66,Card,Completed
6b1f3d41-27f2-4cc3-8ceb-620731914777,bb9edfa8-17f7-4f6f-8e3b-616693a298b1,2025-07-03T10:16,1,17.37,Cash,Completed
a446363b-8ae1-45c7-a177-f054a2d4ba64,401a6911-a31e-4892-adc1-56e3e1eb090a,2024-12-18T10:16,5,39.00,Cash,Completed
8aaf8564-329d-4fbf-8c70-fc7418089b6d,d3f641e5-b8b5-4f5f-9155-7768df2033e8,2024-06-09T10:16,2,55.32,Online,Completed
a10e9170-acb4-4597-9ffc-38a16aa5c6a7,4f6ae324-5b6d-47d6-a86d-26ec6fbe1e0e,2024-10-26T10:16,1,27.46,Cash,Cancelled
68d26339-7fce-4422-981f-7fb394716c06,515fe1d2-d33a-4b9d-8c19-07e0cbe81a9a,2024-04-01T10:16,9,189.54,Cash,Completed
ffdb54a0-2cb3-4550-bc23-f3c2a7e9b3e2,0dd437d0-74fa-43c3-8909-5c955e4d47dd,2025-03-25T10:16,9,155.70,Cash,Completed
ce022e39-352b-4d03-a93f-03336279160f,000f9c8f-2fc7-4346-844d-c04f10751265,2025-08-28T10:16,4,21.80,Cash,Pending
9eedf4c4-5c32-4a42-9289-df187969b799,e277d099-db2a-4aee-ab86-8b0e73a34383,2023-12-13T10:16,9,253.17,Card,Pending
ed9c4d6b-2b35-41c1-a316-4ff50550bab1,fdb5454e-2230-489e-ade4-9218ff28cbd8,2025-06-22T10:16,5,36.15,Online,Cancelled
6d42dcc4-5fe5-4a5f-b348-c1d76949ea1b,09ba4183-1b94-4f8c-bc5f-eca421a88524,2024-10-28T10:16,9,176.76,Card,Cancelled
d3c26d3e-fed5-4ed7-9e29-3067684e1ae3,c3ffc43c-0c11-40fa-9824-f234161741d0,2025-06-29T10:16,4,119.88,Online,Pending
b607edbf-e741-4649-953e-69dfa513fe6f,4739f27f-7a96-4d52-83ae-0c6fd4c8c606,2025-08-21T10:16,5,31.50,Card,Completed
d191804f-c940-435d-b02d-eecc69b0d1ac,b90a3a7f-421e-47e5-8598-fe50f365a62e,2024-09-30T10:16,1,25.51,Cash,Completed
0bd09919-b719-4d2e-b4ae-ec64972d43ad,ceafdb2a-788d-48e0-acdd-bd533a2e7ab6,2025-06-20T10:16,3,44.13,Card,Cancelled
69462315-f279-42dc-a88a-8db55b930ed9,52fbb114-83aa-432d-b2f1-f3e37a5c4754,2024-05-19T10:16,7,44.24,Cash,Cancelled
4c6fe83f-e840-4a61-b923-96394a18fd73,c9dcc28a-ae5f-477c-ae7e-72d94129f449,2025-06-09T10:16,5,60.80,Cash,Pending
5ce601ae-bad1-410a-a6e6-b3b646cd4387,8626238e-5813-415a-9a8c-db944b1e0269,2025-07-20T10:16,9,229.32,Card,Completed
4e36e4ca-43e9-467e-9adc-9a1620a1410c,a190f67b-21df-46bc-8164-46bdfa00af85,2024-10-06T10:16,8,190.32,Cash,Completed
d7a75b42-ab50-43a4-85a6-416273d59e97,a3f626b9-cc27-4c04-8570-be79ab8bda4a,2025-09-11T10:16,5,105.15,Cash,Cancelled
4d189cc2-5986-4c15-9d8d-3f147e190719,21edfc22-3f73-4335-a774-3cf78ab65e86,2024-11-27T10:16,8,51.28,Card,Completed
e76f389c-b6e1-4e0e-ac9e-1568b2758810,500fde18-ea61-4380-9ea4-f06d09985870,2025-09-23T10:16,6,119.04,Card,Completed
3c59a0dd-a8b8-4fb1-8aee-3cf7a3963925,93cdeef1-3fc3-4a63-a275-0ae87ae6b335,2024-06-14T10:16,5,91.90,Cash,Cancelled
caa985f7-056f-4f10-b564-144bf41011d9,910b1d47-5c37-48b1-8bde-96c60660f1d7,2025-08-12T10:16,3,40.68,Online,Cancelled
ea7bc678-a799-4960-b993-802225c122df,9305d562-2505-493d-8ed8-3fb721c8f491,2024-04-02T10:16,9,224.55,Cash,Cancelled
51c2fdc2-01c6-4b8f-b925-6eb1368ad4f8,0df3bae1-6384-4856-aa27-aef9f6c48b75,2023-12-31T10:16,7,157.92,Online,Completed
eb23ab7e-0771-4c3c-97e5-bc91dae62585,c83bba2f-5229-4998-9566-1f3179b13e8a,2024-03-02T10:16,4,59.80,Card,Completed
a0db32eb-10d0-4b70-8e69-9c2ffbe37789,1407e9cf-22c9-4137-a2fe-cc12dc038235,2024-01-07T10:16,2,56.34,Card,Pending
06e5d07b-edc8-478e-aabf-26f414eacd69,74e76582-f1b8-4560-b049-8aebb59d4721,2025-11-01T10:16,1,20.28,Cash,Completed
fe6d67fb-ab13-4743-b312-2acc8ec576b1,4717d2a3-4b2a-44f1-b960-a2b73e2d23fd,2025-03-31T10:16,4,44.04,Card,Cancelled
f16c4224-3b45-457e-b789-647a4468c67a,d33bbfcd-a2ca-4e80-8a1c-65223f061e7e,2025-10-28T10:16,6,39.66,Online,Pending
f2af740f-2904-47ac-8b18-c1b82e0655e8,428424b7-1f94-496a-8b7a-497ce177d32c,2025-01-30T10:16,8,70.16,Card,Completed
f5e19031-e2b5-446d-a416-4d25614b3149,caca465c-e9f2-4add-91b5-24c70595e321,2025-08-19T10:16,7,167.65,Online,Completed
5209d90c-601c-49a0-8985-9953fb6fd8cd,63846b60-b7be-4087-ac6e-56c9bc130a20,2025-01-10T10:16,9,249.75,Card,Pending
52deee63-1f84-4c11-97db-757931c9f70b,63846b60-b7be-4087-ac6e-56c9bc130a20,2024-06-17T10:16,1,9.91,Card,Completed
92ae0cc0-fe94-4c09-9d99-f272256eaf33,d33bbfcd-a2ca-4e80-8a1c-65223f061e7e,2024-03-25T10:16,4,56.88,Card,Cancelled
3957d9ed-3a02-45f8-9013-02b4a42f5c08,e85d0261-2d97-4475-a749-363ec9040a74,2024-12-28T10:16,7,51.31,Card,Cancelled
7df4d924-b27d-4898-a40f-661f3d8d6444,1d32c3b3-c732-4995-aa6b-ff159deb3bdf,2023-12-02T10:16,7,113.68,Cash,Completed
b9d7df51-fe43-4016-8e4a-ff0e5063d8d8,7509850a-5062-4da9-aad6-bc5b9e363ef1,2024-12-27T10:16,3,33.72,Cash,Completed
ae056c9e-dc6e-4598-8091-6f3677d30d09,0e0d5f13-edd5-4ab0-9ddd-3df111bedc5a,2024-09-28T10:16,9,82.62,Cash,Cancelled
dd3fc6bc-852f-49dc-9c23-e1050f546549,885715b6-b1eb-44ca-8460-28c0343e56f3,2025-08-25T10:16,4,34.96,Card,Completed
aeee5b30-ed17-4928-b773-018878205fbf,0a0ac3e5-6e20-4fbc-87ec-5481c70e38bc,2024-07-21T10:16,8,138.88,Card,Pending
18aaaec3-c3eb-478f-b009-1d977df50a06,ef7fad1f-a86f-4ee1-95b4-ce1f339f0fa5,2024-06-03T10:16,5,25.15,Cash,Completed
f1da52f7-e997-4066-9551-c41acbfc0fe9,f6c35464-33dd-44a7-bf84-071f2e427045,2024-07-04T10:16,5,128.15,Online,Pending
403fe8ef-6b71-4057-9e18-577457521203,e6cb1215-5314-4d05-bfd1-f6e5d36e89f7,2024-03-02T10:16,1,16.69,Online,Completed
d190b1e9-f9fc-4e56-9b65-84ae6b4e1694,a302a1a8-c429-406f-abff-9f273aa0a4b5,2024-06-07T10:16,1,20.59,Online,Pending
8e67b4bf-515c-41bc-9cf0-bf4e39c9914a,e12c3d24-86c8-474f-b86b-370df36adbfe,2025-10-16T10:16,2,38.08,Online,Completed
06b5d4f6-ddca-44a5-898e-728e25f6c6cc,3e97fc93-73a7-45e0-9888-f7a03ee258a7,2024-11-05T10:16,8,89.44,Online,Completed
ebe3cf3a-6228-435c-a8bd-4f53d61a468a,cf65c4b6-4c1c-420b-95de-23e5b56ffad5,2024-02-29T10:16,4,32.80,Cash,Cancelled
0be87c4a-2f45-4142-b146-984733544192,e7991221-0de0-4ef8-aa9c-ca3b59197059,2024-08-07T10:16,9,127.26,Online,Pending
f115f1d1-381b-48d8-b6b8-75834d164f86,cf65c4b6-4c1c-420b-95de-23e5b56ffad5,2024-06-05T10:16,4,61.44,Cash,Pending
58cd4c6e-eb50-4e59-a0aa-41ab59cec16f,39cb44e2-a541-4b98-bc0b-db5f31cf8710,2025-05-26T10:16,7,153.44,Card,Pending
e8b333aa-1dc8-41af-8e30-f0e0d5518b40,e6e1db85-f8ba-4264-9c9a-520ecda4bc4c,2024-10-13T10:16,6,49.32,Card,Completed
4940e884-d5ad-4b7e-abd1-45249b26af79,89d26a00-0fde-4c03-8430-b06f6bc3f33a,2024-12-20T10:16,7,106.05,Cash,Completed
b809f975-1d88-4971-9da3-ac18f7505652,6bd388d4-5636-450b-bacd-55bdcb769bab,2024-12-09T10:16,2,28.30,Cash,Completed
be90a16b-7834-4210-8078-f619b2064d7e,cd50913f-8c99-4253-9134-0cf5fe5f300f,2024-06-04T10:16,2,50.42,Cash,Cancelled
614bb11d-a1c0-4c86-8131-400cb12db850,4e44f26d-5455-405b-8fdb-63ab8b739ecf,2025-02-09T10:16,4,22.28,Card,Pending
2a29552d-5b71-44ef-af2e-e4aeff92462b,428424b7-1f94-496a-8b7a-497ce177d32c,2023-11-24T10:16,7,114.17,Cash,Pending
f7806431-b059-4e7d-b05d-a542b2efaf43,4717d2a3-4b2a-44f1-b960-a2b73e2d23fd,2024-08-13T10:16,9,211.23,Card,Completed
82900fe4-b289-48f9-a62c-291d29871f5b,b95f7619-fab2-4df9-8683-1f2aeb93a660,2024-11-22T10:16,1,6.85,Online,Cancelled
ba887820-2216-4a96-ab6f-e7005b638443,e12c3d24-86c8-474f-b86b-370df36adbfe,2024-08-02T10:16,2,53.42,Card,Pending
337b9b2a-7a87-43a0-9f8b-aed1e087c241,93cdeef1-3fc3-4a63-a275-0ae87ae6b335,2025-07-15T10:16,7,52.43,Cash,Cancelled
d5844889-771c-4e30-a038-14e3653ce10e,6e551d53-4f6d-4b84-a9de-3d7c79694805,2025-02-17T10:16,8,224.00,Online,Completed
b07fac61-28ee-45da-8ed0-5526526ca3a5,ebe19120-496a-47fa-87eb-2440212a3363,2025-02-23T10:16,5,120.60,Card,Completed
28f959bf-8828-4067-9f56-b2c19de400fc,caca465c-e9f2-4add-91b5-24c70595e321,2025-04-08T10:16,2,25.18,Card,Cancelled
a970ee4e-dd8c-4c1d-a235-e09d27feb378,d6d4ef4b-0870-48aa-b884-013237f255f4,2025-03-18T10:16,5,60.40,Online,Cancelled
90e68d38-3099-45bb-aacf-f82e8076617c,92da274a-bea2-490a-bb52-196c46fa8487,2025-10-31T10:16,6,133.14,Cash,Cancelled
0b5a99f1-eb01-4685-864e-1edd969ab0cc,00d7ae70-0f46-4453-963c-4ab2a3d29314,2024-11-22T10:16,9,68.85,Card,Cancelled
5776217c-ac1f-41c5-9792-a2f23fbc3e81,f0a6a958-e434-41bf-a830-dffa55a34db5,2024-04-20T10:16,7,58.94,Online,Completed
20b1ba04-bce7-448f-9079-0eec0d0e0307,aff4340c-d102-49ba-af8e-84d2737ce82c,2024-05-26T10:16,9,99.09,Card,Cancelled
5a1a872e-84b1-4af5-97dc-d4025346eff8,59827b2a-ae17-44b1-bd6f-6f08718559cb,2025-06-24T10:16,5,33.95,Online,Completed
dfb6bf13-eef3-4ba8-8266-7873e6640283,6aaabc79-3d35-410f-bb96-f86a3930d0ff,2024-11-21T10:16,1,13.80,Card,Cancelled
1dcdb0a9-6adc-4321-9fa9-5df7e05a8b10,b047b369-02d0-4f25-9af0-f1e883228863,2024-02-25T10:16,8,44.32,Cash,Cancelled
9120b352-3097-4ba5-9ed8-cec1ca4177c3,b95f7619-fab2-4df9-8683-1f2aeb93a660,2024-07-28T10:16,2,28.36,Online,Pending
773c0d4d-34e5-45bf-8bd1-c0991ba4c4ac,2c6dafc9-06cc-4b3d-8b8d-12aae0644c58,2024-08-31T10:16,6,136.74,Card,Cancelled
0af0b887-9023-46ca-98b1-50dc14e1cca8,fdb5454e-2230-489e-ade4-9218ff28cbd8,2024-02-26T10:16,5,136.65,Cash,Completed
7fb9e243-a991-4891-b14a-b1935f4148ab,935ebde1-5945-4673-886e-1a7a12cc2d4e,2023-12-12T10:16,2,20.72,Online,Pending
e9e34994-2fb9-47ab-8828-4b9a8c0d8203,964d337f-acd5-4ca2-8843-9be3f2eb60fc,2025-11-07T10:16,7,129.50,Online,Cancelled
20b0dc18-4fe8-41ec-b4a1-313646569dd6,cb8747c7-32ca-4b6b-868d-13ab01d953ec,2024-03-22T10:16,9,161.91,Online,Pending
40800c34-4d79-467c-b1c6-76a8d60cb975,5d6f84a5-a4de-442e-99b9-b8ef714b4436,2025-03-22T10:16,7,80.29,Online,Cancelled
7632539d-d81e-4ea2-840b-b0ddd31866fe,bb6ceda0-3f7a-4dfa-9862-41a88dd468b2,2024-09-11T10:16,8,99.68,Cash,Cancelled
7c3263b2-68ac-4675-9a61-ff1c2ac8978f,ba5d9947-b043-4aca-8ee0-6b77895cf8e8,2023-11-28T10:16,3,71.22,Cash,Completed
f52eb844-ef8c-4230-abd0-dabf043934a0,b3688304-b24b-416a-9bf4-c2b6aaeb59d3,2024-01-17T10:16,4,68.84,Cash,Completed
19ed2d64-3943-42e5-b127-c80b22a1bbf7,8626238e-5813-415a-9a8c-db944b1e0269,2024-06-04T10:16,1,25.64,Online,Cancelled
047bbd8b-94be-4050-9c64-0b082d0ec7f1,f3826f04-0dfa-4266-8002-58fede0093f5,2024-02-02T10:16,8,200.80,Online,Completed
9378b5d0-442f-4330-93bb-8bacb999125d,f067e21d-d1d4-4e87-9cae-9753f5f9ccb6,2024-11-10T10:16,9,198.81,Cash,Pending
e52e94be-1c8e-4003-98ab-8047e4142a93,6f61ca8e-51a1-48e0-abfa-88326e713e34,2025-04-04T10:16,7,153.30,Card,Pending
134a9218-3429-4f8b-8e01-72e38db5bfe4,63846b60-b7be-4087-ac6e-56c9bc130a20,2025-10-24T10:16,3,24.42,Online,Cancelled
0c8bda68-d63e-4d74-97e2-f12ff72eb248,3befa4dc-d961-4a3a-9410-d43d1bdaa335,2024-09-11T10:16,2,32.04,Cash,Pending
899ac3a7-ba42-4660-93b7-f6626bd662c3,1a31c678-d420-495a-aff3-0f1609514e1e,2024-09-23T10:16,7,199.85,Cash,Completed
badcf746-aa2b-4b15-a828-547d52eb9910,65b2c0ea-6192-47fc-9286-2c1dd3ecefb1,2024-04-26T10:16,5,30.30,Online,Pending
284e3725-84c2-4d7a-ad3b-dfaac2e5e834,2ca088cd-c6c6-4e60-a1a4-d2990ee21b12,2025-11-06T10:16,4,69.88,Online,Cancelled
0d643e16-e696-4d1d-b7d4-e45b1b35e555,0a15d43b-8f6b-444a-bef2-ffbddfdbd16f,2025-04-12T10:16,7,198.94,Online,Pending
bcdf99e4-54c5-4b17-b84a-9d1e451ff5df,e119f98a-df63-41dc-8e01-bb49ca2dc724,2023-11-25T10:16,6,47.34,Cash,Completed
ff940062-e0a0-4e87-bff3-03a5658c82b6,365c90d0-a590-4209-9401-2ce55af5ed98,2024-09-25T10:16,6,42.06,Online,Cancelled
be63bd73-225c-4c1d-a231-4d3d948328e5,bfa3444b-2be9-46be-b944-720d86a59770,2025-02-18T10:16,7,161.35,Card,Pending
34bb4eb6-c68a-412b-9dcc-9ce8f8b87b21,0dd437d0-74fa-43c3-8909-5c955e4d47dd,2025-03-29T10:16,4,45.24,Card,Completed
876e9895-562c-4264-ab91-3eb839b1d075,b04ce307-2d1f-4214-b023-d8f4379041a1,2024-05-04T10:16,5,38.60,Card,Completed
44ad03ee-4a69-47ac-8ef4-40abe963097b,b03f75c1-655f-4480-a2bf-1a0af806e96e,2025-07-31T10:16,4,29.40,Online,Pending
8e2e6171-c226-42b7-861d-95d056b8e572,6f61ca8e-51a1-48e0-abfa-88326e713e34,2025-04-24T10:16,4,52.20,Online,Pending
6a6d5a68-a994-49a2-857f-0b268c15f62a,0d463f72-c3a1-4a2b-8d0d-1721a0d1a06b,2024-05-05T10:16,2,56.52,Card,Pending
546b91d5-3dfc-4783-bf02-46fc2b91b5cd,7d2df59f-386d-4aec-85a8-2443262a0cb4,2025-01-01T10:16,1,27.59,Online,Cancelled
408b515b-7e63-4527-91d7-6f22196c6a8e,b04ce307-2d1f-4214-b023-d8f4379041a1,2025-04-28T10:16,6,167.64,Card,Cancelled
2f2cf147-f23e-4a2b-8d9a-636d5b137337,25659c0e-6eb5-4c57-add8-fb6ac5f42699,2024-02-21T10:16,8,232.40,Card,Cancelled
ef0bc50a-5de7-4bca-be03-dd16542db78d,2c6dafc9-06cc-4b3d-8b8d-12aae0644c58,2024-01-19T10:16,3,19.83,Online,Cancelled
cd1ef7dd-53e1-418e-931a-a4a085eea16b,3befa4dc-d961-4a3a-9410-d43d1bdaa335,2025-05-06T10:16,1,27.90,Cash,Cancelled
7ae33095-8e9c-42da-a09d-403b8059454c,59827b2a-ae17-44b1-bd6f-6f08718559cb,2024-09-04T10:16,5,98.15,Cash,Cancelled
1eeaecd7-136d-4393-a798-17184d24338e,92da274a-bea2-490a-bb52-196c46fa8487,2025-07-24T10:16,6,71.40,Cash,Pending
00894642-7802-420b-8146-9f9c5ff6ac93,9305d562-2505-493d-8ed8-3fb721c8f491,2025-02-08T10:16,8,129.20,Cash,Completed
cc43c042-349b-4f61-a774-50f3b0763adf,d3f641e5-b8b5-4f5f-9155-7768df2033e8,2024-02-29T10:16,8,60.72,Card,Pending
6bec7983-cc06-41bb-92ff-e95da9a023b0,c1a09d60-c9e8-4489-a68e-e01b51541d33,2023-12-02T10:16,7,129.57,Online,Cancelled
062640c9-cff7-4d74-bb9e-50e7f218df36,5400d214-6176-40bf-88d2-3f53ed38bf69,2025-01-11T10:16,2,26.84,Online,Cancelled
be518297-4e65-4115-91a8-e1a7175c8812,b6c26110-1b77-4777-8c79-c69ec19b66df,2024-01-27T10:16,4,112.92,Online,Cancelled
009e2360-132b-46b3-800f-2f19023f3c2b,5eb75bc0-d5fa-4209-9d42-7767f3f0585b,2025-09-11T10:16,4,99.76,Cash,Completed
748ad884-6790-43d9-86a4-8121dff524c4,a5ffc907-be77-43e6-8694-4a0bf09bd3fb,2025-06-29T10:16,9,250.20,Online,Cancelled
fad04eef-550a-4c9e-9f18-13604778b98c,bf0de251-90d7-423c-8b31-48df1a89964f,2025-01-29T10:16,9,251.64,Cash,Pending
c73d852b-f973-4f63-8f6c-8204a3443877,46032f36-69bc-465a-9b33-a5d560bfd77a,2025-05-30T10:16,2,34.14,Online,Pending
e974148b-1ac0-4f18-bbc0-b5752188ac52,06e585f0-5b60-4900-81d1-3379328e6c17,2024-09-19T10:16,8,179.36,Card,Cancelled
0eec73a4-1897-47b4-b51b-9876e9ae3acf,9c53f3f8-5b22-4d77-bd76-cfa6c70e443c,2025-02-03T10:16,3,86.37,Card,Completed
e6eb2d1b-2042-4972-8f32-88ef4c41eb17,885715b6-b1eb-44ca-8460-28c0343e56f3,2025-09-06T10:16,3,43.92,Online,Completed
adfb8498-e788-46ed-b58c-6a6e86ed24ad,c9dcc28a-ae5f-477c-ae7e-72d94129f449,2024-11-04T10:16,5,64.55,Card,Pending
6aa14eda-a379-4449-9866-768ae63a3f58,23650eb4-f98d-45a3-a90b-a378f03d469d,2024-01-04T10:16,7,144.27,Cash,Pending
db28424c-ae7c-4dfb-95a0-7180ae69e81e,b047b369-02d0-4f25-9af0-f1e883228863,2024-11-21T10:16,4,36.76,Online,Pending
c10d6b94-4755-48a0-b3f6-e0c40c0cce77,56a75a3e-a944-4147-8cba-f1024726993f,2025-10-18T10:16,5,77.20,Cash,Cancelled
56115f54-0e2b-4076-be8f-53c8e5b5693d,b03f75c1-655f-4480-a2bf-1a0af806e96e,2024-01-26T10:16,3,44.01,Online,Completed
5e0796f8-d6e4-4bc3-9fff-4a6a383d3add,53db1213-7316-47bb-9099-c1def0e3c96b,2024-10-31T10:16,1,9.55,Online,Pending
2822774c-1bfc-46ec-96ac-d0acf76b712e,5400d214-6176-40bf-88d2-3f53ed38bf69,2025-05-31T10:16,6,175.14,Cash,Cancelled
e5d6bc92-02be-4a41-a9a4-88ba85c81ff7,1233cc27-7567-48e0-8dd2-6b0019506c2f,2025-03-20T10:16,3,48.12,Online,Completed
504351f3-b750-477e-8bae-f3228ed15dd6,3e97fc93-73a7-45e0-9888-f7a03ee258a7,2024-04-12T10:16,8,140.96,Cash,Pending
9509b473-71d4-4ca5-b75f-9abe9509e77a,8b546c63-5406-493d-bc69-cfb594b38267,2025-10-30T10:16,9,223.47,Card,Pending
f17c7a2b-81ba-4c90-a2c3-5996909e1b85,c63bd277-c81c-40c5-8720-6ce916d653c4,2024-08-30T10:16,3,69.48,Online,Cancelled
47bdc64b-0bd3-4549-ac10-bf0c3b1f02cc,3dcaabe3-78c9-4d88-bed5-56ca7ceea07c,2025-08-19T10:16,7,71.47,Cash,Completed
9c996c77-3f66-4bcf-aa57-93d9b59c8c9d,e7991221-0de0-4ef8-aa9c-ca3b59197059,2023-12-06T10:16,9,198.18,Online,Pending
abbf3165-3688-4d35-b103-64130b3dcb84,ecf1ffb0-ac00-4968-87ea-8beef4ace55a,2024-04-05T10:16,7,79.45,Cash,Pending
1e58f331-042b-4bb2-903f-7c7bed5ab187,0a15d43b-8f6b-444a-bef2-ffbddfdbd16f,2024-05-05T10:16,6,73.38,Card,Cancelled
41e153f3-f246-48ea-a8f0-43bf37eae387,4f6ae324-5b6d-47d6-a86d-26ec6fbe1e0e,2024-06-16T10:16,9,69.03,Card,Cancelled
f2c1af00-ae59-4e72-88d6-856fe0ba3727,d87f31d7-79ef-4c17-856e-142e791b04da,2024-11-13T10:16,1,22.50,Online,Completed
1c756bf2-6dae-4f51-8f55-fec3e7d5e7a3,b6c26110-1b77-4777-8c79-c69ec19b66df,2024-11-03T10:16,1,21.46,Online,Cancelled
1aa4f13e-b45b-4c7f-aef5-7e582433aa84,ecf1ffb0-ac00-4968-87ea-8beef4ace55a,2025-10-21T10:16,9,204.48,Cash,Completed
24a3f107-427e-4ebe-8215-9f4fa0ed3378,2a109685-1399-4149-8951-fba29bb0360d,2025-06-23T10:16,4,93.08,Online,Completed
8d0adb93-2e2a-4579-83bf-9ad46fbbfcbb,bb6ceda0-3f7a-4dfa-9862-41a88dd468b2,2023-12-26T10:16,9,204.30,Cash,Completed
bb25c0d2-553d-402b-ab6a-5d78c54d8786,f6c35464-33dd-44a7-bf84-071f2e427045,2025-04-02T10:16,8,177.76,Card,Completed
b26aab99-29ec-4247-bb72-5b4022961643,ef7fad1f-a86f-4ee1-95b4-ce1f339f0fa5,2025-04-17T10:16,4,110.72,Online,Pending
2a3b59cc-74e6-4b2f-ac0a-e852b92a5666,c83bba2f-5229-4998-9566-1f3179b13e8a,2025-02-07T10:16,6,137.52,Card,Pending
bd67b650-da42-4d4b-90fb-b13b1c445ae5,a938df5f-7764-459c-8bfd-90409d16b3c6,2025-01-18T10:16,6,135.18,Online,Completed
ee71825a-61e8-49cf-8146-b40a38eb19d0,050d9901-1cb5-413a-9c31-282028f863c1,2024-08-19T10:16,8,233.92,Card,Cancelled
0b37cf4e-e727-4247-a876-8bdfe132655d,d33bbfcd-a2ca-4e80-8a1c-65223f061e7e,2023-11-17T10:16,2,26.58,Cash,Pending
d72f0bd6-792b-413c-a3a5-cc1a1d4d0d5c,e277d099-db2a-4aee-ab86-8b0e73a34383,2024-04-08T10:16,6,137.82,Card,Pending
f3d0f959-bd53-423d-bf93-66f18d433583,0fcf4084-ea31-49f8-99f9-9bf8c8b0c16b,2024-10-20T10:16,2,46.64,Online,Completed
f26c6bd8-a6b7-46e7-ba19-f20dea56fe6e,3ab3404a-ee80-4ed2-8d90-a6f0dad14e48,2024-04-28T10:16,3,59.67,Cash,Pending
c68f9264-4d41-46d3-9f9a-317f431f7e5d,09ba4183-1b94-4f8c-bc5f-eca421a88524,2025-09-10T10:16,7,72.24,Cash,Completed
44b41250-b3ae-48ec-83c4-d38a4eeef605,7a18d550-38d0-40b2-84a7-547162e7e409,2024-06-17T10:16,7,116.69,Online,Completed
b09c5b67-1e52-4ce7-a963-97e736548654,ef7fad1f-a86f-4ee1-95b4-ce1f339f0fa5,2024-05-19T10:16,5,113.05,Card,Cancelled
3bc8fc08-6e2f-4639-acbd-32c63be8e13a,5d6f84a5-a4de-442e-99b9-b8ef714b4436,2024-12-02T10:16,9,168.93,Online,Pending
ddde4d02-53bf-4b3a-acc3-aaadd4e62ff0,0a0ac3e5-6e20-4fbc-87ec-5481c70e38bc,2024-07-14T10:16,6,149.58,Card,Pending
2944d424-6d7a-4fd0-ac1a-36151c69732d,d5eaf6a7-76cc-48ec-98d9-ba713e2df70f,2023-12-21T10:16,6,112.86,Cash,Completed
f57dd79f-58fd-47fb-b146-f859aae8058d,4e6807ca-aed8-4ec9-b1b0-0e3aba57efb1,2025-04-08T10:16,7,84.56,Cash,Completed
41644907-63ee-4ec8-bd04-12b6629cd387,d5eaf6a7-76cc-48ec-98d9-ba713e2df70f,2024-03-04T10:16,5,96.85,Card,Pending
6d5435e9-df0b-48fb-8ce6-0a82d6de1174,bfa3444b-2be9-46be-b944-720d86a59770,2024-08-11T10:16,1,25.37,Online,Completed
fbf247af-0917-4359-83d5-db7fbc7b7251,6c3bf618-a715-40f9-9faa-cfc5f5beef2f,2025-10-06T10:16,6,158.46,Cash,Pending
8c8c3160-7086-431b-b217-8bd46037e9c5,4bb2d776-14c0-4ef6-b8ba-c580cbed72b8,2025-02-16T10:16,6,116.28,Card,Completed
f82ec22a-293e-459e-b13e-59d85ec229de,c3ffc43c-0c11-40fa-9824-f234161741d0,2024-05-26T10:16,3,82.50,Cash,Completed
2d111372-7abf-4dd4-a25d-91f8407558aa,428424b7-1f94-496a-8b7a-497ce177d32c,2024-05-04T10:16,5,58.45,Online,Cancelled
0a094ab5-93cb-4b61-a4ca-84a1cd499dd8,5400d214-6176-40bf-88d2-3f53ed38bf69,2024-12-12T10:16,8,116.40,Online,Pending
8c29b354-e742-4f75-a802-9f9f71ca674a,d5cfb1a3-ce2f-4aff-ab4c-50e0c5426af1,2024-12-05T10:16,5,36.60,Card,Cancelled
52693658-26f6-4e3d-a813-03b78905a70e,0a570207-0f70-467f-bbeb-44a0a60a9a25,2025-01-24T10:16,4,23.96,Cash,Pending
69e908a5-3a62-4c78-862e-fe105aeef55d,02c65c06-56ad-4670-b8e2-10ab417c7154,2025-02-17T10:16,1,16.39,Online,Pending
0bc6d4b9-cc6c-4adb-b0c8-48ea7fd9688b,dcfb3d05-846d-4915-99f3-ebbc7559d972,2025-01-16T10:16,1,22.83,Cash,Completed
61fceadd-f693-4b1d-a294-a8247e9d686c,8113211c-bdc3-4bb0-94d9-3fd3871f3005,2024-07-09T10:16,5,101.80,Cash,Completed
855aa735-e770-4307-b125-4e0233ba0add,caca465c-e9f2-4add-91b5-24c70595e321,2025-02-11T10:16,2,42.20,Cash,Cancelled
4d485356-05ea-4f2f-872f-06f52f72afb3,71f17b36-2c37-4cfa-bf8a-894fa94c0e9b,2024-02-12T10:16,4,77.48,Card,Cancelled
33481891-dbbd-4a46-ba08-df54f78b1c7b,7a18d550-38d0-40b2-84a7-547162e7e409,2025-06-13T10:16,2,59.04,Card,Completed
a9f1b724-4855-489b-a877-42ae3580b6bb,f6c35464-33dd-44a7-bf84-071f2e427045,2024-07-03T10:16,7,49.77,Card,Completed
a28c4ab7-f0d0-493e-a0c8-d115df8d0040,1407e9cf-22c9-4137-a2fe-cc12dc038235,2025-02-18T10:16,2,11.82,Cash,Completed
fe32b59e-757d-471d-be77-9793bc4ddcc0,a302a1a8-c429-406f-abff-9f273aa0a4b5,2024-06-11T10:16,7,119.42,Card,Pending
c67e3515-f15f-4a1d-b60b-aba15adcc0cc,795088d7-d227-422e-ad8c-f048bde0675e,2024-06-14T10:16,2,21.66,Cash,Cancelled
32b86f2c-e3ee-4c74-a978-5e5d62506d52,e85d0261-2d97-4475-a749-363ec9040a74,2024-04-03T10:16,2,36.12,Cash,Cancelled
bae91317-fb4d-4e04-9288-ddd2e5c771b1,5400d214-6176-40bf-88d2-3f53ed38bf69,2025-02-24T10:16,9,247.68,Card,Pending
f4603e51-c995-4bcf-bca8-f0e3bf8b46fc,bb9edfa8-17f7-4f6f-8e3b-616693a298b1,2025-03-15T10:16,1,20.60,Cash,Cancelled
64a8ae37-a671-4e20-9009-2a08d70a36d1,1a48aa9a-def3-481d-922a-94300aa97309,2025-04-05T10:16,5,104.85,Cash,Pending
2d55d150-5876-4fbb-8b09-8922e6dc88d3,36b880b0-e9bd-4c0b-8f1c-32018f6c758a,2025-10-18T10:16,5,69.85,Card,Completed
6c5a7336-3286-45e7-bd0e-9bff407abbdd,f543de06-e341-4de2-95ab-ca0fd3ee51fe,2025-03-22T10:16,6,75.24,Cash,Pending
d4f1c50a-7295-4b7f-9a75-fa334fe416dc,0a5a9fc7-e126-48f0-99aa-dea85c606f66,2025-06-14T10:16,8,71.84,Online,Cancelled
0bb39469-d682-473c-9b99-ca83482c9ede,c0d74d86-5c5b-481d-b8e3-61eeb9c77255,2024-01-30T10:16,6,67.32,Online,Completed
6aba4598-e9f9-4b33-b5ef-054492cf132f,0a15d43b-8f6b-444a-bef2-ffbddfdbd16f,2024-09-17T10:16,8,221.84,Cash,Cancelled
f698175a-e034-4539-a730-007aba4c082c,2c6dafc9-06cc-4b3d-8b8d-12aae0644c58,2024-05-05T10:16,3,57.81,Online,Pending
b126ec3a-ec3d-4c7a-a824-502769705c73,964d337f-acd5-4ca2-8843-9be3f2eb60fc,2024-02-14T10:16,7,37.38,Card,Cancelled
587fd99a-6a98-47aa-8b91-e54029e18ceb,fbe227d7-6d32-4407-9783-7fdac983e55f,2025-10-20T10:16,3,80.34,Card,Cancelled
6f95cc11-fd2e-474c-8682-a7a697603e96,4717d2a3-4b2a-44f1-b960-a2b73e2d23fd,2024-06-20T10:16,4,35.04,Card,Completed
3f8336e4-9c40-4cf0-a28b-0b2902dec023,f0a6a958-e434-41bf-a830-dffa55a34db5,2024-08-08T10:16,9,56.25,Online,Pending
bfc226c2-a061-417a-9402-eafc4a6a684c,aac35608-9499-49c5-811a-a059e773c968,2024-10-11T10:16,3,60.27,Cash,Cancelled
6c41841f-cbf6-4f8d-b941-2bf4ec62d3b7,7169ef0c-f2c8-4ae3-83f6-87691664d2d2,2025-07-23T10:16,3,39.42,Card,Cancelled
a273bc65-06aa-4e23-9cb0-b72127d132db,b014b56e-3263-4b63-8430-46e00bc5ea77,2025-02-06T10:16,8,100.32,Online,Pending
0d906604-3078-4cbd-b882-827aea60aeef,6b1178fc-1745-401d-88da-3903c243ebe9,2024-07-01T10:16,6,84.12,Online,Cancelled
4a7b7d28-44e3-4ff8-b92e-e559c45e7b94,0a5a9fc7-e126-48f0-99aa-dea85c606f66,2024-02-23T10:16,7,56.56,Cash,Completed
4ced5860-463f-4c25-8f26-ab628bc6dac4,0a5bd884-b432-4ce5-b14e-44b4aedd4c0f,2025-10-27T10:16,9,100.80,Online,Completed
cf59f8ee-97c2-43bf-ab7d-7eb7eb1abf1f,c63bd277-c81c-40c5-8720-6ce916d653c4,2025-06-14T10:16,8,78.00,Card,Pending
30ce89f0-7fce-475b-94d1-2af757a8debd,3ab3404a-ee80-4ed2-8d90-a6f0dad14e48,2024-12-28T10:16,8,57.92,Online,Cancelled
c3f2b454-84bd-4c19-a3f3-e450971b249c,6c6a3b10-9747-4dca-a041-4edc22d147b0,2025-03-31T10:16,1,14.98,Online,Cancelled
2994672d-16cd-464b-8f3a-0cea151d7787,f3826f04-0dfa-4266-8002-58fede0093f5,2024-02-14T10:16,6,65.10,Card,Cancelled
9a31b261-f2ff-48e6-86f3-9532bfa61070,fe624323-ba72-456d-9842-ed9e0edc75df,2023-11-17T10:16,5,47.70,Cash,Cancelled
1cbca475-2efe-40d4-accb-f47fc824a51e,77ca464a-fe0d-4dcc-8f08-3eb2f7b64f76,2025-01-01T10:16,7,36.26,Cash,Cancelled
0aa968a4-bf6e-4b5c-9234-fcb51658ba18,e38afcd9-9e08-47ba-bc92-5ebb4bc271eb,2023-11-24T10:16,6,168.72,Online,Pending
0a5bd803-1947-4aaf-a727-d768266b3e82,935ebde1-5945-4673-886e-1a7a12cc2d4e,2025-02-02T10:16,7,85.89,Online,Cancelled
03c8beb1-924e-4659-9d1d-4ad68eadfd07,5d6f84a5-a4de-442e-99b9-b8ef714b4436,2024-09-27T10:16,7,183.82,Cash,Completed
be613269-5092-41d0-89cf-4f935efdd302,1a31c678-d420-495a-aff3-0f1609514e1e,2025-09-08T10:16,2,24.96,Card,Cancelled
f73fac2e-4ca1-4ff2-8f0e-56194fe5c84d,a190f67b-21df-46bc-8164-46bdfa00af85,2024-09-23T10:16,5,135.45,Cash,Cancelled
aff41d10-6296-4043-b020-9bd9b927999b,aac35608-9499-49c5-811a-a059e773c968,2025-08-02T10:16,7,194.53,Card,Completed
fb995420-81e2-4a02-a851-30f18b555f56,60cd80b6-3967-4dae-b4df-adc7b5644971,2025-01-25T10:16,9,77.22,Online,Pending
d3e484eb-8f5c-40d6-9ad9-ab0c83fed914,935ebde1-5945-4673-886e-1a7a12cc2d4e,2024-12-27T10:16,3,63.57,Cash,Pending
98956e5f-0c89-415b-abe1-d52ae11628de,935ebde1-5945-4673-886e-1a7a12cc2d4e,2025-08-15T10:16,1,28.82,Card,Cancelled
780f02a3-f2c3-4a09-acd2-765e57fb9620,a3f626b9-cc27-4c04-8570-be79ab8bda4a,2024-09-16T10:16,3,24.36,Card,Pending
805880cf-e72c-4542-9db6-7977897ebe53,02c65c06-56ad-4670-b8e2-10ab417c7154,2024-03-24T10:16,8,210.16,Card,Pending
148911ae-b04d-4f79-aac8-404d485a9c40,d5cfb1a3-ce2f-4aff-ab4c-50e0c5426af1,2024-10-10T10:16,5,61.35,Online,Cancelled
e6446d66-69a0-488c-a681-4640a4ef51cc,25659c0e-6eb5-4c57-add8-fb6ac5f42699,2025-08-27T10:16,3,74.52,Online,Pending
5fdb64c0-28f5-48e6-b830-187ddf94d167,ceafdb2a-788d-48e0-acdd-bd533a2e7ab6,2024-06-25T10:16,9,87.48,Online,Pending
0274d134-87da-4fee-83a0-c4d8c059f421,6e551d53-4f6d-4b84-a9de-3d7c79694805,2025-09-23T10:16,8,191.68,Card,Completed
aa610606-965b-4830-a8b6-255d15b073b1,67c276b0-7be6-4f3c-bf86-c342095c8112,2024-11-15T10:16,2,40.84,Online,Completed
dd015972-a4e7-4f5c-88f6-2f51492284f7,4739f27f-7a96-4d52-83ae-0c6fd4c8c606,2025-03-08T10:16,2,24.50,Online,Cancelled
58d5a8ef-a965-44f3-b186-fb6d19822db0,60cd80b6-3967-4dae-b4df-adc7b5644971,2025-09-04T10:16,2,29.14,Online,Pending
d95ed6f0-17e1-4f92-8b22-828a862dcc56,0a5a9fc7-e126-48f0-99aa-dea85c606f66,2024-08-21T10:16,5,48.15,Cash,Pending
713a49e5-9095-424d-a32a-8924e955cf1e,f543de06-e341-4de2-95ab-ca0fd3ee51fe,2025-05-29T10:16,1,10.32,Online,Pending
fc14bff3-0448-47a1-954c-7ddd6555dcc1,02c65c06-56ad-4670-b8e2-10ab417c7154,2024-01-14T10:16,8,109.84,Online,Completed
c9a0952a-1aa3-46e9-a7d8-ddf6ffc6d7da,d3f641e5-b8b5-4f5f-9155-7768df2033e8,2024-11-29T10:16,7,85.96,Card,Pending
64373333-c0af-47ea-85f5-020e368b6857,0df3bae1-6384-4856-aa27-aef9f6c48b75,2024-07-14T10:16,1,11.11,Card,Pending
690d5c8e-36aa-4428-8bc8-fbab6c47e419,6aaabc79-3d35-410f-bb96-f86a3930d0ff,2025-06-23T10:16,1,8.37,Online,Pending
75d3b624-7ae2-44e7-9f89-a031f73f2d97,caad7924-4bc5-4f85-9662-11ca261e3c87,2025-10-16T10:16,7,45.15,Online,Cancelled
e400c4e8-54c4-48c5-924c-be7f49128b73,6c6a3b10-9747-4dca-a041-4edc22d147b0,2023-12-13T10:16,5,123.35,Card,Pending
f866bd60-0cce-46db-836d-2fcaad01be8a,e6cb1215-5314-4d05-bfd1-f6e5d36e89f7,2024-08-23T10:16,7,81.97,Card,Pending
792a772a-0db3-4d89-b6f2-9d34b523064a,3dcaabe3-78c9-4d88-bed5-56ca7ceea07c,2024-07-25T10:16,3,23.37,Online,Cancelled
7308991c-53a9-4ab9-8d93-0f25d608413c,b90a3a7f-421e-47e5-8598-fe50f365a62e,2025-05-03T10:16,2,59.24,Online,Pending
89fdf4e6-4e4f-4439-9e26-545e832275b9,ff4db0d8-e809-46e8-9ae0-78ffee4902d9,2024-11-14T10:16,8,133.92,Card,Pending
44910163-175d-45c3-b7f1-c6977216ee95,e7991221-0de0-4ef8-aa9c-ca3b59197059,2025-07-22T10:16,3,49.65,Cash,Cancelled
300033b8-26e3-4528-bfed-fc1a98bd1683,9305d562-2505-493d-8ed8-3fb721c8f491,2025-05-01T10:16,5,69.70,Card,Cancelled
cf87b165-58b5-4868-a0c4-bcb5aaaa06d4,e277d099-db2a-4aee-ab86-8b0e73a34383,2024-01-31T10:16,2,47.84,Online,Completed
4f46dc2e-ca32-4634-b489-5cefb7e3bfa7,9fa382f0-8393-48db-ad30-43c953282401,2025-01-25T10:16,5,130.95,Online,Pending
3d9e5f04-ccd0-4d59-b343-664bd7074f56,fdb5454e-2230-489e-ade4-9218ff28cbd8,2025-08-21T10:16,9,73.17,Online,Pending
1f0a062e-8d60-408b-8f82-d91eb0edc6f8,6aaabc79-3d35-410f-bb96-f86a3930d0ff,2025-08-26T10:16,2,15.36,Card,Cancelled
0b9a5c48-5795-4eca-92ff-6d0f488ad75c,36b880b0-e9bd-4c0b-8f1c-32018f6c758a,2025-01-28T10:16,4,95.36,Card,Cancelled
4059d56a-8587-43bf-9b31-a3210869a89c,f543de06-e341-4de2-95ab-ca0fd3ee51fe,2024-07-19T10:16,2,12.86,Card,Pending
1c13dc5b-dc17-4984-bb5f-1718c02af582,9fa382f0-8393-48db-ad30-43c953282401,2023-12-30T10:16,5,51.85,Card,Cancelled
eab1e094-9f6e-4951-b567-66f4b858e7a5,53db1213-7316-47bb-9099-c1def0e3c96b,2023-11-14T10:16,5,42.75,Card,Pending
6860641b-0617-4c21-b330-d4fea6b2b8d3,824998a2-7592-4051-ab0b-d5e12743c93b,2024-11-23T10:16,2,53.06,Card,Cancelled
d76bb4a1-5033-4bc3-90b5-995680d4c57d,e85d0261-2d97-4475-a749-363ec9040a74,2025-01-21T10:16,9,95.22,Card,Completed
6a1aee20-ccb6-479d-b998-e6f9d2ff6bc5,63846b60-b7be-4087-ac6e-56c9bc130a20,2023-11-30T10:16,4,91.24,Cash,Pending
449ad85c-e47a-49e7-be63-358b5bed24ee,caad7924-4bc5-4f85-9662-11ca261e3c87,2024-11-16T10:16,7,170.59,Cash,Cancelled
49384026-3d4c-4573-94f7-7b57a8686039,46032f36-69bc-465a-9b33-a5d560bfd77a,2025-06-12T10:16,5,26.35,Card,Pending
131bb5cf-1d81-422f-a9e0-e65743c06a21,60cd80b6-3967-4dae-b4df-adc7b5644971,2024-01-18T10:16,5,120.80,Online,Completed
b0fd6a66-8663-4742-9a7c-f5134d5dfd0b,fdb5454e-2230-489e-ade4-9218ff28cbd8,2024-01-13T10:16,6,58.86,Online,Completed
abdfd568-036c-4651-bc85-9b6088d5d7c9,aac35608-9499-49c5-811a-a059e773c968,2025-07-08T10:16,2,38.40,Online,Completed
56b36113-0af9-432b-8ec8-83556b612741,fdb5454e-2230-489e-ade4-9218ff28cbd8,2025-03-04T10:16,8,117.12,Cash,Cancelled
887aab2e-0ec0-4546-bee4-76efcafc546a,68169a66-a8d4-4763-914e-7befc826445b,2024-06-16T10:16,7,118.23,Cash,Completed
af09d26d-e9dd-41a1-b83f-c39ce68fdc2c,e886c155-0dae-4b36-88f5-a86fa474d1f6,2025-03-19T10:16,3,32.13,Card,Completed
464a002c-fd5b-4af1-9a7c-b8cf54aa0093,ff4db0d8-e809-46e8-9ae0-78ffee4902d9,2025-05-13T10:16,1,21.33,Card,Completed
590b3ae8-cb44-49bd-b458-e34f495aff5a,0a5a9fc7-e126-48f0-99aa-dea85c606f66,2024-02-26T10:16,7,76.16,Cash,Completed
fc4e65d6-852b-4b11-ba91-b97d2635a9b1,f067e21d-d1d4-4e87-9cae-9753f5f9ccb6,2025-09-10T10:16,3,27.48,Card,Pending
25291e9d-d51c-4587-bfeb-ae7aa21f218d,e886c155-0dae-4b36-88f5-a86fa474d1f6,2025-04-09T10:16,5,59.80,Online,Pending
3c013cd2-db90-4a28-bd91-19fcbf9fdbc9,b90a3a7f-421e-47e5-8598-fe50f365a62e,2024-12-27T10:16,3,77.37,Online,Pending
6e1ef30e-7a09-4690-9a5a-d7a12554eb9c,d87f31d7-79ef-4c17-856e-142e791b04da,2025-09-29T10:16,5,102.65,Cash,Completed
94e06c03-6ac5-4c97-9d91-64db96678892,0472ca7f-b133-4710-8f43-24a3c6c1afd1,2024-08-16T10:16,7,82.46,Card,Completed
4182cd6b-30cf-483c-b85b-658b0af1591e,25659c0e-6eb5-4c57-add8-fb6ac5f42699,2025-10-31T10:16,3,50.61,Online,Cancelled
ba73167e-b6d0-4dc3-b2c4-fa9b4b60c558,10b26c2d-7d56-4175-84a8-a2775e128a9d,2024-04-05T10:16,2,41.44,Card,Cancelled
f8bd4110-bf96-4bc0-b6b7-cfb933429357,5d6f84a5-a4de-442e-99b9-b8ef714b4436,2023-12-08T10:16,7,183.96,Card,Cancelled
e01a173b-5d97-4658-b3ee-1d34655c1900,7169ef0c-f2c8-4ae3-83f6-87691664d2d2,2025-01-06T10:16,3,15.30,Cash,Completed
99e158ff-a237-471b-aca1-635e6c9d29d2,26d032f1-9fe9-487a-987a-a8be14e1db05,2023-11-25T10:16,5,57.70,Online,Completed
06c82eb4-bb4d-4cae-b3d4-0a3e1f87554d,7509850a-5062-4da9-aad6-bc5b9e363ef1,2025-07-28T10:16,3,52.26,Card,Completed
cda1bf9f-92b3-47b5-b3f5-e3398fade933,6945f6f4-b8f9-4d04-90ff-e59ed705578e,2024-10-09T10:16,4,119.00,Online,Completed
ad861d34-8161-45be-b6a7-47b148b87a65,b3688304-b24b-416a-9bf4-c2b6aaeb59d3,2024-10-06T10:16,2,32.10,Online,Pending
9fdbdbab-3799-47a9-84f7-b6f00a3f2bd6,d3f641e5-b8b5-4f5f-9155-7768df2033e8,2023-11-22T10:16,8,46.88,Online,Completed
cfaf2da7-48f4-4368-a7a7-bc278ed9ae11,26d032f1-9fe9-487a-987a-a8be14e1db05,2025-01-11T10:16,3,26.49,Online,Pending
6c78846c-298e-44c2-840f-af6aec410b30,52f5634d-de98-4543-8a1e-cbf1e2d0242f,2024-06-23T10:16,9,186.84,Cash,Completed
8a2df2be-c7ae-49e6-87a9-e777de8734ae,f0a6a958-e434-41bf-a830-dffa55a34db5,2024-09-14T10:16,1,13.18,Card,Cancelled
c31112a5-b049-4cb2-98bd-ab222b836fd5,bb6ceda0-3f7a-4dfa-9862-41a88dd468b2,2025-11-09T10:16,4,48.92,Cash,Pending
67627a93-1058-4e28-93f8-6b0c80df9efe,6e6d2c67-f7fb-4a98-8f9a-4822259b25c4,2024-09-14T10:16,9,124.65,Cash,Completed
9dffbdb9-92f9-4389-af83-b0277096c1a5,4b14a58c-f1e4-40b6-888d-a88cd7055099,2025-01-14T10:16,2,55.04,Online,Completed
959e35e3-4bfa-4488-8edf-a307d14b82aa,8b546c63-5406-493d-bc69-cfb594b38267,2025-05-14T10:16,9,229.14,Card,Pending
498f558c-7dff-4d28-9095-d5334ebb158e,b047b369-02d0-4f25-9af0-f1e883228863,2025-09-11T10:16,2,18.44,Cash,Completed
4bbc6555-2f58-4e96-abfa-c9bba3caa633,6aaabc79-3d35-410f-bb96-f86a3930d0ff,2025-06-07T10:16,9,219.24,Card,Cancelled
b3f413d8-835b-4efb-9ebd-7bb5457f2076,5f0f3def-9ff6-4282-ad04-001c4a769966,2024-04-14T10:16,7,151.90,Cash,Cancelled
b734e477-e2cd-4798-96d5-6b180b15d894,8f7f530b-bb30-4a05-b437-744ed30af54f,2024-07-07T10:16,7,84.77,Cash,Completed
1d85c694-72bf-4e70-bd97-24e2947a94ca,1233cc27-7567-48e0-8dd2-6b0019506c2f,2024-07-09T10:16,4,87.12,Cash,Completed
63e947ad-9460-4048-8cb4-f67f29e5993d,0fcf4084-ea31-49f8-99f9-9bf8c8b0c16b,2025-11-09T10:16,1,9.99,Card,Cancelled
ab94e05c-b6e7-4842-a10a-6b36ada41715,23650eb4-f98d-45a3-a90b-a378f03d469d,2025-02-27T10:16,1,21.42,Cash,Completed
76d53b24-f347-4865-8232-9b4169b4e9e7,0fcf4084-ea31-49f8-99f9-9bf8c8b0c16b,2024-11-14T10:16,6,76.80,Cash,Pending
1d917663-3742-434f-b4da-d9cb185a0278,6c3bf618-a715-40f9-9faa-cfc5f5beef2f,2024-11-01T10:16,4,118.72,Card,Completed
2f58c3fd-1cfa-460e-bf56-d97163929a4a,0a0ac3e5-6e20-4fbc-87ec-5481c70e38bc,2025-04-09T10:16,6,83.40,Card,Cancelled
d245a5eb-1e99-4d9e-a031-fb0b598fd13e,4b14a58c-f1e4-40b6-888d-a88cd7055099,2025-05-31T10:16,1,7.30,Card,Pending
cc5f27e5-c740-4325-9f2f-e72b428db5a5,b014b56e-3263-4b63-8430-46e00bc5ea77,2025-09-20T10:16,6,175.20,Online,Completed
e0755bf3-5a63-40e6-8974-a8f51c5f43e5,71f17b36-2c37-4cfa-bf8a-894fa94c0e9b,2025-08-14T10:16,8,214.96,Card,Completed
827b16b9-fcd2-42ca-91d7-b1a1faf8c515,ef7fad1f-a86f-4ee1-95b4-ce1f339f0fa5,2024-03-31T10:16,9,222.12,Online,Cancelled
23815ff3-ff1d-41f5-94dc-29394c24bd31,1eeb9c5f-5b7a-47af-b4f1-5a50d9d1089c,2025-04-01T10:16,6,157.80,Cash,Cancelled
3734d029-a247-4734-81c5-9594fd2c9a02,7d2df59f-386d-4aec-85a8-2443262a0cb4,2023-12-10T10:16,2,30.22,Online,Pending
317a29d4-ea20-4603-ae8f-0b25db6bc8e6,2ca088cd-c6c6-4e60-a1a4-d2990ee21b12,2024-04-08T10:16,8,143.28,Card,Pending
abca08b2-5a2e-4c8a-b26f-06dbd641dd7f,7a18d550-38d0-40b2-84a7-547162e7e409,2025-07-18T10:16,7,133.91,Cash,Cancelled
3e849bd1-1b52-48a8-861b-0cb2839c2ca6,36b880b0-e9bd-4c0b-8f1c-32018f6c758a,2025-07-19T10:16,1,18.17,Online,Cancelled
71a5fa96-2ec8-4d34-ac30-22ac5d031374,98b17fed-218c-4f20-8410-9f0edfc74455,2024-11-04T10:16,1,23.86,Cash,Pending
9d011f12-8a29-4549-98ed-1f07b65ec7d8,401a6911-a31e-4892-adc1-56e3e1eb090a,2025-02-23T10:16,8,191.68,Online,Cancelled
46279e18-5800-4d37-8673-f54f1a2241d3,401a6911-a31e-4892-adc1-56e3e1eb090a,2024-12-07T10:16,8,233.84,Online,Pending
241a3f20-92e4-417c-84b3-33ab64a36240,910b1d47-5c37-48b1-8bde-96c60660f1d7,2025-02-11T10:16,7,85.96,Online,Cancelled
1e6fa498-3726-4d7d-b7d7-a6c44d67983b,ceafdb2a-788d-48e0-acdd-bd533a2e7ab6,2025-02-20T10:16,7,200.76,Cash,Pending
aefd8913-63f8-4c77-b4d8-62fd24c30ffb,bb6ceda0-3f7a-4dfa-9862-41a88dd468b2,2025-06-06T10:16,8,214.08,Card,Cancelled
a2bf72f0-6696-4fef-98bb-fd052bb51e14,d33bbfcd-a2ca-4e80-8a1c-65223f061e7e,2025-08-13T10:16,7,174.23,Card,Cancelled
01684473-010e-4fa2-806c-62ff06c6755a,b95f7619-fab2-4df9-8683-1f2aeb93a660,2024-03-14T10:16,7,195.16,Online,Cancelled
e8c74cd2-bf5c-489d-b03e-03c612b0476a,4739f27f-7a96-4d52-83ae-0c6fd4c8c606,2025-05-01T10:16,4,49.12,Card,Pending
99dbcd1e-f904-4c0e-9678-82794697b919,67c276b0-7be6-4f3c-bf86-c342095c8112,2024-11-03T10:16,2,22.94,Online,Completed
e39ffcb6-ff43-4862-b63c-f4eb275d7467,56a75a3e-a944-4147-8cba-f1024726993f,2025-02-11T10:16,9,193.41,Online,Completed
242c1b22-6518-4965-9600-1192cb6aa40d,9305d562-2505-493d-8ed8-3fb721c8f491,2024-08-29T10:16,2,24.60,Online,Pending
3a4cb6db-78cb-4856-a75b-0b67bb5f7ee3,a3f626b9-cc27-4c04-8570-be79ab8bda4a,2024-06-26T10:16,4,25.04,Online,Cancelled
a6a9d080-7650-4f5d-9c67-2a5da299f7e5,73a2b03c-2dca-486e-8ebc-c4d6bb68a8c6,2025-04-23T10:16,4,95.12,Cash,Cancelled
91a59323-f04a-4a5f-9432-91d35129cd11,67c276b0-7be6-4f3c-bf86-c342095c8112,2024-02-19T10:16,5,98.45,Online,Cancelled
9aebf406-4200-49be-994b-9e052dc26186,0fcf4084-ea31-49f8-99f9-9bf8c8b0c16b,2025-09-17T10:16,3,61.41,Cash,Completed
3f51918b-b9b9-406d-b484-dac2d7b47aec,d5eaf6a7-76cc-48ec-98d9-ba713e2df70f,2024-04-20T10:16,7,129.64,Online,Cancelled
646ffde3-72d0-4186-a060-6038cbf6ef2a,8250871a-2b35-424e-a1a1-4eb4faffabfb,2024-08-16T10:16,4,109.88,Online,Pending
a02558e1-cfdc-403c-9960-b6f1c0f3368f,53db1213-7316-47bb-9099-c1def0e3c96b,2024-11-22T10:16,1,22.80,Cash,Cancelled
33417cee-fd77-49b3-8fd3-705e3a535d60,ceafdb2a-788d-48e0-acdd-bd533a2e7ab6,2025-05-08T10:16,2,23.62,Cash,Cancelled
52a6d0b6-94db-43d1-b924-0c0dd0c0d4db,8250871a-2b35-424e-a1a1-4eb4faffabfb,2024-08-02T10:16,7,170.38,Online,Pending
ed9b18c0-cb79-40ba-90af-149a4026ecfd,f3826f04-0dfa-4266-8002-58fede0093f5,2025-06-19T10:16,5,26.80,Online,Pending
6646ff69-6e37-4b3f-a3e0-de49c45ee53a,a3f626b9-cc27-4c04-8570-be79ab8bda4a,2024-03-21T10:16,7,188.09,Card,Completed
0928532d-bbdf-4b3a-864c-1aa0f0a97be7,ebbc7df0-770d-44f8-b0ff-c62f9006e40e,2024-09-26T10:16,7,162.19,Card,Pending
218c8271-c791-4675-b034-75d3da9279cd,caad7924-4bc5-4f85-9662-11ca261e3c87,2024-08-30T10:16,9,86.31,Card,Cancelled
c11cfb0f-f22f-486d-9744-520f5f688d36,d6d4ef4b-0870-48aa-b884-013237f255f4,2024-05-20T10:16,4,77.68,Cash,Pending
197bcebe-0afe-4b43-bf9f-d1eae509ec4e,ef7fad1f-a86f-4ee1-95b4-ce1f339f0fa5,2024-05-26T10:16,6,45.12,Cash,Completed
6a0edddd-1a9c-4785-9ce6-e05baeb92456,ec3490d2-e8da-47ee-ae12-0ca0b1d7a2bb,2024-12-24T10:16,5,121.65,Card,Pending
5ca30089-55e8-4734-abe2-23196a39991f,98b17fed-218c-4f20-8410-9f0edfc74455,2025-09-14T10:16,5,73.35,Cash,Pending
bdcc9255-b9b9-4aca-ba26-da4d27876927,a3f626b9-cc27-4c04-8570-be79ab8bda4a,2025-09-04T10:16,8,239.68,Online,Completed
34a15a74-ef01-444c-a04d-359a5d833964,d87f31d7-79ef-4c17-856e-142e791b04da,2025-08-08T10:16,1,29.33,Cash,Completed
3c00dc51-5f64-40e7-bfbb-aa2894782e29,4bb2d776-14c0-4ef6-b8ba-c580cbed72b8,2023-12-24T10:16,2,23.24,Online,Pending
bfe96811-c669-4534-8e88-49e21f4077b7,824998a2-7592-4051-ab0b-d5e12743c93b,2024-12-09T10:16,1,8.33,Online,Completed
1908ab9a-d182-479e-bd7e-dce2cc328969,1407e9cf-22c9-4137-a2fe-cc12dc038235,2024-04-16T10:16,5,49.85,Online,Cancelled
ba26212c-00a5-4c43-b458-b5ae500201b9,bb6ceda0-3f7a-4dfa-9862-41a88dd468b2,2024-11-18T10:16,1,28.69,Cash,Pending
c2f3ebde-b07d-43e5-b2eb-f1aa8b2a67f4,b0d737cd-ec4b-4a88-aa81-d012ef3fb719,2024-05-05T10:16,5,95.00,Cash,Cancelled
7a9aaf10-4cb4-432e-a072-d1d88b782b02,73a2b03c-2dca-486e-8ebc-c4d6bb68a8c6,2024-03-11T10:16,8,60.32,Cash,Completed
df02be71-9733-4d43-b31c-2d586da5b8d8,dcfb3d05-846d-4915-99f3-ebbc7559d972,2024-08-30T10:16,9,216.09,Card,Cancelled
bd6091f2-8ac2-41b1-a809-b4ee78fc0d36,e38afcd9-9e08-47ba-bc92-5ebb4bc271eb,2025-06-02T10:16,2,19.20,Card,Completed
848df398-5000-4f73-915a-ae071d1d23df,0a5bd884-b432-4ce5-b14e-44b4aedd4c0f,2025-09-08T10:16,6,95.34,Cash,Cancelled
5aa970b7-dc89-4eee-8267-f1c6d163f859,428424b7-1f94-496a-8b7a-497ce177d32c,2024-07-21T10:16,2,59.16,Cash,Cancelled
aadf0328-7565-40db-bb11-0eb3eefda365,b6c26110-1b77-4777-8c79-c69ec19b66df,2024-07-04T10:16,7,164.64,Card,Completed
68cfd0e3-26a2-4da7-96b3-c208b7b4fe5a,726d71e2-70fd-4416-8568-78619c14a73a,2023-11-21T10:16,3,83.73,Cash,Pending
de9cb3b2-b725-4586-8c7c-94c15ca6503e,23650eb4-f98d-45a3-a90b-a378f03d469d,2023-11-15T10:16,1,8.12,Cash,Pending
85b0a6dd-41ff-48a9-b6a8-304075ae70a7,6bd388d4-5636-450b-bacd-55bdcb769bab,2024-06-28T10:16,2,30.24,Cash,Pending
81439dfd-bf00-4e06-9ecc-deb70b2e5a93,8e1bbe6c-7b75-46dc-8ca1-0b1664cd6ae4,2024-01-29T10:16,8,92.56,Card,Pending
0036e769-58d7-4cd8-a8b4-586b791ee390,dcfb3d05-846d-4915-99f3-ebbc7559d972,2024-03-28T10:16,9,79.56,Online,Completed
0cac27bd-ea37-47d5-a281-a7ff800eaebf,fbe227d7-6d32-4407-9783-7fdac983e55f,2025-02-19T10:16,2,21.34,Online,Completed
e9487df2-5958-4559-a6df-67cd8e02d486,00d7ae70-0f46-4453-963c-4ab2a3d29314,2023-12-13T10:16,3,79.29,Card,Pending
c60b5f6d-0d82-446b-861c-3510752a2edc,0a5bd884-b432-4ce5-b14e-44b4aedd4c0f,2025-08-07T10:16,7,98.21,Cash,Pending
8f01c7c8-073c-4b6b-a62a-f7428ff588db,1a31c678-d420-495a-aff3-0f1609514e1e,2024-05-06T10:16,9,121.95,Card,Cancelled
16e1e858-5de8-4421-894d-6fe0944ae164,6f61ca8e-51a1-48e0-abfa-88326e713e34,2025-07-06T10:16,8,208.96,Card,Cancelled
4b098d19-9687-477f-87d0-d38c0261aaee,ebbc7df0-770d-44f8-b0ff-c62f9006e40e,2024-10-03T10:16,2,32.68,Online,Pending
35e63585-d23e-402f-8dc2-0da44d819f9d,56a75a3e-a944-4147-8cba-f1024726993f,2025-10-05T10:16,8,227.44,Online,Pending
f766827e-6dd6-4bc5-a4b5-69c79fe0d27b,59827b2a-ae17-44b1-bd6f-6f08718559cb,2024-06-09T10:16,5,122.40,Online,Cancelled
5c6c2222-8892-4c6e-8b93-3a4fa784a37b,9fa382f0-8393-48db-ad30-43c953282401,2024-02-23T10:16,2,39.96,Online,Pending
b0708296-003a-4a21-b856-c2cebf64bfd4,fe624323-ba72-456d-9842-ed9e0edc75df,2024-08-17T10:16,1,14.46,Card,Completed
4ab734a9-2491-4b6f-afd2-787b9821df22,885715b6-b1eb-44ca-8460-28c0343e56f3,2024-11-02T10:16,9,81.72,Online,Cancelled
4ef9956a-39be-4eb8-80ba-0e16a71a3ab8,06e585f0-5b60-4900-81d1-3379328e6c17,2025-10-25T10:16,3,24.27,Card,Pending
f1751cec-b071-4068-95e7-99bf7512688e,824998a2-7592-4051-ab0b-d5e12743c93b,2024-02-27T10:16,8,73.92,Card,Pending
6a79e2b1-28f5-4655-9a87-43f997761328,0130fcd4-a6cf-4a72-8400-7bcae1abce34,2025-08-29T10:16,2,30.40,Card,Completed
4d14d7bd-6f9e-4b36-862e-01082fa459f6,d6d4ef4b-0870-48aa-b884-013237f255f4,2024-12-21T10:16,1,27.26,Online,Cancelled
532043d4-bf51-4850-b826-b665d967a9be,36b880b0-e9bd-4c0b-8f1c-32018f6c758a,2024-06-24T10:16,8,121.44,Card,Cancelled
c5294237-29ef-4cbc-9185-a76b9385e945,983d66ae-c8b0-46b8-8abc-26a1055cf729,2025-01-07T10:16,9,68.58,Card,Cancelled
83de5df2-5338-4e2f-af7f-1d2672ad5ab7,0a5a9fc7-e126-48f0-99aa-dea85c606f66,2024-12-18T10:16,4,52.16,Card,Pending
db6d1e53-f026-4b59-a144-9385c04d05e3,23650eb4-f98d-45a3-a90b-a378f03d469d,2025-02-03T10:16,9,80.10,Online,Pending
4d4e6944-6138-43c8-905e-6e9a7c9bf757,209e786b-2a61-4e52-a3b2-1cc98bcbf18c,2025-08-31T10:16,4,114.60,Online,Pending
ce9d5ecd-019c-4ad4-a9ed-e3698dea39d3,d3f641e5-b8b5-4f5f-9155-7768df2033e8,2024-01-08T10:16,7,135.87,Card,Pending
1af83bd1-25f9-43be-a95f-14ba266798f0,56a75a3e-a944-4147-8cba-f1024726993f,2025-04-04T10:16,1,7.31,Cash,Cancelled
26d4a1ed-25a3-4f3e-8a78-5bd4231ae76c,36b880b0-e9bd-4c0b-8f1c-32018f6c758a,2025-10-23T10:16,5,67.15,Card,Completed
0c7d90c9-1223-4fd4-b45a-d93d85cf6cb8,bc58b12c-65c4-4f21-89ef-3e492a22ef7c,2025-05-19T10:16,4,60.16,Online,Cancelled
ff50c8f7-005b-40da-83a3-a03fa60127a6,6aaabc79-3d35-410f-bb96-f86a3930d0ff,2024-03-16T10:16,6,46.26,Card,Completed
98746329-0ac2-43ad-8a37-13179502a7f6,1eeb9c5f-5b7a-47af-b4f1-5a50d9d1089c,2024-11-19T10:16,5,142.20,Card,Pending
d706af85-e886-465f-bd33-8c74fcd5261e,8250871a-2b35-424e-a1a1-4eb4faffabfb,2024-01-24T10:16,6,164.70,Card,Cancelled
604526b8-94f8-4a22-8fa9-fcdfd38ac52b,99c406e7-092b-4eeb-bc08-56fc041c253d,2025-03-22T10:16,9,212.85,Online,Pending
0df02eae-73f8-45ba-965d-0603dedcd6af,4f6ae324-5b6d-47d6-a86d-26ec6fbe1e0e,2024-01-19T10:16,6,118.44,Cash,Pending
0a22d0fb-f3ff-44fa-8a32-f4abf03202a4,103fcba5-5588-45a5-9fe0-6ac948d3860e,2025-09-25T10:16,7,206.78,Card,Pending
503ec23e-a294-4049-91fb-05c4e031c99b,bf0de251-90d7-423c-8b31-48df1a89964f,2025-07-22T10:16,6,123.36,Online,Cancelled
39e807a4-1725-4c06-a335-408a89a353d6,63846b60-b7be-4087-ac6e-56c9bc130a20,2024-05-30T10:16,9,227.25,Cash,Completed
a7ba00d3-a0fd-437c-85cb-e009b934ca00,ef7fad1f-a86f-4ee1-95b4-ce1f339f0fa5,2025-11-01T10:16,2,52.40,Card,Pending
3a072b18-537c-439e-afea-493035c02505,7169ef0c-f2c8-4ae3-83f6-87691664d2d2,2025-09-30T10:16,5,146.85,Card,Completed
1ffa2d33-35d3-4b35-9b32-244416b1f699,02c65c06-56ad-4670-b8e2-10ab417c7154,2025-06-14T10:16,2,19.16,Online,Completed
c5b4d14c-8b99-492d-8a1e-104793f89e90,795088d7-d227-422e-ad8c-f048bde0675e,2025-08-13T10:16,3,56.73,Card,Completed
56d4be5e-fa47-4a0a-a72a-f03e22be382f,b03f75c1-655f-4480-a2bf-1a0af806e96e,2025-09-04T10:16,1,29.19,Card,Cancelled
d77deab3-fed1-4cae-b7b6-4cb53406cf1b,4739f27f-7a96-4d52-83ae-0c6fd4c8c606,2025-03-19T10:16,4,40.48,Online,Pending
e2cda6cc-8c9c-439a-8d2f-3520d8463a72,1407e9cf-22c9-4137-a2fe-cc12dc038235,2025-02-28T10:16,9,145.17,Online,Cancelled
edbc269b-2733-434f-ba0a-cd16119d86c9,d5eaf6a7-76cc-48ec-98d9-ba713e2df70f,2024-11-11T10:16,8,214.08,Cash,Completed
29582a03-644b-4802-b84e-208fe2af8818,6117b6f0-c4f4-4bf1-9eeb-f33950decba8,2024-08-14T10:16,1,13.59,Card,Cancelled
970f9e33-628c-4315-87b0-29a4b5ddd029,49af098b-bf79-4643-8e49-739ea932d38b,2024-12-14T10:16,3,18.03,Online,Completed
726f482b-0d57-4350-ade5-c8fe3741973b,2c6dafc9-06cc-4b3d-8b8d-12aae0644c58,2025-03-19T10:16,8,41.20,Card,Completed
10b3fa3f-be3d-4076-b337-2828e9c99b49,cd50913f-8c99-4253-9134-0cf5fe5f300f,2025-07-04T10:16,5,138.55,Card,Pending
c6b132bb-5d3c-4d20-a499-b721a3f0fcee,4e44f26d-5455-405b-8fdb-63ab8b739ecf,2025-04-20T10:16,5,43.75,Cash,Pending
547ac696-e6a5-4978-b56e-eb7d35fc6592,3e97fc93-73a7-45e0-9888-f7a03ee258a7,2024-05-31T10:16,9,59.40,Cash,Cancelled
a7194493-9890-4d54-9117-e98a047504bc,f3826f04-0dfa-4266-8002-58fede0093f5,2024-09-16T10:16,8,164.56,Card,Pending
c3c52a95-9cf3-4c9a-abc8-79d808317ad1,caca465c-e9f2-4add-91b5-24c70595e321,2025-01-29T10:16,2,32.00,Cash,Completed
34520423-16c6-452f-b2df-ae6bb078fe2e,000f9c8f-2fc7-4346-844d-c04f10751265,2025-03-28T10:16,8,170.88,Card,Completed
be66a4cd-1436-42cf-9a07-69e215c91cfb,6c6a3b10-9747-4dca-a041-4edc22d147b0,2025-01-20T10:16,1,9.04,Card,Cancelled
123a9b6e-90d7-471a-8c43-b8453c400b4e,67c276b0-7be6-4f3c-bf86-c342095c8112,2025-05-11T10:16,5,132.15,Card,Cancelled
5f98febe-eed8-4c84-9454-3008a0bcc872,60cd80b6-3967-4dae-b4df-adc7b5644971,2024-10-02T10:16,2,53.38,Cash,Cancelled
436d8d58-bf01-4bb0-9afd-c410e64a65e9,6c6a3b10-9747-4dca-a041-4edc22d147b0,2025-02-22T10:16,9,113.76,Card,Pending
c53918de-eef8-49df-b79d-31b00ccc859d,21edfc22-3f73-4335-a774-3cf78ab65e86,2024-10-23T10:16,4,63.76,Online,Pending
3f6605c1-ab8c-4e19-bcc8-299813f8c3b4,1407e9cf-22c9-4137-a2fe-cc12dc038235,2023-11-20T10:16,4,111.40,Card,Pending
e2d54336-80fc-457d-8874-dfdcd58a6eea,b03f75c1-655f-4480-a2bf-1a0af806e96e,2024-05-04T10:16,5,40.95,Card,Cancelled
67511afd-b31e-4f6d-9f5a-9035210e7482,02c65c06-56ad-4670-b8e2-10ab417c7154,2025-08-13T10:16,3,30.00,Online,Cancelled
abbf75ef-ee7a-4e9e-8fce-222b6dbb523f,f3826f04-0dfa-4266-8002-58fede0093f5,2024-03-16T10:16,4,41.72,Online,Cancelled
e1f08174-6065-414d-b029-28b57aa1181b,93cdeef1-3fc3-4a63-a275-0ae87ae6b335,2025-08-19T10:16,9,91.53,Cash,Pending
9f94f18d-3d34-4204-a0a8-92f8a2d0672b,5f0f3def-9ff6-4282-ad04-001c4a769966,2025-01-10T10:16,7,126.63,Cash,Completed
e64b11ca-4394-43d8-83e4-3be3a50dc84a,103fcba5-5588-45a5-9fe0-6ac948d3860e,2024-01-18T10:16,2,47.36,Card,Pending
49bb516c-b22b-4e89-8fdb-15e974d6a5b2,7a2e5fa5-096b-4701-8ce6-7a3db39bf8eb,2023-12-23T10:16,5,79.40,Online,Pending
f984fc6d-5304-469e-ad0a-dc2ea825a71c,d33bbfcd-a2ca-4e80-8a1c-65223f061e7e,2024-10-28T10:16,7,50.12,Online,Cancelled
2b4ca254-d99a-4c02-ac0b-59082272086f,935ebde1-5945-4673-886e-1a7a12cc2d4e,2025-01-02T10:16,7,200.34,Card,Cancelled
336b88dd-9d42-4ace-9ed0-15be71acab57,ebbc7df0-770d-44f8-b0ff-c62f9006e40e,2024-07-19T10:16,7,172.97,Card,Cancelled
79a68887-4034-4864-ac23-86247e3b9b17,74e76582-f1b8-4560-b049-8aebb59d4721,2025-03-11T10:16,9,115.20,Cash,Cancelled
3b68aedc-2f94-4d3c-96b7-4d6a7a773ee9,0a15d43b-8f6b-444a-bef2-ffbddfdbd16f,2025-10-03T10:16,1,25.00,Card,Completed
ce6a8c6d-b766-4154-9228-0320fdc0eb17,0dd437d0-74fa-43c3-8909-5c955e4d47dd,2024-04-20T10:16,6,79.38,Online,Pending
551cdb0e-92f3-456d-96d3-6cab451354e2,1d32c3b3-c732-4995-aa6b-ff159deb3bdf,2025-04-21T10:16,6,54.84,Online,Cancelled
f3facc66-9abe-447d-9545-6f710e778dc8,0e0d5f13-edd5-4ab0-9ddd-3df111bedc5a,2025-08-08T10:16,2,46.68,Online,Pending
19bf7c39-dc7e-4414-872b-7720143cc808,0e0d5f13-edd5-4ab0-9ddd-3df111bedc5a,2025-05-19T10:16,3,54.63,Card,Completed
cef37949-3cfb-4bc5-bea6-5fa56a88ebc4,500fde18-ea61-4380-9ea4-f06d09985870,2025-05-24T10:16,8,173.28,Card,Pending
223738fc-941a-4adc-a570-dce7f010ff76,8250871a-2b35-424e-a1a1-4eb4faffabfb,2025-09-24T10:16,1,21.06,Card,Pending
f8d645f4-dd3f-438b-b698-ecb17b79d596,74e76582-f1b8-4560-b049-8aebb59d4721,2024-01-29T10:16,9,81.54,Cash,Pending
a07ce6f1-f0d6-4835-adee-643bd2eec683,49af098b-bf79-4643-8e49-739ea932d38b,2024-03-01T10:16,5,39.95,Card,Cancelled
92917022-f48b-485e-9903-c265491977db,d87f31d7-79ef-4c17-856e-142e791b04da,2024-05-31T10:16,8,63.28,Online,Completed
f147161c-5ba7-4e97-b608-7b42969453dc,428424b7-1f94-496a-8b7a-497ce177d32c,2025-07-01T10:16,9,269.46,Card,Cancelled
022ff7e5-334c-4b82-a272-07ec67e50e0b,74e76582-f1b8-4560-b049-8aebb59d4721,2024-07-15T10:16,1,10.02,Online,Completed
cbc01005-c997-4aff-8e92-5f904d1f223d,cb8747c7-32ca-4b6b-868d-13ab01d953ec,2025-10-14T10:16,7,89.46,Card,Pending
787aa6d1-c6d9-4ed8-8b82-6867c22d50e4,cf65c4b6-4c1c-420b-95de-23e5b56ffad5,2024-07-24T10:16,7,179.48,Card,Cancelled
ab973568-9806-4184-82c2-d1fe51a19505,2ca088cd-c6c6-4e60-a1a4-d2990ee21b12,2025-04-06T10:16,2,14.70,Online,Completed
421ef953-2eea-461f-b932-5afb038f42ba,52f5634d-de98-4543-8a1e-cbf1e2d0242f,2025-03-28T10:16,5,44.40,Cash,Cancelled
5a68733e-7f6d-486b-a82e-7d8dd47e46c4,0472ca7f-b133-4710-8f43-24a3c6c1afd1,2025-04-25T10:16,6,41.40,Card,Pending
4ae9c5f7-81e5-45dc-9024-3d5bd97f5263,26d032f1-9fe9-487a-987a-a8be14e1db05,2024-03-02T10:16,5,135.55,Cash,Cancelled
d22d43f6-4af3-413a-b122-d15fcd390e77,ff4db0d8-e809-46e8-9ae0-78ffee4902d9,2024-05-24T10:16,3,42.42,Card,Completed
160fedf7-e1b4-408d-b688-5c64d6bc28e6,71f17b36-2c37-4cfa-bf8a-894fa94c0e9b,2025-02-14T10:16,2,43.54,Online,Cancelled
e470f32c-7a40-4a41-8f1b-542969b51a53,f6c35464-33dd-44a7-bf84-071f2e427045,2024-11-11T10:16,5,107.85,Card,Pending
379a6664-2721-4199-94a3-24692298062e,68169a66-a8d4-4763-914e-7befc826445b,2025-10-15T10:16,7,91.35,Card,Pending
c9ba2bdd-f18d-4af1-bae7-d1443229f17c,5f6e51da-5f01-4c9a-85dd-7d50ef37e5d7,2025-06-27T10:16,7,154.70,Online,Cancelled
8454ce7f-9f39-4013-9cd7-0a475460e525,21edfc22-3f73-4335-a774-3cf78ab65e86,2023-12-08T10:16,9,253.71,Cash,Cancelled
20d9947c-9634-417d-830d-699131185feb,2a109685-1399-4149-8951-fba29bb0360d,2025-10-19T10:16,9,193.86,Online,Completed
fc2c4378-c6c1-4c90-a8c5-5cfaada662f9,6c3bf618-a715-40f9-9faa-cfc5f5beef2f,2024-11-20T10:16,1,19.38,Online,Completed
32116a95-e3cb-4b7f-bf65-726e8d15192c,c46351bf-193f-49af-a5d6-456188837c3d,2024-04-25T10:16,8,106.08,Cash,Completed
e836771d-6ffc-492c-ab9f-3be536c45936,365c90d0-a590-4209-9401-2ce55af5ed98,2024-08-09T10:16,6,44.46,Cash,Completed
054b9c32-f203-4712-a2f6-1257cce0761f,6f61ca8e-51a1-48e0-abfa-88326e713e34,2024-11-14T10:16,9,123.75,Online,Pending
757b66ae-bb91-410d-84bc-5deab687ad28,103fcba5-5588-45a5-9fe0-6ac948d3860e,2025-03-17T10:16,9,54.90,Card,Cancelled
04f96c39-7b46-4ad6-9b92-d72d9e45dd23,cf65c4b6-4c1c-420b-95de-23e5b56ffad5,2025-09-30T10:16,6,64.62,Online,Cancelled
935420f1-5494-4fcc-9737-373c22dda028,0fcf4084-ea31-49f8-99f9-9bf8c8b0c16b,2024-01-19T10:16,4,28.60,Cash,Completed
e2605d82-3203-407f-bb21-c8e090bbbbc6,ebbc7df0-770d-44f8-b0ff-c62f9006e40e,2024-09-13T10:16,2,57.36,Online,Pending
a7e4811a-11d4-462c-831c-cb3838e65118,0a5a9fc7-e126-48f0-99aa-dea85c606f66,2024-03-31T10:16,3,89.82,Card,Completed
386f1a8a-78ce-4b7a-b5bf-040a18cf71f9,c83bba2f-5229-4998-9566-1f3179b13e8a,2024-09-29T10:16,7,166.60,Online,Completed
c96811c9-86ee-464c-9097-a177827f2269,f0a6a958-e434-41bf-a830-dffa55a34db5,2024-03-13T10:16,1,23.72,Card,Pending
88b4c15f-41d0-44db-bbfd-b9032888a21b,d3f641e5-b8b5-4f5f-9155-7768df2033e8,2025-07-27T10:16,8,133.92,Online,Pending
9c551508-a1d8-4852-9bef-6680b8a2e157,c5817fdc-a4dc-4879-b957-30cfda62016b,2025-03-20T10:16,4,85.72,Cash,Cancelled
79b81896-7cbc-416f-96d0-8cc7d39a614d,e277d099-db2a-4aee-ab86-8b0e73a34383,2025-08-09T10:16,7,200.27,Card,Cancelled
c35f1611-fa27-4541-b405-dfc68f9e4b2e,050d9901-1cb5-413a-9c31-282028f863c1,2025-07-14T10:16,4,26.44,Card,Cancelled
a473cd8b-e0ba-4306-806b-0512d19aed91,910b1d47-5c37-48b1-8bde-96c60660f1d7,2024-04-29T10:16,4,59.96,Online,Pending
296b9adf-8fbf-4c13-9402-dc4838202a80,f543de06-e341-4de2-95ab-ca0fd3ee51fe,2024-04-27T10:16,2,53.90,Online,Cancelled
13d6a217-52e1-4d71-9f66-43a11b294007,8250871a-2b35-424e-a1a1-4eb4faffabfb,2024-03-10T10:16,3,75.06,Card,Completed
646d480c-ba59-4d97-b9d0-2401fa5fe1e4,428424b7-1f94-496a-8b7a-497ce177d32c,2025-02-01T10:16,2,44.20,Card,Completed
0ac36cc8-84c4-4595-b5ad-fb19a0f0d0b9,3dcaabe3-78c9-4d88-bed5-56ca7ceea07c,2024-05-09T10:16,4,81.04,Online,Cancelled
bee1b3b4-cb3c-4ed0-b910-edb0cc9fee45,c3ffc43c-0c11-40fa-9824-f234161741d0,2024-12-15T10:16,4,100.60,Card,Pending
e821d0f5-e78e-48d8-90e3-a2bb27ab800e,0130fcd4-a6cf-4a72-8400-7bcae1abce34,2025-02-02T10:16,3,82.95,Card,Cancelled
1034083e-d423-45cf-9db5-920056ff0f90,c83bba2f-5229-4998-9566-1f3179b13e8a,2024-12-28T10:16,8,56.32,Online,Completed
6f61ba3b-8509-4a1b-a284-abd5c27318d9,ec3490d2-e8da-47ee-ae12-0ca0b1d7a2bb,2024-04-08T10:16,8,58.56,Cash,Pending
8348d801-6d52-4c5f-9458-82187c9bcb41,e886c155-0dae-4b36-88f5-a86fa474d1f6,2025-11-01T10:16,1,21.21,Online,Completed
cb463447-9152-41aa-9a10-a3c458e3cf8b,0a570207-0f70-467f-bbeb-44a0a60a9a25,2025-07-21T10:16,3,26.52,Card,Pending
97c471ac-0ced-43e2-a7d4-ec20ba75e2b6,7a18d550-38d0-40b2-84a7-547162e7e409,2024-11-22T10:16,3,39.51,Online,Cancelled
73a941fc-c8b4-4e18-858f-06a82e49c7e3,9c53f3f8-5b22-4d77-bd76-cfa6c70e443c,2025-01-15T10:16,4,49.80,Card,Completed
3996fd77-0f3e-4d10-87bb-a88b5f6f8fd2,f0a6a958-e434-41bf-a830-dffa55a34db5,2024-06-19T10:16,3,46.80,Cash,Completed
372a0fa0-1e60-41d3-8825-dc89a9cfbfd5,11526850-7335-463f-b740-a52a90457c3b,2024-03-25T10:16,5,49.40,Cash,Cancelled
39d582b6-848f-450c-94c2-c97d968cf40e,56a75a3e-a944-4147-8cba-f1024726993f,2025-07-07T10:16,4,92.00,Cash,Completed
685e421d-af77-4dd8-8117-143c31293f09,d6d4ef4b-0870-48aa-b884-013237f255f4,2024-08-18T10:16,9,253.08,Cash,Pending
7bbee0d0-5ddd-4688-9bf2-0e073fd374ad,f6c35464-33dd-44a7-bf84-071f2e427045,2024-02-21T10:16,8,56.08,Online,Completed
b6c3aea5-a66d-4bcf-98ed-b744d4e54b4c,0fcf4084-ea31-49f8-99f9-9bf8c8b0c16b,2023-12-17T10:16,2,14.24,Card,Completed
af14a3b3-5ae5-4b3b-b687-ceaa59704678,8b115a34-224b-453c-be69-b53a7445b466,2025-02-03T10:16,3,72.42,Online,Pending
e27fc057-96d4-4b98-8cbf-6bd606a5299d,910b1d47-5c37-48b1-8bde-96c60660f1d7,2024-07-31T10:16,5,28.70,Cash,Completed
eeec176b-2bc3-4580-a1f6-177764ef86f7,f067e21d-d1d4-4e87-9cae-9753f5f9ccb6,2023-11-23T10:16,5,103.90,Card,Cancelled
411fd804-093b-4135-9ae2-9cb5e5086f73,e38afcd9-9e08-47ba-bc92-5ebb4bc271eb,2024-07-17T10:16,9,188.55,Card,Cancelled
934fbd37-3da6-4caa-954e-6ecbed8ebfdd,0a5bd884-b432-4ce5-b14e-44b4aedd4c0f,2025-08-11T10:16,8,199.28,Card,Pending
c766f1e1-f63e-4a5b-ae13-8806ea0d3229,a302a1a8-c429-406f-abff-9f273aa0a4b5,2025-02-14T10:16,9,149.49,Cash,Pending
d048bb8e-03b1-4a2d-992b-19c680095eeb,7509850a-5062-4da9-aad6-bc5b9e363ef1,2025-09-18T10:16,8,80.48,Cash,Completed
db03ec23-1fb5-4b00-8234-1a5fbe37ddb4,99c406e7-092b-4eeb-bc08-56fc041c253d,2025-01-25T10:16,2,14.98,Card,Pending
a47c9ec7-8b53-4578-925a-0eaf0de197d7,8887df7e-682b-4d48-b18c-c1ddfa0aaa26,2024-08-21T10:16,2,17.92,Card,Pending
8482baa0-0f96-4360-b09b-7b0c6f36ea50,3910ab11-8758-4a4f-8a9b-c4f5df7413c4,2025-10-28T10:16,7,51.17,Cash,Completed
42a2c9da-bb43-4452-a731-10ddb6779f71,2ca088cd-c6c6-4e60-a1a4-d2990ee21b12,2023-12-05T10:16,1,25.69,Online,Completed
0a94a503-ff43-4e2f-a7cf-81baa6393063,90f0db1e-2b19-43f7-ba17-233c7c214eca,2024-03-22T10:16,7,127.82,Online,Cancelled
b9c84193-80e4-4e03-8c29-053389ca6912,ec3490d2-e8da-47ee-ae12-0ca0b1d7a2bb,2025-04-15T10:16,8,230.64,Cash,Pending
9edf0212-a141-4c05-b982-8a66e1cd0e20,98b17fed-218c-4f20-8410-9f0edfc74455,2025-09-23T10:16,3,56.49,Cash,Completed
2568415b-6003-4993-aab2-e2ed97e82b66,bfa3444b-2be9-46be-b944-720d86a59770,2025-09-06T10:16,6,47.04,Online,Pending
1b3cdf3a-ba93-4940-9a61-15c02e03c1b6,6bd388d4-5636-450b-bacd-55bdcb769bab,2025-07-02T10:16,9,129.42,Cash,Completed
2a40c6f7-a600-4c56-a785-ac679e45be0a,ecf1ffb0-ac00-4968-87ea-8beef4ace55a,2025-03-13T10:16,1,19.80,Online,Cancelled
02241883-b888-429a-91aa-0b909d146b25,caad7924-4bc5-4f85-9662-11ca261e3c87,2024-11-15T10:16,7,156.52,Cash,Completed
634bf294-849a-41f8-a7d5-f61441c420b7,b90a3a7f-421e-47e5-8598-fe50f365a62e,2025-04-25T10:16,7,45.64,Cash,Completed
305243fa-3606-4a83-8215-bbc3ec26bc12,e6cb1215-5314-4d05-bfd1-f6e5d36e89f7,2024-05-06T10:16,9,230.04,Cash,Cancelled
aad38150-65e4-4676-9757-621e4ffa1f3d,90f0db1e-2b19-43f7-ba17-233c7c214eca,2024-11-23T10:16,8,185.04,Card,Cancelled
3dd5439d-07e5-4d8a-899c-bd40d6e63d77,885715b6-b1eb-44ca-8460-28c0343e56f3,2024-05-15T10:16,9,94.59,Card,Pending
b60455e2-9331-4e06-b6ad-72fb76b3e54d,11526850-7335-463f-b740-a52a90457c3b,2023-12-16T10:16,3,40.02,Card,Completed
9d0cae6c-d46b-4cdd-89c5-f500efff1171,c63bd277-c81c-40c5-8720-6ce916d653c4,2025-05-24T10:16,4,33.32,Card,Pending
0f2ef890-796a-4ed4-9158-1bd5fe75195b,964d337f-acd5-4ca2-8843-9be3f2eb60fc,2024-10-19T10:16,4,92.60,Cash,Pending
39cf2586-8bbd-4b98-b9a7-1c30a2871395,b3688304-b24b-416a-9bf4-c2b6aaeb59d3,2024-12-24T10:16,4,96.08,Card,Cancelled
fd077c77-001d-477f-ae2d-02322cd13b7c,8250871a-2b35-424e-a1a1-4eb4faffabfb,2024-03-07T10:16,2,38.84,Card,Pending
4d44ffa8-3af3-43cb-8ab8-09d9b649118b,63846b60-b7be-4087-ac6e-56c9bc130a20,2025-08-12T10:16,9,63.99,Online,Completed
c8f88774-05f5-426e-8df9-9b0bca52ae3f,485b65e7-fdf4-474d-afba-37986d8d3cd8,2024-08-13T10:16,6,147.30,Card,Cancelled
8d6862c4-4a3f-4b82-943c-b3e6a68cb23f,bc58b12c-65c4-4f21-89ef-3e492a22ef7c,2024-11-27T10:16,3,83.49,Online,Pending
37cfa879-48dc-423d-87f8-0b00c71f4c87,c5817fdc-a4dc-4879-b957-30cfda62016b,2024-02-17T10:16,7,67.06,Card,Cancelled
85ba7cfe-bab5-4514-8d77-b61692fec836,59827b2a-ae17-44b1-bd6f-6f08718559cb,2024-09-29T10:16,8,68.08,Card,Cancelled
307f0207-f622-4752-9590-ccff93a2f2fc,000f9c8f-2fc7-4346-844d-c04f10751265,2024-06-09T10:16,5,110.30,Card,Completed
a51d233c-0690-4e4b-9f25-9267c06789ee,53db1213-7316-47bb-9099-c1def0e3c96b,2024-10-16T10:16,9,49.50,Online,Completed
a0e05f6e-5e41-4c18-9cd1-5ade6da1ccf8,485b65e7-fdf4-474d-afba-37986d8d3cd8,2025-03-08T10:16,8,161.20,Online,Pending
22068276-4d88-4562-aab8-af72cd77ca31,485b65e7-fdf4-474d-afba-37986d8d3cd8,2025-03-26T10:16,2,16.38,Cash,Pending
79365229-c0e7-4928-a743-893ce39457cd,cd50913f-8c99-4253-9134-0cf5fe5f300f,2024-04-26T10:16,8,154.64,Card,Pending
c947a31f-0e5d-465e-876e-30ef752e9865,4739f27f-7a96-4d52-83ae-0c6fd4c8c606,2025-02-25T10:16,5,77.25,Cash,Cancelled
3fd2eddb-0e4c-4d55-8aea-ef724735ce88,f0a6a958-e434-41bf-a830-dffa55a34db5,2025-07-28T10:16,5,76.20,Card,Pending
f7b1dde7-5df4-466e-9774-e4a8b24ae661,a190f67b-21df-46bc-8164-46bdfa00af85,2024-10-08T10:16,7,178.43,Online,Pending
5c15b68b-ef8e-4245-8a96-67f0e1b8d67f,59827b2a-ae17-44b1-bd6f-6f08718559cb,2023-11-29T10:16,8,203.76,Card,Pending
5f3d1dc1-7140-4df2-8598-e608473d4c85,fdb5454e-2230-489e-ade4-9218ff28cbd8,2024-07-10T10:16,7,168.49,Cash,Completed
081a81dd-1e23-4423-82f9-ad83be1dd7ac,93cdeef1-3fc3-4a63-a275-0ae87ae6b335,2024-03-03T10:16,4,115.24,Online,Pending
6ff000f7-1e7b-4821-98e3-18c14ddba1e9,bb6bf39c-f455-4e08-a59e-1bdaaa91d4aa,2025-01-24T10:16,7,110.04,Card,Completed
dde1acfb-e954-49ed-b136-f16cb250184b,d3f641e5-b8b5-4f5f-9155-7768df2033e8,2023-11-30T10:16,2,46.00,Cash,Pending
13d82230-8969-40ac-b985-a0c67f6e8e69,b047b369-02d0-4f25-9af0-f1e883228863,2023-11-30T10:16,1,10.60,Online,Pending
47fef169-1cb1-4e75-9e2f-5265110e362d,90f0db1e-2b19-43f7-ba17-233c7c214eca,2025-01-31T10:16,3,75.78,Online,Pending
211792d2-ec4c-432c-956e-49bd29886941,6c3bf618-a715-40f9-9faa-cfc5f5beef2f,2025-03-22T10:16,2,58.18,Card,Completed
021312d3-b1e7-493b-bf68-50b6b26abbdb,b04ce307-2d1f-4214-b023-d8f4379041a1,2024-06-28T10:16,6,80.82,Cash,Completed
beb31004-b85c-4567-a0d4-e521c0154c77,205ea7f7-e714-45b8-a083-11247ff702a1,2025-07-15T10:16,2,53.56,Online,Completed
e432c8a2-eba6-4acb-abb1-12100d6c617e,52c87fd9-fdf0-4256-b929-6153ad24a0ac,2025-07-14T10:16,9,225.90,Card,Cancelled
aeb958ff-7227-4a47-884b-ef6b9fb3f6c2,59827b2a-ae17-44b1-bd6f-6f08718559cb,2024-03-08T10:16,9,157.86,Cash,Completed
1fb16c23-3f26-4b93-b62d-7885114411bd,f0a6a958-e434-41bf-a830-dffa55a34db5,2025-11-02T10:16,5,52.05,Card,Pending
a2dee6d6-268d-4672-ab3b-8c719e8e6bc2,99c406e7-092b-4eeb-bc08-56fc041c253d,2024-02-21T10:16,7,104.30,Card,Cancelled
5a5a4bb4-df9c-4de7-852b-1c437b68c830,9305d562-2505-493d-8ed8-3fb721c8f491,2024-07-21T10:16,3,16.02,Card,Completed
7e02cc73-3cb3-4158-92c8-b956daf06105,21edfc22-3f73-4335-a774-3cf78ab65e86,2025-01-07T10:16,3,73.53,Cash,Completed
7e3ccd42-fd32-4e7f-bc81-b63d30ba2e87,4f6ae324-5b6d-47d6-a86d-26ec6fbe1e0e,2025-07-21T10:16,9,58.86,Online,Cancelled
d86920df-a24e-47cf-bc9b-aecc92018d6b,4f6ae324-5b6d-47d6-a86d-26ec6fbe1e0e,2025-02-18T10:16,3,45.90,Card,Cancelled
94c7b85e-d6b8-47cd-829c-cb3d299b7bfd,5f0f3def-9ff6-4282-ad04-001c4a769966,2025-01-05T10:16,7,99.26,Online,Completed
ea462712-5fea-44f6-8bff-5f8ddf35df0d,953417c6-cd52-45e9-9ca0-bb450653c934,2024-11-04T10:16,3,20.13,Online,Pending
054d155b-894c-4e68-88e0-fb3e8fa8e34a,3dcaabe3-78c9-4d88-bed5-56ca7ceea07c,2024-03-17T10:16,6,152.82,Card,Completed
0122c2f9-c5c3-40fa-a0a8-fa1ae447cbf1,14eace30-1ac2-411e-8eef-98e8f32a87fb,2024-12-20T10:16,9,119.61,Online,Cancelled
56e26e5c-d5ce-4997-8389-ecf74eefc996,9c53f3f8-5b22-4d77-bd76-cfa6c70e443c,2025-07-15T10:16,8,202.24,Cash,Completed
4f077c0a-18d0-4cfc-af84-bb638acac0ba,d87f31d7-79ef-4c17-856e-142e791b04da,2024-12-13T10:16,8,224.48,Card,Pending
a8fb13e3-7058-4dca-a7f5-5abe4aef30d1,f543de06-e341-4de2-95ab-ca0fd3ee51fe,2024-10-30T10:16,5,46.50,Cash,Completed
21aec320-3851-4ad4-b669-3e06f2a44fe4,74e76582-f1b8-4560-b049-8aebb59d4721,2024-12-26T10:16,9,97.65,Cash,Completed
2f578aeb-8ee6-42f5-a807-be67a35f3dcb,ecf1ffb0-ac00-4968-87ea-8beef4ace55a,2025-10-19T10:16,3,50.34,Cash,Pending
256e0952-5285-4ace-8a7a-265ddd57df28,11526850-7335-463f-b740-a52a90457c3b,2025-06-19T10:16,7,90.30,Cash,Cancelled
ba0ccbf7-ffc9-4209-b10a-6d972edf2674,0472ca7f-b133-4710-8f43-24a3c6c1afd1,2024-11-28T10:16,5,136.15,Online,Pending
b08f1a4e-b3a5-49c1-8a89-9e4aec271784,8b115a34-224b-453c-be69-b53a7445b466,2024-10-31T10:16,9,53.55,Card,Completed
b2181203-2055-44ca-88f4-c1588697d75f,ecf1ffb0-ac00-4968-87ea-8beef4ace55a,2025-02-21T10:16,6,107.40,Cash,Completed
7518e6fd-7b13-43c0-b4a5-efeaf6635df6,cf65c4b6-4c1c-420b-95de-23e5b56ffad5,2024-11-12T10:16,4,55.00,Cash,Pending
af15aa26-b1ae-4551-9843-f96a88279e6d,2a109685-1399-4149-8951-fba29bb0360d,2025-02-09T10:16,3,40.02,Card,Cancelled
b573d963-6d3e-470d-9cf9-9f5708cd133a,6e551d53-4f6d-4b84-a9de-3d7c79694805,2024-04-03T10:16,2,42.10,Online,Pending
50ce8950-1318-48fb-9f52-a10a5abeb2df,935ebde1-5945-4673-886e-1a7a12cc2d4e,2024-02-20T10:16,7,62.93,Online,Pending
1072b836-e0dc-4965-b5e2-291c73e52da0,6e551d53-4f6d-4b84-a9de-3d7c79694805,2024-08-08T10:16,2,43.80,Cash,Pending
91a7e7e5-b004-4835-b758-daff04ee50bc,14eace30-1ac2-411e-8eef-98e8f32a87fb,2024-04-02T10:16,1,16.90,Cash,Pending
c8c2f755-dc6d-4964-847f-dcd3611cc739,4bb2d776-14c0-4ef6-b8ba-c580cbed72b8,2024-04-11T10:16,2,50.16,Online,Completed
93d79e45-1907-4d45-a0d5-b07533e9716e,9c53f3f8-5b22-4d77-bd76-cfa6c70e443c,2025-07-27T10:16,9,214.92,Online,Cancelled
f80d855e-5ed4-4086-96e5-0355f819a37f,9305d562-2505-493d-8ed8-3fb721c8f491,2025-03-27T10:16,3,32.16,Cash,Pending
64de9172-439a-42f3-b315-2608567bd1f5,6945f6f4-b8f9-4d04-90ff-e59ed705578e,2025-10-05T10:16,8,83.84,Cash,Pending
11274ba1-63d6-48d3-8482-3b3dd8044840,7c991f43-c18b-4404-8826-97691b0dc00c,2024-03-30T10:16,5,65.00,Cash,Pending
da262c77-847e-488c-a77d-03d9c5640352,93cdeef1-3fc3-4a63-a275-0ae87ae6b335,2024-09-10T10:16,3,54.27,Online,Cancelled
634e4113-ac3c-4f79-b615-58aa79353840,d87f31d7-79ef-4c17-856e-142e791b04da,2024-08-06T10:16,9,139.68,Online,Completed
38448e6c-3780-42f4-b3c0-ba1f50da2cad,0dd437d0-74fa-43c3-8909-5c955e4d47dd,2024-04-30T10:16,9,154.98,Card,Cancelled
1e3bd9e2-0b69-40da-ac1f-e8b801ced278,02c65c06-56ad-4670-b8e2-10ab417c7154,2025-02-09T10:16,2,26.98,Online,Pending
9964db1a-6be6-4f71-8d9d-fb979b44d022,500fde18-ea61-4380-9ea4-f06d09985870,2024-04-26T10:16,8,213.52,Cash,Cancelled
1c28cefc-a033-45eb-9f01-0fdfa8d67336,c46351bf-193f-49af-a5d6-456188837c3d,2024-02-27T10:16,2,44.56,Online,Completed
679c6cf4-3e66-4b4e-8e12-f4d3c8234dc6,4f6ae324-5b6d-47d6-a86d-26ec6fbe1e0e,2025-09-16T10:16,7,85.19,Cash,Pending
5662fe7a-efe1-4df4-ba92-f248bb01acff,b0d737cd-ec4b-4a88-aa81-d012ef3fb719,2024-09-05T10:16,9,95.58,Cash,Cancelled
39cc13ea-d7cd-4c92-a954-522c5c85ce1a,90f0db1e-2b19-43f7-ba17-233c7c214eca,2025-03-11T10:16,7,137.62,Card,Cancelled
c9349500-5858-4c1d-83e4-b818a6e599f7,c3ffc43c-0c11-40fa-9824-f234161741d0,2024-06-27T10:16,8,235.44,Cash,Cancelled
afd702e1-2829-412d-93cf-78e9d3ec6962,0d463f72-c3a1-4a2b-8d0d-1721a0d1a06b,2024-10-22T10:16,6,107.82,Online,Completed
163f5cd9-7ff2-41d7-9262-fbebc160f314,a3f626b9-cc27-4c04-8570-be79ab8bda4a,2025-03-17T10:16,1,21.09,Online,Completed
dd7abfa9-7555-45be-a7d1-aacd4aa2bc20,2a109685-1399-4149-8951-fba29bb0360d,2023-11-23T10:16,9,201.96,Card,Completed
05364dd8-6016-4ad0-90f0-a66c85378140,bf0de251-90d7-423c-8b31-48df1a89964f,2025-09-24T10:16,5,36.70,Cash,Cancelled
b28ff890-464d-45a5-8418-197baeff0113,000f9c8f-2fc7-4346-844d-c04f10751265,2025-11-05T10:16,1,16.73,Card,Cancelled
58251aac-11e4-456d-8ceb-1801666f1f53,27e45431-1333-4ffd-a0c8-be56ffdc5d4e,2024-07-17T10:16,6,62.70,Online,Cancelled
a02d7c88-406d-4a09-b963-e7971b89c745,0130fcd4-a6cf-4a72-8400-7bcae1abce34,2025-01-11T10:16,6,174.00,Online,Completed
7f9c8008-1daa-49b8-b054-82ed780b9881,6b1178fc-1745-401d-88da-3903c243ebe9,2024-08-02T10:16,7,59.85,Cash,Cancelled
29ae43b9-1a42-4173-9326-6b02210c6a4b,52fbb114-83aa-432d-b2f1-f3e37a5c4754,2024-12-01T10:16,3,24.84,Card,Pending
307086d8-3049-48e2-9120-1a25616cd4e1,14eace30-1ac2-411e-8eef-98e8f32a87fb,2024-12-11T10:16,2,58.68,Online,Completed
7622198d-da39-44b6-8ae9-583e207ce852,8250871a-2b35-424e-a1a1-4eb4faffabfb,2023-12-27T10:16,4,23.16,Card,Cancelled
00c8f862-a898-4e66-8fa8-0d2861715dec,7d2df59f-386d-4aec-85a8-2443262a0cb4,2025-04-01T10:16,8,131.52,Card,Pending
b2e3a73e-f169-4dec-b174-1e3d5390ab09,98b17fed-218c-4f20-8410-9f0edfc74455,2025-02-06T10:16,3,45.33,Cash,Cancelled
976fd1fa-6ee3-4338-9379-1b129b9ef5fb,68169a66-a8d4-4763-914e-7befc826445b,2025-04-15T10:16,7,157.08,Card,Cancelled
6f0d1c47-2c9d-47b3-a29e-6138c964f490,8f7f530b-bb30-4a05-b437-744ed30af54f,2025-06-28T10:16,2,23.12,Card,Completed
a37dac18-4042-464b-ae01-5dc3f8398a62,ada8704c-2784-4d70-84da-10078407d2c8,2024-07-13T10:16,9,141.39,Online,Completed
67a0ac5c-a74a-49ca-b3d8-105f01847b2b,5eb75bc0-d5fa-4209-9d42-7767f3f0585b,2023-12-12T10:16,4,52.80,Card,Cancelled
2e458538-54a5-45e8-afdd-9a92accb81a2,52c87fd9-fdf0-4256-b929-6153ad24a0ac,2025-09-20T10:16,8,127.52,Card,Completed
0c2e5741-5926-4c21-8b6e-66c1b12159ab,d5eaf6a7-76cc-48ec-98d9-ba713e2df70f,2025-02-07T10:16,4,42.56,Online,Pending
7b73facd-aa69-4676-b491-8c6df07cc801,6b1178fc-1745-401d-88da-3903c243ebe9,2025-06-23T10:16,8,44.96,Card,Pending
01a3c23b-df0e-42a2-bdc2-5caddef9dbb2,1233cc27-7567-48e0-8dd2-6b0019506c2f,2024-10-31T10:16,7,189.21,Card,Completed
dd3e7745-194b-4f42-a7a1-835b8e6eb908,4f6ae324-5b6d-47d6-a86d-26ec6fbe1e0e,2025-06-21T10:16,7,115.99,Online,Completed
7bd9f1a8-1ea6-44c5-a172-aef3875e276d,71f17b36-2c37-4cfa-bf8a-894fa94c0e9b,2025-02-03T10:16,3,80.04,Online,Cancelled
0d559a05-ab65-4714-b20c-adebf0bf2762,c1a09d60-c9e8-4489-a68e-e01b51541d33,2024-05-10T10:16,3,52.23,Cash,Cancelled
70a81a61-aef7-4861-9896-4e682237d50c,058b9c75-b72f-4594-80d2-e41194ff7672,2024-11-27T10:16,3,40.92,Online,Completed
3aecbb2e-fd08-4ded-908b-c3483d02099b,9c53f3f8-5b22-4d77-bd76-cfa6c70e443c,2024-03-20T10:16,6,146.88,Cash,Cancelled
124d4adb-1fad-426d-992b-1a59ddb2c1b6,67c276b0-7be6-4f3c-bf86-c342095c8112,2024-02-09T10:16,5,114.90,Card,Completed
4585fcc3-75a5-443a-9af9-5a062b291d21,6c3bf618-a715-40f9-9faa-cfc5f5beef2f,2024-01-18T10:16,5,68.70,Online,Completed
0a18064c-ef16-4bf6-b998-b20f1e791e6e,8e1bbe6c-7b75-46dc-8ca1-0b1664cd6ae4,2024-02-10T10:16,1,12.59,Online,Completed
13325627-5cd6-42ae-9d73-8d64a4e96a9d,6117b6f0-c4f4-4bf1-9eeb-f33950decba8,2025-06-18T10:16,3,51.27,Cash,Pending
23742aaf-0359-4a97-b27a-91159a0fa63b,f3826f04-0dfa-4266-8002-58fede0093f5,2024-05-11T10:16,5,88.70,Card,Cancelled
438287cf-da58-4925-807a-aec20ef5c583,f90cf3ca-e2d0-4129-bc7a-e8a2b80880da,2024-12-15T10:16,5,37.65,Cash,Pending
0b71be49-6472-4309-ae25-94948da783b4,9fa382f0-8393-48db-ad30-43c953282401,2024-01-28T10:16,8,42.40,Card,Cancelled
f28fad46-1011-4cb2-8a3e-09fcfea97b02,6aaabc79-3d35-410f-bb96-f86a3930d0ff,2025-08-22T10:16,4,118.48,Cash,Cancelled
994aaa1f-d504-4fa1-ae51-0c5bfa3d79c9,0e0d5f13-edd5-4ab0-9ddd-3df111bedc5a,2024-03-12T10:16,1,7.89,Cash,Cancelled
e80dd33b-b8ba-4ee6-9921-3994be13b7f6,f543de06-e341-4de2-95ab-ca0fd3ee51fe,2025-05-05T10:16,9,52.74,Card,Cancelled
b4ee2a57-f094-4e14-9574-d965975e3483,aac35608-9499-49c5-811a-a059e773c968,2025-05-08T10:16,2,20.58,Online,Completed
21ce3c38-f31f-4506-94aa-8ac85c6233c7,e85d0261-2d97-4475-a749-363ec9040a74,2024-01-29T10:16,2,17.52,Cash,Cancelled
47faa319-f1b4-4974-bcf3-6e519b791460,0a15d43b-8f6b-444a-bef2-ffbddfdbd16f,2025-07-21T10:16,6,113.16,Online,Cancelled
7e6f33cb-7629-404c-85ab-e1912f3d69a2,0130fcd4-a6cf-4a72-8400-7bcae1abce34,2024-08-08T10:16,9,79.83,Cash,Cancelled
e654489c-1c07-4e0e-8a90-064f7628c527,e119f98a-df63-41dc-8e01-bb49ca2dc724,2024-04-25T10:16,6,111.30,Online,Completed
528f3ee8-614b-494a-927b-6597e45a6bfd,b95f7619-fab2-4df9-8683-1f2aeb93a660,2024-09-20T10:16,5,70.40,Online,Cancelled
86d22038-d543-4083-84fd-e9577f5139a2,d5eaf6a7-76cc-48ec-98d9-ba713e2df70f,2025-06-11T10:16,9,123.93,Online,Pending
5fe27a29-fa69-4427-97b7-36294030c00d,ef7fad1f-a86f-4ee1-95b4-ce1f339f0fa5,2024-07-16T10:16,3,25.92,Cash,Completed
693d4541-cb51-40b7-8166-5387c22dea43,02c65c06-56ad-4670-b8e2-10ab417c7154,2025-05-27T10:16,6,64.68,Cash,Completed
089a00d1-6383-42d7-9228-47bec3373027,69446e90-4237-4410-ab55-e011eb04cce0,2024-03-01T10:16,6,174.60,Card,Completed
b6861238-5e4f-4c0d-ac56-e9f364ccfc84,7d2df59f-386d-4aec-85a8-2443262a0cb4,2025-09-13T10:16,1,14.06,Card,Pending
59c632f2-d767-4526-b7d2-219c2b10b05f,d7af10ce-45c9-4fc8-8dd8-b1c5491aad5f,2024-12-06T10:16,8,123.28,Online,Cancelled
daebb77e-6a54-4812-ada2-d0eaca8ce240,7d2df59f-386d-4aec-85a8-2443262a0cb4,2025-10-19T10:16,7,191.10,Online,Cancelled
3580717d-9162-4af7-9ce9-2608a4946dbf,ecf1ffb0-ac00-4968-87ea-8beef4ace55a,2025-07-17T10:16,7,161.70,Card,Pending
24e98b79-07ee-41b0-8828-ab4c1a2eb36a,ebbc7df0-770d-44f8-b0ff-c62f9006e40e,2024-12-02T10:16,9,76.23,Card,Completed
8dd23e04-bedb-4af6-883e-08fe7b791414,6f61ca8e-51a1-48e0-abfa-88326e713e34,2024-07-20T10:16,2,32.88,Online,Pending
1c4f7215-86a1-4a08-81ae-1fc6c41e04a3,49af098b-bf79-4643-8e49-739ea932d38b,2025-09-15T10:16,1,10.63,Card,Pending
23ef4deb-3a27-4f9a-86ec-a1dc2009fb44,b047b369-02d0-4f25-9af0-f1e883228863,2025-09-22T10:16,4,66.04,Cash,Cancelled
679ce3c2-7746-4b63-a230-8df08dc5b20d,6c3bf618-a715-40f9-9faa-cfc5f5beef2f,2024-11-01T10:16,6,55.32,Cash,Pending
c4513bc5-8766-436c-96c3-eb9ba0a789b2,0b2a0e9a-e050-4380-b607-57adcbbf59d4,2025-04-10T10:16,4,112.40,Online,Completed
764284b8-3174-4fea-9dbd-a1f98fbf9ff8,46032f36-69bc-465a-9b33-a5d560bfd77a,2025-02-06T10:16,2,42.18,Online,Cancelled
c1479c38-8cda-4020-b4ba-f5dde73a311b,e38afcd9-9e08-47ba-bc92-5ebb4bc271eb,2024-11-16T10:16,9,99.72,Cash,Cancelled
cd0e8831-1910-4f6a-89c6-c74d770efe5d,935ebde1-5945-4673-886e-1a7a12cc2d4e,2025-01-29T10:16,6,91.38,Card,Pending
cc401323-b197-40b4-b610-20af67cab946,c0d74d86-5c5b-481d-b8e3-61eeb9c77255,2025-09-08T10:16,8,50.80,Card,Cancelled
02cb388c-a41d-42d0-b904-899ae34b9b3b,e7991221-0de0-4ef8-aa9c-ca3b59197059,2024-02-16T10:16,7,201.32,Card,Pending
76d5bf97-d4b3-4c7a-a08a-90fd8fa20f4f,8250871a-2b35-424e-a1a1-4eb4faffabfb,2024-01-31T10:16,1,17.14,Card,Completed
89218e94-f62f-4e33-b050-686505b42db6,f067e21d-d1d4-4e87-9cae-9753f5f9ccb6,2024-07-24T10:16,6,59.52,Cash,Completed
7753906e-bd09-44db-a011-410b6f3b650e,a5ffc907-be77-43e6-8694-4a0bf09bd3fb,2025-10-20T10:16,1,20.86,Online,Completed
df21b35e-d04e-4566-80cc-5c9a336931d2,5f0f3def-9ff6-4282-ad04-001c4a769966,2025-08-16T10:16,6,151.92,Card,Completed
541dc435-9296-4c06-9d3c-e1014330bbc4,c1a09d60-c9e8-4489-a68e-e01b51541d33,2025-08-26T10:16,8,143.76,Online,Pending
1f52b9d6-d8cc-4fb1-890a-c2d097812029,f6c35464-33dd-44a7-bf84-071f2e427045,2024-03-19T10:16,5,126.95,Card,Completed
1b6fe43d-b371-4499-b0fa-7757da7f3aa6,795088d7-d227-422e-ad8c-f048bde0675e,2024-11-05T10:16,1,13.95,Card,Cancelled
09f01450-f35e-45a8-ab4b-78236210fed4,89d26a00-0fde-4c03-8430-b06f6bc3f33a,2024-06-04T10:16,9,71.64,Cash,Pending
06a76ed9-b0f7-438f-9ff5-5da3cef2316a,3dcaabe3-78c9-4d88-bed5-56ca7ceea07c,2024-12-15T10:16,2,45.74,Cash,Completed
338002aa-bf13-40f5-b438-521d45ebef53,cb8747c7-32ca-4b6b-868d-13ab01d953ec,2023-11-17T10:16,2,29.96,Cash,Completed
d48a41a3-1216-43ff-87e6-fd0417afbbd3,80537cf2-360f-4740-8b7e-d4cd56e22987,2025-10-24T10:16,3,73.71,Cash,Completed
b547a90f-553f-4f52-a006-1435a95af522,4717d2a3-4b2a-44f1-b960-a2b73e2d23fd,2024-05-25T10:16,1,5.41,Cash,Cancelled
1d9035f6-5ca6-4c5c-a583-dad17881fa1c,92da274a-bea2-490a-bb52-196c46fa8487,2024-04-23T10:16,5,52.70,Online,Pending
02fcf18b-e43f-4e7a-a78a-8891e756615d,6e551d53-4f6d-4b84-a9de-3d7c79694805,2024-01-14T10:16,2,40.06,Card,Pending
006b02af-f71b-4248-9611-4c2c6c1b5e2b,fbe227d7-6d32-4407-9783-7fdac983e55f,2025-03-06T10:16,1,16.87,Card,Pending
91de6eb7-5189-4b4a-8d5a-f9168b26ff2d,8113211c-bdc3-4bb0-94d9-3fd3871f3005,2024-11-22T10:16,1,16.64,Cash,Pending
fa47698c-d981-460a-a86c-a8803f236972,56a75a3e-a944-4147-8cba-f1024726993f,2025-01-17T10:16,4,76.04,Online,Completed
9907f91a-db45-4443-81f7-c6341fd67a32,73a2b03c-2dca-486e-8ebc-c4d6bb68a8c6,2024-04-20T10:16,3,31.62,Online,Pending
6ea1254d-a8da-4cf5-81e5-423b1f359339,02c65c06-56ad-4670-b8e2-10ab417c7154,2024-09-29T10:16,9,101.97,Online,Completed
a88a17f6-f475-4efa-aec6-32c11dce60d6,f0a6a958-e434-41bf-a830-dffa55a34db5,2025-09-16T10:16,4,24.08,Cash,Pending
9924210a-55c9-4b96-a93c-973bc4f1252c,7a2e5fa5-096b-4701-8ce6-7a3db39bf8eb,2025-07-16T10:16,3,59.94,Cash,Cancelled
37de61a5-4a62-40d1-8a5e-0f8c0a9e9330,7509850a-5062-4da9-aad6-bc5b9e363ef1,2024-01-14T10:16,4,35.48,Cash,Pending
1e5bd5f8-d080-48b4-93e7-3419a6009416,bf0de251-90d7-423c-8b31-48df1a89964f,2025-04-27T10:16,5,116.15,Card,Completed
3733c823-3289-444c-80a8-465f4a478a54,c46351bf-193f-49af-a5d6-456188837c3d,2023-12-19T10:16,6,63.84,Cash,Cancelled
5ce12bef-969b-4a37-8e0e-37f802668c05,60cd80b6-3967-4dae-b4df-adc7b5644971,2025-04-09T10:16,5,67.45,Card,Cancelled
a92e07ee-6592-4bed-b6d9-01f30cad41f1,93cdeef1-3fc3-4a63-a275-0ae87ae6b335,2024-07-11T10:16,6,48.72,Online,Completed
3445e035-3809-4e41-ba61-31101ccab348,cd50913f-8c99-4253-9134-0cf5fe5f300f,2025-09-20T10:16,9,212.13,Cash,Completed
0e3737ce-19b4-4200-9323-e3948fc43eac,5400d214-6176-40bf-88d2-3f53ed38bf69,2024-07-12T10:16,5,35.70,Online,Cancelled
c967a56d-20ed-41b4-97ab-d1283142c3fb,cb8747c7-32ca-4b6b-868d-13ab01d953ec,2025-03-13T10:16,5,139.65,Online,Completed
75fbbf1f-3887-4a5d-86de-de3d27745ca7,7a2e5fa5-096b-4701-8ce6-7a3db39bf8eb,2025-09-14T10:16,5,87.30,Cash,Completed
8cded5fc-b510-401d-9f59-6b7eca8daca1,8113211c-bdc3-4bb0-94d9-3fd3871f3005,2025-09-11T10:16,1,17.66,Online,Completed
4ade4ead-ca3c-4841-98b5-d04ae17fc65a,b6c26110-1b77-4777-8c79-c69ec19b66df,2024-05-25T10:16,6,73.86,Cash,Pending
626eb608-dd40-4967-b0d1-e1933a0ca7d7,8887df7e-682b-4d48-b18c-c1ddfa0aaa26,2025-09-14T10:16,9,213.12,Card,Cancelled
29d25864-0415-4b12-89e9-c9362679b50e,5400d214-6176-40bf-88d2-3f53ed38bf69,2025-02-11T10:16,6,76.56,Card,Pending
ea8c844c-1b2e-4120-8790-71454290b368,1eeb9c5f-5b7a-47af-b4f1-5a50d9d1089c,2025-03-04T10:16,4,91.56,Online,Cancelled
cc3bc558-3bd4-4236-b10d-d546d9e2cbdb,2ca088cd-c6c6-4e60-a1a4-d2990ee21b12,2025-03-11T10:16,5,119.25,Cash,Cancelled
1a30eae4-f2ae-4b4e-9ce0-5e86577f7213,e7991221-0de0-4ef8-aa9c-ca3b59197059,2025-04-16T10:16,1,23.31,Cash,Pending
621958ca-094a-40dd-bca2-4478a5cf258c,d7af10ce-45c9-4fc8-8dd8-b1c5491aad5f,2025-10-14T10:16,1,21.81,Card,Completed
dce2b960-12c2-4577-89ae-448897c6b87c,209e786b-2a61-4e52-a3b2-1cc98bcbf18c,2025-03-02T10:16,4,115.84,Cash,Cancelled
30bfda96-4803-40cb-9b6b-bdd164fd5db4,aac35608-9499-49c5-811a-a059e773c968,2025-01-15T10:16,7,93.59,Card,Completed
9432a886-8080-4223-85bf-3bc0d9ffecc6,26d032f1-9fe9-487a-987a-a8be14e1db05,2024-10-14T10:16,5,69.25,Cash,Pending
e7e1e9eb-5461-4863-ada6-3f75b8a2d127,2c6dafc9-06cc-4b3d-8b8d-12aae0644c58,2024-02-04T10:16,1,7.77,Card,Pending
3bcffe34-9c73-4a03-a2af-b53dabd07746,ceafdb2a-788d-48e0-acdd-bd533a2e7ab6,2025-01-24T10:16,9,60.21,Cash,Pending
fdb97a78-1a5c-40eb-a3d4-9c945139b970,8e1bbe6c-7b75-46dc-8ca1-0b1664cd6ae4,2024-04-28T10:16,1,11.75,Card,Cancelled
cbe17635-0006-456b-b602-13d6cfca82ec,05ccd8a5-ea5f-4353-bd1e-3022152b0685,2024-08-19T10:16,4,84.44,Card,Pending
eb511eaa-b230-475d-9e65-0331c32d61f9,99c406e7-092b-4eeb-bc08-56fc041c253d,2024-02-17T10:16,4,77.44,Online,Pending
2e10e8e4-11b7-4a80-8c62-1792d70d5b36,aac35608-9499-49c5-811a-a059e773c968,2023-12-30T10:16,6,149.16,Cash,Cancelled
94e225c5-e477-4fd3-b3df-e8db71be2d04,0a15d43b-8f6b-444a-bef2-ffbddfdbd16f,2023-11-13T10:16,1,10.27,Online,Completed
d920ed6c-4135-4818-b875-a022f512e242,401a6911-a31e-4892-adc1-56e3e1eb090a,2025-01-07T10:16,4,116.16,Cash,Completed
e136194e-8ae6-4f5f-b794-de9060588c0b,77ca464a-fe0d-4dcc-8f08-3eb2f7b64f76,2025-02-02T10:16,3,82.68,Online,Completed
4b11c5dd-2828-45bd-888a-5dffadaac161,ef7fad1f-a86f-4ee1-95b4-ce1f339f0fa5,2025-01-12T10:16,5,35.40,Cash,Cancelled
076ab222-c0b8-4722-a7bb-3d22a23f08b5,d33bbfcd-a2ca-4e80-8a1c-65223f061e7e,2024-04-15T10:16,6,89.58,Cash,Completed
facecb43-bad9-42da-ba21-bc9c7fb24804,6e551d53-4f6d-4b84-a9de-3d7c79694805,2023-12-11T10:16,6,167.70,Card,Cancelled
108516e0-c203-495d-811d-204ec1479cd5,f543de06-e341-4de2-95ab-ca0fd3ee51fe,2024-08-09T10:16,8,87.76,Card,Pending
58390296-dab2-43ad-a444-bee8d80728be,0dd437d0-74fa-43c3-8909-5c955e4d47dd,2024-07-09T10:16,2,23.36,Cash,Completed
4803449b-3603-4572-8847-4a8ac677f714,4739f27f-7a96-4d52-83ae-0c6fd4c8c606,2024-10-31T10:16,1,9.56,Online,Cancelled
68e50cec-4986-49f1-b8b5-6c300dfb7936,d33bbfcd-a2ca-4e80-8a1c-65223f061e7e,2025-07-17T10:16,1,11.28,Online,Cancelled
ae219296-7341-4626-aeea-3affc8e551bc,6945f6f4-b8f9-4d04-90ff-e59ed705578e,2025-07-15T10:16,1,7.78,Card,Cancelled
e8a7d9f9-498a-4724-af57-33807f2f5e5e,6f61ca8e-51a1-48e0-abfa-88326e713e34,2024-07-02T10:16,4,82.12,Card,Cancelled
9a3db8ad-2b09-4b0c-a8f0-c35e08f50231,60cd80b6-3967-4dae-b4df-adc7b5644971,2025-07-22T10:16,7,57.89,Cash,Completed
06bc8a09-83e8-461c-8818-85e7a0a97f0f,7a18d550-38d0-40b2-84a7-547162e7e409,2024-12-12T10:16,8,53.76,Cash,Completed
96770003-2d83-46e5-84dd-49901c5910bf,3e97fc93-73a7-45e0-9888-f7a03ee258a7,2025-03-07T10:16,8,200.72,Online,Completed
5bdf3c2c-6f1e-49a1-9c06-d052532a7b1f,77ca464a-fe0d-4dcc-8f08-3eb2f7b64f76,2025-07-18T10:16,2,37.88,Cash,Completed
7cd6c7ad-ba54-45e7-b749-36831e806867,1a31c678-d420-495a-aff3-0f1609514e1e,2023-12-11T10:16,6,136.74,Card,Completed
f4df2b0f-52c0-4ba1-b82e-54b0464d4114,10b26c2d-7d56-4175-84a8-a2775e128a9d,2023-12-13T10:16,6,62.16,Online,Completed
13fadb58-f5e4-4c4a-b310-3b72d38da898,726d71e2-70fd-4416-8568-78619c14a73a,2024-08-20T10:16,5,144.45,Cash,Cancelled
52946179-26a3-4c19-b200-f027c5528e2b,56a75a3e-a944-4147-8cba-f1024726993f,2023-12-31T10:16,1,19.18,Card,Completed
2c866f82-0317-4961-956d-6c3c086fad30,49af098b-bf79-4643-8e49-739ea932d38b,2024-06-24T10:16,2,30.30,Cash,Pending
50f89ed9-aab5-43e8-9fdb-72aaae4518db,52c87fd9-fdf0-4256-b929-6153ad24a0ac,2025-05-05T10:16,1,9.37,Card,Pending
3277b66e-9a0d-43c3-a033-fd04609846e6,74e76582-f1b8-4560-b049-8aebb59d4721,2025-07-12T10:16,5,92.05,Card,Completed
801fc202-c67c-4d41-8f52-3216f21540da,5400d214-6176-40bf-88d2-3f53ed38bf69,2025-08-15T10:16,9,66.42,Card,Pending
dd0ad6d3-a5a8-4e62-b9ec-8dcfa7ce489a,65b2c0ea-6192-47fc-9286-2c1dd3ecefb1,2025-08-31T10:16,7,203.00,Card,Completed
522c92bf-77dd-4260-b5e8-b3833c920858,7509850a-5062-4da9-aad6-bc5b9e363ef1,2025-02-05T10:16,4,60.32,Cash,Completed
e74624dc-8c3a-4252-be3b-d7167c7d5a2e,ba5d9947-b043-4aca-8ee0-6b77895cf8e8,2024-10-31T10:16,1,29.49,Online,Completed
5ce6d3ce-b937-4c27-9d23-499f8b5d428f,7509850a-5062-4da9-aad6-bc5b9e363ef1,2025-08-12T10:16,5,72.20,Card,Cancelled
b7a46c7f-3f61-492e-9f7b-e42950934ca4,02c65c06-56ad-4670-b8e2-10ab417c7154,2024-01-03T10:16,4,106.24,Card,Cancelled
4e439b26-d44f-498d-9342-9a7f7f535832,7c991f43-c18b-4404-8826-97691b0dc00c,2024-12-21T10:16,2,26.32,Online,Completed
c8d4baac-bbe6-458a-b9c5-d3d9a65629bd,92da274a-bea2-490a-bb52-196c46fa8487,2025-01-13T10:16,3,33.18,Online,Cancelled
cd7164b6-d172-404f-ac09-c58e40071883,e7991221-0de0-4ef8-aa9c-ca3b59197059,2024-01-01T10:16,1,27.02,Online,Cancelled
e52cd006-a1aa-454b-b756-28b2842b13e5,caca465c-e9f2-4add-91b5-24c70595e321,2025-10-31T10:16,6,116.58,Online,Cancelled
c83574b6-91f9-456c-8b5c-ae626aba2d2d,b3688304-b24b-416a-9bf4-c2b6aaeb59d3,2023-12-18T10:16,7,38.57,Online,Cancelled
e262f12c-4d87-497f-a4f2-82624c96b8a5,4e44f26d-5455-405b-8fdb-63ab8b739ecf,2024-09-16T10:16,8,76.16,Card,Cancelled
5eedc233-ce79-4d89-9273-54d58aab6c0d,cb8747c7-32ca-4b6b-868d-13ab01d953ec,2024-07-23T10:16,7,49.91,Card,Pending
122fd6c8-8358-42f7-a1b2-d00313a8b5f0,dcfb3d05-846d-4915-99f3-ebbc7559d972,2025-01-12T10:16,4,26.00,Cash,Completed
679acc53-e9d6-4f06-83ef-aab13d781593,0df3bae1-6384-4856-aa27-aef9f6c48b75,2024-12-17T10:16,8,85.12,Card,Completed
d968d108-1bb8-4c7e-8244-07303bba2803,500fde18-ea61-4380-9ea4-f06d09985870,2025-06-03T10:16,5,47.65,Online,Pending
94d6c726-e3f4-43a9-bef2-649fef62956e,ebe19120-496a-47fa-87eb-2440212a3363,2025-07-09T10:16,3,62.97,Card,Completed
a150176a-2720-4e99-9e9e-69bd694349bf,c63bd277-c81c-40c5-8720-6ce916d653c4,2025-02-24T10:16,2,54.80,Cash,Pending
a1918cf4-e9c0-40b8-9b33-3cd8cccaa861,0d463f72-c3a1-4a2b-8d0d-1721a0d1a06b,2024-12-01T10:16,1,13.78,Card,Completed
97e21dce-829c-428d-a522-66ab43675da0,209e786b-2a61-4e52-a3b2-1cc98bcbf18c,2025-06-29T10:16,6,126.96,Cash,Pending
c72ac303-ae99-4932-9c12-9f88c1411938,92da274a-bea2-490a-bb52-196c46fa8487,2024-04-14T10:16,3,42.51,Card,Completed
223168c3-f5ca-40c3-ab10-ee9ce8df8f3b,8113211c-bdc3-4bb0-94d9-3fd3871f3005,2025-01-19T10:16,6,107.34,Online,Completed
b35e6a6c-0d0a-4d52-a9da-ec9aa401edef,7c991f43-c18b-4404-8826-97691b0dc00c,2025-08-24T10:16,6,110.64,Cash,Pending
ec659428-2c54-4f0e-a046-f06cc5161927,a3f626b9-cc27-4c04-8570-be79ab8bda4a,2025-05-14T10:16,7,81.13,Online,Completed
757d1a43-0556-4756-a53e-06b9181e2be0,49af098b-bf79-4643-8e49-739ea932d38b,2025-11-04T10:16,7,143.08,Card,Pending
65a6b20d-eb02-4bec-832d-b05249a65e20,9fa382f0-8393-48db-ad30-43c953282401,2024-10-14T10:16,7,87.36,Card,Cancelled
cddbdb3d-295a-45d0-9505-a4129f9fdf3f,8e1bbe6c-7b75-46dc-8ca1-0b1664cd6ae4,2025-01-05T10:16,8,235.12,Online,Cancelled
a6914951-1a30-46be-a88f-9abff4a87e29,1a48aa9a-def3-481d-922a-94300aa97309,2024-06-29T10:16,1,5.95,Cash,Pending
174f15e4-fe88-4d20-8e71-ee5b05a15e89,98b17fed-218c-4f20-8410-9f0edfc74455,2025-04-14T10:16,5,53.90,Online,Completed
866767c7-b28f-4f81-96ce-a37a224dec01,3befa4dc-d961-4a3a-9410-d43d1bdaa335,2023-11-19T10:16,6,103.14,Card,Completed
b7d7471c-cbd4-43de-8e22-14c08c088e0f,caad7924-4bc5-4f85-9662-11ca261e3c87,2025-11-06T10:16,6,50.34,Card,Cancelled
458c8aa5-2d95-491a-b819-81da17e07492,1233cc27-7567-48e0-8dd2-6b0019506c2f,2024-10-27T10:16,8,198.88,Online,Pending
a237069c-8d91-4832-9e6e-f5a3a5a68558,0fcf4084-ea31-49f8-99f9-9bf8c8b0c16b,2023-12-01T10:16,1,5.39,Online,Completed
7c622e05-cf36-44f1-9ed5-751cd70a0e4d,d5cfb1a3-ce2f-4aff-ab4c-50e0c5426af1,2024-09-27T10:16,9,100.62,Cash,Cancelled
c9a70367-f8cc-41b0-a90c-f55554a22d88,fdb5454e-2230-489e-ade4-9218ff28cbd8,2025-01-31T10:16,8,160.56,Cash,Cancelled
583a7099-ed31-4a67-a059-18e5d46cadbb,d87f31d7-79ef-4c17-856e-142e791b04da,2024-11-22T10:16,8,53.60,Online,Pending
a023b9f5-f3e4-46f3-9b68-6da2b888748a,4e6807ca-aed8-4ec9-b1b0-0e3aba57efb1,2024-03-16T10:16,4,78.72,Online,Pending
9ad44c87-fc20-48a4-af1a-f9ea342a28a1,935ebde1-5945-4673-886e-1a7a12cc2d4e,2025-07-16T10:16,4,79.16,Online,Pending
84a902de-2279-4158-8674-286ad9c8821e,73a2b03c-2dca-486e-8ebc-c4d6bb68a8c6,2023-12-12T10:16,2,54.98,Online,Completed
ac95d4be-7d6e-41ba-9aec-7337ea278412,36b880b0-e9bd-4c0b-8f1c-32018f6c758a,2025-04-18T10:16,9,124.11,Cash,Pending
95995750-da5b-47ec-8f62-fe9539b3d50f,68169a66-a8d4-4763-914e-7befc826445b,2024-03-12T10:16,2,34.46,Cash,Pending
130a8688-416d-48e3-b47e-5b141f93cfcc,ff4db0d8-e809-46e8-9ae0-78ffee4902d9,2024-03-17T10:16,2,24.26,Card,Cancelled
7b42e5c2-053b-4a82-afea-2803d1eb01e9,8e1bbe6c-7b75-46dc-8ca1-0b1664cd6ae4,2023-11-20T10:16,8,89.60,Cash,Completed
a5b7e1c6-a91a-43fd-8f16-3b047eecc2d1,69446e90-4237-4410-ab55-e011eb04cce0,2024-02-13T10:16,9,95.76,Online,Pending
a29dbf41-835e-4242-8366-f5908cb72a99,365c90d0-a590-4209-9401-2ce55af5ed98,2024-10-25T10:16,9,117.00,Card,Pending
1c29271b-5d94-4898-964a-c79f2242ea0c,c5817fdc-a4dc-4879-b957-30cfda62016b,2025-05-16T10:16,1,6.74,Cash,Cancelled
192dd857-0078-49df-bbdd-da810082ee8d,0df3bae1-6384-4856-aa27-aef9f6c48b75,2025-10-08T10:16,5,52.35,Online,Cancelled
857748f9-2f4f-4012-9701-dcc323da3d8c,c83bba2f-5229-4998-9566-1f3179b13e8a,2024-04-27T10:16,7,135.03,Online,Cancelled
10e99c62-b97f-4973-8ea7-59dedb3dda72,1a48aa9a-def3-481d-922a-94300aa97309,2024-07-12T10:16,6,143.34,Cash,Cancelled
fbc39b4c-2480-4138-b0ba-4629e4e25b6d,c5817fdc-a4dc-4879-b957-30cfda62016b,2023-11-17T10:16,2,23.38,Card,Cancelled
bebd24dd-8d45-4667-82db-75a141ca7a2f,0fcf4084-ea31-49f8-99f9-9bf8c8b0c16b,2024-06-17T10:16,8,203.44,Card,Completed
2854be2a-d9ce-4e7c-91df-fde105d5c65b,b047b369-02d0-4f25-9af0-f1e883228863,2025-03-07T10:16,3,52.41,Card,Pending
411f5cbb-1f80-4fca-915e-a6d22fffcbcd,0a5a9fc7-e126-48f0-99aa-dea85c606f66,2025-02-01T10:16,3,64.23,Card,Completed
69b8db31-437e-41e5-a27f-a78b5b765d98,c3ffc43c-0c11-40fa-9824-f234161741d0,2025-09-08T10:16,1,27.21,Card,Pending
bf671f7f-0b9d-4899-8f9f-bd176fe4e5b6,05ccd8a5-ea5f-4353-bd1e-3022152b0685,2024-06-11T10:16,6,148.98,Online,Cancelled
fed183a4-e7ff-4f8a-8f7f-47b9ac6380ba,3910ab11-8758-4a4f-8a9b-c4f5df7413c4,2025-09-15T10:16,7,147.14,Online,Cancelled
47f6798d-e11f-4e6f-949e-9127c13ef05c,ebbc7df0-770d-44f8-b0ff-c62f9006e40e,2025-01-25T10:16,3,31.68,Online,Completed
e980fc9f-1ac2-4ed9-aaa7-b47aaf0258c1,c46351bf-193f-49af-a5d6-456188837c3d,2024-06-04T10:16,5,30.75,Online,Pending
2e091149-8a46-47ca-9a78-9b085e7b3eca,5d6f84a5-a4de-442e-99b9-b8ef714b4436,2024-05-16T10:16,1,29.50,Cash,Pending
5ae9c612-d4bd-4c80-a388-29308767f56c,3e97fc93-73a7-45e0-9888-f7a03ee258a7,2024-06-09T10:16,6,126.12,Online,Pending
a11a68b7-9dd4-4d41-ba0d-00fadc041c3a,209e786b-2a61-4e52-a3b2-1cc98bcbf18c,2024-11-02T10:16,3,45.39,Card,Pending
1cc6c957-2fb2-42fd-b7c8-2c61f8c86a33,7509850a-5062-4da9-aad6-bc5b9e363ef1,2024-11-13T10:16,5,120.50,Online,Completed
1018b18e-09ea-4656-b672-8a0b0a18d458,b014b56e-3263-4b63-8430-46e00bc5ea77,2023-11-19T10:16,8,192.96,Card,Cancelled
858e1dc3-5d5b-4c7a-ac84-4ba7d3f8f393,8f7f530b-bb30-4a05-b437-744ed30af54f,2025-09-24T10:16,8,67.52,Cash,Completed
bb4ffaa3-5093-4af6-8379-4cef1f5f8bac,d87f31d7-79ef-4c17-856e-142e791b04da,2024-06-04T10:16,7,141.19,Online,Cancelled
981ac906-a12a-4057-b03c-6fc045173cce,1eeb9c5f-5b7a-47af-b4f1-5a50d9d1089c,2023-12-22T10:16,7,206.43,Online,Cancelled
0a0afcf5-9e54-4684-8391-b5159420af46,fe624323-ba72-456d-9842-ed9e0edc75df,2024-12-14T10:16,9,154.35,Card,Completed
110fc15a-bf4e-475a-b13b-72da6321ed68,ceafdb2a-788d-48e0-acdd-bd533a2e7ab6,2025-09-12T10:16,1,22.54,Online,Pending
5ef5ed05-fe3e-4bb6-bf40-052f49eb1c9e,b6c26110-1b77-4777-8c79-c69ec19b66df,2025-10-12T10:16,4,43.52,Cash,Pending
dce1aec7-f256-4218-ac50-83ece1b3c8f2,9b9edd1e-b4f7-414c-b8b5-a3dc51fa0a8c,2023-12-18T10:16,8,189.04,Cash,Completed
0b62f457-7827-4298-a51f-94a26dd9c3d4,bb6bf39c-f455-4e08-a59e-1bdaaa91d4aa,2025-09-19T10:16,5,98.10,Cash,Pending
dcfeb7b4-e5b2-4907-848f-5c17a5aaefef,4e6807ca-aed8-4ec9-b1b0-0e3aba57efb1,2025-05-25T10:16,2,40.06,Online,Completed
79d6c124-1e07-4af9-b65a-cfb91a290f54,fdb5454e-2230-489e-ade4-9218ff28cbd8,2025-02-04T10:16,1,25.34,Card,Cancelled
36cbce1c-408b-4199-805a-cd18de7f4252,bb6bf39c-f455-4e08-a59e-1bdaaa91d4aa,2025-03-01T10:16,4,102.08,Card,Pending
18bf2c82-3252-4bb0-b430-4ace0ee66a1f,0dd437d0-74fa-43c3-8909-5c955e4d47dd,2024-06-02T10:16,6,156.72,Card,Completed
5647584d-7efd-4325-9a33-86ab81a54799,7509850a-5062-4da9-aad6-bc5b9e363ef1,2025-02-01T10:16,2,12.38,Cash,Completed
0380731a-b45d-44cd-972f-cbec4572f95f,209e786b-2a61-4e52-a3b2-1cc98bcbf18c,2024-03-23T10:16,6,93.60,Card,Cancelled
4c113216-aad0-4068-8185-c73d0a4fa21c,10b26c2d-7d56-4175-84a8-a2775e128a9d,2024-01-29T10:16,4,31.20,Online,Completed
5d95b2e8-d7f8-46e5-bc88-849255e637cf,5d6f84a5-a4de-442e-99b9-b8ef714b4436,2024-01-28T10:16,9,135.09,Card,Cancelled
ef1aed53-68ae-44f5-8394-dd1906d7764e,365c90d0-a590-4209-9401-2ce55af5ed98,2025-03-29T10:16,7,163.45,Card,Pending
c58b62f0-e9ac-488f-a865-1a60f4a79b59,5400d214-6176-40bf-88d2-3f53ed38bf69,2024-11-28T10:16,5,131.00,Cash,Cancelled
159a7f60-41d2-4ddd-a85e-a4ed682efd06,885715b6-b1eb-44ca-8460-28c0343e56f3,2024-07-13T10:16,4,102.68,Online,Cancelled
31e277fc-8a5a-4aa9-b73e-e69a65a05e91,1a48aa9a-def3-481d-922a-94300aa97309,2024-08-17T10:16,3,51.78,Cash,Pending
df5a6a7d-05b6-4274-8e6e-70fd965864ee,3dcaabe3-78c9-4d88-bed5-56ca7ceea07c,2024-04-11T10:16,6,170.70,Card,Completed
70df79a3-be3e-4072-b8bb-6206bccfd335,6945f6f4-b8f9-4d04-90ff-e59ed705578e,2024-03-31T10:16,2,34.64,Online,Pending
6730ee51-31b9-4c99-aafc-8d02bf0c91b3,69446e90-4237-4410-ab55-e011eb04cce0,2025-05-31T10:16,8,51.60,Online,Completed
413a6fdc-da18-4a48-bca6-4225000d9b81,8b115a34-224b-453c-be69-b53a7445b466,2024-07-24T10:16,4,25.88,Card,Pending
dbec6873-bdca-4997-ba14-2d0777877749,52fbb114-83aa-432d-b2f1-f3e37a5c4754,2024-11-18T10:16,1,18.78,Card,Cancelled
059c61ab-ae44-4cfe-8351-224a2c0ac7ea,5f6e51da-5f01-4c9a-85dd-7d50ef37e5d7,2025-05-15T10:16,6,69.36,Cash,Completed
811b88a3-605e-45e3-bf32-80e80857c780,63846b60-b7be-4087-ac6e-56c9bc130a20,2024-04-24T10:16,1,13.39,Card,Completed
91bc2a5a-7879-4ca1-a131-d3cf4e0d7c96,8b546c63-5406-493d-bc69-cfb594b38267,2024-04-10T10:16,5,57.35,Card,Completed
d475a147-29b8-491d-9623-c4dfe63f1b27,59827b2a-ae17-44b1-bd6f-6f08718559cb,2025-02-20T10:16,8,224.56,Online,Pending
3f11d903-5210-41d2-b02f-e669f169b04a,4bb2d776-14c0-4ef6-b8ba-c580cbed72b8,2023-11-27T10:16,4,107.16,Card,Pending
45b062ab-8c86-4c83-abeb-cf6b3ca94496,2a109685-1399-4149-8951-fba29bb0360d,2024-04-10T10:16,4,113.08,Online,Cancelled
7149cc31-08b0-41ce-90d9-7515dde77afc,8f7f530b-bb30-4a05-b437-744ed30af54f,2024-05-19T10:16,4,33.72,Online,Cancelled
21ef3e2e-93c0-4c6c-b0cd-dc0e9e5fa751,4e44f26d-5455-405b-8fdb-63ab8b739ecf,2023-11-21T10:16,5,29.10,Cash,Cancelled
e3f4eace-1f78-4660-a5eb-84080856e1c3,b90a3a7f-421e-47e5-8598-fe50f365a62e,2024-01-26T10:16,4,78.64,Card,Pending
c213a6d9-82bd-454c-8554-213618fb3a39,b04ce307-2d1f-4214-b023-d8f4379041a1,2025-07-23T10:16,1,18.09,Online,Pending
493011bc-a773-4843-a8a4-422c231d53db,93cdeef1-3fc3-4a63-a275-0ae87ae6b335,2024-10-26T10:16,2,17.58,Online,Cancelled
eea8a1cb-c8af-47d8-8195-33c18fd18a08,21edfc22-3f73-4335-a774-3cf78ab65e86,2025-05-17T10:16,3,79.32,Online,Completed
bab6545f-4fb8-4748-a072-27441d87e071,7a2e5fa5-096b-4701-8ce6-7a3db39bf8eb,2024-09-25T10:16,7,61.60,Cash,Completed
5e02e7ca-1e47-425d-b0e1-70ccb946940a,0b2a0e9a-e050-4380-b607-57adcbbf59d4,2025-09-09T10:16,6,137.88,Online,Completed
f3d01c9e-3b4f-4750-a8f2-61208fb2ffb8,bb6ceda0-3f7a-4dfa-9862-41a88dd468b2,2024-02-13T10:16,9,193.95,Cash,Completed
2a2f9ba6-747e-4a38-8026-505bd292a3d8,4b14a58c-f1e4-40b6-888d-a88cd7055099,2025-04-04T10:16,1,27.61,Online,Pending
c916d4b4-eb98-4606-b02d-bd69e10001ea,515fe1d2-d33a-4b9d-8c19-07e0cbe81a9a,2024-03-22T10:16,6,83.82,Cash,Completed
c63cf0e9-88e8-422d-82e6-8a3df89bfeee,8f7f530b-bb30-4a05-b437-744ed30af54f,2025-07-02T10:16,2,42.06,Online,Pending
148d0678-3d46-4e24-871d-f9f94a9b085b,11526850-7335-463f-b740-a52a90457c3b,2024-03-14T10:16,1,29.70,Online,Pending
472228a3-0698-4f98-b7c9-32a80bbe0c56,ebe19120-496a-47fa-87eb-2440212a3363,2024-06-10T10:16,4,42.16,Online,Cancelled
6cd5db6d-d2d4-4278-88e6-91fa8f92226e,058b9c75-b72f-4594-80d2-e41194ff7672,2024-04-18T10:16,2,42.70,Card,Cancelled
16f4a4a3-3855-4004-a32f-ad47f035a13e,428424b7-1f94-496a-8b7a-497ce177d32c,2024-01-23T10:16,9,261.63,Online,Cancelled
79015bf4-1342-40e0-9db2-1b9864586cc8,953417c6-cd52-45e9-9ca0-bb450653c934,2024-01-24T10:16,6,93.66,Cash,Cancelled
bd647fa9-6437-4f5f-8983-1bee638d9393,ada8704c-2784-4d70-84da-10078407d2c8,2025-07-17T10:16,1,7.85,Card,Completed
ca1379b8-4c2c-4ae0-b005-8bf31b0ae263,26d032f1-9fe9-487a-987a-a8be14e1db05,2024-01-03T10:16,7,165.83,Online,Cancelled
ecf4da32-4c2c-4a0a-bf24-9c9cd02680cc,fbe227d7-6d32-4407-9783-7fdac983e55f,2025-10-01T10:16,2,44.26,Card,Cancelled
373ddf97-4595-42c2-a66e-36d5bc5cf8e9,3dcaabe3-78c9-4d88-bed5-56ca7ceea07c,2024-07-26T10:16,8,169.28,Online,Pending
fa43c04c-54c6-40ca-aa55-6b79102be7a7,06e585f0-5b60-4900-81d1-3379328e6c17,2023-12-12T10:16,4,83.20,Online,Completed
537883a8-38fe-4f20-93d8-552c278d0e57,99c406e7-092b-4eeb-bc08-56fc041c253d,2025-05-19T10:16,6,161.94,Online,Cancelled
b00b42b3-8d10-4452-b3e0-67d0a9fd20a0,a3f626b9-cc27-4c04-8570-be79ab8bda4a,2025-06-10T10:16,4,55.40,Card,Completed
2a60f020-e5e2-45ca-8c04-98752e00b137,fbe227d7-6d32-4407-9783-7fdac983e55f,2025-01-15T10:16,7,209.93,Online,Completed
2e714ff9-0542-409e-bd7b-9367fc8bbc28,0a15d43b-8f6b-444a-bef2-ffbddfdbd16f,2025-09-21T10:16,1,13.23,Cash,Cancelled
247adad8-cb1b-437b-97e6-e9707bdd489e,65b2c0ea-6192-47fc-9286-2c1dd3ecefb1,2025-09-13T10:16,7,99.96,Card,Pending
bb11c7ab-0e7a-49ea-8f46-7acb6b672df3,0dd437d0-74fa-43c3-8909-5c955e4d47dd,2025-03-12T10:16,8,87.68,Cash,Completed
06433522-90af-40f2-a739-6ae4193ceff1,a302a1a8-c429-406f-abff-9f273aa0a4b5,2024-08-26T10:16,1,8.81,Online,Pending
a6542da6-632d-4130-afed-74f4df2640c8,4bb2d776-14c0-4ef6-b8ba-c580cbed72b8,2024-05-29T10:16,7,41.02,Cash,Pending
c0eaa9e9-2624-45ca-af7f-8b82ec2e74d0,5d6f84a5-a4de-442e-99b9-b8ef714b4436,2024-04-01T10:16,5,28.65,Online,Cancelled
4fde0064-8fcc-4c71-ab2f-8e1a91beaafe,fdb5454e-2230-489e-ade4-9218ff28cbd8,2025-09-09T10:16,4,118.88,Online,Completed
41aa237e-facd-4969-b7e9-8a03ca4de727,62a2bfef-ca4a-4dec-90ea-bf15ea1880d2,2025-03-08T10:16,2,47.66,Online,Completed
b0648e72-824d-4b0f-870d-acb1af63683f,910b1d47-5c37-48b1-8bde-96c60660f1d7,2024-08-07T10:16,5,75.75,Cash,Cancelled
8d9adb57-679d-4d67-8b74-986e30605953,0a0ac3e5-6e20-4fbc-87ec-5481c70e38bc,2023-12-12T10:16,4,93.04,Online,Pending
d48c8c14-618e-4cf1-8406-ce7f4d93b806,10b26c2d-7d56-4175-84a8-a2775e128a9d,2024-04-13T10:16,2,12.80,Online,Pending
c1b1bd75-8997-4b72-81d8-246143a0db3d,b3688304-b24b-416a-9bf4-c2b6aaeb59d3,2025-10-04T10:16,2,55.50,Cash,Cancelled
40757a9b-6bf8-4351-8a5e-038c00c157ca,0a5a9fc7-e126-48f0-99aa-dea85c606f66,2024-03-19T10:16,4,114.36,Online,Pending
cc36a29e-54ba-4684-b396-f725058246cd,f90cf3ca-e2d0-4129-bc7a-e8a2b80880da,2025-06-10T10:16,2,12.98,Online,Cancelled
b9390fc3-c00b-46bb-8ccb-e299c3b6689b,401a6911-a31e-4892-adc1-56e3e1eb090a,2025-03-06T10:16,2,34.92,Card,Pending
61debd1e-0426-46d9-9dc3-a9d94eeee89c,b047b369-02d0-4f25-9af0-f1e883228863,2025-07-01T10:16,8,90.96,Card,Completed
daf821ae-740e-44a5-be07-5f2667d804a0,c3ffc43c-0c11-40fa-9824-f234161741d0,2024-01-10T10:16,5,53.70,Cash,Cancelled
9ba401dd-1d78-4155-a6c4-168f02448353,b03f75c1-655f-4480-a2bf-1a0af806e96e,2024-05-31T10:16,1,22.98,Cash,Pending
315b2004-cc6b-49ca-b7f2-1c7e57fbc48b,cb8747c7-32ca-4b6b-868d-13ab01d953ec,2025-02-06T10:16,4,113.00,Online,Completed
9c8bf0d3-bd8f-4c75-ba8e-88e6f2583d86,a3f626b9-cc27-4c04-8570-be79ab8bda4a,2023-11-30T10:16,5,133.70,Online,Completed
cc215411-eb9b-42f6-95c6-2057ef99618d,ba5d9947-b043-4aca-8ee0-6b77895cf8e8,2025-06-03T10:16,4,57.28,Cash,Pending
d1109830-de72-4777-9ccb-cd13dc73acba,8250871a-2b35-424e-a1a1-4eb4faffabfb,2025-07-05T10:16,4,97.84,Card,Cancelled
acfe073b-c507-4efe-90b1-5a56e5d4ebb0,c9dcc28a-ae5f-477c-ae7e-72d94129f449,2025-02-24T10:16,1,9.16,Online,Pending
fe904491-75ad-4988-a9c6-f0b8268e34fd,ecf1ffb0-ac00-4968-87ea-8beef4ace55a,2024-06-26T10:16,3,62.43,Cash,Cancelled
60cf5bef-52d9-420b-85a7-2a82ce5d1986,bc58b12c-65c4-4f21-89ef-3e492a22ef7c,2024-09-08T10:16,5,103.55,Cash,Cancelled
05218792-0af7-4177-9b99-5f5c35a2239d,7a18d550-38d0-40b2-84a7-547162e7e409,2025-01-31T10:16,9,255.24,Card,Completed
5cb6bcee-4f81-439f-a122-c12ca962127e,c5817fdc-a4dc-4879-b957-30cfda62016b,2024-08-24T10:16,6,91.92,Online,Completed
dfad0e81-93d7-4052-a34a-4d3b9e0ef787,000f9c8f-2fc7-4346-844d-c04f10751265,2024-09-01T10:16,7,104.23,Card,Cancelled
39882329-3965-4a11-b634-5a2c4f930552,ff4db0d8-e809-46e8-9ae0-78ffee4902d9,2024-04-06T10:16,6,132.96,Cash,Cancelled
7b772f4a-5c70-4f41-990a-98851536d303,726d71e2-70fd-4416-8568-78619c14a73a,2024-06-14T10:16,2,21.06,Online,Completed
c35740b6-f5e4-4b60-8ee0-44457268e352,365c90d0-a590-4209-9401-2ce55af5ed98,2024-05-14T10:16,9,180.72,Online,Pending
7637b516-6128-45bf-a30f-9e545d77d240,8887df7e-682b-4d48-b18c-c1ddfa0aaa26,2024-07-28T10:16,1,17.02,Cash,Pending
ec8fad68-00a4-420e-97ba-387b97408b0e,4e44f26d-5455-405b-8fdb-63ab8b739ecf,2024-04-16T10:16,8,84.48,Online,Cancelled
e9c1ad27-6f37-475d-8774-c4e7c900206d,cb8747c7-32ca-4b6b-868d-13ab01d953ec,2024-02-29T10:16,6,176.10,Cash,Cancelled
630ca675-9d22-4810-801f-ea0790d14652,1233cc27-7567-48e0-8dd2-6b0019506c2f,2025-06-08T10:16,8,61.20,Online,Cancelled
d3672686-7cc3-4b2e-a61b-fbdc6d491900,3befa4dc-d961-4a3a-9410-d43d1bdaa335,2024-07-04T10:16,3,17.76,Cash,Pending
1deaddbd-2683-4a6c-a9b4-784d181f425a,f543de06-e341-4de2-95ab-ca0fd3ee51fe,2025-09-30T10:16,5,94.45,Cash,Pending
cc9c64ed-cc98-4766-89e4-a3458e9fcac4,0d463f72-c3a1-4a2b-8d0d-1721a0d1a06b,2024-10-24T10:16,5,27.55,Cash,Pending
d5e573a5-08c9-42da-91be-fd574ae290fd,39cb44e2-a541-4b98-bc0b-db5f31cf8710,2025-05-24T10:16,5,100.95,Online,Completed
21834bff-bf98-4a1c-8f6d-bca102ddd04d,500fde18-ea61-4380-9ea4-f06d09985870,2024-07-26T10:16,2,59.26,Cash,Pending
416e50f1-d491-4c3c-be97-36d1f0163736,9305d562-2505-493d-8ed8-3fb721c8f491,2025-01-16T10:16,1,5.76,Cash,Cancelled
9d7003df-5344-40c9-bede-fa0175603155,3910ab11-8758-4a4f-8a9b-c4f5df7413c4,2025-01-26T10:16,4,83.00,Online,Completed
ff2af769-1b2a-4725-9549-107e9599cb75,d3f641e5-b8b5-4f5f-9155-7768df2033e8,2024-05-11T10:16,4,66.84,Card,Pending
ad5189f3-d56e-4a9b-933f-ea3436298466,c83bba2f-5229-4998-9566-1f3179b13e8a,2025-07-01T10:16,5,64.00,Online,Cancelled
08905be3-468a-4dea-b635-9d4f001bc345,23650eb4-f98d-45a3-a90b-a378f03d469d,2025-02-10T10:16,3,50.64,Online,Cancelled
e2f84067-4431-4f2a-8b80-d47f483036b5,d6d4ef4b-0870-48aa-b884-013237f255f4,2024-05-09T10:16,3,63.51,Card,Cancelled
d4e450d0-2921-4026-8704-bee97b523cfa,e6cb1215-5314-4d05-bfd1-f6e5d36e89f7,2025-09-25T10:16,4,69.96,Cash,Cancelled
5c29d033-0683-4214-8af4-0196b7f763db,401a6911-a31e-4892-adc1-56e3e1eb090a,2025-06-13T10:16,7,198.31,Online,Pending
6e303e7a-c915-44f8-a260-2db92accaf37,000f9c8f-2fc7-4346-844d-c04f10751265,2025-03-29T10:16,3,54.33,Online,Completed
f030c15d-3c0f-41ee-85e2-1d784a88bc4f,71f17b36-2c37-4cfa-bf8a-894fa94c0e9b,2023-12-26T10:16,1,24.33,Online,Completed
6cd4723f-6781-4553-a060-38eef755a336,4e44f26d-5455-405b-8fdb-63ab8b739ecf,2023-11-19T10:16,2,30.34,Card,Completed
723d2ec7-f43a-4476-b25d-564eb46414f0,92da274a-bea2-490a-bb52-196c46fa8487,2025-09-15T10:16,3,89.43,Card,Cancelled
409c0405-db2d-4c1e-a0b3-f6f17496b8f1,7c991f43-c18b-4404-8826-97691b0dc00c,2024-10-04T10:16,2,56.88,Card,Completed
fef3b292-1729-47e7-b175-3406bfea4bbc,f067e21d-d1d4-4e87-9cae-9753f5f9ccb6,2024-08-20T10:16,6,77.04,Online,Cancelled
d8346c87-d854-4b65-aa57-e44aabe47880,27e45431-1333-4ffd-a0c8-be56ffdc5d4e,2024-09-09T10:16,9,147.51,Card,Cancelled
730bfbb0-c04d-416a-9f13-a8a9a69918fa,14eace30-1ac2-411e-8eef-98e8f32a87fb,2024-02-06T10:16,7,84.28,Online,Completed
c2220376-c3fb-4cff-bdc5-91e49df584bd,c5817fdc-a4dc-4879-b957-30cfda62016b,2025-07-12T10:16,7,116.97,Cash,Cancelled
643d40f1-70a3-41cb-affc-63f9e2e23044,ebe19120-496a-47fa-87eb-2440212a3363,2025-09-29T10:16,5,135.10,Online,Pending
14c67e2a-d2ca-452e-8776-b6b814b6c1be,f067e21d-d1d4-4e87-9cae-9753f5f9ccb6,2023-11-23T10:16,6,81.72,Cash,Cancelled
df219930-dfd2-4719-8483-642714c64045,e12c3d24-86c8-474f-b86b-370df36adbfe,2024-10-15T10:16,6,61.92,Cash,Completed
4d284d2a-b6c8-4392-8462-6346bf858416,26d032f1-9fe9-487a-987a-a8be14e1db05,2025-01-13T10:16,6,79.86,Online,Pending
d05c6c5d-f378-40fb-96ff-31058ecb9d0c,1eeb9c5f-5b7a-47af-b4f1-5a50d9d1089c,2024-09-22T10:16,3,85.95,Online,Completed
dbcaa89a-1584-4988-90f3-d1f009027513,8b115a34-224b-453c-be69-b53a7445b466,2024-04-23T10:16,7,72.80,Card,Pending
c85ee00c-cce0-4383-9928-5cbb8117fa72,aac35608-9499-49c5-811a-a059e773c968,2024-02-29T10:16,2,54.50,Cash,Pending
d63759bd-b783-4508-ad53-8acd28e6b382,e85d0261-2d97-4475-a749-363ec9040a74,2024-02-07T10:16,5,77.40,Card,Pending
0cf5746e-a89a-4b1d-8d21-d6be1c0d0274,7d2df59f-386d-4aec-85a8-2443262a0cb4,2024-07-17T10:16,5,87.00,Online,Pending
f2c89263-3565-425f-a681-60f31afb6b1d,5eb75bc0-d5fa-4209-9d42-7767f3f0585b,2024-03-31T10:16,5,145.75,Cash,Pending
acecf760-9ca6-42fd-8c23-b7e831b30685,4e6807ca-aed8-4ec9-b1b0-0e3aba57efb1,2025-02-24T10:16,7,45.43,Card,Completed
be5dd954-3e59-408d-844f-f599d24a3cb6,ada8704c-2784-4d70-84da-10078407d2c8,2025-09-30T10:16,8,230.08,Card,Cancelled
d3bdc791-bfe0-4da2-a89d-8922eeca5b6b,6c3bf618-a715-40f9-9faa-cfc5f5beef2f,2025-08-17T10:16,4,115.40,Online,Cancelled
f24db581-6cfa-49d9-8a79-0ea32e510038,02c65c06-56ad-4670-b8e2-10ab417c7154,2025-03-21T10:16,9,264.24,Online,Cancelled
5e52a01a-38a1-4774-b4db-56a97a66af7a,b90a3a7f-421e-47e5-8598-fe50f365a62e,2024-01-27T10:16,1,29.07,Online,Cancelled
6bf28c9d-e2ef-4862-ba65-d15382937ffb,5400d214-6176-40bf-88d2-3f53ed38bf69,2025-08-09T10:16,2,15.92,Card,Pending
db949539-3e42-4ca1-996f-286d125cae3a,c46351bf-193f-49af-a5d6-456188837c3d,2025-05-06T10:16,1,17.24,Cash,Completed
9bd37c8c-5f54-4333-a5d2-48df0099caf5,c9dcc28a-ae5f-477c-ae7e-72d94129f449,2025-11-09T10:16,2,32.36,Card,Cancelled
b1c4e271-4112-433d-8871-ea48bace8d2e,caca465c-e9f2-4add-91b5-24c70595e321,2024-07-07T10:16,8,50.88,Online,Completed
3b1f3316-7118-4126-9ce3-0c6cce416319,fe624323-ba72-456d-9842-ed9e0edc75df,2025-01-17T10:16,5,43.05,Card,Completed
d2a06507-fa72-4d89-b8ec-da91c86b418a,cd50913f-8c99-4253-9134-0cf5fe5f300f,2024-10-02T10:16,9,182.88,Online,Pending
7b5b9abf-112f-41e3-a295-3475579abf7a,b04ce307-2d1f-4214-b023-d8f4379041a1,2025-03-14T10:16,6,71.94,Card,Cancelled
089a3c32-c546-41f0-a87c-1f6640b9544e,9305d562-2505-493d-8ed8-3fb721c8f491,2025-10-08T10:16,2,41.60,Online,Pending
30aaada0-45a0-4387-90e4-5f4a2f819f6d,23650eb4-f98d-45a3-a90b-a378f03d469d,2025-04-21T10:16,5,52.80,Cash,Completed
fc83fefa-77b1-4650-abc2-0d49c4f16cdb,52fbb114-83aa-432d-b2f1-f3e37a5c4754,2024-04-11T10:16,7,171.64,Card,Completed
25ba1af1-0275-4a74-ae98-b41b52ef34b2,caca465c-e9f2-4add-91b5-24c70595e321,2025-05-15T10:16,3,66.21,Cash,Pending
70a729e1-efc5-4f90-bdf6-e8a9e5fa8f6a,d5eaf6a7-76cc-48ec-98d9-ba713e2df70f,2025-06-10T10:16,9,93.42,Card,Cancelled
4ebff0b8-4fef-4c19-8652-1402158a4a4d,8626238e-5813-415a-9a8c-db944b1e0269,2024-11-07T10:16,8,178.24,Cash,Pending
f1276c8e-542d-44fc-9cd2-f8f64ca1efc2,bb9edfa8-17f7-4f6f-8e3b-616693a298b1,2025-10-10T10:16,2,40.66,Cash,Pending
b6d0b3a6-a3ba-4d01-8d76-d6b79e165566,bc58b12c-65c4-4f21-89ef-3e492a22ef7c,2025-07-27T10:16,5,76.20,Cash,Cancelled
fac04927-925b-40cf-afa5-c285a04073c1,941529ef-2114-4bff-907a-4596ff4593a1,2025-10-11T10:16,6,174.66,Card,Pending
a39a56b2-cd84-4ac9-a14c-b1787644af9b,9305d562-2505-493d-8ed8-3fb721c8f491,2024-07-07T10:16,9,238.41,Online,Completed
d447c447-facc-4f87-aca1-f27a5dbe6dd1,0d463f72-c3a1-4a2b-8d0d-1721a0d1a06b,2023-12-10T10:16,2,18.82,Cash,Pending
a66a03b9-2625-4652-af58-eaee8f6f570f,b0d737cd-ec4b-4a88-aa81-d012ef3fb719,2025-08-05T10:16,7,176.54,Card,Completed
a42842a6-b745-48dc-969d-2afad6087d85,a190f67b-21df-46bc-8164-46bdfa00af85,2024-04-27T10:16,1,7.39,Card,Pending
04d8cfe3-5944-477a-a7dc-bf8fdea45d51,ecf1ffb0-ac00-4968-87ea-8beef4ace55a,2024-12-22T10:16,1,23.85,Cash,Pending
ab6a097a-4b3f-4ca1-bb10-9fa6bf1ae66d,ebbc7df0-770d-44f8-b0ff-c62f9006e40e,2024-05-23T10:16,2,52.54,Cash,Completed
971789af-260e-4fd6-954b-e146940b24dd,ceafdb2a-788d-48e0-acdd-bd533a2e7ab6,2025-10-11T10:16,7,190.68,Online,Cancelled
829bbc81-f46c-43fd-9698-84c4000e834a,73a2b03c-2dca-486e-8ebc-c4d6bb68a8c6,2025-10-07T10:16,9,163.17,Cash,Cancelled
32107b13-de1d-4717-866a-360adc678102,c0d74d86-5c5b-481d-b8e3-61eeb9c77255,2025-02-24T10:16,6,91.44,Cash,Cancelled
1920f721-b0a4-4114-adb0-6caca657c3fd,46032f36-69bc-465a-9b33-a5d560bfd77a,2024-02-25T10:16,4,43.12,Cash,Cancelled
09bde03f-62c8-4d02-a669-1c5ead234338,b95f7619-fab2-4df9-8683-1f2aeb93a660,2025-05-18T10:16,4,41.76,Online,Cancelled
e81b73c9-79a6-480f-9479-2468db5d86f6,d3f641e5-b8b5-4f5f-9155-7768df2033e8,2025-11-08T10:16,4,57.68,Online,Completed
5daad85e-56e9-45b0-8179-31aa045840c7,49af098b-bf79-4643-8e49-739ea932d38b,2024-09-01T10:16,8,148.40,Card,Cancelled
7c014e69-2141-4db6-8529-f24ac8da85df,14eace30-1ac2-411e-8eef-98e8f32a87fb,2025-05-24T10:16,4,93.00,Online,Cancelled
84fdfb3c-8c84-457b-ae07-145964737861,935ebde1-5945-4673-886e-1a7a12cc2d4e,2025-01-18T10:16,9,187.92,Online,Cancelled
b8242d67-479c-481a-855c-c806054e5463,39cb44e2-a541-4b98-bc0b-db5f31cf8710,2025-10-06T10:16,9,135.36,Card,Pending
01a4b65b-9352-4f01-a0b6-722472d639c4,f543de06-e341-4de2-95ab-ca0fd3ee51fe,2024-11-07T10:16,7,144.90,Card,Completed
8df212b7-5907-46b0-bb89-6efeca758f5a,c9dcc28a-ae5f-477c-ae7e-72d94129f449,2025-08-09T10:16,4,65.76,Card,Cancelled
392cb844-5f1d-49c1-b9b0-568a35bb1828,8b546c63-5406-493d-bc69-cfb594b38267,2025-04-16T10:16,7,75.04,Online,Pending
7f9b78a6-6f20-4ed7-b95b-8b01a5385f7f,0b2a0e9a-e050-4380-b607-57adcbbf59d4,2025-06-10T10:16,9,104.49,Online,Cancelled
6a0ae334-c049-4dee-9113-6c9e49609352,aff4340c-d102-49ba-af8e-84d2737ce82c,2024-06-30T10:16,9,221.85,Card,Completed
608cf96a-7964-4b75-8233-e6ae6ac1673b,4e44f26d-5455-405b-8fdb-63ab8b739ecf,2024-08-19T10:16,4,38.88,Online,Pending
ac25c346-311f-4136-80a6-ec7f60ced0f3,06e585f0-5b60-4900-81d1-3379328e6c17,2024-02-17T10:16,8,160.88,Cash,Completed
209c8de1-57da-4f65-8d32-8e1335c58a0f,27e45431-1333-4ffd-a0c8-be56ffdc5d4e,2024-05-14T10:16,3,43.83,Online,Pending
bb6a5a11-4e24-4595-8073-d0259885e698,8e1bbe6c-7b75-46dc-8ca1-0b1664cd6ae4,2024-03-26T10:16,3,77.37,Online,Pending
aaba7d50-3955-4660-8272-9d9dbe5c326c,5f6e51da-5f01-4c9a-85dd-7d50ef37e5d7,2025-07-20T10:16,3,82.29,Online,Cancelled
b6b899b6-2775-4ff2-a246-ee8bbb75dd5a,0a0ac3e5-6e20-4fbc-87ec-5481c70e38bc,2024-04-15T10:16,4,87.08,Online,Pending
66d5e52c-c97d-4a9a-b2b6-3a48bc48dfb5,0e0d5f13-edd5-4ab0-9ddd-3df111bedc5a,2024-07-06T10:16,8,51.68,Online,Completed
f0a872d3-b704-43bc-b74d-5478c809aec3,e6e1db85-f8ba-4264-9c9a-520ecda4bc4c,2024-09-02T10:16,7,130.13,Cash,Cancelled
eb7f0d35-0440-4077-a157-a2b07b99da6c,0a0ac3e5-6e20-4fbc-87ec-5481c70e38bc,2024-11-09T10:16,3,37.38,Card,Pending
37feb1ac-8173-42fd-9c99-a85927104593,4bb2d776-14c0-4ef6-b8ba-c580cbed72b8,2024-03-07T10:16,8,209.60,Card,Pending
a3ca319c-dd3e-4bfa-a339-eda643fd3986,ebe19120-496a-47fa-87eb-2440212a3363,2024-06-24T10:16,3,68.94,Card,Cancelled
6b9f77f9-7910-491d-b064-3b821479c689,3e97fc93-73a7-45e0-9888-f7a03ee258a7,2024-07-04T10:16,3,36.12,Card,Completed
7048e216-8d07-4554-bba0-c5c542dcfdda,c83bba2f-5229-4998-9566-1f3179b13e8a,2025-06-12T10:16,3,85.44,Card,Completed
a24b1fa5-e174-43b2-88a6-5b8de86bbf61,6e6d2c67-f7fb-4a98-8f9a-4822259b25c4,2024-10-15T10:16,1,24.60,Online,Cancelled
efb23da5-b179-4b5d-89ca-41415ea60658,aff4340c-d102-49ba-af8e-84d2737ce82c,2025-04-30T10:16,8,210.32,Card,Cancelled
