order_id,restaurant_id,order_date,items_count,total_price_usd,payment_type,status
7c128493-3958-458b-86b3-5d25d058932c,6f61ca8e-51a1-48e0-abfa-88326e713e34,2024-11-04T10:16,6,46.02,Cash,Completed
4582aa19-4270-4875-9025-90b43fe81270,09ba4183-1b94-4f8c-bc5f-eca421a88524,2024-07-26T10:16,6,139.02,Card,Cancelled
f2557661-fb6c-4677-bb67-8626677a9839,67c276b0-7be6-4f3c-bf86-c342095c8112,2025-06-02T10:16,9,55.89,Card,Cancelled
0377a051-6c97-4b09-84aa-76eaee433fd3,cd50913f-8c99-4253-9134-0cf5fe5f300f,2025-02-22T10:16,3,30.66,Cash,Pending
b0a6a5c3-7c88-4843-a19e-3fbe732ca315,8626238e-5813-415a-9a8c-db944b1e0269,2025-07-03T10:16,3,66.51,Card,Completed
f1f17128-b26a-499e-a92f-8ce42b09e3a1,bfa3444b-2be9-46be-b944-720d86a59770,2024-11-22T10:16,7,191.24,Cash,Pending
a8a98d3b-e0d9-4af0-bb4b-a802f6bbbcb3,6c6a3b10-9747-4dca-a041-4edc22d147b0,2025-01-31T10:16,4,64.92,Cash,Completed
1db0eef8-37c6-47a8-94d0-bc1964e3daa2,6b1178fc-1745-401d-88da-3903c243ebe9,2025-08-13T10:16,2,19.80,Card,Completed
b88cb130-3571-408a-956d-0436897e6882,d33bbfcd-a2ca-4e80-8a1c-65223f061e7e,2024-08-13T10:16,7,76.37,Card,Pending
393dfa31-6b32-4277-8b2a-331d5b997633,3e97fc93-73a7-45e0-9888-f7a03ee258a7,2024-09-08T10:16,2,28.12,Online,Completed
b3d9ae94-39d1-4f23-8a1a-e6fb924597f3,0b2a0e9a-e050-4380-b607-57adcbbf59d4,2025-08-01T10:16,8,83.04,Cash,Completed
76734ffa-21b3-4f23-a3b6-5f7d1ef446f8,67c276b0-7be6-4f3c-bf86-c342095c8112,2025-03-29T10:16,4,89.24,Cash,Completed
e3361dd0-2169-4027-8deb-70b8d50f03c3,52f5634d-de98-4543-8a1e-cbf1e2d0242f,2025-06-21T10:16,8,51.68,Card,Cancelled
087b41a7-8cfc-4c6f-8819-12281200be93,c5817fdc-a4dc-4879-b957-30cfda62016b,2025-10-22T10:16,3,53.67,Card,Cancelled
d92dc8b5-8ee6-4fd8-84b9-401fbcc3207f,3dcaabe3-78c9-4d88-bed5-56ca7ceea07c,2025-03-21T10:16,7,122.43,Online,Completed
63325485-3d6b-4c33-b6a8-715586c60a95,1a31c678-d420-495a-aff3-0f1609514e1e,2024-04-13T10:16,6,77.94,Online,Pending
847b7d46-83d8-4b02-aa65-c54fb61dcb9e,80537cf2-360f-4740-8b7e-d4cd56e22987,2025-03-29T10:16,3,75.06,Online,Cancelled
820c1529-cdd6-4e4f-bee0-69c71c3dba90,1a31c678-d420-495a-aff3-0f1609514e1e,2023-12-08T10:16,4,52.04,Card,Cancelled
a1696205-95a0-4ab1-859c-9fda9d96a4c9,6117b6f0-c4f4-4bf1-9eeb-f33950decba8,2025-04-06T10:16,8,138.32,Card,Pending
c9ef6327-cebe-405e-978f-a41e4f7499d8,0472ca7f-b133-4710-8f43-24a3c6c1afd1,2025-01-03T10:16,3,21.93,Online,Cancelled
d37c908f-4036-4379-9846-c5426f823cf5,953417c6-cd52-45e9-9ca0-bb450653c934,2025-10-15T10:16,3,30.78,Card,Pending
afde3597-3f93-4af4-b481-ad806cfd0913,ada8704c-2784-4d70-84da-10078407d2c8,2024-06-13T10:16,7,146.44,Card,Cancelled
1fa1458b-e5e8-4283-877b-df8f6d9ac9fa,401a6911-a31e-4892-adc1-56e3e1eb090a,2023-12-23T10:16,2,23.62,Cash,Cancelled
e2a4e23c-5afa-4f61-b968-74c819bb3e74,0a5bd884-b432-4ce5-b14e-44b4aedd4c0f,2024-02-15T10:16,7,122.78,Cash,Cancelled
0d14e2b1-b40c-4470-adf1-25891ea9df1c,7c991f43-c18b-4404-8826-97691b0dc00c,2023-12-21T10:16,4,119.16,Card,Cancelled
749dfdba-3d8b-493c-87c9-8c41d610e205,93cdeef1-3fc3-4a63-a275-0ae87ae6b335,2024-10-04T10:16,8,161.36,Card,Cancelled
05f6de28-f2e0-49d1-9003-7f3bd970515e,f90cf3ca-e2d0-4129-bc7a-e8a2b80880da,2024-06-13T10:16,3,83.55,Online,Pending
d4751ef1-3611-4535-8512-48f6b62d28af,ebbc7df0-770d-44f8-b0ff-c62f9006e40e,2025-08-13T10:16,2,21.40,Card,Completed
0c2c8ef7-891e-4264-9002-8ddb712eba01,cf65c4b6-4c1c-420b-95de-23e5b56ffad5,2025-01-25T10:16,2,16.46,Online,Completed
f7c58c31-c38d-4c9f-b0c2-08154a36710c,953417c6-cd52-45e9-9ca0-bb450653c934,2024-07-13T10:16,9,117.99,Card,Pending
6e2b3277-38c6-43cb-a217-fa71efffab93,0a5bd884-b432-4ce5-b14e-44b4aedd4c0f,2025-04-28T10:16,1,14.69,Online,Pending
e9614324-c01a-4b6d-af4e-75027c2b429c,8113211c-bdc3-4bb0-94d9-3fd3871f3005,2024-05-15T10:16,5,55.85,Card,Completed
49865780-0e8c-4887-9de9-7f58a9d635cf,49af098b-bf79-4643-8e49-739ea932d38b,2024-11-14T10:16,7,126.98,Card,Pending
4960b7f0-2ad7-4179-81da-d1e536aa49cb,09ba4183-1b94-4f8c-bc5f-eca421a88524,2024-01-14T10:16,1,14.31,Online,Completed
74805beb-7541-4d81-ad06-95cb4b301496,a190f67b-21df-46bc-8164-46bdfa00af85,2025-10-23T10:16,7,104.02,Cash,Completed
5f4a0743-85a4-4b16-b3a4-efe12aba8e1c,4b14a58c-f1e4-40b6-888d-a88cd7055099,2023-11-22T10:16,5,67.45,Card,Pending
4921c260-b463-4c9b-b6c3-35fb2e5776e8,3dcaabe3-78c9-4d88-bed5-56ca7ceea07c,2024-11-08T10:16,3,30.42,Card,Cancelled
5272a1eb-2418-489f-862b-e8764b340fc9,e277d099-db2a-4aee-ab86-8b0e73a34383,2023-11-17T10:16,3,84.42,Online,Completed
f8bc1114-3dc9-48ef-b6ff-75351e3b720f,63846b60-b7be-4087-ac6e-56c9bc130a20,2024-05-29T10:16,4,105.60,Online,Pending
7f9760d3-d680-45f7-aaff-c7d2358f6d9f,b3688304-b24b-416a-9bf4-c2b6aaeb59d3,2024-01-23T10:16,6,81.90,Cash,Pending
68f1a90a-5f99-45f1-9aec-f3f608b5bff8,8b115a34-224b-453c-be69-b53a7445b466,2024-12-20T10:16,3,87.06,Cash,Completed
d9b1ae20-2944-4e12-a655-c4cf75e16feb,4e44f26d-5455-405b-8fdb-63ab8b739ecf,2024-06-13T10:16,7,107.87,Online,Pending
70ae6ce1-fdfe-41a9-a972-485462973a07,14eace30-1ac2-411e-8eef-98e8f32a87fb,2025-08-12T10:16,6,77.16,Online,Completed
727aa1b7-3867-47f7-8ccc-d1fc15a66055,ff4db0d8-e809-46e8-9ae0-78ffee4902d9,2024-02-10T10:16,8,167.52,Online,Completed
cb170b67-d5bb-4a49-98ef-abe01fa4e6cc,21edfc22-3f73-4335-a774-3cf78ab65e86,2023-11-25T10:16,3,37.29,Cash,Completed
035365fa-642b-488d-9c39-f310bcf2b691,500fde18-ea61-4380-9ea4-f06d09985870,2024-07-06T10:16,2,41.02,Card,Cancelled
4f9a617f-c1c6-4894-9451-4e71624ac87d,25659c0e-6eb5-4c57-add8-fb6ac5f42699,2024-04-20T10:16,6,129.36,Online,Pending
431ef455-31ce-47f5-b153-981328d6b1a9,bc58b12c-65c4-4f21-89ef-3e492a22ef7c,2024-01-22T10:16,5,129.65,Online,Cancelled
6502e0e1-db36-4479-8547-6b8756a718b2,46032f36-69bc-465a-9b33-a5d560bfd77a,2024-07-28T10:16,8,52.96,Card,Cancelled
94edceeb-4f01-4eaf-be5d-1ccd15d5ac0e,b95f7619-fab2-4df9-8683-1f2aeb93a660,2024-12-03T10:16,2,12.56,Online,Pending
f5a093be-9353-47e8-ae30-b68b71062674,d5eaf6a7-76cc-48ec-98d9-ba713e2df70f,2024-03-26T10:16,8,108.88,Online,Completed
d3c21c4b-5920-44fb-a8be-fb056f3653a6,a190f67b-21df-46bc-8164-46bdfa00af85,2024-11-16T10:16,3,20.28,Cash,Pending
2bcb9b33-4143-442a-8584-b90436647de4,b6c26110-1b77-4777-8c79-c69ec19b66df,2025-05-08T10:16,9,198.09,Cash,Pending
ee005f5a-7185-47a1-b030-a5cbf8cb77f3,c9dcc28a-ae5f-477c-ae7e-72d94129f449,2024-01-20T10:16,8,229.12,Online,Cancelled
43d6fdce-8b62-4df6-a911-f42178d9cb80,90f0db1e-2b19-43f7-ba17-233c7c214eca,2024-04-26T10:16,2,50.58,Cash,Cancelled
65d01ae0-cf22-4456-b5c9-b3322ae26fee,0a570207-0f70-467f-bbeb-44a0a60a9a25,2025-10-04T10:16,2,30.86,Card,Cancelled
9442fea8-5c0e-47bb-8778-46a483c90144,39cb44e2-a541-4b98-bc0b-db5f31cf8710,2024-05-30T10:16,6,94.14,Online,Pending
edc4767c-b053-4fa3-bf88-9b464309eabb,ebe19120-496a-47fa-87eb-2440212a3363,2023-12-29T10:16,9,186.39,Card,Cancelled
92f2c2c9-213c-4f36-9293-a6d3a74e0a29,a3f626b9-cc27-4c04-8570-be79ab8bda4a,2024-06-15T10:16,4,75.44,Online,Cancelled
4444ff01-498f-46da-8e5d-dca77b365f73,aac35608-9499-49c5-811a-a059e773c968,2023-12-23T10:16,6,129.48,Online,Pending
dc7d5ad1-ebca-404a-b64c-db793af0f360,65b2c0ea-6192-47fc-9286-2c1dd3ecefb1,2024-11-27T10:16,3,67.74,Online,Pending
51111d28-0478-4211-a99c-f09d24669755,e6e1db85-f8ba-4264-9c9a-520ecda4bc4c,2025-07-11T10:16,3,60.96,Online,Cancelled
a5de9cda-2308-4173-841e-c339960f5351,ada8704c-2784-4d70-84da-10078407d2c8,2025-09-13T10:16,5,80.50,Card,Cancelled
7ddcb700-0acb-4e27-a803-3194d28078fd,205ea7f7-e714-45b8-a083-11247ff702a1,2024-06-01T10:16,6,61.32,Card,Pending
2a95e554-c500-46c3-82ec-131fc0acd065,ff4db0d8-e809-46e8-9ae0-78ffee4902d9,2024-09-22T10:16,8,86.72,Card,Pending
01f73eaa-5105-4de6-9114-91f5c4c56c95,e12c3d24-86c8-474f-b86b-370df36adbfe,2025-02-16T10:16,7,101.43,Card,Cancelled
a3271590-9f9c-4c1b-ac9b-f03a682dd75a,6f61ca8e-51a1-48e0-abfa-88326e713e34,2025-10-26T10:16,2,34.06,Online,Cancelled
66902986-4bf8-4872-8182-ab99c496be0f,8f7f530b-bb30-4a05-b437-744ed30af54f,2025-09-11T10:16,4,69.44,Card,Cancelled
311b7d29-3ac1-4b95-8b84-debfdd8a94a8,0dd437d0-74fa-43c3-8909-5c955e4d47dd,2024-09-26T10:16,3,33.45,Online,Pending
c4fc5e1b-3229-4b96-830f-1b72c11e21af,2c6dafc9-06cc-4b3d-8b8d-12aae0644c58,2024-12-25T10:16,7,43.89,Online,Pending
1528160d-df43-4877-9200-ec2f46ff9e05,d6d4ef4b-0870-48aa-b884-013237f255f4,2024-07-15T10:16,2,54.14,Card,Completed
e6cb725b-dccb-451e-9729-54571c6ed33b,515fe1d2-d33a-4b9d-8c19-07e0cbe81a9a,2025-01-30T10:16,3,78.63,Cash,Cancelled
9059ae64-07d0-4283-a7e6-452f40f596bc,4739f27f-7a96-4d52-83ae-0c6fd4c8c606,2024-11-28T10:16,3,28.74,Online,Cancelled
f823f5e2-7711-4fd9-9451-d216d7b37662,e886c155-0dae-4b36-88f5-a86fa474d1f6,2024-09-14T10:16,6,78.96,Cash,Cancelled
7c74c552-b1ac-47ff-9864-1ea9fe045f12,36b880b0-e9bd-4c0b-8f1c-32018f6c758a,2024-03-28T10:16,9,268.65,Online,Pending
2ab08f94-c2fb-4d39-9250-da199c98ad1d,d6d4ef4b-0870-48aa-b884-013237f255f4,2024-06-14T10:16,7,41.79,Card,Pending
c7014d34-c4ca-408e-bf60-2db135f6ee34,6b1178fc-1745-401d-88da-3903c243ebe9,2025-03-15T10:16,3,29.76,Online,Cancelled
e3b37c1a-b343-4d8a-9eff-d024ecf88a24,0fcf4084-ea31-49f8-99f9-9bf8c8b0c16b,2025-07-10T10:16,7,108.64,Cash,Cancelled
b55f1e29-8470-436c-9a14-e9b5e4750a39,bc58b12c-65c4-4f21-89ef-3e492a22ef7c,2024-08-25T10:16,7,181.93,Cash,Completed
67f1af14-2846-4bcd-a5f5-63973dc4fc59,8250871a-2b35-424e-a1a1-4eb4faffabfb,2024-02-16T10:16,2,29.32,Cash,Cancelled
c423ff66-e31a-4334-ba96-70502b0656fa,8f7f530b-bb30-4a05-b437-744ed30af54f,2025-01-12T10:16,4,115.80,Card,Cancelled
6510d792-799a-410a-b18b-f59ebb4d695f,b3688304-b24b-416a-9bf4-c2b6aaeb59d3,2025-03-16T10:16,5,126.75,Card,Completed
6d283d35-7684-4be7-ae22-2de6a2b5fcaf,ebbc7df0-770d-44f8-b0ff-c62f9006e40e,2025-02-14T10:16,8,157.04,Cash,Pending
0dbf8b31-aaea-407e-9539-9f408615230c,b3688304-b24b-416a-9bf4-c2b6aaeb59d3,2025-01-25T10:16,8,92.16,Cash,Cancelled
828e11c4-d4bb-4e83-bb21-9b3f828889e9,b014b56e-3263-4b63-8430-46e00bc5ea77,2023-11-18T10:16,9,70.29,Cash,Pending
2842513d-5541-4caf-a1a4-bf54917a2e6a,ba5d9947-b043-4aca-8ee0-6b77895cf8e8,2024-10-08T10:16,1,14.79,Card,Completed
9f546e62-81c6-4433-a50a-243599fe1b19,7a2e5fa5-096b-4701-8ce6-7a3db39bf8eb,2025-06-14T10:16,9,146.25,Card,Pending
ac42f9d2-ab51-4998-9096-fdc1f0438aab,25659c0e-6eb5-4c57-add8-fb6ac5f42699,2025-06-07T10:16,2,35.14,Online,Pending
721e8d43-217b-492f-9397-0cdca9b2e219,401a6911-a31e-4892-adc1-56e3e1eb090a,2025-01-04T10:16,9,130.68,Cash,Cancelled
bc51abf2-2adf-4c8a-a21a-abc5e2032c3c,6b1178fc-1745-401d-88da-3903c243ebe9,2024-09-03T10:16,5,117.90,Card,Completed
75ce259f-9684-4da1-8c75-52144b7686fa,26d032f1-9fe9-487a-987a-a8be14e1db05,2025-04-22T10:16,1,6.90,Card,Cancelled
d718e0e0-82d4-4ce7-b547-dcb3d28ea90f,7a18d550-38d0-40b2-84a7-547162e7e409,2024-06-06T10:16,9,143.01,Cash,Completed
d4efc9cf-68b7-44e9-abf0-94d2174da08f,b95f7619-fab2-4df9-8683-1f2aeb93a660,2025-05-28T10:16,5,28.75,Online,Pending
e0f9a286-0aa6-45e0-86cf-adedd9479daf,5eb75bc0-d5fa-4209-9d42-7767f3f0585b,2023-12-18T10:16,5,116.05,Card,Cancelled
b20e6042-c7bd-4cc7-8d60-e849af7fd5cf,0df3bae1-6384-4856-aa27-aef9f6c48b75,2025-04-07T10:16,7,97.30,Online,Cancelled
d48cd94a-c7b3-4b1f-ae3d-b960b81fcb18,71f17b36-2c37-4cfa-bf8a-894fa94c0e9b,2023-12-31T10:16,1,5.01,Card,Completed
0df50515-ed3c-4808-b797-49bf6fa61f0d,4bb2d776-14c0-4ef6-b8ba-c580cbed72b8,2024-12-04T10:16,4,72.56,Cash,Pending
db8c2627-7690-45ca-8319-726273ebaa18,0a5bd884-b432-4ce5-b14e-44b4aedd4c0f,2024-02-10T10:16,5,128.15,Online,Pending
0a785924-d6a9-43d6-9650-8b070ec0b7c1,93cdeef1-3fc3-4a63-a275-0ae87ae6b335,2024-09-28T10:16,6,136.44,Cash,Cancelled
80ae006a-a594-4426-83df-9f10f35b64ff,fdb5454e-2230-489e-ade4-9218ff28cbd8,2024-11-30T10:16,7,82.18,Card,Cancelled
b88b4cf9-a6d7-4ff0-be37-12a32e67361d,4b14a58c-f1e4-40b6-888d-a88cd7055099,2025-07-22T10:16,4,25.36,Online,Pending
1e3417e8-ade8-4075-98d1-78edb499c29a,b0d737cd-ec4b-4a88-aa81-d012ef3fb719,2024-06-22T10:16,1,22.82,Online,Cancelled
9da2ebb3-ab08-497f-940a-6203792f3e6b,d33bbfcd-a2ca-4e80-8a1c-65223f061e7e,2024-10-27T10:16,5,110.95,Card,Completed
081338a4-2809-4c72-9556-6342e1fb1e54,bc58b12c-65c4-4f21-89ef-3e492a22ef7c,2024-11-05T10:16,4,68.72,Cash,Completed
f559f727-5515-4077-8195-f23956b147c6,485b65e7-fdf4-474d-afba-37986d8d3cd8,2024-06-19T10:16,5,82.85,Card,Completed
18f5119c-d224-412c-8630-92a0219978f1,a5ffc907-be77-43e6-8694-4a0bf09bd3fb,2025-05-09T10:16,8,69.28,Cash,Completed
7736e6e3-41c2-4873-9a64-963ac7fe6306,62a2bfef-ca4a-4dec-90ea-bf15ea1880d2,2024-07-31T10:16,4,33.96,Online,Pending
121f8a53-0a20-4b3c-81bb-4018cf12571c,bb9edfa8-17f7-4f6f-8e3b-616693a298b1,2025-05-14T10:16,7,110.39,Card,Cancelled
6847cf71-1d13-4819-a5ae-381ca6005ec7,60cd80b6-3967-4dae-b4df-adc7b5644971,2025-10-25T10:16,4,101.40,Card,Cancelled
ea4af208-2279-404b-9280-4a9e0ea5416e,ebbc7df0-770d-44f8-b0ff-c62f9006e40e,2024-12-25T10:16,9,185.58,Card,Cancelled
a20ee177-e0d9-494c-9cca-307b873f1640,6f61ca8e-51a1-48e0-abfa-88326e713e34,2024-04-21T10:16,7,128.66,Online,Cancelled
7fb4f689-8355-49b7-8933-87522ec36623,7169ef0c-f2c8-4ae3-83f6-87691664d2d2,2024-02-24T10:16,6,112.98,Online,Completed
199c88ca-7978-4e32-9957-624dd254a11d,0472ca7f-b133-4710-8f43-24a3c6c1afd1,2025-07-27T10:16,1,8.11,Online,Cancelled
646ee47b-043d-4ad1-8ec1-cdaba619693a,c46351bf-193f-49af-a5d6-456188837c3d,2025-06-18T10:16,7,35.07,Online,Completed
16b53eaa-5d7d-4ec1-b2f3-f888f2d84cdf,93cdeef1-3fc3-4a63-a275-0ae87ae6b335,2024-02-13T10:16,3,89.76,Cash,Cancelled
baa47c3c-c7de-4b72-9fee-06a0e4ffe4c4,4717d2a3-4b2a-44f1-b960-a2b73e2d23fd,2025-01-07T10:16,5,40.10,Cash,Cancelled
980a3eb9-46f1-48e7-bee4-479df0aa2355,90f0db1e-2b19-43f7-ba17-233c7c214eca,2023-11-25T10:16,6,66.72,Cash,Completed
645bb11c-d807-4ef1-82c3-170d26b319ba,d5eaf6a7-76cc-48ec-98d9-ba713e2df70f,2025-01-20T10:16,3,83.58,Cash,Pending
03ef29e5-be4a-491c-82ca-38a782bbc04a,ebbc7df0-770d-44f8-b0ff-c62f9006e40e,2025-04-02T10:16,1,12.93,Card,Cancelled
e236a752-993c-4716-892f-beffc9c91ce8,ebe19120-496a-47fa-87eb-2440212a3363,2025-06-29T10:16,7,147.21,Online,Pending
f924fb3a-0a8f-4a62-a56d-ff433051cc34,a3f626b9-cc27-4c04-8570-be79ab8bda4a,2024-02-23T10:16,7,191.87,Cash,Completed
29620d1a-e0e8-4f7a-bc49-920ff3d00f66,89d26a00-0fde-4c03-8430-b06f6bc3f33a,2025-04-26T10:16,6,83.64,Online,Completed
f3655d42-84c4-4808-a05a-399d36f8f958,8887df7e-682b-4d48-b18c-c1ddfa0aaa26,2025-09-12T10:16,1,16.39,Card,Cancelled
3d39f17a-eddc-40e3-8c94-5245bb04bcb3,983d66ae-c8b0-46b8-8abc-26a1055cf729,2024-04-25T10:16,7,175.21,Card,Cancelled
fc63f562-a410-4703-9006-c2c2f972b7c6,c46351bf-193f-49af-a5d6-456188837c3d,2025-05-22T10:16,5,60.80,Cash,Completed
b37591df-e9df-4a7b-b3de-364db13294a8,e119f98a-df63-41dc-8e01-bb49ca2dc724,2025-07-29T10:16,6,81.48,Online,Pending
3434c3b4-3381-43c4-be72-1686ca78f53f,d6d4ef4b-0870-48aa-b884-013237f255f4,2024-10-02T10:16,1,14.46,Card,Completed
6b84e134-e8bb-49f5-91e8-5850e92dbf53,953417c6-cd52-45e9-9ca0-bb450653c934,2023-12-07T10:16,8,66.24,Cash,Completed
7ea5ed62-3620-4761-9f10-59b613187d1a,8626238e-5813-415a-9a8c-db944b1e0269,2024-01-11T10:16,3,16.38,Cash,Completed
3d03b1f6-fa41-4a50-ae10-be5ebc242c75,4b14a58c-f1e4-40b6-888d-a88cd7055099,2024-05-19T10:16,5,81.70,Online,Completed
4e2af8a9-5dd4-46a2-ae37-e269cfc874db,6117b6f0-c4f4-4bf1-9eeb-f33950decba8,2024-06-21T10:16,4,75.76,Card,Completed
525e595f-9beb-4e01-844a-0281d6bf960a,b047b369-02d0-4f25-9af0-f1e883228863,2024-04-06T10:16,3,63.36,Online,Pending
c1e8c98c-0673-4f81-a857-acdd51332f17,5f6e51da-5f01-4c9a-85dd-7d50ef37e5d7,2025-05-20T10:16,4,35.48,Online,Pending
df91623e-7b4c-4717-ad69-d86e00c87c03,80537cf2-360f-4740-8b7e-d4cd56e22987,2024-10-13T10:16,7,71.82,Cash,Pending
480e89c6-56e8-403f-8f1c-3830ab487b0a,a5ffc907-be77-43e6-8694-4a0bf09bd3fb,2024-02-18T10:16,1,9.00,Card,Cancelled
8c5ade4d-d743-4a03-9874-b6cb91125e8d,52c87fd9-fdf0-4256-b929-6153ad24a0ac,2024-06-08T10:16,5,25.15,Cash,Completed
3b82538f-67fb-4537-b745-ceabdc3673cb,a190f67b-21df-46bc-8164-46bdfa00af85,2024-02-22T10:16,7,156.24,Online,Pending
5c13f605-b890-405f-a8a7-6d6be23e0868,795088d7-d227-422e-ad8c-f048bde0675e,2024-02-02T10:16,2,50.48,Online,Pending
2424c796-74b6-4ca8-949d-6b9d8fc50c3a,74e76582-f1b8-4560-b049-8aebb59d4721,2025-07-12T10:16,6,178.86,Card,Pending
b5c26715-fe5c-4e01-aea8-422000925b14,bc58b12c-65c4-4f21-89ef-3e492a22ef7c,2024-01-29T10:16,3,67.83,Cash,Cancelled
d0b13c99-a2f3-4c15-b005-adaa27c0241c,d5eaf6a7-76cc-48ec-98d9-ba713e2df70f,2025-07-17T10:16,2,43.88,Card,Completed
96e89f62-b8ec-42bc-b55b-a8aae20491c2,1eeb9c5f-5b7a-47af-b4f1-5a50d9d1089c,2025-09-19T10:16,3,79.80,Cash,Cancelled
66b4cd71-31f4-4c7d-ac69-5588cfeeefba,bb6ceda0-3f7a-4dfa-9862-41a88dd468b2,2025-03-31T10:16,6,88.20,Online,Pending
3d595c60-403a-4956-ba42-fb27120b293d,7c991f43-c18b-4404-8826-97691b0dc00c,2025-04-09T10:16,7,154.07,Cash,Pending
814b5db9-59e9-4454-b329-c1da9ebfc6e4,a3f626b9-cc27-4c04-8570-be79ab8bda4a,2024-02-19T10:16,4,116.64,Cash,Completed
e21c0ab2-c32e-4033-94e3-5d35b93307f0,8250871a-2b35-424e-a1a1-4eb4faffabfb,2024-05-10T10:16,4,76.84,Card,Cancelled
d9712416-e35f-4e4a-9c17-4213631e9c76,65b2c0ea-6192-47fc-9286-2c1dd3ecefb1,2023-11-14T10:16,4,76.20,Cash,Pending
7b9268af-a399-44f5-82ca-437036067467,6aaabc79-3d35-410f-bb96-f86a3930d0ff,2025-03-29T10:16,9,86.49,Cash,Pending
247757ba-5101-4f34-8a3f-d8660ae51438,02c65c06-56ad-4670-b8e2-10ab417c7154,2024-03-18T10:16,8,219.84,Online,Completed
1b8a6507-fba5-4112-829a-b3a4792ee5b2,89d26a00-0fde-4c03-8430-b06f6bc3f33a,2024-03-26T10:16,4,117.92,Online,Pending
5efe807a-882b-4db3-86dd-38d9d655cf7a,1d32c3b3-c732-4995-aa6b-ff159deb3bdf,2024-03-18T10:16,6,170.34,Card,Cancelled
f5554bbd-c317-4749-8d85-d37a36d3eff1,6117b6f0-c4f4-4bf1-9eeb-f33950decba8,2025-06-20T10:16,6,102.36,Card,Completed
494a418d-dd97-4aae-b64a-6b70035d30b2,1eeb9c5f-5b7a-47af-b4f1-5a50d9d1089c,2024-05-27T10:16,8,228.40,Cash,Completed
28bba4c8-0a49-4f3b-ab4e-f12becdc1408,c1a09d60-c9e8-4489-a68e-e01b51541d33,2024-07-25T10:16,8,98.00,Online,Completed
f1d03af9-c931-47b4-aa9b-54727fec74d7,aff4340c-d102-49ba-af8e-84d2737ce82c,2025-03-20T10:16,7,152.67,Online,Cancelled
cf6c6135-03f3-49bc-bb97-e9e5ca217868,5f6e51da-5f01-4c9a-85dd-7d50ef37e5d7,2024-07-21T10:16,7,131.67,Online,Cancelled
49b61e5b-c22f-4e0f-877c-0732828853c4,c46351bf-193f-49af-a5d6-456188837c3d,2025-10-30T10:16,9,207.45,Cash,Completed
f3b77e8d-a64a-44c7-8685-bf5f9c787457,f6c35464-33dd-44a7-bf84-071f2e427045,2025-08-09T10:16,3,59.76,Card,Completed
8d093739-fa9e-489d-879d-09e72effa9d6,ebbc7df0-770d-44f8-b0ff-c62f9006e40e,2024-01-20T10:16,5,62.15,Card,Completed
69fc5906-f28d-43f7-83ac-d1b582197acd,726d71e2-70fd-4416-8568-78619c14a73a,2025-07-17T10:16,5,52.35,Cash,Pending
40f08378-c9ce-4a05-809e-6d6999c78e41,d7af10ce-45c9-4fc8-8dd8-b1c5491aad5f,2025-06-07T10:16,3,70.86,Cash,Completed
3cf95a84-0d03-480d-bd87-f8ec19629f80,caca465c-e9f2-4add-91b5-24c70595e321,2023-12-01T10:16,2,27.32,Cash,Cancelled
581fb5fb-1183-47fe-98ea-0922faa8203e,f3826f04-0dfa-4266-8002-58fede0093f5,2024-05-24T10:16,6,167.70,Online,Cancelled
f3170b0e-f123-4f5b-bdaf-f1a05e0663fc,1407e9cf-22c9-4137-a2fe-cc12dc038235,2024-04-15T10:16,2,38.78,Card,Completed
7bf55589-7447-49b2-931c-e3cfc79d5de3,63846b60-b7be-4087-ac6e-56c9bc130a20,2025-08-05T10:16,9,209.70,Card,Pending
234d2603-a754-4927-bb23-7b2b090cea5d,4717d2a3-4b2a-44f1-b960-a2b73e2d23fd,2025-05-23T10:16,5,105.50,Cash,Completed
23a69488-5fb4-4ba9-beff-e9a8378a3f6f,21edfc22-3f73-4335-a774-3cf78ab65e86,2024-11-22T10:16,7,36.19,Cash,Completed
2bf631d3-23ad-4213-9338-221bd65af2c2,bf0de251-90d7-423c-8b31-48df1a89964f,2024-01-13T10:16,7,83.09,Cash,Cancelled
06c54be8-0a8a-4d0c-8af2-36b6520850bb,fe624323-ba72-456d-9842-ed9e0edc75df,2025-07-21T10:16,8,208.80,Online,Cancelled
c2c0b6ec-1e23-48e1-8d80-d8ae8ed1f139,726d71e2-70fd-4416-8568-78619c14a73a,2024-05-22T10:16,5,122.40,Online,Completed
2b99360d-6b1a-42fa-a324-8c22b489622b,6945f6f4-b8f9-4d04-90ff-e59ed705578e,2025-03-11T10:16,9,74.70,Cash,Completed
f081cc93-2791-495c-9ef2-0cb56b4d1618,b047b369-02d0-4f25-9af0-f1e883228863,2025-08-31T10:16,9,189.00,Cash,Pending
3ffcb8f8-1059-4073-a526-1a1aefbbf788,953417c6-cd52-45e9-9ca0-bb450653c934,2024-04-15T10:16,7,141.19,Cash,Completed
8a1a4d43-0dcf-41de-8525-1fe9b9ed9f68,dcfb3d05-846d-4915-99f3-ebbc7559d972,2024-03-09T10:16,7,140.77,Card,Completed
8ea02963-3b4d-4419-abaf-63c724f1d8fa,a190f67b-21df-46bc-8164-46bdfa00af85,2024-02-04T10:16,5,127.20,Card,Pending
6578c31c-12f4-4ee9-b2f6-6baad4e8a34a,7169ef0c-f2c8-4ae3-83f6-87691664d2d2,2025-10-31T10:16,2,40.20,Online,Completed
67c78cdf-f151-4bb7-aa86-f19278f86e83,9b9edd1e-b4f7-414c-b8b5-a3dc51fa0a8c,2023-12-29T10:16,2,53.62,Card,Pending
3d3bb760-2c33-41d2-a7d1-3759dd0b5db7,0d463f72-c3a1-4a2b-8d0d-1721a0d1a06b,2024-02-23T10:16,5,136.65,Online,Pending
ac844f8d-24ee-4608-bd9b-18fa2bf92fad,0a5a9fc7-e126-48f0-99aa-dea85c606f66,2024-03-12T10:16,8,75.44,Card,Cancelled
3ebcedcc-8abc-417e-ae3b-408349bb37fe,69446e90-4237-4410-ab55-e011eb04cce0,2025-05-12T10:16,3,15.06,Card,Pending
9d235538-b95a-4535-8664-a913c86e5691,910b1d47-5c37-48b1-8bde-96c60660f1d7,2025-10-05T10:16,4,78.48,Online,Cancelled
573037f1-a9fe-4727-af7c-10a676d17056,62a2bfef-ca4a-4dec-90ea-bf15ea1880d2,2024-02-19T10:16,8,73.92,Cash,Completed
2249a489-f2e0-4370-a9be-5441fdbfd73d,b014b56e-3263-4b63-8430-46e00bc5ea77,2025-04-03T10:16,2,11.04,Cash,Cancelled
9e673df7-e8fb-4ff2-8395-ed00b757e6c6,401a6911-a31e-4892-adc1-56e3e1eb090a,2025-08-09T10:16,4,90.12,Online,Pending
61885b1c-aa3a-4604-bd56-00d7a960114d,1233cc27-7567-48e0-8dd2-6b0019506c2f,2024-07-02T10:16,6,175.44,Card,Cancelled
208fef36-ff44-4675-aae6-c8bfee33fdf6,964d337f-acd5-4ca2-8843-9be3f2eb60fc,2025-03-05T10:16,2,11.52,Cash,Pending
9e7eeadd-8a22-4fc5-9b7a-889007625bd7,e85d0261-2d97-4475-a749-363ec9040a74,2024-11-27T10:16,7,78.47,Cash,Completed
5a81ccb9-3015-4ce5-a5df-1561ef0eb88c,485b65e7-fdf4-474d-afba-37986d8d3cd8,2024-01-24T10:16,8,206.48,Card,Completed
fa8494eb-1b2d-4814-a628-b9572115f1ef,7509850a-5062-4da9-aad6-bc5b9e363ef1,2025-09-29T10:16,8,119.28,Cash,Cancelled
77b8d7c1-c299-4c5c-9ff7-78ac58ad3b95,6e6d2c67-f7fb-4a98-8f9a-4822259b25c4,2024-09-06T10:16,1,7.17,Cash,Pending
a6e1a0e7-3277-4974-9418-f356dcf022bc,06e585f0-5b60-4900-81d1-3379328e6c17,2025-05-13T10:16,5,146.65,Card,Cancelled
f7a030f6-0b11-44a3-8d9e-bcbf6c74a0c8,b047b369-02d0-4f25-9af0-f1e883228863,2024-03-26T10:16,9,209.34,Online,Pending
d6370b78-8632-459d-8812-24ab2384d1eb,4f6ae324-5b6d-47d6-a86d-26ec6fbe1e0e,2025-09-18T10:16,1,27.39,Cash,Cancelled
36b6bbdb-53d2-4760-bc8c-2ccdec89cdff,00d7ae70-0f46-4453-963c-4ab2a3d29314,2025-07-15T10:16,7,178.50,Online,Pending
f0f9b299-5926-4f3c-85a1-c3f55044203f,52f5634d-de98-4543-8a1e-cbf1e2d0242f,2025-01-19T10:16,5,94.80,Card,Completed
16aa6952-e05e-4d03-bc2f-fca87d3da537,e12c3d24-86c8-474f-b86b-370df36adbfe,2025-01-21T10:16,2,17.64,Card,Cancelled
ccff47a4-f272-42de-bc5e-6ebd9f3ddcda,f067e21d-d1d4-4e87-9cae-9753f5f9ccb6,2025-09-01T10:16,2,51.56,Online,Cancelled
daa72ac7-bef5-4eab-89ea-d24c8200cf8a,1eeb9c5f-5b7a-47af-b4f1-5a50d9d1089c,2025-08-16T10:16,8,44.80,Card,Completed
c722dcdd-fd7c-4e7a-9d1d-a67676a11bf4,ec3490d2-e8da-47ee-ae12-0ca0b1d7a2bb,2024-06-06T10:16,5,105.20,Cash,Pending
dc16cb11-4ad9-455b-95a7-8fb62b52670d,3befa4dc-d961-4a3a-9410-d43d1bdaa335,2024-03-05T10:16,1,18.29,Cash,Pending
333bd124-ee48-4cd6-8298-6a3570d74ac0,bc58b12c-65c4-4f21-89ef-3e492a22ef7c,2024-11-03T10:16,4,92.40,Card,Completed
3ddc04a8-aa7e-4eaa-ab79-be18e42cf45e,e277d099-db2a-4aee-ab86-8b0e73a34383,2024-07-08T10:16,6,149.46,Online,Completed
cad96a41-f547-4c0e-b8a1-f561a57d80ce,05ccd8a5-ea5f-4353-bd1e-3022152b0685,2024-09-18T10:16,5,142.80,Cash,Pending
ba76b7fb-5d0c-4cf7-8d83-1f6d8c77a64c,c1a09d60-c9e8-4489-a68e-e01b51541d33,2024-09-12T10:16,3,80.79,Online,Cancelled
02e24a60-5f71-4aab-8175-7e67369b2a4f,f3826f04-0dfa-4266-8002-58fede0093f5,2024-03-05T10:16,2,46.80,Online,Pending
fa92e136-39d7-4352-94a5-648be41dd7a8,1a48aa9a-def3-481d-922a-94300aa97309,2024-04-13T10:16,3,21.63,Online,Completed
82228a9d-d5c0-4585-b758-8cbd1e47fe9e,485b65e7-fdf4-474d-afba-37986d8d3cd8,2024-03-23T10:16,4,104.72,Online,Completed
a70a0526-37e7-4197-825d-b5df1d397a3f,caca465c-e9f2-4add-91b5-24c70595e321,2024-02-14T10:16,3,35.43,Card,Completed
de98013b-aaf7-4ca8-b110-213b573c7a8d,4e44f26d-5455-405b-8fdb-63ab8b739ecf,2025-09-30T10:16,9,234.90,Cash,Completed
6c95fe2c-cda3-47fe-9c5f-4cefb7cc6ded,59827b2a-ae17-44b1-bd6f-6f08718559cb,2024-08-03T10:16,4,78.28,Cash,Cancelled
93bbb0c0-74ec-4f18-b034-db867510e4f3,cf65c4b6-4c1c-420b-95de-23e5b56ffad5,2024-07-19T10:16,9,95.13,Online,Completed
918290e6-ce8a-4404-a92d-e01869e4b671,c63bd277-c81c-40c5-8720-6ce916d653c4,2023-12-30T10:16,2,29.54,Card,Completed
c2e92ddd-0784-4e15-a311-7c9eb7b4f508,fbe227d7-6d32-4407-9783-7fdac983e55f,2024-06-09T10:16,3,66.27,Cash,Cancelled
88544c3a-07ef-4bbd-946b-9d706879cb6f,0a0ac3e5-6e20-4fbc-87ec-5481c70e38bc,2023-11-23T10:16,6,132.66,Card,Completed
bf3d1ff4-a92b-458b-a2cb-5c5d8d463ce6,365c90d0-a590-4209-9401-2ce55af5ed98,2024-10-21T10:16,8,206.32,Card,Pending
f3e2f3ff-fb7a-4350-b0ee-ba3ee405d373,4e44f26d-5455-405b-8fdb-63ab8b739ecf,2025-03-09T10:16,4,20.24,Cash,Cancelled
91eb968c-3c0e-4827-a216-9b1731c4e2d2,b95f7619-fab2-4df9-8683-1f2aeb93a660,2025-10-16T10:16,9,101.61,Online,Completed
6b403546-75c9-4d9d-9e4a-3eca060725e4,bb9edfa8-17f7-4f6f-8e3b-616693a298b1,2025-04-16T10:16,2,52.66,Cash,Cancelled
cd4e1c5d-e9c2-4353-b012-8805c1b22e52,ebe19120-496a-47fa-87eb-2440212a3363,2024-10-27T10:16,3,16.53,Cash,Completed
91afcfa6-61cf-49c1-9323-cba9910d81b1,9305d562-2505-493d-8ed8-3fb721c8f491,2023-11-20T10:16,9,76.50,Online,Pending
6b40a64e-5fae-42f6-a2ba-dd6225d127a9,3ab3404a-ee80-4ed2-8d90-a6f0dad14e48,2025-08-22T10:16,7,186.48,Card,Completed
5f053eab-20fb-497a-9bba-b8fdf903542c,93cdeef1-3fc3-4a63-a275-0ae87ae6b335,2024-05-11T10:16,8,168.32,Online,Completed
2a725c33-d7e0-4944-8cec-e52a7f003a8b,ebbc7df0-770d-44f8-b0ff-c62f9006e40e,2024-08-15T10:16,4,101.72,Card,Completed
040f6cdb-9167-40e3-9779-e1deea734dd7,49af098b-bf79-4643-8e49-739ea932d38b,2025-03-11T10:16,1,13.78,Card,Cancelled
ad6eda88-eb1a-4cbd-a0c8-d766cc151e07,c63bd277-c81c-40c5-8720-6ce916d653c4,2025-09-15T10:16,1,22.56,Card,Pending
a39ed94a-22d6-49c8-97cb-2324ec244275,964d337f-acd5-4ca2-8843-9be3f2eb60fc,2025-04-28T10:16,7,42.49,Online,Pending
35d00789-54fa-45b7-b92c-0806b05cef4b,c46351bf-193f-49af-a5d6-456188837c3d,2024-08-28T10:16,5,48.20,Online,Cancelled
8745da94-95bd-4ca4-9512-b25294c1e883,bc58b12c-65c4-4f21-89ef-3e492a22ef7c,2024-07-14T10:16,6,153.96,Card,Pending
dbe7504c-314b-4d78-97b7-c1661d5752eb,73a2b03c-2dca-486e-8ebc-c4d6bb68a8c6,2025-03-06T10:16,6,165.24,Cash,Cancelled
7df50f9c-0190-43ed-8c05-26408aa550a9,2c6dafc9-06cc-4b3d-8b8d-12aae0644c58,2024-01-03T10:16,7,41.44,Cash,Cancelled
ed7ab8b5-9db9-4c21-8839-5196d8c2cb17,b04ce307-2d1f-4214-b023-d8f4379041a1,2024-05-13T10:16,2,28.52,Cash,Pending
b5558561-0a4f-460e-a94b-a2cf20daded1,49af098b-bf79-4643-8e49-739ea932d38b,2024-04-14T10:16,9,52.29,Online,Cancelled
9cf62ac8-4158-470a-8ab5-6211789b73c3,1a31c678-d420-495a-aff3-0f1609514e1e,2024-06-26T10:16,3,34.29,Online,Cancelled
8f0e30b6-9e1f-40c9-a7b8-c5f4d73f093c,02c65c06-56ad-4670-b8e2-10ab417c7154,2024-06-18T10:16,3,32.01,Card,Completed
7cec9904-e9b3-433d-b5d3-bce4c1f8efd5,e119f98a-df63-41dc-8e01-bb49ca2dc724,2025-05-16T10:16,9,60.30,Card,Cancelled
2baac764-758f-4b9a-9a01-26db2db87ffe,2ca088cd-c6c6-4e60-a1a4-d2990ee21b12,2025-08-26T10:16,9,232.02,Online,Pending
64b56f8a-490e-4c76-948c-601d558cab5f,6c6a3b10-9747-4dca-a041-4edc22d147b0,2025-07-27T10:16,7,78.12,Cash,Pending
c31bd4c5-57f2-4c78-a14a-24e74dc829dc,1d32c3b3-c732-4995-aa6b-ff159deb3bdf,2024-02-10T10:16,1,25.39,Cash,Cancelled
9dee706b-9f00-48d9-97fa-9fa278cf70fa,d33bbfcd-a2ca-4e80-8a1c-65223f061e7e,2024-03-18T10:16,1,20.02,Card,Pending
20e621e5-61c2-4522-8601-a6b183d35297,caca465c-e9f2-4add-91b5-24c70595e321,2025-03-26T10:16,3,70.50,Card,Pending
9ad7a082-8257-4d4e-bf63-6431a601268b,8b115a34-224b-453c-be69-b53a7445b466,2025-09-02T10:16,9,48.33,Online,Completed
f892da87-0127-4504-b590-9d445d87003a,058b9c75-b72f-4594-80d2-e41194ff7672,2024-05-08T10:16,6,145.74,Cash,Pending
8516843d-c506-4621-abf5-20963c1037df,e6cb1215-5314-4d05-bfd1-f6e5d36e89f7,2024-03-01T10:16,8,140.96,Online,Pending
2cb9924a-34a6-4386-b415-6f08c2f5d93c,824998a2-7592-4051-ab0b-d5e12743c93b,2023-12-18T10:16,6,107.34,Card,Pending
caf7679c-eee6-4c92-9dc3-c868674dcbf5,d6d4ef4b-0870-48aa-b884-013237f255f4,2024-07-27T10:16,7,160.72,Card,Completed
da55b638-388b-4207-8ad8-2f0cb3e0f251,f067e21d-d1d4-4e87-9cae-9753f5f9ccb6,2025-11-02T10:16,4,45.00,Cash,Pending
f2df5d86-c8fb-4744-afd0-6197a72715a8,c3ffc43c-0c11-40fa-9824-f234161741d0,2025-10-05T10:16,3,57.78,Card,Cancelled
e67d1116-ef74-445c-a87f-82d7d10304ef,caca465c-e9f2-4add-91b5-24c70595e321,2025-03-15T10:16,2,29.30,Cash,Pending
e3a992c0-a2a6-4edf-93ca-dc25d75b1c17,6b1178fc-1745-401d-88da-3903c243ebe9,2024-07-23T10:16,5,84.90,Card,Completed
857421ab-b6d6-404d-bda7-f0b3ef9996d8,93cdeef1-3fc3-4a63-a275-0ae87ae6b335,2025-02-12T10:16,8,94.24,Card,Completed
89918561-091c-4437-a5f9-2d6fee61dc00,7a2e5fa5-096b-4701-8ce6-7a3db39bf8eb,2024-06-15T10:16,4,85.36,Cash,Completed
dce38b44-cad5-4329-8326-5083069a37ab,bb9edfa8-17f7-4f6f-8e3b-616693a298b1,2024-01-25T10:16,6,34.02,Card,Pending
f8213358-0cfe-4552-b4d4-6b06708312b0,f543de06-e341-4de2-95ab-ca0fd3ee51fe,2024-11-06T10:16,1,13.36,Online,Completed
11a05ea7-f21c-4f81-8a77-3484c5aee874,000f9c8f-2fc7-4346-844d-c04f10751265,2025-03-06T10:16,2,29.04,Card,Pending
ab50e70e-6e5b-4414-a452-3bcaef2e6626,74e76582-f1b8-4560-b049-8aebb59d4721,2025-07-10T10:16,8,177.36,Card,Cancelled
8b5c5eab-ae8e-472a-b4b4-824980eb9c26,a5ffc907-be77-43e6-8694-4a0bf09bd3fb,2025-06-17T10:16,5,85.30,Card,Completed
7462c806-789d-49b6-8b58-63630a327019,726d71e2-70fd-4416-8568-78619c14a73a,2024-07-06T10:16,5,145.95,Online,Pending
bff34a00-2b3d-43c4-8fef-adffe877b32e,1a31c678-d420-495a-aff3-0f1609514e1e,2025-06-18T10:16,6,161.70,Cash,Cancelled
140578cb-e3a5-4ee8-b8b9-81d0aea36394,9c53f3f8-5b22-4d77-bd76-cfa6c70e443c,2025-06-29T10:16,5,103.80,Card,Pending
75ff71b5-a3c2-4a2b-a729-9509d9305c29,36b880b0-e9bd-4c0b-8f1c-32018f6c758a,2024-08-24T10:16,3,29.85,Cash,Cancelled
db0e70ca-3768-48c8-97e2-f6029134dc6b,90f0db1e-2b19-43f7-ba17-233c7c214eca,2025-06-25T10:16,7,64.12,Card,Pending
f05c6af2-203b-4a61-985c-61b631ff1523,ebe19120-496a-47fa-87eb-2440212a3363,2024-07-19T10:16,7,205.31,Cash,Completed
4c33b176-8b34-432e-b50f-b35472fb1ae9,99c406e7-092b-4eeb-bc08-56fc041c253d,2024-05-27T10:16,3,43.62,Cash,Cancelled
4d147456-086e-4d78-b164-3b82768761d3,5f0f3def-9ff6-4282-ad04-001c4a769966,2025-03-14T10:16,4,97.76,Cash,Cancelled
52b39167-b4e7-4dbb-8fe2-ba292bfb2811,b90a3a7f-421e-47e5-8598-fe50f365a62e,2025-09-14T10:16,6,147.90,Online,Completed
248cb9e5-fb9e-42c7-b642-2e9c2654e44c,9fa382f0-8393-48db-ad30-43c953282401,2025-10-07T10:16,1,17.57,Online,Completed
23fa2026-302d-4782-9249-b293ceb41816,6c3bf618-a715-40f9-9faa-cfc5f5beef2f,2025-05-12T10:16,8,111.76,Card,Completed
33fe867f-6912-46b0-8788-12dc5480e521,365c90d0-a590-4209-9401-2ce55af5ed98,2025-04-13T10:16,2,12.24,Cash,Cancelled
145b49bf-9384-4ae3-9740-13abe59bef04,6bd388d4-5636-450b-bacd-55bdcb769bab,2024-12-09T10:16,2,25.22,Cash,Completed
acb0ed45-3b39-409b-af4c-c407055e15ee,1407e9cf-22c9-4137-a2fe-cc12dc038235,2025-02-07T10:16,9,57.87,Online,Pending
6e59df15-1be6-481f-bc8d-a63f3a6ddcd2,ef7fad1f-a86f-4ee1-95b4-ce1f339f0fa5,2024-10-15T10:16,4,117.64,Online,Cancelled
0540eca4-c638-4c17-9b82-2090fa310fdb,fbe227d7-6d32-4407-9783-7fdac983e55f,2025-01-10T10:16,9,54.90,Online,Cancelled
35b1569e-5105-4630-a8b8-87e02f159e4f,dcfb3d05-846d-4915-99f3-ebbc7559d972,2024-08-07T10:16,6,114.54,Online,Completed
108234b7-e5dd-4451-962d-3dea7ea068a9,0a5a9fc7-e126-48f0-99aa-dea85c606f66,2025-03-07T10:16,4,58.64,Card,Completed
7d3457ba-0311-4094-9558-e049a7c08096,824998a2-7592-4051-ab0b-d5e12743c93b,2025-06-21T10:16,8,50.64,Cash,Pending
5b936e17-0e40-42ae-ad65-414c8a295763,77ca464a-fe0d-4dcc-8f08-3eb2f7b64f76,2025-03-17T10:16,2,23.18,Card,Completed
1b109cff-07a4-43e4-a8b6-d6b53734794b,050d9901-1cb5-413a-9c31-282028f863c1,2024-05-23T10:16,1,10.09,Card,Cancelled
b82b8e0e-92d3-420a-b1c3-539e1c24b7be,71f17b36-2c37-4cfa-bf8a-894fa94c0e9b,2025-02-01T10:16,4,113.84,Online,Completed
ab5e7389-2e5c-460a-9c76-c309377851de,80537cf2-360f-4740-8b7e-d4cd56e22987,2024-03-02T10:16,7,93.80,Online,Pending
4b4e9b78-8640-4d67-8676-609faf0d6218,0e0d5f13-edd5-4ab0-9ddd-3df111bedc5a,2024-03-24T10:16,9,81.63,Online,Cancelled
d085ef2e-8627-4d66-b198-d5164fe78aea,53db1213-7316-47bb-9099-c1def0e3c96b,2025-04-15T10:16,4,33.84,Online,Cancelled
5b5967b8-d6d1-4fea-84b1-9a1dd82ddd7a,e7991221-0de0-4ef8-aa9c-ca3b59197059,2025-10-19T10:16,5,67.80,Card,Cancelled
627ea3e3-ace4-4579-977b-3724fc81b50b,36b880b0-e9bd-4c0b-8f1c-32018f6c758a,2024-01-21T10:16,5,74.00,Cash,Pending
0fa1a69a-9db3-41ea-9ffc-3dfffebca00e,c3ffc43c-0c11-40fa-9824-f234161741d0,2025-03-31T10:16,5,148.10,Card,Completed
81b8ffbc-53ef-4d20-9394-8f76a17c5664,8626238e-5813-415a-9a8c-db944b1e0269,2024-01-18T10:16,1,23.92,Online,Completed
c80ed428-a587-4e6c-a5ee-bbb5d4a3bde5,c83bba2f-5229-4998-9566-1f3179b13e8a,2025-03-30T10:16,7,132.79,Online,Completed
36911b9f-b8ef-4232-9433-97abc5f3c843,6e551d53-4f6d-4b84-a9de-3d7c79694805,2025-01-25T10:16,9,204.57,Card,Completed
75b16f72-ceac-47a8-be21-b03d02f9ac1d,8887df7e-682b-4d48-b18c-c1ddfa0aaa26,2024-09-06T10:16,3,42.66,Card,Completed
c907c82e-0153-4554-9981-96549e55cff9,80537cf2-360f-4740-8b7e-d4cd56e22987,2025-04-02T10:16,1,23.45,Cash,Pending
bccd2f19-f5d0-4326-8785-e4aabf899451,7a2e5fa5-096b-4701-8ce6-7a3db39bf8eb,2024-03-27T10:16,2,32.24,Online,Pending
9c8a3885-3515-4a59-af73-20e4938d90a3,7a18d550-38d0-40b2-84a7-547162e7e409,2024-07-18T10:16,7,147.00,Card,Completed
24d70200-00ef-495a-8b95-f55eda95b1b7,8e1bbe6c-7b75-46dc-8ca1-0b1664cd6ae4,2025-06-19T10:16,6,161.70,Card,Cancelled
0388b4cb-fbf9-439e-a402-50bbe5b634f9,f90cf3ca-e2d0-4129-bc7a-e8a2b80880da,2025-02-10T10:16,6,79.02,Cash,Pending
e43d7a68-860e-446e-bd8f-5835842d6546,63846b60-b7be-4087-ac6e-56c9bc130a20,2024-07-31T10:16,6,77.28,Card,Completed
4ebd3152-9af1-4630-a020-8583bc720db0,f6c35464-33dd-44a7-bf84-071f2e427045,2025-01-10T10:16,8,47.20,Card,Pending
442ffe68-7821-4a37-89bd-3dc90f97f89b,824998a2-7592-4051-ab0b-d5e12743c93b,2023-12-23T10:16,3,68.55,Online,Cancelled
a20a4127-dc1f-492e-937f-496b6800f22a,f90cf3ca-e2d0-4129-bc7a-e8a2b80880da,2025-05-19T10:16,9,244.80,Cash,Cancelled
602c1931-c620-4ea1-96b5-de8cbf7520a9,8113211c-bdc3-4bb0-94d9-3fd3871f3005,2023-12-06T10:16,7,64.12,Online,Completed
e6fbd05b-78e7-4784-ace0-b7f283cd5442,953417c6-cd52-45e9-9ca0-bb450653c934,2024-12-13T10:16,6,150.42,Online,Pending
b819ff3c-9419-4fd7-a1c3-4d9d348983c4,89d26a00-0fde-4c03-8430-b06f6bc3f33a,2025-05-19T10:16,4,68.72,Card,Pending
c75cf308-6ea1-4e54-9e48-e03554e9ccc7,0a570207-0f70-467f-bbeb-44a0a60a9a25,2024-03-02T10:16,7,158.90,Cash,Cancelled
b3817486-d72e-41be-bca0-e4eec8ee5454,3910ab11-8758-4a4f-8a9b-c4f5df7413c4,2025-09-20T10:16,1,27.58,Online,Cancelled
8f41bf53-0fd4-4811-98e6-c17006f49555,726d71e2-70fd-4416-8568-78619c14a73a,2023-12-16T10:16,6,179.28,Online,Cancelled
71e2bd2d-ea74-4081-83d8-af44e6835e54,ef7fad1f-a86f-4ee1-95b4-ce1f339f0fa5,2024-03-11T10:16,3,49.38,Card,Cancelled
a37f10eb-7300-4a21-82ec-03ee90bfde9f,ec3490d2-e8da-47ee-ae12-0ca0b1d7a2bb,2025-09-14T10:16,3,54.27,Online,Cancelled
c4c0a428-f112-414f-bf2f-69b1b51e7c0c,02c65c06-56ad-4670-b8e2-10ab417c7154,2024-08-03T10:16,1,27.06,Online,Cancelled
ee2353c8-1955-475c-bc6a-8a8e3fb637f6,a3f626b9-cc27-4c04-8570-be79ab8bda4a,2025-02-02T10:16,7,85.33,Card,Pending
f0ae3864-0f50-4232-a778-2217a0b7c61a,69446e90-4237-4410-ab55-e011eb04cce0,2024-03-24T10:16,7,114.80,Cash,Cancelled
720e44b3-8d07-42ba-8426-b7197d07b6ed,71f17b36-2c37-4cfa-bf8a-894fa94c0e9b,2024-09-04T10:16,4,77.52,Online,Completed
471be470-f273-4533-a565-be07405a8f29,6e6d2c67-f7fb-4a98-8f9a-4822259b25c4,2024-08-02T10:16,5,74.90,Online,Completed
a66007a8-323c-4e4d-bb90-a7fbdbedd1c2,4717d2a3-4b2a-44f1-b960-a2b73e2d23fd,2024-10-04T10:16,2,16.26,Card,Cancelled
3d8de0f3-6ce2-4698-b3ba-c471a4cfff29,c1a09d60-c9e8-4489-a68e-e01b51541d33,2024-08-20T10:16,6,63.78,Card,Completed
a65fbb10-d659-47a1-82fe-31a72935eaa2,d5eaf6a7-76cc-48ec-98d9-ba713e2df70f,2025-04-29T10:16,9,78.39,Cash,Cancelled
851b05a3-774e-4544-b5b8-04d031c3c7e8,f3826f04-0dfa-4266-8002-58fede0093f5,2025-10-11T10:16,4,52.20,Cash,Pending
a234daad-fa48-4927-b139-fa629dec7aaa,6e6d2c67-f7fb-4a98-8f9a-4822259b25c4,2024-10-24T10:16,4,74.96,Card,Pending
e20a9828-c24e-47e2-b34b-517c3311101c,f6c35464-33dd-44a7-bf84-071f2e427045,2024-02-18T10:16,4,22.68,Card,Pending
962d7344-ae37-40ed-8115-55b61a29d00a,953417c6-cd52-45e9-9ca0-bb450653c934,2025-02-21T10:16,4,60.16,Card,Pending
b10d58c0-559c-4258-b973-ee750fca93e4,10b26c2d-7d56-4175-84a8-a2775e128a9d,2024-06-03T10:16,3,67.08,Online,Cancelled
f6cafd77-8f66-436e-b319-b6d92f6bdff8,0d463f72-c3a1-4a2b-8d0d-1721a0d1a06b,2024-07-26T10:16,6,109.86,Cash,Cancelled
6cbe8e28-1c0c-4b98-b4c7-fe64eed1cedf,b6c26110-1b77-4777-8c79-c69ec19b66df,2023-12-17T10:16,8,110.64,Cash,Completed
7dcf3189-fc96-403c-9243-7b64e51c8a09,8887df7e-682b-4d48-b18c-c1ddfa0aaa26,2025-04-28T10:16,4,82.24,Card,Pending
11eecbe0-3578-46f2-9568-92b947c12009,4bb2d776-14c0-4ef6-b8ba-c580cbed72b8,2025-04-25T10:16,4,110.64,Cash,Completed
40411b27-daab-4156-9b7d-625564bcbb9b,935ebde1-5945-4673-886e-1a7a12cc2d4e,2024-02-09T10:16,1,24.71,Cash,Completed
b94701dc-34e5-4232-88bb-316dcde6053f,23650eb4-f98d-45a3-a90b-a378f03d469d,2025-10-09T10:16,5,138.80,Cash,Completed
729d18c5-6e1a-47be-a5a3-bb06223d4033,fe624323-ba72-456d-9842-ed9e0edc75df,2024-11-03T10:16,1,7.46,Online,Completed
f45b69f4-df86-4ae1-a8bd-c33157f72f2d,71f17b36-2c37-4cfa-bf8a-894fa94c0e9b,2024-12-17T10:16,5,85.55,Online,Cancelled
8ca11284-f898-42c9-a655-a523fc261101,21edfc22-3f73-4335-a774-3cf78ab65e86,2025-03-08T10:16,2,57.80,Cash,Cancelled
e70ea4a1-ffa6-4f15-a443-da31537c51d9,983d66ae-c8b0-46b8-8abc-26a1055cf729,2024-11-02T10:16,9,257.31,Online,Cancelled
777e7435-e310-4182-9287-417cb2b246ec,885715b6-b1eb-44ca-8460-28c0343e56f3,2024-07-28T10:16,8,83.20,Cash,Pending
3b9927ad-4a4c-49ba-bc4c-80e5edb3cd61,cb8747c7-32ca-4b6b-868d-13ab01d953ec,2024-02-21T10:16,7,36.12,Online,Cancelled
a2aaa4b8-8a57-48a0-acd3-22d2a801a49d,2a109685-1399-4149-8951-fba29bb0360d,2024-11-23T10:16,8,229.36,Online,Pending
699d1a40-bc42-43de-bef7-cafa553f3886,9c53f3f8-5b22-4d77-bd76-cfa6c70e443c,2025-10-30T10:16,5,61.30,Cash,Pending
3979192f-b8f8-4da6-9fd0-fc5653f6a2e5,8e1bbe6c-7b75-46dc-8ca1-0b1664cd6ae4,2025-08-28T10:16,2,46.98,Card,Cancelled
8c499950-f8ea-4a46-90df-499e8ef3fef4,4b14a58c-f1e4-40b6-888d-a88cd7055099,2024-05-05T10:16,7,96.32,Card,Pending
8ae881f5-70b7-41a1-9b1d-146ded1b4c15,7d2df59f-386d-4aec-85a8-2443262a0cb4,2025-02-19T10:16,3,39.54,Cash,Pending
3164def4-c64e-49b2-a39b-cb86b62643b1,71f17b36-2c37-4cfa-bf8a-894fa94c0e9b,2024-05-16T10:16,9,185.67,Cash,Pending
df3d6645-8e58-4d85-a2b5-47624e812649,6f61ca8e-51a1-48e0-abfa-88326e713e34,2024-06-14T10:16,1,29.63,Card,Pending
9de95025-c8b8-44e6-ac02-3646392bf521,36b880b0-e9bd-4c0b-8f1c-32018f6c758a,2025-11-03T10:16,5,144.20,Card,Pending
452ac0f2-3acd-4715-bf43-d06ec691f5e8,e6cb1215-5314-4d05-bfd1-f6e5d36e89f7,2024-04-01T10:16,2,12.12,Online,Pending
3d2d76ed-62d7-4c72-8b6f-519772f1a6f9,e85d0261-2d97-4475-a749-363ec9040a74,2025-01-31T10:16,5,70.70,Card,Pending
6873add1-8173-44aa-aa28-ee1a893ec92e,6c3bf618-a715-40f9-9faa-cfc5f5beef2f,2024-10-17T10:16,5,113.40,Online,Completed
c6a91d6c-d1f7-474b-95c9-fd8970c16c0f,99c406e7-092b-4eeb-bc08-56fc041c253d,2024-06-05T10:16,7,209.72,Card,Cancelled
5f3ca124-e06d-4320-b359-4e15ca5ab814,050d9901-1cb5-413a-9c31-282028f863c1,2024-04-06T10:16,1,14.67,Cash,Completed
34b65f61-4389-49a9-b2a6-a3f56750d4cc,8b546c63-5406-493d-bc69-cfb594b38267,2025-07-22T10:16,2,13.56,Cash,Cancelled
94993426-a160-4954-8103-8c879bb5e0ab,c5817fdc-a4dc-4879-b957-30cfda62016b,2024-01-04T10:16,8,94.80,Online,Pending
e2e42e9a-92ab-489d-8eaf-db64d3aeeb22,7169ef0c-f2c8-4ae3-83f6-87691664d2d2,2024-11-10T10:16,9,81.72,Online,Pending
f84cac09-c543-4581-a63d-27e6a87248f7,27e45431-1333-4ffd-a0c8-be56ffdc5d4e,2024-02-08T10:16,8,87.12,Card,Pending
2ff1c42b-04ce-4597-b13a-3be3a5dbc552,98b17fed-218c-4f20-8410-9f0edfc74455,2025-01-07T10:16,8,131.28,Online,Pending
b39f5dea-e112-40d4-81fe-f97303b6b883,65b2c0ea-6192-47fc-9286-2c1dd3ecefb1,2024-09-24T10:16,5,71.15,Online,Pending
01ddcbd3-aa0a-4a64-838d-bc6af69d92b1,4e6807ca-aed8-4ec9-b1b0-0e3aba57efb1,2025-06-27T10:16,3,51.51,Card,Completed
f1b4fbf6-ec08-4fe8-b493-a4215ea2ffad,e85d0261-2d97-4475-a749-363ec9040a74,2025-01-18T10:16,3,52.50,Online,Pending
3b7bd259-e1eb-49c7-b810-ac6ded18c1cb,74e76582-f1b8-4560-b049-8aebb59d4721,2024-02-01T10:16,3,72.21,Cash,Completed
6d6a5394-26fc-4092-84ed-808ec7cbb81c,0d463f72-c3a1-4a2b-8d0d-1721a0d1a06b,2023-11-20T10:16,8,91.28,Cash,Pending
3f1807c0-e60d-4130-a701-e365fcde1f69,0130fcd4-a6cf-4a72-8400-7bcae1abce34,2025-04-23T10:16,8,235.92,Online,Cancelled
4e393854-e36a-4126-b4ed-0317a26e0d6e,6b1178fc-1745-401d-88da-3903c243ebe9,2025-08-14T10:16,8,239.44,Card,Cancelled
0a42fe01-bd79-4943-8ccc-5548b1a5c0a0,ecf1ffb0-ac00-4968-87ea-8beef4ace55a,2024-07-18T10:16,9,104.31,Cash,Pending
d888226a-02a2-41fc-a27d-5c9ff247be0e,b95f7619-fab2-4df9-8683-1f2aeb93a660,2024-01-18T10:16,8,55.12,Online,Cancelled
db3c8176-6f87-4dab-9a18-c3e60b9b820b,65b2c0ea-6192-47fc-9286-2c1dd3ecefb1,2024-06-12T10:16,5,56.20,Card,Completed
aac21418-cc3b-4f23-a448-d19aee9ee579,11526850-7335-463f-b740-a52a90457c3b,2024-04-23T10:16,3,46.44,Cash,Cancelled
e0fb7be4-8745-4606-bec0-2aec1f64bcc8,25659c0e-6eb5-4c57-add8-fb6ac5f42699,2025-04-01T10:16,5,79.70,Cash,Pending
cfb4e399-d64f-49f1-9965-e34eaa6c2b71,6b1178fc-1745-401d-88da-3903c243ebe9,2024-12-26T10:16,8,211.28,Card,Pending
182bc7ba-9dfc-419f-86c4-8a5bc3fedaf3,65b2c0ea-6192-47fc-9286-2c1dd3ecefb1,2024-02-06T10:16,2,49.88,Cash,Pending
bf017d84-17c7-4e4c-a60e-11567c07e426,cd50913f-8c99-4253-9134-0cf5fe5f300f,2025-01-21T10:16,8,101.28,Online,Cancelled
b112f52d-93c4-4e2c-9b4a-d723e56193b1,bb9edfa8-17f7-4f6f-8e3b-616693a298b1,2024-08-02T10:16,5,78.55,Cash,Pending
d6549ccd-3db4-46f5-976e-c13f1ef62ffa,b0d737cd-ec4b-4a88-aa81-d012ef3fb719,2024-06-14T10:16,3,69.45,Online,Cancelled
53c7ab6d-9558-4e9a-8cb2-f8f4a1af45a5,8250871a-2b35-424e-a1a1-4eb4faffabfb,2025-10-29T10:16,5,140.05,Online,Cancelled
db657ad7-c6b9-41f6-ac4b-f34ae9e79354,89d26a00-0fde-4c03-8430-b06f6bc3f33a,2024-08-22T10:16,3,51.84,Cash,Completed
5ebb159f-4c04-46db-bd62-84e6670c920c,68169a66-a8d4-4763-914e-7befc826445b,2023-12-04T10:16,6,40.02,Online,Completed
49862bd4-3be3-4401-ad57-a415a0a7e97c,6945f6f4-b8f9-4d04-90ff-e59ed705578e,2024-03-19T10:16,2,19.64,Card,Cancelled
6b37ef68-ff88-40a6-8570-089b32df84f9,5eb75bc0-d5fa-4209-9d42-7767f3f0585b,2023-12-06T10:16,1,22.90,Cash,Completed
1b85f822-5d95-4588-ac46-aa013ff61c37,39cb44e2-a541-4b98-bc0b-db5f31cf8710,2024-09-08T10:16,7,203.14,Card,Cancelled
33dfcab2-33da-4434-9379-9f5798431be1,b6c26110-1b77-4777-8c79-c69ec19b66df,2024-12-01T10:16,7,44.24,Cash,Cancelled
ad19a4a2-be12-4785-b64c-34841a405920,5f0f3def-9ff6-4282-ad04-001c4a769966,2025-07-30T10:16,3,52.98,Card,Cancelled
3f98f421-2e8f-4153-8915-b873c969c0d1,26d032f1-9fe9-487a-987a-a8be14e1db05,2025-08-27T10:16,1,14.24,Cash,Completed
5cf631bb-d205-4e34-8765-5f0034c06ca7,c83bba2f-5229-4998-9566-1f3179b13e8a,2025-08-06T10:16,7,144.20,Online,Cancelled
ffdb91ef-53b6-404e-91d9-2dedd0d7f8c4,d7af10ce-45c9-4fc8-8dd8-b1c5491aad5f,2025-02-24T10:16,5,35.40,Cash,Cancelled
68888696-49e9-4620-a61a-c577d3b5f5b9,6e6d2c67-f7fb-4a98-8f9a-4822259b25c4,2025-02-22T10:16,2,50.28,Card,Cancelled
b8496f0d-48ae-4874-a898-e6269225294a,ebbc7df0-770d-44f8-b0ff-c62f9006e40e,2025-03-15T10:16,5,70.55,Online,Cancelled
0539045d-d4da-4aa2-887c-436a8ef35b8f,bb6bf39c-f455-4e08-a59e-1bdaaa91d4aa,2024-05-10T10:16,5,127.75,Cash,Completed
d8954107-bed8-4b9e-ab79-864d855eb508,ff4db0d8-e809-46e8-9ae0-78ffee4902d9,2024-10-14T10:16,6,79.74,Online,Completed
4d72ade8-6413-4762-9905-3dda246f1900,ec3490d2-e8da-47ee-ae12-0ca0b1d7a2bb,2025-07-05T10:16,2,38.40,Cash,Pending
95264390-ba01-4066-bf87-680f840e1c47,f543de06-e341-4de2-95ab-ca0fd3ee51fe,2024-12-01T10:16,5,26.70,Online,Pending
12e271cf-e742-4245-a2bd-bfd23794c348,05ccd8a5-ea5f-4353-bd1e-3022152b0685,2024-11-11T10:16,3,33.90,Online,Pending
52881ac9-3ff4-49be-92e4-0cfc494acb4a,9b9edd1e-b4f7-414c-b8b5-a3dc51fa0a8c,2024-11-21T10:16,3,84.15,Card,Completed
d75ee36c-a5cb-4fcb-b41f-e8d482c163e8,fbe227d7-6d32-4407-9783-7fdac983e55f,2025-09-26T10:16,2,30.30,Card,Completed
422992bd-78ad-4f3e-9dbb-dbe28c8a8e35,1d32c3b3-c732-4995-aa6b-ff159deb3bdf,2025-08-30T10:16,9,194.49,Cash,Completed
46db6cc0-c7b3-4072-b92f-4b69384a955c,c1a09d60-c9e8-4489-a68e-e01b51541d33,2023-11-18T10:16,7,64.68,Cash,Completed
de6e7788-8b81-4ca6-b406-819c763fb823,0d463f72-c3a1-4a2b-8d0d-1721a0d1a06b,2025-05-30T10:16,8,217.36,Card,Cancelled
242eb55c-ef1d-4dab-9448-596fc23cb0bf,89d26a00-0fde-4c03-8430-b06f6bc3f33a,2025-01-16T10:16,4,63.56,Online,Completed
caa3aa9c-46a0-4812-9a59-6ad962ec0db4,0d463f72-c3a1-4a2b-8d0d-1721a0d1a06b,2025-11-01T10:16,1,12.37,Online,Completed
059493d3-8175-4ae1-a3b8-e742085cf269,4bb2d776-14c0-4ef6-b8ba-c580cbed72b8,2025-05-16T10:16,6,112.08,Card,Completed
3bdc143b-60e1-47c8-85d9-8db31e72d638,59827b2a-ae17-44b1-bd6f-6f08718559cb,2025-02-14T10:16,7,167.16,Online,Completed
5c09894c-d041-4435-af84-4f70d0c744e0,3910ab11-8758-4a4f-8a9b-c4f5df7413c4,2024-01-26T10:16,8,180.96,Cash,Cancelled
862475db-c680-4130-a8cf-6fc6e3a63449,5f0f3def-9ff6-4282-ad04-001c4a769966,2025-08-18T10:16,4,33.08,Card,Cancelled
e1e7696c-2e43-48b4-b493-d32d79184751,ff4db0d8-e809-46e8-9ae0-78ffee4902d9,2024-11-17T10:16,5,57.85,Card,Cancelled
7b0e1ace-b21d-4785-8769-748305aa5a31,c5817fdc-a4dc-4879-b957-30cfda62016b,2025-07-29T10:16,7,181.65,Card,Cancelled
f3a2461b-c2d0-457b-8a83-7eaff65d532a,8b546c63-5406-493d-bc69-cfb594b38267,2024-08-11T10:16,5,125.50,Cash,Completed
15932fc9-2cf0-46a9-b50a-79ffa493bc96,bc58b12c-65c4-4f21-89ef-3e492a22ef7c,2025-10-19T10:16,1,12.86,Card,Cancelled
77641f37-1c28-443b-b509-500c3972a4ff,050d9901-1cb5-413a-9c31-282028f863c1,2024-06-15T10:16,8,86.48,Online,Cancelled
41f5941f-13dc-4a9e-8bdd-406bc0e2820d,b014b56e-3263-4b63-8430-46e00bc5ea77,2024-04-02T10:16,8,155.52,Cash,Cancelled
ea12ddaf-e6ce-4fb0-8099-c549e1cdecc5,f3826f04-0dfa-4266-8002-58fede0093f5,2025-04-14T10:16,2,11.90,Cash,Completed
c0dba9ef-b4b5-4ba1-a21d-79dc8855f2a0,8887df7e-682b-4d48-b18c-c1ddfa0aaa26,2025-10-09T10:16,8,212.72,Cash,Completed
48ec66b8-6b1c-4d8c-8f45-1fa91a204bf8,9305d562-2505-493d-8ed8-3fb721c8f491,2024-06-18T10:16,5,118.25,Card,Pending
38c1265f-bd14-4573-ba2b-e283f61efe82,ebbc7df0-770d-44f8-b0ff-c62f9006e40e,2024-03-01T10:16,8,43.92,Cash,Pending
e3a50799-e354-44fe-b2f4-e7be10f45882,f3826f04-0dfa-4266-8002-58fede0093f5,2024-12-25T10:16,1,7.25,Online,Cancelled
c01e8d1d-0f32-4c2e-a935-6f83d8cde2dc,0b2a0e9a-e050-4380-b607-57adcbbf59d4,2024-04-12T10:16,4,107.48,Card,Completed
08a93a89-ccfc-4a45-9abc-eb4bac4041bb,4e44f26d-5455-405b-8fdb-63ab8b739ecf,2025-10-02T10:16,6,112.92,Card,Cancelled
8d78e972-9ce1-45f7-8aa7-4e2ce71f0c18,90f0db1e-2b19-43f7-ba17-233c7c214eca,2024-08-29T10:16,8,151.92,Card,Completed
bc6aa37d-ba7c-4d20-adae-023d9dd3d230,1d32c3b3-c732-4995-aa6b-ff159deb3bdf,2024-06-08T10:16,4,20.96,Online,Completed
676084ae-7fe6-4d5a-a0d6-d966c9920c44,6b1178fc-1745-401d-88da-3903c243ebe9,2024-07-14T10:16,2,43.20,Card,Completed
babb868f-9cbe-439b-aa6f-da7c8e68c537,485b65e7-fdf4-474d-afba-37986d8d3cd8,2025-08-14T10:16,4,84.72,Online,Cancelled
237bbb72-0a48-41ca-b690-154eed2f8193,4f6ae324-5b6d-47d6-a86d-26ec6fbe1e0e,2025-06-11T10:16,3,23.79,Cash,Cancelled
5172568d-ff33-4e6f-87ce-fcc7c3588333,67c276b0-7be6-4f3c-bf86-c342095c8112,2025-11-09T10:16,4,84.72,Cash,Completed
fd319ef5-811e-4c8c-9838-60bcc7cb621a,964d337f-acd5-4ca2-8843-9be3f2eb60fc,2025-02-28T10:16,6,137.64,Card,Completed
60b17640-550c-4350-b70a-fe250c10fcb7,0a570207-0f70-467f-bbeb-44a0a60a9a25,2024-01-25T10:16,8,90.56,Card,Pending
19522f24-b503-4450-a2b7-cdfaad3cb586,6bd388d4-5636-450b-bacd-55bdcb769bab,2025-05-31T10:16,2,49.74,Card,Cancelled
55915063-d97f-4a92-a930-ba7581a19256,10b26c2d-7d56-4175-84a8-a2775e128a9d,2025-08-08T10:16,1,10.59,Online,Completed
c22d9385-22a3-45c6-bca4-714dac9baba6,fe624323-ba72-456d-9842-ed9e0edc75df,2024-09-08T10:16,5,112.50,Online,Completed
be32d311-bf01-4352-a368-7a975eb09261,d5cfb1a3-ce2f-4aff-ab4c-50e0c5426af1,2025-08-05T10:16,1,15.99,Card,Cancelled
0e7dac97-6b50-41b9-8a51-f97feeb0289b,caad7924-4bc5-4f85-9662-11ca261e3c87,2025-07-09T10:16,5,129.20,Online,Completed
b064c28d-08cf-43f0-a602-65686cf97b3e,52fbb114-83aa-432d-b2f1-f3e37a5c4754,2024-06-05T10:16,3,87.42,Card,Cancelled
46e97a30-07eb-4975-9562-9e3ec0a2011c,0a570207-0f70-467f-bbeb-44a0a60a9a25,2024-10-23T10:16,7,113.47,Cash,Cancelled
5d213c27-06f3-4b9e-90cd-182dc7b8d39d,b90a3a7f-421e-47e5-8598-fe50f365a62e,2025-05-02T10:16,9,225.09,Online,Completed
2ad59f14-077e-424d-974d-b7f90239bff3,b03f75c1-655f-4480-a2bf-1a0af806e96e,2024-10-22T10:16,6,69.66,Cash,Pending
6e66001e-40e4-4040-9aac-83deeb464421,a190f67b-21df-46bc-8164-46bdfa00af85,2024-07-31T10:16,9,127.62,Card,Pending
83411ecc-56c0-4205-9411-423d7fdfd380,3910ab11-8758-4a4f-8a9b-c4f5df7413c4,2023-12-17T10:16,6,157.38,Cash,Pending
3fa951b5-9733-44c0-b34c-4804024e4f1d,25659c0e-6eb5-4c57-add8-fb6ac5f42699,2025-08-16T10:16,5,143.55,Card,Pending
9931bcfb-138d-4f06-ae61-8e6da5e4ceda,d5cfb1a3-ce2f-4aff-ab4c-50e0c5426af1,2024-11-28T10:16,6,102.24,Card,Pending
dd1a5734-eb77-41f3-8ba3-29f7b3bddf00,a5ffc907-be77-43e6-8694-4a0bf09bd3fb,2025-01-03T10:16,3,44.76,Cash,Pending
6bb2d8fc-815e-4b7c-b564-bf5b6946461a,0a570207-0f70-467f-bbeb-44a0a60a9a25,2024-06-29T10:16,3,60.30,Cash,Cancelled
bb4832ce-da3a-422c-86d0-83fe783affff,935ebde1-5945-4673-886e-1a7a12cc2d4e,2024-06-10T10:16,2,38.66,Online,Cancelled
c037ecda-ad24-450b-b686-0777ee5aeb62,1eeb9c5f-5b7a-47af-b4f1-5a50d9d1089c,2025-04-12T10:16,1,29.81,Online,Pending
d8e99a8a-5130-448d-8594-afa7eb8cf195,89d26a00-0fde-4c03-8430-b06f6bc3f33a,2025-05-23T10:16,8,129.20,Card,Completed
4268b332-ec60-43cc-8fde-46aaecabad7d,c1a09d60-c9e8-4489-a68e-e01b51541d33,2024-01-30T10:16,6,74.28,Cash,Pending
14a7eae8-658b-4211-bae7-ad935c39753f,67c276b0-7be6-4f3c-bf86-c342095c8112,2025-05-05T10:16,7,171.50,Card,Cancelled
d294e9d1-d4a5-4ff6-9407-f248161fbead,8626238e-5813-415a-9a8c-db944b1e0269,2025-03-03T10:16,8,175.44,Card,Completed
0c56306b-c36e-4ce1-8ba3-9862e0d3617e,49af098b-bf79-4643-8e49-739ea932d38b,2025-07-23T10:16,8,49.28,Online,Pending
b419b19f-dba5-45d3-b025-a63e80440b27,80537cf2-360f-4740-8b7e-d4cd56e22987,2025-10-08T10:16,4,67.52,Online,Cancelled
41ae227e-8419-401f-abc1-14200405e13e,d5cfb1a3-ce2f-4aff-ab4c-50e0c5426af1,2024-02-11T10:16,4,50.36,Online,Cancelled
a57976a9-0e7c-4b88-ad1c-2c77ac919732,56a75a3e-a944-4147-8cba-f1024726993f,2025-09-15T10:16,8,40.32,Online,Cancelled
2267fea7-336c-4c92-a06e-24711ce588ad,d87f31d7-79ef-4c17-856e-142e791b04da,2024-04-25T10:16,3,78.60,Card,Pending
e91bad84-8dad-4594-aa84-33ca8cfddd38,7a2e5fa5-096b-4701-8ce6-7a3db39bf8eb,2025-10-28T10:16,2,14.32,Online,Pending
7aa4ca15-cff2-4d86-a534-077a9d7918f5,bb9edfa8-17f7-4f6f-8e3b-616693a298b1,2024-10-18T10:16,7,115.22,Online,Pending
5461ea69-3d0e-47d0-ae43-99636afa6539,ebbc7df0-770d-44f8-b0ff-c62f9006e40e,2025-02-06T10:16,4,23.04,Card,Completed
97b6cf6a-a8ee-4613-992e-82db6307c561,4bb2d776-14c0-4ef6-b8ba-c580cbed72b8,2025-08-25T10:16,1,14.68,Online,Cancelled
6c51a415-d9d7-43a4-a223-c6dbb2bd9afc,cf65c4b6-4c1c-420b-95de-23e5b56ffad5,2025-07-03T10:16,5,109.55,Card,Pending
866b622d-dc89-4f7b-830e-ac90927e6cf6,26d032f1-9fe9-487a-987a-a8be14e1db05,2025-07-01T10:16,9,212.04,Online,Completed
c457f5b7-c59e-4c17-bacb-167113de6062,14eace30-1ac2-411e-8eef-98e8f32a87fb,2024-02-16T10:16,2,47.82,Online,Cancelled
b4df6fe0-b1bb-4fb0-8e30-8b61ae4cc947,c46351bf-193f-49af-a5d6-456188837c3d,2025-03-12T10:16,6,51.18,Online,Pending
cf3e1b5e-10a8-4ec0-b1f8-83beab5dea38,0df3bae1-6384-4856-aa27-aef9f6c48b75,2024-12-15T10:16,8,88.24,Card,Pending
55c3d1e6-84eb-419f-923c-2023ed7edcaf,6c3bf618-a715-40f9-9faa-cfc5f5beef2f,2025-04-24T10:16,2,36.70,Online,Pending
a40353fb-33a9-4bf7-97a4-56409a173573,98b17fed-218c-4f20-8410-9f0edfc74455,2024-11-10T10:16,6,172.92,Cash,Cancelled
3a43be5e-ea31-4652-af9e-dbfc695d4163,93cdeef1-3fc3-4a63-a275-0ae87ae6b335,2025-11-07T10:16,6,169.44,Card,Pending
6bc49673-6f23-45b4-bda7-eba3fb56c1de,11526850-7335-463f-b740-a52a90457c3b,2025-08-06T10:16,9,60.57,Online,Completed
395df73a-9d23-4036-9c52-35802e52c4d3,00d7ae70-0f46-4453-963c-4ab2a3d29314,2024-12-13T10:16,4,47.12,Online,Pending
1df6b674-dc11-4d0d-a41e-783bfd2a76b6,39cb44e2-a541-4b98-bc0b-db5f31cf8710,2025-07-14T10:16,3,42.48,Cash,Cancelled
30a569d0-1a74-4921-9bb7-85e728b54e48,7c991f43-c18b-4404-8826-97691b0dc00c,2024-10-04T10:16,9,61.47,Cash,Pending
37459777-c962-47b1-b6f8-2c82cf8ad5bb,49af098b-bf79-4643-8e49-739ea932d38b,2025-09-07T10:16,7,135.52,Card,Pending
7c246866-71bb-498c-b724-15a1a443a526,b3688304-b24b-416a-9bf4-c2b6aaeb59d3,2025-10-31T10:16,3,61.62,Online,Completed
d8528fea-181d-4dbe-8bea-7b82a693bcaa,0a15d43b-8f6b-444a-bef2-ffbddfdbd16f,2024-12-13T10:16,8,209.92,Cash,Pending
0b550b03-1d75-423c-935c-aa003c42384e,52fbb114-83aa-432d-b2f1-f3e37a5c4754,2025-07-30T10:16,8,218.72,Cash,Completed
d87e3f2b-3d1b-4b2e-9b6d-152b5fc2d1a2,885715b6-b1eb-44ca-8460-28c0343e56f3,2025-06-05T10:16,2,32.84,Card,Cancelled
f72200bf-c90a-45ac-9cfe-3e2961ba0582,1233cc27-7567-48e0-8dd2-6b0019506c2f,2023-12-28T10:16,8,48.56,Card,Completed
00d5a09e-352a-4049-8c3d-a09fe3867704,953417c6-cd52-45e9-9ca0-bb450653c934,2024-11-16T10:16,9,232.92,Online,Pending
2d029dd3-f656-45a0-a011-603a5fdb99c7,aff4340c-d102-49ba-af8e-84d2737ce82c,2025-02-26T10:16,3,26.67,Online,Completed
e8275e34-a8aa-4a73-8d0f-7d7167f594d7,b04ce307-2d1f-4214-b023-d8f4379041a1,2025-04-07T10:16,2,45.82,Cash,Cancelled
a29a157e-9e3b-4d93-8f9a-58743bade7ce,bf0de251-90d7-423c-8b31-48df1a89964f,2025-06-23T10:16,1,20.08,Online,Pending
1faf7577-538e-4987-9595-7b1daf8b0378,60cd80b6-3967-4dae-b4df-adc7b5644971,2024-01-04T10:16,8,66.56,Card,Pending
ab295954-8425-41a9-b186-fc0eb48a2bad,8887df7e-682b-4d48-b18c-c1ddfa0aaa26,2025-04-30T10:16,7,83.65,Online,Pending
18ea3ccb-3763-4b57-a372-c8e412eee06b,ada8704c-2784-4d70-84da-10078407d2c8,2024-11-16T10:16,3,53.37,Cash,Pending
ce0c57f6-b51f-4a71-86c6-567222666b16,4e6807ca-aed8-4ec9-b1b0-0e3aba57efb1,2024-11-28T10:16,5,47.55,Online,Cancelled
e5227e16-b43f-42df-8c09-8189b35212be,92da274a-bea2-490a-bb52-196c46fa8487,2025-06-09T10:16,1,8.81,Cash,Cancelled
48b86d05-4a7c-4852-abeb-ed0c575c0492,1d32c3b3-c732-4995-aa6b-ff159deb3bdf,2025-03-19T10:16,4,66.68,Online,Pending
176dbe0c-521a-4cd0-8847-a2a2bebef287,b014b56e-3263-4b63-8430-46e00bc5ea77,2024-08-26T10:16,1,25.71,Online,Completed
423c7c47-5342-4718-ab87-a60129d9bbee,65b2c0ea-6192-47fc-9286-2c1dd3ecefb1,2024-06-09T10:16,7,51.17,Card,Cancelled
5b08dc00-ff26-4a57-9c49-a6a6f752f4cf,f0a6a958-e434-41bf-a830-dffa55a34db5,2024-01-18T10:16,6,116.82,Cash,Completed
2f2c2bbe-320e-4a1c-bde4-f1fb99318c74,b0d737cd-ec4b-4a88-aa81-d012ef3fb719,2024-05-19T10:16,8,49.20,Card,Cancelled
b96c8b70-2389-491a-900b-7a25288a530b,98b17fed-218c-4f20-8410-9f0edfc74455,2023-12-25T10:16,5,107.15,Cash,Cancelled
03b03ff0-1591-4a0d-a1fb-61232175a5f3,71f17b36-2c37-4cfa-bf8a-894fa94c0e9b,2025-02-21T10:16,9,183.60,Online,Cancelled
0ce3f74c-c6c4-4970-8f6f-7bcd44e6067d,3dcaabe3-78c9-4d88-bed5-56ca7ceea07c,2025-07-27T10:16,3,89.52,Online,Pending
6aa0fb47-c5ce-4f45-a62a-d280c2a2788f,2a109685-1399-4149-8951-fba29bb0360d,2024-08-06T10:16,7,194.67,Online,Completed
79e8d86c-accd-425b-83d7-a8741056603c,8626238e-5813-415a-9a8c-db944b1e0269,2024-06-14T10:16,9,102.96,Cash,Pending
bdb24612-2d0b-459e-a260-e4327298f9fa,46032f36-69bc-465a-9b33-a5d560bfd77a,2025-07-22T10:16,2,47.24,Online,Cancelled
0d3c904f-ed02-4086-bc23-371a5c5662e6,f543de06-e341-4de2-95ab-ca0fd3ee51fe,2025-07-20T10:16,6,126.54,Online,Completed
f4c3a4ef-9a1e-4e18-9588-22b59ef4bbfc,8113211c-bdc3-4bb0-94d9-3fd3871f3005,2025-08-11T10:16,5,57.90,Card,Completed
435eac6b-b47e-4799-badb-bb508ebe04af,7d2df59f-386d-4aec-85a8-2443262a0cb4,2025-09-12T10:16,8,59.60,Online,Pending
1b1266e8-7333-42b1-bc53-35e9d29d627b,dcfb3d05-846d-4915-99f3-ebbc7559d972,2024-09-16T10:16,9,107.73,Online,Completed
a23a9914-71be-4c5b-aa43-1296e1d302a9,4e44f26d-5455-405b-8fdb-63ab8b739ecf,2025-10-13T10:16,5,53.50,Online,Completed
013b8c30-7c72-41cc-b5cc-b0d18b3316ae,964d337f-acd5-4ca2-8843-9be3f2eb60fc,2024-01-01T10:16,3,23.55,Online,Cancelled
7e3326d5-2dea-4e1c-91d5-e9a30aa63b22,e119f98a-df63-41dc-8e01-bb49ca2dc724,2024-06-22T10:16,9,233.10,Cash,Completed
75641a56-4dc2-451d-abd1-d05574373078,ba5d9947-b043-4aca-8ee0-6b77895cf8e8,2024-08-23T10:16,9,51.75,Cash,Completed
3019c2c6-7de8-4ace-918c-f65973892e6e,d6d4ef4b-0870-48aa-b884-013237f255f4,2024-11-28T10:16,9,135.99,Online,Completed
e25eecf5-c923-4636-bf9c-17dfcd3767ab,401a6911-a31e-4892-adc1-56e3e1eb090a,2024-11-23T10:16,6,35.46,Cash,Completed
d2e478e5-9be9-4980-8c0e-6ff6db5ee65c,d5cfb1a3-ce2f-4aff-ab4c-50e0c5426af1,2024-02-03T10:16,5,136.90,Card,Cancelled
009342c5-4362-4f44-b0dc-956242ddbe04,ada8704c-2784-4d70-84da-10078407d2c8,2025-04-26T10:16,1,19.51,Cash,Cancelled
4826a546-da04-436b-8fe2-71a08e66ddbf,00d7ae70-0f46-4453-963c-4ab2a3d29314,2024-08-19T10:16,5,68.20,Cash,Completed
7b863575-a37d-4929-a2ba-cd9ccd0802ae,fdb5454e-2230-489e-ade4-9218ff28cbd8,2024-02-04T10:16,8,119.04,Card,Completed
ab5f3b1b-d7bc-4629-8e97-60be3785645d,2ca088cd-c6c6-4e60-a1a4-d2990ee21b12,2025-02-01T10:16,2,45.64,Online,Cancelled
538246db-ca7e-47d6-978b-249e78d4aaba,6aaabc79-3d35-410f-bb96-f86a3930d0ff,2025-10-03T10:16,4,95.88,Cash,Pending
9cfeccfc-953e-4d3b-9106-9ab68b53fd1c,7d2df59f-386d-4aec-85a8-2443262a0cb4,2024-10-04T10:16,8,198.40,Card,Pending
9151a80d-7af1-4780-b150-6aec2e8dbd60,b3688304-b24b-416a-9bf4-c2b6aaeb59d3,2023-11-16T10:16,8,224.72,Cash,Cancelled
351fd1f6-4aa0-4805-8f76-14fe80ee453b,726d71e2-70fd-4416-8568-78619c14a73a,2025-10-14T10:16,9,246.69,Online,Cancelled
b76c0bcf-19c0-46f8-abd3-d54a5f50de07,e38afcd9-9e08-47ba-bc92-5ebb4bc271eb,2024-03-20T10:16,9,150.12,Cash,Pending
1c4c4958-b846-4a03-aafe-3308caab464c,dcfb3d05-846d-4915-99f3-ebbc7559d972,2024-05-22T10:16,4,49.20,Cash,Cancelled
0bffe2c6-1441-40db-85da-4863c945bc58,80537cf2-360f-4740-8b7e-d4cd56e22987,2025-09-20T10:16,4,115.56,Online,Cancelled
160f67e8-cc66-4f3e-b233-1ca89b9bc92c,6b1178fc-1745-401d-88da-3903c243ebe9,2024-07-24T10:16,9,158.13,Cash,Pending
ab398e05-ebb6-4f85-8515-3edd6aecba2b,fe624323-ba72-456d-9842-ed9e0edc75df,2024-04-21T10:16,8,219.04,Card,Cancelled
e2b9db3c-ed41-48a0-8422-8f69f4d1f0e0,92da274a-bea2-490a-bb52-196c46fa8487,2024-03-10T10:16,6,147.84,Online,Pending
63e6c719-48bc-4448-ba5a-ec40d5d57b3f,00d7ae70-0f46-4453-963c-4ab2a3d29314,2025-01-28T10:16,9,81.99,Cash,Cancelled
948b110a-fe17-42c4-b682-775a6d253699,d5cfb1a3-ce2f-4aff-ab4c-50e0c5426af1,2025-10-02T10:16,6,98.76,Online,Pending
cb2c10e5-afba-487f-9f13-4a026452fd20,ef7fad1f-a86f-4ee1-95b4-ce1f339f0fa5,2025-03-12T10:16,9,208.80,Card,Completed
40aefba7-c79e-4cfa-85f3-fc6035674737,fdb5454e-2230-489e-ade4-9218ff28cbd8,2025-02-03T10:16,5,29.35,Card,Pending
c524027c-555e-43c7-980a-dd1b075b272f,62a2bfef-ca4a-4dec-90ea-bf15ea1880d2,2024-03-18T10:16,7,87.22,Cash,Completed
5a6a5703-a392-4069-8452-ba5813670aac,2c6dafc9-06cc-4b3d-8b8d-12aae0644c58,2023-12-17T10:16,9,80.37,Card,Pending
dfcfd572-0f7c-4bd0-8093-0d3d3ede9913,cd50913f-8c99-4253-9134-0cf5fe5f300f,2024-01-09T10:16,2,11.00,Card,Cancelled
4c0a1360-ef7f-487c-89c4-4eb78524d8ca,910b1d47-5c37-48b1-8bde-96c60660f1d7,2024-12-28T10:16,1,9.49,Card,Pending
54705e75-6533-4c00-a740-6ac26339263e,f0a6a958-e434-41bf-a830-dffa55a34db5,2024-06-08T10:16,7,139.93,Card,Pending
1d1e0a1e-0846-4098-869e-d3b048c56da6,b03f75c1-655f-4480-a2bf-1a0af806e96e,2024-02-05T10:16,3,34.86,Card,Pending
f2fe13f5-f09a-4c36-b87e-4e111ad22bd1,36b880b0-e9bd-4c0b-8f1c-32018f6c758a,2025-05-21T10:16,3,72.18,Cash,Completed
3c5a01fd-7887-4ff6-8bf7-5d096fe9a7b1,058b9c75-b72f-4594-80d2-e41194ff7672,2025-06-30T10:16,4,71.20,Card,Cancelled
eb01c07f-69d7-4908-aaf6-0148d43976f4,500fde18-ea61-4380-9ea4-f06d09985870,2024-07-26T10:16,6,74.76,Card,Cancelled
c08f8770-cc0c-4573-ac81-c791f0f4f748,6b1178fc-1745-401d-88da-3903c243ebe9,2025-06-29T10:16,1,12.37,Cash,Completed
10794c20-fdc9-46c6-8f6f-551c76b66e31,5f6e51da-5f01-4c9a-85dd-7d50ef37e5d7,2025-04-06T10:16,7,80.22,Cash,Completed
875a45dc-4be6-4025-9135-f58682166f7d,6bd388d4-5636-450b-bacd-55bdcb769bab,2025-07-25T10:16,1,16.73,Cash,Pending
811e1279-632b-466e-a9d9-6ea7ae5e8b63,726d71e2-70fd-4416-8568-78619c14a73a,2024-02-07T10:16,7,125.58,Online,Completed
b1e6e078-bd6b-4bd1-a9f6-5d1716b10ab8,4f6ae324-5b6d-47d6-a86d-26ec6fbe1e0e,2024-12-14T10:16,9,66.33,Cash,Cancelled
ad7319e9-d13a-4d5b-ad3c-4e690f266422,4f6ae324-5b6d-47d6-a86d-26ec6fbe1e0e,2025-05-26T10:16,1,20.36,Cash,Pending
e4dd63cf-f8dd-418f-9e4f-16016bced687,46032f36-69bc-465a-9b33-a5d560bfd77a,2024-12-17T10:16,5,73.40,Cash,Completed
ec868bd1-2e05-4a4b-9f82-828bae0cd792,c3ffc43c-0c11-40fa-9824-f234161741d0,2025-07-16T10:16,4,115.48,Online,Pending
789a3960-9555-47b5-8d9d-c0cf58605bc3,d5cfb1a3-ce2f-4aff-ab4c-50e0c5426af1,2024-12-13T10:16,2,49.76,Card,Completed
ea820fa3-fcb6-44a7-93b8-865cba60fe79,67c276b0-7be6-4f3c-bf86-c342095c8112,2024-11-21T10:16,2,35.02,Card,Cancelled
5ca44260-6145-48e1-ab2d-438f83fe7e3d,f6c35464-33dd-44a7-bf84-071f2e427045,2025-06-09T10:16,7,83.30,Cash,Cancelled
a3609a96-445a-4d17-b71c-ea1fc4a5cc25,2a109685-1399-4149-8951-fba29bb0360d,2024-04-24T10:16,2,53.32,Card,Completed
e5b72718-6ee1-4fc9-9bd1-7dbaf7775eac,e85d0261-2d97-4475-a749-363ec9040a74,2024-08-24T10:16,9,93.15,Cash,Completed
3c155616-4dd2-474c-ac16-69090be41ebd,9fa382f0-8393-48db-ad30-43c953282401,2025-01-10T10:16,1,24.64,Online,Completed
9d1be5cd-bc53-4c2e-b427-890d94bcc12c,f067e21d-d1d4-4e87-9cae-9753f5f9ccb6,2025-03-04T10:16,2,24.22,Card,Cancelled
b9a7efbc-e973-4327-a4f7-ed804b785cdb,4739f27f-7a96-4d52-83ae-0c6fd4c8c606,2024-03-11T10:16,2,53.74,Cash,Cancelled
4bdebfc3-4a24-4428-b9d9-5d64b876c867,6c6a3b10-9747-4dca-a041-4edc22d147b0,2025-01-08T10:16,2,21.02,Cash,Completed
cddbe95d-ae05-4f80-b022-b1edf7da7cef,8626238e-5813-415a-9a8c-db944b1e0269,2024-06-15T10:16,7,101.22,Cash,Pending
f69fb7ed-13b0-4e2d-b545-901999ff7976,26d032f1-9fe9-487a-987a-a8be14e1db05,2025-09-04T10:16,3,60.87,Online,Completed
97f3dd05-ca2d-4a94-a21e-3fbb3c8c58a5,953417c6-cd52-45e9-9ca0-bb450653c934,2024-05-12T10:16,7,91.98,Online,Cancelled
ddaeab0d-f5b8-482e-84e9-92e395cd36d5,7509850a-5062-4da9-aad6-bc5b9e363ef1,2025-09-14T10:16,7,41.09,Card,Completed
0feacf57-e3ed-4e1c-91e0-67ead3273516,21edfc22-3f73-4335-a774-3cf78ab65e86,2024-11-30T10:16,2,16.12,Card,Pending
0883ca21-6cd1-40df-b8da-40fb781881f6,c46351bf-193f-49af-a5d6-456188837c3d,2025-10-27T10:16,6,165.96,Online,Completed
52107bcc-0b35-47b0-9ba9-8745f1e93bb1,d6d4ef4b-0870-48aa-b884-013237f255f4,2024-09-30T10:16,3,82.20,Online,Pending
5df2de6e-2931-4746-b4c4-b7dc6f6026e6,ba5d9947-b043-4aca-8ee0-6b77895cf8e8,2025-09-08T10:16,5,41.15,Cash,Cancelled
95445077-2cc3-4188-8581-ca51beffb10e,aac35608-9499-49c5-811a-a059e773c968,2025-10-25T10:16,6,129.42,Card,Pending
e12c964f-5656-4ecc-bfa7-4201d6dd66be,8887df7e-682b-4d48-b18c-c1ddfa0aaa26,2024-01-25T10:16,8,59.28,Online,Pending
6470451d-9435-4101-bd7b-de237aabe903,c3ffc43c-0c11-40fa-9824-f234161741d0,2024-06-17T10:16,5,104.00,Online,Cancelled
cdc2f117-4839-4449-b625-2741b94dcb55,8f7f530b-bb30-4a05-b437-744ed30af54f,2024-06-11T10:16,1,28.92,Online,Cancelled
dd23a530-b2eb-4eca-9ef4-ef432cffc74a,9fa382f0-8393-48db-ad30-43c953282401,2025-05-24T10:16,1,29.49,Cash,Cancelled
35be873f-c0bc-4727-aeef-4a048d5aaf06,6c3bf618-a715-40f9-9faa-cfc5f5beef2f,2025-04-03T10:16,8,163.36,Online,Completed
3e34e186-88a2-46f7-9fbc-2c3fdafd13c0,ceafdb2a-788d-48e0-acdd-bd533a2e7ab6,2025-10-30T10:16,6,169.14,Online,Completed
4d62c4d7-a731-4f8d-b5b9-18fe10eb8808,2ca088cd-c6c6-4e60-a1a4-d2990ee21b12,2023-12-30T10:16,2,38.28,Online,Completed
28139b8c-10b2-4401-9f77-e7c969734092,8b546c63-5406-493d-bc69-cfb594b38267,2025-05-14T10:16,7,134.75,Online,Cancelled
13d27e30-081b-4ec5-b102-c75a7e47d687,910b1d47-5c37-48b1-8bde-96c60660f1d7,2025-08-23T10:16,9,56.97,Cash,Completed
8a2e2c08-27b6-47fa-8f0f-437d63fa90f9,ceafdb2a-788d-48e0-acdd-bd533a2e7ab6,2025-10-12T10:16,5,60.15,Online,Cancelled
617082b4-4b75-43d9-b251-e239e367c162,050d9901-1cb5-413a-9c31-282028f863c1,2025-01-02T10:16,1,22.82,Card,Pending
69929012-aae8-45ef-b0ad-8c589df0f26d,90f0db1e-2b19-43f7-ba17-233c7c214eca,2024-08-03T10:16,1,25.49,Card,Pending
fedfadb7-529d-4135-9703-bf46fa8e1f24,bb9edfa8-17f7-4f6f-8e3b-616693a298b1,2024-12-19T10:16,9,209.34,Online,Cancelled
d39c8d9d-1d6e-4fa7-8104-eb95aa5889d8,23650eb4-f98d-45a3-a90b-a378f03d469d,2025-07-30T10:16,4,34.72,Card,Pending
3d61d933-0fb3-421a-b0f1-2f8ddc558131,dcfb3d05-846d-4915-99f3-ebbc7559d972,2025-03-09T10:16,9,251.91,Cash,Cancelled
87d63bc3-bf32-496a-bc52-6702ab1af3e8,52fbb114-83aa-432d-b2f1-f3e37a5c4754,2025-09-07T10:16,5,132.75,Card,Pending
9e546010-41dc-4f15-ba71-d205e6e01b62,cb8747c7-32ca-4b6b-868d-13ab01d953ec,2023-12-08T10:16,7,62.44,Cash,Cancelled
ecc563d1-46c0-4a0e-9a19-4df64eef5ebb,5f6e51da-5f01-4c9a-85dd-7d50ef37e5d7,2025-07-30T10:16,4,52.08,Online,Cancelled
7ea3100e-2068-4623-a0db-bb0ce200d091,ec3490d2-e8da-47ee-ae12-0ca0b1d7a2bb,2025-01-09T10:16,8,86.48,Online,Cancelled
90c57e2d-bea5-475a-847d-7957607e2b4a,ebbc7df0-770d-44f8-b0ff-c62f9006e40e,2024-04-01T10:16,7,123.13,Online,Completed
48af494f-0435-4665-a048-6ce316e4472d,4739f27f-7a96-4d52-83ae-0c6fd4c8c606,2024-11-26T10:16,8,215.84,Online,Completed
3a3d38c8-9cc7-4156-9d0c-5d05ed28976c,68169a66-a8d4-4763-914e-7befc826445b,2024-09-17T10:16,7,44.59,Online,Pending
a8da9091-0769-4578-b6c4-90f900f0dbd2,0130fcd4-a6cf-4a72-8400-7bcae1abce34,2024-12-31T10:16,3,16.92,Online,Completed
9907589f-2565-43b8-9310-27192f4466b9,0472ca7f-b133-4710-8f43-24a3c6c1afd1,2025-02-21T10:16,2,40.78,Card,Cancelled
46c722eb-4e08-43c1-9941-d0a1e0906478,a938df5f-7764-459c-8bfd-90409d16b3c6,2025-10-22T10:16,2,13.26,Cash,Cancelled
cbe900e8-0fc1-4c46-8c77-11e0e6ca5261,21edfc22-3f73-4335-a774-3cf78ab65e86,2023-11-23T10:16,4,57.44,Cash,Cancelled
6f58e564-e8f8-449b-a001-3900c602637f,6aaabc79-3d35-410f-bb96-f86a3930d0ff,2024-05-19T10:16,2,55.36,Cash,Pending
d282717f-11d2-4a67-882c-9871249b633d,caca465c-e9f2-4add-91b5-24c70595e321,2024-09-17T10:16,3,66.60,Card,Cancelled
b4233b51-712c-4eac-9c7f-12f35d933771,c5817fdc-a4dc-4879-b957-30cfda62016b,2024-11-21T10:16,1,15.55,Card,Pending
6871c220-b1e3-46f9-9ebd-5cf34ccc1935,36b880b0-e9bd-4c0b-8f1c-32018f6c758a,2025-11-03T10:16,3,61.11,Cash,Completed
57f81e58-3e22-4780-aeb8-ab7cd7a7b723,68169a66-a8d4-4763-914e-7befc826445b,2025-04-25T10:16,6,137.16,Cash,Cancelled
772f1f90-b8d8-4224-a789-15e7297b5794,00d7ae70-0f46-4453-963c-4ab2a3d29314,2025-11-07T10:16,8,69.28,Cash,Completed
8b58603b-2ffb-4d0b-902a-2f2afa1bff9b,6e6d2c67-f7fb-4a98-8f9a-4822259b25c4,2025-02-22T10:16,3,26.13,Online,Cancelled
0fd94cca-ffea-44fe-a435-4efdb4fdc5e1,fdb5454e-2230-489e-ade4-9218ff28cbd8,2025-05-07T10:16,2,25.18,Cash,Completed
c72f9710-6052-46d8-a222-5e6e4a40b314,10b26c2d-7d56-4175-84a8-a2775e128a9d,2024-09-23T10:16,4,44.88,Card,Cancelled
72fc1d29-860e-41b9-b056-22ffafa63142,90f0db1e-2b19-43f7-ba17-233c7c214eca,2025-04-08T10:16,3,15.12,Card,Pending
692e9bc5-6edb-4eb1-9489-de3a8506888e,98b17fed-218c-4f20-8410-9f0edfc74455,2024-05-22T10:16,1,27.89,Card,Cancelled
bee7f8fd-7561-44f1-b14d-a36486625a68,6e6d2c67-f7fb-4a98-8f9a-4822259b25c4,2024-03-04T10:16,4,99.08,Cash,Completed
6758f39b-205d-49ee-aa9e-d2a5488a87bc,89d26a00-0fde-4c03-8430-b06f6bc3f33a,2025-02-05T10:16,8,67.76,Online,Pending
98a6afb0-01a7-4f1c-a0bc-142feacad218,8f7f530b-bb30-4a05-b437-744ed30af54f,2025-03-01T10:16,4,93.40,Online,Completed
f4e19e56-af4d-448d-be2b-77d5e947938f,c3ffc43c-0c11-40fa-9824-f234161741d0,2024-11-03T10:16,5,40.15,Card,Completed
ddd596b1-794a-4e1c-9668-2fdf87bc00da,cb8747c7-32ca-4b6b-868d-13ab01d953ec,2025-09-16T10:16,1,5.75,Card,Pending
2d1ac1da-a998-467b-826d-56b10ffd04a9,b014b56e-3263-4b63-8430-46e00bc5ea77,2024-08-14T10:16,4,45.44,Online,Pending
d2f47a09-7f8d-44b5-b06d-c538dab08f12,cb8747c7-32ca-4b6b-868d-13ab01d953ec,2024-02-22T10:16,3,18.45,Cash,Completed
1972c8d2-18a9-4a27-ac8d-0f4a49b90737,7169ef0c-f2c8-4ae3-83f6-87691664d2d2,2024-11-08T10:16,6,62.58,Card,Cancelled
6fd5f411-6848-4fc8-80b5-8add5c95d14d,ef7fad1f-a86f-4ee1-95b4-ce1f339f0fa5,2024-12-08T10:16,6,55.68,Online,Pending
65583e44-ff7f-4a33-b55d-788ba2a58fb2,c63bd277-c81c-40c5-8720-6ce916d653c4,2024-09-20T10:16,1,29.46,Online,Pending
92302a35-c032-4f87-b670-f649460755e1,bfa3444b-2be9-46be-b944-720d86a59770,2024-01-27T10:16,6,118.50,Card,Pending
c2877f5d-8b0b-4539-883b-e30a000f1b2e,e7991221-0de0-4ef8-aa9c-ca3b59197059,2024-01-06T10:16,9,47.07,Online,Pending
5f3361cf-8fcd-4417-8436-e2097845ec5c,0b2a0e9a-e050-4380-b607-57adcbbf59d4,2024-01-31T10:16,4,20.32,Cash,Completed
021ad270-06be-4bd5-9a93-502b3565aff7,e6e1db85-f8ba-4264-9c9a-520ecda4bc4c,2024-08-01T10:16,3,39.48,Online,Completed
4a4782bf-baec-4115-a373-bee2c40a643a,401a6911-a31e-4892-adc1-56e3e1eb090a,2025-07-11T10:16,4,89.68,Online,Completed
268211d0-3844-45c2-bdeb-5e2aa1a746f3,bc58b12c-65c4-4f21-89ef-3e492a22ef7c,2025-01-17T10:16,9,217.80,Online,Completed
b29725cd-78ac-46f7-b293-bf02491e16a2,935ebde1-5945-4673-886e-1a7a12cc2d4e,2024-07-25T10:16,8,72.16,Card,Completed
34e8eb83-763f-4252-9372-12086e741b8b,b3688304-b24b-416a-9bf4-c2b6aaeb59d3,2025-02-10T10:16,6,56.64,Online,Pending
4eeeb078-943e-4132-a3e8-c3d9ea25abd3,b6c26110-1b77-4777-8c79-c69ec19b66df,2025-02-26T10:16,7,188.16,Cash,Completed
00adbe19-db28-4ba9-861c-8ca94aa1008b,209e786b-2a61-4e52-a3b2-1cc98bcbf18c,2024-09-11T10:16,4,70.36,Card,Cancelled
4183e74d-02ac-4994-9cc3-1de57d8189ec,98b17fed-218c-4f20-8410-9f0edfc74455,2024-06-23T10:16,7,138.53,Card,Completed
3e62629b-e0f7-4fe0-8f73-8dc999092174,c9dcc28a-ae5f-477c-ae7e-72d94129f449,2025-09-05T10:16,6,84.24,Online,Pending
ca6b4165-a760-4d56-8e97-9ebf92415094,c5817fdc-a4dc-4879-b957-30cfda62016b,2025-06-16T10:16,8,188.00,Online,Completed
bbb3026e-598c-414a-9278-0b1371a82728,53db1213-7316-47bb-9099-c1def0e3c96b,2025-05-25T10:16,4,29.64,Card,Cancelled
7d781f8f-36f8-494c-963d-d042991c3a08,5d6f84a5-a4de-442e-99b9-b8ef714b4436,2024-11-08T10:16,4,49.40,Cash,Cancelled
d2ed745d-da65-479a-a109-bc72e5c13c8b,c1a09d60-c9e8-4489-a68e-e01b51541d33,2024-08-02T10:16,1,7.32,Cash,Completed
4704899f-7178-4c95-8a80-d070b81e2afc,b6c26110-1b77-4777-8c79-c69ec19b66df,2024-04-20T10:16,5,92.90,Card,Cancelled
47a1ab46-d5bf-4473-8f81-b6e00f85af86,935ebde1-5945-4673-886e-1a7a12cc2d4e,2024-03-05T10:16,2,26.50,Cash,Completed
e0d1ec93-fa34-4564-b57f-1396dc9ea54f,0a570207-0f70-467f-bbeb-44a0a60a9a25,2025-03-18T10:16,1,13.29,Cash,Completed
218b2eec-0447-428f-b6b7-e43f287d460d,1a48aa9a-def3-481d-922a-94300aa97309,2024-12-14T10:16,5,99.10,Cash,Cancelled
fc07ca0d-dc78-4918-a5ec-67fd72e56f3e,23650eb4-f98d-45a3-a90b-a378f03d469d,2025-03-29T10:16,8,142.16,Online,Completed
be6cc652-a9e0-4d4a-99ee-eea9450f3fcf,953417c6-cd52-45e9-9ca0-bb450653c934,2023-11-18T10:16,2,35.14,Online,Completed
bd3becde-5fd8-4fbd-bff7-2fa614cf2642,6c3bf618-a715-40f9-9faa-cfc5f5beef2f,2025-03-14T10:16,7,153.86,Card,Cancelled
d7267e81-e8d0-473d-b664-da36b455bbe7,6f61ca8e-51a1-48e0-abfa-88326e713e34,2024-05-06T10:16,5,136.95,Online,Completed
55cf1f7c-e716-495c-a903-48a6bd012bd2,953417c6-cd52-45e9-9ca0-bb450653c934,2024-10-14T10:16,8,107.84,Card,Pending
dd861ae8-0cfb-48b3-a787-127c8440c163,726d71e2-70fd-4416-8568-78619c14a73a,2024-11-12T10:16,9,226.08,Card,Pending
2d6d21df-d5d0-4d75-9289-a2a7d7adc627,401a6911-a31e-4892-adc1-56e3e1eb090a,2023-12-27T10:16,9,145.17,Cash,Pending
4a147ad9-ef42-4c66-b064-9767e7b232a7,726d71e2-70fd-4416-8568-78619c14a73a,2025-06-12T10:16,4,117.48,Online,Pending
a3c329c0-4b5e-4715-a19f-67c2125e0ed2,b03f75c1-655f-4480-a2bf-1a0af806e96e,2025-08-28T10:16,7,197.40,Card,Cancelled
7b6b9acb-015d-46ac-a1cb-8b6ca36d0aa3,5d6f84a5-a4de-442e-99b9-b8ef714b4436,2024-06-09T10:16,6,75.72,Online,Cancelled
616dc633-f4fc-47ba-9e58-79a621b5695c,d3f641e5-b8b5-4f5f-9155-7768df2033e8,2024-11-22T10:16,1,14.05,Card,Completed
d27288e7-6059-4ea2-924a-81cbd2bec1bc,d5eaf6a7-76cc-48ec-98d9-ba713e2df70f,2025-09-06T10:16,6,144.42,Online,Completed
f91e1ccb-50cb-49a9-8687-bc43df5b285f,8b115a34-224b-453c-be69-b53a7445b466,2024-04-09T10:16,6,96.48,Card,Cancelled
0d9232cb-f968-44b0-b22b-f7c05ca06275,1407e9cf-22c9-4137-a2fe-cc12dc038235,2023-11-28T10:16,5,59.60,Cash,Completed
a094f896-c4b4-48b4-9d74-165277f4f4a2,c1a09d60-c9e8-4489-a68e-e01b51541d33,2025-01-16T10:16,3,43.89,Online,Pending
7cadb618-a39e-47f1-a57a-e444380dbe63,05ccd8a5-ea5f-4353-bd1e-3022152b0685,2024-10-06T10:16,4,50.72,Cash,Completed
1de12ce1-16b5-4a55-b1cf-948b9b904991,c3ffc43c-0c11-40fa-9824-f234161741d0,2024-04-27T10:16,7,62.30,Cash,Cancelled
4d7d4eab-927c-4dc2-b783-a28cabb9c116,050d9901-1cb5-413a-9c31-282028f863c1,2024-10-20T10:16,3,81.96,Online,Completed
0b05023c-9f94-4c95-bc8a-a971adaadc0c,5f6e51da-5f01-4c9a-85dd-7d50ef37e5d7,2023-12-31T10:16,3,54.93,Online,Pending
47497b1f-2135-46d4-a0c4-d6dc9432cdb6,6e6d2c67-f7fb-4a98-8f9a-4822259b25c4,2025-10-12T10:16,8,196.08,Card,Cancelled
85b9dba6-cd40-4828-8abb-f2da729b8e58,ceafdb2a-788d-48e0-acdd-bd533a2e7ab6,2024-07-17T10:16,2,59.72,Online,Completed
7b33eb23-7e51-428e-a20d-06dbdd03dcb5,02c65c06-56ad-4670-b8e2-10ab417c7154,2024-08-16T10:16,6,124.20,Card,Pending
bb41b76b-ea7c-4f09-bd58-bd8328b6e138,bb9edfa8-17f7-4f6f-8e3b-616693a298b1,2025-01-01T10:16,2,26.34,Cash,Completed
928ead4b-2f8e-4f59-bb78-cfb7a21605d8,56a75a3e-a944-4147-8cba-f1024726993f,2024-05-20T10:16,6,169.02,Cash,Pending
6af363a2-01fa-46ac-913a-bf7491d2c518,b03f75c1-655f-4480-a2bf-1a0af806e96e,2025-01-14T10:16,4,22.88,Card,Completed
05c945c9-ba46-46c1-b2b1-851d2c353168,d6d4ef4b-0870-48aa-b884-013237f255f4,2024-12-19T10:16,2,19.60,Cash,Cancelled
6bee106f-54dd-4d7e-8f93-ab2896c36a95,56a75a3e-a944-4147-8cba-f1024726993f,2025-02-21T10:16,2,58.32,Cash,Cancelled
31edcfc8-b423-4330-8d0b-6c2265fbe561,428424b7-1f94-496a-8b7a-497ce177d32c,2024-05-12T10:16,4,79.80,Online,Pending
81339f67-fe4a-4908-8c0b-d88ff13864d3,1d32c3b3-c732-4995-aa6b-ff159deb3bdf,2025-02-19T10:16,8,52.88,Cash,Pending
146f80fe-8ae7-4b6c-8250-4238610ba0a5,cf65c4b6-4c1c-420b-95de-23e5b56ffad5,2025-08-02T10:16,3,49.80,Online,Pending
6cbea30f-c176-4dc2-8fa1-a375c2701f30,b6c26110-1b77-4777-8c79-c69ec19b66df,2024-02-12T10:16,7,133.56,Card,Pending
359a2464-63cc-4101-8dce-c990b5bdd2da,885715b6-b1eb-44ca-8460-28c0343e56f3,2025-09-12T10:16,7,151.34,Cash,Pending
d13c02f2-424e-4f68-9e24-f4227e15aace,0b2a0e9a-e050-4380-b607-57adcbbf59d4,2025-02-28T10:16,1,14.98,Cash,Cancelled
b38b85e5-cae3-4fb6-affd-a50f5655b0d5,5f6e51da-5f01-4c9a-85dd-7d50ef37e5d7,2025-04-28T10:16,8,228.48,Online,Cancelled
516025ee-e9c4-43b7-826f-198309e4d9b5,964d337f-acd5-4ca2-8843-9be3f2eb60fc,2024-03-18T10:16,3,84.00,Cash,Completed
f28dc12a-6be3-4205-86ab-1c41aed8d302,0130fcd4-a6cf-4a72-8400-7bcae1abce34,2024-11-30T10:16,2,46.28,Online,Pending
e7b7c240-6a62-4b25-9ba2-a116dbbc1c34,d7af10ce-45c9-4fc8-8dd8-b1c5491aad5f,2025-05-17T10:16,9,179.64,Online,Pending
53d1ae2f-a32f-4e01-9b71-da8d7920425c,62a2bfef-ca4a-4dec-90ea-bf15ea1880d2,2025-04-17T10:16,2,12.66,Card,Cancelled
dd3459f6-8a67-4811-bebc-25c305124f13,27e45431-1333-4ffd-a0c8-be56ffdc5d4e,2025-06-22T10:16,7,141.12,Card,Pending
2526bc71-1823-440d-b27b-7a8322b1966a,209e786b-2a61-4e52-a3b2-1cc98bcbf18c,2025-08-07T10:16,6,152.28,Online,Pending
63e29242-a31c-42aa-a07b-cd3740ae1921,d5cfb1a3-ce2f-4aff-ab4c-50e0c5426af1,2024-11-27T10:16,8,173.20,Card,Cancelled
df00cb2c-0d72-4ac5-baa5-e0b0197a0a62,e85d0261-2d97-4475-a749-363ec9040a74,2024-03-24T10:16,4,68.76,Online,Completed
e9a4a124-833b-4fb4-93bb-841ff0d7fc2b,71f17b36-2c37-4cfa-bf8a-894fa94c0e9b,2025-07-23T10:16,1,26.03,Online,Cancelled
83bce8db-e16c-4e5a-ac05-8c6f39b0e872,63846b60-b7be-4087-ac6e-56c9bc130a20,2025-09-28T10:16,1,27.58,Cash,Pending
ab5d28dd-f8d0-4be1-8ea0-e8468391da3e,4bb2d776-14c0-4ef6-b8ba-c580cbed72b8,2024-10-22T10:16,9,124.02,Online,Completed
66800754-3eac-43d5-836b-18f6ed0a86c4,941529ef-2114-4bff-907a-4596ff4593a1,2023-12-22T10:16,8,131.76,Card,Completed
c9fd0fdd-763d-4f2a-af16-5b3b69290431,c46351bf-193f-49af-a5d6-456188837c3d,2024-05-06T10:16,3,54.45,Online,Pending
eaac4738-d287-4fa5-825a-b63f513e7041,4bb2d776-14c0-4ef6-b8ba-c580cbed72b8,2025-03-28T10:16,8,72.80,Online,Pending
144f18eb-5a22-43f6-a458-0892236e6002,fdb5454e-2230-489e-ade4-9218ff28cbd8,2025-03-26T10:16,9,258.75,Cash,Completed
9d733865-c892-4bb6-ac52-a15e91857447,f90cf3ca-e2d0-4129-bc7a-e8a2b80880da,2024-07-09T10:16,8,142.16,Card,Completed
825d2dfc-3279-4b2d-a020-94c3673b264d,6b1178fc-1745-401d-88da-3903c243ebe9,2024-07-27T10:16,3,74.07,Cash,Cancelled
346cf808-8e08-4fa6-b554-6f1e19bac147,c3ffc43c-0c11-40fa-9824-f234161741d0,2024-07-25T10:16,6,68.70,Cash,Cancelled
633e6d35-0f8b-400b-bd79-cc7001a6c3ae,5400d214-6176-40bf-88d2-3f53ed38bf69,2024-10-04T10:16,7,207.76,Online,Cancelled
b732a133-27ca-4da8-8845-802ef0464017,964d337f-acd5-4ca2-8843-9be3f2eb60fc,2024-09-29T10:16,6,130.20,Online,Pending
e729c142-2373-4c22-b540-5639b8faec7b,910b1d47-5c37-48b1-8bde-96c60660f1d7,2025-01-27T10:16,6,118.14,Card,Completed
71d62e8f-c946-4e90-92ba-38e53d925411,1eeb9c5f-5b7a-47af-b4f1-5a50d9d1089c,2025-06-21T10:16,8,168.64,Card,Completed
633dc4c0-5e06-49f5-8219-60b3027ab822,98b17fed-218c-4f20-8410-9f0edfc74455,2024-09-14T10:16,3,65.37,Cash,Cancelled
bc646985-9387-4eca-8a7a-56c4a068ae68,23650eb4-f98d-45a3-a90b-a378f03d469d,2024-09-25T10:16,2,29.60,Online,Completed
fb706d22-aeb1-49a1-8f3d-f906f50fd6c3,3befa4dc-d961-4a3a-9410-d43d1bdaa335,2024-07-17T10:16,9,105.21,Cash,Completed
99195c0f-d4fb-43e9-a959-ffdc5c5fdd07,8887df7e-682b-4d48-b18c-c1ddfa0aaa26,2025-10-20T10:16,9,259.29,Cash,Completed
2706fe9e-1f11-4660-afdf-a2efb5c49b85,910b1d47-5c37-48b1-8bde-96c60660f1d7,2024-09-27T10:16,2,20.76,Online,Cancelled
e4ea00f8-1e96-4e3f-8e06-ef0e5d0e95b5,73a2b03c-2dca-486e-8ebc-c4d6bb68a8c6,2024-03-27T10:16,3,79.29,Online,Cancelled
163d789c-4ee3-4c2f-b85d-25d90018f8af,bb6bf39c-f455-4e08-a59e-1bdaaa91d4aa,2023-11-27T10:16,4,86.36,Cash,Pending
df21806f-0565-46c0-af90-036479b82334,0130fcd4-a6cf-4a72-8400-7bcae1abce34,2024-11-24T10:16,6,161.64,Online,Pending
62ff88c4-3979-4a44-8cda-dd73402c07b8,93cdeef1-3fc3-4a63-a275-0ae87ae6b335,2025-07-06T10:16,2,43.38,Cash,Cancelled
38956446-460f-4422-84c0-b374c16a51f6,68169a66-a8d4-4763-914e-7befc826445b,2025-08-25T10:16,4,72.16,Online,Completed
364e8bdb-002f-46a9-bd98-71156d1d133c,53db1213-7316-47bb-9099-c1def0e3c96b,2024-02-15T10:16,1,15.77,Online,Cancelled
7c5b01b6-d865-4992-b56f-8a409e713e13,9b9edd1e-b4f7-414c-b8b5-a3dc51fa0a8c,2024-01-02T10:16,2,46.96,Card,Cancelled
992af319-cf94-4481-9750-37eb94469c1e,63846b60-b7be-4087-ac6e-56c9bc130a20,2025-08-12T10:16,5,42.75,Card,Cancelled
22adaab4-4906-4398-9ef0-480b18ab23df,d7af10ce-45c9-4fc8-8dd8-b1c5491aad5f,2024-10-30T10:16,3,32.10,Cash,Completed
ce7c54b6-32ba-462d-8a79-893296acd32b,dcfb3d05-846d-4915-99f3-ebbc7559d972,2025-04-22T10:16,2,16.18,Cash,Pending
8ab45ad9-bebb-4b20-87cf-68bc2182167a,6aaabc79-3d35-410f-bb96-f86a3930d0ff,2025-05-30T10:16,8,214.48,Cash,Cancelled
5770d0c9-b074-443a-b0e1-2f23b719544b,8250871a-2b35-424e-a1a1-4eb4faffabfb,2025-05-08T10:16,7,119.84,Card,Pending
3dcad1a2-cb60-41f9-84b7-be1cc39e23bf,b03f75c1-655f-4480-a2bf-1a0af806e96e,2025-03-09T10:16,4,29.56,Cash,Pending
bf66c676-eec7-4a2a-89ac-216f315419b5,d33bbfcd-a2ca-4e80-8a1c-65223f061e7e,2024-10-28T10:16,6,38.94,Card,Completed
e978c325-3e90-430c-b907-f81e5359c965,c0d74d86-5c5b-481d-b8e3-61eeb9c77255,2024-02-04T10:16,8,94.80,Card,Pending
977f3d2e-1617-4b11-8ec4-6f48ceea8c21,26d032f1-9fe9-487a-987a-a8be14e1db05,2025-07-23T10:16,4,113.80,Card,Cancelled
a20bcb1f-77ca-4eec-9fad-2e9b90a5b8d4,4739f27f-7a96-4d52-83ae-0c6fd4c8c606,2024-11-18T10:16,8,61.52,Online,Completed
2e99fc15-48d2-4dd8-855d-037ee790ca8b,6945f6f4-b8f9-4d04-90ff-e59ed705578e,2025-07-02T10:16,5,148.85,Cash,Cancelled
395be624-459e-4ab0-8a30-a9278043f670,80537cf2-360f-4740-8b7e-d4cd56e22987,2025-10-08T10:16,8,83.92,Online,Pending
54438b8c-81f6-4d0b-b93f-d6f85b1b88fa,a302a1a8-c429-406f-abff-9f273aa0a4b5,2024-11-07T10:16,1,5.96,Cash,Cancelled
010b1897-9706-4a88-bb31-423a86af558b,b0d737cd-ec4b-4a88-aa81-d012ef3fb719,2025-09-20T10:16,9,160.02,Card,Completed
4fb93b4a-82e8-4f9d-ac0d-d1b9cff4ecda,99c406e7-092b-4eeb-bc08-56fc041c253d,2024-09-20T10:16,5,112.50,Cash,Cancelled
8252042f-5b31-47ad-a28e-814e514e77ed,6c3bf618-a715-40f9-9faa-cfc5f5beef2f,2025-01-05T10:16,5,47.45,Card,Completed
fd6663cb-255c-43df-b185-47cec04e4c5f,e38afcd9-9e08-47ba-bc92-5ebb4bc271eb,2024-08-18T10:16,7,104.30,Cash,Pending
b832dfce-11ed-491f-8e60-d2a71ace14d5,8f7f530b-bb30-4a05-b437-744ed30af54f,2025-01-05T10:16,6,68.52,Cash,Completed
2d7ddb58-c233-4716-a5a0-e170449454bd,6b1178fc-1745-401d-88da-3903c243ebe9,2025-07-13T10:16,8,56.96,Card,Cancelled
52a8bb66-8d6d-4445-a185-8e830f4b205e,6bd388d4-5636-450b-bacd-55bdcb769bab,2025-09-25T10:16,6,121.98,Cash,Completed
54419726-da06-4710-b479-c47d9825e611,6e6d2c67-f7fb-4a98-8f9a-4822259b25c4,2025-01-28T10:16,1,17.78,Cash,Cancelled
556aa780-ebc2-4b7c-94b1-a609415ca1e8,e277d099-db2a-4aee-ab86-8b0e73a34383,2025-05-11T10:16,9,180.63,Online,Completed
1373abff-d8b4-43e1-92f9-66e77c51dede,d87f31d7-79ef-4c17-856e-142e791b04da,2023-11-13T10:16,7,120.12,Card,Cancelled
6229a727-6004-4a1f-98cb-abb0a7d2e928,c1a09d60-c9e8-4489-a68e-e01b51541d33,2024-12-03T10:16,7,161.91,Cash,Cancelled
4e4374f7-0337-4bfc-8656-27dd6dfcf8bc,4e6807ca-aed8-4ec9-b1b0-0e3aba57efb1,2024-02-22T10:16,9,58.95,Online,Completed
00c5ac2a-16f9-447d-b9ed-a78480884c58,a938df5f-7764-459c-8bfd-90409d16b3c6,2025-03-07T10:16,1,18.01,Card,Pending
2217733e-8110-479e-b985-b4aa2c9d9dce,bb6ceda0-3f7a-4dfa-9862-41a88dd468b2,2024-07-19T10:16,3,62.70,Card,Pending
b078a723-cac9-4fba-a2ba-7b6b4539bec1,b03f75c1-655f-4480-a2bf-1a0af806e96e,2024-05-01T10:16,5,31.00,Online,Completed
2c165a1f-2645-4eb1-b42a-e5d467bfa5d2,f067e21d-d1d4-4e87-9cae-9753f5f9ccb6,2024-01-19T10:16,7,56.91,Online,Pending
e41b56d1-e259-4617-bdf5-0b3bb82ed056,c9dcc28a-ae5f-477c-ae7e-72d94129f449,2024-11-25T10:16,2,35.34,Cash,Cancelled
5acf33f2-dc74-4824-b440-e1af1a6cc441,f067e21d-d1d4-4e87-9cae-9753f5f9ccb6,2024-05-27T10:16,1,24.77,Online,Pending
358d0cbe-2778-4e74-9361-8404edb69fe9,26d032f1-9fe9-487a-987a-a8be14e1db05,2025-07-11T10:16,3,58.35,Cash,Completed
aa633895-3c22-4d0c-98f0-57d2237dabcf,77ca464a-fe0d-4dcc-8f08-3eb2f7b64f76,2025-04-25T10:16,7,86.87,Cash,Cancelled
ff304d52-0d68-42ce-a95d-b9c2353d1d59,f3826f04-0dfa-4266-8002-58fede0093f5,2024-12-02T10:16,7,58.73,Card,Completed
f17271b6-6247-4e50-bb13-efcc2d4f912c,ecf1ffb0-ac00-4968-87ea-8beef4ace55a,2024-01-13T10:16,5,84.30,Cash,Pending
9398705b-23f8-4337-ae69-5c33ddd9616d,f067e21d-d1d4-4e87-9cae-9753f5f9ccb6,2023-12-21T10:16,1,27.72,Online,Pending
ab83235e-d754-41d1-9f32-87f79367bcc7,a3f626b9-cc27-4c04-8570-be79ab8bda4a,2025-11-06T10:16,9,105.66,Card,Cancelled
8ebafafd-fe5a-4520-88af-a582944d6102,74e76582-f1b8-4560-b049-8aebb59d4721,2024-06-07T10:16,5,147.20,Online,Cancelled
75f43a9e-a1ce-40bf-aafe-56d5949a9b95,68169a66-a8d4-4763-914e-7befc826445b,2025-01-28T10:16,2,46.68,Online,Completed
9deb7776-50b5-4227-bd20-912456817da5,1d32c3b3-c732-4995-aa6b-ff159deb3bdf,2025-07-18T10:16,5,72.45,Online,Completed
1e3e1cf1-f89e-42b7-a23c-d3ef8bd312b5,59827b2a-ae17-44b1-bd6f-6f08718559cb,2025-09-09T10:16,3,83.19,Cash,Cancelled
a61a8727-d69f-43b0-a2ca-b5d972b0abb8,205ea7f7-e714-45b8-a083-11247ff702a1,2024-06-11T10:16,8,69.36,Card,Cancelled
c2fefd97-8cf5-45cd-8478-acccbf7d55c5,d5eaf6a7-76cc-48ec-98d9-ba713e2df70f,2024-08-31T10:16,6,82.08,Card,Pending
71fc9e72-751c-4c81-a69a-1e977f4f93ab,515fe1d2-d33a-4b9d-8c19-07e0cbe81a9a,2024-11-29T10:16,3,29.13,Online,Pending
71b9dce6-d65b-4031-a73e-a01fcb629a21,9fa382f0-8393-48db-ad30-43c953282401,2025-02-18T10:16,9,142.20,Cash,Completed
442c013a-20b4-4007-b995-f070025c0ca6,1233cc27-7567-48e0-8dd2-6b0019506c2f,2025-01-15T10:16,4,68.56,Cash,Completed
38acc98a-5e74-4566-8636-45b93e18cfe8,6bd388d4-5636-450b-bacd-55bdcb769bab,2024-12-14T10:16,4,104.36,Online,Cancelled
c6445964-a805-4a4c-82d0-8572111381e9,a3f626b9-cc27-4c04-8570-be79ab8bda4a,2024-02-20T10:16,2,56.58,Card,Cancelled
35721d6d-ae71-4cfe-8836-b685ff94b4a4,8887df7e-682b-4d48-b18c-c1ddfa0aaa26,2024-05-29T10:16,1,26.90,Cash,Pending
d9901c14-5f83-45db-83be-c6e2d6e8a528,25659c0e-6eb5-4c57-add8-fb6ac5f42699,2024-09-23T10:16,6,105.18,Card,Completed
40686029-d5e6-46aa-b73b-88e58229ba93,485b65e7-fdf4-474d-afba-37986d8d3cd8,2024-12-25T10:16,1,10.92,Card,Completed
338509a2-da32-4b69-b802-0306a6ad1449,0a0ac3e5-6e20-4fbc-87ec-5481c70e38bc,2025-03-10T10:16,4,53.80,Cash,Pending
3aa00baf-fa9f-4b99-be5f-4746821d6dd7,52c87fd9-fdf0-4256-b929-6153ad24a0ac,2025-07-02T10:16,7,105.56,Online,Completed
1573be94-1296-4159-91ae-7478a230f860,ada8704c-2784-4d70-84da-10078407d2c8,2023-11-17T10:16,4,58.68,Cash,Completed
d4c4dc20-a89a-487f-a4f8-df68da996420,bfa3444b-2be9-46be-b944-720d86a59770,2024-02-10T10:16,2,48.20,Card,Cancelled
f1de0b94-7c17-4a97-81a6-e08387de1088,f0a6a958-e434-41bf-a830-dffa55a34db5,2024-05-05T10:16,9,160.56,Cash,Completed
fbb79e51-f832-4d51-8e4a-7c0287d9719d,73a2b03c-2dca-486e-8ebc-c4d6bb68a8c6,2025-04-21T10:16,6,47.04,Online,Cancelled
652d0fec-6629-443c-9ed0-dbf20ccc9d32,058b9c75-b72f-4594-80d2-e41194ff7672,2025-07-15T10:16,8,131.36,Card,Pending
03716cdb-4dde-47f2-a8c1-de550a233034,4739f27f-7a96-4d52-83ae-0c6fd4c8c606,2024-06-04T10:16,3,65.49,Online,Completed
d4b2512a-e055-4bdc-88fc-655bcc29f572,aff4340c-d102-49ba-af8e-84d2737ce82c,2024-10-06T10:16,8,185.36,Cash,Pending
63900df9-c904-43f6-9534-6ae8da4ae925,6117b6f0-c4f4-4bf1-9eeb-f33950decba8,2024-03-29T10:16,4,58.96,Card,Cancelled
68d323ce-ca26-4ccb-8c89-f0782c612e16,485b65e7-fdf4-474d-afba-37986d8d3cd8,2024-04-08T10:16,6,165.66,Card,Cancelled
42b9819d-21ae-47dd-8153-b15e1855ea7c,7509850a-5062-4da9-aad6-bc5b9e363ef1,2025-02-08T10:16,3,77.76,Cash,Completed
f7363de5-23c3-4bf6-857d-71f61e814b85,e6e1db85-f8ba-4264-9c9a-520ecda4bc4c,2023-11-22T10:16,5,65.45,Card,Pending
7ef15f6e-0626-4b9c-843f-a02bf7ec76b1,c1a09d60-c9e8-4489-a68e-e01b51541d33,2025-01-05T10:16,6,83.10,Card,Cancelled
21a155db-2ccf-4057-a69c-9766b613cadc,8887df7e-682b-4d48-b18c-c1ddfa0aaa26,2025-10-07T10:16,5,25.55,Online,Pending
00e78626-173f-4472-aa60-5190258c904a,f90cf3ca-e2d0-4129-bc7a-e8a2b80880da,2024-05-19T10:16,6,37.08,Card,Cancelled
0273a3b6-dadb-4298-a5e0-107caac7801b,0472ca7f-b133-4710-8f43-24a3c6c1afd1,2025-03-23T10:16,6,88.62,Online,Pending
b903e6f1-bbc7-4e14-8d95-490bad470d01,62a2bfef-ca4a-4dec-90ea-bf15ea1880d2,2025-11-07T10:16,2,53.72,Cash,Completed
275ed6b5-0be5-44ba-ad2d-216ee16df71e,caca465c-e9f2-4add-91b5-24c70595e321,2024-03-29T10:16,3,56.76,Cash,Cancelled
5b1e08f3-ef7b-425b-bcd3-ef7511dd6b55,6e551d53-4f6d-4b84-a9de-3d7c79694805,2025-01-19T10:16,1,21.96,Card,Cancelled
5bcb2b4a-98bf-47fd-b5a1-b9f898be4562,fdb5454e-2230-489e-ade4-9218ff28cbd8,2025-10-20T10:16,4,40.68,Cash,Cancelled
c2c2e6ca-c7e7-4e97-b95e-6c9f4b3b4333,103fcba5-5588-45a5-9fe0-6ac948d3860e,2024-08-22T10:16,8,200.48,Online,Completed
74832d59-9d16-4bc5-bd6c-671fa0958881,a190f67b-21df-46bc-8164-46bdfa00af85,2025-05-08T10:16,5,25.65,Online,Cancelled
64a4e62f-40a6-4c1e-bbdb-710697dd855e,d7af10ce-45c9-4fc8-8dd8-b1c5491aad5f,2024-04-10T10:16,4,94.76,Online,Pending
547fe4cd-a8d0-4809-8b67-1b8c962ac2ef,3dcaabe3-78c9-4d88-bed5-56ca7ceea07c,2025-07-23T10:16,5,106.40,Online,Completed
3a300c8b-d551-4270-a3a8-f4209aeb4d60,0b2a0e9a-e050-4380-b607-57adcbbf59d4,2024-10-20T10:16,7,106.26,Card,Cancelled
2d32be81-3f22-4c65-8c2e-2bc30dfb0dbe,ada8704c-2784-4d70-84da-10078407d2c8,2025-04-25T10:16,6,38.10,Online,Pending
069e601c-fa81-433a-9b83-671071fa096f,69446e90-4237-4410-ab55-e011eb04cce0,2025-03-19T10:16,9,159.12,Card,Pending
cdf55295-484f-4c68-8ea9-cceff6daf1fa,c3ffc43c-0c11-40fa-9824-f234161741d0,2025-05-27T10:16,8,187.52,Cash,Completed
59c0e9d0-85fe-4b76-8361-7f743fdde2dd,06e585f0-5b60-4900-81d1-3379328e6c17,2024-12-18T10:16,5,90.20,Card,Completed
e97cdac4-7bb1-4e6c-bfbc-2173e56aac82,b3688304-b24b-416a-9bf4-c2b6aaeb59d3,2025-08-03T10:16,9,211.41,Card,Cancelled
bc8f4923-e008-455f-9e50-3c01b47c8332,8b115a34-224b-453c-be69-b53a7445b466,2023-12-03T10:16,5,103.70,Cash,Cancelled
b18ee43a-6a9b-458e-82b9-244d37b0539e,14eace30-1ac2-411e-8eef-98e8f32a87fb,2024-04-13T10:16,9,121.41,Card,Cancelled
25342d0e-9496-4c4b-ba08-5db4d4828a3b,cb8747c7-32ca-4b6b-868d-13ab01d953ec,2025-01-11T10:16,7,196.56,Online,Completed
bb7c4343-431d-4aa4-8553-c0c99f4c5cb8,1a48aa9a-def3-481d-922a-94300aa97309,2025-03-12T10:16,6,108.12,Card,Cancelled
3310e4f3-683d-4839-ab20-d2ec9da69547,0472ca7f-b133-4710-8f43-24a3c6c1afd1,2025-08-30T10:16,9,255.42,Online,Pending
6534a0bc-1a2f-4974-8200-cf15089a131d,726d71e2-70fd-4416-8568-78619c14a73a,2025-10-24T10:16,7,95.62,Online,Cancelled
e29277ea-6efa-49c9-a4d0-1d4b775dcc64,8b546c63-5406-493d-bc69-cfb594b38267,2024-07-16T10:16,5,64.45,Online,Pending
8a4eb838-bd4d-409a-9a83-115b69008730,c5817fdc-a4dc-4879-b957-30cfda62016b,2025-02-16T10:16,4,71.52,Card,Pending
150c5bf6-b757-4c2e-8cbe-72f254fd1413,71f17b36-2c37-4cfa-bf8a-894fa94c0e9b,2025-01-13T10:16,8,208.08,Cash,Pending
b46f83aa-5f9a-44ca-9832-9e5ad0fe5e96,f90cf3ca-e2d0-4129-bc7a-e8a2b80880da,2025-07-29T10:16,2,44.56,Online,Completed
03030605-8d0e-4618-a515-5a771c723f68,9fa382f0-8393-48db-ad30-43c953282401,2025-05-06T10:16,6,133.50,Cash,Completed
ceb14d9e-6931-4fef-89e1-cf53e566a191,0a15d43b-8f6b-444a-bef2-ffbddfdbd16f,2025-03-09T10:16,4,42.56,Online,Cancelled
b598e385-2d90-49fd-a07e-3c2dad704a67,6f61ca8e-51a1-48e0-abfa-88326e713e34,2024-12-10T10:16,1,11.77,Card,Pending
9373e065-8556-46ff-8251-ea57b31801ab,5f6e51da-5f01-4c9a-85dd-7d50ef37e5d7,2024-07-24T10:16,4,70.40,Cash,Pending
bbb2ca64-dbe2-4b69-ace5-582c6ca6b634,d87f31d7-79ef-4c17-856e-142e791b04da,2024-07-24T10:16,4,52.88,Card,Cancelled
05fb7d94-92a4-4210-b70b-f4cf19538332,05ccd8a5-ea5f-4353-bd1e-3022152b0685,2024-03-11T10:16,5,137.95,Online,Completed
44c455f4-4fb6-4970-a1cb-d4c933aed640,f0a6a958-e434-41bf-a830-dffa55a34db5,2025-10-04T10:16,3,44.52,Card,Cancelled
26e1b1d4-ea79-412a-afc5-ab63ebee1299,6e551d53-4f6d-4b84-a9de-3d7c79694805,2025-05-02T10:16,7,134.26,Online,Completed
82c5d593-aaec-437e-9fc2-d527f84f9d8a,d33bbfcd-a2ca-4e80-8a1c-65223f061e7e,2024-10-27T10:16,9,181.80,Cash,Completed
9137ab04-ce7b-43de-8aed-c32b9def465e,b04ce307-2d1f-4214-b023-d8f4379041a1,2025-06-05T10:16,2,48.50,Card,Cancelled
6672d819-b7b4-4256-b96d-a2a5c58b3d6c,0df3bae1-6384-4856-aa27-aef9f6c48b75,2024-08-04T10:16,1,5.83,Card,Cancelled
f617920b-87c9-447a-91c3-808812cdf1cd,a190f67b-21df-46bc-8164-46bdfa00af85,2025-05-06T10:16,8,50.56,Card,Cancelled
4ba49e4b-c586-4ddb-9588-4847f0a39706,8887df7e-682b-4d48-b18c-c1ddfa0aaa26,2025-06-25T10:16,7,139.86,Cash,Completed
42379946-22bb-4690-b6e0-165dfdbdd78d,205ea7f7-e714-45b8-a083-11247ff702a1,2025-09-20T10:16,1,6.64,Card,Pending
0e2a7f31-a425-4d45-becb-84f7894ae810,b014b56e-3263-4b63-8430-46e00bc5ea77,2025-02-02T10:16,1,7.26,Cash,Completed
a3fc8163-9510-4364-a102-eedec81bfdbf,d5cfb1a3-ce2f-4aff-ab4c-50e0c5426af1,2025-05-17T10:16,4,63.76,Card,Pending
2432a226-505d-4476-a1c3-c84322ffabbb,62a2bfef-ca4a-4dec-90ea-bf15ea1880d2,2023-11-25T10:16,2,23.60,Online,Completed
4a309fdd-c180-4f30-8c35-6ed5bf3f0d5f,74e76582-f1b8-4560-b049-8aebb59d4721,2024-08-06T10:16,1,28.61,Cash,Pending
35405e71-f760-4f23-a8ac-5af4c9aa9918,050d9901-1cb5-413a-9c31-282028f863c1,2023-11-29T10:16,2,29.02,Card,Cancelled
781a29c4-402c-4e54-b200-8c933e2f51e2,fdb5454e-2230-489e-ade4-9218ff28cbd8,2024-11-21T10:16,1,18.15,Card,Cancelled
e4a01dcd-f115-4db4-b62d-28922e2e6888,0a570207-0f70-467f-bbeb-44a0a60a9a25,2025-08-27T10:16,7,110.25,Online,Cancelled
af0abbec-99e4-4663-b34b-7428cef2e83c,cd50913f-8c99-4253-9134-0cf5fe5f300f,2025-04-05T10:16,5,86.60,Online,Cancelled
e188e5d1-6718-4ffb-89ba-0719cfa5ff75,3910ab11-8758-4a4f-8a9b-c4f5df7413c4,2025-10-17T10:16,1,15.86,Cash,Cancelled
a9a26503-ab89-4cea-a172-debd5e0149ad,60cd80b6-3967-4dae-b4df-adc7b5644971,2025-05-20T10:16,3,57.57,Card,Pending
b81cd8ed-37ea-4cb2-a1eb-9703fa1d32e6,99c406e7-092b-4eeb-bc08-56fc041c253d,2025-10-13T10:16,1,5.15,Card,Completed
cac9ab76-a70f-408a-9852-14a6806486cd,e12c3d24-86c8-474f-b86b-370df36adbfe,2024-11-29T10:16,5,48.45,Online,Pending
10091160-1cea-4ed2-93ff-051908a530ed,0b2a0e9a-e050-4380-b607-57adcbbf59d4,2024-03-12T10:16,5,89.15,Online,Cancelled
5ba94ef3-d8a1-40a0-9812-e049abde29a0,10b26c2d-7d56-4175-84a8-a2775e128a9d,2024-07-31T10:16,8,201.92,Online,Cancelled
f0709c0f-8abc-44b5-917f-1131bdbc6896,89d26a00-0fde-4c03-8430-b06f6bc3f33a,2024-06-18T10:16,9,192.96,Card,Pending
90f40331-d65b-413a-8773-84d3c2f32d64,1a31c678-d420-495a-aff3-0f1609514e1e,2025-02-23T10:16,5,63.95,Online,Pending
50aadc72-1763-4979-85b6-d16a6be3fffe,bb6bf39c-f455-4e08-a59e-1bdaaa91d4aa,2024-09-11T10:16,3,22.05,Online,Cancelled
c03ec538-2e78-481d-8b04-af60dc90dd93,910b1d47-5c37-48b1-8bde-96c60660f1d7,2025-10-12T10:16,8,58.16,Card,Cancelled
14fc6dce-4a74-455e-8703-77edb8042679,27e45431-1333-4ffd-a0c8-be56ffdc5d4e,2024-02-01T10:16,8,233.36,Card,Completed
58899c93-4077-42be-8111-23676be05272,e119f98a-df63-41dc-8e01-bb49ca2dc724,2025-08-31T10:16,8,191.20,Card,Completed
d02bf986-009e-4a78-8913-e1560a18a855,485b65e7-fdf4-474d-afba-37986d8d3cd8,2025-04-20T10:16,1,24.90,Cash,Completed
3cec0028-8ece-491d-b2fc-137e361497fc,0130fcd4-a6cf-4a72-8400-7bcae1abce34,2024-04-21T10:16,1,22.41,Online,Cancelled
e6009327-8876-440e-b6ae-014935cc45c0,7a18d550-38d0-40b2-84a7-547162e7e409,2025-11-01T10:16,6,135.54,Cash,Completed
723060b4-b83e-43bd-98f2-6791570fbb82,6c3bf618-a715-40f9-9faa-cfc5f5beef2f,2024-06-10T10:16,4,29.88,Cash,Cancelled
8f5f9adf-b243-483b-895e-b42e05381116,fdb5454e-2230-489e-ade4-9218ff28cbd8,2024-09-13T10:16,1,9.67,Online,Completed
dbdd8335-43fe-4f63-8a48-492ec71f005d,ceafdb2a-788d-48e0-acdd-bd533a2e7ab6,2024-09-17T10:16,4,28.20,Cash,Completed
e29c1b79-c392-44ea-ac84-eb411d6c9f5c,0a0ac3e5-6e20-4fbc-87ec-5481c70e38bc,2025-10-03T10:16,4,59.68,Cash,Completed
123079b2-ac65-4a1a-bbe4-9a8de26ce1e3,0e0d5f13-edd5-4ab0-9ddd-3df111bedc5a,2025-07-10T10:16,8,116.48,Card,Pending
9d1a4e08-8153-4e0b-827e-700d5d056c37,0df3bae1-6384-4856-aa27-aef9f6c48b75,2023-11-21T10:16,7,101.92,Online,Cancelled
f506f8ae-60bc-4559-afa1-bf864594a2a2,4f6ae324-5b6d-47d6-a86d-26ec6fbe1e0e,2024-06-07T10:16,3,76.89,Card,Completed
9690ee55-5c8f-4427-bbb0-899f479df47f,205ea7f7-e714-45b8-a083-11247ff702a1,2024-05-06T10:16,1,22.60,Cash,Pending
080f0bd5-365c-4095-93dc-3bff0aaa99e0,0472ca7f-b133-4710-8f43-24a3c6c1afd1,2025-05-30T10:16,3,84.78,Card,Cancelled
a5037160-9282-4e11-88ae-b8689d7834ab,f067e21d-d1d4-4e87-9cae-9753f5f9ccb6,2024-02-12T10:16,2,23.20,Cash,Cancelled
edf52022-4ebe-421e-bd3b-e314f4fe2c72,8113211c-bdc3-4bb0-94d9-3fd3871f3005,2025-02-22T10:16,2,30.86,Card,Completed
d8518b4a-ee37-4de1-8c46-9459928b233c,0e0d5f13-edd5-4ab0-9ddd-3df111bedc5a,2024-11-03T10:16,2,18.90,Online,Completed
c217b6ee-3f79-4670-b006-a4f2d5fbdd03,5f0f3def-9ff6-4282-ad04-001c4a769966,2025-04-18T10:16,1,13.11,Card,Pending
9c73da3e-07ea-4cae-9966-6afa513a3848,3ab3404a-ee80-4ed2-8d90-a6f0dad14e48,2025-09-11T10:16,1,17.64,Online,Completed
b9febe74-77db-48fc-a596-527c91a7f706,0e0d5f13-edd5-4ab0-9ddd-3df111bedc5a,2023-12-12T10:16,3,25.83,Online,Cancelled
3f95ab68-8472-4531-8ca6-b89c3b989b5a,cb8747c7-32ca-4b6b-868d-13ab01d953ec,2024-04-24T10:16,3,15.27,Online,Pending
2004b673-953e-4722-b4e5-c7e4f478e78f,39cb44e2-a541-4b98-bc0b-db5f31cf8710,2024-04-28T10:16,4,30.60,Cash,Completed
35072e6a-4687-4f9d-bbde-81bdf223b09a,3befa4dc-d961-4a3a-9410-d43d1bdaa335,2024-07-30T10:16,2,24.04,Card,Completed
7a09c0cb-e054-4e1c-b73f-5d0fe9942876,c0d74d86-5c5b-481d-b8e3-61eeb9c77255,2024-02-25T10:16,9,65.52,Card,Cancelled
29ed5dfd-69d3-430a-927a-1e26354be1ef,0472ca7f-b133-4710-8f43-24a3c6c1afd1,2024-11-18T10:16,6,30.84,Online,Cancelled
4cf15859-3d7e-4667-b657-43b3ccc2f35f,1a48aa9a-def3-481d-922a-94300aa97309,2025-03-17T10:16,8,98.64,Cash,Completed
59f3d83e-0b48-4046-aef7-386450859542,10b26c2d-7d56-4175-84a8-a2775e128a9d,2024-07-21T10:16,7,91.28,Cash,Completed
5a4d77fc-8f79-42db-99e4-f6a02622f3b7,e12c3d24-86c8-474f-b86b-370df36adbfe,2023-12-04T10:16,7,104.44,Cash,Pending
0e2c462c-5f8e-4a8d-b89d-18160e108274,0fcf4084-ea31-49f8-99f9-9bf8c8b0c16b,2024-02-04T10:16,7,191.45,Online,Cancelled
6c2f0341-6e94-4c72-8126-c3aeaa28503d,c5817fdc-a4dc-4879-b957-30cfda62016b,2025-10-18T10:16,5,114.25,Card,Pending
db4961b6-f72e-4e2e-ad12-3368aa811968,67c276b0-7be6-4f3c-bf86-c342095c8112,2025-08-16T10:16,1,8.16,Cash,Pending
cf5555a9-415d-46c7-a852-0ca13e13f5cd,7a2e5fa5-096b-4701-8ce6-7a3db39bf8eb,2024-08-25T10:16,3,72.18,Cash,Completed
997db153-2e10-4350-b9a9-f4fed6e8e2ac,6117b6f0-c4f4-4bf1-9eeb-f33950decba8,2024-03-01T10:16,7,170.87,Cash,Completed
9f0d47ea-37b4-47a7-acc4-659dd7dac03c,c1a09d60-c9e8-4489-a68e-e01b51541d33,2024-09-27T10:16,9,230.67,Card,Cancelled
b543bb7d-b577-4c86-bb76-ab1ed798163a,f543de06-e341-4de2-95ab-ca0fd3ee51fe,2025-06-22T10:16,6,69.78,Card,Cancelled
f05b695c-9d35-4df7-9c85-92187815af07,dcfb3d05-846d-4915-99f3-ebbc7559d972,2024-08-25T10:16,6,64.38,Online,Cancelled
6149bbbd-64be-4352-acb6-0088a4d25eae,7169ef0c-f2c8-4ae3-83f6-87691664d2d2,2024-11-15T10:16,7,150.64,Cash,Completed
b6e50c45-194f-4868-9cda-20e797f53596,6bd388d4-5636-450b-bacd-55bdcb769bab,2025-09-27T10:16,4,105.60,Cash,Cancelled
f5664c5a-f347-435b-a3b9-4a0ae576c2da,62a2bfef-ca4a-4dec-90ea-bf15ea1880d2,2025-03-04T10:16,1,14.64,Cash,Cancelled
ca510df4-3390-4d39-bee9-d57ea8394a08,8f7f530b-bb30-4a05-b437-744ed30af54f,2025-02-10T10:16,7,143.50,Online,Completed
c552a9b1-8462-4948-944e-717e71bf7a5e,cd50913f-8c99-4253-9134-0cf5fe5f300f,2024-04-04T10:16,7,56.42,Cash,Cancelled
7297db46-a2d6-4328-b305-c97ce8ccf3df,0b2a0e9a-e050-4380-b607-57adcbbf59d4,2025-05-20T10:16,7,67.41,Cash,Pending
35df9b39-b26b-49d3-94cd-c4b20c6cc50b,53db1213-7316-47bb-9099-c1def0e3c96b,2025-03-15T10:16,6,70.86,Card,Cancelled
e5a5a01c-2c37-4a90-ae1e-eb7e8d5e9741,2c6dafc9-06cc-4b3d-8b8d-12aae0644c58,2025-05-12T10:16,7,90.16,Cash,Pending
3fe86e7c-62e0-4761-9e33-0d25f2c4cffb,4bb2d776-14c0-4ef6-b8ba-c580cbed72b8,2025-03-14T10:16,2,49.08,Online,Cancelled
e53696a3-a7ca-425b-8073-29a9b955599b,f90cf3ca-e2d0-4129-bc7a-e8a2b80880da,2024-03-06T10:16,8,41.04,Card,Completed
b287a2a6-c7bd-4605-aec4-3dac16bca0b3,000f9c8f-2fc7-4346-844d-c04f10751265,2024-09-23T10:16,9,264.33,Cash,Pending
6032f71b-5054-41b7-9f04-a8c818277100,e119f98a-df63-41dc-8e01-bb49ca2dc724,2025-04-26T10:16,9,91.08,Online,Completed
2359be51-f207-4a35-a307-e222a5d681ad,0df3bae1-6384-4856-aa27-aef9f6c48b75,2024-06-25T10:16,1,17.20,Card,Pending
37f15122-518c-47dc-b061-32ca91dbbe51,2c6dafc9-06cc-4b3d-8b8d-12aae0644c58,2025-04-14T10:16,3,81.69,Card,Cancelled
b73a32f7-c553-42c8-9e84-56a0a764bd74,6e6d2c67-f7fb-4a98-8f9a-4822259b25c4,2025-03-28T10:16,3,15.21,Cash,Completed
85b48286-ba5d-4853-ac24-78c614dd80da,62a2bfef-ca4a-4dec-90ea-bf15ea1880d2,2024-06-22T10:16,9,139.86,Online,Completed
759f92af-4152-4a4d-9481-93d9eeb10cc3,4bb2d776-14c0-4ef6-b8ba-c580cbed72b8,2024-11-27T10:16,9,154.89,Online,Completed
43bd02aa-9752-44df-aadb-b50c62ec82b4,3910ab11-8758-4a4f-8a9b-c4f5df7413c4,2024-06-03T10:16,3,58.68,Online,Completed
1bc02bf5-45ee-4203-b5e2-4ddca8c5b060,6e6d2c67-f7fb-4a98-8f9a-4822259b25c4,2025-05-25T10:16,8,57.92,Online,Pending
8ed7ef04-6a9d-4c98-8927-b14e3dd3b194,a5ffc907-be77-43e6-8694-4a0bf09bd3fb,2024-01-24T10:16,5,97.10,Cash,Completed
7aae3ddb-ec42-4a31-bc15-abe1639f0ede,000f9c8f-2fc7-4346-844d-c04f10751265,2025-05-07T10:16,2,44.24,Online,Completed
439e8a04-41db-4e62-8610-678482c96421,e119f98a-df63-41dc-8e01-bb49ca2dc724,2025-08-20T10:16,3,46.05,Card,Completed
5232d9e1-92e5-444a-aab4-939a4829a09a,4739f27f-7a96-4d52-83ae-0c6fd4c8c606,2025-06-09T10:16,6,70.56,Cash,Cancelled
cdd1756c-e354-4b9e-9d8e-c4e512881e78,824998a2-7592-4051-ab0b-d5e12743c93b,2025-06-28T10:16,7,136.15,Online,Cancelled
d5900c25-ee66-4de2-b138-a73ee2af4a6a,21edfc22-3f73-4335-a774-3cf78ab65e86,2024-12-21T10:16,7,188.72,Card,Completed
cf851e97-63ab-446f-9aea-e448f903f50b,89d26a00-0fde-4c03-8430-b06f6bc3f33a,2025-04-17T10:16,9,134.64,Card,Cancelled
71258667-8843-4b9b-aac3-856a374da26b,e6cb1215-5314-4d05-bfd1-f6e5d36e89f7,2024-01-03T10:16,7,131.04,Cash,Completed
5ad404d9-2d05-4f28-be08-9454b37a3f5b,ba5d9947-b043-4aca-8ee0-6b77895cf8e8,2024-09-12T10:16,1,9.90,Card,Completed
a35dcfa1-20b6-46dd-8632-0437676a95c0,7d2df59f-386d-4aec-85a8-2443262a0cb4,2025-04-14T10:16,8,138.96,Card,Completed
5849676f-be8b-437f-a275-3a64fa4f5425,0130fcd4-a6cf-4a72-8400-7bcae1abce34,2024-02-08T10:16,3,59.01,Online,Cancelled
70fe0e5d-53ca-4924-9937-86f7335fede1,f067e21d-d1d4-4e87-9cae-9753f5f9ccb6,2024-10-08T10:16,9,124.38,Card,Cancelled
3b73dbbf-60c1-4b18-9a26-e9b2ebd6499d,dcfb3d05-846d-4915-99f3-ebbc7559d972,2025-07-03T10:16,7,119.21,Card,Pending
32844b12-45ea-4aad-8ef3-2c6fd33f09b2,b014b56e-3263-4b63-8430-46e00bc5ea77,2024-07-30T10:16,5,63.40,Cash,Completed
c7736823-6e6c-420a-8bcc-cebeafe925f0,4e6807ca-aed8-4ec9-b1b0-0e3aba57efb1,2025-05-21T10:16,6,57.00,Card,Cancelled
a291b282-1947-41c9-9d64-fde25b31d66b,a302a1a8-c429-406f-abff-9f273aa0a4b5,2025-10-07T10:16,5,38.55,Online,Pending
a7e8265b-47a3-40e8-9838-3e6895c5186e,cb8747c7-32ca-4b6b-868d-13ab01d953ec,2025-07-25T10:16,5,36.15,Cash,Pending
88664ac0-8e58-4d26-9a2a-eca51fbfda96,1eeb9c5f-5b7a-47af-b4f1-5a50d9d1089c,2024-05-06T10:16,1,20.83,Card,Completed
39288fb0-fef3-43ac-855a-428127698e94,5eb75bc0-d5fa-4209-9d42-7767f3f0585b,2025-01-09T10:16,5,96.00,Cash,Cancelled
4bad00a5-5c63-42f3-befe-f520805ce7b0,4b14a58c-f1e4-40b6-888d-a88cd7055099,2024-02-07T10:16,5,102.45,Online,Completed
0b581f22-7f67-490e-89d1-7beacdca7cfa,8f7f530b-bb30-4a05-b437-744ed30af54f,2024-03-24T10:16,2,57.12,Online,Pending
ab868f6c-d6c5-41b4-935c-1be889b14c7b,93cdeef1-3fc3-4a63-a275-0ae87ae6b335,2024-09-03T10:16,3,87.18,Cash,Cancelled
4b82edf7-d297-48ba-9fea-f6b64d248478,caca465c-e9f2-4add-91b5-24c70595e321,2025-09-03T10:16,2,54.90,Card,Pending
d3eba68e-0757-4ad9-ad4d-0c386c12f1cd,b03f75c1-655f-4480-a2bf-1a0af806e96e,2024-03-14T10:16,7,149.66,Card,Pending
53f856f2-715a-4ef5-84ea-73ae977fa115,6c3bf618-a715-40f9-9faa-cfc5f5beef2f,2025-08-09T10:16,6,70.62,Online,Cancelled
5594da89-a5be-4f66-99ba-ab622da5bbad,62a2bfef-ca4a-4dec-90ea-bf15ea1880d2,2024-11-05T10:16,1,9.84,Online,Completed
cf6a41f5-4b86-42cc-b423-b892a76c7a8f,7a18d550-38d0-40b2-84a7-547162e7e409,2025-08-11T10:16,6,60.36,Card,Completed
2783f92e-a1f9-4f0d-a4e8-c5a45d45d5a6,3dcaabe3-78c9-4d88-bed5-56ca7ceea07c,2025-11-05T10:16,7,45.92,Cash,Completed
f12991d9-4eb5-4147-ab94-6763bed6b0ab,5f0f3def-9ff6-4282-ad04-001c4a769966,2024-04-11T10:16,1,19.51,Card,Cancelled
7c722cbe-65d8-4de2-bc2f-ad58a7b26f84,52c87fd9-fdf0-4256-b929-6153ad24a0ac,2025-05-18T10:16,8,90.88,Card,Cancelled
18703024-8629-4e1e-8eb0-bb2fac1d36a9,0a15d43b-8f6b-444a-bef2-ffbddfdbd16f,2024-09-23T10:16,3,23.13,Card,Completed
cdd2e39e-1716-4c1f-aded-935b6025402a,935ebde1-5945-4673-886e-1a7a12cc2d4e,2024-02-20T10:16,7,98.14,Online,Completed
1945bf3c-6191-4b45-88e3-f10f5fbec921,4bb2d776-14c0-4ef6-b8ba-c580cbed72b8,2024-05-24T10:16,9,56.16,Cash,Pending
2cb11482-0a04-4a5a-95f9-cbd9ccae5af8,fbe227d7-6d32-4407-9783-7fdac983e55f,2024-12-30T10:16,3,62.04,Card,Completed
ac12ef5f-bf95-4933-b5f3-961acba0ecbe,cd50913f-8c99-4253-9134-0cf5fe5f300f,2024-06-12T10:16,7,187.88,Cash,Completed
27e1cf7d-bea3-4476-bb4b-477684976814,d5eaf6a7-76cc-48ec-98d9-ba713e2df70f,2023-12-04T10:16,4,97.28,Card,Pending
48e41513-59bf-40f1-81b0-e85c43daa8c8,795088d7-d227-422e-ad8c-f048bde0675e,2023-12-24T10:16,4,29.60,Cash,Pending
702d88a0-8dd6-4e09-ad0a-87edcc523842,6b1178fc-1745-401d-88da-3903c243ebe9,2025-06-03T10:16,1,5.27,Card,Pending
c989e009-7ba4-4bfb-a1a1-3c705ebd34a0,ef7fad1f-a86f-4ee1-95b4-ce1f339f0fa5,2024-10-23T10:16,8,233.12,Card,Pending
936e7be4-e67f-48d8-927a-7e2d8884d349,4f6ae324-5b6d-47d6-a86d-26ec6fbe1e0e,2025-01-23T10:16,5,137.60,Card,Completed
991ce292-8a76-4e3d-aab9-7525fe01b276,c83bba2f-5229-4998-9566-1f3179b13e8a,2024-03-31T10:16,8,174.00,Online,Cancelled
ab0068c6-59ad-419f-a870-8673ab605ae4,0dd437d0-74fa-43c3-8909-5c955e4d47dd,2024-07-22T10:16,3,39.03,Online,Completed
350170c5-1349-4558-9933-f4d17b80a903,0d463f72-c3a1-4a2b-8d0d-1721a0d1a06b,2025-11-05T10:16,8,199.12,Online,Completed
1949104c-b219-4336-901b-5f098efb8eff,98b17fed-218c-4f20-8410-9f0edfc74455,2025-03-23T10:16,6,66.60,Card,Cancelled
793755d1-ca88-4453-bdee-20a11df15f87,2ca088cd-c6c6-4e60-a1a4-d2990ee21b12,2024-02-01T10:16,6,71.70,Cash,Completed
fa7b60cb-fbb6-4682-bb78-a277c479e3be,c63bd277-c81c-40c5-8720-6ce916d653c4,2023-12-19T10:16,9,130.86,Cash,Pending
ddc6503e-0ec1-463a-8f28-a3ed241d9580,7c991f43-c18b-4404-8826-97691b0dc00c,2024-01-28T10:16,4,119.96,Cash,Cancelled
ed350e8b-b36a-40bc-81c2-42ec90b471d7,92da274a-bea2-490a-bb52-196c46fa8487,2025-04-23T10:16,1,22.79,Cash,Cancelled
237c1fbd-86f2-4635-a169-f91ab31f6593,14eace30-1ac2-411e-8eef-98e8f32a87fb,2025-11-10T10:16,2,51.98,Online,Cancelled
1aafd24f-14f4-43fb-8678-34a11c895805,2a109685-1399-4149-8951-fba29bb0360d,2025-09-19T10:16,3,85.11,Cash,Pending
7c707cac-5391-4538-ace7-ffbf3f23868a,b04ce307-2d1f-4214-b023-d8f4379041a1,2024-12-04T10:16,7,205.03,Online,Completed
2d60b077-73ca-4692-a105-6ae8429ed1ba,ceafdb2a-788d-48e0-acdd-bd533a2e7ab6,2025-02-07T10:16,8,143.12,Online,Completed
34604f77-3602-4671-a3b3-56c356769c63,6aaabc79-3d35-410f-bb96-f86a3930d0ff,2024-05-29T10:16,3,50.40,Cash,Cancelled
a9f7390f-b18a-4531-936e-49de6bb230bc,11526850-7335-463f-b740-a52a90457c3b,2024-10-10T10:16,5,138.45,Online,Cancelled
89cf0bf4-38d8-415e-8cc0-47ec7b9aeebf,4e44f26d-5455-405b-8fdb-63ab8b739ecf,2025-03-31T10:16,3,24.99,Online,Completed
8d89b0dd-a342-4763-9d2f-429a3fb536a7,53db1213-7316-47bb-9099-c1def0e3c96b,2025-07-18T10:16,9,259.47,Online,Completed
a0952f83-47f3-476b-ab58-98f27fd9069b,3befa4dc-d961-4a3a-9410-d43d1bdaa335,2025-04-20T10:16,4,116.68,Online,Completed
8c3319a9-598e-4b9a-a497-40ffa27f4245,ceafdb2a-788d-48e0-acdd-bd533a2e7ab6,2025-04-25T10:16,8,215.84,Cash,Pending
7337905a-415e-4b02-8ea7-d4471c32eccf,0472ca7f-b133-4710-8f43-24a3c6c1afd1,2024-08-06T10:16,2,49.48,Online,Cancelled
bd691f14-6fe5-42c5-ba1d-7e579dae81cf,983d66ae-c8b0-46b8-8abc-26a1055cf729,2025-08-06T10:16,6,136.08,Online,Pending
a0e718dd-fad2-4822-808c-9714c4960d97,f6c35464-33dd-44a7-bf84-071f2e427045,2024-01-03T10:16,5,86.70,Online,Cancelled
2d830e01-4904-4849-8e0d-62fad4e11727,b90a3a7f-421e-47e5-8598-fe50f365a62e,2024-01-27T10:16,1,12.78,Cash,Pending
a4076a29-2f32-4a78-b0c8-2313e03f81a7,c5817fdc-a4dc-4879-b957-30cfda62016b,2024-01-18T10:16,8,193.84,Cash,Pending
8140f8e5-40ed-41f8-8221-9f95dbcdd257,b3688304-b24b-416a-9bf4-c2b6aaeb59d3,2024-01-26T10:16,5,77.25,Online,Pending
c2e2e89d-8da1-4417-a253-9e6e865a51a1,23650eb4-f98d-45a3-a90b-a378f03d469d,2025-11-08T10:16,2,32.14,Online,Pending
d286f3d6-fcf2-4449-be11-5ecb46a9e58f,02c65c06-56ad-4670-b8e2-10ab417c7154,2025-04-25T10:16,8,155.60,Card,Pending
aa709516-7b14-4a63-a3e1-9998b97610f7,c0d74d86-5c5b-481d-b8e3-61eeb9c77255,2024-04-14T10:16,4,64.68,Online,Cancelled
58fedd4f-1595-4748-973c-8891c9003d80,a3f626b9-cc27-4c04-8570-be79ab8bda4a,2025-05-11T10:16,3,38.52,Cash,Completed
037c3fa1-de78-49d7-8571-1b70c363f231,e12c3d24-86c8-474f-b86b-370df36adbfe,2023-11-22T10:16,2,59.14,Card,Completed
ef3b2f3b-cd2e-4c73-8348-d5caf851b118,71f17b36-2c37-4cfa-bf8a-894fa94c0e9b,2024-06-02T10:16,8,99.60,Online,Completed
e039ae98-e268-4f66-b186-6e592572fba2,46032f36-69bc-465a-9b33-a5d560bfd77a,2024-06-14T10:16,2,16.42,Online,Completed
f372b047-b167-4d34-b1ef-ca9fcc217213,6945f6f4-b8f9-4d04-90ff-e59ed705578e,2024-12-01T10:16,1,29.92,Online,Pending
36a4fcb5-5e28-4ab1-89cd-2c42008c5b06,1233cc27-7567-48e0-8dd2-6b0019506c2f,2025-06-28T10:16,3,17.79,Cash,Pending
7a531a7a-20cc-479d-a13e-40380936602e,0dd437d0-74fa-43c3-8909-5c955e4d47dd,2025-05-01T10:16,7,136.78,Cash,Completed
d5901a25-6a85-476a-9e54-1825ea53d16a,e277d099-db2a-4aee-ab86-8b0e73a34383,2024-06-24T10:16,3,21.96,Online,Cancelled
8062c52a-e3a0-4e2b-ac94-7df21f93a711,e277d099-db2a-4aee-ab86-8b0e73a34383,2024-05-21T10:16,6,157.02,Card,Pending
a649d930-f6a7-44cd-a7d4-f3d801eabf8a,5f0f3def-9ff6-4282-ad04-001c4a769966,2024-05-19T10:16,2,54.34,Card,Completed
10c3dd29-51b7-4bf5-a23a-93c4829d6d5f,6bd388d4-5636-450b-bacd-55bdcb769bab,2024-05-16T10:16,3,86.58,Online,Pending
af86d440-3a08-4761-9797-9be1a41670f3,93cdeef1-3fc3-4a63-a275-0ae87ae6b335,2025-03-16T10:16,8,98.40,Online,Cancelled
1f60ac60-a559-405d-bbff-1298b6e1a8dc,515fe1d2-d33a-4b9d-8c19-07e0cbe81a9a,2025-10-28T10:16,9,174.69,Online,Completed
560c0913-9b0c-4379-b46c-9c2bc6531c71,941529ef-2114-4bff-907a-4596ff4593a1,2024-10-03T10:16,7,107.73,Cash,Pending
29ccd535-ee0f-49fa-bedb-e4145ccb26a4,b90a3a7f-421e-47e5-8598-fe50f365a62e,2025-05-10T10:16,7,44.52,Card,Completed
9044bf9c-0e7c-4528-b66a-5754de75daef,ecf1ffb0-ac00-4968-87ea-8beef4ace55a,2025-01-21T10:16,9,207.45,Cash,Cancelled
4920494a-03d7-4e09-8bf4-a31636ad3d6e,0a15d43b-8f6b-444a-bef2-ffbddfdbd16f,2023-12-05T10:16,3,84.57,Cash,Completed
f6cba16e-a13c-492c-9aea-09e8198a1e76,7a18d550-38d0-40b2-84a7-547162e7e409,2025-08-31T10:16,3,30.54,Card,Completed
a9e54002-6ddc-49ac-967b-9daafd77f853,485b65e7-fdf4-474d-afba-37986d8d3cd8,2024-03-16T10:16,8,87.92,Online,Pending
73946011-2a26-45bb-9bdc-c3304b906933,99c406e7-092b-4eeb-bc08-56fc041c253d,2025-06-22T10:16,4,88.28,Online,Cancelled
9d98bafe-68e1-4c35-98ce-38c67716752d,c9dcc28a-ae5f-477c-ae7e-72d94129f449,2024-03-02T10:16,5,63.30,Cash,Pending
cebe88ec-a36c-4574-9b31-7c28e7bcf320,a3f626b9-cc27-4c04-8570-be79ab8bda4a,2024-01-25T10:16,5,144.65,Online,Cancelled
30567703-d366-4bac-bf14-59b81707070c,05ccd8a5-ea5f-4353-bd1e-3022152b0685,2025-06-02T10:16,1,23.60,Card,Completed
894625d9-dd42-4951-b56d-f1141d398096,4e6807ca-aed8-4ec9-b1b0-0e3aba57efb1,2025-03-07T10:16,9,154.80,Cash,Cancelled
23ae4714-6626-412e-a3b1-4a6f92cc38da,1eeb9c5f-5b7a-47af-b4f1-5a50d9d1089c,2024-04-12T10:16,1,25.63,Cash,Pending
f63c05a4-50c6-4c71-8786-602c9f7a3cb1,9b9edd1e-b4f7-414c-b8b5-a3dc51fa0a8c,2024-08-12T10:16,5,61.30,Cash,Completed
167b6a0a-7399-433d-9fbd-32cbd5e811c7,b3688304-b24b-416a-9bf4-c2b6aaeb59d3,2024-10-31T10:16,2,38.12,Card,Pending
8c1c53ad-1c1a-4cb2-832f-0c1ff47de891,6117b6f0-c4f4-4bf1-9eeb-f33950decba8,2024-10-06T10:16,6,173.46,Card,Completed
04ea19fc-ec7a-493b-bf67-c37547fc5a28,824998a2-7592-4051-ab0b-d5e12743c93b,2024-12-05T10:16,5,39.05,Online,Pending
25b7cfa1-71ff-42eb-b5ba-42fef545098c,0a5a9fc7-e126-48f0-99aa-dea85c606f66,2024-03-08T10:16,3,47.13,Online,Completed
c980b706-eec5-49d2-a494-da997c5ac5a5,56a75a3e-a944-4147-8cba-f1024726993f,2024-05-15T10:16,9,91.98,Card,Pending
d3deca5b-aede-4ece-9d1a-bd25379cb8ba,6aaabc79-3d35-410f-bb96-f86a3930d0ff,2025-07-09T10:16,5,49.40,Card,Completed
4a1aa630-a84d-4557-83e2-4247592d1d00,6f61ca8e-51a1-48e0-abfa-88326e713e34,2024-08-21T10:16,2,42.70,Cash,Pending
5fbb7ce9-7fad-4ca1-851a-5657711bb176,caad7924-4bc5-4f85-9662-11ca261e3c87,2024-05-10T10:16,8,199.76,Online,Completed
3cfbb619-c394-4357-a31d-8b708035cc7f,6c3bf618-a715-40f9-9faa-cfc5f5beef2f,2023-12-02T10:16,1,18.19,Online,Cancelled
0d70d443-642b-4319-9b49-dcd920bd5a51,500fde18-ea61-4380-9ea4-f06d09985870,2024-01-24T10:16,9,149.67,Online,Cancelled
59346d10-c143-4bbf-8201-9ee42f843e48,bb6ceda0-3f7a-4dfa-9862-41a88dd468b2,2025-02-10T10:16,6,45.00,Cash,Cancelled
a13644f9-2a46-46b0-b8e2-1f7b2ebb4a8e,62a2bfef-ca4a-4dec-90ea-bf15ea1880d2,2023-12-01T10:16,9,197.82,Card,Pending
592be1c3-2cef-4b9b-9f57-41cd283c95f5,0df3bae1-6384-4856-aa27-aef9f6c48b75,2024-07-01T10:16,1,26.04,Cash,Cancelled
32de0ba9-f7ab-4e6f-975f-0fd9090d4a8c,428424b7-1f94-496a-8b7a-497ce177d32c,2024-11-17T10:16,5,61.85,Cash,Pending
e6ddcfc3-4d82-467f-a01a-96e469fbe9c9,b04ce307-2d1f-4214-b023-d8f4379041a1,2025-08-15T10:16,3,16.41,Online,Pending
cecc7028-d4b5-47c6-82c2-e1b08411edd7,8887df7e-682b-4d48-b18c-c1ddfa0aaa26,2024-07-19T10:16,6,46.02,Online,Completed
fadbf4a0-4680-49fa-a88c-e553cef584f3,4e6807ca-aed8-4ec9-b1b0-0e3aba57efb1,2025-10-30T10:16,5,101.65,Card,Cancelled
c1d86366-02a7-44ef-9580-7793df2d06a6,0a15d43b-8f6b-444a-bef2-ffbddfdbd16f,2024-07-03T10:16,7,148.19,Cash,Completed
44ea08a7-69e2-4513-970c-cad5c00ed4e2,cb8747c7-32ca-4b6b-868d-13ab01d953ec,2025-11-06T10:16,5,37.85,Cash,Completed
d6a073cc-06ce-4f74-8d71-9e876c7112e8,0130fcd4-a6cf-4a72-8400-7bcae1abce34,2024-05-09T10:16,5,67.80,Online,Completed
b42b6449-8e17-4d5c-9789-54e31f147181,ebbc7df0-770d-44f8-b0ff-c62f9006e40e,2023-12-31T10:16,1,7.05,Online,Cancelled
ff20c684-bc58-445e-90b0-e4e071289ac3,b014b56e-3263-4b63-8430-46e00bc5ea77,2024-05-29T10:16,5,117.35,Card,Pending
4725a41e-1a67-4dac-a2e2-c5e083aa4072,bc58b12c-65c4-4f21-89ef-3e492a22ef7c,2024-01-01T10:16,8,198.08,Cash,Pending
07af800b-a234-49be-9871-a50db80b3256,46032f36-69bc-465a-9b33-a5d560bfd77a,2024-12-12T10:16,9,79.11,Card,Pending
649ed8e7-373c-4670-ae62-8912c98b8c5b,d5eaf6a7-76cc-48ec-98d9-ba713e2df70f,2025-05-28T10:16,5,129.35,Card,Completed
dd1b1752-0fe0-4f59-9df0-c22e742e3631,c63bd277-c81c-40c5-8720-6ce916d653c4,2024-02-23T10:16,2,50.88,Card,Pending
8d69c3fb-1a58-4d75-a655-2ea4a455413a,53db1213-7316-47bb-9099-c1def0e3c96b,2025-04-22T10:16,3,22.14,Cash,Completed
a7077bec-2355-4a87-b98b-2b8efa38c233,6b1178fc-1745-401d-88da-3903c243ebe9,2024-06-21T10:16,4,76.36,Cash,Cancelled
c64ce217-c35c-4c5a-81dc-c105dd7ed1e9,8b546c63-5406-493d-bc69-cfb594b38267,2024-09-04T10:16,3,27.63,Online,Completed
584dee54-619e-49b2-a25f-369d31d4ff17,a3f626b9-cc27-4c04-8570-be79ab8bda4a,2024-08-24T10:16,8,149.68,Online,Completed
446ab604-fdff-442d-8d45-766351c5400c,99c406e7-092b-4eeb-bc08-56fc041c253d,2025-05-15T10:16,7,204.82,Online,Completed
94ad6e39-469f-4328-9d67-20db5d4d4d11,0130fcd4-a6cf-4a72-8400-7bcae1abce34,2025-01-27T10:16,7,176.61,Online,Pending
722dc864-b969-4d23-a963-93456af95b0e,89d26a00-0fde-4c03-8430-b06f6bc3f33a,2025-04-17T10:16,8,100.24,Cash,Pending
96ad6f0e-eb5c-4f32-9cb5-511c4fcbf591,485b65e7-fdf4-474d-afba-37986d8d3cd8,2025-01-25T10:16,8,233.76,Online,Cancelled
bac49b5c-8ba5-4659-b07b-b007366ac0c4,c5817fdc-a4dc-4879-b957-30cfda62016b,2025-08-30T10:16,6,102.24,Cash,Cancelled
a7b46072-7fd4-4f3d-a531-64e50b55b57f,60cd80b6-3967-4dae-b4df-adc7b5644971,2024-10-29T10:16,5,29.60,Online,Cancelled
41aac8dd-300a-4a43-abec-472000f60492,e38afcd9-9e08-47ba-bc92-5ebb4bc271eb,2024-08-20T10:16,5,126.05,Card,Cancelled
93c81a84-4164-43fa-92ac-6f3ce11695f6,b014b56e-3263-4b63-8430-46e00bc5ea77,2025-11-09T10:16,6,169.20,Online,Completed
c538f143-15f6-46d9-9469-ef8c4f6d2860,23650eb4-f98d-45a3-a90b-a378f03d469d,2025-10-07T10:16,5,48.50,Online,Pending
7f35acf8-5772-406e-984a-126063ca73e7,0fcf4084-ea31-49f8-99f9-9bf8c8b0c16b,2024-11-09T10:16,9,178.74,Online,Cancelled
cb9a0daf-7803-4864-b1d8-c15dea147875,209e786b-2a61-4e52-a3b2-1cc98bcbf18c,2024-12-19T10:16,9,57.42,Online,Completed
86a91c7d-c5a4-460a-b3f1-7d3eea8ed810,d7af10ce-45c9-4fc8-8dd8-b1c5491aad5f,2025-01-14T10:16,1,10.90,Cash,Cancelled
5392b530-ed47-4adc-93cd-b9729d23ce71,e6cb1215-5314-4d05-bfd1-f6e5d36e89f7,2024-05-05T10:16,4,63.16,Card,Cancelled
3386b2b8-ea53-43b7-b205-3e39e1a774b9,99c406e7-092b-4eeb-bc08-56fc041c253d,2024-11-17T10:16,7,55.37,Cash,Cancelled
a5bbb32c-dcdb-4780-a9f4-bda29592a8e4,0472ca7f-b133-4710-8f43-24a3c6c1afd1,2024-09-10T10:16,6,75.66,Card,Pending
af28bc9f-736c-49f0-b4a6-4f0277458846,46032f36-69bc-465a-9b33-a5d560bfd77a,2024-03-10T10:16,7,67.34,Cash,Cancelled
