order_id,restaurant_id,order_date,items_count,total_price_usd,payment_type,status
9cb1b96d-53a3-4c61-9157-3a62aaa0cc69,0fcf4084-ea31-49f8-99f9-9bf8c8b0c16b,2024-03-29T10:16,7,111.58,Online,Completed
bfac92cc-357b-43b6-ba56-d759daa72aaa,365c90d0-a590-4209-9401-2ce55af5ed98,2025-09-14T10:16,1,7.94,Online,Pending
51b07127-12ba-43de-b04b-aff8545c53c4,b0d737cd-ec4b-4a88-aa81-d012ef3fb719,2024-01-20T10:16,6,148.44,Cash,Pending
f9589307-3fba-4aa9-a14f-e38d8a655800,90f0db1e-2b19-43f7-ba17-233c7c214eca,2024-12-22T10:16,7,133.63,Card,Cancelled
dd3ba4b3-2c89-4bb5-aa11-672b6739d8fa,1a31c678-d420-495a-aff3-0f1609514e1e,2025-07-18T10:16,6,144.12,Cash,Cancelled
56e7b11b-2367-491d-952d-74546e682263,ef7fad1f-a86f-4ee1-95b4-ce1f339f0fa5,2025-02-22T10:16,6,43.02,Online,Cancelled
d91be93c-188a-4f3e-b7d7-c57ec6a2f008,000f9c8f-2fc7-4346-844d-c04f10751265,2025-05-23T10:16,1,27.40,Card,Pending
795a7d4b-bc1d-44c4-87e6-920704c9d21a,d87f31d7-79ef-4c17-856e-142e791b04da,2025-05-28T10:16,8,42.64,Online,Pending
1ead4b0d-ad07-4ad8-a6e3-883fb7f79484,6e551d53-4f6d-4b84-a9de-3d7c79694805,2023-12-25T10:16,7,129.29,Online,Pending
7c682c33-3593-4f56-ade3-c6eb503fb27a,050d9901-1cb5-413a-9c31-282028f863c1,2024-10-23T10:16,6,175.74,Cash,Pending
97d598dc-2468-4d64-96d2-c5cb58e9a8d0,9c53f3f8-5b22-4d77-bd76-cfa6c70e443c,2025-09-06T10:16,8,103.52,Card,Cancelled
8119a22e-2cd0-4765-8238-e9a203fc4858,0472ca7f-b133-4710-8f43-24a3c6c1afd1,2025-09-26T10:16,7,161.14,Cash,Cancelled
ea35fa44-a5fb-4d15-b684-c5f424cb03e6,59827b2a-ae17-44b1-bd6f-6f08718559cb,2024-02-12T10:16,5,128.85,Card,Pending
ce48a9b7-aff9-4095-9810-cf01e26a4d49,ef7fad1f-a86f-4ee1-95b4-ce1f339f0fa5,2025-01-09T10:16,3,63.36,Cash,Cancelled
155082c1-7ae7-49df-ac54-79c16a7b1a43,59827b2a-ae17-44b1-bd6f-6f08718559cb,2023-12-15T10:16,4,89.56,Online,Pending
c789b062-fefd-4820-9e3f-8309e8a1fb85,e119f98a-df63-41dc-8e01-bb49ca2dc724,2024-03-21T10:16,1,14.49,Online,Completed
4786c4b0-0f04-42ca-9547-ea866b1846b5,65b2c0ea-6192-47fc-9286-2c1dd3ecefb1,2025-06-14T10:16,1,9.76,Online,Cancelled
49e09419-3b14-4674-86be-3aa7e0951845,52c87fd9-fdf0-4256-b929-6153ad24a0ac,2025-08-31T10:16,1,23.47,Card,Pending
0c6572c5-ab40-4e5e-acc7-ee2164880733,1407e9cf-22c9-4137-a2fe-cc12dc038235,2025-02-09T10:16,5,97.00,Card,Pending
3ea1353c-7a0c-4ef2-938f-2cbbb18d7fec,8b546c63-5406-493d-bc69-cfb594b38267,2025-10-03T10:16,9,132.30,Cash,Completed
2a18646e-b2cd-4a07-98b2-631eaad5cecb,98b17fed-218c-4f20-8410-9f0edfc74455,2023-12-11T10:16,6,47.22,Cash,Pending
2be47615-9b4d-4f01-a8f3-078410ae5a5f,935ebde1-5945-4673-886e-1a7a12cc2d4e,2023-12-14T10:16,6,117.96,Online,Completed
fb2abbf9-2a5a-465f-b79e-8441bf36435f,e886c155-0dae-4b36-88f5-a86fa474d1f6,2024-11-21T10:16,8,54.80,Card,Cancelled
a108b8e7-3a96-49df-80a8-1a2c141b61f5,cb8747c7-32ca-4b6b-868d-13ab01d953ec,2025-09-24T10:16,4,46.68,Online,Pending
228406e8-b683-4cf2-9d60-3e0ef39a5772,caad7924-4bc5-4f85-9662-11ca261e3c87,2024-10-28T10:16,2,53.16,Cash,Cancelled
6fb353d9-e78d-47d2-ad52-1caa5b9dc154,4bb2d776-14c0-4ef6-b8ba-c580cbed72b8,2025-04-07T10:16,3,41.31,Online,Completed
67b9f147-d2c1-4eec-b458-78828cfd851c,a938df5f-7764-459c-8bfd-90409d16b3c6,2024-07-16T10:16,5,92.50,Cash,Pending
a45daff4-5d95-48a5-b6b0-0b1ab759cf41,795088d7-d227-422e-ad8c-f048bde0675e,2024-09-05T10:16,4,49.24,Cash,Pending
f1367586-274d-4077-ba06-28c5ec17fec1,d7af10ce-45c9-4fc8-8dd8-b1c5491aad5f,2025-07-07T10:16,3,46.86,Card,Pending
a68fa76b-216e-439e-bcfc-002e8f365c96,bb6bf39c-f455-4e08-a59e-1bdaaa91d4aa,2024-05-18T10:16,3,38.07,Online,Completed
f22b1142-6235-46c1-a61e-781736bb2a79,4f6ae324-5b6d-47d6-a86d-26ec6fbe1e0e,2025-08-29T10:16,3,23.49,Card,Cancelled
4b07bc88-8aac-47d0-96d3-55da5137f775,59827b2a-ae17-44b1-bd6f-6f08718559cb,2025-10-15T10:16,3,85.32,Card,Cancelled
ea20ef1d-f20e-4f02-919e-ca7d0b022742,b047b369-02d0-4f25-9af0-f1e883228863,2025-09-20T10:16,5,102.40,Card,Cancelled
92a77ff9-36c1-4a56-bedc-800cf0e42f21,c9dcc28a-ae5f-477c-ae7e-72d94129f449,2024-10-13T10:16,1,19.12,Cash,Completed
303316ee-a444-4507-bdc5-6e99b758887a,d6d4ef4b-0870-48aa-b884-013237f255f4,2024-01-05T10:16,6,140.28,Card,Completed
85a697e0-b743-4af1-bad9-b34526bcb348,52c87fd9-fdf0-4256-b929-6153ad24a0ac,2024-05-27T10:16,6,106.02,Card,Pending
3b5c4d3f-9acf-4f52-ba5a-481c57d750fd,aff4340c-d102-49ba-af8e-84d2737ce82c,2024-11-29T10:16,3,79.71,Online,Completed
d0e8280e-f86e-4126-aaaf-e7eb6c55bacb,0b2a0e9a-e050-4380-b607-57adcbbf59d4,2025-09-02T10:16,6,90.42,Card,Cancelled
2c320f5e-4bfb-4670-88a9-bc7e44c1a90d,4bb2d776-14c0-4ef6-b8ba-c580cbed72b8,2025-02-08T10:16,8,135.60,Cash,Cancelled
cea5964f-2155-4663-9643-87bc50b662c9,9b9edd1e-b4f7-414c-b8b5-a3dc51fa0a8c,2023-12-17T10:16,8,45.12,Card,Completed
6aa0f2c4-2664-4c09-8112-e558cd6eb589,a302a1a8-c429-406f-abff-9f273aa0a4b5,2024-01-05T10:16,3,73.83,Online,Pending
f4243c2c-89b3-4a6f-995e-81a4b09ca3a2,1233cc27-7567-48e0-8dd2-6b0019506c2f,2025-10-10T10:16,8,96.40,Cash,Pending
5164a36c-414d-4d46-88a8-695b1354e84f,0472ca7f-b133-4710-8f43-24a3c6c1afd1,2025-09-18T10:16,4,99.20,Online,Cancelled
1ef8cf0b-1148-409a-b891-46e1aa897e1e,209e786b-2a61-4e52-a3b2-1cc98bcbf18c,2024-11-14T10:16,1,21.38,Online,Cancelled
fbedc888-8b6e-42d3-be13-2fc9bcd1aef7,795088d7-d227-422e-ad8c-f048bde0675e,2023-12-15T10:16,6,127.74,Cash,Completed
738826e1-d00d-4394-a420-96216c10229a,4739f27f-7a96-4d52-83ae-0c6fd4c8c606,2024-08-25T10:16,3,42.84,Online,Pending
9d264194-f7a4-49a4-b388-8282d02722fe,bf0de251-90d7-423c-8b31-48df1a89964f,2024-05-30T10:16,9,50.40,Card,Pending
2d6ba1b9-ebb1-46e2-889d-8d3e46879c5a,365c90d0-a590-4209-9401-2ce55af5ed98,2025-01-31T10:16,4,61.40,Online,Cancelled
87f2a41b-1f43-4e37-80d1-956bcd734003,bb6ceda0-3f7a-4dfa-9862-41a88dd468b2,2025-02-06T10:16,9,60.03,Cash,Pending
69132a89-96a2-44ad-aae3-98eee0b6779e,b95f7619-fab2-4df9-8683-1f2aeb93a660,2024-08-26T10:16,2,50.98,Cash,Completed
239aefcf-a19c-45cf-bc15-e5bf21df141e,90f0db1e-2b19-43f7-ba17-233c7c214eca,2024-11-14T10:16,2,22.80,Online,Completed
c0cb4e1f-38f0-4fec-9fe5-f67bf4e1241c,4bb2d776-14c0-4ef6-b8ba-c580cbed72b8,2024-07-25T10:16,2,56.54,Card,Completed
eff3293e-dd07-41f5-99c3-77ef9a098318,1a31c678-d420-495a-aff3-0f1609514e1e,2025-03-08T10:16,9,263.25,Card,Completed
0d82fab2-c4b3-43cb-993f-510d63acfd9f,b90a3a7f-421e-47e5-8598-fe50f365a62e,2024-12-14T10:16,3,61.89,Card,Completed
aca2d874-0686-4f2b-a8a3-0dbcbe3eb8e3,d5eaf6a7-76cc-48ec-98d9-ba713e2df70f,2024-02-06T10:16,2,22.78,Cash,Cancelled
2cbd73fd-5608-4fa2-9472-93ccfcb61989,6bd388d4-5636-450b-bacd-55bdcb769bab,2024-10-27T10:16,7,44.52,Card,Pending
1e8ba747-dc28-4cb3-82e6-f9f625e30ce4,7169ef0c-f2c8-4ae3-83f6-87691664d2d2,2024-09-08T10:16,2,15.60,Cash,Completed
32b732a8-ef4e-45be-beba-20b7c61c5ef2,52f5634d-de98-4543-8a1e-cbf1e2d0242f,2024-10-01T10:16,9,197.10,Card,Pending
e40dbbc0-4591-411b-9466-0cc7dad43231,6c3bf618-a715-40f9-9faa-cfc5f5beef2f,2025-11-01T10:16,5,52.85,Card,Completed
5aebd9a3-734d-4e5d-b0d7-5d89015464db,500fde18-ea61-4380-9ea4-f06d09985870,2025-07-20T10:16,3,15.75,Cash,Completed
18ca243a-55b1-48f6-ba70-ff5fba4f77f3,02c65c06-56ad-4670-b8e2-10ab417c7154,2024-12-11T10:16,6,103.26,Card,Cancelled
d3a8f5d7-d150-46eb-b15c-24137e89f63b,21edfc22-3f73-4335-a774-3cf78ab65e86,2025-04-16T10:16,1,24.26,Online,Pending
f768d4a9-9eb2-460d-abf1-b5899e22b4ec,1a48aa9a-def3-481d-922a-94300aa97309,2024-09-03T10:16,1,22.19,Card,Cancelled
19bd0780-c40b-4a2e-9aaf-fbb4716b78d2,103fcba5-5588-45a5-9fe0-6ac948d3860e,2023-12-21T10:16,2,15.80,Card,Completed
349a15bb-1446-464a-aaa5-216b50ba8aaa,09ba4183-1b94-4f8c-bc5f-eca421a88524,2025-08-05T10:16,9,72.00,Cash,Pending
c15f9b80-d785-4587-9256-5159d33d659a,f0a6a958-e434-41bf-a830-dffa55a34db5,2025-03-22T10:16,5,54.55,Card,Cancelled
4d3c8c69-623e-42d7-b7f0-2ee8a483b2c5,9c53f3f8-5b22-4d77-bd76-cfa6c70e443c,2024-07-06T10:16,7,140.42,Online,Completed
8652cf60-37a4-4c8f-bcb6-3c316a2bef9d,5f6e51da-5f01-4c9a-85dd-7d50ef37e5d7,2023-12-11T10:16,9,252.99,Card,Pending
23730d4e-839c-4d51-b655-7786678d0bd7,103fcba5-5588-45a5-9fe0-6ac948d3860e,2024-03-05T10:16,5,149.00,Online,Completed
0d8594d6-6520-416b-aeb2-c42f51be0f9a,e6cb1215-5314-4d05-bfd1-f6e5d36e89f7,2025-08-01T10:16,1,11.33,Online,Cancelled
902d09db-544f-47f2-bb39-0dac22582e6d,0b2a0e9a-e050-4380-b607-57adcbbf59d4,2025-07-04T10:16,9,174.78,Card,Completed
8631471e-e903-4356-b55a-8ab11fb8eb47,ebbc7df0-770d-44f8-b0ff-c62f9006e40e,2024-12-17T10:16,3,67.38,Cash,Completed
5d3daa56-807d-4a49-842b-a0be11cc6395,726d71e2-70fd-4416-8568-78619c14a73a,2025-01-06T10:16,5,40.45,Cash,Completed
0abd7090-b1fe-465e-b0b7-e80988074298,b014b56e-3263-4b63-8430-46e00bc5ea77,2025-08-29T10:16,2,33.70,Online,Cancelled
91fc5802-504a-4535-afdd-c8508f43ac98,0130fcd4-a6cf-4a72-8400-7bcae1abce34,2025-04-26T10:16,6,131.16,Card,Cancelled
6f814083-9e40-4ed3-9e65-dcd93b4d54c2,6e6d2c67-f7fb-4a98-8f9a-4822259b25c4,2025-02-17T10:16,4,111.92,Card,Completed
6e3aea6c-5685-40a6-86f7-832b0a004c5e,d87f31d7-79ef-4c17-856e-142e791b04da,2025-01-10T10:16,6,178.68,Cash,Cancelled
95eef5fd-ae12-4d0f-91f9-5c04bc5cfe26,910b1d47-5c37-48b1-8bde-96c60660f1d7,2025-04-26T10:16,3,77.28,Cash,Completed
37b45a1b-e94e-4d01-96c0-fdc92364ea8d,1a31c678-d420-495a-aff3-0f1609514e1e,2024-06-07T10:16,5,26.55,Online,Cancelled
a8a055c7-4994-4878-a938-e9248053e6d1,2ca088cd-c6c6-4e60-a1a4-d2990ee21b12,2025-01-14T10:16,3,64.92,Cash,Completed
a4d859d6-8527-4f5f-9afe-a433a25c45f7,25659c0e-6eb5-4c57-add8-fb6ac5f42699,2024-01-15T10:16,6,156.24,Online,Completed
1efd3a26-8c54-42c5-bd17-3e28a74d4dd9,f6c35464-33dd-44a7-bf84-071f2e427045,2024-01-02T10:16,1,6.16,Online,Pending
29c7ea3b-e7c3-482f-b681-188b04d9c829,bfa3444b-2be9-46be-b944-720d86a59770,2025-09-01T10:16,9,48.24,Online,Cancelled
f470c038-f655-4e02-baa1-ecde01557844,cb8747c7-32ca-4b6b-868d-13ab01d953ec,2024-03-30T10:16,8,88.24,Card,Completed
4cd00b7b-65a6-4bdd-b561-a4bebd6b93cd,a302a1a8-c429-406f-abff-9f273aa0a4b5,2025-01-20T10:16,5,97.65,Card,Completed
10d10832-61b4-4fa4-a6be-377316031860,6b1178fc-1745-401d-88da-3903c243ebe9,2024-11-19T10:16,5,134.95,Cash,Cancelled
51d4f426-01c8-49e4-9629-28679cd040a1,1233cc27-7567-48e0-8dd2-6b0019506c2f,2024-05-23T10:16,9,259.29,Cash,Pending
06f7ad6f-5e41-49a4-baf4-870aed5c88db,c83bba2f-5229-4998-9566-1f3179b13e8a,2025-06-06T10:16,2,56.24,Online,Pending
a6a405c2-1c60-4b7a-940e-e980540973cd,bf0de251-90d7-423c-8b31-48df1a89964f,2025-03-28T10:16,3,66.15,Card,Pending
932b2cc7-d019-4904-84c5-12336fb2bca7,4e44f26d-5455-405b-8fdb-63ab8b739ecf,2024-03-27T10:16,1,11.07,Online,Completed
fe4e33bc-1d63-4ece-86de-08bb5dc7e8e3,e119f98a-df63-41dc-8e01-bb49ca2dc724,2024-12-15T10:16,2,55.64,Online,Completed
c8ba361f-9919-4496-9f40-23dc6f9c33da,058b9c75-b72f-4594-80d2-e41194ff7672,2024-08-08T10:16,2,44.58,Cash,Completed
dc8d55d4-a6c2-41b6-a337-c520e8100613,9c53f3f8-5b22-4d77-bd76-cfa6c70e443c,2025-04-24T10:16,6,34.32,Cash,Cancelled
4874ac78-9584-4f9c-ae82-cfac1b5ba63f,7a18d550-38d0-40b2-84a7-547162e7e409,2024-05-04T10:16,2,28.38,Cash,Pending
ef66277f-667d-4e88-a0f9-4d16ff5210e3,bc58b12c-65c4-4f21-89ef-3e492a22ef7c,2024-09-17T10:16,8,138.56,Cash,Pending
51384184-b646-4aa4-973d-768ff816586c,428424b7-1f94-496a-8b7a-497ce177d32c,2025-04-24T10:16,8,188.32,Cash,Completed
44d58a67-bb30-413f-9f5d-e15c3c4b16c1,56a75a3e-a944-4147-8cba-f1024726993f,2025-05-28T10:16,1,17.11,Card,Pending
991d01be-34c2-43eb-8e7b-bb65167716c0,103fcba5-5588-45a5-9fe0-6ac948d3860e,2024-04-09T10:16,4,20.04,Cash,Cancelled
de09cb84-6378-4ce1-93f1-1d66f8bbef8f,39cb44e2-a541-4b98-bc0b-db5f31cf8710,2025-05-30T10:16,7,38.43,Online,Pending
8eba3e60-3c39-4cc0-b70b-ab8f556c255e,6e551d53-4f6d-4b84-a9de-3d7c79694805,2025-08-04T10:16,2,42.20,Online,Pending
694d9466-5619-4851-b9fe-3b7695b60bdd,cd50913f-8c99-4253-9134-0cf5fe5f300f,2024-08-25T10:16,7,141.61,Online,Completed
1e159cac-f2a2-419e-a9ef-0693cf10a458,ecf1ffb0-ac00-4968-87ea-8beef4ace55a,2025-02-17T10:16,3,37.14,Cash,Cancelled
8a3613fd-d42c-47a9-9ddf-c75cdbc5b34c,6c6a3b10-9747-4dca-a041-4edc22d147b0,2024-03-24T10:16,8,132.56,Card,Completed
17bc4b55-2019-4687-8dce-3959337af745,6bd388d4-5636-450b-bacd-55bdcb769bab,2025-02-06T10:16,9,132.66,Cash,Pending
16bdab6d-bdb0-4015-a79b-488e82a0c7e5,d3f641e5-b8b5-4f5f-9155-7768df2033e8,2025-02-04T10:16,7,195.72,Online,Completed
33a42d18-3f00-42db-8078-0dfb5bb46148,27e45431-1333-4ffd-a0c8-be56ffdc5d4e,2024-01-29T10:16,1,23.08,Card,Cancelled
bda263f0-dd79-4061-919e-a65162e6f555,3ab3404a-ee80-4ed2-8d90-a6f0dad14e48,2024-07-26T10:16,2,18.60,Online,Cancelled
03a55ccd-1182-4c70-94f3-55330f3a5b87,2c6dafc9-06cc-4b3d-8b8d-12aae0644c58,2024-10-26T10:16,3,18.99,Cash,Pending
1833ff0f-bf39-4ccc-a0e3-0a0f1f633e3d,aac35608-9499-49c5-811a-a059e773c968,2025-07-12T10:16,1,7.85,Online,Completed
9152c19f-e394-4cb9-b1f2-7d4a361bd265,25659c0e-6eb5-4c57-add8-fb6ac5f42699,2025-05-24T10:16,2,43.34,Cash,Pending
d8acf82f-693a-4a81-9cee-0b232ed74867,59827b2a-ae17-44b1-bd6f-6f08718559cb,2024-07-04T10:16,3,38.10,Card,Completed
48ccdba5-52cd-46fe-ae25-165778b5d94a,5400d214-6176-40bf-88d2-3f53ed38bf69,2024-06-15T10:16,4,82.96,Cash,Cancelled
6e4c1871-a93f-42e9-8949-3ce80d627bd7,21edfc22-3f73-4335-a774-3cf78ab65e86,2024-05-11T10:16,3,28.02,Online,Cancelled
1191dd6b-c03a-448d-92a8-23b10ab3d51f,941529ef-2114-4bff-907a-4596ff4593a1,2025-01-27T10:16,5,127.90,Cash,Cancelled
9e1a297c-cd78-457d-b9bd-59580018c356,9305d562-2505-493d-8ed8-3fb721c8f491,2024-02-10T10:16,3,27.45,Card,Pending
d3826be6-e370-4840-a8c2-898f76a51043,935ebde1-5945-4673-886e-1a7a12cc2d4e,2024-10-23T10:16,1,24.36,Cash,Pending
febf74cb-e8ae-4a03-a3be-183fe17c8f35,f067e21d-d1d4-4e87-9cae-9753f5f9ccb6,2025-01-22T10:16,4,39.16,Card,Pending
f982b2e1-66fd-48be-b48c-f2385e3f8bf5,0dd437d0-74fa-43c3-8909-5c955e4d47dd,2024-02-14T10:16,9,153.90,Card,Cancelled
7d429999-27be-4049-822b-4997ac847fa4,89d26a00-0fde-4c03-8430-b06f6bc3f33a,2025-03-10T10:16,8,84.00,Cash,Pending
190c79e4-733f-4147-832b-994c2a113bb9,058b9c75-b72f-4594-80d2-e41194ff7672,2024-01-16T10:16,2,18.06,Online,Completed
46b81cf2-aae4-469f-99e1-d96487fabe24,05ccd8a5-ea5f-4353-bd1e-3022152b0685,2025-04-24T10:16,5,99.05,Online,Pending
a0f5a962-efe4-4012-a79d-505b9ef7710f,92da274a-bea2-490a-bb52-196c46fa8487,2025-05-23T10:16,2,52.82,Online,Completed
256fadbc-adb5-44e6-b472-c7437bfae966,7509850a-5062-4da9-aad6-bc5b9e363ef1,2025-09-01T10:16,4,84.24,Card,Pending
a0e270b4-6526-4410-bb45-da1a4c4406e4,a302a1a8-c429-406f-abff-9f273aa0a4b5,2025-05-09T10:16,8,98.40,Card,Completed
d68db152-2344-4441-9769-2c71a4ee3605,27e45431-1333-4ffd-a0c8-be56ffdc5d4e,2024-04-21T10:16,7,80.57,Cash,Completed
80eadbed-3540-4400-92f4-3dc367292e03,0b2a0e9a-e050-4380-b607-57adcbbf59d4,2024-05-28T10:16,8,223.84,Card,Cancelled
ec7561c8-05c8-44aa-b854-2d83f1507682,06e585f0-5b60-4900-81d1-3379328e6c17,2023-12-02T10:16,6,110.94,Online,Pending
768e6860-86db-423e-b545-d2a13f1691c4,1a31c678-d420-495a-aff3-0f1609514e1e,2025-03-22T10:16,3,39.84,Cash,Cancelled
8e3cbb2c-fe86-4475-b442-6ce0469055f8,fbe227d7-6d32-4407-9783-7fdac983e55f,2024-07-18T10:16,6,72.36,Online,Pending
968b8956-dc7a-4ab6-b2ab-47317ae6e5c9,52c87fd9-fdf0-4256-b929-6153ad24a0ac,2024-09-21T10:16,4,95.92,Card,Pending
c339ee79-b129-4773-a243-ccc50afa3966,56a75a3e-a944-4147-8cba-f1024726993f,2024-09-14T10:16,3,33.12,Cash,Completed
eb657946-ac2b-49d9-ba8e-c8a342e25f2c,d5cfb1a3-ce2f-4aff-ab4c-50e0c5426af1,2025-03-19T10:16,6,131.34,Cash,Completed
cb37a405-49bb-4132-9e10-2b347f3201de,4717d2a3-4b2a-44f1-b960-a2b73e2d23fd,2025-02-13T10:16,6,54.84,Online,Pending
e281d27a-f22b-4ab0-8d03-7f9c422ac839,4e44f26d-5455-405b-8fdb-63ab8b739ecf,2024-10-02T10:16,7,160.37,Online,Completed
eb6ba499-8b30-40aa-8e70-d9d8f240e39e,ff4db0d8-e809-46e8-9ae0-78ffee4902d9,2025-08-28T10:16,4,83.32,Cash,Completed
7af4bfac-f3df-4356-b8e6-5df44c1eb400,1407e9cf-22c9-4137-a2fe-cc12dc038235,2025-08-20T10:16,5,144.85,Online,Cancelled
8206b766-c50d-4c32-b31e-6539375bd3f6,ff4db0d8-e809-46e8-9ae0-78ffee4902d9,2023-11-17T10:16,5,85.10,Card,Pending
87298b0c-a22c-41d7-a4d0-ceafe9c1896f,485b65e7-fdf4-474d-afba-37986d8d3cd8,2024-09-10T10:16,9,60.84,Online,Completed
587e42ce-9ae5-471a-90f4-10897ffce3fa,5f0f3def-9ff6-4282-ad04-001c4a769966,2025-11-01T10:16,2,49.82,Card,Cancelled
ff91c750-ce90-4f13-894b-4749cf623fae,4739f27f-7a96-4d52-83ae-0c6fd4c8c606,2025-05-09T10:16,4,50.00,Online,Completed
9b2fca8a-4791-4b90-bcc3-b12b5351fec4,8e1bbe6c-7b75-46dc-8ca1-0b1664cd6ae4,2024-06-25T10:16,2,11.18,Cash,Cancelled
0101544d-5ddf-4c03-8ec2-f492500cb215,ada8704c-2784-4d70-84da-10078407d2c8,2024-03-07T10:16,8,233.04,Online,Pending
c47dc941-77f5-4534-8e77-6173ec6b46dc,0a15d43b-8f6b-444a-bef2-ffbddfdbd16f,2024-12-08T10:16,5,112.15,Online,Cancelled
9440807a-9a40-409a-83a6-2f407d74e238,1233cc27-7567-48e0-8dd2-6b0019506c2f,2024-03-31T10:16,8,83.60,Card,Pending
1c6fbd65-a91d-46d1-8961-085fa95baf5b,8250871a-2b35-424e-a1a1-4eb4faffabfb,2025-08-18T10:16,1,17.10,Online,Pending
74dea31d-6c3f-43e9-a194-86ada7222169,bb9edfa8-17f7-4f6f-8e3b-616693a298b1,2025-03-14T10:16,6,45.72,Online,Pending
4ef71c0a-d7e7-4387-9f16-5fe59b74b19b,77ca464a-fe0d-4dcc-8f08-3eb2f7b64f76,2024-10-28T10:16,5,85.75,Cash,Pending
06d75fc2-0b21-4b9f-a244-0fcb8e391187,000f9c8f-2fc7-4346-844d-c04f10751265,2025-04-08T10:16,7,127.54,Card,Completed
1bea4cc9-b16a-4b8a-b037-d668ba0ca2ab,8113211c-bdc3-4bb0-94d9-3fd3871f3005,2025-07-06T10:16,5,125.30,Cash,Completed
7c237b5d-f4e1-4912-864a-cd6bc5a031f7,fbe227d7-6d32-4407-9783-7fdac983e55f,2025-02-28T10:16,2,45.66,Card,Cancelled
fd215003-d2ce-481c-a3d7-539f6114c46e,6f61ca8e-51a1-48e0-abfa-88326e713e34,2024-07-04T10:16,7,89.60,Cash,Cancelled
0c1fa4b0-4535-4bfe-aa33-6caf75779f79,bb6bf39c-f455-4e08-a59e-1bdaaa91d4aa,2025-01-05T10:16,8,47.60,Card,Cancelled
7c077db8-e432-479d-ac3e-746a7abd202f,1eeb9c5f-5b7a-47af-b4f1-5a50d9d1089c,2024-01-13T10:16,6,90.12,Card,Pending
8a318ca1-ac09-4801-93d8-647332de7bdb,4f6ae324-5b6d-47d6-a86d-26ec6fbe1e0e,2024-05-04T10:16,1,26.25,Cash,Pending
1996b431-319d-495a-903c-e6c4dacb5cf5,6117b6f0-c4f4-4bf1-9eeb-f33950decba8,2025-09-15T10:16,6,132.24,Online,Pending
32201bf6-b9e7-407c-ba57-af892b944659,0b2a0e9a-e050-4380-b607-57adcbbf59d4,2024-12-23T10:16,8,81.44,Card,Cancelled
3ac66a9f-6de8-4f93-9e9e-114f9b9343b9,11526850-7335-463f-b740-a52a90457c3b,2023-11-21T10:16,5,44.15,Online,Pending
3f917d5b-e460-4ce0-b59a-01ec248be56f,6e6d2c67-f7fb-4a98-8f9a-4822259b25c4,2024-03-16T10:16,6,94.56,Cash,Completed
a7d367bc-1d05-442d-92dc-a6cd2997b3f7,0130fcd4-a6cf-4a72-8400-7bcae1abce34,2024-12-17T10:16,9,47.52,Online,Cancelled
39439104-3947-4869-b587-029e0bad52f8,ada8704c-2784-4d70-84da-10078407d2c8,2024-08-23T10:16,1,17.22,Card,Completed
b6e276eb-ee30-41db-880d-9d0ac6b0f713,b014b56e-3263-4b63-8430-46e00bc5ea77,2025-06-14T10:16,3,68.28,Cash,Cancelled
a657fda7-a3cd-4c66-8324-80f81d037609,fdb5454e-2230-489e-ade4-9218ff28cbd8,2025-01-14T10:16,8,217.12,Cash,Completed
f4d4839b-e964-4948-85f9-b2af1a620be2,62a2bfef-ca4a-4dec-90ea-bf15ea1880d2,2025-06-26T10:16,9,171.90,Online,Pending
6a58acd5-8ae6-4f35-b7cf-6456fe1a13a1,4bb2d776-14c0-4ef6-b8ba-c580cbed72b8,2025-10-15T10:16,2,30.84,Online,Completed
4b984c5e-62db-45eb-8b13-8cf9be1d970f,c5817fdc-a4dc-4879-b957-30cfda62016b,2025-05-03T10:16,9,227.52,Card,Pending
11d37fe6-45e3-415f-8adf-3fa9e26fe161,8e1bbe6c-7b75-46dc-8ca1-0b1664cd6ae4,2024-10-03T10:16,2,14.40,Online,Pending
d062b736-f950-4959-b12b-cd6094eab1d9,ebbc7df0-770d-44f8-b0ff-c62f9006e40e,2025-03-24T10:16,4,87.20,Online,Completed
fb7e84ab-9d37-4f69-8e0c-ee2340e34e90,e6cb1215-5314-4d05-bfd1-f6e5d36e89f7,2023-11-15T10:16,9,65.07,Card,Completed
527182f2-7745-4df9-9593-96b6829d8fad,25659c0e-6eb5-4c57-add8-fb6ac5f42699,2024-01-11T10:16,5,115.65,Card,Cancelled
59598a86-4343-42c8-97df-c2b758250fc1,52fbb114-83aa-432d-b2f1-f3e37a5c4754,2024-10-15T10:16,3,80.07,Cash,Pending
1b5329f6-5880-4f8a-a906-28810c4d71e3,6c3bf618-a715-40f9-9faa-cfc5f5beef2f,2025-07-08T10:16,6,115.98,Cash,Pending
8b89b0b5-507e-4b3d-8870-6bef9354512e,964d337f-acd5-4ca2-8843-9be3f2eb60fc,2025-02-11T10:16,6,110.04,Online,Completed
012d305d-05c1-4a8b-ae29-29a3958ca29c,bfa3444b-2be9-46be-b944-720d86a59770,2024-03-07T10:16,8,143.36,Card,Pending
4522a834-1c80-4fbd-8e3f-ef4fc04befd5,ec3490d2-e8da-47ee-ae12-0ca0b1d7a2bb,2025-04-17T10:16,2,39.74,Cash,Completed
fdf75fde-c4d2-47d5-927a-7532feb6aaae,983d66ae-c8b0-46b8-8abc-26a1055cf729,2025-04-14T10:16,3,28.83,Cash,Pending
e614b3de-4e3e-45a3-b09a-9a0b5138553d,050d9901-1cb5-413a-9c31-282028f863c1,2025-09-13T10:16,9,250.38,Cash,Pending
065c929b-9736-4bd1-9b2d-0fdb0a79c998,983d66ae-c8b0-46b8-8abc-26a1055cf729,2025-05-23T10:16,8,139.76,Online,Cancelled
f1232e0d-cd49-4e8e-9341-13a2969a9c4e,77ca464a-fe0d-4dcc-8f08-3eb2f7b64f76,2024-06-15T10:16,9,61.83,Online,Completed
e0164728-6005-4de9-868f-d7e4bd92a0ed,3dcaabe3-78c9-4d88-bed5-56ca7ceea07c,2024-01-26T10:16,3,37.89,Card,Cancelled
faa7d621-1e89-4e17-8904-d626594ae5af,92da274a-bea2-490a-bb52-196c46fa8487,2024-05-23T10:16,6,54.24,Online,Cancelled
a2e08d05-5e4c-4f2a-8c18-348a30272736,795088d7-d227-422e-ad8c-f048bde0675e,2024-02-23T10:16,3,83.73,Online,Pending
708159d0-3266-488f-a719-556bd90411c4,b03f75c1-655f-4480-a2bf-1a0af806e96e,2025-02-13T10:16,6,110.88,Card,Cancelled
35fede6e-77d1-4780-81f9-ef40ff4afc44,7169ef0c-f2c8-4ae3-83f6-87691664d2d2,2024-02-26T10:16,3,57.69,Cash,Completed
3c407cc5-f29d-4a13-a955-5c4fa862d2e9,aac35608-9499-49c5-811a-a059e773c968,2024-02-17T10:16,3,72.66,Cash,Completed
1902643f-d11b-4d82-bf0f-ec3a8a55ab2b,1233cc27-7567-48e0-8dd2-6b0019506c2f,2024-08-13T10:16,3,51.87,Online,Completed
9b561327-d683-416a-afaa-2a0bf55508b8,0a5bd884-b432-4ce5-b14e-44b4aedd4c0f,2025-06-27T10:16,7,71.05,Cash,Completed
5252cbd6-c36f-4932-a4b9-b383dd8499df,bb6ceda0-3f7a-4dfa-9862-41a88dd468b2,2025-08-25T10:16,7,143.29,Online,Pending
218f313b-5d89-4a82-a205-da8e139376d7,6c6a3b10-9747-4dca-a041-4edc22d147b0,2025-07-29T10:16,6,37.02,Online,Completed
8ee78477-acf0-4e8a-a655-3c74b567945b,5eb75bc0-d5fa-4209-9d42-7767f3f0585b,2024-09-15T10:16,1,10.43,Card,Pending
a50aa3cd-78b4-40df-bcb4-e7d5ec1899ba,6945f6f4-b8f9-4d04-90ff-e59ed705578e,2025-06-30T10:16,8,156.48,Online,Cancelled
b80f83bc-b5b2-4096-9feb-b29b0dbea8dc,59827b2a-ae17-44b1-bd6f-6f08718559cb,2024-08-25T10:16,1,18.89,Online,Pending
b3d93293-dec2-409e-8cd8-81d0560ccd58,1eeb9c5f-5b7a-47af-b4f1-5a50d9d1089c,2025-07-11T10:16,8,164.00,Online,Pending
42ed3aa7-63bf-466a-bc9f-6bfca41198cd,3ab3404a-ee80-4ed2-8d90-a6f0dad14e48,2024-09-03T10:16,7,114.80,Online,Cancelled
503b3ff0-d300-4095-a840-6f2a74a8a7a9,52f5634d-de98-4543-8a1e-cbf1e2d0242f,2025-04-01T10:16,1,5.26,Card,Completed
576407ff-e529-473e-9c48-4bea489d57c0,0dd437d0-74fa-43c3-8909-5c955e4d47dd,2024-11-14T10:16,7,118.37,Card,Cancelled
4bf452c8-b1be-4f00-a775-32666dfccb58,e7991221-0de0-4ef8-aa9c-ca3b59197059,2024-08-11T10:16,5,94.60,Card,Cancelled
012d13e0-562b-44d9-9ae9-d6217e45142c,ef7fad1f-a86f-4ee1-95b4-ce1f339f0fa5,2024-07-24T10:16,5,94.60,Cash,Pending
89a7d41d-0347-4adb-af08-98433fb5cab3,058b9c75-b72f-4594-80d2-e41194ff7672,2025-06-19T10:16,3,52.59,Cash,Completed
413c448a-61ed-45ea-a5ed-7b4389546f6a,a3f626b9-cc27-4c04-8570-be79ab8bda4a,2025-09-30T10:16,2,37.10,Cash,Completed
3da12bc2-1b58-4e4d-a967-8af8b1acde8a,000f9c8f-2fc7-4346-844d-c04f10751265,2025-02-26T10:16,1,23.49,Cash,Completed
dfd38d05-1fdd-43bf-999c-c47c4daaf700,b0d737cd-ec4b-4a88-aa81-d012ef3fb719,2025-05-19T10:16,2,33.18,Card,Pending
bd3c40eb-794e-4d06-9083-00d8d2b949e8,bb6ceda0-3f7a-4dfa-9862-41a88dd468b2,2025-07-10T10:16,8,129.28,Online,Pending
5697b1ec-4d8f-4bb9-af25-3289f8d4944d,0d463f72-c3a1-4a2b-8d0d-1721a0d1a06b,2025-01-23T10:16,2,28.26,Card,Completed
15b0821e-12db-4e90-9a59-35f3a7829260,0e0d5f13-edd5-4ab0-9ddd-3df111bedc5a,2024-01-02T10:16,7,167.23,Online,Pending
2fdd219f-418c-4795-8523-7edc0985568e,92da274a-bea2-490a-bb52-196c46fa8487,2025-09-06T10:16,1,6.77,Cash,Completed
032efa8f-fa0c-48cd-9594-f622b24cf35b,209e786b-2a61-4e52-a3b2-1cc98bcbf18c,2025-10-22T10:16,8,183.36,Online,Cancelled
a63566bf-8a0f-4f23-88b0-1b84934ef7c3,515fe1d2-d33a-4b9d-8c19-07e0cbe81a9a,2024-03-18T10:16,3,80.46,Card,Cancelled
6ffaaac6-9012-4229-a6c1-adcf58bcd616,c63bd277-c81c-40c5-8720-6ce916d653c4,2023-12-21T10:16,3,83.97,Cash,Completed
7f99e5e7-fc1d-4785-9b30-610f8af6116d,06e585f0-5b60-4900-81d1-3379328e6c17,2023-12-02T10:16,6,152.58,Online,Completed
2156589a-4698-4fc0-b731-74371899e86b,ff4db0d8-e809-46e8-9ae0-78ffee4902d9,2024-10-12T10:16,7,194.88,Online,Completed
b6c5dcbc-d55f-4019-8e14-6a681d6fa062,e38afcd9-9e08-47ba-bc92-5ebb4bc271eb,2024-12-02T10:16,5,37.05,Cash,Completed
a72813a5-f987-4449-9eb0-ccec9b065fc9,0dd437d0-74fa-43c3-8909-5c955e4d47dd,2024-03-09T10:16,9,168.03,Online,Pending
a384b6af-67e7-4cba-b532-e3df94df359c,60cd80b6-3967-4dae-b4df-adc7b5644971,2025-03-03T10:16,4,69.64,Cash,Cancelled
fa5ecc32-2297-4221-b39e-3fccebd19592,6bd388d4-5636-450b-bacd-55bdcb769bab,2024-07-05T10:16,4,42.40,Cash,Pending
4e60190c-5ee1-4684-a120-27605bc89712,06e585f0-5b60-4900-81d1-3379328e6c17,2023-11-29T10:16,5,85.05,Cash,Completed
ce2e1652-bc82-4c9e-9586-3a25ccafe384,06e585f0-5b60-4900-81d1-3379328e6c17,2025-08-20T10:16,1,13.37,Cash,Pending
4d1cfc12-2841-4feb-ba71-dd7918b23d91,103fcba5-5588-45a5-9fe0-6ac948d3860e,2023-11-22T10:16,5,119.00,Cash,Cancelled
46efc45b-594b-48b5-85df-f6c8c9f55eef,92da274a-bea2-490a-bb52-196c46fa8487,2024-10-21T10:16,3,63.72,Online,Pending
5c367e90-c3ea-41c5-b480-23b6d4065271,90f0db1e-2b19-43f7-ba17-233c7c214eca,2025-06-22T10:16,4,50.08,Cash,Cancelled
f4c95822-6058-450d-85d4-37f722650a76,935ebde1-5945-4673-886e-1a7a12cc2d4e,2024-01-15T10:16,1,23.15,Cash,Completed
ccb9fe97-4d9e-43d8-8ab4-398bf70d7a94,b3688304-b24b-416a-9bf4-c2b6aaeb59d3,2023-11-14T10:16,6,159.84,Online,Completed
bb80562b-f5c5-4a4d-b6f4-706a6d87d9b9,53db1213-7316-47bb-9099-c1def0e3c96b,2024-08-31T10:16,1,8.18,Card,Completed
3f4ea055-d280-4250-adc0-f647f66b1a49,941529ef-2114-4bff-907a-4596ff4593a1,2025-07-28T10:16,6,49.08,Online,Completed
0dedc388-7b8c-45bb-b6e5-3f310da6e03a,0472ca7f-b133-4710-8f43-24a3c6c1afd1,2025-08-26T10:16,8,120.80,Card,Cancelled
2fa5f6ca-b427-45d0-a575-ac9815f48bd8,8b115a34-224b-453c-be69-b53a7445b466,2025-06-10T10:16,5,67.35,Online,Cancelled
4231cc5a-e496-47a7-a9c1-95b832b586be,68169a66-a8d4-4763-914e-7befc826445b,2024-08-31T10:16,9,192.15,Online,Completed
17013378-f04e-4bd0-86c3-76181b28f048,8887df7e-682b-4d48-b18c-c1ddfa0aaa26,2024-03-24T10:16,6,38.28,Card,Completed
301dfcd7-0ce2-4c76-b2ed-573467e538df,1a48aa9a-def3-481d-922a-94300aa97309,2024-01-26T10:16,5,45.40,Online,Cancelled
a72a49dd-1837-4a25-b57f-8568b53103f7,10b26c2d-7d56-4175-84a8-a2775e128a9d,2025-09-05T10:16,6,89.22,Online,Cancelled
966cba6e-c7c0-4545-8e53-cb109230f1d6,0fcf4084-ea31-49f8-99f9-9bf8c8b0c16b,2025-08-10T10:16,3,51.84,Card,Completed
e0378b31-b4aa-49a3-9dcd-c37e2d967093,caca465c-e9f2-4add-91b5-24c70595e321,2024-04-07T10:16,5,124.60,Online,Pending
cfef6a51-866f-46e3-91f7-fc99bda71c3c,941529ef-2114-4bff-907a-4596ff4593a1,2024-11-05T10:16,5,52.95,Card,Cancelled
440c0c03-280c-4982-aa78-cea648a242eb,6e6d2c67-f7fb-4a98-8f9a-4822259b25c4,2024-08-19T10:16,3,78.24,Online,Pending
cfa9e535-0b23-4cd1-91b9-f76b47cf4066,209e786b-2a61-4e52-a3b2-1cc98bcbf18c,2024-07-12T10:16,7,124.32,Card,Cancelled
86876bf5-f894-475c-bf01-ba621d60d494,ec3490d2-e8da-47ee-ae12-0ca0b1d7a2bb,2024-05-12T10:16,3,75.45,Card,Pending
18778df0-60aa-4021-ba52-eec649704881,3e97fc93-73a7-45e0-9888-f7a03ee258a7,2025-02-05T10:16,1,21.33,Online,Completed
bc380c75-5b5f-48a2-833a-b11a05e6f529,bb6ceda0-3f7a-4dfa-9862-41a88dd468b2,2024-03-14T10:16,5,32.90,Online,Completed
2c854ca9-875c-402f-bb97-c35bada272ba,f90cf3ca-e2d0-4129-bc7a-e8a2b80880da,2024-12-23T10:16,2,57.40,Online,Completed
7c4c2c14-6b76-4b38-8608-9e6f458141db,11526850-7335-463f-b740-a52a90457c3b,2025-10-27T10:16,6,51.60,Card,Pending
9a3186ba-f34b-4856-9016-86e7461522ca,02c65c06-56ad-4670-b8e2-10ab417c7154,2025-02-21T10:16,8,205.68,Card,Completed
162fed2f-3e8c-4625-818e-5a26759b3940,25659c0e-6eb5-4c57-add8-fb6ac5f42699,2025-10-28T10:16,2,59.74,Cash,Pending
c8c304fd-464d-4230-aed2-a9a6fe27cd3b,f90cf3ca-e2d0-4129-bc7a-e8a2b80880da,2025-03-06T10:16,4,37.16,Card,Pending
a5958f3d-9044-49fc-b8d6-bd89c35dc33e,3dcaabe3-78c9-4d88-bed5-56ca7ceea07c,2024-11-21T10:16,8,49.76,Online,Cancelled
3eb874c0-eeac-41e1-8c4c-8aff7bea861e,c5817fdc-a4dc-4879-b957-30cfda62016b,2024-06-22T10:16,9,107.01,Online,Completed
6b51067e-d642-4323-9f93-585d8ca8124d,428424b7-1f94-496a-8b7a-497ce177d32c,2024-03-05T10:16,6,123.54,Cash,Completed
f4e2d321-f585-47c8-bfd8-5ca3c9db7672,25659c0e-6eb5-4c57-add8-fb6ac5f42699,2024-01-14T10:16,5,80.90,Card,Completed
4f0e4487-a51c-41cd-9af3-d13676e177cc,e12c3d24-86c8-474f-b86b-370df36adbfe,2024-02-08T10:16,4,62.56,Cash,Completed
6836c219-f6fc-4059-8441-a91d45d7beb3,3befa4dc-d961-4a3a-9410-d43d1bdaa335,2025-05-28T10:16,8,178.56,Card,Pending
94455d8e-8e34-411c-8878-beae2b97c80f,7a18d550-38d0-40b2-84a7-547162e7e409,2025-06-16T10:16,1,8.74,Online,Cancelled
972ade12-c9c9-438c-84d0-3226758cf036,56a75a3e-a944-4147-8cba-f1024726993f,2024-07-22T10:16,3,30.87,Card,Pending
b3ea5374-b2e7-4764-9fbc-8b96d1ba75a5,5f0f3def-9ff6-4282-ad04-001c4a769966,2025-11-08T10:16,9,76.14,Cash,Completed
647fb373-fc44-4d29-a951-87d557cca4c7,d7af10ce-45c9-4fc8-8dd8-b1c5491aad5f,2023-11-29T10:16,7,99.75,Online,Completed
858dd165-ee58-496c-84fb-e5e37f8af8c7,1407e9cf-22c9-4137-a2fe-cc12dc038235,2025-07-06T10:16,9,239.85,Cash,Pending
0d6c00a4-a774-4f4d-bf7a-612f3a569afd,f3826f04-0dfa-4266-8002-58fede0093f5,2025-08-28T10:16,8,179.68,Online,Pending
c9db714b-660b-4133-9cfa-8be6cbbda7bf,21edfc22-3f73-4335-a774-3cf78ab65e86,2025-10-30T10:16,8,216.24,Cash,Completed
d200ac48-2dc0-484d-afdc-54bd49fae466,953417c6-cd52-45e9-9ca0-bb450653c934,2024-08-01T10:16,9,160.83,Card,Cancelled
56be6ae9-afab-4765-bdab-270d0077d3d5,4717d2a3-4b2a-44f1-b960-a2b73e2d23fd,2025-01-11T10:16,6,62.40,Online,Cancelled
145a248a-93c4-4995-9259-da32445f004a,69446e90-4237-4410-ab55-e011eb04cce0,2024-06-26T10:16,3,30.45,Online,Pending
c2490cef-f0a6-4196-921e-9c5ec1df2047,c63bd277-c81c-40c5-8720-6ce916d653c4,2025-05-11T10:16,1,7.32,Card,Cancelled
61b2454f-b92b-4e70-82f5-e0bc6378aa09,99c406e7-092b-4eeb-bc08-56fc041c253d,2025-04-27T10:16,1,16.71,Card,Cancelled
d51428b7-1bee-4c71-920b-cd40d0e1293b,a302a1a8-c429-406f-abff-9f273aa0a4b5,2025-03-15T10:16,8,215.44,Cash,Completed
9e6c081d-d741-4e70-a9db-3708fcfed3fe,3befa4dc-d961-4a3a-9410-d43d1bdaa335,2024-07-12T10:16,1,11.07,Cash,Completed
94dea8f8-02ac-408d-8465-5d50b1ffc26d,f90cf3ca-e2d0-4129-bc7a-e8a2b80880da,2025-05-14T10:16,3,31.68,Card,Pending
bb9dede4-a44e-4278-b470-464cf547704f,0d463f72-c3a1-4a2b-8d0d-1721a0d1a06b,2024-03-14T10:16,2,30.98,Cash,Completed
2fc0482b-2c4a-4696-afbb-985bc29ccc22,74e76582-f1b8-4560-b049-8aebb59d4721,2025-08-25T10:16,2,31.56,Card,Cancelled
fb1faf90-3e2e-441a-8ea7-41c44790a9a4,6e6d2c67-f7fb-4a98-8f9a-4822259b25c4,2025-03-28T10:16,9,213.84,Card,Completed
b7fef028-6128-426f-a9d2-323de1813dd1,bc58b12c-65c4-4f21-89ef-3e492a22ef7c,2024-01-10T10:16,7,96.39,Cash,Completed
cab71ec3-8c3c-444d-ac18-d3e584fd015b,cb8747c7-32ca-4b6b-868d-13ab01d953ec,2025-03-18T10:16,6,139.38,Online,Completed
2e6276a6-625b-45f0-93b2-8854dd0bcfa0,0dd437d0-74fa-43c3-8909-5c955e4d47dd,2025-06-09T10:16,2,51.06,Cash,Pending
7866c3b0-a9da-4e20-b818-9f28a91a8664,f3826f04-0dfa-4266-8002-58fede0093f5,2024-12-08T10:16,3,66.60,Cash,Cancelled
25a2cf18-413b-4be4-915a-462d77488372,5eb75bc0-d5fa-4209-9d42-7767f3f0585b,2025-10-06T10:16,4,83.84,Card,Cancelled
befd0543-68c0-4ee3-9f31-9cd395302394,8e1bbe6c-7b75-46dc-8ca1-0b1664cd6ae4,2025-01-07T10:16,4,47.52,Online,Pending
f572a0ae-18ef-4bf4-90da-b9fac70f4ee5,2c6dafc9-06cc-4b3d-8b8d-12aae0644c58,2023-11-13T10:16,3,63.60,Cash,Pending
776faa17-2444-4cca-9f90-b1fc2a6ad967,058b9c75-b72f-4594-80d2-e41194ff7672,2024-03-16T10:16,7,75.67,Online,Cancelled
fa872cc7-9be7-4d63-a71e-8eb6255e7ff6,4b14a58c-f1e4-40b6-888d-a88cd7055099,2024-04-06T10:16,6,48.90,Online,Cancelled
1b8e1a07-0f6a-4a90-aede-b614eba038d0,8887df7e-682b-4d48-b18c-c1ddfa0aaa26,2024-08-07T10:16,3,59.79,Online,Completed
ecbc438d-c970-4384-beee-611afa4755eb,52c87fd9-fdf0-4256-b929-6153ad24a0ac,2023-11-20T10:16,2,28.40,Card,Pending
42c4b80b-1efa-4a6c-a154-174a71fe7d6e,02c65c06-56ad-4670-b8e2-10ab417c7154,2025-10-05T10:16,6,100.32,Card,Cancelled
83a1d459-e6ee-4542-bbf5-f5479aca31a4,e119f98a-df63-41dc-8e01-bb49ca2dc724,2024-01-19T10:16,1,19.76,Card,Pending
038093da-a2ad-478f-87ce-6a7ccbcf452b,9b9edd1e-b4f7-414c-b8b5-a3dc51fa0a8c,2025-02-21T10:16,3,79.41,Cash,Cancelled
71b8206d-8e47-4696-8db8-1344a17a3a02,824998a2-7592-4051-ab0b-d5e12743c93b,2025-09-23T10:16,3,67.35,Online,Completed
a7299b2e-f127-4e17-b604-1c622c0a2f8e,fdb5454e-2230-489e-ade4-9218ff28cbd8,2025-10-18T10:16,4,97.12,Online,Completed
c6b4a35c-8c33-440b-9870-ebb6b3fd8597,02c65c06-56ad-4670-b8e2-10ab417c7154,2024-02-25T10:16,5,59.10,Cash,Cancelled
720c7210-b611-4f52-8292-bd29d8803e43,bfa3444b-2be9-46be-b944-720d86a59770,2025-06-12T10:16,8,148.00,Card,Pending
a472470b-05f9-4af5-b5bf-6dedcfdc150d,485b65e7-fdf4-474d-afba-37986d8d3cd8,2025-04-09T10:16,4,56.68,Card,Completed
1ccab03e-9253-4dfe-b73e-737095823f80,46032f36-69bc-465a-9b33-a5d560bfd77a,2024-09-02T10:16,8,145.84,Online,Pending
9f6863b8-1053-4c6b-9077-a08b63ff3b26,e7991221-0de0-4ef8-aa9c-ca3b59197059,2024-05-03T10:16,1,20.40,Cash,Completed
11586884-906e-41d4-8791-d6c4ec6f9ec0,6945f6f4-b8f9-4d04-90ff-e59ed705578e,2024-07-27T10:16,6,45.06,Card,Pending
cea0869c-2856-4f80-9dfc-1401f098f447,89d26a00-0fde-4c03-8430-b06f6bc3f33a,2024-03-11T10:16,1,21.46,Cash,Cancelled
577408a3-36db-4f3a-be92-36f3d45b03d5,aff4340c-d102-49ba-af8e-84d2737ce82c,2025-09-16T10:16,8,191.36,Cash,Cancelled
329315db-96f7-4164-80ec-452a77cbd6f9,8b115a34-224b-453c-be69-b53a7445b466,2024-08-11T10:16,4,66.48,Online,Cancelled
239b70bb-eaf8-42c3-b550-3a93d09931b1,3befa4dc-d961-4a3a-9410-d43d1bdaa335,2025-08-16T10:16,9,234.27,Cash,Pending
740236e8-8900-4ac8-b31e-025efdd98422,bf0de251-90d7-423c-8b31-48df1a89964f,2023-11-28T10:16,8,169.92,Cash,Completed
0224dab0-75e5-41f2-9616-00a068ea0f10,8b115a34-224b-453c-be69-b53a7445b466,2025-02-15T10:16,4,78.60,Online,Cancelled
8b21166c-84b3-4e06-bba7-5d2576b009e0,36b880b0-e9bd-4c0b-8f1c-32018f6c758a,2024-12-15T10:16,8,120.64,Cash,Completed
3fce8a28-e698-40c9-83a7-86d4f4decd12,cf65c4b6-4c1c-420b-95de-23e5b56ffad5,2024-04-12T10:16,1,20.18,Card,Completed
4bd470df-dd96-4843-8bca-5daf0fb60a42,0b2a0e9a-e050-4380-b607-57adcbbf59d4,2024-05-11T10:16,5,80.40,Card,Cancelled
8101c8b4-4258-4aa7-a44f-5b4932355f5b,c0d74d86-5c5b-481d-b8e3-61eeb9c77255,2025-06-17T10:16,1,9.48,Online,Cancelled
b96d7630-13f5-44d5-911b-bd234cf9fd70,6c3bf618-a715-40f9-9faa-cfc5f5beef2f,2024-05-19T10:16,6,170.76,Cash,Pending
cb588a1d-99ec-4ae2-81a6-aa33674e4b0a,7169ef0c-f2c8-4ae3-83f6-87691664d2d2,2024-10-20T10:16,7,121.59,Cash,Completed
73a8d7e9-a972-4d82-9385-e53aa759eabf,a5ffc907-be77-43e6-8694-4a0bf09bd3fb,2023-11-16T10:16,4,20.64,Card,Pending
19e4b4dd-5a39-49f1-9f59-3fb9e13fa48b,0e0d5f13-edd5-4ab0-9ddd-3df111bedc5a,2025-05-29T10:16,9,68.76,Card,Completed
799fa809-7bce-4459-b633-9923a387cf8c,5400d214-6176-40bf-88d2-3f53ed38bf69,2025-01-09T10:16,1,18.43,Online,Cancelled
e5946b60-e73e-49d5-9cf3-753bf1a019f0,0a5a9fc7-e126-48f0-99aa-dea85c606f66,2024-08-16T10:16,4,31.00,Card,Completed
6efb306d-f801-409f-82e8-511c00ee701b,f0a6a958-e434-41bf-a830-dffa55a34db5,2025-02-27T10:16,6,41.70,Card,Completed
e9934c9b-216e-4a48-b245-c8d5de7ae79a,dcfb3d05-846d-4915-99f3-ebbc7559d972,2024-02-07T10:16,2,29.00,Cash,Pending
cfd1a7d4-e420-407e-8312-c478a50e7dde,500fde18-ea61-4380-9ea4-f06d09985870,2025-03-16T10:16,6,48.00,Online,Completed
d30c944b-ee40-4f6c-88c6-5a7736091363,e886c155-0dae-4b36-88f5-a86fa474d1f6,2024-03-30T10:16,5,62.50,Cash,Pending
e4993e5d-f815-4010-b89c-84497fbd0de8,a3f626b9-cc27-4c04-8570-be79ab8bda4a,2024-05-30T10:16,2,28.12,Card,Completed
6715e0e6-ae36-400f-8b66-def3954140ae,b3688304-b24b-416a-9bf4-c2b6aaeb59d3,2024-03-23T10:16,9,231.03,Cash,Pending
f41f8016-a114-4a48-b75e-32bafb702653,ba5d9947-b043-4aca-8ee0-6b77895cf8e8,2025-03-14T10:16,3,56.73,Cash,Completed
99dd5fea-a18a-4361-8ef7-a8e44b6b116e,bb6bf39c-f455-4e08-a59e-1bdaaa91d4aa,2025-10-11T10:16,1,14.40,Cash,Pending
df22416c-ed30-4c38-bc9e-a335f78fff3c,e119f98a-df63-41dc-8e01-bb49ca2dc724,2024-01-17T10:16,1,13.03,Card,Pending
62be61fb-a4aa-4021-b1cf-fe3280f50752,0e0d5f13-edd5-4ab0-9ddd-3df111bedc5a,2024-11-18T10:16,5,32.75,Online,Completed
2987561f-9664-40cb-b6a9-f071ccea3c4e,52fbb114-83aa-432d-b2f1-f3e37a5c4754,2024-01-28T10:16,2,15.48,Cash,Completed
807a10a0-61a3-43a4-a254-a56f9829acde,000f9c8f-2fc7-4346-844d-c04f10751265,2025-02-04T10:16,9,105.75,Cash,Cancelled
3d0e7486-8e48-40b2-8b75-e3c82967e818,02c65c06-56ad-4670-b8e2-10ab417c7154,2024-06-08T10:16,7,36.89,Online,Cancelled
2cfbefa1-dcc1-4b6a-9f71-191125aa29d3,ebe19120-496a-47fa-87eb-2440212a3363,2025-06-08T10:16,3,58.47,Card,Completed
124ebbb1-ae59-4bf8-bbb4-bcbe3b4090a5,0b2a0e9a-e050-4380-b607-57adcbbf59d4,2024-02-09T10:16,9,105.48,Cash,Completed
ca9ecadb-2c8a-489c-b00e-af2fcc27453c,ff4db0d8-e809-46e8-9ae0-78ffee4902d9,2025-07-31T10:16,3,53.46,Online,Cancelled
eb20c320-95a8-42c5-bea8-ea0795ffaadb,e119f98a-df63-41dc-8e01-bb49ca2dc724,2024-05-05T10:16,8,219.68,Cash,Cancelled
be2b33eb-5688-4d77-a65e-0eb116dcffbb,4e44f26d-5455-405b-8fdb-63ab8b739ecf,2025-11-02T10:16,3,35.28,Cash,Completed
3a2ec888-19aa-41d3-8b71-22888cbba8d0,89d26a00-0fde-4c03-8430-b06f6bc3f33a,2025-04-04T10:16,2,21.96,Online,Cancelled
a8e288e9-30eb-4fdd-b21b-79282bab9102,910b1d47-5c37-48b1-8bde-96c60660f1d7,2024-12-17T10:16,5,81.75,Cash,Completed
12f0aec6-89ef-48fe-b5a5-4289a1571865,500fde18-ea61-4380-9ea4-f06d09985870,2023-11-15T10:16,2,32.12,Online,Cancelled
9d264a33-4a86-494c-b19b-17ecb0610ac6,9b9edd1e-b4f7-414c-b8b5-a3dc51fa0a8c,2025-03-07T10:16,3,35.37,Online,Completed
aecf24b4-25ab-4551-a065-cec935bf0aab,bb6ceda0-3f7a-4dfa-9862-41a88dd468b2,2025-02-18T10:16,6,136.86,Card,Cancelled
2d84a4b7-db88-49aa-94d4-82134bc23447,8b546c63-5406-493d-bc69-cfb594b38267,2025-04-28T10:16,1,15.88,Cash,Completed
3725c182-cf3b-4683-856e-eee6212072fb,e886c155-0dae-4b36-88f5-a86fa474d1f6,2025-10-24T10:16,1,20.39,Cash,Pending
b7d620d1-7b8d-47e7-a4e3-b84622356fde,39cb44e2-a541-4b98-bc0b-db5f31cf8710,2025-05-05T10:16,1,22.36,Card,Pending
b34b42d9-ea5b-4c0d-9169-22375d1667e0,a302a1a8-c429-406f-abff-9f273aa0a4b5,2023-12-18T10:16,4,96.56,Card,Completed
c10b9680-3874-416d-81e9-c5aa9dfc6032,49af098b-bf79-4643-8e49-739ea932d38b,2023-12-11T10:16,8,85.92,Cash,Completed
ea3b62a4-f38a-4601-aa50-bb7a6856d8c4,74e76582-f1b8-4560-b049-8aebb59d4721,2025-07-16T10:16,3,77.25,Cash,Pending
41e3c6e2-0334-4c86-80d2-1b94606cffb2,e12c3d24-86c8-474f-b86b-370df36adbfe,2025-04-24T10:16,3,36.24,Cash,Pending
4191695b-fb25-45d6-ba6e-ef553ce77497,824998a2-7592-4051-ab0b-d5e12743c93b,2025-05-19T10:16,2,42.34,Cash,Pending
98d15615-8bf0-4886-bcbb-1510d7a0e977,8e1bbe6c-7b75-46dc-8ca1-0b1664cd6ae4,2024-03-25T10:16,5,95.90,Card,Cancelled
c0f660ee-2484-4e38-85f5-18b190ab223e,cf65c4b6-4c1c-420b-95de-23e5b56ffad5,2025-07-18T10:16,7,195.16,Card,Completed
8d537a55-bb26-4805-ba82-68f665790b2d,ceafdb2a-788d-48e0-acdd-bd533a2e7ab6,2024-03-22T10:16,4,116.08,Online,Cancelled
b9dbd398-7967-4893-b4e4-2e942d840dc6,935ebde1-5945-4673-886e-1a7a12cc2d4e,2025-08-25T10:16,7,67.69,Online,Pending
59ceecf3-b62b-462d-8b0f-ff8139a75e54,f0a6a958-e434-41bf-a830-dffa55a34db5,2023-11-29T10:16,5,29.60,Cash,Cancelled
4d99426f-513f-4de5-a84a-5be43d4fd9de,10b26c2d-7d56-4175-84a8-a2775e128a9d,2024-09-22T10:16,2,39.32,Card,Completed
031a910c-a6c1-4364-a300-7cd4c053ba7f,aff4340c-d102-49ba-af8e-84d2737ce82c,2025-06-12T10:16,1,6.80,Cash,Completed
cc42f3c9-6a16-4cb0-8173-d688ed74d210,6c6a3b10-9747-4dca-a041-4edc22d147b0,2024-12-21T10:16,1,6.76,Card,Pending
a00f598f-ed4d-494b-9fe7-c0c8d16b35b8,bb6bf39c-f455-4e08-a59e-1bdaaa91d4aa,2024-05-18T10:16,9,192.51,Online,Pending
1b3e9f62-d839-41a7-a092-172d267bdd9b,935ebde1-5945-4673-886e-1a7a12cc2d4e,2024-02-07T10:16,4,31.16,Card,Completed
662010b0-b26a-4fe0-94fe-23faf834c4a4,b95f7619-fab2-4df9-8683-1f2aeb93a660,2024-10-03T10:16,4,86.00,Cash,Pending
2ae7164f-976c-4cfa-a251-2f5188a50b92,bc58b12c-65c4-4f21-89ef-3e492a22ef7c,2025-09-13T10:16,7,159.46,Cash,Cancelled
6cd3d0c9-e662-4e55-bbc3-6657a4afefee,9305d562-2505-493d-8ed8-3fb721c8f491,2024-02-27T10:16,6,93.66,Online,Completed
2297c0c8-ca96-4f21-937d-73a863bba8c6,62a2bfef-ca4a-4dec-90ea-bf15ea1880d2,2024-07-30T10:16,6,124.08,Online,Cancelled
ae27a018-8912-47a0-b7f8-31fe97244702,0df3bae1-6384-4856-aa27-aef9f6c48b75,2025-08-08T10:16,1,19.43,Online,Pending
163fc9c4-4f89-43ed-b7ad-fa1bc9ff3cbe,9fa382f0-8393-48db-ad30-43c953282401,2025-09-10T10:16,8,232.08,Online,Pending
1af1ac46-1fec-436a-a132-cf58a782099d,71f17b36-2c37-4cfa-bf8a-894fa94c0e9b,2025-10-29T10:16,3,74.64,Online,Cancelled
7dfe7386-ecc2-4c3d-af23-0d64565f2f26,e7991221-0de0-4ef8-aa9c-ca3b59197059,2024-10-20T10:16,7,129.99,Online,Completed
8304dc92-72fc-4d53-b43d-c4af2827a348,99c406e7-092b-4eeb-bc08-56fc041c253d,2023-12-24T10:16,5,101.25,Online,Cancelled
bebe714f-b05b-4448-9f88-002b1c1cab56,1233cc27-7567-48e0-8dd2-6b0019506c2f,2023-12-16T10:16,6,32.82,Cash,Cancelled
39c0e41d-fd9f-493b-88d3-965e8cd38782,7c991f43-c18b-4404-8826-97691b0dc00c,2025-05-13T10:16,8,67.68,Cash,Completed
030e9be0-ab8b-4f27-9c8f-4f08c9ab476b,0e0d5f13-edd5-4ab0-9ddd-3df111bedc5a,2024-02-07T10:16,6,33.06,Online,Pending
1dbd3e28-47c3-46ef-be52-a8965656380c,65b2c0ea-6192-47fc-9286-2c1dd3ecefb1,2024-12-08T10:16,5,29.40,Cash,Completed
5b4e1383-6547-4911-a378-48a1f72aa7f3,000f9c8f-2fc7-4346-844d-c04f10751265,2024-12-13T10:16,3,32.34,Cash,Pending
1d383825-d824-4446-b348-9f243caa5cd8,52fbb114-83aa-432d-b2f1-f3e37a5c4754,2024-01-20T10:16,4,71.60,Cash,Pending
505ddf36-7ead-4e19-bf2d-900a50f75b28,26d032f1-9fe9-487a-987a-a8be14e1db05,2024-10-13T10:16,9,95.22,Cash,Completed
2370be3d-559f-4dff-9f03-5e26cefad900,49af098b-bf79-4643-8e49-739ea932d38b,2025-05-21T10:16,7,97.79,Cash,Cancelled
3e42938e-8f40-45f8-8540-f0e36e44f3fc,401a6911-a31e-4892-adc1-56e3e1eb090a,2025-03-11T10:16,8,175.28,Card,Cancelled
9b32afc4-3e33-47b7-8acd-71e59054c162,9305d562-2505-493d-8ed8-3fb721c8f491,2024-09-10T10:16,5,126.05,Cash,Cancelled
177f5c85-f172-460c-b68b-a4c8b4952ece,e6cb1215-5314-4d05-bfd1-f6e5d36e89f7,2024-08-27T10:16,5,99.90,Card,Pending
2986d985-b82c-4e50-af38-c4d426bf6d79,71f17b36-2c37-4cfa-bf8a-894fa94c0e9b,2025-06-24T10:16,6,33.78,Card,Cancelled
5f306e51-f942-4575-899b-fc1d53967f86,6c6a3b10-9747-4dca-a041-4edc22d147b0,2024-12-28T10:16,1,24.50,Card,Cancelled
c9681b08-e2de-4ca6-8a95-ad3d3b5371d0,60cd80b6-3967-4dae-b4df-adc7b5644971,2024-02-24T10:16,8,228.08,Online,Completed
1576d4eb-36c1-48f9-9baf-286eb41b48d5,bfa3444b-2be9-46be-b944-720d86a59770,2024-12-04T10:16,4,48.00,Cash,Completed
e3902489-5092-48a5-be38-b0ed0393da86,11526850-7335-463f-b740-a52a90457c3b,2025-07-01T10:16,9,76.95,Card,Pending
6ea13efd-bb50-4428-b7b5-a31411ce32c6,a3f626b9-cc27-4c04-8570-be79ab8bda4a,2024-12-27T10:16,7,100.31,Card,Completed
e51a1047-c68f-4710-a4f7-5d9bc9638749,80537cf2-360f-4740-8b7e-d4cd56e22987,2024-12-18T10:16,3,59.13,Online,Cancelled
78f9db0e-5677-4eb1-a461-d9725565bd63,11526850-7335-463f-b740-a52a90457c3b,2025-03-02T10:16,3,79.17,Card,Completed
e33edff8-b6f4-4c3c-9f81-1d9ec5a64819,c3ffc43c-0c11-40fa-9824-f234161741d0,2024-12-19T10:16,8,46.56,Cash,Completed
0ed16845-b324-4342-99d0-4a3c0f83c2ee,7c991f43-c18b-4404-8826-97691b0dc00c,2024-02-11T10:16,3,51.39,Online,Completed
79045724-c1ab-4d69-9257-223286aaefe7,d7af10ce-45c9-4fc8-8dd8-b1c5491aad5f,2024-09-21T10:16,5,112.60,Card,Pending
f130ff0d-8564-4cba-9c25-ffc69cd88486,c3ffc43c-0c11-40fa-9824-f234161741d0,2024-02-16T10:16,9,153.45,Card,Pending
a404a2fe-f49e-4fe7-beb3-4b004edf9ac2,4739f27f-7a96-4d52-83ae-0c6fd4c8c606,2025-04-08T10:16,7,111.44,Cash,Cancelled
e8ac09a0-94b5-49b7-a20c-7dbad831801e,4e6807ca-aed8-4ec9-b1b0-0e3aba57efb1,2024-01-04T10:16,7,132.23,Cash,Pending
ad9b7f71-19d4-477a-994e-9a40b43443cd,c46351bf-193f-49af-a5d6-456188837c3d,2023-11-20T10:16,4,106.96,Cash,Cancelled
a1cb92c6-6278-40f8-9763-46d4873c2064,92da274a-bea2-490a-bb52-196c46fa8487,2024-05-12T10:16,4,20.96,Card,Completed
1bdf4655-4563-4cf4-82e7-8f64bb810716,f3826f04-0dfa-4266-8002-58fede0093f5,2025-03-17T10:16,5,83.15,Cash,Cancelled
ec3c0974-fe78-4441-bfcb-a5af518a3e83,0a0ac3e5-6e20-4fbc-87ec-5481c70e38bc,2025-08-04T10:16,1,7.33,Card,Pending
168e1787-7afd-4543-9f4c-c400a8d2f679,bb6bf39c-f455-4e08-a59e-1bdaaa91d4aa,2024-10-11T10:16,1,15.49,Cash,Completed
b5f16cb2-4b48-4cf5-93a1-5f5c39d2ef42,3910ab11-8758-4a4f-8a9b-c4f5df7413c4,2025-04-27T10:16,4,76.08,Online,Pending
71beb2b1-a581-4f1e-be38-ca924b490355,90f0db1e-2b19-43f7-ba17-233c7c214eca,2025-03-05T10:16,6,166.08,Cash,Completed
fa0de9cd-f8c5-42e9-8b19-18538fa4f55c,fbe227d7-6d32-4407-9783-7fdac983e55f,2025-06-24T10:16,8,45.12,Card,Pending
3caedece-d7dc-43d4-bd86-83379b370556,77ca464a-fe0d-4dcc-8f08-3eb2f7b64f76,2025-08-10T10:16,8,226.80,Card,Cancelled
42608ce0-6b13-45f0-912b-2611cd3dc2e2,1a31c678-d420-495a-aff3-0f1609514e1e,2025-08-22T10:16,3,59.04,Card,Cancelled
e8d06104-1ec6-49b2-ac97-ac411582e959,1233cc27-7567-48e0-8dd2-6b0019506c2f,2024-01-03T10:16,1,28.67,Online,Completed
d65941e8-fdb6-4b65-af3d-c393c16189a8,6b1178fc-1745-401d-88da-3903c243ebe9,2025-09-28T10:16,9,65.61,Cash,Cancelled
c0c14bfe-6bdd-4611-8eb6-6cb0e1ef58d1,71f17b36-2c37-4cfa-bf8a-894fa94c0e9b,2025-07-04T10:16,3,26.46,Online,Pending
08cf5220-443c-4622-b10d-beed990a7b41,ec3490d2-e8da-47ee-ae12-0ca0b1d7a2bb,2024-06-13T10:16,4,94.24,Online,Cancelled
b4b66be4-59fc-422c-b4f9-ce6326452283,964d337f-acd5-4ca2-8843-9be3f2eb60fc,2024-06-11T10:16,2,55.28,Cash,Completed
e32dd11d-3d00-4d4c-aa9c-3edf09ff56fb,d87f31d7-79ef-4c17-856e-142e791b04da,2025-01-09T10:16,1,21.62,Card,Completed
3fd95d3e-8bef-459f-bb9a-b8290f76bbb5,b0d737cd-ec4b-4a88-aa81-d012ef3fb719,2025-05-03T10:16,9,66.33,Online,Completed
0d47661d-9542-431c-a11c-73fde079fa76,bb9edfa8-17f7-4f6f-8e3b-616693a298b1,2025-10-18T10:16,6,44.40,Online,Completed
9ae9dd75-8dfb-4c39-8ca6-00b99a8f7d1e,6aaabc79-3d35-410f-bb96-f86a3930d0ff,2024-04-01T10:16,6,153.54,Cash,Completed
9cc5a6b9-97e8-4645-a231-4c6129534db6,ceafdb2a-788d-48e0-acdd-bd533a2e7ab6,2025-04-22T10:16,7,199.50,Online,Cancelled
e4af1d39-3757-4f93-b50c-d150f2dccf7c,80537cf2-360f-4740-8b7e-d4cd56e22987,2025-08-15T10:16,3,34.59,Card,Completed
10e150a9-84a0-4b82-9053-b214693d9bc6,10b26c2d-7d56-4175-84a8-a2775e128a9d,2025-08-30T10:16,7,204.33,Card,Cancelled
405d4218-bcfc-4dd4-a7ec-57a0efb23ed2,c83bba2f-5229-4998-9566-1f3179b13e8a,2024-11-18T10:16,7,170.03,Online,Cancelled
605fcd61-f816-49b1-b626-89e8276ef6cd,cb8747c7-32ca-4b6b-868d-13ab01d953ec,2023-12-19T10:16,4,83.28,Online,Completed
cdef08a3-5e8f-46aa-96cb-63798924f547,3e97fc93-73a7-45e0-9888-f7a03ee258a7,2023-12-02T10:16,9,173.43,Card,Cancelled
133b0b63-62ca-4ff2-aa3b-7f819114bb2c,a3f626b9-cc27-4c04-8570-be79ab8bda4a,2025-10-09T10:16,9,161.28,Online,Pending
737d1959-872b-4349-9818-e3080279aaff,4739f27f-7a96-4d52-83ae-0c6fd4c8c606,2024-08-04T10:16,1,8.07,Cash,Cancelled
9c2e03c2-d18b-4f67-8597-04cf4a7ccb11,a3f626b9-cc27-4c04-8570-be79ab8bda4a,2025-09-19T10:16,4,58.00,Online,Completed
5b735c6a-14eb-472a-ae6e-9295a9ce1aca,fdb5454e-2230-489e-ade4-9218ff28cbd8,2023-11-23T10:16,7,159.11,Online,Completed
310e0e29-ee61-4582-a5ea-cbc101edb3b9,52c87fd9-fdf0-4256-b929-6153ad24a0ac,2024-03-25T10:16,4,91.12,Card,Cancelled
38b08e58-7d93-4bf4-b3c2-c479469d10a8,71f17b36-2c37-4cfa-bf8a-894fa94c0e9b,2025-09-21T10:16,6,178.50,Card,Completed
45f3c65f-268e-4d69-b5df-b1966d16b26b,0b2a0e9a-e050-4380-b607-57adcbbf59d4,2025-10-22T10:16,3,26.85,Online,Completed
a58d6cee-b4f9-4ad6-8d5e-4139eff7aa2a,485b65e7-fdf4-474d-afba-37986d8d3cd8,2025-04-10T10:16,1,29.10,Card,Completed
9b529b62-ee65-4027-b0dd-c0dc270becee,964d337f-acd5-4ca2-8843-9be3f2eb60fc,2024-05-01T10:16,5,58.95,Cash,Completed
28bac764-b02a-4cac-bb14-58e6b8e63ca8,bf0de251-90d7-423c-8b31-48df1a89964f,2024-10-11T10:16,5,120.05,Online,Completed
2d9716b5-a344-484f-b46b-54e85ad1348d,52c87fd9-fdf0-4256-b929-6153ad24a0ac,2025-04-16T10:16,1,29.90,Cash,Pending
5da62519-5441-4065-a5df-3e7a563c3d12,62a2bfef-ca4a-4dec-90ea-bf15ea1880d2,2024-10-15T10:16,8,196.08,Cash,Pending
29e5c5ee-d8de-4549-8b1a-69b8c170d436,09ba4183-1b94-4f8c-bc5f-eca421a88524,2025-09-11T10:16,2,11.90,Cash,Pending
afe554f7-225b-4429-9ece-aa817e30f561,d87f31d7-79ef-4c17-856e-142e791b04da,2025-09-13T10:16,7,172.27,Card,Pending
c311a1a6-a3f7-4140-97ca-594d4b19257c,365c90d0-a590-4209-9401-2ce55af5ed98,2023-12-06T10:16,1,15.52,Card,Completed
54c3ba6b-89b0-4db6-9acf-a5cbafc42bf1,25659c0e-6eb5-4c57-add8-fb6ac5f42699,2025-01-04T10:16,7,180.11,Cash,Pending
90d0fa78-d86d-4b2a-a9a5-145a276c9296,a938df5f-7764-459c-8bfd-90409d16b3c6,2025-03-04T10:16,5,43.65,Cash,Completed
d96efe64-287e-4953-9b7f-424ec9183b55,d33bbfcd-a2ca-4e80-8a1c-65223f061e7e,2024-06-27T10:16,5,92.75,Card,Completed
471b85b9-c3b9-4aa6-afc2-8b9f80646c38,953417c6-cd52-45e9-9ca0-bb450653c934,2025-11-06T10:16,6,141.72,Online,Pending
0c0beb01-7b1b-493e-a2cf-68c1be6b5975,c5817fdc-a4dc-4879-b957-30cfda62016b,2025-10-22T10:16,7,155.54,Card,Cancelled
5e1c965f-9380-49d0-88c5-e39e95aa948a,964d337f-acd5-4ca2-8843-9be3f2eb60fc,2024-05-02T10:16,7,149.59,Online,Pending
647af2fe-1262-4ce8-accf-126fe0527755,65b2c0ea-6192-47fc-9286-2c1dd3ecefb1,2025-11-01T10:16,3,87.60,Cash,Pending
9654400b-5856-45ec-93b3-cf521e429f55,2a109685-1399-4149-8951-fba29bb0360d,2025-10-07T10:16,2,59.46,Online,Completed
35b13293-80b5-4360-85c0-86c61cd5bc64,f3826f04-0dfa-4266-8002-58fede0093f5,2025-09-08T10:16,5,75.00,Card,Completed
6d01bfe7-bc05-4e37-afc2-0503effb40f3,7a18d550-38d0-40b2-84a7-547162e7e409,2024-12-14T10:16,8,98.00,Card,Completed
30deaa7e-72be-4250-ae6e-2ff31699db9d,9c53f3f8-5b22-4d77-bd76-cfa6c70e443c,2025-02-27T10:16,5,85.50,Online,Pending
a0a6d752-1000-48db-964a-d1bf4abeb60c,9305d562-2505-493d-8ed8-3fb721c8f491,2024-06-26T10:16,3,75.60,Online,Pending
a7dfb4ae-d230-4ab8-a130-314ae8eaa9b1,89d26a00-0fde-4c03-8430-b06f6bc3f33a,2024-12-08T10:16,9,153.36,Card,Completed
bd0c9e63-d2de-431d-8bff-02d925ed7c42,0a0ac3e5-6e20-4fbc-87ec-5481c70e38bc,2025-01-02T10:16,7,60.97,Online,Pending
287b06dd-9b6a-4b4c-b1be-55f41b509c7c,25659c0e-6eb5-4c57-add8-fb6ac5f42699,2025-08-14T10:16,2,51.58,Card,Completed
5b74ac5e-4d58-4d00-a754-c8f4cbd78ca0,bb6ceda0-3f7a-4dfa-9862-41a88dd468b2,2023-12-08T10:16,6,154.14,Card,Cancelled
47f271e3-da72-4fc6-8605-3d09b94ff7ba,f90cf3ca-e2d0-4129-bc7a-e8a2b80880da,2025-03-11T10:16,9,63.99,Online,Pending
7795dfbb-94fe-47b2-af00-0e69db31947c,f543de06-e341-4de2-95ab-ca0fd3ee51fe,2023-12-15T10:16,1,26.34,Cash,Pending
4807fbd0-64a5-4e84-af93-ecca2737c28b,9305d562-2505-493d-8ed8-3fb721c8f491,2025-10-31T10:16,2,18.82,Card,Completed
1c6eed8e-0c62-4581-adbb-4488a45d79be,a190f67b-21df-46bc-8164-46bdfa00af85,2024-05-12T10:16,8,210.96,Cash,Completed
73d58215-bf5f-4935-b201-e40cb9f34037,c3ffc43c-0c11-40fa-9824-f234161741d0,2024-07-04T10:16,9,56.34,Card,Completed
b5e5fee4-2775-4f72-be5b-8b6eebade16f,910b1d47-5c37-48b1-8bde-96c60660f1d7,2024-06-17T10:16,3,44.07,Cash,Completed
aa6e5bd6-5013-41ac-b1f4-718fc30dbf08,0b2a0e9a-e050-4380-b607-57adcbbf59d4,2024-06-28T10:16,9,167.49,Online,Cancelled
2d3f46a4-b650-4f69-a4ce-a138f671fc73,1407e9cf-22c9-4137-a2fe-cc12dc038235,2024-03-13T10:16,6,38.16,Card,Cancelled
a5164202-14c5-42f4-9954-3a872dc35b3b,8250871a-2b35-424e-a1a1-4eb4faffabfb,2025-05-16T10:16,2,53.04,Card,Completed
006ef06b-cb61-498e-8add-e4087e5edb3e,10b26c2d-7d56-4175-84a8-a2775e128a9d,2024-05-01T10:16,8,97.68,Card,Completed
c0ef273c-b2e2-4188-90a8-2d6613da4c8e,49af098b-bf79-4643-8e49-739ea932d38b,2025-01-19T10:16,2,26.26,Cash,Cancelled
09c4f6d8-9686-442b-9c50-acce7735d2d9,0fcf4084-ea31-49f8-99f9-9bf8c8b0c16b,2025-04-16T10:16,3,61.80,Online,Cancelled
0cca60de-8faa-49a8-915d-1dbba0841be0,90f0db1e-2b19-43f7-ba17-233c7c214eca,2024-09-03T10:16,3,85.62,Online,Pending
46c424a9-5dc4-4bb0-9e2c-5d06e8825c70,bb6ceda0-3f7a-4dfa-9862-41a88dd468b2,2025-08-07T10:16,6,59.94,Online,Completed
f293666b-5e99-443f-a8aa-bc2922a765bf,0a0ac3e5-6e20-4fbc-87ec-5481c70e38bc,2024-02-14T10:16,9,251.64,Cash,Completed
d5416c5c-6bc7-4f7a-9367-f89274d1a49c,515fe1d2-d33a-4b9d-8c19-07e0cbe81a9a,2025-03-20T10:16,1,14.17,Card,Completed
f1fc2735-7fc0-4f86-b0de-901a0f07002d,26d032f1-9fe9-487a-987a-a8be14e1db05,2024-08-09T10:16,8,78.00,Online,Completed
1857fca2-2597-464b-aa61-12235588c713,8f7f530b-bb30-4a05-b437-744ed30af54f,2024-03-04T10:16,6,80.10,Online,Cancelled
e1c57f49-60f2-41ca-9f56-1a26a87dfa2f,06e585f0-5b60-4900-81d1-3379328e6c17,2025-07-23T10:16,4,44.32,Online,Completed
86f26081-bb46-4dce-b1ba-8a05c01b0c3b,67c276b0-7be6-4f3c-bf86-c342095c8112,2025-07-07T10:16,6,128.64,Online,Pending
9846f3cb-6d29-46dd-9caa-53c498a0c3f3,74e76582-f1b8-4560-b049-8aebb59d4721,2024-11-19T10:16,5,149.30,Online,Completed
b2315ec1-972e-4a5a-bbf5-3839a060072b,25659c0e-6eb5-4c57-add8-fb6ac5f42699,2024-02-01T10:16,1,27.55,Online,Completed
d9b7c14d-9155-4e01-a4a6-5f9298bc35af,3ab3404a-ee80-4ed2-8d90-a6f0dad14e48,2024-05-12T10:16,4,72.64,Card,Completed
1c414ceb-6d6a-4091-9ed8-d96759e57b7a,02c65c06-56ad-4670-b8e2-10ab417c7154,2023-12-23T10:16,4,60.16,Card,Pending
49a7bf35-5a91-438f-adc9-be90c890ebc7,6b1178fc-1745-401d-88da-3903c243ebe9,2024-03-11T10:16,6,106.20,Card,Cancelled
ce25d2af-2454-4bca-98b9-bd78b60356e0,ebe19120-496a-47fa-87eb-2440212a3363,2025-08-03T10:16,5,135.10,Online,Cancelled
e293a170-c022-4b44-a50e-c0580727a36d,c0d74d86-5c5b-481d-b8e3-61eeb9c77255,2024-12-18T10:16,9,250.65,Cash,Pending
adc974d7-6b63-45fd-83a0-fc1fc970e6fd,2ca088cd-c6c6-4e60-a1a4-d2990ee21b12,2024-08-17T10:16,8,45.20,Card,Pending
ddfb37eb-4dbb-42c9-8e1a-3d7583a8e822,0a570207-0f70-467f-bbeb-44a0a60a9a25,2025-01-29T10:16,6,129.12,Card,Cancelled
2998b371-77b2-4fe1-8fcf-83393b4ef635,c3ffc43c-0c11-40fa-9824-f234161741d0,2024-02-09T10:16,7,50.82,Cash,Cancelled
538d9e7d-079b-4b9a-be80-941b0c01f5a2,c3ffc43c-0c11-40fa-9824-f234161741d0,2024-08-26T10:16,4,119.24,Card,Completed
81a8437d-c0b5-4e37-b43a-96453ce395fc,bfa3444b-2be9-46be-b944-720d86a59770,2024-10-29T10:16,1,10.50,Online,Completed
d6913667-b89d-42ef-984f-6b249ca86300,d33bbfcd-a2ca-4e80-8a1c-65223f061e7e,2024-02-20T10:16,3,75.03,Card,Cancelled
158199a8-288d-4280-896a-4a867bc39c1a,7509850a-5062-4da9-aad6-bc5b9e363ef1,2024-08-14T10:16,5,112.10,Card,Pending
85995ba2-fdbc-4f38-93bb-764d8a29c095,c3ffc43c-0c11-40fa-9824-f234161741d0,2024-01-15T10:16,8,104.72,Card,Cancelled
1609c1ed-5261-4486-abcf-d3e26ad63ca4,0a5bd884-b432-4ce5-b14e-44b4aedd4c0f,2025-10-27T10:16,1,29.97,Cash,Cancelled
313d89ec-4103-4fe9-badf-371fe2b50d8a,b95f7619-fab2-4df9-8683-1f2aeb93a660,2024-01-27T10:16,5,41.15,Online,Pending
32b9a5a0-57ab-49af-af60-9fad865ec34f,428424b7-1f94-496a-8b7a-497ce177d32c,2025-09-16T10:16,2,22.12,Card,Cancelled
079e4ae6-8d51-4d2c-9a16-9778f51e6fb9,8e1bbe6c-7b75-46dc-8ca1-0b1664cd6ae4,2024-11-12T10:16,3,77.01,Card,Cancelled
7f107a7c-a54c-4746-97a6-b96c2339546e,0a5a9fc7-e126-48f0-99aa-dea85c606f66,2024-06-16T10:16,2,42.46,Cash,Cancelled
dc7eac72-fd53-44f8-88e2-a57484572762,365c90d0-a590-4209-9401-2ce55af5ed98,2025-08-09T10:16,1,8.30,Cash,Cancelled
4e9183e0-a32f-4299-89cf-ab36bf04addf,5d6f84a5-a4de-442e-99b9-b8ef714b4436,2024-12-08T10:16,2,45.84,Card,Completed
eb832efd-7405-4ee6-9b9a-1e5c50e8a4b4,52f5634d-de98-4543-8a1e-cbf1e2d0242f,2025-11-03T10:16,1,6.10,Online,Cancelled
8ab82a98-f1c3-4558-9907-25872cd355c6,058b9c75-b72f-4594-80d2-e41194ff7672,2024-03-28T10:16,4,100.48,Online,Cancelled
caf2535e-7b45-4042-9334-2bc0dd81ec8b,910b1d47-5c37-48b1-8bde-96c60660f1d7,2024-11-22T10:16,3,25.32,Card,Completed
d1c4f2a4-463a-460d-a617-28ee6ddf40b3,7a2e5fa5-096b-4701-8ce6-7a3db39bf8eb,2023-12-30T10:16,6,60.72,Online,Cancelled
5a8ea575-ec5f-4b58-bcba-306d8a52ab47,00d7ae70-0f46-4453-963c-4ab2a3d29314,2025-01-19T10:16,6,98.28,Card,Completed
2bfe7eab-1ec5-477d-958d-995204d6bacd,11526850-7335-463f-b740-a52a90457c3b,2025-03-01T10:16,6,78.42,Online,Cancelled
af8e6d47-33d0-41cf-9cc0-616fdf9df28b,1d32c3b3-c732-4995-aa6b-ff159deb3bdf,2024-06-13T10:16,2,29.22,Online,Cancelled
e0e4ae5f-df40-4dab-8e2b-10e1f383b6ef,f3826f04-0dfa-4266-8002-58fede0093f5,2023-12-31T10:16,8,73.52,Online,Completed
8ed79793-16e3-44bc-9491-c36b315f300a,bc58b12c-65c4-4f21-89ef-3e492a22ef7c,2024-02-17T10:16,9,171.18,Online,Cancelled
dfee6a8f-2f46-4ed7-9009-4e35e716c092,6f61ca8e-51a1-48e0-abfa-88326e713e34,2024-01-17T10:16,8,226.24,Card,Pending
7948b990-f310-470a-b96b-1082efe42b85,935ebde1-5945-4673-886e-1a7a12cc2d4e,2024-03-15T10:16,6,116.16,Online,Completed
1eda034a-c042-4b94-bb06-2bc9f02576dc,e7991221-0de0-4ef8-aa9c-ca3b59197059,2024-02-25T10:16,4,67.76,Card,Pending
e5a5860f-502e-4134-8889-2f39abe4730e,00d7ae70-0f46-4453-963c-4ab2a3d29314,2023-12-09T10:16,9,63.99,Card,Completed
ff41bb38-ee8c-446b-bbd7-6b12f77cf27e,93cdeef1-3fc3-4a63-a275-0ae87ae6b335,2024-12-03T10:16,6,178.38,Cash,Completed
40345586-3877-48fe-90d8-a03271f3b314,b3688304-b24b-416a-9bf4-c2b6aaeb59d3,2024-08-23T10:16,9,218.34,Cash,Cancelled
f281c805-ba76-4723-8bad-b0e943bf8238,9c53f3f8-5b22-4d77-bd76-cfa6c70e443c,2024-02-08T10:16,5,46.70,Cash,Pending
e4e57e8a-0754-4d29-99ab-a05080cbffad,09ba4183-1b94-4f8c-bc5f-eca421a88524,2024-05-06T10:16,7,134.54,Card,Pending
49f30186-17b7-43fe-b681-879102701d17,7a2e5fa5-096b-4701-8ce6-7a3db39bf8eb,2024-02-09T10:16,7,172.34,Online,Completed
92f562d9-4d48-489e-ac44-4f68980d914f,11526850-7335-463f-b740-a52a90457c3b,2025-09-15T10:16,9,192.33,Online,Completed
0a2a0b4b-02db-4cee-aaa0-ee418ddf481f,e7991221-0de0-4ef8-aa9c-ca3b59197059,2025-06-30T10:16,3,44.94,Online,Cancelled
1e4d8ba4-ad66-4b4b-bc3d-7f370b45bbe7,92da274a-bea2-490a-bb52-196c46fa8487,2025-11-02T10:16,8,192.56,Online,Pending
2249d405-41a4-4653-99e3-dadbf01fb7a6,c5817fdc-a4dc-4879-b957-30cfda62016b,2025-06-28T10:16,2,57.62,Card,Pending
c233a383-19bc-4653-80fb-acd14bc12a1b,c83bba2f-5229-4998-9566-1f3179b13e8a,2025-08-02T10:16,1,29.86,Cash,Pending
f935db65-76f9-4da0-80a5-41e03c640509,5eb75bc0-d5fa-4209-9d42-7767f3f0585b,2025-09-05T10:16,7,164.64,Cash,Cancelled
f56e21ed-29ff-41ab-9172-7ec7b04244b1,824998a2-7592-4051-ab0b-d5e12743c93b,2024-02-08T10:16,2,29.98,Cash,Pending
0b219847-a06d-4466-afb4-f4e4dde5c0b7,ff4db0d8-e809-46e8-9ae0-78ffee4902d9,2024-01-16T10:16,3,17.91,Card,Pending
259730dd-fe67-4e6f-890f-e8b9e9586072,bf0de251-90d7-423c-8b31-48df1a89964f,2024-11-15T10:16,1,20.50,Card,Pending
b5b31336-1287-40a6-b90d-69efe13138c1,485b65e7-fdf4-474d-afba-37986d8d3cd8,2025-09-15T10:16,2,54.06,Card,Pending
8f6bdfad-23f3-454b-99bd-d4f6994bb108,b6c26110-1b77-4777-8c79-c69ec19b66df,2024-06-04T10:16,5,76.50,Cash,Cancelled
3778007c-2948-4d01-93b3-3456e2047f37,6aaabc79-3d35-410f-bb96-f86a3930d0ff,2025-06-08T10:16,7,109.76,Cash,Cancelled
087be4ea-3729-4bc4-afe0-cb9d7ae9ec89,bc58b12c-65c4-4f21-89ef-3e492a22ef7c,2024-03-23T10:16,5,50.50,Card,Completed
781728af-95a9-499c-9142-c3442bc3cf47,3910ab11-8758-4a4f-8a9b-c4f5df7413c4,2024-08-06T10:16,4,30.04,Online,Pending
7164cc9e-452f-41da-a89c-39aa20edc3fc,3dcaabe3-78c9-4d88-bed5-56ca7ceea07c,2023-11-29T10:16,4,111.52,Online,Completed
ea33a059-d574-403f-a33f-819667da0249,53db1213-7316-47bb-9099-c1def0e3c96b,2024-02-09T10:16,4,74.12,Online,Completed
9a89815e-7d55-4631-880a-1d8b8a53cce3,26d032f1-9fe9-487a-987a-a8be14e1db05,2024-10-05T10:16,8,145.68,Cash,Pending
8af19c5e-605c-4ffc-90cf-c2c190a8e2aa,cf65c4b6-4c1c-420b-95de-23e5b56ffad5,2024-10-29T10:16,7,71.89,Online,Pending
97f3421d-d128-4774-a645-d9677c90bd6e,68169a66-a8d4-4763-914e-7befc826445b,2024-07-19T10:16,8,194.64,Cash,Pending
1d297eac-e335-4d29-b9f6-d09d7e19d0e7,d33bbfcd-a2ca-4e80-8a1c-65223f061e7e,2024-10-12T10:16,8,56.48,Card,Completed
487d9d75-6e2e-4e7b-a897-9a71b0c205c3,69446e90-4237-4410-ab55-e011eb04cce0,2024-11-05T10:16,7,51.80,Cash,Completed
f08e8b93-eec2-4a2b-bc34-eaca86b8e074,1d32c3b3-c732-4995-aa6b-ff159deb3bdf,2025-02-01T10:16,5,63.65,Card,Cancelled
c84758df-c4de-4a7f-a647-3b32506cb726,050d9901-1cb5-413a-9c31-282028f863c1,2024-07-22T10:16,3,58.86,Card,Cancelled
1fca2256-a062-4cff-8d3d-fec2e2f7b992,8f7f530b-bb30-4a05-b437-744ed30af54f,2024-09-02T10:16,3,41.22,Cash,Pending
5c972504-de0a-4da6-936e-354fed5cd1f2,365c90d0-a590-4209-9401-2ce55af5ed98,2025-06-19T10:16,8,202.24,Online,Pending
b026e619-c796-4025-8b34-cd23518e6e4e,8113211c-bdc3-4bb0-94d9-3fd3871f3005,2024-10-29T10:16,5,108.70,Card,Cancelled
5ffde0e0-9104-496d-a2e0-96fee8e75c8a,25659c0e-6eb5-4c57-add8-fb6ac5f42699,2025-02-10T10:16,7,46.13,Cash,Pending
8f6d2e43-2ee2-4279-8291-2854da70d497,8626238e-5813-415a-9a8c-db944b1e0269,2025-02-24T10:16,4,32.96,Card,Cancelled
bfbb54e0-9872-4d97-b095-7dd0509a8e26,99c406e7-092b-4eeb-bc08-56fc041c253d,2024-08-16T10:16,6,144.18,Cash,Pending
41dcd974-c87a-47c4-95a0-91243e4623ca,09ba4183-1b94-4f8c-bc5f-eca421a88524,2025-09-18T10:16,5,123.20,Cash,Cancelled
a09a6616-8b3b-4239-a9b1-df2435edf1d6,9c53f3f8-5b22-4d77-bd76-cfa6c70e443c,2025-11-09T10:16,4,25.92,Card,Completed
a5066306-e268-4626-b09f-f765386b3ca1,11526850-7335-463f-b740-a52a90457c3b,2024-02-20T10:16,5,51.50,Online,Completed
9df0f8b2-4058-4212-bf93-88f6376ae66d,1eeb9c5f-5b7a-47af-b4f1-5a50d9d1089c,2024-02-18T10:16,1,25.31,Cash,Completed
d57e6384-117f-4e19-ab2a-855ca72736db,5d6f84a5-a4de-442e-99b9-b8ef714b4436,2024-03-11T10:16,1,12.00,Online,Cancelled
9c399aa9-fe04-46e9-8fdb-5f7422a0617a,9b9edd1e-b4f7-414c-b8b5-a3dc51fa0a8c,2025-09-01T10:16,4,93.76,Online,Completed
6ae3fa32-fbcc-4272-8f5d-1ab2a7362651,9fa382f0-8393-48db-ad30-43c953282401,2025-08-05T10:16,4,21.40,Cash,Pending
d8a8607a-156e-445d-b4be-8819d6dc3a97,dcfb3d05-846d-4915-99f3-ebbc7559d972,2025-08-15T10:16,5,27.15,Online,Completed
4f321726-a1b9-4313-84cd-578695f5986e,bb6bf39c-f455-4e08-a59e-1bdaaa91d4aa,2024-11-23T10:16,5,33.70,Card,Pending
411341ec-f5f6-413c-864a-b7168f5b4aa8,b047b369-02d0-4f25-9af0-f1e883228863,2024-01-02T10:16,6,88.02,Cash,Cancelled
6d0e62c2-a580-4b7a-8728-5461b51a98a5,9305d562-2505-493d-8ed8-3fb721c8f491,2024-06-17T10:16,7,150.64,Online,Pending
38b6f9d6-ec96-4e50-adad-e38f8382db10,515fe1d2-d33a-4b9d-8c19-07e0cbe81a9a,2025-01-02T10:16,8,157.28,Cash,Pending
034a3fe8-cca7-4551-84ce-6614478cc064,fbe227d7-6d32-4407-9783-7fdac983e55f,2024-10-28T10:16,2,55.46,Card,Cancelled
51b612a3-3a97-4433-bf70-dc16296753e9,25659c0e-6eb5-4c57-add8-fb6ac5f42699,2025-08-30T10:16,9,54.45,Cash,Completed
0245d4dc-8690-4c97-af76-9ba9a8c2f65e,d3f641e5-b8b5-4f5f-9155-7768df2033e8,2024-04-25T10:16,3,17.07,Card,Cancelled
fbab6ff5-6b22-4614-92b0-7693ced0f11c,b04ce307-2d1f-4214-b023-d8f4379041a1,2024-10-22T10:16,2,15.74,Cash,Pending
3437d6e3-a446-4827-b31e-20ae889bb076,b3688304-b24b-416a-9bf4-c2b6aaeb59d3,2025-02-07T10:16,6,113.28,Cash,Completed
54e33096-eb1c-4550-b4e7-69e227130005,1233cc27-7567-48e0-8dd2-6b0019506c2f,2025-07-21T10:16,2,12.46,Online,Cancelled
2b801b2c-ad42-4855-987e-425a98f4e55c,7d2df59f-386d-4aec-85a8-2443262a0cb4,2023-11-30T10:16,9,237.96,Cash,Pending
78d3e7c5-36bb-4962-a78b-ba18f42b6cbd,caca465c-e9f2-4add-91b5-24c70595e321,2025-01-24T10:16,2,45.40,Online,Pending
63ac6a5a-3aa7-4ff2-baa6-bb47862340bd,67c276b0-7be6-4f3c-bf86-c342095c8112,2025-04-14T10:16,3,30.33,Online,Completed
c715b2e3-6af8-4456-94d6-eca479807f58,6aaabc79-3d35-410f-bb96-f86a3930d0ff,2024-07-12T10:16,7,50.96,Online,Completed
af6c16da-e58b-4272-8a9e-32dbdd92ec8c,ada8704c-2784-4d70-84da-10078407d2c8,2024-01-30T10:16,2,12.36,Online,Cancelled
27775d29-e7b7-416a-93ab-e1dea2d19220,428424b7-1f94-496a-8b7a-497ce177d32c,2025-02-14T10:16,5,128.55,Cash,Cancelled
79a86d83-72ad-445f-9a44-2397015c4868,6945f6f4-b8f9-4d04-90ff-e59ed705578e,2025-08-06T10:16,9,98.91,Card,Cancelled
e93c2a06-8314-4317-b847-9d9f5f4f86e8,cb8747c7-32ca-4b6b-868d-13ab01d953ec,2023-12-04T10:16,5,57.15,Card,Cancelled
07fc22fb-162c-4556-8e7f-4bd3c6f652dd,3ab3404a-ee80-4ed2-8d90-a6f0dad14e48,2025-10-12T10:16,6,82.68,Card,Pending
fa7b5bad-33c2-4ad3-b301-6efb6edd9eec,795088d7-d227-422e-ad8c-f048bde0675e,2024-03-26T10:16,8,206.40,Online,Cancelled
7d93f564-4d30-4662-aafd-1f454a686fe2,401a6911-a31e-4892-adc1-56e3e1eb090a,2024-01-11T10:16,6,96.54,Card,Cancelled
524a43d9-8ca1-44bc-b898-c91f2ec72593,aff4340c-d102-49ba-af8e-84d2737ce82c,2024-10-19T10:16,5,140.15,Card,Cancelled
e62fde41-4089-4c19-96da-30a922839d16,1233cc27-7567-48e0-8dd2-6b0019506c2f,2024-08-18T10:16,9,58.23,Card,Pending
afa9ed39-ef3b-4cab-9b11-58e8b908fd70,7169ef0c-f2c8-4ae3-83f6-87691664d2d2,2024-02-08T10:16,4,20.64,Cash,Completed
7a0005a3-df2c-4265-b97f-c18449c8fa8d,b04ce307-2d1f-4214-b023-d8f4379041a1,2023-11-21T10:16,2,44.34,Card,Completed
4724137f-fe36-4de7-b2b5-ae729eb55ecb,6e6d2c67-f7fb-4a98-8f9a-4822259b25c4,2025-03-09T10:16,9,139.23,Online,Completed
bfea3e9c-bbe1-4159-a6ff-1704dafdf26d,2c6dafc9-06cc-4b3d-8b8d-12aae0644c58,2024-06-27T10:16,5,32.25,Cash,Pending
b0409bc4-d0dd-4dfd-acfd-5297ce4b614f,c0d74d86-5c5b-481d-b8e3-61eeb9c77255,2025-07-19T10:16,7,65.03,Cash,Pending
0eb42ce7-93f8-443a-ad2c-28ded99f0e4f,aac35608-9499-49c5-811a-a059e773c968,2025-03-31T10:16,9,116.19,Card,Completed
08467e0e-b6dc-48ca-bb3a-086ed9bc91ff,2c6dafc9-06cc-4b3d-8b8d-12aae0644c58,2025-01-02T10:16,5,80.60,Card,Completed
c598fd1e-5918-4111-9165-0e5d1a252344,bb6bf39c-f455-4e08-a59e-1bdaaa91d4aa,2024-02-01T10:16,2,19.96,Cash,Cancelled
c90ca733-1e82-491f-9d06-e045eef49936,d5cfb1a3-ce2f-4aff-ab4c-50e0c5426af1,2025-05-18T10:16,3,68.10,Card,Completed
91e82cd5-4292-4b4c-9479-87311f0464ea,401a6911-a31e-4892-adc1-56e3e1eb090a,2025-08-24T10:16,1,14.70,Online,Pending
ce17995f-39ea-4d3c-a4cc-f0f50b136dc9,e85d0261-2d97-4475-a749-363ec9040a74,2025-04-26T10:16,7,104.37,Card,Cancelled
9007bb4c-e602-4d1c-ba36-b98b1c336384,0df3bae1-6384-4856-aa27-aef9f6c48b75,2025-10-24T10:16,7,36.05,Online,Cancelled
b8bac6b8-a842-46c8-8af0-145b25b5b7f0,c0d74d86-5c5b-481d-b8e3-61eeb9c77255,2025-01-04T10:16,9,264.96,Cash,Completed
6578b508-ecc9-4863-abcc-00e8e0d06100,bf0de251-90d7-423c-8b31-48df1a89964f,2025-02-01T10:16,2,57.48,Online,Pending
f685cf0a-1494-4d7e-9c6f-c0a5b326c61a,0df3bae1-6384-4856-aa27-aef9f6c48b75,2025-03-09T10:16,5,77.45,Cash,Cancelled
3e21a619-4777-4547-a6a1-f01dbdffa612,59827b2a-ae17-44b1-bd6f-6f08718559cb,2024-12-20T10:16,9,198.36,Cash,Completed
d804af7d-0646-4349-92c1-178755d490d1,5400d214-6176-40bf-88d2-3f53ed38bf69,2024-10-18T10:16,3,21.12,Online,Pending
6b38f3fe-7b22-43ed-bdfc-2e98efb5e474,cd50913f-8c99-4253-9134-0cf5fe5f300f,2025-05-29T10:16,6,110.58,Card,Completed
79d09292-b754-4b93-9fec-5faf711f6190,e85d0261-2d97-4475-a749-363ec9040a74,2024-03-27T10:16,3,20.94,Card,Completed
df47b0f2-c716-433b-b314-7938450c868d,a938df5f-7764-459c-8bfd-90409d16b3c6,2025-07-06T10:16,1,22.62,Card,Cancelled
e7f48fbd-59e9-4bb5-bb46-ef525ee06878,000f9c8f-2fc7-4346-844d-c04f10751265,2024-12-17T10:16,3,50.04,Online,Pending
37276cbc-d7d4-4027-9b84-f4dd86b74c8c,00d7ae70-0f46-4453-963c-4ab2a3d29314,2024-10-27T10:16,2,15.28,Online,Completed
73e3244f-2caa-441c-ac86-643a3101267e,aff4340c-d102-49ba-af8e-84d2737ce82c,2024-03-12T10:16,8,125.52,Online,Cancelled
f1fd9316-c921-410c-97ba-42c200392043,56a75a3e-a944-4147-8cba-f1024726993f,2024-09-23T10:16,1,11.01,Online,Pending
e8348aed-4dd0-4ab7-a6c4-7a5852f911b6,06e585f0-5b60-4900-81d1-3379328e6c17,2024-11-03T10:16,7,53.13,Cash,Cancelled
34a72f14-e694-4365-8bc4-b824584bf10f,39cb44e2-a541-4b98-bc0b-db5f31cf8710,2025-01-20T10:16,3,83.34,Card,Pending
25075ade-c286-49d1-a60f-e1a973086e88,9b9edd1e-b4f7-414c-b8b5-a3dc51fa0a8c,2025-10-07T10:16,6,169.68,Online,Completed
5ff7b78a-4a51-484a-943a-f9c48afb2ce4,5d6f84a5-a4de-442e-99b9-b8ef714b4436,2025-09-08T10:16,3,46.89,Cash,Completed
74ecb803-840e-407b-b030-1e5793868753,caca465c-e9f2-4add-91b5-24c70595e321,2024-02-15T10:16,7,123.76,Online,Pending
e8adc540-b0f9-40e2-afa9-ddba5d9c8acd,500fde18-ea61-4380-9ea4-f06d09985870,2025-02-23T10:16,7,117.81,Online,Cancelled
48fe80c8-84d9-492a-ba22-f89a6b933b1c,c5817fdc-a4dc-4879-b957-30cfda62016b,2024-04-15T10:16,3,51.90,Card,Completed
7e0f45bd-1879-40de-8865-a44f4a40ea6d,ada8704c-2784-4d70-84da-10078407d2c8,2024-12-20T10:16,3,56.58,Online,Cancelled
ed490689-1256-4dd8-81eb-68ddb2329ffe,4bb2d776-14c0-4ef6-b8ba-c580cbed72b8,2024-10-16T10:16,5,58.80,Online,Pending
e1c3c225-433e-4b79-87b6-befa457cd587,e119f98a-df63-41dc-8e01-bb49ca2dc724,2024-02-23T10:16,9,60.93,Online,Pending
bb3516f5-0a8f-4bc2-bcba-c359f5553f8c,8f7f530b-bb30-4a05-b437-744ed30af54f,2025-07-15T10:16,6,109.56,Cash,Cancelled
64359e56-e517-4b9c-b6f9-a4bb97d2cc8a,795088d7-d227-422e-ad8c-f048bde0675e,2024-12-03T10:16,4,38.60,Card,Pending
8f697cf8-6e05-4212-8b8c-5ef6d41625d6,a190f67b-21df-46bc-8164-46bdfa00af85,2025-05-29T10:16,1,21.56,Card,Cancelled
5ee24d90-6045-48c9-a460-3ba252c40a53,935ebde1-5945-4673-886e-1a7a12cc2d4e,2025-06-24T10:16,2,23.58,Cash,Completed
0e38bab0-517f-4337-a8f6-9fcaa7eb875b,6e6d2c67-f7fb-4a98-8f9a-4822259b25c4,2024-02-08T10:16,7,85.54,Cash,Pending
fdd6d4c2-71e2-48e1-ab37-a9351f6a4ffd,8250871a-2b35-424e-a1a1-4eb4faffabfb,2024-03-09T10:16,4,75.00,Online,Pending
3996825d-5322-43e6-92e7-c8c3743f8b34,67c276b0-7be6-4f3c-bf86-c342095c8112,2025-01-20T10:16,3,33.78,Card,Completed
31bb1569-689f-4a2f-b2cf-555e8efda016,46032f36-69bc-465a-9b33-a5d560bfd77a,2024-01-10T10:16,4,66.04,Online,Completed
4e8c3c62-8d6a-446e-86f2-c661e56b7602,a190f67b-21df-46bc-8164-46bdfa00af85,2025-03-03T10:16,8,176.24,Online,Pending
f642e217-3a81-4660-a0eb-90cb41ac73d5,7a18d550-38d0-40b2-84a7-547162e7e409,2024-03-11T10:16,2,52.26,Card,Cancelled
0edc825a-d95f-41a7-acbc-77aee2b95a8a,90f0db1e-2b19-43f7-ba17-233c7c214eca,2023-12-27T10:16,9,45.18,Card,Cancelled
5ba7f2fa-eaa8-4e6e-83b6-dc8a1ecfeb1c,cd50913f-8c99-4253-9134-0cf5fe5f300f,2025-06-07T10:16,3,19.38,Card,Pending
100906d8-5891-46b4-89c1-a456b0ea6730,52c87fd9-fdf0-4256-b929-6153ad24a0ac,2025-02-06T10:16,5,146.65,Online,Completed
5b8b55bd-8811-4cae-bfa4-8e02ed1c3de5,3e97fc93-73a7-45e0-9888-f7a03ee258a7,2025-02-19T10:16,3,53.43,Card,Completed
f3194b8d-1166-43ae-847a-6a5b165fbeb9,a938df5f-7764-459c-8bfd-90409d16b3c6,2024-03-01T10:16,2,29.56,Card,Cancelled
f7a8acc2-8bde-4d28-8d23-0b0dc20d04f4,a5ffc907-be77-43e6-8694-4a0bf09bd3fb,2025-04-21T10:16,2,19.62,Online,Cancelled
37866f51-ecb6-4965-86a8-eb7caec108f8,d87f31d7-79ef-4c17-856e-142e791b04da,2024-12-03T10:16,1,17.02,Online,Pending
75a9086f-b40b-4fca-980f-0ad29e809dd8,3befa4dc-d961-4a3a-9410-d43d1bdaa335,2024-12-09T10:16,4,60.84,Card,Pending
18ddf7d9-ced7-4ccd-803c-908e11a60ed6,8626238e-5813-415a-9a8c-db944b1e0269,2025-02-17T10:16,8,101.92,Cash,Cancelled
e1592467-581c-4925-b3aa-afc834550778,a5ffc907-be77-43e6-8694-4a0bf09bd3fb,2025-03-16T10:16,3,62.88,Card,Completed
09e599be-5569-4233-a89f-9253e30f7f22,7a18d550-38d0-40b2-84a7-547162e7e409,2025-03-22T10:16,9,135.72,Online,Cancelled
b64ec308-80ef-40f4-8893-d8c06ef79111,ba5d9947-b043-4aca-8ee0-6b77895cf8e8,2025-03-11T10:16,9,170.64,Online,Completed
df0f287a-d50c-4d06-8fff-20b89c3fa8bd,67c276b0-7be6-4f3c-bf86-c342095c8112,2025-02-04T10:16,8,209.68,Cash,Pending
581d5cf9-25a9-4ff1-ad0e-dfcf16172a3c,60cd80b6-3967-4dae-b4df-adc7b5644971,2024-07-20T10:16,8,110.32,Card,Pending
ee6dfa2d-bbb0-438a-a849-000c37b5d616,2c6dafc9-06cc-4b3d-8b8d-12aae0644c58,2024-07-26T10:16,6,137.58,Online,Pending
9561f3c9-1369-4561-91b6-ab91d61734a5,5f6e51da-5f01-4c9a-85dd-7d50ef37e5d7,2025-05-15T10:16,4,63.88,Card,Cancelled
ae77cc97-52d3-4157-9dd2-5b0567f95ecc,8626238e-5813-415a-9a8c-db944b1e0269,2024-04-14T10:16,4,27.88,Cash,Pending
22baf22c-757d-450d-a839-60ca032c0af9,93cdeef1-3fc3-4a63-a275-0ae87ae6b335,2024-06-27T10:16,7,89.81,Online,Completed
bbcc0cde-af65-4963-9368-d67668b0b7d0,6945f6f4-b8f9-4d04-90ff-e59ed705578e,2025-01-09T10:16,6,37.68,Cash,Completed
a57eb22a-6cf9-4abb-9f50-c269535b1fa5,824998a2-7592-4051-ab0b-d5e12743c93b,2025-04-13T10:16,2,21.46,Cash,Completed
fc729262-2ca5-43d7-93fb-eee4b76a6f10,cd50913f-8c99-4253-9134-0cf5fe5f300f,2024-01-26T10:16,6,167.88,Online,Completed
c1472f44-7ce0-41b3-b66e-39ebf5e59ec6,d5cfb1a3-ce2f-4aff-ab4c-50e0c5426af1,2025-10-12T10:16,1,18.97,Cash,Pending
72b26057-4619-49de-b8fc-a782920cc560,ceafdb2a-788d-48e0-acdd-bd533a2e7ab6,2024-04-09T10:16,9,93.51,Online,Cancelled
1effe0e6-b2ae-4822-801f-a3f9ac5cc30b,824998a2-7592-4051-ab0b-d5e12743c93b,2024-03-27T10:16,9,126.54,Card,Cancelled
65183b21-c27a-4619-b4d6-5c20f0942312,cd50913f-8c99-4253-9134-0cf5fe5f300f,2024-06-05T10:16,2,50.64,Card,Pending
da8f89f8-a613-4086-83e3-f807b8a18283,5f6e51da-5f01-4c9a-85dd-7d50ef37e5d7,2025-01-24T10:16,1,15.15,Card,Cancelled
d17b515e-8c21-402f-b28d-025f31747832,4f6ae324-5b6d-47d6-a86d-26ec6fbe1e0e,2024-11-05T10:16,6,43.62,Card,Pending
e46d7949-0ecf-4f8b-9ac0-1990736a46df,c9dcc28a-ae5f-477c-ae7e-72d94129f449,2024-05-06T10:16,1,24.73,Card,Cancelled
52c8e2bc-0e94-4da9-a9cb-6bf44b89bd39,69446e90-4237-4410-ab55-e011eb04cce0,2023-12-17T10:16,9,262.71,Cash,Pending
fbe35805-466a-443b-af7e-cba7f3933b4e,1d32c3b3-c732-4995-aa6b-ff159deb3bdf,2025-06-14T10:16,3,34.32,Online,Completed
5d12b46f-bb9a-4318-b76c-2a06b2499c71,25659c0e-6eb5-4c57-add8-fb6ac5f42699,2024-07-09T10:16,2,19.32,Cash,Pending
b708e96f-1cc2-412e-a988-65e77471531f,36b880b0-e9bd-4c0b-8f1c-32018f6c758a,2025-07-07T10:16,9,141.57,Card,Pending
40328b1a-6d2f-4d69-ae78-2022bdab06be,6b1178fc-1745-401d-88da-3903c243ebe9,2025-07-06T10:16,5,134.70,Online,Pending
f492a7f4-3ed4-41d8-b0f7-b945f68e11ff,fbe227d7-6d32-4407-9783-7fdac983e55f,2025-08-17T10:16,1,5.81,Card,Completed
d4562ddd-d8a6-43f8-8b1c-6e6d9a56cf82,910b1d47-5c37-48b1-8bde-96c60660f1d7,2025-06-28T10:16,5,36.55,Card,Completed
a898f097-5732-4b1d-b463-32cf8f77f7a4,b03f75c1-655f-4480-a2bf-1a0af806e96e,2024-03-10T10:16,6,60.12,Card,Cancelled
8d52eeba-a538-4ad2-baf0-edd633209177,73a2b03c-2dca-486e-8ebc-c4d6bb68a8c6,2024-01-11T10:16,2,15.00,Cash,Completed
00def645-617a-4497-841e-602728613be8,3dcaabe3-78c9-4d88-bed5-56ca7ceea07c,2025-04-17T10:16,2,49.44,Online,Completed
72818776-9cd2-44a8-85ab-5190bac9fd29,09ba4183-1b94-4f8c-bc5f-eca421a88524,2024-11-12T10:16,7,88.06,Online,Cancelled
d2861322-5a76-4809-a520-453af809c4ba,205ea7f7-e714-45b8-a083-11247ff702a1,2024-10-30T10:16,6,56.04,Cash,Pending
5f56b5ff-5f11-4f05-828d-96a09f929b6b,53db1213-7316-47bb-9099-c1def0e3c96b,2024-09-08T10:16,6,63.48,Cash,Cancelled
05f3afa6-bbe4-42aa-a099-c967ca32f658,4717d2a3-4b2a-44f1-b960-a2b73e2d23fd,2024-06-01T10:16,4,67.36,Cash,Completed
358bef49-e0dc-4873-a2f4-97f6d57440b3,2a109685-1399-4149-8951-fba29bb0360d,2025-10-24T10:16,4,59.48,Cash,Cancelled
22cdab93-0cb7-4fdc-9541-2f8a1bc4bb4d,8113211c-bdc3-4bb0-94d9-3fd3871f3005,2024-07-26T10:16,3,71.82,Online,Pending
c7780e77-e2b3-493d-bf32-e52c4bbe3d1b,67c276b0-7be6-4f3c-bf86-c342095c8112,2025-04-02T10:16,8,135.04,Online,Completed
f111c63e-652c-4eda-9042-6a2063048248,6e6d2c67-f7fb-4a98-8f9a-4822259b25c4,2024-06-06T10:16,2,46.28,Cash,Cancelled
d6fa6cd1-b731-4d29-b6ee-ff9bf3c397ba,9c53f3f8-5b22-4d77-bd76-cfa6c70e443c,2024-12-24T10:16,1,7.78,Online,Completed
fcf4c86c-b814-4dcd-abc5-7c379fff8d7b,4f6ae324-5b6d-47d6-a86d-26ec6fbe1e0e,2025-04-02T10:16,2,29.14,Cash,Pending
4e2c7051-f05b-4382-9750-d225402a88c9,3befa4dc-d961-4a3a-9410-d43d1bdaa335,2025-02-14T10:16,5,139.25,Online,Cancelled
50bfefd2-805e-42e8-aa98-44d92359fd03,77ca464a-fe0d-4dcc-8f08-3eb2f7b64f76,2024-04-25T10:16,1,10.43,Card,Cancelled
aa7a1219-8c5b-4ee6-9917-5b809439374a,3ab3404a-ee80-4ed2-8d90-a6f0dad14e48,2025-09-11T10:16,9,180.36,Cash,Cancelled
c5be14d3-7927-4f87-a25b-986d6b68adb7,89d26a00-0fde-4c03-8430-b06f6bc3f33a,2024-07-21T10:16,1,28.48,Card,Cancelled
2b8e5675-23c8-4d1e-9f3b-9bc2f480906f,6bd388d4-5636-450b-bacd-55bdcb769bab,2024-04-10T10:16,8,208.00,Cash,Completed
32bb7379-f6c3-4885-97fb-2569aa0a2343,103fcba5-5588-45a5-9fe0-6ac948d3860e,2025-08-17T10:16,9,97.56,Card,Pending
57fe95af-6204-4228-89ee-ac04f549c04d,7509850a-5062-4da9-aad6-bc5b9e363ef1,2024-11-27T10:16,6,102.06,Card,Pending
a626b6d1-065a-4897-9296-e3f09ab8d16d,6117b6f0-c4f4-4bf1-9eeb-f33950decba8,2025-08-01T10:16,8,209.12,Cash,Completed
ffc00e9f-a08d-49c2-a875-5d8d3133a80c,4e6807ca-aed8-4ec9-b1b0-0e3aba57efb1,2024-03-31T10:16,2,32.98,Cash,Completed
de7f2ead-008d-4c15-8536-97595cfaac23,9b9edd1e-b4f7-414c-b8b5-a3dc51fa0a8c,2025-05-01T10:16,2,50.80,Card,Cancelled
d3a8f138-1e41-45a5-8f26-b8c9f23f7a6c,726d71e2-70fd-4416-8568-78619c14a73a,2025-02-23T10:16,4,92.88,Card,Pending
7a8b2549-8862-45be-97ca-bb01c5899628,ecf1ffb0-ac00-4968-87ea-8beef4ace55a,2024-10-19T10:16,7,77.28,Online,Pending
c5c74592-2417-44aa-8378-673b4da94ac4,caca465c-e9f2-4add-91b5-24c70595e321,2024-10-23T10:16,5,95.15,Online,Pending
af072f9f-d279-4048-8ac0-4c9241d91654,e886c155-0dae-4b36-88f5-a86fa474d1f6,2024-12-25T10:16,9,114.39,Cash,Completed
51fc170d-7c8d-46b5-84e6-5e80ce6f190c,515fe1d2-d33a-4b9d-8c19-07e0cbe81a9a,2023-12-24T10:16,2,16.62,Cash,Pending
924185c1-a4e9-48b9-93e5-c2da8a007374,953417c6-cd52-45e9-9ca0-bb450653c934,2023-11-28T10:16,4,71.12,Card,Completed
720df97e-cb1a-490a-b327-63fb1c1ce41e,a938df5f-7764-459c-8bfd-90409d16b3c6,2025-06-24T10:16,6,101.34,Card,Cancelled
3277bccd-786b-4c13-9d12-ff963fb9d728,09ba4183-1b94-4f8c-bc5f-eca421a88524,2024-07-14T10:16,3,23.40,Cash,Completed
ee95bbc5-da67-4923-8c0d-77d8178aa930,885715b6-b1eb-44ca-8460-28c0343e56f3,2025-08-05T10:16,3,40.53,Card,Cancelled
b076f8c8-fd81-4fff-95dc-7501b36052e3,485b65e7-fdf4-474d-afba-37986d8d3cd8,2024-04-16T10:16,4,71.08,Cash,Completed
07829c73-cdf8-47ae-bb7d-dbcccb3192ca,fdb5454e-2230-489e-ade4-9218ff28cbd8,2025-06-29T10:16,2,12.90,Card,Completed
cce6ae9f-3b42-4ac0-bf65-bc9bcffa799a,ba5d9947-b043-4aca-8ee0-6b77895cf8e8,2024-12-24T10:16,5,116.35,Cash,Pending
1651e5f8-a03f-49d2-ac90-fc01e13504d9,058b9c75-b72f-4594-80d2-e41194ff7672,2024-09-13T10:16,3,75.54,Cash,Completed
4a92502f-7011-47b3-8a01-fffb96329da6,cb8747c7-32ca-4b6b-868d-13ab01d953ec,2024-11-01T10:16,6,50.64,Card,Pending
951e1ee7-fa96-4e04-a052-2566a9ecb56c,205ea7f7-e714-45b8-a083-11247ff702a1,2024-06-18T10:16,9,90.90,Cash,Cancelled
48a524ba-9e6d-4a01-9727-2c3d25546601,3e97fc93-73a7-45e0-9888-f7a03ee258a7,2024-07-10T10:16,5,42.25,Card,Completed
9fa272d1-2f62-4087-8362-832c79bb8b0f,428424b7-1f94-496a-8b7a-497ce177d32c,2025-01-19T10:16,1,18.40,Cash,Cancelled
d364b0f1-4946-43a3-a97d-809e6dfae79a,4717d2a3-4b2a-44f1-b960-a2b73e2d23fd,2024-02-27T10:16,3,66.36,Online,Cancelled
d3dd160e-6abe-42c9-96d1-ea6a925e91c2,09ba4183-1b94-4f8c-bc5f-eca421a88524,2025-09-15T10:16,2,17.62,Online,Completed
2c433555-d5e5-4de0-bff2-bdd1e0f5e968,14eace30-1ac2-411e-8eef-98e8f32a87fb,2024-12-15T10:16,2,27.76,Card,Cancelled
4308c7af-5595-4863-a9ea-5073f1df0c58,c83bba2f-5229-4998-9566-1f3179b13e8a,2025-06-05T10:16,6,91.32,Online,Completed
d8ec0e4b-e1a8-4761-a493-59eb448cae2f,bb9edfa8-17f7-4f6f-8e3b-616693a298b1,2025-06-08T10:16,5,31.35,Card,Pending
0d8a72ea-3e9e-4ad1-a539-83525342db2f,bb6ceda0-3f7a-4dfa-9862-41a88dd468b2,2025-09-11T10:16,1,27.28,Cash,Pending
eeceb347-b155-4c9f-b89f-28e8ce7e0a63,00d7ae70-0f46-4453-963c-4ab2a3d29314,2024-07-05T10:16,7,52.64,Card,Completed
c2e8d77e-ffc9-43d0-a41a-cb772f3a4e28,c1a09d60-c9e8-4489-a68e-e01b51541d33,2024-12-17T10:16,7,189.49,Cash,Pending
f7a504cb-7914-4404-a864-31dd7a755ccf,e6cb1215-5314-4d05-bfd1-f6e5d36e89f7,2024-03-08T10:16,5,125.90,Cash,Cancelled
5f743f28-2350-4813-957f-1f4007f3eb33,e12c3d24-86c8-474f-b86b-370df36adbfe,2024-06-14T10:16,7,111.16,Cash,Pending
91453cd9-6562-48bd-9ccf-dfd9c1bab2bc,e85d0261-2d97-4475-a749-363ec9040a74,2025-03-08T10:16,7,36.47,Online,Pending
92b09503-c879-45ec-bd15-e1738a9e796d,6f61ca8e-51a1-48e0-abfa-88326e713e34,2024-09-03T10:16,3,46.89,Online,Cancelled
4eb9fdcd-7ec9-4b3d-bd1e-218be8c550c5,36b880b0-e9bd-4c0b-8f1c-32018f6c758a,2024-11-17T10:16,7,83.86,Online,Completed
6950329a-1e96-4b67-a1de-56071bc1e45b,77ca464a-fe0d-4dcc-8f08-3eb2f7b64f76,2025-10-29T10:16,3,87.06,Online,Completed
bf31ed5b-7ec4-4e81-b512-ffb7a4254611,fdb5454e-2230-489e-ade4-9218ff28cbd8,2024-12-24T10:16,6,74.10,Card,Pending
4bae5b0e-c443-41d5-9683-6436ac304040,c63bd277-c81c-40c5-8720-6ce916d653c4,2024-07-25T10:16,1,14.33,Online,Cancelled
a33e4f83-1980-47a9-a2f8-a73e5eccfbc6,05ccd8a5-ea5f-4353-bd1e-3022152b0685,2025-07-22T10:16,6,141.60,Card,Pending
16532ec9-ba82-43f0-b29c-8d6bcfead1f5,0a15d43b-8f6b-444a-bef2-ffbddfdbd16f,2024-01-13T10:16,5,61.30,Cash,Completed
4b64cea6-1fff-44d0-aeab-1a2d7b3b9375,c46351bf-193f-49af-a5d6-456188837c3d,2024-09-13T10:16,6,143.88,Online,Pending
a37b54f2-2698-44fe-8ace-50cddfe48311,e38afcd9-9e08-47ba-bc92-5ebb4bc271eb,2025-06-30T10:16,6,50.46,Online,Completed
179126a6-4f71-4fe7-b2df-cb7f5169b9cc,8e1bbe6c-7b75-46dc-8ca1-0b1664cd6ae4,2024-10-29T10:16,2,12.54,Card,Pending
9aab6835-38fe-46a7-afd0-1836e42d8999,0472ca7f-b133-4710-8f43-24a3c6c1afd1,2025-02-07T10:16,7,91.00,Cash,Pending
f07aa743-574e-400a-b695-937475595f8b,910b1d47-5c37-48b1-8bde-96c60660f1d7,2024-06-28T10:16,7,136.36,Card,Cancelled
1e2bb5a9-1c0d-479d-97b4-1990b9710cbb,93cdeef1-3fc3-4a63-a275-0ae87ae6b335,2025-01-28T10:16,5,42.00,Cash,Pending
3c9c8b4a-9bec-4450-b141-43d4063b30b6,a302a1a8-c429-406f-abff-9f273aa0a4b5,2025-01-09T10:16,8,76.64,Online,Completed
e005d4f1-0ac7-4445-840f-9a780de77de9,73a2b03c-2dca-486e-8ebc-c4d6bb68a8c6,2024-11-19T10:16,8,188.32,Cash,Completed
bf6c20f3-f346-42dc-9e7c-50c66823d16e,6aaabc79-3d35-410f-bb96-f86a3930d0ff,2025-07-19T10:16,8,171.04,Online,Cancelled
1d98b403-ae62-44ed-8959-c793d9afbf41,77ca464a-fe0d-4dcc-8f08-3eb2f7b64f76,2024-06-15T10:16,3,53.91,Cash,Completed
80081d87-3f17-4e08-9513-1c978b23bd98,3ab3404a-ee80-4ed2-8d90-a6f0dad14e48,2025-02-26T10:16,5,84.20,Cash,Pending
880e90fd-e0de-47c1-869d-f8ddf37adc1c,05ccd8a5-ea5f-4353-bd1e-3022152b0685,2023-12-15T10:16,8,46.80,Cash,Cancelled
c8d456ea-3700-413b-ac3c-be2628c447cb,92da274a-bea2-490a-bb52-196c46fa8487,2024-11-21T10:16,4,39.72,Card,Pending
e540c4b3-fa61-453f-9738-a394ec07aaab,d33bbfcd-a2ca-4e80-8a1c-65223f061e7e,2024-01-30T10:16,5,32.90,Card,Pending
ed62b3ba-fb32-44e0-b1cf-245d49205ba7,6945f6f4-b8f9-4d04-90ff-e59ed705578e,2025-07-13T10:16,4,44.20,Card,Cancelled
54c83321-4fd0-4f3f-aedc-5ddcf91f0ce4,ff4db0d8-e809-46e8-9ae0-78ffee4902d9,2024-03-04T10:16,1,24.18,Online,Pending
556978d8-9956-4627-8493-e1d9a01890be,52fbb114-83aa-432d-b2f1-f3e37a5c4754,2025-07-18T10:16,4,39.40,Cash,Pending
42d5c6ca-42ac-4372-97ec-1fc5c0aa0179,52fbb114-83aa-432d-b2f1-f3e37a5c4754,2025-07-12T10:16,8,121.44,Online,Pending
a02e4c71-26f3-4ccb-b044-945c81385e7b,4f6ae324-5b6d-47d6-a86d-26ec6fbe1e0e,2025-06-11T10:16,3,25.35,Online,Completed
14c8d020-b895-4c99-8064-00f693844a87,103fcba5-5588-45a5-9fe0-6ac948d3860e,2024-05-01T10:16,9,250.65,Online,Completed
3ea78f17-d92c-4b8f-852c-47b8399305e8,b95f7619-fab2-4df9-8683-1f2aeb93a660,2024-05-08T10:16,4,34.92,Online,Pending
538eab22-96ff-4f43-b7c2-ba88486a772c,8f7f530b-bb30-4a05-b437-744ed30af54f,2025-08-12T10:16,2,40.08,Card,Cancelled
6343857c-6b95-41cc-8b39-226e347a2900,428424b7-1f94-496a-8b7a-497ce177d32c,2025-01-14T10:16,1,13.87,Cash,Cancelled
f18fbfb2-d7ec-405e-befc-008e175aa366,3e97fc93-73a7-45e0-9888-f7a03ee258a7,2024-01-27T10:16,6,56.64,Cash,Completed
fda6fc19-416e-4344-a02b-6d52dc784dbe,a938df5f-7764-459c-8bfd-90409d16b3c6,2025-09-26T10:16,9,231.03,Cash,Cancelled
69720653-95c4-428b-8f53-d0d1855b07af,795088d7-d227-422e-ad8c-f048bde0675e,2024-12-10T10:16,3,38.34,Cash,Completed
f60374eb-fec4-4623-9e58-9c86e91ee019,6c3bf618-a715-40f9-9faa-cfc5f5beef2f,2024-06-30T10:16,8,116.40,Cash,Pending
472aad0e-f1c2-4a4c-beba-584ac039a374,ebe19120-496a-47fa-87eb-2440212a3363,2024-11-11T10:16,8,122.72,Online,Pending
8a4d2acc-4ea3-4252-8049-3080f4feba8e,caca465c-e9f2-4add-91b5-24c70595e321,2025-06-06T10:16,6,60.66,Card,Completed
7996f6ac-d252-43ba-b9a9-c32cae6890ae,b03f75c1-655f-4480-a2bf-1a0af806e96e,2025-02-23T10:16,3,76.62,Online,Pending
81a45722-7488-4b33-a68b-3e883939c86f,401a6911-a31e-4892-adc1-56e3e1eb090a,2025-07-21T10:16,6,36.12,Card,Pending
923685e3-96ac-4ebd-ba27-ec2e48d209ee,0b2a0e9a-e050-4380-b607-57adcbbf59d4,2025-10-14T10:16,4,79.08,Card,Completed
6f146c8d-a2e9-4160-a633-31b09486a1d5,953417c6-cd52-45e9-9ca0-bb450653c934,2025-04-17T10:16,3,63.24,Cash,Cancelled
d21d06f5-2362-4433-bca3-f105d65ca147,1407e9cf-22c9-4137-a2fe-cc12dc038235,2023-12-14T10:16,8,113.36,Card,Completed
faeba7db-ba83-49f2-8c0f-76cbc828c247,3dcaabe3-78c9-4d88-bed5-56ca7ceea07c,2025-04-07T10:16,9,64.62,Online,Completed
8fb69cd8-297c-4c18-bcd7-1da593e05a8b,f543de06-e341-4de2-95ab-ca0fd3ee51fe,2025-06-27T10:16,3,51.45,Online,Completed
30804f41-d201-4749-b5db-0946a29ca1b6,4f6ae324-5b6d-47d6-a86d-26ec6fbe1e0e,2023-12-23T10:16,1,23.73,Online,Pending
083fff6f-bfef-427a-8162-4611325be023,e886c155-0dae-4b36-88f5-a86fa474d1f6,2024-12-25T10:16,8,121.60,Online,Completed
02d7c990-130b-4efa-976b-7a7b775ab89d,c83bba2f-5229-4998-9566-1f3179b13e8a,2025-01-02T10:16,6,132.84,Card,Cancelled
2e6172fe-37b7-4bf5-a51b-7922caed1a59,67c276b0-7be6-4f3c-bf86-c342095c8112,2024-03-13T10:16,2,30.44,Card,Completed
5f6c7b17-b0ba-4db4-ad72-63b2e258d566,11526850-7335-463f-b740-a52a90457c3b,2024-04-19T10:16,3,23.10,Cash,Completed
926af651-01c8-4a73-a62e-4a5b18d4efa2,93cdeef1-3fc3-4a63-a275-0ae87ae6b335,2025-11-06T10:16,8,77.52,Card,Pending
d6697fca-624f-4f43-8420-2f90209117c1,983d66ae-c8b0-46b8-8abc-26a1055cf729,2025-02-20T10:16,8,49.28,Card,Cancelled
c42c4706-beb9-49ba-88c1-1ccff4c9a2ef,0a570207-0f70-467f-bbeb-44a0a60a9a25,2024-03-08T10:16,3,76.14,Online,Pending
5f7774b6-5823-4c2e-8b8a-9ef46eb37e22,726d71e2-70fd-4416-8568-78619c14a73a,2024-06-03T10:16,5,50.35,Card,Pending
8e427d47-4bdf-4cba-b0ec-d3d698663e31,26d032f1-9fe9-487a-987a-a8be14e1db05,2025-08-24T10:16,6,106.92,Cash,Completed
c2c25d1b-809f-4574-bf14-015c652f3d28,caca465c-e9f2-4add-91b5-24c70595e321,2023-11-30T10:16,1,19.76,Cash,Cancelled
ce6cd7e1-9d17-480a-9195-0ded3440e36f,aff4340c-d102-49ba-af8e-84d2737ce82c,2023-11-26T10:16,3,20.85,Card,Pending
9335fa24-d12f-4185-8d33-5d663572d999,726d71e2-70fd-4416-8568-78619c14a73a,2025-07-06T10:16,7,80.64,Card,Cancelled
788d2d0e-a586-42a4-bec5-9ea09aeed4a4,7d2df59f-386d-4aec-85a8-2443262a0cb4,2025-03-07T10:16,2,54.46,Card,Cancelled
290fbb35-539c-4789-90ec-2aca33fb71dc,80537cf2-360f-4740-8b7e-d4cd56e22987,2025-05-25T10:16,8,93.52,Cash,Cancelled
7a4c3a76-207e-47ee-a1a4-8de5938d56e7,68169a66-a8d4-4763-914e-7befc826445b,2025-01-14T10:16,8,50.40,Cash,Completed
2dc0589a-f6f4-427d-8e53-a4082ff8f375,93cdeef1-3fc3-4a63-a275-0ae87ae6b335,2024-05-05T10:16,1,19.21,Online,Completed
e1827d5c-3193-44b6-ab46-fee184c91655,1eeb9c5f-5b7a-47af-b4f1-5a50d9d1089c,2025-05-22T10:16,8,117.44,Online,Cancelled
fc6d4c62-e4cc-4501-8725-676212552766,e85d0261-2d97-4475-a749-363ec9040a74,2025-08-24T10:16,6,68.04,Cash,Pending
ac9602ab-9456-4d7c-81f9-0cb3c823df1a,10b26c2d-7d56-4175-84a8-a2775e128a9d,2025-08-20T10:16,8,86.96,Online,Completed
f4fcd8d6-7b3c-4b42-a872-22c8c01b790f,e277d099-db2a-4aee-ab86-8b0e73a34383,2025-05-29T10:16,7,68.74,Cash,Completed
b91878fc-493a-4918-a0f2-0beecca4cbce,3910ab11-8758-4a4f-8a9b-c4f5df7413c4,2025-10-27T10:16,3,36.66,Online,Pending
19371a6c-5dd5-40b6-bfbe-b6a757161a7f,b047b369-02d0-4f25-9af0-f1e883228863,2024-01-09T10:16,8,228.32,Cash,Completed
af90a2c0-0b80-4c83-8f88-b398aafefb86,bb6bf39c-f455-4e08-a59e-1bdaaa91d4aa,2025-07-08T10:16,8,115.36,Cash,Completed
d0e59b38-2f5c-4e0d-9e60-e6d46049c40e,5f0f3def-9ff6-4282-ad04-001c4a769966,2024-08-15T10:16,1,27.03,Card,Cancelled
9140cdb2-2a52-4efb-935f-8260578de786,e7991221-0de0-4ef8-aa9c-ca3b59197059,2024-12-16T10:16,3,47.34,Card,Pending
4855da8b-1bf3-4ff2-94f5-f0b9dce77cbc,73a2b03c-2dca-486e-8ebc-c4d6bb68a8c6,2025-09-05T10:16,8,74.40,Cash,Completed
fbe0a5fe-8222-4616-8b3e-39affeaad455,92da274a-bea2-490a-bb52-196c46fa8487,2025-07-04T10:16,7,146.86,Cash,Cancelled
c0a20799-4b0e-4f2b-ba37-e0466bf5716d,9c53f3f8-5b22-4d77-bd76-cfa6c70e443c,2024-03-29T10:16,4,105.24,Card,Pending
4ce6de71-43b7-40f2-a7ec-a336fd4390d8,c3ffc43c-0c11-40fa-9824-f234161741d0,2024-10-07T10:16,1,10.82,Online,Pending
ec825138-5c38-4acc-a585-463b4b15dbe2,f6c35464-33dd-44a7-bf84-071f2e427045,2024-08-09T10:16,9,111.06,Online,Pending
2cd30e61-1371-4e95-ab45-f8fb099981d3,b0d737cd-ec4b-4a88-aa81-d012ef3fb719,2025-11-01T10:16,8,212.96,Card,Pending
513c7861-b2a2-4491-9c25-57289eedadf6,65b2c0ea-6192-47fc-9286-2c1dd3ecefb1,2024-06-29T10:16,9,237.87,Card,Pending
6b1cd315-1f77-4678-9dc9-8cddd1d378b6,824998a2-7592-4051-ab0b-d5e12743c93b,2024-10-16T10:16,3,69.42,Cash,Pending
fe89cbbc-fda0-4195-903b-52bd2958a6d5,e12c3d24-86c8-474f-b86b-370df36adbfe,2025-06-04T10:16,5,66.75,Cash,Pending
5fd5a3d7-d09b-4f6e-9fc1-2d0ed93923f5,941529ef-2114-4bff-907a-4596ff4593a1,2025-06-25T10:16,8,53.44,Online,Cancelled
bf37c029-133c-4af4-89e0-b8a7b70c40c8,6e6d2c67-f7fb-4a98-8f9a-4822259b25c4,2025-04-19T10:16,2,25.34,Cash,Completed
fcecbbba-16b6-431e-b201-6235d7584fb8,726d71e2-70fd-4416-8568-78619c14a73a,2025-01-22T10:16,9,80.64,Online,Cancelled
886a9f10-982d-461a-be45-57f9f5a0bace,ba5d9947-b043-4aca-8ee0-6b77895cf8e8,2025-05-12T10:16,4,31.64,Online,Cancelled
a4032f4e-694d-488a-9637-fe7ad8d6c18c,25659c0e-6eb5-4c57-add8-fb6ac5f42699,2025-09-16T10:16,9,214.29,Online,Completed
8b0b2cc5-9d86-4ee0-9cae-ec94738da9d1,f3826f04-0dfa-4266-8002-58fede0093f5,2024-07-25T10:16,1,27.88,Card,Pending
4c1cbb67-81ea-4504-9f0b-61f698b75850,d6d4ef4b-0870-48aa-b884-013237f255f4,2023-12-24T10:16,1,11.62,Online,Cancelled
e8011f93-067e-4535-b5ea-e0b175ecf212,bb9edfa8-17f7-4f6f-8e3b-616693a298b1,2024-07-25T10:16,6,43.98,Online,Pending
f5c8427e-35c1-4a56-ac24-e776811f02cf,050d9901-1cb5-413a-9c31-282028f863c1,2025-06-22T10:16,1,19.05,Cash,Cancelled
92e5bb1d-0ca2-4de9-9136-9188e7b5c812,0a0ac3e5-6e20-4fbc-87ec-5481c70e38bc,2025-03-09T10:16,7,127.61,Card,Completed
7571d0ec-9461-449b-a8f0-a4348054c273,6c3bf618-a715-40f9-9faa-cfc5f5beef2f,2024-08-16T10:16,8,118.56,Card,Cancelled
3eec29d8-1ad6-4b96-9601-8bd2ea9e3c32,0e0d5f13-edd5-4ab0-9ddd-3df111bedc5a,2023-11-15T10:16,3,48.51,Online,Completed
53369e6b-8292-42ee-8ed6-d643d8df8ada,ff4db0d8-e809-46e8-9ae0-78ffee4902d9,2025-06-27T10:16,8,202.88,Online,Completed
f7e897c1-0104-4338-831e-2f8103257eb2,941529ef-2114-4bff-907a-4596ff4593a1,2024-09-17T10:16,1,29.55,Online,Pending
73df16ca-4ed9-493d-bc99-49a1ca9eb3ed,d33bbfcd-a2ca-4e80-8a1c-65223f061e7e,2024-02-14T10:16,1,29.20,Cash,Cancelled
a8fe5418-dfea-45cb-88ad-2f6b91ab4549,050d9901-1cb5-413a-9c31-282028f863c1,2024-06-16T10:16,6,57.72,Card,Completed
92939c2b-f984-4c11-90cd-60edf13e25da,d6d4ef4b-0870-48aa-b884-013237f255f4,2024-10-03T10:16,9,193.14,Card,Cancelled
5d1e1ff4-fb8c-4ce4-802a-b20f531a1315,98b17fed-218c-4f20-8410-9f0edfc74455,2025-02-28T10:16,2,36.78,Online,Cancelled
6c194350-cfe7-445a-a32c-9544dc8bb939,485b65e7-fdf4-474d-afba-37986d8d3cd8,2025-07-11T10:16,7,85.40,Cash,Cancelled
dca871d0-186a-4d60-ac7a-87dac698285b,205ea7f7-e714-45b8-a083-11247ff702a1,2024-10-20T10:16,2,40.42,Cash,Pending
0b32bf41-4392-457a-ae74-3f14e56bbcb1,485b65e7-fdf4-474d-afba-37986d8d3cd8,2024-02-25T10:16,5,99.60,Online,Completed
2e80211f-0a21-4ed9-bed2-197e96c05ec6,b95f7619-fab2-4df9-8683-1f2aeb93a660,2024-07-02T10:16,3,18.45,Online,Cancelled
bdf2909e-0f1b-4fc2-8ae2-ae179fccc1b8,ba5d9947-b043-4aca-8ee0-6b77895cf8e8,2024-05-07T10:16,7,60.55,Online,Pending
392dd06e-143d-4650-8a1c-bc4d8477ae25,aac35608-9499-49c5-811a-a059e773c968,2024-06-04T10:16,9,122.85,Card,Cancelled
62280bfb-25ef-41cc-83db-efdba3e82abd,515fe1d2-d33a-4b9d-8c19-07e0cbe81a9a,2024-04-04T10:16,8,110.88,Online,Completed
2311807e-58c6-459c-be01-67afbe7b0577,205ea7f7-e714-45b8-a083-11247ff702a1,2025-02-12T10:16,6,77.76,Card,Cancelled
abfe94b9-6b00-4cbe-9182-f6ec2ad5bd5a,11526850-7335-463f-b740-a52a90457c3b,2025-04-06T10:16,3,23.34,Card,Cancelled
1963069b-ee71-4cfb-baf1-a7a568ea0e64,3befa4dc-d961-4a3a-9410-d43d1bdaa335,2024-12-11T10:16,1,22.63,Cash,Completed
68bf73ea-a941-463d-a60b-5cfbfca3b782,bf0de251-90d7-423c-8b31-48df1a89964f,2025-03-29T10:16,2,25.74,Online,Pending
bec4469f-3045-4943-beac-7c2765a4af6b,52f5634d-de98-4543-8a1e-cbf1e2d0242f,2025-09-17T10:16,1,13.48,Card,Cancelled
3462cbb7-fb21-4347-b949-e3011541a9db,b04ce307-2d1f-4214-b023-d8f4379041a1,2024-03-03T10:16,8,119.44,Card,Pending
eca4b6fc-649e-43e8-a5f0-f378c8e3cdf4,5d6f84a5-a4de-442e-99b9-b8ef714b4436,2024-08-09T10:16,8,94.00,Cash,Cancelled
31346eb9-8f5c-4f7c-b22a-21fda83b36bd,c3ffc43c-0c11-40fa-9824-f234161741d0,2023-11-27T10:16,8,191.92,Cash,Completed
1d0f0e79-4263-48bb-ab6a-fdb558512dfb,9305d562-2505-493d-8ed8-3fb721c8f491,2024-01-22T10:16,2,34.04,Cash,Cancelled
f5268ae2-6ca1-44b6-9f52-f0c48a7f8eb3,cf65c4b6-4c1c-420b-95de-23e5b56ffad5,2024-09-11T10:16,4,85.20,Cash,Pending
afe23e0d-d61b-4c9a-a3b5-b9956fa086ce,964d337f-acd5-4ca2-8843-9be3f2eb60fc,2024-05-05T10:16,9,179.64,Online,Cancelled
5943f3a7-0ee4-4726-ae72-608a68a2b969,050d9901-1cb5-413a-9c31-282028f863c1,2025-07-14T10:16,4,89.72,Cash,Pending
6b583143-5c15-4d12-9b84-b06f7b527260,f543de06-e341-4de2-95ab-ca0fd3ee51fe,2023-11-17T10:16,9,110.07,Card,Cancelled
60f91d59-b1a5-44c4-b6e2-e6ebfb946333,f90cf3ca-e2d0-4129-bc7a-e8a2b80880da,2024-12-02T10:16,2,56.58,Card,Pending
80ddfdd2-67b6-409f-86a3-825f98013b8b,fdb5454e-2230-489e-ade4-9218ff28cbd8,2025-06-06T10:16,9,156.60,Online,Completed
3386cafb-024a-418b-a136-8930734607e3,7d2df59f-386d-4aec-85a8-2443262a0cb4,2025-02-01T10:16,5,81.25,Cash,Pending
04a88d0a-a4e6-412f-8b07-ff9817d8570a,d5cfb1a3-ce2f-4aff-ab4c-50e0c5426af1,2025-04-15T10:16,5,122.05,Cash,Cancelled
cd03fbb6-9593-4873-aaed-7b5c8d9674c7,98b17fed-218c-4f20-8410-9f0edfc74455,2024-02-14T10:16,2,48.38,Cash,Pending
53473827-7c4a-4c42-a09c-fdd93c1fb592,8b115a34-224b-453c-be69-b53a7445b466,2025-06-13T10:16,7,112.28,Card,Pending
8e80d583-b6c1-44d0-bdbd-5bb2d95ca313,bc58b12c-65c4-4f21-89ef-3e492a22ef7c,2024-12-11T10:16,7,43.54,Card,Cancelled
d426e6c2-0683-4608-9ae4-50ad6602fa4c,9fa382f0-8393-48db-ad30-43c953282401,2025-06-21T10:16,3,87.90,Online,Cancelled
291abde1-f3f5-431a-95b5-4c01558bd08c,941529ef-2114-4bff-907a-4596ff4593a1,2024-01-14T10:16,8,54.24,Card,Pending
9b2b5b84-5da8-4012-b431-dc47481eaa44,b04ce307-2d1f-4214-b023-d8f4379041a1,2025-03-11T10:16,3,38.46,Online,Pending
138e5df3-bc5e-4922-96f0-abfcca025e5f,5f6e51da-5f01-4c9a-85dd-7d50ef37e5d7,2024-02-29T10:16,4,84.16,Online,Cancelled
3b76df75-bfac-45da-ac45-213c85c8d3f7,e6e1db85-f8ba-4264-9c9a-520ecda4bc4c,2025-09-23T10:16,9,248.67,Card,Completed
03914d59-4f2e-4ee5-b2d1-1a05180b007e,e277d099-db2a-4aee-ab86-8b0e73a34383,2023-12-08T10:16,8,152.88,Cash,Cancelled
513fc36b-ecb0-4030-8de5-ea5322988dd9,0dd437d0-74fa-43c3-8909-5c955e4d47dd,2024-01-28T10:16,1,29.73,Online,Cancelled
9fd239e3-318e-4a6b-8c52-d58aa8ce1faf,3befa4dc-d961-4a3a-9410-d43d1bdaa335,2024-11-23T10:16,9,97.92,Online,Completed
e7326a20-eb18-466a-b474-3eb77598e7f4,4b14a58c-f1e4-40b6-888d-a88cd7055099,2024-04-27T10:16,6,141.42,Online,Pending
4852d45f-4260-45fc-9b38-6452bb3606cf,885715b6-b1eb-44ca-8460-28c0343e56f3,2024-04-20T10:16,4,32.72,Card,Cancelled
620fe844-0e1a-4b84-9800-19b919410869,9c53f3f8-5b22-4d77-bd76-cfa6c70e443c,2024-01-11T10:16,8,200.48,Online,Completed
2caf633a-c566-447b-84ae-5f87b4ca642a,5f0f3def-9ff6-4282-ad04-001c4a769966,2025-06-04T10:16,9,122.22,Card,Pending
43237bbe-4549-450a-888e-1e476a5a1ee7,a3f626b9-cc27-4c04-8570-be79ab8bda4a,2024-07-22T10:16,4,110.20,Online,Completed
936b51a6-eb0a-4792-a741-398b02e6d537,89d26a00-0fde-4c03-8430-b06f6bc3f33a,2024-08-28T10:16,6,120.78,Card,Completed
c32cc245-d076-45a8-8dd0-09d67bf9c752,bb9edfa8-17f7-4f6f-8e3b-616693a298b1,2024-10-31T10:16,4,32.28,Cash,Pending
cc17dc60-5852-4b8d-a92d-14cf76fabd38,205ea7f7-e714-45b8-a083-11247ff702a1,2024-01-11T10:16,2,19.46,Cash,Cancelled
60432a30-49f8-4d0b-9064-bff5e4466890,6aaabc79-3d35-410f-bb96-f86a3930d0ff,2024-09-27T10:16,6,31.20,Card,Cancelled
2b910be2-e57b-4840-8687-18b1afc60731,11526850-7335-463f-b740-a52a90457c3b,2025-04-22T10:16,7,42.77,Cash,Pending
255c98f7-0ba2-457a-b625-20b4938017e9,a3f626b9-cc27-4c04-8570-be79ab8bda4a,2024-12-24T10:16,5,125.75,Card,Completed
a9b65f4e-51b9-496c-934d-54d4b75503b4,8e1bbe6c-7b75-46dc-8ca1-0b1664cd6ae4,2025-10-07T10:16,9,195.03,Online,Cancelled
a5bf5318-7e52-48b2-aff7-ff4c88abdc2b,d7af10ce-45c9-4fc8-8dd8-b1c5491aad5f,2024-04-16T10:16,1,12.39,Cash,Completed
28f36c83-6e10-4811-9057-1493af1f2351,0130fcd4-a6cf-4a72-8400-7bcae1abce34,2025-11-02T10:16,8,131.28,Cash,Cancelled
001a5ce4-efb7-45c5-b08f-bd5b04353a87,d5eaf6a7-76cc-48ec-98d9-ba713e2df70f,2024-10-08T10:16,5,70.90,Cash,Cancelled
7b8d9726-0b1b-41d3-ad85-c7a0cabe9307,fdb5454e-2230-489e-ade4-9218ff28cbd8,2024-03-21T10:16,5,142.25,Cash,Pending
a5c1119c-eb09-4c14-9544-aeb82c8e51d7,e277d099-db2a-4aee-ab86-8b0e73a34383,2024-06-05T10:16,7,163.80,Cash,Cancelled
9cced4f9-3912-4f80-9201-a7c0af74642d,21edfc22-3f73-4335-a774-3cf78ab65e86,2025-06-24T10:16,2,14.90,Online,Cancelled
0a33da7a-4751-4fa5-8143-37db41d651c3,00d7ae70-0f46-4453-963c-4ab2a3d29314,2025-05-20T10:16,8,209.28,Online,Pending
dccdee96-d0ea-421e-8283-edf86549933d,d6d4ef4b-0870-48aa-b884-013237f255f4,2025-10-14T10:16,3,49.08,Online,Completed
3eff2362-9175-40dd-9c67-b7b615568856,6e551d53-4f6d-4b84-a9de-3d7c79694805,2024-07-23T10:16,4,108.44,Card,Completed
aedf3763-1729-4613-a8ff-9a6083fb2cea,aac35608-9499-49c5-811a-a059e773c968,2024-08-16T10:16,4,21.52,Online,Cancelled
3ffb42d9-3f18-40a8-a3a0-7ec530c409de,00d7ae70-0f46-4453-963c-4ab2a3d29314,2025-02-08T10:16,1,19.58,Online,Pending
cf051875-c0a2-4d75-ae7f-05aacdaee328,3910ab11-8758-4a4f-8a9b-c4f5df7413c4,2025-02-25T10:16,6,175.80,Cash,Cancelled
b2914feb-1026-486c-bb26-b61554234181,60cd80b6-3967-4dae-b4df-adc7b5644971,2025-07-27T10:16,8,92.72,Card,Pending
039c5a7a-b91a-4faa-b462-528a21d28adc,6117b6f0-c4f4-4bf1-9eeb-f33950decba8,2025-01-14T10:16,3,55.92,Online,Pending
34234258-6e1c-4187-9481-55562f63d4f3,d33bbfcd-a2ca-4e80-8a1c-65223f061e7e,2024-10-09T10:16,5,134.55,Card,Cancelled
8f4baa70-aae2-4347-880a-d657ae75991b,0a15d43b-8f6b-444a-bef2-ffbddfdbd16f,2025-09-02T10:16,9,121.59,Card,Cancelled
62d15ba0-ad46-435e-8cfc-cb4f3a5fd976,e886c155-0dae-4b36-88f5-a86fa474d1f6,2024-07-22T10:16,1,17.47,Cash,Cancelled
428c7b74-9aab-41d8-aa56-fd8442fd2895,ec3490d2-e8da-47ee-ae12-0ca0b1d7a2bb,2024-12-12T10:16,2,30.44,Cash,Completed
adb5cf41-c652-4db6-8c03-c781ef200099,27e45431-1333-4ffd-a0c8-be56ffdc5d4e,2024-12-03T10:16,5,92.80,Online,Pending
3ae72eff-bcd5-4903-bb15-9abb24074268,a5ffc907-be77-43e6-8694-4a0bf09bd3fb,2024-02-27T10:16,9,68.22,Online,Completed
3c8c7fed-b441-4108-8bf0-f17aed7c6483,6e6d2c67-f7fb-4a98-8f9a-4822259b25c4,2025-03-24T10:16,5,61.80,Cash,Cancelled
766583dd-1edf-42b8-8e0b-43922ef5b07d,205ea7f7-e714-45b8-a083-11247ff702a1,2025-09-26T10:16,4,67.56,Online,Pending
33a3b840-48b4-4008-999e-62e065433a7c,8f7f530b-bb30-4a05-b437-744ed30af54f,2024-02-25T10:16,8,72.56,Online,Completed
66459fa3-1d24-4853-a439-38cabd28b3c2,b3688304-b24b-416a-9bf4-c2b6aaeb59d3,2023-11-21T10:16,4,48.76,Cash,Pending
6b2c1407-33db-4915-8dbd-6cc229622078,4f6ae324-5b6d-47d6-a86d-26ec6fbe1e0e,2024-11-21T10:16,9,154.53,Cash,Completed
8e58f82d-c44f-43d1-9ac6-326fa2fa4201,26d032f1-9fe9-487a-987a-a8be14e1db05,2024-04-19T10:16,7,182.07,Online,Completed
162b5ad3-49a4-4a3f-9fe8-0d1130012090,4739f27f-7a96-4d52-83ae-0c6fd4c8c606,2024-04-20T10:16,3,66.93,Card,Cancelled
44ab20e9-6225-4ffc-a87d-3f88e6a763d3,050d9901-1cb5-413a-9c31-282028f863c1,2025-10-01T10:16,4,94.00,Card,Cancelled
78a99f57-3108-42a1-ab67-671a8f5926d7,b3688304-b24b-416a-9bf4-c2b6aaeb59d3,2025-04-05T10:16,2,41.20,Card,Pending
de8b1025-aa97-44e9-9bf9-894340f0a723,bf0de251-90d7-423c-8b31-48df1a89964f,2024-06-02T10:16,2,17.44,Card,Completed
a18373ae-7f23-4af1-b254-9f5d72abe6bb,cf65c4b6-4c1c-420b-95de-23e5b56ffad5,2025-01-03T10:16,1,20.82,Card,Pending
41d29723-8b20-4e0e-8510-0f692520128e,ff4db0d8-e809-46e8-9ae0-78ffee4902d9,2025-09-17T10:16,4,72.60,Card,Cancelled
bd69bb14-cfcc-4bd1-9732-ff828d1e5e2e,885715b6-b1eb-44ca-8460-28c0343e56f3,2024-09-28T10:16,7,185.57,Cash,Completed
f3673e4c-05cb-4b60-95ce-2c21825088c5,b95f7619-fab2-4df9-8683-1f2aeb93a660,2024-03-19T10:16,3,54.66,Online,Completed
db37a727-b39e-4a2c-b496-e511b37fb78c,ef7fad1f-a86f-4ee1-95b4-ce1f339f0fa5,2025-04-20T10:16,7,55.30,Online,Cancelled
c1f825d8-3631-40b3-bcf0-71875162fd58,8250871a-2b35-424e-a1a1-4eb4faffabfb,2025-05-03T10:16,4,95.16,Online,Cancelled
2f6d6fc5-c296-43ce-8dc5-256a70eb7f22,b6c26110-1b77-4777-8c79-c69ec19b66df,2024-08-25T10:16,8,69.84,Online,Pending
6cc3a977-28f4-4d8e-b961-deaa421ab55d,401a6911-a31e-4892-adc1-56e3e1eb090a,2025-03-03T10:16,8,221.36,Cash,Completed
5e7becca-fe16-4301-99ab-8023c3304f59,cb8747c7-32ca-4b6b-868d-13ab01d953ec,2025-02-05T10:16,4,85.08,Cash,Completed
cf5c8297-fe4b-4a1a-858e-1bf374255cc9,d5cfb1a3-ce2f-4aff-ab4c-50e0c5426af1,2025-04-06T10:16,1,22.24,Cash,Completed
75463fe3-34cb-4ffa-a9d1-5b2a7c36f22b,1d32c3b3-c732-4995-aa6b-ff159deb3bdf,2025-01-28T10:16,1,7.58,Online,Cancelled
a96d899c-d5e8-48b0-93af-86277fd6c80e,fdb5454e-2230-489e-ade4-9218ff28cbd8,2025-07-15T10:16,4,111.40,Card,Completed
73a1aba7-708d-4f41-bb93-bf3240d458e4,8b115a34-224b-453c-be69-b53a7445b466,2024-10-11T10:16,7,122.01,Cash,Cancelled
77e48ee7-e2dd-423e-8d58-ab9116bfb175,795088d7-d227-422e-ad8c-f048bde0675e,2025-02-24T10:16,8,205.20,Online,Cancelled
d14c4da9-9882-473e-a5f5-3976e491a596,98b17fed-218c-4f20-8410-9f0edfc74455,2024-09-17T10:16,5,32.00,Card,Completed
9723e1f4-4311-4fb6-b2da-1a059efa5a01,5f6e51da-5f01-4c9a-85dd-7d50ef37e5d7,2024-07-12T10:16,5,50.70,Online,Pending
2bb83073-c7c4-4cf8-83e0-28f5a201cb1a,7a18d550-38d0-40b2-84a7-547162e7e409,2023-11-15T10:16,7,102.83,Online,Completed
9b11ede3-8738-4b19-91ae-088a12a3ba49,a5ffc907-be77-43e6-8694-4a0bf09bd3fb,2025-01-20T10:16,8,192.72,Card,Cancelled
cf84b9c7-ed9f-4787-b801-c5621725ac1b,59827b2a-ae17-44b1-bd6f-6f08718559cb,2024-01-26T10:16,2,36.16,Card,Cancelled
e52fcf38-db24-406e-8bd3-94d26c7c0d80,3befa4dc-d961-4a3a-9410-d43d1bdaa335,2024-01-09T10:16,2,35.84,Online,Completed
38d771de-4896-438a-8074-3aac5cbef70a,824998a2-7592-4051-ab0b-d5e12743c93b,2024-09-03T10:16,6,146.22,Cash,Cancelled
f06c0aa0-6f2e-4f15-8f93-c65b2bdd32c9,0e0d5f13-edd5-4ab0-9ddd-3df111bedc5a,2024-07-16T10:16,4,59.96,Online,Completed
64b79c1d-139e-418d-ab17-7816f1e4803b,60cd80b6-3967-4dae-b4df-adc7b5644971,2025-03-18T10:16,1,24.46,Cash,Pending
10a2776c-4cf7-4a68-89c0-16e8bbf9bca1,1407e9cf-22c9-4137-a2fe-cc12dc038235,2024-03-21T10:16,5,94.35,Cash,Completed
b2b3a04c-ad64-4204-8923-be2f9ee3661d,f0a6a958-e434-41bf-a830-dffa55a34db5,2024-07-24T10:16,2,48.42,Card,Cancelled
662691fe-62cb-4930-bc02-692a9c15ced9,b047b369-02d0-4f25-9af0-f1e883228863,2023-12-28T10:16,5,58.65,Cash,Pending
5ca117c2-1ca1-44bb-988c-b6b21f0f45b0,4e6807ca-aed8-4ec9-b1b0-0e3aba57efb1,2025-10-12T10:16,8,196.56,Card,Completed
fd211dfe-ae60-494c-bac2-0b47a0916275,bb9edfa8-17f7-4f6f-8e3b-616693a298b1,2024-06-19T10:16,7,86.94,Online,Completed
46c794a0-8c71-48f7-851a-2a6d6db49fb7,e12c3d24-86c8-474f-b86b-370df36adbfe,2025-10-01T10:16,8,71.92,Card,Cancelled
6b09a392-2e2d-4b9f-b42d-2d61feac30af,d3f641e5-b8b5-4f5f-9155-7768df2033e8,2024-04-14T10:16,2,55.20,Cash,Pending
1778de1a-7e7a-4048-928e-74890614ae67,d3f641e5-b8b5-4f5f-9155-7768df2033e8,2024-04-17T10:16,7,97.51,Cash,Completed
745092f3-57c9-4a99-946c-c3559cd73698,c3ffc43c-0c11-40fa-9824-f234161741d0,2025-05-25T10:16,3,20.28,Cash,Cancelled
78a76dbd-e548-42d8-bb54-b6ec51ca7001,d7af10ce-45c9-4fc8-8dd8-b1c5491aad5f,2025-02-25T10:16,5,73.55,Online,Pending
3aae2eeb-f4ab-4963-8aed-97e2b74aaecc,5eb75bc0-d5fa-4209-9d42-7767f3f0585b,2023-11-20T10:16,7,186.34,Online,Pending
9d26da5d-6493-42cc-bc8b-b0dbd5112501,d87f31d7-79ef-4c17-856e-142e791b04da,2025-08-24T10:16,4,101.48,Online,Cancelled
34149ff8-2aaa-497b-a800-f72054486eec,c83bba2f-5229-4998-9566-1f3179b13e8a,2024-12-01T10:16,3,15.42,Online,Completed
1f16a480-dd56-418a-9b4a-0390a41f6801,1a31c678-d420-495a-aff3-0f1609514e1e,2025-06-09T10:16,6,69.72,Card,Cancelled
3d7d6c0c-16fc-4c14-940e-d409f33d22e4,00d7ae70-0f46-4453-963c-4ab2a3d29314,2025-02-19T10:16,1,10.03,Online,Cancelled
507f4177-8509-4713-98ab-d63d7f464d40,2c6dafc9-06cc-4b3d-8b8d-12aae0644c58,2024-01-21T10:16,5,50.40,Card,Pending
2c67d788-fdf0-4a42-a79c-f6f129d98533,90f0db1e-2b19-43f7-ba17-233c7c214eca,2024-09-10T10:16,6,178.98,Online,Cancelled
f955bc3e-0af7-4eb5-83a7-73f034676bf8,5f6e51da-5f01-4c9a-85dd-7d50ef37e5d7,2024-08-26T10:16,2,48.54,Card,Cancelled
f3d3a3e7-b6e2-44b9-95c0-8c36b7a94244,f90cf3ca-e2d0-4129-bc7a-e8a2b80880da,2024-08-10T10:16,7,84.35,Cash,Cancelled
f0bb41a1-90d2-4b88-b7cb-b36b17309bbc,0e0d5f13-edd5-4ab0-9ddd-3df111bedc5a,2025-06-25T10:16,9,217.71,Cash,Cancelled
064d9649-9700-4424-ba93-74b6c628739e,c9dcc28a-ae5f-477c-ae7e-72d94129f449,2024-07-08T10:16,6,169.68,Card,Pending
7b6a5726-1158-4e8d-ba36-7825c90fe405,69446e90-4237-4410-ab55-e011eb04cce0,2025-03-02T10:16,4,46.08,Card,Completed
1c34f7d5-647d-4bda-9e97-4cfa96ef39dc,56a75a3e-a944-4147-8cba-f1024726993f,2025-03-26T10:16,6,130.08,Online,Cancelled
0a534293-0dea-46c6-bc1b-733aaba0a69c,103fcba5-5588-45a5-9fe0-6ac948d3860e,2024-09-05T10:16,4,119.64,Cash,Pending
cd2dcd35-e412-4498-8cb3-67e1ce5ed57b,d3f641e5-b8b5-4f5f-9155-7768df2033e8,2025-02-21T10:16,7,192.29,Online,Pending
1c9039b8-2e64-4654-aba5-fa571a6ce0c2,b95f7619-fab2-4df9-8683-1f2aeb93a660,2025-07-05T10:16,7,200.62,Cash,Completed
42e01ff0-860b-4f59-b951-45c4a0456ccf,caca465c-e9f2-4add-91b5-24c70595e321,2024-05-11T10:16,6,64.26,Cash,Pending
4d0af77e-6324-4cba-85a3-1093ffbea504,d33bbfcd-a2ca-4e80-8a1c-65223f061e7e,2024-01-18T10:16,1,27.07,Online,Pending
ede1796f-6f52-4f13-a37d-0bb4ce6352b1,80537cf2-360f-4740-8b7e-d4cd56e22987,2024-07-01T10:16,3,53.79,Card,Cancelled
d870410e-487c-462c-94b8-f6dc232aee33,e277d099-db2a-4aee-ab86-8b0e73a34383,2025-10-15T10:16,1,10.93,Cash,Pending
bd96c05b-08d1-402e-8c5f-3ffc1bb38e06,d6d4ef4b-0870-48aa-b884-013237f255f4,2024-08-26T10:16,4,65.08,Online,Completed
2f284458-9427-4cf8-a15a-e00734897489,8b546c63-5406-493d-bc69-cfb594b38267,2024-09-09T10:16,6,108.36,Card,Pending
8553390d-d85f-4742-8557-bb8feef600cf,e85d0261-2d97-4475-a749-363ec9040a74,2024-08-10T10:16,5,76.45,Card,Pending
50e3fa07-e13b-4b30-bed0-68e93f38c06b,71f17b36-2c37-4cfa-bf8a-894fa94c0e9b,2024-05-18T10:16,8,142.08,Online,Cancelled
7c9c47b0-dddd-49f4-bd37-007f06070236,6c3bf618-a715-40f9-9faa-cfc5f5beef2f,2025-05-25T10:16,2,37.14,Card,Completed
4fcaf63e-4344-4072-b673-1d08a3f49c57,f90cf3ca-e2d0-4129-bc7a-e8a2b80880da,2025-09-12T10:16,4,53.32,Cash,Completed
29ccc545-0a85-49f2-8e21-fa347b263619,ba5d9947-b043-4aca-8ee0-6b77895cf8e8,2023-12-19T10:16,6,130.98,Online,Pending
e9f59d5d-ff31-425b-bed4-4cc69b0b9971,d7af10ce-45c9-4fc8-8dd8-b1c5491aad5f,2025-10-25T10:16,6,75.60,Online,Pending
66102701-4083-4f82-ae86-eba5a1c1d048,56a75a3e-a944-4147-8cba-f1024726993f,2023-11-22T10:16,4,116.84,Cash,Completed
4cbdd39b-efc8-4755-8a92-e58d16e74d97,7509850a-5062-4da9-aad6-bc5b9e363ef1,2025-09-27T10:16,3,63.81,Cash,Cancelled
13b783b9-28f4-4c9f-b813-bb9cf3378178,d5cfb1a3-ce2f-4aff-ab4c-50e0c5426af1,2025-02-26T10:16,2,11.92,Cash,Cancelled
dc420d6b-95ad-4cb8-b7c3-2c8d6809f682,0d463f72-c3a1-4a2b-8d0d-1721a0d1a06b,2024-09-18T10:16,9,66.15,Online,Completed
08d40360-48b9-4da7-a1b6-d503bab66b44,9b9edd1e-b4f7-414c-b8b5-a3dc51fa0a8c,2025-03-11T10:16,1,18.81,Card,Pending
1ac97705-9b09-4c00-9b95-41e1f66ab7d7,02c65c06-56ad-4670-b8e2-10ab417c7154,2024-02-24T10:16,8,40.00,Online,Completed
a8556081-2054-4b98-9c30-836fe6850035,0130fcd4-a6cf-4a72-8400-7bcae1abce34,2025-05-22T10:16,8,65.04,Card,Cancelled
65ed9cfe-4f68-43b0-a8f3-4fdc1315f77c,0a0ac3e5-6e20-4fbc-87ec-5481c70e38bc,2024-11-20T10:16,3,46.59,Cash,Pending
973aa22b-82e6-4d4c-a6c3-92ff0fdbe8cf,c3ffc43c-0c11-40fa-9824-f234161741d0,2024-08-08T10:16,8,179.12,Cash,Cancelled
d98d95f8-bf49-47b9-b00b-3b5571462f01,795088d7-d227-422e-ad8c-f048bde0675e,2023-12-07T10:16,5,77.50,Cash,Pending
6073fe43-3504-406e-88f7-6555a9626176,103fcba5-5588-45a5-9fe0-6ac948d3860e,2025-05-27T10:16,7,81.48,Online,Pending
43f09a0a-4c11-4ee5-857a-00ed72770102,0a0ac3e5-6e20-4fbc-87ec-5481c70e38bc,2025-03-18T10:16,2,37.78,Online,Pending
38bb0a05-29be-4435-8672-9a63fe20fdc8,89d26a00-0fde-4c03-8430-b06f6bc3f33a,2025-02-10T10:16,5,46.60,Card,Pending
fcd58592-49e7-4e26-86fa-461ff6051b81,0130fcd4-a6cf-4a72-8400-7bcae1abce34,2025-10-29T10:16,8,234.88,Card,Completed
8a791dab-b6b0-45f7-96d8-f9f57a5b9dda,b014b56e-3263-4b63-8430-46e00bc5ea77,2025-10-17T10:16,8,223.68,Online,Pending
7ca296f9-68f3-435e-9f4d-3bcee7ac3a89,5eb75bc0-d5fa-4209-9d42-7767f3f0585b,2024-11-12T10:16,1,17.06,Card,Completed
083d4e46-a005-4272-bac0-f830b2e5d86d,52f5634d-de98-4543-8a1e-cbf1e2d0242f,2024-07-31T10:16,6,147.18,Online,Completed
23bcf536-d585-4ac5-abde-262eafd0dfd5,ebe19120-496a-47fa-87eb-2440212a3363,2024-11-22T10:16,7,87.29,Online,Pending
6e0285bb-dc20-490d-bc6c-47a7e9f5f92a,73a2b03c-2dca-486e-8ebc-c4d6bb68a8c6,2024-08-25T10:16,6,74.70,Online,Cancelled
735d515f-6164-4474-97ce-021ea1036a4a,f3826f04-0dfa-4266-8002-58fede0093f5,2024-04-11T10:16,9,83.07,Card,Cancelled
5d21db8b-1354-4412-9ae4-d2ae395c99c2,6aaabc79-3d35-410f-bb96-f86a3930d0ff,2025-03-17T10:16,2,54.08,Cash,Cancelled
2f1ff419-5585-4c2f-a866-ee93938e24e4,428424b7-1f94-496a-8b7a-497ce177d32c,2024-04-15T10:16,7,71.26,Card,Cancelled
2bf47b3b-fe00-4a88-ac72-b6546b7a0494,21edfc22-3f73-4335-a774-3cf78ab65e86,2024-02-02T10:16,2,18.06,Card,Completed
b1a7855a-3a77-499f-8d26-d6ed02d0f432,5f0f3def-9ff6-4282-ad04-001c4a769966,2025-02-19T10:16,9,229.86,Card,Pending
6184ab26-86b1-4a8e-b149-1928372940fb,80537cf2-360f-4740-8b7e-d4cd56e22987,2025-04-30T10:16,7,202.30,Online,Pending
4ff72706-f0bc-40e7-9930-635e1b68032b,0130fcd4-a6cf-4a72-8400-7bcae1abce34,2025-07-21T10:16,3,23.79,Online,Completed
d42925ae-3d4a-40f8-9f57-7cbbfd9de41a,8887df7e-682b-4d48-b18c-c1ddfa0aaa26,2024-10-05T10:16,5,124.20,Cash,Completed
a6663604-7a2e-42b2-96f0-9fb67380acdd,09ba4183-1b94-4f8c-bc5f-eca421a88524,2025-10-15T10:16,1,21.05,Online,Pending
f10619c7-3e1a-4619-9e5f-1c1e51bbeb58,ceafdb2a-788d-48e0-acdd-bd533a2e7ab6,2023-11-14T10:16,2,22.10,Card,Cancelled
046d0716-e673-468e-9658-f2d8ed3ba5ff,49af098b-bf79-4643-8e49-739ea932d38b,2024-05-04T10:16,6,65.04,Cash,Cancelled
8f5089be-e1fc-48a0-b3cc-17e599d28aa1,6117b6f0-c4f4-4bf1-9eeb-f33950decba8,2024-10-11T10:16,1,12.23,Online,Cancelled
8a2ea482-fe2c-4d9a-98ac-e0348a9fd232,bc58b12c-65c4-4f21-89ef-3e492a22ef7c,2025-06-23T10:16,1,6.05,Card,Completed
b24355b2-dc85-4f77-88af-a6ea9a7bec0b,2a109685-1399-4149-8951-fba29bb0360d,2024-08-17T10:16,4,81.16,Online,Completed
d88851f7-c7a6-431b-9a16-4901527def7e,ebe19120-496a-47fa-87eb-2440212a3363,2025-08-13T10:16,4,117.00,Cash,Completed
1e937de4-b276-40a0-a23a-602c15664aca,6e551d53-4f6d-4b84-a9de-3d7c79694805,2024-12-14T10:16,9,183.60,Cash,Cancelled
a0b90dec-02de-4c42-9bf2-b4765aa7ac6d,1407e9cf-22c9-4137-a2fe-cc12dc038235,2025-09-07T10:16,1,28.72,Card,Cancelled
a429d4db-63f3-4623-b5dc-1dd4ebea6942,ba5d9947-b043-4aca-8ee0-6b77895cf8e8,2024-02-24T10:16,7,64.54,Cash,Cancelled
7708908c-d669-4477-b1e6-cabbe0037e26,4e44f26d-5455-405b-8fdb-63ab8b739ecf,2023-11-19T10:16,1,10.27,Online,Completed
8ee9605e-624a-47cb-a6e9-b211910de8f0,8f7f530b-bb30-4a05-b437-744ed30af54f,2024-10-18T10:16,4,75.88,Online,Pending
cf6f6b2e-5abc-41b6-82c7-981acc7371d3,a302a1a8-c429-406f-abff-9f273aa0a4b5,2025-07-26T10:16,8,217.76,Cash,Completed
100b5236-d244-4e97-b654-0be7e13e3ab7,4739f27f-7a96-4d52-83ae-0c6fd4c8c606,2024-02-21T10:16,8,199.12,Online,Pending
e6055d98-f913-4dd9-b173-217df2e929eb,8626238e-5813-415a-9a8c-db944b1e0269,2024-12-06T10:16,3,53.04,Cash,Cancelled
fdde787a-ffdc-40cf-b504-65b953137f88,65b2c0ea-6192-47fc-9286-2c1dd3ecefb1,2025-03-21T10:16,6,35.22,Card,Pending
38b0b614-6a0b-4b43-adde-a474207a5057,3ab3404a-ee80-4ed2-8d90-a6f0dad14e48,2024-05-14T10:16,2,45.78,Cash,Cancelled
0bf4eff7-4a4b-462d-9bb3-4e0bda61ac09,3dcaabe3-78c9-4d88-bed5-56ca7ceea07c,2025-01-13T10:16,9,182.43,Cash,Cancelled
b073d205-3963-465a-abaf-82c8039e5380,a302a1a8-c429-406f-abff-9f273aa0a4b5,2025-09-24T10:16,5,113.90,Online,Cancelled
e4a45cc9-6d90-461e-9126-a1c01e852d43,bf0de251-90d7-423c-8b31-48df1a89964f,2025-07-21T10:16,4,29.28,Online,Pending
6bff4c45-7ebf-42ac-af30-adcbc7c16fce,52f5634d-de98-4543-8a1e-cbf1e2d0242f,2025-02-03T10:16,8,202.00,Online,Pending
073cfb02-4149-4ac0-a6ba-037c2a9751a2,77ca464a-fe0d-4dcc-8f08-3eb2f7b64f76,2024-03-14T10:16,4,42.72,Online,Pending
81db2320-039d-414e-9194-533fa680538f,caca465c-e9f2-4add-91b5-24c70595e321,2023-12-04T10:16,2,35.40,Card,Cancelled
e6895dc8-830f-4d19-a909-af701e9035a7,a3f626b9-cc27-4c04-8570-be79ab8bda4a,2025-04-09T10:16,8,222.32,Card,Completed
06d4b8c7-b31a-4a5d-aa1a-7dde94415ecf,a302a1a8-c429-406f-abff-9f273aa0a4b5,2024-07-26T10:16,9,96.84,Online,Pending
eb886181-f609-4357-aa2d-1c2c986b7641,a938df5f-7764-459c-8bfd-90409d16b3c6,2025-07-01T10:16,7,173.04,Online,Cancelled
a5ece63c-9596-41ad-aa1d-4d438f12f723,36b880b0-e9bd-4c0b-8f1c-32018f6c758a,2025-05-12T10:16,5,113.05,Cash,Pending
98b47a21-57f7-475b-ab4e-58694565de3c,e12c3d24-86c8-474f-b86b-370df36adbfe,2024-09-22T10:16,7,152.46,Cash,Pending
c620f957-8b09-4e4b-94ef-e093caf6d969,39cb44e2-a541-4b98-bc0b-db5f31cf8710,2025-02-24T10:16,1,26.53,Card,Completed
6825f71b-c32a-4f59-9cdc-c653902f7f0c,428424b7-1f94-496a-8b7a-497ce177d32c,2024-10-14T10:16,4,43.76,Cash,Pending
685f311e-e47a-4f9e-8fe7-ae1db1123026,62a2bfef-ca4a-4dec-90ea-bf15ea1880d2,2025-05-31T10:16,2,32.56,Online,Pending
0b907ed2-2b17-4e8c-93b6-562671229f87,21edfc22-3f73-4335-a774-3cf78ab65e86,2024-08-03T10:16,3,34.83,Cash,Pending
f9d40c85-1a02-41c0-b32b-7f596a74d325,93cdeef1-3fc3-4a63-a275-0ae87ae6b335,2024-05-18T10:16,4,28.44,Card,Completed
ed2714b6-9245-4da4-85cb-af59525d1083,795088d7-d227-422e-ad8c-f048bde0675e,2025-04-25T10:16,3,55.14,Card,Completed
9bf972f0-74bf-4fb8-957d-0834e0625380,11526850-7335-463f-b740-a52a90457c3b,2025-04-05T10:16,1,6.30,Card,Completed
3223a4db-f817-459d-bf88-d04326cb85ac,3ab3404a-ee80-4ed2-8d90-a6f0dad14e48,2024-01-14T10:16,1,18.02,Cash,Cancelled
66a53374-cac6-4c5d-a229-abbc84b653e9,f067e21d-d1d4-4e87-9cae-9753f5f9ccb6,2024-08-14T10:16,3,68.52,Card,Cancelled
8da283ba-bd19-4c88-9aef-40686b76b006,209e786b-2a61-4e52-a3b2-1cc98bcbf18c,2025-01-15T10:16,4,102.60,Online,Completed
fdd56a60-9daa-4c22-b3a2-c00dc8a359d2,910b1d47-5c37-48b1-8bde-96c60660f1d7,2024-01-30T10:16,7,202.09,Card,Pending
90d59ebf-7ee2-447b-a790-5ebc810f9bf0,bb6bf39c-f455-4e08-a59e-1bdaaa91d4aa,2025-01-27T10:16,5,42.15,Cash,Cancelled
feb2ca19-d20e-4842-bf53-f2ce18869f6a,6117b6f0-c4f4-4bf1-9eeb-f33950decba8,2025-07-19T10:16,1,29.78,Online,Cancelled
7e38c837-cab3-4c88-9d02-c8dd4006545f,5f6e51da-5f01-4c9a-85dd-7d50ef37e5d7,2024-04-12T10:16,2,44.32,Cash,Completed
af158bd1-c380-4f99-96f5-782e5d7be904,401a6911-a31e-4892-adc1-56e3e1eb090a,2024-02-19T10:16,1,18.24,Card,Cancelled
771f7f35-f171-4cf2-972e-8109682e82b2,5400d214-6176-40bf-88d2-3f53ed38bf69,2025-10-07T10:16,3,63.99,Card,Pending
ffad9ec7-10ac-4da6-a9b5-8dfb30ef95cf,7169ef0c-f2c8-4ae3-83f6-87691664d2d2,2025-02-20T10:16,5,116.35,Online,Completed
1ff405e3-7b5a-4458-a907-a1e2ea51f3b9,6bd388d4-5636-450b-bacd-55bdcb769bab,2025-09-29T10:16,6,146.88,Cash,Cancelled
1dea718e-8438-4bd2-8b04-de0bfd67c05c,c46351bf-193f-49af-a5d6-456188837c3d,2024-01-29T10:16,6,99.42,Card,Pending
7e594af4-53c5-4b1f-920a-ba6d1b5a8735,92da274a-bea2-490a-bb52-196c46fa8487,2025-09-15T10:16,4,119.08,Online,Pending
1fbe2a6e-e6a6-44d8-a102-452c787ed201,0a5a9fc7-e126-48f0-99aa-dea85c606f66,2025-02-23T10:16,5,79.05,Online,Completed
6c53e9ba-d97f-4bb7-b448-010fc7ade5a6,52f5634d-de98-4543-8a1e-cbf1e2d0242f,2025-05-14T10:16,9,233.64,Cash,Pending
2a62dc3a-2bfe-4713-ad68-e9d80d8e394a,953417c6-cd52-45e9-9ca0-bb450653c934,2024-04-29T10:16,1,28.73,Online,Cancelled
968244a0-8b98-49a1-9224-3480764f4bf8,a3f626b9-cc27-4c04-8570-be79ab8bda4a,2024-06-06T10:16,4,100.24,Cash,Pending
050bc6ca-5e07-4c8c-bd3f-053613ce2e62,23650eb4-f98d-45a3-a90b-a378f03d469d,2025-05-15T10:16,7,98.98,Cash,Completed
bc1654b2-4afc-4ae8-af2e-67e534a77311,26d032f1-9fe9-487a-987a-a8be14e1db05,2024-07-24T10:16,1,5.35,Online,Cancelled
