order_id,restaurant_id,order_date,items_count,total_price_usd,payment_type,status
cf18c2b7-50cd-4f17-b76f-5ce1b7f9c70e,d33bbfcd-a2ca-4e80-8a1c-65223f061e7e,2025-09-03T10:16,8,208.80,Cash,Pending
755939d7-814d-4071-ab2b-5b686acd4e18,73a2b03c-2dca-486e-8ebc-c4d6bb68a8c6,2024-06-05T10:16,3,72.45,Card,Pending
52d99e99-7326-4a9e-b98c-11e10764c7c6,050d9901-1cb5-413a-9c31-282028f863c1,2025-10-03T10:16,8,88.08,Online,Completed
d43c23d1-e7c0-436f-a324-67b185840d7d,5400d214-6176-40bf-88d2-3f53ed38bf69,2025-04-29T10:16,1,28.14,Card,Pending
f389acd7-8915-42ad-b434-cc57a6dc337d,aff4340c-d102-49ba-af8e-84d2737ce82c,2025-08-08T10:16,9,138.87,Online,Completed
47a68d4f-53af-42cc-a22f-205dc896d799,36b880b0-e9bd-4c0b-8f1c-32018f6c758a,2025-04-07T10:16,8,157.60,Card,Cancelled
a413f506-006b-4534-944a-eb87c383c506,500fde18-ea61-4380-9ea4-f06d09985870,2024-10-30T10:16,5,53.40,Online,Cancelled
9a557c44-983d-411b-b49c-8091d55b1646,21edfc22-3f73-4335-a774-3cf78ab65e86,2025-01-31T10:16,9,199.17,Card,Completed
9ae17d66-7a4f-4390-ba91-303d22bf1e9e,59827b2a-ae17-44b1-bd6f-6f08718559cb,2024-06-26T10:16,2,12.68,Online,Cancelled
756fde35-33ab-4206-8cf3-0ce93d751042,1a48aa9a-def3-481d-922a-94300aa97309,2025-02-04T10:16,4,45.68,Cash,Cancelled
37d5d23d-f0f4-4fa7-89cd-ed171ccd3b05,0a570207-0f70-467f-bbeb-44a0a60a9a25,2025-07-20T10:16,1,26.68,Card,Cancelled
4ab0dc49-06d0-41f3-a3c4-6e4f6bcdace6,6c3bf618-a715-40f9-9faa-cfc5f5beef2f,2025-06-10T10:16,7,172.76,Cash,Cancelled
c7b0260d-a9ab-447c-a9fb-d9a9eee5d133,9fa382f0-8393-48db-ad30-43c953282401,2025-01-04T10:16,4,116.44,Card,Cancelled
0aafb5cf-95e3-438c-b7d3-c5545f689dd7,52f5634d-de98-4543-8a1e-cbf1e2d0242f,2025-07-05T10:16,7,82.46,Cash,Completed
0a967e67-2133-44c4-b247-8a93f5dc6901,0a570207-0f70-467f-bbeb-44a0a60a9a25,2024-10-26T10:16,6,179.88,Cash,Pending
66dfab34-7af6-4d28-a4fe-40c0ee178e30,9b9edd1e-b4f7-414c-b8b5-a3dc51fa0a8c,2024-10-08T10:16,5,39.60,Online,Cancelled
ce33d07c-4c2c-4d9d-8d74-bf0430da0fdc,983d66ae-c8b0-46b8-8abc-26a1055cf729,2023-11-24T10:16,6,110.22,Online,Cancelled
9f31066e-847d-4d63-8ea6-3c1cc7bcadd4,67c276b0-7be6-4f3c-bf86-c342095c8112,2025-11-07T10:16,9,227.70,Online,Completed
56346565-6170-4e6a-b92d-c91ae2e8165d,bb6bf39c-f455-4e08-a59e-1bdaaa91d4aa,2024-12-19T10:16,3,38.91,Online,Cancelled
524921aa-ed08-4f6c-8800-155cfc14346d,824998a2-7592-4051-ab0b-d5e12743c93b,2025-01-30T10:16,3,22.41,Card,Cancelled
a23563d8-19de-4d65-bdf3-7f9904cdad8a,b047b369-02d0-4f25-9af0-f1e883228863,2024-07-23T10:16,8,127.92,Cash,Completed
602cd7f5-36c1-4b3b-976c-d57cd9be9ae5,0a5a9fc7-e126-48f0-99aa-dea85c606f66,2024-11-17T10:16,4,117.28,Online,Completed
316ac85d-e870-4cf7-89e0-4dd2c08fe402,dcfb3d05-846d-4915-99f3-ebbc7559d972,2025-06-07T10:16,6,127.14,Card,Cancelled
faa0e34d-d204-450e-be05-115e3b54d3eb,06e585f0-5b60-4900-81d1-3379328e6c17,2024-08-22T10:16,8,131.60,Card,Pending
a1332832-10da-4ae7-95a6-a5f1ef6f30f9,a190f67b-21df-46bc-8164-46bdfa00af85,2024-03-31T10:16,6,139.08,Card,Completed
55733186-9dad-4612-8152-2a2c7ddb0ecb,7c991f43-c18b-4404-8826-97691b0dc00c,2024-03-07T10:16,2,10.32,Cash,Completed
6bb884db-b849-4b04-9a01-e71085db2e1f,49af098b-bf79-4643-8e49-739ea932d38b,2024-05-11T10:16,7,84.91,Online,Cancelled
a5220c3d-d916-4299-bbf4-3b18a8196a68,71f17b36-2c37-4cfa-bf8a-894fa94c0e9b,2024-03-28T10:16,4,99.52,Card,Cancelled
d0099bf3-e0f7-45a5-9e21-dea7dbbe0dfd,941529ef-2114-4bff-907a-4596ff4593a1,2024-03-14T10:16,4,24.56,Card,Completed
207355c9-f26c-42b7-80ef-31a493a60f85,52fbb114-83aa-432d-b2f1-f3e37a5c4754,2024-11-22T10:16,5,144.50,Card,Cancelled
be130199-37c4-4164-827c-fa904b72eaa4,935ebde1-5945-4673-886e-1a7a12cc2d4e,2024-12-06T10:16,3,67.14,Card,Pending
027641c4-bfb3-4617-8845-d9027d71a319,0a0ac3e5-6e20-4fbc-87ec-5481c70e38bc,2025-02-14T10:16,1,29.51,Card,Pending
e168cd98-3099-45c8-8657-1603173edde2,b0d737cd-ec4b-4a88-aa81-d012ef3fb719,2024-12-01T10:16,2,40.94,Card,Cancelled
84b3e7c2-8e4f-4aa9-ab3c-c80a17d72f5f,52c87fd9-fdf0-4256-b929-6153ad24a0ac,2024-02-03T10:16,4,39.00,Card,Pending
a6cad8dc-8de7-41f5-b8aa-38895ac19c61,bb6ceda0-3f7a-4dfa-9862-41a88dd468b2,2024-03-21T10:16,8,175.84,Online,Pending
8db73d5c-4a72-4b63-a40e-f48bd94ce482,e6cb1215-5314-4d05-bfd1-f6e5d36e89f7,2025-09-12T10:16,6,141.42,Cash,Cancelled
12888bab-737c-4178-8a5b-f6ff90756f94,7169ef0c-f2c8-4ae3-83f6-87691664d2d2,2025-10-10T10:16,5,57.60,Card,Pending
e2a37a6d-88b7-4325-8dd1-c61a1a42dcbe,1a48aa9a-def3-481d-922a-94300aa97309,2025-04-14T10:16,3,50.55,Cash,Pending
dd3f9861-992d-4774-b0cf-d4bb78e835ab,25659c0e-6eb5-4c57-add8-fb6ac5f42699,2024-08-30T10:16,2,45.90,Cash,Pending
2476c062-5c54-44ce-abd6-b0c0ef52ee53,46032f36-69bc-465a-9b33-a5d560bfd77a,2025-11-04T10:16,6,101.10,Card,Cancelled
51de332e-8bb8-4e93-9bcc-8151f5165f4b,0b2a0e9a-e050-4380-b607-57adcbbf59d4,2023-12-31T10:16,3,32.40,Cash,Cancelled
6e4f14f7-9037-4cde-a72f-7a8925b6adb4,6c3bf618-a715-40f9-9faa-cfc5f5beef2f,2024-01-13T10:16,6,46.26,Card,Cancelled
88e1e28f-27c9-4b71-9d62-ae306e5448a2,93cdeef1-3fc3-4a63-a275-0ae87ae6b335,2024-03-19T10:16,4,34.36,Cash,Pending
e0ace204-c3f1-444c-98ed-05c30e85b64e,941529ef-2114-4bff-907a-4596ff4593a1,2023-12-21T10:16,6,51.30,Online,Pending
d04a6f70-1cb9-4b24-99fe-53121b1fe928,71f17b36-2c37-4cfa-bf8a-894fa94c0e9b,2025-09-12T10:16,2,12.08,Cash,Cancelled
691034ab-8c0c-4f71-bb77-01fa8cef52a1,c0d74d86-5c5b-481d-b8e3-61eeb9c77255,2024-03-10T10:16,5,103.65,Card,Completed
90c14ebd-95ba-486e-94d8-bd2f2dad1903,fe624323-ba72-456d-9842-ed9e0edc75df,2024-07-10T10:16,5,94.25,Card,Pending
3b4e70b2-e597-4551-b76d-b43613eefe40,27e45431-1333-4ffd-a0c8-be56ffdc5d4e,2024-02-02T10:16,1,17.69,Cash,Completed
86e05a97-226d-4fb4-86ba-43b5373bf3a5,b6c26110-1b77-4777-8c79-c69ec19b66df,2025-06-27T10:16,1,25.34,Card,Cancelled
df4ddf1b-4adb-4f39-8423-7a8508e6eadf,6bd388d4-5636-450b-bacd-55bdcb769bab,2025-07-21T10:16,2,43.96,Card,Cancelled
f619c1e9-6337-473f-8a31-87d98d455998,b95f7619-fab2-4df9-8683-1f2aeb93a660,2024-04-03T10:16,2,27.14,Card,Cancelled
d8169dd0-1e67-4b1d-9c86-d751484af44f,53db1213-7316-47bb-9099-c1def0e3c96b,2024-10-13T10:16,3,17.55,Cash,Cancelled
fcf71ef4-8dfc-4716-a0e8-78d0d4dd4299,52c87fd9-fdf0-4256-b929-6153ad24a0ac,2024-09-24T10:16,9,227.79,Card,Pending
232afcb0-2b11-4e3d-94e2-2ca2acbabe02,f90cf3ca-e2d0-4129-bc7a-e8a2b80880da,2024-07-18T10:16,8,220.64,Cash,Completed
6c61da80-f174-4d64-95f8-082b067622c5,00d7ae70-0f46-4453-963c-4ab2a3d29314,2024-03-07T10:16,2,20.82,Online,Pending
87184385-bba9-48c6-b397-1eabb552422c,7509850a-5062-4da9-aad6-bc5b9e363ef1,2025-10-25T10:16,5,34.55,Online,Pending
88ba05f7-4f5f-433e-9447-902906021034,ebbc7df0-770d-44f8-b0ff-c62f9006e40e,2023-12-08T10:16,5,88.30,Card,Completed
360cf0e5-7d58-43c5-9bea-716133626eb5,00d7ae70-0f46-4453-963c-4ab2a3d29314,2024-07-02T10:16,2,29.14,Online,Cancelled
6b3af33d-6c5a-45d6-b0a0-53cdf7e3e2ca,a302a1a8-c429-406f-abff-9f273aa0a4b5,2024-09-18T10:16,9,98.10,Cash,Completed
87608781-3f58-45f1-8c96-eed6696eb8f5,56a75a3e-a944-4147-8cba-f1024726993f,2025-11-07T10:16,9,80.28,Online,Completed
1448c200-7eb5-4d2c-adf4-d012d7635973,e119f98a-df63-41dc-8e01-bb49ca2dc724,2024-08-01T10:16,2,44.00,Card,Cancelled
70dbdac9-c354-49a2-98f6-0e7965b646b3,4b14a58c-f1e4-40b6-888d-a88cd7055099,2025-07-07T10:16,3,84.99,Card,Completed
429f5bd2-b7ad-45d0-928f-085cada1edca,cb8747c7-32ca-4b6b-868d-13ab01d953ec,2024-12-08T10:16,3,62.94,Online,Pending
4940a88f-eebe-4e73-93e9-b811d9a02d02,103fcba5-5588-45a5-9fe0-6ac948d3860e,2024-09-10T10:16,7,99.33,Card,Cancelled
ba9c317e-cb38-4b07-ae7e-1211b68234cb,d5cfb1a3-ce2f-4aff-ab4c-50e0c5426af1,2024-11-18T10:16,4,98.48,Online,Completed
e6527055-ff85-43f4-b549-dc2e54d8f5e1,80537cf2-360f-4740-8b7e-d4cd56e22987,2025-09-05T10:16,6,33.72,Online,Pending
3a301ef9-4b8c-4f42-8027-790e65a42c5b,52c87fd9-fdf0-4256-b929-6153ad24a0ac,2025-10-17T10:16,8,168.40,Online,Cancelled
3a4e0711-5fee-4b4e-a3b9-75856d6f4249,e277d099-db2a-4aee-ab86-8b0e73a34383,2025-09-16T10:16,2,46.12,Card,Completed
97e88487-4cb8-4268-91e9-013c10d89ef1,428424b7-1f94-496a-8b7a-497ce177d32c,2024-03-12T10:16,5,130.05,Online,Pending
11b33ac6-9583-4118-9e47-035aafd63fea,964d337f-acd5-4ca2-8843-9be3f2eb60fc,2025-03-06T10:16,8,165.68,Cash,Cancelled
50d4e039-3c37-4ca8-baa1-7bc49afbea02,ba5d9947-b043-4aca-8ee0-6b77895cf8e8,2025-03-31T10:16,1,21.52,Card,Completed
07b50030-537c-4969-bfb7-e0bdac0ce547,39cb44e2-a541-4b98-bc0b-db5f31cf8710,2024-08-29T10:16,5,97.60,Card,Completed
71d8f7a4-c8d3-4b07-a869-1550df92721d,fdb5454e-2230-489e-ade4-9218ff28cbd8,2024-06-18T10:16,5,124.10,Card,Completed
cd4e01f3-109e-415d-8e76-05e8126db50e,6c6a3b10-9747-4dca-a041-4edc22d147b0,2024-03-17T10:16,6,118.50,Cash,Cancelled
435f6ea4-5ecd-4c77-bcd9-d8fc464661fd,56a75a3e-a944-4147-8cba-f1024726993f,2024-03-28T10:16,9,75.69,Cash,Completed
9f7fb490-a92e-4e6e-ab97-b0c1dd7888cf,0fcf4084-ea31-49f8-99f9-9bf8c8b0c16b,2024-12-27T10:16,5,30.15,Cash,Pending
e7175043-8711-457c-ad0d-76589a2d8b06,02c65c06-56ad-4670-b8e2-10ab417c7154,2025-05-20T10:16,1,19.02,Cash,Cancelled
15983cbc-5602-43ac-9030-5d50f6d04c6e,824998a2-7592-4051-ab0b-d5e12743c93b,2025-08-30T10:16,8,126.64,Card,Cancelled
3b4e1d9b-ac9c-4e94-96ca-ccd176632cf2,824998a2-7592-4051-ab0b-d5e12743c93b,2024-05-31T10:16,7,43.33,Online,Cancelled
8fbfc600-d7fc-487c-8247-57e853f4a300,d6d4ef4b-0870-48aa-b884-013237f255f4,2024-02-09T10:16,8,128.48,Online,Pending
e79327bc-2441-4ab0-b284-1ba4f2bdb29c,f90cf3ca-e2d0-4129-bc7a-e8a2b80880da,2023-12-30T10:16,2,55.20,Cash,Cancelled
42d9d201-c134-4fa1-8289-c6c13421072f,0fcf4084-ea31-49f8-99f9-9bf8c8b0c16b,2024-10-27T10:16,8,170.24,Online,Pending
82760526-0f3b-4c7e-999a-ced5f104ee1d,f3826f04-0dfa-4266-8002-58fede0093f5,2025-02-15T10:16,5,102.05,Cash,Cancelled
fb90c72a-e431-47af-9b2c-e2a4983144ec,0a15d43b-8f6b-444a-bef2-ffbddfdbd16f,2024-11-08T10:16,2,20.40,Card,Cancelled
ea3f2f8e-2159-4a74-8b31-c87dad4ddead,5400d214-6176-40bf-88d2-3f53ed38bf69,2024-03-11T10:16,1,13.61,Card,Cancelled
ef687ea1-514c-482f-9c25-df64799c6a65,f067e21d-d1d4-4e87-9cae-9753f5f9ccb6,2025-05-30T10:16,5,88.15,Card,Cancelled
88a18a5b-b0d0-478e-a43b-0b5aa22ee422,4f6ae324-5b6d-47d6-a86d-26ec6fbe1e0e,2023-12-05T10:16,4,103.76,Online,Cancelled
4ebaa462-61a7-4aa0-8bf4-85c484407300,ceafdb2a-788d-48e0-acdd-bd533a2e7ab6,2025-03-08T10:16,5,49.55,Cash,Completed
3eec8125-b47d-45fe-8a36-94ad20e8aa59,7c991f43-c18b-4404-8826-97691b0dc00c,2024-10-18T10:16,1,14.25,Online,Pending
369f02e8-b259-4483-9179-e19978863181,515fe1d2-d33a-4b9d-8c19-07e0cbe81a9a,2025-02-06T10:16,1,10.01,Card,Completed
085656e5-dc1b-487b-b202-9822db7f4759,ceafdb2a-788d-48e0-acdd-bd533a2e7ab6,2025-06-30T10:16,2,48.82,Card,Completed
84b1d767-3900-477e-ad09-47bcee0f17d7,93cdeef1-3fc3-4a63-a275-0ae87ae6b335,2025-07-22T10:16,8,105.20,Cash,Completed
a778aef4-eb5f-4177-b9eb-fadabd780f98,67c276b0-7be6-4f3c-bf86-c342095c8112,2024-02-19T10:16,8,234.56,Online,Completed
b92f2a91-e870-4755-a5bf-0f7d64fb405e,92da274a-bea2-490a-bb52-196c46fa8487,2024-12-05T10:16,2,46.46,Cash,Pending
21491c7b-2a5f-4907-bb68-806fceb73ace,74e76582-f1b8-4560-b049-8aebb59d4721,2024-10-30T10:16,5,132.95,Card,Pending
23470866-b4e2-4aca-9293-a585f4e6a30d,953417c6-cd52-45e9-9ca0-bb450653c934,2024-12-28T10:16,9,156.06,Cash,Cancelled
88eaf270-78d5-4b8a-9f2d-d1dea47c3e35,365c90d0-a590-4209-9401-2ce55af5ed98,2025-02-06T10:16,9,223.92,Online,Pending
6d1e533e-28cd-4246-b475-b7c99be01fac,515fe1d2-d33a-4b9d-8c19-07e0cbe81a9a,2023-12-29T10:16,3,85.08,Card,Cancelled
feef3dbe-21ad-48bd-91ee-769d2247ed0e,21edfc22-3f73-4335-a774-3cf78ab65e86,2024-05-20T10:16,4,44.44,Online,Completed
c9e1da92-45c4-49e4-b3f9-f50c9d72c5b5,5f6e51da-5f01-4c9a-85dd-7d50ef37e5d7,2024-06-09T10:16,3,89.31,Cash,Pending
7887de8a-1efd-423a-9f52-90e9fe2601b7,5d6f84a5-a4de-442e-99b9-b8ef714b4436,2025-02-05T10:16,6,38.76,Online,Cancelled
f8bdb93c-9ee9-4257-ac5d-59dcac087637,0472ca7f-b133-4710-8f43-24a3c6c1afd1,2025-09-13T10:16,5,134.85,Online,Pending
e67a9895-ff65-4440-91fe-1920adc92c4a,06e585f0-5b60-4900-81d1-3379328e6c17,2025-10-30T10:16,7,206.08,Card,Completed
da1670db-4be1-42e0-b61d-f111c509b304,5eb75bc0-d5fa-4209-9d42-7767f3f0585b,2025-10-10T10:16,2,44.26,Cash,Cancelled
db9ef9b6-fbe9-4ba8-8dac-b6297faf4fbb,983d66ae-c8b0-46b8-8abc-26a1055cf729,2025-08-24T10:16,9,136.80,Card,Pending
a3715d4a-98db-4bc3-9df2-961a17ebf01c,4f6ae324-5b6d-47d6-a86d-26ec6fbe1e0e,2025-10-03T10:16,2,54.64,Cash,Cancelled
f5abcc52-8511-4975-a08a-fccdd15bb79c,5400d214-6176-40bf-88d2-3f53ed38bf69,2025-04-16T10:16,6,60.24,Card,Pending
fa7835f9-9b3f-43ae-8f7b-d5a48340fd1e,bb6ceda0-3f7a-4dfa-9862-41a88dd468b2,2025-03-23T10:16,6,172.92,Card,Cancelled
c12ffb2b-00be-49a3-a678-a80744aa201b,c63bd277-c81c-40c5-8720-6ce916d653c4,2025-10-07T10:16,8,137.44,Cash,Completed
cf011908-faca-4cd5-979c-8194ee45f4c9,983d66ae-c8b0-46b8-8abc-26a1055cf729,2025-03-05T10:16,5,129.90,Online,Completed
3a2e8036-7511-46ac-8604-78bbe15b2668,0a570207-0f70-467f-bbeb-44a0a60a9a25,2023-12-23T10:16,2,23.36,Cash,Cancelled
2feeaee7-2575-4a3e-903e-ce0fe0fcd194,fbe227d7-6d32-4407-9783-7fdac983e55f,2024-08-12T10:16,9,179.19,Online,Cancelled
8f3a9297-17f2-46c3-b6ac-3217973a169f,6c3bf618-a715-40f9-9faa-cfc5f5beef2f,2024-07-04T10:16,7,149.17,Cash,Cancelled
04f2714a-5f41-4935-b02d-0703c9c1c36b,e886c155-0dae-4b36-88f5-a86fa474d1f6,2025-10-14T10:16,9,253.98,Online,Cancelled
4754c0e4-b203-4534-a26d-b62c60d3aec6,f3826f04-0dfa-4266-8002-58fede0093f5,2025-07-30T10:16,9,47.25,Card,Cancelled
1a92e2d7-9fc3-4d7f-95d8-c8923319b354,65b2c0ea-6192-47fc-9286-2c1dd3ecefb1,2023-11-28T10:16,8,50.48,Online,Completed
614529e1-8f77-4abc-b2c8-938c88555f2a,59827b2a-ae17-44b1-bd6f-6f08718559cb,2025-09-19T10:16,4,96.92,Cash,Completed
251a531a-707f-46de-a588-b2c793d59f73,e12c3d24-86c8-474f-b86b-370df36adbfe,2025-05-16T10:16,3,61.62,Card,Pending
b9629c6a-d7d9-4632-ba43-19e728a6d80f,365c90d0-a590-4209-9401-2ce55af5ed98,2025-03-08T10:16,3,45.63,Cash,Completed
437180cd-7be7-4a00-ae44-989869e481b4,c63bd277-c81c-40c5-8720-6ce916d653c4,2025-06-12T10:16,7,189.77,Cash,Completed
b3b574ed-e9bd-4ea4-b3ed-eff2928d6853,4e44f26d-5455-405b-8fdb-63ab8b739ecf,2023-11-19T10:16,1,18.86,Card,Cancelled
08243d1a-6e3e-4990-babb-257badbbf748,e7991221-0de0-4ef8-aa9c-ca3b59197059,2025-05-13T10:16,5,125.25,Cash,Completed
386bc158-4f1f-4d37-a506-50f4f332aae6,52c87fd9-fdf0-4256-b929-6153ad24a0ac,2024-09-08T10:16,3,63.09,Cash,Pending
920764bf-3070-421a-947b-48c872ac5023,52fbb114-83aa-432d-b2f1-f3e37a5c4754,2024-08-08T10:16,9,193.77,Cash,Completed
c0322b67-3aa6-4886-bd3e-4c7acb7d3c40,06e585f0-5b60-4900-81d1-3379328e6c17,2024-01-23T10:16,4,95.76,Card,Completed
36b6a37d-83c2-4f4f-a07a-d8c94b768996,46032f36-69bc-465a-9b33-a5d560bfd77a,2025-08-10T10:16,4,114.56,Card,Cancelled
cad84856-91a3-487b-9b2c-37f83a7800dc,c1a09d60-c9e8-4489-a68e-e01b51541d33,2024-06-25T10:16,1,11.20,Cash,Cancelled
14dd7b6f-8b7c-4ca8-926c-1ecdc6445eb4,0472ca7f-b133-4710-8f43-24a3c6c1afd1,2024-01-22T10:16,1,19.77,Card,Completed
3dd0b6db-f0a9-4a22-8353-3477d33b2f9c,a5ffc907-be77-43e6-8694-4a0bf09bd3fb,2024-03-18T10:16,1,18.85,Card,Pending
0c5654e5-a05b-47a8-9c30-aaa4b95713d4,e277d099-db2a-4aee-ab86-8b0e73a34383,2025-01-05T10:16,2,45.46,Card,Cancelled
6c1d8e00-c291-470c-a292-0eeafd107549,69446e90-4237-4410-ab55-e011eb04cce0,2025-03-25T10:16,6,115.68,Cash,Cancelled
ed62cecb-4d93-47af-bef3-d6918e97a781,910b1d47-5c37-48b1-8bde-96c60660f1d7,2024-11-02T10:16,8,236.16,Card,Cancelled
eb1e83c8-369a-4664-8e52-db33b12d250b,058b9c75-b72f-4594-80d2-e41194ff7672,2023-12-12T10:16,1,17.69,Online,Completed
037bb3c9-cfc1-444c-90c1-0e9b1b2f464f,f90cf3ca-e2d0-4129-bc7a-e8a2b80880da,2025-09-02T10:16,6,93.18,Online,Cancelled
2b689b28-6c40-437f-8a73-3d53f69bcd47,910b1d47-5c37-48b1-8bde-96c60660f1d7,2024-12-21T10:16,2,47.86,Card,Completed
b7523685-838d-462b-bfaa-392dd8b9806d,00d7ae70-0f46-4453-963c-4ab2a3d29314,2025-02-13T10:16,3,49.47,Cash,Completed
bd85ea2e-534b-4a84-b991-26bce5c7df21,2ca088cd-c6c6-4e60-a1a4-d2990ee21b12,2025-04-17T10:16,8,60.40,Card,Completed
d3a8fbb2-825d-4091-839d-6496a6090f70,5f6e51da-5f01-4c9a-85dd-7d50ef37e5d7,2024-05-25T10:16,3,75.21,Online,Completed
8cb61d96-0938-43ff-b82d-894dcdfa000f,52fbb114-83aa-432d-b2f1-f3e37a5c4754,2025-06-30T10:16,5,60.00,Card,Completed
e526e743-b124-42ef-a06a-5d6f3d651d5d,ecf1ffb0-ac00-4968-87ea-8beef4ace55a,2025-09-23T10:16,2,40.72,Cash,Cancelled
20883c6f-679b-432e-b2cc-b62bf1def243,23650eb4-f98d-45a3-a90b-a378f03d469d,2024-10-01T10:16,9,86.13,Cash,Pending
afc85bca-4712-4b3f-832d-aa829ca7e4d6,b6c26110-1b77-4777-8c79-c69ec19b66df,2025-06-21T10:16,5,130.05,Online,Completed
ac4b98d4-71ba-4daf-8d8a-fd848c2e9687,77ca464a-fe0d-4dcc-8f08-3eb2f7b64f76,2024-02-09T10:16,4,82.80,Card,Cancelled
ba6188a7-5934-4b9b-b8c2-84f663213597,f067e21d-d1d4-4e87-9cae-9753f5f9ccb6,2025-01-02T10:16,3,18.27,Online,Completed
a349afed-3930-426f-91f6-69f29e0f826c,1407e9cf-22c9-4137-a2fe-cc12dc038235,2024-07-21T10:16,4,46.28,Card,Pending
d830a879-958a-4e96-be6c-d723632c84c6,b014b56e-3263-4b63-8430-46e00bc5ea77,2024-02-20T10:16,6,138.66,Cash,Cancelled
3eb5067a-9b92-46b3-81d0-27fd2c1bd93e,941529ef-2114-4bff-907a-4596ff4593a1,2024-02-06T10:16,5,92.90,Online,Pending
23ef1402-40ac-4e89-b2cb-f89e94b07ab4,103fcba5-5588-45a5-9fe0-6ac948d3860e,2025-04-30T10:16,8,218.88,Online,Pending
57ed8d22-e3ca-4f50-8246-c72d43a687f1,cd50913f-8c99-4253-9134-0cf5fe5f300f,2023-11-29T10:16,7,195.51,Online,Pending
7f4bf85b-dfc5-4645-8a6a-ba980b03c127,8f7f530b-bb30-4a05-b437-744ed30af54f,2024-09-03T10:16,2,49.22,Online,Cancelled
9c0e2698-27e4-4b04-b2f0-c34da83c31fd,1233cc27-7567-48e0-8dd2-6b0019506c2f,2024-05-15T10:16,4,22.68,Online,Completed
39b785c7-81d3-4e33-bf6d-0d7681158000,52c87fd9-fdf0-4256-b929-6153ad24a0ac,2025-08-01T10:16,1,17.80,Card,Pending
94022a79-eb71-4de1-9623-0ef087cbbd38,0a5bd884-b432-4ce5-b14e-44b4aedd4c0f,2024-12-12T10:16,4,104.80,Card,Pending
66ec31e6-1c4b-42ac-8d1b-3607ee1d002a,4f6ae324-5b6d-47d6-a86d-26ec6fbe1e0e,2023-12-24T10:16,3,40.92,Cash,Cancelled
9eec115d-2020-4a13-b2c9-d85cc99dcb8e,0472ca7f-b133-4710-8f43-24a3c6c1afd1,2025-08-10T10:16,7,99.26,Cash,Cancelled
eeb2fbb2-72c6-4086-915a-42136dcce8db,a190f67b-21df-46bc-8164-46bdfa00af85,2024-02-12T10:16,6,97.02,Card,Pending
96bf381c-e169-4c28-997f-374702a2bb52,d5eaf6a7-76cc-48ec-98d9-ba713e2df70f,2025-02-19T10:16,5,70.20,Card,Cancelled
f6e42b1a-bd52-40a1-bc3b-8ac9dc27d115,0a5bd884-b432-4ce5-b14e-44b4aedd4c0f,2024-10-14T10:16,1,21.67,Cash,Cancelled
52f184f3-c729-44c2-a8f3-cb281c195553,941529ef-2114-4bff-907a-4596ff4593a1,2025-09-09T10:16,1,13.36,Online,Completed
3e0fa552-1b05-4cb5-a250-fb9c5d85af92,6b1178fc-1745-401d-88da-3903c243ebe9,2025-09-08T10:16,5,83.55,Cash,Cancelled
1251be01-101b-4510-a28c-b56907a1545f,5f6e51da-5f01-4c9a-85dd-7d50ef37e5d7,2024-07-29T10:16,5,54.30,Card,Completed
ed0a0929-1d46-450d-9631-a7890ac840ee,7a18d550-38d0-40b2-84a7-547162e7e409,2025-01-07T10:16,8,203.12,Cash,Cancelled
380f9c9c-3470-4932-b46d-b20dd13a86f5,d5eaf6a7-76cc-48ec-98d9-ba713e2df70f,2024-11-29T10:16,1,21.39,Card,Cancelled
a08ec59d-3208-47cb-807d-a610dcc14df2,52c87fd9-fdf0-4256-b929-6153ad24a0ac,2024-02-08T10:16,2,33.64,Online,Cancelled
74cbb2da-f84f-476d-bcc1-ed06a2736718,f6c35464-33dd-44a7-bf84-071f2e427045,2025-04-21T10:16,8,106.72,Card,Cancelled
fd9a5362-d1eb-44c5-a80c-ece77b8546cc,c1a09d60-c9e8-4489-a68e-e01b51541d33,2024-01-21T10:16,1,16.78,Cash,Pending
0ce87374-94ee-40d8-b325-4ac545afc6f7,bb6ceda0-3f7a-4dfa-9862-41a88dd468b2,2024-05-12T10:16,4,32.08,Online,Completed
6b190cbc-9ccf-4482-8283-75887fbb2810,b04ce307-2d1f-4214-b023-d8f4379041a1,2023-11-23T10:16,4,111.12,Cash,Cancelled
0e721293-c5a2-4aad-9fe4-68d51add7dd3,71f17b36-2c37-4cfa-bf8a-894fa94c0e9b,2025-07-06T10:16,5,149.85,Card,Completed
273b7b82-b807-427b-9b32-fa2d1eefb0ec,93cdeef1-3fc3-4a63-a275-0ae87ae6b335,2025-06-13T10:16,6,125.16,Cash,Cancelled
9acb171e-b91e-4912-84b5-a3c5bc71cc60,6945f6f4-b8f9-4d04-90ff-e59ed705578e,2025-05-19T10:16,5,93.60,Card,Completed
0824f829-51de-4abd-8cec-d281f38479a6,27e45431-1333-4ffd-a0c8-be56ffdc5d4e,2025-06-17T10:16,1,9.27,Online,Cancelled
59711044-891c-4adc-94c1-2465ff9dfb41,90f0db1e-2b19-43f7-ba17-233c7c214eca,2025-08-18T10:16,5,87.15,Cash,Completed
8dcf5cd5-94f8-43c9-8bc8-53e57bb78737,c3ffc43c-0c11-40fa-9824-f234161741d0,2024-03-06T10:16,7,172.69,Online,Pending
7b012231-0afa-4188-ba61-dfd2f134ac82,77ca464a-fe0d-4dcc-8f08-3eb2f7b64f76,2025-02-05T10:16,6,49.62,Cash,Cancelled
7a54427b-2005-47c8-a0d5-ceeb08e3fc3e,0130fcd4-a6cf-4a72-8400-7bcae1abce34,2025-02-10T10:16,3,75.12,Online,Cancelled
82fc549a-4c9a-4e49-a09c-7474f19025c7,5eb75bc0-d5fa-4209-9d42-7767f3f0585b,2024-12-17T10:16,8,203.20,Online,Completed
d2e1f54f-5408-4a26-a47b-aed954ad997b,caad7924-4bc5-4f85-9662-11ca261e3c87,2024-08-26T10:16,5,125.40,Cash,Cancelled
6034e896-3fbb-43a2-a6bd-5f3f09c9147d,209e786b-2a61-4e52-a3b2-1cc98bcbf18c,2025-06-08T10:16,5,124.50,Card,Cancelled
2a7dc59b-e308-4199-aa6b-dccb08a9e3ad,00d7ae70-0f46-4453-963c-4ab2a3d29314,2023-11-26T10:16,7,150.01,Card,Completed
29991872-48cc-488e-b1b4-48f0becbff1b,e886c155-0dae-4b36-88f5-a86fa474d1f6,2025-01-10T10:16,3,42.87,Online,Pending
6710e1c6-f05f-43dc-9c11-cef2b6558cd6,60cd80b6-3967-4dae-b4df-adc7b5644971,2025-02-03T10:16,6,78.48,Cash,Cancelled
8f114ab8-7322-4685-abd4-eb84c0e52b5c,d33bbfcd-a2ca-4e80-8a1c-65223f061e7e,2024-12-27T10:16,6,125.64,Online,Cancelled
dd79cd36-b898-43d9-bcdf-719a62affd11,a938df5f-7764-459c-8bfd-90409d16b3c6,2025-10-28T10:16,3,50.46,Card,Pending
f10ed9f4-fa8b-45a3-9b7e-ccaabfbee393,0e0d5f13-edd5-4ab0-9ddd-3df111bedc5a,2023-12-06T10:16,6,138.54,Cash,Pending
562307e6-c850-446f-906f-81715755a34e,1a48aa9a-def3-481d-922a-94300aa97309,2024-12-07T10:16,1,9.05,Online,Pending
1f4f416d-3063-449b-8402-7626b03f6361,8887df7e-682b-4d48-b18c-c1ddfa0aaa26,2025-05-02T10:16,5,95.55,Cash,Pending
4a95479c-cc8c-4864-9468-3bab6f007d0c,bb9edfa8-17f7-4f6f-8e3b-616693a298b1,2024-01-03T10:16,2,41.06,Card,Cancelled
2d2673fa-eda3-48b9-88d9-85cdacb21d58,4b14a58c-f1e4-40b6-888d-a88cd7055099,2024-09-21T10:16,3,28.23,Online,Completed
0fbe72f8-d503-46e8-b96f-1c8453a2e1d8,26d032f1-9fe9-487a-987a-a8be14e1db05,2025-08-22T10:16,2,53.70,Online,Cancelled
8a3fb734-58ab-4718-8b8e-3528f80706a5,103fcba5-5588-45a5-9fe0-6ac948d3860e,2024-01-17T10:16,1,11.21,Card,Cancelled
231b1455-2a1e-4281-a1e4-dcb84f9f487b,b03f75c1-655f-4480-a2bf-1a0af806e96e,2024-08-13T10:16,4,57.36,Online,Completed
d8d8afe6-1cc3-4dd4-a050-070e17a916f3,401a6911-a31e-4892-adc1-56e3e1eb090a,2024-12-22T10:16,8,214.32,Card,Pending
1e93c600-2500-48e5-9830-5f89f9d749b1,bfa3444b-2be9-46be-b944-720d86a59770,2025-08-30T10:16,9,223.92,Online,Completed
d5246a54-2549-48f2-b1bc-e03bf100613d,e12c3d24-86c8-474f-b86b-370df36adbfe,2024-08-21T10:16,2,45.06,Card,Completed
6c68803f-1705-4852-a639-c005531ab320,e38afcd9-9e08-47ba-bc92-5ebb4bc271eb,2025-09-06T10:16,6,153.72,Cash,Completed
fa7be2d7-8f0c-466a-a457-1fa89c69ab17,4e6807ca-aed8-4ec9-b1b0-0e3aba57efb1,2024-01-21T10:16,2,13.12,Cash,Pending
c4a70811-a6fc-4c4b-bec4-02f65f839a1a,983d66ae-c8b0-46b8-8abc-26a1055cf729,2024-02-06T10:16,6,135.48,Cash,Completed
f5f4ba89-e77d-4fa2-b2ea-3673d882c9a2,89d26a00-0fde-4c03-8430-b06f6bc3f33a,2024-06-30T10:16,2,10.80,Card,Pending
cb877884-0b94-4010-8e2b-cbfba94642c8,4e6807ca-aed8-4ec9-b1b0-0e3aba57efb1,2024-07-12T10:16,4,55.24,Online,Pending
8275fe83-219b-4d14-813a-7d3e1d284a85,000f9c8f-2fc7-4346-844d-c04f10751265,2025-05-26T10:16,8,83.12,Online,Completed
c343d416-c371-4213-a4fc-3e18d30cb693,09ba4183-1b94-4f8c-bc5f-eca421a88524,2024-09-20T10:16,9,244.89,Cash,Pending
0fa62d66-996f-4d57-8ad3-75d8cdd99e07,b3688304-b24b-416a-9bf4-c2b6aaeb59d3,2023-12-20T10:16,3,66.45,Online,Pending
45357f05-4ed8-41bf-8e94-2ad9ce685176,b95f7619-fab2-4df9-8683-1f2aeb93a660,2025-04-21T10:16,9,129.33,Online,Completed
7d57a0f0-421a-47be-8b10-e8c521bd736e,b3688304-b24b-416a-9bf4-c2b6aaeb59d3,2025-08-29T10:16,2,19.48,Online,Cancelled
ea7447d5-3159-44ce-9bd3-3374092b4b34,964d337f-acd5-4ca2-8843-9be3f2eb60fc,2024-02-14T10:16,6,114.90,Cash,Completed
fbb88f90-9560-4b20-b1a2-bf72a67ba335,2c6dafc9-06cc-4b3d-8b8d-12aae0644c58,2024-07-25T10:16,7,143.64,Online,Pending
8c65c5b3-a10d-4be6-9243-10b4b3f0109d,53db1213-7316-47bb-9099-c1def0e3c96b,2024-08-01T10:16,4,108.20,Online,Completed
39ec0092-00ad-45bd-9550-d4d2874e8492,46032f36-69bc-465a-9b33-a5d560bfd77a,2024-07-11T10:16,4,50.60,Cash,Completed
ff1dc099-1522-404a-81f4-9efb9d11bf98,99c406e7-092b-4eeb-bc08-56fc041c253d,2025-06-23T10:16,5,102.05,Cash,Pending
b503dcb4-bcb9-4d05-8f06-a6f4638e6bc0,02c65c06-56ad-4670-b8e2-10ab417c7154,2025-05-06T10:16,3,38.31,Online,Cancelled
f6ed58be-6656-45ec-bddb-276cde7da554,7c991f43-c18b-4404-8826-97691b0dc00c,2024-07-23T10:16,3,52.41,Online,Cancelled
5b13fa68-b723-4d5f-833b-1f2cc5fee300,1407e9cf-22c9-4137-a2fe-cc12dc038235,2025-01-14T10:16,8,206.80,Online,Pending
d9ee9392-4b85-4188-a5cb-6404855c2f51,26d032f1-9fe9-487a-987a-a8be14e1db05,2024-09-06T10:16,7,36.47,Card,Pending
c93ac557-a66f-4303-a90e-d6ae94551a33,365c90d0-a590-4209-9401-2ce55af5ed98,2024-06-29T10:16,4,54.68,Card,Completed
2a754f22-e768-4f85-b50c-f2bfe1dc3718,93cdeef1-3fc3-4a63-a275-0ae87ae6b335,2024-01-15T10:16,8,95.92,Cash,Completed
e6c0b42a-415f-4065-bdc5-9c4aac836e82,e6e1db85-f8ba-4264-9c9a-520ecda4bc4c,2024-06-07T10:16,4,56.52,Online,Completed
1218a057-ab5a-4120-9c73-4b8cf7ce2ffb,1407e9cf-22c9-4137-a2fe-cc12dc038235,2024-01-06T10:16,3,59.04,Card,Completed
fba90bb0-561e-4ec6-9a0b-53833871ab9b,205ea7f7-e714-45b8-a083-11247ff702a1,2024-02-25T10:16,7,130.90,Card,Cancelled
0d1b88d1-6488-46e8-bb34-7b7d3121f6e3,935ebde1-5945-4673-886e-1a7a12cc2d4e,2025-08-28T10:16,9,118.26,Card,Completed
5d00b44d-bc72-475c-9f52-fcef68248e46,7509850a-5062-4da9-aad6-bc5b9e363ef1,2024-01-12T10:16,1,12.67,Online,Pending
3480fc7d-46c8-4b02-8742-c7c796cc78db,e6e1db85-f8ba-4264-9c9a-520ecda4bc4c,2025-11-06T10:16,8,93.68,Card,Cancelled
2cf4d7a5-bffe-4144-9fc3-e58e8aa1a2cf,23650eb4-f98d-45a3-a90b-a378f03d469d,2024-04-22T10:16,4,87.04,Cash,Completed
f017c480-a6de-4bb9-a3b3-8b8794b7d8ae,a302a1a8-c429-406f-abff-9f273aa0a4b5,2025-04-23T10:16,2,15.18,Cash,Completed
295041b7-7050-4f33-a97b-c5a63790c275,99c406e7-092b-4eeb-bc08-56fc041c253d,2025-01-19T10:16,1,10.58,Card,Pending
abfd290a-d61f-4817-bf18-eaeed5eef736,90f0db1e-2b19-43f7-ba17-233c7c214eca,2024-09-27T10:16,6,31.80,Card,Pending
0a5129b8-6030-4db2-9280-02c96dd855b3,b04ce307-2d1f-4214-b023-d8f4379041a1,2023-11-26T10:16,1,5.97,Card,Cancelled
6e1f651a-55f0-41e1-9e99-27c495f8d05a,d5cfb1a3-ce2f-4aff-ab4c-50e0c5426af1,2024-02-13T10:16,4,109.80,Card,Pending
b165acb7-3bbc-41d2-acea-6c80d25a933c,98b17fed-218c-4f20-8410-9f0edfc74455,2024-10-11T10:16,3,80.85,Cash,Cancelled
e63954a3-f9bf-4590-b74f-59f2fcdd86c1,8887df7e-682b-4d48-b18c-c1ddfa0aaa26,2024-07-29T10:16,7,205.45,Online,Completed
e2ab7b86-54ea-4a7a-9f6c-66f137bd6ba1,0a570207-0f70-467f-bbeb-44a0a60a9a25,2024-01-06T10:16,6,94.98,Online,Cancelled
59aed4c1-2fd6-4dcf-95b9-299c4d255a6f,0e0d5f13-edd5-4ab0-9ddd-3df111bedc5a,2025-04-08T10:16,9,157.41,Card,Pending
a79cc9a8-e708-4bd6-a22f-da5a99b510eb,500fde18-ea61-4380-9ea4-f06d09985870,2025-02-18T10:16,1,14.98,Card,Pending
a932c544-ccee-451b-8da1-5b24e602f714,c5817fdc-a4dc-4879-b957-30cfda62016b,2024-01-30T10:16,1,8.32,Card,Pending
bf900ffe-ea6b-451a-8221-ebdd424ae3bc,0472ca7f-b133-4710-8f43-24a3c6c1afd1,2023-11-16T10:16,7,77.84,Card,Completed
afb9d6b0-9080-41e5-bd14-1048eb856684,8b546c63-5406-493d-bc69-cfb594b38267,2025-08-01T10:16,9,124.74,Online,Cancelled
8d413838-01c0-4dd4-a271-c2f8c7ad6992,795088d7-d227-422e-ad8c-f048bde0675e,2025-09-15T10:16,5,47.95,Card,Pending
69d4db3b-18e1-4464-8460-724e47fdc798,1233cc27-7567-48e0-8dd2-6b0019506c2f,2025-08-27T10:16,5,143.40,Card,Completed
0e84a02a-d4e0-4504-a819-9c8a85be0d8a,4e6807ca-aed8-4ec9-b1b0-0e3aba57efb1,2025-11-10T10:16,1,26.15,Card,Pending
be9c907c-e21b-43ad-bb50-a75286a928d1,bb6bf39c-f455-4e08-a59e-1bdaaa91d4aa,2024-01-13T10:16,5,68.05,Online,Cancelled
f54df2ac-8dd6-4244-ab95-7a4239780005,14eace30-1ac2-411e-8eef-98e8f32a87fb,2024-06-23T10:16,8,179.84,Cash,Pending
01de212f-6ab1-4b5b-8929-552bac22fd03,d5cfb1a3-ce2f-4aff-ab4c-50e0c5426af1,2024-02-14T10:16,7,128.31,Online,Completed
6d57eea5-f1be-46ad-a822-a83bacdd6538,3befa4dc-d961-4a3a-9410-d43d1bdaa335,2024-10-19T10:16,7,119.42,Online,Pending
21fcfcb6-3bca-4f9d-a8e6-aa80da5e2766,bfa3444b-2be9-46be-b944-720d86a59770,2025-11-06T10:16,7,191.38,Cash,Completed
4f4d1fbc-4da0-4ffc-81be-e7a96b494885,e886c155-0dae-4b36-88f5-a86fa474d1f6,2024-09-19T10:16,9,201.42,Online,Cancelled
6286e7f9-9a4b-4507-b766-6b64971b3c45,ecf1ffb0-ac00-4968-87ea-8beef4ace55a,2024-09-04T10:16,9,209.25,Online,Completed
5ba4d38b-bcdb-436c-87a0-c1a07a68712f,f3826f04-0dfa-4266-8002-58fede0093f5,2024-03-08T10:16,1,27.94,Card,Completed
22ee2be0-8b2b-42c1-9b82-35e332b98f86,92da274a-bea2-490a-bb52-196c46fa8487,2025-11-07T10:16,6,111.60,Cash,Completed
6f142a4a-78f6-4fc9-af8f-0b9bde1f9aaa,953417c6-cd52-45e9-9ca0-bb450653c934,2024-08-22T10:16,5,36.50,Online,Cancelled
38652164-19e6-48ec-b406-bc8899e6a58c,0130fcd4-a6cf-4a72-8400-7bcae1abce34,2025-01-18T10:16,6,144.84,Cash,Pending
3d51cd1a-72cc-4f4b-b103-c145bafcd3ad,d33bbfcd-a2ca-4e80-8a1c-65223f061e7e,2024-06-24T10:16,9,233.10,Cash,Completed
5ee373c2-5bb9-409b-98e1-61d7853140e8,8626238e-5813-415a-9a8c-db944b1e0269,2024-01-15T10:16,4,96.76,Cash,Cancelled
e7c22ce6-d3d2-44d7-a247-b3e639abeb69,ff4db0d8-e809-46e8-9ae0-78ffee4902d9,2025-04-30T10:16,4,100.56,Card,Cancelled
915b4a28-f586-4dca-ba48-a21ad7800521,0a0ac3e5-6e20-4fbc-87ec-5481c70e38bc,2024-07-03T10:16,5,25.75,Cash,Pending
3c7b42be-7c0f-4d03-b6b4-276d994eb02f,f067e21d-d1d4-4e87-9cae-9753f5f9ccb6,2025-05-16T10:16,2,27.92,Cash,Pending
f863f17e-ee00-43a3-a152-a9e7b8039d15,0a5bd884-b432-4ce5-b14e-44b4aedd4c0f,2025-02-20T10:16,5,134.50,Card,Cancelled
ae2d9b41-c1ff-444d-8fd8-8347e96bcd5e,27e45431-1333-4ffd-a0c8-be56ffdc5d4e,2024-05-12T10:16,2,29.86,Online,Pending
6d706f69-8c41-4646-8c0c-e4a84108533b,4bb2d776-14c0-4ef6-b8ba-c580cbed72b8,2023-11-28T10:16,9,100.08,Card,Pending
80d057b2-59b8-48b3-893d-2deb6fc61baa,b3688304-b24b-416a-9bf4-c2b6aaeb59d3,2024-08-27T10:16,1,13.08,Card,Cancelled
a02d9335-b92e-442a-8131-0e9a3c610df4,5400d214-6176-40bf-88d2-3f53ed38bf69,2024-01-22T10:16,9,83.07,Card,Completed
deab72bc-a7c0-4175-aee6-2eb162738d90,964d337f-acd5-4ca2-8843-9be3f2eb60fc,2024-12-04T10:16,1,26.56,Card,Pending
17357e83-5317-4d44-97d2-d983a506acb5,935ebde1-5945-4673-886e-1a7a12cc2d4e,2025-06-29T10:16,1,25.75,Online,Cancelled
dd717071-70c3-4315-b5c5-fbe45225f1c3,935ebde1-5945-4673-886e-1a7a12cc2d4e,2025-04-15T10:16,1,18.80,Card,Pending
97530d47-3059-43f6-80f0-279901cf2ca5,8b115a34-224b-453c-be69-b53a7445b466,2025-01-13T10:16,3,30.30,Cash,Pending
139ad17d-9c5f-4da7-93bc-b3c40b3ff2fd,b6c26110-1b77-4777-8c79-c69ec19b66df,2024-04-26T10:16,9,136.62,Card,Cancelled
92e4af71-2d82-4613-8ac1-bea832d73d5d,ada8704c-2784-4d70-84da-10078407d2c8,2024-04-12T10:16,3,60.24,Cash,Completed
d7d97415-267e-4754-9b5a-0a35415df6bc,0a15d43b-8f6b-444a-bef2-ffbddfdbd16f,2025-02-03T10:16,2,42.38,Cash,Cancelled
b2a5acbf-622c-4c80-8875-872856629bf2,9305d562-2505-493d-8ed8-3fb721c8f491,2024-12-24T10:16,3,48.69,Card,Cancelled
16ae404c-2126-45bb-99e5-b0998e6fe1cb,ceafdb2a-788d-48e0-acdd-bd533a2e7ab6,2025-03-24T10:16,4,35.28,Online,Cancelled
c0e4f38e-bf00-4b72-83d9-002e4110931f,10b26c2d-7d56-4175-84a8-a2775e128a9d,2025-07-16T10:16,7,136.43,Online,Pending
af4c2bce-a79e-431f-9190-b3d978ed86b2,10b26c2d-7d56-4175-84a8-a2775e128a9d,2024-11-30T10:16,5,127.30,Cash,Cancelled
aa959ade-d9b9-4212-b78c-c6ec50ce9905,1407e9cf-22c9-4137-a2fe-cc12dc038235,2025-04-11T10:16,7,184.17,Cash,Cancelled
00cff28c-4a14-4519-a93a-dc806e1a35d6,e6cb1215-5314-4d05-bfd1-f6e5d36e89f7,2024-09-18T10:16,8,141.92,Card,Cancelled
7ee8b5fc-e13d-44b1-9a81-b72a85e76cf4,1d32c3b3-c732-4995-aa6b-ff159deb3bdf,2025-01-17T10:16,2,43.64,Online,Pending
4179a02a-880f-423b-8444-21fb442ad1e7,6945f6f4-b8f9-4d04-90ff-e59ed705578e,2024-10-11T10:16,3,47.70,Online,Cancelled
e07dacd3-c56d-4a3e-b7b4-79ab70ffb1b8,e12c3d24-86c8-474f-b86b-370df36adbfe,2025-05-09T10:16,1,21.39,Card,Pending
dded0a29-1870-4ebd-8956-c31a1580dce1,983d66ae-c8b0-46b8-8abc-26a1055cf729,2025-06-18T10:16,4,51.48,Cash,Completed
971ab731-3077-4079-a1a9-b9c7b2451b6c,c1a09d60-c9e8-4489-a68e-e01b51541d33,2024-02-27T10:16,3,68.31,Cash,Cancelled
456c1088-063d-4a5a-8a71-887da1a992e5,c9dcc28a-ae5f-477c-ae7e-72d94129f449,2024-11-08T10:16,9,256.23,Card,Pending
f6146462-48df-4813-af74-a5d1cdd7fae4,c83bba2f-5229-4998-9566-1f3179b13e8a,2025-04-26T10:16,6,79.14,Card,Cancelled
bef9ee49-1373-4948-ba05-9493c2e6d8b3,0a570207-0f70-467f-bbeb-44a0a60a9a25,2025-09-24T10:16,8,174.16,Card,Cancelled
3fcc09a6-8493-4605-bc97-a1cf7b3dfc29,49af098b-bf79-4643-8e49-739ea932d38b,2024-03-11T10:16,3,84.57,Card,Cancelled
f414631a-c77d-42e1-9ac1-0c31afcb695e,93cdeef1-3fc3-4a63-a275-0ae87ae6b335,2024-04-04T10:16,8,41.20,Card,Completed
33f1ee4d-6eb2-4ccd-b6d8-685176424f1a,6bd388d4-5636-450b-bacd-55bdcb769bab,2025-01-16T10:16,4,110.08,Online,Completed
46c3e050-00d8-4c2a-bf33-261f0374ef42,52c87fd9-fdf0-4256-b929-6153ad24a0ac,2025-05-15T10:16,7,207.62,Cash,Pending
47def46e-b992-4daf-bb1e-ad29c42a9d97,205ea7f7-e714-45b8-a083-11247ff702a1,2024-11-24T10:16,4,104.16,Cash,Completed
61579a32-ded9-4fd9-bbc6-58452ceb5fee,f0a6a958-e434-41bf-a830-dffa55a34db5,2025-09-19T10:16,1,22.99,Cash,Pending
e814bc06-8831-4c86-bcdd-1eb9fe1842a4,f90cf3ca-e2d0-4129-bc7a-e8a2b80880da,2024-10-20T10:16,7,113.89,Card,Cancelled
8525cb75-7623-4c9e-94df-38614df6c077,d3f641e5-b8b5-4f5f-9155-7768df2033e8,2025-02-28T10:16,9,214.38,Card,Cancelled
1a78b9fe-00e8-4efe-971a-06123c3292cd,ec3490d2-e8da-47ee-ae12-0ca0b1d7a2bb,2024-07-26T10:16,9,186.66,Online,Completed
516a4e76-9849-40cc-98d5-8d67b33c4506,65b2c0ea-6192-47fc-9286-2c1dd3ecefb1,2024-04-20T10:16,1,16.68,Card,Completed
9cd0eee6-52d3-464c-b259-fddfa579d827,7c991f43-c18b-4404-8826-97691b0dc00c,2025-08-15T10:16,7,129.29,Cash,Pending
d3b8bffe-0e0c-41bd-9d50-d739c84a341e,98b17fed-218c-4f20-8410-9f0edfc74455,2025-10-31T10:16,4,88.72,Online,Cancelled
972bb021-29a4-4942-ac91-e0268d84c05e,103fcba5-5588-45a5-9fe0-6ac948d3860e,2023-11-23T10:16,2,25.14,Cash,Pending
bd22f8e4-e509-4899-8798-bee93338a722,8b546c63-5406-493d-bc69-cfb594b38267,2024-10-17T10:16,6,76.32,Online,Completed
cf3d3796-24d7-4fa5-90e1-5eb2baa5d42f,428424b7-1f94-496a-8b7a-497ce177d32c,2024-06-12T10:16,2,25.32,Card,Pending
0970e751-1685-4e42-84f3-76995bc4752e,fbe227d7-6d32-4407-9783-7fdac983e55f,2025-10-09T10:16,1,20.85,Cash,Completed
1324ac2f-8277-4197-85ff-cc24977a50d7,52f5634d-de98-4543-8a1e-cbf1e2d0242f,2024-03-10T10:16,3,17.31,Cash,Pending
34f22f58-a314-4075-9fd5-ccc326bf4813,6117b6f0-c4f4-4bf1-9eeb-f33950decba8,2024-04-06T10:16,4,48.64,Online,Cancelled
3979c9d0-32e4-4f0f-bc1e-46e27199b975,953417c6-cd52-45e9-9ca0-bb450653c934,2023-11-16T10:16,3,60.69,Online,Completed
0941cfa4-aa60-474c-b969-f02aa4987e00,f0a6a958-e434-41bf-a830-dffa55a34db5,2024-09-14T10:16,1,28.49,Online,Pending
f3bf71e8-952d-41b0-ae4c-e0c795cfcb04,d5eaf6a7-76cc-48ec-98d9-ba713e2df70f,2025-08-12T10:16,6,53.64,Online,Completed
8a2ff52d-9549-41a0-a7b2-2af1d2ba28e0,5eb75bc0-d5fa-4209-9d42-7767f3f0585b,2024-11-23T10:16,9,263.97,Cash,Cancelled
93392d79-8b52-4d50-b416-fd9b8391dc6b,5f0f3def-9ff6-4282-ad04-001c4a769966,2024-10-10T10:16,1,10.94,Card,Completed
61cc5b79-5c5e-4d6d-84da-601a84aaaab5,f90cf3ca-e2d0-4129-bc7a-e8a2b80880da,2024-11-19T10:16,5,74.70,Card,Completed
3f4cb1e7-abb4-4e6d-ba7d-dbe25066674d,4b14a58c-f1e4-40b6-888d-a88cd7055099,2024-08-23T10:16,6,154.62,Card,Cancelled
4cd6b195-903c-4325-856b-2a15cf5b9818,b3688304-b24b-416a-9bf4-c2b6aaeb59d3,2024-08-10T10:16,5,74.10,Cash,Cancelled
3e98714d-6ac7-44cc-b5fd-cc9e7f57476a,cb8747c7-32ca-4b6b-868d-13ab01d953ec,2023-12-24T10:16,9,135.90,Card,Cancelled
3cc9aa8d-9582-4c8b-92b3-3ed8872f089b,b014b56e-3263-4b63-8430-46e00bc5ea77,2024-09-13T10:16,6,105.78,Card,Pending
b7ce79e2-0aa1-437f-928f-60b95fd10fde,46032f36-69bc-465a-9b33-a5d560bfd77a,2024-10-29T10:16,8,190.96,Online,Cancelled
431347f0-f886-4703-b6cd-50fbe01b6fe1,6b1178fc-1745-401d-88da-3903c243ebe9,2023-12-01T10:16,7,64.82,Card,Cancelled
ff578c08-7412-4c1b-a70d-369454b24408,d5cfb1a3-ce2f-4aff-ab4c-50e0c5426af1,2025-02-26T10:16,4,58.00,Card,Cancelled
e27840ef-f58c-43be-b0bd-fddb6de814aa,63846b60-b7be-4087-ac6e-56c9bc130a20,2025-03-29T10:16,8,46.08,Cash,Completed
0ca07fae-6e04-476e-89e5-7d1de2e4f285,92da274a-bea2-490a-bb52-196c46fa8487,2023-12-28T10:16,5,104.65,Online,Pending
ad10dc8f-0eb3-42bf-92ab-d80bcb00a6e3,953417c6-cd52-45e9-9ca0-bb450653c934,2024-04-02T10:16,6,93.06,Card,Pending
a7b66cd3-2cb7-4dcd-aa08-45ee2a115b8e,401a6911-a31e-4892-adc1-56e3e1eb090a,2025-08-11T10:16,4,62.16,Cash,Completed
a2e51c5f-bf59-4a4f-9f9e-48372794e940,2ca088cd-c6c6-4e60-a1a4-d2990ee21b12,2024-09-11T10:16,8,104.32,Card,Pending
43677637-fb72-491e-9ab4-06ed62a855f0,0b2a0e9a-e050-4380-b607-57adcbbf59d4,2025-08-25T10:16,6,57.48,Card,Pending
9bcfa356-8461-42d4-a0cd-d9f05d1ce3a9,0a5a9fc7-e126-48f0-99aa-dea85c606f66,2025-07-03T10:16,6,170.16,Cash,Cancelled
9e17ddb8-9611-449a-98a6-db951ebb3dd9,11526850-7335-463f-b740-a52a90457c3b,2024-01-24T10:16,1,5.09,Cash,Pending
b584a0e1-8ca5-4f8c-b1af-fc1d17fe8fa9,953417c6-cd52-45e9-9ca0-bb450653c934,2024-03-26T10:16,1,19.21,Online,Pending
64403d0b-410a-4ea6-ba47-d335941ad909,7a2e5fa5-096b-4701-8ce6-7a3db39bf8eb,2024-11-20T10:16,9,145.98,Online,Pending
75c718b3-755c-4bbe-8988-a898211b3bce,000f9c8f-2fc7-4346-844d-c04f10751265,2025-02-06T10:16,8,203.28,Cash,Completed
3edd240a-92eb-4c8a-b321-530949bcd5ac,7509850a-5062-4da9-aad6-bc5b9e363ef1,2025-05-27T10:16,8,105.44,Online,Cancelled
6729336f-fffb-4102-a936-9c60bed6ffa5,1407e9cf-22c9-4137-a2fe-cc12dc038235,2025-10-19T10:16,1,11.73,Cash,Cancelled
391ce480-1838-4c0e-a446-a32a3d15b5d0,caad7924-4bc5-4f85-9662-11ca261e3c87,2025-03-28T10:16,1,17.15,Online,Pending
73925f7a-7ed3-407f-b3a9-90a4cd8f7c2d,515fe1d2-d33a-4b9d-8c19-07e0cbe81a9a,2025-03-12T10:16,9,246.24,Card,Pending
b8431735-9c63-4158-8222-b8337dfb88ab,7a2e5fa5-096b-4701-8ce6-7a3db39bf8eb,2025-08-28T10:16,1,8.12,Card,Cancelled
9f93ceda-de1f-4e05-a920-f71546428fdf,02c65c06-56ad-4670-b8e2-10ab417c7154,2024-01-25T10:16,9,153.63,Cash,Cancelled
a672b40a-016c-4621-be24-1592080564dd,6945f6f4-b8f9-4d04-90ff-e59ed705578e,2025-01-19T10:16,1,9.72,Cash,Pending
ebe1085d-84ab-473d-8581-412c16b88790,8887df7e-682b-4d48-b18c-c1ddfa0aaa26,2025-08-17T10:16,8,88.40,Online,Completed
6be385f8-a65c-423c-9583-1f3218e11a34,935ebde1-5945-4673-886e-1a7a12cc2d4e,2025-03-17T10:16,9,239.31,Card,Cancelled
994edc75-b409-4fd2-ad4b-d0302dc8a70a,f90cf3ca-e2d0-4129-bc7a-e8a2b80880da,2025-08-16T10:16,1,12.64,Cash,Pending
74c1f521-2236-4bd4-ad08-3e9ffc9e30a7,103fcba5-5588-45a5-9fe0-6ac948d3860e,2025-03-25T10:16,8,87.92,Online,Cancelled
1a2c1298-cd08-45e4-8d57-95fc9c827f8f,e12c3d24-86c8-474f-b86b-370df36adbfe,2024-12-14T10:16,1,20.78,Card,Pending
308df5a9-2b4e-475f-a25b-b7edc47f38b7,77ca464a-fe0d-4dcc-8f08-3eb2f7b64f76,2024-03-01T10:16,2,38.10,Cash,Pending
26edfdef-6e68-42bd-8fc7-53e248761664,c1a09d60-c9e8-4489-a68e-e01b51541d33,2025-02-28T10:16,9,108.90,Card,Cancelled
97cbd5bd-a0a4-42f9-a0a6-0b69b64a7ee8,98b17fed-218c-4f20-8410-9f0edfc74455,2025-03-21T10:16,6,31.02,Card,Cancelled
561683f2-2110-4305-96a8-fef1095fbfaf,428424b7-1f94-496a-8b7a-497ce177d32c,2024-04-03T10:16,4,22.56,Online,Pending
7bd8c51b-a28c-4655-badf-49aedf396f2b,4739f27f-7a96-4d52-83ae-0c6fd4c8c606,2025-02-04T10:16,4,116.60,Card,Completed
e6c46482-f399-431c-9541-928640070c6b,a938df5f-7764-459c-8bfd-90409d16b3c6,2024-05-29T10:16,7,162.26,Card,Completed
6458d05e-fb4d-4e1d-a563-235325c08aed,ebe19120-496a-47fa-87eb-2440212a3363,2024-12-10T10:16,9,52.29,Card,Cancelled
59c5c085-a413-44aa-969c-dc0ff3d8f88b,6e551d53-4f6d-4b84-a9de-3d7c79694805,2024-09-26T10:16,3,57.42,Cash,Completed
01fbbcbf-906e-44eb-ab2c-ad17e04638f8,8b546c63-5406-493d-bc69-cfb594b38267,2024-02-01T10:16,8,189.92,Cash,Completed
a9628438-f408-4a42-8dad-3cd19eed9ad3,726d71e2-70fd-4416-8568-78619c14a73a,2024-07-02T10:16,2,53.26,Online,Pending
8dea36ac-cae7-450d-9d21-8914ce5da670,b95f7619-fab2-4df9-8683-1f2aeb93a660,2025-11-10T10:16,7,125.09,Online,Cancelled
cfebdc44-a5d4-4680-9d5a-2cb18906dc17,ecf1ffb0-ac00-4968-87ea-8beef4ace55a,2024-05-13T10:16,4,51.20,Cash,Pending
92aa9928-29e9-4183-800c-21e2e9867a01,3befa4dc-d961-4a3a-9410-d43d1bdaa335,2025-11-10T10:16,8,156.64,Card,Cancelled
4ba52b0a-7100-4b26-a2cc-53243b9fda1a,4bb2d776-14c0-4ef6-b8ba-c580cbed72b8,2024-03-02T10:16,4,62.08,Online,Completed
e116132f-3d5a-4f60-a6ee-97b6fccfddfd,52fbb114-83aa-432d-b2f1-f3e37a5c4754,2024-03-20T10:16,5,94.65,Cash,Completed
820da89f-693f-4bad-86e0-92f5c14e35c3,910b1d47-5c37-48b1-8bde-96c60660f1d7,2024-08-29T10:16,6,49.74,Online,Completed
bf1027c5-0f33-4ae3-814d-914699b1f8ff,09ba4183-1b94-4f8c-bc5f-eca421a88524,2024-09-15T10:16,2,22.96,Online,Pending
16890bce-b7d7-4273-9c81-1e712977ec8f,b014b56e-3263-4b63-8430-46e00bc5ea77,2025-01-20T10:16,7,206.50,Cash,Pending
7b745a92-0780-4ebf-b18b-37db22b0d069,63846b60-b7be-4087-ac6e-56c9bc130a20,2024-03-18T10:16,3,35.16,Online,Pending
0f8bc428-1825-400c-9a82-bb2938e2a2f8,6945f6f4-b8f9-4d04-90ff-e59ed705578e,2024-06-22T10:16,9,58.05,Cash,Pending
b91f7813-52ad-4d4f-bdc4-966c00eb9b76,485b65e7-fdf4-474d-afba-37986d8d3cd8,2024-04-25T10:16,1,29.10,Online,Completed
ec0c2ec9-d7c8-4aa4-b643-26297032189f,058b9c75-b72f-4594-80d2-e41194ff7672,2024-03-05T10:16,3,80.70,Online,Completed
7dc6fb89-e528-412f-8c73-9a6068502b3f,3ab3404a-ee80-4ed2-8d90-a6f0dad14e48,2025-09-23T10:16,9,135.27,Online,Cancelled
d8a65eb6-1fe4-407c-be7c-0fce7855e881,401a6911-a31e-4892-adc1-56e3e1eb090a,2025-09-02T10:16,9,196.56,Online,Cancelled
5741b385-3a14-4f25-85ff-cd14c4f13768,8b115a34-224b-453c-be69-b53a7445b466,2025-10-08T10:16,5,33.65,Online,Pending
840fbd38-0c95-4b51-a0dc-7f17be5ae0ec,0472ca7f-b133-4710-8f43-24a3c6c1afd1,2025-07-10T10:16,5,84.75,Cash,Cancelled
bcc5a2cc-86c3-4a83-9ef1-a38ad7b51c03,5eb75bc0-d5fa-4209-9d42-7767f3f0585b,2025-04-11T10:16,3,64.86,Cash,Cancelled
74f624d7-1968-4dfb-8326-24611650bff5,5d6f84a5-a4de-442e-99b9-b8ef714b4436,2024-07-05T10:16,3,23.37,Cash,Pending
a24ff678-c15a-42b9-9b07-cfd5cadaaf84,6f61ca8e-51a1-48e0-abfa-88326e713e34,2024-02-25T10:16,2,27.68,Online,Cancelled
3281dd6a-e3de-4194-a271-68a4d60877f5,98b17fed-218c-4f20-8410-9f0edfc74455,2025-10-11T10:16,5,89.10,Cash,Cancelled
1a8b20f0-f1f5-4355-86fc-f0bbd848ab95,058b9c75-b72f-4594-80d2-e41194ff7672,2025-05-26T10:16,5,54.10,Cash,Completed
4969866a-63a9-4947-846b-194dac87f027,a3f626b9-cc27-4c04-8570-be79ab8bda4a,2025-10-29T10:16,5,57.65,Online,Pending
d0abf687-384d-461d-853e-cb72234b8b94,e85d0261-2d97-4475-a749-363ec9040a74,2024-07-06T10:16,6,58.56,Card,Cancelled
3682ec88-2899-4d38-b5e9-1b0f99ff70fe,f0a6a958-e434-41bf-a830-dffa55a34db5,2023-12-09T10:16,2,34.30,Card,Completed
dc5f7889-5dd8-4ad9-9499-68eaa38c4dcf,983d66ae-c8b0-46b8-8abc-26a1055cf729,2024-11-11T10:16,7,39.27,Card,Pending
89a7170e-20d0-4a44-9a1a-ee5a314fe603,e7991221-0de0-4ef8-aa9c-ca3b59197059,2025-09-13T10:16,2,25.04,Online,Pending
a2527b15-91f6-4344-879c-4765a6802dd2,0b2a0e9a-e050-4380-b607-57adcbbf59d4,2025-02-02T10:16,7,74.55,Card,Cancelled
4f05c218-3600-41a9-ba3f-22c9f1865610,ebe19120-496a-47fa-87eb-2440212a3363,2025-11-07T10:16,8,137.28,Cash,Cancelled
d5060569-ac34-4991-a796-1cc1a9e49711,e7991221-0de0-4ef8-aa9c-ca3b59197059,2024-01-14T10:16,2,54.92,Card,Completed
563b4f79-51ca-4aa6-ac2a-d28a3575080c,726d71e2-70fd-4416-8568-78619c14a73a,2024-01-24T10:16,5,83.20,Card,Pending
ad1e10a5-d0d2-4243-ac90-aabcebed045a,ec3490d2-e8da-47ee-ae12-0ca0b1d7a2bb,2025-05-20T10:16,2,23.86,Card,Completed
96158e6d-0b50-478f-8157-cdfcf8b095a8,46032f36-69bc-465a-9b33-a5d560bfd77a,2024-05-13T10:16,1,20.88,Cash,Pending
ad8cc85a-751e-4ece-a6dc-21777c06fcc3,3ab3404a-ee80-4ed2-8d90-a6f0dad14e48,2024-07-28T10:16,1,28.32,Online,Cancelled
5c17d538-47b0-44cf-ae67-144f86098a91,8b115a34-224b-453c-be69-b53a7445b466,2024-05-20T10:16,1,23.30,Cash,Completed
783d4b70-5537-4bd9-931d-f726f9191816,7a18d550-38d0-40b2-84a7-547162e7e409,2025-09-18T10:16,4,52.24,Card,Pending
4ba9e06c-4854-4cd3-99b2-9226d9e07838,fe624323-ba72-456d-9842-ed9e0edc75df,2025-06-28T10:16,7,138.60,Online,Pending
0a0a38b3-5c60-4c2c-a828-e6cf69ebe714,5f6e51da-5f01-4c9a-85dd-7d50ef37e5d7,2024-03-27T10:16,7,206.85,Cash,Cancelled
2d8044a8-dd7c-4b5d-b39e-95a96b01da57,99c406e7-092b-4eeb-bc08-56fc041c253d,2025-07-24T10:16,5,38.95,Online,Pending
6b89cd4d-a4b5-4644-ad7c-9a0733b6a5f3,0a5a9fc7-e126-48f0-99aa-dea85c606f66,2024-05-22T10:16,1,14.31,Cash,Cancelled
08c7589c-66cd-4708-a648-ee6d55fe5bb0,500fde18-ea61-4380-9ea4-f06d09985870,2023-12-14T10:16,4,89.00,Online,Pending
141f870e-1c31-4b2a-9c2c-5cdfcaec58a1,e85d0261-2d97-4475-a749-363ec9040a74,2024-04-04T10:16,9,252.72,Cash,Completed
6ebde7b2-77be-42e0-ac0f-1c6763ae0f70,485b65e7-fdf4-474d-afba-37986d8d3cd8,2025-09-27T10:16,4,57.24,Cash,Completed
16bf5a53-5bc0-4cbb-a605-75dc929eead4,2c6dafc9-06cc-4b3d-8b8d-12aae0644c58,2024-08-30T10:16,6,160.38,Cash,Pending
71e5cb02-b0b2-47f2-9f15-6ba84a4fc170,49af098b-bf79-4643-8e49-739ea932d38b,2023-12-21T10:16,7,68.74,Cash,Completed
92019c6a-f691-4fd8-afdd-734598312665,6c3bf618-a715-40f9-9faa-cfc5f5beef2f,2024-05-05T10:16,3,63.39,Cash,Completed
a945d5e9-f0d4-4397-a145-e9e349c39352,058b9c75-b72f-4594-80d2-e41194ff7672,2025-01-02T10:16,9,52.92,Card,Completed
fb597654-5928-4aa2-b6d6-bf14c9cf84d1,e85d0261-2d97-4475-a749-363ec9040a74,2025-08-22T10:16,3,81.51,Online,Completed
11d53d8f-29f1-4638-8b01-06cc01ce3431,80537cf2-360f-4740-8b7e-d4cd56e22987,2024-01-11T10:16,5,90.95,Online,Cancelled
3619ab99-bd6e-41ee-87d9-baa0700096c4,0a15d43b-8f6b-444a-bef2-ffbddfdbd16f,2025-10-07T10:16,3,41.37,Cash,Cancelled
b43a1124-2310-41c9-9c2f-c073feb3cbf1,6e6d2c67-f7fb-4a98-8f9a-4822259b25c4,2024-05-26T10:16,8,131.12,Online,Pending
f75ec3e6-d0f4-4d92-b571-50951861dbf0,2c6dafc9-06cc-4b3d-8b8d-12aae0644c58,2024-05-05T10:16,9,142.38,Online,Cancelled
7364e922-1a09-4b5f-9e57-2d2d5a162e24,6f61ca8e-51a1-48e0-abfa-88326e713e34,2025-08-14T10:16,7,76.93,Cash,Completed
b6784b64-254b-45fa-b642-bd01f0cafeca,92da274a-bea2-490a-bb52-196c46fa8487,2024-03-04T10:16,1,5.85,Cash,Completed
0284f955-37e4-4289-a2a6-099407c81e8d,1a48aa9a-def3-481d-922a-94300aa97309,2024-05-07T10:16,1,6.06,Card,Cancelled
236e8d9d-b7f5-4dc6-ad19-a5d1b68b279c,aff4340c-d102-49ba-af8e-84d2737ce82c,2025-03-30T10:16,4,56.12,Cash,Cancelled
1268e910-f8bd-4e57-9e14-99d3d7720a0b,36b880b0-e9bd-4c0b-8f1c-32018f6c758a,2025-09-02T10:16,6,85.98,Cash,Pending
a7fea7b7-e981-4047-a310-c17cc7157813,0dd437d0-74fa-43c3-8909-5c955e4d47dd,2025-11-10T10:16,7,167.30,Online,Completed
05609646-e5db-43ac-b68c-f8ed57e82e30,058b9c75-b72f-4594-80d2-e41194ff7672,2024-04-16T10:16,5,63.80,Online,Cancelled
317361d5-087b-47c4-8b07-051cbf1dc3d8,9c53f3f8-5b22-4d77-bd76-cfa6c70e443c,2024-03-29T10:16,5,139.30,Card,Completed
7c693c06-4ec9-4a7c-80cd-87eb4fbcaddd,fbe227d7-6d32-4407-9783-7fdac983e55f,2024-04-25T10:16,4,64.24,Cash,Pending
e7b8bad5-5a7d-4cb1-8d2a-97ae58a04478,795088d7-d227-422e-ad8c-f048bde0675e,2025-08-01T10:16,2,22.30,Card,Pending
9fc88fee-d647-4bea-ad97-8e03cb92da47,6c3bf618-a715-40f9-9faa-cfc5f5beef2f,2025-01-19T10:16,5,84.35,Card,Pending
b7524121-387e-4b7c-8995-8757b063c24f,26d032f1-9fe9-487a-987a-a8be14e1db05,2025-10-05T10:16,2,33.30,Cash,Completed
a4085451-fae5-41fc-a400-1f04b0f2c07c,26d032f1-9fe9-487a-987a-a8be14e1db05,2024-09-11T10:16,2,33.04,Card,Completed
2dba6e51-8bab-41b2-ae08-685c381d6af7,b0d737cd-ec4b-4a88-aa81-d012ef3fb719,2024-05-31T10:16,5,47.50,Card,Cancelled
7981a417-8a78-4de0-a830-ab16eba48220,e12c3d24-86c8-474f-b86b-370df36adbfe,2024-09-27T10:16,3,79.77,Card,Completed
672b5fac-f669-4037-9c48-2dbbf6d77e5a,02c65c06-56ad-4670-b8e2-10ab417c7154,2024-03-04T10:16,7,71.47,Cash,Cancelled
61f4a90b-b540-4b62-b2d6-5767a54ebdeb,5f0f3def-9ff6-4282-ad04-001c4a769966,2023-12-07T10:16,1,17.11,Cash,Pending
1023d8b9-9990-4e95-9ca2-faf3def64d40,7169ef0c-f2c8-4ae3-83f6-87691664d2d2,2024-10-14T10:16,4,95.36,Online,Cancelled
c371617b-c034-46c3-a2af-273d59633c18,e85d0261-2d97-4475-a749-363ec9040a74,2025-04-09T10:16,4,32.56,Cash,Completed
82adb22e-b815-4bf1-b4f1-336440efcb5f,7169ef0c-f2c8-4ae3-83f6-87691664d2d2,2024-02-09T10:16,6,40.14,Online,Pending
aaea0003-b843-481c-803d-d8984a0b849c,5f0f3def-9ff6-4282-ad04-001c4a769966,2024-07-21T10:16,6,171.42,Card,Completed
95135fac-b95c-48c5-a9dc-3601d5cb361a,5eb75bc0-d5fa-4209-9d42-7767f3f0585b,2024-09-27T10:16,7,182.98,Card,Pending
a18152b6-8f43-424a-b220-9443bad53978,ba5d9947-b043-4aca-8ee0-6b77895cf8e8,2024-09-04T10:16,9,116.82,Card,Pending
cf7ce07c-49dd-44fa-8f06-61314579ad24,aff4340c-d102-49ba-af8e-84d2737ce82c,2023-12-15T10:16,2,11.16,Card,Cancelled
a7e85e1d-8b32-40c9-98e7-e8db0f084970,52fbb114-83aa-432d-b2f1-f3e37a5c4754,2024-12-01T10:16,9,235.26,Cash,Completed
29efcf1a-c939-41d4-b04b-0c8e2e534b8f,4717d2a3-4b2a-44f1-b960-a2b73e2d23fd,2024-03-25T10:16,2,26.28,Card,Completed
695abd37-fc81-4066-b3ba-69239ffa35fe,0a5a9fc7-e126-48f0-99aa-dea85c606f66,2024-11-29T10:16,6,129.36,Cash,Cancelled
53fee322-b84b-4808-8122-7c3e28a839eb,0a0ac3e5-6e20-4fbc-87ec-5481c70e38bc,2024-10-02T10:16,2,11.64,Cash,Cancelled
87675d2f-8c6c-4175-be5a-900e4de118e6,f0a6a958-e434-41bf-a830-dffa55a34db5,2025-08-15T10:16,1,25.65,Cash,Completed
5494e611-5a72-4625-8595-451723181c8f,73a2b03c-2dca-486e-8ebc-c4d6bb68a8c6,2025-03-17T10:16,4,36.56,Card,Completed
dceae97e-cfe3-41ca-a890-393eda563ef5,000f9c8f-2fc7-4346-844d-c04f10751265,2025-02-14T10:16,7,96.60,Card,Pending
c625d0f1-24ed-450f-b112-52ac5224d9aa,8f7f530b-bb30-4a05-b437-744ed30af54f,2023-12-31T10:16,5,66.60,Card,Cancelled
b4cbfcf1-78f4-4dc6-9e24-dbec61bfebc9,93cdeef1-3fc3-4a63-a275-0ae87ae6b335,2025-06-27T10:16,3,39.45,Online,Cancelled
bdc705c4-808a-4dfa-84fd-181fc90aa14b,2a109685-1399-4149-8951-fba29bb0360d,2025-09-29T10:16,4,103.24,Card,Cancelled
25732a05-1b24-4852-a0b9-610615e90242,0d463f72-c3a1-4a2b-8d0d-1721a0d1a06b,2025-06-09T10:16,6,64.50,Card,Cancelled
d8200c58-7a20-4cf3-8ff6-ab3543dd4307,ecf1ffb0-ac00-4968-87ea-8beef4ace55a,2025-02-19T10:16,9,216.90,Card,Cancelled
0f912144-9194-4762-835f-7d81db9a1396,885715b6-b1eb-44ca-8460-28c0343e56f3,2025-03-02T10:16,7,42.28,Online,Completed
5a6be520-e3ca-4f06-b9ad-838b3fc48d78,bfa3444b-2be9-46be-b944-720d86a59770,2024-06-24T10:16,3,47.82,Cash,Cancelled
8015fe1a-c1ed-45c1-aa4f-2f7953b83a3d,e119f98a-df63-41dc-8e01-bb49ca2dc724,2025-03-17T10:16,5,98.90,Online,Cancelled
209401ea-75d2-4fa8-9a27-69d2ec0ab475,ebbc7df0-770d-44f8-b0ff-c62f9006e40e,2025-07-16T10:16,6,155.52,Online,Completed
963c8e07-3af2-4827-98df-748e5853699f,bb6ceda0-3f7a-4dfa-9862-41a88dd468b2,2025-03-03T10:16,5,115.20,Cash,Pending
2e95d3d7-80cd-4ee8-991f-4b10d3d3ddce,c5817fdc-a4dc-4879-b957-30cfda62016b,2025-03-05T10:16,7,192.01,Online,Completed
f86516f1-ed1c-4575-a657-7b970a1aae95,a190f67b-21df-46bc-8164-46bdfa00af85,2024-06-12T10:16,9,159.12,Card,Completed
533145ac-dc90-4b32-b794-22bf3db0aa2e,401a6911-a31e-4892-adc1-56e3e1eb090a,2024-03-24T10:16,2,21.64,Cash,Cancelled
4a1c912b-12bf-4eeb-9502-76abb75dc1d9,cd50913f-8c99-4253-9134-0cf5fe5f300f,2024-12-30T10:16,3,45.81,Card,Cancelled
075df32a-5c40-458c-b9de-6b59bc01dd8c,4717d2a3-4b2a-44f1-b960-a2b73e2d23fd,2024-12-15T10:16,7,140.91,Card,Completed
5399d823-beb4-4eb4-aa08-22023e1921e4,b03f75c1-655f-4480-a2bf-1a0af806e96e,2024-02-19T10:16,1,9.96,Online,Cancelled
e8d9814d-59dd-47e0-8f44-8b3da2fe4141,68169a66-a8d4-4763-914e-7befc826445b,2024-03-01T10:16,2,45.16,Card,Completed
58309ed9-dd4b-4142-9804-0fc1c03c3285,d5cfb1a3-ce2f-4aff-ab4c-50e0c5426af1,2024-11-12T10:16,3,38.49,Cash,Cancelled
f922dfa0-9fa8-421d-8046-bf71721618d9,515fe1d2-d33a-4b9d-8c19-07e0cbe81a9a,2024-11-27T10:16,3,25.53,Card,Pending
ea9ad3df-ab6e-4ab8-9969-a93ef1cec352,67c276b0-7be6-4f3c-bf86-c342095c8112,2024-10-07T10:16,2,19.94,Online,Cancelled
0d42a940-b758-4f51-8721-02b569f1940e,fdb5454e-2230-489e-ade4-9218ff28cbd8,2025-08-26T10:16,4,72.88,Card,Cancelled
d3146404-28c4-4fdb-8710-8f38cd429504,e6cb1215-5314-4d05-bfd1-f6e5d36e89f7,2023-11-20T10:16,7,82.74,Card,Cancelled
37ea6248-d3f4-48cd-a522-3d5b6fdfcde0,e12c3d24-86c8-474f-b86b-370df36adbfe,2025-03-13T10:16,9,101.52,Card,Cancelled
753bdc9c-9736-4c9b-846f-cb85895c715a,4e44f26d-5455-405b-8fdb-63ab8b739ecf,2024-02-17T10:16,3,87.36,Card,Completed
2bd55236-ef23-4b3c-914f-f189cc73fd33,3dcaabe3-78c9-4d88-bed5-56ca7ceea07c,2024-06-03T10:16,2,46.58,Card,Cancelled
a729f1c1-8948-4ffd-8b4a-e081a98f4416,d3f641e5-b8b5-4f5f-9155-7768df2033e8,2025-02-20T10:16,6,162.12,Online,Cancelled
5b66c778-665c-4b0f-8396-b71a226fdb5f,6e6d2c67-f7fb-4a98-8f9a-4822259b25c4,2024-11-08T10:16,2,49.00,Online,Pending
be6a5fed-18b3-457d-80f1-a34ab29f83c1,0d463f72-c3a1-4a2b-8d0d-1721a0d1a06b,2025-02-08T10:16,1,23.30,Online,Cancelled
876ab312-9e8b-4f43-9d27-dd2a83bfe2a0,e85d0261-2d97-4475-a749-363ec9040a74,2023-12-06T10:16,6,131.10,Cash,Pending
fc468ac7-0b5a-48d5-b9fd-c5cd8bf721db,7169ef0c-f2c8-4ae3-83f6-87691664d2d2,2024-08-11T10:16,3,82.62,Cash,Pending
3d7a6c62-85e7-40c8-9413-05ea54a41ba8,0dd437d0-74fa-43c3-8909-5c955e4d47dd,2025-06-19T10:16,1,17.12,Card,Pending
24961c84-0b4e-4625-8f75-0707ec894dba,23650eb4-f98d-45a3-a90b-a378f03d469d,2025-08-16T10:16,5,95.75,Card,Completed
dd70fc21-1844-49cc-878c-5f84110f314a,0b2a0e9a-e050-4380-b607-57adcbbf59d4,2024-12-08T10:16,7,192.22,Online,Cancelled
df567c26-0509-401a-80b3-af648cbc3e8e,205ea7f7-e714-45b8-a083-11247ff702a1,2024-10-15T10:16,3,78.99,Cash,Pending
c4cee967-769d-492b-b67e-dd19239f3d6b,935ebde1-5945-4673-886e-1a7a12cc2d4e,2025-05-12T10:16,1,19.31,Online,Pending
0b31e8a6-9d00-4333-a16e-ba670b221d2c,1233cc27-7567-48e0-8dd2-6b0019506c2f,2025-01-10T10:16,7,177.87,Online,Completed
2a5b1928-c859-45c7-9bcf-9a12bc0b5aa6,824998a2-7592-4051-ab0b-d5e12743c93b,2024-01-23T10:16,1,20.56,Cash,Pending
90d8597e-7481-487d-bc4d-71b7917435ce,8f7f530b-bb30-4a05-b437-744ed30af54f,2024-01-08T10:16,4,70.84,Card,Pending
ff0e3f28-90ca-4434-81e6-ab4fbc39ebaf,2a109685-1399-4149-8951-fba29bb0360d,2025-10-13T10:16,1,19.72,Cash,Cancelled
f2499e8f-c206-4330-b11f-4249ef9690d4,0df3bae1-6384-4856-aa27-aef9f6c48b75,2024-04-24T10:16,1,15.77,Cash,Pending
f8325fb5-9f95-4110-b56f-7679f600f52b,c83bba2f-5229-4998-9566-1f3179b13e8a,2024-05-05T10:16,8,48.96,Cash,Pending
9429dd48-8a7c-41f8-a14d-16ee03f05565,39cb44e2-a541-4b98-bc0b-db5f31cf8710,2024-11-03T10:16,1,28.46,Card,Completed
b96a3244-cbc6-4307-a2d7-423efaf2ff08,0a5a9fc7-e126-48f0-99aa-dea85c606f66,2025-06-29T10:16,1,18.16,Online,Cancelled
fbcb7285-995d-42d0-a456-f25f73558811,7d2df59f-386d-4aec-85a8-2443262a0cb4,2024-11-26T10:16,5,88.90,Card,Completed
17c8dc28-22c7-47d1-adf0-dd8242da7c9b,2ca088cd-c6c6-4e60-a1a4-d2990ee21b12,2025-01-27T10:16,6,35.34,Cash,Completed
3250afbe-749f-4b14-b873-d118283bec59,0a15d43b-8f6b-444a-bef2-ffbddfdbd16f,2025-05-07T10:16,2,44.34,Cash,Cancelled
3b33152c-53c9-420f-9692-dec8b61d6c32,8f7f530b-bb30-4a05-b437-744ed30af54f,2024-02-09T10:16,2,21.28,Cash,Cancelled
540cb13e-ee38-4538-91d4-639870070178,f6c35464-33dd-44a7-bf84-071f2e427045,2025-10-07T10:16,5,34.30,Online,Cancelled
e512d430-9a80-4159-bf7e-8a932be50e1e,ecf1ffb0-ac00-4968-87ea-8beef4ace55a,2025-10-30T10:16,1,11.01,Cash,Pending
f244ea89-6bda-49d5-a7eb-d07c8b37b00a,0fcf4084-ea31-49f8-99f9-9bf8c8b0c16b,2024-08-29T10:16,5,45.80,Card,Completed
db4da662-848f-4144-9456-fd813613bec3,dcfb3d05-846d-4915-99f3-ebbc7559d972,2025-02-13T10:16,5,86.05,Card,Cancelled
d9de8704-540a-4606-8daf-4e886c494ffa,caca465c-e9f2-4add-91b5-24c70595e321,2024-05-08T10:16,4,71.12,Card,Cancelled
3ae5d3b2-104a-48e9-9a0e-86e483cba01d,726d71e2-70fd-4416-8568-78619c14a73a,2025-08-23T10:16,5,93.35,Card,Cancelled
4db5b3cb-2c8c-4cb4-89c9-7df4f7e78e0a,b0d737cd-ec4b-4a88-aa81-d012ef3fb719,2025-01-13T10:16,7,126.35,Online,Completed
e09b5f2c-b54e-4610-8d83-6c293ce1fca2,fe624323-ba72-456d-9842-ed9e0edc75df,2024-10-16T10:16,3,64.56,Cash,Completed
51116159-fbe8-42f4-b5de-8debead8a7c8,6f61ca8e-51a1-48e0-abfa-88326e713e34,2024-04-22T10:16,5,118.20,Online,Cancelled
8c78561e-161a-423e-8658-aa1861f7821e,6c6a3b10-9747-4dca-a041-4edc22d147b0,2023-12-08T10:16,3,20.94,Cash,Pending
f0a4feda-4e52-4646-ae6d-556438fa787d,d5eaf6a7-76cc-48ec-98d9-ba713e2df70f,2024-09-22T10:16,1,22.55,Online,Pending
2c8a11ab-25bb-43d9-a5ab-0ca6a16949f1,4e44f26d-5455-405b-8fdb-63ab8b739ecf,2025-06-27T10:16,4,78.00,Card,Cancelled
369b64f0-9f18-4ba9-a277-c0fedfbf20d1,e6cb1215-5314-4d05-bfd1-f6e5d36e89f7,2025-02-06T10:16,8,148.24,Cash,Cancelled
e981d1b2-e7ab-47a7-af64-c248eedc82d4,fdb5454e-2230-489e-ade4-9218ff28cbd8,2025-02-26T10:16,5,127.55,Cash,Completed
9bc3c32a-b3a1-411a-af80-5d82191a71ef,953417c6-cd52-45e9-9ca0-bb450653c934,2024-05-04T10:16,3,38.43,Card,Pending
e484e117-b335-4b59-8969-1609aa546087,485b65e7-fdf4-474d-afba-37986d8d3cd8,2023-11-20T10:16,9,227.16,Card,Cancelled
ff8263df-d9a2-4e01-9320-10a54bdab733,14eace30-1ac2-411e-8eef-98e8f32a87fb,2025-04-08T10:16,2,51.76,Card,Pending
1c9bc58f-1f36-480f-ad36-08e461baa73b,e12c3d24-86c8-474f-b86b-370df36adbfe,2024-02-23T10:16,6,162.60,Online,Completed
2de62b27-fadf-4033-beb8-ae882deec05f,4f6ae324-5b6d-47d6-a86d-26ec6fbe1e0e,2025-03-19T10:16,1,6.34,Card,Completed
ad8aae43-77db-4965-9a64-6d746eb9d8c2,953417c6-cd52-45e9-9ca0-bb450653c934,2023-11-13T10:16,7,135.80,Online,Completed
1983dd9e-5ef1-4503-92c7-8bd03934daee,f0a6a958-e434-41bf-a830-dffa55a34db5,2025-04-29T10:16,6,30.12,Cash,Cancelled
59792d72-6793-4c5c-9482-63173e81d8d7,49af098b-bf79-4643-8e49-739ea932d38b,2025-10-23T10:16,1,24.42,Card,Pending
d08afb99-6865-4679-94ce-c8b0a65898e5,bb6bf39c-f455-4e08-a59e-1bdaaa91d4aa,2025-05-21T10:16,2,56.20,Online,Cancelled
404d0cd5-c8c5-4d36-86eb-b4a578f64760,bb9edfa8-17f7-4f6f-8e3b-616693a298b1,2024-04-18T10:16,6,33.42,Card,Pending
7e2ef705-ef28-415e-ae99-3222cec5603a,25659c0e-6eb5-4c57-add8-fb6ac5f42699,2025-03-15T10:16,7,151.76,Card,Completed
2404dc81-3fdb-4ab6-a8aa-a78c70801f21,7169ef0c-f2c8-4ae3-83f6-87691664d2d2,2023-11-20T10:16,5,81.25,Cash,Completed
96b7eec9-625a-495e-9605-17243448cefb,49af098b-bf79-4643-8e49-739ea932d38b,2024-02-18T10:16,9,140.22,Online,Pending
8ed3bb4e-5b4e-4e6f-a284-7c23578beb08,b95f7619-fab2-4df9-8683-1f2aeb93a660,2025-04-14T10:16,3,61.56,Card,Cancelled
caa90ce4-ff0b-4482-8a9b-2a00b16107e5,8250871a-2b35-424e-a1a1-4eb4faffabfb,2025-04-16T10:16,9,128.25,Card,Cancelled
cb961e2b-1414-4978-998a-642e55d93c4d,bb9edfa8-17f7-4f6f-8e3b-616693a298b1,2024-06-23T10:16,1,27.05,Online,Cancelled
e4387366-a77e-4166-b087-8716e4d30201,ceafdb2a-788d-48e0-acdd-bd533a2e7ab6,2024-07-12T10:16,3,30.06,Card,Completed
6bd44071-4b99-42f0-bc03-c194cf266499,8887df7e-682b-4d48-b18c-c1ddfa0aaa26,2025-07-10T10:16,6,77.40,Card,Pending
f57b2b8a-a9a0-448e-80a4-7ee20222e620,63846b60-b7be-4087-ac6e-56c9bc130a20,2024-05-10T10:16,2,13.94,Cash,Cancelled
5de3afba-ffa3-41fa-b7d1-c2a6d057e774,53db1213-7316-47bb-9099-c1def0e3c96b,2025-07-27T10:16,1,20.49,Cash,Pending
3b4216d1-98b0-443c-a4d4-268ec34eb136,25659c0e-6eb5-4c57-add8-fb6ac5f42699,2024-12-28T10:16,8,218.96,Cash,Pending
6be6a2fd-c5f3-4eed-9c18-4ba1a01e17f9,74e76582-f1b8-4560-b049-8aebb59d4721,2024-08-30T10:16,2,21.84,Cash,Cancelled
54c411a8-1606-4c84-ac46-5013cf2ec113,e85d0261-2d97-4475-a749-363ec9040a74,2025-06-28T10:16,9,117.63,Cash,Pending
59a3d6d9-5bda-456b-a1f9-bb15704618a8,bb6ceda0-3f7a-4dfa-9862-41a88dd468b2,2025-07-16T10:16,7,107.94,Card,Completed
b4b42445-f453-4cf4-b37e-9c236ef28b69,8b546c63-5406-493d-bc69-cfb594b38267,2024-08-09T10:16,5,102.90,Online,Pending
851e1848-13d5-4c47-b0bb-c6168e6bd6ce,2c6dafc9-06cc-4b3d-8b8d-12aae0644c58,2025-10-14T10:16,1,11.99,Card,Cancelled
4719ceb2-c968-4ae2-a4af-7de8316ea46c,98b17fed-218c-4f20-8410-9f0edfc74455,2025-03-10T10:16,8,154.40,Card,Completed
dad1f990-a50b-42f1-ba57-61f73dc9d7da,02c65c06-56ad-4670-b8e2-10ab417c7154,2023-12-29T10:16,3,58.14,Card,Cancelled
c3482704-0874-4afd-b4cd-751c53840e35,c1a09d60-c9e8-4489-a68e-e01b51541d33,2025-06-05T10:16,5,145.40,Cash,Pending
be029cb5-170a-4f87-b025-776e513ba643,0dd437d0-74fa-43c3-8909-5c955e4d47dd,2025-06-02T10:16,4,52.20,Online,Pending
c722e289-5dc9-43d8-8f01-d40c76707cba,2a109685-1399-4149-8951-fba29bb0360d,2024-10-20T10:16,1,6.37,Card,Cancelled
fa8c4f4b-0a07-447c-a36b-c51fdc013379,27e45431-1333-4ffd-a0c8-be56ffdc5d4e,2025-10-12T10:16,1,7.07,Card,Pending
06d0b172-67b9-467e-bdff-ce509a9b7760,10b26c2d-7d56-4175-84a8-a2775e128a9d,2023-12-10T10:16,6,102.36,Online,Cancelled
ca3b9e4c-bf6d-4801-b754-858a8855d046,7169ef0c-f2c8-4ae3-83f6-87691664d2d2,2024-03-15T10:16,9,78.03,Card,Completed
a6cc77e9-33bb-4406-a278-6f2358355d70,02c65c06-56ad-4670-b8e2-10ab417c7154,2025-05-09T10:16,5,120.70,Cash,Cancelled
44ec1c8e-637d-46d6-a5e9-a0986efa2f7f,5d6f84a5-a4de-442e-99b9-b8ef714b4436,2024-03-03T10:16,7,91.14,Online,Completed
63d7eef6-16d3-4694-947a-bec904209148,80537cf2-360f-4740-8b7e-d4cd56e22987,2024-04-11T10:16,8,150.32,Card,Completed
dc1e2230-cc08-497c-b73c-994e5ba45896,60cd80b6-3967-4dae-b4df-adc7b5644971,2024-01-08T10:16,3,76.95,Cash,Completed
1b4bc663-4d72-4dcb-ac40-daa5710bba0c,65b2c0ea-6192-47fc-9286-2c1dd3ecefb1,2024-03-09T10:16,3,86.43,Cash,Completed
1d50c0ca-ea1a-4d23-bee6-80b50eb59e5b,e6e1db85-f8ba-4264-9c9a-520ecda4bc4c,2024-09-14T10:16,5,59.15,Cash,Pending
442a288a-eb37-4292-b99c-287921b45ebd,910b1d47-5c37-48b1-8bde-96c60660f1d7,2025-08-27T10:16,3,38.04,Card,Pending
d676c989-e9a0-4895-9969-ab900aa723ec,209e786b-2a61-4e52-a3b2-1cc98bcbf18c,2025-10-12T10:16,5,82.65,Card,Pending
1dc49249-00b3-47cc-a4dc-0914afdbc9e4,02c65c06-56ad-4670-b8e2-10ab417c7154,2025-08-02T10:16,1,16.72,Cash,Cancelled
df742aed-076b-413d-a13f-24bbe018a5bd,1407e9cf-22c9-4137-a2fe-cc12dc038235,2025-04-10T10:16,2,28.84,Card,Pending
0bd05a8d-b573-4788-b242-5bd1a070533b,89d26a00-0fde-4c03-8430-b06f6bc3f33a,2025-01-05T10:16,7,62.30,Card,Completed
bda84951-16b9-417a-98a9-ce474e5bb419,05ccd8a5-ea5f-4353-bd1e-3022152b0685,2025-04-12T10:16,2,58.74,Online,Cancelled
174c529f-0115-4839-9246-f5df6345d7f5,0a5a9fc7-e126-48f0-99aa-dea85c606f66,2024-05-10T10:16,6,101.58,Cash,Pending
889baf35-b2a8-47ba-9f2e-39018539ce10,80537cf2-360f-4740-8b7e-d4cd56e22987,2025-03-04T10:16,8,183.36,Cash,Pending
7c827643-dd62-47a4-8a3a-2fcc421b0b0e,000f9c8f-2fc7-4346-844d-c04f10751265,2024-11-19T10:16,7,43.47,Cash,Completed
d5b4d0d3-dabf-4c76-b9f7-6eb5c70afdf2,ba5d9947-b043-4aca-8ee0-6b77895cf8e8,2024-07-14T10:16,8,132.72,Online,Completed
86d437bf-b19e-42d4-b82c-678db37d7701,26d032f1-9fe9-487a-987a-a8be14e1db05,2024-04-21T10:16,8,202.88,Online,Completed
88b2b092-ad21-4dad-9f0e-4db4211de929,1a31c678-d420-495a-aff3-0f1609514e1e,2025-06-11T10:16,7,73.57,Card,Pending
71037e7f-383b-48aa-b0a5-d5b1027c009e,983d66ae-c8b0-46b8-8abc-26a1055cf729,2025-09-27T10:16,5,35.20,Card,Completed
3bd8f167-4b24-41a0-9268-810d3714b0fc,bb6bf39c-f455-4e08-a59e-1bdaaa91d4aa,2025-09-16T10:16,8,108.72,Online,Completed
18ee711a-51a6-468c-96af-1dcff17604f5,93cdeef1-3fc3-4a63-a275-0ae87ae6b335,2025-10-14T10:16,9,259.92,Card,Completed
c424cc8a-f615-4c6a-b409-457b56e55bb1,cd50913f-8c99-4253-9134-0cf5fe5f300f,2025-03-21T10:16,4,29.28,Card,Completed
f97d9726-4bfa-43c8-ba21-5322af8679e3,1a31c678-d420-495a-aff3-0f1609514e1e,2024-10-17T10:16,7,150.15,Card,Pending
1bad839d-4caa-4a22-88b6-f78e1454fe22,67c276b0-7be6-4f3c-bf86-c342095c8112,2025-06-20T10:16,6,137.70,Cash,Completed
ce52f30f-5161-4fb3-abbd-70dc46a4a8ad,e7991221-0de0-4ef8-aa9c-ca3b59197059,2024-03-11T10:16,6,130.02,Online,Completed
97127da5-5240-4b20-9ca6-fd0399a75dfc,8887df7e-682b-4d48-b18c-c1ddfa0aaa26,2024-02-01T10:16,2,34.60,Online,Pending
8522f377-1176-4b28-b790-910ae29d59aa,ada8704c-2784-4d70-84da-10078407d2c8,2025-09-09T10:16,6,168.18,Online,Pending
6fe01526-888f-4138-8312-db488ed71ada,f0a6a958-e434-41bf-a830-dffa55a34db5,2024-08-06T10:16,6,135.24,Card,Cancelled
e096f6cf-dbc7-47b6-88fb-e916d2e8864f,1d32c3b3-c732-4995-aa6b-ff159deb3bdf,2025-09-29T10:16,8,216.88,Online,Completed
bc8ddf91-1622-437e-bb2a-695f94e525ef,aac35608-9499-49c5-811a-a059e773c968,2025-09-15T10:16,1,19.05,Cash,Pending
902e65f8-f2ab-4e69-98ca-2f1e23ce78cc,cb8747c7-32ca-4b6b-868d-13ab01d953ec,2024-06-11T10:16,1,9.57,Cash,Completed
16f6c9c5-2bd8-4932-8b35-968ad6791dc0,0a5a9fc7-e126-48f0-99aa-dea85c606f66,2025-05-29T10:16,9,183.96,Card,Completed
f41eccbb-9cbb-488c-a012-d70bb33d246e,964d337f-acd5-4ca2-8843-9be3f2eb60fc,2024-07-23T10:16,8,208.00,Card,Completed
54212225-07b8-44c4-b7dd-190d23f25f41,bfa3444b-2be9-46be-b944-720d86a59770,2025-01-03T10:16,7,113.68,Online,Completed
d81bfb9f-4013-46ec-9183-d23560455833,6117b6f0-c4f4-4bf1-9eeb-f33950decba8,2024-05-16T10:16,2,32.10,Online,Completed
534d770b-ec0a-47b7-b3bf-456e7ecfb4b9,983d66ae-c8b0-46b8-8abc-26a1055cf729,2025-02-22T10:16,4,60.96,Card,Completed
4ec0fbaf-139b-4d7e-9a05-032d62826af9,c9dcc28a-ae5f-477c-ae7e-72d94129f449,2024-03-08T10:16,7,101.22,Card,Pending
1dbf04b8-e93d-4b09-88fc-691eb95793b0,c5817fdc-a4dc-4879-b957-30cfda62016b,2024-09-07T10:16,8,231.68,Online,Pending
8636e678-67c5-40bb-8a68-06f0e4352f6d,6e551d53-4f6d-4b84-a9de-3d7c79694805,2024-09-23T10:16,5,62.20,Online,Cancelled
e85c08d6-0eac-4e67-a6fa-2859167cdccd,910b1d47-5c37-48b1-8bde-96c60660f1d7,2025-10-14T10:16,2,22.10,Online,Completed
d7bd0c3f-a634-4563-ade9-92c2b74761ab,c9dcc28a-ae5f-477c-ae7e-72d94129f449,2024-11-22T10:16,6,121.62,Cash,Pending
b47d2997-853d-400f-a3c7-cd28d722aacc,27e45431-1333-4ffd-a0c8-be56ffdc5d4e,2025-03-02T10:16,9,171.09,Cash,Cancelled
5861e8d8-4f08-4366-bc10-0cff80621e12,67c276b0-7be6-4f3c-bf86-c342095c8112,2024-08-23T10:16,5,138.85,Card,Pending
7ea481e0-4be0-409a-8f99-5125476129f7,0d463f72-c3a1-4a2b-8d0d-1721a0d1a06b,2023-12-05T10:16,2,20.98,Cash,Completed
4ac9d8bf-22e1-4a8c-ac30-107dc22a4b62,73a2b03c-2dca-486e-8ebc-c4d6bb68a8c6,2025-09-08T10:16,7,120.40,Card,Pending
e5f021b2-44b8-4ec1-a5a3-2fe401b0c1fe,d87f31d7-79ef-4c17-856e-142e791b04da,2024-09-19T10:16,9,199.17,Online,Completed
2a79caac-bea6-4f51-865d-1dd8b1d9ab8e,e6e1db85-f8ba-4264-9c9a-520ecda4bc4c,2024-12-11T10:16,7,100.45,Card,Completed
ae703a22-045d-42d2-8280-d95c6ce0db62,d87f31d7-79ef-4c17-856e-142e791b04da,2024-05-06T10:16,7,140.00,Online,Cancelled
9b18321e-c2bf-4383-acd6-f33277cd5070,d33bbfcd-a2ca-4e80-8a1c-65223f061e7e,2025-08-30T10:16,6,109.14,Cash,Pending
c8e3e82f-38e4-4480-881c-55dabbdb3318,4e44f26d-5455-405b-8fdb-63ab8b739ecf,2024-05-03T10:16,3,54.45,Card,Pending
fe0a9150-ed97-4e4f-82b8-dc45c3d67a6f,d87f31d7-79ef-4c17-856e-142e791b04da,2024-06-20T10:16,5,99.55,Card,Completed
d2b01c9d-016b-4210-8782-c798c1885ab5,0dd437d0-74fa-43c3-8909-5c955e4d47dd,2024-05-21T10:16,2,41.02,Cash,Cancelled
76fbae04-3cc1-4ba0-98e4-1ffa654cf25e,4f6ae324-5b6d-47d6-a86d-26ec6fbe1e0e,2025-07-03T10:16,3,39.03,Card,Completed
91745ce7-9a20-49d4-a799-84828f23b861,0472ca7f-b133-4710-8f43-24a3c6c1afd1,2024-07-31T10:16,5,36.85,Card,Pending
58990f27-9384-4213-be12-c3cb0cc6fcef,f6c35464-33dd-44a7-bf84-071f2e427045,2025-08-01T10:16,9,198.18,Cash,Cancelled
1a302a7a-0076-4063-9383-3da6e2f73106,428424b7-1f94-496a-8b7a-497ce177d32c,2024-11-10T10:16,7,133.49,Card,Pending
63e573b2-8fa1-4bf9-83e2-e756e2269902,e7991221-0de0-4ef8-aa9c-ca3b59197059,2024-04-24T10:16,8,169.52,Online,Completed
e21da22e-ceb5-422c-a49f-87c2d3810a3c,ebbc7df0-770d-44f8-b0ff-c62f9006e40e,2025-10-02T10:16,1,14.82,Online,Completed
0186f0e6-354d-413d-8ef3-fe6dcbeca016,9b9edd1e-b4f7-414c-b8b5-a3dc51fa0a8c,2024-12-08T10:16,1,23.55,Card,Completed
52ffa572-5f7f-4231-aeb3-4a2d61766d2d,a938df5f-7764-459c-8bfd-90409d16b3c6,2024-05-25T10:16,2,28.64,Online,Pending
68f4279a-fa40-4043-b003-5724a75ff789,63846b60-b7be-4087-ac6e-56c9bc130a20,2024-03-19T10:16,9,87.21,Card,Completed
65e8fafd-83ef-4768-891c-47a4c4b15261,52f5634d-de98-4543-8a1e-cbf1e2d0242f,2025-07-17T10:16,6,85.20,Online,Completed
14578330-a231-4857-9927-f9f4a9092937,0df3bae1-6384-4856-aa27-aef9f6c48b75,2025-08-22T10:16,8,72.40,Online,Pending
f1249d32-c0cd-4f91-8165-5a0107338eb0,ec3490d2-e8da-47ee-ae12-0ca0b1d7a2bb,2024-04-04T10:16,8,197.04,Card,Pending
283d29c1-3856-4191-b140-b9671140893a,1233cc27-7567-48e0-8dd2-6b0019506c2f,2025-08-13T10:16,2,12.14,Card,Pending
3eb7c9df-5a36-4cb5-bd2a-3ea5df526289,a5ffc907-be77-43e6-8694-4a0bf09bd3fb,2024-06-05T10:16,7,160.58,Cash,Completed
8297246b-9d45-42e9-9bc2-1f39353b1c8e,92da274a-bea2-490a-bb52-196c46fa8487,2024-04-07T10:16,3,66.93,Cash,Pending
2f927d0c-a677-4e61-af7d-adf3621ad47f,c5817fdc-a4dc-4879-b957-30cfda62016b,2024-05-10T10:16,7,143.50,Online,Completed
d958061b-ff2e-4322-9628-180a91c1f89f,1eeb9c5f-5b7a-47af-b4f1-5a50d9d1089c,2024-05-23T10:16,5,73.95,Cash,Completed
4a9ee146-34be-42b8-98b9-af6842dcf221,fdb5454e-2230-489e-ade4-9218ff28cbd8,2024-03-16T10:16,1,19.35,Cash,Completed
a2aa020a-ce9c-4c59-9c52-fd5caed71db8,e12c3d24-86c8-474f-b86b-370df36adbfe,2024-09-20T10:16,2,31.34,Online,Pending
61706b79-8648-4cb3-bc3c-ee83118f38c2,2a109685-1399-4149-8951-fba29bb0360d,2025-10-27T10:16,2,41.26,Cash,Completed
20d20e3d-67d8-4ba3-997c-a244de599d72,65b2c0ea-6192-47fc-9286-2c1dd3ecefb1,2025-03-30T10:16,3,69.99,Card,Cancelled
32445ab6-c400-4721-9904-814812e0ed5a,23650eb4-f98d-45a3-a90b-a378f03d469d,2024-01-29T10:16,5,35.00,Cash,Cancelled
a943366b-5972-4cfa-bb69-54ed1ec0c04f,00d7ae70-0f46-4453-963c-4ab2a3d29314,2025-06-26T10:16,6,45.24,Card,Pending
8df11d87-dbbb-4d9f-a249-f2159989adc2,365c90d0-a590-4209-9401-2ce55af5ed98,2025-03-12T10:16,7,190.75,Card,Pending
d824facd-9c27-46b4-ad6c-3c64189a4eb0,6117b6f0-c4f4-4bf1-9eeb-f33950decba8,2024-09-09T10:16,2,47.34,Cash,Pending
ebf5cfc4-a535-463c-9278-c84725af5089,56a75a3e-a944-4147-8cba-f1024726993f,2024-05-29T10:16,5,122.45,Cash,Cancelled
31304f1d-c576-4981-a530-ceebe7ec7c6e,4f6ae324-5b6d-47d6-a86d-26ec6fbe1e0e,2024-03-01T10:16,4,33.36,Cash,Cancelled
85ba539b-810f-4307-83ee-61c895f29f07,a5ffc907-be77-43e6-8694-4a0bf09bd3fb,2025-09-07T10:16,8,140.64,Card,Pending
41f0e53a-7a10-4350-ba4a-294f8629b3de,8f7f530b-bb30-4a05-b437-744ed30af54f,2024-03-09T10:16,5,37.65,Online,Pending
6b242138-0147-4d29-8040-16e9a34c7213,71f17b36-2c37-4cfa-bf8a-894fa94c0e9b,2023-12-28T10:16,3,50.40,Card,Pending
f7b421fe-ac88-4b1e-ab5a-bc8814a51b0d,0e0d5f13-edd5-4ab0-9ddd-3df111bedc5a,2024-07-13T10:16,1,10.75,Card,Completed
48ff3738-d551-4524-b150-d887c700ae9a,953417c6-cd52-45e9-9ca0-bb450653c934,2025-08-21T10:16,4,67.92,Online,Pending
be5ad44f-61e4-4529-b509-7cc2d9c08b65,80537cf2-360f-4740-8b7e-d4cd56e22987,2025-02-03T10:16,6,105.18,Cash,Completed
639a99a6-23f0-49f5-ba03-aa97a0db77cb,4b14a58c-f1e4-40b6-888d-a88cd7055099,2024-09-18T10:16,9,195.66,Card,Completed
e13e7020-3ff6-42bb-befa-443463d1949f,795088d7-d227-422e-ad8c-f048bde0675e,2024-09-06T10:16,3,75.96,Cash,Completed
3c42796d-2b06-4a2e-a729-581ee7d1a4f9,89d26a00-0fde-4c03-8430-b06f6bc3f33a,2024-10-03T10:16,1,12.37,Cash,Cancelled
8d90b2cf-5b12-4365-b3e0-fbd8f0f231f2,6c6a3b10-9747-4dca-a041-4edc22d147b0,2025-08-01T10:16,2,27.10,Cash,Pending
67d99b71-fb29-40ba-8ac7-751e03308352,caca465c-e9f2-4add-91b5-24c70595e321,2023-12-22T10:16,6,82.80,Cash,Completed
e68444f3-dbc6-4a31-904e-70f1d66a5931,f90cf3ca-e2d0-4129-bc7a-e8a2b80880da,2025-02-18T10:16,8,93.44,Cash,Cancelled
0e710618-bdc0-4c44-9d9a-b22dcae340b0,52c87fd9-fdf0-4256-b929-6153ad24a0ac,2024-11-14T10:16,9,66.24,Cash,Completed
c0c64229-e506-4ed1-a659-724121be4973,795088d7-d227-422e-ad8c-f048bde0675e,2024-12-26T10:16,6,179.64,Cash,Completed
84bd2a54-38cb-463a-a0ec-1eb8f31cd951,0a0ac3e5-6e20-4fbc-87ec-5481c70e38bc,2024-04-26T10:16,8,92.80,Card,Completed
506bf327-034d-461e-8942-038987f184e4,93cdeef1-3fc3-4a63-a275-0ae87ae6b335,2024-12-02T10:16,3,45.96,Card,Pending
d3937ad9-e68b-418c-b5fb-8368391c2171,a5ffc907-be77-43e6-8694-4a0bf09bd3fb,2024-07-10T10:16,9,91.80,Card,Pending
2ac331b7-1366-4cbe-a978-5902ede5f8ab,4f6ae324-5b6d-47d6-a86d-26ec6fbe1e0e,2024-12-14T10:16,3,59.70,Cash,Completed
5318be5d-df50-44fd-b48a-e79a0136407d,7509850a-5062-4da9-aad6-bc5b9e363ef1,2024-09-28T10:16,5,68.05,Online,Cancelled
6adbb14e-06f1-4ec8-8988-5005ff9cd086,0a570207-0f70-467f-bbeb-44a0a60a9a25,2024-07-25T10:16,1,14.63,Card,Pending
4e26ab2c-032e-42de-939f-a35df7bba546,3dcaabe3-78c9-4d88-bed5-56ca7ceea07c,2025-08-11T10:16,4,42.20,Online,Completed
36d0da99-10ec-45ee-91c7-bee09f6085e2,e38afcd9-9e08-47ba-bc92-5ebb4bc271eb,2024-10-12T10:16,8,76.00,Card,Pending
562c35a5-6a3b-4d4c-8422-4a7badd8a0c1,7a2e5fa5-096b-4701-8ce6-7a3db39bf8eb,2024-09-15T10:16,2,52.90,Online,Completed
3a39459c-b40a-49f1-bb69-e9498dacb3cd,8f7f530b-bb30-4a05-b437-744ed30af54f,2024-06-02T10:16,6,91.80,Online,Completed
0ab75096-cf68-40c5-bd33-6f422ba2d65e,b6c26110-1b77-4777-8c79-c69ec19b66df,2025-05-04T10:16,2,19.98,Cash,Cancelled
fdfd726a-4cb2-4b28-be18-17d4a318a3f1,a938df5f-7764-459c-8bfd-90409d16b3c6,2025-01-13T10:16,9,65.70,Cash,Completed
98f90167-4664-4e2e-8d42-0764227b7c1d,0df3bae1-6384-4856-aa27-aef9f6c48b75,2025-04-14T10:16,6,141.18,Online,Cancelled
30e681a8-5305-40d5-bb17-40b636b9709d,8250871a-2b35-424e-a1a1-4eb4faffabfb,2024-02-04T10:16,1,26.03,Cash,Pending
1279fcf5-6076-42a9-9751-5e849ff55d70,1a31c678-d420-495a-aff3-0f1609514e1e,2025-08-30T10:16,9,162.45,Cash,Completed
c762d9e1-025e-44c1-aba4-92cdf9664627,209e786b-2a61-4e52-a3b2-1cc98bcbf18c,2025-04-01T10:16,1,27.28,Card,Pending
35fd6c5b-8df0-46d7-8be2-60d9d5d8995e,d6d4ef4b-0870-48aa-b884-013237f255f4,2025-03-05T10:16,7,98.35,Cash,Completed
aa6d7b54-46f9-4600-b341-3694357a25e7,5f6e51da-5f01-4c9a-85dd-7d50ef37e5d7,2024-08-02T10:16,4,45.24,Cash,Pending
aad07fd5-5a9d-4b4f-91d8-b03770b73338,0df3bae1-6384-4856-aa27-aef9f6c48b75,2024-11-10T10:16,2,23.80,Card,Cancelled
1900a0a4-2fb7-420d-ad28-8433154e92a7,26d032f1-9fe9-487a-987a-a8be14e1db05,2025-09-29T10:16,8,222.00,Card,Completed
d98d00aa-09cf-4eed-b3d5-ea8cc696af19,935ebde1-5945-4673-886e-1a7a12cc2d4e,2025-10-19T10:16,6,45.48,Card,Cancelled
f748b5cd-3f12-419d-b1e9-8ed0ac1f343a,f6c35464-33dd-44a7-bf84-071f2e427045,2025-08-20T10:16,4,111.16,Online,Pending
813b0d62-37b4-4ddb-a523-62312f3a399f,4e44f26d-5455-405b-8fdb-63ab8b739ecf,2025-07-03T10:16,3,59.10,Online,Pending
6dd82e58-5c4e-4be1-8501-a4ac920c35ed,fe624323-ba72-456d-9842-ed9e0edc75df,2025-05-01T10:16,6,162.42,Online,Pending
6bff6917-154d-4a56-a252-8b5e54e1b4ea,2ca088cd-c6c6-4e60-a1a4-d2990ee21b12,2024-07-06T10:16,9,203.76,Cash,Cancelled
0ec21929-ae78-453e-978d-ac142afd2319,1eeb9c5f-5b7a-47af-b4f1-5a50d9d1089c,2024-07-25T10:16,2,15.38,Cash,Cancelled
f4149c0b-12da-49a2-affe-6f2fac00779b,e38afcd9-9e08-47ba-bc92-5ebb4bc271eb,2024-01-29T10:16,7,44.73,Cash,Pending
9cd56ff4-96a5-4cae-bcd8-65da26dc42f4,e119f98a-df63-41dc-8e01-bb49ca2dc724,2025-02-04T10:16,5,130.55,Card,Pending
2767e1b6-9da9-4f26-8108-a8cc0c37e522,d7af10ce-45c9-4fc8-8dd8-b1c5491aad5f,2024-08-04T10:16,2,28.38,Cash,Completed
54109824-9cf0-42f6-866c-70ad06737a47,93cdeef1-3fc3-4a63-a275-0ae87ae6b335,2025-01-11T10:16,5,116.85,Cash,Cancelled
aeeae658-f471-4610-a085-2cafd5bd2dd7,9c53f3f8-5b22-4d77-bd76-cfa6c70e443c,2025-02-23T10:16,3,64.59,Online,Cancelled
6dca58d9-820f-444d-b7c0-261486fb8b35,6bd388d4-5636-450b-bacd-55bdcb769bab,2024-11-14T10:16,7,118.44,Card,Completed
5f5af326-20b5-4abe-b0ec-7539784e0de8,ba5d9947-b043-4aca-8ee0-6b77895cf8e8,2024-12-27T10:16,1,28.60,Card,Completed
cd8c5dd6-73ab-45ab-b7d4-ed5e8e4a55c7,e277d099-db2a-4aee-ab86-8b0e73a34383,2025-05-12T10:16,7,138.53,Card,Cancelled
3a84e4fe-409b-45df-8b99-ea8c556df3be,80537cf2-360f-4740-8b7e-d4cd56e22987,2025-08-18T10:16,1,22.82,Online,Pending
e3ae7fa3-75e4-4ada-9564-b66992aaf606,3befa4dc-d961-4a3a-9410-d43d1bdaa335,2024-07-26T10:16,6,76.26,Online,Cancelled
178459e7-1aab-4e57-b411-5abdcd353725,8250871a-2b35-424e-a1a1-4eb4faffabfb,2023-12-26T10:16,1,28.82,Cash,Cancelled
d27410b5-9989-4f2f-a5f5-1e334edd1d8b,6aaabc79-3d35-410f-bb96-f86a3930d0ff,2025-01-13T10:16,5,60.70,Cash,Cancelled
b1e4af9b-ac5f-490a-8d3a-e96fb0757c53,92da274a-bea2-490a-bb52-196c46fa8487,2025-01-03T10:16,2,28.68,Online,Cancelled
6e252004-73e6-4d44-bd3f-59addb333297,3e97fc93-73a7-45e0-9888-f7a03ee258a7,2024-11-17T10:16,9,264.15,Card,Pending
781a3ce2-1118-46de-aa61-a46ca27844f6,4717d2a3-4b2a-44f1-b960-a2b73e2d23fd,2024-10-20T10:16,5,43.65,Card,Pending
a7617c58-5712-4f0c-993b-c54fe9978daf,4717d2a3-4b2a-44f1-b960-a2b73e2d23fd,2025-07-03T10:16,5,145.60,Online,Cancelled
2daa3a3d-3a95-4bcb-b4b2-47ed7a225884,050d9901-1cb5-413a-9c31-282028f863c1,2024-05-05T10:16,3,81.21,Online,Pending
cc25065e-2e91-4e17-af3f-8fc63cf551cc,795088d7-d227-422e-ad8c-f048bde0675e,2025-07-02T10:16,4,49.44,Online,Cancelled
6384de15-6dc2-4acb-ab13-b27b1f414863,500fde18-ea61-4380-9ea4-f06d09985870,2024-11-22T10:16,9,133.38,Card,Pending
027d6ba3-81d9-43ba-9299-5bc96bf40f88,52f5634d-de98-4543-8a1e-cbf1e2d0242f,2023-12-17T10:16,1,22.55,Card,Pending
1ee1d86a-6fe9-46a6-a443-67323a29f468,60cd80b6-3967-4dae-b4df-adc7b5644971,2024-03-10T10:16,2,24.54,Card,Completed
56537d45-dec5-4d83-83e6-d9a6c2f3be0f,c63bd277-c81c-40c5-8720-6ce916d653c4,2023-12-06T10:16,8,65.76,Card,Completed
cdd28531-de06-4221-a119-1f3269353c56,6b1178fc-1745-401d-88da-3903c243ebe9,2025-10-03T10:16,6,40.02,Online,Pending
e7f6961b-0c78-49c7-b69c-024bb8462a72,209e786b-2a61-4e52-a3b2-1cc98bcbf18c,2024-01-12T10:16,3,65.40,Online,Completed
05c382be-dacf-4b13-9899-3120d99952cb,f3826f04-0dfa-4266-8002-58fede0093f5,2025-02-23T10:16,8,98.08,Cash,Cancelled
27a6e7a0-99f5-482f-a97f-f8f78d4670c4,f543de06-e341-4de2-95ab-ca0fd3ee51fe,2024-10-21T10:16,7,41.93,Cash,Cancelled
45db01b7-55c3-41f4-b79c-7a5402ec5ee8,b0d737cd-ec4b-4a88-aa81-d012ef3fb719,2025-07-06T10:16,7,44.17,Card,Cancelled
a21fd421-99b1-4cb7-836c-cd4a26f2e216,6117b6f0-c4f4-4bf1-9eeb-f33950decba8,2024-02-13T10:16,3,15.66,Cash,Completed
be6b56c2-0cb3-489b-bf2d-1a3a40b4364d,bb9edfa8-17f7-4f6f-8e3b-616693a298b1,2025-09-29T10:16,6,170.52,Card,Cancelled
0bf3154d-563a-46c3-b02a-0d73ae150ec1,ada8704c-2784-4d70-84da-10078407d2c8,2025-01-03T10:16,7,93.87,Cash,Completed
4e6b51a0-ada8-4cc9-be2b-ab5350afa39f,ff4db0d8-e809-46e8-9ae0-78ffee4902d9,2023-12-17T10:16,6,165.30,Cash,Cancelled
56038534-0804-4cdd-a205-e7b4ff1f70e2,e7991221-0de0-4ef8-aa9c-ca3b59197059,2024-04-04T10:16,2,44.18,Online,Cancelled
51d219dd-5c38-40a8-b0f5-80437f00efbf,401a6911-a31e-4892-adc1-56e3e1eb090a,2024-08-10T10:16,5,120.05,Card,Completed
5c155096-136c-4bb0-9a86-a89751260649,4e44f26d-5455-405b-8fdb-63ab8b739ecf,2025-09-09T10:16,2,25.44,Card,Cancelled
031adbe7-970d-4ed8-a18c-f7ca148c4c65,06e585f0-5b60-4900-81d1-3379328e6c17,2024-11-13T10:16,9,149.22,Online,Pending
31582bd0-de0d-445d-b1ef-f2b91cda79fe,b047b369-02d0-4f25-9af0-f1e883228863,2025-04-11T10:16,9,260.82,Card,Cancelled
c2da8be4-3e04-4584-a827-9f5c2cfa44a7,b047b369-02d0-4f25-9af0-f1e883228863,2025-03-27T10:16,6,47.46,Online,Completed
cd9db66d-eb59-4cac-ac11-2588993f0467,bfa3444b-2be9-46be-b944-720d86a59770,2025-01-01T10:16,1,19.86,Online,Cancelled
4622cd22-1ca7-4f9c-acec-b260f40b9b63,71f17b36-2c37-4cfa-bf8a-894fa94c0e9b,2025-08-13T10:16,2,31.78,Card,Cancelled
3d401028-3546-4c9b-97ae-7c0fbc1ee11d,c63bd277-c81c-40c5-8720-6ce916d653c4,2024-09-23T10:16,1,6.94,Card,Completed
7ba39a4f-34d0-439b-af85-4f67eedb3bbd,0130fcd4-a6cf-4a72-8400-7bcae1abce34,2023-12-30T10:16,8,218.88,Card,Pending
7c3cb2c6-4f74-4a5a-8b27-e9bf191f54c7,0df3bae1-6384-4856-aa27-aef9f6c48b75,2024-04-18T10:16,4,23.92,Online,Cancelled
28848534-00ad-4758-854c-e8f1e2466222,8626238e-5813-415a-9a8c-db944b1e0269,2024-01-16T10:16,2,48.36,Online,Completed
f4a4855c-cbbb-4012-80b1-94f6a3b352d4,5f6e51da-5f01-4c9a-85dd-7d50ef37e5d7,2024-07-10T10:16,3,33.48,Online,Cancelled
40a593d1-e3f8-4305-a895-d19ce4680df6,b03f75c1-655f-4480-a2bf-1a0af806e96e,2025-10-22T10:16,1,22.78,Cash,Pending
c4f53fbf-33db-4360-a9da-d8b0488f5681,4bb2d776-14c0-4ef6-b8ba-c580cbed72b8,2024-07-11T10:16,3,76.38,Cash,Completed
197d2b51-b085-4986-b3dd-57b2e6363866,6e6d2c67-f7fb-4a98-8f9a-4822259b25c4,2025-01-23T10:16,3,89.67,Online,Completed
1914813c-7807-41e4-89da-91472b15c35f,b014b56e-3263-4b63-8430-46e00bc5ea77,2024-08-12T10:16,5,103.15,Cash,Completed
6febc6ea-63b2-423e-aaa8-51947ba02ce7,f0a6a958-e434-41bf-a830-dffa55a34db5,2025-09-10T10:16,6,33.54,Cash,Completed
c8ae8e53-299c-4d43-ba68-3956c998768a,63846b60-b7be-4087-ac6e-56c9bc130a20,2025-11-05T10:16,2,36.34,Card,Completed
69a71da4-7d00-4be8-9624-d0091f23f092,59827b2a-ae17-44b1-bd6f-6f08718559cb,2025-07-06T10:16,5,111.20,Cash,Completed
5cf7d9a1-436d-4255-b366-7000db76f70d,209e786b-2a61-4e52-a3b2-1cc98bcbf18c,2025-07-31T10:16,2,44.42,Online,Pending
c247e9e7-69f1-4acc-956f-d54da418cbf2,0a0ac3e5-6e20-4fbc-87ec-5481c70e38bc,2024-04-08T10:16,6,132.12,Online,Pending
247d4ebe-a8a6-4362-958a-e94dfb5ca129,3910ab11-8758-4a4f-8a9b-c4f5df7413c4,2024-11-24T10:16,6,134.04,Cash,Pending
dd529421-90bb-4e39-8f8e-1115b755255f,983d66ae-c8b0-46b8-8abc-26a1055cf729,2024-09-14T10:16,6,117.18,Cash,Pending
4e93209d-ebf3-4da6-8a17-cd043e578011,60cd80b6-3967-4dae-b4df-adc7b5644971,2024-08-24T10:16,5,124.80,Card,Pending
2b84a212-c49e-44bd-9b2f-d263d9d51057,92da274a-bea2-490a-bb52-196c46fa8487,2025-02-20T10:16,3,23.40,Card,Pending
c365eef1-a266-4cf0-9ea0-342f448509ad,0df3bae1-6384-4856-aa27-aef9f6c48b75,2025-10-16T10:16,8,113.60,Cash,Completed
d72dbe72-8d3b-4418-8a4c-e499359d73ee,62a2bfef-ca4a-4dec-90ea-bf15ea1880d2,2025-07-24T10:16,2,26.72,Cash,Cancelled
9e13e6c3-e927-41e9-bc10-0ff55256b326,39cb44e2-a541-4b98-bc0b-db5f31cf8710,2024-08-16T10:16,1,10.17,Online,Completed
94138ed0-4dcf-4825-8147-7bb5dae2ea63,d6d4ef4b-0870-48aa-b884-013237f255f4,2025-09-28T10:16,7,177.45,Cash,Cancelled
c76bc83a-302a-412c-88d4-3c2413aefaec,6e6d2c67-f7fb-4a98-8f9a-4822259b25c4,2024-09-04T10:16,9,258.66,Card,Pending
ac0576ef-34de-42ea-ae34-deee6a43fa7e,964d337f-acd5-4ca2-8843-9be3f2eb60fc,2024-10-06T10:16,4,89.16,Cash,Pending
3a9a7c5b-ab04-4381-8ee7-3fb52ba884d8,964d337f-acd5-4ca2-8843-9be3f2eb60fc,2025-08-17T10:16,1,20.70,Cash,Pending
7dceefc3-edef-4edf-b3d4-6405a899bd0e,06e585f0-5b60-4900-81d1-3379328e6c17,2025-07-07T10:16,6,38.88,Card,Completed
cd66e2bc-c9fa-43c1-8a07-6ff239c4908b,27e45431-1333-4ffd-a0c8-be56ffdc5d4e,2025-10-08T10:16,7,206.99,Card,Completed
5f11bfe2-2bd2-4105-9dd5-d16285ba29cc,e38afcd9-9e08-47ba-bc92-5ebb4bc271eb,2024-05-15T10:16,1,29.57,Cash,Completed
9e0ce926-e6ec-4bd7-8e55-7efdbe5bc97e,dcfb3d05-846d-4915-99f3-ebbc7559d972,2025-08-30T10:16,4,66.64,Online,Cancelled
538759b0-d971-4880-b211-6a90ee86ee82,68169a66-a8d4-4763-914e-7befc826445b,2024-01-04T10:16,7,167.37,Online,Completed
96c61ac9-5dd8-4096-b8f9-97637fa9048b,0a570207-0f70-467f-bbeb-44a0a60a9a25,2025-05-05T10:16,9,209.97,Online,Pending
16000daa-d2e2-41dc-a83b-a14a0fab8a99,8b115a34-224b-453c-be69-b53a7445b466,2024-05-03T10:16,8,66.80,Online,Completed
8e123e9d-6735-4d8e-8180-48a34e8d1409,1d32c3b3-c732-4995-aa6b-ff159deb3bdf,2025-10-27T10:16,2,18.86,Card,Cancelled
9d7b5b66-b551-40ff-80cb-2c41fc7e7f8d,14eace30-1ac2-411e-8eef-98e8f32a87fb,2025-01-25T10:16,5,66.65,Online,Pending
2bd0fec3-0f84-44a5-a6a6-f44396bd007e,11526850-7335-463f-b740-a52a90457c3b,2023-11-20T10:16,6,146.04,Online,Cancelled
d75544c6-1fa4-4bec-b431-fb3f730f886c,3e97fc93-73a7-45e0-9888-f7a03ee258a7,2025-04-12T10:16,9,242.46,Cash,Pending
175568c2-3a57-4da7-a6bc-8c3301f4d6fa,8f7f530b-bb30-4a05-b437-744ed30af54f,2025-08-27T10:16,1,28.53,Card,Completed
d935f81a-a920-4839-bedd-ad58efbb8b36,67c276b0-7be6-4f3c-bf86-c342095c8112,2025-08-16T10:16,2,14.60,Card,Cancelled
1bd0ad5f-bdea-45c4-a5a2-b9b77cf9841b,4e44f26d-5455-405b-8fdb-63ab8b739ecf,2024-11-16T10:16,6,126.36,Online,Pending
7a8370e0-2ddc-4815-aa22-3c6e110f8ded,98b17fed-218c-4f20-8410-9f0edfc74455,2024-07-11T10:16,6,70.14,Cash,Cancelled
966e11ef-cbdb-4cbc-b06a-52fbf8350d11,14eace30-1ac2-411e-8eef-98e8f32a87fb,2025-02-23T10:16,7,54.11,Card,Completed
e16f525c-d20e-4e65-82d8-2441f7d09968,058b9c75-b72f-4594-80d2-e41194ff7672,2025-03-12T10:16,6,44.40,Card,Cancelled
645c22b3-0393-449d-9784-d731d92b0723,8626238e-5813-415a-9a8c-db944b1e0269,2025-11-09T10:16,4,96.72,Cash,Cancelled
f37e24d5-a572-4c0b-a9e7-01b2a7627592,0dd437d0-74fa-43c3-8909-5c955e4d47dd,2025-07-14T10:16,8,198.80,Cash,Pending
f8e7ea9b-97df-4afb-856c-c034572c4df4,46032f36-69bc-465a-9b33-a5d560bfd77a,2025-08-14T10:16,7,194.39,Cash,Completed
15095995-3b5c-4a29-bce3-72f46f40dcf7,98b17fed-218c-4f20-8410-9f0edfc74455,2025-08-08T10:16,9,200.34,Cash,Cancelled
d7a5118b-ae35-4381-b12e-3fecb4582135,aff4340c-d102-49ba-af8e-84d2737ce82c,2025-05-10T10:16,6,176.34,Online,Cancelled
36eb958d-19d7-4da5-a9de-3c72dae18002,ebbc7df0-770d-44f8-b0ff-c62f9006e40e,2024-04-27T10:16,2,50.30,Cash,Pending
e47ac5d3-055a-4cec-a8ac-c6f70e732c14,aac35608-9499-49c5-811a-a059e773c968,2024-02-09T10:16,9,234.18,Card,Pending
a0e3f663-6eed-4a74-a5a0-0bb72f359340,ba5d9947-b043-4aca-8ee0-6b77895cf8e8,2024-06-10T10:16,6,163.98,Cash,Cancelled
f8f4608d-3ad8-4426-8dbe-97355f8a0dba,ceafdb2a-788d-48e0-acdd-bd533a2e7ab6,2024-06-07T10:16,8,42.32,Card,Completed
c6479258-5fd7-4e54-aa8a-c6d6bee76839,8887df7e-682b-4d48-b18c-c1ddfa0aaa26,2024-12-21T10:16,3,86.55,Card,Completed
b6700317-8c6f-4430-a23f-e049b71c778d,caca465c-e9f2-4add-91b5-24c70595e321,2024-02-03T10:16,5,84.15,Online,Pending
1fd2d3ed-542f-4ecc-ac20-677fd53720c1,c9dcc28a-ae5f-477c-ae7e-72d94129f449,2025-06-19T10:16,2,19.64,Cash,Pending
cc54cee3-1633-43e6-a48b-a444c756f00d,5f6e51da-5f01-4c9a-85dd-7d50ef37e5d7,2023-11-15T10:16,9,227.88,Online,Cancelled
d51224d6-8664-4cd6-bdcb-b57da102526e,71f17b36-2c37-4cfa-bf8a-894fa94c0e9b,2024-04-04T10:16,4,61.80,Card,Cancelled
789cf030-0042-4058-b2da-8052c927499e,caca465c-e9f2-4add-91b5-24c70595e321,2024-02-03T10:16,7,64.47,Online,Pending
0b72ee48-2d3d-4453-819f-e465a557466c,7c991f43-c18b-4404-8826-97691b0dc00c,2024-09-10T10:16,1,21.15,Card,Pending
a01dc88b-b05f-4c1d-96d4-9c3edc3bae29,a5ffc907-be77-43e6-8694-4a0bf09bd3fb,2024-05-09T10:16,5,147.25,Cash,Pending
8a4027ee-975f-45a6-aad1-7044e9862e94,99c406e7-092b-4eeb-bc08-56fc041c253d,2024-12-07T10:16,6,116.52,Online,Cancelled
114fd8d6-af1b-4758-a681-d33bfa8795e6,cd50913f-8c99-4253-9134-0cf5fe5f300f,2024-10-21T10:16,5,35.95,Card,Pending
7b171f0a-f54f-4e24-a2a9-e02a8098bb21,14eace30-1ac2-411e-8eef-98e8f32a87fb,2025-08-27T10:16,2,30.62,Card,Cancelled
19475301-7e73-4b59-90a4-18825506b5be,0472ca7f-b133-4710-8f43-24a3c6c1afd1,2023-12-11T10:16,3,68.97,Card,Cancelled
127ef3a5-b51c-48ac-b754-249a2246c773,ff4db0d8-e809-46e8-9ae0-78ffee4902d9,2024-12-08T10:16,6,174.42,Card,Completed
79d81c45-9cec-444d-9893-987469e98243,59827b2a-ae17-44b1-bd6f-6f08718559cb,2024-02-28T10:16,7,205.52,Card,Cancelled
ccdfe2bd-2df1-4404-bc88-0536022c56e3,27e45431-1333-4ffd-a0c8-be56ffdc5d4e,2025-04-18T10:16,6,35.82,Cash,Completed
c9f25074-f3e9-43d0-b226-49f847e9c0be,4e6807ca-aed8-4ec9-b1b0-0e3aba57efb1,2023-12-07T10:16,9,227.97,Cash,Pending
47e400f5-7e5b-4dfd-84a1-720bc535e332,0130fcd4-a6cf-4a72-8400-7bcae1abce34,2024-06-30T10:16,9,60.48,Online,Pending
63942a63-7ee0-471b-b679-b4f2e438d775,56a75a3e-a944-4147-8cba-f1024726993f,2024-02-07T10:16,1,15.80,Card,Cancelled
d90ed923-77e9-4ee4-91ba-c24e764a44e6,3ab3404a-ee80-4ed2-8d90-a6f0dad14e48,2023-12-28T10:16,2,35.00,Card,Completed
81ea970a-e736-4785-9162-8af0df627083,b047b369-02d0-4f25-9af0-f1e883228863,2024-02-08T10:16,3,24.90,Cash,Completed
fd6b27f4-02e2-41d3-9611-79fe21f28f9d,0130fcd4-a6cf-4a72-8400-7bcae1abce34,2025-04-11T10:16,1,11.78,Online,Completed
5678027a-3392-4c90-883f-c222c5c19ff1,7509850a-5062-4da9-aad6-bc5b9e363ef1,2024-11-17T10:16,7,154.28,Card,Cancelled
1443e03f-51d8-4db8-96dd-a83d8c085bf1,4b14a58c-f1e4-40b6-888d-a88cd7055099,2025-05-01T10:16,9,156.96,Online,Cancelled
83efbeb9-e213-49d9-8477-21a55cf24135,0130fcd4-a6cf-4a72-8400-7bcae1abce34,2024-08-19T10:16,8,137.52,Cash,Pending
5f15980d-c9c8-4e2b-a683-a58dd1355d91,05ccd8a5-ea5f-4353-bd1e-3022152b0685,2024-02-21T10:16,9,162.36,Online,Completed
8dd3609b-a15e-4677-96c0-1d18a57e3202,1a31c678-d420-495a-aff3-0f1609514e1e,2025-09-12T10:16,6,100.92,Card,Completed
cd3581b1-3b5d-41a2-b961-3eb9f961b1e4,02c65c06-56ad-4670-b8e2-10ab417c7154,2025-05-15T10:16,4,27.32,Card,Pending
c080ae48-128c-4583-befb-ac0ec041d2cc,0dd437d0-74fa-43c3-8909-5c955e4d47dd,2024-03-26T10:16,8,205.76,Cash,Completed
9740a175-df22-4171-bed9-34ffcbf3bb28,8626238e-5813-415a-9a8c-db944b1e0269,2025-11-01T10:16,5,136.80,Online,Pending
dc839506-3410-452c-8f4c-0c44452c1580,428424b7-1f94-496a-8b7a-497ce177d32c,2025-08-22T10:16,8,148.96,Online,Cancelled
cff58ea8-ce66-4d04-9029-ed8ed914adca,0dd437d0-74fa-43c3-8909-5c955e4d47dd,2025-03-29T10:16,8,187.60,Card,Cancelled
a3f6e24a-7f80-4b8f-be60-f487b344f61c,4e6807ca-aed8-4ec9-b1b0-0e3aba57efb1,2024-01-25T10:16,4,83.48,Card,Cancelled
8932e8b8-c61c-42ca-b506-be585b627ee6,ebe19120-496a-47fa-87eb-2440212a3363,2025-04-26T10:16,5,129.30,Online,Cancelled
992bc5bf-76ee-4200-a16b-625f1a064f89,68169a66-a8d4-4763-914e-7befc826445b,2025-07-11T10:16,3,60.24,Online,Completed
09f621f1-f3e7-4fdc-8840-5c1cbc6701da,ec3490d2-e8da-47ee-ae12-0ca0b1d7a2bb,2025-01-10T10:16,4,22.80,Card,Cancelled
716240e9-b7ca-4571-b7db-1abf84dfe13e,9305d562-2505-493d-8ed8-3fb721c8f491,2024-07-27T10:16,5,68.95,Card,Cancelled
6f17d055-c0eb-4164-bcda-3ba68e91e9a8,a302a1a8-c429-406f-abff-9f273aa0a4b5,2025-07-25T10:16,2,23.22,Online,Completed
e7872264-a548-4128-99d1-e02ff4aed84b,a938df5f-7764-459c-8bfd-90409d16b3c6,2024-03-28T10:16,4,81.60,Online,Completed
6fc9c665-964a-496d-aa41-528d776e45be,0b2a0e9a-e050-4380-b607-57adcbbf59d4,2023-12-25T10:16,4,61.48,Cash,Pending
10fe3f99-6a23-44f9-b720-5f81c2886cc7,910b1d47-5c37-48b1-8bde-96c60660f1d7,2024-08-31T10:16,1,11.91,Cash,Pending
32f7ed62-dc15-49de-a4d8-dddfc41566a6,39cb44e2-a541-4b98-bc0b-db5f31cf8710,2025-03-03T10:16,9,130.32,Cash,Pending
589d9ba8-c058-4c06-988d-a2d783f117da,7a2e5fa5-096b-4701-8ce6-7a3db39bf8eb,2024-05-07T10:16,5,88.75,Card,Pending
daaff336-a058-454f-a58e-ebb1b8211cbd,cb8747c7-32ca-4b6b-868d-13ab01d953ec,2024-03-29T10:16,5,90.70,Online,Completed
2c4d6690-9813-4af0-8615-3affe6b58435,0472ca7f-b133-4710-8f43-24a3c6c1afd1,2025-01-09T10:16,3,73.47,Cash,Cancelled
f8282d50-86a9-4bef-8925-156216f7485d,e12c3d24-86c8-474f-b86b-370df36adbfe,2025-10-29T10:16,3,27.54,Cash,Completed
0955c1eb-4d73-42fd-bf50-b260bda37db0,209e786b-2a61-4e52-a3b2-1cc98bcbf18c,2025-01-09T10:16,2,26.18,Online,Completed
fe358676-cb40-4021-b528-e9c69b3fce8f,63846b60-b7be-4087-ac6e-56c9bc130a20,2024-09-09T10:16,2,40.80,Online,Cancelled
417216fd-b532-4b37-b2f1-e22a67a4fb9d,e119f98a-df63-41dc-8e01-bb49ca2dc724,2024-02-27T10:16,1,19.46,Card,Completed
5bfb5523-460f-4727-8258-0bcba4b5c1c7,89d26a00-0fde-4c03-8430-b06f6bc3f33a,2024-12-05T10:16,1,22.97,Cash,Cancelled
c76b23a6-2ed8-4804-848a-2175f89f7b7d,27e45431-1333-4ffd-a0c8-be56ffdc5d4e,2024-04-03T10:16,1,6.70,Online,Completed
52dd75fb-44e1-4e06-934d-648064081e65,63846b60-b7be-4087-ac6e-56c9bc130a20,2023-12-25T10:16,2,40.42,Online,Cancelled
fd4eab0a-51d3-4dfc-97b7-a8caf9cae593,f3826f04-0dfa-4266-8002-58fede0093f5,2024-08-25T10:16,3,82.59,Cash,Cancelled
ccfaf17f-67ee-422a-acc4-b280865a925c,500fde18-ea61-4380-9ea4-f06d09985870,2024-10-13T10:16,3,42.93,Online,Cancelled
55b02057-d73a-44cf-bc03-aedad2395bc1,0b2a0e9a-e050-4380-b607-57adcbbf59d4,2024-05-24T10:16,3,18.18,Online,Completed
7723b155-5f40-46f8-8b1b-e2e97cd531af,e7991221-0de0-4ef8-aa9c-ca3b59197059,2025-09-17T10:16,2,57.04,Card,Pending
d1a0d337-7dc3-48be-bceb-21bddf513fbe,8e1bbe6c-7b75-46dc-8ca1-0b1664cd6ae4,2025-08-16T10:16,6,81.90,Card,Cancelled
fd0606c8-ac74-4f65-b583-ab8798a063ea,93cdeef1-3fc3-4a63-a275-0ae87ae6b335,2025-03-24T10:16,8,124.88,Card,Cancelled
7f2e52c6-1897-474e-b288-ac0b682bc88c,69446e90-4237-4410-ab55-e011eb04cce0,2025-11-06T10:16,7,45.50,Cash,Cancelled
2e0453a1-cc3c-483e-80df-a9eabe2a3ec4,7509850a-5062-4da9-aad6-bc5b9e363ef1,2024-01-06T10:16,8,63.12,Cash,Pending
265d2830-b11c-42f9-83a5-5c4784730626,d5eaf6a7-76cc-48ec-98d9-ba713e2df70f,2024-10-09T10:16,5,93.75,Card,Pending
a206ea7b-0315-4e44-b091-1ee7a58ef90f,1233cc27-7567-48e0-8dd2-6b0019506c2f,2025-06-28T10:16,2,43.50,Card,Completed
fd6d869a-d9ea-4727-9a00-c6d7c5a5d626,c63bd277-c81c-40c5-8720-6ce916d653c4,2024-02-25T10:16,7,178.99,Online,Cancelled
61ef5b87-c91f-4009-b5f5-a3f3326f454a,c83bba2f-5229-4998-9566-1f3179b13e8a,2023-11-30T10:16,3,55.74,Online,Completed
587f1796-6fca-4c2b-b378-1f15fa03d09b,9fa382f0-8393-48db-ad30-43c953282401,2024-12-25T10:16,7,55.86,Card,Pending
f29d748a-9fe4-4c12-bdc4-9f3abb7b9006,fbe227d7-6d32-4407-9783-7fdac983e55f,2024-03-26T10:16,4,75.72,Online,Completed
5e2ee8da-f446-4623-abf5-5d0297c46626,1d32c3b3-c732-4995-aa6b-ff159deb3bdf,2024-02-07T10:16,1,26.16,Cash,Cancelled
103b2995-a215-4f90-b143-9bc2cbc5eff6,27e45431-1333-4ffd-a0c8-be56ffdc5d4e,2025-11-02T10:16,3,87.21,Card,Pending
ce9859c9-c90c-4493-bbc3-c230d40995f1,885715b6-b1eb-44ca-8460-28c0343e56f3,2024-06-17T10:16,6,136.98,Card,Cancelled
27f4e1f5-d748-4b4c-8951-649aa618684a,6e551d53-4f6d-4b84-a9de-3d7c79694805,2024-07-24T10:16,5,80.15,Card,Pending
ca08e493-b047-4fd7-8cd2-fbbb5cb25319,3e97fc93-73a7-45e0-9888-f7a03ee258a7,2025-10-15T10:16,9,174.96,Online,Cancelled
d6a5b54c-4768-458c-8657-da133b55f008,cf65c4b6-4c1c-420b-95de-23e5b56ffad5,2024-09-08T10:16,6,174.54,Cash,Pending
097d9f21-45bc-439d-9a48-c2da5c708e0e,b95f7619-fab2-4df9-8683-1f2aeb93a660,2024-12-09T10:16,4,68.12,Cash,Completed
6f037940-a9fa-44ba-8adc-cf898c9cf73f,a938df5f-7764-459c-8bfd-90409d16b3c6,2024-05-21T10:16,8,215.04,Online,Completed
47fa783e-24f2-457b-a36c-e63ea737159c,910b1d47-5c37-48b1-8bde-96c60660f1d7,2024-03-16T10:16,8,96.40,Card,Pending
2777dc5b-12f0-4b6b-ba76-7b44ce417d28,14eace30-1ac2-411e-8eef-98e8f32a87fb,2025-03-31T10:16,9,157.41,Card,Completed
d83dd8a3-fbb8-4aef-877e-a098d7d69e11,365c90d0-a590-4209-9401-2ce55af5ed98,2024-02-04T10:16,4,112.36,Cash,Completed
7822507a-b208-43c1-8f5a-7424b3e625fb,fbe227d7-6d32-4407-9783-7fdac983e55f,2025-07-01T10:16,5,53.95,Card,Cancelled
45c38aba-2710-4f67-85ce-75a308ed9b7d,f067e21d-d1d4-4e87-9cae-9753f5f9ccb6,2025-05-18T10:16,7,120.75,Cash,Pending
622344eb-5578-49c0-a47a-a3465e13534d,67c276b0-7be6-4f3c-bf86-c342095c8112,2025-10-19T10:16,6,127.68,Online,Completed
92bfa531-2a99-4988-883b-d970e5a7980e,23650eb4-f98d-45a3-a90b-a378f03d469d,2024-01-05T10:16,5,90.55,Card,Pending
418ac306-361f-4fe7-932f-1740afaee00d,23650eb4-f98d-45a3-a90b-a378f03d469d,2025-02-09T10:16,5,57.85,Cash,Cancelled
665a0cf6-2122-4a1d-91a0-8abc2af3b619,726d71e2-70fd-4416-8568-78619c14a73a,2025-05-06T10:16,4,41.52,Online,Cancelled
e4d860e9-d283-4f77-bed8-9db437d110f6,59827b2a-ae17-44b1-bd6f-6f08718559cb,2024-10-17T10:16,1,17.60,Online,Pending
e3bc319b-30db-40d6-9e5c-4db9f5cc1a9c,90f0db1e-2b19-43f7-ba17-233c7c214eca,2025-11-07T10:16,3,49.98,Online,Cancelled
38d06ca7-6995-4de9-af1b-cb28250c468a,65b2c0ea-6192-47fc-9286-2c1dd3ecefb1,2025-05-02T10:16,5,102.15,Card,Pending
e4fabb41-3923-47bd-8e89-f4db94bbb1da,26d032f1-9fe9-487a-987a-a8be14e1db05,2024-10-05T10:16,5,54.80,Online,Pending
6c77cbd7-3985-4b0f-b586-5088d2bbc0f7,00d7ae70-0f46-4453-963c-4ab2a3d29314,2024-03-20T10:16,2,57.14,Card,Completed
5e181e85-3ca0-4534-a4d4-3b3cd947b5c8,caca465c-e9f2-4add-91b5-24c70595e321,2025-01-12T10:16,8,112.56,Cash,Completed
2fec14de-f8bc-4880-9681-28a9f3cd9c26,c83bba2f-5229-4998-9566-1f3179b13e8a,2024-09-27T10:16,7,90.86,Card,Cancelled
05eab668-2dfb-40c9-800f-516298b08892,60cd80b6-3967-4dae-b4df-adc7b5644971,2025-07-21T10:16,7,164.57,Card,Cancelled
beb99ba4-04b4-4cce-8e6a-71b7556af127,0fcf4084-ea31-49f8-99f9-9bf8c8b0c16b,2025-06-09T10:16,8,129.20,Card,Cancelled
d1f105a9-42cf-420a-97f3-2703966cd79a,c63bd277-c81c-40c5-8720-6ce916d653c4,2025-01-21T10:16,5,29.95,Online,Completed
f69a5555-a4fd-4e39-b629-0e20b2c51754,e6cb1215-5314-4d05-bfd1-f6e5d36e89f7,2025-07-01T10:16,8,224.80,Cash,Cancelled
991a3b9a-4cb3-4bcc-8551-e8ce17bf428d,0e0d5f13-edd5-4ab0-9ddd-3df111bedc5a,2024-03-05T10:16,4,97.68,Cash,Completed
de4b2670-3757-4630-8f3f-7aeb535247d9,69446e90-4237-4410-ab55-e011eb04cce0,2024-04-01T10:16,2,50.40,Card,Pending
ff7c8271-ec6a-4bf6-83dd-cdab42117bb2,1a48aa9a-def3-481d-922a-94300aa97309,2024-07-29T10:16,2,15.10,Cash,Pending
1be236f2-596a-43a6-8f14-87e951ba85d7,5d6f84a5-a4de-442e-99b9-b8ef714b4436,2024-12-20T10:16,8,124.88,Card,Cancelled
516cdfad-a596-4d6a-88b0-d85c5fc721d6,7a2e5fa5-096b-4701-8ce6-7a3db39bf8eb,2025-02-26T10:16,7,55.23,Cash,Pending
721fa644-6258-4349-ab5e-7104bf35d25f,89d26a00-0fde-4c03-8430-b06f6bc3f33a,2023-12-24T10:16,3,85.89,Card,Completed
4edc1436-72d6-4365-9a98-d828e8777b15,8e1bbe6c-7b75-46dc-8ca1-0b1664cd6ae4,2025-07-18T10:16,2,45.18,Online,Cancelled
b9ed0372-6b82-4e81-98df-8caa74bebe19,53db1213-7316-47bb-9099-c1def0e3c96b,2025-02-24T10:16,6,48.24,Card,Pending
e5e2e687-f984-4c6a-b515-b306ede8bec7,8b546c63-5406-493d-bc69-cfb594b38267,2025-02-04T10:16,3,85.17,Online,Pending
6fb7bade-18f9-4d83-b2ac-d2018fd7156a,b047b369-02d0-4f25-9af0-f1e883228863,2025-05-31T10:16,1,28.69,Card,Pending
8c11b4d9-9631-4e58-befd-867666d4ed9f,f6c35464-33dd-44a7-bf84-071f2e427045,2025-05-19T10:16,9,224.91,Cash,Completed
58e9583d-5b04-4666-b7a5-028e86082251,0130fcd4-a6cf-4a72-8400-7bcae1abce34,2025-08-02T10:16,7,203.56,Online,Pending
7e499b42-38ef-470b-b060-1ac8381edb31,ceafdb2a-788d-48e0-acdd-bd533a2e7ab6,2024-04-15T10:16,2,49.02,Card,Completed
7525fe53-1149-48cd-89b3-ba383174ca35,8b115a34-224b-453c-be69-b53a7445b466,2025-03-31T10:16,2,52.24,Cash,Cancelled
5917ee54-fe23-458d-89f5-75f6f47fc244,c46351bf-193f-49af-a5d6-456188837c3d,2024-02-11T10:16,9,101.70,Online,Completed
f4e2d91a-3f6d-4bbd-9627-3c94fa96a6a1,6117b6f0-c4f4-4bf1-9eeb-f33950decba8,2024-12-23T10:16,5,78.70,Online,Pending
1da8894d-61c2-4959-93f9-ff93db6e1405,bb6ceda0-3f7a-4dfa-9862-41a88dd468b2,2024-02-05T10:16,1,28.27,Cash,Pending
1ab4b26b-6246-49cd-b2a7-223ebf5f74af,1a31c678-d420-495a-aff3-0f1609514e1e,2024-04-28T10:16,1,25.60,Cash,Completed
55c69cde-3e9d-4cec-9469-0dbf29d2aedd,59827b2a-ae17-44b1-bd6f-6f08718559cb,2025-07-19T10:16,7,152.18,Online,Cancelled
332e7378-5f92-4272-9be3-aedc58ae889c,53db1213-7316-47bb-9099-c1def0e3c96b,2024-09-21T10:16,8,184.08,Online,Pending
2df51369-b123-4074-9b70-ad9eac1230d2,515fe1d2-d33a-4b9d-8c19-07e0cbe81a9a,2023-12-29T10:16,8,104.16,Card,Cancelled
93e2a7f8-408f-4c55-a6d2-8f8e571f6884,77ca464a-fe0d-4dcc-8f08-3eb2f7b64f76,2024-10-26T10:16,9,61.38,Online,Pending
29022aa3-92be-4752-9784-f5290b4f3b68,7d2df59f-386d-4aec-85a8-2443262a0cb4,2024-08-05T10:16,3,54.00,Cash,Pending
424c4f69-1ddc-4172-875a-22a1f543944b,000f9c8f-2fc7-4346-844d-c04f10751265,2025-02-23T10:16,4,106.20,Card,Completed
614c2a53-df33-460e-b6c6-88b89e400868,8e1bbe6c-7b75-46dc-8ca1-0b1664cd6ae4,2025-07-15T10:16,3,21.75,Card,Cancelled
6bd6f650-70d3-4d41-a5b1-2c0d9c364289,000f9c8f-2fc7-4346-844d-c04f10751265,2023-11-15T10:16,5,139.45,Online,Cancelled
407c3cac-e6e8-41f0-b67b-e10b3b5cc9f2,c0d74d86-5c5b-481d-b8e3-61eeb9c77255,2025-05-13T10:16,3,21.69,Cash,Cancelled
fec2f450-a715-4112-a423-52a3e9c0a816,aff4340c-d102-49ba-af8e-84d2737ce82c,2024-11-14T10:16,5,119.50,Online,Completed
20f91388-1883-4153-a693-96ff8b8c27fc,92da274a-bea2-490a-bb52-196c46fa8487,2023-12-24T10:16,5,83.40,Cash,Pending
27e969ac-521a-4de2-a2db-afc948b5a062,726d71e2-70fd-4416-8568-78619c14a73a,2025-08-16T10:16,1,14.57,Card,Pending
51ea80e3-e037-4236-b1ef-6dad285ebef3,71f17b36-2c37-4cfa-bf8a-894fa94c0e9b,2025-10-12T10:16,3,62.52,Card,Completed
66230639-a6a1-4b43-b2e1-393e01a69b24,14eace30-1ac2-411e-8eef-98e8f32a87fb,2025-03-20T10:16,9,65.16,Card,Completed
d7cc8af4-d065-4e5a-8ee4-da57a8a9d4b7,428424b7-1f94-496a-8b7a-497ce177d32c,2024-07-07T10:16,4,81.60,Cash,Completed
fd906e97-74bc-4d95-9b4f-feb6ec57e0e0,4739f27f-7a96-4d52-83ae-0c6fd4c8c606,2024-05-26T10:16,5,140.10,Card,Pending
a5ea152e-4294-445b-a90a-818a8b8cfdab,e7991221-0de0-4ef8-aa9c-ca3b59197059,2024-08-14T10:16,2,53.60,Card,Completed
6eb949f4-8749-464c-a58d-9b13b009a5b1,dcfb3d05-846d-4915-99f3-ebbc7559d972,2025-08-11T10:16,9,119.70,Cash,Pending
773cc482-a9a4-4ae1-96fd-c57dd6de6c96,bb6bf39c-f455-4e08-a59e-1bdaaa91d4aa,2024-11-16T10:16,3,36.00,Online,Completed
00b90def-1860-4575-b88f-658fc770739e,99c406e7-092b-4eeb-bc08-56fc041c253d,2025-07-01T10:16,6,68.28,Online,Cancelled
526f630e-bc4d-48d6-a1bc-d5e39a46eaa9,ef7fad1f-a86f-4ee1-95b4-ce1f339f0fa5,2025-01-14T10:16,8,194.40,Online,Cancelled
7a39e9a2-0570-436c-8da0-7669fa7f0b4d,6e551d53-4f6d-4b84-a9de-3d7c79694805,2024-09-23T10:16,8,167.04,Card,Pending
f394f3f0-4603-4dc4-b4d7-434c5e34a387,d33bbfcd-a2ca-4e80-8a1c-65223f061e7e,2023-12-19T10:16,6,45.00,Card,Cancelled
6d9012d2-9045-4d50-8b4e-bac5cbb04b1b,b03f75c1-655f-4480-a2bf-1a0af806e96e,2025-04-17T10:16,1,24.42,Online,Pending
cb4dcaf4-cd82-4349-9832-9d621540409f,103fcba5-5588-45a5-9fe0-6ac948d3860e,2025-09-25T10:16,7,169.40,Card,Cancelled
8938246a-c92f-4649-94ac-305be0d083cc,1407e9cf-22c9-4137-a2fe-cc12dc038235,2023-11-24T10:16,8,180.80,Cash,Cancelled
1e580fe3-2653-46fc-b714-e0c8badd82b7,d87f31d7-79ef-4c17-856e-142e791b04da,2024-09-22T10:16,3,62.10,Online,Completed
a2f46452-8c32-41a1-9536-a5693b1767a1,c5817fdc-a4dc-4879-b957-30cfda62016b,2025-07-05T10:16,4,80.32,Card,Pending
cf5cc294-cb8c-45f8-a165-af377e2ee33b,10b26c2d-7d56-4175-84a8-a2775e128a9d,2024-01-27T10:16,9,200.25,Cash,Completed
be7e6317-84f8-4646-984c-8acf06deeebe,0a570207-0f70-467f-bbeb-44a0a60a9a25,2024-09-22T10:16,1,17.55,Online,Cancelled
0c790574-525e-4ae2-abe3-6203ff072692,d6d4ef4b-0870-48aa-b884-013237f255f4,2024-08-03T10:16,1,23.07,Online,Completed
040651e8-03d9-432e-9383-f7eea928481d,4f6ae324-5b6d-47d6-a86d-26ec6fbe1e0e,2024-02-23T10:16,8,87.92,Online,Completed
2abe5049-2f60-4f44-aeb2-f9ed40c59e6d,c9dcc28a-ae5f-477c-ae7e-72d94129f449,2025-11-08T10:16,2,22.06,Online,Completed
893f2552-5b67-4478-bd51-ed100d8c47c1,f0a6a958-e434-41bf-a830-dffa55a34db5,2025-05-19T10:16,1,24.85,Card,Pending
1591ae16-493a-482c-b483-4727ea8a111c,cd50913f-8c99-4253-9134-0cf5fe5f300f,2024-04-14T10:16,3,75.57,Online,Completed
0efc4be3-a5d9-4308-8653-2ec5b9852ce1,964d337f-acd5-4ca2-8843-9be3f2eb60fc,2025-03-04T10:16,9,167.40,Card,Cancelled
a544a929-4e57-4edb-9121-ed6c3a53ab3c,06e585f0-5b60-4900-81d1-3379328e6c17,2024-09-12T10:16,7,35.84,Cash,Cancelled
1d809313-4d41-468c-961b-3259bc0abf07,5eb75bc0-d5fa-4209-9d42-7767f3f0585b,2024-08-07T10:16,6,165.72,Online,Pending
b8725b9e-898f-4d47-8c13-4b970f42dbf0,36b880b0-e9bd-4c0b-8f1c-32018f6c758a,2025-07-15T10:16,8,168.16,Card,Pending
61986290-d187-46ac-a829-f5b9393cb815,8887df7e-682b-4d48-b18c-c1ddfa0aaa26,2023-12-09T10:16,8,109.92,Card,Completed
a315b3d8-a1c3-4941-881e-1c8ba0e85503,92da274a-bea2-490a-bb52-196c46fa8487,2024-05-11T10:16,7,81.13,Online,Completed
56b860bf-56e9-456d-a990-01a5d0d2d48a,6c3bf618-a715-40f9-9faa-cfc5f5beef2f,2024-01-25T10:16,7,197.12,Card,Completed
a5e0d7d7-8fe9-47ba-a839-826d60444d70,bc58b12c-65c4-4f21-89ef-3e492a22ef7c,2024-10-10T10:16,8,198.56,Online,Pending
79243847-c795-4088-b89f-c8a6852983d9,c5817fdc-a4dc-4879-b957-30cfda62016b,2024-09-14T10:16,5,64.30,Cash,Pending
aa7a5aff-5bad-4c7e-b976-251fea76e700,1233cc27-7567-48e0-8dd2-6b0019506c2f,2025-01-10T10:16,2,15.66,Online,Pending
e92bcd54-93b8-4cba-950e-524df8448d1d,205ea7f7-e714-45b8-a083-11247ff702a1,2025-11-09T10:16,7,174.79,Online,Cancelled
b6beb428-5262-4a8a-86b4-1a62aef4c2bc,e277d099-db2a-4aee-ab86-8b0e73a34383,2025-02-21T10:16,1,29.19,Card,Cancelled
57ea72c5-afd4-47bb-b4b5-5f40b034db5f,73a2b03c-2dca-486e-8ebc-c4d6bb68a8c6,2025-05-26T10:16,4,61.40,Online,Completed
d128c1c2-66ca-44a9-8ef2-33f6a544878d,3dcaabe3-78c9-4d88-bed5-56ca7ceea07c,2025-05-16T10:16,4,33.36,Online,Cancelled
5ed5d2b0-0cfd-4a5a-8722-89e434f8e449,fdb5454e-2230-489e-ade4-9218ff28cbd8,2025-03-25T10:16,1,29.04,Card,Cancelled
c71a3e7f-d289-41b8-a097-e11eda9fc378,d3f641e5-b8b5-4f5f-9155-7768df2033e8,2024-12-20T10:16,2,11.82,Card,Cancelled
5552449e-db8f-44aa-857b-6a2899a9a1ae,3e97fc93-73a7-45e0-9888-f7a03ee258a7,2025-01-29T10:16,8,128.56,Card,Completed
d729202c-bc03-443d-a462-a23e7cd2df29,49af098b-bf79-4643-8e49-739ea932d38b,2024-07-15T10:16,9,168.75,Card,Cancelled
56a6b204-22da-4da0-be13-e5fc72e956cb,0d463f72-c3a1-4a2b-8d0d-1721a0d1a06b,2024-02-04T10:16,6,92.16,Online,Cancelled
8a9f5b89-c63c-4c8f-867d-08ddfb63d8ab,27e45431-1333-4ffd-a0c8-be56ffdc5d4e,2023-12-07T10:16,3,17.10,Cash,Pending
a6d9b25c-d5fd-47d7-8814-bf3c9a3626e2,8f7f530b-bb30-4a05-b437-744ed30af54f,2024-06-06T10:16,6,54.48,Online,Completed
133d1d0e-ca5f-4aab-a3e9-56e2401d8d1a,39cb44e2-a541-4b98-bc0b-db5f31cf8710,2024-07-10T10:16,4,41.28,Online,Completed
daf71a63-845e-4c94-82d7-22b523709ea7,b6c26110-1b77-4777-8c79-c69ec19b66df,2024-08-06T10:16,4,46.60,Cash,Pending
84312e64-e985-4a9a-a17b-6ec58fbf5b41,6f61ca8e-51a1-48e0-abfa-88326e713e34,2025-08-15T10:16,9,61.83,Online,Completed
1fbc5596-5bf8-4d19-85fa-c9bf6e510ef1,caca465c-e9f2-4add-91b5-24c70595e321,2025-10-27T10:16,9,171.00,Online,Completed
fba76528-fd66-4b8e-94b0-d54be8607f2c,365c90d0-a590-4209-9401-2ce55af5ed98,2024-02-15T10:16,7,148.40,Card,Completed
5070d544-b1a5-42bf-bb28-b6c613063a90,500fde18-ea61-4380-9ea4-f06d09985870,2024-12-27T10:16,4,116.28,Card,Cancelled
a5e560f7-be52-4fac-9498-4d988f755a73,11526850-7335-463f-b740-a52a90457c3b,2024-03-27T10:16,4,33.72,Cash,Completed
1f9dcf13-c07f-4d8c-9788-d32d817fcce9,80537cf2-360f-4740-8b7e-d4cd56e22987,2023-12-03T10:16,6,102.90,Card,Completed
e7111349-8554-40a4-b20e-8ad2d02aec07,d5cfb1a3-ce2f-4aff-ab4c-50e0c5426af1,2024-12-26T10:16,3,84.60,Card,Cancelled
16387819-0340-42b2-94de-4f0bd49e35d3,90f0db1e-2b19-43f7-ba17-233c7c214eca,2025-10-29T10:16,4,23.08,Online,Cancelled
c347eaf8-1964-4ff0-a434-4ec1a3b233b2,953417c6-cd52-45e9-9ca0-bb450653c934,2024-08-18T10:16,9,112.59,Online,Cancelled
7b3c45b0-4fdf-4e12-89d4-f5563d74db13,bf0de251-90d7-423c-8b31-48df1a89964f,2025-04-07T10:16,7,156.73,Cash,Cancelled
111ef644-1d05-490b-9c8f-be4f5dd23763,bb9edfa8-17f7-4f6f-8e3b-616693a298b1,2025-01-02T10:16,9,155.34,Card,Completed
93546c02-171e-4c05-8407-5dd1aad8daae,62a2bfef-ca4a-4dec-90ea-bf15ea1880d2,2025-09-17T10:16,9,72.00,Cash,Completed
14f0840c-cb95-4e3e-9abc-b022fe8835c6,ebbc7df0-770d-44f8-b0ff-c62f9006e40e,2023-12-08T10:16,1,8.09,Card,Cancelled
d1e31b90-2d84-4f1e-b4e7-df6d39446202,e85d0261-2d97-4475-a749-363ec9040a74,2024-08-13T10:16,3,59.91,Card,Cancelled
c9496ee2-ab1a-4b08-97ce-a1053ab084f8,49af098b-bf79-4643-8e49-739ea932d38b,2025-08-10T10:16,4,65.28,Online,Completed
547d093d-6c44-49e9-bcae-ab3268bb5d6b,e85d0261-2d97-4475-a749-363ec9040a74,2024-07-20T10:16,9,160.83,Cash,Cancelled
6717b2c4-f5af-47b7-bfc4-b57b4cd7ba9e,56a75a3e-a944-4147-8cba-f1024726993f,2025-08-14T10:16,8,97.44,Cash,Pending
d8188be7-056c-4c6b-9d0e-cc7a127e8a77,c63bd277-c81c-40c5-8720-6ce916d653c4,2025-05-14T10:16,6,122.64,Card,Cancelled
1c7c850b-e78e-4197-bc6d-748de1e5a45f,103fcba5-5588-45a5-9fe0-6ac948d3860e,2024-04-10T10:16,1,14.78,Cash,Cancelled
085f5765-6ab4-4be9-ae1f-4cb9ecedcae1,25659c0e-6eb5-4c57-add8-fb6ac5f42699,2024-11-12T10:16,5,126.75,Cash,Pending
efffb2b0-d886-4974-b6ba-a322d5717fb1,98b17fed-218c-4f20-8410-9f0edfc74455,2025-10-11T10:16,8,57.52,Card,Completed
4b88c8b6-3ce9-40b8-a825-f2ae40a1e8e8,99c406e7-092b-4eeb-bc08-56fc041c253d,2024-11-10T10:16,1,22.37,Cash,Cancelled
40c6ef43-6240-4485-8795-0054d296251e,56a75a3e-a944-4147-8cba-f1024726993f,2025-10-09T10:16,9,74.07,Card,Completed
415797c6-a195-4013-9b16-91aa7c3be202,73a2b03c-2dca-486e-8ebc-c4d6bb68a8c6,2025-03-02T10:16,6,148.62,Online,Cancelled
0cca4839-a1a1-4dea-b9be-9942ea2f9220,2a109685-1399-4149-8951-fba29bb0360d,2024-06-21T10:16,1,26.66,Card,Cancelled
744c25c3-25d0-4b0d-bead-4f8b121c2a3b,11526850-7335-463f-b740-a52a90457c3b,2024-12-24T10:16,1,21.86,Card,Completed
945bd453-691b-461c-8dee-6bef0464cf62,205ea7f7-e714-45b8-a083-11247ff702a1,2024-07-16T10:16,8,128.24,Online,Cancelled
5136aac2-2ca6-4ebe-868a-94cb91c1e6b2,46032f36-69bc-465a-9b33-a5d560bfd77a,2025-06-12T10:16,4,39.48,Card,Completed
7880c4e8-3c1d-4036-80a4-1c97ad03153a,205ea7f7-e714-45b8-a083-11247ff702a1,2024-06-18T10:16,4,71.52,Cash,Pending
44fc45af-0cd4-465f-b40b-c0ebed649e9a,ba5d9947-b043-4aca-8ee0-6b77895cf8e8,2025-10-19T10:16,5,27.10,Cash,Completed
a8ac8e09-ac1d-4fbd-961f-e4ca41e4a9d7,bb9edfa8-17f7-4f6f-8e3b-616693a298b1,2025-06-30T10:16,8,230.32,Card,Pending
1051746a-f2e7-410f-97e5-1a78d9e70ede,d5cfb1a3-ce2f-4aff-ab4c-50e0c5426af1,2025-01-13T10:16,8,151.44,Card,Pending
01cf528e-21e1-4130-af1b-286ef7be170e,11526850-7335-463f-b740-a52a90457c3b,2025-11-01T10:16,7,180.74,Cash,Pending
94122e17-284c-429d-a38d-4c345b1a568d,0a5bd884-b432-4ce5-b14e-44b4aedd4c0f,2025-09-02T10:16,9,211.68,Card,Completed
ecdd0c96-fa2a-42e1-a448-cfbe001597b5,0472ca7f-b133-4710-8f43-24a3c6c1afd1,2024-03-14T10:16,3,22.98,Cash,Pending
7412bc3e-5291-4b20-b64c-1744a4b11f53,ebbc7df0-770d-44f8-b0ff-c62f9006e40e,2024-03-12T10:16,6,110.04,Cash,Completed
43aacda9-bff5-473b-abd9-4bed12c8b3c6,c5817fdc-a4dc-4879-b957-30cfda62016b,2025-10-05T10:16,2,52.60,Card,Completed
e832ca95-10a0-4fbc-ad1b-5dd0ea694f1c,21edfc22-3f73-4335-a774-3cf78ab65e86,2025-09-13T10:16,9,250.02,Cash,Pending
2090e7c2-2f49-484d-bbf5-10b745204be7,dcfb3d05-846d-4915-99f3-ebbc7559d972,2024-07-23T10:16,1,11.29,Card,Completed
251a9bc9-269e-43ed-acda-4f0a40a074f3,b014b56e-3263-4b63-8430-46e00bc5ea77,2024-08-08T10:16,4,75.08,Cash,Completed
b89bf710-b692-43c4-b759-0e6d6f0725ba,f3826f04-0dfa-4266-8002-58fede0093f5,2024-04-22T10:16,6,132.72,Card,Completed
10b171ab-4187-4885-a369-87e8e273fa28,e7991221-0de0-4ef8-aa9c-ca3b59197059,2024-04-24T10:16,9,93.87,Card,Cancelled
0696f272-764c-43d5-b86f-ed6fd5a32ee2,bf0de251-90d7-423c-8b31-48df1a89964f,2024-08-25T10:16,3,41.19,Online,Completed
5209dfe7-0d2b-4840-b4ce-9ec38f6722d6,b04ce307-2d1f-4214-b023-d8f4379041a1,2024-09-05T10:16,4,29.96,Cash,Cancelled
1ca2bfc4-e70c-46d8-a838-7ee279902b8b,06e585f0-5b60-4900-81d1-3379328e6c17,2025-01-28T10:16,4,114.96,Card,Pending
69de48ed-9820-47f8-9a44-742b2b7ffa89,0a0ac3e5-6e20-4fbc-87ec-5481c70e38bc,2025-02-13T10:16,5,120.00,Cash,Pending
439ec70f-49a9-45d3-97d2-fd8709e5115e,39cb44e2-a541-4b98-bc0b-db5f31cf8710,2025-01-18T10:16,3,28.92,Cash,Cancelled
722db8f6-ff6c-4759-a7a7-1a0687aab94d,f3826f04-0dfa-4266-8002-58fede0093f5,2024-07-25T10:16,1,29.82,Online,Completed
3acf71b0-4130-4992-9f6a-32d8c3a5e12c,b0d737cd-ec4b-4a88-aa81-d012ef3fb719,2024-09-30T10:16,3,27.42,Cash,Cancelled
84aba8b6-e85c-4a63-8418-2e07aaa5c597,59827b2a-ae17-44b1-bd6f-6f08718559cb,2025-04-28T10:16,2,40.40,Online,Cancelled
89c302a1-cb8a-436a-8608-29aac47c2426,d3f641e5-b8b5-4f5f-9155-7768df2033e8,2024-05-28T10:16,5,71.30,Cash,Completed
125d71f1-5695-4fff-9491-448ab7189bac,9fa382f0-8393-48db-ad30-43c953282401,2025-04-10T10:16,7,182.35,Cash,Cancelled
79d378cd-46a3-4686-b947-48a82ba7148b,ecf1ffb0-ac00-4968-87ea-8beef4ace55a,2024-10-02T10:16,7,115.15,Cash,Completed
b5e16473-57c7-401c-9745-faeede1cb5c1,a5ffc907-be77-43e6-8694-4a0bf09bd3fb,2025-04-29T10:16,1,23.70,Cash,Completed
c4175cd2-611f-49ab-a10d-1afc154557b6,0fcf4084-ea31-49f8-99f9-9bf8c8b0c16b,2023-12-22T10:16,8,166.24,Online,Pending
b9274b63-ebd5-48b7-b746-84ca61f1f74b,8b115a34-224b-453c-be69-b53a7445b466,2025-05-25T10:16,9,138.24,Cash,Cancelled
4e4f1c67-0ce3-444c-9af8-63def0c18a8c,a938df5f-7764-459c-8bfd-90409d16b3c6,2024-07-31T10:16,4,77.24,Card,Cancelled
54e62500-c166-4aee-bf43-d5bde38c2043,0a15d43b-8f6b-444a-bef2-ffbddfdbd16f,2023-12-18T10:16,6,178.68,Cash,Completed
8bda8e58-b28b-494d-b8e6-1675dc2734bc,000f9c8f-2fc7-4346-844d-c04f10751265,2025-04-08T10:16,4,95.76,Online,Cancelled
61d96045-b160-4581-aa9b-c55eeb8bb3be,b03f75c1-655f-4480-a2bf-1a0af806e96e,2024-05-13T10:16,2,58.38,Cash,Cancelled
11e20404-b243-4618-a20a-6effefdfe77a,000f9c8f-2fc7-4346-844d-c04f10751265,2024-07-24T10:16,5,56.60,Online,Pending
dbc988ea-b248-4b80-b6e3-370d0d34278c,52c87fd9-fdf0-4256-b929-6153ad24a0ac,2023-11-26T10:16,8,77.60,Cash,Completed
b1fcbaa9-0a58-4c83-99e1-e2c1302de21c,4b14a58c-f1e4-40b6-888d-a88cd7055099,2025-08-09T10:16,2,46.56,Card,Completed
c0cb395c-576a-4d49-ab40-3af840f2264d,26d032f1-9fe9-487a-987a-a8be14e1db05,2025-02-25T10:16,3,18.90,Card,Pending
727b440c-4655-4a48-bb4a-03866ee34199,500fde18-ea61-4380-9ea4-f06d09985870,2024-09-25T10:16,9,239.94,Cash,Completed
c31ab94e-101b-40c3-8957-b8dc7b52d588,6945f6f4-b8f9-4d04-90ff-e59ed705578e,2025-08-11T10:16,1,22.35,Online,Pending
3ff38247-6131-4651-80fe-6db09224d4c6,e7991221-0de0-4ef8-aa9c-ca3b59197059,2024-07-26T10:16,5,103.50,Cash,Cancelled
367b455c-61ce-4ad8-885c-9cb6a8f5d374,1d32c3b3-c732-4995-aa6b-ff159deb3bdf,2025-09-09T10:16,6,61.68,Card,Cancelled
66c9d36c-29b3-4168-ae83-e6759cf62114,e6cb1215-5314-4d05-bfd1-f6e5d36e89f7,2025-10-27T10:16,6,77.58,Cash,Pending
378b6efd-1ded-4d19-9ff1-121a5e6fa1e9,5eb75bc0-d5fa-4209-9d42-7767f3f0585b,2024-07-24T10:16,2,41.24,Card,Completed
c3c92aaa-8147-4a6c-8493-82d31b398f9e,f0a6a958-e434-41bf-a830-dffa55a34db5,2024-12-19T10:16,8,149.44,Cash,Cancelled
d5532088-72f0-4d26-bb21-a4ba3f1211b0,0d463f72-c3a1-4a2b-8d0d-1721a0d1a06b,2025-08-13T10:16,8,208.72,Cash,Cancelled
4563a2f4-3a74-4d65-9ccf-ad88f3920fbe,b6c26110-1b77-4777-8c79-c69ec19b66df,2024-03-07T10:16,5,87.45,Cash,Cancelled
2287bdd7-4bb8-47e2-a185-9c88961fe5ea,6b1178fc-1745-401d-88da-3903c243ebe9,2025-05-17T10:16,9,210.96,Online,Cancelled
f6ffd2a8-9f26-498f-a07c-260a46a695f3,b90a3a7f-421e-47e5-8598-fe50f365a62e,2023-12-15T10:16,3,32.49,Cash,Pending
20cecc5b-fabe-43c8-ac6c-7e30fe1cff5e,935ebde1-5945-4673-886e-1a7a12cc2d4e,2025-08-20T10:16,1,24.88,Cash,Pending
5e791690-6071-43c6-bb3c-d523ac23f36a,92da274a-bea2-490a-bb52-196c46fa8487,2025-03-09T10:16,2,20.62,Card,Cancelled
f86851f7-fc15-487d-843d-6d2c70762c15,726d71e2-70fd-4416-8568-78619c14a73a,2025-10-12T10:16,6,52.98,Card,Pending
5bb4d462-d86e-4490-9a26-9a236f58e25a,1233cc27-7567-48e0-8dd2-6b0019506c2f,2025-02-22T10:16,8,54.72,Cash,Completed
c8eb5b92-e36d-47e3-bea5-3921945e6a25,5400d214-6176-40bf-88d2-3f53ed38bf69,2025-08-08T10:16,7,183.89,Card,Cancelled
e3ecfedb-4a53-4625-8b7e-863ed8873565,6aaabc79-3d35-410f-bb96-f86a3930d0ff,2025-03-31T10:16,6,123.00,Online,Pending
00d35ab0-b2f8-4a3a-ae95-e35068207b00,77ca464a-fe0d-4dcc-8f08-3eb2f7b64f76,2025-01-25T10:16,8,45.76,Online,Pending
b801c064-a409-4259-8731-58649ae1f09e,c0d74d86-5c5b-481d-b8e3-61eeb9c77255,2024-12-21T10:16,1,17.07,Cash,Cancelled
b341b5da-6513-4cb3-b77b-b6a2833eeeec,c63bd277-c81c-40c5-8720-6ce916d653c4,2024-04-25T10:16,2,46.20,Card,Pending
7823a57a-969f-4690-951c-ee6b001da171,d7af10ce-45c9-4fc8-8dd8-b1c5491aad5f,2025-01-09T10:16,8,97.12,Online,Completed
57c529ba-ead8-46bc-b01a-7eb2e6f234a8,bb6ceda0-3f7a-4dfa-9862-41a88dd468b2,2024-09-16T10:16,5,63.75,Card,Cancelled
be52fe60-b236-44df-bb59-a2f5c139fcaa,fe624323-ba72-456d-9842-ed9e0edc75df,2024-06-14T10:16,5,61.20,Cash,Pending
75cec25a-a1d9-40ce-8fb1-212d880630bd,c63bd277-c81c-40c5-8720-6ce916d653c4,2024-12-11T10:16,8,177.92,Online,Cancelled
3397248f-bbfb-414f-95e7-dfa8a55dfc9c,a938df5f-7764-459c-8bfd-90409d16b3c6,2024-02-06T10:16,2,54.92,Card,Cancelled
fd49bbba-bcd6-41c8-a4e3-b83992a66c1d,0d463f72-c3a1-4a2b-8d0d-1721a0d1a06b,2024-06-18T10:16,9,264.42,Online,Pending
0466d5b0-7f42-4d74-b773-99021035fccc,7169ef0c-f2c8-4ae3-83f6-87691664d2d2,2025-10-21T10:16,2,55.60,Online,Completed
a27adb45-aa81-4ecf-a7ee-2d8f1888de1a,935ebde1-5945-4673-886e-1a7a12cc2d4e,2025-10-25T10:16,6,58.38,Card,Completed
489de945-b1a9-48ed-9ea9-b7a02f98e670,500fde18-ea61-4380-9ea4-f06d09985870,2025-03-29T10:16,6,53.76,Cash,Completed
bb95a4f7-9abd-433b-ba20-bc703c386bc6,6c3bf618-a715-40f9-9faa-cfc5f5beef2f,2025-10-14T10:16,3,56.70,Online,Completed
06776d77-f5c1-4faa-8a8a-b16b0a962951,485b65e7-fdf4-474d-afba-37986d8d3cd8,2024-09-28T10:16,8,221.04,Card,Cancelled
0ed27388-738e-46c7-a3f0-9a4756f9f5ab,a3f626b9-cc27-4c04-8570-be79ab8bda4a,2024-12-04T10:16,4,50.84,Card,Completed
e9e19884-fe17-4971-a82f-f05cc777e62a,bf0de251-90d7-423c-8b31-48df1a89964f,2024-06-18T10:16,2,42.22,Cash,Pending
5bf2ce8c-1b6f-479a-a31e-20b67d1bb81e,935ebde1-5945-4673-886e-1a7a12cc2d4e,2025-02-18T10:16,8,51.52,Cash,Cancelled
eced6240-a66f-4c80-a7f5-b9843cd41fcd,53db1213-7316-47bb-9099-c1def0e3c96b,2024-07-02T10:16,1,24.83,Online,Pending
4ada4de9-7873-4ea9-be8b-917261e6b97a,02c65c06-56ad-4670-b8e2-10ab417c7154,2024-08-23T10:16,8,131.44,Card,Completed
