order_id,restaurant_id,order_date,items_count,total_price_usd,payment_type,status
09b7976e-d5ec-49e0-ae01-a21e085ca9d6,c63bd277-c81c-40c5-8720-6ce916d653c4,2024-09-19T10:16,1,22.03,Online,Cancelled
04facb7c-b5b3-43d3-aff4-090a6ffeeb55,10b26c2d-7d56-4175-84a8-a2775e128a9d,2024-12-04T10:16,2,52.86,Cash,Cancelled
c8b5d7d1-7b26-40d7-a9f2-25c59ee554c1,0a0ac3e5-6e20-4fbc-87ec-5481c70e38bc,2023-11-29T10:16,6,77.46,Cash,Cancelled
7501ceb5-1429-412e-94c1-3e72439be870,515fe1d2-d33a-4b9d-8c19-07e0cbe81a9a,2024-05-24T10:16,7,166.67,Cash,Cancelled
14f66bd8-64c6-48bc-9007-7161478307cf,e12c3d24-86c8-474f-b86b-370df36adbfe,2024-04-11T10:16,7,65.52,Cash,Pending
ac934cec-37b6-4210-a1f4-0f3a97fce1d1,7a2e5fa5-096b-4701-8ce6-7a3db39bf8eb,2024-12-02T10:16,2,21.64,Card,Pending
41afb56d-18fa-40ed-a961-073d1bb764bf,500fde18-ea61-4380-9ea4-f06d09985870,2024-07-21T10:16,1,16.97,Online,Completed
4bc68b74-6f27-459e-8682-524dcb73c7a0,209e786b-2a61-4e52-a3b2-1cc98bcbf18c,2024-11-21T10:16,9,97.29,Online,Cancelled
bdfec9b0-1e19-403a-8823-abe5df84bc7e,6e551d53-4f6d-4b84-a9de-3d7c79694805,2025-05-01T10:16,8,176.40,Card,Completed
d8a52c0b-8ad8-41f3-a181-4aac08905502,67c276b0-7be6-4f3c-bf86-c342095c8112,2024-01-14T10:16,5,112.20,Online,Cancelled
9c68cefe-ec1e-4ca9-b3ba-800358389726,ef7fad1f-a86f-4ee1-95b4-ce1f339f0fa5,2025-01-18T10:16,1,23.58,Online,Pending
bd80160a-bb39-4fa0-880d-225d34370bc3,5f6e51da-5f01-4c9a-85dd-7d50ef37e5d7,2025-07-06T10:16,3,46.08,Card,Pending
a6537fe2-4f49-4b93-8dc3-6994c085e828,5f6e51da-5f01-4c9a-85dd-7d50ef37e5d7,2025-02-07T10:16,5,52.95,Card,Completed
de387e6b-1bd1-4a0d-8613-568fab1c33f7,b014b56e-3263-4b63-8430-46e00bc5ea77,2025-01-27T10:16,4,109.48,Card,Completed
7ac4a8e9-f5e4-48c7-b9d4-01cdd97942d3,77ca464a-fe0d-4dcc-8f08-3eb2f7b64f76,2025-05-01T10:16,2,14.58,Cash,Pending
c3219d92-0e3c-4d6b-a302-d91aa79cd721,cd50913f-8c99-4253-9134-0cf5fe5f300f,2023-11-13T10:16,5,107.60,Cash,Completed
6795f9f1-2fe7-4861-8381-fd9a151e04b1,4b14a58c-f1e4-40b6-888d-a88cd7055099,2024-02-26T10:16,6,109.62,Card,Pending
a32031fd-58c8-48c2-b72d-68e4bbdf86d0,000f9c8f-2fc7-4346-844d-c04f10751265,2025-06-04T10:16,2,58.96,Card,Cancelled
dbb855c3-6a63-47d3-a851-ed63e7966930,6117b6f0-c4f4-4bf1-9eeb-f33950decba8,2024-05-25T10:16,5,37.75,Cash,Pending
299dda7e-3793-4cb7-9311-f92a5e240505,d5cfb1a3-ce2f-4aff-ab4c-50e0c5426af1,2024-08-16T10:16,9,267.66,Card,Cancelled
8b0c5f50-f3ce-4c2f-a92b-ba68c7d563cd,59827b2a-ae17-44b1-bd6f-6f08718559cb,2024-08-07T10:16,7,42.28,Card,Cancelled
a5c84e41-f489-4a35-8e55-4350d65678cb,0a15d43b-8f6b-444a-bef2-ffbddfdbd16f,2025-06-25T10:16,5,101.50,Card,Completed
73f597be-4369-4492-badf-7dd643947773,1407e9cf-22c9-4137-a2fe-cc12dc038235,2024-05-06T10:16,5,46.85,Online,Completed
be6c60db-6477-4e04-bc43-3e5a6c1e9dba,b6c26110-1b77-4777-8c79-c69ec19b66df,2024-02-06T10:16,3,53.19,Online,Cancelled
6d927822-587c-4bd3-be25-7e70810f0158,8887df7e-682b-4d48-b18c-c1ddfa0aaa26,2025-03-21T10:16,7,113.26,Card,Cancelled
43692ce2-aca2-4f15-a67a-e543e4d9a0d5,e119f98a-df63-41dc-8e01-bb49ca2dc724,2025-05-07T10:16,5,43.80,Card,Completed
71dc0483-cf59-4094-b85f-5d37cf6e2b12,98b17fed-218c-4f20-8410-9f0edfc74455,2025-07-09T10:16,2,32.60,Online,Completed
3cc5a6ab-6cc0-49ea-8117-9de4f0c11008,4e44f26d-5455-405b-8fdb-63ab8b739ecf,2024-03-27T10:16,6,139.44,Card,Pending
39d01e12-b23f-43b6-ad7a-85b89ebdee59,67c276b0-7be6-4f3c-bf86-c342095c8112,2024-03-05T10:16,8,156.40,Online,Completed
be3c2fe9-004d-4ae8-b7e5-02c7246e9ccf,6e551d53-4f6d-4b84-a9de-3d7c79694805,2023-12-27T10:16,9,259.29,Card,Pending
c7ba572d-7601-481f-922b-c5d992c0d5b1,726d71e2-70fd-4416-8568-78619c14a73a,2024-05-03T10:16,3,86.19,Card,Completed
7e14345d-5073-49f4-9f8c-d96c620d0092,0a15d43b-8f6b-444a-bef2-ffbddfdbd16f,2024-07-22T10:16,8,48.00,Card,Completed
99112ba6-4c67-4f29-aafe-95f662433b37,36b880b0-e9bd-4c0b-8f1c-32018f6c758a,2025-07-19T10:16,1,11.59,Cash,Completed
32980386-a804-4386-954e-1eb837339309,a3f626b9-cc27-4c04-8570-be79ab8bda4a,2024-11-01T10:16,5,84.00,Card,Completed
4a15b128-b7a7-42e7-9a8e-a84d1ea83f90,e6cb1215-5314-4d05-bfd1-f6e5d36e89f7,2025-10-02T10:16,3,54.54,Card,Completed
2176001f-9698-4c6c-a171-9cbde6ee1942,4e6807ca-aed8-4ec9-b1b0-0e3aba57efb1,2024-09-18T10:16,7,79.66,Cash,Pending
42227cd6-ec99-4b24-8dff-cc099786cd93,941529ef-2114-4bff-907a-4596ff4593a1,2024-02-25T10:16,9,47.79,Cash,Cancelled
e8dc0ab2-721b-4674-af13-025c0326fe95,1a48aa9a-def3-481d-922a-94300aa97309,2025-01-08T10:16,8,172.08,Cash,Completed
d3392ff8-1fdb-4c54-8a39-f32953bf78d0,c3ffc43c-0c11-40fa-9824-f234161741d0,2025-10-28T10:16,2,23.14,Card,Completed
f0a7f416-1d3e-4496-bc3b-3370d19e54a7,73a2b03c-2dca-486e-8ebc-c4d6bb68a8c6,2025-01-20T10:16,2,24.70,Online,Pending
c094abc9-b216-4a8a-8008-f034f02161af,8626238e-5813-415a-9a8c-db944b1e0269,2024-11-04T10:16,7,151.13,Online,Pending
2a39ccfa-4183-4e27-beb2-b10e88c0ea25,05ccd8a5-ea5f-4353-bd1e-3022152b0685,2024-09-21T10:16,4,80.72,Online,Completed
1c44d519-0b1a-4377-a207-0ef9eeaf3f0c,fdb5454e-2230-489e-ade4-9218ff28cbd8,2025-04-18T10:16,5,94.85,Online,Pending
17570f15-11ca-47ca-8f39-4aa7037525ce,f3826f04-0dfa-4266-8002-58fede0093f5,2025-04-22T10:16,3,24.09,Card,Pending
c0e2b6f5-c32c-437a-9c37-cb60addcff72,09ba4183-1b94-4f8c-bc5f-eca421a88524,2025-05-16T10:16,5,98.65,Cash,Completed
e3d9435f-e17d-4e29-a75e-071d95ec1659,c0d74d86-5c5b-481d-b8e3-61eeb9c77255,2024-12-09T10:16,1,24.84,Online,Cancelled
8016a3b4-2b83-4873-af7c-dd00316481ef,aac35608-9499-49c5-811a-a059e773c968,2025-07-21T10:16,6,51.72,Online,Completed
b7dfe2e3-7c7a-4e1a-acd4-57b78c29078e,4f6ae324-5b6d-47d6-a86d-26ec6fbe1e0e,2025-01-06T10:16,7,60.55,Card,Pending
9d9f859f-58b6-428e-bc0e-28992bbd2c8f,0a570207-0f70-467f-bbeb-44a0a60a9a25,2024-06-27T10:16,9,181.35,Online,Pending
efdeb3d0-d432-4d64-85ea-879c0c3749fb,caad7924-4bc5-4f85-9662-11ca261e3c87,2024-02-15T10:16,2,34.54,Cash,Completed
c307fafd-3461-4f87-89ec-16347ee7ad61,4f6ae324-5b6d-47d6-a86d-26ec6fbe1e0e,2024-04-22T10:16,3,21.03,Online,Completed
96e543e6-afb1-4c8f-b66f-28323a12e354,6aaabc79-3d35-410f-bb96-f86a3930d0ff,2023-12-10T10:16,1,11.09,Card,Cancelled
b02994bf-f8f3-42ac-89ac-350eae754fbc,49af098b-bf79-4643-8e49-739ea932d38b,2024-12-11T10:16,6,170.04,Cash,Cancelled
3e9d323a-077c-44f4-8a3b-c23adb7ca664,26d032f1-9fe9-487a-987a-a8be14e1db05,2024-05-09T10:16,9,251.55,Online,Pending
342b99d2-2600-4aad-bc26-433d6ece43ba,964d337f-acd5-4ca2-8843-9be3f2eb60fc,2025-10-27T10:16,7,161.84,Card,Pending
cad091d1-4d43-4518-ad3d-9926ecebddca,3dcaabe3-78c9-4d88-bed5-56ca7ceea07c,2025-05-12T10:16,8,125.76,Cash,Completed
63e86996-7501-4faa-9fca-7143b6af102f,ef7fad1f-a86f-4ee1-95b4-ce1f339f0fa5,2024-05-31T10:16,6,120.66,Online,Pending
8c6ccb1a-daa0-4668-a148-244475c5c724,aff4340c-d102-49ba-af8e-84d2737ce82c,2024-07-12T10:16,8,168.96,Cash,Pending
bbf4dd56-5e4e-4ab3-8933-f69dcfca25f5,726d71e2-70fd-4416-8568-78619c14a73a,2024-12-04T10:16,3,63.51,Online,Pending
49203bf2-c51a-4d9f-b090-1234107c8850,3910ab11-8758-4a4f-8a9b-c4f5df7413c4,2025-08-29T10:16,2,28.54,Online,Completed
098d8c50-d7e1-4e38-9ec9-9a6cad166c92,00d7ae70-0f46-4453-963c-4ab2a3d29314,2024-06-09T10:16,2,18.62,Cash,Completed
4c0a6d8d-c175-441a-87ef-b2a73d792f83,49af098b-bf79-4643-8e49-739ea932d38b,2024-03-01T10:16,5,69.50,Online,Cancelled
385945bb-df69-41b9-9b87-78424f4c668f,69446e90-4237-4410-ab55-e011eb04cce0,2024-05-28T10:16,9,245.52,Cash,Cancelled
29f591aa-6279-4ae9-824d-da988e23dc3a,67c276b0-7be6-4f3c-bf86-c342095c8112,2024-01-15T10:16,1,14.55,Online,Pending
b439d370-9cc1-46fd-9192-fb2bf3dfbf6f,5f6e51da-5f01-4c9a-85dd-7d50ef37e5d7,2025-03-13T10:16,7,46.69,Card,Cancelled
957017d8-9cba-4997-a0bb-b47ceeb5dbd5,d5cfb1a3-ce2f-4aff-ab4c-50e0c5426af1,2025-05-28T10:16,5,92.60,Online,Cancelled
3ecdbb25-cfe8-4556-a75c-2270f2c8e632,b3688304-b24b-416a-9bf4-c2b6aaeb59d3,2025-03-11T10:16,1,12.75,Cash,Pending
488b6825-b720-4bb2-9126-6f04c295f3dc,cd50913f-8c99-4253-9134-0cf5fe5f300f,2024-01-12T10:16,5,31.15,Card,Completed
074c5748-2606-41fd-93bf-b0d41d7c4c59,aac35608-9499-49c5-811a-a059e773c968,2024-09-18T10:16,2,33.88,Online,Pending
479e65dc-5031-4187-88f4-3cd4f4865661,d33bbfcd-a2ca-4e80-8a1c-65223f061e7e,2023-12-09T10:16,1,20.43,Card,Cancelled
fca447ba-05c5-4a0b-a097-b10d93d7ce23,0130fcd4-a6cf-4a72-8400-7bcae1abce34,2025-08-18T10:16,6,126.06,Cash,Pending
ab34543d-629c-472d-b9a8-a913db996f93,ebbc7df0-770d-44f8-b0ff-c62f9006e40e,2025-08-04T10:16,8,101.76,Cash,Pending
f743cb62-c56b-4d65-9437-e006c50cd38a,0d463f72-c3a1-4a2b-8d0d-1721a0d1a06b,2025-06-15T10:16,8,196.08,Online,Pending
33489573-5af3-477a-bf9e-20be652e717d,98b17fed-218c-4f20-8410-9f0edfc74455,2025-03-24T10:16,1,23.78,Cash,Cancelled
4c69c68a-9f1f-43ec-a174-78b3aca61013,a3f626b9-cc27-4c04-8570-be79ab8bda4a,2023-12-24T10:16,8,76.48,Online,Cancelled
65985013-2ffb-46a9-84fa-d8c838b63bf3,67c276b0-7be6-4f3c-bf86-c342095c8112,2025-03-12T10:16,1,24.31,Card,Cancelled
16f8c60a-4215-4c45-9c75-21c22a65a521,209e786b-2a61-4e52-a3b2-1cc98bcbf18c,2024-01-04T10:16,8,134.80,Card,Completed
c0e19dd1-5421-450e-ba0a-5356ba682d16,27e45431-1333-4ffd-a0c8-be56ffdc5d4e,2024-09-03T10:16,8,151.12,Online,Cancelled
d06a551b-79e2-466d-ba98-389ceb3284f7,4e44f26d-5455-405b-8fdb-63ab8b739ecf,2025-05-18T10:16,5,117.20,Online,Pending
4f26a866-78e5-4080-878b-dcb47b78908d,c63bd277-c81c-40c5-8720-6ce916d653c4,2024-08-03T10:16,5,77.65,Cash,Completed
737fd761-a91a-42af-83d0-add75757bbf2,59827b2a-ae17-44b1-bd6f-6f08718559cb,2024-11-01T10:16,4,105.16,Cash,Cancelled
2e26a8e9-0cfe-4314-bb56-580316c2f9d1,6117b6f0-c4f4-4bf1-9eeb-f33950decba8,2024-12-23T10:16,9,159.57,Card,Cancelled
cbd931fd-7516-4dcb-b096-f984cd3cdbd3,365c90d0-a590-4209-9401-2ce55af5ed98,2024-05-07T10:16,2,36.00,Card,Pending
e747e11e-af5a-4699-8184-78ab3fe327d8,7c991f43-c18b-4404-8826-97691b0dc00c,2025-10-18T10:16,8,79.68,Online,Pending
e498f7b0-276f-4fd0-b0c4-a541063cbf62,5400d214-6176-40bf-88d2-3f53ed38bf69,2025-06-16T10:16,7,166.46,Online,Cancelled
0e167817-ec83-4216-83cc-844cd307de06,910b1d47-5c37-48b1-8bde-96c60660f1d7,2025-03-18T10:16,7,99.61,Online,Cancelled
ecc64ac0-1ad0-4ed6-9b20-ca40cefd2f3a,e7991221-0de0-4ef8-aa9c-ca3b59197059,2024-05-10T10:16,2,13.20,Card,Pending
9d77ff7a-9a88-4030-95e7-146784cfafe7,ba5d9947-b043-4aca-8ee0-6b77895cf8e8,2024-04-06T10:16,4,61.44,Online,Completed
67c8edfd-82e3-4624-bfeb-04a75a4d2d0d,4b14a58c-f1e4-40b6-888d-a88cd7055099,2024-08-29T10:16,8,234.80,Card,Completed
20437eba-5d54-41b9-88ae-a6cd825fcbec,3ab3404a-ee80-4ed2-8d90-a6f0dad14e48,2025-10-13T10:16,7,188.09,Online,Cancelled
14a5a2f0-33cc-4349-9158-935e927ca844,428424b7-1f94-496a-8b7a-497ce177d32c,2025-03-03T10:16,5,78.75,Online,Completed
9d63d1e7-4a76-4604-ae31-34b146257353,d6d4ef4b-0870-48aa-b884-013237f255f4,2025-08-08T10:16,9,157.23,Card,Completed
ae149f5b-ee14-4499-85fb-342febca073b,bc58b12c-65c4-4f21-89ef-3e492a22ef7c,2023-11-19T10:16,6,80.04,Card,Pending
f705a8ee-06bf-4a3f-80e7-2356e087ae50,0d463f72-c3a1-4a2b-8d0d-1721a0d1a06b,2024-04-01T10:16,7,106.54,Cash,Pending
f3653876-998c-4844-81ce-eff3c1ab07cc,9fa382f0-8393-48db-ad30-43c953282401,2023-12-04T10:16,5,137.50,Online,Pending
29c1839d-73bb-474c-8eab-d69a090c1a98,4f6ae324-5b6d-47d6-a86d-26ec6fbe1e0e,2024-04-15T10:16,6,82.38,Cash,Cancelled
3e285b84-ce00-44fc-92b8-dc8d4e7ad666,dcfb3d05-846d-4915-99f3-ebbc7559d972,2023-12-14T10:16,5,127.25,Cash,Cancelled
7ec5c071-5a5e-4aaf-9291-140e75f49ef8,93cdeef1-3fc3-4a63-a275-0ae87ae6b335,2025-03-29T10:16,1,5.45,Card,Pending
46b924ec-45c9-4ba5-9e40-980053d0af49,1233cc27-7567-48e0-8dd2-6b0019506c2f,2025-02-08T10:16,8,159.12,Online,Pending
9ec60f8f-8b54-467e-b5ce-60d4748b0041,c63bd277-c81c-40c5-8720-6ce916d653c4,2024-11-28T10:16,1,6.26,Card,Cancelled
70d9551d-fec6-49d1-a816-58bb2096b593,5eb75bc0-d5fa-4209-9d42-7767f3f0585b,2024-04-28T10:16,9,137.97,Cash,Completed
4e750fa0-3f4b-48ae-9858-d25c2c785baa,5400d214-6176-40bf-88d2-3f53ed38bf69,2024-04-08T10:16,6,146.46,Cash,Cancelled
122f7a07-af57-4b00-9808-4618f1d8e88c,0a5a9fc7-e126-48f0-99aa-dea85c606f66,2024-12-31T10:16,3,39.12,Online,Cancelled
7b4c7ecb-facc-4495-9824-34180bd18eb5,e7991221-0de0-4ef8-aa9c-ca3b59197059,2024-08-02T10:16,9,250.38,Card,Completed
e6fb5c02-6597-4bb5-9c4c-b5866ecda884,46032f36-69bc-465a-9b33-a5d560bfd77a,2024-05-28T10:16,4,77.92,Cash,Cancelled
053297ed-caa0-4fb5-8a0c-9713c01de183,b04ce307-2d1f-4214-b023-d8f4379041a1,2024-10-20T10:16,1,8.71,Online,Cancelled
88556c05-d0b5-49af-ac97-f5ea8297ff98,b0d737cd-ec4b-4a88-aa81-d012ef3fb719,2023-11-16T10:16,1,12.01,Online,Completed
4571fc82-d1be-4284-90a8-271f55500b3f,209e786b-2a61-4e52-a3b2-1cc98bcbf18c,2024-05-02T10:16,4,97.00,Online,Cancelled
cf32d173-92a4-4781-b1e9-7b5d660a0dfa,bb9edfa8-17f7-4f6f-8e3b-616693a298b1,2025-05-12T10:16,7,203.56,Card,Pending
b22f917f-2224-450d-ba2f-a27859cdb9e7,65b2c0ea-6192-47fc-9286-2c1dd3ecefb1,2025-08-03T10:16,2,58.50,Card,Cancelled
6ab8779b-b74b-4475-862f-c48cc5fa52d9,02c65c06-56ad-4670-b8e2-10ab417c7154,2023-11-24T10:16,6,172.50,Online,Pending
deb0948d-9c64-4682-a9da-6c4731a979cb,428424b7-1f94-496a-8b7a-497ce177d32c,2025-02-23T10:16,9,68.85,Cash,Pending
a557dba4-9542-4906-a992-0a48a33be0fa,ada8704c-2784-4d70-84da-10078407d2c8,2024-03-03T10:16,6,79.08,Online,Completed
ca729131-6c88-43a0-8e82-e607ed1229bf,52c87fd9-fdf0-4256-b929-6153ad24a0ac,2024-03-11T10:16,4,56.76,Card,Cancelled
e0b05079-9b2d-4ec7-9a55-7d62612286ce,4e6807ca-aed8-4ec9-b1b0-0e3aba57efb1,2024-08-14T10:16,4,53.64,Online,Cancelled
14d65823-eca4-481f-8fc3-39dcbff89f47,8626238e-5813-415a-9a8c-db944b1e0269,2024-01-24T10:16,5,87.70,Cash,Cancelled
cd7c0cfd-88db-45fb-8b04-4047d2165d24,5d6f84a5-a4de-442e-99b9-b8ef714b4436,2025-09-21T10:16,2,58.94,Cash,Cancelled
c72df77d-cb7e-4f6e-9c43-0b68e0fd2dfd,b014b56e-3263-4b63-8430-46e00bc5ea77,2025-05-19T10:16,4,50.76,Card,Pending
80ca0472-d12c-491a-9daa-2361564640fc,0d463f72-c3a1-4a2b-8d0d-1721a0d1a06b,2024-08-13T10:16,7,109.20,Cash,Completed
d5a9af5a-6613-465c-85f1-ff7a58457406,23650eb4-f98d-45a3-a90b-a378f03d469d,2025-08-06T10:16,9,234.36,Card,Completed
2efa24ac-52a3-4074-bab1-496f74f0bc9f,5400d214-6176-40bf-88d2-3f53ed38bf69,2025-05-02T10:16,8,188.08,Cash,Completed
25df1861-da3a-4eb3-9ac4-5b7007a232b4,b04ce307-2d1f-4214-b023-d8f4379041a1,2024-07-04T10:16,6,57.66,Online,Cancelled
aba86043-3494-4365-b103-8ab308ea7f4a,205ea7f7-e714-45b8-a083-11247ff702a1,2024-05-05T10:16,6,30.72,Card,Cancelled
e132736d-1572-40af-9823-bcb4bcd56e93,e6e1db85-f8ba-4264-9c9a-520ecda4bc4c,2024-07-25T10:16,1,27.13,Online,Cancelled
b7a1f20c-749b-4536-9938-e3a6d270030c,0d463f72-c3a1-4a2b-8d0d-1721a0d1a06b,2024-03-25T10:16,3,22.89,Cash,Pending
e1e924fe-fe8e-480f-af38-7897305c1a7f,8f7f530b-bb30-4a05-b437-744ed30af54f,2024-08-16T10:16,5,92.90,Card,Cancelled
d470326f-a468-4d96-8f52-da60d7664ee2,e6e1db85-f8ba-4264-9c9a-520ecda4bc4c,2024-02-16T10:16,8,78.08,Cash,Cancelled
7d8085a8-5943-44f7-854c-043579c0028d,23650eb4-f98d-45a3-a90b-a378f03d469d,2025-01-19T10:16,4,104.20,Card,Pending
2f48c9d1-7fdc-4fd2-b1e0-f8db7adc5a98,1a48aa9a-def3-481d-922a-94300aa97309,2024-02-02T10:16,7,51.80,Online,Cancelled
9d656b78-3938-4307-a332-1dc07d07db9a,4717d2a3-4b2a-44f1-b960-a2b73e2d23fd,2025-10-09T10:16,5,100.15,Card,Pending
f0779027-e812-4209-ad16-c495746631e6,60cd80b6-3967-4dae-b4df-adc7b5644971,2024-08-22T10:16,8,229.28,Online,Completed
e7e679bd-470f-41b9-a894-89056db770a3,6aaabc79-3d35-410f-bb96-f86a3930d0ff,2025-05-06T10:16,9,83.88,Card,Completed
54369f39-d615-4c68-86f7-175503463b68,93cdeef1-3fc3-4a63-a275-0ae87ae6b335,2025-02-18T10:16,8,83.44,Card,Pending
f23a10a0-7335-4d03-ac10-63b0f5c4cf72,a938df5f-7764-459c-8bfd-90409d16b3c6,2024-03-27T10:16,3,17.19,Online,Pending
48175915-e24c-44d6-8db7-6d7f737086ce,4739f27f-7a96-4d52-83ae-0c6fd4c8c606,2025-03-23T10:16,6,112.38,Online,Completed
c527973d-1ba4-4c0f-b8b0-6a0b01b2c02e,d33bbfcd-a2ca-4e80-8a1c-65223f061e7e,2024-09-19T10:16,2,40.38,Online,Cancelled
ecd92bb0-57d4-4d0f-9578-5d98a813766a,c0d74d86-5c5b-481d-b8e3-61eeb9c77255,2024-06-29T10:16,6,31.68,Online,Completed
44b0c86c-7ff8-4d91-b32e-5a7abe71364b,caca465c-e9f2-4add-91b5-24c70595e321,2025-01-02T10:16,2,40.12,Online,Cancelled
bb1d593b-e1fb-434e-a694-dadf777f60b8,59827b2a-ae17-44b1-bd6f-6f08718559cb,2025-03-07T10:16,6,59.28,Online,Pending
697aa324-75a9-4804-b58a-36291fde8247,c0d74d86-5c5b-481d-b8e3-61eeb9c77255,2024-10-16T10:16,7,109.90,Cash,Completed
431b8e45-6f99-4315-8339-a603b3208d14,6f61ca8e-51a1-48e0-abfa-88326e713e34,2024-02-12T10:16,1,10.42,Online,Pending
3d078954-17db-474a-9839-9ae8e1026181,c5817fdc-a4dc-4879-b957-30cfda62016b,2025-07-18T10:16,8,217.76,Cash,Cancelled
4e15f312-4929-4bdd-a1c5-8b66a321bdc7,52f5634d-de98-4543-8a1e-cbf1e2d0242f,2025-02-18T10:16,2,24.54,Cash,Completed
7461effd-b984-4aa9-b5fe-5d1cce07b1cc,52c87fd9-fdf0-4256-b929-6153ad24a0ac,2024-08-07T10:16,9,58.86,Card,Pending
d6e218fe-6f0a-44dc-831e-f360b4264e6c,b6c26110-1b77-4777-8c79-c69ec19b66df,2024-05-31T10:16,5,76.50,Cash,Cancelled
aca86a5d-0cc2-4594-b4d2-ed664a7a5dd3,c1a09d60-c9e8-4489-a68e-e01b51541d33,2025-04-13T10:16,3,50.04,Cash,Cancelled
a756f799-5873-4c2d-8a87-70ff3cc0ab91,71f17b36-2c37-4cfa-bf8a-894fa94c0e9b,2023-12-30T10:16,1,18.88,Cash,Cancelled
2b9b783f-00d0-407e-8de4-63f763601e43,00d7ae70-0f46-4453-963c-4ab2a3d29314,2025-05-26T10:16,7,125.44,Online,Pending
a9fcbae0-6502-459f-b516-54b2bc44632b,90f0db1e-2b19-43f7-ba17-233c7c214eca,2025-06-18T10:16,7,178.50,Cash,Cancelled
3d8da83e-e805-4b6d-bfa7-b9a1cbab57db,205ea7f7-e714-45b8-a083-11247ff702a1,2024-03-04T10:16,2,11.42,Cash,Pending
22cbce43-3842-42a4-b0db-2c5c468c3c28,6f61ca8e-51a1-48e0-abfa-88326e713e34,2025-01-05T10:16,9,222.57,Card,Completed
71e41808-de9d-4a1c-8f99-6322a79fc19f,5d6f84a5-a4de-442e-99b9-b8ef714b4436,2025-06-17T10:16,5,125.50,Cash,Pending
7c5dfa2e-18e6-4a01-a5e4-e28de6156054,6bd388d4-5636-450b-bacd-55bdcb769bab,2024-01-01T10:16,7,125.93,Online,Cancelled
9163d841-ae9b-416b-b972-41eff4f39246,e12c3d24-86c8-474f-b86b-370df36adbfe,2024-09-05T10:16,7,154.98,Card,Completed
9e2e7648-c585-4812-8e94-441ac7a5f178,36b880b0-e9bd-4c0b-8f1c-32018f6c758a,2025-08-07T10:16,5,75.90,Card,Pending
98e0f854-5ebe-40f0-a4f4-eca157e916fb,1233cc27-7567-48e0-8dd2-6b0019506c2f,2024-11-25T10:16,9,89.28,Cash,Completed
d9f2ef91-ce6b-4fe4-9bbf-f186d72f3051,73a2b03c-2dca-486e-8ebc-c4d6bb68a8c6,2024-10-10T10:16,2,33.70,Card,Cancelled
a783576d-e21e-4cec-83b1-47c6b1eb6c48,5400d214-6176-40bf-88d2-3f53ed38bf69,2024-09-12T10:16,1,14.72,Card,Pending
45199dc2-24cf-4cae-9c25-6aaa5077ed1b,aff4340c-d102-49ba-af8e-84d2737ce82c,2024-05-20T10:16,8,42.24,Online,Pending
b33b2ecd-5976-4674-8a68-63c6d060f3ef,8250871a-2b35-424e-a1a1-4eb4faffabfb,2025-03-31T10:16,6,131.16,Cash,Cancelled
46dfeafc-34b3-4892-abd5-84a2bf2021a5,0dd437d0-74fa-43c3-8909-5c955e4d47dd,2024-06-16T10:16,9,113.58,Online,Completed
3adeff15-6d28-431f-84e6-53c5f8663a75,2c6dafc9-06cc-4b3d-8b8d-12aae0644c58,2025-07-22T10:16,5,63.45,Online,Completed
eb5092c7-f860-47b8-b390-3c8f7094c1a0,9fa382f0-8393-48db-ad30-43c953282401,2024-07-20T10:16,3,83.82,Online,Cancelled
3169946e-dcc9-4a71-acf4-e304c8a461a1,910b1d47-5c37-48b1-8bde-96c60660f1d7,2024-07-05T10:16,9,164.07,Online,Cancelled
b64202e2-e889-45cb-8180-d46378dff0c7,b0d737cd-ec4b-4a88-aa81-d012ef3fb719,2024-01-20T10:16,9,214.56,Online,Cancelled
8c23f561-78f8-450d-89ff-a45588364280,103fcba5-5588-45a5-9fe0-6ac948d3860e,2023-12-21T10:16,9,184.59,Online,Completed
89413837-3524-45ef-881e-c09e00b8415a,0130fcd4-a6cf-4a72-8400-7bcae1abce34,2024-05-05T10:16,2,40.70,Card,Completed
0fb00df2-9ef2-4191-b2c6-1f62055b1a86,cf65c4b6-4c1c-420b-95de-23e5b56ffad5,2025-02-17T10:16,9,177.75,Cash,Completed
0a2c9e12-7702-4f8d-933b-5d7062ed9173,935ebde1-5945-4673-886e-1a7a12cc2d4e,2025-06-28T10:16,8,213.36,Online,Pending
baebc5df-6f0c-478f-818d-e90b4986f0f5,726d71e2-70fd-4416-8568-78619c14a73a,2024-09-05T10:16,8,103.76,Online,Completed
3212c25d-515b-47f0-bb86-340675af8a16,0d463f72-c3a1-4a2b-8d0d-1721a0d1a06b,2025-09-15T10:16,9,103.14,Cash,Cancelled
492a4c49-d075-43bf-9aff-23ffe780872f,d5cfb1a3-ce2f-4aff-ab4c-50e0c5426af1,2024-06-28T10:16,5,109.55,Online,Completed
c50699f1-4501-44d1-8699-2997a40d627c,cd50913f-8c99-4253-9134-0cf5fe5f300f,2025-10-17T10:16,2,41.92,Cash,Cancelled
75b226c7-f130-4adc-8e36-b9cb206921c7,103fcba5-5588-45a5-9fe0-6ac948d3860e,2024-10-22T10:16,3,43.59,Online,Cancelled
f942af7f-2d1c-4cae-b80c-98f06883a86e,02c65c06-56ad-4670-b8e2-10ab417c7154,2025-10-13T10:16,6,42.06,Card,Pending
b3185f98-1a86-499e-ae06-aa4624d156c7,b014b56e-3263-4b63-8430-46e00bc5ea77,2025-05-15T10:16,8,105.76,Cash,Pending
05d339a2-c022-4a06-84d9-da91fd44ecf7,0fcf4084-ea31-49f8-99f9-9bf8c8b0c16b,2025-04-03T10:16,3,55.68,Card,Cancelled
3ec8a589-0068-412e-b46b-cbba8ed78df7,0df3bae1-6384-4856-aa27-aef9f6c48b75,2025-09-28T10:16,5,43.70,Online,Pending
92f30fb4-b4e8-4df3-8583-22f7a90b476b,3ab3404a-ee80-4ed2-8d90-a6f0dad14e48,2025-07-09T10:16,2,43.50,Cash,Completed
5ead8769-23d9-4a01-a74a-062f02830c91,ebe19120-496a-47fa-87eb-2440212a3363,2024-12-05T10:16,7,208.81,Online,Cancelled
a08bb77e-c631-4db0-a2fb-9686b1aa25fd,60cd80b6-3967-4dae-b4df-adc7b5644971,2025-06-11T10:16,5,145.40,Cash,Cancelled
6dc7fa12-70dd-44dd-8fb3-92181e220f94,a302a1a8-c429-406f-abff-9f273aa0a4b5,2023-11-26T10:16,6,132.06,Cash,Completed
4d9839a6-8018-480d-8d29-62e061004b71,7509850a-5062-4da9-aad6-bc5b9e363ef1,2025-04-21T10:16,7,166.18,Card,Pending
7654d05b-9d75-4c46-8f8d-fd4a8933063e,d5cfb1a3-ce2f-4aff-ab4c-50e0c5426af1,2025-06-27T10:16,2,16.52,Cash,Cancelled
8f2e294b-d39f-4b51-9bcc-9bab0b0ff1c0,02c65c06-56ad-4670-b8e2-10ab417c7154,2024-05-04T10:16,6,66.24,Card,Cancelled
a2896b60-e8b1-4a8b-8d27-35c3e3ab78ee,d87f31d7-79ef-4c17-856e-142e791b04da,2025-05-25T10:16,6,122.04,Cash,Completed
619382dd-1623-439f-bec3-85525178fba0,d7af10ce-45c9-4fc8-8dd8-b1c5491aad5f,2024-08-23T10:16,6,30.48,Card,Completed
7e7275c7-49d2-42f4-8f02-e47fad0ffafa,f3826f04-0dfa-4266-8002-58fede0093f5,2025-06-22T10:16,8,61.12,Cash,Pending
df5ebda6-9970-4282-94ed-14e494e840c2,8113211c-bdc3-4bb0-94d9-3fd3871f3005,2024-09-20T10:16,7,49.07,Cash,Completed
a0e3063f-7e0c-43d7-be85-60ec7f36bea6,1d32c3b3-c732-4995-aa6b-ff159deb3bdf,2025-03-30T10:16,4,33.60,Online,Cancelled
aa581a56-531e-406e-8be6-e5cf6910ccb3,d3f641e5-b8b5-4f5f-9155-7768df2033e8,2025-09-01T10:16,4,76.00,Online,Cancelled
fb5cb09c-9749-4dc6-a7e2-df817574c5d1,ebbc7df0-770d-44f8-b0ff-c62f9006e40e,2025-07-22T10:16,1,21.00,Card,Pending
dd690868-2e31-4c2f-9781-86a54876f97b,ecf1ffb0-ac00-4968-87ea-8beef4ace55a,2024-03-20T10:16,4,74.64,Online,Completed
8623823d-c502-44a3-a249-8346fe2cec86,90f0db1e-2b19-43f7-ba17-233c7c214eca,2024-08-31T10:16,7,126.84,Cash,Cancelled
3034c49a-770c-467d-97f3-1455c6fd66a1,89d26a00-0fde-4c03-8430-b06f6bc3f33a,2024-11-14T10:16,1,24.63,Card,Cancelled
7196d944-1497-49e0-84f7-a5407d8ef651,983d66ae-c8b0-46b8-8abc-26a1055cf729,2025-07-23T10:16,6,97.02,Card,Pending
77d9fc1d-3ac8-4d1f-b21d-5bc176799623,050d9901-1cb5-413a-9c31-282028f863c1,2025-05-14T10:16,3,41.19,Cash,Pending
0cf4208b-a71e-4532-894b-44c063e93b5b,f3826f04-0dfa-4266-8002-58fede0093f5,2025-09-07T10:16,4,88.80,Online,Completed
f8f8d6e3-c588-45ec-a7f3-8144e4396c35,14eace30-1ac2-411e-8eef-98e8f32a87fb,2024-01-08T10:16,9,139.41,Online,Pending
4bce1578-0dd2-4a8d-8a94-9b9a21ae6162,c46351bf-193f-49af-a5d6-456188837c3d,2024-06-13T10:16,6,155.40,Cash,Completed
9aae690c-eaa7-4802-aab7-27c0d65c0f9f,6bd388d4-5636-450b-bacd-55bdcb769bab,2025-09-29T10:16,8,136.00,Cash,Cancelled
b584d4d7-36bb-489e-80c6-92548ffe4841,49af098b-bf79-4643-8e49-739ea932d38b,2023-12-09T10:16,1,26.74,Card,Completed
6c2e4ac7-49e3-4a04-ad77-bc228f16cc0f,401a6911-a31e-4892-adc1-56e3e1eb090a,2025-09-25T10:16,2,52.08,Cash,Pending
5c90c900-8db8-4861-bcc9-122f3267a004,11526850-7335-463f-b740-a52a90457c3b,2025-08-09T10:16,5,81.20,Online,Cancelled
9adf7875-996f-4757-8164-ea0be28f6d77,e6cb1215-5314-4d05-bfd1-f6e5d36e89f7,2024-08-16T10:16,8,139.84,Online,Pending
b8f0e76a-0e97-4a45-8a41-27168498c03f,4739f27f-7a96-4d52-83ae-0c6fd4c8c606,2025-03-30T10:16,2,18.90,Online,Pending
a4dbd7b5-3953-422e-9443-cefefb1daa62,8113211c-bdc3-4bb0-94d9-3fd3871f3005,2025-08-02T10:16,4,46.52,Cash,Pending
80edc8b7-6881-4b73-80bc-dddcecb8a311,1a31c678-d420-495a-aff3-0f1609514e1e,2025-09-07T10:16,6,59.58,Cash,Completed
fb9eb855-c3d8-427d-872f-3d84b332c17f,8b115a34-224b-453c-be69-b53a7445b466,2024-11-19T10:16,5,98.90,Online,Pending
6ab22d4f-873f-4cff-9e3f-e800750994c2,7a18d550-38d0-40b2-84a7-547162e7e409,2025-06-30T10:16,3,74.94,Online,Pending
7df019dc-5ce7-4ecb-aebd-3a58be97569b,00d7ae70-0f46-4453-963c-4ab2a3d29314,2025-05-21T10:16,9,70.38,Cash,Cancelled
bc1790eb-86e3-407d-8a22-83dd9d62ee95,e6e1db85-f8ba-4264-9c9a-520ecda4bc4c,2024-02-04T10:16,6,75.24,Online,Pending
49bd53d9-ef83-4636-9f9b-2c3471c8b2df,ceafdb2a-788d-48e0-acdd-bd533a2e7ab6,2025-07-31T10:16,6,57.12,Cash,Cancelled
cf693339-48c2-4b8c-b25b-a0da7b440059,8f7f530b-bb30-4a05-b437-744ed30af54f,2025-04-17T10:16,9,118.17,Online,Cancelled
fe72999e-ef25-4917-8d6f-3263547a27cf,e886c155-0dae-4b36-88f5-a86fa474d1f6,2023-11-24T10:16,8,70.56,Online,Pending
4257f801-f428-41ec-b740-43c271f567ab,8626238e-5813-415a-9a8c-db944b1e0269,2025-02-08T10:16,2,30.48,Online,Pending
a72b1cc8-cb99-45ed-827a-7ed6ecf5994f,e85d0261-2d97-4475-a749-363ec9040a74,2025-03-25T10:16,2,12.58,Card,Pending
19505c7a-9230-4266-9b43-3b157404e94b,6aaabc79-3d35-410f-bb96-f86a3930d0ff,2025-10-10T10:16,6,146.46,Cash,Cancelled
5a97545d-ce17-4f11-bace-87f4863b9829,6aaabc79-3d35-410f-bb96-f86a3930d0ff,2024-04-30T10:16,8,134.16,Online,Completed
6458e3b9-2c5c-4cf7-8c66-9819f1658e5a,3dcaabe3-78c9-4d88-bed5-56ca7ceea07c,2025-02-22T10:16,1,25.95,Card,Cancelled
44c12b9d-96c1-4807-8d45-58a0f0cb1c0e,bc58b12c-65c4-4f21-89ef-3e492a22ef7c,2024-11-16T10:16,8,67.04,Cash,Completed
bb4cf66f-7110-436d-b2b1-94f1fdab1dec,09ba4183-1b94-4f8c-bc5f-eca421a88524,2024-06-16T10:16,2,56.64,Card,Pending
95cc7c51-a621-440f-8083-d7b9b1668412,8113211c-bdc3-4bb0-94d9-3fd3871f3005,2024-01-05T10:16,8,53.52,Cash,Cancelled
515e50a3-d46c-44e1-b881-1f5384daf923,c63bd277-c81c-40c5-8720-6ce916d653c4,2023-11-22T10:16,9,147.87,Cash,Pending
b28d54df-2142-4a85-b477-d4ba7a35c150,52c87fd9-fdf0-4256-b929-6153ad24a0ac,2025-10-21T10:16,1,27.14,Card,Cancelled
17348ef1-b1ae-4c30-a4d2-7085e2f2e09d,d7af10ce-45c9-4fc8-8dd8-b1c5491aad5f,2024-09-28T10:16,9,52.56,Online,Completed
61d29836-1923-4369-9ef1-bc248b56d042,b95f7619-fab2-4df9-8683-1f2aeb93a660,2024-09-08T10:16,1,8.39,Online,Completed
7efc1033-74df-4725-a681-4ffafc424685,1233cc27-7567-48e0-8dd2-6b0019506c2f,2024-02-02T10:16,5,124.90,Online,Completed
0175ba21-762e-4d2e-8215-8ce8481f8de1,935ebde1-5945-4673-886e-1a7a12cc2d4e,2024-06-25T10:16,2,28.40,Card,Completed
60398fe6-cf31-4989-9fa1-fbab7374bb62,4bb2d776-14c0-4ef6-b8ba-c580cbed72b8,2024-03-06T10:16,3,68.82,Online,Cancelled
6d052fd0-44c7-429f-88e2-2692b601bcd2,4f6ae324-5b6d-47d6-a86d-26ec6fbe1e0e,2025-07-06T10:16,9,179.64,Cash,Completed
0b0b42ac-1570-4166-b567-bd53b1630980,4bb2d776-14c0-4ef6-b8ba-c580cbed72b8,2024-04-01T10:16,1,28.40,Online,Pending
885c9e2f-4091-47a4-b40f-b1f9ef38441f,941529ef-2114-4bff-907a-4596ff4593a1,2024-05-10T10:16,7,70.28,Card,Pending
64c6ed1c-319d-4132-ba08-04c526f031b3,c3ffc43c-0c11-40fa-9824-f234161741d0,2023-12-08T10:16,9,46.44,Card,Completed
66978704-b6df-4b6f-8791-15bca81c9b65,39cb44e2-a541-4b98-bc0b-db5f31cf8710,2024-02-06T10:16,5,106.05,Cash,Cancelled
f15f1355-b308-40d5-8516-108aacf6e6d0,5f0f3def-9ff6-4282-ad04-001c4a769966,2024-07-13T10:16,1,11.82,Online,Cancelled
668d6fe8-f2d6-4b60-be37-1177bacd34db,67c276b0-7be6-4f3c-bf86-c342095c8112,2024-08-11T10:16,3,53.88,Cash,Cancelled
21423499-59a4-480c-80dc-47064d8537bb,365c90d0-a590-4209-9401-2ce55af5ed98,2025-10-21T10:16,7,192.15,Online,Pending
ba04b73c-0802-40d1-a39e-e8fb14940edf,3ab3404a-ee80-4ed2-8d90-a6f0dad14e48,2024-12-29T10:16,5,44.25,Online,Cancelled
225b9301-a8af-45ef-91b5-3d0a66363a1d,e119f98a-df63-41dc-8e01-bb49ca2dc724,2025-09-19T10:16,4,110.40,Card,Pending
77557c93-de50-4706-b6ff-a5b228051763,02c65c06-56ad-4670-b8e2-10ab417c7154,2024-07-05T10:16,8,118.88,Cash,Cancelled
828282d7-9313-4ded-8875-7e2270ea883e,e12c3d24-86c8-474f-b86b-370df36adbfe,2025-02-13T10:16,7,150.85,Online,Completed
9a39a064-735b-40df-bf2d-031d84203ab0,90f0db1e-2b19-43f7-ba17-233c7c214eca,2024-11-22T10:16,3,40.44,Cash,Cancelled
5f653001-9b40-404e-bfd8-d3e3973df2f1,3befa4dc-d961-4a3a-9410-d43d1bdaa335,2024-08-22T10:16,2,46.94,Cash,Completed
655376d3-0949-4133-abdb-d6d3739be343,23650eb4-f98d-45a3-a90b-a378f03d469d,2025-10-24T10:16,4,45.76,Cash,Pending
d87160be-eb23-4a65-8613-56ec1be86364,0df3bae1-6384-4856-aa27-aef9f6c48b75,2025-05-31T10:16,9,193.23,Online,Completed
25c53d2c-00c1-4b26-a3d3-cf0ccc19a4e1,fdb5454e-2230-489e-ade4-9218ff28cbd8,2024-04-20T10:16,5,32.25,Cash,Cancelled
7760e90b-5d09-48fa-a391-bf82a69749b0,365c90d0-a590-4209-9401-2ce55af5ed98,2024-02-14T10:16,6,107.22,Cash,Pending
15f3e833-a908-4bd8-9f1f-fa538a0e13f3,e7991221-0de0-4ef8-aa9c-ca3b59197059,2024-03-24T10:16,7,162.75,Card,Completed
a7a85d80-6615-4e4b-89ab-48883b216fa4,6bd388d4-5636-450b-bacd-55bdcb769bab,2023-12-18T10:16,5,100.50,Online,Completed
671255e1-a275-44de-aa46-4c8bde2d2234,365c90d0-a590-4209-9401-2ce55af5ed98,2024-08-25T10:16,7,170.17,Cash,Completed
ed23b83d-1d26-4682-9d3f-aa6348758901,fbe227d7-6d32-4407-9783-7fdac983e55f,2025-08-31T10:16,1,21.72,Online,Cancelled
7f9036c8-a004-465d-ba29-58e0ea42a0bf,ebbc7df0-770d-44f8-b0ff-c62f9006e40e,2025-09-10T10:16,5,30.10,Online,Cancelled
d38571e8-a18b-4ccd-8e28-bfeffabd2603,910b1d47-5c37-48b1-8bde-96c60660f1d7,2024-03-07T10:16,6,152.52,Cash,Completed
e7c62060-43c9-4821-bfe1-f7511fdca1c9,6c3bf618-a715-40f9-9faa-cfc5f5beef2f,2024-02-14T10:16,1,19.09,Card,Pending
08c546f1-beb7-4a05-af75-884061993a1a,205ea7f7-e714-45b8-a083-11247ff702a1,2024-07-27T10:16,6,44.10,Card,Cancelled
da172b95-85ec-4941-9970-e48876b7cd7e,ba5d9947-b043-4aca-8ee0-6b77895cf8e8,2025-03-03T10:16,2,35.48,Cash,Completed
a07682b2-4d28-414b-aa34-a7706e26d7a5,52f5634d-de98-4543-8a1e-cbf1e2d0242f,2025-03-12T10:16,5,87.85,Online,Cancelled
7d156229-783f-4a5a-9a33-c5d1ecf906fe,f90cf3ca-e2d0-4129-bc7a-e8a2b80880da,2024-10-13T10:16,9,229.23,Cash,Completed
cbf010e4-cbd7-42bb-8ffc-a67daa640168,4e44f26d-5455-405b-8fdb-63ab8b739ecf,2024-02-02T10:16,8,71.36,Online,Pending
b4758c9f-f2c9-4e46-ad45-4cfc643cf91b,9c53f3f8-5b22-4d77-bd76-cfa6c70e443c,2024-08-16T10:16,2,53.54,Online,Cancelled
035c2e45-09e0-49e2-9bdb-bcf50bf1a5e9,ba5d9947-b043-4aca-8ee0-6b77895cf8e8,2025-03-27T10:16,7,106.12,Card,Completed
115a92c6-1eee-4d22-a9aa-9097193e1dfd,c63bd277-c81c-40c5-8720-6ce916d653c4,2024-04-15T10:16,3,65.76,Card,Cancelled
1b371352-4bbd-4e90-8835-c115056253ca,67c276b0-7be6-4f3c-bf86-c342095c8112,2025-02-19T10:16,6,57.90,Card,Completed
c5f4f802-f4e3-4ecb-bc1f-43f3d523bbaa,7d2df59f-386d-4aec-85a8-2443262a0cb4,2024-03-03T10:16,2,17.04,Card,Completed
4bd4a206-6210-43c3-877c-c10c6915f1c6,65b2c0ea-6192-47fc-9286-2c1dd3ecefb1,2024-06-29T10:16,7,178.50,Card,Cancelled
bf958a0a-a0e0-4253-a7f3-c55160151e86,9b9edd1e-b4f7-414c-b8b5-a3dc51fa0a8c,2025-05-01T10:16,2,47.08,Online,Pending
054c5fb9-eb11-4d5f-aa85-fb9878a5a99d,b95f7619-fab2-4df9-8683-1f2aeb93a660,2024-09-22T10:16,6,110.28,Cash,Pending
ea69f37a-f2ea-4059-b067-d9c84dcad6c5,205ea7f7-e714-45b8-a083-11247ff702a1,2024-06-11T10:16,6,165.48,Online,Cancelled
bbe57ad5-a78e-4395-aece-1ad4c3b32ced,6945f6f4-b8f9-4d04-90ff-e59ed705578e,2024-10-30T10:16,8,151.92,Card,Cancelled
0ec019a7-a14e-406d-b0d3-463dec710c2b,8250871a-2b35-424e-a1a1-4eb4faffabfb,2024-07-13T10:16,7,136.99,Card,Cancelled
826b872b-960a-4cca-8b33-2019a8742041,365c90d0-a590-4209-9401-2ce55af5ed98,2025-05-08T10:16,5,82.05,Card,Cancelled
88873679-ca8f-47f6-980f-e6e8756bb3ba,3ab3404a-ee80-4ed2-8d90-a6f0dad14e48,2025-11-09T10:16,9,251.82,Cash,Completed
c7891896-03e2-4547-9896-5d92b50e29fa,0472ca7f-b133-4710-8f43-24a3c6c1afd1,2024-05-17T10:16,1,27.30,Cash,Completed
4d9c30bc-e5de-4b93-94b7-5ea78f95756c,0dd437d0-74fa-43c3-8909-5c955e4d47dd,2024-02-13T10:16,5,28.05,Online,Cancelled
a65bb19c-202f-4a14-b962-14e9972ca480,3ab3404a-ee80-4ed2-8d90-a6f0dad14e48,2024-12-12T10:16,9,134.37,Card,Completed
92999aec-2f10-4dad-ba57-fcadf61c30d1,cd50913f-8c99-4253-9134-0cf5fe5f300f,2025-01-12T10:16,6,143.10,Online,Cancelled
2c59f958-22f8-4107-bd6d-10d4fdb6e92c,ec3490d2-e8da-47ee-ae12-0ca0b1d7a2bb,2025-07-25T10:16,9,245.61,Cash,Cancelled
99c1615d-9c66-4f35-8bf9-d354f09f9cc8,27e45431-1333-4ffd-a0c8-be56ffdc5d4e,2024-05-29T10:16,5,86.45,Cash,Completed
75ef5709-6c4f-4d6f-8957-9e6bfc320269,26d032f1-9fe9-487a-987a-a8be14e1db05,2024-04-03T10:16,3,25.08,Card,Cancelled
01eb61d3-2357-442c-907b-4f2eb768784c,4739f27f-7a96-4d52-83ae-0c6fd4c8c606,2025-03-11T10:16,8,66.80,Card,Completed
ef608378-13aa-43a1-8599-c27f55e4444e,1a48aa9a-def3-481d-922a-94300aa97309,2024-10-31T10:16,3,37.20,Cash,Pending
0083e062-2ffc-4294-ad88-3941c6bd5412,89d26a00-0fde-4c03-8430-b06f6bc3f33a,2024-06-10T10:16,9,183.06,Cash,Completed
5b97ec27-082a-40e9-8293-447b63da54c4,e886c155-0dae-4b36-88f5-a86fa474d1f6,2024-06-16T10:16,7,184.10,Card,Completed
9da88534-1ca4-4b8a-bbf6-6e1ab6ab8aa3,3ab3404a-ee80-4ed2-8d90-a6f0dad14e48,2024-10-07T10:16,9,94.86,Card,Completed
6e68a3d2-52b5-4280-b71c-211550381e4b,205ea7f7-e714-45b8-a083-11247ff702a1,2024-11-08T10:16,4,88.28,Cash,Completed
62257b63-0c48-4450-a612-37dbde889432,06e585f0-5b60-4900-81d1-3379328e6c17,2025-08-15T10:16,8,202.88,Cash,Pending
fbe921a2-551f-4e5b-86ba-01116f157f4f,ba5d9947-b043-4aca-8ee0-6b77895cf8e8,2025-01-22T10:16,6,175.56,Card,Completed
95bdcb68-669d-4a25-9f1f-6cf5bf0f9b39,103fcba5-5588-45a5-9fe0-6ac948d3860e,2024-03-04T10:16,7,84.70,Card,Completed
5e6d41a9-d994-40b3-a1bd-78f07ba03224,e886c155-0dae-4b36-88f5-a86fa474d1f6,2024-08-04T10:16,2,57.86,Online,Completed
985dbef4-bf53-4504-b17d-f5fc0b5a08ab,b014b56e-3263-4b63-8430-46e00bc5ea77,2024-09-23T10:16,2,48.24,Online,Pending
56af0d41-d32e-4e65-97e2-b0e6faf01c84,0df3bae1-6384-4856-aa27-aef9f6c48b75,2024-01-03T10:16,2,22.50,Cash,Cancelled
8fade6d3-443f-4376-8d5c-6db45e36778c,49af098b-bf79-4643-8e49-739ea932d38b,2025-03-06T10:16,8,211.04,Cash,Pending
5b4a76e2-7d0f-4e24-b3ad-231a149e99c2,63846b60-b7be-4087-ac6e-56c9bc130a20,2023-11-17T10:16,8,126.64,Online,Cancelled
0da66479-ad8a-4909-85b0-43d7b3293dd8,bfa3444b-2be9-46be-b944-720d86a59770,2025-01-14T10:16,5,124.30,Cash,Pending
867ab468-08d8-4930-9bad-3410a1fc746a,b95f7619-fab2-4df9-8683-1f2aeb93a660,2024-04-14T10:16,5,79.10,Online,Cancelled
7896800f-09db-42e6-8b89-c451ac24f07b,5f0f3def-9ff6-4282-ad04-001c4a769966,2024-10-26T10:16,7,154.14,Cash,Pending
ce2516f5-9721-417a-b69d-ca36f7d4ff50,795088d7-d227-422e-ad8c-f048bde0675e,2024-12-21T10:16,2,47.48,Cash,Pending
3e448c8d-e77b-4325-9002-020338fc7752,b0d737cd-ec4b-4a88-aa81-d012ef3fb719,2024-12-30T10:16,6,151.50,Card,Cancelled
ad4cc46a-33b1-4002-b3f0-730bea8cf78a,e119f98a-df63-41dc-8e01-bb49ca2dc724,2025-09-09T10:16,2,57.84,Card,Cancelled
325b89d4-1293-4391-9a10-91ab45b96454,52c87fd9-fdf0-4256-b929-6153ad24a0ac,2024-08-03T10:16,3,40.74,Cash,Pending
802d3836-4e47-4414-994f-319694c9b34b,52fbb114-83aa-432d-b2f1-f3e37a5c4754,2025-01-17T10:16,4,108.00,Cash,Pending
1f1ff64e-5911-44e9-a777-d3a5bfa5a215,2ca088cd-c6c6-4e60-a1a4-d2990ee21b12,2025-06-26T10:16,6,30.48,Card,Pending
50e15cd8-d988-416f-b615-94a468700b4c,5f0f3def-9ff6-4282-ad04-001c4a769966,2024-03-04T10:16,6,43.56,Online,Pending
26bdfef9-2bfe-4ea7-90b4-caa1a7bd4428,b03f75c1-655f-4480-a2bf-1a0af806e96e,2025-04-29T10:16,5,97.35,Online,Cancelled
030b5e5d-b3f0-486c-8896-e4a8d3641ac0,401a6911-a31e-4892-adc1-56e3e1eb090a,2024-11-18T10:16,4,51.60,Cash,Cancelled
edc246fe-aab9-481e-8ac4-b4438d5f38f9,92da274a-bea2-490a-bb52-196c46fa8487,2025-08-13T10:16,4,107.44,Cash,Pending
d30c907d-8044-4279-a8fe-7ee08cc56d8f,93cdeef1-3fc3-4a63-a275-0ae87ae6b335,2025-04-16T10:16,5,37.40,Online,Pending
81ba1f8e-e7f3-4047-8fed-219638cec838,1407e9cf-22c9-4137-a2fe-cc12dc038235,2024-05-11T10:16,5,37.50,Card,Completed
f2685b3d-39fd-4f24-a5ff-8e560bcff729,b014b56e-3263-4b63-8430-46e00bc5ea77,2025-03-27T10:16,9,110.16,Online,Completed
60f1f63c-cfe0-44bb-bae5-b0deacca7128,77ca464a-fe0d-4dcc-8f08-3eb2f7b64f76,2025-03-03T10:16,3,52.50,Online,Completed
bccdfe0a-2dff-4905-92b5-9f9cfa86d022,4b14a58c-f1e4-40b6-888d-a88cd7055099,2025-08-09T10:16,6,150.96,Cash,Pending
d01bd4e2-2e6f-49bb-b7d8-bea5f17ac81f,4e44f26d-5455-405b-8fdb-63ab8b739ecf,2024-11-21T10:16,5,44.45,Online,Pending
17d49670-d6b7-4dfb-9f91-4eab26c20ba2,0dd437d0-74fa-43c3-8909-5c955e4d47dd,2024-06-18T10:16,4,76.52,Card,Pending
73639ddd-06ff-4cae-acd3-23084a41e4ef,bb6ceda0-3f7a-4dfa-9862-41a88dd468b2,2024-06-10T10:16,9,246.15,Online,Cancelled
c5f2c1d1-22a7-415a-b930-b3ac35a9b358,e886c155-0dae-4b36-88f5-a86fa474d1f6,2024-03-18T10:16,4,69.56,Card,Pending
c5e31c98-0e17-4ea1-bb4b-519ab56381ce,b03f75c1-655f-4480-a2bf-1a0af806e96e,2025-03-04T10:16,9,193.41,Cash,Completed
a08124bb-b576-40e3-a176-d5a2bcad277b,8113211c-bdc3-4bb0-94d9-3fd3871f3005,2025-06-25T10:16,8,197.28,Card,Pending
657798d3-4579-4066-8d80-6bf0bfe571b4,500fde18-ea61-4380-9ea4-f06d09985870,2024-06-02T10:16,8,227.52,Card,Pending
ac6cd9be-021a-472c-9454-aa3730c55aea,0a5a9fc7-e126-48f0-99aa-dea85c606f66,2024-11-03T10:16,5,92.65,Cash,Cancelled
5ca4e670-e40d-44ed-a961-4248a77b423b,56a75a3e-a944-4147-8cba-f1024726993f,2025-10-12T10:16,3,29.97,Card,Pending
38b168b2-16fe-44dc-8b3d-13bfa89f6974,52fbb114-83aa-432d-b2f1-f3e37a5c4754,2025-01-14T10:16,8,183.84,Cash,Pending
7f78dfe7-ded7-4a28-a2f7-daf46017fbe6,209e786b-2a61-4e52-a3b2-1cc98bcbf18c,2025-07-17T10:16,9,81.81,Online,Pending
4cfe37a7-1e63-4205-b23c-14801cd6cff3,e277d099-db2a-4aee-ab86-8b0e73a34383,2024-10-06T10:16,7,79.31,Card,Pending
1f07c5c3-6fa5-4eb8-8a57-edcb214a25c0,7169ef0c-f2c8-4ae3-83f6-87691664d2d2,2025-08-18T10:16,1,19.47,Online,Completed
5bb424ec-44ad-46f5-b254-841944be8bce,6945f6f4-b8f9-4d04-90ff-e59ed705578e,2024-07-01T10:16,4,84.56,Cash,Cancelled
980bb514-513d-4b34-aebc-6ff43e899b01,0dd437d0-74fa-43c3-8909-5c955e4d47dd,2023-11-21T10:16,3,50.40,Cash,Cancelled
235377a1-2486-4c1c-b36c-2beb6daec2a9,8b546c63-5406-493d-bc69-cfb594b38267,2024-02-02T10:16,5,46.65,Online,Cancelled
cf6dd247-d08f-4b61-ba9c-6d738916ad3f,e886c155-0dae-4b36-88f5-a86fa474d1f6,2023-12-22T10:16,3,34.32,Cash,Completed
2fe75a87-780f-4497-a40e-28cd4469eeff,d5eaf6a7-76cc-48ec-98d9-ba713e2df70f,2025-08-11T10:16,4,113.84,Card,Completed
d59ae18c-e36f-4783-8ef3-9de91745e8f0,fdb5454e-2230-489e-ade4-9218ff28cbd8,2024-09-23T10:16,7,65.24,Cash,Completed
5b78e962-f065-47f5-90ea-b87b1a0b491a,2ca088cd-c6c6-4e60-a1a4-d2990ee21b12,2023-11-14T10:16,4,94.64,Card,Pending
dda5b202-11a4-48ab-9383-651983d4c454,3910ab11-8758-4a4f-8a9b-c4f5df7413c4,2024-09-13T10:16,2,33.16,Card,Pending
6d8153ff-2406-4a9f-837e-558e25d7e26b,6b1178fc-1745-401d-88da-3903c243ebe9,2024-01-20T10:16,8,211.44,Card,Pending
30e8201c-6b27-4d88-b2a3-0283d87ce3ad,dcfb3d05-846d-4915-99f3-ebbc7559d972,2025-04-03T10:16,7,209.86,Card,Completed
ccd9a1b0-e334-4179-9817-5c3e92bad689,caca465c-e9f2-4add-91b5-24c70595e321,2025-03-10T10:16,7,184.17,Online,Completed
1386afda-41dc-4a40-8c40-50fb746b5fa0,e6e1db85-f8ba-4264-9c9a-520ecda4bc4c,2025-09-22T10:16,1,9.84,Cash,Completed
1d82fbaf-0932-4ef9-bc79-a2dc80c7692c,205ea7f7-e714-45b8-a083-11247ff702a1,2025-03-23T10:16,5,78.05,Cash,Cancelled
70f85d1f-8ab9-4a29-8240-09d6dec0e9f1,b3688304-b24b-416a-9bf4-c2b6aaeb59d3,2024-09-03T10:16,7,131.32,Card,Pending
a526fb27-8370-4916-bab7-b93d77d82d91,0d463f72-c3a1-4a2b-8d0d-1721a0d1a06b,2024-02-01T10:16,3,82.65,Cash,Cancelled
37d61306-6716-446b-9518-0e961fd887bc,b6c26110-1b77-4777-8c79-c69ec19b66df,2025-07-03T10:16,5,90.05,Cash,Cancelled
3a833a4a-f3ff-4ad2-b329-cd0dada5060a,6945f6f4-b8f9-4d04-90ff-e59ed705578e,2024-11-29T10:16,9,241.56,Online,Completed
cde7f56f-fc7c-4bea-9550-7facc339b53b,ebbc7df0-770d-44f8-b0ff-c62f9006e40e,2024-04-15T10:16,6,31.20,Card,Pending
c30cec77-19f1-4c2c-ac5a-9ab8b6bdbb57,0df3bae1-6384-4856-aa27-aef9f6c48b75,2024-12-22T10:16,2,57.80,Online,Pending
01a61ffc-110e-4903-9bfd-c93092bb3738,726d71e2-70fd-4416-8568-78619c14a73a,2024-09-18T10:16,7,157.92,Online,Pending
0974b546-d42f-4331-afaa-412955700a7b,05ccd8a5-ea5f-4353-bd1e-3022152b0685,2025-10-15T10:16,4,68.04,Card,Pending
bb7f93a1-4ee9-4754-8740-5d242e26a19a,80537cf2-360f-4740-8b7e-d4cd56e22987,2025-06-23T10:16,2,42.06,Cash,Cancelled
1460bfc6-fddd-4717-a3af-9596769af9c0,0a5a9fc7-e126-48f0-99aa-dea85c606f66,2024-12-09T10:16,7,188.72,Online,Pending
78d289e3-c897-4ce7-901a-6c6ee8ea145c,caca465c-e9f2-4add-91b5-24c70595e321,2024-09-05T10:16,5,104.85,Card,Completed
d5ef50c4-91de-4cb7-a081-269031d15c06,e6e1db85-f8ba-4264-9c9a-520ecda4bc4c,2024-06-30T10:16,6,72.00,Cash,Pending
b63f6854-1315-4fd1-a570-eed33910a8e5,0df3bae1-6384-4856-aa27-aef9f6c48b75,2025-02-26T10:16,9,88.65,Card,Completed
898c7bd3-1093-412d-bcbd-bf45bafc4a34,b04ce307-2d1f-4214-b023-d8f4379041a1,2024-04-20T10:16,3,71.70,Cash,Cancelled
3e2ad060-5ee6-497f-91e1-8747fc353aaf,ebbc7df0-770d-44f8-b0ff-c62f9006e40e,2024-06-09T10:16,7,73.29,Card,Completed
2c61d55d-216e-4e19-812e-c87de2c34549,7c991f43-c18b-4404-8826-97691b0dc00c,2024-12-07T10:16,6,78.00,Card,Cancelled
5364d939-7d8e-4d47-962a-7fe3d9928940,8626238e-5813-415a-9a8c-db944b1e0269,2024-03-20T10:16,5,88.45,Card,Completed
9c3aca4c-f56e-40f2-a1cb-846943cd56c0,f0a6a958-e434-41bf-a830-dffa55a34db5,2025-01-26T10:16,7,101.50,Online,Completed
623fab6b-37c3-48bc-ac55-e4b12b4e8006,4bb2d776-14c0-4ef6-b8ba-c580cbed72b8,2024-12-26T10:16,9,149.13,Cash,Cancelled
afb3a9c7-d630-4fcc-9c17-cf2d7d8079a7,caca465c-e9f2-4add-91b5-24c70595e321,2025-09-28T10:16,7,61.39,Card,Cancelled
841cb27e-b190-45f2-9f7f-0f16fdba9b9b,b95f7619-fab2-4df9-8683-1f2aeb93a660,2024-08-21T10:16,1,28.22,Card,Completed
f37c6394-587d-4fee-a33e-8081dad04c12,63846b60-b7be-4087-ac6e-56c9bc130a20,2025-09-20T10:16,2,30.24,Card,Pending
ebdcc0b2-98d3-4920-9272-ad3c60fbe063,8f7f530b-bb30-4a05-b437-744ed30af54f,2024-03-24T10:16,4,111.40,Card,Completed
5d070cb3-e0a6-424a-9e16-408063b51c82,56a75a3e-a944-4147-8cba-f1024726993f,2024-07-10T10:16,9,142.92,Card,Cancelled
078d4a1b-088e-4a0d-9635-5dd4c1638eb9,23650eb4-f98d-45a3-a90b-a378f03d469d,2025-10-04T10:16,2,11.24,Cash,Cancelled
a6560808-1bbc-42e7-a3c2-95dbdcb8b54f,6b1178fc-1745-401d-88da-3903c243ebe9,2025-07-20T10:16,1,28.75,Card,Pending
bb330cb4-46d1-4408-a304-c7f14e6be00b,ec3490d2-e8da-47ee-ae12-0ca0b1d7a2bb,2025-09-15T10:16,1,10.82,Online,Pending
efb477ad-c0b7-49c8-a265-adb000f7325e,7a2e5fa5-096b-4701-8ce6-7a3db39bf8eb,2023-12-03T10:16,8,67.44,Card,Completed
e064a13d-1183-42b4-b76c-fcf7e47b23c2,8b115a34-224b-453c-be69-b53a7445b466,2025-06-21T10:16,8,185.28,Cash,Cancelled
fc7c0b5d-cc71-4646-830e-8e39a3c03b83,cf65c4b6-4c1c-420b-95de-23e5b56ffad5,2024-05-23T10:16,4,101.32,Card,Pending
64d642b2-1517-455c-a5a1-df46687f5c35,983d66ae-c8b0-46b8-8abc-26a1055cf729,2024-03-01T10:16,2,14.50,Cash,Completed
6ac16181-1a78-451e-9bc0-dad49dedc847,ba5d9947-b043-4aca-8ee0-6b77895cf8e8,2024-09-03T10:16,9,63.54,Online,Cancelled
de3b6df8-fa3f-456b-a5a9-e6e9a98033ee,59827b2a-ae17-44b1-bd6f-6f08718559cb,2025-04-02T10:16,4,40.56,Card,Completed
7dec0038-3423-4b09-aacf-c73643aa6cf4,401a6911-a31e-4892-adc1-56e3e1eb090a,2024-01-28T10:16,1,21.62,Online,Pending
52e50a8c-5dfe-42e3-8972-0f74eea06a81,23650eb4-f98d-45a3-a90b-a378f03d469d,2023-12-11T10:16,6,74.16,Card,Cancelled
56bb41cf-1d31-44e7-9c59-d57d1bbd743c,0a15d43b-8f6b-444a-bef2-ffbddfdbd16f,2023-12-30T10:16,3,73.77,Online,Completed
aee52280-56c6-4b6a-acdf-6f1b1eaa8c78,6aaabc79-3d35-410f-bb96-f86a3930d0ff,2024-10-26T10:16,2,58.74,Card,Pending
a93be1f8-ad7e-49a2-86fc-0619144a3e65,d33bbfcd-a2ca-4e80-8a1c-65223f061e7e,2025-07-25T10:16,5,79.70,Card,Pending
cf5663b4-8284-4db1-b7c2-e753c8c75047,e277d099-db2a-4aee-ab86-8b0e73a34383,2025-05-06T10:16,1,9.92,Card,Completed
9dacdbb6-ee38-431d-9ad8-4404fa5f0967,71f17b36-2c37-4cfa-bf8a-894fa94c0e9b,2024-11-27T10:16,9,248.67,Cash,Completed
99691d80-5c57-422b-b1cd-8dab9ea3ffd1,f90cf3ca-e2d0-4129-bc7a-e8a2b80880da,2025-08-07T10:16,4,113.84,Card,Pending
6eaffc63-4b5e-4599-8e20-fb58cb1174e6,ef7fad1f-a86f-4ee1-95b4-ce1f339f0fa5,2024-11-22T10:16,2,45.36,Card,Completed
c2f63ca6-5131-4871-997b-a8a0077121c8,a302a1a8-c429-406f-abff-9f273aa0a4b5,2025-05-20T10:16,5,49.30,Online,Pending
ff082e76-cf63-4d7f-b559-cbc83125c6c2,cb8747c7-32ca-4b6b-868d-13ab01d953ec,2025-02-05T10:16,2,24.34,Cash,Cancelled
398cb6b4-eb8f-46ae-9541-14138c3fb5f0,824998a2-7592-4051-ab0b-d5e12743c93b,2025-04-30T10:16,1,16.32,Card,Pending
b704f161-a68a-488b-9b32-6c287fa386d8,5d6f84a5-a4de-442e-99b9-b8ef714b4436,2024-10-25T10:16,4,109.96,Card,Completed
b48f17df-8d7f-42f9-8a07-3542e8897526,93cdeef1-3fc3-4a63-a275-0ae87ae6b335,2024-09-15T10:16,2,10.54,Card,Completed
d951f655-d578-43ef-8476-49d6d4d1d33d,e886c155-0dae-4b36-88f5-a86fa474d1f6,2024-02-16T10:16,2,54.44,Card,Cancelled
d1f84594-116a-4178-903d-ae55c80cba5b,6c3bf618-a715-40f9-9faa-cfc5f5beef2f,2025-09-22T10:16,6,179.82,Online,Completed
d2dbeb71-aaf0-46d6-91a4-d38fe52c4a9b,d5eaf6a7-76cc-48ec-98d9-ba713e2df70f,2025-06-26T10:16,1,12.54,Online,Pending
8fbfcb1f-89a7-4fe7-9b8a-7de17932cc1d,ff4db0d8-e809-46e8-9ae0-78ffee4902d9,2025-05-13T10:16,1,7.01,Card,Pending
c196207f-27fd-4c01-a4e9-c72acc2d4c51,a190f67b-21df-46bc-8164-46bdfa00af85,2023-12-22T10:16,7,178.43,Cash,Cancelled
ee4b818f-cd15-4cff-8197-317472416144,6e551d53-4f6d-4b84-a9de-3d7c79694805,2023-12-16T10:16,4,65.44,Card,Pending
970005fb-beb8-4748-8ea7-b4a0158027f1,6945f6f4-b8f9-4d04-90ff-e59ed705578e,2024-06-17T10:16,6,140.04,Cash,Cancelled
07d2ed1e-0a40-4d39-a868-5c916af9c728,73a2b03c-2dca-486e-8ebc-c4d6bb68a8c6,2024-09-30T10:16,9,72.00,Card,Cancelled
3466138c-48f8-487b-983d-782bff0740ff,10b26c2d-7d56-4175-84a8-a2775e128a9d,2024-03-23T10:16,9,213.30,Online,Completed
0c0fbaef-ceb0-4caa-a1ad-fd8b8615c09a,5f0f3def-9ff6-4282-ad04-001c4a769966,2024-05-04T10:16,5,77.05,Cash,Completed
175a4dde-a610-41e1-81e8-ef5d0da98ceb,0a5bd884-b432-4ce5-b14e-44b4aedd4c0f,2024-10-30T10:16,7,121.03,Card,Cancelled
d776cd96-e7bb-4ea9-a222-23e6a99073bd,73a2b03c-2dca-486e-8ebc-c4d6bb68a8c6,2024-04-04T10:16,4,103.20,Card,Pending
569360f3-8060-4437-b336-0850320695b3,dcfb3d05-846d-4915-99f3-ebbc7559d972,2024-03-27T10:16,6,130.26,Online,Pending
f356a267-61f3-473d-b38f-3afeeb204edd,e277d099-db2a-4aee-ab86-8b0e73a34383,2023-11-29T10:16,9,220.32,Card,Completed
4679f26d-11f4-480e-acb5-f8b941cf180d,d6d4ef4b-0870-48aa-b884-013237f255f4,2025-04-12T10:16,6,91.44,Cash,Cancelled
53b47cd3-4056-4703-97f3-698e1f394c7e,65b2c0ea-6192-47fc-9286-2c1dd3ecefb1,2024-12-08T10:16,4,105.28,Online,Pending
50a46fb2-c805-484a-8992-1bf91b8efe2f,b03f75c1-655f-4480-a2bf-1a0af806e96e,2025-10-18T10:16,3,49.98,Online,Completed
680f473d-cfbc-4c1e-b1f3-9a4d463c0db1,d3f641e5-b8b5-4f5f-9155-7768df2033e8,2025-06-02T10:16,3,25.08,Online,Completed
f6de0b0a-9266-4a2b-9e4e-86a88d19be74,6bd388d4-5636-450b-bacd-55bdcb769bab,2025-05-23T10:16,7,67.20,Online,Pending
7cf9bdfe-35f4-40a2-9c81-1ef27868c848,103fcba5-5588-45a5-9fe0-6ac948d3860e,2025-08-09T10:16,4,104.48,Card,Pending
2400b5f0-3de8-45ce-9a3d-491c592da845,49af098b-bf79-4643-8e49-739ea932d38b,2024-08-22T10:16,2,49.80,Card,Cancelled
f9890071-b708-46b4-97e7-33bff8e7b8aa,89d26a00-0fde-4c03-8430-b06f6bc3f33a,2025-08-18T10:16,6,82.62,Cash,Completed
4db27469-63c6-4f85-80e5-67b17da8949e,52f5634d-de98-4543-8a1e-cbf1e2d0242f,2025-09-28T10:16,7,49.35,Card,Cancelled
fae41dab-5cf9-4553-b09d-ea68d1b1e7cb,b3688304-b24b-416a-9bf4-c2b6aaeb59d3,2025-07-19T10:16,4,29.24,Card,Pending
5bfd0a47-07a0-4624-b642-20292b107675,9fa382f0-8393-48db-ad30-43c953282401,2024-09-11T10:16,2,11.80,Online,Completed
4811c899-7ac1-463d-be87-6714ff51cbfc,d3f641e5-b8b5-4f5f-9155-7768df2033e8,2025-05-10T10:16,1,13.36,Cash,Completed
836cbc20-80fd-4e2c-a726-0def3a6922b2,c46351bf-193f-49af-a5d6-456188837c3d,2025-03-27T10:16,7,177.45,Card,Pending
6a92f8d8-0834-442f-a097-2607821266e5,1a48aa9a-def3-481d-922a-94300aa97309,2025-09-04T10:16,1,24.31,Cash,Cancelled
7668a732-c778-4de4-a766-a1c18a7a132e,68169a66-a8d4-4763-914e-7befc826445b,2023-11-19T10:16,7,36.68,Card,Pending
005b86c3-0779-4cad-9b38-64e7f68c89de,8e1bbe6c-7b75-46dc-8ca1-0b1664cd6ae4,2023-12-19T10:16,6,155.10,Card,Completed
5a07451f-32bc-4f49-82fd-2d678c3e0478,ec3490d2-e8da-47ee-ae12-0ca0b1d7a2bb,2025-10-31T10:16,3,38.31,Online,Cancelled
1b0c09d0-a416-4c4b-9d1c-87829cb8f08b,c5817fdc-a4dc-4879-b957-30cfda62016b,2025-02-09T10:16,8,57.20,Online,Pending
a3643962-04bc-493c-b630-80233c357f80,73a2b03c-2dca-486e-8ebc-c4d6bb68a8c6,2023-11-26T10:16,6,106.14,Cash,Cancelled
280ca267-d6cf-4634-baa4-b489a97005d0,500fde18-ea61-4380-9ea4-f06d09985870,2024-07-08T10:16,9,229.23,Cash,Completed
6a0d53c3-eaa1-41d9-bbe1-c0e8ab1727a1,fbe227d7-6d32-4407-9783-7fdac983e55f,2024-11-06T10:16,8,214.72,Card,Cancelled
169502e0-7ae7-44d1-896e-cc531a855f1b,000f9c8f-2fc7-4346-844d-c04f10751265,2025-01-22T10:16,1,23.09,Cash,Pending
980f25eb-32ac-4243-80ce-9b8fb817327a,e277d099-db2a-4aee-ab86-8b0e73a34383,2024-04-28T10:16,5,112.70,Cash,Pending
047a4487-3736-48e1-8278-64a8cd44041f,63846b60-b7be-4087-ac6e-56c9bc130a20,2025-04-13T10:16,9,118.62,Cash,Completed
e31418d0-3399-4b69-b1ae-b890619dd486,b95f7619-fab2-4df9-8683-1f2aeb93a660,2024-03-12T10:16,6,65.10,Cash,Pending
2741e4c7-17ee-4e68-8940-9bf6a19d44fb,fbe227d7-6d32-4407-9783-7fdac983e55f,2024-06-12T10:16,2,28.10,Online,Cancelled
99779eab-3de6-44b4-8501-a1c759aa4de4,39cb44e2-a541-4b98-bc0b-db5f31cf8710,2025-04-19T10:16,8,88.08,Card,Pending
2aa63f5b-bf98-4048-9ad2-c039904d5d57,26d032f1-9fe9-487a-987a-a8be14e1db05,2024-07-09T10:16,1,16.82,Online,Pending
3d793b2b-bef8-4df8-b391-dab45a09bff4,7d2df59f-386d-4aec-85a8-2443262a0cb4,2025-01-25T10:16,6,90.78,Cash,Completed
1fecf712-5fc8-4622-ae85-5491f8aae829,ff4db0d8-e809-46e8-9ae0-78ffee4902d9,2024-11-13T10:16,5,84.60,Online,Cancelled
6c83564b-4f6f-466c-9efc-f6c3cef85b85,80537cf2-360f-4740-8b7e-d4cd56e22987,2025-10-11T10:16,9,76.14,Online,Completed
7f8e2694-fe55-4302-bb2a-06155cdd4823,b6c26110-1b77-4777-8c79-c69ec19b66df,2025-07-28T10:16,4,118.48,Card,Cancelled
f45e461d-6d74-49d1-a842-98f15878597e,69446e90-4237-4410-ab55-e011eb04cce0,2024-11-11T10:16,8,122.72,Online,Completed
2973decc-9131-44e8-a465-9cd4dab79769,9b9edd1e-b4f7-414c-b8b5-a3dc51fa0a8c,2024-02-24T10:16,1,10.37,Cash,Pending
9ea21249-10ce-4385-85db-17f6137823cd,e7991221-0de0-4ef8-aa9c-ca3b59197059,2024-10-08T10:16,9,206.82,Cash,Pending
b74a828b-6ec0-452d-8342-0fc32224668d,77ca464a-fe0d-4dcc-8f08-3eb2f7b64f76,2025-06-05T10:16,8,47.68,Online,Cancelled
f54ec5cf-4a74-4629-a5af-1f5e9ebb61ce,77ca464a-fe0d-4dcc-8f08-3eb2f7b64f76,2024-02-26T10:16,9,134.01,Card,Completed
b8029cec-1951-48a1-9179-b6e35b6f2506,ec3490d2-e8da-47ee-ae12-0ca0b1d7a2bb,2024-12-28T10:16,7,63.00,Card,Completed
9b135b80-4c11-4198-946f-22eaab6529e4,c46351bf-193f-49af-a5d6-456188837c3d,2025-08-19T10:16,3,53.10,Online,Cancelled
ec118a89-ccf5-4c00-9786-bb38b64d6d51,c3ffc43c-0c11-40fa-9824-f234161741d0,2023-12-06T10:16,1,13.43,Cash,Cancelled
e8cc0b3f-9dae-47ed-96ed-46af8baac0e8,e119f98a-df63-41dc-8e01-bb49ca2dc724,2024-07-09T10:16,5,118.05,Cash,Pending
f43215c6-67b0-46a6-bb2f-d59d716e351e,3befa4dc-d961-4a3a-9410-d43d1bdaa335,2023-12-05T10:16,5,139.25,Cash,Pending
12f42268-de46-495d-bd9b-15f59fdf854f,caad7924-4bc5-4f85-9662-11ca261e3c87,2024-12-30T10:16,9,165.51,Cash,Pending
86cdaf91-a287-4140-af5c-3b43480ecfdd,401a6911-a31e-4892-adc1-56e3e1eb090a,2025-06-12T10:16,8,89.44,Card,Cancelled
8c3c75e6-11a2-4dc7-8cdb-73fa48f6b9a0,ada8704c-2784-4d70-84da-10078407d2c8,2025-04-23T10:16,6,149.82,Online,Completed
d72bbaa8-58eb-4a0d-b9c8-e578b9b63516,1407e9cf-22c9-4137-a2fe-cc12dc038235,2025-03-14T10:16,4,79.24,Cash,Pending
c2bc1121-b1dd-4565-8376-8445684ff5e2,10b26c2d-7d56-4175-84a8-a2775e128a9d,2025-02-05T10:16,2,28.64,Card,Completed
95afeac2-ffbe-4360-8d53-395fd59103fc,5f6e51da-5f01-4c9a-85dd-7d50ef37e5d7,2024-01-07T10:16,2,11.38,Card,Pending
5e912c36-2974-402e-b2f1-5ab24f40f64b,428424b7-1f94-496a-8b7a-497ce177d32c,2024-02-18T10:16,8,135.92,Online,Completed
3d6c233e-4ab0-4393-899a-e0e7a3379d20,8b546c63-5406-493d-bc69-cfb594b38267,2025-03-19T10:16,5,127.95,Cash,Pending
2caa3bb4-bad2-4210-ae8e-9d7d2e764cb4,f067e21d-d1d4-4e87-9cae-9753f5f9ccb6,2024-12-21T10:16,1,6.14,Online,Pending
aafbfe46-4b9e-4db3-8246-f2c1a447d2e2,d87f31d7-79ef-4c17-856e-142e791b04da,2024-12-30T10:16,7,168.00,Card,Cancelled
ae54d8d2-e02f-4dd7-b38d-90b8ca70e723,aac35608-9499-49c5-811a-a059e773c968,2025-07-26T10:16,5,110.85,Cash,Completed
adb49192-87c3-431f-8141-947f787775fc,77ca464a-fe0d-4dcc-8f08-3eb2f7b64f76,2024-04-26T10:16,8,51.04,Card,Pending
ce4bd54e-c649-4c3f-87fd-801073a25dee,56a75a3e-a944-4147-8cba-f1024726993f,2024-05-08T10:16,4,104.68,Online,Completed
28074656-b6fa-4a7d-921e-45dd9ce7a2f7,ecf1ffb0-ac00-4968-87ea-8beef4ace55a,2025-08-22T10:16,7,172.76,Cash,Pending
df56ef25-f545-48b8-9740-7dc18cfad4c9,ef7fad1f-a86f-4ee1-95b4-ce1f339f0fa5,2024-05-09T10:16,4,76.28,Cash,Pending
5caca150-e63f-4c6c-bf81-5e90fdee5190,1d32c3b3-c732-4995-aa6b-ff159deb3bdf,2024-11-24T10:16,7,35.98,Cash,Completed
2c09a41f-8497-435b-ad61-900c3363360e,6f61ca8e-51a1-48e0-abfa-88326e713e34,2025-07-11T10:16,4,107.88,Online,Completed
f8d9e4c0-22d9-4d06-807a-d70831962c00,8f7f530b-bb30-4a05-b437-744ed30af54f,2024-11-24T10:16,3,41.58,Cash,Completed
169e7886-4a51-4238-a91c-a9a7fc4ca5e1,515fe1d2-d33a-4b9d-8c19-07e0cbe81a9a,2024-03-16T10:16,3,71.88,Online,Cancelled
2b479264-f41c-4dd7-80a0-eb39b43b4777,f90cf3ca-e2d0-4129-bc7a-e8a2b80880da,2024-11-06T10:16,2,44.88,Cash,Pending
095989b9-b928-4fb9-9111-ad354e2a034e,b014b56e-3263-4b63-8430-46e00bc5ea77,2025-09-20T10:16,3,67.38,Online,Pending
79d1a94f-b62e-4582-acde-e9a5bbf55a70,8250871a-2b35-424e-a1a1-4eb4faffabfb,2024-01-17T10:16,2,41.02,Online,Pending
f2ba02ad-2690-49c6-9bba-b952b4a206d7,bb6ceda0-3f7a-4dfa-9862-41a88dd468b2,2025-09-13T10:16,5,29.45,Cash,Pending
6839bb9b-db26-4ea3-a773-e09b966eb420,ada8704c-2784-4d70-84da-10078407d2c8,2024-04-30T10:16,4,79.48,Online,Cancelled
81cdb3c7-e535-43d3-a3e0-8c85a5f5bd0a,0a15d43b-8f6b-444a-bef2-ffbddfdbd16f,2025-06-14T10:16,6,154.74,Online,Completed
ebd2df14-38d2-41c8-927b-0f3c4ede3abf,1eeb9c5f-5b7a-47af-b4f1-5a50d9d1089c,2024-05-07T10:16,6,90.42,Online,Completed
514ac5da-a49e-4d41-9663-245f01b2f6cf,5d6f84a5-a4de-442e-99b9-b8ef714b4436,2025-05-25T10:16,2,17.12,Card,Completed
3d489a75-726b-4830-b6b1-131c516f1a29,caad7924-4bc5-4f85-9662-11ca261e3c87,2025-04-15T10:16,9,55.98,Cash,Cancelled
62a61653-fda0-4b3d-a633-bed6147ee050,6b1178fc-1745-401d-88da-3903c243ebe9,2024-02-18T10:16,6,131.76,Card,Pending
ec8f3f1a-6a29-4a3b-89a3-c14795346098,5f6e51da-5f01-4c9a-85dd-7d50ef37e5d7,2025-07-28T10:16,3,48.42,Card,Completed
9015cb55-2cb6-4d19-93a9-b0b10bebe944,000f9c8f-2fc7-4346-844d-c04f10751265,2024-07-28T10:16,5,69.75,Cash,Completed
2080d835-4921-430f-b758-853aab30e324,0472ca7f-b133-4710-8f43-24a3c6c1afd1,2025-10-21T10:16,5,64.15,Cash,Completed
fc1f15af-3203-4eea-bc55-42dfe2ca8a83,06e585f0-5b60-4900-81d1-3379328e6c17,2024-03-05T10:16,1,24.20,Online,Pending
006ce56b-6611-4cd9-a39d-c74f26b6463f,103fcba5-5588-45a5-9fe0-6ac948d3860e,2025-01-19T10:16,6,158.16,Online,Completed
789fb850-b300-439b-922b-90404f294025,67c276b0-7be6-4f3c-bf86-c342095c8112,2024-01-29T10:16,3,23.07,Cash,Completed
0b26199d-f19d-4a4a-880e-d9aec3e6968f,e6cb1215-5314-4d05-bfd1-f6e5d36e89f7,2025-07-05T10:16,2,21.00,Online,Cancelled
9ddcd7ac-874d-4dde-9299-3c5ade260624,68169a66-a8d4-4763-914e-7befc826445b,2024-08-16T10:16,5,112.70,Card,Cancelled
5994206c-e93c-47d3-bfbe-e0ea32368de0,e7991221-0de0-4ef8-aa9c-ca3b59197059,2025-03-17T10:16,9,221.67,Online,Cancelled
48aaa26c-ade3-428c-8065-0866b5d9b9f4,4b14a58c-f1e4-40b6-888d-a88cd7055099,2024-08-20T10:16,4,22.36,Online,Cancelled
e42699a8-6cbe-429c-9a3e-5da86fae9bd6,e85d0261-2d97-4475-a749-363ec9040a74,2025-06-05T10:16,5,136.50,Card,Completed
a2bfb012-717b-453a-9ea0-869ec0486ddb,9fa382f0-8393-48db-ad30-43c953282401,2024-09-28T10:16,1,29.04,Online,Cancelled
54d149ee-9b90-4a8f-b074-c449bc60c69c,0fcf4084-ea31-49f8-99f9-9bf8c8b0c16b,2023-11-13T10:16,6,138.42,Cash,Cancelled
15593f8e-f739-41f5-b903-ffe90937a56a,4717d2a3-4b2a-44f1-b960-a2b73e2d23fd,2024-01-20T10:16,2,56.44,Cash,Cancelled
856e1aba-9161-403e-b9c1-0bda0eac4b2e,b3688304-b24b-416a-9bf4-c2b6aaeb59d3,2024-07-09T10:16,3,40.59,Cash,Pending
be94490e-fa47-49ee-b636-acddb69adeea,25659c0e-6eb5-4c57-add8-fb6ac5f42699,2024-12-04T10:16,7,42.49,Cash,Cancelled
6e5cd475-8ba2-4d8a-aecb-16d9766ae46d,59827b2a-ae17-44b1-bd6f-6f08718559cb,2024-09-08T10:16,5,94.70,Online,Completed
d8c4dd2a-37a5-4edd-bdd1-e3e9005ea800,f0a6a958-e434-41bf-a830-dffa55a34db5,2025-07-16T10:16,9,231.39,Card,Pending
75a0fdfe-8182-44a3-b239-de8daeb30ad6,8f7f530b-bb30-4a05-b437-744ed30af54f,2024-12-12T10:16,9,252.81,Cash,Cancelled
0d3f53a3-3447-43cf-8925-4821013f0880,89d26a00-0fde-4c03-8430-b06f6bc3f33a,2025-04-06T10:16,9,231.21,Card,Completed
2ba119d6-92aa-4aaf-acae-5f54708ddec6,fdb5454e-2230-489e-ade4-9218ff28cbd8,2025-09-18T10:16,3,48.78,Card,Pending
5de6f6ba-8181-40f8-b720-de1174cf494f,71f17b36-2c37-4cfa-bf8a-894fa94c0e9b,2025-04-24T10:16,7,169.19,Card,Completed
4e9cfbef-c159-4949-9727-15562c4a8cd7,1407e9cf-22c9-4137-a2fe-cc12dc038235,2025-06-24T10:16,3,58.44,Cash,Cancelled
cfbe7f70-8644-4c2a-91c8-18d2466c0f65,d5eaf6a7-76cc-48ec-98d9-ba713e2df70f,2023-11-14T10:16,2,33.58,Card,Completed
12b9ad47-9b57-4383-88e3-5f451300e816,c0d74d86-5c5b-481d-b8e3-61eeb9c77255,2024-02-17T10:16,7,132.30,Online,Completed
52d4a224-dbfa-4436-bb2a-4bb31ff3c2f0,9c53f3f8-5b22-4d77-bd76-cfa6c70e443c,2025-11-08T10:16,1,21.20,Online,Pending
c68e8b5b-ad5d-4d5f-955e-b602faf16c96,26d032f1-9fe9-487a-987a-a8be14e1db05,2024-04-04T10:16,9,220.23,Cash,Cancelled
3430c002-a841-4092-936c-6870831e5c61,c3ffc43c-0c11-40fa-9824-f234161741d0,2025-10-10T10:16,2,22.24,Card,Completed
cd688830-4dc0-44fb-80aa-381edf31564e,5eb75bc0-d5fa-4209-9d42-7767f3f0585b,2024-10-17T10:16,5,85.70,Online,Cancelled
bdce9be4-0c00-4f8c-a7a0-0bb502ee88d9,d3f641e5-b8b5-4f5f-9155-7768df2033e8,2024-07-26T10:16,9,47.25,Online,Completed
ed49a7f2-858c-4ae8-ac8e-7aa5601dfb7c,0dd437d0-74fa-43c3-8909-5c955e4d47dd,2024-04-18T10:16,7,162.26,Card,Pending
bb4d49fb-9ffc-4de1-91eb-b6f33706fa40,5f6e51da-5f01-4c9a-85dd-7d50ef37e5d7,2025-02-04T10:16,3,32.13,Card,Cancelled
8d06abdc-b11b-43ab-bd94-c28b78e74492,515fe1d2-d33a-4b9d-8c19-07e0cbe81a9a,2025-06-07T10:16,5,131.90,Online,Completed
e1be7d95-10c1-4972-a9e6-5b9c45eb8070,bf0de251-90d7-423c-8b31-48df1a89964f,2025-08-04T10:16,5,86.70,Cash,Pending
2bb5e27f-4b78-4500-839d-21703b74c38f,c83bba2f-5229-4998-9566-1f3179b13e8a,2025-01-13T10:16,2,42.42,Online,Pending
67151666-301a-4b37-90ad-380e92738c6b,60cd80b6-3967-4dae-b4df-adc7b5644971,2025-03-13T10:16,5,103.45,Card,Pending
05db37f4-0f25-4966-8ae0-a16fceaabc4d,d3f641e5-b8b5-4f5f-9155-7768df2033e8,2024-07-08T10:16,9,262.98,Cash,Completed
ead945ac-6e4d-4ff3-ac82-5c667791e4b6,824998a2-7592-4051-ab0b-d5e12743c93b,2025-07-31T10:16,3,19.47,Cash,Completed
bdf96e04-0d8f-4cf2-94f9-f43f3ca16b01,983d66ae-c8b0-46b8-8abc-26a1055cf729,2025-04-28T10:16,8,208.96,Cash,Cancelled
167693ce-932d-4385-9848-73b5fce7dda9,f6c35464-33dd-44a7-bf84-071f2e427045,2024-07-01T10:16,4,113.56,Cash,Completed
fd236ad6-e904-4b7a-8ba8-d87452be32fe,7a2e5fa5-096b-4701-8ce6-7a3db39bf8eb,2024-09-27T10:16,1,7.28,Card,Completed
c0af8c48-731d-40b1-b66e-15a2c8d55f1f,bfa3444b-2be9-46be-b944-720d86a59770,2025-04-19T10:16,7,42.84,Card,Completed
cdbe4463-65b7-454f-9380-c95af95e8c29,ff4db0d8-e809-46e8-9ae0-78ffee4902d9,2025-07-13T10:16,2,38.26,Cash,Cancelled
e47245ac-dbf2-49d5-8de7-9843e292e611,c9dcc28a-ae5f-477c-ae7e-72d94129f449,2024-08-10T10:16,6,117.12,Cash,Completed
4d7d95ec-2688-463e-87fa-94da1694f0da,795088d7-d227-422e-ad8c-f048bde0675e,2025-07-19T10:16,8,155.12,Cash,Cancelled
67b5f082-5275-4439-babf-a504cec4a3eb,56a75a3e-a944-4147-8cba-f1024726993f,2024-09-15T10:16,9,59.49,Online,Cancelled
1e81b060-e7f9-4f8a-957d-81091573790c,e7991221-0de0-4ef8-aa9c-ca3b59197059,2025-01-26T10:16,6,144.72,Online,Pending
f3c76d03-34d4-4fce-82a5-a04c7d18608c,25659c0e-6eb5-4c57-add8-fb6ac5f42699,2025-07-03T10:16,5,144.40,Online,Completed
28e7538b-2ba1-4b4b-b109-6dfb5aea2a5c,ef7fad1f-a86f-4ee1-95b4-ce1f339f0fa5,2024-07-30T10:16,1,15.43,Card,Pending
23fd1032-81ba-4992-a34b-8188245c84db,ff4db0d8-e809-46e8-9ae0-78ffee4902d9,2025-06-10T10:16,7,159.53,Cash,Pending
628fae7f-7840-4914-9aa5-810701e31c3e,09ba4183-1b94-4f8c-bc5f-eca421a88524,2024-12-16T10:16,1,14.89,Cash,Pending
0926183d-b582-4c1f-b1cc-961983623af0,1233cc27-7567-48e0-8dd2-6b0019506c2f,2025-03-28T10:16,6,88.14,Card,Cancelled
d229aace-3d07-4570-9cf8-76b1b903c8c7,5d6f84a5-a4de-442e-99b9-b8ef714b4436,2024-05-02T10:16,8,103.12,Card,Pending
66d669e2-b957-4664-afc5-08957a5625d1,5d6f84a5-a4de-442e-99b9-b8ef714b4436,2025-06-16T10:16,9,179.82,Cash,Completed
018e32bd-e2c6-4ffe-8667-ab80398f43f9,cb8747c7-32ca-4b6b-868d-13ab01d953ec,2024-06-13T10:16,7,114.17,Online,Cancelled
73192ea1-b875-42df-b074-9fcfeb0d104e,3dcaabe3-78c9-4d88-bed5-56ca7ceea07c,2023-12-23T10:16,7,95.48,Cash,Completed
bd37a57a-92cf-4c7d-b6d9-34c421a48afe,6f61ca8e-51a1-48e0-abfa-88326e713e34,2025-08-25T10:16,2,51.40,Online,Pending
6902376e-df27-4b64-b91b-6ebf679afd35,e119f98a-df63-41dc-8e01-bb49ca2dc724,2024-04-15T10:16,7,148.19,Card,Pending
fed2c4a2-f3d5-46c6-a02c-9b9f8b4ece2f,8887df7e-682b-4d48-b18c-c1ddfa0aaa26,2024-09-30T10:16,9,100.53,Cash,Completed
a16ab6a8-a7f4-493d-9089-f202b1c6804c,73a2b03c-2dca-486e-8ebc-c4d6bb68a8c6,2025-05-12T10:16,1,21.90,Cash,Cancelled
5d93faac-a9c2-4858-89e5-d64e3c168ccc,46032f36-69bc-465a-9b33-a5d560bfd77a,2024-04-02T10:16,6,93.30,Card,Cancelled
c3fbafff-2cff-4e37-8dbe-19050c5ba7ed,f6c35464-33dd-44a7-bf84-071f2e427045,2024-04-17T10:16,4,92.52,Online,Cancelled
c12b85c6-28c4-46eb-9705-7d6dc983792f,c5817fdc-a4dc-4879-b957-30cfda62016b,2025-07-07T10:16,3,32.64,Card,Cancelled
280a93b7-7dac-4271-9722-96051590c197,8887df7e-682b-4d48-b18c-c1ddfa0aaa26,2024-06-25T10:16,1,15.09,Online,Completed
836b71e1-e4fb-4b93-937e-9ac6d6a51f04,0d463f72-c3a1-4a2b-8d0d-1721a0d1a06b,2024-08-15T10:16,3,58.26,Card,Completed
84a67726-8214-410e-b88f-3a55c9760746,14eace30-1ac2-411e-8eef-98e8f32a87fb,2025-08-23T10:16,1,27.98,Cash,Cancelled
b7020e42-be8e-4b90-8c66-13a5f68ff7bb,11526850-7335-463f-b740-a52a90457c3b,2024-01-06T10:16,9,174.78,Online,Pending
c28db246-5fa7-47c4-85b9-5006139a66f5,73a2b03c-2dca-486e-8ebc-c4d6bb68a8c6,2025-02-01T10:16,4,66.64,Cash,Cancelled
17dfa410-e977-44ed-89cc-597c42256c77,cd50913f-8c99-4253-9134-0cf5fe5f300f,2024-10-06T10:16,5,75.80,Card,Completed
57c508e7-7a0f-465c-bbf7-9f223c632e93,b014b56e-3263-4b63-8430-46e00bc5ea77,2025-08-31T10:16,7,88.69,Cash,Completed
09d52680-d67a-4044-b166-0134e6137fb3,726d71e2-70fd-4416-8568-78619c14a73a,2025-01-07T10:16,2,48.38,Card,Pending
51deb743-09dd-4c54-a2c7-f03618548607,0d463f72-c3a1-4a2b-8d0d-1721a0d1a06b,2025-05-04T10:16,8,215.28,Cash,Pending
c127d396-738d-44c0-96d0-03c6069e2182,f543de06-e341-4de2-95ab-ca0fd3ee51fe,2024-11-05T10:16,9,159.03,Cash,Pending
1891755f-e317-483b-b8aa-ae8679cb2ad1,99c406e7-092b-4eeb-bc08-56fc041c253d,2024-08-25T10:16,1,14.04,Online,Cancelled
5cbcebc9-5a26-4a66-8242-25e80f3c03fc,98b17fed-218c-4f20-8410-9f0edfc74455,2024-12-22T10:16,4,63.52,Online,Pending
7252d8f6-97da-42d5-8c80-99f8812f99dc,ef7fad1f-a86f-4ee1-95b4-ce1f339f0fa5,2023-12-06T10:16,3,40.86,Online,Cancelled
afdb3f2f-5ad5-4f79-bd99-e1773bb36ddf,428424b7-1f94-496a-8b7a-497ce177d32c,2024-01-12T10:16,4,107.72,Online,Pending
d41fa85c-1709-4320-814d-45e17395a32e,7c991f43-c18b-4404-8826-97691b0dc00c,2024-07-13T10:16,1,25.83,Cash,Completed
c9b74b56-5d17-4eca-8bb0-01e106a1549c,3910ab11-8758-4a4f-8a9b-c4f5df7413c4,2025-04-06T10:16,6,78.72,Card,Completed
b8a9dab3-73cf-46b8-b42a-3b26663618f9,bb6ceda0-3f7a-4dfa-9862-41a88dd468b2,2025-03-26T10:16,6,57.96,Cash,Cancelled
b1f35a62-b6be-463e-ace3-f218e2bda229,7a18d550-38d0-40b2-84a7-547162e7e409,2024-08-14T10:16,1,13.12,Cash,Cancelled
30e71da7-4ae3-4fa8-9740-769941f144d9,3befa4dc-d961-4a3a-9410-d43d1bdaa335,2025-01-30T10:16,6,81.24,Cash,Completed
ea1f4458-a63d-465c-81e3-8f5e31430cd4,0a0ac3e5-6e20-4fbc-87ec-5481c70e38bc,2024-02-22T10:16,2,48.86,Online,Pending
32894b9c-2521-49d9-8d37-f5d839b59acc,a3f626b9-cc27-4c04-8570-be79ab8bda4a,2024-01-24T10:16,9,222.57,Card,Completed
4c3900d6-972a-4c73-a66a-ee1436129c1a,7a18d550-38d0-40b2-84a7-547162e7e409,2025-09-14T10:16,8,208.56,Cash,Completed
6cff8c16-281c-4499-9cd1-87dc70850651,0b2a0e9a-e050-4380-b607-57adcbbf59d4,2024-03-16T10:16,9,129.78,Cash,Pending
3a3ef6ed-0a75-4c07-8593-ac28234e3f7e,a3f626b9-cc27-4c04-8570-be79ab8bda4a,2025-01-11T10:16,8,149.76,Cash,Cancelled
a0ba1c36-0fe0-47c3-a335-e6b829e7bc98,0130fcd4-a6cf-4a72-8400-7bcae1abce34,2024-07-20T10:16,3,56.49,Online,Pending
88d9cc68-d444-4b66-ae8b-847b7ad36aa5,89d26a00-0fde-4c03-8430-b06f6bc3f33a,2024-08-15T10:16,9,74.43,Card,Pending
2f2bf25e-20d8-416b-b13b-b9d3d1193e79,b047b369-02d0-4f25-9af0-f1e883228863,2025-04-16T10:16,2,56.78,Card,Completed
bd1d3b1c-e9ed-4a6b-a2d0-9b224c14bd12,e886c155-0dae-4b36-88f5-a86fa474d1f6,2024-03-15T10:16,9,189.45,Online,Cancelled
5658d7d6-77e0-438c-99ff-6f6dd1d601da,6f61ca8e-51a1-48e0-abfa-88326e713e34,2024-05-27T10:16,7,151.55,Online,Cancelled
abd6ce30-bc36-4db0-b677-36001c04d287,726d71e2-70fd-4416-8568-78619c14a73a,2025-01-15T10:16,5,142.65,Online,Pending
10741880-5730-4e9e-ba6d-8b7426369dcb,0dd437d0-74fa-43c3-8909-5c955e4d47dd,2024-10-20T10:16,7,144.55,Online,Cancelled
c43fb5bf-e474-46b6-9ca7-869149a931fb,73a2b03c-2dca-486e-8ebc-c4d6bb68a8c6,2024-06-04T10:16,5,48.50,Online,Pending
32f26a23-5d4f-412d-a441-f626962c7a68,941529ef-2114-4bff-907a-4596ff4593a1,2025-02-18T10:16,2,39.88,Online,Completed
4c03e4a7-0524-46f0-bc80-117d00bc5f56,485b65e7-fdf4-474d-afba-37986d8d3cd8,2024-08-30T10:16,9,250.29,Cash,Cancelled
5477991d-f3ea-4b57-a55f-881170b20d2d,050d9901-1cb5-413a-9c31-282028f863c1,2025-10-08T10:16,6,129.90,Cash,Pending
7207e9bb-28cc-4833-9932-4abe0bcac0ea,e277d099-db2a-4aee-ab86-8b0e73a34383,2024-01-17T10:16,9,84.42,Cash,Pending
976cafc1-51d9-4504-a8b1-138bcd35131c,0b2a0e9a-e050-4380-b607-57adcbbf59d4,2025-05-31T10:16,4,82.08,Online,Completed
f9b5fbcd-654a-45b8-aa72-0f95113ed1e5,aac35608-9499-49c5-811a-a059e773c968,2024-01-13T10:16,1,13.51,Card,Completed
e9cd576d-652b-47c5-ab79-125b768ef122,964d337f-acd5-4ca2-8843-9be3f2eb60fc,2025-03-04T10:16,7,77.63,Card,Pending
5a5efba0-4aa5-4ebf-9dee-aff5060eb3cc,0d463f72-c3a1-4a2b-8d0d-1721a0d1a06b,2024-07-16T10:16,8,158.24,Online,Completed
2539c575-1328-4738-893a-5ea0fb129c46,c3ffc43c-0c11-40fa-9824-f234161741d0,2024-03-09T10:16,9,263.97,Cash,Completed
f33298b3-6734-4dda-9df1-b7339ec4797f,910b1d47-5c37-48b1-8bde-96c60660f1d7,2024-03-23T10:16,2,19.64,Card,Completed
79078858-7956-4a9d-80b7-925583775381,000f9c8f-2fc7-4346-844d-c04f10751265,2024-05-30T10:16,7,56.77,Online,Cancelled
db040018-8e7d-4724-a6c3-92ea13c8026d,e7991221-0de0-4ef8-aa9c-ca3b59197059,2025-04-30T10:16,7,37.59,Card,Pending
860ab287-6dbd-4a7e-a486-b9e8318235a2,4bb2d776-14c0-4ef6-b8ba-c580cbed72b8,2024-09-01T10:16,3,54.84,Card,Cancelled
b7a615d6-f2a3-4ce0-8488-65d8ff602964,7509850a-5062-4da9-aad6-bc5b9e363ef1,2025-08-01T10:16,4,116.16,Card,Pending
c3fb9b38-2ce8-4034-b32f-6a7d3175449a,885715b6-b1eb-44ca-8460-28c0343e56f3,2024-08-11T10:16,7,45.78,Card,Cancelled
4e3790f2-f8ee-47e2-a129-7e5a21580f0c,e38afcd9-9e08-47ba-bc92-5ebb4bc271eb,2024-04-20T10:16,3,75.99,Online,Pending
5088acf5-5424-4cbd-8f84-4a962fad217b,14eace30-1ac2-411e-8eef-98e8f32a87fb,2025-07-05T10:16,8,187.12,Card,Cancelled
d07314e3-b24b-4a7b-b4ac-dd8d112ae09c,8250871a-2b35-424e-a1a1-4eb4faffabfb,2024-10-30T10:16,7,138.88,Online,Cancelled
a93a6863-8999-414b-9abc-d601a73ce7b0,c5817fdc-a4dc-4879-b957-30cfda62016b,2024-10-06T10:16,8,125.36,Card,Cancelled
4e8ec8a3-6554-4f75-ae8c-ecab8247a521,52fbb114-83aa-432d-b2f1-f3e37a5c4754,2024-09-27T10:16,2,31.86,Online,Completed
a9023343-b561-4550-8118-4ceb075ccf3c,ebbc7df0-770d-44f8-b0ff-c62f9006e40e,2024-08-29T10:16,8,105.28,Online,Cancelled
e9fc5fd4-61c2-4596-9307-0ec9525749c7,cb8747c7-32ca-4b6b-868d-13ab01d953ec,2025-02-21T10:16,9,84.06,Cash,Pending
f4da96fe-841e-4ae5-ad40-0e210ad1f133,ceafdb2a-788d-48e0-acdd-bd533a2e7ab6,2025-06-11T10:16,7,185.78,Online,Completed
cf74c789-d6a2-4087-8c46-5de50d2f8c89,6c3bf618-a715-40f9-9faa-cfc5f5beef2f,2024-08-08T10:16,5,38.40,Online,Cancelled
7bffb2ac-504a-42bf-abde-627e78dde651,e6cb1215-5314-4d05-bfd1-f6e5d36e89f7,2025-04-23T10:16,8,147.04,Card,Completed
607837b0-80d7-4bdb-9a0a-518bb51ac48b,428424b7-1f94-496a-8b7a-497ce177d32c,2024-12-16T10:16,3,70.59,Cash,Completed
081f20f8-8c72-45ab-a094-bbfd9dcf4440,98b17fed-218c-4f20-8410-9f0edfc74455,2025-05-11T10:16,6,111.30,Cash,Completed
90ecc416-f3b6-4e3f-8129-3d5ba1b63cc2,73a2b03c-2dca-486e-8ebc-c4d6bb68a8c6,2024-08-14T10:16,4,108.64,Online,Completed
6255800b-4632-4ea0-800a-35bfd6e0f9bf,52fbb114-83aa-432d-b2f1-f3e37a5c4754,2025-05-10T10:16,2,27.50,Online,Pending
ad887148-5bcf-4223-933d-a458db502b38,e6cb1215-5314-4d05-bfd1-f6e5d36e89f7,2025-03-17T10:16,6,59.64,Online,Completed
6c056c13-89df-442e-9016-a13e7a50ed27,103fcba5-5588-45a5-9fe0-6ac948d3860e,2024-07-22T10:16,4,89.28,Cash,Completed
86784214-8c04-4d91-bd88-e27b008b9800,0a15d43b-8f6b-444a-bef2-ffbddfdbd16f,2024-12-23T10:16,4,55.88,Card,Pending
5f569975-6955-4045-b089-e18668013525,5f0f3def-9ff6-4282-ad04-001c4a769966,2023-12-14T10:16,4,53.16,Card,Pending
c3f1f593-0c53-48cd-a637-2c63a72e2bb7,6e551d53-4f6d-4b84-a9de-3d7c79694805,2025-02-03T10:16,6,137.76,Card,Pending
ff112d23-8829-4752-b43f-ffed1ddcfa71,8e1bbe6c-7b75-46dc-8ca1-0b1664cd6ae4,2025-09-09T10:16,5,37.25,Card,Completed
5fd9e095-a228-4077-a8b4-0910163d4490,7d2df59f-386d-4aec-85a8-2443262a0cb4,2025-06-04T10:16,1,6.79,Card,Completed
1aa8eb62-1cd5-4bf6-aabb-94336ff51f85,14eace30-1ac2-411e-8eef-98e8f32a87fb,2025-09-14T10:16,8,46.88,Card,Pending
0831b782-2ce7-4a5e-8cbd-d610c96576ce,25659c0e-6eb5-4c57-add8-fb6ac5f42699,2025-04-17T10:16,6,51.72,Online,Completed
c47ab4d1-3405-4d4c-88fa-67e973caf3c2,2ca088cd-c6c6-4e60-a1a4-d2990ee21b12,2024-06-19T10:16,8,210.48,Online,Cancelled
87ff9268-ad76-4b8c-890a-2935868f3335,b04ce307-2d1f-4214-b023-d8f4379041a1,2025-09-29T10:16,7,143.78,Card,Cancelled
643a6124-1a5f-44a0-8abb-c14e80d23307,e85d0261-2d97-4475-a749-363ec9040a74,2025-03-16T10:16,5,42.70,Cash,Completed
17dd7d4a-8c17-4baa-9e4f-37372b344738,5f0f3def-9ff6-4282-ad04-001c4a769966,2024-04-25T10:16,3,22.92,Online,Completed
ea738342-82a5-4f88-bc5d-1970bcf2ba48,7d2df59f-386d-4aec-85a8-2443262a0cb4,2024-02-18T10:16,5,63.30,Cash,Cancelled
85c602c8-4c6c-4c9b-939d-aa177b5292b8,b014b56e-3263-4b63-8430-46e00bc5ea77,2024-01-11T10:16,3,70.47,Online,Completed
e15412e5-fa08-4ee4-94ab-ffb5944d3065,935ebde1-5945-4673-886e-1a7a12cc2d4e,2025-03-14T10:16,3,86.37,Online,Completed
eee42cb7-ac03-499f-bd25-27d051225904,983d66ae-c8b0-46b8-8abc-26a1055cf729,2024-02-15T10:16,8,217.84,Online,Cancelled
aa6a570b-311e-4c5e-a18c-efcb694a8af0,a302a1a8-c429-406f-abff-9f273aa0a4b5,2025-06-25T10:16,7,173.67,Card,Cancelled
aaa61198-647c-41f3-ab3f-d0b871286ddf,bb6bf39c-f455-4e08-a59e-1bdaaa91d4aa,2024-10-22T10:16,2,28.84,Card,Pending
e7218fa7-ddaa-49fe-8c4d-62095940d736,941529ef-2114-4bff-907a-4596ff4593a1,2024-10-29T10:16,5,72.25,Cash,Pending
e06f7409-6bfd-4f21-afdf-641d7be284f8,8626238e-5813-415a-9a8c-db944b1e0269,2024-03-02T10:16,6,122.22,Card,Cancelled
9a723769-7b1b-47bb-b6b4-89595d0569ba,ef7fad1f-a86f-4ee1-95b4-ce1f339f0fa5,2025-06-05T10:16,3,25.35,Cash,Pending
53da3d07-c2f4-42e6-b998-5e8ceced00a6,9c53f3f8-5b22-4d77-bd76-cfa6c70e443c,2024-08-29T10:16,2,33.38,Card,Pending
2b6d262e-bc31-4300-87ae-3794ed58e76f,73a2b03c-2dca-486e-8ebc-c4d6bb68a8c6,2025-07-04T10:16,5,67.80,Cash,Pending
26cdc837-0ca6-4adb-82f2-424cf967a57e,ff4db0d8-e809-46e8-9ae0-78ffee4902d9,2024-01-20T10:16,5,130.95,Card,Pending
8a411069-f6f6-49c9-9424-cec7ed6f848d,4bb2d776-14c0-4ef6-b8ba-c580cbed72b8,2024-12-20T10:16,2,26.78,Card,Pending
7cb9df72-c47d-4c0e-b146-e87e10047305,4e6807ca-aed8-4ec9-b1b0-0e3aba57efb1,2024-04-21T10:16,6,96.12,Cash,Pending
3e5444e0-0b5e-48b8-9f96-4a3c34fc51ec,f6c35464-33dd-44a7-bf84-071f2e427045,2025-07-25T10:16,9,177.75,Cash,Cancelled
6a3c4cfc-72fe-4f3a-bf52-a27b71ce7465,bb6ceda0-3f7a-4dfa-9862-41a88dd468b2,2025-03-12T10:16,3,42.30,Card,Cancelled
ab193d80-0dbe-49e8-9422-02f9406b552e,795088d7-d227-422e-ad8c-f048bde0675e,2024-07-15T10:16,5,132.50,Card,Pending
168819a7-f690-45a0-9b23-bc31ce91ea9b,f6c35464-33dd-44a7-bf84-071f2e427045,2025-05-05T10:16,8,128.32,Card,Cancelled
44425a06-70d9-433f-a5e7-94ca3d047776,4f6ae324-5b6d-47d6-a86d-26ec6fbe1e0e,2025-05-14T10:16,6,172.74,Card,Completed
c3fc18d0-419f-4b28-93eb-4b125416275b,3dcaabe3-78c9-4d88-bed5-56ca7ceea07c,2025-09-14T10:16,9,92.70,Cash,Completed
f5665a6c-10c6-4cb7-aeff-3dd5294bb765,7509850a-5062-4da9-aad6-bc5b9e363ef1,2024-01-04T10:16,4,85.00,Online,Cancelled
e4c90f2b-58fb-4913-80e1-4a5282bd6f27,10b26c2d-7d56-4175-84a8-a2775e128a9d,2024-10-20T10:16,7,138.74,Online,Cancelled
355bf2fd-3eb8-4a75-a480-256badb930cb,8b546c63-5406-493d-bc69-cfb594b38267,2025-09-23T10:16,1,27.47,Card,Completed
1126903d-0636-45f0-a2a5-de43aa41f225,ada8704c-2784-4d70-84da-10078407d2c8,2024-07-21T10:16,5,145.95,Cash,Completed
39016b08-4ae7-4793-a8e0-61d2b466e6c2,9c53f3f8-5b22-4d77-bd76-cfa6c70e443c,2025-03-30T10:16,2,34.22,Online,Cancelled
f00ca9a0-9ed5-4848-942f-48c8b18331aa,910b1d47-5c37-48b1-8bde-96c60660f1d7,2025-05-24T10:16,3,22.80,Cash,Cancelled
628b062b-9e63-425f-89ee-21521f07c8af,c83bba2f-5229-4998-9566-1f3179b13e8a,2025-04-14T10:16,3,50.91,Card,Pending
eb375b98-a333-42d5-93d8-c2cccdd88d99,ebbc7df0-770d-44f8-b0ff-c62f9006e40e,2025-02-05T10:16,9,95.49,Card,Cancelled
0450738b-9eb7-40fe-9273-528bf858488c,39cb44e2-a541-4b98-bc0b-db5f31cf8710,2024-10-26T10:16,4,69.16,Cash,Pending
152c697e-32e1-45df-8e64-6425fa3aff6d,bfa3444b-2be9-46be-b944-720d86a59770,2024-08-04T10:16,5,146.75,Cash,Completed
48788b44-8fd1-4986-86b4-5bb557b8b35f,e277d099-db2a-4aee-ab86-8b0e73a34383,2023-12-21T10:16,1,7.90,Card,Completed
5f4febac-dafd-4c7c-a9db-ba051a5c575d,b90a3a7f-421e-47e5-8598-fe50f365a62e,2024-07-17T10:16,7,186.90,Online,Cancelled
8025aef9-6896-45fe-9a7b-aecd09355aec,56a75a3e-a944-4147-8cba-f1024726993f,2024-07-31T10:16,2,38.74,Card,Completed
f9802e23-501d-44a1-8e07-534c65fee1ee,52fbb114-83aa-432d-b2f1-f3e37a5c4754,2025-10-27T10:16,1,26.53,Card,Cancelled
98ed2c75-e1b1-4100-9f9a-b33f8970b4bd,0a5a9fc7-e126-48f0-99aa-dea85c606f66,2025-02-13T10:16,5,39.55,Cash,Pending
d9b20927-ea87-4709-9b8d-e19b4cee7db5,77ca464a-fe0d-4dcc-8f08-3eb2f7b64f76,2024-05-17T10:16,5,119.75,Cash,Pending
41f2928e-758f-4556-b8eb-7f5c2dcad8bc,3ab3404a-ee80-4ed2-8d90-a6f0dad14e48,2024-03-05T10:16,9,97.02,Online,Pending
3e229470-68f4-411f-bd3b-a61255acafc4,59827b2a-ae17-44b1-bd6f-6f08718559cb,2024-12-31T10:16,7,62.93,Online,Pending
78ad8432-df66-4122-b2e1-7dc1c44c4b38,0a5bd884-b432-4ce5-b14e-44b4aedd4c0f,2024-12-13T10:16,6,96.90,Online,Cancelled
d4312007-2684-4ce2-9a74-e50bd9c2bbc3,b047b369-02d0-4f25-9af0-f1e883228863,2024-02-26T10:16,7,146.30,Online,Completed
42d523bd-906e-4554-b569-9079dd27a47a,0d463f72-c3a1-4a2b-8d0d-1721a0d1a06b,2024-02-17T10:16,1,11.13,Cash,Pending
9a1b9127-49c1-41e9-b7c6-2941f366d014,485b65e7-fdf4-474d-afba-37986d8d3cd8,2025-06-27T10:16,3,64.38,Card,Cancelled
9ecc0def-6d83-420e-b832-ec778e2a86ee,aff4340c-d102-49ba-af8e-84d2737ce82c,2024-03-10T10:16,8,152.48,Cash,Completed
f67abfcf-97bb-4bed-8a34-78c1adeadefa,209e786b-2a61-4e52-a3b2-1cc98bcbf18c,2024-01-10T10:16,5,111.45,Card,Completed
8f1273a4-1dc9-4488-a0df-efdccb752bbd,209e786b-2a61-4e52-a3b2-1cc98bcbf18c,2024-10-15T10:16,8,74.88,Online,Completed
5779e03a-d0d6-4420-a2be-762f74435254,2ca088cd-c6c6-4e60-a1a4-d2990ee21b12,2024-07-23T10:16,2,33.00,Card,Completed
995ef4a3-c352-41b5-a494-93d3215ed2e2,e12c3d24-86c8-474f-b86b-370df36adbfe,2024-10-02T10:16,7,176.19,Online,Cancelled
b50de561-b08f-47bf-a47f-48f07eb3f156,c1a09d60-c9e8-4489-a68e-e01b51541d33,2025-09-20T10:16,1,15.15,Cash,Cancelled
a384d51b-015e-4c0e-81fa-69591cac6638,5d6f84a5-a4de-442e-99b9-b8ef714b4436,2025-09-20T10:16,2,11.28,Card,Cancelled
5e289078-85ee-46d6-96bd-d816f623ac0b,0e0d5f13-edd5-4ab0-9ddd-3df111bedc5a,2025-03-31T10:16,9,92.52,Cash,Completed
6e6eee94-eac2-4040-bb20-d7fe2c2bd580,5400d214-6176-40bf-88d2-3f53ed38bf69,2024-12-14T10:16,9,157.14,Card,Cancelled
7aa28711-31ba-4d71-8a57-57b86f15b275,953417c6-cd52-45e9-9ca0-bb450653c934,2025-01-06T10:16,1,15.74,Card,Completed
1dcc39b2-b501-4ffe-ac34-428b6ad60a8f,7509850a-5062-4da9-aad6-bc5b9e363ef1,2025-03-08T10:16,4,83.20,Online,Completed
90f2036b-ee6d-429e-ae9e-f26bf5b106ac,52c87fd9-fdf0-4256-b929-6153ad24a0ac,2025-07-05T10:16,2,37.64,Cash,Completed
b8f5d8fd-2ee3-4e8f-acbf-912a80f525eb,b03f75c1-655f-4480-a2bf-1a0af806e96e,2024-05-18T10:16,8,73.20,Online,Cancelled
649c820e-505e-4df6-b19f-ac1e53412832,941529ef-2114-4bff-907a-4596ff4593a1,2025-03-09T10:16,9,70.83,Cash,Cancelled
9b791271-ac54-4f7f-9fe2-abdddd765aea,8f7f530b-bb30-4a05-b437-744ed30af54f,2023-11-19T10:16,9,175.14,Cash,Cancelled
b014eccf-7c65-40e9-86ec-1e6b575ea189,e85d0261-2d97-4475-a749-363ec9040a74,2025-04-21T10:16,6,178.74,Cash,Pending
daa86072-6570-4d06-b2e9-29daa599e9a4,f3826f04-0dfa-4266-8002-58fede0093f5,2024-02-19T10:16,8,214.40,Cash,Pending
aaed8d14-9078-4a4a-98d7-12fe284daea1,3ab3404a-ee80-4ed2-8d90-a6f0dad14e48,2025-07-05T10:16,8,107.04,Online,Completed
8e7daaaa-bb77-4944-8a40-b0235c9632a4,6b1178fc-1745-401d-88da-3903c243ebe9,2024-10-05T10:16,9,73.44,Card,Completed
4beeeaac-1e80-4801-b575-b3e650dabfc0,953417c6-cd52-45e9-9ca0-bb450653c934,2025-08-27T10:16,6,163.08,Online,Completed
c6163be5-8739-4c9a-9530-aea70521bfc5,0fcf4084-ea31-49f8-99f9-9bf8c8b0c16b,2023-12-27T10:16,9,234.36,Online,Cancelled
81e3153c-5857-4113-a1eb-a7e3e89afae2,74e76582-f1b8-4560-b049-8aebb59d4721,2024-10-09T10:16,1,25.54,Card,Completed
080f7fa9-f050-4f61-94e5-b9fd66a3e63d,f6c35464-33dd-44a7-bf84-071f2e427045,2024-01-28T10:16,2,12.06,Online,Cancelled
e6524c6b-3f01-4e0b-bfc2-dc2941e47218,6b1178fc-1745-401d-88da-3903c243ebe9,2024-12-18T10:16,3,70.26,Online,Cancelled
bd22c0bb-cf15-47a3-a6d5-ff394d26b1ce,10b26c2d-7d56-4175-84a8-a2775e128a9d,2024-11-26T10:16,4,57.44,Cash,Pending
606963b9-ee23-4426-81ac-a1e773492c1b,52fbb114-83aa-432d-b2f1-f3e37a5c4754,2024-01-24T10:16,3,81.03,Cash,Cancelled
c65067b4-b6cb-4bdc-b8f3-2d58c12f5139,f543de06-e341-4de2-95ab-ca0fd3ee51fe,2025-09-18T10:16,8,41.44,Cash,Cancelled
57203006-39de-4571-8010-64176eb56020,d5cfb1a3-ce2f-4aff-ab4c-50e0c5426af1,2024-11-08T10:16,9,163.71,Card,Pending
8954caf4-2b59-41b6-a137-4995b8a3a4fe,cf65c4b6-4c1c-420b-95de-23e5b56ffad5,2024-01-16T10:16,1,18.15,Cash,Pending
98b1ac75-d4bd-43e1-b512-aa22ed5b1f70,49af098b-bf79-4643-8e49-739ea932d38b,2024-10-03T10:16,7,50.05,Card,Pending
106d3f50-4264-45ad-be16-7ff4b6371152,f6c35464-33dd-44a7-bf84-071f2e427045,2023-12-21T10:16,8,42.32,Online,Completed
d6237d01-ef47-41e0-9367-60506c177cf8,ecf1ffb0-ac00-4968-87ea-8beef4ace55a,2025-06-17T10:16,8,89.28,Cash,Pending
ff5eb8e8-ba75-4176-b916-0d77e9194448,bb6bf39c-f455-4e08-a59e-1bdaaa91d4aa,2024-10-06T10:16,3,35.40,Card,Completed
2e47f863-0544-41dc-9fb9-cc138af7bba4,02c65c06-56ad-4670-b8e2-10ab417c7154,2025-05-17T10:16,7,200.27,Cash,Cancelled
03a69084-cfb5-4017-83f5-cdcc1080a422,ceafdb2a-788d-48e0-acdd-bd533a2e7ab6,2024-03-06T10:16,6,121.32,Online,Pending
52db32d4-0140-48aa-8868-ab58754d9306,941529ef-2114-4bff-907a-4596ff4593a1,2024-10-05T10:16,1,8.77,Cash,Cancelled
95b7e791-52d8-4c5b-aa71-760270a45bed,485b65e7-fdf4-474d-afba-37986d8d3cd8,2024-06-12T10:16,5,123.35,Card,Pending
2d16f60b-37a9-4048-bb1e-5237d950c3f4,60cd80b6-3967-4dae-b4df-adc7b5644971,2025-05-25T10:16,9,84.15,Card,Cancelled
56f1d2c7-6293-4eef-804c-af6ed72e89ec,0dd437d0-74fa-43c3-8909-5c955e4d47dd,2025-06-08T10:16,7,195.30,Card,Pending
3931b930-6d67-4724-bc82-a52d6dbd800e,c3ffc43c-0c11-40fa-9824-f234161741d0,2024-04-07T10:16,8,158.08,Online,Completed
30735ce6-5d3e-450a-a2df-43d3eedd2f9b,8f7f530b-bb30-4a05-b437-744ed30af54f,2025-06-18T10:16,7,80.43,Online,Completed
32cef911-3158-4b9f-a11b-ecdcd3fbad41,9305d562-2505-493d-8ed8-3fb721c8f491,2025-06-18T10:16,7,191.03,Card,Pending
a49c8f45-b361-436a-a7e0-370c182f1332,0d463f72-c3a1-4a2b-8d0d-1721a0d1a06b,2024-04-06T10:16,3,83.67,Card,Cancelled
2b5132a3-d40a-4aec-920d-214f390797ef,25659c0e-6eb5-4c57-add8-fb6ac5f42699,2024-11-17T10:16,5,124.95,Card,Cancelled
76b4495d-d2e9-4999-82ef-bf967e562b0b,21edfc22-3f73-4335-a774-3cf78ab65e86,2024-08-24T10:16,5,29.50,Card,Pending
b657c059-cb6e-4572-ad79-f185a22fee44,4b14a58c-f1e4-40b6-888d-a88cd7055099,2025-08-01T10:16,5,119.90,Card,Cancelled
5aedc4bf-205a-437e-aced-7d3b6c9b8cd5,fdb5454e-2230-489e-ade4-9218ff28cbd8,2024-06-08T10:16,4,89.56,Cash,Completed
1f2e07b6-4549-4287-9c16-d63619968395,f543de06-e341-4de2-95ab-ca0fd3ee51fe,2024-03-06T10:16,7,127.96,Online,Cancelled
ba4b2e01-0f74-4b22-919f-a2481054908a,f0a6a958-e434-41bf-a830-dffa55a34db5,2025-08-25T10:16,9,89.10,Online,Completed
7b7618ce-cac1-489e-8e36-3ff7615d4e6c,3dcaabe3-78c9-4d88-bed5-56ca7ceea07c,2024-01-05T10:16,7,190.96,Card,Pending
e40085c5-f737-4ca2-a115-3281dfe178fb,56a75a3e-a944-4147-8cba-f1024726993f,2024-08-27T10:16,9,157.59,Card,Pending
e235e6b0-637b-47b5-89df-5db7e11da217,a5ffc907-be77-43e6-8694-4a0bf09bd3fb,2025-03-07T10:16,5,117.90,Cash,Pending
f614c503-a9c0-4c64-96ba-097bc18aeceb,caca465c-e9f2-4add-91b5-24c70595e321,2025-10-20T10:16,1,14.92,Online,Pending
fa7674ee-5627-4fa9-8efe-27b0de966528,bb6bf39c-f455-4e08-a59e-1bdaaa91d4aa,2025-04-08T10:16,3,71.07,Cash,Completed
cba96285-c18e-46e4-ad08-bd88162cb12c,d3f641e5-b8b5-4f5f-9155-7768df2033e8,2024-07-03T10:16,5,73.80,Card,Pending
dab3669a-88b6-44e6-bec8-28498ed8c096,0472ca7f-b133-4710-8f43-24a3c6c1afd1,2024-01-25T10:16,4,21.16,Card,Pending
3c19602c-9916-478c-888d-ad9688bf6510,0b2a0e9a-e050-4380-b607-57adcbbf59d4,2024-07-07T10:16,8,145.44,Online,Pending
987d52c6-aab6-4a75-992a-58c5d97d3686,a5ffc907-be77-43e6-8694-4a0bf09bd3fb,2025-08-04T10:16,4,52.20,Online,Cancelled
386f642b-98c4-42f7-9c1e-2239357e49f5,6f61ca8e-51a1-48e0-abfa-88326e713e34,2024-05-06T10:16,1,11.34,Cash,Pending
6d5ce0c6-49ce-43b5-8f14-07379fe5de73,1233cc27-7567-48e0-8dd2-6b0019506c2f,2024-11-21T10:16,2,28.82,Online,Pending
22873af1-78af-4677-9323-4a2b22d46a1b,a5ffc907-be77-43e6-8694-4a0bf09bd3fb,2025-08-17T10:16,9,171.81,Card,Pending
6c7d46c1-aa0e-483e-b04f-17dd2ce8dd9c,05ccd8a5-ea5f-4353-bd1e-3022152b0685,2024-03-08T10:16,8,230.64,Cash,Completed
a7f7f05e-f265-482c-a3a5-1b96ee0f24ad,f3826f04-0dfa-4266-8002-58fede0093f5,2025-02-26T10:16,7,93.80,Cash,Pending
fcb06639-14e3-45b4-a0e4-dccf9f01c0d2,a3f626b9-cc27-4c04-8570-be79ab8bda4a,2025-09-30T10:16,6,169.62,Online,Completed
2e68108e-0786-49cf-b0c7-c1f5bd659817,3ab3404a-ee80-4ed2-8d90-a6f0dad14e48,2025-01-24T10:16,7,183.19,Online,Cancelled
0a75cef3-c948-4895-a777-2c8dd0797b02,5f6e51da-5f01-4c9a-85dd-7d50ef37e5d7,2025-07-15T10:16,1,8.02,Online,Completed
6be5c387-83c0-4a27-b346-e688523a3b67,53db1213-7316-47bb-9099-c1def0e3c96b,2025-07-08T10:16,3,28.50,Card,Completed
3956cfdc-1c5b-4775-ab68-2c954f0752f8,cb8747c7-32ca-4b6b-868d-13ab01d953ec,2024-05-06T10:16,2,35.66,Card,Cancelled
be000e92-3b8c-4b04-bacc-338fda520ea3,5400d214-6176-40bf-88d2-3f53ed38bf69,2023-12-22T10:16,4,84.64,Card,Cancelled
a6e959af-fe57-4b3d-85ba-5a8b33b91730,3ab3404a-ee80-4ed2-8d90-a6f0dad14e48,2025-04-20T10:16,7,122.64,Cash,Cancelled
a01f9fb7-9080-4fba-89f6-e81eda12d900,ada8704c-2784-4d70-84da-10078407d2c8,2024-02-20T10:16,6,72.42,Cash,Cancelled
7f91ab16-c932-41ff-b811-50cec821261d,77ca464a-fe0d-4dcc-8f08-3eb2f7b64f76,2025-09-17T10:16,1,8.97,Card,Cancelled
cc8fe03a-191f-49b1-b886-5122ab0356a6,4b14a58c-f1e4-40b6-888d-a88cd7055099,2024-11-17T10:16,1,15.25,Online,Cancelled
b268563a-67ed-4df1-bac2-77e905f2ba3f,52f5634d-de98-4543-8a1e-cbf1e2d0242f,2024-12-16T10:16,4,71.52,Cash,Pending
7703c7e3-8aec-4253-8d71-650b92dac942,25659c0e-6eb5-4c57-add8-fb6ac5f42699,2025-07-25T10:16,5,52.65,Cash,Cancelled
c3e82aa1-5914-4795-9e24-3a5c34fd48ba,b03f75c1-655f-4480-a2bf-1a0af806e96e,2024-01-13T10:16,5,112.50,Cash,Cancelled
95ee6296-1c5b-4987-ac8f-e9478bdea724,62a2bfef-ca4a-4dec-90ea-bf15ea1880d2,2024-11-10T10:16,7,47.53,Online,Completed
3fd48c29-4f80-48b9-98f7-08696f4f0de4,0d463f72-c3a1-4a2b-8d0d-1721a0d1a06b,2024-02-16T10:16,3,23.40,Card,Cancelled
c7ebbbcb-946b-4647-8e15-98f60a8360f8,8f7f530b-bb30-4a05-b437-744ed30af54f,2024-06-10T10:16,4,100.16,Card,Cancelled
4d8c64f2-55d1-4a0c-9487-54a0a072cf8f,b047b369-02d0-4f25-9af0-f1e883228863,2025-06-05T10:16,2,50.52,Online,Cancelled
d58a8eec-8eb3-4076-b318-48c0ba4b8140,1d32c3b3-c732-4995-aa6b-ff159deb3bdf,2025-11-01T10:16,5,88.50,Card,Completed
e327c7ea-f081-4968-b317-edf0b5cb96e2,4f6ae324-5b6d-47d6-a86d-26ec6fbe1e0e,2023-12-25T10:16,9,216.36,Online,Cancelled
d80662cc-0b07-4261-b8d1-1fe23651bc76,5f6e51da-5f01-4c9a-85dd-7d50ef37e5d7,2024-10-22T10:16,8,189.28,Online,Cancelled
640d1bf0-f539-4158-bf50-43970b1864b1,cb8747c7-32ca-4b6b-868d-13ab01d953ec,2023-11-18T10:16,9,111.78,Online,Pending
a1f5ea18-e50f-4476-a308-873eeb772073,0e0d5f13-edd5-4ab0-9ddd-3df111bedc5a,2023-11-22T10:16,4,115.36,Online,Completed
d74de45e-0944-401c-a1da-e9f247f6c9ac,cb8747c7-32ca-4b6b-868d-13ab01d953ec,2024-06-26T10:16,1,24.21,Online,Cancelled
135664ef-8df9-4445-b626-04dcb2216e9a,a302a1a8-c429-406f-abff-9f273aa0a4b5,2024-05-10T10:16,8,217.44,Card,Cancelled
b2fc5b5d-8355-4854-aea4-efa3ffecfb87,885715b6-b1eb-44ca-8460-28c0343e56f3,2025-04-20T10:16,5,49.85,Card,Completed
dfdc1bb9-07f1-4de2-83c1-74563e35c362,3dcaabe3-78c9-4d88-bed5-56ca7ceea07c,2025-04-27T10:16,7,107.24,Cash,Cancelled
eaebca09-e911-4a91-87ba-7d6720f78db1,bb6ceda0-3f7a-4dfa-9862-41a88dd468b2,2024-02-02T10:16,2,25.16,Online,Cancelled
629f7385-23d3-46b9-b7b6-248364109d1e,6f61ca8e-51a1-48e0-abfa-88326e713e34,2025-07-23T10:16,4,120.00,Online,Completed
68d11af7-a42b-4559-bc24-b92504594e4a,6f61ca8e-51a1-48e0-abfa-88326e713e34,2024-06-23T10:16,9,49.59,Cash,Completed
f74b37e1-228c-4624-9440-3247c26316fa,6945f6f4-b8f9-4d04-90ff-e59ed705578e,2024-05-04T10:16,7,188.79,Cash,Completed
b76d8bde-bb87-4d3e-8100-81320154dd46,14eace30-1ac2-411e-8eef-98e8f32a87fb,2025-04-04T10:16,7,159.95,Online,Cancelled
720ad68e-d265-4cda-b9bf-cdd9d475efda,a190f67b-21df-46bc-8164-46bdfa00af85,2023-12-31T10:16,2,42.72,Card,Completed
d49e1a8d-da1d-4545-aa09-c013ea9f1523,bc58b12c-65c4-4f21-89ef-3e492a22ef7c,2025-05-13T10:16,4,85.92,Card,Cancelled
3db33bd3-e867-4d41-aa03-52e9fb8ff107,10b26c2d-7d56-4175-84a8-a2775e128a9d,2025-08-16T10:16,2,16.28,Card,Completed
2ce1a040-6522-44a7-b9f4-18c7f46f6044,e886c155-0dae-4b36-88f5-a86fa474d1f6,2025-05-24T10:16,5,39.60,Online,Completed
6c2c0f7d-17bb-4bcf-be3b-69132d26b704,824998a2-7592-4051-ab0b-d5e12743c93b,2024-11-19T10:16,8,117.20,Cash,Cancelled
a928cd3a-dc53-4246-88c9-a2d42e079b9d,9c53f3f8-5b22-4d77-bd76-cfa6c70e443c,2024-12-29T10:16,6,98.16,Card,Completed
81e802ba-8267-4a8d-afa3-0ff16807c9f9,9305d562-2505-493d-8ed8-3fb721c8f491,2025-07-16T10:16,7,176.40,Online,Completed
def3be75-ad11-452e-871c-fd35fa9c3703,824998a2-7592-4051-ab0b-d5e12743c93b,2025-05-21T10:16,1,12.35,Card,Pending
33a59983-9203-48d2-a88f-0a5e40378c15,515fe1d2-d33a-4b9d-8c19-07e0cbe81a9a,2025-05-19T10:16,6,106.44,Cash,Pending
714874e0-497c-40e0-b016-7693553e4069,0a5a9fc7-e126-48f0-99aa-dea85c606f66,2024-07-13T10:16,6,107.76,Cash,Pending
f6a167da-8f0b-4e44-b725-62aa6ec4ca88,1eeb9c5f-5b7a-47af-b4f1-5a50d9d1089c,2025-03-24T10:16,2,30.56,Cash,Pending
71bf5937-3623-424e-92f5-0d17c6aad47f,23650eb4-f98d-45a3-a90b-a378f03d469d,2024-08-03T10:16,5,149.05,Card,Cancelled
104593c9-886a-4112-a7f2-b25f9842f0ec,63846b60-b7be-4087-ac6e-56c9bc130a20,2024-07-06T10:16,3,20.64,Card,Pending
604f66dc-072a-419e-8402-6601f627a045,69446e90-4237-4410-ab55-e011eb04cce0,2024-12-23T10:16,3,65.37,Cash,Pending
c08321d1-490a-4004-80a8-d09d681e3ae8,93cdeef1-3fc3-4a63-a275-0ae87ae6b335,2024-02-09T10:16,4,97.60,Online,Pending
1b6df470-586d-414a-9d80-bc2404abca93,6e6d2c67-f7fb-4a98-8f9a-4822259b25c4,2024-03-24T10:16,1,24.03,Online,Pending
0c8529c3-448f-402e-b59d-24786e13e701,21edfc22-3f73-4335-a774-3cf78ab65e86,2024-08-28T10:16,3,22.41,Cash,Completed
0c7d8137-b09b-4583-97af-101bf6a9d1c2,ecf1ffb0-ac00-4968-87ea-8beef4ace55a,2024-06-29T10:16,9,256.50,Card,Pending
acc5ce7b-3353-4696-845b-e05de76a1679,8b115a34-224b-453c-be69-b53a7445b466,2025-01-24T10:16,7,132.16,Cash,Pending
a33ff527-8b96-4673-aaba-d4152fc6e3c9,8b115a34-224b-453c-be69-b53a7445b466,2025-08-25T10:16,5,31.70,Cash,Completed
1588d051-b40e-4c3b-91d8-8cb862fa8d1d,caca465c-e9f2-4add-91b5-24c70595e321,2025-05-14T10:16,9,257.49,Cash,Completed
dd9d4d8a-a197-47fb-a48e-dfb6b64fcaeb,e12c3d24-86c8-474f-b86b-370df36adbfe,2025-08-30T10:16,7,141.75,Cash,Pending
8be60b70-24cf-47f1-9fe9-1ce7a2118bf5,52c87fd9-fdf0-4256-b929-6153ad24a0ac,2025-02-04T10:16,5,59.10,Cash,Cancelled
4caeefdd-e73c-4ef6-ad7e-10b597c59f25,941529ef-2114-4bff-907a-4596ff4593a1,2024-08-25T10:16,6,168.30,Online,Cancelled
f9464b0f-2161-4093-946e-90d0aff80952,f543de06-e341-4de2-95ab-ca0fd3ee51fe,2025-07-04T10:16,3,72.33,Card,Cancelled
e1be4dcb-749d-47e1-8fff-5991eee6a8e3,b3688304-b24b-416a-9bf4-c2b6aaeb59d3,2025-09-23T10:16,3,26.22,Card,Pending
59beaaf1-cfc2-4779-98d7-0328c6f4eb92,1eeb9c5f-5b7a-47af-b4f1-5a50d9d1089c,2025-07-05T10:16,7,203.77,Card,Cancelled
0e597f3e-5bf2-455e-8763-f480af8622e6,b95f7619-fab2-4df9-8683-1f2aeb93a660,2025-02-02T10:16,9,262.53,Online,Completed
6af0dfe4-bdef-4d48-9aee-08bbe788842f,67c276b0-7be6-4f3c-bf86-c342095c8112,2024-07-26T10:16,3,44.01,Cash,Pending
f7023c5d-9157-4204-92b6-c2fcd7d70dcf,63846b60-b7be-4087-ac6e-56c9bc130a20,2024-04-20T10:16,7,63.49,Cash,Completed
ba90d757-fecf-40a2-884f-ae601dc333ca,5400d214-6176-40bf-88d2-3f53ed38bf69,2025-08-16T10:16,5,98.85,Online,Completed
28c653e8-48b3-4a64-b253-0c49750dcc30,5400d214-6176-40bf-88d2-3f53ed38bf69,2025-05-29T10:16,3,38.37,Online,Completed
0f5c9c0a-2381-4eae-9469-ba18c13c51e8,52c87fd9-fdf0-4256-b929-6153ad24a0ac,2024-06-24T10:16,4,29.28,Online,Completed
289f03d1-8fda-47db-babd-289cd47d508f,8e1bbe6c-7b75-46dc-8ca1-0b1664cd6ae4,2025-09-23T10:16,9,198.90,Cash,Cancelled
b42cd711-39c0-4a86-8245-e1e4395b6b92,90f0db1e-2b19-43f7-ba17-233c7c214eca,2024-09-16T10:16,5,41.90,Online,Cancelled
34f704a2-e317-43d7-90c5-3d7323438251,0a570207-0f70-467f-bbeb-44a0a60a9a25,2024-12-15T10:16,8,49.28,Card,Cancelled
a14c30dc-39b9-41f0-b42b-24c09dbd6ce2,6bd388d4-5636-450b-bacd-55bdcb769bab,2025-10-30T10:16,2,10.88,Cash,Pending
c3d3ce0a-eb19-4c5e-915d-d4e169fae092,0a5a9fc7-e126-48f0-99aa-dea85c606f66,2025-03-02T10:16,4,33.96,Card,Completed
a4c9cad4-2f2c-4fdb-8a5a-a59c48f4f5d8,0130fcd4-a6cf-4a72-8400-7bcae1abce34,2023-12-01T10:16,2,13.68,Cash,Pending
bfd5053c-e5a3-494a-9887-ad0057ff5c63,a3f626b9-cc27-4c04-8570-be79ab8bda4a,2025-03-08T10:16,9,160.38,Online,Cancelled
92e9e547-7049-4850-925b-8b0f5190d2e7,5d6f84a5-a4de-442e-99b9-b8ef714b4436,2024-02-04T10:16,5,87.80,Online,Pending
fd09ceed-58d1-4a5b-a99c-63a33c65903c,c9dcc28a-ae5f-477c-ae7e-72d94129f449,2024-05-18T10:16,2,48.82,Cash,Completed
8a1433d9-7d5c-4942-b4a9-9a6c09104953,36b880b0-e9bd-4c0b-8f1c-32018f6c758a,2024-05-28T10:16,3,61.53,Cash,Pending
bf267f90-6575-4d28-a49b-2ea634bc6997,23650eb4-f98d-45a3-a90b-a378f03d469d,2024-06-22T10:16,6,149.94,Online,Completed
0433e8fe-ecd8-4aea-8eb2-a71f3f8fe683,bc58b12c-65c4-4f21-89ef-3e492a22ef7c,2025-06-29T10:16,2,47.26,Card,Completed
a3a57927-5544-4704-9fb0-1b7e51c402d3,8f7f530b-bb30-4a05-b437-744ed30af54f,2025-09-20T10:16,5,57.05,Cash,Completed
0ae79a82-72a3-41d2-adee-d2f330375c38,6117b6f0-c4f4-4bf1-9eeb-f33950decba8,2023-12-12T10:16,5,29.90,Card,Completed
9d45fd60-76b9-44b1-965b-73259d86276d,401a6911-a31e-4892-adc1-56e3e1eb090a,2024-01-10T10:16,3,32.94,Card,Cancelled
6a4d254a-03f1-496f-b1fd-fef543249d0b,7169ef0c-f2c8-4ae3-83f6-87691664d2d2,2024-04-21T10:16,9,184.77,Card,Completed
f9810b58-3d72-4fae-85e1-766cc1b7e160,0d463f72-c3a1-4a2b-8d0d-1721a0d1a06b,2024-08-31T10:16,8,201.68,Card,Completed
e382fb84-8420-4d1d-b94e-7710c8abe154,8b115a34-224b-453c-be69-b53a7445b466,2024-02-28T10:16,6,102.12,Online,Completed
5fc0afc0-6ea5-43f3-b3fd-f7bab9a9a8de,953417c6-cd52-45e9-9ca0-bb450653c934,2025-08-28T10:16,4,58.68,Cash,Pending
07a02093-48b8-46ac-8e1d-651b77ff5341,b6c26110-1b77-4777-8c79-c69ec19b66df,2025-08-03T10:16,6,46.86,Cash,Pending
b3e8dea7-f3d6-478e-90c4-41a5dd1792e9,ada8704c-2784-4d70-84da-10078407d2c8,2024-04-07T10:16,4,39.28,Card,Completed
a44152fa-3912-4c0c-929c-e42d7baf7d30,a302a1a8-c429-406f-abff-9f273aa0a4b5,2024-05-22T10:16,8,86.88,Online,Cancelled
7fe8f9c8-10c5-4de5-bd2d-293b08d97be7,8f7f530b-bb30-4a05-b437-744ed30af54f,2025-05-10T10:16,4,111.60,Card,Pending
1b598058-3915-4622-a171-5c479dc2de17,824998a2-7592-4051-ab0b-d5e12743c93b,2024-05-19T10:16,1,17.22,Online,Cancelled
dc618661-3979-4848-b4da-c0f595c016f8,6e6d2c67-f7fb-4a98-8f9a-4822259b25c4,2024-11-28T10:16,5,140.25,Card,Pending
777fa79f-3f44-4d00-9883-7aff5be5be53,e7991221-0de0-4ef8-aa9c-ca3b59197059,2025-09-24T10:16,2,22.02,Card,Completed
288ecce6-e1b2-47df-8057-4a315fe21cd9,0df3bae1-6384-4856-aa27-aef9f6c48b75,2023-12-19T10:16,6,30.78,Cash,Pending
81e1c330-b9e6-43f6-bf88-e99278445609,e12c3d24-86c8-474f-b86b-370df36adbfe,2025-05-18T10:16,2,19.56,Cash,Completed
de3577ab-ffee-4cb6-8aa2-95db0e52d8e6,0a5bd884-b432-4ce5-b14e-44b4aedd4c0f,2024-10-25T10:16,3,48.69,Cash,Cancelled
e21cadb9-2e59-4b56-92f2-87baab846918,bb9edfa8-17f7-4f6f-8e3b-616693a298b1,2025-04-09T10:16,8,231.04,Online,Cancelled
216b5a6a-fd79-43a7-8640-914b0a3d4c3d,b0d737cd-ec4b-4a88-aa81-d012ef3fb719,2025-02-27T10:16,9,199.26,Online,Pending
3f090ad4-228b-4a61-baeb-93dae777e93a,209e786b-2a61-4e52-a3b2-1cc98bcbf18c,2024-05-23T10:16,2,28.70,Cash,Cancelled
c06bacb2-23ae-434c-bd79-b3780b4fe3d9,1233cc27-7567-48e0-8dd2-6b0019506c2f,2024-05-20T10:16,8,117.28,Card,Pending
53dc4b01-ac90-4c2a-8af6-5287fd086583,103fcba5-5588-45a5-9fe0-6ac948d3860e,2024-11-23T10:16,3,64.38,Card,Cancelled
db2a9728-34ef-45c0-87ec-8052edc313ee,8626238e-5813-415a-9a8c-db944b1e0269,2025-01-15T10:16,6,78.78,Card,Completed
8a9a2d36-2792-4cf9-b329-d245f4dce3dd,8b546c63-5406-493d-bc69-cfb594b38267,2024-12-23T10:16,9,200.07,Card,Pending
15c8c555-1370-4757-98b3-b99c99aab6b3,6c3bf618-a715-40f9-9faa-cfc5f5beef2f,2024-05-17T10:16,3,37.50,Cash,Pending
40484f4f-f51d-41e8-a8ba-12407e6d0bc9,401a6911-a31e-4892-adc1-56e3e1eb090a,2024-09-06T10:16,4,68.64,Online,Pending
f0b2a4a3-5f1f-486f-821b-4ab41aba6854,205ea7f7-e714-45b8-a083-11247ff702a1,2024-12-08T10:16,4,26.96,Card,Pending
79dc358b-14e9-4191-a54b-072e648d4046,a302a1a8-c429-406f-abff-9f273aa0a4b5,2024-08-20T10:16,7,71.19,Online,Cancelled
e1aa2d06-b14e-41c7-a85e-8f5c3928a132,73a2b03c-2dca-486e-8ebc-c4d6bb68a8c6,2024-06-26T10:16,4,37.12,Online,Completed
f61c4a5e-4121-450b-93c3-53296b738732,b04ce307-2d1f-4214-b023-d8f4379041a1,2025-03-07T10:16,4,81.80,Online,Completed
6ae75235-8ddf-4ff8-ab2c-098a5638481b,d3f641e5-b8b5-4f5f-9155-7768df2033e8,2024-07-17T10:16,3,76.56,Cash,Cancelled
88a9b25d-0e8e-4e08-bf48-13b266813272,c63bd277-c81c-40c5-8720-6ce916d653c4,2025-09-10T10:16,7,76.51,Online,Completed
458b811b-24ef-4b66-b440-33b2501b7df9,2a109685-1399-4149-8951-fba29bb0360d,2024-03-07T10:16,3,54.48,Online,Pending
88f8f92a-904a-4d14-8c35-4419db30f532,e38afcd9-9e08-47ba-bc92-5ebb4bc271eb,2025-01-31T10:16,6,65.76,Online,Completed
1ab6dd98-8a87-4158-aba0-3375de5bab6d,bb6bf39c-f455-4e08-a59e-1bdaaa91d4aa,2024-02-01T10:16,5,136.25,Card,Pending
d624a48f-d6d1-4fa4-8d87-b800a434dbf8,dcfb3d05-846d-4915-99f3-ebbc7559d972,2025-04-30T10:16,2,26.42,Cash,Completed
0c9ecc68-cd51-449b-88dd-91a75bb334bb,c9dcc28a-ae5f-477c-ae7e-72d94129f449,2024-10-24T10:16,1,13.82,Cash,Cancelled
675f4957-0734-456a-9300-d62513bdad87,d33bbfcd-a2ca-4e80-8a1c-65223f061e7e,2024-01-09T10:16,3,25.02,Card,Cancelled
44628d77-a07e-4c4f-a904-bfa367309521,cb8747c7-32ca-4b6b-868d-13ab01d953ec,2024-01-07T10:16,3,26.40,Online,Pending
f216d9a9-55ad-424e-be59-a16390a74171,e277d099-db2a-4aee-ab86-8b0e73a34383,2025-01-22T10:16,7,60.76,Online,Pending
fa36cd87-93dc-43bf-bc0d-312ca07b6834,6117b6f0-c4f4-4bf1-9eeb-f33950decba8,2024-04-03T10:16,1,26.32,Online,Completed
5f976ccc-e69b-4026-9296-ee1cc9d18ffa,89d26a00-0fde-4c03-8430-b06f6bc3f33a,2024-02-23T10:16,1,27.54,Cash,Completed
f9fd886e-d679-4781-8f26-e470058bea19,f067e21d-d1d4-4e87-9cae-9753f5f9ccb6,2023-11-27T10:16,9,169.20,Online,Completed
fdc140c1-2fb2-4106-8926-50e9f3097f7b,14eace30-1ac2-411e-8eef-98e8f32a87fb,2023-12-02T10:16,8,120.64,Online,Pending
09ff5d6c-f739-43ce-ae24-9fd94cc11329,f90cf3ca-e2d0-4129-bc7a-e8a2b80880da,2024-09-06T10:16,6,111.12,Cash,Cancelled
7aa4ad34-b81f-4a22-8741-759904e0dd2b,67c276b0-7be6-4f3c-bf86-c342095c8112,2024-05-20T10:16,2,56.34,Cash,Pending
eb9fc065-a29c-471d-8efc-d3fc67c97171,ada8704c-2784-4d70-84da-10078407d2c8,2024-06-27T10:16,7,149.38,Card,Completed
1596e54c-c266-4985-9d79-66e8e22fea62,9305d562-2505-493d-8ed8-3fb721c8f491,2024-11-26T10:16,1,9.30,Cash,Cancelled
fc83ef58-ec44-49c7-8f2c-c353f7f11cc8,b90a3a7f-421e-47e5-8598-fe50f365a62e,2024-04-23T10:16,9,68.13,Online,Completed
8d6a1838-d7a6-4501-a345-6162ee69cd5c,49af098b-bf79-4643-8e49-739ea932d38b,2025-10-27T10:16,9,69.30,Card,Completed
a232c784-a920-4257-96ce-ce74554224d6,f0a6a958-e434-41bf-a830-dffa55a34db5,2024-09-01T10:16,1,13.85,Online,Pending
f21076b8-2e5a-479d-beb4-03ba3e0d72e0,52f5634d-de98-4543-8a1e-cbf1e2d0242f,2024-06-19T10:16,7,206.15,Cash,Pending
9f4202f0-21bd-465e-acab-04fbaa2865c4,a3f626b9-cc27-4c04-8570-be79ab8bda4a,2025-06-13T10:16,4,57.12,Card,Pending
21cbea2f-8694-4d38-905b-f3148c7f31d3,0fcf4084-ea31-49f8-99f9-9bf8c8b0c16b,2025-09-14T10:16,5,44.45,Cash,Cancelled
1dc5ac5e-8fbd-4674-81ed-764208ae832c,7d2df59f-386d-4aec-85a8-2443262a0cb4,2024-09-13T10:16,3,51.30,Card,Completed
498b7fd8-5115-4903-9896-47aaaa839fcb,6945f6f4-b8f9-4d04-90ff-e59ed705578e,2024-11-22T10:16,3,19.26,Cash,Cancelled
485068a2-fa91-4acf-aea5-54f2838929c2,14eace30-1ac2-411e-8eef-98e8f32a87fb,2025-09-29T10:16,2,59.96,Card,Completed
f3a8d37d-04ed-459d-931c-b5de94666d1c,f3826f04-0dfa-4266-8002-58fede0093f5,2024-01-02T10:16,1,16.88,Card,Cancelled
50ec4916-4335-47af-a677-fcf86123ef76,e12c3d24-86c8-474f-b86b-370df36adbfe,2025-10-14T10:16,7,62.86,Online,Completed
722c574e-8162-4de6-b046-cd2c8e96a92e,52c87fd9-fdf0-4256-b929-6153ad24a0ac,2024-07-18T10:16,3,33.96,Cash,Cancelled
6ccf3198-546f-4e29-9c02-27a76405576e,500fde18-ea61-4380-9ea4-f06d09985870,2024-07-18T10:16,4,54.32,Cash,Pending
f12616b8-7baa-430b-bce1-fc44be7291ab,cb8747c7-32ca-4b6b-868d-13ab01d953ec,2025-07-31T10:16,7,168.21,Online,Cancelled
29fc0579-3924-4d67-823c-cbf97f27fab2,93cdeef1-3fc3-4a63-a275-0ae87ae6b335,2024-02-03T10:16,4,28.24,Card,Cancelled
3d231a22-ffe6-428e-be0b-738a3df0ca47,36b880b0-e9bd-4c0b-8f1c-32018f6c758a,2025-10-23T10:16,4,106.04,Online,Completed
2f9c374d-bfb2-4825-ab07-bfee67a9d163,10b26c2d-7d56-4175-84a8-a2775e128a9d,2025-09-16T10:16,3,39.30,Cash,Pending
f7c3c07e-2ad4-44d7-b9d2-392b1120ed3c,cb8747c7-32ca-4b6b-868d-13ab01d953ec,2024-01-08T10:16,3,52.74,Cash,Pending
503f8d94-531b-4bae-8941-bf566a762d81,ebbc7df0-770d-44f8-b0ff-c62f9006e40e,2025-04-28T10:16,6,110.76,Card,Cancelled
d8fac7fb-1fc8-4e33-b762-ff7677eaadf0,ada8704c-2784-4d70-84da-10078407d2c8,2024-06-20T10:16,6,61.20,Online,Completed
7e5ccf37-f25e-4faf-9b3f-6e536613cc5a,983d66ae-c8b0-46b8-8abc-26a1055cf729,2024-09-27T10:16,2,52.52,Card,Pending
90ec3595-a076-45f2-aa62-6e6014f711b6,910b1d47-5c37-48b1-8bde-96c60660f1d7,2025-02-27T10:16,6,100.62,Online,Completed
39dbbb88-3bf0-4df4-b2c9-a072d6661f06,c9dcc28a-ae5f-477c-ae7e-72d94129f449,2025-04-06T10:16,9,103.86,Card,Pending
b7c07912-1144-4971-a1d5-c38bd06a7d8f,f6c35464-33dd-44a7-bf84-071f2e427045,2025-03-11T10:16,7,70.21,Card,Pending
cbbfdd65-476f-4250-8eeb-074bd3a3ab5b,59827b2a-ae17-44b1-bd6f-6f08718559cb,2024-05-21T10:16,7,166.67,Cash,Completed
20fb7fc5-59cc-4823-8ef6-34d454f9a3a4,bb6ceda0-3f7a-4dfa-9862-41a88dd468b2,2025-09-19T10:16,7,143.64,Cash,Pending
ff881ef3-37ca-4284-a2a8-226df52254a0,8e1bbe6c-7b75-46dc-8ca1-0b1664cd6ae4,2025-01-30T10:16,2,26.60,Card,Pending
cb96929f-6784-4abc-ad90-6d9211b0de06,52f5634d-de98-4543-8a1e-cbf1e2d0242f,2024-12-21T10:16,4,45.28,Online,Cancelled
5f1306f2-70d9-4084-be9e-95b1d9deba5a,dcfb3d05-846d-4915-99f3-ebbc7559d972,2025-04-10T10:16,8,71.20,Online,Cancelled
390f99a5-840b-45ce-bedd-253372c8bb5c,7509850a-5062-4da9-aad6-bc5b9e363ef1,2024-07-03T10:16,2,50.72,Cash,Completed
366fcf15-81a5-4978-b941-94b5db9681bd,36b880b0-e9bd-4c0b-8f1c-32018f6c758a,2024-10-03T10:16,8,149.04,Cash,Cancelled
c7da2bf3-3ed7-4da2-a836-43f64cc498c0,06e585f0-5b60-4900-81d1-3379328e6c17,2024-03-26T10:16,2,46.44,Card,Pending
67a681c0-e9a1-49c2-9a5b-ac5a597e826e,7a2e5fa5-096b-4701-8ce6-7a3db39bf8eb,2025-07-21T10:16,3,25.62,Card,Pending
aee13741-bfbe-43d8-bbb0-f15aeccedf84,6bd388d4-5636-450b-bacd-55bdcb769bab,2024-09-29T10:16,8,184.48,Online,Completed
26487efe-316c-4bd9-ac8f-5bb6f63e5b11,d87f31d7-79ef-4c17-856e-142e791b04da,2025-06-07T10:16,6,111.30,Cash,Completed
d89cdf5c-499a-4d5e-9345-12785259a078,e12c3d24-86c8-474f-b86b-370df36adbfe,2025-07-08T10:16,6,38.94,Online,Completed
1e3e8cde-232b-46fb-9398-3ecc66593628,39cb44e2-a541-4b98-bc0b-db5f31cf8710,2025-02-01T10:16,2,26.54,Cash,Completed
38694e72-a121-49b0-9496-465f595f041a,401a6911-a31e-4892-adc1-56e3e1eb090a,2024-05-30T10:16,1,18.17,Card,Cancelled
97f99f06-3fc0-4c51-9672-98806f926853,7a2e5fa5-096b-4701-8ce6-7a3db39bf8eb,2024-03-20T10:16,4,42.72,Cash,Cancelled
dbe17b31-a6de-4e7a-b5e6-1e4cbf4633ea,73a2b03c-2dca-486e-8ebc-c4d6bb68a8c6,2025-01-29T10:16,5,53.95,Online,Cancelled
4f79b025-942b-44ab-b2c8-46588e7fb2bb,68169a66-a8d4-4763-914e-7befc826445b,2024-04-01T10:16,5,69.05,Online,Cancelled
e814313f-fea0-499f-ab11-398a14fc49e9,a938df5f-7764-459c-8bfd-90409d16b3c6,2024-12-29T10:16,1,24.62,Online,Cancelled
be2dd330-1df0-4c24-b579-6b0a40626ddf,fe624323-ba72-456d-9842-ed9e0edc75df,2024-12-04T10:16,9,159.75,Online,Completed
5b476482-534f-4171-a6e9-dd250deb9641,fdb5454e-2230-489e-ade4-9218ff28cbd8,2025-08-02T10:16,5,54.05,Card,Completed
d3b8413f-c483-457c-b98b-c0f33b2bff00,2ca088cd-c6c6-4e60-a1a4-d2990ee21b12,2024-09-20T10:16,7,166.67,Online,Completed
6bcbbaf1-881b-45dc-81fb-8b6789dd9f48,4b14a58c-f1e4-40b6-888d-a88cd7055099,2024-05-05T10:16,3,49.26,Online,Completed
8337508b-b664-4841-81f0-a1b69ab4cdca,ecf1ffb0-ac00-4968-87ea-8beef4ace55a,2025-09-10T10:16,4,30.56,Card,Cancelled
f5a0ad29-8dce-4172-a688-ff284776f34b,8b546c63-5406-493d-bc69-cfb594b38267,2024-10-29T10:16,3,79.41,Online,Cancelled
3f7f9740-dcc7-4e10-a28e-1dde42035e07,c46351bf-193f-49af-a5d6-456188837c3d,2023-11-26T10:16,6,154.80,Online,Pending
fe1f948b-b037-4471-b6c4-4d1b706027e7,0b2a0e9a-e050-4380-b607-57adcbbf59d4,2025-09-20T10:16,5,104.70,Online,Cancelled
df66db0d-8bae-49e0-819b-55dd3d5df385,209e786b-2a61-4e52-a3b2-1cc98bcbf18c,2025-08-31T10:16,8,131.84,Online,Pending
f4632388-1f43-4630-884c-0280733c0d9c,6117b6f0-c4f4-4bf1-9eeb-f33950decba8,2025-05-17T10:16,5,135.10,Card,Completed
7692ff11-966b-48b2-8637-e96ff441d909,c9dcc28a-ae5f-477c-ae7e-72d94129f449,2025-07-15T10:16,7,162.96,Online,Completed
39b72a3f-9dae-4eec-9275-b1dbff32a59f,7c991f43-c18b-4404-8826-97691b0dc00c,2024-03-24T10:16,8,152.08,Online,Cancelled
bae9c6ea-f782-4b4f-958e-44666fa38d83,a190f67b-21df-46bc-8164-46bdfa00af85,2024-12-06T10:16,8,217.44,Online,Completed
560545f7-1b6b-49d8-9d73-238a33bcbaa8,cb8747c7-32ca-4b6b-868d-13ab01d953ec,2025-03-07T10:16,8,40.32,Online,Completed
1082cc5e-28e7-4ea8-9dc6-74c9944a0071,52f5634d-de98-4543-8a1e-cbf1e2d0242f,2024-06-09T10:16,6,55.56,Online,Completed
5aa5e353-a32f-4399-b908-265f1807f987,71f17b36-2c37-4cfa-bf8a-894fa94c0e9b,2025-08-29T10:16,5,107.35,Cash,Completed
9c0277e5-c1b1-4c67-899d-f75ef72f5d4f,d6d4ef4b-0870-48aa-b884-013237f255f4,2024-04-03T10:16,1,23.33,Online,Completed
34ec031b-b3ad-419d-a3d8-64a30d3ff0bc,6c6a3b10-9747-4dca-a041-4edc22d147b0,2025-05-31T10:16,6,42.78,Card,Cancelled
8d1d8bd4-53a7-43e6-81d5-9aa42b676dfc,71f17b36-2c37-4cfa-bf8a-894fa94c0e9b,2024-01-14T10:16,5,36.50,Card,Cancelled
82da2931-e014-4822-83c6-e67b114ef66f,71f17b36-2c37-4cfa-bf8a-894fa94c0e9b,2025-10-16T10:16,1,23.68,Online,Pending
8142076c-c277-4afe-b8fc-66a3f594a1f8,c63bd277-c81c-40c5-8720-6ce916d653c4,2025-03-12T10:16,9,254.25,Cash,Cancelled
15069dd1-6c1a-470d-8add-5b0e1fd7ab8e,c0d74d86-5c5b-481d-b8e3-61eeb9c77255,2025-10-05T10:16,2,29.10,Cash,Pending
c3c79f71-10d5-4838-a233-7df1dd9e0520,964d337f-acd5-4ca2-8843-9be3f2eb60fc,2023-12-23T10:16,7,153.58,Card,Completed
bd4fe92b-5e13-4e85-8e78-db46aab23ac8,74e76582-f1b8-4560-b049-8aebb59d4721,2024-08-23T10:16,5,34.45,Online,Pending
7a75e517-fe45-42b4-a5da-93a4eb25c05a,98b17fed-218c-4f20-8410-9f0edfc74455,2025-05-04T10:16,6,85.20,Card,Pending
55942186-b735-435a-b754-595cccb05226,6aaabc79-3d35-410f-bb96-f86a3930d0ff,2025-09-05T10:16,7,142.45,Card,Completed
5ad75b45-fe93-4e15-9dff-7740a72d8f6e,36b880b0-e9bd-4c0b-8f1c-32018f6c758a,2024-05-17T10:16,2,18.98,Card,Cancelled
969d3590-68d0-41ae-975b-299864860e92,e119f98a-df63-41dc-8e01-bb49ca2dc724,2024-04-28T10:16,8,85.76,Card,Completed
7a9b930b-ea30-48b2-9e4b-1d9a1c645bdb,6aaabc79-3d35-410f-bb96-f86a3930d0ff,2023-11-15T10:16,7,74.55,Online,Cancelled
914cc8c1-1665-4ae5-9831-f8b69bda004e,103fcba5-5588-45a5-9fe0-6ac948d3860e,2025-05-21T10:16,6,162.18,Card,Pending
bb811c6e-e454-4e16-bb6c-c25583bb0683,a302a1a8-c429-406f-abff-9f273aa0a4b5,2025-05-16T10:16,1,22.70,Online,Cancelled
c51b4404-be47-4917-b11d-984c6315717e,ceafdb2a-788d-48e0-acdd-bd533a2e7ab6,2025-01-07T10:16,5,111.40,Cash,Cancelled
3bb376ba-1b0d-46d8-bd89-700bd1edc40a,0a570207-0f70-467f-bbeb-44a0a60a9a25,2025-04-11T10:16,3,19.89,Cash,Cancelled
d5876563-be4e-486e-a76c-cd0c6e3da1de,68169a66-a8d4-4763-914e-7befc826445b,2023-11-13T10:16,5,37.90,Online,Completed
7b201629-ee9c-491f-af3d-178a067bba5c,8250871a-2b35-424e-a1a1-4eb4faffabfb,2025-09-26T10:16,4,93.72,Online,Cancelled
5c2d011d-3b26-4381-98f7-ccffe54fdf8a,23650eb4-f98d-45a3-a90b-a378f03d469d,2024-05-05T10:16,7,150.50,Cash,Cancelled
2384b440-52a9-41d3-80fd-5c9242267401,058b9c75-b72f-4594-80d2-e41194ff7672,2024-12-22T10:16,2,28.34,Online,Completed
5564920d-142b-46fa-99be-97f38b55efe9,4717d2a3-4b2a-44f1-b960-a2b73e2d23fd,2024-08-06T10:16,8,161.60,Cash,Pending
1d69ceff-b0ac-42de-bda3-79617f92dc98,bb6bf39c-f455-4e08-a59e-1bdaaa91d4aa,2024-07-06T10:16,8,235.20,Online,Completed
ac4e6e73-2eed-4009-acf6-d17993e0cc03,7a18d550-38d0-40b2-84a7-547162e7e409,2025-10-03T10:16,7,70.98,Online,Cancelled
1d016254-1467-4689-886e-e20375b7fc94,aff4340c-d102-49ba-af8e-84d2737ce82c,2025-10-29T10:16,5,43.40,Card,Pending
3c8f6fec-a558-49f6-9443-c7772fc746b3,3befa4dc-d961-4a3a-9410-d43d1bdaa335,2024-06-03T10:16,5,50.85,Online,Pending
7692d51a-3249-41e7-ac95-19efe8c2c8d0,cb8747c7-32ca-4b6b-868d-13ab01d953ec,2025-07-08T10:16,4,60.92,Card,Cancelled
49d55f50-ccc2-4e10-8c46-b70a8ca7659e,e12c3d24-86c8-474f-b86b-370df36adbfe,2025-06-15T10:16,6,132.30,Cash,Cancelled
b6c67c87-789b-47f2-a095-8eb605b41573,c83bba2f-5229-4998-9566-1f3179b13e8a,2024-04-08T10:16,1,22.08,Online,Completed
0da921bf-f7d8-441b-b47e-a079dc70c3f0,1a31c678-d420-495a-aff3-0f1609514e1e,2025-04-23T10:16,3,61.05,Card,Cancelled
19d356a2-9f4e-40a8-90b6-cc382b724a4c,74e76582-f1b8-4560-b049-8aebb59d4721,2024-04-07T10:16,1,16.81,Card,Pending
bcca346f-bb6a-4e0b-b0cb-cd2d51395433,4bb2d776-14c0-4ef6-b8ba-c580cbed72b8,2025-07-21T10:16,5,134.10,Card,Completed
69b13e1e-3963-4280-8274-6229b708db35,6aaabc79-3d35-410f-bb96-f86a3930d0ff,2025-05-25T10:16,3,65.01,Online,Completed
b60424a8-589f-44a9-adc4-2128bf2e01b6,f3826f04-0dfa-4266-8002-58fede0093f5,2024-04-14T10:16,2,11.62,Cash,Cancelled
6df373f1-ec22-46d4-be59-02dfd86f5ec3,10b26c2d-7d56-4175-84a8-a2775e128a9d,2025-06-22T10:16,1,12.29,Online,Cancelled
cdf6335e-950b-44fc-9389-a50d89d21b1f,14eace30-1ac2-411e-8eef-98e8f32a87fb,2024-11-13T10:16,7,129.92,Card,Cancelled
604ab857-367e-41e1-8211-15581552170d,4717d2a3-4b2a-44f1-b960-a2b73e2d23fd,2024-04-28T10:16,4,95.80,Online,Cancelled
526cc27a-ffaf-4d2a-96fc-4e55c5a96250,26d032f1-9fe9-487a-987a-a8be14e1db05,2024-08-31T10:16,9,171.72,Card,Pending
2e461534-bfa1-4550-8b7c-11bc059bd89d,52f5634d-de98-4543-8a1e-cbf1e2d0242f,2024-12-04T10:16,3,74.82,Cash,Completed
9c7251de-cdd5-4ecb-bd39-28b985dcd5cb,1233cc27-7567-48e0-8dd2-6b0019506c2f,2024-03-01T10:16,2,11.22,Cash,Completed
83bb026e-0891-4a5a-b61d-08a7e5689950,06e585f0-5b60-4900-81d1-3379328e6c17,2024-01-15T10:16,1,19.30,Cash,Cancelled
cc6724a5-b65e-45d1-a001-afbe1c77b8b8,c0d74d86-5c5b-481d-b8e3-61eeb9c77255,2025-02-25T10:16,3,45.18,Card,Cancelled
5af3b93c-3fdc-4333-988d-d6b9ed6262ad,26d032f1-9fe9-487a-987a-a8be14e1db05,2024-01-23T10:16,8,231.20,Card,Pending
a504fc2c-447e-4e42-bedb-60219b22043c,5d6f84a5-a4de-442e-99b9-b8ef714b4436,2025-09-21T10:16,2,21.66,Cash,Cancelled
c33c31ea-fb22-4203-8254-50b1cfa1f15d,0472ca7f-b133-4710-8f43-24a3c6c1afd1,2024-09-14T10:16,7,61.32,Cash,Pending
9a362abb-6eed-4a77-88e4-a32f9469c65a,7d2df59f-386d-4aec-85a8-2443262a0cb4,2024-07-23T10:16,3,54.42,Card,Completed
10603cca-59a9-4e0f-a520-16bd3b700282,e7991221-0de0-4ef8-aa9c-ca3b59197059,2024-04-27T10:16,2,49.10,Cash,Pending
2c30a1e5-41ef-43d8-848f-5aa678c7e288,71f17b36-2c37-4cfa-bf8a-894fa94c0e9b,2025-09-28T10:16,9,45.81,Cash,Pending
c7ee00c2-41dd-4e90-a721-5c0368be9400,8250871a-2b35-424e-a1a1-4eb4faffabfb,2025-07-25T10:16,9,177.21,Online,Completed
13552f02-b92a-4940-a355-22656945ecd1,8b115a34-224b-453c-be69-b53a7445b466,2024-05-01T10:16,3,31.50,Card,Cancelled
c7a13aa3-2770-4779-aaa9-563239602476,b04ce307-2d1f-4214-b023-d8f4379041a1,2024-02-21T10:16,6,138.06,Cash,Cancelled
c77ace69-5936-4582-b471-3897407ee97d,02c65c06-56ad-4670-b8e2-10ab417c7154,2025-02-25T10:16,5,36.75,Online,Cancelled
efce77d2-5830-4808-92d6-11ffb06c39aa,02c65c06-56ad-4670-b8e2-10ab417c7154,2024-09-03T10:16,5,72.10,Cash,Pending
360625a5-42c5-44b2-966c-c64dc6ea65f4,f6c35464-33dd-44a7-bf84-071f2e427045,2023-12-06T10:16,2,54.08,Online,Completed
b39c7994-d132-42b0-8be2-352acf5a1fef,e119f98a-df63-41dc-8e01-bb49ca2dc724,2025-02-16T10:16,9,80.64,Cash,Cancelled
e8f121a0-1433-4149-8d27-b7b3d2dcd948,39cb44e2-a541-4b98-bc0b-db5f31cf8710,2024-06-02T10:16,2,23.70,Cash,Cancelled
7ad06ac8-0c0a-4802-a96a-2e66f34fe8b8,824998a2-7592-4051-ab0b-d5e12743c93b,2024-10-02T10:16,2,29.36,Online,Pending
d04f3fc9-9e85-4c23-800e-6f891930f85b,1eeb9c5f-5b7a-47af-b4f1-5a50d9d1089c,2024-03-29T10:16,8,119.84,Cash,Cancelled
92a93333-2d22-4e96-a589-7f4158764b32,11526850-7335-463f-b740-a52a90457c3b,2024-08-21T10:16,7,145.25,Cash,Cancelled
bc64ca57-919f-4296-a00a-638017db3b96,0b2a0e9a-e050-4380-b607-57adcbbf59d4,2025-01-27T10:16,7,39.06,Card,Pending
ab8fdb9f-c32e-488d-87f4-352e687d6ef8,103fcba5-5588-45a5-9fe0-6ac948d3860e,2024-10-12T10:16,1,5.12,Cash,Cancelled
ca0de283-abc0-406e-bc0d-59e5ed1fc3cb,4e44f26d-5455-405b-8fdb-63ab8b739ecf,2024-02-12T10:16,1,8.53,Online,Completed
61b34ce2-2061-4cb8-a291-d28b79955776,dcfb3d05-846d-4915-99f3-ebbc7559d972,2024-12-19T10:16,4,98.72,Cash,Completed
b4843945-2d25-4a4e-91e0-55282d66fd21,0d463f72-c3a1-4a2b-8d0d-1721a0d1a06b,2025-01-20T10:16,6,167.22,Cash,Pending
a7d07636-8732-4663-9cd6-285537d0cf65,6c3bf618-a715-40f9-9faa-cfc5f5beef2f,2025-06-01T10:16,2,40.28,Online,Pending
bdf456e1-24b6-4dcc-a897-3a8400afedb2,f6c35464-33dd-44a7-bf84-071f2e427045,2024-01-23T10:16,3,50.43,Cash,Completed
07ba734e-20f9-48c0-883b-9568af4d98af,c0d74d86-5c5b-481d-b8e3-61eeb9c77255,2023-12-08T10:16,4,85.80,Card,Completed
655fd15c-283e-467f-945b-cfe30c34c91d,7a18d550-38d0-40b2-84a7-547162e7e409,2025-07-16T10:16,2,29.22,Cash,Cancelled
fbe58abe-c648-4be8-ae8d-2d28f87b56b0,500fde18-ea61-4380-9ea4-f06d09985870,2024-03-28T10:16,9,72.63,Card,Cancelled
9a92b16e-2fc8-4b82-89fc-1a7c51733ae9,6e551d53-4f6d-4b84-a9de-3d7c79694805,2025-03-06T10:16,7,74.69,Online,Pending
c47e2035-ba36-4cd4-a74d-6447c1dbe6db,8e1bbe6c-7b75-46dc-8ca1-0b1664cd6ae4,2025-02-05T10:16,3,54.48,Online,Pending
9b1aa0fa-9795-4204-a508-487babfe710c,65b2c0ea-6192-47fc-9286-2c1dd3ecefb1,2025-05-10T10:16,5,73.85,Online,Completed
126e56ac-83b2-4673-adb2-bd3e59a7b654,e6cb1215-5314-4d05-bfd1-f6e5d36e89f7,2025-08-02T10:16,7,88.27,Card,Cancelled
1dc563eb-16ce-4dd8-8f6c-19d359cde1f1,2ca088cd-c6c6-4e60-a1a4-d2990ee21b12,2023-12-04T10:16,1,8.17,Card,Pending
6554748b-3d53-4c40-85ac-497260465c34,8f7f530b-bb30-4a05-b437-744ed30af54f,2025-10-07T10:16,4,119.68,Cash,Completed
ebcaee35-0329-475c-9bc6-447dd5d02c29,d33bbfcd-a2ca-4e80-8a1c-65223f061e7e,2024-10-31T10:16,9,120.87,Online,Cancelled
a089bdd3-4337-465f-8f31-d524c1241774,2a109685-1399-4149-8951-fba29bb0360d,2025-01-14T10:16,4,64.00,Online,Cancelled
2169ca03-0161-4c20-86c9-fc1a083aca80,9c53f3f8-5b22-4d77-bd76-cfa6c70e443c,2024-07-29T10:16,2,36.06,Online,Completed
2308a918-fafc-4822-a24b-e41a1b5e638c,56a75a3e-a944-4147-8cba-f1024726993f,2025-08-24T10:16,2,22.64,Cash,Pending
5a12f1e6-8ff0-4c74-919e-3aee55eb109e,aac35608-9499-49c5-811a-a059e773c968,2024-01-06T10:16,1,13.73,Card,Cancelled
d469ec51-b40f-475f-998c-7759d2ba2a29,824998a2-7592-4051-ab0b-d5e12743c93b,2025-01-21T10:16,7,155.47,Card,Pending
ae713650-692a-48f1-b8ec-0d842f1628f6,1eeb9c5f-5b7a-47af-b4f1-5a50d9d1089c,2023-11-21T10:16,6,105.00,Card,Pending
490e1a2b-2dcb-4027-a7eb-760365ca275f,b03f75c1-655f-4480-a2bf-1a0af806e96e,2024-07-27T10:16,3,19.32,Cash,Cancelled
acbfaf88-9ee5-4b62-8e2d-0347ab5df47f,52fbb114-83aa-432d-b2f1-f3e37a5c4754,2024-07-01T10:16,3,66.93,Online,Cancelled
16ded428-d0ae-40de-8482-85982065d62f,dcfb3d05-846d-4915-99f3-ebbc7559d972,2024-01-28T10:16,3,79.95,Online,Pending
936a25bb-cf7d-4000-b13a-4764153333d3,d3f641e5-b8b5-4f5f-9155-7768df2033e8,2025-08-06T10:16,2,43.98,Card,Completed
7c99c375-912e-4c36-86e8-8eca4dc562e3,e85d0261-2d97-4475-a749-363ec9040a74,2025-06-30T10:16,8,205.44,Online,Cancelled
5962b504-66ce-44dd-b935-6f568461c9f4,6f61ca8e-51a1-48e0-abfa-88326e713e34,2025-10-16T10:16,3,38.67,Cash,Completed
a3437a60-d3e5-4c3c-87e3-8f353a867ac3,8f7f530b-bb30-4a05-b437-744ed30af54f,2024-05-22T10:16,5,41.00,Online,Cancelled
05482b2b-f832-4318-a222-e61d5056924d,06e585f0-5b60-4900-81d1-3379328e6c17,2025-09-22T10:16,2,16.98,Card,Completed
eae3c1b9-97f3-40cd-860d-3c3985c0fafa,c1a09d60-c9e8-4489-a68e-e01b51541d33,2025-07-17T10:16,7,182.84,Online,Completed
fed8107c-7007-432b-817b-d963f8c9f800,9b9edd1e-b4f7-414c-b8b5-a3dc51fa0a8c,2025-09-10T10:16,7,118.09,Cash,Cancelled
ef08bc3a-0fa9-4281-81ef-d6875be27cef,60cd80b6-3967-4dae-b4df-adc7b5644971,2024-06-17T10:16,3,60.39,Cash,Pending
b6ed1235-d240-4713-9692-10ab51672c09,d33bbfcd-a2ca-4e80-8a1c-65223f061e7e,2023-12-07T10:16,2,53.58,Cash,Cancelled
fcef6471-5bb0-4068-bc79-c0aa5aa19737,485b65e7-fdf4-474d-afba-37986d8d3cd8,2025-09-12T10:16,7,191.38,Cash,Pending
5ebf3a37-0437-41c0-bc13-a00fd3f33f0a,53db1213-7316-47bb-9099-c1def0e3c96b,2024-09-15T10:16,3,50.61,Card,Cancelled
063e53cd-81e1-42a3-a9f1-9cfceb46fbe9,ec3490d2-e8da-47ee-ae12-0ca0b1d7a2bb,2025-06-15T10:16,2,54.60,Card,Cancelled
1ebf97c2-b726-4840-be06-ab6c9b16ab80,b0d737cd-ec4b-4a88-aa81-d012ef3fb719,2023-12-13T10:16,8,53.12,Online,Completed
9f970877-d9c1-41a5-bbe1-1c2c1ad526ba,3befa4dc-d961-4a3a-9410-d43d1bdaa335,2025-08-30T10:16,3,74.10,Cash,Pending
a045767e-d260-4e04-8c56-7fc56ca2bd3d,941529ef-2114-4bff-907a-4596ff4593a1,2024-10-30T10:16,7,68.60,Online,Cancelled
be65f816-80c5-40dd-9d91-e032857f51ed,3910ab11-8758-4a4f-8a9b-c4f5df7413c4,2025-10-24T10:16,1,19.28,Cash,Cancelled
89d01c61-3a45-4bdb-8d57-ecbb52e43f20,dcfb3d05-846d-4915-99f3-ebbc7559d972,2024-02-20T10:16,4,97.56,Card,Completed
6b22c9e3-5660-418d-9544-23f307ef807f,52fbb114-83aa-432d-b2f1-f3e37a5c4754,2024-11-09T10:16,8,114.48,Card,Completed
e3c4df48-2e9c-45b0-becb-b33aab365d54,dcfb3d05-846d-4915-99f3-ebbc7559d972,2024-05-14T10:16,9,103.68,Online,Pending
43471f66-5806-4bef-8973-23b4f3ff6f0c,fdb5454e-2230-489e-ade4-9218ff28cbd8,2024-06-13T10:16,4,65.60,Card,Cancelled
2d3fe20b-29d2-4e5d-aa78-2efb4f6e2ea1,71f17b36-2c37-4cfa-bf8a-894fa94c0e9b,2025-08-14T10:16,1,14.05,Online,Pending
