order_id,restaurant_id,order_date,items_count,total_price_usd,payment_type,status
639c86d2-7ae7-41f8-ad9f-25b34a92c6c1,4f6ae324-5b6d-47d6-a86d-26ec6fbe1e0e,2024-12-23T10:16,9,260.73,Online,Completed
8257fc97-39fc-4423-a1cb-373cdcb4efa2,bb9edfa8-17f7-4f6f-8e3b-616693a298b1,2024-05-21T10:16,5,84.45,Cash,Cancelled
ff83b3f5-18d7-4342-81ef-5214a9d49824,63846b60-b7be-4087-ac6e-56c9bc130a20,2025-06-04T10:16,7,115.85,Online,Completed
ce53c980-ba45-442a-9462-b99473b21083,b90a3a7f-421e-47e5-8598-fe50f365a62e,2024-06-30T10:16,6,141.60,Cash,Completed
e31d913b-0279-448e-9fbe-9f2458dee274,1a48aa9a-def3-481d-922a-94300aa97309,2024-02-20T10:16,9,186.12,Card,Cancelled
ad22c4d5-24df-4996-91bc-8ff9f768e8c0,52f5634d-de98-4543-8a1e-cbf1e2d0242f,2023-11-30T10:16,6,158.52,Card,Completed
282fa71e-f8c4-47a7-aeee-49ff20801c72,0130fcd4-a6cf-4a72-8400-7bcae1abce34,2025-04-04T10:16,9,146.07,Card,Pending
c87ef1ee-25dd-4aa0-8ece-b20adf6fdabe,69446e90-4237-4410-ab55-e011eb04cce0,2025-03-27T10:16,2,12.84,Card,Completed
f11b0fa6-9cb8-4627-af3d-81d749fabd74,93cdeef1-3fc3-4a63-a275-0ae87ae6b335,2025-10-21T10:16,8,198.56,Cash,Pending
661c6b67-7214-40f6-a106-bfc63ef5b9ab,56a75a3e-a944-4147-8cba-f1024726993f,2025-04-07T10:16,5,101.95,Online,Completed
90fe3f9c-10e1-44e7-8979-539e6dee99c7,23650eb4-f98d-45a3-a90b-a378f03d469d,2025-01-20T10:16,3,70.17,Card,Cancelled
7d8f76e1-1eb0-41b3-925b-82398ded82db,5f0f3def-9ff6-4282-ad04-001c4a769966,2025-05-21T10:16,8,212.00,Card,Completed
75c825f9-1d14-4387-b1bc-62e27445f468,8b546c63-5406-493d-bc69-cfb594b38267,2024-02-09T10:16,4,106.36,Online,Pending
7907cba9-6f4c-4fda-899a-24354bb2a360,1a31c678-d420-495a-aff3-0f1609514e1e,2024-05-28T10:16,8,150.24,Cash,Pending
217adb6f-5c14-485f-9540-18ced34f8a88,cf65c4b6-4c1c-420b-95de-23e5b56ffad5,2024-01-05T10:16,3,33.51,Online,Cancelled
936ac8da-144f-495e-a626-35c071e67630,209e786b-2a61-4e52-a3b2-1cc98bcbf18c,2025-07-11T10:16,9,134.55,Online,Cancelled
cf4f380a-2872-4e69-b4bd-5ce2b29f8c54,69446e90-4237-4410-ab55-e011eb04cce0,2024-05-12T10:16,4,33.80,Online,Completed
76c6b78d-5bbd-4fbe-936e-8eec5060ad3f,56a75a3e-a944-4147-8cba-f1024726993f,2023-12-07T10:16,6,138.96,Online,Cancelled
4752a1e1-7066-4ec6-9fd2-75b95012add0,515fe1d2-d33a-4b9d-8c19-07e0cbe81a9a,2025-10-23T10:16,7,44.73,Cash,Completed
fe196206-bbbc-40f0-aca2-e1d312d29a40,60cd80b6-3967-4dae-b4df-adc7b5644971,2024-12-14T10:16,2,50.38,Online,Cancelled
c1bcd9bd-f891-4bfa-b90b-b2f2c825df47,bb6bf39c-f455-4e08-a59e-1bdaaa91d4aa,2025-08-17T10:16,7,77.00,Card,Completed
e9565103-947e-458c-9c49-1f90cf86c427,6f61ca8e-51a1-48e0-abfa-88326e713e34,2025-04-21T10:16,5,75.20,Card,Pending
3b6e6d22-90c6-4a59-8ba7-77872a0ffbe5,99c406e7-092b-4eeb-bc08-56fc041c253d,2024-08-18T10:16,4,78.96,Card,Pending
15f7a8e8-ee29-48c3-990d-31f92dd5f52e,0a5bd884-b432-4ce5-b14e-44b4aedd4c0f,2024-06-30T10:16,1,12.83,Card,Pending
551280e0-0331-4583-8ee4-cb5ea806a409,65b2c0ea-6192-47fc-9286-2c1dd3ecefb1,2025-05-16T10:16,8,146.32,Cash,Cancelled
9a6cb50d-4262-42f5-aba4-33ccc0250345,726d71e2-70fd-4416-8568-78619c14a73a,2024-10-11T10:16,1,15.41,Card,Completed
3fbf6b4a-c67b-4be2-9745-113682eda257,c0d74d86-5c5b-481d-b8e3-61eeb9c77255,2024-07-29T10:16,3,63.24,Cash,Cancelled
731b02ed-f765-4d42-a9a0-ae76ed695ed8,1a31c678-d420-495a-aff3-0f1609514e1e,2025-10-12T10:16,5,92.45,Cash,Completed
7f1d4c70-e3ae-4763-a995-2aa5d60254c6,e277d099-db2a-4aee-ab86-8b0e73a34383,2024-12-03T10:16,9,158.04,Card,Cancelled
8881eaf4-4b13-4a60-a40a-62ba797dad7d,0a0ac3e5-6e20-4fbc-87ec-5481c70e38bc,2024-05-08T10:16,1,7.42,Cash,Cancelled
45ff6098-0d51-4e0f-9c65-62ca36b19c33,05ccd8a5-ea5f-4353-bd1e-3022152b0685,2025-04-23T10:16,1,23.83,Cash,Cancelled
cb8455a6-ae27-49b9-96ff-1e087949c63c,e886c155-0dae-4b36-88f5-a86fa474d1f6,2025-06-05T10:16,5,46.70,Cash,Cancelled
bd8e4e58-69e4-44fa-afa7-91f3e03f6bb8,0a0ac3e5-6e20-4fbc-87ec-5481c70e38bc,2025-08-19T10:16,8,194.00,Cash,Completed
b1f20949-fc0c-4a8f-9c8f-fce2b8803fba,3910ab11-8758-4a4f-8a9b-c4f5df7413c4,2024-03-19T10:16,4,73.92,Online,Cancelled
407ff278-73a4-4637-8d02-cfd0da1e6d55,8f7f530b-bb30-4a05-b437-744ed30af54f,2024-07-13T10:16,6,171.12,Online,Pending
157c0e92-ddb3-438f-a3e6-9a8283463eb6,8f7f530b-bb30-4a05-b437-744ed30af54f,2025-10-30T10:16,8,166.08,Card,Completed
44afba35-4170-4253-b6e7-5dbe89f9e8e3,d5cfb1a3-ce2f-4aff-ab4c-50e0c5426af1,2024-10-09T10:16,5,35.05,Online,Completed
8f9ce4b7-5afe-4ef0-8c9c-9b0088558762,21edfc22-3f73-4335-a774-3cf78ab65e86,2024-03-04T10:16,2,28.90,Online,Pending
b108dd73-4176-4c62-9b31-8b83b73efe68,6e6d2c67-f7fb-4a98-8f9a-4822259b25c4,2025-08-20T10:16,3,52.38,Card,Cancelled
58bd6db7-f794-4e97-886d-24f5ee65d0ef,a938df5f-7764-459c-8bfd-90409d16b3c6,2025-03-14T10:16,9,228.69,Card,Cancelled
d1a6ca8a-8ed4-4b04-a08e-b259df2fdfbe,c83bba2f-5229-4998-9566-1f3179b13e8a,2024-05-13T10:16,2,24.12,Online,Cancelled
a0ae4bd3-f791-460b-bc4b-62b6fdb74aef,9305d562-2505-493d-8ed8-3fb721c8f491,2024-11-16T10:16,6,179.88,Card,Completed
b2a6d733-0376-4461-a126-5d6c63a1f4d9,6e551d53-4f6d-4b84-a9de-3d7c79694805,2024-02-27T10:16,4,91.32,Online,Completed
b97bb9b6-7f40-4419-b063-402b4496bcc1,ff4db0d8-e809-46e8-9ae0-78ffee4902d9,2025-02-27T10:16,8,122.56,Online,Pending
56914131-27dd-4617-a348-187beaa4999e,d7af10ce-45c9-4fc8-8dd8-b1c5491aad5f,2023-12-30T10:16,9,185.85,Online,Pending
49e438f5-21d5-44f4-9267-0fb934dbebe3,98b17fed-218c-4f20-8410-9f0edfc74455,2025-09-23T10:16,4,43.08,Online,Completed
5781bf85-0b55-4293-8e54-f88efc4f4688,ada8704c-2784-4d70-84da-10078407d2c8,2024-09-16T10:16,8,63.68,Online,Completed
2b98af8e-b42f-4cc3-aa78-f1af3e36646f,2c6dafc9-06cc-4b3d-8b8d-12aae0644c58,2025-03-21T10:16,7,75.74,Online,Cancelled
71382964-0e79-481a-81a9-2a3c408950b8,8887df7e-682b-4d48-b18c-c1ddfa0aaa26,2025-09-27T10:16,8,123.28,Card,Completed
3b853164-533c-4fff-8a72-1fdb0b6d118c,b04ce307-2d1f-4214-b023-d8f4379041a1,2025-09-01T10:16,7,69.58,Online,Pending
5599a330-49a2-4fa9-b7d8-4386bbc25e5c,103fcba5-5588-45a5-9fe0-6ac948d3860e,2024-09-19T10:16,6,101.70,Online,Pending
153af1f4-70ab-40f8-bec0-d721bc0b6c0d,68169a66-a8d4-4763-914e-7befc826445b,2025-05-21T10:16,2,34.06,Online,Pending
a45a0d40-a701-43c8-ad70-5b1dbcc8daf0,00d7ae70-0f46-4453-963c-4ab2a3d29314,2025-09-08T10:16,8,114.08,Card,Completed
97f5d990-dd8d-47a1-b2ba-34f4d9c93b9e,8887df7e-682b-4d48-b18c-c1ddfa0aaa26,2024-06-24T10:16,8,156.96,Cash,Cancelled
8a6a22b2-e780-4d93-bef4-59dc52dc007c,365c90d0-a590-4209-9401-2ce55af5ed98,2025-05-21T10:16,7,161.63,Card,Pending
a4906525-8aed-4786-b65a-2ee8cfb4e282,89d26a00-0fde-4c03-8430-b06f6bc3f33a,2024-01-06T10:16,7,47.53,Online,Cancelled
eba09fd4-ed9d-4535-ba4a-0b56cc686283,c5817fdc-a4dc-4879-b957-30cfda62016b,2024-11-19T10:16,1,13.15,Online,Completed
77fde0cd-3034-41f2-bb7b-bbc472a0a514,ceafdb2a-788d-48e0-acdd-bd533a2e7ab6,2024-05-18T10:16,1,20.07,Cash,Pending
8ee5c4dd-befa-489c-b36e-709aff0e355e,c1a09d60-c9e8-4489-a68e-e01b51541d33,2025-07-26T10:16,8,53.36,Card,Pending
60a9422c-64ca-4a93-97a9-122c2e40614d,d7af10ce-45c9-4fc8-8dd8-b1c5491aad5f,2025-06-22T10:16,2,26.94,Online,Completed
100842bb-b5e3-46ef-9630-5b49168e4af2,a302a1a8-c429-406f-abff-9f273aa0a4b5,2025-06-01T10:16,8,224.88,Card,Cancelled
07ee2cc9-26b4-40e9-9ae9-9dcaa950126a,b04ce307-2d1f-4214-b023-d8f4379041a1,2024-09-13T10:16,9,161.55,Card,Cancelled
620e3581-00a1-48cd-99cf-c5555b747e21,9fa382f0-8393-48db-ad30-43c953282401,2025-01-02T10:16,9,161.73,Online,Pending
3a3cef90-f449-4878-ac7f-dfab10ed0cfd,bc58b12c-65c4-4f21-89ef-3e492a22ef7c,2025-04-11T10:16,7,100.66,Online,Completed
676c173b-6656-42ab-9d4f-9e6b4d9174a0,d87f31d7-79ef-4c17-856e-142e791b04da,2024-10-12T10:16,4,90.44,Online,Pending
a8a74cb9-4239-4fa1-bdc0-8675b2eaecd1,9305d562-2505-493d-8ed8-3fb721c8f491,2025-05-16T10:16,2,36.62,Card,Pending
ef1b448f-097b-4ae5-a884-a620eeb7a0d8,7509850a-5062-4da9-aad6-bc5b9e363ef1,2023-11-26T10:16,5,125.00,Card,Completed
90e5c7db-9d9f-41f9-92bd-9968e3576861,74e76582-f1b8-4560-b049-8aebb59d4721,2025-11-01T10:16,1,7.83,Cash,Completed
30861a7b-63b7-47cf-bf05-4d3601777e0d,f90cf3ca-e2d0-4129-bc7a-e8a2b80880da,2025-06-09T10:16,5,116.95,Online,Cancelled
4f2d1b3e-46dc-421a-9cc9-f9c445bc09a8,c63bd277-c81c-40c5-8720-6ce916d653c4,2024-12-20T10:16,4,100.40,Card,Cancelled
9afa3d3c-e729-4982-b903-9523bf14c356,941529ef-2114-4bff-907a-4596ff4593a1,2025-10-26T10:16,6,132.48,Card,Pending
b48be072-8495-43d4-8b48-2f69b94cfff1,5d6f84a5-a4de-442e-99b9-b8ef714b4436,2023-11-16T10:16,1,5.07,Card,Pending
c5b3fcbb-5351-4033-a534-eb2feb8f2188,e7991221-0de0-4ef8-aa9c-ca3b59197059,2024-11-05T10:16,7,128.94,Online,Pending
bc2ab37b-3758-476b-9d6b-fdba1d27497c,b047b369-02d0-4f25-9af0-f1e883228863,2025-02-19T10:16,1,17.96,Cash,Cancelled
1e043750-146e-4045-9593-f4659a6d2f7c,52c87fd9-fdf0-4256-b929-6153ad24a0ac,2024-08-20T10:16,8,48.48,Online,Pending
d8c78f5b-75af-4c24-b5fe-b999a04f4f49,1407e9cf-22c9-4137-a2fe-cc12dc038235,2024-09-21T10:16,1,15.70,Card,Pending
d1fb75d1-d855-4e47-a895-b1b451e78f66,3dcaabe3-78c9-4d88-bed5-56ca7ceea07c,2025-08-25T10:16,3,82.41,Cash,Completed
3adfd9d7-3d7c-4816-b912-4d8385b32d0a,90f0db1e-2b19-43f7-ba17-233c7c214eca,2025-02-07T10:16,6,128.88,Online,Pending
b7138707-e962-4206-87d1-18c7efe3406c,8b546c63-5406-493d-bc69-cfb594b38267,2024-06-12T10:16,5,78.05,Online,Pending
8fabc959-9e99-498f-8772-9a98063dd3c9,ef7fad1f-a86f-4ee1-95b4-ce1f339f0fa5,2023-12-25T10:16,9,199.17,Card,Cancelled
3abd3e70-6047-4e81-a143-62b7138faa9e,21edfc22-3f73-4335-a774-3cf78ab65e86,2024-07-30T10:16,7,83.09,Online,Cancelled
8b9912c6-e202-48d6-850e-b44926b9d6af,6e6d2c67-f7fb-4a98-8f9a-4822259b25c4,2025-10-31T10:16,5,108.85,Cash,Pending
56bf6f54-f3e1-4c3c-a306-2c3c4e1f6300,05ccd8a5-ea5f-4353-bd1e-3022152b0685,2025-03-25T10:16,6,146.52,Cash,Completed
223040b6-71bc-43fc-afb9-cc9ac5fe0788,1233cc27-7567-48e0-8dd2-6b0019506c2f,2024-08-04T10:16,5,102.20,Card,Cancelled
d9805df2-c436-425f-a0df-1183c7baf496,8250871a-2b35-424e-a1a1-4eb4faffabfb,2024-05-24T10:16,6,74.40,Cash,Pending
40ff71a9-f01c-40aa-9a9a-6af3ddb7afc6,c46351bf-193f-49af-a5d6-456188837c3d,2024-08-01T10:16,2,51.26,Card,Pending
6c8da5e9-50e0-4958-bfaa-6dfa54fe8ad5,ec3490d2-e8da-47ee-ae12-0ca0b1d7a2bb,2024-12-08T10:16,9,225.72,Cash,Completed
09383105-23d4-425b-b698-6d77741e9aea,b6c26110-1b77-4777-8c79-c69ec19b66df,2025-04-30T10:16,3,62.79,Cash,Cancelled
a2423249-11d5-4685-bda0-ac0f15ec7222,71f17b36-2c37-4cfa-bf8a-894fa94c0e9b,2025-02-20T10:16,4,66.48,Cash,Completed
25cfa3de-5315-428c-a0a0-cbf89fe11d2f,02c65c06-56ad-4670-b8e2-10ab417c7154,2024-09-11T10:16,3,28.89,Online,Cancelled
a7ddbcb5-edee-4b54-a817-33b8d14169d5,c0d74d86-5c5b-481d-b8e3-61eeb9c77255,2024-08-19T10:16,1,12.32,Online,Cancelled
e5793be1-5f72-4fef-b270-3bd90578d7ec,c3ffc43c-0c11-40fa-9824-f234161741d0,2025-08-04T10:16,3,56.37,Card,Completed
9eb7f424-d045-4a97-ab92-44a5d403c955,74e76582-f1b8-4560-b049-8aebb59d4721,2024-07-05T10:16,8,80.88,Cash,Completed
08b74b9a-4645-4d2c-b7d9-c928ec5a3a08,bc58b12c-65c4-4f21-89ef-3e492a22ef7c,2025-10-18T10:16,9,175.95,Cash,Cancelled
341553bb-cc85-4b0b-923e-8f009b4488dd,93cdeef1-3fc3-4a63-a275-0ae87ae6b335,2025-01-04T10:16,9,64.53,Online,Completed
4b46405c-146b-42f4-bd61-d4e7ac20653e,b0d737cd-ec4b-4a88-aa81-d012ef3fb719,2025-03-08T10:16,9,63.63,Online,Cancelled
1cdea20e-a1da-451c-a6a6-1741c001d0d9,bfa3444b-2be9-46be-b944-720d86a59770,2025-02-18T10:16,3,73.02,Online,Cancelled
c84ce66a-9fdf-4568-9904-b48e84075e7d,f3826f04-0dfa-4266-8002-58fede0093f5,2024-06-21T10:16,4,81.00,Cash,Pending
05e9b7e4-126b-4d22-9e0d-4b121380cb93,52f5634d-de98-4543-8a1e-cbf1e2d0242f,2023-12-08T10:16,5,44.70,Online,Completed
6d5bedb1-453a-4d62-b71a-a68f28a95501,4e44f26d-5455-405b-8fdb-63ab8b739ecf,2025-01-26T10:16,2,29.44,Online,Completed
5e916bda-838b-44b1-a121-99f4bf69b6e7,e12c3d24-86c8-474f-b86b-370df36adbfe,2023-12-26T10:16,7,120.96,Cash,Cancelled
20dbe2f9-65cb-403f-b533-cf7b552b1fdf,3dcaabe3-78c9-4d88-bed5-56ca7ceea07c,2025-02-22T10:16,3,89.94,Cash,Completed
99827ef3-5b96-4767-88bd-5186e53505a3,bfa3444b-2be9-46be-b944-720d86a59770,2025-05-04T10:16,8,158.80,Online,Cancelled
85f400d2-878c-4b35-a6f2-1f1d4b168057,b3688304-b24b-416a-9bf4-c2b6aaeb59d3,2025-09-13T10:16,6,173.88,Online,Pending
52659cf4-8dd5-43cc-be45-8aa1dd0bfac9,bb9edfa8-17f7-4f6f-8e3b-616693a298b1,2025-02-11T10:16,1,21.73,Card,Completed
21765768-55e7-4537-8630-c528810b286c,bb9edfa8-17f7-4f6f-8e3b-616693a298b1,2024-08-18T10:16,1,21.47,Online,Completed
9ca344af-16d1-4f6f-844e-fab57d40c142,ceafdb2a-788d-48e0-acdd-bd533a2e7ab6,2025-02-27T10:16,4,48.32,Online,Pending
2c4841db-16f9-4681-ba30-ce33899cf9b1,f067e21d-d1d4-4e87-9cae-9753f5f9ccb6,2025-10-28T10:16,3,59.28,Card,Completed
5214de85-8d5e-4080-8974-ae3660c9e798,ebbc7df0-770d-44f8-b0ff-c62f9006e40e,2024-06-27T10:16,3,40.92,Card,Pending
904a2a2e-c78a-4650-a532-18742282b6da,e85d0261-2d97-4475-a749-363ec9040a74,2024-05-09T10:16,1,20.89,Cash,Pending
ad786c8c-ed95-4478-a57d-15876ad81403,fe624323-ba72-456d-9842-ed9e0edc75df,2025-02-03T10:16,7,95.41,Card,Cancelled
824995df-66e8-403a-ba7c-1cca53bdb4ff,4717d2a3-4b2a-44f1-b960-a2b73e2d23fd,2024-05-22T10:16,3,48.42,Card,Pending
c00ed085-1b4c-4eb4-807a-9ac0c0db1b52,00d7ae70-0f46-4453-963c-4ab2a3d29314,2025-01-22T10:16,2,40.94,Online,Cancelled
8afa2a5c-0eff-4680-b71c-f54bf852a578,ebe19120-496a-47fa-87eb-2440212a3363,2025-03-29T10:16,2,23.58,Cash,Cancelled
c185e376-d999-4bc0-8dcc-0de7466ad656,60cd80b6-3967-4dae-b4df-adc7b5644971,2024-04-08T10:16,4,34.72,Cash,Pending
cdc65ea8-95b1-4708-8184-2766408c7e14,27e45431-1333-4ffd-a0c8-be56ffdc5d4e,2024-01-16T10:16,8,142.40,Cash,Completed
3b6e7052-4fdd-4f86-b97b-6ca5864ecdc0,515fe1d2-d33a-4b9d-8c19-07e0cbe81a9a,2024-03-28T10:16,9,86.67,Online,Completed
9d52ff2f-255f-43dc-876d-d3fab7005297,0a15d43b-8f6b-444a-bef2-ffbddfdbd16f,2025-06-12T10:16,2,11.78,Card,Pending
e74ac0fd-8bc2-4fda-a1ef-282c12bc2470,000f9c8f-2fc7-4346-844d-c04f10751265,2024-07-10T10:16,1,10.85,Card,Completed
3e16bcd2-9304-44bc-9183-a8c510cd11ed,8b115a34-224b-453c-be69-b53a7445b466,2024-11-14T10:16,1,24.96,Cash,Cancelled
2d4ed5c1-4a90-41e4-8410-259e4d51b2c2,2a109685-1399-4149-8951-fba29bb0360d,2024-11-21T10:16,6,129.36,Cash,Pending
c034047b-e3aa-466e-a471-aaa3fb50afd1,3910ab11-8758-4a4f-8a9b-c4f5df7413c4,2023-12-25T10:16,2,21.18,Online,Completed
5dd94403-b340-4425-9df8-64fddcc15349,ec3490d2-e8da-47ee-ae12-0ca0b1d7a2bb,2024-10-21T10:16,2,13.88,Online,Completed
f5372107-f28e-462b-85df-630b97405cb4,401a6911-a31e-4892-adc1-56e3e1eb090a,2024-11-22T10:16,1,26.25,Card,Pending
df656387-8e4c-41f2-9a71-12f4044298ce,cb8747c7-32ca-4b6b-868d-13ab01d953ec,2024-03-18T10:16,4,108.40,Online,Completed
c9ff7f35-8447-4429-9b74-46534d09ea33,8250871a-2b35-424e-a1a1-4eb4faffabfb,2025-10-13T10:16,1,23.24,Online,Completed
1890f488-79cf-4090-8446-59ba97ebe95c,14eace30-1ac2-411e-8eef-98e8f32a87fb,2024-08-02T10:16,7,200.97,Cash,Cancelled
a3f55d35-5723-44a0-9c26-5307b9aa5bd9,3e97fc93-73a7-45e0-9888-f7a03ee258a7,2024-06-18T10:16,3,37.26,Cash,Cancelled
c6a574a1-aa8d-4d3f-bc64-7b770c4441ee,6945f6f4-b8f9-4d04-90ff-e59ed705578e,2024-11-01T10:16,8,143.84,Online,Completed
683aeadb-d7c2-47c6-9ec0-91f16d06f2ad,9b9edd1e-b4f7-414c-b8b5-a3dc51fa0a8c,2024-03-08T10:16,5,142.00,Online,Completed
9c4742c1-4258-492e-a352-ae71368394dc,d5cfb1a3-ce2f-4aff-ab4c-50e0c5426af1,2024-03-20T10:16,4,113.32,Cash,Pending
db0d365c-22fc-424c-950f-7333b5dfe9c5,e6cb1215-5314-4d05-bfd1-f6e5d36e89f7,2025-03-13T10:16,5,41.15,Card,Completed
2a9c03b0-9f78-4f13-b2bf-9048be8f1d40,2c6dafc9-06cc-4b3d-8b8d-12aae0644c58,2025-02-16T10:16,8,207.36,Cash,Completed
577c0d2a-9135-4fcc-93b3-ddbe956bf153,73a2b03c-2dca-486e-8ebc-c4d6bb68a8c6,2025-04-02T10:16,1,5.10,Cash,Pending
b5e80374-afd5-45ac-90b6-0e2117579430,6945f6f4-b8f9-4d04-90ff-e59ed705578e,2024-03-29T10:16,3,51.96,Online,Pending
1d69d10c-552b-41d8-8fba-58d878c7d316,f3826f04-0dfa-4266-8002-58fede0093f5,2025-03-19T10:16,6,162.00,Card,Cancelled
afdf2bfb-44cb-4a80-bc97-ba9f73a7f332,05ccd8a5-ea5f-4353-bd1e-3022152b0685,2024-09-27T10:16,8,52.48,Online,Cancelled
16607176-92ab-4e03-ae8e-c3ec9b3df648,935ebde1-5945-4673-886e-1a7a12cc2d4e,2024-02-12T10:16,3,29.04,Online,Cancelled
f960145d-c80b-4cf2-9606-e9458e26620e,d33bbfcd-a2ca-4e80-8a1c-65223f061e7e,2024-07-28T10:16,1,18.69,Online,Completed
8ffbfcf7-20b1-4571-9996-6dfbb6b6338d,795088d7-d227-422e-ad8c-f048bde0675e,2025-06-22T10:16,3,39.75,Cash,Pending
cf7db6b4-5f1d-4e41-9de3-f90318411367,8b546c63-5406-493d-bc69-cfb594b38267,2024-09-18T10:16,4,78.60,Card,Completed
3363006e-751e-45f9-adaa-bca9070e95b2,e38afcd9-9e08-47ba-bc92-5ebb4bc271eb,2024-09-14T10:16,4,70.72,Online,Pending
15d0c6e3-4250-43eb-8fe9-dda052146ce0,1233cc27-7567-48e0-8dd2-6b0019506c2f,2023-11-13T10:16,6,156.18,Card,Cancelled
7f0989b5-91d4-431c-a1b0-82f4f49da234,52f5634d-de98-4543-8a1e-cbf1e2d0242f,2025-10-25T10:16,2,25.34,Cash,Cancelled
9fd27eee-7e42-4ade-98a7-1dc65ad2e227,11526850-7335-463f-b740-a52a90457c3b,2024-11-15T10:16,3,88.50,Online,Pending
258fc19d-992a-46ce-a82c-973a017c3c0d,205ea7f7-e714-45b8-a083-11247ff702a1,2025-08-25T10:16,7,71.26,Card,Completed
70017640-e19d-44b7-9f8e-475ae104a24d,3befa4dc-d961-4a3a-9410-d43d1bdaa335,2025-07-10T10:16,4,112.52,Cash,Completed
896f9f00-5d9f-49e9-b483-78ee24eefe16,b95f7619-fab2-4df9-8683-1f2aeb93a660,2024-11-26T10:16,4,79.20,Cash,Cancelled
73901ee2-37e7-4a2b-98c4-7398609b7fc5,b90a3a7f-421e-47e5-8598-fe50f365a62e,2024-03-30T10:16,2,49.22,Cash,Pending
02926194-e078-442f-8bf4-a3604ad98b55,7c991f43-c18b-4404-8826-97691b0dc00c,2024-09-30T10:16,1,24.08,Online,Completed
3551ac6a-4ab8-4190-94bf-7e0cb56e3cc7,fbe227d7-6d32-4407-9783-7fdac983e55f,2024-12-06T10:16,9,58.32,Online,Cancelled
73e6692c-dcf2-4e95-abd1-9b00dd50917e,0e0d5f13-edd5-4ab0-9ddd-3df111bedc5a,2023-12-02T10:16,8,119.92,Card,Pending
8c8bbf2b-025a-4224-b4df-c43bcd11bb99,d33bbfcd-a2ca-4e80-8a1c-65223f061e7e,2025-08-14T10:16,3,76.44,Card,Cancelled
ba5b01cf-b214-4d85-b211-ddb5aa3b9e44,aac35608-9499-49c5-811a-a059e773c968,2025-09-29T10:16,7,55.93,Card,Pending
42e31748-fc99-40eb-bb0a-c76017ae451e,cb8747c7-32ca-4b6b-868d-13ab01d953ec,2025-01-05T10:16,2,29.60,Card,Cancelled
3cae8eb1-e865-47f8-8de2-909125095756,4e44f26d-5455-405b-8fdb-63ab8b739ecf,2025-07-20T10:16,4,97.76,Cash,Cancelled
47486f97-271b-42b3-aa05-62a6d16af070,89d26a00-0fde-4c03-8430-b06f6bc3f33a,2025-01-14T10:16,2,18.36,Cash,Completed
bdacaca8-7b3c-48b9-b550-00714bb75c19,ebe19120-496a-47fa-87eb-2440212a3363,2025-01-11T10:16,4,109.00,Card,Cancelled
15f372c1-3f7e-4eca-abd5-8cf690fd61c9,e119f98a-df63-41dc-8e01-bb49ca2dc724,2024-07-06T10:16,8,63.68,Card,Cancelled
78efc841-259f-49b5-bed5-ffccf9117d4c,5400d214-6176-40bf-88d2-3f53ed38bf69,2025-10-02T10:16,7,52.64,Card,Pending
5ab0e8d5-4be1-4f9a-9e19-fa1a8e95db4b,c9dcc28a-ae5f-477c-ae7e-72d94129f449,2025-07-05T10:16,4,47.12,Cash,Pending
9a781f97-95ce-42d0-9b69-c2a88d95cb59,05ccd8a5-ea5f-4353-bd1e-3022152b0685,2024-02-25T10:16,9,251.19,Card,Completed
9197db55-2b9d-46f8-a02c-3fdfca5eb609,80537cf2-360f-4740-8b7e-d4cd56e22987,2024-02-04T10:16,7,159.95,Cash,Pending
04388fec-4030-46e2-8dde-e7798c6c6582,500fde18-ea61-4380-9ea4-f06d09985870,2025-02-28T10:16,5,83.15,Cash,Pending
65897779-ac61-435a-953a-092155c52e37,77ca464a-fe0d-4dcc-8f08-3eb2f7b64f76,2024-08-14T10:16,2,56.86,Cash,Cancelled
b70a86e0-47a5-41a7-a3e2-710a970f8ecc,885715b6-b1eb-44ca-8460-28c0343e56f3,2024-04-18T10:16,7,82.53,Cash,Pending
f8cb647c-d4cf-406b-952b-59c0565c6bf1,ebbc7df0-770d-44f8-b0ff-c62f9006e40e,2024-01-27T10:16,7,140.56,Cash,Pending
c271fa31-375c-4ccf-96a8-592ddd85159e,b90a3a7f-421e-47e5-8598-fe50f365a62e,2024-11-27T10:16,6,142.98,Online,Cancelled
49f34c17-d34c-41fb-ae15-0fc966b7a719,0b2a0e9a-e050-4380-b607-57adcbbf59d4,2024-12-07T10:16,6,121.86,Online,Pending
f3d3f474-42c6-458d-9163-e056f38fbec6,52fbb114-83aa-432d-b2f1-f3e37a5c4754,2025-05-03T10:16,8,55.76,Cash,Completed
df4a1b9a-4f02-4055-845e-59ba63d4c6b1,c46351bf-193f-49af-a5d6-456188837c3d,2025-11-06T10:16,2,40.16,Cash,Pending
16a91812-906f-4341-9115-2a0fa157dd77,103fcba5-5588-45a5-9fe0-6ac948d3860e,2024-08-23T10:16,8,182.88,Cash,Pending
785ad665-e018-485f-82d6-a1fff2d958ef,7a2e5fa5-096b-4701-8ce6-7a3db39bf8eb,2025-09-11T10:16,8,152.96,Cash,Cancelled
970e164c-3895-4147-adda-5cb28296fb51,d6d4ef4b-0870-48aa-b884-013237f255f4,2025-06-28T10:16,9,177.30,Online,Cancelled
840d5b51-7da4-4cfe-ad22-aa6d6e86e0d2,bc58b12c-65c4-4f21-89ef-3e492a22ef7c,2025-05-15T10:16,7,138.32,Online,Cancelled
b22ecb4c-7206-4afc-8500-38a7446bba97,401a6911-a31e-4892-adc1-56e3e1eb090a,2024-06-03T10:16,2,16.18,Card,Pending
806476c4-30ac-4a57-8b80-277db2451a68,39cb44e2-a541-4b98-bc0b-db5f31cf8710,2025-07-12T10:16,1,19.84,Online,Pending
5f211aba-9723-4838-97fb-55ea8cfa9e90,89d26a00-0fde-4c03-8430-b06f6bc3f33a,2025-09-30T10:16,8,161.60,Online,Pending
19522066-67e2-4132-8a74-d9234dc37816,2a109685-1399-4149-8951-fba29bb0360d,2024-01-15T10:16,1,5.43,Online,Cancelled
7f9d1ad3-5576-45b3-bc4e-8d891b52af35,62a2bfef-ca4a-4dec-90ea-bf15ea1880d2,2025-03-30T10:16,2,44.08,Card,Completed
a5ba6cc0-ce85-461b-a214-184611bc619b,3dcaabe3-78c9-4d88-bed5-56ca7ceea07c,2025-01-24T10:16,6,92.10,Online,Pending
7cbd071b-4a5c-4985-a4f7-434ba3a7a58b,7a18d550-38d0-40b2-84a7-547162e7e409,2024-07-31T10:16,2,35.26,Online,Cancelled
d422e883-5194-4573-bcd5-7d147c8a047d,f0a6a958-e434-41bf-a830-dffa55a34db5,2024-07-27T10:16,4,34.80,Card,Completed
1bebf04f-e41f-48ee-82b4-df77ef218d75,39cb44e2-a541-4b98-bc0b-db5f31cf8710,2025-04-19T10:16,4,48.56,Online,Cancelled
a41432c5-872a-443e-b8e6-8d3af8056aba,b6c26110-1b77-4777-8c79-c69ec19b66df,2024-12-25T10:16,3,73.38,Online,Cancelled
cf71f47b-2373-4225-8831-c514796033f8,c63bd277-c81c-40c5-8720-6ce916d653c4,2025-02-26T10:16,2,39.52,Online,Pending
ca164164-8e30-4cc9-8797-ab8a6faaab29,1d32c3b3-c732-4995-aa6b-ff159deb3bdf,2025-03-18T10:16,4,46.76,Cash,Pending
0f842892-96d0-4d13-8fc6-7a76296f6073,e38afcd9-9e08-47ba-bc92-5ebb4bc271eb,2024-07-12T10:16,4,106.16,Cash,Pending
d3c04da9-a073-49cc-a35f-0aa8910f84f6,77ca464a-fe0d-4dcc-8f08-3eb2f7b64f76,2025-03-03T10:16,1,27.31,Online,Completed
cb2740cc-379c-4d3d-966e-5301fb0ed224,11526850-7335-463f-b740-a52a90457c3b,2024-12-29T10:16,6,92.04,Online,Completed
156b8a99-e138-4f6e-aed8-a1deac4978d2,365c90d0-a590-4209-9401-2ce55af5ed98,2025-08-17T10:16,1,9.09,Card,Completed
3f699051-2932-4526-8c16-1b72e7371859,60cd80b6-3967-4dae-b4df-adc7b5644971,2024-10-02T10:16,6,113.22,Online,Pending
190eb8a1-6572-4f07-be18-6d64eb6c1c6b,53db1213-7316-47bb-9099-c1def0e3c96b,2025-02-11T10:16,9,139.86,Online,Cancelled
5d038285-e5c9-48d3-a4da-b6415958abe1,6117b6f0-c4f4-4bf1-9eeb-f33950decba8,2023-11-21T10:16,4,72.24,Card,Cancelled
ca0508a0-eb88-4e9e-8fdc-139db8334782,d5cfb1a3-ce2f-4aff-ab4c-50e0c5426af1,2025-07-25T10:16,7,55.51,Cash,Cancelled
5aa06254-0d17-4cd5-ba1e-2fda657a7593,cf65c4b6-4c1c-420b-95de-23e5b56ffad5,2025-01-09T10:16,4,61.24,Card,Cancelled
24b23a0f-6c14-4dee-ac59-7abce73ca6f5,6e551d53-4f6d-4b84-a9de-3d7c79694805,2024-12-21T10:16,2,56.14,Card,Completed
edf7c4fa-f3ea-4a34-bbd3-342b91305551,0a5bd884-b432-4ce5-b14e-44b4aedd4c0f,2024-04-25T10:16,8,227.84,Cash,Completed
c24f3d46-d947-41db-ab5f-51ea4b4230a0,964d337f-acd5-4ca2-8843-9be3f2eb60fc,2024-02-27T10:16,8,154.00,Card,Completed
cfcec3d7-4005-4071-994e-087030d7499d,bb6ceda0-3f7a-4dfa-9862-41a88dd468b2,2025-10-23T10:16,4,38.12,Card,Pending
030a502c-107c-409a-a5fb-51b6542cc96e,bb6bf39c-f455-4e08-a59e-1bdaaa91d4aa,2025-03-15T10:16,5,71.55,Cash,Completed
50b75235-b7b6-408a-9147-6e6f3cbf7299,e886c155-0dae-4b36-88f5-a86fa474d1f6,2024-01-28T10:16,9,137.97,Cash,Cancelled
4ba3557a-47cf-494b-9875-1e5e6f345322,69446e90-4237-4410-ab55-e011eb04cce0,2024-07-05T10:16,3,77.79,Card,Cancelled
8f65ebd6-e44c-4646-a9d2-7bb406907c87,bb9edfa8-17f7-4f6f-8e3b-616693a298b1,2024-08-18T10:16,3,64.23,Cash,Pending
1788f6b6-0b17-4798-8ff8-07eb6f520042,7c991f43-c18b-4404-8826-97691b0dc00c,2024-03-31T10:16,9,158.58,Cash,Pending
066768f4-6beb-4ddf-8434-da2fd4fa4c37,bf0de251-90d7-423c-8b31-48df1a89964f,2024-07-18T10:16,2,34.26,Online,Pending
afaab577-abe6-4a1a-9909-5453c8e0a5a9,1a31c678-d420-495a-aff3-0f1609514e1e,2024-04-19T10:16,1,17.04,Online,Completed
b526de97-6e5a-4cdd-89c3-ca4e8ec00192,ec3490d2-e8da-47ee-ae12-0ca0b1d7a2bb,2024-12-30T10:16,2,36.06,Online,Pending
558e4cc6-52a2-4188-9378-89a48903e6cd,0130fcd4-a6cf-4a72-8400-7bcae1abce34,2024-09-28T10:16,7,78.47,Cash,Cancelled
f41f3162-a7d4-4ac9-b44a-ba386f2a9863,8e1bbe6c-7b75-46dc-8ca1-0b1664cd6ae4,2024-09-27T10:16,2,20.70,Cash,Completed
ad679928-4de7-4f31-94c2-fa9ea5488e25,1233cc27-7567-48e0-8dd2-6b0019506c2f,2024-12-11T10:16,7,133.49,Cash,Pending
4714742c-6aa3-4aef-8024-e09b06d76f17,3dcaabe3-78c9-4d88-bed5-56ca7ceea07c,2024-01-04T10:16,7,115.78,Card,Pending
c2c72d29-7e38-4a43-acbd-c421992441ce,cf65c4b6-4c1c-420b-95de-23e5b56ffad5,2025-09-15T10:16,2,56.32,Online,Completed
cfaf5443-6f48-4b8e-a053-e5741f8380dc,b04ce307-2d1f-4214-b023-d8f4379041a1,2023-12-01T10:16,7,177.24,Card,Completed
6fa7e399-beb4-42cc-af0a-2eb25e848ae5,885715b6-b1eb-44ca-8460-28c0343e56f3,2025-11-04T10:16,1,12.69,Card,Cancelled
e0bb9e3a-d96c-4a77-9f80-ff67a03926f6,9c53f3f8-5b22-4d77-bd76-cfa6c70e443c,2025-07-05T10:16,8,214.48,Online,Cancelled
447d28cb-8125-4686-8856-ee55d7889f42,06e585f0-5b60-4900-81d1-3379328e6c17,2024-01-10T10:16,9,95.40,Card,Pending
2702e61e-f911-49ac-8f27-49b4f2e5ff24,c5817fdc-a4dc-4879-b957-30cfda62016b,2024-08-26T10:16,7,99.05,Online,Cancelled
9a77e2e5-9079-4c03-82e6-87f79b3480c0,ba5d9947-b043-4aca-8ee0-6b77895cf8e8,2024-08-02T10:16,9,102.69,Card,Cancelled
2e6db089-5000-40d1-b69a-c25928d7ad78,8250871a-2b35-424e-a1a1-4eb4faffabfb,2025-06-22T10:16,1,24.71,Online,Completed
b8e7c1ed-0c71-451b-8b87-e3f2868a6e8f,c46351bf-193f-49af-a5d6-456188837c3d,2024-07-31T10:16,4,103.76,Online,Pending
c8191500-a6d5-47c6-864d-aca5e7beff19,90f0db1e-2b19-43f7-ba17-233c7c214eca,2024-09-07T10:16,8,173.68,Card,Pending
58b47958-3497-4268-a2b1-1e442d10ad6a,0b2a0e9a-e050-4380-b607-57adcbbf59d4,2025-05-31T10:16,3,54.87,Cash,Cancelled
0a459115-0452-4d0a-95d8-e5ddeb601bfb,6945f6f4-b8f9-4d04-90ff-e59ed705578e,2024-09-03T10:16,9,67.50,Online,Pending
546591c6-912c-4343-b191-c4fb21701086,0472ca7f-b133-4710-8f43-24a3c6c1afd1,2025-07-06T10:16,3,31.74,Card,Completed
882be04d-db1e-4912-8f5c-b85698897a8b,60cd80b6-3967-4dae-b4df-adc7b5644971,2024-08-17T10:16,5,52.15,Cash,Pending
0afb8b11-257d-4045-8447-46394ba2c976,b04ce307-2d1f-4214-b023-d8f4379041a1,2023-11-30T10:16,1,8.35,Cash,Pending
4a5d28c7-d378-45b1-9ce7-164170826511,bb6bf39c-f455-4e08-a59e-1bdaaa91d4aa,2024-06-04T10:16,2,21.86,Cash,Pending
fe5369ab-dd5e-4713-a406-e52b1127d227,8626238e-5813-415a-9a8c-db944b1e0269,2024-05-07T10:16,5,135.65,Online,Completed
8a8836be-415c-4e15-83e8-b550ae0b2120,6bd388d4-5636-450b-bacd-55bdcb769bab,2024-06-22T10:16,4,83.84,Online,Pending
a696b69e-04e7-4eef-b0e5-59481d92db86,14eace30-1ac2-411e-8eef-98e8f32a87fb,2024-11-06T10:16,6,119.82,Card,Completed
a5d82ec8-73d8-4f70-b1a2-73c279b2ff92,6945f6f4-b8f9-4d04-90ff-e59ed705578e,2025-06-26T10:16,1,19.45,Card,Cancelled
4485b124-a529-414f-bdaa-1120f3e91ef7,4e44f26d-5455-405b-8fdb-63ab8b739ecf,2024-03-24T10:16,7,49.77,Cash,Cancelled
54d8cdce-6f2e-496f-a21f-32533c43e558,09ba4183-1b94-4f8c-bc5f-eca421a88524,2024-03-19T10:16,3,70.86,Online,Pending
69abc99b-c935-4e44-8e33-47d244d23525,ec3490d2-e8da-47ee-ae12-0ca0b1d7a2bb,2025-06-12T10:16,3,58.89,Cash,Pending
82cde910-bf98-4a77-8661-325a5bf2e160,99c406e7-092b-4eeb-bc08-56fc041c253d,2024-06-20T10:16,9,255.87,Cash,Completed
56499309-5a49-4fb6-977e-e459f521ec38,b6c26110-1b77-4777-8c79-c69ec19b66df,2025-08-23T10:16,5,142.35,Online,Completed
5c277b44-3b44-49f6-a705-78a7dbcfdaa0,b3688304-b24b-416a-9bf4-c2b6aaeb59d3,2024-01-15T10:16,4,103.72,Cash,Pending
eac7ef92-1896-4e83-bab6-6b5f2bcf50ef,9305d562-2505-493d-8ed8-3fb721c8f491,2024-02-23T10:16,5,44.45,Card,Completed
0d5638f2-9216-40be-bdfb-08bb136e3232,d5eaf6a7-76cc-48ec-98d9-ba713e2df70f,2024-07-18T10:16,1,26.60,Cash,Pending
e74dd8da-4b4b-4160-a013-789de2a5a45e,1a48aa9a-def3-481d-922a-94300aa97309,2024-02-07T10:16,6,90.48,Card,Pending
cc89df7a-6167-4baa-bd05-37349fe37daf,1233cc27-7567-48e0-8dd2-6b0019506c2f,2024-01-02T10:16,5,76.25,Cash,Completed
867d7de5-e9a8-4433-a60c-9e5a05292512,6aaabc79-3d35-410f-bb96-f86a3930d0ff,2024-05-07T10:16,1,13.52,Cash,Completed
1a3797f3-2921-4ef5-a5a9-12e92aaae733,c1a09d60-c9e8-4489-a68e-e01b51541d33,2024-10-08T10:16,3,61.38,Card,Pending
f8feba20-eb30-4dfd-a332-bea9eb81a830,74e76582-f1b8-4560-b049-8aebb59d4721,2024-08-23T10:16,3,23.97,Online,Cancelled
e5994dfd-5cfd-462f-9ef5-4ddfa4c0e24d,bb6ceda0-3f7a-4dfa-9862-41a88dd468b2,2024-10-16T10:16,9,197.19,Online,Completed
c66d7be6-c317-4a8d-b749-65b729a6c3e2,bb6ceda0-3f7a-4dfa-9862-41a88dd468b2,2025-02-26T10:16,8,204.48,Card,Cancelled
761fc723-593c-40e1-b73b-1e0c26d3212c,d6d4ef4b-0870-48aa-b884-013237f255f4,2024-11-02T10:16,6,157.50,Online,Completed
221563fc-be50-4f94-aa60-f3afd922bda7,6945f6f4-b8f9-4d04-90ff-e59ed705578e,2024-04-25T10:16,9,96.39,Cash,Completed
7a3b03e6-5be7-4fe6-baae-4a59d53dfe9f,e886c155-0dae-4b36-88f5-a86fa474d1f6,2024-11-30T10:16,3,22.98,Card,Completed
7876ed34-7c5e-4071-bf5e-753edd661ac8,983d66ae-c8b0-46b8-8abc-26a1055cf729,2023-11-15T10:16,1,5.05,Cash,Pending
457e4fb5-bad8-4336-bf72-d42b4db4dc71,0a570207-0f70-467f-bbeb-44a0a60a9a25,2023-12-12T10:16,4,35.12,Cash,Completed
cc18eaa9-ec7a-48a3-93ff-cfff943d874a,62a2bfef-ca4a-4dec-90ea-bf15ea1880d2,2024-08-19T10:16,2,52.98,Card,Completed
a677c584-3156-4a95-a7d9-bdc7014b8022,0130fcd4-a6cf-4a72-8400-7bcae1abce34,2024-05-16T10:16,6,149.52,Online,Completed
70efa2d1-0808-413b-8451-65ea0542fa95,6c6a3b10-9747-4dca-a041-4edc22d147b0,2023-12-15T10:16,1,22.00,Cash,Cancelled
9e324bf3-67fc-440c-8dc3-da34e94c927f,74e76582-f1b8-4560-b049-8aebb59d4721,2025-05-05T10:16,9,261.27,Card,Pending
0c625e8e-f558-4381-8842-0d2025dd9fbc,d7af10ce-45c9-4fc8-8dd8-b1c5491aad5f,2023-11-13T10:16,8,160.72,Online,Completed
f1088d18-a8e2-4231-989e-a14bd8265e81,365c90d0-a590-4209-9401-2ce55af5ed98,2025-08-11T10:16,7,205.59,Online,Completed
26af64d6-7559-437b-9b6c-595a569901e6,92da274a-bea2-490a-bb52-196c46fa8487,2025-01-31T10:16,5,145.70,Online,Pending
3353a7f5-f7a3-46d3-9848-91a9ddd3952c,6117b6f0-c4f4-4bf1-9eeb-f33950decba8,2024-02-26T10:16,8,92.96,Card,Pending
a323dac0-23e6-4a40-9b06-9243a8d9b3cf,e6cb1215-5314-4d05-bfd1-f6e5d36e89f7,2024-08-08T10:16,4,28.52,Card,Cancelled
fac53729-9ff2-47d3-98bc-28a5471a713a,f90cf3ca-e2d0-4129-bc7a-e8a2b80880da,2024-06-12T10:16,2,26.66,Cash,Cancelled
1a9c37cd-eac8-47d5-b613-275ef2b5e21d,39cb44e2-a541-4b98-bc0b-db5f31cf8710,2025-06-16T10:16,4,97.00,Online,Completed
e5239238-19fc-424c-9c40-76467db78d1e,7a18d550-38d0-40b2-84a7-547162e7e409,2024-09-30T10:16,2,22.44,Cash,Completed
a6a49762-5cae-4922-96dc-d2bb5da8356d,a938df5f-7764-459c-8bfd-90409d16b3c6,2024-07-14T10:16,3,23.34,Online,Pending
7e10827e-a46f-440f-85b2-3e97b988f8cd,fbe227d7-6d32-4407-9783-7fdac983e55f,2024-08-02T10:16,5,80.75,Cash,Pending
487e0428-b6cf-4591-afb1-1ab18cc5cdd1,5f0f3def-9ff6-4282-ad04-001c4a769966,2024-10-06T10:16,2,26.12,Cash,Cancelled
6e470aba-0eb0-4143-8815-f2a6cce94b46,b047b369-02d0-4f25-9af0-f1e883228863,2025-06-12T10:16,8,149.28,Cash,Cancelled
4028cff6-d3db-4c4a-9100-e32dc06c9c7b,b04ce307-2d1f-4214-b023-d8f4379041a1,2024-02-12T10:16,9,118.53,Online,Completed
ab00f035-15f3-413e-9c4d-bb854fe1539c,bb6bf39c-f455-4e08-a59e-1bdaaa91d4aa,2025-09-03T10:16,3,87.21,Card,Completed
43adaf27-39d5-4732-87ae-6da4fdebf37a,d6d4ef4b-0870-48aa-b884-013237f255f4,2024-07-26T10:16,7,51.87,Card,Pending
1ba1b39b-eafe-4f20-a769-7da8fa8da0ea,46032f36-69bc-465a-9b33-a5d560bfd77a,2025-03-09T10:16,7,205.52,Online,Pending
c1c26b9c-51e8-4502-93ce-3c13de04084c,74e76582-f1b8-4560-b049-8aebb59d4721,2025-03-31T10:16,7,48.30,Card,Completed
4c1abda7-0081-4779-b11d-01a0e49607a3,cf65c4b6-4c1c-420b-95de-23e5b56ffad5,2024-11-03T10:16,9,70.02,Cash,Completed
a7b700dd-138d-4dc9-9f73-cde4a43b7990,52f5634d-de98-4543-8a1e-cbf1e2d0242f,2024-04-12T10:16,1,15.21,Cash,Pending
1974ab24-1cec-42f2-96f8-58c77357db65,b0d737cd-ec4b-4a88-aa81-d012ef3fb719,2024-09-09T10:16,6,58.02,Cash,Pending
31029748-3bf8-42f9-9e5c-49cef65eb7bd,8887df7e-682b-4d48-b18c-c1ddfa0aaa26,2024-07-14T10:16,5,38.40,Card,Pending
808e9aaf-b59a-4d3b-be5b-922c2746884d,4f6ae324-5b6d-47d6-a86d-26ec6fbe1e0e,2024-11-09T10:16,2,45.04,Cash,Completed
7a7f2614-df87-4b02-bfdc-91409fd95f5e,0a5bd884-b432-4ce5-b14e-44b4aedd4c0f,2024-11-06T10:16,4,111.80,Card,Cancelled
ee9a3699-c5eb-4ecc-ab60-5f6de0d7aead,e6e1db85-f8ba-4264-9c9a-520ecda4bc4c,2024-05-31T10:16,2,35.58,Card,Pending
644ca62a-47be-4182-8287-a6b54cf4e227,e7991221-0de0-4ef8-aa9c-ca3b59197059,2025-11-07T10:16,4,113.92,Online,Cancelled
f44cd853-1e2d-4bbe-b2db-79fd9aabc369,cd50913f-8c99-4253-9134-0cf5fe5f300f,2025-07-25T10:16,4,24.60,Online,Pending
80999170-413f-4416-b9c4-33f18dd56831,99c406e7-092b-4eeb-bc08-56fc041c253d,2025-10-16T10:16,8,125.20,Cash,Pending
3827c93d-b3b0-4c74-bdd9-b70f653f5e08,a190f67b-21df-46bc-8164-46bdfa00af85,2024-09-01T10:16,7,80.43,Cash,Completed
89bf5bf9-1016-4daa-b018-424dc641122a,9305d562-2505-493d-8ed8-3fb721c8f491,2024-07-16T10:16,7,97.86,Online,Cancelled
a138d7b3-bf3b-4191-99fa-189b7527af21,6f61ca8e-51a1-48e0-abfa-88326e713e34,2024-07-06T10:16,9,74.07,Cash,Cancelled
280211a1-1cee-4b40-9c32-6e62a0bb96c1,910b1d47-5c37-48b1-8bde-96c60660f1d7,2024-05-19T10:16,6,106.02,Cash,Completed
e3874d55-6b90-4f99-9d0d-4bdd268b9f77,b90a3a7f-421e-47e5-8598-fe50f365a62e,2025-06-03T10:16,9,58.32,Online,Completed
f2692001-b28b-42b5-bd7c-f49a5094cbe4,4717d2a3-4b2a-44f1-b960-a2b73e2d23fd,2023-11-24T10:16,7,122.22,Card,Pending
b34a44ab-6451-4f15-9970-1cf4c0e763b7,7509850a-5062-4da9-aad6-bc5b9e363ef1,2024-05-05T10:16,7,192.92,Online,Completed
8b8e1274-b224-4abc-8443-5411387a0ebe,1d32c3b3-c732-4995-aa6b-ff159deb3bdf,2024-06-14T10:16,2,52.38,Online,Pending
05a10729-eb76-4317-b8dc-c9bd8a4774f8,428424b7-1f94-496a-8b7a-497ce177d32c,2024-10-10T10:16,5,103.65,Cash,Cancelled
4afe58ba-7be4-49ef-95b0-b4dabceb9c91,49af098b-bf79-4643-8e49-739ea932d38b,2024-05-31T10:16,6,159.06,Online,Completed
e4eede9e-1026-49a6-83d8-c93d794f7112,3dcaabe3-78c9-4d88-bed5-56ca7ceea07c,2024-11-11T10:16,9,203.04,Cash,Completed
725b423a-b72a-4646-a593-6031ebcb47ec,caad7924-4bc5-4f85-9662-11ca261e3c87,2025-10-19T10:16,6,34.26,Cash,Cancelled
2f8b8f99-3204-4e80-9c71-2c7ba1ed6311,ebbc7df0-770d-44f8-b0ff-c62f9006e40e,2025-06-28T10:16,8,209.28,Online,Pending
555d807d-50e9-4c3d-b060-142c09e088c2,000f9c8f-2fc7-4346-844d-c04f10751265,2025-10-13T10:16,1,11.45,Online,Pending
061c7623-6747-4488-a80f-1dd35c561d3d,3e97fc93-73a7-45e0-9888-f7a03ee258a7,2024-10-30T10:16,6,108.54,Cash,Pending
69d98718-347a-49d6-ae1d-5d3d21459fd0,67c276b0-7be6-4f3c-bf86-c342095c8112,2025-01-22T10:16,4,41.88,Online,Pending
db6aca22-ec64-46c0-a032-b217c5c54222,7a2e5fa5-096b-4701-8ce6-7a3db39bf8eb,2025-07-17T10:16,4,104.00,Online,Pending
42fb35b6-d479-4ba5-aadf-cf16def4523c,3e97fc93-73a7-45e0-9888-f7a03ee258a7,2024-11-27T10:16,2,47.58,Card,Cancelled
86ee3204-5fed-4197-b06a-ade0db224229,77ca464a-fe0d-4dcc-8f08-3eb2f7b64f76,2024-03-24T10:16,4,111.96,Card,Cancelled
a06372ac-ccfb-48ef-ab34-76729637d0b2,c63bd277-c81c-40c5-8720-6ce916d653c4,2025-08-17T10:16,9,219.33,Card,Cancelled
877b366c-2783-42a5-a4ed-41d2ebee00c8,e85d0261-2d97-4475-a749-363ec9040a74,2024-10-20T10:16,6,45.90,Card,Cancelled
1f7ffde6-8fe1-4f43-a4e9-e21aca80d3b1,bb6bf39c-f455-4e08-a59e-1bdaaa91d4aa,2024-11-26T10:16,1,29.99,Card,Cancelled
5c840e95-da30-41d2-9f41-69bb1863a84f,0fcf4084-ea31-49f8-99f9-9bf8c8b0c16b,2025-10-19T10:16,2,59.48,Cash,Pending
bc6f69be-010b-4066-b1ec-ba26dcb8ce21,f6c35464-33dd-44a7-bf84-071f2e427045,2023-12-18T10:16,7,119.35,Online,Cancelled
b788c9e1-5bc1-4da5-91d9-4f1ec3a23b73,3dcaabe3-78c9-4d88-bed5-56ca7ceea07c,2025-04-16T10:16,3,58.53,Online,Pending
5ce94126-88c7-4c15-b911-dbba65637e19,7169ef0c-f2c8-4ae3-83f6-87691664d2d2,2024-11-24T10:16,5,43.20,Cash,Completed
dd7cb927-a113-4d4b-bf06-d860dc210c52,6117b6f0-c4f4-4bf1-9eeb-f33950decba8,2025-09-03T10:16,1,19.01,Card,Cancelled
78a4489d-0548-4091-9f95-20ced4a18d78,0a5bd884-b432-4ce5-b14e-44b4aedd4c0f,2024-08-16T10:16,3,63.84,Cash,Pending
76257cb3-a2f9-4258-875d-5cd6f712df1e,0130fcd4-a6cf-4a72-8400-7bcae1abce34,2025-10-01T10:16,2,20.56,Online,Pending
2de3af1d-e744-4145-a99e-bf7809b95e12,401a6911-a31e-4892-adc1-56e3e1eb090a,2023-12-21T10:16,2,55.70,Online,Pending
6d99ac05-5537-4981-b6de-6ebe5f5e80a4,bf0de251-90d7-423c-8b31-48df1a89964f,2025-02-11T10:16,3,79.20,Card,Pending
cfa4c3a2-f5e4-4db7-8202-24b2caaf2f94,b3688304-b24b-416a-9bf4-c2b6aaeb59d3,2024-12-05T10:16,3,17.07,Cash,Completed
453fe927-14fc-4770-aef7-938e399e149d,b047b369-02d0-4f25-9af0-f1e883228863,2024-09-16T10:16,5,89.50,Cash,Cancelled
afad646f-77fd-4d21-876c-58434cf868f7,ceafdb2a-788d-48e0-acdd-bd533a2e7ab6,2024-06-12T10:16,6,117.96,Online,Pending
0835d133-3a2e-491d-8d78-336948f50297,02c65c06-56ad-4670-b8e2-10ab417c7154,2025-01-13T10:16,4,96.12,Cash,Completed
058ad0e7-a843-4f0b-870a-cb6e52394378,aac35608-9499-49c5-811a-a059e773c968,2024-03-03T10:16,3,58.62,Card,Pending
950fbd59-4008-489a-9c30-e6ec4a3c7522,10b26c2d-7d56-4175-84a8-a2775e128a9d,2025-10-29T10:16,6,168.06,Cash,Cancelled
51ccdb85-cf9f-48f1-aa18-4efd93394e0d,ebe19120-496a-47fa-87eb-2440212a3363,2025-10-10T10:16,2,20.40,Cash,Cancelled
d4565a6b-0fcb-4eab-9a50-5ab493408e82,c5817fdc-a4dc-4879-b957-30cfda62016b,2024-04-11T10:16,7,201.95,Cash,Completed
fd506766-1f98-4e28-8e82-a3d5eba5d178,7d2df59f-386d-4aec-85a8-2443262a0cb4,2025-09-09T10:16,3,41.97,Online,Cancelled
0724a161-82f3-42c3-b68b-c71577fd8839,050d9901-1cb5-413a-9c31-282028f863c1,2025-08-13T10:16,8,132.72,Online,Completed
349c2cc5-c37c-41a7-801e-7d0cd9704710,7509850a-5062-4da9-aad6-bc5b9e363ef1,2024-02-04T10:16,1,23.66,Online,Cancelled
faac49b8-2381-4dc9-baa0-2223c2274cb6,d7af10ce-45c9-4fc8-8dd8-b1c5491aad5f,2025-08-06T10:16,2,37.42,Online,Cancelled
12fc8f85-d838-4615-857e-e00b8e426472,39cb44e2-a541-4b98-bc0b-db5f31cf8710,2024-11-18T10:16,2,27.46,Card,Pending
b49e1263-1f09-4363-b99e-a351b5d1b68d,73a2b03c-2dca-486e-8ebc-c4d6bb68a8c6,2024-12-19T10:16,7,158.83,Online,Completed
edee7050-d345-499e-8a53-5954aec794c4,ebbc7df0-770d-44f8-b0ff-c62f9006e40e,2025-06-01T10:16,5,149.25,Card,Cancelled
15fff2f9-06de-469f-94b3-030fb71a94e9,1eeb9c5f-5b7a-47af-b4f1-5a50d9d1089c,2025-07-16T10:16,2,30.32,Online,Cancelled
67c5721d-4249-416f-8bdb-74c11b10cfee,1407e9cf-22c9-4137-a2fe-cc12dc038235,2024-08-21T10:16,3,56.70,Card,Pending
0fe75b30-af1a-4782-98d3-d4425590ad55,983d66ae-c8b0-46b8-8abc-26a1055cf729,2024-08-26T10:16,3,15.96,Cash,Pending
77c4b6e0-dfdc-44d5-9c6e-5e1f724ca4e8,964d337f-acd5-4ca2-8843-9be3f2eb60fc,2025-01-01T10:16,3,30.03,Cash,Completed
96d451e4-d126-4252-86a8-49b2c9bdd879,52c87fd9-fdf0-4256-b929-6153ad24a0ac,2023-12-14T10:16,8,134.08,Cash,Cancelled
a004b213-43c8-46cd-9bcd-b841faac39c4,a938df5f-7764-459c-8bfd-90409d16b3c6,2024-04-07T10:16,1,13.58,Online,Completed
24439d8d-3114-40f6-809d-3b6310d0532c,cf65c4b6-4c1c-420b-95de-23e5b56ffad5,2025-07-19T10:16,6,130.56,Online,Pending
7f7d4b7a-f355-4874-a7d4-683743f660f7,885715b6-b1eb-44ca-8460-28c0343e56f3,2025-05-10T10:16,6,112.26,Online,Pending
6f427e5b-4a01-4c14-8f16-0046e144a2c8,ba5d9947-b043-4aca-8ee0-6b77895cf8e8,2025-01-31T10:16,6,113.52,Card,Completed
64b5ba74-bc25-4318-b468-e033f2e1ac1b,b6c26110-1b77-4777-8c79-c69ec19b66df,2025-07-12T10:16,4,75.68,Cash,Cancelled
bc644d67-3fbe-4601-b141-b6601423e3dc,68169a66-a8d4-4763-914e-7befc826445b,2024-11-11T10:16,6,152.76,Cash,Completed
31a040f7-9f52-4633-bddf-09d05de9ec87,1eeb9c5f-5b7a-47af-b4f1-5a50d9d1089c,2023-11-17T10:16,5,77.40,Card,Pending
7119efb4-aa16-4d7c-8a0a-631a98b941fe,00d7ae70-0f46-4453-963c-4ab2a3d29314,2024-04-20T10:16,2,22.20,Cash,Cancelled
d1802cc4-3e18-43b8-be3c-fb168fae1dbf,06e585f0-5b60-4900-81d1-3379328e6c17,2024-01-19T10:16,1,23.18,Online,Pending
d664ba71-717f-48cb-8731-0093f4cae4c9,73a2b03c-2dca-486e-8ebc-c4d6bb68a8c6,2025-10-16T10:16,2,32.74,Card,Completed
487fc87a-ca74-4e2e-838f-d3f179164db2,500fde18-ea61-4380-9ea4-f06d09985870,2024-11-13T10:16,3,60.00,Online,Cancelled
7a5d9447-ea78-4c43-a9c2-5d01978210c7,52c87fd9-fdf0-4256-b929-6153ad24a0ac,2025-08-18T10:16,1,10.83,Online,Pending
dd884611-6109-45ce-a736-6e4967091df4,5f0f3def-9ff6-4282-ad04-001c4a769966,2024-12-05T10:16,6,149.04,Card,Cancelled
83b6c60e-f479-41de-a1bd-aabf6ed1ba1a,ebe19120-496a-47fa-87eb-2440212a3363,2024-07-20T10:16,7,185.92,Online,Completed
7985acab-4727-4a54-ba29-f16d374a86f6,209e786b-2a61-4e52-a3b2-1cc98bcbf18c,2024-03-23T10:16,8,93.92,Cash,Cancelled
6720b4cc-4605-4991-94de-ceb7886ae535,5f6e51da-5f01-4c9a-85dd-7d50ef37e5d7,2024-09-11T10:16,4,98.96,Card,Completed
b3ea49af-fa0f-4a92-902e-0333271282e8,4e6807ca-aed8-4ec9-b1b0-0e3aba57efb1,2024-06-21T10:16,5,109.70,Online,Completed
c26a227d-24f2-4efc-b798-88a426efb713,1a31c678-d420-495a-aff3-0f1609514e1e,2025-10-22T10:16,3,22.17,Cash,Pending
57ee78c3-6093-4e0c-a3e3-205bc5d8f7ee,910b1d47-5c37-48b1-8bde-96c60660f1d7,2024-12-24T10:16,2,23.52,Cash,Completed
7d098cb8-d55d-4bcb-80a7-b1dec678c77c,b90a3a7f-421e-47e5-8598-fe50f365a62e,2025-01-12T10:16,9,100.89,Cash,Completed
8e63c551-99f3-448c-9803-e4ed9591fe42,515fe1d2-d33a-4b9d-8c19-07e0cbe81a9a,2024-02-07T10:16,2,46.30,Cash,Pending
a3b815b5-d130-469c-b7f7-4a16eb8d133f,ebe19120-496a-47fa-87eb-2440212a3363,2025-01-30T10:16,5,29.15,Online,Completed
8667a90f-b85e-47e5-9ddd-e506bb6a23f9,52c87fd9-fdf0-4256-b929-6153ad24a0ac,2023-12-29T10:16,7,87.64,Cash,Completed
660cede1-921a-421c-92f4-2ff4bf50f675,6c3bf618-a715-40f9-9faa-cfc5f5beef2f,2025-07-04T10:16,5,118.45,Card,Cancelled
10ca7f8e-1a1e-4305-994f-dfe64b6d96f5,058b9c75-b72f-4594-80d2-e41194ff7672,2025-08-13T10:16,9,175.32,Online,Completed
108fd200-6f26-41e4-b8af-8b6faa806a4b,d3f641e5-b8b5-4f5f-9155-7768df2033e8,2025-11-02T10:16,2,38.40,Cash,Cancelled
179118f9-30f2-4625-8fd5-55636ffd514b,b3688304-b24b-416a-9bf4-c2b6aaeb59d3,2023-11-27T10:16,2,38.18,Card,Pending
22406ab7-d1b1-4034-a27d-9a9ccda08358,7d2df59f-386d-4aec-85a8-2443262a0cb4,2024-05-17T10:16,5,50.75,Online,Completed
e9c76de5-d099-4221-a405-30e0ad8e4424,5f0f3def-9ff6-4282-ad04-001c4a769966,2025-10-07T10:16,3,53.28,Cash,Cancelled
d95bbc1f-acea-41c6-9c11-040ce2e8a51d,3befa4dc-d961-4a3a-9410-d43d1bdaa335,2024-02-28T10:16,5,73.35,Online,Cancelled
58520865-1710-4616-a268-59a799cd13bd,8887df7e-682b-4d48-b18c-c1ddfa0aaa26,2025-04-24T10:16,4,112.56,Online,Completed
52b2ee7f-e878-4558-a843-b8c43362b6e9,46032f36-69bc-465a-9b33-a5d560bfd77a,2025-11-10T10:16,7,116.34,Cash,Completed
ffee3ae8-5fd2-4158-80c8-0f942dbe627d,058b9c75-b72f-4594-80d2-e41194ff7672,2024-03-19T10:16,1,14.51,Cash,Pending
b7c77ebd-7968-468c-a829-e2f89692d73b,0a5a9fc7-e126-48f0-99aa-dea85c606f66,2024-01-04T10:16,9,94.77,Online,Completed
48c5148e-6e1f-4201-8e56-b08fb2a4c3fb,67c276b0-7be6-4f3c-bf86-c342095c8112,2023-11-13T10:16,8,227.36,Card,Completed
612ba7e5-89c6-47c3-8f44-1a15ce319f25,02c65c06-56ad-4670-b8e2-10ab417c7154,2025-01-14T10:16,7,137.69,Online,Completed
53968272-f559-49c5-bfdb-51a078a2688d,d3f641e5-b8b5-4f5f-9155-7768df2033e8,2025-08-14T10:16,8,92.32,Online,Completed
34092ab1-a6d3-497c-b588-13c8c84c476c,e7991221-0de0-4ef8-aa9c-ca3b59197059,2025-05-01T10:16,8,127.60,Card,Pending
bee4b248-e048-46c0-8821-8f97750aca93,7d2df59f-386d-4aec-85a8-2443262a0cb4,2025-04-27T10:16,7,84.28,Cash,Pending
6cdfbcc2-afd8-41b4-9ce5-f3bed738fe1b,b95f7619-fab2-4df9-8683-1f2aeb93a660,2024-10-16T10:16,9,175.95,Online,Cancelled
c36ddcdc-422e-4f7f-98ad-7d1a1f039a74,0fcf4084-ea31-49f8-99f9-9bf8c8b0c16b,2025-06-06T10:16,2,46.98,Cash,Pending
a13b2f75-2a16-4c49-a7e5-4469b8dc91ec,983d66ae-c8b0-46b8-8abc-26a1055cf729,2025-05-15T10:16,4,31.32,Online,Pending
00e3f64a-e170-4101-acf1-5dc9422dbc83,2a109685-1399-4149-8951-fba29bb0360d,2024-09-29T10:16,2,32.74,Card,Pending
2964f037-44c3-4876-841b-0823ca02c322,e119f98a-df63-41dc-8e01-bb49ca2dc724,2024-05-18T10:16,5,113.45,Cash,Completed
61dc6160-299f-46b1-a5f3-a80caf2d2f14,8b546c63-5406-493d-bc69-cfb594b38267,2025-01-04T10:16,9,96.03,Cash,Completed
8574425c-4941-412b-8848-4e40fc91a6f8,0a570207-0f70-467f-bbeb-44a0a60a9a25,2025-03-07T10:16,2,49.34,Online,Pending
0b36478c-0b38-4dd1-8d6f-acc71914b9dc,0a15d43b-8f6b-444a-bef2-ffbddfdbd16f,2024-12-01T10:16,9,63.90,Card,Pending
94866715-3af0-4a48-8a82-164254f8ed99,49af098b-bf79-4643-8e49-739ea932d38b,2024-04-08T10:16,8,181.60,Online,Pending
47b1ddd3-4d09-40ae-9a9e-802735889502,6117b6f0-c4f4-4bf1-9eeb-f33950decba8,2025-09-27T10:16,7,52.99,Cash,Completed
5106e368-7786-43cb-9eaa-07466e016e22,46032f36-69bc-465a-9b33-a5d560bfd77a,2024-02-17T10:16,9,175.77,Card,Cancelled
933ed69c-995b-47f0-8e26-ddc77458891f,103fcba5-5588-45a5-9fe0-6ac948d3860e,2025-04-24T10:16,9,124.83,Online,Completed
0ace54b4-9612-4448-bd6a-d073d4355c98,a938df5f-7764-459c-8bfd-90409d16b3c6,2024-12-10T10:16,4,67.96,Card,Completed
5591a614-5295-4d21-9f16-b07efcfe8fa7,935ebde1-5945-4673-886e-1a7a12cc2d4e,2024-07-24T10:16,9,181.26,Cash,Cancelled
48ef695c-1472-4163-a089-f96770d95470,2c6dafc9-06cc-4b3d-8b8d-12aae0644c58,2025-04-16T10:16,8,101.76,Cash,Pending
8668b06f-c9df-4582-87ca-45f6b0874424,f6c35464-33dd-44a7-bf84-071f2e427045,2025-08-17T10:16,6,50.52,Card,Completed
85c3f721-9f2b-466c-8b19-bacf54bee225,bb9edfa8-17f7-4f6f-8e3b-616693a298b1,2025-01-28T10:16,3,32.52,Cash,Completed
432f9ce5-f820-4707-9b88-bb8e6a30f91e,6c6a3b10-9747-4dca-a041-4edc22d147b0,2024-04-21T10:16,6,97.98,Cash,Pending
05d74d3f-b152-4e44-9e35-82d101bc7c12,cd50913f-8c99-4253-9134-0cf5fe5f300f,2024-03-07T10:16,4,35.48,Card,Pending
037b095a-6b27-47cd-932b-1d1b015b1974,5f0f3def-9ff6-4282-ad04-001c4a769966,2025-05-06T10:16,6,104.10,Card,Pending
0dcf6045-3b46-4165-b4ea-987030fed8ca,68169a66-a8d4-4763-914e-7befc826445b,2025-06-22T10:16,7,201.25,Card,Cancelled
d58c7bdd-ed80-4709-9817-2d3b47bd7081,485b65e7-fdf4-474d-afba-37986d8d3cd8,2025-10-23T10:16,4,99.60,Cash,Completed
4aeed689-227f-4664-a0d1-49d8453a6bee,5f6e51da-5f01-4c9a-85dd-7d50ef37e5d7,2024-09-26T10:16,6,32.94,Cash,Cancelled
9739f8af-f847-44f9-ab3c-4ebc99d60534,ebe19120-496a-47fa-87eb-2440212a3363,2025-06-25T10:16,2,29.40,Online,Cancelled
366aad3e-bcfe-4df1-a987-2878cc54b6a9,71f17b36-2c37-4cfa-bf8a-894fa94c0e9b,2025-05-02T10:16,1,8.14,Cash,Completed
978c78bd-3738-42e7-9eb9-6638e534517a,c63bd277-c81c-40c5-8720-6ce916d653c4,2024-08-05T10:16,8,76.96,Cash,Cancelled
8086fe0e-5f50-40d8-a80a-2dd6015e7277,0130fcd4-a6cf-4a72-8400-7bcae1abce34,2024-04-17T10:16,9,86.94,Card,Pending
b73d40f7-68d6-4791-9a63-26cc03eca25b,92da274a-bea2-490a-bb52-196c46fa8487,2024-12-13T10:16,1,9.51,Card,Pending
2a0cba36-e348-417c-b633-7ebfe11ea978,23650eb4-f98d-45a3-a90b-a378f03d469d,2024-09-05T10:16,2,29.56,Cash,Completed
a9d9e0eb-41a0-4587-901a-d2deb3f951a1,fbe227d7-6d32-4407-9783-7fdac983e55f,2025-05-10T10:16,5,81.70,Card,Pending
0c56912b-0071-4d54-bd6b-1e176d1509e7,49af098b-bf79-4643-8e49-739ea932d38b,2025-08-10T10:16,9,180.90,Card,Pending
14d72fdd-42c9-48a3-bff1-f2799c927ddf,6945f6f4-b8f9-4d04-90ff-e59ed705578e,2025-09-04T10:16,2,32.74,Cash,Completed
81dac18d-f24a-470f-8a47-dc373830a852,4f6ae324-5b6d-47d6-a86d-26ec6fbe1e0e,2025-10-20T10:16,4,75.92,Online,Cancelled
aab7a4fb-331f-47db-98c3-93906f7d282a,80537cf2-360f-4740-8b7e-d4cd56e22987,2024-03-27T10:16,5,67.55,Cash,Cancelled
9326e26d-0623-45bf-bb63-92a20998efa9,23650eb4-f98d-45a3-a90b-a378f03d469d,2024-09-09T10:16,2,23.58,Online,Pending
8f3fc519-f845-416d-b5d4-a2bf2b6619cb,103fcba5-5588-45a5-9fe0-6ac948d3860e,2024-02-11T10:16,2,20.76,Online,Completed
bdeb47b1-bdb1-4b64-bf81-1484073fcfb5,c0d74d86-5c5b-481d-b8e3-61eeb9c77255,2023-12-02T10:16,8,75.52,Card,Completed
aa2e5017-cd6f-42e3-a9c3-065be27d0bf8,8f7f530b-bb30-4a05-b437-744ed30af54f,2023-11-25T10:16,1,29.55,Cash,Completed
893e8d25-476a-4eb6-8ed4-617e22de2cd8,cd50913f-8c99-4253-9134-0cf5fe5f300f,2024-01-11T10:16,1,15.08,Cash,Cancelled
8c3a5a02-068e-47c2-b963-970088a83bcb,f6c35464-33dd-44a7-bf84-071f2e427045,2024-07-07T10:16,2,32.38,Online,Completed
2e5a0900-ed56-479d-aa11-c98f8ed8bb68,b0d737cd-ec4b-4a88-aa81-d012ef3fb719,2024-12-09T10:16,4,66.36,Cash,Completed
53940405-ce07-4928-bd1c-806839adde57,824998a2-7592-4051-ab0b-d5e12743c93b,2025-06-13T10:16,4,53.56,Cash,Pending
3b62ac1c-c997-4b03-8b8e-1ae5eec423ce,1eeb9c5f-5b7a-47af-b4f1-5a50d9d1089c,2024-12-23T10:16,3,70.71,Online,Pending
0eb3d34c-be1d-4970-9bd2-d2ec6c35c4dc,fdb5454e-2230-489e-ade4-9218ff28cbd8,2024-04-16T10:16,6,131.04,Cash,Cancelled
2ce9bf94-5d9d-4f24-898c-c4d776930db1,bfa3444b-2be9-46be-b944-720d86a59770,2024-03-20T10:16,3,84.54,Online,Pending
68ea2078-8c05-4790-abff-4ee21befca3e,3910ab11-8758-4a4f-8a9b-c4f5df7413c4,2023-11-16T10:16,4,106.56,Cash,Cancelled
a6e89ea9-1320-4e8b-96a6-0b6b9e709134,f0a6a958-e434-41bf-a830-dffa55a34db5,2025-04-14T10:16,6,102.12,Cash,Pending
547370be-60ef-4d9b-a418-7206b3aa85b6,000f9c8f-2fc7-4346-844d-c04f10751265,2025-10-01T10:16,8,172.40,Card,Cancelled
e50b883e-baee-46ca-8b16-ecc3977ef812,515fe1d2-d33a-4b9d-8c19-07e0cbe81a9a,2024-07-10T10:16,5,89.10,Card,Pending
e3f2882a-6671-4622-ac7f-fee38e9f8ecf,428424b7-1f94-496a-8b7a-497ce177d32c,2024-02-04T10:16,3,36.57,Cash,Pending
83bd81bc-18b2-4931-b732-9aee509fe3dd,983d66ae-c8b0-46b8-8abc-26a1055cf729,2024-09-23T10:16,4,36.08,Online,Pending
ca3fd084-ef45-41cb-986d-0a53435e9323,e886c155-0dae-4b36-88f5-a86fa474d1f6,2025-08-26T10:16,6,179.64,Cash,Completed
3ab29468-2381-4f3d-8792-d0427287e875,b95f7619-fab2-4df9-8683-1f2aeb93a660,2025-05-25T10:16,3,36.78,Card,Cancelled
dafd2f67-74ff-49a0-9767-c86f67afa984,0df3bae1-6384-4856-aa27-aef9f6c48b75,2024-05-21T10:16,7,152.88,Online,Pending
afe4ba76-fa0f-4f12-853d-29afe517d299,0130fcd4-a6cf-4a72-8400-7bcae1abce34,2024-01-28T10:16,3,24.36,Card,Completed
1ddbd718-5e7f-49ed-b932-78ef24a672e2,1a48aa9a-def3-481d-922a-94300aa97309,2024-10-20T10:16,8,96.72,Card,Completed
22ef1aa8-4736-4296-a58b-a5a1f82340e7,515fe1d2-d33a-4b9d-8c19-07e0cbe81a9a,2024-02-22T10:16,6,142.32,Cash,Completed
4d44e493-7276-43cb-9927-56fdaeb038dc,6aaabc79-3d35-410f-bb96-f86a3930d0ff,2023-11-13T10:16,3,24.24,Online,Cancelled
7a312a26-038d-4c2c-ad3f-5434aa236f03,ceafdb2a-788d-48e0-acdd-bd533a2e7ab6,2025-04-07T10:16,2,52.98,Card,Pending
8d59cfa2-85fe-4f63-bf62-ee3c63f192cf,0e0d5f13-edd5-4ab0-9ddd-3df111bedc5a,2024-08-10T10:16,6,80.46,Online,Pending
a427bf4d-79ed-4220-a9c3-4b826a9f18d2,500fde18-ea61-4380-9ea4-f06d09985870,2024-05-24T10:16,6,95.94,Card,Pending
ca844376-d7d1-414e-8565-a8cae4b46fac,ada8704c-2784-4d70-84da-10078407d2c8,2025-10-03T10:16,8,150.64,Online,Cancelled
3e3b9bd1-16df-4d2c-8a18-db605863d296,8b546c63-5406-493d-bc69-cfb594b38267,2024-06-08T10:16,9,248.85,Card,Pending
29e9af98-96ff-41a6-984f-7115d5ba7f43,0b2a0e9a-e050-4380-b607-57adcbbf59d4,2025-01-23T10:16,8,176.56,Card,Pending
cbfd6002-9521-4baf-b42d-e23f073a5d86,7d2df59f-386d-4aec-85a8-2443262a0cb4,2025-03-12T10:16,6,167.16,Card,Cancelled
550c74a0-55a0-4d08-ac4b-35efd55575df,1d32c3b3-c732-4995-aa6b-ff159deb3bdf,2025-08-02T10:16,7,180.25,Card,Pending
3d6a18b6-a0f7-4d48-837b-52821925cd3c,0a570207-0f70-467f-bbeb-44a0a60a9a25,2024-03-27T10:16,7,70.14,Card,Pending
231de8c2-f723-4d01-8172-d1174459c46d,953417c6-cd52-45e9-9ca0-bb450653c934,2025-07-12T10:16,8,201.68,Online,Pending
a41a1778-381b-43db-8197-a6f280056025,68169a66-a8d4-4763-914e-7befc826445b,2025-10-05T10:16,2,43.12,Online,Pending
0dc4014a-ba4a-475f-a0b4-dad336d877a9,1a48aa9a-def3-481d-922a-94300aa97309,2024-06-09T10:16,5,102.50,Card,Cancelled
5af6c450-b96d-45d3-986c-460e4baada3e,74e76582-f1b8-4560-b049-8aebb59d4721,2024-11-23T10:16,8,58.56,Online,Completed
578eb287-e566-43dd-a7e2-ef38cc76132e,5eb75bc0-d5fa-4209-9d42-7767f3f0585b,2024-03-30T10:16,3,26.25,Cash,Pending
7d359f1f-5dd3-4be0-8cb7-34d3adf13e30,983d66ae-c8b0-46b8-8abc-26a1055cf729,2025-01-04T10:16,2,43.70,Card,Cancelled
07bc00fc-c56e-4516-86f1-ab62d06e92e3,ef7fad1f-a86f-4ee1-95b4-ce1f339f0fa5,2024-08-15T10:16,3,49.32,Cash,Cancelled
72b74eeb-f037-413d-b674-ae570950a3de,c1a09d60-c9e8-4489-a68e-e01b51541d33,2025-01-09T10:16,9,100.26,Card,Cancelled
f72e2e4d-1a6a-4ccf-b12e-78a69f700640,7a2e5fa5-096b-4701-8ce6-7a3db39bf8eb,2024-09-26T10:16,1,15.42,Card,Pending
483781ba-aaf2-404e-bbb1-cf71bd42c1fb,3ab3404a-ee80-4ed2-8d90-a6f0dad14e48,2024-11-09T10:16,2,38.18,Cash,Cancelled
1420bd89-d68a-4542-a704-d4f9e9d90f93,cf65c4b6-4c1c-420b-95de-23e5b56ffad5,2024-10-03T10:16,7,183.33,Card,Pending
3056a520-7f7f-47a1-b14b-fddfde180d9c,2a109685-1399-4149-8951-fba29bb0360d,2024-05-23T10:16,5,139.70,Cash,Cancelled
53402962-7be4-440d-8b88-c523e4c5e4e2,7d2df59f-386d-4aec-85a8-2443262a0cb4,2024-11-03T10:16,8,45.20,Online,Pending
8e4505f0-d80e-4619-8345-6b75a05792e6,0d463f72-c3a1-4a2b-8d0d-1721a0d1a06b,2024-10-03T10:16,1,10.54,Cash,Cancelled
6c2b3b38-1ecd-4de8-8c09-cab83bcc75cc,f0a6a958-e434-41bf-a830-dffa55a34db5,2025-02-19T10:16,6,157.62,Online,Pending
952756e2-af70-4877-b628-9b20ef636b0b,f3826f04-0dfa-4266-8002-58fede0093f5,2024-01-08T10:16,4,29.44,Online,Completed
a8b151f8-35bd-48b0-a97c-c8122d074396,1407e9cf-22c9-4137-a2fe-cc12dc038235,2024-08-31T10:16,5,121.25,Cash,Completed
39642dbe-c7e0-4fea-ad9f-0ed27ed02d48,d3f641e5-b8b5-4f5f-9155-7768df2033e8,2025-05-08T10:16,5,47.45,Online,Cancelled
a34c4240-33d2-4b0c-9fbf-a46d3a9e166f,8113211c-bdc3-4bb0-94d9-3fd3871f3005,2024-12-15T10:16,3,76.65,Cash,Completed
beb568cb-2d1f-4e0d-88a7-cda53786c97b,f543de06-e341-4de2-95ab-ca0fd3ee51fe,2024-04-27T10:16,5,126.40,Cash,Pending
8f0537ff-6fb6-48f4-aa8a-5280f20cc089,e12c3d24-86c8-474f-b86b-370df36adbfe,2024-02-10T10:16,7,61.25,Cash,Cancelled
c355d650-ff82-4828-9c37-19978474edf7,fbe227d7-6d32-4407-9783-7fdac983e55f,2025-10-09T10:16,3,38.43,Online,Completed
0cb918a5-a416-46d5-8f98-6c8c22771b0b,56a75a3e-a944-4147-8cba-f1024726993f,2025-07-26T10:16,6,109.14,Online,Cancelled
edcf8834-00f7-4083-9c69-852743584725,e119f98a-df63-41dc-8e01-bb49ca2dc724,2024-03-22T10:16,6,51.30,Card,Pending
513b99b0-0922-4339-b063-03b2ece0e460,09ba4183-1b94-4f8c-bc5f-eca421a88524,2024-12-17T10:16,1,17.60,Cash,Completed
aa346f8e-2d6a-4dad-8b30-62bd8bf7585b,74e76582-f1b8-4560-b049-8aebb59d4721,2024-08-24T10:16,3,77.22,Card,Completed
7e87edbb-0b98-4c8e-bd1e-f4565740b2c9,b014b56e-3263-4b63-8430-46e00bc5ea77,2024-07-19T10:16,1,7.84,Card,Pending
7376eb36-358e-4bf5-a1c3-5dc0b67ba51a,1eeb9c5f-5b7a-47af-b4f1-5a50d9d1089c,2025-10-29T10:16,7,95.90,Card,Pending
4d51dd9f-8662-4975-a2a2-3de9391eb9ad,1a48aa9a-def3-481d-922a-94300aa97309,2024-02-16T10:16,6,82.02,Online,Completed
31d43146-01a9-49ab-9f59-136a4524cbef,964d337f-acd5-4ca2-8843-9be3f2eb60fc,2025-10-13T10:16,4,72.24,Cash,Pending
45dc077a-b055-4915-b5de-72c91b397932,b0d737cd-ec4b-4a88-aa81-d012ef3fb719,2024-08-07T10:16,1,21.99,Online,Completed
ef1a7243-ebec-4359-ac8c-7ac4de7d88df,e6e1db85-f8ba-4264-9c9a-520ecda4bc4c,2025-02-26T10:16,3,87.18,Card,Pending
46421d15-16b4-4ccc-8ad0-3a0318c54a5c,a3f626b9-cc27-4c04-8570-be79ab8bda4a,2024-03-12T10:16,6,91.26,Card,Pending
8e722a92-8622-43e2-bbed-5c39e0c454ef,9fa382f0-8393-48db-ad30-43c953282401,2024-02-14T10:16,7,171.78,Card,Pending
5dc93659-5a96-4752-a1c1-ab52e6ccc42c,b95f7619-fab2-4df9-8683-1f2aeb93a660,2025-09-22T10:16,1,29.30,Card,Completed
6e9e1f70-c086-491a-911e-09a0fca2b86f,953417c6-cd52-45e9-9ca0-bb450653c934,2025-05-16T10:16,4,41.36,Online,Pending
671f65ed-2867-440e-929b-a178c6aa6e9c,ef7fad1f-a86f-4ee1-95b4-ce1f339f0fa5,2025-03-17T10:16,8,102.80,Cash,Cancelled
f38a0f4d-8dce-4772-bde7-dc076ff3a6a5,b03f75c1-655f-4480-a2bf-1a0af806e96e,2025-03-07T10:16,2,35.16,Card,Completed
e4ad9f9c-4ee8-426a-bd35-cb785639d895,69446e90-4237-4410-ab55-e011eb04cce0,2025-04-27T10:16,2,54.40,Card,Cancelled
f07b6feb-1fcc-4234-b28c-294dc73adc61,000f9c8f-2fc7-4346-844d-c04f10751265,2025-07-21T10:16,1,17.10,Card,Pending
68b97713-ed9e-42c2-906b-6eec5ad78ce3,26d032f1-9fe9-487a-987a-a8be14e1db05,2025-10-27T10:16,6,135.24,Online,Cancelled
9e58a5ee-80e7-4c21-8293-774aea2226ac,b3688304-b24b-416a-9bf4-c2b6aaeb59d3,2025-03-29T10:16,8,192.16,Card,Completed
b577765a-d49e-4e78-9092-764d38edae2c,e277d099-db2a-4aee-ab86-8b0e73a34383,2025-10-12T10:16,3,61.56,Online,Completed
d4b82852-1dd3-4265-8ce9-9a4456c3d0e9,4bb2d776-14c0-4ef6-b8ba-c580cbed72b8,2025-08-10T10:16,6,39.36,Card,Pending
e4bedfb4-c1ae-4156-a4b8-6fbf6cec942a,365c90d0-a590-4209-9401-2ce55af5ed98,2024-12-11T10:16,3,72.90,Card,Cancelled
ac3ed40c-4131-4bb9-86c3-9560b39bdd88,80537cf2-360f-4740-8b7e-d4cd56e22987,2024-11-12T10:16,2,20.58,Card,Completed
b8eecf0c-85d2-45bf-aba2-e5451e48cea7,26d032f1-9fe9-487a-987a-a8be14e1db05,2024-11-13T10:16,2,55.20,Cash,Completed
51be1b0f-447c-4017-9175-b376f896887b,14eace30-1ac2-411e-8eef-98e8f32a87fb,2023-11-13T10:16,5,88.95,Online,Pending
ab6c6e12-8a8d-4530-a671-0c21fe97469d,4bb2d776-14c0-4ef6-b8ba-c580cbed72b8,2025-09-19T10:16,2,43.98,Online,Pending
52f62655-e94d-4dc4-bdd4-c5e774277eb7,0fcf4084-ea31-49f8-99f9-9bf8c8b0c16b,2025-10-29T10:16,8,44.88,Card,Cancelled
9c3c5372-0714-4be4-8bb6-2bcb4f7305df,73a2b03c-2dca-486e-8ebc-c4d6bb68a8c6,2024-11-10T10:16,1,19.28,Online,Cancelled
af7dab0a-a03c-44fa-8d7c-a57cd039dcaa,ba5d9947-b043-4aca-8ee0-6b77895cf8e8,2025-06-02T10:16,5,104.75,Card,Pending
c7bc673d-3d50-461a-913f-1b5ad69adbad,885715b6-b1eb-44ca-8460-28c0343e56f3,2025-05-17T10:16,4,25.80,Online,Cancelled
6c720152-5d5b-4858-8c65-9e7f273b5592,3ab3404a-ee80-4ed2-8d90-a6f0dad14e48,2025-08-24T10:16,6,104.46,Cash,Completed
180b843b-30d7-4e35-b0ee-c41018461e03,89d26a00-0fde-4c03-8430-b06f6bc3f33a,2024-12-04T10:16,4,84.16,Card,Completed
7df1da5a-033e-4420-955d-40c83bb8ef6b,05ccd8a5-ea5f-4353-bd1e-3022152b0685,2025-08-27T10:16,1,18.50,Card,Completed
923b90c2-133c-4e0f-b5f8-39185c68a23b,c1a09d60-c9e8-4489-a68e-e01b51541d33,2024-04-30T10:16,3,22.59,Online,Cancelled
e1b0bae0-aafb-4572-9f3c-ffb90688a03f,10b26c2d-7d56-4175-84a8-a2775e128a9d,2024-09-25T10:16,8,60.56,Online,Pending
92f5de7b-a2a3-482e-a603-77ac527c3a36,23650eb4-f98d-45a3-a90b-a378f03d469d,2025-10-29T10:16,3,24.87,Card,Completed
38e7d3e4-8b33-4510-963a-fb2a45bb4bd3,515fe1d2-d33a-4b9d-8c19-07e0cbe81a9a,2025-11-03T10:16,1,5.74,Cash,Pending
241d1c26-1438-49bd-8cff-ed987eb20676,4b14a58c-f1e4-40b6-888d-a88cd7055099,2025-03-31T10:16,6,110.04,Card,Completed
0f2752a2-9a82-4f1f-9cd8-e36f1527b4af,ec3490d2-e8da-47ee-ae12-0ca0b1d7a2bb,2025-01-03T10:16,7,46.27,Card,Pending
138a8a86-d2f6-4bd4-8c3e-924c6f59d4ea,b3688304-b24b-416a-9bf4-c2b6aaeb59d3,2024-05-08T10:16,3,50.58,Online,Pending
6e0f080d-7a54-4624-bfb2-e82605429e2c,92da274a-bea2-490a-bb52-196c46fa8487,2025-09-14T10:16,7,59.78,Card,Completed
36dfb260-c222-4ae1-9717-4434924fb188,0b2a0e9a-e050-4380-b607-57adcbbf59d4,2024-05-08T10:16,6,50.82,Online,Cancelled
5c7d5411-c260-4aaa-9ba7-939839a54f4b,953417c6-cd52-45e9-9ca0-bb450653c934,2024-12-20T10:16,4,65.48,Card,Cancelled
56ffef65-4a41-4687-ad34-c2d7e937e828,e85d0261-2d97-4475-a749-363ec9040a74,2023-12-18T10:16,5,102.35,Online,Completed
dfa260e7-96ca-4a9e-8f7d-d7591a699078,caca465c-e9f2-4add-91b5-24c70595e321,2024-01-22T10:16,9,129.87,Online,Pending
af8edb92-162c-4cfb-b0fd-13d3e0470e91,9fa382f0-8393-48db-ad30-43c953282401,2024-08-18T10:16,3,29.22,Cash,Pending
1b2eab9c-e0c1-4a1d-8e23-832364917cbd,69446e90-4237-4410-ab55-e011eb04cce0,2024-03-27T10:16,9,202.32,Cash,Cancelled
bc10cd71-e790-488d-b1b1-7b403a583eb1,0130fcd4-a6cf-4a72-8400-7bcae1abce34,2024-02-20T10:16,5,140.20,Cash,Completed
049bd501-f715-4922-b94c-b2115e297416,7509850a-5062-4da9-aad6-bc5b9e363ef1,2024-05-23T10:16,8,44.32,Online,Pending
94c199bc-d658-4aa0-85ff-472d62aee7e7,05ccd8a5-ea5f-4353-bd1e-3022152b0685,2025-03-03T10:16,2,37.32,Cash,Cancelled
f20f987c-aad6-40dc-a63e-ffdfd4f8ad85,8113211c-bdc3-4bb0-94d9-3fd3871f3005,2025-01-04T10:16,9,65.61,Cash,Completed
1f4e4ebd-1adb-445c-a2cd-57da2bab5513,7c991f43-c18b-4404-8826-97691b0dc00c,2024-05-30T10:16,9,207.63,Online,Completed
aeac3305-d9c0-4583-8de8-2ce685a08f68,c63bd277-c81c-40c5-8720-6ce916d653c4,2025-04-26T10:16,6,145.86,Online,Completed
82a14aba-ac8e-4cee-a8f1-80d7697d03fb,b03f75c1-655f-4480-a2bf-1a0af806e96e,2024-04-26T10:16,6,135.12,Card,Pending
7ff6e2b7-d687-43a6-9fc8-c38ae2460dcf,52fbb114-83aa-432d-b2f1-f3e37a5c4754,2025-06-15T10:16,6,131.46,Card,Completed
a8bcd08f-7d60-4674-9dd7-b060b3dfa15c,e38afcd9-9e08-47ba-bc92-5ebb4bc271eb,2024-10-28T10:16,8,225.04,Card,Completed
b64cb9f1-5200-4049-b364-583f8a474326,1a48aa9a-def3-481d-922a-94300aa97309,2024-03-14T10:16,2,16.18,Cash,Cancelled
2478815b-d1d9-4853-ae6e-e731e4aa5245,39cb44e2-a541-4b98-bc0b-db5f31cf8710,2024-10-06T10:16,9,237.15,Cash,Cancelled
437c9932-b01d-4f38-bcf8-83f483c3b87b,000f9c8f-2fc7-4346-844d-c04f10751265,2024-03-04T10:16,1,25.22,Cash,Completed
6d8c0f71-31b9-47ac-aaad-70da11f1a908,6bd388d4-5636-450b-bacd-55bdcb769bab,2024-05-18T10:16,7,35.28,Card,Cancelled
5589fa52-7ef5-4eb1-b6b6-2b0adcd55f31,0d463f72-c3a1-4a2b-8d0d-1721a0d1a06b,2025-03-14T10:16,8,137.36,Card,Completed
6dc9ef41-59b2-4070-96b6-fe833ee55111,6bd388d4-5636-450b-bacd-55bdcb769bab,2024-03-26T10:16,3,81.12,Online,Pending
7f308c10-6009-4a76-86dd-0c3503506b7b,9b9edd1e-b4f7-414c-b8b5-a3dc51fa0a8c,2025-09-20T10:16,3,60.84,Cash,Pending
8cffd870-c95f-407c-bdcc-426c4aa081f4,99c406e7-092b-4eeb-bc08-56fc041c253d,2025-09-01T10:16,8,63.92,Card,Pending
dbaa70f7-fef7-48e9-9742-752b386e84f1,0e0d5f13-edd5-4ab0-9ddd-3df111bedc5a,2023-12-29T10:16,4,111.60,Cash,Pending
fa269c89-2d03-4b9f-b7d7-5c13e131dbb2,a190f67b-21df-46bc-8164-46bdfa00af85,2024-02-24T10:16,6,166.14,Online,Completed
956d103c-6c6d-464e-9ac8-be3f3230e2ec,52c87fd9-fdf0-4256-b929-6153ad24a0ac,2024-03-31T10:16,7,194.11,Cash,Pending
23ddca37-2973-4cd0-8d6a-7af6cfec1798,bf0de251-90d7-423c-8b31-48df1a89964f,2024-03-19T10:16,5,99.40,Cash,Completed
2355b466-b6e5-49ac-b986-ad4d9748aad5,71f17b36-2c37-4cfa-bf8a-894fa94c0e9b,2024-01-18T10:16,5,27.35,Card,Completed
ee7c6798-2968-4329-8d34-f4d8d45ce928,b047b369-02d0-4f25-9af0-f1e883228863,2024-10-23T10:16,4,26.16,Online,Completed
0d9780f2-ec92-4844-9604-7d2e5a3c8e07,b047b369-02d0-4f25-9af0-f1e883228863,2024-09-29T10:16,4,68.04,Card,Pending
57eb3e32-c131-4908-90da-ab046e765630,09ba4183-1b94-4f8c-bc5f-eca421a88524,2025-03-24T10:16,4,98.48,Cash,Pending
d717c252-a1cc-40d4-9550-bf7072a7496e,46032f36-69bc-465a-9b33-a5d560bfd77a,2025-06-19T10:16,3,30.54,Online,Pending
4880001a-62b7-403a-97bc-944a056734c9,4e44f26d-5455-405b-8fdb-63ab8b739ecf,2024-01-30T10:16,9,251.10,Cash,Completed
38bdf566-de95-4626-be69-eabe99b539cb,e6cb1215-5314-4d05-bfd1-f6e5d36e89f7,2023-11-19T10:16,4,52.48,Online,Pending
b4c51887-ac3a-41cf-8aef-11e2f1ab05c8,6117b6f0-c4f4-4bf1-9eeb-f33950decba8,2025-08-22T10:16,9,265.77,Cash,Pending
38428809-f7a7-4c82-a7c5-de5ba2f49c94,885715b6-b1eb-44ca-8460-28c0343e56f3,2024-05-06T10:16,7,173.11,Online,Pending
499df561-6364-4fcf-abbc-ed7a222488ea,3e97fc93-73a7-45e0-9888-f7a03ee258a7,2024-05-28T10:16,2,23.92,Card,Pending
ef530814-d5d6-4f8e-b084-352153675f56,b95f7619-fab2-4df9-8683-1f2aeb93a660,2025-04-28T10:16,4,49.00,Card,Completed
79f53bc2-cdb8-4532-aad3-38e588df0c92,885715b6-b1eb-44ca-8460-28c0343e56f3,2025-06-18T10:16,5,95.25,Card,Cancelled
dba99de5-7a56-44de-9578-44d568f2fac3,99c406e7-092b-4eeb-bc08-56fc041c253d,2024-11-18T10:16,7,127.68,Card,Completed
2d3b4f81-793a-4867-b91f-10d0a7b8db11,0df3bae1-6384-4856-aa27-aef9f6c48b75,2024-12-29T10:16,4,55.96,Online,Cancelled
3968bd21-7959-4e0f-b11c-a6f034cc4e9e,bb6bf39c-f455-4e08-a59e-1bdaaa91d4aa,2023-12-21T10:16,3,69.81,Card,Pending
bf61ed52-0564-45b0-aed0-1c19519f47fa,6945f6f4-b8f9-4d04-90ff-e59ed705578e,2024-12-07T10:16,5,136.25,Card,Completed
d2d97535-9a46-461f-9293-c368c34996da,8626238e-5813-415a-9a8c-db944b1e0269,2024-05-19T10:16,5,100.05,Card,Pending
9103e081-6ded-4907-9a39-499b6b8e1836,8250871a-2b35-424e-a1a1-4eb4faffabfb,2024-03-07T10:16,2,31.76,Card,Completed
a68ec181-a00b-4615-a091-aeddb5786aab,68169a66-a8d4-4763-914e-7befc826445b,2024-11-14T10:16,3,75.57,Cash,Completed
32db66a4-87a2-458a-9f5b-c7bf4dc73b02,8e1bbe6c-7b75-46dc-8ca1-0b1664cd6ae4,2025-09-22T10:16,6,105.42,Card,Completed
dabe9481-f15b-4d9e-89ba-5c88d0912532,0fcf4084-ea31-49f8-99f9-9bf8c8b0c16b,2025-03-14T10:16,1,12.19,Cash,Pending
9a1f4f0e-a551-4dfe-81fa-0f4b03e650cb,8250871a-2b35-424e-a1a1-4eb4faffabfb,2024-05-22T10:16,4,85.96,Online,Completed
bfd02943-23ef-4df3-b17e-000f6107fc4b,9fa382f0-8393-48db-ad30-43c953282401,2024-06-30T10:16,1,22.27,Cash,Completed
664a604f-fcb5-4fbb-831c-dff6efa803ce,103fcba5-5588-45a5-9fe0-6ac948d3860e,2024-09-09T10:16,1,15.09,Card,Cancelled
29cf844e-6ddc-48f2-ab2f-df0232bc4b45,80537cf2-360f-4740-8b7e-d4cd56e22987,2024-05-04T10:16,2,22.44,Online,Pending
eebbf202-4e15-4a9c-81db-4da968ca03a6,6aaabc79-3d35-410f-bb96-f86a3930d0ff,2025-03-11T10:16,9,192.06,Cash,Completed
915c5b26-b2d9-4c91-8944-4171dae4e16f,c63bd277-c81c-40c5-8720-6ce916d653c4,2023-11-19T10:16,5,142.15,Cash,Cancelled
c4a0929d-aa90-46e6-8faa-802cc5cc10c9,103fcba5-5588-45a5-9fe0-6ac948d3860e,2025-03-30T10:16,3,58.32,Cash,Completed
a2c23bb4-1f83-4f49-bea1-bdfd83b4542f,05ccd8a5-ea5f-4353-bd1e-3022152b0685,2024-06-22T10:16,6,104.04,Card,Completed
2cf2c50b-94b8-4887-93cf-6d8f2dfc23a6,0d463f72-c3a1-4a2b-8d0d-1721a0d1a06b,2023-11-28T10:16,8,115.60,Card,Cancelled
1bae68de-98ff-4013-a979-c58fd556885f,485b65e7-fdf4-474d-afba-37986d8d3cd8,2024-12-21T10:16,7,38.15,Cash,Cancelled
b388c33c-7b97-429b-b1de-804a3cd478f9,6bd388d4-5636-450b-bacd-55bdcb769bab,2024-10-02T10:16,4,96.88,Card,Completed
14cab85f-60b8-41eb-a2a1-c09d71922c40,9c53f3f8-5b22-4d77-bd76-cfa6c70e443c,2025-11-02T10:16,9,251.10,Cash,Pending
a61e55b3-d173-42c4-9c71-448b2db20a63,f6c35464-33dd-44a7-bf84-071f2e427045,2023-12-13T10:16,3,87.51,Online,Cancelled
1ad92aca-f4e0-4fde-93d1-91e5ac703a66,f3826f04-0dfa-4266-8002-58fede0093f5,2025-08-19T10:16,7,158.90,Cash,Cancelled
40ec77d3-62a5-499e-aa47-639de67d7192,cd50913f-8c99-4253-9134-0cf5fe5f300f,2024-05-26T10:16,9,149.04,Cash,Pending
591438b1-2f52-41ae-b5ae-68b443357c31,4bb2d776-14c0-4ef6-b8ba-c580cbed72b8,2024-10-20T10:16,3,15.18,Card,Cancelled
12c10b70-5577-4fe7-8d99-4fc548e48dd4,ceafdb2a-788d-48e0-acdd-bd533a2e7ab6,2024-06-24T10:16,7,199.57,Card,Completed
71318da1-d4e4-41c9-9acf-a0ba4a1f7464,000f9c8f-2fc7-4346-844d-c04f10751265,2025-03-05T10:16,4,60.40,Online,Completed
d0f54511-1b70-44cc-a429-37ddbd840cb2,f3826f04-0dfa-4266-8002-58fede0093f5,2025-03-11T10:16,6,109.14,Card,Pending
e5649655-4968-4e29-b8d3-606a75a5ed46,bf0de251-90d7-423c-8b31-48df1a89964f,2025-02-09T10:16,6,54.06,Card,Pending
fb24e6cd-4955-4abd-a4db-7b90c9052767,d6d4ef4b-0870-48aa-b884-013237f255f4,2024-02-15T10:16,4,49.08,Online,Pending
0a8757cb-85eb-497a-a273-b0f7b643aee9,e38afcd9-9e08-47ba-bc92-5ebb4bc271eb,2025-02-28T10:16,5,80.25,Card,Pending
4d60bb1e-7681-4e28-a6ca-aa9483e8d9a2,ebe19120-496a-47fa-87eb-2440212a3363,2023-11-21T10:16,5,45.35,Cash,Completed
add6edab-4379-43fa-a698-fa6eb9c0060a,67c276b0-7be6-4f3c-bf86-c342095c8112,2025-01-10T10:16,5,116.30,Cash,Cancelled
1840dc79-92bd-4540-9e0d-75d0863aa31d,05ccd8a5-ea5f-4353-bd1e-3022152b0685,2024-11-02T10:16,1,16.29,Cash,Cancelled
791dcacb-1a77-4d5b-b01e-aca7207b3d63,e6cb1215-5314-4d05-bfd1-f6e5d36e89f7,2025-06-13T10:16,7,201.95,Online,Cancelled
1df7725b-0eb3-4f1c-b681-c407399764c1,6e551d53-4f6d-4b84-a9de-3d7c79694805,2025-08-14T10:16,5,59.20,Online,Pending
375a9cd8-84dc-4dda-964b-ff0e9e586f3d,058b9c75-b72f-4594-80d2-e41194ff7672,2024-07-25T10:16,2,35.74,Online,Completed
713fc721-c3d8-4fdd-8f0b-304b85539a30,8113211c-bdc3-4bb0-94d9-3fd3871f3005,2025-07-26T10:16,5,49.60,Card,Cancelled
475327b6-d3e2-4016-9575-7dd4d31c7068,d3f641e5-b8b5-4f5f-9155-7768df2033e8,2025-06-24T10:16,3,51.84,Cash,Cancelled
e3e2ffdc-8cd3-4912-9497-2b7fe66898a3,52fbb114-83aa-432d-b2f1-f3e37a5c4754,2024-07-03T10:16,5,138.60,Online,Pending
d1745d84-eef0-4b9c-a453-b97d01957dd1,d33bbfcd-a2ca-4e80-8a1c-65223f061e7e,2025-05-18T10:16,9,128.52,Cash,Completed
36dedf8f-4db5-455e-ba77-68fe92d492a9,0fcf4084-ea31-49f8-99f9-9bf8c8b0c16b,2024-05-17T10:16,3,20.94,Cash,Cancelled
6692c0f5-073a-4c2c-b10e-50b079e6c8b3,2ca088cd-c6c6-4e60-a1a4-d2990ee21b12,2025-01-14T10:16,6,116.10,Online,Pending
53b2fd4e-f749-4f73-9110-ca15bd4d4c59,7a18d550-38d0-40b2-84a7-547162e7e409,2024-11-01T10:16,8,160.72,Card,Pending
256dd0fe-5d93-4c25-8767-0ec094522af2,4bb2d776-14c0-4ef6-b8ba-c580cbed72b8,2025-07-14T10:16,4,102.92,Cash,Cancelled
bd26f8c7-30a4-4ee1-aa8b-77ab65ae1408,9fa382f0-8393-48db-ad30-43c953282401,2025-05-17T10:16,2,34.94,Online,Cancelled
42aac3ad-29d7-4639-ab1f-1438748b1ce4,c0d74d86-5c5b-481d-b8e3-61eeb9c77255,2025-04-10T10:16,5,146.95,Card,Pending
4772d913-e33c-41c6-a2b7-a1d858071ebd,1407e9cf-22c9-4137-a2fe-cc12dc038235,2025-09-25T10:16,4,89.12,Online,Pending
cfb9b105-661d-47d8-b5f2-13e0145d4afb,bc58b12c-65c4-4f21-89ef-3e492a22ef7c,2024-12-03T10:16,7,142.80,Cash,Completed
4316b04d-f70b-4ea1-b0ab-9227542f969d,e12c3d24-86c8-474f-b86b-370df36adbfe,2024-12-03T10:16,1,23.13,Cash,Completed
59310937-c1a8-4f6d-b0e7-5d82f28846fc,aff4340c-d102-49ba-af8e-84d2737ce82c,2024-06-27T10:16,6,57.00,Cash,Pending
37c5e157-7105-442c-b06a-c95b96574a44,b95f7619-fab2-4df9-8683-1f2aeb93a660,2023-12-17T10:16,1,23.00,Cash,Cancelled
b033ed51-2593-4907-bcb6-c154bf6b3ef3,92da274a-bea2-490a-bb52-196c46fa8487,2024-05-17T10:16,4,80.80,Card,Completed
8ccaeafb-46fb-415e-a5b5-f73cb3676372,1407e9cf-22c9-4137-a2fe-cc12dc038235,2025-05-18T10:16,7,199.71,Cash,Completed
a903a0f3-0218-40be-97b3-6d76c13f28a8,e886c155-0dae-4b36-88f5-a86fa474d1f6,2023-12-27T10:16,8,81.68,Cash,Completed
d582e1d1-1385-4dec-91e7-607db68f8e01,0a15d43b-8f6b-444a-bef2-ffbddfdbd16f,2025-02-09T10:16,8,212.56,Card,Cancelled
1d13bb26-20e5-461a-bce0-c450e391e331,365c90d0-a590-4209-9401-2ce55af5ed98,2024-07-05T10:16,6,159.54,Online,Completed
7d4cc311-ee80-469f-a30c-34a5910d6e45,bc58b12c-65c4-4f21-89ef-3e492a22ef7c,2024-01-28T10:16,3,39.81,Card,Completed
796bed78-1b7f-4605-820e-f5ce04c58cee,726d71e2-70fd-4416-8568-78619c14a73a,2025-03-13T10:16,4,64.16,Card,Completed
d8a2bfd7-6fe9-45d0-9f11-82e03208fb76,7a18d550-38d0-40b2-84a7-547162e7e409,2024-10-08T10:16,6,118.62,Cash,Pending
7d50a945-fb5a-40ea-9dcc-2d7457487894,8113211c-bdc3-4bb0-94d9-3fd3871f3005,2024-10-30T10:16,7,153.86,Cash,Pending
421d475a-3b72-445e-aa56-fb9fde4a8799,2c6dafc9-06cc-4b3d-8b8d-12aae0644c58,2024-08-16T10:16,6,95.46,Online,Pending
b4b39026-a736-4744-8dd9-80cab3dbf6cb,f0a6a958-e434-41bf-a830-dffa55a34db5,2025-09-19T10:16,9,264.60,Online,Pending
a5959728-6f01-4ebc-8675-8327d762413b,c46351bf-193f-49af-a5d6-456188837c3d,2024-05-09T10:16,8,112.48,Online,Cancelled
ad6bf724-b664-4141-b3bd-e921a3be8d8d,ba5d9947-b043-4aca-8ee0-6b77895cf8e8,2024-05-27T10:16,9,235.80,Online,Completed
561c283f-040c-4d42-ab4b-1ba47d059fef,205ea7f7-e714-45b8-a083-11247ff702a1,2025-09-08T10:16,1,6.63,Online,Cancelled
22cad9e5-a02d-4142-889d-81dc3c54cbc1,3befa4dc-d961-4a3a-9410-d43d1bdaa335,2024-07-29T10:16,6,64.86,Cash,Pending
25f48490-c4fd-498d-959f-d1e9b9b9976d,06e585f0-5b60-4900-81d1-3379328e6c17,2024-09-03T10:16,6,127.26,Cash,Cancelled
5a6662f6-6e2e-4afd-bc36-bc8ebeba07c7,4e6807ca-aed8-4ec9-b1b0-0e3aba57efb1,2024-06-20T10:16,7,134.19,Cash,Pending
f3f287a4-45a0-497c-86cd-8b8c57a2e364,99c406e7-092b-4eeb-bc08-56fc041c253d,2025-11-03T10:16,2,24.34,Card,Pending
479553b0-33f2-446c-8c09-824d14b1a726,27e45431-1333-4ffd-a0c8-be56ffdc5d4e,2024-09-18T10:16,4,73.52,Card,Completed
802321ac-1df0-41a8-b224-a8bb9fe303e1,b0d737cd-ec4b-4a88-aa81-d012ef3fb719,2024-08-06T10:16,8,109.28,Card,Completed
8b53f3af-11b5-4e9b-bdf1-1af53226400c,52c87fd9-fdf0-4256-b929-6153ad24a0ac,2024-11-01T10:16,1,17.50,Card,Cancelled
1296f020-ff82-4c09-884f-8f062468af80,935ebde1-5945-4673-886e-1a7a12cc2d4e,2024-09-08T10:16,1,29.42,Cash,Pending
b3788160-e7ff-4f1b-9746-351cd2dff35a,4f6ae324-5b6d-47d6-a86d-26ec6fbe1e0e,2023-11-14T10:16,9,77.94,Cash,Cancelled
53eb45e7-560c-4e75-8cdc-5b2a09b37f47,80537cf2-360f-4740-8b7e-d4cd56e22987,2025-08-14T10:16,9,191.34,Cash,Completed
335d8243-4c93-43f8-8cfb-1e41523bf084,c63bd277-c81c-40c5-8720-6ce916d653c4,2025-08-29T10:16,6,175.38,Online,Cancelled
679b672d-8b0a-49bc-a426-85d93eb721bf,4e44f26d-5455-405b-8fdb-63ab8b739ecf,2024-04-27T10:16,5,107.00,Card,Cancelled
26015fd0-fe6e-4a7a-b574-fad96bf8b9e6,953417c6-cd52-45e9-9ca0-bb450653c934,2025-06-22T10:16,7,53.83,Cash,Pending
7cc24d52-8e23-4b44-9132-35f529e13d40,983d66ae-c8b0-46b8-8abc-26a1055cf729,2024-09-25T10:16,6,82.20,Cash,Completed
8d8acc21-173f-40b9-8b87-f3ee9168cca9,fe624323-ba72-456d-9842-ed9e0edc75df,2025-03-18T10:16,9,215.46,Cash,Cancelled
d0b738bc-c73d-4ac3-b2d9-9cec63b8bdb8,c3ffc43c-0c11-40fa-9824-f234161741d0,2025-07-26T10:16,7,82.67,Online,Pending
c8b828c0-c211-46aa-9685-91d117bf4533,e886c155-0dae-4b36-88f5-a86fa474d1f6,2024-09-28T10:16,8,106.32,Card,Completed
aae96484-29f0-4072-b6b2-ba88d427eeec,c46351bf-193f-49af-a5d6-456188837c3d,2024-06-17T10:16,9,175.59,Online,Completed
061c5a50-8031-4b84-9335-cc2e96f718bf,9fa382f0-8393-48db-ad30-43c953282401,2025-11-03T10:16,6,137.64,Online,Completed
5abb7a15-2063-4b34-9550-543c3f9be3a3,1407e9cf-22c9-4137-a2fe-cc12dc038235,2024-08-18T10:16,6,64.74,Online,Completed
90960918-eddf-4468-98b3-3372d7aedea8,65b2c0ea-6192-47fc-9286-2c1dd3ecefb1,2024-08-26T10:16,2,48.68,Card,Pending
7a3acdea-b3fa-4056-9101-76be7d82d8af,89d26a00-0fde-4c03-8430-b06f6bc3f33a,2025-03-06T10:16,9,156.06,Card,Cancelled
7ea2d155-3be0-4a37-be74-bc7b4b98d41d,0a5a9fc7-e126-48f0-99aa-dea85c606f66,2025-08-25T10:16,6,160.50,Online,Pending
bbf74c99-79c8-46b2-a239-ad407d9c713d,69446e90-4237-4410-ab55-e011eb04cce0,2024-09-25T10:16,3,45.27,Online,Pending
2d15a548-811b-4a39-90f2-807c32eee72f,89d26a00-0fde-4c03-8430-b06f6bc3f33a,2025-01-15T10:16,1,17.87,Cash,Pending
005e84c5-d1dc-45c9-9884-a210329eb8d3,6e551d53-4f6d-4b84-a9de-3d7c79694805,2024-08-09T10:16,9,112.41,Card,Completed
08573a4f-1e88-48ec-903f-ac70492cd84b,935ebde1-5945-4673-886e-1a7a12cc2d4e,2024-02-04T10:16,5,94.45,Card,Cancelled
6d222911-556b-42e7-a26b-f2607630fb5c,06e585f0-5b60-4900-81d1-3379328e6c17,2023-11-20T10:16,2,37.24,Card,Completed
f45ebd21-db7b-46a9-b740-6ce70b3355bb,c0d74d86-5c5b-481d-b8e3-61eeb9c77255,2023-11-17T10:16,1,6.13,Card,Pending
4197c00c-1bf9-49dc-857e-896256e3fe03,d7af10ce-45c9-4fc8-8dd8-b1c5491aad5f,2025-10-25T10:16,2,51.22,Online,Cancelled
9d8bd832-90e6-4136-b8df-61561fb40dbe,726d71e2-70fd-4416-8568-78619c14a73a,2025-01-17T10:16,5,32.40,Cash,Completed
653ebd77-4125-4e50-855d-c34a94c82062,5f0f3def-9ff6-4282-ad04-001c4a769966,2024-11-25T10:16,1,15.60,Cash,Completed
dbf02d83-bc96-481d-9380-e3d721624f03,3befa4dc-d961-4a3a-9410-d43d1bdaa335,2025-07-26T10:16,6,94.20,Online,Cancelled
ff80c4a3-4a0a-4870-8bba-c08662a0aacc,401a6911-a31e-4892-adc1-56e3e1eb090a,2024-12-05T10:16,9,68.58,Online,Cancelled
89d7ddb0-27e5-4800-b190-d6218e061ee7,10b26c2d-7d56-4175-84a8-a2775e128a9d,2024-02-27T10:16,9,268.20,Cash,Completed
5c114719-06ae-4207-b183-cbf6f88b873b,000f9c8f-2fc7-4346-844d-c04f10751265,2024-10-30T10:16,2,48.76,Online,Completed
5e1a83ef-ae52-4a92-bf9c-6f051a875b3c,ecf1ffb0-ac00-4968-87ea-8beef4ace55a,2024-03-15T10:16,4,113.52,Cash,Pending
561674b5-a949-42a4-9133-65384a1c5128,964d337f-acd5-4ca2-8843-9be3f2eb60fc,2024-10-05T10:16,6,85.86,Online,Completed
edfe88cb-f4e9-4755-8576-1321f16f25c0,8e1bbe6c-7b75-46dc-8ca1-0b1664cd6ae4,2024-08-08T10:16,7,66.92,Cash,Pending
09d1c235-086b-43d4-8077-a682c372417f,6e551d53-4f6d-4b84-a9de-3d7c79694805,2024-12-28T10:16,4,96.60,Cash,Pending
acf8ed4b-b5b4-400f-a3bb-8ea559bac359,f0a6a958-e434-41bf-a830-dffa55a34db5,2024-06-23T10:16,6,164.88,Cash,Cancelled
5237f9c0-18bd-46f1-b624-04fc9fd09797,caca465c-e9f2-4add-91b5-24c70595e321,2024-06-25T10:16,8,113.20,Cash,Pending
02ef2343-f620-45fc-b7b2-5669bcf13561,caad7924-4bc5-4f85-9662-11ca261e3c87,2024-01-26T10:16,8,116.32,Cash,Pending
a9ba3cf6-4d76-48ec-9374-a6f28015a870,05ccd8a5-ea5f-4353-bd1e-3022152b0685,2025-04-28T10:16,7,47.81,Cash,Completed
2f80519d-9cb0-4fbf-a9df-5b8a0c09cd34,ada8704c-2784-4d70-84da-10078407d2c8,2024-06-17T10:16,2,18.16,Cash,Completed
9a19996a-934f-4bac-a2d4-6bfddb963e70,bc58b12c-65c4-4f21-89ef-3e492a22ef7c,2024-05-18T10:16,2,27.46,Cash,Completed
bb45ef6e-6d78-40f7-9c8a-fcde3148ff59,2c6dafc9-06cc-4b3d-8b8d-12aae0644c58,2025-07-17T10:16,3,36.99,Online,Pending
c2010418-48f2-4b44-bb96-0a9ea656ad2b,5400d214-6176-40bf-88d2-3f53ed38bf69,2025-06-01T10:16,5,96.90,Online,Pending
b3cfbee5-c20c-4ff6-abdd-55c3e462f9a9,39cb44e2-a541-4b98-bc0b-db5f31cf8710,2024-10-21T10:16,9,191.79,Cash,Pending
9cf79a45-becc-41ea-b524-46f8bb790375,0dd437d0-74fa-43c3-8909-5c955e4d47dd,2025-11-02T10:16,7,43.19,Card,Completed
a0983054-b82d-46e2-a66d-bbed2b4003a3,caca465c-e9f2-4add-91b5-24c70595e321,2023-12-24T10:16,4,43.88,Online,Cancelled
efef4418-47b3-46fb-b708-175a1e005aec,0b2a0e9a-e050-4380-b607-57adcbbf59d4,2024-12-12T10:16,4,69.40,Cash,Cancelled
40f59430-0454-4b1c-87b5-6122b159863e,d7af10ce-45c9-4fc8-8dd8-b1c5491aad5f,2025-01-22T10:16,2,16.12,Card,Pending
b30c5534-7e9e-49f1-a14c-4d21f5591adc,365c90d0-a590-4209-9401-2ce55af5ed98,2024-10-22T10:16,9,177.21,Cash,Cancelled
41d9676d-39f5-4e29-93be-ad4c5bc9eae0,d5cfb1a3-ce2f-4aff-ab4c-50e0c5426af1,2025-09-27T10:16,6,137.70,Online,Pending
f3d2c7d9-2b6c-4f0d-9899-278beadf0cc4,f543de06-e341-4de2-95ab-ca0fd3ee51fe,2024-05-08T10:16,9,66.87,Card,Cancelled
20b7ec73-091c-4c35-8c2d-dc7042f9a52f,1a48aa9a-def3-481d-922a-94300aa97309,2025-05-24T10:16,4,54.40,Cash,Cancelled
b3ce20fd-eb7e-41cf-9f9d-fcad22a8fd33,a938df5f-7764-459c-8bfd-90409d16b3c6,2024-06-23T10:16,4,32.44,Card,Completed
82f754a0-f611-4d70-81dd-a7f47b628b32,dcfb3d05-846d-4915-99f3-ebbc7559d972,2024-08-31T10:16,5,103.40,Online,Cancelled
01e83bc0-a121-40fb-9612-3b9a47016c75,0130fcd4-a6cf-4a72-8400-7bcae1abce34,2023-12-09T10:16,9,161.91,Cash,Pending
2ee4667c-0902-4904-be15-81449f4c0430,9305d562-2505-493d-8ed8-3fb721c8f491,2024-09-03T10:16,6,101.10,Card,Completed
1b64fdfa-2096-44da-aa2d-4d2ab822bf8b,bc58b12c-65c4-4f21-89ef-3e492a22ef7c,2025-06-08T10:16,3,35.73,Cash,Pending
f77df7fc-8e56-43db-9439-74ce9ad91d1a,8e1bbe6c-7b75-46dc-8ca1-0b1664cd6ae4,2024-03-14T10:16,8,129.68,Cash,Cancelled
9c380eed-c645-4164-a190-54820f1eea43,e7991221-0de0-4ef8-aa9c-ca3b59197059,2025-11-08T10:16,8,100.32,Card,Pending
26dda81f-975e-4921-8f32-95adb5547a7a,6bd388d4-5636-450b-bacd-55bdcb769bab,2024-06-20T10:16,9,176.13,Online,Cancelled
59f4b666-7ef2-42e3-99c5-9ba0910c085d,c63bd277-c81c-40c5-8720-6ce916d653c4,2024-11-14T10:16,8,186.64,Cash,Pending
fa3041bb-0a80-4942-a42d-280239af4566,6f61ca8e-51a1-48e0-abfa-88326e713e34,2025-05-09T10:16,7,80.15,Cash,Cancelled
b000223b-732a-46fb-b8a8-da88bc153582,e12c3d24-86c8-474f-b86b-370df36adbfe,2025-08-02T10:16,9,246.87,Cash,Pending
5e5b71b9-ab7c-492f-a8d3-aecd938d3a81,6aaabc79-3d35-410f-bb96-f86a3930d0ff,2024-03-06T10:16,2,43.64,Cash,Completed
1602f9d0-2e92-4bcb-825b-7de48e143d59,ec3490d2-e8da-47ee-ae12-0ca0b1d7a2bb,2024-08-02T10:16,1,29.92,Card,Completed
01021a15-fbb1-428f-b1cb-919c3059dc4a,0a5bd884-b432-4ce5-b14e-44b4aedd4c0f,2024-01-20T10:16,5,64.05,Cash,Cancelled
8415e8ca-f75e-48f8-abe4-0f2d5cfa474c,aac35608-9499-49c5-811a-a059e773c968,2025-08-04T10:16,8,233.12,Online,Completed
04edc591-7328-4c03-b26f-60d276bc5b11,c1a09d60-c9e8-4489-a68e-e01b51541d33,2024-11-03T10:16,2,40.52,Card,Pending
a0f65a5c-da1b-4650-85e3-fe710adc92c1,d87f31d7-79ef-4c17-856e-142e791b04da,2024-11-01T10:16,1,11.50,Cash,Cancelled
c8f40a1b-1e5f-4529-8b10-55e3ebb7ff86,80537cf2-360f-4740-8b7e-d4cd56e22987,2024-10-19T10:16,2,45.24,Cash,Completed
68d89027-c66b-4334-9798-36bae42eb7ba,c3ffc43c-0c11-40fa-9824-f234161741d0,2023-12-31T10:16,3,22.05,Card,Cancelled
c4dbdcd2-7d17-4b8f-af65-e1e67ff82016,26d032f1-9fe9-487a-987a-a8be14e1db05,2024-01-18T10:16,7,105.77,Card,Completed
f41734c0-c4a9-4181-b80f-c0e12349490a,71f17b36-2c37-4cfa-bf8a-894fa94c0e9b,2025-03-31T10:16,5,45.15,Online,Cancelled
8463a92c-a682-4202-ac0e-a97c5ff656ad,fe624323-ba72-456d-9842-ed9e0edc75df,2024-07-12T10:16,8,143.20,Cash,Pending
fdd20863-c213-4080-8380-4618345c1329,e38afcd9-9e08-47ba-bc92-5ebb4bc271eb,2025-10-02T10:16,7,177.17,Cash,Pending
6619c863-20eb-4bc6-8449-ee4a69709d2b,4bb2d776-14c0-4ef6-b8ba-c580cbed72b8,2024-08-07T10:16,6,174.90,Online,Pending
48d09955-cfd9-40b6-8c6a-5a5784af9c6c,68169a66-a8d4-4763-914e-7befc826445b,2025-08-14T10:16,4,82.16,Online,Completed
c0bf582f-379e-4ea1-a25f-a7e6515c2de2,26d032f1-9fe9-487a-987a-a8be14e1db05,2024-11-06T10:16,4,106.72,Online,Pending
2549a702-7d7f-495d-b8f4-75d2cca13f36,0472ca7f-b133-4710-8f43-24a3c6c1afd1,2025-06-10T10:16,3,23.01,Online,Cancelled
a9bdd57e-7ffe-4d2d-9bc8-09fb509d3275,dcfb3d05-846d-4915-99f3-ebbc7559d972,2025-03-14T10:16,7,171.29,Card,Completed
69e767f9-c82c-4c9b-90f6-d4c7686b7263,058b9c75-b72f-4594-80d2-e41194ff7672,2025-06-18T10:16,9,68.31,Card,Pending
5f6f3d86-8d3b-40e2-a9b7-01684baa8a15,93cdeef1-3fc3-4a63-a275-0ae87ae6b335,2024-06-23T10:16,7,162.61,Card,Pending
17d56fe9-77a0-4b37-a7f4-b563b0c6e4a2,98b17fed-218c-4f20-8410-9f0edfc74455,2024-11-21T10:16,9,53.64,Online,Cancelled
4fe19e89-a1e5-4ded-a7c2-98e807db3584,4739f27f-7a96-4d52-83ae-0c6fd4c8c606,2024-10-13T10:16,4,102.76,Online,Cancelled
b69ec9de-7da0-402d-8577-2d660a1231a6,964d337f-acd5-4ca2-8843-9be3f2eb60fc,2024-09-18T10:16,3,55.20,Online,Cancelled
852f5b80-7e27-4633-834f-fb70716576ba,953417c6-cd52-45e9-9ca0-bb450653c934,2023-11-25T10:16,5,91.70,Cash,Pending
6f731673-8cec-4630-a91e-4084c12d97c8,5400d214-6176-40bf-88d2-3f53ed38bf69,2024-03-24T10:16,5,102.90,Cash,Pending
b6c73d3b-a369-42cc-9832-819300b63b87,bf0de251-90d7-423c-8b31-48df1a89964f,2024-11-14T10:16,3,33.99,Online,Pending
aa372878-b09a-4fc1-ab56-504c7a831f1f,8b546c63-5406-493d-bc69-cfb594b38267,2024-06-03T10:16,7,96.60,Online,Pending
f6f1a002-0782-4dd4-80b6-ecdca3d88b7a,401a6911-a31e-4892-adc1-56e3e1eb090a,2024-01-02T10:16,1,29.23,Online,Cancelled
88fec540-c247-4744-aeaa-04c047afb788,103fcba5-5588-45a5-9fe0-6ac948d3860e,2023-12-11T10:16,8,162.40,Online,Cancelled
c1292f41-48dd-43cf-8bde-6aed6387d2b5,1eeb9c5f-5b7a-47af-b4f1-5a50d9d1089c,2025-09-19T10:16,6,151.50,Online,Cancelled
e98b6ab7-ab49-4161-ab73-ba684d74694b,910b1d47-5c37-48b1-8bde-96c60660f1d7,2025-05-13T10:16,7,174.02,Card,Cancelled
86c05ca9-17b0-487e-a534-8517b945489f,ef7fad1f-a86f-4ee1-95b4-ce1f339f0fa5,2025-11-03T10:16,4,75.28,Card,Pending
9130eb0f-a33e-40d4-b396-99de46818a50,39cb44e2-a541-4b98-bc0b-db5f31cf8710,2025-04-30T10:16,7,149.59,Cash,Pending
cd425439-c6d3-47a7-8496-ddd9baf8e4f6,6aaabc79-3d35-410f-bb96-f86a3930d0ff,2023-11-16T10:16,7,131.46,Card,Pending
3daa6d9c-6ad8-4d94-9074-a4ce2f29948a,ebbc7df0-770d-44f8-b0ff-c62f9006e40e,2024-07-11T10:16,6,173.94,Online,Cancelled
b8b293fc-8541-4e38-b8d5-0390fda971eb,7a2e5fa5-096b-4701-8ce6-7a3db39bf8eb,2025-05-28T10:16,1,6.37,Card,Cancelled
a2aab1c5-24f1-4199-a5fa-381fe690d680,a5ffc907-be77-43e6-8694-4a0bf09bd3fb,2024-06-05T10:16,1,8.83,Online,Completed
5119b712-b642-429d-b07d-fb797deb2ef6,0a5bd884-b432-4ce5-b14e-44b4aedd4c0f,2025-10-08T10:16,3,75.60,Cash,Pending
68475b89-5b35-4c71-a809-533a3573f79a,b95f7619-fab2-4df9-8683-1f2aeb93a660,2025-05-18T10:16,1,12.71,Cash,Pending
e6dbdce5-021f-4fce-ad4b-6885cd2f7bc0,0a15d43b-8f6b-444a-bef2-ffbddfdbd16f,2025-08-03T10:16,7,170.45,Cash,Completed
72d54238-3902-4650-a5e8-06363db8bcdb,f3826f04-0dfa-4266-8002-58fede0093f5,2024-09-11T10:16,5,114.80,Online,Pending
faa2a0b4-1faa-4bbf-bbbb-98915aa2a04d,e7991221-0de0-4ef8-aa9c-ca3b59197059,2025-02-08T10:16,5,76.55,Online,Completed
1eca1dc7-70c1-4cc7-9280-86ba8c83f2d9,e7991221-0de0-4ef8-aa9c-ca3b59197059,2024-02-10T10:16,8,84.16,Cash,Pending
db857e7e-48f7-4323-8b9d-4b36a4500d18,3910ab11-8758-4a4f-8a9b-c4f5df7413c4,2025-08-05T10:16,5,76.65,Cash,Completed
5463c807-2f8b-4f8e-ad28-ed2f80f15716,b04ce307-2d1f-4214-b023-d8f4379041a1,2025-08-01T10:16,6,172.20,Cash,Completed
37c6a30d-0629-4cd0-9874-43d84e4325e2,52fbb114-83aa-432d-b2f1-f3e37a5c4754,2025-04-25T10:16,7,208.32,Cash,Pending
643c92ae-e5cd-4a83-b71b-b983693d60b3,74e76582-f1b8-4560-b049-8aebb59d4721,2025-05-08T10:16,7,50.75,Online,Cancelled
06d5d396-b1fb-436b-a0ff-9aacc33b2761,9b9edd1e-b4f7-414c-b8b5-a3dc51fa0a8c,2025-04-28T10:16,6,108.42,Cash,Pending
ef4420a5-81d9-4225-93b0-99f53fe8b488,bb9edfa8-17f7-4f6f-8e3b-616693a298b1,2024-01-29T10:16,3,47.85,Cash,Completed
93ec0e2c-9a20-4bb5-af95-c2bc71d407bf,ebbc7df0-770d-44f8-b0ff-c62f9006e40e,2025-10-08T10:16,7,164.08,Card,Pending
cd4a3e6c-db2f-42f8-82ac-a9cb930f4f49,050d9901-1cb5-413a-9c31-282028f863c1,2024-10-13T10:16,9,191.25,Card,Cancelled
32b0ba60-a795-4fb1-aad5-4f5bd1546074,cf65c4b6-4c1c-420b-95de-23e5b56ffad5,2024-11-04T10:16,2,34.16,Online,Cancelled
2abd882b-cd57-47c0-a2e2-3ccf2fb10b97,fe624323-ba72-456d-9842-ed9e0edc75df,2024-10-06T10:16,6,143.58,Cash,Completed
2f9c1bd8-a64b-4859-94bd-ac55d248ea84,e7991221-0de0-4ef8-aa9c-ca3b59197059,2023-12-03T10:16,4,50.04,Cash,Completed
dd0126af-70fa-4946-8f7a-04c1dd7808d9,d6d4ef4b-0870-48aa-b884-013237f255f4,2024-11-06T10:16,8,95.12,Cash,Pending
aaa60fb0-9534-410c-a100-3df83470a6ce,1a48aa9a-def3-481d-922a-94300aa97309,2024-08-09T10:16,4,115.92,Card,Cancelled
8f95b52b-a90d-410c-bfca-5772c9d90878,1a31c678-d420-495a-aff3-0f1609514e1e,2025-04-26T10:16,2,14.70,Card,Pending
d9e28a4c-e1a9-4e3d-a666-f2880a00a1cc,b047b369-02d0-4f25-9af0-f1e883228863,2024-08-30T10:16,3,67.53,Cash,Completed
c9b79754-5081-40b1-a259-7875bc6c7e22,53db1213-7316-47bb-9099-c1def0e3c96b,2024-03-06T10:16,2,46.52,Online,Completed
978f7be9-b163-4aa4-9a2e-0a6a41dcc11a,fbe227d7-6d32-4407-9783-7fdac983e55f,2024-02-02T10:16,2,55.36,Online,Pending
18b5f1ca-a6c7-450d-9bec-07fc44b9239e,b0d737cd-ec4b-4a88-aa81-d012ef3fb719,2025-11-07T10:16,1,17.91,Online,Cancelled
4bd8d067-a86f-46ec-9ef3-d7976b0f59c2,824998a2-7592-4051-ab0b-d5e12743c93b,2024-05-21T10:16,6,146.70,Online,Cancelled
4ce1c197-d42b-4c51-be19-77ef277bbf84,6b1178fc-1745-401d-88da-3903c243ebe9,2024-04-20T10:16,8,215.52,Card,Pending
b0c3c62f-5725-46e1-a65b-9b948a635d5a,7509850a-5062-4da9-aad6-bc5b9e363ef1,2024-05-20T10:16,9,92.88,Cash,Completed
95e739d5-379c-445d-b690-881ff2b58500,27e45431-1333-4ffd-a0c8-be56ffdc5d4e,2025-06-13T10:16,1,8.19,Card,Pending
a7b7392f-9046-4d40-a057-b333c8a60b66,11526850-7335-463f-b740-a52a90457c3b,2025-05-29T10:16,1,19.12,Card,Completed
69fc4360-441d-4221-bc36-05eb3c06b12f,05ccd8a5-ea5f-4353-bd1e-3022152b0685,2025-09-07T10:16,5,109.85,Card,Pending
8c74da72-bbdf-40e1-886c-9e78fe4c452f,d3f641e5-b8b5-4f5f-9155-7768df2033e8,2023-12-05T10:16,7,53.34,Cash,Completed
b83758d8-ecee-4094-bf47-6df93034cd52,000f9c8f-2fc7-4346-844d-c04f10751265,2024-06-06T10:16,6,152.10,Cash,Cancelled
349198e0-8688-4692-a887-d369f4eb062e,ecf1ffb0-ac00-4968-87ea-8beef4ace55a,2025-09-26T10:16,1,22.54,Online,Completed
16269fa1-81b5-4c06-8d43-98c642a3c1bb,0b2a0e9a-e050-4380-b607-57adcbbf59d4,2024-11-08T10:16,5,36.50,Card,Completed
e7f59a3a-5391-4f86-b0aa-53d2d1b55e85,aff4340c-d102-49ba-af8e-84d2737ce82c,2025-03-04T10:16,2,45.30,Card,Cancelled
86187f10-4936-49e3-9c2c-8fc40b7bcbcd,4bb2d776-14c0-4ef6-b8ba-c580cbed72b8,2024-03-10T10:16,4,115.04,Cash,Cancelled
1853a83d-2166-445f-939d-d99663c76141,a190f67b-21df-46bc-8164-46bdfa00af85,2025-09-01T10:16,8,118.00,Online,Completed
636cbd18-aaa8-469e-9e8f-2b1a8e0bffc7,ebe19120-496a-47fa-87eb-2440212a3363,2024-12-03T10:16,9,109.62,Cash,Completed
c33999d1-97fc-4781-b425-9026d7e430eb,050d9901-1cb5-413a-9c31-282028f863c1,2023-12-27T10:16,1,22.36,Cash,Completed
3b0a709a-6a5d-43cc-9a4e-9c95a2a55662,8113211c-bdc3-4bb0-94d9-3fd3871f3005,2025-06-28T10:16,6,54.24,Card,Cancelled
18a6e7d8-ab97-4bd9-b0ea-21f9ff32981f,8b546c63-5406-493d-bc69-cfb594b38267,2024-10-31T10:16,5,142.15,Online,Pending
35da6918-14a9-4295-9be7-c2c9fd4bd84b,000f9c8f-2fc7-4346-844d-c04f10751265,2025-06-13T10:16,4,93.56,Online,Completed
c89a9b09-1216-43b3-af0a-c696369c33b1,b03f75c1-655f-4480-a2bf-1a0af806e96e,2025-11-03T10:16,5,94.95,Online,Completed
742f88f1-3a0d-44da-9411-e6305ecd6cef,e85d0261-2d97-4475-a749-363ec9040a74,2023-11-22T10:16,5,96.50,Online,Pending
06f8b4ce-f91d-44ec-a129-1caa94420ad0,4e44f26d-5455-405b-8fdb-63ab8b739ecf,2024-03-05T10:16,1,15.35,Card,Cancelled
480e75ce-9187-4373-b1d1-2803186775fe,63846b60-b7be-4087-ac6e-56c9bc130a20,2025-05-25T10:16,9,233.55,Cash,Cancelled
bbaa8ce2-8f8a-4b31-b6d5-d853e0e7ba50,b03f75c1-655f-4480-a2bf-1a0af806e96e,2025-10-30T10:16,2,39.14,Online,Completed
328fb903-ac69-4fa8-99fd-451636dda032,b90a3a7f-421e-47e5-8598-fe50f365a62e,2025-02-24T10:16,6,111.36,Cash,Completed
527ec913-c75e-4ad3-b5ee-a615b6957e52,726d71e2-70fd-4416-8568-78619c14a73a,2023-12-20T10:16,1,5.44,Online,Completed
f3593182-70e9-4542-9d41-6ca317dd4c42,e85d0261-2d97-4475-a749-363ec9040a74,2024-04-23T10:16,2,47.06,Card,Completed
d5c784c2-00f8-4bbd-932d-2b9814c5e6d9,39cb44e2-a541-4b98-bc0b-db5f31cf8710,2024-05-13T10:16,9,143.37,Online,Pending
f41129fa-1e81-495f-9a72-e570a966c31f,99c406e7-092b-4eeb-bc08-56fc041c253d,2025-09-28T10:16,6,119.58,Cash,Cancelled
f5ab9ea3-a7f3-4a8d-b3b3-80740d958596,ceafdb2a-788d-48e0-acdd-bd533a2e7ab6,2024-10-10T10:16,3,73.23,Card,Cancelled
0773dc07-a405-4c99-895a-6b1cb3fe19c6,000f9c8f-2fc7-4346-844d-c04f10751265,2024-01-13T10:16,1,6.98,Online,Pending
57eb66e1-ce4b-41b2-8c61-6781dc76fa51,e6cb1215-5314-4d05-bfd1-f6e5d36e89f7,2024-01-22T10:16,7,95.97,Cash,Completed
e09f41c0-7f8c-4dda-99ba-a61a11554687,e38afcd9-9e08-47ba-bc92-5ebb4bc271eb,2025-01-26T10:16,8,150.08,Card,Pending
a14d7d32-5450-4dd4-8d9d-420c46f142eb,80537cf2-360f-4740-8b7e-d4cd56e22987,2025-09-08T10:16,4,49.72,Card,Completed
8d1e6443-f785-4614-9bf4-a3b877430dcb,fdb5454e-2230-489e-ade4-9218ff28cbd8,2024-04-10T10:16,1,18.77,Card,Pending
b6e52099-efa5-4c88-a71e-7b0db9dce322,cb8747c7-32ca-4b6b-868d-13ab01d953ec,2024-11-12T10:16,6,119.16,Online,Cancelled
df934279-1250-4d3c-8bb3-fd9afae8610f,c5817fdc-a4dc-4879-b957-30cfda62016b,2024-09-28T10:16,9,267.66,Online,Completed
f3c5386a-56fb-447c-951c-15962c5b2355,ef7fad1f-a86f-4ee1-95b4-ce1f339f0fa5,2024-12-04T10:16,7,88.06,Online,Pending
bfff5a87-a41d-4043-a334-d0aa8eb7dcfd,60cd80b6-3967-4dae-b4df-adc7b5644971,2024-07-31T10:16,5,72.25,Online,Cancelled
b432868c-3dd0-46f2-bc33-85d86d8d1221,71f17b36-2c37-4cfa-bf8a-894fa94c0e9b,2025-07-10T10:16,1,25.70,Card,Completed
36828e0a-597b-4980-8834-c072c6410d35,3dcaabe3-78c9-4d88-bed5-56ca7ceea07c,2024-06-24T10:16,2,39.06,Card,Pending
d2628c8c-a4bc-4fbc-bca9-bc260e61b6a5,e277d099-db2a-4aee-ab86-8b0e73a34383,2025-01-03T10:16,8,57.52,Cash,Completed
67132ef3-48f1-4205-af48-1ec87c6eb9bc,bb9edfa8-17f7-4f6f-8e3b-616693a298b1,2024-04-03T10:16,4,100.12,Card,Cancelled
6a5c5126-3fc1-4724-9ca3-0ca95441d225,f0a6a958-e434-41bf-a830-dffa55a34db5,2024-12-04T10:16,3,37.65,Online,Pending
3875da4b-8b6c-4cf4-926b-6ed544ee8324,aac35608-9499-49c5-811a-a059e773c968,2025-04-17T10:16,6,138.84,Card,Cancelled
73343d64-4ba5-4ae0-8d95-47a10c0c9870,8113211c-bdc3-4bb0-94d9-3fd3871f3005,2024-05-23T10:16,1,14.29,Online,Cancelled
f64c2ad8-31fe-4af2-a59d-919b74b8d100,dcfb3d05-846d-4915-99f3-ebbc7559d972,2025-02-05T10:16,7,95.97,Card,Pending
28dbcd7d-6fd1-4ba4-905d-e58037b37a3f,4e6807ca-aed8-4ec9-b1b0-0e3aba57efb1,2024-05-06T10:16,9,173.79,Cash,Cancelled
9fa2e1e9-d159-4701-910f-36e2ded4c407,4e6807ca-aed8-4ec9-b1b0-0e3aba57efb1,2024-06-12T10:16,6,37.08,Online,Cancelled
b69a4c78-26b2-42be-a0fb-9069fa120a8e,964d337f-acd5-4ca2-8843-9be3f2eb60fc,2024-09-27T10:16,7,202.09,Card,Completed
d7d93201-286f-4418-8863-12f115c059a0,c5817fdc-a4dc-4879-b957-30cfda62016b,2024-07-20T10:16,8,199.04,Online,Cancelled
18ebde16-fbc9-44cf-aa81-3073e13a37ef,67c276b0-7be6-4f3c-bf86-c342095c8112,2024-12-05T10:16,1,9.28,Cash,Completed
8306ee88-6902-4adf-9150-5d8b3b56ef1b,23650eb4-f98d-45a3-a90b-a378f03d469d,2025-05-21T10:16,8,238.48,Cash,Pending
f678ff6e-da39-4290-ae89-be779cd96e61,c63bd277-c81c-40c5-8720-6ce916d653c4,2024-05-11T10:16,7,101.29,Online,Cancelled
65e7c624-5207-4343-a696-449b32e334db,bb6ceda0-3f7a-4dfa-9862-41a88dd468b2,2024-04-20T10:16,7,132.44,Online,Pending
db10d37b-4300-469f-9ea8-5d84483fa5ed,f90cf3ca-e2d0-4129-bc7a-e8a2b80880da,2024-06-15T10:16,4,24.68,Card,Pending
1e4e96c7-3c65-4ab6-86dd-bcc28e6f5d37,39cb44e2-a541-4b98-bc0b-db5f31cf8710,2024-07-22T10:16,7,112.84,Online,Completed
18e93f03-0105-40c9-90bd-ba113fce050d,d5cfb1a3-ce2f-4aff-ab4c-50e0c5426af1,2024-07-04T10:16,1,13.94,Online,Pending
f78a0e28-7b1b-487e-abe5-55f068fa4376,d5eaf6a7-76cc-48ec-98d9-ba713e2df70f,2025-04-02T10:16,8,237.04,Online,Pending
b00c9497-9d9e-40f1-9aa3-f63e996578b7,515fe1d2-d33a-4b9d-8c19-07e0cbe81a9a,2025-10-27T10:16,3,31.89,Card,Completed
7f60c8ad-e611-4a49-964f-bc5147d43a5b,8887df7e-682b-4d48-b18c-c1ddfa0aaa26,2024-07-25T10:16,4,20.56,Online,Pending
04d562dd-0207-4795-b86c-5a34a9e25876,06e585f0-5b60-4900-81d1-3379328e6c17,2025-08-07T10:16,3,19.89,Card,Cancelled
6fa6012e-54de-4356-82e3-8078935f3f97,b6c26110-1b77-4777-8c79-c69ec19b66df,2024-08-24T10:16,8,99.28,Cash,Completed
e11a9989-d426-4338-aa48-453efa9d1a3f,1a31c678-d420-495a-aff3-0f1609514e1e,2025-05-21T10:16,8,70.16,Card,Completed
be5f776a-b898-4e29-ac5b-068c22420255,bf0de251-90d7-423c-8b31-48df1a89964f,2025-11-01T10:16,5,59.25,Cash,Cancelled
f8cd8d35-5702-4ea0-a6b7-9f9b34851618,7509850a-5062-4da9-aad6-bc5b9e363ef1,2024-07-20T10:16,2,34.98,Cash,Pending
17c885e3-b771-4124-8a66-f745d9551f09,c5817fdc-a4dc-4879-b957-30cfda62016b,2024-04-13T10:16,6,179.10,Online,Cancelled
88bd6c33-81f9-4143-b253-58cb582df306,8e1bbe6c-7b75-46dc-8ca1-0b1664cd6ae4,2025-01-14T10:16,8,216.88,Card,Pending
31cdea0d-f10a-454a-8a6e-bf96e2f14496,c0d74d86-5c5b-481d-b8e3-61eeb9c77255,2025-02-23T10:16,5,116.65,Online,Cancelled
9c81d4a2-cd67-4dca-88ca-c77a535c7def,56a75a3e-a944-4147-8cba-f1024726993f,2023-11-22T10:16,9,246.06,Card,Completed
2c3001f7-6120-494a-aecd-8d287a63308f,06e585f0-5b60-4900-81d1-3379328e6c17,2024-02-25T10:16,7,190.75,Card,Completed
9b06e55d-415c-4cc6-9a48-8169a8759c49,fdb5454e-2230-489e-ade4-9218ff28cbd8,2025-02-27T10:16,2,49.16,Online,Completed
234bc6ce-1ee2-4bbc-9848-b9c0008812ff,4bb2d776-14c0-4ef6-b8ba-c580cbed72b8,2025-04-25T10:16,7,100.17,Online,Pending
5be19bb2-163a-44f9-9757-e1856a2e358c,2c6dafc9-06cc-4b3d-8b8d-12aae0644c58,2025-04-26T10:16,4,92.72,Cash,Cancelled
113de24a-50a5-4030-aba9-4bbfed9007a6,6b1178fc-1745-401d-88da-3903c243ebe9,2024-01-10T10:16,3,60.30,Card,Completed
8ed1e94b-d443-43a3-8737-9a95a9f769d2,e6cb1215-5314-4d05-bfd1-f6e5d36e89f7,2024-04-28T10:16,9,105.57,Online,Cancelled
189b8cb1-ccf5-4f8b-9293-b0f32d7bfa05,726d71e2-70fd-4416-8568-78619c14a73a,2024-02-17T10:16,2,56.06,Card,Cancelled
be6dbd5b-76f4-459a-8405-c6a403328d33,caad7924-4bc5-4f85-9662-11ca261e3c87,2025-05-27T10:16,6,156.72,Online,Completed
1d1fddea-11a0-4661-b6dd-0036102e1407,6aaabc79-3d35-410f-bb96-f86a3930d0ff,2025-09-24T10:16,7,135.66,Cash,Cancelled
34a189f9-0691-4ce1-bbaf-9fd7019b97cf,b3688304-b24b-416a-9bf4-c2b6aaeb59d3,2024-10-12T10:16,4,100.12,Card,Completed
478548b6-c38a-4e97-a554-bf3bb58979e4,68169a66-a8d4-4763-914e-7befc826445b,2025-07-04T10:16,8,56.96,Cash,Cancelled
b5f7f9c5-f1b1-43b5-8f4d-9b8bb997f052,3ab3404a-ee80-4ed2-8d90-a6f0dad14e48,2025-06-07T10:16,5,140.60,Online,Completed
ff7a173c-d8ad-4e8b-bb38-79f9339b468c,c0d74d86-5c5b-481d-b8e3-61eeb9c77255,2025-02-28T10:16,1,21.24,Card,Completed
297e7500-1bc8-4d89-9c31-324e49d429cd,b014b56e-3263-4b63-8430-46e00bc5ea77,2025-01-01T10:16,6,102.78,Card,Cancelled
884a56e7-094f-45ac-b4f8-f37a0ced797c,14eace30-1ac2-411e-8eef-98e8f32a87fb,2025-05-05T10:16,9,207.45,Card,Pending
66346477-d3fd-4502-8fec-a1be7dc183e8,8250871a-2b35-424e-a1a1-4eb4faffabfb,2025-05-19T10:16,7,101.22,Online,Cancelled
96c32c7a-8a37-40f4-bbdc-5a9836518bf2,824998a2-7592-4051-ab0b-d5e12743c93b,2025-09-23T10:16,8,175.60,Cash,Completed
3d0646a0-ebd2-4943-bf14-f9f52dc6897a,6f61ca8e-51a1-48e0-abfa-88326e713e34,2024-11-26T10:16,1,25.73,Online,Completed
0ba16059-4e8b-4ff7-9b47-0c9a0c4fffd8,11526850-7335-463f-b740-a52a90457c3b,2024-10-27T10:16,4,112.24,Card,Cancelled
33b7c660-70da-4739-a8c3-df64a993c0c6,500fde18-ea61-4380-9ea4-f06d09985870,2025-10-10T10:16,7,78.47,Card,Pending
f57287c0-e880-464e-ab8e-0d2f849ebef4,89d26a00-0fde-4c03-8430-b06f6bc3f33a,2024-05-24T10:16,2,51.28,Online,Cancelled
e6f133e0-29ab-4cb8-8333-8d224cfea3f5,4e44f26d-5455-405b-8fdb-63ab8b739ecf,2025-05-09T10:16,9,212.58,Cash,Cancelled
49a3403c-c608-453f-9303-6cf39b9e0872,21edfc22-3f73-4335-a774-3cf78ab65e86,2024-01-26T10:16,6,32.04,Cash,Completed
8d506622-3f4f-42e1-a82b-866bbab80c5f,401a6911-a31e-4892-adc1-56e3e1eb090a,2024-10-12T10:16,7,194.32,Online,Completed
36f630b2-6ff3-4154-80a4-3691f25d2c51,5f0f3def-9ff6-4282-ad04-001c4a769966,2024-04-01T10:16,7,132.16,Cash,Pending
22b451fd-0708-44c5-82dd-3f62895d0e62,89d26a00-0fde-4c03-8430-b06f6bc3f33a,2025-04-10T10:16,2,55.96,Online,Completed
b46fd264-e02d-4ff0-8ce6-a1d286749ad7,500fde18-ea61-4380-9ea4-f06d09985870,2025-02-20T10:16,8,227.04,Online,Completed
58901b19-0952-4246-8c3b-0e7cf83ee753,c63bd277-c81c-40c5-8720-6ce916d653c4,2024-07-24T10:16,4,31.96,Card,Pending
1f5b938d-e316-4053-909e-09e00ab0f620,b03f75c1-655f-4480-a2bf-1a0af806e96e,2025-07-18T10:16,9,73.08,Online,Cancelled
3f069c8c-5c12-460d-bdd3-46b89e3845f8,e7991221-0de0-4ef8-aa9c-ca3b59197059,2024-05-07T10:16,8,111.20,Card,Completed
e4048dfe-ff53-43c1-a674-cae5a77409d8,5f0f3def-9ff6-4282-ad04-001c4a769966,2025-10-18T10:16,2,15.00,Card,Completed
48e80e4f-1295-4b56-b07f-905232416381,caad7924-4bc5-4f85-9662-11ca261e3c87,2025-01-15T10:16,3,88.05,Card,Completed
194fcbcc-7eb2-4e8b-b450-f02210437301,ec3490d2-e8da-47ee-ae12-0ca0b1d7a2bb,2024-03-31T10:16,7,145.81,Card,Cancelled
23db7a86-7dcc-4b9c-8826-8ad26ab6f1a4,1407e9cf-22c9-4137-a2fe-cc12dc038235,2024-09-11T10:16,6,47.52,Card,Completed
4077070d-e41b-4860-ac43-456d3d66ede9,caca465c-e9f2-4add-91b5-24c70595e321,2024-04-15T10:16,6,168.42,Online,Cancelled
28ca7b41-8212-4038-9e5d-a476976d8239,4b14a58c-f1e4-40b6-888d-a88cd7055099,2025-03-15T10:16,9,202.41,Card,Completed
229d2c77-2e0e-419d-9928-c841cd9e4367,ada8704c-2784-4d70-84da-10078407d2c8,2024-09-17T10:16,4,107.72,Online,Cancelled
b0a5d7b9-4622-43a1-9710-2074f3ebcd17,0a5bd884-b432-4ce5-b14e-44b4aedd4c0f,2024-02-15T10:16,3,71.46,Online,Cancelled
a9f185bc-21ab-4469-aa41-da5c52ca7b2f,2a109685-1399-4149-8951-fba29bb0360d,2025-06-15T10:16,4,114.88,Online,Cancelled
4c946977-6b2b-4fb6-a832-8598987676b8,6c6a3b10-9747-4dca-a041-4edc22d147b0,2024-06-19T10:16,7,83.93,Card,Completed
b8720a67-22e7-4801-9308-bccab03d542e,49af098b-bf79-4643-8e49-739ea932d38b,2024-12-05T10:16,4,102.96,Cash,Cancelled
fa5bb2cb-a546-4b01-8dc3-a04e869774a6,05ccd8a5-ea5f-4353-bd1e-3022152b0685,2023-12-02T10:16,7,116.41,Card,Pending
c9626a96-1f4e-4733-873c-1d4895eaef2a,27e45431-1333-4ffd-a0c8-be56ffdc5d4e,2024-06-25T10:16,6,161.52,Online,Pending
d0ddc4d9-d452-42c6-b6f1-0958f9163c66,cd50913f-8c99-4253-9134-0cf5fe5f300f,2024-05-18T10:16,4,29.92,Online,Completed
7988ff94-bc56-4d6c-a5f5-ab0c89c195f4,365c90d0-a590-4209-9401-2ce55af5ed98,2024-10-26T10:16,5,57.15,Cash,Completed
9fefbbc3-169c-4a4c-b1c7-a08b0b81f9f2,bb9edfa8-17f7-4f6f-8e3b-616693a298b1,2025-04-21T10:16,4,105.08,Cash,Completed
4aa0549f-7fed-4b0c-893f-aa4bca021faa,53db1213-7316-47bb-9099-c1def0e3c96b,2024-03-27T10:16,9,139.41,Cash,Completed
43338031-ddfd-4df1-86c0-3784ea968356,a5ffc907-be77-43e6-8694-4a0bf09bd3fb,2024-10-16T10:16,4,34.04,Cash,Completed
1b7b1375-6536-4cb8-ab86-1864598f8216,c63bd277-c81c-40c5-8720-6ce916d653c4,2024-12-21T10:16,3,66.15,Online,Pending
f244d559-cba3-47bb-8437-976ccea327d9,2c6dafc9-06cc-4b3d-8b8d-12aae0644c58,2024-01-11T10:16,4,117.20,Cash,Pending
44b1129c-36d7-4108-b433-cec763474571,93cdeef1-3fc3-4a63-a275-0ae87ae6b335,2023-12-03T10:16,7,145.53,Card,Completed
fcd31213-ea2e-4916-99fe-b56bb925b23d,b047b369-02d0-4f25-9af0-f1e883228863,2025-03-03T10:16,5,64.90,Cash,Pending
d3bd74d1-e279-4755-abbd-323b1a4f5107,bf0de251-90d7-423c-8b31-48df1a89964f,2024-01-24T10:16,5,96.40,Online,Cancelled
4fdb1023-8d43-47e4-b5e3-c27cab7413cf,2c6dafc9-06cc-4b3d-8b8d-12aae0644c58,2024-09-08T10:16,3,21.57,Cash,Completed
fc382910-b04a-4c4a-b3a5-f08811aaa05f,27e45431-1333-4ffd-a0c8-be56ffdc5d4e,2025-05-02T10:16,8,56.40,Online,Cancelled
3b2e8056-49a4-466c-a458-9e866f8e20f3,795088d7-d227-422e-ad8c-f048bde0675e,2024-04-18T10:16,2,20.74,Cash,Cancelled
e116906e-4f73-4629-bd99-7a2d7ff4003a,c9dcc28a-ae5f-477c-ae7e-72d94129f449,2024-04-14T10:16,9,190.53,Card,Pending
4250d05b-f161-48ac-b763-404facc4f327,05ccd8a5-ea5f-4353-bd1e-3022152b0685,2025-04-23T10:16,7,119.98,Cash,Completed
1773ee62-b218-4045-a58e-9462840be52c,f0a6a958-e434-41bf-a830-dffa55a34db5,2024-04-19T10:16,9,193.05,Online,Completed
cc381982-3ce6-4635-ad80-abb2daec887b,209e786b-2a61-4e52-a3b2-1cc98bcbf18c,2025-06-22T10:16,3,42.81,Card,Cancelled
bde90d9a-8cb5-4c49-afa9-85ffbcc96404,b6c26110-1b77-4777-8c79-c69ec19b66df,2024-03-24T10:16,4,90.96,Cash,Cancelled
92720584-8f6d-459e-9bd6-6c0fa30e8187,39cb44e2-a541-4b98-bc0b-db5f31cf8710,2024-12-03T10:16,9,171.27,Cash,Pending
480e6b81-536d-4fea-af4d-d6cc3e1a9db2,ebbc7df0-770d-44f8-b0ff-c62f9006e40e,2025-06-20T10:16,9,94.14,Cash,Completed
e275eeeb-d3c7-48b5-8796-ad94bbb8a7dd,53db1213-7316-47bb-9099-c1def0e3c96b,2024-07-11T10:16,2,20.22,Card,Pending
39088bd9-c6b1-4674-beb7-e202c51ea2ac,14eace30-1ac2-411e-8eef-98e8f32a87fb,2024-05-26T10:16,4,46.60,Card,Pending
38f6b6d4-67e7-4a10-b82e-2092de676346,63846b60-b7be-4087-ac6e-56c9bc130a20,2024-12-07T10:16,2,27.16,Cash,Completed
8f73925a-38a4-4dbe-a08f-ebf0d98e0ee7,98b17fed-218c-4f20-8410-9f0edfc74455,2024-04-28T10:16,8,81.76,Card,Cancelled
50112b70-6041-4cfb-9941-a45a378b58cc,ebe19120-496a-47fa-87eb-2440212a3363,2025-01-02T10:16,5,52.65,Cash,Cancelled
92661a60-50ea-4507-b8c3-2a2ff561718a,67c276b0-7be6-4f3c-bf86-c342095c8112,2024-02-07T10:16,4,99.68,Online,Cancelled
4df2c92b-e8bf-4cf2-9889-ad7cf56b95ef,795088d7-d227-422e-ad8c-f048bde0675e,2025-08-04T10:16,1,22.27,Card,Pending
1d5d97ea-c7ae-4728-9a3c-bf330e275a3d,e7991221-0de0-4ef8-aa9c-ca3b59197059,2024-07-17T10:16,6,94.20,Online,Pending
98ff0a72-0335-4c9e-8772-3fd83d4aeb17,3e97fc93-73a7-45e0-9888-f7a03ee258a7,2024-01-20T10:16,2,13.56,Card,Pending
b12463b8-58de-46a6-8bde-22fb15c8db61,caca465c-e9f2-4add-91b5-24c70595e321,2024-02-29T10:16,8,84.32,Cash,Pending
33fca1e5-9541-4d59-9349-94e20330133f,25659c0e-6eb5-4c57-add8-fb6ac5f42699,2024-02-28T10:16,6,33.30,Card,Completed
c91396c8-b653-468c-bcd3-6a0a534d2835,fe624323-ba72-456d-9842-ed9e0edc75df,2024-11-30T10:16,2,42.98,Card,Completed
945046de-ee69-4962-a877-267b134d8e83,ceafdb2a-788d-48e0-acdd-bd533a2e7ab6,2025-03-28T10:16,8,58.40,Online,Pending
512f51fc-91d7-48d1-ae09-dbb553be217f,d87f31d7-79ef-4c17-856e-142e791b04da,2025-07-15T10:16,7,91.07,Online,Cancelled
0367bab2-7b46-4841-973d-2265ea5ccbdd,6f61ca8e-51a1-48e0-abfa-88326e713e34,2025-04-13T10:16,2,50.74,Cash,Pending
e10b5131-9fcb-4771-80eb-90d25c8826e3,058b9c75-b72f-4594-80d2-e41194ff7672,2025-01-13T10:16,2,56.72,Card,Completed
3d5a81d1-4e4d-446f-9c26-5ab61b2f080f,e119f98a-df63-41dc-8e01-bb49ca2dc724,2025-05-26T10:16,2,33.20,Cash,Completed
c16fdc21-8f00-444e-8678-fb8e190e527b,4f6ae324-5b6d-47d6-a86d-26ec6fbe1e0e,2024-03-30T10:16,4,91.48,Card,Cancelled
d10677a8-36ed-40a3-ba43-d81f82baf078,46032f36-69bc-465a-9b33-a5d560bfd77a,2024-12-03T10:16,5,135.40,Cash,Pending
324db97d-faf0-4927-afba-d490fe5a035d,67c276b0-7be6-4f3c-bf86-c342095c8112,2024-08-13T10:16,5,132.90,Online,Cancelled
ba6de91c-c9ea-45f8-8db1-8df91a884828,ebbc7df0-770d-44f8-b0ff-c62f9006e40e,2025-07-24T10:16,1,11.76,Cash,Pending
d2186fd1-cfb7-4f8b-a90a-b4d30be593fc,90f0db1e-2b19-43f7-ba17-233c7c214eca,2025-09-04T10:16,2,52.90,Online,Pending
97cd1a72-708c-464e-8617-c3fc5a431429,0472ca7f-b133-4710-8f43-24a3c6c1afd1,2024-01-02T10:16,1,7.18,Cash,Cancelled
17831d34-f863-43b9-bf69-87b5eed851da,7d2df59f-386d-4aec-85a8-2443262a0cb4,2024-09-20T10:16,9,93.78,Online,Pending
c0428027-205c-4211-85b5-dfd1ea6ee98c,4717d2a3-4b2a-44f1-b960-a2b73e2d23fd,2025-01-16T10:16,7,104.79,Card,Completed
fcc90ea6-fed4-421a-b0ee-e22d3096e63c,c83bba2f-5229-4998-9566-1f3179b13e8a,2024-01-22T10:16,3,24.54,Card,Pending
df57a21e-6c07-4fe9-9a89-08de38d78205,0a5a9fc7-e126-48f0-99aa-dea85c606f66,2024-08-24T10:16,1,14.80,Online,Cancelled
1277c805-8aee-4f2c-a6c2-2d9cf88f7b0d,1407e9cf-22c9-4137-a2fe-cc12dc038235,2025-01-26T10:16,4,84.92,Online,Cancelled
32098169-a149-4326-9a9c-40845254a639,67c276b0-7be6-4f3c-bf86-c342095c8112,2025-07-15T10:16,5,140.10,Online,Cancelled
9347ea5f-6a52-4292-8b43-b732628522f3,a3f626b9-cc27-4c04-8570-be79ab8bda4a,2025-03-26T10:16,9,262.26,Cash,Completed
42c314bc-ba81-49d4-9142-23242e7d1a87,f3826f04-0dfa-4266-8002-58fede0093f5,2025-10-01T10:16,6,175.14,Card,Pending
126dfaa9-9545-45e6-be32-4bf5a0a47454,205ea7f7-e714-45b8-a083-11247ff702a1,2025-06-12T10:16,3,86.25,Cash,Pending
a96805b0-98cb-4ac7-8476-9e3bb53aacbc,bf0de251-90d7-423c-8b31-48df1a89964f,2024-04-04T10:16,9,227.79,Online,Cancelled
07722c86-7194-4886-af9c-bf981a016b4f,26d032f1-9fe9-487a-987a-a8be14e1db05,2024-01-29T10:16,5,89.65,Card,Completed
0011ebc5-e248-47e8-b74e-f19bcc7d2d5b,a190f67b-21df-46bc-8164-46bdfa00af85,2024-03-04T10:16,4,119.88,Online,Pending
8931cd3e-aa34-448c-ae48-d98f74b11dac,7509850a-5062-4da9-aad6-bc5b9e363ef1,2024-03-01T10:16,3,35.19,Cash,Completed
12d58324-69eb-4712-8be6-2d32a38c5672,68169a66-a8d4-4763-914e-7befc826445b,2024-01-16T10:16,4,64.56,Cash,Cancelled
6f7614f7-b349-40b9-b5d2-6604342351d9,14eace30-1ac2-411e-8eef-98e8f32a87fb,2025-10-01T10:16,7,174.93,Cash,Cancelled
f1b2e45f-4cc8-48e6-9689-c97b34e3143a,8250871a-2b35-424e-a1a1-4eb4faffabfb,2024-03-21T10:16,5,85.20,Card,Cancelled
157226cf-3c4a-477b-8a3c-81a2544d9102,8626238e-5813-415a-9a8c-db944b1e0269,2025-08-13T10:16,4,64.24,Card,Cancelled
e1f9be6f-f5d5-4cc2-b439-af529be8ea2c,d33bbfcd-a2ca-4e80-8a1c-65223f061e7e,2024-03-18T10:16,8,118.24,Card,Pending
1c5807b7-efd8-49c6-b812-d2f8340f8c8c,99c406e7-092b-4eeb-bc08-56fc041c253d,2025-02-25T10:16,8,83.04,Card,Pending
7d4ed634-7e85-4b36-b684-aa391e595907,ebe19120-496a-47fa-87eb-2440212a3363,2024-03-22T10:16,6,45.36,Card,Pending
7f62cfe3-5404-4832-af96-9d555ee3a46a,e6e1db85-f8ba-4264-9c9a-520ecda4bc4c,2024-08-19T10:16,5,97.50,Online,Pending
0b2507f6-d684-460c-a5f3-d5be9c06d581,d7af10ce-45c9-4fc8-8dd8-b1c5491aad5f,2024-05-02T10:16,8,182.64,Card,Cancelled
b7841481-d0b1-4ee3-9cf6-dbf23e5a0555,3910ab11-8758-4a4f-8a9b-c4f5df7413c4,2024-10-05T10:16,3,67.08,Cash,Pending
edb9b680-6eb4-4855-9388-687a2104d6e1,4717d2a3-4b2a-44f1-b960-a2b73e2d23fd,2023-12-31T10:16,6,74.04,Card,Cancelled
4d71f75b-41a3-436f-b421-bb68dba43035,6bd388d4-5636-450b-bacd-55bdcb769bab,2024-08-21T10:16,4,101.68,Cash,Completed
2a39bda1-6fdd-400a-83a3-7fad104fb350,1d32c3b3-c732-4995-aa6b-ff159deb3bdf,2024-02-26T10:16,3,22.20,Cash,Cancelled
33e8b3f9-b5e9-4b46-b08c-adc90c113c00,fdb5454e-2230-489e-ade4-9218ff28cbd8,2025-06-18T10:16,3,57.39,Online,Completed
a9c37059-13bf-4667-9742-925bfc428cde,f067e21d-d1d4-4e87-9cae-9753f5f9ccb6,2025-05-03T10:16,3,33.39,Online,Completed
6e9c47e3-0d75-45dd-b8dc-657e9816ab2c,bb9edfa8-17f7-4f6f-8e3b-616693a298b1,2025-01-08T10:16,7,56.21,Online,Cancelled
21c2d1d8-af60-45e6-9fc6-191fae79692b,f0a6a958-e434-41bf-a830-dffa55a34db5,2025-04-03T10:16,8,234.08,Online,Completed
4e780ea2-2009-4819-ba2b-e258cfff1848,8b546c63-5406-493d-bc69-cfb594b38267,2025-01-03T10:16,9,68.31,Cash,Cancelled
baefd3e9-c8e6-4e81-8032-71f34909dbad,a302a1a8-c429-406f-abff-9f273aa0a4b5,2024-12-14T10:16,9,148.50,Cash,Pending
a6ab9494-d8d6-46e6-bbd7-f8cd160ee904,68169a66-a8d4-4763-914e-7befc826445b,2025-11-07T10:16,3,20.88,Online,Cancelled
4285ac9f-7c41-4f53-a042-2f9cfe0e219f,953417c6-cd52-45e9-9ca0-bb450653c934,2024-12-11T10:16,3,16.53,Online,Completed
93dd47b1-f988-488f-a62c-23f09823bfa2,98b17fed-218c-4f20-8410-9f0edfc74455,2025-04-09T10:16,4,96.12,Online,Completed
dae1f885-047e-4c1f-b01a-ed6538373cf2,b90a3a7f-421e-47e5-8598-fe50f365a62e,2023-12-24T10:16,8,215.52,Online,Pending
2b591cd3-c87a-487c-9979-91260e71e80f,06e585f0-5b60-4900-81d1-3379328e6c17,2024-03-30T10:16,2,56.08,Card,Pending
e28b94a8-7fa2-49f4-98b3-cf32d7d69694,9b9edd1e-b4f7-414c-b8b5-a3dc51fa0a8c,2024-06-02T10:16,2,33.22,Cash,Completed
5f1331c7-c2d3-40e1-b856-2df13198bfa9,0df3bae1-6384-4856-aa27-aef9f6c48b75,2024-01-06T10:16,8,69.76,Online,Pending
6945bbc9-dae8-412c-a6a8-540bb7c903e1,6117b6f0-c4f4-4bf1-9eeb-f33950decba8,2024-05-03T10:16,8,147.44,Cash,Cancelled
df2d9509-9869-4c73-9f7a-de28416c7d55,6c6a3b10-9747-4dca-a041-4edc22d147b0,2024-04-08T10:16,9,256.68,Card,Pending
3b8fe18e-6c3e-467f-951f-b351d87d3976,49af098b-bf79-4643-8e49-739ea932d38b,2025-04-22T10:16,3,65.58,Online,Completed
ca3e128d-e562-441b-8c7d-4b5b5fcd597d,205ea7f7-e714-45b8-a083-11247ff702a1,2025-02-13T10:16,6,133.62,Cash,Completed
37abf956-4363-4adf-a350-b0edaff6667b,c63bd277-c81c-40c5-8720-6ce916d653c4,2024-12-10T10:16,1,21.99,Cash,Cancelled
cb1fbf67-8758-4ab8-8870-5089d01c86bc,209e786b-2a61-4e52-a3b2-1cc98bcbf18c,2025-03-12T10:16,5,139.85,Cash,Cancelled
76dfc2d3-958a-499c-b655-fcb22d990951,f90cf3ca-e2d0-4129-bc7a-e8a2b80880da,2025-10-04T10:16,1,23.27,Online,Completed
ed8e697c-5cac-4e49-b652-635b04adfdc8,11526850-7335-463f-b740-a52a90457c3b,2025-07-25T10:16,2,30.02,Card,Pending
528e973b-f5de-427b-9e91-2dc14e26a5cd,8f7f530b-bb30-4a05-b437-744ed30af54f,2025-07-22T10:16,9,150.39,Card,Pending
3a93d5db-007d-4373-8be7-e6717c6691bb,27e45431-1333-4ffd-a0c8-be56ffdc5d4e,2025-06-19T10:16,7,188.65,Card,Completed
805abdb8-ef8c-45bf-9a67-27d1b4de8750,90f0db1e-2b19-43f7-ba17-233c7c214eca,2023-12-08T10:16,1,16.20,Card,Cancelled
622ac326-188c-4008-995e-6999e17c24d2,09ba4183-1b94-4f8c-bc5f-eca421a88524,2024-12-11T10:16,7,173.25,Online,Cancelled
c3c4df9e-afec-483f-b043-450521f498aa,caca465c-e9f2-4add-91b5-24c70595e321,2024-12-22T10:16,9,171.09,Cash,Completed
cafecd06-3b82-4b2e-9086-a24746f515fd,b014b56e-3263-4b63-8430-46e00bc5ea77,2024-07-15T10:16,9,99.63,Online,Pending
6dfd82fe-7638-4eea-8766-271dee56d380,e38afcd9-9e08-47ba-bc92-5ebb4bc271eb,2024-07-16T10:16,8,70.80,Online,Completed
ca6dfaba-0600-4276-a324-bd902f14420e,c46351bf-193f-49af-a5d6-456188837c3d,2024-02-17T10:16,3,54.90,Cash,Cancelled
44ea765e-a51a-4724-9a4b-e174c734704f,f3826f04-0dfa-4266-8002-58fede0093f5,2025-06-28T10:16,2,31.58,Online,Completed
4def076c-4ca4-43a5-8113-533505d143d9,1eeb9c5f-5b7a-47af-b4f1-5a50d9d1089c,2025-09-29T10:16,9,109.53,Card,Completed
cc55d777-fe4c-4f33-af19-4795a74ada61,1a31c678-d420-495a-aff3-0f1609514e1e,2025-01-22T10:16,8,218.32,Cash,Cancelled
9052c76d-93ff-483a-aa0e-074ae18f0890,3ab3404a-ee80-4ed2-8d90-a6f0dad14e48,2025-09-04T10:16,8,54.80,Online,Pending
434cebeb-e75f-4064-a924-3b6806697a4d,99c406e7-092b-4eeb-bc08-56fc041c253d,2025-03-17T10:16,3,18.93,Card,Pending
72b4f2dc-7250-47d6-99da-7d3b52bd8c5b,06e585f0-5b60-4900-81d1-3379328e6c17,2025-06-23T10:16,9,123.39,Online,Cancelled
83d991fd-e8d6-41c6-bed7-1137e509033f,6c3bf618-a715-40f9-9faa-cfc5f5beef2f,2024-12-05T10:16,8,194.32,Card,Pending
5991e18e-2f0c-4e34-b740-dd9ebf6d3a3c,6c6a3b10-9747-4dca-a041-4edc22d147b0,2025-10-07T10:16,8,53.76,Online,Pending
709f5192-7da9-4206-9ffb-0c2553e06e98,205ea7f7-e714-45b8-a083-11247ff702a1,2025-02-06T10:16,5,88.75,Cash,Completed
86ed9c26-31ca-4b28-a6d8-2786ca909c2d,39cb44e2-a541-4b98-bc0b-db5f31cf8710,2025-01-29T10:16,9,252.63,Cash,Pending
648f8750-9243-42b7-9a06-741d7ecb82bf,f90cf3ca-e2d0-4129-bc7a-e8a2b80880da,2024-05-27T10:16,5,94.00,Online,Completed
d5d12fda-882b-42d4-a313-233c0e096e2b,caad7924-4bc5-4f85-9662-11ca261e3c87,2024-12-19T10:16,6,145.74,Online,Cancelled
e1d642f6-08fa-47eb-8278-a463d42fd929,bf0de251-90d7-423c-8b31-48df1a89964f,2024-01-27T10:16,7,187.39,Online,Completed
684cf132-eab7-46fe-9981-7a1036811a18,b014b56e-3263-4b63-8430-46e00bc5ea77,2024-05-18T10:16,4,24.04,Card,Pending
b180abff-476d-4325-aaab-1301d456f65a,8f7f530b-bb30-4a05-b437-744ed30af54f,2024-12-13T10:16,2,29.58,Cash,Cancelled
437ea469-e0a9-4a6d-900c-a44caf94da54,11526850-7335-463f-b740-a52a90457c3b,2025-07-07T10:16,3,62.43,Card,Completed
7f0e0eed-d31a-48dd-ac19-c64c92a1ac3c,49af098b-bf79-4643-8e49-739ea932d38b,2025-02-10T10:16,4,94.36,Cash,Pending
76901339-2135-4be5-8939-6e85e8daf7c8,ada8704c-2784-4d70-84da-10078407d2c8,2024-09-27T10:16,3,80.97,Cash,Cancelled
ac5a9d40-55a5-46c4-b530-b1eff0df5be0,e6e1db85-f8ba-4264-9c9a-520ecda4bc4c,2025-09-10T10:16,6,94.62,Online,Cancelled
27174d16-30d2-4555-8ed5-435ac6dccf53,401a6911-a31e-4892-adc1-56e3e1eb090a,2024-04-20T10:16,1,13.67,Card,Completed
ecc8599b-df36-42ae-8de3-bc0a4a35573b,e886c155-0dae-4b36-88f5-a86fa474d1f6,2025-10-02T10:16,6,172.80,Cash,Pending
7aa49f3d-f2d8-4da9-b028-32cd061748f3,73a2b03c-2dca-486e-8ebc-c4d6bb68a8c6,2025-03-21T10:16,7,185.36,Online,Completed
00f2a8c9-72e9-4e93-b8c3-44aa804d8864,b014b56e-3263-4b63-8430-46e00bc5ea77,2024-04-22T10:16,3,81.03,Card,Cancelled
1f35b8a8-4a50-4f0d-9074-0cd4979931eb,ef7fad1f-a86f-4ee1-95b4-ce1f339f0fa5,2024-10-07T10:16,2,53.84,Card,Cancelled
5a06f569-45f5-4929-9af9-b560c68935d5,b95f7619-fab2-4df9-8683-1f2aeb93a660,2024-02-20T10:16,1,23.52,Online,Pending
9288dc1b-26fc-48e3-a040-8cf40f8cf9dc,cb8747c7-32ca-4b6b-868d-13ab01d953ec,2024-06-16T10:16,2,27.20,Cash,Pending
4363c95d-aa52-4d7b-9eb1-eb9fd8396dc2,6945f6f4-b8f9-4d04-90ff-e59ed705578e,2024-03-02T10:16,2,42.96,Card,Cancelled
a9a25b00-a1f1-4472-bcaf-df569a3a1182,0a0ac3e5-6e20-4fbc-87ec-5481c70e38bc,2025-11-05T10:16,2,17.44,Online,Cancelled
c8c5021c-2b0f-480e-8149-895363a4a546,80537cf2-360f-4740-8b7e-d4cd56e22987,2024-02-09T10:16,5,59.95,Online,Cancelled
80bde1a3-67d1-4251-b047-3bb1cebbc3ba,0a5a9fc7-e126-48f0-99aa-dea85c606f66,2023-12-18T10:16,8,45.84,Cash,Pending
de87b141-f820-400c-9273-3c08f3e0d403,fbe227d7-6d32-4407-9783-7fdac983e55f,2025-10-06T10:16,9,48.87,Cash,Pending
4b67217c-ba7b-4a11-b0fd-d21df4bb2590,365c90d0-a590-4209-9401-2ce55af5ed98,2024-09-13T10:16,7,152.04,Card,Completed
576fa509-9aa2-46c9-be8f-3c7804a58f8b,209e786b-2a61-4e52-a3b2-1cc98bcbf18c,2025-03-30T10:16,2,42.74,Online,Cancelled
ce26d518-b622-4a00-9ac4-816238b5a55c,0b2a0e9a-e050-4380-b607-57adcbbf59d4,2024-03-30T10:16,4,35.88,Cash,Pending
cc9f6fb3-032f-468d-bb77-a24e54c726d1,365c90d0-a590-4209-9401-2ce55af5ed98,2025-03-08T10:16,9,215.91,Cash,Pending
d10587cf-1929-4276-943e-66d0f423ad7f,058b9c75-b72f-4594-80d2-e41194ff7672,2024-10-01T10:16,9,149.04,Card,Completed
6b06b8ac-838e-43b2-81a4-78673ce12078,0a15d43b-8f6b-444a-bef2-ffbddfdbd16f,2024-01-18T10:16,4,47.64,Cash,Cancelled
2daac657-4ee7-43d3-9456-21f5bf951240,a190f67b-21df-46bc-8164-46bdfa00af85,2024-09-29T10:16,8,98.88,Card,Cancelled
bfdaf602-63be-4fd0-ace4-79eeb19d96e4,000f9c8f-2fc7-4346-844d-c04f10751265,2024-07-23T10:16,3,56.46,Cash,Cancelled
b624618d-00cf-4ae8-a9a2-05990dddc304,000f9c8f-2fc7-4346-844d-c04f10751265,2024-02-11T10:16,4,23.60,Card,Cancelled
747b2d66-ecfc-4eb2-a824-5f61bb5125c0,aac35608-9499-49c5-811a-a059e773c968,2024-10-29T10:16,9,247.41,Online,Completed
59583d93-69ca-4fc1-943b-7781e369c63a,aac35608-9499-49c5-811a-a059e773c968,2024-04-05T10:16,2,53.84,Online,Pending
34190c41-4ed5-4cd1-ae86-38c3c51c721c,953417c6-cd52-45e9-9ca0-bb450653c934,2023-11-21T10:16,8,204.40,Cash,Pending
bf1ef635-ac53-4184-9b84-a9b9f43441cb,3befa4dc-d961-4a3a-9410-d43d1bdaa335,2024-07-05T10:16,3,43.74,Card,Pending
2d028f67-8df0-4cbe-ab34-c30f1dacf8cc,73a2b03c-2dca-486e-8ebc-c4d6bb68a8c6,2025-01-09T10:16,7,119.56,Online,Completed
257d6f8a-b77f-4817-92a6-ad1c2ab10b4e,1233cc27-7567-48e0-8dd2-6b0019506c2f,2024-06-16T10:16,2,29.40,Cash,Pending
31a5d12e-fa76-410a-9ffc-9ccfecafb8ca,c83bba2f-5229-4998-9566-1f3179b13e8a,2024-12-07T10:16,6,38.76,Online,Pending
edeef651-3509-48d0-b5ef-adbcf6bc803e,77ca464a-fe0d-4dcc-8f08-3eb2f7b64f76,2024-05-18T10:16,2,58.50,Online,Cancelled
76c3184c-3e4a-40f8-a263-7440ecb9d030,e6cb1215-5314-4d05-bfd1-f6e5d36e89f7,2023-12-12T10:16,7,128.45,Card,Pending
9e046ac9-09ac-4b93-b458-31f0708b4f88,f6c35464-33dd-44a7-bf84-071f2e427045,2025-01-25T10:16,1,16.65,Cash,Completed
8e0f9c62-31cb-41ab-8885-445a4b44164e,885715b6-b1eb-44ca-8460-28c0343e56f3,2024-02-11T10:16,6,50.58,Cash,Pending
d91a57ba-80ad-4c55-8ccb-4ba1b65c1f5f,49af098b-bf79-4643-8e49-739ea932d38b,2025-06-21T10:16,5,107.45,Cash,Completed
f5323f85-f3a4-4e01-ab88-e864423d2e80,2c6dafc9-06cc-4b3d-8b8d-12aae0644c58,2025-07-16T10:16,8,169.84,Cash,Cancelled
