order_id,restaurant_id,order_date,items_count,total_price_usd,payment_type,status
4b669f5b-f348-4488-874f-11de84aec3b4,62a2bfef-ca4a-4dec-90ea-bf15ea1880d2,2025-03-23T10:16,6,157.08,Online,Cancelled
8279e70b-8740-474c-b390-f1f13d8600a9,71f17b36-2c37-4cfa-bf8a-894fa94c0e9b,2025-03-05T10:16,4,101.40,Cash,Completed
34db844a-b3c3-49b2-897a-3ab502e03968,cd50913f-8c99-4253-9134-0cf5fe5f300f,2025-06-02T10:16,7,143.29,Card,Cancelled
48a19c11-dd1a-4cfe-8cf7-d342bb03ab9a,05ccd8a5-ea5f-4353-bd1e-3022152b0685,2025-10-19T10:16,6,144.66,Card,Pending
cfe1ecb9-c987-4973-b1ac-1fe0e025e991,e7991221-0de0-4ef8-aa9c-ca3b59197059,2025-01-30T10:16,1,9.12,Cash,Completed
441c3933-8215-4fa5-b049-60d960535fe3,e38afcd9-9e08-47ba-bc92-5ebb4bc271eb,2025-09-08T10:16,1,9.41,Cash,Completed
e8c7a823-3d51-40cf-a746-10d6ead9e5f2,62a2bfef-ca4a-4dec-90ea-bf15ea1880d2,2025-03-25T10:16,2,45.84,Online,Completed
2fc7778d-d390-47d1-97db-4dad333d3956,1a31c678-d420-495a-aff3-0f1609514e1e,2024-12-02T10:16,2,58.80,Cash,Completed
7d1a9b11-e2b0-422a-b596-9669806307d3,209e786b-2a61-4e52-a3b2-1cc98bcbf18c,2025-11-03T10:16,1,16.88,Card,Pending
3cef13d2-2882-4b12-9855-8c7f8ed91b16,caad7924-4bc5-4f85-9662-11ca261e3c87,2025-07-20T10:16,5,140.65,Online,Pending
b558578c-c662-4fe4-92e1-f31e0ffa8b45,c1a09d60-c9e8-4489-a68e-e01b51541d33,2024-08-16T10:16,8,204.00,Card,Completed
d3f1e85d-e5c6-4d1b-b070-01d04308aade,3dcaabe3-78c9-4d88-bed5-56ca7ceea07c,2024-02-23T10:16,5,46.20,Cash,Completed
dfad31c3-6f26-47c1-9649-b0ef5b1f7a9b,a938df5f-7764-459c-8bfd-90409d16b3c6,2024-08-05T10:16,1,10.58,Cash,Cancelled
0e69b1d8-c172-41ba-b488-21ceb322ad3d,fdb5454e-2230-489e-ade4-9218ff28cbd8,2024-03-26T10:16,4,107.96,Card,Completed
b6e79b7b-5a86-45bc-9482-fb980d6f8a3f,d6d4ef4b-0870-48aa-b884-013237f255f4,2024-01-19T10:16,6,52.56,Online,Completed
16a2c264-7936-44c2-af65-acbfae772344,3befa4dc-d961-4a3a-9410-d43d1bdaa335,2023-11-18T10:16,1,22.34,Cash,Completed
022afcde-9622-4df4-a4f5-25503e400a37,4739f27f-7a96-4d52-83ae-0c6fd4c8c606,2024-03-27T10:16,4,89.48,Card,Completed
953203d9-4de1-4476-b981-6d57cd812826,f067e21d-d1d4-4e87-9cae-9753f5f9ccb6,2025-10-05T10:16,6,59.28,Cash,Cancelled
941ee66e-13dd-421a-b2bc-e3d164b72722,2ca088cd-c6c6-4e60-a1a4-d2990ee21b12,2023-12-17T10:16,3,37.29,Online,Cancelled
ba31c34c-0bcf-4b61-9eb1-cd28aa872962,f90cf3ca-e2d0-4129-bc7a-e8a2b80880da,2025-02-08T10:16,5,131.60,Card,Pending
1b1fcf08-6eae-4376-87b5-e02f71dfebb6,3ab3404a-ee80-4ed2-8d90-a6f0dad14e48,2025-09-03T10:16,2,10.20,Online,Completed
2e01f475-a47f-4d63-b0d3-7ba9ae651a4b,c83bba2f-5229-4998-9566-1f3179b13e8a,2025-05-22T10:16,5,140.10,Online,Pending
0a4bdba2-b676-4d63-8644-590698c6ce9c,795088d7-d227-422e-ad8c-f048bde0675e,2024-05-09T10:16,2,44.16,Cash,Cancelled
5f1b5350-1de3-40bb-af01-aad8cac030e1,d7af10ce-45c9-4fc8-8dd8-b1c5491aad5f,2024-12-23T10:16,2,42.64,Card,Cancelled
e746ff63-f4c1-4f70-8ed0-7575f5289252,f90cf3ca-e2d0-4129-bc7a-e8a2b80880da,2024-02-11T10:16,2,27.96,Card,Cancelled
c6a505ea-6bfc-45a7-ae9a-1058a852839a,e12c3d24-86c8-474f-b86b-370df36adbfe,2024-06-28T10:16,9,259.92,Card,Pending
4420b8bb-1133-4b6b-a0e1-e102c15975b0,67c276b0-7be6-4f3c-bf86-c342095c8112,2024-10-12T10:16,6,146.88,Cash,Cancelled
92e540e8-24be-482c-b371-13ecf57930e4,6bd388d4-5636-450b-bacd-55bdcb769bab,2025-01-23T10:16,7,100.87,Cash,Cancelled
eb388f90-c201-4436-8cde-8f0e6cabaab4,fdb5454e-2230-489e-ade4-9218ff28cbd8,2024-11-18T10:16,9,202.14,Online,Pending
4356aa53-d196-4ac6-89dc-0078277a046b,2ca088cd-c6c6-4e60-a1a4-d2990ee21b12,2025-10-22T10:16,1,21.57,Online,Completed
19d2f210-0e84-4d99-af03-d2508fca22ea,cd50913f-8c99-4253-9134-0cf5fe5f300f,2025-02-16T10:16,7,179.34,Card,Cancelled
b09e3cf8-9367-4692-90bb-c64fcc70d447,935ebde1-5945-4673-886e-1a7a12cc2d4e,2024-07-30T10:16,8,90.40,Card,Cancelled
b9f65186-a671-4175-9cb2-3c9e66ca9314,6117b6f0-c4f4-4bf1-9eeb-f33950decba8,2024-03-31T10:16,4,119.56,Card,Completed
bd90d801-9667-4ce6-a747-361f0803bb4a,ec3490d2-e8da-47ee-ae12-0ca0b1d7a2bb,2025-05-06T10:16,1,10.65,Online,Completed
6d611280-2d70-4f3c-8a51-9b1fa34a6dfe,6aaabc79-3d35-410f-bb96-f86a3930d0ff,2025-06-20T10:16,3,85.62,Card,Pending
f93b6feb-75eb-4f50-ae32-09f9ae781d14,52f5634d-de98-4543-8a1e-cbf1e2d0242f,2025-06-05T10:16,2,38.38,Cash,Completed
18bb3850-46fe-4650-8ce3-70d7ae0a76fb,5eb75bc0-d5fa-4209-9d42-7767f3f0585b,2024-12-07T10:16,1,12.48,Cash,Completed
0a88ebf4-27dd-4f90-a210-cc121c446d84,941529ef-2114-4bff-907a-4596ff4593a1,2024-08-14T10:16,2,40.88,Online,Pending
da2d17e6-7db3-405d-864a-18ec8b284fa9,0a0ac3e5-6e20-4fbc-87ec-5481c70e38bc,2024-08-09T10:16,8,228.96,Cash,Cancelled
62161d9b-387e-49b2-acfb-f43c246e001a,1a48aa9a-def3-481d-922a-94300aa97309,2024-07-26T10:16,2,45.86,Cash,Completed
27721a56-7cfe-45a8-afc4-678684b63f7e,69446e90-4237-4410-ab55-e011eb04cce0,2023-12-28T10:16,9,229.32,Card,Completed
0e9c9b25-ea11-4af6-b93a-100a0eab373d,c3ffc43c-0c11-40fa-9824-f234161741d0,2025-11-08T10:16,4,62.12,Cash,Pending
36b05504-517c-48d9-a891-fb1b1008c175,b03f75c1-655f-4480-a2bf-1a0af806e96e,2025-08-11T10:16,8,100.88,Cash,Pending
ab741928-b145-4d41-8af1-eeeb94eb2f55,8113211c-bdc3-4bb0-94d9-3fd3871f3005,2024-01-08T10:16,7,186.55,Card,Cancelled
af3d1778-a6a9-46e8-82cf-5557dd17a945,941529ef-2114-4bff-907a-4596ff4593a1,2024-04-01T10:16,5,138.00,Card,Completed
e1f24e91-55fe-4cfa-856f-3cd73bef4085,4f6ae324-5b6d-47d6-a86d-26ec6fbe1e0e,2025-02-20T10:16,9,74.25,Online,Completed
3975d07c-6fe3-4435-b502-fc3477631057,92da274a-bea2-490a-bb52-196c46fa8487,2024-09-23T10:16,8,234.40,Card,Cancelled
b24358f9-1387-468e-88e5-ef00e2c8a719,824998a2-7592-4051-ab0b-d5e12743c93b,2024-05-07T10:16,5,125.15,Cash,Completed
d3423ffc-0520-4601-aa9f-12ddb29a6b17,824998a2-7592-4051-ab0b-d5e12743c93b,2025-10-30T10:16,1,13.14,Card,Pending
0aa17544-3e14-4395-8d8f-2246398f57aa,00d7ae70-0f46-4453-963c-4ab2a3d29314,2025-05-15T10:16,6,143.76,Online,Pending
2fc6bdff-b700-49b6-8e27-de77cc9e9b54,d7af10ce-45c9-4fc8-8dd8-b1c5491aad5f,2024-04-22T10:16,1,22.12,Card,Completed
be8748ac-7e6c-4fa0-9253-4ab0ee7dc57c,0e0d5f13-edd5-4ab0-9ddd-3df111bedc5a,2024-07-04T10:16,1,18.63,Online,Pending
47be7dd1-4d8a-4009-bfd7-8c8a0cff2598,26d032f1-9fe9-487a-987a-a8be14e1db05,2024-06-02T10:16,4,22.32,Online,Cancelled
daf0c5cf-530e-45b6-90d6-f6cce6eb4881,e7991221-0de0-4ef8-aa9c-ca3b59197059,2024-07-15T10:16,5,134.15,Cash,Pending
d2a4f002-8374-4028-a610-1b133e8daaf3,52f5634d-de98-4543-8a1e-cbf1e2d0242f,2024-06-29T10:16,4,108.52,Card,Cancelled
04331839-d3e2-4974-a708-216dfd756f2e,6117b6f0-c4f4-4bf1-9eeb-f33950decba8,2025-10-18T10:16,4,23.88,Cash,Completed
b0dd199d-fe74-4ad3-a3a9-99dffa3ca269,4bb2d776-14c0-4ef6-b8ba-c580cbed72b8,2024-03-06T10:16,9,46.44,Online,Completed
2deb0137-ab40-4fcc-8134-32c2d2eada7d,4b14a58c-f1e4-40b6-888d-a88cd7055099,2025-09-11T10:16,4,65.80,Card,Pending
16ab5862-c8d1-4b94-8455-2c1ab4d4389c,27e45431-1333-4ffd-a0c8-be56ffdc5d4e,2025-08-03T10:16,9,84.24,Cash,Cancelled
ad6a051a-3350-4f8f-9fdf-eb8ae79c18b7,9b9edd1e-b4f7-414c-b8b5-a3dc51fa0a8c,2024-01-09T10:16,6,120.00,Online,Pending
1759b1db-d321-4f77-a433-3bd373f1bb92,c1a09d60-c9e8-4489-a68e-e01b51541d33,2025-07-12T10:16,5,136.55,Cash,Pending
89e3ead4-4bb4-401d-b6d7-3ee7cf3ec273,935ebde1-5945-4673-886e-1a7a12cc2d4e,2024-10-06T10:16,3,39.48,Card,Cancelled
a6aa040c-f99c-4fda-9d83-d176e9f526ab,b04ce307-2d1f-4214-b023-d8f4379041a1,2024-03-12T10:16,9,224.46,Online,Cancelled
7985f217-7e84-41c6-baf7-a9a2b13f35c4,46032f36-69bc-465a-9b33-a5d560bfd77a,2025-08-27T10:16,1,16.61,Online,Pending
1c2624bb-cd31-49e3-8a96-6f89c8bb33b7,c1a09d60-c9e8-4489-a68e-e01b51541d33,2024-02-10T10:16,2,14.48,Card,Cancelled
1e5e51f8-5840-4481-849c-cb846e0164b1,02c65c06-56ad-4670-b8e2-10ab417c7154,2024-05-07T10:16,1,12.13,Cash,Cancelled
0f17148e-97dd-468b-9f46-bd1409d44231,b04ce307-2d1f-4214-b023-d8f4379041a1,2024-02-18T10:16,1,25.03,Card,Cancelled
43a6cb73-48a9-4bc1-b49a-ea8a92be6a04,65b2c0ea-6192-47fc-9286-2c1dd3ecefb1,2024-08-29T10:16,1,27.89,Online,Completed
f5ace05d-71a3-44be-bada-498275714f1f,7509850a-5062-4da9-aad6-bc5b9e363ef1,2025-04-16T10:16,8,174.48,Cash,Cancelled
9f84e353-01b6-4bcc-bb31-f054db31c40c,cf65c4b6-4c1c-420b-95de-23e5b56ffad5,2024-06-02T10:16,2,41.60,Card,Completed
d71327bf-1107-4e9b-ba89-51b77241b8e3,0a5a9fc7-e126-48f0-99aa-dea85c606f66,2025-02-14T10:16,8,105.52,Card,Pending
0fc2b75e-b463-4281-86d3-ca7b2a9dc3c8,3dcaabe3-78c9-4d88-bed5-56ca7ceea07c,2024-11-13T10:16,8,214.40,Online,Cancelled
5abf1a23-5358-486e-a118-d6d73bea7b92,b3688304-b24b-416a-9bf4-c2b6aaeb59d3,2024-03-16T10:16,6,164.16,Cash,Completed
cb906d71-efee-4a2c-b1ec-833de466f6e1,e277d099-db2a-4aee-ab86-8b0e73a34383,2023-12-21T10:16,2,20.94,Cash,Pending
5a9ff901-c171-4ee3-9d98-a48aecc747b0,a5ffc907-be77-43e6-8694-4a0bf09bd3fb,2025-07-20T10:16,9,240.39,Online,Cancelled
0a824710-fe64-4b2b-bc48-345db64da9b4,953417c6-cd52-45e9-9ca0-bb450653c934,2025-07-13T10:16,4,33.76,Cash,Cancelled
7720663f-6198-4690-820b-f1abffb25a28,e7991221-0de0-4ef8-aa9c-ca3b59197059,2024-02-05T10:16,2,18.68,Online,Cancelled
d1324dbd-cd38-409f-b7fe-51fb624ce149,e38afcd9-9e08-47ba-bc92-5ebb4bc271eb,2025-06-07T10:16,3,64.56,Card,Completed
45ec04e4-d8ba-4132-9095-7b8aa0ec1ea2,bc58b12c-65c4-4f21-89ef-3e492a22ef7c,2024-11-15T10:16,9,253.53,Cash,Pending
9008935e-f0af-4a1d-8ad2-64b8c1dfe7fa,7169ef0c-f2c8-4ae3-83f6-87691664d2d2,2023-12-23T10:16,6,84.00,Card,Cancelled
2ed6e70a-2516-4086-8b08-19c98ffec0cc,7169ef0c-f2c8-4ae3-83f6-87691664d2d2,2024-12-02T10:16,7,109.76,Cash,Cancelled
80923220-71de-48d0-ae88-a06a0b323314,0a5bd884-b432-4ce5-b14e-44b4aedd4c0f,2024-06-18T10:16,6,172.02,Card,Completed
6563f730-758c-438c-b879-8673af2200b5,62a2bfef-ca4a-4dec-90ea-bf15ea1880d2,2023-11-30T10:16,2,27.34,Card,Pending
397602b7-a2f1-4ec6-9e5a-5f1c58ac38c2,ba5d9947-b043-4aca-8ee0-6b77895cf8e8,2024-01-25T10:16,5,79.10,Cash,Cancelled
915ee55f-79b7-499f-a19f-eabeddaffc0a,9b9edd1e-b4f7-414c-b8b5-a3dc51fa0a8c,2024-12-30T10:16,1,12.68,Card,Pending
83c344c9-c672-440b-8bbb-16f0f7ec6eb7,d33bbfcd-a2ca-4e80-8a1c-65223f061e7e,2025-09-09T10:16,8,199.84,Online,Completed
ae36f9d8-61ee-4ebe-85de-9dc4d0de35e8,68169a66-a8d4-4763-914e-7befc826445b,2025-03-25T10:16,2,55.60,Card,Pending
24eded80-8a08-4df6-9821-17c618e36e5d,71f17b36-2c37-4cfa-bf8a-894fa94c0e9b,2024-08-28T10:16,2,11.58,Online,Completed
e07212dd-f144-45c2-abee-402db0dda1d9,f543de06-e341-4de2-95ab-ca0fd3ee51fe,2024-03-16T10:16,7,75.39,Online,Completed
33b36605-dc06-4c9d-9d45-1598087eefb7,6bd388d4-5636-450b-bacd-55bdcb769bab,2024-04-10T10:16,4,75.32,Online,Cancelled
ae54334f-1dcb-4ea9-bb69-f18e7c211c4b,8b115a34-224b-453c-be69-b53a7445b466,2024-08-09T10:16,3,68.37,Cash,Completed
815dd03f-5834-43b7-8aef-3d175cdfa41f,ba5d9947-b043-4aca-8ee0-6b77895cf8e8,2024-11-16T10:16,8,50.24,Online,Cancelled
26190f53-3c04-4b26-9dd4-b9d13354a0e2,bb6bf39c-f455-4e08-a59e-1bdaaa91d4aa,2025-07-31T10:16,8,221.84,Cash,Pending
7ef27cdc-58fa-4cf0-b617-1b39ed06048b,b047b369-02d0-4f25-9af0-f1e883228863,2025-02-06T10:16,5,130.15,Cash,Cancelled
7f77f3c5-131e-4cca-a044-fd431d44f026,d33bbfcd-a2ca-4e80-8a1c-65223f061e7e,2024-07-12T10:16,3,23.88,Cash,Cancelled
d625310e-ec46-45aa-91e7-791cd3a2af60,428424b7-1f94-496a-8b7a-497ce177d32c,2024-02-03T10:16,3,38.58,Card,Pending
d6f22c4a-393a-4ae2-a951-2ccb57b29fd3,09ba4183-1b94-4f8c-bc5f-eca421a88524,2023-12-16T10:16,3,30.66,Card,Pending
d4b714e6-d0ad-43d9-ae7c-ffb36bc08758,aac35608-9499-49c5-811a-a059e773c968,2024-12-27T10:16,6,46.32,Card,Cancelled
9ef9671a-5960-4c9b-a86b-e44aeb7440eb,27e45431-1333-4ffd-a0c8-be56ffdc5d4e,2024-12-19T10:16,8,78.08,Cash,Completed
110d6ef6-554c-4e94-9e9b-3d371d8e945c,5f6e51da-5f01-4c9a-85dd-7d50ef37e5d7,2024-09-01T10:16,3,39.06,Online,Cancelled
f24923e9-6925-46ed-a770-ca340e0b61a0,4b14a58c-f1e4-40b6-888d-a88cd7055099,2024-04-08T10:16,1,26.09,Card,Pending
08b117de-b206-462b-a546-8da8523a2f69,0df3bae1-6384-4856-aa27-aef9f6c48b75,2024-10-21T10:16,3,50.70,Card,Completed
30aefdf0-2a69-4dbc-855b-f9f28a9db563,3ab3404a-ee80-4ed2-8d90-a6f0dad14e48,2025-10-25T10:16,5,68.80,Online,Completed
2a46b3ed-6fa3-4d3d-bf7f-d85f85d8e6bf,d87f31d7-79ef-4c17-856e-142e791b04da,2025-08-14T10:16,1,15.58,Card,Completed
5c0a5caf-d0f2-4453-be94-60c15fcbb43c,65b2c0ea-6192-47fc-9286-2c1dd3ecefb1,2024-08-05T10:16,6,64.68,Cash,Completed
fb41a698-5c0a-405f-9c36-42c40684e8f2,93cdeef1-3fc3-4a63-a275-0ae87ae6b335,2024-03-31T10:16,1,29.78,Online,Cancelled
7bcc8b65-4b1f-471c-bd0b-c7c6840ba70e,9c53f3f8-5b22-4d77-bd76-cfa6c70e443c,2024-05-16T10:16,6,117.24,Online,Pending
eb4aa5a8-b170-44f8-a6e4-962bb3abc2d9,1233cc27-7567-48e0-8dd2-6b0019506c2f,2025-08-23T10:16,3,42.78,Online,Completed
0265e17d-e8c7-43f1-a535-5b58ff8edc35,d33bbfcd-a2ca-4e80-8a1c-65223f061e7e,2025-03-18T10:16,3,45.57,Cash,Completed
bb683d83-5ee2-421a-be82-4d9731693ead,f543de06-e341-4de2-95ab-ca0fd3ee51fe,2024-04-30T10:16,2,19.36,Cash,Completed
861747b9-bd48-4796-beb1-700bfb8ed14c,964d337f-acd5-4ca2-8843-9be3f2eb60fc,2024-09-26T10:16,9,83.43,Cash,Cancelled
a053f26d-9ffa-4b11-b5a3-3f08aff17fbd,92da274a-bea2-490a-bb52-196c46fa8487,2024-01-14T10:16,4,23.00,Cash,Completed
384e5f12-7267-4478-946c-9326b7edc6c8,6945f6f4-b8f9-4d04-90ff-e59ed705578e,2024-07-14T10:16,5,116.20,Card,Completed
611fda1e-866b-4522-b7b1-567a5e18a903,0b2a0e9a-e050-4380-b607-57adcbbf59d4,2024-12-26T10:16,2,36.82,Cash,Cancelled
b0a6c7ce-bd93-4557-9681-54659023ff4e,fdb5454e-2230-489e-ade4-9218ff28cbd8,2024-11-27T10:16,8,156.48,Card,Pending
6aacd8a8-ed03-4632-9e71-c68b52d7bd1a,7d2df59f-386d-4aec-85a8-2443262a0cb4,2025-10-17T10:16,8,143.12,Cash,Cancelled
28ed0f0b-189d-4e48-8d88-fb13c8d95c1e,910b1d47-5c37-48b1-8bde-96c60660f1d7,2025-08-08T10:16,5,27.20,Cash,Cancelled
cc909d7f-3dab-4ae8-8e25-65826f3b6909,365c90d0-a590-4209-9401-2ce55af5ed98,2024-07-12T10:16,8,221.04,Online,Cancelled
edfbdd5b-8ccc-46ac-834e-c97f8c928036,09ba4183-1b94-4f8c-bc5f-eca421a88524,2024-10-09T10:16,8,40.88,Cash,Completed
9f272774-f0e4-4d36-96c3-fdef9d7fa640,a302a1a8-c429-406f-abff-9f273aa0a4b5,2025-05-21T10:16,6,58.80,Online,Pending
6f026b6f-415e-43da-8249-291a6b85a22a,885715b6-b1eb-44ca-8460-28c0343e56f3,2024-03-28T10:16,5,54.85,Cash,Pending
e2b1d279-e653-4b66-9f24-6dbcbe4dd513,7c991f43-c18b-4404-8826-97691b0dc00c,2025-06-29T10:16,9,84.96,Card,Completed
dcd98797-8ace-484b-958b-76436ea68003,4f6ae324-5b6d-47d6-a86d-26ec6fbe1e0e,2024-05-08T10:16,4,113.16,Card,Completed
2be9b73c-368a-4fd4-98e6-31f227bc45bd,23650eb4-f98d-45a3-a90b-a378f03d469d,2024-10-12T10:16,7,185.71,Cash,Completed
565a5c12-3f68-4118-9f31-1bf18c05f469,0d463f72-c3a1-4a2b-8d0d-1721a0d1a06b,2025-03-12T10:16,9,262.98,Cash,Pending
0f23c4c1-2aef-4921-8550-11917af91577,56a75a3e-a944-4147-8cba-f1024726993f,2024-06-16T10:16,6,110.82,Online,Cancelled
12b6157b-f4d1-437d-a49c-26e76330965f,05ccd8a5-ea5f-4353-bd1e-3022152b0685,2024-07-24T10:16,1,7.45,Online,Pending
9b86692a-fc78-462e-abc0-1f895027da3b,14eace30-1ac2-411e-8eef-98e8f32a87fb,2025-05-21T10:16,3,21.09,Card,Completed
be542b01-9809-455e-99cd-995a81a57a81,9305d562-2505-493d-8ed8-3fb721c8f491,2025-09-24T10:16,4,115.92,Cash,Completed
9a6df335-6fb2-4c89-936d-7ece10bb717f,0a570207-0f70-467f-bbeb-44a0a60a9a25,2025-07-29T10:16,5,80.35,Card,Pending
22b28b2b-e202-4874-869e-c61b617e7ae2,05ccd8a5-ea5f-4353-bd1e-3022152b0685,2023-11-14T10:16,5,105.15,Online,Completed
58d544f1-1019-4a0e-83d3-f858f940b8b6,824998a2-7592-4051-ab0b-d5e12743c93b,2025-09-22T10:16,4,44.44,Cash,Cancelled
2d16aeda-12c1-49f6-b5f4-9b586e59473b,ec3490d2-e8da-47ee-ae12-0ca0b1d7a2bb,2024-01-09T10:16,9,198.27,Cash,Cancelled
27b85080-6756-46e3-b146-8493ec781fea,d5eaf6a7-76cc-48ec-98d9-ba713e2df70f,2024-10-05T10:16,9,148.05,Card,Pending
60157461-eaf4-4d0b-9b5f-c3b216413314,e7991221-0de0-4ef8-aa9c-ca3b59197059,2024-02-13T10:16,8,137.84,Card,Pending
39c81b87-4e98-491d-b32a-5ade52f7af86,bfa3444b-2be9-46be-b944-720d86a59770,2023-11-16T10:16,9,263.07,Card,Cancelled
f85dca9f-39a3-4e7b-b772-21c1ee88d6da,b04ce307-2d1f-4214-b023-d8f4379041a1,2024-07-02T10:16,4,103.52,Cash,Pending
71374d5b-6c5d-4d53-bb03-72e4b21de21b,d3f641e5-b8b5-4f5f-9155-7768df2033e8,2025-06-24T10:16,5,45.90,Card,Pending
60b68d52-d045-416b-a25a-32e747b71d46,824998a2-7592-4051-ab0b-d5e12743c93b,2025-04-22T10:16,4,35.04,Online,Cancelled
5e571d33-ecfb-4845-9bd7-f367ec30341c,a3f626b9-cc27-4c04-8570-be79ab8bda4a,2024-08-01T10:16,1,9.94,Cash,Cancelled
f81bbd36-2072-40b9-b913-31d2d3165e9b,dcfb3d05-846d-4915-99f3-ebbc7559d972,2024-01-07T10:16,2,28.38,Card,Completed
1756b6bf-e3c2-4a86-96a8-7f31cd188639,53db1213-7316-47bb-9099-c1def0e3c96b,2024-09-27T10:16,6,63.60,Cash,Completed
5c167fb3-880d-480f-8c62-6ca28c3440c7,f6c35464-33dd-44a7-bf84-071f2e427045,2025-06-27T10:16,2,54.86,Cash,Cancelled
d3d6ac0a-3ab5-452e-a603-e964accca565,941529ef-2114-4bff-907a-4596ff4593a1,2025-04-03T10:16,5,69.35,Cash,Cancelled
815bdc6c-d824-41f0-8c62-0bd7b2b46783,d5eaf6a7-76cc-48ec-98d9-ba713e2df70f,2024-03-29T10:16,8,129.36,Online,Pending
6d41aa1f-cbc4-47a8-85f9-15146394dbf2,6f61ca8e-51a1-48e0-abfa-88326e713e34,2024-05-05T10:16,8,228.24,Online,Cancelled
423b3ccc-2c04-4b4b-8f8d-9315d9e5d679,73a2b03c-2dca-486e-8ebc-c4d6bb68a8c6,2025-02-12T10:16,6,89.10,Cash,Completed
a787c0fc-9e81-4ec8-a90f-ed50bfbb24f1,8b115a34-224b-453c-be69-b53a7445b466,2024-06-28T10:16,7,55.93,Online,Cancelled
cb7da2a9-8a47-4597-902b-10ea6814dadf,aff4340c-d102-49ba-af8e-84d2737ce82c,2024-03-01T10:16,8,111.60,Card,Pending
bbcef5bf-b8b3-43d5-9168-f4b326a4edb6,4739f27f-7a96-4d52-83ae-0c6fd4c8c606,2024-02-21T10:16,8,91.92,Online,Pending
bd8e995c-58aa-43ab-8b96-7ee28e00b8ce,09ba4183-1b94-4f8c-bc5f-eca421a88524,2025-10-22T10:16,6,67.32,Online,Completed
3bedf55f-8db7-40be-9b02-f230367de3b8,2c6dafc9-06cc-4b3d-8b8d-12aae0644c58,2024-02-18T10:16,5,147.00,Online,Completed
ac03894d-e1c4-4a6e-825f-609ed59b3dc6,23650eb4-f98d-45a3-a90b-a378f03d469d,2024-09-08T10:16,6,49.80,Card,Completed
7cf470c2-97da-4462-a77e-58082014dbdd,935ebde1-5945-4673-886e-1a7a12cc2d4e,2025-11-10T10:16,1,10.65,Card,Cancelled
4e725d1a-643d-480c-acda-bb0e8f7a6f2f,b03f75c1-655f-4480-a2bf-1a0af806e96e,2024-05-20T10:16,6,106.50,Card,Pending
84a04a20-b8c0-4d4b-8fd8-141efe9ce3f6,6aaabc79-3d35-410f-bb96-f86a3930d0ff,2024-02-23T10:16,4,53.64,Card,Completed
4f724a33-82af-4819-b3d7-a60efa44a372,53db1213-7316-47bb-9099-c1def0e3c96b,2023-12-18T10:16,8,144.00,Cash,Cancelled
11d0dc8e-bc9d-4aa3-bf87-0025f380b81c,cf65c4b6-4c1c-420b-95de-23e5b56ffad5,2024-08-21T10:16,4,99.76,Online,Cancelled
73cbbead-2102-4686-9d92-0526773506ab,e119f98a-df63-41dc-8e01-bb49ca2dc724,2024-09-29T10:16,8,136.96,Card,Cancelled
3e423032-e188-4f02-b90e-551923b66d0d,d5eaf6a7-76cc-48ec-98d9-ba713e2df70f,2025-10-05T10:16,3,75.84,Cash,Completed
32517b54-ade5-4317-8f6f-c555e17b123e,5d6f84a5-a4de-442e-99b9-b8ef714b4436,2024-03-04T10:16,8,88.08,Online,Pending
ff07b9da-3b0f-411e-bf27-a4f07b77a7fc,401a6911-a31e-4892-adc1-56e3e1eb090a,2024-09-14T10:16,1,21.86,Cash,Completed
4374d425-6f63-4419-83b0-bd4031609ca3,9b9edd1e-b4f7-414c-b8b5-a3dc51fa0a8c,2025-03-18T10:16,4,46.68,Card,Completed
a5709639-76a5-4054-bbc5-6e657be189cc,983d66ae-c8b0-46b8-8abc-26a1055cf729,2024-04-26T10:16,9,86.04,Card,Cancelled
4b7e5d21-d50d-4178-9ebd-755415ea1f21,5400d214-6176-40bf-88d2-3f53ed38bf69,2023-12-03T10:16,9,94.23,Cash,Completed
fb9e8e1c-8f48-4a08-a080-16b3101386e7,ecf1ffb0-ac00-4968-87ea-8beef4ace55a,2024-11-06T10:16,9,109.62,Online,Pending
6777ce60-66ff-4588-bd4b-094d2d99473f,0a5a9fc7-e126-48f0-99aa-dea85c606f66,2025-07-16T10:16,5,63.40,Cash,Cancelled
4ab581bb-b20c-471d-84f4-3c80e735d4fe,53db1213-7316-47bb-9099-c1def0e3c96b,2025-08-17T10:16,3,87.90,Card,Completed
3249c233-0738-4d4a-8d2f-69b4796ce5fc,3910ab11-8758-4a4f-8a9b-c4f5df7413c4,2024-10-05T10:16,7,73.64,Card,Cancelled
5beb0a09-ae1f-440a-a835-78d583d33421,e277d099-db2a-4aee-ab86-8b0e73a34383,2024-12-22T10:16,6,37.02,Card,Pending
0206139a-1a9a-4f43-bc4e-a659957153f4,46032f36-69bc-465a-9b33-a5d560bfd77a,2024-05-26T10:16,3,31.71,Card,Completed
354ff5a9-14fe-4caa-91bd-424cad241101,4717d2a3-4b2a-44f1-b960-a2b73e2d23fd,2024-05-08T10:16,8,170.64,Cash,Pending
5fcd6c5e-4c3f-442f-8222-77a1e45f606e,8f7f530b-bb30-4a05-b437-744ed30af54f,2024-05-31T10:16,6,48.90,Card,Completed
4bde59cf-9e43-4b9d-97fc-3477541ec435,cf65c4b6-4c1c-420b-95de-23e5b56ffad5,2024-04-06T10:16,8,144.64,Card,Completed
dd9be554-af17-4eaa-a3bb-76eb64fa00ad,8113211c-bdc3-4bb0-94d9-3fd3871f3005,2023-11-17T10:16,3,61.53,Cash,Cancelled
ed54949e-8279-41fc-84d7-df95a9510aee,b03f75c1-655f-4480-a2bf-1a0af806e96e,2025-08-03T10:16,3,66.33,Online,Completed
af058fbf-68f9-4729-81ae-6d337d871073,6bd388d4-5636-450b-bacd-55bdcb769bab,2024-02-15T10:16,2,31.38,Cash,Pending
eab04720-b79c-4db6-800f-985f47283356,74e76582-f1b8-4560-b049-8aebb59d4721,2025-01-07T10:16,8,170.24,Online,Cancelled
342e3122-0493-4b0d-b0f0-9bd4fc5a06ed,e12c3d24-86c8-474f-b86b-370df36adbfe,2025-04-09T10:16,1,8.66,Cash,Cancelled
e353ca9c-a7ab-4cbd-a890-113c032b5f96,a190f67b-21df-46bc-8164-46bdfa00af85,2024-10-13T10:16,2,39.12,Online,Pending
f445f068-5c3a-47f3-8984-af325d5d6941,b95f7619-fab2-4df9-8683-1f2aeb93a660,2024-05-30T10:16,8,220.64,Online,Pending
5134e9fb-4ee6-4dcf-bc41-ef695a0d723b,56a75a3e-a944-4147-8cba-f1024726993f,2024-08-31T10:16,6,35.34,Online,Pending
1e632a9e-bcac-4342-9eb1-a27c8635c3f0,3befa4dc-d961-4a3a-9410-d43d1bdaa335,2025-01-04T10:16,2,41.88,Card,Completed
7df66af9-7b02-4c09-bff7-d2d7e66936e4,56a75a3e-a944-4147-8cba-f1024726993f,2025-10-30T10:16,4,49.84,Cash,Completed
144b8519-b5b1-4cce-95b7-9fcad314685e,2a109685-1399-4149-8951-fba29bb0360d,2025-05-31T10:16,5,26.85,Cash,Pending
9669fb17-30d6-4923-8ef9-5cd129c251c2,b014b56e-3263-4b63-8430-46e00bc5ea77,2024-10-09T10:16,9,163.53,Online,Completed
1813a5e3-5f86-481a-998e-5e79214f314a,11526850-7335-463f-b740-a52a90457c3b,2025-09-26T10:16,8,113.04,Online,Completed
32527423-9a99-4279-a986-0f58809f42fb,cf65c4b6-4c1c-420b-95de-23e5b56ffad5,2024-01-27T10:16,1,21.12,Online,Completed
8ea4e9e7-7591-4492-b174-e0ed51f8c827,c9dcc28a-ae5f-477c-ae7e-72d94129f449,2025-05-03T10:16,1,13.25,Cash,Completed
ac2ccf20-5d92-4651-8749-ad138a943b28,80537cf2-360f-4740-8b7e-d4cd56e22987,2025-09-09T10:16,9,226.35,Cash,Completed
319a9a99-08ae-4a6a-be23-72cef385dc21,6e6d2c67-f7fb-4a98-8f9a-4822259b25c4,2024-09-14T10:16,9,247.41,Online,Completed
b8e9abb6-3fd5-40e6-b5a2-d02e1afb75ba,aff4340c-d102-49ba-af8e-84d2737ce82c,2025-04-30T10:16,1,17.28,Card,Completed
8ce15a76-bda6-4d99-8594-0865957fb492,4e6807ca-aed8-4ec9-b1b0-0e3aba57efb1,2024-02-12T10:16,4,34.96,Online,Pending
74428a52-6e21-48ad-8edb-2c91f325ec71,e119f98a-df63-41dc-8e01-bb49ca2dc724,2025-02-12T10:16,8,153.60,Cash,Cancelled
9381a5b4-49cd-4d1c-b5f1-beb9effd6b9c,6945f6f4-b8f9-4d04-90ff-e59ed705578e,2025-05-02T10:16,5,76.95,Cash,Cancelled
973cc03a-3c3b-4455-a0b5-6f2ea2fcc4b8,6e6d2c67-f7fb-4a98-8f9a-4822259b25c4,2023-11-23T10:16,6,153.24,Online,Cancelled
5e4146e0-65f0-4c8f-ab06-d4e0250f0d22,14eace30-1ac2-411e-8eef-98e8f32a87fb,2024-03-04T10:16,9,234.72,Online,Completed
6e382cf5-6bec-4e27-81f8-a26c65a59e80,428424b7-1f94-496a-8b7a-497ce177d32c,2025-09-14T10:16,6,42.72,Cash,Pending
0f4c52b9-b873-4da3-9184-6ae57337f6d2,68169a66-a8d4-4763-914e-7befc826445b,2023-12-15T10:16,8,211.20,Cash,Cancelled
4f2fa816-8144-4c1c-adea-53c8e335fab8,2c6dafc9-06cc-4b3d-8b8d-12aae0644c58,2024-05-09T10:16,7,124.53,Cash,Cancelled
91382811-1a94-4353-a67b-452025f541bf,11526850-7335-463f-b740-a52a90457c3b,2025-10-20T10:16,9,261.90,Cash,Pending
c9a94583-7a51-451a-a114-af7e917892ea,99c406e7-092b-4eeb-bc08-56fc041c253d,2025-08-16T10:16,9,160.47,Online,Completed
75462c6d-0a97-407b-9992-81c994be21dc,23650eb4-f98d-45a3-a90b-a378f03d469d,2024-07-20T10:16,7,153.72,Online,Cancelled
e0e3a3b9-83ec-4bed-bd96-6b1153ada54d,f90cf3ca-e2d0-4129-bc7a-e8a2b80880da,2025-10-16T10:16,1,11.61,Cash,Pending
1b93d064-6c0b-435e-a3c0-4a5789ae6ab6,bc58b12c-65c4-4f21-89ef-3e492a22ef7c,2025-01-16T10:16,5,111.85,Online,Completed
676a2118-3833-482c-ab98-6a7233ac30f0,92da274a-bea2-490a-bb52-196c46fa8487,2024-02-09T10:16,4,24.48,Online,Cancelled
55013969-42fa-4a3c-9198-61551a278715,0df3bae1-6384-4856-aa27-aef9f6c48b75,2024-07-16T10:16,8,66.56,Card,Pending
83ac0632-2e68-4d9a-b17a-d6063a04e064,92da274a-bea2-490a-bb52-196c46fa8487,2024-03-23T10:16,4,67.56,Online,Cancelled
44727c34-efdd-42f8-b287-c3a5f560918c,f543de06-e341-4de2-95ab-ca0fd3ee51fe,2025-07-07T10:16,9,89.28,Online,Pending
cb700446-f711-4bb9-8dda-bcdc9e197865,14eace30-1ac2-411e-8eef-98e8f32a87fb,2024-04-28T10:16,8,68.00,Online,Cancelled
11ca84ce-d2f9-423f-b3e7-c5cf97f76fd7,52f5634d-de98-4543-8a1e-cbf1e2d0242f,2025-11-09T10:16,9,177.57,Cash,Pending
75fc8369-452f-48e4-ad30-161db921198a,99c406e7-092b-4eeb-bc08-56fc041c253d,2024-06-03T10:16,4,95.28,Cash,Cancelled
f7ef5322-5581-4ac6-9a5e-e375954dc1d3,1407e9cf-22c9-4137-a2fe-cc12dc038235,2024-03-12T10:16,9,49.50,Cash,Completed
fbe594fd-67d3-4011-b384-1c3d210d4204,6c3bf618-a715-40f9-9faa-cfc5f5beef2f,2024-07-02T10:16,4,36.44,Cash,Pending
25f18d91-46f9-4ffd-8c15-2b4cdf3c3e4d,62a2bfef-ca4a-4dec-90ea-bf15ea1880d2,2025-02-13T10:16,7,66.99,Card,Pending
2166e6d1-a0ca-4183-be22-4f9b29e9b990,67c276b0-7be6-4f3c-bf86-c342095c8112,2025-02-18T10:16,5,68.85,Online,Completed
3733ce29-ebcc-4a48-815e-1cfdcceeae63,52fbb114-83aa-432d-b2f1-f3e37a5c4754,2024-01-20T10:16,6,85.26,Card,Completed
dcc1968c-58af-4434-a0d5-74a749f709ff,205ea7f7-e714-45b8-a083-11247ff702a1,2025-01-13T10:16,9,82.53,Cash,Cancelled
246ad59b-9798-4ee2-9099-1256f2e6f58f,53db1213-7316-47bb-9099-c1def0e3c96b,2024-03-04T10:16,8,142.16,Online,Completed
ad37e41b-c99c-4024-b899-42abd938194c,52fbb114-83aa-432d-b2f1-f3e37a5c4754,2025-01-05T10:16,5,48.65,Cash,Completed
ed26cf38-8d59-4a9d-bf4d-37a5c3d52f1a,f0a6a958-e434-41bf-a830-dffa55a34db5,2025-04-14T10:16,9,51.57,Online,Cancelled
1d27af4e-e272-456e-8a28-40d85c96dd07,8f7f530b-bb30-4a05-b437-744ed30af54f,2024-04-27T10:16,9,183.87,Online,Cancelled
30e1718c-54b4-416a-8c7a-1042cd019512,3e97fc93-73a7-45e0-9888-f7a03ee258a7,2023-12-04T10:16,5,111.50,Card,Cancelled
722e68d2-bf31-417a-b63e-a4eea37cdf43,b3688304-b24b-416a-9bf4-c2b6aaeb59d3,2024-05-26T10:16,9,124.02,Cash,Completed
c054eadd-e2d8-49f7-a812-0200a6910f4c,f3826f04-0dfa-4266-8002-58fede0093f5,2024-09-11T10:16,1,18.45,Online,Completed
49342990-7799-4a5e-b2e7-3bc65efa5c2d,53db1213-7316-47bb-9099-c1def0e3c96b,2024-08-17T10:16,3,31.74,Cash,Completed
7701271f-92c9-413e-b525-5d1bf585dea4,1233cc27-7567-48e0-8dd2-6b0019506c2f,2024-12-10T10:16,8,127.76,Card,Completed
2ef9aaf5-2903-4ff2-9f2c-e9613b05403b,67c276b0-7be6-4f3c-bf86-c342095c8112,2024-05-05T10:16,3,72.03,Cash,Pending
8de4abe7-2af0-46c8-a57e-5904f3fa2792,90f0db1e-2b19-43f7-ba17-233c7c214eca,2025-06-08T10:16,4,51.36,Cash,Completed
bb640222-d0dc-4312-bc49-cdf765d35f79,485b65e7-fdf4-474d-afba-37986d8d3cd8,2024-04-25T10:16,6,112.80,Online,Completed
7a0f2f96-486c-4668-a19d-38f88bd85490,cb8747c7-32ca-4b6b-868d-13ab01d953ec,2024-12-20T10:16,9,241.83,Online,Cancelled
d23f714a-b747-4c32-8e37-1dda75cccc19,05ccd8a5-ea5f-4353-bd1e-3022152b0685,2024-12-18T10:16,7,42.21,Cash,Pending
5b49f614-01bf-4570-ab2c-f712964e70db,953417c6-cd52-45e9-9ca0-bb450653c934,2024-06-04T10:16,1,11.93,Card,Completed
ea9585e7-2e7e-4d43-a67c-2efa7d21dcee,39cb44e2-a541-4b98-bc0b-db5f31cf8710,2025-05-23T10:16,2,52.28,Cash,Pending
f029f4b8-a98f-4f49-b879-edc90519aaf7,b014b56e-3263-4b63-8430-46e00bc5ea77,2024-07-23T10:16,2,30.56,Card,Completed
33167f07-be75-47b2-a604-96b9fa4dffb7,401a6911-a31e-4892-adc1-56e3e1eb090a,2024-06-10T10:16,7,137.62,Cash,Completed
bed5962a-2bdf-48b1-9d35-09756d106270,26d032f1-9fe9-487a-987a-a8be14e1db05,2025-04-08T10:16,4,106.36,Online,Pending
f8f29b7e-5b40-4e80-bedd-90bae6ca78da,d6d4ef4b-0870-48aa-b884-013237f255f4,2025-06-12T10:16,8,232.64,Card,Cancelled
e2f87e67-2de3-427e-b69a-70fbae78736b,6b1178fc-1745-401d-88da-3903c243ebe9,2025-05-17T10:16,1,21.01,Online,Pending
56a15b98-5a6f-40e0-b0a4-cd2993004977,c83bba2f-5229-4998-9566-1f3179b13e8a,2025-07-18T10:16,1,16.80,Cash,Cancelled
d9623a05-7da5-479f-a782-ec5d32ccbe66,4e44f26d-5455-405b-8fdb-63ab8b739ecf,2025-06-07T10:16,1,14.84,Card,Pending
687d1de5-2ba0-4964-ae50-fa0df2fd39ad,b047b369-02d0-4f25-9af0-f1e883228863,2025-03-06T10:16,2,47.46,Card,Pending
94eedab9-cd7f-4d8f-b993-6507e7547833,365c90d0-a590-4209-9401-2ce55af5ed98,2024-04-03T10:16,6,142.02,Card,Pending
640a0ba0-0682-4948-b3f6-60326022528c,058b9c75-b72f-4594-80d2-e41194ff7672,2024-12-26T10:16,9,226.89,Cash,Cancelled
36de0823-fd55-4ba8-840c-deb73790aa7f,5400d214-6176-40bf-88d2-3f53ed38bf69,2025-08-20T10:16,3,79.74,Card,Cancelled
67764944-4d77-4b72-b21a-86639af0ecc7,5d6f84a5-a4de-442e-99b9-b8ef714b4436,2024-09-02T10:16,8,219.04,Card,Pending
6fc3ad09-74b0-4cc4-8a69-07f67baa567e,e85d0261-2d97-4475-a749-363ec9040a74,2025-01-31T10:16,3,58.26,Online,Completed
0cbd2d67-4a65-40ed-8107-a10977151506,65b2c0ea-6192-47fc-9286-2c1dd3ecefb1,2024-07-09T10:16,2,18.60,Card,Pending
5f34783c-a16b-4bc4-a438-4c950f9a0975,d5cfb1a3-ce2f-4aff-ab4c-50e0c5426af1,2025-06-08T10:16,3,29.82,Cash,Pending
eef78874-8f48-4dec-b815-b95ee48aec58,11526850-7335-463f-b740-a52a90457c3b,2024-09-03T10:16,6,129.60,Cash,Pending
cc131ff2-6fd7-4762-b9be-93d1f116993a,7a2e5fa5-096b-4701-8ce6-7a3db39bf8eb,2025-05-12T10:16,4,33.92,Card,Pending
e7351a2a-7315-4870-9ee5-c3eac20e4ca0,21edfc22-3f73-4335-a774-3cf78ab65e86,2025-08-15T10:16,6,56.82,Online,Cancelled
1e1300b9-77c4-49d1-ba2c-e20ea5745868,e119f98a-df63-41dc-8e01-bb49ca2dc724,2025-10-01T10:16,5,102.00,Online,Pending
701a8303-3476-404f-b3ed-a3dad90d4350,c46351bf-193f-49af-a5d6-456188837c3d,2023-12-18T10:16,9,265.95,Cash,Completed
8bf128a1-6e29-4ec2-9a0f-30909f207415,90f0db1e-2b19-43f7-ba17-233c7c214eca,2025-06-06T10:16,6,139.20,Online,Completed
1ca8c939-a44c-4cb8-8a20-9706d03bcb94,aff4340c-d102-49ba-af8e-84d2737ce82c,2024-02-02T10:16,2,49.76,Online,Cancelled
06e4e5a1-c843-4a7c-8ede-dec4a843c5fb,e6e1db85-f8ba-4264-9c9a-520ecda4bc4c,2024-10-24T10:16,6,135.66,Card,Pending
e23a8c08-f3ee-4e18-aa94-8f8ad1583020,ada8704c-2784-4d70-84da-10078407d2c8,2024-12-16T10:16,7,167.37,Cash,Completed
e7d2cf0f-cdda-4457-a52a-960d22d2c1de,52f5634d-de98-4543-8a1e-cbf1e2d0242f,2025-09-12T10:16,2,13.58,Online,Cancelled
4e171741-21bf-47df-82da-67e5a8dd9ac2,0130fcd4-a6cf-4a72-8400-7bcae1abce34,2024-08-17T10:16,3,37.17,Cash,Completed
0d0eba70-a35d-4d35-9fb7-6446b57f22cb,8f7f530b-bb30-4a05-b437-744ed30af54f,2025-04-20T10:16,3,23.55,Card,Cancelled
5fe5cba5-9f96-474d-a02a-8bc80e85cde7,bf0de251-90d7-423c-8b31-48df1a89964f,2025-06-02T10:16,2,50.00,Online,Completed
44df2eb4-dd65-4e6e-8d2a-eff9753f2d18,953417c6-cd52-45e9-9ca0-bb450653c934,2025-02-24T10:16,6,73.50,Cash,Pending
52c92ffa-28ec-44a2-814f-e00aa4e0d262,80537cf2-360f-4740-8b7e-d4cd56e22987,2024-08-23T10:16,2,42.50,Cash,Cancelled
006a27ca-7498-4cc5-bbc0-249e3061f0f0,365c90d0-a590-4209-9401-2ce55af5ed98,2023-12-16T10:16,6,45.06,Online,Cancelled
576ebf57-2e70-426c-9b13-d55699b2b181,80537cf2-360f-4740-8b7e-d4cd56e22987,2024-10-25T10:16,2,16.28,Cash,Completed
e2745a67-4fc4-40a9-8bc9-f52beb4a0f8b,09ba4183-1b94-4f8c-bc5f-eca421a88524,2024-05-10T10:16,4,29.64,Card,Completed
c3066296-7fd0-41d5-9ec5-46537ad5c115,1233cc27-7567-48e0-8dd2-6b0019506c2f,2024-04-13T10:16,1,21.96,Card,Completed
9dc4f848-c187-4078-a617-4c05ce3ba17a,a938df5f-7764-459c-8bfd-90409d16b3c6,2024-01-15T10:16,5,117.90,Cash,Completed
c859662f-0d56-46c3-a345-855976cf6ad3,bc58b12c-65c4-4f21-89ef-3e492a22ef7c,2025-03-21T10:16,5,51.00,Cash,Cancelled
8bbd95ae-1c93-4e61-9f8e-d9b0acbb775d,caad7924-4bc5-4f85-9662-11ca261e3c87,2024-07-27T10:16,9,173.79,Online,Completed
ff620b25-f6b1-430c-a472-422e80ed74aa,1d32c3b3-c732-4995-aa6b-ff159deb3bdf,2023-11-22T10:16,1,11.54,Online,Pending
15619633-e132-48ba-be3d-d10f03b1982c,bf0de251-90d7-423c-8b31-48df1a89964f,2024-09-16T10:16,8,60.40,Online,Cancelled
ccd7d32f-6910-4b2a-b90a-215052547259,bf0de251-90d7-423c-8b31-48df1a89964f,2024-08-29T10:16,2,12.02,Online,Completed
8ed38b9e-8f9d-4ba8-a97f-dbedbaceefe4,6117b6f0-c4f4-4bf1-9eeb-f33950decba8,2025-06-26T10:16,4,36.52,Card,Completed
547c9ad9-ca39-48c2-90ac-5a5bd3b8d44f,3dcaabe3-78c9-4d88-bed5-56ca7ceea07c,2025-10-18T10:16,9,244.80,Card,Pending
9ac38407-a0a3-46bb-a1b8-7aceb20e4ea0,b047b369-02d0-4f25-9af0-f1e883228863,2025-01-16T10:16,7,114.94,Card,Cancelled
e91c790d-9145-4b61-bc79-e928625cfc51,795088d7-d227-422e-ad8c-f048bde0675e,2025-03-16T10:16,8,193.92,Cash,Pending
1f98f57c-e3a2-4031-bbc2-8b7d393a1385,4739f27f-7a96-4d52-83ae-0c6fd4c8c606,2025-09-24T10:16,5,138.40,Card,Completed
ee189d41-80e2-45b2-b70f-9659900e6875,90f0db1e-2b19-43f7-ba17-233c7c214eca,2024-02-17T10:16,5,84.30,Cash,Completed
6b7dc885-d31f-4337-b8bd-9296e6749b43,7a2e5fa5-096b-4701-8ce6-7a3db39bf8eb,2025-10-02T10:16,5,80.70,Card,Pending
99ecc9e4-46df-4a29-9946-a7c88a97b707,98b17fed-218c-4f20-8410-9f0edfc74455,2024-08-01T10:16,3,51.42,Card,Cancelled
cda41135-23c0-499c-a0bc-243e9c7e08fc,935ebde1-5945-4673-886e-1a7a12cc2d4e,2025-06-29T10:16,1,16.23,Cash,Cancelled
ee4cc1d0-6b6a-4de4-a5c8-76e5bb016f17,1d32c3b3-c732-4995-aa6b-ff159deb3bdf,2024-07-08T10:16,8,217.04,Card,Completed
05b1cec1-f336-4aa2-99ed-8015f8d24aaa,6bd388d4-5636-450b-bacd-55bdcb769bab,2023-11-17T10:16,6,92.46,Card,Pending
6573cb45-6f95-4deb-9576-28e8970e4d1a,5eb75bc0-d5fa-4209-9d42-7767f3f0585b,2025-04-27T10:16,3,50.58,Card,Pending
bc0c42fc-9bf5-453a-957b-f5558698f603,e6e1db85-f8ba-4264-9c9a-520ecda4bc4c,2024-12-28T10:16,1,19.96,Online,Cancelled
26cc1161-44fe-4d33-8819-2369765d0589,89d26a00-0fde-4c03-8430-b06f6bc3f33a,2024-07-20T10:16,8,132.56,Cash,Completed
f33d553e-7277-4344-90e0-2b9477115494,e277d099-db2a-4aee-ab86-8b0e73a34383,2024-07-28T10:16,9,211.32,Card,Cancelled
282e7bd5-b921-4522-8d3b-5913ee2bda19,4e44f26d-5455-405b-8fdb-63ab8b739ecf,2024-09-27T10:16,8,80.56,Cash,Cancelled
5df394d4-fb7e-4b7a-a397-584acbe69e66,b014b56e-3263-4b63-8430-46e00bc5ea77,2025-11-01T10:16,6,168.96,Card,Pending
84b64336-4e83-4484-a1e7-3ba9f16a2a11,27e45431-1333-4ffd-a0c8-be56ffdc5d4e,2025-09-01T10:16,4,97.80,Card,Completed
5e77ce2a-21fb-4103-8910-de707fe6659e,caca465c-e9f2-4add-91b5-24c70595e321,2025-10-14T10:16,2,41.90,Card,Cancelled
ebbd5053-43fe-4972-b360-21a5e361c3ff,7169ef0c-f2c8-4ae3-83f6-87691664d2d2,2024-04-22T10:16,2,27.04,Card,Completed
09e54e90-17ac-4cc9-b2d4-49fe20fbf6ff,4f6ae324-5b6d-47d6-a86d-26ec6fbe1e0e,2024-10-15T10:16,1,17.93,Cash,Cancelled
6ba1c46e-f270-49dc-b076-9a1e336472dd,bb9edfa8-17f7-4f6f-8e3b-616693a298b1,2024-02-17T10:16,4,52.56,Card,Pending
c4b14a49-0746-4b5b-ae91-13e76aadb303,0fcf4084-ea31-49f8-99f9-9bf8c8b0c16b,2024-09-12T10:16,8,82.96,Online,Pending
27af69e1-e8cc-444f-befc-35a81e28b05e,2a109685-1399-4149-8951-fba29bb0360d,2025-04-29T10:16,6,141.60,Card,Pending
f11b4072-8088-43c3-a78c-dc1358c7bf2b,fe624323-ba72-456d-9842-ed9e0edc75df,2023-11-23T10:16,1,16.21,Card,Cancelled
fb401af3-1533-4323-88be-41562c8e45f3,0e0d5f13-edd5-4ab0-9ddd-3df111bedc5a,2025-11-05T10:16,1,5.53,Online,Pending
ee8ffb33-0bbf-4ff5-a76c-f5fa773656ac,365c90d0-a590-4209-9401-2ce55af5ed98,2024-10-05T10:16,5,89.80,Cash,Pending
a5a0c33b-1ff1-4d20-a697-5747d9608668,99c406e7-092b-4eeb-bc08-56fc041c253d,2024-04-20T10:16,7,42.49,Card,Completed
59703962-9c9a-442c-bc38-ec396ce8f5ce,56a75a3e-a944-4147-8cba-f1024726993f,2025-09-20T10:16,5,95.80,Cash,Cancelled
42ea8bfd-4c82-411d-b9fd-21e8b888f74d,8f7f530b-bb30-4a05-b437-744ed30af54f,2025-09-06T10:16,9,206.10,Online,Cancelled
f1665a69-c006-4093-b79d-c342b3142d90,ebbc7df0-770d-44f8-b0ff-c62f9006e40e,2023-12-25T10:16,7,136.43,Cash,Completed
cc1fc173-daa5-47d1-9305-6485f2ff2b3c,209e786b-2a61-4e52-a3b2-1cc98bcbf18c,2025-03-07T10:16,7,56.77,Online,Completed
c57d68e5-6fb1-44fb-9293-e5390253a9fa,c3ffc43c-0c11-40fa-9824-f234161741d0,2024-11-13T10:16,1,5.69,Card,Cancelled
030a9590-6858-49fa-baad-a4c4abff3d87,68169a66-a8d4-4763-914e-7befc826445b,2024-09-25T10:16,6,36.12,Card,Pending
31f1edd1-8c70-43cd-bb9b-67015dcaf0cf,5f0f3def-9ff6-4282-ad04-001c4a769966,2024-10-14T10:16,6,83.28,Card,Pending
8e7b13f8-badc-4a76-a2c3-01ce93f6b9b7,ebe19120-496a-47fa-87eb-2440212a3363,2025-03-23T10:16,7,122.99,Online,Cancelled
c7134c55-dc6c-4def-af1a-f04c060c4b05,ba5d9947-b043-4aca-8ee0-6b77895cf8e8,2025-07-20T10:16,4,112.08,Card,Cancelled
2421b36f-42b0-4de6-807e-a4b9b664ae99,80537cf2-360f-4740-8b7e-d4cd56e22987,2025-07-19T10:16,5,52.65,Cash,Pending
3fcb51b6-58a8-456d-ac8f-6850a618f572,058b9c75-b72f-4594-80d2-e41194ff7672,2024-10-14T10:16,2,18.86,Cash,Pending
3b70a08e-c3ee-482b-b948-b5eb7a13d16b,ff4db0d8-e809-46e8-9ae0-78ffee4902d9,2024-07-15T10:16,9,139.05,Card,Completed
32a2dfcf-dbf4-453f-8848-5ef51f85ab06,4b14a58c-f1e4-40b6-888d-a88cd7055099,2024-09-20T10:16,4,90.88,Card,Cancelled
ea42eedc-1dfc-4677-9ea3-b6821538d3af,c83bba2f-5229-4998-9566-1f3179b13e8a,2025-01-31T10:16,1,7.39,Card,Cancelled
43fbdfe3-060e-4632-a693-b8f579fadec7,7509850a-5062-4da9-aad6-bc5b9e363ef1,2025-11-04T10:16,2,10.08,Cash,Completed
5f7fa2a7-3822-4587-a3b8-811d3951e85a,09ba4183-1b94-4f8c-bc5f-eca421a88524,2024-02-07T10:16,7,104.30,Online,Pending
0b898b8b-5e6f-494c-87ae-2abe0f5aff4d,caca465c-e9f2-4add-91b5-24c70595e321,2024-09-16T10:16,3,71.70,Card,Completed
6e237637-4213-4c0e-aa05-b914581ef14b,ef7fad1f-a86f-4ee1-95b4-ce1f339f0fa5,2024-07-11T10:16,5,139.80,Online,Completed
980ca2e1-a417-4d17-9dce-2c8429f776de,2ca088cd-c6c6-4e60-a1a4-d2990ee21b12,2025-06-16T10:16,1,5.25,Online,Cancelled
39081a09-91b5-4b88-868a-28fa963f4675,67c276b0-7be6-4f3c-bf86-c342095c8112,2023-11-24T10:16,1,8.59,Cash,Pending
c6d0bc50-9969-44f6-8619-4136656f05ee,5f0f3def-9ff6-4282-ad04-001c4a769966,2023-12-18T10:16,3,60.15,Card,Pending
55270f9c-59f9-41c6-a086-ea02991fd6c0,67c276b0-7be6-4f3c-bf86-c342095c8112,2025-10-25T10:16,8,46.24,Card,Cancelled
f1cd387b-b846-438c-baa1-f83821d784f1,a938df5f-7764-459c-8bfd-90409d16b3c6,2025-10-03T10:16,3,67.71,Card,Pending
8f25443d-93ca-425f-bfab-643fbf1e9281,6aaabc79-3d35-410f-bb96-f86a3930d0ff,2025-09-21T10:16,8,187.52,Card,Pending
db351936-0c9b-4237-91f0-881f8864c701,910b1d47-5c37-48b1-8bde-96c60660f1d7,2025-05-19T10:16,6,39.66,Cash,Pending
a6f796bf-32be-4490-9c7b-11d83e655ea3,6bd388d4-5636-450b-bacd-55bdcb769bab,2024-11-28T10:16,7,161.70,Card,Cancelled
20b1d80d-bc27-4bd2-a089-42a793e7b7c1,e886c155-0dae-4b36-88f5-a86fa474d1f6,2024-09-01T10:16,8,214.40,Cash,Cancelled
a88729b8-08a4-4879-8bb7-f78773bdb984,428424b7-1f94-496a-8b7a-497ce177d32c,2025-09-24T10:16,9,158.58,Cash,Cancelled
871a083c-f28c-497c-86df-d80c8b9f5722,09ba4183-1b94-4f8c-bc5f-eca421a88524,2024-01-23T10:16,5,83.15,Card,Cancelled
f0bb6b69-5569-46d6-8b02-3792629cdabf,52f5634d-de98-4543-8a1e-cbf1e2d0242f,2024-11-02T10:16,3,43.17,Card,Cancelled
6ab71113-0c96-48c1-9ce8-da84a2a61646,3910ab11-8758-4a4f-8a9b-c4f5df7413c4,2024-06-14T10:16,8,220.72,Card,Cancelled
993bd6b7-82a8-444d-8504-533c1a63b36a,69446e90-4237-4410-ab55-e011eb04cce0,2024-09-08T10:16,6,56.40,Online,Completed
066ba0af-b675-4c08-a216-6007d574b479,1233cc27-7567-48e0-8dd2-6b0019506c2f,2025-02-10T10:16,6,49.92,Online,Pending
59d756ec-6481-457d-ad75-da3283ee7c4a,fe624323-ba72-456d-9842-ed9e0edc75df,2024-05-07T10:16,7,175.77,Cash,Pending
18a7e744-2b5f-4a45-a701-da478cbcd86e,c63bd277-c81c-40c5-8720-6ce916d653c4,2024-03-09T10:16,3,80.64,Card,Pending
6282e03f-d795-4a16-af6b-fec1562e9a37,f90cf3ca-e2d0-4129-bc7a-e8a2b80880da,2025-09-12T10:16,3,49.59,Card,Completed
c5a3a8d0-b237-4dd4-bcbf-1dd42af7af35,bb9edfa8-17f7-4f6f-8e3b-616693a298b1,2024-02-16T10:16,9,186.66,Cash,Completed
ba981962-1cfe-46a8-abfe-bb08ece0707c,4e6807ca-aed8-4ec9-b1b0-0e3aba57efb1,2025-10-25T10:16,5,149.35,Card,Cancelled
24e6b948-9d08-498e-8fcc-6d0108e734bb,6bd388d4-5636-450b-bacd-55bdcb769bab,2025-11-03T10:16,3,44.25,Online,Completed
71bdf63f-92b0-425b-8730-0f06254f2674,9b9edd1e-b4f7-414c-b8b5-a3dc51fa0a8c,2024-02-14T10:16,7,83.51,Card,Completed
876debcf-8f9a-4f53-8f1e-de768d7f6c2a,983d66ae-c8b0-46b8-8abc-26a1055cf729,2024-12-21T10:16,7,94.08,Cash,Completed
dd450f82-5bb5-4c0d-8144-f9e7b5227f21,1eeb9c5f-5b7a-47af-b4f1-5a50d9d1089c,2024-03-28T10:16,3,49.59,Cash,Pending
c3133b3d-d8c7-4a16-84a0-6f6481117f3d,bb6bf39c-f455-4e08-a59e-1bdaaa91d4aa,2025-06-15T10:16,6,35.10,Cash,Cancelled
8ac69147-95ca-4bad-912d-14112c07214d,8b115a34-224b-453c-be69-b53a7445b466,2024-01-01T10:16,3,35.88,Cash,Pending
379ce25b-04e7-4004-b024-97a028a66197,06e585f0-5b60-4900-81d1-3379328e6c17,2024-07-25T10:16,6,38.46,Online,Completed
e74c8076-04c2-462b-b513-2d9b74d10046,0a5bd884-b432-4ce5-b14e-44b4aedd4c0f,2025-03-17T10:16,3,33.99,Card,Cancelled
cbfa7f7c-278c-42c4-93ec-945158e6c731,ada8704c-2784-4d70-84da-10078407d2c8,2024-10-12T10:16,7,133.21,Cash,Cancelled
c2f3ad27-9810-4637-8b27-fb9363384e48,e12c3d24-86c8-474f-b86b-370df36adbfe,2025-07-18T10:16,5,146.10,Cash,Completed
f4300767-0786-41d6-8544-809de38d018c,b95f7619-fab2-4df9-8683-1f2aeb93a660,2025-03-24T10:16,5,34.65,Cash,Pending
4b633b31-de8f-4c11-885e-f0dc0111eb32,7d2df59f-386d-4aec-85a8-2443262a0cb4,2025-07-09T10:16,4,66.92,Online,Pending
87badaee-2ded-4c84-a2b0-392d5459ccbe,401a6911-a31e-4892-adc1-56e3e1eb090a,2024-06-13T10:16,6,73.80,Online,Cancelled
d746b8a8-128e-4556-919c-1f05e8e16017,f6c35464-33dd-44a7-bf84-071f2e427045,2025-01-28T10:16,2,37.78,Online,Cancelled
02a54ffe-56ff-4f28-a550-b72a1f876b52,f0a6a958-e434-41bf-a830-dffa55a34db5,2025-04-01T10:16,6,165.48,Online,Cancelled
0591f29b-573c-406e-99bf-2dd27d82dfca,25659c0e-6eb5-4c57-add8-fb6ac5f42699,2024-02-13T10:16,6,80.94,Online,Completed
0bfa6797-fedf-4753-9853-14d99f348fdd,0a0ac3e5-6e20-4fbc-87ec-5481c70e38bc,2025-10-27T10:16,6,164.82,Cash,Cancelled
777801ba-0f52-4e23-a6d1-2b1cf280b0cc,7169ef0c-f2c8-4ae3-83f6-87691664d2d2,2025-08-03T10:16,7,107.24,Cash,Completed
08ff8010-1984-4254-b37f-3d4f5881ce1a,8250871a-2b35-424e-a1a1-4eb4faffabfb,2023-11-16T10:16,5,141.55,Cash,Pending
87f76f29-3579-43c5-9d5c-03735e74af24,59827b2a-ae17-44b1-bd6f-6f08718559cb,2024-04-13T10:16,8,228.08,Cash,Completed
fbb787c7-af53-40fb-bc97-3826f48f30c4,953417c6-cd52-45e9-9ca0-bb450653c934,2025-01-04T10:16,1,16.21,Card,Cancelled
57c7d2fc-404b-472c-95ad-f5c8f611476a,050d9901-1cb5-413a-9c31-282028f863c1,2025-06-24T10:16,6,154.02,Cash,Completed
792061b6-9a58-49a6-8b52-41bdc1e15331,e38afcd9-9e08-47ba-bc92-5ebb4bc271eb,2024-08-21T10:16,7,63.42,Online,Cancelled
5778be30-d664-4540-8176-05b3edb37c3c,11526850-7335-463f-b740-a52a90457c3b,2025-10-28T10:16,1,7.09,Online,Pending
9bb21b90-b02a-4701-b2f9-7580c7ffa7f1,26d032f1-9fe9-487a-987a-a8be14e1db05,2024-10-06T10:16,1,25.30,Card,Cancelled
a4a72aa0-0054-492c-9b54-2f1f7632e825,ecf1ffb0-ac00-4968-87ea-8beef4ace55a,2024-12-18T10:16,2,55.42,Cash,Cancelled
1db040ab-15cf-465f-836b-28ab69344400,1d32c3b3-c732-4995-aa6b-ff159deb3bdf,2024-07-13T10:16,8,137.76,Card,Cancelled
9684e875-408e-4d3a-9729-97b6f92c7a51,365c90d0-a590-4209-9401-2ce55af5ed98,2024-03-09T10:16,8,98.24,Online,Completed
c924cf4f-120f-40f0-a802-ac5535d6b635,6c6a3b10-9747-4dca-a041-4edc22d147b0,2024-07-21T10:16,3,78.60,Online,Completed
2c29ea43-33e5-4a50-8158-4b714c721d27,935ebde1-5945-4673-886e-1a7a12cc2d4e,2025-09-22T10:16,3,62.40,Online,Completed
6241fcb1-d514-435e-99a3-a0ea9d18b90e,2c6dafc9-06cc-4b3d-8b8d-12aae0644c58,2024-06-14T10:16,7,161.00,Card,Pending
68a94c94-cc19-4a02-8694-68ac76894d56,ecf1ffb0-ac00-4968-87ea-8beef4ace55a,2024-08-06T10:16,9,98.28,Online,Pending
6ec38087-ee9f-4231-8496-ac5e6c0cbcc0,515fe1d2-d33a-4b9d-8c19-07e0cbe81a9a,2025-10-05T10:16,1,29.87,Online,Cancelled
635c0421-6271-48eb-922c-7e9d0f9db62c,3e97fc93-73a7-45e0-9888-f7a03ee258a7,2024-10-12T10:16,3,85.92,Card,Cancelled
ef240a0c-03d2-422e-a316-1be3863871c0,3dcaabe3-78c9-4d88-bed5-56ca7ceea07c,2025-10-09T10:16,5,114.75,Cash,Cancelled
ba5cba87-a428-4db9-9f7f-d809f32fdfd2,6aaabc79-3d35-410f-bb96-f86a3930d0ff,2025-04-18T10:16,2,55.74,Cash,Cancelled
439d815e-7a9d-4b92-a397-56d9f091faf6,2a109685-1399-4149-8951-fba29bb0360d,2025-10-26T10:16,9,148.05,Cash,Cancelled
b0afa630-2afd-4d32-8a93-1bf5a74bb9e6,bb6ceda0-3f7a-4dfa-9862-41a88dd468b2,2025-09-16T10:16,6,102.24,Card,Pending
08c3caaf-c9a0-4ef4-b574-455e804bd480,5f0f3def-9ff6-4282-ad04-001c4a769966,2025-03-20T10:16,7,129.85,Online,Pending
46c4119b-90ff-4262-86d1-938ddb7ad3ce,c0d74d86-5c5b-481d-b8e3-61eeb9c77255,2024-09-04T10:16,6,148.68,Cash,Completed
b8d8e157-4d4d-4630-949e-5374c6c6500d,bf0de251-90d7-423c-8b31-48df1a89964f,2025-07-17T10:16,6,65.52,Online,Pending
c121bcee-1de4-4ca9-a374-67ed661835d1,e6e1db85-f8ba-4264-9c9a-520ecda4bc4c,2024-04-30T10:16,9,115.38,Card,Pending
53601295-6e70-4757-b9a3-a56a4a79c010,e6e1db85-f8ba-4264-9c9a-520ecda4bc4c,2024-05-21T10:16,8,110.24,Card,Cancelled
7d6dfbf1-ede1-441f-980c-8103854a68d3,98b17fed-218c-4f20-8410-9f0edfc74455,2024-04-26T10:16,9,182.79,Card,Pending
367c9567-e387-48cc-9f44-fb92d5bd39c7,3e97fc93-73a7-45e0-9888-f7a03ee258a7,2024-12-17T10:16,6,36.48,Cash,Completed
096a888e-5958-4522-b543-74cfaaf7bd3d,cb8747c7-32ca-4b6b-868d-13ab01d953ec,2024-03-09T10:16,3,43.62,Card,Completed
2b5d29b6-5085-44f0-b632-c310c4e66b30,5f0f3def-9ff6-4282-ad04-001c4a769966,2024-06-16T10:16,9,196.92,Cash,Completed
af0b0f15-4fc6-4be3-a7c4-ca38b34ab0d3,d6d4ef4b-0870-48aa-b884-013237f255f4,2025-09-04T10:16,6,105.06,Online,Pending
fa0da060-7066-4562-bd9e-a359a49d50e9,02c65c06-56ad-4670-b8e2-10ab417c7154,2025-07-25T10:16,5,58.60,Card,Completed
87b0c638-5826-4bb7-9642-a3f791c9f956,c63bd277-c81c-40c5-8720-6ce916d653c4,2023-11-18T10:16,1,8.04,Card,Completed
9c770c7d-25b9-4293-993f-cf6bec44efd9,02c65c06-56ad-4670-b8e2-10ab417c7154,2024-12-09T10:16,1,13.05,Online,Cancelled
04a81e7a-8c24-4551-a3f6-3f2a18956dbf,a5ffc907-be77-43e6-8694-4a0bf09bd3fb,2025-11-06T10:16,5,123.55,Card,Completed
ca5a093b-91b5-4efe-9a82-c4c6c99b22bd,ada8704c-2784-4d70-84da-10078407d2c8,2024-11-23T10:16,3,60.96,Card,Completed
f546c53e-e05a-4e7a-8517-9415bf30217d,5400d214-6176-40bf-88d2-3f53ed38bf69,2024-06-13T10:16,1,18.55,Card,Pending
28467b60-3758-423f-8372-2b9829fffc3b,5d6f84a5-a4de-442e-99b9-b8ef714b4436,2024-03-04T10:16,6,74.28,Card,Cancelled
ec74b160-3b7d-4f19-8534-906ea4ce4098,8e1bbe6c-7b75-46dc-8ca1-0b1664cd6ae4,2024-09-13T10:16,3,38.19,Online,Completed
5f0025ed-2ba4-4b18-9b49-c7de27cef981,71f17b36-2c37-4cfa-bf8a-894fa94c0e9b,2024-01-06T10:16,3,69.30,Cash,Completed
06b4f1c0-193d-4d7f-ba9b-76d4d2603e55,0a570207-0f70-467f-bbeb-44a0a60a9a25,2024-05-21T10:16,1,25.38,Cash,Pending
c6c3897e-21df-42af-920d-43f09ac3f11b,205ea7f7-e714-45b8-a083-11247ff702a1,2024-05-05T10:16,5,34.30,Online,Cancelled
f5f55bcd-a8bf-43ee-8157-911ea9dc35dd,67c276b0-7be6-4f3c-bf86-c342095c8112,2024-05-28T10:16,9,226.98,Online,Pending
285ac247-26c8-4d49-95f0-4a24a68c28ee,500fde18-ea61-4380-9ea4-f06d09985870,2025-07-27T10:16,6,41.22,Online,Cancelled
01e960ac-e201-4607-bf20-36cc231fc8ba,515fe1d2-d33a-4b9d-8c19-07e0cbe81a9a,2023-11-13T10:16,9,176.40,Card,Pending
01391f13-87df-4dc6-8f6b-c7b4c19e7608,cb8747c7-32ca-4b6b-868d-13ab01d953ec,2024-08-01T10:16,5,50.45,Card,Completed
2a328c0c-727b-48ba-8d8e-9c78444a4d00,92da274a-bea2-490a-bb52-196c46fa8487,2023-12-01T10:16,5,139.10,Online,Cancelled
91080bbc-fab5-4fde-9fa4-d14bd89bcd2d,05ccd8a5-ea5f-4353-bd1e-3022152b0685,2023-12-01T10:16,1,20.35,Online,Completed
082058d4-bc56-4f8a-9946-ae8f6794d5b3,4bb2d776-14c0-4ef6-b8ba-c580cbed72b8,2024-07-06T10:16,4,84.16,Card,Pending
e857e288-b395-41ac-9778-e01d48320c4c,5f6e51da-5f01-4c9a-85dd-7d50ef37e5d7,2024-06-06T10:16,8,115.76,Card,Cancelled
d201ffe4-5d19-40f6-9daf-560a33d18136,f543de06-e341-4de2-95ab-ca0fd3ee51fe,2023-12-23T10:16,1,25.37,Cash,Completed
cc0f8616-7863-4e34-bc3e-c3dba35378c3,39cb44e2-a541-4b98-bc0b-db5f31cf8710,2024-01-04T10:16,7,66.99,Cash,Pending
3c5d5b1f-0a51-489f-b6b3-d50528af2a27,209e786b-2a61-4e52-a3b2-1cc98bcbf18c,2025-10-15T10:16,5,143.30,Cash,Completed
e7ec7692-5d12-4180-be2b-e167efa95298,0a5bd884-b432-4ce5-b14e-44b4aedd4c0f,2024-08-22T10:16,8,220.88,Card,Pending
5c6219e8-aff8-4ad3-84d9-c638881629b0,f90cf3ca-e2d0-4129-bc7a-e8a2b80880da,2024-05-05T10:16,8,71.60,Card,Completed
91074d4c-6c92-4c9b-bc72-15843c163288,0130fcd4-a6cf-4a72-8400-7bcae1abce34,2024-02-13T10:16,8,221.60,Cash,Completed
711b13c9-386f-4ff2-979e-6373f2dcc53e,00d7ae70-0f46-4453-963c-4ab2a3d29314,2025-03-06T10:16,4,90.80,Card,Completed
032acc24-9abe-40c8-84d3-5e0a5c78191d,1eeb9c5f-5b7a-47af-b4f1-5a50d9d1089c,2025-10-27T10:16,8,78.48,Cash,Completed
46a1c7d4-b797-4209-b239-b77fc313ed1c,d5cfb1a3-ce2f-4aff-ab4c-50e0c5426af1,2024-07-25T10:16,3,60.90,Cash,Completed
0878de6e-1fff-42bd-bc8b-6007817b9408,1eeb9c5f-5b7a-47af-b4f1-5a50d9d1089c,2024-02-16T10:16,5,65.65,Cash,Pending
3935f0d9-9b9e-433c-ad87-f734a09b1cb6,5eb75bc0-d5fa-4209-9d42-7767f3f0585b,2025-05-02T10:16,3,39.27,Card,Pending
68114285-94ca-4b71-85f6-a8f58af2cc78,0a570207-0f70-467f-bbeb-44a0a60a9a25,2024-05-08T10:16,9,213.84,Online,Pending
800b2494-fef4-4e1d-a1c3-464eb298a944,52c87fd9-fdf0-4256-b929-6153ad24a0ac,2025-04-29T10:16,2,32.24,Card,Cancelled
ea1c21d8-eff8-4e08-af10-6a1719b0d1c3,65b2c0ea-6192-47fc-9286-2c1dd3ecefb1,2024-12-02T10:16,9,229.59,Cash,Cancelled
e58ef131-87a4-4bc0-951a-5825fdff44fb,4e6807ca-aed8-4ec9-b1b0-0e3aba57efb1,2024-10-29T10:16,4,77.96,Card,Completed
e79fc7bf-a956-4e6c-a841-1c61e027a0ff,6bd388d4-5636-450b-bacd-55bdcb769bab,2025-02-08T10:16,6,50.16,Online,Completed
06ada976-db0f-4633-89f8-f788cdddf4e9,6945f6f4-b8f9-4d04-90ff-e59ed705578e,2025-06-18T10:16,5,34.65,Cash,Pending
b12e95e0-6d30-448a-9c0a-25e509ba952e,73a2b03c-2dca-486e-8ebc-c4d6bb68a8c6,2025-07-21T10:16,6,108.00,Card,Cancelled
e1235e90-3efa-4af0-8cdc-b8ee52d7ece4,93cdeef1-3fc3-4a63-a275-0ae87ae6b335,2024-02-29T10:16,9,223.20,Cash,Pending
2fdbfaae-6b2d-47c6-af0a-d1eed4a831fb,93cdeef1-3fc3-4a63-a275-0ae87ae6b335,2025-01-13T10:16,8,153.60,Cash,Pending
1a1d63c4-7107-4a1c-9dfa-227fdcd71625,5f6e51da-5f01-4c9a-85dd-7d50ef37e5d7,2025-02-27T10:16,8,184.32,Online,Completed
9e24bf5f-2698-4a70-b31c-9a502204aede,964d337f-acd5-4ca2-8843-9be3f2eb60fc,2025-06-16T10:16,8,93.92,Online,Completed
cf5b16c0-91eb-4972-9a56-40daf3511832,dcfb3d05-846d-4915-99f3-ebbc7559d972,2024-08-27T10:16,6,99.48,Online,Cancelled
ed93cf68-6f27-473b-b1d8-503382242772,10b26c2d-7d56-4175-84a8-a2775e128a9d,2024-07-13T10:16,1,10.99,Card,Cancelled
147ccbf6-c301-4805-8002-5e29e1a10373,7a18d550-38d0-40b2-84a7-547162e7e409,2024-04-13T10:16,6,151.68,Online,Cancelled
4f1e7334-dc8f-4c81-bdc6-121d111e4412,69446e90-4237-4410-ab55-e011eb04cce0,2024-11-18T10:16,7,62.23,Online,Completed
7d98edd6-0b51-4e7c-b8e2-8f100959f3f5,9b9edd1e-b4f7-414c-b8b5-a3dc51fa0a8c,2025-06-30T10:16,9,236.25,Online,Completed
3ada0ec2-bb79-4ac3-9204-f6404ab4224c,23650eb4-f98d-45a3-a90b-a378f03d469d,2024-10-12T10:16,8,181.68,Cash,Completed
19cd1f01-4d1a-46f9-b426-6bd8d43b7709,4b14a58c-f1e4-40b6-888d-a88cd7055099,2024-11-18T10:16,4,24.24,Cash,Cancelled
282ccad1-090d-481b-9a24-af4b01aba702,6117b6f0-c4f4-4bf1-9eeb-f33950decba8,2024-02-02T10:16,4,89.32,Cash,Completed
98e4c9b6-141a-4c0e-9a19-273812c3f975,26d032f1-9fe9-487a-987a-a8be14e1db05,2024-01-30T10:16,4,50.64,Card,Pending
bef81702-0061-42cd-89fc-a5d92bfe0133,f067e21d-d1d4-4e87-9cae-9753f5f9ccb6,2025-02-21T10:16,7,185.64,Online,Completed
7a1c2b9e-7004-45c6-ac78-5f3ada56b94e,964d337f-acd5-4ca2-8843-9be3f2eb60fc,2024-02-06T10:16,4,70.20,Online,Pending
6e7b2f6f-0ec6-4cd8-8359-85aae307a434,f067e21d-d1d4-4e87-9cae-9753f5f9ccb6,2025-01-11T10:16,3,52.44,Card,Completed
da2477ac-028e-4904-a4fc-d6c3bf7ece80,a3f626b9-cc27-4c04-8570-be79ab8bda4a,2024-05-31T10:16,1,26.41,Cash,Pending
89db7c2b-3ec1-4feb-91cd-06b1def8a436,b95f7619-fab2-4df9-8683-1f2aeb93a660,2025-10-13T10:16,2,39.48,Cash,Pending
22c6c62f-0fd2-428f-ab71-f9ed2a717b49,d5eaf6a7-76cc-48ec-98d9-ba713e2df70f,2025-07-10T10:16,6,34.86,Card,Pending
ca575fd3-750a-428b-8e73-310c5a0c0dc8,e7991221-0de0-4ef8-aa9c-ca3b59197059,2023-12-20T10:16,5,142.60,Online,Cancelled
282b895f-c75c-42b9-9d68-a40567bc4f9c,365c90d0-a590-4209-9401-2ce55af5ed98,2024-11-17T10:16,8,168.56,Card,Pending
c66812e0-257f-4a14-8508-10e305737451,4bb2d776-14c0-4ef6-b8ba-c580cbed72b8,2025-02-19T10:16,5,134.95,Card,Cancelled
f37ee34f-529c-446d-85b7-543d545e34cc,bf0de251-90d7-423c-8b31-48df1a89964f,2025-03-31T10:16,2,45.12,Online,Pending
798f26b1-33bc-4c80-81e0-e27a71064d67,401a6911-a31e-4892-adc1-56e3e1eb090a,2024-11-27T10:16,5,133.15,Online,Completed
04633b17-c2cc-4de0-aab8-035cd8dae1c8,69446e90-4237-4410-ab55-e011eb04cce0,2024-05-17T10:16,7,98.35,Card,Completed
7968c797-20dd-455a-9188-ce267f0eb24e,b014b56e-3263-4b63-8430-46e00bc5ea77,2025-05-09T10:16,3,53.31,Cash,Cancelled
2c5c4b8f-109f-4514-a954-c99c53d9a628,f067e21d-d1d4-4e87-9cae-9753f5f9ccb6,2024-10-31T10:16,6,168.30,Online,Cancelled
9f4013fe-290a-4a9f-adf0-e49dcb020158,0d463f72-c3a1-4a2b-8d0d-1721a0d1a06b,2025-04-12T10:16,7,99.82,Cash,Completed
9ba9ea07-2eb2-45a3-ae07-ea26f205b0e1,515fe1d2-d33a-4b9d-8c19-07e0cbe81a9a,2025-04-09T10:16,4,95.52,Card,Completed
af03e00c-010c-48ae-83d7-fa55b2a58f3f,7169ef0c-f2c8-4ae3-83f6-87691664d2d2,2024-11-26T10:16,8,196.00,Online,Pending
19301938-8a23-4480-8b4a-7b3ae081c7d6,caad7924-4bc5-4f85-9662-11ca261e3c87,2024-06-13T10:16,6,89.70,Card,Pending
e9ad3cc2-37f2-48bb-9070-e9ddff45b864,8e1bbe6c-7b75-46dc-8ca1-0b1664cd6ae4,2024-03-05T10:16,1,17.93,Online,Pending
6cb2f2d4-d590-4444-97c8-ac338a067cbf,d7af10ce-45c9-4fc8-8dd8-b1c5491aad5f,2024-07-15T10:16,2,36.18,Online,Cancelled
d7441412-ed03-4a10-835c-d506c0662f0b,5eb75bc0-d5fa-4209-9d42-7767f3f0585b,2023-11-15T10:16,2,51.62,Online,Cancelled
d70e94ed-6d8c-4e1b-b4ae-0d4b6e800bc4,b0d737cd-ec4b-4a88-aa81-d012ef3fb719,2025-10-25T10:16,1,7.99,Card,Pending
73274286-7cdb-471f-8dca-56987513671d,aff4340c-d102-49ba-af8e-84d2737ce82c,2024-01-17T10:16,8,142.64,Cash,Pending
84640e31-8438-4211-84f1-da3dc00cd8fd,27e45431-1333-4ffd-a0c8-be56ffdc5d4e,2024-05-15T10:16,6,129.78,Cash,Pending
343e8b85-c556-409f-9a76-06350e40d813,795088d7-d227-422e-ad8c-f048bde0675e,2025-06-27T10:16,9,182.34,Cash,Cancelled
660ee9a1-6327-4bd1-bd37-d7323f781007,fe624323-ba72-456d-9842-ed9e0edc75df,2024-10-28T10:16,2,55.28,Online,Completed
f7ec6d84-c2e0-42fa-b4e5-22a1755278ef,6aaabc79-3d35-410f-bb96-f86a3930d0ff,2025-04-01T10:16,7,194.74,Cash,Completed
bfdcd8e0-8369-4d1c-b9ea-110f673d3396,1a48aa9a-def3-481d-922a-94300aa97309,2025-03-14T10:16,2,21.90,Card,Cancelled
58584050-4330-4b45-ba18-d02c14313d0b,964d337f-acd5-4ca2-8843-9be3f2eb60fc,2024-11-02T10:16,7,124.95,Card,Completed
38a42426-4117-4eab-962b-675351801cf0,49af098b-bf79-4643-8e49-739ea932d38b,2024-10-22T10:16,1,18.78,Online,Completed
5a635d2a-dd12-45c2-afd1-55cadcc42483,a3f626b9-cc27-4c04-8570-be79ab8bda4a,2025-05-12T10:16,1,23.82,Online,Completed
720b3521-d5a8-46a3-9f67-48a3fee585e6,a302a1a8-c429-406f-abff-9f273aa0a4b5,2025-03-07T10:16,3,61.47,Cash,Pending
69246565-6bf7-41c5-b9b6-2400ee42c371,bf0de251-90d7-423c-8b31-48df1a89964f,2024-05-19T10:16,9,145.35,Cash,Pending
b50443c3-0871-496f-bdb1-ec795bfbadc6,09ba4183-1b94-4f8c-bc5f-eca421a88524,2025-01-14T10:16,4,47.16,Online,Completed
ac7274da-62fa-4000-a2c0-4cd87a602ee3,e886c155-0dae-4b36-88f5-a86fa474d1f6,2025-07-05T10:16,5,122.95,Cash,Completed
6ac8dd48-c658-4660-81a0-209a35ffcc63,cd50913f-8c99-4253-9134-0cf5fe5f300f,2024-07-09T10:16,7,168.91,Online,Pending
99a00a2d-7891-401f-96c1-0fb281f210b7,4bb2d776-14c0-4ef6-b8ba-c580cbed72b8,2024-06-05T10:16,5,87.95,Card,Pending
be5fef46-380d-41a7-b82d-c04425423817,b90a3a7f-421e-47e5-8598-fe50f365a62e,2025-09-27T10:16,7,75.81,Cash,Pending
b0adc40c-d79f-4987-9180-ec08089d35bb,6c3bf618-a715-40f9-9faa-cfc5f5beef2f,2023-12-06T10:16,3,43.95,Cash,Cancelled
8f0a1ac4-43c7-4246-acc8-657b6394ae07,910b1d47-5c37-48b1-8bde-96c60660f1d7,2024-12-22T10:16,5,43.10,Online,Pending
96c66e49-dd63-457f-bc0e-c27c4bdec589,824998a2-7592-4051-ab0b-d5e12743c93b,2025-08-03T10:16,2,41.12,Online,Completed
80419598-ef0c-43f2-a1fe-6ef92ce0a97c,bb6bf39c-f455-4e08-a59e-1bdaaa91d4aa,2024-09-18T10:16,8,124.88,Card,Cancelled
f6186a90-95bb-4cfc-a943-2f7633797c3c,5f0f3def-9ff6-4282-ad04-001c4a769966,2024-08-30T10:16,9,217.71,Cash,Cancelled
6e67d3cd-8089-48fc-93e7-2e73a6af3302,209e786b-2a61-4e52-a3b2-1cc98bcbf18c,2024-11-04T10:16,2,34.70,Card,Cancelled
7b28fafb-902f-4908-97dc-104446746e7b,c3ffc43c-0c11-40fa-9824-f234161741d0,2025-02-19T10:16,1,18.99,Card,Pending
a7dff342-b69c-40d8-942b-a28fc64ba328,92da274a-bea2-490a-bb52-196c46fa8487,2024-06-14T10:16,5,119.15,Online,Pending
61732a01-4aac-4800-8f65-70e7dfe8b36f,36b880b0-e9bd-4c0b-8f1c-32018f6c758a,2024-09-20T10:16,4,41.96,Cash,Completed
7f5cb097-7021-45ac-8ee1-855001c40db3,9fa382f0-8393-48db-ad30-43c953282401,2023-11-25T10:16,4,52.12,Card,Cancelled
2d122a10-5299-4e12-bf2a-b0e6449eb633,23650eb4-f98d-45a3-a90b-a378f03d469d,2024-10-28T10:16,1,24.57,Card,Cancelled
450faacd-c3d3-4def-8883-508dda1e0a23,27e45431-1333-4ffd-a0c8-be56ffdc5d4e,2023-12-02T10:16,2,55.48,Card,Pending
1c63d131-f539-4277-8584-f8772ec74bc9,941529ef-2114-4bff-907a-4596ff4593a1,2025-08-01T10:16,6,161.40,Card,Cancelled
91d76a13-d6ec-4ceb-a19e-3f0ab58f88de,56a75a3e-a944-4147-8cba-f1024726993f,2024-06-12T10:16,7,49.00,Cash,Completed
6fb156f4-eecd-4318-b80a-73cf61e0f3bc,c46351bf-193f-49af-a5d6-456188837c3d,2024-02-26T10:16,6,146.28,Online,Completed
b213bdd0-84b4-49ec-9782-2de8e1ae80c7,60cd80b6-3967-4dae-b4df-adc7b5644971,2024-07-22T10:16,9,157.14,Cash,Completed
53810961-71c4-4195-9008-73ff94721d60,09ba4183-1b94-4f8c-bc5f-eca421a88524,2024-12-15T10:16,9,145.98,Card,Completed
aafd502b-2efb-424f-afaa-08fd69947f77,10b26c2d-7d56-4175-84a8-a2775e128a9d,2025-08-26T10:16,1,24.13,Card,Completed
d8de1303-93be-4511-aa44-faaa7434123b,1d32c3b3-c732-4995-aa6b-ff159deb3bdf,2024-10-07T10:16,9,186.57,Card,Pending
1ccf76ff-8bdf-4726-a13e-591a404cdf8e,e119f98a-df63-41dc-8e01-bb49ca2dc724,2024-08-18T10:16,6,39.60,Cash,Completed
3ce5c8fa-cbb2-4766-b993-189d4d876105,90f0db1e-2b19-43f7-ba17-233c7c214eca,2024-11-28T10:16,8,236.88,Card,Pending
f0a95f3b-df26-4813-bce5-d352626736ff,0e0d5f13-edd5-4ab0-9ddd-3df111bedc5a,2025-09-21T10:16,2,34.72,Online,Cancelled
0e5d32b1-a67f-479f-9ae8-b3d3b5dc7473,2a109685-1399-4149-8951-fba29bb0360d,2023-12-04T10:16,7,95.69,Online,Pending
0000b48b-d56d-480f-8569-a637fbf0e65d,0a5bd884-b432-4ce5-b14e-44b4aedd4c0f,2024-10-20T10:16,3,61.35,Cash,Pending
0127149b-d2a0-4260-9a99-e50cdb633214,103fcba5-5588-45a5-9fe0-6ac948d3860e,2024-05-14T10:16,2,12.08,Cash,Pending
b13e2a9d-f29b-4225-be2a-d5b1abb5f168,3befa4dc-d961-4a3a-9410-d43d1bdaa335,2025-05-05T10:16,2,52.18,Card,Cancelled
55394706-9f02-4fb5-9779-9831ab2cb409,1407e9cf-22c9-4137-a2fe-cc12dc038235,2025-05-30T10:16,5,53.55,Cash,Pending
121ceccb-f121-4b3d-85e4-274a4921447e,8b115a34-224b-453c-be69-b53a7445b466,2025-09-16T10:16,5,147.30,Online,Completed
ea07611d-a06a-4f17-9a12-f56d40f88f27,ebe19120-496a-47fa-87eb-2440212a3363,2024-11-30T10:16,3,75.18,Card,Completed
0e165d49-3be7-4d81-8260-22c79b40ccf0,fdb5454e-2230-489e-ade4-9218ff28cbd8,2025-04-05T10:16,4,74.76,Card,Cancelled
5edcb747-2050-4011-b0ef-9db1268cab00,c83bba2f-5229-4998-9566-1f3179b13e8a,2025-08-31T10:16,5,26.00,Card,Pending
bc1e335c-7094-4558-b960-796ac5b3152f,a5ffc907-be77-43e6-8694-4a0bf09bd3fb,2024-01-25T10:16,1,25.40,Cash,Pending
abd94a3b-e1db-45ad-aa0a-5e12f5bfa54a,1a31c678-d420-495a-aff3-0f1609514e1e,2025-02-08T10:16,8,68.64,Card,Completed
1f8c24ee-3005-4925-9ca2-636f5d0b7fc7,6945f6f4-b8f9-4d04-90ff-e59ed705578e,2025-05-05T10:16,6,165.24,Card,Pending
ba5f9bba-1902-41fa-bf02-b4882fb89654,ef7fad1f-a86f-4ee1-95b4-ce1f339f0fa5,2025-07-29T10:16,9,214.11,Card,Completed
25472904-d991-4e42-8466-dd9359feae0b,00d7ae70-0f46-4453-963c-4ab2a3d29314,2024-01-22T10:16,8,157.20,Cash,Cancelled
43426799-01b2-4101-81f3-24b7ca39bc27,0a5bd884-b432-4ce5-b14e-44b4aedd4c0f,2024-12-12T10:16,5,70.70,Card,Completed
1f466d95-8c33-410f-a6ff-e0a6a2897028,ceafdb2a-788d-48e0-acdd-bd533a2e7ab6,2024-02-25T10:16,7,69.09,Cash,Pending
dbd970e7-aad6-4daa-958c-544f7de71273,fbe227d7-6d32-4407-9783-7fdac983e55f,2024-06-13T10:16,2,10.50,Cash,Pending
3c81fa94-7b8f-48c9-9bc0-da2f217cbb58,515fe1d2-d33a-4b9d-8c19-07e0cbe81a9a,2024-01-06T10:16,9,78.75,Online,Cancelled
3a0c359a-e163-418a-b6fc-57ac909070a8,4717d2a3-4b2a-44f1-b960-a2b73e2d23fd,2025-01-31T10:16,3,27.24,Cash,Cancelled
3f3eeefb-851e-4723-9315-bcbc77a74370,71f17b36-2c37-4cfa-bf8a-894fa94c0e9b,2024-12-13T10:16,8,192.72,Card,Completed
1704ef35-a5f2-4ef9-a336-aad0bd888ea9,11526850-7335-463f-b740-a52a90457c3b,2025-05-11T10:16,7,155.19,Card,Cancelled
7ca49c0f-7a56-4c4b-816f-587a0a6cdb27,058b9c75-b72f-4594-80d2-e41194ff7672,2025-10-23T10:16,9,187.65,Card,Cancelled
c7f212fc-0be0-46de-8e5e-63a27539db7f,9305d562-2505-493d-8ed8-3fb721c8f491,2025-03-16T10:16,5,29.90,Cash,Completed
d93df5f0-ccf6-4f75-b93e-d96ce016b47e,23650eb4-f98d-45a3-a90b-a378f03d469d,2024-06-03T10:16,4,59.04,Cash,Pending
a087ff8c-9e30-4e0b-9e6d-30e1dba531e7,caad7924-4bc5-4f85-9662-11ca261e3c87,2024-03-18T10:16,1,19.78,Cash,Cancelled
9a6661c0-fdf9-4fa7-9c9b-3b1471f07301,fe624323-ba72-456d-9842-ed9e0edc75df,2025-04-30T10:16,5,32.00,Cash,Completed
ca53c28c-d5d2-41fd-9695-56ec8e15e946,ebbc7df0-770d-44f8-b0ff-c62f9006e40e,2025-03-25T10:16,3,29.82,Card,Cancelled
5ec2d047-69bf-4d5e-8425-e2f50e192c63,515fe1d2-d33a-4b9d-8c19-07e0cbe81a9a,2023-12-10T10:16,3,49.77,Card,Cancelled
5f6e983b-1126-4db3-81fe-9297da7cb4c9,0df3bae1-6384-4856-aa27-aef9f6c48b75,2025-03-12T10:16,7,169.96,Online,Completed
ed0294ed-faa7-4a88-90d2-e8d5ff0feab6,9b9edd1e-b4f7-414c-b8b5-a3dc51fa0a8c,2025-10-09T10:16,9,92.79,Card,Cancelled
83b10579-655f-4df6-b25c-76385c8bfe1c,caad7924-4bc5-4f85-9662-11ca261e3c87,2024-12-21T10:16,6,76.86,Online,Pending
16487f60-a9ea-4486-bad0-9ba99589e9c0,0a0ac3e5-6e20-4fbc-87ec-5481c70e38bc,2025-08-09T10:16,1,16.02,Online,Pending
790b3efe-3b14-4480-9640-edc096a35d6d,1eeb9c5f-5b7a-47af-b4f1-5a50d9d1089c,2025-02-03T10:16,3,54.99,Online,Cancelled
7eef31df-5d11-41f1-9ac1-d511cbe83c37,4717d2a3-4b2a-44f1-b960-a2b73e2d23fd,2024-04-13T10:16,7,182.21,Cash,Pending
3850fcee-d8d2-4db3-8530-1ea9ae3cd1c1,f6c35464-33dd-44a7-bf84-071f2e427045,2024-04-12T10:16,3,35.52,Online,Cancelled
fe138414-3331-4d25-a8b4-be6ff8ff00c6,b03f75c1-655f-4480-a2bf-1a0af806e96e,2024-02-09T10:16,8,55.44,Online,Pending
797f5818-447f-4720-91e5-2db45260446b,8113211c-bdc3-4bb0-94d9-3fd3871f3005,2024-07-09T10:16,9,97.11,Cash,Completed
b577cefd-7e38-43c6-89d4-c77b61d42ed7,058b9c75-b72f-4594-80d2-e41194ff7672,2024-03-08T10:16,4,109.16,Online,Completed
a2438234-26cc-4e98-8551-0c1104bd9641,fe624323-ba72-456d-9842-ed9e0edc75df,2024-01-09T10:16,6,72.42,Online,Pending
db607068-3ec3-45f6-ac6b-b684d9da638c,4b14a58c-f1e4-40b6-888d-a88cd7055099,2024-10-17T10:16,9,203.49,Card,Cancelled
3ea1c2f5-8ade-4d54-b066-508485a6983a,e119f98a-df63-41dc-8e01-bb49ca2dc724,2025-08-20T10:16,7,148.75,Card,Cancelled
7d2a1b53-3635-48ab-a9b8-7647b0423f6f,935ebde1-5945-4673-886e-1a7a12cc2d4e,2025-05-06T10:16,6,159.90,Card,Completed
91c1d0dc-dda8-4dc6-b271-ea1a26d55c5c,26d032f1-9fe9-487a-987a-a8be14e1db05,2024-04-04T10:16,7,135.38,Cash,Cancelled
960ab8e2-a8ba-47bb-bf02-35bde098ff14,e6e1db85-f8ba-4264-9c9a-520ecda4bc4c,2025-07-22T10:16,2,43.06,Cash,Cancelled
cd42f66d-6641-41be-8498-8d4fd44c3b3b,515fe1d2-d33a-4b9d-8c19-07e0cbe81a9a,2024-05-25T10:16,4,53.56,Online,Completed
a3438bcf-b077-43ff-9be0-2f3740d4a86d,25659c0e-6eb5-4c57-add8-fb6ac5f42699,2024-08-28T10:16,9,125.19,Cash,Completed
7c1b3b51-d9d8-4c6b-8e12-2842a3eb565e,26d032f1-9fe9-487a-987a-a8be14e1db05,2025-03-19T10:16,7,160.93,Card,Cancelled
4d12ee5c-27c9-4688-8e7d-aed5d6cfa02f,e38afcd9-9e08-47ba-bc92-5ebb4bc271eb,2024-06-23T10:16,3,22.80,Card,Pending
63035cfc-33ec-4a27-a9bd-c1a0c4e0b521,1d32c3b3-c732-4995-aa6b-ff159deb3bdf,2024-05-31T10:16,2,54.28,Cash,Completed
b6f7f82a-f1fa-4f16-b2a4-cfa74471e17a,bb6bf39c-f455-4e08-a59e-1bdaaa91d4aa,2024-05-09T10:16,4,79.92,Online,Pending
b26df94b-f129-4e52-9ff4-812346c462ed,cd50913f-8c99-4253-9134-0cf5fe5f300f,2024-01-10T10:16,7,92.47,Card,Completed
9e4bba58-b67f-4049-917a-12e804b4b223,4e6807ca-aed8-4ec9-b1b0-0e3aba57efb1,2025-06-20T10:16,5,106.85,Card,Cancelled
b7a312bf-578f-4ac7-b5e5-70121037b382,a5ffc907-be77-43e6-8694-4a0bf09bd3fb,2024-04-29T10:16,3,72.39,Card,Pending
2266dea5-3dbd-48bb-b06d-e12ba82a524c,6c6a3b10-9747-4dca-a041-4edc22d147b0,2025-07-06T10:16,1,23.70,Online,Cancelled
09997acd-dfdf-4cd8-8a48-39e1dfab9058,c63bd277-c81c-40c5-8720-6ce916d653c4,2024-04-14T10:16,3,81.87,Card,Pending
c20c5679-4aa8-4ab9-bea0-a3b86c90e752,6117b6f0-c4f4-4bf1-9eeb-f33950decba8,2025-02-05T10:16,5,57.15,Card,Completed
f005ee26-f416-41c5-a398-874b6a5ad2a9,c63bd277-c81c-40c5-8720-6ce916d653c4,2024-05-07T10:16,7,60.97,Cash,Pending
b93635fc-4fb1-4960-a42e-b3e5c153a8df,cd50913f-8c99-4253-9134-0cf5fe5f300f,2025-09-25T10:16,7,147.35,Card,Cancelled
11540b51-8b45-4f3e-b9bd-1dbb072ed812,62a2bfef-ca4a-4dec-90ea-bf15ea1880d2,2024-12-20T10:16,4,61.92,Online,Completed
e47e539f-a4db-44e0-9580-4265b911f57e,05ccd8a5-ea5f-4353-bd1e-3022152b0685,2024-06-21T10:16,9,196.56,Cash,Cancelled
36fc4c57-0cba-48e2-b3e7-528633487331,aac35608-9499-49c5-811a-a059e773c968,2025-04-21T10:16,4,113.52,Cash,Cancelled
08966e15-229e-4a8d-a131-55c142bab50f,d5cfb1a3-ce2f-4aff-ab4c-50e0c5426af1,2025-04-13T10:16,5,112.45,Online,Cancelled
49fb4ea3-ed40-4ac3-9d6a-69e5b36fe490,27e45431-1333-4ffd-a0c8-be56ffdc5d4e,2025-09-28T10:16,7,39.34,Cash,Completed
3e60e5ca-6f4f-4f85-968d-a6d60f0efa50,c3ffc43c-0c11-40fa-9824-f234161741d0,2025-07-05T10:16,6,42.12,Card,Cancelled
3627777b-e59f-4071-af43-804025f93a49,e7991221-0de0-4ef8-aa9c-ca3b59197059,2025-08-03T10:16,7,38.99,Card,Cancelled
490c1bd7-3f35-4987-b2f4-8144b71a0b0d,9305d562-2505-493d-8ed8-3fb721c8f491,2024-10-04T10:16,8,183.44,Cash,Completed
f5d07f62-65f1-459e-9b41-a6d13334dfe4,27e45431-1333-4ffd-a0c8-be56ffdc5d4e,2024-10-07T10:16,3,86.04,Online,Pending
a0cecff5-3b1f-44c5-8d5e-ea3f85091bf2,caad7924-4bc5-4f85-9662-11ca261e3c87,2025-07-12T10:16,1,15.47,Card,Cancelled
bce39ee5-4207-454d-a11b-18374fa2b467,3ab3404a-ee80-4ed2-8d90-a6f0dad14e48,2025-03-02T10:16,9,63.18,Card,Pending
6577333b-6d5c-47a1-b5c0-2ac9ae5691c9,d3f641e5-b8b5-4f5f-9155-7768df2033e8,2024-03-06T10:16,3,37.89,Online,Cancelled
ba0f2996-b10e-4504-9d46-bfee9f02db1f,93cdeef1-3fc3-4a63-a275-0ae87ae6b335,2025-01-06T10:16,8,90.40,Cash,Cancelled
28db81ac-e3e2-4836-8979-7850ab3fba9b,21edfc22-3f73-4335-a774-3cf78ab65e86,2025-06-08T10:16,6,106.02,Online,Completed
56358b9e-c42c-49dc-b802-ddd9cc380917,2a109685-1399-4149-8951-fba29bb0360d,2025-04-07T10:16,4,33.24,Card,Completed
5348c6c2-f312-44f7-bd37-fa9a299f3fca,ec3490d2-e8da-47ee-ae12-0ca0b1d7a2bb,2024-08-02T10:16,1,16.94,Cash,Pending
a8070994-6036-416b-9b15-94b00638ea82,c46351bf-193f-49af-a5d6-456188837c3d,2024-03-21T10:16,6,41.40,Card,Completed
45173952-dabf-4108-b8e0-1e703aa31b85,52f5634d-de98-4543-8a1e-cbf1e2d0242f,2023-12-31T10:16,9,139.77,Online,Pending
bb919ed8-e0bd-4cda-8d0c-683b4ff2d13b,050d9901-1cb5-413a-9c31-282028f863c1,2025-04-19T10:16,4,92.40,Cash,Completed
dafcaa21-6924-4f8c-a9bd-170ad3bdce61,26d032f1-9fe9-487a-987a-a8be14e1db05,2024-06-08T10:16,4,118.44,Card,Completed
1234d9da-378d-4ce4-87e9-b2e1b8a399cd,63846b60-b7be-4087-ac6e-56c9bc130a20,2024-11-29T10:16,9,103.41,Card,Completed
7e2371d9-6b10-4fd7-9bdc-ff64261b4be6,5f6e51da-5f01-4c9a-85dd-7d50ef37e5d7,2025-06-16T10:16,4,63.16,Card,Cancelled
c1b34455-022a-4478-8b5e-12e0b2195e89,aac35608-9499-49c5-811a-a059e773c968,2024-06-27T10:16,8,66.56,Cash,Pending
de6b2613-a64b-4933-81ab-12098e67af9c,6bd388d4-5636-450b-bacd-55bdcb769bab,2025-10-26T10:16,6,152.22,Card,Completed
921f65ed-ac35-43e2-93b5-93903804e464,ceafdb2a-788d-48e0-acdd-bd533a2e7ab6,2024-12-29T10:16,9,123.48,Cash,Cancelled
47002121-5317-4515-ae0b-8c374a8b7cbf,bf0de251-90d7-423c-8b31-48df1a89964f,2025-01-25T10:16,1,19.59,Card,Completed
46857600-f193-4d9d-9e94-1a88c635010e,485b65e7-fdf4-474d-afba-37986d8d3cd8,2024-04-13T10:16,1,5.68,Card,Completed
82c70dac-56f1-4772-9f11-01c668d0f76d,e119f98a-df63-41dc-8e01-bb49ca2dc724,2024-09-20T10:16,1,14.67,Card,Cancelled
5c503fbd-c914-4e39-b410-e5f5ac8cdf18,a938df5f-7764-459c-8bfd-90409d16b3c6,2024-06-25T10:16,1,18.63,Cash,Pending
4a0e3f5b-1d23-4f4d-97a8-a83e284aab2e,c0d74d86-5c5b-481d-b8e3-61eeb9c77255,2025-10-22T10:16,4,44.16,Cash,Completed
7de96045-129b-454e-b554-3889c60bffb4,0e0d5f13-edd5-4ab0-9ddd-3df111bedc5a,2024-11-23T10:16,7,59.22,Card,Cancelled
2a39a2f6-cb2c-419c-b65e-2af4500b8392,5d6f84a5-a4de-442e-99b9-b8ef714b4436,2025-02-21T10:16,8,69.44,Cash,Completed
1211e089-6ac9-4535-8c84-836765e6d34e,b0d737cd-ec4b-4a88-aa81-d012ef3fb719,2025-03-27T10:16,2,31.18,Cash,Pending
6bd0c0ca-add9-412b-ae90-e987c2ad2f8f,8250871a-2b35-424e-a1a1-4eb4faffabfb,2023-11-16T10:16,6,167.52,Card,Completed
9bdc8c85-a04a-4222-9766-eea0b1fd27a1,d33bbfcd-a2ca-4e80-8a1c-65223f061e7e,2025-09-05T10:16,8,142.88,Cash,Cancelled
637ac337-9769-427c-adc2-6483f5c4f107,e85d0261-2d97-4475-a749-363ec9040a74,2025-10-21T10:16,8,69.04,Cash,Completed
734c4461-8c7d-4b16-8d31-0a40e1feac78,c5817fdc-a4dc-4879-b957-30cfda62016b,2024-01-31T10:16,6,62.22,Card,Completed
0b42041f-3d92-4283-8323-a3711ca8b0f9,1407e9cf-22c9-4137-a2fe-cc12dc038235,2024-08-15T10:16,6,57.66,Card,Cancelled
f2e31b85-1ccc-4182-8300-eaac1fcfe7d7,b3688304-b24b-416a-9bf4-c2b6aaeb59d3,2025-08-26T10:16,4,96.84,Cash,Cancelled
fa705f77-c601-4772-a57d-794449a21381,4e44f26d-5455-405b-8fdb-63ab8b739ecf,2024-06-17T10:16,9,256.41,Online,Cancelled
8ae73682-fb9e-4b5d-b7d2-8bbeadc772aa,1eeb9c5f-5b7a-47af-b4f1-5a50d9d1089c,2025-01-31T10:16,9,212.85,Card,Pending
02147f68-48e6-4dc6-b7c8-be85aba54466,b90a3a7f-421e-47e5-8598-fe50f365a62e,2025-04-12T10:16,8,148.40,Cash,Completed
77fe01e5-6c60-49b0-b4b9-393ac62faed3,f0a6a958-e434-41bf-a830-dffa55a34db5,2024-04-01T10:16,9,207.81,Card,Completed
1e81e450-3108-42e3-b056-b9511a137537,21edfc22-3f73-4335-a774-3cf78ab65e86,2025-10-08T10:16,4,60.28,Card,Pending
899b3866-f895-4208-abf7-35c3bf65377f,a938df5f-7764-459c-8bfd-90409d16b3c6,2024-10-30T10:16,6,127.32,Cash,Completed
0b193602-9e29-4448-bd2b-f96224d12ee9,c3ffc43c-0c11-40fa-9824-f234161741d0,2025-01-25T10:16,4,69.68,Card,Completed
0092d476-29a0-4003-a4e2-b7ccb78938bb,0e0d5f13-edd5-4ab0-9ddd-3df111bedc5a,2025-10-02T10:16,9,49.77,Card,Pending
c636f186-c171-4f07-aa3c-95f87352a15e,bc58b12c-65c4-4f21-89ef-3e492a22ef7c,2024-03-21T10:16,8,126.00,Card,Cancelled
1a4f404f-e0d2-4fd1-b468-652dbcaba2c3,365c90d0-a590-4209-9401-2ce55af5ed98,2025-10-28T10:16,9,71.10,Card,Pending
5e97fb76-0b7a-4768-9b89-ed2b9bf9f761,05ccd8a5-ea5f-4353-bd1e-3022152b0685,2024-11-19T10:16,2,55.14,Online,Cancelled
430d4747-fedb-4919-9171-575e324de736,f543de06-e341-4de2-95ab-ca0fd3ee51fe,2025-02-07T10:16,6,107.28,Card,Completed
d9e575a9-9123-4f24-9292-07db6dd78e3b,3910ab11-8758-4a4f-8a9b-c4f5df7413c4,2025-11-02T10:16,8,169.84,Card,Cancelled
b2e19bc0-a98a-4755-a0bc-eaf8483da22b,a302a1a8-c429-406f-abff-9f273aa0a4b5,2024-11-14T10:16,1,6.81,Cash,Cancelled
3bab9702-054e-445c-a7ce-863a48174201,caca465c-e9f2-4add-91b5-24c70595e321,2024-09-29T10:16,9,177.48,Cash,Pending
82ef8fcd-1a86-42e9-8d87-e7c99551b514,6e6d2c67-f7fb-4a98-8f9a-4822259b25c4,2024-06-11T10:16,5,118.70,Card,Pending
fab71bf1-d323-4229-a33e-4fb8dc969c75,25659c0e-6eb5-4c57-add8-fb6ac5f42699,2025-01-06T10:16,3,34.20,Cash,Pending
6bf8de78-141a-453b-a047-3cef076d4031,1a48aa9a-def3-481d-922a-94300aa97309,2025-03-30T10:16,7,99.19,Cash,Completed
d65d2ca0-e4a5-406c-b6d4-6bd7240b4867,7a2e5fa5-096b-4701-8ce6-7a3db39bf8eb,2024-07-20T10:16,4,44.80,Cash,Pending
589afc7c-8cd3-4258-8172-6cc946e04177,0130fcd4-a6cf-4a72-8400-7bcae1abce34,2025-08-28T10:16,9,51.30,Cash,Pending
31f92014-95fb-461f-9a6e-b163291ca8ff,ebbc7df0-770d-44f8-b0ff-c62f9006e40e,2024-11-03T10:16,1,16.13,Card,Pending
e5e379ad-78f5-4e12-90fc-e1668231620a,b3688304-b24b-416a-9bf4-c2b6aaeb59d3,2025-09-06T10:16,3,26.19,Cash,Completed
d1c9776c-7b4c-4bd4-98c0-fb8021389bd3,0fcf4084-ea31-49f8-99f9-9bf8c8b0c16b,2025-01-08T10:16,5,105.80,Cash,Cancelled
29e45382-50e0-46c8-99f7-4e485eea6049,ef7fad1f-a86f-4ee1-95b4-ce1f339f0fa5,2023-11-27T10:16,1,22.91,Card,Pending
3caf0af5-0b28-484a-9118-a158de77b14b,8f7f530b-bb30-4a05-b437-744ed30af54f,2024-12-24T10:16,6,80.58,Cash,Completed
13aeafa0-be70-4a16-b862-de7855b03c75,fe624323-ba72-456d-9842-ed9e0edc75df,2024-08-13T10:16,7,121.24,Online,Completed
3a64d2be-5c80-41b3-a24d-2ae4fc35fe7a,0a5bd884-b432-4ce5-b14e-44b4aedd4c0f,2025-01-21T10:16,5,118.55,Online,Completed
1887b801-29ff-4ffe-960c-cf6934496323,6117b6f0-c4f4-4bf1-9eeb-f33950decba8,2025-08-28T10:16,1,20.95,Card,Completed
d6b5de54-05a1-490a-965f-1ebbd8eb9eb4,0472ca7f-b133-4710-8f43-24a3c6c1afd1,2025-03-24T10:16,8,73.12,Online,Pending
34d8d748-a579-4510-8ecb-a79aff23c6f5,885715b6-b1eb-44ca-8460-28c0343e56f3,2025-09-13T10:16,7,54.18,Card,Pending
db33cfbc-db96-4ac3-b525-9aa5fa8fdc50,ceafdb2a-788d-48e0-acdd-bd533a2e7ab6,2024-03-24T10:16,9,233.55,Cash,Completed
48728062-653b-4182-a68d-7e980b904ba3,90f0db1e-2b19-43f7-ba17-233c7c214eca,2025-04-18T10:16,6,176.16,Card,Cancelled
ab191a4b-629a-4b77-9d39-7ccf2846fbee,bc58b12c-65c4-4f21-89ef-3e492a22ef7c,2024-04-01T10:16,1,5.31,Online,Completed
d8443e41-0c0b-410c-9df6-269bf97b3484,6f61ca8e-51a1-48e0-abfa-88326e713e34,2024-03-10T10:16,5,90.00,Cash,Completed
3f3db61c-2120-44a7-b815-5a9d59b85147,103fcba5-5588-45a5-9fe0-6ac948d3860e,2024-03-20T10:16,7,65.94,Online,Cancelled
f6b1b602-bea0-46b5-aa33-7f870a90f797,cf65c4b6-4c1c-420b-95de-23e5b56ffad5,2023-12-08T10:16,7,157.92,Cash,Pending
f5986822-dde6-4bc5-a8ef-35aec6d7f634,058b9c75-b72f-4594-80d2-e41194ff7672,2025-06-20T10:16,7,188.16,Cash,Completed
8282c5c5-9ff0-4d74-9895-7fc5ffda1ba7,0472ca7f-b133-4710-8f43-24a3c6c1afd1,2024-07-10T10:16,4,90.20,Cash,Cancelled
e3a38702-6166-4e27-a737-053bb52459a2,d5eaf6a7-76cc-48ec-98d9-ba713e2df70f,2024-06-23T10:16,1,25.70,Card,Cancelled
fa0b167e-98ad-4e19-8e33-929c79a3e1e5,bc58b12c-65c4-4f21-89ef-3e492a22ef7c,2025-03-07T10:16,7,156.52,Card,Pending
cecd2f9f-6017-4a0f-87ce-3afa073322c5,b6c26110-1b77-4777-8c79-c69ec19b66df,2023-12-02T10:16,8,49.84,Online,Pending
e1f1e895-ec9f-47d7-a1f4-7303fb12876f,f543de06-e341-4de2-95ab-ca0fd3ee51fe,2024-04-29T10:16,5,51.85,Card,Cancelled
aaac9bb7-0628-4f49-a384-7e07d6073987,06e585f0-5b60-4900-81d1-3379328e6c17,2025-06-03T10:16,2,50.42,Cash,Pending
e2619cc6-94e2-4f19-a634-3b3d85ae3a60,1233cc27-7567-48e0-8dd2-6b0019506c2f,2025-04-24T10:16,3,48.72,Card,Pending
a0855c30-f0ed-4387-b8cd-7c2a332ccfaf,9b9edd1e-b4f7-414c-b8b5-a3dc51fa0a8c,2025-02-10T10:16,8,227.68,Card,Cancelled
a7bb35c4-075c-454a-9534-f085253577dd,3ab3404a-ee80-4ed2-8d90-a6f0dad14e48,2025-07-15T10:16,2,26.60,Online,Completed
274da6c4-32f8-46a6-8b4c-9adacfe1f69d,953417c6-cd52-45e9-9ca0-bb450653c934,2025-02-09T10:16,8,148.32,Cash,Completed
e38e33bc-cb7e-40f8-90c4-f3483f34eefe,8f7f530b-bb30-4a05-b437-744ed30af54f,2025-01-22T10:16,5,90.60,Online,Completed
c90a5226-30b2-49c8-b296-a588158ee52e,7a18d550-38d0-40b2-84a7-547162e7e409,2024-03-23T10:16,9,205.11,Online,Pending
3bac551c-f362-4d41-bbe0-70f9c19d7a69,46032f36-69bc-465a-9b33-a5d560bfd77a,2025-02-20T10:16,8,114.32,Cash,Pending
3b01fc4c-3853-4499-b6ae-b4a56e82dc8f,ecf1ffb0-ac00-4968-87ea-8beef4ace55a,2024-08-26T10:16,1,10.14,Card,Pending
da193333-1d0e-4430-8cc9-645836ef9031,3dcaabe3-78c9-4d88-bed5-56ca7ceea07c,2025-01-26T10:16,5,147.40,Cash,Pending
de89b64d-f9fc-4600-9648-8384a750c031,e886c155-0dae-4b36-88f5-a86fa474d1f6,2025-09-20T10:16,3,81.45,Online,Pending
516f785c-970e-4439-9679-2c79836c2b1c,7a18d550-38d0-40b2-84a7-547162e7e409,2024-08-12T10:16,2,20.74,Card,Completed
5878e2d4-be8e-499f-a4de-8c6c1219d0b1,c0d74d86-5c5b-481d-b8e3-61eeb9c77255,2024-03-29T10:16,9,66.42,Card,Cancelled
c0e6c0fc-b429-4bf5-9471-3ec7993bb557,0a5a9fc7-e126-48f0-99aa-dea85c606f66,2024-09-11T10:16,6,49.32,Card,Completed
382e1109-55c2-4636-b2f5-5d679683914c,b90a3a7f-421e-47e5-8598-fe50f365a62e,2024-08-14T10:16,7,143.85,Card,Completed
da011b63-9406-4332-97f5-ab349aa4e65f,e85d0261-2d97-4475-a749-363ec9040a74,2025-04-17T10:16,8,222.40,Online,Pending
bbe19670-bdea-4d4c-8577-c8ba0d16090a,205ea7f7-e714-45b8-a083-11247ff702a1,2025-02-25T10:16,9,207.81,Card,Cancelled
d2e58551-528f-45a7-bc9e-e42d108df18c,4f6ae324-5b6d-47d6-a86d-26ec6fbe1e0e,2025-05-26T10:16,3,21.78,Online,Pending
ccba9265-99d3-4e0a-8abf-1c2224b9b5af,b03f75c1-655f-4480-a2bf-1a0af806e96e,2025-07-09T10:16,2,34.00,Cash,Pending
b289bc87-dd70-4df9-84cf-dfa3af470594,205ea7f7-e714-45b8-a083-11247ff702a1,2025-06-05T10:16,1,8.47,Cash,Pending
9f6a19f1-b3e3-43fa-867c-00a22861f22b,f0a6a958-e434-41bf-a830-dffa55a34db5,2023-11-28T10:16,5,84.35,Card,Completed
09d98e3b-ac3e-4e03-ae3f-9f258783454a,77ca464a-fe0d-4dcc-8f08-3eb2f7b64f76,2025-02-22T10:16,1,22.60,Card,Cancelled
f333c7fa-e43b-41d2-915b-3295a09b06f4,b047b369-02d0-4f25-9af0-f1e883228863,2025-05-09T10:16,6,131.94,Online,Completed
75938a09-217d-458c-a7e7-7bcb175354f4,3ab3404a-ee80-4ed2-8d90-a6f0dad14e48,2023-12-31T10:16,6,82.98,Cash,Cancelled
96acbd0e-da2f-4daa-8892-d3b11ceb8a50,983d66ae-c8b0-46b8-8abc-26a1055cf729,2024-09-18T10:16,9,46.44,Online,Completed
899c5450-0a0c-433e-9ad3-90c4461070b0,14eace30-1ac2-411e-8eef-98e8f32a87fb,2024-01-09T10:16,2,33.80,Cash,Pending
fb97422c-904b-4797-83ef-3894a353270c,5eb75bc0-d5fa-4209-9d42-7767f3f0585b,2024-12-18T10:16,8,198.64,Online,Pending
36cb98c5-45aa-4482-84df-ad50da24b8f7,b90a3a7f-421e-47e5-8598-fe50f365a62e,2024-12-16T10:16,3,58.68,Online,Cancelled
062a6b1b-d6a9-4e62-b5de-4bad7bee977c,f067e21d-d1d4-4e87-9cae-9753f5f9ccb6,2023-12-05T10:16,8,231.68,Online,Completed
946cf2a4-b22b-424e-889e-084b3b07e25e,2a109685-1399-4149-8951-fba29bb0360d,2024-04-11T10:16,3,16.77,Card,Cancelled
84f9cb94-bb51-487e-a84e-a4463a747aa1,63846b60-b7be-4087-ac6e-56c9bc130a20,2024-05-22T10:16,6,145.14,Cash,Completed
c8a027ca-9bc4-454f-98e3-e6e7f3083443,4bb2d776-14c0-4ef6-b8ba-c580cbed72b8,2025-10-23T10:16,1,14.82,Cash,Completed
2481f735-eb40-444e-830a-daae75d95d51,935ebde1-5945-4673-886e-1a7a12cc2d4e,2023-12-07T10:16,1,14.13,Card,Cancelled
4213a814-03a9-4ac1-94a2-03c189809604,0a5a9fc7-e126-48f0-99aa-dea85c606f66,2025-09-08T10:16,6,139.92,Online,Pending
fc3f60ac-2caf-4d6b-868a-dffc656f8f6a,953417c6-cd52-45e9-9ca0-bb450653c934,2024-02-19T10:16,8,131.36,Online,Pending
7c0116ea-feea-43ed-a381-6666584ca37b,ecf1ffb0-ac00-4968-87ea-8beef4ace55a,2025-03-01T10:16,6,86.64,Online,Completed
ae4eca85-6c39-47ac-9fce-a9df42305ee2,935ebde1-5945-4673-886e-1a7a12cc2d4e,2025-02-04T10:16,6,87.60,Online,Cancelled
4017620b-1a39-4f53-85d5-f5fd301b423a,3ab3404a-ee80-4ed2-8d90-a6f0dad14e48,2024-09-19T10:16,1,27.29,Online,Pending
7cd8d5d7-9c6d-4bf7-aa84-c13b6e23c0bf,7a18d550-38d0-40b2-84a7-547162e7e409,2025-07-12T10:16,1,16.28,Cash,Cancelled
efeb1ef6-1051-4f6b-99f3-cebebbcb32c0,7d2df59f-386d-4aec-85a8-2443262a0cb4,2024-08-01T10:16,5,70.80,Cash,Pending
49d6ccb0-5380-4426-9ff7-ca1bfb89fe8a,5d6f84a5-a4de-442e-99b9-b8ef714b4436,2024-09-15T10:16,5,123.35,Online,Completed
aa387dda-002d-4eac-a96c-1d8098d7b0fa,3befa4dc-d961-4a3a-9410-d43d1bdaa335,2025-10-29T10:16,1,21.45,Cash,Pending
7df7b32a-4cb9-4fa7-84e9-cb323ac41e35,e277d099-db2a-4aee-ab86-8b0e73a34383,2025-05-16T10:16,4,25.12,Cash,Completed
cb47411e-e4c1-487a-8f47-b8c79f37d79a,74e76582-f1b8-4560-b049-8aebb59d4721,2024-10-14T10:16,1,29.08,Cash,Completed
148b8ff3-c2c3-454c-92a9-ac60882d5e00,d5cfb1a3-ce2f-4aff-ab4c-50e0c5426af1,2024-05-31T10:16,3,30.78,Card,Cancelled
0b294fc4-0df7-485e-945a-3040e6feffde,401a6911-a31e-4892-adc1-56e3e1eb090a,2024-09-15T10:16,8,206.08,Card,Pending
9a2aa183-9376-4419-b624-91c30df39662,953417c6-cd52-45e9-9ca0-bb450653c934,2023-12-13T10:16,6,71.16,Cash,Completed
c932a5a2-7387-4318-b43c-bad1a6522596,59827b2a-ae17-44b1-bd6f-6f08718559cb,2024-06-06T10:16,1,10.05,Cash,Completed
0d2beaed-4b5a-4d37-bfc4-ffe41ea022cb,ff4db0d8-e809-46e8-9ae0-78ffee4902d9,2025-03-25T10:16,7,104.16,Card,Pending
618eab02-d548-4c18-93ac-5b5068288ae4,fe624323-ba72-456d-9842-ed9e0edc75df,2025-04-22T10:16,8,121.76,Online,Pending
f79a2c0f-5da4-4219-9222-c9bd4da8a38c,e85d0261-2d97-4475-a749-363ec9040a74,2024-08-10T10:16,6,164.10,Cash,Cancelled
17a5ea29-4945-4edc-a8ff-14a8ccbd099a,f6c35464-33dd-44a7-bf84-071f2e427045,2025-06-29T10:16,9,133.74,Cash,Pending
7d6b3964-cf64-472a-b73d-a45751a661e0,fbe227d7-6d32-4407-9783-7fdac983e55f,2023-12-15T10:16,7,187.39,Cash,Pending
13513643-6759-4a1e-8600-6ce83d73aae2,11526850-7335-463f-b740-a52a90457c3b,2024-12-26T10:16,5,69.25,Online,Completed
572b3089-332f-4fd9-8c08-24da383cc3ce,e85d0261-2d97-4475-a749-363ec9040a74,2024-11-29T10:16,2,43.64,Online,Completed
c7a2f963-5409-4f4e-8c71-219bd39284ba,05ccd8a5-ea5f-4353-bd1e-3022152b0685,2025-01-28T10:16,9,91.62,Cash,Completed
d36681d0-f3cb-40af-8943-5e909036b4dd,6945f6f4-b8f9-4d04-90ff-e59ed705578e,2024-08-02T10:16,2,33.60,Online,Cancelled
6dcb77e0-48d2-476c-b217-e6b9a7344d4b,4f6ae324-5b6d-47d6-a86d-26ec6fbe1e0e,2024-11-17T10:16,9,111.42,Card,Completed
068aa32c-e7fb-4237-8c50-f5f4960d9f13,fe624323-ba72-456d-9842-ed9e0edc75df,2025-10-06T10:16,6,64.92,Cash,Pending
6e8c8f6d-3b4f-4350-9548-77ca82355825,10b26c2d-7d56-4175-84a8-a2775e128a9d,2024-01-12T10:16,3,76.29,Cash,Completed
7efabe48-ba96-408b-b4b8-7ee2b47d093b,0a570207-0f70-467f-bbeb-44a0a60a9a25,2025-08-21T10:16,8,78.08,Online,Cancelled
e257d666-ed2a-4ea0-be2c-e97d8885fb22,e6e1db85-f8ba-4264-9c9a-520ecda4bc4c,2025-10-25T10:16,1,12.47,Online,Cancelled
0e6f4f60-7d12-4b3b-a49d-00b7e52c3d01,bfa3444b-2be9-46be-b944-720d86a59770,2024-09-12T10:16,6,160.26,Online,Cancelled
0eec6e99-ebd6-49a2-bc73-005b0b254c28,52fbb114-83aa-432d-b2f1-f3e37a5c4754,2025-03-26T10:16,8,154.48,Cash,Completed
f46e6f7e-50e1-4c3d-8bb3-034b771c6b11,56a75a3e-a944-4147-8cba-f1024726993f,2024-02-09T10:16,9,192.42,Card,Completed
8f7c50ff-f7b3-4048-a4ba-6bb8c50817a2,0a5bd884-b432-4ce5-b14e-44b4aedd4c0f,2025-11-10T10:16,7,83.44,Online,Cancelled
aa0db25e-8f0e-4384-9b21-ff1541ec8e04,6117b6f0-c4f4-4bf1-9eeb-f33950decba8,2024-08-27T10:16,4,26.08,Card,Completed
de93b1e8-c137-439b-b583-8512dd065b74,b03f75c1-655f-4480-a2bf-1a0af806e96e,2025-09-28T10:16,6,169.86,Card,Completed
d1933b26-fa72-4923-a541-a169a76cbadc,935ebde1-5945-4673-886e-1a7a12cc2d4e,2025-02-14T10:16,6,125.70,Online,Cancelled
3427302d-4545-4684-8f67-5cdeab67e852,11526850-7335-463f-b740-a52a90457c3b,2025-04-17T10:16,5,74.45,Card,Completed
888ecbe5-2078-4d76-9fa6-41d161d97e59,6b1178fc-1745-401d-88da-3903c243ebe9,2025-08-02T10:16,8,128.32,Card,Cancelled
17ffa258-43d5-438e-97d5-931c7d8e006c,4bb2d776-14c0-4ef6-b8ba-c580cbed72b8,2024-03-14T10:16,4,106.92,Cash,Pending
80e202ce-d8bf-4496-8e3a-314eccc9c9aa,6e6d2c67-f7fb-4a98-8f9a-4822259b25c4,2024-10-30T10:16,9,194.76,Online,Completed
83c33a0e-42c6-46c7-8ffa-51b084a33f83,935ebde1-5945-4673-886e-1a7a12cc2d4e,2025-02-11T10:16,7,143.43,Card,Cancelled
2ace9bb3-8f1a-4cba-898e-9f6f777be7c8,aff4340c-d102-49ba-af8e-84d2737ce82c,2025-06-10T10:16,6,101.76,Cash,Cancelled
e97a0b94-5594-4a53-bf53-031e4bd3d97a,93cdeef1-3fc3-4a63-a275-0ae87ae6b335,2024-09-16T10:16,1,9.79,Card,Completed
4cf79675-e48e-46e9-801c-6a60e1f94751,14eace30-1ac2-411e-8eef-98e8f32a87fb,2025-04-06T10:16,6,163.62,Online,Cancelled
acc77fd6-2055-478f-bcd6-2e49a48349b3,98b17fed-218c-4f20-8410-9f0edfc74455,2024-12-30T10:16,8,157.60,Cash,Cancelled
5de2ec16-45e1-4046-ae61-abd6e995f013,c0d74d86-5c5b-481d-b8e3-61eeb9c77255,2024-06-07T10:16,1,19.53,Card,Completed
ec8b5dc2-d10c-4a0a-bee8-a262a51e3cb3,983d66ae-c8b0-46b8-8abc-26a1055cf729,2024-12-31T10:16,6,39.66,Online,Cancelled
b476d8da-5ac6-4f1d-bb8a-86ec91a15a84,4739f27f-7a96-4d52-83ae-0c6fd4c8c606,2024-01-15T10:16,2,52.38,Card,Completed
3188fd71-3f6a-4040-b79f-90862d700c93,3910ab11-8758-4a4f-8a9b-c4f5df7413c4,2025-05-17T10:16,5,106.45,Cash,Pending
df0e592a-721b-4bb1-9e74-6c3e7a6bd3d7,53db1213-7316-47bb-9099-c1def0e3c96b,2025-05-13T10:16,8,172.88,Cash,Pending
b520dea5-c48c-4068-b25b-90975d8ca641,a3f626b9-cc27-4c04-8570-be79ab8bda4a,2024-04-14T10:16,1,29.66,Online,Cancelled
4582c377-ec73-4c46-9feb-046af00744b6,6bd388d4-5636-450b-bacd-55bdcb769bab,2024-04-17T10:16,7,143.43,Cash,Cancelled
013680cb-e5a3-4a38-85c8-8a9b0193bfa5,0b2a0e9a-e050-4380-b607-57adcbbf59d4,2025-08-13T10:16,9,155.25,Card,Pending
6f26b431-30d6-4184-ac98-6db22027a476,ebbc7df0-770d-44f8-b0ff-c62f9006e40e,2024-05-17T10:16,7,82.81,Online,Cancelled
7e4448f8-a0a4-4766-af66-7e9577f90154,98b17fed-218c-4f20-8410-9f0edfc74455,2025-02-07T10:16,1,21.32,Card,Completed
2337a4dd-2241-406c-bf81-6f90a3069f28,bfa3444b-2be9-46be-b944-720d86a59770,2024-06-29T10:16,8,236.72,Cash,Completed
3d17ee17-abf2-4b66-8807-eee3c5b2f121,ebe19120-496a-47fa-87eb-2440212a3363,2024-06-04T10:16,1,8.13,Card,Cancelled
4e7a2f24-b5e3-42e9-98e4-5535c019e3bc,ceafdb2a-788d-48e0-acdd-bd533a2e7ab6,2024-07-01T10:16,6,53.16,Online,Completed
8806efd1-b6d0-4524-a0b2-43e358e3953d,46032f36-69bc-465a-9b33-a5d560bfd77a,2025-09-02T10:16,3,88.71,Card,Cancelled
8e0fdb49-78d0-4026-9a72-8684d4297bee,e277d099-db2a-4aee-ab86-8b0e73a34383,2025-01-26T10:16,1,18.92,Cash,Pending
93929033-a1a6-4e2e-a5eb-f5cf2b006993,62a2bfef-ca4a-4dec-90ea-bf15ea1880d2,2024-03-25T10:16,4,108.84,Online,Cancelled
adf4517a-32a4-4b66-b2f5-e38271f502c2,ef7fad1f-a86f-4ee1-95b4-ce1f339f0fa5,2025-02-06T10:16,6,168.84,Card,Completed
64b94805-a0c4-4819-ae40-e6af2d28131b,7d2df59f-386d-4aec-85a8-2443262a0cb4,2024-04-12T10:16,3,47.64,Online,Completed
225d2ce9-4946-48a0-bbb9-d92d05f6cbc1,ff4db0d8-e809-46e8-9ae0-78ffee4902d9,2024-04-08T10:16,2,21.36,Card,Cancelled
cf9baf42-0f5a-4f0a-913d-3fdb447dc08b,dcfb3d05-846d-4915-99f3-ebbc7559d972,2023-12-14T10:16,9,129.33,Card,Pending
227b6755-1d4f-4470-a89d-229cf8367506,b0d737cd-ec4b-4a88-aa81-d012ef3fb719,2025-08-07T10:16,9,95.31,Card,Completed
a13f9161-5110-460b-947b-1366ade74239,ba5d9947-b043-4aca-8ee0-6b77895cf8e8,2025-10-25T10:16,5,146.10,Online,Pending
9fc41450-37c1-44cb-8de5-2a9804298160,8e1bbe6c-7b75-46dc-8ca1-0b1664cd6ae4,2024-03-14T10:16,6,146.16,Card,Cancelled
180980b4-b6fe-483b-bda9-472389d38f6e,14eace30-1ac2-411e-8eef-98e8f32a87fb,2024-05-23T10:16,5,59.25,Cash,Pending
049e286b-23eb-41a2-a03f-e8776bfc1dda,e7991221-0de0-4ef8-aa9c-ca3b59197059,2024-03-11T10:16,8,66.16,Online,Pending
d4a8ac68-0766-4f63-a59f-add33f85053e,9c53f3f8-5b22-4d77-bd76-cfa6c70e443c,2025-03-21T10:16,8,88.80,Cash,Pending
67f1dd52-a37b-4b06-be0e-ec2ef9de16ff,0fcf4084-ea31-49f8-99f9-9bf8c8b0c16b,2025-07-03T10:16,7,138.60,Online,Completed
9e92c45b-d58f-4349-88c8-c55baf1d3bed,9305d562-2505-493d-8ed8-3fb721c8f491,2024-04-30T10:16,2,20.54,Card,Cancelled
4216fd2f-db75-4169-9a8d-840a483d5445,ec3490d2-e8da-47ee-ae12-0ca0b1d7a2bb,2024-10-28T10:16,3,68.91,Online,Pending
b39662eb-fe8c-4989-96e0-acaddd877f9a,3ab3404a-ee80-4ed2-8d90-a6f0dad14e48,2025-04-29T10:16,3,26.82,Online,Cancelled
68ddc1de-4e01-45fb-9b0d-48bc89d4e170,0dd437d0-74fa-43c3-8909-5c955e4d47dd,2024-07-09T10:16,6,132.36,Cash,Cancelled
d4d88f4b-25f2-4a9f-a2e9-e92d6290694c,4e6807ca-aed8-4ec9-b1b0-0e3aba57efb1,2025-09-02T10:16,5,34.25,Cash,Completed
39dea293-c047-45d5-b51e-6c46cb8e6734,5400d214-6176-40bf-88d2-3f53ed38bf69,2024-01-13T10:16,3,48.30,Cash,Pending
cd1eae3b-6216-414b-b76b-6db3ebeef2c1,4e6807ca-aed8-4ec9-b1b0-0e3aba57efb1,2025-05-25T10:16,5,91.25,Card,Pending
ee02862a-bb5b-4ced-8879-03ccb9947390,d5cfb1a3-ce2f-4aff-ab4c-50e0c5426af1,2024-08-17T10:16,6,69.78,Online,Completed
e10b43b8-ab66-466a-990e-c183320cad58,1407e9cf-22c9-4137-a2fe-cc12dc038235,2025-10-24T10:16,2,27.36,Card,Completed
b56de335-2b2f-4b40-b0a0-6f07d278f50e,3910ab11-8758-4a4f-8a9b-c4f5df7413c4,2025-08-14T10:16,7,164.22,Cash,Cancelled
47764596-35af-4122-a7e8-b56dfa0eaabf,e7991221-0de0-4ef8-aa9c-ca3b59197059,2024-07-15T10:16,2,49.58,Online,Completed
9b4693c0-abfa-4dc4-b2fc-d1b8a50de9d0,ec3490d2-e8da-47ee-ae12-0ca0b1d7a2bb,2024-09-06T10:16,7,135.38,Cash,Pending
a9d849a2-96b3-4f3c-aa49-edccc7b16229,80537cf2-360f-4740-8b7e-d4cd56e22987,2025-04-27T10:16,3,55.89,Card,Cancelled
23d3bc0e-e0e6-405f-8b13-e7e812c57844,6f61ca8e-51a1-48e0-abfa-88326e713e34,2024-08-26T10:16,3,29.40,Cash,Cancelled
f5f6ca58-7724-4bfb-a039-0cf1a40beb9b,9c53f3f8-5b22-4d77-bd76-cfa6c70e443c,2025-03-30T10:16,9,85.32,Online,Pending
53183eec-4e53-4afc-a661-4b25f0e5207e,5d6f84a5-a4de-442e-99b9-b8ef714b4436,2025-02-19T10:16,4,24.96,Card,Pending
cda9b7d4-0fda-4643-9d0b-3c50de50e536,ebe19120-496a-47fa-87eb-2440212a3363,2024-09-06T10:16,6,48.30,Online,Cancelled
b3db6136-8be7-414c-bb8c-316b3e7a2ecc,c63bd277-c81c-40c5-8720-6ce916d653c4,2024-03-10T10:16,3,17.94,Online,Completed
e62e6e1a-3613-4980-8a7b-de5ff431d6a5,485b65e7-fdf4-474d-afba-37986d8d3cd8,2023-11-28T10:16,3,26.97,Card,Completed
70abcdc4-400c-45c9-b502-e732b199c85d,050d9901-1cb5-413a-9c31-282028f863c1,2024-12-21T10:16,5,94.35,Cash,Completed
beeb6ab9-0634-4f80-885d-f3524fd4a4f8,02c65c06-56ad-4670-b8e2-10ab417c7154,2025-09-13T10:16,2,17.02,Cash,Pending
36e106e9-f3ee-4daa-95d5-2728baaa0267,c83bba2f-5229-4998-9566-1f3179b13e8a,2024-05-01T10:16,6,95.28,Online,Completed
0a62a359-1392-4303-a65b-f6e9e38e1680,92da274a-bea2-490a-bb52-196c46fa8487,2024-05-24T10:16,4,43.96,Card,Completed
0dc768e7-e9a0-49d5-b333-fc239c1a5d7c,910b1d47-5c37-48b1-8bde-96c60660f1d7,2024-03-24T10:16,1,17.47,Cash,Pending
f4499afb-c9b1-447a-93e4-cb835101d7bb,0df3bae1-6384-4856-aa27-aef9f6c48b75,2024-07-24T10:16,9,112.05,Cash,Completed
aab73c02-d8f2-4047-83ce-cabee82ab295,4739f27f-7a96-4d52-83ae-0c6fd4c8c606,2025-04-04T10:16,6,34.74,Cash,Cancelled
83ca6695-c677-4c0d-87a8-e076b5ccb336,98b17fed-218c-4f20-8410-9f0edfc74455,2025-08-27T10:16,9,206.91,Card,Pending
91ff81b5-8269-4518-899f-3203e4fbaf6c,00d7ae70-0f46-4453-963c-4ab2a3d29314,2024-08-05T10:16,2,32.68,Card,Completed
48115950-0287-490f-b322-6e78406b937a,26d032f1-9fe9-487a-987a-a8be14e1db05,2024-06-21T10:16,7,148.47,Cash,Cancelled
0c48e639-e126-4a86-9a2a-ea4f158f810d,26d032f1-9fe9-487a-987a-a8be14e1db05,2023-11-15T10:16,6,74.82,Card,Cancelled
ba194e74-d3c0-451e-a19c-1e8d3056d4ab,7169ef0c-f2c8-4ae3-83f6-87691664d2d2,2023-12-26T10:16,2,28.40,Cash,Pending
5cf89dd6-59ec-436a-8809-4c57ac32d22c,e119f98a-df63-41dc-8e01-bb49ca2dc724,2025-10-21T10:16,4,98.52,Cash,Cancelled
0610b9a3-a23b-4ae1-a16b-2557c445b1f0,bf0de251-90d7-423c-8b31-48df1a89964f,2025-02-07T10:16,6,162.12,Cash,Cancelled
2bb73680-d955-45db-a2d7-451883289fe7,92da274a-bea2-490a-bb52-196c46fa8487,2025-06-04T10:16,9,193.86,Cash,Cancelled
0bf759b3-3d77-400c-b725-459e8ecf69b7,52f5634d-de98-4543-8a1e-cbf1e2d0242f,2024-11-25T10:16,6,177.84,Online,Pending
a5daff18-cbcc-4c84-bc30-f5313a769b80,c63bd277-c81c-40c5-8720-6ce916d653c4,2024-04-04T10:16,3,71.28,Online,Pending
0e62d395-e677-4662-a476-f02e5fbf296a,f0a6a958-e434-41bf-a830-dffa55a34db5,2025-06-15T10:16,9,145.62,Online,Completed
9de6e3ac-b469-47d1-a2de-10911aeaeaa2,8f7f530b-bb30-4a05-b437-744ed30af54f,2023-12-29T10:16,1,27.92,Cash,Completed
9be03c74-7265-4c1a-a551-a069872f2438,4e44f26d-5455-405b-8fdb-63ab8b739ecf,2025-08-19T10:16,4,101.60,Card,Cancelled
5eda0112-90d8-421e-8690-13a866861200,0fcf4084-ea31-49f8-99f9-9bf8c8b0c16b,2023-12-25T10:16,4,23.84,Online,Pending
ba0effc9-1b4b-4457-b22e-508bb9a234ea,f90cf3ca-e2d0-4129-bc7a-e8a2b80880da,2025-08-29T10:16,4,31.64,Cash,Completed
70f65a05-7bf5-427b-a873-bcee753404a1,795088d7-d227-422e-ad8c-f048bde0675e,2024-06-18T10:16,3,43.41,Cash,Pending
dd104462-077a-4a70-bceb-c2f2f5e77cfa,fdb5454e-2230-489e-ade4-9218ff28cbd8,2024-01-14T10:16,7,52.57,Card,Cancelled
6f0aaae2-3628-4cb7-8f44-00f4aad391bf,428424b7-1f94-496a-8b7a-497ce177d32c,2024-12-26T10:16,2,48.24,Card,Cancelled
302c9301-a83b-4450-a1e4-1e8a0972656b,0a5a9fc7-e126-48f0-99aa-dea85c606f66,2024-08-07T10:16,5,135.50,Card,Cancelled
0d13d154-0f55-4072-aa9a-ae2a600aefd7,8b115a34-224b-453c-be69-b53a7445b466,2024-08-11T10:16,5,58.05,Cash,Completed
039d10af-f266-4eb6-9de4-25a9f341bb22,39cb44e2-a541-4b98-bc0b-db5f31cf8710,2025-08-22T10:16,5,98.50,Online,Completed
0d9bcafc-ce11-469f-b672-3853459eb560,f543de06-e341-4de2-95ab-ca0fd3ee51fe,2023-12-10T10:16,9,226.80,Cash,Pending
26150469-f542-4d71-9480-3ffee9399663,14eace30-1ac2-411e-8eef-98e8f32a87fb,2024-11-03T10:16,2,17.96,Cash,Cancelled
3797a7e0-991d-4288-9d31-9ab90c8c9866,0df3bae1-6384-4856-aa27-aef9f6c48b75,2025-07-31T10:16,8,194.72,Online,Completed
f980ac95-3e86-48a4-8ca0-7905ce84f9e3,8887df7e-682b-4d48-b18c-c1ddfa0aaa26,2025-03-18T10:16,5,107.60,Card,Completed
d118e6c3-a91b-433e-b649-cd41748fb8b6,b90a3a7f-421e-47e5-8598-fe50f365a62e,2025-05-30T10:16,2,21.52,Cash,Pending
0bab1301-93e1-49a8-8f4e-6078252b6703,52fbb114-83aa-432d-b2f1-f3e37a5c4754,2025-03-04T10:16,3,16.41,Cash,Cancelled
567b31d6-503e-458e-9d05-ab244af337fd,e119f98a-df63-41dc-8e01-bb49ca2dc724,2024-05-25T10:16,6,50.40,Cash,Cancelled
c0caa83b-4efc-4288-9097-e04bb8c88640,c5817fdc-a4dc-4879-b957-30cfda62016b,2024-03-17T10:16,7,51.03,Card,Completed
b6dd4f68-706c-4e2e-ad94-86afdc962fbf,5d6f84a5-a4de-442e-99b9-b8ef714b4436,2024-07-21T10:16,9,143.46,Card,Pending
1ceffdf6-683e-4133-adac-3b59c65c2a19,bb6bf39c-f455-4e08-a59e-1bdaaa91d4aa,2023-12-13T10:16,7,90.51,Cash,Completed
c403930c-2dfb-4f1f-b3f5-0d019f7dd7b8,cb8747c7-32ca-4b6b-868d-13ab01d953ec,2025-07-01T10:16,9,113.58,Online,Pending
8e291167-59ce-4e5d-bf3b-f4fab741d426,d87f31d7-79ef-4c17-856e-142e791b04da,2023-11-14T10:16,3,39.78,Cash,Cancelled
c92f7828-17ea-4b8a-a9a5-30f2c392ec94,e277d099-db2a-4aee-ab86-8b0e73a34383,2024-12-28T10:16,2,59.78,Online,Pending
ce796263-3bab-4c09-a747-13ec45e92519,68169a66-a8d4-4763-914e-7befc826445b,2025-09-30T10:16,3,77.49,Card,Completed
7360b62d-7ed0-4cdc-a462-bfbf33d4f2c8,cb8747c7-32ca-4b6b-868d-13ab01d953ec,2025-04-27T10:16,8,134.72,Card,Completed
624b41f3-6631-4b14-aa83-692fb027ca47,5f6e51da-5f01-4c9a-85dd-7d50ef37e5d7,2024-09-26T10:16,5,40.55,Cash,Pending
a1a96aca-467a-4686-b5f9-e9e998322af0,6b1178fc-1745-401d-88da-3903c243ebe9,2024-12-05T10:16,2,34.22,Card,Completed
134a0455-bd24-48f6-8ae4-93b211ca0386,77ca464a-fe0d-4dcc-8f08-3eb2f7b64f76,2025-02-09T10:16,5,62.00,Card,Cancelled
bf06df94-c7a2-46f6-b5ff-7f58fad637b5,dcfb3d05-846d-4915-99f3-ebbc7559d972,2025-07-30T10:16,7,185.36,Cash,Completed
a10c9a3a-9fdc-46c8-b53e-b8bb6c72205f,77ca464a-fe0d-4dcc-8f08-3eb2f7b64f76,2024-07-13T10:16,8,58.32,Cash,Cancelled
c37803d3-af50-4107-802a-1f55413556c8,67c276b0-7be6-4f3c-bf86-c342095c8112,2024-06-20T10:16,6,172.14,Cash,Pending
57f31f55-3da5-4a1e-a79e-5d30b85b7344,b047b369-02d0-4f25-9af0-f1e883228863,2024-08-25T10:16,3,46.68,Cash,Completed
61b34c7a-f9ea-4839-a18f-4962ca56e0ee,e119f98a-df63-41dc-8e01-bb49ca2dc724,2025-06-06T10:16,1,9.60,Cash,Pending
a7218839-5368-4a9d-a4a7-b478564f3c52,b014b56e-3263-4b63-8430-46e00bc5ea77,2025-02-27T10:16,1,14.75,Cash,Completed
61c036b9-77b6-4f1a-ac52-ad02d4632456,63846b60-b7be-4087-ac6e-56c9bc130a20,2024-05-20T10:16,6,165.12,Card,Cancelled
8ff96e25-1a3d-4e27-997d-4603b2386c16,09ba4183-1b94-4f8c-bc5f-eca421a88524,2024-02-19T10:16,7,117.04,Cash,Cancelled
85819443-2dcb-4c5c-a463-dcfb32b158f9,485b65e7-fdf4-474d-afba-37986d8d3cd8,2024-11-19T10:16,2,42.98,Online,Completed
31fa91e4-bb23-4303-8e18-fa0d1aeee4c2,e119f98a-df63-41dc-8e01-bb49ca2dc724,2025-10-27T10:16,3,63.99,Card,Pending
fda984b1-5d9c-4c3b-be9d-6d7190ae2360,dcfb3d05-846d-4915-99f3-ebbc7559d972,2025-01-30T10:16,2,24.64,Cash,Pending
f255bc12-cb54-4aa0-8616-043637b77897,b04ce307-2d1f-4214-b023-d8f4379041a1,2025-02-24T10:16,7,162.26,Card,Completed
5e89163d-34a2-4925-887a-24535aff8b7a,67c276b0-7be6-4f3c-bf86-c342095c8112,2024-06-05T10:16,9,149.31,Online,Cancelled
15fa45aa-66f3-441e-906b-21dd85986bd1,80537cf2-360f-4740-8b7e-d4cd56e22987,2025-07-01T10:16,4,116.64,Card,Cancelled
0f1aa68c-694c-4df1-ae2d-fd6c9030f9a2,8e1bbe6c-7b75-46dc-8ca1-0b1664cd6ae4,2024-11-30T10:16,4,67.36,Online,Pending
e6e3c5f2-187a-4004-90b4-81df5682063c,8b546c63-5406-493d-bc69-cfb594b38267,2024-06-26T10:16,8,220.40,Online,Cancelled
1dfd74b3-77af-4d3a-b00f-7b7e73868f0e,fdb5454e-2230-489e-ade4-9218ff28cbd8,2024-11-28T10:16,4,49.24,Online,Pending
84003ca7-0b15-457c-bfe9-760cbd542d2b,f90cf3ca-e2d0-4129-bc7a-e8a2b80880da,2024-05-07T10:16,2,36.46,Online,Cancelled
34649279-9e14-4d64-b87d-c2ff56dcbec5,caca465c-e9f2-4add-91b5-24c70595e321,2025-06-02T10:16,1,7.65,Cash,Cancelled
ae511986-aa81-4aa9-9174-67068bb7f1ad,52c87fd9-fdf0-4256-b929-6153ad24a0ac,2024-04-07T10:16,7,206.50,Card,Pending
aba71932-d4f0-4079-b9e1-6ce35bf9ca3d,5eb75bc0-d5fa-4209-9d42-7767f3f0585b,2025-06-29T10:16,7,126.49,Cash,Pending
994eabd1-0b7d-4c5f-8e83-172c21f84c3c,9b9edd1e-b4f7-414c-b8b5-a3dc51fa0a8c,2025-08-12T10:16,8,75.44,Card,Pending
0346af75-be33-4978-8ed0-24a18517d5d3,0a570207-0f70-467f-bbeb-44a0a60a9a25,2025-02-11T10:16,3,17.46,Online,Completed
cdc95890-08ea-491a-b9d0-c125917925ee,ba5d9947-b043-4aca-8ee0-6b77895cf8e8,2025-06-28T10:16,4,85.24,Cash,Cancelled
44374ad4-c84e-4ce9-9040-80b5e26e8349,a3f626b9-cc27-4c04-8570-be79ab8bda4a,2024-11-06T10:16,6,82.56,Online,Cancelled
42b0db37-86fa-4324-92ae-7aa2630532f1,5d6f84a5-a4de-442e-99b9-b8ef714b4436,2024-03-02T10:16,6,128.76,Cash,Pending
2705885b-3d28-4be9-a271-6ea7e35dc40b,b0d737cd-ec4b-4a88-aa81-d012ef3fb719,2025-04-04T10:16,2,38.24,Card,Cancelled
067543b1-0138-4f2c-8e45-ad6984994390,92da274a-bea2-490a-bb52-196c46fa8487,2023-12-11T10:16,5,56.90,Card,Completed
129d335e-afc3-4c49-a898-24a261b86554,00d7ae70-0f46-4453-963c-4ab2a3d29314,2024-12-02T10:16,7,107.38,Card,Pending
a59d19dc-5c92-47e3-95d5-55ac51944959,6e6d2c67-f7fb-4a98-8f9a-4822259b25c4,2025-07-31T10:16,5,54.20,Online,Completed
683cba71-0f54-4496-ad45-52108307c417,bb6ceda0-3f7a-4dfa-9862-41a88dd468b2,2023-11-22T10:16,8,72.64,Online,Completed
224d576f-d5fc-4a76-8799-ce6a035fe8cc,c9dcc28a-ae5f-477c-ae7e-72d94129f449,2024-11-13T10:16,9,214.92,Cash,Cancelled
ccfd071a-9496-4b70-95f1-88174b12037b,8e1bbe6c-7b75-46dc-8ca1-0b1664cd6ae4,2024-08-21T10:16,2,28.08,Online,Completed
55982433-d9c4-4f02-80f9-910d26d89b65,9c53f3f8-5b22-4d77-bd76-cfa6c70e443c,2025-07-22T10:16,4,32.52,Card,Completed
acd62473-2acb-4d19-8a95-f2bcd2a81539,69446e90-4237-4410-ab55-e011eb04cce0,2024-11-04T10:16,9,153.36,Card,Cancelled
65a481eb-ff7c-4416-b5f6-1b147e6ea53e,983d66ae-c8b0-46b8-8abc-26a1055cf729,2025-04-14T10:16,2,26.40,Card,Completed
8383cfc8-b727-406d-a0e9-3e0f9d27a88b,ba5d9947-b043-4aca-8ee0-6b77895cf8e8,2024-07-11T10:16,3,51.33,Online,Completed
29463e57-0be8-40bf-bfd8-6969d8626311,bf0de251-90d7-423c-8b31-48df1a89964f,2025-10-10T10:16,5,117.60,Card,Completed
4ca9a63f-46da-4410-aa64-c06f41b73b8d,b90a3a7f-421e-47e5-8598-fe50f365a62e,2025-06-14T10:16,4,80.52,Online,Pending
3d06ff01-9dfd-47e1-a6d1-077d3a364618,f543de06-e341-4de2-95ab-ca0fd3ee51fe,2024-06-09T10:16,3,36.03,Card,Cancelled
979e4853-9ee4-4d41-aca6-854b2c87343d,4b14a58c-f1e4-40b6-888d-a88cd7055099,2024-03-27T10:16,1,13.71,Card,Pending
5f6b2674-6034-4446-8f60-67a15177e05a,824998a2-7592-4051-ab0b-d5e12743c93b,2025-11-06T10:16,2,38.72,Card,Completed
2f22a27b-a232-447b-95c3-8ab5caa2e0c7,21edfc22-3f73-4335-a774-3cf78ab65e86,2024-12-05T10:16,3,66.45,Online,Cancelled
4eb38567-90bf-4abc-9099-1768b9c0eb86,bfa3444b-2be9-46be-b944-720d86a59770,2024-05-29T10:16,7,112.28,Online,Completed
b87cfc7b-b20a-40d0-b6c4-f839503edac7,d7af10ce-45c9-4fc8-8dd8-b1c5491aad5f,2024-08-24T10:16,7,162.61,Card,Completed
7edc1a0a-7344-47d4-9581-2f58fa1696ed,ceafdb2a-788d-48e0-acdd-bd533a2e7ab6,2025-10-01T10:16,9,213.03,Online,Completed
26fc8cde-73cc-4bba-8255-26c4e1ac34e5,1eeb9c5f-5b7a-47af-b4f1-5a50d9d1089c,2025-01-17T10:16,8,78.32,Cash,Pending
90e07d8e-e4e2-48df-8877-80b45a00dc51,9305d562-2505-493d-8ed8-3fb721c8f491,2025-09-11T10:16,5,142.15,Online,Pending
2158f39e-d637-4071-831b-b44813219177,27e45431-1333-4ffd-a0c8-be56ffdc5d4e,2023-12-04T10:16,5,84.45,Cash,Completed
f35d5e4a-ea20-44fd-983a-a9ef93a47631,c83bba2f-5229-4998-9566-1f3179b13e8a,2025-08-06T10:16,3,37.74,Card,Cancelled
f2b5ae82-d650-45c4-ab28-a4e51b8f278c,ebe19120-496a-47fa-87eb-2440212a3363,2025-04-01T10:16,2,32.94,Online,Completed
0ccdb4ee-e1a4-4aa7-b6d3-4ddaad32e703,6117b6f0-c4f4-4bf1-9eeb-f33950decba8,2023-12-25T10:16,1,19.67,Cash,Completed
c77ece60-0bb9-447f-aaca-4afdcdc52c40,4e6807ca-aed8-4ec9-b1b0-0e3aba57efb1,2024-09-03T10:16,9,56.52,Card,Completed
d5d820f5-2d64-481d-9ace-9cf2c19c1c85,1eeb9c5f-5b7a-47af-b4f1-5a50d9d1089c,2025-03-07T10:16,3,48.45,Card,Pending
9757c0ef-b8b1-4b79-a757-8b584c84aed8,caca465c-e9f2-4add-91b5-24c70595e321,2024-06-01T10:16,1,6.21,Cash,Cancelled
13ff734a-0e5f-4b91-b90c-bca68b441dcc,4b14a58c-f1e4-40b6-888d-a88cd7055099,2024-11-18T10:16,9,235.89,Online,Pending
ac0c3d51-182a-478d-88ac-e52a00cad9f8,0130fcd4-a6cf-4a72-8400-7bcae1abce34,2024-09-28T10:16,3,78.21,Cash,Pending
d2a99ca8-afac-4e6c-a5e5-6b1ff4b07225,9305d562-2505-493d-8ed8-3fb721c8f491,2024-09-11T10:16,7,160.58,Online,Completed
ea8ac8e0-6059-40a7-8b60-f805de028ee9,4e44f26d-5455-405b-8fdb-63ab8b739ecf,2024-03-10T10:16,6,117.66,Online,Completed
9b54a634-235f-4c5b-8020-a9a4daf0c622,0a5a9fc7-e126-48f0-99aa-dea85c606f66,2023-11-27T10:16,2,34.26,Online,Pending
3ab69eb1-fd14-4c3c-9e70-ccfb6c7676f7,2a109685-1399-4149-8951-fba29bb0360d,2024-01-18T10:16,7,62.51,Card,Completed
3b36ceb0-2963-4037-99c6-0cf4efe1409c,3e97fc93-73a7-45e0-9888-f7a03ee258a7,2025-08-04T10:16,2,55.66,Cash,Completed
856966e0-28fc-46cf-889a-512e6d12ef16,c5817fdc-a4dc-4879-b957-30cfda62016b,2025-01-10T10:16,3,82.56,Online,Cancelled
ea70bc95-fd26-4e89-83ba-19db250e514e,b3688304-b24b-416a-9bf4-c2b6aaeb59d3,2024-11-19T10:16,9,135.99,Cash,Completed
213c09b2-8c7e-4db2-b56e-7194f70a5271,0472ca7f-b133-4710-8f43-24a3c6c1afd1,2024-09-22T10:16,4,74.72,Cash,Cancelled
125cb425-0bfa-4064-b6b4-6c0af76a02cd,d87f31d7-79ef-4c17-856e-142e791b04da,2025-09-11T10:16,9,255.60,Card,Cancelled
66d25156-eff9-4d3c-9886-0728a59f4eca,0dd437d0-74fa-43c3-8909-5c955e4d47dd,2024-04-16T10:16,1,21.93,Cash,Cancelled
2e468053-01dd-4bfd-a501-494b54fb5dfb,1d32c3b3-c732-4995-aa6b-ff159deb3bdf,2024-08-01T10:16,5,106.40,Online,Completed
267aa880-edca-4501-9ef2-78a51e6222ee,25659c0e-6eb5-4c57-add8-fb6ac5f42699,2024-09-27T10:16,6,100.92,Card,Cancelled
a9b51df7-c108-4b53-97be-8f0dd7889077,73a2b03c-2dca-486e-8ebc-c4d6bb68a8c6,2025-04-28T10:16,8,111.12,Card,Cancelled
651ca201-b9a2-476f-af66-9c7ac62ec8b3,515fe1d2-d33a-4b9d-8c19-07e0cbe81a9a,2025-05-04T10:16,2,41.68,Cash,Cancelled
05cf14d6-20b8-4e43-8bad-90284b81d3ba,3befa4dc-d961-4a3a-9410-d43d1bdaa335,2023-12-15T10:16,8,128.24,Cash,Pending
6ef18dff-8387-4a0b-b422-25807e8da9b7,0130fcd4-a6cf-4a72-8400-7bcae1abce34,2024-08-07T10:16,1,21.55,Card,Cancelled
22ffd5c9-4758-4460-9762-84df0b51e351,b0d737cd-ec4b-4a88-aa81-d012ef3fb719,2025-01-24T10:16,9,202.95,Cash,Completed
d663ad31-f74e-4622-bc59-ff72684a7415,46032f36-69bc-465a-9b33-a5d560bfd77a,2025-04-24T10:16,8,88.00,Online,Cancelled
f093b7f3-65a1-42d0-b07f-198e1320e6ee,4e6807ca-aed8-4ec9-b1b0-0e3aba57efb1,2024-01-15T10:16,3,66.84,Cash,Cancelled
e612fb4d-b880-48aa-a06c-2db41a2375c0,0130fcd4-a6cf-4a72-8400-7bcae1abce34,2024-03-05T10:16,2,15.52,Cash,Cancelled
ee590155-0dda-4ba1-9188-0d4a9b2a1016,3e97fc93-73a7-45e0-9888-f7a03ee258a7,2025-09-20T10:16,8,108.72,Cash,Cancelled
2b5ce937-d772-4962-ae47-a7fbbada451d,6aaabc79-3d35-410f-bb96-f86a3930d0ff,2024-11-28T10:16,6,150.66,Card,Completed
1cc85e9f-f55b-4376-b937-c26664c4ebf9,f3826f04-0dfa-4266-8002-58fede0093f5,2024-12-20T10:16,5,81.35,Card,Pending
50fc6f30-48b6-4f10-a30f-04d3cc1ed115,77ca464a-fe0d-4dcc-8f08-3eb2f7b64f76,2024-02-24T10:16,1,24.86,Cash,Pending
8eed4e09-e4a8-4b21-9ac1-5b19d9d224f0,3dcaabe3-78c9-4d88-bed5-56ca7ceea07c,2023-12-10T10:16,4,75.24,Cash,Cancelled
3837bcee-b4e8-467a-9b01-65c1a2402f05,f543de06-e341-4de2-95ab-ca0fd3ee51fe,2025-02-19T10:16,2,32.36,Cash,Cancelled
9a62f7ad-c46f-4877-b012-0ecf968011ac,67c276b0-7be6-4f3c-bf86-c342095c8112,2025-06-22T10:16,5,70.25,Card,Cancelled
8da32817-e028-48fb-8883-a5b8af61e470,6aaabc79-3d35-410f-bb96-f86a3930d0ff,2025-10-31T10:16,2,36.68,Online,Completed
3e964e41-8cd4-453e-a5d2-6ce604655451,63846b60-b7be-4087-ac6e-56c9bc130a20,2025-03-11T10:16,5,57.35,Cash,Completed
8ca96589-81fd-4f1b-bedf-fcba1c518b62,7c991f43-c18b-4404-8826-97691b0dc00c,2025-09-25T10:16,4,76.44,Card,Cancelled
6c2bc717-da7c-405f-ad76-faa5c2bea253,205ea7f7-e714-45b8-a083-11247ff702a1,2025-01-18T10:16,8,54.64,Cash,Pending
cde09919-2496-4acb-b0a0-c10eb35d10db,a5ffc907-be77-43e6-8694-4a0bf09bd3fb,2024-01-24T10:16,8,106.80,Cash,Completed
f7b0c889-4f0e-44fe-9927-207676f4c490,6c3bf618-a715-40f9-9faa-cfc5f5beef2f,2024-08-04T10:16,7,81.13,Online,Pending
98f0509f-2c5d-4675-b165-aa58d7c63ed3,02c65c06-56ad-4670-b8e2-10ab417c7154,2024-03-13T10:16,6,160.32,Card,Pending
4f00a6a9-a706-4f51-a024-bf139d50cd1a,8b546c63-5406-493d-bc69-cfb594b38267,2025-01-09T10:16,5,135.85,Online,Cancelled
d8030191-6d78-4d8f-b44f-d967c6c383c2,4f6ae324-5b6d-47d6-a86d-26ec6fbe1e0e,2024-06-06T10:16,9,76.23,Online,Completed
88f23bc3-f1af-4315-9cfd-25bb3b6918b7,983d66ae-c8b0-46b8-8abc-26a1055cf729,2024-09-16T10:16,6,160.32,Cash,Cancelled
8abde377-6b3e-4836-9a46-bb39ae5b1769,ebbc7df0-770d-44f8-b0ff-c62f9006e40e,2024-03-05T10:16,9,138.69,Card,Cancelled
8bc1f9f0-1a22-4eaf-b8fc-396bacbd1bed,a938df5f-7764-459c-8bfd-90409d16b3c6,2025-05-23T10:16,7,166.81,Online,Pending
433d8a8c-e32e-405c-b817-811fc0b73872,d87f31d7-79ef-4c17-856e-142e791b04da,2025-02-17T10:16,5,83.05,Cash,Completed
c63031ae-f019-45c0-8304-a3933e1fb704,ec3490d2-e8da-47ee-ae12-0ca0b1d7a2bb,2024-07-15T10:16,3,19.17,Cash,Pending
65f3819e-d9c8-4be2-a8d7-5adc062eacfa,f6c35464-33dd-44a7-bf84-071f2e427045,2024-12-30T10:16,8,107.60,Cash,Completed
cb0b1445-9e93-4fda-a72c-978d580b5053,f0a6a958-e434-41bf-a830-dffa55a34db5,2025-09-12T10:16,7,135.52,Card,Cancelled
9aa19223-1174-4c9d-afdb-7353e730fc15,bfa3444b-2be9-46be-b944-720d86a59770,2024-04-19T10:16,8,144.80,Online,Cancelled
5c5490e0-bd08-487a-9ccb-5378e45f4e34,e12c3d24-86c8-474f-b86b-370df36adbfe,2024-05-08T10:16,2,30.28,Online,Pending
e86041e1-7371-4ad2-a9af-f1740c31d6f4,8250871a-2b35-424e-a1a1-4eb4faffabfb,2024-08-25T10:16,4,64.00,Online,Cancelled
5a5c36b3-dd8a-4137-8102-838acb5fac3c,5d6f84a5-a4de-442e-99b9-b8ef714b4436,2025-03-06T10:16,3,28.56,Card,Cancelled
6ab19774-9e88-4a7d-9183-21c7cb7e6192,09ba4183-1b94-4f8c-bc5f-eca421a88524,2025-06-15T10:16,8,120.88,Card,Cancelled
8ef9aa2f-e698-448a-a9a1-1e6f285a09ce,3ab3404a-ee80-4ed2-8d90-a6f0dad14e48,2025-02-08T10:16,6,151.14,Cash,Pending
d51a2640-f010-40c0-ab9e-827dba40df35,65b2c0ea-6192-47fc-9286-2c1dd3ecefb1,2024-09-04T10:16,8,204.56,Card,Completed
c5ee8cb3-bb44-44bb-a8e2-6923cc1dff54,0b2a0e9a-e050-4380-b607-57adcbbf59d4,2025-06-04T10:16,4,115.48,Online,Completed
f91f9458-9204-4cf1-a528-7bdc0dfe92bd,62a2bfef-ca4a-4dec-90ea-bf15ea1880d2,2024-07-10T10:16,4,92.96,Cash,Pending
b576ee62-b1c5-4f6c-86f6-05a9a88ce11e,fe624323-ba72-456d-9842-ed9e0edc75df,2024-12-31T10:16,3,80.61,Online,Cancelled
8b7dd937-e13f-4d08-b9d0-5ce6f34eec86,4e6807ca-aed8-4ec9-b1b0-0e3aba57efb1,2024-10-23T10:16,8,45.28,Cash,Cancelled
77d8d219-720a-45b9-87ca-e9b318a45027,bfa3444b-2be9-46be-b944-720d86a59770,2024-05-27T10:16,8,231.36,Online,Completed
1d99ec72-a998-479d-b953-d710385d9bd2,000f9c8f-2fc7-4346-844d-c04f10751265,2023-12-16T10:16,1,10.45,Online,Pending
22b0fcc9-d53e-4258-9b83-adf062b6e139,00d7ae70-0f46-4453-963c-4ab2a3d29314,2025-07-28T10:16,3,66.36,Card,Pending
73c68d4e-9db2-4ca9-b994-6578da372fea,fe624323-ba72-456d-9842-ed9e0edc75df,2024-03-08T10:16,2,39.08,Online,Pending
a9a4def2-912e-47cb-bda2-00dd04773c4f,9c53f3f8-5b22-4d77-bd76-cfa6c70e443c,2024-01-28T10:16,7,101.29,Card,Cancelled
ea4ae534-c45a-4b52-ab6d-cecd4ab01b98,71f17b36-2c37-4cfa-bf8a-894fa94c0e9b,2023-11-29T10:16,3,32.01,Cash,Pending
7b26090e-078a-4b3a-bb13-cb3d042db597,52f5634d-de98-4543-8a1e-cbf1e2d0242f,2025-09-01T10:16,6,102.72,Cash,Completed
a22f25d6-54de-4ca6-833a-9168b71a0462,000f9c8f-2fc7-4346-844d-c04f10751265,2024-01-28T10:16,8,200.24,Online,Cancelled
5bd2420e-cd94-4139-8523-0f008af73923,6945f6f4-b8f9-4d04-90ff-e59ed705578e,2025-04-20T10:16,4,104.60,Card,Pending
b1c6f8af-07a5-4721-8000-7e1a889e25fb,46032f36-69bc-465a-9b33-a5d560bfd77a,2025-09-09T10:16,8,218.16,Card,Pending
cbc85621-7322-41a1-9916-5da796700ef6,67c276b0-7be6-4f3c-bf86-c342095c8112,2024-06-18T10:16,8,45.68,Card,Cancelled
6b212c64-9db1-4456-8c42-23465bcb9fef,000f9c8f-2fc7-4346-844d-c04f10751265,2025-08-14T10:16,6,177.06,Cash,Completed
8eac2114-9d4e-4197-8745-eda795c90017,06e585f0-5b60-4900-81d1-3379328e6c17,2024-07-21T10:16,8,115.04,Online,Completed
caea15f0-328a-48ca-8f46-f2943be3ccf8,53db1213-7316-47bb-9099-c1def0e3c96b,2024-05-18T10:16,1,26.77,Cash,Pending
ab9c92c4-ce03-4801-9018-74feb1c14ec0,f3826f04-0dfa-4266-8002-58fede0093f5,2024-04-02T10:16,2,16.06,Online,Completed
c4748d50-ac6f-436c-b92f-9dcf582b87ec,11526850-7335-463f-b740-a52a90457c3b,2025-08-18T10:16,3,34.62,Cash,Pending
1fdba356-ac6e-4a65-b8af-d48643b68508,5f6e51da-5f01-4c9a-85dd-7d50ef37e5d7,2025-11-01T10:16,1,29.79,Online,Cancelled
f8784e62-2953-4a88-ad5e-790bea2215af,000f9c8f-2fc7-4346-844d-c04f10751265,2024-11-01T10:16,3,28.11,Cash,Completed
935a2af2-0947-4caa-a627-ae0203b87301,98b17fed-218c-4f20-8410-9f0edfc74455,2025-03-18T10:16,1,10.00,Cash,Cancelled
502a7018-8c61-4983-9fa6-9b3164d6863f,65b2c0ea-6192-47fc-9286-2c1dd3ecefb1,2024-07-07T10:16,6,61.08,Online,Cancelled
5a363476-180e-41ae-aa30-a1cb15a3dc39,5400d214-6176-40bf-88d2-3f53ed38bf69,2024-09-14T10:16,3,89.64,Card,Completed
ae093004-48e4-44f8-9430-2abbbeca139f,058b9c75-b72f-4594-80d2-e41194ff7672,2025-03-17T10:16,4,67.84,Cash,Cancelled
72ca134c-d650-41a4-a016-82e63ff96282,c0d74d86-5c5b-481d-b8e3-61eeb9c77255,2024-06-22T10:16,9,188.64,Online,Completed
7881e02f-e583-4114-92c3-c93ef99973d1,cd50913f-8c99-4253-9134-0cf5fe5f300f,2024-12-14T10:16,6,139.86,Cash,Completed
cce2680f-fadf-4338-aea3-b8f431a007ef,62a2bfef-ca4a-4dec-90ea-bf15ea1880d2,2024-09-28T10:16,4,77.20,Online,Cancelled
b8561094-7c51-45f0-a565-6002ada5a119,428424b7-1f94-496a-8b7a-497ce177d32c,2025-09-18T10:16,4,118.16,Cash,Completed
c50bf43b-9d26-46c6-888d-b125d0c1893f,0fcf4084-ea31-49f8-99f9-9bf8c8b0c16b,2025-04-20T10:16,4,41.56,Online,Completed
db4f6c8f-cba5-48e6-bdaf-48d25364dc0c,b95f7619-fab2-4df9-8683-1f2aeb93a660,2024-08-13T10:16,2,42.82,Card,Pending
f755df51-6af8-41e5-8635-c901c9156bee,7169ef0c-f2c8-4ae3-83f6-87691664d2d2,2023-12-25T10:16,3,82.83,Online,Cancelled
272e3013-7c6d-45a8-8b88-691c300aad6e,bb6bf39c-f455-4e08-a59e-1bdaaa91d4aa,2024-11-02T10:16,7,45.36,Cash,Pending
516a19e5-38b2-4388-836f-d88ee41caf03,a5ffc907-be77-43e6-8694-4a0bf09bd3fb,2024-03-10T10:16,8,133.20,Online,Cancelled
e9aaa097-6746-4b02-80de-15d98f76175e,0dd437d0-74fa-43c3-8909-5c955e4d47dd,2024-07-28T10:16,8,145.84,Online,Completed
f7086187-7840-4407-bc55-e03ad856ca86,dcfb3d05-846d-4915-99f3-ebbc7559d972,2024-02-25T10:16,4,77.76,Card,Pending
dd1d365b-1d75-4789-9a5b-f131e016bab5,fbe227d7-6d32-4407-9783-7fdac983e55f,2025-06-09T10:16,2,53.40,Cash,Completed
c8eb0ef8-aa43-466a-aaf4-e60aaecf710f,885715b6-b1eb-44ca-8460-28c0343e56f3,2024-06-24T10:16,2,36.00,Cash,Pending
0e858e73-bd1b-4ac6-a051-820dc4a256c7,8e1bbe6c-7b75-46dc-8ca1-0b1664cd6ae4,2025-05-15T10:16,6,36.96,Card,Pending
9e28434d-df40-4060-b3fa-cc74b282e432,fbe227d7-6d32-4407-9783-7fdac983e55f,2024-05-13T10:16,9,65.25,Card,Pending
5a340382-c8c5-41d9-8c7e-1286304b2a7c,6bd388d4-5636-450b-bacd-55bdcb769bab,2025-04-10T10:16,3,23.22,Online,Completed
c862782e-e5d9-46b5-b635-7bb2850e3370,21edfc22-3f73-4335-a774-3cf78ab65e86,2023-11-26T10:16,3,57.15,Cash,Cancelled
6bba6d3b-7b08-4c33-9b3e-1ce91756a844,cb8747c7-32ca-4b6b-868d-13ab01d953ec,2024-11-11T10:16,3,69.60,Cash,Pending
4e8af769-7cba-4479-a908-c1f53f5b7867,953417c6-cd52-45e9-9ca0-bb450653c934,2024-10-30T10:16,5,111.00,Cash,Pending
806d6d31-1899-4941-88d4-6363fd51a377,49af098b-bf79-4643-8e49-739ea932d38b,2024-02-06T10:16,4,56.48,Card,Cancelled
b336cae1-41b8-443d-9831-1a2d93d3985f,fe624323-ba72-456d-9842-ed9e0edc75df,2024-02-09T10:16,5,36.90,Online,Completed
eedcd7d0-0e78-479b-9b3a-5d4d43520ce7,dcfb3d05-846d-4915-99f3-ebbc7559d972,2025-07-14T10:16,2,25.46,Card,Pending
221e1bdd-8888-4365-9522-49170f80969d,7d2df59f-386d-4aec-85a8-2443262a0cb4,2025-08-19T10:16,9,222.75,Online,Pending
6aa7a175-9516-4765-b590-ffb8c0bf8644,8e1bbe6c-7b75-46dc-8ca1-0b1664cd6ae4,2024-01-05T10:16,6,133.74,Online,Completed
9f13d6c9-6c6c-440a-a1fa-e4048d02e623,935ebde1-5945-4673-886e-1a7a12cc2d4e,2024-08-25T10:16,7,63.07,Card,Pending
c84a2b39-12f3-426d-84c0-aabe9ebbb895,56a75a3e-a944-4147-8cba-f1024726993f,2025-10-27T10:16,9,196.38,Cash,Cancelled
dc05e3cd-9eb5-463a-a160-f42906c58ece,36b880b0-e9bd-4c0b-8f1c-32018f6c758a,2023-12-13T10:16,6,121.26,Card,Cancelled
000f8aff-1341-427e-bba9-1865f29f180e,e6e1db85-f8ba-4264-9c9a-520ecda4bc4c,2025-04-16T10:16,8,159.36,Card,Completed
4692dca3-93af-4746-a99b-a1c5b2018ed6,73a2b03c-2dca-486e-8ebc-c4d6bb68a8c6,2024-01-25T10:16,3,36.99,Card,Completed
87c82441-3312-4fdd-b282-2ff79053fd1d,103fcba5-5588-45a5-9fe0-6ac948d3860e,2024-03-02T10:16,3,16.71,Card,Pending
21249ce3-fdae-4af0-9031-cc9641bbdede,b95f7619-fab2-4df9-8683-1f2aeb93a660,2024-11-28T10:16,1,18.49,Cash,Completed
1c5f1680-d769-4a63-9f67-feac7f37478f,f067e21d-d1d4-4e87-9cae-9753f5f9ccb6,2024-12-02T10:16,7,92.68,Card,Pending
b6473642-9559-468a-bcc0-985ca686af43,e7991221-0de0-4ef8-aa9c-ca3b59197059,2023-12-07T10:16,3,88.17,Online,Pending
4b4ce105-c3cb-472f-b041-d40b6805e650,bf0de251-90d7-423c-8b31-48df1a89964f,2025-07-14T10:16,1,12.19,Cash,Completed
bd615d3c-7ec2-4111-8b23-f33f7a45671d,0a0ac3e5-6e20-4fbc-87ec-5481c70e38bc,2024-01-11T10:16,6,135.90,Card,Pending
a1ce1baf-690b-454a-8cce-1c17c3b33ebd,0472ca7f-b133-4710-8f43-24a3c6c1afd1,2024-07-26T10:16,3,74.70,Cash,Pending
b6786b8b-f691-4c15-abaf-f0ccc056a0d9,964d337f-acd5-4ca2-8843-9be3f2eb60fc,2024-10-30T10:16,5,64.25,Card,Pending
8ef3489d-b1df-45db-a89c-3b2bd5bc8d1b,c9dcc28a-ae5f-477c-ae7e-72d94129f449,2024-07-14T10:16,8,153.92,Card,Completed
76f6458b-65e6-4438-b846-6b6f62b3ca0f,726d71e2-70fd-4416-8568-78619c14a73a,2025-02-28T10:16,9,77.85,Card,Completed
d5474b9d-7847-45e0-9cdb-ba3490e7a3d3,62a2bfef-ca4a-4dec-90ea-bf15ea1880d2,2024-05-10T10:16,6,32.34,Cash,Completed
11c2ef98-5f6d-49be-b8e7-aefcbd92b02b,92da274a-bea2-490a-bb52-196c46fa8487,2024-06-21T10:16,8,166.80,Cash,Pending
8aa063b5-3200-4ee0-b5dc-0506ba90017e,726d71e2-70fd-4416-8568-78619c14a73a,2024-06-01T10:16,2,31.92,Online,Cancelled
ab7ed758-e175-4385-a13b-fcd244dda63d,c83bba2f-5229-4998-9566-1f3179b13e8a,2024-11-06T10:16,5,71.70,Card,Pending
eeee1ab6-8a88-429a-a026-2dae10b12456,fdb5454e-2230-489e-ade4-9218ff28cbd8,2024-01-21T10:16,6,169.74,Card,Cancelled
e5ed0a86-b9a4-4fc0-9614-9c03d26c00ff,7c991f43-c18b-4404-8826-97691b0dc00c,2025-03-13T10:16,5,41.85,Cash,Cancelled
fc782cb4-0016-4d00-bde1-1043cd50f6b7,6aaabc79-3d35-410f-bb96-f86a3930d0ff,2025-01-04T10:16,1,14.19,Cash,Completed
298c760d-02c3-4bd5-940f-db65222e17fe,68169a66-a8d4-4763-914e-7befc826445b,2024-12-10T10:16,9,246.24,Card,Pending
107f448d-6097-4a01-9fd6-eb2463c307a9,e38afcd9-9e08-47ba-bc92-5ebb4bc271eb,2024-07-17T10:16,2,52.76,Online,Completed
b4761ca1-6b5d-4f49-aa4b-28ecbe19606f,e12c3d24-86c8-474f-b86b-370df36adbfe,2025-06-13T10:16,4,21.24,Card,Pending
9f4d1e5f-6488-449f-9393-0c86da2ddd00,4e6807ca-aed8-4ec9-b1b0-0e3aba57efb1,2024-01-21T10:16,1,29.02,Cash,Cancelled
74dbd88f-e122-480c-bbda-c6eb934f4e27,9fa382f0-8393-48db-ad30-43c953282401,2025-10-14T10:16,3,30.09,Cash,Cancelled
b4009137-3ddf-4d5b-adab-8e2eac8e86be,cf65c4b6-4c1c-420b-95de-23e5b56ffad5,2024-11-02T10:16,6,147.90,Cash,Pending
644fb850-6504-4dca-b6bd-9a8bdee139a6,11526850-7335-463f-b740-a52a90457c3b,2025-10-13T10:16,8,224.32,Cash,Completed
8f24f7a3-1568-4cf1-a679-a9e993616a63,7509850a-5062-4da9-aad6-bc5b9e363ef1,2025-01-04T10:16,5,71.80,Online,Cancelled
13492ebb-104d-4830-a629-2755e4f25794,bb6ceda0-3f7a-4dfa-9862-41a88dd468b2,2024-11-13T10:16,8,116.56,Card,Completed
dd7891b4-c261-4a5a-bf52-c4dcf2719dca,9c53f3f8-5b22-4d77-bd76-cfa6c70e443c,2025-10-23T10:16,1,7.03,Cash,Pending
34b7d61c-dfa1-441c-874c-f5107e40fdcc,0a5bd884-b432-4ce5-b14e-44b4aedd4c0f,2025-05-28T10:16,7,198.94,Online,Pending
8899f9b5-9b18-4336-8d50-4e60058a85f2,000f9c8f-2fc7-4346-844d-c04f10751265,2024-09-27T10:16,8,157.20,Online,Cancelled
10a45a63-6d27-483c-93a7-1b823eeab5e1,3910ab11-8758-4a4f-8a9b-c4f5df7413c4,2024-02-12T10:16,2,50.42,Card,Cancelled
63ec966c-928b-4841-9045-a2318c715eaa,b3688304-b24b-416a-9bf4-c2b6aaeb59d3,2025-03-14T10:16,6,83.94,Card,Pending
