order_id,restaurant_id,order_date,items_count,total_price_usd,payment_type,status
907855f2-bf99-4162-8141-f10ad8e8adc6,0e0d5f13-edd5-4ab0-9ddd-3df111bedc5a,2024-05-05T10:16,3,83.58,Online,Pending
8d16240e-1f3c-42e1-8020-a905d7f502e0,ceafdb2a-788d-48e0-acdd-bd533a2e7ab6,2024-11-03T10:16,4,95.96,Card,Pending
ee543879-4a7a-44f2-9c20-88f20a973b66,c83bba2f-5229-4998-9566-1f3179b13e8a,2024-06-03T10:16,4,71.52,Card,Cancelled
0faaedcc-7c90-442f-b2e7-1c6846264c93,7c991f43-c18b-4404-8826-97691b0dc00c,2025-03-24T10:16,5,33.60,Cash,Completed
4a6c9004-ec34-4fc5-a961-f2586ea47a4b,e886c155-0dae-4b36-88f5-a86fa474d1f6,2025-02-13T10:16,9,158.31,Online,Pending
c8f2b977-da78-4c09-8108-6d8c3f271ee0,6f61ca8e-51a1-48e0-abfa-88326e713e34,2024-09-07T10:16,4,30.92,Card,Completed
006e26c0-9691-4c0e-87e1-bf573e4d02cf,b03f75c1-655f-4480-a2bf-1a0af806e96e,2025-06-19T10:16,1,24.58,Online,Cancelled
8df0e3ef-2b47-4c24-865f-40139eea4c41,4739f27f-7a96-4d52-83ae-0c6fd4c8c606,2024-01-07T10:16,6,96.90,Online,Completed
ca704802-6c17-4239-9c12-81a52cc8b8b0,6f61ca8e-51a1-48e0-abfa-88326e713e34,2025-02-26T10:16,1,8.25,Card,Cancelled
5fd73ffc-0586-43fd-b4fb-f349da9c10c0,09ba4183-1b94-4f8c-bc5f-eca421a88524,2025-07-09T10:16,8,140.96,Card,Pending
af806b62-c869-401f-be5a-af70684cb4d6,8b546c63-5406-493d-bc69-cfb594b38267,2024-03-02T10:16,3,70.23,Online,Completed
3b397423-e0a1-407f-a35c-de88d2970a7e,910b1d47-5c37-48b1-8bde-96c60660f1d7,2025-09-25T10:16,4,55.60,Online,Completed
1cc3a2de-a454-4af7-a17c-3bd6093e1b8f,b0d737cd-ec4b-4a88-aa81-d012ef3fb719,2024-04-19T10:16,3,54.12,Cash,Completed
09c2a0a2-9769-40be-9420-7fc3f244c06d,e6cb1215-5314-4d05-bfd1-f6e5d36e89f7,2024-07-02T10:16,2,36.46,Online,Pending
0c4f2fe7-9ade-4b93-8a16-5e79b0d60cfd,56a75a3e-a944-4147-8cba-f1024726993f,2024-01-23T10:16,5,144.75,Online,Completed
f8fc034c-1a4f-451d-b4d2-71b379546e6a,26d032f1-9fe9-487a-987a-a8be14e1db05,2024-05-12T10:16,4,114.60,Online,Completed
87cf0405-c38b-4308-8d52-cc6170d3d3ec,49af098b-bf79-4643-8e49-739ea932d38b,2025-07-28T10:16,6,74.22,Card,Pending
9f2887f9-461d-4c2c-89b4-14974d39588d,73a2b03c-2dca-486e-8ebc-c4d6bb68a8c6,2025-01-08T10:16,2,15.48,Cash,Cancelled
1201da9d-c3ef-4eb0-967e-3c83eb85f188,8e1bbe6c-7b75-46dc-8ca1-0b1664cd6ae4,2024-06-29T10:16,2,15.16,Card,Pending
cab978a7-a80a-4630-b7bc-fb344d342046,bfa3444b-2be9-46be-b944-720d86a59770,2024-03-25T10:16,8,155.52,Cash,Completed
a00e0aa0-ef1a-4b14-9aa9-4ab328334100,c83bba2f-5229-4998-9566-1f3179b13e8a,2025-08-10T10:16,2,46.62,Online,Pending
8d5a9af0-d90f-499d-9acb-a1ae08789308,964d337f-acd5-4ca2-8843-9be3f2eb60fc,2023-12-17T10:16,1,28.52,Cash,Completed
30cc73e5-23ac-41a0-bdc2-db5c8eb9fb70,25659c0e-6eb5-4c57-add8-fb6ac5f42699,2024-01-21T10:16,4,110.76,Online,Cancelled
7bbbe66a-b67b-4268-a6df-d20956bea44d,401a6911-a31e-4892-adc1-56e3e1eb090a,2025-10-12T10:16,5,57.75,Cash,Cancelled
0017b3fa-9eb2-4277-859c-f34b02af76a7,f067e21d-d1d4-4e87-9cae-9753f5f9ccb6,2025-08-18T10:16,4,96.60,Cash,Pending
1baf2f44-9dc8-43da-b295-6904afaddb02,46032f36-69bc-465a-9b33-a5d560bfd77a,2025-03-25T10:16,7,38.08,Online,Pending
70c2c2f4-9543-4eb3-a918-1aa9c373d5d9,b014b56e-3263-4b63-8430-46e00bc5ea77,2025-05-22T10:16,7,72.66,Online,Completed
bae4c054-6e5c-4088-83c3-a526d8664604,c1a09d60-c9e8-4489-a68e-e01b51541d33,2024-08-31T10:16,7,203.91,Card,Pending
1a961eb2-844b-40b6-a157-0df2cff0759f,0a15d43b-8f6b-444a-bef2-ffbddfdbd16f,2024-04-22T10:16,4,41.60,Cash,Pending
f20685ee-a19e-4312-83e4-320b42c04c45,b03f75c1-655f-4480-a2bf-1a0af806e96e,2024-07-21T10:16,8,54.96,Online,Cancelled
00485ab2-1ec0-4396-8b97-303b30c24fc4,2c6dafc9-06cc-4b3d-8b8d-12aae0644c58,2024-03-06T10:16,6,89.70,Online,Completed
ba063e1e-8092-43b8-b1ca-c09b41cfe69e,8b546c63-5406-493d-bc69-cfb594b38267,2024-11-25T10:16,7,103.88,Online,Pending
803ccd73-8bff-4db8-a20d-c6c3f1c8495c,9305d562-2505-493d-8ed8-3fb721c8f491,2024-04-04T10:16,8,137.52,Cash,Completed
a56c62d0-597b-4d7d-af16-400fc958d381,4739f27f-7a96-4d52-83ae-0c6fd4c8c606,2024-07-27T10:16,4,101.88,Card,Cancelled
e873aaff-373e-44d9-b6e7-bd51e10e8cc4,6e551d53-4f6d-4b84-a9de-3d7c79694805,2024-12-26T10:16,2,30.08,Cash,Pending
2ce8b6e1-b3b8-4fd0-ac74-a1761ecca836,05ccd8a5-ea5f-4353-bd1e-3022152b0685,2024-01-05T10:16,1,8.08,Cash,Pending
263f2233-7284-4424-9cc0-d12c061e89c0,caca465c-e9f2-4add-91b5-24c70595e321,2025-10-31T10:16,2,37.98,Cash,Pending
974f7851-ff62-47fa-b4b5-8790452f57eb,6e6d2c67-f7fb-4a98-8f9a-4822259b25c4,2025-02-01T10:16,9,97.56,Card,Cancelled
93e30c2e-4b89-475d-a5b6-8abe3a62008f,21edfc22-3f73-4335-a774-3cf78ab65e86,2025-06-25T10:16,8,182.40,Online,Cancelled
d2c5448a-946e-4b93-82f8-bfa15af1d940,3ab3404a-ee80-4ed2-8d90-a6f0dad14e48,2024-05-16T10:16,6,49.32,Card,Cancelled
1b93a508-af21-405e-9855-f12b16a32af3,caca465c-e9f2-4add-91b5-24c70595e321,2025-05-10T10:16,1,9.14,Cash,Completed
ea1e7ade-144a-4645-b5de-203e7d526eca,6e6d2c67-f7fb-4a98-8f9a-4822259b25c4,2025-05-03T10:16,2,23.76,Online,Cancelled
f0777cec-99e6-4c4b-826b-1d2b54f3ec63,8f7f530b-bb30-4a05-b437-744ed30af54f,2024-04-18T10:16,5,75.60,Online,Cancelled
4b6ad6b1-31d7-463b-a3c2-b2a2f00434f7,d7af10ce-45c9-4fc8-8dd8-b1c5491aad5f,2025-05-19T10:16,1,5.34,Online,Completed
551e8ebf-31f1-4b66-b84a-598a041950e1,fdb5454e-2230-489e-ade4-9218ff28cbd8,2024-01-18T10:16,6,149.52,Card,Cancelled
9ed2fc56-a7ad-4210-9fb9-182f48dc8299,1a31c678-d420-495a-aff3-0f1609514e1e,2024-08-06T10:16,4,99.96,Card,Completed
2be39768-ad7b-4b52-ba3e-f2dbd0b7fbf7,fdb5454e-2230-489e-ade4-9218ff28cbd8,2025-10-02T10:16,5,54.70,Online,Cancelled
b0aa1db1-5d59-42f0-bf09-0d11ba077f24,92da274a-bea2-490a-bb52-196c46fa8487,2024-05-07T10:16,4,89.92,Card,Completed
a6407f37-c288-420b-bbf3-fac32b25e5d8,c3ffc43c-0c11-40fa-9824-f234161741d0,2025-03-13T10:16,3,35.85,Cash,Completed
860c2e64-7628-41b7-a421-8096fc418832,e38afcd9-9e08-47ba-bc92-5ebb4bc271eb,2024-06-23T10:16,4,46.40,Card,Pending
cecfe5e8-1977-4db1-a775-812b14cfb6e9,0b2a0e9a-e050-4380-b607-57adcbbf59d4,2025-04-16T10:16,9,96.03,Cash,Completed
e77b3e48-b6ca-4fcc-952a-0e0df0c579c9,c63bd277-c81c-40c5-8720-6ce916d653c4,2024-10-01T10:16,9,191.43,Cash,Completed
a32cf42a-0ee8-481a-9b91-b1d4357ae717,bf0de251-90d7-423c-8b31-48df1a89964f,2024-03-22T10:16,9,227.07,Cash,Completed
d7a3d97d-7702-42b9-af00-2b96607dfd36,e12c3d24-86c8-474f-b86b-370df36adbfe,2024-11-06T10:16,3,22.68,Card,Pending
4b364343-7b88-4d24-8d6b-1574c500f6cf,795088d7-d227-422e-ad8c-f048bde0675e,2025-10-18T10:16,4,119.36,Card,Pending
33bfff8d-26b4-45e1-ac80-c4e190a5a3ba,b95f7619-fab2-4df9-8683-1f2aeb93a660,2024-07-08T10:16,1,28.65,Cash,Completed
e4bb53bc-50c2-4031-a33c-06c8fc18935f,103fcba5-5588-45a5-9fe0-6ac948d3860e,2025-02-19T10:16,2,14.68,Card,Completed
23788ed5-f518-4b33-8859-b9d179752649,6aaabc79-3d35-410f-bb96-f86a3930d0ff,2025-04-18T10:16,7,137.69,Cash,Cancelled
c4d213b4-8cda-4b48-90ab-984c368a0a8a,8f7f530b-bb30-4a05-b437-744ed30af54f,2025-05-29T10:16,3,32.85,Online,Completed
3eae166a-c96a-45d1-a57b-907aa51c552c,ada8704c-2784-4d70-84da-10078407d2c8,2024-04-21T10:16,4,99.72,Cash,Pending
c3866794-7b7d-48be-ab7e-67727d6ca04e,c46351bf-193f-49af-a5d6-456188837c3d,2025-08-13T10:16,7,106.40,Online,Pending
cd259ed7-187f-4a85-b748-63cbfe95619b,92da274a-bea2-490a-bb52-196c46fa8487,2024-03-16T10:16,9,210.51,Online,Cancelled
7c477e42-fe6c-49fd-a9eb-18688878f549,e119f98a-df63-41dc-8e01-bb49ca2dc724,2024-03-21T10:16,6,71.28,Online,Cancelled
ac2386a5-840d-402c-94b1-53ce40abf75b,f0a6a958-e434-41bf-a830-dffa55a34db5,2025-08-26T10:16,3,57.33,Cash,Completed
454e2e97-4352-47f9-924f-08384bf635ca,0b2a0e9a-e050-4380-b607-57adcbbf59d4,2023-11-26T10:16,7,156.59,Cash,Completed
8de03740-092d-460a-a7e1-4396b0f7d6c5,910b1d47-5c37-48b1-8bde-96c60660f1d7,2024-12-05T10:16,3,47.79,Online,Completed
e1e7b5f4-c598-4371-a244-9eb3d977ebf4,4f6ae324-5b6d-47d6-a86d-26ec6fbe1e0e,2024-07-02T10:16,8,157.84,Card,Completed
7d4c10ba-a436-4b73-af76-7df09d20d7ea,0a15d43b-8f6b-444a-bef2-ffbddfdbd16f,2025-07-04T10:16,1,14.16,Online,Completed
96d46af8-f4fd-47a0-b10e-920ac81c59bb,56a75a3e-a944-4147-8cba-f1024726993f,2023-11-21T10:16,9,90.63,Online,Cancelled
e03e0afe-e562-42cb-8e0f-dd45c4c69727,941529ef-2114-4bff-907a-4596ff4593a1,2024-10-09T10:16,6,102.42,Cash,Pending
74ccf0d0-7ffd-4cf2-ada6-8ca256b4209e,e6cb1215-5314-4d05-bfd1-f6e5d36e89f7,2024-07-28T10:16,7,160.86,Card,Pending
08a40fd5-44f0-42e6-a173-2f8586227aab,ebe19120-496a-47fa-87eb-2440212a3363,2025-10-05T10:16,2,23.74,Online,Cancelled
a94a4034-7bcd-4df2-a185-eaa1bac17bd6,69446e90-4237-4410-ab55-e011eb04cce0,2025-01-23T10:16,3,26.64,Online,Cancelled
6fde77d9-d9b9-4718-8c68-e0987b7aa103,2c6dafc9-06cc-4b3d-8b8d-12aae0644c58,2024-05-10T10:16,1,26.70,Cash,Pending
b83685ee-c733-4617-ada9-720c946f07c0,1d32c3b3-c732-4995-aa6b-ff159deb3bdf,2024-09-13T10:16,9,158.40,Card,Completed
dea2d44a-8580-4b00-beb6-43eb8321078e,b047b369-02d0-4f25-9af0-f1e883228863,2024-12-04T10:16,1,21.04,Online,Completed
f29fdc7b-3660-4cf7-96f1-7dc5b6602990,aff4340c-d102-49ba-af8e-84d2737ce82c,2023-12-29T10:16,4,24.92,Online,Cancelled
e485357a-db64-452c-b9f3-2459a3937ecd,cd50913f-8c99-4253-9134-0cf5fe5f300f,2024-06-21T10:16,8,102.16,Cash,Pending
4907c7af-7ede-4432-a1b5-2a6d519455a6,e7991221-0de0-4ef8-aa9c-ca3b59197059,2024-10-17T10:16,4,47.84,Card,Pending
625351bd-8575-4dbe-91b4-248d0f9e2d7a,209e786b-2a61-4e52-a3b2-1cc98bcbf18c,2024-03-03T10:16,9,161.10,Cash,Completed
b14c15b5-926b-46c8-b5c5-3ee45338db19,7d2df59f-386d-4aec-85a8-2443262a0cb4,2025-04-04T10:16,5,92.00,Cash,Cancelled
c61357b6-f897-4fd6-8846-6518cdc2b6bc,500fde18-ea61-4380-9ea4-f06d09985870,2024-11-06T10:16,8,214.96,Cash,Completed
904a0ad0-d760-4a1b-a293-bf70320c9649,6c3bf618-a715-40f9-9faa-cfc5f5beef2f,2024-07-16T10:16,8,66.00,Cash,Cancelled
8ea14cf4-1795-4f72-af8a-97c079dab882,56a75a3e-a944-4147-8cba-f1024726993f,2025-02-03T10:16,8,193.92,Online,Cancelled
abed0850-36e4-4a52-9be2-7aa5528325d0,726d71e2-70fd-4416-8568-78619c14a73a,2025-01-11T10:16,8,126.72,Cash,Pending
d2e3deb5-2259-413f-ad5a-8bce23ac0a7e,941529ef-2114-4bff-907a-4596ff4593a1,2024-04-10T10:16,8,118.32,Card,Completed
c5541f94-9916-4344-a766-41e8bf013c59,8f7f530b-bb30-4a05-b437-744ed30af54f,2025-09-29T10:16,4,109.08,Cash,Cancelled
f3ad6c3d-2be6-4e60-84df-8deed4ac8be9,824998a2-7592-4051-ab0b-d5e12743c93b,2024-03-16T10:16,7,119.49,Online,Pending
24327619-9656-4e4f-b8ac-e1be0cc4c0a6,795088d7-d227-422e-ad8c-f048bde0675e,2024-02-24T10:16,1,10.21,Online,Completed
12367be1-a586-4b84-af94-2677f61d521a,c46351bf-193f-49af-a5d6-456188837c3d,2025-10-16T10:16,6,136.38,Card,Pending
ad1486b5-992a-468a-bf6d-bf58c336c605,ec3490d2-e8da-47ee-ae12-0ca0b1d7a2bb,2024-06-15T10:16,3,42.42,Online,Cancelled
1130bf99-e019-4d14-8101-ba458c57a08c,14eace30-1ac2-411e-8eef-98e8f32a87fb,2025-03-17T10:16,6,78.30,Online,Cancelled
e65582ac-a7d4-43e7-aa71-6576f13d63c5,d6d4ef4b-0870-48aa-b884-013237f255f4,2023-11-28T10:16,5,92.60,Card,Cancelled
22ee0b77-0bc5-4788-a694-dc3d5a971e0c,e886c155-0dae-4b36-88f5-a86fa474d1f6,2025-08-07T10:16,8,207.28,Online,Pending
c5051f30-e4ba-4885-8175-bf8216d8effb,d87f31d7-79ef-4c17-856e-142e791b04da,2025-06-04T10:16,9,50.13,Cash,Cancelled
af69a47f-ebc6-4353-bab6-f72c88c8f380,0e0d5f13-edd5-4ab0-9ddd-3df111bedc5a,2024-03-29T10:16,1,5.37,Card,Completed
e359c4db-22b3-4603-aeb7-3b81175fa48e,b03f75c1-655f-4480-a2bf-1a0af806e96e,2025-09-24T10:16,2,19.92,Card,Pending
38e6bfeb-38c0-4c09-80f1-5e64695d2775,fe624323-ba72-456d-9842-ed9e0edc75df,2024-07-05T10:16,2,47.18,Card,Cancelled
792e51d1-08dc-405d-a354-1efa43009053,050d9901-1cb5-413a-9c31-282028f863c1,2025-08-13T10:16,9,129.78,Cash,Completed
be44a645-0ffa-42e7-b422-3e9a8b76a7e9,e6cb1215-5314-4d05-bfd1-f6e5d36e89f7,2024-04-13T10:16,5,26.45,Online,Pending
5af4ae70-a859-42a2-a687-b5791578d236,1a31c678-d420-495a-aff3-0f1609514e1e,2025-10-18T10:16,6,179.16,Cash,Pending
2f87b63b-39ab-4ce3-9993-c1c1ee8aab4b,ebe19120-496a-47fa-87eb-2440212a3363,2025-04-23T10:16,2,49.56,Cash,Cancelled
d11f58b0-1179-4022-a684-d1e93cb75a36,56a75a3e-a944-4147-8cba-f1024726993f,2024-08-10T10:16,6,141.00,Cash,Completed
985b10c8-0bad-4242-8910-26ac3e6a2bfc,e12c3d24-86c8-474f-b86b-370df36adbfe,2024-08-25T10:16,2,59.98,Cash,Pending
4aa07a2e-48a9-45df-b365-0a2f9f473f2d,ada8704c-2784-4d70-84da-10078407d2c8,2025-04-29T10:16,3,74.76,Cash,Completed
659564b8-9516-43d8-b1c2-f592b77b2e7c,0e0d5f13-edd5-4ab0-9ddd-3df111bedc5a,2025-04-27T10:16,9,189.36,Cash,Completed
fc51d9f7-1b55-4833-af27-26cdc7f4685e,8f7f530b-bb30-4a05-b437-744ed30af54f,2025-04-23T10:16,2,30.88,Online,Pending
c3c1ac1c-af5e-4523-b68f-351dceb42084,0dd437d0-74fa-43c3-8909-5c955e4d47dd,2025-03-18T10:16,6,169.02,Cash,Completed
896ab293-956d-4e5a-89f9-e9d892e86b2f,7509850a-5062-4da9-aad6-bc5b9e363ef1,2023-12-23T10:16,6,81.78,Card,Completed
d6685f99-981d-408c-9783-e388154dc800,bf0de251-90d7-423c-8b31-48df1a89964f,2024-02-09T10:16,3,65.73,Online,Completed
a903ba8b-c61a-4970-a209-cef23c677565,d87f31d7-79ef-4c17-856e-142e791b04da,2025-06-29T10:16,9,165.42,Online,Cancelled
a79780d7-8d1f-428f-af2f-7918ed40ec7e,b90a3a7f-421e-47e5-8598-fe50f365a62e,2025-07-18T10:16,7,137.06,Cash,Completed
d24acf5c-5f0e-4dbc-8f36-238e07433aec,2ca088cd-c6c6-4e60-a1a4-d2990ee21b12,2024-05-14T10:16,3,56.13,Cash,Cancelled
aa1b1aab-953d-4ff1-af8b-a6cddc9852de,e38afcd9-9e08-47ba-bc92-5ebb4bc271eb,2025-01-17T10:16,6,140.16,Cash,Pending
a7cc1185-b82e-406d-b91b-c53a678568a2,0df3bae1-6384-4856-aa27-aef9f6c48b75,2023-11-19T10:16,3,20.97,Online,Pending
8ebc1cb4-5b03-40b6-a70e-abf12735d44e,bfa3444b-2be9-46be-b944-720d86a59770,2025-01-09T10:16,8,213.68,Cash,Pending
94ee6695-d4ab-4da4-a2bc-e568f66c70f1,9305d562-2505-493d-8ed8-3fb721c8f491,2025-09-04T10:16,6,73.98,Card,Cancelled
13ea4aac-b121-4f20-a5e4-cb09744c3c32,05ccd8a5-ea5f-4353-bd1e-3022152b0685,2023-12-29T10:16,9,219.42,Online,Cancelled
155a5ade-f4e4-4ae0-a7c1-a3971a41ecb7,964d337f-acd5-4ca2-8843-9be3f2eb60fc,2024-09-14T10:16,4,102.20,Card,Pending
ba719ea8-626d-42a6-8ce0-89d022599d98,36b880b0-e9bd-4c0b-8f1c-32018f6c758a,2025-06-19T10:16,4,76.92,Card,Completed
47e206a4-c7a2-4555-8723-18ce8f3714fe,a5ffc907-be77-43e6-8694-4a0bf09bd3fb,2025-03-30T10:16,2,57.76,Cash,Completed
84144f7e-fddb-4317-ba6d-7c88f0a2c4a7,e6cb1215-5314-4d05-bfd1-f6e5d36e89f7,2025-08-11T10:16,8,116.16,Online,Pending
181465b1-8d64-4fb1-8e12-9915f73520ba,b0d737cd-ec4b-4a88-aa81-d012ef3fb719,2024-04-13T10:16,8,74.72,Card,Completed
59671772-994b-4174-9690-d91cac73f0b7,5400d214-6176-40bf-88d2-3f53ed38bf69,2025-06-25T10:16,1,19.74,Online,Pending
8d7ae4ea-8d85-4260-9f9d-df62f8c8a656,fdb5454e-2230-489e-ade4-9218ff28cbd8,2025-04-14T10:16,9,141.48,Online,Cancelled
509b595e-f367-4786-914a-e967adc42554,68169a66-a8d4-4763-914e-7befc826445b,2024-08-10T10:16,9,256.50,Online,Pending
30ad113f-5134-4904-b32e-8a85c4a68735,09ba4183-1b94-4f8c-bc5f-eca421a88524,2025-09-08T10:16,9,212.76,Online,Cancelled
9c93928d-a944-4e90-9494-a3c7e0c50c48,9305d562-2505-493d-8ed8-3fb721c8f491,2024-04-25T10:16,9,260.73,Card,Cancelled
a3b4978d-6987-4c65-8ba0-cbe78bbd376b,b014b56e-3263-4b63-8430-46e00bc5ea77,2023-11-14T10:16,5,126.70,Cash,Cancelled
3fa59803-f5e7-4c1b-beb6-b83335b0aca1,103fcba5-5588-45a5-9fe0-6ac948d3860e,2024-04-22T10:16,7,150.57,Card,Cancelled
7dcec726-5cb0-4655-8279-ed0d2b4bc37c,7d2df59f-386d-4aec-85a8-2443262a0cb4,2024-06-26T10:16,9,74.88,Card,Completed
f49e946a-8aff-42b9-bf23-a295efeeb653,10b26c2d-7d56-4175-84a8-a2775e128a9d,2023-12-22T10:16,4,110.40,Online,Pending
ac214dcb-13ec-46d1-b211-fc286ba195d5,46032f36-69bc-465a-9b33-a5d560bfd77a,2025-08-20T10:16,9,238.05,Cash,Completed
0f939018-5c89-4d38-ad94-ffe74863b967,f067e21d-d1d4-4e87-9cae-9753f5f9ccb6,2023-12-07T10:16,9,53.91,Cash,Completed
0563f6cd-1ab8-424e-94c7-e42d972040a7,77ca464a-fe0d-4dcc-8f08-3eb2f7b64f76,2025-06-21T10:16,5,129.90,Cash,Pending
9c476b95-2a72-49b5-8494-30cb020c5099,8f7f530b-bb30-4a05-b437-744ed30af54f,2024-03-21T10:16,3,60.78,Cash,Completed
8ca57fe1-acd8-4a97-bcaf-befe0d9edd32,1407e9cf-22c9-4137-a2fe-cc12dc038235,2024-02-07T10:16,9,268.02,Online,Cancelled
a374206b-960a-44a5-bb62-37db624963fa,0a5a9fc7-e126-48f0-99aa-dea85c606f66,2024-10-27T10:16,2,13.60,Cash,Completed
6879432f-34fd-4d13-a21e-7a7f5e75f76d,bf0de251-90d7-423c-8b31-48df1a89964f,2024-04-15T10:16,4,31.68,Card,Completed
3d51f6ae-9bb5-4942-9da4-767cb90b185d,8113211c-bdc3-4bb0-94d9-3fd3871f3005,2025-03-28T10:16,5,122.20,Cash,Pending
4be33c15-976b-4f0f-ad22-d9bd3681ddd8,06e585f0-5b60-4900-81d1-3379328e6c17,2024-10-04T10:16,1,19.21,Online,Cancelled
b4e04328-b5f0-473d-82ba-6239c6db0624,6c6a3b10-9747-4dca-a041-4edc22d147b0,2024-10-20T10:16,4,98.60,Online,Completed
4977dbb8-8046-4550-958a-06b459c3aaae,8f7f530b-bb30-4a05-b437-744ed30af54f,2025-10-05T10:16,3,89.64,Card,Completed
0e28f2dd-0376-437d-9e71-9dd7006fe7b5,93cdeef1-3fc3-4a63-a275-0ae87ae6b335,2025-03-04T10:16,4,70.52,Card,Cancelled
2b8bc700-c296-4e5e-aa71-c06f5fa9b616,77ca464a-fe0d-4dcc-8f08-3eb2f7b64f76,2025-09-20T10:16,7,161.70,Cash,Pending
efc6c204-5ccd-402b-90f7-1f72a55c2a3a,0d463f72-c3a1-4a2b-8d0d-1721a0d1a06b,2024-06-08T10:16,3,83.94,Online,Completed
3a6fa0ec-d48a-4257-8570-79631ed14f0a,f0a6a958-e434-41bf-a830-dffa55a34db5,2025-04-29T10:16,5,131.10,Online,Pending
4b280e4f-d14c-41e0-819e-e0084dfb66d4,964d337f-acd5-4ca2-8843-9be3f2eb60fc,2024-08-26T10:16,4,81.88,Cash,Cancelled
8ed21259-54d5-46cf-9b4e-93c89761d0e6,0d463f72-c3a1-4a2b-8d0d-1721a0d1a06b,2024-06-30T10:16,7,151.69,Cash,Cancelled
6bd8d813-6c00-43c8-958e-ea4f335c87f5,60cd80b6-3967-4dae-b4df-adc7b5644971,2025-07-08T10:16,8,210.88,Cash,Cancelled
54d9cb10-e782-445d-821f-1f02007d6a51,6b1178fc-1745-401d-88da-3903c243ebe9,2025-10-29T10:16,9,103.23,Cash,Cancelled
362f6d53-114b-4243-ad53-140616947009,52f5634d-de98-4543-8a1e-cbf1e2d0242f,2024-05-05T10:16,7,45.50,Online,Pending
55b4257b-d36c-4748-8833-3aa82d6368f0,fbe227d7-6d32-4407-9783-7fdac983e55f,2025-09-21T10:16,8,61.28,Online,Cancelled
99d251f2-8001-4b6e-9061-437f83c3cb1b,7c991f43-c18b-4404-8826-97691b0dc00c,2025-11-07T10:16,1,25.44,Card,Pending
c4cf4d10-60ef-405b-9d4a-4034f22a23ec,726d71e2-70fd-4416-8568-78619c14a73a,2023-12-24T10:16,5,112.75,Cash,Cancelled
6321d2bf-4cbc-4e2e-880f-af7e72047b81,caca465c-e9f2-4add-91b5-24c70595e321,2024-02-25T10:16,7,47.46,Card,Cancelled
f30680a7-1a96-42c4-9035-0dc338d478b9,11526850-7335-463f-b740-a52a90457c3b,2024-08-27T10:16,2,49.02,Cash,Cancelled
2fa01927-0b2e-415e-aa2c-f5a2e38639ca,1233cc27-7567-48e0-8dd2-6b0019506c2f,2025-01-02T10:16,1,21.97,Online,Cancelled
9e531d2e-ae9e-4da6-92d2-608d9ac72054,f6c35464-33dd-44a7-bf84-071f2e427045,2024-08-03T10:16,1,7.54,Online,Cancelled
c58a1d3d-b799-4d54-94aa-3c567eedf1a4,1233cc27-7567-48e0-8dd2-6b0019506c2f,2024-05-01T10:16,2,29.64,Cash,Cancelled
040643ae-c29d-42bf-a169-0311febc47ea,5f0f3def-9ff6-4282-ad04-001c4a769966,2024-12-18T10:16,8,116.64,Card,Cancelled
d8665e86-c8ce-432c-bde5-f5636f0508a7,fdb5454e-2230-489e-ade4-9218ff28cbd8,2025-01-24T10:16,5,52.20,Online,Cancelled
d57c2c95-a263-453c-9695-e57be1d54ff2,e886c155-0dae-4b36-88f5-a86fa474d1f6,2025-07-21T10:16,3,59.85,Cash,Cancelled
e350f260-a9b2-45c3-ab06-afc24ce1dd6b,3dcaabe3-78c9-4d88-bed5-56ca7ceea07c,2024-03-11T10:16,5,106.65,Card,Pending
3928e171-27be-4c76-9b39-ee4e4e65ba82,1eeb9c5f-5b7a-47af-b4f1-5a50d9d1089c,2024-05-12T10:16,7,192.85,Online,Completed
788b363b-7271-4666-a0b2-ef9a63aa1d39,4e6807ca-aed8-4ec9-b1b0-0e3aba57efb1,2024-11-11T10:16,4,20.24,Online,Completed
f83d165c-68a3-4c95-9d49-8d619082fcc0,49af098b-bf79-4643-8e49-739ea932d38b,2024-11-17T10:16,4,25.72,Cash,Cancelled
699495f3-a6ae-487c-b1ba-f68acbd648a9,00d7ae70-0f46-4453-963c-4ab2a3d29314,2024-11-12T10:16,6,78.18,Card,Completed
268490d7-e2b1-4551-b7de-3e12851f7b6f,ebe19120-496a-47fa-87eb-2440212a3363,2024-05-25T10:16,5,144.00,Cash,Cancelled
054db233-0476-46d3-9fbf-71d64d32a1ee,d5eaf6a7-76cc-48ec-98d9-ba713e2df70f,2025-06-01T10:16,2,10.66,Card,Pending
0b10d584-b9b6-4541-8fd4-8439b71d63f3,23650eb4-f98d-45a3-a90b-a378f03d469d,2024-04-30T10:16,9,257.40,Online,Completed
7d286dc5-f8e5-4acd-afbb-4638a886746f,80537cf2-360f-4740-8b7e-d4cd56e22987,2025-04-02T10:16,7,142.31,Online,Cancelled
c960b757-f586-42d8-98fd-eb5cfa07065f,935ebde1-5945-4673-886e-1a7a12cc2d4e,2024-05-11T10:16,1,24.57,Cash,Completed
ff4bf800-fcad-42d8-a0ea-6562e6dd791a,09ba4183-1b94-4f8c-bc5f-eca421a88524,2023-12-18T10:16,8,77.04,Online,Pending
fde40f47-6cb7-4e52-88db-43fe1917f0a0,6c6a3b10-9747-4dca-a041-4edc22d147b0,2024-02-05T10:16,4,112.36,Card,Completed
34b01732-b689-4c89-9f39-b3aae5975786,fe624323-ba72-456d-9842-ed9e0edc75df,2025-05-16T10:16,9,108.63,Cash,Cancelled
f309f9ca-5039-47a7-aea5-87312d5e5b9d,983d66ae-c8b0-46b8-8abc-26a1055cf729,2024-05-10T10:16,6,120.12,Online,Pending
a4b0dd29-1b12-497f-a2ed-b57174547f54,485b65e7-fdf4-474d-afba-37986d8d3cd8,2025-10-06T10:16,9,92.88,Card,Cancelled
be6c84b5-6a0b-4477-98ff-f83073b394b7,4739f27f-7a96-4d52-83ae-0c6fd4c8c606,2024-10-13T10:16,8,54.00,Card,Pending
aeb85c28-908c-4508-8335-a92a5f07b886,21edfc22-3f73-4335-a774-3cf78ab65e86,2024-11-17T10:16,7,95.41,Cash,Cancelled
c509b033-daa6-434c-8a82-845232e85427,f6c35464-33dd-44a7-bf84-071f2e427045,2025-04-15T10:16,6,129.90,Online,Pending
8573a87a-7aa6-487c-b445-0ee58a495fca,62a2bfef-ca4a-4dec-90ea-bf15ea1880d2,2025-01-21T10:16,9,133.47,Cash,Cancelled
02616dda-1d4a-4a1d-80e1-02bcb7aed3a6,68169a66-a8d4-4763-914e-7befc826445b,2025-09-19T10:16,6,54.48,Online,Cancelled
1ae54521-dc45-45ac-81fa-b7d2bc27bfd4,485b65e7-fdf4-474d-afba-37986d8d3cd8,2025-05-27T10:16,5,48.05,Online,Cancelled
c0e7c3b2-1c4a-400b-ab12-90c807081211,6117b6f0-c4f4-4bf1-9eeb-f33950decba8,2025-09-20T10:16,5,85.55,Cash,Cancelled
e2bbb1a7-3953-435f-8a86-b8b66fbbb411,b04ce307-2d1f-4214-b023-d8f4379041a1,2024-12-08T10:16,9,104.85,Online,Pending
0e0ce527-e6b6-4859-8fde-119d587ebfcd,52fbb114-83aa-432d-b2f1-f3e37a5c4754,2024-07-21T10:16,2,34.14,Online,Completed
c7bf76b4-6b3a-4b36-ab26-6a1f68db6a76,ada8704c-2784-4d70-84da-10078407d2c8,2024-09-28T10:16,1,21.72,Online,Pending
ec9ec392-ba37-41c8-97a1-357a26ef4f28,058b9c75-b72f-4594-80d2-e41194ff7672,2025-02-03T10:16,5,108.05,Cash,Pending
fdf59675-e351-4c56-8416-d043f6ab0be1,93cdeef1-3fc3-4a63-a275-0ae87ae6b335,2024-03-25T10:16,5,44.20,Cash,Cancelled
da8d1b83-5e59-4eff-b7af-973a56cbece1,6aaabc79-3d35-410f-bb96-f86a3930d0ff,2025-06-16T10:16,5,104.60,Card,Pending
eee513a3-e25b-448c-96bc-53c9fe7f2e84,ec3490d2-e8da-47ee-ae12-0ca0b1d7a2bb,2025-03-09T10:16,2,35.80,Cash,Cancelled
b0885779-74b0-44ca-a023-49b04757c4b4,6c6a3b10-9747-4dca-a041-4edc22d147b0,2024-02-28T10:16,5,108.65,Online,Cancelled
fa4021da-c910-479c-886b-156928a7b341,d6d4ef4b-0870-48aa-b884-013237f255f4,2024-10-02T10:16,9,262.80,Online,Pending
721a6b5d-95e8-4dce-b581-dc10c1b4ddb4,1eeb9c5f-5b7a-47af-b4f1-5a50d9d1089c,2025-01-08T10:16,4,87.32,Online,Completed
0d3f7b6d-dc4f-4f96-92d6-5e32e32a1b3c,52c87fd9-fdf0-4256-b929-6153ad24a0ac,2024-09-11T10:16,2,20.38,Card,Pending
245d414d-ed5b-4c40-92e1-486b8a6756e3,1407e9cf-22c9-4137-a2fe-cc12dc038235,2024-01-11T10:16,7,114.73,Cash,Completed
4583cdee-1b97-4a28-b1b9-77575756d6cf,23650eb4-f98d-45a3-a90b-a378f03d469d,2025-05-28T10:16,3,39.78,Cash,Completed
40df3d16-6a32-4639-85d5-b48bbca40c0d,1a31c678-d420-495a-aff3-0f1609514e1e,2025-09-26T10:16,6,93.30,Cash,Pending
934e4542-7c75-4dee-bc17-425d6b152781,98b17fed-218c-4f20-8410-9f0edfc74455,2025-09-16T10:16,6,156.84,Online,Cancelled
1f158387-5dbb-4b38-a012-f3effe41aa3d,b90a3a7f-421e-47e5-8598-fe50f365a62e,2025-06-25T10:16,8,183.36,Online,Pending
e14e7554-9ba3-4caf-80fc-90eddebdfdfc,1d32c3b3-c732-4995-aa6b-ff159deb3bdf,2025-08-01T10:16,4,113.12,Cash,Pending
86e7b821-9a6b-429a-be6e-94d995acd49c,500fde18-ea61-4380-9ea4-f06d09985870,2024-10-12T10:16,5,57.05,Online,Pending
24b3e8c5-a8b0-490c-9830-0db33a3280a8,103fcba5-5588-45a5-9fe0-6ac948d3860e,2025-01-09T10:16,5,146.35,Card,Cancelled
4f79c77d-dd60-4394-b855-b373b00e58ed,71f17b36-2c37-4cfa-bf8a-894fa94c0e9b,2025-04-15T10:16,7,65.59,Online,Completed
bedc3e3e-2e84-4d93-ab1a-59f5a83ea8ce,953417c6-cd52-45e9-9ca0-bb450653c934,2024-03-25T10:16,9,126.90,Cash,Completed
ba14604e-96e9-4fdf-9c25-a1c5020ca528,d87f31d7-79ef-4c17-856e-142e791b04da,2024-07-08T10:16,4,35.72,Cash,Cancelled
0888ef0e-ea34-4c91-a638-a4b999a60835,46032f36-69bc-465a-9b33-a5d560bfd77a,2025-08-31T10:16,5,31.55,Card,Cancelled
ad79fb13-ba5e-407d-89ce-6a7d26294b22,3dcaabe3-78c9-4d88-bed5-56ca7ceea07c,2024-02-06T10:16,1,25.21,Online,Cancelled
afa95511-338f-4cbd-8358-26d914987a92,bc58b12c-65c4-4f21-89ef-3e492a22ef7c,2024-10-27T10:16,4,58.28,Card,Cancelled
55f28d67-494a-44e6-92ac-4371b2291899,52f5634d-de98-4543-8a1e-cbf1e2d0242f,2025-02-14T10:16,3,77.37,Card,Completed
e5e0385e-046e-467d-85e2-c93a2f372f45,0df3bae1-6384-4856-aa27-aef9f6c48b75,2024-09-19T10:16,8,66.08,Card,Cancelled
a8d81273-344d-462c-949f-a0711dd9c9cd,7d2df59f-386d-4aec-85a8-2443262a0cb4,2025-01-03T10:16,8,127.04,Card,Completed
e0e095c3-e9f6-48a6-908e-276afdf42977,9c53f3f8-5b22-4d77-bd76-cfa6c70e443c,2025-02-18T10:16,7,145.25,Card,Pending
49693c42-8ae2-4b48-9918-53f50e00ecfd,a938df5f-7764-459c-8bfd-90409d16b3c6,2024-09-22T10:16,4,35.64,Online,Cancelled
9d53cd61-3871-4a1f-994d-250161c0d905,f0a6a958-e434-41bf-a830-dffa55a34db5,2025-08-07T10:16,8,118.24,Card,Completed
4f431a7e-2c21-48e5-9a49-88f6ea10526f,89d26a00-0fde-4c03-8430-b06f6bc3f33a,2025-06-28T10:16,9,96.84,Online,Pending
bf1432b0-170b-4be4-b367-4972be3cfadd,d33bbfcd-a2ca-4e80-8a1c-65223f061e7e,2025-04-13T10:16,2,36.70,Online,Completed
d2d12692-9a58-47e2-a9d1-0afc9316ad35,caca465c-e9f2-4add-91b5-24c70595e321,2025-09-26T10:16,7,65.94,Cash,Pending
d394e2c9-b438-4aec-8362-5f342c8a789e,d3f641e5-b8b5-4f5f-9155-7768df2033e8,2025-09-30T10:16,9,223.20,Card,Completed
2d783884-ec5b-4e69-a8ca-d5dc8c6eaa7d,71f17b36-2c37-4cfa-bf8a-894fa94c0e9b,2024-08-28T10:16,7,88.48,Online,Cancelled
8bf31b06-ce18-43a1-8527-35632cedadd2,000f9c8f-2fc7-4346-844d-c04f10751265,2025-03-04T10:16,4,118.92,Online,Cancelled
d9795560-3497-4e79-83e4-dcf0087ce6c2,74e76582-f1b8-4560-b049-8aebb59d4721,2025-03-10T10:16,7,108.29,Online,Completed
82e741e8-923f-4574-859f-256fbaec9ba3,60cd80b6-3967-4dae-b4df-adc7b5644971,2024-09-03T10:16,7,149.73,Online,Completed
37cdeebc-fda4-4f10-b104-304bd41a9932,3910ab11-8758-4a4f-8a9b-c4f5df7413c4,2024-07-22T10:16,2,48.34,Card,Pending
87441fb8-5646-4703-8113-1fc5a044b9d7,e6e1db85-f8ba-4264-9c9a-520ecda4bc4c,2024-04-05T10:16,5,149.20,Card,Completed
fd7eb28a-37a0-4d9b-991f-59fbb6584d6e,5d6f84a5-a4de-442e-99b9-b8ef714b4436,2025-03-01T10:16,2,19.70,Card,Pending
5739fbd1-fa85-45ae-81c7-7acb101fa30c,953417c6-cd52-45e9-9ca0-bb450653c934,2025-06-22T10:16,7,99.40,Card,Pending
0db33179-6c32-4f83-a18d-a6a597b16e25,caca465c-e9f2-4add-91b5-24c70595e321,2024-04-23T10:16,4,100.60,Online,Cancelled
ca1ec02b-e0fc-4274-8e85-7f4d4882f706,05ccd8a5-ea5f-4353-bd1e-3022152b0685,2024-08-10T10:16,4,26.96,Card,Completed
ff1af1bc-9165-4edf-883d-69a3a447c633,d5eaf6a7-76cc-48ec-98d9-ba713e2df70f,2024-03-18T10:16,6,127.08,Cash,Cancelled
348517ad-2716-481f-946a-c5d6cef2c89e,8887df7e-682b-4d48-b18c-c1ddfa0aaa26,2025-11-09T10:16,3,42.78,Card,Completed
06e6b45a-c56d-4b68-bef5-6bc694f76e48,6c3bf618-a715-40f9-9faa-cfc5f5beef2f,2024-07-03T10:16,5,93.35,Card,Completed
6ae58e62-8b57-411b-9d14-248f66d19adb,ff4db0d8-e809-46e8-9ae0-78ffee4902d9,2024-02-21T10:16,7,141.96,Online,Pending
32887944-14a3-4d7f-84d3-b5c5658d1821,3befa4dc-d961-4a3a-9410-d43d1bdaa335,2024-10-06T10:16,8,126.80,Card,Cancelled
c9e14f29-5063-42c3-8187-7ec598907aa5,0b2a0e9a-e050-4380-b607-57adcbbf59d4,2025-08-19T10:16,4,112.52,Online,Pending
ba1947d0-fc94-449b-90d9-505414153edd,7d2df59f-386d-4aec-85a8-2443262a0cb4,2023-12-17T10:16,8,55.84,Cash,Pending
fa2dc3db-f2f2-46db-9df4-465514e5a805,1eeb9c5f-5b7a-47af-b4f1-5a50d9d1089c,2023-12-15T10:16,2,32.82,Online,Cancelled
ca624b20-657f-44fa-855f-d882fa7057ac,fbe227d7-6d32-4407-9783-7fdac983e55f,2025-09-19T10:16,8,130.64,Card,Cancelled
56acccf6-7964-4721-bcdd-da3a3850b5c8,953417c6-cd52-45e9-9ca0-bb450653c934,2025-01-13T10:16,2,13.58,Card,Pending
c4610612-4b0d-4ac4-bbf0-67d1a7855daa,401a6911-a31e-4892-adc1-56e3e1eb090a,2025-03-05T10:16,8,100.88,Online,Completed
3de83112-ffa2-40af-8bd8-ae5fc53a834b,000f9c8f-2fc7-4346-844d-c04f10751265,2024-12-22T10:16,7,174.93,Cash,Completed
5c2955c8-3af6-43e6-9830-20da8ec4a920,485b65e7-fdf4-474d-afba-37986d8d3cd8,2024-12-27T10:16,8,42.24,Card,Cancelled
7b9ad2f5-39dc-4aae-a54b-7a6767b526b8,4bb2d776-14c0-4ef6-b8ba-c580cbed72b8,2025-02-22T10:16,3,61.23,Online,Cancelled
b8a3f577-5f9d-4702-81d1-8d9fb9050236,0e0d5f13-edd5-4ab0-9ddd-3df111bedc5a,2024-12-14T10:16,2,50.30,Card,Pending
2a4a12ad-4dd6-4fb1-8518-d5ef37cb1b20,050d9901-1cb5-413a-9c31-282028f863c1,2024-03-25T10:16,8,215.28,Online,Pending
cf6928c6-0bd9-4240-a289-f422113b533e,726d71e2-70fd-4416-8568-78619c14a73a,2023-12-11T10:16,2,15.56,Cash,Cancelled
54a47249-4fb5-4755-b825-dae2365e2e74,d5cfb1a3-ce2f-4aff-ab4c-50e0c5426af1,2025-04-01T10:16,8,105.12,Online,Pending
e09422e0-807a-4aec-a9bc-17e7a5a743c3,1407e9cf-22c9-4137-a2fe-cc12dc038235,2025-03-04T10:16,8,182.96,Cash,Pending
c2dc441c-cdab-471d-8aad-9d7b79ecac85,80537cf2-360f-4740-8b7e-d4cd56e22987,2024-12-01T10:16,3,71.07,Cash,Cancelled
81bec7ae-8257-444e-815d-7fd39ae0f6af,6bd388d4-5636-450b-bacd-55bdcb769bab,2024-10-13T10:16,6,79.14,Cash,Cancelled
98228bb5-b40c-4eff-8fa3-35c27b787a00,ef7fad1f-a86f-4ee1-95b4-ce1f339f0fa5,2025-01-13T10:16,9,45.09,Online,Completed
148da470-e8d2-4806-9792-2895257aa798,e886c155-0dae-4b36-88f5-a86fa474d1f6,2024-08-18T10:16,2,45.72,Card,Pending
687d5202-23a0-45fd-b8bd-f506a3792816,0df3bae1-6384-4856-aa27-aef9f6c48b75,2024-12-25T10:16,5,93.80,Cash,Pending
caa30261-fd28-46d9-bf15-7929e74d52ac,39cb44e2-a541-4b98-bc0b-db5f31cf8710,2025-08-26T10:16,9,150.66,Card,Completed
867f4e61-8f44-438a-a49a-8f14e6b1d637,1407e9cf-22c9-4137-a2fe-cc12dc038235,2023-12-20T10:16,2,19.72,Online,Completed
13869f1b-0e6c-4252-90af-40ea1e8f5e60,8b115a34-224b-453c-be69-b53a7445b466,2024-10-09T10:16,3,55.35,Card,Cancelled
f4a9c51e-72a8-466e-98b8-4b98c139581a,6e6d2c67-f7fb-4a98-8f9a-4822259b25c4,2025-10-20T10:16,7,37.87,Online,Cancelled
83605642-b612-42d6-a332-1333b3e2d827,9305d562-2505-493d-8ed8-3fb721c8f491,2025-05-23T10:16,5,49.80,Cash,Completed
3b732641-495a-41d4-b71b-2275392dddd6,6aaabc79-3d35-410f-bb96-f86a3930d0ff,2024-09-15T10:16,6,141.84,Cash,Pending
1fae313e-ba8f-430f-aeec-e1a78241ee77,4e44f26d-5455-405b-8fdb-63ab8b739ecf,2023-12-31T10:16,9,77.67,Online,Completed
3bc9ccd6-c88b-4e08-92e0-bf2e5692fb20,d5eaf6a7-76cc-48ec-98d9-ba713e2df70f,2024-02-19T10:16,4,41.48,Card,Cancelled
0de57eee-898f-440f-8b4e-79c0bf3a9dd8,4bb2d776-14c0-4ef6-b8ba-c580cbed72b8,2025-10-22T10:16,3,89.76,Online,Cancelled
70838594-87d9-49de-98f9-f5500f11c0c5,05ccd8a5-ea5f-4353-bd1e-3022152b0685,2025-07-05T10:16,4,60.56,Cash,Completed
adea5c4c-a5af-4f18-8d05-75f9e8baa6eb,983d66ae-c8b0-46b8-8abc-26a1055cf729,2025-08-07T10:16,7,161.77,Card,Cancelled
8cd0b2b3-256b-4d8b-8497-acf52123c6c8,d5eaf6a7-76cc-48ec-98d9-ba713e2df70f,2024-05-17T10:16,1,25.85,Card,Completed
ca2cb8a4-db9a-4bcc-8446-384a615d412c,63846b60-b7be-4087-ac6e-56c9bc130a20,2025-04-25T10:16,7,166.46,Online,Completed
14f413e2-410f-411b-a9a4-8d380afec5b5,4e44f26d-5455-405b-8fdb-63ab8b739ecf,2025-11-01T10:16,6,154.62,Card,Pending
3acbdcda-a36c-4c7b-b867-f0ae2196584f,726d71e2-70fd-4416-8568-78619c14a73a,2024-02-07T10:16,2,39.36,Card,Pending
fe6ec857-980c-4cd3-a3af-ea16fee2eae4,06e585f0-5b60-4900-81d1-3379328e6c17,2025-07-21T10:16,9,235.71,Cash,Cancelled
958cff33-f3c0-4867-a15e-91f5bd6a1a1e,9c53f3f8-5b22-4d77-bd76-cfa6c70e443c,2025-09-03T10:16,6,87.66,Card,Cancelled
4416663d-135c-4130-8854-53505448089d,f3826f04-0dfa-4266-8002-58fede0093f5,2025-08-03T10:16,1,16.62,Card,Pending
72b96331-7876-4b20-a2d2-f943e4b57578,2c6dafc9-06cc-4b3d-8b8d-12aae0644c58,2023-12-05T10:16,9,130.68,Card,Completed
48f7aed5-013c-46c3-aee6-fcfcfd359833,c5817fdc-a4dc-4879-b957-30cfda62016b,2024-06-23T10:16,9,249.12,Card,Completed
14982645-77b3-4823-b385-8a81fa3c8497,21edfc22-3f73-4335-a774-3cf78ab65e86,2025-03-12T10:16,3,78.39,Cash,Completed
f8097644-002a-40be-a4b7-ce0d4d3666a5,6bd388d4-5636-450b-bacd-55bdcb769bab,2025-01-05T10:16,2,59.54,Online,Completed
ba3c64cc-43c4-42b6-8a83-9172fbc62bda,6e6d2c67-f7fb-4a98-8f9a-4822259b25c4,2025-08-14T10:16,6,166.38,Online,Completed
c3e8a442-3551-449d-b0b8-6958eb795403,f6c35464-33dd-44a7-bf84-071f2e427045,2024-06-28T10:16,7,192.78,Online,Cancelled
843191b9-f2d9-4c82-b97d-aef64e531834,0e0d5f13-edd5-4ab0-9ddd-3df111bedc5a,2024-08-07T10:16,7,152.60,Cash,Pending
95d03fa8-2460-42d9-a189-c78c29ac882d,824998a2-7592-4051-ab0b-d5e12743c93b,2025-06-02T10:16,5,78.65,Card,Pending
b068dcef-bd65-44de-9fe6-2a57f38ce508,9b9edd1e-b4f7-414c-b8b5-a3dc51fa0a8c,2024-11-19T10:16,7,138.95,Online,Pending
cf394a13-bde7-4dad-8b10-a4d98f02f945,7c991f43-c18b-4404-8826-97691b0dc00c,2024-09-05T10:16,9,231.03,Cash,Completed
2bdd8aae-bb64-4feb-9f39-0953b2d8c092,53db1213-7316-47bb-9099-c1def0e3c96b,2024-12-05T10:16,2,46.28,Cash,Pending
80a696db-301e-4988-ae9d-619f8b1b2cb5,7169ef0c-f2c8-4ae3-83f6-87691664d2d2,2025-09-27T10:16,7,159.95,Card,Cancelled
a5fea8c7-a7a4-44d6-90dc-f0c2ec157a3a,8b115a34-224b-453c-be69-b53a7445b466,2024-09-27T10:16,1,21.26,Online,Completed
d615f605-af43-44d3-a02c-e0442e6d44d2,c1a09d60-c9e8-4489-a68e-e01b51541d33,2025-10-07T10:16,4,101.92,Cash,Pending
46071e5b-77e1-4345-81c2-ce0a1a942b09,c1a09d60-c9e8-4489-a68e-e01b51541d33,2025-10-25T10:16,7,122.64,Online,Pending
4d367ac9-8ee0-4185-b79d-8067c6b69fee,983d66ae-c8b0-46b8-8abc-26a1055cf729,2024-10-28T10:16,3,15.30,Cash,Pending
c09832e9-5471-4c53-8013-ad6e1bd12062,7169ef0c-f2c8-4ae3-83f6-87691664d2d2,2023-12-09T10:16,7,133.00,Cash,Cancelled
f389cba2-4dc2-4cb2-aae1-2b3e1cce0fdf,4b14a58c-f1e4-40b6-888d-a88cd7055099,2025-07-04T10:16,4,30.08,Cash,Cancelled
8677b221-1515-42e7-818f-c1b9f5f36257,1233cc27-7567-48e0-8dd2-6b0019506c2f,2024-02-10T10:16,5,47.20,Cash,Completed
bf6ab0a6-7e0f-423c-a3e4-51f637099b5c,80537cf2-360f-4740-8b7e-d4cd56e22987,2025-08-25T10:16,7,150.50,Online,Pending
8a72ac06-9da2-4c0c-b0c9-7bc48c45f3aa,4f6ae324-5b6d-47d6-a86d-26ec6fbe1e0e,2025-11-02T10:16,1,10.66,Online,Cancelled
46b85963-1b4f-4a7d-a78d-6006bef06554,5eb75bc0-d5fa-4209-9d42-7767f3f0585b,2025-11-08T10:16,2,49.86,Online,Cancelled
87ccb4b6-e5de-44e9-bd64-ab7ee140df6b,f0a6a958-e434-41bf-a830-dffa55a34db5,2025-09-03T10:16,8,206.40,Online,Completed
9707973e-96e8-487b-840f-1da15eb00909,935ebde1-5945-4673-886e-1a7a12cc2d4e,2025-06-24T10:16,7,38.08,Cash,Completed
325586e1-fdf4-4291-b45c-02a0603f5109,428424b7-1f94-496a-8b7a-497ce177d32c,2025-07-10T10:16,6,66.72,Online,Pending
75fd6fc6-0134-49f2-84a3-c6dc43211e09,3e97fc93-73a7-45e0-9888-f7a03ee258a7,2024-05-27T10:16,1,18.26,Online,Pending
6ffc3b93-7285-4a87-9779-9cd1c531c580,68169a66-a8d4-4763-914e-7befc826445b,2024-06-02T10:16,1,20.27,Card,Pending
ad22438b-e893-4e0c-b74b-b105507be294,e6cb1215-5314-4d05-bfd1-f6e5d36e89f7,2024-12-17T10:16,1,26.88,Cash,Pending
f82a74cc-d142-4fbc-8541-b8e4406c710d,39cb44e2-a541-4b98-bc0b-db5f31cf8710,2024-11-13T10:16,9,98.37,Cash,Cancelled
c30e50d2-c89a-48cf-a236-f096d3e1c2d7,69446e90-4237-4410-ab55-e011eb04cce0,2024-10-08T10:16,2,19.78,Cash,Pending
97e4b208-7b7f-4c78-9a81-2435320964a0,80537cf2-360f-4740-8b7e-d4cd56e22987,2025-10-04T10:16,3,36.54,Online,Cancelled
64691ca4-929d-4f8c-b20b-0b22be714662,5eb75bc0-d5fa-4209-9d42-7767f3f0585b,2025-10-20T10:16,6,62.76,Cash,Completed
a9a033ab-5dbd-4ac2-be04-a7af6fc0b292,7a2e5fa5-096b-4701-8ce6-7a3db39bf8eb,2024-04-10T10:16,2,56.74,Card,Completed
557a11cd-5174-415b-a9d9-64fa05030f4b,25659c0e-6eb5-4c57-add8-fb6ac5f42699,2024-09-20T10:16,8,47.60,Card,Pending
61e37374-21b8-413f-b5ed-b41fd3e5ddb2,c0d74d86-5c5b-481d-b8e3-61eeb9c77255,2024-04-26T10:16,3,33.12,Online,Completed
1f2f67fa-6735-4bfe-9206-814e658a9bdc,e6e1db85-f8ba-4264-9c9a-520ecda4bc4c,2025-05-21T10:16,5,108.95,Online,Completed
821d4ab5-7d46-4ee4-8d0c-1fee4f826895,6e551d53-4f6d-4b84-a9de-3d7c79694805,2024-05-04T10:16,7,78.19,Card,Cancelled
11904545-d273-4aca-8154-79d2bda7131e,27e45431-1333-4ffd-a0c8-be56ffdc5d4e,2024-05-12T10:16,3,60.09,Card,Completed
6109f9db-aac4-433d-8fd8-e9168b2340b5,e886c155-0dae-4b36-88f5-a86fa474d1f6,2024-06-28T10:16,6,59.70,Cash,Cancelled
ffa925e0-7e59-4e6b-b64b-24f5744d7652,6945f6f4-b8f9-4d04-90ff-e59ed705578e,2024-04-27T10:16,3,65.70,Cash,Pending
dad57b64-87b7-43cd-8d04-19435a32960b,3e97fc93-73a7-45e0-9888-f7a03ee258a7,2024-02-19T10:16,1,17.80,Cash,Cancelled
c4aa28e1-e44d-42f9-a0ba-44f52125c047,c9dcc28a-ae5f-477c-ae7e-72d94129f449,2023-11-21T10:16,9,87.30,Online,Cancelled
4f1791c4-9b35-4ffb-aa52-4ba6c46d8d0e,6c6a3b10-9747-4dca-a041-4edc22d147b0,2024-11-02T10:16,1,27.17,Cash,Pending
a61c8247-1a35-4036-9b8c-c8d5c5854f7c,964d337f-acd5-4ca2-8843-9be3f2eb60fc,2025-01-11T10:16,3,51.57,Online,Pending
bc6aade1-c26b-4134-923d-eade0fba2eec,3910ab11-8758-4a4f-8a9b-c4f5df7413c4,2024-10-25T10:16,9,137.70,Card,Pending
e85e26de-6c28-42ca-a967-86dafd069823,c0d74d86-5c5b-481d-b8e3-61eeb9c77255,2025-05-07T10:16,9,142.02,Online,Completed
c68f934c-39bd-40d9-b4aa-ef1c1464b611,2a109685-1399-4149-8951-fba29bb0360d,2025-02-01T10:16,8,130.16,Card,Pending
03361963-8bd9-4ebd-932f-7b60b30ae2ac,5f0f3def-9ff6-4282-ad04-001c4a769966,2023-12-23T10:16,2,54.10,Cash,Pending
f121b906-8e24-4e45-8469-23d5df06b9ab,c1a09d60-c9e8-4489-a68e-e01b51541d33,2024-11-18T10:16,9,67.77,Card,Completed
43f2bca8-5b70-43a6-8a24-9fd185729248,c46351bf-193f-49af-a5d6-456188837c3d,2024-04-18T10:16,9,148.32,Card,Completed
0291a8a9-930a-4d71-8f8c-2fb352889256,7a18d550-38d0-40b2-84a7-547162e7e409,2024-10-20T10:16,2,50.86,Cash,Completed
2b0d8fa1-d355-4e1c-a99e-1c0e963ff707,3910ab11-8758-4a4f-8a9b-c4f5df7413c4,2024-04-08T10:16,8,135.36,Card,Pending
c0599770-e307-43b7-b479-c6e55f335926,cf65c4b6-4c1c-420b-95de-23e5b56ffad5,2024-03-25T10:16,7,73.50,Cash,Pending
b0b4ab09-f50d-4c8a-b3b2-d229713e8ac9,36b880b0-e9bd-4c0b-8f1c-32018f6c758a,2024-01-20T10:16,3,15.69,Cash,Cancelled
c16608c9-3bad-4c35-ace0-71a6a4f7dcbd,0130fcd4-a6cf-4a72-8400-7bcae1abce34,2023-12-15T10:16,1,13.26,Cash,Pending
0f582b91-6f81-4108-839f-3775e563d2cd,e7991221-0de0-4ef8-aa9c-ca3b59197059,2025-01-09T10:16,1,28.38,Cash,Pending
9f9e47b0-e06e-40d1-a730-da8fbf5fb20d,0a15d43b-8f6b-444a-bef2-ffbddfdbd16f,2024-09-08T10:16,2,55.06,Online,Completed
b1c7c852-fd26-4f38-a4eb-d7a3ed44259a,6e6d2c67-f7fb-4a98-8f9a-4822259b25c4,2024-06-22T10:16,3,82.71,Online,Cancelled
6c7c6d1e-1c3f-485c-8f6f-222afc2d75db,63846b60-b7be-4087-ac6e-56c9bc130a20,2025-07-01T10:16,1,21.04,Card,Completed
29befb25-aca3-44a7-a76e-f6c11f8b3570,aac35608-9499-49c5-811a-a059e773c968,2023-12-19T10:16,4,115.00,Online,Completed
330b6c01-9ae7-4394-8359-e432cd59b8a4,8e1bbe6c-7b75-46dc-8ca1-0b1664cd6ae4,2025-10-30T10:16,7,84.84,Online,Cancelled
20eb7e2c-26da-492e-b171-b76ef93763c2,74e76582-f1b8-4560-b049-8aebb59d4721,2025-03-02T10:16,4,55.88,Cash,Pending
1ceeed20-2fb6-445f-b530-28e6cee2a171,4bb2d776-14c0-4ef6-b8ba-c580cbed72b8,2025-08-18T10:16,2,48.06,Online,Cancelled
e5ee2538-7629-41e5-a591-c9a851e3b78e,7a2e5fa5-096b-4701-8ce6-7a3db39bf8eb,2024-04-25T10:16,8,226.72,Cash,Cancelled
03a77837-49a4-49d8-b554-f68c815dca95,89d26a00-0fde-4c03-8430-b06f6bc3f33a,2025-04-22T10:16,1,17.88,Card,Completed
dfba8937-c433-4094-a342-f1077fa692ad,52fbb114-83aa-432d-b2f1-f3e37a5c4754,2024-08-21T10:16,4,27.88,Online,Cancelled
d8a4fbdf-d722-4a9f-914b-f8930f235d58,4b14a58c-f1e4-40b6-888d-a88cd7055099,2023-11-20T10:16,8,104.80,Online,Cancelled
2b99e532-c496-4b6e-895c-0d46e160e269,62a2bfef-ca4a-4dec-90ea-bf15ea1880d2,2024-12-12T10:16,4,37.60,Cash,Pending
07956388-a7c7-4eae-910e-d0c38b024815,c5817fdc-a4dc-4879-b957-30cfda62016b,2025-08-10T10:16,2,45.80,Cash,Pending
8939cc9b-5c05-44a4-b505-7375d579ed81,b0d737cd-ec4b-4a88-aa81-d012ef3fb719,2025-01-15T10:16,2,32.48,Cash,Cancelled
ec3918f6-6df0-4b72-9502-2a0c5a71bf1d,c83bba2f-5229-4998-9566-1f3179b13e8a,2025-04-25T10:16,2,41.78,Card,Cancelled
1df988a5-ad6c-4ef1-9949-7a6394e933e3,7a2e5fa5-096b-4701-8ce6-7a3db39bf8eb,2024-07-28T10:16,8,226.16,Cash,Cancelled
44dc652a-3867-4cbc-ab23-a11d75339414,953417c6-cd52-45e9-9ca0-bb450653c934,2025-01-23T10:16,5,143.20,Online,Completed
51384de2-68c1-47cd-9436-9be933043949,e6e1db85-f8ba-4264-9c9a-520ecda4bc4c,2024-08-02T10:16,7,64.12,Card,Completed
48c26274-f299-467f-a426-4e95e7947765,e12c3d24-86c8-474f-b86b-370df36adbfe,2025-10-07T10:16,8,69.12,Card,Completed
6d5d4d21-36b3-4896-90dc-332ba5e78c1f,f3826f04-0dfa-4266-8002-58fede0093f5,2024-11-19T10:16,6,83.28,Card,Completed
8cddc31c-b992-4749-894b-c0b0471d0f88,bb6ceda0-3f7a-4dfa-9862-41a88dd468b2,2024-11-10T10:16,2,58.20,Cash,Completed
356108be-d390-4e59-ae13-b30e23280779,6bd388d4-5636-450b-bacd-55bdcb769bab,2024-07-09T10:16,1,14.33,Online,Pending
4ee47f20-e9f0-4c66-9491-5a37df3d9e8a,1d32c3b3-c732-4995-aa6b-ff159deb3bdf,2024-09-25T10:16,3,38.91,Card,Pending
f7f9f176-5b61-440e-95a7-4c26b68f11c7,fe624323-ba72-456d-9842-ed9e0edc75df,2024-08-04T10:16,5,86.45,Cash,Cancelled
65962a11-bc00-4761-855f-989b57468027,11526850-7335-463f-b740-a52a90457c3b,2024-09-22T10:16,7,141.54,Cash,Completed
d3b93468-27a5-493d-a52b-ba60124c6a1d,b3688304-b24b-416a-9bf4-c2b6aaeb59d3,2024-04-18T10:16,4,105.12,Card,Completed
7b383c53-38fb-46d6-940e-8dc0d7483aca,d7af10ce-45c9-4fc8-8dd8-b1c5491aad5f,2023-12-19T10:16,7,162.61,Cash,Cancelled
daaf41f2-f0f6-41c5-9d6f-9f79abb33ae0,2c6dafc9-06cc-4b3d-8b8d-12aae0644c58,2024-12-09T10:16,3,81.72,Online,Cancelled
60bd2be7-48f1-48a6-a0d2-fd1c96e0ce9d,46032f36-69bc-465a-9b33-a5d560bfd77a,2024-11-10T10:16,5,60.70,Card,Pending
d9e0ba95-a536-48de-89b5-dae70b33f939,bf0de251-90d7-423c-8b31-48df1a89964f,2025-04-19T10:16,4,106.24,Cash,Pending
315938ab-bb4c-4fdb-a9a8-280c3438268e,bc58b12c-65c4-4f21-89ef-3e492a22ef7c,2024-10-15T10:16,4,108.28,Card,Pending
2599dfe9-51df-411a-af65-319f5d940c76,f3826f04-0dfa-4266-8002-58fede0093f5,2023-12-11T10:16,6,36.00,Online,Cancelled
daa84c28-39d1-4c97-9196-2d3ed614246f,c1a09d60-c9e8-4489-a68e-e01b51541d33,2025-04-02T10:16,7,81.55,Cash,Completed
fa1a6fd1-c99c-4d0d-80d7-a2526fe2f173,27e45431-1333-4ffd-a0c8-be56ffdc5d4e,2025-08-18T10:16,6,33.78,Online,Completed
09694b90-9377-4b7a-a80b-f7e0283185c6,0b2a0e9a-e050-4380-b607-57adcbbf59d4,2024-12-28T10:16,2,18.02,Online,Cancelled
53f327c9-d361-4627-b132-6cae3ecb8310,7c991f43-c18b-4404-8826-97691b0dc00c,2025-05-23T10:16,7,94.43,Cash,Cancelled
afc976c5-489e-457f-8c88-eb018aade6b5,9305d562-2505-493d-8ed8-3fb721c8f491,2024-03-19T10:16,7,45.08,Card,Completed
66c5c260-1e86-4eec-bd80-3cc125e2a42c,3ab3404a-ee80-4ed2-8d90-a6f0dad14e48,2025-02-20T10:16,7,163.87,Cash,Cancelled
119ab1c2-23bf-47fa-a6f5-050c3666e70a,74e76582-f1b8-4560-b049-8aebb59d4721,2023-11-16T10:16,3,31.32,Cash,Cancelled
f765a0a6-4375-40a9-83a6-68abf7ba10ab,0130fcd4-a6cf-4a72-8400-7bcae1abce34,2024-09-25T10:16,4,102.92,Cash,Cancelled
31316e6d-4e7a-4c0f-bcc2-dc01a1c04be1,d87f31d7-79ef-4c17-856e-142e791b04da,2025-01-23T10:16,4,83.56,Cash,Cancelled
31ce3d22-dc73-4a8e-abe7-fcb612169c44,fbe227d7-6d32-4407-9783-7fdac983e55f,2024-09-12T10:16,2,34.08,Online,Completed
26943dba-4213-46cb-b58f-3b829d26f462,bb9edfa8-17f7-4f6f-8e3b-616693a298b1,2025-04-30T10:16,7,161.35,Card,Cancelled
d875b86c-7aca-4c78-81a1-043faba916fd,7a18d550-38d0-40b2-84a7-547162e7e409,2024-10-31T10:16,7,155.33,Online,Completed
42706034-b11f-46ee-9284-167ffd015789,6f61ca8e-51a1-48e0-abfa-88326e713e34,2025-10-28T10:16,5,37.00,Cash,Completed
511b481a-c1e0-49ee-a651-26c35f7a2a0f,6e6d2c67-f7fb-4a98-8f9a-4822259b25c4,2025-08-20T10:16,6,65.94,Cash,Completed
dea6e067-7b0b-4847-accf-18230d590b82,485b65e7-fdf4-474d-afba-37986d8d3cd8,2025-09-14T10:16,1,25.36,Online,Cancelled
851c8200-27b2-438a-94bb-19ad4a274aa4,0472ca7f-b133-4710-8f43-24a3c6c1afd1,2025-08-13T10:16,8,128.40,Cash,Pending
61f3c8e0-d0bb-4fd2-baf7-dd41b2dbf38f,bb9edfa8-17f7-4f6f-8e3b-616693a298b1,2024-03-12T10:16,6,134.16,Cash,Pending
68733cc4-4d59-4fa8-b971-1e7b175f2d8e,73a2b03c-2dca-486e-8ebc-c4d6bb68a8c6,2025-09-30T10:16,1,21.52,Card,Pending
b5b291da-3cf4-43ee-8c80-c2a1d725e104,65b2c0ea-6192-47fc-9286-2c1dd3ecefb1,2025-03-14T10:16,6,158.70,Cash,Completed
b727a84f-918f-4513-83ae-2122318baca0,e85d0261-2d97-4475-a749-363ec9040a74,2025-03-26T10:16,7,163.87,Cash,Completed
e8664b19-30ee-478b-8f2c-38da549c6d09,74e76582-f1b8-4560-b049-8aebb59d4721,2024-02-28T10:16,9,246.51,Online,Completed
2f5761ee-89e9-41a7-a994-95e698cdf0d7,726d71e2-70fd-4416-8568-78619c14a73a,2024-09-08T10:16,9,234.00,Cash,Cancelled
0ca9969f-b8aa-433d-9912-e2823203a54e,935ebde1-5945-4673-886e-1a7a12cc2d4e,2025-08-20T10:16,1,25.11,Card,Cancelled
e3fbd687-6da2-4552-8895-0059436eb8f5,67c276b0-7be6-4f3c-bf86-c342095c8112,2024-01-02T10:16,8,101.12,Cash,Completed
aabe7c19-958a-4193-b759-85c0b6098ad6,49af098b-bf79-4643-8e49-739ea932d38b,2024-08-04T10:16,1,10.54,Cash,Pending
cbafa1f9-e1ba-4cc0-b9e8-157d20d8cd6e,90f0db1e-2b19-43f7-ba17-233c7c214eca,2025-03-11T10:16,8,56.32,Online,Pending
5105a09f-a60e-4a9b-8a11-f17762700c9d,c0d74d86-5c5b-481d-b8e3-61eeb9c77255,2024-09-26T10:16,7,151.62,Card,Cancelled
0534d704-d5ec-45ae-9c55-8a460e4e91a7,06e585f0-5b60-4900-81d1-3379328e6c17,2025-10-14T10:16,8,168.56,Online,Pending
f3a851eb-4239-4ede-b64b-ad8f68e49c28,25659c0e-6eb5-4c57-add8-fb6ac5f42699,2024-09-03T10:16,9,122.49,Cash,Completed
8722ba59-f544-41e9-9c32-823e335702c7,bb6ceda0-3f7a-4dfa-9862-41a88dd468b2,2024-08-12T10:16,1,27.07,Card,Cancelled
1069d39d-fef8-48f7-bfb1-2c99ed1fb184,d5eaf6a7-76cc-48ec-98d9-ba713e2df70f,2023-12-09T10:16,8,172.96,Card,Pending
97dee31c-3cb3-4f55-b415-531badcddf31,aff4340c-d102-49ba-af8e-84d2737ce82c,2025-03-09T10:16,9,209.88,Card,Cancelled
e5aa1fe2-4066-4bc1-aa2f-6f39aa6b8924,caca465c-e9f2-4add-91b5-24c70595e321,2024-02-12T10:16,3,19.77,Cash,Cancelled
ad26cb50-7beb-4637-b175-114d89801693,0a0ac3e5-6e20-4fbc-87ec-5481c70e38bc,2025-11-05T10:16,5,76.20,Online,Completed
c7a0da26-d4d3-4c52-87eb-951c4bd55b08,c63bd277-c81c-40c5-8720-6ce916d653c4,2025-09-05T10:16,1,17.37,Cash,Completed
b5a723cc-2245-4896-b277-0557dfcaf903,0a5bd884-b432-4ce5-b14e-44b4aedd4c0f,2025-08-12T10:16,6,139.02,Cash,Completed
e60e2d3f-530a-474e-94e8-2f51e6368e20,4f6ae324-5b6d-47d6-a86d-26ec6fbe1e0e,2025-02-03T10:16,3,81.87,Online,Pending
f2c10057-7620-4da6-a707-de7dab64e851,6f61ca8e-51a1-48e0-abfa-88326e713e34,2024-08-29T10:16,6,107.82,Online,Completed
4d3e77e3-f682-44f1-8fd9-f242970c5728,80537cf2-360f-4740-8b7e-d4cd56e22987,2023-12-22T10:16,4,118.04,Online,Cancelled
2cf8429b-acf7-4ee6-8515-482f7102d127,0fcf4084-ea31-49f8-99f9-9bf8c8b0c16b,2023-12-19T10:16,1,17.55,Cash,Cancelled
425dd781-6a66-4aed-aacb-d73bebf18385,e85d0261-2d97-4475-a749-363ec9040a74,2024-05-21T10:16,7,184.73,Online,Cancelled
0da0565a-29a4-4216-8be1-30ea525e33ba,6c3bf618-a715-40f9-9faa-cfc5f5beef2f,2024-11-18T10:16,2,16.20,Online,Cancelled
2f523a68-b831-488c-958d-c3b8cf55c970,8250871a-2b35-424e-a1a1-4eb4faffabfb,2024-05-24T10:16,7,51.03,Online,Completed
5cbce07e-4e4d-4b10-a281-a2f66fd0258a,a5ffc907-be77-43e6-8694-4a0bf09bd3fb,2025-07-19T10:16,8,202.00,Card,Completed
7afd7f05-0287-4aca-9f94-63cf7c5dd4d5,f90cf3ca-e2d0-4129-bc7a-e8a2b80880da,2024-02-16T10:16,8,136.96,Online,Pending
014220ab-3e7a-402f-a1b1-32e50be90035,6945f6f4-b8f9-4d04-90ff-e59ed705578e,2025-09-03T10:16,4,80.72,Online,Cancelled
e20635c4-fdbd-4e00-b510-5ce8e155eabf,06e585f0-5b60-4900-81d1-3379328e6c17,2024-12-20T10:16,2,43.48,Card,Completed
35f4716f-5143-4732-ba55-e7be7331185d,23650eb4-f98d-45a3-a90b-a378f03d469d,2024-12-10T10:16,7,202.58,Online,Completed
1eba76fd-9ee8-4036-927c-1d5530f5fb2c,7509850a-5062-4da9-aad6-bc5b9e363ef1,2025-04-20T10:16,7,125.37,Card,Completed
96933524-8fd4-4ebb-b21f-b95dfcd10ba2,ef7fad1f-a86f-4ee1-95b4-ce1f339f0fa5,2025-07-05T10:16,3,52.71,Cash,Completed
9e74c6e6-b749-491e-847b-20e313d16a97,aff4340c-d102-49ba-af8e-84d2737ce82c,2024-03-06T10:16,7,73.92,Card,Pending
77bcaa11-123c-4d9d-a607-ea832c3f797d,fdb5454e-2230-489e-ade4-9218ff28cbd8,2024-08-19T10:16,6,92.04,Card,Cancelled
45814472-3bda-4c0f-bf87-f83b368ba4ad,02c65c06-56ad-4670-b8e2-10ab417c7154,2024-09-15T10:16,2,45.40,Card,Completed
dea0fb26-6081-400c-b234-d5cd7a232ff6,4bb2d776-14c0-4ef6-b8ba-c580cbed72b8,2025-08-26T10:16,8,190.40,Card,Completed
8f826833-feb1-4936-afbe-5ad0835823c0,3ab3404a-ee80-4ed2-8d90-a6f0dad14e48,2025-08-02T10:16,4,44.52,Cash,Completed
5c92a83d-1f2a-499c-9bdd-8b99f0115d62,3ab3404a-ee80-4ed2-8d90-a6f0dad14e48,2024-06-27T10:16,7,44.73,Online,Completed
93187f8d-b76f-4bbd-b159-14f700bb70f1,f6c35464-33dd-44a7-bf84-071f2e427045,2025-10-19T10:16,5,124.75,Cash,Cancelled
6d26d3cf-14e5-493d-8da8-f2aa5e9349b6,941529ef-2114-4bff-907a-4596ff4593a1,2025-07-01T10:16,1,7.43,Card,Cancelled
964f551a-f127-4bee-855e-2a00390088ad,4bb2d776-14c0-4ef6-b8ba-c580cbed72b8,2024-05-11T10:16,7,163.10,Cash,Completed
5ad3f33c-398d-4f92-90a1-697e141a72dc,ba5d9947-b043-4aca-8ee0-6b77895cf8e8,2025-08-28T10:16,9,88.56,Online,Pending
17b0b001-d419-415b-ada8-de72d8c1206e,e85d0261-2d97-4475-a749-363ec9040a74,2024-04-22T10:16,3,57.15,Online,Pending
154208fd-5dbb-4893-aa52-deb980102015,515fe1d2-d33a-4b9d-8c19-07e0cbe81a9a,2025-01-28T10:16,6,80.88,Card,Pending
0a4f97d6-5cf1-4b7b-9f8c-712f75a1bd58,39cb44e2-a541-4b98-bc0b-db5f31cf8710,2024-07-11T10:16,2,54.22,Online,Completed
1edc4248-14ff-4f0f-a7b3-44c57662b7a6,b90a3a7f-421e-47e5-8598-fe50f365a62e,2025-08-20T10:16,3,66.09,Card,Pending
875f1d30-7d20-4250-9668-f91dfdb79146,d6d4ef4b-0870-48aa-b884-013237f255f4,2025-07-07T10:16,7,112.56,Cash,Completed
7c32a4c3-24ba-4037-b1a9-4ba870681bf1,b95f7619-fab2-4df9-8683-1f2aeb93a660,2025-06-05T10:16,7,43.82,Cash,Cancelled
dad399fb-f3d8-4119-9b19-0f9641b9469e,b0d737cd-ec4b-4a88-aa81-d012ef3fb719,2024-09-20T10:16,3,65.49,Card,Pending
7c835078-e335-42d6-81ee-c364294f26bf,3dcaabe3-78c9-4d88-bed5-56ca7ceea07c,2024-11-12T10:16,9,47.34,Card,Cancelled
b4e03f32-a822-4eb6-90b4-edbb223f2293,f6c35464-33dd-44a7-bf84-071f2e427045,2025-10-04T10:16,1,8.69,Card,Completed
736ccdea-4333-484c-854a-70519106d2dc,795088d7-d227-422e-ad8c-f048bde0675e,2025-06-17T10:16,6,81.84,Online,Completed
11380953-5783-4d74-8140-85f8ae969e63,205ea7f7-e714-45b8-a083-11247ff702a1,2024-02-24T10:16,6,95.40,Card,Completed
e0aef3c9-3657-438c-ba7a-181b06066fe9,bc58b12c-65c4-4f21-89ef-3e492a22ef7c,2025-08-08T10:16,1,28.49,Card,Cancelled
fbdbb20f-68bc-427b-83a8-0f2e1ee5b5d8,1d32c3b3-c732-4995-aa6b-ff159deb3bdf,2025-08-18T10:16,4,33.52,Online,Completed
7d5cfa92-1b9d-4211-a57b-b43ff7cdc5b5,26d032f1-9fe9-487a-987a-a8be14e1db05,2025-05-17T10:16,2,35.78,Online,Pending
07d4a506-420e-47cb-8006-45a109f135af,11526850-7335-463f-b740-a52a90457c3b,2024-06-15T10:16,6,87.24,Online,Cancelled
6af6ad01-b149-48d2-996a-ffe55fe16bd9,2ca088cd-c6c6-4e60-a1a4-d2990ee21b12,2025-04-24T10:16,8,42.56,Card,Completed
167b03bb-1e4b-4bb8-b19b-87d448dc6d1e,050d9901-1cb5-413a-9c31-282028f863c1,2025-01-28T10:16,6,60.06,Online,Pending
60560f1a-0414-4309-8881-f9776831b1ab,058b9c75-b72f-4594-80d2-e41194ff7672,2025-06-11T10:16,2,52.02,Online,Completed
0f01e9e7-6c66-43ac-b0e4-08ad7e5ccdbd,4b14a58c-f1e4-40b6-888d-a88cd7055099,2025-07-31T10:16,5,136.15,Online,Cancelled
c50f7551-8e8e-4c7a-9694-b0fda7439f31,b0d737cd-ec4b-4a88-aa81-d012ef3fb719,2024-10-31T10:16,6,176.46,Cash,Completed
ca381294-fe4b-431d-ae8e-b7812cefc18c,941529ef-2114-4bff-907a-4596ff4593a1,2025-11-04T10:16,3,45.36,Cash,Pending
933ef35c-5952-4b7c-a298-13c7bba99bc2,ebe19120-496a-47fa-87eb-2440212a3363,2024-06-08T10:16,5,31.05,Online,Pending
08a064a7-5a8a-4f3d-a85a-191c6f4d6e98,8f7f530b-bb30-4a05-b437-744ed30af54f,2025-01-27T10:16,8,81.92,Card,Cancelled
e47e63a3-e694-46d3-b7ae-8513573cbda1,74e76582-f1b8-4560-b049-8aebb59d4721,2025-04-04T10:16,5,33.85,Cash,Pending
70328845-8213-441f-8e94-cb74757805c6,a5ffc907-be77-43e6-8694-4a0bf09bd3fb,2025-03-04T10:16,8,227.20,Online,Completed
e8827e36-c5c4-462a-9c93-8f8bd0efbfbf,964d337f-acd5-4ca2-8843-9be3f2eb60fc,2024-03-15T10:16,5,79.00,Cash,Pending
ce596a46-663c-4e87-a956-a3a116a6cea8,941529ef-2114-4bff-907a-4596ff4593a1,2025-11-08T10:16,2,27.72,Online,Completed
13e7e161-48e8-40a2-ac66-5d216e695a39,824998a2-7592-4051-ab0b-d5e12743c93b,2025-10-03T10:16,5,47.95,Cash,Pending
1190ef28-d15e-4cde-87ad-7a08878fff90,0a5a9fc7-e126-48f0-99aa-dea85c606f66,2024-03-25T10:16,6,175.20,Online,Cancelled
e35958cd-f0cf-4d8e-9432-dfa0388324df,935ebde1-5945-4673-886e-1a7a12cc2d4e,2024-05-15T10:16,4,38.00,Card,Completed
c5ee32c3-c2e6-4da3-901e-a43d4796830b,ba5d9947-b043-4aca-8ee0-6b77895cf8e8,2024-05-18T10:16,3,20.34,Online,Cancelled
5e4eae47-364e-4532-846c-e3204fb1e78c,49af098b-bf79-4643-8e49-739ea932d38b,2024-10-07T10:16,3,76.35,Cash,Pending
0c9c0325-0eab-4dfc-ad6a-3603ad5fdaed,205ea7f7-e714-45b8-a083-11247ff702a1,2025-04-10T10:16,8,47.20,Card,Cancelled
34463cee-8fa4-4c00-a489-5b7e9ac20dc8,3e97fc93-73a7-45e0-9888-f7a03ee258a7,2023-12-05T10:16,6,106.08,Online,Pending
8966424f-d5d1-44de-acb8-7d5b3292fa70,941529ef-2114-4bff-907a-4596ff4593a1,2025-04-26T10:16,6,60.72,Cash,Completed
48218a23-dac1-40ad-9d62-a91cd4f92037,21edfc22-3f73-4335-a774-3cf78ab65e86,2024-05-19T10:16,6,96.18,Online,Pending
865a300e-4146-49e0-87ef-4810635f0784,795088d7-d227-422e-ad8c-f048bde0675e,2023-11-15T10:16,9,188.73,Cash,Cancelled
e849c4d2-bba0-4d2a-86de-3c9ef66c189b,f067e21d-d1d4-4e87-9cae-9753f5f9ccb6,2023-12-09T10:16,8,127.52,Cash,Completed
f2bfb10d-543d-4d16-a4bf-b204bb3c1b42,aff4340c-d102-49ba-af8e-84d2737ce82c,2025-05-30T10:16,7,205.10,Cash,Pending
5da10618-d517-425d-a2fa-a97aa6f1ee34,910b1d47-5c37-48b1-8bde-96c60660f1d7,2024-08-27T10:16,8,129.20,Online,Pending
f9733c70-7570-4d59-8f39-cdcbc4b41ada,b014b56e-3263-4b63-8430-46e00bc5ea77,2025-07-16T10:16,4,101.28,Card,Completed
0cee6df2-6fae-4534-97a7-e6a02ebd62fe,0472ca7f-b133-4710-8f43-24a3c6c1afd1,2024-07-31T10:16,7,188.58,Cash,Completed
ea7066c2-7049-4d14-86ef-af002446c216,953417c6-cd52-45e9-9ca0-bb450653c934,2024-11-18T10:16,9,210.69,Online,Cancelled
542817b5-0482-4039-8d86-4dae9dcf37bc,39cb44e2-a541-4b98-bc0b-db5f31cf8710,2024-05-10T10:16,6,72.72,Card,Cancelled
c9326ca2-dd1d-4db0-9fe2-fa81606af6fe,aff4340c-d102-49ba-af8e-84d2737ce82c,2024-04-18T10:16,2,57.76,Card,Completed
88e31378-41be-4375-b44b-7daaae7321f2,ceafdb2a-788d-48e0-acdd-bd533a2e7ab6,2025-04-04T10:16,8,210.64,Card,Completed
203b6cf5-b160-4a45-8eda-1598f93152aa,a3f626b9-cc27-4c04-8570-be79ab8bda4a,2025-03-05T10:16,8,106.40,Cash,Cancelled
5d05f900-b04f-4a43-b2e6-ea6045a6a352,ff4db0d8-e809-46e8-9ae0-78ffee4902d9,2025-06-30T10:16,9,106.29,Cash,Pending
f3af0433-aacc-452a-875b-7b41546dd136,a3f626b9-cc27-4c04-8570-be79ab8bda4a,2025-02-05T10:16,3,62.61,Card,Pending
b9db8127-2fa2-4f6e-865f-0c073d7bc2df,ada8704c-2784-4d70-84da-10078407d2c8,2024-07-23T10:16,9,151.47,Online,Pending
2a37425e-b1ed-4a84-ab08-23542c10aef3,7a2e5fa5-096b-4701-8ce6-7a3db39bf8eb,2024-01-08T10:16,2,34.44,Cash,Completed
9a248961-3c6d-411a-94ae-ef6db64abcb0,a3f626b9-cc27-4c04-8570-be79ab8bda4a,2025-08-14T10:16,1,20.56,Cash,Pending
973becde-69b2-45bc-a8a4-d4728b793c32,00d7ae70-0f46-4453-963c-4ab2a3d29314,2024-02-11T10:16,2,10.70,Card,Completed
84acf53a-6572-4eb5-b643-51041195722b,e6e1db85-f8ba-4264-9c9a-520ecda4bc4c,2024-11-06T10:16,5,86.25,Cash,Pending
c254e95e-5f9b-420c-b460-d7171001f945,e85d0261-2d97-4475-a749-363ec9040a74,2025-08-20T10:16,7,54.11,Online,Cancelled
1865f5df-a307-4cdb-8c79-faa74bd28e91,bb6ceda0-3f7a-4dfa-9862-41a88dd468b2,2024-06-19T10:16,5,138.10,Cash,Pending
152b1355-dbbd-4cb1-841e-b8a4c43901bc,10b26c2d-7d56-4175-84a8-a2775e128a9d,2024-04-24T10:16,2,40.14,Cash,Completed
620b96ec-829a-4375-8dd2-d5bf8b539409,b014b56e-3263-4b63-8430-46e00bc5ea77,2024-11-28T10:16,5,142.85,Card,Pending
6f4e5fc7-d175-4ca0-a3c4-2a60c1ed1fdb,caca465c-e9f2-4add-91b5-24c70595e321,2024-05-13T10:16,3,34.62,Cash,Cancelled
3ab2e04e-6ef8-4d37-b6f3-089e9d1170d8,7a2e5fa5-096b-4701-8ce6-7a3db39bf8eb,2025-02-26T10:16,9,224.55,Card,Cancelled
3ea9a593-9175-4e75-9761-3dd480271dfe,ada8704c-2784-4d70-84da-10078407d2c8,2024-06-28T10:16,2,45.04,Cash,Cancelled
fff39e1f-b3bd-46db-9ec3-9fa8d93ece2b,52c87fd9-fdf0-4256-b929-6153ad24a0ac,2025-04-11T10:16,5,117.25,Card,Cancelled
8b5b8e46-842c-4841-ba40-12f6531b1897,fbe227d7-6d32-4407-9783-7fdac983e55f,2024-09-17T10:16,5,94.50,Cash,Pending
d91666d8-65d9-4ea6-ae46-1a04b72deb92,c0d74d86-5c5b-481d-b8e3-61eeb9c77255,2024-11-01T10:16,3,64.20,Online,Completed
a475f34e-7e82-44a0-bc07-67fdad6a2755,485b65e7-fdf4-474d-afba-37986d8d3cd8,2025-09-18T10:16,7,68.95,Online,Cancelled
c78d4eae-eca7-49c0-b9d6-a5d7394877a9,c0d74d86-5c5b-481d-b8e3-61eeb9c77255,2025-06-21T10:16,7,117.25,Online,Cancelled
09bd729d-1dc4-49b7-a0e2-7479ba5c38e7,ff4db0d8-e809-46e8-9ae0-78ffee4902d9,2024-11-01T10:16,9,235.08,Card,Completed
34fad85d-bbc8-4685-9abd-56a7d9a1cb1b,a302a1a8-c429-406f-abff-9f273aa0a4b5,2024-03-13T10:16,7,116.27,Online,Cancelled
87a9fed0-4b69-42d2-be42-c6942f924b71,2c6dafc9-06cc-4b3d-8b8d-12aae0644c58,2025-06-05T10:16,7,127.89,Card,Completed
ca96e3cd-ab7d-4b64-bfb1-f302793625cc,46032f36-69bc-465a-9b33-a5d560bfd77a,2024-11-23T10:16,2,12.32,Online,Cancelled
bbf6847b-733d-4de2-bb5e-121b25b25422,e886c155-0dae-4b36-88f5-a86fa474d1f6,2024-02-14T10:16,4,103.40,Online,Cancelled
38dea784-8107-48fa-8e7f-019aa6325bb6,6e551d53-4f6d-4b84-a9de-3d7c79694805,2024-06-06T10:16,5,99.65,Cash,Pending
170f8a45-5049-45d0-928e-f3aacd9ab2cd,8250871a-2b35-424e-a1a1-4eb4faffabfb,2024-11-01T10:16,4,38.16,Online,Completed
0af0696b-57bd-402b-8967-f49f7442b6f0,9b9edd1e-b4f7-414c-b8b5-a3dc51fa0a8c,2025-09-11T10:16,6,146.34,Online,Cancelled
a89f52dc-c694-4176-9166-7ba65c8a8054,365c90d0-a590-4209-9401-2ce55af5ed98,2024-05-19T10:16,5,93.90,Online,Pending
2a9313d9-4b11-4ddc-a50c-35d0e5c34dc1,a938df5f-7764-459c-8bfd-90409d16b3c6,2025-06-20T10:16,4,105.88,Online,Pending
8f57c6a3-6fa3-4250-a743-f775370f7e1c,e119f98a-df63-41dc-8e01-bb49ca2dc724,2024-07-22T10:16,4,90.92,Cash,Pending
5ad8afea-ac76-4d6b-9391-f0b4db3b0750,0dd437d0-74fa-43c3-8909-5c955e4d47dd,2025-03-20T10:16,7,109.20,Card,Pending
9c26a957-4f17-477f-9356-a39186f336f6,cf65c4b6-4c1c-420b-95de-23e5b56ffad5,2024-08-23T10:16,7,160.23,Cash,Completed
bbdee455-f5db-47ff-be5c-aa849721f730,3ab3404a-ee80-4ed2-8d90-a6f0dad14e48,2024-12-02T10:16,7,104.79,Card,Completed
75c971a1-8f82-4e49-b24a-2e0a58dddf04,3dcaabe3-78c9-4d88-bed5-56ca7ceea07c,2024-02-29T10:16,1,19.12,Online,Cancelled
8d1484dc-aea3-48a1-ac5c-8f67b519ee3c,f3826f04-0dfa-4266-8002-58fede0093f5,2025-05-12T10:16,3,27.48,Card,Cancelled
96865602-0905-4fce-9dea-b4d15ae906dc,63846b60-b7be-4087-ac6e-56c9bc130a20,2024-03-05T10:16,7,176.82,Card,Pending
c9b8f052-2cb9-4e8b-aaf7-88c90d0da76c,5d6f84a5-a4de-442e-99b9-b8ef714b4436,2025-05-06T10:16,4,85.32,Cash,Cancelled
d2ea26f5-7dbf-431c-acc1-32acefbe80ce,14eace30-1ac2-411e-8eef-98e8f32a87fb,2024-04-19T10:16,4,92.76,Cash,Completed
6d4f014d-d412-4736-aa6f-ff04a6fdaf7e,89d26a00-0fde-4c03-8430-b06f6bc3f33a,2025-01-13T10:16,4,59.40,Card,Pending
1e6c1c58-5e44-4429-81d0-b1dd451ce2a1,0dd437d0-74fa-43c3-8909-5c955e4d47dd,2024-06-22T10:16,8,77.28,Card,Completed
48fa6050-17b5-47ea-b051-6d545bfb75af,b0d737cd-ec4b-4a88-aa81-d012ef3fb719,2025-03-08T10:16,7,174.44,Card,Completed
5bb7508e-0026-4da3-97cc-1fd837319f55,485b65e7-fdf4-474d-afba-37986d8d3cd8,2024-04-16T10:16,1,17.63,Card,Completed
75463746-9b27-4a48-9481-c3560f2b9b9a,5400d214-6176-40bf-88d2-3f53ed38bf69,2024-08-17T10:16,3,58.98,Online,Cancelled
2126a2c4-383e-45ed-90ac-fdc90335514e,c1a09d60-c9e8-4489-a68e-e01b51541d33,2025-08-18T10:16,9,124.47,Online,Completed
528296cf-0c76-4c3b-a257-f8769d218771,23650eb4-f98d-45a3-a90b-a378f03d469d,2025-06-02T10:16,1,20.82,Cash,Cancelled
ea855b0f-41de-4694-8f14-b1c89cd15e0d,8113211c-bdc3-4bb0-94d9-3fd3871f3005,2024-11-25T10:16,4,109.40,Card,Cancelled
6fd021f2-1bba-42f7-a874-6bd49460b0a2,7169ef0c-f2c8-4ae3-83f6-87691664d2d2,2025-09-07T10:16,3,29.61,Card,Pending
cd3fa1a6-2311-42fb-a721-eb7bc24a5307,500fde18-ea61-4380-9ea4-f06d09985870,2024-10-24T10:16,1,28.87,Online,Cancelled
08d814fb-412d-4f13-915f-8cf008453e55,8626238e-5813-415a-9a8c-db944b1e0269,2024-01-12T10:16,9,90.36,Online,Cancelled
29a7908f-bfc8-49cd-a6a2-5957b06c7c81,9fa382f0-8393-48db-ad30-43c953282401,2024-04-27T10:16,7,103.88,Online,Cancelled
2b83e9ae-f062-4d91-93b0-349e5c0aa118,b03f75c1-655f-4480-a2bf-1a0af806e96e,2024-07-06T10:16,6,172.74,Cash,Completed
e09d7591-d84d-48f4-8ac9-613cdcb3330b,52c87fd9-fdf0-4256-b929-6153ad24a0ac,2024-10-12T10:16,6,158.04,Online,Cancelled
e9ccaa53-50cf-4160-b8b7-905e1e89f95a,6aaabc79-3d35-410f-bb96-f86a3930d0ff,2024-01-15T10:16,1,29.49,Cash,Completed
fbcad4a8-4c25-4c7c-9009-e0625aeb036e,2ca088cd-c6c6-4e60-a1a4-d2990ee21b12,2024-07-21T10:16,4,79.72,Cash,Cancelled
a629adde-c99e-4fc0-b454-d5dce79861ef,65b2c0ea-6192-47fc-9286-2c1dd3ecefb1,2024-01-05T10:16,8,199.12,Cash,Cancelled
95ea484c-4f1f-42c5-81d9-23ce779a074d,6c6a3b10-9747-4dca-a041-4edc22d147b0,2024-01-03T10:16,9,189.45,Online,Pending
51edecac-bc85-481e-bd26-9243cd4e5879,23650eb4-f98d-45a3-a90b-a378f03d469d,2025-01-18T10:16,3,60.42,Online,Pending
ef93fbe6-cb5d-4602-8a3c-014e175993fb,02c65c06-56ad-4670-b8e2-10ab417c7154,2025-01-10T10:16,2,16.02,Card,Completed
dc194c4a-8e19-40c1-b867-6052c87d711a,80537cf2-360f-4740-8b7e-d4cd56e22987,2024-05-26T10:16,6,118.68,Cash,Completed
a12386ed-f529-4379-a8d5-180a6b4f6431,3dcaabe3-78c9-4d88-bed5-56ca7ceea07c,2025-03-26T10:16,3,42.72,Online,Pending
9659a5df-f1cd-4b58-9aab-1ab2dae6e517,80537cf2-360f-4740-8b7e-d4cd56e22987,2024-03-09T10:16,3,85.05,Card,Pending
2a19d8e6-1860-4acf-bbdc-6c7b89175bcf,a938df5f-7764-459c-8bfd-90409d16b3c6,2025-10-18T10:16,9,239.67,Card,Pending
1053faef-49fe-4018-9d19-2ebed7fc8b0e,7d2df59f-386d-4aec-85a8-2443262a0cb4,2024-07-18T10:16,1,26.37,Online,Pending
afa1b3ac-f51c-4655-b78e-c276ba23f5b7,9fa382f0-8393-48db-ad30-43c953282401,2024-11-21T10:16,3,75.96,Card,Cancelled
8010ceb6-056b-420d-9ac0-cfb94e0fbadb,365c90d0-a590-4209-9401-2ce55af5ed98,2024-04-29T10:16,6,113.76,Cash,Cancelled
781cf441-81df-4fee-b2d2-3fe71580a61e,6e551d53-4f6d-4b84-a9de-3d7c79694805,2025-03-21T10:16,6,93.24,Online,Completed
0e60d20b-04c2-473c-8de5-5d1acf89d1ad,983d66ae-c8b0-46b8-8abc-26a1055cf729,2025-08-30T10:16,7,99.96,Cash,Pending
60eba2dc-2935-43f3-98e9-2f13cf2c397d,e38afcd9-9e08-47ba-bc92-5ebb4bc271eb,2024-08-28T10:16,4,64.92,Cash,Cancelled
d488a9c8-64e5-4dd5-906a-363763db1a8b,5400d214-6176-40bf-88d2-3f53ed38bf69,2024-12-08T10:16,6,43.68,Online,Pending
c974bea2-98df-4d5f-9ca0-950990badc2f,b03f75c1-655f-4480-a2bf-1a0af806e96e,2024-05-29T10:16,2,53.46,Online,Pending
a3f949d8-1c46-46b1-87ab-a05fa20245c7,7d2df59f-386d-4aec-85a8-2443262a0cb4,2025-02-22T10:16,2,58.02,Cash,Pending
66264315-5801-416b-9eca-8a4a058a02bb,4e6807ca-aed8-4ec9-b1b0-0e3aba57efb1,2025-09-03T10:16,1,28.86,Card,Completed
22414cbb-b230-45a6-9178-a4c812e91557,21edfc22-3f73-4335-a774-3cf78ab65e86,2025-04-29T10:16,1,18.85,Online,Cancelled
95d47609-2369-450b-9e71-a2d5da48a31a,5f6e51da-5f01-4c9a-85dd-7d50ef37e5d7,2024-12-12T10:16,5,128.65,Online,Pending
c1c224b2-b999-4489-99d9-071b23e180ba,23650eb4-f98d-45a3-a90b-a378f03d469d,2025-10-04T10:16,1,6.51,Online,Cancelled
233f3311-e116-4d09-ada2-50fc71f687f5,ef7fad1f-a86f-4ee1-95b4-ce1f339f0fa5,2024-05-02T10:16,1,15.33,Cash,Completed
46c8a33e-9594-42ee-9fa4-a761b06e1bab,7c991f43-c18b-4404-8826-97691b0dc00c,2024-08-13T10:16,9,160.56,Online,Cancelled
d731f57d-caf3-40dd-b206-5fe4d5393832,a302a1a8-c429-406f-abff-9f273aa0a4b5,2024-04-14T10:16,9,153.36,Online,Completed
6737cf10-4146-4af5-a6bc-bc28feff8d96,5400d214-6176-40bf-88d2-3f53ed38bf69,2024-03-10T10:16,8,135.04,Cash,Completed
fd637426-9da9-402d-8662-15041cab59b3,1407e9cf-22c9-4137-a2fe-cc12dc038235,2024-04-10T10:16,8,58.40,Cash,Pending
d7bde986-3295-4b2f-9d2c-cefe54b67c56,0130fcd4-a6cf-4a72-8400-7bcae1abce34,2024-11-12T10:16,8,185.92,Online,Completed
b58ba98e-edb7-47ac-a5cc-77a5eddacaee,e6e1db85-f8ba-4264-9c9a-520ecda4bc4c,2025-05-04T10:16,2,21.76,Card,Cancelled
6308b342-bdf5-444e-a4cd-23823ad2ccfd,4739f27f-7a96-4d52-83ae-0c6fd4c8c606,2024-09-12T10:16,6,133.26,Cash,Completed
aca7ac03-c1ac-444a-9977-7bb6de979a17,ec3490d2-e8da-47ee-ae12-0ca0b1d7a2bb,2024-11-28T10:16,2,13.04,Online,Completed
6ce08174-19d4-4540-b176-a2873d8e86ff,6c6a3b10-9747-4dca-a041-4edc22d147b0,2024-08-27T10:16,4,45.36,Card,Pending
4274f8b9-380b-4bc8-9601-58247dd09d86,5d6f84a5-a4de-442e-99b9-b8ef714b4436,2025-10-03T10:16,7,168.28,Cash,Cancelled
94ee1d5c-eaae-4f5b-b010-ed00ecfdbc1f,aff4340c-d102-49ba-af8e-84d2737ce82c,2024-08-11T10:16,4,118.04,Card,Completed
e77ae4f5-a59a-4f48-a7b6-5a200d1269d2,4bb2d776-14c0-4ef6-b8ba-c580cbed72b8,2024-05-04T10:16,3,79.68,Online,Cancelled
f88a1feb-95fe-48d0-9312-83113db8280f,205ea7f7-e714-45b8-a083-11247ff702a1,2025-03-10T10:16,2,23.94,Online,Pending
1e705084-7093-4c3a-ad4c-2683ee8bc0f0,885715b6-b1eb-44ca-8460-28c0343e56f3,2025-04-02T10:16,4,61.32,Online,Cancelled
216e31f7-1289-4ac3-99cd-696caec68413,050d9901-1cb5-413a-9c31-282028f863c1,2025-04-19T10:16,1,6.70,Online,Pending
3e5e38c3-cd62-4b9a-95d6-b400dcd046a0,26d032f1-9fe9-487a-987a-a8be14e1db05,2023-12-22T10:16,2,52.86,Cash,Completed
a4a2179c-a70f-4b86-b279-e633262cc99d,e277d099-db2a-4aee-ab86-8b0e73a34383,2025-04-22T10:16,5,120.25,Cash,Pending
8f0f5701-c969-4e8b-b910-584a5991d120,d5eaf6a7-76cc-48ec-98d9-ba713e2df70f,2024-05-21T10:16,7,104.02,Card,Completed
35817a59-e2f4-4ccd-8662-10375614a4a9,6e6d2c67-f7fb-4a98-8f9a-4822259b25c4,2024-12-14T10:16,3,68.31,Online,Cancelled
17243a5f-a100-488a-8626-ecf3b561a57e,e7991221-0de0-4ef8-aa9c-ca3b59197059,2024-09-26T10:16,1,20.76,Card,Cancelled
803e342f-424c-420f-af80-c4151cc1fe70,0df3bae1-6384-4856-aa27-aef9f6c48b75,2025-09-04T10:16,4,68.52,Card,Cancelled
c031b2c0-d612-4089-9e7c-5712949eff29,8113211c-bdc3-4bb0-94d9-3fd3871f3005,2023-11-28T10:16,8,43.36,Cash,Completed
ddf7e266-a10b-48ff-aed0-94ae1af473db,7d2df59f-386d-4aec-85a8-2443262a0cb4,2025-03-19T10:16,8,95.92,Online,Cancelled
1d5a6fbf-4e93-4457-9afa-130f063c8511,7d2df59f-386d-4aec-85a8-2443262a0cb4,2025-03-28T10:16,5,100.30,Card,Cancelled
b146ec38-47e5-4204-9c94-7bb2d9f59293,1eeb9c5f-5b7a-47af-b4f1-5a50d9d1089c,2024-11-18T10:16,5,148.90,Online,Pending
8479a557-ee40-473d-9581-9a867f17b293,6aaabc79-3d35-410f-bb96-f86a3930d0ff,2025-07-12T10:16,3,57.15,Cash,Cancelled
1c0fa8e1-cc83-428d-8c6d-ed4a94707246,ef7fad1f-a86f-4ee1-95b4-ce1f339f0fa5,2024-06-25T10:16,7,122.99,Cash,Pending
1a086e54-dccd-459c-9d1b-fd83afc4b2b1,953417c6-cd52-45e9-9ca0-bb450653c934,2024-01-13T10:16,1,18.98,Online,Cancelled
27e038f2-0514-466b-a865-0deb2a7e58da,0a15d43b-8f6b-444a-bef2-ffbddfdbd16f,2025-01-23T10:16,7,160.51,Cash,Pending
9aafe0fb-3c0b-425f-8659-f2a0123af0ea,1a31c678-d420-495a-aff3-0f1609514e1e,2025-01-23T10:16,6,120.30,Cash,Pending
d74f69db-5296-4f21-8441-8799b0bf65ef,ebbc7df0-770d-44f8-b0ff-c62f9006e40e,2025-05-13T10:16,4,97.64,Card,Completed
07cc840e-241b-4cb2-a7e9-f414a0ccbe38,b03f75c1-655f-4480-a2bf-1a0af806e96e,2024-01-21T10:16,2,38.26,Online,Pending
ea5d2b44-1f18-4a4e-87e0-7ae656493b3c,caad7924-4bc5-4f85-9662-11ca261e3c87,2024-11-03T10:16,2,51.12,Card,Pending
e609bea2-cfe4-4238-8d78-db2b32c1d925,25659c0e-6eb5-4c57-add8-fb6ac5f42699,2023-12-31T10:16,7,133.42,Online,Cancelled
78f4fb0b-bc16-44e5-b9ea-8f7d2db908a5,428424b7-1f94-496a-8b7a-497ce177d32c,2025-01-24T10:16,3,59.37,Cash,Cancelled
7a9a31be-475d-462b-acdc-d4657ab4313a,e6cb1215-5314-4d05-bfd1-f6e5d36e89f7,2024-02-19T10:16,5,87.00,Online,Cancelled
b6e66c05-d56d-4394-89cc-cc1a9950023b,e85d0261-2d97-4475-a749-363ec9040a74,2024-05-24T10:16,3,27.54,Card,Completed
722fded2-8209-45d2-ab56-7bc06cd233d3,1d32c3b3-c732-4995-aa6b-ff159deb3bdf,2025-05-06T10:16,3,20.79,Card,Pending
428b616d-5b05-47be-8763-42bde9645fff,52fbb114-83aa-432d-b2f1-f3e37a5c4754,2025-09-04T10:16,5,129.05,Card,Completed
41ad4cfe-872f-4e86-a2fe-bf4f5551aab3,e119f98a-df63-41dc-8e01-bb49ca2dc724,2024-09-17T10:16,6,60.42,Online,Completed
8687fa58-b89e-453e-a28d-56fb985ca577,3e97fc93-73a7-45e0-9888-f7a03ee258a7,2025-04-29T10:16,5,116.65,Cash,Pending
5cb2fe4e-f109-4654-9530-90bd94c6759d,000f9c8f-2fc7-4346-844d-c04f10751265,2025-01-16T10:16,6,125.40,Cash,Cancelled
3fb23cb2-2af2-4647-b457-c2c091f9b150,65b2c0ea-6192-47fc-9286-2c1dd3ecefb1,2024-03-11T10:16,6,56.88,Online,Pending
16570091-c78b-4959-8fae-a892e132aaa1,205ea7f7-e714-45b8-a083-11247ff702a1,2024-09-11T10:16,4,24.76,Card,Completed
942294b6-88ad-4ae9-8990-d7b86fbfc245,d6d4ef4b-0870-48aa-b884-013237f255f4,2023-11-18T10:16,1,17.30,Online,Completed
f2a0bb98-59cb-4397-820b-fef2c726bdf0,c63bd277-c81c-40c5-8720-6ce916d653c4,2025-05-16T10:16,3,66.72,Cash,Cancelled
fdf062e9-1921-457a-9f41-7720abd6095c,e6e1db85-f8ba-4264-9c9a-520ecda4bc4c,2023-12-16T10:16,7,96.39,Cash,Cancelled
eb168c60-dc90-4b1a-960e-d89642385bec,6bd388d4-5636-450b-bacd-55bdcb769bab,2025-05-10T10:16,1,23.96,Card,Completed
1ba21538-d278-4533-a024-d337b0355c81,5eb75bc0-d5fa-4209-9d42-7767f3f0585b,2025-09-02T10:16,7,97.58,Card,Cancelled
db8c36cb-2788-4e7e-b415-648725da1958,7169ef0c-f2c8-4ae3-83f6-87691664d2d2,2025-01-20T10:16,6,175.98,Cash,Completed
1c1a9ada-9490-40b3-905c-04644a050bfc,7d2df59f-386d-4aec-85a8-2443262a0cb4,2025-03-14T10:16,3,85.56,Card,Cancelled
678b2728-e610-4496-8784-582545295120,89d26a00-0fde-4c03-8430-b06f6bc3f33a,2024-02-21T10:16,7,97.02,Cash,Cancelled
21342108-de57-4cca-8b8f-e0988f2614ea,89d26a00-0fde-4c03-8430-b06f6bc3f33a,2024-02-28T10:16,9,244.26,Cash,Pending
c1128039-06d8-4a2a-828a-1ae9534b3510,824998a2-7592-4051-ab0b-d5e12743c93b,2024-07-07T10:16,9,95.67,Cash,Completed
7d736f5e-08e9-44be-8e35-4a978634b190,3910ab11-8758-4a4f-8a9b-c4f5df7413c4,2023-12-29T10:16,9,170.82,Card,Cancelled
0ee34a3e-8dd7-4974-bebf-c564e2504bbe,67c276b0-7be6-4f3c-bf86-c342095c8112,2025-03-01T10:16,7,95.97,Card,Cancelled
bc7f94e1-c53c-47b8-a1ae-b1a89de23d58,f0a6a958-e434-41bf-a830-dffa55a34db5,2025-04-03T10:16,2,51.48,Online,Completed
140729e4-ae08-452b-9447-ca2200ef0144,6c6a3b10-9747-4dca-a041-4edc22d147b0,2024-11-23T10:16,6,139.32,Cash,Completed
c33c6dee-a813-4583-af7c-9bce5bafb9c5,39cb44e2-a541-4b98-bc0b-db5f31cf8710,2024-05-09T10:16,4,85.36,Cash,Cancelled
aaeecf15-39d3-481e-96f5-5aeac109b66c,1a48aa9a-def3-481d-922a-94300aa97309,2025-05-16T10:16,2,48.92,Cash,Cancelled
be26138e-a4f3-4c73-94c3-5eecbf5400a7,d3f641e5-b8b5-4f5f-9155-7768df2033e8,2025-08-23T10:16,1,15.83,Card,Pending
26322fdc-0b6f-437c-956c-f97bcd3659c1,56a75a3e-a944-4147-8cba-f1024726993f,2024-12-30T10:16,6,100.98,Online,Cancelled
6c4173e8-be4c-41dd-a161-015ec2d3755a,000f9c8f-2fc7-4346-844d-c04f10751265,2025-03-18T10:16,2,51.94,Card,Pending
806cf3ab-36d9-49d7-8b7c-61690f6b5d74,68169a66-a8d4-4763-914e-7befc826445b,2024-03-16T10:16,1,17.88,Cash,Completed
797cbc89-0491-47b1-95ba-307cbf013729,0b2a0e9a-e050-4380-b607-57adcbbf59d4,2023-11-29T10:16,2,33.60,Online,Completed
3b0c3624-9238-4194-a4a1-c006bd646bac,6e6d2c67-f7fb-4a98-8f9a-4822259b25c4,2025-04-21T10:16,2,12.32,Online,Pending
b95f9d70-96e5-4484-a376-71f33a8adab0,00d7ae70-0f46-4453-963c-4ab2a3d29314,2025-10-31T10:16,7,178.99,Cash,Cancelled
26e961d7-1237-45cb-930d-bb7d1a0324ff,92da274a-bea2-490a-bb52-196c46fa8487,2024-01-03T10:16,3,17.61,Cash,Cancelled
ea0545a7-ecfa-4e27-b63c-c25c274daf40,0130fcd4-a6cf-4a72-8400-7bcae1abce34,2024-11-19T10:16,1,27.64,Card,Cancelled
6d583e9f-d5eb-40cd-8797-6afd74d97ce9,0a570207-0f70-467f-bbeb-44a0a60a9a25,2024-12-01T10:16,7,80.36,Cash,Pending
baa507a2-32aa-4b73-91d1-cd7f560623b7,62a2bfef-ca4a-4dec-90ea-bf15ea1880d2,2024-11-18T10:16,9,245.79,Card,Pending
0d82bbcf-e6b1-484b-a731-557abe3eba38,f3826f04-0dfa-4266-8002-58fede0093f5,2024-12-21T10:16,1,23.17,Cash,Pending
70695dce-35d9-4e2b-8a16-22c9ac650c7a,2ca088cd-c6c6-4e60-a1a4-d2990ee21b12,2025-09-02T10:16,8,152.72,Cash,Completed
f32a7dd2-7062-4184-8162-183eef2e9121,cb8747c7-32ca-4b6b-868d-13ab01d953ec,2023-11-16T10:16,9,192.42,Online,Cancelled
506e7516-0d5f-4f1d-bcbb-4fb871e38446,6aaabc79-3d35-410f-bb96-f86a3930d0ff,2024-08-29T10:16,9,186.93,Online,Cancelled
17288843-728c-4a14-ae09-963c18999653,bb6bf39c-f455-4e08-a59e-1bdaaa91d4aa,2024-08-28T10:16,2,20.18,Card,Pending
5e57bf75-4e7c-4d97-9e83-9aed09346775,f3826f04-0dfa-4266-8002-58fede0093f5,2023-12-26T10:16,2,30.36,Cash,Pending
fff77802-f9cc-4919-85bf-a0c903df6fc9,46032f36-69bc-465a-9b33-a5d560bfd77a,2024-12-01T10:16,7,111.09,Cash,Cancelled
6d4450f6-166b-45f3-8e42-85fc587b01b3,ec3490d2-e8da-47ee-ae12-0ca0b1d7a2bb,2025-10-08T10:16,7,141.47,Cash,Cancelled
b4667ebe-d9da-451e-8d9d-0540e8aecf8a,5400d214-6176-40bf-88d2-3f53ed38bf69,2025-07-06T10:16,6,158.04,Online,Cancelled
49db400c-ff87-4ca5-82f1-ff38d249c48f,d87f31d7-79ef-4c17-856e-142e791b04da,2024-10-19T10:16,3,54.93,Card,Cancelled
7d3ef7f7-545c-4bfd-8198-78f6d6993870,4b14a58c-f1e4-40b6-888d-a88cd7055099,2025-02-10T10:16,8,130.40,Card,Completed
3b0cbf85-af3e-4237-a889-ea13e9fabedc,59827b2a-ae17-44b1-bd6f-6f08718559cb,2025-08-09T10:16,8,173.92,Card,Pending
884bfae2-1119-42ec-a5bb-c08f4caadb81,0a0ac3e5-6e20-4fbc-87ec-5481c70e38bc,2024-05-12T10:16,3,55.68,Card,Cancelled
7d43fb02-2036-42f8-aafe-29475e9606ba,4739f27f-7a96-4d52-83ae-0c6fd4c8c606,2025-06-14T10:16,7,128.24,Card,Completed
43620570-dc9d-4050-a22f-62f552029624,209e786b-2a61-4e52-a3b2-1cc98bcbf18c,2025-09-28T10:16,4,32.52,Online,Cancelled
be856ced-91b9-4677-9d53-6995a1e1eefc,983d66ae-c8b0-46b8-8abc-26a1055cf729,2025-10-31T10:16,1,14.35,Card,Pending
5fd5187c-f081-4b0d-84bd-404df8a6a1a5,5400d214-6176-40bf-88d2-3f53ed38bf69,2024-07-05T10:16,2,27.42,Online,Pending
042c3b03-386d-4259-b7f0-1149512010c5,8b546c63-5406-493d-bc69-cfb594b38267,2024-05-18T10:16,8,45.60,Cash,Pending
ce0ae548-7340-4b17-be42-d40cd2c5da20,3e97fc93-73a7-45e0-9888-f7a03ee258a7,2024-06-06T10:16,5,117.45,Online,Completed
c5e07c75-ddc2-4ba8-828b-b50545ba6f5d,71f17b36-2c37-4cfa-bf8a-894fa94c0e9b,2024-06-12T10:16,1,24.77,Cash,Completed
21157346-4250-4e00-b251-69e57c089f5c,4739f27f-7a96-4d52-83ae-0c6fd4c8c606,2024-11-26T10:16,7,57.89,Cash,Cancelled
2ce4d1cb-fede-426d-ad53-c5ce16ec7128,401a6911-a31e-4892-adc1-56e3e1eb090a,2024-01-15T10:16,2,54.80,Card,Cancelled
91b0a1c6-6649-48a4-9a95-5a990fabce90,c46351bf-193f-49af-a5d6-456188837c3d,2024-11-11T10:16,5,65.80,Online,Cancelled
232c1c28-36bf-46d4-9f91-a4942afd2bac,52f5634d-de98-4543-8a1e-cbf1e2d0242f,2023-12-13T10:16,4,38.28,Online,Pending
41890b42-9d6d-4009-8ac7-714f0e42a76b,e38afcd9-9e08-47ba-bc92-5ebb4bc271eb,2024-09-30T10:16,5,99.45,Card,Completed
41dab394-5436-4109-9db9-0756873ad2f9,89d26a00-0fde-4c03-8430-b06f6bc3f33a,2024-05-16T10:16,4,108.00,Cash,Completed
2c6cfa57-8b6e-48c3-aabd-fa3b052ee960,e277d099-db2a-4aee-ab86-8b0e73a34383,2024-12-28T10:16,6,78.42,Online,Completed
26b9921e-04fe-40be-8cc1-3549a6dd5719,1d32c3b3-c732-4995-aa6b-ff159deb3bdf,2025-09-24T10:16,9,268.83,Online,Cancelled
016a40f1-a0bc-4ffc-82cb-8142064ba7cb,b03f75c1-655f-4480-a2bf-1a0af806e96e,2023-11-28T10:16,8,48.08,Online,Pending
1d489487-aabd-4752-b856-b0934648ed44,d6d4ef4b-0870-48aa-b884-013237f255f4,2025-09-03T10:16,9,57.33,Card,Pending
9b927fcd-1f68-44bc-9616-899baf4cb6e0,52fbb114-83aa-432d-b2f1-f3e37a5c4754,2024-04-01T10:16,4,73.64,Card,Cancelled
b2ec24d8-fd97-4b2f-98c0-5065f832f34f,050d9901-1cb5-413a-9c31-282028f863c1,2024-01-08T10:16,6,136.32,Online,Completed
a2a6c9d9-983b-4ac0-a0a5-08c2a64d715d,3dcaabe3-78c9-4d88-bed5-56ca7ceea07c,2024-04-14T10:16,6,145.08,Cash,Cancelled
a4fef34a-0af0-440a-a8a5-d11e6c7850a3,6e6d2c67-f7fb-4a98-8f9a-4822259b25c4,2025-07-15T10:16,8,237.60,Online,Pending
003713dc-93c2-49b8-8bcc-acadfa731ab7,a3f626b9-cc27-4c04-8570-be79ab8bda4a,2024-05-23T10:16,4,81.04,Cash,Completed
9be5e869-49b0-4f4f-b383-f4c6e6d822e0,e277d099-db2a-4aee-ab86-8b0e73a34383,2024-02-12T10:16,5,98.20,Online,Pending
9c60e7e6-e8e4-451d-b9b8-3670f63846e4,21edfc22-3f73-4335-a774-3cf78ab65e86,2023-12-18T10:16,5,27.55,Cash,Pending
484f07ab-ddfd-451c-aaae-796f37409923,92da274a-bea2-490a-bb52-196c46fa8487,2025-06-22T10:16,3,15.66,Cash,Cancelled
d386d271-b5a9-4519-b6d8-334bee91aadd,e7991221-0de0-4ef8-aa9c-ca3b59197059,2024-04-01T10:16,6,117.36,Online,Pending
3056e032-1330-473f-8e3d-3dada6e21c85,ba5d9947-b043-4aca-8ee0-6b77895cf8e8,2024-02-16T10:16,9,171.54,Online,Completed
389e32de-8b70-4727-93b8-ea72b8587b2a,4f6ae324-5b6d-47d6-a86d-26ec6fbe1e0e,2024-05-11T10:16,2,33.22,Card,Pending
8e7dd32a-0444-4a73-a8d8-7968e13535eb,e38afcd9-9e08-47ba-bc92-5ebb4bc271eb,2023-12-09T10:16,2,44.36,Online,Cancelled
25ca33c2-ce00-4dc0-891a-2c4a8acc13db,b95f7619-fab2-4df9-8683-1f2aeb93a660,2025-07-04T10:16,4,29.40,Card,Pending
25206e7a-7ed4-4ae5-8862-1b4ab372deac,73a2b03c-2dca-486e-8ebc-c4d6bb68a8c6,2024-11-05T10:16,3,78.00,Card,Cancelled
1cf1a71e-0f5a-416a-ad0e-21746a3f84e8,e38afcd9-9e08-47ba-bc92-5ebb4bc271eb,2025-08-11T10:16,5,94.30,Card,Pending
1fff64be-f6a6-4b68-85d2-9df2426f4242,7a2e5fa5-096b-4701-8ce6-7a3db39bf8eb,2025-03-18T10:16,5,94.20,Cash,Completed
efed176c-6ac5-4f49-a4fc-cb40d34c5933,5f0f3def-9ff6-4282-ad04-001c4a769966,2024-02-16T10:16,2,14.76,Online,Cancelled
5952dc29-1bbc-42cd-a07d-bae7463c5e4f,65b2c0ea-6192-47fc-9286-2c1dd3ecefb1,2024-10-20T10:16,2,19.48,Online,Pending
dba8023b-8e33-477d-9787-a8eea0ad7d7f,ceafdb2a-788d-48e0-acdd-bd533a2e7ab6,2025-07-09T10:16,6,101.34,Card,Cancelled
b958d83f-c062-4728-81f4-9036549bbd51,bc58b12c-65c4-4f21-89ef-3e492a22ef7c,2025-10-21T10:16,7,52.99,Online,Cancelled
8bd4a08a-50ab-4969-b461-a13e671d2de6,73a2b03c-2dca-486e-8ebc-c4d6bb68a8c6,2024-12-25T10:16,1,10.05,Cash,Pending
d755d9c3-c42d-4a84-8e9d-8a58271e7704,3dcaabe3-78c9-4d88-bed5-56ca7ceea07c,2025-09-22T10:16,4,38.84,Card,Cancelled
cdfad6c4-cabc-4b96-90e5-f239049792a1,9c53f3f8-5b22-4d77-bd76-cfa6c70e443c,2024-09-07T10:16,4,80.32,Online,Cancelled
9576df8a-befc-485a-baf2-3e884e382cfb,f543de06-e341-4de2-95ab-ca0fd3ee51fe,2025-02-05T10:16,3,78.96,Cash,Cancelled
7c4aba48-f54d-4e2f-bdc3-dbcf543a0a6c,1a48aa9a-def3-481d-922a-94300aa97309,2025-01-19T10:16,5,53.35,Online,Completed
453265cf-77da-45e1-a5a8-11965123ec61,f3826f04-0dfa-4266-8002-58fede0093f5,2025-03-01T10:16,6,85.86,Card,Cancelled
50594ff6-ae0c-4067-9e54-019dfe43f82b,ebe19120-496a-47fa-87eb-2440212a3363,2025-11-09T10:16,3,23.16,Card,Completed
529d95c9-d5cd-4afa-b3b1-3f4d6b556271,428424b7-1f94-496a-8b7a-497ce177d32c,2024-07-20T10:16,6,97.26,Card,Cancelled
77d13a4a-9b70-4bd8-a2dd-b0cebc32eaf4,25659c0e-6eb5-4c57-add8-fb6ac5f42699,2024-11-01T10:16,1,16.13,Card,Completed
a78bef7f-f781-4818-92f4-66423b6c18e3,ecf1ffb0-ac00-4968-87ea-8beef4ace55a,2025-09-05T10:16,9,125.91,Cash,Completed
8e6dc702-2e2c-4415-a394-1f21f672cf62,c0d74d86-5c5b-481d-b8e3-61eeb9c77255,2025-05-26T10:16,2,30.98,Cash,Cancelled
f52d65d9-a10e-4606-af45-79d10efe9af6,485b65e7-fdf4-474d-afba-37986d8d3cd8,2024-03-10T10:16,6,125.46,Online,Cancelled
7a9fa423-43f2-4b0a-a633-584015778ff4,2ca088cd-c6c6-4e60-a1a4-d2990ee21b12,2025-01-23T10:16,8,82.64,Online,Pending
14aeeb7c-8b5d-4d3b-a244-1270df0fa531,1eeb9c5f-5b7a-47af-b4f1-5a50d9d1089c,2025-08-17T10:16,3,87.39,Card,Completed
fde2d4c4-dbbc-43d0-bc75-864ae15df138,ada8704c-2784-4d70-84da-10078407d2c8,2025-10-01T10:16,7,175.00,Online,Pending
96755b7a-a0bb-4b0b-91e2-9ce2d0742c01,a302a1a8-c429-406f-abff-9f273aa0a4b5,2024-01-01T10:16,3,24.30,Card,Completed
e0e17613-467b-4245-9958-9b244a13a484,6c6a3b10-9747-4dca-a041-4edc22d147b0,2024-05-31T10:16,6,41.04,Online,Cancelled
0f1c1e07-2655-4812-aa64-80e14580933a,fbe227d7-6d32-4407-9783-7fdac983e55f,2024-11-13T10:16,7,57.54,Card,Cancelled
08d7a1e5-e2b0-4dc3-b42d-3d170e3b65e8,d5eaf6a7-76cc-48ec-98d9-ba713e2df70f,2024-08-08T10:16,5,83.35,Online,Pending
2e3c06cb-07ca-4022-812e-4236bdcfdfc3,bb9edfa8-17f7-4f6f-8e3b-616693a298b1,2025-01-03T10:16,5,82.10,Cash,Pending
3896f33d-ee27-43da-bd38-672eaa921458,0472ca7f-b133-4710-8f43-24a3c6c1afd1,2024-07-20T10:16,6,58.32,Online,Completed
660ddec4-21b5-43a5-9f09-065eca2f07a4,39cb44e2-a541-4b98-bc0b-db5f31cf8710,2025-06-08T10:16,6,94.44,Cash,Completed
21440938-4c89-4bcd-9e9d-f9dee0d835fd,62a2bfef-ca4a-4dec-90ea-bf15ea1880d2,2023-11-15T10:16,3,15.90,Online,Cancelled
b5970d07-d96c-4f07-bd5c-f7e86d8c89f8,365c90d0-a590-4209-9401-2ce55af5ed98,2024-04-07T10:16,4,105.44,Card,Cancelled
5bf1564a-a6bb-4282-9ad5-1342e26ad7c5,ff4db0d8-e809-46e8-9ae0-78ffee4902d9,2025-06-16T10:16,1,7.09,Card,Pending
2b927956-9048-42a8-ae7c-242bce0d3479,9fa382f0-8393-48db-ad30-43c953282401,2025-02-01T10:16,1,10.01,Card,Pending
c4822205-e361-4d0d-9268-fb8c436579dd,5d6f84a5-a4de-442e-99b9-b8ef714b4436,2025-01-05T10:16,6,138.36,Cash,Completed
e2ae159c-e6b4-43a3-a56f-0d50ed18345e,71f17b36-2c37-4cfa-bf8a-894fa94c0e9b,2023-11-26T10:16,2,30.34,Online,Completed
73fb5fd0-4112-4e2e-b063-e1db5ce8b837,0dd437d0-74fa-43c3-8909-5c955e4d47dd,2024-05-01T10:16,7,99.26,Cash,Cancelled
7a8c0b97-cf93-4a30-bd7f-d8243d1897d4,0a0ac3e5-6e20-4fbc-87ec-5481c70e38bc,2025-05-29T10:16,9,239.13,Cash,Pending
5d5c5fe3-5a71-4b3c-b249-23341e18ea64,428424b7-1f94-496a-8b7a-497ce177d32c,2025-06-26T10:16,8,213.60,Card,Pending
86b19e7a-3859-4ed9-86c4-d44409247b23,5f0f3def-9ff6-4282-ad04-001c4a769966,2023-11-20T10:16,9,257.49,Online,Pending
9ae2fbfc-bf04-40ff-8621-c7f3b62f3b33,8250871a-2b35-424e-a1a1-4eb4faffabfb,2025-02-01T10:16,8,119.28,Card,Completed
f9dfe6ee-bbaf-4659-8b7a-2b9c71e8882a,e12c3d24-86c8-474f-b86b-370df36adbfe,2025-04-19T10:16,5,73.35,Card,Cancelled
d0b6c507-bbb0-4607-a05b-f68604ec3439,0d463f72-c3a1-4a2b-8d0d-1721a0d1a06b,2025-03-31T10:16,6,103.08,Card,Cancelled
2df53f65-448e-473b-a45b-72691144a598,3ab3404a-ee80-4ed2-8d90-a6f0dad14e48,2024-08-14T10:16,2,43.74,Online,Completed
e076b697-8948-42bb-b82c-d9036c846a54,d3f641e5-b8b5-4f5f-9155-7768df2033e8,2025-04-12T10:16,4,39.92,Cash,Pending
f170bdcc-aa7f-4b33-af20-ebbdd3f010fa,0a15d43b-8f6b-444a-bef2-ffbddfdbd16f,2024-12-17T10:16,2,38.04,Cash,Completed
6155d295-3d10-4625-adeb-684abec5caab,050d9901-1cb5-413a-9c31-282028f863c1,2024-01-20T10:16,2,33.66,Card,Completed
49947879-1277-452b-aeea-5605e2ccc13a,ef7fad1f-a86f-4ee1-95b4-ce1f339f0fa5,2024-04-23T10:16,5,30.85,Card,Completed
d8cc0ca9-4299-4363-b30d-32bba32ebcc3,6b1178fc-1745-401d-88da-3903c243ebe9,2024-04-06T10:16,9,121.05,Cash,Cancelled
4b1e1d48-087b-4357-86eb-b15a2e051664,9305d562-2505-493d-8ed8-3fb721c8f491,2025-02-13T10:16,4,76.76,Card,Pending
1ae4bedd-6050-4691-ae9c-83616d55aad6,964d337f-acd5-4ca2-8843-9be3f2eb60fc,2025-01-23T10:16,2,22.88,Card,Cancelled
e10e2bd3-e3e5-4836-bf44-37a1897e347b,7c991f43-c18b-4404-8826-97691b0dc00c,2024-07-24T10:16,3,31.59,Online,Cancelled
860fa96a-0bf3-4b24-ac3d-bd23839a3e93,cb8747c7-32ca-4b6b-868d-13ab01d953ec,2023-12-24T10:16,2,34.58,Card,Completed
631bab8b-fa26-44ae-be79-7a5be3bd2c8e,09ba4183-1b94-4f8c-bc5f-eca421a88524,2024-07-15T10:16,5,116.45,Card,Cancelled
8cd8449e-5dd4-47a6-b525-adcb74fcff6c,39cb44e2-a541-4b98-bc0b-db5f31cf8710,2024-10-11T10:16,9,151.47,Card,Pending
82e5edf5-3a74-4b46-8cde-db0db03bb715,5eb75bc0-d5fa-4209-9d42-7767f3f0585b,2024-12-22T10:16,3,61.44,Cash,Cancelled
411ab60b-d191-4fa4-ad41-ea5f7855d441,964d337f-acd5-4ca2-8843-9be3f2eb60fc,2024-02-19T10:16,5,52.25,Card,Pending
84aa7cfe-fb3a-4912-aeab-69720c17147a,52c87fd9-fdf0-4256-b929-6153ad24a0ac,2024-08-15T10:16,5,147.05,Cash,Pending
2948f437-6e07-45ce-9c67-373bf60f7500,d3f641e5-b8b5-4f5f-9155-7768df2033e8,2023-12-11T10:16,6,67.02,Card,Pending
900e04dc-222f-4710-ab1d-c507b3bd647f,e886c155-0dae-4b36-88f5-a86fa474d1f6,2025-10-04T10:16,7,166.88,Card,Completed
0a6b52ae-fbea-40b7-8459-14a4ee367d94,0a15d43b-8f6b-444a-bef2-ffbddfdbd16f,2025-03-24T10:16,3,66.51,Card,Pending
890ea792-82d5-47f4-b26a-ba9a1a09f760,1407e9cf-22c9-4137-a2fe-cc12dc038235,2024-08-05T10:16,5,121.65,Online,Completed
05a24ee2-592f-4d91-8059-e2fccad8a352,caad7924-4bc5-4f85-9662-11ca261e3c87,2025-01-28T10:16,8,64.80,Cash,Cancelled
67b1731d-b0e5-4342-9d9b-fb004481fe54,3910ab11-8758-4a4f-8a9b-c4f5df7413c4,2025-07-03T10:16,8,139.20,Cash,Completed
f546f6ec-263c-4f86-a163-7892d832febe,b014b56e-3263-4b63-8430-46e00bc5ea77,2024-05-10T10:16,4,100.56,Cash,Pending
bdddb023-93d7-44da-bcce-686ac047b402,103fcba5-5588-45a5-9fe0-6ac948d3860e,2024-06-12T10:16,3,25.62,Card,Pending
53ce7ee0-9413-4dca-8074-bd5a5013d320,1a31c678-d420-495a-aff3-0f1609514e1e,2024-07-19T10:16,9,215.37,Online,Completed
86f71e1e-a647-4df0-9376-69ad53dcc916,4e44f26d-5455-405b-8fdb-63ab8b739ecf,2025-04-09T10:16,4,25.16,Card,Cancelled
44323c0f-cf20-4412-baed-794aa806f1f3,058b9c75-b72f-4594-80d2-e41194ff7672,2025-08-13T10:16,1,18.50,Cash,Completed
7756f90d-196b-4985-8375-5c8eb0dfc777,52f5634d-de98-4543-8a1e-cbf1e2d0242f,2025-01-22T10:16,8,143.84,Online,Completed
c4cfe874-f370-4436-8499-2070a69e4407,1a31c678-d420-495a-aff3-0f1609514e1e,2024-07-11T10:16,1,27.78,Online,Completed
eac0d2aa-cc55-4568-9a0f-44601b4ce9df,b95f7619-fab2-4df9-8683-1f2aeb93a660,2025-09-11T10:16,8,185.04,Card,Completed
2a348006-e372-4c43-80f0-eda75d2f0557,63846b60-b7be-4087-ac6e-56c9bc130a20,2023-11-28T10:16,5,132.00,Cash,Completed
fe821bc4-b3ab-453e-bab2-8e48f408ada0,8b115a34-224b-453c-be69-b53a7445b466,2024-05-24T10:16,5,61.30,Cash,Cancelled
ff701b59-37cf-4ac8-bfb9-b188888e49eb,1407e9cf-22c9-4137-a2fe-cc12dc038235,2024-03-12T10:16,1,25.74,Card,Completed
ef422a4e-e9a6-455d-9373-f2cfa0dd056a,c1a09d60-c9e8-4489-a68e-e01b51541d33,2024-05-12T10:16,7,122.43,Online,Completed
3d6bc465-d6db-43e8-a603-9b760a35dfb2,52fbb114-83aa-432d-b2f1-f3e37a5c4754,2024-07-24T10:16,2,26.78,Card,Completed
ffb97800-e40c-4527-abcb-ac95a6172274,d5cfb1a3-ce2f-4aff-ab4c-50e0c5426af1,2024-01-14T10:16,3,23.01,Cash,Cancelled
7d58ab27-03a3-44c2-af2e-5ba4676196fa,3ab3404a-ee80-4ed2-8d90-a6f0dad14e48,2025-09-21T10:16,2,43.38,Card,Cancelled
326b366b-ca4e-4785-98e2-c87b6918b70c,3dcaabe3-78c9-4d88-bed5-56ca7ceea07c,2023-12-28T10:16,7,35.21,Card,Cancelled
fc9f66ab-bf15-48f4-93f3-47583cc4aaf3,cd50913f-8c99-4253-9134-0cf5fe5f300f,2023-12-14T10:16,3,54.15,Online,Completed
f0a7600e-fa4d-4611-8fac-a44999344c94,b014b56e-3263-4b63-8430-46e00bc5ea77,2025-06-25T10:16,7,77.14,Card,Cancelled
1b512b59-68ac-4175-a935-e42385877ab3,6b1178fc-1745-401d-88da-3903c243ebe9,2025-08-26T10:16,6,90.60,Card,Cancelled
7be715bd-0861-4e5f-b735-75fee7a1c7e4,050d9901-1cb5-413a-9c31-282028f863c1,2025-05-05T10:16,8,141.04,Card,Pending
30423a20-1875-46f2-9b5e-031da4bca09e,e38afcd9-9e08-47ba-bc92-5ebb4bc271eb,2024-03-29T10:16,3,54.15,Cash,Completed
05b285b4-d0ee-420b-9bb4-05018b5c9f0d,5f6e51da-5f01-4c9a-85dd-7d50ef37e5d7,2025-03-08T10:16,4,74.88,Online,Cancelled
7c908328-0260-4105-a62d-85390adc1ed9,caca465c-e9f2-4add-91b5-24c70595e321,2025-01-14T10:16,3,23.37,Card,Completed
bf744421-fcc5-4153-ad73-dbcf4a9f45ef,f067e21d-d1d4-4e87-9cae-9753f5f9ccb6,2024-12-07T10:16,8,177.60,Card,Cancelled
57e118a6-ec20-45b7-9822-dba9c7518c1f,a938df5f-7764-459c-8bfd-90409d16b3c6,2025-07-01T10:16,9,164.70,Cash,Cancelled
1846f816-8789-43f0-a976-6990c630ccbf,824998a2-7592-4051-ab0b-d5e12743c93b,2025-08-15T10:16,2,47.22,Online,Cancelled
027f9150-87f1-442b-9647-979cfcbb59cf,910b1d47-5c37-48b1-8bde-96c60660f1d7,2024-09-12T10:16,9,184.41,Cash,Completed
bc9d1bae-d368-436d-b025-faa289829786,428424b7-1f94-496a-8b7a-497ce177d32c,2025-09-13T10:16,5,53.70,Cash,Cancelled
64a9d93e-e683-4a89-9841-87e30957e3c6,e119f98a-df63-41dc-8e01-bb49ca2dc724,2024-07-08T10:16,9,96.30,Cash,Pending
fff40d09-0e77-4dac-aafa-5d98d8c20fe2,8887df7e-682b-4d48-b18c-c1ddfa0aaa26,2024-09-19T10:16,3,72.33,Card,Cancelled
fce9d5cf-b65c-4e25-a8b7-fbc3f7aafafe,dcfb3d05-846d-4915-99f3-ebbc7559d972,2024-12-30T10:16,9,223.92,Card,Completed
151c8417-56d5-427a-94d4-4f5a21f41aa0,00d7ae70-0f46-4453-963c-4ab2a3d29314,2025-03-12T10:16,5,94.55,Cash,Completed
f523d58f-65f0-4c7f-8b94-40d141e7efed,c1a09d60-c9e8-4489-a68e-e01b51541d33,2025-09-01T10:16,1,14.81,Card,Completed
a3a616d9-01af-457a-ae1b-97ce370c7339,f0a6a958-e434-41bf-a830-dffa55a34db5,2025-11-05T10:16,6,162.18,Cash,Pending
cb7f445a-a3e5-4d91-a01e-6c540f5990b4,0472ca7f-b133-4710-8f43-24a3c6c1afd1,2024-04-23T10:16,8,218.72,Cash,Pending
b3152067-6385-4ce4-baa9-0cbdc949cf3c,515fe1d2-d33a-4b9d-8c19-07e0cbe81a9a,2025-02-13T10:16,9,227.25,Card,Completed
7af6be74-a0bb-4db7-8ed4-f625572c230d,dcfb3d05-846d-4915-99f3-ebbc7559d972,2024-08-26T10:16,2,37.24,Cash,Completed
ccaf5d21-19b1-45a7-9797-f11abf33c73c,058b9c75-b72f-4594-80d2-e41194ff7672,2025-05-30T10:16,7,159.60,Card,Completed
b1d32042-33ea-477f-b890-e17f8fac25f0,bb6bf39c-f455-4e08-a59e-1bdaaa91d4aa,2024-12-19T10:16,5,105.05,Card,Completed
25d5f478-884b-4c10-b2ea-848e51df400a,d3f641e5-b8b5-4f5f-9155-7768df2033e8,2025-08-05T10:16,6,170.70,Cash,Pending
a3a4d953-adda-4076-b457-181123d19335,0130fcd4-a6cf-4a72-8400-7bcae1abce34,2024-03-08T10:16,1,19.80,Online,Completed
b76c1daf-645e-4916-81f8-450dd1199a80,0df3bae1-6384-4856-aa27-aef9f6c48b75,2025-03-25T10:16,1,17.07,Card,Pending
f101e1df-603b-4d8b-988e-1d5c834a45b2,e12c3d24-86c8-474f-b86b-370df36adbfe,2025-06-11T10:16,1,30.00,Card,Pending
da55c936-fe5a-4ec8-a5a7-8263367f2308,c1a09d60-c9e8-4489-a68e-e01b51541d33,2024-12-28T10:16,6,170.16,Online,Pending
16d212ca-a1e7-4b7e-bee4-c3c6106db171,e85d0261-2d97-4475-a749-363ec9040a74,2024-08-09T10:16,1,23.47,Card,Pending
e47694db-b5d4-4b11-9809-855ec44b6375,795088d7-d227-422e-ad8c-f048bde0675e,2025-09-06T10:16,9,125.19,Online,Cancelled
01e89f45-08e7-43bb-864a-962e9de8c812,8113211c-bdc3-4bb0-94d9-3fd3871f3005,2025-08-20T10:16,8,136.00,Online,Completed
aeef2bee-dd67-4ca4-b8c2-7aedc4a33bef,485b65e7-fdf4-474d-afba-37986d8d3cd8,2023-12-13T10:16,6,42.42,Online,Completed
f2ff7d10-2141-4bfe-966f-275320f14b93,b0d737cd-ec4b-4a88-aa81-d012ef3fb719,2024-01-17T10:16,9,238.32,Card,Completed
c7b59f4d-6499-4801-99d3-ce4d8027d6e4,59827b2a-ae17-44b1-bd6f-6f08718559cb,2024-05-05T10:16,3,63.27,Cash,Pending
c0600efd-6804-425a-953e-48d4cb030072,0b2a0e9a-e050-4380-b607-57adcbbf59d4,2025-01-24T10:16,3,56.40,Online,Cancelled
1a5428e1-a006-4198-8bb6-2fc042779bb0,aac35608-9499-49c5-811a-a059e773c968,2025-05-22T10:16,8,106.16,Card,Completed
256ffb12-ff91-45ec-8353-100605fb0a4e,a3f626b9-cc27-4c04-8570-be79ab8bda4a,2025-04-30T10:16,5,107.80,Cash,Completed
e625772b-ce84-498d-8fd4-65554907d92c,941529ef-2114-4bff-907a-4596ff4593a1,2025-05-31T10:16,7,129.50,Cash,Cancelled
5da972b5-e637-4ff0-a3f6-3bc8dbdef577,ceafdb2a-788d-48e0-acdd-bd533a2e7ab6,2025-06-11T10:16,3,44.79,Online,Completed
560d518c-a16f-4884-93b7-d7b706b999e7,bc58b12c-65c4-4f21-89ef-3e492a22ef7c,2025-08-13T10:16,5,28.15,Cash,Cancelled
54f2c182-a72d-416d-804e-0388bc28efb7,d7af10ce-45c9-4fc8-8dd8-b1c5491aad5f,2024-05-31T10:16,5,141.20,Online,Completed
9b7de215-c79a-4cc6-9905-7a1a3ffbea84,6945f6f4-b8f9-4d04-90ff-e59ed705578e,2024-09-24T10:16,7,68.18,Cash,Cancelled
e32f272b-9b3c-459b-9a20-3eb4c9946f9b,058b9c75-b72f-4594-80d2-e41194ff7672,2024-07-03T10:16,6,42.54,Card,Cancelled
4221efe9-692d-4ec4-9f55-23bb563e0aa8,7d2df59f-386d-4aec-85a8-2443262a0cb4,2025-07-26T10:16,1,13.62,Card,Completed
40414bdb-34b6-4c07-95e1-be84a275b8f2,10b26c2d-7d56-4175-84a8-a2775e128a9d,2024-06-20T10:16,9,179.82,Cash,Pending
485c84f6-68c6-4485-8fd9-e1b91b1d959a,1d32c3b3-c732-4995-aa6b-ff159deb3bdf,2024-10-07T10:16,5,69.15,Online,Cancelled
3cc69b86-af7b-4e60-952f-1bd545d5094f,62a2bfef-ca4a-4dec-90ea-bf15ea1880d2,2025-03-17T10:16,5,36.85,Online,Cancelled
ead8659b-d83c-4235-a33e-883d0a98593a,a938df5f-7764-459c-8bfd-90409d16b3c6,2023-11-17T10:16,7,81.62,Card,Pending
bed83621-e0a9-4191-ae7e-b80ac3b52bdb,cf65c4b6-4c1c-420b-95de-23e5b56ffad5,2025-09-19T10:16,9,54.09,Cash,Cancelled
ef14db52-114b-4998-b227-ff6939c278fd,6e551d53-4f6d-4b84-a9de-3d7c79694805,2025-07-28T10:16,5,86.55,Cash,Pending
407887d4-2bf3-4b1b-a2a6-7bc5d354a641,e886c155-0dae-4b36-88f5-a86fa474d1f6,2025-03-24T10:16,8,95.20,Online,Completed
51a5939c-bee4-455c-91c6-96996e145fe2,c5817fdc-a4dc-4879-b957-30cfda62016b,2024-05-19T10:16,2,30.86,Cash,Pending
0f106556-a213-4aa6-9b71-491f4e370ef0,d3f641e5-b8b5-4f5f-9155-7768df2033e8,2023-12-29T10:16,4,77.16,Cash,Cancelled
aeb0be8d-a230-487b-850e-b897cb804cfc,795088d7-d227-422e-ad8c-f048bde0675e,2023-12-05T10:16,3,42.72,Cash,Pending
bb7de44a-e761-429d-850e-d3bdd562c387,8626238e-5813-415a-9a8c-db944b1e0269,2025-08-16T10:16,4,27.64,Online,Pending
4cc98a92-09c2-4d45-818f-ea74869f02b1,aac35608-9499-49c5-811a-a059e773c968,2025-07-14T10:16,2,12.96,Online,Completed
c776a98e-d51b-4a3e-93f4-5194ad986dd9,c3ffc43c-0c11-40fa-9824-f234161741d0,2024-05-23T10:16,1,16.51,Cash,Completed
f3f55941-3d49-4709-9d50-75ff2b2a2eb7,f90cf3ca-e2d0-4129-bc7a-e8a2b80880da,2025-07-15T10:16,7,81.90,Card,Pending
7c88c039-e40c-484f-80e9-f9687848d1b5,964d337f-acd5-4ca2-8843-9be3f2eb60fc,2025-08-04T10:16,8,212.96,Cash,Completed
1447f84c-02b9-4ce3-bbcf-fba4c7953c39,2c6dafc9-06cc-4b3d-8b8d-12aae0644c58,2025-01-16T10:16,6,154.32,Online,Cancelled
6222557f-fbb6-4ae4-8982-66e6ae39bd0a,3ab3404a-ee80-4ed2-8d90-a6f0dad14e48,2025-03-04T10:16,3,74.67,Card,Completed
40f2f660-c987-42b6-bf27-84a7ced0f815,103fcba5-5588-45a5-9fe0-6ac948d3860e,2025-05-24T10:16,2,14.02,Cash,Pending
2cf45737-d08a-4b24-ac94-a2ab54455ffa,6b1178fc-1745-401d-88da-3903c243ebe9,2024-04-24T10:16,7,44.31,Cash,Cancelled
74f1f20a-9fb6-4b2f-b96b-78075376d3dc,e7991221-0de0-4ef8-aa9c-ca3b59197059,2024-10-18T10:16,9,46.17,Cash,Pending
1e7c9080-9e1f-40e5-9335-84e8c71a70fa,3befa4dc-d961-4a3a-9410-d43d1bdaa335,2025-10-29T10:16,7,177.94,Cash,Completed
83289b5f-3112-4eca-af6e-8464d139cc5f,1a48aa9a-def3-481d-922a-94300aa97309,2025-05-08T10:16,4,115.08,Card,Completed
debe730d-0179-4565-9a9a-42b19ceb026c,3ab3404a-ee80-4ed2-8d90-a6f0dad14e48,2024-08-24T10:16,1,12.58,Card,Cancelled
77d5c05a-3ea3-4e25-b2f5-66b82c86b340,b95f7619-fab2-4df9-8683-1f2aeb93a660,2025-05-09T10:16,7,148.05,Card,Completed
c3dd6f15-1326-44dd-80db-f5cd854355cd,b90a3a7f-421e-47e5-8598-fe50f365a62e,2024-12-20T10:16,4,64.48,Online,Pending
06addcfe-b10d-4903-8c85-8023ed87d14d,fe624323-ba72-456d-9842-ed9e0edc75df,2025-09-24T10:16,7,46.62,Cash,Pending
5355397b-4fce-4ba7-a08f-4d2f1f185509,103fcba5-5588-45a5-9fe0-6ac948d3860e,2023-11-28T10:16,3,69.60,Card,Cancelled
7b35376f-c973-4d68-ae18-3279568c6f02,4e44f26d-5455-405b-8fdb-63ab8b739ecf,2024-07-06T10:16,8,59.44,Online,Cancelled
5deccc57-6bf1-482e-b0a9-be46cde66034,f3826f04-0dfa-4266-8002-58fede0093f5,2025-08-06T10:16,1,23.84,Cash,Pending
3efc39c1-05f7-45bf-8697-b518e54c0de3,953417c6-cd52-45e9-9ca0-bb450653c934,2024-10-24T10:16,6,168.72,Card,Completed
799301b8-f50a-4212-abb2-4717b2d2d27e,c46351bf-193f-49af-a5d6-456188837c3d,2024-11-03T10:16,8,124.80,Cash,Cancelled
8e0d282e-a286-4e55-87f7-7414f5399019,caad7924-4bc5-4f85-9662-11ca261e3c87,2024-03-19T10:16,1,12.64,Cash,Cancelled
2786085c-ac11-4f44-9b4d-0715f87da1b5,c9dcc28a-ae5f-477c-ae7e-72d94129f449,2024-10-09T10:16,7,74.76,Online,Completed
09632eab-db98-446a-b465-bf7aacdf6113,941529ef-2114-4bff-907a-4596ff4593a1,2025-08-07T10:16,5,131.40,Card,Pending
7497fb15-2db4-4a17-afb4-4f90309c3cee,59827b2a-ae17-44b1-bd6f-6f08718559cb,2023-11-18T10:16,8,225.52,Cash,Completed
08141f4d-b4a3-4fea-9c38-be496998b345,0a15d43b-8f6b-444a-bef2-ffbddfdbd16f,2024-06-01T10:16,6,60.66,Cash,Completed
1d51ea75-526c-472f-a834-c5463f98a4f3,53db1213-7316-47bb-9099-c1def0e3c96b,2023-12-02T10:16,5,99.80,Online,Pending
b0644236-35c5-42c9-a269-873ee67a0584,2ca088cd-c6c6-4e60-a1a4-d2990ee21b12,2024-04-15T10:16,9,109.53,Online,Completed
4c3cf17f-69a0-41f9-8053-07aedc64b351,d7af10ce-45c9-4fc8-8dd8-b1c5491aad5f,2025-09-14T10:16,7,48.72,Online,Cancelled
fa2666d9-34bc-478a-9e7f-c0cefa571685,f543de06-e341-4de2-95ab-ca0fd3ee51fe,2025-11-04T10:16,4,96.68,Cash,Cancelled
9cbbe8c3-0faf-412f-a013-4fbd1e255b5f,62a2bfef-ca4a-4dec-90ea-bf15ea1880d2,2024-11-18T10:16,4,65.12,Online,Pending
0875c809-21a6-435c-b496-bfabedd79913,bf0de251-90d7-423c-8b31-48df1a89964f,2024-04-04T10:16,2,11.30,Online,Pending
b4512423-4528-428c-b450-d65fbcfa4755,a190f67b-21df-46bc-8164-46bdfa00af85,2024-02-29T10:16,3,88.44,Online,Pending
f737a15b-172f-41d8-80bd-5d9815ae8b52,caad7924-4bc5-4f85-9662-11ca261e3c87,2025-01-24T10:16,3,41.04,Online,Pending
dcac1b02-3596-4268-b2df-63be42c640f4,8113211c-bdc3-4bb0-94d9-3fd3871f3005,2025-06-14T10:16,8,75.84,Online,Cancelled
1070db81-968c-4d8d-af38-a4ad42e9f0a5,aff4340c-d102-49ba-af8e-84d2737ce82c,2024-06-20T10:16,7,198.45,Online,Completed
f20b53a9-0e24-4078-97d5-28de26f8b6b4,428424b7-1f94-496a-8b7a-497ce177d32c,2024-04-17T10:16,7,49.21,Online,Cancelled
23a0b854-7c79-4d5e-9b6d-67ca0d46e8b6,aac35608-9499-49c5-811a-a059e773c968,2024-02-13T10:16,2,40.62,Card,Completed
2b8e2697-0a61-4469-8c3b-d45154baef0e,401a6911-a31e-4892-adc1-56e3e1eb090a,2025-06-10T10:16,2,24.12,Card,Completed
fa66ef7d-f211-41b6-8f04-449a30df63fd,cb8747c7-32ca-4b6b-868d-13ab01d953ec,2025-04-26T10:16,4,27.40,Cash,Pending
75502973-74c3-4cd9-800d-9f729f3eca14,2ca088cd-c6c6-4e60-a1a4-d2990ee21b12,2024-11-08T10:16,2,21.70,Card,Pending
3e0c1689-a260-42b9-8c6d-66c075d2ba68,65b2c0ea-6192-47fc-9286-2c1dd3ecefb1,2025-10-11T10:16,4,112.20,Online,Cancelled
f0a4e3f3-6d3f-4174-bf06-52de5f0328a9,f90cf3ca-e2d0-4129-bc7a-e8a2b80880da,2025-01-22T10:16,4,95.28,Card,Completed
3b24a407-d471-4055-8de5-2d65cf9c95f5,aac35608-9499-49c5-811a-a059e773c968,2025-04-20T10:16,8,162.24,Cash,Completed
0b2c1416-6b6c-42a5-957f-29feee1f43c3,e6e1db85-f8ba-4264-9c9a-520ecda4bc4c,2024-08-14T10:16,3,69.09,Cash,Cancelled
c8d2d7a7-f1f1-4131-bf91-c93c87a2f844,cb8747c7-32ca-4b6b-868d-13ab01d953ec,2024-04-26T10:16,7,193.55,Online,Completed
a90a9589-1762-40e6-856e-02683aa65d34,0e0d5f13-edd5-4ab0-9ddd-3df111bedc5a,2024-12-15T10:16,2,47.40,Online,Pending
99e6e0e0-aff6-4856-b816-74d16d7022c7,bb9edfa8-17f7-4f6f-8e3b-616693a298b1,2023-11-14T10:16,2,30.48,Cash,Completed
2de7d18e-9594-4b74-848a-98ff661c3843,e38afcd9-9e08-47ba-bc92-5ebb4bc271eb,2025-01-05T10:16,1,23.75,Online,Pending
a1e1e857-c295-428d-8c64-25a09f0728c6,103fcba5-5588-45a5-9fe0-6ac948d3860e,2024-10-02T10:16,3,38.70,Cash,Completed
cd9bc309-405e-49d4-8fc6-e05dd9a55dff,b0d737cd-ec4b-4a88-aa81-d012ef3fb719,2025-09-02T10:16,3,28.02,Cash,Cancelled
c7cdc450-1ea2-400c-9b0f-b31d64952704,46032f36-69bc-465a-9b33-a5d560bfd77a,2024-02-04T10:16,1,7.61,Cash,Cancelled
8662e813-4763-4ca7-baed-fc55ca7950bc,23650eb4-f98d-45a3-a90b-a378f03d469d,2024-06-15T10:16,5,102.85,Online,Completed
9cf9d674-f7eb-4746-85d9-85d1054d8c81,428424b7-1f94-496a-8b7a-497ce177d32c,2025-04-01T10:16,8,239.92,Cash,Pending
5ae378aa-8390-4c39-bf44-ac78c581ac23,0a570207-0f70-467f-bbeb-44a0a60a9a25,2024-05-28T10:16,5,120.20,Cash,Cancelled
3d64a079-bf86-49c1-acbd-16d114cbd04e,e12c3d24-86c8-474f-b86b-370df36adbfe,2025-10-02T10:16,8,124.48,Online,Completed
97d9b4a5-6251-4fbf-8ddb-e88553f18ee8,c9dcc28a-ae5f-477c-ae7e-72d94129f449,2025-01-02T10:16,4,54.56,Card,Completed
b2ba8a0f-da6f-4468-be55-8b7ac567516c,0b2a0e9a-e050-4380-b607-57adcbbf59d4,2025-03-31T10:16,2,15.38,Cash,Completed
c6a7ac70-748e-470f-a706-2d3f474203be,0e0d5f13-edd5-4ab0-9ddd-3df111bedc5a,2024-11-16T10:16,2,56.14,Online,Completed
1004beec-2219-4254-b54d-9f350555face,60cd80b6-3967-4dae-b4df-adc7b5644971,2025-04-16T10:16,9,53.55,Online,Cancelled
2978f603-30a3-4e3f-ab62-cf3c1164bfc8,964d337f-acd5-4ca2-8843-9be3f2eb60fc,2024-08-05T10:16,2,53.30,Online,Pending
c22d36ac-c96f-4d0f-a439-7021aa661622,ba5d9947-b043-4aca-8ee0-6b77895cf8e8,2025-03-10T10:16,3,78.33,Online,Completed
d3e7d2c4-efa0-41d7-b43f-5c3c311f6567,c3ffc43c-0c11-40fa-9824-f234161741d0,2024-04-14T10:16,8,238.96,Card,Pending
97c74960-6aaa-4617-b570-552b3d34919b,71f17b36-2c37-4cfa-bf8a-894fa94c0e9b,2025-06-13T10:16,7,181.44,Online,Completed
c95c95be-172a-4c18-93ef-0236e6690302,3e97fc93-73a7-45e0-9888-f7a03ee258a7,2025-05-01T10:16,3,55.02,Cash,Completed
0fcae89c-adf1-4078-94c5-d51e539dff54,fbe227d7-6d32-4407-9783-7fdac983e55f,2024-08-23T10:16,7,81.06,Online,Completed
804b19da-a0ab-4ef7-b985-92717835e08b,ebe19120-496a-47fa-87eb-2440212a3363,2024-01-13T10:16,7,119.42,Online,Pending
b6ec4069-5b0d-4e7c-aed9-67d12ab0dd80,6c3bf618-a715-40f9-9faa-cfc5f5beef2f,2025-02-24T10:16,8,187.28,Cash,Completed
ef6e4422-7a86-4e5c-bf20-da0aed1f30ae,ec3490d2-e8da-47ee-ae12-0ca0b1d7a2bb,2025-04-20T10:16,7,35.07,Cash,Cancelled
2945ea76-3d6a-4a54-ae63-b91100800358,00d7ae70-0f46-4453-963c-4ab2a3d29314,2025-04-20T10:16,3,67.53,Card,Completed
5121be5e-4ce8-4f43-83d1-e13b3c82e759,98b17fed-218c-4f20-8410-9f0edfc74455,2024-03-04T10:16,6,150.54,Cash,Completed
93eb1c59-3c66-42de-b0f4-ce4107d464c6,824998a2-7592-4051-ab0b-d5e12743c93b,2024-10-17T10:16,7,107.73,Cash,Completed
e90c4fea-bfa6-4656-98b4-7c11cb3cd3a4,d5eaf6a7-76cc-48ec-98d9-ba713e2df70f,2025-10-16T10:16,3,31.65,Cash,Pending
a1401050-5574-49a2-b021-9ff70ace2229,1407e9cf-22c9-4137-a2fe-cc12dc038235,2025-11-08T10:16,8,126.08,Online,Pending
c7426283-71d6-42c3-b585-07a1a5f67c6b,93cdeef1-3fc3-4a63-a275-0ae87ae6b335,2025-03-06T10:16,8,183.52,Online,Cancelled
2d4e8488-6ebd-41d1-b4cc-9c059ff07767,8626238e-5813-415a-9a8c-db944b1e0269,2025-06-09T10:16,4,51.28,Card,Cancelled
8bdec385-bc08-46b5-af0d-6fb981bb9282,500fde18-ea61-4380-9ea4-f06d09985870,2024-06-21T10:16,6,161.16,Card,Cancelled
f0b26940-68f5-4904-8947-faef5c2509c0,c9dcc28a-ae5f-477c-ae7e-72d94129f449,2025-07-10T10:16,6,92.58,Cash,Cancelled
7bc51a64-59ff-45b7-9cc2-a2508b6fe351,f3826f04-0dfa-4266-8002-58fede0093f5,2024-01-15T10:16,7,153.58,Online,Pending
9a03728e-4935-4688-b36f-d4c35aabae4e,4e44f26d-5455-405b-8fdb-63ab8b739ecf,2024-11-26T10:16,6,179.22,Card,Completed
08520bc0-cba8-472a-964c-f18d44cc237d,6bd388d4-5636-450b-bacd-55bdcb769bab,2024-07-19T10:16,4,76.52,Cash,Completed
3c6e4f17-e303-495a-9268-4b759d018319,6117b6f0-c4f4-4bf1-9eeb-f33950decba8,2025-04-04T10:16,2,39.46,Card,Cancelled
f16367ab-11df-494a-b24e-a5fe6aa3c71f,52f5634d-de98-4543-8a1e-cbf1e2d0242f,2024-07-10T10:16,5,84.90,Cash,Pending
6d36aa9e-d931-4be3-8727-3e3dd2c5b81b,46032f36-69bc-465a-9b33-a5d560bfd77a,2024-05-18T10:16,4,78.40,Online,Completed
0565c6ef-6c55-4244-87eb-11c97173ef56,964d337f-acd5-4ca2-8843-9be3f2eb60fc,2025-10-09T10:16,5,41.35,Online,Pending
30d7fc95-a1c9-469a-818c-572f06e57315,27e45431-1333-4ffd-a0c8-be56ffdc5d4e,2024-07-03T10:16,8,189.04,Online,Pending
d868c7c2-8e3b-4d49-ae3e-a7e0ff2099ce,485b65e7-fdf4-474d-afba-37986d8d3cd8,2025-01-01T10:16,6,141.42,Cash,Completed
83905223-31eb-480f-abd6-71cb454f4aca,46032f36-69bc-465a-9b33-a5d560bfd77a,2025-09-26T10:16,4,118.64,Card,Cancelled
a1f5f74e-370b-49c9-a5d4-a654b57eb996,ebbc7df0-770d-44f8-b0ff-c62f9006e40e,2025-07-02T10:16,3,83.28,Card,Cancelled
ece253bb-240a-4115-bd18-792890fd68fe,8b546c63-5406-493d-bc69-cfb594b38267,2024-11-04T10:16,2,57.14,Online,Cancelled
b34c6967-3aea-4aa8-8c0d-5ffae0a120f7,f067e21d-d1d4-4e87-9cae-9753f5f9ccb6,2023-12-04T10:16,7,123.13,Cash,Pending
1733a463-cdee-415e-a9f6-ec37dbea20f1,8f7f530b-bb30-4a05-b437-744ed30af54f,2025-09-05T10:16,3,56.88,Card,Cancelled
4b86c3fc-99a3-4a9f-b39c-e0cdc292af38,74e76582-f1b8-4560-b049-8aebb59d4721,2024-07-25T10:16,3,67.05,Online,Cancelled
300766b3-322a-4146-9f5f-cc73f457672f,53db1213-7316-47bb-9099-c1def0e3c96b,2025-10-18T10:16,3,41.67,Online,Completed
067dfa4e-b80b-413d-89fc-d819e5ece8f4,d5cfb1a3-ce2f-4aff-ab4c-50e0c5426af1,2025-09-25T10:16,6,148.38,Card,Completed
246895e9-7c8e-4bc1-a0b4-3fb3da462e39,80537cf2-360f-4740-8b7e-d4cd56e22987,2023-12-18T10:16,5,135.25,Card,Pending
582658db-a4f4-474f-be93-da7104afd4b9,050d9901-1cb5-413a-9c31-282028f863c1,2025-05-24T10:16,6,98.58,Online,Pending
c50a7042-0f24-4efd-a456-6796143ca71d,ecf1ffb0-ac00-4968-87ea-8beef4ace55a,2025-07-05T10:16,9,50.85,Cash,Completed
37f65033-275f-499a-89e9-96d89baee03d,caad7924-4bc5-4f85-9662-11ca261e3c87,2024-06-06T10:16,6,168.78,Online,Cancelled
79165437-fd83-41a8-a1cc-8c42a311d7bc,d33bbfcd-a2ca-4e80-8a1c-65223f061e7e,2025-08-17T10:16,5,38.70,Online,Cancelled
82d7a351-c60a-4f36-bf6f-e770655c6ef0,56a75a3e-a944-4147-8cba-f1024726993f,2025-07-02T10:16,3,66.39,Card,Completed
a477d17a-ca5c-459f-96e8-892e1db43229,4bb2d776-14c0-4ef6-b8ba-c580cbed72b8,2024-04-04T10:16,2,33.24,Online,Pending
f2cf425f-a197-4804-9900-6ad30d58eab9,bf0de251-90d7-423c-8b31-48df1a89964f,2023-12-31T10:16,9,58.59,Cash,Completed
4a2c47d5-bbce-4c41-abea-00188decb9f4,4739f27f-7a96-4d52-83ae-0c6fd4c8c606,2024-11-02T10:16,8,217.84,Card,Completed
cf21059f-aa24-4abf-8414-1cdead48d0ec,f3826f04-0dfa-4266-8002-58fede0093f5,2025-08-27T10:16,3,16.41,Online,Completed
16fe82f9-6944-482e-aaba-dd4999403743,0a5a9fc7-e126-48f0-99aa-dea85c606f66,2024-05-08T10:16,3,58.35,Online,Completed
6e42aac2-ecb7-4ba6-a214-e91da10dc05b,205ea7f7-e714-45b8-a083-11247ff702a1,2025-09-27T10:16,7,83.72,Cash,Cancelled
57d3ed19-4b8d-4af0-b4bd-f08e85519402,1a31c678-d420-495a-aff3-0f1609514e1e,2023-12-21T10:16,9,54.54,Cash,Cancelled
4c774fe9-3fc2-4b92-ad2a-60006b93a996,a938df5f-7764-459c-8bfd-90409d16b3c6,2024-12-20T10:16,4,106.52,Cash,Completed
49e648f7-c26c-4f30-9ae0-9cc6b4538ed3,7a18d550-38d0-40b2-84a7-547162e7e409,2024-10-05T10:16,4,32.12,Card,Completed
9e8afa33-68be-43c2-b063-366cc6ecfa47,7a18d550-38d0-40b2-84a7-547162e7e409,2023-11-29T10:16,1,21.37,Online,Cancelled
c7d53cb6-2a9a-4065-8eb6-b402cfdd53dc,885715b6-b1eb-44ca-8460-28c0343e56f3,2025-03-09T10:16,4,84.84,Card,Completed
ab5528a6-3f20-4b3d-9c1c-8853fcb93122,52c87fd9-fdf0-4256-b929-6153ad24a0ac,2024-11-17T10:16,9,71.37,Online,Completed
31b4f342-d515-4249-a061-dac72aa012d4,4739f27f-7a96-4d52-83ae-0c6fd4c8c606,2024-05-16T10:16,7,166.18,Online,Pending
e49c1bee-8e06-418e-9445-2b6fde919b8f,bfa3444b-2be9-46be-b944-720d86a59770,2024-05-18T10:16,6,145.08,Card,Completed
6d562e85-a5c5-4c9f-bb29-9c3b61c18677,0a5a9fc7-e126-48f0-99aa-dea85c606f66,2024-08-24T10:16,9,56.88,Card,Completed
1d6d0891-ca83-4136-ac80-22077d430f25,000f9c8f-2fc7-4346-844d-c04f10751265,2024-10-02T10:16,8,41.36,Online,Cancelled
bee64725-271b-4ac3-8084-29e4a66f9bb1,c83bba2f-5229-4998-9566-1f3179b13e8a,2024-04-21T10:16,5,69.95,Cash,Completed
edd84e9b-4562-4824-ad98-56c2ac3fd850,1eeb9c5f-5b7a-47af-b4f1-5a50d9d1089c,2024-03-31T10:16,1,26.21,Online,Pending
b9b00751-7973-450c-ab28-6183fef548c7,4b14a58c-f1e4-40b6-888d-a88cd7055099,2024-07-17T10:16,4,22.96,Online,Pending
9ac86f86-979c-4e00-8c79-3948417c6062,b90a3a7f-421e-47e5-8598-fe50f365a62e,2025-08-08T10:16,7,140.63,Card,Pending
ac0e7984-d993-4491-bf09-74ff20733a40,2a109685-1399-4149-8951-fba29bb0360d,2025-05-27T10:16,9,207.90,Cash,Completed
74a3dd3c-a8bc-4c26-b8bb-237b8c59e88c,824998a2-7592-4051-ab0b-d5e12743c93b,2024-08-20T10:16,3,79.41,Card,Pending
8ad458a4-531c-4285-b273-1cf3447f7d7b,209e786b-2a61-4e52-a3b2-1cc98bcbf18c,2024-09-23T10:16,1,7.97,Online,Pending
6815ead7-fe60-4805-a7e7-c61954e7c72a,7a18d550-38d0-40b2-84a7-547162e7e409,2024-12-31T10:16,9,144.99,Cash,Completed
da4d8062-2391-4a61-9577-865825dff6be,5f0f3def-9ff6-4282-ad04-001c4a769966,2025-10-13T10:16,5,92.85,Cash,Pending
0204a321-8030-4f53-8fa1-4ee62c54e920,1a31c678-d420-495a-aff3-0f1609514e1e,2025-10-25T10:16,5,143.90,Online,Completed
625a9ebc-76fa-4aa8-baf6-3b6eda2379e7,d5eaf6a7-76cc-48ec-98d9-ba713e2df70f,2024-05-14T10:16,2,22.56,Cash,Pending
c2fe31fe-d805-47f6-82d5-0182935a6369,caca465c-e9f2-4add-91b5-24c70595e321,2024-10-07T10:16,9,52.92,Online,Pending
74a84189-fcef-4174-be91-793fb125aaf6,cd50913f-8c99-4253-9134-0cf5fe5f300f,2025-06-13T10:16,6,148.80,Cash,Cancelled
d4abc824-64be-48d5-86e3-45a2b2ae9d38,0dd437d0-74fa-43c3-8909-5c955e4d47dd,2024-03-15T10:16,7,180.46,Online,Completed
dd72641b-b6c0-494d-afea-9c9cd923f81b,103fcba5-5588-45a5-9fe0-6ac948d3860e,2024-12-18T10:16,9,178.74,Card,Pending
d3f8a853-1c72-4acf-afe3-40ec6f337704,ebbc7df0-770d-44f8-b0ff-c62f9006e40e,2024-08-26T10:16,3,55.56,Online,Cancelled
278130d4-8337-4fda-913b-7fa2f4bc2239,dcfb3d05-846d-4915-99f3-ebbc7559d972,2023-12-26T10:16,4,47.16,Card,Pending
2d28975b-3f3e-43fc-958d-c79287549971,1d32c3b3-c732-4995-aa6b-ff159deb3bdf,2024-01-02T10:16,6,98.10,Cash,Cancelled
3509a470-bfa5-4bfe-ac54-fc5f33fc0457,cf65c4b6-4c1c-420b-95de-23e5b56ffad5,2025-02-21T10:16,6,39.00,Cash,Completed
c3cbcac0-75d2-4b5d-a2ea-34866a1f0a70,fdb5454e-2230-489e-ade4-9218ff28cbd8,2025-10-07T10:16,9,85.41,Card,Cancelled
fadbf703-2e62-47d7-864d-830b2b286152,52c87fd9-fdf0-4256-b929-6153ad24a0ac,2025-10-31T10:16,7,100.17,Card,Cancelled
2d8b7e49-ab74-4070-965c-e9f09ba64914,bf0de251-90d7-423c-8b31-48df1a89964f,2025-03-29T10:16,8,212.16,Card,Cancelled
9f5f1033-3b84-4e74-9127-bf396812dc5b,050d9901-1cb5-413a-9c31-282028f863c1,2024-04-01T10:16,2,47.20,Card,Completed
1014cbe7-1964-4d71-83d3-9c06fa3e8470,06e585f0-5b60-4900-81d1-3379328e6c17,2024-01-31T10:16,5,131.25,Cash,Pending
663d2754-d4f3-442c-9b7f-b8ad9a5be79a,f067e21d-d1d4-4e87-9cae-9753f5f9ccb6,2025-05-12T10:16,5,65.05,Card,Pending
0c5ff339-d5b7-485b-ab1b-86d101ec1231,49af098b-bf79-4643-8e49-739ea932d38b,2025-05-31T10:16,4,40.84,Cash,Pending
24003b7c-8ae8-4911-b947-979f7cf171ff,103fcba5-5588-45a5-9fe0-6ac948d3860e,2024-10-19T10:16,8,117.36,Cash,Cancelled
43c3e35f-2e03-488b-b638-50bee1f1cf25,a938df5f-7764-459c-8bfd-90409d16b3c6,2024-03-20T10:16,2,22.50,Cash,Completed
0521ee30-ccea-4896-a581-ab61881b8b77,941529ef-2114-4bff-907a-4596ff4593a1,2025-02-11T10:16,3,42.24,Card,Cancelled
b242dcfa-4224-4535-80db-4cf10f79899a,68169a66-a8d4-4763-914e-7befc826445b,2025-07-19T10:16,7,126.56,Card,Cancelled
e2024f9b-d009-41bb-8deb-096d7d855949,428424b7-1f94-496a-8b7a-497ce177d32c,2024-07-25T10:16,5,104.75,Online,Completed
33f48b69-cd4d-43b5-aa82-c9c8f5a0bfa4,953417c6-cd52-45e9-9ca0-bb450653c934,2025-03-20T10:16,7,107.80,Card,Completed
633224f7-52e4-4378-b130-7c0c5c3b55fd,5d6f84a5-a4de-442e-99b9-b8ef714b4436,2024-07-20T10:16,6,36.24,Card,Pending
ef8fbd46-06a3-44f3-a9ac-45861e478233,9305d562-2505-493d-8ed8-3fb721c8f491,2024-10-27T10:16,3,31.83,Cash,Cancelled
7728e94b-7873-407f-9e18-b725ce1b9343,1a31c678-d420-495a-aff3-0f1609514e1e,2024-08-22T10:16,5,128.50,Card,Pending
06b11317-d087-4176-afed-04e0bb7cf8e2,89d26a00-0fde-4c03-8430-b06f6bc3f33a,2024-07-22T10:16,4,99.32,Card,Cancelled
982a8e9d-6bea-48ee-be50-7e08eb59f0fb,ecf1ffb0-ac00-4968-87ea-8beef4ace55a,2024-06-15T10:16,8,157.84,Card,Cancelled
49533e96-daba-4d41-972c-fb615dfc0e93,23650eb4-f98d-45a3-a90b-a378f03d469d,2025-08-11T10:16,5,50.30,Card,Cancelled
be596362-95d0-49a8-ab55-279b1be64677,52c87fd9-fdf0-4256-b929-6153ad24a0ac,2024-10-06T10:16,3,31.59,Online,Pending
ade89c95-db88-40b3-a27b-589b6c71f5d4,2c6dafc9-06cc-4b3d-8b8d-12aae0644c58,2025-08-13T10:16,7,192.57,Online,Completed
93c5be3b-abc4-47a7-8047-b50fb636a1f3,0b2a0e9a-e050-4380-b607-57adcbbf59d4,2025-09-28T10:16,4,89.40,Card,Pending
e41eaa45-5935-4556-acca-3e7278d34545,b04ce307-2d1f-4214-b023-d8f4379041a1,2025-07-24T10:16,8,107.44,Cash,Pending
1fdd214c-d848-45ee-a26b-7344588ea8db,1a31c678-d420-495a-aff3-0f1609514e1e,2025-01-15T10:16,5,77.05,Card,Completed
c83a735e-c65d-43ff-aa50-0a1b134b9e4b,964d337f-acd5-4ca2-8843-9be3f2eb60fc,2023-12-31T10:16,8,156.32,Cash,Cancelled
4e6860b4-5ec8-4cd2-b0e2-8b1c26d3a5a2,39cb44e2-a541-4b98-bc0b-db5f31cf8710,2024-03-07T10:16,3,87.51,Online,Cancelled
48a109df-a5bf-465f-94b0-d928ea28bb65,c1a09d60-c9e8-4489-a68e-e01b51541d33,2024-08-27T10:16,6,162.30,Online,Cancelled
5f1bfeee-0c0f-4af8-9e08-662aaca83cda,0a570207-0f70-467f-bbeb-44a0a60a9a25,2024-03-15T10:16,6,179.10,Online,Completed
bd738183-dabd-49a7-a9c8-e1baabf8313f,3befa4dc-d961-4a3a-9410-d43d1bdaa335,2024-02-12T10:16,6,39.12,Online,Cancelled
a1591864-e29f-4bb0-a71e-9f12d0850812,67c276b0-7be6-4f3c-bf86-c342095c8112,2025-04-12T10:16,8,56.96,Online,Pending
f725144f-e810-4334-a7ec-249116c77f20,485b65e7-fdf4-474d-afba-37986d8d3cd8,2024-05-25T10:16,8,143.68,Cash,Pending
5906f110-97b8-4a02-acfe-8889466b90e1,c5817fdc-a4dc-4879-b957-30cfda62016b,2025-07-03T10:16,1,17.96,Card,Pending
b87a4d62-7145-4647-8e09-40a7f2233152,e38afcd9-9e08-47ba-bc92-5ebb4bc271eb,2024-03-04T10:16,1,14.11,Card,Cancelled
769cd5ad-168e-497d-947e-4d4099b13d9d,ef7fad1f-a86f-4ee1-95b4-ce1f339f0fa5,2025-02-18T10:16,2,24.92,Card,Completed
cdc1f3bf-3003-4c66-9619-e83b4e3027fa,5f6e51da-5f01-4c9a-85dd-7d50ef37e5d7,2025-01-28T10:16,3,23.43,Card,Pending
282ab384-1759-4fa1-b8b4-e46740828cde,f0a6a958-e434-41bf-a830-dffa55a34db5,2024-03-22T10:16,1,6.90,Cash,Pending
bc352e49-ab09-4cb6-b873-251fbc54f5fe,d5cfb1a3-ce2f-4aff-ab4c-50e0c5426af1,2024-12-23T10:16,1,18.64,Online,Cancelled
6e89fc23-67cb-45bc-9d01-b54de77f23a2,6aaabc79-3d35-410f-bb96-f86a3930d0ff,2024-05-17T10:16,1,26.18,Card,Completed
d000e1d5-a99c-45ad-8631-27b02ac5aed8,941529ef-2114-4bff-907a-4596ff4593a1,2024-04-27T10:16,5,147.25,Card,Completed
bc5e7e43-3ddb-47d1-af77-cbea0c9ba67d,d87f31d7-79ef-4c17-856e-142e791b04da,2025-10-30T10:16,6,66.96,Online,Pending
6c7e7dde-55d7-406f-8db7-9a4afa50afbe,bc58b12c-65c4-4f21-89ef-3e492a22ef7c,2024-10-20T10:16,3,85.86,Card,Cancelled
89c9997e-278a-48e4-9caf-c38f4f8e3656,49af098b-bf79-4643-8e49-739ea932d38b,2024-08-07T10:16,5,77.20,Cash,Pending
45727636-8daf-4e0f-bac2-e961e0c81f68,c83bba2f-5229-4998-9566-1f3179b13e8a,2024-07-07T10:16,8,159.84,Cash,Completed
9e58ea6e-0472-43ba-8fe1-2b16aba11d48,9fa382f0-8393-48db-ad30-43c953282401,2023-11-16T10:16,4,68.28,Card,Completed
dc9a889c-e08d-4938-9099-79687965a096,89d26a00-0fde-4c03-8430-b06f6bc3f33a,2025-01-21T10:16,3,89.61,Online,Pending
f0696809-736d-4b4b-b0c0-d6843a551731,3befa4dc-d961-4a3a-9410-d43d1bdaa335,2025-08-20T10:16,2,38.50,Online,Completed
829ee006-16b4-46ad-9fa6-61d05b604507,c83bba2f-5229-4998-9566-1f3179b13e8a,2023-12-15T10:16,7,104.86,Online,Completed
3a811213-4c80-4696-a35e-e3ab89b4c6fe,c5817fdc-a4dc-4879-b957-30cfda62016b,2024-09-27T10:16,2,39.00,Cash,Cancelled
828bc877-c288-4fb7-9355-30b0b41daa28,050d9901-1cb5-413a-9c31-282028f863c1,2025-01-26T10:16,2,47.26,Online,Cancelled
bbf71d22-f064-4228-9606-008405402225,b3688304-b24b-416a-9bf4-c2b6aaeb59d3,2025-08-18T10:16,7,145.46,Cash,Completed
6608f65d-eaa3-4fe1-b263-ca0265f700d6,fdb5454e-2230-489e-ade4-9218ff28cbd8,2025-05-18T10:16,4,107.44,Online,Cancelled
77b11212-58dd-486f-954c-8d16ed3bb66b,06e585f0-5b60-4900-81d1-3379328e6c17,2025-03-06T10:16,8,82.72,Cash,Completed
cf6e8d30-deb5-476b-a85a-61a869dd738a,6c6a3b10-9747-4dca-a041-4edc22d147b0,2025-02-19T10:16,6,39.36,Card,Cancelled
64bd5f93-8822-406e-9350-614c1f4d82f9,6945f6f4-b8f9-4d04-90ff-e59ed705578e,2025-10-21T10:16,6,156.72,Card,Cancelled
5a1de4cd-604d-4f2c-88e6-2c0e2be92d0d,9305d562-2505-493d-8ed8-3fb721c8f491,2024-12-29T10:16,8,182.16,Cash,Cancelled
fd81b81e-0555-47dd-a8a9-7cad673d4a11,05ccd8a5-ea5f-4353-bd1e-3022152b0685,2024-12-19T10:16,8,117.52,Card,Pending
45394105-a8da-47e3-93e6-f0c795354655,795088d7-d227-422e-ad8c-f048bde0675e,2025-05-08T10:16,8,204.88,Card,Pending
13ef846f-ac7a-45cc-ada3-e7a28d2c9124,90f0db1e-2b19-43f7-ba17-233c7c214eca,2023-12-24T10:16,8,68.88,Online,Pending
f3718624-7350-4a42-ab15-e17ee6e532fc,b03f75c1-655f-4480-a2bf-1a0af806e96e,2025-03-10T10:16,8,211.04,Cash,Cancelled
e6976644-5640-40ad-9233-61d1764dd95c,0a0ac3e5-6e20-4fbc-87ec-5481c70e38bc,2025-01-02T10:16,7,78.54,Card,Cancelled
4da4aee3-9688-473f-9174-bb4bd3ea4573,11526850-7335-463f-b740-a52a90457c3b,2025-09-28T10:16,1,9.54,Card,Pending
a60aeed8-4dc7-4f17-a245-c734e41822b9,fdb5454e-2230-489e-ade4-9218ff28cbd8,2025-06-06T10:16,2,16.80,Online,Pending
cf3111c7-18bf-4439-acc3-2dafdbbbeba7,4e6807ca-aed8-4ec9-b1b0-0e3aba57efb1,2024-06-28T10:16,6,133.08,Online,Completed
40861c5c-5580-40e9-9f96-dc8c48f65034,56a75a3e-a944-4147-8cba-f1024726993f,2025-10-28T10:16,3,73.26,Online,Pending
f13a9021-0435-4c31-805f-baec6e8b49e9,8626238e-5813-415a-9a8c-db944b1e0269,2025-03-10T10:16,9,87.66,Cash,Completed
d704e7be-7eeb-4d76-8a0d-87e30ae1e513,6bd388d4-5636-450b-bacd-55bdcb769bab,2025-07-26T10:16,2,26.66,Online,Cancelled
eba5653b-32f1-4a26-ac6c-b755796f6af1,5400d214-6176-40bf-88d2-3f53ed38bf69,2023-12-23T10:16,1,24.58,Cash,Pending
4bef9b5c-6109-42a7-9c00-2f2c67421ed2,0a15d43b-8f6b-444a-bef2-ffbddfdbd16f,2025-07-15T10:16,8,192.64,Cash,Cancelled
f1312078-87ee-4842-a759-59b2755528b4,1407e9cf-22c9-4137-a2fe-cc12dc038235,2025-08-01T10:16,7,161.56,Card,Pending
a848104a-22bb-42f3-957f-58a2ab00ec2a,bb6ceda0-3f7a-4dfa-9862-41a88dd468b2,2025-03-26T10:16,4,37.12,Cash,Pending
e5cc9739-1313-4d72-8d67-bba6e1c624c5,6f61ca8e-51a1-48e0-abfa-88326e713e34,2025-09-28T10:16,9,139.77,Card,Cancelled
d3405c07-7c4f-44a7-adb1-0baeb000202d,60cd80b6-3967-4dae-b4df-adc7b5644971,2025-03-08T10:16,4,84.36,Card,Completed
3b707341-a5c3-4fe4-8e52-c548dd36c8a0,c63bd277-c81c-40c5-8720-6ce916d653c4,2025-10-26T10:16,6,64.74,Cash,Cancelled
dfeb567d-21ec-4fd6-a4b3-6073fbe10e20,428424b7-1f94-496a-8b7a-497ce177d32c,2024-06-07T10:16,5,73.50,Online,Pending
