order_id,restaurant_id,order_date,items_count,total_price_usd,payment_type,status
2a4b3133-5bde-47fc-a5dc-60c407bcb0cf,7a2e5fa5-096b-4701-8ce6-7a3db39bf8eb,2025-08-07T10:16,1,14.98,Card,Cancelled
ed986db2-11b8-412c-a253-855a2680f91e,6bd388d4-5636-450b-bacd-55bdcb769bab,2025-07-20T10:16,6,101.94,Card,Cancelled
1d2fca2a-f34b-4805-9a70-a78928a0e0f8,8b115a34-224b-453c-be69-b53a7445b466,2024-11-11T10:16,2,42.68,Card,Cancelled
47810322-869d-4af5-b481-7cc5035e446c,8b546c63-5406-493d-bc69-cfb594b38267,2025-02-23T10:16,3,50.34,Card,Completed
ea255a45-d1dd-4479-b12d-7cb9f1bb973f,b6c26110-1b77-4777-8c79-c69ec19b66df,2025-08-09T10:16,7,128.80,Online,Cancelled
dea09952-ac1d-438c-9f73-195ba3fa42d5,b6c26110-1b77-4777-8c79-c69ec19b66df,2024-04-28T10:16,2,41.10,Card,Cancelled
2409a66f-b258-476b-a992-a76cf8f534d7,9305d562-2505-493d-8ed8-3fb721c8f491,2025-06-05T10:16,9,196.47,Card,Pending
42fe72d1-b303-44a4-a657-5777e8b580c7,bc58b12c-65c4-4f21-89ef-3e492a22ef7c,2025-07-06T10:16,6,151.14,Online,Cancelled
64cbdc63-d836-40ae-b092-60873ab127d7,cd50913f-8c99-4253-9134-0cf5fe5f300f,2024-03-12T10:16,1,24.16,Online,Cancelled
ae31e17a-5617-4cea-bf3d-b69911989e72,2c6dafc9-06cc-4b3d-8b8d-12aae0644c58,2024-08-28T10:16,6,123.42,Cash,Completed
5fa7e10e-2ce7-47ef-a393-b1ace1a01470,4717d2a3-4b2a-44f1-b960-a2b73e2d23fd,2025-04-04T10:16,6,38.52,Card,Pending
8fa354b2-f0f4-4664-b5e6-67e82c204a5f,6aaabc79-3d35-410f-bb96-f86a3930d0ff,2023-12-31T10:16,1,18.27,Cash,Pending
9e90fc76-3f5b-4aa2-a239-475aa9fcc260,14eace30-1ac2-411e-8eef-98e8f32a87fb,2023-12-16T10:16,1,20.30,Card,Completed
f885ad71-c57c-4e79-9663-aaf89d44319f,6bd388d4-5636-450b-bacd-55bdcb769bab,2024-04-07T10:16,4,82.20,Card,Cancelled
f3ce1f87-e99f-48b8-ac34-6000e11d8e29,e119f98a-df63-41dc-8e01-bb49ca2dc724,2024-01-31T10:16,6,36.60,Online,Pending
4ea4bf80-2f80-480b-bf90-5db53f43932b,b03f75c1-655f-4480-a2bf-1a0af806e96e,2025-04-24T10:16,8,167.92,Cash,Pending
0a07c2cc-923f-475d-8223-1e10b651d23c,6bd388d4-5636-450b-bacd-55bdcb769bab,2025-06-16T10:16,4,58.40,Online,Pending
bc7bfad4-3c56-4676-84f1-e7c3b72deb61,ceafdb2a-788d-48e0-acdd-bd533a2e7ab6,2024-11-25T10:16,8,82.64,Cash,Pending
3886e563-1849-4449-b6f5-e187c7adee22,bb6bf39c-f455-4e08-a59e-1bdaaa91d4aa,2023-11-26T10:16,7,43.12,Card,Cancelled
4f9355f4-5228-49dc-9f84-99f0d0bce1af,f067e21d-d1d4-4e87-9cae-9753f5f9ccb6,2024-11-09T10:16,9,58.68,Card,Pending
6a62435b-a289-4cce-b479-05db434a3887,103fcba5-5588-45a5-9fe0-6ac948d3860e,2024-05-02T10:16,7,151.27,Online,Pending
b1c2cbf7-2eac-440a-b817-fcfc95e7e26a,cd50913f-8c99-4253-9134-0cf5fe5f300f,2025-01-13T10:16,8,84.24,Online,Cancelled
b3636451-002c-4f32-bedf-7f6ec4b24aef,49af098b-bf79-4643-8e49-739ea932d38b,2025-11-09T10:16,5,51.45,Cash,Cancelled
a97860ad-91f1-4cf6-9fed-42d0362a4e9f,1a31c678-d420-495a-aff3-0f1609514e1e,2024-03-18T10:16,7,111.58,Cash,Cancelled
62684a21-5ce7-4061-9951-db2b39395112,0a15d43b-8f6b-444a-bef2-ffbddfdbd16f,2025-09-15T10:16,5,85.55,Online,Pending
0d96b90b-65a4-423b-8312-d1a3f7002f91,1233cc27-7567-48e0-8dd2-6b0019506c2f,2025-06-23T10:16,6,141.42,Online,Cancelled
235819bf-94be-4546-a2c1-fc8b619c46e5,050d9901-1cb5-413a-9c31-282028f863c1,2025-05-27T10:16,2,26.50,Cash,Pending
fdcec74e-1b47-4a37-bc2a-96f9cf174e63,2ca088cd-c6c6-4e60-a1a4-d2990ee21b12,2024-03-27T10:16,1,20.90,Online,Pending
cbac6963-6d8b-40ce-97b2-ff899ec1d69c,f543de06-e341-4de2-95ab-ca0fd3ee51fe,2024-06-22T10:16,7,143.36,Online,Pending
2123c903-0f58-48a0-b1e0-9dbf60779dbf,65b2c0ea-6192-47fc-9286-2c1dd3ecefb1,2025-09-24T10:16,1,21.89,Cash,Cancelled
5b1f3148-d239-449e-a288-13c0a0c6f2d2,52f5634d-de98-4543-8a1e-cbf1e2d0242f,2024-10-18T10:16,9,247.41,Cash,Cancelled
4d0e78a6-df75-4285-8373-def971217843,ceafdb2a-788d-48e0-acdd-bd533a2e7ab6,2023-12-04T10:16,8,216.08,Cash,Cancelled
5fdc25b8-f46a-440e-840e-452ceaba9995,23650eb4-f98d-45a3-a90b-a378f03d469d,2024-01-19T10:16,9,215.01,Cash,Completed
a6b2b313-5614-4689-94ce-58a1423505d7,a5ffc907-be77-43e6-8694-4a0bf09bd3fb,2024-11-15T10:16,2,52.04,Cash,Cancelled
4313218c-dea4-4c27-8829-79f851b4aef1,92da274a-bea2-490a-bb52-196c46fa8487,2025-05-12T10:16,1,18.81,Cash,Pending
7ca25b67-64b6-4a3d-9536-dfedd6e41a50,d3f641e5-b8b5-4f5f-9155-7768df2033e8,2024-05-11T10:16,9,257.58,Cash,Cancelled
159b36e7-c966-4c66-b280-59cc2df3fed8,058b9c75-b72f-4594-80d2-e41194ff7672,2025-07-09T10:16,7,44.94,Cash,Cancelled
bd7d1d11-c03c-47ac-96eb-1762ecadaa70,71f17b36-2c37-4cfa-bf8a-894fa94c0e9b,2025-08-24T10:16,1,18.36,Cash,Completed
fc76f6f5-8a8a-4c4c-84e5-b20faef099cf,0a570207-0f70-467f-bbeb-44a0a60a9a25,2025-11-05T10:16,7,148.05,Online,Completed
682039ca-0966-4bb0-88cb-aca840ea041c,a190f67b-21df-46bc-8164-46bdfa00af85,2024-07-20T10:16,3,55.92,Card,Cancelled
4535322f-4876-4a66-b519-ecc8d77e54a7,b03f75c1-655f-4480-a2bf-1a0af806e96e,2025-01-29T10:16,1,29.97,Online,Completed
601853c9-faef-4c7f-8c16-af5b07e74df8,69446e90-4237-4410-ab55-e011eb04cce0,2025-05-07T10:16,4,80.20,Online,Completed
a97da8fe-30be-4ed5-8322-7cb7d4d7ea8e,e12c3d24-86c8-474f-b86b-370df36adbfe,2024-01-27T10:16,9,167.67,Card,Pending
77806eff-5e54-44f7-90d1-3a37a0b601e8,5f6e51da-5f01-4c9a-85dd-7d50ef37e5d7,2024-12-13T10:16,7,87.36,Card,Completed
90200e42-1446-4323-87e0-5915ad65adcc,bf0de251-90d7-423c-8b31-48df1a89964f,2024-11-02T10:16,7,175.42,Card,Completed
3d120253-0afc-4684-bc57-554e6a33cc66,caad7924-4bc5-4f85-9662-11ca261e3c87,2024-01-21T10:16,9,45.54,Card,Pending
6a1ec7e6-a592-443a-b29d-48e25bfe4895,ecf1ffb0-ac00-4968-87ea-8beef4ace55a,2025-07-10T10:16,1,12.75,Cash,Completed
ff33d357-d34e-47a8-aec1-fc2579149d88,365c90d0-a590-4209-9401-2ce55af5ed98,2024-07-12T10:16,2,50.98,Online,Completed
c3148dbe-a9da-4c9e-b1c1-7890e7588b4f,0130fcd4-a6cf-4a72-8400-7bcae1abce34,2024-09-09T10:16,4,49.84,Card,Pending
fa7102a3-8ac9-4cb6-9dab-7bede5fc58fa,6c6a3b10-9747-4dca-a041-4edc22d147b0,2024-02-24T10:16,4,38.64,Card,Cancelled
305ad1bc-98cf-452e-aeaa-3422a0526af3,050d9901-1cb5-413a-9c31-282028f863c1,2023-12-12T10:16,9,85.95,Online,Cancelled
8c8901a2-3df8-4167-a9ab-04b0b42baf4c,ff4db0d8-e809-46e8-9ae0-78ffee4902d9,2024-06-13T10:16,7,126.56,Cash,Cancelled
593f0f90-95d2-4a69-815c-315cd8e49020,0df3bae1-6384-4856-aa27-aef9f6c48b75,2024-09-25T10:16,6,105.78,Card,Cancelled
b33fc499-9186-4760-a000-8d24b9a09bc8,9c53f3f8-5b22-4d77-bd76-cfa6c70e443c,2025-10-10T10:16,8,99.20,Cash,Completed
da69729c-ae11-49c6-ad6a-ecced512810a,02c65c06-56ad-4670-b8e2-10ab417c7154,2024-07-05T10:16,8,108.72,Card,Completed
67096f2e-b0f1-4761-8bae-44e5d7a352d1,515fe1d2-d33a-4b9d-8c19-07e0cbe81a9a,2023-12-21T10:16,5,141.20,Card,Pending
6dc14f90-d092-4ef9-9c0c-74fdb40149e6,d33bbfcd-a2ca-4e80-8a1c-65223f061e7e,2024-05-26T10:16,7,106.89,Card,Completed
84a76211-1a8d-460c-9ea2-fd4464ff7f12,21edfc22-3f73-4335-a774-3cf78ab65e86,2024-04-19T10:16,1,11.34,Card,Pending
4c82d767-8311-4ef1-8a06-9902f490fc72,2c6dafc9-06cc-4b3d-8b8d-12aae0644c58,2024-02-19T10:16,2,11.50,Card,Completed
a0430c98-63bc-4c2d-ab8e-8abb96127f80,89d26a00-0fde-4c03-8430-b06f6bc3f33a,2025-02-15T10:16,3,85.71,Card,Pending
023aab7a-ca3e-4061-8611-df001a080913,bb6bf39c-f455-4e08-a59e-1bdaaa91d4aa,2025-07-12T10:16,4,79.68,Online,Pending
9a2adae5-23f0-498e-9314-0f873caf97c2,bb9edfa8-17f7-4f6f-8e3b-616693a298b1,2025-09-06T10:16,9,227.88,Card,Completed
31758334-34a2-48ce-8cec-6d13664a55d6,6bd388d4-5636-450b-bacd-55bdcb769bab,2024-10-08T10:16,2,46.86,Cash,Completed
0982100e-2f0f-41a1-8bfb-ad936c10e1ff,2a109685-1399-4149-8951-fba29bb0360d,2023-12-12T10:16,2,20.40,Online,Completed
dad43a19-ebad-4055-9bcf-b953e3ea2a3b,6c6a3b10-9747-4dca-a041-4edc22d147b0,2024-08-18T10:16,8,66.72,Cash,Cancelled
57b914ae-4f82-4d2e-9a17-f8a5ad10aa12,4717d2a3-4b2a-44f1-b960-a2b73e2d23fd,2025-02-23T10:16,1,27.35,Card,Cancelled
909425aa-8369-4bd7-a337-f0328d2c408a,62a2bfef-ca4a-4dec-90ea-bf15ea1880d2,2024-10-03T10:16,8,74.96,Card,Cancelled
ca79d9ab-854c-49fa-ae9f-27a90fb14468,68169a66-a8d4-4763-914e-7befc826445b,2025-10-18T10:16,1,26.58,Card,Cancelled
efa278ee-7092-40ad-97e6-ac07845fcd50,b0d737cd-ec4b-4a88-aa81-d012ef3fb719,2025-03-20T10:16,8,62.64,Card,Completed
3deb3676-afc1-4c9f-9d47-5be8e14fdcb7,74e76582-f1b8-4560-b049-8aebb59d4721,2024-11-03T10:16,3,36.06,Cash,Completed
4d51bb52-b640-4a0a-914c-0d03779b9f84,6c6a3b10-9747-4dca-a041-4edc22d147b0,2025-06-09T10:16,7,189.14,Cash,Pending
1a178648-eb82-4125-b442-3c7588f90313,b03f75c1-655f-4480-a2bf-1a0af806e96e,2024-08-05T10:16,5,55.70,Card,Cancelled
8ada3683-bb04-498e-8a1a-f58db6fb9d40,953417c6-cd52-45e9-9ca0-bb450653c934,2025-01-02T10:16,7,181.23,Online,Cancelled
ecb9a8e7-490a-40ca-86b4-f192566308d2,4e6807ca-aed8-4ec9-b1b0-0e3aba57efb1,2025-10-19T10:16,6,106.26,Online,Pending
02705dfe-f3ee-4847-8210-8219fe6bbffa,050d9901-1cb5-413a-9c31-282028f863c1,2025-02-07T10:16,4,57.64,Online,Pending
61ed4317-b136-4efd-9361-a8d2a65fcc56,f0a6a958-e434-41bf-a830-dffa55a34db5,2023-11-25T10:16,4,76.96,Cash,Cancelled
c219a7e3-f806-42b5-936a-ebcf3ff530e5,3ab3404a-ee80-4ed2-8d90-a6f0dad14e48,2024-09-19T10:16,8,206.64,Cash,Cancelled
866bc138-90a1-4401-8181-f3eea2ee142e,1a48aa9a-def3-481d-922a-94300aa97309,2024-07-22T10:16,4,77.80,Cash,Completed
133ab049-332d-4e4a-857f-4fcf77313545,485b65e7-fdf4-474d-afba-37986d8d3cd8,2024-11-02T10:16,8,50.64,Card,Pending
40336510-050c-4cb2-8fca-f452fe65e097,90f0db1e-2b19-43f7-ba17-233c7c214eca,2025-01-15T10:16,3,59.10,Online,Pending
2b4dbc21-f015-4a9a-8e86-9e22440e9e00,f067e21d-d1d4-4e87-9cae-9753f5f9ccb6,2025-05-31T10:16,5,35.25,Card,Completed
d7ab9889-c8b9-4b99-b0ad-74bb3b64c564,99c406e7-092b-4eeb-bc08-56fc041c253d,2024-08-14T10:16,4,82.80,Online,Pending
b2cf7371-cc24-427d-899f-9e0644e4ea97,00d7ae70-0f46-4453-963c-4ab2a3d29314,2024-03-10T10:16,7,48.58,Cash,Pending
70221e87-332d-4abc-95d8-b58d6cd59a20,ef7fad1f-a86f-4ee1-95b4-ce1f339f0fa5,2025-02-16T10:16,4,69.40,Card,Pending
6bf16a47-5b8b-447e-89f5-36666409b6ad,5f0f3def-9ff6-4282-ad04-001c4a769966,2024-07-29T10:16,2,59.18,Card,Completed
2a81ca2e-791b-4768-91eb-86fe4be4c615,0a570207-0f70-467f-bbeb-44a0a60a9a25,2024-10-30T10:16,5,109.50,Card,Cancelled
afe095ce-279b-4aa6-bd48-743c15cdce65,c83bba2f-5229-4998-9566-1f3179b13e8a,2024-10-30T10:16,7,172.69,Online,Completed
844e6344-7553-4f48-9eb7-8304a8bc2e97,9fa382f0-8393-48db-ad30-43c953282401,2024-01-21T10:16,4,29.76,Cash,Completed
d1311110-86e5-43bb-a6db-d7d1e2274bad,7d2df59f-386d-4aec-85a8-2443262a0cb4,2024-11-30T10:16,4,58.24,Cash,Completed
5021ade1-bd99-43b0-9193-85a7ce3e4080,9fa382f0-8393-48db-ad30-43c953282401,2024-05-23T10:16,8,220.32,Online,Cancelled
0de076a1-df3d-45e8-8d62-ec94c7c59d9b,cd50913f-8c99-4253-9134-0cf5fe5f300f,2025-03-21T10:16,1,24.08,Cash,Cancelled
d1076c00-c7ab-4359-87aa-7a524ad98f5d,058b9c75-b72f-4594-80d2-e41194ff7672,2024-05-13T10:16,7,168.70,Online,Pending
2b320d34-76f6-44ac-8f3f-b48fc6e5f398,26d032f1-9fe9-487a-987a-a8be14e1db05,2025-04-29T10:16,4,61.16,Card,Pending
f030ce76-05c1-4848-a72a-4e88376dc94d,795088d7-d227-422e-ad8c-f048bde0675e,2024-06-22T10:16,8,68.32,Cash,Cancelled
808d44bb-8b69-405e-a34b-cca0f0df006a,428424b7-1f94-496a-8b7a-497ce177d32c,2025-01-20T10:16,7,208.25,Online,Completed
d04475bc-45f3-466e-8c0f-2b0ffb74ae99,209e786b-2a61-4e52-a3b2-1cc98bcbf18c,2025-04-09T10:16,3,18.27,Card,Completed
c7806591-99b4-4768-b842-b6df8a0552e0,89d26a00-0fde-4c03-8430-b06f6bc3f33a,2024-12-12T10:16,8,148.08,Cash,Pending
1713c245-49a3-4934-b284-2ea1f92c3542,90f0db1e-2b19-43f7-ba17-233c7c214eca,2024-09-11T10:16,9,143.46,Online,Pending
fe2c6c91-cb3a-40e2-8bd9-b2b0f4902c6e,795088d7-d227-422e-ad8c-f048bde0675e,2024-02-11T10:16,9,206.64,Cash,Completed
d30c29cd-cff4-45d9-9e93-dcf29fdd676b,27e45431-1333-4ffd-a0c8-be56ffdc5d4e,2025-07-24T10:16,4,111.24,Card,Cancelled
52ca3789-9212-45dd-bba3-9e6f78c363ac,5f0f3def-9ff6-4282-ad04-001c4a769966,2025-06-15T10:16,4,80.64,Cash,Cancelled
4a0a3e9f-863b-41ae-ad7f-a58e5d87040d,726d71e2-70fd-4416-8568-78619c14a73a,2025-01-26T10:16,2,51.20,Card,Pending
91890c57-5fbd-4f59-a4fd-533460f56910,cd50913f-8c99-4253-9134-0cf5fe5f300f,2024-03-07T10:16,7,113.05,Online,Pending
0ec384f5-7103-4dd2-b481-52748ecd3bab,5400d214-6176-40bf-88d2-3f53ed38bf69,2024-03-19T10:16,7,103.18,Online,Completed
7d1b61fa-1349-4a47-b0c7-ceb1c74daa90,5f6e51da-5f01-4c9a-85dd-7d50ef37e5d7,2025-09-10T10:16,9,238.32,Card,Pending
a1192af7-611f-4344-bbdd-3ec22507084d,bb6bf39c-f455-4e08-a59e-1bdaaa91d4aa,2024-09-19T10:16,9,129.06,Cash,Cancelled
b21fb95c-979a-485e-8e7a-cf7949b8b1f0,b03f75c1-655f-4480-a2bf-1a0af806e96e,2024-05-05T10:16,7,104.02,Card,Cancelled
811f833c-d694-483f-88a7-a686a5f5b3a3,935ebde1-5945-4673-886e-1a7a12cc2d4e,2024-01-21T10:16,5,28.05,Online,Completed
48e4f941-4939-4b63-af0a-df88bdd1affa,ef7fad1f-a86f-4ee1-95b4-ce1f339f0fa5,2024-06-23T10:16,4,49.24,Card,Cancelled
26c41147-8e24-4396-8c2c-2c56fd4d5d7b,e85d0261-2d97-4475-a749-363ec9040a74,2024-08-12T10:16,5,121.55,Card,Cancelled
53f940ef-3b62-4e05-8703-36e9e16f7cd0,0a5a9fc7-e126-48f0-99aa-dea85c606f66,2025-02-25T10:16,1,8.32,Online,Completed
f0f363b5-80ae-4830-8a98-12d1e13a8ceb,9fa382f0-8393-48db-ad30-43c953282401,2024-10-26T10:16,8,164.16,Cash,Completed
c8164901-92e8-4bed-a9a7-5e5c282a37df,fdb5454e-2230-489e-ade4-9218ff28cbd8,2024-08-25T10:16,9,179.82,Cash,Pending
26dc2792-9d36-4dfa-9670-18db827e2337,36b880b0-e9bd-4c0b-8f1c-32018f6c758a,2025-09-06T10:16,3,85.89,Card,Cancelled
a44d19cf-a15b-49a2-8f1a-8ea4c5988146,f067e21d-d1d4-4e87-9cae-9753f5f9ccb6,2024-03-15T10:16,7,93.45,Card,Cancelled
9278ce7b-05c5-4444-8d8d-ad0a25d5bd09,205ea7f7-e714-45b8-a083-11247ff702a1,2024-06-13T10:16,2,14.98,Online,Cancelled
9e6ea96f-8ef3-47bc-a2e1-666d4b72bd66,23650eb4-f98d-45a3-a90b-a378f03d469d,2024-11-08T10:16,8,138.56,Cash,Cancelled
fcbdb787-7340-45ee-8c0b-bc8697e6f118,aac35608-9499-49c5-811a-a059e773c968,2024-12-28T10:16,8,50.80,Card,Pending
fcb2615d-8d8c-4dc7-8622-e7fce144d4d2,f6c35464-33dd-44a7-bf84-071f2e427045,2025-08-18T10:16,8,184.72,Online,Cancelled
800c227f-d7f1-46ea-8e5c-e4fe57051b15,3e97fc93-73a7-45e0-9888-f7a03ee258a7,2025-07-03T10:16,5,125.90,Cash,Cancelled
193a35a4-45bd-4766-8d01-c1cd2575b121,89d26a00-0fde-4c03-8430-b06f6bc3f33a,2025-07-21T10:16,6,112.08,Cash,Cancelled
bcbf0413-b05a-487f-8733-3d307d45d356,a3f626b9-cc27-4c04-8570-be79ab8bda4a,2025-02-16T10:16,7,112.07,Cash,Pending
c9a0d0cc-ad20-47db-b90f-8b6537100507,058b9c75-b72f-4594-80d2-e41194ff7672,2024-08-24T10:16,7,200.69,Cash,Cancelled
5804b973-bef4-499e-b66c-5ce880721240,5eb75bc0-d5fa-4209-9d42-7767f3f0585b,2025-04-19T10:16,9,237.51,Card,Cancelled
ba5d56b3-8c96-45c7-8018-c4a9c9f1b144,caad7924-4bc5-4f85-9662-11ca261e3c87,2024-12-28T10:16,9,263.70,Card,Cancelled
5db19618-2d5a-4c09-a26f-ae2864451063,a190f67b-21df-46bc-8164-46bdfa00af85,2024-09-16T10:16,9,47.88,Online,Completed
77ac921e-a08e-4774-9280-cb2169b51fc5,824998a2-7592-4051-ab0b-d5e12743c93b,2025-06-22T10:16,7,147.28,Cash,Completed
55fbc23e-fa54-4f0a-bcbb-78cf5b70661e,6c6a3b10-9747-4dca-a041-4edc22d147b0,2025-02-01T10:16,5,75.15,Online,Cancelled
d3e229ba-5382-428f-9c0d-8aa446eaaef5,ada8704c-2784-4d70-84da-10078407d2c8,2024-11-24T10:16,4,58.12,Card,Pending
abebc52b-ad54-476f-a6fc-e6683eabb8ec,4739f27f-7a96-4d52-83ae-0c6fd4c8c606,2024-08-03T10:16,6,69.30,Cash,Completed
9b80e933-b31f-4b2a-91ff-fb81e2cda361,5f6e51da-5f01-4c9a-85dd-7d50ef37e5d7,2024-03-04T10:16,1,14.24,Cash,Completed
b11f15f8-2278-409a-9e29-6a4723441a8a,b04ce307-2d1f-4214-b023-d8f4379041a1,2024-02-24T10:16,5,101.55,Online,Completed
8bc92076-42b4-4c6c-b796-136cf73bbb40,c46351bf-193f-49af-a5d6-456188837c3d,2024-04-10T10:16,9,235.98,Card,Cancelled
384d8ad9-0120-4065-a601-8db50bfb77ea,52f5634d-de98-4543-8a1e-cbf1e2d0242f,2025-01-15T10:16,4,76.04,Card,Pending
c25a0cea-f1f0-42d1-8cec-efd0a6ab5531,cb8747c7-32ca-4b6b-868d-13ab01d953ec,2024-04-29T10:16,9,78.93,Cash,Cancelled
181c9900-cf00-47b9-b547-f53ce736d4e9,26d032f1-9fe9-487a-987a-a8be14e1db05,2024-08-13T10:16,6,112.98,Cash,Pending
fb904226-50e1-4766-8bd5-ba70962e6087,9b9edd1e-b4f7-414c-b8b5-a3dc51fa0a8c,2024-06-20T10:16,2,43.28,Online,Pending
aa545e5a-3cb2-430e-96f7-15dbe30ff765,6e6d2c67-f7fb-4a98-8f9a-4822259b25c4,2024-08-12T10:16,9,244.62,Cash,Pending
0b1cde86-4865-437a-9915-8e0ca2041f5e,9305d562-2505-493d-8ed8-3fb721c8f491,2024-04-06T10:16,5,44.85,Card,Cancelled
10a0a68d-27d5-4264-87c8-ac4a3f5ff620,09ba4183-1b94-4f8c-bc5f-eca421a88524,2025-01-09T10:16,7,89.60,Online,Cancelled
cba91f2b-ba15-4e78-928a-b214ed08fe4f,7d2df59f-386d-4aec-85a8-2443262a0cb4,2024-04-05T10:16,5,132.70,Card,Cancelled
1d2bea34-b587-42ed-9fbc-2485a6a3da1a,bf0de251-90d7-423c-8b31-48df1a89964f,2024-10-03T10:16,8,119.36,Card,Cancelled
e28d3e59-960a-4ff2-9788-49d1dd666018,e886c155-0dae-4b36-88f5-a86fa474d1f6,2024-06-13T10:16,3,27.24,Cash,Pending
c5ef1a38-f7a3-473d-abfd-d814bf74bc80,8250871a-2b35-424e-a1a1-4eb4faffabfb,2025-05-18T10:16,2,34.46,Cash,Completed
59354dd3-745d-4087-ba43-409533dd7ab4,d33bbfcd-a2ca-4e80-8a1c-65223f061e7e,2025-03-24T10:16,9,233.55,Card,Cancelled
d98e11e3-c327-4d1b-bc8e-1c0b77b6d839,25659c0e-6eb5-4c57-add8-fb6ac5f42699,2025-10-15T10:16,3,72.96,Cash,Cancelled
a050ca52-f7d2-4879-9f8d-7339263f38d5,7509850a-5062-4da9-aad6-bc5b9e363ef1,2025-05-02T10:16,5,112.95,Cash,Completed
9531e838-302c-496c-8f26-4bef93221daf,60cd80b6-3967-4dae-b4df-adc7b5644971,2024-04-17T10:16,7,45.01,Cash,Pending
8d0dc85d-c284-44a5-bcae-305ad6b46be8,b03f75c1-655f-4480-a2bf-1a0af806e96e,2024-09-21T10:16,3,39.66,Cash,Completed
59304781-758e-42a7-b595-a00f5be6f498,5400d214-6176-40bf-88d2-3f53ed38bf69,2025-10-06T10:16,9,169.47,Card,Completed
a9ab8819-dc24-4f79-ad75-254460c595ae,7169ef0c-f2c8-4ae3-83f6-87691664d2d2,2025-01-04T10:16,9,210.51,Online,Completed
4380190b-4701-40b4-9104-276a23580f8c,6e6d2c67-f7fb-4a98-8f9a-4822259b25c4,2025-05-06T10:16,8,180.24,Card,Cancelled
cd67420c-38a7-43e0-8d42-a5f2aab14c91,06e585f0-5b60-4900-81d1-3379328e6c17,2024-07-05T10:16,8,113.28,Cash,Completed
7364f2ad-830a-4cbc-a373-ba4c97327099,e277d099-db2a-4aee-ab86-8b0e73a34383,2025-06-03T10:16,4,45.52,Cash,Cancelled
495abb57-d9b2-4fe9-95bb-0bfa9f4da481,a190f67b-21df-46bc-8164-46bdfa00af85,2025-07-21T10:16,9,257.85,Card,Completed
6c5c5d71-8f7b-4de9-9cdd-e34d288b794c,2a109685-1399-4149-8951-fba29bb0360d,2025-07-22T10:16,6,167.40,Online,Pending
1b611cca-a29a-49f5-b848-d79cb94ddff4,e119f98a-df63-41dc-8e01-bb49ca2dc724,2024-05-03T10:16,7,77.28,Online,Pending
e5a9c9f8-781a-4b95-b501-4f8a82dd4c74,7169ef0c-f2c8-4ae3-83f6-87691664d2d2,2025-07-15T10:16,3,44.43,Online,Cancelled
54c00075-53d2-43d3-83af-6600297baae7,0a5bd884-b432-4ce5-b14e-44b4aedd4c0f,2024-08-16T10:16,7,143.92,Cash,Completed
85f05622-15dc-4c9e-91db-bb84be79b156,3ab3404a-ee80-4ed2-8d90-a6f0dad14e48,2024-08-08T10:16,2,29.76,Online,Cancelled
0bce6a7d-c71d-4e3b-ad07-b3266a7973d0,401a6911-a31e-4892-adc1-56e3e1eb090a,2024-05-23T10:16,9,152.46,Cash,Cancelled
3d695f3b-7186-4daa-a070-6cf003a6f666,910b1d47-5c37-48b1-8bde-96c60660f1d7,2024-03-12T10:16,3,30.66,Card,Completed
2202d297-b3f1-4baa-94df-3dc128d3dfaa,99c406e7-092b-4eeb-bc08-56fc041c253d,2024-04-10T10:16,2,25.82,Online,Cancelled
a7b40584-0498-4db7-b368-d3fd6ac72faf,f90cf3ca-e2d0-4129-bc7a-e8a2b80880da,2024-02-03T10:16,9,45.54,Online,Pending
ff81c586-f0f5-4380-b8aa-5e3306d39bda,e6cb1215-5314-4d05-bfd1-f6e5d36e89f7,2024-05-05T10:16,2,18.22,Online,Completed
d9ac9d1a-2c23-42d2-bfe9-999f6dd2c237,3dcaabe3-78c9-4d88-bed5-56ca7ceea07c,2025-03-09T10:16,3,25.05,Card,Pending
57c30c75-3ae3-4553-a86d-d7bd14d9f256,6f61ca8e-51a1-48e0-abfa-88326e713e34,2025-07-20T10:16,3,69.24,Cash,Completed
1718f03c-514a-425c-97e4-082684667c16,365c90d0-a590-4209-9401-2ce55af5ed98,2023-12-09T10:16,8,200.24,Card,Cancelled
f4be0cb4-e088-49dc-9bd4-8f1bdd0aa4ac,cd50913f-8c99-4253-9134-0cf5fe5f300f,2025-05-26T10:16,3,43.17,Online,Completed
73156fcf-85bb-4917-a09d-681303b7c58d,caca465c-e9f2-4add-91b5-24c70595e321,2024-10-25T10:16,5,106.50,Online,Pending
2b59b616-7d4d-4f37-bb51-c7bbcee639bc,485b65e7-fdf4-474d-afba-37986d8d3cd8,2025-10-13T10:16,2,44.40,Cash,Completed
c0d8a14a-cc78-42d2-b852-8fccb39e6fe8,d3f641e5-b8b5-4f5f-9155-7768df2033e8,2025-04-11T10:16,1,8.57,Online,Cancelled
0fa32b34-f15a-45b0-a9a6-40ab1df7a9e6,93cdeef1-3fc3-4a63-a275-0ae87ae6b335,2025-06-28T10:16,6,134.94,Cash,Cancelled
2f80f1c2-8ab5-4d5a-959e-775a925cc2f4,7d2df59f-386d-4aec-85a8-2443262a0cb4,2025-01-23T10:16,7,60.48,Cash,Pending
14bb80ed-4877-4081-93d8-9b5e4e6ab64f,8250871a-2b35-424e-a1a1-4eb4faffabfb,2024-12-01T10:16,8,209.52,Card,Completed
5265422c-3e4d-4773-86e1-29d3bf2c1c98,d5cfb1a3-ce2f-4aff-ab4c-50e0c5426af1,2025-05-08T10:16,8,154.40,Cash,Completed
1941df35-aeee-4fa4-b3f6-a936e3c632f7,e6cb1215-5314-4d05-bfd1-f6e5d36e89f7,2025-08-08T10:16,6,143.22,Cash,Completed
74d99c03-7270-4542-9bf0-c61af200f63f,e12c3d24-86c8-474f-b86b-370df36adbfe,2023-12-18T10:16,2,42.12,Online,Cancelled
9c1ae156-fffe-4db1-b79b-a00d2543af8b,4b14a58c-f1e4-40b6-888d-a88cd7055099,2025-01-31T10:16,4,86.04,Cash,Completed
991dd821-e683-4ca2-b109-c518dba676db,0472ca7f-b133-4710-8f43-24a3c6c1afd1,2024-01-31T10:16,4,84.32,Card,Completed
ea80fdbd-7309-4825-9c78-3b053ccf1531,5400d214-6176-40bf-88d2-3f53ed38bf69,2024-12-14T10:16,8,81.60,Card,Cancelled
e287ae29-3b4b-4adb-b341-7ea544522d19,80537cf2-360f-4740-8b7e-d4cd56e22987,2025-06-09T10:16,8,164.32,Cash,Pending
2b22d79c-7c47-40a7-8fe3-8c4c94f69d3c,bb6ceda0-3f7a-4dfa-9862-41a88dd468b2,2024-05-14T10:16,7,189.91,Card,Cancelled
82251edf-1a24-458f-908b-2fa536914ba6,56a75a3e-a944-4147-8cba-f1024726993f,2024-02-16T10:16,7,138.81,Online,Pending
9903f8e3-950b-4817-8341-64fb1340048d,d6d4ef4b-0870-48aa-b884-013237f255f4,2024-08-10T10:16,1,20.86,Online,Completed
9782d64d-85f4-40e6-8119-1d36d778e7ba,1233cc27-7567-48e0-8dd2-6b0019506c2f,2024-01-23T10:16,8,173.20,Online,Cancelled
90eb86c4-9e65-49e9-804f-7d7a1d3b3870,bb9edfa8-17f7-4f6f-8e3b-616693a298b1,2025-03-02T10:16,5,95.10,Cash,Pending
76aaa3e3-f9c1-4f66-ace6-fc31351171f2,c5817fdc-a4dc-4879-b957-30cfda62016b,2025-03-04T10:16,7,192.99,Card,Completed
1b638828-0c42-42b8-99a6-efa44f7452b9,d87f31d7-79ef-4c17-856e-142e791b04da,2024-08-26T10:16,7,75.39,Card,Completed
44821f7c-e7af-4cf5-85b2-f51dab432d64,209e786b-2a61-4e52-a3b2-1cc98bcbf18c,2025-01-23T10:16,3,80.61,Online,Completed
850f438d-f6ec-407b-b04e-309844b09286,964d337f-acd5-4ca2-8843-9be3f2eb60fc,2025-10-12T10:16,5,53.55,Cash,Pending
a2d254ed-bbe7-4a00-9979-4c225e595ab5,52fbb114-83aa-432d-b2f1-f3e37a5c4754,2024-10-26T10:16,6,43.80,Cash,Completed
e91f81fb-d521-4f51-ae6e-9404c16131b7,7a18d550-38d0-40b2-84a7-547162e7e409,2024-01-13T10:16,5,39.00,Card,Cancelled
13970b4b-20ae-4d7e-81ad-0e403af80af2,52c87fd9-fdf0-4256-b929-6153ad24a0ac,2025-01-07T10:16,7,91.63,Cash,Pending
00b5bcdb-69b0-4ef1-95b6-55fd064d1789,4e6807ca-aed8-4ec9-b1b0-0e3aba57efb1,2025-05-02T10:16,7,78.05,Cash,Pending
8f179047-3844-407d-9724-d7f29b8ba43c,c9dcc28a-ae5f-477c-ae7e-72d94129f449,2025-11-02T10:16,9,218.34,Cash,Completed
b0eb46ff-3d98-4e2f-b471-abdaf3e21da9,c63bd277-c81c-40c5-8720-6ce916d653c4,2025-09-09T10:16,6,133.92,Cash,Completed
89514fdf-e21f-48b7-9206-6c0ddd3e52a4,f3826f04-0dfa-4266-8002-58fede0093f5,2025-07-30T10:16,1,12.17,Cash,Completed
96767a70-0895-4a2b-864f-a52d14242841,c83bba2f-5229-4998-9566-1f3179b13e8a,2024-02-15T10:16,3,27.00,Card,Pending
40a3e342-2262-4fb9-b7be-2c0b46dda539,941529ef-2114-4bff-907a-4596ff4593a1,2025-08-01T10:16,2,58.06,Card,Cancelled
ec3734b6-f74f-41e8-8894-94456276354b,ff4db0d8-e809-46e8-9ae0-78ffee4902d9,2025-11-05T10:16,3,55.50,Cash,Completed
96b1f1f1-34d8-4380-9327-100aba7e63a8,dcfb3d05-846d-4915-99f3-ebbc7559d972,2023-11-29T10:16,1,15.17,Online,Pending
6a55c30d-58de-4025-9e69-b756a5dcbe0b,e12c3d24-86c8-474f-b86b-370df36adbfe,2024-07-28T10:16,9,59.58,Card,Pending
fc581867-38a2-49a1-899a-94b78a23e109,d33bbfcd-a2ca-4e80-8a1c-65223f061e7e,2025-09-03T10:16,3,67.53,Online,Cancelled
7de02ab3-7596-4d1f-8173-9ace48202a26,6c3bf618-a715-40f9-9faa-cfc5f5beef2f,2025-04-22T10:16,8,122.16,Card,Completed
31f73ee1-4300-427f-b188-02f93059a349,000f9c8f-2fc7-4346-844d-c04f10751265,2025-09-12T10:16,3,15.15,Cash,Completed
c407f239-4c69-4e3b-b4d5-388f5fb11b9d,c46351bf-193f-49af-a5d6-456188837c3d,2025-01-07T10:16,9,237.60,Card,Pending
9a59bc90-f202-4264-b71d-a6c4bd4cc00b,9fa382f0-8393-48db-ad30-43c953282401,2024-07-01T10:16,8,183.76,Cash,Pending
5557b1ed-7364-4b71-995c-e7f4ab236b35,b04ce307-2d1f-4214-b023-d8f4379041a1,2025-04-13T10:16,6,163.14,Cash,Cancelled
a05f4284-84fd-49ee-8fc8-e5d03d54b7f3,26d032f1-9fe9-487a-987a-a8be14e1db05,2024-12-26T10:16,7,122.01,Cash,Completed
9b7f9942-e020-4856-908b-681d4a457967,b014b56e-3263-4b63-8430-46e00bc5ea77,2024-12-05T10:16,5,50.50,Online,Completed
96971bb2-abb4-4950-95af-631c9367284d,2c6dafc9-06cc-4b3d-8b8d-12aae0644c58,2024-10-04T10:16,4,105.72,Cash,Pending
3f982408-5656-41b5-9798-026d35919d11,4b14a58c-f1e4-40b6-888d-a88cd7055099,2024-07-24T10:16,3,70.29,Online,Completed
4f93ba9a-b1f8-45b8-8dd7-d53946a42df4,8b115a34-224b-453c-be69-b53a7445b466,2024-11-24T10:16,4,91.32,Online,Pending
51c89f78-0904-4d3c-a738-a0a35f127b37,9c53f3f8-5b22-4d77-bd76-cfa6c70e443c,2023-12-13T10:16,7,160.09,Online,Completed
be9a8fb9-985a-4808-a331-817cc23be5df,c46351bf-193f-49af-a5d6-456188837c3d,2023-11-19T10:16,9,156.15,Cash,Completed
67e39afb-2c11-4129-9178-0f367eb7f7ae,b6c26110-1b77-4777-8c79-c69ec19b66df,2025-03-02T10:16,1,21.19,Cash,Cancelled
789c0072-3bbb-4bb4-a4b8-515269d90249,b04ce307-2d1f-4214-b023-d8f4379041a1,2025-07-02T10:16,3,86.37,Online,Completed
6c1e18de-a244-4cf0-92a8-d1d15c3888f4,52fbb114-83aa-432d-b2f1-f3e37a5c4754,2024-01-28T10:16,6,48.72,Online,Completed
402a9884-56cf-4d51-8cfb-06aa9c7ab3b8,9b9edd1e-b4f7-414c-b8b5-a3dc51fa0a8c,2024-09-04T10:16,7,107.31,Online,Completed
88dbc4f0-1a5b-4dbe-a42a-17b48be0605d,6b1178fc-1745-401d-88da-3903c243ebe9,2024-06-21T10:16,9,115.74,Cash,Cancelled
c6cadfdb-110a-4318-a728-b5259647532f,60cd80b6-3967-4dae-b4df-adc7b5644971,2023-12-27T10:16,6,83.64,Card,Pending
b6dbe350-5df6-445e-9653-eada105e6fe0,53db1213-7316-47bb-9099-c1def0e3c96b,2025-04-30T10:16,4,104.04,Cash,Completed
cbc006bc-4413-4b5e-8d8d-926e2c9f37d4,f0a6a958-e434-41bf-a830-dffa55a34db5,2025-03-12T10:16,4,106.32,Online,Cancelled
93bc44ed-e141-4030-9835-3699d70cf904,ebe19120-496a-47fa-87eb-2440212a3363,2025-10-22T10:16,6,118.20,Cash,Pending
5542d708-48ac-4cf0-baea-a330a54f2ebd,39cb44e2-a541-4b98-bc0b-db5f31cf8710,2025-09-02T10:16,3,60.72,Card,Completed
a4c5354a-3712-44db-b5e6-7d3701aabd2d,65b2c0ea-6192-47fc-9286-2c1dd3ecefb1,2024-09-21T10:16,4,103.36,Online,Pending
99fc33f1-8de3-4ec9-8ac8-8c45258604c5,f90cf3ca-e2d0-4129-bc7a-e8a2b80880da,2025-08-18T10:16,3,39.12,Card,Completed
0c32cdfe-f522-491e-a3d0-d764113f52bc,c9dcc28a-ae5f-477c-ae7e-72d94129f449,2024-06-16T10:16,6,165.66,Card,Pending
e59965b6-9e43-4bf2-bcd5-a608e581751a,8626238e-5813-415a-9a8c-db944b1e0269,2025-07-05T10:16,2,22.32,Online,Pending
41cb37c9-50fd-4778-987b-79568b31f83d,0e0d5f13-edd5-4ab0-9ddd-3df111bedc5a,2025-05-21T10:16,2,47.96,Online,Completed
4e3607d1-9dfe-4977-b917-8a982b39d48e,2c6dafc9-06cc-4b3d-8b8d-12aae0644c58,2024-03-09T10:16,2,23.74,Online,Completed
9b8e83be-7e44-419b-968d-2ffb849b71a1,b95f7619-fab2-4df9-8683-1f2aeb93a660,2024-06-20T10:16,2,57.00,Cash,Pending
971838b5-9574-42df-9783-1633aefe8efa,5400d214-6176-40bf-88d2-3f53ed38bf69,2024-12-27T10:16,8,185.36,Cash,Completed
590f8fe6-05f8-4c67-9406-5c47fed9378c,a3f626b9-cc27-4c04-8570-be79ab8bda4a,2023-11-15T10:16,5,75.60,Card,Pending
92c042ee-5d13-4e9c-81be-68ee56a61071,80537cf2-360f-4740-8b7e-d4cd56e22987,2025-09-03T10:16,5,133.15,Cash,Cancelled
33c2aa79-6475-4892-89b9-b1c62bca25ee,f543de06-e341-4de2-95ab-ca0fd3ee51fe,2025-03-07T10:16,9,66.06,Cash,Cancelled
ee1350ca-e3a8-448b-a1f3-06804c5aea7c,89d26a00-0fde-4c03-8430-b06f6bc3f33a,2024-12-11T10:16,9,57.51,Online,Completed
4fa2dd6b-f42c-4d3d-9309-b04da026dd28,795088d7-d227-422e-ad8c-f048bde0675e,2025-06-29T10:16,6,144.18,Card,Cancelled
e3c7c22b-2bf7-432d-8c62-7cf8a0bbcf82,e119f98a-df63-41dc-8e01-bb49ca2dc724,2024-05-01T10:16,1,9.29,Cash,Cancelled
5a0cc94c-ef10-4394-967b-0d8fff2ada68,bb6ceda0-3f7a-4dfa-9862-41a88dd468b2,2024-06-16T10:16,3,32.97,Card,Pending
853a9ce1-30ed-43a4-af37-a2ef1a9b4d52,3e97fc93-73a7-45e0-9888-f7a03ee258a7,2025-01-05T10:16,2,37.84,Cash,Pending
bb6346ed-b3f2-4382-90f6-8286f719f037,89d26a00-0fde-4c03-8430-b06f6bc3f33a,2023-12-14T10:16,2,30.24,Card,Pending
7b844445-9e75-4d0b-a95b-0b6b8ffc076b,7169ef0c-f2c8-4ae3-83f6-87691664d2d2,2023-12-30T10:16,5,58.95,Card,Pending
0986b2aa-130c-4d7b-a3be-faf85dea0cff,56a75a3e-a944-4147-8cba-f1024726993f,2024-10-06T10:16,4,54.36,Cash,Completed
988fa3c8-4c09-48ce-86a0-6a0155499e23,b3688304-b24b-416a-9bf4-c2b6aaeb59d3,2024-04-07T10:16,3,33.93,Card,Pending
44127d24-024c-413f-8417-6f09c0440704,b6c26110-1b77-4777-8c79-c69ec19b66df,2024-12-05T10:16,4,88.00,Cash,Cancelled
1c26e730-1a5a-4582-ba6d-2cfb2b3484e2,11526850-7335-463f-b740-a52a90457c3b,2025-02-23T10:16,1,24.19,Card,Completed
62a443df-f22e-4364-bbe2-b6f431c33ed5,69446e90-4237-4410-ab55-e011eb04cce0,2025-01-10T10:16,4,21.24,Cash,Pending
dcf8ab93-5e6f-48fe-94e0-1db491814a10,8e1bbe6c-7b75-46dc-8ca1-0b1664cd6ae4,2025-09-13T10:16,8,159.36,Card,Pending
acceb34d-6764-4e6a-b76f-61366298aabf,7d2df59f-386d-4aec-85a8-2443262a0cb4,2024-11-30T10:16,1,23.01,Online,Pending
8633de76-a7f0-4067-9635-df96793aeeaa,0a5a9fc7-e126-48f0-99aa-dea85c606f66,2024-01-30T10:16,3,62.43,Online,Completed
66811278-6c8f-4d19-b92c-8014c99f1f29,52c87fd9-fdf0-4256-b929-6153ad24a0ac,2025-04-11T10:16,5,73.25,Cash,Pending
6920b4d6-5f39-4ac5-93bd-3aa99e665428,1eeb9c5f-5b7a-47af-b4f1-5a50d9d1089c,2024-06-30T10:16,3,80.46,Card,Pending
0d5194ef-b98c-491a-bac6-f3cfa9e636b8,59827b2a-ae17-44b1-bd6f-6f08718559cb,2025-07-04T10:16,9,144.81,Online,Completed
d233676d-0fc3-4189-b0af-156cc72d09f4,941529ef-2114-4bff-907a-4596ff4593a1,2025-04-05T10:16,9,212.76,Cash,Pending
d6ece22d-56ba-4118-8127-7343a52ac0d8,6c3bf618-a715-40f9-9faa-cfc5f5beef2f,2024-01-08T10:16,7,177.03,Card,Cancelled
605c624b-341f-4c1c-b590-041f71e45ea9,5eb75bc0-d5fa-4209-9d42-7767f3f0585b,2025-08-24T10:16,6,161.28,Online,Cancelled
0dd362ca-76fe-4c5f-95e3-eed89a0ab1fd,90f0db1e-2b19-43f7-ba17-233c7c214eca,2025-04-30T10:16,7,160.44,Card,Completed
0a993e19-13c3-4b8d-baee-72c60ada1055,3befa4dc-d961-4a3a-9410-d43d1bdaa335,2025-01-23T10:16,5,61.45,Online,Pending
d60e33f3-f43f-46eb-b8d8-6a72683afd1f,a5ffc907-be77-43e6-8694-4a0bf09bd3fb,2024-10-09T10:16,7,90.79,Card,Completed
fe508821-72a0-4fe2-9da8-e268b5f5b633,b014b56e-3263-4b63-8430-46e00bc5ea77,2024-03-31T10:16,6,51.42,Card,Cancelled
bba5a159-bac2-44ec-b47b-1183be940152,89d26a00-0fde-4c03-8430-b06f6bc3f33a,2025-03-08T10:16,4,52.32,Online,Cancelled
9970edec-5d40-48f1-8f47-937a66fe5a21,f0a6a958-e434-41bf-a830-dffa55a34db5,2025-07-18T10:16,8,225.92,Online,Cancelled
e2d09d4c-0d34-45a7-8a53-624102b783a6,c1a09d60-c9e8-4489-a68e-e01b51541d33,2025-03-16T10:16,4,98.52,Online,Pending
9446093c-6717-4ad9-ba75-85618d34671b,6c6a3b10-9747-4dca-a041-4edc22d147b0,2024-05-21T10:16,1,22.35,Online,Pending
f08c9fa8-cf36-424d-b81f-58d9125eae28,11526850-7335-463f-b740-a52a90457c3b,2024-03-21T10:16,6,133.32,Card,Completed
3da0e0ba-0bdf-4856-b5e4-e33092592f37,e119f98a-df63-41dc-8e01-bb49ca2dc724,2024-01-05T10:16,1,24.06,Online,Completed
33a5e361-2e21-409c-863e-baa46e65bb89,d5cfb1a3-ce2f-4aff-ab4c-50e0c5426af1,2024-07-24T10:16,9,263.61,Card,Completed
f68b67fa-457b-49ee-bd7a-79408f7e1f5b,0a15d43b-8f6b-444a-bef2-ffbddfdbd16f,2025-01-10T10:16,1,10.65,Cash,Completed
5d3394a3-bac6-49a0-8975-1978216116be,e277d099-db2a-4aee-ab86-8b0e73a34383,2025-06-24T10:16,1,17.94,Cash,Cancelled
66b2f931-4e02-448f-8d11-4277ffea87c3,8626238e-5813-415a-9a8c-db944b1e0269,2025-08-30T10:16,8,86.96,Online,Pending
f3b3e0cb-db59-4186-a187-5e93a1c753f1,52c87fd9-fdf0-4256-b929-6153ad24a0ac,2024-09-25T10:16,8,226.72,Online,Cancelled
ad03eea4-0f07-4b7a-a955-90d431a2917b,3e97fc93-73a7-45e0-9888-f7a03ee258a7,2024-12-25T10:16,3,17.04,Cash,Completed
361fff26-51df-4d3c-9013-8b303e9fce20,824998a2-7592-4051-ab0b-d5e12743c93b,2024-06-28T10:16,9,86.67,Cash,Cancelled
8704456c-d4c4-47c2-a03f-194fced9d774,1d32c3b3-c732-4995-aa6b-ff159deb3bdf,2024-02-09T10:16,4,28.04,Cash,Cancelled
8d232a2c-7684-4613-9686-f1080d7d2143,964d337f-acd5-4ca2-8843-9be3f2eb60fc,2025-09-02T10:16,8,71.92,Cash,Cancelled
d03137a1-5a63-45d1-86a1-39ff1f11c122,4e44f26d-5455-405b-8fdb-63ab8b739ecf,2024-10-11T10:16,4,58.64,Cash,Completed
f3dc53bb-44cc-4b72-a33d-fee5420d50dc,77ca464a-fe0d-4dcc-8f08-3eb2f7b64f76,2025-04-29T10:16,8,140.16,Card,Cancelled
d0fe8234-789f-43cd-b05c-f30a35a2e1e4,f3826f04-0dfa-4266-8002-58fede0093f5,2024-10-13T10:16,1,27.78,Cash,Completed
95120566-1053-4ccd-bc59-7c731cd9615c,a3f626b9-cc27-4c04-8570-be79ab8bda4a,2024-02-06T10:16,8,159.92,Cash,Cancelled
d74b281c-98a2-4b16-92d8-167dcaa92156,6945f6f4-b8f9-4d04-90ff-e59ed705578e,2024-01-16T10:16,1,11.55,Card,Pending
6eb3bd8f-2ec8-4aee-863d-cc60e26cb4e4,6e6d2c67-f7fb-4a98-8f9a-4822259b25c4,2024-04-05T10:16,8,40.48,Card,Cancelled
13ef8d75-44ee-42ea-ae5f-7898775e3b12,f6c35464-33dd-44a7-bf84-071f2e427045,2024-05-27T10:16,2,27.32,Online,Pending
2846197e-a26d-4dd2-9e7e-df746c02c274,73a2b03c-2dca-486e-8ebc-c4d6bb68a8c6,2024-08-27T10:16,5,67.75,Cash,Cancelled
29022d66-863c-4fe2-92c4-cb125da17e8c,21edfc22-3f73-4335-a774-3cf78ab65e86,2025-05-18T10:16,8,56.72,Online,Pending
6f1ed644-19bb-4f0a-9344-a4bf5342c6ea,56a75a3e-a944-4147-8cba-f1024726993f,2024-02-25T10:16,6,97.32,Online,Cancelled
8447d8f4-f443-4a1d-949b-3b8fa66e25a3,e119f98a-df63-41dc-8e01-bb49ca2dc724,2024-01-04T10:16,1,12.54,Online,Cancelled
49b244d0-3f07-4e02-9c37-d9e27a96a291,39cb44e2-a541-4b98-bc0b-db5f31cf8710,2023-11-29T10:16,7,103.53,Card,Completed
e1c11b36-d4d3-45ca-a670-b81d8999d811,ebe19120-496a-47fa-87eb-2440212a3363,2025-08-21T10:16,6,57.66,Card,Completed
830a6c32-1c5c-4e13-9db8-dda93c2c0f91,39cb44e2-a541-4b98-bc0b-db5f31cf8710,2025-01-05T10:16,4,65.96,Online,Completed
6901a93e-5704-4261-9138-d8fe9d348e66,a302a1a8-c429-406f-abff-9f273aa0a4b5,2025-04-02T10:16,5,149.75,Card,Cancelled
aa7f831d-75f7-42b7-b52a-6683317118a0,c63bd277-c81c-40c5-8720-6ce916d653c4,2024-05-02T10:16,3,84.93,Online,Completed
6f14b5fe-eb4d-4905-b964-392aafac4e0b,e12c3d24-86c8-474f-b86b-370df36adbfe,2024-12-19T10:16,4,116.84,Online,Cancelled
221993e8-e6fe-4874-896f-c8e48cafbecf,d5cfb1a3-ce2f-4aff-ab4c-50e0c5426af1,2023-12-30T10:16,4,23.88,Card,Completed
7299123d-1fc5-4a44-8331-a8d42791c08b,d3f641e5-b8b5-4f5f-9155-7768df2033e8,2024-06-04T10:16,2,58.48,Cash,Completed
26f1e00c-ad11-43c9-bb1d-a520a816fdda,d3f641e5-b8b5-4f5f-9155-7768df2033e8,2025-11-08T10:16,9,224.73,Online,Cancelled
53708b26-4a4f-48e9-843f-abb1867de864,a938df5f-7764-459c-8bfd-90409d16b3c6,2024-04-01T10:16,8,48.32,Card,Completed
b41840c1-966e-4dbb-b20c-86a589a27b7a,aff4340c-d102-49ba-af8e-84d2737ce82c,2025-03-27T10:16,7,202.72,Card,Completed
e4cc5e04-b2cd-4811-9aa2-2787677f8be6,6aaabc79-3d35-410f-bb96-f86a3930d0ff,2025-05-18T10:16,7,55.72,Card,Pending
39962557-43a5-4d2a-818f-6de1e82edfdd,4bb2d776-14c0-4ef6-b8ba-c580cbed72b8,2025-02-04T10:16,8,61.44,Cash,Pending
dc1fb831-c32e-4d49-a2c9-7d37188d6a9c,c63bd277-c81c-40c5-8720-6ce916d653c4,2023-11-14T10:16,1,15.07,Cash,Cancelled
ddffca3e-e638-4b19-8aa8-2c327284ed9f,0d463f72-c3a1-4a2b-8d0d-1721a0d1a06b,2024-09-02T10:16,7,209.86,Card,Pending
6ff073d8-cc3c-4fba-8d94-5d004fd4f892,5eb75bc0-d5fa-4209-9d42-7767f3f0585b,2025-10-27T10:16,6,60.48,Card,Completed
24dbe75e-891e-4218-85bb-5184808045eb,6f61ca8e-51a1-48e0-abfa-88326e713e34,2024-02-19T10:16,8,66.56,Cash,Completed
722f8c65-a943-4d92-bc63-f9b01ec6e3a5,b6c26110-1b77-4777-8c79-c69ec19b66df,2025-10-30T10:16,4,36.12,Online,Completed
a6047fe5-3456-448e-bcf2-76a73305f249,205ea7f7-e714-45b8-a083-11247ff702a1,2024-08-17T10:16,9,234.18,Cash,Cancelled
052539ee-56d9-440a-b001-8fda1a0a0350,e12c3d24-86c8-474f-b86b-370df36adbfe,2024-05-06T10:16,4,103.08,Online,Pending
bf4a64f7-f66e-4173-bfc0-75317b41ab8e,365c90d0-a590-4209-9401-2ce55af5ed98,2025-09-26T10:16,7,99.54,Cash,Completed
c8c5f642-174e-4857-89b0-fdc9de09075d,209e786b-2a61-4e52-a3b2-1cc98bcbf18c,2025-02-09T10:16,5,27.40,Card,Cancelled
2fda9af5-4de1-483f-b951-f2cfe7880539,a938df5f-7764-459c-8bfd-90409d16b3c6,2024-02-13T10:16,3,86.01,Card,Completed
b368d813-2338-48d2-b764-605c63c4480b,058b9c75-b72f-4594-80d2-e41194ff7672,2025-06-29T10:16,7,117.18,Cash,Completed
9776452f-8334-4dc9-bd19-c6d16932400c,bf0de251-90d7-423c-8b31-48df1a89964f,2024-01-23T10:16,1,8.68,Cash,Completed
9abbcf1b-2d6d-4a51-867f-ae3d1e7d2371,fe624323-ba72-456d-9842-ed9e0edc75df,2024-08-05T10:16,5,147.10,Card,Completed
c117c566-b593-49a7-82d5-8ceb1be6113a,f543de06-e341-4de2-95ab-ca0fd3ee51fe,2023-12-28T10:16,3,25.47,Card,Completed
a518b54c-8c70-4d9c-b4e9-07f50827b5fe,cf65c4b6-4c1c-420b-95de-23e5b56ffad5,2025-06-11T10:16,2,36.20,Card,Pending
908a5a0e-3282-4da7-8965-1ef7c864fd98,aac35608-9499-49c5-811a-a059e773c968,2025-05-30T10:16,2,29.94,Cash,Pending
695c2364-a40f-4c0c-bfac-1bcfeb46aa13,2c6dafc9-06cc-4b3d-8b8d-12aae0644c58,2024-12-04T10:16,8,227.20,Card,Cancelled
09d425b3-7126-4243-96cb-7e2c5d27801c,3befa4dc-d961-4a3a-9410-d43d1bdaa335,2025-11-04T10:16,6,77.10,Online,Pending
93a91c2e-5eb5-42d9-9de6-66eeca8c59c5,5d6f84a5-a4de-442e-99b9-b8ef714b4436,2025-10-31T10:16,7,120.12,Cash,Cancelled
98f842ff-642f-4417-9585-52ee2114ed9b,8250871a-2b35-424e-a1a1-4eb4faffabfb,2025-09-19T10:16,5,119.80,Online,Completed
84c2635e-59c0-4064-8169-c5884dfb9cdf,7c991f43-c18b-4404-8826-97691b0dc00c,2024-10-07T10:16,8,119.92,Cash,Completed
05cf5fff-7dbf-4057-afc7-df3bd604a90e,205ea7f7-e714-45b8-a083-11247ff702a1,2025-09-04T10:16,6,30.84,Cash,Pending
06ab33b8-8f9c-4e24-9604-20ce2f4930e4,bfa3444b-2be9-46be-b944-720d86a59770,2024-08-30T10:16,7,93.31,Cash,Pending
42e03aca-0066-46a6-8edc-d1740eabba64,ada8704c-2784-4d70-84da-10078407d2c8,2024-07-19T10:16,2,52.64,Online,Pending
eaa17511-a46b-42b5-bd06-207b63ca6a3c,bb6bf39c-f455-4e08-a59e-1bdaaa91d4aa,2025-04-27T10:16,1,19.14,Cash,Cancelled
0d8ac49e-b061-4c30-a83a-cf317a84220b,0fcf4084-ea31-49f8-99f9-9bf8c8b0c16b,2024-02-21T10:16,3,55.02,Card,Pending
7c75bd9b-406a-46ca-a149-d9e6ce2480c5,964d337f-acd5-4ca2-8843-9be3f2eb60fc,2024-08-09T10:16,9,63.81,Online,Pending
523287c9-1191-444d-859c-e777437a0ed8,52f5634d-de98-4543-8a1e-cbf1e2d0242f,2024-05-28T10:16,8,181.12,Cash,Cancelled
6ed1b58c-caa7-4c00-8ea3-6bfe2b34e466,935ebde1-5945-4673-886e-1a7a12cc2d4e,2025-06-28T10:16,3,35.19,Online,Pending
afddfdfd-9926-4513-b28d-401eae97787d,500fde18-ea61-4380-9ea4-f06d09985870,2024-04-10T10:16,6,86.10,Online,Cancelled
d84cad76-00a2-4598-83fd-826c1e07ccd1,e6e1db85-f8ba-4264-9c9a-520ecda4bc4c,2024-12-11T10:16,4,113.80,Card,Completed
8d0e9865-f18b-4833-b82e-83acce89819b,964d337f-acd5-4ca2-8843-9be3f2eb60fc,2025-06-01T10:16,8,179.36,Online,Completed
ad2cc726-71ff-45dd-8345-f62f3d747305,ff4db0d8-e809-46e8-9ae0-78ffee4902d9,2024-02-08T10:16,3,51.63,Online,Pending
41c96578-5134-4cfb-b250-c6eb7f36cfdb,c83bba2f-5229-4998-9566-1f3179b13e8a,2025-08-03T10:16,9,63.27,Card,Pending
5ae7c8a5-2a27-4ae3-a05e-9295c387126d,7509850a-5062-4da9-aad6-bc5b9e363ef1,2024-04-18T10:16,5,30.40,Card,Cancelled
8a8ddb58-30c8-4b27-9718-7058c2d36775,cb8747c7-32ca-4b6b-868d-13ab01d953ec,2025-02-13T10:16,6,140.28,Card,Cancelled
3a144a9f-3839-4683-9bfa-c11c6d3ad96a,4739f27f-7a96-4d52-83ae-0c6fd4c8c606,2025-07-24T10:16,5,45.25,Cash,Pending
5087303c-4dfc-460f-a68a-e506222f83c4,941529ef-2114-4bff-907a-4596ff4593a1,2024-01-07T10:16,9,225.00,Cash,Pending
1fdab0d1-d8bc-481d-8954-dada2a6d7dad,983d66ae-c8b0-46b8-8abc-26a1055cf729,2024-10-03T10:16,2,27.66,Cash,Completed
84209057-5d2c-4356-b11f-3d1c9e288571,92da274a-bea2-490a-bb52-196c46fa8487,2024-12-07T10:16,4,70.20,Cash,Completed
d2c40e98-ba7a-4c8f-a2da-bdb8c544ad43,a938df5f-7764-459c-8bfd-90409d16b3c6,2025-05-13T10:16,2,41.68,Online,Pending
cc5c6757-a5f2-4a4f-b8ca-dc5a5e47c061,7a18d550-38d0-40b2-84a7-547162e7e409,2025-03-18T10:16,1,18.48,Card,Pending
dad6f30d-f998-4881-ac29-5be8f6d043a5,c3ffc43c-0c11-40fa-9824-f234161741d0,2024-07-31T10:16,9,174.42,Online,Pending
b7907587-d531-4753-bc95-9994fe4a5c71,935ebde1-5945-4673-886e-1a7a12cc2d4e,2025-09-22T10:16,5,25.10,Online,Completed
6a8fddd3-6222-4a57-aff8-95dbea3cb8ca,000f9c8f-2fc7-4346-844d-c04f10751265,2025-02-22T10:16,6,38.22,Cash,Completed
d01e93bf-f7af-45a9-abb4-81052e780923,aac35608-9499-49c5-811a-a059e773c968,2025-05-11T10:16,5,70.85,Card,Completed
5c58de1c-74bf-4800-acdc-df0573d370ae,4717d2a3-4b2a-44f1-b960-a2b73e2d23fd,2025-03-23T10:16,6,174.48,Cash,Pending
1bb580ee-1a88-4bf5-b474-49d30a091760,ef7fad1f-a86f-4ee1-95b4-ce1f339f0fa5,2024-02-15T10:16,6,141.18,Card,Completed
45397bd5-c30b-4063-99f2-4dd7e8a2382a,103fcba5-5588-45a5-9fe0-6ac948d3860e,2024-06-09T10:16,9,264.33,Cash,Pending
4bd7a75b-ece8-4dd7-8050-c9ec0ba9c6ca,09ba4183-1b94-4f8c-bc5f-eca421a88524,2024-08-08T10:16,5,83.45,Card,Completed
956808a5-07f2-4359-a1fc-a0a3326b447a,6c3bf618-a715-40f9-9faa-cfc5f5beef2f,2025-04-08T10:16,6,32.88,Online,Cancelled
71393432-6a62-4fdf-b60e-5efc8b498f5b,ceafdb2a-788d-48e0-acdd-bd533a2e7ab6,2023-12-18T10:16,1,25.16,Cash,Completed
2e7b4953-c7a9-4b62-ab78-3475e59052f8,3ab3404a-ee80-4ed2-8d90-a6f0dad14e48,2025-10-25T10:16,5,65.65,Cash,Pending
1411fb84-91da-43bf-a720-8d7074b225b9,fbe227d7-6d32-4407-9783-7fdac983e55f,2025-10-08T10:16,5,39.75,Online,Completed
17745ca7-a896-43a5-b7a6-32198da25462,8b546c63-5406-493d-bc69-cfb594b38267,2025-01-05T10:16,3,60.18,Online,Completed
2c62b144-1795-4435-8625-691e874746ac,0a15d43b-8f6b-444a-bef2-ffbddfdbd16f,2025-05-12T10:16,1,20.99,Card,Cancelled
5c3c0151-d0fa-4831-9553-8e5bc077c53d,fbe227d7-6d32-4407-9783-7fdac983e55f,2024-09-20T10:16,5,44.30,Online,Pending
814a03ed-812c-460e-b719-ad5886d19c17,bc58b12c-65c4-4f21-89ef-3e492a22ef7c,2025-09-20T10:16,4,80.92,Cash,Completed
5ea7ce94-d288-4433-aa3b-83b594b21de0,ecf1ffb0-ac00-4968-87ea-8beef4ace55a,2024-05-01T10:16,2,48.66,Card,Completed
49ebe452-ef3b-409c-bb31-fb6b4a5c71fa,964d337f-acd5-4ca2-8843-9be3f2eb60fc,2025-08-10T10:16,7,141.68,Cash,Completed
0419df1a-ef11-4227-823d-aee6b7d09791,0dd437d0-74fa-43c3-8909-5c955e4d47dd,2024-03-30T10:16,3,32.52,Cash,Cancelled
a7871004-f435-4f22-af1c-1078bf7bc724,0a5bd884-b432-4ce5-b14e-44b4aedd4c0f,2025-01-28T10:16,7,146.51,Card,Cancelled
4d5b8e4c-c562-4364-86b5-d3ff14980bfb,c46351bf-193f-49af-a5d6-456188837c3d,2024-01-09T10:16,1,29.95,Card,Pending
3c748138-1c32-4bcd-ad1b-2319314dee69,935ebde1-5945-4673-886e-1a7a12cc2d4e,2025-07-05T10:16,1,16.21,Online,Pending
8ea921bd-de27-4c36-9129-857b01ce2f71,0a15d43b-8f6b-444a-bef2-ffbddfdbd16f,2025-07-21T10:16,1,26.45,Cash,Pending
337b000a-9281-4c6b-9e69-7aaec7779c64,62a2bfef-ca4a-4dec-90ea-bf15ea1880d2,2024-10-17T10:16,3,73.23,Cash,Pending
1029cab4-778e-47c5-953e-fd444b205b25,0a570207-0f70-467f-bbeb-44a0a60a9a25,2024-06-13T10:16,8,105.36,Online,Completed
167d82b0-9a92-4e95-ade7-e87f1c6707ff,ceafdb2a-788d-48e0-acdd-bd533a2e7ab6,2023-12-16T10:16,3,40.02,Card,Cancelled
15564514-85fb-4f18-9973-116a068ad69f,23650eb4-f98d-45a3-a90b-a378f03d469d,2024-03-10T10:16,9,144.00,Cash,Completed
b1bfbd3d-bbfc-438b-9b1b-cc309a58a8ae,52fbb114-83aa-432d-b2f1-f3e37a5c4754,2024-10-06T10:16,2,15.98,Card,Pending
ceeef7f9-b111-449d-bc6a-37de1867bae3,ef7fad1f-a86f-4ee1-95b4-ce1f339f0fa5,2024-12-31T10:16,1,14.46,Online,Pending
01b7cd45-8d72-49dc-9bcb-247b37bdb0bb,74e76582-f1b8-4560-b049-8aebb59d4721,2025-04-23T10:16,9,89.64,Online,Completed
4367c330-c9cc-4e10-833f-c1e4ae34ebe2,d5eaf6a7-76cc-48ec-98d9-ba713e2df70f,2024-05-11T10:16,3,44.85,Card,Completed
6fdcbedc-ba42-4e2f-8ca6-fa56cb538cd8,49af098b-bf79-4643-8e49-739ea932d38b,2025-06-12T10:16,2,44.36,Online,Completed
c0ad4e71-9eda-4042-a538-42fa77602a69,7169ef0c-f2c8-4ae3-83f6-87691664d2d2,2025-05-20T10:16,9,184.23,Cash,Completed
4de26450-0313-43c7-bf8e-b856e1cba3ed,fe624323-ba72-456d-9842-ed9e0edc75df,2024-10-21T10:16,5,87.95,Card,Cancelled
747b200e-9de2-47e6-b257-c53df401c2ea,935ebde1-5945-4673-886e-1a7a12cc2d4e,2024-06-19T10:16,2,21.50,Online,Completed
da6637ae-4cbe-4291-bf3f-ccfc3e57835f,bb9edfa8-17f7-4f6f-8e3b-616693a298b1,2024-07-29T10:16,8,170.00,Cash,Pending
8a3d6491-f456-465d-bfab-295e8347373e,6b1178fc-1745-401d-88da-3903c243ebe9,2025-03-08T10:16,5,88.00,Card,Pending
22581cbb-9bf6-46c3-b479-330133419ec4,9b9edd1e-b4f7-414c-b8b5-a3dc51fa0a8c,2024-02-01T10:16,9,45.81,Cash,Completed
edef7b3d-36ad-414d-badc-bc8e26dea6bd,f0a6a958-e434-41bf-a830-dffa55a34db5,2025-09-09T10:16,7,177.94,Card,Cancelled
b37f675a-b26c-4e26-ac5a-790f8e4604df,6bd388d4-5636-450b-bacd-55bdcb769bab,2025-03-22T10:16,6,34.50,Card,Pending
50b7e7ec-7d0c-4fe7-a9fd-096c3ec448b2,ecf1ffb0-ac00-4968-87ea-8beef4ace55a,2025-10-11T10:16,9,214.74,Card,Pending
c746dc46-b73e-4639-9f0e-fe2d4b28713a,ecf1ffb0-ac00-4968-87ea-8beef4ace55a,2024-06-12T10:16,4,74.88,Card,Cancelled
9de8b0b0-8511-477a-b543-b99f12d76563,bb6bf39c-f455-4e08-a59e-1bdaaa91d4aa,2025-11-02T10:16,2,57.40,Online,Pending
c0f6fcde-cc4e-4c30-b2c0-92257f88bb9c,52f5634d-de98-4543-8a1e-cbf1e2d0242f,2024-06-25T10:16,8,101.68,Card,Completed
5d5875d6-eecc-4a4c-9aa1-afd4e4abf498,59827b2a-ae17-44b1-bd6f-6f08718559cb,2023-11-20T10:16,7,174.65,Cash,Cancelled
075f1e7f-b5f7-4005-99b4-1a2c38572702,4e6807ca-aed8-4ec9-b1b0-0e3aba57efb1,2025-03-21T10:16,8,210.56,Online,Completed
a6e22b8d-4fee-4bd4-9326-ea8797ec07de,0e0d5f13-edd5-4ab0-9ddd-3df111bedc5a,2024-11-01T10:16,2,54.68,Card,Completed
1654fde9-16fe-43f9-a05b-648cc51736d4,4f6ae324-5b6d-47d6-a86d-26ec6fbe1e0e,2024-06-08T10:16,5,43.45,Cash,Pending
b0fa09ef-67ec-4c42-9302-c85037511009,a302a1a8-c429-406f-abff-9f273aa0a4b5,2024-08-28T10:16,6,90.00,Online,Cancelled
df3b052b-eec7-4212-83a4-61233b44ccbf,bf0de251-90d7-423c-8b31-48df1a89964f,2024-04-21T10:16,3,72.45,Online,Cancelled
a5eb0b89-60c3-4c3c-a812-0da1a0cb54dd,7a18d550-38d0-40b2-84a7-547162e7e409,2023-12-30T10:16,2,45.42,Card,Completed
5afbecf0-f4d9-4021-bb4e-9829d3469b38,4bb2d776-14c0-4ef6-b8ba-c580cbed72b8,2024-11-21T10:16,9,107.10,Card,Pending
5a4612ec-624e-464b-bdd9-3c15213e3d16,9fa382f0-8393-48db-ad30-43c953282401,2024-09-21T10:16,7,149.66,Online,Cancelled
0e556020-da07-4560-84f1-0f9deb50e566,1a31c678-d420-495a-aff3-0f1609514e1e,2025-08-31T10:16,3,55.50,Card,Cancelled
abad2726-8d4f-4ebc-ab11-a5b0f40454ab,e38afcd9-9e08-47ba-bc92-5ebb4bc271eb,2024-12-30T10:16,8,184.88,Online,Completed
0c526299-01c4-4bb6-a9d8-35411c2024bb,ef7fad1f-a86f-4ee1-95b4-ce1f339f0fa5,2024-04-07T10:16,4,112.16,Online,Completed
9543cbf4-c080-4189-81eb-a104f5258316,cf65c4b6-4c1c-420b-95de-23e5b56ffad5,2025-10-02T10:16,9,251.91,Cash,Cancelled
112bb667-9f08-4ba4-911c-9eab129216bb,e12c3d24-86c8-474f-b86b-370df36adbfe,2024-08-02T10:16,1,28.69,Online,Completed
4a50f8b5-a9ba-456c-bba4-0b638751f248,52f5634d-de98-4543-8a1e-cbf1e2d0242f,2023-11-19T10:16,4,91.44,Online,Completed
5f968823-c7e3-44e5-a7b0-963b55d9a767,f6c35464-33dd-44a7-bf84-071f2e427045,2025-01-21T10:16,6,63.24,Online,Cancelled
57d7c111-5aff-44e3-9ef8-db82b162d734,14eace30-1ac2-411e-8eef-98e8f32a87fb,2025-03-27T10:16,4,54.88,Online,Completed
afb9170e-f9b4-472e-9f93-55a24f8f09fe,ef7fad1f-a86f-4ee1-95b4-ce1f339f0fa5,2025-08-06T10:16,3,83.82,Cash,Cancelled
05322431-b476-46b1-8448-5bbdc499c9a4,69446e90-4237-4410-ab55-e011eb04cce0,2024-04-20T10:16,9,57.51,Card,Pending
5eb3fde3-7245-4102-8a18-f20943b29262,bf0de251-90d7-423c-8b31-48df1a89964f,2024-01-28T10:16,9,212.40,Cash,Completed
7e6a236c-6f37-4221-8218-b104ae731b47,62a2bfef-ca4a-4dec-90ea-bf15ea1880d2,2024-12-28T10:16,2,37.36,Card,Completed
4a8fbeae-44b2-4180-b171-336862bd959d,0a570207-0f70-467f-bbeb-44a0a60a9a25,2024-08-01T10:16,2,36.50,Cash,Pending
b474fd49-1cf9-4ee2-9292-af3021685f08,0d463f72-c3a1-4a2b-8d0d-1721a0d1a06b,2023-11-15T10:16,8,144.16,Card,Completed
ac4eb9f4-d24f-44f8-82ff-d62e0b53ff0a,bc58b12c-65c4-4f21-89ef-3e492a22ef7c,2025-07-05T10:16,4,116.80,Cash,Pending
05a4c9e3-d713-4ab2-a9eb-4ae0b37fc706,e85d0261-2d97-4475-a749-363ec9040a74,2024-12-14T10:16,6,76.26,Cash,Cancelled
1fdbd4b7-eb15-453b-b5e0-f02f881ed6d9,726d71e2-70fd-4416-8568-78619c14a73a,2025-04-25T10:16,6,42.24,Cash,Cancelled
18055190-4b0a-46aa-ae1d-d5b862bfc5c0,9fa382f0-8393-48db-ad30-43c953282401,2025-05-11T10:16,9,109.17,Card,Cancelled
d900ded6-0161-42d0-bd7c-1b6cdb60f2b4,a190f67b-21df-46bc-8164-46bdfa00af85,2024-12-12T10:16,8,208.00,Card,Completed
d4f047de-d609-46b4-aebc-849080f4d29e,09ba4183-1b94-4f8c-bc5f-eca421a88524,2025-10-01T10:16,9,171.45,Online,Pending
c075c394-5826-4e9a-92ae-5053e10d0e01,09ba4183-1b94-4f8c-bc5f-eca421a88524,2024-09-24T10:16,9,112.77,Online,Pending
ff60b54b-db22-4c33-a107-4ff337a967d4,0a0ac3e5-6e20-4fbc-87ec-5481c70e38bc,2024-11-07T10:16,8,95.20,Online,Cancelled
f8461a55-1a67-4f4c-9c7c-a1346f58a610,8b546c63-5406-493d-bc69-cfb594b38267,2025-09-25T10:16,2,47.66,Cash,Cancelled
06098c31-0001-4cf1-8640-b0e343728bf6,aff4340c-d102-49ba-af8e-84d2737ce82c,2025-10-28T10:16,4,101.96,Card,Cancelled
ad1063fb-ac20-49ea-b071-70fad635e6b2,cd50913f-8c99-4253-9134-0cf5fe5f300f,2024-02-04T10:16,2,25.42,Online,Completed
6bbf0b06-42ee-473a-91e0-80d563131a95,f067e21d-d1d4-4e87-9cae-9753f5f9ccb6,2025-08-09T10:16,6,176.52,Card,Cancelled
a5f276d5-f075-407a-a776-21a359566f0d,485b65e7-fdf4-474d-afba-37986d8d3cd8,2024-05-04T10:16,3,67.20,Online,Completed
26874dda-ed2b-4904-85f2-3c88d6a2daac,69446e90-4237-4410-ab55-e011eb04cce0,2023-12-31T10:16,4,81.08,Card,Completed
57cf45c5-0065-4f1c-9568-978aeb4a70a8,a190f67b-21df-46bc-8164-46bdfa00af85,2024-05-11T10:16,5,56.35,Cash,Completed
f5eebfd3-1dad-4a4c-abe1-4b6ca4161fb6,77ca464a-fe0d-4dcc-8f08-3eb2f7b64f76,2024-11-05T10:16,9,139.59,Card,Completed
8dfc801c-da3c-467f-9ed9-3e584c29b521,9c53f3f8-5b22-4d77-bd76-cfa6c70e443c,2025-01-26T10:16,9,111.06,Online,Completed
2d17e7e0-e7ec-4e3a-a121-b5e1a9e50a81,4717d2a3-4b2a-44f1-b960-a2b73e2d23fd,2025-11-07T10:16,9,151.11,Card,Pending
9a42789e-39c6-4f35-8457-f2f93b74db5a,953417c6-cd52-45e9-9ca0-bb450653c934,2024-12-27T10:16,1,21.52,Card,Cancelled
1ca39098-483f-4ead-bfc3-5e8a45db87a9,e119f98a-df63-41dc-8e01-bb49ca2dc724,2025-05-13T10:16,7,195.23,Cash,Cancelled
61278448-fba2-4433-bd8f-c7619f4beae2,36b880b0-e9bd-4c0b-8f1c-32018f6c758a,2025-04-05T10:16,5,139.25,Card,Completed
485df0c3-b519-4fd2-b0f9-55f546f99983,e119f98a-df63-41dc-8e01-bb49ca2dc724,2024-02-12T10:16,8,224.72,Card,Cancelled
0a44982c-cb61-4d91-b0c1-44d9164af178,0a5bd884-b432-4ce5-b14e-44b4aedd4c0f,2025-10-12T10:16,5,28.05,Online,Pending
83932be9-91d8-4908-8a11-ca27dd06ccd6,953417c6-cd52-45e9-9ca0-bb450653c934,2024-02-20T10:16,2,33.02,Online,Pending
bed82bed-bbb5-4e73-8989-1484e2bc5bb1,74e76582-f1b8-4560-b049-8aebb59d4721,2025-10-12T10:16,1,14.13,Cash,Pending
2377b5ab-b1db-404b-be00-e7d024b9fa8c,ceafdb2a-788d-48e0-acdd-bd533a2e7ab6,2024-05-29T10:16,1,27.95,Card,Pending
b5a7e58f-361d-4047-89be-48973ba33ed0,9fa382f0-8393-48db-ad30-43c953282401,2024-11-03T10:16,4,31.04,Online,Cancelled
ed26b8c5-5196-4fa2-84b8-ff33cbe78722,c63bd277-c81c-40c5-8720-6ce916d653c4,2024-09-24T10:16,6,45.60,Cash,Cancelled
2a19e75b-a664-4c0e-acf3-18de51dcdbec,2ca088cd-c6c6-4e60-a1a4-d2990ee21b12,2025-10-27T10:16,9,155.52,Cash,Completed
64a317d9-acb5-44f2-80d4-b0576984e48e,74e76582-f1b8-4560-b049-8aebb59d4721,2025-02-19T10:16,8,98.24,Online,Pending
54e42e8c-a1a1-4ded-a0ca-5c855861268e,ef7fad1f-a86f-4ee1-95b4-ce1f339f0fa5,2024-04-30T10:16,3,64.65,Online,Pending
aef77610-0750-4760-9405-ceedd82c6911,964d337f-acd5-4ca2-8843-9be3f2eb60fc,2024-01-23T10:16,8,101.92,Cash,Completed
05d25263-5144-4abd-bca6-b1feac02df1e,7509850a-5062-4da9-aad6-bc5b9e363ef1,2023-12-09T10:16,3,67.74,Online,Completed
2d3c8636-d458-462d-bd68-55e6bec42f01,d87f31d7-79ef-4c17-856e-142e791b04da,2023-12-02T10:16,2,45.38,Online,Pending
4a5ce67d-75a1-40b8-8898-3e8899888fe7,56a75a3e-a944-4147-8cba-f1024726993f,2023-12-11T10:16,7,171.43,Cash,Completed
5eb31d9a-896d-4ca1-99a5-ba3022a3a187,92da274a-bea2-490a-bb52-196c46fa8487,2023-12-18T10:16,8,181.20,Card,Pending
a594e9ba-5530-4393-a30b-9b7d4610afcd,485b65e7-fdf4-474d-afba-37986d8d3cd8,2025-03-08T10:16,1,11.92,Online,Cancelled
bb5caa7c-437f-4ea8-a220-4f7dc6a861ac,0d463f72-c3a1-4a2b-8d0d-1721a0d1a06b,2025-08-08T10:16,6,61.26,Card,Completed
ac197116-0c49-431e-8296-ed594da05eef,6b1178fc-1745-401d-88da-3903c243ebe9,2024-09-11T10:16,3,80.58,Cash,Completed
c66f5f2d-c562-4680-a273-fb8d8b906298,c3ffc43c-0c11-40fa-9824-f234161741d0,2024-10-15T10:16,8,94.56,Online,Pending
09e71370-6fc5-46e1-aaf4-f09964c49695,52c87fd9-fdf0-4256-b929-6153ad24a0ac,2023-12-03T10:16,9,202.68,Online,Cancelled
7be6da2e-1c46-4e2a-9a7e-2390420364a9,60cd80b6-3967-4dae-b4df-adc7b5644971,2024-10-16T10:16,7,58.10,Online,Pending
9313dc00-cc82-496f-92b9-cd004c6241a7,6c6a3b10-9747-4dca-a041-4edc22d147b0,2024-04-02T10:16,2,36.96,Cash,Cancelled
163f63b2-7b34-42a2-9849-f463eb7bbb93,e6e1db85-f8ba-4264-9c9a-520ecda4bc4c,2024-08-31T10:16,4,96.44,Card,Cancelled
033b030d-2e29-4e80-b5ff-27319c7d2fac,d5eaf6a7-76cc-48ec-98d9-ba713e2df70f,2024-05-25T10:16,7,74.27,Online,Pending
199936c3-efae-4350-9017-f21a2f49ab80,6e551d53-4f6d-4b84-a9de-3d7c79694805,2025-03-20T10:16,3,63.21,Cash,Pending
b5604596-bbde-4fb0-a937-ed065990ba8f,365c90d0-a590-4209-9401-2ce55af5ed98,2024-07-17T10:16,8,44.48,Cash,Completed
51aa5268-06d6-4f5a-bbe5-af0f1aba793b,953417c6-cd52-45e9-9ca0-bb450653c934,2025-07-11T10:16,2,12.80,Cash,Cancelled
9f190f5c-3ab6-4782-9a26-b90e5b78fb35,e38afcd9-9e08-47ba-bc92-5ebb4bc271eb,2024-01-30T10:16,9,198.00,Card,Pending
c3124eaa-4919-48a6-bd92-d42a0187dbb3,bfa3444b-2be9-46be-b944-720d86a59770,2024-07-28T10:16,3,26.82,Online,Cancelled
d79c3d1e-7bc8-43f2-a766-d45edc096390,c83bba2f-5229-4998-9566-1f3179b13e8a,2024-12-18T10:16,7,146.44,Online,Cancelled
995b2fe9-bb61-40da-8da8-db64fbba4ba1,fe624323-ba72-456d-9842-ed9e0edc75df,2024-09-06T10:16,9,171.63,Card,Cancelled
3c3c40c4-ef96-4a1b-8e0d-89d59063a285,cd50913f-8c99-4253-9134-0cf5fe5f300f,2025-10-23T10:16,7,209.72,Card,Cancelled
66e5faa7-3654-4bff-b3cf-9ccf3f7d364f,ebbc7df0-770d-44f8-b0ff-c62f9006e40e,2024-02-14T10:16,1,14.34,Cash,Completed
8b7a12a4-d3d1-49f5-b709-e7bedfe99bd0,ceafdb2a-788d-48e0-acdd-bd533a2e7ab6,2025-11-01T10:16,9,92.25,Online,Completed
d356b832-3aa2-456e-9bed-cf4cced55d92,7c991f43-c18b-4404-8826-97691b0dc00c,2024-01-19T10:16,3,30.66,Card,Pending
62636172-ae8e-44a9-8882-8e06999ba138,4717d2a3-4b2a-44f1-b960-a2b73e2d23fd,2024-01-06T10:16,8,112.40,Card,Pending
1b2bc045-8b1e-441f-926d-21c4bbc1c7ba,21edfc22-3f73-4335-a774-3cf78ab65e86,2025-08-26T10:16,3,63.42,Cash,Completed
939637eb-e8a4-4c5b-9e45-2df1ade117bb,90f0db1e-2b19-43f7-ba17-233c7c214eca,2024-01-09T10:16,2,27.42,Online,Pending
cce7a424-a64f-4d53-a675-50d7dc7fd558,3befa4dc-d961-4a3a-9410-d43d1bdaa335,2024-03-03T10:16,1,23.84,Card,Pending
602a7595-f968-45d0-93c1-520bbbe3e1d2,a938df5f-7764-459c-8bfd-90409d16b3c6,2024-04-10T10:16,1,18.71,Card,Pending
dad4a349-d8fe-4191-98dd-ddf9067a4a50,7169ef0c-f2c8-4ae3-83f6-87691664d2d2,2024-04-20T10:16,5,127.95,Cash,Pending
c73d7705-062b-4667-9d2d-f255fe3ee4df,365c90d0-a590-4209-9401-2ce55af5ed98,2024-03-18T10:16,6,106.86,Online,Pending
e87d7bc7-53b2-4a0e-a5cb-bbe772b36892,0fcf4084-ea31-49f8-99f9-9bf8c8b0c16b,2025-02-25T10:16,3,26.31,Cash,Cancelled
44ee5f01-2671-40a5-a27f-3e5344bf8181,f90cf3ca-e2d0-4129-bc7a-e8a2b80880da,2025-06-08T10:16,7,148.40,Cash,Cancelled
476f8436-f517-42a3-b565-6d23834e00c3,a190f67b-21df-46bc-8164-46bdfa00af85,2024-11-29T10:16,9,70.56,Card,Completed
fbedcb3d-5208-4007-8d3c-fba380c1b578,0130fcd4-a6cf-4a72-8400-7bcae1abce34,2024-12-28T10:16,5,123.05,Online,Completed
620fa4f2-6e14-474d-9a51-c6471cc45f65,428424b7-1f94-496a-8b7a-497ce177d32c,2025-09-29T10:16,3,79.50,Card,Cancelled
60a7b895-5928-4adf-b215-54eaccc7b8c7,0df3bae1-6384-4856-aa27-aef9f6c48b75,2025-06-11T10:16,1,14.69,Cash,Completed
920474c0-df18-4880-8203-f731a6562b5f,26d032f1-9fe9-487a-987a-a8be14e1db05,2024-08-21T10:16,3,70.65,Cash,Completed
f2e56d2d-5d06-4680-9acb-80707aec56f1,21edfc22-3f73-4335-a774-3cf78ab65e86,2024-01-12T10:16,2,24.84,Card,Cancelled
1b39654c-365c-4e01-879e-054789fba952,9305d562-2505-493d-8ed8-3fb721c8f491,2025-08-14T10:16,4,59.20,Cash,Completed
09415a14-a946-4b0b-ac94-b970870aac5e,ba5d9947-b043-4aca-8ee0-6b77895cf8e8,2023-12-13T10:16,2,53.16,Cash,Cancelled
af6a8c34-439a-4763-9388-766a7426b3f2,0e0d5f13-edd5-4ab0-9ddd-3df111bedc5a,2024-12-07T10:16,8,113.52,Online,Cancelled
6a2e1f03-375e-4ce5-a6f7-d46fd1cf0c25,e38afcd9-9e08-47ba-bc92-5ebb4bc271eb,2025-01-22T10:16,4,116.60,Online,Pending
36f3c4d3-e4c7-4b85-9df3-af3ba7e48899,06e585f0-5b60-4900-81d1-3379328e6c17,2024-09-08T10:16,2,32.52,Cash,Cancelled
41c68a28-02b3-42cd-9aec-ef0e150b2679,49af098b-bf79-4643-8e49-739ea932d38b,2024-06-15T10:16,7,133.42,Card,Cancelled
7ec06da7-4dc3-4eac-9d23-c87b8f816cbe,b014b56e-3263-4b63-8430-46e00bc5ea77,2024-11-10T10:16,4,20.80,Cash,Pending
b5def185-36ca-4858-b60d-8a0f847ec878,67c276b0-7be6-4f3c-bf86-c342095c8112,2024-11-24T10:16,1,26.97,Cash,Pending
bfb29182-cc8d-4dfb-b1a7-e00f4ec640d1,c46351bf-193f-49af-a5d6-456188837c3d,2024-05-01T10:16,1,23.50,Card,Pending
b534d1b7-7a56-40c4-9a2c-f6d459969e9c,11526850-7335-463f-b740-a52a90457c3b,2025-01-20T10:16,1,12.16,Online,Completed
7727e7f4-ed5f-4c56-8802-15687ec74fe3,56a75a3e-a944-4147-8cba-f1024726993f,2025-06-29T10:16,7,92.61,Online,Pending
7f9d1807-5a82-4b19-babe-e900ea22d728,0a0ac3e5-6e20-4fbc-87ec-5481c70e38bc,2024-08-17T10:16,9,74.97,Card,Completed
69371cd2-d1f5-456d-81de-22af43a8f605,27e45431-1333-4ffd-a0c8-be56ffdc5d4e,2025-01-14T10:16,5,49.65,Card,Cancelled
45c235a4-bd83-49ec-a812-de9dd3cbbc49,fdb5454e-2230-489e-ade4-9218ff28cbd8,2024-09-10T10:16,2,40.38,Card,Pending
91f83342-c8cc-4047-9fb1-c685e0f1c219,4717d2a3-4b2a-44f1-b960-a2b73e2d23fd,2024-12-16T10:16,2,19.36,Online,Pending
11944177-4f54-487d-a3b3-a4ae529014c5,c83bba2f-5229-4998-9566-1f3179b13e8a,2024-02-18T10:16,5,73.35,Cash,Pending
e769a7f7-8673-4973-9273-b643dfebb24b,3e97fc93-73a7-45e0-9888-f7a03ee258a7,2024-08-08T10:16,1,9.73,Card,Pending
7c1d0141-3319-429d-8115-d736e278f4e1,c0d74d86-5c5b-481d-b8e3-61eeb9c77255,2023-11-28T10:16,4,22.24,Online,Pending
db39e505-878d-4233-a01d-b1c2a5387865,bf0de251-90d7-423c-8b31-48df1a89964f,2024-08-04T10:16,2,29.02,Cash,Completed
c8cb7736-bf68-412c-b615-13535c367157,b6c26110-1b77-4777-8c79-c69ec19b66df,2024-09-03T10:16,6,166.44,Online,Pending
30759acb-7c46-4065-8bd5-5dfe10b23fd2,f543de06-e341-4de2-95ab-ca0fd3ee51fe,2024-03-17T10:16,1,9.41,Online,Pending
5a6b2c3d-20bd-44ff-bd14-eb5ed2b6089e,5f6e51da-5f01-4c9a-85dd-7d50ef37e5d7,2023-12-11T10:16,6,61.44,Cash,Cancelled
4b217d07-af8f-47aa-af82-f963aa107f69,c63bd277-c81c-40c5-8720-6ce916d653c4,2025-08-02T10:16,8,108.48,Card,Cancelled
8863a6fb-c25e-404e-bb37-ad5a852289fe,4b14a58c-f1e4-40b6-888d-a88cd7055099,2024-06-13T10:16,5,111.30,Card,Completed
abed3882-6475-485b-a6c4-d941581ea528,953417c6-cd52-45e9-9ca0-bb450653c934,2025-08-17T10:16,6,149.88,Online,Cancelled
8829f04c-5d9e-49a1-b4e7-1d8c9a8f18bb,f3826f04-0dfa-4266-8002-58fede0093f5,2025-04-29T10:16,3,24.33,Cash,Cancelled
526cbd50-8bc8-48b1-9411-da322f3f5edd,e6e1db85-f8ba-4264-9c9a-520ecda4bc4c,2024-02-27T10:16,5,87.20,Online,Completed
ee840167-e8de-42b5-85c3-1ce324da4ee7,ec3490d2-e8da-47ee-ae12-0ca0b1d7a2bb,2025-09-22T10:16,7,118.30,Online,Cancelled
7e4bf23d-9980-4372-ae58-35d0aff23a8f,8250871a-2b35-424e-a1a1-4eb4faffabfb,2025-02-24T10:16,5,37.55,Online,Completed
db424093-0c01-4264-8376-aa9fcdb4f889,485b65e7-fdf4-474d-afba-37986d8d3cd8,2024-07-03T10:16,1,25.34,Cash,Completed
efb90cca-1196-4d13-9485-e4b0cb362529,36b880b0-e9bd-4c0b-8f1c-32018f6c758a,2023-12-14T10:16,8,216.64,Cash,Completed
7c53d053-ccf9-4f3b-a7ff-cade433cfccb,941529ef-2114-4bff-907a-4596ff4593a1,2024-06-21T10:16,5,93.55,Cash,Completed
ff0cc798-fbf2-4976-a40f-7542e7a1f93d,23650eb4-f98d-45a3-a90b-a378f03d469d,2024-10-19T10:16,2,20.40,Online,Completed
d166ce8f-7511-44eb-83c5-ca2aea4dab11,8113211c-bdc3-4bb0-94d9-3fd3871f3005,2024-07-30T10:16,5,62.45,Cash,Cancelled
343015c8-c76b-4869-a79c-22794ede3e06,0df3bae1-6384-4856-aa27-aef9f6c48b75,2024-04-20T10:16,2,28.44,Online,Cancelled
b98da428-e052-4e50-9b7e-c7fb0b26a96e,e85d0261-2d97-4475-a749-363ec9040a74,2025-01-12T10:16,2,23.62,Online,Completed
8a67619f-0aee-4746-b259-b2f050321f99,e277d099-db2a-4aee-ab86-8b0e73a34383,2024-02-13T10:16,2,48.14,Online,Cancelled
9d51ffe9-bf82-4662-a32c-0434e4cd338c,5400d214-6176-40bf-88d2-3f53ed38bf69,2025-07-26T10:16,1,5.26,Card,Pending
a341e66a-d634-45ea-930a-4a187021bec3,05ccd8a5-ea5f-4353-bd1e-3022152b0685,2024-11-30T10:16,3,18.96,Card,Completed
d5c3d61b-d94f-4c73-a122-6e4220e9ba58,c3ffc43c-0c11-40fa-9824-f234161741d0,2025-07-05T10:16,5,125.90,Card,Cancelled
265cebdd-fec1-40d7-ad8c-4765f8c58ffd,e277d099-db2a-4aee-ab86-8b0e73a34383,2025-06-11T10:16,2,34.44,Online,Pending
31107c57-272d-427d-96a9-846997940853,485b65e7-fdf4-474d-afba-37986d8d3cd8,2024-03-11T10:16,4,76.52,Card,Pending
9b7ca9ff-5caf-46a3-b130-02d84b5647fc,0d463f72-c3a1-4a2b-8d0d-1721a0d1a06b,2024-12-09T10:16,2,39.14,Cash,Completed
90bbe835-ef0f-4fee-994c-03e0c229ef07,cf65c4b6-4c1c-420b-95de-23e5b56ffad5,2025-04-19T10:16,2,57.22,Cash,Cancelled
f4781d70-f431-4f8f-b036-fa6fdb79f369,f3826f04-0dfa-4266-8002-58fede0093f5,2024-10-02T10:16,2,47.86,Online,Pending
6300f6a6-39be-4bf0-adcd-2af72d78eb4d,7509850a-5062-4da9-aad6-bc5b9e363ef1,2025-01-01T10:16,2,22.48,Card,Cancelled
eb790234-31ae-4f9b-ad21-7d1a8bd9739e,27e45431-1333-4ffd-a0c8-be56ffdc5d4e,2025-09-26T10:16,5,133.60,Cash,Cancelled
b38623f3-21aa-4199-9247-65910fc4da02,b90a3a7f-421e-47e5-8598-fe50f365a62e,2024-08-05T10:16,9,154.17,Cash,Completed
615ae944-dd63-4ccb-89ff-95fc3ab7130b,4739f27f-7a96-4d52-83ae-0c6fd4c8c606,2024-09-14T10:16,7,179.06,Card,Cancelled
e0c2b627-82b6-4bb7-b89e-817206bf5b64,06e585f0-5b60-4900-81d1-3379328e6c17,2024-07-08T10:16,2,52.36,Card,Pending
1973ff49-18fc-4b02-9d32-64ac73c368d7,428424b7-1f94-496a-8b7a-497ce177d32c,2025-03-21T10:16,5,129.60,Cash,Completed
9b0fb37e-7542-46c5-aa97-ff44199cb7db,910b1d47-5c37-48b1-8bde-96c60660f1d7,2024-07-22T10:16,5,64.85,Online,Pending
059eefb8-dec7-4078-9a91-dbf6104239e7,a302a1a8-c429-406f-abff-9f273aa0a4b5,2024-10-30T10:16,3,55.35,Card,Pending
9c1e226d-555d-4608-92b7-520df01e0834,d3f641e5-b8b5-4f5f-9155-7768df2033e8,2025-09-14T10:16,8,80.80,Cash,Completed
119d8979-cc6e-4fe3-8171-1b5f1e28e5e8,726d71e2-70fd-4416-8568-78619c14a73a,2025-10-16T10:16,1,7.17,Cash,Cancelled
7206f339-f803-42d6-906b-8c24f975781f,5d6f84a5-a4de-442e-99b9-b8ef714b4436,2024-10-20T10:16,7,194.95,Card,Cancelled
a3211702-85b1-4374-832e-9aab65db7f4b,02c65c06-56ad-4670-b8e2-10ab417c7154,2024-05-11T10:16,1,28.99,Card,Cancelled
db210fe9-a5f1-4fe8-bdda-679b72e862de,56a75a3e-a944-4147-8cba-f1024726993f,2024-10-01T10:16,7,160.37,Online,Completed
1cd82833-719a-4fdb-995c-6d72b4033e25,e277d099-db2a-4aee-ab86-8b0e73a34383,2025-10-08T10:16,4,113.72,Cash,Completed
6985d6d1-a330-4578-ad20-54290e57a5cd,46032f36-69bc-465a-9b33-a5d560bfd77a,2025-11-02T10:16,1,6.73,Online,Pending
2a3b4f82-0250-4c8a-8c6e-4aae70b55170,8626238e-5813-415a-9a8c-db944b1e0269,2024-08-24T10:16,1,8.15,Card,Cancelled
335e1c2e-9668-4724-9405-825afc52e651,cf65c4b6-4c1c-420b-95de-23e5b56ffad5,2025-08-31T10:16,6,32.46,Online,Pending
27fb4dc6-7c7d-481d-8b81-570c0be97c35,7c991f43-c18b-4404-8826-97691b0dc00c,2025-02-01T10:16,8,223.60,Card,Pending
f5cf54a9-6bf7-41e4-a033-b0ca90ffaa61,7c991f43-c18b-4404-8826-97691b0dc00c,2024-10-31T10:16,2,50.90,Online,Pending
911525ca-272a-44c7-9eff-f295a9dd0cca,0d463f72-c3a1-4a2b-8d0d-1721a0d1a06b,2024-03-03T10:16,6,126.66,Cash,Cancelled
0a6341a5-820d-428c-a203-19a9e5399e49,983d66ae-c8b0-46b8-8abc-26a1055cf729,2025-01-02T10:16,5,60.55,Cash,Completed
35434b57-a62b-4255-a4e4-e0eefd660aac,49af098b-bf79-4643-8e49-739ea932d38b,2023-12-12T10:16,3,27.84,Online,Completed
80a38dc4-5174-4306-96fa-eb7fa84574fc,103fcba5-5588-45a5-9fe0-6ac948d3860e,2024-05-15T10:16,7,120.61,Card,Pending
0739e780-2ef3-47a6-a8de-1b8c1fb9fd6b,56a75a3e-a944-4147-8cba-f1024726993f,2024-12-04T10:16,1,10.08,Online,Cancelled
e19927db-388b-4fbf-8757-7f5986f13dfe,52f5634d-de98-4543-8a1e-cbf1e2d0242f,2024-08-23T10:16,4,82.44,Online,Cancelled
862d25af-07fe-42ed-a8c7-712532dad67c,4b14a58c-f1e4-40b6-888d-a88cd7055099,2024-03-25T10:16,3,82.68,Cash,Pending
1407ad48-6c98-419d-b016-d4c20ee06e0d,06e585f0-5b60-4900-81d1-3379328e6c17,2023-12-09T10:16,7,75.88,Cash,Cancelled
8dfb6ce7-0819-4129-9143-6ae5c582bdf3,6c6a3b10-9747-4dca-a041-4edc22d147b0,2025-09-15T10:16,5,42.05,Card,Pending
71cf7b09-aeda-40d0-b892-c5bdd542de15,5eb75bc0-d5fa-4209-9d42-7767f3f0585b,2025-04-01T10:16,5,108.80,Cash,Completed
c21ebe1d-4899-4608-8b69-98f518822a16,f543de06-e341-4de2-95ab-ca0fd3ee51fe,2025-03-16T10:16,5,73.40,Card,Cancelled
4e37fe96-89f2-401e-af96-cc6a7d768114,ceafdb2a-788d-48e0-acdd-bd533a2e7ab6,2023-11-22T10:16,5,70.25,Cash,Pending
31bc48b6-2e10-4544-a234-a7ebf907f56e,26d032f1-9fe9-487a-987a-a8be14e1db05,2024-07-09T10:16,5,25.80,Card,Pending
6535f6b9-aa7d-46f3-bf80-2b2899a3b035,485b65e7-fdf4-474d-afba-37986d8d3cd8,2024-04-04T10:16,7,113.47,Online,Pending
59f5cffe-1980-42d5-a407-a121694b3371,5f0f3def-9ff6-4282-ad04-001c4a769966,2023-12-01T10:16,9,150.21,Card,Pending
0963d110-368a-4fdd-a62f-be44e5729390,0472ca7f-b133-4710-8f43-24a3c6c1afd1,2025-01-24T10:16,1,19.05,Online,Pending
64fd62c6-abd2-42f0-9122-abe8d34bb360,52c87fd9-fdf0-4256-b929-6153ad24a0ac,2025-07-24T10:16,4,76.44,Cash,Pending
cac5f317-525c-4240-bbbb-c35a4424a4f4,f543de06-e341-4de2-95ab-ca0fd3ee51fe,2023-12-10T10:16,8,130.56,Card,Completed
d0d1a2a4-1a71-49b8-8aa9-48b79233dfea,4bb2d776-14c0-4ef6-b8ba-c580cbed72b8,2024-09-21T10:16,9,238.59,Card,Completed
ac0b1aaf-4cde-433a-af38-aa85b95ed318,25659c0e-6eb5-4c57-add8-fb6ac5f42699,2025-04-12T10:16,3,41.16,Card,Pending
3c4c0967-801a-428a-a981-f47293bf4778,7169ef0c-f2c8-4ae3-83f6-87691664d2d2,2024-12-26T10:16,7,89.74,Cash,Pending
4d231e4e-0676-428d-aeca-512392194cff,74e76582-f1b8-4560-b049-8aebb59d4721,2025-10-17T10:16,4,108.24,Cash,Completed
31935103-aa8a-4b75-b9ff-0789d4aa4b81,964d337f-acd5-4ca2-8843-9be3f2eb60fc,2024-02-26T10:16,1,12.02,Online,Completed
0fd3b7d9-9ed2-4407-9158-3c067d411672,d87f31d7-79ef-4c17-856e-142e791b04da,2025-02-01T10:16,4,96.48,Cash,Cancelled
7db13c9e-4327-4274-a05c-d7d276accfc7,0130fcd4-a6cf-4a72-8400-7bcae1abce34,2024-07-20T10:16,3,34.74,Card,Cancelled
10799b50-1796-413f-8fbd-091ec2d448b3,9305d562-2505-493d-8ed8-3fb721c8f491,2024-03-30T10:16,1,7.89,Online,Pending
1ed82f14-4fef-4314-8b38-df1847cc8812,caad7924-4bc5-4f85-9662-11ca261e3c87,2024-09-05T10:16,3,69.42,Cash,Cancelled
09d624bd-12a6-4f1f-9538-20b2b4c1e98e,dcfb3d05-846d-4915-99f3-ebbc7559d972,2025-09-08T10:16,3,58.83,Online,Pending
45a42c71-837f-4e9f-8e8c-a28e5f444d91,63846b60-b7be-4087-ac6e-56c9bc130a20,2024-02-04T10:16,2,55.86,Card,Pending
4b08d824-59df-4848-b7fa-ff820c3bd643,09ba4183-1b94-4f8c-bc5f-eca421a88524,2025-10-29T10:16,4,50.68,Card,Completed
0f2b0b0c-a4b9-4b6b-b87a-17699cb48a33,49af098b-bf79-4643-8e49-739ea932d38b,2025-09-25T10:16,6,119.10,Cash,Completed
693372bf-ad81-417f-a445-af79a9bfc034,515fe1d2-d33a-4b9d-8c19-07e0cbe81a9a,2024-04-20T10:16,2,49.04,Cash,Pending
ebc4cfa0-e26f-4539-a9e8-5622e33af3dc,2ca088cd-c6c6-4e60-a1a4-d2990ee21b12,2024-05-17T10:16,4,50.20,Cash,Pending
86dc3935-33f7-45d3-95c5-d1fe9ca0931a,b04ce307-2d1f-4214-b023-d8f4379041a1,2025-09-05T10:16,3,65.19,Card,Pending
0b31bb75-0526-42e5-b8d8-ec1a0ef87dd7,fbe227d7-6d32-4407-9783-7fdac983e55f,2025-04-15T10:16,9,141.30,Card,Pending
44b97a95-4c9a-469d-a7f0-0a89d06838ac,3910ab11-8758-4a4f-8a9b-c4f5df7413c4,2024-04-09T10:16,9,108.81,Online,Pending
049364d0-3da3-4210-bfc3-c51e183bf2e4,058b9c75-b72f-4594-80d2-e41194ff7672,2024-09-01T10:16,4,51.68,Card,Completed
086d474e-2baa-41a0-a04d-8f1ef339b30f,6aaabc79-3d35-410f-bb96-f86a3930d0ff,2025-01-21T10:16,6,132.00,Online,Completed
48606e1d-a4b0-4bab-92f9-d26f4d8b5dc0,cd50913f-8c99-4253-9134-0cf5fe5f300f,2025-07-04T10:16,2,24.00,Cash,Pending
c57521dd-ccfc-4c7c-b3dd-7aaa8b17e5ad,bb9edfa8-17f7-4f6f-8e3b-616693a298b1,2025-05-12T10:16,5,107.45,Card,Completed
ac61ce17-1127-45d2-87f6-9cad329d58b5,c46351bf-193f-49af-a5d6-456188837c3d,2025-08-25T10:16,4,42.96,Card,Cancelled
65beb035-c965-44e5-8745-750abdd948af,8b115a34-224b-453c-be69-b53a7445b466,2025-05-24T10:16,3,46.62,Online,Cancelled
8f893b62-c4fb-48fc-90ea-65960549f85b,0a5a9fc7-e126-48f0-99aa-dea85c606f66,2023-12-07T10:16,4,48.88,Cash,Cancelled
d904576a-448b-44bf-9121-e34cc12798a9,65b2c0ea-6192-47fc-9286-2c1dd3ecefb1,2024-09-19T10:16,2,16.30,Online,Cancelled
7342448a-fe52-47de-9c06-3dc0a18c5a73,6b1178fc-1745-401d-88da-3903c243ebe9,2024-05-05T10:16,4,106.20,Card,Cancelled
6c07440b-2dfa-4bf2-97a1-289654973b8c,7169ef0c-f2c8-4ae3-83f6-87691664d2d2,2025-08-04T10:16,7,76.02,Cash,Pending
4ec61511-f236-4db0-a07a-fa0e627d3cd2,98b17fed-218c-4f20-8410-9f0edfc74455,2025-04-01T10:16,3,36.69,Cash,Cancelled
eef1d760-2562-4375-8b74-b20c7bec6dd9,6117b6f0-c4f4-4bf1-9eeb-f33950decba8,2024-03-14T10:16,8,169.60,Online,Completed
4650fc50-2b79-460c-bf39-2bb3f685cb51,b0d737cd-ec4b-4a88-aa81-d012ef3fb719,2024-05-15T10:16,4,78.52,Cash,Pending
b95ac0a4-3e00-4713-bacd-b4ef5e701464,726d71e2-70fd-4416-8568-78619c14a73a,2023-12-13T10:16,6,65.52,Card,Completed
bb38af94-441d-492b-aa9a-864693eebc19,caca465c-e9f2-4add-91b5-24c70595e321,2024-11-21T10:16,9,244.80,Cash,Cancelled
41b37c1b-58a1-4af3-a6cc-f1a2131a2241,0a15d43b-8f6b-444a-bef2-ffbddfdbd16f,2024-01-03T10:16,5,146.95,Cash,Cancelled
f57fe3b8-4882-4a56-8958-d6f4c214f53c,23650eb4-f98d-45a3-a90b-a378f03d469d,2024-01-22T10:16,8,117.84,Card,Pending
a09633d5-6ea5-420e-9d53-c31d9fb61bb3,53db1213-7316-47bb-9099-c1def0e3c96b,2025-09-09T10:16,3,39.81,Card,Completed
b8c6d71f-da7f-413e-beaf-2b32efd15bea,99c406e7-092b-4eeb-bc08-56fc041c253d,2025-06-01T10:16,8,180.80,Card,Cancelled
83ff96e5-14d2-4114-863e-a0aea31c0157,71f17b36-2c37-4cfa-bf8a-894fa94c0e9b,2025-04-30T10:16,4,78.76,Online,Completed
7eff8cd7-e80f-4c50-a543-ceb3c720ae40,ff4db0d8-e809-46e8-9ae0-78ffee4902d9,2024-05-28T10:16,4,116.16,Card,Completed
062c5353-88cf-4946-9a32-c6fe1cbc9d8f,0b2a0e9a-e050-4380-b607-57adcbbf59d4,2024-01-01T10:16,1,19.49,Cash,Pending
e4a1aacf-7b9e-4328-af2b-880458276eb0,0d463f72-c3a1-4a2b-8d0d-1721a0d1a06b,2024-12-22T10:16,2,37.64,Card,Pending
626f8d0e-cae2-40f8-90ce-4de385a5118c,52fbb114-83aa-432d-b2f1-f3e37a5c4754,2025-11-10T10:16,2,17.72,Card,Pending
0cebfac3-94bc-47d4-8ea7-ec97ba8a0b0b,0df3bae1-6384-4856-aa27-aef9f6c48b75,2024-09-15T10:16,7,93.17,Card,Cancelled
c0e528c7-9507-4911-8579-c5ac3a8c44c2,7a2e5fa5-096b-4701-8ce6-7a3db39bf8eb,2025-01-22T10:16,4,37.28,Online,Completed
fcc13404-b450-4cc7-a0ee-9defa6ca9e4d,0df3bae1-6384-4856-aa27-aef9f6c48b75,2024-04-09T10:16,5,90.60,Online,Pending
2f765ab4-8bcd-454a-b6b5-a2e494b28769,02c65c06-56ad-4670-b8e2-10ab417c7154,2025-08-02T10:16,9,133.47,Card,Cancelled
1ef6c156-57e1-4411-b00a-0179fb5c8c59,52c87fd9-fdf0-4256-b929-6153ad24a0ac,2025-09-27T10:16,1,14.49,Cash,Cancelled
286a3f63-3719-4af0-a2b5-a2b7e399af7e,e85d0261-2d97-4475-a749-363ec9040a74,2024-07-10T10:16,3,31.89,Card,Cancelled
b0821a0f-6799-4a85-ae3f-83e54628857d,21edfc22-3f73-4335-a774-3cf78ab65e86,2024-01-14T10:16,9,220.41,Card,Cancelled
f01a4de0-62ba-4552-b7e4-a57784835bbc,ec3490d2-e8da-47ee-ae12-0ca0b1d7a2bb,2024-04-12T10:16,5,144.80,Card,Pending
00734e01-a8f1-4619-b414-a58d927d5558,ceafdb2a-788d-48e0-acdd-bd533a2e7ab6,2025-01-18T10:16,1,17.52,Cash,Pending
18c669ad-ab21-42e0-a609-b2112bec1ed6,3910ab11-8758-4a4f-8a9b-c4f5df7413c4,2024-07-28T10:16,8,202.08,Card,Pending
607c89f1-8d42-4e1e-9865-db0f8d62339b,e6e1db85-f8ba-4264-9c9a-520ecda4bc4c,2024-11-28T10:16,9,203.76,Online,Pending
0559503f-04a7-4e27-8aa7-86a62c323e4e,d33bbfcd-a2ca-4e80-8a1c-65223f061e7e,2023-12-31T10:16,6,59.88,Cash,Cancelled
fd98eced-ee7f-4d49-9ab3-c9b233d0bacc,ada8704c-2784-4d70-84da-10078407d2c8,2025-08-19T10:16,9,135.09,Cash,Completed
9268f871-0739-492b-afd0-30efc8f80856,39cb44e2-a541-4b98-bc0b-db5f31cf8710,2024-08-14T10:16,5,104.45,Card,Cancelled
b6266e86-e719-429b-8c02-1e010c27630f,bb9edfa8-17f7-4f6f-8e3b-616693a298b1,2023-12-07T10:16,2,56.92,Online,Pending
4f1c8c21-ab6d-4323-b09d-9a4554ab902d,d5cfb1a3-ce2f-4aff-ab4c-50e0c5426af1,2025-07-17T10:16,6,99.00,Online,Cancelled
4818499b-27d8-4795-b233-d8874befc292,058b9c75-b72f-4594-80d2-e41194ff7672,2024-05-24T10:16,1,8.29,Card,Completed
0ef93564-027f-401f-b20f-29857b9645f1,23650eb4-f98d-45a3-a90b-a378f03d469d,2024-01-01T10:16,1,22.20,Cash,Cancelled
d951c01e-b772-4133-bdf3-978cac0b841f,f6c35464-33dd-44a7-bf84-071f2e427045,2024-04-21T10:16,9,238.95,Online,Completed
d0ba75ed-3a80-400b-a1e9-c5ec7cd74f4f,00d7ae70-0f46-4453-963c-4ab2a3d29314,2024-01-29T10:16,9,240.21,Card,Cancelled
6c549d77-1f32-4d32-9bc0-29d8c46aeac9,36b880b0-e9bd-4c0b-8f1c-32018f6c758a,2024-11-21T10:16,8,202.64,Card,Pending
70ae06ef-f7e6-405d-92f8-696095c87d9b,2c6dafc9-06cc-4b3d-8b8d-12aae0644c58,2025-06-18T10:16,8,196.24,Cash,Pending
c44eb94d-3ad5-49f7-b6dc-a792c0a084b9,f6c35464-33dd-44a7-bf84-071f2e427045,2025-05-27T10:16,6,44.52,Card,Pending
1fd2b316-32a3-49f4-bc0a-45ff6d01c41d,9c53f3f8-5b22-4d77-bd76-cfa6c70e443c,2024-07-27T10:16,6,148.92,Card,Pending
5e220c62-1a44-4996-ab8d-26756ce4be28,dcfb3d05-846d-4915-99f3-ebbc7559d972,2024-07-23T10:16,3,49.08,Cash,Completed
c348893a-2619-41b5-a7b6-8bec392d21d8,964d337f-acd5-4ca2-8843-9be3f2eb60fc,2024-03-18T10:16,1,27.75,Card,Cancelled
6d460e14-7353-4233-a2b2-94102ab86a5c,cb8747c7-32ca-4b6b-868d-13ab01d953ec,2025-07-04T10:16,8,118.80,Online,Completed
a39f795a-0f85-4a58-9f2b-5ecaf255f088,f3826f04-0dfa-4266-8002-58fede0093f5,2024-05-23T10:16,9,53.37,Online,Completed
865ff32a-2111-4334-a751-5cb76603a912,0a15d43b-8f6b-444a-bef2-ffbddfdbd16f,2024-01-13T10:16,8,209.60,Online,Completed
fc1a0927-4e26-4e2c-8289-49d2f4654323,964d337f-acd5-4ca2-8843-9be3f2eb60fc,2025-08-19T10:16,4,70.68,Cash,Pending
b374a19e-5285-4265-98d4-88ad6a9fd823,7169ef0c-f2c8-4ae3-83f6-87691664d2d2,2025-02-09T10:16,4,44.84,Online,Cancelled
accc72e4-6d20-45db-93eb-5e756d55d5ed,2ca088cd-c6c6-4e60-a1a4-d2990ee21b12,2024-10-17T10:16,5,45.10,Cash,Cancelled
acd294a1-4eb8-4980-ac82-d3b0a4c2fb45,824998a2-7592-4051-ab0b-d5e12743c93b,2025-10-04T10:16,1,26.55,Cash,Completed
3f094d71-493b-4753-9b92-978b692b9a50,7a2e5fa5-096b-4701-8ce6-7a3db39bf8eb,2024-01-19T10:16,7,106.75,Card,Completed
a09d5ec2-ec21-453c-b806-4f7daa65ec6f,92da274a-bea2-490a-bb52-196c46fa8487,2025-04-02T10:16,3,59.37,Cash,Cancelled
01535ddd-7e95-47b6-9057-5fa700c68428,a3f626b9-cc27-4c04-8570-be79ab8bda4a,2025-04-13T10:16,3,68.04,Online,Pending
8c935778-c7b4-4d1b-bb0f-d1f04cd91a87,f90cf3ca-e2d0-4129-bc7a-e8a2b80880da,2024-06-17T10:16,8,179.92,Online,Completed
361295c2-8bf5-48e5-8cea-cc23faf3e9fb,910b1d47-5c37-48b1-8bde-96c60660f1d7,2024-03-29T10:16,7,119.42,Cash,Pending
0ccd9f1e-b815-4fc5-bcfa-9edf40af7820,ff4db0d8-e809-46e8-9ae0-78ffee4902d9,2025-10-29T10:16,8,171.76,Card,Cancelled
5e002ca6-3428-46b1-8697-4277becbe7a1,0e0d5f13-edd5-4ab0-9ddd-3df111bedc5a,2024-11-10T10:16,1,21.37,Card,Cancelled
b8f86d86-c2d5-4a8f-b9ba-946139c618ee,d87f31d7-79ef-4c17-856e-142e791b04da,2024-05-22T10:16,6,156.96,Cash,Cancelled
f883bd99-d6d0-4543-a792-4afb901383fa,f543de06-e341-4de2-95ab-ca0fd3ee51fe,2025-02-05T10:16,7,91.00,Cash,Pending
f8cec2d5-44f1-4cb1-914e-2638e6eb5454,0a570207-0f70-467f-bbeb-44a0a60a9a25,2024-09-12T10:16,5,96.70,Card,Completed
2811186f-2926-4128-83d2-2357f7e68691,7d2df59f-386d-4aec-85a8-2443262a0cb4,2024-09-17T10:16,6,106.32,Cash,Completed
bfeb7616-822c-4c7e-8cb6-0d7fdfa7e6c4,4bb2d776-14c0-4ef6-b8ba-c580cbed72b8,2024-02-19T10:16,6,136.26,Card,Pending
3ff35ce9-53c2-4663-ae20-7fce210104b5,4e44f26d-5455-405b-8fdb-63ab8b739ecf,2025-06-17T10:16,2,25.70,Cash,Completed
6ffe0a63-ef3c-4692-a9a4-330161ea9e1e,7a18d550-38d0-40b2-84a7-547162e7e409,2024-04-23T10:16,5,78.75,Cash,Completed
df86f67b-aaf6-4e73-820a-8f77b49b5930,09ba4183-1b94-4f8c-bc5f-eca421a88524,2024-01-10T10:16,9,199.17,Online,Cancelled
201e3490-6d40-44fb-92f4-194a215759f7,80537cf2-360f-4740-8b7e-d4cd56e22987,2025-08-25T10:16,6,54.42,Cash,Cancelled
8fd5f8b2-03bd-453b-a8ad-1e81fd01aee7,e12c3d24-86c8-474f-b86b-370df36adbfe,2025-08-03T10:16,9,51.48,Card,Cancelled
2f56a813-787a-4d86-8fac-5e387a156333,6aaabc79-3d35-410f-bb96-f86a3930d0ff,2025-05-24T10:16,2,42.86,Cash,Pending
844c33e7-a519-4815-add1-20462d2f7d92,d5cfb1a3-ce2f-4aff-ab4c-50e0c5426af1,2024-12-10T10:16,8,104.88,Online,Completed
c084ee78-69b3-4106-aaa2-7c68e21dafc5,69446e90-4237-4410-ab55-e011eb04cce0,2024-04-16T10:16,8,202.88,Card,Cancelled
08496fd6-9453-43b0-ae4f-d591a52f6c55,0dd437d0-74fa-43c3-8909-5c955e4d47dd,2025-07-08T10:16,3,52.17,Online,Pending
0a01bce2-b848-49c9-ac94-48453ba5cf44,4f6ae324-5b6d-47d6-a86d-26ec6fbe1e0e,2024-03-27T10:16,9,212.67,Online,Pending
1fd40d04-2ea2-4f40-ba0a-652117fa73a8,6bd388d4-5636-450b-bacd-55bdcb769bab,2024-09-25T10:16,2,29.06,Card,Completed
1120a0bb-3f48-4eb0-aa3a-f23e860d7d02,21edfc22-3f73-4335-a774-3cf78ab65e86,2025-08-21T10:16,5,46.10,Card,Cancelled
6c3c038b-6578-4dce-a407-0bdf3ebf1030,209e786b-2a61-4e52-a3b2-1cc98bcbf18c,2025-10-24T10:16,5,114.65,Online,Cancelled
c4cc315d-d54a-491e-b76f-de82f17615e5,8b546c63-5406-493d-bc69-cfb594b38267,2024-01-10T10:16,9,264.51,Card,Cancelled
78eff73f-db70-4f78-a721-4d136735b6e1,c0d74d86-5c5b-481d-b8e3-61eeb9c77255,2025-06-14T10:16,9,217.35,Cash,Cancelled
d26728ba-7de9-4473-9032-943611387f70,c46351bf-193f-49af-a5d6-456188837c3d,2024-08-15T10:16,7,192.08,Cash,Cancelled
9a82b65c-69ac-4c55-8f4e-ec59af112587,05ccd8a5-ea5f-4353-bd1e-3022152b0685,2025-02-21T10:16,3,61.41,Online,Cancelled
59dacb81-057a-4786-ad08-620b4444140c,caad7924-4bc5-4f85-9662-11ca261e3c87,2024-04-13T10:16,6,118.74,Cash,Cancelled
e92ce7a8-4a58-4a9a-beeb-17d88ece7f31,b014b56e-3263-4b63-8430-46e00bc5ea77,2024-10-04T10:16,6,135.48,Online,Completed
056c2ed3-94ad-41bf-b134-d103cf2834dc,ceafdb2a-788d-48e0-acdd-bd533a2e7ab6,2024-01-12T10:16,3,18.33,Card,Cancelled
a3962618-b3f7-4dfa-bb67-8893b317db8e,058b9c75-b72f-4594-80d2-e41194ff7672,2024-01-16T10:16,7,131.32,Card,Cancelled
a0666ab1-da52-45a7-be6f-82004415ea89,0a15d43b-8f6b-444a-bef2-ffbddfdbd16f,2024-03-24T10:16,5,131.90,Cash,Cancelled
39f1ee35-4e5b-41e8-9f42-d992ce5ef4c0,23650eb4-f98d-45a3-a90b-a378f03d469d,2024-02-18T10:16,7,71.26,Card,Cancelled
2d2d6431-417d-4666-916a-bc65ee8269e5,4bb2d776-14c0-4ef6-b8ba-c580cbed72b8,2024-12-27T10:16,8,104.80,Cash,Completed
11ed7d73-6369-4cc5-b53b-c9659b88db8d,2ca088cd-c6c6-4e60-a1a4-d2990ee21b12,2024-02-15T10:16,5,93.80,Online,Pending
6b23813d-06e9-472e-b7d7-5b76ac651ec6,26d032f1-9fe9-487a-987a-a8be14e1db05,2024-05-01T10:16,4,24.12,Online,Completed
c6a42569-fde5-4c15-9069-beb964d58339,6f61ca8e-51a1-48e0-abfa-88326e713e34,2025-07-01T10:16,2,23.20,Cash,Pending
fc06dbf9-76c5-4b84-b773-b5f8e122f7ca,7169ef0c-f2c8-4ae3-83f6-87691664d2d2,2025-06-24T10:16,4,71.72,Cash,Completed
d7dbaf40-b4d9-4085-9d92-070b051d5944,f3826f04-0dfa-4266-8002-58fede0093f5,2024-11-27T10:16,4,37.52,Online,Completed
a9413a1a-9b28-48bb-96a6-3a4e081cf390,c1a09d60-c9e8-4489-a68e-e01b51541d33,2025-07-10T10:16,7,142.10,Cash,Completed
b31e52a8-de36-4e0e-89b4-104267638716,205ea7f7-e714-45b8-a083-11247ff702a1,2024-05-11T10:16,1,20.24,Card,Completed
ee1561c1-1dc3-495d-8c8a-3714faa0eedb,824998a2-7592-4051-ab0b-d5e12743c93b,2025-01-27T10:16,2,32.78,Cash,Completed
f37d6d04-b7d2-4970-bdfc-8b5bc99958a8,b0d737cd-ec4b-4a88-aa81-d012ef3fb719,2025-05-21T10:16,1,10.01,Card,Completed
25a7d863-b8eb-4413-b672-b4cd6bf647c5,058b9c75-b72f-4594-80d2-e41194ff7672,2025-11-08T10:16,5,82.10,Card,Completed
ea0a5076-7210-42c3-a524-b300825a7b83,103fcba5-5588-45a5-9fe0-6ac948d3860e,2024-05-03T10:16,4,111.92,Card,Completed
7418740f-bd07-481a-9acf-89d1021fa844,8b115a34-224b-453c-be69-b53a7445b466,2024-12-25T10:16,8,220.00,Card,Completed
e20e9bd4-4de0-4607-9bb6-ec0f2021a2f3,27e45431-1333-4ffd-a0c8-be56ffdc5d4e,2023-12-14T10:16,3,72.03,Online,Pending
f0260f3d-96e1-494f-979a-5ccd765561d3,a5ffc907-be77-43e6-8694-4a0bf09bd3fb,2025-03-12T10:16,6,39.12,Cash,Completed
711a4ad3-853f-477a-b993-4db54b32c077,bfa3444b-2be9-46be-b944-720d86a59770,2024-09-14T10:16,7,80.50,Card,Completed
fe268934-d2c0-49b0-8e58-2702e3ba4b2a,90f0db1e-2b19-43f7-ba17-233c7c214eca,2024-11-12T10:16,4,22.24,Card,Pending
7b788613-8c3a-431b-8f00-eae33e14d4ec,05ccd8a5-ea5f-4353-bd1e-3022152b0685,2023-12-07T10:16,8,238.80,Cash,Completed
ca690afb-c568-4ffb-839b-42636b6fde2a,a302a1a8-c429-406f-abff-9f273aa0a4b5,2024-12-21T10:16,4,40.72,Online,Pending
9bf9644f-65e1-47a6-9102-8afb24f75f67,8b546c63-5406-493d-bc69-cfb594b38267,2024-04-24T10:16,9,75.69,Online,Cancelled
2196e784-0325-4730-a579-49297df2f0ef,3910ab11-8758-4a4f-8a9b-c4f5df7413c4,2025-06-11T10:16,6,123.24,Cash,Completed
5b667c89-6508-48ed-b474-b1d8081c556b,6c6a3b10-9747-4dca-a041-4edc22d147b0,2025-03-05T10:16,7,118.93,Online,Completed
ae1f5e82-bf45-4b4b-9640-5577dc665a18,ef7fad1f-a86f-4ee1-95b4-ce1f339f0fa5,2024-05-15T10:16,3,24.03,Cash,Pending
9b59d760-4579-49ab-a84f-062f300ab644,0a15d43b-8f6b-444a-bef2-ffbddfdbd16f,2024-04-10T10:16,2,47.94,Online,Pending
d97b7966-cc17-4749-aaaf-abe8ac29c7bd,824998a2-7592-4051-ab0b-d5e12743c93b,2024-06-19T10:16,5,41.50,Online,Completed
fa854acb-9a88-4da6-8c8e-10622a971d77,c5817fdc-a4dc-4879-b957-30cfda62016b,2025-04-24T10:16,2,23.08,Card,Cancelled
b025d134-b257-4e57-81d1-cb979144df89,7a18d550-38d0-40b2-84a7-547162e7e409,2024-12-11T10:16,7,155.96,Cash,Completed
af43a191-cfce-42a9-bee7-8b3387a8b3ad,3ab3404a-ee80-4ed2-8d90-a6f0dad14e48,2025-05-16T10:16,1,27.52,Card,Pending
8995081e-dead-4c59-b616-71610961dba3,7a18d550-38d0-40b2-84a7-547162e7e409,2025-07-30T10:16,2,12.14,Online,Pending
58fe0bd6-3557-4b06-8487-a3e7bbae67d6,3dcaabe3-78c9-4d88-bed5-56ca7ceea07c,2025-03-06T10:16,5,36.85,Online,Completed
a7b64dfe-0130-42ce-8ac5-934a9a5f4720,8626238e-5813-415a-9a8c-db944b1e0269,2025-08-01T10:16,3,50.10,Cash,Completed
2e77f48a-eb30-4989-8928-dd8edd0b9aaf,d3f641e5-b8b5-4f5f-9155-7768df2033e8,2023-11-22T10:16,3,27.18,Card,Completed
456c5c24-e752-4390-bd9c-95ebeca420f0,209e786b-2a61-4e52-a3b2-1cc98bcbf18c,2024-02-19T10:16,8,94.72,Online,Cancelled
ce478aeb-e0fa-4b12-afd6-b436ac0f9062,bb6ceda0-3f7a-4dfa-9862-41a88dd468b2,2024-06-03T10:16,7,110.32,Cash,Cancelled
4f27ac4d-d5ff-415b-a3ea-598cb560c4b0,500fde18-ea61-4380-9ea4-f06d09985870,2024-03-02T10:16,8,167.28,Cash,Cancelled
61273839-a17a-4d35-a0b4-1b268b767a7a,bfa3444b-2be9-46be-b944-720d86a59770,2024-07-16T10:16,9,167.94,Card,Pending
ed6e0214-695e-4f03-94b0-dec675750509,3910ab11-8758-4a4f-8a9b-c4f5df7413c4,2024-06-02T10:16,9,81.09,Cash,Cancelled
782a0be3-4708-47f2-9c9e-aaa981898016,92da274a-bea2-490a-bb52-196c46fa8487,2024-02-25T10:16,7,64.47,Online,Completed
f81aa844-cbd3-4f38-92e3-433b0c7968b5,80537cf2-360f-4740-8b7e-d4cd56e22987,2024-05-05T10:16,4,41.64,Online,Completed
86a9f77f-31f8-45ad-a71c-eb14172b5dff,058b9c75-b72f-4594-80d2-e41194ff7672,2025-05-27T10:16,3,23.07,Card,Pending
be190497-7481-42be-82bd-0d0a7bbeafef,4f6ae324-5b6d-47d6-a86d-26ec6fbe1e0e,2024-07-25T10:16,9,264.69,Card,Cancelled
e64ab8c3-308c-4ebe-8d7f-308588632ea8,a302a1a8-c429-406f-abff-9f273aa0a4b5,2024-06-17T10:16,6,59.64,Online,Completed
415de7a1-0f53-49bf-9f0d-8b5b4d2e70bb,26d032f1-9fe9-487a-987a-a8be14e1db05,2025-03-26T10:16,7,172.55,Online,Completed
2e28843a-2cb6-450e-a110-4d6d3547baac,3dcaabe3-78c9-4d88-bed5-56ca7ceea07c,2024-04-07T10:16,5,69.30,Online,Cancelled
844d4126-5124-4263-b364-b41d0bf39b51,53db1213-7316-47bb-9099-c1def0e3c96b,2025-01-20T10:16,5,131.75,Online,Completed
0597fefe-d4df-4f42-9d4c-2d6d9a82dbb1,36b880b0-e9bd-4c0b-8f1c-32018f6c758a,2025-01-20T10:16,1,14.15,Card,Completed
55aacec7-f349-402e-b9b6-f5a42ea133f8,ebe19120-496a-47fa-87eb-2440212a3363,2025-04-15T10:16,5,37.80,Cash,Completed
c7026758-571b-4968-93f0-95800c87cb36,e6e1db85-f8ba-4264-9c9a-520ecda4bc4c,2024-11-25T10:16,4,117.96,Online,Cancelled
4a37a90a-0078-4a83-8148-734330dffb62,27e45431-1333-4ffd-a0c8-be56ffdc5d4e,2024-01-07T10:16,8,203.68,Online,Cancelled
f7f6f14f-4dca-4c65-aeb4-bfb45e4f6c5e,6e6d2c67-f7fb-4a98-8f9a-4822259b25c4,2024-08-12T10:16,9,206.19,Online,Completed
e3cae16f-acaf-424b-9f6a-093a63abc7cb,3ab3404a-ee80-4ed2-8d90-a6f0dad14e48,2025-04-08T10:16,6,59.22,Cash,Cancelled
ebff18c7-d01b-4670-b7dc-36fd0fb6c21b,f0a6a958-e434-41bf-a830-dffa55a34db5,2024-05-29T10:16,3,19.11,Card,Completed
a3bd6e08-ba81-425b-a2ff-e01b5692cfc2,93cdeef1-3fc3-4a63-a275-0ae87ae6b335,2025-08-31T10:16,7,135.87,Cash,Pending
a783f89e-d138-49a0-8d70-c493fbf6cd06,983d66ae-c8b0-46b8-8abc-26a1055cf729,2024-01-11T10:16,4,56.88,Card,Cancelled
d94a9f5c-421a-49f5-b960-d49a42d23ff0,485b65e7-fdf4-474d-afba-37986d8d3cd8,2024-03-17T10:16,5,104.25,Cash,Completed
3708c6ec-9175-433a-9a13-719ba137e803,7a2e5fa5-096b-4701-8ce6-7a3db39bf8eb,2023-12-03T10:16,6,151.44,Online,Cancelled
1d58e0d8-2562-4048-835f-0a988e83bfef,3e97fc93-73a7-45e0-9888-f7a03ee258a7,2025-02-14T10:16,5,51.05,Cash,Pending
98989270-fffc-41a8-914d-67f73f1bd864,3befa4dc-d961-4a3a-9410-d43d1bdaa335,2025-11-08T10:16,2,25.84,Online,Cancelled
ac67bea3-a428-4cdd-af48-a9e2acd2aa9b,e6cb1215-5314-4d05-bfd1-f6e5d36e89f7,2024-01-05T10:16,8,125.60,Online,Completed
e616929c-cb10-4552-904d-ea2efb1b038e,09ba4183-1b94-4f8c-bc5f-eca421a88524,2024-12-28T10:16,4,72.40,Card,Completed
f0ed6ac5-ee7e-42c4-a020-45126844f773,0130fcd4-a6cf-4a72-8400-7bcae1abce34,2024-07-24T10:16,3,81.09,Card,Completed
848a6743-05fd-4285-9f83-3ac7b7c0b2eb,500fde18-ea61-4380-9ea4-f06d09985870,2025-10-03T10:16,5,30.60,Cash,Completed
588a3e83-4b5c-48bd-b8cb-2bfcd59b65a0,6b1178fc-1745-401d-88da-3903c243ebe9,2025-03-06T10:16,4,29.00,Cash,Cancelled
eaa20d06-0780-4991-a776-f9d35b252876,80537cf2-360f-4740-8b7e-d4cd56e22987,2024-09-19T10:16,5,87.80,Online,Cancelled
4ec633c9-5846-4d7c-82ed-6c9ccc3a1ad5,52fbb114-83aa-432d-b2f1-f3e37a5c4754,2024-04-17T10:16,3,78.09,Card,Cancelled
01a0482b-8492-4b56-a2d8-9f642e7de7e1,14eace30-1ac2-411e-8eef-98e8f32a87fb,2025-02-21T10:16,6,77.40,Online,Completed
d22a4f2d-f1a7-4e76-8033-c33f32683a6e,c83bba2f-5229-4998-9566-1f3179b13e8a,2024-10-19T10:16,8,44.00,Cash,Completed
79c22dbb-c6d2-4ea8-9ae2-1c4a1aa56d6e,0b2a0e9a-e050-4380-b607-57adcbbf59d4,2024-07-30T10:16,5,144.70,Cash,Pending
d2887115-64c1-4281-b100-2e1136894e76,8626238e-5813-415a-9a8c-db944b1e0269,2025-11-04T10:16,4,105.76,Card,Pending
72d0f175-f1ad-4a4a-9fea-7c5de74c0bd6,050d9901-1cb5-413a-9c31-282028f863c1,2025-03-23T10:16,8,192.32,Online,Cancelled
dedea206-d53e-435b-bea2-b4a358b60478,74e76582-f1b8-4560-b049-8aebb59d4721,2024-05-06T10:16,9,82.08,Cash,Cancelled
d13f158a-f472-4bcf-9276-af9bf8418287,b6c26110-1b77-4777-8c79-c69ec19b66df,2025-03-11T10:16,6,75.90,Online,Cancelled
2e444ec0-0ae1-4408-a1f8-0dec91c338b3,3befa4dc-d961-4a3a-9410-d43d1bdaa335,2024-11-25T10:16,7,192.01,Card,Completed
0de4916e-8cd4-4f2f-bfb3-1d7bb1e49122,bb6bf39c-f455-4e08-a59e-1bdaaa91d4aa,2024-02-16T10:16,4,34.92,Cash,Completed
7266dd27-1e22-40c0-bddf-0c8743c046ed,cd50913f-8c99-4253-9134-0cf5fe5f300f,2025-08-11T10:16,1,18.68,Online,Cancelled
515dd926-a8e9-47ed-a97e-31a741ffe3c4,795088d7-d227-422e-ad8c-f048bde0675e,2025-01-30T10:16,5,102.60,Cash,Completed
34a1f610-ed85-4452-ab28-d93d39aa7674,7a18d550-38d0-40b2-84a7-547162e7e409,2024-01-28T10:16,8,136.08,Card,Cancelled
3896a633-8aa8-4280-992f-59bcb6930955,6e551d53-4f6d-4b84-a9de-3d7c79694805,2024-09-17T10:16,9,56.07,Card,Cancelled
c64bfa52-c129-4990-84a9-511af43ccdd0,ada8704c-2784-4d70-84da-10078407d2c8,2025-10-15T10:16,1,15.92,Card,Completed
a6b2e499-034a-4339-9cb9-c4f2eda6b50f,77ca464a-fe0d-4dcc-8f08-3eb2f7b64f76,2025-03-01T10:16,6,37.32,Card,Completed
abc27984-c261-4772-9462-7c9fa7a9d37e,e6e1db85-f8ba-4264-9c9a-520ecda4bc4c,2024-03-14T10:16,3,86.70,Online,Cancelled
fe554947-fb19-4d51-b7e1-95007d539c23,5f6e51da-5f01-4c9a-85dd-7d50ef37e5d7,2025-08-05T10:16,2,24.16,Cash,Completed
5c2e071f-f69c-489e-82fb-d42a02ec45a5,e886c155-0dae-4b36-88f5-a86fa474d1f6,2024-01-23T10:16,4,87.32,Cash,Pending
8a87a3c3-24ff-4828-a1bd-00b12a6ce2db,bb9edfa8-17f7-4f6f-8e3b-616693a298b1,2025-02-19T10:16,9,263.70,Cash,Pending
d66d6cd1-ced4-468b-a25d-7ee90ca0a4f2,a938df5f-7764-459c-8bfd-90409d16b3c6,2025-07-16T10:16,7,209.58,Card,Cancelled
293e7c25-bcb8-4f0d-80a5-d2eeb913f61a,bf0de251-90d7-423c-8b31-48df1a89964f,2024-08-20T10:16,3,33.12,Card,Pending
c737bf8b-e92c-447b-b537-8eedd63c950f,b047b369-02d0-4f25-9af0-f1e883228863,2023-12-25T10:16,4,87.40,Online,Pending
b58466b2-0b8c-4e34-a0d7-b355d2473365,52f5634d-de98-4543-8a1e-cbf1e2d0242f,2025-09-30T10:16,3,63.51,Card,Cancelled
a15f5814-70e3-4530-8e2e-e757172168aa,11526850-7335-463f-b740-a52a90457c3b,2024-12-19T10:16,2,21.30,Card,Completed
bf49f4b0-dab3-4a30-9ef2-84839daf3476,428424b7-1f94-496a-8b7a-497ce177d32c,2024-01-10T10:16,9,96.21,Card,Completed
993c566a-58ba-4890-813d-3ec4d8bee3e5,205ea7f7-e714-45b8-a083-11247ff702a1,2025-10-28T10:16,2,33.24,Online,Completed
d28ff9dc-bba6-4abf-b215-0da2b0175d3f,46032f36-69bc-465a-9b33-a5d560bfd77a,2024-08-05T10:16,8,132.32,Online,Cancelled
e1724c20-0e73-48cf-b532-c693d1f9daed,365c90d0-a590-4209-9401-2ce55af5ed98,2025-07-06T10:16,3,77.94,Card,Pending
60928713-ff20-47cd-8dfd-a7c57afb8ec1,1a48aa9a-def3-481d-922a-94300aa97309,2025-06-17T10:16,8,86.64,Card,Pending
d05d8df4-9a4c-4c0a-b2c0-99f9795f5fdf,058b9c75-b72f-4594-80d2-e41194ff7672,2024-06-24T10:16,3,38.34,Cash,Pending
1fe47203-dcdd-47f7-8ace-2f561504538a,68169a66-a8d4-4763-914e-7befc826445b,2024-09-13T10:16,9,204.48,Online,Cancelled
98a422a3-2d34-436d-a4a6-a3b061e78f78,3ab3404a-ee80-4ed2-8d90-a6f0dad14e48,2025-01-04T10:16,5,25.70,Online,Completed
e7fe7b1a-3e63-4192-802c-ce123df3f224,3e97fc93-73a7-45e0-9888-f7a03ee258a7,2024-07-16T10:16,4,58.00,Cash,Pending
906c1593-a050-4693-8785-968a2b47e74c,f90cf3ca-e2d0-4129-bc7a-e8a2b80880da,2025-03-05T10:16,6,61.20,Card,Completed
cda64e96-b43c-4be9-ab9d-132a9faa20f9,0a570207-0f70-467f-bbeb-44a0a60a9a25,2024-01-16T10:16,6,131.82,Online,Pending
e1efd3da-c746-4b2c-ac65-67ec929f7b4b,69446e90-4237-4410-ab55-e011eb04cce0,2024-02-02T10:16,4,30.40,Card,Completed
ffade8b2-b277-478c-94ee-af869e5c7ba5,c0d74d86-5c5b-481d-b8e3-61eeb9c77255,2025-02-27T10:16,4,30.12,Online,Pending
7f7fa8e6-9efe-4b70-83ed-c1b7a5a1663f,b03f75c1-655f-4480-a2bf-1a0af806e96e,2024-07-13T10:16,7,72.10,Card,Pending
68263290-4ba1-4a07-8f03-3d245f970f7c,9c53f3f8-5b22-4d77-bd76-cfa6c70e443c,2025-07-04T10:16,3,68.55,Cash,Cancelled
3ff5a6d7-bf95-41d1-a188-c8b60bac3a4e,8b546c63-5406-493d-bc69-cfb594b38267,2025-02-12T10:16,9,128.25,Cash,Cancelled
39b3d2ab-9591-4c43-8432-a280959b605a,f90cf3ca-e2d0-4129-bc7a-e8a2b80880da,2025-04-13T10:16,3,51.30,Card,Cancelled
f63d55bc-b15a-4518-96b8-e18cba9e6ae7,d6d4ef4b-0870-48aa-b884-013237f255f4,2025-06-05T10:16,3,77.88,Cash,Pending
0d25e952-0495-4a6c-a8f7-d2aa93b969c7,80537cf2-360f-4740-8b7e-d4cd56e22987,2025-03-14T10:16,2,46.42,Card,Cancelled
52b2a8de-9f98-40bb-bc49-e0c1bc1e11c1,1d32c3b3-c732-4995-aa6b-ff159deb3bdf,2025-06-07T10:16,8,133.68,Online,Cancelled
c249a0b3-fa73-4a7e-97cc-0003286ecf21,e85d0261-2d97-4475-a749-363ec9040a74,2025-02-08T10:16,1,5.82,Cash,Cancelled
8c0a0dbc-a32d-4914-86b8-72db1ee85089,000f9c8f-2fc7-4346-844d-c04f10751265,2023-12-20T10:16,3,20.85,Cash,Cancelled
e2eaea29-3b66-4f91-86da-a0255ced926e,6bd388d4-5636-450b-bacd-55bdcb769bab,2024-12-09T10:16,6,68.76,Online,Completed
8cdf30ee-9215-4b89-a5d8-2a716aff504e,25659c0e-6eb5-4c57-add8-fb6ac5f42699,2024-12-30T10:16,3,77.70,Card,Completed
747d3e5e-eca4-48ac-8ca7-b6a9e3d2d3c1,0fcf4084-ea31-49f8-99f9-9bf8c8b0c16b,2025-08-06T10:16,7,50.96,Online,Completed
54ade647-ca69-4ee9-9b55-7584faec5f0f,23650eb4-f98d-45a3-a90b-a378f03d469d,2025-01-29T10:16,5,146.15,Cash,Pending
a2b74b91-93d5-48a6-a32b-bacd4943c749,050d9901-1cb5-413a-9c31-282028f863c1,2025-05-04T10:16,6,144.72,Cash,Completed
8ea9e764-29d6-43e6-9f9e-325b28519ac9,dcfb3d05-846d-4915-99f3-ebbc7559d972,2024-06-22T10:16,4,56.32,Card,Completed
d82f86a6-ef2b-478f-9b65-2c096e20ddb7,90f0db1e-2b19-43f7-ba17-233c7c214eca,2024-10-01T10:16,7,176.61,Online,Cancelled
aba96b32-e067-4b16-954d-0aa9adcb11fa,bfa3444b-2be9-46be-b944-720d86a59770,2024-10-28T10:16,2,39.68,Online,Cancelled
320dc9b7-ea86-4444-bea9-27f513d14b2e,cf65c4b6-4c1c-420b-95de-23e5b56ffad5,2025-09-23T10:16,5,49.90,Cash,Cancelled
c1155c42-bd25-4bfa-b5dc-6b02bd4ea858,b0d737cd-ec4b-4a88-aa81-d012ef3fb719,2025-05-18T10:16,4,46.20,Card,Completed
80523e3a-be9f-4731-a179-382c9c6087c7,aac35608-9499-49c5-811a-a059e773c968,2024-05-09T10:16,5,104.70,Card,Pending
4f0ba474-c83d-4fcf-88ca-8ab1d9a7b5bc,5d6f84a5-a4de-442e-99b9-b8ef714b4436,2025-10-06T10:16,1,13.08,Online,Cancelled
6dbc9077-53a0-4510-b4e0-834e81a25ce8,ef7fad1f-a86f-4ee1-95b4-ce1f339f0fa5,2024-01-11T10:16,5,89.60,Card,Cancelled
db4e17c8-5af6-4255-abea-b6bf56234534,c5817fdc-a4dc-4879-b957-30cfda62016b,2025-02-19T10:16,1,17.74,Card,Cancelled
afc65098-363e-4c61-aa2a-ec9f034a6f85,68169a66-a8d4-4763-914e-7befc826445b,2023-12-24T10:16,2,58.04,Cash,Pending
3d5528fd-261c-488e-92c9-5e4978077f20,1eeb9c5f-5b7a-47af-b4f1-5a50d9d1089c,2024-01-20T10:16,2,38.80,Card,Cancelled
ee78a654-e070-4bdc-8387-bee51979f19a,0130fcd4-a6cf-4a72-8400-7bcae1abce34,2024-03-15T10:16,5,53.70,Online,Cancelled
56093915-f10a-4dd3-b27b-d1967cb44a1a,7d2df59f-386d-4aec-85a8-2443262a0cb4,2025-02-20T10:16,9,144.00,Cash,Pending
d78acf86-4e52-4ec0-a118-61dd9859996c,b3688304-b24b-416a-9bf4-c2b6aaeb59d3,2024-12-01T10:16,2,37.60,Online,Cancelled
3556eec4-2878-41a1-bec4-77ad4b1ed5ad,00d7ae70-0f46-4453-963c-4ab2a3d29314,2025-05-12T10:16,4,37.08,Cash,Completed
eef600e6-0525-4e1b-acf8-929dc83b14f2,9c53f3f8-5b22-4d77-bd76-cfa6c70e443c,2024-11-13T10:16,7,97.86,Cash,Pending
15932646-29e7-4542-8010-a2cb730bd2e8,fe624323-ba72-456d-9842-ed9e0edc75df,2025-04-03T10:16,8,106.24,Card,Pending
cfeaa1be-90b7-49b0-99db-afbc09afb884,aff4340c-d102-49ba-af8e-84d2737ce82c,2025-08-14T10:16,1,22.82,Online,Cancelled
f1499c03-1f17-489a-946e-d30a1852ac8a,67c276b0-7be6-4f3c-bf86-c342095c8112,2024-11-14T10:16,6,39.42,Card,Completed
c92d4d08-6238-4e3e-8a8b-bd54ae1caa69,0d463f72-c3a1-4a2b-8d0d-1721a0d1a06b,2025-10-23T10:16,3,48.51,Cash,Cancelled
36ed1348-0d68-4c56-a7d8-cf42bb42bc1b,8626238e-5813-415a-9a8c-db944b1e0269,2025-10-15T10:16,8,196.00,Online,Pending
ae75b371-2412-455b-a985-94b12bf2dbca,89d26a00-0fde-4c03-8430-b06f6bc3f33a,2024-07-10T10:16,5,53.00,Card,Cancelled
03ec48fa-3075-4f6e-b45d-a0976fa5aaa2,26d032f1-9fe9-487a-987a-a8be14e1db05,2025-02-22T10:16,5,43.60,Online,Pending
5b824416-09a7-46dd-9f1d-b5a07200c7f8,a5ffc907-be77-43e6-8694-4a0bf09bd3fb,2024-02-18T10:16,4,29.44,Online,Pending
bfc3e8f5-c791-42f2-84ec-863a37f29c87,ba5d9947-b043-4aca-8ee0-6b77895cf8e8,2024-03-18T10:16,4,63.92,Online,Cancelled
abbf53a7-b918-4f96-b614-73b77f94cbb2,5f6e51da-5f01-4c9a-85dd-7d50ef37e5d7,2024-10-26T10:16,9,248.49,Cash,Pending
20fd532c-6772-4317-9a92-963af6e9fb81,5eb75bc0-d5fa-4209-9d42-7767f3f0585b,2025-06-10T10:16,7,103.32,Card,Pending
8eb9fdc8-c2b2-483e-b52f-c1921cdeda1d,9fa382f0-8393-48db-ad30-43c953282401,2024-09-28T10:16,9,238.59,Card,Pending
e0a52e49-c4bf-40c4-a259-3c953d2caa67,b95f7619-fab2-4df9-8683-1f2aeb93a660,2024-10-12T10:16,2,16.34,Card,Completed
2fc28b29-a17f-4b10-b8ba-42a770fd4e06,05ccd8a5-ea5f-4353-bd1e-3022152b0685,2025-04-30T10:16,3,63.42,Online,Pending
819f377c-fa58-4577-90dc-9cc364ceadf5,365c90d0-a590-4209-9401-2ce55af5ed98,2024-02-09T10:16,4,76.96,Cash,Completed
9caff075-be67-4f12-987f-b100f08b9a51,ef7fad1f-a86f-4ee1-95b4-ce1f339f0fa5,2024-04-15T10:16,7,35.91,Cash,Pending
2096adbe-9aa8-4314-87a0-b823aaff0921,401a6911-a31e-4892-adc1-56e3e1eb090a,2025-02-13T10:16,4,46.48,Card,Cancelled
b89906eb-049a-4a30-be8a-6d2d3a9a4ebe,77ca464a-fe0d-4dcc-8f08-3eb2f7b64f76,2024-01-03T10:16,1,10.77,Online,Pending
2583c68b-75be-4047-bc91-8651ad05b129,050d9901-1cb5-413a-9c31-282028f863c1,2025-02-01T10:16,6,167.82,Card,Cancelled
62e4b7c1-726a-4ff7-b759-782e12dc9b60,0130fcd4-a6cf-4a72-8400-7bcae1abce34,2024-10-12T10:16,5,88.50,Cash,Pending
2e219d02-2e8c-4c2a-a362-a8095211b7ed,0df3bae1-6384-4856-aa27-aef9f6c48b75,2025-05-19T10:16,7,56.77,Card,Pending
eff4ea03-bae2-43f4-9f77-d5024373fb82,5400d214-6176-40bf-88d2-3f53ed38bf69,2025-01-07T10:16,6,51.24,Online,Cancelled
f9476998-aa9f-48e2-ab4f-c8592baabbc3,bb9edfa8-17f7-4f6f-8e3b-616693a298b1,2023-12-28T10:16,6,34.14,Online,Cancelled
d447cb2f-bb8e-4b72-b5f4-449746e5d6a5,515fe1d2-d33a-4b9d-8c19-07e0cbe81a9a,2023-11-16T10:16,3,17.70,Online,Cancelled
9f579a69-a1af-44e3-bc13-b044fc16d954,74e76582-f1b8-4560-b049-8aebb59d4721,2024-02-02T10:16,9,48.42,Online,Completed
43a7f822-ead6-4def-98af-7f01df18fdd2,c0d74d86-5c5b-481d-b8e3-61eeb9c77255,2024-01-24T10:16,2,31.34,Online,Completed
c0dd524a-da45-4509-a089-ad443ba4140d,b3688304-b24b-416a-9bf4-c2b6aaeb59d3,2025-06-22T10:16,5,38.95,Cash,Completed
9a8e9ca8-ab88-4400-91d1-8aacb158d50c,d87f31d7-79ef-4c17-856e-142e791b04da,2025-07-07T10:16,2,55.56,Card,Cancelled
aae6e9c9-7ccd-431f-9459-0591a04ffff8,4b14a58c-f1e4-40b6-888d-a88cd7055099,2025-10-07T10:16,6,123.00,Card,Cancelled
be1e3958-25f0-4642-befd-75c4bf621608,a5ffc907-be77-43e6-8694-4a0bf09bd3fb,2025-02-26T10:16,2,49.16,Card,Completed
d10384ec-36fb-4071-adc9-bd7ec3d3e81c,68169a66-a8d4-4763-914e-7befc826445b,2024-12-25T10:16,6,148.50,Cash,Completed
d4672a1b-40e7-4a47-a615-48a4299f658c,39cb44e2-a541-4b98-bc0b-db5f31cf8710,2024-11-23T10:16,1,6.51,Cash,Cancelled
e464da0b-cfdd-4a87-800e-37af9bb6541a,80537cf2-360f-4740-8b7e-d4cd56e22987,2024-09-13T10:16,9,147.69,Cash,Pending
38fe18e0-efb6-4510-a2b0-d66f7a75b802,500fde18-ea61-4380-9ea4-f06d09985870,2024-07-12T10:16,8,113.92,Cash,Pending
7a506f7a-4662-4855-93a0-72efb7ea7f0c,0e0d5f13-edd5-4ab0-9ddd-3df111bedc5a,2025-01-29T10:16,1,10.55,Online,Pending
66028713-95b3-4e63-a85d-d0a39169c93d,8b546c63-5406-493d-bc69-cfb594b38267,2025-04-18T10:16,1,5.60,Card,Cancelled
b9fe83dc-80b7-4fbf-a5e2-d88f90642d49,74e76582-f1b8-4560-b049-8aebb59d4721,2025-04-27T10:16,9,140.04,Cash,Cancelled
5258bbda-4f44-4ab1-a0c4-e3adbcb50ff1,46032f36-69bc-465a-9b33-a5d560bfd77a,2024-08-19T10:16,9,237.69,Card,Pending
60c298cd-a9fc-453d-8ab3-71911503a614,b0d737cd-ec4b-4a88-aa81-d012ef3fb719,2025-08-28T10:16,1,7.42,Card,Pending
12037f02-d6b6-40da-91f8-4f2fccfd67b9,d3f641e5-b8b5-4f5f-9155-7768df2033e8,2025-06-10T10:16,7,61.32,Online,Completed
09fd7901-b684-40ef-8871-15f95ec955e0,3e97fc93-73a7-45e0-9888-f7a03ee258a7,2025-06-29T10:16,2,37.78,Online,Completed
a48f8e33-0b9e-448a-abce-22aff7b579e2,935ebde1-5945-4673-886e-1a7a12cc2d4e,2024-01-11T10:16,4,71.28,Cash,Pending
98852de4-8e66-4a6c-81fb-f859e0c98d21,cb8747c7-32ca-4b6b-868d-13ab01d953ec,2024-11-30T10:16,1,25.75,Cash,Cancelled
b136e24b-6cc4-4247-89e3-289c82928ead,2a109685-1399-4149-8951-fba29bb0360d,2025-10-31T10:16,9,173.79,Card,Completed
ed351c03-c96b-428a-818a-f851e94e6bf4,2a109685-1399-4149-8951-fba29bb0360d,2025-06-01T10:16,5,54.15,Card,Cancelled
60290308-4aad-4c54-b7b2-e7b63334df58,e6cb1215-5314-4d05-bfd1-f6e5d36e89f7,2023-11-21T10:16,2,16.62,Online,Completed
8700e160-4d75-4254-87be-4280e7d22cb0,23650eb4-f98d-45a3-a90b-a378f03d469d,2023-12-12T10:16,1,7.71,Cash,Pending
58a33e36-3f37-45cb-9581-f3f7ec82f843,7d2df59f-386d-4aec-85a8-2443262a0cb4,2024-06-26T10:16,2,38.60,Online,Cancelled
060d4560-fbd2-4c0d-bf79-19f0388f477e,8250871a-2b35-424e-a1a1-4eb4faffabfb,2024-08-16T10:16,5,123.65,Online,Cancelled
3fc9e407-9e5c-4203-9897-b412bc189699,92da274a-bea2-490a-bb52-196c46fa8487,2024-04-17T10:16,7,145.32,Card,Pending
7c3add3e-62bf-40dc-be8a-a02d4da8402d,99c406e7-092b-4eeb-bc08-56fc041c253d,2025-08-06T10:16,1,28.74,Online,Completed
5275df6e-8299-4f4d-96fc-d285941c4c43,0fcf4084-ea31-49f8-99f9-9bf8c8b0c16b,2024-03-28T10:16,5,122.90,Online,Cancelled
cab350d4-894a-45af-b67f-a38bea6f4301,6b1178fc-1745-401d-88da-3903c243ebe9,2024-11-03T10:16,1,25.74,Card,Completed
d03ef37e-0acd-4a12-9594-865206026d9b,a938df5f-7764-459c-8bfd-90409d16b3c6,2025-10-08T10:16,4,85.28,Card,Pending
ca4174b6-da2a-446e-8884-146d99ed9555,726d71e2-70fd-4416-8568-78619c14a73a,2025-06-14T10:16,3,75.93,Cash,Cancelled
c406eca8-fd9f-4236-8a19-d1c1fbdf47b5,0d463f72-c3a1-4a2b-8d0d-1721a0d1a06b,2025-01-23T10:16,8,214.40,Cash,Pending
ff3fffd3-44a3-453d-82e6-3b2e0a96cf95,90f0db1e-2b19-43f7-ba17-233c7c214eca,2025-03-02T10:16,1,27.11,Cash,Cancelled
8453164a-ddac-42b3-b14d-b4a1bb892217,0a0ac3e5-6e20-4fbc-87ec-5481c70e38bc,2024-01-24T10:16,7,116.83,Online,Cancelled
dbcb403c-bec5-4360-b342-fb9e289d8b43,fe624323-ba72-456d-9842-ed9e0edc75df,2025-08-21T10:16,2,28.00,Card,Completed
a5ba7215-32e7-4e75-84cc-40438d93d8d5,0472ca7f-b133-4710-8f43-24a3c6c1afd1,2025-04-18T10:16,2,57.50,Online,Pending
189cdb23-f1eb-4a4a-8b11-249b249396bb,9fa382f0-8393-48db-ad30-43c953282401,2025-10-09T10:16,5,91.20,Cash,Cancelled
69b2b265-b20d-46bb-afa3-59f00dbbec57,26d032f1-9fe9-487a-987a-a8be14e1db05,2025-02-22T10:16,4,49.84,Cash,Pending
0953933e-7395-4f7d-bb74-e6cd496acaae,fe624323-ba72-456d-9842-ed9e0edc75df,2024-01-30T10:16,9,215.28,Cash,Cancelled
23554b39-9ec5-4c05-bf9d-3919da92941b,cd50913f-8c99-4253-9134-0cf5fe5f300f,2025-03-26T10:16,8,222.32,Online,Completed
d87f7b00-e802-451e-bb26-44dbca521e13,d5eaf6a7-76cc-48ec-98d9-ba713e2df70f,2025-01-11T10:16,2,58.70,Card,Cancelled
bde30ebe-ead4-4958-b402-8e77529eb34f,09ba4183-1b94-4f8c-bc5f-eca421a88524,2024-05-17T10:16,4,83.56,Cash,Pending
ff3f8cce-5ecd-4657-8cc7-039ba38a292d,2a109685-1399-4149-8951-fba29bb0360d,2024-12-11T10:16,9,95.76,Online,Pending
2fb673b1-ae5a-478c-be66-55316e907f10,73a2b03c-2dca-486e-8ebc-c4d6bb68a8c6,2025-01-08T10:16,8,52.32,Cash,Pending
1a3b97a7-5ac8-4420-b9d7-6748a8a36018,fdb5454e-2230-489e-ade4-9218ff28cbd8,2024-08-16T10:16,4,85.68,Cash,Cancelled
b1086dbf-d567-41db-99db-56944d8a8aec,10b26c2d-7d56-4175-84a8-a2775e128a9d,2025-04-01T10:16,4,76.60,Online,Cancelled
253739d4-4364-425c-aa3e-03720bfda0b8,c46351bf-193f-49af-a5d6-456188837c3d,2024-09-05T10:16,6,178.02,Card,Completed
f552592f-346f-4d7d-8272-a65dec643c93,ecf1ffb0-ac00-4968-87ea-8beef4ace55a,2025-04-02T10:16,7,40.53,Online,Cancelled
5a89251f-93b9-4554-8bb2-8593a67e58ff,ef7fad1f-a86f-4ee1-95b4-ce1f339f0fa5,2024-02-29T10:16,7,129.78,Online,Cancelled
5bdc43b4-61f8-4044-a622-d588c3b9023c,00d7ae70-0f46-4453-963c-4ab2a3d29314,2024-02-01T10:16,9,250.83,Card,Cancelled
99341583-a2c0-4564-8dab-3ab69c4173cb,62a2bfef-ca4a-4dec-90ea-bf15ea1880d2,2025-11-09T10:16,5,142.75,Online,Pending
1258df3e-6c1f-4116-bcee-19092115d5d6,050d9901-1cb5-413a-9c31-282028f863c1,2024-03-10T10:16,7,184.10,Card,Cancelled
85e91756-1906-4b75-b9ed-48f7d7f7c61d,99c406e7-092b-4eeb-bc08-56fc041c253d,2024-01-21T10:16,9,70.65,Cash,Pending
e8c473ae-fad3-4731-835f-1942213d378e,46032f36-69bc-465a-9b33-a5d560bfd77a,2025-05-14T10:16,2,46.38,Online,Completed
ef9db5d2-3af7-49ee-bd6f-5710da760678,d87f31d7-79ef-4c17-856e-142e791b04da,2024-03-05T10:16,2,12.58,Card,Cancelled
b6f1b3ba-1518-4572-b406-b7a4f903bf0a,d7af10ce-45c9-4fc8-8dd8-b1c5491aad5f,2025-05-04T10:16,5,115.35,Cash,Cancelled
2f8e7b7b-542f-45b7-b8b4-353135f73561,983d66ae-c8b0-46b8-8abc-26a1055cf729,2024-05-09T10:16,8,77.68,Card,Cancelled
f6c5bc37-c223-409b-92c4-5f0343e21d5e,a938df5f-7764-459c-8bfd-90409d16b3c6,2024-10-07T10:16,6,36.66,Cash,Cancelled
28223521-e18e-4f70-9552-fbfb17e8dea6,058b9c75-b72f-4594-80d2-e41194ff7672,2024-09-05T10:16,3,51.99,Online,Completed
932f94d1-03df-407a-90b6-af1e205ffe45,e886c155-0dae-4b36-88f5-a86fa474d1f6,2025-05-10T10:16,8,61.12,Card,Pending
40b2d3e0-a10e-4ae1-aec2-2754b857650a,000f9c8f-2fc7-4346-844d-c04f10751265,2025-08-08T10:16,3,37.86,Online,Cancelled
f2e68d04-aeaf-4121-8ac9-acb9a271cb61,b6c26110-1b77-4777-8c79-c69ec19b66df,2025-05-29T10:16,8,216.08,Cash,Cancelled
339c7a9b-514e-4de2-97b9-43b32ace8777,b047b369-02d0-4f25-9af0-f1e883228863,2024-08-18T10:16,9,135.27,Card,Cancelled
fb42e573-1b22-4690-9749-3023723061a1,8b115a34-224b-453c-be69-b53a7445b466,2024-07-30T10:16,3,28.14,Card,Cancelled
c70a60f8-f98e-4321-94aa-7fb7401011b7,00d7ae70-0f46-4453-963c-4ab2a3d29314,2024-08-28T10:16,7,50.54,Card,Completed
f8e8f32e-a718-4b23-b8e9-5335ea42618b,9fa382f0-8393-48db-ad30-43c953282401,2025-10-24T10:16,7,50.61,Cash,Pending
0117b213-0e65-4741-9ac1-d57884b8b054,d33bbfcd-a2ca-4e80-8a1c-65223f061e7e,2024-01-12T10:16,1,15.39,Cash,Pending
b0fe55ee-c7c4-447d-8614-cfcd5c1de9e2,ba5d9947-b043-4aca-8ee0-6b77895cf8e8,2024-04-23T10:16,2,53.22,Cash,Pending
6538b495-81eb-474e-ad04-4e9f4f0e4872,0e0d5f13-edd5-4ab0-9ddd-3df111bedc5a,2025-09-13T10:16,6,99.54,Card,Cancelled
f4a5015f-a576-4725-914a-fcd2b473966d,99c406e7-092b-4eeb-bc08-56fc041c253d,2025-04-19T10:16,2,26.90,Online,Cancelled
a6bc4ebf-1cd3-4122-86ec-85585f58e609,52fbb114-83aa-432d-b2f1-f3e37a5c4754,2025-10-10T10:16,7,194.53,Online,Cancelled
db9e2bc0-bd78-43db-a2c2-717a78bc087e,7a2e5fa5-096b-4701-8ce6-7a3db39bf8eb,2025-06-16T10:16,7,204.40,Online,Cancelled
5fc2910a-01e6-429b-8dcb-e6acbdf10b95,824998a2-7592-4051-ab0b-d5e12743c93b,2023-11-20T10:16,7,48.58,Card,Completed
a0781562-af93-4805-97e7-dc247f37eab5,11526850-7335-463f-b740-a52a90457c3b,2024-07-14T10:16,2,39.38,Cash,Completed
60fe34cb-f797-47b6-a04b-f7e2dcc94fc8,3dcaabe3-78c9-4d88-bed5-56ca7ceea07c,2025-04-20T10:16,8,190.16,Online,Pending
7f993d76-b02b-4360-a05a-6318a05c5216,e6e1db85-f8ba-4264-9c9a-520ecda4bc4c,2023-12-18T10:16,7,97.16,Online,Pending
872e81ba-1eba-4ddc-96ea-42ba5e00cdd2,5d6f84a5-a4de-442e-99b9-b8ef714b4436,2025-01-29T10:16,3,17.10,Card,Cancelled
e63e311c-ec01-4d10-9c8e-166688ce2ed9,f6c35464-33dd-44a7-bf84-071f2e427045,2024-10-04T10:16,4,53.52,Online,Completed
5fa9086e-5aeb-4803-9f28-9b290cdbedc4,c83bba2f-5229-4998-9566-1f3179b13e8a,2024-04-02T10:16,8,175.60,Online,Completed
1a89c7c3-342d-4adc-9df1-dc8e7944a9c2,5400d214-6176-40bf-88d2-3f53ed38bf69,2024-04-26T10:16,7,183.61,Online,Cancelled
6bb27aba-2f9d-42f3-9e87-ed4498d1eb04,2c6dafc9-06cc-4b3d-8b8d-12aae0644c58,2024-05-11T10:16,1,20.26,Online,Pending
2e9821e9-eb5d-497c-8ea1-4d03c963d865,ba5d9947-b043-4aca-8ee0-6b77895cf8e8,2023-12-03T10:16,4,107.72,Card,Pending
8ddafe30-f056-48c7-b832-80aeb95666d2,c83bba2f-5229-4998-9566-1f3179b13e8a,2024-05-09T10:16,6,46.92,Card,Cancelled
19c9ab12-9abe-4328-80b4-e9ab1bb15fc3,ecf1ffb0-ac00-4968-87ea-8beef4ace55a,2025-07-24T10:16,3,85.53,Online,Pending
21594fce-218b-4598-9663-2f98f4edff2c,a302a1a8-c429-406f-abff-9f273aa0a4b5,2025-07-19T10:16,2,57.28,Cash,Cancelled
16f3236f-e109-4b71-ba86-44e63df2e80a,99c406e7-092b-4eeb-bc08-56fc041c253d,2025-01-15T10:16,8,68.96,Card,Pending
aad419d4-f3b0-4164-a3f6-cbf5a43e0c80,25659c0e-6eb5-4c57-add8-fb6ac5f42699,2024-02-24T10:16,3,57.51,Online,Completed
f3ba103d-ba3f-4dcb-9256-6994d04969e7,9305d562-2505-493d-8ed8-3fb721c8f491,2024-07-11T10:16,8,63.76,Card,Pending
aac95b32-ebb7-4b81-86cc-4ea99ec15739,09ba4183-1b94-4f8c-bc5f-eca421a88524,2024-02-17T10:16,1,13.35,Cash,Cancelled
99ef3e93-2d46-42f7-811e-0d63bb0ac98e,0b2a0e9a-e050-4380-b607-57adcbbf59d4,2025-08-21T10:16,8,98.16,Cash,Pending
43266417-3d93-4d83-b2e0-2c2419a34c3b,11526850-7335-463f-b740-a52a90457c3b,2024-11-11T10:16,1,10.65,Card,Pending
0a6499fa-7381-4713-a981-139bac22c7f1,c5817fdc-a4dc-4879-b957-30cfda62016b,2024-07-27T10:16,6,70.62,Cash,Completed
525ea8e8-cedb-4ed4-b529-888676f447cc,23650eb4-f98d-45a3-a90b-a378f03d469d,2024-10-07T10:16,7,176.54,Card,Completed
7fab56bc-dc17-4725-b271-d1a72b22c51b,71f17b36-2c37-4cfa-bf8a-894fa94c0e9b,2024-05-17T10:16,1,15.52,Cash,Pending
94932046-c3e8-496b-a801-8aa05e11efce,bb6bf39c-f455-4e08-a59e-1bdaaa91d4aa,2024-04-22T10:16,1,13.63,Cash,Completed
d50c7d17-b73a-40f3-943e-39399f83f7a5,d7af10ce-45c9-4fc8-8dd8-b1c5491aad5f,2025-07-06T10:16,6,108.00,Online,Pending
bc602ad7-d752-4db5-8589-dab0c06ca26f,485b65e7-fdf4-474d-afba-37986d8d3cd8,2024-12-15T10:16,2,46.98,Cash,Completed
32e1642c-b7d6-4caa-a5e9-badc355dbccb,63846b60-b7be-4087-ac6e-56c9bc130a20,2025-02-01T10:16,6,75.84,Card,Completed
1a5fe244-3aea-40e5-82a4-35f6a0af460f,c0d74d86-5c5b-481d-b8e3-61eeb9c77255,2025-04-24T10:16,2,58.28,Card,Cancelled
8cb72755-29ad-4c20-8f07-278d81ba4ceb,941529ef-2114-4bff-907a-4596ff4593a1,2023-12-23T10:16,6,177.96,Cash,Pending
737c35b3-5efb-48bd-87a3-8aff688351c1,d7af10ce-45c9-4fc8-8dd8-b1c5491aad5f,2024-10-02T10:16,9,141.30,Cash,Completed
d56bc64e-5e7e-49d2-8354-71aeff612c44,b014b56e-3263-4b63-8430-46e00bc5ea77,2024-07-07T10:16,3,81.57,Card,Pending
d8b75084-d0e9-4f89-b24a-7ddfaa6431ec,b6c26110-1b77-4777-8c79-c69ec19b66df,2024-06-23T10:16,9,162.72,Online,Completed
20984567-9215-48a0-98eb-735623759c0b,ebe19120-496a-47fa-87eb-2440212a3363,2025-04-08T10:16,7,171.92,Cash,Cancelled
2f228d1c-daae-4801-9850-042819382120,b0d737cd-ec4b-4a88-aa81-d012ef3fb719,2025-03-26T10:16,4,52.04,Cash,Pending
3d9185e9-57e7-48ca-adca-5b7f01649bdb,27e45431-1333-4ffd-a0c8-be56ffdc5d4e,2025-10-25T10:16,4,41.08,Cash,Pending
9af87550-14fb-47ab-baee-f7a812d50e95,050d9901-1cb5-413a-9c31-282028f863c1,2025-01-16T10:16,8,60.64,Online,Pending
ff5804d3-6fca-431c-81d8-7c8c5eb2fa5d,9c53f3f8-5b22-4d77-bd76-cfa6c70e443c,2025-02-08T10:16,8,212.48,Online,Completed
0be76033-12af-45ea-8d1a-41b1b7c668c8,7d2df59f-386d-4aec-85a8-2443262a0cb4,2025-02-01T10:16,5,133.30,Card,Completed
a477ca40-0710-44df-b76d-309f58ae8bb8,0a5a9fc7-e126-48f0-99aa-dea85c606f66,2023-12-08T10:16,6,90.54,Online,Completed
6cd0449b-0900-4b44-b46d-7d067952418e,f0a6a958-e434-41bf-a830-dffa55a34db5,2024-04-19T10:16,4,47.52,Online,Completed
9daae7b8-c649-46a6-bb09-1d5969f733d5,ff4db0d8-e809-46e8-9ae0-78ffee4902d9,2025-04-04T10:16,7,42.77,Online,Pending
f313a6a7-3321-4354-ab5c-f939852d6844,4f6ae324-5b6d-47d6-a86d-26ec6fbe1e0e,2024-01-14T10:16,9,226.44,Card,Completed
ea9c7101-b132-48d1-90d4-17b0c1ecc027,b0d737cd-ec4b-4a88-aa81-d012ef3fb719,2025-03-01T10:16,4,62.28,Card,Pending
1cf7aa5c-965f-4e8b-9f4d-3d7230d57853,a938df5f-7764-459c-8bfd-90409d16b3c6,2025-05-12T10:16,7,135.45,Cash,Pending
77e47d12-22d1-47b5-ad10-b62654b84121,4bb2d776-14c0-4ef6-b8ba-c580cbed72b8,2025-10-16T10:16,1,9.39,Online,Pending
f05f07f6-cf11-4f66-81fb-21ab377d693f,6aaabc79-3d35-410f-bb96-f86a3930d0ff,2023-11-25T10:16,6,50.04,Card,Completed
ea66d9c8-cd28-4bdd-84e8-918868e1d92e,0fcf4084-ea31-49f8-99f9-9bf8c8b0c16b,2024-10-14T10:16,4,112.28,Cash,Cancelled
257be7e0-a43f-46b4-b607-c0f5e15e134f,b0d737cd-ec4b-4a88-aa81-d012ef3fb719,2024-04-05T10:16,9,64.62,Online,Pending
f705dec1-e715-449d-8aef-8d0a64f40114,0a570207-0f70-467f-bbeb-44a0a60a9a25,2024-08-25T10:16,8,101.92,Online,Completed
30091684-e7d4-4504-87c5-a1aaa86aeb41,d5cfb1a3-ce2f-4aff-ab4c-50e0c5426af1,2025-08-10T10:16,1,16.34,Online,Completed
7d8d9f80-0c58-4164-936e-fc427872ff78,c5817fdc-a4dc-4879-b957-30cfda62016b,2024-09-13T10:16,4,46.56,Cash,Pending
2d2b3afe-efa7-4bb7-b7dc-14db4a0a322e,885715b6-b1eb-44ca-8460-28c0343e56f3,2025-04-15T10:16,9,86.13,Card,Cancelled
0156f32a-3913-44ed-93fa-a099b9274c94,e12c3d24-86c8-474f-b86b-370df36adbfe,2025-02-08T10:16,4,48.12,Cash,Completed
ef94635d-23d3-44e6-a6bb-6ec2ce10aafe,e6e1db85-f8ba-4264-9c9a-520ecda4bc4c,2024-05-17T10:16,5,97.50,Online,Completed
b565ac66-b350-45e6-8896-28e6fd587019,6117b6f0-c4f4-4bf1-9eeb-f33950decba8,2023-12-28T10:16,6,174.72,Card,Pending
10ca6718-b8a5-4b25-9e73-288eb0aba700,e277d099-db2a-4aee-ab86-8b0e73a34383,2025-09-04T10:16,9,255.51,Online,Cancelled
75830180-96df-4169-96d0-c03bad340689,b014b56e-3263-4b63-8430-46e00bc5ea77,2025-03-07T10:16,9,238.95,Online,Pending
fb7f649f-0a80-416c-ab95-c20be3eded6b,39cb44e2-a541-4b98-bc0b-db5f31cf8710,2024-10-21T10:16,6,171.84,Cash,Completed
91e842ae-f771-49e5-afd8-e2f935e8d52f,8250871a-2b35-424e-a1a1-4eb4faffabfb,2024-04-08T10:16,8,195.28,Cash,Cancelled
4e0b4f72-b4d7-4cb9-b026-13cf23d51009,401a6911-a31e-4892-adc1-56e3e1eb090a,2024-12-01T10:16,9,97.38,Cash,Cancelled
97234698-c8ab-4528-adab-e26957a107a5,a302a1a8-c429-406f-abff-9f273aa0a4b5,2024-08-05T10:16,6,175.50,Cash,Cancelled
3c1d83cc-b0aa-4506-ab79-2c63d47486fe,4e44f26d-5455-405b-8fdb-63ab8b739ecf,2025-01-08T10:16,5,104.85,Card,Pending
39f39676-2275-4a41-9ac8-1d6ed13c40ca,726d71e2-70fd-4416-8568-78619c14a73a,2024-10-22T10:16,3,82.17,Card,Completed
052de2ba-dd97-4aed-9a32-e97df8c88141,824998a2-7592-4051-ab0b-d5e12743c93b,2025-03-13T10:16,5,26.55,Online,Completed
89ed7c24-374a-4514-b091-341d669897ef,0d463f72-c3a1-4a2b-8d0d-1721a0d1a06b,2023-12-03T10:16,4,37.56,Card,Pending
0587819a-90cf-4ee8-a9b8-1f6407fbec63,1a48aa9a-def3-481d-922a-94300aa97309,2025-01-30T10:16,5,63.40,Online,Cancelled
bc76da9f-5cce-453f-99e6-d739d11c4016,9fa382f0-8393-48db-ad30-43c953282401,2024-01-12T10:16,8,234.00,Cash,Cancelled
70883cc3-21a0-4c78-8b58-53147795f0e3,4e6807ca-aed8-4ec9-b1b0-0e3aba57efb1,2025-04-21T10:16,3,58.83,Cash,Pending
2af52f5e-ca22-45f1-b29e-20ade17b8feb,27e45431-1333-4ffd-a0c8-be56ffdc5d4e,2025-06-05T10:16,9,62.37,Card,Cancelled
5f79dc41-5726-432c-b230-327b0f6c52ba,c63bd277-c81c-40c5-8720-6ce916d653c4,2024-10-16T10:16,5,131.80,Card,Completed
5a589fb2-3dfa-426e-9bff-b8e8d2003728,205ea7f7-e714-45b8-a083-11247ff702a1,2025-09-21T10:16,1,19.83,Online,Completed
7e488f87-901f-4475-9a4c-3e307bf5c54d,14eace30-1ac2-411e-8eef-98e8f32a87fb,2025-09-30T10:16,1,8.28,Cash,Pending
aebc737b-edc5-4fdd-a9f2-51da75569aaa,0d463f72-c3a1-4a2b-8d0d-1721a0d1a06b,2025-09-14T10:16,4,52.36,Online,Cancelled
9d909ffe-ec06-401a-a1b3-9b445ffa60ca,d7af10ce-45c9-4fc8-8dd8-b1c5491aad5f,2024-08-23T10:16,5,56.55,Card,Completed
4deb6883-6822-47ca-95c9-6770611eae1e,f067e21d-d1d4-4e87-9cae-9753f5f9ccb6,2024-02-19T10:16,9,254.79,Card,Pending
9007d5e1-d2d3-4f89-8126-bf40f3a09c53,aac35608-9499-49c5-811a-a059e773c968,2024-07-29T10:16,5,45.00,Online,Pending
4f16f322-7740-41ab-bd72-f215dcaa2a37,3ab3404a-ee80-4ed2-8d90-a6f0dad14e48,2025-03-04T10:16,2,13.80,Cash,Pending
e8e4975a-38b6-49a6-be37-764a80a3dde2,59827b2a-ae17-44b1-bd6f-6f08718559cb,2025-10-21T10:16,9,83.97,Card,Cancelled
aaec729b-8ce5-41ab-9f15-54a451013071,6945f6f4-b8f9-4d04-90ff-e59ed705578e,2024-01-11T10:16,3,86.13,Cash,Completed
5d897738-d05a-45c2-bc99-6f9dddebced1,7d2df59f-386d-4aec-85a8-2443262a0cb4,2023-11-26T10:16,7,47.25,Card,Cancelled
3c50b286-5ceb-4697-b19f-b4c16af41a8c,77ca464a-fe0d-4dcc-8f08-3eb2f7b64f76,2025-08-19T10:16,1,9.35,Cash,Cancelled
8214f66d-c826-4a5c-88fe-cafb6339fadb,d5cfb1a3-ce2f-4aff-ab4c-50e0c5426af1,2024-09-02T10:16,5,107.20,Cash,Pending
b59da092-789d-4f13-99ef-37b117cbb01a,c46351bf-193f-49af-a5d6-456188837c3d,2024-02-09T10:16,5,45.75,Card,Completed
b8062bd8-0d54-40ec-8636-dbf87c25c6dd,b0d737cd-ec4b-4a88-aa81-d012ef3fb719,2025-06-03T10:16,6,161.40,Cash,Completed
6b223794-7fbf-4bdd-92c3-614b787070cc,7a18d550-38d0-40b2-84a7-547162e7e409,2025-01-13T10:16,7,206.29,Online,Cancelled
c7cfbf5b-f857-434d-8da1-267d6a8a5b8b,3910ab11-8758-4a4f-8a9b-c4f5df7413c4,2024-08-29T10:16,3,30.15,Online,Pending
194e74d3-773c-41a5-9750-62cb6faa1ee9,515fe1d2-d33a-4b9d-8c19-07e0cbe81a9a,2025-09-08T10:16,9,70.65,Card,Pending
6b6383f9-79cb-4055-8e56-5b56d563c392,4b14a58c-f1e4-40b6-888d-a88cd7055099,2024-07-29T10:16,2,18.78,Cash,Cancelled
e6cb6c0c-3faf-4454-b59f-4def05394fc9,7d2df59f-386d-4aec-85a8-2443262a0cb4,2025-01-19T10:16,9,231.12,Card,Cancelled
fe416700-5f10-4551-8e00-595368e030f0,8250871a-2b35-424e-a1a1-4eb4faffabfb,2024-07-25T10:16,7,92.61,Cash,Pending
3d76e3f7-d05d-4d83-bd97-04502a1aac05,0df3bae1-6384-4856-aa27-aef9f6c48b75,2024-03-03T10:16,7,164.92,Cash,Cancelled
f9b0bded-b8ba-43f3-98a0-89ac66ba9441,8887df7e-682b-4d48-b18c-c1ddfa0aaa26,2023-12-14T10:16,4,62.56,Cash,Pending
9c70854d-7d4e-4069-819a-907c91218557,000f9c8f-2fc7-4346-844d-c04f10751265,2025-01-23T10:16,7,179.20,Cash,Completed
d2d82e43-a846-4353-8441-9ab4f2b5c843,7c991f43-c18b-4404-8826-97691b0dc00c,2025-05-20T10:16,3,61.29,Cash,Completed
b9612d5b-f6b9-4165-ad31-dabf8b044182,a302a1a8-c429-406f-abff-9f273aa0a4b5,2024-04-21T10:16,6,102.00,Online,Cancelled
78f06782-c729-4599-af83-0dd1e7f1ed0c,f90cf3ca-e2d0-4129-bc7a-e8a2b80880da,2024-01-16T10:16,4,81.52,Card,Cancelled
2e7c21c1-1ba7-41c0-8e1a-baa40077b5dc,21edfc22-3f73-4335-a774-3cf78ab65e86,2024-03-09T10:16,1,23.04,Cash,Pending
f894e190-44b2-41c9-a9b2-e87d7a1b1167,941529ef-2114-4bff-907a-4596ff4593a1,2025-02-18T10:16,3,84.45,Cash,Pending
549aa503-ff6e-4452-b7d2-13d7b9b3f708,500fde18-ea61-4380-9ea4-f06d09985870,2024-10-06T10:16,2,12.88,Online,Pending
f4217a95-afaa-46ad-ad4a-f1818d11609d,0472ca7f-b133-4710-8f43-24a3c6c1afd1,2024-09-01T10:16,1,10.95,Cash,Cancelled
