order_id,restaurant_id,order_date,items_count,total_price_usd,payment_type,status
2d22acf1-1483-447b-b00f-0d8970d6dcf0,6e551d53-4f6d-4b84-a9de-3d7c79694805,2025-03-19T10:16,2,41.90,Online,Cancelled
8f2c64fe-07f4-4004-9072-8fb47af7cb4a,69446e90-4237-4410-ab55-e011eb04cce0,2024-09-18T10:16,7,77.91,Cash,Pending
b14ec38a-2018-4719-b86c-8876f542163c,6945f6f4-b8f9-4d04-90ff-e59ed705578e,2024-12-17T10:16,7,115.64,Card,Pending
b07dc7a1-e320-4f5d-b3d6-8536ec7112ab,a302a1a8-c429-406f-abff-9f273aa0a4b5,2025-04-09T10:16,9,62.82,Card,Completed
b39aea3f-23be-4ea3-ae77-88b3c97cffba,1d32c3b3-c732-4995-aa6b-ff159deb3bdf,2024-05-17T10:16,3,61.65,Online,Pending
e44a5ac4-351d-482d-b722-ca730f2a39a0,b95f7619-fab2-4df9-8683-1f2aeb93a660,2024-02-16T10:16,6,112.26,Card,Cancelled
667972cf-452c-4868-a283-297e7eb6c5be,f0a6a958-e434-41bf-a830-dffa55a34db5,2025-10-10T10:16,1,5.06,Card,Completed
87f94327-7ca6-4da3-b373-60fee5cd5d95,ada8704c-2784-4d70-84da-10078407d2c8,2025-10-14T10:16,9,115.11,Online,Cancelled
8d6fdcea-6757-4fa8-bb57-62052c2b0c5c,a190f67b-21df-46bc-8164-46bdfa00af85,2024-03-12T10:16,7,180.46,Online,Cancelled
28dfb98b-c2f4-492c-a756-f08fd2a84fe3,f90cf3ca-e2d0-4129-bc7a-e8a2b80880da,2024-12-24T10:16,6,114.42,Card,Cancelled
7510173e-034d-48b0-b347-d821d655a531,5f0f3def-9ff6-4282-ad04-001c4a769966,2024-07-14T10:16,8,155.52,Cash,Completed
0e5fbbb6-6f32-4f1c-82bb-8b4de60bce02,f0a6a958-e434-41bf-a830-dffa55a34db5,2024-06-03T10:16,9,137.70,Card,Cancelled
e52242a7-015a-4133-89b9-7cfded2b0cee,21edfc22-3f73-4335-a774-3cf78ab65e86,2025-08-27T10:16,6,59.10,Cash,Completed
c4fafb96-2858-46b1-9189-746039260888,935ebde1-5945-4673-886e-1a7a12cc2d4e,2024-08-06T10:16,2,48.72,Card,Pending
1b39ec12-7567-4aad-9374-a0e79d7270ce,e7991221-0de0-4ef8-aa9c-ca3b59197059,2025-07-26T10:16,1,5.29,Cash,Completed
559897dd-9c87-44a5-8b94-0ff70be03fb5,c46351bf-193f-49af-a5d6-456188837c3d,2025-08-25T10:16,1,18.88,Online,Cancelled
5d50f70c-ae81-4e6b-ad98-3404ea48e5cc,a3f626b9-cc27-4c04-8570-be79ab8bda4a,2025-06-20T10:16,3,16.68,Cash,Pending
7b5d85cc-a5f1-41e7-b17a-06cd7ddf49a9,3910ab11-8758-4a4f-8a9b-c4f5df7413c4,2024-02-11T10:16,6,97.56,Online,Pending
6ba52671-2682-4485-92ba-0975b2a814d7,c46351bf-193f-49af-a5d6-456188837c3d,2024-05-11T10:16,7,124.53,Cash,Pending
5144fc18-047a-4a75-a570-2c20e9172585,5d6f84a5-a4de-442e-99b9-b8ef714b4436,2024-03-05T10:16,2,49.24,Card,Pending
79974a74-09c4-4bfb-b9b9-72800f146715,6e6d2c67-f7fb-4a98-8f9a-4822259b25c4,2025-01-19T10:16,1,17.45,Online,Cancelled
59eac04a-a7d0-4b1b-91a8-3120fd7ab85c,f6c35464-33dd-44a7-bf84-071f2e427045,2024-09-01T10:16,3,50.07,Card,Completed
a1228d55-8d16-4df3-bb01-7fe5a0e69a56,d5cfb1a3-ce2f-4aff-ab4c-50e0c5426af1,2024-04-21T10:16,7,55.09,Online,Completed
ebdecfc2-41b9-4f16-98e1-650818cc580b,7c991f43-c18b-4404-8826-97691b0dc00c,2025-01-28T10:16,8,43.76,Online,Cancelled
cdc229b2-573b-4ecd-b735-20fe245e3b7b,b03f75c1-655f-4480-a2bf-1a0af806e96e,2025-09-08T10:16,5,144.30,Online,Completed
df166f61-0052-49d1-83c5-becf73e25171,52fbb114-83aa-432d-b2f1-f3e37a5c4754,2025-02-14T10:16,2,53.82,Cash,Completed
bad6534c-4354-4951-bb3a-21e1fd60bfee,f6c35464-33dd-44a7-bf84-071f2e427045,2024-05-20T10:16,7,37.94,Card,Completed
c6590027-1164-46d7-8e4b-a1e801e5c91e,058b9c75-b72f-4594-80d2-e41194ff7672,2024-05-09T10:16,2,15.48,Cash,Pending
a8dc3d5b-2b09-4e46-b889-dd6acbd3d2f4,65b2c0ea-6192-47fc-9286-2c1dd3ecefb1,2024-02-29T10:16,8,204.48,Card,Cancelled
3708fafa-5f97-4a9b-85c5-45b5c86040ef,6945f6f4-b8f9-4d04-90ff-e59ed705578e,2025-08-19T10:16,3,52.98,Card,Completed
749b2da1-cf69-48f8-b1a8-f61850ff4a87,941529ef-2114-4bff-907a-4596ff4593a1,2023-11-27T10:16,7,203.28,Cash,Cancelled
7c19565e-aeb3-4c0a-8f64-51bdf656cf07,6e551d53-4f6d-4b84-a9de-3d7c79694805,2024-05-01T10:16,8,220.56,Cash,Pending
a45f796f-33b5-419e-b84e-1f9c35f11172,21edfc22-3f73-4335-a774-3cf78ab65e86,2025-07-06T10:16,6,67.38,Card,Pending
ad55ed62-0e96-4ddc-9b5e-3237dde10ce4,6e551d53-4f6d-4b84-a9de-3d7c79694805,2024-11-10T10:16,7,92.40,Online,Cancelled
08f28f03-f2e3-455c-a78c-dbf8cf69e86e,f90cf3ca-e2d0-4129-bc7a-e8a2b80880da,2024-09-26T10:16,1,26.93,Card,Pending
f4ca5624-8ad3-4470-af47-e32d9284aa72,bb6bf39c-f455-4e08-a59e-1bdaaa91d4aa,2025-10-21T10:16,7,190.68,Card,Completed
1a4fff92-e725-430d-93a2-2ad98702e32d,cd50913f-8c99-4253-9134-0cf5fe5f300f,2023-12-11T10:16,6,51.06,Cash,Cancelled
d11ea1dd-2019-4476-8626-129dd2d5c0c4,1233cc27-7567-48e0-8dd2-6b0019506c2f,2025-05-23T10:16,2,33.84,Online,Pending
8354a8d7-6a0e-4f6e-86af-dcd4a20b3ed0,058b9c75-b72f-4594-80d2-e41194ff7672,2025-08-01T10:16,6,111.48,Cash,Pending
e12116af-9d30-4716-bc73-ecd210974a04,67c276b0-7be6-4f3c-bf86-c342095c8112,2025-11-04T10:16,8,214.96,Cash,Pending
96cbbd8b-1a6f-45e9-8df0-c4c838d332c4,bb6bf39c-f455-4e08-a59e-1bdaaa91d4aa,2025-05-03T10:16,4,76.48,Online,Cancelled
0e9763fe-3f70-4816-9b7c-afa1b92dd463,9c53f3f8-5b22-4d77-bd76-cfa6c70e443c,2025-01-26T10:16,2,52.82,Cash,Pending
617de987-3397-45ba-a613-7c1a57cf25b4,935ebde1-5945-4673-886e-1a7a12cc2d4e,2024-05-21T10:16,4,59.20,Card,Completed
41b07741-189e-4c98-a327-5e048274a895,205ea7f7-e714-45b8-a083-11247ff702a1,2025-02-03T10:16,4,50.72,Card,Pending
b0d3647f-347c-4607-a792-9c3a5071ea13,a302a1a8-c429-406f-abff-9f273aa0a4b5,2023-12-14T10:16,9,111.69,Online,Completed
247c441b-0487-43bb-b20b-b4c00d8055ff,1a31c678-d420-495a-aff3-0f1609514e1e,2024-08-02T10:16,1,20.11,Cash,Cancelled
da0a4622-b426-453d-a593-0331f98fb685,b3688304-b24b-416a-9bf4-c2b6aaeb59d3,2024-07-27T10:16,2,15.32,Online,Completed
e4a092af-e496-436f-b782-967c005473a2,0fcf4084-ea31-49f8-99f9-9bf8c8b0c16b,2023-12-09T10:16,1,5.07,Cash,Pending
67c8797f-b709-4bf9-a354-063a3bec0c2b,ec3490d2-e8da-47ee-ae12-0ca0b1d7a2bb,2025-02-02T10:16,8,124.00,Card,Completed
06aa2311-b3eb-476e-b9a2-fc7f31e01d70,8b115a34-224b-453c-be69-b53a7445b466,2025-06-28T10:16,5,123.60,Card,Pending
e0f5b8ad-519f-4adc-aa3c-887b479e655b,983d66ae-c8b0-46b8-8abc-26a1055cf729,2024-04-30T10:16,4,84.52,Cash,Cancelled
59d228c8-1554-4a51-8ffe-8feebfc85ba8,ef7fad1f-a86f-4ee1-95b4-ce1f339f0fa5,2024-04-22T10:16,1,20.66,Online,Pending
c4e10a69-0390-433e-a2e9-697f6e93e909,e6e1db85-f8ba-4264-9c9a-520ecda4bc4c,2024-10-30T10:16,3,82.98,Online,Cancelled
b524f071-f05d-4f47-bf21-72655ee62dbd,ebe19120-496a-47fa-87eb-2440212a3363,2025-10-02T10:16,6,134.40,Card,Cancelled
f0a9f081-f708-45c1-bbd5-87eb47b658f1,b0d737cd-ec4b-4a88-aa81-d012ef3fb719,2024-02-22T10:16,4,109.88,Card,Cancelled
9b94a17f-d311-4f5e-9c92-951c6af0e5ca,71f17b36-2c37-4cfa-bf8a-894fa94c0e9b,2024-05-22T10:16,1,27.21,Online,Completed
4db3eba5-c142-4f82-9b67-be6d53e95425,27e45431-1333-4ffd-a0c8-be56ffdc5d4e,2024-04-26T10:16,3,49.41,Card,Cancelled
62368e54-b987-4bc1-9c30-4dcc11cf433f,d5cfb1a3-ce2f-4aff-ab4c-50e0c5426af1,2023-12-30T10:16,8,145.84,Cash,Cancelled
330b3aa8-b2fa-438e-a70f-53684fdbdf2e,77ca464a-fe0d-4dcc-8f08-3eb2f7b64f76,2024-03-13T10:16,6,114.36,Online,Completed
4d049b6c-aaa0-4d63-8ac3-5dc125faca36,6945f6f4-b8f9-4d04-90ff-e59ed705578e,2025-02-25T10:16,6,52.68,Online,Pending
32f48be8-7269-4f64-99ab-d8fb292f0025,983d66ae-c8b0-46b8-8abc-26a1055cf729,2025-11-04T10:16,3,54.84,Online,Completed
b70f6175-1eb2-4cc1-b0a4-c681215880cc,fbe227d7-6d32-4407-9783-7fdac983e55f,2025-04-29T10:16,7,79.59,Cash,Completed
b4404f8f-2a2e-497f-a1aa-50cd561f1beb,795088d7-d227-422e-ad8c-f048bde0675e,2025-06-21T10:16,9,223.11,Cash,Pending
2b96223a-c0cb-44fb-b9d8-70273403f794,68169a66-a8d4-4763-914e-7befc826445b,2024-04-11T10:16,1,13.99,Cash,Completed
1e7cf856-28d4-42ac-b37d-ff08e5057cff,c3ffc43c-0c11-40fa-9824-f234161741d0,2024-05-22T10:16,9,197.64,Cash,Completed
5a975a42-4340-40f2-89cf-293747c66f31,77ca464a-fe0d-4dcc-8f08-3eb2f7b64f76,2024-02-05T10:16,9,138.15,Online,Completed
d599b413-bb2b-4044-9fc2-d66db7d04e5b,f067e21d-d1d4-4e87-9cae-9753f5f9ccb6,2025-02-08T10:16,4,32.76,Cash,Completed
7dbf6d38-a8d1-450d-88d8-82362c0b2fc0,00d7ae70-0f46-4453-963c-4ab2a3d29314,2025-09-15T10:16,1,20.34,Cash,Completed
3911801e-7b8d-4a8b-80a1-2b2de67a8c8a,9fa382f0-8393-48db-ad30-43c953282401,2025-07-20T10:16,5,82.30,Cash,Pending
3284efa1-f3f3-40f4-8480-9116748e098f,f6c35464-33dd-44a7-bf84-071f2e427045,2025-03-31T10:16,9,199.53,Cash,Pending
caec1071-3500-4389-89e9-3c3181fb3b36,4b14a58c-f1e4-40b6-888d-a88cd7055099,2024-02-29T10:16,9,130.50,Card,Completed
3bb66e63-fb5e-4555-8fd2-93cba85c2ae6,7169ef0c-f2c8-4ae3-83f6-87691664d2d2,2024-05-31T10:16,1,19.49,Online,Completed
5ce0d322-f472-4226-b487-3791be6db358,60cd80b6-3967-4dae-b4df-adc7b5644971,2024-10-08T10:16,4,45.04,Cash,Cancelled
96cc770c-0f81-4147-9955-6656a5d07de9,1407e9cf-22c9-4137-a2fe-cc12dc038235,2025-08-03T10:16,3,75.72,Cash,Completed
7c338155-baee-48a8-9676-494ce520b521,bb9edfa8-17f7-4f6f-8e3b-616693a298b1,2024-06-12T10:16,3,21.69,Online,Pending
90886deb-7a4b-4275-86ca-fd53e12f3f43,a938df5f-7764-459c-8bfd-90409d16b3c6,2025-09-13T10:16,2,31.02,Card,Pending
efa441ee-002d-44cb-bea5-fe88c38da2c9,ba5d9947-b043-4aca-8ee0-6b77895cf8e8,2025-05-04T10:16,6,42.84,Card,Cancelled
ed1f6f07-3297-47b5-9d52-7b4ec5a27071,8626238e-5813-415a-9a8c-db944b1e0269,2024-10-12T10:16,6,106.02,Cash,Cancelled
fb72fe31-83ac-4b80-baa8-60d871d06053,69446e90-4237-4410-ab55-e011eb04cce0,2025-02-05T10:16,6,147.36,Cash,Completed
b2fbdc4f-8da7-48c0-849a-2cbac726a24c,02c65c06-56ad-4670-b8e2-10ab417c7154,2024-06-28T10:16,4,54.20,Cash,Cancelled
7b6a9192-5af6-49b4-a576-bb42661cfb48,ba5d9947-b043-4aca-8ee0-6b77895cf8e8,2024-01-09T10:16,9,269.37,Online,Completed
25c8933c-9470-4ac9-9710-ff03e00c17d6,5f6e51da-5f01-4c9a-85dd-7d50ef37e5d7,2025-04-28T10:16,3,61.11,Card,Pending
8a7200c3-a85d-4b4a-a109-215cc38b0d7a,bf0de251-90d7-423c-8b31-48df1a89964f,2025-08-17T10:16,9,58.95,Card,Cancelled
5e976068-2150-4968-bb7b-63966aaa216b,26d032f1-9fe9-487a-987a-a8be14e1db05,2025-04-16T10:16,4,95.56,Cash,Cancelled
4526daf3-bafc-443c-886a-d083aed6d473,7509850a-5062-4da9-aad6-bc5b9e363ef1,2025-03-21T10:16,6,88.56,Card,Cancelled
81d909da-9fcb-4e38-b8bf-133e69964247,c0d74d86-5c5b-481d-b8e3-61eeb9c77255,2024-05-19T10:16,9,187.65,Card,Cancelled
64aecf3b-3ed6-423e-9306-172695ecdc3e,e38afcd9-9e08-47ba-bc92-5ebb4bc271eb,2025-07-29T10:16,5,37.85,Cash,Cancelled
7cde6f66-f08e-431f-bd6b-b48f66a63515,a190f67b-21df-46bc-8164-46bdfa00af85,2025-06-29T10:16,3,70.74,Cash,Pending
13d3ca2b-3edb-4464-9661-c77515ca420e,f90cf3ca-e2d0-4129-bc7a-e8a2b80880da,2024-06-20T10:16,8,117.28,Card,Cancelled
ad5cb881-e06b-4ad6-adef-b200479f6cf7,ff4db0d8-e809-46e8-9ae0-78ffee4902d9,2024-04-03T10:16,5,26.15,Card,Cancelled
4b0ac21b-44dc-44f2-86d6-19a55df28e22,2c6dafc9-06cc-4b3d-8b8d-12aae0644c58,2024-01-17T10:16,1,6.57,Online,Completed
c518ae6c-94c0-4397-a75c-3ff0378f3c0e,1eeb9c5f-5b7a-47af-b4f1-5a50d9d1089c,2025-09-17T10:16,6,35.40,Cash,Completed
dcb9f6fe-f8dc-4e0a-ba41-60f4306384cc,2a109685-1399-4149-8951-fba29bb0360d,2024-06-28T10:16,2,24.72,Online,Pending
82b25b3e-51d1-4902-914d-ae1f3506c519,6117b6f0-c4f4-4bf1-9eeb-f33950decba8,2025-03-01T10:16,1,12.37,Card,Cancelled
813f019b-112c-44fd-b25d-f93404386dcc,62a2bfef-ca4a-4dec-90ea-bf15ea1880d2,2024-03-30T10:16,4,54.44,Cash,Completed
72f2817c-76d1-4564-af42-90d112a40688,8113211c-bdc3-4bb0-94d9-3fd3871f3005,2025-09-11T10:16,1,12.46,Card,Pending
9c0bc0dc-be23-42b6-8be1-63740e8aae46,515fe1d2-d33a-4b9d-8c19-07e0cbe81a9a,2025-05-15T10:16,8,43.04,Online,Completed
07b97f00-e39e-422b-8d71-b2ce13c36c9b,8f7f530b-bb30-4a05-b437-744ed30af54f,2025-01-16T10:16,7,154.21,Cash,Cancelled
4efff3e9-5b66-4b0d-99ca-088540427510,6f61ca8e-51a1-48e0-abfa-88326e713e34,2025-01-20T10:16,8,97.12,Card,Pending
d862b53c-eca8-468c-93b2-3358d314a25e,f067e21d-d1d4-4e87-9cae-9753f5f9ccb6,2024-09-11T10:16,3,68.94,Card,Cancelled
ff45b3ba-17ae-4312-9768-38834404c66e,56a75a3e-a944-4147-8cba-f1024726993f,2024-02-18T10:16,2,55.62,Card,Pending
82b2c7ab-aeb7-4587-adc5-a97318c541e7,e12c3d24-86c8-474f-b86b-370df36adbfe,2024-11-26T10:16,4,87.36,Online,Cancelled
05cddcfc-5bd7-49e2-aabb-47f07a9800ca,ada8704c-2784-4d70-84da-10078407d2c8,2024-04-20T10:16,6,101.28,Card,Completed
4df2a806-d9fe-4116-953d-9d4abae11bd5,8e1bbe6c-7b75-46dc-8ca1-0b1664cd6ae4,2024-03-22T10:16,7,193.62,Card,Completed
66d4df2f-1e74-48cf-92c9-dcc3394748e6,7a18d550-38d0-40b2-84a7-547162e7e409,2025-02-26T10:16,3,19.05,Card,Cancelled
77cbeca3-cc48-4331-8679-27972aa892ca,ef7fad1f-a86f-4ee1-95b4-ce1f339f0fa5,2025-11-10T10:16,6,164.82,Card,Cancelled
cd8f942c-d053-4140-8d26-76f67899a76e,b047b369-02d0-4f25-9af0-f1e883228863,2024-06-07T10:16,1,11.18,Card,Pending
e7060e22-4050-46d5-84de-c3d8f149a625,ceafdb2a-788d-48e0-acdd-bd533a2e7ab6,2024-04-28T10:16,1,27.41,Card,Pending
2b4535da-4002-491d-9db1-24d4b97795f1,39cb44e2-a541-4b98-bc0b-db5f31cf8710,2025-01-25T10:16,4,90.28,Card,Completed
be361bc1-6e20-4d60-92e4-a14228490e0d,aff4340c-d102-49ba-af8e-84d2737ce82c,2025-03-07T10:16,1,12.85,Card,Pending
b177ee8b-c24a-43d1-8a63-5b5a52066516,4f6ae324-5b6d-47d6-a86d-26ec6fbe1e0e,2024-04-24T10:16,4,56.84,Online,Cancelled
d5cf0d52-f0ae-4856-9512-25f0d01dc186,59827b2a-ae17-44b1-bd6f-6f08718559cb,2024-04-13T10:16,3,81.57,Card,Pending
d00a6e7a-0f6b-4853-a17a-4696d13019df,98b17fed-218c-4f20-8410-9f0edfc74455,2025-03-16T10:16,9,250.65,Online,Cancelled
39344fd1-2df1-4320-bbcb-789941dbb6e8,d3f641e5-b8b5-4f5f-9155-7768df2033e8,2024-11-19T10:16,8,162.80,Cash,Completed
fdd444ce-72f9-4fb1-8b2e-9408156155ef,53db1213-7316-47bb-9099-c1def0e3c96b,2024-09-27T10:16,6,87.42,Cash,Pending
0929b18e-07a3-4e66-8730-33920856b2f2,f0a6a958-e434-41bf-a830-dffa55a34db5,2024-03-30T10:16,9,168.66,Online,Completed
b0948b93-33b4-4d76-8feb-0907e2147c7c,515fe1d2-d33a-4b9d-8c19-07e0cbe81a9a,2025-05-24T10:16,5,73.15,Cash,Cancelled
5b045c5a-09f3-41f1-b19a-89333d22cc45,6117b6f0-c4f4-4bf1-9eeb-f33950decba8,2025-02-06T10:16,4,53.56,Card,Pending
83a60e9a-b69b-4a93-ab10-8ddce11102fc,6117b6f0-c4f4-4bf1-9eeb-f33950decba8,2025-03-30T10:16,9,143.46,Cash,Pending
23b733ec-0535-4a73-b4f2-ac6b064f9bd8,0a570207-0f70-467f-bbeb-44a0a60a9a25,2025-08-15T10:16,9,180.09,Cash,Completed
2d29067c-b33f-4db1-a115-0ddb5ae9e20c,67c276b0-7be6-4f3c-bf86-c342095c8112,2025-04-06T10:16,5,97.70,Online,Completed
0242a556-a2f5-4c5a-b790-e87065d6f49a,8113211c-bdc3-4bb0-94d9-3fd3871f3005,2024-06-28T10:16,6,82.50,Cash,Completed
3c11dc15-b4d5-4d26-b743-71b526a16032,8626238e-5813-415a-9a8c-db944b1e0269,2024-06-19T10:16,7,153.86,Card,Cancelled
7fd06b79-1890-4134-8fa6-0a90ddd034df,6f61ca8e-51a1-48e0-abfa-88326e713e34,2024-09-24T10:16,7,161.28,Cash,Cancelled
89ff3cf0-11c1-4288-a088-322fdf4cb191,3befa4dc-d961-4a3a-9410-d43d1bdaa335,2024-03-09T10:16,7,72.59,Cash,Cancelled
12d986dc-3222-45b5-be6f-aefbc6e3392b,59827b2a-ae17-44b1-bd6f-6f08718559cb,2025-07-08T10:16,4,103.32,Card,Cancelled
c2f58732-b84c-43c4-81fa-40d32f8df260,1407e9cf-22c9-4137-a2fe-cc12dc038235,2025-06-04T10:16,7,209.02,Card,Completed
e9d2adb4-6c4d-43fc-a527-0219af19a749,9fa382f0-8393-48db-ad30-43c953282401,2024-09-03T10:16,4,108.44,Card,Completed
4f341c12-ce91-498f-833d-f63e36462991,b047b369-02d0-4f25-9af0-f1e883228863,2024-12-24T10:16,4,75.72,Card,Cancelled
b64f4a7a-2bdc-46f9-b37a-5613f8d133f1,e7991221-0de0-4ef8-aa9c-ca3b59197059,2024-10-28T10:16,8,219.76,Cash,Pending
6ca3f48d-59ef-475c-ae3a-69fca4ccd2a4,67c276b0-7be6-4f3c-bf86-c342095c8112,2023-11-29T10:16,3,21.21,Cash,Pending
e66fbbd3-eaa8-4c03-9f5b-f1d673ccaeee,23650eb4-f98d-45a3-a90b-a378f03d469d,2025-02-06T10:16,4,42.68,Online,Completed
0f9b62dc-ca0e-4740-8685-e6e99ee893e8,a938df5f-7764-459c-8bfd-90409d16b3c6,2024-03-26T10:16,8,189.60,Online,Pending
b8e02088-7d53-42a6-8ee2-5038b7f43e0f,b04ce307-2d1f-4214-b023-d8f4379041a1,2024-03-25T10:16,3,38.70,Online,Completed
86970192-a57d-4b98-84c1-60e57d8d394c,c3ffc43c-0c11-40fa-9824-f234161741d0,2025-08-23T10:16,8,168.88,Online,Cancelled
d59e784d-1704-44e3-b6b9-cd19cc5e0a31,e38afcd9-9e08-47ba-bc92-5ebb4bc271eb,2024-01-26T10:16,1,25.47,Cash,Cancelled
1e7b7c76-b4f8-467c-bd25-73984b9cc200,9c53f3f8-5b22-4d77-bd76-cfa6c70e443c,2024-04-18T10:16,8,77.76,Online,Pending
5d18fd99-8527-4145-a98e-cb671963598c,f0a6a958-e434-41bf-a830-dffa55a34db5,2025-03-22T10:16,7,182.00,Cash,Cancelled
ac2c84ee-5a9b-4247-8b29-ea4eb3b0b5bd,0b2a0e9a-e050-4380-b607-57adcbbf59d4,2025-07-05T10:16,4,30.88,Online,Completed
7113d79d-b027-41cd-825a-1dd3b62fd5a4,f3826f04-0dfa-4266-8002-58fede0093f5,2025-01-25T10:16,1,26.02,Cash,Pending
5a8adcf2-396c-4c64-8bdb-3f65aba238cb,dcfb3d05-846d-4915-99f3-ebbc7559d972,2024-11-13T10:16,4,82.36,Card,Completed
4139b33f-5888-40db-8cba-70ded9b74f5e,5400d214-6176-40bf-88d2-3f53ed38bf69,2024-11-18T10:16,5,124.10,Cash,Cancelled
5393532c-118a-4a16-b5bf-8ec2f8c40249,59827b2a-ae17-44b1-bd6f-6f08718559cb,2025-11-03T10:16,6,94.56,Online,Completed
00e7c936-985c-4e8e-b45b-4f9ff4249c15,cd50913f-8c99-4253-9134-0cf5fe5f300f,2023-12-12T10:16,4,114.52,Online,Completed
1de32f38-e2d4-4dda-a33d-bbdd962eb15c,6b1178fc-1745-401d-88da-3903c243ebe9,2023-11-19T10:16,1,14.49,Card,Cancelled
a9cc3980-521e-45b0-ab2a-d04a82a16ea4,b0d737cd-ec4b-4a88-aa81-d012ef3fb719,2023-12-08T10:16,9,184.32,Card,Cancelled
726704ca-e421-4f61-b330-39d75d7294d6,c46351bf-193f-49af-a5d6-456188837c3d,2025-06-06T10:16,6,90.72,Card,Pending
cbea27b3-66ee-48b9-8aa9-359e1d0cddbf,6117b6f0-c4f4-4bf1-9eeb-f33950decba8,2024-03-01T10:16,5,53.50,Card,Pending
5ffcf11f-56fe-4690-9dfe-195788d78ad6,c83bba2f-5229-4998-9566-1f3179b13e8a,2024-06-09T10:16,4,33.60,Cash,Cancelled
55eac76d-ae14-4e44-9921-e858786311b5,1a48aa9a-def3-481d-922a-94300aa97309,2024-12-27T10:16,5,30.10,Online,Cancelled
7375e10e-9960-44b6-9d8d-31de997d4020,cf65c4b6-4c1c-420b-95de-23e5b56ffad5,2025-07-30T10:16,2,55.40,Online,Pending
b64fc7f9-39f9-40bb-a870-52b77f76787c,52f5634d-de98-4543-8a1e-cbf1e2d0242f,2024-09-20T10:16,7,84.56,Online,Completed
cc1837a0-8533-4cf5-bb68-985eb4fb94be,b047b369-02d0-4f25-9af0-f1e883228863,2024-09-24T10:16,9,88.47,Cash,Completed
15290647-2ece-4dbc-b386-f85ff277e20d,60cd80b6-3967-4dae-b4df-adc7b5644971,2025-09-06T10:16,7,94.01,Online,Completed
b76839f4-613d-4a4c-9117-9c9099ed040c,6b1178fc-1745-401d-88da-3903c243ebe9,2024-09-19T10:16,9,251.82,Online,Pending
1a776b47-7a53-42d9-a46e-52a8360b9b52,99c406e7-092b-4eeb-bc08-56fc041c253d,2025-10-20T10:16,9,68.40,Card,Completed
1efa5034-7de7-4460-badb-15999073d611,2c6dafc9-06cc-4b3d-8b8d-12aae0644c58,2024-08-24T10:16,1,16.21,Cash,Completed
b600f6e8-8b9c-496c-b889-637c6caaa8af,e277d099-db2a-4aee-ab86-8b0e73a34383,2024-06-14T10:16,6,144.72,Cash,Pending
edbc41cb-e6a1-463c-aee3-76584111eec6,1d32c3b3-c732-4995-aa6b-ff159deb3bdf,2025-03-17T10:16,6,167.52,Cash,Completed
bfbbe88c-fc11-4bc9-9d23-d97580e874c1,4e6807ca-aed8-4ec9-b1b0-0e3aba57efb1,2025-01-06T10:16,9,64.80,Cash,Cancelled
8edbcfcd-b2af-4912-aa3b-d7c07393b47b,b90a3a7f-421e-47e5-8598-fe50f365a62e,2023-11-21T10:16,7,166.04,Cash,Pending
7f76b509-f5c1-4bbe-bb24-b79877c79786,d6d4ef4b-0870-48aa-b884-013237f255f4,2024-02-03T10:16,5,95.55,Cash,Pending
41b5ccce-39cc-445a-b7c0-5649a0afe762,205ea7f7-e714-45b8-a083-11247ff702a1,2024-07-18T10:16,5,127.60,Card,Cancelled
469441ff-6ae6-4004-a336-4af7d198d0f2,6e6d2c67-f7fb-4a98-8f9a-4822259b25c4,2025-09-23T10:16,9,134.82,Cash,Pending
3274e792-6fe8-4bdd-bf0d-00eed14d0c92,7169ef0c-f2c8-4ae3-83f6-87691664d2d2,2024-07-26T10:16,9,95.67,Online,Cancelled
f818906d-43b0-4d02-8f48-569eda5b49d6,d6d4ef4b-0870-48aa-b884-013237f255f4,2025-07-16T10:16,9,211.41,Online,Pending
cd2446a3-28d4-4519-9a46-0ad1f2d26763,6c6a3b10-9747-4dca-a041-4edc22d147b0,2023-11-29T10:16,1,17.05,Cash,Completed
19023e3a-38b1-477d-a8ea-da497d065424,c5817fdc-a4dc-4879-b957-30cfda62016b,2024-04-11T10:16,3,43.68,Online,Completed
0b2320dd-23d0-45bf-a299-ac2c5e0db995,bb6ceda0-3f7a-4dfa-9862-41a88dd468b2,2025-01-22T10:16,2,11.42,Card,Cancelled
19a55145-c4b4-4e7c-acc3-dd0c2450b2bf,ff4db0d8-e809-46e8-9ae0-78ffee4902d9,2025-05-11T10:16,2,27.84,Online,Pending
37599e79-d8e0-4bf6-a4d9-e650f8f46169,e85d0261-2d97-4475-a749-363ec9040a74,2025-03-03T10:16,5,76.30,Cash,Pending
6822e4b2-baa6-47bd-aa8e-7e3025bad6d8,ff4db0d8-e809-46e8-9ae0-78ffee4902d9,2025-04-29T10:16,5,69.40,Online,Completed
179807b0-e98f-4816-a126-698fd68b9c38,62a2bfef-ca4a-4dec-90ea-bf15ea1880d2,2024-05-02T10:16,6,65.64,Cash,Cancelled
770efb0c-b4ef-4fb4-a738-b43fe1549a6f,f90cf3ca-e2d0-4129-bc7a-e8a2b80880da,2024-10-02T10:16,5,103.65,Card,Completed
e8235c17-1c24-497a-8957-5f7e7b5221eb,53db1213-7316-47bb-9099-c1def0e3c96b,2025-05-11T10:16,2,11.74,Online,Cancelled
27b5596b-0f76-4466-b902-57cad09d6e4d,c5817fdc-a4dc-4879-b957-30cfda62016b,2024-12-15T10:16,8,215.60,Cash,Pending
f212408e-1acc-475a-ad38-0eb961acc339,cd50913f-8c99-4253-9134-0cf5fe5f300f,2025-02-16T10:16,9,222.57,Card,Completed
4dc5ab47-0ee8-43f3-82d6-db94f53a9c06,0e0d5f13-edd5-4ab0-9ddd-3df111bedc5a,2025-01-18T10:16,6,65.16,Card,Cancelled
4acec8a1-057c-4a67-b80c-59983b1fc5a1,fdb5454e-2230-489e-ade4-9218ff28cbd8,2025-03-15T10:16,3,85.98,Card,Pending
fa121e6d-c77f-470b-88f2-2cc35511e623,8f7f530b-bb30-4a05-b437-744ed30af54f,2024-06-01T10:16,5,112.40,Card,Completed
fedec438-1f42-4d61-90be-bccdc33e0eab,06e585f0-5b60-4900-81d1-3379328e6c17,2025-02-21T10:16,9,67.50,Cash,Pending
e2d319ea-3c1b-472a-87dd-2990c5da5685,b3688304-b24b-416a-9bf4-c2b6aaeb59d3,2025-05-06T10:16,6,179.04,Online,Completed
15cb94f4-f87b-44aa-970f-4dbd820b8b9b,0130fcd4-a6cf-4a72-8400-7bcae1abce34,2025-03-30T10:16,3,15.66,Card,Cancelled
8a8d806e-4b82-4751-b270-62021b696898,b95f7619-fab2-4df9-8683-1f2aeb93a660,2025-02-20T10:16,8,223.20,Card,Completed
f2f32254-4951-4ac1-9732-7458ab226635,5f6e51da-5f01-4c9a-85dd-7d50ef37e5d7,2024-07-02T10:16,3,65.67,Online,Cancelled
61443244-22cf-4379-a975-34745c8cdead,27e45431-1333-4ffd-a0c8-be56ffdc5d4e,2025-06-13T10:16,8,80.32,Cash,Cancelled
eae6acdd-b51d-4cff-88d9-da87aabdf9df,428424b7-1f94-496a-8b7a-497ce177d32c,2023-12-31T10:16,5,98.30,Card,Pending
9e81c069-266a-46e2-867c-3e0d608027f8,2c6dafc9-06cc-4b3d-8b8d-12aae0644c58,2025-08-22T10:16,4,34.72,Cash,Pending
52b0e838-730c-4d61-99f9-547b7e6aa2c9,f90cf3ca-e2d0-4129-bc7a-e8a2b80880da,2025-09-10T10:16,7,168.49,Cash,Completed
61c7e03a-d0f0-44b3-979a-8cf987e5fff3,a302a1a8-c429-406f-abff-9f273aa0a4b5,2025-01-22T10:16,1,6.15,Online,Cancelled
bcda4cc1-7340-4fb2-a77f-b97615cfb36b,bb9edfa8-17f7-4f6f-8e3b-616693a298b1,2024-01-04T10:16,7,176.75,Cash,Completed
bd0cfaf2-63e0-4f14-82f7-a93bd12bacb0,0472ca7f-b133-4710-8f43-24a3c6c1afd1,2024-07-14T10:16,7,134.33,Online,Completed
4e6bcd5c-acea-4b97-899b-fb8c4d13ad01,885715b6-b1eb-44ca-8460-28c0343e56f3,2025-01-19T10:16,4,108.92,Card,Pending
3abd7ce5-a8da-48e8-aaff-4c80ef7860c0,f0a6a958-e434-41bf-a830-dffa55a34db5,2024-07-31T10:16,3,81.75,Card,Completed
a945f1b5-58fe-4711-a8c7-2b753a2deb50,5f0f3def-9ff6-4282-ad04-001c4a769966,2024-03-14T10:16,7,125.93,Cash,Cancelled
e77c2aa6-2d8a-4e45-97e1-caf147678725,c63bd277-c81c-40c5-8720-6ce916d653c4,2024-11-14T10:16,3,61.62,Card,Completed
6d052f11-6511-4582-bc5a-76203ab1060e,bc58b12c-65c4-4f21-89ef-3e492a22ef7c,2025-03-16T10:16,9,199.53,Card,Pending
2f5fb3b4-ae4d-43bf-87eb-a782531c16b7,a302a1a8-c429-406f-abff-9f273aa0a4b5,2024-08-22T10:16,1,29.18,Card,Completed
816abf05-a9ab-4ef1-a54d-1c8cd01193cd,824998a2-7592-4051-ab0b-d5e12743c93b,2024-01-29T10:16,7,70.70,Card,Cancelled
6c7c440a-f506-4d1d-8a57-1fafd2517779,0130fcd4-a6cf-4a72-8400-7bcae1abce34,2024-01-04T10:16,5,25.60,Card,Cancelled
13f8934e-7b83-44db-9d10-db0ab280334d,3e97fc93-73a7-45e0-9888-f7a03ee258a7,2024-09-06T10:16,8,113.92,Card,Cancelled
8e4c29b1-c9ae-48a8-a394-d0ff3779ffff,6e551d53-4f6d-4b84-a9de-3d7c79694805,2025-08-08T10:16,8,175.04,Cash,Cancelled
0dcf0109-8c4a-44c3-9ec0-d679c7f85e12,2ca088cd-c6c6-4e60-a1a4-d2990ee21b12,2023-11-23T10:16,8,205.60,Card,Cancelled
10e71084-bf4d-4bb5-8a7e-8d56ce7ae23e,74e76582-f1b8-4560-b049-8aebb59d4721,2023-12-13T10:16,7,146.16,Card,Completed
00a2c7e4-26ef-40f4-87d4-ec26dae88986,000f9c8f-2fc7-4346-844d-c04f10751265,2024-03-07T10:16,6,144.78,Cash,Pending
79980ffe-be72-4124-8117-8736e5108355,a190f67b-21df-46bc-8164-46bdfa00af85,2025-04-08T10:16,5,33.60,Cash,Completed
c80175ad-8943-487b-b8b7-96039ea13cd5,0472ca7f-b133-4710-8f43-24a3c6c1afd1,2025-03-02T10:16,6,76.26,Card,Cancelled
eea6dcea-f36b-43f1-b89d-7e266749d1f1,53db1213-7316-47bb-9099-c1def0e3c96b,2025-08-03T10:16,1,22.07,Card,Completed
1d990103-5bd9-48f4-9b7d-b92328a20b50,a190f67b-21df-46bc-8164-46bdfa00af85,2024-05-23T10:16,2,28.98,Cash,Completed
5dee3c5a-8b15-4e56-ab4b-3c3fdad801bd,1a31c678-d420-495a-aff3-0f1609514e1e,2025-07-10T10:16,2,12.84,Card,Pending
fb79894b-b407-43c1-81dc-af836e5cf513,2ca088cd-c6c6-4e60-a1a4-d2990ee21b12,2025-01-21T10:16,4,87.84,Card,Completed
a5ac0ee1-0e3d-4cd0-826e-9c75b0427a27,4b14a58c-f1e4-40b6-888d-a88cd7055099,2025-09-02T10:16,9,124.02,Online,Pending
11b16183-d013-4f9f-bd6e-63317ebad48c,d6d4ef4b-0870-48aa-b884-013237f255f4,2025-03-23T10:16,4,24.92,Card,Completed
637c5404-f97b-45a4-a66b-cdf02c4d4129,ef7fad1f-a86f-4ee1-95b4-ce1f339f0fa5,2024-12-14T10:16,7,174.72,Card,Completed
65063c71-6eae-4d99-b336-0c1f7d4e6411,2ca088cd-c6c6-4e60-a1a4-d2990ee21b12,2025-09-26T10:16,6,119.94,Cash,Pending
35efc5e4-a71c-4599-9a05-a6a9116f8b77,67c276b0-7be6-4f3c-bf86-c342095c8112,2024-06-24T10:16,1,24.82,Cash,Cancelled
47e091d6-1378-45fa-8e11-32b9b051952e,9b9edd1e-b4f7-414c-b8b5-a3dc51fa0a8c,2024-10-05T10:16,6,132.24,Cash,Completed
ed57e2a9-bdd6-4b41-8ddd-3c75ca4b6c03,ebe19120-496a-47fa-87eb-2440212a3363,2025-06-11T10:16,1,24.71,Online,Completed
74da266b-18c8-4622-957c-9161bf7b2803,c63bd277-c81c-40c5-8720-6ce916d653c4,2025-03-04T10:16,4,29.32,Online,Completed
dada6ec0-7244-46d6-887f-23296c141684,e12c3d24-86c8-474f-b86b-370df36adbfe,2024-10-05T10:16,9,231.57,Card,Pending
d1be7583-0454-4928-948c-0b1266bfa8b6,b95f7619-fab2-4df9-8683-1f2aeb93a660,2024-06-09T10:16,6,57.06,Card,Cancelled
acd4a639-444d-4e3e-8fde-288695869334,7d2df59f-386d-4aec-85a8-2443262a0cb4,2025-03-21T10:16,7,119.56,Card,Pending
83366f5f-cca0-4eb2-9fe1-1547128e833e,0a5a9fc7-e126-48f0-99aa-dea85c606f66,2024-08-01T10:16,3,65.52,Card,Pending
d3cd10bd-e31d-4c84-9bb5-dbd877a4e55a,b03f75c1-655f-4480-a2bf-1a0af806e96e,2025-08-28T10:16,8,201.84,Online,Cancelled
e83328cf-8413-4285-b59a-5893a583e5fc,0472ca7f-b133-4710-8f43-24a3c6c1afd1,2024-09-27T10:16,8,62.00,Card,Pending
6e6cd0b4-3be8-45d8-a431-5333dbb343a6,910b1d47-5c37-48b1-8bde-96c60660f1d7,2024-05-22T10:16,2,16.58,Card,Cancelled
49b6b1e9-9c33-45ef-8239-cfb455010d6f,d7af10ce-45c9-4fc8-8dd8-b1c5491aad5f,2023-12-24T10:16,4,100.52,Cash,Pending
c0b82197-7d65-4217-b876-b3ee1583701a,e12c3d24-86c8-474f-b86b-370df36adbfe,2024-08-23T10:16,9,263.97,Card,Pending
002174cf-f8c1-4063-b563-7e08ad1bf5c6,795088d7-d227-422e-ad8c-f048bde0675e,2024-07-11T10:16,2,13.98,Cash,Cancelled
c06761ad-ff14-4833-9aae-588f2155c0da,a938df5f-7764-459c-8bfd-90409d16b3c6,2024-04-10T10:16,8,210.32,Online,Cancelled
eef92a83-b6d6-4d1b-b31e-6c7d94e377d9,0a5bd884-b432-4ce5-b14e-44b4aedd4c0f,2025-02-27T10:16,9,253.26,Card,Completed
4af9ff78-569f-44d1-8a0d-5957e51dbcd9,10b26c2d-7d56-4175-84a8-a2775e128a9d,2024-08-06T10:16,6,151.80,Online,Pending
91ea50b7-9c8e-4b76-bd74-ac43645222b0,63846b60-b7be-4087-ac6e-56c9bc130a20,2025-06-06T10:16,1,13.34,Card,Cancelled
da7745ff-31c0-4f9b-be19-58bdfeb992e5,36b880b0-e9bd-4c0b-8f1c-32018f6c758a,2025-09-19T10:16,4,43.96,Cash,Cancelled
6f262130-84eb-4eb5-abaf-8ec93463b4fd,60cd80b6-3967-4dae-b4df-adc7b5644971,2024-04-12T10:16,5,91.30,Online,Completed
4ffab38f-e191-4038-b1f8-4de413bedaab,26d032f1-9fe9-487a-987a-a8be14e1db05,2025-04-22T10:16,9,188.82,Card,Pending
124de348-40d7-4a96-b74c-5e0d6cd3a76c,62a2bfef-ca4a-4dec-90ea-bf15ea1880d2,2025-08-05T10:16,9,45.36,Cash,Cancelled
95c7d8b9-fbc2-495e-ad35-0bc831f75ad5,80537cf2-360f-4740-8b7e-d4cd56e22987,2025-09-11T10:16,6,138.06,Online,Cancelled
da11cd18-786b-4f97-9997-f81e1377520f,26d032f1-9fe9-487a-987a-a8be14e1db05,2025-02-04T10:16,4,100.64,Card,Cancelled
73e2953c-6b0f-4eee-85e2-0c0b24b9b056,a3f626b9-cc27-4c04-8570-be79ab8bda4a,2023-11-25T10:16,4,76.56,Card,Pending
814814ee-4850-47bc-bfda-c3999b4bd75b,c0d74d86-5c5b-481d-b8e3-61eeb9c77255,2025-01-27T10:16,4,110.28,Card,Cancelled
64ab1534-de38-46ab-8a2f-e1cbe3f41350,bc58b12c-65c4-4f21-89ef-3e492a22ef7c,2025-09-04T10:16,2,59.68,Cash,Cancelled
ccf5eee1-975e-47c1-a95a-a5f7d7d3d11a,d5eaf6a7-76cc-48ec-98d9-ba713e2df70f,2025-01-15T10:16,8,128.24,Card,Completed
a8568e4f-2da4-4065-ba15-42a8685097e8,6c6a3b10-9747-4dca-a041-4edc22d147b0,2025-09-01T10:16,8,95.84,Card,Cancelled
0eca9c55-c2b4-404c-821f-65e3c476b07e,74e76582-f1b8-4560-b049-8aebb59d4721,2024-05-03T10:16,3,44.19,Online,Pending
6c7d93e3-c519-49f6-aa27-cd380b886b2e,515fe1d2-d33a-4b9d-8c19-07e0cbe81a9a,2025-02-09T10:16,7,176.33,Cash,Cancelled
820921a7-36df-4b8f-8b2e-1190220812fe,1233cc27-7567-48e0-8dd2-6b0019506c2f,2023-12-13T10:16,2,57.52,Card,Cancelled
53140e76-f465-436a-8b33-4c3098f10620,7d2df59f-386d-4aec-85a8-2443262a0cb4,2025-06-10T10:16,7,57.61,Cash,Completed
54c11254-dedf-4974-af91-7dab2593ce0f,e119f98a-df63-41dc-8e01-bb49ca2dc724,2025-06-20T10:16,5,69.00,Cash,Completed
7f79a93f-fc16-40dd-93d6-9663993a21b6,9b9edd1e-b4f7-414c-b8b5-a3dc51fa0a8c,2025-06-14T10:16,7,156.73,Cash,Pending
c77e1616-7e80-4afa-9f77-60d5c6bff37a,4e44f26d-5455-405b-8fdb-63ab8b739ecf,2024-12-16T10:16,5,104.55,Cash,Cancelled
7b1588ab-edb9-49a7-8df8-71dfc9cedd46,bc58b12c-65c4-4f21-89ef-3e492a22ef7c,2025-11-06T10:16,2,30.16,Online,Cancelled
d0dd1e8d-60a5-480b-b04f-1139e46f5870,515fe1d2-d33a-4b9d-8c19-07e0cbe81a9a,2025-05-26T10:16,9,90.99,Cash,Cancelled
37905847-cff2-4162-aa73-81a198532846,7a18d550-38d0-40b2-84a7-547162e7e409,2024-08-20T10:16,3,46.80,Card,Cancelled
848fbded-f04d-4720-bbf6-78f10d6e218e,953417c6-cd52-45e9-9ca0-bb450653c934,2023-12-20T10:16,2,16.74,Card,Cancelled
f3827b0d-97f8-4c1a-87e4-ca77f38f6c15,6117b6f0-c4f4-4bf1-9eeb-f33950decba8,2024-09-24T10:16,7,37.94,Card,Cancelled
99c3530a-e31e-4b94-bf1c-d5cc685b6f2b,6bd388d4-5636-450b-bacd-55bdcb769bab,2025-01-02T10:16,3,24.06,Cash,Completed
83bac4bd-81c7-4de8-b1f2-294277892291,49af098b-bf79-4643-8e49-739ea932d38b,2024-09-03T10:16,1,24.30,Online,Cancelled
d8122374-36a5-4092-b61e-da09985e2f33,e6e1db85-f8ba-4264-9c9a-520ecda4bc4c,2024-12-11T10:16,3,17.82,Cash,Completed
de512546-5280-49e7-89de-80536b5d4c7c,8113211c-bdc3-4bb0-94d9-3fd3871f3005,2025-01-25T10:16,3,89.34,Card,Pending
51edbb00-dc03-4594-ad91-7dcf64304cae,0a5a9fc7-e126-48f0-99aa-dea85c606f66,2025-06-24T10:16,8,127.04,Online,Cancelled
53fe3a16-0a76-4123-89d2-62d222b3dfb5,c83bba2f-5229-4998-9566-1f3179b13e8a,2024-08-31T10:16,6,149.46,Online,Cancelled
08c5429f-079f-48d4-b235-7601848e917c,0130fcd4-a6cf-4a72-8400-7bcae1abce34,2025-10-12T10:16,3,79.20,Online,Pending
af64f196-c52f-4f90-ab57-ebb8bfc993c9,99c406e7-092b-4eeb-bc08-56fc041c253d,2025-04-18T10:16,1,21.22,Cash,Pending
b4e0fc8d-7704-4e7b-baff-d693d000d952,a5ffc907-be77-43e6-8694-4a0bf09bd3fb,2025-02-11T10:16,2,30.78,Cash,Pending
2fcbad2b-d75f-4f50-8087-3b4c754d42d3,935ebde1-5945-4673-886e-1a7a12cc2d4e,2024-10-27T10:16,1,8.76,Online,Pending
66fa3ce1-f18d-4f02-a3a4-573beda39dfd,e277d099-db2a-4aee-ab86-8b0e73a34383,2025-05-21T10:16,7,96.74,Cash,Cancelled
2f5d8efb-9160-483a-bdc6-eb8d124d8085,59827b2a-ae17-44b1-bd6f-6f08718559cb,2023-12-31T10:16,1,25.48,Cash,Completed
bb9e79f6-74fa-4459-8f6b-421794ba3b0b,59827b2a-ae17-44b1-bd6f-6f08718559cb,2024-10-22T10:16,5,74.75,Cash,Pending
19c76121-e1bb-4d5d-9125-f1b69a3ce3a3,2ca088cd-c6c6-4e60-a1a4-d2990ee21b12,2024-05-17T10:16,2,10.90,Online,Completed
d619435a-e8ad-4a08-a393-bbd2fd28d5f5,941529ef-2114-4bff-907a-4596ff4593a1,2025-07-01T10:16,1,9.34,Card,Pending
c8b3d002-3df8-49cf-9bfe-4225a89fea97,c5817fdc-a4dc-4879-b957-30cfda62016b,2025-01-09T10:16,7,38.85,Cash,Pending
be399078-7863-4d83-bde6-8da92ce5a083,d5cfb1a3-ce2f-4aff-ab4c-50e0c5426af1,2024-08-23T10:16,3,76.50,Card,Completed
21ecc2bc-b3d9-4441-9999-1c4e9064417e,14eace30-1ac2-411e-8eef-98e8f32a87fb,2024-02-27T10:16,2,18.92,Card,Cancelled
d5b5c8aa-6ac5-4c54-bfe2-1813f2c3d603,1233cc27-7567-48e0-8dd2-6b0019506c2f,2025-07-09T10:16,5,94.40,Online,Cancelled
879a3f81-cf06-4271-bf76-ae07801c45bc,ceafdb2a-788d-48e0-acdd-bd533a2e7ab6,2024-05-22T10:16,1,16.43,Online,Cancelled
e290c9c9-d355-4dfc-905a-39dff9f48699,a938df5f-7764-459c-8bfd-90409d16b3c6,2024-08-14T10:16,4,37.64,Online,Pending
ddf2fb80-7d6f-437a-beb0-068bdbb4d350,c83bba2f-5229-4998-9566-1f3179b13e8a,2025-03-18T10:16,1,6.17,Card,Cancelled
6deddd8d-aafd-4f97-9f0d-5e1bb79074d5,ecf1ffb0-ac00-4968-87ea-8beef4ace55a,2024-01-21T10:16,4,66.84,Online,Cancelled
c4b7f670-59de-49b6-b5dc-6b1e1728f481,6bd388d4-5636-450b-bacd-55bdcb769bab,2025-11-02T10:16,4,38.96,Online,Cancelled
0aeebb53-efd1-4e5a-b55e-94aae8f1b22f,0b2a0e9a-e050-4380-b607-57adcbbf59d4,2024-03-17T10:16,4,70.00,Online,Pending
de799961-a288-4201-9002-358ba39db053,8b115a34-224b-453c-be69-b53a7445b466,2025-07-07T10:16,3,81.57,Online,Cancelled
a7e99d86-3245-41ce-b549-7d3c36447046,46032f36-69bc-465a-9b33-a5d560bfd77a,2025-02-11T10:16,3,70.14,Cash,Completed
6efe6e87-f28b-4a1a-87c2-eacd05a38af2,9c53f3f8-5b22-4d77-bd76-cfa6c70e443c,2024-01-29T10:16,6,101.70,Card,Pending
33c1a229-4b8a-4923-9225-7f2d9ada93ac,050d9901-1cb5-413a-9c31-282028f863c1,2024-05-20T10:16,4,32.48,Cash,Completed
da2576b9-39e0-4e70-aa40-46261d95eba3,103fcba5-5588-45a5-9fe0-6ac948d3860e,2024-04-30T10:16,5,133.00,Cash,Cancelled
1f28d247-e976-43f3-98d4-9765f05ad281,e12c3d24-86c8-474f-b86b-370df36adbfe,2024-02-18T10:16,8,204.88,Online,Cancelled
0da022ec-1804-4b38-b3ef-ff9a8390b1ea,6c3bf618-a715-40f9-9faa-cfc5f5beef2f,2025-02-26T10:16,7,80.15,Cash,Pending
2d3393cb-9985-4e4e-854d-087b33684c10,6bd388d4-5636-450b-bacd-55bdcb769bab,2024-06-22T10:16,3,32.07,Cash,Pending
4883e4dc-3c46-46f1-b503-bcf0efcf1aa5,d6d4ef4b-0870-48aa-b884-013237f255f4,2025-07-04T10:16,3,18.45,Online,Completed
a18ab1b1-2e4e-462a-a85a-2ce1e0a36e35,3dcaabe3-78c9-4d88-bed5-56ca7ceea07c,2025-01-05T10:16,8,74.56,Online,Pending
05e6ed58-6144-4d72-ac52-feeeca908ba4,3befa4dc-d961-4a3a-9410-d43d1bdaa335,2023-11-19T10:16,9,72.99,Cash,Cancelled
e8384a44-9d88-4bd4-8455-04c624b90733,515fe1d2-d33a-4b9d-8c19-07e0cbe81a9a,2024-08-18T10:16,8,201.12,Card,Cancelled
922b33c0-7c5f-4e29-a02e-2e6264b176c1,365c90d0-a590-4209-9401-2ce55af5ed98,2025-02-07T10:16,5,119.95,Cash,Completed
898fa964-9721-4222-b534-101339dc0914,e119f98a-df63-41dc-8e01-bb49ca2dc724,2023-12-24T10:16,1,28.14,Cash,Pending
455a1425-7e53-4779-9667-7e2578af48a8,726d71e2-70fd-4416-8568-78619c14a73a,2024-08-03T10:16,9,92.16,Online,Cancelled
ca6ca6b0-aa87-4972-b767-96ca2547fa71,1407e9cf-22c9-4137-a2fe-cc12dc038235,2025-06-22T10:16,8,75.84,Cash,Pending
581aa62f-25b0-4e4a-b391-b5138635215b,caad7924-4bc5-4f85-9662-11ca261e3c87,2025-09-01T10:16,3,77.01,Card,Cancelled
f178cf83-bfbc-4369-b2f6-67a831618ad3,06e585f0-5b60-4900-81d1-3379328e6c17,2024-06-20T10:16,4,27.76,Online,Pending
8a989c29-977e-462e-b183-7d3b03a5a0fd,92da274a-bea2-490a-bb52-196c46fa8487,2025-02-27T10:16,6,93.12,Cash,Cancelled
99a5c489-6d30-4a72-8314-f9e262937a5b,6e551d53-4f6d-4b84-a9de-3d7c79694805,2023-11-19T10:16,4,117.04,Cash,Cancelled
47f010a7-b937-4394-94c7-72f5f64c2abb,941529ef-2114-4bff-907a-4596ff4593a1,2024-12-01T10:16,9,234.81,Online,Cancelled
66241373-10ca-4f5d-b6aa-85a5f55143ed,cf65c4b6-4c1c-420b-95de-23e5b56ffad5,2025-07-02T10:16,3,60.87,Cash,Completed
ca0c0c18-918d-4eaa-9e08-1d12e021ca00,e119f98a-df63-41dc-8e01-bb49ca2dc724,2024-12-04T10:16,6,168.60,Card,Pending
302e45e1-f191-4bac-800b-d3135fcb800a,0a5bd884-b432-4ce5-b14e-44b4aedd4c0f,2024-04-26T10:16,4,71.68,Cash,Completed
bc467547-6c92-4ec0-bb9d-0abb4d5ac2c3,885715b6-b1eb-44ca-8460-28c0343e56f3,2024-08-04T10:16,2,59.36,Card,Cancelled
28636011-31a6-49d7-a47f-e5560cc6bbdd,8626238e-5813-415a-9a8c-db944b1e0269,2025-10-22T10:16,2,40.78,Online,Completed
c1c884ea-21b3-47a7-a2e2-5774c3f4a533,4e44f26d-5455-405b-8fdb-63ab8b739ecf,2025-02-11T10:16,5,69.15,Card,Cancelled
ca018bd3-b015-444d-8b75-ee9c35b7c2ba,6945f6f4-b8f9-4d04-90ff-e59ed705578e,2024-12-24T10:16,9,122.85,Cash,Completed
76cc8e96-ce0e-46a5-9455-ebf21526ea69,000f9c8f-2fc7-4346-844d-c04f10751265,2024-03-14T10:16,1,9.37,Online,Pending
3eb3b881-83d4-4777-82bc-4b5ac9d2c4f3,52c87fd9-fdf0-4256-b929-6153ad24a0ac,2025-10-26T10:16,5,99.60,Card,Pending
2bff146b-ffed-4f38-9a87-f27e8e37eeb4,a938df5f-7764-459c-8bfd-90409d16b3c6,2025-03-13T10:16,8,99.36,Cash,Cancelled
b0b3b67e-33df-45e9-b7d3-7d7128ddc1f0,935ebde1-5945-4673-886e-1a7a12cc2d4e,2025-05-10T10:16,1,9.68,Card,Cancelled
d28c204c-a2fd-435c-87d7-f1189fd267fa,4739f27f-7a96-4d52-83ae-0c6fd4c8c606,2025-11-04T10:16,6,71.82,Cash,Cancelled
a7cd3314-bd9c-476f-b6d2-eb17ccd016e9,25659c0e-6eb5-4c57-add8-fb6ac5f42699,2023-12-11T10:16,5,104.45,Card,Completed
f255c7d9-5ab1-493c-b50e-7a5551d261ec,2ca088cd-c6c6-4e60-a1a4-d2990ee21b12,2024-02-13T10:16,2,30.56,Cash,Completed
4e4e19f6-00dd-426c-98ff-07a1005d6e19,365c90d0-a590-4209-9401-2ce55af5ed98,2024-09-16T10:16,1,27.71,Online,Cancelled
c0113d79-8ba7-4976-bb15-f6a3e437d946,6c3bf618-a715-40f9-9faa-cfc5f5beef2f,2024-11-17T10:16,4,66.28,Online,Completed
d6f0385d-c6ec-4512-bfa9-745d30c3ba0f,aff4340c-d102-49ba-af8e-84d2737ce82c,2025-07-17T10:16,8,101.52,Card,Pending
566ebd4c-bb76-47b4-ae78-66182269fd8c,52c87fd9-fdf0-4256-b929-6153ad24a0ac,2024-05-05T10:16,7,98.63,Card,Cancelled
8daa4f7a-83d9-421b-96d0-78901d64cec9,93cdeef1-3fc3-4a63-a275-0ae87ae6b335,2024-03-21T10:16,5,39.70,Card,Pending
480393b3-15ba-424a-81ba-fb56de8bc72e,d5cfb1a3-ce2f-4aff-ab4c-50e0c5426af1,2025-05-10T10:16,5,64.60,Card,Completed
1b1fec32-433a-4805-8a81-204bae752e02,0fcf4084-ea31-49f8-99f9-9bf8c8b0c16b,2025-10-06T10:16,1,26.67,Cash,Pending
d1eaba91-3d5a-4d68-b612-612eb953237e,7c991f43-c18b-4404-8826-97691b0dc00c,2025-07-31T10:16,5,72.40,Cash,Pending
6ef212c7-e04d-4234-a590-b9e43a2a5182,67c276b0-7be6-4f3c-bf86-c342095c8112,2024-10-26T10:16,7,62.72,Online,Cancelled
c60f06d1-e1ee-4fab-bf38-1f2c13d432fb,4f6ae324-5b6d-47d6-a86d-26ec6fbe1e0e,2025-08-06T10:16,4,24.40,Card,Pending
3c9afce9-fe66-40a9-b743-7fabaad4b0ca,6aaabc79-3d35-410f-bb96-f86a3930d0ff,2024-10-09T10:16,5,66.95,Online,Cancelled
82680ed3-1354-48e3-9a7e-f19958fdd558,4f6ae324-5b6d-47d6-a86d-26ec6fbe1e0e,2025-11-08T10:16,9,224.82,Cash,Completed
0f3857d6-90ec-4079-92c3-9846f19fcba5,2a109685-1399-4149-8951-fba29bb0360d,2024-05-06T10:16,2,14.64,Online,Completed
ade06b4a-3567-4e8a-9e18-ac25fd2bf5b6,c1a09d60-c9e8-4489-a68e-e01b51541d33,2024-07-25T10:16,4,58.92,Card,Completed
b00b0d32-33a6-4f89-b85d-e0a54937ef34,aff4340c-d102-49ba-af8e-84d2737ce82c,2024-12-29T10:16,3,39.84,Cash,Cancelled
87249f57-45a0-44ba-802e-6b8868bd1b24,d5cfb1a3-ce2f-4aff-ab4c-50e0c5426af1,2024-02-07T10:16,6,157.50,Card,Completed
2d1bf970-dd01-4948-b3c6-89525bb22519,8b546c63-5406-493d-bc69-cfb594b38267,2024-03-12T10:16,1,18.55,Cash,Completed
6ca5b389-10c4-45a3-951b-c5887756c87f,60cd80b6-3967-4dae-b4df-adc7b5644971,2023-12-04T10:16,4,101.04,Cash,Pending
3e6942e2-0761-4f02-9f1a-283bc9de2854,cb8747c7-32ca-4b6b-868d-13ab01d953ec,2025-05-06T10:16,4,84.40,Cash,Cancelled
2ca8b601-a21e-4bc7-81da-aab06e6f9549,93cdeef1-3fc3-4a63-a275-0ae87ae6b335,2024-07-21T10:16,8,61.44,Card,Cancelled
1fd7d9f0-0cec-4e6d-b2cf-55f771d04c96,77ca464a-fe0d-4dcc-8f08-3eb2f7b64f76,2024-04-06T10:16,7,41.16,Cash,Cancelled
e676c07e-3d39-452b-9279-a43c5acf2fff,941529ef-2114-4bff-907a-4596ff4593a1,2024-12-02T10:16,7,148.19,Online,Pending
f0915016-8df8-4af7-bbf3-1c3be3b6288f,49af098b-bf79-4643-8e49-739ea932d38b,2025-07-02T10:16,1,11.89,Card,Cancelled
0beabd9c-5ffa-47dc-83db-0d6a72477064,7169ef0c-f2c8-4ae3-83f6-87691664d2d2,2025-04-15T10:16,7,119.00,Cash,Cancelled
43c6b759-f28a-4d08-9de2-ac44b00eca49,69446e90-4237-4410-ab55-e011eb04cce0,2023-11-15T10:16,8,169.92,Online,Completed
187397b4-b46d-462b-aa8d-2f16b0cbad69,3e97fc93-73a7-45e0-9888-f7a03ee258a7,2023-12-13T10:16,6,176.52,Card,Pending
1cf14ec4-b8b0-43f1-9427-33ba914264d9,428424b7-1f94-496a-8b7a-497ce177d32c,2025-09-24T10:16,7,103.18,Online,Pending
965c074e-866c-407b-ab0f-cfd2781eb7a7,e85d0261-2d97-4475-a749-363ec9040a74,2024-11-21T10:16,1,10.41,Card,Cancelled
71235aa0-4389-4d85-9e7e-08ab9ed242c1,f90cf3ca-e2d0-4129-bc7a-e8a2b80880da,2024-12-09T10:16,3,29.85,Online,Pending
e93258b2-6f60-4d56-8c5e-2425dfc06167,caad7924-4bc5-4f85-9662-11ca261e3c87,2024-03-27T10:16,4,99.36,Cash,Pending
49115716-a9a9-4782-ad1f-d49e0df8c073,3ab3404a-ee80-4ed2-8d90-a6f0dad14e48,2024-07-11T10:16,8,55.04,Cash,Completed
dea0ca53-9efb-45b0-8e67-a67444f16eda,5400d214-6176-40bf-88d2-3f53ed38bf69,2024-07-29T10:16,9,162.45,Online,Completed
407a374c-e118-4262-9e18-716abc3f6ea7,9c53f3f8-5b22-4d77-bd76-cfa6c70e443c,2025-03-23T10:16,7,64.33,Online,Completed
9da0cbc6-3d66-43f4-b45b-cf65cd2e86cc,401a6911-a31e-4892-adc1-56e3e1eb090a,2024-03-06T10:16,2,58.42,Online,Cancelled
69cb1611-d468-4857-89e5-fe85d8b3e46c,953417c6-cd52-45e9-9ca0-bb450653c934,2025-01-01T10:16,8,52.08,Card,Completed
19ae8926-8a7f-4a4f-ad19-c0a94399cb69,c63bd277-c81c-40c5-8720-6ce916d653c4,2024-04-29T10:16,5,35.00,Online,Cancelled
912ce349-2e63-44d4-9e42-c65651edcd9b,0a15d43b-8f6b-444a-bef2-ffbddfdbd16f,2024-05-14T10:16,8,222.88,Card,Completed
08edf2c5-bf28-4d20-9103-75404d78bb24,c46351bf-193f-49af-a5d6-456188837c3d,2024-07-04T10:16,3,74.94,Card,Pending
27116cf4-0cf8-4d1a-8ecf-ae4e18786364,c3ffc43c-0c11-40fa-9824-f234161741d0,2024-02-15T10:16,7,90.37,Online,Pending
e68e0f78-6fe7-4577-b43a-3b30018610c6,8b115a34-224b-453c-be69-b53a7445b466,2025-05-02T10:16,3,64.32,Cash,Pending
5f992a75-df49-45b5-b55c-e3bd00939879,d33bbfcd-a2ca-4e80-8a1c-65223f061e7e,2024-04-02T10:16,6,139.14,Cash,Completed
f5a40d62-d39c-44bd-8c70-8b92e267dc86,8b546c63-5406-493d-bc69-cfb594b38267,2025-07-25T10:16,6,85.68,Cash,Completed
626adec3-a702-4fe1-a3d5-479493bb6a73,fe624323-ba72-456d-9842-ed9e0edc75df,2023-12-20T10:16,3,55.08,Online,Completed
363aa9a3-09ee-4c91-8935-e127bb7c2ada,f543de06-e341-4de2-95ab-ca0fd3ee51fe,2024-08-22T10:16,3,31.47,Cash,Cancelled
fb706e62-b399-467b-8181-1a1d636163fa,f90cf3ca-e2d0-4129-bc7a-e8a2b80880da,2024-10-08T10:16,5,26.50,Online,Cancelled
47ba5cf1-9c92-4c26-8586-49f2814d5c8e,36b880b0-e9bd-4c0b-8f1c-32018f6c758a,2024-03-30T10:16,1,11.70,Online,Pending
e8136f03-f476-4865-904d-70404c67aabf,e7991221-0de0-4ef8-aa9c-ca3b59197059,2024-08-30T10:16,4,79.64,Cash,Pending
0e18c33b-3bc7-4f04-ae49-42debc39e1d2,f0a6a958-e434-41bf-a830-dffa55a34db5,2025-07-05T10:16,1,20.09,Online,Cancelled
6a5485d5-8d2e-4a07-9ede-e305c37a79fa,b03f75c1-655f-4480-a2bf-1a0af806e96e,2024-01-18T10:16,4,101.88,Online,Completed
6db71376-f3dd-4463-9cf3-34a668c6554c,0472ca7f-b133-4710-8f43-24a3c6c1afd1,2025-02-16T10:16,1,22.65,Cash,Cancelled
afeac0e2-6eb5-4740-8e62-9af9047c3881,4e44f26d-5455-405b-8fdb-63ab8b739ecf,2025-07-12T10:16,8,176.96,Card,Cancelled
42a9ad8f-c266-453f-928a-c60b3d9d1bb2,f0a6a958-e434-41bf-a830-dffa55a34db5,2024-05-21T10:16,3,87.36,Card,Cancelled
b7536d46-a150-441d-9b32-2abcabafb31c,63846b60-b7be-4087-ac6e-56c9bc130a20,2024-11-03T10:16,9,230.85,Cash,Pending
1b0fbd0a-1a8e-49fc-8d43-6231dc427536,1407e9cf-22c9-4137-a2fe-cc12dc038235,2024-11-13T10:16,8,229.36,Online,Completed
d522d57c-d59b-4581-b68b-0ddc45df34cf,cf65c4b6-4c1c-420b-95de-23e5b56ffad5,2025-01-23T10:16,8,144.24,Cash,Cancelled
a880b77f-1546-455a-9cc3-fb1da0500724,36b880b0-e9bd-4c0b-8f1c-32018f6c758a,2024-05-21T10:16,1,14.83,Online,Pending
d3759b90-486b-43c0-b0f0-d96531e3e445,941529ef-2114-4bff-907a-4596ff4593a1,2024-11-05T10:16,3,74.61,Card,Completed
be70d527-5760-4516-b62b-c0705cc5088b,cb8747c7-32ca-4b6b-868d-13ab01d953ec,2025-01-15T10:16,1,27.41,Cash,Cancelled
3acb6bd2-6162-4a38-b9b0-83ab2739d19b,b047b369-02d0-4f25-9af0-f1e883228863,2024-07-16T10:16,1,11.65,Cash,Completed
2984ebb5-4e03-4396-ab60-d75a2390ff23,0a5a9fc7-e126-48f0-99aa-dea85c606f66,2023-12-17T10:16,2,31.24,Online,Completed
8bb041a2-8aa8-46cb-ba32-25dc7ac40c07,d7af10ce-45c9-4fc8-8dd8-b1c5491aad5f,2025-03-29T10:16,5,138.20,Cash,Pending
36b5b642-9a32-4895-b580-bcb67e97da8a,2a109685-1399-4149-8951-fba29bb0360d,2024-03-30T10:16,4,59.52,Online,Cancelled
9585ff6a-e50a-4da2-a990-d3bd27b0964f,7509850a-5062-4da9-aad6-bc5b9e363ef1,2025-08-05T10:16,8,222.40,Card,Completed
69061e70-756f-4aaf-bb79-a2eb2f77e37c,a190f67b-21df-46bc-8164-46bdfa00af85,2024-08-10T10:16,2,40.88,Cash,Cancelled
33b3611a-feac-4227-99b5-5b2b1ac45777,0a15d43b-8f6b-444a-bef2-ffbddfdbd16f,2024-09-22T10:16,6,137.58,Card,Completed
e6ce6e70-c41b-4feb-bb1d-aec9c9233219,bb6ceda0-3f7a-4dfa-9862-41a88dd468b2,2025-05-05T10:16,7,131.95,Online,Completed
919a73aa-0bda-40e5-8ff9-6cfc55173ee5,56a75a3e-a944-4147-8cba-f1024726993f,2024-09-19T10:16,3,15.18,Card,Cancelled
567cb0df-759e-4f24-a7ef-693285b56333,050d9901-1cb5-413a-9c31-282028f863c1,2024-05-12T10:16,9,265.05,Online,Completed
f74e5995-f983-4fc5-b0ab-f45d579183da,f543de06-e341-4de2-95ab-ca0fd3ee51fe,2024-04-11T10:16,8,40.88,Card,Completed
525e69fa-aee8-4874-9354-3bca5140b761,428424b7-1f94-496a-8b7a-497ce177d32c,2024-09-17T10:16,1,8.22,Online,Completed
f5a8c3a7-8670-4e93-8b62-11d67cb8a578,953417c6-cd52-45e9-9ca0-bb450653c934,2025-07-18T10:16,6,80.70,Card,Completed
13b9db8a-5471-4d61-82ad-99b01a8e594d,ada8704c-2784-4d70-84da-10078407d2c8,2025-06-05T10:16,4,48.52,Cash,Cancelled
9191eb47-6ed7-4cf0-a628-2de2175c2cfd,8e1bbe6c-7b75-46dc-8ca1-0b1664cd6ae4,2025-09-30T10:16,5,65.15,Cash,Pending
5e0b59ef-0596-4678-9f5f-7538b81eb0c1,1a48aa9a-def3-481d-922a-94300aa97309,2024-07-23T10:16,5,117.85,Online,Pending
5df6b805-58fc-4a0c-ab8a-1bdfab0fd01a,05ccd8a5-ea5f-4353-bd1e-3022152b0685,2025-03-18T10:16,6,47.76,Cash,Cancelled
3bbd147b-00cd-4e08-8d34-8e040df7ea86,6e6d2c67-f7fb-4a98-8f9a-4822259b25c4,2025-09-27T10:16,5,61.15,Online,Completed
fd045437-977b-410c-9359-27bcd7754b41,b03f75c1-655f-4480-a2bf-1a0af806e96e,2025-05-30T10:16,6,150.96,Card,Cancelled
c6f5d581-3f37-401e-949c-c01281c7c844,6e551d53-4f6d-4b84-a9de-3d7c79694805,2024-04-22T10:16,5,91.30,Cash,Cancelled
26259c84-7826-4758-b7a8-d9768e813439,1eeb9c5f-5b7a-47af-b4f1-5a50d9d1089c,2025-06-27T10:16,5,128.90,Cash,Completed
e4c43f1d-d470-40b1-bfaf-df81c642307c,2c6dafc9-06cc-4b3d-8b8d-12aae0644c58,2025-05-30T10:16,3,35.13,Online,Pending
c5e80de1-9b67-47f9-84aa-908ea05afc2f,fe624323-ba72-456d-9842-ed9e0edc75df,2024-08-15T10:16,1,24.87,Cash,Cancelled
ad34e372-0748-40b1-8cde-572adb6b300d,e85d0261-2d97-4475-a749-363ec9040a74,2024-09-07T10:16,1,19.88,Online,Completed
e0f9f2fa-c921-4503-9687-e84df3b42e01,62a2bfef-ca4a-4dec-90ea-bf15ea1880d2,2024-12-11T10:16,8,221.04,Cash,Cancelled
9b3e1550-59f7-4425-891f-08c8112c30b9,7169ef0c-f2c8-4ae3-83f6-87691664d2d2,2025-05-29T10:16,7,129.99,Card,Cancelled
1434b309-d1ce-402c-b83d-2d15fa306209,1eeb9c5f-5b7a-47af-b4f1-5a50d9d1089c,2024-11-08T10:16,1,5.57,Cash,Pending
b13b1b54-6b41-447f-b620-9932279fb429,e7991221-0de0-4ef8-aa9c-ca3b59197059,2024-09-08T10:16,4,74.44,Online,Cancelled
c5e54beb-b1ce-4d3e-a480-0bb19b538e02,7d2df59f-386d-4aec-85a8-2443262a0cb4,2024-05-08T10:16,9,254.43,Cash,Completed
ea83c96f-aa29-4a6b-ab43-8c44d7548a9a,0130fcd4-a6cf-4a72-8400-7bcae1abce34,2025-07-17T10:16,5,103.35,Online,Pending
efc7ac64-1ecf-4a20-b660-9abb4e8e1344,06e585f0-5b60-4900-81d1-3379328e6c17,2024-02-21T10:16,6,74.16,Cash,Cancelled
508dc743-7c6a-4942-9f77-e92b3ce70092,2a109685-1399-4149-8951-fba29bb0360d,2024-07-19T10:16,7,52.64,Cash,Completed
2fe2e2c0-203a-40be-8d54-07672858d487,1233cc27-7567-48e0-8dd2-6b0019506c2f,2024-07-26T10:16,6,95.10,Card,Pending
e9e7a126-8202-42c6-b448-a0b664284753,2ca088cd-c6c6-4e60-a1a4-d2990ee21b12,2023-12-26T10:16,7,166.60,Card,Pending
c79b16be-30b7-4424-aa46-1ae8ca23f799,205ea7f7-e714-45b8-a083-11247ff702a1,2025-01-25T10:16,1,5.84,Cash,Cancelled
f55dd23c-8557-4c2c-8577-bf95e585e02c,00d7ae70-0f46-4453-963c-4ab2a3d29314,2024-12-01T10:16,4,78.88,Online,Pending
ed7c878b-5a4b-43fc-9c75-b4c3d74a58eb,d5cfb1a3-ce2f-4aff-ab4c-50e0c5426af1,2024-03-06T10:16,7,55.51,Card,Pending
f8996880-5175-4f85-ba15-8f7e717cbf10,56a75a3e-a944-4147-8cba-f1024726993f,2025-07-04T10:16,7,94.36,Cash,Cancelled
d2ac4d39-1766-42f2-b14b-f5fab2a17de8,caad7924-4bc5-4f85-9662-11ca261e3c87,2024-01-11T10:16,5,50.65,Cash,Pending
65ee100b-1c6f-4426-85f3-5a4baa3b0859,0a0ac3e5-6e20-4fbc-87ec-5481c70e38bc,2025-10-05T10:16,5,95.30,Cash,Cancelled
1f83d959-9248-43fa-a175-e182b78ea827,910b1d47-5c37-48b1-8bde-96c60660f1d7,2024-04-23T10:16,5,34.40,Online,Completed
1acc7ae8-167b-43b4-bd02-263002e5d065,1eeb9c5f-5b7a-47af-b4f1-5a50d9d1089c,2025-01-18T10:16,8,162.64,Card,Completed
ac018b5d-4431-4790-bbfe-fd9d79a9a7da,a190f67b-21df-46bc-8164-46bdfa00af85,2024-01-17T10:16,3,24.75,Cash,Completed
2b7e2b05-0ceb-4113-aab0-f582dafac29b,7a18d550-38d0-40b2-84a7-547162e7e409,2025-11-10T10:16,7,84.21,Online,Cancelled
2837d00c-8f3a-4403-96e8-34067f3f627e,52c87fd9-fdf0-4256-b929-6153ad24a0ac,2025-06-16T10:16,4,38.52,Card,Completed
1be4a1f2-d905-456d-832a-52fa23fd78f4,68169a66-a8d4-4763-914e-7befc826445b,2025-09-18T10:16,9,97.29,Online,Pending
0b34101d-93ce-4e17-941a-41286096e8d9,f0a6a958-e434-41bf-a830-dffa55a34db5,2025-04-21T10:16,1,7.13,Cash,Completed
23a5cfc6-abbd-4e57-a325-2bbecc251339,d87f31d7-79ef-4c17-856e-142e791b04da,2024-07-14T10:16,4,78.60,Card,Completed
12cfa3cf-9306-46f2-a4fc-a4daf14ade44,8113211c-bdc3-4bb0-94d9-3fd3871f3005,2025-03-24T10:16,2,18.04,Card,Cancelled
02e35165-7e58-465d-b455-fe526da11414,824998a2-7592-4051-ab0b-d5e12743c93b,2024-12-11T10:16,4,68.88,Cash,Completed
7b7da15a-5761-4cc8-a111-6d7624f193d9,ef7fad1f-a86f-4ee1-95b4-ce1f339f0fa5,2024-11-08T10:16,8,166.48,Cash,Completed
1801ba62-ace3-445a-8df5-0f7ae474732c,0a15d43b-8f6b-444a-bef2-ffbddfdbd16f,2025-02-07T10:16,8,126.88,Online,Completed
929f1550-de1e-4998-8448-86c35a33a0e9,e12c3d24-86c8-474f-b86b-370df36adbfe,2024-06-26T10:16,8,81.84,Cash,Cancelled
5adde0f2-a4c2-416d-ab0c-a37041979919,60cd80b6-3967-4dae-b4df-adc7b5644971,2024-10-24T10:16,9,64.53,Card,Pending
69cc502a-888e-4be6-a217-b739f8610e0c,209e786b-2a61-4e52-a3b2-1cc98bcbf18c,2023-12-19T10:16,7,208.60,Cash,Completed
590c58d9-aaba-4534-8554-224c5c283692,3dcaabe3-78c9-4d88-bed5-56ca7ceea07c,2024-09-06T10:16,7,49.56,Cash,Pending
7c26da3b-6746-46b7-841e-0461bbb2fbd5,99c406e7-092b-4eeb-bc08-56fc041c253d,2024-06-21T10:16,9,247.68,Card,Pending
e4c0908c-62b9-46b7-a315-57dbf16c299a,8250871a-2b35-424e-a1a1-4eb4faffabfb,2023-12-27T10:16,9,189.45,Card,Completed
b8892b4e-69a1-4869-8af3-2760c39d6009,90f0db1e-2b19-43f7-ba17-233c7c214eca,2025-06-20T10:16,9,209.79,Card,Cancelled
3974d542-37aa-4fc5-a16f-dcc232135a2e,1d32c3b3-c732-4995-aa6b-ff159deb3bdf,2025-01-29T10:16,7,99.89,Online,Pending
cdb4ac2b-79dd-4892-a402-494bca3ddd76,59827b2a-ae17-44b1-bd6f-6f08718559cb,2024-08-27T10:16,8,124.80,Online,Completed
1a80fda7-7df2-41c0-8e60-3ac334c3e49d,21edfc22-3f73-4335-a774-3cf78ab65e86,2024-01-28T10:16,8,54.56,Card,Cancelled
1df7df69-19c1-4366-b12d-b2fcee9428bc,6c3bf618-a715-40f9-9faa-cfc5f5beef2f,2024-06-26T10:16,5,90.40,Card,Completed
596b1cb3-97b7-4f24-b449-c67d41dac4fa,4b14a58c-f1e4-40b6-888d-a88cd7055099,2025-02-14T10:16,5,97.30,Cash,Completed
757a2593-d916-437e-a1ca-bb0e27a85aae,52f5634d-de98-4543-8a1e-cbf1e2d0242f,2024-02-07T10:16,2,34.86,Cash,Pending
a68e968b-53d9-4690-aa21-4dad293c18e3,7509850a-5062-4da9-aad6-bc5b9e363ef1,2025-06-27T10:16,5,138.15,Card,Cancelled
4f78b3fa-f751-4c8f-a171-82b002ad5c37,59827b2a-ae17-44b1-bd6f-6f08718559cb,2024-11-18T10:16,1,25.31,Cash,Completed
4d03da85-ab4c-48fe-b7fe-c0ed3a8449d2,103fcba5-5588-45a5-9fe0-6ac948d3860e,2024-03-22T10:16,8,219.76,Cash,Pending
0d6fadb6-e66b-4681-9b28-29b882778401,ba5d9947-b043-4aca-8ee0-6b77895cf8e8,2024-12-11T10:16,1,20.74,Cash,Pending
d093fda2-83ab-4680-a365-98c5b9c3e96c,e12c3d24-86c8-474f-b86b-370df36adbfe,2024-06-18T10:16,6,153.00,Online,Completed
0418aae9-1a99-4f38-9290-a97d2f08a9de,1a31c678-d420-495a-aff3-0f1609514e1e,2025-02-13T10:16,8,106.72,Cash,Cancelled
a3d39f80-3ea1-4b64-8673-4f8f1d470314,e6e1db85-f8ba-4264-9c9a-520ecda4bc4c,2025-03-12T10:16,4,36.24,Cash,Completed
c9ef713a-c757-400e-86d6-6cfb2ca0787f,06e585f0-5b60-4900-81d1-3379328e6c17,2023-12-25T10:16,2,28.68,Online,Cancelled
da956fee-a0eb-4f5a-8c61-4f3d7fad4eae,0a570207-0f70-467f-bbeb-44a0a60a9a25,2024-07-18T10:16,2,32.00,Card,Pending
19f50f22-e2cb-4f57-89bc-99e6e491ec86,cd50913f-8c99-4253-9134-0cf5fe5f300f,2024-06-02T10:16,1,11.35,Online,Cancelled
265641a1-bfb5-45da-bc3b-4ddcd428908e,8626238e-5813-415a-9a8c-db944b1e0269,2024-03-09T10:16,2,26.88,Online,Pending
9a5e60bc-de99-4be8-b744-59888db1ffdb,b014b56e-3263-4b63-8430-46e00bc5ea77,2024-09-22T10:16,7,140.77,Online,Pending
56e78540-8a8a-4988-abee-7b908d05e633,0fcf4084-ea31-49f8-99f9-9bf8c8b0c16b,2025-08-18T10:16,6,108.78,Cash,Pending
6cb5386f-90e7-4512-87a2-9b46d4437cdb,59827b2a-ae17-44b1-bd6f-6f08718559cb,2025-05-17T10:16,3,32.04,Online,Completed
f8a800cc-e0ad-4ddf-ae7f-8cec50c1c7b1,8250871a-2b35-424e-a1a1-4eb4faffabfb,2025-03-24T10:16,5,110.20,Online,Completed
53341b49-deae-4aa4-beee-3842c79e566a,ceafdb2a-788d-48e0-acdd-bd533a2e7ab6,2024-12-13T10:16,4,66.56,Card,Pending
1c655c36-4769-476f-a1b1-747c5cb20438,09ba4183-1b94-4f8c-bc5f-eca421a88524,2024-01-11T10:16,9,98.10,Cash,Cancelled
ba85177f-d916-47b4-bca8-6a879a2cb22b,1233cc27-7567-48e0-8dd2-6b0019506c2f,2024-03-14T10:16,8,109.28,Card,Completed
cb12c1f5-1f2a-4df7-8462-8d98f5789d4b,e886c155-0dae-4b36-88f5-a86fa474d1f6,2025-10-11T10:16,1,22.57,Online,Completed
f9f7467e-630e-4241-828d-21ccbc6f4cfa,60cd80b6-3967-4dae-b4df-adc7b5644971,2024-07-21T10:16,1,16.69,Online,Cancelled
1df057f7-594e-41b8-ba0b-5f16d23e6d08,103fcba5-5588-45a5-9fe0-6ac948d3860e,2025-07-06T10:16,2,39.34,Card,Completed
4799bd32-b61f-4407-8d43-4e81da538e12,ff4db0d8-e809-46e8-9ae0-78ffee4902d9,2025-10-15T10:16,7,40.39,Cash,Cancelled
7921764b-4a12-46ec-99a8-13bea017de02,726d71e2-70fd-4416-8568-78619c14a73a,2024-06-09T10:16,5,55.00,Online,Cancelled
a8d67cdd-9bae-473a-8061-6c2ac8b6adc2,05ccd8a5-ea5f-4353-bd1e-3022152b0685,2024-06-14T10:16,3,64.83,Online,Pending
658eed47-8d50-4834-ab3a-fe38dd66be49,3dcaabe3-78c9-4d88-bed5-56ca7ceea07c,2024-02-21T10:16,1,15.53,Card,Cancelled
e1248d3d-f137-4515-ac80-73058050b152,5400d214-6176-40bf-88d2-3f53ed38bf69,2024-12-21T10:16,5,130.85,Card,Pending
d4df45f4-0158-4839-a773-ea10c95d5157,726d71e2-70fd-4416-8568-78619c14a73a,2024-10-31T10:16,2,41.56,Online,Cancelled
3efaa150-ab6a-4707-85fd-8de75fa62762,39cb44e2-a541-4b98-bc0b-db5f31cf8710,2025-10-13T10:16,7,209.86,Card,Completed
52dde07e-bd1a-4378-862b-31ccd29a0d0c,2c6dafc9-06cc-4b3d-8b8d-12aae0644c58,2024-12-26T10:16,1,12.50,Cash,Cancelled
8fc35453-48b2-4b57-88c9-8738320529d9,9fa382f0-8393-48db-ad30-43c953282401,2025-06-10T10:16,8,136.08,Online,Cancelled
33b4d86b-d259-4ba1-8d30-53c5b5c2463e,b95f7619-fab2-4df9-8683-1f2aeb93a660,2025-02-23T10:16,3,73.32,Card,Cancelled
9edd06ad-23a8-4457-a46e-369aacabef6c,7c991f43-c18b-4404-8826-97691b0dc00c,2025-05-17T10:16,9,209.52,Online,Cancelled
14ac9299-0d88-4010-8abf-674623e6b0ff,d6d4ef4b-0870-48aa-b884-013237f255f4,2025-08-14T10:16,9,128.79,Cash,Pending
2fc00128-b93f-41ed-aa7c-85a4654cc551,b047b369-02d0-4f25-9af0-f1e883228863,2024-01-04T10:16,2,11.50,Online,Pending
1bdc49b8-5d00-4911-be0a-9ae04b4ba568,0df3bae1-6384-4856-aa27-aef9f6c48b75,2024-01-16T10:16,5,126.90,Online,Pending
f7db8e7c-80cf-4111-a808-da624befdeb8,77ca464a-fe0d-4dcc-8f08-3eb2f7b64f76,2024-09-25T10:16,2,38.82,Online,Cancelled
252e379e-f016-40fa-b2ba-5f040a2eadb4,1a48aa9a-def3-481d-922a-94300aa97309,2024-10-03T10:16,1,9.13,Cash,Pending
9800fcaf-ee67-4cfc-a86f-a079029f39d3,3ab3404a-ee80-4ed2-8d90-a6f0dad14e48,2024-05-08T10:16,5,44.45,Card,Cancelled
a750f1c3-c552-422b-87af-bf25258093fe,a3f626b9-cc27-4c04-8570-be79ab8bda4a,2023-12-25T10:16,8,123.28,Cash,Pending
51513bb9-f99f-4aa8-bed8-1f7e73986726,1407e9cf-22c9-4137-a2fe-cc12dc038235,2024-03-11T10:16,2,26.54,Card,Pending
977ab3a9-32e5-4b8b-b35a-727d37656f8f,cf65c4b6-4c1c-420b-95de-23e5b56ffad5,2024-03-27T10:16,1,29.55,Cash,Cancelled
fd28e6a2-c811-4cc6-b1b3-7d38991e16a8,209e786b-2a61-4e52-a3b2-1cc98bcbf18c,2024-09-05T10:16,8,178.80,Card,Pending
94e3b16c-e8ba-4300-a467-fab47ed152a5,0a5a9fc7-e126-48f0-99aa-dea85c606f66,2024-02-14T10:16,8,159.84,Cash,Cancelled
2ba9e388-9862-497f-a558-3e7f3b440ed6,ceafdb2a-788d-48e0-acdd-bd533a2e7ab6,2023-12-14T10:16,6,124.44,Card,Cancelled
3d38f7b6-1392-4d26-8dac-631b1449c8a5,ada8704c-2784-4d70-84da-10078407d2c8,2025-01-20T10:16,7,95.97,Online,Completed
e8b63d16-05b8-4c5b-b6c0-8c5c6d99e620,726d71e2-70fd-4416-8568-78619c14a73a,2024-05-31T10:16,9,88.92,Card,Pending
48423cd1-ac6c-42d1-974e-fe7fe1ab6eb4,4b14a58c-f1e4-40b6-888d-a88cd7055099,2024-12-26T10:16,3,43.68,Cash,Pending
b332bd5b-b845-4f07-be2f-8dd6aa9f61fe,8b115a34-224b-453c-be69-b53a7445b466,2024-09-06T10:16,1,11.15,Online,Pending
0c46b1e9-7093-44d2-947b-f7ee89f64a7b,26d032f1-9fe9-487a-987a-a8be14e1db05,2023-12-10T10:16,3,36.84,Cash,Pending
8b64f971-77b7-4d5d-acb6-9cd19c215f80,365c90d0-a590-4209-9401-2ce55af5ed98,2025-08-01T10:16,2,38.36,Card,Pending
0c92c0f9-4eb3-40b6-a112-35b5b6d2e805,e6e1db85-f8ba-4264-9c9a-520ecda4bc4c,2025-08-08T10:16,5,27.40,Card,Cancelled
8b5a5563-bfb7-4aca-acca-43eb2ac4ef12,e12c3d24-86c8-474f-b86b-370df36adbfe,2024-09-24T10:16,7,99.68,Card,Completed
dfe54239-9728-4852-9e4a-5a706e6851a0,14eace30-1ac2-411e-8eef-98e8f32a87fb,2024-08-14T10:16,1,24.52,Online,Pending
b7a2c7c7-6e92-45ba-a9ea-9646ee0f626c,8113211c-bdc3-4bb0-94d9-3fd3871f3005,2025-06-02T10:16,9,52.02,Card,Completed
f5ce2941-a8ac-4e3b-9ee2-428e712e28c8,b6c26110-1b77-4777-8c79-c69ec19b66df,2024-01-10T10:16,1,22.09,Online,Completed
0a859c69-f808-4b08-8978-69c128e90934,726d71e2-70fd-4416-8568-78619c14a73a,2024-08-01T10:16,6,82.98,Cash,Pending
20183296-54d5-47eb-8dd9-407552fad365,5f6e51da-5f01-4c9a-85dd-7d50ef37e5d7,2025-09-25T10:16,8,41.44,Online,Completed
ab87263b-353e-44a3-94bf-d919cb0dfd13,caad7924-4bc5-4f85-9662-11ca261e3c87,2024-04-19T10:16,4,107.36,Cash,Pending
6739daad-d240-4b8d-81df-e7b0e1c4a15b,c3ffc43c-0c11-40fa-9824-f234161741d0,2024-02-27T10:16,5,138.30,Cash,Cancelled
74690330-f4bb-4bf1-9d56-98bf6e30362d,5f6e51da-5f01-4c9a-85dd-7d50ef37e5d7,2024-03-21T10:16,4,116.00,Cash,Completed
7a8c4dd5-4067-4bd3-a0f1-f2c9febae59b,5f6e51da-5f01-4c9a-85dd-7d50ef37e5d7,2024-09-05T10:16,5,64.40,Online,Pending
dc296c36-29c8-4fd5-ad63-0ef87f4a4cc1,0a0ac3e5-6e20-4fbc-87ec-5481c70e38bc,2025-06-23T10:16,2,48.00,Cash,Completed
74410fd3-5238-49b3-9e0f-944797093838,6aaabc79-3d35-410f-bb96-f86a3930d0ff,2025-08-30T10:16,8,95.12,Cash,Completed
b07612b4-d8e6-47b0-831f-9de0f120bcc3,a938df5f-7764-459c-8bfd-90409d16b3c6,2024-02-26T10:16,6,110.88,Online,Cancelled
fc408666-779e-4d22-a621-fadba65c16df,8887df7e-682b-4d48-b18c-c1ddfa0aaa26,2025-03-16T10:16,8,80.48,Online,Cancelled
cfc0f482-30ab-4a9d-b6d4-3b841c481810,0b2a0e9a-e050-4380-b607-57adcbbf59d4,2025-09-01T10:16,2,33.82,Card,Cancelled
336e042e-36d8-4837-84f7-438f034d9228,00d7ae70-0f46-4453-963c-4ab2a3d29314,2023-12-26T10:16,4,91.72,Cash,Pending
2877e687-690d-4c7f-9a3f-c15854c7dc01,06e585f0-5b60-4900-81d1-3379328e6c17,2025-11-08T10:16,1,13.83,Card,Pending
978f1201-5aea-4d1d-b460-9449605abb1b,53db1213-7316-47bb-9099-c1def0e3c96b,2025-08-18T10:16,5,55.45,Cash,Pending
8c9d8e47-a8d8-43cc-9724-4b02304f4624,b90a3a7f-421e-47e5-8598-fe50f365a62e,2024-03-08T10:16,1,28.93,Online,Completed
c83b0492-80e1-4dff-bf45-d83ac938a713,89d26a00-0fde-4c03-8430-b06f6bc3f33a,2023-12-13T10:16,7,79.52,Card,Completed
47564a31-ef4f-4d17-80be-bc867d4388ca,a5ffc907-be77-43e6-8694-4a0bf09bd3fb,2024-05-13T10:16,9,145.80,Card,Completed
6004cbf1-8f4d-4bc2-93af-ec35c088975c,6f61ca8e-51a1-48e0-abfa-88326e713e34,2024-12-10T10:16,2,47.70,Online,Completed
b3e54027-bb73-4500-9e36-d0177e33917e,7509850a-5062-4da9-aad6-bc5b9e363ef1,2025-06-06T10:16,7,39.34,Online,Completed
78cefa1e-9adc-4d41-92f7-c49e0cdba50d,e85d0261-2d97-4475-a749-363ec9040a74,2024-09-19T10:16,8,149.12,Card,Cancelled
af16dc41-9f56-4bc2-ac19-4aadd934ebf7,60cd80b6-3967-4dae-b4df-adc7b5644971,2024-03-02T10:16,4,81.40,Card,Cancelled
7afd62d9-9773-42a9-8839-18154a16b0e6,7509850a-5062-4da9-aad6-bc5b9e363ef1,2025-11-09T10:16,6,81.00,Online,Completed
24f645a1-c061-47e1-922a-be55b61c0b4a,27e45431-1333-4ffd-a0c8-be56ffdc5d4e,2024-09-18T10:16,2,50.64,Card,Cancelled
f7b56baa-55a8-4c97-8c17-30a2f48b5dc9,7169ef0c-f2c8-4ae3-83f6-87691664d2d2,2025-04-13T10:16,2,40.60,Cash,Pending
a174f98a-7e5e-4080-a960-b3479ecb9099,98b17fed-218c-4f20-8410-9f0edfc74455,2025-03-23T10:16,2,46.46,Cash,Pending
a1a84180-c4a1-48af-86b9-5abbc44fc41e,f0a6a958-e434-41bf-a830-dffa55a34db5,2025-10-06T10:16,2,49.48,Cash,Pending
1bf7421f-f64b-4f12-a23a-06cacbfeed6a,fdb5454e-2230-489e-ade4-9218ff28cbd8,2024-12-23T10:16,6,162.12,Cash,Completed
1d68c9c4-787a-4f95-b91e-fd1ace7723ca,1407e9cf-22c9-4137-a2fe-cc12dc038235,2025-07-20T10:16,5,56.30,Online,Completed
a28adf05-4047-4af7-959a-70bd94457783,53db1213-7316-47bb-9099-c1def0e3c96b,2025-09-26T10:16,1,24.54,Online,Completed
ce8b9e99-29c4-4aee-95c2-def777f3e8c4,52f5634d-de98-4543-8a1e-cbf1e2d0242f,2024-09-28T10:16,2,31.46,Cash,Pending
14e11aef-32d1-4437-b72b-87fa5934df41,4e6807ca-aed8-4ec9-b1b0-0e3aba57efb1,2024-06-24T10:16,3,41.25,Card,Completed
db05bfae-7fe2-4cfa-9baa-bdb7fbf4e2e7,7509850a-5062-4da9-aad6-bc5b9e363ef1,2025-06-26T10:16,1,13.10,Card,Cancelled
ab44f018-86c4-493c-a0ac-a05693b8b645,36b880b0-e9bd-4c0b-8f1c-32018f6c758a,2025-05-06T10:16,1,14.00,Online,Pending
16fd25a4-c455-46c7-a58c-395e2f906caa,b3688304-b24b-416a-9bf4-c2b6aaeb59d3,2025-08-10T10:16,6,120.72,Card,Pending
a4b466fc-8a5f-469c-b28a-f55a55d4cbb7,6c3bf618-a715-40f9-9faa-cfc5f5beef2f,2024-05-09T10:16,1,12.18,Card,Pending
934172ca-b711-448b-8ec1-6f2caec40c09,25659c0e-6eb5-4c57-add8-fb6ac5f42699,2024-03-17T10:16,2,52.46,Online,Cancelled
f7fd4692-b1b8-4781-83e8-e022be2c42c0,500fde18-ea61-4380-9ea4-f06d09985870,2024-03-06T10:16,8,65.68,Card,Completed
e56cd894-6ff1-42fc-b8a5-ac35c21b2e1a,f543de06-e341-4de2-95ab-ca0fd3ee51fe,2025-09-17T10:16,3,35.04,Online,Completed
af217348-f328-476e-aade-f3b8c141ecad,d3f641e5-b8b5-4f5f-9155-7768df2033e8,2024-02-12T10:16,1,10.71,Cash,Cancelled
3d3295ba-37a0-46e0-9142-49d8f7541a49,bf0de251-90d7-423c-8b31-48df1a89964f,2024-05-17T10:16,6,177.66,Card,Cancelled
e18e333c-9126-47cd-8333-67f31312e974,ef7fad1f-a86f-4ee1-95b4-ce1f339f0fa5,2024-07-18T10:16,7,136.78,Cash,Cancelled
a02c9755-b8f6-4228-9d8d-4cb2943bd793,428424b7-1f94-496a-8b7a-497ce177d32c,2025-01-19T10:16,3,27.36,Online,Completed
8a83cde7-a393-478e-a118-cc74046f667c,1eeb9c5f-5b7a-47af-b4f1-5a50d9d1089c,2025-10-01T10:16,9,108.90,Online,Cancelled
52b89f4d-bb4e-4006-acf7-84e5a5960994,4bb2d776-14c0-4ef6-b8ba-c580cbed72b8,2025-07-27T10:16,7,81.20,Online,Pending
856d8af3-78e4-48de-9989-28203b4cc373,9b9edd1e-b4f7-414c-b8b5-a3dc51fa0a8c,2025-01-03T10:16,8,54.24,Card,Completed
79fd9aae-c080-499d-8e9d-890abf7b7222,e85d0261-2d97-4475-a749-363ec9040a74,2024-09-02T10:16,7,87.01,Cash,Cancelled
1d5df3f2-33d6-4307-a36e-c54eaa6e44ce,bfa3444b-2be9-46be-b944-720d86a59770,2025-02-04T10:16,9,94.50,Online,Completed
4734cc93-57fe-4b53-878d-3b1cfa692549,e6e1db85-f8ba-4264-9c9a-520ecda4bc4c,2025-10-29T10:16,6,159.36,Online,Completed
a3b8711b-98ee-4641-89cf-98665e1d0438,fdb5454e-2230-489e-ade4-9218ff28cbd8,2025-03-07T10:16,5,34.90,Online,Pending
0fa6807a-0b6c-4324-9371-e6c0446f9ce2,8b546c63-5406-493d-bc69-cfb594b38267,2024-10-19T10:16,9,143.73,Card,Pending
58722ea1-eb0b-47bf-80f0-358b860a6cb6,a190f67b-21df-46bc-8164-46bdfa00af85,2025-10-09T10:16,9,101.61,Online,Pending
263a3783-06b7-4b08-bd4c-3b5cb4166f11,6e551d53-4f6d-4b84-a9de-3d7c79694805,2025-02-05T10:16,2,17.36,Card,Cancelled
f713847d-95f7-4b81-8ecb-7202fa74a7af,ec3490d2-e8da-47ee-ae12-0ca0b1d7a2bb,2024-06-29T10:16,4,20.04,Online,Completed
f0722825-dee4-4545-ac0f-4a0655c2723e,726d71e2-70fd-4416-8568-78619c14a73a,2025-10-10T10:16,4,77.64,Cash,Completed
a2b00135-f11b-443a-87f0-a27c36f547b0,9305d562-2505-493d-8ed8-3fb721c8f491,2025-06-28T10:16,2,53.64,Online,Pending
b210acf5-1d36-4d89-8fa3-543679e8fc85,b0d737cd-ec4b-4a88-aa81-d012ef3fb719,2025-07-27T10:16,9,78.93,Card,Cancelled
296a4776-f6c4-495e-892c-741eb8b3bdb6,c46351bf-193f-49af-a5d6-456188837c3d,2024-01-19T10:16,7,67.83,Card,Pending
4b75deba-eaee-4f64-bd6c-253f59ed4cd6,8b115a34-224b-453c-be69-b53a7445b466,2025-04-29T10:16,6,90.54,Online,Pending
6110edbd-13a4-4f9c-8553-9ccf22573a12,caad7924-4bc5-4f85-9662-11ca261e3c87,2023-12-15T10:16,4,88.88,Cash,Pending
83aa3a7e-f924-4716-8051-7532c6a0cb0b,d5eaf6a7-76cc-48ec-98d9-ba713e2df70f,2025-04-07T10:16,6,163.08,Online,Completed
0871b8ed-13bd-44dc-8d7d-23045cada153,52c87fd9-fdf0-4256-b929-6153ad24a0ac,2024-12-31T10:16,6,159.42,Card,Completed
2356f984-214d-4380-b2f4-99cc57a0fe0a,2ca088cd-c6c6-4e60-a1a4-d2990ee21b12,2024-06-05T10:16,6,160.62,Card,Cancelled
4c7575d3-e8e9-47e4-a7ac-e76f15087a33,8250871a-2b35-424e-a1a1-4eb4faffabfb,2024-02-26T10:16,2,17.26,Online,Cancelled
e50c831a-ec96-4b9a-b4a8-ee7a18187960,77ca464a-fe0d-4dcc-8f08-3eb2f7b64f76,2024-05-17T10:16,2,23.36,Online,Pending
2fc62c59-7bc8-427c-8b7f-1f847a7c2641,401a6911-a31e-4892-adc1-56e3e1eb090a,2024-09-25T10:16,5,48.25,Online,Cancelled
937a1c7d-38c7-4eb4-8e29-c4fcb3491cf0,6f61ca8e-51a1-48e0-abfa-88326e713e34,2025-07-14T10:16,9,183.42,Online,Pending
d5495017-7702-4b92-b41a-f2285eda6e5f,fdb5454e-2230-489e-ade4-9218ff28cbd8,2025-08-12T10:16,1,27.45,Cash,Pending
3f0f7955-99e6-4d47-897b-462c5b9bb21e,6117b6f0-c4f4-4bf1-9eeb-f33950decba8,2023-11-21T10:16,3,88.56,Online,Completed
c1836ee4-d62c-4d6f-b816-adfb28e4a40b,99c406e7-092b-4eeb-bc08-56fc041c253d,2024-05-03T10:16,4,74.68,Cash,Completed
d9d08d5c-c9cd-4e73-a150-bf00ac59fad0,cd50913f-8c99-4253-9134-0cf5fe5f300f,2025-04-13T10:16,6,118.20,Online,Completed
0ce1cd79-1b5e-43e2-95b6-e42dbe9db5ac,25659c0e-6eb5-4c57-add8-fb6ac5f42699,2025-09-26T10:16,8,221.36,Cash,Cancelled
133d5bf2-8117-4bc4-8a5c-d3c02fdf4f53,11526850-7335-463f-b740-a52a90457c3b,2024-05-20T10:16,7,103.53,Card,Completed
b54d0d90-5ffc-4a58-8d02-79bd60be9191,a302a1a8-c429-406f-abff-9f273aa0a4b5,2024-10-14T10:16,9,63.99,Online,Completed
b0b7b139-5e64-48ec-b416-04bc0a4a91e2,7509850a-5062-4da9-aad6-bc5b9e363ef1,2025-10-10T10:16,7,173.18,Card,Cancelled
d17061b5-4f08-4e50-8e57-3dd60ba01a65,6c6a3b10-9747-4dca-a041-4edc22d147b0,2025-09-10T10:16,6,129.30,Online,Completed
4b90ec59-ca9b-412e-844f-6072c9d120ed,caad7924-4bc5-4f85-9662-11ca261e3c87,2024-05-08T10:16,6,144.66,Online,Cancelled
231cc534-7d8f-443a-90eb-c5aed63bf2c0,6bd388d4-5636-450b-bacd-55bdcb769bab,2024-07-24T10:16,6,159.78,Card,Completed
a2b773be-5ce1-4c96-bd98-d20546b8b904,65b2c0ea-6192-47fc-9286-2c1dd3ecefb1,2025-10-05T10:16,1,26.72,Card,Completed
7dd2f396-e302-40a4-a791-ae6fa0e4573d,10b26c2d-7d56-4175-84a8-a2775e128a9d,2024-12-16T10:16,7,64.33,Online,Completed
ffc59e6b-61e1-4117-b6f9-c64844fd3c68,d87f31d7-79ef-4c17-856e-142e791b04da,2024-11-15T10:16,2,58.88,Cash,Completed
f0979167-e62a-42a8-8f83-2bb6e57f6b78,8e1bbe6c-7b75-46dc-8ca1-0b1664cd6ae4,2023-12-28T10:16,9,217.71,Card,Cancelled
5d6b516d-8b25-4fdf-8b29-ba107988f372,2a109685-1399-4149-8951-fba29bb0360d,2024-12-01T10:16,6,152.76,Online,Pending
6bfc3c3f-8580-441a-bb18-c2d4410e44af,92da274a-bea2-490a-bb52-196c46fa8487,2024-05-31T10:16,9,214.20,Cash,Completed
54db1aaf-2acd-47b1-a6f0-b04edafdfde1,74e76582-f1b8-4560-b049-8aebb59d4721,2025-07-28T10:16,9,49.23,Card,Cancelled
264124c4-615f-4e10-ad37-b73ebf866fa3,98b17fed-218c-4f20-8410-9f0edfc74455,2025-08-25T10:16,6,79.56,Cash,Cancelled
5ebdf6a5-b51c-440a-85d3-e6ba6eb53b58,aac35608-9499-49c5-811a-a059e773c968,2024-06-25T10:16,2,47.60,Online,Cancelled
002bb444-96ef-4034-9238-fc8f971117cc,d6d4ef4b-0870-48aa-b884-013237f255f4,2025-02-28T10:16,6,133.20,Cash,Cancelled
900cb9d4-5116-4c7c-80ee-4a9b1e714499,ebbc7df0-770d-44f8-b0ff-c62f9006e40e,2025-06-06T10:16,4,90.92,Card,Cancelled
4870cd4d-d7e8-4182-8a98-d5c95538c186,6c3bf618-a715-40f9-9faa-cfc5f5beef2f,2023-11-27T10:16,9,246.78,Online,Pending
b72f044f-ba71-4ef5-bbbd-dbc5dc29e6a5,ba5d9947-b043-4aca-8ee0-6b77895cf8e8,2024-08-06T10:16,5,41.60,Online,Cancelled
82a09010-424d-41e8-9f6b-01d480699977,1233cc27-7567-48e0-8dd2-6b0019506c2f,2025-02-12T10:16,1,10.09,Card,Completed
50d5cae8-1808-48a5-8f54-3206dfab0e28,67c276b0-7be6-4f3c-bf86-c342095c8112,2024-08-09T10:16,3,30.72,Online,Completed
5bf1e62b-daf1-49eb-86f1-4f2d4f109c68,bc58b12c-65c4-4f21-89ef-3e492a22ef7c,2025-04-25T10:16,5,133.50,Cash,Pending
05996173-44f7-4624-b058-943dad58b54d,4f6ae324-5b6d-47d6-a86d-26ec6fbe1e0e,2025-08-24T10:16,9,252.09,Cash,Completed
661a433c-1081-46a2-b4df-55eafda8de7f,910b1d47-5c37-48b1-8bde-96c60660f1d7,2025-05-10T10:16,6,71.40,Online,Cancelled
814ee1c4-52f4-4829-a4a5-7c86a4b13e5e,d87f31d7-79ef-4c17-856e-142e791b04da,2024-11-20T10:16,1,14.47,Card,Cancelled
50760fb6-2ba7-48af-a6f8-cece32831956,b014b56e-3263-4b63-8430-46e00bc5ea77,2024-06-25T10:16,3,60.99,Online,Completed
0d46c50b-d24d-4de9-9d35-3fbacf97761b,09ba4183-1b94-4f8c-bc5f-eca421a88524,2024-08-31T10:16,6,68.22,Online,Cancelled
dcf14854-e3d0-4075-a127-ea331defcf77,10b26c2d-7d56-4175-84a8-a2775e128a9d,2024-08-18T10:16,9,211.95,Online,Completed
c4169e84-a170-4ed1-90db-1eac893c5a6f,f543de06-e341-4de2-95ab-ca0fd3ee51fe,2025-09-19T10:16,9,63.45,Online,Pending
7c6e7197-beeb-46d0-9571-62266c9165d0,f3826f04-0dfa-4266-8002-58fede0093f5,2024-06-23T10:16,4,37.00,Cash,Pending
01709a1a-7182-4309-896f-ef6d101703d9,52f5634d-de98-4543-8a1e-cbf1e2d0242f,2025-10-02T10:16,3,21.15,Cash,Cancelled
40011530-48ee-49c8-a415-3b22ab663056,09ba4183-1b94-4f8c-bc5f-eca421a88524,2023-12-30T10:16,3,57.30,Online,Completed
59c8cf90-1d05-4c5a-a58e-ca5b2adaec8b,0a15d43b-8f6b-444a-bef2-ffbddfdbd16f,2025-08-04T10:16,7,94.08,Card,Pending
b258acbd-a34c-4405-a906-6618c4ce3a17,1eeb9c5f-5b7a-47af-b4f1-5a50d9d1089c,2025-10-14T10:16,7,178.29,Cash,Cancelled
61fc61c3-062a-4d42-8916-f98664dad404,b0d737cd-ec4b-4a88-aa81-d012ef3fb719,2024-04-23T10:16,1,24.63,Online,Completed
4b2919b0-581a-455b-b10c-08492dc84385,6f61ca8e-51a1-48e0-abfa-88326e713e34,2024-03-28T10:16,7,126.70,Online,Completed
17af655d-7d0c-4ee4-8567-a9245775a3f0,9c53f3f8-5b22-4d77-bd76-cfa6c70e443c,2024-11-22T10:16,3,15.99,Online,Pending
4583f950-898b-49ce-9e77-87bb46a531e4,1407e9cf-22c9-4137-a2fe-cc12dc038235,2024-05-02T10:16,1,19.11,Online,Cancelled
021cb18f-42ac-4597-8aec-d47d063e7356,1eeb9c5f-5b7a-47af-b4f1-5a50d9d1089c,2025-08-01T10:16,4,74.44,Cash,Cancelled
c4d494b5-d7e0-4fff-9787-53bf6b5d74bd,6e6d2c67-f7fb-4a98-8f9a-4822259b25c4,2025-01-11T10:16,5,74.00,Online,Completed
f24d1d5d-9af2-43a7-bd65-60f17757349d,e119f98a-df63-41dc-8e01-bb49ca2dc724,2023-12-24T10:16,7,139.30,Card,Completed
cbfa5d75-ecfe-49d6-a287-b4f9c309047b,4e44f26d-5455-405b-8fdb-63ab8b739ecf,2025-08-07T10:16,5,103.55,Online,Completed
fba67c61-66eb-4e03-a25e-eade4380a7b9,67c276b0-7be6-4f3c-bf86-c342095c8112,2024-11-10T10:16,2,57.86,Cash,Pending
5820b47c-2107-4007-a47a-04cef52e5f7a,e6e1db85-f8ba-4264-9c9a-520ecda4bc4c,2024-02-26T10:16,5,85.85,Cash,Completed
20d3ce9f-a13e-4ebe-9113-636a1f7b4e64,8626238e-5813-415a-9a8c-db944b1e0269,2025-09-12T10:16,1,28.14,Card,Cancelled
3c39e30a-3de6-4aa8-a15c-3207c98bc3c3,06e585f0-5b60-4900-81d1-3379328e6c17,2025-04-24T10:16,6,178.92,Online,Pending
5757909d-b986-428c-8af3-d6a1983adfd4,9c53f3f8-5b22-4d77-bd76-cfa6c70e443c,2025-06-06T10:16,7,42.63,Online,Cancelled
9e0544e9-1d22-4cfc-9755-ef3c28be6a2a,4f6ae324-5b6d-47d6-a86d-26ec6fbe1e0e,2024-01-23T10:16,2,14.84,Card,Pending
672f22e3-f8d4-4631-a950-488b1efc674b,e277d099-db2a-4aee-ab86-8b0e73a34383,2025-08-07T10:16,7,83.93,Cash,Cancelled
230f4b9e-8be0-4b95-8399-eb390ad62998,39cb44e2-a541-4b98-bc0b-db5f31cf8710,2025-06-24T10:16,3,53.64,Cash,Completed
21c3ab75-512c-485f-b679-4e6cee0739c9,6aaabc79-3d35-410f-bb96-f86a3930d0ff,2024-10-07T10:16,9,95.94,Card,Pending
41aeca47-dc45-43bf-82aa-c38281f2cecc,11526850-7335-463f-b740-a52a90457c3b,2024-02-24T10:16,2,14.26,Card,Pending
7ec92824-498d-44d2-bc3a-130007f73f22,6117b6f0-c4f4-4bf1-9eeb-f33950decba8,2024-02-22T10:16,2,43.82,Online,Pending
c8e71def-ddc7-462c-91dc-6ea3aafd6b85,cf65c4b6-4c1c-420b-95de-23e5b56ffad5,2024-07-19T10:16,7,45.92,Card,Completed
406fd864-d770-4035-a7eb-3a005bb40253,bfa3444b-2be9-46be-b944-720d86a59770,2024-03-11T10:16,2,26.58,Cash,Pending
0e9ec9bd-3371-4bf8-b083-2d95bb02db82,b014b56e-3263-4b63-8430-46e00bc5ea77,2023-11-22T10:16,2,11.68,Cash,Pending
12e2ba57-49ff-405b-a094-b2dfa52fb62f,39cb44e2-a541-4b98-bc0b-db5f31cf8710,2024-06-05T10:16,7,36.61,Cash,Completed
dc17f6dd-4643-485f-88d9-f663766c7385,0a15d43b-8f6b-444a-bef2-ffbddfdbd16f,2025-03-26T10:16,8,175.28,Card,Completed
e84d7590-643e-4b8f-bd8a-c65de5333e05,7c991f43-c18b-4404-8826-97691b0dc00c,2025-11-04T10:16,9,85.50,Card,Cancelled
404c5b8a-be39-419e-9d74-0acdd03adf68,56a75a3e-a944-4147-8cba-f1024726993f,2024-07-24T10:16,2,59.54,Card,Cancelled
374d5454-a1e5-4cf1-a8a3-a3a2299913aa,bc58b12c-65c4-4f21-89ef-3e492a22ef7c,2024-01-31T10:16,6,132.72,Online,Cancelled
2f1d84e5-de44-4afe-baf3-5be4522b47f1,ebbc7df0-770d-44f8-b0ff-c62f9006e40e,2025-03-17T10:16,6,36.36,Card,Cancelled
2849ef54-154c-4b69-99a0-e5ac7af085e5,fdb5454e-2230-489e-ade4-9218ff28cbd8,2024-11-01T10:16,7,113.61,Online,Completed
99bad9f9-d599-4687-b2c3-38f920a50d6c,6e6d2c67-f7fb-4a98-8f9a-4822259b25c4,2024-12-12T10:16,7,125.02,Card,Completed
94d4cb85-71a2-4188-9720-51f94679c87f,bb9edfa8-17f7-4f6f-8e3b-616693a298b1,2024-10-23T10:16,7,179.48,Online,Pending
3fcefe5b-66b5-4a53-a3ec-48441d585573,c0d74d86-5c5b-481d-b8e3-61eeb9c77255,2025-08-24T10:16,4,46.00,Cash,Cancelled
33ebdbd3-a38a-49ca-aee3-43af68b2091c,aff4340c-d102-49ba-af8e-84d2737ce82c,2025-11-10T10:16,3,40.17,Card,Completed
806aab2f-8c3f-439e-bbff-89b9a513c577,000f9c8f-2fc7-4346-844d-c04f10751265,2025-11-08T10:16,3,53.40,Online,Cancelled
147526b1-b6f6-4ba1-9752-d46c9dd7b25b,c83bba2f-5229-4998-9566-1f3179b13e8a,2025-03-05T10:16,6,45.66,Cash,Pending
faaadb71-6352-4c9c-bbca-1b77febc289b,1d32c3b3-c732-4995-aa6b-ff159deb3bdf,2025-11-02T10:16,4,42.96,Card,Pending
8ebacd22-dbfb-4f8d-bfd2-6b57082bafc8,ba5d9947-b043-4aca-8ee0-6b77895cf8e8,2025-09-26T10:16,9,47.34,Online,Pending
3642f3ec-ee7c-48fd-aca0-12899fa38eb6,65b2c0ea-6192-47fc-9286-2c1dd3ecefb1,2025-07-15T10:16,2,13.16,Cash,Completed
7477f0a8-b404-4944-b037-0be5fb17ec76,ebe19120-496a-47fa-87eb-2440212a3363,2024-01-16T10:16,3,59.16,Card,Completed
237f2f82-ebd0-46e1-9b3a-6ad0c6d8c699,d5eaf6a7-76cc-48ec-98d9-ba713e2df70f,2025-11-05T10:16,4,48.64,Online,Pending
4353021d-7ab6-469e-8508-ee7e49e3d2c8,f3826f04-0dfa-4266-8002-58fede0093f5,2024-05-26T10:16,6,51.42,Online,Cancelled
4e1fb17c-95e1-45ad-8181-5a7e61c87282,9c53f3f8-5b22-4d77-bd76-cfa6c70e443c,2023-11-26T10:16,5,147.95,Card,Pending
984c730a-b800-48a9-aba0-50951c44f980,89d26a00-0fde-4c03-8430-b06f6bc3f33a,2025-08-28T10:16,1,8.33,Online,Completed
9fd9cf43-200d-45f0-9890-fbb1eadfdc0f,11526850-7335-463f-b740-a52a90457c3b,2025-01-13T10:16,7,71.05,Card,Cancelled
18519613-dd00-4e08-a4d7-4ae343fa06b9,910b1d47-5c37-48b1-8bde-96c60660f1d7,2025-06-18T10:16,9,84.42,Cash,Cancelled
45a06cb0-1c81-49a5-a4fc-1c28f8eaaa79,000f9c8f-2fc7-4346-844d-c04f10751265,2025-08-14T10:16,4,62.92,Cash,Cancelled
e67302c5-6c2a-48d5-b3a6-708baab16382,e85d0261-2d97-4475-a749-363ec9040a74,2024-01-28T10:16,1,12.06,Card,Completed
a7955ec6-3142-4ede-b9fe-3fd9cc971d80,d87f31d7-79ef-4c17-856e-142e791b04da,2024-06-24T10:16,8,118.96,Card,Cancelled
4f2c9289-62e7-4e83-b5f1-9929d0765677,0a15d43b-8f6b-444a-bef2-ffbddfdbd16f,2024-01-18T10:16,2,46.44,Online,Completed
ba7a7f5a-5669-4040-b225-c9f68f2fdc5f,4e6807ca-aed8-4ec9-b1b0-0e3aba57efb1,2024-06-03T10:16,9,96.03,Cash,Cancelled
f9221420-ef9b-44b0-963a-f3374695cef2,77ca464a-fe0d-4dcc-8f08-3eb2f7b64f76,2025-03-21T10:16,6,34.98,Online,Cancelled
74da928a-b03a-4050-9f3a-af92599792ac,726d71e2-70fd-4416-8568-78619c14a73a,2023-12-14T10:16,3,33.93,Online,Completed
2f85860a-e6a7-439c-9174-e5f6b009f43f,4e44f26d-5455-405b-8fdb-63ab8b739ecf,2025-07-13T10:16,8,105.36,Cash,Cancelled
e14c0451-d635-40d3-a878-dd650633a32a,ebbc7df0-770d-44f8-b0ff-c62f9006e40e,2024-12-14T10:16,7,70.56,Cash,Cancelled
94c92eaa-1031-4804-99f2-36bada97802a,d33bbfcd-a2ca-4e80-8a1c-65223f061e7e,2024-03-11T10:16,5,72.30,Card,Completed
7512226b-357a-492e-a630-b6c548c01eb0,ada8704c-2784-4d70-84da-10078407d2c8,2025-08-13T10:16,7,199.15,Cash,Pending
952324e8-feb5-4afd-8099-efcb46d23c50,e38afcd9-9e08-47ba-bc92-5ebb4bc271eb,2025-11-08T10:16,8,162.64,Cash,Completed
7e6306a9-7fd6-405c-8989-25ea23b569a1,f90cf3ca-e2d0-4129-bc7a-e8a2b80880da,2025-10-27T10:16,6,86.82,Card,Pending
dc749cc1-af01-4330-955f-0356bf8c2326,2ca088cd-c6c6-4e60-a1a4-d2990ee21b12,2024-06-24T10:16,5,44.95,Card,Cancelled
d1f88f19-6fa5-498e-91e1-fd0630097fda,4717d2a3-4b2a-44f1-b960-a2b73e2d23fd,2024-09-12T10:16,2,33.28,Online,Completed
14806c4e-3181-4096-b50f-14b27604a1e8,4739f27f-7a96-4d52-83ae-0c6fd4c8c606,2023-11-29T10:16,1,23.90,Cash,Cancelled
a46d7b3c-0d7d-4669-9616-e7daf6b8d623,0dd437d0-74fa-43c3-8909-5c955e4d47dd,2025-02-28T10:16,2,16.10,Card,Pending
d013597a-0d7d-42f5-ab36-ab0577abbefa,795088d7-d227-422e-ad8c-f048bde0675e,2025-06-01T10:16,5,71.00,Online,Cancelled
e156038f-8a18-4415-9ce3-730e86d2bd4b,e6e1db85-f8ba-4264-9c9a-520ecda4bc4c,2024-06-13T10:16,5,77.70,Card,Cancelled
ce5e49e9-2dc6-4949-b518-693e8053c3ee,36b880b0-e9bd-4c0b-8f1c-32018f6c758a,2025-08-04T10:16,5,121.75,Card,Pending
c8d94e34-df4b-4f39-a0c8-3e889de03c94,1233cc27-7567-48e0-8dd2-6b0019506c2f,2024-05-03T10:16,9,251.01,Card,Pending
44ab93e6-5ecd-48d3-b71c-daf1dfe6b278,e277d099-db2a-4aee-ab86-8b0e73a34383,2025-05-24T10:16,1,22.89,Online,Completed
92d57481-9d08-4e7d-9921-459eabbf555c,365c90d0-a590-4209-9401-2ce55af5ed98,2025-01-10T10:16,1,6.27,Card,Completed
06cc52ab-78db-417d-b3c5-e03d6981f2f6,5f0f3def-9ff6-4282-ad04-001c4a769966,2025-11-02T10:16,5,141.40,Cash,Pending
d6683aa9-4f38-4368-a05c-e8176682a35d,e7991221-0de0-4ef8-aa9c-ca3b59197059,2025-04-24T10:16,3,31.53,Cash,Cancelled
f35f5d8d-aa30-42d1-9e0e-e13811498663,515fe1d2-d33a-4b9d-8c19-07e0cbe81a9a,2025-04-19T10:16,6,139.50,Card,Cancelled
39b21857-9486-48c4-994b-6b2aa2948027,365c90d0-a590-4209-9401-2ce55af5ed98,2024-07-17T10:16,7,185.92,Cash,Cancelled
1e11a837-fd7e-482e-bd32-d6f87bdaf13e,e6e1db85-f8ba-4264-9c9a-520ecda4bc4c,2024-07-08T10:16,4,27.52,Card,Cancelled
d2dd80a0-e1bd-4a89-8dc6-d2767e4580e9,3e97fc93-73a7-45e0-9888-f7a03ee258a7,2024-12-15T10:16,1,19.63,Cash,Pending
ac51a35f-320b-4bfe-a217-5420ede80cd7,fe624323-ba72-456d-9842-ed9e0edc75df,2024-05-21T10:16,7,54.18,Online,Cancelled
e6f9da94-3a57-4930-ad95-7308df065b83,6f61ca8e-51a1-48e0-abfa-88326e713e34,2024-11-09T10:16,4,94.52,Cash,Cancelled
e5fcb72f-1db7-480b-b090-48125c6bd1d3,6117b6f0-c4f4-4bf1-9eeb-f33950decba8,2025-02-07T10:16,6,54.84,Card,Cancelled
fafea62b-4e36-4af1-ac36-f58615d776f7,c63bd277-c81c-40c5-8720-6ce916d653c4,2025-09-02T10:16,5,140.80,Online,Pending
740e5d07-b342-419a-8554-76e1d7f3625a,a190f67b-21df-46bc-8164-46bdfa00af85,2024-05-03T10:16,3,89.19,Cash,Completed
b7ab6646-810f-46b5-a459-e65ab36442ea,c46351bf-193f-49af-a5d6-456188837c3d,2025-10-14T10:16,7,89.95,Online,Completed
5c787455-9ece-400d-b9cd-cb526ae53a50,6bd388d4-5636-450b-bacd-55bdcb769bab,2024-09-15T10:16,7,63.00,Online,Pending
34db2564-bab4-4bb6-ac55-931ac55670b3,7c991f43-c18b-4404-8826-97691b0dc00c,2025-09-13T10:16,4,38.00,Card,Completed
d9c5b17a-37cd-47aa-9d6a-26d8dd2ab4bf,a302a1a8-c429-406f-abff-9f273aa0a4b5,2024-07-28T10:16,5,106.05,Cash,Pending
ff4f401d-8241-4174-be5c-e5dc4b6cacb9,1eeb9c5f-5b7a-47af-b4f1-5a50d9d1089c,2025-01-30T10:16,1,15.72,Cash,Cancelled
09b48270-44a2-489e-bfae-f1283b5eeb78,6aaabc79-3d35-410f-bb96-f86a3930d0ff,2024-06-29T10:16,9,200.97,Card,Completed
f90f9a80-0292-41da-9278-69aababe76a2,0a0ac3e5-6e20-4fbc-87ec-5481c70e38bc,2024-03-15T10:16,9,261.18,Online,Pending
9dfeebf2-569e-422d-8076-fea5ae1b3fc4,89d26a00-0fde-4c03-8430-b06f6bc3f33a,2025-09-14T10:16,5,39.85,Cash,Completed
32f586c6-12bd-4ef2-9f69-070ee465c9ec,cf65c4b6-4c1c-420b-95de-23e5b56ffad5,2025-04-10T10:16,4,76.36,Card,Pending
f671f000-5ac4-4564-b088-8d3188793d3d,4bb2d776-14c0-4ef6-b8ba-c580cbed72b8,2025-07-12T10:16,4,67.80,Cash,Pending
ff22e5fd-a7bb-470a-8692-29486a01ed1d,8b546c63-5406-493d-bc69-cfb594b38267,2024-04-05T10:16,6,127.74,Card,Completed
05dcc062-1c8a-4caa-b189-2a4947a3e45e,65b2c0ea-6192-47fc-9286-2c1dd3ecefb1,2025-09-25T10:16,7,192.92,Card,Pending
0ed90783-ef55-4d19-a8fb-30ebd2a2188a,a190f67b-21df-46bc-8164-46bdfa00af85,2024-06-27T10:16,2,42.72,Cash,Cancelled
2544ba71-ba3a-4b8c-8b40-b4c6acf5f80c,d33bbfcd-a2ca-4e80-8a1c-65223f061e7e,2024-06-28T10:16,3,40.74,Online,Pending
e608b0e4-81ad-4fe2-afeb-bcf491242d2a,365c90d0-a590-4209-9401-2ce55af5ed98,2025-09-01T10:16,5,89.30,Card,Pending
54303830-feab-4a6b-92f1-81a93df03ac9,67c276b0-7be6-4f3c-bf86-c342095c8112,2025-05-12T10:16,2,28.44,Online,Pending
2f96c8b6-0570-421f-9d51-fba27aba8757,1233cc27-7567-48e0-8dd2-6b0019506c2f,2025-01-11T10:16,9,239.13,Online,Pending
aa488d74-82c8-4c30-b621-93d7de34ee54,93cdeef1-3fc3-4a63-a275-0ae87ae6b335,2025-05-13T10:16,6,51.12,Online,Cancelled
89febd12-1426-43b1-a51e-489fde4d016d,3910ab11-8758-4a4f-8a9b-c4f5df7413c4,2025-04-03T10:16,8,236.24,Cash,Cancelled
4c0321a9-7327-43af-b9c6-2d1c60ee2d09,e886c155-0dae-4b36-88f5-a86fa474d1f6,2024-01-28T10:16,8,112.80,Card,Completed
692742c4-5e57-4f41-93e8-f61e62755909,103fcba5-5588-45a5-9fe0-6ac948d3860e,2024-05-09T10:16,8,61.76,Online,Completed
b235a167-88ed-457c-b689-2fe105709811,4b14a58c-f1e4-40b6-888d-a88cd7055099,2024-04-28T10:16,4,34.04,Cash,Cancelled
9ed2a4c1-d6ba-4a63-9743-66760448caf0,6f61ca8e-51a1-48e0-abfa-88326e713e34,2024-12-14T10:16,8,169.04,Card,Completed
6a1793fc-98a5-4a16-ac69-3404ce5bd99d,ba5d9947-b043-4aca-8ee0-6b77895cf8e8,2023-12-05T10:16,7,145.88,Cash,Cancelled
6c531b39-6beb-4d5e-8ae7-599c3e7fa508,ebe19120-496a-47fa-87eb-2440212a3363,2024-08-02T10:16,9,159.84,Cash,Pending
d003e678-85bb-49fd-8ae0-55e0ddd979f1,8113211c-bdc3-4bb0-94d9-3fd3871f3005,2024-04-09T10:16,6,152.40,Card,Completed
707f8264-ebdb-4876-9bbb-0088bfc49beb,c3ffc43c-0c11-40fa-9824-f234161741d0,2025-11-01T10:16,2,33.60,Cash,Completed
d6e4eb25-d72d-48bd-9c87-637227100e2d,02c65c06-56ad-4670-b8e2-10ab417c7154,2024-08-20T10:16,3,20.16,Card,Pending
19fa5a58-231f-4214-a0ec-a56bd478e726,6aaabc79-3d35-410f-bb96-f86a3930d0ff,2025-07-02T10:16,4,110.16,Cash,Completed
fcc0fe60-8f6e-46f8-891c-586b4d686df4,6c6a3b10-9747-4dca-a041-4edc22d147b0,2025-09-19T10:16,6,70.98,Online,Cancelled
bc6622ac-9337-496c-b34f-830aa3204a16,8b546c63-5406-493d-bc69-cfb594b38267,2024-09-11T10:16,9,72.18,Cash,Cancelled
dab64200-bc91-47c2-9921-fccb77c188b2,80537cf2-360f-4740-8b7e-d4cd56e22987,2024-07-26T10:16,8,187.04,Card,Pending
a685be48-8b15-4f33-9f1e-a39e25c5824f,e886c155-0dae-4b36-88f5-a86fa474d1f6,2025-01-16T10:16,7,59.01,Cash,Cancelled
0e520e4c-7a7f-4007-820b-37a3348e5476,5400d214-6176-40bf-88d2-3f53ed38bf69,2025-10-27T10:16,2,51.06,Card,Cancelled
a8acba5c-c599-4370-967e-cf1a1a30c0b0,bb6ceda0-3f7a-4dfa-9862-41a88dd468b2,2024-07-28T10:16,4,92.84,Cash,Pending
30acf5be-3a80-4955-80fc-a7119bac2067,3ab3404a-ee80-4ed2-8d90-a6f0dad14e48,2025-04-29T10:16,9,172.53,Online,Completed
7de53391-ae80-41c6-bba0-f4e590f673e5,ec3490d2-e8da-47ee-ae12-0ca0b1d7a2bb,2024-05-04T10:16,6,33.12,Online,Completed
23bb7977-4669-410c-b7a7-ed997618ed1f,bb9edfa8-17f7-4f6f-8e3b-616693a298b1,2024-08-17T10:16,2,57.26,Online,Completed
dbd3b5d9-1619-4241-9c8d-da9a2b3126e5,d5cfb1a3-ce2f-4aff-ab4c-50e0c5426af1,2025-09-02T10:16,5,37.15,Cash,Cancelled
41e4720b-c6f4-4ef9-b64e-0af2e7bf6265,b95f7619-fab2-4df9-8683-1f2aeb93a660,2024-05-26T10:16,6,102.30,Online,Cancelled
297dd13f-c18b-4af6-afef-1c9e31da0d0f,11526850-7335-463f-b740-a52a90457c3b,2024-04-11T10:16,6,134.28,Card,Cancelled
ddf25c7a-c0f4-4733-ac0e-472cd11053b9,964d337f-acd5-4ca2-8843-9be3f2eb60fc,2024-10-22T10:16,2,11.56,Cash,Cancelled
04245394-9318-464b-ab90-4487a133a072,bc58b12c-65c4-4f21-89ef-3e492a22ef7c,2024-10-20T10:16,8,146.96,Online,Pending
3145c4f2-03d9-4425-8a97-c6550ca723c6,953417c6-cd52-45e9-9ca0-bb450653c934,2025-02-11T10:16,7,55.30,Online,Pending
8275f2c5-3261-4e5a-8620-04e3d6a79a50,53db1213-7316-47bb-9099-c1def0e3c96b,2024-09-04T10:16,9,130.14,Cash,Pending
1262e535-0535-4b61-b9b6-fe9391fb783a,4f6ae324-5b6d-47d6-a86d-26ec6fbe1e0e,2024-03-27T10:16,2,43.90,Online,Pending
c13074f9-704e-4108-9e59-161c0b4d3768,6aaabc79-3d35-410f-bb96-f86a3930d0ff,2024-10-28T10:16,6,30.18,Cash,Cancelled
8966e208-62c7-441e-a196-1ab50e886f4c,6e551d53-4f6d-4b84-a9de-3d7c79694805,2024-03-15T10:16,9,54.00,Cash,Completed
68f4a0be-fef5-499b-b310-6186fdde3fe5,8113211c-bdc3-4bb0-94d9-3fd3871f3005,2024-06-22T10:16,1,14.41,Card,Cancelled
3354d943-8e0f-40c1-a14e-af71f549bf32,b047b369-02d0-4f25-9af0-f1e883228863,2024-01-31T10:16,2,15.70,Cash,Pending
fb463c75-4fbd-4e62-b5af-51563a683dd7,0472ca7f-b133-4710-8f43-24a3c6c1afd1,2024-06-18T10:16,3,24.15,Online,Completed
1cb78b79-9dd8-4956-9ec5-b97ba35cf697,941529ef-2114-4bff-907a-4596ff4593a1,2024-03-10T10:16,6,50.64,Cash,Completed
10b5d63f-c410-4f4c-b0cf-38fd7ab2d359,9fa382f0-8393-48db-ad30-43c953282401,2025-01-16T10:16,9,157.68,Cash,Pending
65355f76-7d37-4896-88da-297386bbaa8c,a938df5f-7764-459c-8bfd-90409d16b3c6,2025-07-26T10:16,8,169.84,Card,Completed
192175e0-c262-4faa-b406-332f27c473fd,bc58b12c-65c4-4f21-89ef-3e492a22ef7c,2024-09-17T10:16,4,101.76,Card,Pending
6d76474e-6799-499d-b69c-18db8a4bf2ff,050d9901-1cb5-413a-9c31-282028f863c1,2025-07-24T10:16,2,14.98,Card,Pending
a448b9be-e8c8-4777-ac6f-9bffd69a8a55,a3f626b9-cc27-4c04-8570-be79ab8bda4a,2024-02-03T10:16,2,10.40,Online,Cancelled
a70674aa-9bd3-423a-84ec-a8e5829566ac,0a5bd884-b432-4ce5-b14e-44b4aedd4c0f,2024-10-22T10:16,8,237.36,Cash,Cancelled
b92b4621-4d36-48a8-b09a-2fd005d5d305,1233cc27-7567-48e0-8dd2-6b0019506c2f,2025-05-30T10:16,9,258.66,Online,Cancelled
4d09551a-7293-4641-a333-7874df20cc54,71f17b36-2c37-4cfa-bf8a-894fa94c0e9b,2025-04-12T10:16,2,53.46,Online,Pending
8d0556d0-3ccd-488d-ab0b-f99eda221469,93cdeef1-3fc3-4a63-a275-0ae87ae6b335,2025-05-16T10:16,7,67.27,Cash,Completed
64d289af-4da4-46dd-b4ff-e2fee0499ef7,0b2a0e9a-e050-4380-b607-57adcbbf59d4,2024-05-06T10:16,1,20.76,Online,Cancelled
3f51d080-4539-457b-ba26-620efef34887,49af098b-bf79-4643-8e49-739ea932d38b,2024-06-28T10:16,6,130.32,Online,Completed
e64dea0c-e16a-4f68-9060-6d205a5b19b6,d3f641e5-b8b5-4f5f-9155-7768df2033e8,2024-11-09T10:16,3,46.32,Online,Pending
425a1724-54db-4afd-ab07-40113ef46329,428424b7-1f94-496a-8b7a-497ce177d32c,2024-04-16T10:16,5,137.60,Online,Cancelled
c41e06b3-f339-443f-98e7-6aa854aa31ba,726d71e2-70fd-4416-8568-78619c14a73a,2024-04-08T10:16,1,10.73,Card,Pending
3e9058a4-c2fe-408a-9eeb-3dbe1ae19145,500fde18-ea61-4380-9ea4-f06d09985870,2024-10-04T10:16,4,30.32,Card,Cancelled
a432d3ee-aa76-4255-91de-b549905bcdfc,2a109685-1399-4149-8951-fba29bb0360d,2025-03-15T10:16,9,222.57,Card,Cancelled
364f6df9-67c1-46b6-920f-3d85bbbf66ab,caad7924-4bc5-4f85-9662-11ca261e3c87,2024-11-27T10:16,9,105.03,Online,Cancelled
dce6c89d-2d88-432d-a304-799960ebf11d,050d9901-1cb5-413a-9c31-282028f863c1,2024-03-15T10:16,8,50.88,Cash,Cancelled
52b32cf5-e5c1-49a7-ae76-6f66919ae34f,f0a6a958-e434-41bf-a830-dffa55a34db5,2024-04-07T10:16,6,41.88,Online,Cancelled
dd7687cd-68cc-4121-9f6b-1b35342c5155,e7991221-0de0-4ef8-aa9c-ca3b59197059,2024-01-29T10:16,5,112.80,Card,Cancelled
820d123c-5422-4b69-9e6c-3ed550edf760,89d26a00-0fde-4c03-8430-b06f6bc3f33a,2024-12-31T10:16,2,41.54,Cash,Cancelled
8a98ec78-ea6b-4abc-b0a4-484010d114a7,0df3bae1-6384-4856-aa27-aef9f6c48b75,2025-09-30T10:16,1,17.64,Online,Cancelled
959686b0-d7f3-44e6-b309-58181bf8d494,0a0ac3e5-6e20-4fbc-87ec-5481c70e38bc,2024-10-05T10:16,5,115.00,Online,Completed
3ac63cbe-63e8-457c-8ca9-d38781a85b2f,a190f67b-21df-46bc-8164-46bdfa00af85,2023-12-20T10:16,3,67.05,Online,Cancelled
ba76e0ba-b1a3-4a1b-a7c5-9d51187ad5b5,e38afcd9-9e08-47ba-bc92-5ebb4bc271eb,2024-10-30T10:16,1,7.44,Card,Completed
94056963-e444-4774-ad52-b0d515f3cd15,d7af10ce-45c9-4fc8-8dd8-b1c5491aad5f,2025-03-08T10:16,4,84.68,Online,Pending
33e8cdfe-02aa-493d-a5dd-7b1757a02ed1,dcfb3d05-846d-4915-99f3-ebbc7559d972,2025-07-11T10:16,8,179.84,Card,Pending
06cb9374-2f85-4cae-b956-e3ad34dc5913,52fbb114-83aa-432d-b2f1-f3e37a5c4754,2024-06-06T10:16,6,83.04,Online,Completed
e9890a07-b762-40bc-9839-624614f6d92e,a3f626b9-cc27-4c04-8570-be79ab8bda4a,2024-08-25T10:16,7,183.33,Card,Completed
2e493773-5880-4e7d-bdde-804340e771cb,65b2c0ea-6192-47fc-9286-2c1dd3ecefb1,2025-01-09T10:16,3,76.83,Cash,Pending
ca0289d9-2a93-4529-ab41-9ed76075c4f7,500fde18-ea61-4380-9ea4-f06d09985870,2025-01-12T10:16,8,143.44,Card,Pending
18480b03-a97d-444f-acfc-e58eecfbfd54,9305d562-2505-493d-8ed8-3fb721c8f491,2024-08-04T10:16,6,89.34,Cash,Pending
25b07fdd-5725-49ef-8d20-2c7808fab661,c9dcc28a-ae5f-477c-ae7e-72d94129f449,2024-01-15T10:16,9,118.80,Cash,Completed
98cebd0d-5c6a-47cf-b720-ea08ea790420,7509850a-5062-4da9-aad6-bc5b9e363ef1,2024-06-06T10:16,7,204.75,Online,Pending
2f625b52-983a-4876-b821-04a8f618dfbc,5f6e51da-5f01-4c9a-85dd-7d50ef37e5d7,2025-03-25T10:16,8,130.64,Card,Completed
1d109dac-bee2-4730-9455-d9f8fa82eda6,74e76582-f1b8-4560-b049-8aebb59d4721,2024-03-06T10:16,8,114.72,Online,Pending
e93ef617-42be-458c-abe1-a7c8d7ad8fdd,e6e1db85-f8ba-4264-9c9a-520ecda4bc4c,2025-01-10T10:16,1,27.34,Card,Cancelled
5f485e98-0931-415e-bfd1-0091f4576a14,fdb5454e-2230-489e-ade4-9218ff28cbd8,2024-10-28T10:16,6,138.60,Card,Pending
8bf7edb4-23aa-45a1-9b72-d6bba435a2e7,7a18d550-38d0-40b2-84a7-547162e7e409,2024-07-23T10:16,9,159.84,Cash,Pending
68b1ef3b-ede8-4e12-9f86-0532b6b17796,ec3490d2-e8da-47ee-ae12-0ca0b1d7a2bb,2025-07-03T10:16,5,119.15,Card,Completed
82adb9ae-6d7d-4e8b-aeec-eb2c1ddf0034,e119f98a-df63-41dc-8e01-bb49ca2dc724,2024-12-16T10:16,2,22.96,Online,Completed
c3652882-b993-468c-9a02-ae3928cc8375,9fa382f0-8393-48db-ad30-43c953282401,2025-03-26T10:16,9,60.21,Card,Cancelled
082a1992-e0cb-4ae5-be91-b4f9f773254d,ecf1ffb0-ac00-4968-87ea-8beef4ace55a,2025-08-03T10:16,3,25.98,Card,Cancelled
8590464a-e393-4c85-a728-83a5d9d1a78e,941529ef-2114-4bff-907a-4596ff4593a1,2025-08-27T10:16,4,97.48,Cash,Cancelled
e3552e89-2ad8-49a0-ad30-a2831d298c28,0472ca7f-b133-4710-8f43-24a3c6c1afd1,2024-01-08T10:16,1,25.61,Online,Pending
e9963b8b-5392-48af-b9d5-3e185cfc1af2,06e585f0-5b60-4900-81d1-3379328e6c17,2024-05-13T10:16,9,86.22,Online,Completed
a2e7f734-2427-479d-8619-dab56890055d,726d71e2-70fd-4416-8568-78619c14a73a,2025-10-01T10:16,8,109.04,Cash,Cancelled
e53ba624-ae25-400e-b9e5-ee1b2e561158,e12c3d24-86c8-474f-b86b-370df36adbfe,2024-01-30T10:16,9,106.56,Cash,Pending
f4d5fa79-636f-4781-9f34-cb09d5907c8c,0df3bae1-6384-4856-aa27-aef9f6c48b75,2025-02-04T10:16,5,49.55,Card,Cancelled
a0548626-f4e2-4528-bfbc-65a5dccd9984,c0d74d86-5c5b-481d-b8e3-61eeb9c77255,2023-12-12T10:16,1,11.07,Cash,Completed
72118539-cb41-445c-8fc2-3653dfd2cecb,6bd388d4-5636-450b-bacd-55bdcb769bab,2024-07-02T10:16,3,48.03,Card,Cancelled
bf524382-e9cc-4846-994d-80b54dfd36ef,485b65e7-fdf4-474d-afba-37986d8d3cd8,2024-12-29T10:16,8,44.72,Card,Completed
4b82ab45-08ae-4a90-89c2-1d5fc3eb7c17,21edfc22-3f73-4335-a774-3cf78ab65e86,2025-07-03T10:16,9,112.14,Card,Pending
dbddf64c-9551-4d28-a288-a4bc183c99a1,c83bba2f-5229-4998-9566-1f3179b13e8a,2024-04-20T10:16,9,101.52,Card,Completed
ab731ecc-7ab2-48a3-bdbe-629de655493f,e85d0261-2d97-4475-a749-363ec9040a74,2024-01-11T10:16,7,99.89,Card,Pending
31ba6aed-c6df-4590-a02b-718670ad4f93,ecf1ffb0-ac00-4968-87ea-8beef4ace55a,2025-03-25T10:16,5,112.10,Card,Pending
510c772b-620a-4c37-b4fa-89abf13d6f71,fbe227d7-6d32-4407-9783-7fdac983e55f,2024-04-08T10:16,2,13.94,Cash,Cancelled
bc675532-bdd0-4999-b43b-812ad03a655f,f90cf3ca-e2d0-4129-bc7a-e8a2b80880da,2024-07-20T10:16,7,172.69,Cash,Pending
56a92003-f0da-46c0-a2c9-d222dc4ddb73,bb6ceda0-3f7a-4dfa-9862-41a88dd468b2,2024-05-07T10:16,6,160.20,Cash,Completed
dc5b45d6-746e-4c24-885d-fd794d3b17a6,62a2bfef-ca4a-4dec-90ea-bf15ea1880d2,2024-10-24T10:16,6,109.14,Online,Cancelled
88139780-5140-4664-b358-7025c6eae5d2,0472ca7f-b133-4710-8f43-24a3c6c1afd1,2025-06-13T10:16,2,49.54,Cash,Pending
ad1937c1-09db-4620-a2d4-82983b7820ca,f067e21d-d1d4-4e87-9cae-9753f5f9ccb6,2024-06-27T10:16,5,30.55,Online,Pending
e6b9cec8-9e92-4455-880d-4b5ad3b9b460,4bb2d776-14c0-4ef6-b8ba-c580cbed72b8,2025-10-11T10:16,4,80.96,Online,Cancelled
38497b9e-ddc1-4e89-8795-332d7cc1cc96,52fbb114-83aa-432d-b2f1-f3e37a5c4754,2025-05-19T10:16,8,229.04,Card,Completed
c066c9e7-df60-4446-9334-e90181934a48,e886c155-0dae-4b36-88f5-a86fa474d1f6,2025-09-12T10:16,8,49.76,Cash,Cancelled
84228f9d-28bd-46a5-9174-5754c85e76a8,3dcaabe3-78c9-4d88-bed5-56ca7ceea07c,2025-06-25T10:16,1,11.47,Online,Cancelled
187a656b-2002-4158-b24c-560228eebd0f,00d7ae70-0f46-4453-963c-4ab2a3d29314,2025-01-10T10:16,9,72.54,Card,Cancelled
7462130f-1560-4daa-a87f-aa803606fd5d,8113211c-bdc3-4bb0-94d9-3fd3871f3005,2025-04-17T10:16,8,202.72,Card,Completed
c5a27f80-0cde-4304-b14f-63e995629d5f,7d2df59f-386d-4aec-85a8-2443262a0cb4,2024-07-18T10:16,2,42.82,Card,Pending
21f484cd-77ac-403b-97d6-04be48413689,824998a2-7592-4051-ab0b-d5e12743c93b,2025-03-01T10:16,2,54.30,Card,Cancelled
8d4723ce-be3c-45aa-9f2b-f66bd9804759,ecf1ffb0-ac00-4968-87ea-8beef4ace55a,2025-08-13T10:16,9,81.36,Cash,Pending
41f72668-9279-4f9a-846f-c7b7c420fe28,98b17fed-218c-4f20-8410-9f0edfc74455,2024-11-04T10:16,2,31.96,Online,Completed
83274774-942d-4db4-867f-28ebe13f5a6c,795088d7-d227-422e-ad8c-f048bde0675e,2025-02-26T10:16,5,102.95,Cash,Pending
fbe24307-6868-4e28-8486-7c3a061010b3,6b1178fc-1745-401d-88da-3903c243ebe9,2024-04-15T10:16,5,104.05,Card,Cancelled
bd374cff-7fa2-412a-846a-1bd5329ae997,b3688304-b24b-416a-9bf4-c2b6aaeb59d3,2024-11-28T10:16,2,24.78,Online,Pending
f3b7dc2b-d7fa-427e-a718-ddccc8d5f76e,3910ab11-8758-4a4f-8a9b-c4f5df7413c4,2023-12-26T10:16,2,57.78,Cash,Pending
aa09f919-fdd4-43e4-9a7e-e9fc99525b19,d6d4ef4b-0870-48aa-b884-013237f255f4,2024-10-24T10:16,4,94.80,Online,Pending
d5891eb6-b3d5-4bb1-82e0-f1e2b0c4acb4,3910ab11-8758-4a4f-8a9b-c4f5df7413c4,2024-10-29T10:16,2,57.76,Online,Cancelled
db220f69-4e30-4f33-abb7-6909aaf579d3,52c87fd9-fdf0-4256-b929-6153ad24a0ac,2023-12-07T10:16,9,114.84,Card,Cancelled
beee9193-89a3-44d9-a00a-919a1ee75c4d,0e0d5f13-edd5-4ab0-9ddd-3df111bedc5a,2025-08-14T10:16,6,53.76,Online,Completed
64cb9469-6b58-4dc1-bf0f-244a56723081,ef7fad1f-a86f-4ee1-95b4-ce1f339f0fa5,2024-12-16T10:16,7,161.91,Cash,Cancelled
e962178a-f6f0-4bc1-b103-f4e2be6ac8f5,b90a3a7f-421e-47e5-8598-fe50f365a62e,2024-06-02T10:16,5,68.40,Card,Cancelled
04201edb-e9cf-44ad-9709-d7d8dc255b59,aff4340c-d102-49ba-af8e-84d2737ce82c,2024-12-07T10:16,9,45.63,Cash,Completed
031234c7-4c6b-458b-9f51-9b585f9fc070,98b17fed-218c-4f20-8410-9f0edfc74455,2025-04-29T10:16,9,243.63,Online,Cancelled
e0c42c0e-5ae9-4411-b6b4-da4f842d6ea3,a302a1a8-c429-406f-abff-9f273aa0a4b5,2024-09-06T10:16,4,73.68,Online,Pending
54731eeb-f044-4be5-a4a9-f83835a87d50,8e1bbe6c-7b75-46dc-8ca1-0b1664cd6ae4,2024-08-16T10:16,1,27.09,Card,Pending
5ed000ae-0317-4952-9675-30b746df4d1f,0d463f72-c3a1-4a2b-8d0d-1721a0d1a06b,2024-06-19T10:16,8,170.32,Online,Pending
9100a1dd-2645-4c89-9575-df1f627d9361,0a15d43b-8f6b-444a-bef2-ffbddfdbd16f,2024-06-24T10:16,3,84.66,Card,Completed
dd046703-4ca1-4c5e-a785-87974b460b71,14eace30-1ac2-411e-8eef-98e8f32a87fb,2025-06-10T10:16,2,10.30,Cash,Completed
a4644d89-cdbe-4c69-a0b3-ec696467bda2,ebbc7df0-770d-44f8-b0ff-c62f9006e40e,2024-09-17T10:16,7,203.77,Card,Completed
7e1cd8af-9b3b-4ff6-a344-bca4065c9b45,a5ffc907-be77-43e6-8694-4a0bf09bd3fb,2024-01-05T10:16,1,16.22,Cash,Cancelled
c32e5144-4979-4f68-be1e-331ac04cbc10,d5eaf6a7-76cc-48ec-98d9-ba713e2df70f,2024-08-21T10:16,3,56.19,Cash,Completed
44fd98bc-b032-46a2-a19f-352560962294,500fde18-ea61-4380-9ea4-f06d09985870,2024-01-17T10:16,7,46.06,Online,Pending
5fc19bab-61ca-427f-a388-e680ede7a46c,1a31c678-d420-495a-aff3-0f1609514e1e,2025-05-08T10:16,5,57.60,Card,Cancelled
8a1d52fa-7c73-468f-944f-c3880f5235fe,1233cc27-7567-48e0-8dd2-6b0019506c2f,2025-07-07T10:16,9,268.83,Cash,Cancelled
8b8a7683-e2c0-4021-8ac6-895984818f7a,2a109685-1399-4149-8951-fba29bb0360d,2025-08-27T10:16,6,58.44,Online,Cancelled
4bade4e6-4ab3-4359-9c3a-1d0930d4407c,5eb75bc0-d5fa-4209-9d42-7767f3f0585b,2025-03-12T10:16,1,22.29,Card,Cancelled
8c4e36cd-45a4-4f68-b33b-d5c4be03240b,d7af10ce-45c9-4fc8-8dd8-b1c5491aad5f,2024-08-06T10:16,3,72.93,Cash,Completed
3ab7c3fb-2dd0-43e1-8156-86940b0281ac,26d032f1-9fe9-487a-987a-a8be14e1db05,2024-06-30T10:16,5,81.55,Online,Cancelled
29a4ee38-12fb-48e4-b3c3-a5b7d7ccbbc9,ceafdb2a-788d-48e0-acdd-bd533a2e7ab6,2025-07-23T10:16,5,83.45,Online,Cancelled
6614c390-2d62-482e-9abc-503a2b2a2c99,fe624323-ba72-456d-9842-ed9e0edc75df,2024-03-20T10:16,2,33.98,Card,Pending
5cbdff4d-1b4b-4483-b712-61a2f65d57a1,c5817fdc-a4dc-4879-b957-30cfda62016b,2025-10-29T10:16,7,37.94,Card,Completed
d0ed3804-4d8b-428b-bebc-2a73eff0e7cb,aac35608-9499-49c5-811a-a059e773c968,2025-05-26T10:16,1,18.10,Online,Cancelled
0ad04b3c-6f6a-403f-8480-5cdbcc34de3e,f543de06-e341-4de2-95ab-ca0fd3ee51fe,2025-06-11T10:16,4,25.72,Online,Pending
bf2606f6-81ff-490b-810f-19ecf4dee36a,e277d099-db2a-4aee-ab86-8b0e73a34383,2025-01-04T10:16,7,126.77,Card,Completed
11914aed-9417-4d5e-b1dd-5eb12c939a18,3dcaabe3-78c9-4d88-bed5-56ca7ceea07c,2024-08-13T10:16,9,111.60,Card,Completed
a5e24f4d-289c-4dc3-87e5-8a70de9889b1,058b9c75-b72f-4594-80d2-e41194ff7672,2024-08-06T10:16,4,43.28,Card,Cancelled
ef073c81-b60a-4845-af04-8a69cd507c33,aac35608-9499-49c5-811a-a059e773c968,2024-06-27T10:16,8,214.24,Online,Completed
525d8dc6-73fc-41ce-8cda-711345151aa6,7509850a-5062-4da9-aad6-bc5b9e363ef1,2024-06-01T10:16,1,17.37,Cash,Cancelled
149d2840-7aaa-4b56-a8e6-03a5d522eb23,46032f36-69bc-465a-9b33-a5d560bfd77a,2025-05-29T10:16,7,55.16,Online,Completed
515b502d-5046-460b-9ad4-ae080094b684,1eeb9c5f-5b7a-47af-b4f1-5a50d9d1089c,2024-04-20T10:16,5,127.40,Online,Cancelled
c314fff6-d0a3-465f-9393-ac6ce0903900,bb6ceda0-3f7a-4dfa-9862-41a88dd468b2,2025-07-06T10:16,9,204.93,Cash,Cancelled
9d2b86bf-0bad-4a53-8629-9b9b0767f4ab,52f5634d-de98-4543-8a1e-cbf1e2d0242f,2024-03-22T10:16,3,42.48,Online,Pending
5fc1cbd6-1510-4f62-998c-3778400e4abe,8f7f530b-bb30-4a05-b437-744ed30af54f,2025-09-01T10:16,9,100.35,Cash,Cancelled
df0d095f-5159-42cf-8463-5d23d4c7f51a,8250871a-2b35-424e-a1a1-4eb4faffabfb,2025-04-28T10:16,3,47.43,Card,Completed
07016fd5-505d-4213-861b-fba75792fa37,824998a2-7592-4051-ab0b-d5e12743c93b,2024-02-25T10:16,6,143.34,Card,Completed
5e66f75a-5a32-4593-803c-9222b1b1ddf2,0dd437d0-74fa-43c3-8909-5c955e4d47dd,2023-12-29T10:16,2,43.56,Card,Cancelled
60b7a632-e5cf-469e-b45a-0e8bc98932f5,f90cf3ca-e2d0-4129-bc7a-e8a2b80880da,2024-10-14T10:16,3,85.14,Card,Cancelled
72ef6bef-0c40-453c-a3a8-6ac9661c7d5d,9c53f3f8-5b22-4d77-bd76-cfa6c70e443c,2024-09-26T10:16,2,48.50,Card,Completed
5ab33cea-7452-448e-bb68-7f8080e99888,39cb44e2-a541-4b98-bc0b-db5f31cf8710,2025-05-30T10:16,8,62.72,Cash,Pending
6cc28287-dc10-4159-80e5-72c567565d43,ada8704c-2784-4d70-84da-10078407d2c8,2024-10-26T10:16,5,97.20,Cash,Pending
b1217199-7e89-4882-979b-b855746908c1,fbe227d7-6d32-4407-9783-7fdac983e55f,2025-09-16T10:16,9,267.75,Card,Pending
d32cab2b-d7b1-4ce4-8315-ef9c0f3659bd,6c6a3b10-9747-4dca-a041-4edc22d147b0,2025-11-07T10:16,3,38.46,Card,Cancelled
a8940100-6d9f-4363-9ecb-a7b1fa105c00,b014b56e-3263-4b63-8430-46e00bc5ea77,2024-05-17T10:16,3,32.49,Card,Completed
02364397-5a16-46a8-b42f-fbfb89dddb5f,058b9c75-b72f-4594-80d2-e41194ff7672,2024-05-11T10:16,4,45.28,Card,Cancelled
dc2d00c1-9ecd-4aaa-9de0-cea2ec3a912b,d5cfb1a3-ce2f-4aff-ab4c-50e0c5426af1,2024-04-03T10:16,3,24.12,Online,Cancelled
862672e0-9d5f-411a-b3ec-730b0e994e7a,2c6dafc9-06cc-4b3d-8b8d-12aae0644c58,2024-02-16T10:16,2,20.32,Online,Cancelled
eaad9dab-aacf-46d0-8ece-302ea517da0a,1407e9cf-22c9-4137-a2fe-cc12dc038235,2024-08-04T10:16,5,118.20,Card,Cancelled
47dfde0b-9589-48d6-b7a0-6966f4f4d8d0,7d2df59f-386d-4aec-85a8-2443262a0cb4,2025-07-26T10:16,7,111.16,Card,Cancelled
6561aeda-fbab-4566-94fe-0d7755fa0642,ceafdb2a-788d-48e0-acdd-bd533a2e7ab6,2025-05-21T10:16,5,42.75,Card,Cancelled
ee0d2e03-39d4-455b-8354-4d4a292ed97d,0472ca7f-b133-4710-8f43-24a3c6c1afd1,2023-12-15T10:16,9,137.16,Online,Pending
44ff461f-be7f-4efe-bd61-a5295ffb19e2,65b2c0ea-6192-47fc-9286-2c1dd3ecefb1,2025-09-17T10:16,5,32.65,Cash,Completed
4fb5a040-1330-4f59-9bb9-4e17bc55b262,d5cfb1a3-ce2f-4aff-ab4c-50e0c5426af1,2025-05-23T10:16,3,17.16,Cash,Cancelled
c4cc745e-fa3d-4ee5-a7ca-a6c17aad625d,5400d214-6176-40bf-88d2-3f53ed38bf69,2025-08-21T10:16,4,75.92,Online,Completed
3edaf9c3-22b6-401b-9ba5-56e8faee9644,6f61ca8e-51a1-48e0-abfa-88326e713e34,2024-12-17T10:16,2,19.94,Cash,Completed
77ffd4ac-9265-4f2e-8b54-dbaeaadc8aaf,67c276b0-7be6-4f3c-bf86-c342095c8112,2025-04-18T10:16,3,47.73,Card,Cancelled
be092e68-9513-4b13-bc02-bf880f02f88b,401a6911-a31e-4892-adc1-56e3e1eb090a,2024-10-24T10:16,6,121.26,Online,Cancelled
d0d54770-c66d-4dda-856e-7a5c237aa79a,3910ab11-8758-4a4f-8a9b-c4f5df7413c4,2023-12-02T10:16,3,41.58,Card,Completed
3f6168ed-b509-48e9-8c48-8e8840dfd021,14eace30-1ac2-411e-8eef-98e8f32a87fb,2024-05-05T10:16,4,31.08,Cash,Cancelled
12a9d6f5-3f91-4245-95ab-9cddd3e8fdd7,e277d099-db2a-4aee-ab86-8b0e73a34383,2025-05-06T10:16,7,180.53,Card,Cancelled
b498f202-40f1-40aa-8572-de04d27c82bf,59827b2a-ae17-44b1-bd6f-6f08718559cb,2025-04-25T10:16,4,85.96,Card,Pending
9f684499-5ad3-4aad-b531-785f445130ad,d7af10ce-45c9-4fc8-8dd8-b1c5491aad5f,2024-09-09T10:16,3,51.03,Online,Pending
d05dc704-f5eb-4a71-a18a-7d33f9f9571d,d33bbfcd-a2ca-4e80-8a1c-65223f061e7e,2024-11-17T10:16,7,114.31,Card,Cancelled
54f7db3b-6299-47ec-a0a1-e72b371b965a,46032f36-69bc-465a-9b33-a5d560bfd77a,2024-01-12T10:16,3,51.96,Online,Completed
74a0a8e0-a437-4f42-860d-34eb4713b751,21edfc22-3f73-4335-a774-3cf78ab65e86,2025-08-24T10:16,8,50.16,Online,Completed
4ab70a3b-871f-4613-866f-1b01c031a2f3,ba5d9947-b043-4aca-8ee0-6b77895cf8e8,2024-12-15T10:16,5,131.65,Online,Cancelled
ed8020bf-1732-44c0-b45c-5358e50acec1,27e45431-1333-4ffd-a0c8-be56ffdc5d4e,2024-05-14T10:16,3,62.10,Cash,Cancelled
cffe9805-bd21-4245-a261-ab7367219b8d,e6cb1215-5314-4d05-bfd1-f6e5d36e89f7,2023-12-10T10:16,1,9.08,Cash,Cancelled
35af52ee-e815-483a-8a8f-32f9e4067185,09ba4183-1b94-4f8c-bc5f-eca421a88524,2025-07-12T10:16,2,54.80,Card,Cancelled
07728516-246e-43d6-a709-3e4eaea6d8f0,0dd437d0-74fa-43c3-8909-5c955e4d47dd,2025-05-03T10:16,2,35.56,Online,Completed
f5105281-c2e8-4a74-937f-14d106625c76,d33bbfcd-a2ca-4e80-8a1c-65223f061e7e,2025-03-23T10:16,2,12.26,Card,Cancelled
eeccc03d-88a4-4e13-b091-8e47b9220292,8626238e-5813-415a-9a8c-db944b1e0269,2024-03-18T10:16,7,63.77,Online,Completed
0768337a-3791-45f0-8f36-3187edfcd010,8e1bbe6c-7b75-46dc-8ca1-0b1664cd6ae4,2025-10-27T10:16,6,118.50,Online,Pending
40aff2f5-925c-4ffd-86ce-dbff12eaa760,46032f36-69bc-465a-9b33-a5d560bfd77a,2025-07-15T10:16,4,87.60,Card,Completed
cfc91c54-83e3-4065-8622-5c67302438c2,7c991f43-c18b-4404-8826-97691b0dc00c,2023-12-25T10:16,1,22.84,Card,Pending
856e37e9-57b5-4888-b629-fde657316a96,05ccd8a5-ea5f-4353-bd1e-3022152b0685,2024-09-23T10:16,2,25.58,Cash,Pending
91af43cf-ffe9-4005-accd-8cf3361eeff9,6e551d53-4f6d-4b84-a9de-3d7c79694805,2024-02-04T10:16,4,44.16,Card,Cancelled
f15e880b-584c-4815-a43c-1a0ef23b5d9f,56a75a3e-a944-4147-8cba-f1024726993f,2025-06-13T10:16,3,72.42,Cash,Pending
40656976-64dc-4877-ae21-7b8c02b9bfc1,3befa4dc-d961-4a3a-9410-d43d1bdaa335,2025-10-18T10:16,5,137.10,Cash,Completed
f763df2c-8d62-4390-8ab7-9f3ebaf9882f,09ba4183-1b94-4f8c-bc5f-eca421a88524,2024-01-21T10:16,8,48.00,Card,Completed
fef63094-9d38-4e09-be8d-3323b66dca9e,e85d0261-2d97-4475-a749-363ec9040a74,2024-02-16T10:16,7,43.33,Online,Cancelled
a9123dfe-1e94-4da3-bc3d-d86656d7ae43,d5eaf6a7-76cc-48ec-98d9-ba713e2df70f,2025-05-30T10:16,4,116.36,Online,Cancelled
e1ec4085-1aeb-4f6c-9ce2-80ca1ef04aed,1233cc27-7567-48e0-8dd2-6b0019506c2f,2024-04-19T10:16,2,18.34,Online,Completed
8e9ac0b9-a15d-482a-b026-71191c3037a0,a190f67b-21df-46bc-8164-46bdfa00af85,2024-05-28T10:16,5,137.15,Online,Pending
a23911b9-d793-4ea7-a326-92657500ab2b,0e0d5f13-edd5-4ab0-9ddd-3df111bedc5a,2025-03-01T10:16,3,74.79,Cash,Cancelled
d1df6e70-3bfc-4a2f-b9ff-1d3c0603ef43,21edfc22-3f73-4335-a774-3cf78ab65e86,2025-04-24T10:16,2,51.36,Cash,Pending
21f8eebe-ffed-44a8-8a07-ad9db9087ec1,d7af10ce-45c9-4fc8-8dd8-b1c5491aad5f,2024-06-16T10:16,7,193.76,Card,Pending
4d9cb5fb-8460-4463-b800-dda4a97ee3e9,4bb2d776-14c0-4ef6-b8ba-c580cbed72b8,2024-08-30T10:16,8,87.52,Online,Pending
45914464-d822-422f-be98-236dbf6c5f6d,485b65e7-fdf4-474d-afba-37986d8d3cd8,2024-08-22T10:16,7,177.94,Card,Pending
8f044540-1a25-4c6c-91cc-1bd152589788,d3f641e5-b8b5-4f5f-9155-7768df2033e8,2024-07-14T10:16,4,22.00,Card,Completed
4beb324c-7530-436e-8cd3-6503e69f2887,73a2b03c-2dca-486e-8ebc-c4d6bb68a8c6,2025-02-24T10:16,2,47.00,Online,Cancelled
db756277-b6b3-4c92-a7c3-474bd82d2a6e,5f6e51da-5f01-4c9a-85dd-7d50ef37e5d7,2024-04-21T10:16,7,204.61,Online,Pending
1b2236dc-23d4-42cb-b926-e9758c8c35ff,7169ef0c-f2c8-4ae3-83f6-87691664d2d2,2024-10-24T10:16,9,117.72,Cash,Cancelled
8fc7dbc8-2197-4be6-883d-12911b3c6cd7,0472ca7f-b133-4710-8f43-24a3c6c1afd1,2025-04-10T10:16,6,134.40,Card,Completed
cc5777e0-93d5-47e4-93de-b3a76e5df866,9fa382f0-8393-48db-ad30-43c953282401,2024-02-07T10:16,8,138.56,Cash,Cancelled
ad3317cc-3528-4575-a368-2b9ca3caf2b9,f90cf3ca-e2d0-4129-bc7a-e8a2b80880da,2024-05-01T10:16,5,56.90,Online,Completed
b82ebe47-90ab-4d1d-8e30-6f5e44489633,52f5634d-de98-4543-8a1e-cbf1e2d0242f,2025-02-20T10:16,7,133.49,Card,Completed
79d516ed-a576-4e67-848c-3ffabd861842,6c6a3b10-9747-4dca-a041-4edc22d147b0,2024-04-09T10:16,1,9.53,Online,Completed
26574038-bcab-4c4c-b7be-62b51ddda87e,0a0ac3e5-6e20-4fbc-87ec-5481c70e38bc,2025-04-29T10:16,9,143.46,Cash,Cancelled
0a8a7ca5-0352-4f3d-ae4b-8f91eaf789f5,c9dcc28a-ae5f-477c-ae7e-72d94129f449,2025-01-04T10:16,3,40.29,Online,Cancelled
be1e421b-b0c0-4f17-a2ee-2b924aa7abcc,000f9c8f-2fc7-4346-844d-c04f10751265,2025-08-05T10:16,5,144.00,Online,Completed
2d6ba16a-d685-4cbf-abf0-aa634b05be78,05ccd8a5-ea5f-4353-bd1e-3022152b0685,2024-10-12T10:16,2,32.36,Cash,Pending
da98434a-3426-463d-ad85-0499ffa774e0,5400d214-6176-40bf-88d2-3f53ed38bf69,2024-12-13T10:16,9,155.43,Card,Cancelled
72230a66-9eb1-4257-8e4c-50c0f6964c8f,8b115a34-224b-453c-be69-b53a7445b466,2023-12-27T10:16,8,50.80,Online,Cancelled
71e3ef41-e40b-402e-b1da-92a17f11ca87,14eace30-1ac2-411e-8eef-98e8f32a87fb,2024-09-12T10:16,7,37.10,Card,Completed
8af215ab-5491-4237-b681-fbcc59a1f668,1233cc27-7567-48e0-8dd2-6b0019506c2f,2025-05-26T10:16,6,155.58,Online,Cancelled
e03feeb7-97c3-486e-8d30-b5fefd595916,c5817fdc-a4dc-4879-b957-30cfda62016b,2025-07-15T10:16,1,16.30,Cash,Completed
6e3eaf66-b788-46fc-b0e2-251886c57b4c,67c276b0-7be6-4f3c-bf86-c342095c8112,2024-09-28T10:16,9,59.31,Online,Pending
5a6d2a3e-8ecd-4884-97da-bfc185ea7713,fbe227d7-6d32-4407-9783-7fdac983e55f,2023-11-17T10:16,8,129.36,Cash,Completed
bb90b1e5-c777-476c-b03c-e51c3168709b,7a18d550-38d0-40b2-84a7-547162e7e409,2024-03-21T10:16,6,109.38,Card,Pending
83f8c7fa-c64a-4089-a042-de855d5a530e,0a5a9fc7-e126-48f0-99aa-dea85c606f66,2023-12-26T10:16,4,110.96,Card,Cancelled
9433e902-962d-4d0a-a8d9-d54669719a5e,5400d214-6176-40bf-88d2-3f53ed38bf69,2024-12-23T10:16,2,28.60,Card,Cancelled
994e1a0d-300c-4708-84dd-72152f69c55c,25659c0e-6eb5-4c57-add8-fb6ac5f42699,2024-12-04T10:16,3,67.08,Card,Pending
27ab6833-73e2-48ba-9ac7-96632d4f75b4,824998a2-7592-4051-ab0b-d5e12743c93b,2024-09-23T10:16,8,80.96,Cash,Pending
65b1341e-1373-448e-bf5b-7564d972b1e2,ef7fad1f-a86f-4ee1-95b4-ce1f339f0fa5,2024-09-21T10:16,4,25.04,Card,Completed
a8b21244-e82b-4904-ad7e-9b71f791a81c,0a570207-0f70-467f-bbeb-44a0a60a9a25,2025-05-07T10:16,5,45.35,Online,Completed
177165dd-3871-41d7-9303-f5645880a10e,3befa4dc-d961-4a3a-9410-d43d1bdaa335,2025-10-09T10:16,6,104.46,Cash,Pending
88ae1878-95b9-4b9f-82f6-72284b97e831,0a570207-0f70-467f-bbeb-44a0a60a9a25,2024-03-05T10:16,6,64.14,Cash,Cancelled
c236c764-acc7-49c7-be1c-d0b9d0807685,f90cf3ca-e2d0-4129-bc7a-e8a2b80880da,2025-03-30T10:16,6,164.28,Online,Cancelled
87c18bc6-ffee-433b-b3aa-366350fec1d8,5f6e51da-5f01-4c9a-85dd-7d50ef37e5d7,2025-06-22T10:16,8,126.40,Cash,Completed
59d26461-ae9d-4429-947c-d6081979d8a9,6b1178fc-1745-401d-88da-3903c243ebe9,2025-10-01T10:16,8,42.56,Card,Cancelled
c4d09810-1a61-43e1-a41f-d306a1b1914c,8b546c63-5406-493d-bc69-cfb594b38267,2024-05-25T10:16,3,67.68,Online,Cancelled
4fc30ca3-e3d0-42b7-896f-f173537fec43,1a48aa9a-def3-481d-922a-94300aa97309,2025-03-10T10:16,5,108.25,Online,Cancelled
ae39e944-8baa-4cb0-a67f-0af8421f5621,058b9c75-b72f-4594-80d2-e41194ff7672,2025-09-20T10:16,9,257.85,Cash,Completed
b7eee1a4-4b36-408f-b02d-50b6d89865ef,e38afcd9-9e08-47ba-bc92-5ebb4bc271eb,2025-08-05T10:16,2,19.70,Cash,Pending
a65a2f65-f902-4b8d-aa83-628809b2b93f,ba5d9947-b043-4aca-8ee0-6b77895cf8e8,2024-05-29T10:16,4,114.36,Cash,Completed
be17b909-4060-4f07-948e-4c04126e3da9,0130fcd4-a6cf-4a72-8400-7bcae1abce34,2024-06-05T10:16,2,35.04,Cash,Pending
9254bbc9-819a-4dc4-bcad-06db97e18146,90f0db1e-2b19-43f7-ba17-233c7c214eca,2025-02-10T10:16,2,12.64,Card,Completed
8995b660-b6ab-42f2-bb44-47db4c502923,6aaabc79-3d35-410f-bb96-f86a3930d0ff,2024-10-02T10:16,8,58.24,Online,Completed
48d8c940-03b9-4573-b5f7-ae3a123f4e00,39cb44e2-a541-4b98-bc0b-db5f31cf8710,2025-06-16T10:16,1,29.16,Card,Pending
2dac086d-c49c-4aa0-95b5-8c431c2c50e9,5f0f3def-9ff6-4282-ad04-001c4a769966,2024-03-13T10:16,3,30.81,Online,Pending
34777814-3f4a-4a2d-bbae-c59200c75359,aac35608-9499-49c5-811a-a059e773c968,2025-06-10T10:16,2,12.26,Cash,Cancelled
1baa68ef-988e-4983-ad4c-8d66c7564314,8b546c63-5406-493d-bc69-cfb594b38267,2025-08-24T10:16,7,141.75,Card,Cancelled
907ad778-4a69-4a18-9dc1-8391ca0b37ac,a3f626b9-cc27-4c04-8570-be79ab8bda4a,2025-07-06T10:16,6,101.10,Card,Pending
6d1ba49d-3001-4e13-a68a-e72b68baec36,bb6ceda0-3f7a-4dfa-9862-41a88dd468b2,2024-07-30T10:16,7,108.36,Online,Cancelled
ba436cfa-5669-4b9a-a864-aeb16dc8a9f5,f067e21d-d1d4-4e87-9cae-9753f5f9ccb6,2025-01-13T10:16,2,49.06,Cash,Cancelled
122bb206-395f-4ddc-bb20-cf7df5c774ba,b047b369-02d0-4f25-9af0-f1e883228863,2025-08-11T10:16,2,37.30,Online,Cancelled
215f59b4-afe2-4330-8ad4-41796bbd9e09,53db1213-7316-47bb-9099-c1def0e3c96b,2024-09-12T10:16,4,93.04,Card,Completed
04b45542-46bf-421f-bb4d-a188c5654d79,c46351bf-193f-49af-a5d6-456188837c3d,2024-03-06T10:16,5,55.20,Online,Cancelled
c7b34c28-2ebf-4c82-ad4a-9daee4cac04a,73a2b03c-2dca-486e-8ebc-c4d6bb68a8c6,2024-02-02T10:16,6,176.64,Cash,Cancelled
66ad5d22-bbfa-48c1-83e3-e1c8357a1318,46032f36-69bc-465a-9b33-a5d560bfd77a,2025-02-11T10:16,6,65.16,Cash,Completed
814c719e-bb2a-4ba6-b93f-b9cb2c1adb54,98b17fed-218c-4f20-8410-9f0edfc74455,2025-04-26T10:16,8,146.48,Card,Pending
bddf19c4-db64-4329-8087-9937648e98aa,caca465c-e9f2-4add-91b5-24c70595e321,2024-02-13T10:16,9,213.57,Online,Cancelled
2dba21bd-cf03-4333-ad69-b34119c5b618,3910ab11-8758-4a4f-8a9b-c4f5df7413c4,2024-02-16T10:16,6,173.22,Cash,Cancelled
4832f617-2281-4bac-b984-3a30405ee336,3befa4dc-d961-4a3a-9410-d43d1bdaa335,2025-07-02T10:16,6,120.54,Card,Pending
5c996308-696f-49fc-830b-5840f8172ab0,c46351bf-193f-49af-a5d6-456188837c3d,2025-09-30T10:16,8,225.44,Online,Pending
e3e97c6a-3377-499b-8e12-873aa0023ba0,209e786b-2a61-4e52-a3b2-1cc98bcbf18c,2025-07-01T10:16,3,20.16,Online,Completed
65b7f4d4-afa9-4723-aff2-b65ad0efce50,0df3bae1-6384-4856-aa27-aef9f6c48b75,2025-05-02T10:16,3,26.10,Online,Completed
d137dc3c-04a5-4067-a8dd-6ced59942931,73a2b03c-2dca-486e-8ebc-c4d6bb68a8c6,2024-09-16T10:16,1,5.06,Card,Cancelled
8bb83ecd-706c-499f-8710-89a0b493e240,c46351bf-193f-49af-a5d6-456188837c3d,2024-11-07T10:16,6,65.82,Cash,Cancelled
d7b58031-9aa4-498d-9a0d-22c554b22c9e,80537cf2-360f-4740-8b7e-d4cd56e22987,2024-07-06T10:16,7,54.74,Cash,Cancelled
1bf65b69-38df-4b60-80d3-bcb0758546dc,d6d4ef4b-0870-48aa-b884-013237f255f4,2023-12-08T10:16,1,20.82,Cash,Cancelled
e754fc90-e962-48e2-b16b-1a512fc068d1,5f6e51da-5f01-4c9a-85dd-7d50ef37e5d7,2025-06-05T10:16,6,157.80,Card,Cancelled
097ec823-993b-4682-b63c-91ba2b8fe0af,e12c3d24-86c8-474f-b86b-370df36adbfe,2025-01-10T10:16,1,17.13,Online,Completed
7c2cb73e-9a89-4ca9-a1c7-c5d5b5354739,4739f27f-7a96-4d52-83ae-0c6fd4c8c606,2025-08-08T10:16,9,90.90,Cash,Pending
950b3b9c-eb1d-4bbc-aa1c-6670cf132069,67c276b0-7be6-4f3c-bf86-c342095c8112,2024-03-16T10:16,7,113.12,Online,Cancelled
434af3b8-b22a-4629-bdec-07129e5a17e7,1a31c678-d420-495a-aff3-0f1609514e1e,2025-04-26T10:16,8,174.32,Online,Pending
4a8b2c73-b02a-43f0-9910-838e8a3843dd,3ab3404a-ee80-4ed2-8d90-a6f0dad14e48,2025-03-15T10:16,5,60.00,Card,Pending
c8f184cc-c4ce-4285-b0ca-c2c56c90c507,0d463f72-c3a1-4a2b-8d0d-1721a0d1a06b,2025-06-27T10:16,2,12.62,Cash,Pending
3086a325-d775-4769-bf79-95c2e371b74c,26d032f1-9fe9-487a-987a-a8be14e1db05,2024-11-13T10:16,8,55.68,Cash,Pending
a4039385-27c0-4804-9b49-0d8f1d2a46d0,26d032f1-9fe9-487a-987a-a8be14e1db05,2024-06-21T10:16,1,14.71,Card,Cancelled
7a895d58-5d38-4f14-b474-577552433e4b,9fa382f0-8393-48db-ad30-43c953282401,2025-02-15T10:16,3,42.33,Cash,Cancelled
37281e71-861b-4c28-ae2d-8176a257d7bd,3e97fc93-73a7-45e0-9888-f7a03ee258a7,2025-02-13T10:16,1,22.07,Cash,Pending
e97c7f33-802f-4964-a8e2-11eb8f462870,aac35608-9499-49c5-811a-a059e773c968,2024-08-06T10:16,5,34.65,Card,Completed
7f48836a-cf67-46fd-983a-9520789ce12f,983d66ae-c8b0-46b8-8abc-26a1055cf729,2025-03-05T10:16,4,65.12,Online,Cancelled
c0887c4c-83a2-4bbf-a736-609dd369cb74,5f0f3def-9ff6-4282-ad04-001c4a769966,2025-08-15T10:16,5,135.30,Online,Cancelled
f41e528f-d4c1-4aef-947c-a53d58c4800c,bfa3444b-2be9-46be-b944-720d86a59770,2023-12-12T10:16,3,57.51,Cash,Completed
3d62f84e-7184-4ce9-b3ef-743e973aa26e,ebbc7df0-770d-44f8-b0ff-c62f9006e40e,2024-09-29T10:16,9,255.60,Online,Cancelled
33278f63-c815-4f82-8d1e-86e8178f482f,7c991f43-c18b-4404-8826-97691b0dc00c,2024-12-19T10:16,8,75.52,Online,Pending
fef9ec2f-4b85-45b8-a48e-287ed7221466,bf0de251-90d7-423c-8b31-48df1a89964f,2025-08-03T10:16,2,31.92,Online,Completed
1a0899fe-8815-4ca2-94a0-ca51e9ad38e3,515fe1d2-d33a-4b9d-8c19-07e0cbe81a9a,2024-01-12T10:16,6,147.78,Card,Cancelled
32ca379e-e2bf-4c4e-808b-dc911da37d91,b03f75c1-655f-4480-a2bf-1a0af806e96e,2025-07-28T10:16,1,28.74,Card,Completed
562fb2a5-70fc-4b67-acf0-b136685fe9f3,4717d2a3-4b2a-44f1-b960-a2b73e2d23fd,2024-05-02T10:16,5,26.65,Cash,Completed
a3800704-ea2f-49e1-a43a-a87c436aa869,dcfb3d05-846d-4915-99f3-ebbc7559d972,2025-02-12T10:16,6,126.36,Cash,Completed
ca3abcc8-a60e-4bd0-aa65-e2179b5a7b3a,77ca464a-fe0d-4dcc-8f08-3eb2f7b64f76,2025-01-20T10:16,5,142.90,Cash,Completed
81a887fb-b542-46c5-b021-9ef0f62f5083,1a48aa9a-def3-481d-922a-94300aa97309,2025-06-04T10:16,2,31.16,Cash,Completed
d8bd63ed-6601-42c6-a589-66ff7061ceb3,5d6f84a5-a4de-442e-99b9-b8ef714b4436,2024-11-24T10:16,7,52.22,Card,Completed
ca3d9a34-1250-4ccf-8bbf-1d30c475aab0,1d32c3b3-c732-4995-aa6b-ff159deb3bdf,2024-05-17T10:16,6,154.20,Online,Cancelled
e5a6146e-c4e5-4372-8d76-6eb69591fe27,bc58b12c-65c4-4f21-89ef-3e492a22ef7c,2024-05-02T10:16,5,90.60,Cash,Pending
a00cf7cd-192e-4430-8fd0-80d97af85a42,36b880b0-e9bd-4c0b-8f1c-32018f6c758a,2025-03-07T10:16,7,188.16,Card,Pending
315bd636-8d4b-4b66-bdb3-03056d6f11a7,3ab3404a-ee80-4ed2-8d90-a6f0dad14e48,2025-09-14T10:16,8,109.68,Online,Completed
131ae2d1-0a42-4510-8a40-e68783119e0d,b03f75c1-655f-4480-a2bf-1a0af806e96e,2024-07-09T10:16,6,126.06,Card,Pending
0c9ee467-a98d-4f2c-a3f0-3e837d9989ee,0d463f72-c3a1-4a2b-8d0d-1721a0d1a06b,2024-04-24T10:16,3,64.32,Online,Completed
242975cd-e79e-4a61-b323-93b827e46890,bb9edfa8-17f7-4f6f-8e3b-616693a298b1,2024-07-04T10:16,6,145.20,Cash,Completed
513e82d2-62d0-4dab-b353-15aee630b785,89d26a00-0fde-4c03-8430-b06f6bc3f33a,2024-03-11T10:16,5,73.40,Cash,Completed
4d50df38-65f8-419b-af51-2a9274e2a4d8,4bb2d776-14c0-4ef6-b8ba-c580cbed72b8,2025-07-15T10:16,3,36.63,Cash,Pending
ce6187dd-260b-4efa-b558-9029e0bdc11a,8626238e-5813-415a-9a8c-db944b1e0269,2025-11-06T10:16,8,226.00,Online,Pending
3aeda064-0cd8-447a-b9cc-2c095f3562df,92da274a-bea2-490a-bb52-196c46fa8487,2025-10-05T10:16,5,144.50,Online,Completed
230d6c20-61a9-4669-8867-5ab102d4e992,9fa382f0-8393-48db-ad30-43c953282401,2024-08-28T10:16,8,108.16,Online,Pending
94198d0a-fd10-4a05-b30b-5320f2e6daa3,885715b6-b1eb-44ca-8460-28c0343e56f3,2024-09-06T10:16,6,45.36,Card,Completed
