{"timestamp":"2025-11-14T07:42:26.126619Z","level":"info","event":"DAG bundles loaded: dags-folder, example_dags","logger":"airflow.dag_processing.bundles.manager.DagBundlesManager","filename":"manager.py","lineno":179}
{"timestamp":"2025-11-14T07:42:26.128013Z","level":"info","event":"Filling up the DagBag from /home/hadoop/airflow/dags/projekt1.py","logger":"airflow.models.dagbag.DagBag","filename":"dagbag.py","lineno":593}
{"timestamp":"2025-11-14T07:42:26.207397Z","level":"info","event":"Task instance is in running state","logger":"task.stdout"}
{"timestamp":"2025-11-14T07:42:26.207631Z","level":"info","event":" Previous state of the Task instance: TaskInstanceState.QUEUED","logger":"task.stdout"}
{"timestamp":"2025-11-14T07:42:26.214736Z","level":"info","event":"Current task name:hive","logger":"task.stdout"}
{"timestamp":"2025-11-14T07:42:26.214914Z","level":"info","event":"Dag name:project1-workflow","logger":"task.stdout"}
{"timestamp":"2025-11-14T07:42:26.215820Z","level":"info","event":"Tmp dir root location: /tmp","logger":"airflow.task.hooks.airflow.providers.standard.hooks.subprocess.SubprocessHook","filename":"subprocess.py","lineno":78}
{"timestamp":"2025-11-14T07:42:26.216725Z","level":"info","event":"Running command: ['/usr/bin/bash', '-c', 'beeline -n hadoop -u jdbc:hive2://localhost:10000/default -f /home/hadoop/airflow/dags/project_files/hive.hql                  --hiveconf input_dir3=/project1/output_mr3                  --hiveconf input_dir4=/tmp/input/datasource4                  --hiveconf output_dir6=/project1/output6 ']","logger":"airflow.task.hooks.airflow.providers.standard.hooks.subprocess.SubprocessHook","filename":"subprocess.py","lineno":88}
{"timestamp":"2025-11-14T07:42:26.236590Z","level":"info","event":"Output:","logger":"airflow.task.hooks.airflow.providers.standard.hooks.subprocess.SubprocessHook","filename":"subprocess.py","lineno":99}
{"timestamp":"2025-11-14T07:42:26.671789Z","level":"info","event":"WARNING: Using incubator modules: jdk.incubator.vector","logger":"airflow.task.hooks.airflow.providers.standard.hooks.subprocess.SubprocessHook","filename":"subprocess.py","lineno":106}
{"timestamp":"2025-11-14T07:42:29.027896Z","level":"info","event":"Connecting to jdbc:hive2://localhost:10000/default","logger":"airflow.task.hooks.airflow.providers.standard.hooks.subprocess.SubprocessHook","filename":"subprocess.py","lineno":106}
{"timestamp":"2025-11-14T07:42:29.669613Z","level":"info","event":"Connected to: Apache Hive (version 4.1.0)","logger":"airflow.task.hooks.airflow.providers.standard.hooks.subprocess.SubprocessHook","filename":"subprocess.py","lineno":106}
{"timestamp":"2025-11-14T07:42:29.670764Z","level":"info","event":"Driver: Hive JDBC (version 2.3.10)","logger":"airflow.task.hooks.airflow.providers.standard.hooks.subprocess.SubprocessHook","filename":"subprocess.py","lineno":106}
{"timestamp":"2025-11-14T07:42:29.670956Z","level":"info","event":"Transaction isolation: TRANSACTION_REPEATABLE_READ","logger":"airflow.task.hooks.airflow.providers.standard.hooks.subprocess.SubprocessHook","filename":"subprocess.py","lineno":106}
{"timestamp":"2025-11-14T07:42:29.719602Z","level":"info","event":"0: jdbc:hive2://localhost:10000/default> DROP TABLE food_orders_ext;","logger":"airflow.task.hooks.airflow.providers.standard.hooks.subprocess.SubprocessHook","filename":"subprocess.py","lineno":106}
{"timestamp":"2025-11-14T07:42:32.189211Z","level":"info","event":"INFO  : Compiling command(queryId=hadoop_20251114074229_f77c767f-b2f1-417b-8f93-47494bfa46c2): DROP TABLE food_orders_ext","logger":"airflow.task.hooks.airflow.providers.standard.hooks.subprocess.SubprocessHook","filename":"subprocess.py","lineno":106}
{"timestamp":"2025-11-14T07:42:32.189518Z","level":"info","event":"INFO  : Semantic Analysis Completed (retrial = false)","logger":"airflow.task.hooks.airflow.providers.standard.hooks.subprocess.SubprocessHook","filename":"subprocess.py","lineno":106}
{"timestamp":"2025-11-14T07:42:32.189656Z","level":"info","event":"INFO  : Created Hive schema: Schema(fieldSchemas:null, properties:null)","logger":"airflow.task.hooks.airflow.providers.standard.hooks.subprocess.SubprocessHook","filename":"subprocess.py","lineno":106}
{"timestamp":"2025-11-14T07:42:32.189770Z","level":"info","event":"INFO  : Completed compiling command(queryId=hadoop_20251114074229_f77c767f-b2f1-417b-8f93-47494bfa46c2); Time taken: 1.93 seconds","logger":"airflow.task.hooks.airflow.providers.standard.hooks.subprocess.SubprocessHook","filename":"subprocess.py","lineno":106}
{"timestamp":"2025-11-14T07:42:32.189902Z","level":"info","event":"INFO  : Executing command(queryId=hadoop_20251114074229_f77c767f-b2f1-417b-8f93-47494bfa46c2): DROP TABLE food_orders_ext","logger":"airflow.task.hooks.airflow.providers.standard.hooks.subprocess.SubprocessHook","filename":"subprocess.py","lineno":106}
{"timestamp":"2025-11-14T07:42:32.190038Z","level":"info","event":"INFO  : Starting task [Stage-0:DDL] in serial mode","logger":"airflow.task.hooks.airflow.providers.standard.hooks.subprocess.SubprocessHook","filename":"subprocess.py","lineno":106}
{"timestamp":"2025-11-14T07:42:32.190146Z","level":"info","event":"INFO  : Completed executing command(queryId=hadoop_20251114074229_f77c767f-b2f1-417b-8f93-47494bfa46c2); Time taken: 0.039 seconds","logger":"airflow.task.hooks.airflow.providers.standard.hooks.subprocess.SubprocessHook","filename":"subprocess.py","lineno":106}
{"timestamp":"2025-11-14T07:42:32.197358Z","level":"info","event":"No rows affected (2.477 seconds)","logger":"airflow.task.hooks.airflow.providers.standard.hooks.subprocess.SubprocessHook","filename":"subprocess.py","lineno":106}
{"timestamp":"2025-11-14T07:42:32.245879Z","level":"info","event":"0: jdbc:hive2://localhost:10000/default> DROP TABLE restaurants_ext;","logger":"airflow.task.hooks.airflow.providers.standard.hooks.subprocess.SubprocessHook","filename":"subprocess.py","lineno":106}
{"timestamp":"2025-11-14T07:42:32.293111Z","level":"info","event":"INFO  : Compiling command(queryId=hadoop_20251114074232_282943fe-efbd-46d9-a6ac-692d1cea9e19): DROP TABLE restaurants_ext","logger":"airflow.task.hooks.airflow.providers.standard.hooks.subprocess.SubprocessHook","filename":"subprocess.py","lineno":106}
{"timestamp":"2025-11-14T07:42:32.293380Z","level":"info","event":"INFO  : Semantic Analysis Completed (retrial = false)","logger":"airflow.task.hooks.airflow.providers.standard.hooks.subprocess.SubprocessHook","filename":"subprocess.py","lineno":106}
{"timestamp":"2025-11-14T07:42:32.293545Z","level":"info","event":"INFO  : Created Hive schema: Schema(fieldSchemas:null, properties:null)","logger":"airflow.task.hooks.airflow.providers.standard.hooks.subprocess.SubprocessHook","filename":"subprocess.py","lineno":106}
{"timestamp":"2025-11-14T07:42:32.293686Z","level":"info","event":"INFO  : Completed compiling command(queryId=hadoop_20251114074232_282943fe-efbd-46d9-a6ac-692d1cea9e19); Time taken: 0.021 seconds","logger":"airflow.task.hooks.airflow.providers.standard.hooks.subprocess.SubprocessHook","filename":"subprocess.py","lineno":106}
{"timestamp":"2025-11-14T07:42:32.293801Z","level":"info","event":"INFO  : Executing command(queryId=hadoop_20251114074232_282943fe-efbd-46d9-a6ac-692d1cea9e19): DROP TABLE restaurants_ext","logger":"airflow.task.hooks.airflow.providers.standard.hooks.subprocess.SubprocessHook","filename":"subprocess.py","lineno":106}
{"timestamp":"2025-11-14T07:42:32.293941Z","level":"info","event":"INFO  : Starting task [Stage-0:DDL] in serial mode","logger":"airflow.task.hooks.airflow.providers.standard.hooks.subprocess.SubprocessHook","filename":"subprocess.py","lineno":106}
{"timestamp":"2025-11-14T07:42:32.294124Z","level":"info","event":"INFO  : Completed executing command(queryId=hadoop_20251114074232_282943fe-efbd-46d9-a6ac-692d1cea9e19); Time taken: 0.013 seconds","logger":"airflow.task.hooks.airflow.providers.standard.hooks.subprocess.SubprocessHook","filename":"subprocess.py","lineno":106}
{"timestamp":"2025-11-14T07:42:32.298183Z","level":"info","event":"No rows affected (0.052 seconds)","logger":"airflow.task.hooks.airflow.providers.standard.hooks.subprocess.SubprocessHook","filename":"subprocess.py","lineno":106}
{"timestamp":"2025-11-14T07:42:32.311095Z","level":"info","event":"0: jdbc:hive2://localhost:10000/default> DROP VIEW cuisines;","logger":"airflow.task.hooks.airflow.providers.standard.hooks.subprocess.SubprocessHook","filename":"subprocess.py","lineno":106}
{"timestamp":"2025-11-14T07:42:32.351359Z","level":"info","event":"INFO  : Compiling command(queryId=hadoop_20251114074232_b4d5e836-0371-4fce-a0c1-a905de18a1bd): DROP VIEW cuisines","logger":"airflow.task.hooks.airflow.providers.standard.hooks.subprocess.SubprocessHook","filename":"subprocess.py","lineno":106}
{"timestamp":"2025-11-14T07:42:32.351601Z","level":"info","event":"INFO  : Semantic Analysis Completed (retrial = false)","logger":"airflow.task.hooks.airflow.providers.standard.hooks.subprocess.SubprocessHook","filename":"subprocess.py","lineno":106}
{"timestamp":"2025-11-14T07:42:32.351707Z","level":"info","event":"INFO  : Created Hive schema: Schema(fieldSchemas:null, properties:null)","logger":"airflow.task.hooks.airflow.providers.standard.hooks.subprocess.SubprocessHook","filename":"subprocess.py","lineno":106}
{"timestamp":"2025-11-14T07:42:32.351802Z","level":"info","event":"INFO  : Completed compiling command(queryId=hadoop_20251114074232_b4d5e836-0371-4fce-a0c1-a905de18a1bd); Time taken: 0.015 seconds","logger":"airflow.task.hooks.airflow.providers.standard.hooks.subprocess.SubprocessHook","filename":"subprocess.py","lineno":106}
{"timestamp":"2025-11-14T07:42:32.351872Z","level":"info","event":"INFO  : Executing command(queryId=hadoop_20251114074232_b4d5e836-0371-4fce-a0c1-a905de18a1bd): DROP VIEW cuisines","logger":"airflow.task.hooks.airflow.providers.standard.hooks.subprocess.SubprocessHook","filename":"subprocess.py","lineno":106}
{"timestamp":"2025-11-14T07:42:32.351939Z","level":"info","event":"INFO  : Starting task [Stage-0:DDL] in serial mode","logger":"airflow.task.hooks.airflow.providers.standard.hooks.subprocess.SubprocessHook","filename":"subprocess.py","lineno":106}
{"timestamp":"2025-11-14T07:42:32.352022Z","level":"info","event":"INFO  : Completed executing command(queryId=hadoop_20251114074232_b4d5e836-0371-4fce-a0c1-a905de18a1bd); Time taken: 0.013 seconds","logger":"airflow.task.hooks.airflow.providers.standard.hooks.subprocess.SubprocessHook","filename":"subprocess.py","lineno":106}
{"timestamp":"2025-11-14T07:42:32.354435Z","level":"info","event":"No rows affected (0.042 seconds)","logger":"airflow.task.hooks.airflow.providers.standard.hooks.subprocess.SubprocessHook","filename":"subprocess.py","lineno":106}
{"timestamp":"2025-11-14T07:42:32.368436Z","level":"info","event":"0: jdbc:hive2://localhost:10000/default> DROP VIEW cuisines_ranked;","logger":"airflow.task.hooks.airflow.providers.standard.hooks.subprocess.SubprocessHook","filename":"subprocess.py","lineno":106}
{"timestamp":"2025-11-14T07:42:32.410074Z","level":"info","event":"INFO  : Compiling command(queryId=hadoop_20251114074232_e724628b-c978-4a71-a199-f7cff40e7447): DROP VIEW cuisines_ranked","logger":"airflow.task.hooks.airflow.providers.standard.hooks.subprocess.SubprocessHook","filename":"subprocess.py","lineno":106}
{"timestamp":"2025-11-14T07:42:32.410256Z","level":"info","event":"INFO  : Semantic Analysis Completed (retrial = false)","logger":"airflow.task.hooks.airflow.providers.standard.hooks.subprocess.SubprocessHook","filename":"subprocess.py","lineno":106}
{"timestamp":"2025-11-14T07:42:32.410359Z","level":"info","event":"INFO  : Created Hive schema: Schema(fieldSchemas:null, properties:null)","logger":"airflow.task.hooks.airflow.providers.standard.hooks.subprocess.SubprocessHook","filename":"subprocess.py","lineno":106}
{"timestamp":"2025-11-14T07:42:32.410425Z","level":"info","event":"INFO  : Completed compiling command(queryId=hadoop_20251114074232_e724628b-c978-4a71-a199-f7cff40e7447); Time taken: 0.015 seconds","logger":"airflow.task.hooks.airflow.providers.standard.hooks.subprocess.SubprocessHook","filename":"subprocess.py","lineno":106}
{"timestamp":"2025-11-14T07:42:32.410494Z","level":"info","event":"INFO  : Executing command(queryId=hadoop_20251114074232_e724628b-c978-4a71-a199-f7cff40e7447): DROP VIEW cuisines_ranked","logger":"airflow.task.hooks.airflow.providers.standard.hooks.subprocess.SubprocessHook","filename":"subprocess.py","lineno":106}
{"timestamp":"2025-11-14T07:42:32.410547Z","level":"info","event":"INFO  : Starting task [Stage-0:DDL] in serial mode","logger":"airflow.task.hooks.airflow.providers.standard.hooks.subprocess.SubprocessHook","filename":"subprocess.py","lineno":106}
{"timestamp":"2025-11-14T07:42:32.410617Z","level":"info","event":"INFO  : Completed executing command(queryId=hadoop_20251114074232_e724628b-c978-4a71-a199-f7cff40e7447); Time taken: 0.014 seconds","logger":"airflow.task.hooks.airflow.providers.standard.hooks.subprocess.SubprocessHook","filename":"subprocess.py","lineno":106}
{"timestamp":"2025-11-14T07:42:32.413289Z","level":"info","event":"No rows affected (0.044 seconds)","logger":"airflow.task.hooks.airflow.providers.standard.hooks.subprocess.SubprocessHook","filename":"subprocess.py","lineno":106}
{"timestamp":"2025-11-14T07:42:32.421966Z","level":"info","event":"0: jdbc:hive2://localhost:10000/default>","logger":"airflow.task.hooks.airflow.providers.standard.hooks.subprocess.SubprocessHook","filename":"subprocess.py","lineno":106}
{"timestamp":"2025-11-14T07:42:32.427876Z","level":"info","event":"0: jdbc:hive2://localhost:10000/default>","logger":"airflow.task.hooks.airflow.providers.standard.hooks.subprocess.SubprocessHook","filename":"subprocess.py","lineno":106}
{"timestamp":"2025-11-14T07:42:32.442580Z","level":"info","event":"0: jdbc:hive2://localhost:10000/default> CREATE EXTERNAL TABLE IF NOT EXISTS foo \rd_orders_ext (","logger":"airflow.task.hooks.airflow.providers.standard.hooks.subprocess.SubprocessHook","filename":"subprocess.py","lineno":106}
{"timestamp":"2025-11-14T07:42:32.450930Z","level":"info","event":". . . . . . . . . . . . . . . . . . . .>     restaurant_id STRING,","logger":"airflow.task.hooks.airflow.providers.standard.hooks.subprocess.SubprocessHook","filename":"subprocess.py","lineno":106}
{"timestamp":"2025-11-14T07:42:32.461299Z","level":"info","event":". . . . . . . . . . . . . . . . . . . .>     payment_type STRING,","logger":"airflow.task.hooks.airflow.providers.standard.hooks.subprocess.SubprocessHook","filename":"subprocess.py","lineno":106}
{"timestamp":"2025-11-14T07:42:32.470971Z","level":"info","event":". . . . . . . . . . . . . . . . . . . .>     avg_total_price FLOAT,","logger":"airflow.task.hooks.airflow.providers.standard.hooks.subprocess.SubprocessHook","filename":"subprocess.py","lineno":106}
{"timestamp":"2025-11-14T07:42:32.479409Z","level":"info","event":". . . . . . . . . . . . . . . . . . . .>     orders_count INT","logger":"airflow.task.hooks.airflow.providers.standard.hooks.subprocess.SubprocessHook","filename":"subprocess.py","lineno":106}
{"timestamp":"2025-11-14T07:42:32.485278Z","level":"info","event":". . . . . . . . . . . . . . . . . . . .> )","logger":"airflow.task.hooks.airflow.providers.standard.hooks.subprocess.SubprocessHook","filename":"subprocess.py","lineno":106}
{"timestamp":"2025-11-14T07:42:32.493425Z","level":"info","event":". . . . . . . . . . . . . . . . . . . .> COMMENT \"food orders\"","logger":"airflow.task.hooks.airflow.providers.standard.hooks.subprocess.SubprocessHook","filename":"subprocess.py","lineno":106}
{"timestamp":"2025-11-14T07:42:32.501379Z","level":"info","event":". . . . . . . . . . . . . . . . . . . .> ROW FORMAT DELIMITED","logger":"airflow.task.hooks.airflow.providers.standard.hooks.subprocess.SubprocessHook","filename":"subprocess.py","lineno":106}
{"timestamp":"2025-11-14T07:42:32.509319Z","level":"info","event":". . . . . . . . . . . . . . . . . . . .> FIELDS TERMINATED BY \"\\t\"","logger":"airflow.task.hooks.airflow.providers.standard.hooks.subprocess.SubprocessHook","filename":"subprocess.py","lineno":106}
{"timestamp":"2025-11-14T07:42:32.516523Z","level":"info","event":". . . . . . . . . . . . . . . . . . . .> STORED AS TEXTFILE","logger":"airflow.task.hooks.airflow.providers.standard.hooks.subprocess.SubprocessHook","filename":"subprocess.py","lineno":106}
{"timestamp":"2025-11-14T07:42:32.524454Z","level":"info","event":". . . . . . . . . . . . . . . . . . . .> location '${hiveconf:input_dir3}';","logger":"airflow.task.hooks.airflow.providers.standard.hooks.subprocess.SubprocessHook","filename":"subprocess.py","lineno":106}
{"timestamp":"2025-11-14T07:42:34.056422Z","level":"info","event":"INFO  : Compiling command(queryId=hadoop_20251114074232_98a59c52-a8af-4c85-a25e-b69e6a94b69f): CREATE EXTERNAL TABLE IF NOT EXISTS food_orders_ext (","logger":"airflow.task.hooks.airflow.providers.standard.hooks.subprocess.SubprocessHook","filename":"subprocess.py","lineno":106}
{"timestamp":"2025-11-14T07:42:34.056631Z","level":"info","event":"restaurant_id STRING,","logger":"airflow.task.hooks.airflow.providers.standard.hooks.subprocess.SubprocessHook","filename":"subprocess.py","lineno":106}
{"timestamp":"2025-11-14T07:42:34.056720Z","level":"info","event":"payment_type STRING,","logger":"airflow.task.hooks.airflow.providers.standard.hooks.subprocess.SubprocessHook","filename":"subprocess.py","lineno":106}
{"timestamp":"2025-11-14T07:42:34.056789Z","level":"info","event":"avg_total_price FLOAT,","logger":"airflow.task.hooks.airflow.providers.standard.hooks.subprocess.SubprocessHook","filename":"subprocess.py","lineno":106}
{"timestamp":"2025-11-14T07:42:34.056864Z","level":"info","event":"orders_count INT","logger":"airflow.task.hooks.airflow.providers.standard.hooks.subprocess.SubprocessHook","filename":"subprocess.py","lineno":106}
{"timestamp":"2025-11-14T07:42:34.056930Z","level":"info","event":")","logger":"airflow.task.hooks.airflow.providers.standard.hooks.subprocess.SubprocessHook","filename":"subprocess.py","lineno":106}
{"timestamp":"2025-11-14T07:42:34.057011Z","level":"info","event":"COMMENT \"food orders\"","logger":"airflow.task.hooks.airflow.providers.standard.hooks.subprocess.SubprocessHook","filename":"subprocess.py","lineno":106}
{"timestamp":"2025-11-14T07:42:34.057080Z","level":"info","event":"ROW FORMAT DELIMITED","logger":"airflow.task.hooks.airflow.providers.standard.hooks.subprocess.SubprocessHook","filename":"subprocess.py","lineno":106}
{"timestamp":"2025-11-14T07:42:34.057140Z","level":"info","event":"FIELDS TERMINATED BY \"\\t\"","logger":"airflow.task.hooks.airflow.providers.standard.hooks.subprocess.SubprocessHook","filename":"subprocess.py","lineno":106}
{"timestamp":"2025-11-14T07:42:34.057199Z","level":"info","event":"STORED AS TEXTFILE","logger":"airflow.task.hooks.airflow.providers.standard.hooks.subprocess.SubprocessHook","filename":"subprocess.py","lineno":106}
{"timestamp":"2025-11-14T07:42:34.057260Z","level":"info","event":"location '/project1/output_mr3'","logger":"airflow.task.hooks.airflow.providers.standard.hooks.subprocess.SubprocessHook","filename":"subprocess.py","lineno":106}
{"timestamp":"2025-11-14T07:42:34.057319Z","level":"info","event":"INFO  : Semantic Analysis Completed (retrial = false)","logger":"airflow.task.hooks.airflow.providers.standard.hooks.subprocess.SubprocessHook","filename":"subprocess.py","lineno":106}
{"timestamp":"2025-11-14T07:42:34.057388Z","level":"info","event":"INFO  : Created Hive schema: Schema(fieldSchemas:null, properties:null)","logger":"airflow.task.hooks.airflow.providers.standard.hooks.subprocess.SubprocessHook","filename":"subprocess.py","lineno":106}
{"timestamp":"2025-11-14T07:42:34.057451Z","level":"info","event":"INFO  : Completed compiling command(queryId=hadoop_20251114074232_98a59c52-a8af-4c85-a25e-b69e6a94b69f); Time taken: 0.098 seconds","logger":"airflow.task.hooks.airflow.providers.standard.hooks.subprocess.SubprocessHook","filename":"subprocess.py","lineno":106}
{"timestamp":"2025-11-14T07:42:34.057512Z","level":"info","event":"INFO  : Executing command(queryId=hadoop_20251114074232_98a59c52-a8af-4c85-a25e-b69e6a94b69f): CREATE EXTERNAL TABLE IF NOT EXISTS food_orders_ext (","logger":"airflow.task.hooks.airflow.providers.standard.hooks.subprocess.SubprocessHook","filename":"subprocess.py","lineno":106}
{"timestamp":"2025-11-14T07:42:34.057574Z","level":"info","event":"restaurant_id STRING,","logger":"airflow.task.hooks.airflow.providers.standard.hooks.subprocess.SubprocessHook","filename":"subprocess.py","lineno":106}
{"timestamp":"2025-11-14T07:42:34.057634Z","level":"info","event":"payment_type STRING,","logger":"airflow.task.hooks.airflow.providers.standard.hooks.subprocess.SubprocessHook","filename":"subprocess.py","lineno":106}
{"timestamp":"2025-11-14T07:42:34.057693Z","level":"info","event":"avg_total_price FLOAT,","logger":"airflow.task.hooks.airflow.providers.standard.hooks.subprocess.SubprocessHook","filename":"subprocess.py","lineno":106}
{"timestamp":"2025-11-14T07:42:34.057751Z","level":"info","event":"orders_count INT","logger":"airflow.task.hooks.airflow.providers.standard.hooks.subprocess.SubprocessHook","filename":"subprocess.py","lineno":106}
{"timestamp":"2025-11-14T07:42:34.057811Z","level":"info","event":")","logger":"airflow.task.hooks.airflow.providers.standard.hooks.subprocess.SubprocessHook","filename":"subprocess.py","lineno":106}
{"timestamp":"2025-11-14T07:42:34.057869Z","level":"info","event":"COMMENT \"food orders\"","logger":"airflow.task.hooks.airflow.providers.standard.hooks.subprocess.SubprocessHook","filename":"subprocess.py","lineno":106}
{"timestamp":"2025-11-14T07:42:34.057926Z","level":"info","event":"ROW FORMAT DELIMITED","logger":"airflow.task.hooks.airflow.providers.standard.hooks.subprocess.SubprocessHook","filename":"subprocess.py","lineno":106}
{"timestamp":"2025-11-14T07:42:34.057984Z","level":"info","event":"FIELDS TERMINATED BY \"\\t\"","logger":"airflow.task.hooks.airflow.providers.standard.hooks.subprocess.SubprocessHook","filename":"subprocess.py","lineno":106}
{"timestamp":"2025-11-14T07:42:34.058060Z","level":"info","event":"STORED AS TEXTFILE","logger":"airflow.task.hooks.airflow.providers.standard.hooks.subprocess.SubprocessHook","filename":"subprocess.py","lineno":106}
{"timestamp":"2025-11-14T07:42:34.058120Z","level":"info","event":"location '/project1/output_mr3'","logger":"airflow.task.hooks.airflow.providers.standard.hooks.subprocess.SubprocessHook","filename":"subprocess.py","lineno":106}
{"timestamp":"2025-11-14T07:42:34.058185Z","level":"info","event":"INFO  : Starting task [Stage-0:DDL] in serial mode","logger":"airflow.task.hooks.airflow.providers.standard.hooks.subprocess.SubprocessHook","filename":"subprocess.py","lineno":106}
{"timestamp":"2025-11-14T07:42:34.058246Z","level":"info","event":"INFO  : Completed executing command(queryId=hadoop_20251114074232_98a59c52-a8af-4c85-a25e-b69e6a94b69f); Time taken: 1.422 seconds","logger":"airflow.task.hooks.airflow.providers.standard.hooks.subprocess.SubprocessHook","filename":"subprocess.py","lineno":106}
{"timestamp":"2025-11-14T07:42:34.060751Z","level":"info","event":"No rows affected (1.536 seconds)","logger":"airflow.task.hooks.airflow.providers.standard.hooks.subprocess.SubprocessHook","filename":"subprocess.py","lineno":106}
{"timestamp":"2025-11-14T07:42:34.073700Z","level":"info","event":"0: jdbc:hive2://localhost:10000/default>","logger":"airflow.task.hooks.airflow.providers.standard.hooks.subprocess.SubprocessHook","filename":"subprocess.py","lineno":106}
{"timestamp":"2025-11-14T07:42:34.078681Z","level":"info","event":"0: jdbc:hive2://localhost:10000/default>","logger":"airflow.task.hooks.airflow.providers.standard.hooks.subprocess.SubprocessHook","filename":"subprocess.py","lineno":106}
{"timestamp":"2025-11-14T07:42:34.089174Z","level":"info","event":"0: jdbc:hive2://localhost:10000/default> CREATE EXTERNAL TABLE IF NOT EXISTS res \rtaurants_ext (","logger":"airflow.task.hooks.airflow.providers.standard.hooks.subprocess.SubprocessHook","filename":"subprocess.py","lineno":106}
{"timestamp":"2025-11-14T07:42:34.096022Z","level":"info","event":". . . . . . . . . . . . . . . . . . . .>     restaurant_id STRING,","logger":"airflow.task.hooks.airflow.providers.standard.hooks.subprocess.SubprocessHook","filename":"subprocess.py","lineno":106}
{"timestamp":"2025-11-14T07:42:34.102197Z","level":"info","event":". . . . . . . . . . . . . . . . . . . .>     name STRING,","logger":"airflow.task.hooks.airflow.providers.standard.hooks.subprocess.SubprocessHook","filename":"subprocess.py","lineno":106}
{"timestamp":"2025-11-14T07:42:34.107829Z","level":"info","event":". . . . . . . . . . . . . . . . . . . .>     city STRING,","logger":"airflow.task.hooks.airflow.providers.standard.hooks.subprocess.SubprocessHook","filename":"subprocess.py","lineno":106}
{"timestamp":"2025-11-14T07:42:34.115162Z","level":"info","event":". . . . . . . . . . . . . . . . . . . .>     country STRING,","logger":"airflow.task.hooks.airflow.providers.standard.hooks.subprocess.SubprocessHook","filename":"subprocess.py","lineno":106}
{"timestamp":"2025-11-14T07:42:34.121714Z","level":"info","event":". . . . . . . . . . . . . . . . . . . .>     cuisine STRING","logger":"airflow.task.hooks.airflow.providers.standard.hooks.subprocess.SubprocessHook","filename":"subprocess.py","lineno":106}
{"timestamp":"2025-11-14T07:42:34.127282Z","level":"info","event":". . . . . . . . . . . . . . . . . . . .> )","logger":"airflow.task.hooks.airflow.providers.standard.hooks.subprocess.SubprocessHook","filename":"subprocess.py","lineno":106}
{"timestamp":"2025-11-14T07:42:34.133974Z","level":"info","event":". . . . . . . . . . . . . . . . . . . .> COMMENT \"restaurants\"","logger":"airflow.task.hooks.airflow.providers.standard.hooks.subprocess.SubprocessHook","filename":"subprocess.py","lineno":106}
{"timestamp":"2025-11-14T07:42:34.140281Z","level":"info","event":". . . . . . . . . . . . . . . . . . . .> ROW FORMAT DELIMITED","logger":"airflow.task.hooks.airflow.providers.standard.hooks.subprocess.SubprocessHook","filename":"subprocess.py","lineno":106}
{"timestamp":"2025-11-14T07:42:34.146228Z","level":"info","event":". . . . . . . . . . . . . . . . . . . .> FIELDS TERMINATED BY \",\"","logger":"airflow.task.hooks.airflow.providers.standard.hooks.subprocess.SubprocessHook","filename":"subprocess.py","lineno":106}
{"timestamp":"2025-11-14T07:42:34.152117Z","level":"info","event":". . . . . . . . . . . . . . . . . . . .> STORED AS TEXTFILE","logger":"airflow.task.hooks.airflow.providers.standard.hooks.subprocess.SubprocessHook","filename":"subprocess.py","lineno":106}
{"timestamp":"2025-11-14T07:42:34.158777Z","level":"info","event":". . . . . . . . . . . . . . . . . . . .> location '${hiveconf:input_dir4}';","logger":"airflow.task.hooks.airflow.providers.standard.hooks.subprocess.SubprocessHook","filename":"subprocess.py","lineno":106}
{"timestamp":"2025-11-14T07:42:34.300824Z","level":"info","event":"INFO  : Compiling command(queryId=hadoop_20251114074234_a38cdb19-809d-4558-97e2-33386d14393c): CREATE EXTERNAL TABLE IF NOT EXISTS restaurants_ext (","logger":"airflow.task.hooks.airflow.providers.standard.hooks.subprocess.SubprocessHook","filename":"subprocess.py","lineno":106}
{"timestamp":"2025-11-14T07:42:34.301064Z","level":"info","event":"restaurant_id STRING,","logger":"airflow.task.hooks.airflow.providers.standard.hooks.subprocess.SubprocessHook","filename":"subprocess.py","lineno":106}
{"timestamp":"2025-11-14T07:42:34.301175Z","level":"info","event":"name STRING,","logger":"airflow.task.hooks.airflow.providers.standard.hooks.subprocess.SubprocessHook","filename":"subprocess.py","lineno":106}
{"timestamp":"2025-11-14T07:42:34.301260Z","level":"info","event":"city STRING,","logger":"airflow.task.hooks.airflow.providers.standard.hooks.subprocess.SubprocessHook","filename":"subprocess.py","lineno":106}
{"timestamp":"2025-11-14T07:42:34.301353Z","level":"info","event":"country STRING,","logger":"airflow.task.hooks.airflow.providers.standard.hooks.subprocess.SubprocessHook","filename":"subprocess.py","lineno":106}
{"timestamp":"2025-11-14T07:42:34.301430Z","level":"info","event":"cuisine STRING","logger":"airflow.task.hooks.airflow.providers.standard.hooks.subprocess.SubprocessHook","filename":"subprocess.py","lineno":106}
{"timestamp":"2025-11-14T07:42:34.301495Z","level":"info","event":")","logger":"airflow.task.hooks.airflow.providers.standard.hooks.subprocess.SubprocessHook","filename":"subprocess.py","lineno":106}
{"timestamp":"2025-11-14T07:42:34.301557Z","level":"info","event":"COMMENT \"restaurants\"","logger":"airflow.task.hooks.airflow.providers.standard.hooks.subprocess.SubprocessHook","filename":"subprocess.py","lineno":106}
{"timestamp":"2025-11-14T07:42:34.301633Z","level":"info","event":"ROW FORMAT DELIMITED","logger":"airflow.task.hooks.airflow.providers.standard.hooks.subprocess.SubprocessHook","filename":"subprocess.py","lineno":106}
{"timestamp":"2025-11-14T07:42:34.301714Z","level":"info","event":"FIELDS TERMINATED BY \",\"","logger":"airflow.task.hooks.airflow.providers.standard.hooks.subprocess.SubprocessHook","filename":"subprocess.py","lineno":106}
{"timestamp":"2025-11-14T07:42:34.301786Z","level":"info","event":"STORED AS TEXTFILE","logger":"airflow.task.hooks.airflow.providers.standard.hooks.subprocess.SubprocessHook","filename":"subprocess.py","lineno":106}
{"timestamp":"2025-11-14T07:42:34.301856Z","level":"info","event":"location '/tmp/input/datasource4'","logger":"airflow.task.hooks.airflow.providers.standard.hooks.subprocess.SubprocessHook","filename":"subprocess.py","lineno":106}
{"timestamp":"2025-11-14T07:42:34.301921Z","level":"info","event":"INFO  : Semantic Analysis Completed (retrial = false)","logger":"airflow.task.hooks.airflow.providers.standard.hooks.subprocess.SubprocessHook","filename":"subprocess.py","lineno":106}
{"timestamp":"2025-11-14T07:42:34.301985Z","level":"info","event":"INFO  : Created Hive schema: Schema(fieldSchemas:null, properties:null)","logger":"airflow.task.hooks.airflow.providers.standard.hooks.subprocess.SubprocessHook","filename":"subprocess.py","lineno":106}
{"timestamp":"2025-11-14T07:42:34.302070Z","level":"info","event":"INFO  : Completed compiling command(queryId=hadoop_20251114074234_a38cdb19-809d-4558-97e2-33386d14393c); Time taken: 0.053 seconds","logger":"airflow.task.hooks.airflow.providers.standard.hooks.subprocess.SubprocessHook","filename":"subprocess.py","lineno":106}
{"timestamp":"2025-11-14T07:42:34.302138Z","level":"info","event":"INFO  : Executing command(queryId=hadoop_20251114074234_a38cdb19-809d-4558-97e2-33386d14393c): CREATE EXTERNAL TABLE IF NOT EXISTS restaurants_ext (","logger":"airflow.task.hooks.airflow.providers.standard.hooks.subprocess.SubprocessHook","filename":"subprocess.py","lineno":106}
{"timestamp":"2025-11-14T07:42:34.302203Z","level":"info","event":"restaurant_id STRING,","logger":"airflow.task.hooks.airflow.providers.standard.hooks.subprocess.SubprocessHook","filename":"subprocess.py","lineno":106}
{"timestamp":"2025-11-14T07:42:34.302271Z","level":"info","event":"name STRING,","logger":"airflow.task.hooks.airflow.providers.standard.hooks.subprocess.SubprocessHook","filename":"subprocess.py","lineno":106}
{"timestamp":"2025-11-14T07:42:34.302350Z","level":"info","event":"city STRING,","logger":"airflow.task.hooks.airflow.providers.standard.hooks.subprocess.SubprocessHook","filename":"subprocess.py","lineno":106}
{"timestamp":"2025-11-14T07:42:34.302438Z","level":"info","event":"country STRING,","logger":"airflow.task.hooks.airflow.providers.standard.hooks.subprocess.SubprocessHook","filename":"subprocess.py","lineno":106}
{"timestamp":"2025-11-14T07:42:34.302529Z","level":"info","event":"cuisine STRING","logger":"airflow.task.hooks.airflow.providers.standard.hooks.subprocess.SubprocessHook","filename":"subprocess.py","lineno":106}
{"timestamp":"2025-11-14T07:42:34.302595Z","level":"info","event":")","logger":"airflow.task.hooks.airflow.providers.standard.hooks.subprocess.SubprocessHook","filename":"subprocess.py","lineno":106}
{"timestamp":"2025-11-14T07:42:34.302660Z","level":"info","event":"COMMENT \"restaurants\"","logger":"airflow.task.hooks.airflow.providers.standard.hooks.subprocess.SubprocessHook","filename":"subprocess.py","lineno":106}
{"timestamp":"2025-11-14T07:42:34.302724Z","level":"info","event":"ROW FORMAT DELIMITED","logger":"airflow.task.hooks.airflow.providers.standard.hooks.subprocess.SubprocessHook","filename":"subprocess.py","lineno":106}
{"timestamp":"2025-11-14T07:42:34.302797Z","level":"info","event":"FIELDS TERMINATED BY \",\"","logger":"airflow.task.hooks.airflow.providers.standard.hooks.subprocess.SubprocessHook","filename":"subprocess.py","lineno":106}
{"timestamp":"2025-11-14T07:42:34.302859Z","level":"info","event":"STORED AS TEXTFILE","logger":"airflow.task.hooks.airflow.providers.standard.hooks.subprocess.SubprocessHook","filename":"subprocess.py","lineno":106}
{"timestamp":"2025-11-14T07:42:34.302917Z","level":"info","event":"location '/tmp/input/datasource4'","logger":"airflow.task.hooks.airflow.providers.standard.hooks.subprocess.SubprocessHook","filename":"subprocess.py","lineno":106}
{"timestamp":"2025-11-14T07:42:34.302976Z","level":"info","event":"INFO  : Starting task [Stage-0:DDL] in serial mode","logger":"airflow.task.hooks.airflow.providers.standard.hooks.subprocess.SubprocessHook","filename":"subprocess.py","lineno":106}
{"timestamp":"2025-11-14T07:42:34.303067Z","level":"info","event":"INFO  : Completed executing command(queryId=hadoop_20251114074234_a38cdb19-809d-4558-97e2-33386d14393c); Time taken: 0.069 seconds","logger":"airflow.task.hooks.airflow.providers.standard.hooks.subprocess.SubprocessHook","filename":"subprocess.py","lineno":106}
{"timestamp":"2025-11-14T07:42:34.303864Z","level":"info","event":"No rows affected (0.145 seconds)","logger":"airflow.task.hooks.airflow.providers.standard.hooks.subprocess.SubprocessHook","filename":"subprocess.py","lineno":106}
{"timestamp":"2025-11-14T07:42:34.312206Z","level":"info","event":"0: jdbc:hive2://localhost:10000/default>","logger":"airflow.task.hooks.airflow.providers.standard.hooks.subprocess.SubprocessHook","filename":"subprocess.py","lineno":106}
{"timestamp":"2025-11-14T07:42:34.317188Z","level":"info","event":"0: jdbc:hive2://localhost:10000/default>","logger":"airflow.task.hooks.airflow.providers.standard.hooks.subprocess.SubprocessHook","filename":"subprocess.py","lineno":106}
{"timestamp":"2025-11-14T07:42:34.322539Z","level":"info","event":"0: jdbc:hive2://localhost:10000/default> CREATE VIEW IF NOT EXISTS cuisines as","logger":"airflow.task.hooks.airflow.providers.standard.hooks.subprocess.SubprocessHook","filename":"subprocess.py","lineno":106}
{"timestamp":"2025-11-14T07:42:34.331845Z","level":"info","event":". . . . . . . . . . . . . . . . . . . .>     SELECT  r.country as country, r.cui \rsine as cuisine, sum(f.orders_count) as total_orders, avg(f.avg_total_price) as  \ravg_total_price","logger":"airflow.task.hooks.airflow.providers.standard.hooks.subprocess.SubprocessHook","filename":"subprocess.py","lineno":106}
{"timestamp":"2025-11-14T07:42:34.340006Z","level":"info","event":". . . . . . . . . . . . . . . . . . . .>     FROM    restaurants_ext r inner joi \rn food_orders_ext f on r.restaurant_id == f.restaurant_id group by r.country, r. \rcuisine;","logger":"airflow.task.hooks.airflow.providers.standard.hooks.subprocess.SubprocessHook","filename":"subprocess.py","lineno":106}
{"timestamp":"2025-11-14T07:42:36.712615Z","level":"info","event":"INFO  : Compiling command(queryId=hadoop_20251114074234_950e0800-2d16-4325-bcc0-df35ac33cc96): CREATE VIEW IF NOT EXISTS cuisines as","logger":"airflow.task.hooks.airflow.providers.standard.hooks.subprocess.SubprocessHook","filename":"subprocess.py","lineno":106}
{"timestamp":"2025-11-14T07:42:36.712813Z","level":"info","event":"SELECT  r.country as country, r.cuisine as cuisine, sum(f.orders_count) as total_orders, avg(f.avg_total_price) as avg_total_price","logger":"airflow.task.hooks.airflow.providers.standard.hooks.subprocess.SubprocessHook","filename":"subprocess.py","lineno":106}
{"timestamp":"2025-11-14T07:42:36.712906Z","level":"info","event":"FROM    restaurants_ext r inner join food_orders_ext f on r.restaurant_id == f.restaurant_id group by r.country, r.cuisine","logger":"airflow.task.hooks.airflow.providers.standard.hooks.subprocess.SubprocessHook","filename":"subprocess.py","lineno":106}
{"timestamp":"2025-11-14T07:42:36.712978Z","level":"info","event":"INFO  : No Stats for default@restaurants_ext, Columns: country, restaurant_id, cuisine","logger":"airflow.task.hooks.airflow.providers.standard.hooks.subprocess.SubprocessHook","filename":"subprocess.py","lineno":106}
{"timestamp":"2025-11-14T07:42:36.713071Z","level":"info","event":"INFO  : No Stats for default@food_orders_ext, Columns: orders_count, restaurant_id, avg_total_price","logger":"airflow.task.hooks.airflow.providers.standard.hooks.subprocess.SubprocessHook","filename":"subprocess.py","lineno":106}
{"timestamp":"2025-11-14T07:42:36.713143Z","level":"info","event":"INFO  : Semantic Analysis Completed (retrial = false)","logger":"airflow.task.hooks.airflow.providers.standard.hooks.subprocess.SubprocessHook","filename":"subprocess.py","lineno":106}
{"timestamp":"2025-11-14T07:42:36.713210Z","level":"info","event":"INFO  : Created Hive schema: Schema(fieldSchemas:[FieldSchema(name:country, type:string, comment:null), FieldSchema(name:cuisine, type:string, comment:null), FieldSchema(name:total_orders, type:bigint, comment:null), FieldSchema(name:avg_total_price, type:double, comment:null)], properties:null)","logger":"airflow.task.hooks.airflow.providers.standard.hooks.subprocess.SubprocessHook","filename":"subprocess.py","lineno":106}
{"timestamp":"2025-11-14T07:42:36.713276Z","level":"info","event":"INFO  : Completed compiling command(queryId=hadoop_20251114074234_950e0800-2d16-4325-bcc0-df35ac33cc96); Time taken: 2.284 seconds","logger":"airflow.task.hooks.airflow.providers.standard.hooks.subprocess.SubprocessHook","filename":"subprocess.py","lineno":106}
{"timestamp":"2025-11-14T07:42:36.713343Z","level":"info","event":"INFO  : Executing command(queryId=hadoop_20251114074234_950e0800-2d16-4325-bcc0-df35ac33cc96): CREATE VIEW IF NOT EXISTS cuisines as","logger":"airflow.task.hooks.airflow.providers.standard.hooks.subprocess.SubprocessHook","filename":"subprocess.py","lineno":106}
{"timestamp":"2025-11-14T07:42:36.713406Z","level":"info","event":"SELECT  r.country as country, r.cuisine as cuisine, sum(f.orders_count) as total_orders, avg(f.avg_total_price) as avg_total_price","logger":"airflow.task.hooks.airflow.providers.standard.hooks.subprocess.SubprocessHook","filename":"subprocess.py","lineno":106}
{"timestamp":"2025-11-14T07:42:36.713471Z","level":"info","event":"FROM    restaurants_ext r inner join food_orders_ext f on r.restaurant_id == f.restaurant_id group by r.country, r.cuisine","logger":"airflow.task.hooks.airflow.providers.standard.hooks.subprocess.SubprocessHook","filename":"subprocess.py","lineno":106}
{"timestamp":"2025-11-14T07:42:36.713538Z","level":"info","event":"INFO  : Starting task [Stage-0:DDL] in serial mode","logger":"airflow.task.hooks.airflow.providers.standard.hooks.subprocess.SubprocessHook","filename":"subprocess.py","lineno":106}
{"timestamp":"2025-11-14T07:42:36.713608Z","level":"info","event":"INFO  : Completed executing command(queryId=hadoop_20251114074234_950e0800-2d16-4325-bcc0-df35ac33cc96); Time taken: 0.078 seconds","logger":"airflow.task.hooks.airflow.providers.standard.hooks.subprocess.SubprocessHook","filename":"subprocess.py","lineno":106}
{"timestamp":"2025-11-14T07:42:36.715533Z","level":"info","event":"No rows affected (2.374 seconds)","logger":"airflow.task.hooks.airflow.providers.standard.hooks.subprocess.SubprocessHook","filename":"subprocess.py","lineno":106}
{"timestamp":"2025-11-14T07:42:36.727909Z","level":"info","event":"0: jdbc:hive2://localhost:10000/default>","logger":"airflow.task.hooks.airflow.providers.standard.hooks.subprocess.SubprocessHook","filename":"subprocess.py","lineno":106}
{"timestamp":"2025-11-14T07:42:36.734174Z","level":"info","event":"0: jdbc:hive2://localhost:10000/default> CREATE TABLE cuisines_ranked(","logger":"airflow.task.hooks.airflow.providers.standard.hooks.subprocess.SubprocessHook","filename":"subprocess.py","lineno":106}
{"timestamp":"2025-11-14T07:42:36.739409Z","level":"info","event":". . . . . . . . . . . . . . . . . . . .>     country STRING,","logger":"airflow.task.hooks.airflow.providers.standard.hooks.subprocess.SubprocessHook","filename":"subprocess.py","lineno":106}
{"timestamp":"2025-11-14T07:42:36.743959Z","level":"info","event":". . . . . . . . . . . . . . . . . . . .>     cuisine STRING,","logger":"airflow.task.hooks.airflow.providers.standard.hooks.subprocess.SubprocessHook","filename":"subprocess.py","lineno":106}
{"timestamp":"2025-11-14T07:42:36.749685Z","level":"info","event":". . . . . . . . . . . . . . . . . . . .>     total_orders INT,","logger":"airflow.task.hooks.airflow.providers.standard.hooks.subprocess.SubprocessHook","filename":"subprocess.py","lineno":106}
{"timestamp":"2025-11-14T07:42:36.755645Z","level":"info","event":". . . . . . . . . . . . . . . . . . . .>     avg_total_price FLOAT,","logger":"airflow.task.hooks.airflow.providers.standard.hooks.subprocess.SubprocessHook","filename":"subprocess.py","lineno":106}
{"timestamp":"2025-11-14T07:42:36.762543Z","level":"info","event":". . . . . . . . . . . . . . . . . . . .>     rank_in_country INT","logger":"airflow.task.hooks.airflow.providers.standard.hooks.subprocess.SubprocessHook","filename":"subprocess.py","lineno":106}
{"timestamp":"2025-11-14T07:42:36.767355Z","level":"info","event":". . . . . . . . . . . . . . . . . . . .> )","logger":"airflow.task.hooks.airflow.providers.standard.hooks.subprocess.SubprocessHook","filename":"subprocess.py","lineno":106}
{"timestamp":"2025-11-14T07:42:36.772519Z","level":"info","event":". . . . . . . . . . . . . . . . . . . .> COMMENT \"final stats\"","logger":"airflow.task.hooks.airflow.providers.standard.hooks.subprocess.SubprocessHook","filename":"subprocess.py","lineno":106}
{"timestamp":"2025-11-14T07:42:36.778537Z","level":"info","event":". . . . . . . . . . . . . . . . . . . .> ROW FORMAT SERDE 'org.apache.hadoop.hiv \re.serde2.JsonSerDe'","logger":"airflow.task.hooks.airflow.providers.standard.hooks.subprocess.SubprocessHook","filename":"subprocess.py","lineno":106}
{"timestamp":"2025-11-14T07:42:36.783592Z","level":"info","event":". . . . . . . . . . . . . . . . . . . .> STORED AS TEXTFILE","logger":"airflow.task.hooks.airflow.providers.standard.hooks.subprocess.SubprocessHook","filename":"subprocess.py","lineno":106}
{"timestamp":"2025-11-14T07:42:36.788705Z","level":"info","event":". . . . . . . . . . . . . . . . . . . .> location '${hiveconf:output_dir6}';","logger":"airflow.task.hooks.airflow.providers.standard.hooks.subprocess.SubprocessHook","filename":"subprocess.py","lineno":106}
{"timestamp":"2025-11-14T07:42:36.910933Z","level":"info","event":"INFO  : Compiling command(queryId=hadoop_20251114074236_ea0918c4-a14c-4420-acbb-970f2b7de957): CREATE TABLE cuisines_ranked(","logger":"airflow.task.hooks.airflow.providers.standard.hooks.subprocess.SubprocessHook","filename":"subprocess.py","lineno":106}
{"timestamp":"2025-11-14T07:42:36.911173Z","level":"info","event":"country STRING,","logger":"airflow.task.hooks.airflow.providers.standard.hooks.subprocess.SubprocessHook","filename":"subprocess.py","lineno":106}
{"timestamp":"2025-11-14T07:42:36.911262Z","level":"info","event":"cuisine STRING,","logger":"airflow.task.hooks.airflow.providers.standard.hooks.subprocess.SubprocessHook","filename":"subprocess.py","lineno":106}
{"timestamp":"2025-11-14T07:42:36.911338Z","level":"info","event":"total_orders INT,","logger":"airflow.task.hooks.airflow.providers.standard.hooks.subprocess.SubprocessHook","filename":"subprocess.py","lineno":106}
{"timestamp":"2025-11-14T07:42:36.911413Z","level":"info","event":"avg_total_price FLOAT,","logger":"airflow.task.hooks.airflow.providers.standard.hooks.subprocess.SubprocessHook","filename":"subprocess.py","lineno":106}
{"timestamp":"2025-11-14T07:42:36.911476Z","level":"info","event":"rank_in_country INT","logger":"airflow.task.hooks.airflow.providers.standard.hooks.subprocess.SubprocessHook","filename":"subprocess.py","lineno":106}
{"timestamp":"2025-11-14T07:42:36.911534Z","level":"info","event":")","logger":"airflow.task.hooks.airflow.providers.standard.hooks.subprocess.SubprocessHook","filename":"subprocess.py","lineno":106}
{"timestamp":"2025-11-14T07:42:36.911598Z","level":"info","event":"COMMENT \"final stats\"","logger":"airflow.task.hooks.airflow.providers.standard.hooks.subprocess.SubprocessHook","filename":"subprocess.py","lineno":106}
{"timestamp":"2025-11-14T07:42:36.911661Z","level":"info","event":"ROW FORMAT SERDE 'org.apache.hadoop.hive.serde2.JsonSerDe'","logger":"airflow.task.hooks.airflow.providers.standard.hooks.subprocess.SubprocessHook","filename":"subprocess.py","lineno":106}
{"timestamp":"2025-11-14T07:42:36.911735Z","level":"info","event":"STORED AS TEXTFILE","logger":"airflow.task.hooks.airflow.providers.standard.hooks.subprocess.SubprocessHook","filename":"subprocess.py","lineno":106}
{"timestamp":"2025-11-14T07:42:36.911805Z","level":"info","event":"location '/project1/output6'","logger":"airflow.task.hooks.airflow.providers.standard.hooks.subprocess.SubprocessHook","filename":"subprocess.py","lineno":106}
{"timestamp":"2025-11-14T07:42:36.911877Z","level":"info","event":"INFO  : Semantic Analysis Completed (retrial = false)","logger":"airflow.task.hooks.airflow.providers.standard.hooks.subprocess.SubprocessHook","filename":"subprocess.py","lineno":106}
{"timestamp":"2025-11-14T07:42:36.911945Z","level":"info","event":"INFO  : Created Hive schema: Schema(fieldSchemas:null, properties:null)","logger":"airflow.task.hooks.airflow.providers.standard.hooks.subprocess.SubprocessHook","filename":"subprocess.py","lineno":106}
{"timestamp":"2025-11-14T07:42:36.912031Z","level":"info","event":"INFO  : Completed compiling command(queryId=hadoop_20251114074236_ea0918c4-a14c-4420-acbb-970f2b7de957); Time taken: 0.012 seconds","logger":"airflow.task.hooks.airflow.providers.standard.hooks.subprocess.SubprocessHook","filename":"subprocess.py","lineno":106}
{"timestamp":"2025-11-14T07:42:36.912102Z","level":"info","event":"INFO  : Executing command(queryId=hadoop_20251114074236_ea0918c4-a14c-4420-acbb-970f2b7de957): CREATE TABLE cuisines_ranked(","logger":"airflow.task.hooks.airflow.providers.standard.hooks.subprocess.SubprocessHook","filename":"subprocess.py","lineno":106}
{"timestamp":"2025-11-14T07:42:36.912180Z","level":"info","event":"country STRING,","logger":"airflow.task.hooks.airflow.providers.standard.hooks.subprocess.SubprocessHook","filename":"subprocess.py","lineno":106}
{"timestamp":"2025-11-14T07:42:36.912251Z","level":"info","event":"cuisine STRING,","logger":"airflow.task.hooks.airflow.providers.standard.hooks.subprocess.SubprocessHook","filename":"subprocess.py","lineno":106}
{"timestamp":"2025-11-14T07:42:36.912330Z","level":"info","event":"total_orders INT,","logger":"airflow.task.hooks.airflow.providers.standard.hooks.subprocess.SubprocessHook","filename":"subprocess.py","lineno":106}
{"timestamp":"2025-11-14T07:42:36.912400Z","level":"info","event":"avg_total_price FLOAT,","logger":"airflow.task.hooks.airflow.providers.standard.hooks.subprocess.SubprocessHook","filename":"subprocess.py","lineno":106}
{"timestamp":"2025-11-14T07:42:36.912477Z","level":"info","event":"rank_in_country INT","logger":"airflow.task.hooks.airflow.providers.standard.hooks.subprocess.SubprocessHook","filename":"subprocess.py","lineno":106}
{"timestamp":"2025-11-14T07:42:36.912553Z","level":"info","event":")","logger":"airflow.task.hooks.airflow.providers.standard.hooks.subprocess.SubprocessHook","filename":"subprocess.py","lineno":106}
{"timestamp":"2025-11-14T07:42:36.912621Z","level":"info","event":"COMMENT \"final stats\"","logger":"airflow.task.hooks.airflow.providers.standard.hooks.subprocess.SubprocessHook","filename":"subprocess.py","lineno":106}
{"timestamp":"2025-11-14T07:42:36.912691Z","level":"info","event":"ROW FORMAT SERDE 'org.apache.hadoop.hive.serde2.JsonSerDe'","logger":"airflow.task.hooks.airflow.providers.standard.hooks.subprocess.SubprocessHook","filename":"subprocess.py","lineno":106}
{"timestamp":"2025-11-14T07:42:36.912759Z","level":"info","event":"STORED AS TEXTFILE","logger":"airflow.task.hooks.airflow.providers.standard.hooks.subprocess.SubprocessHook","filename":"subprocess.py","lineno":106}
{"timestamp":"2025-11-14T07:42:36.912830Z","level":"info","event":"location '/project1/output6'","logger":"airflow.task.hooks.airflow.providers.standard.hooks.subprocess.SubprocessHook","filename":"subprocess.py","lineno":106}
{"timestamp":"2025-11-14T07:42:36.912902Z","level":"info","event":"INFO  : Starting task [Stage-0:DDL] in serial mode","logger":"airflow.task.hooks.airflow.providers.standard.hooks.subprocess.SubprocessHook","filename":"subprocess.py","lineno":106}
{"timestamp":"2025-11-14T07:42:36.912972Z","level":"info","event":"INFO  : Completed executing command(queryId=hadoop_20251114074236_ea0918c4-a14c-4420-acbb-970f2b7de957); Time taken: 0.1 seconds","logger":"airflow.task.hooks.airflow.providers.standard.hooks.subprocess.SubprocessHook","filename":"subprocess.py","lineno":106}
{"timestamp":"2025-11-14T07:42:36.914644Z","level":"info","event":"No rows affected (0.126 seconds)","logger":"airflow.task.hooks.airflow.providers.standard.hooks.subprocess.SubprocessHook","filename":"subprocess.py","lineno":106}
{"timestamp":"2025-11-14T07:42:36.922983Z","level":"info","event":"0: jdbc:hive2://localhost:10000/default>","logger":"airflow.task.hooks.airflow.providers.standard.hooks.subprocess.SubprocessHook","filename":"subprocess.py","lineno":106}
{"timestamp":"2025-11-14T07:42:36.928553Z","level":"info","event":"0: jdbc:hive2://localhost:10000/default> INSERT OVERWRITE TABLE cuisines_ranked","logger":"airflow.task.hooks.airflow.providers.standard.hooks.subprocess.SubprocessHook","filename":"subprocess.py","lineno":106}
{"timestamp":"2025-11-14T07:42:36.938255Z","level":"info","event":". . . . . . . . . . . . . . . . . . . .>     SELECT country, cuisine, total_orde \rrs, avg_total_price, rank() over (partition by country order by total_orders des \rc) as rank_in_country FROM cuisines;","logger":"airflow.task.hooks.airflow.providers.standard.hooks.subprocess.SubprocessHook","filename":"subprocess.py","lineno":106}
{"timestamp":"2025-11-14T07:42:46.862483Z","level":"info","event":"INFO  : Compiling command(queryId=hadoop_20251114074236_6a202257-e1d1-4f21-8afa-5f92d439175f): INSERT OVERWRITE TABLE cuisines_ranked","logger":"airflow.task.hooks.airflow.providers.standard.hooks.subprocess.SubprocessHook","filename":"subprocess.py","lineno":106}
{"timestamp":"2025-11-14T07:42:46.862717Z","level":"info","event":"SELECT country, cuisine, total_orders, avg_total_price, rank() over (partition by country order by total_orders desc) as rank_in_country FROM cuisines","logger":"airflow.task.hooks.airflow.providers.standard.hooks.subprocess.SubprocessHook","filename":"subprocess.py","lineno":106}
{"timestamp":"2025-11-14T07:42:46.862814Z","level":"info","event":"INFO  : No Stats for default@restaurants_ext, Columns: country, restaurant_id, cuisine","logger":"airflow.task.hooks.airflow.providers.standard.hooks.subprocess.SubprocessHook","filename":"subprocess.py","lineno":106}
{"timestamp":"2025-11-14T07:42:46.862884Z","level":"info","event":"INFO  : No Stats for default@food_orders_ext, Columns: orders_count, restaurant_id, avg_total_price","logger":"airflow.task.hooks.airflow.providers.standard.hooks.subprocess.SubprocessHook","filename":"subprocess.py","lineno":106}
{"timestamp":"2025-11-14T07:42:46.862950Z","level":"info","event":"INFO  : Semantic Analysis Completed (retrial = false)","logger":"airflow.task.hooks.airflow.providers.standard.hooks.subprocess.SubprocessHook","filename":"subprocess.py","lineno":106}
{"timestamp":"2025-11-14T07:42:46.863029Z","level":"info","event":"INFO  : Created Hive schema: Schema(fieldSchemas:[FieldSchema(name:_col0, type:string, comment:null), FieldSchema(name:_col1, type:string, comment:null), FieldSchema(name:_col2, type:int, comment:null), FieldSchema(name:_col3, type:float, comment:null), FieldSchema(name:_col4, type:int, comment:null)], properties:null)","logger":"airflow.task.hooks.airflow.providers.standard.hooks.subprocess.SubprocessHook","filename":"subprocess.py","lineno":106}
{"timestamp":"2025-11-14T07:42:46.863110Z","level":"info","event":"INFO  : Completed compiling command(queryId=hadoop_20251114074236_6a202257-e1d1-4f21-8afa-5f92d439175f); Time taken: 1.201 seconds","logger":"airflow.task.hooks.airflow.providers.standard.hooks.subprocess.SubprocessHook","filename":"subprocess.py","lineno":106}
{"timestamp":"2025-11-14T07:42:46.863178Z","level":"info","event":"INFO  : Executing command(queryId=hadoop_20251114074236_6a202257-e1d1-4f21-8afa-5f92d439175f): INSERT OVERWRITE TABLE cuisines_ranked","logger":"airflow.task.hooks.airflow.providers.standard.hooks.subprocess.SubprocessHook","filename":"subprocess.py","lineno":106}
{"timestamp":"2025-11-14T07:42:46.863261Z","level":"info","event":"SELECT country, cuisine, total_orders, avg_total_price, rank() over (partition by country order by total_orders desc) as rank_in_country FROM cuisines","logger":"airflow.task.hooks.airflow.providers.standard.hooks.subprocess.SubprocessHook","filename":"subprocess.py","lineno":106}
{"timestamp":"2025-11-14T07:42:46.863324Z","level":"info","event":"INFO  : Query ID = hadoop_20251114074236_6a202257-e1d1-4f21-8afa-5f92d439175f","logger":"airflow.task.hooks.airflow.providers.standard.hooks.subprocess.SubprocessHook","filename":"subprocess.py","lineno":106}
{"timestamp":"2025-11-14T07:42:46.863390Z","level":"info","event":"INFO  : Total jobs = 1","logger":"airflow.task.hooks.airflow.providers.standard.hooks.subprocess.SubprocessHook","filename":"subprocess.py","lineno":106}
{"timestamp":"2025-11-14T07:42:46.863454Z","level":"info","event":"INFO  : Launching Job 1 out of 1","logger":"airflow.task.hooks.airflow.providers.standard.hooks.subprocess.SubprocessHook","filename":"subprocess.py","lineno":106}
{"timestamp":"2025-11-14T07:42:46.863516Z","level":"info","event":"INFO  : Starting task [Stage-1:MAPRED] in serial mode","logger":"airflow.task.hooks.airflow.providers.standard.hooks.subprocess.SubprocessHook","filename":"subprocess.py","lineno":106}
{"timestamp":"2025-11-14T07:42:46.863594Z","level":"info","event":"INFO  : Subscribed to counters: [] for queryId: hadoop_20251114074236_6a202257-e1d1-4f21-8afa-5f92d439175f","logger":"airflow.task.hooks.airflow.providers.standard.hooks.subprocess.SubprocessHook","filename":"subprocess.py","lineno":106}
{"timestamp":"2025-11-14T07:42:46.863683Z","level":"info","event":"INFO  : Tez session hasn't been created yet. Opening session","logger":"airflow.task.hooks.airflow.providers.standard.hooks.subprocess.SubprocessHook","filename":"subprocess.py","lineno":106}
{"timestamp":"2025-11-14T07:42:46.863753Z","level":"info","event":"INFO  : Dag name: INSERT OVERWRITE TABL......try FROM cuisines (Stage-1)","logger":"airflow.task.hooks.airflow.providers.standard.hooks.subprocess.SubprocessHook","filename":"subprocess.py","lineno":106}
{"timestamp":"2025-11-14T07:42:46.863822Z","level":"info","event":"INFO  : Setting tez.task.scale.memory.reserve-fraction to 0.30000001192092896","logger":"airflow.task.hooks.airflow.providers.standard.hooks.subprocess.SubprocessHook","filename":"subprocess.py","lineno":106}
{"timestamp":"2025-11-14T07:42:46.863885Z","level":"info","event":"INFO  : HS2 Host: [master], Query ID: [hadoop_20251114074236_6a202257-e1d1-4f21-8afa-5f92d439175f], Dag ID: [dag_1763103721848_0003_1], DAG App ID: [application_1763103721848_0003], DAG App address: [worker2]","logger":"airflow.task.hooks.airflow.providers.standard.hooks.subprocess.SubprocessHook","filename":"subprocess.py","lineno":106}
{"timestamp":"2025-11-14T07:42:46.863959Z","level":"info","event":"INFO  : Status: Running (Executing on YARN cluster with App id application_1763103721848_0003)","logger":"airflow.task.hooks.airflow.providers.standard.hooks.subprocess.SubprocessHook","filename":"subprocess.py","lineno":106}
{"timestamp":"2025-11-14T07:42:46.864046Z","level":"info","event":"","logger":"airflow.task.hooks.airflow.providers.standard.hooks.subprocess.SubprocessHook","filename":"subprocess.py","lineno":106}
{"timestamp":"2025-11-14T07:42:47.365584Z","level":"info","event":"\u001b[2K----------------------------------------------------------------------------------------------","logger":"airflow.task.hooks.airflow.providers.standard.hooks.subprocess.SubprocessHook","filename":"subprocess.py","lineno":106}
{"timestamp":"2025-11-14T07:42:47.366594Z","level":"info","event":"\u001b[2K\u001b[36;1m        VERTICES      MODE        STATUS  TOTAL  COMPLETED  RUNNING  PENDING  FAILED  KILLED","logger":"airflow.task.hooks.airflow.providers.standard.hooks.subprocess.SubprocessHook","filename":"subprocess.py","lineno":106}
{"timestamp":"2025-11-14T07:42:47.366699Z","level":"info","event":"\u001b[22;0m\u001b[2K----------------------------------------------------------------------------------------------","logger":"airflow.task.hooks.airflow.providers.standard.hooks.subprocess.SubprocessHook","filename":"subprocess.py","lineno":106}
{"timestamp":"2025-11-14T07:42:47.381209Z","level":"info","event":"\u001b[2KMap 1            container  INITIALIZING     -1          0        0       -1       0       0","logger":"airflow.task.hooks.airflow.providers.standard.hooks.subprocess.SubprocessHook","filename":"subprocess.py","lineno":106}
{"timestamp":"2025-11-14T07:42:47.381426Z","level":"info","event":"Map 2            container  INITIALIZING     -1          0        0       -1       0       0","logger":"airflow.task.hooks.airflow.providers.standard.hooks.subprocess.SubprocessHook","filename":"subprocess.py","lineno":106}
{"timestamp":"2025-11-14T07:42:47.381480Z","level":"info","event":"Reducer 3        container        INITED      1          0        0        1       0       0","logger":"airflow.task.hooks.airflow.providers.standard.hooks.subprocess.SubprocessHook","filename":"subprocess.py","lineno":106}
{"timestamp":"2025-11-14T07:42:47.381524Z","level":"info","event":"Reducer 4        container        INITED      1          0        0        1       0       0","logger":"airflow.task.hooks.airflow.providers.standard.hooks.subprocess.SubprocessHook","filename":"subprocess.py","lineno":106}
{"timestamp":"2025-11-14T07:42:47.381564Z","level":"info","event":"Reducer 5        container        INITED      1          0        0        1       0       0","logger":"airflow.task.hooks.airflow.providers.standard.hooks.subprocess.SubprocessHook","filename":"subprocess.py","lineno":106}
{"timestamp":"2025-11-14T07:42:47.381801Z","level":"info","event":"\u001b[2K----------------------------------------------------------------------------------------------","logger":"airflow.task.hooks.airflow.providers.standard.hooks.subprocess.SubprocessHook","filename":"subprocess.py","lineno":106}
{"timestamp":"2025-11-14T07:42:47.381916Z","level":"info","event":"\u001b[2K\u001b[31;1mVERTICES: 00/05  [>>--------------------------] 0%    ELAPSED TIME: 0.75 s","logger":"airflow.task.hooks.airflow.providers.standard.hooks.subprocess.SubprocessHook","filename":"subprocess.py","lineno":106}
{"timestamp":"2025-11-14T07:42:47.381973Z","level":"info","event":"\u001b[22;0m\u001b[2K----------------------------------------------------------------------------------------------","logger":"airflow.task.hooks.airflow.providers.standard.hooks.subprocess.SubprocessHook","filename":"subprocess.py","lineno":106}
{"timestamp":"2025-11-14T07:42:48.384983Z","level":"info","event":"\u001b[11A\u001b[2K----------------------------------------------------------------------------------------------","logger":"airflow.task.hooks.airflow.providers.standard.hooks.subprocess.SubprocessHook","filename":"subprocess.py","lineno":106}
{"timestamp":"2025-11-14T07:42:48.385312Z","level":"info","event":"\u001b[2K\u001b[36;1m        VERTICES      MODE        STATUS  TOTAL  COMPLETED  RUNNING  PENDING  FAILED  KILLED","logger":"airflow.task.hooks.airflow.providers.standard.hooks.subprocess.SubprocessHook","filename":"subprocess.py","lineno":106}
{"timestamp":"2025-11-14T07:42:48.385453Z","level":"info","event":"\u001b[22;0m\u001b[2K----------------------------------------------------------------------------------------------","logger":"airflow.task.hooks.airflow.providers.standard.hooks.subprocess.SubprocessHook","filename":"subprocess.py","lineno":106}
{"timestamp":"2025-11-14T07:42:48.386541Z","level":"info","event":"\u001b[2KMap 1            container        INITED      1          0        0        1       0       0","logger":"airflow.task.hooks.airflow.providers.standard.hooks.subprocess.SubprocessHook","filename":"subprocess.py","lineno":106}
{"timestamp":"2025-11-14T07:42:48.386715Z","level":"info","event":"Map 2            container        INITED      1          0        0        1       0       0","logger":"airflow.task.hooks.airflow.providers.standard.hooks.subprocess.SubprocessHook","filename":"subprocess.py","lineno":106}
{"timestamp":"2025-11-14T07:42:48.386856Z","level":"info","event":"Reducer 3        container        INITED      1          0        0        1       0       0","logger":"airflow.task.hooks.airflow.providers.standard.hooks.subprocess.SubprocessHook","filename":"subprocess.py","lineno":106}
{"timestamp":"2025-11-14T07:42:48.386981Z","level":"info","event":"Reducer 4        container        INITED      1          0        0        1       0       0","logger":"airflow.task.hooks.airflow.providers.standard.hooks.subprocess.SubprocessHook","filename":"subprocess.py","lineno":106}
{"timestamp":"2025-11-14T07:42:48.387205Z","level":"info","event":"Reducer 5        container        INITED      1          0        0        1       0       0","logger":"airflow.task.hooks.airflow.providers.standard.hooks.subprocess.SubprocessHook","filename":"subprocess.py","lineno":106}
{"timestamp":"2025-11-14T07:42:48.387365Z","level":"info","event":"\u001b[2K----------------------------------------------------------------------------------------------","logger":"airflow.task.hooks.airflow.providers.standard.hooks.subprocess.SubprocessHook","filename":"subprocess.py","lineno":106}
{"timestamp":"2025-11-14T07:42:48.387502Z","level":"info","event":"\u001b[2K\u001b[31;1mVERTICES: 00/05  [>>--------------------------] 0%    ELAPSED TIME: 1.75 s","logger":"airflow.task.hooks.airflow.providers.standard.hooks.subprocess.SubprocessHook","filename":"subprocess.py","lineno":106}
{"timestamp":"2025-11-14T07:42:48.387579Z","level":"info","event":"\u001b[22;0m\u001b[2K----------------------------------------------------------------------------------------------","logger":"airflow.task.hooks.airflow.providers.standard.hooks.subprocess.SubprocessHook","filename":"subprocess.py","lineno":106}
{"timestamp":"2025-11-14T07:42:49.389606Z","level":"info","event":"\u001b[11A\u001b[2K----------------------------------------------------------------------------------------------","logger":"airflow.task.hooks.airflow.providers.standard.hooks.subprocess.SubprocessHook","filename":"subprocess.py","lineno":106}
{"timestamp":"2025-11-14T07:42:49.390597Z","level":"info","event":"\u001b[2K\u001b[36;1m        VERTICES      MODE        STATUS  TOTAL  COMPLETED  RUNNING  PENDING  FAILED  KILLED","logger":"airflow.task.hooks.airflow.providers.standard.hooks.subprocess.SubprocessHook","filename":"subprocess.py","lineno":106}
{"timestamp":"2025-11-14T07:42:49.390777Z","level":"info","event":"\u001b[22;0m\u001b[2K----------------------------------------------------------------------------------------------","logger":"airflow.task.hooks.airflow.providers.standard.hooks.subprocess.SubprocessHook","filename":"subprocess.py","lineno":106}
{"timestamp":"2025-11-14T07:42:49.391740Z","level":"info","event":"\u001b[2KMap 1            container        INITED      1          0        0        1       0       0","logger":"airflow.task.hooks.airflow.providers.standard.hooks.subprocess.SubprocessHook","filename":"subprocess.py","lineno":106}
{"timestamp":"2025-11-14T07:42:49.391949Z","level":"info","event":"Map 2            container        INITED      1          0        0        1       0       0","logger":"airflow.task.hooks.airflow.providers.standard.hooks.subprocess.SubprocessHook","filename":"subprocess.py","lineno":106}
{"timestamp":"2025-11-14T07:42:49.392135Z","level":"info","event":"Reducer 3        container        INITED      1          0        0        1       0       0","logger":"airflow.task.hooks.airflow.providers.standard.hooks.subprocess.SubprocessHook","filename":"subprocess.py","lineno":106}
{"timestamp":"2025-11-14T07:42:49.392285Z","level":"info","event":"Reducer 4        container        INITED      1          0        0        1       0       0","logger":"airflow.task.hooks.airflow.providers.standard.hooks.subprocess.SubprocessHook","filename":"subprocess.py","lineno":106}
{"timestamp":"2025-11-14T07:42:49.392407Z","level":"info","event":"Reducer 5        container        INITED      1          0        0        1       0       0","logger":"airflow.task.hooks.airflow.providers.standard.hooks.subprocess.SubprocessHook","filename":"subprocess.py","lineno":106}
{"timestamp":"2025-11-14T07:42:49.393721Z","level":"info","event":"\u001b[2K----------------------------------------------------------------------------------------------","logger":"airflow.task.hooks.airflow.providers.standard.hooks.subprocess.SubprocessHook","filename":"subprocess.py","lineno":106}
{"timestamp":"2025-11-14T07:42:49.393898Z","level":"info","event":"\u001b[2K\u001b[31;1mVERTICES: 00/05  [>>--------------------------] 0%    ELAPSED TIME: 2.76 s","logger":"airflow.task.hooks.airflow.providers.standard.hooks.subprocess.SubprocessHook","filename":"subprocess.py","lineno":106}
{"timestamp":"2025-11-14T07:42:49.394228Z","level":"info","event":"\u001b[22;0m\u001b[2K----------------------------------------------------------------------------------------------","logger":"airflow.task.hooks.airflow.providers.standard.hooks.subprocess.SubprocessHook","filename":"subprocess.py","lineno":106}
{"timestamp":"2025-11-14T07:42:50.396339Z","level":"info","event":"\u001b[11A\u001b[2K----------------------------------------------------------------------------------------------","logger":"airflow.task.hooks.airflow.providers.standard.hooks.subprocess.SubprocessHook","filename":"subprocess.py","lineno":106}
{"timestamp":"2025-11-14T07:42:50.396696Z","level":"info","event":"\u001b[2K\u001b[36;1m        VERTICES      MODE        STATUS  TOTAL  COMPLETED  RUNNING  PENDING  FAILED  KILLED","logger":"airflow.task.hooks.airflow.providers.standard.hooks.subprocess.SubprocessHook","filename":"subprocess.py","lineno":106}
{"timestamp":"2025-11-14T07:42:50.396839Z","level":"info","event":"\u001b[22;0m\u001b[2K----------------------------------------------------------------------------------------------","logger":"airflow.task.hooks.airflow.providers.standard.hooks.subprocess.SubprocessHook","filename":"subprocess.py","lineno":106}
{"timestamp":"2025-11-14T07:42:50.398462Z","level":"info","event":"\u001b[2KMap 1            container        INITED      1          0        0        1       0       0","logger":"airflow.task.hooks.airflow.providers.standard.hooks.subprocess.SubprocessHook","filename":"subprocess.py","lineno":106}
{"timestamp":"2025-11-14T07:42:50.398661Z","level":"info","event":"Map 2            container        INITED      1          0        0        1       0       0","logger":"airflow.task.hooks.airflow.providers.standard.hooks.subprocess.SubprocessHook","filename":"subprocess.py","lineno":106}
{"timestamp":"2025-11-14T07:42:50.398793Z","level":"info","event":"Reducer 3        container        INITED      1          0        0        1       0       0","logger":"airflow.task.hooks.airflow.providers.standard.hooks.subprocess.SubprocessHook","filename":"subprocess.py","lineno":106}
{"timestamp":"2025-11-14T07:42:50.398910Z","level":"info","event":"Reducer 4        container        INITED      1          0        0        1       0       0","logger":"airflow.task.hooks.airflow.providers.standard.hooks.subprocess.SubprocessHook","filename":"subprocess.py","lineno":106}
{"timestamp":"2025-11-14T07:42:50.399049Z","level":"info","event":"Reducer 5        container        INITED      1          0        0        1       0       0","logger":"airflow.task.hooks.airflow.providers.standard.hooks.subprocess.SubprocessHook","filename":"subprocess.py","lineno":106}
{"timestamp":"2025-11-14T07:42:50.399177Z","level":"info","event":"\u001b[2K----------------------------------------------------------------------------------------------","logger":"airflow.task.hooks.airflow.providers.standard.hooks.subprocess.SubprocessHook","filename":"subprocess.py","lineno":106}
{"timestamp":"2025-11-14T07:42:50.399300Z","level":"info","event":"\u001b[2K\u001b[31;1mVERTICES: 00/05  [>>--------------------------] 0%    ELAPSED TIME: 3.77 s","logger":"airflow.task.hooks.airflow.providers.standard.hooks.subprocess.SubprocessHook","filename":"subprocess.py","lineno":106}
{"timestamp":"2025-11-14T07:42:50.399411Z","level":"info","event":"\u001b[22;0m\u001b[2K----------------------------------------------------------------------------------------------","logger":"airflow.task.hooks.airflow.providers.standard.hooks.subprocess.SubprocessHook","filename":"subprocess.py","lineno":106}
{"timestamp":"2025-11-14T07:42:51.402151Z","level":"info","event":"\u001b[11A\u001b[2K----------------------------------------------------------------------------------------------","logger":"airflow.task.hooks.airflow.providers.standard.hooks.subprocess.SubprocessHook","filename":"subprocess.py","lineno":106}
{"timestamp":"2025-11-14T07:42:51.402446Z","level":"info","event":"\u001b[2K\u001b[36;1m        VERTICES      MODE        STATUS  TOTAL  COMPLETED  RUNNING  PENDING  FAILED  KILLED","logger":"airflow.task.hooks.airflow.providers.standard.hooks.subprocess.SubprocessHook","filename":"subprocess.py","lineno":106}
{"timestamp":"2025-11-14T07:42:51.402606Z","level":"info","event":"\u001b[22;0m\u001b[2K----------------------------------------------------------------------------------------------","logger":"airflow.task.hooks.airflow.providers.standard.hooks.subprocess.SubprocessHook","filename":"subprocess.py","lineno":106}
{"timestamp":"2025-11-14T07:42:51.405485Z","level":"info","event":"\u001b[2KMap 1            container        INITED      1          0        0        1       0       0","logger":"airflow.task.hooks.airflow.providers.standard.hooks.subprocess.SubprocessHook","filename":"subprocess.py","lineno":106}
{"timestamp":"2025-11-14T07:42:51.406262Z","level":"info","event":"Map 2            container        INITED      1          0        0        1       0       0","logger":"airflow.task.hooks.airflow.providers.standard.hooks.subprocess.SubprocessHook","filename":"subprocess.py","lineno":106}
{"timestamp":"2025-11-14T07:42:51.406440Z","level":"info","event":"Reducer 3        container        INITED      1          0        0        1       0       0","logger":"airflow.task.hooks.airflow.providers.standard.hooks.subprocess.SubprocessHook","filename":"subprocess.py","lineno":106}
{"timestamp":"2025-11-14T07:42:51.406560Z","level":"info","event":"Reducer 4        container        INITED      1          0        0        1       0       0","logger":"airflow.task.hooks.airflow.providers.standard.hooks.subprocess.SubprocessHook","filename":"subprocess.py","lineno":106}
{"timestamp":"2025-11-14T07:42:51.406659Z","level":"info","event":"Reducer 5        container        INITED      1          0        0        1       0       0","logger":"airflow.task.hooks.airflow.providers.standard.hooks.subprocess.SubprocessHook","filename":"subprocess.py","lineno":106}
{"timestamp":"2025-11-14T07:42:51.406797Z","level":"info","event":"\u001b[2K----------------------------------------------------------------------------------------------","logger":"airflow.task.hooks.airflow.providers.standard.hooks.subprocess.SubprocessHook","filename":"subprocess.py","lineno":106}
{"timestamp":"2025-11-14T07:42:51.410856Z","level":"info","event":"\u001b[2K\u001b[31;1mVERTICES: 00/05  [>>--------------------------] 0%    ELAPSED TIME: 4.77 s","logger":"airflow.task.hooks.airflow.providers.standard.hooks.subprocess.SubprocessHook","filename":"subprocess.py","lineno":106}
{"timestamp":"2025-11-14T07:42:51.411057Z","level":"info","event":"\u001b[22;0m\u001b[2K----------------------------------------------------------------------------------------------","logger":"airflow.task.hooks.airflow.providers.standard.hooks.subprocess.SubprocessHook","filename":"subprocess.py","lineno":106}
{"timestamp":"2025-11-14T07:42:52.408598Z","level":"info","event":"\u001b[11A\u001b[2K----------------------------------------------------------------------------------------------","logger":"airflow.task.hooks.airflow.providers.standard.hooks.subprocess.SubprocessHook","filename":"subprocess.py","lineno":106}
{"timestamp":"2025-11-14T07:42:52.408913Z","level":"info","event":"\u001b[2K\u001b[36;1m        VERTICES      MODE        STATUS  TOTAL  COMPLETED  RUNNING  PENDING  FAILED  KILLED","logger":"airflow.task.hooks.airflow.providers.standard.hooks.subprocess.SubprocessHook","filename":"subprocess.py","lineno":106}
{"timestamp":"2025-11-14T07:42:52.409082Z","level":"info","event":"\u001b[22;0m\u001b[2K----------------------------------------------------------------------------------------------","logger":"airflow.task.hooks.airflow.providers.standard.hooks.subprocess.SubprocessHook","filename":"subprocess.py","lineno":106}
{"timestamp":"2025-11-14T07:42:52.410093Z","level":"info","event":"\u001b[2KMap 1            container       RUNNING      1          0        1        0       0       0","logger":"airflow.task.hooks.airflow.providers.standard.hooks.subprocess.SubprocessHook","filename":"subprocess.py","lineno":106}
{"timestamp":"2025-11-14T07:42:52.410229Z","level":"info","event":"Map 2            container        INITED      1          0        0        1       0       0","logger":"airflow.task.hooks.airflow.providers.standard.hooks.subprocess.SubprocessHook","filename":"subprocess.py","lineno":106}
{"timestamp":"2025-11-14T07:42:52.410367Z","level":"info","event":"Reducer 3        container        INITED      1          0        0        1       0       0","logger":"airflow.task.hooks.airflow.providers.standard.hooks.subprocess.SubprocessHook","filename":"subprocess.py","lineno":106}
{"timestamp":"2025-11-14T07:42:52.410467Z","level":"info","event":"Reducer 4        container        INITED      1          0        0        1       0       0","logger":"airflow.task.hooks.airflow.providers.standard.hooks.subprocess.SubprocessHook","filename":"subprocess.py","lineno":106}
{"timestamp":"2025-11-14T07:42:52.410551Z","level":"info","event":"Reducer 5        container        INITED      1          0        0        1       0       0","logger":"airflow.task.hooks.airflow.providers.standard.hooks.subprocess.SubprocessHook","filename":"subprocess.py","lineno":106}
{"timestamp":"2025-11-14T07:42:52.410668Z","level":"info","event":"\u001b[2K----------------------------------------------------------------------------------------------","logger":"airflow.task.hooks.airflow.providers.standard.hooks.subprocess.SubprocessHook","filename":"subprocess.py","lineno":106}
{"timestamp":"2025-11-14T07:42:52.410786Z","level":"info","event":"\u001b[2K\u001b[31;1mVERTICES: 00/05  [>>--------------------------] 0%    ELAPSED TIME: 5.78 s","logger":"airflow.task.hooks.airflow.providers.standard.hooks.subprocess.SubprocessHook","filename":"subprocess.py","lineno":106}
{"timestamp":"2025-11-14T07:42:52.410897Z","level":"info","event":"\u001b[22;0m\u001b[2K----------------------------------------------------------------------------------------------","logger":"airflow.task.hooks.airflow.providers.standard.hooks.subprocess.SubprocessHook","filename":"subprocess.py","lineno":106}
{"timestamp":"2025-11-14T07:42:53.413200Z","level":"info","event":"\u001b[11A\u001b[2K----------------------------------------------------------------------------------------------","logger":"airflow.task.hooks.airflow.providers.standard.hooks.subprocess.SubprocessHook","filename":"subprocess.py","lineno":106}
{"timestamp":"2025-11-14T07:42:53.413518Z","level":"info","event":"\u001b[2K\u001b[36;1m        VERTICES      MODE        STATUS  TOTAL  COMPLETED  RUNNING  PENDING  FAILED  KILLED","logger":"airflow.task.hooks.airflow.providers.standard.hooks.subprocess.SubprocessHook","filename":"subprocess.py","lineno":106}
{"timestamp":"2025-11-14T07:42:53.413680Z","level":"info","event":"\u001b[22;0m\u001b[2K----------------------------------------------------------------------------------------------","logger":"airflow.task.hooks.airflow.providers.standard.hooks.subprocess.SubprocessHook","filename":"subprocess.py","lineno":106}
{"timestamp":"2025-11-14T07:42:53.416113Z","level":"info","event":"\u001b[2KMap 1            container       RUNNING      1          0        1        0       0       0","logger":"airflow.task.hooks.airflow.providers.standard.hooks.subprocess.SubprocessHook","filename":"subprocess.py","lineno":106}
{"timestamp":"2025-11-14T07:42:53.416332Z","level":"info","event":"Map 2            container       RUNNING      1          0        1        0       0       0","logger":"airflow.task.hooks.airflow.providers.standard.hooks.subprocess.SubprocessHook","filename":"subprocess.py","lineno":106}
{"timestamp":"2025-11-14T07:42:53.416445Z","level":"info","event":"Reducer 3        container        INITED      1          0        0        1       0       0","logger":"airflow.task.hooks.airflow.providers.standard.hooks.subprocess.SubprocessHook","filename":"subprocess.py","lineno":106}
{"timestamp":"2025-11-14T07:42:53.416538Z","level":"info","event":"Reducer 4        container        INITED      1          0        0        1       0       0","logger":"airflow.task.hooks.airflow.providers.standard.hooks.subprocess.SubprocessHook","filename":"subprocess.py","lineno":106}
{"timestamp":"2025-11-14T07:42:53.416629Z","level":"info","event":"Reducer 5        container        INITED      1          0        0        1       0       0","logger":"airflow.task.hooks.airflow.providers.standard.hooks.subprocess.SubprocessHook","filename":"subprocess.py","lineno":106}
{"timestamp":"2025-11-14T07:42:53.416738Z","level":"info","event":"\u001b[2K----------------------------------------------------------------------------------------------","logger":"airflow.task.hooks.airflow.providers.standard.hooks.subprocess.SubprocessHook","filename":"subprocess.py","lineno":106}
{"timestamp":"2025-11-14T07:42:53.417628Z","level":"info","event":"\u001b[2K\u001b[31;1mVERTICES: 00/05  [>>--------------------------] 0%    ELAPSED TIME: 6.78 s","logger":"airflow.task.hooks.airflow.providers.standard.hooks.subprocess.SubprocessHook","filename":"subprocess.py","lineno":106}
{"timestamp":"2025-11-14T07:42:53.417807Z","level":"info","event":"\u001b[22;0m\u001b[2K----------------------------------------------------------------------------------------------","logger":"airflow.task.hooks.airflow.providers.standard.hooks.subprocess.SubprocessHook","filename":"subprocess.py","lineno":106}
{"timestamp":"2025-11-14T07:42:54.419637Z","level":"info","event":"\u001b[11A\u001b[2K----------------------------------------------------------------------------------------------","logger":"airflow.task.hooks.airflow.providers.standard.hooks.subprocess.SubprocessHook","filename":"subprocess.py","lineno":106}
{"timestamp":"2025-11-14T07:42:54.420034Z","level":"info","event":"\u001b[2K\u001b[36;1m        VERTICES      MODE        STATUS  TOTAL  COMPLETED  RUNNING  PENDING  FAILED  KILLED","logger":"airflow.task.hooks.airflow.providers.standard.hooks.subprocess.SubprocessHook","filename":"subprocess.py","lineno":106}
{"timestamp":"2025-11-14T07:42:54.420160Z","level":"info","event":"\u001b[22;0m\u001b[2K----------------------------------------------------------------------------------------------","logger":"airflow.task.hooks.airflow.providers.standard.hooks.subprocess.SubprocessHook","filename":"subprocess.py","lineno":106}
{"timestamp":"2025-11-14T07:42:54.421062Z","level":"info","event":"\u001b[2KMap 1            container       RUNNING      1          0        1        0       0       0","logger":"airflow.task.hooks.airflow.providers.standard.hooks.subprocess.SubprocessHook","filename":"subprocess.py","lineno":106}
{"timestamp":"2025-11-14T07:42:54.421209Z","level":"info","event":"Map 2            container       RUNNING      1          0        1        0       0       0","logger":"airflow.task.hooks.airflow.providers.standard.hooks.subprocess.SubprocessHook","filename":"subprocess.py","lineno":106}
{"timestamp":"2025-11-14T07:42:54.421331Z","level":"info","event":"Reducer 3        container        INITED      1          0        0        1       0       0","logger":"airflow.task.hooks.airflow.providers.standard.hooks.subprocess.SubprocessHook","filename":"subprocess.py","lineno":106}
{"timestamp":"2025-11-14T07:42:54.421445Z","level":"info","event":"Reducer 4        container        INITED      1          0        0        1       0       0","logger":"airflow.task.hooks.airflow.providers.standard.hooks.subprocess.SubprocessHook","filename":"subprocess.py","lineno":106}
{"timestamp":"2025-11-14T07:42:54.421570Z","level":"info","event":"Reducer 5        container        INITED      1          0        0        1       0       0","logger":"airflow.task.hooks.airflow.providers.standard.hooks.subprocess.SubprocessHook","filename":"subprocess.py","lineno":106}
{"timestamp":"2025-11-14T07:42:54.421698Z","level":"info","event":"\u001b[2K----------------------------------------------------------------------------------------------","logger":"airflow.task.hooks.airflow.providers.standard.hooks.subprocess.SubprocessHook","filename":"subprocess.py","lineno":106}
{"timestamp":"2025-11-14T07:42:54.421821Z","level":"info","event":"\u001b[2K\u001b[31;1mVERTICES: 00/05  [>>--------------------------] 0%    ELAPSED TIME: 7.79 s","logger":"airflow.task.hooks.airflow.providers.standard.hooks.subprocess.SubprocessHook","filename":"subprocess.py","lineno":106}
{"timestamp":"2025-11-14T07:42:54.421936Z","level":"info","event":"\u001b[22;0m\u001b[2K----------------------------------------------------------------------------------------------","logger":"airflow.task.hooks.airflow.providers.standard.hooks.subprocess.SubprocessHook","filename":"subprocess.py","lineno":106}
{"timestamp":"2025-11-14T07:42:55.423273Z","level":"info","event":"\u001b[11A\u001b[2K----------------------------------------------------------------------------------------------","logger":"airflow.task.hooks.airflow.providers.standard.hooks.subprocess.SubprocessHook","filename":"subprocess.py","lineno":106}
{"timestamp":"2025-11-14T07:42:55.423509Z","level":"info","event":"\u001b[2K\u001b[36;1m        VERTICES      MODE        STATUS  TOTAL  COMPLETED  RUNNING  PENDING  FAILED  KILLED","logger":"airflow.task.hooks.airflow.providers.standard.hooks.subprocess.SubprocessHook","filename":"subprocess.py","lineno":106}
{"timestamp":"2025-11-14T07:42:55.423591Z","level":"info","event":"\u001b[22;0m\u001b[2K----------------------------------------------------------------------------------------------","logger":"airflow.task.hooks.airflow.providers.standard.hooks.subprocess.SubprocessHook","filename":"subprocess.py","lineno":106}
{"timestamp":"2025-11-14T07:42:55.423923Z","level":"info","event":"\u001b[2KMap 1            container       RUNNING      1          0        1        0       0       0","logger":"airflow.task.hooks.airflow.providers.standard.hooks.subprocess.SubprocessHook","filename":"subprocess.py","lineno":106}
{"timestamp":"2025-11-14T07:42:55.424031Z","level":"info","event":"Map 2            container       RUNNING      1          0        1        0       0       0","logger":"airflow.task.hooks.airflow.providers.standard.hooks.subprocess.SubprocessHook","filename":"subprocess.py","lineno":106}
{"timestamp":"2025-11-14T07:42:55.424104Z","level":"info","event":"Reducer 3        container        INITED      1          0        0        1       0       0","logger":"airflow.task.hooks.airflow.providers.standard.hooks.subprocess.SubprocessHook","filename":"subprocess.py","lineno":106}
{"timestamp":"2025-11-14T07:42:55.424171Z","level":"info","event":"Reducer 4        container        INITED      1          0        0        1       0       0","logger":"airflow.task.hooks.airflow.providers.standard.hooks.subprocess.SubprocessHook","filename":"subprocess.py","lineno":106}
{"timestamp":"2025-11-14T07:42:55.424236Z","level":"info","event":"Reducer 5        container        INITED      1          0        0        1       0       0","logger":"airflow.task.hooks.airflow.providers.standard.hooks.subprocess.SubprocessHook","filename":"subprocess.py","lineno":106}
{"timestamp":"2025-11-14T07:42:55.424306Z","level":"info","event":"\u001b[2K----------------------------------------------------------------------------------------------","logger":"airflow.task.hooks.airflow.providers.standard.hooks.subprocess.SubprocessHook","filename":"subprocess.py","lineno":106}
{"timestamp":"2025-11-14T07:42:55.424393Z","level":"info","event":"\u001b[2K\u001b[31;1mVERTICES: 00/05  [>>--------------------------] 0%    ELAPSED TIME: 8.79 s","logger":"airflow.task.hooks.airflow.providers.standard.hooks.subprocess.SubprocessHook","filename":"subprocess.py","lineno":106}
{"timestamp":"2025-11-14T07:42:55.424456Z","level":"info","event":"\u001b[22;0m\u001b[2K----------------------------------------------------------------------------------------------","logger":"airflow.task.hooks.airflow.providers.standard.hooks.subprocess.SubprocessHook","filename":"subprocess.py","lineno":106}
{"timestamp":"2025-11-14T07:42:56.426409Z","level":"info","event":"\u001b[11A\u001b[2K----------------------------------------------------------------------------------------------","logger":"airflow.task.hooks.airflow.providers.standard.hooks.subprocess.SubprocessHook","filename":"subprocess.py","lineno":106}
{"timestamp":"2025-11-14T07:42:56.426664Z","level":"info","event":"\u001b[2K\u001b[36;1m        VERTICES      MODE        STATUS  TOTAL  COMPLETED  RUNNING  PENDING  FAILED  KILLED","logger":"airflow.task.hooks.airflow.providers.standard.hooks.subprocess.SubprocessHook","filename":"subprocess.py","lineno":106}
{"timestamp":"2025-11-14T07:42:56.426737Z","level":"info","event":"\u001b[22;0m\u001b[2K----------------------------------------------------------------------------------------------","logger":"airflow.task.hooks.airflow.providers.standard.hooks.subprocess.SubprocessHook","filename":"subprocess.py","lineno":106}
{"timestamp":"2025-11-14T07:42:56.427403Z","level":"info","event":"\u001b[2KMap 1 .......... container     SUCCEEDED      1          1        0        0       0       0","logger":"airflow.task.hooks.airflow.providers.standard.hooks.subprocess.SubprocessHook","filename":"subprocess.py","lineno":106}
{"timestamp":"2025-11-14T07:42:56.427513Z","level":"info","event":"Map 2            container       RUNNING      1          0        1        0       0       0","logger":"airflow.task.hooks.airflow.providers.standard.hooks.subprocess.SubprocessHook","filename":"subprocess.py","lineno":106}
{"timestamp":"2025-11-14T07:42:56.427592Z","level":"info","event":"Reducer 3        container        INITED      1          0        0        1       0       0","logger":"airflow.task.hooks.airflow.providers.standard.hooks.subprocess.SubprocessHook","filename":"subprocess.py","lineno":106}
{"timestamp":"2025-11-14T07:42:56.427661Z","level":"info","event":"Reducer 4        container        INITED      1          0        0        1       0       0","logger":"airflow.task.hooks.airflow.providers.standard.hooks.subprocess.SubprocessHook","filename":"subprocess.py","lineno":106}
{"timestamp":"2025-11-14T07:42:56.427735Z","level":"info","event":"Reducer 5        container        INITED      1          0        0        1       0       0","logger":"airflow.task.hooks.airflow.providers.standard.hooks.subprocess.SubprocessHook","filename":"subprocess.py","lineno":106}
{"timestamp":"2025-11-14T07:42:56.427818Z","level":"info","event":"\u001b[2K----------------------------------------------------------------------------------------------","logger":"airflow.task.hooks.airflow.providers.standard.hooks.subprocess.SubprocessHook","filename":"subprocess.py","lineno":106}
{"timestamp":"2025-11-14T07:42:56.427888Z","level":"info","event":"\u001b[2K\u001b[31;1mVERTICES: 01/05  [=====>>---------------------] 20%   ELAPSED TIME: 9.80 s","logger":"airflow.task.hooks.airflow.providers.standard.hooks.subprocess.SubprocessHook","filename":"subprocess.py","lineno":106}
{"timestamp":"2025-11-14T07:42:56.427951Z","level":"info","event":"\u001b[22;0m\u001b[2K----------------------------------------------------------------------------------------------","logger":"airflow.task.hooks.airflow.providers.standard.hooks.subprocess.SubprocessHook","filename":"subprocess.py","lineno":106}
{"timestamp":"2025-11-14T07:42:57.429883Z","level":"info","event":"\u001b[11A\u001b[2K----------------------------------------------------------------------------------------------","logger":"airflow.task.hooks.airflow.providers.standard.hooks.subprocess.SubprocessHook","filename":"subprocess.py","lineno":106}
{"timestamp":"2025-11-14T07:42:57.430120Z","level":"info","event":"\u001b[2K\u001b[36;1m        VERTICES      MODE        STATUS  TOTAL  COMPLETED  RUNNING  PENDING  FAILED  KILLED","logger":"airflow.task.hooks.airflow.providers.standard.hooks.subprocess.SubprocessHook","filename":"subprocess.py","lineno":106}
{"timestamp":"2025-11-14T07:42:57.430215Z","level":"info","event":"\u001b[22;0m\u001b[2K----------------------------------------------------------------------------------------------","logger":"airflow.task.hooks.airflow.providers.standard.hooks.subprocess.SubprocessHook","filename":"subprocess.py","lineno":106}
{"timestamp":"2025-11-14T07:42:57.430563Z","level":"info","event":"\u001b[2KMap 1 .......... container     SUCCEEDED      1          1        0        0       0       0","logger":"airflow.task.hooks.airflow.providers.standard.hooks.subprocess.SubprocessHook","filename":"subprocess.py","lineno":106}
{"timestamp":"2025-11-14T07:42:57.430676Z","level":"info","event":"Map 2 .......... container     SUCCEEDED      1          1        0        0       0       0","logger":"airflow.task.hooks.airflow.providers.standard.hooks.subprocess.SubprocessHook","filename":"subprocess.py","lineno":106}
{"timestamp":"2025-11-14T07:42:57.430772Z","level":"info","event":"Reducer 3        container       RUNNING      1          0        1        0       0       0","logger":"airflow.task.hooks.airflow.providers.standard.hooks.subprocess.SubprocessHook","filename":"subprocess.py","lineno":106}
{"timestamp":"2025-11-14T07:42:57.430841Z","level":"info","event":"Reducer 4        container        INITED      1          0        0        1       0       0","logger":"airflow.task.hooks.airflow.providers.standard.hooks.subprocess.SubprocessHook","filename":"subprocess.py","lineno":106}
{"timestamp":"2025-11-14T07:42:57.430915Z","level":"info","event":"Reducer 5        container        INITED      1          0        0        1       0       0","logger":"airflow.task.hooks.airflow.providers.standard.hooks.subprocess.SubprocessHook","filename":"subprocess.py","lineno":106}
{"timestamp":"2025-11-14T07:42:57.431012Z","level":"info","event":"\u001b[2K----------------------------------------------------------------------------------------------","logger":"airflow.task.hooks.airflow.providers.standard.hooks.subprocess.SubprocessHook","filename":"subprocess.py","lineno":106}
{"timestamp":"2025-11-14T07:42:57.431099Z","level":"info","event":"\u001b[2K\u001b[31;1mVERTICES: 02/05  [==========>>----------------] 40%   ELAPSED TIME: 10.80 s","logger":"airflow.task.hooks.airflow.providers.standard.hooks.subprocess.SubprocessHook","filename":"subprocess.py","lineno":106}
{"timestamp":"2025-11-14T07:42:57.431179Z","level":"info","event":"\u001b[22;0m\u001b[2K----------------------------------------------------------------------------------------------","logger":"airflow.task.hooks.airflow.providers.standard.hooks.subprocess.SubprocessHook","filename":"subprocess.py","lineno":106}
{"timestamp":"2025-11-14T07:42:58.648000Z","level":"info","event":"\u001b[11A\u001b[2K----------------------------------------------------------------------------------------------","logger":"airflow.task.hooks.airflow.providers.standard.hooks.subprocess.SubprocessHook","filename":"subprocess.py","lineno":106}
{"timestamp":"2025-11-14T07:42:58.648215Z","level":"info","event":"\u001b[2K\u001b[36;1m        VERTICES      MODE        STATUS  TOTAL  COMPLETED  RUNNING  PENDING  FAILED  KILLED","logger":"airflow.task.hooks.airflow.providers.standard.hooks.subprocess.SubprocessHook","filename":"subprocess.py","lineno":106}
{"timestamp":"2025-11-14T07:42:58.648279Z","level":"info","event":"\u001b[22;0m\u001b[2K----------------------------------------------------------------------------------------------","logger":"airflow.task.hooks.airflow.providers.standard.hooks.subprocess.SubprocessHook","filename":"subprocess.py","lineno":106}
{"timestamp":"2025-11-14T07:42:58.648368Z","level":"info","event":"\u001b[2KMap 1 .......... container     SUCCEEDED      1          1        0        0       0       0","logger":"airflow.task.hooks.airflow.providers.standard.hooks.subprocess.SubprocessHook","filename":"subprocess.py","lineno":106}
{"timestamp":"2025-11-14T07:42:58.648422Z","level":"info","event":"Map 2 .......... container     SUCCEEDED      1          1        0        0       0       0","logger":"airflow.task.hooks.airflow.providers.standard.hooks.subprocess.SubprocessHook","filename":"subprocess.py","lineno":106}
{"timestamp":"2025-11-14T07:42:58.648465Z","level":"info","event":"Reducer 3 ...... container     SUCCEEDED      1          1        0        0       0       0","logger":"airflow.task.hooks.airflow.providers.standard.hooks.subprocess.SubprocessHook","filename":"subprocess.py","lineno":106}
{"timestamp":"2025-11-14T07:42:58.648527Z","level":"info","event":"Reducer 4 ...... container     SUCCEEDED      1          1        0        0       0       0","logger":"airflow.task.hooks.airflow.providers.standard.hooks.subprocess.SubprocessHook","filename":"subprocess.py","lineno":106}
{"timestamp":"2025-11-14T07:42:58.648565Z","level":"info","event":"Reducer 5 ...... container     SUCCEEDED      1          1        0        0       0       0","logger":"airflow.task.hooks.airflow.providers.standard.hooks.subprocess.SubprocessHook","filename":"subprocess.py","lineno":106}
{"timestamp":"2025-11-14T07:42:58.648619Z","level":"info","event":"\u001b[2K----------------------------------------------------------------------------------------------","logger":"airflow.task.hooks.airflow.providers.standard.hooks.subprocess.SubprocessHook","filename":"subprocess.py","lineno":106}
{"timestamp":"2025-11-14T07:42:58.648668Z","level":"info","event":"\u001b[2K\u001b[31;1mVERTICES: 05/05  [==========================>>] 100%  ELAPSED TIME: 12.02 s","logger":"airflow.task.hooks.airflow.providers.standard.hooks.subprocess.SubprocessHook","filename":"subprocess.py","lineno":106}
{"timestamp":"2025-11-14T07:42:58.648704Z","level":"info","event":"\u001b[22;0m\u001b[2K----------------------------------------------------------------------------------------------","logger":"airflow.task.hooks.airflow.providers.standard.hooks.subprocess.SubprocessHook","filename":"subprocess.py","lineno":106}
{"timestamp":"2025-11-14T07:42:58.649764Z","level":"info","event":"INFO  : Starting task [Stage-2:DEPENDENCY_COLLECTION] in serial mode","logger":"airflow.task.hooks.airflow.providers.standard.hooks.subprocess.SubprocessHook","filename":"subprocess.py","lineno":106}
{"timestamp":"2025-11-14T07:42:58.649849Z","level":"info","event":"INFO  : Starting task [Stage-0:MOVE] in serial mode","logger":"airflow.task.hooks.airflow.providers.standard.hooks.subprocess.SubprocessHook","filename":"subprocess.py","lineno":106}
{"timestamp":"2025-11-14T07:42:58.649904Z","level":"info","event":"INFO  : Loading data to table default.cuisines_ranked from hdfs://master:8020/project1/output6/.hive-staging_hive_2025-11-14_07-42-36_942_7432492865308039953-1/-ext-10000","logger":"airflow.task.hooks.airflow.providers.standard.hooks.subprocess.SubprocessHook","filename":"subprocess.py","lineno":106}
{"timestamp":"2025-11-14T07:42:58.650007Z","level":"info","event":"INFO  : Time taken to move files:\t 0 ms","logger":"airflow.task.hooks.airflow.providers.standard.hooks.subprocess.SubprocessHook","filename":"subprocess.py","lineno":106}
{"timestamp":"2025-11-14T07:42:58.650101Z","level":"info","event":"INFO  : Starting task [Stage-3:STATS] in serial mode","logger":"airflow.task.hooks.airflow.providers.standard.hooks.subprocess.SubprocessHook","filename":"subprocess.py","lineno":106}
{"timestamp":"2025-11-14T07:42:58.650186Z","level":"info","event":"INFO  : Executing stats task","logger":"airflow.task.hooks.airflow.providers.standard.hooks.subprocess.SubprocessHook","filename":"subprocess.py","lineno":106}
{"timestamp":"2025-11-14T07:42:58.650292Z","level":"info","event":"INFO  : Table default.cuisines_ranked stats: [numFiles=1, numRows=193, totalSize=22396, rawDataSize=0, numFilesErasureCoded=0]","logger":"airflow.task.hooks.airflow.providers.standard.hooks.subprocess.SubprocessHook","filename":"subprocess.py","lineno":106}
{"timestamp":"2025-11-14T07:42:58.650386Z","level":"info","event":"INFO  : StatsTask took 421","logger":"airflow.task.hooks.airflow.providers.standard.hooks.subprocess.SubprocessHook","filename":"subprocess.py","lineno":106}
{"timestamp":"2025-11-14T07:42:58.650472Z","level":"info","event":"INFO  : Completed executing command(queryId=hadoop_20251114074236_6a202257-e1d1-4f21-8afa-5f92d439175f); Time taken: 20.5 seconds","logger":"airflow.task.hooks.airflow.providers.standard.hooks.subprocess.SubprocessHook","filename":"subprocess.py","lineno":106}
{"timestamp":"2025-11-14T07:42:58.652028Z","level":"info","event":"\u001b[11A\u001b[2K----------------------------------------------------------------------------------------------","logger":"airflow.task.hooks.airflow.providers.standard.hooks.subprocess.SubprocessHook","filename":"subprocess.py","lineno":106}
{"timestamp":"2025-11-14T07:42:58.652175Z","level":"info","event":"\u001b[2K\u001b[36;1m        VERTICES      MODE        STATUS  TOTAL  COMPLETED  RUNNING  PENDING  FAILED  KILLED","logger":"airflow.task.hooks.airflow.providers.standard.hooks.subprocess.SubprocessHook","filename":"subprocess.py","lineno":106}
{"timestamp":"2025-11-14T07:42:58.652282Z","level":"info","event":"\u001b[22;0m\u001b[2K----------------------------------------------------------------------------------------------","logger":"airflow.task.hooks.airflow.providers.standard.hooks.subprocess.SubprocessHook","filename":"subprocess.py","lineno":106}
{"timestamp":"2025-11-14T07:42:58.652463Z","level":"info","event":"\u001b[2KMap 1 .......... container     SUCCEEDED      1          1        0        0       0       0","logger":"airflow.task.hooks.airflow.providers.standard.hooks.subprocess.SubprocessHook","filename":"subprocess.py","lineno":106}
{"timestamp":"2025-11-14T07:42:58.652577Z","level":"info","event":"Map 2 .......... container     SUCCEEDED      1          1        0        0       0       0","logger":"airflow.task.hooks.airflow.providers.standard.hooks.subprocess.SubprocessHook","filename":"subprocess.py","lineno":106}
{"timestamp":"2025-11-14T07:42:58.652667Z","level":"info","event":"Reducer 3 ...... container     SUCCEEDED      1          1        0        0       0       0","logger":"airflow.task.hooks.airflow.providers.standard.hooks.subprocess.SubprocessHook","filename":"subprocess.py","lineno":106}
{"timestamp":"2025-11-14T07:42:58.652750Z","level":"info","event":"Reducer 4 ...... container     SUCCEEDED      1          1        0        0       0       0","logger":"airflow.task.hooks.airflow.providers.standard.hooks.subprocess.SubprocessHook","filename":"subprocess.py","lineno":106}
{"timestamp":"2025-11-14T07:42:58.652852Z","level":"info","event":"Reducer 5 ...... container     SUCCEEDED      1          1        0        0       0       0","logger":"airflow.task.hooks.airflow.providers.standard.hooks.subprocess.SubprocessHook","filename":"subprocess.py","lineno":106}
{"timestamp":"2025-11-14T07:42:58.652948Z","level":"info","event":"\u001b[2K----------------------------------------------------------------------------------------------","logger":"airflow.task.hooks.airflow.providers.standard.hooks.subprocess.SubprocessHook","filename":"subprocess.py","lineno":106}
{"timestamp":"2025-11-14T07:42:58.653061Z","level":"info","event":"\u001b[2K\u001b[31;1mVERTICES: 05/05  [==========================>>] 100%  ELAPSED TIME: 12.02 s","logger":"airflow.task.hooks.airflow.providers.standard.hooks.subprocess.SubprocessHook","filename":"subprocess.py","lineno":106}
{"timestamp":"2025-11-14T07:42:58.653157Z","level":"info","event":"\u001b[22;0m\u001b[2K----------------------------------------------------------------------------------------------","logger":"airflow.task.hooks.airflow.providers.standard.hooks.subprocess.SubprocessHook","filename":"subprocess.py","lineno":106}
{"timestamp":"2025-11-14T07:42:58.653252Z","level":"info","event":"193 rows affected (21.714 seconds)","logger":"airflow.task.hooks.airflow.providers.standard.hooks.subprocess.SubprocessHook","filename":"subprocess.py","lineno":106}
{"timestamp":"2025-11-14T07:42:58.664952Z","level":"info","event":"0: jdbc:hive2://localhost:10000/default>","logger":"airflow.task.hooks.airflow.providers.standard.hooks.subprocess.SubprocessHook","filename":"subprocess.py","lineno":106}
{"timestamp":"2025-11-14T07:42:58.670326Z","level":"info","event":"0: jdbc:hive2://localhost:10000/default> select * from cuisines_ranked;","logger":"airflow.task.hooks.airflow.providers.standard.hooks.subprocess.SubprocessHook","filename":"subprocess.py","lineno":106}
{"timestamp":"2025-11-14T07:42:58.995579Z","level":"info","event":"INFO  : Compiling command(queryId=hadoop_20251114074258_d20bd5bb-3248-4049-ae5e-04c912076455): select * from cuisines_ranked","logger":"airflow.task.hooks.airflow.providers.standard.hooks.subprocess.SubprocessHook","filename":"subprocess.py","lineno":106}
{"timestamp":"2025-11-14T07:42:58.995786Z","level":"info","event":"INFO  : Semantic Analysis Completed (retrial = false)","logger":"airflow.task.hooks.airflow.providers.standard.hooks.subprocess.SubprocessHook","filename":"subprocess.py","lineno":106}
{"timestamp":"2025-11-14T07:42:58.995875Z","level":"info","event":"INFO  : Created Hive schema: Schema(fieldSchemas:[FieldSchema(name:cuisines_ranked.country, type:string, comment:null), FieldSchema(name:cuisines_ranked.cuisine, type:string, comment:null), FieldSchema(name:cuisines_ranked.total_orders, type:int, comment:null), FieldSchema(name:cuisines_ranked.avg_total_price, type:float, comment:null), FieldSchema(name:cuisines_ranked.rank_in_country, type:int, comment:null)], properties:null)","logger":"airflow.task.hooks.airflow.providers.standard.hooks.subprocess.SubprocessHook","filename":"subprocess.py","lineno":106}
{"timestamp":"2025-11-14T07:42:58.995955Z","level":"info","event":"INFO  : Completed compiling command(queryId=hadoop_20251114074258_d20bd5bb-3248-4049-ae5e-04c912076455); Time taken: 0.18 seconds","logger":"airflow.task.hooks.airflow.providers.standard.hooks.subprocess.SubprocessHook","filename":"subprocess.py","lineno":106}
{"timestamp":"2025-11-14T07:42:58.996049Z","level":"info","event":"INFO  : Executing command(queryId=hadoop_20251114074258_d20bd5bb-3248-4049-ae5e-04c912076455): select * from cuisines_ranked","logger":"airflow.task.hooks.airflow.providers.standard.hooks.subprocess.SubprocessHook","filename":"subprocess.py","lineno":106}
{"timestamp":"2025-11-14T07:42:58.996120Z","level":"info","event":"INFO  : Completed executing command(queryId=hadoop_20251114074258_d20bd5bb-3248-4049-ae5e-04c912076455); Time taken: 0.0 seconds","logger":"airflow.task.hooks.airflow.providers.standard.hooks.subprocess.SubprocessHook","filename":"subprocess.py","lineno":106}
{"timestamp":"2025-11-14T07:42:59.122789Z","level":"info","event":"+----------------------------------------------------+--------------------------+-------------------------------+----------------------------------+----------------------------------+","logger":"airflow.task.hooks.airflow.providers.standard.hooks.subprocess.SubprocessHook","filename":"subprocess.py","lineno":106}
{"timestamp":"2025-11-14T07:42:59.122953Z","level":"info","event":"|              cuisines_ranked.country               | cuisines_ranked.cuisine  | cuisines_ranked.total_orders  | cuisines_ranked.avg_total_price  | cuisines_ranked.rank_in_country  |","logger":"airflow.task.hooks.airflow.providers.standard.hooks.subprocess.SubprocessHook","filename":"subprocess.py","lineno":106}
{"timestamp":"2025-11-14T07:42:59.123032Z","level":"info","event":"+----------------------------------------------------+--------------------------+-------------------------------+----------------------------------+----------------------------------+","logger":"airflow.task.hooks.airflow.providers.standard.hooks.subprocess.SubprocessHook","filename":"subprocess.py","lineno":106}
{"timestamp":"2025-11-14T07:42:59.123085Z","level":"info","event":"| \"Algeria\"                                          | Chinese                  | 1277                          | 81.82                            | 1                                |","logger":"airflow.task.hooks.airflow.providers.standard.hooks.subprocess.SubprocessHook","filename":"subprocess.py","lineno":106}
{"timestamp":"2025-11-14T07:42:59.123338Z","level":"info","event":"| \"Andorra\"                                          | Mexican                  | 1262                          | 83.183334                        | 1                                |","logger":"airflow.task.hooks.airflow.providers.standard.hooks.subprocess.SubprocessHook","filename":"subprocess.py","lineno":106}
{"timestamp":"2025-11-14T07:42:59.123479Z","level":"info","event":"| \"Andorra\"                                          | Italian                  | 1229                          | 90.46                            | 2                                |","logger":"airflow.task.hooks.airflow.providers.standard.hooks.subprocess.SubprocessHook","filename":"subprocess.py","lineno":106}
{"timestamp":"2025-11-14T07:42:59.124134Z","level":"info","event":"| \"Andorra\"                                          | Japanese                 | 1139                          | 79.62666                         | 3                                |","logger":"airflow.task.hooks.airflow.providers.standard.hooks.subprocess.SubprocessHook","filename":"subprocess.py","lineno":106}
{"timestamp":"2025-11-14T07:42:59.124222Z","level":"info","event":"| \"Angola\"                                           | Italian                  | 1400                          | 95.35667                         | 1                                |","logger":"airflow.task.hooks.airflow.providers.standard.hooks.subprocess.SubprocessHook","filename":"subprocess.py","lineno":106}
{"timestamp":"2025-11-14T07:42:59.124330Z","level":"info","event":"| \"Angola\"                                           | American                 | 1203                          | 83.083336                        | 2                                |","logger":"airflow.task.hooks.airflow.providers.standard.hooks.subprocess.SubprocessHook","filename":"subprocess.py","lineno":106}
{"timestamp":"2025-11-14T07:42:59.124401Z","level":"info","event":"| \"Angola\"                                           | Chinese                  | 1175                          | 85.98334                         | 3                                |","logger":"airflow.task.hooks.airflow.providers.standard.hooks.subprocess.SubprocessHook","filename":"subprocess.py","lineno":106}
{"timestamp":"2025-11-14T07:42:59.124453Z","level":"info","event":"| \"Anguilla\"                                         | Polish                   | 1326                          | 90.253334                        | 1                                |","logger":"airflow.task.hooks.airflow.providers.standard.hooks.subprocess.SubprocessHook","filename":"subprocess.py","lineno":106}
{"timestamp":"2025-11-14T07:42:59.124505Z","level":"info","event":"| \"Argentina\"                                        | Greek                    | 1163                          | 84.85333                         | 1                                |","logger":"airflow.task.hooks.airflow.providers.standard.hooks.subprocess.SubprocessHook","filename":"subprocess.py","lineno":106}
{"timestamp":"2025-11-14T07:42:59.124548Z","level":"info","event":"| \"Bahamas\"                                          | Thai                     | 1509                          | 90.91                            | 1                                |","logger":"airflow.task.hooks.airflow.providers.standard.hooks.subprocess.SubprocessHook","filename":"subprocess.py","lineno":106}
{"timestamp":"2025-11-14T07:42:59.124596Z","level":"info","event":"| \"Barbados\"                                         | Indian                   | 1201                          | 89.81                            | 1                                |","logger":"airflow.task.hooks.airflow.providers.standard.hooks.subprocess.SubprocessHook","filename":"subprocess.py","lineno":106}
{"timestamp":"2025-11-14T07:42:59.124652Z","level":"info","event":"| \"Barbados\"                                         | Italian                  | 1201                          | 83.863335                        | 1                                |","logger":"airflow.task.hooks.airflow.providers.standard.hooks.subprocess.SubprocessHook","filename":"subprocess.py","lineno":106}
{"timestamp":"2025-11-14T07:42:59.124772Z","level":"info","event":"| \"Belgium\"                                          | Italian                  | 1159                          | 88.95333                         | 1                                |","logger":"airflow.task.hooks.airflow.providers.standard.hooks.subprocess.SubprocessHook","filename":"subprocess.py","lineno":106}
{"timestamp":"2025-11-14T07:42:59.125030Z","level":"info","event":"| \"Belize\"                                           | Chinese                  | 1183                          | 81.583336                        | 1                                |","logger":"airflow.task.hooks.airflow.providers.standard.hooks.subprocess.SubprocessHook","filename":"subprocess.py","lineno":106}
{"timestamp":"2025-11-14T07:42:59.125142Z","level":"info","event":"| \"Bhutan\"                                           | Polish                   | 1395                          | 101.84334                        | 1                                |","logger":"airflow.task.hooks.airflow.providers.standard.hooks.subprocess.SubprocessHook","filename":"subprocess.py","lineno":106}
{"timestamp":"2025-11-14T07:42:59.125299Z","level":"info","event":"| \"Bhutan\"                                           | Japanese                 | 1223                          | 86.44666                         | 2                                |","logger":"airflow.task.hooks.airflow.providers.standard.hooks.subprocess.SubprocessHook","filename":"subprocess.py","lineno":106}
{"timestamp":"2025-11-14T07:42:59.125395Z","level":"info","event":"| \"Bolivia\"                                          | Italian                  | 1305                          | 90.12334                         | 1                                |","logger":"airflow.task.hooks.airflow.providers.standard.hooks.subprocess.SubprocessHook","filename":"subprocess.py","lineno":106}
{"timestamp":"2025-11-14T07:42:59.125479Z","level":"info","event":"| \"Bosnia and Herzegovina\"                           | Greek                    | 1413                          | 87.67                            | 1                                |","logger":"airflow.task.hooks.airflow.providers.standard.hooks.subprocess.SubprocessHook","filename":"subprocess.py","lineno":106}
{"timestamp":"2025-11-14T07:42:59.125566Z","level":"info","event":"| \"Bosnia and Herzegovina\"                           | American                 | 1154                          | 84.42667                         | 2                                |","logger":"airflow.task.hooks.airflow.providers.standard.hooks.subprocess.SubprocessHook","filename":"subprocess.py","lineno":106}
{"timestamp":"2025-11-14T07:42:59.125646Z","level":"info","event":"| \"Botswana\"                                         | Japanese                 | 1314                          | 88.28667                         | 1                                |","logger":"airflow.task.hooks.airflow.providers.standard.hooks.subprocess.SubprocessHook","filename":"subprocess.py","lineno":106}
{"timestamp":"2025-11-14T07:42:59.125726Z","level":"info","event":"| \"Brazil\"                                           | Indian                   | 1177                          | 87.973335                        | 1                                |","logger":"airflow.task.hooks.airflow.providers.standard.hooks.subprocess.SubprocessHook","filename":"subprocess.py","lineno":106}
{"timestamp":"2025-11-14T07:42:59.125809Z","level":"info","event":"| \"Brazil\"                                           | Japanese                 | 1140                          | 91.49333                         | 2                                |","logger":"airflow.task.hooks.airflow.providers.standard.hooks.subprocess.SubprocessHook","filename":"subprocess.py","lineno":106}
{"timestamp":"2025-11-14T07:42:59.125882Z","level":"info","event":"| \"British Indian Ocean Territory (Chagos Archipelago)\" | Chinese                  | 1400                          | 86.793335                        | 1                                |","logger":"airflow.task.hooks.airflow.providers.standard.hooks.subprocess.SubprocessHook","filename":"subprocess.py","lineno":106}
{"timestamp":"2025-11-14T07:42:59.125963Z","level":"info","event":"| \"British Indian Ocean Territory (Chagos Archipelago)\" | Japanese                 | 1222                          | 93.136665                        | 2                                |","logger":"airflow.task.hooks.airflow.providers.standard.hooks.subprocess.SubprocessHook","filename":"subprocess.py","lineno":106}
{"timestamp":"2025-11-14T07:42:59.126059Z","level":"info","event":"| \"Brunei Darussalam\"                                | Chinese                  | 1249                          | 81.17                            | 1                                |","logger":"airflow.task.hooks.airflow.providers.standard.hooks.subprocess.SubprocessHook","filename":"subprocess.py","lineno":106}
{"timestamp":"2025-11-14T07:42:59.126137Z","level":"info","event":"| \"Burkina Faso\"                                     | Greek                    | 1297                          | 91.43                            | 1                                |","logger":"airflow.task.hooks.airflow.providers.standard.hooks.subprocess.SubprocessHook","filename":"subprocess.py","lineno":106}
{"timestamp":"2025-11-14T07:42:59.126211Z","level":"info","event":"| \"Burundi\"                                          | Chinese                  | 1314                          | 87.47                            | 1                                |","logger":"airflow.task.hooks.airflow.providers.standard.hooks.subprocess.SubprocessHook","filename":"subprocess.py","lineno":106}
{"timestamp":"2025-11-14T07:42:59.126292Z","level":"info","event":"| \"Cameroon\"                                         | Chinese                  | 1222                          | 90.21                            | 1                                |","logger":"airflow.task.hooks.airflow.providers.standard.hooks.subprocess.SubprocessHook","filename":"subprocess.py","lineno":106}
{"timestamp":"2025-11-14T07:42:59.126367Z","level":"info","event":"| \"Cameroon\"                                         | American                 | 1197                          | 90.84333                         | 2                                |","logger":"airflow.task.hooks.airflow.providers.standard.hooks.subprocess.SubprocessHook","filename":"subprocess.py","lineno":106}
{"timestamp":"2025-11-14T07:42:59.126434Z","level":"info","event":"| \"Canada\"                                           | French                   | 1330                          | 87.270004                        | 1                                |","logger":"airflow.task.hooks.airflow.providers.standard.hooks.subprocess.SubprocessHook","filename":"subprocess.py","lineno":106}
{"timestamp":"2025-11-14T07:42:59.126516Z","level":"info","event":"| \"Central African Republic\"                         | American                 | 1386                          | 88.12333                         | 1                                |","logger":"airflow.task.hooks.airflow.providers.standard.hooks.subprocess.SubprocessHook","filename":"subprocess.py","lineno":106}
{"timestamp":"2025-11-14T07:42:59.126586Z","level":"info","event":"| \"Central African Republic\"                         | Thai                     | 1193                          | 86.40667                         | 2                                |","logger":"airflow.task.hooks.airflow.providers.standard.hooks.subprocess.SubprocessHook","filename":"subprocess.py","lineno":106}
{"timestamp":"2025-11-14T07:42:59.126654Z","level":"info","event":"| \"Christmas Island\"                                 | Indian                   | 1187                          | 89.996666                        | 1                                |","logger":"airflow.task.hooks.airflow.providers.standard.hooks.subprocess.SubprocessHook","filename":"subprocess.py","lineno":106}
{"timestamp":"2025-11-14T07:42:59.126727Z","level":"info","event":"| \"Colombia\"                                         | American                 | 1261                          | 89.32333                         | 1                                |","logger":"airflow.task.hooks.airflow.providers.standard.hooks.subprocess.SubprocessHook","filename":"subprocess.py","lineno":106}
{"timestamp":"2025-11-14T07:42:59.126793Z","level":"info","event":"| \"Congo\"                                            | Greek                    | 1499                          | 91.39333                         | 1                                |","logger":"airflow.task.hooks.airflow.providers.standard.hooks.subprocess.SubprocessHook","filename":"subprocess.py","lineno":106}
{"timestamp":"2025-11-14T07:42:59.126875Z","level":"info","event":"| \"Costa Rica\"                                       | Mexican                  | 1376                          | 88.17333                         | 1                                |","logger":"airflow.task.hooks.airflow.providers.standard.hooks.subprocess.SubprocessHook","filename":"subprocess.py","lineno":106}
{"timestamp":"2025-11-14T07:42:59.126949Z","level":"info","event":"| \"Cote d'Ivoire\"                                    | Chinese                  | 1342                          | 85.25                            | 1                                |","logger":"airflow.task.hooks.airflow.providers.standard.hooks.subprocess.SubprocessHook","filename":"subprocess.py","lineno":106}
{"timestamp":"2025-11-14T07:42:59.127035Z","level":"info","event":"| \"Cote d'Ivoire\"                                    | French                   | 1137                          | 83.16333                         | 2                                |","logger":"airflow.task.hooks.airflow.providers.standard.hooks.subprocess.SubprocessHook","filename":"subprocess.py","lineno":106}
{"timestamp":"2025-11-14T07:42:59.127107Z","level":"info","event":"| \"Croatia\"                                          | Indian                   | 1262                          | 84.153336                        | 1                                |","logger":"airflow.task.hooks.airflow.providers.standard.hooks.subprocess.SubprocessHook","filename":"subprocess.py","lineno":106}
{"timestamp":"2025-11-14T07:42:59.127181Z","level":"info","event":"| \"Cuba\"                                             | Greek                    | 2583                          | 87.865                           | 1                                |","logger":"airflow.task.hooks.airflow.providers.standard.hooks.subprocess.SubprocessHook","filename":"subprocess.py","lineno":106}
{"timestamp":"2025-11-14T07:42:59.127249Z","level":"info","event":"| \"Czech Republic\"                                   | Indian                   | 1327                          | 89.28                            | 1                                |","logger":"airflow.task.hooks.airflow.providers.standard.hooks.subprocess.SubprocessHook","filename":"subprocess.py","lineno":106}
{"timestamp":"2025-11-14T07:42:59.127331Z","level":"info","event":"| \"Democratic People's Republic of Korea\"            | Chinese                  | 1249                          | 89.84333                         | 1                                |","logger":"airflow.task.hooks.airflow.providers.standard.hooks.subprocess.SubprocessHook","filename":"subprocess.py","lineno":106}
{"timestamp":"2025-11-14T07:42:59.127406Z","level":"info","event":"| \"Djibouti\"                                         | Polish                   | 1180                          | 83.04                            | 1                                |","logger":"airflow.task.hooks.airflow.providers.standard.hooks.subprocess.SubprocessHook","filename":"subprocess.py","lineno":106}
{"timestamp":"2025-11-14T07:42:59.127478Z","level":"info","event":"| \"Djibouti\"                                         | Mexican                  | 1123                          | 86.47667                         | 2                                |","logger":"airflow.task.hooks.airflow.providers.standard.hooks.subprocess.SubprocessHook","filename":"subprocess.py","lineno":106}
{"timestamp":"2025-11-14T07:42:59.127548Z","level":"info","event":"| \"Dominica\"                                         | Polish                   | 1337                          | 84.82333                         | 1                                |","logger":"airflow.task.hooks.airflow.providers.standard.hooks.subprocess.SubprocessHook","filename":"subprocess.py","lineno":106}
{"timestamp":"2025-11-14T07:42:59.127620Z","level":"info","event":"| \"Dominica\"                                         | French                   | 1161                          | 83.4                             | 2                                |","logger":"airflow.task.hooks.airflow.providers.standard.hooks.subprocess.SubprocessHook","filename":"subprocess.py","lineno":106}
{"timestamp":"2025-11-14T07:42:59.127689Z","level":"info","event":"| \"Dominican Republic\"                               | American                 | 1181                          | 87.013336                        | 1                                |","logger":"airflow.task.hooks.airflow.providers.standard.hooks.subprocess.SubprocessHook","filename":"subprocess.py","lineno":106}
{"timestamp":"2025-11-14T07:42:59.127757Z","level":"info","event":"| \"Ecuador\"                                          | Indian                   | 2277                          | 84.916664                        | 1                                |","logger":"airflow.task.hooks.airflow.providers.standard.hooks.subprocess.SubprocessHook","filename":"subprocess.py","lineno":106}
{"timestamp":"2025-11-14T07:42:59.127831Z","level":"info","event":"| \"Egypt\"                                            | Mexican                  | 1199                          | 88.67                            | 1                                |","logger":"airflow.task.hooks.airflow.providers.standard.hooks.subprocess.SubprocessHook","filename":"subprocess.py","lineno":106}
{"timestamp":"2025-11-14T07:42:59.127899Z","level":"info","event":"| \"El Salvador\"                                      | Japanese                 | 1322                          | 85.33667                         | 1                                |","logger":"airflow.task.hooks.airflow.providers.standard.hooks.subprocess.SubprocessHook","filename":"subprocess.py","lineno":106}
{"timestamp":"2025-11-14T07:42:59.127975Z","level":"info","event":"| \"Equatorial Guinea\"                                | Mexican                  | 1203                          | 89.67667                         | 1                                |","logger":"airflow.task.hooks.airflow.providers.standard.hooks.subprocess.SubprocessHook","filename":"subprocess.py","lineno":106}
{"timestamp":"2025-11-14T07:42:59.128064Z","level":"info","event":"| \"Eritrea\"                                          | Japanese                 | 1205                          | 88.55667                         | 1                                |","logger":"airflow.task.hooks.airflow.providers.standard.hooks.subprocess.SubprocessHook","filename":"subprocess.py","lineno":106}
{"timestamp":"2025-11-14T07:42:59.128142Z","level":"info","event":"| \"Estonia\"                                          | Polish                   | 1158                          | 82.35667                         | 1                                |","logger":"airflow.task.hooks.airflow.providers.standard.hooks.subprocess.SubprocessHook","filename":"subprocess.py","lineno":106}
{"timestamp":"2025-11-14T07:42:59.128216Z","level":"info","event":"| \"Ethiopia\"                                         | French                   | 1243                          | 85.89                            | 1                                |","logger":"airflow.task.hooks.airflow.providers.standard.hooks.subprocess.SubprocessHook","filename":"subprocess.py","lineno":106}
{"timestamp":"2025-11-14T07:42:59.128286Z","level":"info","event":"| \"Falkland Islands (Malvinas)\"                      | Thai                     | 1150                          | 92.863335                        | 1                                |","logger":"airflow.task.hooks.airflow.providers.standard.hooks.subprocess.SubprocessHook","filename":"subprocess.py","lineno":106}
{"timestamp":"2025-11-14T07:42:59.128356Z","level":"info","event":"| \"Finland\"                                          | Mexican                  | 1261                          | 89.613335                        | 1                                |","logger":"airflow.task.hooks.airflow.providers.standard.hooks.subprocess.SubprocessHook","filename":"subprocess.py","lineno":106}
{"timestamp":"2025-11-14T07:42:59.128426Z","level":"info","event":"| \"France\"                                           | Mexican                  | 1062                          | 80.1                             | 1                                |","logger":"airflow.task.hooks.airflow.providers.standard.hooks.subprocess.SubprocessHook","filename":"subprocess.py","lineno":106}
{"timestamp":"2025-11-14T07:42:59.128502Z","level":"info","event":"| \"French Polynesia\"                                 | French                   | 1245                          | 84.74                            | 1                                |","logger":"airflow.task.hooks.airflow.providers.standard.hooks.subprocess.SubprocessHook","filename":"subprocess.py","lineno":106}
{"timestamp":"2025-11-14T07:42:59.128566Z","level":"info","event":"| \"French Southern Territories\"                      | Mexican                  | 1284                          | 90.47667                         | 1                                |","logger":"airflow.task.hooks.airflow.providers.standard.hooks.subprocess.SubprocessHook","filename":"subprocess.py","lineno":106}
{"timestamp":"2025-11-14T07:42:59.128636Z","level":"info","event":"| \"French Southern Territories\"                      | French                   | 1128                          | 78.13333                         | 2                                |","logger":"airflow.task.hooks.airflow.providers.standard.hooks.subprocess.SubprocessHook","filename":"subprocess.py","lineno":106}
{"timestamp":"2025-11-14T07:42:59.128709Z","level":"info","event":"| \"Gambia\"                                           | Mexican                  | 1277                          | 90.346664                        | 1                                |","logger":"airflow.task.hooks.airflow.providers.standard.hooks.subprocess.SubprocessHook","filename":"subprocess.py","lineno":106}
{"timestamp":"2025-11-14T07:42:59.128778Z","level":"info","event":"| \"Gambia\"                                           | Japanese                 | 1139                          | 89.956665                        | 2                                |","logger":"airflow.task.hooks.airflow.providers.standard.hooks.subprocess.SubprocessHook","filename":"subprocess.py","lineno":106}
{"timestamp":"2025-11-14T07:42:59.128849Z","level":"info","event":"| \"Gambia\"                                           | American                 | 1124                          | 89.82                            | 3                                |","logger":"airflow.task.hooks.airflow.providers.standard.hooks.subprocess.SubprocessHook","filename":"subprocess.py","lineno":106}
{"timestamp":"2025-11-14T07:42:59.128920Z","level":"info","event":"| \"Georgia\"                                          | Italian                  | 2513                          | 87.69                            | 1                                |","logger":"airflow.task.hooks.airflow.providers.standard.hooks.subprocess.SubprocessHook","filename":"subprocess.py","lineno":106}
{"timestamp":"2025-11-14T07:42:59.129003Z","level":"info","event":"| \"Germany\"                                          | American                 | 1365                          | 92.46667                         | 1                                |","logger":"airflow.task.hooks.airflow.providers.standard.hooks.subprocess.SubprocessHook","filename":"subprocess.py","lineno":106}
{"timestamp":"2025-11-14T07:42:59.129079Z","level":"info","event":"| \"Germany\"                                          | Greek                    | 1152                          | 86.49333                         | 2                                |","logger":"airflow.task.hooks.airflow.providers.standard.hooks.subprocess.SubprocessHook","filename":"subprocess.py","lineno":106}
{"timestamp":"2025-11-14T07:42:59.129147Z","level":"info","event":"| \"Ghana\"                                            | Thai                     | 1337                          | 94.47667                         | 1                                |","logger":"airflow.task.hooks.airflow.providers.standard.hooks.subprocess.SubprocessHook","filename":"subprocess.py","lineno":106}
{"timestamp":"2025-11-14T07:42:59.129220Z","level":"info","event":"| \"Greece\"                                           | Japanese                 | 1318                          | 88.933334                        | 1                                |","logger":"airflow.task.hooks.airflow.providers.standard.hooks.subprocess.SubprocessHook","filename":"subprocess.py","lineno":106}
{"timestamp":"2025-11-14T07:42:59.129293Z","level":"info","event":"| \"Guadeloupe\"                                       | American                 | 1320                          | 93.276665                        | 1                                |","logger":"airflow.task.hooks.airflow.providers.standard.hooks.subprocess.SubprocessHook","filename":"subprocess.py","lineno":106}
{"timestamp":"2025-11-14T07:42:59.129365Z","level":"info","event":"| \"Guatemala\"                                        | American                 | 1184                          | 87.706665                        | 1                                |","logger":"airflow.task.hooks.airflow.providers.standard.hooks.subprocess.SubprocessHook","filename":"subprocess.py","lineno":106}
{"timestamp":"2025-11-14T07:42:59.129439Z","level":"info","event":"| \"Guinea\"                                           | Italian                  | 1298                          | 92.18                            | 1                                |","logger":"airflow.task.hooks.airflow.providers.standard.hooks.subprocess.SubprocessHook","filename":"subprocess.py","lineno":106}
{"timestamp":"2025-11-14T07:42:59.129508Z","level":"info","event":"| \"Haiti\"                                            | French                   | 1235                          | 86.60667                         | 1                                |","logger":"airflow.task.hooks.airflow.providers.standard.hooks.subprocess.SubprocessHook","filename":"subprocess.py","lineno":106}
{"timestamp":"2025-11-14T07:42:59.129573Z","level":"info","event":"| \"Heard Island and McDonald Islands\"                | American                 | 1260                          | 88.64333                         | 1                                |","logger":"airflow.task.hooks.airflow.providers.standard.hooks.subprocess.SubprocessHook","filename":"subprocess.py","lineno":106}
{"timestamp":"2025-11-14T07:42:59.129641Z","level":"info","event":"| \"Holy See (Vatican City State)\"                    | American                 | 1215                          | 88.979996                        | 1                                |","logger":"airflow.task.hooks.airflow.providers.standard.hooks.subprocess.SubprocessHook","filename":"subprocess.py","lineno":106}
{"timestamp":"2025-11-14T07:42:59.129728Z","level":"info","event":"| \"Honduras\"                                         | Thai                     | 1359                          | 98.246666                        | 1                                |","logger":"airflow.task.hooks.airflow.providers.standard.hooks.subprocess.SubprocessHook","filename":"subprocess.py","lineno":106}
{"timestamp":"2025-11-14T07:42:59.129802Z","level":"info","event":"| \"Honduras\"                                         | Italian                  | 1317                          | 89.14                            | 2                                |","logger":"airflow.task.hooks.airflow.providers.standard.hooks.subprocess.SubprocessHook","filename":"subprocess.py","lineno":106}
{"timestamp":"2025-11-14T07:42:59.129872Z","level":"info","event":"| \"Hong Kong\"                                        | Chinese                  | 1265                          | 91.61667                         | 1                                |","logger":"airflow.task.hooks.airflow.providers.standard.hooks.subprocess.SubprocessHook","filename":"subprocess.py","lineno":106}
{"timestamp":"2025-11-14T07:42:59.129944Z","level":"info","event":"| \"India\"                                            | French                   | 1169                          | 82.456665                        | 1                                |","logger":"airflow.task.hooks.airflow.providers.standard.hooks.subprocess.SubprocessHook","filename":"subprocess.py","lineno":106}
{"timestamp":"2025-11-14T07:42:59.130029Z","level":"info","event":"| \"India\"                                            | Italian                  | 1086                          | 93.55334                         | 2                                |","logger":"airflow.task.hooks.airflow.providers.standard.hooks.subprocess.SubprocessHook","filename":"subprocess.py","lineno":106}
{"timestamp":"2025-11-14T07:42:59.130101Z","level":"info","event":"| \"Isle of Man\"                                      | Japanese                 | 1169                          | 86.096664                        | 1                                |","logger":"airflow.task.hooks.airflow.providers.standard.hooks.subprocess.SubprocessHook","filename":"subprocess.py","lineno":106}
{"timestamp":"2025-11-14T07:42:59.130174Z","level":"info","event":"| \"Israel\"                                           | French                   | 1297                          | 96.079994                        | 1                                |","logger":"airflow.task.hooks.airflow.providers.standard.hooks.subprocess.SubprocessHook","filename":"subprocess.py","lineno":106}
{"timestamp":"2025-11-14T07:42:59.130243Z","level":"info","event":"| \"Jamaica\"                                          | Polish                   | 1362                          | 89.566666                        | 1                                |","logger":"airflow.task.hooks.airflow.providers.standard.hooks.subprocess.SubprocessHook","filename":"subprocess.py","lineno":106}
{"timestamp":"2025-11-14T07:42:59.130314Z","level":"info","event":"| \"Jordan\"                                           | Mexican                  | 1326                          | 82.52333                         | 1                                |","logger":"airflow.task.hooks.airflow.providers.standard.hooks.subprocess.SubprocessHook","filename":"subprocess.py","lineno":106}
{"timestamp":"2025-11-14T07:42:59.130386Z","level":"info","event":"| \"Jordan\"                                           | French                   | 1243                          | 88.246666                        | 2                                |","logger":"airflow.task.hooks.airflow.providers.standard.hooks.subprocess.SubprocessHook","filename":"subprocess.py","lineno":106}
{"timestamp":"2025-11-14T07:42:59.130457Z","level":"info","event":"| \"Kazakhstan\"                                       | Polish                   | 1315                          | 84.87                            | 1                                |","logger":"airflow.task.hooks.airflow.providers.standard.hooks.subprocess.SubprocessHook","filename":"subprocess.py","lineno":106}
{"timestamp":"2025-11-14T07:42:59.130531Z","level":"info","event":"| \"Kiribati\"                                         | Italian                  | 1224                          | 84.60667                         | 1                                |","logger":"airflow.task.hooks.airflow.providers.standard.hooks.subprocess.SubprocessHook","filename":"subprocess.py","lineno":106}
{"timestamp":"2025-11-14T07:42:59.130605Z","level":"info","event":"| \"Kuwait\"                                           | American                 | 1288                          | 95.66                            | 1                                |","logger":"airflow.task.hooks.airflow.providers.standard.hooks.subprocess.SubprocessHook","filename":"subprocess.py","lineno":106}
{"timestamp":"2025-11-14T07:42:59.130675Z","level":"info","event":"| \"Kuwait\"                                           | Polish                   | 1274                          | 90.46667                         | 2                                |","logger":"airflow.task.hooks.airflow.providers.standard.hooks.subprocess.SubprocessHook","filename":"subprocess.py","lineno":106}
{"timestamp":"2025-11-14T07:42:59.130748Z","level":"info","event":"| \"Libyan Arab Jamahiriya\"                           | Japanese                 | 1332                          | 82.45                            | 1                                |","logger":"airflow.task.hooks.airflow.providers.standard.hooks.subprocess.SubprocessHook","filename":"subprocess.py","lineno":106}
{"timestamp":"2025-11-14T07:42:59.130819Z","level":"info","event":"| \"Lithuania\"                                        | Mexican                  | 1395                          | 89.80334                         | 1                                |","logger":"airflow.task.hooks.airflow.providers.standard.hooks.subprocess.SubprocessHook","filename":"subprocess.py","lineno":106}
{"timestamp":"2025-11-14T07:42:59.130900Z","level":"info","event":"| \"Luxembourg\"                                       | Chinese                  | 1266                          | 92.566666                        | 1                                |","logger":"airflow.task.hooks.airflow.providers.standard.hooks.subprocess.SubprocessHook","filename":"subprocess.py","lineno":106}
{"timestamp":"2025-11-14T07:42:59.130970Z","level":"info","event":"| \"Madagascar\"                                       | American                 | 1295                          | 87.24333                         | 1                                |","logger":"airflow.task.hooks.airflow.providers.standard.hooks.subprocess.SubprocessHook","filename":"subprocess.py","lineno":106}
{"timestamp":"2025-11-14T07:42:59.131067Z","level":"info","event":"| \"Malawi\"                                           | Greek                    | 1212                          | 85.57                            | 1                                |","logger":"airflow.task.hooks.airflow.providers.standard.hooks.subprocess.SubprocessHook","filename":"subprocess.py","lineno":106}
{"timestamp":"2025-11-14T07:42:59.131139Z","level":"info","event":"| \"Malawi\"                                           | Thai                     | 1179                          | 89.0                             | 2                                |","logger":"airflow.task.hooks.airflow.providers.standard.hooks.subprocess.SubprocessHook","filename":"subprocess.py","lineno":106}
{"timestamp":"2025-11-14T07:42:59.131208Z","level":"info","event":"| \"Malaysia\"                                         | Chinese                  | 1370                          | 89.67333                         | 1                                |","logger":"airflow.task.hooks.airflow.providers.standard.hooks.subprocess.SubprocessHook","filename":"subprocess.py","lineno":106}
{"timestamp":"2025-11-14T07:42:59.131282Z","level":"info","event":"| \"Maldives\"                                         | Polish                   | 1168                          | 89.97667                         | 1                                |","logger":"airflow.task.hooks.airflow.providers.standard.hooks.subprocess.SubprocessHook","filename":"subprocess.py","lineno":106}
{"timestamp":"2025-11-14T07:42:59.131359Z","level":"info","event":"| \"Marshall Islands\"                                 | American                 | 1170                          | 87.996666                        | 1                                |","logger":"airflow.task.hooks.airflow.providers.standard.hooks.subprocess.SubprocessHook","filename":"subprocess.py","lineno":106}
{"timestamp":"2025-11-14T07:42:59.131428Z","level":"info","event":"| \"Martinique\"                                       | American                 | 1199                          | 79.99                            | 1                                |","logger":"airflow.task.hooks.airflow.providers.standard.hooks.subprocess.SubprocessHook","filename":"subprocess.py","lineno":106}
{"timestamp":"2025-11-14T07:42:59.131499Z","level":"info","event":"| \"Mauritania\"                                       | Polish                   | 1272                          | 87.14333                         | 1                                |","logger":"airflow.task.hooks.airflow.providers.standard.hooks.subprocess.SubprocessHook","filename":"subprocess.py","lineno":106}
{"timestamp":"2025-11-14T07:42:59.131561Z","level":"info","event":"| \"Mauritius\"                                        | American                 | 1229                          | 85.956665                        | 1                                |","logger":"airflow.task.hooks.airflow.providers.standard.hooks.subprocess.SubprocessHook","filename":"subprocess.py","lineno":106}
{"timestamp":"2025-11-14T07:42:59.131635Z","level":"info","event":"+----------------------------------------------------+--------------------------+-------------------------------+----------------------------------+----------------------------------+","logger":"airflow.task.hooks.airflow.providers.standard.hooks.subprocess.SubprocessHook","filename":"subprocess.py","lineno":106}
{"timestamp":"2025-11-14T07:42:59.131706Z","level":"info","event":"|              cuisines_ranked.country               | cuisines_ranked.cuisine  | cuisines_ranked.total_orders  | cuisines_ranked.avg_total_price  | cuisines_ranked.rank_in_country  |","logger":"airflow.task.hooks.airflow.providers.standard.hooks.subprocess.SubprocessHook","filename":"subprocess.py","lineno":106}
{"timestamp":"2025-11-14T07:42:59.131775Z","level":"info","event":"+----------------------------------------------------+--------------------------+-------------------------------+----------------------------------+----------------------------------+","logger":"airflow.task.hooks.airflow.providers.standard.hooks.subprocess.SubprocessHook","filename":"subprocess.py","lineno":106}
{"timestamp":"2025-11-14T07:42:59.131847Z","level":"info","event":"| \"Monaco\"                                           | Mexican                  | 1338                          | 93.096664                        | 1                                |","logger":"airflow.task.hooks.airflow.providers.standard.hooks.subprocess.SubprocessHook","filename":"subprocess.py","lineno":106}
{"timestamp":"2025-11-14T07:42:59.131915Z","level":"info","event":"| \"Mongolia\"                                         | Japanese                 | 1500                          | 92.99333                         | 1                                |","logger":"airflow.task.hooks.airflow.providers.standard.hooks.subprocess.SubprocessHook","filename":"subprocess.py","lineno":106}
{"timestamp":"2025-11-14T07:42:59.132003Z","level":"info","event":"| \"Mongolia\"                                         | American                 | 1389                          | 90.09334                         | 2                                |","logger":"airflow.task.hooks.airflow.providers.standard.hooks.subprocess.SubprocessHook","filename":"subprocess.py","lineno":106}
{"timestamp":"2025-11-14T07:42:59.132078Z","level":"info","event":"| \"Montserrat\"                                       | Italian                  | 1420                          | 96.22667                         | 1                                |","logger":"airflow.task.hooks.airflow.providers.standard.hooks.subprocess.SubprocessHook","filename":"subprocess.py","lineno":106}
{"timestamp":"2025-11-14T07:42:59.132145Z","level":"info","event":"| \"Montserrat\"                                       | French                   | 1309                          | 86.090004                        | 2                                |","logger":"airflow.task.hooks.airflow.providers.standard.hooks.subprocess.SubprocessHook","filename":"subprocess.py","lineno":106}
{"timestamp":"2025-11-14T07:42:59.132217Z","level":"info","event":"| \"Myanmar\"                                          | Japanese                 | 1131                          | 84.753334                        | 1                                |","logger":"airflow.task.hooks.airflow.providers.standard.hooks.subprocess.SubprocessHook","filename":"subprocess.py","lineno":106}
{"timestamp":"2025-11-14T07:42:59.132290Z","level":"info","event":"| \"Namibia\"                                          | Polish                   | 1173                          | 82.39333                         | 1                                |","logger":"airflow.task.hooks.airflow.providers.standard.hooks.subprocess.SubprocessHook","filename":"subprocess.py","lineno":106}
{"timestamp":"2025-11-14T07:42:59.132355Z","level":"info","event":"| \"Nepal\"                                            | Mexican                  | 1462                          | 92.933334                        | 1                                |","logger":"airflow.task.hooks.airflow.providers.standard.hooks.subprocess.SubprocessHook","filename":"subprocess.py","lineno":106}
{"timestamp":"2025-11-14T07:42:59.132426Z","level":"info","event":"| \"Nepal\"                                            | French                   | 1239                          | 84.89333                         | 2                                |","logger":"airflow.task.hooks.airflow.providers.standard.hooks.subprocess.SubprocessHook","filename":"subprocess.py","lineno":106}
{"timestamp":"2025-11-14T07:42:59.132492Z","level":"info","event":"| \"Nepal\"                                            | Italian                  | 1210                          | 87.043335                        | 3                                |","logger":"airflow.task.hooks.airflow.providers.standard.hooks.subprocess.SubprocessHook","filename":"subprocess.py","lineno":106}
{"timestamp":"2025-11-14T07:42:59.132556Z","level":"info","event":"| \"Nepal\"                                            | Indian                   | 1184                          | 91.246666                        | 4                                |","logger":"airflow.task.hooks.airflow.providers.standard.hooks.subprocess.SubprocessHook","filename":"subprocess.py","lineno":106}
{"timestamp":"2025-11-14T07:42:59.132625Z","level":"info","event":"| \"New Zealand\"                                      | Indian                   | 1189                          | 93.01                            | 1                                |","logger":"airflow.task.hooks.airflow.providers.standard.hooks.subprocess.SubprocessHook","filename":"subprocess.py","lineno":106}
{"timestamp":"2025-11-14T07:42:59.132693Z","level":"info","event":"| \"Niger\"                                            | Italian                  | 1205                          | 89.583336                        | 1                                |","logger":"airflow.task.hooks.airflow.providers.standard.hooks.subprocess.SubprocessHook","filename":"subprocess.py","lineno":106}
{"timestamp":"2025-11-14T07:42:59.132758Z","level":"info","event":"| \"Nigeria\"                                          | French                   | 1393                          | 89.5                             | 1                                |","logger":"airflow.task.hooks.airflow.providers.standard.hooks.subprocess.SubprocessHook","filename":"subprocess.py","lineno":106}
{"timestamp":"2025-11-14T07:42:59.132829Z","level":"info","event":"| \"Nigeria\"                                          | Chinese                  | 1356                          | 89.08                            | 2                                |","logger":"airflow.task.hooks.airflow.providers.standard.hooks.subprocess.SubprocessHook","filename":"subprocess.py","lineno":106}
{"timestamp":"2025-11-14T07:42:59.132911Z","level":"info","event":"| \"Nigeria\"                                          | Greek                    | 1286                          | 94.706665                        | 3                                |","logger":"airflow.task.hooks.airflow.providers.standard.hooks.subprocess.SubprocessHook","filename":"subprocess.py","lineno":106}
{"timestamp":"2025-11-14T07:42:59.132979Z","level":"info","event":"| \"Niue\"                                             | Polish                   | 1195                          | 87.863335                        | 1                                |","logger":"airflow.task.hooks.airflow.providers.standard.hooks.subprocess.SubprocessHook","filename":"subprocess.py","lineno":106}
{"timestamp":"2025-11-14T07:42:59.133072Z","level":"info","event":"| \"Norfolk Island\"                                   | Polish                   | 1237                          | 89.35                            | 1                                |","logger":"airflow.task.hooks.airflow.providers.standard.hooks.subprocess.SubprocessHook","filename":"subprocess.py","lineno":106}
{"timestamp":"2025-11-14T07:42:59.133146Z","level":"info","event":"| \"Norfolk Island\"                                   | Italian                  | 1210                          | 85.17333                         | 2                                |","logger":"airflow.task.hooks.airflow.providers.standard.hooks.subprocess.SubprocessHook","filename":"subprocess.py","lineno":106}
{"timestamp":"2025-11-14T07:42:59.133222Z","level":"info","event":"| \"Northern Mariana Islands\"                         | Thai                     | 1326                          | 85.003334                        | 1                                |","logger":"airflow.task.hooks.airflow.providers.standard.hooks.subprocess.SubprocessHook","filename":"subprocess.py","lineno":106}
{"timestamp":"2025-11-14T07:42:59.133292Z","level":"info","event":"| \"Northern Mariana Islands\"                         | Indian                   | 1283                          | 96.30334                         | 2                                |","logger":"airflow.task.hooks.airflow.providers.standard.hooks.subprocess.SubprocessHook","filename":"subprocess.py","lineno":106}
{"timestamp":"2025-11-14T07:42:59.133361Z","level":"info","event":"| \"Norway\"                                           | Chinese                  | 1206                          | 81.46333                         | 1                                |","logger":"airflow.task.hooks.airflow.providers.standard.hooks.subprocess.SubprocessHook","filename":"subprocess.py","lineno":106}
{"timestamp":"2025-11-14T07:42:59.133433Z","level":"info","event":"| \"Norway\"                                           | Japanese                 | 1145                          | 84.736664                        | 2                                |","logger":"airflow.task.hooks.airflow.providers.standard.hooks.subprocess.SubprocessHook","filename":"subprocess.py","lineno":106}
{"timestamp":"2025-11-14T07:42:59.133502Z","level":"info","event":"| \"Pakistan\"                                         | Japanese                 | 1241                          | 88.65667                         | 1                                |","logger":"airflow.task.hooks.airflow.providers.standard.hooks.subprocess.SubprocessHook","filename":"subprocess.py","lineno":106}
{"timestamp":"2025-11-14T07:42:59.133585Z","level":"info","event":"| \"Palestinian Territory\"                            | American                 | 1193                          | 83.78667                         | 1                                |","logger":"airflow.task.hooks.airflow.providers.standard.hooks.subprocess.SubprocessHook","filename":"subprocess.py","lineno":106}
{"timestamp":"2025-11-14T07:42:59.133660Z","level":"info","event":"| \"Papua New Guinea\"                                 | French                   | 1293                          | 89.81333                         | 1                                |","logger":"airflow.task.hooks.airflow.providers.standard.hooks.subprocess.SubprocessHook","filename":"subprocess.py","lineno":106}
{"timestamp":"2025-11-14T07:42:59.133730Z","level":"info","event":"| \"Paraguay\"                                         | French                   | 1328                          | 91.79667                         | 1                                |","logger":"airflow.task.hooks.airflow.providers.standard.hooks.subprocess.SubprocessHook","filename":"subprocess.py","lineno":106}
{"timestamp":"2025-11-14T07:42:59.133798Z","level":"info","event":"| \"Paraguay\"                                         | Greek                    | 1231                          | 86.03333                         | 2                                |","logger":"airflow.task.hooks.airflow.providers.standard.hooks.subprocess.SubprocessHook","filename":"subprocess.py","lineno":106}
{"timestamp":"2025-11-14T07:42:59.133870Z","level":"info","event":"| \"Paraguay\"                                         | Indian                   | 1046                          | 84.37                            | 3                                |","logger":"airflow.task.hooks.airflow.providers.standard.hooks.subprocess.SubprocessHook","filename":"subprocess.py","lineno":106}
{"timestamp":"2025-11-14T07:42:59.133941Z","level":"info","event":"| \"Peru\"                                             | Indian                   | 717                           | 85.935                           | 1                                |","logger":"airflow.task.hooks.airflow.providers.standard.hooks.subprocess.SubprocessHook","filename":"subprocess.py","lineno":106}
{"timestamp":"2025-11-14T07:42:59.134026Z","level":"info","event":"| \"Philippines\"                                      | Thai                     | 1253                          | 89.54                            | 1                                |","logger":"airflow.task.hooks.airflow.providers.standard.hooks.subprocess.SubprocessHook","filename":"subprocess.py","lineno":106}
{"timestamp":"2025-11-14T07:42:59.134103Z","level":"info","event":"| \"Pitcairn Islands\"                                 | Chinese                  | 1317                          | 88.746666                        | 1                                |","logger":"airflow.task.hooks.airflow.providers.standard.hooks.subprocess.SubprocessHook","filename":"subprocess.py","lineno":106}
{"timestamp":"2025-11-14T07:42:59.134173Z","level":"info","event":"| \"Pitcairn Islands\"                                 | Indian                   | 1258                          | 85.32                            | 2                                |","logger":"airflow.task.hooks.airflow.providers.standard.hooks.subprocess.SubprocessHook","filename":"subprocess.py","lineno":106}
{"timestamp":"2025-11-14T07:42:59.134239Z","level":"info","event":"| \"Reunion\"                                          | Greek                    | 1160                          | 85.43667                         | 1                                |","logger":"airflow.task.hooks.airflow.providers.standard.hooks.subprocess.SubprocessHook","filename":"subprocess.py","lineno":106}
{"timestamp":"2025-11-14T07:42:59.134310Z","level":"info","event":"| \"Romania\"                                          | Japanese                 | 1275                          | 85.066666                        | 1                                |","logger":"airflow.task.hooks.airflow.providers.standard.hooks.subprocess.SubprocessHook","filename":"subprocess.py","lineno":106}
{"timestamp":"2025-11-14T07:42:59.134375Z","level":"info","event":"| \"Russian Federation\"                               | Japanese                 | 1434                          | 89.16                            | 1                                |","logger":"airflow.task.hooks.airflow.providers.standard.hooks.subprocess.SubprocessHook","filename":"subprocess.py","lineno":106}
{"timestamp":"2025-11-14T07:42:59.134453Z","level":"info","event":"| \"Russian Federation\"                               | Chinese                  | 1291                          | 85.44                            | 2                                |","logger":"airflow.task.hooks.airflow.providers.standard.hooks.subprocess.SubprocessHook","filename":"subprocess.py","lineno":106}
{"timestamp":"2025-11-14T07:42:59.134524Z","level":"info","event":"| \"Russian Federation\"                               | Indian                   | 1275                          | 92.16333                         | 3                                |","logger":"airflow.task.hooks.airflow.providers.standard.hooks.subprocess.SubprocessHook","filename":"subprocess.py","lineno":106}
{"timestamp":"2025-11-14T07:42:59.134605Z","level":"info","event":"| \"Russian Federation\"                               | Greek                    | 1267                          | 90.64667                         | 4                                |","logger":"airflow.task.hooks.airflow.providers.standard.hooks.subprocess.SubprocessHook","filename":"subprocess.py","lineno":106}
{"timestamp":"2025-11-14T07:42:59.134683Z","level":"info","event":"| \"Rwanda\"                                           | Mexican                  | 1210                          | 88.39667                         | 1                                |","logger":"airflow.task.hooks.airflow.providers.standard.hooks.subprocess.SubprocessHook","filename":"subprocess.py","lineno":106}
{"timestamp":"2025-11-14T07:42:59.134750Z","level":"info","event":"| \"Rwanda\"                                           | Greek                    | 1148                          | 85.043335                        | 2                                |","logger":"airflow.task.hooks.airflow.providers.standard.hooks.subprocess.SubprocessHook","filename":"subprocess.py","lineno":106}
{"timestamp":"2025-11-14T07:42:59.134817Z","level":"info","event":"| \"Saint Helena\"                                     | Chinese                  | 1308                          | 91.70333                         | 1                                |","logger":"airflow.task.hooks.airflow.providers.standard.hooks.subprocess.SubprocessHook","filename":"subprocess.py","lineno":106}
{"timestamp":"2025-11-14T07:42:59.134889Z","level":"info","event":"| \"Saint Helena\"                                     | Indian                   | 1219                          | 90.363335                        | 2                                |","logger":"airflow.task.hooks.airflow.providers.standard.hooks.subprocess.SubprocessHook","filename":"subprocess.py","lineno":106}
{"timestamp":"2025-11-14T07:42:59.134967Z","level":"info","event":"| \"Saint Martin\"                                     | Chinese                  | 1146                          | 84.02                            | 1                                |","logger":"airflow.task.hooks.airflow.providers.standard.hooks.subprocess.SubprocessHook","filename":"subprocess.py","lineno":106}
{"timestamp":"2025-11-14T07:42:59.135060Z","level":"info","event":"| \"Saint Pierre and Miquelon\"                        | Japanese                 | 1259                          | 84.05666                         | 1                                |","logger":"airflow.task.hooks.airflow.providers.standard.hooks.subprocess.SubprocessHook","filename":"subprocess.py","lineno":106}
{"timestamp":"2025-11-14T07:42:59.135138Z","level":"info","event":"| \"Saint Pierre and Miquelon\"                        | Italian                  | 1257                          | 89.63333                         | 2                                |","logger":"airflow.task.hooks.airflow.providers.standard.hooks.subprocess.SubprocessHook","filename":"subprocess.py","lineno":106}
{"timestamp":"2025-11-14T07:42:59.135208Z","level":"info","event":"| \"Sao Tome and Principe\"                            | French                   | 1193                          | 83.69667                         | 1                                |","logger":"airflow.task.hooks.airflow.providers.standard.hooks.subprocess.SubprocessHook","filename":"subprocess.py","lineno":106}
{"timestamp":"2025-11-14T07:42:59.135275Z","level":"info","event":"| \"Senegal\"                                          | American                 | 1358                          | 88.24                            | 1                                |","logger":"airflow.task.hooks.airflow.providers.standard.hooks.subprocess.SubprocessHook","filename":"subprocess.py","lineno":106}
{"timestamp":"2025-11-14T07:42:59.135348Z","level":"info","event":"| \"Seychelles\"                                       | Japanese                 | 1394                          | 92.89333                         | 1                                |","logger":"airflow.task.hooks.airflow.providers.standard.hooks.subprocess.SubprocessHook","filename":"subprocess.py","lineno":106}
{"timestamp":"2025-11-14T07:42:59.135420Z","level":"info","event":"| \"Sierra Leone\"                                     | Greek                    | 1265                          | 85.253334                        | 1                                |","logger":"airflow.task.hooks.airflow.providers.standard.hooks.subprocess.SubprocessHook","filename":"subprocess.py","lineno":106}
{"timestamp":"2025-11-14T07:42:59.135488Z","level":"info","event":"| \"Sierra Leone\"                                     | French                   | 1211                          | 86.39                            | 2                                |","logger":"airflow.task.hooks.airflow.providers.standard.hooks.subprocess.SubprocessHook","filename":"subprocess.py","lineno":106}
{"timestamp":"2025-11-14T07:42:59.135559Z","level":"info","event":"| \"Slovenia\"                                         | Chinese                  | 1321                          | 80.090004                        | 1                                |","logger":"airflow.task.hooks.airflow.providers.standard.hooks.subprocess.SubprocessHook","filename":"subprocess.py","lineno":106}
{"timestamp":"2025-11-14T07:42:59.135625Z","level":"info","event":"| \"Slovenia\"                                         | Indian                   | 1210                          | 88.19666                         | 2                                |","logger":"airflow.task.hooks.airflow.providers.standard.hooks.subprocess.SubprocessHook","filename":"subprocess.py","lineno":106}
{"timestamp":"2025-11-14T07:42:59.135789Z","level":"info","event":"| \"Solomon Islands\"                                  | French                   | 1295                          | 97.84667                         | 1                                |","logger":"airflow.task.hooks.airflow.providers.standard.hooks.subprocess.SubprocessHook","filename":"subprocess.py","lineno":106}
{"timestamp":"2025-11-14T07:42:59.135880Z","level":"info","event":"| \"Somalia\"                                          | Greek                    | 1207                          | 87.846664                        | 1                                |","logger":"airflow.task.hooks.airflow.providers.standard.hooks.subprocess.SubprocessHook","filename":"subprocess.py","lineno":106}
{"timestamp":"2025-11-14T07:42:59.135952Z","level":"info","event":"| \"South Georgia and the South Sandwich Islands\"     | Thai                     | 1201                          | 92.293335                        | 1                                |","logger":"airflow.task.hooks.airflow.providers.standard.hooks.subprocess.SubprocessHook","filename":"subprocess.py","lineno":106}
{"timestamp":"2025-11-14T07:42:59.136073Z","level":"info","event":"| \"Spain\"                                            | Chinese                  | 1157                          | 86.97667                         | 1                                |","logger":"airflow.task.hooks.airflow.providers.standard.hooks.subprocess.SubprocessHook","filename":"subprocess.py","lineno":106}
{"timestamp":"2025-11-14T07:42:59.136146Z","level":"info","event":"| \"Sri Lanka\"                                        | Japanese                 | 761                           | 85.05                            | 1                                |","logger":"airflow.task.hooks.airflow.providers.standard.hooks.subprocess.SubprocessHook","filename":"subprocess.py","lineno":106}
{"timestamp":"2025-11-14T07:42:59.136214Z","level":"info","event":"| \"Suriname\"                                         | Greek                    | 1167                          | 84.51667                         | 1                                |","logger":"airflow.task.hooks.airflow.providers.standard.hooks.subprocess.SubprocessHook","filename":"subprocess.py","lineno":106}
{"timestamp":"2025-11-14T07:42:59.136286Z","level":"info","event":"| \"Swaziland\"                                        | Greek                    | 1424                          | 87.096664                        | 1                                |","logger":"airflow.task.hooks.airflow.providers.standard.hooks.subprocess.SubprocessHook","filename":"subprocess.py","lineno":106}
{"timestamp":"2025-11-14T07:42:59.136368Z","level":"info","event":"| \"Swaziland\"                                        | American                 | 1352                          | 88.96667                         | 2                                |","logger":"airflow.task.hooks.airflow.providers.standard.hooks.subprocess.SubprocessHook","filename":"subprocess.py","lineno":106}
{"timestamp":"2025-11-14T07:42:59.136440Z","level":"info","event":"| \"Sweden\"                                           | American                 | 1250                          | 86.38333                         | 1                                |","logger":"airflow.task.hooks.airflow.providers.standard.hooks.subprocess.SubprocessHook","filename":"subprocess.py","lineno":106}
{"timestamp":"2025-11-14T07:42:59.136515Z","level":"info","event":"| \"Switzerland\"                                      | French                   | 1266                          | 80.28                            | 1                                |","logger":"airflow.task.hooks.airflow.providers.standard.hooks.subprocess.SubprocessHook","filename":"subprocess.py","lineno":106}
{"timestamp":"2025-11-14T07:42:59.136583Z","level":"info","event":"| \"Taiwan\"                                           | Greek                    | 1179                          | 88.81                            | 1                                |","logger":"airflow.task.hooks.airflow.providers.standard.hooks.subprocess.SubprocessHook","filename":"subprocess.py","lineno":106}
{"timestamp":"2025-11-14T07:42:59.136657Z","level":"info","event":"| \"Tajikistan\"                                       | Thai                     | 1154                          | 83.81                            | 1                                |","logger":"airflow.task.hooks.airflow.providers.standard.hooks.subprocess.SubprocessHook","filename":"subprocess.py","lineno":106}
{"timestamp":"2025-11-14T07:42:59.136729Z","level":"info","event":"| \"Togo\"                                             | Chinese                  | 1311                          | 83.04                            | 1                                |","logger":"airflow.task.hooks.airflow.providers.standard.hooks.subprocess.SubprocessHook","filename":"subprocess.py","lineno":106}
{"timestamp":"2025-11-14T07:42:59.136800Z","level":"info","event":"| \"Tokelau\"                                          | American                 | 2496                          | 86.12666                         | 1                                |","logger":"airflow.task.hooks.airflow.providers.standard.hooks.subprocess.SubprocessHook","filename":"subprocess.py","lineno":106}
{"timestamp":"2025-11-14T07:42:59.136866Z","level":"info","event":"| \"Tokelau\"                                          | Chinese                  | 1292                          | 82.049995                        | 2                                |","logger":"airflow.task.hooks.airflow.providers.standard.hooks.subprocess.SubprocessHook","filename":"subprocess.py","lineno":106}
{"timestamp":"2025-11-14T07:42:59.136937Z","level":"info","event":"| \"Tonga\"                                            | Greek                    | 1381                          | 86.49333                         | 1                                |","logger":"airflow.task.hooks.airflow.providers.standard.hooks.subprocess.SubprocessHook","filename":"subprocess.py","lineno":106}
{"timestamp":"2025-11-14T07:42:59.137019Z","level":"info","event":"| \"Tonga\"                                            | Thai                     | 1250                          | 87.39                            | 2                                |","logger":"airflow.task.hooks.airflow.providers.standard.hooks.subprocess.SubprocessHook","filename":"subprocess.py","lineno":106}
{"timestamp":"2025-11-14T07:42:59.137095Z","level":"info","event":"| \"Trinidad and Tobago\"                              | Japanese                 | 1225                          | 87.333336                        | 1                                |","logger":"airflow.task.hooks.airflow.providers.standard.hooks.subprocess.SubprocessHook","filename":"subprocess.py","lineno":106}
{"timestamp":"2025-11-14T07:42:59.137164Z","level":"info","event":"| \"Turkey\"                                           | Japanese                 | 1303                          | 85.566666                        | 1                                |","logger":"airflow.task.hooks.airflow.providers.standard.hooks.subprocess.SubprocessHook","filename":"subprocess.py","lineno":106}
{"timestamp":"2025-11-14T07:42:59.137232Z","level":"info","event":"| \"Turks and Caicos Islands\"                         | Thai                     | 1295                          | 87.19667                         | 1                                |","logger":"airflow.task.hooks.airflow.providers.standard.hooks.subprocess.SubprocessHook","filename":"subprocess.py","lineno":106}
{"timestamp":"2025-11-14T07:42:59.137301Z","level":"info","event":"| \"Turks and Caicos Islands\"                         | Mexican                  | 1210                          | 87.62334                         | 2                                |","logger":"airflow.task.hooks.airflow.providers.standard.hooks.subprocess.SubprocessHook","filename":"subprocess.py","lineno":106}
{"timestamp":"2025-11-14T07:42:59.137367Z","level":"info","event":"| \"Tuvalu\"                                           | Greek                    | 1322                          | 86.346664                        | 1                                |","logger":"airflow.task.hooks.airflow.providers.standard.hooks.subprocess.SubprocessHook","filename":"subprocess.py","lineno":106}
{"timestamp":"2025-11-14T07:42:59.137441Z","level":"info","event":"| \"Tuvalu\"                                           | Polish                   | 1244                          | 86.33667                         | 2                                |","logger":"airflow.task.hooks.airflow.providers.standard.hooks.subprocess.SubprocessHook","filename":"subprocess.py","lineno":106}
{"timestamp":"2025-11-14T07:42:59.137508Z","level":"info","event":"| \"Tuvalu\"                                           | Japanese                 | 1167                          | 93.76                            | 3                                |","logger":"airflow.task.hooks.airflow.providers.standard.hooks.subprocess.SubprocessHook","filename":"subprocess.py","lineno":106}
{"timestamp":"2025-11-14T07:42:59.137572Z","level":"info","event":"| \"Tuvalu\"                                           | Italian                  | 1084                          | 82.30666                         | 4                                |","logger":"airflow.task.hooks.airflow.providers.standard.hooks.subprocess.SubprocessHook","filename":"subprocess.py","lineno":106}
{"timestamp":"2025-11-14T07:42:59.137641Z","level":"info","event":"| \"Ukraine\"                                          | Thai                     | 2286                          | 88.155                           | 1                                |","logger":"airflow.task.hooks.airflow.providers.standard.hooks.subprocess.SubprocessHook","filename":"subprocess.py","lineno":106}
{"timestamp":"2025-11-14T07:42:59.137706Z","level":"info","event":"| \"Ukraine\"                                          | Italian                  | 1363                          | 83.206665                        | 2                                |","logger":"airflow.task.hooks.airflow.providers.standard.hooks.subprocess.SubprocessHook","filename":"subprocess.py","lineno":106}
{"timestamp":"2025-11-14T07:42:59.137770Z","level":"info","event":"| \"United Kingdom\"                                   | American                 | 1218                          | 91.04                            | 1                                |","logger":"airflow.task.hooks.airflow.providers.standard.hooks.subprocess.SubprocessHook","filename":"subprocess.py","lineno":106}
{"timestamp":"2025-11-14T07:42:59.137838Z","level":"info","event":"| \"United States of America\"                         | Italian                  | 1363                          | 84.02333                         | 1                                |","logger":"airflow.task.hooks.airflow.providers.standard.hooks.subprocess.SubprocessHook","filename":"subprocess.py","lineno":106}
{"timestamp":"2025-11-14T07:42:59.137915Z","level":"info","event":"| \"United States of America\"                         | American                 | 1189                          | 88.05666                         | 2                                |","logger":"airflow.task.hooks.airflow.providers.standard.hooks.subprocess.SubprocessHook","filename":"subprocess.py","lineno":106}
{"timestamp":"2025-11-14T07:42:59.137986Z","level":"info","event":"| \"Uruguay\"                                          | Polish                   | 1379                          | 90.816666                        | 1                                |","logger":"airflow.task.hooks.airflow.providers.standard.hooks.subprocess.SubprocessHook","filename":"subprocess.py","lineno":106}
{"timestamp":"2025-11-14T07:42:59.138073Z","level":"info","event":"| \"Uruguay\"                                          | Indian                   | 1213                          | 80.636665                        | 2                                |","logger":"airflow.task.hooks.airflow.providers.standard.hooks.subprocess.SubprocessHook","filename":"subprocess.py","lineno":106}
{"timestamp":"2025-11-14T07:42:59.138138Z","level":"info","event":"| \"Uruguay\"                                          | French                   | 1143                          | 83.96                            | 3                                |","logger":"airflow.task.hooks.airflow.providers.standard.hooks.subprocess.SubprocessHook","filename":"subprocess.py","lineno":106}
{"timestamp":"2025-11-14T07:42:59.138207Z","level":"info","event":"| \"Venezuela\"                                        | Italian                  | 1094                          | 87.666664                        | 1                                |","logger":"airflow.task.hooks.airflow.providers.standard.hooks.subprocess.SubprocessHook","filename":"subprocess.py","lineno":106}
{"timestamp":"2025-11-14T07:42:59.138272Z","level":"info","event":"| \"Virgin Islands                                    |  U.S.\"                   | 2511                          | 85.80333                         | 1                                |","logger":"airflow.task.hooks.airflow.providers.standard.hooks.subprocess.SubprocessHook","filename":"subprocess.py","lineno":106}
{"timestamp":"2025-11-14T07:42:59.138354Z","level":"info","event":"| \"Wallis and Futuna\"                                | Italian                  | 1200                          | 83.91                            | 1                                |","logger":"airflow.task.hooks.airflow.providers.standard.hooks.subprocess.SubprocessHook","filename":"subprocess.py","lineno":106}
{"timestamp":"2025-11-14T07:42:59.138423Z","level":"info","event":"| \"Yemen\"                                            | French                   | 872                           | 89.354996                        | 1                                |","logger":"airflow.task.hooks.airflow.providers.standard.hooks.subprocess.SubprocessHook","filename":"subprocess.py","lineno":106}
{"timestamp":"2025-11-14T07:42:59.138502Z","level":"info","event":"| \"Zambia\"                                           | Polish                   | 1488                          | 90.346664                        | 1                                |","logger":"airflow.task.hooks.airflow.providers.standard.hooks.subprocess.SubprocessHook","filename":"subprocess.py","lineno":106}
{"timestamp":"2025-11-14T07:42:59.138572Z","level":"info","event":"| \"Zimbabwe\"                                         | Japanese                 | 1274                          | 100.01667                        | 1                                |","logger":"airflow.task.hooks.airflow.providers.standard.hooks.subprocess.SubprocessHook","filename":"subprocess.py","lineno":106}
{"timestamp":"2025-11-14T07:42:59.138639Z","level":"info","event":"| \"Zimbabwe\"                                         | American                 | 1118                          | 85.253334                        | 2                                |","logger":"airflow.task.hooks.airflow.providers.standard.hooks.subprocess.SubprocessHook","filename":"subprocess.py","lineno":106}
{"timestamp":"2025-11-14T07:42:59.138704Z","level":"info","event":"+----------------------------------------------------+--------------------------+-------------------------------+----------------------------------+----------------------------------+","logger":"airflow.task.hooks.airflow.providers.standard.hooks.subprocess.SubprocessHook","filename":"subprocess.py","lineno":106}
{"timestamp":"2025-11-14T07:42:59.138773Z","level":"info","event":"193 rows selected (0.463 seconds)","logger":"airflow.task.hooks.airflow.providers.standard.hooks.subprocess.SubprocessHook","filename":"subprocess.py","lineno":106}
{"timestamp":"2025-11-14T07:42:59.150887Z","level":"info","event":"0: jdbc:hive2://localhost:10000/default> Closing: 0: jdbc:hive2://localhost:10000/default","logger":"airflow.task.hooks.airflow.providers.standard.hooks.subprocess.SubprocessHook","filename":"subprocess.py","lineno":106}
{"timestamp":"2025-11-14T07:42:59.260382Z","level":"info","event":"Command exited with return code 0","logger":"airflow.task.hooks.airflow.providers.standard.hooks.subprocess.SubprocessHook","filename":"subprocess.py","lineno":110}
{"timestamp":"2025-11-14T07:42:59.261648Z","level":"info","event":"Pushing xcom","ti":"RuntimeTaskInstance(id=UUID('019a814f-643f-7588-a971-2474d14d8f4e'), task_id='hive', dag_id='project1-workflow', run_id='manual__2025-11-14T07:40:55.173338+00:00', try_number=1, dag_version_id=UUID('019a814e-814c-7e5f-a372-345f98ea7f8d'), map_index=-1, hostname='master', context_carrier={}, task=<Task(BashOperator): hive>, bundle_instance=LocalDagBundle(name=dags-folder), max_tries=0, start_date=datetime.datetime(2025, 11, 14, 7, 42, 26, 79838, tzinfo=datetime.timezone.utc), end_date=None, state=<TaskInstanceState.RUNNING: 'running'>, is_mapped=False, rendered_map_index=None)","logger":"task","filename":"task_runner.py","lineno":1352}
{"timestamp":"2025-11-14T07:42:59.324627Z","level":"info","event":"Task instance in success state","logger":"task.stdout"}
{"timestamp":"2025-11-14T07:42:59.324767Z","level":"info","event":" Previous state of the Task instance: TaskInstanceState.RUNNING","logger":"task.stdout"}
{"timestamp":"2025-11-14T07:42:59.330183Z","level":"info","event":"Task operator:<Task(BashOperator): hive>","logger":"task.stdout"}
